time_s,wall_time_s,cycle_period_s,compute_time_s,dt_s,state,fault_bits,fault_reason,message_age_s,input_timestamp_s,master_sequence,master_raw.position[0],master_raw.position[1],master_raw.position[2],master_raw.orientation_xyzw[0],master_raw.orientation_xyzw[1],master_raw.orientation_xyzw[2],master_raw.orientation_xyzw[3],master_filtered.position[0],master_filtered.position[1],master_filtered.position[2],master_filtered.orientation_xyzw[0],master_filtered.orientation_xyzw[1],master_filtered.orientation_xyzw[2],master_filtered.orientation_xyzw[3],mapped_flange.position[0],mapped_flange.position[1],mapped_flange.position[2],mapped_flange.orientation_xyzw[0],mapped_flange.orientation_xyzw[1],mapped_flange.orientation_xyzw[2],mapped_flange.orientation_xyzw[3],limited_flange.position[0],limited_flange.position[1],limited_flange.position[2],limited_flange.orientation_xyzw[0],limited_flange.orientation_xyzw[1],limited_flange.orientation_xyzw[2],limited_flange.orientation_xyzw[3],target_flange.position[0],target_flange.position[1],target_flange.position[2],target_flange.orientation_xyzw[0],target_flange.orientation_xyzw[1],target_flange.orientation_xyzw[2],target_flange.orientation_xyzw[3],actual_flange.position[0],actual_flange.position[1],actual_flange.position[2],actual_flange.orientation_xyzw[0],actual_flange.orientation_xyzw[1],actual_flange.orientation_xyzw[2],actual_flange.orientation_xyzw[3],true_flange.position[0],true_flange.position[1],true_flange.position[2],true_flange.orientation_xyzw[0],true_flange.orientation_xyzw[1],true_flange.orientation_xyzw[2],true_flange.orientation_xyzw[3],target_joints_rad[0],target_joints_rad[1],target_joints_rad[2],target_joints_rad[3],target_joints_rad[4],target_joints_rad[5],actual_joints_rad[0],actual_joints_rad[1],actual_joints_rad[2],actual_joints_rad[3],actual_joints_rad[4],actual_joints_rad[5],true_joints_rad[0],true_joints_rad[1],true_joints_rad[2],true_joints_rad[3],true_joints_rad[4],true_joints_rad[5],actual_joint_velocity_rad_s[0],actual_joint_velocity_rad_s[1],actual_joint_velocity_rad_s[2],actual_joint_velocity_rad_s[3],actual_joint_velocity_rad_s[4],actual_joint_velocity_rad_s[5],actual_joint_acceleration_rad_s2[0],actual_joint_acceleration_rad_s2[1],actual_joint_acceleration_rad_s2[2],actual_joint_acceleration_rad_s2[3],actual_joint_acceleration_rad_s2[4],actual_joint_acceleration_rad_s2[5],grasp,openrst_pitch_rad,openrst_yaw_rad,openrst_grasp,openrst_command_accepted,openrst_command_clipped,deadman,clutch,validity_flags,ik_attempted,ik_success,ik_time_s,ik_evaluations,ik_position_error_m,ik_orientation_error_rad,ik_message,command_accepted,feedback_available,feedback_age_s,safety_feedback_age_s,safety_feedback_fresh,joint_tracking_error_rad,safety_joint_tracking_error_rad,safety_stalled_joint_mask[0],safety_stalled_joint_mask[1],safety_stalled_joint_mask[2],safety_stalled_joint_mask[3],safety_stalled_joint_mask[4],safety_stalled_joint_mask[5],joint_target_scale,unreachable_target_injected,fatal_fault_injected,clear_fault_injected,position_error_m,orientation_error_rad,mapped_position_error_m,mapped_orientation_error_rad
1e-06,1786138787.4167693,1e-06,0.002514899999368936,1e-06,READY,0,waiting for deadman,0.0,1e-06,1,0.0,0.0,0.0,0.0,0.0,0.0,1.0,0.0,0.0,0.0,0.0,0.0,0.0,1.0,-0.016000000000000007,-0.22496149868535165,0.2802328425555495,-0.1305261922200515,0.0,0.0,0.9914448613738105,-0.016000000000000007,-0.22496149868535165,0.2802328425555495,-0.1305261922200515,0.0,0.0,0.9914448613738105,-0.016000000000000007,-0.22496149868535165,0.2802328425555495,-0.1305261922200515,0.0,0.0,0.9914448613738105,-0.016000000000000007,-0.22496149868535165,0.2802328425555495,-0.1305261922200515,0.0,0.0,0.9914448613738105,-0.016000000000000007,-0.22496149868535165,0.2802328425555495,-0.1305261922200515,0.0,0.0,0.9914448613738105,0.0,-0.5235987755982988,0.7853981633974483,0.0,0.5235987755982988,0.0,0.0,-0.5235987755982988,0.7853981633974483,0.0,0.5235987755982988,0.0,0.0,-0.5235987755982988,0.7853981633974483,0.0,0.5235987755982988,0.0,0.0,0.0,0.0,0.0,0.0,0.0,0.0,0.0,0.0,0.0,0.0,0.0,0.5,0.0,0.0,0.0,False,False,False,False,1,False,,0.0,0,,,,True,True,0.0,1e-06,True,0.0,0.0,False,False,False,False,False,False,1.0,False,False,False,0.0,0.0,0.0,0.0
0.01010979999375902,1786138787.4273322,0.010108799993759021,0.002966000000014901,0.010108799993759021,READY,0,waiting for deadman,0.0,0.01010979999375902,3,0.0,0.0,0.0,0.0,0.0,0.0,1.0,0.0,0.0,0.0,0.0,0.0,0.0,1.0,-0.016000000000000007,-0.22496149868535165,0.2802328425555495,-0.1305261922200515,0.0,0.0,0.9914448613738105,-0.016000000000000007,-0.22496149868535165,0.2802328425555495,-0.1305261922200515,0.0,0.0,0.9914448613738105,-0.016000000000000007,-0.22496149868535165,0.2802328425555495,-0.1305261922200515,0.0,0.0,0.9914448613738105,-0.016000000000000007,-0.22496149868535165,0.2802328425555495,-0.1305261922200515,0.0,0.0,0.9914448613738105,-0.016000000000000007,-0.22496149868535165,0.2802328425555495,-0.1305261922200515,0.0,0.0,0.9914448613738105,0.0,-0.5235987755982988,0.7853981633974483,0.0,0.5235987755982988,0.0,0.0,-0.5235987755982988,0.7853981633974483,0.0,0.5235987755982988,0.0,0.0,-0.5235987755982988,0.7853981633974483,0.0,0.5235987755982988,0.0,0.0,0.0,0.0,0.0,0.0,0.0,0.0,0.0,0.0,0.0,0.0,0.0,0.5,0.0,0.0,0.0,False,False,False,False,1,False,,0.0,0,,,,True,True,0.0,0.010108799993759021,True,0.0,0.0,False,False,False,False,False,False,1.0,False,False,False,0.0,0.0,0.0,0.0
0.02019249999250658,1786138787.4379082,0.010082699998747557,0.0034599000064190477,0.010082699998747557,READY,0,waiting for deadman,0.0,0.02019249999250658,4,0.0,0.0,0.0,0.0,0.0,0.0,1.0,0.0,0.0,0.0,0.0,0.0,0.0,1.0,-0.016000000000000007,-0.22496149868535165,0.2802328425555495,-0.1305261922200515,0.0,0.0,0.9914448613738105,-0.016000000000000007,-0.22496149868535165,0.2802328425555495,-0.1305261922200515,0.0,0.0,0.9914448613738105,-0.016000000000000007,-0.22496149868535165,0.2802328425555495,-0.1305261922200515,0.0,0.0,0.9914448613738105,-0.016000000000000007,-0.22496149868535165,0.2802328425555495,-0.1305261922200515,0.0,0.0,0.9914448613738105,-0.016000000000000007,-0.22496149868535165,0.2802328425555495,-0.1305261922200515,0.0,0.0,0.9914448613738105,0.0,-0.5235987755982988,0.7853981633974483,0.0,0.5235987755982988,0.0,0.0,-0.5235987755982988,0.7853981633974483,0.0,0.5235987755982988,0.0,0.0,-0.5235987755982988,0.7853981633974483,0.0,0.5235987755982988,0.0,0.0,0.0,0.0,0.0,0.0,0.0,0.0,0.0,0.0,0.0,0.0,0.0,0.5,0.0,0.0,0.0,False,False,False,False,1,False,,0.0,0,,,,True,True,0.0,0.01008269999874756,True,0.0,0.0,False,False,False,False,False,False,1.0,False,False,False,0.0,0.0,0.0,0.0
0.030874500014422462,1786138787.4483268,0.010682000021915883,0.0031965000089257956,0.010682000021915883,READY,0,waiting for deadman,0.0,0.030874500014422462,5,0.0,0.0,0.0,0.0,0.0,0.0,1.0,0.0,0.0,0.0,0.0,0.0,0.0,1.0,-0.016000000000000007,-0.22496149868535165,0.2802328425555495,-0.1305261922200515,0.0,0.0,0.9914448613738105,-0.016000000000000007,-0.22496149868535165,0.2802328425555495,-0.1305261922200515,0.0,0.0,0.9914448613738105,-0.016000000000000007,-0.22496149868535165,0.2802328425555495,-0.1305261922200515,0.0,0.0,0.9914448613738105,-0.016000000000000007,-0.22496149868535165,0.2802328425555495,-0.1305261922200515,0.0,0.0,0.9914448613738105,-0.016000000000000007,-0.22496149868535165,0.2802328425555495,-0.1305261922200515,0.0,0.0,0.9914448613738105,0.0,-0.5235987755982988,0.7853981633974483,0.0,0.5235987755982988,0.0,0.0,-0.5235987755982988,0.7853981633974483,0.0,0.5235987755982988,0.0,0.0,-0.5235987755982988,0.7853981633974483,0.0,0.5235987755982988,0.0,0.0,0.0,0.0,0.0,0.0,0.0,0.0,0.0,0.0,0.0,0.0,0.0,0.5,0.0,0.0,0.0,False,False,False,False,1,False,,0.0,0,,,,True,True,0.0,0.010682000021915883,True,0.0,0.0,False,False,False,False,False,False,1.0,False,False,False,0.0,0.0,0.0,0.0
0.04013359999919683,1786138787.457547,0.009259099984774366,0.0031572000007145107,0.009259099984774366,READY,0,waiting for deadman,0.0,0.04013359999919683,6,0.0,0.0,0.0,0.0,0.0,0.0,1.0,0.0,0.0,0.0,0.0,0.0,0.0,1.0,-0.016000000000000007,-0.22496149868535165,0.2802328425555495,-0.1305261922200515,0.0,0.0,0.9914448613738105,-0.016000000000000007,-0.22496149868535165,0.2802328425555495,-0.1305261922200515,0.0,0.0,0.9914448613738105,-0.016000000000000007,-0.22496149868535165,0.2802328425555495,-0.1305261922200515,0.0,0.0,0.9914448613738105,-0.016000000000000007,-0.22496149868535165,0.2802328425555495,-0.1305261922200515,0.0,0.0,0.9914448613738105,-0.016000000000000007,-0.22496149868535165,0.2802328425555495,-0.1305261922200515,0.0,0.0,0.9914448613738105,0.0,-0.5235987755982988,0.7853981633974483,0.0,0.5235987755982988,0.0,0.0,-0.5235987755982988,0.7853981633974483,0.0,0.5235987755982988,0.0,0.0,-0.5235987755982988,0.7853981633974483,0.0,0.5235987755982988,0.0,0.0,0.0,0.0,0.0,0.0,0.0,0.0,0.0,0.0,0.0,0.0,0.0,0.5,0.0,0.0,0.0,False,False,False,False,1,False,,0.0,0,,,,True,True,0.0,0.009259099984774366,True,0.0,0.0,False,False,False,False,False,False,1.0,False,False,False,0.0,0.0,0.0,0.0
0.05062499999587797,1786138787.470845,0.010491399996681139,0.0059643000131472945,0.010491399996681139,READY,0,waiting for deadman,0.0,0.05062499999587797,7,0.0,0.0,0.0,0.0,0.0,0.0,1.0,0.0,0.0,0.0,0.0,0.0,0.0,1.0,-0.016000000000000007,-0.22496149868535165,0.2802328425555495,-0.1305261922200515,0.0,0.0,0.9914448613738105,-0.016000000000000007,-0.22496149868535165,0.2802328425555495,-0.1305261922200515,0.0,0.0,0.9914448613738105,-0.016000000000000007,-0.22496149868535165,0.2802328425555495,-0.1305261922200515,0.0,0.0,0.9914448613738105,-0.016000000000000007,-0.22496149868535165,0.2802328425555495,-0.1305261922200515,0.0,0.0,0.9914448613738105,-0.016000000000000007,-0.22496149868535165,0.2802328425555495,-0.1305261922200515,0.0,0.0,0.9914448613738105,0.0,-0.5235987755982988,0.7853981633974483,0.0,0.5235987755982988,0.0,0.0,-0.5235987755982988,0.7853981633974483,0.0,0.5235987755982988,0.0,0.0,-0.5235987755982988,0.7853981633974483,0.0,0.5235987755982988,0.0,0.0,0.0,0.0,0.0,0.0,0.0,0.0,0.0,0.0,0.0,0.0,0.0,0.5,0.0,0.0,0.0,False,False,False,False,1,False,,0.0,0,,,,True,True,0.0,0.010491399996681139,True,0.0,0.0,False,False,False,False,False,False,1.0,False,False,False,0.0,0.0,0.0,0.0
0.06122429999925569,1786138787.4794285,0.01059930000337772,0.003948199999285862,0.01059930000337772,READY,0,waiting for deadman,0.0,0.06122429999925569,8,0.0,0.0,0.0,0.0,0.0,0.0,1.0,0.0,0.0,0.0,0.0,0.0,0.0,1.0,-0.016000000000000007,-0.22496149868535165,0.2802328425555495,-0.1305261922200515,0.0,0.0,0.9914448613738105,-0.016000000000000007,-0.22496149868535165,0.2802328425555495,-0.1305261922200515,0.0,0.0,0.9914448613738105,-0.016000000000000007,-0.22496149868535165,0.2802328425555495,-0.1305261922200515,0.0,0.0,0.9914448613738105,-0.016000000000000007,-0.22496149868535165,0.2802328425555495,-0.1305261922200515,0.0,0.0,0.9914448613738105,-0.016000000000000007,-0.22496149868535165,0.2802328425555495,-0.1305261922200515,0.0,0.0,0.9914448613738105,0.0,-0.5235987755982988,0.7853981633974483,0.0,0.5235987755982988,0.0,0.0,-0.5235987755982988,0.7853981633974483,0.0,0.5235987755982988,0.0,0.0,-0.5235987755982988,0.7853981633974483,0.0,0.5235987755982988,0.0,0.0,0.0,0.0,0.0,0.0,0.0,0.0,0.0,0.0,0.0,0.0,0.0,0.5,0.0,0.0,0.0,False,False,False,False,1,False,,0.0,0,,,,True,True,0.0,0.01059930000337772,True,0.0,0.0,False,False,False,False,False,False,1.0,False,False,False,0.0,0.0,0.0,0.0
0.07085119999067299,1786138787.4883416,0.009626899991417304,0.0032333999988622963,0.009626899991417304,READY,0,waiting for deadman,0.0,0.07085119999067299,9,0.0,0.0,0.0,0.0,0.0,0.0,1.0,0.0,0.0,0.0,0.0,0.0,0.0,1.0,-0.016000000000000007,-0.22496149868535165,0.2802328425555495,-0.1305261922200515,0.0,0.0,0.9914448613738105,-0.016000000000000007,-0.22496149868535165,0.2802328425555495,-0.1305261922200515,0.0,0.0,0.9914448613738105,-0.016000000000000007,-0.22496149868535165,0.2802328425555495,-0.1305261922200515,0.0,0.0,0.9914448613738105,-0.016000000000000007,-0.22496149868535165,0.2802328425555495,-0.1305261922200515,0.0,0.0,0.9914448613738105,-0.016000000000000007,-0.22496149868535165,0.2802328425555495,-0.1305261922200515,0.0,0.0,0.9914448613738105,0.0,-0.5235987755982988,0.7853981633974483,0.0,0.5235987755982988,0.0,0.0,-0.5235987755982988,0.7853981633974483,0.0,0.5235987755982988,0.0,0.0,-0.5235987755982988,0.7853981633974483,0.0,0.5235987755982988,0.0,0.0,0.0,0.0,0.0,0.0,0.0,0.0,0.0,0.0,0.0,0.0,0.0,0.5,0.0,0.0,0.0,False,False,False,False,1,False,,0.0,0,,,,True,True,0.0,0.009626899991417304,True,0.0,0.0,False,False,False,False,False,False,1.0,False,False,False,0.0,0.0,0.0,0.0
0.08035230001371726,1786138787.498286,0.009501100023044273,0.003676899999845773,0.009501100023044273,READY,0,waiting for deadman,0.0,0.08035230001371726,10,0.0,0.0,0.0,0.0,0.0,0.0,1.0,0.0,0.0,0.0,0.0,0.0,0.0,1.0,-0.016000000000000007,-0.22496149868535165,0.2802328425555495,-0.1305261922200515,0.0,0.0,0.9914448613738105,-0.016000000000000007,-0.22496149868535165,0.2802328425555495,-0.1305261922200515,0.0,0.0,0.9914448613738105,-0.016000000000000007,-0.22496149868535165,0.2802328425555495,-0.1305261922200515,0.0,0.0,0.9914448613738105,-0.016000000000000007,-0.22496149868535165,0.2802328425555495,-0.1305261922200515,0.0,0.0,0.9914448613738105,-0.016000000000000007,-0.22496149868535165,0.2802328425555495,-0.1305261922200515,0.0,0.0,0.9914448613738105,0.0,-0.5235987755982988,0.7853981633974483,0.0,0.5235987755982988,0.0,0.0,-0.5235987755982988,0.7853981633974483,0.0,0.5235987755982988,0.0,0.0,-0.5235987755982988,0.7853981633974483,0.0,0.5235987755982988,0.0,0.0,0.0,0.0,0.0,0.0,0.0,0.0,0.0,0.0,0.0,0.0,0.0,0.5,0.0,0.0,0.0,False,False,False,False,1,False,,0.0,0,,,,True,True,0.0,0.009501100023044273,True,0.0,0.0,False,False,False,False,False,False,1.0,False,False,False,0.0,0.0,0.0,0.0
0.09033699999384023,1786138787.5091546,0.009984699980122969,0.0045523000007960945,0.009984699980122969,READY,0,waiting for deadman,0.0,0.09033699999384023,11,0.0,0.0,0.0,0.0,0.0,0.0,1.0,0.0,0.0,0.0,0.0,0.0,0.0,1.0,-0.016000000000000007,-0.22496149868535165,0.2802328425555495,-0.1305261922200515,0.0,0.0,0.9914448613738105,-0.016000000000000007,-0.22496149868535165,0.2802328425555495,-0.1305261922200515,0.0,0.0,0.9914448613738105,-0.016000000000000007,-0.22496149868535165,0.2802328425555495,-0.1305261922200515,0.0,0.0,0.9914448613738105,-0.016000000000000007,-0.22496149868535165,0.2802328425555495,-0.1305261922200515,0.0,0.0,0.9914448613738105,-0.016000000000000007,-0.22496149868535165,0.2802328425555495,-0.1305261922200515,0.0,0.0,0.9914448613738105,0.0,-0.5235987755982988,0.7853981633974483,0.0,0.5235987755982988,0.0,0.0,-0.5235987755982988,0.7853981633974483,0.0,0.5235987755982988,0.0,0.0,-0.5235987755982988,0.7853981633974483,0.0,0.5235987755982988,0.0,0.0,0.0,0.0,0.0,0.0,0.0,0.0,0.0,0.0,0.0,0.0,0.0,0.5,0.0,0.0,0.0,False,False,False,False,1,False,,0.0,0,,,,True,True,0.0,0.009984699980122969,True,0.0,0.0,False,False,False,False,False,False,1.0,False,False,False,0.0,0.0,0.0,0.0
0.10009270000557788,1786138787.5193589,0.009755700011737645,0.004999400000087917,0.009755700011737645,READY,0,waiting for deadman,0.0,0.10009270000557788,13,0.0,0.0,0.0,0.0,0.0,0.0,1.0,0.0,0.0,0.0,0.0,0.0,0.0,1.0,-0.016000000000000007,-0.22496149868535165,0.2802328425555495,-0.1305261922200515,0.0,0.0,0.9914448613738105,-0.016000000000000007,-0.22496149868535165,0.2802328425555495,-0.1305261922200515,0.0,0.0,0.9914448613738105,-0.016000000000000007,-0.22496149868535165,0.2802328425555495,-0.1305261922200515,0.0,0.0,0.9914448613738105,-0.016000000000000007,-0.22496149868535165,0.2802328425555495,-0.1305261922200515,0.0,0.0,0.9914448613738105,-0.016000000000000007,-0.22496149868535165,0.2802328425555495,-0.1305261922200515,0.0,0.0,0.9914448613738105,0.0,-0.5235987755982988,0.7853981633974483,0.0,0.5235987755982988,0.0,0.0,-0.5235987755982988,0.7853981633974483,0.0,0.5235987755982988,0.0,0.0,-0.5235987755982988,0.7853981633974483,0.0,0.5235987755982988,0.0,0.0,0.0,0.0,0.0,0.0,0.0,0.0,0.0,0.0,0.0,0.0,0.0,0.5,0.0,0.0,0.0,False,False,False,False,1,False,,0.0,0,,,,True,True,0.0,0.009755700011737645,True,0.0,0.0,False,False,False,False,False,False,1.0,False,False,False,0.0,0.0,0.0,0.0
0.110368999994196,1786138787.5275373,0.01027629998861812,0.0029015000036451966,0.01027629998861812,READY,0,waiting for deadman,0.0,0.110368999994196,15,0.0,0.0,0.0,0.0,0.0,0.0,1.0,0.0,0.0,0.0,0.0,0.0,0.0,1.0,-0.016000000000000007,-0.22496149868535165,0.2802328425555495,-0.1305261922200515,0.0,0.0,0.9914448613738105,-0.016000000000000007,-0.22496149868535165,0.2802328425555495,-0.1305261922200515,0.0,0.0,0.9914448613738105,-0.016000000000000007,-0.22496149868535165,0.2802328425555495,-0.1305261922200515,0.0,0.0,0.9914448613738105,-0.016000000000000007,-0.22496149868535165,0.2802328425555495,-0.1305261922200515,0.0,0.0,0.9914448613738105,-0.016000000000000007,-0.22496149868535165,0.2802328425555495,-0.1305261922200515,0.0,0.0,0.9914448613738105,0.0,-0.5235987755982988,0.7853981633974483,0.0,0.5235987755982988,0.0,0.0,-0.5235987755982988,0.7853981633974483,0.0,0.5235987755982988,0.0,0.0,-0.5235987755982988,0.7853981633974483,0.0,0.5235987755982988,0.0,0.0,0.0,0.0,0.0,0.0,0.0,0.0,0.0,0.0,0.0,0.0,0.0,0.5,0.0,0.0,0.0,False,False,False,False,1,False,,0.0,0,,,,True,True,0.0,0.01027629998861812,True,0.0,0.0,False,False,False,False,False,False,1.0,False,False,False,0.0,0.0,0.0,0.0
0.12122200000851788,1786138787.5393734,0.010853000014321879,0.003893499990226701,0.010853000014321879,READY,0,waiting for deadman,0.0,0.12122200000851788,17,0.0,0.0,0.0,0.0,0.0,0.0,1.0,0.0,0.0,0.0,0.0,0.0,0.0,1.0,-0.016000000000000007,-0.22496149868535165,0.2802328425555495,-0.1305261922200515,0.0,0.0,0.9914448613738105,-0.016000000000000007,-0.22496149868535165,0.2802328425555495,-0.1305261922200515,0.0,0.0,0.9914448613738105,-0.016000000000000007,-0.22496149868535165,0.2802328425555495,-0.1305261922200515,0.0,0.0,0.9914448613738105,-0.016000000000000007,-0.22496149868535165,0.2802328425555495,-0.1305261922200515,0.0,0.0,0.9914448613738105,-0.016000000000000007,-0.22496149868535165,0.2802328425555495,-0.1305261922200515,0.0,0.0,0.9914448613738105,0.0,-0.5235987755982988,0.7853981633974483,0.0,0.5235987755982988,0.0,0.0,-0.5235987755982988,0.7853981633974483,0.0,0.5235987755982988,0.0,0.0,-0.5235987755982988,0.7853981633974483,0.0,0.5235987755982988,0.0,0.0,0.0,0.0,0.0,0.0,0.0,0.0,0.0,0.0,0.0,0.0,0.0,0.5,0.0,0.0,0.0,False,False,False,False,1,False,,0.0,0,,,,True,True,0.0,0.010853000014321879,True,0.0,0.0,False,False,False,False,False,False,1.0,False,False,False,0.0,0.0,0.0,0.0
0.13036060000706837,1786138787.5476863,0.00913859999855049,0.0030704999808222055,0.00913859999855049,READY,0,waiting for deadman,0.0,0.13036060000706837,19,0.0,0.0,0.0,0.0,0.0,0.0,1.0,0.0,0.0,0.0,0.0,0.0,0.0,1.0,-0.016000000000000007,-0.22496149868535165,0.2802328425555495,-0.1305261922200515,0.0,0.0,0.9914448613738105,-0.016000000000000007,-0.22496149868535165,0.2802328425555495,-0.1305261922200515,0.0,0.0,0.9914448613738105,-0.016000000000000007,-0.22496149868535165,0.2802328425555495,-0.1305261922200515,0.0,0.0,0.9914448613738105,-0.016000000000000007,-0.22496149868535165,0.2802328425555495,-0.1305261922200515,0.0,0.0,0.9914448613738105,-0.016000000000000007,-0.22496149868535165,0.2802328425555495,-0.1305261922200515,0.0,0.0,0.9914448613738105,0.0,-0.5235987755982988,0.7853981633974483,0.0,0.5235987755982988,0.0,0.0,-0.5235987755982988,0.7853981633974483,0.0,0.5235987755982988,0.0,0.0,-0.5235987755982988,0.7853981633974483,0.0,0.5235987755982988,0.0,0.0,0.0,0.0,0.0,0.0,0.0,0.0,0.0,0.0,0.0,0.0,0.0,0.5,0.0,0.0,0.0,False,False,False,False,1,False,,0.0,0,,,,True,True,0.0,0.00913859999855049,True,0.0,0.0,False,False,False,False,False,False,1.0,False,False,False,0.0,0.0,0.0,0.0
0.14036780001299828,1786138787.5579088,0.010007200005929917,0.003284300008090213,0.010007200005929917,READY,0,waiting for deadman,0.0,0.14036780001299828,21,0.0,0.0,0.0,0.0,0.0,0.0,1.0,0.0,0.0,0.0,0.0,0.0,0.0,1.0,-0.016000000000000007,-0.22496149868535165,0.2802328425555495,-0.1305261922200515,0.0,0.0,0.9914448613738105,-0.016000000000000007,-0.22496149868535165,0.2802328425555495,-0.1305261922200515,0.0,0.0,0.9914448613738105,-0.016000000000000007,-0.22496149868535165,0.2802328425555495,-0.1305261922200515,0.0,0.0,0.9914448613738105,-0.016000000000000007,-0.22496149868535165,0.2802328425555495,-0.1305261922200515,0.0,0.0,0.9914448613738105,-0.016000000000000007,-0.22496149868535165,0.2802328425555495,-0.1305261922200515,0.0,0.0,0.9914448613738105,0.0,-0.5235987755982988,0.7853981633974483,0.0,0.5235987755982988,0.0,0.0,-0.5235987755982988,0.7853981633974483,0.0,0.5235987755982988,0.0,0.0,-0.5235987755982988,0.7853981633974483,0.0,0.5235987755982988,0.0,0.0,0.0,0.0,0.0,0.0,0.0,0.0,0.0,0.0,0.0,0.0,0.0,0.5,0.0,0.0,0.0,False,False,False,False,1,False,,0.0,0,,,,True,True,0.0,0.010007200005929917,True,0.0,0.0,False,False,False,False,False,False,1.0,False,False,False,0.0,0.0,0.0,0.0
0.15102079998871684,1786138787.568754,0.010652999975718558,0.003478500002529472,0.010652999975718558,READY,0,waiting for deadman,0.0,0.15102079998871684,23,0.0,0.0,0.0,0.0,0.0,0.0,1.0,0.0,0.0,0.0,0.0,0.0,0.0,1.0,-0.016000000000000007,-0.22496149868535165,0.2802328425555495,-0.1305261922200515,0.0,0.0,0.9914448613738105,-0.016000000000000007,-0.22496149868535165,0.2802328425555495,-0.1305261922200515,0.0,0.0,0.9914448613738105,-0.016000000000000007,-0.22496149868535165,0.2802328425555495,-0.1305261922200515,0.0,0.0,0.9914448613738105,-0.016000000000000007,-0.22496149868535165,0.2802328425555495,-0.1305261922200515,0.0,0.0,0.9914448613738105,-0.016000000000000007,-0.22496149868535165,0.2802328425555495,-0.1305261922200515,0.0,0.0,0.9914448613738105,0.0,-0.5235987755982988,0.7853981633974483,0.0,0.5235987755982988,0.0,0.0,-0.5235987755982988,0.7853981633974483,0.0,0.5235987755982988,0.0,0.0,-0.5235987755982988,0.7853981633974483,0.0,0.5235987755982988,0.0,0.0,0.0,0.0,0.0,0.0,0.0,0.0,0.0,0.0,0.0,0.0,0.0,0.5,0.0,0.0,0.0,False,False,False,False,1,False,,0.0,0,,,,True,True,0.0,0.010652999975718558,True,0.0,0.0,False,False,False,False,False,False,1.0,False,False,False,0.0,0.0,0.0,0.0
0.16051760000812262,1786138787.5781288,0.009496800019405782,0.0033564000041224062,0.009496800019405782,READY,0,waiting for deadman,0.0,0.16051760000812262,25,0.0,0.0,0.0,0.0,0.0,0.0,1.0,0.0,0.0,0.0,0.0,0.0,0.0,1.0,-0.016000000000000007,-0.22496149868535165,0.2802328425555495,-0.1305261922200515,0.0,0.0,0.9914448613738105,-0.016000000000000007,-0.22496149868535165,0.2802328425555495,-0.1305261922200515,0.0,0.0,0.9914448613738105,-0.016000000000000007,-0.22496149868535165,0.2802328425555495,-0.1305261922200515,0.0,0.0,0.9914448613738105,-0.016000000000000007,-0.22496149868535165,0.2802328425555495,-0.1305261922200515,0.0,0.0,0.9914448613738105,-0.016000000000000007,-0.22496149868535165,0.2802328425555495,-0.1305261922200515,0.0,0.0,0.9914448613738105,0.0,-0.5235987755982988,0.7853981633974483,0.0,0.5235987755982988,0.0,0.0,-0.5235987755982988,0.7853981633974483,0.0,0.5235987755982988,0.0,0.0,-0.5235987755982988,0.7853981633974483,0.0,0.5235987755982988,0.0,0.0,0.0,0.0,0.0,0.0,0.0,0.0,0.0,0.0,0.0,0.0,0.0,0.5,0.0,0.0,0.0,False,False,False,False,1,False,,0.0,0,,,,True,True,0.0,0.009496800019405782,True,0.0,0.0,False,False,False,False,False,False,1.0,False,False,False,0.0,0.0,0.0,0.0
0.17044740000676736,1786138787.587656,0.00992979999864474,0.0029454999894369394,0.00992979999864474,READY,0,waiting for deadman,0.0,0.17044740000676736,27,0.0,0.0,0.0,0.0,0.0,0.0,1.0,0.0,0.0,0.0,0.0,0.0,0.0,1.0,-0.016000000000000007,-0.22496149868535165,0.2802328425555495,-0.1305261922200515,0.0,0.0,0.9914448613738105,-0.016000000000000007,-0.22496149868535165,0.2802328425555495,-0.1305261922200515,0.0,0.0,0.9914448613738105,-0.016000000000000007,-0.22496149868535165,0.2802328425555495,-0.1305261922200515,0.0,0.0,0.9914448613738105,-0.016000000000000007,-0.22496149868535165,0.2802328425555495,-0.1305261922200515,0.0,0.0,0.9914448613738105,-0.016000000000000007,-0.22496149868535165,0.2802328425555495,-0.1305261922200515,0.0,0.0,0.9914448613738105,0.0,-0.5235987755982988,0.7853981633974483,0.0,0.5235987755982988,0.0,0.0,-0.5235987755982988,0.7853981633974483,0.0,0.5235987755982988,0.0,0.0,-0.5235987755982988,0.7853981633974483,0.0,0.5235987755982988,0.0,0.0,0.0,0.0,0.0,0.0,0.0,0.0,0.0,0.0,0.0,0.0,0.0,0.5,0.0,0.0,0.0,False,False,False,False,1,False,,0.0,0,,,,True,True,0.0,0.00992979999864474,True,0.0,0.0,False,False,False,False,False,False,1.0,False,False,False,0.0,0.0,0.0,0.0
0.18037209999568202,1786138787.5976264,0.009924699988914654,0.002996099996380508,0.009924699988914654,READY,0,waiting for deadman,0.0,0.18037209999568202,29,0.0,0.0,0.0,0.0,0.0,0.0,1.0,0.0,0.0,0.0,0.0,0.0,0.0,1.0,-0.016000000000000007,-0.22496149868535165,0.2802328425555495,-0.1305261922200515,0.0,0.0,0.9914448613738105,-0.016000000000000007,-0.22496149868535165,0.2802328425555495,-0.1305261922200515,0.0,0.0,0.9914448613738105,-0.016000000000000007,-0.22496149868535165,0.2802328425555495,-0.1305261922200515,0.0,0.0,0.9914448613738105,-0.016000000000000007,-0.22496149868535165,0.2802328425555495,-0.1305261922200515,0.0,0.0,0.9914448613738105,-0.016000000000000007,-0.22496149868535165,0.2802328425555495,-0.1305261922200515,0.0,0.0,0.9914448613738105,0.0,-0.5235987755982988,0.7853981633974483,0.0,0.5235987755982988,0.0,0.0,-0.5235987755982988,0.7853981633974483,0.0,0.5235987755982988,0.0,0.0,-0.5235987755982988,0.7853981633974483,0.0,0.5235987755982988,0.0,0.0,0.0,0.0,0.0,0.0,0.0,0.0,0.0,0.0,0.0,0.0,0.0,0.5,0.0,0.0,0.0,False,False,False,False,1,False,,0.0,0,,,,True,True,0.0,0.009924699988914654,True,0.0,0.0,False,False,False,False,False,False,1.0,False,False,False,0.0,0.0,0.0,0.0
0.19028349999973923,1786138787.607235,0.009911400004057214,0.0026953000051435083,0.009911400004057214,READY,0,waiting for deadman,0.0,0.19028349999973923,31,0.0,0.0,0.0,0.0,0.0,0.0,1.0,0.0,0.0,0.0,0.0,0.0,0.0,1.0,-0.016000000000000007,-0.22496149868535165,0.2802328425555495,-0.1305261922200515,0.0,0.0,0.9914448613738105,-0.016000000000000007,-0.22496149868535165,0.2802328425555495,-0.1305261922200515,0.0,0.0,0.9914448613738105,-0.016000000000000007,-0.22496149868535165,0.2802328425555495,-0.1305261922200515,0.0,0.0,0.9914448613738105,-0.016000000000000007,-0.22496149868535165,0.2802328425555495,-0.1305261922200515,0.0,0.0,0.9914448613738105,-0.016000000000000007,-0.22496149868535165,0.2802328425555495,-0.1305261922200515,0.0,0.0,0.9914448613738105,0.0,-0.5235987755982988,0.7853981633974483,0.0,0.5235987755982988,0.0,0.0,-0.5235987755982988,0.7853981633974483,0.0,0.5235987755982988,0.0,0.0,-0.5235987755982988,0.7853981633974483,0.0,0.5235987755982988,0.0,0.0,0.0,0.0,0.0,0.0,0.0,0.0,0.0,0.0,0.0,0.0,0.0,0.5,0.0,0.0,0.0,False,False,False,False,1,False,,0.0,0,,,,True,True,0.0,0.009911400004057214,True,0.0,0.0,False,False,False,False,False,False,1.0,False,False,False,0.0,0.0,0.0,0.0
0.20716959999811277,1786138787.6244323,0.016886099998373538,0.003006299986736849,0.016886099998373538,READY,0,waiting for deadman,0.0,0.20716959999811277,33,0.0,0.0,0.0,0.0,0.0,0.0,1.0,0.0,0.0,0.0,0.0,0.0,0.0,1.0,-0.016000000000000007,-0.22496149868535165,0.2802328425555495,-0.1305261922200515,0.0,0.0,0.9914448613738105,-0.016000000000000007,-0.22496149868535165,0.2802328425555495,-0.1305261922200515,0.0,0.0,0.9914448613738105,-0.016000000000000007,-0.22496149868535165,0.2802328425555495,-0.1305261922200515,0.0,0.0,0.9914448613738105,-0.016000000000000007,-0.22496149868535165,0.2802328425555495,-0.1305261922200515,0.0,0.0,0.9914448613738105,-0.016000000000000007,-0.22496149868535165,0.2802328425555495,-0.1305261922200515,0.0,0.0,0.9914448613738105,0.0,-0.5235987755982988,0.7853981633974483,0.0,0.5235987755982988,0.0,0.0,-0.5235987755982988,0.7853981633974483,0.0,0.5235987755982988,0.0,0.0,-0.5235987755982988,0.7853981633974483,0.0,0.5235987755982988,0.0,0.0,0.0,0.0,0.0,0.0,0.0,0.0,0.0,0.0,0.0,0.0,0.0,0.5,0.0,0.0,0.0,False,False,False,False,1,False,,0.0,0,,,,True,True,0.0,0.016886099998373538,True,0.0,0.0,False,False,False,False,False,False,1.0,False,False,False,0.0,0.0,0.0,0.0
0.21039769998572208,1786138787.6270607,0.003228099987609312,0.0024110999947879463,0.003228099987609312,READY,0,waiting for deadman,0.0,0.21039769998572208,34,0.0,0.0,0.0,0.0,0.0,0.0,1.0,0.0,0.0,0.0,0.0,0.0,0.0,1.0,-0.016000000000000007,-0.22496149868535165,0.2802328425555495,-0.1305261922200515,0.0,0.0,0.9914448613738105,-0.016000000000000007,-0.22496149868535165,0.2802328425555495,-0.1305261922200515,0.0,0.0,0.9914448613738105,-0.016000000000000007,-0.22496149868535165,0.2802328425555495,-0.1305261922200515,0.0,0.0,0.9914448613738105,-0.016000000000000007,-0.22496149868535165,0.2802328425555495,-0.1305261922200515,0.0,0.0,0.9914448613738105,-0.016000000000000007,-0.22496149868535165,0.2802328425555495,-0.1305261922200515,0.0,0.0,0.9914448613738105,0.0,-0.5235987755982988,0.7853981633974483,0.0,0.5235987755982988,0.0,0.0,-0.5235987755982988,0.7853981633974483,0.0,0.5235987755982988,0.0,0.0,-0.5235987755982988,0.7853981633974483,0.0,0.5235987755982988,0.0,0.0,0.0,0.0,0.0,0.0,0.0,0.0,0.0,0.0,0.0,0.0,0.0,0.5,0.0,0.0,0.0,False,False,False,False,1,False,,0.0,0,,,,True,True,0.0,0.003228099987609312,True,0.0,0.0,False,False,False,False,False,False,1.0,False,False,False,0.0,0.0,0.0,0.0
0.22020060000761785,1786138787.6373777,0.009802900021895766,0.002921999985119328,0.009802900021895766,READY,0,waiting for deadman,0.0,0.22020060000761785,37,0.0,0.0,0.0,0.0,0.0,0.0,1.0,0.0,0.0,0.0,0.0,0.0,0.0,1.0,-0.016000000000000007,-0.22496149868535165,0.2802328425555495,-0.1305261922200515,0.0,0.0,0.9914448613738105,-0.016000000000000007,-0.22496149868535165,0.2802328425555495,-0.1305261922200515,0.0,0.0,0.9914448613738105,-0.016000000000000007,-0.22496149868535165,0.2802328425555495,-0.1305261922200515,0.0,0.0,0.9914448613738105,-0.016000000000000007,-0.22496149868535165,0.2802328425555495,-0.1305261922200515,0.0,0.0,0.9914448613738105,-0.016000000000000007,-0.22496149868535165,0.2802328425555495,-0.1305261922200515,0.0,0.0,0.9914448613738105,0.0,-0.5235987755982988,0.7853981633974483,0.0,0.5235987755982988,0.0,0.0,-0.5235987755982988,0.7853981633974483,0.0,0.5235987755982988,0.0,0.0,-0.5235987755982988,0.7853981633974483,0.0,0.5235987755982988,0.0,0.0,0.0,0.0,0.0,0.0,0.0,0.0,0.0,0.0,0.0,0.0,0.0,0.5,0.0,0.0,0.0,False,False,False,False,1,False,,0.0,0,,,,True,True,0.0,0.009802900021895766,True,0.0,0.0,False,False,False,False,False,False,1.0,False,False,False,0.0,0.0,0.0,0.0
0.2317592000105176,1786138787.6493607,0.011558600002899766,0.003346599987708032,0.011558600002899766,READY,0,waiting for deadman,0.0,0.2317592000105176,39,0.0,0.0,0.0,0.0,0.0,0.0,1.0,0.0,0.0,0.0,0.0,0.0,0.0,1.0,-0.016000000000000007,-0.22496149868535165,0.2802328425555495,-0.1305261922200515,0.0,0.0,0.9914448613738105,-0.016000000000000007,-0.22496149868535165,0.2802328425555495,-0.1305261922200515,0.0,0.0,0.9914448613738105,-0.016000000000000007,-0.22496149868535165,0.2802328425555495,-0.1305261922200515,0.0,0.0,0.9914448613738105,-0.016000000000000007,-0.22496149868535165,0.2802328425555495,-0.1305261922200515,0.0,0.0,0.9914448613738105,-0.016000000000000007,-0.22496149868535165,0.2802328425555495,-0.1305261922200515,0.0,0.0,0.9914448613738105,0.0,-0.5235987755982988,0.7853981633974483,0.0,0.5235987755982988,0.0,0.0,-0.5235987755982988,0.7853981633974483,0.0,0.5235987755982988,0.0,0.0,-0.5235987755982988,0.7853981633974483,0.0,0.5235987755982988,0.0,0.0,0.0,0.0,0.0,0.0,0.0,0.0,0.0,0.0,0.0,0.0,0.0,0.5,0.0,0.0,0.0,False,False,False,False,1,False,,0.0,0,,,,True,True,0.0,0.011558600002899766,True,0.0,0.0,False,False,False,False,False,False,1.0,False,False,False,0.0,0.0,0.0,0.0
0.24223329999188334,1786138787.6602337,0.010474099981365725,0.0037452999968081713,0.010474099981365725,READY,0,waiting for deadman,0.0,0.24223329999188334,41,0.0,0.0,0.0,0.0,0.0,0.0,1.0,0.0,0.0,0.0,0.0,0.0,0.0,1.0,-0.016000000000000007,-0.22496149868535165,0.2802328425555495,-0.1305261922200515,0.0,0.0,0.9914448613738105,-0.016000000000000007,-0.22496149868535165,0.2802328425555495,-0.1305261922200515,0.0,0.0,0.9914448613738105,-0.016000000000000007,-0.22496149868535165,0.2802328425555495,-0.1305261922200515,0.0,0.0,0.9914448613738105,-0.016000000000000007,-0.22496149868535165,0.2802328425555495,-0.1305261922200515,0.0,0.0,0.9914448613738105,-0.016000000000000007,-0.22496149868535165,0.2802328425555495,-0.1305261922200515,0.0,0.0,0.9914448613738105,0.0,-0.5235987755982988,0.7853981633974483,0.0,0.5235987755982988,0.0,0.0,-0.5235987755982988,0.7853981633974483,0.0,0.5235987755982988,0.0,0.0,-0.5235987755982988,0.7853981633974483,0.0,0.5235987755982988,0.0,0.0,0.0,0.0,0.0,0.0,0.0,0.0,0.0,0.0,0.0,0.0,0.0,0.5,0.0,0.0,0.0,False,False,False,False,1,False,,0.0,0,,,,True,True,0.0,0.010474099981365725,True,0.0,0.0,False,False,False,False,False,False,1.0,False,False,False,0.0,0.0,0.0,0.0
0.2506713000108246,1786138787.6684544,0.008438000018941239,0.0035277999995741993,0.008438000018941239,READY,0,waiting for deadman,0.0,0.2506713000108246,43,0.0,0.0,0.0,0.0,0.0,0.0,1.0,0.0,0.0,0.0,0.0,0.0,0.0,1.0,-0.016000000000000007,-0.22496149868535165,0.2802328425555495,-0.1305261922200515,0.0,0.0,0.9914448613738105,-0.016000000000000007,-0.22496149868535165,0.2802328425555495,-0.1305261922200515,0.0,0.0,0.9914448613738105,-0.016000000000000007,-0.22496149868535165,0.2802328425555495,-0.1305261922200515,0.0,0.0,0.9914448613738105,-0.016000000000000007,-0.22496149868535165,0.2802328425555495,-0.1305261922200515,0.0,0.0,0.9914448613738105,-0.016000000000000007,-0.22496149868535165,0.2802328425555495,-0.1305261922200515,0.0,0.0,0.9914448613738105,0.0,-0.5235987755982988,0.7853981633974483,0.0,0.5235987755982988,0.0,0.0,-0.5235987755982988,0.7853981633974483,0.0,0.5235987755982988,0.0,0.0,-0.5235987755982988,0.7853981633974483,0.0,0.5235987755982988,0.0,0.0,0.0,0.0,0.0,0.0,0.0,0.0,0.0,0.0,0.0,0.0,0.0,0.5,0.0,0.0,0.0,False,False,False,False,1,False,,0.0,0,,,,True,True,0.0,0.008438000018941266,True,0.0,0.0,False,False,False,False,False,False,1.0,False,False,False,0.0,0.0,0.0,0.0
0.2602130999945328,1786138787.677859,0.009541799983708188,0.0033912000071723014,0.009541799983708188,READY,0,waiting for deadman,0.0,0.2602130999945328,45,0.0,0.0,0.0,0.0,0.0,0.0,1.0,0.0,0.0,0.0,0.0,0.0,0.0,1.0,-0.016000000000000007,-0.22496149868535165,0.2802328425555495,-0.1305261922200515,0.0,0.0,0.9914448613738105,-0.016000000000000007,-0.22496149868535165,0.2802328425555495,-0.1305261922200515,0.0,0.0,0.9914448613738105,-0.016000000000000007,-0.22496149868535165,0.2802328425555495,-0.1305261922200515,0.0,0.0,0.9914448613738105,-0.016000000000000007,-0.22496149868535165,0.2802328425555495,-0.1305261922200515,0.0,0.0,0.9914448613738105,-0.016000000000000007,-0.22496149868535165,0.2802328425555495,-0.1305261922200515,0.0,0.0,0.9914448613738105,0.0,-0.5235987755982988,0.7853981633974483,0.0,0.5235987755982988,0.0,0.0,-0.5235987755982988,0.7853981633974483,0.0,0.5235987755982988,0.0,0.0,-0.5235987755982988,0.7853981633974483,0.0,0.5235987755982988,0.0,0.0,0.0,0.0,0.0,0.0,0.0,0.0,0.0,0.0,0.0,0.0,0.0,0.5,0.0,0.0,0.0,False,False,False,False,1,False,,0.0,0,,,,True,True,0.0,0.009541799983708188,True,0.0,0.0,False,False,False,False,False,False,1.0,False,False,False,0.0,0.0,0.0,0.0
0.27015509999876286,1786138787.687524,0.009942000004230067,0.0031095999875105917,0.009942000004230067,READY,0,waiting for deadman,0.0,0.27015509999876286,47,0.0,0.0,0.0,0.0,0.0,0.0,1.0,0.0,0.0,0.0,0.0,0.0,0.0,1.0,-0.016000000000000007,-0.22496149868535165,0.2802328425555495,-0.1305261922200515,0.0,0.0,0.9914448613738105,-0.016000000000000007,-0.22496149868535165,0.2802328425555495,-0.1305261922200515,0.0,0.0,0.9914448613738105,-0.016000000000000007,-0.22496149868535165,0.2802328425555495,-0.1305261922200515,0.0,0.0,0.9914448613738105,-0.016000000000000007,-0.22496149868535165,0.2802328425555495,-0.1305261922200515,0.0,0.0,0.9914448613738105,-0.016000000000000007,-0.22496149868535165,0.2802328425555495,-0.1305261922200515,0.0,0.0,0.9914448613738105,0.0,-0.5235987755982988,0.7853981633974483,0.0,0.5235987755982988,0.0,0.0,-0.5235987755982988,0.7853981633974483,0.0,0.5235987755982988,0.0,0.0,-0.5235987755982988,0.7853981633974483,0.0,0.5235987755982988,0.0,0.0,0.0,0.0,0.0,0.0,0.0,0.0,0.0,0.0,0.0,0.0,0.0,0.5,0.0,0.0,0.0,False,False,False,False,1,False,,0.0,0,,,,True,True,0.0,0.009942000004230067,True,0.0,0.0,False,False,False,False,False,False,1.0,False,False,False,0.0,0.0,0.0,0.0
0.2802752999920156,1786138787.6978047,0.010120199993252754,0.003259799996158108,0.010120199993252754,READY,0,waiting for deadman,0.0,0.2802752999920156,49,0.0,0.0,0.0,0.0,0.0,0.0,1.0,0.0,0.0,0.0,0.0,0.0,0.0,1.0,-0.016000000000000007,-0.22496149868535165,0.2802328425555495,-0.1305261922200515,0.0,0.0,0.9914448613738105,-0.016000000000000007,-0.22496149868535165,0.2802328425555495,-0.1305261922200515,0.0,0.0,0.9914448613738105,-0.016000000000000007,-0.22496149868535165,0.2802328425555495,-0.1305261922200515,0.0,0.0,0.9914448613738105,-0.016000000000000007,-0.22496149868535165,0.2802328425555495,-0.1305261922200515,0.0,0.0,0.9914448613738105,-0.016000000000000007,-0.22496149868535165,0.2802328425555495,-0.1305261922200515,0.0,0.0,0.9914448613738105,0.0,-0.5235987755982988,0.7853981633974483,0.0,0.5235987755982988,0.0,0.0,-0.5235987755982988,0.7853981633974483,0.0,0.5235987755982988,0.0,0.0,-0.5235987755982988,0.7853981633974483,0.0,0.5235987755982988,0.0,0.0,0.0,0.0,0.0,0.0,0.0,0.0,0.0,0.0,0.0,0.0,0.0,0.5,0.0,0.0,0.0,False,False,False,False,1,False,,0.0,0,,,,True,True,0.0,0.010120199993252754,True,0.0,0.0,False,False,False,False,False,False,1.0,False,False,False,0.0,0.0,0.0,0.0
0.29043350001268464,1786138787.7080584,0.010158200020669028,0.0033628999954089522,0.010158200020669028,READY,0,waiting for deadman,0.0,0.29043350001268464,51,0.0,0.0,0.0,0.0,0.0,0.0,1.0,0.0,0.0,0.0,0.0,0.0,0.0,1.0,-0.016000000000000007,-0.22496149868535165,0.2802328425555495,-0.1305261922200515,0.0,0.0,0.9914448613738105,-0.016000000000000007,-0.22496149868535165,0.2802328425555495,-0.1305261922200515,0.0,0.0,0.9914448613738105,-0.016000000000000007,-0.22496149868535165,0.2802328425555495,-0.1305261922200515,0.0,0.0,0.9914448613738105,-0.016000000000000007,-0.22496149868535165,0.2802328425555495,-0.1305261922200515,0.0,0.0,0.9914448613738105,-0.016000000000000007,-0.22496149868535165,0.2802328425555495,-0.1305261922200515,0.0,0.0,0.9914448613738105,0.0,-0.5235987755982988,0.7853981633974483,0.0,0.5235987755982988,0.0,0.0,-0.5235987755982988,0.7853981633974483,0.0,0.5235987755982988,0.0,0.0,-0.5235987755982988,0.7853981633974483,0.0,0.5235987755982988,0.0,0.0,0.0,0.0,0.0,0.0,0.0,0.0,0.0,0.0,0.0,0.0,0.0,0.5,0.0,0.0,0.0,False,False,False,False,1,False,,0.0,0,,,,True,True,0.0,0.010158200020669028,True,0.0,0.0,False,False,False,False,False,False,1.0,False,False,False,0.0,0.0,0.0,0.0
0.3072319000126552,1786138787.7243176,0.01679839999997057,0.002830200013704598,0.01679839999997057,READY,0,waiting for deadman,0.0,0.3072319000126552,54,0.0,0.0,0.0,0.0,0.0,0.0,1.0,0.0,0.0,0.0,0.0,0.0,0.0,1.0,-0.016000000000000007,-0.22496149868535165,0.2802328425555495,-0.1305261922200515,0.0,0.0,0.9914448613738105,-0.016000000000000007,-0.22496149868535165,0.2802328425555495,-0.1305261922200515,0.0,0.0,0.9914448613738105,-0.016000000000000007,-0.22496149868535165,0.2802328425555495,-0.1305261922200515,0.0,0.0,0.9914448613738105,-0.016000000000000007,-0.22496149868535165,0.2802328425555495,-0.1305261922200515,0.0,0.0,0.9914448613738105,-0.016000000000000007,-0.22496149868535165,0.2802328425555495,-0.1305261922200515,0.0,0.0,0.9914448613738105,0.0,-0.5235987755982988,0.7853981633974483,0.0,0.5235987755982988,0.0,0.0,-0.5235987755982988,0.7853981633974483,0.0,0.5235987755982988,0.0,0.0,-0.5235987755982988,0.7853981633974483,0.0,0.5235987755982988,0.0,0.0,0.0,0.0,0.0,0.0,0.0,0.0,0.0,0.0,0.0,0.0,0.0,0.5,0.0,0.0,0.0,False,False,False,False,1,False,,0.0,0,,,,True,True,0.0,0.01679839999997057,True,0.0,0.0,False,False,False,False,False,False,1.0,False,False,False,0.0,0.0,0.0,0.0
0.3102911999955066,1786138787.7270002,0.003059299982851371,0.002456299989717081,0.003059299982851371,READY,0,waiting for deadman,0.0,0.3102911999955066,55,0.0,0.0,0.0,0.0,0.0,0.0,1.0,0.0,0.0,0.0,0.0,0.0,0.0,1.0,-0.016000000000000007,-0.22496149868535165,0.2802328425555495,-0.1305261922200515,0.0,0.0,0.9914448613738105,-0.016000000000000007,-0.22496149868535165,0.2802328425555495,-0.1305261922200515,0.0,0.0,0.9914448613738105,-0.016000000000000007,-0.22496149868535165,0.2802328425555495,-0.1305261922200515,0.0,0.0,0.9914448613738105,-0.016000000000000007,-0.22496149868535165,0.2802328425555495,-0.1305261922200515,0.0,0.0,0.9914448613738105,-0.016000000000000007,-0.22496149868535165,0.2802328425555495,-0.1305261922200515,0.0,0.0,0.9914448613738105,0.0,-0.5235987755982988,0.7853981633974483,0.0,0.5235987755982988,0.0,0.0,-0.5235987755982988,0.7853981633974483,0.0,0.5235987755982988,0.0,0.0,-0.5235987755982988,0.7853981633974483,0.0,0.5235987755982988,0.0,0.0,0.0,0.0,0.0,0.0,0.0,0.0,0.0,0.0,0.0,0.0,0.0,0.5,0.0,0.0,0.0,False,False,False,False,1,False,,0.0,0,,,,True,True,0.0,0.003059299982851371,True,0.0,0.0,False,False,False,False,False,False,1.0,False,False,False,0.0,0.0,0.0,0.0
0.32097089999990913,1786138787.7381918,0.010679700004402548,0.002965399995446205,0.010679700004402548,READY,0,waiting for deadman,0.0,0.32097089999990913,57,0.0,0.0,0.0,0.0,0.0,0.0,1.0,0.0,0.0,0.0,0.0,0.0,0.0,1.0,-0.016000000000000007,-0.22496149868535165,0.2802328425555495,-0.1305261922200515,0.0,0.0,0.9914448613738105,-0.016000000000000007,-0.22496149868535165,0.2802328425555495,-0.1305261922200515,0.0,0.0,0.9914448613738105,-0.016000000000000007,-0.22496149868535165,0.2802328425555495,-0.1305261922200515,0.0,0.0,0.9914448613738105,-0.016000000000000007,-0.22496149868535165,0.2802328425555495,-0.1305261922200515,0.0,0.0,0.9914448613738105,-0.016000000000000007,-0.22496149868535165,0.2802328425555495,-0.1305261922200515,0.0,0.0,0.9914448613738105,0.0,-0.5235987755982988,0.7853981633974483,0.0,0.5235987755982988,0.0,0.0,-0.5235987755982988,0.7853981633974483,0.0,0.5235987755982988,0.0,0.0,-0.5235987755982988,0.7853981633974483,0.0,0.5235987755982988,0.0,0.0,0.0,0.0,0.0,0.0,0.0,0.0,0.0,0.0,0.0,0.0,0.0,0.5,0.0,0.0,0.0,False,False,False,False,1,False,,0.0,0,,,,True,True,0.0,0.010679700004402548,True,0.0,0.0,False,False,False,False,False,False,1.0,False,False,False,0.0,0.0,0.0,0.0
0.3310326000133753,1786138787.7483294,0.01006170001346618,0.0030411000188905746,0.01006170001346618,READY,0,waiting for deadman,0.0,0.3310326000133753,59,0.0,0.0,0.0,0.0,0.0,0.0,1.0,0.0,0.0,0.0,0.0,0.0,0.0,1.0,-0.016000000000000007,-0.22496149868535165,0.2802328425555495,-0.1305261922200515,0.0,0.0,0.9914448613738105,-0.016000000000000007,-0.22496149868535165,0.2802328425555495,-0.1305261922200515,0.0,0.0,0.9914448613738105,-0.016000000000000007,-0.22496149868535165,0.2802328425555495,-0.1305261922200515,0.0,0.0,0.9914448613738105,-0.016000000000000007,-0.22496149868535165,0.2802328425555495,-0.1305261922200515,0.0,0.0,0.9914448613738105,-0.016000000000000007,-0.22496149868535165,0.2802328425555495,-0.1305261922200515,0.0,0.0,0.9914448613738105,0.0,-0.5235987755982988,0.7853981633974483,0.0,0.5235987755982988,0.0,0.0,-0.5235987755982988,0.7853981633974483,0.0,0.5235987755982988,0.0,0.0,-0.5235987755982988,0.7853981633974483,0.0,0.5235987755982988,0.0,0.0,0.0,0.0,0.0,0.0,0.0,0.0,0.0,0.0,0.0,0.0,0.0,0.5,0.0,0.0,0.0,False,False,False,False,1,False,,0.0,0,,,,True,True,0.0,0.01006170001346618,True,0.0,0.0,False,False,False,False,False,False,1.0,False,False,False,0.0,0.0,0.0,0.0
0.3418116999888551,1786138787.7594717,0.010779099975479767,0.0034066999796777964,0.010779099975479767,READY,0,waiting for deadman,0.0,0.3418116999888551,61,0.0,0.0,0.0,0.0,0.0,0.0,1.0,0.0,0.0,0.0,0.0,0.0,0.0,1.0,-0.016000000000000007,-0.22496149868535165,0.2802328425555495,-0.1305261922200515,0.0,0.0,0.9914448613738105,-0.016000000000000007,-0.22496149868535165,0.2802328425555495,-0.1305261922200515,0.0,0.0,0.9914448613738105,-0.016000000000000007,-0.22496149868535165,0.2802328425555495,-0.1305261922200515,0.0,0.0,0.9914448613738105,-0.016000000000000007,-0.22496149868535165,0.2802328425555495,-0.1305261922200515,0.0,0.0,0.9914448613738105,-0.016000000000000007,-0.22496149868535165,0.2802328425555495,-0.1305261922200515,0.0,0.0,0.9914448613738105,0.0,-0.5235987755982988,0.7853981633974483,0.0,0.5235987755982988,0.0,0.0,-0.5235987755982988,0.7853981633974483,0.0,0.5235987755982988,0.0,0.0,-0.5235987755982988,0.7853981633974483,0.0,0.5235987755982988,0.0,0.0,0.0,0.0,0.0,0.0,0.0,0.0,0.0,0.0,0.0,0.0,0.0,0.5,0.0,0.0,0.0,False,False,False,False,1,False,,0.0,0,,,,True,True,0.0,0.010779099975479767,True,0.0,0.0,False,False,False,False,False,False,1.0,False,False,False,0.0,0.0,0.0,0.0
0.35099200001389164,1786138787.768715,0.009180300025036559,0.0034670000022742897,0.009180300025036559,READY,0,waiting for deadman,0.0,0.35099200001389164,63,0.0,0.0,0.0,0.0,0.0,0.0,1.0,0.0,0.0,0.0,0.0,0.0,0.0,1.0,-0.016000000000000007,-0.22496149868535165,0.2802328425555495,-0.1305261922200515,0.0,0.0,0.9914448613738105,-0.016000000000000007,-0.22496149868535165,0.2802328425555495,-0.1305261922200515,0.0,0.0,0.9914448613738105,-0.016000000000000007,-0.22496149868535165,0.2802328425555495,-0.1305261922200515,0.0,0.0,0.9914448613738105,-0.016000000000000007,-0.22496149868535165,0.2802328425555495,-0.1305261922200515,0.0,0.0,0.9914448613738105,-0.016000000000000007,-0.22496149868535165,0.2802328425555495,-0.1305261922200515,0.0,0.0,0.9914448613738105,0.0,-0.5235987755982988,0.7853981633974483,0.0,0.5235987755982988,0.0,0.0,-0.5235987755982988,0.7853981633974483,0.0,0.5235987755982988,0.0,0.0,-0.5235987755982988,0.7853981633974483,0.0,0.5235987755982988,0.0,0.0,0.0,0.0,0.0,0.0,0.0,0.0,0.0,0.0,0.0,0.0,0.0,0.5,0.0,0.0,0.0,False,False,False,False,1,False,,0.0,0,,,,True,True,0.0,0.009180300025036559,True,0.0,0.0,False,False,False,False,False,False,1.0,False,False,False,0.0,0.0,0.0,0.0
0.36051759999066035,1786138787.777852,0.009525599976768717,0.0030796000210102648,0.009525599976768717,READY,0,waiting for deadman,0.0,0.36051759999066035,65,0.0,0.0,0.0,0.0,0.0,0.0,1.0,0.0,0.0,0.0,0.0,0.0,0.0,1.0,-0.016000000000000007,-0.22496149868535165,0.2802328425555495,-0.1305261922200515,0.0,0.0,0.9914448613738105,-0.016000000000000007,-0.22496149868535165,0.2802328425555495,-0.1305261922200515,0.0,0.0,0.9914448613738105,-0.016000000000000007,-0.22496149868535165,0.2802328425555495,-0.1305261922200515,0.0,0.0,0.9914448613738105,-0.016000000000000007,-0.22496149868535165,0.2802328425555495,-0.1305261922200515,0.0,0.0,0.9914448613738105,-0.016000000000000007,-0.22496149868535165,0.2802328425555495,-0.1305261922200515,0.0,0.0,0.9914448613738105,0.0,-0.5235987755982988,0.7853981633974483,0.0,0.5235987755982988,0.0,0.0,-0.5235987755982988,0.7853981633974483,0.0,0.5235987755982988,0.0,0.0,-0.5235987755982988,0.7853981633974483,0.0,0.5235987755982988,0.0,0.0,0.0,0.0,0.0,0.0,0.0,0.0,0.0,0.0,0.0,0.0,0.0,0.5,0.0,0.0,0.0,False,False,False,False,1,False,,0.0,0,,,,True,True,0.0,0.009525599976768717,True,0.0,0.0,False,False,False,False,False,False,1.0,False,False,False,0.0,0.0,0.0,0.0
0.3700536999891736,1786138787.787315,0.009536099998513237,0.0030046000028960407,0.009536099998513237,READY,0,waiting for deadman,0.0,0.3700536999891736,67,0.0,0.0,0.0,0.0,0.0,0.0,1.0,0.0,0.0,0.0,0.0,0.0,0.0,1.0,-0.016000000000000007,-0.22496149868535165,0.2802328425555495,-0.1305261922200515,0.0,0.0,0.9914448613738105,-0.016000000000000007,-0.22496149868535165,0.2802328425555495,-0.1305261922200515,0.0,0.0,0.9914448613738105,-0.016000000000000007,-0.22496149868535165,0.2802328425555495,-0.1305261922200515,0.0,0.0,0.9914448613738105,-0.016000000000000007,-0.22496149868535165,0.2802328425555495,-0.1305261922200515,0.0,0.0,0.9914448613738105,-0.016000000000000007,-0.22496149868535165,0.2802328425555495,-0.1305261922200515,0.0,0.0,0.9914448613738105,0.0,-0.5235987755982988,0.7853981633974483,0.0,0.5235987755982988,0.0,0.0,-0.5235987755982988,0.7853981633974483,0.0,0.5235987755982988,0.0,0.0,-0.5235987755982988,0.7853981633974483,0.0,0.5235987755982988,0.0,0.0,0.0,0.0,0.0,0.0,0.0,0.0,0.0,0.0,0.0,0.0,0.0,0.5,0.0,0.0,0.0,False,False,False,False,1,False,,0.0,0,,,,True,True,0.0,0.009536099998513237,True,0.0,0.0,False,False,False,False,False,False,1.0,False,False,False,0.0,0.0,0.0,0.0
0.3800786000134647,1786138787.798086,0.010024900024291128,0.0037480000173673034,0.010024900024291128,READY,0,waiting for deadman,0.0,0.3800786000134647,69,0.0,0.0,0.0,0.0,0.0,0.0,1.0,0.0,0.0,0.0,0.0,0.0,0.0,1.0,-0.016000000000000007,-0.22496149868535165,0.2802328425555495,-0.1305261922200515,0.0,0.0,0.9914448613738105,-0.016000000000000007,-0.22496149868535165,0.2802328425555495,-0.1305261922200515,0.0,0.0,0.9914448613738105,-0.016000000000000007,-0.22496149868535165,0.2802328425555495,-0.1305261922200515,0.0,0.0,0.9914448613738105,-0.016000000000000007,-0.22496149868535165,0.2802328425555495,-0.1305261922200515,0.0,0.0,0.9914448613738105,-0.016000000000000007,-0.22496149868535165,0.2802328425555495,-0.1305261922200515,0.0,0.0,0.9914448613738105,0.0,-0.5235987755982988,0.7853981633974483,0.0,0.5235987755982988,0.0,0.0,-0.5235987755982988,0.7853981633974483,0.0,0.5235987755982988,0.0,0.0,-0.5235987755982988,0.7853981633974483,0.0,0.5235987755982988,0.0,0.0,0.0,0.0,0.0,0.0,0.0,0.0,0.0,0.0,0.0,0.0,0.0,0.5,0.0,0.0,0.0,False,False,False,False,1,False,,0.0,0,,,,True,True,0.0,0.010024900024291128,True,0.0,0.0,False,False,False,False,False,False,1.0,False,False,False,0.0,0.0,0.0,0.0
0.39033640000673386,1786138787.8090382,0.010257799993269145,0.004439099982846528,0.010257799993269145,READY,0,waiting for deadman,0.0,0.39033640000673386,71,0.0,0.0,0.0,0.0,0.0,0.0,1.0,0.0,0.0,0.0,0.0,0.0,0.0,1.0,-0.016000000000000007,-0.22496149868535165,0.2802328425555495,-0.1305261922200515,0.0,0.0,0.9914448613738105,-0.016000000000000007,-0.22496149868535165,0.2802328425555495,-0.1305261922200515,0.0,0.0,0.9914448613738105,-0.016000000000000007,-0.22496149868535165,0.2802328425555495,-0.1305261922200515,0.0,0.0,0.9914448613738105,-0.016000000000000007,-0.22496149868535165,0.2802328425555495,-0.1305261922200515,0.0,0.0,0.9914448613738105,-0.016000000000000007,-0.22496149868535165,0.2802328425555495,-0.1305261922200515,0.0,0.0,0.9914448613738105,0.0,-0.5235987755982988,0.7853981633974483,0.0,0.5235987755982988,0.0,0.0,-0.5235987755982988,0.7853981633974483,0.0,0.5235987755982988,0.0,0.0,-0.5235987755982988,0.7853981633974483,0.0,0.5235987755982988,0.0,0.0,0.0,0.0,0.0,0.0,0.0,0.0,0.0,0.0,0.0,0.0,0.0,0.5,0.0,0.0,0.0,False,False,False,False,1,False,,0.0,0,,,,True,True,0.0,0.010257799993269145,True,0.0,0.0,False,False,False,False,False,False,1.0,False,False,False,0.0,0.0,0.0,0.0
0.40025229998684864,1786138787.8178983,0.009915899980114773,0.003392099984921515,0.009915899980114773,READY,0,waiting for deadman,0.0,0.40025229998684864,73,0.0,0.0,0.0,0.0,0.0,0.0,1.0,0.0,0.0,0.0,0.0,0.0,0.0,1.0,-0.016000000000000007,-0.22496149868535165,0.2802328425555495,-0.1305261922200515,0.0,0.0,0.9914448613738105,-0.016000000000000007,-0.22496149868535165,0.2802328425555495,-0.1305261922200515,0.0,0.0,0.9914448613738105,-0.016000000000000007,-0.22496149868535165,0.2802328425555495,-0.1305261922200515,0.0,0.0,0.9914448613738105,-0.016000000000000007,-0.22496149868535165,0.2802328425555495,-0.1305261922200515,0.0,0.0,0.9914448613738105,-0.016000000000000007,-0.22496149868535165,0.2802328425555495,-0.1305261922200515,0.0,0.0,0.9914448613738105,0.0,-0.5235987755982988,0.7853981633974483,0.0,0.5235987755982988,0.0,0.0,-0.5235987755982988,0.7853981633974483,0.0,0.5235987755982988,0.0,0.0,-0.5235987755982988,0.7853981633974483,0.0,0.5235987755982988,0.0,0.0,0.0,0.0,0.0,0.0,0.0,0.0,0.0,0.0,0.0,0.0,0.0,0.5,0.0,0.0,0.0,False,False,False,False,1,False,,0.0,0,,,,True,True,0.0,0.009915899980114773,True,0.0,0.0,False,False,False,False,False,False,1.0,False,False,False,0.0,0.0,0.0,0.0
0.4102884000091106,1786138787.8274736,0.010036100022261962,0.002925900014815852,0.010036100022261962,READY,0,waiting for deadman,0.0,0.4102884000091106,75,0.0,0.0,0.0,0.0,0.0,0.0,1.0,0.0,0.0,0.0,0.0,0.0,0.0,1.0,-0.016000000000000007,-0.22496149868535165,0.2802328425555495,-0.1305261922200515,0.0,0.0,0.9914448613738105,-0.016000000000000007,-0.22496149868535165,0.2802328425555495,-0.1305261922200515,0.0,0.0,0.9914448613738105,-0.016000000000000007,-0.22496149868535165,0.2802328425555495,-0.1305261922200515,0.0,0.0,0.9914448613738105,-0.016000000000000007,-0.22496149868535165,0.2802328425555495,-0.1305261922200515,0.0,0.0,0.9914448613738105,-0.016000000000000007,-0.22496149868535165,0.2802328425555495,-0.1305261922200515,0.0,0.0,0.9914448613738105,0.0,-0.5235987755982988,0.7853981633974483,0.0,0.5235987755982988,0.0,0.0,-0.5235987755982988,0.7853981633974483,0.0,0.5235987755982988,0.0,0.0,-0.5235987755982988,0.7853981633974483,0.0,0.5235987755982988,0.0,0.0,0.0,0.0,0.0,0.0,0.0,0.0,0.0,0.0,0.0,0.0,0.0,0.5,0.0,0.0,0.0,False,False,False,False,1,False,,0.0,0,,,,True,True,0.0,0.010036100022261962,True,0.0,0.0,False,False,False,False,False,False,1.0,False,False,False,0.0,0.0,0.0,0.0
0.42043620000879656,1786138787.838514,0.010147799999685958,0.0038019999919924885,0.010147799999685958,READY,0,waiting for deadman,0.0,0.42043620000879656,77,0.0,0.0,0.0,0.0,0.0,0.0,1.0,0.0,0.0,0.0,0.0,0.0,0.0,1.0,-0.016000000000000007,-0.22496149868535165,0.2802328425555495,-0.1305261922200515,0.0,0.0,0.9914448613738105,-0.016000000000000007,-0.22496149868535165,0.2802328425555495,-0.1305261922200515,0.0,0.0,0.9914448613738105,-0.016000000000000007,-0.22496149868535165,0.2802328425555495,-0.1305261922200515,0.0,0.0,0.9914448613738105,-0.016000000000000007,-0.22496149868535165,0.2802328425555495,-0.1305261922200515,0.0,0.0,0.9914448613738105,-0.016000000000000007,-0.22496149868535165,0.2802328425555495,-0.1305261922200515,0.0,0.0,0.9914448613738105,0.0,-0.5235987755982988,0.7853981633974483,0.0,0.5235987755982988,0.0,0.0,-0.5235987755982988,0.7853981633974483,0.0,0.5235987755982988,0.0,0.0,-0.5235987755982988,0.7853981633974483,0.0,0.5235987755982988,0.0,0.0,0.0,0.0,0.0,0.0,0.0,0.0,0.0,0.0,0.0,0.0,0.0,0.5,0.0,0.0,0.0,False,False,False,False,1,False,,0.0,0,,,,True,True,0.0,0.010147799999685958,True,0.0,0.0,False,False,False,False,False,False,1.0,False,False,False,0.0,0.0,0.0,0.0
0.4304640999977235,1786138787.8475347,0.010027899988926947,0.002814699982991442,0.010027899988926947,READY,0,waiting for deadman,0.0,0.4304640999977235,79,0.0,0.0,0.0,0.0,0.0,0.0,1.0,0.0,0.0,0.0,0.0,0.0,0.0,1.0,-0.016000000000000007,-0.22496149868535165,0.2802328425555495,-0.1305261922200515,0.0,0.0,0.9914448613738105,-0.016000000000000007,-0.22496149868535165,0.2802328425555495,-0.1305261922200515,0.0,0.0,0.9914448613738105,-0.016000000000000007,-0.22496149868535165,0.2802328425555495,-0.1305261922200515,0.0,0.0,0.9914448613738105,-0.016000000000000007,-0.22496149868535165,0.2802328425555495,-0.1305261922200515,0.0,0.0,0.9914448613738105,-0.016000000000000007,-0.22496149868535165,0.2802328425555495,-0.1305261922200515,0.0,0.0,0.9914448613738105,0.0,-0.5235987755982988,0.7853981633974483,0.0,0.5235987755982988,0.0,0.0,-0.5235987755982988,0.7853981633974483,0.0,0.5235987755982988,0.0,0.0,-0.5235987755982988,0.7853981633974483,0.0,0.5235987755982988,0.0,0.0,0.0,0.0,0.0,0.0,0.0,0.0,0.0,0.0,0.0,0.0,0.0,0.5,0.0,0.0,0.0,False,False,False,False,1,False,,0.0,0,,,,True,True,0.0,0.010027899988926947,True,0.0,0.0,False,False,False,False,False,False,1.0,False,False,False,0.0,0.0,0.0,0.0
0.44049050000433254,1786138787.8581998,0.010026400006609038,0.0034487000084482133,0.010026400006609038,READY,0,waiting for deadman,0.0,0.44049050000433254,81,0.0,0.0,0.0,0.0,0.0,0.0,1.0,0.0,0.0,0.0,0.0,0.0,0.0,1.0,-0.016000000000000007,-0.22496149868535165,0.2802328425555495,-0.1305261922200515,0.0,0.0,0.9914448613738105,-0.016000000000000007,-0.22496149868535165,0.2802328425555495,-0.1305261922200515,0.0,0.0,0.9914448613738105,-0.016000000000000007,-0.22496149868535165,0.2802328425555495,-0.1305261922200515,0.0,0.0,0.9914448613738105,-0.016000000000000007,-0.22496149868535165,0.2802328425555495,-0.1305261922200515,0.0,0.0,0.9914448613738105,-0.016000000000000007,-0.22496149868535165,0.2802328425555495,-0.1305261922200515,0.0,0.0,0.9914448613738105,0.0,-0.5235987755982988,0.7853981633974483,0.0,0.5235987755982988,0.0,0.0,-0.5235987755982988,0.7853981633974483,0.0,0.5235987755982988,0.0,0.0,-0.5235987755982988,0.7853981633974483,0.0,0.5235987755982988,0.0,0.0,0.0,0.0,0.0,0.0,0.0,0.0,0.0,0.0,0.0,0.0,0.0,0.5,0.0,0.0,0.0,False,False,False,False,1,False,,0.0,0,,,,True,True,0.0,0.010026400006609038,True,0.0,0.0,False,False,False,False,False,False,1.0,False,False,False,0.0,0.0,0.0,0.0
0.45012149999786544,1786138787.8679109,0.009630999993532896,0.003532000002451241,0.009630999993532896,READY,0,waiting for deadman,0.0,0.45012149999786544,83,0.0,0.0,0.0,0.0,0.0,0.0,1.0,0.0,0.0,0.0,0.0,0.0,0.0,1.0,-0.016000000000000007,-0.22496149868535165,0.2802328425555495,-0.1305261922200515,0.0,0.0,0.9914448613738105,-0.016000000000000007,-0.22496149868535165,0.2802328425555495,-0.1305261922200515,0.0,0.0,0.9914448613738105,-0.016000000000000007,-0.22496149868535165,0.2802328425555495,-0.1305261922200515,0.0,0.0,0.9914448613738105,-0.016000000000000007,-0.22496149868535165,0.2802328425555495,-0.1305261922200515,0.0,0.0,0.9914448613738105,-0.016000000000000007,-0.22496149868535165,0.2802328425555495,-0.1305261922200515,0.0,0.0,0.9914448613738105,0.0,-0.5235987755982988,0.7853981633974483,0.0,0.5235987755982988,0.0,0.0,-0.5235987755982988,0.7853981633974483,0.0,0.5235987755982988,0.0,0.0,-0.5235987755982988,0.7853981633974483,0.0,0.5235987755982988,0.0,0.0,0.0,0.0,0.0,0.0,0.0,0.0,0.0,0.0,0.0,0.0,0.0,0.5,0.0,0.0,0.0,False,False,False,False,1,False,,0.0,0,,,,True,True,0.0,0.009630999993532896,True,0.0,0.0,False,False,False,False,False,False,1.0,False,False,False,0.0,0.0,0.0,0.0
0.46221849999676834,1786138787.8794742,0.012096999998902902,0.003001000004587695,0.012096999998902902,READY,0,waiting for deadman,0.0,0.46221849999676834,85,0.0,0.0,0.0,0.0,0.0,0.0,1.0,0.0,0.0,0.0,0.0,0.0,0.0,1.0,-0.016000000000000007,-0.22496149868535165,0.2802328425555495,-0.1305261922200515,0.0,0.0,0.9914448613738105,-0.016000000000000007,-0.22496149868535165,0.2802328425555495,-0.1305261922200515,0.0,0.0,0.9914448613738105,-0.016000000000000007,-0.22496149868535165,0.2802328425555495,-0.1305261922200515,0.0,0.0,0.9914448613738105,-0.016000000000000007,-0.22496149868535165,0.2802328425555495,-0.1305261922200515,0.0,0.0,0.9914448613738105,-0.016000000000000007,-0.22496149868535165,0.2802328425555495,-0.1305261922200515,0.0,0.0,0.9914448613738105,0.0,-0.5235987755982988,0.7853981633974483,0.0,0.5235987755982988,0.0,0.0,-0.5235987755982988,0.7853981633974483,0.0,0.5235987755982988,0.0,0.0,-0.5235987755982988,0.7853981633974483,0.0,0.5235987755982988,0.0,0.0,0.0,0.0,0.0,0.0,0.0,0.0,0.0,0.0,0.0,0.0,0.0,0.5,0.0,0.0,0.0,False,False,False,False,1,False,,0.0,0,,,,True,True,0.0,0.012096999998902902,True,0.0,0.0,False,False,False,False,False,False,1.0,False,False,False,0.0,0.0,0.0,0.0
0.4702070999989044,1786138787.8874125,0.007988600002136081,0.0029418999911285937,0.007988600002136081,READY,0,waiting for deadman,0.0,0.4702070999989044,87,0.0,0.0,0.0,0.0,0.0,0.0,1.0,0.0,0.0,0.0,0.0,0.0,0.0,1.0,-0.016000000000000007,-0.22496149868535165,0.2802328425555495,-0.1305261922200515,0.0,0.0,0.9914448613738105,-0.016000000000000007,-0.22496149868535165,0.2802328425555495,-0.1305261922200515,0.0,0.0,0.9914448613738105,-0.016000000000000007,-0.22496149868535165,0.2802328425555495,-0.1305261922200515,0.0,0.0,0.9914448613738105,-0.016000000000000007,-0.22496149868535165,0.2802328425555495,-0.1305261922200515,0.0,0.0,0.9914448613738105,-0.016000000000000007,-0.22496149868535165,0.2802328425555495,-0.1305261922200515,0.0,0.0,0.9914448613738105,0.0,-0.5235987755982988,0.7853981633974483,0.0,0.5235987755982988,0.0,0.0,-0.5235987755982988,0.7853981633974483,0.0,0.5235987755982988,0.0,0.0,-0.5235987755982988,0.7853981633974483,0.0,0.5235987755982988,0.0,0.0,0.0,0.0,0.0,0.0,0.0,0.0,0.0,0.0,0.0,0.0,0.0,0.5,0.0,0.0,0.0,False,False,False,False,1,False,,0.0,0,,,,True,True,0.0,0.007988600002136081,True,0.0,0.0,False,False,False,False,False,False,1.0,False,False,False,0.0,0.0,0.0,0.0
0.4802459000126217,1786138787.8984196,0.010038800013717264,0.003910200000973418,0.010038800013717264,READY,0,waiting for deadman,0.0,0.4802459000126217,89,0.0,0.0,0.0,0.0,0.0,0.0,1.0,0.0,0.0,0.0,0.0,0.0,0.0,1.0,-0.016000000000000007,-0.22496149868535165,0.2802328425555495,-0.1305261922200515,0.0,0.0,0.9914448613738105,-0.016000000000000007,-0.22496149868535165,0.2802328425555495,-0.1305261922200515,0.0,0.0,0.9914448613738105,-0.016000000000000007,-0.22496149868535165,0.2802328425555495,-0.1305261922200515,0.0,0.0,0.9914448613738105,-0.016000000000000007,-0.22496149868535165,0.2802328425555495,-0.1305261922200515,0.0,0.0,0.9914448613738105,-0.016000000000000007,-0.22496149868535165,0.2802328425555495,-0.1305261922200515,0.0,0.0,0.9914448613738105,0.0,-0.5235987755982988,0.7853981633974483,0.0,0.5235987755982988,0.0,0.0,-0.5235987755982988,0.7853981633974483,0.0,0.5235987755982988,0.0,0.0,-0.5235987755982988,0.7853981633974483,0.0,0.5235987755982988,0.0,0.0,0.0,0.0,0.0,0.0,0.0,0.0,0.0,0.0,0.0,0.0,0.0,0.5,0.0,0.0,0.0,False,False,False,False,1,False,,0.0,0,,,,True,True,0.0,0.010038800013717264,True,0.0,0.0,False,False,False,False,False,False,1.0,False,False,False,0.0,0.0,0.0,0.0
0.4902314999995977,1786138787.9070556,0.009985599986976013,0.002570000011473894,0.009985599986976013,READY,0,waiting for deadman,0.0,0.4902314999995977,91,0.0,0.0,0.0,0.0,0.0,0.0,1.0,0.0,0.0,0.0,0.0,0.0,0.0,1.0,-0.016000000000000007,-0.22496149868535165,0.2802328425555495,-0.1305261922200515,0.0,0.0,0.9914448613738105,-0.016000000000000007,-0.22496149868535165,0.2802328425555495,-0.1305261922200515,0.0,0.0,0.9914448613738105,-0.016000000000000007,-0.22496149868535165,0.2802328425555495,-0.1305261922200515,0.0,0.0,0.9914448613738105,-0.016000000000000007,-0.22496149868535165,0.2802328425555495,-0.1305261922200515,0.0,0.0,0.9914448613738105,-0.016000000000000007,-0.22496149868535165,0.2802328425555495,-0.1305261922200515,0.0,0.0,0.9914448613738105,0.0,-0.5235987755982988,0.7853981633974483,0.0,0.5235987755982988,0.0,0.0,-0.5235987755982988,0.7853981633974483,0.0,0.5235987755982988,0.0,0.0,-0.5235987755982988,0.7853981633974483,0.0,0.5235987755982988,0.0,0.0,0.0,0.0,0.0,0.0,0.0,0.0,0.0,0.0,0.0,0.0,0.0,0.5,0.0,0.0,0.0,False,False,False,False,1,False,,0.0,0,,,,True,True,0.0,0.009985599986976013,True,0.0,0.0,False,False,False,False,False,False,1.0,False,False,False,0.0,0.0,0.0,0.0
0.5003339000028316,1786138787.9185228,0.010102400003233925,0.003933999978471547,0.010102400003233925,READY,0,waiting for deadman,0.0,0.5003339000028316,93,0.0,0.0,0.0,0.0,0.0,0.0,1.0,0.0,0.0,0.0,0.0,0.0,0.0,1.0,-0.016000000000000007,-0.22496149868535165,0.2802328425555495,-0.1305261922200515,0.0,0.0,0.9914448613738105,-0.016000000000000007,-0.22496149868535165,0.2802328425555495,-0.1305261922200515,0.0,0.0,0.9914448613738105,-0.016000000000000007,-0.22496149868535165,0.2802328425555495,-0.1305261922200515,0.0,0.0,0.9914448613738105,-0.016000000000000007,-0.22496149868535165,0.2802328425555495,-0.1305261922200515,0.0,0.0,0.9914448613738105,-0.016000000000000007,-0.22496149868535165,0.2802328425555495,-0.1305261922200515,0.0,0.0,0.9914448613738105,0.0,-0.5235987755982988,0.7853981633974483,0.0,0.5235987755982988,0.0,0.0,-0.5235987755982988,0.7853981633974483,0.0,0.5235987755982988,0.0,0.0,-0.5235987755982988,0.7853981633974483,0.0,0.5235987755982988,0.0,0.0,0.0,0.0,0.0,0.0,0.0,0.0,0.0,0.0,0.0,0.0,0.0,0.5,0.0,0.0,0.0,False,False,False,False,1,False,,0.0,0,,,,True,True,0.0,0.010102400003233925,True,0.0,0.0,False,False,False,False,False,False,1.0,False,False,False,0.0,0.0,0.0,0.0
0.5102803000114616,1786138787.9274187,0.009946400008630008,0.002881899999920279,0.009946400008630008,READY,0,waiting for deadman,0.0,0.5102803000114616,95,0.0,0.0,0.0,0.0,0.0,0.0,1.0,0.0,0.0,0.0,0.0,0.0,0.0,1.0,-0.016000000000000007,-0.22496149868535165,0.2802328425555495,-0.1305261922200515,0.0,0.0,0.9914448613738105,-0.016000000000000007,-0.22496149868535165,0.2802328425555495,-0.1305261922200515,0.0,0.0,0.9914448613738105,-0.016000000000000007,-0.22496149868535165,0.2802328425555495,-0.1305261922200515,0.0,0.0,0.9914448613738105,-0.016000000000000007,-0.22496149868535165,0.2802328425555495,-0.1305261922200515,0.0,0.0,0.9914448613738105,-0.016000000000000007,-0.22496149868535165,0.2802328425555495,-0.1305261922200515,0.0,0.0,0.9914448613738105,0.0,-0.5235987755982988,0.7853981633974483,0.0,0.5235987755982988,0.0,0.0,-0.5235987755982988,0.7853981633974483,0.0,0.5235987755982988,0.0,0.0,-0.5235987755982988,0.7853981633974483,0.0,0.5235987755982988,0.0,0.0,0.0,0.0,0.0,0.0,0.0,0.0,0.0,0.0,0.0,0.0,0.0,0.5,0.0,0.0,0.0,False,False,False,False,1,False,,0.0,0,,,,True,True,0.0,0.009946400008630008,True,0.0,0.0,False,False,False,False,False,False,1.0,False,False,False,0.0,0.0,0.0,0.0
0.5203353000030145,1786138787.9381976,0.010054999991552904,0.003598499984946102,0.010054999991552904,READY,0,waiting for deadman,0.0,0.5203353000030145,97,0.0,0.0,0.0,0.0,0.0,0.0,1.0,0.0,0.0,0.0,0.0,0.0,0.0,1.0,-0.016000000000000007,-0.22496149868535165,0.2802328425555495,-0.1305261922200515,0.0,0.0,0.9914448613738105,-0.016000000000000007,-0.22496149868535165,0.2802328425555495,-0.1305261922200515,0.0,0.0,0.9914448613738105,-0.016000000000000007,-0.22496149868535165,0.2802328425555495,-0.1305261922200515,0.0,0.0,0.9914448613738105,-0.016000000000000007,-0.22496149868535165,0.2802328425555495,-0.1305261922200515,0.0,0.0,0.9914448613738105,-0.016000000000000007,-0.22496149868535165,0.2802328425555495,-0.1305261922200515,0.0,0.0,0.9914448613738105,0.0,-0.5235987755982988,0.7853981633974483,0.0,0.5235987755982988,0.0,0.0,-0.5235987755982988,0.7853981633974483,0.0,0.5235987755982988,0.0,0.0,-0.5235987755982988,0.7853981633974483,0.0,0.5235987755982988,0.0,0.0,0.0,0.0,0.0,0.0,0.0,0.0,0.0,0.0,0.0,0.0,0.0,0.5,0.0,0.0,0.0,False,False,False,False,1,False,,0.0,0,,,,True,True,0.0,0.010054999991552904,True,0.0,0.0,False,False,False,False,False,False,1.0,False,False,False,0.0,0.0,0.0,0.0
0.5322959000110384,1786138787.949542,0.011960600008023903,0.0029904000111855567,0.011960600008023903,READY,0,waiting for deadman,0.0,0.5322959000110384,99,0.0,0.0,0.0,0.0,0.0,0.0,1.0,0.0,0.0,0.0,0.0,0.0,0.0,1.0,-0.016000000000000007,-0.22496149868535165,0.2802328425555495,-0.1305261922200515,0.0,0.0,0.9914448613738105,-0.016000000000000007,-0.22496149868535165,0.2802328425555495,-0.1305261922200515,0.0,0.0,0.9914448613738105,-0.016000000000000007,-0.22496149868535165,0.2802328425555495,-0.1305261922200515,0.0,0.0,0.9914448613738105,-0.016000000000000007,-0.22496149868535165,0.2802328425555495,-0.1305261922200515,0.0,0.0,0.9914448613738105,-0.016000000000000007,-0.22496149868535165,0.2802328425555495,-0.1305261922200515,0.0,0.0,0.9914448613738105,0.0,-0.5235987755982988,0.7853981633974483,0.0,0.5235987755982988,0.0,0.0,-0.5235987755982988,0.7853981633974483,0.0,0.5235987755982988,0.0,0.0,-0.5235987755982988,0.7853981633974483,0.0,0.5235987755982988,0.0,0.0,0.0,0.0,0.0,0.0,0.0,0.0,0.0,0.0,0.0,0.0,0.0,0.5,0.0,0.0,0.0,False,False,False,False,1,False,,0.0,0,,,,True,True,0.0,0.011960600008023903,True,0.0,0.0,False,False,False,False,False,False,1.0,False,False,False,0.0,0.0,0.0,0.0
0.540349799986532,1786138787.9576237,0.00805389997549355,0.0030169000092428178,0.00805389997549355,READY,0,waiting for deadman,0.0,0.540349799986532,101,0.0,0.0,0.0,0.0,0.0,0.0,1.0,0.0,0.0,0.0,0.0,0.0,0.0,1.0,-0.016000000000000007,-0.22496149868535165,0.2802328425555495,-0.1305261922200515,0.0,0.0,0.9914448613738105,-0.016000000000000007,-0.22496149868535165,0.2802328425555495,-0.1305261922200515,0.0,0.0,0.9914448613738105,-0.016000000000000007,-0.22496149868535165,0.2802328425555495,-0.1305261922200515,0.0,0.0,0.9914448613738105,-0.016000000000000007,-0.22496149868535165,0.2802328425555495,-0.1305261922200515,0.0,0.0,0.9914448613738105,-0.016000000000000007,-0.22496149868535165,0.2802328425555495,-0.1305261922200515,0.0,0.0,0.9914448613738105,0.0,-0.5235987755982988,0.7853981633974483,0.0,0.5235987755982988,0.0,0.0,-0.5235987755982988,0.7853981633974483,0.0,0.5235987755982988,0.0,0.0,-0.5235987755982988,0.7853981633974483,0.0,0.5235987755982988,0.0,0.0,0.0,0.0,0.0,0.0,0.0,0.0,0.0,0.0,0.0,0.0,0.0,0.5,0.0,0.0,0.0,False,False,False,False,1,False,,0.0,0,,,,True,True,0.0,0.00805389997549355,True,0.0,0.0,False,False,False,False,False,False,1.0,False,False,False,0.0,0.0,0.0,0.0
0.5503799999929723,1786138787.9682753,0.010030200006440282,0.003636000008555129,0.010030200006440282,READY,0,waiting for deadman,0.0,0.5503799999929723,103,0.0,0.0,0.0,0.0,0.0,0.0,1.0,0.0,0.0,0.0,0.0,0.0,0.0,1.0,-0.016000000000000007,-0.22496149868535165,0.2802328425555495,-0.1305261922200515,0.0,0.0,0.9914448613738105,-0.016000000000000007,-0.22496149868535165,0.2802328425555495,-0.1305261922200515,0.0,0.0,0.9914448613738105,-0.016000000000000007,-0.22496149868535165,0.2802328425555495,-0.1305261922200515,0.0,0.0,0.9914448613738105,-0.016000000000000007,-0.22496149868535165,0.2802328425555495,-0.1305261922200515,0.0,0.0,0.9914448613738105,-0.016000000000000007,-0.22496149868535165,0.2802328425555495,-0.1305261922200515,0.0,0.0,0.9914448613738105,0.0,-0.5235987755982988,0.7853981633974483,0.0,0.5235987755982988,0.0,0.0,-0.5235987755982988,0.7853981633974483,0.0,0.5235987755982988,0.0,0.0,-0.5235987755982988,0.7853981633974483,0.0,0.5235987755982988,0.0,0.0,0.0,0.0,0.0,0.0,0.0,0.0,0.0,0.0,0.0,0.0,0.0,0.5,0.0,0.0,0.0,False,False,False,False,1,False,,0.0,0,,,,True,True,0.0,0.010030200006440282,True,0.0,0.0,False,False,False,False,False,False,1.0,False,False,False,0.0,0.0,0.0,0.0
0.5603828999952637,1786138787.9779098,0.010002900002291426,0.0032725000055506825,0.010002900002291426,READY,0,waiting for deadman,0.0,0.5603828999952637,105,0.0,0.0,0.0,0.0,0.0,0.0,1.0,0.0,0.0,0.0,0.0,0.0,0.0,1.0,-0.016000000000000007,-0.22496149868535165,0.2802328425555495,-0.1305261922200515,0.0,0.0,0.9914448613738105,-0.016000000000000007,-0.22496149868535165,0.2802328425555495,-0.1305261922200515,0.0,0.0,0.9914448613738105,-0.016000000000000007,-0.22496149868535165,0.2802328425555495,-0.1305261922200515,0.0,0.0,0.9914448613738105,-0.016000000000000007,-0.22496149868535165,0.2802328425555495,-0.1305261922200515,0.0,0.0,0.9914448613738105,-0.016000000000000007,-0.22496149868535165,0.2802328425555495,-0.1305261922200515,0.0,0.0,0.9914448613738105,0.0,-0.5235987755982988,0.7853981633974483,0.0,0.5235987755982988,0.0,0.0,-0.5235987755982988,0.7853981633974483,0.0,0.5235987755982988,0.0,0.0,-0.5235987755982988,0.7853981633974483,0.0,0.5235987755982988,0.0,0.0,0.0,0.0,0.0,0.0,0.0,0.0,0.0,0.0,0.0,0.0,0.0,0.5,0.0,0.0,0.0,False,False,False,False,1,False,,0.0,0,,,,True,True,0.0,0.010002900002291426,True,0.0,0.0,False,False,False,False,False,False,1.0,False,False,False,0.0,0.0,0.0,0.0
0.5704109000140559,1786138787.987507,0.010028000018792227,0.0028355999966152012,0.010028000018792227,READY,0,waiting for deadman,0.0,0.5704109000140559,107,0.0,0.0,0.0,0.0,0.0,0.0,1.0,0.0,0.0,0.0,0.0,0.0,0.0,1.0,-0.016000000000000007,-0.22496149868535165,0.2802328425555495,-0.1305261922200515,0.0,0.0,0.9914448613738105,-0.016000000000000007,-0.22496149868535165,0.2802328425555495,-0.1305261922200515,0.0,0.0,0.9914448613738105,-0.016000000000000007,-0.22496149868535165,0.2802328425555495,-0.1305261922200515,0.0,0.0,0.9914448613738105,-0.016000000000000007,-0.22496149868535165,0.2802328425555495,-0.1305261922200515,0.0,0.0,0.9914448613738105,-0.016000000000000007,-0.22496149868535165,0.2802328425555495,-0.1305261922200515,0.0,0.0,0.9914448613738105,0.0,-0.5235987755982988,0.7853981633974483,0.0,0.5235987755982988,0.0,0.0,-0.5235987755982988,0.7853981633974483,0.0,0.5235987755982988,0.0,0.0,-0.5235987755982988,0.7853981633974483,0.0,0.5235987755982988,0.0,0.0,0.0,0.0,0.0,0.0,0.0,0.0,0.0,0.0,0.0,0.0,0.0,0.5,0.0,0.0,0.0,False,False,False,False,1,False,,0.0,0,,,,True,True,0.0,0.010028000018792227,True,0.0,0.0,False,False,False,False,False,False,1.0,False,False,False,0.0,0.0,0.0,0.0
0.5804571999975704,1786138787.9978032,0.010046299983514473,0.003075499989790842,0.010046299983514473,READY,0,waiting for deadman,0.0,0.5804571999975704,109,0.0,0.0,0.0,0.0,0.0,0.0,1.0,0.0,0.0,0.0,0.0,0.0,0.0,1.0,-0.016000000000000007,-0.22496149868535165,0.2802328425555495,-0.1305261922200515,0.0,0.0,0.9914448613738105,-0.016000000000000007,-0.22496149868535165,0.2802328425555495,-0.1305261922200515,0.0,0.0,0.9914448613738105,-0.016000000000000007,-0.22496149868535165,0.2802328425555495,-0.1305261922200515,0.0,0.0,0.9914448613738105,-0.016000000000000007,-0.22496149868535165,0.2802328425555495,-0.1305261922200515,0.0,0.0,0.9914448613738105,-0.016000000000000007,-0.22496149868535165,0.2802328425555495,-0.1305261922200515,0.0,0.0,0.9914448613738105,0.0,-0.5235987755982988,0.7853981633974483,0.0,0.5235987755982988,0.0,0.0,-0.5235987755982988,0.7853981633974483,0.0,0.5235987755982988,0.0,0.0,-0.5235987755982988,0.7853981633974483,0.0,0.5235987755982988,0.0,0.0,0.0,0.0,0.0,0.0,0.0,0.0,0.0,0.0,0.0,0.0,0.0,0.5,0.0,0.0,0.0,False,False,False,False,1,False,,0.0,0,,,,True,True,0.0,0.010046299983514473,True,0.0,0.0,False,False,False,False,False,False,1.0,False,False,False,0.0,0.0,0.0,0.0
0.5904496000072211,1786138788.0078902,0.009992400009650737,0.0031858999864198267,0.009992400009650737,READY,0,waiting for deadman,0.0,0.5904496000072211,111,0.0,0.0,0.0,0.0,0.0,0.0,1.0,0.0,0.0,0.0,0.0,0.0,0.0,1.0,-0.016000000000000007,-0.22496149868535165,0.2802328425555495,-0.1305261922200515,0.0,0.0,0.9914448613738105,-0.016000000000000007,-0.22496149868535165,0.2802328425555495,-0.1305261922200515,0.0,0.0,0.9914448613738105,-0.016000000000000007,-0.22496149868535165,0.2802328425555495,-0.1305261922200515,0.0,0.0,0.9914448613738105,-0.016000000000000007,-0.22496149868535165,0.2802328425555495,-0.1305261922200515,0.0,0.0,0.9914448613738105,-0.016000000000000007,-0.22496149868535165,0.2802328425555495,-0.1305261922200515,0.0,0.0,0.9914448613738105,0.0,-0.5235987755982988,0.7853981633974483,0.0,0.5235987755982988,0.0,0.0,-0.5235987755982988,0.7853981633974483,0.0,0.5235987755982988,0.0,0.0,-0.5235987755982988,0.7853981633974483,0.0,0.5235987755982988,0.0,0.0,0.0,0.0,0.0,0.0,0.0,0.0,0.0,0.0,0.0,0.0,0.0,0.5,0.0,0.0,0.0,False,False,False,False,1,False,,0.0,0,,,,True,True,0.0,0.009992400009650737,True,0.0,0.0,False,False,False,False,False,False,1.0,False,False,False,0.0,0.0,0.0,0.0
0.6004929999977574,1786138788.0179193,0.010043399990536273,0.0031673999910708517,0.010043399990536273,READY,0,waiting for deadman,0.0,0.6004929999977574,113,0.0,0.0,0.0,0.0,0.0,0.0,1.0,0.0,0.0,0.0,0.0,0.0,0.0,1.0,-0.016000000000000007,-0.22496149868535165,0.2802328425555495,-0.1305261922200515,0.0,0.0,0.9914448613738105,-0.016000000000000007,-0.22496149868535165,0.2802328425555495,-0.1305261922200515,0.0,0.0,0.9914448613738105,-0.016000000000000007,-0.22496149868535165,0.2802328425555495,-0.1305261922200515,0.0,0.0,0.9914448613738105,-0.016000000000000007,-0.22496149868535165,0.2802328425555495,-0.1305261922200515,0.0,0.0,0.9914448613738105,-0.016000000000000007,-0.22496149868535165,0.2802328425555495,-0.1305261922200515,0.0,0.0,0.9914448613738105,0.0,-0.5235987755982988,0.7853981633974483,0.0,0.5235987755982988,0.0,0.0,-0.5235987755982988,0.7853981633974483,0.0,0.5235987755982988,0.0,0.0,-0.5235987755982988,0.7853981633974483,0.0,0.5235987755982988,0.0,0.0,0.0,0.0,0.0,0.0,0.0,0.0,0.0,0.0,0.0,0.0,0.0,0.5,0.0,0.0,0.0,False,False,False,False,1,False,,0.0,0,,,,True,True,0.0,0.010043399990536273,True,0.0,0.0,False,False,False,False,False,False,1.0,False,False,False,0.0,0.0,0.0,0.0
0.6105364999890551,1786138788.0281198,0.010043499991297722,0.0033158000151161104,0.010043499991297722,READY,0,waiting for deadman,0.0,0.6105364999890551,115,0.0,0.0,0.0,0.0,0.0,0.0,1.0,0.0,0.0,0.0,0.0,0.0,0.0,1.0,-0.016000000000000007,-0.22496149868535165,0.2802328425555495,-0.1305261922200515,0.0,0.0,0.9914448613738105,-0.016000000000000007,-0.22496149868535165,0.2802328425555495,-0.1305261922200515,0.0,0.0,0.9914448613738105,-0.016000000000000007,-0.22496149868535165,0.2802328425555495,-0.1305261922200515,0.0,0.0,0.9914448613738105,-0.016000000000000007,-0.22496149868535165,0.2802328425555495,-0.1305261922200515,0.0,0.0,0.9914448613738105,-0.016000000000000007,-0.22496149868535165,0.2802328425555495,-0.1305261922200515,0.0,0.0,0.9914448613738105,0.0,-0.5235987755982988,0.7853981633974483,0.0,0.5235987755982988,0.0,0.0,-0.5235987755982988,0.7853981633974483,0.0,0.5235987755982988,0.0,0.0,-0.5235987755982988,0.7853981633974483,0.0,0.5235987755982988,0.0,0.0,0.0,0.0,0.0,0.0,0.0,0.0,0.0,0.0,0.0,0.0,0.0,0.5,0.0,0.0,0.0,False,False,False,False,1,False,,0.0,0,,,,True,True,0.0,0.010043499991297722,True,0.0,0.0,False,False,False,False,False,False,1.0,False,False,False,0.0,0.0,0.0,0.0
0.6200402000027933,1786138788.0372796,0.009503700013738126,0.0029820000054314733,0.009503700013738126,READY,0,waiting for deadman,0.0,0.6200402000027933,117,0.0,0.0,0.0,0.0,0.0,0.0,1.0,0.0,0.0,0.0,0.0,0.0,0.0,1.0,-0.016000000000000007,-0.22496149868535165,0.2802328425555495,-0.1305261922200515,0.0,0.0,0.9914448613738105,-0.016000000000000007,-0.22496149868535165,0.2802328425555495,-0.1305261922200515,0.0,0.0,0.9914448613738105,-0.016000000000000007,-0.22496149868535165,0.2802328425555495,-0.1305261922200515,0.0,0.0,0.9914448613738105,-0.016000000000000007,-0.22496149868535165,0.2802328425555495,-0.1305261922200515,0.0,0.0,0.9914448613738105,-0.016000000000000007,-0.22496149868535165,0.2802328425555495,-0.1305261922200515,0.0,0.0,0.9914448613738105,0.0,-0.5235987755982988,0.7853981633974483,0.0,0.5235987755982988,0.0,0.0,-0.5235987755982988,0.7853981633974483,0.0,0.5235987755982988,0.0,0.0,-0.5235987755982988,0.7853981633974483,0.0,0.5235987755982988,0.0,0.0,0.0,0.0,0.0,0.0,0.0,0.0,0.0,0.0,0.0,0.0,0.0,0.5,0.0,0.0,0.0,False,False,False,False,1,False,,0.0,0,,,,True,True,0.0,0.009503700013738126,True,0.0,0.0,False,False,False,False,False,False,1.0,False,False,False,0.0,0.0,0.0,0.0
0.630059899987489,1786138788.0474062,0.010019699984695762,0.003091100021265447,0.010019699984695762,READY,0,waiting for deadman,0.0,0.630059899987489,119,0.0,0.0,0.0,0.0,0.0,0.0,1.0,0.0,0.0,0.0,0.0,0.0,0.0,1.0,-0.016000000000000007,-0.22496149868535165,0.2802328425555495,-0.1305261922200515,0.0,0.0,0.9914448613738105,-0.016000000000000007,-0.22496149868535165,0.2802328425555495,-0.1305261922200515,0.0,0.0,0.9914448613738105,-0.016000000000000007,-0.22496149868535165,0.2802328425555495,-0.1305261922200515,0.0,0.0,0.9914448613738105,-0.016000000000000007,-0.22496149868535165,0.2802328425555495,-0.1305261922200515,0.0,0.0,0.9914448613738105,-0.016000000000000007,-0.22496149868535165,0.2802328425555495,-0.1305261922200515,0.0,0.0,0.9914448613738105,0.0,-0.5235987755982988,0.7853981633974483,0.0,0.5235987755982988,0.0,0.0,-0.5235987755982988,0.7853981633974483,0.0,0.5235987755982988,0.0,0.0,-0.5235987755982988,0.7853981633974483,0.0,0.5235987755982988,0.0,0.0,0.0,0.0,0.0,0.0,0.0,0.0,0.0,0.0,0.0,0.0,0.0,0.5,0.0,0.0,0.0,False,False,False,False,1,False,,0.0,0,,,,True,True,0.0,0.010019699984695762,True,0.0,0.0,False,False,False,False,False,False,1.0,False,False,False,0.0,0.0,0.0,0.0
0.6402197999919989,1786138788.0578995,0.010159900004509836,0.0034174000029452145,0.010159900004509836,READY,0,waiting for deadman,0.0,0.6402197999919989,121,0.0,0.0,0.0,0.0,0.0,0.0,1.0,0.0,0.0,0.0,0.0,0.0,0.0,1.0,-0.016000000000000007,-0.22496149868535165,0.2802328425555495,-0.1305261922200515,0.0,0.0,0.9914448613738105,-0.016000000000000007,-0.22496149868535165,0.2802328425555495,-0.1305261922200515,0.0,0.0,0.9914448613738105,-0.016000000000000007,-0.22496149868535165,0.2802328425555495,-0.1305261922200515,0.0,0.0,0.9914448613738105,-0.016000000000000007,-0.22496149868535165,0.2802328425555495,-0.1305261922200515,0.0,0.0,0.9914448613738105,-0.016000000000000007,-0.22496149868535165,0.2802328425555495,-0.1305261922200515,0.0,0.0,0.9914448613738105,0.0,-0.5235987755982988,0.7853981633974483,0.0,0.5235987755982988,0.0,0.0,-0.5235987755982988,0.7853981633974483,0.0,0.5235987755982988,0.0,0.0,-0.5235987755982988,0.7853981633974483,0.0,0.5235987755982988,0.0,0.0,0.0,0.0,0.0,0.0,0.0,0.0,0.0,0.0,0.0,0.0,0.0,0.5,0.0,0.0,0.0,False,False,False,False,1,False,,0.0,0,,,,True,True,0.0,0.010159900004509836,True,0.0,0.0,False,False,False,False,False,False,1.0,False,False,False,0.0,0.0,0.0,0.0
0.6500847999919895,1786138788.0671725,0.009864999999990687,0.002834099985193461,0.009864999999990687,READY,0,waiting for deadman,0.0,0.6500847999919895,123,0.0,0.0,0.0,0.0,0.0,0.0,1.0,0.0,0.0,0.0,0.0,0.0,0.0,1.0,-0.016000000000000007,-0.22496149868535165,0.2802328425555495,-0.1305261922200515,0.0,0.0,0.9914448613738105,-0.016000000000000007,-0.22496149868535165,0.2802328425555495,-0.1305261922200515,0.0,0.0,0.9914448613738105,-0.016000000000000007,-0.22496149868535165,0.2802328425555495,-0.1305261922200515,0.0,0.0,0.9914448613738105,-0.016000000000000007,-0.22496149868535165,0.2802328425555495,-0.1305261922200515,0.0,0.0,0.9914448613738105,-0.016000000000000007,-0.22496149868535165,0.2802328425555495,-0.1305261922200515,0.0,0.0,0.9914448613738105,0.0,-0.5235987755982988,0.7853981633974483,0.0,0.5235987755982988,0.0,0.0,-0.5235987755982988,0.7853981633974483,0.0,0.5235987755982988,0.0,0.0,-0.5235987755982988,0.7853981633974483,0.0,0.5235987755982988,0.0,0.0,0.0,0.0,0.0,0.0,0.0,0.0,0.0,0.0,0.0,0.0,0.0,0.5,0.0,0.0,0.0,False,False,False,False,1,False,,0.0,0,,,,True,True,0.0,0.009864999999990687,True,0.0,0.0,False,False,False,False,False,False,1.0,False,False,False,0.0,0.0,0.0,0.0
0.6601314000068922,1786138788.0776742,0.010046600014902651,0.00328770000487566,0.010046600014902651,READY,0,waiting for deadman,0.0,0.6601314000068922,125,0.0,0.0,0.0,0.0,0.0,0.0,1.0,0.0,0.0,0.0,0.0,0.0,0.0,1.0,-0.016000000000000007,-0.22496149868535165,0.2802328425555495,-0.1305261922200515,0.0,0.0,0.9914448613738105,-0.016000000000000007,-0.22496149868535165,0.2802328425555495,-0.1305261922200515,0.0,0.0,0.9914448613738105,-0.016000000000000007,-0.22496149868535165,0.2802328425555495,-0.1305261922200515,0.0,0.0,0.9914448613738105,-0.016000000000000007,-0.22496149868535165,0.2802328425555495,-0.1305261922200515,0.0,0.0,0.9914448613738105,-0.016000000000000007,-0.22496149868535165,0.2802328425555495,-0.1305261922200515,0.0,0.0,0.9914448613738105,0.0,-0.5235987755982988,0.7853981633974483,0.0,0.5235987755982988,0.0,0.0,-0.5235987755982988,0.7853981633974483,0.0,0.5235987755982988,0.0,0.0,-0.5235987755982988,0.7853981633974483,0.0,0.5235987755982988,0.0,0.0,0.0,0.0,0.0,0.0,0.0,0.0,0.0,0.0,0.0,0.0,0.0,0.5,0.0,0.0,0.0,False,False,False,False,1,False,,0.0,0,,,,True,True,0.0,0.010046600014902651,True,0.0,0.0,False,False,False,False,False,False,1.0,False,False,False,0.0,0.0,0.0,0.0
0.6701287999964077,1786138788.087772,0.009997399989515543,0.003382800001418218,0.009997399989515543,READY,0,waiting for deadman,0.0,0.6701287999964077,127,0.0,0.0,0.0,0.0,0.0,0.0,1.0,0.0,0.0,0.0,0.0,0.0,0.0,1.0,-0.016000000000000007,-0.22496149868535165,0.2802328425555495,-0.1305261922200515,0.0,0.0,0.9914448613738105,-0.016000000000000007,-0.22496149868535165,0.2802328425555495,-0.1305261922200515,0.0,0.0,0.9914448613738105,-0.016000000000000007,-0.22496149868535165,0.2802328425555495,-0.1305261922200515,0.0,0.0,0.9914448613738105,-0.016000000000000007,-0.22496149868535165,0.2802328425555495,-0.1305261922200515,0.0,0.0,0.9914448613738105,-0.016000000000000007,-0.22496149868535165,0.2802328425555495,-0.1305261922200515,0.0,0.0,0.9914448613738105,0.0,-0.5235987755982988,0.7853981633974483,0.0,0.5235987755982988,0.0,0.0,-0.5235987755982988,0.7853981633974483,0.0,0.5235987755982988,0.0,0.0,-0.5235987755982988,0.7853981633974483,0.0,0.5235987755982988,0.0,0.0,0.0,0.0,0.0,0.0,0.0,0.0,0.0,0.0,0.0,0.0,0.0,0.5,0.0,0.0,0.0,False,False,False,False,1,False,,0.0,0,,,,True,True,0.0,0.009997399989515543,True,0.0,0.0,False,False,False,False,False,False,1.0,False,False,False,0.0,0.0,0.0,0.0
0.6801439000042845,1786138788.0974164,0.010015100007876754,0.0030149999947752804,0.010015100007876754,READY,0,waiting for deadman,0.0,0.6801439000042845,129,0.0,0.0,0.0,0.0,0.0,0.0,1.0,0.0,0.0,0.0,0.0,0.0,0.0,1.0,-0.016000000000000007,-0.22496149868535165,0.2802328425555495,-0.1305261922200515,0.0,0.0,0.9914448613738105,-0.016000000000000007,-0.22496149868535165,0.2802328425555495,-0.1305261922200515,0.0,0.0,0.9914448613738105,-0.016000000000000007,-0.22496149868535165,0.2802328425555495,-0.1305261922200515,0.0,0.0,0.9914448613738105,-0.016000000000000007,-0.22496149868535165,0.2802328425555495,-0.1305261922200515,0.0,0.0,0.9914448613738105,-0.016000000000000007,-0.22496149868535165,0.2802328425555495,-0.1305261922200515,0.0,0.0,0.9914448613738105,0.0,-0.5235987755982988,0.7853981633974483,0.0,0.5235987755982988,0.0,0.0,-0.5235987755982988,0.7853981633974483,0.0,0.5235987755982988,0.0,0.0,-0.5235987755982988,0.7853981633974483,0.0,0.5235987755982988,0.0,0.0,0.0,0.0,0.0,0.0,0.0,0.0,0.0,0.0,0.0,0.0,0.0,0.5,0.0,0.0,0.0,False,False,False,False,1,False,,0.0,0,,,,True,True,0.0,0.010015100007876754,True,0.0,0.0,False,False,False,False,False,False,1.0,False,False,False,0.0,0.0,0.0,0.0
0.6910612000134532,1786138788.108519,0.010917300009168684,0.003202899999450892,0.010917300009168684,READY,0,waiting for deadman,0.0,0.6910612000134532,131,0.0,0.0,0.0,0.0,0.0,0.0,1.0,0.0,0.0,0.0,0.0,0.0,0.0,1.0,-0.016000000000000007,-0.22496149868535165,0.2802328425555495,-0.1305261922200515,0.0,0.0,0.9914448613738105,-0.016000000000000007,-0.22496149868535165,0.2802328425555495,-0.1305261922200515,0.0,0.0,0.9914448613738105,-0.016000000000000007,-0.22496149868535165,0.2802328425555495,-0.1305261922200515,0.0,0.0,0.9914448613738105,-0.016000000000000007,-0.22496149868535165,0.2802328425555495,-0.1305261922200515,0.0,0.0,0.9914448613738105,-0.016000000000000007,-0.22496149868535165,0.2802328425555495,-0.1305261922200515,0.0,0.0,0.9914448613738105,0.0,-0.5235987755982988,0.7853981633974483,0.0,0.5235987755982988,0.0,0.0,-0.5235987755982988,0.7853981633974483,0.0,0.5235987755982988,0.0,0.0,-0.5235987755982988,0.7853981633974483,0.0,0.5235987755982988,0.0,0.0,0.0,0.0,0.0,0.0,0.0,0.0,0.0,0.0,0.0,0.0,0.0,0.5,0.0,0.0,0.0,False,False,False,False,1,False,,0.0,0,,,,True,True,0.0,0.010917300009168684,True,0.0,0.0,False,False,False,False,False,False,1.0,False,False,False,0.0,0.0,0.0,0.0
0.7001798000052329,1786138788.1173875,0.009118599991779774,0.0029492999892681837,0.009118599991779774,READY,0,waiting for deadman,0.0,0.7001798000052329,133,0.0,0.0,0.0,0.0,0.0,0.0,1.0,0.0,0.0,0.0,0.0,0.0,0.0,1.0,-0.016000000000000007,-0.22496149868535165,0.2802328425555495,-0.1305261922200515,0.0,0.0,0.9914448613738105,-0.016000000000000007,-0.22496149868535165,0.2802328425555495,-0.1305261922200515,0.0,0.0,0.9914448613738105,-0.016000000000000007,-0.22496149868535165,0.2802328425555495,-0.1305261922200515,0.0,0.0,0.9914448613738105,-0.016000000000000007,-0.22496149868535165,0.2802328425555495,-0.1305261922200515,0.0,0.0,0.9914448613738105,-0.016000000000000007,-0.22496149868535165,0.2802328425555495,-0.1305261922200515,0.0,0.0,0.9914448613738105,0.0,-0.5235987755982988,0.7853981633974483,0.0,0.5235987755982988,0.0,0.0,-0.5235987755982988,0.7853981633974483,0.0,0.5235987755982988,0.0,0.0,-0.5235987755982988,0.7853981633974483,0.0,0.5235987755982988,0.0,0.0,0.0,0.0,0.0,0.0,0.0,0.0,0.0,0.0,0.0,0.0,0.0,0.5,0.0,0.0,0.0,False,False,False,False,1,False,,0.0,0,,,,True,True,0.0,0.009118599991779774,True,0.0,0.0,False,False,False,False,False,False,1.0,False,False,False,0.0,0.0,0.0,0.0
0.7101951000146326,1786138788.1271744,0.010015300009399652,0.002720799995586276,0.010015300009399652,READY,0,waiting for deadman,0.0,0.7101951000146326,135,0.0,0.0,0.0,0.0,0.0,0.0,1.0,0.0,0.0,0.0,0.0,0.0,0.0,1.0,-0.016000000000000007,-0.22496149868535165,0.2802328425555495,-0.1305261922200515,0.0,0.0,0.9914448613738105,-0.016000000000000007,-0.22496149868535165,0.2802328425555495,-0.1305261922200515,0.0,0.0,0.9914448613738105,-0.016000000000000007,-0.22496149868535165,0.2802328425555495,-0.1305261922200515,0.0,0.0,0.9914448613738105,-0.016000000000000007,-0.22496149868535165,0.2802328425555495,-0.1305261922200515,0.0,0.0,0.9914448613738105,-0.016000000000000007,-0.22496149868535165,0.2802328425555495,-0.1305261922200515,0.0,0.0,0.9914448613738105,0.0,-0.5235987755982988,0.7853981633974483,0.0,0.5235987755982988,0.0,0.0,-0.5235987755982988,0.7853981633974483,0.0,0.5235987755982988,0.0,0.0,-0.5235987755982988,0.7853981633974483,0.0,0.5235987755982988,0.0,0.0,0.0,0.0,0.0,0.0,0.0,0.0,0.0,0.0,0.0,0.0,0.0,0.5,0.0,0.0,0.0,False,False,False,False,1,False,,0.0,0,,,,True,True,0.0,0.010015300009399652,True,0.0,0.0,False,False,False,False,False,False,1.0,False,False,False,0.0,0.0,0.0,0.0
0.721479899999056,1786138788.1388516,0.011284799984423444,0.0031165000109467655,0.011284799984423444,READY,0,waiting for deadman,0.0,0.721479899999056,137,0.0,0.0,0.0,0.0,0.0,0.0,1.0,0.0,0.0,0.0,0.0,0.0,0.0,1.0,-0.016000000000000007,-0.22496149868535165,0.2802328425555495,-0.1305261922200515,0.0,0.0,0.9914448613738105,-0.016000000000000007,-0.22496149868535165,0.2802328425555495,-0.1305261922200515,0.0,0.0,0.9914448613738105,-0.016000000000000007,-0.22496149868535165,0.2802328425555495,-0.1305261922200515,0.0,0.0,0.9914448613738105,-0.016000000000000007,-0.22496149868535165,0.2802328425555495,-0.1305261922200515,0.0,0.0,0.9914448613738105,-0.016000000000000007,-0.22496149868535165,0.2802328425555495,-0.1305261922200515,0.0,0.0,0.9914448613738105,0.0,-0.5235987755982988,0.7853981633974483,0.0,0.5235987755982988,0.0,0.0,-0.5235987755982988,0.7853981633974483,0.0,0.5235987755982988,0.0,0.0,-0.5235987755982988,0.7853981633974483,0.0,0.5235987755982988,0.0,0.0,0.0,0.0,0.0,0.0,0.0,0.0,0.0,0.0,0.0,0.0,0.0,0.5,0.0,0.0,0.0,False,False,False,False,1,False,,0.0,0,,,,True,True,0.0,0.011284799984423444,True,0.0,0.0,False,False,False,False,False,False,1.0,False,False,False,0.0,0.0,0.0,0.0
0.7302436999958698,1786138788.1473188,0.00876379999681376,0.002818399982061237,0.00876379999681376,READY,0,waiting for deadman,0.0,0.7302436999958698,139,0.0,0.0,0.0,0.0,0.0,0.0,1.0,0.0,0.0,0.0,0.0,0.0,0.0,1.0,-0.016000000000000007,-0.22496149868535165,0.2802328425555495,-0.1305261922200515,0.0,0.0,0.9914448613738105,-0.016000000000000007,-0.22496149868535165,0.2802328425555495,-0.1305261922200515,0.0,0.0,0.9914448613738105,-0.016000000000000007,-0.22496149868535165,0.2802328425555495,-0.1305261922200515,0.0,0.0,0.9914448613738105,-0.016000000000000007,-0.22496149868535165,0.2802328425555495,-0.1305261922200515,0.0,0.0,0.9914448613738105,-0.016000000000000007,-0.22496149868535165,0.2802328425555495,-0.1305261922200515,0.0,0.0,0.9914448613738105,0.0,-0.5235987755982988,0.7853981633974483,0.0,0.5235987755982988,0.0,0.0,-0.5235987755982988,0.7853981633974483,0.0,0.5235987755982988,0.0,0.0,-0.5235987755982988,0.7853981633974483,0.0,0.5235987755982988,0.0,0.0,0.0,0.0,0.0,0.0,0.0,0.0,0.0,0.0,0.0,0.0,0.0,0.5,0.0,0.0,0.0,False,False,False,False,1,False,,0.0,0,,,,True,True,0.0,0.00876379999681376,True,0.0,0.0,False,False,False,False,False,False,1.0,False,False,False,0.0,0.0,0.0,0.0
0.7402760999899581,1786138788.1576974,0.010032399994088337,0.0031615000043530017,0.010032399994088337,READY,0,waiting for deadman,0.0,0.7402760999899581,141,0.0,0.0,0.0,0.0,0.0,0.0,1.0,0.0,0.0,0.0,0.0,0.0,0.0,1.0,-0.016000000000000007,-0.22496149868535165,0.2802328425555495,-0.1305261922200515,0.0,0.0,0.9914448613738105,-0.016000000000000007,-0.22496149868535165,0.2802328425555495,-0.1305261922200515,0.0,0.0,0.9914448613738105,-0.016000000000000007,-0.22496149868535165,0.2802328425555495,-0.1305261922200515,0.0,0.0,0.9914448613738105,-0.016000000000000007,-0.22496149868535165,0.2802328425555495,-0.1305261922200515,0.0,0.0,0.9914448613738105,-0.016000000000000007,-0.22496149868535165,0.2802328425555495,-0.1305261922200515,0.0,0.0,0.9914448613738105,0.0,-0.5235987755982988,0.7853981633974483,0.0,0.5235987755982988,0.0,0.0,-0.5235987755982988,0.7853981633974483,0.0,0.5235987755982988,0.0,0.0,-0.5235987755982988,0.7853981633974483,0.0,0.5235987755982988,0.0,0.0,0.0,0.0,0.0,0.0,0.0,0.0,0.0,0.0,0.0,0.0,0.0,0.5,0.0,0.0,0.0,False,False,False,False,1,False,,0.0,0,,,,True,True,0.0,0.010032399994088337,True,0.0,0.0,False,False,False,False,False,False,1.0,False,False,False,0.0,0.0,0.0,0.0
0.7505050999967605,1786138788.1690562,0.01022900000680238,0.004296900006011128,0.01022900000680238,READY,0,waiting for deadman,0.0,0.7505050999967605,143,0.0,0.0,0.0,0.0,0.0,0.0,1.0,0.0,0.0,0.0,0.0,0.0,0.0,1.0,-0.016000000000000007,-0.22496149868535165,0.2802328425555495,-0.1305261922200515,0.0,0.0,0.9914448613738105,-0.016000000000000007,-0.22496149868535165,0.2802328425555495,-0.1305261922200515,0.0,0.0,0.9914448613738105,-0.016000000000000007,-0.22496149868535165,0.2802328425555495,-0.1305261922200515,0.0,0.0,0.9914448613738105,-0.016000000000000007,-0.22496149868535165,0.2802328425555495,-0.1305261922200515,0.0,0.0,0.9914448613738105,-0.016000000000000007,-0.22496149868535165,0.2802328425555495,-0.1305261922200515,0.0,0.0,0.9914448613738105,0.0,-0.5235987755982988,0.7853981633974483,0.0,0.5235987755982988,0.0,0.0,-0.5235987755982988,0.7853981633974483,0.0,0.5235987755982988,0.0,0.0,-0.5235987755982988,0.7853981633974483,0.0,0.5235987755982988,0.0,0.0,0.0,0.0,0.0,0.0,0.0,0.0,0.0,0.0,0.0,0.0,0.0,0.5,0.0,0.0,0.0,False,False,False,False,1,False,,0.0,0,,,,True,True,0.0,0.01022900000680238,True,0.0,0.0,False,False,False,False,False,False,1.0,False,False,False,0.0,0.0,0.0,0.0
0.7602307000121326,1786138788.1773188,0.009725600015372038,0.002833799982909113,0.009725600015372038,READY,0,waiting for deadman,0.0,0.7602307000121326,145,0.0,0.0,0.0,0.0,0.0,0.0,1.0,0.0,0.0,0.0,0.0,0.0,0.0,1.0,-0.016000000000000007,-0.22496149868535165,0.2802328425555495,-0.1305261922200515,0.0,0.0,0.9914448613738105,-0.016000000000000007,-0.22496149868535165,0.2802328425555495,-0.1305261922200515,0.0,0.0,0.9914448613738105,-0.016000000000000007,-0.22496149868535165,0.2802328425555495,-0.1305261922200515,0.0,0.0,0.9914448613738105,-0.016000000000000007,-0.22496149868535165,0.2802328425555495,-0.1305261922200515,0.0,0.0,0.9914448613738105,-0.016000000000000007,-0.22496149868535165,0.2802328425555495,-0.1305261922200515,0.0,0.0,0.9914448613738105,0.0,-0.5235987755982988,0.7853981633974483,0.0,0.5235987755982988,0.0,0.0,-0.5235987755982988,0.7853981633974483,0.0,0.5235987755982988,0.0,0.0,-0.5235987755982988,0.7853981633974483,0.0,0.5235987755982988,0.0,0.0,0.0,0.0,0.0,0.0,0.0,0.0,0.0,0.0,0.0,0.0,0.0,0.5,0.0,0.0,0.0,False,False,False,False,1,False,,0.0,0,,,,True,True,0.0,0.009725600015372038,True,0.0,0.0,False,False,False,False,False,False,1.0,False,False,False,0.0,0.0,0.0,0.0
0.7702946000132468,1786138788.1884215,0.010063900001114234,0.003867599996738136,0.010063900001114234,READY,0,waiting for deadman,0.0,0.7702946000132468,147,0.0,0.0,0.0,0.0,0.0,0.0,1.0,0.0,0.0,0.0,0.0,0.0,0.0,1.0,-0.016000000000000007,-0.22496149868535165,0.2802328425555495,-0.1305261922200515,0.0,0.0,0.9914448613738105,-0.016000000000000007,-0.22496149868535165,0.2802328425555495,-0.1305261922200515,0.0,0.0,0.9914448613738105,-0.016000000000000007,-0.22496149868535165,0.2802328425555495,-0.1305261922200515,0.0,0.0,0.9914448613738105,-0.016000000000000007,-0.22496149868535165,0.2802328425555495,-0.1305261922200515,0.0,0.0,0.9914448613738105,-0.016000000000000007,-0.22496149868535165,0.2802328425555495,-0.1305261922200515,0.0,0.0,0.9914448613738105,0.0,-0.5235987755982988,0.7853981633974483,0.0,0.5235987755982988,0.0,0.0,-0.5235987755982988,0.7853981633974483,0.0,0.5235987755982988,0.0,0.0,-0.5235987755982988,0.7853981633974483,0.0,0.5235987755982988,0.0,0.0,0.0,0.0,0.0,0.0,0.0,0.0,0.0,0.0,0.0,0.0,0.0,0.5,0.0,0.0,0.0,False,False,False,False,1,False,,0.0,0,,,,True,True,0.0,0.010063900001114234,True,0.0,0.0,False,False,False,False,False,False,1.0,False,False,False,0.0,0.0,0.0,0.0
0.7802940999896489,1786138788.1979258,0.009999499976402149,0.0033771000162232667,0.009999499976402149,READY,0,waiting for deadman,0.0,0.7802940999896489,149,0.0,0.0,0.0,0.0,0.0,0.0,1.0,0.0,0.0,0.0,0.0,0.0,0.0,1.0,-0.016000000000000007,-0.22496149868535165,0.2802328425555495,-0.1305261922200515,0.0,0.0,0.9914448613738105,-0.016000000000000007,-0.22496149868535165,0.2802328425555495,-0.1305261922200515,0.0,0.0,0.9914448613738105,-0.016000000000000007,-0.22496149868535165,0.2802328425555495,-0.1305261922200515,0.0,0.0,0.9914448613738105,-0.016000000000000007,-0.22496149868535165,0.2802328425555495,-0.1305261922200515,0.0,0.0,0.9914448613738105,-0.016000000000000007,-0.22496149868535165,0.2802328425555495,-0.1305261922200515,0.0,0.0,0.9914448613738105,0.0,-0.5235987755982988,0.7853981633974483,0.0,0.5235987755982988,0.0,0.0,-0.5235987755982988,0.7853981633974483,0.0,0.5235987755982988,0.0,0.0,-0.5235987755982988,0.7853981633974483,0.0,0.5235987755982988,0.0,0.0,0.0,0.0,0.0,0.0,0.0,0.0,0.0,0.0,0.0,0.0,0.0,0.5,0.0,0.0,0.0,False,False,False,False,1,False,,0.0,0,,,,True,True,0.0,0.009999499976402149,True,0.0,0.0,False,False,False,False,False,False,1.0,False,False,False,0.0,0.0,0.0,0.0
0.7903065000060704,1786138788.2077422,0.010012400016421452,0.0031795000249985605,0.010012400016421452,READY,0,waiting for deadman,0.0,0.7903065000060704,151,0.0,0.0,0.0,0.0,0.0,0.0,1.0,0.0,0.0,0.0,0.0,0.0,0.0,1.0,-0.016000000000000007,-0.22496149868535165,0.2802328425555495,-0.1305261922200515,0.0,0.0,0.9914448613738105,-0.016000000000000007,-0.22496149868535165,0.2802328425555495,-0.1305261922200515,0.0,0.0,0.9914448613738105,-0.016000000000000007,-0.22496149868535165,0.2802328425555495,-0.1305261922200515,0.0,0.0,0.9914448613738105,-0.016000000000000007,-0.22496149868535165,0.2802328425555495,-0.1305261922200515,0.0,0.0,0.9914448613738105,-0.016000000000000007,-0.22496149868535165,0.2802328425555495,-0.1305261922200515,0.0,0.0,0.9914448613738105,0.0,-0.5235987755982988,0.7853981633974483,0.0,0.5235987755982988,0.0,0.0,-0.5235987755982988,0.7853981633974483,0.0,0.5235987755982988,0.0,0.0,-0.5235987755982988,0.7853981633974483,0.0,0.5235987755982988,0.0,0.0,0.0,0.0,0.0,0.0,0.0,0.0,0.0,0.0,0.0,0.0,0.0,0.5,0.0,0.0,0.0,False,False,False,False,1,False,,0.0,0,,,,True,True,0.0,0.010012400016421452,True,0.0,0.0,False,False,False,False,False,False,1.0,False,False,False,0.0,0.0,0.0,0.0
0.8003305999951661,1786138788.2176907,0.010024099989095703,0.003097600012551993,0.010024099989095703,READY,0,waiting for deadman,0.0,0.8003305999951661,153,0.0,0.0,0.0,0.0,0.0,0.0,1.0,0.0,0.0,0.0,0.0,0.0,0.0,1.0,-0.016000000000000007,-0.22496149868535165,0.2802328425555495,-0.1305261922200515,0.0,0.0,0.9914448613738105,-0.016000000000000007,-0.22496149868535165,0.2802328425555495,-0.1305261922200515,0.0,0.0,0.9914448613738105,-0.016000000000000007,-0.22496149868535165,0.2802328425555495,-0.1305261922200515,0.0,0.0,0.9914448613738105,-0.016000000000000007,-0.22496149868535165,0.2802328425555495,-0.1305261922200515,0.0,0.0,0.9914448613738105,-0.016000000000000007,-0.22496149868535165,0.2802328425555495,-0.1305261922200515,0.0,0.0,0.9914448613738105,0.0,-0.5235987755982988,0.7853981633974483,0.0,0.5235987755982988,0.0,0.0,-0.5235987755982988,0.7853981633974483,0.0,0.5235987755982988,0.0,0.0,-0.5235987755982988,0.7853981633974483,0.0,0.5235987755982988,0.0,0.0,0.0,0.0,0.0,0.0,0.0,0.0,0.0,0.0,0.0,0.0,0.0,0.5,0.0,0.0,0.0,False,False,False,False,1,False,,0.0,0,,,,True,True,0.0,0.010024099989095703,True,0.0,0.0,False,False,False,False,False,False,1.0,False,False,False,0.0,0.0,0.0,0.0
0.8103325999906045,1786138788.2269778,0.010001999995438382,0.0023913999903015792,0.010001999995438382,READY,0,waiting for deadman,0.0,0.8103325999906045,155,0.0,0.0,0.0,0.0,0.0,0.0,1.0,0.0,0.0,0.0,0.0,0.0,0.0,1.0,-0.016000000000000007,-0.22496149868535165,0.2802328425555495,-0.1305261922200515,0.0,0.0,0.9914448613738105,-0.016000000000000007,-0.22496149868535165,0.2802328425555495,-0.1305261922200515,0.0,0.0,0.9914448613738105,-0.016000000000000007,-0.22496149868535165,0.2802328425555495,-0.1305261922200515,0.0,0.0,0.9914448613738105,-0.016000000000000007,-0.22496149868535165,0.2802328425555495,-0.1305261922200515,0.0,0.0,0.9914448613738105,-0.016000000000000007,-0.22496149868535165,0.2802328425555495,-0.1305261922200515,0.0,0.0,0.9914448613738105,0.0,-0.5235987755982988,0.7853981633974483,0.0,0.5235987755982988,0.0,0.0,-0.5235987755982988,0.7853981633974483,0.0,0.5235987755982988,0.0,0.0,-0.5235987755982988,0.7853981633974483,0.0,0.5235987755982988,0.0,0.0,0.0,0.0,0.0,0.0,0.0,0.0,0.0,0.0,0.0,0.0,0.0,0.5,0.0,0.0,0.0,False,False,False,False,1,False,,0.0,0,,,,True,True,0.0,0.010001999995438382,True,0.0,0.0,False,False,False,False,False,False,1.0,False,False,False,0.0,0.0,0.0,0.0
0.8203678000060134,1786138788.2379332,0.010035200015408918,0.0033047000179067254,0.010035200015408918,READY,0,waiting for deadman,0.0,0.8203678000060134,157,0.0,0.0,0.0,0.0,0.0,0.0,1.0,0.0,0.0,0.0,0.0,0.0,0.0,1.0,-0.016000000000000007,-0.22496149868535165,0.2802328425555495,-0.1305261922200515,0.0,0.0,0.9914448613738105,-0.016000000000000007,-0.22496149868535165,0.2802328425555495,-0.1305261922200515,0.0,0.0,0.9914448613738105,-0.016000000000000007,-0.22496149868535165,0.2802328425555495,-0.1305261922200515,0.0,0.0,0.9914448613738105,-0.016000000000000007,-0.22496149868535165,0.2802328425555495,-0.1305261922200515,0.0,0.0,0.9914448613738105,-0.016000000000000007,-0.22496149868535165,0.2802328425555495,-0.1305261922200515,0.0,0.0,0.9914448613738105,0.0,-0.5235987755982988,0.7853981633974483,0.0,0.5235987755982988,0.0,0.0,-0.5235987755982988,0.7853981633974483,0.0,0.5235987755982988,0.0,0.0,-0.5235987755982988,0.7853981633974483,0.0,0.5235987755982988,0.0,0.0,0.0,0.0,0.0,0.0,0.0,0.0,0.0,0.0,0.0,0.0,0.0,0.5,0.0,0.0,0.0,False,False,False,False,1,False,,0.0,0,,,,True,True,0.0,0.010035200015408918,True,0.0,0.0,False,False,False,False,False,False,1.0,False,False,False,0.0,0.0,0.0,0.0
0.8304909999930058,1786138788.2480257,0.010123199986992404,0.003271800000220537,0.010123199986992404,READY,0,waiting for deadman,0.0,0.8304909999930058,159,0.0,0.0,0.0,0.0,0.0,0.0,1.0,0.0,0.0,0.0,0.0,0.0,0.0,1.0,-0.016000000000000007,-0.22496149868535165,0.2802328425555495,-0.1305261922200515,0.0,0.0,0.9914448613738105,-0.016000000000000007,-0.22496149868535165,0.2802328425555495,-0.1305261922200515,0.0,0.0,0.9914448613738105,-0.016000000000000007,-0.22496149868535165,0.2802328425555495,-0.1305261922200515,0.0,0.0,0.9914448613738105,-0.016000000000000007,-0.22496149868535165,0.2802328425555495,-0.1305261922200515,0.0,0.0,0.9914448613738105,-0.016000000000000007,-0.22496149868535165,0.2802328425555495,-0.1305261922200515,0.0,0.0,0.9914448613738105,0.0,-0.5235987755982988,0.7853981633974483,0.0,0.5235987755982988,0.0,0.0,-0.5235987755982988,0.7853981633974483,0.0,0.5235987755982988,0.0,0.0,-0.5235987755982988,0.7853981633974483,0.0,0.5235987755982988,0.0,0.0,0.0,0.0,0.0,0.0,0.0,0.0,0.0,0.0,0.0,0.0,0.0,0.5,0.0,0.0,0.0,False,False,False,False,1,False,,0.0,0,,,,True,True,0.0,0.010123199986992404,True,0.0,0.0,False,False,False,False,False,False,1.0,False,False,False,0.0,0.0,0.0,0.0
0.8404907000000347,1786138788.2575016,0.009999700007028878,0.002757900016149506,0.009999700007028878,READY,0,waiting for deadman,0.0,0.8404907000000347,161,0.0,0.0,0.0,0.0,0.0,0.0,1.0,0.0,0.0,0.0,0.0,0.0,0.0,1.0,-0.016000000000000007,-0.22496149868535165,0.2802328425555495,-0.1305261922200515,0.0,0.0,0.9914448613738105,-0.016000000000000007,-0.22496149868535165,0.2802328425555495,-0.1305261922200515,0.0,0.0,0.9914448613738105,-0.016000000000000007,-0.22496149868535165,0.2802328425555495,-0.1305261922200515,0.0,0.0,0.9914448613738105,-0.016000000000000007,-0.22496149868535165,0.2802328425555495,-0.1305261922200515,0.0,0.0,0.9914448613738105,-0.016000000000000007,-0.22496149868535165,0.2802328425555495,-0.1305261922200515,0.0,0.0,0.9914448613738105,0.0,-0.5235987755982988,0.7853981633974483,0.0,0.5235987755982988,0.0,0.0,-0.5235987755982988,0.7853981633974483,0.0,0.5235987755982988,0.0,0.0,-0.5235987755982988,0.7853981633974483,0.0,0.5235987755982988,0.0,0.0,0.0,0.0,0.0,0.0,0.0,0.0,0.0,0.0,0.0,0.0,0.0,0.5,0.0,0.0,0.0,False,False,False,False,1,False,,0.0,0,,,,True,True,0.0,0.009999700007028878,True,0.0,0.0,False,False,False,False,False,False,1.0,False,False,False,0.0,0.0,0.0,0.0
0.8505431000008937,1786138788.268054,0.010052400000859052,0.0032475999905727804,0.010052400000859052,READY,0,waiting for deadman,0.0,0.8505431000008937,163,0.0,0.0,0.0,0.0,0.0,0.0,1.0,0.0,0.0,0.0,0.0,0.0,0.0,1.0,-0.016000000000000007,-0.22496149868535165,0.2802328425555495,-0.1305261922200515,0.0,0.0,0.9914448613738105,-0.016000000000000007,-0.22496149868535165,0.2802328425555495,-0.1305261922200515,0.0,0.0,0.9914448613738105,-0.016000000000000007,-0.22496149868535165,0.2802328425555495,-0.1305261922200515,0.0,0.0,0.9914448613738105,-0.016000000000000007,-0.22496149868535165,0.2802328425555495,-0.1305261922200515,0.0,0.0,0.9914448613738105,-0.016000000000000007,-0.22496149868535165,0.2802328425555495,-0.1305261922200515,0.0,0.0,0.9914448613738105,0.0,-0.5235987755982988,0.7853981633974483,0.0,0.5235987755982988,0.0,0.0,-0.5235987755982988,0.7853981633974483,0.0,0.5235987755982988,0.0,0.0,-0.5235987755982988,0.7853981633974483,0.0,0.5235987755982988,0.0,0.0,0.0,0.0,0.0,0.0,0.0,0.0,0.0,0.0,0.0,0.0,0.0,0.5,0.0,0.0,0.0,False,False,False,False,1,False,,0.0,0,,,,True,True,0.0,0.010052400000859052,True,0.0,0.0,False,False,False,False,False,False,1.0,False,False,False,0.0,0.0,0.0,0.0
0.8600604000017736,1786138788.277485,0.009517300000879914,0.0031663000117987394,0.009517300000879914,READY,0,waiting for deadman,0.0,0.8600604000017736,165,0.0,0.0,0.0,0.0,0.0,0.0,1.0,0.0,0.0,0.0,0.0,0.0,0.0,1.0,-0.016000000000000007,-0.22496149868535165,0.2802328425555495,-0.1305261922200515,0.0,0.0,0.9914448613738105,-0.016000000000000007,-0.22496149868535165,0.2802328425555495,-0.1305261922200515,0.0,0.0,0.9914448613738105,-0.016000000000000007,-0.22496149868535165,0.2802328425555495,-0.1305261922200515,0.0,0.0,0.9914448613738105,-0.016000000000000007,-0.22496149868535165,0.2802328425555495,-0.1305261922200515,0.0,0.0,0.9914448613738105,-0.016000000000000007,-0.22496149868535165,0.2802328425555495,-0.1305261922200515,0.0,0.0,0.9914448613738105,0.0,-0.5235987755982988,0.7853981633974483,0.0,0.5235987755982988,0.0,0.0,-0.5235987755982988,0.7853981633974483,0.0,0.5235987755982988,0.0,0.0,-0.5235987755982988,0.7853981633974483,0.0,0.5235987755982988,0.0,0.0,0.0,0.0,0.0,0.0,0.0,0.0,0.0,0.0,0.0,0.0,0.0,0.5,0.0,0.0,0.0,False,False,False,False,1,False,,0.0,0,,,,True,True,0.0,0.009517300000879914,True,0.0,0.0,False,False,False,False,False,False,1.0,False,False,False,0.0,0.0,0.0,0.0
0.8700747000035588,1786138788.2872272,0.010014300001785159,0.002895400015404448,0.010014300001785159,READY,0,waiting for deadman,0.0,0.8700747000035588,167,0.0,0.0,0.0,0.0,0.0,0.0,1.0,0.0,0.0,0.0,0.0,0.0,0.0,1.0,-0.016000000000000007,-0.22496149868535165,0.2802328425555495,-0.1305261922200515,0.0,0.0,0.9914448613738105,-0.016000000000000007,-0.22496149868535165,0.2802328425555495,-0.1305261922200515,0.0,0.0,0.9914448613738105,-0.016000000000000007,-0.22496149868535165,0.2802328425555495,-0.1305261922200515,0.0,0.0,0.9914448613738105,-0.016000000000000007,-0.22496149868535165,0.2802328425555495,-0.1305261922200515,0.0,0.0,0.9914448613738105,-0.016000000000000007,-0.22496149868535165,0.2802328425555495,-0.1305261922200515,0.0,0.0,0.9914448613738105,0.0,-0.5235987755982988,0.7853981633974483,0.0,0.5235987755982988,0.0,0.0,-0.5235987755982988,0.7853981633974483,0.0,0.5235987755982988,0.0,0.0,-0.5235987755982988,0.7853981633974483,0.0,0.5235987755982988,0.0,0.0,0.0,0.0,0.0,0.0,0.0,0.0,0.0,0.0,0.0,0.0,0.0,0.5,0.0,0.0,0.0,False,False,False,False,1,False,,0.0,0,,,,True,True,0.0,0.010014300001785159,True,0.0,0.0,False,False,False,False,False,False,1.0,False,False,False,0.0,0.0,0.0,0.0
0.8800881999992524,1786138788.2972915,0.010013499995693564,0.002949000016087666,0.010013499995693564,READY,0,waiting for deadman,0.0,0.8800881999992524,169,0.0,0.0,0.0,0.0,0.0,0.0,1.0,0.0,0.0,0.0,0.0,0.0,0.0,1.0,-0.016000000000000007,-0.22496149868535165,0.2802328425555495,-0.1305261922200515,0.0,0.0,0.9914448613738105,-0.016000000000000007,-0.22496149868535165,0.2802328425555495,-0.1305261922200515,0.0,0.0,0.9914448613738105,-0.016000000000000007,-0.22496149868535165,0.2802328425555495,-0.1305261922200515,0.0,0.0,0.9914448613738105,-0.016000000000000007,-0.22496149868535165,0.2802328425555495,-0.1305261922200515,0.0,0.0,0.9914448613738105,-0.016000000000000007,-0.22496149868535165,0.2802328425555495,-0.1305261922200515,0.0,0.0,0.9914448613738105,0.0,-0.5235987755982988,0.7853981633974483,0.0,0.5235987755982988,0.0,0.0,-0.5235987755982988,0.7853981633974483,0.0,0.5235987755982988,0.0,0.0,-0.5235987755982988,0.7853981633974483,0.0,0.5235987755982988,0.0,0.0,0.0,0.0,0.0,0.0,0.0,0.0,0.0,0.0,0.0,0.0,0.0,0.5,0.0,0.0,0.0,False,False,False,False,1,False,,0.0,0,,,,True,True,0.0,0.010013499995693564,True,0.0,0.0,False,False,False,False,False,False,1.0,False,False,False,0.0,0.0,0.0,0.0
0.8902110000123028,1786138788.3081934,0.010122800013050437,0.003721599990967661,0.010122800013050437,READY,0,waiting for deadman,0.0,0.8902110000123028,171,0.0,0.0,0.0,0.0,0.0,0.0,1.0,0.0,0.0,0.0,0.0,0.0,0.0,1.0,-0.016000000000000007,-0.22496149868535165,0.2802328425555495,-0.1305261922200515,0.0,0.0,0.9914448613738105,-0.016000000000000007,-0.22496149868535165,0.2802328425555495,-0.1305261922200515,0.0,0.0,0.9914448613738105,-0.016000000000000007,-0.22496149868535165,0.2802328425555495,-0.1305261922200515,0.0,0.0,0.9914448613738105,-0.016000000000000007,-0.22496149868535165,0.2802328425555495,-0.1305261922200515,0.0,0.0,0.9914448613738105,-0.016000000000000007,-0.22496149868535165,0.2802328425555495,-0.1305261922200515,0.0,0.0,0.9914448613738105,0.0,-0.5235987755982988,0.7853981633974483,0.0,0.5235987755982988,0.0,0.0,-0.5235987755982988,0.7853981633974483,0.0,0.5235987755982988,0.0,0.0,-0.5235987755982988,0.7853981633974483,0.0,0.5235987755982988,0.0,0.0,0.0,0.0,0.0,0.0,0.0,0.0,0.0,0.0,0.0,0.0,0.0,0.5,0.0,0.0,0.0,False,False,False,False,1,False,,0.0,0,,,,True,True,0.0,0.010122800013050437,True,0.0,0.0,False,False,False,False,False,False,1.0,False,False,False,0.0,0.0,0.0,0.0
0.9001444000092559,1786138788.3172882,0.009933399996953085,0.00288909999653697,0.009933399996953085,READY,0,waiting for deadman,0.0,0.9001444000092559,173,0.0,0.0,0.0,0.0,0.0,0.0,1.0,0.0,0.0,0.0,0.0,0.0,0.0,1.0,-0.016000000000000007,-0.22496149868535165,0.2802328425555495,-0.1305261922200515,0.0,0.0,0.9914448613738105,-0.016000000000000007,-0.22496149868535165,0.2802328425555495,-0.1305261922200515,0.0,0.0,0.9914448613738105,-0.016000000000000007,-0.22496149868535165,0.2802328425555495,-0.1305261922200515,0.0,0.0,0.9914448613738105,-0.016000000000000007,-0.22496149868535165,0.2802328425555495,-0.1305261922200515,0.0,0.0,0.9914448613738105,-0.016000000000000007,-0.22496149868535165,0.2802328425555495,-0.1305261922200515,0.0,0.0,0.9914448613738105,0.0,-0.5235987755982988,0.7853981633974483,0.0,0.5235987755982988,0.0,0.0,-0.5235987755982988,0.7853981633974483,0.0,0.5235987755982988,0.0,0.0,-0.5235987755982988,0.7853981633974483,0.0,0.5235987755982988,0.0,0.0,0.0,0.0,0.0,0.0,0.0,0.0,0.0,0.0,0.0,0.0,0.0,0.5,0.0,0.0,0.0,False,False,False,False,1,False,,0.0,0,,,,True,True,0.0,0.009933399996953085,True,0.0,0.0,False,False,False,False,False,False,1.0,False,False,False,0.0,0.0,0.0,0.0
0.9101379999989402,1786138788.3270354,0.009993599989684299,0.0026428000128362328,0.009993599989684299,READY,0,waiting for deadman,0.0,0.9101379999989402,175,0.0,0.0,0.0,0.0,0.0,0.0,1.0,0.0,0.0,0.0,0.0,0.0,0.0,1.0,-0.016000000000000007,-0.22496149868535165,0.2802328425555495,-0.1305261922200515,0.0,0.0,0.9914448613738105,-0.016000000000000007,-0.22496149868535165,0.2802328425555495,-0.1305261922200515,0.0,0.0,0.9914448613738105,-0.016000000000000007,-0.22496149868535165,0.2802328425555495,-0.1305261922200515,0.0,0.0,0.9914448613738105,-0.016000000000000007,-0.22496149868535165,0.2802328425555495,-0.1305261922200515,0.0,0.0,0.9914448613738105,-0.016000000000000007,-0.22496149868535165,0.2802328425555495,-0.1305261922200515,0.0,0.0,0.9914448613738105,0.0,-0.5235987755982988,0.7853981633974483,0.0,0.5235987755982988,0.0,0.0,-0.5235987755982988,0.7853981633974483,0.0,0.5235987755982988,0.0,0.0,-0.5235987755982988,0.7853981633974483,0.0,0.5235987755982988,0.0,0.0,0.0,0.0,0.0,0.0,0.0,0.0,0.0,0.0,0.0,0.0,0.0,0.5,0.0,0.0,0.0,False,False,False,False,1,False,,0.0,0,,,,True,True,0.0,0.009993599989684299,True,0.0,0.0,False,False,False,False,False,False,1.0,False,False,False,0.0,0.0,0.0,0.0
0.9201664999924358,1786138788.3375206,0.010028499993495643,0.0030941999866627157,0.010028499993495643,READY,0,waiting for deadman,0.0,0.9201664999924358,177,0.0,0.0,0.0,0.0,0.0,0.0,1.0,0.0,0.0,0.0,0.0,0.0,0.0,1.0,-0.016000000000000007,-0.22496149868535165,0.2802328425555495,-0.1305261922200515,0.0,0.0,0.9914448613738105,-0.016000000000000007,-0.22496149868535165,0.2802328425555495,-0.1305261922200515,0.0,0.0,0.9914448613738105,-0.016000000000000007,-0.22496149868535165,0.2802328425555495,-0.1305261922200515,0.0,0.0,0.9914448613738105,-0.016000000000000007,-0.22496149868535165,0.2802328425555495,-0.1305261922200515,0.0,0.0,0.9914448613738105,-0.016000000000000007,-0.22496149868535165,0.2802328425555495,-0.1305261922200515,0.0,0.0,0.9914448613738105,0.0,-0.5235987755982988,0.7853981633974483,0.0,0.5235987755982988,0.0,0.0,-0.5235987755982988,0.7853981633974483,0.0,0.5235987755982988,0.0,0.0,-0.5235987755982988,0.7853981633974483,0.0,0.5235987755982988,0.0,0.0,0.0,0.0,0.0,0.0,0.0,0.0,0.0,0.0,0.0,0.0,0.0,0.5,0.0,0.0,0.0,False,False,False,False,1,False,,0.0,0,,,,True,True,0.0,0.010028499993495643,True,0.0,0.0,False,False,False,False,False,False,1.0,False,False,False,0.0,0.0,0.0,0.0
0.9302056000084374,1786138788.3476982,0.010039100016001612,0.0032290000235661864,0.010039100016001612,READY,0,waiting for deadman,0.0,0.9302056000084374,179,0.0,0.0,0.0,0.0,0.0,0.0,1.0,0.0,0.0,0.0,0.0,0.0,0.0,1.0,-0.016000000000000007,-0.22496149868535165,0.2802328425555495,-0.1305261922200515,0.0,0.0,0.9914448613738105,-0.016000000000000007,-0.22496149868535165,0.2802328425555495,-0.1305261922200515,0.0,0.0,0.9914448613738105,-0.016000000000000007,-0.22496149868535165,0.2802328425555495,-0.1305261922200515,0.0,0.0,0.9914448613738105,-0.016000000000000007,-0.22496149868535165,0.2802328425555495,-0.1305261922200515,0.0,0.0,0.9914448613738105,-0.016000000000000007,-0.22496149868535165,0.2802328425555495,-0.1305261922200515,0.0,0.0,0.9914448613738105,0.0,-0.5235987755982988,0.7853981633974483,0.0,0.5235987755982988,0.0,0.0,-0.5235987755982988,0.7853981633974483,0.0,0.5235987755982988,0.0,0.0,-0.5235987755982988,0.7853981633974483,0.0,0.5235987755982988,0.0,0.0,0.0,0.0,0.0,0.0,0.0,0.0,0.0,0.0,0.0,0.0,0.0,0.5,0.0,0.0,0.0,False,False,False,False,1,False,,0.0,0,,,,True,True,0.0,0.010039100016001612,True,0.0,0.0,False,False,False,False,False,False,1.0,False,False,False,0.0,0.0,0.0,0.0
0.9409317999885641,1786138788.3581986,0.010726199980126694,0.0030110999941825867,0.010726199980126694,READY,0,waiting for deadman,0.0,0.9409317999885641,181,0.0,0.0,0.0,0.0,0.0,0.0,1.0,0.0,0.0,0.0,0.0,0.0,0.0,1.0,-0.016000000000000007,-0.22496149868535165,0.2802328425555495,-0.1305261922200515,0.0,0.0,0.9914448613738105,-0.016000000000000007,-0.22496149868535165,0.2802328425555495,-0.1305261922200515,0.0,0.0,0.9914448613738105,-0.016000000000000007,-0.22496149868535165,0.2802328425555495,-0.1305261922200515,0.0,0.0,0.9914448613738105,-0.016000000000000007,-0.22496149868535165,0.2802328425555495,-0.1305261922200515,0.0,0.0,0.9914448613738105,-0.016000000000000007,-0.22496149868535165,0.2802328425555495,-0.1305261922200515,0.0,0.0,0.9914448613738105,0.0,-0.5235987755982988,0.7853981633974483,0.0,0.5235987755982988,0.0,0.0,-0.5235987755982988,0.7853981633974483,0.0,0.5235987755982988,0.0,0.0,-0.5235987755982988,0.7853981633974483,0.0,0.5235987755982988,0.0,0.0,0.0,0.0,0.0,0.0,0.0,0.0,0.0,0.0,0.0,0.0,0.0,0.5,0.0,0.0,0.0,False,False,False,False,1,False,,0.0,0,,,,True,True,0.0,0.010726199980126694,True,0.0,0.0,False,False,False,False,False,False,1.0,False,False,False,0.0,0.0,0.0,0.0
0.9502215000026152,1786138788.3679366,0.00928970001405105,0.0034601000079419464,0.00928970001405105,READY,0,waiting for deadman,0.0,0.9502215000026152,183,0.0,0.0,0.0,0.0,0.0,0.0,1.0,0.0,0.0,0.0,0.0,0.0,0.0,1.0,-0.016000000000000007,-0.22496149868535165,0.2802328425555495,-0.1305261922200515,0.0,0.0,0.9914448613738105,-0.016000000000000007,-0.22496149868535165,0.2802328425555495,-0.1305261922200515,0.0,0.0,0.9914448613738105,-0.016000000000000007,-0.22496149868535165,0.2802328425555495,-0.1305261922200515,0.0,0.0,0.9914448613738105,-0.016000000000000007,-0.22496149868535165,0.2802328425555495,-0.1305261922200515,0.0,0.0,0.9914448613738105,-0.016000000000000007,-0.22496149868535165,0.2802328425555495,-0.1305261922200515,0.0,0.0,0.9914448613738105,0.0,-0.5235987755982988,0.7853981633974483,0.0,0.5235987755982988,0.0,0.0,-0.5235987755982988,0.7853981633974483,0.0,0.5235987755982988,0.0,0.0,-0.5235987755982988,0.7853981633974483,0.0,0.5235987755982988,0.0,0.0,0.0,0.0,0.0,0.0,0.0,0.0,0.0,0.0,0.0,0.0,0.0,0.5,0.0,0.0,0.0,False,False,False,False,1,False,,0.0,0,,,,True,True,0.0,0.00928970001405105,True,0.0,0.0,False,False,False,False,False,False,1.0,False,False,False,0.0,0.0,0.0,0.0
0.9602644999901057,1786138788.377488,0.010042999987490475,0.002966800006106496,0.010042999987490475,READY,0,waiting for deadman,0.0,0.9602644999901057,185,0.0,0.0,0.0,0.0,0.0,0.0,1.0,0.0,0.0,0.0,0.0,0.0,0.0,1.0,-0.016000000000000007,-0.22496149868535165,0.2802328425555495,-0.1305261922200515,0.0,0.0,0.9914448613738105,-0.016000000000000007,-0.22496149868535165,0.2802328425555495,-0.1305261922200515,0.0,0.0,0.9914448613738105,-0.016000000000000007,-0.22496149868535165,0.2802328425555495,-0.1305261922200515,0.0,0.0,0.9914448613738105,-0.016000000000000007,-0.22496149868535165,0.2802328425555495,-0.1305261922200515,0.0,0.0,0.9914448613738105,-0.016000000000000007,-0.22496149868535165,0.2802328425555495,-0.1305261922200515,0.0,0.0,0.9914448613738105,0.0,-0.5235987755982988,0.7853981633974483,0.0,0.5235987755982988,0.0,0.0,-0.5235987755982988,0.7853981633974483,0.0,0.5235987755982988,0.0,0.0,-0.5235987755982988,0.7853981633974483,0.0,0.5235987755982988,0.0,0.0,0.0,0.0,0.0,0.0,0.0,0.0,0.0,0.0,0.0,0.0,0.0,0.5,0.0,0.0,0.0,False,False,False,False,1,False,,0.0,0,,,,True,True,0.0,0.010042999987490475,True,0.0,0.0,False,False,False,False,False,False,1.0,False,False,False,0.0,0.0,0.0,0.0
0.9723266999859587,1786138788.389392,0.012062199995853007,0.0028102999785915017,0.012062199995853007,READY,0,waiting for deadman,0.0,0.9723266999859587,187,0.0,0.0,0.0,0.0,0.0,0.0,1.0,0.0,0.0,0.0,0.0,0.0,0.0,1.0,-0.016000000000000007,-0.22496149868535165,0.2802328425555495,-0.1305261922200515,0.0,0.0,0.9914448613738105,-0.016000000000000007,-0.22496149868535165,0.2802328425555495,-0.1305261922200515,0.0,0.0,0.9914448613738105,-0.016000000000000007,-0.22496149868535165,0.2802328425555495,-0.1305261922200515,0.0,0.0,0.9914448613738105,-0.016000000000000007,-0.22496149868535165,0.2802328425555495,-0.1305261922200515,0.0,0.0,0.9914448613738105,-0.016000000000000007,-0.22496149868535165,0.2802328425555495,-0.1305261922200515,0.0,0.0,0.9914448613738105,0.0,-0.5235987755982988,0.7853981633974483,0.0,0.5235987755982988,0.0,0.0,-0.5235987755982988,0.7853981633974483,0.0,0.5235987755982988,0.0,0.0,-0.5235987755982988,0.7853981633974483,0.0,0.5235987755982988,0.0,0.0,0.0,0.0,0.0,0.0,0.0,0.0,0.0,0.0,0.0,0.0,0.0,0.5,0.0,0.0,0.0,False,False,False,False,1,False,,0.0,0,,,,True,True,0.0,0.012062199995853007,True,0.0,0.0,False,False,False,False,False,False,1.0,False,False,False,0.0,0.0,0.0,0.0
0.9803294000081476,1786138788.3976457,0.008002700022188947,0.0030574999982491136,0.008002700022188947,READY,0,waiting for deadman,0.0,0.9803294000081476,189,0.0,0.0,0.0,0.0,0.0,0.0,1.0,0.0,0.0,0.0,0.0,0.0,0.0,1.0,-0.016000000000000007,-0.22496149868535165,0.2802328425555495,-0.1305261922200515,0.0,0.0,0.9914448613738105,-0.016000000000000007,-0.22496149868535165,0.2802328425555495,-0.1305261922200515,0.0,0.0,0.9914448613738105,-0.016000000000000007,-0.22496149868535165,0.2802328425555495,-0.1305261922200515,0.0,0.0,0.9914448613738105,-0.016000000000000007,-0.22496149868535165,0.2802328425555495,-0.1305261922200515,0.0,0.0,0.9914448613738105,-0.016000000000000007,-0.22496149868535165,0.2802328425555495,-0.1305261922200515,0.0,0.0,0.9914448613738105,0.0,-0.5235987755982988,0.7853981633974483,0.0,0.5235987755982988,0.0,0.0,-0.5235987755982988,0.7853981633974483,0.0,0.5235987755982988,0.0,0.0,-0.5235987755982988,0.7853981633974483,0.0,0.5235987755982988,0.0,0.0,0.0,0.0,0.0,0.0,0.0,0.0,0.0,0.0,0.0,0.0,0.0,0.5,0.0,0.0,0.0,False,False,False,False,1,False,,0.0,0,,,,True,True,0.0,0.008002700022188947,True,0.0,0.0,False,False,False,False,False,False,1.0,False,False,False,0.0,0.0,0.0,0.0
0.9903243000077308,1786138788.407671,0.00999489999958314,0.00308470000163652,0.00999489999958314,READY,0,waiting for deadman,0.0,0.9903243000077308,191,0.0,0.0,0.0,0.0,0.0,0.0,1.0,0.0,0.0,0.0,0.0,0.0,0.0,1.0,-0.016000000000000007,-0.22496149868535165,0.2802328425555495,-0.1305261922200515,0.0,0.0,0.9914448613738105,-0.016000000000000007,-0.22496149868535165,0.2802328425555495,-0.1305261922200515,0.0,0.0,0.9914448613738105,-0.016000000000000007,-0.22496149868535165,0.2802328425555495,-0.1305261922200515,0.0,0.0,0.9914448613738105,-0.016000000000000007,-0.22496149868535165,0.2802328425555495,-0.1305261922200515,0.0,0.0,0.9914448613738105,-0.016000000000000007,-0.22496149868535165,0.2802328425555495,-0.1305261922200515,0.0,0.0,0.9914448613738105,0.0,-0.5235987755982988,0.7853981633974483,0.0,0.5235987755982988,0.0,0.0,-0.5235987755982988,0.7853981633974483,0.0,0.5235987755982988,0.0,0.0,-0.5235987755982988,0.7853981633974483,0.0,0.5235987755982988,0.0,0.0,0.0,0.0,0.0,0.0,0.0,0.0,0.0,0.0,0.0,0.0,0.0,0.5,0.0,0.0,0.0,False,False,False,False,1,False,,0.0,0,,,,True,True,0.0,0.00999489999958314,True,0.0,0.0,False,False,False,False,False,False,1.0,False,False,False,0.0,0.0,0.0,0.0
1.002281399989104,1786138788.4217496,0.011957099981373176,0.005212699994444847,0.011957099981373176,TELEOP,0,,0.0,1.002281399989104,193,-5.136916912951151e-08,7.167226991171434e-05,0.0,6.253802999657967e-05,6.255367793221707e-05,0.00012508779643425946,0.9999999882645377,-5.665528983526786e-09,7.904785026586058e-06,0.0,6.897414332292094e-06,6.899140166884934e-06,1.3796123094502407e-05,0.9999999998572473,-0.016000000000000007,-0.22496149868535165,0.2802328425555495,-0.1305261922200515,0.0,0.0,0.9914448613738105,-0.016000000000000007,-0.22496149868535165,0.2802328425555495,-0.1305261922200515,0.0,0.0,0.9914448613738105,-0.016000000003234992,-0.2249614987478198,0.28023284266373977,-0.1305261922149475,2.7679866963934608e-14,2.1024262930809239e-13,0.9914448613744824,-0.016000000000072265,-0.22496149868674717,0.28023284255796643,-0.13052619221993747,6.183518157718237e-16,4.696697192649213e-15,0.9914448613738255,-0.016000000000072265,-0.22496149868674717,0.28023284255796643,-0.13052619221993747,6.183518157718237e-16,4.696697192649213e-15,0.9914448613738255,-3.5667778686604274e-11,-0.5235987750264068,0.7853981623071083,-6.975308495199925e-11,0.5235987750695548,-6.963944221540624e-11,-7.967972208412197e-13,-0.523598775585523,0.7853981633730908,-1.558242937503935e-12,0.5235987755864869,-1.5557042255341845e-12,-7.967972208412197e-13,-0.523598775585523,0.7853981633730908,-1.558242937503935e-12,0.5235987755864869,-1.5557042255341845e-12,-6.66379993545654e-11,1.0684639940783135e-09,-2.0370786797148316e-09,-1.3031947043441746e-10,-9.878508520319174e-10,-1.3010715206510505e-10,-5.573090419781918e-09,8.93581215966055e-08,-1.7036561397731909e-07,-1.0898919523749882e-08,-8.261625758509972e-08,-1.0881162846157225e-08,0.5,0.0,0.0,0.5,True,False,True,False,1,True,True,0.0020941999973729253,2,1.2497148766328844e-10,1.0304791736750348e-11,`gtol` termination condition is satisfied.,True,True,0.0,0.011957099981373287,True,1.0659824134506835e-09,0.0,False,False,False,False,False,False,1.0,False,False,False,1.2217964623866428e-10,1.0074595355396097e-11,2.7918414246519035e-12,2.3023323755939476e-13
1.0102671999990234,1786138788.430234,0.00798580000991933,0.005712200014386326,0.00798580000991933,TELEOP,0,,0.0,1.0102671999990234,195,-1.0404046463685645e-06,0.0003225513636538188,0.0,0.00028132064463246833,0.0002816375666805927,0.0005628790254107853,0.9999997623530611,-8.478230023665966e-08,3.196310544945451e-05,0.0,2.788093327120667e-05,2.7906760293157895e-05,5.5781240269767054e-05,0.9999999976661598,-0.016000023535883756,-0.2249545271446658,0.2802309744334387,-0.13051579017580364,1.3154027301146385e-05,1.944194195428195e-05,0.9914462304955162,-0.016000023535883756,-0.2249545271446658,0.2802309744334387,-0.13051579017580364,1.3154027301146385e-05,1.944194195428195e-05,0.9914462304955162,-0.016000023405335625,-0.22495452728815557,0.28023097455076584,-0.13051579017320786,1.315402739122564e-05,1.9441932655496462e-05,0.991446230495858,-0.016000000232031034,-0.224961429220509,0.28023282394991067,-0.13052608858762002,1.3106662473376416e-07,1.937572397468163e-07,0.9914448750172458,-0.016000000232031034,-0.224961429220509,0.28023282394991067,-0.13052608858762002,1.3106662473376416e-07,1.937572397468163e-07,0.9914448750172458,-2.6220209326561537e-05,-0.5236519967513977,0.7854259335778444,-0.00013463442381312762,0.5235523449553291,-0.00010237765161537465,-2.612733704779857e-07,-0.5235993059018277,0.7853984400755278,-1.3415714407797145e-06,0.5235983129198974,-1.0201478130870874e-06,-2.612733704779857e-07,-0.5235993059018277,0.7853984400755278,-1.3415714407797145e-06,0.5235983129198974,-1.0201478130870874e-06,-3.271714460119621e-05,-6.640741115682468e-05,3.4649307110902064e-05,-0.00016799442521355217,-5.793616029748442e-05,-0.00012774502944172365,-0.004096906749800682,-0.008315820523721028,0.004339119956239903,-0.02103662684833235,-0.007254773770275977,-0.015996506195484102,0.5,0.0,0.0,0.5,True,False,True,False,1,True,True,0.002646999986609444,3,2.2671080688457304e-10,1.9321516729317854e-11,`gtol` termination condition is satisfied.,True,True,0.0,0.00798580000991933,True,0.0001332928523723479,1.0659824134506835e-09,False,False,False,False,False,False,1.0,False,False,False,7.145452008803956e-06,5.091107642425244e-05,7.145621400192238e-06,5.0911088257874426e-05
1.020315099994721,1786138788.4416034,0.010047899995697662,0.007024899998214096,0.010047899995697662,TELEOP,0,,0.0,1.020315099994721,197,-4.0731628821844e-06,0.0006382003584787777,0.0,0.0005563140638234891,0.0005575547691398859,0.0011135590022265526,0.9999990698164126,-4.610527891697385e-07,8.9157680124927e-05,0.0,7.77384792207224e-05,7.787892973131566e-05,0.00015558233206529768,0.9999999818428694,-0.01600013594359071,-0.22493795348828832,0.280226533288941,-0.13049107422238418,4.443968129062843e-05,6.565424321931767e-05,0.991449480943393,-0.01600013594359071,-0.22493795348828832,0.280226533288941,-0.13049107422238418,4.443968129062843e-05,6.565424321931767e-05,0.991449480943393,-0.01600013562726999,-0.22493795374341075,0.2802265334188604,-0.13049107422363557,4.443968146019178e-05,6.565422073676557e-05,0.9914494809432297,-0.016000002600032516,-0.22496098246143456,0.2802327043206005,-0.13052542256255922,9.741093706933556e-07,1.4400566943899342e-06,0.9914449626993133,-0.016000002600032516,-0.22496098246143456,0.2802327043206005,-0.13052542256255922,9.741093706933556e-07,1.4400566943899342e-06,0.9914449626993133,-8.91815181766973e-05,-0.5237785102003099,0.7854919377484434,-0.0004559798546867546,0.5234420185240416,-0.00034701683238107467,-1.951443761808118e-06,-0.5236027163065066,0.7854002194308376,-9.989492868616619e-06,0.5235953383475178,-7.600616007503881e-06,-1.951443761808118e-06,-0.5236027163065066,0.7854002194308376,-9.989492868616619e-06,0.5235953383475178,-7.600616007503881e-06,-0.0001682113070446396,-0.00033941467175774027,0.0001770872829646985,-0.0008606695360761747,-0.0002960392102761174,-0.0006549098017729513,-0.01348482394345681,-0.027170578998379026,0.014175895054169121,-0.06893730144201415,-0.023696797348757907,-0.052465169095726516,0.5,0.0,0.0,0.5,True,False,True,False,1,True,True,0.003476999991107732,4,4.266442325805099e-10,4.503716770314114e-11,`gtol` termination condition is satisfied.,True,True,0.0,0.010047899995697662,True,0.000445990361818138,0.0001332928523723479,False,False,False,False,False,False,1.0,False,False,False,2.3841551508915384e-05,0.00016985803177909184,2.3841833327521874e-05,0.00016985806663287904
1.030159899986418,1786138788.4517648,0.009844799991697073,0.007349600025918335,0.009844799991697073,TELEOP,0,,0.0,1.030159899986418,199,-8.977316630087718e-06,0.0009474444948358749,0.0,0.0008254325890162469,0.0008281669880544735,0.0016529171081810644,0.9999979503306566,-1.2497554357232828e-06,0.00016864705722717524,0.0,0.0001469920424184628,0.00014737275182942204,0.00029426975407001595,0.9999999350399595,-0.01600037189639516,-0.22491491931530116,0.2802203609569482,-0.13045674224211862,8.794050004790505e-05,0.0001298693282913077,0.9914539897564584,-0.01600037189639516,-0.22491491931530116,0.2802203609569482,-0.13045674224211862,8.794050004790505e-05,0.0001298693282913077,0.9914539897564584,-0.016000371453022168,-0.22491491964556665,0.2802203610952607,-0.1304567422458524,8.79405002761078e-05,0.00012986929679824333,0.9914539897559712,-0.016000010137072782,-0.22495990101249036,0.28023241488880307,-0.130523811478846,3.015004869149529e-06,4.457571461784995e-06,0.9914451747868233,-0.016000010137072782,-0.22495990101249036,0.28023241488880307,-0.130523811478846,3.015004869149529e-06,4.457571461784995e-06,0.9914451747868233,-0.00017758475287129547,-0.5239543184710035,0.7855836310194545,-0.0009044935201713334,0.5232887799045287,-0.0006888995871893308,-6.063411563803233e-06,-0.5236109711548722,0.7854045258200186,-3.096606773849843e-05,0.5235881401039453,-2.357207862560682e-05,-6.063411563803233e-06,-0.5236109711548722,0.7854045258200186,-3.096606773849843e-05,0.5235881401039453,-2.357207862560682e-05,-0.00041767916112699847,-0.0008384983313677056,0.0004374277978934422,-0.0021307263618939015,-0.0007311721496205415,-0.0016223247431713169,-0.025340063210299406,-0.05069515480567239,0.026444469684331843,-0.1290078850650973,-0.04419926658859575,-0.09826659172499858,0.5,0.0,0.0,0.5,True,False,True,False,1,True,True,0.003964100003940985,4,5.698993358662668e-10,6.343638540476591e-11,`gtol` termination condition is satisfied.,True,True,0.0,0.009844799991697073,True,0.000873527452432835,0.000445990361818138,False,False,False,False,False,False,1.0,False,False,False,4.65698170310203e-05,0.0003317615190495164,4.657017527334312e-05,0.00033176156950667784
1.040175499998102,1786138788.4613569,0.010015600011684,0.006926700007170439,0.010015600011684,TELEOP,0,,0.0,1.040175499998102,201,-1.5929394381763994e-05,0.0012620165183431032,0.0,0.0010988878157787304,0.0011037394059947555,0.002201416997261494,0.9999963639774377,-2.6306244740285835e-06,0.00027150079982579613,0.0,0.00023654837941574757,0.00023734971853291308,0.0004736981389238437,0.9999998316600102,-0.01600078530571378,-0.22488511469002806,0.28021237438509344,-0.13041234389926104,0.00014425415832005126,0.00021294383362350234,0.9914598097776643,-0.01600078530571378,-0.22488511469002806,0.28021237438509344,-0.13041234389926104,0.00014425415832005126,0.00021294383362350234,0.9914598097776643,-0.0160007847275441,-0.22488511509908904,0.28021237453211606,-0.13041234390560125,0.0001442541586118761,0.0002129437925790762,0.9914598097768392,-0.016000028764063534,-0.22495776630296674,0.28023184393540745,-0.1305206338851235,7.0438970655210255e-06,1.0415618154906073e-05,0.9914455930469024,-0.016000028764063534,-0.22495776630296674,0.28023184393540745,-0.1305206338851235,7.0438970655210255e-06,1.0415618154906073e-05,0.9914455930469024,-0.00029320358143316525,-0.5241817697764863,0.7857022073321086,-0.001487521421501768,0.5230906457689408,-0.0011339275418114194,-1.42235639694233e-05,-0.5236272643997798,0.785413024226759,-7.24645863553263e-05,0.5235739361743711,-5.518987260992833e-05,-1.42235639694233e-05,-0.5236272643997798,0.785413024226759,-7.24645863553263e-05,0.5235739361743711,-5.518987260992833e-05,-0.0008147442385978468,-0.0016267867016039937,0.0008485169865420474,-0.004143388171294432,-0.001418180594036284,-0.0031568547014094836,-0.03964466202800033,-0.07870605548511188,0.041044888790390664,-0.2009526945018371,-0.06859383797418946,-0.15321398183314175,0.5,0.0,0.0,0.5,True,False,True,False,1,True,True,0.0036851000040769577,4,7.233441201649942e-10,8.308090058130719e-11,`gtol` termination condition is satisfied.,True,True,0.0,0.010015600011684,True,0.0014150568351464418,0.000873527452432835,False,False,False,False,False,False,1.0,False,False,False,7.521852544543767e-05,0.0005358102381011938,7.521896441250687e-05,0.0005358103050720895
1.0505504000099135,1786138788.4718544,0.010374900011811405,0.007049099978758022,0.010374900011811405,TELEOP,0,,0.0,1.0505504000099135,203,-2.5218103810698002e-05,0.0015878206536979926,0.0,0.001381787864113028,0.0013894677809444132,0.0027693409903197953,0.999994245379474,-4.824181176187566e-06,0.0003993393906515263,0.0,0.0003477887594267642,0.0003492582342160512,0.0006966804813826274,0.9999996358489196,-0.016001442314514305,-0.2248480700328418,0.280202447742007,-0.13035719329502574,0.00021428225298761766,0.0003161777042516047,0.991467022281134,-0.016001264437447676,-0.22485809941897678,0.280205135258753,-0.13035719329502574,0.00021428225298761766,0.0003161777042516047,0.991467022281134,-0.016001263715067483,-0.22485809980809784,0.280205135351931,-0.1303571933039972,0.00021428225331972207,0.00031617765302038875,0.9914670222799707,-0.01600006579935069,-0.2249541654620098,0.2802308815452895,-0.13051502790207203,1.415893575867266e-05,2.093976990455099e-05,0.9914463307979772,-0.01600006579935069,-0.2249541654620098,0.2802308815452895,-0.13051502790207203,1.415893575867266e-05,2.093976990455099e-05,0.9914463307979772,-0.00043655772591472066,-0.5243884648746753,0.7857957014655893,-0.0022118999965017303,0.5228667752768218,-0.0016867415259765868,-2.8683267389650284e-05,-0.5236547556051808,0.7854271219075495,-0.00014585911531768672,0.5235492374266408,-0.00011113472348271532,-2.8683267389650284e-05,-0.5236547556051808,0.7854271219075495,-0.00014585911531768672,0.5235492374266408,-0.00011113472348271532,-0.001393719785613856,-0.0026497802744804037,0.0013588257018803433,-0.007074239643640295,-0.002380625133941182,-0.005392326751014085,-0.05580540982147962,-0.09860274043236784,0.0491868562354654,-0.2824944306941953,-0.09276663281662413,-0.21546926207092185,0.5,0.0,0.0,0.5,True,False,True,False,1,True,True,0.0036903000145684928,4,8.257908232773145e-10,1.0404976011664647e-10,`gtol` termination condition is satisfied.,True,True,0.0,0.010374900011811405,True,0.0020660408811840436,0.0014150568351464418,False,False,False,False,False,False,1.0,False,False,False,9.94631154551893e-05,0.0007811648982751535,9.946352410673512e-05,0.0007811649827592916
1.0603743999887483,1786138788.4819376,0.009823999978834763,0.007309999986318871,0.009823999978834763,TELEOP,0,,0.0,1.0603743999887483,205,-3.5971067005891034e-05,0.0018962628464765708,0.0,0.0016493127077943546,0.0016602661399212767,0.0033068495600688183,0.9999917939812925,-7.703207291265886e-06,0.0005377129733167511,0.0,0.0004681211542219509,0.0004704674678165964,0.0009380036594969762,0.9999993398358229,-0.016002304876933077,-0.22480797257598537,0.28019170305564073,-0.13029753230496108,0.00029011791745809187,0.00042789656642274945,0.9914748034172932,-0.016001953873290495,-0.22482488341484524,0.28019623455630605,-0.13031371213406512,0.0002695519376786196,0.00039759937213615463,0.9914726953811347,-0.01600195329846349,-0.2248248838588209,0.28019623472736155,-0.13031371214026571,0.00026955193798796625,0.00039759933135372647,0.991472695380336,-0.016000124369840968,-0.2249492248384724,0.28022956177932823,-0.13050734545230278,2.3916673100528296e-05,3.537487756767219e-05,0.9914473414960595,-0.016000124369840968,-0.2249492248384724,0.28022956177932823,-0.13050734545230278,2.3916673100528296e-05,3.537487756767219e-05,0.9914473414960595,-0.0005531719520934213,-0.5246416447279795,0.7859332178888077,-0.0027906318354562914,0.5226640303960611,-0.002130123629957737,-4.860301024457938e-05,-0.5236924725155545,0.7854464635876784,-0.00024670492259223876,0.5235153733407221,-0.00018804973696816702,-4.860301024457938e-05,-0.5236924725155545,0.7854464635876784,-0.00024670492259223876,0.5235153733407221,-0.00018804973696816702,-0.0020276611255949733,-0.00383926205770747,0.0019688192356065327,-0.01026524913393918,-0.003447077157135442,-0.007829296992178403,-0.06452985966479102,-0.12107917200628415,0.06209217579808478,-0.32481774197615326,-0.10855578435381404,-0.24806293224904602,0.5,0.0,0.0,0.5,True,False,True,False,1,True,True,0.003808399982517585,4,7.461906322005529e-10,8.251999682866863e-11,`gtol` termination condition is satisfied.,True,True,0.0,0.009823999978834763,True,0.0025439269128640528,0.0020660408811840436,False,False,False,False,False,False,1.0,False,False,False,0.0001287428312310658,0.0009584986628083331,0.00012874331247436256,0.0009584987292343226
1.0704028000105863,1786138788.491748,0.010028400021838024,0.0070896999968681484,0.010028400021838024,TELEOP,0,,0.0,1.0704028000105863,207,-4.891125318362555e-05,0.002211047943323331,0.0,0.0019220382413445215,0.0019369300997696905,0.0038552597573315024,0.9999888454592836,-1.1584014011718526e-05,0.0006953101274808739,0.0,0.0006050806883361988,0.0006086087960295998,0.0012128102757628036,0.9999988962813555,-0.016003467814406317,-0.22476230456953003,0.28017946565835383,-0.13022962405382688,0.00037653246246470656,0.0005551089190790968,0.9914836332971875,-0.016002910903971875,-0.22478532449518437,0.2801856341771595,-0.13025650894708166,0.0003423291127268121,0.0005047506493702063,0.9914801409581937,-0.016002910142672317,-0.22478532501671278,0.2801856343416581,-0.1302565089568072,0.00034232911311788815,0.0005047505953982424,0.9914801409569433,-0.016000219433795603,-0.22494223789230877,0.28022769647692597,-0.13049656002398768,3.762684642044907e-05,5.566022384933611e-05,0.9914487597995499,-0.016000219433795603,-0.22494223789230877,0.28022769647692597,-0.13049656002398768,3.762684642044907e-05,5.566022384933611e-05,0.9914487597995499,-0.0007072737013548841,-0.5249433282249194,0.7860917927205872,-0.003554057492837234,0.5224065844219676,-0.0027153767132846794,-7.6738483492296e-05,-0.5237458035878244,0.7854738732940563,-0.0003887157274806305,0.5234677146558676,-0.0002964368738222401,-7.6738483492296e-05,-0.5237458035878244,0.7854738732940563,-0.0003887157274806305,0.5234677146558676,-0.0002964368738222401,-0.0028055794729416775,-0.0053180040837766404,0.002733208320188768,-0.014160863605275662,-0.0047523717393259364,-0.010808018888162354,-0.07757153141604793,-0.1474554288669215,0.07622243657190457,-0.38845822492654075,-0.13015980409118716,-0.29702862764722504,0.5,0.0,0.0,0.5,True,False,True,False,1,True,True,0.003565499995602295,4,9.37351949080281e-10,1.0971371477661918e-10,`gtol` termination condition is satisfied.,True,True,0.0,0.010028400021838024,True,0.0031653417653566035,0.0025439269128640528,False,False,False,False,False,False,1.0,False,False,False,0.00016247496319542564,0.0011885031517574441,0.000162475522065543,0.0011885032409217045
1.0804125000064486,1786138788.5014234,0.01000969999586232,0.006754500005627051,0.01000969999586232,TELEOP,0,,0.0,1.0804125000064486,209,-6.380496657693024e-05,0.0025251585264955455,0.0,0.002193876197625633,0.0022132997749542745,0.004402341502920276,0.9999854536945162,-1.649366523728048e-05,0.0008673579444604656,0.0,0.0007544973918503277,0.0007595203716334252,0.001512766586671559,0.999998282698398,-0.016004939285612654,-0.22471244909090465,0.28016610616495935,-0.13015553493828855,0.000470918895775307,0.0006939551752016436,0.9914932341607463,-0.016004139059557398,-0.22474119949769178,0.2801738102497606,-0.1301909720872384,0.00042579109019036393,0.0006275549927445013,0.9914886462605906,-0.01600413818093031,-0.22474120007390033,0.2801738104144541,-0.1301909720991373,0.000425791090638198,0.0006275549304905954,0.9914886462590674,-0.016000362385790952,-0.22493298889165358,0.2802252287331031,-0.13048237956674769,5.566830281374679e-05,8.235793793175474e-05,0.991450623450714,-0.016000362385790952,-0.22493298889165358,0.2802252287331031,-0.13048237956674769,5.566830281374679e-05,8.235793793175474e-05,0.991450623450714,-0.0008854786878435632,-0.5252798353876637,0.7862668628022608,-0.0044329272301087555,0.5221144737195877,-0.003389989285252332,-0.00011396880367249578,-0.5238163905755102,0.7855102232579335,-0.0005760397419042673,0.5234049114056257,-0.0004395162298620432,-0.00011396880367249578,-0.5238163905755102,0.7855102232579335,-0.0005760397419042673,0.5234049114056257,-0.0004395162298620432,-0.003719424178106195,-0.007051858468788131,0.0036314738595779397,-0.01871424862893696,-0.006274239014939049,-0.014294070361643943,-0.09129591351811452,-0.1732174176776735,0.08973950665459356,-0.4548972522196987,-0.15203924955215467,-0.3482673281839225,0.5,0.0,0.0,0.5,True,False,True,False,1,True,True,0.0035850999993272126,4,1.0635439806135703e-09,1.2680146432702444e-10,`gtol` termination condition is satisfied.,True,True,0.0,0.01000969999586232,True,0.0038568874882044884,0.0031653417653566035,False,False,False,False,False,False,1.0,False,False,False,0.00019859771080457328,0.0014430449854127647,0.0001985983266047777,0.0014430450888059101
1.0904544999863246,1786138788.5115492,0.010041999979875982,0.006841499998699874,0.010041999979875982,TELEOP,0,,0.0,1.0904544999863246,211,-8.07315321004587e-05,0.0028401823233325115,0.0,0.0024661999549334436,0.0024907721309858624,0.004950859531102545,0.9999816012816822,-2.2550762856940492e-05,0.0010533920668868533,0.0,0.0009159477427041234,0.000922814629250655,0.001837052663360012,0.9999974673419952,-0.016006754874962587,-0.22465854069922309,0.28015166063194435,-0.13007547385534848,0.0005730316016864438,0.0008440542008638459,0.9915035704971497,-0.016005669234137185,-0.22469284654741792,0.2801608533790016,-0.13011852305118843,0.0005181528296881149,0.000763361662123085,0.9914980175247933,-0.016005668255196673,-0.22469284717368712,0.28016085354638415,-0.13011852306491314,0.0005181528301880317,0.0007633615928007129,0.9914980175230453,-0.016000569484165585,-0.22492109048282935,0.28022205595138866,-0.1304642361846734,7.87725510051788e-05,0.00011655165198180797,0.9914530060912355,-0.016000569484165585,-0.22492109048282935,0.28022205595138866,-0.1304642361846734,7.87725510051788e-05,0.00011655165198180797,0.9914530060912355,-0.0010846312342422098,-0.5256485328692146,0.7864578836581116,-0.005409932019494079,0.5217927468215399,-0.00414104820580373,-0.000161925112422371,-0.5239071845119379,0.785557044800822,-0.000816543850543101,0.5233244122016785,-0.0006233625765400536,-0.000161925112422371,-0.5239071845119379,0.785557044800822,-0.000816543850543101,0.5233244122016785,-0.0006233625765400536,-0.004775573475998699,-0.009041419698222058,0.0046625714979426115,-0.0239498216611034,-0.00801625215181508,-0.018307742187456254,-0.10517320255019036,-0.19812400253146567,0.10267851428310852,-0.521367560511696,-0.17347272857667786,-0.3996884917203393,0.5,0.0,0.0,0.5,True,False,True,False,1,True,True,0.003474500001175329,4,1.174118630991426e-09,1.413826592815341e-10,`gtol` termination condition is satisfied.,True,True,0.0,0.010041999979875982,True,0.0045933881689509785,0.0038568874882044884,False,False,False,False,False,False,1.0,False,False,False,0.0002363614605060622,0.0017122637229285659,0.00023636212972611453,0.0017122638384300414
1.1006407999881302,1786138788.5219736,0.010186300001805648,0.007078800001181662,0.010186300001805648,TELEOP,0,,0.0,1.1006407999881302,213,-9.993167963535666e-05,0.003159617322230822,0.0,0.0027420252678134658,0.002772435469820761,0.005506900169854516,0.9999772342156175,-2.9941976336210616e-05,0.0012545882542445506,0.0,0.001090429320815817,0.0010995457651672201,0.0021877063292783223,0.9999964079455603,-0.01600897057356315,-0.22460023868551682,0.28013603776077856,-0.12998894488222756,0.0006835261918032552,0.0010063474317346095,0.991514696948662,-0.016007552152862776,-0.22464002765944197,0.2801466997927718,-0.13003916673322277,0.0006194329006025512,0.0009121741169635714,0.9915082447244657,-0.01600755107161015,-0.22464002833833888,0.2801466999641738,-0.13003916674878804,0.0006194329011577659,0.0009121740404407831,0.9915082447224944,-0.016000863449897873,-0.22490600046686093,0.28021803437813464,-0.13044132471561615,0.00010797597350564788,0.0001597753703703742,0.9914560119437753,-0.016000863449897873,-0.22490600046686093,0.28021803437813464,-0.13044132471561615,0.00010797597350564788,0.0001597753703703742,0.9914560119437753,-0.0013053555047277078,-0.5260512003750003,0.7866660679591764,-0.006486625487242559,0.5214409767490553,-0.004970088950646274,-0.0002229145671620981,-0.524022316418362,0.7856164719169925,-0.0011213676139499803,0.523222617996777,-0.0008565772092503133,-0.0002229145671620981,-0.524022316418362,0.7856164719169925,-0.0011213676139499803,0.523222617996777,-0.0008565772092503133,-0.005987400207034543,-0.01130262277802181,0.005834023753460533,-0.029924875897317533,-0.009993246309592476,-0.022894930707805537,-0.11896633034772515,-0.22198473237573269,0.11500272476858797,-0.5865774849704977,-0.1940836375746787,-0.4503292186108937,0.5,0.0,0.0,0.5,True,False,True,False,1,True,True,0.003626000019721687,4,1.2881719228992184e-09,1.5623327501574636e-10,`gtol` termination condition is satisfied.,True,True,0.0,0.010186300001805648,True,0.005365257873292579,0.0045933881689509785,False,False,False,False,False,False,1.0,False,False,False,0.000275453255653037,0.0019921358618863747,0.00027545398182376974,0.001992135989697665
1.1105927000095361,1786138788.5319707,0.00995190002140589,0.007121000002371147,0.00995190002140589,TELEOP,0,,0.0,1.1105927000095361,215,-0.00012066405362621269,0.003471576810151837,0.0,0.003011092346759714,0.0030478039184518046,0.006049774065956051,0.999972521846428,-3.8426749665071124e-05,0.0014619487379054824,0.0,0.0012701250861668926,0.0012818233033282105,0.002549038431482106,0.9999951230452874,-0.01601151428909222,-0.22454015039494188,0.28011993622707165,-0.12989982368228212,0.0007974672744166136,0.0011735723849544918,0.9915261078666137,-0.01600972907630751,-0.2245851519191607,0.2801319950400164,-0.12995668894563353,0.0007248146708670332,0.0010669004860447467,0.9915188325822831,-0.016009727943042448,-0.22458515262250142,0.28013199521299315,-0.1299566889620638,0.0007248146714546144,0.0010669004058871713,0.9915188325802156,-0.016001249153705252,-0.22488812576995232,0.2802132728375227,-0.1304142730362694,0.00014248715319512602,0.00021085428599921317,0.991459556727506,-0.016001249153705252,-0.22488812576995232,0.2802132728375227,-0.1304142730362694,0.00014248715319512602,0.00021085428599921317,0.991459556727506,-0.0015375244324722394,-0.5264694498389519,0.7868820254936966,-0.007612718041895051,0.5210757713956092,-0.005838620116428107,-0.00029543180262222516,-0.5241586758086214,0.7856868934974993,-0.0014825838395944619,0.5231023153302792,-0.00113317861501035,-0.00029543180262222516,-0.5241586758086214,0.7856868934974993,-0.0014825838395944619,0.5231023153302792,-0.00113317861501035,-0.007286772908102695,-0.013701844870432517,0.007076194531231809,-0.03629620724359457,-0.012088411885081437,-0.02779382883319617,-0.1305652888667778,-0.24108181224189712,0.12481744944175953,-0.6402125556499482,-0.2105292025625656,-0.49225757039896106,0.5,0.0,0.0,0.5,True,False,True,False,1,True,True,0.0038699999859090894,4,1.3449530924704009e-09,1.6370475515298594e-10,`gtol` termination condition is satisfied.,True,True,0.0,0.00995190002140589,True,0.006130134202300589,0.005365257873292579,False,False,False,False,False,False,1.0,False,False,False,0.0003138003667845062,0.0022669955863578134,0.00031380112128275034,0.002266995720309963
1.1201842999940963,1786138788.5418637,0.009591599984560162,0.007425200019497424,0.009591599984560162,TELEOP,0,,0.0,1.1201842999940963,217,-0.0001424914600716476,0.0037721137563667324,0.0,0.003270023669834107,0.003313366575564798,0.006572625974516453,0.9999675640414212,-4.783890385495724e-05,0.0016709100586945864,0.0,0.0014510769929543296,0.0014656384302690632,0.0029130948048083152,0.9999936300588173,-0.016014336205628213,-0.22447959821268268,0.2801037103831296,-0.1298100728995186,0.0009123484918001627,0.0013420476514574451,0.991537549214427,-0.01601215919343337,-0.2245294756287953,0.280117075765059,-0.12987305327871432,0.0008317941906621472,0.0012238594361313557,0.9915295256917815,-0.016012158034621363,-0.22452947634188247,0.2801170759383244,-0.12987305329550172,0.0008317941912697179,0.0012238593542134055,0.9915295256896833,-0.0160017299678652,-0.22486780736064052,0.28020786213718,-0.1303835988029059,0.00018165169835234447,0.0002688140974782394,0.9914635706393071,-0.0160017299678652,-0.22486780736064052,0.28020786213718,-0.1303835988029059,0.00018165169835234447,0.0002688140974782394,0.9914635706393071,-0.0017757606272439334,-0.5268936955954853,0.7871008601642708,-0.008761827186950594,0.5207057532938293,-0.0067263880636127356,-0.00037822338191945837,-0.5243136569017226,0.7857669535117141,-0.0018936201981483802,0.5229658194836266,-0.0014482047489375882,-0.00037822338191945837,-0.5243136569017226,0.7857669535117141,-0.0018936201981483802,0.5229658194836266,-0.0014482047489375882,-0.008631675573471045,-0.0161580021425638,0.008346888354771438,-0.042853784479708695,-0.014230769305672986,-0.03284396080261308,-0.1402167174958582,-0.2560737808170712,0.1324798600426517,-0.6836791824794636,-0.22335766963177725,-0.5265161159291706,0.5,0.0,0.0,0.5,True,False,True,False,1,True,True,0.003801100014243275,4,1.3716265838686057e-09,1.6729781254043513e-10,`gtol` termination condition is satisfied.,True,True,0.0,0.009591599984560162,True,0.006868206988802214,0.006130134202300589,False,False,False,False,False,False,1.0,False,False,False,0.0003504550709189119,0.0025296669350654472,0.00035045583870472547,0.0025296670719205903
1.1304121999925227,1786138788.5517995,0.010227899998426437,0.007129699981305748,0.010227899998426437,TELEOP,0,,0.0,1.1304121999925227,219,-0.00016776183905793386,0.004092436911077487,0.0,0.003545695171408751,0.003596711750741701,0.007129744038767592,0.999961828501606,-5.933592849111915e-05,0.001903082960972398,0.0,0.0016519707437167006,0.0016700285625447888,0.003317511451931406,0.9999917380233841,-0.016017783391159227,-0.22441231984104373,0.2800856821537931,-0.12971042333193059,0.0010400634542013418,0.001529187936366924,0.991550193349443,-0.01601514864334348,-0.22446720339438353,0.2801003890067067,-0.129779606662077,0.0009514683437611746,0.0013993050543669487,0.9915414213980132,-0.016015147336575726,-0.22446720418502053,0.28010038918697616,-0.12977960668150265,0.0009514683444510974,0.0013993049620491034,0.9915414213956002,-0.01600239212765627,-0.22484236193904225,0.28020108862867693,-0.1303452709070632,0.00023063341341061363,0.00034129267245037,0.9914685777571092,-0.01600239212765627,-0.22484236193904225,0.28020108862867693,-0.1303452709070632,0.00023063341341061363,0.00034129267245037,0.9914685777571092,-0.0020453969553087224,-0.5273680712180957,0.7873453317286969,-0.010054561579303938,0.5202926544268845,-0.007726920129419377,-0.0004824707653772681,-0.5245077160638019,0.7858672091276516,-0.002409280832031795,0.5227951834045412,-0.0018438094411715226,-0.0004824707653772681,-0.5245077160638019,0.7858672091276516,-0.002409280832031795,0.5227951834045412,-0.0018438094411715226,-0.010192452358142746,-0.018973509919836595,0.009802170137856475,-0.050417058630095074,-0.016683393376128928,-0.038678975380556924,-0.15259992617368442,-0.27527721015124934,0.1422854919689214,-0.7394747848091971,-0.239797423795039,-0.5704997681676159,0.5,0.0,0.0,0.5,True,False,True,False,1,True,True,0.0035014999739360064,4,1.5379355991118785e-09,1.8874573854581327e-10,`gtol` termination condition is satisfied.,True,True,0.0,0.010227899998426437,True,0.0076452807472721426,0.006868206988802214,False,False,False,False,False,False,1.0,False,False,False,0.00038864690056148344,0.002803052290649752,0.0003886477533549834,0.00280305244525308
1.1403386999951435,1786138788.5632982,0.009926500002620742,0.008706399996299297,0.009926500002620742,TELEOP,0,,0.0,1.1403386999951435,221,-0.0001942554578472977,0.004403159161536905,0.0,0.0038128012139749313,0.003871858699751187,0.007670009224474249,0.9999558201318738,-7.192508536073594e-05,0.0021363835988968925,0.0,0.0018536820705599573,0.0018755671505978017,0.0037238126804759815,0.9999895896106947,-0.016021558207025065,-0.22434471467035483,0.28006756634940294,-0.1296103599530229,0.0011684709242333205,0.0017171877876404962,0.9915628273259588,-0.01601844239569186,-0.22440425877873385,0.28008352207005627,-0.12968526422130577,0.0010724347864382918,0.0015765063732411054,0.9915533756460789,-0.01601844106427479,-0.22440425957772195,0.28008352225043176,-0.12968526424103924,0.0010724347871499012,0.0015765062792402885,0.9915533756436467,-0.016003197820045757,-0.22481398437800276,0.2801935356885164,-0.13030259965702418,0.00028520887513478247,0.0004220230018937462,0.9914741414051628,-0.016003197820045757,-0.22481398437800276,0.2801935356885164,-0.13030259965702418,0.00028520887513478247,0.0004220230018937462,0.9914741414051628,-0.0023211191684622844,-0.5278474314399225,0.7875921465032328,-0.011368749668615464,0.5198759439617817,-0.008745909834184716,-0.0005994002950817178,-0.5247241058606205,0.7859789945158026,-0.002985588835565744,0.5226051794434834,-0.0022863815039777186,-0.0005994002950817178,-0.5247241058606205,0.7859789945158026,-0.002985588835565744,0.5226051794434834,-0.0022863815039777186,-0.011779532531464118,-0.021799203824257783,0.011261309436496763,-0.058057523133208624,-0.019141083061262297,-0.04458490532305955,-0.15988315850524948,-0.28466165352089495,0.14699433821135885,-0.7697037728400097,-0.2475887457295624,-0.5949659941513499,0.5,0.0,0.0,0.5,True,False,True,False,1,True,True,0.004251599981216714,4,1.5631982295244695e-09,1.9216645139103513e-10,`gtol` termination condition is satisfied.,True,True,0.0,0.009926500002620742,True,0.00838316083304972,0.0076452807472721426,False,False,False,False,False,False,1.0,False,False,False,0.0004245111600641175,0.003059371053582079,0.00042451202577735203,0.0030593712109178274
1.1504189000039586,1786138788.5744221,0.010080200008815154,0.009749599994393066,0.010080200008815154,TELEOP,0,,0.0,1.1504189000039586,223,-0.00022314197183824215,0.004718517229408851,0.0,0.0040835870369943985,0.0041514067593347165,0.008218178784073977,0.999949274551616,-8.623273826014639e-05,0.002380720586712346,0.0,0.002064763730285781,0.0020909969387909464,0.004149247053346532,0.9999870740321749,-0.01602584848034397,-0.2242739114109729,0.2800485935650816,-0.12950563930312434,0.0013030306510258955,0.0019140272420040685,0.9915759819597935,-0.016022208860381335,-0.22433796885887752,0.28006575870563055,-0.1295860378533934,0.0011998220889114764,0.0017629618984333108,0.9915658884742651,-0.016022207446649617,-0.22433796969756112,0.2800657588890939,-0.12958603787449446,0.001199822089675014,0.001762961798685927,0.9915658884716838,-0.01600420985641618,-0.22478123962993823,0.2801848210347828,-0.13025343492530123,0.00034813914311797946,0.0005150751570705277,0.9914805374725618,-0.01600420985641618,-0.22478123962993823,0.2801848210347828,-0.13025343492530123,0.00034813914311797946,0.0005150751570705277,0.9914805374725618,-0.002614955325550323,-0.528352115663931,0.7878517616211607,-0.01276090797877172,0.5194380459776566,-0.009827374275109145,-0.0007351790181431162,-0.5249737589330765,0.7861079406662655,-0.003652278781027845,0.5223862617630723,-0.0027989031755714304,-0.0007351790181431162,-0.5249737589330765,0.7861079406662655,-0.003652278781027845,0.5223862617630723,-0.0027989031755714304,-0.013469844144229247,-0.02476667846250731,0.012792023010474255,-0.06613856321095603,-0.021717592926686704,-0.05084439506612077,-0.1676863168674181,-0.29438648396405465,0.15185349225599493,-0.8016745769608259,-0.2556010657696517,-0.6209688039510409,0.5,0.0,0.0,0.5,True,False,True,False,1,True,True,0.0064660000207368284,4,1.6539910359241443e-09,2.03980761392311e-10,`gtol` termination condition is satisfied.,True,True,0.0,0.010080200008815154,True,0.009108629197743875,0.00838316083304972,False,False,False,False,False,False,1.0,False,False,False,0.0004593342364116468,0.0033077419196416995,0.00045933514871350414,0.003307742086675661
1.1604462999890783,1786138788.5811381,0.0100273999851197,0.0064390999905299395,0.0100273999851197,TELEOP,0,,0.0,1.1604462999890783,224,-0.0002538582711998028,0.0050320356813245695,0.0,0.0043524880496060596,0.0044296194102900225,0.008762994345338799,0.9999423204614162,-0.0001020176822037466,0.0026304145864489504,0.0,0.00228029521788857,0.0023113236251992375,0.004583918207780043,0.9999842227408807,-0.016030581896632177,-0.2242015558042506,0.28002920480126153,-0.1293987015878789,0.001440621004590311,0.0021151264303832405,0.9915893438710784,-0.01602638840411719,-0.22426987595794243,0.280047512201322,-0.1294842489788444,0.0013306643429711032,0.0019543165857410557,0.9915786601402199,-0.016026386939781808,-0.22426987681834126,0.2800475123860296,-0.12948424900070984,0.0013306643437712422,0.0019543164824911887,0.991578660137567,-0.01600543392857606,-0.22474471400233223,0.2801750993169193,-0.13019866010530956,0.0004183008042413137,0.0006187639136263181,0.9914876454411515,-0.01600543392857606,-0.22474471400233223,0.2801750993169193,-0.13019866010530956,0.0004183008042413137,0.0006187639136263181,0.9914876454411515,-0.00292041044317826,-0.5288703634390601,0.7881180980913435,-0.014199501353717933,0.5189892712843688,-0.010947031777586725,-0.0008876484408406974,-0.5252521946412481,0.7862517146886974,-0.0043980544305773,0.5221424174906107,-0.0033728491553669674,-0.0008876484408406974,-0.5252521946412481,0.7862517146886974,-0.0043980544305773,0.5221424174906107,-0.0033728491553669674,-0.015205279825661713,-0.027767487941508035,0.01433811582714992,-0.07437378090593359,-0.024317796519876138,-0.05723776658428427,-0.17306935835887566,-0.2992609732785983,0.15418681003749832,-0.8212714868458757,-0.25930985071384827,-0.6375901557383801,0.5,0.0,0.0,0.5,True,False,True,False,1,True,True,0.0034479000023566186,4,1.7084148086829004e-09,2.1115217760456824e-10,`gtol` termination condition is satisfied.,True,True,0.0,0.0100273999851197,True,0.009801446923140633,0.009108629197743875,False,False,False,False,False,False,1.0,False,False,False,0.0004921258019174729,0.0035410595096414493,0.0004921267423251588,0.0035410596825027913
1.1703611999906824,1786138788.5915496,0.00991490000160411,0.006929099996341392,0.00991490000160411,TELEOP,0,,0.0,1.1703611999906824,227,-0.0002861715233065831,0.005341840337365622,0.0,0.004617904543810393,0.004704825392509894,0.009301202794475216,0.9999350114893599,-0.00011918265113108746,0.0028831727738974963,0.0,0.002498289977573132,0.00253453062523944,0.005023830578894646,0.999981047734412,-0.01603572929505087,-0.2241283122578409,0.280009578095677,-0.12929053195323234,0.001579981586101659,0.002318636314291988,0.991602786367142,-0.016030958190564767,-0.22420061962224752,0.2800289539328326,-0.12938085880585964,0.0014637341969202429,0.0021487675291718927,0.991591565945861,-0.016030956688609696,-0.22420062049692752,0.280028954117993,-0.12938085882824144,0.0014637341977507936,0.0021487674233393963,0.9915915659431687,-0.016006881575633725,-0.22470471556138313,0.28016445080764013,-0.13013873669646098,0.0004951073453316452,0.0007321966135735917,0.9914953998722762,-0.016006881575633725,-0.22470471556138313,0.28016445080764013,-0.13013873669646098,0.0004951073453316452,0.0007321966135735917,0.9914953998722762,-0.003234825257703062,-0.529397295142151,0.7883886286824097,-0.015671567181549797,0.518533910005843,-0.012094923237421985,-0.0010557758773101931,-0.5255570549353261,0.7864090801876521,-0.0052172347180264676,0.5218757636805014,-0.00400399398172514,-0.0010557758773101931,-0.5255570549353261,0.7864090801876521,-0.0052172347180264676,0.5218757636805014,-0.00400399398172514,-0.01695704812376269,-0.03074769226403729,0.015871617356630733,-0.08262113458699884,-0.026894251083344502,-0.06365619686089233,-0.1766803798139731,-0.3005783539972257,0.15466636367817244,-0.8318141060152826,-0.2598568379965028,-0.6473519930175433,0.5,0.0,0.0,0.5,True,False,True,False,1,True,True,0.0035468999994918704,4,1.7479183325451116e-09,2.1641995902732754e-10,`gtol` termination condition is satisfied.,True,True,0.0,0.00991490000160411,True,0.01045433246352333,0.009801446923140633,False,False,False,False,False,False,1.0,False,False,False,0.0005225426279057523,0.003756880968135409,0.00052254358892073,0.003756881145235928
1.1803655000036342,1786138788.6023388,0.010004300012951717,0.00771909998729825,0.010004300012951717,TELEOP,0,,0.0,1.1803655000036342,229,-0.0003207316598867305,0.005654228257774826,0.0,0.004885232673078122,0.0049826166061052125,0.0098437441487239,0.9999272017175155,-0.0001381225098067068,0.003143600829382517,0.0,0.0027227075801948726,0.002764696807834191,0.005476993269365157,0.9999774726761202,-0.01604140909690491,-0.22405284615027157,0.2799893558161575,-0.12917916499899643,0.001723657166857479,0.0025282611099529577,0.9916165489905325,-0.016036027395169534,-0.22412894220593338,0.2800097468948154,-0.12927399792487007,0.001601451197339119,0.0023498375528471474,0.9916048341340711,-0.016036025827168503,-0.2241289431097246,0.2800097470817162,-0.12927399794827443,0.0016014511982159385,0.002349837442435857,0.9916048341312801,-0.016008610663329138,-0.2246603980428211,0.28015264856114974,-0.13007239979025154,0.0005801879747248474,0.0008577513624188031,0.9915039578626599,-0.016008610663329138,-0.2246603980428211,0.28015264856114974,-0.13007239979025154,0.0005801879747248474,0.0008577513624188031,0.9915039578626599,-0.0035642314552000753,-0.5299424634422997,0.7886682341970125,-0.017204633358357573,0.5180637905028626,-0.013292697619076423,-0.001243433064243825,-0.5258947773468317,0.786583337667371,-0.006127900300070524,0.5215807389400595,-0.00470645181989904,-0.001243433064243825,-0.5258947773468317,0.786583337667371,-0.006127900300070524,0.5215807389400595,-0.00470645181989904,-0.018757652878331126,-0.03375772528495707,0.01741825809834692,-0.09102741629750166,-0.029489793394830315,-0.07021559102230912,-0.17998308249826045,-0.3008739259141517,0.15459759700467626,-0.8402668552142498,-0.2594426704642588,-0.6556574825749836,0.5,0.0,0.0,0.5,True,False,True,False,1,True,True,0.003779399994527921,4,1.8194498349017524e-09,2.2580500094437556e-10,`gtol` termination condition is satisfied.,True,True,0.0,0.010004300012951717,True,0.011076733058287049,0.01045433246352333,False,False,False,False,False,False,1.0,False,False,False,0.0005510143101093087,0.0039582431674683085,0.0005510153083063667,0.0039582433522123185
1.1903728000103255,1786138788.6111553,0.010007300006691366,0.006528800004161894,0.010007300006691366,TELEOP,0,,0.0,1.1903728000103255,231,-0.00035726598240581886,0.005966486341088654,0.0,0.0051521468089169185,0.005260583520347283,0.010385904189871717,0.9999189540349976,-0.00015872135620913666,0.003408972916094431,0.0,0.002951186429145117,0.002999424721440982,0.005938656278510666,0.9999735128050176,-0.01604758655415154,-0.22397594736627685,0.2799687496238551,-0.12906577188718862,0.0018701493141190116,0.002741802654960497,0.9916304813724255,-0.016041568645632883,-0.22405559926398952,0.279990093549182,-0.1291647996712363,0.0017423679891973756,0.0025554008277078374,0.9916183180066257,-0.016041567026919334,-0.22405560018811158,0.27999009373688405,-0.1291647996953708,0.0017423679901131257,0.0025554007138039276,0.991618318003774,-0.016010635295833017,-0.22461214766043378,0.2801397928634244,-0.1300002265544049,0.0006728071520347799,0.0009943059620418854,0.9915132373206086,-0.016010635295833017,-0.22461214766043378,0.2801397928634244,-0.1300002265544049,0.0006728071520347799,0.0009943059620418854,0.9915132373206086,-0.00390548825067365,-0.5305001041336211,0.7889539290091454,-0.018783396526046114,0.5175839743985761,-0.01452859271533476,-0.0014493205753212835,-0.5262624055728073,0.786772937367798,-0.007122919445279098,0.5212600011552171,-0.00547491772635559,-0.0014493205753212835,-0.5262624055728073,0.786772937367798,-0.007122919445279098,0.5212600011552171,-0.00547491772635559,-0.02057373226942253,-0.03673600528912136,0.01894613934829544,-0.09942933104266434,-0.03205038168416441,-0.07679053350481319,-0.18147546190052113,-0.29761074437389406,0.15267667092291656,-0.8395785815899149,-0.2558720421714109,-0.6570146271329673,0.5,0.0,0.0,0.5,True,False,True,False,1,True,True,0.0033916000102180988,4,1.873357199642047e-09,2.3294244313305037e-10,`gtol` termination condition is satisfied.,True,True,0.0,0.010007300006691366,True,0.011660477080767017,0.011076733058287049,False,False,False,False,False,False,1.0,False,False,False,0.0005771582880139258,0.004142443110409697,0.0005771593145736824,0.004142443300923141
1.2003860000037347,1786138788.6213138,0.010013199993409216,0.006674200005363673,0.010013199993409216,TELEOP,0,,0.0,1.2003860000037347,233,-0.0003957862526399847,0.00627869242009986,0.0,0.005418713429263787,0.005538794836195691,0.010927817792882773,0.9999102670214061,-0.00018101668292675325,0.0036788926837516794,0.0,0.003183374802666633,0.0032383732996419745,0.006408124367525337,0.9999691570270197,-0.016054272917848132,-0.22389773075866456,0.27994779029502415,-0.12895052656988812,0.002019243634814859,0.002958938641876388,0.9916445578102093,-0.01604759530507585,-0.22398070951806437,0.2799700257088666,-0.12905344555620457,0.001886261611969077,0.002765121397512029,0.9916319903627858,-0.01604759363722109,-0.22398071046120485,0.2799700258971374,-0.12905344558102924,0.0018862616129236252,0.0027651212802318375,0.9916319903598803,-0.016012982805849323,-0.22456001831258823,0.28012589536440136,-0.12992229572211478,0.0007728679314304476,0.0011416793344828286,0.9915232202615092,-0.016012982805849323,-0.22456001831258823,0.28012589536440136,-0.12992229572211478,0.0007728679314304476,0.0011416793344828286,0.9915232202615092,-0.00425833032593642,-0.5310692990963182,0.789245218245737,-0.020406045873345508,0.5170953293498259,-0.015801354458966303,-0.0016735510931398896,-0.5266595153517782,0.7869776350500777,-0.008202007365994248,0.5209139981836975,-0.006309371773561743,-0.0016735510931398896,-0.5266595153517782,0.7869776350500777,-0.008202007365994248,0.5209139981836975,-0.006309371773561743,-0.02239349238666927,-0.03965862853356269,0.020442783766871447,-0.10776654030933328,-0.03455468499053991,-0.08333540204484059,-0.1817361201658334,-0.2918770469345493,0.1494671453242833,-0.8326218663520726,-0.2501001985403123,-0.6536240706602591,0.5,0.0,0.0,0.5,True,False,True,False,1,True,True,0.003497199999401346,4,1.925279034673002e-09,2.398354534027945e-10,`gtol` termination condition is satisfied.,True,True,0.0,0.010013199993409216,True,0.01220403850735126,0.011660477080767017,False,False,False,False,False,False,1.0,False,False,False,0.0006009083017797575,0.004309033552343661,0.0006009093559197811,0.0043090337484154115
1.2106142000044455,1786138788.6314027,0.010228200000710785,0.006534799991641194,0.010228200000710785,TELEOP,0,,0.0,1.2106142000044455,235,-0.00043716075875673834,0.006597345401498782,0.0,0.00569047170220235,0.005823050472192893,0.011480760230642558,0.9999009464739651,-0.00020557403065463292,0.003958725937460348,0.0,0.003423869722653068,0.0034863100853568837,0.006894720245854387,0.9999642921578963,-0.01606163780578659,-0.22381664143834754,0.27992606117297675,-0.12883114640376592,0.002173912077126623,0.0031839796066734493,0.9916590503274988,-0.016054265003235917,-0.22390278290143434,0.2799491440874109,-0.12893773033769224,0.0020360011882953307,0.0029831625918853876,0.9916461148693502,-0.016054263251410007,-0.22390278388123475,0.2799491442776828,-0.1289377303638137,0.002036001189308962,0.0029831624687891834,0.9916461148663219,-0.016015745570101346,-0.22450283333105203,0.2801106397266672,-0.12983685120073976,0.0008826348318953126,0.0013031641870568705,0.9915341218481248,-0.016015745570101346,-0.22450283333105203,0.2801106397266672,-0.12983685120073976,0.0008826348318953126,0.0013031641870568705,0.9915341218481248,-0.0046302451286919545,-0.5316613504309885,0.789547852168966,-0.022106023589924407,0.5165882709235603,-0.017137470109541916,-0.0019216431155709346,-0.5270950514158117,0.787202008325256,-0.009390617376217334,0.5205350436786297,-0.007229764078916832,-0.0019216431155709346,-0.5270950514158117,0.787202008325256,-0.009390617376217334,0.5205350436786297,-0.007229764078916832,-0.0242556874536873,-0.04258188772248763,0.02193673130782962,-0.11620910914339633,-0.03704997018454403,-0.08998575558662607,-0.18206478822164426,-0.28580387445706945,0.14606162774039969,-0.8254207811224212,-0.2439613220146959,-0.6501978394363944,0.5,0.0,0.0,0.5,True,False,True,False,1,True,True,0.0035509000008460134,4,2.0162108662092566e-09,2.5175544155493507e-10,`gtol` termination condition is satisfied.,True,True,0.0,0.010228200000710785,True,0.012715406213707073,0.01220403850735126,False,False,False,False,False,False,1.0,False,False,False,0.0006225943575411694,0.0044603188038331324,0.0006225954595981218,0.004460319009610333
1.2204441999998634,1786138788.6417274,0.009829999995417893,0.0070247999974526465,0.009829999995417893,TELEOP,0,,0.0,1.2204441999998634,237,-0.00047885350122026105,0.006903336109910562,0.0,0.005951133413594899,0.006096295017283215,0.012011576600657572,0.9998915647337577,-0.0002308485456127038,0.004231092742659734,0.0,0.003657737536879387,0.0037278326720057054,0.00736822360806196,0.9999592159186007,-0.016069217905699044,-0.22373771571570011,0.27990491181409327,-0.12871504418258967,0.002324546858003611,0.003402949593566864,0.9916730579263725,-0.01606115838623574,-0.2238266858804864,0.27992875272849693,-0.1288248744551555,0.0021822407881277876,0.003195917416585021,0.9916598084316125,-0.016061156659661246,-0.22382668683970008,0.27992875291563146,-0.12882487448062618,0.0021822407891397885,0.003195917295347149,0.9916598084286922,-0.016018758537758165,-0.22444441854066832,0.28009504187872214,-0.12974959201434896,0.0009947752552298217,0.0014679231334826601,0.9915452077419243,-0.016018758537758165,-0.22444441854066832,0.28009504187872214,-0.12974959201434896,0.0009947752552298217,0.0014679231334826601,0.9915452077419243,-0.004998014266128251,-0.5322392795389168,0.7898429139599674,-0.023777315602313012,0.5160944944119114,-0.018453640079365508,-0.002177226886938331,-0.5275398672824105,0.787431022960964,-0.010609802629945772,0.5201485491028559,-0.008175094809836168,-0.002177226886938331,-0.5275398672824105,0.787431022960964,-0.010609802629945772,0.5201485491028559,-0.008175094809836168,-0.026000383671061337,-0.04525085115017462,0.02329752144606032,-0.12402698416040114,-0.03931786123641122,-0.0961679279104768,-0.17748689910348936,-0.27151204770407805,0.13843236407578932,-0.7953077335349955,-0.2307111956179387,-0.6289086802372797,0.5,0.0,0.0,0.5,True,False,True,False,1,True,True,0.0034647999855224043,4,1.9839782515497666e-09,2.478461502124102e-10,`gtol` termination condition is satisfied.,True,True,0.0,0.009829999995417893,True,0.01316751297236724,0.012715406213707073,False,False,False,False,False,False,1.0,False,False,False,0.0006411256307213071,0.004588802179927663,0.0006411267176533613,0.004588802382320097
1.2304521000111235,1786138788.652044,0.010007900011260062,0.007338199997320771,0.010007900011260062,TELEOP,0,,0.0,1.2304521000111235,239,-0.0005232414715161227,0.0072145939257936085,0.0,0.006215982383054214,0.006374528483808877,0.012551375016303186,0.9998815879567055,-0.00025833420548950327,0.004511582340252025,0.0,0.003898356833610306,0.0039767712509333,0.007855732089141384,0.9999536367141025,-0.016077461281848743,-0.22365643618195755,0.27988313170915063,-0.12859557811774663,0.0024797726792860427,0.003628379326620473,0.9916873816276397,-0.016068686005537153,-0.22374807561718552,0.2799076879021045,-0.12870843944482516,0.0023333322758774216,0.0034155285427129242,0.9916738512943366,-0.016068684204975866,-0.2237480766070539,0.27990768809049704,-0.1287084394713967,0.0023333322769440593,0.0034155284163702514,0.9916738512913206,-0.016022222472189956,-0.22438148850216588,0.28007822368613866,-0.12965561737332007,0.0011156003077347832,0.0016452053428486395,0.991557093474136,-0.016022222472189956,-0.22438148850216588,0.28007822368613866,-0.12965561737332007,0.0011156003077347832,0.0016452053428486395,0.991557093474136,-0.005382835469864454,-0.5328360592141785,0.7901472319002805,-0.025515782472251832,0.5155858709578243,-0.019825448710433576,-0.0024550510802120273,-0.5280189641068532,0.7876775221411213,-0.011929047577815925,0.5197328803572636,-0.009199458411642816,-0.0024550510802120273,-0.5280189641068532,0.7876775221411213,-0.011929047577815925,0.5197328803572636,-0.009199458411642816,-0.027760488510188093,-0.04787186361810394,0.024630459924651123,-0.1318203565569047,-0.04153406260300342,-0.10235549922102728,-0.17587154519393997,-0.2618943499615676,0.13318862869244222,-0.7787220483553073,-0.2214451947060535,-0.6182686980873848,0.5,0.0,0.0,0.5,True,False,True,False,1,True,True,0.0037878000002820045,4,2.063335189424668e-09,2.5829249415825263e-10,`gtol` termination condition is satisfied.,True,True,0.0,0.010007900011260062,True,0.013586734894435907,0.01316751297236724,False,False,False,False,False,False,1.0,False,False,False,0.0006576106073229561,0.004702210478286843,0.0006576117368374723,0.004702210689156862
1.2404605999978484,1786138788.6613965,0.010008499986724928,0.006682200008071959,0.010008499986724928,TELEOP,0,,0.0,1.2404605999978484,241,-0.0005695886238405723,0.007525585105734197,0.0,0.0064803024054114755,0.00665281082776263,0.013090554454146332,0.9998711832895814,-0.00028759450563935017,0.004794955579577488,0.0,0.004141221547340066,0.004228486586876765,0.00834813341273529,0.9999476380560153,-0.016086237026210176,-0.2235743210238089,0.2798611276793632,-0.12847498469967977,0.0026366950569340405,0.0038560543934430982,0.9917017480019427,-0.01607673122302283,-0.223668428198446,0.27988634514802124,-0.12859061606016808,0.002486445115092765,0.003637870136069149,0.9916879735848516,-0.01607672938105406,-0.22366842920166083,0.2798863453360504,-0.12859061608725483,0.002486445116196256,0.0036378700069138485,0.9916879735818103,-0.016026106558735494,-0.22431526755513154,0.2800605084336594,-0.12955674933990452,0.001242768544541562,0.0018315235248386463,0.9915695385339345,-0.016026106558735494,-0.22431526755513154,0.2800605084336594,-0.12955674933990452,0.001242768544541562,0.0018315235248386463,0.9915695385339345,-0.005777810739063795,-0.5334404649368032,0.7904550526197889,-0.02728965268704622,0.5150720646097736,-0.021228010146572038,-0.002750138720288799,-0.5285230030729937,0.7879366683852774,-0.013323733575773558,0.5192962434663666,-0.010283987217231111,-0.002750138720288799,-0.5285230030729937,0.7879366683852774,-0.013323733575773558,0.5192962434663666,-0.010283987217231111,-0.029483702899352537,-0.05036108975461646,0.02589261572661371,-0.1393501523512531,-0.04362660653206868,-0.10836077404474123,-0.17217509031823755,-0.2487112094533829,0.12610838823367002,-0.7523400913559248,-0.2090766780077696,-0.60001746831985,0.5,0.0,0.0,0.5,True,False,True,False,1,True,True,0.003481599997030571,4,2.1058594143708303e-09,2.640094716744078e-10,`gtol` termination condition is satisfied.,True,True,0.0,0.010008499986724928,True,0.013965919111272661,0.013586734894435907,False,False,False,False,False,False,1.0,False,False,False,0.0006717851667229402,0.004798775724123341,0.0006717863202357106,0.0047987759395588725
1.2502571000001153,1786138788.6733212,0.00979650000226684,0.008808299986412749,0.00979650000226684,TELEOP,0,,0.0,1.2502571000001153,243,-0.0006168471411954813,0.007829700742936941,0.0,0.006738486416222117,0.006925218106222851,0.013617661730448462,0.9998605870040057,-0.0003179516193901616,0.005074793201072997,0.0,0.0043808325182375756,0.004477273740294558,0.008834274262891432,0.9999413572427884,-0.01609534184391853,-0.22349323039765037,0.2798393981825426,-0.1283559945306961,0.0027917579327100773,0.004080818033363889,0.9917158321212078,-0.016085108169989704,-0.22358956878294325,0.27986521354568117,-0.12847409947689653,0.0026380753845196476,0.0038578553628124475,0.991701852006875,-0.01608510632867365,-0.22358956977798602,0.2798652137314939,-0.1284740995037636,0.0026380753856357236,0.0038578552337939966,0.9917018520038933,-0.01603032932216166,-0.2242475048471679,0.28004236081020256,-0.12945558915187746,0.0013729294759665639,0.0020219307968053547,0.9915822090466566,-0.01603032932216166,-0.2242475048471679,0.28004236081020256,-0.12945558915187746,0.0013729294759665639,0.0020219307968053547,0.9915822090466566,-0.006173898883570732,-0.5340386423957044,0.7907593142432944,-0.02905837385411882,0.5145648713251602,-0.022629270293581194,-0.003054947017320694,-0.5290386601299565,0.7882015905886548,-0.014757656277268813,0.5188502423055197,-0.011400673435753003,-0.003054947017320694,-0.5290386601299565,0.7882015905886548,-0.014757656277268813,0.5188502423055197,-0.011400673435753003,-0.0311139995877471,-0.052636865905525465,0.0270425359379425,-0.14637091830382848,-0.045526582018448336,-0.11398828339340573,-0.16641623927089524,-0.23230502224084243,0.1173807187324767,-0.7166606391007833,-0.19394431541264884,-0.5744408051204349,0.5,0.0,0.0,0.5,True,False,True,False,1,True,True,0.005293299996992573,4,2.101209486707544e-09,2.6364928993558425e-10,`gtol` termination condition is satisfied.,True,True,0.0,0.00979650000226684,True,0.014300717576850006,0.013965919111272661,False,False,False,False,False,False,1.0,False,False,False,0.0006835643080184816,0.0048780537211987095,0.0006835654614623275,0.004878053936188433
1.2611053000069914,1786138788.6825907,0.01084820000687614,0.007232000003568828,0.01084820000687614,TELEOP,0,,0.0,1.2611053000069914,245,-0.0006713621029933947,0.008166118002209122,0.0,0.007023756361677186,0.007226878205734632,0.014200580449368767,0.999848379802094,-0.0003536805670786505,0.005387356635165799,0.0,0.0046481867689666615,0.00475541948587054,0.009377121706932405,0.9999339227837847,-0.01610605794091289,-0.22340265655708094,0.27981512750284787,-0.1282232125190626,0.0029650770133843145,0.004331778749300256,0.991731441360242,-0.016095006985067852,-0.2235012523251433,0.2798415477749278,-0.1283437830623962,0.0028079358900454307,0.00410403415661656,0.9917172710752351,-0.016095004901213038,-0.22350125343345678,0.2798415479681553,-0.12834378309322522,0.0028079358913186696,0.0041040340107196295,0.9917172710718455,-0.01603556222861966,-0.22416892096591318,0.28002129711410834,-0.1293383275597911,0.0015239087400531646,0.0022424681245562994,0.9915968162831598,-0.01603556222861966,-0.22416892096591318,0.28002129711410834,-0.1293383275597911,0.0015239087400531646,0.0022424681245562994,0.9915968162831598,-0.006623776879342663,-0.5347082492420902,0.7910994526407406,-0.03105458394657644,0.5139987275330884,-0.024214142887587914,-0.0034123316544726295,-0.5296364969038784,0.7885084586904815,-0.0164298678789917,0.5183341225617386,-0.012705174024819119,-0.0034123316544726295,-0.5296364969038784,0.7885084586904815,-0.0164298678789917,0.5183341225617386,-0.012705174024819119,-0.032944141601870085,-0.05510930601786492,0.028287467195681232,-0.1541464575379282,-0.04757653283069873,-0.12025041834030124,-0.16870467109409396,-0.22791247495181702,0.11475924641411771,-0.7167584695314605,-0.18896690796178436,-0.5772510594316332,0.5,0.0,0.0,0.5,True,False,True,False,1,True,True,0.0036659000033978373,4,2.368152548991725e-09,2.9832501120789813e-10,`gtol` termination condition is satisfied.,True,True,0.0,0.01084820000687614,True,0.01462471606758474,0.014300717576850006,False,False,False,False,False,False,1.0,False,False,False,0.0006939907208978374,0.00494683108454215,0.0006939920157123549,0.004946831327955605
1.2701357999973224,1786138788.6910744,0.009030499990331009,0.006684499996481463,0.009030499990331009,TELEOP,0,,0.0,1.2701357999973224,247,-0.0007184907131590756,0.008445877243425453,0.0,0.007260712399417635,0.00747798892524389,0.014685185868034597,0.9998378403786828,-0.00038491128705790196,0.005649223525370176,0.0,0.004871979207161272,0.004988638276737594,0.009831817468113423,0.9999273536972687,-0.016115424989246018,-0.223326773423664,0.2797947934227515,-0.12811205368715112,0.003110371194711615,0.004541971974262991,0.9917444216035081,-0.01610368357041245,-0.22342710790503706,0.27982167961722987,-0.12823449623008235,0.00295057579906715,0.004310582168659085,0.9917301180061229,-0.01610368180441468,-0.22342710884666372,0.2798216797955384,-0.12823449625524,0.0029505758001643722,0.004310582045095984,0.9917301180034036,-0.016040300741591226,-0.22410143799659166,0.28000317990891405,-0.12923758616480877,0.0016536133395991042,0.0024315595857004033,0.9916092977595551,-0.016040300741591226,-0.22410143799659166,0.28000317990891405,-0.12923758616480877,0.0016536133395991042,0.0024315595857004033,0.9916092977595551,-0.007006027750246034,-0.5352701661402869,0.7913845034216553,-0.03274203160858861,0.5135249089762092,-0.025556410799211997,-0.0037220428295460933,-0.530149769698858,0.788771720220371,-0.017872607022428752,0.5178917011203504,-0.01383226798956584,-0.0037220428295460933,-0.530149769698858,0.788771720220371,-0.017872607022428752,0.5178917011203504,-0.01383226798956584,-0.03429612705886418,-0.056837693984739444,0.02915248659225781,-0.15976293062198085,-0.048991909845732276,-0.12480969668938643,-0.14971324494121846,-0.19139449296551841,0.09578864929990112,-0.6219448635254143,-0.15673296235524042,-0.5048755167451217,0.5,0.0,0.0,0.5,True,False,True,False,1,True,True,0.003470800002105534,4,2.0092791842227078e-09,2.522644977929747e-10,`gtol` termination condition is satisfied.,True,True,0.0,0.009030499990331009,True,0.014869424586159856,0.01462471606758474,False,False,False,False,False,False,1.0,False,False,False,0.0007011984403309307,0.004993446570538527,0.0007011995516590515,0.004993446775862847
1.280143800009344,1786138788.7022033,0.010008000012021512,0.007803900021826848,0.010008000012021512,TELEOP,0,,0.0,1.280143800009344,249,-0.0007725741604905856,0.008755600791242187,0.0,0.007522762034771084,0.007756265232756401,0.015221546957826288,0.9998257612750424,-0.00042135304183808894,0.005941270894001108,0.0,0.005121318449099019,0.005248967985889528,0.010338788723818394,0.999919661712955,-0.016126355098193663,-0.22324214465542652,0.2797721158052308,-0.12798819278842377,0.003272518262367374,0.004776312499196224,0.9917587912238972,-0.01611384049360231,-0.22334424372678802,0.27979947485730683,-0.12811250273998498,0.0031100412555524885,0.004541269042473847,0.9917443678491803,-0.016113838500400914,-0.22334424477314463,0.2797994750420955,-0.12811250276882122,0.0031100412567989823,0.004541268903116517,0.9917443678460893,-0.01604605062093058,-0.2240241573610776,0.27998241437047144,-0.1291222588419384,0.0018021882963561698,0.0026478451697401163,0.9916235088504392,-0.01604605062093058,-0.2240241573610776,0.27998241437047144,-0.1291222588419384,0.0018021882963561698,0.0026478451697401163,0.9916235088504392,-0.0074388626172085135,-0.5358978874057054,0.7917025280736736,-0.03464176938466623,0.5129970711683413,-0.027070519962966253,-0.0040805079579306,-0.53073739860224,0.7890728465422361,-0.019533928675875646,0.5173861269886139,-0.01513228037131931,-0.0040805079579306,-0.53073739860224,0.7890728465422361,-0.019533928675875646,0.5173861269886139,-0.01513228037131931,-0.03581785850858527,-0.05871591753358737,0.030088561301292664,-0.16599936565261106,-0.050516999513317444,-0.1298973201630603,-0.15205150358645092,-0.18767221688567357,0.09353264467530471,-0.6231449863248455,-0.15238705692978052,-0.508355662226484,0.5,0.0,0.0,0.5,True,False,True,False,1,True,True,0.0035598000104073435,4,2.258729913411623e-09,2.8469702485091687e-10,`gtol` termination condition is satisfied.,True,True,0.0,0.010008000012021512,True,0.015107840708790586,0.014869424586159856,False,False,False,False,False,False,1.0,False,False,False,0.0007073493632565521,0.005031799027421347,0.0007073506078364843,0.00503179925932544
1.2901676999969167,1786138788.711827,0.010023899987572804,0.007405500015011057,0.010023899987572804,TELEOP,0,,0.0,1.2901676999969167,251,-0.0008286946968497467,0.009065469363711267,0.0,0.007784633151995879,0.008034955188376627,0.0157580019318822,0.9998132447396986,-0.00045969981747340363,0.0062354169561889125,0.0,0.005372199383951232,0.005511404313481015,0.010849271718114869,0.9999115246857889,-0.01613785669602522,-0.22315690772155405,0.2797492752130637,-0.12786355232573143,0.0034359398510988063,0.005012257880891074,0.9917731512674257,-0.016124560758954617,-0.22326062136007138,0.27977706692213866,-0.1279895380539885,0.003271021488972845,0.004773917771021177,0.9917586340820336,-0.016124558726941837,-0.22326062241689212,0.27977706710582895,-0.12798953808326188,0.003271021490256819,0.004773917629054411,0.9917586340789348,-0.016052327883706353,-0.22394446705800108,0.27996097700883854,-0.12900334942180508,0.0019554494497888764,0.0028705704960252545,0.9916380750457459,-0.016052327883706353,-0.22394446705800108,0.27996097700883854,-0.12900334942180508,0.0019554494497888764,0.0028705704960252545,0.9916380750457459,-0.007881481329628457,-0.5365310555192012,0.7920228693501783,-0.03657339234411218,0.5124662260894035,-0.028613135329614518,-0.004454230432143256,-0.5313431740636407,0.7893829752753493,-0.021256913252057513,0.5168659567412583,-0.016482855816257826,-0.004454230432143256,-0.5313431740636407,0.7893829752753493,-0.021256913252057513,0.5168659567412583,-0.016482855816257826,-0.03728314076117892,-0.06043311107969805,0.03093892930872118,-0.17188764635700157,-0.05189300052877891,-0.13473552675235198,-0.14617885797047428,-0.17130992410534687,0.08483404747481196,-0.5874241275043198,-0.13727202158514912,-0.48266708519537244,0.5,0.0,0.0,0.5,True,False,True,False,1,True,True,0.0037727000017184764,4,2.297757197967139e-09,2.8998444707107814e-10,`gtol` termination condition is satisfied.,True,True,0.0,0.010023899987572804,True,0.015316479092054667,0.015107840708790586,False,False,False,False,False,False,1.0,False,False,False,0.0007118171396594425,0.005057988304446638,0.000711818408608228,0.005057988540567782
1.3003636000136138,1786138788.7213912,0.010195900016697124,0.006773300003260374,0.010195900016697124,TELEOP,0,,0.0,1.3003636000136138,253,-0.0008877791703942207,0.009380285986260548,0.0,0.008050377024394838,0.00831838523055239,0.016302861654437548,0.9998000863166584,-0.0005006242424489361,0.006536104542981122,0.0,0.005628397546813606,0.005779923744299536,0.011370969470186768,0.9999028026142708,-0.016150131534509674,-0.22306977518857335,0.2797259266575733,-0.12773625592794613,0.0036031101656946044,0.005253367519527601,0.9917877134993904,-0.01613603508451549,-0.22317498331991498,0.2797541188483257,-0.12786375852001114,0.003435944904914695,0.0050120243272017365,0.9917731258467787,-0.016136032981793676,-0.2231749844022834,0.279754119031891,-0.12786375855025037,0.0034359449062563727,0.005012024180404606,0.9917731258436173,-0.016059267476582026,-0.2238612435021632,0.2799385650086369,-0.1288791923088819,0.0021155636980429646,0.0031028567810667054,0.9916531906164806,-0.016059267476582026,-0.2238612435021632,0.2799385650086369,-0.1288791923088819,0.0021155636980429646,0.0031028567810667054,0.9916531906164806,-0.008340918393638192,-0.5371791697496525,0.7923503090371434,-0.03856690092607103,0.5119245222004256,-0.030208404638617334,-0.004849050042059794,-0.5319756090821512,0.7897064207157304,-0.02306727160962736,0.5163240288703573,-0.0179044696743474,-0.004849050042059794,-0.5319756090821512,0.7897064207157304,-0.02306727160962736,0.5163240288703573,-0.0179044696743474,-0.0387233701066084,-0.06202836605643675,0.031723088677938736,-0.17755748434225013,-0.05315154817264719,-0.13942995280078205,-0.14125573446884732,-0.15646043744311586,0.07690928392132027,-0.5560899946020919,-0.12343664039537834,-0.46042291908927335,0.5,0.0,0.0,0.5,True,False,True,False,1,True,True,0.0035361999762244523,4,2.3720574702058487e-09,2.9983730402390357e-10,`gtol` termination condition is satisfied.,True,True,0.0,0.010195900016697124,True,0.015499629316443667,0.015316479092054667,False,False,False,False,False,False,1.0,False,False,False,0.000714748076804665,0.005072995296697035,0.0007147493892412382,0.005072995540792832
1.3103750999940784,1786138788.7311323,0.010011499980464578,0.006503299984615296,0.010011499980464578,TELEOP,0,,0.0,1.3103750999940784,255,-0.0009477562991754396,0.009689034416025005,0.0,0.008310695924814916,0.008596635543665618,0.016837060552824964,0.9997867490532745,-0.0005426697531316263,0.006832623954414859,0.0,0.00588078805604683,0.0060449616161136425,0.011885300394261658,0.999893801563665,-0.016162742733209032,-0.2229838504878331,0.2797029017528099,-0.1276108372511954,0.0037680747461523814,0.005491053817140339,0.9918019581331414,-0.01614785517779233,-0.2230903930241013,0.27973145152731543,-0.12773966047160792,0.0035989159993424953,0.005247076862361329,0.9917873235379794,-0.01614785307915116,-0.2230903940956051,0.2797314517080289,-0.12773966050155336,0.0035989160006958845,0.005247076715956314,0.9917873235348921,-0.01606662670043209,-0.22377768222467959,0.27991603605342263,-0.12875454460827285,0.0022763921165908432,0.0033357624722579666,0.9916682701238235,-0.01606662670043209,-0.22377768222467959,0.27991603605342263,-0.12875454460827285,0.0022763921165908432,0.0033357624722579666,0.9916682701238235,-0.008800801620495772,-0.5378190371039663,0.7926731181876568,-0.04055122970441962,0.5113913949783645,-0.03179950300699149,-0.005250101670881204,-0.5326104058577804,0.7900307326252073,-0.024896246269995457,0.5157812447076686,-0.019343293647021476,-0.005250101670881204,-0.5326104058577804,0.7900307326252073,-0.024896246269995457,0.5157812447076686,-0.019343293647021476,-0.04005909500114685,-0.06340675991288458,0.032393937982294875,-0.18268737591139922,-0.05421606789670275,-0.14371712285687963,-0.13341905779801644,-0.1376810527031396,0.06700787151427524,-0.5123998980331643,-0.10632969346579023,-0.42822454821586364,0.5,0.0,0.0,0.5,True,False,True,False,1,True,True,0.00358099999721162,4,2.363275797618632e-09,2.989482893739801e-10,`gtol` termination condition is satisfied.,True,True,0.0,0.010011499980464578,True,0.015654983434424164,0.015499629316443667,False,False,False,False,False,False,1.0,False,False,False,0.0007162639719621228,0.005077935994048004,0.0007162652846843961,0.005077936237292621
1.3205220999876728,1786138788.7415702,0.010146999993594363,0.006793899985495955,0.010146999993594363,TELEOP,0,,0.0,1.3205220999876728,257,-0.0010105257108696808,0.010001570320436665,0.0,0.008573902629840605,0.008878584777764483,0.017377652342648924,0.9997728122554124,-0.0005872028121650485,0.007134299702253146,0.0,0.006137301504204114,0.0063148579296756,0.01240843505058034,0.9998842367190165,-0.016176100153730638,-0.22289643158384154,0.27967947644473967,-0.1274833552939388,0.003936023709953831,0.005732789238834938,0.9918163322752339,-0.016160406829496137,-0.2230041994140438,0.2797083545653923,-0.12761335602604054,0.003765047991279278,0.005486443578556509,0.9918016710584097,-0.016160404668541174,-0.22300420050638853,0.2797083547454086,-0.12761335605679827,0.0037650479926860767,0.005486443427916459,0.99180167105528,-0.01607465979504276,-0.2236912917030373,0.2798927207981168,-0.12862571021226551,0.002442731295982515,0.0035762370294525458,0.9916837551684081,-0.01607465979504276,-0.2236912917030373,0.2798927207981168,-0.12862571021226551,0.002442731295982515,0.0035762370294525458,0.9916837551684081,-0.009275741259928763,-0.5384706995182337,0.7930014022536104,-0.04258903758687245,0.5108502049006953,-0.03343675655883128,-0.005669787935589294,-0.533266467422495,0.7903655336584839,-0.026799489973426436,0.5152215620942949,-0.020843356591827865,-0.005669787935589294,-0.533266467422495,0.7903655336584839,-0.026799489973426436,0.5152215620942949,-0.020843356591827865,-0.041360625305315,-0.0646557174661174,0.03299507573549327,-0.18756713359933644,-0.05515744690322263,-0.14783314730988023,-0.12826749827434544,-0.12308638553476525,0.059242904659296665,-0.48090644436953983,-0.09277412113079245,-0.4056395442592862,0.5,0.0,0.0,0.5,True,False,True,False,1,True,True,0.00361660000635311,4,2.428034021847481e-09,3.0757265273999103e-10,`gtol` termination condition is satisfied.,True,True,0.0,0.010146999993594363,True,0.015789547613446014,0.015654983434424164,False,False,False,False,False,False,1.0,False,False,False,0.0007165454188219352,0.005073924901144721,0.0007165467711747045,0.0050739251513655555
1.3304279000072965,1786138788.7523422,0.009905800019623712,0.007658300019102171,0.009905800019623712,TELEOP,0,,0.0,1.3304279000072965,259,-0.0010737239374521313,0.010306285007283443,0.0,0.008830226289094013,0.009153754525555481,0.01790456023294325,0.9997588022141312,-0.0006325142782313334,0.007429755842027976,0.0,0.006388269936288464,0.006579429977071481,0.012920648877925371,0.9998744710917323,-0.016189691147846054,-0.22281081497181485,0.2796565340826572,-0.1273586148831605,0.004100621493461046,0.005969459735652441,0.9918302947928515,-0.01617320775176703,-0.2229196661432402,0.27968570251101954,-0.1274896223265186,0.003928052684420509,0.0057210684852189286,0.9918156259993778,-0.01617320561026876,-0.2229196672174768,0.2796857026876304,-0.1274896223567326,0.003928052685829069,0.005721068336043232,0.9918156259963489,-0.01608305496614469,-0.22360557057809838,0.2798695614846719,-0.12849789652007865,0.0026078519370440157,0.003814529465629613,0.9916990163669346,-0.01608305496614469,-0.22360557057809838,0.2798695614846719,-0.12849789652007865,0.0026078519370440157,0.003814529465629613,0.9916990163669346,-0.009747702506944735,-0.5391094790976114,0.7933227267947293,-0.04460312349380365,0.510321469315977,-0.035058124821787724,-0.006091289325079634,-0.5339172149757836,0.7906972455290964,-0.028700395487229823,0.5146677091456362,-0.022344376814311784,-0.006091289325079634,-0.5339172149757836,0.7906972455290964,-0.028700395487229823,0.5146677091456362,-0.022344376814311784,-0.04255096899345148,-0.0656935888065015,0.033486631060118136,-0.19189823235252398,-0.05591198566108401,-0.1515294291738526,-0.12016633545785006,-0.10477410591048127,0.04962298084466498,-0.43722856756723444,-0.07617141032189413,-0.3731431945577252,0.5,0.0,0.0,0.5,True,False,True,False,1,True,True,0.00393370000529103,4,2.402330218358452e-09,3.044827219073624e-10,`gtol` termination condition is satisfied.,True,True,0.0,0.009905800019623712,True,0.01590272800657383,0.015789547613446014,False,False,False,False,False,False,1.0,False,False,False,0.0007158174459996854,0.005062820754301438,0.0007158187904114176,0.005062821001884569
1.340390699995285,1786138788.7621365,0.009962799987988546,0.007491500000469387,0.009962799987988546,TELEOP,0,,0.0,1.340390699995285,261,-0.0011391975120443765,0.010612350363279078,0.0,0.009087391339991827,0.00943041828061901,0.018433648676497428,0.9997443108746146,-0.0006799496735611611,0.007727746632403676,0.0,0.006641129559041839,0.0068465164972920925,0.01343711856245688,0.9998642230096899,-0.01620391929975915,-0.22272446386245406,0.2796333948926456,-0.12723292018560192,0.004266744880308952,0.00620807782363598,0.9918442613026031,-0.01618663877902533,-0.22283429867316693,0.2796628269122911,-0.12736480623259205,0.00409274374314394,0.005957879624702925,0.9918296019238209,-0.01618663659372579,-0.22283429975919303,0.27966282708744755,-0.12736480626330846,0.004092743744594466,0.00595787947258697,0.9918296019207842,-0.016092067329152464,-0.22351813512429103,0.2798459179289679,-0.128367571885466,0.0027763440510148855,0.004057285911610897,0.9917144734413084,-0.016092067329152464,-0.22351813512429103,0.2798459179289679,-0.128367571885466,0.0027763440510148855,0.004057285911610897,0.9917144734413084,-0.010230656185597016,-0.5397542222594732,0.7936465783254363,-0.04665300382240585,0.5097896071101573,-0.03671152444894219,-0.006526619695984808,-0.534580725838352,0.7910350597969265,-0.030652574134094814,0.5141043858636436,-0.023888848632864015,-0.006526619695984808,-0.534580725838352,0.7910350597969265,-0.030652574134094814,0.5141043858636436,-0.023888848632864015,-0.04369558471815367,-0.06659883399932105,0.03390756295794122,-0.1959467869693857,-0.056542666988375095,-0.15502387084095756,-0.11488895953769744,-0.09086252799523631,0.04225036117663419,-0.4063671479647046,-0.06330362228002687,-0.35074895323784355,0.5,0.0,0.0,0.5,True,False,True,False,1,True,True,0.003915500012226403,4,2.44656218977275e-09,3.104453927554329e-10,`gtol` termination condition is satisfied.,True,True,0.0,0.009962799987988546,True,0.016000429688311037,0.01590272800657383,False,False,False,False,False,False,1.0,False,False,False,0.0007142103391923744,0.0050453784286400615,0.0007142117132929192,0.005045378681031406
1.350150000005331,1786138788.7711482,0.00975930001004599,0.0067445999884512275,0.00975930001004599,TELEOP,0,,0.0,1.350150000005331,263,-0.001205190095622588,0.010911760920936276,0.0,0.009338678686235835,0.00970133221909588,0.01895108244492169,0.9997297283304802,-0.0007282103130347356,0.008020340805513991,0.0,0.006889156255559493,0.007109002754524493,0.013944100815858103,0.9998537711377399,-0.01621839506958684,-0.22263967656119546,0.2796106747433366,-0.12710961389036993,0.004429969606564909,0.0064422943966976915,0.9918578619282263,-0.016200331623680876,-0.2227503804856633,0.2796403396653452,-0.12724224119962468,0.004254717153385228,0.006190549542629521,0.9918432267918159,-0.016200329453137506,-0.22275038155613436,0.27964033983727365,-0.12724224122988662,0.004254717154839897,0.006190549391648259,0.9918432267888698,-0.016101444769666996,-0.22343151266330935,0.2798224732663957,-0.12823849986915745,0.002943341362688869,0.00429748976627477,0.9917296786295344,-0.016101444769666996,-0.22343151266330935,0.2798224732663957,-0.12823849986915745,0.002943341362688869,0.00429748976627477,0.9917296786295344,-0.010711600388859975,-0.5403876821273873,0.7939642967087115,-0.048683700868327115,0.5092688557937273,-0.0383525769031897,-0.006963316590706792,-0.5352378129907375,0.7913691977627865,-0.03259993011777388,0.5135479241343474,-0.025432456803445636,-0.006963316590706792,-0.5352378129907375,0.7913691977627865,-0.03259993011777388,0.5135479241343474,-0.025432456803445636,-0.04474674354435859,-0.06732933219688801,0.03423790287377328,-0.19953848961242154,-0.05701861083514041,-0.1581679187024341,-0.10770842428482405,-0.07485149517024776,0.03384873049214693,-0.3680287151064759,-0.048768236069737445,-0.322159156726419,0.5,0.0,0.0,0.5,True,False,True,False,1,True,True,0.003430299984756857,4,2.426257648932e-09,3.080384525081881e-10,`gtol` termination condition is satisfied.,True,True,0.0,0.00975930001004599,True,0.016083770750553235,0.016000429688311037,False,False,False,False,False,False,1.0,False,False,False,0.0007119623246986099,0.0050234685192700615,0.0007119636942662346,0.005023468769609039
1.362005700000398,1786138788.78345,0.01185569999506697,0.007188899995526299,0.01185569999506697,TELEOP,0,,0.0,1.362005700000398,265,-0.0012878265571551807,0.011274934965409064,0.0,0.009643100814504356,0.010030293163013746,0.01957851016216907,0.9997115012670281,-0.000789465926742545,0.008376633678443938,0.0,0.007190805673627543,0.00742898169910585,0.014561257514150517,0.999840523445757,-0.016236768804404066,-0.2225364307724161,0.2795830083286027,-0.12695963025278864,0.004628890573901843,0.006727382676176514,0.9918742702482298,-0.016217756837872934,-0.22264806412897303,0.2796129223184806,-0.12709299995584666,0.004452321681381781,0.006474056211455829,0.9918596840229165,-0.016217754159949017,-0.22264806542307075,0.27961292250103964,-0.12709299999409363,0.0044523216831844755,0.006474056025344182,0.9918596840192223,-0.016113719507218544,-0.22332467596093,0.27979355946337403,-0.1280795483059695,0.0031493719325322977,0.0045935015251254065,0.9917482596434986,-0.016113719507218544,-0.22332467596093,0.27979355946337403,-0.1280795483059695,0.0031493719325322977,0.0045935015251254065,0.9917482596434986,-0.011307116520909618,-0.5411595406918458,0.7943508117612663,-0.051182197468270324,0.5086368824716898,-0.04037611817103079,-0.007510600951632873,-0.5360478074632012,0.7917804396796904,-0.03502312153548434,0.512864251666732,-0.027357946475221943,-0.007510600951632873,-0.5360478074632012,0.7917804396796904,-0.03502312153548434,0.512864251666732,-0.027357946475221943,-0.04616212970586302,-0.06832110063520946,0.03468727422885662,-0.20439041294219049,-0.05766614100388897,-0.16241045847798813,-0.11938444478970912,-0.08365330083707576,0.03790340134031036,-0.4092481533598001,-0.05461762435098622,-0.3578481049047538,0.5,0.0,0.0,0.5,True,False,True,False,1,True,True,0.0035210000060033053,4,2.979814290774347e-09,3.80090890689752e-10,`gtol` termination condition is satisfied.,True,True,0.0,0.01185569999506697,True,0.016159075932785982,0.016083770750553235,False,False,False,False,False,False,1.0,False,False,False,0.0007079934611790786,0.004987929216849485,0.0007079951379982077,0.004987929526227413
1.37017920001347,1786138788.7912254,0.008173500013072044,0.006793300010031089,0.008173500013072044,TELEOP,0,,0.0,1.37017920001347,267,-0.0013463717905981111,0.011524949547017237,0.0,0.009852427200414106,0.010256979083741652,0.020010312986127585,0.9996986102983907,-0.0008329710037129372,0.008622609882735667,0.0,0.0073988747286249665,0.007650056645225292,0.014987230599681467,0.9998310438294197,-0.016249818291371156,-0.2224651523041626,0.2795639080802974,-0.12685616382682466,0.004766299528307002,0.006924143290847068,0.9918855036382154,-0.016230148510209822,-0.22257736916189305,0.2795939784368677,-0.12698997195344353,0.004588915333977357,0.0066698631450594825,0.9918709602589177,-0.016230146641308417,-0.2225773700769807,0.2795939785950751,-0.1269899719784152,0.004588915335260393,0.006669863015248798,0.9918709602565875,-0.016122550714246325,-0.22325075069896133,0.2797735124446956,-0.1279694555962528,0.0032920313549463075,0.00479796442346635,0.9917610400198972,-0.016122550714246325,-0.22325075069896133,0.2797735124446956,-0.1279694555962528,0.0032920313549463075,0.00479796442346635,0.9917610400198972,-0.011723200210183027,-0.5416925719074097,0.7946173201857905,-0.052920703320823236,0.5082019941407051,-0.04178655686258149,-0.007893331241315209,-0.5366080992607434,0.7920646022413755,-0.036709848067875805,0.5123924063306035,-0.02870039561682828,-0.007893331241315209,-0.5366080992607434,0.7920646022413755,-0.036709848067875805,0.5123924063306035,-0.02870039561682828,-0.04682575262375092,-0.06854980077641698,0.03476632547020873,-0.20636526943094702,-0.05772867625545115,-0.16424409854521702,-0.0811920128251738,-0.027980686467455468,0.009671651217431701,-0.24161699218182112,-0.007650975893089711,-0.22433964205007711,0.5,0.0,0.0,0.5,True,False,True,False,1,True,True,0.003757200000109151,4,2.0869133800302636e-09,2.644350323152248e-10,`gtol` termination condition is satisfied.,True,True,0.0,0.008173500013072044,True,0.01621085525294743,0.016159075932785982,False,False,False,False,False,False,1.0,False,False,False,0.0007051600873127549,0.004962816205264299,0.0007051612866056987,0.004962816419694352
1.3802084000122958,1786138788.8016677,0.010029199998825788,0.007203400018624961,0.010029199998825788,TELEOP,0,,0.0,1.3802084000122958,269,-0.0014199621484741244,0.011831311099971688,0.0,0.010108660604908776,0.010535003229448213,0.020539290563418633,0.999682432690943,-0.0008882567488896207,0.008924860040904668,0.0,0.007654272400682077,0.007921962786023149,0.015510512632972002,0.9998190229323983,-0.016266401512979405,-0.22237756687500063,0.27954043810339996,-0.12672914871552887,0.004935262536708252,0.007165832217252095,0.9918991969440067,-0.016245924759829288,-0.22249042103313832,0.27957067924504997,-0.12686339550681422,0.004757005615277973,0.006910568373965799,0.9918847180105189,-0.016245922438376855,-0.2224904221461745,0.279570679412186,-0.12686339553887305,0.0047570056168736675,0.006910568212840085,0.9918847180075335,-0.01613398204793393,-0.22315946782572418,0.279748761902475,-0.12783369314277357,0.003468236286804746,0.00505027598385791,0.991776695101788,-0.01613398204793393,-0.22315946782572418,0.279748761902475,-0.12783369314277357,0.003468236286804746,0.00505027598385791,0.991776695101788,-0.012241656419076324,-0.5423477865584597,0.7949444715369806,-0.055075527838663,0.5076693384488722,-0.0435379589556408,-0.008372421506510028,-0.5372996176526514,0.7924148297306746,-0.038808703436572264,0.5118117872258717,-0.03037431950570235,-0.008372421506510028,-0.5372996176526514,0.7924148297306746,-0.038808703436572264,0.5118117872258717,-0.03037431950570235,-0.04776953946983916,-0.06895050372801217,0.03492078025566197,-0.20927445548420495,-0.057892863319082805,-0.16690502623041223,-0.09410390122828773,-0.039953630562966636,0.01540050906067526,-0.2900715962986612,-0.016370903327371338,-0.2653180398742433,0.5,0.0,0.0,0.5,True,False,True,False,1,True,True,0.003559400007361546,4,2.5799080241419852e-09,3.2863792980217536e-10,`gtol` termination condition is satisfied.,True,True,0.0,0.010029199998825788,True,0.016266824402090735,0.01621085525294743,False,False,False,False,False,False,1.0,False,False,False,0.0007013316944813851,0.004929406871771403,0.0007013331692508773,0.004929407138833028
1.3902248000009676,1786138788.8115556,0.010016399988671765,0.00707459999830462,0.010016399988671765,TELEOP,0,,0.0,1.3902248000009676,271,-0.0014953839679744119,0.01213681274411722,0.0,0.010363878587483508,0.010812519711247958,0.021066626550815853,0.9996658825246995,-0.0009453729503396773,0.009227066921898557,0.0,0.007909359314102454,0.008194084224623565,0.01603357423591272,0.9998065930549678,-0.016283533871827644,-0.2222899939738802,0.2795169714757219,-0.12660227314937103,0.005104319431154528,0.007407400024077239,0.991912768735961,-0.01626225152791101,-0.2224034121690643,0.2795473637704904,-0.12673686650995405,0.00492530885188255,0.007151325789707659,0.991898365025067,-0.01626224917988629,-0.22240341328504998,0.27954736393518703,-0.12673686654222313,0.004925308853510125,0.007151325626855743,0.99189836502211,-0.016145998768084383,-0.2230678691109857,0.2797239154844753,-0.12769756837393118,0.0036451271929849073,0.005303218428709236,0.9917922766151336,-0.016145998768084383,-0.2230678691109857,0.2797239154844753,-0.12769756837393118,0.0036451271929849073,0.005303218428709236,0.9917922766151336,-0.012767361769837627,-0.5430030703215342,0.7952711563369121,-0.05724926931529025,0.507138731206908,-0.04530808374212678,-0.008859888748044286,-0.5379931914084563,0.7927655925757054,-0.04093150798767089,0.5112312565941016,-0.03207089690316227,-0.008859888748044286,-0.5379931914084563,0.7927655925757054,-0.04093150798767089,0.5112312565941016,-0.03207089690316227,-0.048666910475377204,-0.06924381580100795,0.0350188536228156,-0.21193288541785954,-0.05795801210282278,-0.1693799568087034,-0.08959017277194786,-0.029283182912773556,0.009791279028847303,-0.26540772499712323,-0.0065042114745474805,-0.2470878340611649,0.5,0.0,0.0,0.5,True,False,True,False,1,True,True,0.0037481000181287527,4,2.604950876872017e-09,3.3210498322938453e-10,`gtol` termination condition is satisfied.,True,True,0.0,0.010016399988671765,True,0.016317761327619362,0.016266824402090735,False,False,False,False,False,False,1.0,False,False,False,0.0006972705016133339,0.0048943114113874355,0.0006972719982516339,0.004894311681251122
1.4002692999998798,1786138788.821652,0.010044499998912215,0.007129000005079433,0.010044499998912215,TELEOP,0,,0.0,1.4002692999998798,273,-0.0015729466301331709,0.012442688693046601,0.0,0.010619112632944707,0.011090648717099229,0.02159445136832297,0.9996488941763623,-0.0010045627427193828,0.009530387972939695,0.0,0.008165109561022788,0.008467465447402397,0.01655841707701866,0.9997937046404409,-0.01630128829873171,-0.2222020981979083,0.27949341832032815,-0.12647505252029032,0.005274118773839665,0.007649771032210392,0.9919262703267335,-0.016279198735367987,-0.22231601483671734,0.2795239441915642,-0.12660990846090417,0.0050944622424516535,0.007393043985321763,0.9919119519567313,-0.016279196351468975,-0.2223160159597087,0.2795239443539501,-0.12660990849353107,0.005094462244117512,0.007393043820101471,0.9919119519537897,-0.01615865519242768,-0.2229756994817491,0.2796989073206646,-0.12756072074306568,0.003823196928075683,0.005557515652030389,0.9918078239802992,-0.01615865519242768,-0.2229756994817491,0.2796989073206646,-0.12756072074306568,0.003823196928075683,0.005557515652030389,0.9918078239802992,-0.013302415088477158,-0.5436608790237601,0.7955985945281859,-0.05945042524649488,0.5066082482867341,-0.047103904239306736,-0.009357380905596622,-0.5386907316304512,0.7931178359286927,-0.04308492784800475,0.5106493122519338,-0.03379560630705817,-0.009357380905596622,-0.5386907316304512,0.7931178359286927,-0.04308492784800475,0.5106493122519338,-0.03379560630705817,-0.04952881254479697,-0.06944499199268336,0.03506828145008221,-0.2143879596363253,-0.057936616280638946,-0.1717068449482485,-0.0858083597504211,-0.02002849237863428,0.004920884789880783,-0.24441975396800458,0.002130103259112212,-0.23165793616378022,0.5,0.0,0.0,0.5,True,False,True,False,1,True,True,0.0035579999967012554,4,2.6401616054161878e-09,3.3688981095085543e-10,`gtol` termination condition is satisfied.,True,True,0.0,0.010044499998912215,True,0.01636549739849013,0.016317761327619362,False,False,False,False,False,False,1.0,False,False,False,0.0006930545144475919,0.004858052543676417,0.0006930560389895672,0.004858052817430094
1.4109382000093573,1786138788.8319438,0.010668900009477511,0.0067517000134103,0.010668900009477511,TELEOP,0,,0.0,1.4109382000093573,275,-0.0016574432322144007,0.012767035879695294,0.0,0.010889435185990167,0.011385870895424477,0.022153978154998113,0.9996304234051656,-0.0010695860030164636,0.009852780942443712,0.0,0.008436627498954949,0.008758325617736186,0.01711609416449766,0.9997795528862199,-0.01632079260813849,-0.2221086757843947,0.2794683842001572,-0.12633997171191874,0.005454729103412668,0.007907282869431279,0.9919404883136199,-0.01629784770510335,-0.22222305259362307,0.27949903339270776,-0.12647501921437151,0.0052745002473998555,0.007650027225664144,0.9919262705691947,-0.01629784514098835,-0.22222305378677445,0.2794990335555333,-0.12647501924962126,0.005274500249203557,0.007650027048090279,0.9919262705660601,-0.016172801675716362,-0.22287747618067022,0.2796722598726254,-0.12741508627929105,0.004013037537663607,0.005828332099346907,0.9918242394008637,-0.016172801675716362,-0.22287747618067022,0.2796722598726254,-0.12741508627929105,0.004013037537663607,0.005828332099346907,0.9918242394008637,-0.013879487904247256,-0.5443601183672923,0.795946100409206,-0.061811750706872205,0.5060468160264778,-0.04903416702979928,-0.009895755057561888,-0.539433657040066,0.7934923814550121,-0.04540023725962755,0.5100317691154562,-0.03565424310521421,-0.009895755057561888,-0.539433657040066,0.7934923814550121,-0.04540023725962755,0.5100317691154562,-0.03565424310521421,-0.050462011218308615,-0.06963467732894939,0.03510629268122941,-0.21701481966894814,-0.057882549834473135,-0.1742107243019389,-0.08746906172919944,-0.017779277722869066,0.003562806954178748,-0.2462165762439735,0.005067668280495704,-0.2346895510751918,0.5,0.0,0.0,0.5,True,False,True,False,1,True,True,0.003623399999924004,4,2.8328092260200233e-09,3.621496936387828e-10,`gtol` termination condition is satisfied.,True,True,0.0,0.010668900009477511,True,0.016411513447244654,0.01636549739849013,False,False,False,False,False,False,1.0,False,False,False,0.0006884125905100691,0.004818298390522121,0.0006884142314724195,0.004818298684955835
1.4204137000120935,1786138788.8419235,0.009475500002736226,0.0072536999941803515,0.009475500002736226,TELEOP,0,,0.0,1.4204137000120935,277,-0.001734309785834115,0.013054621716088583,0.0,0.011128839812120681,0.011647888579992192,0.02264993975200185,0.9996136532907576,-0.0011290459528868102,0.010139224192017045,0.0,0.008677619019295235,0.009016982285499348,0.01761145209422989,0.9997665876162054,-0.016338628221999132,-0.22202567079977073,0.2794461415995086,-0.12622006342798384,0.0056153067246069565,0.008136001125139514,0.9919530076592924,-0.016314923244336945,-0.222140405270306,0.27947688664326326,-0.12635521585031664,0.005434653806822452,0.007878398624915251,0.9919388866258481,-0.016314920940381512,-0.22214040634031582,0.2794768867977131,-0.12635521588127277,0.005434653808461117,0.007878398465465874,0.9919388866231621,-0.01618589179104335,-0.22279023809075185,0.2796485792418525,-0.12728580792795538,0.0041817340662519,0.006068624105530329,0.991838700596923,-0.01618589179104335,-0.22279023809075185,0.2796485792418525,-0.12728580792795538,0.0041817340662519,0.006068624105530329,0.991838700596923,-0.014398963355938047,-0.5449813839872838,0.7962543693884276,-0.06392757695905683,0.5055501165784201,-0.05076684212613184,-0.010380448793382846,-0.5400931570973692,0.7938243785693568,-0.047472921069176124,0.5094853926425996,-0.037321471203580495,-0.010380448793382846,-0.5400931570973692,0.7938243785693568,-0.047472921069176124,0.5094853926425996,-0.037321471203580495,-0.0511523123509043,-0.06960055481111543,0.03503742433105323,-0.2187413655163362,-0.05766202023099726,-0.17595146407945145,-0.07285115639241706,0.0036011311090806616,-0.007268043919190625,-0.18221158217397343,0.023273664019017246,-0.1837095432441437,0.5,0.0,0.0,0.5,True,False,True,False,1,True,True,0.0038625999877694994,4,2.5449924101891105e-09,3.249140477902638e-10,`gtol` termination condition is satisfied.,True,True,0.0,0.009475500002736226,True,0.01645465588988071,0.016411513447244654,False,False,False,False,False,False,1.0,False,False,False,0.0006844034779486815,0.004783777854003224,0.0006844049670173177,0.004783778117887718
1.4304577000071985,1786138788.852228,0.010043999995104969,0.007515900011640042,0.010043999995104969,TELEOP,0,,0.0,1.4304577000071985,279,-0.001817655880353647,0.013358956364027112,0.0,0.011381900616879975,0.011925427586423083,0.023174633261765245,0.9995955046359558,-0.0011939896603665073,0.010442919877886496,0.0,0.008932845003515197,0.0092914762986921,0.01813649619241078,0.999752439483994,-0.016358108820331257,-0.22193766642352206,0.27942255931849447,-0.12609305769179388,0.00578567604558154,0.008378406687754131,0.9919661632616328,-0.016333599550958002,-0.2220527275496931,0.27945339190568197,-0.1262282546339869,0.005604660879571717,0.008120562511953009,0.9919521520582391,-0.01633359708097728,-0.2220527286835094,0.2794533920601462,-0.12622825466734405,0.005604660881338606,0.008120562341136346,0.9919521520553828,-0.016200372763255273,-0.2226977562493387,0.2796234823616352,-0.12714895587056274,0.00436063948569563,0.006323230217521949,0.9918538927704613,-0.016200372763255273,-0.2226977562493387,0.2796234823616352,-0.12714895587056274,0.00436063948569563,0.006323230217521949,0.9918538927704613,-0.014957256690199355,-0.5456400415002591,0.7965806961008376,-0.06619032995161298,0.5050258180548608,-0.05262318847712567,-0.010901861633575,-0.5407918915289345,0.794175558708056,-0.049689160007401194,0.508908653121151,-0.0391080466009785,-0.010901861633575,-0.5407918915289345,0.794175558708056,-0.049689160007401194,0.508908653121151,-0.0391080466009785,-0.05191286742794401,-0.06956734686438153,0.03496417153229281,-0.22065302063970285,-0.05742129845974549,-0.17787489030950887,-0.07572232949127579,0.0033062471873845922,-0.007293189844297197,-0.19032806892655546,0.023966723553274505,-0.19150002299829008,0.5,0.0,0.0,0.5,True,False,True,False,1,True,True,0.003833499999018386,4,2.722168868844303e-09,3.481511785900486e-10,`gtol` termination condition is satisfied.,True,True,0.0,0.010043999995104969,True,0.01650116994421178,0.01645465588988071,False,False,False,False,False,False,1.0,False,False,False,0.0006802499468377893,0.004747774314137731,0.0006802515443087758,0.004747774597056956
1.4404902000020483,1786138788.861458,0.010032499994849786,0.0067122000036761165,0.010032499994849786,TELEOP,0,,0.0,1.4404902000020483,281,-0.0019028221858225448,0.013662411438373379,0.0,0.011633936334842382,0.012202431976406363,0.023697653768792955,0.9995769972268632,-0.0012607713232363929,0.010746278103112872,0.0,0.009187506623687858,0.009565923472379194,0.01866080723967256,0.9997378942019375,-0.01637814080807358,-0.22184975982277066,0.27939900322991507,-0.12596631742906678,0.005955976100136669,0.008620454464363157,0.9919791837467569,-0.01635282962873366,-0.22196509901319852,0.2794299103397621,-0.12610149737980944,0.005774679816327133,0.008362485138966248,0.9919652888452748,-0.016352827133479127,-0.22196510014904292,0.27942991049138755,-0.12610149741335858,0.005774679818125429,0.008362484966524716,0.9919652888424532,-0.01621544133172246,-0.22260544849628675,0.2795984371335784,-0.12701254124461073,0.004539285745487531,0.006577214689910563,0.9918689174978867,-0.01621544133172246,-0.22260544849628675,0.2795984371335784,-0.12701254124461073,0.004539285745487531,0.006577214689910563,0.9918689174978867,-0.015522525291595873,-0.546297893224946,0.7969061113317643,-0.0684702977420709,0.5045045575084316,-0.0544970472287689,-0.011430031832425417,-0.5414888919877168,0.7945252896559735,-0.05192061527693939,0.5083355558621543,-0.0409108038621705,-0.011430031832425417,-0.5414888919877168,0.7945252896559735,-0.05192061527693939,0.5083355558621543,-0.0409108038621705,-0.05264592066997809,-0.0694742545865986,0.0348598004582112,-0.22242265344467696,-0.05712407269283797,-0.17969172809543485,-0.07306785371646125,0.009279070802962162,-0.010403296699246223,-0.17639001304585664,0.029626291259416716,-0.18109521922338964,0.5,0.0,0.0,0.5,True,False,True,False,1,True,True,0.003435199992964044,4,2.745801876150905e-09,3.5141327080652216e-10,`gtol` termination condition is satisfied.,True,True,0.0,0.010032499994849786,True,0.016549682465131513,0.01650116994421178,False,False,False,False,False,False,1.0,False,False,False,0.0006762559378448019,0.004712824776348258,0.0006762575580952784,0.004712825061926532
1.4505005000024793,1786138788.8717613,0.010010300000431016,0.007007700012763962,0.010010300000431016,TELEOP,0,,0.0,1.4505005000024793,283,-0.0019897048547009967,0.01396465395422597,0.0,0.011884673155024216,0.012478594719368212,0.024218428615991366,0.9995581558534752,-0.0013293091650972545,0.011048923412836802,0.0,0.009441289480320305,0.009839982976162733,0.019183736603378417,0.9997229721467392,-0.016398699655414246,-0.2217620597961442,0.27937550248823373,-0.125839999159258,0.006125995603268235,0.00886184515923975,0.9919920536424878,-0.016372589873479452,-0.2218776322094418,0.27940647210481667,-0.12597510561471306,0.005944493400247655,0.00860385806000581,0.9919782807048043,-0.0163725873559902,-0.2218776333460067,0.279406472253499,-0.12597510564840933,0.005944493402075257,0.008603857886150902,0.9919782807020221,-0.016231076204632454,-0.22251348023636494,0.2795734908906614,-0.12687681871542397,0.004717352818033959,0.006830142278887023,0.9918837475286576,-0.016231076204632454,-0.22251348023636494,0.2795734908906614,-0.12687681871542397,0.004717352818033959,0.006830142278887023,0.9918837475286576,-0.016094072987684695,-0.5469540867813657,0.7972301952433796,-0.07076463642314712,0.5039870557786325,-0.05638609319137659,-0.011964116102422512,-0.5421828979820668,0.7948729334145177,-0.05416357609942445,0.5077671936651251,-0.04272679412656156,-0.011964116102422512,-0.5421828979820668,0.7948729334145177,-0.05416357609942445,0.5077671936651251,-0.04272679412656156,-0.0533534729203019,-0.06932919036593699,0.034728605389371926,-0.22406529498501382,-0.056777738629683897,-0.181412171894236,-0.07068242213453604,0.014491495824837074,-0.013106007695436357,-0.16409513603649548,0.03459777061018817,-0.171867356495517,0.5,0.0,0.0,0.5,True,False,True,False,1,True,True,0.003727000002982095,4,2.7661594927153046e-09,3.5424312318592687e-10,`gtol` termination condition is satisfied.,True,True,0.0,0.010010300000431016,True,0.016601060323722668,0.016549682465131513,False,False,False,False,False,False,1.0,False,False,False,0.00067247445980977,0.004679301888773305,0.0006724761011646849,0.004679302176657378
1.4603845000016262,1786138788.8822296,0.009883999999146909,0.007589499989990145,0.009883999999146909,TELEOP,0,,0.0,1.4603845000016262,284,-0.002077354816164334,0.014262541098422555,0.0,0.01213151158399848,0.012751036599339237,0.024731546556987893,0.9995391878747072,-0.001398839157824171,0.011347663025056947,0.0,0.00969152317721105,0.010110756799036731,0.019699771127633152,0.9997078403178478,-0.016419556180344786,-0.2216754915426905,0.2793523050167417,-0.12571543237141788,0.006293937790271015,0.009100034405806494,0.9920046400015339,-0.01639265929028785,-0.22179125443001385,0.279383325684746,-0.12585041514849346,0.0061122999296560395,0.008842126683134477,0.9919909926971319,-0.01639265677757781,-0.2217912555559347,0.27938332583008035,-0.12585041518192555,0.0061122999314935705,0.008842126509730378,0.9919909926944248,-0.016247093236286987,-0.22242287311745235,0.2795489216301746,-0.12674329383229277,0.004892862660132695,0.007079217740590362,0.9918982216133425,-0.016247093236286987,-0.22242287311745235,0.2795489216301746,-0.12674329383229277,0.004892862660132695,0.007079217740590362,0.9918982216133425,-0.016665713018705838,-0.5476016671270392,0.7975495235839831,-0.07304872189209134,0.5034787966748048,-0.05826999613681873,-0.012498076272272576,-0.5428662004540155,0.7952146385666173,-0.05639289030558294,0.5072098769900202,-0.044535598058260316,-0.012498076272272576,-0.5428662004540155,0.7952146385666173,-0.05639289030558294,0.5072098769900202,-0.044535598058260316,-0.054022680078525905,-0.06913218049450924,0.03457154513649674,-0.22554777482303734,-0.05638574212394628,-0.18300323066115673,-0.0677061066654959,0.019932200672272832,-0.015890353388177143,-0.1499878427915286,0.03965970313349349,-0.1609731654247326,0.5,0.0,0.0,0.5,True,False,True,False,1,True,True,0.0037958000029902905,4,2.7572688652810124e-09,3.5325566570407143e-10,`gtol` termination condition is satisfied.,True,True,0.0,0.009883999999146909,True,0.0166558315865084,0.016601060323722668,False,False,False,False,False,False,1.0,False,False,False,0.0006689928681080703,0.0046478880259771226,0.0006689945138349772,0.004647888313038341
1.4704294000035842,1786138788.8914807,0.010044900001958013,0.0067962000030092895,0.010044900001958013,TELEOP,0,,0.0,1.4704294000035842,287,-0.0021683252406260235,0.014564713856216549,0.0,0.012381611632424488,0.013027660101075159,0.02525189160576652,0.9995195434487538,-0.001471416578908239,0.011651131001873713,0.0,0.009945434237150424,0.01038607558110152,0.020223821989496724,0.9996920599844711,-0.016441326894642044,-0.221587553098357,0.2793287403703918,-0.1255890195897319,0.006464658722181785,0.009341904511307949,0.992017305880395,-0.01641363201137614,-0.22170347178135377,0.27935980279742373,-0.12572382812863792,0.006282947782127599,0.00908416978880811,0.9920037910548003,-0.016413629430440977,-0.22170347292743564,0.279359802940338,-0.12572382816292746,0.006282947784027185,0.00908416961082133,0.9920037910520725,-0.01626397295963805,-0.22233101711826844,0.27952402732741055,-0.12660815268565825,0.00507086820698508,0.007331651956376623,0.9919127526394361,-0.01626397295963805,-0.22233101711826844,0.27952402732741055,-0.12660815268565825,0.00507086820698508,0.007331651956376623,0.9919127526394361,-0.017254140411158893,-0.5482593171435489,0.797873307121395,-0.07538893276152119,0.5029651973747529,-0.06020357617891687,-0.0130475749110287,-0.5435584591863152,0.7955602184902887,-0.05867350750258123,0.5066476843397109,-0.04639004985575121,-0.0130475749110287,-0.5435584591863152,0.7955602184902887,-0.05867350750258123,0.5066476843397109,-0.04639004985575121,-0.05470424181913319,-0.06891643840802203,0.034403520553113805,-0.227042299729588,-0.05596796883988553,-0.18461625273814658,-0.0678515207194131,0.021477773441762153,-0.01672735252219379,-0.14878444845238362,0.04159058666381122,-0.1605811980881274,0.5,0.0,0.0,0.5,True,False,True,False,1,True,True,0.0034531000128481537,4,2.8275704167661124e-09,3.6258027543014435e-10,`gtol` termination condition is satisfied.,True,True,0.0,0.010044900001958013,True,0.016715425258939952,0.0166558315865084,False,False,False,False,False,False,1.0,False,False,False,0.0006657164711876457,0.004617694339125532,0.0006657181670195607,0.004617694633813079
1.480442699997755,1786138788.9023907,0.010013299994170666,0.007691199978580698,0.010013299994170666,TELEOP,0,,0.0,1.480442699997755,289,-0.0022609058135873773,0.014865358598460526,0.0,0.012630157278993796,0.013303146434915654,0.025769450153182223,0.999499595227953,-0.0015456685353020686,0.011953468655208226,0.0,0.010198117579408621,0.010660626425108765,0.020745770114442563,0.999675928721113,-0.016463599978888473,-0.22149994218381092,0.27930526348305035,-0.12546320256926102,0.006634863628161141,0.009582785029758229,0.9920298048026449,-0.016435111488699142,-0.22161598154325468,0.2793363582583597,-0.12559779273113228,0.006453139763799825,0.009325307891668237,0.992016426316108,-0.016435108888684463,-0.2216159826886856,0.2793363583981059,-0.1255977927655264,0.006453139765726538,0.009325307712491033,0.9920164263134251,-0.016281394958747735,-0.22223971503404816,0.2794992966090646,-0.12647404637806406,0.005247880341891599,0.007582494724661574,0.9919270543333452,-0.016281394958747735,-0.22223971503404816,0.2794992966090646,-0.12647404637806406,0.005247880341891599,0.007582494724661574,0.9919270543333452,-0.01784812208379735,-0.5489143050286021,0.7981952676288271,-0.07774042391463824,0.5024563013488014,-0.06214985161946597,-0.01360199078547272,-0.5442460731527359,0.7959028746288268,-0.0609611054334395,0.5060917417765115,-0.048254185559932175,-0.01360199078547272,-0.5442460731527359,0.7959028746288268,-0.0609611054334395,0.5060917417765115,-0.048254185559932175,-0.05536794810569715,-0.06867006549499162,0.034220101139246686,-0.22845594680974438,-0.05552041420141481,-0.1861659697868029,-0.06628247300593647,0.02460456724295082,-0.01831757901729703,-0.1411769427640576,0.04469601816896179,-0.15476586635359937,0.5,0.0,0.0,0.5,True,False,True,False,1,True,True,0.003998300002422184,4,2.844576826511812e-09,3.649566370754944e-10,`gtol` termination condition is satisfied.,True,True,0.0,0.010013299994170666,True,0.016779318481198742,0.016715425258939952,False,False,False,False,False,False,1.0,False,False,False,0.0006627358987549215,0.004589491232966683,0.0006627376141793632,0.004589491529581887
1.490433599995984,1786138788.9119868,0.009990899998228997,0.007299300021259114,0.009990899998228997,TELEOP,0,,0.0,1.490433599995984,291,-0.002355162622375512,0.015164744351940677,0.0,0.01287737467779611,0.013577738183330966,0.02628468713570361,0.9994793311866988,-0.001621647709724325,0.012254916458508755,0.0,0.010449776160431313,0.010934625461400838,0.02126603157618148,0.9996594380313811,-0.016486391235909094,-0.22141258911509082,0.27928185568170005,-0.12533788037752988,0.0068046868676392425,0.009822868201558274,0.9920421479147931,-0.016457112799361864,-0.22152871707254354,0.2793129742093686,-0.12547221143495235,0.006623005699697367,0.009565726744455215,0.9920289092687647,-0.016457110178264865,-0.2215287182182102,0.2793129743459316,-0.12547221146948515,0.00662300570165257,0.009565726563950569,0.9920289092661244,-0.01629936777829306,-0.22214891088159153,0.27947471583344563,-0.12634089721551964,0.005424007806133618,0.007831915805710101,0.9919411368246146,-0.01629936777829306,-0.22214891088159153,0.27947471583344563,-0.12634089721551964,0.005424007806133618,0.007831915805710101,0.9919411368246146,-0.018448108538277042,-0.5495671242910546,0.7985156526189041,-0.08010497963722775,0.5019517616792293,-0.06411029584616873,-0.014161665228856833,-0.5449294576569111,0.7962428173151507,-0.06325711439751323,0.5055417476247398,-0.050129168040032215,-0.014161665228856833,-0.5449294576569111,0.7962428173151507,-0.06325711439751323,0.5055417476247398,-0.050129168040032215,-0.05601842111154371,-0.06840069506215116,0.03402523159917114,-0.22981002356952154,-0.0550495102412395,-0.18766902685768072,-0.06510654755446099,0.026961578325096665,-0.01950470329100413,-0.13553100922010888,0.04713328731733744,-0.1504426098894257,0.5,0.0,0.0,0.5,True,False,True,False,1,True,True,0.0037560000200755894,4,2.8638001068875032e-09,3.6761520058404497e-10,`gtol` termination condition is satisfied.,True,True,0.0,0.009990899998228997,True,0.016847865239714516,0.016779318481198742,False,False,False,False,False,False,1.0,False,False,False,0.0006600620525709086,0.004563339515859833,0.0006600637888965845,0.004563339814629447
1.5004571000096147,1786138788.9212337,0.010023500013630837,0.006521699979202822,0.010023500013630837,TELEOP,0,,0.0,1.5004571000096147,293,-0.0024516136985336667,0.015464506462429662,0.0,0.013124615213213675,0.013852933812638184,0.026800417288543186,0.9994586426328244,-0.0016997787158542733,0.012557096650486183,0.0,0.010701763110086715,0.011209547854526599,0.021787405411545252,0.9996424997311117,-0.016509828036379223,-0.22132502380231417,0.2792583909973666,-0.12521237915670233,0.006975042663583312,0.010063445690253444,0.9920544017071841,-0.016479759089094766,-0.22144121112406914,0.2792895254438221,-0.1253464118798154,0.006793456477471213,0.00980671446458623,0.9920413067656783,-0.016479756432602775,-0.22144121227586225,0.2792895255772741,-0.12534641191470539,0.006793456479465374,0.009806714281770953,0.9920413067630633,-0.016317991809937402,-0.2220581208222584,0.27945015603155826,-0.12620800493643694,0.005600189610134047,0.008081261391246253,0.9919550748802193,-0.016317991809937402,-0.2220581208222584,0.27945015603155826,-0.12620800493643694,0.005600189610134047,0.008081261391246253,0.9919550748802193,-0.019057394743212185,-0.5502212601463574,0.7988361729472908,-0.08249545739575641,0.5014489485654228,-0.06609560069209475,-0.014729669078579956,-0.5456122423169691,0.7965818494070129,-0.06557401450739365,0.504994843638391,-0.05202522782154618,-0.014729669078579956,-0.5456122423169691,0.7965818494070129,-0.06557401450739365,0.504994843638391,-0.05202522782154618,-0.05666721693527228,-0.06811838770184958,0.03382372339014919,-0.2311468156561773,-0.05456217744351727,-0.1891614484896027,-0.06472747272372728,0.02816454930090924,-0.02010357746774277,-0.13336579885647667,0.04861902499720752,-0.14889226616376164,0.5,0.0,0.0,0.5,True,False,True,False,1,True,True,0.003365299984579906,4,2.898514533828687e-09,3.722877789928103e-10,`gtol` termination condition is satisfied.,True,True,0.0,0.010023500013630837,True,0.016921442888362753,0.016847865239714516,False,False,False,False,False,False,1.0,False,False,False,0.0006576823630037655,0.004539098669348511,0.0006576841293831011,0.004539098971916374
1.5105137000133508,1786138788.931224,0.010056600003736094,0.006457100011175498,0.010056600003736094,TELEOP,0,,0.0,1.5105137000133508,295,-0.002550278588728616,0.015764642019174862,0.0,0.013371875133388457,0.01412873131997861,0.02731663467885281,0.9994375285011701,-0.0017800822405637114,0.012859987483169574,0.0,0.010954057645949285,0.011485375774529915,0.02230985253922143,0.9996251123516683,-0.016533916586540416,-0.22123725254739252,0.2792348711186466,-0.1250867091158527,0.0071459196922679475,0.010304499375156123,0.9920665644637688,-0.016503056618792773,-0.2213534720072081,0.27926601418824426,-0.12522040673268303,0.006964477778447989,0.010048248399337881,0.9920536167420994,-0.016503053926663173,-0.22135347316514203,0.2792660143184894,-0.12522040676793472,0.006964477780481442,0.010048248214198386,0.9920536167395108,-0.016337272696617184,-0.22196735238829257,0.2794256204698162,-0.12607538623027467,0.0057764132098897265,0.00833052268965001,0.9919688666631796,-0.016337272696617184,-0.22196735238829257,0.2794256204698162,-0.12607538623027467,0.0057764132098897265,0.00833052268965001,0.9919688666631796,-0.019676048822093988,-0.5508766366813577,0.7991567877693612,-0.08491194627653843,0.5009480054940381,-0.0681058930620096,-0.015306075031479521,-0.5462943570442261,0.7969199315924415,-0.06791193733172184,0.5044511609498703,-0.05394252553648495,-0.015306075031479521,-0.5462943570442261,0.7969199315924415,-0.06791193733172184,0.5044511609498703,-0.05394252553648495,-0.057316185657720016,-0.06782756866172841,0.033617940984316697,-0.23247646555094448,-0.054062276347741155,-0.1906506885255937,-0.064531623233164,0.02891822683741274,-0.020462423259953386,-0.1322166432266552,0.049708757988822794,-0.1480858377023768,0.5,0.0,0.0,0.5,True,False,True,False,1,True,True,0.003567300009308383,4,2.9334854002918444e-09,3.76988850436369e-10,`gtol` termination condition is satisfied.,True,True,0.0,0.010056600003736094,True,0.017000008944816597,0.016921442888362753,False,False,False,False,False,False,1.0,False,False,False,0.0006555953328028106,0.004516747956552917,0.0006555971295312226,0.004516748262934516
1.5204873999970259,1786138788.9421513,0.009973699983675033,0.007409700017888099,0.009973699983675033,TELEOP,0,,0.0,1.5204873999970259,297,-0.0026500012986320266,0.016061681822911674,0.0,0.013616300064663878,0.014401939014309596,0.0278273742331735,0.999416238495485,-0.0018616057591323515,0.013160067173368886,0.0,0.011203730105424775,0.01175889813563832,0.02282730022006659,0.999607482520526,-0.016558371158128995,-0.22115029588755003,0.2792115695168358,-0.12496232968017262,0.007315329310850841,0.010543227696726942,0.9920784961220118,-0.016526728625494966,-0.22126652223732865,0.2792427144438742,-0.12509566215488294,0.0071340756237079275,0.010287516063239929,0.9920656970625863,-0.016526725929108792,-0.22126652338869957,0.2792427145706488,-0.12509566219002866,0.007134075625757506,0.010287515877934358,0.9920656970600614,-0.016356974846421707,-0.2218776679531169,0.27940139533160796,-0.12594458295986388,0.005950618315282215,0.008576784219818055,0.9919823541460698,-0.016356974846421707,-0.2218776679531169,0.27940139533160796,-0.12594458295986388,0.005950618315282215,0.008576784219818055,0.9919823541460698,-0.02029681416669637,-0.5515256120640373,0.7994737638795119,-0.0873261823252471,0.5004548054159901,-0.07011764248225578,-0.01588403125970027,-0.54696781876497,0.7972531191833653,-0.07024327286114063,0.5039170678418647,-0.05585836538270844,-0.01588403125970027,-0.54696781876497,0.7972531191833653,-0.07024327286114063,0.5039170678418647,-0.05585836538270844,-0.05794802622564833,-0.06752375967256505,0.03340661855371442,-0.23374831138240748,-0.053550147776626894,-0.19208917947796064,-0.06335066915613219,0.030461011426114078,-0.021187967449208533,-0.1275199608515156,0.051347902177979306,-0.14422841620677154,0.5,0.0,0.0,0.5,True,False,True,False,1,True,True,0.004215799999656156,4,2.9346592949350805e-09,3.7727417216881323e-10,`gtol` termination condition is satisfied.,True,True,0.0,0.009973699983675033,True,0.01708290946410647,0.017000008944816597,False,False,False,False,False,False,1.0,False,False,False,0.0006538292533902536,0.004496571429793738,0.0006538310604184719,0.004496571736364362
1.5301641999900566,1786138788.9518461,0.009676799993030727,0.007427200005622581,0.009676799993030727,TELEOP,0,,0.0,1.5301641999900566,299,-0.002748532742697968,0.01634927649873578,0.0,0.013852682856583563,0.014666700721331971,0.02832172791030804,0.9993952525381539,-0.0019424745730139696,0.013450890135650451,0.0,0.011445436327594868,0.012024222335512254,0.023328643739585327,0.9995900131782874,-0.016582629394936002,-0.22106602161609354,0.27918898670129194,-0.12484190405329007,0.007479624577805918,0.010774508770823971,0.9920899476203111,-0.016550229047708826,-0.22118223271322582,0.2792201275519959,-0.12497485318383998,0.0072985936472148875,0.010519376356842707,0.9920772950347738,-0.01655022640647956,-0.2211822338345032,0.2792201276750841,-0.12497485321800324,0.0072985936492358655,0.010519376175447332,0.9920772950323787,-0.016376624379784925,-0.2217910089314396,0.27937800144343783,-0.12581839406682885,0.006119033060519103,0.008814708191021745,0.9919952570795667,-0.016376624379784925,-0.2217910089314396,0.27937800144343783,-0.12581839406682885,0.006119033060519103,0.008814708191021745,0.9919952570795667,-0.020905877029440474,-0.5521542444436118,0.7997803218040954,-0.08968509096432246,0.4999798280041143,-0.07208643258768686,-0.01645043046332789,-0.5476180799966893,0.7975742620254781,-0.07251606427485413,0.5034039475046511,-0.057729770538680586,-0.01645043046332789,-0.5476180799966893,0.7975742620254781,-0.07251606427485413,0.5034039475046511,-0.057729770538680586,-0.05853166377682076,-0.06719796132891263,0.03318688433615935,-0.23487014460879446,-0.05302582853662242,-0.19339090994129637,-0.06031307370130256,0.033667983619281236,-0.022707322432345863,-0.11593018634206871,0.054183122559326585,-0.1345207573033705,0.5,0.0,0.0,0.5,True,False,True,False,1,True,True,0.0037534000002779067,4,2.872021187257534e-09,3.692220524105638e-10,`gtol` termination condition is satisfied.,True,True,0.0,0.009676799993030727,True,0.017169026689468334,0.01708290946410647,False,False,False,False,False,False,1.0,False,False,False,0.0006524330686412444,0.004479084551659899,0.0006524348474649952,0.004479084851587168
1.5400886000057907,1786138788.9616485,0.009924400015734136,0.007304500002646819,0.009924400015734136,TELEOP,0,,0.0,1.5400886000057907,301,-0.0028513996654003226,0.016643601968570006,0.0,0.014094322570641088,0.014937904404061406,0.028827502653341615,0.9993733957706007,-0.0020272719085340438,0.013748786913553778,0.0,0.011692744111804222,0.012296251138600823,0.02384203249093487,0.9995717280064366,-0.016608066129679043,-0.22097969749065302,0.27916585458188564,-0.12471867245550929,0.007648033015113976,0.011011328230388747,0.9921015628364557,-0.01657489076562606,-0.221095871742768,0.2791969855705232,-0.12485120040793747,0.007467269858617062,0.010756844113567861,0.9920890625051121,-0.016574888031357107,-0.22109587289343957,0.2791969856905871,-0.12485120044332967,0.007467269860719875,0.010756843925909323,0.9920890625026769,-0.016397346144240925,-0.2217024656252723,0.27935412019884504,-0.12568971080918392,0.006291193699958143,0.009057817224058568,0.9920083031031892,-0.016397346144240925,-0.2217024656252723,0.27935412019884504,-0.12568971080918392,0.006291193699958143,0.009057817224058568,0.9920083031031892,-0.02153758872105789,-0.5527978126664955,0.800093672445193,-0.0921213888036278,0.49949647316655776,-0.07412307368052176,-0.017037549144958638,-0.5482819614709542,0.7979015360236487,-0.07485956307301128,0.5028828472216943,-0.05966324900628125,-0.017037549144958638,-0.5482819614709542,0.7979015360236487,-0.07485956307301128,0.5028828472216943,-0.05966324900628125,-0.059159110948765706,-0.06689386494018237,0.032976703644725575,-0.23613506050156857,-0.05250698098934128,-0.19482069087655945,-0.06322268056005338,0.03064128695418871,-0.021178176121534192,-0.1274551500109553,0.05227999138069381,-0.14406724164647902,0.5,0.0,0.0,0.5,True,False,True,False,1,True,True,0.0035542999976314604,4,2.9689538706481984e-09,3.819878839256759e-10,`gtol` termination condition is satisfied.,True,True,0.0,0.009924400015734136,True,0.01726182573061652,0.017169026689468334,False,False,False,False,False,False,1.0,False,False,False,0.0006512811356691706,0.004462945507184631,0.0006512829817308691,0.004462945817506575
1.5501196999899802,1786138788.971602,0.010031099984189495,0.00722719999612309,0.010031099984189495,TELEOP,0,,0.0,1.5501196999899802,303,-0.002957235504577649,0.016940434133404913,0.0,0.014337737937169933,0.0152116691522765,0.029337432313269546,0.9993509641050591,-0.0021148770119750688,0.014049484451315587,0.0,0.011942093758484233,0.012571093139051021,0.02436009558007714,0.9995528699159852,-0.01663434517161411,-0.2208925617508871,0.27914250496704385,-0.12459440787728314,0.007818143932056489,0.011250285280836835,0.9921131695690097,-0.01660038882034353,-0.22100867872130162,0.2791736206174054,-0.12472648357047403,0.007637689061160573,0.010996508031317383,0.9921008249230854,-0.016600386030579783,-0.22100867988602202,0.27917362073407104,-0.12472648360653278,0.007637689063317755,0.010996507839979906,0.9921008249206563,-0.0164188752398665,-0.2216132895935191,0.2793300888300883,-0.12556035426698972,0.006464674426315818,0.009302673014611903,0.992021303045299,-0.0164188752398665,-0.2216132895935191,0.2793300888300883,-0.12556035426698972,0.006464674426315818,0.009302673014611903,0.992021303045299,-0.02218329009888549,-0.5534470461452804,0.8004092775091438,-0.09460115798555412,0.4990119115785721,-0.07619938728738805,-0.017637473617588575,-0.5489500494890616,0.7982302785237679,-0.07724163388425165,0.502361326887353,-0.061632458651163236,-0.017637473617588575,-0.5489500494890616,0.7982302785237679,-0.07724163388425165,0.502361326887353,-0.061632458651163236,-0.059806449300227056,-0.06660167072009861,0.03277232812328237,-0.23746855429562705,-0.05199034354789752,-0.19631043933225234,-0.0645331371914996,0.0291288313888121,-0.020374188450452205,-0.13293594881521076,0.051503568128924336,-0.1485129704659447,0.5,0.0,0.0,0.5,True,False,True,False,1,True,True,0.00366550000035204,4,3.0253869580990783e-09,3.8946535955246144e-10,`gtol` termination condition is satisfied.,True,True,0.0,0.010031099984189495,True,0.017359524101302468,0.01726182573061652,False,False,False,False,False,False,1.0,False,False,False,0.000650370148927788,0.00444823821324323,0.0006503720383606396,0.004448238529616113
1.5601598000135963,1786138788.9814305,0.010040100023616105,0.007015300012426451,0.010040100023616105,TELEOP,0,,0.0,1.5601598000135963,305,-0.0030650375528658517,0.017236858765044955,0.0,0.014580535903790704,0.015485309584105333,0.02984650856915848,0.9993281738678611,-0.0022044575495539275,0.014350023473452194,0.0,0.012191028409727328,0.012846045641884475,0.024877732806962757,0.9995336194186093,-0.016661216845102394,-0.2208054719315739,0.27911916764876354,-0.12447033447412043,0.007988284227871824,0.011489027365195352,0.9921246521487092,-0.01662648108000396,-0.2209215129068048,0.27915026294628725,-0.12460193265026652,0.007808173417772633,0.01123600604719221,0.9921124648827894,-0.016626478261567695,-0.22092151407486238,0.2791502630593777,-0.12460193268659599,0.007808173419964162,0.011236005854018613,0.9921124648803972,-0.01644100752212791,-0.22152434485713032,0.2793061389288064,-0.12543157015104123,0.0066377990397066,0.009546899748109744,0.9920341312366991,-0.01644100752212791,-0.22152434485713032,0.2793061389288064,-0.12543157015104123,0.0066377990397066,0.009546899748109744,0.9920341312366991,-0.022836759270215046,-0.5540955297241881,0.8007240121802748,-0.09710032662560092,0.4985310374550606,-0.07829527898692308,-0.018244469207388564,-0.5496158600304425,0.7985572990755878,-0.07963940643967841,0.5018445195976454,-0.06361852390460528,-0.018244469207388564,-0.5496158600304425,0.7985572990755878,-0.07963940643967841,0.5018445195976454,-0.06361852390460528,-0.060457125762913545,-0.06631513030894723,0.03257144361616126,-0.2388195884290766,-0.05147431683867426,-0.1978132935698315,-0.06480776697004803,0.028539597262715495,-0.020008217711834763,-0.13456381214048546,0.05139657055302981,-0.1496851858093215,0.5,0.0,0.0,0.5,True,False,True,False,1,True,True,0.003631300001870841,4,3.0529872106543904e-09,3.9317372156980214e-10,`gtol` termination condition is satisfied.,True,True,0.0,0.010040100023616105,True,0.017460920185922504,0.017359524101302468,False,False,False,False,False,False,1.0,False,False,False,0.0006496934922779212,0.004434993629807308,0.0006496954078110523,0.004434993949134731
1.5704148999863063,1786138788.9926925,0.010255099972710013,0.008021099987672642,0.010255099972710013,TELEOP,0,,0.0,1.5704148999863063,306,-0.0031770762819124942,0.017538922842927348,0.0,0.01482766166809331,0.015764414284656778,0.03036511200751846,0.9993045500068981,-0.0022979304444226594,0.01465652629830272,0.0,0.01244460769452691,0.013126719658427622,0.02540548277141753,0.9995135729020841,-0.016689256176410497,-0.2207166539143786,0.2790953672190243,-0.12434392994567951,0.008161924486321,0.01173241435276255,0.9921362409103897,-0.01665372694796703,-0.22083259928694282,0.2791264369098116,-0.12447501643673016,0.007982199783603525,0.011480212062321757,0.9921242157616629,-0.01665372404234571,-0.2208326004810654,0.27912643701918766,-0.12447501647419079,0.007982199785874274,0.011480211863309251,0.9921242157592476,-0.016464229717031785,-0.2214337797546426,0.2792817746149031,-0.12530069793681897,0.006814174783132024,0.009795597940570331,0.9920470494787824,-0.016464229717031785,-0.2214337797546426,0.2792817746149031,-0.12530069793681897,0.006814174783132024,0.009795597940570331,0.9920470494787824,-0.023511677165471884,-0.5547564390258939,0.8010442574107035,-0.09967068072535039,0.4980442552644779,-0.08045432207837246,-0.018871539471182888,-0.5502932230392854,0.7988893710263468,-0.082103736744482,0.5013218655798067,-0.06566372775784682,-0.018871539471182888,-0.5502932230392854,0.7988893710263468,-0.082103736744482,0.5013218655798067,-0.06566372775784682,-0.061147162432646014,-0.0660513315955478,0.03238115197732348,-0.24030290405373445,-0.05096527768910441,-0.19943285376876563,-0.06728717141409957,0.025723660822559932,-0.01855580534018816,-0.14464175177278832,0.049637658425999084,-0.1579272950282283,0.5,0.0,0.0,0.5,True,False,True,False,1,True,True,0.0038834000006318092,4,3.1433305761424286e-09,4.05069208155073e-10,`gtol` termination condition is satisfied.,True,True,0.0,0.010255099972710013,True,0.017566943980868388,0.017460920185922504,False,False,False,False,False,False,1.0,False,False,False,0.0006491951840145166,0.0044226295259219865,0.0006491971641180698,0.004422629854888432
1.5802217000087948,1786138789.001383,0.00980680002248846,0.006908200011821464,0.00980680002248846,TELEOP,0,,0.0,1.5802217000087948,309,-0.0032860357074862736,0.017827101280851937,0.0,0.015063152830624156,0.01603093150698492,0.030859726746921758,0.9992816359400012,-0.0023891236586170653,0.014949175767315012,0.0,0.012686455362494546,0.013394950100645857,0.025909233352390093,0.9994940423980666,-0.016716611718190586,-0.22063185029238358,0.2790726425123597,-0.12422335815442338,0.008327829596109605,0.0119647159075486,0.992147191759523,-0.016680325275426757,-0.22074768862454372,0.2791036835309913,-0.12435393416397295,0.008148504634528243,0.01171333820503783,0.992135322744966,-0.016680322471332106,-0.22074768977150333,0.27910368363682647,-0.1243539341998026,0.008148504636733708,0.011713338013103992,0.992135322742723,-0.01648697941856559,-0.22134748554386202,0.2792585706694371,-0.12517617964658725,0.006982334289831396,0.010032542560327306,0.9920592316725477,-0.01648697941856559,-0.22134748554386202,0.2792585706694371,-0.12517617964658725,0.006982334289831396,0.010032542560327306,0.9920592316725477,-0.02416393029053556,-0.5553870455594598,0.8013493283444165,-0.10214491643689981,0.49758295192851515,-0.08253581992805462,-0.01947721758212326,-0.5509381158260226,0.7992049649505016,-0.08447261560469073,0.5008271430840486,-0.06763331267772804,-0.01947721758212326,-0.5509381158260226,0.7992049649505016,-0.08447261560469073,0.5008271430840486,-0.06763331267772804,-0.06176103413462715,-0.06575975703168373,0.03218113180966928,-0.24155472272061598,-0.050446883246691526,-0.20083869512630684,-0.06259653511578007,0.0297318761670929,-0.0203960687681538,-0.12764802626860222,0.0528607130994947,-0.143353729485398,0.5,0.0,0.0,0.5,True,False,True,False,1,True,True,0.003626600024290383,4,3.0314458998580528e-09,3.905496520810715e-10,`gtol` termination condition is satisfied.,True,True,0.0,0.00980680002248846,True,0.01767230083220908,0.017566943980868388,False,False,False,False,False,False,1.0,False,False,False,0.0006489425995135166,0.004412213064522198,0.0006489445203135883,0.004412213381516236
1.5902582000049987,1786138789.0123034,0.01003649999620393,0.007790000003296882,0.01003649999620393,TELEOP,0,,0.0,1.5902582000049987,311,-0.003399383620467211,0.018121328677765884,0.0,0.01530331030592101,0.016303287270188187,0.03136457326171063,0.9992578621466921,-0.002484339687777154,0.015248182450782464,0.0,0.012933274495748097,0.013669260187235865,0.026423774503258633,0.9994736944401049,-0.01674517405183668,-0.2205452044700562,0.27904942414512707,-0.1241002924105854,0.008497456598346659,0.012201975226306134,0.9921582648224744,-0.01670811489143891,-0.2206609181839392,0.2790804317815876,-0.12423032564800054,0.008318570680805295,0.011951481504135388,0.9921465565434758,-0.016708111996238454,-0.22066091935856239,0.2790804318835918,-0.12423032568502608,0.008318570683093033,0.011951481306097373,0.9921465565412062,-0.01651083858455462,-0.22125944879155865,0.2792349168769788,-0.12504937863804985,0.007153987617858517,0.010274288373867376,0.9920715258295704,-0.01651083858455462,-0.22125944879155865,0.2792349168769788,-0.12504937863804985,0.007153987617858517,0.010274288373867376,0.9920715258295704,-0.024838553151374673,-0.5560308920991742,0.8016603107756523,-0.10469371994841736,0.49711525610718876,-0.08468333281133153,-0.02010369982200232,-0.5515954693622401,0.7995260756287983,-0.08691109339985413,0.5003259303186939,-0.06966450075570682,-0.02010369982200232,-0.5515954693622401,0.7995260756287983,-0.08691109339985413,0.5003259303186939,-0.06966450075570682,-0.06242038958959916,-0.06549629218015945,0.03199428868810002,-0.242960972060549,-0.04993899920732433,-0.202380120435114,-0.06569575601269376,0.026250670216103854,-0.01861636244108282,-0.14011351969958652,0.05060370044928965,-0.1535819567967094,0.5,0.0,0.0,0.5,True,False,True,False,1,True,True,0.0040911000105552375,4,3.1260726368934276e-09,4.0299047583838164e-10,`gtol` termination condition is satisfied.,True,True,0.0,0.01003649999620393,True,0.017782626548563232,0.01767230083220908,False,False,False,False,False,False,1.0,False,False,False,0.0006488604582666491,0.0044025943042892,0.0006488624462960075,0.004402594631351047
1.600454999999445,1786138789.0229666,0.010196799994446337,0.008256200002506375,0.010196799994446337,TELEOP,0,,0.0,1.600454999999445,313,-0.0035164396684055858,0.018419517336212218,0.0,0.015546415558122207,0.016579561339986615,0.03187606133848887,0.9992333780567044,-0.0025830193133796675,0.015551429901798272,0.0,0.013183303668657996,0.013947720640837125,0.0269454562167668,0.9994526521964787,-0.01677477542931119,-0.22045732974821958,0.2790258764622508,-0.12397561011811725,0.008669610625892528,0.012442508436953777,0.9921693756265774,-0.01673693371409431,-0.2205729024071248,0.2790568463122371,-0.12410507243043198,0.008491199881644576,0.012192951439793168,0.9921578314244132,-0.016736930746402236,-0.22057290360186116,0.2790568464101935,-0.12410507246837792,0.00849119988400091,0.012192951236932996,0.9921578314221394,-0.01653567959846091,-0.2211702577511589,0.2792109706664132,-0.12492114456128851,0.007327996290911711,0.010519215131233701,0.9920838443523213,-0.01653567959846091,-0.2211702577511589,0.2792109706664132,-0.12492114456128851,0.007327996290911711,0.010519215131233701,0.9920838443523213,-0.02553125140537653,-0.5566833780862791,0.8019749568008735,-0.10730025460967721,0.4966447594893282,-0.08688286960886082,-0.020747237543687184,-0.5522608558902592,0.7998505171722066,-0.08940398868437992,0.4998218127652441,-0.07174483064512137,-0.020747237543687184,-0.5522608558902592,0.7998505171722066,-0.08940398868437992,0.4998218127652441,-0.07174483064512137,-0.06311173329234328,-0.06525444535358314,0.03181797657941963,-0.2444781976584357,-0.049438799792518105,-0.20401791645884995,-0.06780006503223071,0.023717914120904154,-0.017290925464500013,-0.14879428827799315,0.0490545480031637,-0.16061862786638792,0.5,0.0,0.0,0.5,True,False,True,False,1,True,True,0.004359599988674745,4,3.200654104013897e-09,4.1280923505918343e-10,`gtol` termination condition is satisfied.,True,True,0.0,0.010196799994446337,True,0.01789626592529729,0.017782626548563232,False,False,False,False,False,False,1.0,False,False,False,0.0006489131610517657,0.00439357933288485,0.000648915204518806,0.004393579667854242
1.6106669999932164,1786138789.0312688,0.010211999993771315,0.0063461000099778175,0.010211999993771315,TELEOP,0,,0.0,1.6106669999932164,315,-0.003635582504638202,0.018717392722165892,0.0,0.015788978162583144,0.016855797654563368,0.032386855606809976,0.9992085277047598,-0.002683791193366192,0.015854571722048853,0.0,0.013432954856938685,0.014226343701065994,0.027466798717942317,0.9994312091569378,-0.016805004483974983,-0.22036948562122782,0.27900233696872456,-0.12385110016818267,0.008841825831631464,0.012682866656984551,0.9921803626339594,-0.016766381423457065,-0.22048490342604818,0.2790332653345557,-0.12397997229012901,0.008663918736105563,0.01243428440804797,0.9921689833664086,-0.01676637842488185,-0.22048490462486459,0.27903326542849133,-0.12397997232839085,0.008663918738498557,0.012434284203213831,0.9921689833641737,-0.01656115834480733,-0.22108117349321932,0.27918706784198155,-0.12479327532197941,0.007501906465167091,0.010763845732352952,0.9920960132259633,-0.01656115834480733,-0.22108117349321932,0.27918706784198155,-0.12479327532197941,0.007501906465167091,0.010763845732352952,0.9920960132259633,-0.026232288263356395,-0.5573351238438825,0.8022887335764919,-0.10992764550789548,0.4961783688358136,-0.08910339473645584,-0.021398840801380426,-0.5529248538569047,0.8001736952220768,-0.09191633078581857,0.4993220220938265,-0.07384516115745036,-0.021398840801380426,-0.5529248538569047,0.8001736952220768,-0.09191633078581857,0.4993220220938265,-0.07384516115745036,-0.06380760459172341,-0.06502134420784063,0.03164689091924883,-0.24601861564541885,-0.04894150721920403,-0.20567278825010396,-0.06814250879402325,0.022826199166146692,-0.016753394073164025,-0.15084390794386018,0.04869688343296053,-0.16205168353538718,0.5,0.0,0.0,0.5,True,False,True,False,1,True,True,0.0033404999994672835,4,3.2307024003053847e-09,4.168055413546641e-10,`gtol` termination condition is satisfied.,True,True,0.0,0.010211999993771315,True,0.018011314722076913,0.01789626592529729,False,False,False,False,False,False,1.0,False,False,False,0.0006490816797832477,0.004385168427643466,0.0006490837513797674,0.00438516876575043
1.6201898000068722,1786138789.041451,0.009522800013655797,0.007005699997534975,0.009522800013655797,TELEOP,0,,0.0,1.6201898000068722,317,-0.0037484045123473697,0.01899447063875566,0.0,0.016014347244017808,0.017112973610939167,0.03286184588184799,0.9991850608880104,-0.0027794560895724944,0.016136750995925236,0.0,0.013665088984483998,0.01448592516212423,0.027951952287723656,0.9994108823094476,-0.016833701617027165,-0.22028771598662042,0.27898042524222494,-0.12373531207054266,0.009002237474889523,0.012906524439023348,0.9921904826665876,-0.016794350970116653,-0.22040297788490998,0.2790113118411154,-0.12386361784414247,0.008824823828578243,0.012658882761204918,0.992179257667783,-0.016794348149717534,-0.22040297900929007,0.2790113119325452,-0.1238636178797053,0.008824823830843605,0.01265888256866101,0.9921792576657797,-0.016585409411738024,-0.22099838497439464,0.27916485725275614,-0.1246745645800222,0.007663633952211301,0.010991132239686573,0.9921072102719132,-0.016585409411738024,-0.22099838497439464,0.27916485725275614,-0.1246745645800222,0.007663633952211301,0.010991132239686573,0.9921072102719132,-0.026892396746804017,-0.5579413311137832,0.8025801254021857,-0.11239259781624368,0.4957478164740514,-0.09118961760076062,-0.022011978986336698,-0.5535414145252209,0.8004732865192674,-0.09427037833187661,0.4988607952790473,-0.07581636166765132,-0.022011978986336698,-0.5535414145252209,0.8004732865192674,-0.09427037833187661,0.4988607952790473,-0.07581636166765132,-0.06438633427952123,-0.06474573312807172,0.03146042096452441,-0.24720119530834542,-0.04843394948101229,-0.20699799506177116,-0.060773059075893386,0.028942231210745024,-0.01958142084859671,-0.12418402793618853,0.05329921215019703,-0.1391614661409281,0.5,0.0,0.0,0.5,True,False,True,False,1,True,True,0.00350399999297224,4,3.037637434838983e-09,3.916478867666086e-10,`gtol` termination condition is satisfied.,True,True,0.0,0.009522800013655797,True,0.01812221948436707,0.018011314722076913,False,False,False,False,False,False,1.0,False,False,False,0.0006494149866374043,0.004378392575280956,0.000649416946546835,0.0043783928927205885
1.6305337999871226,1786138789.051751,0.010343999980250373,0.006961800012504682,0.010343999980250373,TELEOP,0,,0.0,1.6305337999871226,319,-0.003872831775777447,0.019294671586069387,0.0,0.016258243224870305,0.017391857591343537,0.0333763222629305,0.9991592535371748,-0.0028853575744892516,0.016442652573293897,0.0,0.013916441501094036,0.014767593419545762,0.02847773120844185,0.9993884478348555,-0.016865469530324848,-0.22019907211086423,0.278956671422856,-0.1236099219517888,0.009176257925424713,0.013148891715993842,0.9922013354819675,-0.016825331594730045,-0.22031415257371526,0.2789875094148309,-0.12373759625048142,0.008999405827986891,0.012902304644544092,0.9921902783759552,-0.016825328505776387,-0.2203141537919289,0.27898750950051054,-0.12373759628980595,0.008999405830475211,0.012902304433808721,0.9921902783737688,-0.016612372730151544,-0.22090865016099015,0.2791408046014939,-0.12454615078631684,0.007839036224311632,0.011237527874052905,0.9921192084637137,-0.016612372730151544,-0.22090865016099015,0.2791408046014939,-0.12454615078631684,0.007839036224311632,0.011237527874052905,0.9921192084637137,-0.02761682230684778,-0.5585979558879232,0.8028952533898573,-0.11508693129722096,0.49528515413958607,-0.09347337047176817,-0.022685580360965903,-0.5542090860522861,0.8007971270833522,-0.09684482236684311,0.4983647945859242,-0.07797589193669682,-0.022685580360965903,-0.5542090860522861,0.8007971270833522,-0.09684482236684311,0.4983647945859242,-0.07797589193669682,-0.06512000927255437,-0.06454674481245953,0.03130709248869513,-0.24888283448200343,-0.04795056980569454,-0.20877129477655226,-0.07092759033584112,0.01923707617866484,-0.014822938526878361,-0.16257145948073667,0.04673044047183508,-0.1714326873711175,0.5,0.0,0.0,0.5,True,False,True,False,1,True,True,0.003623099997639656,4,3.3215990397262546e-09,4.2879732323734644e-10,`gtol` termination condition is satisfied.,True,True,0.0,0.010343999980250373,True,0.01824210893037785,0.01812221948436707,False,False,False,False,False,False,1.0,False,False,False,0.0006498272718072721,0.0043711562883109265,0.0006498294187956311,0.004371156635945863
1.6404617000004036,1786138789.06269,0.009927900013281032,0.007972999999765307,0.009927900013281032,TELEOP,0,,0.0,1.6404617000004036,321,-0.003994086338333563,0.019582030235787435,0.0,0.016491431699809062,0.017659050465515223,0.033868640156208364,0.9991341780917697,-0.002988829534669862,0.01673566666629125,0.0,0.014156931130804391,0.015037637671692255,0.02898121061454523,0.9993665694756495,-0.0168965086928808,-0.2201141627443221,0.27893391832784187,-0.12348993537490788,0.009343060266963698,0.013380962469812869,0.9922116170098647,-0.016855616976035926,-0.22022905823300976,0.27896470676417184,-0.12361698868123291,0.009166770224393092,0.013135417549188712,0.9922007212448727,-0.01685561398583517,-0.2202290594071298,0.27896470684685093,-0.12361698871901972,0.009166770226815642,0.013135417345320666,0.9922007212428415,-0.0166388020066113,-0.2208227516379946,0.27911778484775224,-0.12442336867075814,0.008007056088918968,0.01147334135329659,0.9921305734728671,-0.0166388020066113,-0.2208227516379946,0.27911778484775224,-0.12442336867075814,0.008007056088918968,0.01147334135329659,0.9921305734728671,-0.028318981415426055,-0.5592263817337602,0.803196360269265,-0.11768867371841489,0.49484598877441205,-0.09568183566068146,-0.023338612038514988,-0.5548476443716611,0.8011063185677582,-0.09933007838775369,0.4978936317743709,-0.08006401827697826,-0.023338612038514988,-0.5548476443716611,0.8011063185677582,-0.09933007838775369,0.4978936317743709,-0.08006401827697826,-0.06577742288656126,-0.06431957599500197,0.031143694436123852,-0.25033048455221485,-0.0474584565641292,-0.21032910660744505,-0.0662187988524689,0.022881859925428377,-0.016458470809807644,-0.14581634265804777,0.049568714522408436,-0.15691252216569646,0.5,0.0,0.0,0.5,True,False,True,False,1,True,True,0.003803900006460026,4,3.2135174332543777e-09,4.147289077982648e-10,`gtol` termination condition is satisfied.,True,True,0.0,0.009927900013281032,True,0.018358595330661198,0.01824210893037785,False,False,False,False,False,False,1.0,False,False,False,0.0006503159029918788,0.004364678550041577,0.0006503179912640905,0.0043646788860553475
1.6503919000020941,1786138789.071928,0.009930200001690537,0.007281400001375005,0.009930200001690537,TELEOP,0,,0.0,1.6503919000020941,323,-0.004117159752690819,0.019868693234329854,0.0,0.0167237885036396,0.017925829428896305,0.0343596200232973,0.9991088009067012,-0.0030941530213248023,0.017028149365818094,0.0,0.014396711812678558,0.015307433859166938,0.0294836286422921,0.9993443514623543,-0.0169281033177775,-0.22002940735039353,0.2789112064840071,-0.12337028729315501,0.009509672971939425,0.013612526875991644,0.9922217682782523,-0.01688645961074187,-0.22014410761895883,0.27894194261911853,-0.12349670542758452,0.009333967198750268,0.013368052729522432,0.9922110339897888,-0.01688645659522746,-0.22014410879564633,0.27894194269779415,-0.12349670546562887,0.009333967201204605,0.013368052524059584,0.9922110339877986,-0.016665787087571413,-0.22073704614806378,0.27909482446569356,-0.12430102368224932,0.00817481064053163,0.011708595420726668,0.9921417926767374,-0.016665787087571413,-0.22073704614806378,0.27909482446569356,-0.12430102368224932,0.00817481064053163,0.011708595420726668,0.9921417926767374,-0.029028128856813933,-0.5598531248436452,0.8034961863885457,-0.12030652895702985,0.49441164042967833,-0.09790713039902298,-0.02399837904052995,-0.5554841922372278,0.8014140158391393,-0.10183054760221438,0.4974272083637146,-0.0821682946035316,-0.02399837904052995,-0.5554841922372278,0.8014140158391393,-0.10183054760221438,0.4974272083637146,-0.0821682946035316,-0.06644045456311502,-0.06410222004172299,0.03098600947903711,-0.2518045169316836,-0.046970193004861216,-0.21190674167641183,-0.06676921677719432,0.02188837619000513,-0.015879333453495178,-0.14843934454671429,0.04916955944340093,-0.15887243647642357,0.5,0.0,0.0,0.5,True,False,True,False,1,True,True,0.00363290001405403,4,3.237917615314634e-09,4.1795855679604997e-10,`gtol` termination condition is satisfied.,True,True,0.0,0.009930200001690537,True,0.01847598135481547,0.018358595330661198,False,False,False,False,False,False,1.0,False,False,False,0.0006508783069491694,0.004358516188909239,0.0006508804197329469,0.004358516527418653
1.6604417000122593,1786138789.081855,0.0100498000101652,0.0071561000077053905,0.0100498000101652,TELEOP,0,,0.0,1.6604417000122593,325,-0.004243534028186985,0.020158021276164922,0.0,0.016958034674680083,0.018195324200238994,0.03485501605465479,0.9990828209378092,-0.003202611849382647,0.017323524546454767,0.0,0.014638585347358547,0.015580144424845491,0.029990863822128018,0.9993215293417489,-0.016960638521151525,-0.21994381376119193,0.2788882700205965,-0.12324957942210367,0.009678048396969247,0.013846294088175778,0.9922319067090739,-0.016918236028450537,-0.2200583066648368,0.2789189506002182,-0.1233753413353879,0.009502955442929137,0.013602930935147238,0.9922213358208943,-0.016918232951755287,-0.22005830785729602,0.2789189506743804,-0.12337534137420704,0.009502955445444038,0.013602930725650513,0.9922213358189155,-0.016693665424105834,-0.2206504977753472,0.2790716463065038,-0.12417764275229828,0.008344329765064804,0.011946135248935518,0.9921529998210299,-0.016693665424105834,-0.2206504977753472,0.2790716463065038,-0.12417764275229828,0.008344329765064804,0.011946135248935518,0.9921529998210299,-0.029752779176323327,-0.5604854978902427,0.8037982256473916,-0.1229716208400757,0.49397717164564064,-0.10017578511991877,-0.02467302277044615,-0.5561264045610159,0.8017239250340666,-0.10437686176176178,0.4969600212212502,-0.08431456317601992,-0.02467302277044615,-0.5561264045610159,0.8017239250340666,-0.10437686176176178,0.4969600212212502,-0.08431456317601992,-0.06713006519869143,-0.06390299539677848,0.030837349461071036,-0.2533696349153067,-0.04648720790382261,-0.21356331173927795,-0.06861933917877722,0.01982374223795432,-0.014792335948546863,-0.15573623176978468,0.04805917536170601,-0.16483612223034752,0.5,0.0,0.0,0.5,True,False,True,False,1,True,True,0.0035454999888315797,4,3.3005321789063967e-09,4.2617388063220624e-10,`gtol` termination condition is satisfied.,True,True,0.0,0.0100498000101652,True,0.018594759078313913,0.01847598135481547,False,False,False,False,False,False,1.0,False,False,False,0.0006514870908817897,0.004352352879871092,0.0006514892527289547,0.004352353224934629
1.6703883999940699,1786138789.0932314,0.009946699981810525,0.008587799995439127,0.009946699981810525,TELEOP,0,,0.0,1.6703883999940699,327,-0.004370408302471063,0.020443589741451926,0.0,0.01718897000309859,0.01846154896284876,0.035343828368334024,0.9990568173614526,-0.0033117837079728258,0.017615235884423836,0.0,0.014877186533005118,0.01584971240013829,0.03049165895919944,0.9992986113627954,-0.01699338766401335,-0.21985928186320516,0.2788656180491311,-0.12313048932810709,0.00984444748420615,0.014077076404189415,0.9922418079135057,-0.01695023618253389,-0.21997356034799453,0.27889624118292256,-0.12325558913575144,0.00966998145769382,0.013834838638823933,0.9922313986390697,-0.016950233112713896,-0.2199735615312475,0.27889624125333057,-0.12325558917437511,0.009669981460214942,0.013834838429927342,0.9922313986371599,-0.016721808211537036,-0.22056502732104136,0.27904876071154344,-0.12405593754150104,0.008511854621240508,0.012180668092056701,0.9921639501697476,-0.016721808211537036,-0.22056502732104136,0.27904876071154344,-0.12405593754150104,0.008511854621240508,0.012180668092056701,0.9921639501697476,-0.030476810078262948,-0.5611094533524458,0.8040957713455751,-0.1256247036077544,0.49355228743462687,-0.10243735859894919,-0.02534744499106757,-0.5567600313382971,0.8020291841139845,-0.10691217648088099,0.49650243837745583,-0.0864548555174164,-0.02534744499106757,-0.5567600313382971,0.8020291841139845,-0.10691217648088099,0.49650243837745583,-0.0864548555174164,-0.06780361545585274,-0.06370221062662447,0.030689482991954904,-0.25489003626886514,-0.046003483027652545,-0.21517612326806057,-0.06771595186273183,0.02018606879881594,-0.014865882090194047,-0.1528548519950143,0.04863169463788482,-0.16214538809172438,0.5,0.0,0.0,0.5,True,False,True,False,1,True,True,0.004110799985937774,4,3.2907202370393364e-09,4.249215314823696e-10,`gtol` termination condition is satisfied.,True,True,0.0,0.009946699981810525,True,0.01871252712687342,0.018594759078313913,False,False,False,False,False,False,1.0,False,False,False,0.0006521287458068961,0.004346329920738421,0.0006521309107454181,0.00434633026463526
1.6804360999882446,1786138789.1012552,0.010047699994174764,0.006546699994942173,0.010047699994174764,TELEOP,0,,0.0,1.6804360999882446,329,-0.004500380320489794,0.020731247165086994,0.0,0.01742132622946269,0.018729953782001225,0.035836068985983474,0.9990302609948122,-0.003423922030672229,0.017909247250789385,0.0,0.01511739236107694,0.016121649542816044,0.030996251866678277,0.9992751319003378,-0.017027026727068566,-0.21977408345009306,0.278842787462909,-0.12301058289263114,0.01001227244923509,0.014309591708228379,0.9922516749706001,-0.016983120906776516,-0.21988813651332825,0.2788733502026197,-0.12313500182337239,0.00983845959214467,0.014068515600010193,0.9922414287398125,-0.016983117781148586,-0.21988813771035973,0.27887335026838705,-0.12313500186270049,0.009838459594722434,0.014068515387451205,0.9922414287379201,-0.01675080286115085,-0.2204788593469615,0.2790256934863407,-0.12393338936455452,0.00868086432190757,0.012417072566075238,0.9921748706272132,-0.01675080286115085,-0.2204788593469615,0.2790256934863407,-0.12393338936455452,0.00868086432190757,0.012417072566075238,0.9921748706272132,-0.03121510926232481,-0.561737733247743,0.8043949047922181,-0.12832015593229104,0.49312837746622296,-0.10473822571904398,-0.02603570936081602,-0.5573982231664028,0.8023361320002805,-0.1094892741551213,0.49604503958779306,-0.08863374792496415,-0.02603570936081602,-0.5573982231664028,0.8023361320002805,-0.1094892741551213,0.49604503958779306,-0.08863374792496415,-0.06849969347686319,-0.0635162105233712,0.03054906958547795,-0.25648632778988323,-0.04552273554424986,-0.21685484327865828,-0.0692773491857845,0.018511709481882667,-0.013974681425436928,-0.1588713359220069,0.04784652046551947,-0.1670750531535526,0.5,0.0,0.0,0.5,True,False,True,False,1,True,True,0.003497600002447143,4,3.3476498696030056e-09,4.3238061710558816e-10,`gtol` termination condition is satisfied.,True,True,0.0,0.010047699994174764,True,0.01883088177716974,0.01871252712687342,False,False,False,False,False,False,1.0,False,False,False,0.0006527868948282358,0.004340112736387585,0.0006527891057561393,0.004340113086212897
1.6904661999939234,1786138789.1115232,0.010030100005678833,0.006804100004956126,0.010030100005678833,TELEOP,0,,0.0,1.6904661999939234,331,-0.004631933339072892,0.02101757663123116,0.0,0.017652342032290238,0.018997351087417357,0.036325889985297295,0.9990034660546543,-0.003537711320168028,0.0182020683990739,0.0,0.01535635096503248,0.016392727439350552,0.03149865206020886,0.9992513677201187,-0.017061161090014737,-0.21968922992298937,0.27882004928663834,-0.12289128360783212,0.010179530954433219,0.01454107968496516,0.9922613902416856,-0.017016504426184822,-0.2198030495524385,0.27885054948522886,-0.12301501138502571,0.010006389257777863,0.01430118695560397,0.9922513064741335,-0.01701650128135733,-0.21980305074993203,0.2788505495467889,-0.12301501142453967,0.010006389260382881,0.014301186741874217,0.9922513064722889,-0.016780308838193946,-0.22039300767585002,0.2790027134348294,-0.12381142465749632,0.008849373635491846,0.012652552902952868,0.9921856341509782,-0.016780308838193946,-0.22039300767585002,0.2790027134348294,-0.12381142465749632,0.008849373635491846,0.012652552902952868,0.9921856341509782,-0.03195899441102986,-0.5623628615118568,0.8046920650269437,-0.1310261672443694,0.49271058515916827,-0.10705126388950585,-0.026729736610382034,-0.5580334633312208,0.8026411590506066,-0.11207785961624336,0.4955932735217177,-0.09082562953888149,-0.026729736610382034,-0.5580334633312208,0.8026411590506066,-0.11207785961624336,0.4955932735217177,-0.09082562953888149,-0.06919444962393889,-0.06333338296312724,0.030411167401460788,-0.25808171998848073,-0.04504103307240823,-0.2185303848093582,-0.06926712063512266,0.018227890064949348,-0.013748834402357423,-0.15906044782147688,0.04802568983049999,-0.16705132847641307,0.5,0.0,0.0,0.5,True,False,True,False,1,True,True,0.0035837000177707523,4,3.365667887099262e-09,4.3475027726992873e-10,`gtol` termination condition is satisfied.,True,True,0.0,0.010030100005678833,True,0.01894830762812605,0.01883088177716974,False,False,False,False,False,False,1.0,False,False,False,0.0006534446368818797,0.0043337131513846465,0.0006534468690900724,0.004333713502989772
1.7005048000061178,1786138789.1221216,0.010038600012194365,0.007361600000876933,0.010038600012194365,TELEOP,0,,0.0,1.7005048000061178,333,-0.004765401983786755,0.021303312942159883,0.0,0.017882612723982793,0.01926442450247805,0.036814549569953024,0.9989763676137259,-0.0036534431970614368,0.018494446302185507,0.0,0.015594673527405001,0.01666363573693199,0.03200014187331262,0.9992272615985257,-0.017095878232848964,-0.21960450482454794,0.278797345516298,-0.12277228644593259,0.010346648818690261,0.01477213136398891,0.9922709794577416,-0.017050472268848448,-0.21971808278113047,0.27882778096596944,-0.12289531154994247,0.010174197353729902,0.014533445799058551,0.9922610579179534,-0.01705046909682684,-0.2197180839820576,0.27882778102314915,-0.12289531158976075,0.010174197356368693,0.014533445583616104,0.9922610579161502,-0.016810402245729,-0.22030724195457788,0.2789797579855951,-0.12368971077270459,0.009017834991042188,0.012887736256678151,0.9921962710851202,-0.016810402245729,-0.22030724195457788,0.2789797579855951,-0.12368971077270459,0.009017834991042188,0.012887736256678151,0.9921962710851202,-0.032710376623653885,-0.5629864218607062,0.8049880103490908,-0.1337496277645363,0.4922979047594471,-0.1093823627058442,-0.027431360243296243,-0.5586674513355259,0.8029450897894788,-0.11468478190815265,0.4951459729748061,-0.0930362844750859,-0.027431360243296243,-0.5586674513355259,0.8029450897894788,-0.11468478190815265,0.4951459729748061,-0.0930362844750859,-0.06989257785566834,-0.06315502196869187,0.03027620768861862,-0.25968982614533176,-0.044558060523208334,-0.22021546166985734,-0.06954438177449052,0.017767516806995592,-0.013444077130100396,-0.16019227331476316,0.04811154430032155,-0.1678597472209463,0.5,0.0,0.0,0.5,True,False,True,False,1,True,True,0.0038004000089131296,4,3.392228851355308e-09,4.38228975784843e-10,`gtol` termination condition is satisfied.,True,True,0.0,0.010038600012194365,True,0.019064845856383655,0.01894830762812605,False,False,False,False,False,False,1.0,False,False,False,0.0006540918946864584,0.004327032391779108,0.0006540941538892503,0.0043270327460662485
1.7101392999971976,1786138789.1313121,0.009634499991079792,0.006919399980688468,0.009634499991079792,TELEOP,0,,0.0,1.7101392999971976,335,-0.004895190358908153,0.02157675015475843,0.0,0.018102722220112204,0.019520217072808415,0.03728203802116919,0.9989500999622755,-0.003766216118660916,0.018774403251395566,0.0,0.015822619138177542,0.016923256035503757,0.032480188910053866,0.9992038257818734,-0.017129707791912398,-0.21952337904933739,0.27877560624760744,-0.12265845614894746,0.010506770403444192,0.014993288370434388,0.9922800573500845,-0.01708358413425473,-0.21963671771263676,0.27880597758555103,-0.12278079671469286,0.010334998388787837,0.014755782422022325,0.9922702911261241,-0.017083581066516702,-0.2196367188701708,0.27880597764077764,-0.12278079675295672,0.010334998391352629,0.014755782213787266,0.9922702911244593,-0.01683978137282117,-0.22022512040910322,0.27895777315264075,-0.12357324642965464,0.009179255980436118,0.013112836542189395,0.992206353307768,-0.01683978137282117,-0.22022512040910322,0.27895777315264075,-0.12357324642965464,0.009179255980436118,0.013112836542189395,0.992206353307768,-0.03343784978285151,-0.5635829009487188,0.8052706633423884,-0.13637743812489259,0.4919070137054734,-0.111634500556352,-0.02811076052201041,-0.5592739320832287,0.803235385972004,-0.11720007023439624,0.494721401982355,-0.0951721781520609,-0.02811076052201041,-0.5592739320832287,0.803235385972004,-0.11720007023439624,0.494721401982355,-0.0951721781520609,-0.07051744038021641,-0.0629488554947762,0.0301309027758513,-0.2610709770691163,-0.04406777651608695,-0.2216922184807243,-0.06485676735965648,0.021398772547257493,-0.015081728465602719,-0.1433547070489677,0.050888370706868476,-0.1532779918246123,0.5,0.0,0.0,0.5,True,False,True,False,1,True,True,0.003777500009164214,4,3.2793218273035243e-09,4.234870068236234e-10,`gtol` termination condition is satisfied.,True,True,0.0,0.009634499991079792,True,0.019177367890496344,0.019064845856383655,False,False,False,False,False,False,1.0,False,False,False,0.0006547492184690675,0.0043206839041286735,0.0006547514138050521,0.004320684246281519
1.7203352000138947,1786138789.1409907,0.010195900016697124,0.006399700010661036,0.010195900016697124,TELEOP,0,,0.0,1.7203352000138947,337,-0.0050343415186357605,0.021865259141782795,0.0,0.01833469926604006,0.019790336497783306,0.0377751482028151,0.9989220287702059,-0.0038874540411605774,0.019069931099412418,0.0,0.016062962278740687,0.01719756172085296,0.03298678226928579,0.9991787113971194,-0.01716607672235341,-0.21943774113220474,0.2787526578511438,-0.12253841940626099,0.010675912573940842,0.015226658053654193,0.9922895290915077,-0.0171191963340715,-0.2195508191621788,0.27878295935955455,-0.1226600257354132,0.01050487708775143,0.014990421376036312,0.9922799266895043,-0.017119193063852803,-0.21955082038593865,0.2787829594070678,-0.1226600257764764,0.010504877090493619,0.014990421154198217,0.9922799266877506,-0.016871461859430534,-0.2201383407522305,0.27893454775747034,-0.12345034205446415,0.009349950827904085,0.013350667812944016,0.9922168871446908,-0.016871461859430534,-0.2201383407522305,0.27893454775747034,-0.12345034205446415,0.009349950827904085,0.013350667812944016,0.9922168871446908,-0.03421471038569817,-0.5642118988280458,0.8055682621747329,-0.13917351434175057,0.4914990636121872,-0.11403402481447739,-0.02883726265354627,-0.5599141614350566,0.803541337237705,-0.11987959259611998,0.49427701438415433,-0.09745082729231638,-0.02883726265354627,-0.5599141614350566,0.803541337237705,-0.11987959259611998,0.49427701438415433,-0.09745082729231638,-0.07125434050413602,-0.06279282366238711,0.030007283829776937,-0.26280390719168134,-0.04358493094997809,-0.2234868071012761,-0.07227416144850746,0.015303389807037361,-0.012124378021746186,-0.16996342841016018,0.04735683611237174,-0.17601080999352195,0.5,0.0,0.0,0.5,True,False,True,False,1,True,True,0.003300399985164404,4,3.4920160349788328e-09,4.5126011247981306e-10,`gtol` termination condition is satisfied.,True,True,0.0,0.010195900016697124,True,0.01929392174563059,0.019177367890496344,False,False,False,False,False,False,1.0,False,False,False,0.0006553853510950339,0.004313338056881827,0.0006553876952500463,0.004313338421477896
1.7303530000132268,1786138789.1522238,0.010017799999332055,0.007617499999469146,0.010017799999332055,TELEOP,0,,0.0,1.7303530000132268,339,-0.005172859373609395,0.022147854597269704,0.0,0.018561657668926347,0.020055145675928608,0.03825800545756483,0.9988941790875087,-0.00400839947594939,0.019359565474569105,0.0,0.016298242190785524,0.017466632861944966,0.03348312483316708,0.9991537241032349,-0.01720235795526562,-0.2193538110080767,0.27873016708293996,-0.12242089604649403,0.010841791953929479,0.015455289248226672,0.9922987019001158,-0.01715473623270959,-0.219466625880144,0.27876039808510106,-0.1225417714924535,0.010671496857347395,0.015220319767644777,0.9922892598735944,-0.017154732995165334,-0.21946662708622755,0.2787603981292247,-0.12254177153298665,0.010671496860074393,0.015220319548158584,0.9922892598719261,-0.016903146490615768,-0.22005322464813787,0.27891176427585423,-0.12332989180262642,0.009517497497564984,0.013583851743910101,0.9922271080761379,-0.016903146490615768,-0.22005322464813787,0.27891176427585423,-0.12332989180262642,0.009517497497564984,0.013583851743910101,0.9922271080761379,-0.034984789236862254,-0.5648276932947464,0.8058591517530365,-0.14193549142580758,0.4911039620694086,-0.11640738273710716,-0.029558086459523344,-0.5605414841713335,0.8038406463445718,-0.12252848554568674,0.4938453089516216,-0.09970657109374577,-0.029558086459523344,-0.5605414841713335,0.8038406463445718,-0.12252848554568674,0.4938453089516216,-0.09970657109374577,-0.07195430194505126,-0.06262080859258537,0.029877728332237438,-0.2644186298132703,-0.043093836227667805,-0.2251735712012405,-0.06987177234142206,0.017170942703309197,-0.012932529851677685,-0.16118535224267094,0.049022212695704406,-0.16837669948260683,0.5,0.0,0.0,0.5,True,False,True,False,1,True,True,0.0044639999978244305,4,3.455181212969564e-09,4.4644079276980054e-10,`gtol` termination condition is satisfied.,True,True,0.0,0.010017799999332055,True,0.019407005880120842,0.01929392174563059,False,False,False,False,False,False,1.0,False,False,False,0.0006559757459358314,0.0043056890729443265,0.0006559780763423992,0.00430568943347582
1.7409026999881716,1786138789.1622033,0.010549699974944815,0.007046999991871417,0.010549699974944815,TELEOP,0,,0.0,1.7409026999881716,341,-0.005320651750203443,0.02244450578590229,0.0,0.01879962337507269,0.02033336665196863,0.03876472361623293,0.9988645676789768,-0.004137780524391883,0.01966375356888356,0.0,0.016545047060951026,0.01774948384931036,0.03400424489207808,0.9991270832932885,-0.01724116975180138,-0.21926566349716828,0.27870654617084906,-0.12229759944208492,0.011016127847396192,0.015695315713811962,0.992308217824783,-0.017192770577623664,-0.21937819406955517,0.27873670100204273,-0.12241769597650616,0.010846629652435175,0.015461700778138618,0.9922989439408036,-0.01719276714299556,-0.2193781953390359,0.278736701037716,-0.12241769601976082,0.010846629655337362,0.015461700545443003,0.9922989439390614,-0.01693716356073844,-0.2199636745738195,0.2788877991512022,-0.1232033360950976,0.009693899358232567,0.013829132222321992,0.9922377343118173,-0.01693716356073844,-0.2199636745738195,0.2788877991512022,-0.1232033360950976,0.009693899358232567,0.013829132222321992,0.9922377343118173,-0.03580319446478098,-0.5654736987548166,0.8061638221779964,-0.14486001619758426,0.4906941910777004,-0.11892378276490191,-0.030325682373244987,-0.5612007680548146,0.804154681544721,-0.12533850890945397,0.49339583612163523,-0.10210301058279284,-0.030325682373244987,-0.5612007680548146,0.804154681544721,-0.12533850890945397,0.49339583612163523,-0.10210301058279284,-0.0727599756907456,-0.06249314056767531,0.029767216214211127,-0.2663605003403832,-0.04260527133983192,-0.22715712245263242,-0.07636935150836503,0.012101578738093685,-0.01047538018036278,-0.1840687916931094,0.046310785045660954,-0.18801968360264085,0.5,0.0,0.0,0.5,True,False,True,False,1,True,True,0.0035696999984793365,4,3.6619017109543893e-09,4.734117462634627e-10,`gtol` termination condition is satisfied.,True,True,0.0,0.010549699974944815,True,0.01952150728813029,0.019407005880120842,False,False,False,False,False,False,1.0,False,False,False,0.0006564676424048183,0.004296531246878372,0.0006564701201379926,0.0042965316291733785
1.750468400008347,1786138789.1727076,0.009565700020175427,0.007983799994690344,0.009565700020175427,TELEOP,0,,0.0,1.750468400008347,343,-0.005456356290046072,0.02271263536097654,0.0,0.01901446181505752,0.020585049889169257,0.03922258594814937,0.9988374716211263,-0.004256753362343367,0.019938875551986892,0.0,0.01676802373826387,0.01800552016044081,0.034475435208809184,0.9991026368651162,-0.017276859325791937,-0.21918593873943842,0.27868518229780576,-0.12218619219309143,0.011173904991430839,0.01591233019069805,0.9923167216330165,-0.01722775621272609,-0.2192982050701649,0.27871526633180865,-0.12230557363278179,0.011005144615976733,0.015679961991957023,0.9923075996092485,-0.017227753074537278,-0.21929820622978327,0.2787152663701685,-0.12230557367179559,0.011005144618644205,0.015679961779467656,0.9923075996077679,-0.016968486926656638,-0.21988267494476266,0.27886610756799757,-0.12308887596268277,0.009853582213018599,0.014050849565845631,0.9922472520285922,-0.016968486926656638,-0.21988267494476266,0.27886610756799757,-0.12308887596268277,0.009853582213018599,0.014050849565845631,0.9922472520285922,-0.03655147094687999,-0.5660573380566796,0.806438645787439,-0.14752521293438933,0.49032814255890356,-0.12121988528992957,-0.03102747273859062,-0.5617965158771024,0.8044380330633686,-0.12789898462372315,0.49299315836372976,-0.10428942846900825,-0.03102747273859062,-0.5617965158771024,0.8044380330633686,-0.12789898462372315,0.49299315836372976,-0.10428942846900825,-0.07336529097352591,-0.06227958445606602,0.029621618705364124,-0.26767259153734496,-0.04209600521197468,-0.22856851893786648,-0.06327976849614877,0.022325194304533176,-0.015220789752962757,-0.13716624964136004,0.053238772571074455,-0.1475476423322089,0.5,0.0,0.0,0.5,True,False,True,False,1,True,True,0.004017100000055507,4,3.345805624638865e-09,4.321255267906539e-10,`gtol` termination condition is satisfied.,True,True,0.0,0.009565700020175427,True,0.019626228310666183,0.01952150728813029,False,False,False,False,False,False,1.0,False,False,False,0.0006569441994484927,0.004288267085485442,0.0006569464784488034,0.004288267434107854
1.7604157999954877,1786138789.1818676,0.00994739998714067,0.0071980999782681465,0.00994739998714067,TELEOP,0,,0.0,1.7604157999954877,345,-0.005599182447927265,0.022990593744128266,0.0,0.019236926798393564,0.02084617121209503,0.03969709425603249,0.99880905006952,-0.004382259950143601,0.020224214375457735,0.0,0.016999017665271385,0.01827129306896892,0.034963978988653985,0.9990769306821596,-0.017314508940164227,-0.21910325333441996,0.27866302504993873,-0.1220707645699558,0.011337648208152014,0.01613732130130735,0.9923254370576384,-0.017264675958573568,-0.21921523858889364,0.2786930337760569,-0.12218939413705335,0.011169670326382445,0.015906267438000398,0.9923164722412959,-0.01726467267287456,-0.21921523979474852,0.2786930338070613,-0.12218939417809882,0.011169670329183883,0.01590626721565813,0.9923164722397743,-0.017001601317416206,-0.219798600747348,0.27884359324311825,-0.12297019464052726,0.010019441338683628,0.01428091574720599,0.9922570218802953,-0.017001601317416206,-0.219798600747348,0.27884359324311825,-0.12297019464052726,0.010019441338683628,0.01428091574720599,0.9922570218802953,-0.037336188335573534,-0.5666619761317905,0.8067229254517071,-0.15031065614899833,0.4899532747078929,-0.1236225493237515,-0.03176406164899095,-0.5624142283166007,0.804731379481511,-0.1305770589929152,0.49257948064652085,-0.10657928856317726,-0.03176406164899095,-0.5624142283166007,0.804731379481511,-0.1305770589929152,0.49257948064652085,-0.10657928856317726,-0.0740483856437403,-0.062097878872554364,0.029489757979125113,-0.2692235531550018,-0.04158651685301202,-0.23019684511824123,-0.06867067485950631,0.018266640905819503,-0.013255798139159228,-0.1559162816074343,0.05121824392517564,-0.16369364683030094,0.5,0.0,0.0,0.5,True,False,True,False,1,True,True,0.0036134999827481806,4,3.500123605423416e-09,4.5224321953309517e-10,`gtol` termination condition is satisfied.,True,True,0.0,0.00994739998714067,True,0.019733597156083138,0.019626228310666183,False,False,False,False,False,False,1.0,False,False,False,0.000657407547010418,0.004279242727608968,0.0006574099389714163,0.004279243092440929
1.7704674999910166,1786138789.191777,0.010051699995528907,0.007050900021567941,0.010051699995528907,TELEOP,0,,0.0,1.7704674999910166,347,-0.0057452679912533226,0.023270554244237764,0.0,0.019460737977940065,0.021109391436905104,0.04017487829441318,0.9987800821124472,-0.00451090066215516,0.020511754884909927,0.0,0.01723152648632474,0.018539348349861512,0.03545614522368381,0.9990506637921777,-0.017353098773574563,-0.2190199299104535,0.27864069682254544,-0.12195456482180665,0.011502763307292139,0.016363964767983404,0.9923341126921378,-0.01730253064825968,-0.21913162499419783,0.27867062780386215,-0.12207242672580912,0.011335591089875632,0.016134256328575805,0.9923253059257529,-0.017302527304782128,-0.21913162621469465,0.27867062782937246,-0.12207242676762299,0.011335591092736878,0.01613425610246142,0.9923253059242527,-0.017035621522236723,-0.2197137931172139,0.27882087990796506,-0.12285058303888427,0.010186867923900307,0.014512902370939435,0.9922667673734109,-0.017035621522236723,-0.2197137931172139,0.27882087990796506,-0.12285058303888427,0.010186867923900307,0.014512902370939435,0.9922667673734109,-0.03813585599326523,-0.5672705724858914,0.8070086219878931,-0.15313945265377524,0.48958051242808853,-0.12606564075939983,-0.03251544516591302,-0.5630366575359018,0.8050265081259973,-0.13329938729062885,0.4921666428447976,-0.10891005980355604,-0.03251544516591302,-0.5630366575359018,0.8050265081259973,-0.13329938729062885,0.4921666428447976,-0.10891005980355604,-0.07475188448285348,-0.06192278117910084,0.029361067741541718,-0.2708326252200699,-0.04107144084153839,-0.23187831326198835,-0.0699880457461029,0.017419709455256897,-0.012802833116849679,-0.16007959507185962,0.051242676532600465,-0.16728196668176035,0.5,0.0,0.0,0.5,True,False,True,False,1,True,True,0.003573299996787682,4,3.559368677287439e-09,4.5994153351300965e-10,`gtol` termination condition is satisfied.,True,True,0.0,0.010051699995528907,True,0.019840065363146392,0.019733597156083138,False,False,False,False,False,False,1.0,False,False,False,0.0006578242062028628,0.004269570712160613,0.0006578266487439804,0.004269571083111699
1.780620500001194,1786138789.2033687,0.010153000010177493,0.008493100001942366,0.010153000010177493,TELEOP,0,,0.0,1.780620500001194,348,-0.005894617736636992,0.02355239383592725,0.0,0.019685791440462074,0.021374599190878193,0.040655724863916304,0.9987505735470601,-0.004642686802104109,0.020801374083061805,0.0,0.017465444635753564,0.018809576171618166,0.03595171986325606,0.9990238395187543,-0.0173926322181589,-0.21893600410920427,0.2786182071662599,-0.1218376453444606,0.011669181943446908,0.01659216173902066,0.9923427424728386,-0.017341324050360717,-0.21904740005051035,0.2786480579987503,-0.12195472420868869,0.01150283827123332,0.016363829164342793,0.9923340944711962,-0.017341320649562907,-0.2190474012854187,0.27864805801860504,-0.1219547242512684,0.011502838274154456,0.016363828934492657,0.9923340944697197,-0.017070559469605392,-0.21962827219609418,0.2787979727034257,-0.1227300717842099,0.01035582514851611,0.014746750189916074,0.9922764835085897,-0.017070559469605392,-0.21962827219609418,0.2787979727034257,-0.1227300717842099,0.01035582514851611,0.014746750189916074,0.9922764835085897,-0.038950414067207395,-0.567882834343434,0.8072955898960392,-0.15601102965176664,0.4892102320551583,-0.12854875433844032,-0.03328172670681495,-0.5636636257081589,0.8053233256670392,-0.13606598304610437,0.4917549485411759,-0.11128185141747327,-0.03328172670681495,-0.5636636257081589,0.8053233256670392,-0.13606598304610437,0.4917549485411759,-0.11128185141747327,-0.07547341082771564,-0.06175201138861113,0.02923446673342197,-0.27249047106296337,-0.040549030159464226,-0.23360500458383837,-0.07106533479157694,0.016819638561856205,-0.012469320200220657,-0.16328630367690583,0.05145382463808629,-0.17006710530081334,0.5,0.0,0.0,0.5,True,False,True,False,1,True,True,0.004757599992444739,4,3.618123625404338e-09,4.67567448560351e-10,`gtol` termination condition is satisfied.,True,True,0.0,0.010153000010177493,True,0.019945046605662264,0.019840065363146392,False,False,False,False,False,False,1.0,False,False,False,0.0006581770614096496,0.004259139495311947,0.00065817955482124,0.004259139872322028
1.7904855000011848,1786138789.211606,0.009864999999990687,0.006867400021292269,0.009864999999990687,TELEOP,0,,0.0,1.7904855000011848,351,-0.006041450326965548,0.02382532078783752,0.0,0.01990347924764092,0.02163163115260847,0.04112122727930062,0.9987216672900215,-0.004772477850273383,0.021081991209969116,0.0,0.01769183639535959,0.019071624998701152,0.036431749701018784,0.9989974973234874,-0.017431567209726086,-0.2188546869120577,0.2785964165304554,-0.12172447302516445,0.01183053109979482,0.01681318582701736,0.9923510003940083,-0.017379541861696685,-0.21896578639226588,0.27862618793229554,-0.12184078363754385,0.011665006555019996,0.016586206345682006,0.9923425058031724,-0.017379538534233675,-0.218965787596688,0.2786261879500918,-0.121840783679057,0.011665006557890668,0.01658620612092065,0.9923425058017983,-0.01710503018496372,-0.21954535309610498,0.2787757542932031,-0.12261328995890702,0.010519762386475211,0.014973370048195513,0.9922858025358344,-0.01710503018496372,-0.21954535309610498,0.2787757542932031,-0.12261328995890702,0.010519762386475211,0.014973370048195513,0.9922858025358344,-0.03974832303253861,-0.5684753537434314,0.8075728751367057,-0.15881461142499456,0.4888564890881871,-0.13097597996304064,-0.034032791061832,-0.5642708563537091,0.8056103671889473,-0.13876853795206878,0.49136018545897314,-0.113601657862878,-0.034032791061832,-0.5642708563537091,0.8056103671889473,-0.13876853795206878,0.49136018545897314,-0.113601657862878,-0.07613424784771981,-0.06155404415112249,0.029096961166585115,-0.273953867812159,-0.040016531394134365,-0.2351552402845333,-0.06698804054787663,0.020067636846307548,-0.013938729532385601,-0.14834229591454973,0.05397858746379767,-0.1571450279469224,0.5,0.0,0.0,0.5,True,False,True,False,1,True,True,0.003458799998043105,4,3.538779369673435e-09,4.571701615540033e-10,`gtol` termination condition is satisfied.,True,True,0.0,0.009864999999990687,True,0.02004607347292578,0.019945046605662264,False,False,False,False,False,False,1.0,False,False,False,0.0006584991214307441,0.004248673825815356,0.0006585015726456526,0.004248674194271965
1.8003643999906016,1786138789.2216206,0.009878899989416823,0.00700209999922663,0.009878899989416823,TELEOP,0,,0.0,1.8003643999906016,353,-0.006190182244607262,0.024097715000374526,0.0,0.020120497884573495,0.021888368068197526,0.041585685124190835,0.9986924930632751,-0.004904194680876266,0.021362202852606767,0.0,0.0179176459820912,0.019333514764445798,0.03691094510159641,0.9989708480736665,-0.017471079939379557,-0.21877348720146073,0.27857465736856124,-0.12161157718297902,0.01199174996288913,0.01703381076385113,0.9923591444223998,-0.017418338456508777,-0.21888428420238806,0.2786043477270799,-0.12172711143512838,0.01182705938260295,0.016808201858886467,0.9923508025684723,-0.017418335102104904,-0.21888428541110871,0.2786043477401101,-0.12172711147699108,0.0118270593855076,0.016808201632438773,0.9923508025671381,-0.017140075451941753,-0.2194624932925472,0.27875354711335176,-0.12249667834294682,0.010683698257575577,0.01519973182516706,0.9922950118482551,-0.017140075451941753,-0.2194624932925472,0.27875354711335176,-0.12249667834294682,0.010683698257575577,0.01519973182516706,0.9922950118482551,-0.04055378532060928,-0.5690662979523934,0.8078490033001517,-0.16163538439641573,0.4885083184721336,-0.13342097122373073,-0.03479147456904937,-0.5648769772980485,0.8058964541685213,-0.14148939541404007,0.4909701949436499,-0.11594008694524713,-0.03479147456904937,-0.5648769772980485,0.8058964541685213,-0.14148939541404007,0.4909701949436499,-0.11594008694524713,-0.07679837917482205,-0.06135510481822315,0.028959396276965522,-0.2754210959606959,-0.039477119491138475,-0.23670946004861484,-0.06722725483745226,0.020137802094612363,-0.013925122206618528,-0.1485214092772219,0.05460242573300218,-0.15732720907657252,0.5,0.0,0.0,0.5,True,False,True,False,1,True,True,0.003541500016581267,4,3.565557563711202e-09,4.606137613498223e-10,`gtol` termination condition is satisfied.,True,True,0.0,0.009878899989416823,True,0.020145988982375657,0.02004607347292578,False,False,False,False,False,False,1.0,False,False,False,0.0006587968124104655,0.004237828328338683,0.0006587992930454657,0.004237828699476057
1.810306699997116,1786138789.2315338,0.009942300006514415,0.006972700008191168,0.009942300006514415,TELEOP,0,,0.0,1.810306699997116,355,-0.006341572854074162,0.024370919948657782,0.0,0.020337917137008475,0.02214607627248562,0.04205138868857626,0.998662906661514,-0.005038516466540641,0.02164338982406648,0.0,0.018143984560085653,0.01959653695542099,0.03739166642886492,0.9989437596007649,-0.017511374147477624,-0.21869200484528184,0.2785528224566692,-0.12149840221240182,0.012153633443071089,0.017255123248325885,0.992367214379662,-0.017457914193062446,-0.21880249196650203,0.27858242978885217,-0.12161314843152975,0.011989795565616993,0.017030908739050606,0.9923590252919493,-0.01745791079490479,-0.2188024931853132,0.27858242979653114,-0.12161314847398265,0.011989795568570175,0.017030908509784663,0.9923590252906457,-0.01717588223620298,-0.21937927446366143,0.2787312398139948,-0.12237965481865604,0.010848460148012535,0.0154269809292233,0.992304156626532,-0.01717588223620298,-0.21937927446366143,0.2787312398139948,-0.12237965481865604,0.010848460148012535,0.0154269809292233,0.992304156626532,-0.04137090186786524,-0.5696585601603611,0.8081253268634193,-0.16448750041579152,0.48816412660105185,-0.13589602946757265,-0.03556175436261598,-0.565485029310533,0.8061830198647929,-0.14424261020411783,0.4905831398547069,-0.11830926494655884,-0.03556175436261598,-0.565485029310533,0.8061830198647929,-0.14424261020411783,0.4905831398547069,-0.11830926494655884,-0.07747501011455138,-0.061158083349536645,0.02882287761220836,-0.27691930320688246,-0.03893013575222898,-0.23829274913846624,-0.06805577575470355,0.019816487991451692,-0.013731094884253262,-0.15069020701496544,0.055015815108284696,-0.159247768505677,0.5,0.0,0.0,0.5,True,False,True,False,1,True,True,0.003997000021627173,4,3.6101295078146917e-09,4.663712806345042e-10,`gtol` termination condition is satisfied.,True,True,0.0,0.009942300006514415,True,0.020244890211673694,0.020145988982375657,False,False,False,False,False,False,1.0,False,False,False,0.0006590608259288138,0.004226475805944841,0.0006590633484744473,0.004226476181640974
1.820336399999749,1786138789.2412112,0.010029700002633035,0.006619599997065961,0.010029700002633035,TELEOP,0,,0.0,1.820336399999749,357,-0.006496020537461927,0.024645562905380468,0.0,0.0205562329599644,0.022405349784944475,0.04251940527035473,0.9986328363132094,-0.0051758036748486376,0.021926199223270125,0.0,0.018371368992150385,0.0198612999011188,0.03787501761448401,0.9989161649549448,-0.01755255796893838,-0.21861005232685002,0.27853086154552154,-0.12138468944325591,0.012316555523689378,0.017477631339781707,0.9923752274374582,-0.017498375658969046,-0.2187202214754233,0.27856038368280794,-0.12149863428416617,0.012153591016693117,0.01725483807143701,0.9923671914445832,-0.01749837220858087,-0.21872022270720304,0.27856038368473957,-0.12149863432733268,0.012153591019702406,0.017254837838785262,0.9923671914433065,-0.017212554836962223,-0.2192954928234785,0.2787087782603604,-0.1222619387214828,0.011014452688967918,0.015655674299812513,0.9923132570082117,-0.017212554836962223,-0.2192954928234785,0.2787087782603604,-0.1222619387214828,0.011014452688967918,0.015655674299812513,0.9923132570082117,-0.04220177315432086,-0.5702534762678348,0.8084024652236299,-0.16737799027663544,0.48782330134077034,-0.13840731959445057,-0.03634575308846256,-0.5660964743743812,0.8064707468876718,-0.14703546018681335,0.4901982554225786,-0.12071553207031392,-0.03634575308846256,-0.5660964743743812,0.8064707468876718,-0.14703546018681335,0.4901982554225786,-0.12071553207031392,-0.07816771445215341,-0.06096344493729529,0.02868750040413441,-0.27845797800156835,-0.0383744710237861,-0.23991416723564715,-0.06906530977199513,0.019406204790797018,-0.01349763283432291,-0.15341184624484624,0.05540192910027247,-0.16166167450225483,0.5,0.0,0.0,0.5,True,False,True,False,1,True,True,0.00337660001241602,4,3.6636680543745863e-09,4.732900575302013e-10,`gtol` termination condition is satisfied.,True,True,0.0,0.010029700002633035,True,0.020342530089822092,0.020244890211673694,False,False,False,False,False,False,1.0,False,False,False,0.0006592785653062339,0.0042145008366444815,0.0006592811364151516,0.004214501217841268
1.831711900005419,1786138789.2551162,0.011375500005669892,0.009150099998805672,0.011375500005669892,TELEOP,0,,0.0,1.831711900005419,358,-0.006673282871344788,0.024955872712720248,0.0,0.020802601431614266,0.022698545851835197,0.043048034359487515,0.9985984651138184,-0.005333786352769631,0.022245853992864065,0.0,0.018628047622572877,0.020160840578156612,0.03842115920995919,0.9988845533263173,-0.01759995012628507,-0.21851742273613683,0.27850603947492725,-0.12125630889984883,0.012500836364451042,0.017729025243971436,0.9923841586331739,-0.01754495385718358,-0.21862722566529758,0.2785354634902304,-0.12136933927393638,0.012338876443694911,0.017507857974549207,0.9923762948203966,-0.017544949918945722,-0.21862722705708165,0.27853546347151514,-0.12136933932393767,0.012338876447136193,0.017507857709184303,0.9923762948189201,-0.017254966958608845,-0.21920047245066218,0.27868332036040794,-0.12212870706660078,0.011202841408002493,0.015915030740805823,0.992323428651741,-0.017254966958608845,-0.21920047245066218,0.27868332036040794,-0.12212870706660078,0.011202841408002493,0.015915030740805823,0.992323428651741,-0.0431524235339977,-0.5709249304889574,0.8087147508393443,-0.17067270163320597,0.48744478660397605,-0.14127346223849732,-0.03724613618752495,-0.566788981002295,0.8067960504557367,-0.1502305690384948,0.48976812573535633,-0.12347227059272743,-0.03724613618752495,-0.566788981002295,0.8067960504557367,-0.1502305690384948,0.48976812573535633,-0.12347227059272743,-0.07915107895157282,-0.06087702760922506,0.028596858854787913,-0.2808763439047881,-0.03781193679468182,-0.24233998690514405,-0.0864458264629487,0.007596793813648315,-0.007968137602858659,-0.21259425097924223,0.04945138489067689,-0.2132494983330669,0.5,0.0,0.0,0.5,True,False,True,False,1,True,True,0.003953700012061745,4,4.176976250636615e-09,5.401210475329959e-10,`gtol` termination condition is satisfied.,True,True,0.0,0.011375500005669892,True,0.02044213259471117,0.020342530089822092,False,False,False,False,False,False,1.0,False,False,False,0.0006592132114423154,0.004198623193435429,0.0006592161499345621,0.004198623628643544
1.8411670999991,1786138789.2621186,0.009455199993681163,0.006698899989714846,0.009455199993681163,TELEOP,0,,0.0,1.8411670999991,359,-0.00682230636346795,0.025212829516533437,0.0,0.021006370159224103,0.022941533227405046,0.04348563939805032,0.9985696859168379,-0.005466681208156638,0.02251076758935674,0.0,0.018840539753048405,0.020409280042246743,0.038873645132566775,0.9988580154677031,-0.017639816390006283,-0.2184406560343542,0.27848546819465897,-0.12115001429659518,0.012653650737701626,0.01793729581208401,0.9923914613588193,-0.017584143955088994,-0.21855014905891482,0.27851480917635163,-0.12126227756634582,0.012492538693197597,0.01771749514693691,0.9923837397308259,-0.01758414065709022,-0.21855015022965552,0.2785148091747846,-0.12126227760734948,0.012492538696099599,0.017717494924830376,0.9923837397297445,-0.01729066130654025,-0.21912174525790717,0.2786621995170414,-0.12201823222917975,0.011359053457136344,0.016129705931024255,0.9923317769248361,-0.01729066130654025,-0.21912174525790717,0.2786621995170414,-0.12201823222917975,0.011359053457136344,0.016129705931024255,0.9923317769248361,-0.043948532257198074,-0.5714806570774421,0.8089728024399616,-0.17342339038095375,0.4871363510449403,-0.14366902552292804,-0.037999698279786734,-0.5673620922226787,0.8070648889759146,-0.15289640654354314,0.48941609859704815,-0.12577495222251628,-0.037999698279786734,-0.5673620922226787,0.8070648889759146,-0.15289640654354314,0.48941609859704815,-0.12577495222251628,-0.07969816532335414,-0.060613336657787405,0.028432875069544464,-0.28194406324878296,-0.037231062118559956,-0.2435360046670309,-0.057860898991764914,0.027888458373580637,-0.017343238149699527,-0.11292403594935982,0.061434414556017516,-0.12649312152954414,0.5,0.0,0.0,0.5,True,False,True,False,1,True,True,0.0034454999840818346,4,3.499633144873508e-09,4.517619118323138e-10,`gtol` termination condition is satisfied.,True,True,0.0,0.009455199993681163,True,0.02052698383741061,0.02044213259471117,False,False,False,False,False,False,1.0,False,False,False,0.000659222965704188,0.004185705100879864,0.0006592254487126129,0.004185705464424175
1.850531900002923,1786138789.2718132,0.009364800003822893,0.007028000021819025,0.009364800003822893,TELEOP,0,,0.0,1.850531900002923,362,-0.006971407202034952,0.02546645247824891,0.0,0.021207281320759625,0.02318154713824021,0.04391744718378571,0.9985409981188149,-0.005599852303322007,0.022772373134687454,0.0,0.019050154403230456,0.020654808177355637,0.03932035637407388,0.9988315073579656,-0.01767976555304403,-0.21836484792673072,0.2784651537819106,-0.12104514617345001,0.01280464642835028,0.018142895593427976,0.9923985837138116,-0.01762342445863532,-0.21847402899884932,0.2784944111811377,-0.1211566435042039,0.01264438618859841,0.01792446214529141,0.9923910020196228,-0.01762342117271202,-0.21847403016160097,0.27849441117629375,-0.12115664354503423,0.012644386191500238,0.0179244619241185,0.9923910020185958,-0.017326444518779457,-0.2190440248882547,0.2786413417649726,-0.12190922540543035,0.011513369564275126,0.01634153529832972,0.9923399303194536,-0.017326444518779457,-0.2190440248882547,0.2786413417649726,-0.12190922540543035,0.011513369564275126,0.01634153529832972,0.9923399303194536,-0.04474269940086598,-0.5720287458626001,0.80922694591699,-0.17615897390271076,0.4868366654106299,-0.1460539481102055,-0.03875108670233139,-0.5679272243807382,0.8073296145708624,-0.15554644493959496,0.4890729053703644,-0.12806652740556546,-0.03875108670233139,-0.5679272243807382,0.8073296145708624,-0.15554644493959496,0.4890729053703644,-0.12806652740556546,-0.08023539448124083,-0.06034642040713278,0.028268152532864937,-0.2829786428936048,-0.036647149596749445,-0.24470092069384505,-0.057366858626706034,0.028502076984630257,-0.017589541326273363,-0.11047535926015442,0.062351841104150374,-0.12439304911355462,0.5,0.0,0.0,0.5,True,False,True,False,1,True,True,0.0035951999889221042,4,3.485585573566898e-09,4.4986241831163717e-10,`gtol` termination condition is satisfied.,True,True,0.0,0.009364800003822893,True,0.0206125289631158,0.02052698383741061,False,False,False,False,False,False,1.0,False,False,False,0.0006593009322635289,0.004173173693200262,0.0006593034165555963,0.00417317405513044
1.8600750999972915,1786138789.2814581,0.009543199994368479,0.0071297999820671976,0.009543199994368479,TELEOP,0,,0.0,1.8600750999972915,364,-0.007124880973761589,0.025723999853947462,0.0,0.021411083738933048,0.023425456805805583,0.0443558146897057,0.9985115798876727,-0.005737160002738196,0.02303814802644879,0.0,0.019262878687233212,0.020904446260161417,0.03977405879557047,0.9988042700540299,-0.017720955662843825,-0.2182878316111121,0.27844451559521494,-0.12093870914458074,0.012958140893987134,0.01835169986079737,0.9924057286852154,-0.017663935019218202,-0.218396690052637,0.27847368655077204,-0.12104942044829387,0.012798760253251901,0.01813467232123656,0.992398288594309,-0.017663931651484093,-0.21839669123894237,0.2784736865392356,-0.12104942049027205,0.012798760256235199,0.018134672094682835,0.9923982885932902,-0.01736337061943875,-0.21896506225020235,0.27862014785597694,-0.12179856485283219,0.011670253016185213,0.016556668530571788,0.9923481201279607,-0.01736337061943875,-0.21896506225020235,0.27862014785597694,-0.12179856485283219,0.011670253016185213,0.016556668530571788,0.9923481201279607,-0.04555785026766317,-0.5725848395563924,0.8094844345400796,-0.1789580764323356,0.48653730656554395,-0.1484968316003338,-0.039522309431327354,-0.5685007018208814,0.8075978658161748,-0.15825797143242695,0.4887288118778824,-0.13041391302003766,-0.039522309431327354,-0.5685007018208814,0.8075978658161748,-0.15825797143242695,0.4887288118778824,-0.13041391302003766,-0.08081384959458761,-0.060092782345712976,0.028109150543912276,-0.2841317895917591,-0.03605640588953971,-0.24597468520594856,-0.06061437606758053,0.026577883893188266,-0.016661286470627187,-0.12083438457066512,0.061902056706171146,-0.13347352175949143,0.5,0.0,0.0,0.5,True,False,True,False,1,True,True,0.003628300008131191,4,3.5705862997472837e-09,4.608630761430581e-10,`gtol` termination condition is satisfied.,True,True,0.0,0.009543199994368479,True,0.020700104999908653,0.0206125289631158,False,False,False,False,False,False,1.0,False,False,False,0.0006594190304551868,0.0041604612968105985,0.00065942158540827,0.0041604616675724035
1.8700791000079588,1786138789.2914236,0.010004000010667369,0.0070896999968681484,0.010004000010667369,TELEOP,0,,0.0,1.8700791000079588,366,-0.007287420213904961,0.025992989978385818,0.0,0.02162370683655363,0.023680398806532957,0.044813527437605916,0.9984805465173617,-0.005882845921682776,0.02331585201418188,0.0,0.019484899038343263,0.021165503445528075,0.04024798543575021,0.9987754801964888,-0.01776465913975543,-0.2182073584636948,0.27842295106621623,-0.12082760656545596,0.013118625290240512,0.018569797375027113,0.9924130963402328,-0.017706929018579703,-0.21831587403587085,0.2784520301552735,-0.12093748896432764,0.012960178192606663,0.018354255555710207,0.9924058035134694,-0.01770692546818123,-0.21831587527917912,0.2784520301329237,-0.1209374890088738,0.012960178195760293,0.018354255317007413,0.9924058035124144,-0.017402620482727692,-0.21888248837382823,0.278597987013587,-0.12168297884126805,0.011834416758849244,0.016781576371496243,0.9923565780175899,-0.017402620482727692,-0.21888248837382823,0.278597987013587,-0.12168297884126805,0.011834416758849244,0.016781576371496243,0.9923565780175899,-0.046418744396143435,-0.5731650835429128,0.8097527124756886,-0.1819046024658247,0.48623013698978,-0.15107118374138853,-0.040337516060545864,-0.5690996332142104,0.8078776016255858,-0.1611147511848601,0.4883741371291614,-0.13288995751565524,-0.040337516060545864,-0.5690996332142104,0.8078776016255858,-0.1611147511848601,0.4883741371291614,-0.13288995751565524,-0.08148806760788149,-0.05986919159239353,0.0279623959528921,-0.28556374943891644,-0.035453293516874734,-0.24750544711888856,-0.06739484332016747,0.02235013525400129,-0.014669591249868996,-0.14313872907141048,0.06028712235324586,-0.15301498513671657,0.5,0.0,0.0,0.5,True,False,True,False,1,True,True,0.0036808999720960855,4,3.761867123563027e-09,4.856930881019189e-10,`gtol` termination condition is satisfied.,True,True,0.0,0.010004000010667369,True,0.02078985128096461,0.020700104999908653,False,False,False,False,False,False,1.0,False,False,False,0.000659511435998417,0.004146727701710978,0.0006595141374224128,0.004146728092490016
1.8800953999958692,1786138789.3011074,0.010016299987910315,0.006757499999366701,0.010016299987910315,TELEOP,0,,0.0,1.8800953999958692,368,-0.0074518499766971676,0.026261281948802784,0.0,0.021835539538210647,0.023934877869296444,0.0452699183523697,0.9984492802976159,-0.0060304576708326415,0.023592979648229814,0.0,0.019706207383954576,0.02142623185553248,0.040720788630775114,0.9987464139371423,-0.017808940370499234,-0.21812705231679816,0.2784014312790882,-0.1207168457594952,0.013278876543395641,0.01878736370223555,0.9924203492234244,-0.01775050259730783,-0.21823521989408393,0.2784304171281591,-0.12082589334071875,0.013121375499688887,0.018573321254376787,0.9924132026232799,-0.01775049902128765,-0.21823522114185054,0.2784304171005996,-0.12082589338563465,0.013121375502876715,0.018573321014089712,0.9924132026222663,-0.01744246052568304,-0.2188000197285933,0.278575851710215,-0.12156763989083964,0.011998481081021162,0.017006108391979954,0.9923649216193002,-0.01744246052568304,-0.2188000197285933,0.278575851710215,-0.12156763989083964,0.011998481081021162,0.017006108391979954,0.9923649216193002,-0.047287101069799116,-0.573743289365629,0.8100196487706783,-0.18486701676317313,0.4859294082087789,-0.15366223631369774,-0.04116047412086932,-0.5696970141983378,0.8081561930233566,-0.16398926407414996,0.4880251639932831,-0.13538428091352334,-0.04116047412086932,-0.5696970141983378,0.8081561930233566,-0.16398926407414996,0.4880251639932831,-0.13538428091352334,-0.08216188226358655,-0.05964088384418516,0.027813803311314358,-0.2869835061608989,-0.0348405235765177,-0.24902642701184635,-0.06727181259730194,0.022793621245763545,-0.014835082990434859,-0.14174462862495546,0.06117727515116862,-0.15185047320803308,0.5,0.0,0.0,0.5,True,False,True,False,1,True,True,0.0034562999790068716,4,3.787558759266585e-09,4.889437776926358e-10,`gtol` termination condition is satisfied.,True,True,0.0,0.010016299987910315,True,0.02087775268902317,0.02078985128096461,False,False,False,False,False,False,1.0,False,False,False,0.000659572880002624,0.0041325864723517555,0.0006595756125043546,0.004132586865681015
1.8900555999931639,1786138789.3119178,0.009960199997294694,0.007608799991430715,0.009960199997294694,TELEOP,0,,0.0,1.8900555999931639,370,-0.007617029878916621,0.02652703985964799,0.0,0.022045136398187327,0.02418714881103057,0.045721866553650924,0.9984180009957897,-0.006178964614068001,0.023867635990834492,0.0,0.019925295135308458,0.02168484428956975,0.041189237883762844,0.998717275721444,-0.017853490179925175,-0.2180474622863245,0.2783801033815289,-0.12060718197061823,0.013437796853766495,0.019002912636555697,0.9924274394554751,-0.017794351191847583,-0.21815527911865096,0.278408995253602,-0.12071539456506077,0.013281247761353743,0.018790372837535343,0.9924204370434588,-0.017794347614861965,-0.21815528036281392,0.2784089952217847,-0.12071539461000474,0.013281247764554261,0.01879037259732006,0.9924204370424973,-0.01748260801507302,-0.2187182308894216,0.2785538954858947,-0.12145334432694467,0.01216130118647734,0.01722869831319432,0.9923730950905941,-0.01748260801507302,-0.2187182308894216,0.2785538954858947,-0.12145334432694467,0.01216130118647734,0.01722869831319432,0.9923730950905941,-0.04815690157354495,-0.5743155014965923,0.8102834261195485,-0.18782480424168782,0.48563718753230606,-0.15625201389120486,-0.0419853871613611,-0.5702886810532943,0.8084317069785153,-0.16686126928145284,0.4876843343728985,-0.13787929184788278,-0.0419853871613611,-0.5702886810532943,0.8084317069785153,-0.16686126928145284,0.4876843343728985,-0.13787929184788278,-0.0828209313784697,-0.0594031098890756,0.027661488246571702,-0.28834814643109197,-0.03421915428176101,-0.25049807584557665,-0.06616826118573567,0.023872407700060473,-0.015292370111446045,-0.13700932416655445,0.062385222678807466,-0.14775294011465795,0.5,0.0,0.0,0.5,True,False,True,False,1,True,True,0.0044723000028170645,4,3.787318304319631e-09,4.888128959013891e-10,`gtol` termination condition is satisfied.,True,True,0.0,0.009960199997294694,True,0.02096353496023498,0.02087775268902317,False,False,False,False,False,False,1.0,False,False,False,0.0006596142509251822,0.0041182129379932556,0.0006596169962923785,0.004118213331140336
1.900341599997435,1786138789.321109,0.010286000004271045,0.006513600004836917,0.010286000004271045,TELEOP,0,,0.0,1.900341599997435,372,-0.007789355019185196,0.026800400189243703,0.0,0.022260484844867964,0.024446839099875564,0.04618660609533161,0.9983855068508812,-0.006334156606786976,0.024150285510330157,0.0,0.020150497489425597,0.021951203987467575,0.04167117451008015,0.9986869455987596,-0.017900045438030105,-0.2179655559733268,0.27835815477504283,-0.12049444256426632,0.013601445812422792,0.01922465285527743,0.9924346339711914,-0.01784018538012022,-0.21807300589492742,0.2783869483385587,-0.12060178837996252,0.013445890967710828,0.019013676086608113,0.9924277791241601,-0.017840181665220615,-0.21807300718080289,0.27838694829676375,-0.120601788426864,0.013445890971045166,0.01901367583727809,0.9924277791231922,-0.01752465763212066,-0.21863396204401708,0.2785312759648774,-0.12133572456862098,0.012329167601680548,0.01745796962415672,0.9923814049377686,-0.01752465763212066,-0.21863396204401708,0.2785312759648774,-0.12133572456862098,0.012329167601680548,0.01745796962415672,0.9923814049377686,-0.04906181469994196,-0.5749034696992013,0.8105540615418095,-0.19089176982609662,0.4853426743873196,-0.15894029985015742,-0.04284473489937166,-0.5708974290152647,0.8087147358769902,-0.16984313237550466,0.48733890052780826,-0.14047279642690969,-0.04284473489937166,-0.5708974290152647,0.8087147358769902,-0.16984313237550466,0.48733890052780826,-0.14047279642690969,-0.0835453760114467,-0.0591821856618395,0.027515934119902764,-0.28989530359845145,-0.03358291317779198,-0.2521392745430689,-0.07043016067238873,0.02147814769048878,-0.014150702567421658,-0.15041387971194142,0.06185505577531074,-0.15955655228570495,0.5,0.0,0.0,0.5,True,False,True,False,1,True,True,0.0034626999986357987,4,3.931374010320438e-09,5.074535001392782e-10,`gtol` termination condition is satisfied.,True,True,0.0,0.010286000004271045,True,0.02104863745059196,0.02096353496023498,False,False,False,False,False,False,1.0,False,False,False,0.000659587939406453,0.004102734310754534,0.0006595908009349202,0.004102734718900508
1.910174699987354,1786138789.3307867,0.009833099989918992,0.0063578999834135175,0.009833099989918992,TELEOP,0,,0.0,1.910174699987354,374,-0.007955741007696433,0.02706067785160048,0.0,0.02246529661559052,0.024694291816256292,0.04662897414317082,0.9983542663654134,-0.006484183377008794,0.0244195711856741,0.0,0.020364813907591456,0.022205170610333343,0.042130191629915485,0.9986577250018657,-0.017945051240008548,-0.21788752222643976,0.27833724389891046,-0.1203871386825188,0.013757451540925529,0.019435834598415313,0.9924413925771124,-0.017884503855376717,-0.21799461667100736,0.27836594221720484,-0.12049365105817554,0.013602858121789822,0.019226363556774113,0.9924346775732759,-0.017884500282822124,-0.2179946179062361,0.2783659421770855,-0.12049365110310095,0.013602858125010326,0.019226363317129867,0.9924346775724198,-0.017565358879581935,-0.218553647853226,0.27850970980298245,-0.12122367818916067,0.012489263969845038,0.017676370560683385,0.9923892301186988,-0.017565358879581935,-0.218553647853226,0.27850970980298245,-0.12122367818916067,0.012489263969845038,0.017676370560683385,0.9923892301186988,-0.04993300564467228,-0.5754627904016094,0.8108111294384224,-0.19383511901829903,0.48506799234512943,-0.16152291721888604,-0.04367235816153339,-0.5714768169229966,0.8089837182858534,-0.1727057935887046,0.4870149570685971,-0.1429653865523524,-0.04367235816153339,-0.5714768169229966,0.8089837182858534,-0.1727057935887046,0.4870149570685971,-0.1429653865523524,-0.08416707477908479,-0.05892220239047339,0.02735479239903137,-0.2911249978272137,-0.03294418439182424,-0.253489756841501,-0.06322510381013817,0.026439604156639276,-0.016387682525002008,-0.12505661795597645,0.0649570111788322,-0.13734044195794354,0.5,0.0,0.0,0.5,True,False,True,False,1,True,True,0.003556999989086762,4,3.780283836046645e-09,4.876833316982628e-10,`gtol` termination condition is satisfied.,True,True,0.0,0.009833099989918992,True,0.02112932542959442,0.02104863745059196,False,False,False,False,False,False,1.0,False,False,False,0.0006595717149406261,0.0040878238510142694,0.0006595744817593763,0.00408782424310208
1.9200887000112088,1786138789.3417573,0.009914000023854896,0.007413000013912097,0.009914000023854896,TELEOP,0,,0.0,1.9200887000112088,376,-0.008125120641608469,0.0273220511440879,0.0,0.02267074420699813,0.024942973329865132,0.04707307681199463,0.9983225986012831,-0.006637133419266816,0.024690128159688914,0.0,0.020579901699899355,0.022460538586517465,0.04259124143480422,0.9986280478764195,-0.017990934013074004,-0.21780912006660755,0.27831623428885227,-0.12027943465015302,0.01391428876785463,0.019647938178448836,0.9924480886644199,-0.01792969598480759,-0.21791585152834106,0.2783448353506883,-0.1203851022840128,0.013760675332970974,0.01943999616513625,0.9924415133959018,-0.017929692363212818,-0.2179158527762245,0.2783448353042934,-0.12038510232965585,0.013760675336246775,0.019439995922338443,0.9924415133950757,-0.017606912012034744,-0.2184729143133904,0.27848802998139527,-0.12111115192563167,0.012650298397612015,0.017895834164481043,0.9923969961407861,-0.017606912012034744,-0.2184729143133904,0.27848802998139527,-0.12111115192563167,0.012650298397612015,0.017895834164481043,0.9923969961407861,-0.05081751436230392,-0.5760238909095818,0.8110686428938456,-0.19681393362440794,0.48479798011390357,-0.16413933608166956,-0.044513114572348515,-0.5720584115255135,0.8092533248398319,-0.17560457133522464,0.4866947763856423,-0.14549222533798936,-0.044513114572348515,-0.5720584115255135,0.8092533248398319,-0.17560457133522464,0.4866947763856423,-0.14549222533798936,-0.08480496356587768,-0.05866397025595737,0.027194528276163785,-0.2923923481485824,-0.032295812203387265,-0.25487580992101094,-0.06434222163183463,0.026047219476968853,-0.016165434989102175,-0.12783440773847382,0.06539965572693925,-0.1398076534370414,0.5,0.0,0.0,0.5,True,False,True,False,1,True,True,0.0038055000186432153,4,3.830837276858111e-09,4.941476516281492e-10,`gtol` termination condition is satisfied.,True,True,0.0,0.009914000023854896,True,0.021209362289183298,0.02112932542959442,False,False,False,False,False,False,1.0,False,False,False,0.0006595524443488797,0.004072593136967237,0.0006595552606334308,0.0040725935342157665
1.9300991000124013,1786138789.3518481,0.010010400001192465,0.00749550000182353,0.010010400001192465,TELEOP,0,,0.0,1.9300991000124013,378,-0.008297795849595436,0.027584890229942555,0.0,0.02287711507091311,0.025193238378878723,0.047519540948964274,0.9982904545141243,-0.006793285753049416,0.024962342643504675,0.0,0.020796063716850034,0.022717675584633865,0.0430549795902977,0.998597866852516,-0.018037777459876003,-0.21773023757692037,0.27829509595397234,-0.12017117857082314,0.01407218286380198,0.019861265062452865,0.9924547302826795,-0.01797584465420113,-0.21783659801266209,0.2783235976041325,-0.12027598908573381,0.013919569369695054,0.019654877409974535,0.9924482947902171,-0.017975840977662468,-0.2178365992751505,0.2783235975510566,-0.12027598913218322,0.013919569373031966,0.019654877163631963,0.9924482947894196,-0.017649402554575148,-0.21839163442880738,0.2784662032431834,-0.12099797688539386,0.012812525199544254,0.018116708234666563,0.9924047126401571,-0.017649402554575148,-0.21839163442880738,0.2784662032431834,-0.12099797688539386,0.012812525199544254,0.018116708234666563,0.9924047126401571,-0.05171686440773757,-0.5765875395016111,0.8113269506575495,-0.1998329876967684,0.48453246878528017,-0.16679381496843107,-0.045368612202503114,-0.5726430936628047,0.8095239568741192,-0.17854464148551874,0.4863780797973588,-0.14805790636146635,-0.045368612202503114,-0.5726430936628047,0.8095239568741192,-0.17854464148551874,0.4863780797973588,-0.14805790636146635,-0.08546088368623543,-0.05840746995341255,0.027035086935085845,-0.2937015653664059,-0.03163675659771532,-0.2563015487064793,-0.06552386720606838,0.025623381934215036,-0.015927569433683536,-0.13078570463393377,0.06583708998575905,-0.14242575574388017,0.5,0.0,0.0,0.5,True,False,True,False,1,True,True,0.0038105999992694706,4,3.887625313551332e-09,5.014139313467573e-10,`gtol` termination condition is satisfied.,True,True,0.0,0.010010400001192465,True,0.02128834621124967,0.021209362289183298,False,False,False,False,False,False,1.0,False,False,False,0.0006595168301791847,0.0040569336136983625,0.0006595197009527023,0.004056934016754832
1.9402577000070123,1786138789.3626597,0.010158599994610995,0.008146999985910952,0.010158599994610995,TELEOP,0,,0.0,1.9402577000070123,380,-0.008474713985255612,0.0278505048678417,0.0,0.02308543183639461,0.025446338442834844,0.0479705879718977,0.9982576668307689,-0.006953508491006372,0.025237574035234536,0.0,0.0210143724907461,0.02297787117624947,0.04352371792914649,0.9985670230698849,-0.018085842002956664,-0.21765048082949978,0.27827372333206923,-0.12006183292316057,0.014231924909010263,0.020076878403019784,0.9924613481350827,-0.01802320697401684,-0.21775646024887177,0.27830212289359846,-0.1201657697149953,0.014080336445917628,0.01987207822101116,0.9924550530989051,-0.01802320322317916,-0.21775646153228814,0.27830212283278005,-0.1201657697625297,0.014080336449333567,0.01987207796983339,0.9924550530981306,-0.01769308083129673,-0.2183093845486688,0.2784441171601771,-0.12088357628316955,0.012976791812903376,0.01834014795186172,0.9924124156984029,-0.01769308083129673,-0.2183093845486688,0.2784441171601771,-0.12088357628316955,0.012976791812903376,0.01834014795186172,0.9924124156984029,-0.05263591795145963,-0.5771565074810633,0.8115873155537604,-0.20290812487976728,0.4842704198931625,-0.1695003787857919,-0.046243715708885094,-0.573233865019129,0.8097969919489009,-0.18154222397055314,0.48606351985377416,-0.15067670172549189,-0.046243715708885094,-0.573233865019129,0.8097969919489009,-0.18154222397055314,0.48606351985377416,-0.15067670172549189,-0.08614410517652149,-0.05815480052740006,0.026877234552654353,-0.29507830671791296,-0.03096489120070995,-0.25779097172984267,-0.06725547719651277,0.02487246531476025,-0.015538792994628176,-0.13552471327126087,0.06613759744076757,-0.1466169574698778,0.5,0.0,0.0,0.5,True,False,True,False,1,True,True,0.004769899998791516,4,3.964800090417798e-09,5.113200828345051e-10,`gtol` termination condition is satisfied.,True,True,0.0,0.010158599994610995,True,0.02136590090921414,0.02128834621124967,False,False,False,False,False,False,1.0,False,False,False,0.0006594444970417133,0.004040636525020091,0.0006594474377495884,0.004040636936015668
1.951483300006319,1786138789.3729029,0.011225599999306723,0.007164799986639991,0.011225599999306723,TELEOP,0,,0.0,1.951483300006319,382,-0.008672181902936288,0.028142698010958606,0.0,0.023314322469200448,0.025724987719982696,0.0484666154036525,0.9982212452988182,-0.007132688778140652,0.025540468350865576,0.0,0.021254322987422948,0.023264470215385556,0.04403940050104169,0.9985326982044467,-0.018139593581802362,-0.2175627078806587,0.2782502025757068,-0.11994163057381156,0.014407840407201927,0.02031406878597912,0.9924685173845337,-0.018076187583315594,-0.21766826179789603,0.27827848812900463,-0.12004459912881599,0.014257394813931151,0.020111031485237713,0.9924623757733697,-0.018076183417678457,-0.21766826321292035,0.2782784880438486,-0.12004459918224733,0.01425739481773416,0.020111031206460957,0.9924623757725014,-0.017742125024495507,-0.2182186271815774,0.2784197644359746,-0.12075761559997686,0.013158163042823872,0.01858668768879068,0.9924207757099335,-0.017742125024495507,-0.2182186271815774,0.2784197644359746,-0.12075761559997686,0.013158163042823872,0.01858668768879068,0.9924207757099335,-0.053659168793336036,-0.5777815363566438,0.8118728953115288,-0.20631956262316098,0.483989728242549,-0.17250624496683106,-0.04722105089673246,-0.5738846257858967,0.8100972425725238,-0.18487771311105447,0.48572386319087457,-0.15359431106632926,-0.04722105089673246,-0.5738846257858967,0.8100972425725238,-0.18487771311105447,0.48572386319087457,-0.15359431106632926,-0.0870630690482222,-0.05797113444340753,0.026746955498283403,-0.29713237071580273,-0.03025732815355898,-0.2599067614218894,-0.08186322973894096,0.01636136010581806,-0.011605531497558587,-0.1829803304960624,0.06303120075494108,-0.18847898483621284,0.5,0.0,0.0,0.5,True,False,True,False,1,True,True,0.003568500018445775,4,4.400236145761223e-09,5.677555926795577e-10,`gtol` termination condition is satisfied.,True,True,0.0,0.011225599999306723,True,0.02144184951210651,0.02136590090921414,False,False,False,False,False,False,1.0,False,False,False,0.0006591316462013099,0.0040209740081291545,0.0006591349206886481,0.004020974464640454
1.9602968000032233,1786138789.3812182,0.008813499996904284,0.00666720001026988,0.008813499996904284,TELEOP,0,,0.0,1.9602968000032233,384,-0.008828660190392435,0.028371125784533525,0.0,0.023493064240426905,0.025942989816471657,0.04885428266906108,0.9981925146367654,-0.007274690695877727,0.02577749255779606,0.0,0.02144190477722822,0.023488897624803363,0.0444428321679908,0.9985055588612332,-0.018182192195087366,-0.2174940228104382,0.2782317968425489,-0.11984764991259837,0.014545572701718135,0.020499619249389995,0.9924740463789652,-0.018118180771005864,-0.21759923790939736,0.27825999161340154,-0.11994985304522737,0.014396034617443697,0.02029797761209746,0.9924680241935157,-0.0181181774782116,-0.21759923903759984,0.27825999156576936,-0.11994985308639403,0.014396034620471766,0.020297977391833543,0.9924680241930011,-0.017780957197652037,-0.21814770429908104,0.2784007026546026,-0.12065904062269925,0.013299998031293909,0.018779151472692237,0.9924272514589385,-0.017780957197652037,-0.21814770429908104,0.2784007026546026,-0.12065904062269925,0.013299998031293909,0.018779151472692237,0.9924272514589385,-0.054467492242634544,-0.578269868929649,0.8120956956234293,-0.20900691304154906,0.48377551255464785,-0.1748762737385118,-0.04799179659979686,-0.5743924903837282,0.8103312618438078,-0.18750084176735976,0.485462921825432,-0.15589093949430916,-0.04799179659979686,-0.5743924903837282,0.8103312618438078,-0.18750084176735976,0.485462921825432,-0.15589093949430916,-0.08745058187270913,-0.057623486470733294,0.026552365276699578,-0.29762621628486613,-0.029607008059705044,-0.2605807487135175,-0.04396809719442313,0.03944493933129315,-0.02207865452455611,-0.0560328551922451,0.0737868150090614,-0.07647214975490534,0.5,0.0,0.0,0.5,True,False,True,False,1,True,True,0.003441500011831522,4,3.481034861775272e-09,4.4819781593586904e-10,`gtol` termination condition is satisfied.,True,True,0.0,0.008813499996904284,True,0.021506071274189298,0.02144184951210651,False,False,False,False,False,False,1.0,False,False,False,0.0006590381409242883,0.0040063644850687665,0.0006590407545471306,0.004006364844935965
1.970275299994344,1786138789.3917606,0.00997849999112077,0.007229700015159324,0.00997849999112077,TELEOP,0,,0.0,1.970275299994344,386,-0.009007346000526972,0.02862869745691354,0.0,0.023694402152550923,0.02618897652180371,0.049291292273597145,0.9981598475802222,-0.0074371426443222135,0.026044836249121486,0.0,0.02165324617020543,0.0237422301319108,0.0448977381002143,0.9984746549372902,-0.018230925566606004,-0.21741655171919178,0.2782110366846122,-0.11974175233457744,0.014701015740019365,0.020708831237000944,0.9924801948617685,-0.018166231432041418,-0.21752137895231896,0.2782391275311461,-0.1198430854299643,0.014552514699952482,0.020508778920386012,0.9924743065579726,-0.018166227689657567,-0.2175213802237409,0.27823912745768375,-0.11984308547752197,0.014552514703398705,0.020508778670189843,0.9924743065573496,-0.01782543780151363,-0.2180676788229204,0.27837920812872,-0.12054802339978361,0.013460123474631925,0.018996308914178483,0.992434450922624,-0.01782543780151363,-0.2180676788229204,0.27837920812872,-0.12054802339978361,0.013460123474631925,0.018996308914178483,0.992434450922624,-0.0553886440650441,-0.5788197643019015,0.8123462498624989,-0.21205953579953624,0.4835400763007606,-0.17757101298828035,-0.04887065784466667,-0.5749646453954373,0.8105945156807534,-0.19048235154551738,0.48517442268021826,-0.15850411375725706,-0.04887065784466667,-0.5749646453954373,0.8105945156807534,-0.19048235154551738,0.48517442268021826,-0.15850411375725706,-0.08807548686193796,-0.05733877959796094,0.026382105244261385,-0.29879338385635723,-0.028912075509390907,-0.2618804695368242,-0.0626251430360174,0.028532031169584225,-0.01706268803825174,-0.11696823896674771,0.06964298751641175,-0.1302521245140298,0.5,0.0,0.0,0.5,True,False,True,False,1,True,True,0.003651399980299175,4,3.953143983220206e-09,5.094000969934588e-10,`gtol` termination condition is satisfied.,True,True,0.0,0.00997849999112077,True,0.02157718425401886,0.021506071274189298,False,False,False,False,False,False,1.0,False,False,False,0.0006589404386775988,0.003989692030741143,0.0006589434126267151,0.003989692439995611
1.9803142000088227,1786138789.4020174,0.010038900014478713,0.007447499985573813,0.010038900014478713,TELEOP,0,,0.0,1.9803142000088227,388,-0.009188739412883729,0.028886692598677505,0.0,0.023895849288337587,0.026435549018587787,0.049728894675790475,0.9981268392189437,-0.007602271039768211,0.02631276410210976,0.0,0.021864812476200042,0.023996313333338657,0.04535350486226776,0.9984433717134373,-0.018280461867389197,-0.21733891133298777,0.2781902311502556,-0.11963572817535892,0.014856891077923269,0.02091842633254102,0.9924862642733251,-0.01821508369647633,-0.21744334408916505,0.2782182163009481,-0.11973618269040363,0.014709442732616004,0.020719981818445227,0.9924805092306194,-0.01821507991286444,-0.21744334537110963,0.27821821622108656,-0.11973618273859923,0.014709442736112459,0.02071998156563237,0.9924805092300311,-0.01787071262974177,-0.21798744121031696,0.27835765713042876,-0.12043682556069893,0.013620771277015503,0.019213973584205804,0.992441569493029,-0.01787071262974177,-0.21798744121031696,0.27835765713042876,-0.12043682556069893,0.013620771277015503,0.019213973584205804,0.992441569493029,-0.0563214959298044,-0.5793699047464509,0.8125965606098536,-0.21514096672544425,0.4833107051578535,-0.18029382124129836,-0.04976121314162676,-0.5755374002253408,0.8108576540998829,-0.19349379955923476,0.48489125147108153,-0.16114632142142318,-0.04976121314162676,-0.5755374002253408,0.8108576540998829,-0.19349379955923476,0.48489125147108153,-0.16114632142142318,-0.0887104459328888,-0.05705354461917647,0.026211877670862048,-0.299977886957147,-0.02820739410974481,-0.26319692997792354,-0.06324986502854596,0.02841297137864511,-0.01695679538134898,-0.11799132365910847,0.07019508099789422,-0.13113592517115039,0.5,0.0,0.0,0.5,True,False,True,False,1,True,True,0.003770100011024624,4,3.995682510436206e-09,5.147804627500519e-10,`gtol` termination condition is satisfied.,True,True,0.0,0.010038900014478713,True,0.021647167166209486,0.02157718425401886,False,False,False,False,False,False,1.0,False,False,False,0.0006588420714603808,0.003972748947828688,0.0006588450908794505,0.003972749361368815
1.990492900010966,1786138789.411366,0.01017870000214316,0.006618399987928569,0.01017870000214316,TELEOP,0,,0.0,1.990492900010966,390,-0.009374316636845776,0.0291471070824659,0.0,0.024098960215745063,0.026684617617488325,0.05017047290633748,0.9980932295870376,-0.007771431685902974,0.026583349458396237,0.0,0.02207823562021476,0.02425311748630312,0.04581365631586165,0.9984114616224445,-0.01833120782138042,-0.21726050083638973,0.2781692192367745,-0.11952875933962023,0.015014406859510393,0.02113002482826719,0.9924922998835533,-0.018265139098961186,-0.21736452935004974,0.2781970960748985,-0.11962831999249757,0.014868035079929507,0.02093321901129762,0.9924866784649857,-0.01826513524417321,-0.21736453065223052,0.2781970959869581,-0.11962832004176098,0.014868035083504108,0.0209332187538727,0.9924866784644236,-0.017917166876451774,-0.2179063538875038,0.2783358801055864,-0.12032457863264388,0.01378321892993072,0.019433880905646336,0.9924486600957007,-0.017917166876451774,-0.2179063538875038,0.2783358801055864,-0.12032457863264388,0.01378321892993072,0.019433880905646336,0.9924486600957007,-0.05727358589090709,-0.5799245070775491,0.8128485430666305,-0.21827566918735877,0.4830858822042905,-0.18306638775351458,-0.050670897049493346,-0.576115262927698,0.8111227399744186,-0.1965598703553915,0.484611441447311,-0.1638393158639261,-0.050670897049493346,-0.576115262927698,0.8111227399744186,-0.1965598703553915,0.484611441447311,-0.1638393158639261,-0.0893713251864236,-0.056771758892141345,0.02604319554363301,-0.30122420304274206,-0.02748976035364014,-0.26457155058464354,-0.06492766791394225,0.02768386208217115,-0.016572069831463903,-0.12244354243003894,0.07050347843571095,-0.1350487396652368,0.5,0.0,0.0,0.5,True,False,True,False,1,True,True,0.003448300005402416,4,4.0697418388468755e-09,5.242425686161555e-10,`gtol` termination condition is satisfied.,True,True,0.0,0.01017870000214316,True,0.02171579883196728,0.021647167166209486,False,False,False,False,False,False,1.0,False,False,False,0.0006587225780251938,0.003955281414320486,0.0006587256668746214,0.003955281835439301
2.000508699995069,1786138789.4228132,0.010015799984103069,0.00805099998251535,0.010015799984103069,TELEOP,0,,0.0,2.000508699995069,392,-0.009558545909013755,0.029402190241658056,0.0,0.024297693380386943,0.026928766071913187,0.05060288628002413,0.9980600240237899,-0.007939557534680858,0.026848553160555608,0.0,0.022287181415114734,0.024505006786411338,0.04626452472251861,0.9983798775712416,-0.01838164338071246,-0.2171836498248047,0.278148625213535,-0.11942402076650524,0.015168880441812898,0.02133734217265811,0.9924981240078544,-0.018314897739206613,-0.2172872762303434,0.27817639431083696,-0.11952269866956974,0.015023577156994735,0.021142157471207804,0.9924926326223352,-0.01831489392745278,-0.21728727751604246,0.2781763942207379,-0.11952269871828856,0.0150235771605432,0.021142157216794747,0.9924926326218341,-0.017963392782150922,-0.2178268503501993,0.2783145263061369,-0.12021461600225752,0.013942591188906913,0.019649415011364305,0.9924555157487311,-0.017963392782150922,-0.2178268503501993,0.2783145263061369,-0.12021461600225752,0.013942591188906913,0.019649415011364305,0.9924555157487311,-0.058216477929778854,-0.5804670958040957,0.8130947194648339,-0.22137010476434724,0.4828722820198453,-0.18580593455345087,-0.051572227473389604,-0.5766809008154884,0.811381836088561,-0.19958803657974553,0.48434332007186337,-0.16650176515023196,-0.051572227473389604,-0.5766809008154884,0.811381836088561,-0.19958803657974553,0.48434332007186337,-0.16650176515023196,-0.08999085697865733,-0.05647455906549925,0.025868738847976743,-0.30233892741071955,-0.026769841238159668,-0.2658249256706055,-0.06185544771431552,0.02967309921462118,-0.017418148918025643,-0.11129658836505907,0.07187834387898306,-0.12513978793020006,0.5,0.0,0.0,0.5,True,False,True,False,1,True,True,0.004928600013954565,4,4.0237553551521655e-09,5.181211140030085e-10,`gtol` termination condition is satisfied.,True,True,0.0,0.010015799984103069,True,0.02178206818460171,0.02171579883196728,False,False,False,False,False,False,1.0,False,False,False,0.0006586139776266796,0.003937988524831338,0.0006586170463771218,0.003937988940947883
2.010564799994998,1786138789.4332452,0.010056099999928847,0.00842590001411736,0.010056099999928847,TELEOP,0,,0.0,2.010564799994998,393,-0.009745127732191683,0.02965712829493842,0.0,0.02449609620924346,0.02717295234670061,0.05103493019662532,0.9980265566762725,-0.008110038752459007,0.02711375371171167,0.0,0.02249589206537275,0.024757085635394055,0.046715256583212336,0.9983479886058717,-0.018432785550770325,-0.21710679970999788,0.2781280314205059,-0.11931938635286891,0.015323442724445488,0.021544584345568458,0.9925038574377544,-0.018365362978749286,-0.21721001810916654,0.2781556911964678,-0.11941717498979618,0.015179221156801183,0.021351035534963564,0.9924984951344331,-0.018365359133890286,-0.2172100194030461,0.2781556911002208,-0.11941717503905268,0.01517922116039331,0.02135103527848079,0.992498495133969,-0.01801032549830077,-0.21774731453599,0.27829316466692944,-0.12010472242139907,0.014102123320422683,0.019864971644277658,0.9924622756918806,-0.01801032549830077,-0.21774731453599,0.27829316466692944,-0.12010472242139907,0.014102123320422683,0.019864971644277658,0.9924622756918806,-0.05916919916855098,-0.5810086799738934,0.8133400981723421,-0.22448668675600408,0.4826655195745818,-0.18856767499966076,-0.052483468559662086,-0.57724580954399,0.8116402170788456,-0.20263962990845044,0.48408144807585934,-0.16918756649815592,-0.052483468559662086,-0.57724580954399,0.8116402170788456,-0.20263962990845044,0.48408144807585934,-0.16918756649815592,-0.09061575424656951,-0.05617572702196247,0.025693955935849912,-0.30345693944238017,-0.026041108979213023,-0.2670818058634008,-0.06214111513574809,0.029716494817961375,-0.017380785008906618,-0.11117749740640545,0.07246668777675268,-0.12498684309068114,0.5,0.0,0.0,0.5,True,False,True,False,1,True,True,0.0043040000018663704,4,4.057872414826077e-09,5.223896392464917e-10,`gtol` termination condition is satisfied.,True,True,0.0,0.010056099999928847,True,0.021847056847553642,0.02178206818460171,False,False,False,False,False,False,1.0,False,False,False,0.0006585088638953176,0.003920489440447637,0.0006585119724661402,0.003920489859950276
2.0200960999860653,1786138789.4411025,0.009531299991067499,0.006752999994205311,0.009531299991067499,TELEOP,0,,0.0,2.0200960999860653,396,-0.009923455946574556,0.02989766908529576,0.0,0.02468309521146003,0.027403510348765866,0.051442461685674276,0.9979947222140331,-0.008273129042803275,0.027364140924103563,0.0,0.022692736512838804,0.024995255765206236,0.04714069408008513,0.9983176006965111,-0.018481710565219495,-0.21703424220644454,0.2781085879243359,-0.11922068831989083,0.015469452404660107,0.021740185507623307,0.9925091877927003,-0.018413648205603192,-0.21713706963128337,0.2781361429424004,-0.11931763078568745,0.015326264869333856,0.02154819578931329,0.9925039465146075,-0.018413644543635463,-0.21713707086422857,0.27813614285200033,-0.11931763083241549,0.015326264872769951,0.021548195545154213,0.9925039465142378,-0.018055236485495587,-0.21767224857240763,0.27827299618418255,-0.12000104516503712,0.014252779660044986,0.020068322606451052,0.9924685737387479,-0.018055236485495587,-0.21767224857240763,0.27827299618418255,-0.12000104516503712,0.014252779660044986,0.020068322606451052,0.9924685737387479,-0.06007763919360328,-0.5815190912551599,0.8135710408664413,-0.22744929227059124,0.48247664065999857,-0.19119530138538135,-0.053352050373873514,-0.5777781034087845,0.811883343913342,-0.20553953629615543,0.48384003432268163,-0.17174230477750208,-0.053352050373873514,-0.5777781034087845,0.811883343913342,-0.20553953629615543,0.48384003432268163,-0.17174230477750208,-0.0911294172909721,-0.05584693224360176,0.025508255403180417,-0.3042508776790892,-0.02532852322389771,-0.26803670871134105,-0.0538922334711929,0.034496320404231104,-0.0194832323862987,-0.08329800105474766,0.07476270351191652,-0.10018600283646373,0.5,0.0,0.0,0.5,True,False,True,False,1,True,True,0.00344180001411587,4,3.865014057531309e-09,4.97228764648049e-10,`gtol` termination condition is satisfied.,True,True,0.0,0.009531299991067499,True,0.021909755974435813,0.021847056847553642,False,False,False,False,False,False,1.0,False,False,False,0.0006584833710890305,0.0039042038932639257,0.0006584863475575305,0.0039042042924067695
2.030101700008916,1786138789.451577,0.010005600022850558,0.007219300023280084,0.010005600022850558,TELEOP,0,,0.0,2.030101700008916,398,-0.010112204464400198,0.03014902597614365,0.0,0.024878295854283326,0.027644603240116777,0.051868200345952825,0.9979611896762095,-0.008445984069438637,0.02762590782929657,0.0,0.02289830032719479,0.02524443772230365,0.047585339071140056,0.9982855411713099,-0.018533564906356884,-0.216958387065717,0.27808826073834575,-0.11911760523637382,0.01562218607502666,0.02194460551237888,0.9925146738028082,-0.018464833923746322,-0.21706080005931644,0.278115704713318,-0.11921365706694467,0.015480092180204444,0.021754259603707977,0.9925095580919672,-0.01846483006426848,-0.21706080135341443,0.2781157046077328,-0.11921365711655267,0.015480092183836341,0.021754259346520383,0.992509558091589,-0.01810289553495578,-0.21759373818102995,0.278251909473365,-0.11989276913511482,0.014410436820825918,0.020280968494561773,0.9924750604104214,-0.01810289553495578,-0.21759373818102995,0.278251909473365,-0.11989276913511482,0.014410436820825918,0.020280968494561773,0.9924750604104214,-0.0610371573848574,-0.58205169892474,0.8138117050921009,-0.23056836141132364,0.4822859914959413,-0.19396420550788457,-0.05427002980918631,-0.5783338483412007,0.8121368126725559,-0.20859452273677415,0.48359399425152666,-0.17443635782507527,-0.05427002980918631,-0.5783338483412007,0.8121368126725559,-0.20859452273677415,0.48359399425152666,-0.17443635782507527,-0.09174656524509657,-0.05554338881695805,0.025332689557345776,-0.30532765987465077,-0.024590236526853892,-0.26925452160995655,-0.06168025432908061,0.030337353676989417,-0.017546758358687922,-0.10761795325641837,0.0737873486205463,-0.12171313023050107,0.5,0.0,0.0,0.5,True,False,True,False,1,True,True,0.003871299995807931,4,4.07202738877641e-09,5.23907413297229e-10,`gtol` termination condition is satisfied.,True,True,0.0,0.010005600022850558,True,0.021973838674549495,0.021909755974435813,False,False,False,False,False,False,1.0,False,False,False,0.0006584603489653492,0.0038869694841805356,0.0006584634959625936,0.0038869699047960815
2.0402592999959124,1786138789.4618444,0.010157599986996502,0.007328099978622049,0.010157599986996502,TELEOP,0,,0.0,2.0402592999959124,400,-0.010305432885641369,0.030402982445866696,0.0,0.02507530039292781,0.02788836339862666,0.052298219619945796,0.9979270337663644,-0.008623156200337377,0.027890528058699363,0.0,0.02310587282568466,0.02549652685311739,0.04803469966321921,0.9982528303930102,-0.018586714355153702,-0.21688170506829,0.2780677119660448,-0.11901350119266015,0.015776674441027202,0.022151181243080475,0.9925201298950983,-0.018517307781535836,-0.2169836932999998,0.27809504212978214,-0.11910864671081706,0.015635698798499686,0.021962510915891527,0.9925151400941297,-0.018517303846688392,-0.21698369461606562,0.2780950420154753,-0.1191086467615783,0.015635698802215544,0.021962510653824534,0.9925151400937785,-0.018151818366719065,-0.21751431992547676,0.2782305826485693,-0.11978337637787013,0.014570009656979774,0.02049602089501624,0.9924815215859609,-0.018151818366719065,-0.21751431992547676,0.2782305826485693,-0.11978337637787013,0.014570009656979774,0.02049602089501624,0.9924815215859609,-0.06201729488797083,-0.58258905766494,0.8140541837794449,-0.2337439914655998,0.48210044146018516,-0.19678589734826557,-0.05520852482441178,-0.578895000826843,0.8123923708346135,-0.21170757885519517,0.4833518526173959,-0.17718438261368516,-0.05520852482441178,-0.578895000826843,0.8123923708346135,-0.21170757885519517,0.4833518526173959,-0.17718438261368516,-0.09239338194326449,-0.05524459383719103,0.025159305582492835,-0.3064755574551343,-0.023838469169959527,-0.27053878791523966,-0.06367810299637358,0.029415903377719415,-0.017069384015407474,-0.11300874044587253,0.07401033293856404,-0.12643403037402717,0.5,0.0,0.0,0.5,True,False,True,False,1,True,True,0.0037232000031508505,4,4.150677015381447e-09,5.339278821692864e-10,`gtol` termination condition is satisfied.,True,True,0.0,0.010157599986996502,True,0.02203641261040462,0.021973838674549495,False,False,False,False,False,False,1.0,False,False,False,0.0006584178903064567,0.003869199913901892,0.000658421111630893,0.003869200342539148
2.0534175000135546,1786138789.4748304,0.01315820001764223,0.007157200016081333,0.01315820001764223,TELEOP,0,,0.0,2.0534175000135546,402,-0.010558144521499791,0.030730116114539876,0.0,0.02532875291980141,0.028202619908108593,0.05285196662650108,0.99788262642936,-0.00885545143676316,0.028231438370538767,0.0,0.02337290927576309,0.02582160712891876,0.04861339814789958,0.9982102430038376,-0.018656400104094167,-0.2167829156026295,0.2780412389523945,-0.11887955365428045,0.01597584907730241,0.022417194232762956,0.9925270240008324,-0.018586129088929985,-0.216884350767109,0.27806842092638523,-0.11897352871200426,0.01583632655362133,0.022230692702679404,0.9925221944768088,-0.018586123975299546,-0.21688435245696752,0.2780684207372283,-0.11897352877970493,0.01583632655845839,0.022230692362361745,0.9925221944762387,-0.018216524411922053,-0.21741132067561003,0.2782029920006539,-0.11964220595650829,0.014777083376242856,0.020775087698726758,0.9924896856350006,-0.018216524411922053,-0.21741132067561003,0.2782029920006539,-0.11964220595650829,0.014777083376242856,0.020775087698726758,0.9924896856350006,-0.06329668611715873,-0.583279639048556,0.8143653164757848,-0.23787161741273163,0.4818726771386753,-0.2004576015676603,-0.05644310289300136,-0.5796209753057985,0.8127223453387359,-0.21578477436527718,0.48304975724122634,-0.1807882853759594,-0.05644310289300136,-0.5796209753057985,0.8127223453387359,-0.21578477436527718,0.48304975724122634,-0.1807882853759594,-0.09382575632945904,-0.05517278031813561,0.025077480482135654,-0.3098596696064348,-0.02295871591589372,-0.273890255311685,-0.10885792770090555,0.005457700822235172,-0.006218563348138256,-0.2571865564258938,0.0668596960744062,-0.2547056126181189,0.5,0.0,0.0,0.5,True,False,True,False,1,True,True,0.003544699982739985,4,5.388934816910547e-09,6.940409685194322e-10,`gtol` termination condition is satisfied.,True,True,0.0,0.01315820001764223,True,0.022086843047454452,0.02203641261040462,False,False,False,False,False,False,1.0,False,False,False,0.0006575779540465536,0.003841337361619113,0.0006575821437368546,0.0038413379192719145
2.0608145999937078,1786138789.4820786,0.007397099980153143,0.007011399982729927,0.007397099980153143,TELEOP,0,,0.0,2.0608145999937078,403,-0.010701395442921964,0.03091309883959234,0.0,0.025470365432489192,0.028378525931057698,0.053161616499943415,0.99785758617241,-0.008986942104844398,0.028422469357573442,0.0,0.02352242032397901,0.026003866825753515,0.04893760246102249,0.998186157847111,-0.018695845723202105,-0.216727558367601,0.2780264046440122,-0.1188045479522261,0.016087504875922844,0.022566217338316603,0.9925308244119042,-0.018625086657906322,-0.2168286777986542,0.27805350201978973,-0.11889785951520665,0.0159488084973954,0.022380946393700602,0.9925260841654178,-0.018625083757351127,-0.2168286787811903,0.2780535019577377,-0.11889785955138266,0.015948808500170657,0.022380946200718024,0.9925260841653912,-0.01825289601536712,-0.21735378812920267,0.278187484811763,-0.11956271398010615,0.014893623804706149,0.020931763824424774,0.9924942310456387,-0.01825289601536712,-0.21735378812920267,0.278187484811763,-0.11956271398010615,0.014893623804706149,0.020931763824424774,0.9924942310456387,-0.06401943935421844,-0.5836659168674506,0.8145391070909662,-0.2401977914862048,0.4817499906387301,-0.20252835293711488,-0.05713774222072363,-0.5800259401144433,0.8129062263716346,-0.21807876738750093,0.482884519837122,-0.18281607329439636,-0.05713774222072363,-0.5800259401144433,0.8129062263716346,-0.21807876738750093,0.482884519837122,-0.18281607329439636,-0.09390698105825636,-0.05474642896965369,0.024858530152640383,-0.310120591634377,-0.0223381331261851,-0.27413282555023594,-0.010980617946930976,0.05763763496854862,-0.029599482240706035,-0.03527355702129947,0.08389541730863163,-0.03279261321352461,0.5,0.0,0.0,0.5,True,False,True,False,1,True,True,0.0038053000171203166,4,3.0630782065125443e-09,3.9272728653433127e-10,`gtol` termination condition is satisfied.,True,True,0.0,0.007397099980153143,True,0.022119024098703866,0.022086843047454452,False,False,False,False,False,False,1.0,False,False,False,0.0006574305650225604,0.003824443200338736,0.0006574329792362235,0.0038244435149375837
2.0701384000054786,1786138789.491443,0.0093238000117708,0.007051399996271357,0.0093238000117708,TELEOP,0,,0.0,2.0701384000054786,406,-0.010883167478177786,0.031142790714059523,0.0,0.025647967626841548,0.02859946264023722,0.053550218356141654,0.9978259500570787,-0.009154095149200752,0.02866227927419424,0.0,0.023709917098271246,0.026232823503542505,0.04934448341627639,0.9981556996574262,-0.018745989651410024,-0.21665806588953287,0.27800778244685165,-0.11871047551926299,0.016227745530858612,0.022753233033846434,0.9925355276580702,-0.01867461701954816,-0.21675878317227404,0.2780347720701325,-0.11880294779478272,0.016090098741857118,0.022569521138848875,0.9925308987801391,-0.018674613359685177,-0.21675878439519397,0.2780347719592706,-0.11880294784187281,0.016090098745356416,0.022569520895477754,0.9925308987799798,-0.01829912784113807,-0.2172816395773825,0.27816806296273006,-0.11946329662577979,0.015039713088342779,0.021128103698975494,0.9924998393065899,-0.01829912784113807,-0.2172816395773825,0.27816806296273006,-0.11946329662577979,0.015039713088342779,0.021128103698975494,0.9924998393065899,-0.06493527873257972,-0.5841499603970053,0.8147566452385008,-0.24313647444324837,0.4816018184924563,-0.20514640508499782,-0.05801718307949664,-0.5805329116956689,0.8131361242574126,-0.2209736392380037,0.48268309428911893,-0.18537746226746638,-0.05801718307949664,-0.5805329116956689,0.8131361242574126,-0.2209736392380037,0.48268309428911893,-0.18537746226746638,-0.0943221495165877,-0.054373922712366365,0.024657101770497358,-0.31048197589482224,-0.021603374991826244,-0.274715134369719,-0.04452781674930892,0.03995219297036178,-0.021603678960159436,-0.038759332030825766,0.07880457897330093,-0.06245402290352767,0.5,0.0,0.0,0.5,True,False,True,False,1,True,True,0.0035684999893419445,4,3.860365340653574e-09,4.958195407766219e-10,`gtol` termination condition is satisfied.,True,True,0.0,0.0093238000117708,True,0.022162835205244674,0.022119024098703866,False,False,False,False,False,False,1.0,False,False,False,0.0006573685479114544,0.0038042186377577844,0.0006573715886129262,0.003804219035447623
2.080291200014133,1786138789.5025833,0.010152800008654594,0.008035200007725507,0.010152800008654594,TELEOP,0,,0.0,2.080291200014133,408,-0.011082627893461983,0.0313916891600509,0.0,0.025840220665693293,0.0288390344950049,0.05397120025891673,0.9977914123843501,-0.009337771843888603,0.028922245880007028,0.0,0.023912949007073844,0.026481208582538485,0.04978543684503393,0.9981224006803687,-0.01880109050786396,-0.2165827323586453,0.27798759498713305,-0.11860859576324974,0.016379860312006833,0.022955897753543293,0.9925405422175752,-0.01872905329810881,-0.21668300799394105,0.278014466274301,-0.1187001527523388,0.01624336352126764,0.022773888948898913,0.9925360330286406,-0.0187290493003948,-0.21668300932268647,0.27801446613853165,-0.11870015280435635,0.016243363525099672,0.022773888683207753,0.9925360330284533,-0.0183500064253143,-0.21720340419229983,0.278147019397182,-0.11935571699072127,0.015198068895857638,0.021340791059652333,0.9925058197111067,-0.0183500064253143,-0.21720340419229983,0.278147019397182,-0.11935571699072127,0.015198068895857638,0.021340791059652333,0.9925058197111067,-0.06593838759087622,-0.5846736044791103,0.8149916789455145,-0.2463444888250559,0.4814485058449145,-0.20800687443028443,-0.05898086377218799,-0.5810815895136959,0.8133845782444659,-0.22413447381155083,0.48247171085156987,-0.1881770945386434,-0.05898086377218799,-0.5810815895136959,0.8133845782444659,-0.22413447381155083,0.48247171085156987,-0.1881770945386434,-0.09491772632868503,-0.05404201969498892,0.024471474552983027,-0.3113263898483901,-0.020820210914120785,-0.2757497703875304,-0.058661335945714085,0.032690786491857034,-0.018283352115287938,-0.08317054929163001,0.07713774299088556,-0.10190647081883275,0.5,0.0,0.0,0.5,True,False,True,False,1,True,True,0.00420769999618642,4,4.214939502869417e-09,5.415250239232654e-10,`gtol` termination condition is satisfied.,True,True,0.0,0.010152800008654594,True,0.022210015013505086,0.022162835205244674,False,False,False,False,False,False,1.0,False,False,False,0.0006573086701451822,0.0037826382189409618,0.0006573120000631965,0.003782638653412886
2.090193900010152,1786138789.5112622,0.009902699996018782,0.006814599997596815,0.009902699996018782,TELEOP,0,,0.0,2.090193900010152,410,-0.011278700609252991,0.03163322578385163,0.0,0.026026588249262395,0.029071679996718936,0.05437961658824416,0.9977576416274582,-0.009518499630110923,0.029174688576770573,0.0,0.024109892361369234,0.026722578036055305,0.05021350744857253,0.9980897858324884,-0.018855306754059338,-0.21650957910153631,0.27796799177488574,-0.118509758371312,0.01652765415590229,0.0231526306117567,0.9925453286951844,-0.01878262416245155,-0.21660942002283817,0.2779947465835818,-0.11860042082087836,0.016392286253221634,0.022972288919715207,0.9925409347096432,-0.018782620247413225,-0.21660942132377492,0.27799474644861155,-0.11860042087180554,0.016392286256989838,0.022972288659652385,0.9925409347095148,-0.01840011694937832,-0.2171274391541415,0.27812658812933444,-0.11925136361613338,0.015351786410779264,0.02154705189041012,0.9925115412349231,-0.01840011694937832,-0.2171274391541415,0.27812658812933444,-0.11925136361613338,0.015351786410779264,0.02154705189041012,0.9925115412349231,-0.06692238151835202,-0.5851810166138764,0.8152191289422067,-0.24948114655672468,0.4813069169169017,-0.2108060883532342,-0.059926139268078375,-0.5816133202045569,0.8136250246952368,-0.2272241961188488,0.4822732083668154,-0.19091648043057594,-0.059926139268078375,-0.5816133202045569,0.8136250246952368,-0.2272241961188488,0.4822732083668154,-0.19091648043057594,-0.09545633981342677,-0.053695526581108266,0.024280898226505327,-0.31200806936897557,-0.020045289146822548,-0.27663020116067966,-0.05439056872956656,0.03498976178415531,-0.01924488539027918,-0.06883774332853837,0.0782535841346077,-0.08890815368568228,0.5,0.0,0.0,0.5,True,False,True,False,1,True,True,0.003409299999475479,4,4.127732849287967e-09,5.300583583179133e-10,`gtol` termination condition is satisfied.,True,True,0.0,0.009902699996018782,True,0.022256950437875872,0.022210015013505086,False,False,False,False,False,False,1.0,False,False,False,0.0006572925333222074,0.0037621968340529246,0.0006572958098419289,0.0037621972592140752
2.100593800008599,1786138789.5219042,0.010399899998446926,0.007056600006762892,0.010399899998446926,TELEOP,0,,0.0,2.100593800008599,412,-0.01148623154499452,0.031885571021925026,0.0,0.02622108608270513,0.029314903984680462,0.05480618923884508,0.9977220919024137,-0.009710027314751927,0.029438562655973943,0.0,0.024315522413762464,0.02697506621377074,0.05066083100173551,0.998055399952689,-0.018912762875153196,-0.2164331132216337,0.277947500852776,-0.11840654792665017,0.016682229413489933,0.023358199794440027,0.9925502441349016,-0.01883940631583935,-0.2165324937983391,0.2779741323153303,-0.11849627000854392,0.016548053668324497,0.02317961352299777,0.9925459694295157,-0.018839402190374673,-0.2165324951645367,0.27797413216245925,-0.11849627006259829,0.016548053672308334,0.023179613249108184,0.9925459694293922,-0.018453325342170868,-0.21704797554472413,0.2781052301342314,-0.11914241495782804,0.015512534793045811,0.021762588476729905,0.9925174235070656,-0.018453325342170868,-0.21704797554472413,0.2781052301342314,-0.11914241495782804,0.015512534793045811,0.021762588476729905,0.9925174235070656,-0.06796183433437088,-0.5857102264767838,0.8154560391035429,-0.2527832691264708,0.48116683526166915,-0.213755528111767,-0.06092562180181092,-0.5821683897400172,0.8138756600139871,-0.2304791620685456,0.48207314272809004,-0.1938053825027324,-0.06092562180181092,-0.5821683897400172,0.8138756600139871,-0.2304791620685456,0.48207314272809004,-0.1938053825027324,-0.0961050138829991,-0.05337258392322888,0.024099781612106796,-0.31298050463782023,-0.019237265623250645,-0.27778171641918625,-0.06237310644036879,0.03105247722839724,-0.017415226533483645,-0.0935042903287428,0.07769531665617647,-0.1107236856776099,0.5,0.0,0.0,0.5,True,False,True,False,1,True,True,0.00363140000263229,4,4.348485282217546e-09,5.584022545815116e-10,`gtol` termination condition is satisfied.,True,True,0.0,0.010399899998446926,True,0.02230410705792521,0.022256950437875872,False,False,False,False,False,False,1.0,False,False,False,0.0006572381861090539,0.0037408970422397113,0.0006572416505407859,0.003740897490168349
2.1102149999857174,1786138789.5309496,0.009621199977118522,0.006481099990196526,0.009621199977118522,TELEOP,0,,0.0,2.1102149999857174,414,-0.011679688055788895,0.03211780958437782,0.0,0.0263998970963936,0.02953889938335373,0.055198664330469764,0.9976891331034192,-0.009888690152166374,0.029681601384041495,0.0,0.02450471839447611,0.02720777818803674,0.05107272126353523,0.998023463013378,-0.018966359714549758,-0.2163626850296189,0.2779286278686596,-0.11831157387878971,0.01682467501669548,0.023547475611693052,0.9925546927949226,-0.018892381739448776,-0.21646163558149004,0.2779551441089256,-0.11840042384490507,0.01669160944036464,0.023370519743452167,0.9925505269831648,-0.018892377906485538,-0.2164616368536901,0.2779551439706641,-0.118400423894849,0.016691609444083582,0.02337051948910483,0.9925505269831333,-0.01850297779254636,-0.2169748204611736,0.2780855615390479,-0.11904215387851987,0.015660496106308833,0.02196076602867115,0.9925227650875829,-0.01850297779254636,-0.2169748204611736,0.2780855615390479,-0.11904215387851987,0.015660496106308833,0.02196076602867115,0.9925227650875829,-0.06892870424407269,-0.586196594926579,0.8156734910951803,-0.25584503722570895,0.4810449606623404,-0.21649250342450127,-0.0618548188061679,-0.582678403598438,0.8141056463646711,-0.2334951460013499,0.48189544517943084,-0.1964846955304581,-0.0618548188061679,-0.582678403598438,0.8141056463646711,-0.2334951460013499,0.48189544517943084,-0.1964846955304581,-0.09657807826121778,-0.053009381328088856,0.02390412331423825,-0.3134727414435853,-0.01846937482661385,-0.2784801307630785,-0.0491689580659118,0.03775023864006667,-0.020336163714907568,-0.05116168533402035,0.07981237251725548,-0.07259118878655615,0.5,0.0,0.0,0.5,True,False,True,False,1,True,True,0.0036080999998375773,4,4.040942517528965e-09,5.184623271815631e-10,`gtol` termination condition is satisfied.,True,True,0.0,0.009621199977118522,True,0.022349891224359042,0.02230410705792521,False,False,False,False,False,False,1.0,False,False,False,0.0006572660084537848,0.0037219288702506513,0.0006572692451946442,0.003721929285931921
2.1329906000097507,1786138789.5547578,0.022775600024033338,0.007509599992772564,0.022775600024033338,TELEOP,0,,0.0,2.1329906000097507,415,-0.012143212529271875,0.03266287866058535,0.0,0.026818856863441917,0.03006519037492665,0.0561194024545636,0.9976108689826912,-0.010319380796488174,0.03025114860085858,0.0,0.024947069280202714,0.02775396739256479,0.05203739444237873,0.997947629191006,-0.019095562193242446,-0.2161976405477441,0.2778844000471162,-0.1180894717013963,0.017158881847745514,0.02399071373080558,0.9925648064996596,-0.01902017571649656,-0.21629559118768474,0.277910648367124,-0.11817631643048124,0.017028392690028073,0.023817520215158282,0.9925608887157088,-0.019020166637534856,-0.2162955941206025,0.2779106478643594,-0.1181763165568759,0.01702839269884453,0.023817519613448513,0.9925608887149473,-0.01862900993444657,-0.21679590730662063,0.2780380679212205,-0.11880224732000513,0.016021979445530198,0.022446333792940972,0.9925348781305467,-0.01862900993444657,-0.21679590730662063,0.2780380679212205,-0.11880224732000513,0.016021979445530198,0.022446333792940972,0.9925348781305467,-0.07124314801755931,-0.5873313341896204,0.8161798011629927,-0.2631211979967734,0.4807908514151218,-0.2230076784156723,-0.0641891563771677,-0.5839191317733927,0.8146631932282159,-0.24100331569196,0.48150502265112216,-0.203171275475173,-0.0641891563771677,-0.5839191317733927,0.8146631932282159,-0.24100331569196,0.48150502265112216,-0.203171275475173,-0.1024929120873453,-0.05447620144564457,0.024480007681751067,-0.32965848024584704,-0.017142140180575045,-0.29358523760774874,-0.25970046101468475,-0.06440313827112758,0.0252851458097759,-0.7106613562401067,0.05827440965938445,-0.6632144412762344,0.5,0.0,0.0,0.5,True,False,True,False,1,True,True,0.004161000018939376,5,9.554178380005574e-09,1.2298106556181438e-09,`gtol` termination condition is satisfied.,True,True,0.0,0.022775600024033338,True,0.022117882304813402,0.022349891224359042,False,False,False,False,False,False,1.0,False,False,False,0.0006477288949591404,0.0036251813532976666,0.0006477365441906178,0.003625182341184875
2.1407682000059394,1786138789.5617144,0.0077775999961886555,0.006693300005281344,0.0077775999961886555,TELEOP,0,,0.0,2.1407682000059394,416,-0.01230328120908304,0.03284748685057242,0.0,0.026960526281866216,0.030243619246967723,0.05643111462348429,0.9975840730584067,-0.010467426272452923,0.030444904472153343,0.0,0.025097421923530587,0.027939876180089807,0.05236548810600805,0.9979215091314813,-0.019139974232157294,-0.21614149359018164,0.27786935405059743,-0.11801396615380956,0.01727262476653259,0.02414145917889713,0.9925681589568727,-0.01906409873943437,-0.21623909272213648,0.27789550818611264,-0.11810011316692083,0.0171430339085584,0.023969575445656827,0.9925643249237429,-0.01906409560087087,-0.21623909377217893,0.2778955080824148,-0.118100113207146,0.01714303391165019,0.02396957523770162,0.9925643249239253,-0.01867148629601001,-0.21673545975926925,0.27802150949152205,-0.11871742939843136,0.01614620392676342,0.022617243822616435,0.9925391339074002,-0.01867148629601001,-0.21673545975926925,0.27802150949152205,-0.11871742939843136,0.01614620392676342,0.022617243822616435,0.9925391339074002,-0.07203774976449626,-0.5877163250989259,0.8163512482197517,-0.2656124965051407,0.4807120386787224,-0.2252401960069713,-0.06498790054800095,-0.5843375243767229,0.8148510337024679,-0.24359614188817472,0.4813771647008355,-0.20548066830532252,-0.06498790054800095,-0.5843375243767229,0.8148510337024679,-0.24359614188817472,0.4813771647008355,-0.20548066830532252,-0.10269802654092189,-0.053794564330287245,0.024151470163556097,-0.3333709881564101,-0.016439255085022766,-0.29692872239266965,-0.026372461129025082,0.08764106095599651,-0.0422415035944208,-0.47733335635444707,0.09037300656972849,-0.42988644139057475,0.5,0.0,0.0,0.5,True,False,True,False,1,True,True,0.0036543000023812056,4,3.311181542728251e-09,4.236650865629316e-10,`gtol` termination condition is satisfied.,True,True,0.0,0.0077775999961886555,True,0.022016354616965966,0.022117882304813402,False,False,False,False,False,False,1.0,False,False,False,0.0006452887838018646,0.003580047484544852,0.0006452914808429462,0.003580047823053877
2.147692499994835,1786138789.5684028,0.006924299988895655,0.006457599985878915,0.006924299988895655,TELEOP,0,,0.0,2.147692499994835,417,-0.012446545969055579,0.03301118129279448,0.0,0.02708605016420751,0.03040191074511081,0.056707458447555474,0.9975601905980247,-0.010599997152572708,0.030616813066806352,0.0,0.025230720031089334,0.028104903958750503,0.052656528951452126,0.9978981987652684,-0.019179744073166118,-0.2160916775709876,0.2778560045838212,-0.11794701891767119,0.01737358085258681,0.02427517542652528,0.9925710933100986,-0.01910342918563652,-0.21618895750712563,0.2778820731926323,-0.11803253702562427,0.017244801928520802,0.02410447339932437,0.992567333419694,-0.019103426380767834,-0.21618895845138392,0.27788207310954177,-0.11803253706107866,0.017244801931297075,0.024104473213538657,0.9925673334199415,-0.0187084774986607,-0.2166822049240567,0.2780066915602817,-0.11864110252477823,0.016257344628377222,0.02277391315367663,0.9925428637681136,-0.0187084774986607,-0.2166822049240567,0.2780066915602817,-0.11864110252477823,0.016257344628377222,0.02277391315367663,0.9925428637681136,-0.072747767963475,-0.5880573463911359,0.8165029808295655,-0.26783347435464966,0.48064599686778486,-0.22723157233667937,-0.06569559653397923,-0.5847056409361144,0.8150161668153965,-0.24591742904946837,0.4812677092277109,-0.20754734339971345,-0.06569559653397923,-0.5847056409361144,0.8150161668153965,-0.24591742904946837,0.4812677092277109,-0.20754734339971345,-0.1022046975308978,-0.05316299986739747,0.02384834758652361,-0.3352378096004281,-0.01580744238409456,-0.2984670071639302,0.07124604809370365,0.09120986437655773,-0.043776638435451654,-0.26960435668757743,0.09124571464861879,-0.2221574417237051,0.5,0.0,0.0,0.5,True,False,True,False,1,True,True,0.0034325000015087426,4,2.9607120931072364e-09,3.783179197034862e-10,`gtol` termination condition is satisfied.,True,True,0.0,0.006924299988895655,True,0.021916045305181292,0.022016354616965966,False,False,False,False,False,False,1.0,False,False,False,0.0006440547030700432,0.003530673303943168,0.0006440571301599105,0.003530673605333844
2.15436609999563,1786138789.5755835,0.006673600000794977,0.00696500000776723,0.006673600000794977,TELEOP,0,,0.0,2.15436609999563,418,-0.012585296425184878,0.033168357758694,0.0,0.027206490807213195,0.03055396687488191,0.056972749824122475,0.9975371510593697,-0.010728478822430991,0.030781946864795327,0.0,0.025358671613660178,0.02826350334927459,0.05293604673601343,0.997875687201757,-0.01921828720717682,-0.21604382475817036,0.27784318120315865,-0.11788275129793435,0.017470593799516283,0.024403592840626903,0.9925738763211486,-0.01914154687836943,-0.2161407926035693,0.2778691661889712,-0.11796765815114985,0.01734260635512311,0.024234040557790913,0.9925701873990515,-0.019141544167778482,-0.2161407935176777,0.27786916611041584,-0.11796765818529023,0.017342606357814882,0.024234040378308876,0.9925701873993289,-0.018743606346785107,-0.21663139022629735,0.2779924083065325,-0.11856729222747076,0.016365224708986704,0.022927003412198676,0.9925463863964278,-0.018743606346785107,-0.21663139022629735,0.2779924083065325,-0.11856729222747076,0.016365224708986704,0.022927003412198676,0.9925463863964278,-0.07343451579884032,-0.588384413563394,0.8166483835556598,-0.26997679594228685,0.4805861093451711,-0.22915434302927382,-0.06637462558877721,-0.585056433264992,0.815173402920653,-0.24815776279704702,0.48116627368554793,-0.20954017037986145,-0.06637462558877721,-0.585056433264992,0.815173402920653,-0.24815776279704702,0.48116627368554793,-0.20954017037986145,-0.10174853972624986,-0.0525641825754836,0.0235609124367312,-0.3357009331263143,-0.015199523817859347,-0.2986134889580758,0.06835258400167739,0.08972927533003736,-0.04307047916539352,-0.06939635666372812,0.09109304815433884,-0.0219494416998558,0.5,0.0,0.0,0.5,True,False,True,False,1,True,True,0.004277100000763312,4,2.861654836440448e-09,3.6544049957053195e-10,`gtol` termination condition is satisfied.,True,True,0.0,0.006673600000794977,True,0.021819033145239836,0.021916045305181292,False,False,False,False,False,False,1.0,False,False,False,0.0006436056857960766,0.0034777859350148574,0.0006436080434899968,0.0034777862253421465
2.161607600013329,1786138789.5819743,0.007241500017698854,0.006113900017226115,0.007241500017698854,TELEOP,0,,0.0,2.161607600013329,419,-0.012736598175436204,0.03333824957104221,0.0,0.027336581078794726,0.03071839841079891,0.05725944883855994,0.997512128674485,-0.010868724083852335,0.030960483756986734,0.0,0.02549689985899381,0.028435063224726453,0.053238189825123794,0.9978512165754625,-0.019260359307707944,-0.21599208795980482,0.2778293170038674,-0.11781331568947058,0.01757552211171367,0.024542399331426462,0.9925768455408431,-0.01918315712603734,-0.216088713565283,0.2778552102883069,-0.11789755590598557,0.01744840073367681,0.024374102491240925,0.9925732329410152,-0.01918315418166721,-0.21608871455267004,0.27785521019123544,-0.11789755594357494,0.017448400736604357,0.024374102296355567,0.9925732329412845,-0.01878151223896156,-0.2165767944322415,0.2779770039441609,-0.11848765633133876,0.016483560769070697,0.02309256561500798,0.9925500999621105,-0.01878151223896156,-0.2165767944322415,0.2779770039441609,-0.11848765633133876,0.016483560769070697,0.02309256561500798,0.9925500999621105,-0.07418251775922395,-0.588737425446195,0.8168051876124257,-0.2723055347112483,0.48052541979323826,-0.23124463419879845,-0.06710871742483075,-0.585432782157534,0.815341945552988,-0.2505809880275049,0.4810609185639544,-0.21169233879864288,-0.06710871742483075,-0.585432782157534,0.815341945552988,-0.2505809880275049,0.4810609185639544,-0.21169233879864288,-0.1013728970875316,-0.05197112361005791,0.02327454697550396,-0.33463028716913296,-0.014548798085487383,-0.2971992561653438,0.05187359494582076,0.08189725388057763,-0.039545047369652545,0.1478486438672375,0.08986062704985631,0.19529555883110983,0.5,0.0,0.0,0.5,True,False,True,False,1,True,True,0.003282400022726506,4,3.107035803229893e-09,3.969982664918097e-10,`gtol` termination condition is satisfied.,True,True,0.0,0.007241500017698854,True,0.021724546683743406,0.021819033145239836,False,False,False,False,False,False,1.0,False,False,False,0.0006437172805157141,0.0034187756536306502,0.0006437198479240572,0.0034187759684843368
2.170596900010085,1786138789.5917826,0.008989299996756017,0.006931799987796694,0.008989299996756017,TELEOP,0,,0.0,2.170596900010085,422,-0.012925490778902754,0.03354818573357992,0.0,0.027497199542757294,0.030921693803500617,0.05761364659918912,0.9974810377120822,-0.011044080560885898,0.03118111508490321,0.0,0.02566755474818166,0.02864720552081449,0.05361147752339168,0.9978207873796058,-0.019312964424472504,-0.21592815293263215,0.27781218396819823,-0.11772758235959817,0.017705252340234876,0.024713881548094736,0.9925804574190243,-0.019235191940034174,-0.2160243509080525,0.27783796267133304,-0.11781099448188288,0.017579211176222666,0.02454714660070046,0.9925769383314199,-0.019235188285396457,-0.21602435211878468,0.2778379625208435,-0.11781099452988349,0.017579211179856648,0.024547146358927113,0.9925769383316375,-0.018829009151232767,-0.21650966041665187,0.277958172500509,-0.11839057455432435,0.016627839644823887,0.023292967376024896,0.9925545952119019,-0.018829009151232767,-0.21650966041665187,0.277958172500509,-0.11839057455432435,0.016627839644823887,0.023292967376024896,0.9925545952119019,-0.07511529037172385,-0.5891727486142803,0.8169983642756835,-0.2752006435814752,0.4804564760174856,-0.2338450878748294,-0.06801868504444769,-0.585894691930042,0.8155485721906316,-0.25356192410291645,0.48093719890916914,-0.2143434573736481,-0.06801868504444769,-0.585894691930042,0.8155485721906316,-0.25356192410291645,0.48093719890916914,-0.2143434573736481,-0.10122786200764491,-0.05138439841530049,0.022985842915260474,-0.331609366300746,-0.013762990981486931,-0.29491935700910304,0.016134190642098922,0.06526928625912456,-0.03211641177262646,0.3360574093062979,0.08741582818284267,0.2536236589126529,0.5,0.0,0.0,0.5,True,False,True,False,1,True,True,0.0034534999867901206,4,3.852907521551535e-09,4.93038181748817e-10,`gtol` termination condition is satisfied.,True,True,0.0,0.008989299996756017,True,0.021638719478558777,0.021724546683743406,False,False,False,False,False,False,1.0,False,False,False,0.0006441708408643702,0.003355285739644439,0.0006441740293476407,0.003355286130174845
2.180324500011582,1786138789.6023273,0.009727600001497194,0.007743900001514703,0.009727600001497194,TELEOP,0,,0.0,2.180324500011582,423,-0.013131229557576375,0.03377415825840623,0.0,0.027669920612116164,0.031140649760488623,0.05799480437356388,0.9974473610629715,-0.011235303482090822,0.031418696045727,0.0,0.025851129950076438,0.028875798288620278,0.05401333403346851,0.9977877866059938,-0.01937032933418219,-0.2158593061873027,0.2777937347010001,-0.11763534708963884,0.017845020940083844,0.024898478226351772,0.9925842765854999,-0.01929194409015047,-0.21595503891023762,0.27781938874198137,-0.11771786403764872,0.017720152325985773,0.024733434313839075,0.9925808571169407,-0.01929194012776835,-0.21595504021734427,0.27781938856546257,-0.1177178640902414,0.017720152329936834,0.024733434051840794,0.9925808571171613,-0.01888100183641178,-0.21643764404104068,0.2779380927147217,-0.11828735986319519,0.016781199749176034,0.023504275403703017,0.9925593387144772,-0.01888100183641178,-0.21643764404104068,0.2779380927147217,-0.11828735986319519,0.016781199749176034,0.023504275403703017,0.9925593387144772,-0.0761296753287676,-0.5896403834766589,0.8172056473756955,-0.27833857569814596,0.48038967364672,-0.2366657582202896,-0.06900357787562611,-0.5863891412616231,0.8157694814152776,-0.2567617820076416,0.4808115019332298,-0.21719351907653184,-0.06900357787562611,-0.5863891412616231,0.8157694814152776,-0.2567617820076416,0.4808115019332298,-0.21719351907653184,-0.10124725842210182,-0.05082952953504276,0.02270953006003485,-0.3289462872890211,-0.012921684271557371,-0.29298713993637593,-0.0019939568294250268,0.0570406760323547,-0.02840503877452765,0.2737652670047136,0.08648656501090435,0.1986324553260546,0.5,0.0,0.0,0.5,True,False,True,False,1,True,True,0.003776999976253137,4,4.176141608698773e-09,5.345081741561894e-10,`gtol` termination condition is satisfied.,True,True,0.0,0.009727600001497194,True,0.02157679369050436,0.021638719478558777,False,False,False,False,False,False,1.0,False,False,False,0.0006448778217622224,0.0032968178739892348,0.0006448812924326517,0.0032968182965473943
2.190386099995183,1786138789.6122928,0.0100615999836009,0.007651499996427447,0.0100615999836009,TELEOP,0,,0.0,2.190386099995183,425,-0.013345481390700615,0.03400656209499168,0.0,0.02784737721417329,0.03136597937373768,0.05838670611802649,0.9974124981515448,-0.011434647515214037,0.03166317453224022,0.0,0.026039833707989138,0.02911118899109615,0.054426742315704255,0.997753574514712,-0.019430130520370542,-0.2157884606436696,0.2777747497930555,-0.11754052307023694,0.017988923419485357,0.02508837134538942,0.9925881309454687,-0.019351116061916567,-0.21588370944271676,0.277800274168855,-0.11762211540284441,0.017865270840012656,0.024925076741371573,0.9925848128071525,-0.01935111195350754,-0.21588371079525315,0.2778002739774132,-0.1176221154576891,0.017865270844124204,0.02492507646985767,0.9925848128073973,-0.01893545090077393,-0.21636375886900766,0.2779176187222077,-0.11818244455792509,0.01693709215252704,0.023717313509391363,0.9925641207235062,-0.01893545090077393,-0.21636375886900766,0.2779176187222077,-0.11818244455792509,0.01693709215252704,0.023717313509391363,0.9925641207235062,-0.07718421473947668,-0.5901203564332583,0.8174181514319367,-0.2815894451074739,0.48032906607005993,-0.23959019127032255,-0.07002356628002766,-0.5868952662657716,0.8159953167215545,-0.26004797001339836,0.48069020961182324,-0.22012495129653542,-0.07002356628002766,-0.5868952662657716,0.8159953167215545,-0.26004797001339836,0.48069020961182324,-0.22012495129653542,-0.10137437445972797,-0.050302636257986214,0.022445267814755226,-0.3266069025913177,-0.012054973523522161,-0.2913485156219119,-0.012633779700378135,0.05236674862003198,-0.026264435647445437,0.23250623176396534,0.08614044977417461,0.16285921892490035,0.5,0.0,0.0,0.5,True,False,True,False,1,True,True,0.00412180001148954,4,4.329553022408331e-09,5.540566905654854e-10,`gtol` termination condition is satisfied.,True,True,0.0,0.0100615999836009,True,0.021541475094075557,0.02157679369050436,False,False,False,False,False,False,1.0,False,False,False,0.0006457476697642226,0.003246292958772976,0.0006457512849940805,0.0032462933959908954
2.200403699992992,1786138789.6219735,0.010017599997809157,0.007315099996048957,0.010017599997809157,TELEOP,0,,0.0,2.200403699992992,427,-0.013560251644879263,0.034236599419560865,0.0,0.02802284674715499,0.03158915620645579,0.05877451321447784,0.9973777628695913,-0.011634653511959752,0.03190532547637546,0.0,0.02622654343104342,0.029344496651565025,0.054836101468404355,0.9977194349674025,-0.01949013031491225,-0.215718289562948,0.27775594561403855,-0.11744668908989239,0.01813153042560307,0.02527639489302425,0.9925918731721812,-0.019410493384905282,-0.2158130534530026,0.2777813400605874,-0.11752736168701937,0.018009092185913587,0.025114842902722225,0.9925886542367385,-0.019410489283274504,-0.21581305480291546,0.2777813398653388,-0.11752736174188688,0.01800909219003531,0.02511484263179217,0.9925886542370222,-0.01899031917800906,-0.2162907703236719,0.27789751257182355,-0.11807972971968139,0.017089744089764877,0.02392426790488762,0.992568762092324,-0.01899031917800906,-0.2162907703236719,0.27789751257182355,-0.11807972971968139,0.017089744089764877,0.02392426790488762,0.992568762092324,-0.07823939766632108,-0.5905945081334646,0.8176278331272383,-0.2848310397539521,0.48027726686098077,-0.24250849431843863,-0.07104075443933207,-0.5873940824244765,0.8162176069417675,-0.2632986900898908,0.4805780945522218,-0.22302907051784687,-0.07104075443933207,-0.5873940824244765,0.8162176069417675,-0.2632986900898908,0.4805780945522218,-0.22302907051784687,-0.10154010536724037,-0.04979397847927888,0.022189967683044053,-0.32450088616069517,-0.011191808379851668,-0.2899016952110865,-0.016543973361747392,0.050776411397797545,-0.025485159296339058,0.2102316354299527,0.08616486422489092,0.1444278481015228,0.5,0.0,0.0,0.5,True,False,True,False,1,True,True,0.0038884000096004456,4,4.322471717800212e-09,5.529217230086424e-10,`gtol` termination condition is satisfied.,True,True,0.0,0.010017599997809157,True,0.021532349664061257,0.021541475094075557,False,False,False,False,False,False,1.0,False,False,False,0.0006467233828016005,0.0032051057640928846,0.0006467270096646837,0.0032051061997412245
2.211851899999263,1786138789.633031,0.011448200006270781,0.006925699999555945,0.011448200006270781,TELEOP,0,,0.0,2.211851899999263,430,-0.013807460068366735,0.034497826790931795,0.0,0.028221890273348583,0.03184276364804036,0.05921477621290544,0.9973380437899226,-0.011865200104955627,0.03218041227326518,0.0,0.026438395379945905,0.029609740244550865,0.055300994669789626,0.9976803468651249,-0.019559292015691458,-0.21563857422880328,0.27773458378803106,-0.1173402049201911,0.018293629503225464,0.025489913190448403,0.9925960325099178,-0.019478950618083628,-0.21573278144463343,0.27775982907600355,-0.11741983019559918,0.018172580141076002,0.025330348859001088,0.9925929247352786,-0.01947894592362431,-0.2157327829807731,0.27775982883098704,-0.11741983025931724,0.018172580145808654,0.025330348549099563,0.9925929247355627,-0.019054054177976853,-0.21620786556989094,0.2778748579518037,-0.11796450094910774,0.017261478143126913,0.024155177201292555,0.9925738991644484,-0.019054054177976853,-0.21620786556989094,0.2778748579518037,-0.11796450094910774,0.017261478143126913,0.024155177201292555,0.9925738991644484,-0.07945191171433186,-0.5911315514012866,0.8178650351338861,-0.28854131512663295,0.48022880245953165,-0.24585154684045465,-0.07220910258443027,-0.5879590951715223,0.8164690256302043,-0.2669989490470799,0.4804611507338993,-0.22634035310341738,-0.07220910258443027,-0.5879590951715223,0.8164690256302043,-0.2669989490470799,0.4804611507338993,-0.22634035310341738,-0.1020551828635277,-0.049353850101881286,0.02196141649333921,-0.3232175324646862,-0.010215039766816291,-0.2892404555962296,-0.044992007128212386,0.03844520336441677,-0.01996394101951861,0.11210091501773212,0.08532071526531236,0.05775926473111509,0.5,0.0,0.0,0.5,True,False,True,False,1,True,True,0.003488099988317117,4,4.945473335821695e-09,6.328393948910646e-10,`gtol` termination condition is satisfied.,True,True,0.0,0.011448200006270781,True,0.021542366079553066,0.021532349664061257,False,False,False,False,False,False,1.0,False,False,False,0.0006476636168861875,0.0031674363216396204,0.0006476677799265284,0.0031674368199297977
2.2202084000088034,1786138789.6412175,0.008356500009540468,0.006755900016287342,0.008356500009540468,TELEOP,0,,0.0,2.2202084000088034,431,-0.01398909046759282,0.03468738091365195,0.0,0.02836617717653364,0.032026902109176136,0.05953415997085568,0.9973090400323479,-0.012034549511360772,0.032380312565654934,0.0,0.02659220750506726,0.029802594999085583,0.05563874387445826,0.9976517378381098,-0.019610095182873696,-0.2155806466138033,0.2777190605481654,-0.1172628840313162,0.018411474752607033,0.025645030202198743,0.9925989955928933,-0.019529239862987616,-0.21567444318426945,0.277744195805314,-0.11734174226362246,0.018291445641955464,0.025486923185874772,0.9925959677962541,-0.019529236416740346,-0.21567444432730742,0.27774419565175873,-0.1173417423090997,0.018291445645455137,0.025486922958448937,0.992595967796653,-0.01910089363651315,-0.2161478467175137,0.277858493452199,-0.11788136725830742,0.017385036848578384,0.024320209154131852,0.9925775894980629,-0.01910089363651315,-0.2161478467175137,0.277858493452199,-0.11788136725830742,0.017385036848578384,0.024320209154131852,0.9925775894980629,-0.08034077253767331,-0.5915208405155105,0.8180367834543095,-0.2912530957390103,0.4802001030116914,-0.24829650956444607,-0.0730615694403023,-0.5883673027933191,0.816650482311266,-0.2696824230615679,0.480381857026375,-0.228744482259636,-0.0730615694403023,-0.5883673027933191,0.816650482311266,-0.2696824230615679,0.480381857026375,-0.228744482259636,-0.10201242803790858,-0.04884911402269989,0.021714435571652275,-0.3211241562166438,-0.009488865845005667,-0.2876957043587464,0.005116355599870011,0.060400416275372196,-0.029555546150297717,0.2505087351944477,0.086899290490225,0.18485624791713673,0.5,0.0,0.0,0.5,True,False,True,False,1,True,True,0.003635300003224984,4,3.634107217968727e-09,4.6390990775344086e-10,`gtol` termination condition is satisfied.,True,True,0.0,0.008356500009540468,True,0.021570672677442393,0.021542366079553066,False,False,False,False,False,False,1.0,False,False,False,0.0006485764007511009,0.0031460015041948363,0.0006485794840314378,0.00314600186872381
2.2302437999966314,1786138789.6514916,0.010035399987827986,0.006990699999732897,0.010035399987827986,TELEOP,0,,0.0,2.2302437999966314,433,-0.014208523659400701,0.03491375404278837,0.0,0.028538330695412763,0.0322469326658913,0.05991548840179605,0.9972742016438283,-0.012239436560337809,0.03261908439675717,0.0,0.026775737424417308,0.03003310490137462,0.0560420605929772,0.9976173414390184,-0.019671559321055396,-0.21551145468742908,0.27770051872632445,-0.11717061330582323,0.01855230788100912,0.0258302505079854,0.9926024669566967,-0.019590090735715406,-0.21560475494618886,0.2777255209985743,-0.11724855147184383,0.01843350727501254,0.02567389409461378,0.9925995336233616,-0.019590086596587224,-0.21560475630700768,0.27772552078774493,-0.11724855152763608,0.018433507279223164,0.02567389382161241,0.9925995336237544,-0.019157781522206586,-0.216076262510087,0.2778391057557946,-0.11778325567857353,0.01753135578839351,0.024514439266892406,0.9925818850419377,-0.019157781522206586,-0.216076262510087,0.2778391057557946,-0.11778325567857353,0.01753135578839351,0.024514439266892406,0.9925818850419377,-0.08141318663237763,-0.5919845922928041,0.8182411748400255,-0.2945134943945819,0.4801738316268061,-0.2512382248445267,-0.07408830456795265,-0.5888529497385828,0.8168660906529683,-0.27289151752960933,0.48029530421916505,-0.23162341098621225,-0.07408830456795265,-0.5888529497385828,0.8168660906529683,-0.27289151752960933,0.48029530421916505,-0.23162341098621225,-0.10231133077861207,-0.04839338201294951,0.02148477808197015,-0.319777435073216,-0.008624749119609375,-0.28687732726828136,-0.02978483578791359,0.0454124409892123,-0.02288473702699253,0.13419705692461203,0.08610685437993357,0.0815490255951623,0.5,0.0,0.0,0.5,True,False,True,False,1,True,True,0.0035926999989897013,4,4.362185115927084e-09,5.573523304886037e-10,`gtol` termination condition is satisfied.,True,True,0.0,0.010035399987827986,True,0.02162197686497258,0.021570672677442393,False,False,False,False,False,False,1.0,False,False,False,0.0006496978696627922,0.003126936312926485,0.0006497015745483233,0.003126936751131286
2.240275200012209,1786138789.6622305,0.010031400015577674,0.007695000007515773,0.010031400015577674,TELEOP,0,,0.0,2.240275200012209,435,-0.01442929154646373,0.03513864966263677,0.0,0.028709188368963804,0.032465661748050795,0.06029422816648191,0.9972393741525977,-0.012445745967967011,0.032856462531009184,0.0,0.026958005989527238,0.030262420384372712,0.05644291376113137,0.9975829034780527,-0.01973345017836915,-0.2154426666120477,0.27768208511590636,-0.11707896516183566,0.018692390295737608,0.026014330298343512,0.9926058457820981,-0.01965137226472225,-0.21553546742130406,0.2777069535623847,-0.1171559845546146,0.018574821050423736,0.02585972449337616,0.9926030052116055,-0.01965136811783804,-0.2155354687844236,0.27770695334669715,-0.1171559846106495,0.018574821054659848,0.025859724219998634,0.9926030052120346,-0.019215269659706977,-0.21600517241088937,0.27781995196065973,-0.11768663358250255,0.017675740264897766,0.024704954708216143,0.9925860616062321,-0.019215269659706977,-0.21600517241088937,0.27781995196065973,-0.11768663358250255,0.017675740264897766,0.024704954708216143,0.9925860616062321,-0.08249025083066822,-0.592444330193975,0.81844357255523,-0.29777644740726744,0.48015624211474345,-0.25418438600021226,-0.075118043030478,-0.5893339991767558,0.8170793913514035,-0.27608836960570793,0.480217448145441,-0.23449507253562335,-0.075118043030478,-0.5893339991767558,0.8170793913514035,-0.27608836960570793,0.480217448145441,-0.23449507253562335,-0.10265152031882775,-0.04795436703011858,0.02126330303884966,-0.31868453766515364,-0.007761237075896394,-0.28626727525088347,-0.03391246881665616,0.043764079006837396,-0.022078178796236005,0.1089476450311197,0.08608091017924131,0.06081424491601595,0.5,0.0,0.0,0.5,True,False,True,False,1,True,True,0.004049599985592067,4,4.370499357178695e-09,5.581874583897677e-10,`gtol` termination condition is satisfied.,True,True,0.0,0.010031400015577674,True,0.021688077801559513,0.02162197686497258,False,False,False,False,False,False,1.0,False,False,False,0.0006508241303584736,0.0031136568844370893,0.0006508278553927913,0.0031136573232871984
2.2502885000063797,1786138789.6728501,0.010013299994170666,0.008306500007165596,0.010013299994170666,TELEOP,0,,0.0,2.2502885000063797,437,-0.014651070380284133,0.0353617473372057,0.0,0.028878510399925564,0.032682774642416784,0.06066984166468223,0.9972046119985291,-0.01265317332608742,0.03309210926427857,0.0,0.02713875766741565,0.030490211957167113,0.05684073518100717,0.9975484778351171,-0.01979567643516213,-0.21537438024854808,0.2776637859414087,-0.11698806830453182,0.01883152118620693,0.026197008871915853,0.9926091287160079,-0.019712993840142,-0.21546667907419753,0.2776885198830007,-0.1170641714418831,0.018715184436899915,0.02604415130345913,0.992606379094453,-0.019712989691747063,-0.21546668043773903,0.277688519662972,-0.11706417149806925,0.018715184441155518,0.026044151030116473,0.9926063790949183,-0.01927326059390734,-0.21593465207016652,0.27780104308237513,-0.11759153892782322,0.017818164070116407,0.02489187414497398,0.9925901156083047,-0.01927326059390734,-0.21593465207016652,0.27780104308237513,-0.11759153892782322,0.017818164070116407,0.02489187414497398,0.9925901156083047,-0.08357037328650983,-0.5928993976205615,0.8186436960712371,-0.30103705536521413,0.48014735198065517,-0.2571305422917651,-0.07614968674844606,-0.5898099357628743,0.8172901646282023,-0.27927089831634455,0.4801483617519993,-0.2373573867027772,-0.07614968674844606,-0.5898099357628743,0.8172901646282023,-0.27927089831634455,0.4801483617519993,-0.2373573867027772,-0.10302734548736553,-0.047530443150169334,0.02104933208047371,-0.3178301571399424,-0.00689946306231745,-0.2858512347398132,-0.03753259851962624,0.04233608103183109,-0.02136867551162107,0.08532457089157619,0.08606293770092123,0.041548791238898986,0.5,0.0,0.0,0.5,True,False,True,False,1,True,True,0.005037099996116012,4,4.372280710790113e-09,5.581806741404827e-10,`gtol` termination condition is satisfied.,True,True,0.0,0.010013299994170666,True,0.021766157048869583,0.021688077801559513,False,False,False,False,False,False,1.0,False,False,False,0.0006519360767421584,0.003105330228733932,0.0006519398156254287,0.0031053306676854927
2.260952700009173,1786138789.682938,0.010664200002793223,0.00773099999059923,0.010664200002793223,TELEOP,0,,0.0,2.260952700009173,439,-0.01488880403287054,0.03559780776617897,0.0,0.029057486474623646,0.032912646055867086,0.06106717275568071,0.997167599062969,-0.012875759318859703,0.03334158975251193,0.0,0.02732991107223828,0.030731542351541317,0.057261790497434864,0.9975117721683825,-0.0198624501678368,-0.21530208508054793,0.27764441248675015,-0.11689192812896462,0.018978898250643243,0.026390346246025095,0.9926125267114554,-0.01977912836949347,-0.21539384611709234,0.2776690023293652,-0.11696705765441004,0.018863876222898267,0.026239349097863206,0.9926098720829033,-0.019779123944998197,-0.21539384756753036,0.2776690020825874,-0.11696705771483057,0.018863876227454494,0.026239348806485065,0.9926098720833993,-0.019335768347055086,-0.21585994505035627,0.2777811171122376,-0.1174916802239675,0.017968263571520773,0.02508791083101824,0.9925942994559803,-0.019335768347055086,-0.21585994505035627,0.2777811171122376,-0.1174916802239675,0.017968263571520773,0.02508791083101824,0.9925942994559803,-0.08472626017020204,-0.5933796926329654,0.8188546803438206,-0.30451319460183124,0.4801475420513587,-0.2602737999240279,-0.07725433285354508,-0.5903126753196377,0.8175125166821803,-0.28265703101425976,0.480084577964179,-0.24040661996729676,-0.07725433285354508,-0.5903126753196377,0.8175125166821803,-0.28265703101425976,0.480084577964179,-0.24040661996729676,-0.10358452624760225,-0.04714273519173381,0.020850326693029397,-0.317523367625166,-0.005981113239020453,-0.28593174018875245,-0.052247778557302886,0.03635602842538389,-0.018661070440557186,0.02876816964198503,0.08611521005386782,-0.007549131572753824,0.5,0.0,0.0,0.5,True,False,True,False,1,True,True,0.004181700001936406,4,4.662706099249984e-09,5.952238854236495e-10,`gtol` termination condition is satisfied.,True,True,0.0,0.010664200002793223,True,0.021856163587571475,0.021766157048869583,False,False,False,False,False,False,1.0,False,False,False,0.0006529784296572235,0.0031005826587890617,0.0006529824267351031,0.0031005831272347567
2.270512100010481,1786138789.692526,0.00955940000130795,0.007760100008454174,0.00955940000130795,TELEOP,0,,0.0,2.270512100010481,441,-0.015103248912256596,0.03580805445036186,0.0,0.029216731582600873,0.033117504615218396,0.06142096214780749,0.9971344337111867,-0.01307663112875851,0.03356401684849952,0.0,0.02750016812927957,0.030946835220059376,0.057637089661549186,0.9974788218494017,-0.019922709869592457,-0.21523762950499836,0.27762713985352233,-0.11680628696708134,0.01911035642608284,0.02656266589349002,0.9926154896952106,-0.019838817397107696,-0.2153289044799967,0.27765159945730394,-0.1168805434119589,0.01899651734898996,0.026413339187354588,0.9926129187217485,-0.01983881341860734,-0.21532890579023634,0.2776515992426998,-0.11688054346588347,0.018996517353108488,0.02641333892546191,0.992612918722289,-0.019392275691154787,-0.2157933919498246,0.27776341640530305,-0.1174031606982463,0.018101468335196533,0.02526115744425921,0.9925979592094415,-0.019392275691154787,-0.2157933919498246,0.27776341640530305,-0.1174031606982463,0.018101468335196533,0.02526115744425921,0.9925979592094415,-0.08576694828431725,-0.5938066439860088,0.8190420319246818,-0.307632065249827,0.4801559416852487,-0.263095914833051,-0.07824776361109288,-0.5907593700223142,0.8177098555732905,-0.2856862693472276,0.4800352531598604,-0.2431373108412507,-0.07824776361109288,-0.5907593700223142,0.8177098555732905,-0.2856862693472276,0.4800352531598604,-0.2431373108412507,-0.1039218734870261,-0.046728320042608185,0.020643439032066987,-0.3168858225990476,-0.005159822197195424,-0.2856550488085368,-0.03528958296312324,0.04335158577619081,-0.02164232702199938,0.06669299600719353,0.0859144969048955,0.02894442958530502,0.5,0.0,0.0,0.5,True,False,True,False,1,True,True,0.004081499995663762,4,4.194192167696287e-09,5.348378779244507e-10,`gtol` termination condition is satisfied.,True,True,0.0,0.00955940000130795,True,0.02194579590259943,0.021856163587571475,False,False,False,False,False,False,1.0,False,False,False,0.0006539467962611344,0.0030996696272178976,0.0006539504068676046,0.0030996700482118977
2.28065130000289,1786138789.702535,0.010139199992408976,0.007628899998962879,0.010139199992408976,TELEOP,0,,0.0,2.28065130000289,444,-0.015332075995009492,0.03602964120254603,0.0,0.0293844031122521,0.03333353905689367,0.0617937392668037,0.9970992758071312,-0.01329118681237479,0.03379857119230403,0.0,0.02767952229263963,0.03117401328667519,0.058032744060450496,0.9974438458169301,-0.019987074633075655,-0.21516965964112955,0.2776089254589764,-0.11671605877197401,0.019249051361923633,0.02674432277805755,0.9926185454874125,-0.019902580616189908,-0.21526041565729537,0.2776332460090779,-0.11678939050164776,0.01913646973802084,0.02659676776074185,0.9926160615952679,-0.01990257639154642,-0.2152604170451444,0.27763324577011306,-0.11678939055936484,0.019136469742410313,0.026596767482787977,0.99261606159584,-0.01945280071989525,-0.21572318288544753,0.2777448167715568,-0.11731041828800912,0.018241518401520513,0.025442693343889017,0.9926017238162083,-0.01945280071989525,-0.21572318288544753,0.2777448167715568,-0.11731041828800912,0.018241518401520513,0.025442693343889017,0.9926017238162083,-0.08687567454167135,-0.5942555001284014,0.8192387950001216,-0.3109427576660945,0.48017363876924807,-0.2660936933504935,-0.07930649464759906,-0.5912292683753648,0.8179171952359081,-0.2888977220891091,0.47999179017183674,-0.24603529472115415,-0.07930649464759906,-0.5912292683753648,0.8179171952359081,-0.2888977220891091,0.47999179017183674,-0.24603529472115415,-0.10441958313267671,-0.046344716881264014,0.020449311856245468,-0.3167363050621212,-0.0042866289309042025,-0.2858197769126874,-0.04908766431505878,0.037833671456462964,-0.01914620245846415,0.014746482665133072,0.08612052893176625,-0.016246656962475015,0.5,0.0,0.0,0.5,True,False,True,False,1,True,True,0.00357070000609383,4,4.4531833265514214e-09,5.678352308978115e-10,`gtol` termination condition is satisfied.,True,True,0.0,0.010139199992408976,True,0.02204503557698545,0.02194579590259943,False,False,False,False,False,False,1.0,False,False,False,0.0006549034021318659,0.0031012906786554843,0.0006549072435105596,0.0031012911261016573
2.290686699990718,1786138789.7120736,0.010035399987827986,0.0071331999788526446,0.010035399987827986,TELEOP,0,,0.0,2.290686699990718,446,-0.015559945958639833,0.036247519606563305,0.0,0.029549105611678214,0.03354608446204818,0.062160183018152466,0.9970645025383086,-0.013505007986523956,0.034029378769620734,0.0,0.02785583123506939,0.03139770434828292,0.05842197407461697,0.9974091987610131,-0.020051219074733444,-0.21510277550788764,0.2775910020042756,-0.11662735144669932,0.019385597875270267,0.026923021572738307,0.9926214839499196,-0.019966133132647886,-0.21519301433809548,0.277615183975626,-0.1166997690243392,0.019274263721176257,0.026777220366309487,0.9926190846125853,-0.019966128943519647,-0.21519301571502158,0.27761518373543825,-0.11669976908165995,0.019274263725548097,0.026777220090825383,0.9926190846131928,-0.019513256454093356,-0.21565406152244132,0.2777265580705008,-0.11721959379740865,0.01837904466427194,0.02562044428586325,0.9926053447275983,-0.019513256454093356,-0.21565406152244132,0.2777265580705008,-0.11721959379740865,0.01837904466427194,0.02562044428586325,0.9926053447275983,-0.08797787780582399,-0.5946958019834208,0.8194316095358695,-0.31422197795913137,0.4801999723710508,-0.2690650224095073,-0.08035938803449863,-0.5916905631254625,0.8181204998753582,-0.29207606709435374,0.4799574443436541,-0.2489061934716287,-0.08035938803449863,-0.5916905631254625,0.8181204998753582,-0.29207606709435374,0.4799574443436541,-0.2489061934716287,-0.10491792934777185,-0.04596675276095144,0.020258748001735806,-0.31671333570158483,-0.0034224672882260674,-0.28607716224133345,-0.049658829314185374,0.03766308475706068,-0.018989163834106943,0.0022888335855314468,0.08611133026349556,-0.025647739896587224,0.5,0.0,0.0,0.5,True,False,True,False,1,True,True,0.004012599994894117,4,4.416153422081824e-09,5.628379654047027e-10,`gtol` termination condition is satisfied.,True,True,0.0,0.010035399987827986,True,0.02214591086477763,0.02204503557698545,False,False,False,False,False,False,1.0,False,False,False,0.0006557903405274454,0.003104805587580196,0.0006557941606792343,0.0031048060314703254
2.300479299992392,1786138789.722105,0.009792600001674145,0.0073711000150069594,0.009792600001674145,TELEOP,0,,0.0,2.300479299992392,447,-0.01578362281238779,0.03645873739112548,0.0,0.02970861874110607,0.03375225179913996,0.06251533461784624,0.9970305995347394,-0.013715041370172354,0.034253310955777744,0.0,0.028026718261349278,0.03161486556098123,0.058799511135875664,0.9973753660629694,-0.020114227236153984,-0.21503788372887414,0.2775736124449709,-0.11654136154564314,0.01951814003666633,0.027096344117717008,0.9926242700005129,-0.020028566742208632,-0.21512761427382723,0.27759765822238996,-0.1166128878572354,0.019408026259359692,0.026952255041804464,0.9926219516263347,-0.020028562646752086,-0.2151276156215844,0.27759765798609776,-0.11661288791328467,0.01940802626365305,0.026952254772605582,0.9926219516269755,-0.019572736067140762,-0.2155869750134329,0.27770887563604585,-0.11713181560497497,0.018512278480993734,0.02579225270455998,0.9926087814536745,-0.019572736067140762,-0.2155869750134329,0.27770887563604585,-0.11713181560497497,0.018512278480993734,0.02579225270455998,0.9926087814536745,-0.08905797085505095,-0.5951216511417038,0.8196179098615983,-0.3174239007300803,0.48023412183539665,-0.2719682467905805,-0.08139137957105941,-0.5921370074050629,0.8183170383657046,-0.2951776754311517,0.47993217758364765,-0.2517102680110365,-0.08139137957105941,-0.5921370074050629,0.8183170383657046,-0.2951776754311517,0.47993217758364765,-0.2517102680110365,-0.10538483511879876,-0.045589963801651506,0.020070102966814718,-0.3167298098837609,-0.002580189122617604,-0.28634627564981835,-0.047679448864151354,0.038476906974196576,-0.019264039671674105,-0.0016823093124659905,0.08601169918759749,-0.027481303069552127,0.5,0.0,0.0,0.5,True,False,True,False,1,True,True,0.0039422000118065625,4,4.317991163214837e-09,5.500123737150008e-10,`gtol` termination condition is satisfied.,True,True,0.0,0.009792600001674145,True,0.022246225298928612,0.02214591086477763,False,False,False,False,False,False,1.0,False,False,False,0.0006566264441975935,0.0031096165536437137,0.000656630190079779,0.0031096169877843304
2.3107031999894643,1786138789.7325664,0.010223899997072294,0.0076083000167272985,0.010223899997072294,TELEOP,0,,0.0,2.3107031999894643,449,-0.01601853322369905,0.036677785043962984,0.0,0.029873884432565122,0.033966185950839674,0.06288355818554572,0.9969952393822089,-0.013935823273200839,0.03448569222302022,0.0,0.028203870407177187,0.03184036399251079,0.05919118741084168,0.9973400304047634,-0.020180459883448035,-0.214970543528798,0.2775555667509572,-0.11645220802899375,0.0196557509260765,0.02727614917369599,0.992627093317001,-0.020094203525723903,-0.21505974011964263,0.27757946945642115,-0.11652280573185636,0.019546913150467842,0.027133846398308556,0.9926248577938683,-0.020094199245509994,-0.2150597415259425,0.27757946920023185,-0.11652280579080611,0.019546913154972787,0.027133846117107292,0.9926248577945462,-0.019635402439601584,-0.2155172681715346,0.27769054613521094,-0.11704103497097286,0.01865054460496848,0.025970252332336293,0.9926122603074458,-0.019635402439601584,-0.2155172681715346,0.27769054613521094,-0.11704103497097286,0.01865054460496848,0.025970252332336293,0.9926122603074458,-0.09019049052708367,-0.5955621185297895,0.8198104156087493,-0.3207686865671992,0.48027880910466486,-0.27500308378697824,-0.08247483924819278,-0.5925994874120315,0.818520400076354,-0.29842001535845725,0.4799148306338422,-0.2546441335756027,-0.08247483924819278,-0.5925994874120315,0.818520400076354,-0.29842001535845725,0.4799148306338422,-0.2546441335756027,-0.10597322718763175,-0.04523518491974612,0.019890815707080442,-0.31713337652304996,-0.001696705739528985,-0.2869614888062604,-0.05755064789380593,0.03470093428212147,-0.01753609285943883,-0.03947286646041048,0.08641353919165996,-0.060174019368164355,0.5,0.0,0.0,0.5,True,False,True,False,1,True,True,0.003496399993309751,4,4.512598300148703e-09,5.746998517826512e-10,`gtol` termination condition is satisfied.,True,True,0.0,0.010223899997072294,True,0.022348671208741955,0.022246225298928612,False,False,False,False,False,False,1.0,False,False,False,0.0006573912275219831,0.0031152192499200493,0.0006573951501692543,0.003115219704086539
2.3201543000101337,1786138789.7417374,0.0094511000206694,0.007327300001634285,0.0094511000206694,TELEOP,0,,0.0,2.3201543000101337,451,-0.016236934831084106,0.03687892935538583,0.0,0.030025498413427835,0.03416274594428485,0.06322160187748026,0.9969625897146878,-0.014141193934747422,0.03469928799871932,0.0,0.028366546559092834,0.03204775458256026,0.05955111070215131,0.9973073476499945,-0.020242069313800425,-0.21490864703274112,0.2775389798395694,-0.11637032982742128,0.01978229488678866,0.02744137048097994,0.9926296279735937,-0.020155264626836266,-0.21499734630714087,0.27756274928997327,-0.11644006946798414,0.01967463994926345,0.027300720325412475,0.9926274676004445,-0.020155260661040116,-0.21499734761487002,0.27756274905706696,-0.11644006952234123,0.019674639953458185,0.027300720064979304,0.9926274676011478,-0.01969372836679788,-0.21545318007988426,0.2776737066692359,-0.11695774001691342,0.018777592480347584,0.02613358600255816,0.9926153961899972,-0.01969372836679788,-0.21545318007988426,0.2776737066692359,-0.11695774001691342,0.018777592480347584,0.02613358600255816,0.9926153961899972,-0.09124160100690093,-0.5959656891943498,0.8199866279412277,-0.32386209429528795,0.48032816493631353,-0.2778116173698047,-0.08348043497708295,-0.593023484008901,0.8187066450476882,-0.30141827125586984,0.47990645814940336,-0.2573591741101376,-0.08348043497708295,-0.593023484008901,0.8187066450476882,-0.30141827125586984,0.47990645814940336,-0.2573591741101376,-0.10639986104167173,-0.04486214260162829,0.01970616869220364,-0.31723882837504946,-0.0008858740697438941,-0.2872724369223833,-0.04514118495275148,0.039470783009595396,-0.019537092451987585,-0.011157627341672884,0.08579230650525499,-0.03290073276580319,0.5,0.0,0.0,0.5,True,False,True,False,1,True,True,0.0038062999956309795,4,4.182336664033472e-09,5.32158705142416e-10,`gtol` termination condition is satisfied.,True,True,0.0,0.0094511000206694,True,0.02244382303941811,0.022348671208741955,False,False,False,False,False,False,1.0,False,False,False,0.0006581085674018333,0.0031209133552265018,0.0006581122151400343,0.0031209137760369924
2.3301776999938992,1786138789.7522368,0.010023399983765557,0.007804199995007366,0.010023399983765557,TELEOP,0,,0.0,2.3301776999938992,453,-0.016469862237181755,0.03709083258173682,0.0,0.03018507268220409,0.03436993473527859,0.06357763993894112,0.9969280077684933,-0.014360424275680149,0.034924440622672234,0.0,0.028537852877888133,0.03226650096920307,0.05993040883879026,0.997272685861164,-0.020307836552302526,-0.2148434015356375,0.2775214954571451,-0.11628409757189542,0.019915749283625814,0.02761547764763708,0.9926322365189711,-0.020220454152850183,-0.21493157020412615,0.2775451227325309,-0.11635292917163746,0.01980935034527639,0.02747657868593415,0.9926301542547424,-0.020220449944504833,-0.21493157158872217,0.27754512247459445,-0.11635292922976753,0.019809350349744532,0.02747657840971028,0.9926301542554855,-0.019756090086736983,-0.21538553290344392,0.27765595891018696,-0.11687011994764411,0.018911686143577126,0.026305858532084146,0.9926186201142513,-0.019756090086736983,-0.21538553290344392,0.27765595891018696,-0.11687011994764411,0.018911686143577126,0.026305858532084146,0.9926186201142513,-0.0923609114149848,-0.5963896781060477,0.8201715848206292,-0.3271439999298996,0.4803891790178096,-0.2807932497062843,-0.08455270793772093,-0.5934696580032023,0.8189024166648202,-0.3046035242745184,0.4799062690640849,-0.2602457206464529,-0.08455270793772093,-0.5934696580032023,0.8189024166648202,-0.3046035242745184,0.4799062690640849,-0.2602457206464529,-0.10697697012737108,-0.04451323852423825,0.019531458132883883,-0.31778169321862526,-1.8864389204921927e-05,-0.28798077907601594,-0.05757618040126769,0.034808954841186644,-0.017430269130507554,-0.054159750629034775,0.08649856156027178,-0.07066885036812812,0.5,0.0,0.0,0.5,True,False,True,False,1,True,True,0.004192299995338544,4,4.437770603906201e-09,5.646211137040292e-10,`gtol` termination condition is satisfied.,True,True,0.0,0.010023399983765557,True,0.022540475655381198,0.02244382303941811,False,False,False,False,False,False,1.0,False,False,False,0.0006587834759804864,0.003126663289667423,0.0006587873530559526,0.0031266637366945227
2.3402215999882428,1786138789.7613237,0.01004389999434352,0.006847400014521554,0.01004389999434352,TELEOP,0,,0.0,2.3402215999882428,455,-0.016704600020966943,0.037301693530404294,0.0,0.030343709892988596,0.03457622154591233,0.06393183795944796,0.9968934066732837,-0.014581523515641542,0.03514866215101824,0.0,0.028708280326143216,0.03248447597771951,0.060308039536495044,0.9972379524609125,-0.020374164468220296,-0.21477842583538384,0.2775040833625487,-0.11619829721020221,0.020048714806618798,0.027788811555073463,0.992634770050097,-0.020286206915204864,-0.2148660595371314,0.27752756729433453,-0.11626622087050933,0.019943575934923484,0.027651665870370455,0.9926327644391008,-0.02028620269327234,-0.21486606092657143,0.2775275670311694,-0.11626622092897643,0.01994357593942587,0.027651665593387376,0.992632764439878,-0.01981907334793148,-0.2153180627982579,0.2776382693569583,-0.11678291242499492,0.01904548750654158,0.026477685057830463,0.9926217572495339,-0.01981907334793148,-0.2153180627982579,0.2776382693569583,-0.11678291242499492,0.01904548750654158,0.026477685057830463,0.9926217572495339,-0.09348707519650715,-0.5968104547063681,0.8203549689280839,-0.3304335806163429,0.48045919057895786,-0.2837838151111225,-0.08563310392767864,-0.5939132726361277,0.8190968553646474,-0.3078017153645366,0.47991481879910364,-0.2631460462376786,-0.08563310392767864,-0.5939132726361277,0.8190968553646474,-0.3078017153645366,0.47991481879910364,-0.2631460462376786,-0.10756737826602898,-0.04416756769534528,0.0193588844907505,-0.3184212399386037,0.000851236573794334,-0.28876488145631923,-0.05878275759320737,0.034415996683324554,-0.01718193552609783,-0.06367513817726253,0.08662979156396178,-0.07806752165442424,0.5,0.0,0.0,0.5,True,False,True,False,1,True,True,0.0035023999807890505,4,4.45247276954195e-09,5.662469556695622e-10,`gtol` termination condition is satisfied.,True,True,0.0,0.01004389999434352,True,0.022631865251806327,0.022540475655381198,False,False,False,False,False,False,1.0,False,False,False,0.0006593713083094661,0.0031316991505713934,0.0006593752076107491,0.0031316995993121498
2.3503896999969838,1786138789.7729654,0.010168100008741021,0.00832069999887608,0.010168100008741021,TELEOP,0,,0.0,2.3503896999969838,457,-0.016943591174597334,0.03751364865709334,0.0,0.030503017224322623,0.03478369641671808,0.06428778454795493,0.9968584358682622,-0.014806802648021427,0.03537422182706554,0.0,0.028879552415874893,0.03270388649189868,0.06068782383181976,0.997202795472988,-0.02044174634078623,-0.21471306234219403,0.277486567335502,-0.11611206101170951,0.020182537545159387,0.02796312602632122,0.9926372540100877,-0.02035321041953014,-0.21480015117869158,0.2775099052712899,-0.11617906771830236,0.020078675514059216,0.027827753337313667,0.9926353243552765,-0.02035320614129085,-0.2148001525865118,0.2775099049990353,-0.11617906777775347,0.02007867551864178,0.02782775305677292,0.9926353243560903,-0.01988334270187614,-0.2152500661497825,0.27762044796965707,-0.11669516982419927,0.019180454480458024,0.026651001330605856,0.9926248393193173,-0.01988334270187614,-0.2152500661497825,0.27762044796965707,-0.11669516982419927,0.019180454480458024,0.026651001330605856,0.9926248393193173,-0.0946317737432909,-0.5972322349077127,0.8205386212699235,-0.3337645060067259,0.4805391401455478,-0.28681395518657676,-0.08673321311170708,-0.5943589086109806,0.8192919707732035,-0.3110473555163268,0.47993245987950567,-0.26609139161334155,-0.08673321311170708,-0.5943589086109806,0.8192919707732035,-0.3110473555163268,0.47993245987950567,-0.26609139161334155,-0.10819220730350085,-0.04382686779928058,0.019188974182824132,-0.3191982916179073,0.0017349436361632819,-0.2896652642215325,-0.06144993036405321,0.03350674125665769,-0.016710133434988176,-0.07642053860953402,0.0869097532094755,-0.08854975506134427,0.5,0.0,0.0,0.5,True,False,True,False,1,True,True,0.0046276999928522855,4,4.512140487093269e-09,5.736173183503224e-10,`gtol` termination condition is satisfied.,True,True,0.0,0.010168100008741021,True,0.02271715049039913,0.022631865251806327,False,False,False,False,False,False,1.0,False,False,False,0.0006598587837313788,0.0031356131268395733,0.0006598627444154031,0.0031356135818512215
2.360750399987981,1786138789.7838285,0.010360699990997091,0.008823799988022074,0.010360699990997091,TELEOP,0,,0.0,2.360750399987981,459,-0.017188496968111002,0.037728043532475136,0.0,0.03066400208394949,0.03499367931565175,0.06464773702424217,0.9968228686591182,-0.01503783906332582,0.03560255628417564,0.0,0.02905275477635342,0.0329261338732966,0.06107217755084719,0.997166985152066,-0.02051105537525988,-0.2146468947423048,0.27746883581215304,-0.11602484205433496,0.02031807168926333,0.0281395296670976,0.9926397024395162,-0.02042193428179771,-0.21473342510450588,0.277492024105306,-0.1160909170083638,0.020215511479658718,0.028005960962699684,0.9926378484796602,-0.020421929919081178,-0.21473342653967892,0.27749202382126564,-0.11609091706923094,0.020215511484352595,0.028005960676761248,0.9926378484805134,-0.019949363403828788,-0.2151810816135849,0.2776023682060108,-0.11660626001487351,0.019317564021120684,0.026827118076299804,0.9926278847490403,-0.019949363403828788,-0.2151810816135849,0.2776023682060108,-0.11660626001487351,0.019317564021120684,0.026827118076299804,0.9926278847490403,-0.09580287326982231,-0.5976576240315985,0.8207236756259765,-0.3371588916999534,0.4806300109751025,-0.28990386862029804,-0.08786110869093632,-0.5948095064495926,0.819489047480246,-0.31436412873574765,0.4799598068475074,-0.2691032484432387,-0.08786110869093632,-0.5948095064495926,0.819489047480246,-0.31436412873574765,0.4799598068475074,-0.2691032484432387,-0.10886287415032964,-0.043491061318596626,0.01902156294591434,-0.3201302250140425,0.0026394903843857606,-0.2907001295775663,-0.064731808411745,0.03241156301946324,-0.01615829403952087,-0.08994888346781568,0.08730556323496315,-0.09988372956779498,0.5,0.0,0.0,0.5,True,False,True,False,1,True,True,0.004017400002339855,4,4.601488465540285e-09,5.84767836699171e-10,`gtol` termination condition is satisfied.,True,True,0.0,0.010360699990997091,True,0.02279476296420574,0.02271715049039913,False,False,False,False,False,False,1.0,False,False,False,0.0006602197056861814,0.0031379341331108745,0.0006602237540300159,0.003137934597391712
2.370343600013828,1786138789.7912514,0.009593200025847182,0.006655100005446002,0.009593200025847182,TELEOP,0,,0.0,2.370343600013828,461,-0.01741650064181461,0.03792513110821283,0.0,0.030811852567852318,0.03518681730999196,0.06497855077301729,0.9967900007365487,-0.015253034910754734,0.035812679386894336,0.0,0.02921199248559184,0.033130772020781775,0.06142578838443101,0.9971338345285853,-0.020575612390121317,-0.21458600447785176,0.2774525184924826,-0.11594464560232842,0.020442851263355447,0.02830181681106845,0.9926418972386606,-0.02048595212376462,-0.21467201394788277,0.2774755672129996,-0.1160098587099641,0.020341498908657368,0.028169918738778815,0.9926401119149346,-0.020485948076885023,-0.21467201528412022,0.27747556695388853,-0.11600985876617073,0.020341498913033468,0.028169918473653553,0.9926401119158,-0.02001085929913451,-0.215117538629183,0.277585695192684,-0.11652429356417268,0.01944404897098985,0.026989631075416232,0.9926306351223486,-0.02001085929913451,-0.215117538629183,0.277585695192684,-0.11652429356417268,0.01944404897098985,0.026989631075416232,0.9926306351223486,-0.09689128736824343,-0.5980476848336252,0.82089321406364,-0.34030194011390563,0.4807224826039754,-0.29276673920235025,-0.08891007001089188,-0.5952232578830617,0.8196698346940116,-0.317439909806822,0.47999305859779173,-0.27189785234184943,-0.08891007001089188,-0.5952232578830617,0.8196698346940116,-0.317439909806822,0.47999305859779173,-0.27189785234184943,-0.10934425604900588,-0.04312965771111927,0.01884535017287645,-0.32062096722545347,0.0034661791888802463,-0.2913109172206539,-0.05017949145011587,0.037672893977361024,-0.01836850816861052,-0.05115521516165372,0.0861744571433014,-0.06366881139160258,0.5,0.0,0.0,0.5,True,False,True,False,1,True,True,0.0036000999971292913,4,4.269649111699782e-09,5.42108803893674e-10,`gtol` termination condition is satisfied.,True,True,0.0,0.009593200025847182,True,0.022862030307083614,0.02279476296420574,False,False,False,False,False,False,1.0,False,False,False,0.0006605517593047518,0.0031389349897987637,0.0006605555280005337,0.003138935420394843
2.380357600013329,1786138789.8023522,0.010013999999500811,0.007737600011751056,0.010013999999500811,TELEOP,0,,0.0,2.380357600013329,463,-0.017655768273264212,0.038129393832150256,0.0,0.030964945425784866,0.03538709395312282,0.06532132600150224,0.996755762514437,-0.015479046754754937,0.03603060100508561,0.0,0.029376978881608243,0.033343130592087065,0.061792429480106055,0.997099255045883,-0.02064341413939881,-0.21452285431061013,0.2774355955539205,-0.11586154413238585,0.02057232125330912,0.02847007668864098,0.9926441139315001,-0.020553194751759537,-0.21460831677011843,0.2774584977033088,-0.11592585986768354,0.0204722305949233,0.028339920317460767,0.9926423987039877,-0.020553190526410525,-0.21460831816342923,0.27745849742402123,-0.11592585992672474,0.020472230599510966,0.028339920040777667,0.9926423987048972,-0.02007549664518616,-0.2150515249080835,0.277568366062588,-0.11643917756106242,0.019575695147747263,0.027158895783353024,0.9926334189761167,-0.02007549664518616,-0.2150515249080835,0.277568366062588,-0.11643917756106242,0.019575695147747263,0.027158895783353024,0.9926334189761167,-0.09803172365782908,-0.5984507246505519,0.821068247911841,-0.34358259076555425,0.4808277458036566,-0.2957568192761922,-0.09001090528799169,-0.5956516656125055,0.819856840767954,-0.32065833293741014,0.4800365025828004,-0.27482372183713627,-0.09001090528799169,-0.5956516656125055,0.819856840767954,-0.32065833293741014,0.4800365025828004,-0.27482372183713627,-0.10992962623873445,-0.042780879714904615,0.01867446314676761,-0.3213923637655852,0.0043383248462953924,-0.29217790048259473,-0.05845518172136483,0.034829038968647946,-0.017064811875110553,-0.07703180948374286,0.08709263605538463,-0.0865771182328813,0.5,0.0,0.0,0.5,True,False,True,False,1,True,True,0.003930999984731898,4,4.457902064364817e-09,5.659020198164903e-10,`gtol` termination condition is satisfied.,True,True,0.0,0.010013999999500811,True,0.022924257828144112,0.022862030307083614,False,False,False,False,False,False,1.0,False,False,False,0.0006608288586364375,0.003138260822389195,0.0006608328010570754,0.003138261272262996
2.390354499999037,1786138789.8121734,0.009996899985708296,0.0075637999980244786,0.009996899985708296,TELEOP,0,,0.0,2.390354499999037,465,-0.017895904528866254,0.03833180212278481,0.0,0.031116507505685412,0.03558565997628349,0.0656609067669946,0.9967216607896294,-0.015706035631370737,0.03624672828390587,0.0,0.02954044794848899,0.033553863784093994,0.06215595917193054,0.9970647606347235,-0.02071150901331385,-0.21446022409430304,0.27741881193929185,-0.11577919704749397,0.020700783507323944,0.02863690150139718,0.9926462526830088,-0.020620735103255294,-0.21454513717227097,0.2774415668821385,-0.11584261923562564,0.02060195314580972,0.028508481567620658,0.9926446058755956,-0.020620730882176183,-0.21454513856504348,0.27744156659939384,-0.11584261929472921,0.020601953150413643,0.028508481291346317,0.992644605876537,-0.020140454155036028,-0.214985943389792,0.2775511323722297,-0.11635457363234847,0.019706748237134128,0.02732752797853351,0.9926361183653026,-0.020140454155036028,-0.214985943389792,0.2775511323722297,-0.11635457363234847,0.019706748237134128,0.02732752797853351,0.9926361183653026,-0.09917446020010094,-0.5988489205666051,0.8212410343323477,-0.3468571226481865,0.48094166339007743,-0.29874317943098894,-0.0911156257037299,-0.5960758249787764,0.820041813517003,-0.32387887116768566,0.4800885872082197,-0.2777531089545175,-0.0911156257037299,-0.5960758249787764,0.820041813517003,-0.32387887116768566,0.4800885872082197,-0.2777531089545175,-0.11050629868434514,-0.042429089705545674,0.018503010864721246,-0.32215369113221654,0.005210077673454341,-0.2930295513178193,-0.05768512703289014,0.035189909858242795,-0.017150544898065837,-0.07615634523899448,0.08720231555834493,-0.08519149300704465,0.5,0.0,0.0,0.5,True,False,True,False,1,True,True,0.003909400023985654,4,4.453904878527061e-09,5.651294487924139e-10,`gtol` termination condition is satisfied.,True,True,0.0,0.009996899985708296,True,0.022978251480500866,0.022924257828144112,False,False,False,False,False,False,1.0,False,False,False,0.0006610440883414261,0.0031357374565003137,0.0006610480370188796,0.003135737906022811
2.400372499999892,1786138789.8214653,0.010018000000854954,0.006839300011051819,0.010018000000854954,TELEOP,0,,0.0,2.400372499999892,467,-0.018137818264730828,0.038533120494824706,0.0,0.031267114260542676,0.03578326294253562,0.06599857739343318,0.9966875706263456,-0.015934863106062225,0.0364618751438592,0.0,0.029703017996158997,0.03376376294322235,0.06251774800734623,0.9970302253281611,-0.02078015547476695,-0.21439787796778612,0.27740210444261415,-0.1156972930562683,0.020828720741021704,0.02880292034165099,0.9926483226961788,-0.020688829555406584,-0.21448223721313434,0.2774247109861543,-0.11575982224314332,0.020731153859348678,0.028676237932663096,0.9926467429009805,-0.020688825323112236,-0.2144822386103048,0.2774247106985331,-0.1157598223025439,0.020731153863985715,0.028676237655784382,0.9926467429019551,-0.020205975745205246,-0.21492054601284788,0.27753392600316523,-0.11627013861889494,0.019837723288460306,0.02749620799552389,0.9926387450357458,-0.020205975745205246,-0.21492054601284788,0.27753392600316523,-0.11627013861889494,0.019837723288460306,0.02749620799552389,0.9926387450357458,-0.10032381211211967,-0.5992437633941222,0.8214122270577611,-0.35013774367577644,0.48106468302601607,-0.3017369401070674,-0.09222844354407611,-0.5964973295292614,0.8202254544445076,-0.32711383700935004,0.4801495521547738,-0.2806971699074159,-0.09222844354407611,-0.5964973295292614,0.8202254544445076,-0.32711383700935004,0.4801495521547738,-0.2806971699074159,-0.11108183671902976,-0.042074720547909436,0.018331096774689713,-0.3229153365330706,0.006085540681665157,-0.2938771164550935,-0.05745039275658788,0.035373243921540516,-0.017160520065568046,-0.07602769023647774,0.08738900061250765,-0.08460422611318436,0.5,0.0,0.0,0.5,True,False,True,False,1,True,True,0.0035262000164948404,4,4.466220629331754e-09,5.66436939598842e-10,`gtol` termination condition is satisfied.,True,True,0.0,0.010018000000854954,True,0.023023906666426397,0.022978251480500866,False,False,False,False,False,False,1.0,False,False,False,0.0006611997253288253,0.0031312460150326807,0.0006612036946909616,0.0031312464658278857
2.410411400014371,1786138789.8316553,0.010038900014478713,0.006989799992879853,0.010038900014478713,TELEOP,0,,0.0,2.410411400014371,469,-0.01838150303547887,0.038733327377138256,0.0,0.03141675175617017,0.035979879845361044,0.0663343029374318,0.9966534985686899,-0.01616552383520386,0.036676019883488356,0.0,0.02986467473517904,0.03397280507603195,0.06287776065480062,0.9969956554234655,-0.020849351920850082,-0.2143358222196725,0.277385474749032,-0.11561583948564379,0.020956119197159465,0.028968117121917172,0.9926503245950384,-0.020757476558356903,-0.21441962319383318,0.2774079317038527,-0.115677476370265,0.02085981873341801,0.02884317301325301,0.9926488104025226,-0.020757472315357343,-0.2144196245952853,0.2774079314114117,-0.11567747642995455,0.02085981873808792,0.028843172735803817,0.9926488104035304,-0.020272057670055955,-0.21485533910799057,0.2775167457582987,-0.11618585781215839,0.01996862172640924,0.02766494827762494,0.9926413003837775,-0.020272057670055955,-0.21485533910799057,0.2775167457582987,-0.11618585781215839,0.01996862172640924,0.02766494827762494,0.9926413003837775,-0.10147972519240711,-0.5996351973804845,0.8215818077613164,-0.35342408530910896,0.48119685783998406,-0.30473775965210215,-0.09334932640049687,-0.5969161214429284,0.82040774422753,-0.330363063345684,0.4802194697784453,-0.28365572531991323,-0.09334932640049687,-0.5969161214429284,0.82040774422753,-0.330363063345684,0.4802194697784453,-0.28365572531991323,-0.1116539516086575,-0.041716912516607696,0.01815834232431518,-0.323663581831447,0.006964669791577461,-0.2947091223371447,-0.05698979856384682,0.03564215509524859,-0.017208503932241142,-0.074534590173949,0.08757225479329113,-0.08287819191855894,0.5,0.0,0.0,0.5,True,False,True,False,1,True,True,0.0039613999833818525,4,4.478016866405882e-09,5.676750005793236e-10,`gtol` termination condition is satisfied.,True,True,0.0,0.010038900014478713,True,0.023061021963424966,0.023023906666426397,False,False,False,False,False,False,1.0,False,False,False,0.0006612980239978915,0.0031247102356316042,0.0006613020137685356,0.0031247106876072885
2.4211457999987287,1786138789.8424695,0.010734399984357879,0.007068400009302422,0.010734399984357879,TELEOP,0,,0.0,2.4211457999987287,471,-0.018643461882219627,0.03894569959916225,0.0,0.03157533157548537,0.036188558191673305,0.06669034029654479,0.9966171708349386,-0.0164136991952801,0.036903337078663515,0.0,0.030036100042359248,0.03419484141465225,0.06325981638203013,0.9969587459600242,-0.02092380264717343,-0.21426994927989262,0.2773678221105296,-0.115529453201139,0.021091418339419722,0.029143420704382722,0.9926523855535355,-0.020831344810760315,-0.21435315045626185,0.27739011834946875,-0.11559014025960992,0.020996470365527473,0.02902032938279528,0.9926509397514653,-0.02083134027589452,-0.21435315195108798,0.277390118025021,-0.11559014032390089,0.0209964703705403,0.029020329086415886,0.9926509397525377,-0.02034328381383635,-0.21478591962353452,0.2774984376929747,-0.11609610860458597,0.02010833918961008,0.027845266955982963,0.9926439388673352,-0.02034328381383635,-0.21478591962353452,0.2774984376929747,-0.11609610860458597,0.02010833918961008,0.027845266955982963,0.9926439388673352,-0.10272035438229372,-0.6000489210625782,0.8217609023040169,-0.3569364463470175,0.4813481495481604,-0.3079470359453133,-0.09455576326458372,-0.5973602446332008,0.8206008715443835,-0.3338496459360823,0.48030452088277514,-0.2868321164261486,-0.09455576326458372,-0.5973602446332008,0.8206008715443835,-0.3338496459360823,0.48030452088277514,-0.2868321164261486,-0.11238978106320437,-0.04137382535768693,0.017991440335269327,-0.32480460905862735,0.007923228541301426,-0.2959076530466524,-0.06854872704753992,0.031961465887307,-0.015548329602871336,-0.10629632106527107,0.08929784162326466,-0.1116532560044528,0.5,0.0,0.0,0.5,True,False,True,False,1,True,True,0.0037958000029902905,4,4.785893778935946e-09,6.06631197385046e-10,`gtol` termination condition is satisfied.,True,True,0.0,0.010734399984357879,True,0.023086800410935193,0.023061021963424966,False,False,False,False,False,False,1.0,False,False,False,0.0006612262237216095,0.0031148684779080077,0.000661230496149306,0.003114868961182357
2.4301359000015763,1786138789.851954,0.008990100002847612,0.007564300001831725,0.008990100002847612,TELEOP,0,,0.0,2.4301359000015763,473,-0.018863951447580435,0.03912219933159908,0.0,0.03170700741875911,0.036362077403923436,0.06698616907743969,0.9965868342295852,-0.01662262505508121,0.037092532502667835,0.0,0.030178653804683885,0.034379735543966575,0.06357772770409807,0.9969278585627185,-0.020986478838980523,-0.21421512341204216,0.277353129857564,-0.11545760786120868,0.02120407208252511,0.029289286942251292,0.9926540514119211,-0.020893534916670054,-0.21429781819552635,0.2773752904083949,-0.11551749964558787,0.021110259578576603,0.02916774856455952,0.9926526616394233,-0.020893531108795292,-0.2142978194611032,0.27737529015058304,-0.11551749969885003,0.021110259582809886,0.02916774831577897,0.9926526616404452,-0.02040315702004269,-0.21472814014613173,0.2774831519997696,-0.11602109616437546,0.02022487503354335,0.02799575247337449,0.9926461089019308,-0.02040315702004269,-0.21472814014613173,0.2774831519997696,-0.11602109616437546,0.02022487503354335,0.02799575247337449,0.9926461089019308,-0.10376275222905701,-0.6003919178331671,0.8219092718283157,-0.35987673031478484,0.4814824476451999,-0.31063506305630706,-0.09556888393084013,-0.5977286858192115,0.820760963143104,-0.33677021128419177,0.4803826222258253,-0.28949400173622303,-0.09556888393084013,-0.5977286858192115,0.820760963143104,-0.33677021128419177,0.4803826222258253,-0.28949400173622303,-0.11269292509933261,-0.04098299083368283,0.017807543705825216,-0.3248646118713239,0.008687483234378231,-0.29609073416661835,-0.033719762408897236,0.04347387947634699,-0.020455459826460583,-0.00667432093943085,0.08501069986259627,-0.02036474787910636,0.5,0.0,0.0,0.5,True,False,True,False,1,True,True,0.003845500003080815,4,4.020952868773204e-09,5.089109257625985e-10,`gtol` termination condition is satisfied.,True,True,0.0,0.008990100002847612,True,0.023106519030593076,0.023086800410935193,False,False,False,False,False,False,1.0,False,False,False,0.0006612690960518998,0.0031055646041442974,0.0006612727013625865,0.003105565009401058
2.440259399990853,1786138789.8620327,0.010123499989276752,0.007516799989389256,0.010123499989276752,TELEOP,0,,0.0,2.440259399990853,475,-0.019113427449068805,0.03931945620244593,0.0,0.0318540423803661,0.03655609918799087,0.06731671426149305,0.996552774105428,-0.0168592407284807,0.03730407995512391,0.0,0.030337897052513395,0.034586591250636255,0.06393310942506004,0.9968931423313815,-0.021057461789839735,-0.21415382025594068,0.27733670180601117,-0.11537734217158434,0.021330090673031026,0.02945233861646375,0.992655859749653,-0.020963974693564823,-0.21423594192995993,0.27735870879190927,-0.1154363419322675,0.021237555706337223,0.029332544263890665,0.992654531564695,-0.020963970411951704,-0.21423594334652202,0.2773587084845882,-0.11543634199291299,0.021237555711114086,0.029332543984303724,0.9926545315658019,-0.02047100703319861,-0.21466341968753566,0.27746601707797613,-0.11593707450140293,0.020355731587558268,0.028164918568310476,0.9926484656259899,-0.02047100703319861,-0.21466341968753566,0.27746601707797613,-0.11593707450140293,0.020355731587558268,0.028164918568310476,0.9926484656259899,-0.10494053336834151,-0.600773833062162,0.8220743628595596,-0.3631856055316351,0.48164239231011463,-0.3136618704711924,-0.09671543494876166,-0.598139838143836,0.8209394570698344,-0.34006580346134085,0.4804796138281753,-0.29249917244243806,-0.09671543494876166,-0.598139838143836,0.8209394570698344,-0.34006580346134085,0.4804796138281753,-0.29249917244243806,-0.11325638555203228,-0.040613653880578277,0.01763164191430289,-0.32553881371461674,0.009580836909438978,-0.29685096156450086,-0.0556586608679327,0.036483128710008104,-0.01737559062662615,-0.06659770277147037,0.08824553524048252,-0.07509531275623899,0.5,0.0,0.0,0.5,True,False,True,False,1,True,True,0.003782199986744672,4,4.5203213705176336e-09,5.722614081263327e-10,`gtol` termination condition is satisfied.,True,True,0.0,0.010123499989276752,True,0.023119802070294238,0.023106519030593076,False,False,False,False,False,False,1.0,False,False,False,0.0006612594416210434,0.0030930458867218713,0.0006612634994066468,0.0030930463427139023
2.450279000003891,1786138789.8730772,0.010019600013038144,0.00854290000279434,0.010019600013038144,TELEOP,0,,0.0,2.450279000003891,477,-0.0193615735313422,0.0395131221687764,0.0,0.03199827068481276,0.03674668740960886,0.06764116569686364,0.9965191740958984,-0.017094741836561837,0.03751197754976296,0.0,0.03049424537942887,0.03478999128481654,0.06428227338399584,0.9968588399737082,-0.021128110401316035,-0.21409357475122515,0.277320557171707,-0.1152985263831683,0.021453988719794446,0.02961253105704785,0.9926575815387078,-0.02103408954253694,-0.21417512607597947,0.277342411332172,-0.11535664637404736,0.021362717495629145,0.02949445881900106,0.9926563127978935,-0.021034085304028425,-0.2141751274799043,0.27734241102539997,-0.11535664643414824,0.021362717500380164,0.02949445854235521,0.9926563127990268,-0.020538558342136023,-0.21459971668842676,0.2774491209458271,-0.11585422380885242,0.020484837139528245,0.02833196703968723,0.9926507290667134,-0.020538558342136023,-0.21459971668842676,0.2774491209458271,-0.11585422380885242,0.020484837139528245,0.02833196703968723,0.9926507290667134,-0.10611015612704437,-0.601147522739946,0.8222357842760315,-0.3664582319306425,0.4818095810095005,-0.3166572899164303,-0.09785546115784366,-0.598542983914528,0.8211143276277291,-0.3433330517582088,0.48058444922110555,-0.2954799323639887,-0.09785546115784366,-0.598542983914528,0.8211143276277291,-0.3433330517582088,0.48058444922110555,-0.2954799323639887,-0.11377961271892409,-0.040235715015310924,0.017452848184265315,-0.32608570128711223,0.010463031737177726,-0.2974929056720672,-0.05222036470627096,0.03771995536504015,-0.017844397960489103,-0.054581776895668704,0.08804691071407841,-0.06406883575502259,0.5,0.0,0.0,0.5,True,False,True,False,1,True,True,0.004740700009278953,4,4.475496451213223e-09,5.662822512607491e-10,`gtol` termination condition is satisfied.,True,True,0.0,0.010019600013038144,True,0.0231251801724337,0.023119802070294238,False,False,False,False,False,False,1.0,False,False,False,0.0006612185516707739,0.003078749948648335,0.0006612225800708493,0.003078750399904573
2.46030910000957,1786138789.8813338,0.010030100005678833,0.006769700004952028,0.010030100005678833,TELEOP,0,,0.0,2.46030910000957,479,-0.01961119586182083,0.03970542259001136,0.0,0.032141354516012334,0.03693602821718111,0.06796325439343734,0.9964856542879423,-0.017331796911853,0.03771860304867025,0.0,0.03064949131667998,0.0349922585241868,0.06462921556537529,0.9968245658192868,-0.021199225213485152,-0.21403369785942317,0.27730451130572586,-0.11522025719004134,0.02157718163053197,0.02977169776952666,0.9926592383984868,-0.021104673859399584,-0.2141146750904752,0.27732621163733673,-0.11527749965666129,0.021487174642197012,0.02965534527983875,0.9926580276687123,-0.02110466961669893,-0.21411467649677832,0.2773262113265329,-0.11527749971694239,0.021487174646974715,0.029655345003046833,0.9926580276698774,-0.02060657644238343,-0.21453630755090586,0.27743227382423075,-0.11577161776901458,0.020613645006905854,0.02849876797470991,0.9926529254389966,-0.02060657644238343,-0.21453630755090586,0.27743227382423075,-0.11577161776901458,0.020613645006905854,0.02849876797470991,0.9926529254389966,-0.10728486722639007,-0.6015172732918418,0.8223953962846241,-0.3697316806768917,0.48198580588886153,-0.3196552190156166,-0.09900182281416939,-0.5989427077483956,0.8212875712294684,-0.3466086247730578,0.4806982650447486,-0.2984697240877007,-0.09900182281416939,-0.5989427077483956,0.8212875712294684,-0.3466086247730578,0.4806982650447486,-0.2984697240877007,-0.11429214620758316,-0.03985242755718604,0.01727237032942609,-0.32657431261846587,0.011347426603786884,-0.2980819455458353,-0.05109953922382473,0.03821372248610372,-0.017993624663467263,-0.048714502455306924,0.0881740826221506,-0.058727218416024934,0.5,0.0,0.0,0.5,True,False,True,False,1,True,True,0.0033497000113129616,4,4.480490635927408e-09,5.666454245371602e-10,`gtol` termination condition is satisfied.,True,True,0.0,0.010030100005678833,True,0.0231230559038339,0.0231251801724337,False,False,False,False,False,False,1.0,False,False,False,0.0006611496120563782,0.0030626156108225166,0.000661153655375002,0.0030626160623814977
2.4703298000018803,1786138789.8919117,0.010020699992310256,0.0073259999917354435,0.010020699992310256,TELEOP,0,,0.0,2.4703298000018803,481,-0.019861789489085898,0.03989596805693311,0.0,0.03228300715575829,0.03712373577333213,0.06828232985511598,0.9964522864245785,-0.017569925186473212,0.037923539492249705,0.0,0.030803324765638424,0.03519298219009767,0.06497323765240313,0.9967903929999097,-0.02127066199943433,-0.21397431040902976,0.2772885965878122,-0.11514269112243207,0.021699419580053236,0.029929518557025938,0.9926608281734087,-0.021175584443848122,-0.2140547109171605,0.2773101423859716,-0.11519906009691355,0.0216106746882356,0.029814879916951587,0.9926596739204453,-0.021175580205690485,-0.21405471232309164,0.27731014207204596,-0.11519906015723769,0.021610674693030286,0.029814879640582662,0.9926596739216411,-0.0206749211881457,-0.21447332639607453,0.27741551175195134,-0.11568943165206995,0.020741868661827922,0.02866493573276072,0.9926550517414764,-0.0206749211881457,-0.21447332639607453,0.27741551175195134,-0.11568943165206995,0.020741868661827922,0.02866493573276072,0.9926550517414764,-0.10846227432256723,-0.601882333854799,0.822552881141045,-0.3729991634961046,0.4821707055108038,-0.3226494230397668,-0.10015208502717375,-0.5993381569964926,0.821458824932575,-0.3498852793953914,0.48082083336480763,-0.30146194077383764,-0.10015208502717375,-0.5993381569964926,0.821458824932575,-0.3498852793953914,0.48082083336480763,-0.30146194077383764,-0.11478860896814218,-0.039463235941649084,0.01708999403614871,-0.3269885960908927,0.012231512783845027,-0.2986035594751969,-0.04954372059237395,0.038838765339309356,-0.018199955433984828,-0.04134276774524007,0.08822599027379109,-0.052053641937381545,0.5,0.0,0.0,0.5,True,False,True,False,1,True,True,0.003726399998413399,4,4.4762899679841155e-09,5.658381511832167e-10,`gtol` termination condition is satisfied.,True,True,0.0,0.010020699992310256,True,0.023113884100713245,0.0231230559038339,False,False,False,False,False,False,1.0,False,False,False,0.0006610597275523509,0.003044786315077583,0.0006610637776220534,0.003044786765971574
2.480409900009934,1786138789.9023051,0.010080100008053705,0.006699999998090789,0.010080100008053705,TELEOP,0,,0.0,2.480409900009934,483,-0.020115073928051088,0.040086047369055335,0.0,0.03242418883009112,0.03731107794794521,0.06860055143007479,0.9964188475659033,-0.017810765813311764,0.0381281697507013,0.0,0.030956785351332703,0.03539351538120665,0.06531666193704849,0.996756093627259,-0.02134291249358313,-0.21391501166516425,0.2772727056284289,-0.11506530410156314,0.02182152676989645,0.03008705885725648,0.9926623623623319,-0.02124730952392307,-0.21399482890663263,0.2772940951396387,-0.11512079784566988,0.02173405015762554,0.029974139483911127,0.9926612634374937,-0.021247305262049297,-0.21399483032119562,0.27729409481976885,-0.11512079790647173,0.021734050162469352,0.02997413920612424,0.9926612634387243,-0.020744069965470575,-0.21441034718002586,0.27739872328774096,-0.11560712414716098,0.020870362867767195,0.028831564908324937,0.9926571219031916,-0.020744069965470575,-0.21441034718002586,0.27739872328774096,-0.11560712414716098,0.020870362867767195,0.028831564908324937,0.9926571219031916,-0.10965043572536368,-0.6022451465062851,0.8227092979903728,-0.3762827819561071,0.4823656136246088,-0.32566015697061873,-0.10131417088388021,-0.5997319801814,0.8216292405954646,-0.35318514229511855,0.4809531183469536,-0.304476815085267,-0.10131417088388021,-0.5997319801814,0.8216292405954646,-0.35318514229511855,0.4809531183469536,-0.304476815085267,-0.11528515151417057,-0.039069372783275984,0.0169061480296276,-0.3273641032420999,0.013123379930780518,-0.29909170633432103,-0.0492596844903985,0.03907333836553348,-0.018238510170953202,-0.03725232397567141,0.0884780057958666,-0.04842678730708344,0.5,0.0,0.0,0.5,True,False,True,False,1,True,True,0.00356919999467209,4,4.501874415615847e-09,5.688141880031271e-10,`gtol` termination condition is satisfied.,True,True,0.0,0.010080100008053705,True,0.023097639660988545,0.023113884100713245,False,False,False,False,False,False,1.0,False,False,False,0.0006609441277483346,0.0030252025188089735,0.0006609482113527942,0.0030252029720324526
2.4903955999976715,1786138789.9125068,0.009985699987737462,0.00785550000728108,0.009985699987737462,TELEOP,0,,0.0,2.4903955999976715,485,-0.02036716838708351,0.04027276114944861,0.0,0.032562749701081556,0.03749519421583912,0.0689130672450923,0.9963858524213873,-0.018050618645365713,0.03832938230497706,0.0,0.031107544395718358,0.03559080498964671,0.06565426914145991,0.9967221941069428,-0.02141486667758743,-0.21385670329909628,0.2772570800588526,-0.11498927067588863,0.02194164467165943,0.030241924675175964,0.9926638191505072,-0.021318746937247477,-0.21393593953127343,0.27727831388788354,-0.1150439006573265,0.021855423282761428,0.030130703987240954,0.992662773590262,-0.021318742716213875,-0.21393594093395796,0.2772783135686676,-0.11504390071760395,0.02185542328758141,0.03013070371223992,0.9926627735915173,-0.020812947715419174,-0.21434834281534088,0.27738216702313634,-0.1155259554711828,0.020997120546281486,0.028996031380552664,0.992659108005066,-0.020812947715419174,-0.21434834281534088,0.27738216702313634,-0.1155259554711828,0.020997120546281486,0.028996031380552664,0.992659108005066,-0.11083112500293207,-0.6026002052242907,0.8228622799396168,-0.37953218069794903,0.48256747365680575,-0.3286412125076527,-0.10246995665357556,-0.600118106008028,0.8217961992065734,-0.3564565623112704,0.48109295935116536,-0.3074671486242546,-0.10246995665357556,-0.600118106008028,0.8217961992065734,-0.3564565623112704,0.48109295935116536,-0.3074671486242546,-0.1157440911618276,-0.03866787777543112,0.016719770403066537,-0.3276104850104807,0.014004126339012558,-0.29946158433157094,-0.045959687174720876,0.040206996839270336,-0.01866445284656403,-0.024673459916013663,0.08820076802964286,-0.03704076806875026,0.5,0.0,0.0,0.5,True,False,True,False,1,True,True,0.004241199989337474,4,4.459433524397644e-09,5.631473941710243e-10,`gtol` termination condition is satisfied.,True,True,0.0,0.009985699987737462,True,0.023075618386678654,0.023097639660988545,False,False,False,False,False,False,1.0,False,False,False,0.0006608248138517271,0.0030043671828379683,0.0006608288698396614,0.003004367631453739
2.500041299986722,1786138789.9219391,0.009645699989050627,0.007644199999049306,0.009645699989050627,TELEOP,0,,0.0,2.500041299986722,487,-0.02061178707649627,0.04045161234317871,0.0,0.03269536317035558,0.03767164192698902,0.06921235652250911,0.9963541089021937,-0.018283480794381093,0.038522333499432175,0.0,0.03125198595218329,0.03578009148519583,0.06597793986514906,0.996689525317943,-0.021484723725066233,-0.21380078893082666,0.2772420960244069,-0.11491641525546106,0.02205687690724805,0.030390392148634343,0.9926651679952234,-0.021388108015875887,-0.2138794606010118,0.27726317857824556,-0.11497021355602118,0.021971867416143064,0.030280808851112055,0.9926641726447333,-0.02138810393833235,-0.21387946195911006,0.2772631782704173,-0.11497021361417441,0.021971867420821356,0.03028080858557149,0.9926641726459946,-0.020879792988774952,-0.21428884359717942,0.2773662509646817,-0.11544791221243651,0.021118974526018252,0.029154198572760318,0.9926609699118522,-0.020879792988774952,-0.21428884359717942,0.2773662509646817,-0.11544791221243651,0.021118974526018252,0.029154198572760318,0.9926609699118522,-0.1119749851011945,-0.6029390795538061,0.823008206615283,-0.3826674266854418,0.48277070741421246,-0.33151911447405297,-0.10358995838736891,-0.6004871239374138,0.8219556475697481,-0.35961662420957186,0.4812361423748892,-0.31035704684892157,-0.10358995838736891,-0.6004871239374138,0.8219556475697481,-0.35961662420957186,0.4812361423748892,-0.31035704684892157,-0.11611409592509928,-0.038257247250558846,0.016530512389537743,-0.3276135378343362,0.014844233584539587,-0.29960482162491414,-0.03835955541761447,0.04257135566505315,-0.019620972427468332,-0.0003164958332753376,0.08709655561345271,-0.014849859886355288,0.5,0.0,0.0,0.5,True,False,True,False,1,True,True,0.004050399991683662,4,4.308775979483553e-09,5.437538711707182e-10,`gtol` termination condition is satisfied.,True,True,0.0,0.009645699989050627,True,0.023050802475869936,0.023075618386678654,False,False,False,False,False,False,1.0,False,False,False,0.0006607551190352008,0.002983208361323932,0.0006607590492558198,0.0029832087943428166
2.5100777000112684,1786138789.9306405,0.01003640002454631,0.0063074999779928476,0.01003640002454631,TELEOP,0,,0.0,2.5100777000112684,489,-0.020867459852249016,0.04063613053108867,0.0,0.03283206309082711,0.037853767208120344,0.06952106079266639,0.9963212183064335,-0.018527036227730526,0.03872156854247136,0.0,0.03140099582113317,0.03597564603008014,0.06631207202938366,0.9966556273143345,-0.021557788705827897,-0.21374305357575535,0.2772266239852691,-0.11484124719909967,0.022175910992226225,0.030543652348703466,0.9926665110774221,-0.021460661001614034,-0.2138211349485123,0.2772475483679745,-0.11489418409898819,0.022092160241485907,0.030435766893761245,0.9926655665478082,-0.021460656763600743,-0.21382113635880054,0.2772475480402985,-0.11489418415973165,0.022092160246369376,0.030435766617901112,0.992665566549127,-0.020949735992655743,-0.21422732899409339,0.27734977871742306,-0.1153671758715208,0.0212451783485071,0.029318075941513776,0.9926628367937713,-0.020949735992655743,-0.21422732899409339,0.27734977871742306,-0.1153671758715208,0.0212451783485071,0.029318075941513776,0.9926628367937713,-0.11316871236595094,-0.6032872613442379,0.8231580604274974,-0.385925586076432,0.4829908680866042,-0.3345115267884876,-0.10475988431854505,-0.6008669898833187,0.8221196652870575,-0.36290625671751403,0.48139405197345597,-0.31336692961681345,-0.10475988431854505,-0.6008669898833187,0.8221196652870575,-0.36290625671751403,0.48139405197345597,-0.31336692961681345,-0.11656828427671437,-0.03784882477540517,0.01634228577060958,-0.3277701665832994,0.015733689189406572,-0.2998966522389025,-0.0452541100897012,0.04069412081570967,-0.01875439584590201,-0.015606068767697046,0.08862297264872036,-0.029077220245767033,0.5,0.0,0.0,0.5,True,False,True,False,1,True,True,0.003523999999742955,4,4.478508809238422e-09,5.65028036480926e-10,`gtol` termination condition is satisfied.,True,True,0.0,0.01003640002454631,True,0.023019329358917984,0.023050802475869936,False,False,False,False,False,False,1.0,False,False,False,0.0006606690567103369,0.002959959320108367,0.0006606731505010176,0.002959959770003439
2.5200957000121234,1786138789.9431393,0.010018000000854954,0.008788399980403483,0.010018000000854954,TELEOP,0,,0.0,2.5200957000121234,491,-0.02112381920876425,0.04081869893702968,0.0,0.03296720303933461,0.03803405461231283,0.06982643483362345,0.996288534116466,-0.01877139217693448,0.03891890423506417,0.0,0.03154845180975839,0.0361694376885205,0.06664294046412553,0.9966218869019478,-0.02163109385706806,-0.21368586860260122,0.27721129942522843,-0.1147668545828855,0.022293858396538673,0.030695409818498037,0.9926677917526188,-0.021533459051318694,-0.2137633577896026,0.27723206513072696,-0.11481893553785262,0.022211361875653722,0.030589213349293085,0.9926668965328977,-0.02153345482369552,-0.21376335919771733,0.27723206480076673,-0.11481893559853344,0.022211361880547908,0.030589213074233686,0.9926668965342454,-0.021019933468140118,-0.21416632876030367,0.2773334231996305,-0.11528702791832586,0.021370527819369926,0.029480883644016274,0.9926646358332952,-0.021019933468140118,-0.21416632876030367,0.2773334231996305,-0.11528702791832586,0.021370527819369926,0.029480883644016274,0.9926646358332952,-0.11436374202004836,-0.6036303666193397,0.8233056520632348,-0.38917341102739,0.48321938736397274,-0.3374961144256665,-0.10593203098557988,-0.6012420112473195,0.8222814786574101,-0.36619057238847436,0.481560557727961,-0.3163734497152082,-0.10593203098557988,-0.6012420112473195,0.8222814786574101,-0.36619057238847436,0.481560557727961,-0.3163734497152082,-0.1170040593865844,-0.0374347538399726,0.016152262960553835,-0.32784145245358953,0.01662065826420711,-0.30011180855841213,-0.043499212400962065,0.0413326946892824,-0.018968138354914007,-0.00711577862687815,0.08853753990066301,-0.02147697339701035,0.5,0.0,0.0,0.5,True,False,True,False,1,True,True,0.005278800002997741,4,4.468160535519239e-09,5.634380415678643e-10,`gtol` termination condition is satisfied.,True,True,0.0,0.010018000000854954,True,0.022982838638915648,0.023019329358917984,False,False,False,False,False,False,1.0,False,False,False,0.0006605771537093232,0.002935651179392631,0.0006605812485520012,0.0029356516278689934
2.5306746000056846,1786138789.952331,0.010578899993561208,0.006694399984553456,0.010578899993561208,TELEOP,0,,0.0,2.5306746000056846,493,-0.02139577368693929,0.04100973344257684,0.0,0.03310848668534698,0.03822279450627196,0.07014589704749023,0.9962541840398667,-0.019030805297589812,0.039125573464086925,0.0,0.031702736311446544,0.03637250625160034,0.06698937268859793,0.9965863742025237,-0.021708916082481253,-0.21362597888402016,0.2771952500263179,-0.11468900791525889,0.022417437059935697,0.0308542994980058,0.9926690798959968,-0.021610750735885805,-0.21370284014054575,0.277215847476647,-0.11474019035165892,0.022336260948018046,0.03074987811161953,0.9926682351929308,-0.021610746278431948,-0.21370284162318307,0.27721584711909103,-0.11474019041602028,0.02233626095320158,0.030749877821752578,0.992668235194354,-0.021094560965943688,-0.21410231432243446,0.27731624902592616,-0.11520293108027933,0.02150227836340598,0.029652037541676397,0.9926664562506996,-0.021094560965943688,-0.21410231432243446,0.27731624902592616,-0.11520293108027933,0.02150227836340598,0.029652037541676397,0.9926664562506996,-0.1156294538908509,-0.6039877434373588,0.8234593044618442,-0.3925979071487229,0.4834702673091127,-0.3406448943703869,-0.10717569987053208,-0.6016336748030566,0.8224503521676539,-0.36966192220898475,0.4817465291318527,-0.3195528927110893,-0.10717569987053208,-0.6016336748030566,0.8224503521676539,-0.36966192220898475,0.4817465291318527,-0.3195528927110893,-0.11756126683390035,-0.03702308897669076,0.015963239121896417,-0.3281390147012664,0.017579465162240366,-0.3005457087047079,-0.05267158661629214,0.03891376830600533,-0.017868005064086742,-0.02812790061896414,0.09063389375235861,-0.04101562039152337,0.5,0.0,0.0,0.5,True,False,True,False,1,True,True,0.003424099995754659,4,4.7111521511560995e-09,5.93949906541084e-10,`gtol` termination condition is satisfied.,True,True,0.0,0.010578899993561208,True,0.02293598493973814,0.022982838638915648,False,False,False,False,False,False,1.0,False,False,False,0.0006603834167905231,0.0029085478853732474,0.000660387743440324,0.00290854835802817
2.540182299991673,1786138789.9615374,0.009507699985988438,0.00710129999788478,0.009507699985988438,TELEOP,0,,0.0,2.540182299991673,495,-0.02164126920231701,0.04117987843042456,0.0,0.033234215050956264,0.03839097508738276,0.07043036358596413,0.9962234608093385,-0.019265059131765436,0.039309915981696135,0.0,0.03184023626686617,0.036553725318406595,0.06729831018917343,0.996554545404063,-0.021779190706768,-0.21357255909988104,0.2771809344445941,-0.11461962242072506,0.022527707349784595,0.030995987590611705,0.9926701835508991,-0.021680551368143196,-0.21364885236696732,0.2772013797009845,-0.114669999685455,0.022447717498471926,0.030893158521215592,0.9926693829809751,-0.02168054735920478,-0.21364885370758563,0.27720137938750367,-0.11466999974291507,0.022447717503158247,0.030893158260613295,0.9926693829823418,-0.021161906468959883,-0.2140452014742093,0.27730089478285974,-0.11512770651395308,0.021619963821270214,0.02980491223378645,0.9926680490294529,-0.021161906468959883,-0.2140452014742093,0.27730089478285974,-0.11512770651395308,0.021619963821270214,0.02980491223378645,0.9926680490294529,-0.11677009930703937,-0.6043048566554327,0.8235955824983169,-0.3956711336204325,0.48370388550975424,-0.34347216294950417,-0.10829611367827394,-0.6019815737440829,0.8226002638492401,-0.3727783526766596,0.4819214519622691,-0.32240863425357497,-0.10829611367827394,-0.6019815737440829,0.8226002638492401,-0.3727783526766596,0.4819214519622691,-0.32240863425357497,-0.11784278105041461,-0.03659128301681788,0.015767397142013726,-0.32777963884720274,0.018398017467335947,-0.300360922903986,-0.02960907653050994,0.045416447774880485,-0.020598249857621063,0.037798400727120235,0.08609361951911489,0.019435384056522287,0.5,0.0,0.0,0.5,True,False,True,False,1,True,True,0.0037262000259943306,4,4.238763373218688e-09,5.338128592070924e-10,`gtol` termination condition is satisfied.,True,True,0.0,0.009507699985988438,True,0.022892780943772895,0.02293598493973814,False,False,False,False,False,False,1.0,False,False,False,0.0006602902687867416,0.002883715104262886,0.0006602941751833184,0.0028837155287409354
2.550210700013511,1786138789.9720793,0.010028400021838024,0.0076120000157970935,0.010028400021838024,TELEOP,0,,0.0,2.550210700013511,497,-0.021901306077998346,0.041357748970146664,0.0,0.033365545384797954,0.038566871827577565,0.07072768334385751,0.9961912123620753,-0.01951336241771927,0.03950279361783365,0.0,0.03198397507362768,0.03674343163334135,0.06762147675208798,0.9965210893163088,-0.021853680095935028,-0.21351666594017876,0.277165956027108,-0.11454708078105867,0.022643129057472355,0.03114419605207862,0.9926712920414763,-0.021754544839029874,-0.21359235722230274,0.2771862399802974,-0.11459661302160261,0.02256438754692831,0.031043039964565356,0.9926705366678148,-0.021754540617826213,-0.21359235863181186,0.2771862396411922,-0.11459661308246007,0.022564387551883582,0.031043039690295912,0.9926705366692538,-0.021233320239197755,-0.21398538447484902,0.27728480643067727,-0.1150489432336516,0.02174336904439626,0.029965211451711306,0.9926696593862802,-0.021233320239197755,-0.21398538447484902,0.27728480643067727,-0.1150489432336516,0.02174336904439626,0.029965211451711306,0.9926696593862802,-0.11797647610860766,-0.6046348574046052,0.823737338815378,-0.39890742981095345,0.4839588546350949,-0.3464510794994857,-0.10948186289330862,-0.6023442198671759,0.8227564321162099,-0.37606399200409335,0.4821148418008458,-0.3254209869988962,-0.10948186289330862,-0.6023442198671759,0.8227564321162099,-0.37606399200409335,0.4821148418008458,-0.3254209869988962,-0.11823912213838401,-0.036161912399119346,0.015572600477605121,-0.32763345302131086,0.019284216640298855,-0.30038218846091747,-0.039521866609461796,0.04281546575361263,-0.019424500816123513,0.01457718335661981,0.08836894928733449,-0.0021205333737305022,0.5,0.0,0.0,0.5,True,False,True,False,1,True,True,0.003999099979409948,4,4.463212815518514e-09,5.619750234216566e-10,`gtol` termination condition is satisfied.,True,True,0.0,0.010028400021838024,True,0.0228434378068601,0.022892780943772895,False,False,False,False,False,False,1.0,False,False,False,0.0006601934628440771,0.002856843561528464,0.0006601975839509837,0.0028568440082781584
2.5602366999879704,1786138789.9823647,0.01002599997445941,0.00787320002564229,0.01002599997445941,TELEOP,0,,0.0,2.5602366999879704,499,-0.022162395918724504,0.04153393551078629,0.0,0.033495524651070356,0.03874118360926481,0.07102212447563062,0.9961591380677441,-0.019762816128503054,0.03969405755154866,0.0,0.03212638577799071,0.036931645677605554,0.06794186559055194,0.9964877579701935,-0.021928514625908627,-0.21346124038583578,0.2771511029060838,-0.11447520145382245,0.02275763014457624,0.03129112530679572,0.992672344733822,-0.02182888756764007,-0.21353632689908067,0.277171224810024,-0.11452389312983485,0.022680133687581823,0.03119163518496355,0.992671633186316,-0.021828883351823588,-0.21353632830800956,0.27717122446831693,-0.11452389319069306,0.022680133692553745,0.031191634911167273,0.9926716331877844,-0.02130509263924751,-0.21392601057560803,0.2772688248227723,-0.11497073744371619,0.021865986966330412,0.03012446163073152,0.9926712068742072,-0.02130509263924751,-0.21392601057560803,0.2772688248227723,-0.11497073744371619,0.021865986966330412,0.03012446163073152,0.9926712068742072,-0.1191858038889289,-0.6049602619192636,0.8238770635933844,-0.40213741455442714,0.4842224415890347,-0.34942580275203056,-0.11067117342098234,-0.6027024299382904,0.8229105969406271,-0.3793466892404405,0.482317057286972,-0.3284322142276362,-0.11067117342098234,-0.6027024299382904,0.8229105969406271,-0.3793466892404405,0.482317057286972,-0.3284322142276362,-0.11862263422136546,-0.03572811410602835,0.015376503571710077,-0.3274184365359701,0.020169108980783897,-0.3003418348704253,-0.03825175383586777,0.0432673343502961,-0.019558837661538906,0.021445889276731217,0.08825975890078283,0.0040248943342272026,0.5,0.0,0.0,0.5,True,False,True,False,1,True,True,0.004192099993815646,4,4.458133345378179e-09,5.610525657321567e-10,`gtol` termination condition is satisfied.,True,True,0.0,0.01002599997445941,True,0.022790725313986626,0.0228434378068601,False,False,False,False,False,False,1.0,False,False,False,0.0006601021204718708,0.0028293914570362124,0.0006601062469406899,0.002829391902833604
2.570188300007092,1786138789.9911227,0.009951600019121543,0.006678000005194917,0.009951600019121543,TELEOP,0,,0.0,2.570188300007092,501,-0.022422640752000407,0.041707184715667055,0.0,0.0336232323764536,0.03891266722910112,0.0713115948447745,0.9961274712677947,-0.02001160137234797,0.03988234980944794,0.0,0.03226646207482192,0.037117027335686746,0.0682572047087472,0.9964547936119753,-0.02200314864039931,-0.21340667595846338,0.2771364805389325,-0.11440449263626103,0.02287039586455786,0.03143573366105584,0.9926733358496285,-0.02190303729513764,-0.21348115920290875,0.27715644079548335,-0.1144523541231182,0.022794132302398837,0.03133789070384995,0.9926726664789813,-0.021903033114885766,-0.21348116060158787,0.27715644045450355,-0.11445235418350037,0.022794132307351663,0.031337890432483306,0.9926726664804725,-0.02137669203624602,-0.21386751140979937,0.2772530672500641,-0.1148936622389641,0.021986905947586025,0.030281464812490756,0.992672682828021,-0.02137669203624602,-0.21386751140979937,0.2772530672500641,-0.1148936622389641,0.021986905947586025,0.030281464812490756,0.992672682828021,-0.12038928756444235,-0.60527878029605,0.8240137802552174,-0.40533767990977376,0.4844926161480134,-0.35237473462164587,-0.111855191223371,-0.6030536197050089,0.8230616535164383,-0.382601893294888,0.48252646911196007,-0.3314197834237828,-0.111855191223371,-0.6030536197050089,0.8230616535164383,-0.382601893294888,0.48252646911196007,-0.3314197834237828,-0.11897763174902716,-0.035289779135385536,0.015179124514758797,-0.3271035861763695,0.021043030727289087,-0.30020993512662575,-0.035672407148557884,0.04404668292541614,-0.019833901741631996,0.0316381646163065,0.08781720977792422,0.013254124316303822,0.5,0.0,0.0,0.5,True,False,True,False,1,True,True,0.0035282000026199967,4,4.421207552784534e-09,5.561029384694045e-10,`gtol` termination condition is satisfied.,True,True,0.0,0.009951600019121543,True,0.02273578661488579,0.022790725313986626,False,False,False,False,False,False,1.0,False,False,False,0.0006600292536620147,0.002801715622599977,0.000660033356014518,0.002801716064226383
2.5802034999866263,1786138790.0023718,0.010015199979534373,0.007915099995443597,0.010015199979534373,TELEOP,0,,0.0,2.5802034999866263,503,-0.022685637321137087,0.0418798948356791,0.0,0.033750439479503014,0.03908369409837252,0.0716001033213842,0.996095777470687,-0.02026316412302486,0.040070266197601186,0.0,0.03240613747754766,0.0373021304025432,0.06857184281712941,0.9964217458957231,-0.022078615910050527,-0.21335222043014485,0.2771218873409019,-0.11433397850991009,0.02298297990959922,0.03158001544472899,0.9926742802234181,-0.021978021195142628,-0.21342609365834633,0.2771416841419783,-0.11438100894067536,0.02290795373801679,0.03148382313682334,0.9926736519772947,-0.021978016993760917,-0.2134260950649089,0.2771416837956514,-0.11438100900146478,0.022907953743017444,0.03148382286420804,0.9926736519788212,-0.02144912101933609,-0.21380907718497677,0.2772373199506646,-0.11481668537078878,0.022107784678072038,0.030438362522089712,0.9926741059905145,-0.02144912101933609,-0.21380907718497677,0.2772373199506646,-0.11481668537078878,0.022107784678072038,0.030438362522089712,0.9926741059905145,-0.1216035579555162,-0.6055947949238322,0.8241493755611374,-0.40855229666554915,0.48477310147682884,-0.3553384782677184,-0.11305038312964541,-0.6034026341336581,0.8232116912168345,-0.38587448633709426,0.48274604588697695,-0.3344249084846637,-0.11305038312964541,-0.6034026341336581,0.8232116912168345,-0.38587448633709426,0.48274604588697695,-0.3344249084846637,-0.11933779741959619,-0.034848473256884435,0.014980998951859495,-0.32676262569830994,0.021924352530712843,-0.3000564209423409,-0.03596190503484791,0.04406361125118734,-0.019782486950251997,0.03404430053880955,0.08799842291963211,0.015328119717883393,0.5,0.0,0.0,0.5,True,False,True,False,1,True,True,0.004590500000631437,4,4.444093704146318e-09,5.587192177415428e-10,`gtol` termination condition is satisfied.,True,True,0.0,0.010015199979534373,True,0.022677810328454895,0.02273578661488579,False,False,False,False,False,False,1.0,False,False,False,0.000659964037050639,0.002773497627571101,0.0006599681700972784,0.0027734980710435245
2.590380300003406,1786138790.013685,0.010176800016779453,0.009050599997863173,0.010176800016779453,TELEOP,0,,0.0,2.590380300003406,505,-0.022953985331997884,0.0420536929481611,0.0,0.03387834382034761,0.039255875740706554,0.07189036754880769,0.9960637575444244,-0.02052000083747429,0.04025957759617003,0.0,0.03254672673383044,0.03748870030554975,0.06888874408166595,0.9963883022532756,-0.02215566535728527,-0.21329736062382618,0.27710718578832894,-0.11426299526302326,0.02309644374719493,0.031725329858776456,0.9926751863752347,-0.02205458376307958,-0.21337061121759343,0.2771268157527606,-0.11430918614928215,0.023022670865300292,0.03163080685571109,0.9926745985698302,-0.022054579500680894,-0.21337061264483878,0.2771268153966964,-0.11430918621110231,0.023022670870396705,0.03163080657926463,0.9926745985714021,-0.0215231216195357,-0.21375014419832578,0.2772214347921642,-0.1147390965982396,0.022229777683437063,0.030596639201391343,0.9926754869369672,-0.0215231216195357,-0.21375014419832578,0.2772214347921642,-0.1147390965982396,0.022229777683437063,0.030596639201391343,0.9926754869369672,-0.12284054248158009,-0.6059112098956604,0.8242850996599399,-0.41181219800480945,0.48506691478380864,-0.35834559893347584,-0.11426879454143442,-0.6037527603030299,0.8233621258925957,-0.3891965943791689,0.48297833976664023,-0.3374771662146911,-0.11426879454143442,-0.6037527603030299,0.8233621258925957,-0.3891965943791689,0.48297833976664023,-0.3374771662146911,-0.11972441334998195,-0.03440434800669773,0.014782119675458574,-0.32643935584832057,0.02282582730134171,-0.2999231315339633,-0.037989930994841714,0.04364095289820357,-0.019542417663018816,0.03176537314837566,0.08858135849604196,0.013097379152367944,0.5,0.0,0.0,0.5,True,False,True,False,1,True,True,0.005273200018564239,4,4.509085667643989e-09,5.666491801206837e-10,`gtol` termination condition is satisfied.,True,True,0.0,0.010176800016779453,True,0.022615603625640524,0.022677810328454895,False,False,False,False,False,False,1.0,False,False,False,0.0006598821936696583,0.002744453167406663,0.0006598863963603866,0.002744453616938317
2.6004438000014742,1786138790.0218816,0.010063499998068437,0.007183100009569898,0.010063499998068437,TELEOP,0,,0.0,2.6004438000014742,507,-0.023220433240234036,0.042223865338919864,0.0,0.0340034786270522,0.039424540537759935,0.07217451632867714,0.9960322827285106,-0.02077515662675441,0.04044517200264244,0.0,0.0326844371809629,0.03767169604678726,0.06919935320726332,0.9963553685301337,-0.022232210557737612,-0.21324357792676346,0.27709277286944,-0.11419345795246827,0.023207722092545204,0.03186775411342088,0.9926760307592299,-0.022130651528070935,-0.21331620986147182,0.2771122370623494,-0.11423882321722899,0.02313518485798809,0.03177487445981462,0.9926754816376763,-0.022130647318489224,-0.21331621127290445,0.27711223670905766,-0.1142388232782899,0.023135184863044986,0.031774874186914465,0.9926754816392668,-0.021596673090841234,-0.2136923171953959,0.27720584176671187,-0.11466298239577012,0.022349545494378436,0.030751951050314846,0.9926767932166547,-0.021596673090841234,-0.2136923171953959,0.27720584176671187,-0.11466298239577012,0.022349545494378436,0.030751951050314846,0.9926767932166547,-0.12406675817191772,-0.6062194780701086,0.8244172918307326,-0.4150290541721607,0.4853661097313875,-0.3613145896627522,-0.11547712263694944,-0.6040944686295571,0.8235088697101827,-0.39247724355143593,0.4832169359182016,-0.3404929673357105,-0.11547712263694944,-0.6040944686295571,0.8235088697101827,-0.39247724355143593,0.4832169359182016,-0.3404929673357105,-0.1200703627710976,-0.03395521703112199,0.014581787411453708,-0.3259948499922194,0.02370906261312061,-0.29967716217997925,-0.03437665038824086,0.04462969897768565,-0.019906818109337483,0.044170105449044955,0.08776621572498897,0.024441730414993118,0.5,0.0,0.0,0.5,True,False,True,False,1,True,True,0.0038668999914079905,4,4.453934812885744e-09,5.593962485962642e-10,`gtol` termination condition is satisfied.,True,True,0.0,0.010063499998068437,True,0.022551810620724755,0.022615603625640524,False,False,False,False,False,False,1.0,False,False,False,0.0006598075837271402,0.002715521254844722,0.0006598117449216354,0.0027155216983466425
2.610303099987166,1786138790.0316968,0.009859299985691905,0.007136500003980473,0.009859299985691905,TELEOP,0,,0.0,2.610303099987166,509,-0.02348251299644796,0.042388947651675064,0.0,0.03412477472908691,0.03958823135303098,0.07245010901854454,0.9960016332271896,-0.021026257548993222,0.04062544721123994,0.0,0.03281808887796024,0.03784953102567933,0.06950099394392063,0.9963232396588678,-0.022307539342108884,-0.2131913366372601,0.2770787730096287,-0.11412596293793792,0.023315851066442576,0.03200606146219758,0.9926768092900197,-0.022205516275429257,-0.21326335940123364,0.2770980739733534,-0.11417052352295341,0.0232445211221548,0.03191478511610167,0.9926762968295806,-0.022205512156184635,-0.21326336078475203,0.27709807362716277,-0.11417052358265897,0.02324452112712609,0.03191478484917183,0.9926762968311792,-0.021669065248505953,-0.21363611604039173,0.27719068111369505,-0.11458902054536246,0.022465994166564498,0.030902875436519723,0.9926780181742303,-0.021669065248505953,-0.21363611604039173,0.27719068111369505,-0.11458902054536246,0.022465994166564498,0.030902875436519723,0.9926780181742303,-0.125270915406334,-0.606517031229742,0.8245448581144839,-0.41817386745524676,0.48566753267529084,-0.3642185913530081,-0.11666379027023059,-0.6044247801150119,0.8236506530105474,-0.39568550795726415,0.4834591031076753,-0.34344379931411756,-0.11666379027023059,-0.6044247801150119,0.8236506530105474,-0.39568550795726415,0.4834591031076753,-0.34344379931411756,-0.12036023196406234,-0.03350252917896768,0.014380666028068565,-0.325404887820041,0.024562310693983423,-0.2992942686285438,-0.029400585577618252,0.045914806610131316,-0.020399154471110213,0.05983813993230003,0.08654246063118796,0.038835774546989305,0.5,0.0,0.0,0.5,True,False,True,False,1,True,True,0.00369660000433214,4,4.3591452522248895e-09,5.471510285542398e-10,`gtol` termination condition is satisfied.,True,True,0.0,0.009859299985691905,True,0.022488359497982613,0.022551810620724755,False,False,False,False,False,False,1.0,False,False,False,0.0006597711057077821,0.002687160456774955,0.000659775188049505,0.0026871608902853308
2.620335200008074,1786138790.0425792,0.01003210002090782,0.007987200020579621,0.01003210002090782,TELEOP,0,,0.0,2.620335200008074,511,-0.023750230582768685,0.042555253559838975,0.0,0.0342468744837824,0.03975320609768895,0.07272768776532718,0.9959706409454828,-0.021282910552585306,0.04080726803800371,0.0,0.03295277273094242,0.03802897606376675,0.06980515364154388,0.9962906966713906,-0.022384533738091173,-0.2131386474252174,0.2770646530989188,-0.11405793948374246,0.023424947645220438,0.03214551906222534,0.9926775528200292,-0.022282042613862477,-0.21321004755812414,0.27708378722663224,-0.11410168618824791,0.02335484184442981,0.032055866038004255,0.9926770764070125,-0.022282038430309504,-0.2132100489633393,0.2770837868704541,-0.11410168624902299,0.02335484184950113,0.03205586576703086,0.992677076408658,-0.021743094882552987,-0.21357938655526584,0.2771753795572149,-0.11451444259310425,0.022583579562712036,0.031055178976467864,0.9926792030814713,-0.021743094882552987,-0.21357938655526584,0.2771753795572149,-0.11451444259310425,0.022583579562712036,0.031055178976467864,0.9926792030814713,-0.1264990087078248,-0.6068151836710673,0.8246726544634028,-0.42136654763149306,0.48598268636107045,-0.3671683411935031,-0.1178745018916983,-0.6047563236156613,0.8237929013246605,-0.39894447717277826,0.4837142988896424,-0.34644290548009116,-0.1178745018916983,-0.6047563236156613,0.8237929013246605,-0.39894447717277826,0.4837142988896424,-0.34644290548009116,-0.12068376700237024,-0.03304826506498943,0.014179315778020075,-0.324854139085749,0.025437922412579597,-0.2989509833158769,-0.03224998132331496,0.04528105910342958,-0.02007059834220723,0.05489864865224556,0.08728099966819691,0.03421868920280499,0.5,0.0,0.0,0.5,True,False,True,False,1,True,True,0.00430259999120608,4,4.427596188615568e-09,5.555127956126984e-10,`gtol` termination condition is satisfied.,True,True,0.0,0.01003210002090782,True,0.022422070458714805,0.022488359497982613,False,False,False,False,False,False,1.0,False,False,False,0.0006597420895672274,0.0026582642082514196,0.0006597462443355349,0.002658264648143101
2.6301045000069534,1786138790.0522938,0.009769299998879433,0.007936000009067357,0.009769299998879433,TELEOP,0,,0.0,2.6301045000069534,513,-0.02401193748750451,0.042715578034794595,0.0,0.03436449205888017,0.03991231436351373,0.07299522911562444,0.99594065354018,-0.02153392370807348,0.04098278668407233,0.0,0.03308268199521412,0.0382022807335456,0.07009870774859368,0.9962591495543397,-0.022459836231810672,-0.21308778447720367,0.2770510225853516,-0.11399232063738071,0.023530300557948858,0.03228010964862481,0.9926782310056115,-0.022356892986676147,-0.2131585753101669,0.2770699934490869,-0.1140352790816382,0.02346138321738918,0.03219203041519967,0.9926777885094673,-0.02235688891785465,-0.21315857667953636,0.2770699931029942,-0.11403527914066287,0.0234613832223442,0.032192030151767526,0.9926777885111125,-0.021815500628193055,-0.2135245990927658,0.27716059793641523,-0.11444244299621704,0.022697165963059367,0.031202207556689145,0.9926803051042629,-0.021815500628193055,-0.2135245990927658,0.27716059793641523,-0.11444244299621704,0.022697165963059367,0.031202207556689145,0.9926803051042629,-0.12769758092627082,-0.6071011131849875,0.8247951904495882,-0.4244684093733892,0.48629768084088354,-0.3700356376190443,-0.11905600872815246,-0.6050747221620878,0.8239294540431706,-0.4021111494208165,0.48397098676033035,-0.3493586254552734,-0.11905600872815246,-0.6050747221620878,0.8239294540431706,-0.4021111494208165,0.48397098676033035,-0.3493586254552734,-0.12094078762958275,-0.032591746231864595,0.013977738274564824,-0.32414525589361093,0.026274950172209047,-0.298457410000379,-0.026309011622326593,0.046729943105156074,-0.020633771455311353,0.07256233222640296,0.0856793997241827,0.05052289473703453,0.5,0.0,0.0,0.5,True,False,True,False,1,True,True,0.004736899980343878,4,4.307001421429371e-09,5.400283744924251e-10,`gtol` termination condition is satisfied.,True,True,0.0,0.009769299998879433,True,0.022357259952572706,0.022422070458714805,False,False,False,False,False,False,1.0,False,False,False,0.0006597597464291586,0.002630259133173369,0.0006597637974123159,0.00263025956050971
2.640667399995098,1786138790.0617943,0.010562899988144636,0.006872900004964322,0.010562899988144636,TELEOP,0,,0.0,2.640667399995098,515,-0.024296005324102084,0.04288711528771097,0.0,0.034490236952107386,0.04008262320871625,0.0732814231599291,0.9959084495531461,-0.02180657796012771,0.04117076283409958,0.0,0.03322169036542673,0.03838797680384868,0.07041302544636287,0.9962252197036877,-0.022541630951377387,-0.21303331148524612,0.27703642461730793,-0.11392209820451701,0.02364317413204589,0.03242421494424298,0.992678913920756,-0.022438204028737904,-0.2131034413686762,0.27705521837728636,-0.11396421107596784,0.023575534924277324,0.032337825737654376,0.9926785067550459,-0.0224381996429203,-0.21310344284101806,0.27705521799264515,-0.11396421114003379,0.023575534929641057,0.032337825453845115,0.9926785067568088,-0.02189427262260684,-0.21346582532500744,0.2771447571456514,-0.11436541584413513,0.022819049357558914,0.03135985394852052,0.9926814202983467,-0.02189427262260684,-0.21346582532500744,0.2771447571456514,-0.11436541584413513,0.022819049357558914,0.03135985394852052,0.9926814202983467,-0.12899646532139153,-0.6074051515841171,0.8249254682168616,-0.4278136737719616,0.48664735853373514,-0.37312962413838385,-0.12033811744359985,-0.6054141579829315,0.8240749690269955,-0.4055310693769094,0.48425853985193695,-0.35250936034526453,-0.12033811744359985,-0.6054141579829315,0.8240749690269955,-0.4055310693769094,0.48425853985193695,-0.35250936034526453,-0.12137847720667329,-0.03213471880115075,0.013776044835048783,-0.3237671434862886,0.027222930438547472,-0.29828313186032257,-0.04143649732382005,0.04326723070622569,-0.019094513792842247,0.03579626880371237,0.08974621244188619,0.016499080768730967,0.5,0.0,0.0,0.5,True,False,True,False,1,True,True,0.0034991000138688833,4,4.642320052919665e-09,5.820103691996777e-10,`gtol` termination condition is satisfied.,True,True,0.0,0.010562899988144636,True,0.022282604395052197,0.022357259952572706,False,False,False,False,False,False,1.0,False,False,False,0.0006596930559362137,0.002599748162594811,0.000659697428691608,0.0025997486229602886
2.65057099999797,1786138790.0723212,0.009903600002871826,0.007491900003515184,0.009903600002871826,TELEOP,0,,0.0,2.65057099999797,517,-0.02456337126586916,0.04304623001659948,0.0,0.03460678436341452,0.04024066577547289,0.07354683714336344,0.9958784675050357,-0.02206330658238154,0.04134541094966755,0.0,0.03335073731467775,0.038560584907264876,0.07070499450290668,0.9961935621978899,-0.02261864809233176,-0.21298270075709275,0.2770228616650842,-0.11385690103459335,0.023748081980699755,0.0325580698538468,0.9926795085909796,-0.02251477140780014,-0.2130522078063678,0.2770414885343697,-0.11389822554761748,0.023681637247012374,0.032473257873676914,0.992679133354517,-0.022514767299477507,-0.21305220919045556,0.27704148817833385,-0.1138982256073601,0.023681637252061086,0.032473257607930586,0.992679133356235,-0.02196845631091659,-0.21341118642191076,0.27713002369394046,-0.1142938024188796,0.022932364831809434,0.03150631172932904,0.992682419353274,-0.02196845631091659,-0.21341118642191076,0.27713002369394046,-0.1142938024188796,0.022932364831809434,0.03150631172932904,0.992682419353274,-0.13021689022967192,-0.6076856328552709,0.8250456395846034,-0.4309421647478926,0.4869835591251151,-0.3760245899065074,-0.12154278354474522,-0.605727820510842,0.8242093875334412,-0.40873001607966375,0.4845365305841,-0.35545811287398754,-0.12154278354474522,-0.605727820510842,0.8242093875334412,-0.40873001607966375,0.4845365305841,-0.35545811287398754,-0.12163921208409618,-0.03167156668479363,0.013572691385623344,-0.3230084718513193,0.028069664776691622,-0.2977455195956938,-0.02632728274034584,0.046766036211358906,-0.020533285811873678,0.07660564186248511,0.08549763095224128,0.05428452930983582,0.5,0.0,0.0,0.5,True,False,True,False,1,True,True,0.0036265000235289335,4,4.34980175755231e-09,5.448622987953498e-10,`gtol` termination condition is satisfied.,True,True,0.0,0.009903600002871826,True,0.022212148668228848,0.022282604395052197,False,False,False,False,False,False,1.0,False,False,False,0.0006596657384231624,0.0025712919174235935,0.0006596698461959909,0.0025712923480522296
2.6600762999947873,1786138790.0821326,0.009505299996817484,0.007802300009643659,0.009505299996817484,TELEOP,0,,0.0,2.6600762999947873,519,-0.024820910801843284,0.043197378012458904,0.0,0.034717415036628216,0.04039085522129433,0.07379891370364991,0.9958498884088044,-0.022310709399721004,0.04151155685020694,0.0,0.03347340652430318,0.03872486118856066,0.0709826932071159,0.99616332669229,-0.022692867562191958,-0.21293455383712828,0.2770099589646681,-0.11379491982696834,0.023847916531027726,0.03268537860072789,0.9926800386450965,-0.02258856246650611,-0.21300345992081804,0.2770284248029446,-0.11383549152952965,0.023782615005197176,0.03260207415615751,0.9926796929787883,-0.022588558528278697,-0.21300346125105538,0.27702842446377124,-0.11383549158663125,0.02378261501005876,0.032602073901513776,0.9926796929804869,-0.022039915856551635,-0.213359204455148,0.27711600322474733,-0.11422569146843432,0.02304017169448069,0.03164554995170435,0.9926833337298966,-0.022039915856551635,-0.213359204455148,0.27711600322474733,-0.11422569146843432,0.02304017169448069,0.03164554995170435,0.9926833337298966,-0.13139055986783527,-0.6079506077042782,0.8251591609980589,-0.43393725351147155,0.487313829663406,-0.37879745848774404,-0.12270064737991297,-0.6060244786461372,0.8243364794930993,-0.41179136603835215,0.4848108477032878,-0.3582814928777803,-0.12270064737991297,-0.6060244786461372,0.8243364794930993,-0.41179136603835215,0.4848108477032878,-0.3582814928777803,-0.12181244522060553,-0.031209760385737667,0.013370641610536155,-0.3220676843143679,0.028859385740548464,-0.297032182544277,-0.018224899431616877,0.04858408458550305,-0.021256538473781676,0.09897504942152219,0.08308217143291122,0.07504624279671898,0.5,0.0,0.0,0.5,True,False,True,False,1,True,True,0.004390899994177744,4,4.1706360552043205e-09,5.220365656894236e-10,`gtol` termination condition is satisfied.,True,True,0.0,0.009505299996817484,True,0.022145887473119408,0.022212148668228848,False,False,False,False,False,False,1.0,False,False,False,0.0006597211894975039,0.0025443502624419973,0.0006597251369211552,0.0025443506747290703
2.6701273999857476,1786138790.0910144,0.01005109999096021,0.006631199998082593,0.01005109999096021,TELEOP,0,,0.0,2.6701273999857476,521,-0.02509421516671019,0.0433555288497081,0.0,0.03483308649233201,0.0405480655633572,0.07406261871889128,0.9958198827965766,-0.02257342224823816,0.041685587844948066,0.0,0.03360179313430497,0.03889701180046523,0.07127350946332535,0.9961315318871977,-0.022771679976132816,-0.21288412189476125,0.2769964438949497,-0.11373004325399622,0.023952526140359427,0.03281869665259286,0.9926805563236165,-0.022666926253371446,-0.21295239009326355,0.27701473880938243,-0.11376982467861682,0.023888427567817755,0.03273697635314714,0.9926802407624459,-0.022666922101385975,-0.21295239149323006,0.27701473844326086,-0.11376982473912062,0.02388842757296401,0.03273697608481142,0.992680240764237,-0.022115847812664305,-0.21330470682254354,0.2771013174472127,-0.11415445635331307,0.023153203095078043,0.03179141499923816,0.9926842374156366,-0.022115847812664305,-0.21330470682254354,0.2771013174472127,-0.11415445635331307,0.023153203095078043,0.03179141499923816,0.9926842374156366,-0.13263410023007177,-0.6082261048055709,0.825277187675931,-0.43709571440986233,0.48767123613141283,-0.3817230826608706,-0.12392797126237642,-0.6063335120238004,0.8244688337689997,-0.4150212225605255,0.4851096239267351,-0.36126192626902975,-0.12392797126237642,-0.6063335120238004,0.8244688337689997,-0.4150212225605255,0.4851096239267351,-0.36126192626902975,-0.12210841435935259,-0.03074622458647294,0.013168138414644285,-0.3213435867793808,0.029725723922360125,-0.29652808089959853,-0.029446442579743326,0.046117917410196455,-0.020147366564256468,0.0720416208811317,0.08619337013767965,0.05015387819560305,0.5,0.0,0.0,0.5,True,False,True,False,1,True,True,0.0034327000030316412,4,4.396923307311573e-09,5.502525203629168e-10,`gtol` termination condition is satisfied.,True,True,0.0,0.01005109999096021,True,0.022074491849336852,0.022145887473119408,False,False,False,False,False,False,1.0,False,False,False,0.0006597763915787394,0.002516027392545653,0.0006597805590280088,0.002516027826917848
2.680298199985944,1786138790.103036,0.010170800000196323,0.008483100013108924,0.010170800000196323,TELEOP,0,,0.0,2.680298199985944,523,-0.02537178543553006,0.04351380295224069,0.0,0.03494876119701025,0.04070546234483513,0.07432647750995576,0.9957897489766852,-0.022840382859211427,0.04185999040300399,0.0,0.033730348974882515,0.03906960804651085,0.07156488441042781,0.996099541514023,-0.02285176671573421,-0.21283358225259932,0.2769828999473622,-0.11366507447274264,0.024057396221025745,0.032952266558119135,0.9926810367186698,-0.02274656352434643,-0.21290120253357026,0.2770010212496564,-0.11370406217795698,0.023994508687616538,0.03287213887879938,0.9926807504341989,-0.02274655933294268,-0.212901203947147,0.27700102087639805,-0.11370406223911322,0.023994508692834565,0.03287213860804006,0.9926807504360338,-0.02219307226293189,-0.21325003266266576,0.27708659247218537,-0.11408311999061102,0.023266599547718307,0.03193762697731609,0.992685093603078,-0.02219307226293189,-0.21325003266266576,0.27708659247218537,-0.11408311999061102,0.023266599547718307,0.03193762697731609,0.992685093603078,-0.1338949452915004,-0.6085000449685276,0.8253945491726956,-0.44028265143411344,0.4880413417816481,-0.3846766106981708,-0.12517311672141743,-0.6066414872082159,0.8246006996401928,-0.4182823341389524,0.48542090729589105,-0.3642728828542049,-0.12517311672141743,-0.6066414872082159,0.8246006996401928,-0.4182823341389524,0.48542090729589105,-0.3642728828542049,-0.12242355163969083,-0.03028033039776143,0.01296514248540555,-0.3206347168722156,0.030605593380062367,-0.2960393071456542,-0.030984512558713054,0.04580703471728054,-0.01995869835556862,0.06969657324414208,0.08650936580065063,0.048056569191697734,0.5,0.0,0.0,0.5,True,False,True,False,1,True,True,0.004718200012575835,4,4.439074952716986e-09,5.552703632036471e-10,`gtol` termination condition is satisfied.,True,True,0.0,0.010170800000196323,True,0.022000317295161054,0.022074491849336852,False,False,False,False,False,False,1.0,False,False,False,0.0006598120243260038,0.0024874626051241172,0.0006598162392303965,0.0024874630431918738
2.691872499991976,1786138790.1133876,0.01157430000603199,0.00726129999384284,0.01157430000603199,TELEOP,0,,0.0,2.691872499991976,526,-0.025688881381866886,0.0436917556472049,0.0,0.035078714139191995,0.040882504929059434,0.0746230805914263,0.995755743366872,-0.02314560716972562,0.042056260832759804,0.0,0.03387489225064636,0.03926394423554635,0.07189271626348862,0.9960633873937604,-0.022943332384176687,-0.21277670554630523,0.27696765773088616,-0.11359201798593538,0.024175462440643565,0.03310254321058682,0.9926815310554817,-0.022837624788584452,-0.21284358745634738,0.27698558118357447,-0.11363011264618399,0.024113941046085045,0.033024209432305364,0.992681276613301,-0.022837620040305175,-0.21284358905055764,0.2769855807428921,-0.11363011271615565,0.024113941052022136,0.033024209125754586,0.9926812766153453,-0.022281690152480698,-0.21318829026644187,0.2770700016331603,-0.11400296739816645,0.023394668773808688,0.03210257636318287,0.9926859712357289,-0.022281690152480698,-0.21318829026644187,0.2770700016331603,-0.11400296739816645,0.023394668773808688,0.03210257636318287,0.9926859712357289,-0.13533281783932008,-0.6088055861602328,0.8255254570423359,-0.4438973923381814,0.48847296605222257,-0.38802858212491764,-0.12659774089538095,-0.6069865535410268,0.824748408208547,-0.4219927088732386,0.48578778037119147,-0.3677008493193465,-0.12659774089538095,-0.6069865535410268,0.824748408208547,-0.4219927088732386,0.48578778037119147,-0.3677008493193465,-0.12308512594464167,-0.029813149186659393,0.012761771189380672,-0.3205701193465271,0.03169721495980306,-0.2961705211853062,-0.05715890417615412,0.040363668719366544,-0.017570936982702123,0.00558111727316582,0.09431426342602064,-0.011336671728189716,0.5,0.0,0.0,0.5,True,False,True,False,1,True,True,0.004065899993292987,4,5.028107339192021e-09,6.289955274865145e-10,`gtol` termination condition is satisfied.,True,True,0.0,0.01157430000603199,True,0.021904683464942787,0.022000317295161054,False,False,False,False,False,False,1.0,False,False,False,0.0006595482204678302,0.002454222811044877,0.0006595529995497934,0.0024542233070973256
2.700401700006867,1786138790.1216636,0.008529200014891103,0.0070078000135254115,0.008529200014891103,TELEOP,0,,0.0,2.700401700006867,527,-0.025923375857710915,0.04382141223090537,0.0,0.03517332876866348,0.04101154922101611,0.07483914471846695,0.9957308834176191,-0.02337130743256336,0.04219967722513368,0.0,0.033980439115071155,0.0394059997553793,0.07213222201965681,0.9960368665302168,-0.02301104127583757,-0.21273514525795179,0.27695652010348065,-0.1135386661635069,0.024261759559030992,0.03321232907420834,0.992681862182632,-0.022904963509551235,-0.21280147866349583,0.2769742965820096,-0.11357610381351664,0.02420124518068682,0.03313531611947898,0.99268163033266,-0.022904960000308557,-0.2128014798587623,0.2769742962829686,-0.11357610386396635,0.02420124518509948,0.033135315892956055,0.9926816303343415,-0.022347073986420125,-0.21314322691490373,0.27705785559624857,-0.11394417477498171,0.023488103379667693,0.032222860542365374,0.9926866178673619,-0.022347073986420125,-0.21314322691490373,0.27705785559624857,-0.11394417477498171,0.023488103379667693,0.032222860542365374,0.9926866178673619,-0.13639420404986735,-0.609027191632636,0.8256204141490658,-0.4465538824433493,0.4887976424440402,-0.3904929947752738,-0.12764698627213952,-0.6072369209846136,0.8248555629908456,-0.4247145890183316,0.4860635210656818,-0.3702166998432264,-0.12764698627213952,-0.6072369209846136,0.8248555629908456,-0.4247145890183316,0.4860635210656818,-0.3702166998432264,-0.12301802923213115,-0.02935415316203371,0.012563286370533517,-0.3191249050720909,0.032329021949176355,-0.2949691084143334,0.007866706419520746,0.05381466301931301,-0.023271211661189888,0.16944312150178817,0.07407576188508003,0.14085878732768078,0.5,0.0,0.0,0.5,True,False,True,False,1,True,True,0.003510799986543134,4,3.719256865471619e-09,4.642417742687193e-10,`gtol` termination condition is satisfied.,True,True,0.0,0.008529200014891103,True,0.021839293425017725,0.021904683464942787,False,False,False,False,False,False,1.0,False,False,False,0.0006595528892435214,0.0024303475094764734,0.0006595564389954803,0.0024303478750583086
2.7104292999935096,1786138790.1314127,0.010027599986642599,0.006726299994625151,0.010027599986642599,TELEOP,0,,0.0,2.7104292999935096,529,-0.02619994989609847,0.043972236866593184,0.0,0.03528331691635277,0.041161715460972456,0.07509044016646502,0.9957018763280989,-0.023637715628303996,0.04236661354848634,0.0,0.03410319939017503,0.039571423788537,0.07241094951426343,0.9960058878345774,-0.023090962352672523,-0.2126867691602943,0.2769435559102515,-0.11347660752760806,0.02436224320930175,0.03334008951220464,0.9926822145486209,-0.022984453756208768,-0.2127524553117887,0.2769611589541649,-0.11351327880898156,0.02430290615232386,0.033264618730681754,0.9926820082117376,-0.02298444965209738,-0.21275245669968268,0.27696115858363535,-0.11351327886882119,0.024302906157500706,0.03326461846591109,0.9926820082136406,-0.02242429064747553,-0.21309073364125658,0.2770437343964581,-0.11387598245262877,0.023596947929156783,0.032362850831355955,0.9926873075419795,-0.02242429064747553,-0.21309073364125658,0.2770437343964581,-0.11387598245262877,0.023596947929156783,0.032362850831355955,0.9926873075419795,-0.13764416917414007,-0.609283045424495,0.8257300634126014,-0.4496675503261133,0.4891870310575156,-0.3933830003830964,-0.12888300875788214,-0.6075265245920082,0.8249794912856644,-0.4279055799636746,0.48639614352833516,-0.37316775688650416,-0.12888300875788214,-0.6075265245920082,0.8249794912856644,-0.4279055799636746,0.48639614352833516,-0.37316775688650416,-0.12326204549334537,-0.028880650183530993,0.012358719432753658,-0.3182208055360827,0.03317069519091579,-0.2942934547856639,-0.024334463035946725,0.047219970793953944,-0.020400388732334317,0.09016110906024805,0.08393566185932776,0.0673793958244781,0.5,0.0,0.0,0.5,True,False,True,False,1,True,True,0.003655300009995699,4,4.3482493134488876e-09,5.430090474780916e-10,`gtol` termination condition is satisfied.,True,True,0.0,0.010027599986642599,True,0.021761970362438654,0.021839293425017725,False,False,False,False,False,False,1.0,False,False,False,0.0006595666490377352,0.002402618598979654,0.0006595708000231425,0.0024026190265484687
2.720171699991286,1786138790.141773,0.009742399997776374,0.0073435999802313745,0.009742399997776374,TELEOP,0,,0.0,2.720171699991286,531,-0.02646956270841463,0.04411710009584457,0.0,0.03538888328919824,0.041306000817118875,0.07533175863309485,0.9956739262315173,-0.023897536140562205,0.042527212309084954,0.0,0.03422120985388743,0.039730633723468446,0.07267904218371492,0.9959759747942346,-0.023168907176924148,-0.21264022958612425,0.2769310838673921,-0.11341694423848939,0.02445894355248245,0.03346297172979503,0.9926825204278107,-0.0230619838692668,-0.212705284198534,0.2769485176875043,-0.11345287617974732,0.02440074476098052,0.0333889900967344,0.9926823378513252,-0.0230619798897894,-0.21270528554688622,0.276948517329328,-0.11345287623763017,0.02440074476602199,0.03338898984010903,0.9926823378532176,-0.02249959334564046,-0.21304021017560076,0.2770301447556208,-0.11381041024894181,0.023701692647395675,0.03249746234272675,0.9926879344617315,-0.02249959334564046,-0.21304021017560076,0.2770301447556208,-0.11381041024894181,0.023701692647395675,0.03249746234272675,0.9926879344617315,-0.13886063365762127,-0.6095271111316233,0.8258346809449062,-0.45268321499215686,0.48957301394367103,-0.39618340868509627,-0.13008560703908947,-0.6078032960191444,0.8250979149025667,-0.4309957292520879,0.4867270651773231,-0.376027053606722,-0.13008560703908947,-0.6078032960191444,0.8250979149025667,-0.4309957292520879,0.4867270651773231,-0.376027053606722,-0.12343963309675313,-0.028408957464217337,0.012155487039060144,-0.31718563076024187,0.03396715892012932,-0.29348997381245595,-0.018228321917422748,0.048416480479277844,-0.020860608652888503,0.10625459600068429,0.08175231250978311,0.08247259129078172,0.5,0.0,0.0,0.5,True,False,True,False,1,True,True,0.0038626999885309488,4,4.2169401633348634e-09,5.262546928793445e-10,`gtol` termination condition is satisfied.,True,True,0.0,0.009742399997776374,True,0.021687485740068957,0.021761970362438654,False,False,False,False,False,False,1.0,False,False,False,0.0006596333592857098,0.0023760111114304186,0.0006596373923817118,0.002376011525519505
2.730209299995866,1786138790.1513534,0.010037600004579872,0.006889700016472489,0.010037600004579872,TELEOP,0,,0.0,2.730209299995866,533,-0.026748267005838634,0.044264623716555276,0.0,0.03549631337593379,0.04145299079404038,0.07557746410465972,0.9956453727158359,-0.024166267503936585,0.04269098594301317,0.0,0.034341460547875756,0.03989305975136562,0.07295237967894501,0.9959453590284417,-0.023249525230228694,-0.21259276994601142,0.276918365241816,-0.11335614244656794,0.02455758822153782,0.03358825421391633,0.9926827987878284,-0.02314217907904887,-0.21265717158999664,0.27693562409595196,-0.11339131890429469,0.024500555112203035,0.03351579566863693,0.9926826396371787,-0.023142174991745423,-0.21265717297383868,0.27693562372284564,-0.11339131896388056,0.024500555117402047,0.033515795405180904,0.992682639639139,-0.02257752062644063,-0.21298863951225308,0.2770162849011586,-0.11374362987476343,0.02380859925816683,0.03263473308142034,0.992688526911126,-0.02257752062644063,-0.21298863951225308,0.2770162849011586,-0.11374362987476343,0.02380859925816683,0.03263473308142034,0.992688526911126,-0.14011602113126317,-0.6097737995463332,0.8259404488011264,-0.4557800582253231,0.48997861422670785,-0.39906064823455134,-0.13132708865504628,-0.6080836961147005,0.8252178817601488,-0.4341702153258866,0.4870764233208285,-0.3789659735611751,-0.13132708865504628,-0.6080836961147005,0.8252178817601488,-0.4341702153258866,0.4870764233208285,-0.3789659735611751,-0.12368311303402753,-0.027934974040420377,0.011951747183329885,-0.31625947162172946,0.03480494773113174,-0.2927911007723101,-0.02425678819272664,0.047220792179474606,-0.020297666338297844,0.0922689824350266,0.08346505246474896,0.0696255120573662,0.5,0.0,0.0,0.5,True,False,True,False,1,True,True,0.0036570999945979565,4,4.331313494958811e-09,5.403348104810797e-10,`gtol` termination condition is satisfied.,True,True,0.0,0.010037600004579872,True,0.02160984289943646,0.021687485740068957,False,False,False,False,False,False,1.0,False,False,False,0.0006597051189986472,0.0023488137652033342,0.0006597092670893123,0.0023488141901464427
2.7403981999883653,1786138790.1632895,0.0101888999924995,0.008636999991722405,0.0101888999924995,TELEOP,0,,0.0,2.7403981999883653,535,-0.02703211811654643,0.044412570312781105,0.0,0.035603975449807694,0.04160045775658324,0.07582382864396253,0.9956166460321881,-0.024440107386868536,0.042855479924573364,0.0,0.0344621466099711,0.04005626934551674,0.07322686376666211,0.9959144954061323,-0.02333167583343696,-0.21254510153058334,0.27690559065008363,-0.11329511452720979,0.024656699672767998,0.0337140584973201,0.9926830443022348,-0.023223905085491704,-0.21260883810572545,0.27692267129579207,-0.11332953070576653,0.024600842225125295,0.033643134141173606,0.9926829078597981,-0.023223900948992,-0.21260883950610387,0.27692267091459766,-0.11332953076612545,0.02460084223040886,0.03364313387466944,0.9926829078618084,-0.022656992239500292,-0.21293677936602096,0.27700235741566503,-0.11367661523455269,0.0239160953697061,0.03277264122783447,0.9926890759538126,-0.022656992239500292,-0.21293677936602096,0.27700235741566503,-0.11367661523455269,0.0239160953697061,0.03277264122783447,0.9926890759538126,-0.14139239356767974,-0.6100192712775545,0.8260457268184493,-0.45891279318449324,0.49039847402143,-0.40197271511572397,-0.13259005171425955,-0.6083634691126149,0.8253375758627131,-0.43738349728076015,0.4874397686921186,-0.38194243605140665,-0.13259005171425955,-0.6083634691126149,0.8253375758627131,-0.43738349728076015,0.4874397686921186,-0.38194243605140665,-0.12395479984522423,-0.027458606730891098,0.011747499990420927,-0.3153708405459814,0.035660902703679796,-0.2921279522247394,-0.026664979673634952,0.046753556309312404,-0.020046049432157886,0.08721560486433452,0.08400857532983551,0.06508539175561837,0.5,0.0,0.0,0.5,True,False,True,False,1,True,True,0.005242899991571903,4,4.383719735650198e-09,5.466246395573093e-10,`gtol` termination condition is satisfied.,True,True,0.0,0.0101888999924995,True,0.021529295903733092,0.02160984289943646,False,False,False,False,False,False,1.0,False,False,False,0.0006597575123273307,0.0023213285301748664,0.0006597617167240727,0.002321328959815256
2.7526530999963397,1786138790.173932,0.012254900007974356,0.007025399972917512,0.012254900007974356,TELEOP,0,,0.0,2.7526530999963397,537,-0.02737477155060022,0.04458810421639914,0.0,0.03573161425378165,0.04177549467959319,0.07611607324878847,0.9955824441904746,-0.0247709719647639,0.04305081239816944,0.0,0.034605327826119296,0.04025017369839521,0.07355272967020704,0.9958776986966609,-0.02343093358985425,-0.21248849644456974,0.27689042110817785,-0.1132227034904654,0.02477443806681414,0.03386340712046997,0.9926832910304157,-0.023322660754126427,-0.2125514333476288,0.2769072874777461,-0.1132562186124,0.024719977510551494,0.03379430301763254,0.9926831804463349,-0.023322655809497682,-0.21255143501007417,0.27690728699757033,-0.1132562186854943,0.02471997751689351,0.03379430269927638,0.9926831804486754,-0.022753512261513918,-0.2128748963271733,0.2769857936899598,-0.11359721907133088,0.024044389228137827,0.03293701147242374,0.9926896254324266,-0.022753512261513918,-0.2128748963271733,0.2769857936899598,-0.11359721907133088,0.024044389228137827,0.03293701147242374,0.9926896254324266,-0.14293031323234853,-0.6103074942446063,0.8261693881142587,-0.4626652181424655,0.4909145179624351,-0.4054629698309223,-0.13411905211353906,-0.6086940425860864,0.8254790062570128,-0.4412495568886995,0.4878913824728232,-0.38552596178306386,-0.13411905211353906,-0.6086940425860864,0.8254790062570128,-0.4412495568886995,0.4878913824728232,-0.38552596178306386,-0.12476645246265387,-0.02697479973369035,0.011540722013857857,-0.315470514277852,0.03685169037778843,-0.29241574629946876,-0.06623086413609994,0.03947865726247721,-0.01687308557626081,-0.008133377816689491,0.09716828969096288,-0.023484000240073938,0.5,0.0,0.0,0.5,True,False,True,False,1,True,True,0.0035973000049125403,4,5.2386684221584696e-09,6.534190950369497e-10,`gtol` termination condition is satisfied.,True,True,0.0,0.012254900007974356,True,0.021415661253765983,0.021529295903733092,False,False,False,False,False,False,1.0,False,False,False,0.0006593291307237821,0.00228708611731449,0.0006593341574156706,0.002287086630770819
2.760478900010301,1786138790.1814694,0.00782580001396127,0.006737699994118884,0.00782580001396127,TELEOP,0,,0.0,2.760478900010301,539,-0.02759428813270646,0.04469881514894798,0.0,0.03581206212033139,0.04188593236755034,0.07630036177303974,0.9955608066158962,-0.02498287514457079,0.043174496143823064,0.0,0.03469593543512638,0.04037299186644847,0.07375903340218462,0.9958543159436568,-0.023494503519948827,-0.21245265431253824,0.2768808157998115,-0.11317687622667574,0.024849008224387643,0.033957957173389924,0.9926834231629167,-0.023385910859407208,-0.21251507578355497,0.276897544056728,-0.1132098159269906,0.02479544123183694,0.033890016302722384,0.9926833283917368,-0.023385907684603212,-0.21251507687423293,0.27689754378595416,-0.11320981597218822,0.02479544123593362,0.033890016098307704,0.9926833283934586,-0.02281512611163997,-0.21283578015954932,0.2769752732663734,-0.11354660763304504,0.024125427419269492,0.03304083898723681,0.9926899992474411,-0.02281512611163997,-0.21283578015954932,0.2769752732663734,-0.11354660763304504,0.024125427419269492,0.03304083898723681,0.9926899992474411,-0.14391372273241898,-0.61048845234551,0.826247060455972,-0.46505410358517,0.49124974729393844,-0.40768576849951177,-0.1350936633623436,-0.6089016628446968,0.8255678364591358,-0.4437046524168378,0.4881837020179385,-0.3878025457249705,-0.1350936633623436,-0.6089016628446968,0.8255678364591358,-0.4437046524168378,0.4881837020179385,-0.3878025457249705,-0.12453822574891102,-0.026530227994588467,0.011350942007789758,-0.3137181532569742,0.03735331143062143,-0.2909075031108948,0.02916337158318516,0.05680847176119555,-0.024250556585848144,0.22392100714963004,0.0640983735768999,0.19272702929837432,0.5,0.0,0.0,0.5,True,False,True,False,1,True,True,0.003704200003994629,4,3.367829763022446e-09,4.187979860909395e-10,`gtol` termination condition is satisfied.,True,True,0.0,0.00782580001396127,True,0.0213494511683322,0.021415661253765983,False,False,False,False,False,False,1.0,False,False,False,0.0006593057510543652,0.002265827478765944,0.0006593089981926019,0.002265827807251952
2.7705179999971987,1786138790.192266,0.010039099986897781,0.007489400013582781,0.010039099986897781,TELEOP,0,,0.0,2.7705179999971987,541,-0.02787668106328492,0.0448392546684753,0.0,0.035914050783610076,0.04202606998831022,0.07653409952970537,0.9955332852330087,-0.025255704651499667,0.043331441965588864,0.0,0.03481082504847899,0.04052890264238437,0.07402076803242903,0.9958245530262536,-0.02357635107283773,-0.2124071731847663,0.27686862732670936,-0.1131187627013449,0.024943662399060294,0.03407790783573993,0.9926835625860727,-0.023467352621226473,-0.21246893123460742,0.2768851778164453,-0.11315097096807515,0.024891233677439666,0.03401144694939389,0.9926834871858228,-0.02346734857973993,-0.21246893260587,0.2768851774401985,-0.11315097102689442,0.02489123368266624,0.034011446689353665,0.9926834871878968,-0.022894486026421516,-0.21278610647930574,0.2769619493584241,-0.11348270559767532,0.024228354405994752,0.03317257328906356,0.9926904062971449,-0.022894486026421516,-0.21278610647930574,0.2769619493584241,-0.11348270559767532,0.024228354405994752,0.03317257328906356,0.9926904062971449,-0.14517690897812377,-0.6107158555833798,0.8263447121314172,-0.4681077199908621,0.4916869566461527,-0.41052852705273174,-0.13634580770751023,-0.6091631486978398,0.8256797236434701,-0.4468431655533898,0.48856680540881325,-0.3907143873944458,-0.13634580770751023,-0.6091631486978398,0.8256797236434701,-0.4468431655533898,0.48856680540881325,-0.3907143873944458,-0.12472675307555672,-0.026046742584918632,0.011145140946928455,-0.31262893492924265,0.03816112912260669,-0.29005007154780776,-0.01877930560426344,0.04816023451313773,-0.02049995130339339,0.10849760727088542,0.0804671427757031,0.08540920642349584,0.5,0.0,0.0,0.5,True,False,True,False,1,True,True,0.0037407999916467816,4,4.284336140427238e-09,5.333375970717987e-10,`gtol` termination condition is satisfied.,True,True,0.0,0.010039099986897781,True,0.02126455443747227,0.0213494511683322,False,False,False,False,False,False,1.0,False,False,False,0.0006592910574342411,0.002238940238199685,0.0006592951849897531,0.0022389406566173387
2.780027699998416,1786138790.2017984,0.009509700001217425,0.0075172000215388834,0.009509700001217425,TELEOP,0,,0.0,2.780027699998416,543,-0.02814499435220464,0.04497064295887744,0.0,0.03600940413760535,0.0421572210904311,0.07675273582893313,0.9955074630892333,-0.025515032943222483,0.043478560319598826,0.0,0.034918445329678215,0.04067510595235018,0.07426606857756186,0.9957965600410338,-0.023654148342515603,-0.21236453992142565,0.27685720203654673,-0.11306432118182487,0.0250324159337342,0.034190324015212256,0.9926836652085842,-0.023544769123522002,-0.2124256668049899,0.2768735834018956,-0.11309584178524272,0.02498105948623306,0.03412525572350082,0.9926836072785923,-0.02354476530261182,-0.21242566810528923,0.2768735830503004,-0.11309584184056644,0.02498105949119475,0.03412525547774457,0.9926836072806127,-0.022969872293309407,-0.2127395331201376,0.27694945360281037,-0.1134228022937479,0.02432484057182723,0.03329598757034775,0.9926907611450325,-0.022969872293309407,-0.2127395331201376,0.27694945360281037,-0.1134228022937479,0.02432484057182723,0.03329598757034775,0.9926907611450325,-0.14637506062323175,-0.6109268913054675,0.8264353816061272,-0.4709898936133729,0.4921081705794804,-0.4132129416911722,-0.13753264395252748,-0.6094063237313546,0.8257837895191752,-0.4498039701326599,0.48893660863070704,-0.3934627082676368,-0.13753264395252748,-0.6094063237313546,0.8257837895191752,-0.4498039701326599,0.48893660863070704,-0.3934627082676368,-0.12480270091225819,-0.02557126234094728,0.010943129193533789,-0.3113457394966239,0.038886949309279814,-0.2890018478857554,-0.007986354637027487,0.04999949986965743,-0.02124270517143603,0.13493542724317686,0.07632419388416099,0.11022678548410214,0.5,0.0,0.0,0.5,True,False,True,False,1,True,True,0.0038144999998621643,4,4.051388919427247e-09,5.039267733184061e-10,`gtol` termination condition is satisfied.,True,True,0.0,0.009509700001217425,True,0.02118592348071302,0.02126455443747227,False,False,False,False,False,False,1.0,False,False,False,0.0006593705789832587,0.0022138319477329237,0.000659374488860266,0.0022138323427854686
2.7904031999856924,1786138790.2114499,0.010375499987276271,0.006792100000893697,0.010375499987276271,TELEOP,0,,0.0,2.7904031999856924,545,-0.028438625649771832,0.04511216173194678,0.0,0.036112042261201266,0.042298533290868204,0.07698818944590126,0.9954795694392772,-0.025799010273092417,0.04363722792641176,0.0,0.03503442711058547,0.040832850882184246,0.07453057426264183,0.9957662681101159,-0.023739340228032813,-0.21231855978331507,0.27684487979887584,-0.11300564441594772,0.02512816741556963,0.03431153799654402,0.9926837451539051,-0.023629550755999602,-0.21237899642106914,0.2768610762090721,-0.11303642275787792,0.025077970815751277,0.03424797423013877,0.9926837053014412,-0.023629546606923967,-0.2123789978278739,0.2768610758159071,-0.11303642281833061,0.02507797082115838,0.03424797396341808,0.9926837053036228,-0.02305251007391638,-0.2126892262877344,0.2769359759258113,-0.11335832473725659,0.024429066507058655,0.033429179777212936,0.9926910903507592,-0.02305251007391638,-0.2126892262877344,0.2769359759258113,-0.11335832473725659,0.024429066507058655,0.033429179777212936,0.9926910903507592,-0.1476840067565188,-0.6111519960479644,0.8265321530225719,-0.47412210810660144,0.4925756658791519,-0.41613175234460825,-0.13883034586061993,-0.6096665917405694,0.8258951922958961,-0.4530244218261639,0.4893489630842453,-0.39645365916010394,-0.13883034586061993,-0.6096665917405694,0.8258951922958961,-0.4530244218261639,0.4893489630842453,-0.39645365916010394,-0.12507367449123855,-0.025084864298966475,0.010737099595925751,-0.3103900243316792,0.03974309228894322,-0.2882705311681405,-0.02611667672041563,0.04687947979155581,-0.019857317513439967,0.09211268527943087,0.08251582870351433,0.07048496154515235,0.5,0.0,0.0,0.5,True,False,True,False,1,True,True,0.003489299997454509,4,4.398693779451731e-09,5.470957664211509e-10,`gtol` termination condition is satisfied.,True,True,0.0,0.010375499987276271,True,0.02109768628043751,0.02118592348071302,False,False,False,False,False,False,1.0,False,False,False,0.0006594110130991927,0.0021864823178678445,0.000659415261059246,0.002186482746605205
2.8004181999928077,1786138790.2233117,0.010015000007115304,0.008640399988507852,0.010015000007115304,TELEOP,0,,0.0,2.8004181999928077,547,-0.028722923901268828,0.04524694500945675,0.0,0.036209730474880075,0.04243316695219222,0.07721239792657011,0.9954529257417314,-0.026074079299669668,0.043788654238719804,0.0,0.03514503606624374,0.04098345491225584,0.07478296073477728,0.9957372603488827,-0.02382185968250477,-0.2122746780651437,0.27683311990033466,-0.11294968060052703,0.02521957676626869,0.034427195100484836,0.992683791968763,-0.02371167855496773,-0.21233444603477233,0.2768491371371548,-0.11297974892523314,0.025170491858527776,0.03436507174018289,0.992683768637668,-0.0237116745605352,-0.2123344473918296,0.2768491367608099,-0.11297974898321572,0.02517049186375462,0.03436507148350915,0.992683768639822,-0.023132576592206574,-0.21264116506137243,0.27692310014160665,-0.11329677368632592,0.024528629009669508,0.03355632825152809,0.9926913721119225,-0.023132576592206574,-0.21264116506137243,0.27692310014160665,-0.11329677368632592,0.024528629009669508,0.03355632825152809,0.9926913721119225,-0.1489490566563661,-0.6113644191996257,0.8266235340832447,-0.4771334943697437,0.4930345618506057,-0.4189393519457143,-0.14008472676686703,-0.6099129746369283,0.8260006771866607,-0.45612166077491384,0.4897549225128168,-0.3993316622997154,-0.14008472676686703,-0.6099129746369283,0.8260006771866607,-0.45612166077491384,0.4897549225128168,-0.3993316622997154,-0.12525021521277296,-0.0246013875370788,0.010532690033911852,-0.30926000464797176,0.04053514011813061,-0.28736925986687106,-0.017627630694856677,0.048275263259528814,-0.0204103406758537,0.1128327192116467,0.07908615363201857,0.08999214185013843,0.5,0.0,0.0,0.5,True,False,True,False,1,True,True,0.004188199993222952,4,4.235413931384158e-09,5.264042173681408e-10,`gtol` termination condition is satisfied.,True,True,0.0,0.010015000007115304,True,0.021011833594829887,0.02109768628043751,False,False,False,False,False,False,1.0,False,False,False,0.0006594700656064728,0.0021602001086155394,0.0006594741621776223,0.002160200520848778
2.811395099990139,1786138790.2333784,0.010976899997331202,0.007728500000666827,0.010976899997331202,TELEOP,0,,0.0,2.811395099990139,549,-0.029035495196812228,0.045392615460635416,0.0,0.03631523825643932,0.04257872736346837,0.07745467426118145,0.9954240447575996,-0.02637670031759061,0.043952549999799605,0.0,0.03526466058605725,0.04114652891350027,0.07505607522997512,0.9957057559556404,-0.023912644631157515,-0.21222718280077202,0.27682039158350746,-0.11288914945155813,0.025318545812569638,0.03455234717999579,0.9926838099205576,-0.023802040244261045,-0.21228621656636107,0.2768362120861388,-0.11291844903001667,0.025270667136431654,0.03449178481595007,0.9926838036511654,-0.02380203588860742,-0.2122862180405497,0.2768362116637898,-0.1129184490936226,0.025270667142152238,0.0344917845362233,0.992683803653504,-0.023220850872487493,-0.2125890117902481,0.2769091517310631,-0.11323025145755414,0.024636681948384406,0.033694184485589036,0.9926916167618645,-0.023220850872487493,-0.2125890117902481,0.2769091517310631,-0.11323025145755414,0.024636681948384406,0.033694184485589036,0.9926916167618645,-0.15033734060812612,-0.6115914732104428,0.8267212845636172,-0.4804197339945972,0.4935462362498553,-0.42200488066920505,-0.14146396493359412,-0.6101775690956168,0.8261139964394225,-0.4595080417272823,0.490210199309382,-0.4024801305484368,-0.14146396493359412,-0.6101775690956168,0.8261139964394225,-0.4595080417272823,0.490210199309382,-0.4024801305484368,-0.12564915113214314,-0.024104661493941904,0.010323429455439837,-0.30850066532370585,0.04147589908588324,-0.28682672243410273,-0.036343222537069814,0.04525194210183783,-0.01906372277445279,0.06917611752412234,0.08570351993562501,0.049425378103129525,0.5,0.0,0.0,0.5,True,False,True,False,1,True,True,0.0037598000199068338,4,4.617719058320066e-09,5.738674889627099e-10,`gtol` termination condition is satisfied.,True,True,0.0,0.010976899997331202,True,0.020911692267314874,0.021011833594829887,False,False,False,False,False,False,1.0,False,False,False,0.0006593787464216441,0.002131088860586593,0.0006593832157956614,0.002131089309810713
2.820374099995777,1786138790.2411623,0.008979000005638227,0.006534300016937777,0.008979000005638227,TELEOP,0,,0.0,2.820374099995777,551,-0.029291917723204604,0.04551016730816832,0.0,0.036400326017065776,0.04269622951494964,0.0776501519201045,0.9954006741799218,-0.0266249980167272,0.04408520866137617,0.0,0.03536142402767725,0.041278567024804334,0.0752770991555261,0.9956801735185062,-0.023987132842754125,-0.2121887396954282,0.2768100891520194,-0.11284018187176666,0.025398673582995416,0.034653627091044054,0.9926838000414866,-0.023876184826906243,-0.2122471691815833,0.2768257477344385,-0.11286885596586563,0.025351778102389283,0.03459433578472577,0.9926838069756239,-0.02387618126224581,-0.2122471703999957,0.27682574740699933,-0.11286885601701671,0.02535177810709263,0.03459433555584516,0.9926838069776641,-0.023293163941644643,-0.21254681060157463,0.2768978408319903,-0.11317624043163686,0.024724084305238123,0.03380567414070442,0.9926918125243707,-0.023293163941644643,-0.21254681060157463,0.2768978408319903,-0.11317624043163686,0.024724084305238123,0.03380567414070442,0.9926918125243707,-0.1514741652925498,-0.6117732038264428,0.8267995858197661,-0.48309747203092157,0.4939712074484772,-0.42450385709682636,-0.14259164295699397,-0.6103898132630226,0.8262049233067451,-0.46226433034635184,0.490588191188552,-0.40504392783979304,-0.14259164295699397,-0.6103898132630226,0.8262049233067451,-0.46226433034635184,0.490588191188552,-0.40504392783979304,-0.1255906028167661,-0.02363784021298604,0.010126614017765222,-0.30697055544478447,0.042097324750267916,-0.28553260828002847,0.006520583064962074,0.05199034198270767,-0.021919527514314148,0.17040983160269071,0.06920878316009157,0.14412675724041274,0.5,0.0,0.0,0.5,True,False,True,False,1,True,True,0.0037486999935936183,4,3.781342246588079e-09,4.691654133676235e-10,`gtol` termination condition is satisfied.,True,True,0.0,0.008979000005638227,True,0.020833141684569734,0.020911692267314874,False,False,False,False,False,False,1.0,False,False,False,0.0006594625906373787,0.0021076391593647286,0.0006594662598952711,0.0021076395262140026
2.830434600000106,1786138790.252914,0.010060500004328787,0.008220699994126335,0.010060500004328787,TELEOP,0,,0.0,2.830434600000106,553,-0.029580008333149235,0.04564015710233418,0.0,0.036494360612295794,0.042826204993604906,0.07786627905050388,0.9953747637931025,-0.026904136618406353,0.04423208424996627,0.0,0.03546848278347033,0.041424810539355525,0.07552176560088174,0.9956517637815657,-0.024070873207425604,-0.2121461766426736,0.27679868259086826,-0.11278599966631203,0.02548741471269587,0.034765737706106484,0.9926837630646952,-0.023959544792439013,-0.21220392708084712,0.276814159218323,-0.11281398021641631,0.025441611549739698,0.03470785696138375,0.992683783958734,-0.023959540820636803,-0.21220392843103864,0.27681415883944904,-0.11281398027389228,0.025441611554995937,0.03470785670650424,0.9926837839609789,-0.023374497225313633,-0.21250003126711953,0.2768853219573928,-0.1131165886660259,0.024820983061903765,0.03392917132304452,0.9926919801739779,-0.023374497225313633,-0.21250003126711953,0.2768853219573928,-0.1131165886660259,0.024820983061903765,0.03392917132304452,0.9926919801739779,-0.15274920905835623,-0.6119719563988286,0.8268852951835199,-0.4860852134167738,0.4944544956920595,-0.4272935473301099,-0.1438568918540558,-0.6106227368657624,0.8263047500437263,-0.46534095600908243,0.49101959521258864,-0.40790715073965417,-0.1438568918540558,-0.6106227368657624,0.8263047500437263,-0.46534095600908243,0.49101959521258864,-0.40790715073965417,-0.12576401734679524,-0.02315228891602044,0.009922641711464182,-0.30581240111394237,0.04288097250146941,-0.2846004570974765,-0.017237168128276734,0.04826313769262722,-0.020274569475997723,0.11511896330637442,0.07789351929469801,0.09265455813834977,0.5,0.0,0.0,0.5,True,False,True,False,1,True,True,0.004421499994350597,4,4.212098690329934e-09,5.226843068438386e-10,`gtol` termination condition is satisfied.,True,True,0.0,0.010060500004328787,True,0.02074425740769137,0.020833141684569734,False,False,False,False,False,False,1.0,False,False,False,0.000659558251649757,0.002081508844583928,0.0006595623400098646,0.0020815092531720355
2.840513700000545,1786138790.2631693,0.010079100000439212,0.008401800005231053,0.010079100000439212,TELEOP,0,,0.0,2.840513700000545,555,-0.029869449756300827,0.045768558496919076,0.0,0.036587188250323345,0.04295463412388644,0.07807973049974858,0.9953491009431341,-0.027184717478054902,0.04437745761920423,0.0,0.03557437313670667,0.041569611914959496,0.07576388569467045,0.9956235558511134,-0.02415504626192263,-0.212104048888064,0.27678739266775876,-0.11273240401810533,0.02557527376380629,0.034876678710463786,0.9926836997444514,-0.024043341326616095,-0.2121611169351372,0.27680268644435824,-0.11275969691702283,0.025530555719484246,0.0348201977036204,0.9926837337781436,-0.024043337361746416,-0.21216111828309608,0.27680268606466696,-0.11275969697432653,0.025530555724750527,0.034820197449300046,0.9926837337804197,-0.02345628691530994,-0.21245366860877749,0.2768729190728067,-0.11305755484141447,0.024917019942137256,0.034051491037851454,0.9926921110639405,-0.02345628691530994,-0.21245366860877749,0.2768729190728067,-0.11305755484141447,0.024917019942137256,0.034051491037851454,0.9926921110639405,-0.15402789558746663,-0.6121661331881156,0.8269691129290214,-0.4890654720429058,0.49494604513039453,-0.4300776405321667,-0.14512622414196855,-0.6108511896772643,0.8264027065851565,-0.46841151608258536,0.49145966946986996,-0.41076618224827455,-0.14512622414196855,-0.6108511896772643,0.8264027065851565,-0.46841151608258536,0.49145966946986996,-0.41076618224827455,-0.12593706658902376,-0.022665993143429486,0.009718778603839174,-0.3046462554562519,0.04366205884078352,-0.2836594049563759,-0.017169116510499377,0.04824793608256333,-0.02022632056593596,0.11569938363937965,0.07749564338880195,0.09336668363837605,0.5,0.0,0.0,0.5,True,False,True,False,1,True,True,0.004139099997701123,4,4.204919760293796e-09,5.215188264602817e-10,`gtol` termination condition is satisfied.,True,True,0.0,0.010079100000439212,True,0.020653955960320436,0.02074425740769137,False,False,False,False,False,False,1.0,False,False,False,0.0006596564220485673,0.002055359126152378,0.0006596605078997292,0.002055359533583096
2.8500257999909335,1786138790.2716281,0.009512099990388379,0.007347800012212247,0.009512099990388379,TELEOP,0,,0.0,2.8500257999909335,557,-0.030143349339095613,0.04588805317869571,0.0,0.03667352507098733,0.043074191983276285,0.07827834460672004,0.9953251565742158,-0.027450331602645282,0.04451306388929909,0.0,0.03567308496449312,0.04170473125578932,0.07598970010086352,0.9955971634544664,-0.024234729376753472,-0.2120647515146173,0.276776861248983,-0.11268243746228312,0.025657252148783175,0.03498014594216855,0.9926836168133315,-0.02412267280154919,-0.21212117290029853,0.27679198174864666,-0.11270908699924509,0.025613551170765286,0.034924975542092694,0.9926836624965697,-0.024122669068632658,-0.21212117417318826,0.27679198139603634,-0.11270908705285859,0.025613551175742086,0.034924975302737485,0.992683662498775,-0.023533675129158316,-0.21241039433105022,0.2768613371012193,-0.11300244582595996,0.025006651559592575,0.03416560297345644,0.9926922112057636,-0.023533675129158316,-0.21241039433105022,0.2768613371012193,-0.11300244582595996,0.025006651559592575,0.03416560297345644,0.9926922112057636,-0.15523574781510013,-0.6123449460084279,0.8270463790046985,-0.4918661437388357,0.49541658316619963,-0.43269519277912183,-0.14632463868072587,-0.6110622736100048,0.8264932605582843,-0.47129637660312784,0.49188154642153376,-0.4134535814652914,-0.14632463868072587,-0.6110622736100048,0.8264932605582843,-0.47129637660312784,0.49188154642153376,-0.4134535814652914,-0.1259884294707029,-0.022191096913798825,0.009519871870496277,-0.3032832417087207,0.04435161027429052,-0.28252428167621496,-0.0053997415640133495,0.04992548754854595,-0.020910916994552754,0.14329262191403389,0.07249202954171642,0.11933466650981134,0.5,0.0,0.0,0.5,True,False,True,False,1,True,True,0.003790199989452958,4,3.959703039452754e-09,4.906932125135547e-10,`gtol` termination condition is satisfied.,True,True,0.0,0.009512099990388379,True,0.02056976713570785,0.020653955960320436,False,False,False,False,False,False,1.0,False,False,False,0.0006598275337484961,0.0020308678118530175,0.0006598313868090809,0.0020308681949132955
2.8601469999918008,1786138790.2811618,0.010121200000867248,0.006760100019164383,0.010121200000867248,TELEOP,0,,0.0,2.8601469999918008,559,-0.03043556650197453,0.04601339959078593,0.0,0.036764036259762656,0.04319964335618391,0.07848665279858122,0.9952999757782899,-0.02773386556066654,0.04465555437447838,0.0,0.035776737541221224,0.04184676162020852,0.07622693616771435,0.9955693485615612,-0.02431978838462554,-0.21202345913212156,0.27676579516285243,-0.11262996549416604,0.025743416790520904,0.035088843765461696,0.9926835046518783,-0.02420736244943745,-0.21207919070644257,0.27678073082319626,-0.11265593821077995,0.02570078778445225,0.035035053257724005,0.9926835619351899,-0.02420735849678342,-0.21207919205025197,0.27678073044192014,-0.11265593826774917,0.02570078778973879,0.03503505300440969,0.992683561937528,-0.023616341713235758,-0.21236485223925414,0.2768491606351811,-0.11294460835637345,0.02510099431684827,0.03428562289995275,0.9926922743679902,-0.023616341713235758,-0.21236485223925414,0.2768491606351811,-0.11294460835637345,0.02510099431684827,0.03428562289995275,0.9926922743679902,-0.1565220558949436,-0.6125302347336891,0.827126534633694,-0.4948327210454823,0.4959243841178473,-0.43546920684778684,-0.1476016869743085,-0.6112819550561778,0.8265875592589831,-0.47435434152032474,0.4923383562720981,-0.41630368160639136,-0.1476016869743085,-0.6112819550561778,0.8265875592589831,-0.47435434152032474,0.4923383562720981,-0.41630368160639136,-0.12617558130194242,-0.021705079057244416,0.009316948651413772,-0.30213462009789943,0.045133961439869516,-0.2815970577456993,-0.018491071337735712,0.048019785846813025,-0.02004932409843854,0.11348670224112234,0.07729826162035727,0.09161205493777094,0.5,0.0,0.0,0.5,True,False,True,False,1,True,True,0.003441899985773489,4,4.192215289548194e-09,5.194114073142152e-10,`gtol` termination condition is satisfied.,True,True,0.0,0.010121200000867248,True,0.020478379525157575,0.02056976713570785,False,False,False,False,False,False,1.0,False,False,False,0.0006599888433644274,0.002004798346203679,0.0006599929250506581,0.0020047987515038257
2.8702605999930055,1786138790.2921963,0.010113600001204759,0.0076803000119980425,0.010113600001204759,TELEOP,0,,0.0,2.8702605999930055,560,-0.03072835455725296,0.04613679314743329,0.0,0.0368530836918347,0.04332317890850635,0.07869168341914753,0.9952751234469416,-0.02801808531535474,0.04479613543570006,0.0,0.03587893241446522,0.04198693873933068,0.07646095199003126,0.9955418233328402,-0.02440505314730324,-0.21198272005140598,0.27675487733872867,-0.11257822697804677,0.025828450639745835,0.03519606350544999,0.9926833689861788,-0.02429226280400254,-0.21203776036649155,0.2767696277717035,-0.11260353085257659,0.02578688292849879,0.03514363771803506,0.9926834370716117,-0.0242922588692922,-0.21203776170428792,0.27676962739113925,-0.11260353090918271,0.025786882933779804,0.03514363746598416,0.9926834370739767,-0.023699260248881825,-0.21231984705985096,0.2768371313556362,-0.11288753180260609,0.02519423038873898,0.03440416471518538,0.9926923034701565,-0.023699260248881825,-0.21231984705985096,0.2768371313556362,-0.11288753180260609,0.02519423038873898,0.03440416471518538,0.9926923034701565,-0.1578084632581862,-0.6127103813595723,0.8272045644847892,-0.4977833000186726,0.4964390085057929,-0.43822964789264784,-0.14887957798270457,-0.6114965494020066,0.8266797358484209,-0.47739815457719054,0.4928026532588679,-0.41914202365911135,-0.14887957798270457,-0.6114965494020066,0.8266797358484209,-0.47739815457719054,0.4928026532588679,-0.41914202365911135,-0.1263537225363698,-0.021218393628708872,0.009114122510957971,-0.3009623730919975,0.045908181727029686,-0.2806460659292315,-0.017614028081610125,0.04812187831015366,-0.02005479161046905,0.11590798585688969,0.07655239351644724,0.09403098959366654,0.5,0.0,0.0,0.5,True,False,True,False,1,True,True,0.0038973999908193946,4,4.173304893439818e-09,5.167877298287255e-10,`gtol` termination condition is satisfied.,True,True,0.0,0.010113600001204759,True,0.020385145441482067,0.020478379525157575,False,False,False,False,False,False,1.0,False,False,False,0.0006601335447123874,0.0019786785374082036,0.000660137612012756,0.001978678940408817
2.880069600003142,1786138790.3013976,0.009809000010136515,0.007073999993735924,0.009809000010136515,TELEOP,0,,0.0,2.880069600003142,563,-0.031013067968324693,0.0462546907029389,0.0,0.036938115198557143,0.0434412479552136,0.07888755202554387,0.9952513188924137,-0.028294580956562742,0.04493077923746576,0.0,0.03597674803806092,0.04212124151549178,0.07668504650295183,0.9955153832345535,-0.024488000725084842,-0.2119437015034873,0.27674442058851806,-0.11252870138883912,0.025909915075548132,0.03529873519882542,0.9926832158135256,-0.024374861110313107,-0.21199806901422474,0.2767589907391527,-0.11255336311832843,0.025869368113501878,0.03524762067133769,0.9926832936446405,-0.024374857306356263,-0.21199807030949358,0.2767589903734435,-0.11255336317281385,0.02586936811862521,0.035247620427761236,0.9926832936469779,-0.023779932476225465,-0.2122766889666384,0.2768255940155427,-0.11283282448077837,0.025283640114817502,0.03451778934306822,0.9926923055414009,-0.023779932476225465,-0.2122766889666384,0.2768255940155427,-0.11283282448077837,0.025283640114817502,0.03451778934306822,0.9926923055414009,-0.15905706534004546,-0.6128803732458002,0.827278295793725,-0.500631771933177,0.49694491148108044,-0.4408958584348411,-0.1501200218320107,-0.6116999653014378,0.8267671733118399,-0.48033761538329756,0.493260026553587,-0.421884389560253,-0.1501200218320107,-0.6116999653014378,0.8267671733118399,-0.48033761538329756,0.493260026553587,-0.421884389560253,-0.12645976633951325,-0.020737679602501405,0.00891400380554634,-0.2996697729706803,0.04662792274915596,-0.27957650099986786,-0.01081086787989155,0.04900744476610272,-0.02040153993320725,0.13177695177708712,0.07337557563283767,0.10903914040762408,0.5,0.0,0.0,0.5,True,False,True,False,1,True,True,0.003647600009571761,4,4.035040554763248e-09,4.993189725812033e-10,`gtol` termination condition is satisfied.,True,True,0.0,0.009809000010136515,True,0.020294156549879427,0.020385145441482067,False,False,False,False,False,False,1.0,False,False,False,0.0006603029265089014,0.001953366959224884,0.0006603068634856469,0.0019533673483303885
2.8901171999965554,1786138790.3114023,0.010047599993413314,0.007029300002614036,0.010047599993413314,TELEOP,0,,0.0,2.8901171999965554,565,-0.031305454567222904,0.046373634438782486,0.0,0.03702385199801111,0.043560400154854455,0.07908512910643556,0.9952272445405606,-0.028578667165726938,0.04506690781484413,0.0,0.036075577857907944,0.042257072188191684,0.07691157358219022,0.9954885747116394,-0.024573225460961697,-0.2119042526496674,0.2767338484992975,-0.1124786581311041,0.02599230019756095,0.035402518933603154,0.9926830377560715,-0.024459732683434543,-0.21195792902728414,0.2767482334561967,-0.11250266956937155,0.025952788788595357,0.03535273333819177,0.9926831248386255,-0.024459728803999922,-0.21195793034657467,0.27674823307971963,-0.11250266962493563,0.025952788793836945,0.03535273308990038,0.9926831248410338,-0.02386286727820358,-0.21223298266669094,0.2768139161184127,-0.11277752194238258,0.025374196562288204,0.03463280135213163,0.9926922734482513,-0.02386286727820358,-0.21223298266669094,0.2768139161184127,-0.11277752194238258,0.025374196562288204,0.03463280135213163,0.9926922734482513,-0.16033692432328345,-0.6130495584089652,0.8273517852633641,-0.5035355678354106,0.4974700178668006,-0.4436152208247718,-0.15139221830142185,-0.6119034483677283,0.8268547105522934,-0.4833363425336276,0.4937360930144902,-0.4246834412980098,-0.15139221830142185,-0.6119034483677283,0.8268547105522934,-0.4833363425336276,0.4937360930144902,-0.4246834412980098,-0.12661695034089154,-0.020251907562392594,0.00871225372336695,-0.29845208331301526,0.04738111202827023,-0.27857913726578376,-0.015643935017450525,0.0483470719801005,-0.020079430143680826,0.12119209149083349,0.07496210832517394,0.09926387741728548,0.5,0.0,0.0,0.5,True,False,True,False,1,True,True,0.0036979000142309815,4,4.1148846260647e-09,5.089960892609717e-10,`gtol` termination condition is satisfied.,True,True,0.0,0.010047599993413314,True,0.02019922530178303,0.020294156549879427,False,False,False,False,False,False,1.0,False,False,False,0.0006604632626794878,0.0019273798201170785,0.0006604672805129948,0.0019273802165394106
2.9003751999913474,1786138790.3212855,0.010257999994792044,0.0066553000069689006,0.010257999994792044,TELEOP,0,,0.0,2.9003751999913474,567,-0.03160473239000561,0.04649316218065503,0.0,0.037109959916141334,0.043680173233516605,0.07928364631548007,0.9952029927448139,-0.028869590972817598,0.0452040169241312,0.0,0.0361750541835846,0.042393928723280516,0.0771396931398225,0.9954614949883869,-0.024660501468098957,-0.21186451961322475,0.27672320023006874,-0.11242828327394527,0.026075301369992056,0.0355070297739877,0.9926828348547017,-0.024546653034636025,-0.21191748858187756,0.27673739563192845,-0.11245163884418324,0.02603683627194929,0.03545858555787297,0.9926829306422269,-0.024546649091671542,-0.21191748992122109,0.2767373952461489,-0.11245163890062781,0.02603683627729372,0.03545858530563729,0.9926829306447025,-0.023947877939623066,-0.21218887181259175,0.2768021361096707,-0.1127218090275755,0.02546560371061901,0.034748822902881164,0.9926922061263848,-0.023947877939623066,-0.21218887181259175,0.2768021361096707,-0.1127218090275755,0.02546560371061901,0.034748822902881164,0.9926922061263848,-0.1616444301958194,-0.6132171289861325,0.8274246919098405,-0.5064854001513126,0.4980132363078932,-0.44637911745317643,-0.15269307493060177,-0.6121061535300731,0.8269419927787379,-0.4863859091297874,0.49423012986190906,-0.4275313947463506,-0.15269307493060177,-0.6121061535300731,0.8269419927787379,-0.4863859091297874,0.49423012986190906,-0.4275313947463506,-0.12681386526031982,-0.019760690431640176,0.008508698234434939,-0.2972866638436413,0.04816112767300677,-0.2776324283278123,-0.019196229238471058,0.0478862479042511,-0.01984358442536113,0.11361078864941185,0.07603973924084204,0.09228981657750726,0.5,0.0,0.0,0.5,True,False,True,False,1,True,True,0.0034181999799329787,4,4.182061198755591e-09,5.170822975809876e-10,`gtol` termination condition is satisfied.,True,True,0.0,0.010257999994792044,True,0.020099491021525195,0.02019922530178303,False,False,False,False,False,False,1.0,False,False,False,0.0006605803530978845,0.001900681260626523,0.0006605844395525369,0.0019006816631077742
2.910385199989494,1786138790.331571,0.010009999998146668,0.006932799995411187,0.010009999998146668,TELEOP,0,,0.0,2.910385199989494,569,-0.03189751157413603,0.04660793830230491,0.0,0.037192597722328566,0.043795218742385233,0.07947424352660362,0.9951796491618213,-0.029154317321395385,0.04533602290335901,0.0,0.03627076731853612,0.04252573548232748,0.07735928568049574,0.9954353490703528,-0.024745918279925436,-0.21182626538776364,0.2767129482554716,-0.11237981008808212,0.026155234260196048,0.03560763177868991,0.9926826172369869,-0.024631727224300272,-0.2118785418036446,0.27672695808302994,-0.11240253281158231,0.0261177805030611,0.03556048283960939,0.992682720822393,-0.024631723390608165,-0.2118785431071973,0.27672695770966127,-0.11240253286622705,0.026117780508274523,0.035560482594467355,0.99268272082485,-0.02403111297977017,-0.2121463303440755,0.276790773630177,-0.11266810784455404,0.025553762162530143,0.034860672615541634,0.992692115521656,-0.02403111297977017,-0.2121463303440755,0.276790773630177,-0.11266810784455404,0.025553762162530143,0.034860672615541634,0.992692115521656,-0.1629210711734342,-0.6133757079297549,0.8274938078267422,-0.5093495236384209,0.49855012957140626,-0.44906405122872717,-0.15396377942285547,-0.6122990842326993,0.8270251470558425,-0.4893489211647008,0.4947195359401639,-0.43029988137938024,-0.15396377942285547,-0.6122990842326993,0.8270251470558425,-0.4893489211647008,0.4947195359401639,-0.43029988137938024,-0.1269435057431534,-0.01927379646972365,0.00830712059140778,-0.2960051983478525,0.048891716118422,-0.27657209126295823,-0.012951097188570668,0.04864075544522193,-0.020137626679768254,0.12801853107153316,0.07298585869635314,0.10592777872631548,0.5,0.0,0.0,0.5,True,False,True,False,1,True,True,0.004250300000421703,4,4.0664295151247024e-09,5.024495459873813e-10,`gtol` termination condition is satisfied.,True,True,0.0,0.010009999998146668,True,0.020000602473720097,0.020099491021525195,False,False,False,False,False,False,1.0,False,False,False,0.0006606930766650409,0.0018745336430063902,0.0006606970540090687,0.0018745340338188483
2.920396399996778,1786138790.3412461,0.01001120000728406,0.006596399995032698,0.01001120000728406,TELEOP,0,,0.0,2.920396399996778,571,-0.032191042070513175,0.04672088416827927,0.0,0.037273872758315896,0.043908462011564064,0.07966177434410217,0.9951566243972481,-0.02943990270869479,0.0454662507415362,0.0,0.036365132090465054,0.042655809569131314,0.07757588477214351,0.9954094841721493,-0.024831592818087195,-0.21178852642015863,0.2767028343477376,-0.11233201590551714,0.026234110851822017,0.03570686017298475,0.9926823811103952,-0.024717063582343556,-0.21184010804999537,0.2767166580024946,-0.11235411305198698,0.0261976585340137,0.03566099259169335,0.9926824918245571,-0.02471705976410247,-0.21184010934795985,0.2767166576298596,-0.11235411310627948,0.026197658539222086,0.0356609923476492,0.9926824918270417,-0.02411463660141085,-0.21210428857705138,0.27677954597829163,-0.1126150937465518,0.025640892804162322,0.03497116492756398,0.9926919980035449,-0.02411463660141085,-0.21210428857705138,0.27677954597829163,-0.1126150937465518,0.025640892804162322,0.03497116492756398,0.9926919980035449,-0.16419852281647992,-0.6135293694086721,0.8275609070930385,-0.5121994535847332,0.49909375577334714,-0.45173702682780226,-0.15523587750758047,-0.612487158111581,0.8271062941405457,-0.49229929241747983,0.4952162494386423,-0.43305791606972194,-0.15523587750758047,-0.612487158111581,0.8271062941405457,-0.49229929241747983,0.4952162494386423,-0.43305791606972194,-0.12706749278802246,-0.018786347165663207,0.008105630158636282,-0.29470705316369333,0.04961578013794641,-0.27549491452922203,-0.01238483346440375,0.04869039712579728,-0.02012650158071908,0.12966928871809766,0.07232539745460889,0.10759716447103843,0.5,0.0,0.0,0.5,True,False,True,False,1,True,True,0.0035059000074397773,4,4.050004158071222e-09,5.001540757195508e-10,`gtol` termination condition is satisfied.,True,True,0.0,0.01001120000728406,True,0.01990016116725335,0.020000602473720097,False,False,False,False,False,False,1.0,False,False,False,0.0006608019948511624,0.001848297893750206,0.0006608059592127883,0.0018482982825218308
2.930524999995785,1786138790.3529253,0.010128599999006838,0.008140799996908754,0.010128599999006838,TELEOP,0,,0.0,2.930524999995785,573,-0.03248873179937541,0.04683327327878967,0.0,0.03735470283361642,0.044021178857135905,0.07984835407479993,0.995133660540023,-0.02972966938096113,0.045596165185669495,0.0,0.036459210989915905,0.042785613177165116,0.0777919273046862,0.9953836111194866,-0.024918521744332622,-0.2117508782378861,0.2766927447492837,-0.11228436268155655,0.026312817918613073,0.03580583138303426,0.9926821243224582,-0.02480365505385165,-0.21180175497133802,0.2767063795220219,-0.11230583471504602,0.02627736800442827,0.03576124516506678,0.9926822415878914,-0.024803651208173145,-0.2118017562774413,0.27670637914476315,-0.11230583476963908,0.026277368009689644,0.035761244919384594,0.9926822415904264,-0.024199438963748446,-0.212062265099288,0.2767683261918228,-0.11256217474330513,0.025727996023485557,0.03508156528222458,0.9926918508857733,-0.024199438963748446,-0.212062265099288,0.2767683261918228,-0.11256217474330513,0.025727996023485557,0.03508156528222458,0.9926918508857733,-0.1654915463355021,-0.613679780182907,0.8276267222239659,-0.5150677588199221,0.4996504719518498,-0.45442861694010167,-0.1565243402846363,-0.6126724637955108,0.8271863406974775,-0.495271308904453,0.4957262408882173,-0.4358375718791441,-0.1565243402846363,-0.6126724637955108,0.8271863406974775,-0.495271308904453,0.4957262408882173,-0.4358375718791441,-0.12721035258398747,-0.018295290953127197,0.007903022820491944,-0.29342816255598647,0.05035162308957072,-0.2744363297686499,-0.014104594512471744,0.04848214092610615,-0.020003488948542213,0.1262652891645677,0.07265001596434484,0.10451442061844216,0.5,0.0,0.0,0.5,True,False,True,False,1,True,True,0.0038929999864194542,4,4.078905869010662e-09,5.034848415892933e-10,`gtol` termination condition is satisfied.,True,True,0.0,0.010128599999006838,True,0.019796449915469083,0.01990016116725335,False,False,False,False,False,False,1.0,False,False,False,0.0006608893396114772,0.0018216218777800538,0.0006608933349668004,0.001821622268889774
2.9404561000043286,1786138790.3620095,0.00993110000854358,0.00729979999596253,0.00993110000854358,TELEOP,0,,0.0,2.9404561000043286,575,-0.03278130548236184,0.046941629276243256,0.0,0.03743259042610136,0.04412988084488544,0.08002821313560515,0.9951114710890083,-0.030014575541118634,0.045721770187007085,0.0,0.03655011411433512,0.04291115074850009,0.07800077026492212,0.9953585294444146,-0.02500399255261838,-0.2117144788652803,0.2766829898076648,-0.1122383144291421,0.026388933128728136,0.03590150235968415,0.9926818559391273,-0.024888799368919422,-0.2117646622437268,0.2766964387909015,-0.11225918077869491,0.026354456069900948,0.03585815857829014,0.992681979004117,-0.02488879561288501,-0.21176466352019277,0.27669643842385366,-0.11225918083178407,0.02635445607505508,0.0358581583384367,0.9926819790066406,-0.024282842240676044,-0.21202156496594057,0.2767574577048765,-0.11251094604954814,0.025812359904679633,0.03518845293607813,0.9926916852050048,-0.024282842240676044,-0.21202156496594057,0.2767574577048765,-0.11251094604954814,0.025812359904679633,0.03518845293607813,0.9926916852050048,-0.16675986100815712,-0.6138223788400309,0.8276892574810115,-0.5178653913569333,0.500202781900355,-0.4570552088841763,-0.1577885834951493,-0.6128493217811326,0.8272628334530624,-0.4981718095260754,0.49623319810125766,-0.4385516648784694,-0.1577885834951493,-0.6128493217811326,0.8272628334530624,-0.4981718095260754,0.49623319810125766,-0.4385516648784694,-0.12730142777994247,-0.01780849910581241,0.00770234470693607,-0.2920623716534126,0.05104743810899029,-0.2732922835325781,-0.009170705750285307,0.049016911207822596,-0.020207037828964953,0.13752664874977713,0.07006424452688725,0.11519834007185023,0.5,0.0,0.0,0.5,True,False,True,False,1,True,True,0.003505899978335947,4,3.9839533108077586e-09,4.914511951834537e-10,`gtol` termination condition is satisfied.,True,True,0.0,0.00993110000854358,True,0.019693581830857898,0.019796449915469083,False,False,False,False,False,False,1.0,False,False,False,0.000660985018570972,0.0017953869478896515,0.0006609889241224017,0.0017953873293731798
2.9505089000082334,1786138790.3721275,0.01005280000390485,0.007355100009590387,0.01005280000390485,TELEOP,0,,0.0,2.9505089000082334,577,-0.033078147246008376,0.04704945163731695,0.0,0.037510053617298485,0.04423807672706267,0.08020716184006577,0.9950893425389901,-0.030303770319472473,0.04584709048572562,0.0,0.036640756447659996,0.04303644331669307,0.07820910693655765,0.9953334391578424,-0.02509074994871911,-0.21167816196315806,0.276673256946786,-0.11219239471241606,0.026464894677745494,0.03599693935441637,0.9926815684173369,-0.024975230892682335,-0.21172764154756,0.2766865173432259,-0.11221265573904277,0.026431391494138673,0.035954838165658025,0.9926816967427958,-0.02497522710817427,-0.21172764283232115,0.2766865169715323,-0.1122126557924352,0.02643139149934627,0.03595483792409995,0.9926816967453709,-0.02436754546087667,-0.21198087715223093,0.27674659482011416,-0.1124597974097293,0.02589670793804834,0.03529526862417648,0.9926914921048137,-0.02436754546087667,-0.21198087715223093,0.27674659482011416,-0.1124597974097293,0.02589670793804834,0.03529526862417648,0.9926914921048137,-0.16804414455317,-0.613961735884601,0.827750518292269,-0.5206820976059168,0.5007683080336436,-0.4597010673465084,-0.15906944746549023,-0.6130234162476096,0.8273382344697623,-0.5010943580255629,0.49675349424589044,-0.4412877434888263,-0.15906944746549023,-0.6130234162476096,0.8273382344697623,-0.5010943580255629,0.49675349424589044,-0.4412877434888263,-0.12741365289704448,-0.017318007561008496,0.007500499032167818,-0.29071984903233405,0.05175634096278513,-0.27217079911011094,-0.011163568066452703,0.048791535155716596,-0.020078552710672545,0.13354713319244718,0.07051795057292261,0.1115594085261358,0.5,0.0,0.0,0.5,True,False,True,False,1,True,True,0.0037672999897040427,4,4.013884486722844e-09,4.949133361838373e-10,`gtol` termination condition is satisfied.,True,True,0.0,0.01005280000390485,True,0.01958773958035387,0.019693581830857898,False,False,False,False,False,False,1.0,False,False,False,0.0006610703087665642,0.0017687206123767753,0.000661074246005055,0.001768720996294101
2.9610051000123603,1786138790.3833284,0.010496200004126877,0.008068399998592213,0.010496200004126877,TELEOP,0,,0.0,2.9610051000123603,579,-0.033388802099123996,0.047160026551073236,0.0,0.03758945203420886,0.04434906497012108,0.08039065337236304,0.9950665989683346,-0.03060657516583942,0.045975948486099434,0.0,0.036733899791493815,0.043165314552277165,0.0784232901159662,0.9953075724584328,-0.025181590335937788,-0.21164081982336833,0.2766632493008184,-0.11214520424526661,0.02654302047075327,0.036095052392861156,0.9926812521760614,-0.025065736339674117,-0.2116895631401336,0.27667631240883817,-0.11216484236733022,0.026510521126405055,0.036054230829976344,0.9926813853626839,-0.02506573240982931,-0.21168956447058582,0.27667631201767673,-0.1121648424227955,0.02651052113182674,0.03605423057927478,0.9926813853653774,-0.024456351771667405,-0.21193892789918856,0.276735402973578,-0.11240718226818404,0.02598368912787319,0.035405348227285485,0.9926912584438013,-0.024456351771667405,-0.21193892789918856,0.276735402973578,-0.11240718226818404,0.02598368912787319,0.035405348227285485,0.9926912584438013,-0.16938544374139022,-0.6141018152183663,0.8278122625554343,-0.5236063613357143,0.5013656350476496,-0.46244944568782975,-0.160408922331571,-0.613199904074471,0.8274147920278746,-0.5041329771410665,0.4973048578968986,-0.4441339682635918,-0.160408922331571,-0.613199904074471,0.8274147920278746,-0.5041329771410665,0.4973048578968986,-0.4441339682635918,-0.12761521937025885,-0.01681444968579608,0.007293835681698296,-0.28949706696794014,0.052529834682204575,-0.27116716274903135,-0.019203756896317425,0.04797525533187532,-0.019689349515850108,0.11649759569302698,0.07369273824006112,0.09561902028210126,0.5,0.0,0.0,0.5,True,False,True,False,1,True,True,0.004499900009250268,4,4.167348148350546e-09,5.136704060343364e-10,`gtol` termination condition is satisfied.,True,True,0.0,0.010496200004126877,True,0.019473384194647725,0.01958773958035387,False,False,False,False,False,False,1.0,False,False,False,0.000661073840626334,0.0017406049445652756,0.0006610779300691709,0.001740605342789077
2.9703899999946115,1786138790.391235,0.009384899982251227,0.006591299985302612,0.009384899982251227,TELEOP,0,,0.0,2.9703899999946115,581,-0.033667178120225696,0.04725715744142432,0.0,0.03765916161043436,0.04444658421329504,0.08055181416550948,0.9950465787756947,-0.0308779969797623,0.04608955974979794,0.0,0.036815976953580236,0.04327896987828331,0.07861210326705884,0.9952847089286349,-0.025263015939635668,-0.21160789604956454,0.27665442575226556,-0.11210361727574665,0.02661191777145509,0.0361815423390192,0.9926809562090874,-0.025146866037857176,-0.2116559781855278,0.2766673116918744,-0.11212270417821021,0.02658030808880698,0.03614185389088772,0.9926810932152378,-0.025146862531236394,-0.2116559793791183,0.27666731135350603,-0.11212270422708585,0.026580308093660358,0.036141853667247925,0.9926810932177296,-0.024535895980061655,-0.21190190002683945,0.2767255092076599,-0.11236063845038534,0.026060449334023027,0.03550249806042516,0.9926910458642206,-0.024535895980061655,-0.21190190002683945,0.2767255092076599,-0.11236063845038534,0.026060449334023027,0.03550249806042516,0.9926910458642206,-0.170585004909812,-0.6142226489893824,0.8278656722182908,-0.5262070988969728,0.5019054557825755,-0.4648949188717881,-0.16160612240043964,-0.6133532690048082,0.8274814187474562,-0.5068349376091998,0.4978033252946425,-0.4466660130331315,-0.16160612240043964,-0.6133532690048082,0.8274814187474562,-0.5068349376091998,0.4978033252946425,-0.4466660130331315,-0.12756663055895986,-0.01634166913097984,0.00709935318517596,-0.28790508937157766,0.0531137677211889,-0.26979986726852195,0.00517733927808163,0.05037672811754649,-0.02072291626870219,0.16963181273889488,0.062220486109459176,0.14569100183222453,0.5,0.0,0.0,0.5,True,False,True,False,1,True,True,0.0034602999803610146,4,3.7196156656841003e-09,4.5796659239694425e-10,`gtol` termination condition is satisfied.,True,True,0.0,0.009384899982251227,True,0.01937216128777297,0.019473384194647725,False,False,False,False,False,False,1.0,False,False,False,0.0006611687241983473,0.0017155063588878837,0.0006611723787336964,0.0017155067135733704
2.980372200013906,1786138790.4019969,0.009982200019294396,0.007368099992163479,0.009982200019294396,TELEOP,0,,0.0,2.980372200013906,583,-0.03396389437668845,0.04735866675106042,0.0,0.037731978183573205,0.04454852463277915,0.08072021838758739,0.9950256143028968,-0.03116744575039167,0.04620858845797293,0.0,0.036901918504940984,0.04339808042266946,0.0788098901474107,0.9952606976271269,-0.025349849585498935,-0.21157340230188215,0.27664518143001365,-0.1120600691282168,0.026684117374722285,0.03627214101869391,0.9926806286882158,-0.025233389595749722,-0.21162077947443939,0.2766578784692535,-0.11207857781643668,0.026653442379746674,0.03623364199615,0.9926807692262651,-0.025233385887621255,-0.2116207807315687,0.2766578781044326,-0.11207857786822947,0.02665344238488974,0.03623364175978653,0.9926807692289068,-0.024620761445635245,-0.21186302886872022,0.2767151306442396,-0.112311890530236,0.026141047178136503,0.035604441536234786,0.9926907920600693,-0.024620761445635245,-0.21186302886872022,0.2767151306442396,-0.112311890530236,0.026141047178136503,0.035604441536234786,0.9926907920600693,-0.1718610831633464,-0.6143462608782395,0.8279204751853487,-0.5289579431520673,0.5024856296674087,-0.4674828893033984,-0.16288029073796187,-0.6135115006960054,0.8275502791395374,-0.5096947049381612,0.49834026226854466,-0.449347265763666,-0.16288029073796187,-0.6135115006960054,0.8275502791395374,-0.5096947049381612,0.49834026226854466,-0.449347265763666,-0.12764403989695883,-0.01585138455362972,0.006898318201213309,-0.28648667863133837,0.05378944249407473,-0.2686033865632766,-0.007754737217180452,0.04911588391361202,-0.02013934639398875,0.14209400107167355,0.06768796172986263,0.11986142362732932,0.5,0.0,0.0,0.5,True,False,True,False,1,True,True,0.0036859999818261713,4,3.9323892403618355e-09,4.840810464380188e-10,`gtol` termination condition is satisfied.,True,True,0.0,0.009982200019294396,True,0.019263238213906186,0.01937216128777297,False,False,False,False,False,False,1.0,False,False,False,0.0006612644858045817,0.0016887593872185454,0.0006612683501293199,0.0016887597619198644
2.990306499988608,1786138790.4122097,0.009934299974702299,0.0076487999758683145,0.009934299974702299,TELEOP,0,,0.0,2.990306499988608,585,-0.03425981313809147,0.04745783936877239,0.0,0.03780308366909807,0.04464814334767232,0.08088472499698823,0.9950050911542486,-0.03145623965456078,0.04632524503585858,0.0,0.03698609979869391,0.04351485136929703,0.07900370667014447,0.9952371076604645,-0.025436486791060003,-0.21153959594676605,0.2766361213070143,-0.11201740980437239,0.026754894419176712,0.036360919279842314,0.9926802904633812,-0.025319722761277006,-0.21158626973676425,0.2766486298694088,-0.11203535092609258,0.026725138300088592,0.03632358856531538,0.9926804339964832,-0.025319719087597232,-0.21158627098165023,0.27664862950813895,-0.11203535097720693,0.026725138305196575,0.036323588331252675,0.9926804339991415,-0.02470546332031296,-0.21182485430680328,0.27670493761887455,-0.1122640526040329,0.026220204448130138,0.03570452453953556,0.9926905209072074,-0.02470546332031296,-0.21182485430680328,0.27670493761887455,-0.1122640526040329,0.026220204448130138,0.03570452453953556,0.9926905209072074,-0.17313116023675765,-0.6144643803748439,0.827973018162141,-0.5316799798707396,0.5030690220353484,-0.4700450845959263,-0.16414895165457405,-0.6136641121277642,0.8276168179255373,-0.5125263521772756,0.49888118569911094,-0.45200346332269226,-0.16414895165457405,-0.6136641121277642,0.8276168179255373,-0.5125263521772756,0.49888118569911094,-0.45200346332269226,-0.12770511458711864,-0.015362072027968793,0.006697883712933994,-0.2850374204851116,0.054450080221431114,-0.2673764196561634,-0.0061478604748550075,0.049254857101855426,-0.02017600523335527,0.14588427467635418,0.06650068238715309,0.12350813950028627,0.5,0.0,0.0,0.5,True,False,True,False,1,True,True,0.003885100013576448,4,3.895661697956639e-09,4.792961011756471e-10,`gtol` termination condition is satisfied.,True,True,0.0,0.009934299974702299,True,0.01915362769346396,0.019263238213906186,False,False,False,False,False,False,1.0,False,False,False,0.0006613643126278368,0.0016620522227642105,0.0006613681429612916,0.0016620525934801969
3.0003424000093473,1786138790.4217443,0.010035900020739064,0.007146100018871948,0.010035900020739064,TELEOP,0,,0.0,3.0003424000093473,587,-0.03455938097634566,0.047556148752462744,0.0,0.03787353618597968,0.044746919234376785,0.08104777915183242,0.9949847064002328,-0.031748724344911994,0.04644125297253657,0.0,0.03706976605139896,0.04363100680245661,0.07919641721514627,0.9952135927481011,-0.025524231237844437,-0.2115059775271877,0.2766271115281525,-0.11197500840140104,0.02682529404079521,0.03644918920974817,0.9926799371897687,-0.025407164773290927,-0.21155193907002487,0.27663942923828466,-0.111992384349259,0.02679645430972671,0.036413022656212435,0.992680083241944,-0.02540716108032957,-0.2115519403197664,0.2766394288737657,-0.11199238440050016,0.026796454314873194,0.036413022421032955,0.9926800832446508,-0.024791293215214765,-0.21178680599736702,0.2766947800111883,-0.11221642978747284,0.026299106265474475,0.035804239760971926,0.9926902267628755,-0.024791293215214765,-0.21178680599736702,0.2766947800111883,-0.11221642978747284,0.026299106265474475,0.035804239760971926,0.9926902267628755,-0.1744142660950589,-0.6145787124008515,0.8280240632033478,-0.5344137962428379,0.5036643833459931,-0.4726197255796552,-0.165431357058018,-0.6138133370547757,0.8276820136180764,-0.5153725508717041,0.4994343641348603,-0.4546746479391292,-0.165431357058018,-0.6138133370547757,0.8276820136180764,-0.5153725508717041,0.4994343641348603,-0.4546746479391292,-0.12778180340516349,-0.014869112556237232,0.00649624771114342,-0.28360173861305954,0.05511996279419096,-0.26616293615091685,-0.007641448986773353,0.049119607679716445,-0.020091471753793385,0.14305462081978387,0.06674862955744236,0.12091426805158206,0.5,0.0,0.0,0.5,True,False,True,False,1,True,True,0.003668599994853139,4,3.915698093716726e-09,4.815344660450463e-10,`gtol` termination condition is satisfied.,True,True,0.0,0.010035900020739064,True,0.01904124537113383,0.01915362769346396,False,False,False,False,False,False,1.0,False,False,False,0.0006614520861028718,0.0016349564801949722,0.0006614559378124378,0.0016349568523673847
3.012221900011016,1786138790.4339092,0.01187950000166893,0.007431500009261072,0.01187950000166893,TELEOP,0,,0.0,3.012221900011016,589,-0.034914772124297534,0.04767007342073357,0.0,0.037955136847366566,0.04486141473819609,0.08123670695076313,0.9949610336582941,-0.032095945225359364,0.046576006072400374,0.0,0.037166888791401884,0.043765976655312705,0.07942022940049841,0.9951862081173284,-0.02562839638648302,-0.21146692681751372,0.2766166458566594,-0.1119257834630923,0.026907090805805074,0.036551702607559314,0.9926795054281264,-0.025510979708326297,-0.21151204630178838,0.2766287379304323,-0.1119257834630923,0.026907090805805074,0.036551702607559314,0.9926795054281264,-0.025510975091068845,-0.21151204783878783,0.27662873738444693,-0.11192578353172168,0.026907090812060983,0.03655170231294184,0.992679505431067,-0.024893621644942437,-0.21174236929394255,0.27668295452833935,-0.1121608496017001,0.026391930346298612,0.03592137201682875,0.9926898130139392,-0.024893621644942437,-0.21174236929394255,0.27668295452833935,-0.1121608496017001,0.026391930346298612,0.03592137201682875,0.9926898130139392,-0.17598392426381806,-0.6146985944823133,0.8280605851451529,-0.5378994827961785,0.5043969922173316,-0.475854564733428,-0.16695661812742554,-0.6139832653693197,0.8277560738584057,-0.5187380430445698,0.5001013562855965,-0.4578340362409769,-0.16695661812742554,-0.6139832653693197,0.8277560738584057,-0.5187380430445698,0.5001013562855965,-0.4578340362409769,-0.12839438269230746,-0.014304332212640361,0.006234289348785295,-0.2833025104080935,0.056146483491933644,-0.26595296951924474,-0.05156608334171524,0.04754243390020843,-0.022051295283582864,0.025188619464117115,0.08641110295874999,0.017674702777271248,0.5,0.0,0.0,0.5,True,False,True,False,1,True,True,0.003691300022182986,4,4.896890205676061e-09,6.051685275338009e-10,`gtol` termination condition is satisfied.,True,True,0.0,0.01187950000166893,True,0.019161439751608667,0.01904124537113383,False,False,False,False,False,False,1.0,False,False,False,0.0006611450285985617,0.0016947789639606275,0.000661149830695383,0.0016947794328036321
3.020609699996956,1786138790.4425535,0.008387799985939637,0.007689699996262789,0.008387799985939637,TELEOP,0,,0.0,3.020609699996956,591,-0.035166211763207306,0.047748913354609346,0.0,0.03801158075492178,0.04494066870524724,0.08136743563761549,0.9949446197867476,-0.032341610957831654,0.04666984701401808,0.0,0.03723449299856557,0.04385999040743926,0.07957607103635787,0.9951670928497465,-0.02570209532940225,-0.21143973220027915,0.27660935762606553,-0.1118915170722689,0.026964063952225708,0.03662308231653222,0.9926791916344792,-0.02558443357991748,-0.21148425291317585,0.27662128925417895,-0.1118915170722689,0.026964063952225708,0.03662308231653222,0.9926791916344792,-0.025584430519504302,-0.21148425395874496,0.2766212889705785,-0.11189151711359227,0.02696406395652346,0.036623082121783196,0.9926791916368894,-0.02496584165095477,-0.2117114162173729,0.27667467738688406,-0.1121216388730257,0.02645677690735308,0.03600330226644324,0.9926895482868814,-0.02496584165095477,-0.2117114162173729,0.27667467738688406,-0.1121216388730257,0.02645677690735308,0.03600330226644324,0.9926895482868814,-0.17705484821228204,-0.6147858478826607,0.8281003602255398,-0.5401486324155267,0.5049045871008366,-0.47797630670308555,-0.16803165921648333,-0.6140994902351083,0.8278066678874018,-0.5211005468888213,0.5005757262113958,-0.46005233085666614,-0.16803165921648333,-0.6140994902351083,0.8278066678874018,-0.5211005468888213,0.5005757262113958,-0.46005233085666614,-0.1281672298886314,-0.01385641836757036,0.006031859257604053,-0.28165953506422753,0.0565547493495899,-0.2644667993285162,0.0270813328950157,0.05340063494847686,-0.024133871995108715,0.1958767908891601,0.048673771232102085,0.17718235928608356,0.5,0.0,0.0,0.5,True,False,True,False,1,True,True,0.004554800019832328,4,3.2465016185088796e-09,3.982917626374166e-10,`gtol` termination condition is satisfied.,True,True,0.0,0.008387799985939637,True,0.01904808552670534,0.019161439751608667,False,False,False,False,False,False,1.0,False,False,False,0.0006611393219541248,0.001666769982814338,0.0006611425217494872,0.0016667702901290052
3.0304906000016016,1786138790.4523516,0.00988090000464581,0.007605799997691065,0.00988090000464581,TELEOP,0,,0.0,3.0304906000016016,593,-0.03546293782116305,0.04784008594482903,0.0,0.03807682678794359,0.04503233945866206,0.0815185973399386,0.99492560624017,-0.032631688590312694,0.04677859210418759,0.0,0.03731279315116216,0.04396896554089001,0.0797566393412761,0.9951448959912864,-0.025789117718945657,-0.21140821840089202,0.2766009118199167,-0.11185182670700396,0.02703009994035684,0.036705785898518806,0.9926788140386058,-0.025671171825451224,-0.2114520320472757,0.2766126539837336,-0.11185182670700396,0.02703009994035684,0.036705785898518806,0.9926788140386058,-0.025671168250863064,-0.21145203325520953,0.2766126536340813,-0.11185182675583165,0.02703009994537988,0.03670578567121566,0.9926788140413721,-0.02505113009189625,-0.21167547739093695,0.27666508459010253,-0.11207613840978899,0.026532389097864068,0.0360987394808941,0.9926892023870311,-0.02505113009189625,-0.21167547739093695,0.27666508459010253,-0.11207613840978899,0.026532389097864068,0.0360987394808941,0.9926892023870311,-0.1783161780405037,-0.6148838435869761,0.8281452552253333,-0.5427826076085747,0.5055077715282742,-0.48046241828504965,-0.16929854184708937,-0.6142314590474626,0.8278640719502113,-0.5238706191052559,0.5011407569814874,-0.4626541014356105,-0.16929854184708937,-0.6142314590474626,0.8278640719502113,-0.5238706191052559,0.5011407569814874,-0.4626541014356105,-0.12821530731111286,-0.013355950600869455,0.005809598597545065,-0.2803461440893163,0.05718414009108502,-0.26331311699552123,-0.004865692645290506,0.05065001836529004,-0.022493969168242395,0.13292220084138856,0.06369771389237756,0.11675883092152825,0.5,0.0,0.0,0.5,True,False,True,False,1,True,True,0.0036222000198904425,4,3.789332580245878e-09,4.6511827242145956e-10,`gtol` termination condition is satisfied.,True,True,0.0,0.00988090000464581,True,0.018911988503318766,0.01904808552670534,False,False,False,False,False,False,1.0,False,False,False,0.0006611532390567511,0.0016329664268196638,0.0006611569718591577,0.0016329667855897406
3.040560499990195,1786138790.462992,0.010069899988593534,0.0081754999991972,0.010069899988593534,TELEOP,0,,0.0,3.040560499990195,595,-0.03576591601208327,0.0479311052764792,0.0,0.03814193404000608,0.045123876823860244,0.08166948737091428,0.9949065903091833,-0.032928009982031846,0.04688754479860767,0.0,0.03739120133219318,0.04407817841934298,0.07993752735283319,0.9951226075066746,-0.025878013234541117,-0.21137664439940207,0.2765924498550155,-0.11181207886597161,0.027096276176699765,0.03678863439075779,0.9926784208477029,-0.02575978259831077,-0.21141973601056072,0.2766039985434688,-0.11181207886597161,0.027096276176699765,0.03678863439075779,0.9926784208477029,-0.025759778974867423,-0.21141973723231278,0.27660399818697173,-0.11181207891533614,0.027096276181800612,0.03678863416046263,0.992678420850538,-0.025138290146060057,-0.21163938192217188,0.27665545210572584,-0.11203035439103329,0.02660857439993787,0.036194853806296334,0.992688831417662,-0.025138290146060057,-0.21163938192217188,0.27665545210572584,-0.11203035439103329,0.02660857439993787,0.036194853806296334,0.992688831417662,-0.1796013881890275,-0.6149786753869008,0.8281889504257293,-0.5454503328244058,0.5061281395666328,-0.4829817543479506,-0.1705903800090033,-0.6143608620309002,0.8279203575911099,-0.5266802412076719,0.5017231336844721,-0.46529395473198387,-0.1705903800090033,-0.6143608620309002,0.8279203575911099,-0.5266802412076719,0.5017231336844721,-0.46529395473198387,-0.12828708958154852,-0.012850473548325313,0.005589493536423298,-0.2790119172582131,0.05783341479502121,-0.26215288129610387,-0.007128399538920693,0.050196829473650256,-0.021857720669627875,0.13249653249928078,0.06447677779040858,0.11521819489087176,0.5,0.0,0.0,0.5,True,False,True,False,1,True,True,0.00389809999614954,4,3.8404569961686335e-09,4.711975127109209e-10,`gtol` termination condition is satisfied.,True,True,0.0,0.010069899988593534,True,0.01877009161673393,0.018911988503318766,False,False,False,False,False,False,1.0,False,False,False,0.0006611653801211984,0.0015977242993259642,0.0006611691642545396,0.0015977246624966426
3.050524899990367,1786138790.4721298,0.009964400000171736,0.00735030000214465,0.009964400000171736,TELEOP,0,,0.0,3.050524899990367,597,-0.03606628091010046,0.048019282297049895,0.0,0.03820498041387411,0.04521257542359091,0.08181564872297287,0.9948881354801559,-0.03322189638411774,0.046993517423987566,0.0,0.037467425631115124,0.04418443216975399,0.08011344397853075,0.9951008813503847,-0.025966178277915072,-0.21134593396927515,0.27658421930656674,-0.11177343550556132,0.027160655770202755,0.03686920452198297,0.9926780241605698,-0.02584767052827576,-0.21138830943880196,0.2765955760988181,-0.11177343550556132,0.027160655770202755,0.03686920452198297,0.9926780241605698,-0.025847666959896272,-0.21138831064125507,0.27659557574878946,-0.1117734355539157,0.027160655775235427,0.03686920429528931,0.9926780241634072,-0.025224752393220633,-0.21160419001250277,0.276646058588063,-0.11198562792248976,0.026683025222563155,0.03628874970930943,0.9926884516041843,-0.025224752393220633,-0.21160419001250277,0.276646058588063,-0.11198562792248976,0.026683025222563155,0.03628874970930943,0.9926884516041843,-0.18087281539136382,-0.6150675643734168,0.8282301689278104,-0.5480735660401669,0.5067475046824998,-0.4854604102291298,-0.17186898591334038,-0.6144839241066401,0.8279739227285035,-0.5294460363749643,0.5023055788260884,-0.467893650150844,-0.17186898591334038,-0.6144839241066401,0.8279739227285035,-0.5294460363749643,0.5023055788260884,-0.467893650150844,-0.1283174003768432,-0.01235017419390693,0.005375651057024534,-0.2775676575854842,0.058452605435979875,-0.26089833997183365,-0.003041908724473255,0.05020867833585171,-0.02146064784583904,0.14494196065031884,0.06214028350407423,0.1259023447722503,0.5,0.0,0.0,0.5,True,False,True,False,1,True,True,0.003489599999738857,4,3.781764889754526e-09,4.637307139678473e-10,`gtol` termination condition is satisfied.,True,True,0.0,0.009964400000171736,True,0.018627529665202536,0.01877009161673393,False,False,False,False,False,False,1.0,False,False,False,0.0006611920881015758,0.0015622968156675785,0.0006611958157779842,0.0015622971727614484
3.060294299990008,1786138790.4818857,0.009769399999640882,0.007336200011195615,0.009769399999640882,TELEOP,0,,0.0,3.060294299990008,599,-0.036361298083258886,0.048103906390503076,0.0,0.03826546077685447,0.04529771832461715,0.08195590526736903,0.9948703939800022,-0.03351066466291497,0.04709564334597845,0.0,0.037540846557494366,0.04428685506024156,0.08028295290502592,0.99507989969724,-0.02605280791614503,-0.21131633825951127,0.2765762874849538,-0.11173621093657063,0.027222710897087107,0.03694683860619059,0.9926776285854134,-0.025934032864865085,-0.21135800974904187,0.27658745563974335,-0.11173621093657063,0.027222710897087107,0.03694683860619059,0.9926776285854134,-0.025934029382183112,-0.21135801092248932,0.276587455300165,-0.11173621098346741,0.02722271090200778,0.03694683838503535,0.992677628588231,-0.02530970163296233,-0.21157020108414656,0.2766369823900517,-0.11194235908314963,0.026755042591715395,0.03637955470499127,0.9926880698075712,-0.02530970163296233,-0.21157020108414656,0.2766369823900517,-0.11194235908314963,0.026755042591715395,0.03637955470499127,0.9926880698075712,-0.1821189816168526,-0.6151499493001743,0.8282686388373001,-0.5506293817048792,0.5073599635800066,-0.48787665194353513,-0.17312234032398496,-0.6145997761821077,0.8280244213913239,-0.5321424640827519,0.5028822653334821,-0.4704292150245402,-0.17312234032398496,-0.6145997761821077,0.8280244213913239,-0.5321424640827519,0.5028822653334821,-0.4704292150245402,-0.12829389836537058,-0.011858668441443232,0.005169064919275561,-0.27600750382691963,0.059029879768962915,-0.2595415147081101,0.002405676036753777,0.05031074093411738,-0.0211462462133362,0.1596980120193589,0.05909004984996609,0.13888521953993072,0.5,0.0,0.0,0.5,True,False,True,False,1,True,True,0.0038308000075630844,4,3.6907134957487857e-09,4.5228799445050424e-10,`gtol` termination condition is satisfied.,True,True,0.0,0.009769399999640882,True,0.018486917622127286,0.018627529665202536,False,False,False,False,False,False,1.0,False,False,False,0.0006612584485538635,0.0015272596485165896,0.0006612620878432623,0.0015272599964695841
3.0701211999909246,1786138790.4946775,0.009826900000916794,0.010303599992766976,0.009826900000916794,TELEOP,0,,0.0,3.0701211999909246,601,-0.03665857005659817,0.04818720003346637,0.0,0.03832496571114351,0.04538154006134265,0.08209394187151364,0.994852902459905,-0.03380176186170104,0.047196573359395484,0.0,0.03761337208825347,0.04438810400351671,0.08045045531646926,0.9950591212096377,-0.02614013624027068,-0.21128708908003357,0.27656844851099416,-0.11169943798457135,0.02728405150148716,0.037023552427885825,0.9926772248083536,-0.026021096840203383,-0.2113280508249565,0.27657942648357153,-0.11169943798457137,0.027284051501487164,0.03702355242788583,0.9926772248083537,-0.026021093355124657,-0.2113280519972346,0.2765794261432268,-0.11169943803130447,0.027284051506418647,0.03702355220668274,0.9926772248112097,-0.025395343198294926,-0.21153653032781244,0.27662799062888854,-0.11189948146513504,0.02682645687067319,0.0364695665311406,0.9926876739320533,-0.025395343198294926,-0.21153653032781244,0.27662799062888854,-0.11189948146513504,0.02682645687067319,0.0364695665311406,0.9926876739320533,-0.18337201930114483,-0.6152280086742111,0.8283053735054268,-0.5531839103574422,0.5079811640307555,-0.4902929883659368,-0.17438286291297764,-0.6147114747771866,0.828073216914085,-0.5348390826928751,0.5034680270967475,-0.4729661304883764,-0.17438286291297764,-0.6147114747771866,0.828073216914085,-0.5348390826928751,0.5034680270967475,-0.4729661304883764,-0.12827265860801226,-0.011366615623283829,0.004965505170140769,-0.27441193152180415,0.059607990639033485,-0.2581603011732563,0.0021613893859035588,0.05007202862688104,-0.02071454366237588,0.16236781741613762,0.058829424336936074,0.14055434925815644,0.5,0.0,0.0,0.5,True,False,True,False,1,True,True,0.004727899999124929,4,3.6926743928192836e-09,4.5231525179381496e-10,`gtol` termination condition is satisfied.,True,True,0.0,0.009826900000916794,True,0.01834482766456713,0.018486917622127286,False,False,False,False,False,False,1.0,False,False,False,0.0006613508768880205,0.0014918707245793862,0.0006613545189103394,0.0014918710722375017
3.0812155000090824,1786138790.5069668,0.01109430001815781,0.011451500002294779,0.01109430001815781,TELEOP,0,,0.0,3.0812155000090824,603,-0.03699479260565532,0.04827902837288757,0.0,0.038390539580066274,0.04547397065234404,0.08224610534481787,0.9948335853897727,-0.034131184949699155,0.04730823867750538,0.0,0.03769356841863981,0.044500153254484365,0.08063574789537752,0.9950360834771521,-0.02623896224229081,-0.21125472879426305,0.2765597757083735,-0.11165877292887046,0.027351931336464328,0.03710841226372141,0.9926767631104548,-0.02611963085367637,-0.21129488946068758,0.2765705390249408,-0.11165877292887046,0.027351931336464328,0.03710841226372141,0.9926767631104548,-0.026119626951419967,-0.21129489076226587,0.27657053863067366,-0.11165877298146001,0.027351931341990328,0.037108412016216986,0.9926767631136394,-0.02549250218958809,-0.21149911188337367,0.2766180173583652,-0.11185203641456763,0.026905885805404203,0.03656956514796064,0.9926871925051869,-0.02549250218958809,-0.21149911188337367,0.2766180173583652,-0.11185203641456763,0.026905885805404203,0.03656956514796064,0.9926871925051869,-0.18478595869292067,-0.6153100784557576,0.8283443666108257,-0.5560474056286012,0.5086886400453353,-0.49300327103282826,-0.17580867539925857,-0.6148316036103765,0.8281258807672696,-0.537869170387158,0.504138028294217,-0.47581839762209266,-0.17580867539925857,-0.6148316036103765,0.8281258807672696,-0.537869170387158,0.504138028294217,-0.47581839762209266,-0.1285175706396369,-0.010827977699655144,0.004746928882255347,-0.2731211243001976,0.060391479982782534,-0.2570930233586651,-0.02207548301594482,0.048550870514327854,-0.01970167451102661,0.11634868531533865,0.07062089022892162,0.09620055459509738,0.5,0.0,0.0,0.5,True,False,True,False,1,True,True,0.005863900005351752,4,4.132451771419284e-09,5.06220457878431e-10,`gtol` termination condition is satisfied.,True,True,0.0,0.01109430001815781,True,0.01817823524144324,0.01834482766456713,False,False,False,False,False,False,1.0,False,False,False,0.0006612457658030218,0.001451581369468119,0.0006612498403732811,0.0014515817582827506
3.093108799999416,1786138790.5157757,0.011893299990333617,0.008413700008532032,0.011893299990333617,TELEOP,0,,0.0,3.093108799999416,604,-0.03735593096259526,0.0483748645287751,0.0,0.03845894379868206,0.04557045775488126,0.08240489083651582,0.9948133880221568,-0.03448521013820912,0.04742532546285042,0.0,0.03777761083260224,0.044617676587579806,0.0808300079341285,0.9950118717246923,-0.026345168829583696,-0.21122079732338467,0.2765506817793104,-0.11161615455896538,0.02742312302105636,0.03719737724514398,0.9926762621778178,-0.026225531831220665,-0.21126009962213751,0.27656121508862747,-0.11161615455896538,0.02742312302105636,0.03719737724514398,0.9926762621778178,-0.026225527679490702,-0.21126010099930764,0.27656121466184713,-0.11161615461488913,0.027423123026942397,0.037197376981992554,0.992676262181228,-0.025597317352782426,-0.21145964411534796,0.2766075131227879,-0.11180220196255282,0.02698966323952372,0.036674930662699355,0.9926866450070878,-0.025597317352782426,-0.21145964411534796,0.2766075131227879,-0.11180220196255282,0.02698966323952372,0.036674930662699355,0.9926866450070878,-0.1863008172151258,-0.6153910821869145,0.8283833160975367,-0.559093200138659,0.5094541292610834,-0.4958880291811588,-0.17734183103867113,-0.6149536041020802,0.8281796339647365,-0.5411036537271527,0.5048669967790299,-0.4788650796431712,-0.17734183103867113,-0.6149536041020802,0.8281796339647365,-0.5411036537271527,0.5048669967790299,-0.4788650796431712,-0.12890918758112835,-0.010257917634542717,0.004519620081102552,-0.2719584423686995,0.061292365063127324,-0.25616792846012204,-0.03292752573379569,0.04793119366162028,-0.019112340673954415,0.09775940508042896,0.07574727628807762,0.07778286087922609,0.5,0.0,0.0,0.5,True,False,True,False,1,True,True,0.00437219999730587,4,4.394951729230407e-09,5.382282556088454e-10,`gtol` termination condition is satisfied.,True,True,0.0,0.011893299990333617,True,0.017989546411506296,0.01817823524144324,False,False,False,False,False,False,1.0,False,False,False,0.0006607641161772343,0.0014079190075604192,0.0006607684493505743,0.001407919420570059
3.101789400002988,1786138790.5242422,0.00868060000357218,0.008199400006560609,0.00868060000357218,TELEOP,0,,0.0,3.101789400002988,605,-0.0376199630301188,0.048443107710224115,0.0,0.038507633519535525,0.045639178409957,0.08251794719400718,0.9947989826822685,-0.03474406931344346,0.04750936243766288,0.0,0.03783790575052393,0.0447020443071038,0.08096941915382594,0.9949944589217934,-0.026422825886483977,-0.2111964435757149,0.27654415474288474,-0.11158557677134268,0.027474228006773183,0.037261222456864404,0.9926758922997267,-0.026302968441845057,-0.21123511504531314,0.2765545190158612,-0.11158557677134268,0.027474228006773183,0.037261222456864404,0.9926758922997267,-0.026302965405319,-0.211235116069963,0.2765545187317645,-0.11158557681091556,0.02747422801109308,0.037261222264373894,0.9926758923023842,-0.02567377537160272,-0.21143128649148665,0.27659992756242757,-0.11176608243493426,0.027049749691674233,0.03675062305194827,0.9926862775137264,-0.02567377537160272,-0.21143128649148665,0.27659992756242757,-0.11176608243493426,0.027049749691674233,0.03675062305194827,0.9926862775137264,-0.18740597006247378,-0.6154463194118133,0.8284101799267896,-0.5613022245591502,0.510017175642165,-0.4979812370310705,-0.1784579131941848,-0.6150387881143621,0.8282173243224809,-0.543446071250655,0.5054019569546346,-0.48107255507441277,-0.1784579131941848,-0.6150387881143621,0.8282173243224809,-0.543446071250655,0.5054019569546346,-0.48107255507441277,-0.12857200597359614,-0.009813147967515281,0.004341906979797611,-0.26984511698942026,0.06162709667357314,-0.25429986755906014,0.038843122294939664,0.05123720328599499,-0.020472444442988968,0.2434538371091345,0.03856088407576293,0.21519951389226133,0.5,0.0,0.0,0.5,True,False,True,False,1,True,True,0.004839800007175654,4,3.2173139040969837e-09,3.931632372620067e-10,`gtol` termination condition is satisfied.,True,True,0.0,0.00868060000357218,True,0.017856153308495215,0.017989546411506296,False,False,False,False,False,False,1.0,False,False,False,0.0006606246246627858,0.0013763481405421067,0.0006606278014404588,0.0013763484416942538
3.1102502999925745,1786138790.5309772,0.008460899989586323,0.00647459999890998,0.008460899989586323,TELEOP,0,,0.0,3.1102502999925745,606,-0.03787766710967787,0.04850823688092791,0.0,0.03855408620735675,0.04570477408163124,0.08262583543152908,0.9947852167086646,-0.03499681227695346,0.04758991908767146,0.0,0.03789568076401661,0.044782934227400144,0.08110304291254015,0.9949777397568966,-0.02649864810867692,-0.21117309838735038,0.27653789799023293,-0.11155627539734281,0.02752322427588126,0.03732241641333262,0.9926755294546157,-0.026378578635955344,-0.21121115194468776,0.2765480966880107,-0.11155627539734281,0.02752322427588126,0.03732241641333262,0.9926755294546157,-0.026378575687864902,-0.21121115293988935,0.2765480964150168,-0.11155627543547549,0.02752322428008048,0.037322416226513055,0.9926755294572379,-0.02574826357209944,-0.21140408379489584,0.27659264437241055,-0.11173142565824548,0.02710732208289754,0.03682315409747999,0.9926859205872638,-0.02574826357209944,-0.21140408379489584,0.27659264437241055,-0.11173142565824548,0.02710732208289754,0.03682315409747999,0.9926859205872638,-0.18848256378108189,-0.615496574412368,0.828434908073573,-0.5634426809576542,0.5105695405628319,-0.5000104613181241,-0.17954282744865338,-0.6151181555681973,0.828252609241737,-0.5457114077638908,0.5059260332577241,-0.48320843315958684,-0.17954282744865338,-0.6151181555681973,0.828252609241737,-0.5457114077638908,0.5059260332577241,-0.48320843315958684,-0.12822681461828936,-0.009380497811443208,0.004170350589131581,-0.2677417905924912,0.06194096416864953,-0.2524410036524388,0.04079842046728274,0.051135240530508386,-0.020276376139321053,0.2485936956491401,0.03709623036115541,0.21970049390835597,0.5,0.0,0.0,0.5,True,False,True,False,1,True,True,0.0035875999892596155,4,3.1234898953479113e-09,3.8147168101610883e-10,`gtol` termination condition is satisfied.,True,True,0.0,0.008460899989586323,True,0.01773127319376333,0.017856153308495215,False,False,False,False,False,False,1.0,False,False,False,0.0006606816166673778,0.0013461395237200269,0.0006606847014527949,0.0013461398156115584
3.120291599996224,1786138790.5459669,0.010041300003649667,0.011414000007789582,0.010041300003649667,TELEOP,0,,0.0,3.120291599996224,608,-0.03818395135289169,0.04858375237020263,0.0,0.038607928155037566,0.04578084368488672,0.08275091759137644,0.9947692334772225,-0.03529736195519328,0.04768362856946478,0.0,0.037962858370960854,0.04487705333909342,0.08125846563034692,0.9949582570295642,-0.026588812236406755,-0.21114594148407945,0.27653061963041947,-0.11152220347209249,0.02758023082012282,0.03739359218224857,0.992675097030416,-0.026468496229208674,-0.21118326121903663,0.27654062169375493,-0.11152220347209249,0.02758023082012282,0.03739359218224857,0.992675097030416,-0.026468492763703284,-0.21118326237374627,0.2765406213541785,-0.11152220351742645,0.027580230825056142,0.0373935919628204,0.9926750970334516,-0.02583687652241635,-0.21137234793181287,0.2765841655498536,-0.11169125505137195,0.0271744180994379,0.03690758347466643,0.992685471248606,-0.02583687652241635,-0.21137234793181287,0.2765841655498536,-0.11169125505137195,0.0271744180994379,0.03690758347466643,0.992685471248606,-0.18975935275332312,-0.6155512600446211,0.8284622254857341,-0.5659657127031936,0.5112296738314975,-0.5024038077875389,-0.18082973566970403,-0.615207348555414,0.8282925312603733,-0.5483815290099113,0.5065534892937155,-0.4857275161676544,-0.18082973566970403,-0.615207348555414,0.8282925312603733,-0.5483815290099113,0.5065534892937155,-0.4857275161676544,-0.12816151500133593,-0.008882613524573393,0.003975781882997738,-0.26591390009759414,0.06248753007711353,-0.2508721985352493,0.0065031038739706,0.04958364820181161,-0.01937684423960283,0.18203723564007707,0.05443178754397709,0.1562352600379749,0.5,0.0,0.0,0.5,True,False,True,False,1,True,True,0.007008499989751726,4,3.6685683978501388e-09,4.4827422903436917e-10,`gtol` termination condition is satisfied.,True,True,0.0,0.010041300003649667,True,0.017584183693282296,0.01773127319376333,False,False,False,False,False,False,1.0,False,False,False,0.0006607484555439996,0.0013108383266881415,0.0006607520763197665,0.0013108386694832249
