time_s,wall_time_s,cycle_period_s,compute_time_s,dt_s,state,fault_bits,fault_reason,message_age_s,input_timestamp_s,master_sequence,master_raw.position[0],master_raw.position[1],master_raw.position[2],master_raw.orientation_xyzw[0],master_raw.orientation_xyzw[1],master_raw.orientation_xyzw[2],master_raw.orientation_xyzw[3],master_filtered.position[0],master_filtered.position[1],master_filtered.position[2],master_filtered.orientation_xyzw[0],master_filtered.orientation_xyzw[1],master_filtered.orientation_xyzw[2],master_filtered.orientation_xyzw[3],mapped_flange.position[0],mapped_flange.position[1],mapped_flange.position[2],mapped_flange.orientation_xyzw[0],mapped_flange.orientation_xyzw[1],mapped_flange.orientation_xyzw[2],mapped_flange.orientation_xyzw[3],limited_flange.position[0],limited_flange.position[1],limited_flange.position[2],limited_flange.orientation_xyzw[0],limited_flange.orientation_xyzw[1],limited_flange.orientation_xyzw[2],limited_flange.orientation_xyzw[3],target_flange.position[0],target_flange.position[1],target_flange.position[2],target_flange.orientation_xyzw[0],target_flange.orientation_xyzw[1],target_flange.orientation_xyzw[2],target_flange.orientation_xyzw[3],actual_flange.position[0],actual_flange.position[1],actual_flange.position[2],actual_flange.orientation_xyzw[0],actual_flange.orientation_xyzw[1],actual_flange.orientation_xyzw[2],actual_flange.orientation_xyzw[3],true_flange.position[0],true_flange.position[1],true_flange.position[2],true_flange.orientation_xyzw[0],true_flange.orientation_xyzw[1],true_flange.orientation_xyzw[2],true_flange.orientation_xyzw[3],target_joints_rad[0],target_joints_rad[1],target_joints_rad[2],target_joints_rad[3],target_joints_rad[4],target_joints_rad[5],actual_joints_rad[0],actual_joints_rad[1],actual_joints_rad[2],actual_joints_rad[3],actual_joints_rad[4],actual_joints_rad[5],true_joints_rad[0],true_joints_rad[1],true_joints_rad[2],true_joints_rad[3],true_joints_rad[4],true_joints_rad[5],actual_joint_velocity_rad_s[0],actual_joint_velocity_rad_s[1],actual_joint_velocity_rad_s[2],actual_joint_velocity_rad_s[3],actual_joint_velocity_rad_s[4],actual_joint_velocity_rad_s[5],actual_joint_acceleration_rad_s2[0],actual_joint_acceleration_rad_s2[1],actual_joint_acceleration_rad_s2[2],actual_joint_acceleration_rad_s2[3],actual_joint_acceleration_rad_s2[4],actual_joint_acceleration_rad_s2[5],grasp,openrst_pitch_rad,openrst_yaw_rad,openrst_grasp,openrst_command_accepted,openrst_command_clipped,deadman,clutch,validity_flags,ik_attempted,ik_success,ik_time_s,ik_evaluations,ik_position_error_m,ik_orientation_error_rad,ik_message,command_accepted,feedback_available,feedback_age_s,safety_feedback_age_s,safety_feedback_fresh,joint_tracking_error_rad,safety_joint_tracking_error_rad,safety_stalled_joint_mask[0],safety_stalled_joint_mask[1],safety_stalled_joint_mask[2],safety_stalled_joint_mask[3],safety_stalled_joint_mask[4],safety_stalled_joint_mask[5],joint_target_scale,unreachable_target_injected,fatal_fault_injected,clear_fault_injected,position_error_m,orientation_error_rad,mapped_position_error_m,mapped_orientation_error_rad
1e-06,1786138888.894467,1e-06,0.0025650000025052577,1e-06,READY,0,waiting for deadman,0.0,1e-06,1,0.0,0.0,0.0,0.0,0.0,0.0,1.0,0.0,0.0,0.0,0.0,0.0,0.0,1.0,-0.016000000000000007,-0.22496149868535165,0.2802328425555495,-0.1305261922200515,0.0,0.0,0.9914448613738105,-0.016000000000000007,-0.22496149868535165,0.2802328425555495,-0.1305261922200515,0.0,0.0,0.9914448613738105,-0.016000000000000007,-0.22496149868535165,0.2802328425555495,-0.1305261922200515,0.0,0.0,0.9914448613738105,-0.016000000000000007,-0.22496149868535165,0.2802328425555495,-0.1305261922200515,0.0,0.0,0.9914448613738105,-0.016000000000000007,-0.22496149868535165,0.2802328425555495,-0.1305261922200515,0.0,0.0,0.9914448613738105,0.0,-0.5235987755982988,0.7853981633974483,0.0,0.5235987755982988,0.0,0.0,-0.5235987755982988,0.7853981633974483,0.0,0.5235987755982988,0.0,0.0,-0.5235987755982988,0.7853981633974483,0.0,0.5235987755982988,0.0,0.0,0.0,0.0,0.0,0.0,0.0,0.0,0.0,0.0,0.0,0.0,0.0,0.5,0.0,0.0,0.0,False,False,False,False,1,False,,0.0,0,,,,True,True,0.0,1e-06,True,0.0,0.0,False,False,False,False,False,False,1.0,False,False,False,0.0,0.0,0.0,0.0
0.01037520000648126,1786138888.9048867,0.01037420000648126,0.002607200003694743,0.01037420000648126,READY,0,waiting for deadman,0.0,0.01037520000648126,3,0.0,0.0,0.0,0.0,0.0,0.0,1.0,0.0,0.0,0.0,0.0,0.0,0.0,1.0,-0.016000000000000007,-0.22496149868535165,0.2802328425555495,-0.1305261922200515,0.0,0.0,0.9914448613738105,-0.016000000000000007,-0.22496149868535165,0.2802328425555495,-0.1305261922200515,0.0,0.0,0.9914448613738105,-0.016000000000000007,-0.22496149868535165,0.2802328425555495,-0.1305261922200515,0.0,0.0,0.9914448613738105,-0.016000000000000007,-0.22496149868535165,0.2802328425555495,-0.1305261922200515,0.0,0.0,0.9914448613738105,-0.016000000000000007,-0.22496149868535165,0.2802328425555495,-0.1305261922200515,0.0,0.0,0.9914448613738105,0.0,-0.5235987755982988,0.7853981633974483,0.0,0.5235987755982988,0.0,0.0,-0.5235987755982988,0.7853981633974483,0.0,0.5235987755982988,0.0,0.0,-0.5235987755982988,0.7853981633974483,0.0,0.5235987755982988,0.0,0.0,0.0,0.0,0.0,0.0,0.0,0.0,0.0,0.0,0.0,0.0,0.0,0.5,0.0,0.0,0.0,False,False,False,False,1,False,,0.0,0,,,,True,True,0.0,0.01037420000648126,True,0.0,0.0,False,False,False,False,False,False,1.0,False,False,False,0.0,0.0,0.0,0.0
0.020470600014621393,1786138888.916114,0.010095400008140132,0.003739000007044524,0.010095400008140132,READY,0,waiting for deadman,0.0,0.020470600014621393,4,0.0,0.0,0.0,0.0,0.0,0.0,1.0,0.0,0.0,0.0,0.0,0.0,0.0,1.0,-0.016000000000000007,-0.22496149868535165,0.2802328425555495,-0.1305261922200515,0.0,0.0,0.9914448613738105,-0.016000000000000007,-0.22496149868535165,0.2802328425555495,-0.1305261922200515,0.0,0.0,0.9914448613738105,-0.016000000000000007,-0.22496149868535165,0.2802328425555495,-0.1305261922200515,0.0,0.0,0.9914448613738105,-0.016000000000000007,-0.22496149868535165,0.2802328425555495,-0.1305261922200515,0.0,0.0,0.9914448613738105,-0.016000000000000007,-0.22496149868535165,0.2802328425555495,-0.1305261922200515,0.0,0.0,0.9914448613738105,0.0,-0.5235987755982988,0.7853981633974483,0.0,0.5235987755982988,0.0,0.0,-0.5235987755982988,0.7853981633974483,0.0,0.5235987755982988,0.0,0.0,-0.5235987755982988,0.7853981633974483,0.0,0.5235987755982988,0.0,0.0,0.0,0.0,0.0,0.0,0.0,0.0,0.0,0.0,0.0,0.0,0.0,0.5,0.0,0.0,0.0,False,False,False,False,1,False,,0.0,0,,,,True,True,0.0,0.010095400008140134,True,0.0,0.0,False,False,False,False,False,False,1.0,False,False,False,0.0,0.0,0.0,0.0
0.03040499999008514,1786138888.9250102,0.009934399975463748,0.0027014999941457063,0.009934399975463748,READY,0,waiting for deadman,0.0,0.03040499999008514,5,0.0,0.0,0.0,0.0,0.0,0.0,1.0,0.0,0.0,0.0,0.0,0.0,0.0,1.0,-0.016000000000000007,-0.22496149868535165,0.2802328425555495,-0.1305261922200515,0.0,0.0,0.9914448613738105,-0.016000000000000007,-0.22496149868535165,0.2802328425555495,-0.1305261922200515,0.0,0.0,0.9914448613738105,-0.016000000000000007,-0.22496149868535165,0.2802328425555495,-0.1305261922200515,0.0,0.0,0.9914448613738105,-0.016000000000000007,-0.22496149868535165,0.2802328425555495,-0.1305261922200515,0.0,0.0,0.9914448613738105,-0.016000000000000007,-0.22496149868535165,0.2802328425555495,-0.1305261922200515,0.0,0.0,0.9914448613738105,0.0,-0.5235987755982988,0.7853981633974483,0.0,0.5235987755982988,0.0,0.0,-0.5235987755982988,0.7853981633974483,0.0,0.5235987755982988,0.0,0.0,-0.5235987755982988,0.7853981633974483,0.0,0.5235987755982988,0.0,0.0,0.0,0.0,0.0,0.0,0.0,0.0,0.0,0.0,0.0,0.0,0.0,0.5,0.0,0.0,0.0,False,False,False,False,1,False,,0.0,0,,,,True,True,0.0,0.009934399975463748,True,0.0,0.0,False,False,False,False,False,False,1.0,False,False,False,0.0,0.0,0.0,0.0
0.04036929998949543,1786138888.9352336,0.009964299999410287,0.002959700010251254,0.009964299999410287,READY,0,waiting for deadman,0.0,0.04036929998949543,6,0.0,0.0,0.0,0.0,0.0,0.0,1.0,0.0,0.0,0.0,0.0,0.0,0.0,1.0,-0.016000000000000007,-0.22496149868535165,0.2802328425555495,-0.1305261922200515,0.0,0.0,0.9914448613738105,-0.016000000000000007,-0.22496149868535165,0.2802328425555495,-0.1305261922200515,0.0,0.0,0.9914448613738105,-0.016000000000000007,-0.22496149868535165,0.2802328425555495,-0.1305261922200515,0.0,0.0,0.9914448613738105,-0.016000000000000007,-0.22496149868535165,0.2802328425555495,-0.1305261922200515,0.0,0.0,0.9914448613738105,-0.016000000000000007,-0.22496149868535165,0.2802328425555495,-0.1305261922200515,0.0,0.0,0.9914448613738105,0.0,-0.5235987755982988,0.7853981633974483,0.0,0.5235987755982988,0.0,0.0,-0.5235987755982988,0.7853981633974483,0.0,0.5235987755982988,0.0,0.0,-0.5235987755982988,0.7853981633974483,0.0,0.5235987755982988,0.0,0.0,0.0,0.0,0.0,0.0,0.0,0.0,0.0,0.0,0.0,0.0,0.0,0.5,0.0,0.0,0.0,False,False,False,False,1,False,,0.0,0,,,,True,True,0.0,0.009964299999410287,True,0.0,0.0,False,False,False,False,False,False,1.0,False,False,False,0.0,0.0,0.0,0.0
0.05037150001556054,1786138888.945627,0.010002200026065111,0.00335290000657551,0.010002200026065111,READY,0,waiting for deadman,0.0,0.05037150001556054,7,0.0,0.0,0.0,0.0,0.0,0.0,1.0,0.0,0.0,0.0,0.0,0.0,0.0,1.0,-0.016000000000000007,-0.22496149868535165,0.2802328425555495,-0.1305261922200515,0.0,0.0,0.9914448613738105,-0.016000000000000007,-0.22496149868535165,0.2802328425555495,-0.1305261922200515,0.0,0.0,0.9914448613738105,-0.016000000000000007,-0.22496149868535165,0.2802328425555495,-0.1305261922200515,0.0,0.0,0.9914448613738105,-0.016000000000000007,-0.22496149868535165,0.2802328425555495,-0.1305261922200515,0.0,0.0,0.9914448613738105,-0.016000000000000007,-0.22496149868535165,0.2802328425555495,-0.1305261922200515,0.0,0.0,0.9914448613738105,0.0,-0.5235987755982988,0.7853981633974483,0.0,0.5235987755982988,0.0,0.0,-0.5235987755982988,0.7853981633974483,0.0,0.5235987755982988,0.0,0.0,-0.5235987755982988,0.7853981633974483,0.0,0.5235987755982988,0.0,0.0,0.0,0.0,0.0,0.0,0.0,0.0,0.0,0.0,0.0,0.0,0.0,0.5,0.0,0.0,0.0,False,False,False,False,1,False,,0.0,0,,,,True,True,0.0,0.010002200026065111,True,0.0,0.0,False,False,False,False,False,False,1.0,False,False,False,0.0,0.0,0.0,0.0
0.06087599999557622,1786138888.9557424,0.01050449998001568,0.002962300000945106,0.01050449998001568,READY,0,waiting for deadman,0.0,0.06087599999557622,8,0.0,0.0,0.0,0.0,0.0,0.0,1.0,0.0,0.0,0.0,0.0,0.0,0.0,1.0,-0.016000000000000007,-0.22496149868535165,0.2802328425555495,-0.1305261922200515,0.0,0.0,0.9914448613738105,-0.016000000000000007,-0.22496149868535165,0.2802328425555495,-0.1305261922200515,0.0,0.0,0.9914448613738105,-0.016000000000000007,-0.22496149868535165,0.2802328425555495,-0.1305261922200515,0.0,0.0,0.9914448613738105,-0.016000000000000007,-0.22496149868535165,0.2802328425555495,-0.1305261922200515,0.0,0.0,0.9914448613738105,-0.016000000000000007,-0.22496149868535165,0.2802328425555495,-0.1305261922200515,0.0,0.0,0.9914448613738105,0.0,-0.5235987755982988,0.7853981633974483,0.0,0.5235987755982988,0.0,0.0,-0.5235987755982988,0.7853981633974483,0.0,0.5235987755982988,0.0,0.0,-0.5235987755982988,0.7853981633974483,0.0,0.5235987755982988,0.0,0.0,0.0,0.0,0.0,0.0,0.0,0.0,0.0,0.0,0.0,0.0,0.0,0.5,0.0,0.0,0.0,False,False,False,False,1,False,,0.0,0,,,,True,True,0.0,0.01050449998001568,True,0.0,0.0,False,False,False,False,False,False,1.0,False,False,False,0.0,0.0,0.0,0.0
0.07014399998991191,1786138888.9652514,0.009267999994335696,0.00320030000875704,0.009267999994335696,READY,0,waiting for deadman,0.0,0.07014399998991191,9,0.0,0.0,0.0,0.0,0.0,0.0,1.0,0.0,0.0,0.0,0.0,0.0,0.0,1.0,-0.016000000000000007,-0.22496149868535165,0.2802328425555495,-0.1305261922200515,0.0,0.0,0.9914448613738105,-0.016000000000000007,-0.22496149868535165,0.2802328425555495,-0.1305261922200515,0.0,0.0,0.9914448613738105,-0.016000000000000007,-0.22496149868535165,0.2802328425555495,-0.1305261922200515,0.0,0.0,0.9914448613738105,-0.016000000000000007,-0.22496149868535165,0.2802328425555495,-0.1305261922200515,0.0,0.0,0.9914448613738105,-0.016000000000000007,-0.22496149868535165,0.2802328425555495,-0.1305261922200515,0.0,0.0,0.9914448613738105,0.0,-0.5235987755982988,0.7853981633974483,0.0,0.5235987755982988,0.0,0.0,-0.5235987755982988,0.7853981633974483,0.0,0.5235987755982988,0.0,0.0,-0.5235987755982988,0.7853981633974483,0.0,0.5235987755982988,0.0,0.0,0.0,0.0,0.0,0.0,0.0,0.0,0.0,0.0,0.0,0.0,0.0,0.5,0.0,0.0,0.0,False,False,False,False,1,False,,0.0,0,,,,True,True,0.0,0.009267999994335696,True,0.0,0.0,False,False,False,False,False,False,1.0,False,False,False,0.0,0.0,0.0,0.0
0.08190420001449436,1786138888.9768033,0.011760200024582446,0.0029943000117782503,0.011760200024582446,READY,0,waiting for deadman,0.0,0.08190420001449436,11,0.0,0.0,0.0,0.0,0.0,0.0,1.0,0.0,0.0,0.0,0.0,0.0,0.0,1.0,-0.016000000000000007,-0.22496149868535165,0.2802328425555495,-0.1305261922200515,0.0,0.0,0.9914448613738105,-0.016000000000000007,-0.22496149868535165,0.2802328425555495,-0.1305261922200515,0.0,0.0,0.9914448613738105,-0.016000000000000007,-0.22496149868535165,0.2802328425555495,-0.1305261922200515,0.0,0.0,0.9914448613738105,-0.016000000000000007,-0.22496149868535165,0.2802328425555495,-0.1305261922200515,0.0,0.0,0.9914448613738105,-0.016000000000000007,-0.22496149868535165,0.2802328425555495,-0.1305261922200515,0.0,0.0,0.9914448613738105,0.0,-0.5235987755982988,0.7853981633974483,0.0,0.5235987755982988,0.0,0.0,-0.5235987755982988,0.7853981633974483,0.0,0.5235987755982988,0.0,0.0,-0.5235987755982988,0.7853981633974483,0.0,0.5235987755982988,0.0,0.0,0.0,0.0,0.0,0.0,0.0,0.0,0.0,0.0,0.0,0.0,0.0,0.5,0.0,0.0,0.0,False,False,False,False,1,False,,0.0,0,,,,True,True,0.0,0.011760200024582446,True,0.0,0.0,False,False,False,False,False,False,1.0,False,False,False,0.0,0.0,0.0,0.0
0.09179880000704341,1786138888.9876235,0.009894599992549047,0.003920799994375557,0.009894599992549047,READY,0,waiting for deadman,0.0,0.09179880000704341,13,0.0,0.0,0.0,0.0,0.0,0.0,1.0,0.0,0.0,0.0,0.0,0.0,0.0,1.0,-0.016000000000000007,-0.22496149868535165,0.2802328425555495,-0.1305261922200515,0.0,0.0,0.9914448613738105,-0.016000000000000007,-0.22496149868535165,0.2802328425555495,-0.1305261922200515,0.0,0.0,0.9914448613738105,-0.016000000000000007,-0.22496149868535165,0.2802328425555495,-0.1305261922200515,0.0,0.0,0.9914448613738105,-0.016000000000000007,-0.22496149868535165,0.2802328425555495,-0.1305261922200515,0.0,0.0,0.9914448613738105,-0.016000000000000007,-0.22496149868535165,0.2802328425555495,-0.1305261922200515,0.0,0.0,0.9914448613738105,0.0,-0.5235987755982988,0.7853981633974483,0.0,0.5235987755982988,0.0,0.0,-0.5235987755982988,0.7853981633974483,0.0,0.5235987755982988,0.0,0.0,-0.5235987755982988,0.7853981633974483,0.0,0.5235987755982988,0.0,0.0,0.0,0.0,0.0,0.0,0.0,0.0,0.0,0.0,0.0,0.0,0.0,0.5,0.0,0.0,0.0,False,False,False,False,1,False,,0.0,0,,,,True,True,0.0,0.009894599992549047,True,0.0,0.0,False,False,False,False,False,False,1.0,False,False,False,0.0,0.0,0.0,0.0
0.10046119998844713,1786138888.997033,0.008662399981403723,0.004670800000894815,0.008662399981403723,READY,0,waiting for deadman,0.0,0.10046119998844713,15,0.0,0.0,0.0,0.0,0.0,0.0,1.0,0.0,0.0,0.0,0.0,0.0,0.0,1.0,-0.016000000000000007,-0.22496149868535165,0.2802328425555495,-0.1305261922200515,0.0,0.0,0.9914448613738105,-0.016000000000000007,-0.22496149868535165,0.2802328425555495,-0.1305261922200515,0.0,0.0,0.9914448613738105,-0.016000000000000007,-0.22496149868535165,0.2802328425555495,-0.1305261922200515,0.0,0.0,0.9914448613738105,-0.016000000000000007,-0.22496149868535165,0.2802328425555495,-0.1305261922200515,0.0,0.0,0.9914448613738105,-0.016000000000000007,-0.22496149868535165,0.2802328425555495,-0.1305261922200515,0.0,0.0,0.9914448613738105,0.0,-0.5235987755982988,0.7853981633974483,0.0,0.5235987755982988,0.0,0.0,-0.5235987755982988,0.7853981633974483,0.0,0.5235987755982988,0.0,0.0,-0.5235987755982988,0.7853981633974483,0.0,0.5235987755982988,0.0,0.0,0.0,0.0,0.0,0.0,0.0,0.0,0.0,0.0,0.0,0.0,0.0,0.5,0.0,0.0,0.0,False,False,False,False,1,False,,0.0,0,,,,True,True,0.0,0.008662399981403723,True,0.0,0.0,False,False,False,False,False,False,1.0,False,False,False,0.0,0.0,0.0,0.0
0.11021770000627637,1786138889.0050392,0.00975650001782924,0.0029169000044930726,0.00975650001782924,READY,0,waiting for deadman,0.0,0.11021770000627637,17,0.0,0.0,0.0,0.0,0.0,0.0,1.0,0.0,0.0,0.0,0.0,0.0,0.0,1.0,-0.016000000000000007,-0.22496149868535165,0.2802328425555495,-0.1305261922200515,0.0,0.0,0.9914448613738105,-0.016000000000000007,-0.22496149868535165,0.2802328425555495,-0.1305261922200515,0.0,0.0,0.9914448613738105,-0.016000000000000007,-0.22496149868535165,0.2802328425555495,-0.1305261922200515,0.0,0.0,0.9914448613738105,-0.016000000000000007,-0.22496149868535165,0.2802328425555495,-0.1305261922200515,0.0,0.0,0.9914448613738105,-0.016000000000000007,-0.22496149868535165,0.2802328425555495,-0.1305261922200515,0.0,0.0,0.9914448613738105,0.0,-0.5235987755982988,0.7853981633974483,0.0,0.5235987755982988,0.0,0.0,-0.5235987755982988,0.7853981633974483,0.0,0.5235987755982988,0.0,0.0,-0.5235987755982988,0.7853981633974483,0.0,0.5235987755982988,0.0,0.0,0.0,0.0,0.0,0.0,0.0,0.0,0.0,0.0,0.0,0.0,0.0,0.5,0.0,0.0,0.0,False,False,False,False,1,False,,0.0,0,,,,True,True,0.0,0.00975650001782924,True,0.0,0.0,False,False,False,False,False,False,1.0,False,False,False,0.0,0.0,0.0,0.0
0.12084579999612086,1786138889.0161338,0.010628099989844486,0.0033819999953266233,0.010628099989844486,READY,0,waiting for deadman,0.0,0.12084579999612086,19,0.0,0.0,0.0,0.0,0.0,0.0,1.0,0.0,0.0,0.0,0.0,0.0,0.0,1.0,-0.016000000000000007,-0.22496149868535165,0.2802328425555495,-0.1305261922200515,0.0,0.0,0.9914448613738105,-0.016000000000000007,-0.22496149868535165,0.2802328425555495,-0.1305261922200515,0.0,0.0,0.9914448613738105,-0.016000000000000007,-0.22496149868535165,0.2802328425555495,-0.1305261922200515,0.0,0.0,0.9914448613738105,-0.016000000000000007,-0.22496149868535165,0.2802328425555495,-0.1305261922200515,0.0,0.0,0.9914448613738105,-0.016000000000000007,-0.22496149868535165,0.2802328425555495,-0.1305261922200515,0.0,0.0,0.9914448613738105,0.0,-0.5235987755982988,0.7853981633974483,0.0,0.5235987755982988,0.0,0.0,-0.5235987755982988,0.7853981633974483,0.0,0.5235987755982988,0.0,0.0,-0.5235987755982988,0.7853981633974483,0.0,0.5235987755982988,0.0,0.0,0.0,0.0,0.0,0.0,0.0,0.0,0.0,0.0,0.0,0.0,0.0,0.5,0.0,0.0,0.0,False,False,False,False,1,False,,0.0,0,,,,True,True,0.0,0.010628099989844486,True,0.0,0.0,False,False,False,False,False,False,1.0,False,False,False,0.0,0.0,0.0,0.0
0.13136019999331236,1786138889.0267763,0.010514399997191504,0.0035133000055793673,0.010514399997191504,READY,0,waiting for deadman,0.0,0.13136019999331236,21,0.0,0.0,0.0,0.0,0.0,0.0,1.0,0.0,0.0,0.0,0.0,0.0,0.0,1.0,-0.016000000000000007,-0.22496149868535165,0.2802328425555495,-0.1305261922200515,0.0,0.0,0.9914448613738105,-0.016000000000000007,-0.22496149868535165,0.2802328425555495,-0.1305261922200515,0.0,0.0,0.9914448613738105,-0.016000000000000007,-0.22496149868535165,0.2802328425555495,-0.1305261922200515,0.0,0.0,0.9914448613738105,-0.016000000000000007,-0.22496149868535165,0.2802328425555495,-0.1305261922200515,0.0,0.0,0.9914448613738105,-0.016000000000000007,-0.22496149868535165,0.2802328425555495,-0.1305261922200515,0.0,0.0,0.9914448613738105,0.0,-0.5235987755982988,0.7853981633974483,0.0,0.5235987755982988,0.0,0.0,-0.5235987755982988,0.7853981633974483,0.0,0.5235987755982988,0.0,0.0,-0.5235987755982988,0.7853981633974483,0.0,0.5235987755982988,0.0,0.0,0.0,0.0,0.0,0.0,0.0,0.0,0.0,0.0,0.0,0.0,0.0,0.5,0.0,0.0,0.0,False,False,False,False,1,False,,0.0,0,,,,True,True,0.0,0.010514399997191504,True,0.0,0.0,False,False,False,False,False,False,1.0,False,False,False,0.0,0.0,0.0,0.0
0.14013209999359585,1786138889.0361466,0.008771900000283495,0.00410989997908473,0.008771900000283495,READY,0,waiting for deadman,0.0,0.14013209999359585,23,0.0,0.0,0.0,0.0,0.0,0.0,1.0,0.0,0.0,0.0,0.0,0.0,0.0,1.0,-0.016000000000000007,-0.22496149868535165,0.2802328425555495,-0.1305261922200515,0.0,0.0,0.9914448613738105,-0.016000000000000007,-0.22496149868535165,0.2802328425555495,-0.1305261922200515,0.0,0.0,0.9914448613738105,-0.016000000000000007,-0.22496149868535165,0.2802328425555495,-0.1305261922200515,0.0,0.0,0.9914448613738105,-0.016000000000000007,-0.22496149868535165,0.2802328425555495,-0.1305261922200515,0.0,0.0,0.9914448613738105,-0.016000000000000007,-0.22496149868535165,0.2802328425555495,-0.1305261922200515,0.0,0.0,0.9914448613738105,0.0,-0.5235987755982988,0.7853981633974483,0.0,0.5235987755982988,0.0,0.0,-0.5235987755982988,0.7853981633974483,0.0,0.5235987755982988,0.0,0.0,-0.5235987755982988,0.7853981633974483,0.0,0.5235987755982988,0.0,0.0,0.0,0.0,0.0,0.0,0.0,0.0,0.0,0.0,0.0,0.0,0.0,0.5,0.0,0.0,0.0,False,False,False,False,1,False,,0.0,0,,,,True,True,0.0,0.008771900000283495,True,0.0,0.0,False,False,False,False,False,False,1.0,False,False,False,0.0,0.0,0.0,0.0
0.1501490000151787,1786138889.0461795,0.010016900021582842,0.004117799981031567,0.010016900021582842,READY,0,waiting for deadman,0.0,0.1501490000151787,25,0.0,0.0,0.0,0.0,0.0,0.0,1.0,0.0,0.0,0.0,0.0,0.0,0.0,1.0,-0.016000000000000007,-0.22496149868535165,0.2802328425555495,-0.1305261922200515,0.0,0.0,0.9914448613738105,-0.016000000000000007,-0.22496149868535165,0.2802328425555495,-0.1305261922200515,0.0,0.0,0.9914448613738105,-0.016000000000000007,-0.22496149868535165,0.2802328425555495,-0.1305261922200515,0.0,0.0,0.9914448613738105,-0.016000000000000007,-0.22496149868535165,0.2802328425555495,-0.1305261922200515,0.0,0.0,0.9914448613738105,-0.016000000000000007,-0.22496149868535165,0.2802328425555495,-0.1305261922200515,0.0,0.0,0.9914448613738105,0.0,-0.5235987755982988,0.7853981633974483,0.0,0.5235987755982988,0.0,0.0,-0.5235987755982988,0.7853981633974483,0.0,0.5235987755982988,0.0,0.0,-0.5235987755982988,0.7853981633974483,0.0,0.5235987755982988,0.0,0.0,0.0,0.0,0.0,0.0,0.0,0.0,0.0,0.0,0.0,0.0,0.0,0.5,0.0,0.0,0.0,False,False,False,False,1,False,,0.0,0,,,,True,True,0.0,0.010016900021582842,True,0.0,0.0,False,False,False,False,False,False,1.0,False,False,False,0.0,0.0,0.0,0.0
0.16015860001027957,1786138889.0555253,0.01000959999510087,0.0034641999809537083,0.01000959999510087,READY,0,waiting for deadman,0.0,0.16015860001027957,27,0.0,0.0,0.0,0.0,0.0,0.0,1.0,0.0,0.0,0.0,0.0,0.0,0.0,1.0,-0.016000000000000007,-0.22496149868535165,0.2802328425555495,-0.1305261922200515,0.0,0.0,0.9914448613738105,-0.016000000000000007,-0.22496149868535165,0.2802328425555495,-0.1305261922200515,0.0,0.0,0.9914448613738105,-0.016000000000000007,-0.22496149868535165,0.2802328425555495,-0.1305261922200515,0.0,0.0,0.9914448613738105,-0.016000000000000007,-0.22496149868535165,0.2802328425555495,-0.1305261922200515,0.0,0.0,0.9914448613738105,-0.016000000000000007,-0.22496149868535165,0.2802328425555495,-0.1305261922200515,0.0,0.0,0.9914448613738105,0.0,-0.5235987755982988,0.7853981633974483,0.0,0.5235987755982988,0.0,0.0,-0.5235987755982988,0.7853981633974483,0.0,0.5235987755982988,0.0,0.0,-0.5235987755982988,0.7853981633974483,0.0,0.5235987755982988,0.0,0.0,0.0,0.0,0.0,0.0,0.0,0.0,0.0,0.0,0.0,0.0,0.0,0.5,0.0,0.0,0.0,False,False,False,False,1,False,,0.0,0,,,,True,True,0.0,0.01000959999510087,True,0.0,0.0,False,False,False,False,False,False,1.0,False,False,False,0.0,0.0,0.0,0.0
0.17530689998932555,1786138889.071264,0.015148299979045987,0.004050799994729459,0.015148299979045987,READY,0,waiting for deadman,0.0,0.17530689998932555,29,0.0,0.0,0.0,0.0,0.0,0.0,1.0,0.0,0.0,0.0,0.0,0.0,0.0,1.0,-0.016000000000000007,-0.22496149868535165,0.2802328425555495,-0.1305261922200515,0.0,0.0,0.9914448613738105,-0.016000000000000007,-0.22496149868535165,0.2802328425555495,-0.1305261922200515,0.0,0.0,0.9914448613738105,-0.016000000000000007,-0.22496149868535165,0.2802328425555495,-0.1305261922200515,0.0,0.0,0.9914448613738105,-0.016000000000000007,-0.22496149868535165,0.2802328425555495,-0.1305261922200515,0.0,0.0,0.9914448613738105,-0.016000000000000007,-0.22496149868535165,0.2802328425555495,-0.1305261922200515,0.0,0.0,0.9914448613738105,0.0,-0.5235987755982988,0.7853981633974483,0.0,0.5235987755982988,0.0,0.0,-0.5235987755982988,0.7853981633974483,0.0,0.5235987755982988,0.0,0.0,-0.5235987755982988,0.7853981633974483,0.0,0.5235987755982988,0.0,0.0,0.0,0.0,0.0,0.0,0.0,0.0,0.0,0.0,0.0,0.0,0.0,0.5,0.0,0.0,0.0,False,False,False,False,1,False,,0.0,0,,,,True,True,0.0,0.015148299979045987,True,0.0,0.0,False,False,False,False,False,False,1.0,False,False,False,0.0,0.0,0.0,0.0
0.18108150001319498,1786138889.0766387,0.005774600023869425,0.003654799977084622,0.005774600023869425,READY,0,waiting for deadman,0.0,0.18108150001319498,31,0.0,0.0,0.0,0.0,0.0,0.0,1.0,0.0,0.0,0.0,0.0,0.0,0.0,1.0,-0.016000000000000007,-0.22496149868535165,0.2802328425555495,-0.1305261922200515,0.0,0.0,0.9914448613738105,-0.016000000000000007,-0.22496149868535165,0.2802328425555495,-0.1305261922200515,0.0,0.0,0.9914448613738105,-0.016000000000000007,-0.22496149868535165,0.2802328425555495,-0.1305261922200515,0.0,0.0,0.9914448613738105,-0.016000000000000007,-0.22496149868535165,0.2802328425555495,-0.1305261922200515,0.0,0.0,0.9914448613738105,-0.016000000000000007,-0.22496149868535165,0.2802328425555495,-0.1305261922200515,0.0,0.0,0.9914448613738105,0.0,-0.5235987755982988,0.7853981633974483,0.0,0.5235987755982988,0.0,0.0,-0.5235987755982988,0.7853981633974483,0.0,0.5235987755982988,0.0,0.0,-0.5235987755982988,0.7853981633974483,0.0,0.5235987755982988,0.0,0.0,0.0,0.0,0.0,0.0,0.0,0.0,0.0,0.0,0.0,0.0,0.0,0.5,0.0,0.0,0.0,False,False,False,False,1,False,,0.0,0,,,,True,True,0.0,0.005774600023869425,True,0.0,0.0,False,False,False,False,False,False,1.0,False,False,False,0.0,0.0,0.0,0.0
0.19032799998933822,1786138889.0858798,0.009246499976143241,0.003649799997219816,0.009246499976143241,READY,0,waiting for deadman,0.0,0.19032799998933822,33,0.0,0.0,0.0,0.0,0.0,0.0,1.0,0.0,0.0,0.0,0.0,0.0,0.0,1.0,-0.016000000000000007,-0.22496149868535165,0.2802328425555495,-0.1305261922200515,0.0,0.0,0.9914448613738105,-0.016000000000000007,-0.22496149868535165,0.2802328425555495,-0.1305261922200515,0.0,0.0,0.9914448613738105,-0.016000000000000007,-0.22496149868535165,0.2802328425555495,-0.1305261922200515,0.0,0.0,0.9914448613738105,-0.016000000000000007,-0.22496149868535165,0.2802328425555495,-0.1305261922200515,0.0,0.0,0.9914448613738105,-0.016000000000000007,-0.22496149868535165,0.2802328425555495,-0.1305261922200515,0.0,0.0,0.9914448613738105,0.0,-0.5235987755982988,0.7853981633974483,0.0,0.5235987755982988,0.0,0.0,-0.5235987755982988,0.7853981633974483,0.0,0.5235987755982988,0.0,0.0,-0.5235987755982988,0.7853981633974483,0.0,0.5235987755982988,0.0,0.0,0.0,0.0,0.0,0.0,0.0,0.0,0.0,0.0,0.0,0.0,0.0,0.5,0.0,0.0,0.0,False,False,False,False,1,False,,0.0,0,,,,True,True,0.0,0.009246499976143241,True,0.0,0.0,False,False,False,False,False,False,1.0,False,False,False,0.0,0.0,0.0,0.0
0.20023660000117868,1786138889.0963202,0.009908600011840463,0.004181399999652058,0.009908600011840463,READY,0,waiting for deadman,0.0,0.20023660000117868,35,0.0,0.0,0.0,0.0,0.0,0.0,1.0,0.0,0.0,0.0,0.0,0.0,0.0,1.0,-0.016000000000000007,-0.22496149868535165,0.2802328425555495,-0.1305261922200515,0.0,0.0,0.9914448613738105,-0.016000000000000007,-0.22496149868535165,0.2802328425555495,-0.1305261922200515,0.0,0.0,0.9914448613738105,-0.016000000000000007,-0.22496149868535165,0.2802328425555495,-0.1305261922200515,0.0,0.0,0.9914448613738105,-0.016000000000000007,-0.22496149868535165,0.2802328425555495,-0.1305261922200515,0.0,0.0,0.9914448613738105,-0.016000000000000007,-0.22496149868535165,0.2802328425555495,-0.1305261922200515,0.0,0.0,0.9914448613738105,0.0,-0.5235987755982988,0.7853981633974483,0.0,0.5235987755982988,0.0,0.0,-0.5235987755982988,0.7853981633974483,0.0,0.5235987755982988,0.0,0.0,-0.5235987755982988,0.7853981633974483,0.0,0.5235987755982988,0.0,0.0,0.0,0.0,0.0,0.0,0.0,0.0,0.0,0.0,0.0,0.0,0.0,0.5,0.0,0.0,0.0,False,False,False,False,1,False,,0.0,0,,,,True,True,0.0,0.009908600011840463,True,0.0,0.0,False,False,False,False,False,False,1.0,False,False,False,0.0,0.0,0.0,0.0
0.2104450999974031,1786138889.1059659,0.010208499996224418,0.0036188000231049955,0.010208499996224418,READY,0,waiting for deadman,0.0,0.2104450999974031,37,0.0,0.0,0.0,0.0,0.0,0.0,1.0,0.0,0.0,0.0,0.0,0.0,0.0,1.0,-0.016000000000000007,-0.22496149868535165,0.2802328425555495,-0.1305261922200515,0.0,0.0,0.9914448613738105,-0.016000000000000007,-0.22496149868535165,0.2802328425555495,-0.1305261922200515,0.0,0.0,0.9914448613738105,-0.016000000000000007,-0.22496149868535165,0.2802328425555495,-0.1305261922200515,0.0,0.0,0.9914448613738105,-0.016000000000000007,-0.22496149868535165,0.2802328425555495,-0.1305261922200515,0.0,0.0,0.9914448613738105,-0.016000000000000007,-0.22496149868535165,0.2802328425555495,-0.1305261922200515,0.0,0.0,0.9914448613738105,0.0,-0.5235987755982988,0.7853981633974483,0.0,0.5235987755982988,0.0,0.0,-0.5235987755982988,0.7853981633974483,0.0,0.5235987755982988,0.0,0.0,-0.5235987755982988,0.7853981633974483,0.0,0.5235987755982988,0.0,0.0,0.0,0.0,0.0,0.0,0.0,0.0,0.0,0.0,0.0,0.0,0.0,0.5,0.0,0.0,0.0,False,False,False,False,1,False,,0.0,0,,,,True,True,0.0,0.010208499996224418,True,0.0,0.0,False,False,False,False,False,False,1.0,False,False,False,0.0,0.0,0.0,0.0
0.2213568999937959,1786138889.1168401,0.010911799996392801,0.003579699987312779,0.010911799996392801,READY,0,waiting for deadman,0.0,0.2213568999937959,39,0.0,0.0,0.0,0.0,0.0,0.0,1.0,0.0,0.0,0.0,0.0,0.0,0.0,1.0,-0.016000000000000007,-0.22496149868535165,0.2802328425555495,-0.1305261922200515,0.0,0.0,0.9914448613738105,-0.016000000000000007,-0.22496149868535165,0.2802328425555495,-0.1305261922200515,0.0,0.0,0.9914448613738105,-0.016000000000000007,-0.22496149868535165,0.2802328425555495,-0.1305261922200515,0.0,0.0,0.9914448613738105,-0.016000000000000007,-0.22496149868535165,0.2802328425555495,-0.1305261922200515,0.0,0.0,0.9914448613738105,-0.016000000000000007,-0.22496149868535165,0.2802328425555495,-0.1305261922200515,0.0,0.0,0.9914448613738105,0.0,-0.5235987755982988,0.7853981633974483,0.0,0.5235987755982988,0.0,0.0,-0.5235987755982988,0.7853981633974483,0.0,0.5235987755982988,0.0,0.0,-0.5235987755982988,0.7853981633974483,0.0,0.5235987755982988,0.0,0.0,0.0,0.0,0.0,0.0,0.0,0.0,0.0,0.0,0.0,0.0,0.0,0.5,0.0,0.0,0.0,False,False,False,False,1,False,,0.0,0,,,,True,True,0.0,0.010911799996392801,True,0.0,0.0,False,False,False,False,False,False,1.0,False,False,False,0.0,0.0,0.0,0.0
0.2315785000024587,1786138889.1272738,0.01022160000866279,0.0037911000254098326,0.01022160000866279,READY,0,waiting for deadman,0.0,0.2315785000024587,41,0.0,0.0,0.0,0.0,0.0,0.0,1.0,0.0,0.0,0.0,0.0,0.0,0.0,1.0,-0.016000000000000007,-0.22496149868535165,0.2802328425555495,-0.1305261922200515,0.0,0.0,0.9914448613738105,-0.016000000000000007,-0.22496149868535165,0.2802328425555495,-0.1305261922200515,0.0,0.0,0.9914448613738105,-0.016000000000000007,-0.22496149868535165,0.2802328425555495,-0.1305261922200515,0.0,0.0,0.9914448613738105,-0.016000000000000007,-0.22496149868535165,0.2802328425555495,-0.1305261922200515,0.0,0.0,0.9914448613738105,-0.016000000000000007,-0.22496149868535165,0.2802328425555495,-0.1305261922200515,0.0,0.0,0.9914448613738105,0.0,-0.5235987755982988,0.7853981633974483,0.0,0.5235987755982988,0.0,0.0,-0.5235987755982988,0.7853981633974483,0.0,0.5235987755982988,0.0,0.0,-0.5235987755982988,0.7853981633974483,0.0,0.5235987755982988,0.0,0.0,0.0,0.0,0.0,0.0,0.0,0.0,0.0,0.0,0.0,0.0,0.0,0.5,0.0,0.0,0.0,False,False,False,False,1,False,,0.0,0,,,,True,True,0.0,0.01022160000866279,True,0.0,0.0,False,False,False,False,False,False,1.0,False,False,False,0.0,0.0,0.0,0.0
0.24052220000123978,1786138889.13675,0.008943699998781085,0.0043212999880779535,0.008943699998781085,READY,0,waiting for deadman,0.0,0.24052220000123978,43,0.0,0.0,0.0,0.0,0.0,0.0,1.0,0.0,0.0,0.0,0.0,0.0,0.0,1.0,-0.016000000000000007,-0.22496149868535165,0.2802328425555495,-0.1305261922200515,0.0,0.0,0.9914448613738105,-0.016000000000000007,-0.22496149868535165,0.2802328425555495,-0.1305261922200515,0.0,0.0,0.9914448613738105,-0.016000000000000007,-0.22496149868535165,0.2802328425555495,-0.1305261922200515,0.0,0.0,0.9914448613738105,-0.016000000000000007,-0.22496149868535165,0.2802328425555495,-0.1305261922200515,0.0,0.0,0.9914448613738105,-0.016000000000000007,-0.22496149868535165,0.2802328425555495,-0.1305261922200515,0.0,0.0,0.9914448613738105,0.0,-0.5235987755982988,0.7853981633974483,0.0,0.5235987755982988,0.0,0.0,-0.5235987755982988,0.7853981633974483,0.0,0.5235987755982988,0.0,0.0,-0.5235987755982988,0.7853981633974483,0.0,0.5235987755982988,0.0,0.0,0.0,0.0,0.0,0.0,0.0,0.0,0.0,0.0,0.0,0.0,0.0,0.5,0.0,0.0,0.0,False,False,False,False,1,False,,0.0,0,,,,True,True,0.0,0.008943699998781085,True,0.0,0.0,False,False,False,False,False,False,1.0,False,False,False,0.0,0.0,0.0,0.0
0.25048089998711276,1786138889.146921,0.009958699985872954,0.004534999985480681,0.009958699985872954,READY,0,waiting for deadman,0.0,0.25048089998711276,45,0.0,0.0,0.0,0.0,0.0,0.0,1.0,0.0,0.0,0.0,0.0,0.0,0.0,1.0,-0.016000000000000007,-0.22496149868535165,0.2802328425555495,-0.1305261922200515,0.0,0.0,0.9914448613738105,-0.016000000000000007,-0.22496149868535165,0.2802328425555495,-0.1305261922200515,0.0,0.0,0.9914448613738105,-0.016000000000000007,-0.22496149868535165,0.2802328425555495,-0.1305261922200515,0.0,0.0,0.9914448613738105,-0.016000000000000007,-0.22496149868535165,0.2802328425555495,-0.1305261922200515,0.0,0.0,0.9914448613738105,-0.016000000000000007,-0.22496149868535165,0.2802328425555495,-0.1305261922200515,0.0,0.0,0.9914448613738105,0.0,-0.5235987755982988,0.7853981633974483,0.0,0.5235987755982988,0.0,0.0,-0.5235987755982988,0.7853981633974483,0.0,0.5235987755982988,0.0,0.0,-0.5235987755982988,0.7853981633974483,0.0,0.5235987755982988,0.0,0.0,0.0,0.0,0.0,0.0,0.0,0.0,0.0,0.0,0.0,0.0,0.0,0.5,0.0,0.0,0.0,False,False,False,False,1,False,,0.0,0,,,,True,True,0.0,0.009958699985872982,True,0.0,0.0,False,False,False,False,False,False,1.0,False,False,False,0.0,0.0,0.0,0.0
0.2604898000059873,1786138889.1559849,0.010008900018874556,0.003584299993235618,0.010008900018874556,READY,0,waiting for deadman,0.0,0.2604898000059873,47,0.0,0.0,0.0,0.0,0.0,0.0,1.0,0.0,0.0,0.0,0.0,0.0,0.0,1.0,-0.016000000000000007,-0.22496149868535165,0.2802328425555495,-0.1305261922200515,0.0,0.0,0.9914448613738105,-0.016000000000000007,-0.22496149868535165,0.2802328425555495,-0.1305261922200515,0.0,0.0,0.9914448613738105,-0.016000000000000007,-0.22496149868535165,0.2802328425555495,-0.1305261922200515,0.0,0.0,0.9914448613738105,-0.016000000000000007,-0.22496149868535165,0.2802328425555495,-0.1305261922200515,0.0,0.0,0.9914448613738105,-0.016000000000000007,-0.22496149868535165,0.2802328425555495,-0.1305261922200515,0.0,0.0,0.9914448613738105,0.0,-0.5235987755982988,0.7853981633974483,0.0,0.5235987755982988,0.0,0.0,-0.5235987755982988,0.7853981633974483,0.0,0.5235987755982988,0.0,0.0,-0.5235987755982988,0.7853981633974483,0.0,0.5235987755982988,0.0,0.0,0.0,0.0,0.0,0.0,0.0,0.0,0.0,0.0,0.0,0.0,0.0,0.5,0.0,0.0,0.0,False,False,False,False,1,False,,0.0,0,,,,True,True,0.0,0.010008900018874556,True,0.0,0.0,False,False,False,False,False,False,1.0,False,False,False,0.0,0.0,0.0,0.0
0.2704987999965195,1786138889.167835,0.010008999990532175,0.005415099993115291,0.010008999990532175,READY,0,waiting for deadman,0.0,0.2704987999965195,49,0.0,0.0,0.0,0.0,0.0,0.0,1.0,0.0,0.0,0.0,0.0,0.0,0.0,1.0,-0.016000000000000007,-0.22496149868535165,0.2802328425555495,-0.1305261922200515,0.0,0.0,0.9914448613738105,-0.016000000000000007,-0.22496149868535165,0.2802328425555495,-0.1305261922200515,0.0,0.0,0.9914448613738105,-0.016000000000000007,-0.22496149868535165,0.2802328425555495,-0.1305261922200515,0.0,0.0,0.9914448613738105,-0.016000000000000007,-0.22496149868535165,0.2802328425555495,-0.1305261922200515,0.0,0.0,0.9914448613738105,-0.016000000000000007,-0.22496149868535165,0.2802328425555495,-0.1305261922200515,0.0,0.0,0.9914448613738105,0.0,-0.5235987755982988,0.7853981633974483,0.0,0.5235987755982988,0.0,0.0,-0.5235987755982988,0.7853981633974483,0.0,0.5235987755982988,0.0,0.0,-0.5235987755982988,0.7853981633974483,0.0,0.5235987755982988,0.0,0.0,0.0,0.0,0.0,0.0,0.0,0.0,0.0,0.0,0.0,0.0,0.0,0.5,0.0,0.0,0.0,False,False,False,False,1,False,,0.0,0,,,,True,True,0.0,0.010008999990532175,True,0.0,0.0,False,False,False,False,False,False,1.0,False,False,False,0.0,0.0,0.0,0.0
0.2803615000081007,1786138889.1759121,0.009862700011581182,0.003640699986135587,0.009862700011581182,READY,0,waiting for deadman,0.0,0.2803615000081007,51,0.0,0.0,0.0,0.0,0.0,0.0,1.0,0.0,0.0,0.0,0.0,0.0,0.0,1.0,-0.016000000000000007,-0.22496149868535165,0.2802328425555495,-0.1305261922200515,0.0,0.0,0.9914448613738105,-0.016000000000000007,-0.22496149868535165,0.2802328425555495,-0.1305261922200515,0.0,0.0,0.9914448613738105,-0.016000000000000007,-0.22496149868535165,0.2802328425555495,-0.1305261922200515,0.0,0.0,0.9914448613738105,-0.016000000000000007,-0.22496149868535165,0.2802328425555495,-0.1305261922200515,0.0,0.0,0.9914448613738105,-0.016000000000000007,-0.22496149868535165,0.2802328425555495,-0.1305261922200515,0.0,0.0,0.9914448613738105,0.0,-0.5235987755982988,0.7853981633974483,0.0,0.5235987755982988,0.0,0.0,-0.5235987755982988,0.7853981633974483,0.0,0.5235987755982988,0.0,0.0,-0.5235987755982988,0.7853981633974483,0.0,0.5235987755982988,0.0,0.0,0.0,0.0,0.0,0.0,0.0,0.0,0.0,0.0,0.0,0.0,0.0,0.5,0.0,0.0,0.0,False,False,False,False,1,False,,0.0,0,,,,True,True,0.0,0.009862700011581182,True,0.0,0.0,False,False,False,False,False,False,1.0,False,False,False,0.0,0.0,0.0,0.0
0.29108849999431896,1786138889.186427,0.010726999986218289,0.0034343999868724495,0.010726999986218289,READY,0,waiting for deadman,0.0,0.29108849999431896,53,0.0,0.0,0.0,0.0,0.0,0.0,1.0,0.0,0.0,0.0,0.0,0.0,0.0,1.0,-0.016000000000000007,-0.22496149868535165,0.2802328425555495,-0.1305261922200515,0.0,0.0,0.9914448613738105,-0.016000000000000007,-0.22496149868535165,0.2802328425555495,-0.1305261922200515,0.0,0.0,0.9914448613738105,-0.016000000000000007,-0.22496149868535165,0.2802328425555495,-0.1305261922200515,0.0,0.0,0.9914448613738105,-0.016000000000000007,-0.22496149868535165,0.2802328425555495,-0.1305261922200515,0.0,0.0,0.9914448613738105,-0.016000000000000007,-0.22496149868535165,0.2802328425555495,-0.1305261922200515,0.0,0.0,0.9914448613738105,0.0,-0.5235987755982988,0.7853981633974483,0.0,0.5235987755982988,0.0,0.0,-0.5235987755982988,0.7853981633974483,0.0,0.5235987755982988,0.0,0.0,-0.5235987755982988,0.7853981633974483,0.0,0.5235987755982988,0.0,0.0,0.0,0.0,0.0,0.0,0.0,0.0,0.0,0.0,0.0,0.0,0.0,0.5,0.0,0.0,0.0,False,False,False,False,1,False,,0.0,0,,,,True,True,0.0,0.010726999986218289,True,0.0,0.0,False,False,False,False,False,False,1.0,False,False,False,0.0,0.0,0.0,0.0
0.3004666000121031,1786138889.196487,0.009378100017784163,0.0041182999848388135,0.009378100017784163,READY,0,waiting for deadman,0.0,0.3004666000121031,55,0.0,0.0,0.0,0.0,0.0,0.0,1.0,0.0,0.0,0.0,0.0,0.0,0.0,1.0,-0.016000000000000007,-0.22496149868535165,0.2802328425555495,-0.1305261922200515,0.0,0.0,0.9914448613738105,-0.016000000000000007,-0.22496149868535165,0.2802328425555495,-0.1305261922200515,0.0,0.0,0.9914448613738105,-0.016000000000000007,-0.22496149868535165,0.2802328425555495,-0.1305261922200515,0.0,0.0,0.9914448613738105,-0.016000000000000007,-0.22496149868535165,0.2802328425555495,-0.1305261922200515,0.0,0.0,0.9914448613738105,-0.016000000000000007,-0.22496149868535165,0.2802328425555495,-0.1305261922200515,0.0,0.0,0.9914448613738105,0.0,-0.5235987755982988,0.7853981633974483,0.0,0.5235987755982988,0.0,0.0,-0.5235987755982988,0.7853981633974483,0.0,0.5235987755982988,0.0,0.0,-0.5235987755982988,0.7853981633974483,0.0,0.5235987755982988,0.0,0.0,0.0,0.0,0.0,0.0,0.0,0.0,0.0,0.0,0.0,0.0,0.0,0.5,0.0,0.0,0.0,False,False,False,False,1,False,,0.0,0,,,,True,True,0.0,0.009378100017784163,True,0.0,0.0,False,False,False,False,False,False,1.0,False,False,False,0.0,0.0,0.0,0.0
0.31053219999705817,1786138889.2059302,0.010065599984955043,0.003495600016321987,0.010065599984955043,READY,0,waiting for deadman,0.0,0.31053219999705817,57,0.0,0.0,0.0,0.0,0.0,0.0,1.0,0.0,0.0,0.0,0.0,0.0,0.0,1.0,-0.016000000000000007,-0.22496149868535165,0.2802328425555495,-0.1305261922200515,0.0,0.0,0.9914448613738105,-0.016000000000000007,-0.22496149868535165,0.2802328425555495,-0.1305261922200515,0.0,0.0,0.9914448613738105,-0.016000000000000007,-0.22496149868535165,0.2802328425555495,-0.1305261922200515,0.0,0.0,0.9914448613738105,-0.016000000000000007,-0.22496149868535165,0.2802328425555495,-0.1305261922200515,0.0,0.0,0.9914448613738105,-0.016000000000000007,-0.22496149868535165,0.2802328425555495,-0.1305261922200515,0.0,0.0,0.9914448613738105,0.0,-0.5235987755982988,0.7853981633974483,0.0,0.5235987755982988,0.0,0.0,-0.5235987755982988,0.7853981633974483,0.0,0.5235987755982988,0.0,0.0,-0.5235987755982988,0.7853981633974483,0.0,0.5235987755982988,0.0,0.0,0.0,0.0,0.0,0.0,0.0,0.0,0.0,0.0,0.0,0.0,0.0,0.5,0.0,0.0,0.0,False,False,False,False,1,False,,0.0,0,,,,True,True,0.0,0.010065599984955043,True,0.0,0.0,False,False,False,False,False,False,1.0,False,False,False,0.0,0.0,0.0,0.0
0.32043509999459985,1786138889.2165766,0.009902899997541681,0.004239000001689419,0.009902899997541681,READY,0,waiting for deadman,0.0,0.32043509999459985,59,0.0,0.0,0.0,0.0,0.0,0.0,1.0,0.0,0.0,0.0,0.0,0.0,0.0,1.0,-0.016000000000000007,-0.22496149868535165,0.2802328425555495,-0.1305261922200515,0.0,0.0,0.9914448613738105,-0.016000000000000007,-0.22496149868535165,0.2802328425555495,-0.1305261922200515,0.0,0.0,0.9914448613738105,-0.016000000000000007,-0.22496149868535165,0.2802328425555495,-0.1305261922200515,0.0,0.0,0.9914448613738105,-0.016000000000000007,-0.22496149868535165,0.2802328425555495,-0.1305261922200515,0.0,0.0,0.9914448613738105,-0.016000000000000007,-0.22496149868535165,0.2802328425555495,-0.1305261922200515,0.0,0.0,0.9914448613738105,0.0,-0.5235987755982988,0.7853981633974483,0.0,0.5235987755982988,0.0,0.0,-0.5235987755982988,0.7853981633974483,0.0,0.5235987755982988,0.0,0.0,-0.5235987755982988,0.7853981633974483,0.0,0.5235987755982988,0.0,0.0,0.0,0.0,0.0,0.0,0.0,0.0,0.0,0.0,0.0,0.0,0.0,0.5,0.0,0.0,0.0,False,False,False,False,1,False,,0.0,0,,,,True,True,0.0,0.009902899997541681,True,0.0,0.0,False,False,False,False,False,False,1.0,False,False,False,0.0,0.0,0.0,0.0
0.33071770000208545,1786138889.2262363,0.010282600007485598,0.0036159000010229647,0.010282600007485598,READY,0,waiting for deadman,0.0,0.33071770000208545,61,0.0,0.0,0.0,0.0,0.0,0.0,1.0,0.0,0.0,0.0,0.0,0.0,0.0,1.0,-0.016000000000000007,-0.22496149868535165,0.2802328425555495,-0.1305261922200515,0.0,0.0,0.9914448613738105,-0.016000000000000007,-0.22496149868535165,0.2802328425555495,-0.1305261922200515,0.0,0.0,0.9914448613738105,-0.016000000000000007,-0.22496149868535165,0.2802328425555495,-0.1305261922200515,0.0,0.0,0.9914448613738105,-0.016000000000000007,-0.22496149868535165,0.2802328425555495,-0.1305261922200515,0.0,0.0,0.9914448613738105,-0.016000000000000007,-0.22496149868535165,0.2802328425555495,-0.1305261922200515,0.0,0.0,0.9914448613738105,0.0,-0.5235987755982988,0.7853981633974483,0.0,0.5235987755982988,0.0,0.0,-0.5235987755982988,0.7853981633974483,0.0,0.5235987755982988,0.0,0.0,-0.5235987755982988,0.7853981633974483,0.0,0.5235987755982988,0.0,0.0,0.0,0.0,0.0,0.0,0.0,0.0,0.0,0.0,0.0,0.0,0.0,0.5,0.0,0.0,0.0,False,False,False,False,1,False,,0.0,0,,,,True,True,0.0,0.010282600007485598,True,0.0,0.0,False,False,False,False,False,False,1.0,False,False,False,0.0,0.0,0.0,0.0
0.34083699998848516,1786138889.2362275,0.01011929998639971,0.0034866000059992075,0.01011929998639971,READY,0,waiting for deadman,0.0,0.34083699998848516,63,0.0,0.0,0.0,0.0,0.0,0.0,1.0,0.0,0.0,0.0,0.0,0.0,0.0,1.0,-0.016000000000000007,-0.22496149868535165,0.2802328425555495,-0.1305261922200515,0.0,0.0,0.9914448613738105,-0.016000000000000007,-0.22496149868535165,0.2802328425555495,-0.1305261922200515,0.0,0.0,0.9914448613738105,-0.016000000000000007,-0.22496149868535165,0.2802328425555495,-0.1305261922200515,0.0,0.0,0.9914448613738105,-0.016000000000000007,-0.22496149868535165,0.2802328425555495,-0.1305261922200515,0.0,0.0,0.9914448613738105,-0.016000000000000007,-0.22496149868535165,0.2802328425555495,-0.1305261922200515,0.0,0.0,0.9914448613738105,0.0,-0.5235987755982988,0.7853981633974483,0.0,0.5235987755982988,0.0,0.0,-0.5235987755982988,0.7853981633974483,0.0,0.5235987755982988,0.0,0.0,-0.5235987755982988,0.7853981633974483,0.0,0.5235987755982988,0.0,0.0,0.0,0.0,0.0,0.0,0.0,0.0,0.0,0.0,0.0,0.0,0.0,0.5,0.0,0.0,0.0,False,False,False,False,1,False,,0.0,0,,,,True,True,0.0,0.01011929998639971,True,0.0,0.0,False,False,False,False,False,False,1.0,False,False,False,0.0,0.0,0.0,0.0
0.35047850000376257,1786138889.2465796,0.009641500015277416,0.004199799994239584,0.009641500015277416,READY,0,waiting for deadman,0.0,0.35047850000376257,65,0.0,0.0,0.0,0.0,0.0,0.0,1.0,0.0,0.0,0.0,0.0,0.0,0.0,1.0,-0.016000000000000007,-0.22496149868535165,0.2802328425555495,-0.1305261922200515,0.0,0.0,0.9914448613738105,-0.016000000000000007,-0.22496149868535165,0.2802328425555495,-0.1305261922200515,0.0,0.0,0.9914448613738105,-0.016000000000000007,-0.22496149868535165,0.2802328425555495,-0.1305261922200515,0.0,0.0,0.9914448613738105,-0.016000000000000007,-0.22496149868535165,0.2802328425555495,-0.1305261922200515,0.0,0.0,0.9914448613738105,-0.016000000000000007,-0.22496149868535165,0.2802328425555495,-0.1305261922200515,0.0,0.0,0.9914448613738105,0.0,-0.5235987755982988,0.7853981633974483,0.0,0.5235987755982988,0.0,0.0,-0.5235987755982988,0.7853981633974483,0.0,0.5235987755982988,0.0,0.0,-0.5235987755982988,0.7853981633974483,0.0,0.5235987755982988,0.0,0.0,0.0,0.0,0.0,0.0,0.0,0.0,0.0,0.0,0.0,0.0,0.0,0.5,0.0,0.0,0.0,False,False,False,False,1,False,,0.0,0,,,,True,True,0.0,0.009641500015277416,True,0.0,0.0,False,False,False,False,False,False,1.0,False,False,False,0.0,0.0,0.0,0.0
0.3605069999972582,1786138889.2550843,0.010028499993495643,0.002672599977813661,0.010028499993495643,READY,0,waiting for deadman,0.0,0.3605069999972582,67,0.0,0.0,0.0,0.0,0.0,0.0,1.0,0.0,0.0,0.0,0.0,0.0,0.0,1.0,-0.016000000000000007,-0.22496149868535165,0.2802328425555495,-0.1305261922200515,0.0,0.0,0.9914448613738105,-0.016000000000000007,-0.22496149868535165,0.2802328425555495,-0.1305261922200515,0.0,0.0,0.9914448613738105,-0.016000000000000007,-0.22496149868535165,0.2802328425555495,-0.1305261922200515,0.0,0.0,0.9914448613738105,-0.016000000000000007,-0.22496149868535165,0.2802328425555495,-0.1305261922200515,0.0,0.0,0.9914448613738105,-0.016000000000000007,-0.22496149868535165,0.2802328425555495,-0.1305261922200515,0.0,0.0,0.9914448613738105,0.0,-0.5235987755982988,0.7853981633974483,0.0,0.5235987755982988,0.0,0.0,-0.5235987755982988,0.7853981633974483,0.0,0.5235987755982988,0.0,0.0,-0.5235987755982988,0.7853981633974483,0.0,0.5235987755982988,0.0,0.0,0.0,0.0,0.0,0.0,0.0,0.0,0.0,0.0,0.0,0.0,0.0,0.5,0.0,0.0,0.0,False,False,False,False,1,False,,0.0,0,,,,True,True,0.0,0.010028499993495643,True,0.0,0.0,False,False,False,False,False,False,1.0,False,False,False,0.0,0.0,0.0,0.0
0.37053589999379966,1786138889.2664406,0.01002889999654144,0.003998100000899285,0.01002889999654144,READY,0,waiting for deadman,0.0,0.37053589999379966,69,0.0,0.0,0.0,0.0,0.0,0.0,1.0,0.0,0.0,0.0,0.0,0.0,0.0,1.0,-0.016000000000000007,-0.22496149868535165,0.2802328425555495,-0.1305261922200515,0.0,0.0,0.9914448613738105,-0.016000000000000007,-0.22496149868535165,0.2802328425555495,-0.1305261922200515,0.0,0.0,0.9914448613738105,-0.016000000000000007,-0.22496149868535165,0.2802328425555495,-0.1305261922200515,0.0,0.0,0.9914448613738105,-0.016000000000000007,-0.22496149868535165,0.2802328425555495,-0.1305261922200515,0.0,0.0,0.9914448613738105,-0.016000000000000007,-0.22496149868535165,0.2802328425555495,-0.1305261922200515,0.0,0.0,0.9914448613738105,0.0,-0.5235987755982988,0.7853981633974483,0.0,0.5235987755982988,0.0,0.0,-0.5235987755982988,0.7853981633974483,0.0,0.5235987755982988,0.0,0.0,-0.5235987755982988,0.7853981633974483,0.0,0.5235987755982988,0.0,0.0,0.0,0.0,0.0,0.0,0.0,0.0,0.0,0.0,0.0,0.0,0.0,0.5,0.0,0.0,0.0,False,False,False,False,1,False,,0.0,0,,,,True,True,0.0,0.01002889999654144,True,0.0,0.0,False,False,False,False,False,False,1.0,False,False,False,0.0,0.0,0.0,0.0
0.3800539000000097,1786138889.274838,0.009518000006210059,0.0028748000040650368,0.009518000006210059,READY,0,waiting for deadman,0.0,0.3800539000000097,71,0.0,0.0,0.0,0.0,0.0,0.0,1.0,0.0,0.0,0.0,0.0,0.0,0.0,1.0,-0.016000000000000007,-0.22496149868535165,0.2802328425555495,-0.1305261922200515,0.0,0.0,0.9914448613738105,-0.016000000000000007,-0.22496149868535165,0.2802328425555495,-0.1305261922200515,0.0,0.0,0.9914448613738105,-0.016000000000000007,-0.22496149868535165,0.2802328425555495,-0.1305261922200515,0.0,0.0,0.9914448613738105,-0.016000000000000007,-0.22496149868535165,0.2802328425555495,-0.1305261922200515,0.0,0.0,0.9914448613738105,-0.016000000000000007,-0.22496149868535165,0.2802328425555495,-0.1305261922200515,0.0,0.0,0.9914448613738105,0.0,-0.5235987755982988,0.7853981633974483,0.0,0.5235987755982988,0.0,0.0,-0.5235987755982988,0.7853981633974483,0.0,0.5235987755982988,0.0,0.0,-0.5235987755982988,0.7853981633974483,0.0,0.5235987755982988,0.0,0.0,0.0,0.0,0.0,0.0,0.0,0.0,0.0,0.0,0.0,0.0,0.0,0.5,0.0,0.0,0.0,False,False,False,False,1,False,,0.0,0,,,,True,True,0.0,0.009518000006210059,True,0.0,0.0,False,False,False,False,False,False,1.0,False,False,False,0.0,0.0,0.0,0.0
0.39043859999913166,1786138889.285845,0.010384699999121949,0.003487499983748421,0.010384699999121949,READY,0,waiting for deadman,0.0,0.39043859999913166,73,0.0,0.0,0.0,0.0,0.0,0.0,1.0,0.0,0.0,0.0,0.0,0.0,0.0,1.0,-0.016000000000000007,-0.22496149868535165,0.2802328425555495,-0.1305261922200515,0.0,0.0,0.9914448613738105,-0.016000000000000007,-0.22496149868535165,0.2802328425555495,-0.1305261922200515,0.0,0.0,0.9914448613738105,-0.016000000000000007,-0.22496149868535165,0.2802328425555495,-0.1305261922200515,0.0,0.0,0.9914448613738105,-0.016000000000000007,-0.22496149868535165,0.2802328425555495,-0.1305261922200515,0.0,0.0,0.9914448613738105,-0.016000000000000007,-0.22496149868535165,0.2802328425555495,-0.1305261922200515,0.0,0.0,0.9914448613738105,0.0,-0.5235987755982988,0.7853981633974483,0.0,0.5235987755982988,0.0,0.0,-0.5235987755982988,0.7853981633974483,0.0,0.5235987755982988,0.0,0.0,-0.5235987755982988,0.7853981633974483,0.0,0.5235987755982988,0.0,0.0,0.0,0.0,0.0,0.0,0.0,0.0,0.0,0.0,0.0,0.0,0.0,0.5,0.0,0.0,0.0,False,False,False,False,1,False,,0.0,0,,,,True,True,0.0,0.010384699999121949,True,0.0,0.0,False,False,False,False,False,False,1.0,False,False,False,0.0,0.0,0.0,0.0
0.4004504000109844,1786138889.2967145,0.010011800011852756,0.004353499971330166,0.010011800011852756,READY,0,waiting for deadman,0.0,0.4004504000109844,75,0.0,0.0,0.0,0.0,0.0,0.0,1.0,0.0,0.0,0.0,0.0,0.0,0.0,1.0,-0.016000000000000007,-0.22496149868535165,0.2802328425555495,-0.1305261922200515,0.0,0.0,0.9914448613738105,-0.016000000000000007,-0.22496149868535165,0.2802328425555495,-0.1305261922200515,0.0,0.0,0.9914448613738105,-0.016000000000000007,-0.22496149868535165,0.2802328425555495,-0.1305261922200515,0.0,0.0,0.9914448613738105,-0.016000000000000007,-0.22496149868535165,0.2802328425555495,-0.1305261922200515,0.0,0.0,0.9914448613738105,-0.016000000000000007,-0.22496149868535165,0.2802328425555495,-0.1305261922200515,0.0,0.0,0.9914448613738105,0.0,-0.5235987755982988,0.7853981633974483,0.0,0.5235987755982988,0.0,0.0,-0.5235987755982988,0.7853981633974483,0.0,0.5235987755982988,0.0,0.0,-0.5235987755982988,0.7853981633974483,0.0,0.5235987755982988,0.0,0.0,0.0,0.0,0.0,0.0,0.0,0.0,0.0,0.0,0.0,0.0,0.0,0.5,0.0,0.0,0.0,False,False,False,False,1,False,,0.0,0,,,,True,True,0.0,0.010011800011852756,True,0.0,0.0,False,False,False,False,False,False,1.0,False,False,False,0.0,0.0,0.0,0.0
0.4104567000100613,1786138889.305603,0.010006299999076873,0.003243499988457188,0.010006299999076873,READY,0,waiting for deadman,0.0,0.4104567000100613,77,0.0,0.0,0.0,0.0,0.0,0.0,1.0,0.0,0.0,0.0,0.0,0.0,0.0,1.0,-0.016000000000000007,-0.22496149868535165,0.2802328425555495,-0.1305261922200515,0.0,0.0,0.9914448613738105,-0.016000000000000007,-0.22496149868535165,0.2802328425555495,-0.1305261922200515,0.0,0.0,0.9914448613738105,-0.016000000000000007,-0.22496149868535165,0.2802328425555495,-0.1305261922200515,0.0,0.0,0.9914448613738105,-0.016000000000000007,-0.22496149868535165,0.2802328425555495,-0.1305261922200515,0.0,0.0,0.9914448613738105,-0.016000000000000007,-0.22496149868535165,0.2802328425555495,-0.1305261922200515,0.0,0.0,0.9914448613738105,0.0,-0.5235987755982988,0.7853981633974483,0.0,0.5235987755982988,0.0,0.0,-0.5235987755982988,0.7853981633974483,0.0,0.5235987755982988,0.0,0.0,-0.5235987755982988,0.7853981633974483,0.0,0.5235987755982988,0.0,0.0,0.0,0.0,0.0,0.0,0.0,0.0,0.0,0.0,0.0,0.0,0.0,0.5,0.0,0.0,0.0,False,False,False,False,1,False,,0.0,0,,,,True,True,0.0,0.010006299999076873,True,0.0,0.0,False,False,False,False,False,False,1.0,False,False,False,0.0,0.0,0.0,0.0
0.420613899994012,1786138889.316137,0.010157199983950704,0.0036202000046614558,0.010157199983950704,READY,0,waiting for deadman,0.0,0.420613899994012,79,0.0,0.0,0.0,0.0,0.0,0.0,1.0,0.0,0.0,0.0,0.0,0.0,0.0,1.0,-0.016000000000000007,-0.22496149868535165,0.2802328425555495,-0.1305261922200515,0.0,0.0,0.9914448613738105,-0.016000000000000007,-0.22496149868535165,0.2802328425555495,-0.1305261922200515,0.0,0.0,0.9914448613738105,-0.016000000000000007,-0.22496149868535165,0.2802328425555495,-0.1305261922200515,0.0,0.0,0.9914448613738105,-0.016000000000000007,-0.22496149868535165,0.2802328425555495,-0.1305261922200515,0.0,0.0,0.9914448613738105,-0.016000000000000007,-0.22496149868535165,0.2802328425555495,-0.1305261922200515,0.0,0.0,0.9914448613738105,0.0,-0.5235987755982988,0.7853981633974483,0.0,0.5235987755982988,0.0,0.0,-0.5235987755982988,0.7853981633974483,0.0,0.5235987755982988,0.0,0.0,-0.5235987755982988,0.7853981633974483,0.0,0.5235987755982988,0.0,0.0,0.0,0.0,0.0,0.0,0.0,0.0,0.0,0.0,0.0,0.0,0.0,0.5,0.0,0.0,0.0,False,False,False,False,1,False,,0.0,0,,,,True,True,0.0,0.010157199983950704,True,0.0,0.0,False,False,False,False,False,False,1.0,False,False,False,0.0,0.0,0.0,0.0
0.43060360001220743,1786138889.3260736,0.009989700018195435,0.003562700003385544,0.009989700018195435,READY,0,waiting for deadman,0.0,0.43060360001220743,81,0.0,0.0,0.0,0.0,0.0,0.0,1.0,0.0,0.0,0.0,0.0,0.0,0.0,1.0,-0.016000000000000007,-0.22496149868535165,0.2802328425555495,-0.1305261922200515,0.0,0.0,0.9914448613738105,-0.016000000000000007,-0.22496149868535165,0.2802328425555495,-0.1305261922200515,0.0,0.0,0.9914448613738105,-0.016000000000000007,-0.22496149868535165,0.2802328425555495,-0.1305261922200515,0.0,0.0,0.9914448613738105,-0.016000000000000007,-0.22496149868535165,0.2802328425555495,-0.1305261922200515,0.0,0.0,0.9914448613738105,-0.016000000000000007,-0.22496149868535165,0.2802328425555495,-0.1305261922200515,0.0,0.0,0.9914448613738105,0.0,-0.5235987755982988,0.7853981633974483,0.0,0.5235987755982988,0.0,0.0,-0.5235987755982988,0.7853981633974483,0.0,0.5235987755982988,0.0,0.0,-0.5235987755982988,0.7853981633974483,0.0,0.5235987755982988,0.0,0.0,0.0,0.0,0.0,0.0,0.0,0.0,0.0,0.0,0.0,0.0,0.0,0.5,0.0,0.0,0.0,False,False,False,False,1,False,,0.0,0,,,,True,True,0.0,0.009989700018195435,True,0.0,0.0,False,False,False,False,False,False,1.0,False,False,False,0.0,0.0,0.0,0.0
0.4405246000020523,1786138889.3364584,0.009920999989844859,0.004023299989057705,0.009920999989844859,READY,0,waiting for deadman,0.0,0.4405246000020523,83,0.0,0.0,0.0,0.0,0.0,0.0,1.0,0.0,0.0,0.0,0.0,0.0,0.0,1.0,-0.016000000000000007,-0.22496149868535165,0.2802328425555495,-0.1305261922200515,0.0,0.0,0.9914448613738105,-0.016000000000000007,-0.22496149868535165,0.2802328425555495,-0.1305261922200515,0.0,0.0,0.9914448613738105,-0.016000000000000007,-0.22496149868535165,0.2802328425555495,-0.1305261922200515,0.0,0.0,0.9914448613738105,-0.016000000000000007,-0.22496149868535165,0.2802328425555495,-0.1305261922200515,0.0,0.0,0.9914448613738105,-0.016000000000000007,-0.22496149868535165,0.2802328425555495,-0.1305261922200515,0.0,0.0,0.9914448613738105,0.0,-0.5235987755982988,0.7853981633974483,0.0,0.5235987755982988,0.0,0.0,-0.5235987755982988,0.7853981633974483,0.0,0.5235987755982988,0.0,0.0,-0.5235987755982988,0.7853981633974483,0.0,0.5235987755982988,0.0,0.0,0.0,0.0,0.0,0.0,0.0,0.0,0.0,0.0,0.0,0.0,0.0,0.5,0.0,0.0,0.0,False,False,False,False,1,False,,0.0,0,,,,True,True,0.0,0.009920999989844859,True,0.0,0.0,False,False,False,False,False,False,1.0,False,False,False,0.0,0.0,0.0,0.0
0.45002859998897093,1786138889.3457618,0.009503999986918643,0.003828299988526851,0.009503999986918643,READY,0,waiting for deadman,0.0,0.45002859998897093,85,0.0,0.0,0.0,0.0,0.0,0.0,1.0,0.0,0.0,0.0,0.0,0.0,0.0,1.0,-0.016000000000000007,-0.22496149868535165,0.2802328425555495,-0.1305261922200515,0.0,0.0,0.9914448613738105,-0.016000000000000007,-0.22496149868535165,0.2802328425555495,-0.1305261922200515,0.0,0.0,0.9914448613738105,-0.016000000000000007,-0.22496149868535165,0.2802328425555495,-0.1305261922200515,0.0,0.0,0.9914448613738105,-0.016000000000000007,-0.22496149868535165,0.2802328425555495,-0.1305261922200515,0.0,0.0,0.9914448613738105,-0.016000000000000007,-0.22496149868535165,0.2802328425555495,-0.1305261922200515,0.0,0.0,0.9914448613738105,0.0,-0.5235987755982988,0.7853981633974483,0.0,0.5235987755982988,0.0,0.0,-0.5235987755982988,0.7853981633974483,0.0,0.5235987755982988,0.0,0.0,-0.5235987755982988,0.7853981633974483,0.0,0.5235987755982988,0.0,0.0,0.0,0.0,0.0,0.0,0.0,0.0,0.0,0.0,0.0,0.0,0.0,0.5,0.0,0.0,0.0,False,False,False,False,1,False,,0.0,0,,,,True,True,0.0,0.009503999986918643,True,0.0,0.0,False,False,False,False,False,False,1.0,False,False,False,0.0,0.0,0.0,0.0
0.4600457000120767,1786138889.3554387,0.01001710002310574,0.003491499985102564,0.01001710002310574,READY,0,waiting for deadman,0.0,0.4600457000120767,87,0.0,0.0,0.0,0.0,0.0,0.0,1.0,0.0,0.0,0.0,0.0,0.0,0.0,1.0,-0.016000000000000007,-0.22496149868535165,0.2802328425555495,-0.1305261922200515,0.0,0.0,0.9914448613738105,-0.016000000000000007,-0.22496149868535165,0.2802328425555495,-0.1305261922200515,0.0,0.0,0.9914448613738105,-0.016000000000000007,-0.22496149868535165,0.2802328425555495,-0.1305261922200515,0.0,0.0,0.9914448613738105,-0.016000000000000007,-0.22496149868535165,0.2802328425555495,-0.1305261922200515,0.0,0.0,0.9914448613738105,-0.016000000000000007,-0.22496149868535165,0.2802328425555495,-0.1305261922200515,0.0,0.0,0.9914448613738105,0.0,-0.5235987755982988,0.7853981633974483,0.0,0.5235987755982988,0.0,0.0,-0.5235987755982988,0.7853981633974483,0.0,0.5235987755982988,0.0,0.0,-0.5235987755982988,0.7853981633974483,0.0,0.5235987755982988,0.0,0.0,0.0,0.0,0.0,0.0,0.0,0.0,0.0,0.0,0.0,0.0,0.0,0.5,0.0,0.0,0.0,False,False,False,False,1,False,,0.0,0,,,,True,True,0.0,0.01001710002310574,True,0.0,0.0,False,False,False,False,False,False,1.0,False,False,False,0.0,0.0,0.0,0.0
0.4700832999875527,1786138889.3662436,0.010037599975476041,0.004251800011843443,0.010037599975476041,READY,0,waiting for deadman,0.0,0.4700832999875527,89,0.0,0.0,0.0,0.0,0.0,0.0,1.0,0.0,0.0,0.0,0.0,0.0,0.0,1.0,-0.016000000000000007,-0.22496149868535165,0.2802328425555495,-0.1305261922200515,0.0,0.0,0.9914448613738105,-0.016000000000000007,-0.22496149868535165,0.2802328425555495,-0.1305261922200515,0.0,0.0,0.9914448613738105,-0.016000000000000007,-0.22496149868535165,0.2802328425555495,-0.1305261922200515,0.0,0.0,0.9914448613738105,-0.016000000000000007,-0.22496149868535165,0.2802328425555495,-0.1305261922200515,0.0,0.0,0.9914448613738105,-0.016000000000000007,-0.22496149868535165,0.2802328425555495,-0.1305261922200515,0.0,0.0,0.9914448613738105,0.0,-0.5235987755982988,0.7853981633974483,0.0,0.5235987755982988,0.0,0.0,-0.5235987755982988,0.7853981633974483,0.0,0.5235987755982988,0.0,0.0,-0.5235987755982988,0.7853981633974483,0.0,0.5235987755982988,0.0,0.0,0.0,0.0,0.0,0.0,0.0,0.0,0.0,0.0,0.0,0.0,0.0,0.5,0.0,0.0,0.0,False,False,False,False,1,False,,0.0,0,,,,True,True,0.0,0.010037599975476041,True,0.0,0.0,False,False,False,False,False,False,1.0,False,False,False,0.0,0.0,0.0,0.0
0.4800883000058346,1786138889.3754423,0.010005000018281862,0.003419799992116168,0.010005000018281862,READY,0,waiting for deadman,0.0,0.4800883000058346,91,0.0,0.0,0.0,0.0,0.0,0.0,1.0,0.0,0.0,0.0,0.0,0.0,0.0,1.0,-0.016000000000000007,-0.22496149868535165,0.2802328425555495,-0.1305261922200515,0.0,0.0,0.9914448613738105,-0.016000000000000007,-0.22496149868535165,0.2802328425555495,-0.1305261922200515,0.0,0.0,0.9914448613738105,-0.016000000000000007,-0.22496149868535165,0.2802328425555495,-0.1305261922200515,0.0,0.0,0.9914448613738105,-0.016000000000000007,-0.22496149868535165,0.2802328425555495,-0.1305261922200515,0.0,0.0,0.9914448613738105,-0.016000000000000007,-0.22496149868535165,0.2802328425555495,-0.1305261922200515,0.0,0.0,0.9914448613738105,0.0,-0.5235987755982988,0.7853981633974483,0.0,0.5235987755982988,0.0,0.0,-0.5235987755982988,0.7853981633974483,0.0,0.5235987755982988,0.0,0.0,-0.5235987755982988,0.7853981633974483,0.0,0.5235987755982988,0.0,0.0,0.0,0.0,0.0,0.0,0.0,0.0,0.0,0.0,0.0,0.0,0.0,0.5,0.0,0.0,0.0,False,False,False,False,1,False,,0.0,0,,,,True,True,0.0,0.010005000018281862,True,0.0,0.0,False,False,False,False,False,False,1.0,False,False,False,0.0,0.0,0.0,0.0
0.4901029000099041,1786138889.3858817,0.010014600004069507,0.0038748000224586576,0.010014600004069507,READY,0,waiting for deadman,0.0,0.4901029000099041,93,0.0,0.0,0.0,0.0,0.0,0.0,1.0,0.0,0.0,0.0,0.0,0.0,0.0,1.0,-0.016000000000000007,-0.22496149868535165,0.2802328425555495,-0.1305261922200515,0.0,0.0,0.9914448613738105,-0.016000000000000007,-0.22496149868535165,0.2802328425555495,-0.1305261922200515,0.0,0.0,0.9914448613738105,-0.016000000000000007,-0.22496149868535165,0.2802328425555495,-0.1305261922200515,0.0,0.0,0.9914448613738105,-0.016000000000000007,-0.22496149868535165,0.2802328425555495,-0.1305261922200515,0.0,0.0,0.9914448613738105,-0.016000000000000007,-0.22496149868535165,0.2802328425555495,-0.1305261922200515,0.0,0.0,0.9914448613738105,0.0,-0.5235987755982988,0.7853981633974483,0.0,0.5235987755982988,0.0,0.0,-0.5235987755982988,0.7853981633974483,0.0,0.5235987755982988,0.0,0.0,-0.5235987755982988,0.7853981633974483,0.0,0.5235987755982988,0.0,0.0,0.0,0.0,0.0,0.0,0.0,0.0,0.0,0.0,0.0,0.0,0.0,0.5,0.0,0.0,0.0,False,False,False,False,1,False,,0.0,0,,,,True,True,0.0,0.010014600004069507,True,0.0,0.0,False,False,False,False,False,False,1.0,False,False,False,0.0,0.0,0.0,0.0
0.5001581000029799,1786138889.3952496,0.010055199993075803,0.003189000010024756,0.010055199993075803,READY,0,waiting for deadman,0.0,0.5001581000029799,95,0.0,0.0,0.0,0.0,0.0,0.0,1.0,0.0,0.0,0.0,0.0,0.0,0.0,1.0,-0.016000000000000007,-0.22496149868535165,0.2802328425555495,-0.1305261922200515,0.0,0.0,0.9914448613738105,-0.016000000000000007,-0.22496149868535165,0.2802328425555495,-0.1305261922200515,0.0,0.0,0.9914448613738105,-0.016000000000000007,-0.22496149868535165,0.2802328425555495,-0.1305261922200515,0.0,0.0,0.9914448613738105,-0.016000000000000007,-0.22496149868535165,0.2802328425555495,-0.1305261922200515,0.0,0.0,0.9914448613738105,-0.016000000000000007,-0.22496149868535165,0.2802328425555495,-0.1305261922200515,0.0,0.0,0.9914448613738105,0.0,-0.5235987755982988,0.7853981633974483,0.0,0.5235987755982988,0.0,0.0,-0.5235987755982988,0.7853981633974483,0.0,0.5235987755982988,0.0,0.0,-0.5235987755982988,0.7853981633974483,0.0,0.5235987755982988,0.0,0.0,0.0,0.0,0.0,0.0,0.0,0.0,0.0,0.0,0.0,0.0,0.0,0.5,0.0,0.0,0.0,False,False,False,False,1,False,,0.0,0,,,,True,True,0.0,0.010055199993075803,True,0.0,0.0,False,False,False,False,False,False,1.0,False,False,False,0.0,0.0,0.0,0.0
0.5101935999915693,1786138889.4056394,0.010035499988589436,0.0035090000019408762,0.010035499988589436,READY,0,waiting for deadman,0.0,0.5101935999915693,97,0.0,0.0,0.0,0.0,0.0,0.0,1.0,0.0,0.0,0.0,0.0,0.0,0.0,1.0,-0.016000000000000007,-0.22496149868535165,0.2802328425555495,-0.1305261922200515,0.0,0.0,0.9914448613738105,-0.016000000000000007,-0.22496149868535165,0.2802328425555495,-0.1305261922200515,0.0,0.0,0.9914448613738105,-0.016000000000000007,-0.22496149868535165,0.2802328425555495,-0.1305261922200515,0.0,0.0,0.9914448613738105,-0.016000000000000007,-0.22496149868535165,0.2802328425555495,-0.1305261922200515,0.0,0.0,0.9914448613738105,-0.016000000000000007,-0.22496149868535165,0.2802328425555495,-0.1305261922200515,0.0,0.0,0.9914448613738105,0.0,-0.5235987755982988,0.7853981633974483,0.0,0.5235987755982988,0.0,0.0,-0.5235987755982988,0.7853981633974483,0.0,0.5235987755982988,0.0,0.0,-0.5235987755982988,0.7853981633974483,0.0,0.5235987755982988,0.0,0.0,0.0,0.0,0.0,0.0,0.0,0.0,0.0,0.0,0.0,0.0,0.0,0.5,0.0,0.0,0.0,False,False,False,False,1,False,,0.0,0,,,,True,True,0.0,0.010035499988589436,True,0.0,0.0,False,False,False,False,False,False,1.0,False,False,False,0.0,0.0,0.0,0.0
0.5202095000055377,1786138889.4156516,0.010015900013968349,0.003539700002875179,0.010015900013968349,READY,0,waiting for deadman,0.0,0.5202095000055377,99,0.0,0.0,0.0,0.0,0.0,0.0,1.0,0.0,0.0,0.0,0.0,0.0,0.0,1.0,-0.016000000000000007,-0.22496149868535165,0.2802328425555495,-0.1305261922200515,0.0,0.0,0.9914448613738105,-0.016000000000000007,-0.22496149868535165,0.2802328425555495,-0.1305261922200515,0.0,0.0,0.9914448613738105,-0.016000000000000007,-0.22496149868535165,0.2802328425555495,-0.1305261922200515,0.0,0.0,0.9914448613738105,-0.016000000000000007,-0.22496149868535165,0.2802328425555495,-0.1305261922200515,0.0,0.0,0.9914448613738105,-0.016000000000000007,-0.22496149868535165,0.2802328425555495,-0.1305261922200515,0.0,0.0,0.9914448613738105,0.0,-0.5235987755982988,0.7853981633974483,0.0,0.5235987755982988,0.0,0.0,-0.5235987755982988,0.7853981633974483,0.0,0.5235987755982988,0.0,0.0,-0.5235987755982988,0.7853981633974483,0.0,0.5235987755982988,0.0,0.0,0.0,0.0,0.0,0.0,0.0,0.0,0.0,0.0,0.0,0.0,0.0,0.5,0.0,0.0,0.0,False,False,False,False,1,False,,0.0,0,,,,True,True,0.0,0.010015900013968349,True,0.0,0.0,False,False,False,False,False,False,1.0,False,False,False,0.0,0.0,0.0,0.0
0.5302276000071541,1786138889.4252205,0.010018100001616403,0.003090299986070022,0.010018100001616403,READY,0,waiting for deadman,0.0,0.5302276000071541,101,0.0,0.0,0.0,0.0,0.0,0.0,1.0,0.0,0.0,0.0,0.0,0.0,0.0,1.0,-0.016000000000000007,-0.22496149868535165,0.2802328425555495,-0.1305261922200515,0.0,0.0,0.9914448613738105,-0.016000000000000007,-0.22496149868535165,0.2802328425555495,-0.1305261922200515,0.0,0.0,0.9914448613738105,-0.016000000000000007,-0.22496149868535165,0.2802328425555495,-0.1305261922200515,0.0,0.0,0.9914448613738105,-0.016000000000000007,-0.22496149868535165,0.2802328425555495,-0.1305261922200515,0.0,0.0,0.9914448613738105,-0.016000000000000007,-0.22496149868535165,0.2802328425555495,-0.1305261922200515,0.0,0.0,0.9914448613738105,0.0,-0.5235987755982988,0.7853981633974483,0.0,0.5235987755982988,0.0,0.0,-0.5235987755982988,0.7853981633974483,0.0,0.5235987755982988,0.0,0.0,-0.5235987755982988,0.7853981633974483,0.0,0.5235987755982988,0.0,0.0,0.0,0.0,0.0,0.0,0.0,0.0,0.0,0.0,0.0,0.0,0.0,0.5,0.0,0.0,0.0,False,False,False,False,1,False,,0.0,0,,,,True,True,0.0,0.010018100001616403,True,0.0,0.0,False,False,False,False,False,False,1.0,False,False,False,0.0,0.0,0.0,0.0
0.5404872000141293,1786138889.4368393,0.010259600006975234,0.004447999992407858,0.010259600006975234,READY,0,waiting for deadman,0.0,0.5404872000141293,103,0.0,0.0,0.0,0.0,0.0,0.0,1.0,0.0,0.0,0.0,0.0,0.0,0.0,1.0,-0.016000000000000007,-0.22496149868535165,0.2802328425555495,-0.1305261922200515,0.0,0.0,0.9914448613738105,-0.016000000000000007,-0.22496149868535165,0.2802328425555495,-0.1305261922200515,0.0,0.0,0.9914448613738105,-0.016000000000000007,-0.22496149868535165,0.2802328425555495,-0.1305261922200515,0.0,0.0,0.9914448613738105,-0.016000000000000007,-0.22496149868535165,0.2802328425555495,-0.1305261922200515,0.0,0.0,0.9914448613738105,-0.016000000000000007,-0.22496149868535165,0.2802328425555495,-0.1305261922200515,0.0,0.0,0.9914448613738105,0.0,-0.5235987755982988,0.7853981633974483,0.0,0.5235987755982988,0.0,0.0,-0.5235987755982988,0.7853981633974483,0.0,0.5235987755982988,0.0,0.0,-0.5235987755982988,0.7853981633974483,0.0,0.5235987755982988,0.0,0.0,0.0,0.0,0.0,0.0,0.0,0.0,0.0,0.0,0.0,0.0,0.0,0.5,0.0,0.0,0.0,False,False,False,False,1,False,,0.0,0,,,,True,True,0.0,0.010259600006975234,True,0.0,0.0,False,False,False,False,False,False,1.0,False,False,False,0.0,0.0,0.0,0.0
0.5502937000052296,1786138889.4455757,0.009806499991100281,0.0033780000230763108,0.009806499991100281,READY,0,waiting for deadman,0.0,0.5502937000052296,105,0.0,0.0,0.0,0.0,0.0,0.0,1.0,0.0,0.0,0.0,0.0,0.0,0.0,1.0,-0.016000000000000007,-0.22496149868535165,0.2802328425555495,-0.1305261922200515,0.0,0.0,0.9914448613738105,-0.016000000000000007,-0.22496149868535165,0.2802328425555495,-0.1305261922200515,0.0,0.0,0.9914448613738105,-0.016000000000000007,-0.22496149868535165,0.2802328425555495,-0.1305261922200515,0.0,0.0,0.9914448613738105,-0.016000000000000007,-0.22496149868535165,0.2802328425555495,-0.1305261922200515,0.0,0.0,0.9914448613738105,-0.016000000000000007,-0.22496149868535165,0.2802328425555495,-0.1305261922200515,0.0,0.0,0.9914448613738105,0.0,-0.5235987755982988,0.7853981633974483,0.0,0.5235987755982988,0.0,0.0,-0.5235987755982988,0.7853981633974483,0.0,0.5235987755982988,0.0,0.0,-0.5235987755982988,0.7853981633974483,0.0,0.5235987755982988,0.0,0.0,0.0,0.0,0.0,0.0,0.0,0.0,0.0,0.0,0.0,0.0,0.0,0.5,0.0,0.0,0.0,False,False,False,False,1,False,,0.0,0,,,,True,True,0.0,0.009806499991100281,True,0.0,0.0,False,False,False,False,False,False,1.0,False,False,False,0.0,0.0,0.0,0.0
0.560330300002195,1786138889.4549065,0.010036599996965379,0.0026698000147007406,0.010036599996965379,READY,0,waiting for deadman,0.0,0.560330300002195,107,0.0,0.0,0.0,0.0,0.0,0.0,1.0,0.0,0.0,0.0,0.0,0.0,0.0,1.0,-0.016000000000000007,-0.22496149868535165,0.2802328425555495,-0.1305261922200515,0.0,0.0,0.9914448613738105,-0.016000000000000007,-0.22496149868535165,0.2802328425555495,-0.1305261922200515,0.0,0.0,0.9914448613738105,-0.016000000000000007,-0.22496149868535165,0.2802328425555495,-0.1305261922200515,0.0,0.0,0.9914448613738105,-0.016000000000000007,-0.22496149868535165,0.2802328425555495,-0.1305261922200515,0.0,0.0,0.9914448613738105,-0.016000000000000007,-0.22496149868535165,0.2802328425555495,-0.1305261922200515,0.0,0.0,0.9914448613738105,0.0,-0.5235987755982988,0.7853981633974483,0.0,0.5235987755982988,0.0,0.0,-0.5235987755982988,0.7853981633974483,0.0,0.5235987755982988,0.0,0.0,-0.5235987755982988,0.7853981633974483,0.0,0.5235987755982988,0.0,0.0,0.0,0.0,0.0,0.0,0.0,0.0,0.0,0.0,0.0,0.0,0.0,0.5,0.0,0.0,0.0,False,False,False,False,1,False,,0.0,0,,,,True,True,0.0,0.010036599996965379,True,0.0,0.0,False,False,False,False,False,False,1.0,False,False,False,0.0,0.0,0.0,0.0
0.5703240999934022,1786138889.466242,0.009993799991207197,0.004014400008600205,0.009993799991207197,READY,0,waiting for deadman,0.0,0.5703240999934022,109,0.0,0.0,0.0,0.0,0.0,0.0,1.0,0.0,0.0,0.0,0.0,0.0,0.0,1.0,-0.016000000000000007,-0.22496149868535165,0.2802328425555495,-0.1305261922200515,0.0,0.0,0.9914448613738105,-0.016000000000000007,-0.22496149868535165,0.2802328425555495,-0.1305261922200515,0.0,0.0,0.9914448613738105,-0.016000000000000007,-0.22496149868535165,0.2802328425555495,-0.1305261922200515,0.0,0.0,0.9914448613738105,-0.016000000000000007,-0.22496149868535165,0.2802328425555495,-0.1305261922200515,0.0,0.0,0.9914448613738105,-0.016000000000000007,-0.22496149868535165,0.2802328425555495,-0.1305261922200515,0.0,0.0,0.9914448613738105,0.0,-0.5235987755982988,0.7853981633974483,0.0,0.5235987755982988,0.0,0.0,-0.5235987755982988,0.7853981633974483,0.0,0.5235987755982988,0.0,0.0,-0.5235987755982988,0.7853981633974483,0.0,0.5235987755982988,0.0,0.0,0.0,0.0,0.0,0.0,0.0,0.0,0.0,0.0,0.0,0.0,0.0,0.5,0.0,0.0,0.0,False,False,False,False,1,False,,0.0,0,,,,True,True,0.0,0.009993799991207197,True,0.0,0.0,False,False,False,False,False,False,1.0,False,False,False,0.0,0.0,0.0,0.0
0.580353299992228,1786138889.4748688,0.010029199998825788,0.0026126000157091767,0.010029199998825788,READY,0,waiting for deadman,0.0,0.580353299992228,111,0.0,0.0,0.0,0.0,0.0,0.0,1.0,0.0,0.0,0.0,0.0,0.0,0.0,1.0,-0.016000000000000007,-0.22496149868535165,0.2802328425555495,-0.1305261922200515,0.0,0.0,0.9914448613738105,-0.016000000000000007,-0.22496149868535165,0.2802328425555495,-0.1305261922200515,0.0,0.0,0.9914448613738105,-0.016000000000000007,-0.22496149868535165,0.2802328425555495,-0.1305261922200515,0.0,0.0,0.9914448613738105,-0.016000000000000007,-0.22496149868535165,0.2802328425555495,-0.1305261922200515,0.0,0.0,0.9914448613738105,-0.016000000000000007,-0.22496149868535165,0.2802328425555495,-0.1305261922200515,0.0,0.0,0.9914448613738105,0.0,-0.5235987755982988,0.7853981633974483,0.0,0.5235987755982988,0.0,0.0,-0.5235987755982988,0.7853981633974483,0.0,0.5235987755982988,0.0,0.0,-0.5235987755982988,0.7853981633974483,0.0,0.5235987755982988,0.0,0.0,0.0,0.0,0.0,0.0,0.0,0.0,0.0,0.0,0.0,0.0,0.0,0.5,0.0,0.0,0.0,False,False,False,False,1,False,,0.0,0,,,,True,True,0.0,0.010029199998825788,True,0.0,0.0,False,False,False,False,False,False,1.0,False,False,False,0.0,0.0,0.0,0.0
0.5915913999994044,1786138889.4872186,0.0112381000071764,0.0037243000115267932,0.0112381000071764,READY,0,waiting for deadman,0.0,0.5915913999994044,113,0.0,0.0,0.0,0.0,0.0,0.0,1.0,0.0,0.0,0.0,0.0,0.0,0.0,1.0,-0.016000000000000007,-0.22496149868535165,0.2802328425555495,-0.1305261922200515,0.0,0.0,0.9914448613738105,-0.016000000000000007,-0.22496149868535165,0.2802328425555495,-0.1305261922200515,0.0,0.0,0.9914448613738105,-0.016000000000000007,-0.22496149868535165,0.2802328425555495,-0.1305261922200515,0.0,0.0,0.9914448613738105,-0.016000000000000007,-0.22496149868535165,0.2802328425555495,-0.1305261922200515,0.0,0.0,0.9914448613738105,-0.016000000000000007,-0.22496149868535165,0.2802328425555495,-0.1305261922200515,0.0,0.0,0.9914448613738105,0.0,-0.5235987755982988,0.7853981633974483,0.0,0.5235987755982988,0.0,0.0,-0.5235987755982988,0.7853981633974483,0.0,0.5235987755982988,0.0,0.0,-0.5235987755982988,0.7853981633974483,0.0,0.5235987755982988,0.0,0.0,0.0,0.0,0.0,0.0,0.0,0.0,0.0,0.0,0.0,0.0,0.0,0.5,0.0,0.0,0.0,False,False,False,False,1,False,,0.0,0,,,,True,True,0.0,0.0112381000071764,True,0.0,0.0,False,False,False,False,False,False,1.0,False,False,False,0.0,0.0,0.0,0.0
0.6003798000089117,1786138889.4974885,0.008788400009507313,0.00520340001094155,0.008788400009507313,READY,0,waiting for deadman,0.0,0.6003798000089117,115,0.0,0.0,0.0,0.0,0.0,0.0,1.0,0.0,0.0,0.0,0.0,0.0,0.0,1.0,-0.016000000000000007,-0.22496149868535165,0.2802328425555495,-0.1305261922200515,0.0,0.0,0.9914448613738105,-0.016000000000000007,-0.22496149868535165,0.2802328425555495,-0.1305261922200515,0.0,0.0,0.9914448613738105,-0.016000000000000007,-0.22496149868535165,0.2802328425555495,-0.1305261922200515,0.0,0.0,0.9914448613738105,-0.016000000000000007,-0.22496149868535165,0.2802328425555495,-0.1305261922200515,0.0,0.0,0.9914448613738105,-0.016000000000000007,-0.22496149868535165,0.2802328425555495,-0.1305261922200515,0.0,0.0,0.9914448613738105,0.0,-0.5235987755982988,0.7853981633974483,0.0,0.5235987755982988,0.0,0.0,-0.5235987755982988,0.7853981633974483,0.0,0.5235987755982988,0.0,0.0,-0.5235987755982988,0.7853981633974483,0.0,0.5235987755982988,0.0,0.0,0.0,0.0,0.0,0.0,0.0,0.0,0.0,0.0,0.0,0.0,0.0,0.5,0.0,0.0,0.0,False,False,False,False,1,False,,0.0,0,,,,True,True,0.0,0.008788400009507313,True,0.0,0.0,False,False,False,False,False,False,1.0,False,False,False,0.0,0.0,0.0,0.0
0.6100564000004195,1786138889.5049055,0.009676599991507828,0.002944100007880479,0.009676599991507828,READY,0,waiting for deadman,0.0,0.6100564000004195,117,0.0,0.0,0.0,0.0,0.0,0.0,1.0,0.0,0.0,0.0,0.0,0.0,0.0,1.0,-0.016000000000000007,-0.22496149868535165,0.2802328425555495,-0.1305261922200515,0.0,0.0,0.9914448613738105,-0.016000000000000007,-0.22496149868535165,0.2802328425555495,-0.1305261922200515,0.0,0.0,0.9914448613738105,-0.016000000000000007,-0.22496149868535165,0.2802328425555495,-0.1305261922200515,0.0,0.0,0.9914448613738105,-0.016000000000000007,-0.22496149868535165,0.2802328425555495,-0.1305261922200515,0.0,0.0,0.9914448613738105,-0.016000000000000007,-0.22496149868535165,0.2802328425555495,-0.1305261922200515,0.0,0.0,0.9914448613738105,0.0,-0.5235987755982988,0.7853981633974483,0.0,0.5235987755982988,0.0,0.0,-0.5235987755982988,0.7853981633974483,0.0,0.5235987755982988,0.0,0.0,-0.5235987755982988,0.7853981633974483,0.0,0.5235987755982988,0.0,0.0,0.0,0.0,0.0,0.0,0.0,0.0,0.0,0.0,0.0,0.0,0.0,0.5,0.0,0.0,0.0,False,False,False,False,1,False,,0.0,0,,,,True,True,0.0,0.009676599991507828,True,0.0,0.0,False,False,False,False,False,False,1.0,False,False,False,0.0,0.0,0.0,0.0
0.620090400006691,1786138889.5153515,0.010034000006271526,0.0033525000035297126,0.010034000006271526,READY,0,waiting for deadman,0.0,0.620090400006691,119,0.0,0.0,0.0,0.0,0.0,0.0,1.0,0.0,0.0,0.0,0.0,0.0,0.0,1.0,-0.016000000000000007,-0.22496149868535165,0.2802328425555495,-0.1305261922200515,0.0,0.0,0.9914448613738105,-0.016000000000000007,-0.22496149868535165,0.2802328425555495,-0.1305261922200515,0.0,0.0,0.9914448613738105,-0.016000000000000007,-0.22496149868535165,0.2802328425555495,-0.1305261922200515,0.0,0.0,0.9914448613738105,-0.016000000000000007,-0.22496149868535165,0.2802328425555495,-0.1305261922200515,0.0,0.0,0.9914448613738105,-0.016000000000000007,-0.22496149868535165,0.2802328425555495,-0.1305261922200515,0.0,0.0,0.9914448613738105,0.0,-0.5235987755982988,0.7853981633974483,0.0,0.5235987755982988,0.0,0.0,-0.5235987755982988,0.7853981633974483,0.0,0.5235987755982988,0.0,0.0,-0.5235987755982988,0.7853981633974483,0.0,0.5235987755982988,0.0,0.0,0.0,0.0,0.0,0.0,0.0,0.0,0.0,0.0,0.0,0.0,0.0,0.5,0.0,0.0,0.0,False,False,False,False,1,False,,0.0,0,,,,True,True,0.0,0.010034000006271526,True,0.0,0.0,False,False,False,False,False,False,1.0,False,False,False,0.0,0.0,0.0,0.0
0.6301212999893576,1786138889.5246334,0.010030899982666597,0.002610299998195842,0.010030899982666597,READY,0,waiting for deadman,0.0,0.6301212999893576,121,0.0,0.0,0.0,0.0,0.0,0.0,1.0,0.0,0.0,0.0,0.0,0.0,0.0,1.0,-0.016000000000000007,-0.22496149868535165,0.2802328425555495,-0.1305261922200515,0.0,0.0,0.9914448613738105,-0.016000000000000007,-0.22496149868535165,0.2802328425555495,-0.1305261922200515,0.0,0.0,0.9914448613738105,-0.016000000000000007,-0.22496149868535165,0.2802328425555495,-0.1305261922200515,0.0,0.0,0.9914448613738105,-0.016000000000000007,-0.22496149868535165,0.2802328425555495,-0.1305261922200515,0.0,0.0,0.9914448613738105,-0.016000000000000007,-0.22496149868535165,0.2802328425555495,-0.1305261922200515,0.0,0.0,0.9914448613738105,0.0,-0.5235987755982988,0.7853981633974483,0.0,0.5235987755982988,0.0,0.0,-0.5235987755982988,0.7853981633974483,0.0,0.5235987755982988,0.0,0.0,-0.5235987755982988,0.7853981633974483,0.0,0.5235987755982988,0.0,0.0,0.0,0.0,0.0,0.0,0.0,0.0,0.0,0.0,0.0,0.0,0.0,0.5,0.0,0.0,0.0,False,False,False,False,1,False,,0.0,0,,,,True,True,0.0,0.010030899982666597,True,0.0,0.0,False,False,False,False,False,False,1.0,False,False,False,0.0,0.0,0.0,0.0
0.6401389999879282,1786138889.536084,0.010017699998570606,0.004039399995235726,0.010017699998570606,READY,0,waiting for deadman,0.0,0.6401389999879282,123,0.0,0.0,0.0,0.0,0.0,0.0,1.0,0.0,0.0,0.0,0.0,0.0,0.0,1.0,-0.016000000000000007,-0.22496149868535165,0.2802328425555495,-0.1305261922200515,0.0,0.0,0.9914448613738105,-0.016000000000000007,-0.22496149868535165,0.2802328425555495,-0.1305261922200515,0.0,0.0,0.9914448613738105,-0.016000000000000007,-0.22496149868535165,0.2802328425555495,-0.1305261922200515,0.0,0.0,0.9914448613738105,-0.016000000000000007,-0.22496149868535165,0.2802328425555495,-0.1305261922200515,0.0,0.0,0.9914448613738105,-0.016000000000000007,-0.22496149868535165,0.2802328425555495,-0.1305261922200515,0.0,0.0,0.9914448613738105,0.0,-0.5235987755982988,0.7853981633974483,0.0,0.5235987755982988,0.0,0.0,-0.5235987755982988,0.7853981633974483,0.0,0.5235987755982988,0.0,0.0,-0.5235987755982988,0.7853981633974483,0.0,0.5235987755982988,0.0,0.0,0.0,0.0,0.0,0.0,0.0,0.0,0.0,0.0,0.0,0.0,0.0,0.5,0.0,0.0,0.0,False,False,False,False,1,False,,0.0,0,,,,True,True,0.0,0.010017699998570606,True,0.0,0.0,False,False,False,False,False,False,1.0,False,False,False,0.0,0.0,0.0,0.0
0.6501524000119642,1786138889.5460906,0.010013400024035946,0.004030300013255328,0.010013400024035946,READY,0,waiting for deadman,0.0,0.6501524000119642,125,0.0,0.0,0.0,0.0,0.0,0.0,1.0,0.0,0.0,0.0,0.0,0.0,0.0,1.0,-0.016000000000000007,-0.22496149868535165,0.2802328425555495,-0.1305261922200515,0.0,0.0,0.9914448613738105,-0.016000000000000007,-0.22496149868535165,0.2802328425555495,-0.1305261922200515,0.0,0.0,0.9914448613738105,-0.016000000000000007,-0.22496149868535165,0.2802328425555495,-0.1305261922200515,0.0,0.0,0.9914448613738105,-0.016000000000000007,-0.22496149868535165,0.2802328425555495,-0.1305261922200515,0.0,0.0,0.9914448613738105,-0.016000000000000007,-0.22496149868535165,0.2802328425555495,-0.1305261922200515,0.0,0.0,0.9914448613738105,0.0,-0.5235987755982988,0.7853981633974483,0.0,0.5235987755982988,0.0,0.0,-0.5235987755982988,0.7853981633974483,0.0,0.5235987755982988,0.0,0.0,-0.5235987755982988,0.7853981633974483,0.0,0.5235987755982988,0.0,0.0,0.0,0.0,0.0,0.0,0.0,0.0,0.0,0.0,0.0,0.0,0.0,0.5,0.0,0.0,0.0,False,False,False,False,1,False,,0.0,0,,,,True,True,0.0,0.010013400024035946,True,0.0,0.0,False,False,False,False,False,False,1.0,False,False,False,0.0,0.0,0.0,0.0
0.6601721999974214,1786138889.5553918,0.010019799985457212,0.0033158999867737293,0.010019799985457212,READY,0,waiting for deadman,0.0,0.6601721999974214,127,0.0,0.0,0.0,0.0,0.0,0.0,1.0,0.0,0.0,0.0,0.0,0.0,0.0,1.0,-0.016000000000000007,-0.22496149868535165,0.2802328425555495,-0.1305261922200515,0.0,0.0,0.9914448613738105,-0.016000000000000007,-0.22496149868535165,0.2802328425555495,-0.1305261922200515,0.0,0.0,0.9914448613738105,-0.016000000000000007,-0.22496149868535165,0.2802328425555495,-0.1305261922200515,0.0,0.0,0.9914448613738105,-0.016000000000000007,-0.22496149868535165,0.2802328425555495,-0.1305261922200515,0.0,0.0,0.9914448613738105,-0.016000000000000007,-0.22496149868535165,0.2802328425555495,-0.1305261922200515,0.0,0.0,0.9914448613738105,0.0,-0.5235987755982988,0.7853981633974483,0.0,0.5235987755982988,0.0,0.0,-0.5235987755982988,0.7853981633974483,0.0,0.5235987755982988,0.0,0.0,-0.5235987755982988,0.7853981633974483,0.0,0.5235987755982988,0.0,0.0,0.0,0.0,0.0,0.0,0.0,0.0,0.0,0.0,0.0,0.0,0.0,0.5,0.0,0.0,0.0,False,False,False,False,1,False,,0.0,0,,,,True,True,0.0,0.010019799985457212,True,0.0,0.0,False,False,False,False,False,False,1.0,False,False,False,0.0,0.0,0.0,0.0
0.6702959999889825,1786138889.565556,0.0101237999915611,0.003356900007929653,0.0101237999915611,READY,0,waiting for deadman,0.0,0.6702959999889825,129,0.0,0.0,0.0,0.0,0.0,0.0,1.0,0.0,0.0,0.0,0.0,0.0,0.0,1.0,-0.016000000000000007,-0.22496149868535165,0.2802328425555495,-0.1305261922200515,0.0,0.0,0.9914448613738105,-0.016000000000000007,-0.22496149868535165,0.2802328425555495,-0.1305261922200515,0.0,0.0,0.9914448613738105,-0.016000000000000007,-0.22496149868535165,0.2802328425555495,-0.1305261922200515,0.0,0.0,0.9914448613738105,-0.016000000000000007,-0.22496149868535165,0.2802328425555495,-0.1305261922200515,0.0,0.0,0.9914448613738105,-0.016000000000000007,-0.22496149868535165,0.2802328425555495,-0.1305261922200515,0.0,0.0,0.9914448613738105,0.0,-0.5235987755982988,0.7853981633974483,0.0,0.5235987755982988,0.0,0.0,-0.5235987755982988,0.7853981633974483,0.0,0.5235987755982988,0.0,0.0,-0.5235987755982988,0.7853981633974483,0.0,0.5235987755982988,0.0,0.0,0.0,0.0,0.0,0.0,0.0,0.0,0.0,0.0,0.0,0.0,0.0,0.5,0.0,0.0,0.0,False,False,False,False,1,False,,0.0,0,,,,True,True,0.0,0.0101237999915611,True,0.0,0.0,False,False,False,False,False,False,1.0,False,False,False,0.0,0.0,0.0,0.0
0.6804199000104089,1786138889.5759957,0.01012390002142638,0.003666100004920736,0.01012390002142638,READY,0,waiting for deadman,0.0,0.6804199000104089,131,0.0,0.0,0.0,0.0,0.0,0.0,1.0,0.0,0.0,0.0,0.0,0.0,0.0,1.0,-0.016000000000000007,-0.22496149868535165,0.2802328425555495,-0.1305261922200515,0.0,0.0,0.9914448613738105,-0.016000000000000007,-0.22496149868535165,0.2802328425555495,-0.1305261922200515,0.0,0.0,0.9914448613738105,-0.016000000000000007,-0.22496149868535165,0.2802328425555495,-0.1305261922200515,0.0,0.0,0.9914448613738105,-0.016000000000000007,-0.22496149868535165,0.2802328425555495,-0.1305261922200515,0.0,0.0,0.9914448613738105,-0.016000000000000007,-0.22496149868535165,0.2802328425555495,-0.1305261922200515,0.0,0.0,0.9914448613738105,0.0,-0.5235987755982988,0.7853981633974483,0.0,0.5235987755982988,0.0,0.0,-0.5235987755982988,0.7853981633974483,0.0,0.5235987755982988,0.0,0.0,-0.5235987755982988,0.7853981633974483,0.0,0.5235987755982988,0.0,0.0,0.0,0.0,0.0,0.0,0.0,0.0,0.0,0.0,0.0,0.0,0.0,0.5,0.0,0.0,0.0,False,False,False,False,1,False,,0.0,0,,,,True,True,0.0,0.01012390002142638,True,0.0,0.0,False,False,False,False,False,False,1.0,False,False,False,0.0,0.0,0.0,0.0
0.6902345000049789,1786138889.5860531,0.009814599994570017,0.003911799984052777,0.009814599994570017,READY,0,waiting for deadman,0.0,0.6902345000049789,133,0.0,0.0,0.0,0.0,0.0,0.0,1.0,0.0,0.0,0.0,0.0,0.0,0.0,1.0,-0.016000000000000007,-0.22496149868535165,0.2802328425555495,-0.1305261922200515,0.0,0.0,0.9914448613738105,-0.016000000000000007,-0.22496149868535165,0.2802328425555495,-0.1305261922200515,0.0,0.0,0.9914448613738105,-0.016000000000000007,-0.22496149868535165,0.2802328425555495,-0.1305261922200515,0.0,0.0,0.9914448613738105,-0.016000000000000007,-0.22496149868535165,0.2802328425555495,-0.1305261922200515,0.0,0.0,0.9914448613738105,-0.016000000000000007,-0.22496149868535165,0.2802328425555495,-0.1305261922200515,0.0,0.0,0.9914448613738105,0.0,-0.5235987755982988,0.7853981633974483,0.0,0.5235987755982988,0.0,0.0,-0.5235987755982988,0.7853981633974483,0.0,0.5235987755982988,0.0,0.0,-0.5235987755982988,0.7853981633974483,0.0,0.5235987755982988,0.0,0.0,0.0,0.0,0.0,0.0,0.0,0.0,0.0,0.0,0.0,0.0,0.0,0.5,0.0,0.0,0.0,False,False,False,False,1,False,,0.0,0,,,,True,True,0.0,0.009814599994570017,True,0.0,0.0,False,False,False,False,False,False,1.0,False,False,False,0.0,0.0,0.0,0.0
0.7007744999933746,1786138889.5971863,0.01053999998839572,0.004508100013481453,0.01053999998839572,READY,0,waiting for deadman,0.0,0.7007744999933746,135,0.0,0.0,0.0,0.0,0.0,0.0,1.0,0.0,0.0,0.0,0.0,0.0,0.0,1.0,-0.016000000000000007,-0.22496149868535165,0.2802328425555495,-0.1305261922200515,0.0,0.0,0.9914448613738105,-0.016000000000000007,-0.22496149868535165,0.2802328425555495,-0.1305261922200515,0.0,0.0,0.9914448613738105,-0.016000000000000007,-0.22496149868535165,0.2802328425555495,-0.1305261922200515,0.0,0.0,0.9914448613738105,-0.016000000000000007,-0.22496149868535165,0.2802328425555495,-0.1305261922200515,0.0,0.0,0.9914448613738105,-0.016000000000000007,-0.22496149868535165,0.2802328425555495,-0.1305261922200515,0.0,0.0,0.9914448613738105,0.0,-0.5235987755982988,0.7853981633974483,0.0,0.5235987755982988,0.0,0.0,-0.5235987755982988,0.7853981633974483,0.0,0.5235987755982988,0.0,0.0,-0.5235987755982988,0.7853981633974483,0.0,0.5235987755982988,0.0,0.0,0.0,0.0,0.0,0.0,0.0,0.0,0.0,0.0,0.0,0.0,0.0,0.5,0.0,0.0,0.0,False,False,False,False,1,False,,0.0,0,,,,True,True,0.0,0.01053999998839572,True,0.0,0.0,False,False,False,False,False,False,1.0,False,False,False,0.0,0.0,0.0,0.0
0.7102782000071127,1786138889.6058397,0.009503700013738126,0.0036563000176101923,0.009503700013738126,READY,0,waiting for deadman,0.0,0.7102782000071127,137,0.0,0.0,0.0,0.0,0.0,0.0,1.0,0.0,0.0,0.0,0.0,0.0,0.0,1.0,-0.016000000000000007,-0.22496149868535165,0.2802328425555495,-0.1305261922200515,0.0,0.0,0.9914448613738105,-0.016000000000000007,-0.22496149868535165,0.2802328425555495,-0.1305261922200515,0.0,0.0,0.9914448613738105,-0.016000000000000007,-0.22496149868535165,0.2802328425555495,-0.1305261922200515,0.0,0.0,0.9914448613738105,-0.016000000000000007,-0.22496149868535165,0.2802328425555495,-0.1305261922200515,0.0,0.0,0.9914448613738105,-0.016000000000000007,-0.22496149868535165,0.2802328425555495,-0.1305261922200515,0.0,0.0,0.9914448613738105,0.0,-0.5235987755982988,0.7853981633974483,0.0,0.5235987755982988,0.0,0.0,-0.5235987755982988,0.7853981633974483,0.0,0.5235987755982988,0.0,0.0,-0.5235987755982988,0.7853981633974483,0.0,0.5235987755982988,0.0,0.0,0.0,0.0,0.0,0.0,0.0,0.0,0.0,0.0,0.0,0.0,0.0,0.5,0.0,0.0,0.0,False,False,False,False,1,False,,0.0,0,,,,True,True,0.0,0.009503700013738126,True,0.0,0.0,False,False,False,False,False,False,1.0,False,False,False,0.0,0.0,0.0,0.0
0.7202903999929074,1786138889.616313,0.010012199985794723,0.004081199993379414,0.010012199985794723,READY,0,waiting for deadman,0.0,0.7202903999929074,139,0.0,0.0,0.0,0.0,0.0,0.0,1.0,0.0,0.0,0.0,0.0,0.0,0.0,1.0,-0.016000000000000007,-0.22496149868535165,0.2802328425555495,-0.1305261922200515,0.0,0.0,0.9914448613738105,-0.016000000000000007,-0.22496149868535165,0.2802328425555495,-0.1305261922200515,0.0,0.0,0.9914448613738105,-0.016000000000000007,-0.22496149868535165,0.2802328425555495,-0.1305261922200515,0.0,0.0,0.9914448613738105,-0.016000000000000007,-0.22496149868535165,0.2802328425555495,-0.1305261922200515,0.0,0.0,0.9914448613738105,-0.016000000000000007,-0.22496149868535165,0.2802328425555495,-0.1305261922200515,0.0,0.0,0.9914448613738105,0.0,-0.5235987755982988,0.7853981633974483,0.0,0.5235987755982988,0.0,0.0,-0.5235987755982988,0.7853981633974483,0.0,0.5235987755982988,0.0,0.0,-0.5235987755982988,0.7853981633974483,0.0,0.5235987755982988,0.0,0.0,0.0,0.0,0.0,0.0,0.0,0.0,0.0,0.0,0.0,0.0,0.0,0.5,0.0,0.0,0.0,False,False,False,False,1,False,,0.0,0,,,,True,True,0.0,0.010012199985794723,True,0.0,0.0,False,False,False,False,False,False,1.0,False,False,False,0.0,0.0,0.0,0.0
0.7302999999880083,1786138889.6253738,0.01000959999510087,0.003169900010107085,0.01000959999510087,READY,0,waiting for deadman,0.0,0.7302999999880083,141,0.0,0.0,0.0,0.0,0.0,0.0,1.0,0.0,0.0,0.0,0.0,0.0,0.0,1.0,-0.016000000000000007,-0.22496149868535165,0.2802328425555495,-0.1305261922200515,0.0,0.0,0.9914448613738105,-0.016000000000000007,-0.22496149868535165,0.2802328425555495,-0.1305261922200515,0.0,0.0,0.9914448613738105,-0.016000000000000007,-0.22496149868535165,0.2802328425555495,-0.1305261922200515,0.0,0.0,0.9914448613738105,-0.016000000000000007,-0.22496149868535165,0.2802328425555495,-0.1305261922200515,0.0,0.0,0.9914448613738105,-0.016000000000000007,-0.22496149868535165,0.2802328425555495,-0.1305261922200515,0.0,0.0,0.9914448613738105,0.0,-0.5235987755982988,0.7853981633974483,0.0,0.5235987755982988,0.0,0.0,-0.5235987755982988,0.7853981633974483,0.0,0.5235987755982988,0.0,0.0,-0.5235987755982988,0.7853981633974483,0.0,0.5235987755982988,0.0,0.0,0.0,0.0,0.0,0.0,0.0,0.0,0.0,0.0,0.0,0.0,0.0,0.5,0.0,0.0,0.0,False,False,False,False,1,False,,0.0,0,,,,True,True,0.0,0.01000959999510087,True,0.0,0.0,False,False,False,False,False,False,1.0,False,False,False,0.0,0.0,0.0,0.0
0.7403192999987621,1786138889.636951,0.010019300010753796,0.004727299994556233,0.010019300010753796,READY,0,waiting for deadman,0.0,0.7403192999987621,143,0.0,0.0,0.0,0.0,0.0,0.0,1.0,0.0,0.0,0.0,0.0,0.0,0.0,1.0,-0.016000000000000007,-0.22496149868535165,0.2802328425555495,-0.1305261922200515,0.0,0.0,0.9914448613738105,-0.016000000000000007,-0.22496149868535165,0.2802328425555495,-0.1305261922200515,0.0,0.0,0.9914448613738105,-0.016000000000000007,-0.22496149868535165,0.2802328425555495,-0.1305261922200515,0.0,0.0,0.9914448613738105,-0.016000000000000007,-0.22496149868535165,0.2802328425555495,-0.1305261922200515,0.0,0.0,0.9914448613738105,-0.016000000000000007,-0.22496149868535165,0.2802328425555495,-0.1305261922200515,0.0,0.0,0.9914448613738105,0.0,-0.5235987755982988,0.7853981633974483,0.0,0.5235987755982988,0.0,0.0,-0.5235987755982988,0.7853981633974483,0.0,0.5235987755982988,0.0,0.0,-0.5235987755982988,0.7853981633974483,0.0,0.5235987755982988,0.0,0.0,0.0,0.0,0.0,0.0,0.0,0.0,0.0,0.0,0.0,0.0,0.0,0.5,0.0,0.0,0.0,False,False,False,False,1,False,,0.0,0,,,,True,True,0.0,0.010019300010753796,True,0.0,0.0,False,False,False,False,False,False,1.0,False,False,False,0.0,0.0,0.0,0.0
0.7503313000121378,1786138889.6461308,0.010012000013375655,0.0038969999877735972,0.010012000013375655,READY,0,waiting for deadman,0.0,0.7503313000121378,145,0.0,0.0,0.0,0.0,0.0,0.0,1.0,0.0,0.0,0.0,0.0,0.0,0.0,1.0,-0.016000000000000007,-0.22496149868535165,0.2802328425555495,-0.1305261922200515,0.0,0.0,0.9914448613738105,-0.016000000000000007,-0.22496149868535165,0.2802328425555495,-0.1305261922200515,0.0,0.0,0.9914448613738105,-0.016000000000000007,-0.22496149868535165,0.2802328425555495,-0.1305261922200515,0.0,0.0,0.9914448613738105,-0.016000000000000007,-0.22496149868535165,0.2802328425555495,-0.1305261922200515,0.0,0.0,0.9914448613738105,-0.016000000000000007,-0.22496149868535165,0.2802328425555495,-0.1305261922200515,0.0,0.0,0.9914448613738105,0.0,-0.5235987755982988,0.7853981633974483,0.0,0.5235987755982988,0.0,0.0,-0.5235987755982988,0.7853981633974483,0.0,0.5235987755982988,0.0,0.0,-0.5235987755982988,0.7853981633974483,0.0,0.5235987755982988,0.0,0.0,0.0,0.0,0.0,0.0,0.0,0.0,0.0,0.0,0.0,0.0,0.0,0.5,0.0,0.0,0.0,False,False,False,False,1,False,,0.0,0,,,,True,True,0.0,0.010012000013375655,True,0.0,0.0,False,False,False,False,False,False,1.0,False,False,False,0.0,0.0,0.0,0.0
0.7603609000140094,1786138889.6552997,0.010029600001871586,0.003029099985724315,0.010029600001871586,READY,0,waiting for deadman,0.0,0.7603609000140094,147,0.0,0.0,0.0,0.0,0.0,0.0,1.0,0.0,0.0,0.0,0.0,0.0,0.0,1.0,-0.016000000000000007,-0.22496149868535165,0.2802328425555495,-0.1305261922200515,0.0,0.0,0.9914448613738105,-0.016000000000000007,-0.22496149868535165,0.2802328425555495,-0.1305261922200515,0.0,0.0,0.9914448613738105,-0.016000000000000007,-0.22496149868535165,0.2802328425555495,-0.1305261922200515,0.0,0.0,0.9914448613738105,-0.016000000000000007,-0.22496149868535165,0.2802328425555495,-0.1305261922200515,0.0,0.0,0.9914448613738105,-0.016000000000000007,-0.22496149868535165,0.2802328425555495,-0.1305261922200515,0.0,0.0,0.9914448613738105,0.0,-0.5235987755982988,0.7853981633974483,0.0,0.5235987755982988,0.0,0.0,-0.5235987755982988,0.7853981633974483,0.0,0.5235987755982988,0.0,0.0,-0.5235987755982988,0.7853981633974483,0.0,0.5235987755982988,0.0,0.0,0.0,0.0,0.0,0.0,0.0,0.0,0.0,0.0,0.0,0.0,0.0,0.5,0.0,0.0,0.0,False,False,False,False,1,False,,0.0,0,,,,True,True,0.0,0.010029600001871586,True,0.0,0.0,False,False,False,False,False,False,1.0,False,False,False,0.0,0.0,0.0,0.0
0.770426399998203,1786138889.666237,0.010065499984193593,0.0039044000150170177,0.010065499984193593,READY,0,waiting for deadman,0.0,0.770426399998203,149,0.0,0.0,0.0,0.0,0.0,0.0,1.0,0.0,0.0,0.0,0.0,0.0,0.0,1.0,-0.016000000000000007,-0.22496149868535165,0.2802328425555495,-0.1305261922200515,0.0,0.0,0.9914448613738105,-0.016000000000000007,-0.22496149868535165,0.2802328425555495,-0.1305261922200515,0.0,0.0,0.9914448613738105,-0.016000000000000007,-0.22496149868535165,0.2802328425555495,-0.1305261922200515,0.0,0.0,0.9914448613738105,-0.016000000000000007,-0.22496149868535165,0.2802328425555495,-0.1305261922200515,0.0,0.0,0.9914448613738105,-0.016000000000000007,-0.22496149868535165,0.2802328425555495,-0.1305261922200515,0.0,0.0,0.9914448613738105,0.0,-0.5235987755982988,0.7853981633974483,0.0,0.5235987755982988,0.0,0.0,-0.5235987755982988,0.7853981633974483,0.0,0.5235987755982988,0.0,0.0,-0.5235987755982988,0.7853981633974483,0.0,0.5235987755982988,0.0,0.0,0.0,0.0,0.0,0.0,0.0,0.0,0.0,0.0,0.0,0.0,0.0,0.5,0.0,0.0,0.0,False,False,False,False,1,False,,0.0,0,,,,True,True,0.0,0.010065499984193593,True,0.0,0.0,False,False,False,False,False,False,1.0,False,False,False,0.0,0.0,0.0,0.0
0.7804524000017662,1786138889.675781,0.01002600000356324,0.003422700014198199,0.01002600000356324,READY,0,waiting for deadman,0.0,0.7804524000017662,151,0.0,0.0,0.0,0.0,0.0,0.0,1.0,0.0,0.0,0.0,0.0,0.0,0.0,1.0,-0.016000000000000007,-0.22496149868535165,0.2802328425555495,-0.1305261922200515,0.0,0.0,0.9914448613738105,-0.016000000000000007,-0.22496149868535165,0.2802328425555495,-0.1305261922200515,0.0,0.0,0.9914448613738105,-0.016000000000000007,-0.22496149868535165,0.2802328425555495,-0.1305261922200515,0.0,0.0,0.9914448613738105,-0.016000000000000007,-0.22496149868535165,0.2802328425555495,-0.1305261922200515,0.0,0.0,0.9914448613738105,-0.016000000000000007,-0.22496149868535165,0.2802328425555495,-0.1305261922200515,0.0,0.0,0.9914448613738105,0.0,-0.5235987755982988,0.7853981633974483,0.0,0.5235987755982988,0.0,0.0,-0.5235987755982988,0.7853981633974483,0.0,0.5235987755982988,0.0,0.0,-0.5235987755982988,0.7853981633974483,0.0,0.5235987755982988,0.0,0.0,0.0,0.0,0.0,0.0,0.0,0.0,0.0,0.0,0.0,0.0,0.0,0.5,0.0,0.0,0.0,False,False,False,False,1,False,,0.0,0,,,,True,True,0.0,0.01002600000356324,True,0.0,0.0,False,False,False,False,False,False,1.0,False,False,False,0.0,0.0,0.0,0.0
0.7905523000150677,1786138889.6866121,0.010099900013301522,0.004152500012423843,0.010099900013301522,READY,0,waiting for deadman,0.0,0.7905523000150677,153,0.0,0.0,0.0,0.0,0.0,0.0,1.0,0.0,0.0,0.0,0.0,0.0,0.0,1.0,-0.016000000000000007,-0.22496149868535165,0.2802328425555495,-0.1305261922200515,0.0,0.0,0.9914448613738105,-0.016000000000000007,-0.22496149868535165,0.2802328425555495,-0.1305261922200515,0.0,0.0,0.9914448613738105,-0.016000000000000007,-0.22496149868535165,0.2802328425555495,-0.1305261922200515,0.0,0.0,0.9914448613738105,-0.016000000000000007,-0.22496149868535165,0.2802328425555495,-0.1305261922200515,0.0,0.0,0.9914448613738105,-0.016000000000000007,-0.22496149868535165,0.2802328425555495,-0.1305261922200515,0.0,0.0,0.9914448613738105,0.0,-0.5235987755982988,0.7853981633974483,0.0,0.5235987755982988,0.0,0.0,-0.5235987755982988,0.7853981633974483,0.0,0.5235987755982988,0.0,0.0,-0.5235987755982988,0.7853981633974483,0.0,0.5235987755982988,0.0,0.0,0.0,0.0,0.0,0.0,0.0,0.0,0.0,0.0,0.0,0.0,0.0,0.5,0.0,0.0,0.0,False,False,False,False,1,False,,0.0,0,,,,True,True,0.0,0.010099900013301522,True,0.0,0.0,False,False,False,False,False,False,1.0,False,False,False,0.0,0.0,0.0,0.0
0.800484200000599,1786138889.6964004,0.009931899985531345,0.004013400000985712,0.009931899985531345,READY,0,waiting for deadman,0.0,0.800484200000599,155,0.0,0.0,0.0,0.0,0.0,0.0,1.0,0.0,0.0,0.0,0.0,0.0,0.0,1.0,-0.016000000000000007,-0.22496149868535165,0.2802328425555495,-0.1305261922200515,0.0,0.0,0.9914448613738105,-0.016000000000000007,-0.22496149868535165,0.2802328425555495,-0.1305261922200515,0.0,0.0,0.9914448613738105,-0.016000000000000007,-0.22496149868535165,0.2802328425555495,-0.1305261922200515,0.0,0.0,0.9914448613738105,-0.016000000000000007,-0.22496149868535165,0.2802328425555495,-0.1305261922200515,0.0,0.0,0.9914448613738105,-0.016000000000000007,-0.22496149868535165,0.2802328425555495,-0.1305261922200515,0.0,0.0,0.9914448613738105,0.0,-0.5235987755982988,0.7853981633974483,0.0,0.5235987755982988,0.0,0.0,-0.5235987755982988,0.7853981633974483,0.0,0.5235987755982988,0.0,0.0,-0.5235987755982988,0.7853981633974483,0.0,0.5235987755982988,0.0,0.0,0.0,0.0,0.0,0.0,0.0,0.0,0.0,0.0,0.0,0.0,0.0,0.5,0.0,0.0,0.0,False,False,False,False,1,False,,0.0,0,,,,True,True,0.0,0.009931899985531345,True,0.0,0.0,False,False,False,False,False,False,1.0,False,False,False,0.0,0.0,0.0,0.0
0.8105279999941811,1786138889.7055929,0.01004379999358207,0.003158200008329004,0.01004379999358207,READY,0,waiting for deadman,0.0,0.8105279999941811,157,0.0,0.0,0.0,0.0,0.0,0.0,1.0,0.0,0.0,0.0,0.0,0.0,0.0,1.0,-0.016000000000000007,-0.22496149868535165,0.2802328425555495,-0.1305261922200515,0.0,0.0,0.9914448613738105,-0.016000000000000007,-0.22496149868535165,0.2802328425555495,-0.1305261922200515,0.0,0.0,0.9914448613738105,-0.016000000000000007,-0.22496149868535165,0.2802328425555495,-0.1305261922200515,0.0,0.0,0.9914448613738105,-0.016000000000000007,-0.22496149868535165,0.2802328425555495,-0.1305261922200515,0.0,0.0,0.9914448613738105,-0.016000000000000007,-0.22496149868535165,0.2802328425555495,-0.1305261922200515,0.0,0.0,0.9914448613738105,0.0,-0.5235987755982988,0.7853981633974483,0.0,0.5235987755982988,0.0,0.0,-0.5235987755982988,0.7853981633974483,0.0,0.5235987755982988,0.0,0.0,-0.5235987755982988,0.7853981633974483,0.0,0.5235987755982988,0.0,0.0,0.0,0.0,0.0,0.0,0.0,0.0,0.0,0.0,0.0,0.0,0.0,0.5,0.0,0.0,0.0,False,False,False,False,1,False,,0.0,0,,,,True,True,0.0,0.01004379999358207,True,0.0,0.0,False,False,False,False,False,False,1.0,False,False,False,0.0,0.0,0.0,0.0
0.8205138000117839,1786138889.7164247,0.009985800017602742,0.004007200011983514,0.009985800017602742,READY,0,waiting for deadman,0.0,0.8205138000117839,159,0.0,0.0,0.0,0.0,0.0,0.0,1.0,0.0,0.0,0.0,0.0,0.0,0.0,1.0,-0.016000000000000007,-0.22496149868535165,0.2802328425555495,-0.1305261922200515,0.0,0.0,0.9914448613738105,-0.016000000000000007,-0.22496149868535165,0.2802328425555495,-0.1305261922200515,0.0,0.0,0.9914448613738105,-0.016000000000000007,-0.22496149868535165,0.2802328425555495,-0.1305261922200515,0.0,0.0,0.9914448613738105,-0.016000000000000007,-0.22496149868535165,0.2802328425555495,-0.1305261922200515,0.0,0.0,0.9914448613738105,-0.016000000000000007,-0.22496149868535165,0.2802328425555495,-0.1305261922200515,0.0,0.0,0.9914448613738105,0.0,-0.5235987755982988,0.7853981633974483,0.0,0.5235987755982988,0.0,0.0,-0.5235987755982988,0.7853981633974483,0.0,0.5235987755982988,0.0,0.0,-0.5235987755982988,0.7853981633974483,0.0,0.5235987755982988,0.0,0.0,0.0,0.0,0.0,0.0,0.0,0.0,0.0,0.0,0.0,0.0,0.0,0.5,0.0,0.0,0.0,False,False,False,False,1,False,,0.0,0,,,,True,True,0.0,0.009985800017602742,True,0.0,0.0,False,False,False,False,False,False,1.0,False,False,False,0.0,0.0,0.0,0.0
0.8300308000103794,1786138889.7250025,0.009516999998595566,0.003068699996219948,0.009516999998595566,READY,0,waiting for deadman,0.0,0.8300308000103794,161,0.0,0.0,0.0,0.0,0.0,0.0,1.0,0.0,0.0,0.0,0.0,0.0,0.0,1.0,-0.016000000000000007,-0.22496149868535165,0.2802328425555495,-0.1305261922200515,0.0,0.0,0.9914448613738105,-0.016000000000000007,-0.22496149868535165,0.2802328425555495,-0.1305261922200515,0.0,0.0,0.9914448613738105,-0.016000000000000007,-0.22496149868535165,0.2802328425555495,-0.1305261922200515,0.0,0.0,0.9914448613738105,-0.016000000000000007,-0.22496149868535165,0.2802328425555495,-0.1305261922200515,0.0,0.0,0.9914448613738105,-0.016000000000000007,-0.22496149868535165,0.2802328425555495,-0.1305261922200515,0.0,0.0,0.9914448613738105,0.0,-0.5235987755982988,0.7853981633974483,0.0,0.5235987755982988,0.0,0.0,-0.5235987755982988,0.7853981633974483,0.0,0.5235987755982988,0.0,0.0,-0.5235987755982988,0.7853981633974483,0.0,0.5235987755982988,0.0,0.0,0.0,0.0,0.0,0.0,0.0,0.0,0.0,0.0,0.0,0.0,0.0,0.5,0.0,0.0,0.0,False,False,False,False,1,False,,0.0,0,,,,True,True,0.0,0.009516999998595566,True,0.0,0.0,False,False,False,False,False,False,1.0,False,False,False,0.0,0.0,0.0,0.0
0.840515700015774,1786138889.7365327,0.010484900005394593,0.004113300004974008,0.010484900005394593,READY,0,waiting for deadman,0.0,0.840515700015774,163,0.0,0.0,0.0,0.0,0.0,0.0,1.0,0.0,0.0,0.0,0.0,0.0,0.0,1.0,-0.016000000000000007,-0.22496149868535165,0.2802328425555495,-0.1305261922200515,0.0,0.0,0.9914448613738105,-0.016000000000000007,-0.22496149868535165,0.2802328425555495,-0.1305261922200515,0.0,0.0,0.9914448613738105,-0.016000000000000007,-0.22496149868535165,0.2802328425555495,-0.1305261922200515,0.0,0.0,0.9914448613738105,-0.016000000000000007,-0.22496149868535165,0.2802328425555495,-0.1305261922200515,0.0,0.0,0.9914448613738105,-0.016000000000000007,-0.22496149868535165,0.2802328425555495,-0.1305261922200515,0.0,0.0,0.9914448613738105,0.0,-0.5235987755982988,0.7853981633974483,0.0,0.5235987755982988,0.0,0.0,-0.5235987755982988,0.7853981633974483,0.0,0.5235987755982988,0.0,0.0,-0.5235987755982988,0.7853981633974483,0.0,0.5235987755982988,0.0,0.0,0.0,0.0,0.0,0.0,0.0,0.0,0.0,0.0,0.0,0.0,0.0,0.5,0.0,0.0,0.0,False,False,False,False,1,False,,0.0,0,,,,True,True,0.0,0.010484900005394593,True,0.0,0.0,False,False,False,False,False,False,1.0,False,False,False,0.0,0.0,0.0,0.0
0.8500603999924604,1786138889.7451084,0.009544699976686388,0.0031450999958906323,0.009544699976686388,READY,0,waiting for deadman,0.0,0.8500603999924604,165,0.0,0.0,0.0,0.0,0.0,0.0,1.0,0.0,0.0,0.0,0.0,0.0,0.0,1.0,-0.016000000000000007,-0.22496149868535165,0.2802328425555495,-0.1305261922200515,0.0,0.0,0.9914448613738105,-0.016000000000000007,-0.22496149868535165,0.2802328425555495,-0.1305261922200515,0.0,0.0,0.9914448613738105,-0.016000000000000007,-0.22496149868535165,0.2802328425555495,-0.1305261922200515,0.0,0.0,0.9914448613738105,-0.016000000000000007,-0.22496149868535165,0.2802328425555495,-0.1305261922200515,0.0,0.0,0.9914448613738105,-0.016000000000000007,-0.22496149868535165,0.2802328425555495,-0.1305261922200515,0.0,0.0,0.9914448613738105,0.0,-0.5235987755982988,0.7853981633974483,0.0,0.5235987755982988,0.0,0.0,-0.5235987755982988,0.7853981633974483,0.0,0.5235987755982988,0.0,0.0,-0.5235987755982988,0.7853981633974483,0.0,0.5235987755982988,0.0,0.0,0.0,0.0,0.0,0.0,0.0,0.0,0.0,0.0,0.0,0.0,0.0,0.5,0.0,0.0,0.0,False,False,False,False,1,False,,0.0,0,,,,True,True,0.0,0.009544699976686388,True,0.0,0.0,False,False,False,False,False,False,1.0,False,False,False,0.0,0.0,0.0,0.0
0.8601623999926485,1786138889.7552893,0.010102000000188127,0.0032207000185735524,0.010102000000188127,READY,0,waiting for deadman,0.0,0.8601623999926485,167,0.0,0.0,0.0,0.0,0.0,0.0,1.0,0.0,0.0,0.0,0.0,0.0,0.0,1.0,-0.016000000000000007,-0.22496149868535165,0.2802328425555495,-0.1305261922200515,0.0,0.0,0.9914448613738105,-0.016000000000000007,-0.22496149868535165,0.2802328425555495,-0.1305261922200515,0.0,0.0,0.9914448613738105,-0.016000000000000007,-0.22496149868535165,0.2802328425555495,-0.1305261922200515,0.0,0.0,0.9914448613738105,-0.016000000000000007,-0.22496149868535165,0.2802328425555495,-0.1305261922200515,0.0,0.0,0.9914448613738105,-0.016000000000000007,-0.22496149868535165,0.2802328425555495,-0.1305261922200515,0.0,0.0,0.9914448613738105,0.0,-0.5235987755982988,0.7853981633974483,0.0,0.5235987755982988,0.0,0.0,-0.5235987755982988,0.7853981633974483,0.0,0.5235987755982988,0.0,0.0,-0.5235987755982988,0.7853981633974483,0.0,0.5235987755982988,0.0,0.0,0.0,0.0,0.0,0.0,0.0,0.0,0.0,0.0,0.0,0.0,0.0,0.5,0.0,0.0,0.0,False,False,False,False,1,False,,0.0,0,,,,True,True,0.0,0.010102000000188127,True,0.0,0.0,False,False,False,False,False,False,1.0,False,False,False,0.0,0.0,0.0,0.0
0.8701828000117783,1786138889.766039,0.010020400019129738,0.00394850000157021,0.010020400019129738,READY,0,waiting for deadman,0.0,0.8701828000117783,169,0.0,0.0,0.0,0.0,0.0,0.0,1.0,0.0,0.0,0.0,0.0,0.0,0.0,1.0,-0.016000000000000007,-0.22496149868535165,0.2802328425555495,-0.1305261922200515,0.0,0.0,0.9914448613738105,-0.016000000000000007,-0.22496149868535165,0.2802328425555495,-0.1305261922200515,0.0,0.0,0.9914448613738105,-0.016000000000000007,-0.22496149868535165,0.2802328425555495,-0.1305261922200515,0.0,0.0,0.9914448613738105,-0.016000000000000007,-0.22496149868535165,0.2802328425555495,-0.1305261922200515,0.0,0.0,0.9914448613738105,-0.016000000000000007,-0.22496149868535165,0.2802328425555495,-0.1305261922200515,0.0,0.0,0.9914448613738105,0.0,-0.5235987755982988,0.7853981633974483,0.0,0.5235987755982988,0.0,0.0,-0.5235987755982988,0.7853981633974483,0.0,0.5235987755982988,0.0,0.0,-0.5235987755982988,0.7853981633974483,0.0,0.5235987755982988,0.0,0.0,0.0,0.0,0.0,0.0,0.0,0.0,0.0,0.0,0.0,0.0,0.0,0.5,0.0,0.0,0.0,False,False,False,False,1,False,,0.0,0,,,,True,True,0.0,0.010020400019129738,True,0.0,0.0,False,False,False,False,False,False,1.0,False,False,False,0.0,0.0,0.0,0.0
0.8801925000076406,1786138889.7751665,0.01000969999586232,0.003072399995289743,0.01000969999586232,READY,0,waiting for deadman,0.0,0.8801925000076406,171,0.0,0.0,0.0,0.0,0.0,0.0,1.0,0.0,0.0,0.0,0.0,0.0,0.0,1.0,-0.016000000000000007,-0.22496149868535165,0.2802328425555495,-0.1305261922200515,0.0,0.0,0.9914448613738105,-0.016000000000000007,-0.22496149868535165,0.2802328425555495,-0.1305261922200515,0.0,0.0,0.9914448613738105,-0.016000000000000007,-0.22496149868535165,0.2802328425555495,-0.1305261922200515,0.0,0.0,0.9914448613738105,-0.016000000000000007,-0.22496149868535165,0.2802328425555495,-0.1305261922200515,0.0,0.0,0.9914448613738105,-0.016000000000000007,-0.22496149868535165,0.2802328425555495,-0.1305261922200515,0.0,0.0,0.9914448613738105,0.0,-0.5235987755982988,0.7853981633974483,0.0,0.5235987755982988,0.0,0.0,-0.5235987755982988,0.7853981633974483,0.0,0.5235987755982988,0.0,0.0,-0.5235987755982988,0.7853981633974483,0.0,0.5235987755982988,0.0,0.0,0.0,0.0,0.0,0.0,0.0,0.0,0.0,0.0,0.0,0.0,0.0,0.5,0.0,0.0,0.0,False,False,False,False,1,False,,0.0,0,,,,True,True,0.0,0.01000969999586232,True,0.0,0.0,False,False,False,False,False,False,1.0,False,False,False,0.0,0.0,0.0,0.0
0.8904979000141137,1786138889.787628,0.010305400006473064,0.005225500004598871,0.010305400006473064,READY,0,waiting for deadman,0.0,0.8904979000141137,173,0.0,0.0,0.0,0.0,0.0,0.0,1.0,0.0,0.0,0.0,0.0,0.0,0.0,1.0,-0.016000000000000007,-0.22496149868535165,0.2802328425555495,-0.1305261922200515,0.0,0.0,0.9914448613738105,-0.016000000000000007,-0.22496149868535165,0.2802328425555495,-0.1305261922200515,0.0,0.0,0.9914448613738105,-0.016000000000000007,-0.22496149868535165,0.2802328425555495,-0.1305261922200515,0.0,0.0,0.9914448613738105,-0.016000000000000007,-0.22496149868535165,0.2802328425555495,-0.1305261922200515,0.0,0.0,0.9914448613738105,-0.016000000000000007,-0.22496149868535165,0.2802328425555495,-0.1305261922200515,0.0,0.0,0.9914448613738105,0.0,-0.5235987755982988,0.7853981633974483,0.0,0.5235987755982988,0.0,0.0,-0.5235987755982988,0.7853981633974483,0.0,0.5235987755982988,0.0,0.0,-0.5235987755982988,0.7853981633974483,0.0,0.5235987755982988,0.0,0.0,0.0,0.0,0.0,0.0,0.0,0.0,0.0,0.0,0.0,0.0,0.0,0.5,0.0,0.0,0.0,False,False,False,False,1,False,,0.0,0,,,,True,True,0.0,0.010305400006473064,True,0.0,0.0,False,False,False,False,False,False,1.0,False,False,False,0.0,0.0,0.0,0.0
0.9004122000111491,1786138889.7965338,0.009914299997035414,0.004204299999400973,0.009914299997035414,READY,0,waiting for deadman,0.0,0.9004122000111491,175,0.0,0.0,0.0,0.0,0.0,0.0,1.0,0.0,0.0,0.0,0.0,0.0,0.0,1.0,-0.016000000000000007,-0.22496149868535165,0.2802328425555495,-0.1305261922200515,0.0,0.0,0.9914448613738105,-0.016000000000000007,-0.22496149868535165,0.2802328425555495,-0.1305261922200515,0.0,0.0,0.9914448613738105,-0.016000000000000007,-0.22496149868535165,0.2802328425555495,-0.1305261922200515,0.0,0.0,0.9914448613738105,-0.016000000000000007,-0.22496149868535165,0.2802328425555495,-0.1305261922200515,0.0,0.0,0.9914448613738105,-0.016000000000000007,-0.22496149868535165,0.2802328425555495,-0.1305261922200515,0.0,0.0,0.9914448613738105,0.0,-0.5235987755982988,0.7853981633974483,0.0,0.5235987755982988,0.0,0.0,-0.5235987755982988,0.7853981633974483,0.0,0.5235987755982988,0.0,0.0,-0.5235987755982988,0.7853981633974483,0.0,0.5235987755982988,0.0,0.0,0.0,0.0,0.0,0.0,0.0,0.0,0.0,0.0,0.0,0.0,0.0,0.5,0.0,0.0,0.0,False,False,False,False,1,False,,0.0,0,,,,True,True,0.0,0.009914299997035414,True,0.0,0.0,False,False,False,False,False,False,1.0,False,False,False,0.0,0.0,0.0,0.0
0.9102045000105389,1786138889.8058684,0.009792299999389797,0.0037542000063695014,0.009792299999389797,READY,0,waiting for deadman,0.0,0.9102045000105389,177,0.0,0.0,0.0,0.0,0.0,0.0,1.0,0.0,0.0,0.0,0.0,0.0,0.0,1.0,-0.016000000000000007,-0.22496149868535165,0.2802328425555495,-0.1305261922200515,0.0,0.0,0.9914448613738105,-0.016000000000000007,-0.22496149868535165,0.2802328425555495,-0.1305261922200515,0.0,0.0,0.9914448613738105,-0.016000000000000007,-0.22496149868535165,0.2802328425555495,-0.1305261922200515,0.0,0.0,0.9914448613738105,-0.016000000000000007,-0.22496149868535165,0.2802328425555495,-0.1305261922200515,0.0,0.0,0.9914448613738105,-0.016000000000000007,-0.22496149868535165,0.2802328425555495,-0.1305261922200515,0.0,0.0,0.9914448613738105,0.0,-0.5235987755982988,0.7853981633974483,0.0,0.5235987755982988,0.0,0.0,-0.5235987755982988,0.7853981633974483,0.0,0.5235987755982988,0.0,0.0,-0.5235987755982988,0.7853981633974483,0.0,0.5235987755982988,0.0,0.0,0.0,0.0,0.0,0.0,0.0,0.0,0.0,0.0,0.0,0.0,0.0,0.5,0.0,0.0,0.0,False,False,False,False,1,False,,0.0,0,,,,True,True,0.0,0.009792299999389797,True,0.0,0.0,False,False,False,False,False,False,1.0,False,False,False,0.0,0.0,0.0,0.0
0.9202325000002273,1786138889.816461,0.010027999989688396,0.004318599996622652,0.010027999989688396,READY,0,waiting for deadman,0.0,0.9202325000002273,179,0.0,0.0,0.0,0.0,0.0,0.0,1.0,0.0,0.0,0.0,0.0,0.0,0.0,1.0,-0.016000000000000007,-0.22496149868535165,0.2802328425555495,-0.1305261922200515,0.0,0.0,0.9914448613738105,-0.016000000000000007,-0.22496149868535165,0.2802328425555495,-0.1305261922200515,0.0,0.0,0.9914448613738105,-0.016000000000000007,-0.22496149868535165,0.2802328425555495,-0.1305261922200515,0.0,0.0,0.9914448613738105,-0.016000000000000007,-0.22496149868535165,0.2802328425555495,-0.1305261922200515,0.0,0.0,0.9914448613738105,-0.016000000000000007,-0.22496149868535165,0.2802328425555495,-0.1305261922200515,0.0,0.0,0.9914448613738105,0.0,-0.5235987755982988,0.7853981633974483,0.0,0.5235987755982988,0.0,0.0,-0.5235987755982988,0.7853981633974483,0.0,0.5235987755982988,0.0,0.0,-0.5235987755982988,0.7853981633974483,0.0,0.5235987755982988,0.0,0.0,0.0,0.0,0.0,0.0,0.0,0.0,0.0,0.0,0.0,0.0,0.0,0.5,0.0,0.0,0.0,False,False,False,False,1,False,,0.0,0,,,,True,True,0.0,0.010027999989688396,True,0.0,0.0,False,False,False,False,False,False,1.0,False,False,False,0.0,0.0,0.0,0.0
0.930271599987125,1786138889.8260994,0.010039099986897781,0.003925000026356429,0.010039099986897781,READY,0,waiting for deadman,0.0,0.930271599987125,181,0.0,0.0,0.0,0.0,0.0,0.0,1.0,0.0,0.0,0.0,0.0,0.0,0.0,1.0,-0.016000000000000007,-0.22496149868535165,0.2802328425555495,-0.1305261922200515,0.0,0.0,0.9914448613738105,-0.016000000000000007,-0.22496149868535165,0.2802328425555495,-0.1305261922200515,0.0,0.0,0.9914448613738105,-0.016000000000000007,-0.22496149868535165,0.2802328425555495,-0.1305261922200515,0.0,0.0,0.9914448613738105,-0.016000000000000007,-0.22496149868535165,0.2802328425555495,-0.1305261922200515,0.0,0.0,0.9914448613738105,-0.016000000000000007,-0.22496149868535165,0.2802328425555495,-0.1305261922200515,0.0,0.0,0.9914448613738105,0.0,-0.5235987755982988,0.7853981633974483,0.0,0.5235987755982988,0.0,0.0,-0.5235987755982988,0.7853981633974483,0.0,0.5235987755982988,0.0,0.0,-0.5235987755982988,0.7853981633974483,0.0,0.5235987755982988,0.0,0.0,0.0,0.0,0.0,0.0,0.0,0.0,0.0,0.0,0.0,0.0,0.0,0.5,0.0,0.0,0.0,False,False,False,False,1,False,,0.0,0,,,,True,True,0.0,0.010039099986897781,True,0.0,0.0,False,False,False,False,False,False,1.0,False,False,False,0.0,0.0,0.0,0.0
0.9402779000153058,1786138889.8363173,0.010006300028180704,0.004132500005653128,0.010006300028180704,READY,0,waiting for deadman,0.0,0.9402779000153058,183,0.0,0.0,0.0,0.0,0.0,0.0,1.0,0.0,0.0,0.0,0.0,0.0,0.0,1.0,-0.016000000000000007,-0.22496149868535165,0.2802328425555495,-0.1305261922200515,0.0,0.0,0.9914448613738105,-0.016000000000000007,-0.22496149868535165,0.2802328425555495,-0.1305261922200515,0.0,0.0,0.9914448613738105,-0.016000000000000007,-0.22496149868535165,0.2802328425555495,-0.1305261922200515,0.0,0.0,0.9914448613738105,-0.016000000000000007,-0.22496149868535165,0.2802328425555495,-0.1305261922200515,0.0,0.0,0.9914448613738105,-0.016000000000000007,-0.22496149868535165,0.2802328425555495,-0.1305261922200515,0.0,0.0,0.9914448613738105,0.0,-0.5235987755982988,0.7853981633974483,0.0,0.5235987755982988,0.0,0.0,-0.5235987755982988,0.7853981633974483,0.0,0.5235987755982988,0.0,0.0,-0.5235987755982988,0.7853981633974483,0.0,0.5235987755982988,0.0,0.0,0.0,0.0,0.0,0.0,0.0,0.0,0.0,0.0,0.0,0.0,0.0,0.5,0.0,0.0,0.0,False,False,False,False,1,False,,0.0,0,,,,True,True,0.0,0.010006300028180704,True,0.0,0.0,False,False,False,False,False,False,1.0,False,False,False,0.0,0.0,0.0,0.0
0.950435900005348,1786138889.8466716,0.010157999990042299,0.004327700007706881,0.010157999990042299,READY,0,waiting for deadman,0.0,0.950435900005348,185,0.0,0.0,0.0,0.0,0.0,0.0,1.0,0.0,0.0,0.0,0.0,0.0,0.0,1.0,-0.016000000000000007,-0.22496149868535165,0.2802328425555495,-0.1305261922200515,0.0,0.0,0.9914448613738105,-0.016000000000000007,-0.22496149868535165,0.2802328425555495,-0.1305261922200515,0.0,0.0,0.9914448613738105,-0.016000000000000007,-0.22496149868535165,0.2802328425555495,-0.1305261922200515,0.0,0.0,0.9914448613738105,-0.016000000000000007,-0.22496149868535165,0.2802328425555495,-0.1305261922200515,0.0,0.0,0.9914448613738105,-0.016000000000000007,-0.22496149868535165,0.2802328425555495,-0.1305261922200515,0.0,0.0,0.9914448613738105,0.0,-0.5235987755982988,0.7853981633974483,0.0,0.5235987755982988,0.0,0.0,-0.5235987755982988,0.7853981633974483,0.0,0.5235987755982988,0.0,0.0,-0.5235987755982988,0.7853981633974483,0.0,0.5235987755982988,0.0,0.0,0.0,0.0,0.0,0.0,0.0,0.0,0.0,0.0,0.0,0.0,0.0,0.5,0.0,0.0,0.0,False,False,False,False,1,False,,0.0,0,,,,True,True,0.0,0.010157999990042299,True,0.0,0.0,False,False,False,False,False,False,1.0,False,False,False,0.0,0.0,0.0,0.0
0.9604458000027333,1786138889.8560593,0.010009899997385219,0.003710799996042624,0.010009899997385219,READY,0,waiting for deadman,0.0,0.9604458000027333,187,0.0,0.0,0.0,0.0,0.0,0.0,1.0,0.0,0.0,0.0,0.0,0.0,0.0,1.0,-0.016000000000000007,-0.22496149868535165,0.2802328425555495,-0.1305261922200515,0.0,0.0,0.9914448613738105,-0.016000000000000007,-0.22496149868535165,0.2802328425555495,-0.1305261922200515,0.0,0.0,0.9914448613738105,-0.016000000000000007,-0.22496149868535165,0.2802328425555495,-0.1305261922200515,0.0,0.0,0.9914448613738105,-0.016000000000000007,-0.22496149868535165,0.2802328425555495,-0.1305261922200515,0.0,0.0,0.9914448613738105,-0.016000000000000007,-0.22496149868535165,0.2802328425555495,-0.1305261922200515,0.0,0.0,0.9914448613738105,0.0,-0.5235987755982988,0.7853981633974483,0.0,0.5235987755982988,0.0,0.0,-0.5235987755982988,0.7853981633974483,0.0,0.5235987755982988,0.0,0.0,-0.5235987755982988,0.7853981633974483,0.0,0.5235987755982988,0.0,0.0,0.0,0.0,0.0,0.0,0.0,0.0,0.0,0.0,0.0,0.0,0.0,0.5,0.0,0.0,0.0,False,False,False,False,1,False,,0.0,0,,,,True,True,0.0,0.010009899997385219,True,0.0,0.0,False,False,False,False,False,False,1.0,False,False,False,0.0,0.0,0.0,0.0
0.9704702999948748,1786138889.8660264,0.0100244999921415,0.003652299987152219,0.0100244999921415,READY,0,waiting for deadman,0.0,0.9704702999948748,189,0.0,0.0,0.0,0.0,0.0,0.0,1.0,0.0,0.0,0.0,0.0,0.0,0.0,1.0,-0.016000000000000007,-0.22496149868535165,0.2802328425555495,-0.1305261922200515,0.0,0.0,0.9914448613738105,-0.016000000000000007,-0.22496149868535165,0.2802328425555495,-0.1305261922200515,0.0,0.0,0.9914448613738105,-0.016000000000000007,-0.22496149868535165,0.2802328425555495,-0.1305261922200515,0.0,0.0,0.9914448613738105,-0.016000000000000007,-0.22496149868535165,0.2802328425555495,-0.1305261922200515,0.0,0.0,0.9914448613738105,-0.016000000000000007,-0.22496149868535165,0.2802328425555495,-0.1305261922200515,0.0,0.0,0.9914448613738105,0.0,-0.5235987755982988,0.7853981633974483,0.0,0.5235987755982988,0.0,0.0,-0.5235987755982988,0.7853981633974483,0.0,0.5235987755982988,0.0,0.0,-0.5235987755982988,0.7853981633974483,0.0,0.5235987755982988,0.0,0.0,0.0,0.0,0.0,0.0,0.0,0.0,0.0,0.0,0.0,0.0,0.0,0.5,0.0,0.0,0.0,False,False,False,False,1,False,,0.0,0,,,,True,True,0.0,0.0100244999921415,True,0.0,0.0,False,False,False,False,False,False,1.0,False,False,False,0.0,0.0,0.0,0.0
0.9807529000023604,1786138889.875718,0.010282600007485598,0.0030617000011261553,0.010282600007485598,READY,0,waiting for deadman,0.0,0.9807529000023604,191,0.0,0.0,0.0,0.0,0.0,0.0,1.0,0.0,0.0,0.0,0.0,0.0,0.0,1.0,-0.016000000000000007,-0.22496149868535165,0.2802328425555495,-0.1305261922200515,0.0,0.0,0.9914448613738105,-0.016000000000000007,-0.22496149868535165,0.2802328425555495,-0.1305261922200515,0.0,0.0,0.9914448613738105,-0.016000000000000007,-0.22496149868535165,0.2802328425555495,-0.1305261922200515,0.0,0.0,0.9914448613738105,-0.016000000000000007,-0.22496149868535165,0.2802328425555495,-0.1305261922200515,0.0,0.0,0.9914448613738105,-0.016000000000000007,-0.22496149868535165,0.2802328425555495,-0.1305261922200515,0.0,0.0,0.9914448613738105,0.0,-0.5235987755982988,0.7853981633974483,0.0,0.5235987755982988,0.0,0.0,-0.5235987755982988,0.7853981633974483,0.0,0.5235987755982988,0.0,0.0,-0.5235987755982988,0.7853981633974483,0.0,0.5235987755982988,0.0,0.0,0.0,0.0,0.0,0.0,0.0,0.0,0.0,0.0,0.0,0.0,0.0,0.5,0.0,0.0,0.0,False,False,False,False,1,False,,0.0,0,,,,True,True,0.0,0.010282600007485598,True,0.0,0.0,False,False,False,False,False,False,1.0,False,False,False,0.0,0.0,0.0,0.0
0.9905169999907483,1786138889.8861315,0.009764099988387898,0.003707600000780076,0.009764099988387898,READY,0,waiting for deadman,0.0,0.9905169999907483,193,0.0,0.0,0.0,0.0,0.0,0.0,1.0,0.0,0.0,0.0,0.0,0.0,0.0,1.0,-0.016000000000000007,-0.22496149868535165,0.2802328425555495,-0.1305261922200515,0.0,0.0,0.9914448613738105,-0.016000000000000007,-0.22496149868535165,0.2802328425555495,-0.1305261922200515,0.0,0.0,0.9914448613738105,-0.016000000000000007,-0.22496149868535165,0.2802328425555495,-0.1305261922200515,0.0,0.0,0.9914448613738105,-0.016000000000000007,-0.22496149868535165,0.2802328425555495,-0.1305261922200515,0.0,0.0,0.9914448613738105,-0.016000000000000007,-0.22496149868535165,0.2802328425555495,-0.1305261922200515,0.0,0.0,0.9914448613738105,0.0,-0.5235987755982988,0.7853981633974483,0.0,0.5235987755982988,0.0,0.0,-0.5235987755982988,0.7853981633974483,0.0,0.5235987755982988,0.0,0.0,-0.5235987755982988,0.7853981633974483,0.0,0.5235987755982988,0.0,0.0,0.0,0.0,0.0,0.0,0.0,0.0,0.0,0.0,0.0,0.0,0.0,0.5,0.0,0.0,0.0,False,False,False,False,1,False,,0.0,0,,,,True,True,0.0,0.009764099988387898,True,0.0,0.0,False,False,False,False,False,False,1.0,False,False,False,0.0,0.0,0.0,0.0
1.0000351999984813,1786138889.8992524,0.009518200007732958,0.00731019998784177,0.009518200007732958,TELEOP,0,,0.0,1.0000351999984813,195,-1.2228834611605066e-11,1.105840566263308e-06,0.0,9.650260816104002e-07,9.650298067261323e-07,1.930054957059397e-06,0.9999999999972062,-1.0983314888277005e-12,9.932095723353689e-08,0.0,8.667372897858115e-08,8.667406354950886e-08,1.733477088855195e-07,0.9999999999999775,-0.016000000000000007,-0.22496149868535165,0.2802328425555495,-0.1305261922200515,0.0,0.0,0.9914448613738105,-0.016000000000000007,-0.22496149868535165,0.2802328425555495,-0.1305261922200515,0.0,0.0,0.9914448613738105,-0.016000000003234992,-0.2249614987478198,0.28023284266373977,-0.1305261922149475,2.7679866963934608e-14,2.1024262930809239e-13,0.9914448613744824,-0.01600000000004579,-0.22496149868623594,0.28023284255708103,-0.13052619221997933,3.918262891120123e-16,2.9761203737120527e-15,0.9914448613738199,-0.01600000000004579,-0.22496149868623594,0.28023284255708103,-0.13052619221997933,3.918262891120123e-16,2.9761203737120527e-15,0.9914448613738199,-3.5667778686604274e-11,-0.5235987750264068,0.7853981623071083,-6.975308495199925e-11,0.5235987750695548,-6.963944221540624e-11,-5.049004319033511e-13,-0.5235987755902033,0.7853981633820138,-9.873999451522472e-13,0.5235987755908141,-9.857912588560625e-13,-5.049004319033511e-13,-0.5235987755902033,0.7853981633820138,-9.873999451522472e-13,0.5235987755908141,-9.857912588560625e-13,-5.304578927666473e-11,8.50528473671813e-10,-1.6215739882763485e-09,-1.0373809589523701e-10,-7.863580635853641e-10,-1.0356908428643726e-10,-5.573090419781918e-09,8.93581215966055e-08,-1.7036561397731909e-07,-1.0898919523749882e-08,-8.261625758509972e-08,-1.0881162846157225e-08,0.5,0.0,0.0,0.5,True,False,True,False,1,True,True,0.002839100023265928,2,1.2497148766328844e-10,1.0304791736750348e-11,`gtol` termination condition is satisfied.,True,True,0.0,0.009518200007733069,True,1.0749054979442008e-09,0.0,False,False,False,False,False,False,1.0,False,False,False,1.2320238532141098e-10,1.015909912583488e-11,1.7691023419518557e-12,1.4572946723649911e-13
1.0102625999931005,1786138889.9104292,0.01022739999461919,0.008262399991508573,0.01022739999461919,TELEOP,0,,0.0,1.0102625999931005,197,-1.039472595010249e-06,0.00032240685321138437,0.0,0.00028119467751772353,0.0002815113156527332,0.0005626268781865252,0.999999762565936,-9.965050537276955e-08,3.099780005967533e-05,0.0,2.7036422654520425e-05,2.706677897009006e-05,5.40956168166976e-05,0.9999999978050428,-0.01600002989160841,-0.22495254499407144,0.2802304434195328,-0.13051283255383214,1.6893777425845436e-05,2.4969673143065524e-05,0.9914466196573022,-0.01600002989160841,-0.22495254499407144,0.2802304434195328,-0.13051283255383214,1.6893777425845436e-05,2.4969673143065524e-05,0.9914466196573022,-0.016000029723092706,-0.2249525451606102,0.280230443539474,-0.13051283255216098,1.6893777528995966e-05,2.496966115267233e-05,0.9914466196575225,-0.01600000048235924,-0.22496135235232803,0.28023280336126005,-0.13052597392525017,2.7608783637953764e-07,4.081706467862491e-07,0.9914448901127193,-0.01600000048235924,-0.22496135235232803,0.28023280336126005,-0.13052597392525017,2.7608783637953764e-07,4.081706467862491e-07,0.9914448901127193,-3.36720926275547e-05,-0.5236671285212077,0.7854338276897772,-0.00017291158141138902,0.5235391435723068,-0.00013148424520098985,-5.503277113462042e-07,-0.5235998927227424,0.7853987462544672,-2.8260177377919648e-06,0.5235978009756934,-2.14894158148241e-06,-5.503277113462042e-07,-0.5235998927227424,0.7853987462544672,-2.8260177377919648e-06,0.5235978009756934,-2.14894158148241e-06,-5.380910170085347e-05,-0.0001092293779218355,5.6991264017568127e-05,-0.0002763181993350055,-9.529451485325238e-05,-0.00021011602135652713,-0.005261263731092364,-0.010680156101040054,0.0055725683577000345,-0.027017433144522093,-0.009317493062295838,-0.020544411864011226,0.5,0.0,0.0,0.5,True,False,True,False,1,True,True,0.004975399991963059,4,2.655533784920832e-10,2.4217465927487906e-11,`gtol` termination condition is satisfied.,True,True,0.0,0.01022739999461919,True,0.00017008556367359705,1.0749054979442008e-09,False,False,False,False,False,False,1.0,False,False,False,9.11790764578439e-06,6.496465003613429e-05,9.118100093765717e-06,6.496466668798475e-05
1.0203388000005615,1786138889.921453,0.010076200007461011,0.009209999989252537,0.010076200007461011,TELEOP,0,,0.0,1.0203388000005615,199,-4.082671964478202e-06,0.0006389448553962856,0.0,0.0005569623101367827,0.0005582059118466497,0.0011148576683592253,0.9999990676453276,-4.7637365061142203e-07,8.849994994992419e-05,0.0,7.716231956462736e-05,7.730743723417012e-05,0.00015443351405265268,0.999999982109913,-0.016000142902571263,-0.22493588215131877,0.28022597862115745,-0.13048798351090052,4.834756070104923e-05,7.143055884296038e-05,0.9914498871448055,-0.016000142902571263,-0.22493588215131877,0.28022597862115745,-0.13048798351090052,4.834756070104923e-05,7.143055884296038e-05,0.9914498871448055,-0.016000142584493626,-0.22493588240748275,0.280225978751183,-0.13048798351218682,4.834756087143533e-05,7.143053623593532e-05,0.9914498871446379,-0.016000003124847093,-0.2249608222769987,0.28023266143292497,-0.13052518366891117,1.2762934385217379e-06,1.8869321937539327e-06,0.991444994148948,-0.016000003124847093,-0.2249608222769987,0.28023266143292497,-0.13052518366891117,1.2762934385217379e-06,1.8869321937539327e-06,0.991444994148948,-9.697503514589169e-05,-0.5237943220449581,0.7855001822523173,-0.0004960060871149098,0.5234282247068454,-0.00037746122267082204,-2.5539133075061436e-06,-0.5236039391473747,0.7854008573648862,-1.3083398053619122e-05,0.52359427154612,-9.953415792004816e-06,-2.5539133075061436e-06,-0.5236039391473747,0.7854008573648862,-1.3083398053619122e-05,0.52359427154612,-9.953415792004816e-06,-0.0001988433729656385,-0.0004015824049952642,0.00020951454093963374,-0.0010179810154852017,-0.00035027387018606504,-0.0007745453846433689,-0.014393746765387063,-0.029014214372179326,0.015136983863870152,-0.07360540834848707,-0.025305110571843644,-0.05601609365325272,0.5,0.0,0.0,0.5,True,False,True,False,1,True,True,0.0049903999897651374,4,4.286023914191391e-10,4.528970031243233e-11,`gtol` termination condition is satisfied.,True,True,0.0,0.010076200007461011,True,0.00048292268906129066,0.00017008556367359705,False,False,False,False,False,False,1.0,False,False,False,2.58200460055885e-05,0.00018395445255841761,2.5820328810135183e-05,0.00018395448762851028
1.0300136000074671,1786138889.9301386,0.00967480000690557,0.008223600016208366,0.00967480000690557,TELEOP,0,,0.0,1.0300136000074671,200,-8.890435909414408e-06,0.0009428491666703111,0.0,0.0008214356608080739,0.0008241435992421118,0.0016449033899340788,0.9999979701597503,-1.2433820048145634e-06,0.00016638287192261134,0.0,0.00014501713903871018,0.00014539590705993106,0.00029031848902868036,0.9999999367726153,-0.016000372996977028,-0.22491331341457224,0.28021993134213763,-0.13045434487560564,9.096881787572445e-05,0.0001343481263766297,0.9914543043319404,-0.016000372996977028,-0.22491331341457224,0.28021993134213763,-0.13045434487560564,9.096881787572445e-05,0.0001343481263766297,0.9914543043319404,-0.01600037256261176,-0.2249133137394314,0.2802199314798284,-0.1304543448791615,9.096881809991394e-05,0.00013434809552320052,0.9914543043314766,-0.016000010673082876,-0.22495968002026293,0.2802323557441524,-0.13052348189927596,3.4318235963394865e-06,5.074169237267127e-06,0.9914452181716168,-0.016000010673082876,-0.22495968002026293,0.2802323557441524,-0.13052348189927596,3.4318235963394865e-06,5.074169237267127e-06,0.9914452181716168,-0.00018358325143270202,-0.5239665769650597,0.7855900165183858,-0.0009354582424854843,0.5232780831869254,-0.000712439485463849,-6.8926357813501905e-06,-0.5236126581941405,0.7854054057440548,-3.5231085724294805e-05,0.5235866682031248,-2.6814803814257855e-05,-6.8926357813501905e-06,-0.5236126581941405,0.7854054057440548,-3.5231085724294805e-05,0.5235866682031248,-2.6814803814257855e-05,-0.0004484560374113368,-0.0009012120932254365,0.0004701264279730366,-0.0022892140049269602,-0.0007858914902461347,-0.0017428151496896994,-0.025800291919991374,-0.051642378950836426,0.026937185972566485,-0.1313963067489139,-0.04502600774684122,-0.10008163107818352,0.5,0.0,0.0,0.5,True,False,True,False,1,True,True,0.004664199979742989,4,5.596118341276253e-10,6.212385610268407e-11,`gtol` termination condition is satisfied.,True,True,0.0,0.00967480000690557,True,0.0009002271567611895,0.00048292268906129066,False,False,False,False,False,False,1.0,False,False,False,4.800338848634822e-05,0.000341976369631812,4.8003741180289e-05,0.0003419764189799482
1.0411605999903513,1786138889.9431832,0.011146999982884154,0.010095200006617233,0.011146999982884154,TELEOP,0,,0.0,1.0411605999903513,203,-1.672010238920607e-05,0.0012929542440073966,0.0,0.00112576541413417,0.0011308577883444096,0.002255352983450213,0.999996183590625,-2.84665160201306e-06,0.0002830913856831504,0.0,0.00024663165013358946,0.0002474987908765184,0.0004939140746061639,0.9999998169830155,-0.016000853965717494,-0.22487949388572687,0.28021086942032536,-0.13040396837149515,0.00015487079155483422,0.0002286114829346879,0.9914609063320621,-0.016000853965717494,-0.22487949388572687,0.28021086942032536,-0.13040396837149515,0.00015487079155483422,0.0002286114829346879,0.9914609063320621,-0.016000853308813057,-0.22487949434149793,0.2802108695725345,-0.13040396837937984,0.0001548707918827057,0.00022861143630608806,0.9914609063310357,-0.016000034203800254,-0.22495699044025796,0.2802316365166042,-0.13051947879500184,8.50775559109846e-06,1.2581410204881788e-05,0.9914457450735301,-0.016000034203800254,-0.22495699044025796,0.2802316365166042,-0.13051947879500184,8.50775559109846e-06,1.2581410204881788e-05,0.9914457450735301,-0.0003149136507848618,-0.5242246625609669,0.7857245511138695,-0.0015973369111545622,0.5230532749335698,-0.0012177277375712509,-1.717524466912875e-05,-0.5236331862744699,0.7854161122331096,-8.75215472777237e-05,0.5235687727158047,-6.665653407439337e-05,-1.717524466912875e-05,-0.5236331862744699,0.7854161122331096,-8.75215472777237e-05,0.5235687727158047,-6.665653407439337e-05,-0.0009224552707963722,-0.0018415789325251575,0.0009604816606443658,-0.004690989650463727,-0.001605408392173437,-0.0035742110272998263,-0.04252258312665698,-0.08436053115130734,0.043989883683883846,-0.21546386016189226,-0.07351905473989802,-0.16429495652840892,0.5,0.0,0.0,0.5,True,False,True,False,1,True,True,0.005831999995280057,4,8.138908519826398e-10,9.460559460382356e-11,`gtol` termination condition is satisfied.,True,True,0.0,0.011146999982884154,True,0.0015098153638768385,0.0009002271567611895,False,False,False,False,False,False,1.0,False,False,False,8.023454506658793e-05,0.0005715369838316725,8.023503138684159e-05,0.0005715370604777279
1.0515285000070689,1786138889.9523246,0.010367900016717613,0.008895200007827953,0.010367900016717613,TELEOP,0,,0.0,1.0515285000070689,204,-2.620334948196801e-05,0.0016185327715781803,0.0,0.0014084388397475308,0.0014164187236797307,0.0028228682319667354,0.9999940207186135,-5.113528255246705e-06,0.00041270810812037655,0.0,0.0003594129160928798,0.00036097051900723374,0.0007199949599512303,0.9999996110648733,-0.016001534015232206,-0.22484193384535794,0.28020080523074037,-0.13034805343891906,0.00022587602588766546,0.00033327935457278353,0.9914682157636611,-0.016001348294516694,-0.2248521914478134,0.2802035537489737,-0.13034805343891906,0.00022587602588766546,0.00033327935457278353,0.9914682157636611,-0.016001347561591755,-0.22485219184058386,0.2802035538413412,-0.13034805344808792,0.00022587602622429234,0.00033327930259693906,0.991468215762473,-0.016000074740703092,-0.22495305277838495,0.28023058425835223,-0.13051336698777438,1.6265124833533743e-05,2.4056580311095697e-05,0.991446549338007,-0.016000074740703092,-0.22495305277838495,0.28023058425835223,-0.13051336698777438,1.6265124833533743e-05,2.4056580311095697e-05,0.991446549338007,-0.000460368407794426,-0.5244335546735737,0.7858188524273751,-0.00233208417851943,0.5228265178908418,-0.0017785239894061672,-3.2943495795748315e-05,-0.5236632479685039,0.7854315442018104,-0.00016755343747567166,0.5235418183458496,-0.00012766329277752664,-3.2943495795748315e-05,-0.5236632479685039,0.7854315442018104,-0.00016755343747567166,0.5235418183458496,-0.00012766329277752664,-0.0015208722211049698,-0.0028994969073413137,0.0014884372607729011,-0.007719199651703947,-0.002599790691619936,-0.005884196279358748,-0.05771824085337305,-0.10203782570340449,0.05092213459593928,-0.29207554050072004,-0.0959097114982897,-0.2228016520543418,0.5,0.0,0.0,0.5,True,False,True,False,1,True,True,0.00523310000426136,4,8.366476873866561e-10,1.0558560983867293e-10,`gtol` termination condition is satisfied.,True,True,0.0,0.010367900016717613,True,0.0021645307410437585,0.0015098153638768385,False,False,False,False,False,False,1.0,False,False,False,0.00010442792869209181,0.0008181770582128425,0.0001044283408909767,0.0008181771439792447
1.0606832000117974,1786138889.9603503,0.009154700004728511,0.007766099995933473,0.009154700004728511,TELEOP,0,,0.0,1.0606832000117974,205,-3.633992944233055e-05,0.0019059570702829058,0.0,0.0016577161877850035,0.001668781899761435,0.003323740869799304,0.9999917099109583,-7.820303928414093e-06,0.0005421531466737724,0.0,0.0004719788471509578,0.00047436082493246544,0.0009457458215172348,0.9999993288910832,-0.016002346034470757,-0.2248044235551176,0.2801907543716477,-0.13029224275413148,0.00029681937199886924,0.0004377889589818438,0.991475492242338,-0.01600199386008066,-0.22482128428962858,0.28019527219503954,-0.1303080297153067,0.0002767522129097234,0.0004082271893035468,0.9914734359278061,-0.016001993330860723,-0.22482128470673726,0.2801952723631556,-0.1303080297206159,0.00027675221319823257,0.0004082271517558638,0.9914734359271237,-0.016000130980005838,-0.22494824811665046,0.2802293008911398,-0.13050590771533568,2.5738972174748185e-05,3.80722782365883e-05,0.991447530603311,-0.016000130980005838,-0.22494824811665046,0.2802293008911398,-0.13050590771533568,2.5738972174748185e-05,3.80722782365883e-05,0.991447530603311,-0.0005678445870358128,-0.5246691164738778,0.7859471993086443,-0.002865125003559265,0.522639168850062,-0.0021869793634347774,-5.2277923137702525e-05,-0.5236999263923255,0.7854503636481349,-0.0002654586336267127,0.5235089213298106,-0.00020233393650156826,-5.2277923137702525e-05,-0.5236999263923255,0.7854503636481349,-0.0002654586336267127,0.5235089213298106,-0.00020233393650156826,-0.0021119673317495655,-0.004006512917152977,0.002055714148446657,-0.010694528067601542,-0.0035934564783082525,-0.008156536389556547,-0.06456739274244795,-0.1209232426229015,0.061965644683140975,-0.3250055615542621,-0.1085416000715563,-0.24821568254821108,0.5,0.0,0.0,0.5,True,False,True,False,1,True,True,0.004680899990489706,4,6.944900336023316e-10,7.585683635961732e-11,`gtol` termination condition is satisfied.,True,True,0.0,0.009154700004728511,True,0.002599666369932552,0.0021645307410437585,False,False,False,False,False,False,1.0,False,False,False,0.00013145766057656114,0.0009794877619435942,0.00013145811444143407,0.0009794878227683927
1.0705449999874217,1786138889.9715183,0.009861799975624308,0.00907030000234954,0.009861799975624308,TELEOP,0,,0.0,1.0705449999874217,208,-4.9109002796160486e-05,0.0022155109084499177,0.0,0.0019259027077391266,0.001940854744496953,0.003863033911156419,0.9999888004125959,-1.1650100721610765e-05,0.0006973771609247812,0.0,0.0006068748898901806,0.0006104231253630807,0.0012164137901036914,0.9999988897113673,-0.016003494957364077,-0.22475944309160606,0.28017870188421135,-0.13022535738679733,0.0003819331921983515,0.0005630853780970734,0.9914841871433828,-0.016002937243938104,-0.22478241939487187,0.2801848583704854,-0.13025201512233553,0.00034801829223774633,0.0005131523957635268,0.991480725034258,-0.016002936498258843,-0.2247824199082049,0.280184858534584,-0.13025201513175733,0.00034801829262204163,0.0005131523428995499,0.9914807250330475,-0.01600022573552065,-0.22494119019464084,0.28022741673493146,-0.13049501985719028,3.9578520813210415e-05,5.854975527216619e-05,0.9914489622758896,-0.01600022573552065,-0.22494119019464084,0.28022741673493146,-0.13049501985719028,3.9578520813210415e-05,5.854975527216619e-05,0.9914489622758896,-0.0007188240279437868,-0.5249654966981266,0.7861031486118093,-0.0036129032060625847,0.5223867983811105,-0.002760288864181088,-8.066713500853955e-05,-0.5237537988932396,0.7854780573729222,-0.00040879284617113777,0.5234608000025159,-0.0003117272198294559,-8.066713500853955e-05,-0.5237537988932396,0.7854780573729222,-0.00040879284617113777,0.5234608000025159,-0.0003117272198294559,-0.0028787048957601502,-0.005462745243997152,0.0028081815546542464,-0.014534285110092308,-0.004879568376327611,-0.011092628485497386,-0.07774823722908109,-0.1476639488170097,0.07630122371853865,-0.3893566135980857,-0.13041350475554953,-0.29772375258046807,0.5,0.0,0.0,0.5,True,False,True,False,1,True,True,0.0046273999905679375,4,9.200417011751857e-10,1.074240749271405e-10,`gtol` termination condition is satisfied.,True,True,0.0,0.009861799975624308,True,0.003204110359891447,0.002599666369932552,False,False,False,False,False,False,1.0,False,False,False,0.00016439754410082618,0.0012030939875966916,0.0001643980946407267,0.001203094074843597
1.0801342000119147,1786138889.9817605,0.009589200024493039,0.009724300005473197,0.009589200024493039,TELEOP,0,,0.0,1.0801342000119147,209,-6.33641781579708e-05,0.002516426592754764,0.0,0.0021863234926023283,0.0022056129705829456,0.004387135296792428,0.999985554048106,-1.632631734568883e-05,0.0008618743914549862,0.0,0.0007497369178583982,0.0007547089561521108,0.0015032073596743533,0.9999983043368521,-0.01600489780524217,-0.22471177545641666,0.2801659293707492,-0.1301545183016605,0.00047217604544799626,0.000695838982104576,0.9914933656982057,-0.016004105943255922,-0.22474030822879437,0.28017357470950893,-0.13018957171925072,0.00042753823599152855,0.000630158597113749,0.9914888277367312,-0.01600410510622342,-0.2247403087814746,0.28017357487195377,-0.13018957173034926,0.0004275382364198857,0.000630158537806047,0.9914888277353113,-0.016000361284172718,-0.22493226347079393,0.2802250349724867,-0.1304813333202185,5.698951813515188e-05,8.431472903426662e-05,0.9914507609045441,-0.016000361284172718,-0.22493226347079393,0.2802250349724867,-0.1304813333202185,5.698951813515188e-05,8.431472903426662e-05,0.9914507609045441,-0.0008886060400394531,-0.5252866406300822,0.7862703133061049,-0.004450297133629682,0.5221083274064758,-0.0034030750584300934,-0.00011657095921049901,-0.5238219266039718,0.7855131406679423,-0.0005895259594022109,0.5234001856573746,-0.0004497619867864228,-0.00011657095921049901,-0.5238219266039718,0.7855131406679423,-0.0005895259594022109,0.5234001856573746,-0.0004497619867864228,-0.00374419389628465,-0.007104629224352238,0.003658625842664594,-0.018847569429090952,-0.006321105513135454,-0.01439481568894111,-0.09025664271407836,-0.1712222058316996,0.08868772012661282,-0.44980648103924364,-0.15032923842717041,-0.34436524371263233,0.5,0.0,0.0,0.5,True,False,True,False,1,True,True,0.004889999981969595,4,1.0161039201609116e-09,1.2071088823551348e-10,`gtol` termination condition is satisfied.,True,True,0.0,0.009589200024493039,True,0.003860771174227471,0.003204110359891447,False,False,False,False,False,False,1.0,False,False,False,0.0001987681083626881,0.0014447501483875627,0.00019876869992153175,0.0014447502466916214
1.0901886999996604,1786138889.9921327,0.010054499987745658,0.010042700014309958,0.010054499987745658,TELEOP,0,,0.0,1.0901886999996604,210,-8.02578977693258e-05,0.002831845413644301,0.0,0.002458997006573111,0.002483425139981567,0.004936345334588772,0.9999817090467372,-2.236133004564047e-05,0.0010478488253707538,0.0,0.0009111385166470345,0.0009179477476955076,0.0018273908810751372,0.9999974939174117,-0.01600670828970921,-0.22465788420577013,0.2801514892433218,-0.13007448134075336,0.0005742545559790751,0.0008458907913174891,0.9915036984320372,-0.01600563062238252,-0.22469201712317446,0.28016063513751066,-0.13011726014092323,0.0005197220581392275,0.0007657060142368097,0.9914981806320683,-0.016005629645349587,-0.22469201774868852,0.28016063530495006,-0.13011726015461375,0.000519722058638296,0.000765705945049466,0.9914981806303248,-0.01600056684001341,-0.22492028459309302,0.28022184078543333,-0.13046306579778444,8.024949458039055e-05,0.00011873954843989916,0.9914531597224254,-0.01600056684001341,-0.22492028459309302,0.28022184078543333,-0.13046306579778444,8.024949458039055e-05,0.00011873954843989916,0.9914531597224254,-0.0010873529359053133,-0.52565486382275,0.7864611231239095,-0.005425406150953031,0.5217871438645307,-0.0041526741887894895,-0.00016481981587456788,-0.5239133349143196,0.7855602771735857,-0.000831598369350808,0.5233191385959489,-0.0006347948513468329,-0.00016481981587456788,-0.5239133349143196,0.7855602771735857,-0.000831598369350808,0.5233191385959489,-0.0006347948513468329,-0.004798732579727901,-0.00909128355057239,0.004688100422771783,-0.024076026678962945,-0.008060774929078071,-0.018402990182100225,-0.10488226015500661,-0.19758857512969025,0.1023894357115624,-0.5200116620661788,-0.17302396121765493,-0.3986448354512152,0.5,0.0,0.0,0.5,True,False,True,False,1,True,True,0.005580199998803437,4,1.1721335847868305e-09,1.4110431528765128e-10,`gtol` termination condition is satisfied.,True,True,0.0,0.010054499987745658,True,0.004593807781602223,0.003860771174227471,False,False,False,False,False,False,1.0,False,False,False,0.00023638421075327024,0.0017126705727726595,0.00023638487906914172,0.0017126706880436664
1.1004642000112907,1786138890.0020087,0.010275500011630356,0.00964390000444837,0.010275500011630356,TELEOP,0,,0.0,1.1004642000112907,211,-9.958139241200703e-05,0.003154080339415292,0.0,0.0027372468764144714,0.0027675505898743812,0.005497263300218566,0.9999773138624086,-2.979555015566453e-05,0.0012506378129282449,0.0,0.0010870037582097905,0.0010960756451989107,0.002180821711237047,0.9999964305224662,-0.01600893853465041,-0.22459912047174216,0.2801357435369266,-0.12998726610047664,0.0006856227926752911,0.0010094695742182483,0.9915149124164946,-0.016007525415622354,-0.22463880532888184,0.2801463770699757,-0.13003733249272847,0.0006217292152269334,0.0009155885800315661,0.9915084807042805,-0.016007524326565045,-0.2246388060123552,0.2801463772418859,-0.13003733250844446,0.0006217292157859642,0.0009155885029568915,0.9915084807022903,-0.01600086211675996,-0.22490497039977775,0.2802177595851991,-0.13043981250361647,0.00010988618966367596,0.0001626054202916605,0.991456210227423,-0.01600086211675996,-0.22490497039977775,0.2802177595851991,-0.13043981250361647,0.00010988618966367596,0.0001626054202916605,0.991456210227423,-0.0013096502172969347,-0.526060524448229,0.7866708632438507,-0.006509838904671793,0.5214328131003395,-0.004987677565254193,-0.00022668289080188193,-0.5240301774034922,0.7856205845067097,-0.0011408939291997898,0.5232158286903047,-0.0008714190487185329,-0.00022668289080188193,-0.5240301774034922,0.7856205845067097,-0.0011408939291997898,0.5232158286903047,-0.0008714190487185329,-0.006020444246731951,-0.011370978447804887,0.0058690412199636065,-0.03010029288101842,-0.010054002776245853,-0.0230279983556884,-0.11889559297564604,-0.22185732029119914,0.11492781819426529,-0.586274750156867,-0.19397867207549424,-0.4501005467717722,0.5,0.0,0.0,0.5,True,False,True,False,1,True,True,0.005447599978651851,4,1.2972026745491302e-09,1.57375614945756e-10,`gtol` termination condition is satisfied.,True,True,0.0,0.010275500011630356,True,0.005368944975472003,0.004593807781602223,False,False,False,False,False,False,1.0,False,False,False,0.0002756506940103644,0.001993679249539828,0.00027565142480382517,0.0019936793783051883
1.1105038000019958,1786138890.0110462,0.010039599990705028,0.008641500025987625,0.010039599990705028,TELEOP,0,,0.0,1.1105038000019958,212,-0.00012047021776118716,0.0034687906686266326,0.0,0.0030086906089635233,0.003045343278694635,0.006044926279841715,0.9999725658893878,-3.8343576379112903e-05,0.0014597631182049658,0.0,0.001268230255864189,0.001279903168426829,0.002545229745888404,0.9999951376108978,-0.01601150292076661,-0.22453852061382398,0.28011950584221673,-0.12989738559036473,0.0008005329773071158,0.0011781181888285159,0.9915264194166858,-0.016009719936849496,-0.2245834749325729,0.28013155132429396,-0.12995417969231718,0.0007279721773060729,0.0010715803944916572,0.991519154102665,-0.016009718794216813,-0.2245834756412271,0.28013155149780167,-0.12995417970892584,0.0007279721778983134,0.0010715803136723786,0.991519154100575,-0.016001250891917233,-0.2248868215144662,0.2802129251673704,-0.13041234460969728,0.00014492599293737074,0.00021446755646285052,0.9914598092578062,-0.016001250891917233,-0.2248868215144662,0.2802129251673704,-0.13041234460969728,0.00014492599293737074,0.00021446755646285052,0.9914598092578062,-0.0015437220487773016,-0.5264822365098598,0.786888604413578,-0.007645185692103481,0.5210646092527497,-0.005863360353829848,-0.00030028251020852964,-0.5241686284265931,0.7856920828519907,-0.0015076009387972088,0.5230936782151216,-0.001152215572960541,-0.00030028251020852964,-0.5241686284265931,0.7856920828519907,-0.0015076009387972088,0.5230936782151216,-0.001152215572960541,-0.007330931458901601,-0.013790491974677558,0.00712163286856007,-0.03652605780478582,-0.012166866737334331,-0.027968895623528656,-0.13053181534950997,-0.2409970047723745,0.12476509519862863,-0.6400419269409715,-0.21045300241490025,-0.49214084947753806,0.5,0.0,0.0,0.5,True,False,True,False,1,True,True,0.004912000003969297,4,1.3556935992803061e-09,1.6507358463001075e-10,`gtol` termination condition is satisfied.,True,True,0.0,0.010039599990705028,True,0.006137584753306272,0.005368944975472003,False,False,False,False,False,False,1.0,False,False,False,0.0003141848154822726,0.0022698212769124036,0.00031418557542547683,0.002269821412005837
1.120235800007893,1786138890.021194,0.009732000005897135,0.009056300012161955,0.009732000005897135,TELEOP,0,,0.0,1.120235800007893,215,-0.00014261354578851138,0.003773727064244141,0.0,0.0032714128832868647,0.0033147928713526766,0.006575432304945331,0.9999675363210399,-4.789968883569229e-05,0.001671851024963535,0.0,0.0014518891787636018,0.0014664691004825032,0.0029147330742742153,0.9999936228883141,-0.01601436973244461,-0.22447706225987268,0.2801030381139743,-0.12980629193461707,0.0009171333150211161,0.0013491141252383048,0.9915380301994193,-0.01601218906899069,-0.22452696772811198,0.28011641025355033,-0.12986930070449082,0.0008365424456298767,0.0012308726888340218,0.9915300045302146,-0.016012187892713393,-0.2245269684509225,0.2801164104277554,-0.12986930072160682,0.0008365424462462607,0.0012308726056831161,0.9915300045280754,-0.016001740488575302,-0.22486604262990872,0.28020739208203144,-0.13038097483974673,0.0001849767404223242,0.0002737396479096958,0.991463913740711,-0.016001740488575302,-0.22486604262990872,0.28020739208203144,-0.13038097483974673,0.0001849767404223242,0.0002737396479096958,0.991463913740711,-0.001785541381257682,-0.5269128097375495,0.7871106919144917,-0.008811513092743832,0.5206890907375734,-0.0067644643064579376,-0.0003849279954730862,-0.5243271213392021,0.7857739528994911,-0.0019279179833002445,0.5229540897718925,-0.0014743506630050622,-0.0003849279954730862,-0.5243271213392021,0.7857739528994911,-0.0019279179833002445,0.5229540897718925,-0.0014743506630050622,-0.008697645418543502,-0.016285749333443178,0.008412458636547531,-0.04318917429596624,-0.014343243233103178,-0.03310060520441045,-0.14043505536516,-0.25639718015347424,0.1326372551587834,-0.6846605514943369,-0.22363095915023284,-0.5273026693148601,0.5,0.0,0.0,0.5,True,False,True,False,1,True,True,0.004872599994996563,4,1.3915569423390105e-09,1.6984683606203438e-10,`gtol` termination condition is satisfied.,True,True,0.0,0.009732000005897135,True,0.006883595109443587,0.006137584753306272,False,False,False,False,False,False,1.0,False,False,False,0.0003512237300115345,0.0025352080611788135,0.0003512245079360685,0.002535208200156095
1.1302594999939428,1786138890.0306826,0.010023699986049905,0.008521200012182817,0.010023699986049905,TELEOP,0,,0.0,1.1302594999939428,217,-0.00016736942267475132,0.0040876557760932955,0.0,0.0035415828353612504,0.0035924802824807266,0.0071214296978410465,0.9999619175326123,-5.914612046704148e-05,0.0018992862677166202,0.0,0.0016486859797115777,0.0016666860905824898,0.0033108985200854457,0.999991770937644,-0.01601774363827879,-0.22441115658952035,0.2800853787299764,-0.12970867438320224,0.0010422410337270875,0.0015324364440026394,0.9915504148362428,-0.016015114426681454,-0.22446597487927292,0.2801000672571028,-0.12977777434518084,0.0009537546651639231,0.0014027112873351017,0.9915416542128195,-0.016015113146777425,-0.22446597565495857,0.2801000674358655,-0.12977777436410412,0.0009537546658404041,0.001402711196915173,0.9915416542104699,-0.016002387457216456,-0.2248410407057457,0.28020073658518435,-0.13034331107831756,0.00023310536089132239,0.00034495457317553353,0.9914688335622932,-0.016002387457216456,-0.2248410407057457,0.28020073658518435,-0.13034331107831756,0.00023310536089132239,0.00034495457317553353,0.9914688335622932,-0.002049614842870747,-0.5273774365759676,0.7873501247919881,-0.010077684301301518,0.5202844863870585,-0.007744447273255031,-0.00048732110126163485,-0.5245177983676711,0.7858724559441738,-0.0024345350479621298,0.5227864210387427,-0.001863004277632148,-0.00048732110126163485,-0.5245177983676711,0.7858724559441738,-0.0024345350479621298,0.5227864210387427,-0.001863004277632148,-0.010215100804199077,-0.019022619265771003,0.009827014457705207,-0.05054192218112572,-0.01672722980367727,-0.03877346839669776,-0.15138675217409073,-0.27303988907656435,0.14112112524580037,-0.733536308488121,-0.23783498846652565,-0.565945030296427,0.5,0.0,0.0,0.5,True,False,True,False,1,True,True,0.0043304999999236315,4,1.5072487098094019e-09,1.8482241771020167e-10,`gtol` termination condition is satisfied.,True,True,0.0,0.010023699986049905,True,0.007643149253339389,0.006883595109443587,False,False,False,False,False,False,1.0,False,False,False,0.000388548598146144,0.002802370024769364,0.0003885494351506258,0.002802370176109442
1.1403232999942956,1786138890.0417345,0.010063800000352785,0.00950750001356937,0.010063800000352785,TELEOP,0,,0.0,1.1403232999942956,219,-0.00019421285474451324,0.004402677235671878,0.0,0.0038123871673512656,0.003871431726403238,0.0076691713988367525,0.999955829789761,-7.190686258049444e-05,0.002135822140340066,0.0,0.0018531949412762504,0.0018750744798829429,0.0037228342528603064,0.999989595080534,-0.01602157183631105,-0.22434261375913056,0.2800670127205047,-0.1296072229969004,0.0011724289396716492,0.001723043484571748,0.9915632225322617,-0.016018454908282218,-0.22440215895683302,0.2800829678197647,-0.12968212701759063,0.0010763936405125325,0.0015823630207441543,0.9915537723372317,-0.0160184535582786,-0.22440215976603178,0.2800829680010947,-0.1296821270376704,0.0010763936412336906,0.0015823629254325476,0.9915537723347569,-0.01600320506355778,-0.22481215003840005,0.2801930473316085,-0.13029986646893563,0.00028866713676252236,0.00042714417920413495,0.9914744974114624,-0.01600320506355778,-0.22481215003840005,0.2801930473316085,-0.13029986646893563,0.00028866713676252236,0.00042714417920413495,0.9914744974114624,-0.002329171060829525,-0.5278634286999943,0.787600339830938,-0.011410135860121807,0.5198620159925843,-0.008777622096929763,-0.0006063388020091848,-0.5247381001875386,0.7859862558248472,-0.003021231708088511,0.5225929794890544,-0.002313549366864883,-0.0006063388020091848,-0.5247381001875386,0.7859862558248472,-0.003021231708088511,0.5225929794890544,-0.002313549366864883,-0.011826318164448596,-0.021890520465415987,0.011307844022079282,-0.05829772651541315,-0.019221521659963055,-0.04476888344531299,-0.1601002961299944,-0.28497199860335576,0.14714417658560033,-0.7706635996358779,-0.24784791591628869,-0.5957406793065303,0.5,0.0,0.0,0.5,True,False,True,False,1,True,True,0.005163599998923019,4,1.5843588552994382e-09,1.9487580382787818e-10,`gtol` termination condition is satisfied.,True,True,0.0,0.010063800000352785,True,0.008388904152033297,0.007643149253339389,False,False,False,False,False,False,1.0,False,False,False,0.000424784650186674,0.0030613267537658666,0.0004247855266559652,0.003061326913354162
1.1501517000066341,1786138890.0506072,0.009828400012338534,0.008554400003049523,0.009828400012338534,TELEOP,0,,0.0,1.1501517000066341,220,-0.00022235049701347376,0.004710160290035285,0.0,0.004076415225121075,0.004143994935344596,0.008203654408631817,0.9999494538221579,-8.58186603326995e-05,0.002373899168444996,0.0,0.0020588731242958845,0.0020849805312234885,0.004137371183989588,0.9999871479460766,-0.016025745350874646,-0.22427362433609682,0.28004852704674976,-0.1295051829676934,0.0013035391799487116,0.0019148412911594466,0.9915760393196985,-0.016022117956238056,-0.2243375773523868,0.28006566321835125,-0.12958545466074473,0.0012004973173896096,0.0017640164926984044,0.991565961997674,-0.01602211657905428,-0.2243375781710725,0.28006566339985123,-0.12958545468117216,0.001200497318134244,0.001764016395529014,0.9915659619951763,-0.016004186428093346,-0.22478023741561265,0.28018455393653313,-0.1302519449850034,0.00034999963690147,0.0005178310201457426,0.991480731118317,-0.016004186428093346,-0.22478023741561265,0.28018455393653313,-0.1302519449850034,0.00034999963690147,0.0005178310201457426,0.991480731118317,-0.0026153754868108005,-0.5283551057765277,0.7878532485854642,-0.012766350583788269,0.5194353950250193,-0.009831152979376506,-0.0007386157818375165,-0.5249814096094754,0.786111919155574,-0.003670898940235232,0.5223796135284582,-0.002812964693983795,-0.0007386157818375165,-0.5249814096094754,0.786111919155574,-0.003670898940235232,0.5223796135284582,-0.002812964693983795,-0.013458648372295766,-0.024755750847674896,0.012785736291672215,-0.06610101657758446,-0.021709124611164005,-0.05081349217491638,-0.16608300494464498,-0.2915256174618362,0.15036956857042788,-0.7939532428854227,-0.25310355175593424,-0.6150145213885287,0.5,0.0,0.0,0.5,True,False,True,False,1,True,True,0.004580100008752197,4,1.6123968735584663e-09,1.9865510223810044e-10,`gtol` termination condition is satisfied.,True,True,0.0,0.009828400012338534,True,0.009095451643553036,0.008388904152033297,False,False,False,False,False,False,1.0,False,False,False,0.0004586977837343988,0.0033032096773571097,0.0004586986746727364,0.0033032098399691195
1.1600634000129757,1786138890.0586915,0.009911700006341562,0.006724300008499995,0.009911700006341562,TELEOP,0,,0.0,1.1600634000129757,222,-0.00025264908787396844,0.005020067452315077,0.0,0.004342228633765411,0.0044189935406050125,0.008742199464259824,0.999942594099835,-0.00010136435277256566,0.0026205009194338355,0.0,0.002271742137000874,0.0023025721338882674,0.004566662724567763,0.999984341347799,-0.016030409032957896,-0.22420216463803697,0.2800293794642496,-0.1293995663134615,0.0014394225599618942,0.00211345215638908,0.9915892363375899,-0.016026234734266495,-0.22427034071882956,0.2800476472034569,-0.12948494072906347,0.0013296939325318983,0.0019529705961880493,0.9915785737622044,-0.016026233288607566,-0.2242703415691912,0.280047647387185,-0.1294849407505908,0.001329693933322055,0.001952970494253734,0.9915785737595928,-0.016005387148756895,-0.2247442133568806,0.28017496566777816,-0.1301979156709566,0.0004191993548766088,0.000620097042026246,0.9914877419849919,-0.016005387148756895,-0.2247442133568806,0.28017496566777816,-0.1301979156709566,0.0004191993548766088,0.000620097042026246,0.9914877419849919,-0.002916882521710044,-0.5288668376777156,0.7881162255835222,-0.01418666505610908,0.5189922383470608,-0.010936541186402552,-0.0008889233505546866,-0.5252560229789998,0.7862537130331345,-0.004406318816036553,0.5221391013304258,-0.0033789118550238387,-0.0008889233505546866,-0.5252560229789998,0.7862537130331345,-0.004406318816036553,0.5221391013304258,-0.0033789118550238387,-0.015164660817115379,-0.027705980744847564,0.01430570714103864,-0.07419714835303681,-0.02426548401167128,-0.05709889934904681,-0.1721210734513854,-0.29765125006659743,0.15335117572101037,-0.8168257483854829,-0.2579133144537973,-0.634140174753976,0.5,0.0,0.0,0.5,True,False,True,False,1,True,True,0.003406100004212931,4,1.687246482719131e-09,2.0843680145636678e-10,`gtol` termination condition is satisfied.,True,True,0.0,0.009911700006341562,True,0.009780346240072527,0.009095451643553036,False,False,False,False,False,False,1.0,False,False,False,0.0004911201251097508,0.0035339136818492724,0.0004911210546007639,0.0035339138524610974
1.170088500009686,1786138890.068245,0.010025099996710196,0.006252000021049753,0.010025099996710196,TELEOP,0,,0.0,1.170088500009686,225,-0.0002852569690478812,0.00533332216975479,0.0,0.004610610821048931,0.004697254688553556,0.009286406642413262,0.9999352182606229,-0.00011867754720555856,0.002875935264664572,0.0,0.002492050123066937,0.0025281374323457297,0.005011235447057821,0.9999811426855016,-0.016035602964720418,-0.22412814545067483,0.2800095460680871,-0.1292902489133946,0.0015802563455338747,0.0023191183967697523,0.9916028217061792,-0.0160308452979143,-0.2242003594841163,0.2800288957743006,-0.12938046475208073,0.0014641562347610163,0.0021494608666358223,0.9915916152353441,-0.016030843780390967,-0.22420036036729865,0.2800288959602358,-0.12938046477475187,0.0014641562355996122,0.002149460759706035,0.9915916152326166,-0.016006844263039333,-0.22470380135508167,0.2801642074746233,-0.13013736880937377,0.0004968002945056025,0.0007347047320762635,0.9914955767111607,-0.016006844263039333,-0.22470380135508167,0.2801642074746233,-0.13013736880937377,0.0004968002945056025,0.0007347047320762635,0.9914955767111607,-0.0032345132281156163,-0.5293992852548093,0.788389578035644,-0.015674003140820434,0.5185320886502989,-0.012096311274751782,-0.0010587335428997482,-0.5255640355253588,0.7864126977956669,-0.005233882526576761,0.5218696788855229,-0.0040164956562995235,-0.0010587335428997482,-0.5255640355253588,0.7864126977956669,-0.005233882526576761,0.5218696788855229,-0.0040164956562995235,-0.0169385035960525,-0.030724137061982813,0.015858670994261515,-0.08254917265780674,-0.026874788779300718,-0.06359874729278638,-0.176940158154953,-0.3010599712846434,0.1549075673791275,-0.833111321334521,-0.2602771811239489,-0.6483574174694061,0.5,0.0,0.0,0.5,True,False,True,False,1,True,True,0.0033088999916799366,4,1.7656330393343183e-09,2.1868792510105082e-10,`gtol` termination condition is satisfied.,True,True,0.0,0.010025099996710196,True,0.010440120614243674,0.009780346240072527,False,False,False,False,False,False,1.0,False,False,False,0.0005218601449994911,0.003752034265259235,0.0005218611150108787,0.003752034444245094
1.1802042999985387,1786138890.0820193,0.010115799988852814,0.009912200010148808,0.010115799988852814,TELEOP,0,,0.0,1.1802042999985387,227,-0.0003201592264802267,0.0056491964665536624,0.0,0.004880929083555299,0.004978139772175318,0.00983500639341265,0.9999273310120749,-0.00013780206699296979,0.003139199684029362,0.0,0.0027189152077170763,0.002760807190012357,0.0054693353119942886,0.9999775356551756,-0.016041340293274867,-0.22405185728201213,0.2799891046996984,-0.1291776673565237,0.0017254952198087741,0.0025310273078233093,0.9916167338358812,-0.016035965778014413,-0.2241279056578331,0.28000948181567914,-0.1292724442166057,0.0016033644448402737,0.002352710991724675,0.9916050267821916,-0.016035964193043317,-0.2241279065707463,0.28000948200339026,-0.12927244424032142,0.0016033644457261176,0.0023527108801189305,0.9916050267793634,-0.016008589406156903,-0.22465897066980345,0.28015226911443136,-0.13007026117831738,0.0005828657979671152,0.0008617144597202185,0.9915042334113636,-0.016008589406156903,-0.22465897066980345,0.28015226911443136,-0.13007026117831738,0.0005828657979671152,0.0008617144597202185,0.9915042334113636,-0.003567453174226325,-0.5299503575322273,0.7886721981213891,-0.017223637588315896,0.5180568663031113,-0.013307024056274928,-0.0012485255624991648,-0.5259056677376515,0.7865889629174945,-0.006155047181996196,0.5215712319664494,-0.004727043567254974,-0.0012485255624991648,-0.5259056677376515,0.7865889629174945,-0.006155047181996196,0.5215712319664494,-0.004727043567254974,-0.018761938730358394,-0.03377213988702278,0.017424733784948365,-0.09106196805339373,-0.029503046659915023,-0.07024139581036047,-0.18025614744412138,-0.30131110029841857,0.15481353846582432,-0.8415345701741557,-0.25981710626055626,-0.6566607213363271,0.5,0.0,0.0,0.5,True,False,True,False,1,True,True,0.005548899993300438,4,1.8386895689165294e-09,2.2827231388064203e-10,`gtol` termination condition is satisfied.,True,True,0.0,0.010115799988852814,True,0.0110685904063197,0.010440120614243674,False,False,False,False,False,False,1.0,False,False,False,0.0005506056804501031,0.003955330711872305,0.0005506066884447492,0.003955330898664035
1.190493900001118,1786138890.091781,0.010289600002579391,0.00938590001896955,0.010289600002579391,TELEOP,0,,0.0,1.190493900001118,228,-0.00035772011228754066,0.005970263608084575,0.0,0.005155373712449855,0.005263947760735395,0.010392461537934319,0.9999188515669859,-0.00015900064604803139,0.003412124523755712,0.0,0.002953894730816022,0.003002217684221626,0.00594413664992043,0.9999734638651082,-0.016047699838604847,-0.223972769738443,0.27996791324043246,-0.1290610477253753,0.0018761575783996709,0.0027506458181581583,0.9916310603951212,-0.016041671478465122,-0.22405247063869682,0.2799892690481813,-0.12916013322483888,0.001748300153897077,0.002564134811692241,0.991618892843708,-0.016041669813211895,-0.22405247158742736,0.2799892692380729,-0.1291601332498121,0.001748300154838295,0.002564134694516469,0.9916188928407565,-0.016010678766702122,-0.22460920025087222,0.2801390094242793,-0.12999581621040215,0.0006784010811512884,0.0010025707812821177,0.9915138034296814,-0.016010678766702122,-0.22460920025087222,0.2801390094242793,-0.12999581621040215,0.0006784010811512884,0.0010025707812821177,0.9915138034296814,-0.003918524282937267,-0.530523898666781,0.788966019681768,-0.01884765307383012,0.5175633822551734,-0.014578398435314499,-0.0014609180180042071,-0.5262848737418628,0.7867845196213056,-0.007181497701584655,0.5212404008997357,-0.005519810566337896,-0.0014609180180042071,-0.5262848737418628,0.7867845196213056,-0.007181497701584655,0.5212404008997357,-0.005519810566337896,-0.020641468614115217,-0.03685332803183425,0.01900527753868536,-0.09975611484714167,-0.032151985172484764,-0.07704546327206024,-0.18266306593897352,-0.29944683408869904,0.1536059471058919,-0.8449450699316293,-0.2574384341379357,-0.6612567505047949,0.5,0.0,0.0,0.5,True,False,True,False,1,True,True,0.004780699993716553,4,1.9259327001393917e-09,2.3969497341259146e-10,`gtol` termination condition is satisfied.,True,True,0.0,0.010289600002579391,True,0.011666155372245466,0.0110685904063197,False,False,False,False,False,False,1.0,False,False,False,0.000577346839456143,0.004143707139000459,0.0005773478929461545,0.00414370733510547
1.2004179000138064,1786138890.1009877,0.009924000012688339,0.008668199996463954,0.009924000012688339,TELEOP,0,,0.0,1.2004179000138064,229,-0.00039591210874321826,0.006279686654322213,0.0,0.005419561838195868,0.005539681276522841,0.01092954329116731,0.9999102386535919,-0.0001811015752953611,0.003679662842765462,0.0,0.003184034187027288,0.0032390583925929516,0.006409462508024401,0.9999691441326495,-0.016054330089552753,-0.22389524308856507,0.279947140021612,-0.12894681901627023,0.002023936602640106,0.0029658659562852444,0.9916450096608882,-0.01604764789877768,-0.22397823991008084,0.27996937896953095,-0.12904975945671943,0.0018909268789686561,0.002772008617679812,0.9916324419601876,-0.016047646245308068,-0.22397824084550047,0.27996937915703674,-0.12904975948128472,0.0018909268799155107,0.002772008501412938,0.9916324419573139,-0.016013009396289284,-0.2245574424480386,0.2801252109820147,-0.1299184370006093,0.0007777489891091782,0.0011488883885116647,0.9915237137301858,-0.016013009396289284,-0.2245574424480386,0.2801252109820147,-0.1299184370006093,0.0007777489891091782,0.0011488883885116647,0.9915237137301858,-0.004268310085379657,-0.5310880785370291,0.789254718343013,-0.020456213767569897,0.5170790584315172,-0.015840158681530433,-0.0016835540937681546,-0.5266791507108518,0.7869877435392315,-0.008252947080930028,0.5208968696006928,-0.006348374887757311,-0.0016835540937681546,-0.5266791507108518,0.7869877435392315,-0.008252947080930028,0.5208968696006928,-0.006348374887757311,-0.02243410675930026,-0.039729642128667426,0.020478024754741954,-0.1079654754106682,-0.03461621307976986,-0.0834909633575225,-0.1806366528509739,-0.2898341488468018,0.14840258103321347,-0.8272229497209231,-0.2483099460030687,-0.6494861020980809,0.5,0.0,0.0,0.5,True,False,True,False,1,True,True,0.004453000001376495,4,1.9089604661797207e-09,2.3774433726525864e-10,`gtol` termination condition is satisfied.,True,True,0.0,0.009924000012688339,True,0.012203266686639869,0.011666155372245466,False,False,False,False,False,False,1.0,False,False,False,0.0006007976076588977,0.004308182062845375,0.0006007986534156765,0.00430818225718539
1.2109947999921387,1786138890.1131036,0.010576899978332222,0.0075379000045359135,0.010576899978332222,TELEOP,0,,0.0,1.2109947999921387,232,-0.00043873985206656086,0.006609197572237086,0.0,0.005700573542971265,0.005833629076820771,0.011501323553552541,0.9999005909537168,-0.00020656105632286143,0.003969188597282316,0.0,0.0034328511655986917,0.0034955904614241543,0.00691290837446089,0.9999641033947205,-0.016061967903747823,-0.22381134496914779,0.2799246595713092,-0.12882330727816543,0.0021839657263458523,0.003198699114748225,0.9916599992535722,-0.01605456676935442,-0.22389760275257733,0.2799477722920744,-0.12893002539528037,0.0020458746308437805,0.002997626258742997,0.9916470527286311,-0.01605456495579539,-0.22389760376434442,0.27994777248507796,-0.12893002542249538,0.0020458746318922946,0.0029976261313145606,0.9916470527254756,-0.016015887378286242,-0.22449803766123744,0.2801093643510151,-0.12982968113492172,0.0008917746727976891,0.0013166378169798404,0.9915350347310964,-0.016015887378286242,-0.22449803766123744,0.2801093643510151,-0.12982968113492172,0.0008917746727976891,0.0013166378169798404,0.9915350347310964,-0.004653369771007393,-0.5317007110691371,0.7895678434332283,-0.022215849531498254,0.516554418051612,-0.017223288393047844,-0.0019413777022963372,-0.5271315857635215,0.7872208010604834,-0.009487978741865273,0.520503238928346,-0.007304789403137713,-0.0019413777022963372,-0.5271315857635215,0.7872208010604834,-0.009487978741865273,0.520503238928346,-0.007304789403137713,-0.024376103495008815,-0.04277577112353516,0.022034577402575084,-0.11676688476447009,-0.03721607211500629,-0.09042484256631983,-0.1836073650773778,-0.28799827937373074,0.14716529900272055,-0.8321350652679329,-0.24580539104676136,-0.6555681932326146,0.5,0.0,0.0,0.5,True,False,True,False,1,True,True,0.00436190000618808,4,2.0856460297735337e-09,2.6068921467857925e-10,`gtol` termination condition is satisfied.,True,True,0.0,0.010576899978332222,True,0.012727870789632981,0.012203266686639869,False,False,False,False,False,False,1.0,False,False,False,0.0006229997999013706,0.004463002992087249,0.0006230009376748615,0.004463003205247228
1.2214520999911,1786138890.1215262,0.010457299998961389,0.008173399983206764,0.010457299998961389,TELEOP,0,,0.0,1.2214520999911,233,-0.0004832351912326505,0.0069346955861969446,0.0,0.005977830853411025,0.0061243142263204325,0.012065968817142177,0.9998905793685873,-0.00023362273941867056,0.004259280446056399,0.0,0.003681916804027734,0.0037528516649286557,0.007417215000183845,0.9999586714033087,-0.01607008637850451,-0.2237272828080798,0.2799021351660619,-0.12869965901553773,0.0023444131112409718,0.00343191231171937,0.9916749081600951,-0.0160619544373123,-0.22381652679348688,0.27992604803792137,-0.12880980124132987,0.002201683599201506,0.003224282675234487,0.9916616316540277,-0.016061952595954176,-0.22381652781149447,0.27992604822999845,-0.12880980126881444,0.0022016836002794545,0.003224282545948413,0.9916616316508755,-0.01601914578591126,-0.2244353365019224,0.2800926236368359,-0.12973603411437964,0.0010121403688618128,0.0014934759071869202,0.9915469260473057,-0.01601914578591126,-0.2244353365019224,0.2800926236368359,-0.12973603411437964,0.0010121403688618128,0.0014934759071869202,0.9915469260473057,-0.0050457176072392805,-0.5323164278976755,0.7898821506181501,-0.023997735709529736,0.5160284721754024,-0.018626839756109667,-0.0022160083244699867,-0.5276090250024688,0.7874665771052789,-0.010797356288233051,0.5200884722322112,-0.00832024076977047,-0.0022160083244699867,-0.5276090250024688,0.7874665771052789,-0.010797356288233051,0.5200884722322112,-0.00832024076977047,-0.026262096545085777,-0.045656071738854956,0.023502820500496818,-0.12521181820334354,-0.039662885847778495,-0.09710454579419257,-0.18035181645972467,-0.2754344444173799,0.14040365085323733,-0.8075634666416961,-0.2339814037098699,-0.6387598355728697,0.5,0.0,0.0,0.5,True,False,True,False,1,True,True,0.00402260001283139,4,2.1127784576414475e-09,2.644344041594534e-10,`gtol` termination condition is satisfied.,True,True,0.0,0.010457299998961389,True,0.013200379421296685,0.012727870789632981,False,False,False,False,False,False,1.0,False,False,False,0.0006422647308534467,0.004596421088040318,0.0006422658842275344,0.0045964213041265675
1.2304350999980924,1786138890.130986,0.00898300000699237,0.00864819998969324,0.00898300000699237,TELEOP,0,,0.0,1.2304350999980924,236,-0.0005231644122075885,0.007214065443185156,0.0,0.0062155329539665535,0.006374055829197701,0.01255045862885504,0.9998816052666385,-0.0002582905104195038,0.004511046081195889,0.0,0.0038978955381667696,0.0039762967738682575,0.007854799554712317,0.9999536477248808,-0.016077486683618962,-0.22365432673057628,0.279882586629129,-0.12859242605044124,0.00248374254593737,0.0036342567259985263,0.9916877589057338,-0.016068711265363352,-0.22374596662380386,0.2799071414831148,-0.12870528877243098,0.002337301812071186,0.003421404408056759,0.9916742306090852,-0.016068709648727024,-0.22374596751875636,0.2799071416632715,-0.12870528879576304,0.002337301813033332,0.0034214042946201775,0.9916742306064461,-0.016022256326344297,-0.22437883134379438,0.2800775185656168,-0.12965162995390336,0.001120636923636239,0.0016526289914539974,0.9915575968346964,-0.016022256326344297,-0.22437883134379438,0.2800775185656168,-0.12965162995390336,0.001120636923636239,0.0016526289914539974,0.9915575968346964,-0.00539117713767351,-0.5328520834468277,0.7901552582586622,-0.025558480236958572,0.5155719884400211,-0.019858488892908328,-0.002465464783746716,-0.528039208203617,0.7876878963393334,-0.011981950944362649,0.5197152416254406,-0.009240063428217654,-0.002465464783746716,-0.528039208203617,0.7876878963393334,-0.011981950944362649,0.5197152416254406,-0.009240063428217654,-0.027769838481860466,-0.04788858964860296,0.024637563607062124,-0.13187071748942536,-0.04154854797730828,-0.10239593206403153,-0.1678439202494783,-0.24852698519539207,0.12632117395992673,-0.7412778894465684,-0.20991451943248168,-0.589044446812883,0.5,0.0,0.0,0.5,True,False,True,False,1,True,True,0.004856100014876574,4,1.856585425382472e-09,2.316905821775586e-10,`gtol` termination condition is satisfied.,True,True,0.0,0.00898300000699237,True,0.013576529292595924,0.013200379421296685,False,False,False,False,False,False,1.0,False,False,False,0.0006570409584302356,0.004698087733472664,0.0006570419814668171,0.004698087922367664
1.2405951000033637,1786138890.141637,0.010160000005271286,0.009139900008449331,0.010160000005271286,TELEOP,0,,0.0,1.2405951000033637,238,-0.000570224778861117,0.007529762385871457,0.0,0.006483850735069175,0.006656550710501443,0.013097795726200191,0.9998710405644314,-0.0002880163065470001,0.004798749206760327,0.0,0.004144468365182309,0.004231860944897153,0.008354723206707656,0.9999475552923026,-0.0160864043925336,-0.22357095676807637,0.2798602476979142,-0.12846999101922557,0.0026430638757067903,0.0038654097508303647,0.9917023415462561,-0.0160768868339482,-0.22366509877807164,0.27988547299266525,-0.12858566184973258,0.0024927606020295943,0.0036471503127784573,0.9916885660356498,-0.016076884963322886,-0.22366509979574103,0.2798854731818249,-0.12858566187731832,0.002492760603149883,0.0036471501816170097,0.9916885660325524,-0.016026207822530936,-0.22431152687011055,0.28005951373229154,-0.1295511420806041,0.0012498860095328955,0.001841988474243061,0.9915702428214731,-0.016026207822530936,-0.22431152687011055,0.28005951373229154,-0.1295511420806041,0.0012498860095328955,0.001841988474243061,0.9915702428214731,-0.005792298102174593,-0.5334657415791237,0.7904677659714615,-0.027359812728773854,0.5150503390001901,-0.021282831153144686,-0.002765432859490308,-0.5285514892265442,0.7879512601619477,-0.013399631543360957,0.5192714790857331,-0.010342520380166913,-0.002765432859490308,-0.5285514892265442,0.7879512601619477,-0.013399631543360957,0.5192714790857331,-0.010342520380166913,-0.029524416888578764,-0.05042136049816133,0.025921636070634746,-0.13953549195499781,-0.043677415302879705,-0.10850954245839309,-0.17269472498109995,-0.2492884693153837,0.1263850849317332,-0.754406935196434,-0.2095341854790267,-0.6017333062194548,0.5,0.0,0.0,0.5,True,False,True,False,1,True,True,0.005092900013551116,4,2.137912867062281e-09,2.6814286083285077e-10,`gtol` termination condition is satisfied.,True,True,0.0,0.010160000005271286,True,0.013960181185412897,0.013576529292595924,False,False,False,False,False,False,1.0,False,False,False,0.0006713614885317118,0.004795623506979875,0.0006713626586465481,0.00479562372582564
1.2500651999940855,1786138890.1511946,0.009470099990721792,0.00922889998764731,0.009470099990721792,TELEOP,0,,0.0,1.2500651999940855,239,-0.0006159034392482055,0.0078237463454756,0.0,0.006733434107785103,0.00691988190881681,0.01360734273591392,0.9998607984730432,-0.0003173303265238764,0.005069225235359668,0.0,0.004376067655817104,0.004472321228542703,0.008824603012944545,0.9999414856662187,-0.016095198570394823,-0.22349257883474155,0.27983924637783236,-0.12835497919815667,0.0027929374464653444,0.004082655571233554,0.9917159526492189,-0.016084976821509327,-0.22358888076348546,0.27986505042159554,-0.12847304495798603,0.002639310922363184,0.0038597697626106546,0.9917019778816911,-0.016084975041844606,-0.22358888172730973,0.2798650506047843,-0.1284730449837849,0.0026393109234432543,0.0038597696379117034,0.9917019778788314,-0.01603028083561028,-0.22424609300425583,0.2800419882989172,-0.129453443826361,0.001375576766872911,0.002025838589764211,0.991582477481355,-0.01603028083561028,-0.22424609300425583,0.2800419882989172,-0.129453443826361,0.001375576766872911,0.002025838589764211,0.991582477481355,-0.006175066589475111,-0.534043879844694,0.7907618123754291,-0.029069273045121125,0.5145601364360767,-0.02263714496330505,-0.0030597131182530544,-0.5290494249673163,0.7882070656779654,-0.01478420013687531,0.5188407937578245,-0.011420757404653424,-0.0030597131182530544,-0.5290494249673163,0.7882070656779654,-0.01478420013687531,0.5188407937578245,-0.011420757404653424,-0.031074672817717218,-0.052579776481773234,0.02701191289092413,-0.1462042211667106,-0.04547843510951009,-0.11385698414408497,-0.1637000592028909,-0.22791902785890186,0.11512833247352902,-0.7041878352125531,-0.19017959772282353,-0.5646658103854205,0.5,0.0,0.0,0.5,True,False,True,False,1,True,True,0.00503160001244396,4,2.0321717100367975e-09,2.5475285678037e-10,`gtol` termination condition is satisfied.,True,True,0.0,0.009470099990721792,True,0.014285072908245815,0.013960181185412897,False,False,False,False,False,False,1.0,False,False,False,0.0006828067562244757,0.004872696288298193,0.0006828078739462258,0.004872696495952857
1.2604227999905815,1786138890.1603172,0.010357599996495992,0.007990799989784136,0.010357599996495992,TELEOP,0,,0.0,1.2604227999905815,241,-0.0006678647834824748,0.008144963780105572,0.0,0.007005828767975887,0.007207899676933769,0.014163931424065837,0.9998491624200799,-0.00035132126113756636,0.005367512526506321,0.0,0.004631226831577896,0.004737747446998997,0.009342664646724655,0.9999344079010692,-0.016105395819754478,-0.22340614181634733,0.27981608563066807,-0.1282282542002349,0.0029583331375072205,0.004322158958117453,0.9917308516083123,-0.016094393023178197,-0.22350461087138052,0.27984247035471316,-0.1283486888097537,0.002801385390268282,0.004094679683565855,0.9917166933751803,-0.016094391035666043,-0.22350461193172916,0.2798424705441037,-0.1283486888389332,0.00280138539148394,0.004094679544408756,0.9917166933719749,-0.016035235323476216,-0.22417136392467912,0.2800219559477982,-0.12934190964502648,0.0015191535901525185,0.0022355494224808817,0.9915963719682153,-0.016035235323476216,-0.22417136392467912,0.2800219559477982,-0.12934190964502648,0.0015191535901525185,0.0022355494224808817,0.9915963719682153,-0.006604007655571125,-0.5346828144031016,0.7910863625994269,-0.030973364498422244,0.5140198604439888,-0.02414874606211789,-0.003399312230028263,-0.529617945442903,0.7884988854925605,-0.016373835898681258,0.5183499220279045,-0.012660713128186611,-0.003399312230028263,-0.529617945442903,0.7884988854925605,-0.016373835898681258,0.5183499220279045,-0.012660713128186611,-0.03278743259926007,-0.054889209448035776,0.028174462683813132,-0.15347529952341527,-0.04739242006701318,-0.11971457904849271,-0.16536261123448323,-0.2229698933192854,0.1122412328418068,-0.7020041669078255,-0.18479039141795303,-0.5655359259277607,0.5,0.0,0.0,0.5,True,False,True,False,1,True,True,0.004498299997067079,4,2.2606221693421502e-09,2.844496095966082e-10,`gtol` termination condition is satisfied.,True,True,0.0,0.010357599996495992,True,0.014599528599740987,0.014285072908245815,False,False,False,False,False,False,1.0,False,False,False,0.000693017047789457,0.004940223118351089,0.0006930182866578209,0.004940223350340662
1.2703909999905845,1786138890.1715462,0.00996820000000298,0.009252400021068752,0.00996820000000298,TELEOP,0,,0.0,1.2703909999905845,244,-0.000719845616800191,0.00845377927130776,0.0,0.007267401854287997,0.007485085111978539,0.014698872087244587,0.999837537568238,-0.00038583903080191144,0.005656622862176895,0.0,0.004878295910644149,0.004995234810942028,0.009844662011725997,0.9999271635914622,-0.016115751120583808,-0.22332236407527406,0.27979363743518004,-0.12810553373395195,0.003118745581039922,0.00455421794283785,0.9917451813604486,-0.016103986805265497,-0.22342274795940154,0.27982053523662703,-0.1282280293228586,0.0029588751831793386,0.004322725254360086,0.9917308765990912,-0.016103984855078086,-0.2234227489925695,0.2798205354220777,-0.12822802935117325,0.0029588751843867525,0.00432272511791497,0.9917308765960213,-0.016040481668372956,-0.22409678406564326,0.2800019389614807,-0.12923059958460165,0.0016624904132341305,0.0024445476530883035,0.9916101615268987,-0.016040481668372956,-0.22409678406564326,0.2800019389614807,-0.12923059958460165,0.0016624904132341305,0.0024445476530883035,0.9916101615268987,-0.0070262000068653605,-0.5353032212814289,0.7914010729907976,-0.03283677048788284,0.5134967266289673,-0.02563103942923403,-0.003741730143166055,-0.5301851845831007,0.7887897984573108,-0.017968682393691513,0.5178610196019496,-0.013906733460569188,-0.003741730143166055,-0.5301851845831007,0.7887897984573108,-0.017968682393691513,0.5178610196019496,-0.013906733460569188,-0.03435102758147804,-0.05690487151116164,0.02918410191911724,-0.15999342860393823,-0.04904620954181464,-0.12499953174918274,-0.15685830764004555,-0.20220923166923413,0.10128601305188566,-0.6538922855200562,-0.16590653024628044,-0.5301812464325006,0.5,0.0,0.0,0.5,True,False,True,False,1,True,True,0.005131999991135672,4,2.2147367637389306e-09,2.787821424559398e-10,`gtol` termination condition is satisfied.,True,True,0.0,0.00996820000000298,True,0.014868088094191326,0.014599528599740987,False,False,False,False,False,False,1.0,False,False,False,0.0007009016896563928,0.004991146760952862,0.0007009029079123769,0.0049911469881240775
1.2801840999960659,1786138890.1806557,0.009793100005481392,0.008569400000851601,0.009793100005481392,TELEOP,0,,0.0,1.2801840999960659,245,-0.0007727958788398104,0.008756847287330609,0.0,0.007523816057151247,0.007757385740323283,0.015223705249462385,0.9998257117902558,-0.00042150532781288195,0.005942410052112183,0.0,0.005122289553365828,0.005249985013622088,0.010340765584250167,0.9999196309575185,-0.016126450979962764,-0.2232395493077432,0.2797714472677921,-0.12798432782509178,0.003277417287663817,0.004783535008538587,0.9917592390090975,-0.016113930095309863,-0.22334165896531546,0.27979880748929636,-0.12810864959272175,0.0031149243389532863,0.004548469269766823,0.9917448172656079,-0.01611392814434317,-0.22334165999064243,0.2797988076723762,-0.12810864962083618,0.003114924340174544,0.004548469133364535,0.9917448172625979,-0.016046111484361678,-0.22402116938806238,0.2799816202614295,-0.12911774966619977,0.0018078648171766427,0.0026561563364758114,0.991624063433041,-0.016046111484361678,-0.22402116938806238,0.2799816202614295,-0.12911774966619977,0.0018078648171766427,0.0026561563364758114,0.991624063433041,-0.00744983591741008,-0.5359174862905576,0.7917122493757884,-0.03469609514496765,0.5129802342522941,-0.027113006232449735,-0.004092519265885468,-0.530760140810639,0.7890844083857816,-0.019594374693825963,0.5173663630737608,-0.015178913339108058,-0.004092519265885468,-0.530760140810639,0.7890844083857816,-0.019594374693825963,0.5173663630737608,-0.015178913339108058,-0.03582002864497142,-0.058710339648987704,0.030083418764841684,-0.16600384957005615,-0.05051071957928997,-0.12990573749137724,-0.15000368245715348,-0.18436124790061487,0.09183168202316701,-0.6137403848376688,-0.1495450916109928,-0.5009859737415513,0.5,0.0,0.0,0.5,True,False,True,False,1,True,True,0.004779499984579161,4,2.2115796715041273e-09,2.7861483268025605e-10,`gtol` termination condition is satisfied.,True,True,0.0,0.009793100005481392,True,0.015101720451141689,0.014868088094191326,False,False,False,False,False,False,1.0,False,False,False,0.0007069317953448106,0.0050287652709586255,0.0007069330154035994,0.005028765497856132
1.2900659000075647,1786138890.1893299,0.009881800011498854,0.007358400005614385,0.009881800011498854,TELEOP,0,,0.0,1.2900659000075647,247,-0.0008281149444532621,0.00906232420983157,0.0,0.007781976684952449,0.008032125073598599,0.015752557726365708,0.9998133739507361,-0.0004592909842140549,0.006232375623095743,0.0,0.005369607330809171,0.005508689187126579,0.01084399469866841,0.9999116108134398,-0.016137786646724196,-0.22315552373823422,0.2797489326666529,-0.12786145734283058,0.003438515171306367,0.005016127863868465,0.9917733928679664,-0.01612449532857067,-0.2232592261753446,0.2797767196725823,-0.12798743248907388,0.003273613685297913,0.004777809627770432,0.9917588785150628,-0.01612449332531415,-0.22325922721804492,0.27977671985515096,-0.12798743251786185,0.0032736136865643703,0.004777809487813521,0.9917588785120177,-0.016052293598459434,-0.22394267081642677,0.27996050338082934,-0.12900061094954446,0.0019588350122022903,0.002875542783363463,0.9916384102049196,-0.016052293598459434,-0.22394267081642677,0.27996050338082934,-0.12900061094954446,0.0019588350122022903,0.002875542783363463,0.9916384102049196,-0.007886146654979805,-0.536541642319073,0.7920280077786845,-0.03660030436266632,0.5124569501765016,-0.02863374845287476,-0.004460645254156775,-0.5313568543984719,0.7893898790258664,-0.021291636357200383,0.5168539739939286,-0.016509341004250163,-0.004460645254156775,-0.5313568543984719,0.7893898790258664,-0.021291636357200383,0.5168539739939286,-0.016509341004250163,-0.03725292839795788,-0.06038511072258857,0.030912449121549317,-0.17175632591222437,-0.05185179615413892,-0.13463414191685386,-0.14500392148384736,-0.169480365080455,0.08389467058055643,-0.5821283911306041,-0.1357117704556274,-0.47849626788383154,0.5,0.0,0.0,0.5,True,False,True,False,1,True,True,0.0035547000006772578,4,2.265743134507698e-09,2.858500349945396e-10,`gtol` termination condition is satisfied.,True,True,0.0,0.009881800011498854,True,0.015308668005465938,0.015101720451141689,False,False,False,False,False,False,1.0,False,False,False,0.0007113960479492445,0.005055020524481046,0.0007113973001579548,0.005055020757203969
1.3001966999942196,1786138890.2002692,0.010130799986654893,0.008170300017809495,0.010130799986654893,TELEOP,0,,0.0,1.3001966999942196,249,-0.0008867957638510116,0.009375135714127925,0.0,0.008046032068998236,0.00831374608090444,0.01629394928230717,0.999800305166403,-0.0004999243333428605,0.006531125362989342,0.0,0.0056241585113093375,0.0057754741709596874,0.011362332423303204,0.9999029503612051,-0.016149976620390284,-0.2230689527119119,0.2797257360117899,-0.1277349791807614,0.003604606272027827,0.005255684959410034,0.9917878602215907,-0.01613588974063537,-0.2231741420178114,0.27975392142342964,-0.12786246388844544,0.003437469145830898,0.005014378320060505,0.9917732755747711,-0.01613588765153456,-0.22317414309359512,0.27975392160646706,-0.12786246391845904,0.0034374691471640993,0.0050143781742145125,0.9917732755716344,-0.016059177968910876,-0.2238600632063352,0.27993825798026106,-0.1288773680544143,0.002117763777032759,0.003106107413945505,0.9916534128296463,-0.016059177968910876,-0.2238600632063352,0.27993825798026106,-0.1288773680544143,0.002117763777032759,0.003106107413945505,0.9916534128296463,-0.008342558843840636,-0.5371855624454525,0.7923533094266504,-0.03858086945533409,0.5119187425186068,-0.03021865513650579,-0.004852506931789794,-0.5319846066110657,0.7897109116797358,-0.0230885742297953,0.5163160517453722,-0.01792041692438482,-0.004852506931789794,-0.5319846066110657,0.7897109116797358,-0.0230885742297953,0.5163160517453722,-0.01792041692438482,-0.038680230401272525,-0.061964722768270045,0.03168877623606022,-0.17737373899020714,-0.05309770691998556,-0.139285734788313,-0.14088739341362985,-0.15592174830835323,0.07663038610312584,-0.5544885976805864,-0.12298246609229813,-0.4591535592042683,0.5,0.0,0.0,0.5,True,False,True,False,1,True,True,0.004037800012156367,4,2.3569377340198318e-09,2.978824189485275e-10,`gtol` termination condition is satisfied.,True,True,0.0,0.010130799986654893,True,0.015492295225538785,0.015308668005465938,False,False,False,False,False,False,1.0,False,False,False,0.0007143883223941335,0.005070511013023462,0.0007143896268644007,0.005070511255516926
1.3104089999902753,1786138890.2127404,0.010212299996055663,0.010430800000904128,0.010212299996055663,TELEOP,0,,0.0,1.3104089999902753,252,-0.0009479626866950586,0.009690079226411913,0.0,0.008311576339577104,0.008597577624078447,0.016838868024891304,0.9997867031929308,-0.0005428191791268694,0.0068335993934793785,0.0,0.005881616718243935,0.006045835184597499,0.011886991633929407,0.9998937713035296,-0.016162845042665578,-0.22298130246890144,0.27970225018136463,-0.1276070420539064,0.0037728839169203663,0.005498144201509812,0.9918023888736816,-0.01614795140901949,-0.22308785225234382,0.2797308001322608,-0.1277358731033391,0.0036037144333696636,0.005254152492139801,0.9917877564511471,-0.016147949267953116,-0.22308785334415115,0.2797308003143363,-0.12773587313399407,0.0036037144347496218,0.005254152342777749,0.9917877564479851,-0.016066688790571198,-0.22377484027878197,0.27991528383698305,-0.12875025081417296,0.0022817870423662763,0.003343650436542632,0.9916687886411164,-0.016066688790571198,-0.22377484027878197,0.27991528383698305,-0.12875025081417296,0.0022817870423662763,0.003343650436542632,0.9916687886411164,-0.008811739408092234,-0.5378382789814928,0.7926825792417347,-0.0406052500753788,0.5113749191497324,-0.03184191010616205,-0.005261613608418306,-0.5326320177580297,0.7900416410128853,-0.02495417948698341,0.5157625041155915,-0.019388123814142413,-0.005261613608418306,-0.5326320177580297,0.7900416410128853,-0.02495417948698341,0.5157625041155915,-0.019388123814142413,-0.040060189848175505,-0.0633952339055926,0.03238539146687857,-0.1826821830448251,-0.0542040118283293,-0.1437195235475331,-0.13512719440634968,-0.14007727327586036,0.06821335361156715,-0.5198088634948327,-0.10833063156889525,-0.43416162479878,0.5,0.0,0.0,0.5,True,False,True,False,1,True,True,0.0064292000024579465,4,2.4102613869605105e-09,3.050288707468651e-10,`gtol` termination condition is satisfied.,True,True,0.0,0.010212299996055663,True,0.015651070588395394,0.015492295225538785,False,False,False,False,False,False,1.0,False,False,False,0.0007159528501695813,0.005075678649554111,0.0007159541877344584,0.005075678897800363
1.3213841000030042,1786138890.2227254,0.010975100012728944,0.00943930001812987,0.010975100012728944,TELEOP,0,,0.0,1.3213841000030042,253,-0.001015949852273723,0.010028102069935124,0.0,0.0085962325653078,0.00890253318827831,0.017423536741113046,0.9997716089467363,-0.0005911541783168667,0.007159990716235852,0.0,0.006159122571651138,0.0063378653043645395,0.012452973391801726,0.9998834032657179,-0.01617734550847506,-0.22288672152665104,0.27967690727409444,-0.1274691262789681,0.003954602596902682,0.005759677139426326,0.991817931418477,-0.016161581774160806,-0.22299458573684897,0.27970580942497864,-0.1275992178220289,0.003783485265659259,0.005513148369632791,0.9918032718465418,-0.016161579434015208,-0.22299458691386273,0.27970580961056635,-0.12759921785574804,0.003783485267180081,0.005513148206514577,0.9918032718431047,-0.016075451147318866,-0.22368113487550673,0.279890002373284,-0.12861055826743184,0.002462202117579771,0.0036045048837034044,0.9916855698291748,-0.016075451147318866,-0.22368113487550673,0.279890002373284,-0.12861055826743184,0.002462202117579771,0.0036045048837034044,0.9916855698291748,-0.009326242067448524,-0.5385433864095778,0.7930377391260758,-0.04281169060709831,0.5107894722406774,-0.033614936606694255,-0.005717460531880227,-0.5333435915168024,0.7904047013495182,-0.02702016922341547,0.5151556262854556,-0.021016826516551505,-0.005717460531880227,-0.5333435915168024,0.7904047013495182,-0.02702016922341547,0.5151556262854556,-0.021016826516551505,-0.04153464869871147,-0.06483528696298521,0.03308036703190734,-0.18824336307058,-0.05529588153475231,-0.1483998050605571,-0.13434582362127773,-0.1312109279844778,0.06332293685002718,-0.5067088244576391,-0.09948608260122094,-0.4264454544920616,0.5,0.0,0.0,0.5,True,False,True,False,1,True,True,0.004766500002006069,4,2.6260399121969127e-09,3.332185771491547e-10,`gtol` termination condition is satisfied.,True,True,0.0,0.010975100012728944,True,0.01579152138368284,0.015651070588395394,False,False,False,False,False,False,1.0,False,False,False,0.0007160259487227607,0.005069664733676329,0.0007160274065127086,0.005069665004961715
1.3311803000029867,1786138890.2322469,0.009796199999982491,0.009166000003460795,0.009796199999982491,TELEOP,0,,0.0,1.3311803000029867,254,-0.0010786016684007638,0.010329413598118686,0.0,0.008849669929288437,0.00917465171311715,0.017944547549416337,0.9997577218113058,-0.0006360959425054111,0.007452243042757119,0.0,0.006407351201820177,0.006599585583424149,0.01295962320842971,0.9998737117691411,-0.01619082800733486,-0.22280203330568055,0.27965421511552285,-0.1273457462409612,0.004117423468561052,0.0059937754885389105,0.9918317308866995,-0.0161742833100972,-0.22291096089499088,0.27968340219831916,-0.12747682356055987,0.00394474333123215,0.0057452422119470365,0.9918170651117507,-0.016174281189592847,-0.22291096195853263,0.2796834023739678,-0.12747682359041082,0.003944743332628533,0.005745242064243796,0.991817065108764,-0.01608381116012409,-0.22359619240348322,0.27986705308520415,-0.12848391050788355,0.0026258276371634885,0.003840605979122045,0.9917006804048968,-0.01608381116012409,-0.22359619240348322,0.27986705308520415,-0.12848391050788355,0.0026258276371634885,0.003840605979122045,0.9917006804048968,-0.009793635649525045,-0.5391752691977892,0.7933555314695273,-0.04480549852114231,0.5102666005723913,-0.03522026441500971,-0.006135639248528004,-0.5339884003031075,0.7907333276131252,-0.028905112081083366,0.5146069589489628,-0.022505539933841863,-0.006135639248528004,-0.5339884003031075,0.7907333276131252,-0.028905112081083366,0.5146069589489628,-0.022505539933841863,-0.04268785004884797,-0.06582233787653645,0.03354629995381201,-0.19241571810204605,-0.056008180365229476,-0.15196845892213479,-0.11771925339810942,-0.10075855061687268,0.04756261835257604,-0.42591566438756817,-0.07271174848190497,-0.3642896083771302,0.5,0.0,0.0,0.5,True,False,True,False,1,True,True,0.004962299979524687,4,2.3787627505081253e-09,3.0145112624424655e-10,`gtol` termination condition is satisfied.,True,True,0.0,0.009796199999982491,True,0.015900386440058943,0.01579152138368284,False,False,False,False,False,False,1.0,False,False,False,0.0007151595434984166,0.005057647712159914,0.0007151608758909337,0.005057647957245911
1.3406436000001376,1786138890.2413502,0.009463299997150898,0.008804800017969683,0.009463299997150898,TELEOP,0,,0.0,1.3406436000001376,255,-0.001140884450044083,0.010620114296751037,0.0,0.009093910978910824,0.00943743995864146,0.018447067993832753,0.9997439378123608,-0.0006811962938504547,0.0077353130104031755,0.0,0.0066475436733364575,0.006853304270410163,0.01345022918800356,0.9998639576054726,-0.016204358083296653,-0.22272000592784777,0.2796322359282071,-0.12722634734856256,0.00427523138667172,0.006220443735743109,0.9918449904176881,-0.016187055611023363,-0.22282986521099277,0.2796616726579231,-0.12735825580559898,0.0041011947901737145,0.005970200335749075,0.9918303340730207,-0.016187053533909673,-0.22282986624591788,0.27966167282963006,-0.1273582558345328,0.0041011947915553185,0.005970200191168069,0.99183033407017,-0.01609239007605913,-0.2235131236841968,0.27984458689033037,-0.12836007460287915,0.002785912844733823,0.004071203000932216,0.9917153599918124,-0.01609239007605913,-0.2235131236841968,0.27984458689033037,-0.12836007460287915,0.002785912844733823,0.004071203000932216,0.9917153599918124,-0.010252629211244448,-0.5397877294294203,0.7936631188640856,-0.046753484553426955,0.5097614594240699,-0.036791624733485274,-0.00654942960698244,-0.5346187625913643,0.7910542297679964,-0.030760353727816395,0.5140718315241868,-0.023973448280135774,-0.00654942960698244,-0.5346187625913643,0.7910542297679964,-0.030760353727816395,0.5140718315241868,-0.023973448280135774,-0.04372579951803446,-0.06661125489487306,0.03391017456573068,-0.19604595091475335,-0.05654765514536342,-0.15511590531166194,-0.1096815560638448,-0.08336595252968013,0.03845113353990901,-0.38361172252810993,-0.0570070461991444,-0.33259501341759806,0.5,0.0,0.0,0.5,True,False,True,False,1,True,True,0.00476340000750497,4,2.327005493284438e-09,2.9496352058161845e-10,`gtol` termination condition is satisfied.,True,True,0.0,0.009463299997150898,True,0.01599313082561056,0.015900386440058943,False,False,False,False,False,False,1.0,False,False,False,0.0007136241663631859,0.005041039644703513,0.0007136254767959925,0.005041039884381257
1.3504113999875953,1786138890.2508745,0.009767799987457693,0.008562400005757809,0.009767799987457693,TELEOP,0,,0.0,1.3504113999875953,258,-0.0012069829281266264,0.010919774952986608,0.0,0.009345400759558666,0.009708587117924859,0.01896493004191453,0.9997293324942118,-0.0007295453297520527,0.008028179763243945,0.0,0.006895794896953182,0.007116041137722084,0.013957680278865332,0.9998534858330487,-0.01621886276360646,-0.22263513965951398,0.2796094960617717,-0.12710292879397136,0.0044386109523204525,0.006454876474704092,0.9918585981854999,-0.016200776294811002,-0.22274586625163184,0.2796391651865285,-0.12723557586805997,0.004263325980789806,0.00620309113847081,0.9918439665317487,-0.01620077412129871,-0.222745867323161,0.27963916535838085,-0.12723557589836562,0.004263325982246847,0.006203090987287938,0.9918439665288002,-0.016101793830840844,-0.22342641673342076,0.2798211199146466,-0.1282308772518189,0.002953074759758269,0.004311629271277431,0.991730573957322,-0.016101793830840844,-0.22342641673342076,0.2798211199146466,-0.1282308772518189,0.002953074759758269,0.004311629271277431,0.991730573957322,-0.01073423756204114,-0.5404217826887086,0.7939810975245237,-0.04878672309135833,0.5092402848187824,-0.03843485304507471,-0.00698677231270893,-0.5352764760875882,0.7913886486416899,-0.032710215766490316,0.5135148976978261,-0.025519182195500048,-0.00698677231270893,-0.5352764760875882,0.7913886486416899,-0.032710215766490316,0.5135148976978261,-0.025519182195500048,-0.044773921076195156,-0.06733486527861074,0.034236867475054264,-0.19962141333541145,-0.05701732499393829,-0.1582479081624388,-0.10730374900249119,-0.0740812040241236,0.03344590488575478,-0.36604582661901,-0.048083483402398125,-0.32064567812593486,0.5,0.0,0.0,0.5,True,False,True,False,1,True,True,0.004792199993971735,4,2.4293751647067273e-09,3.084510153531568e-10,`gtol` termination condition is satisfied.,True,True,0.0,0.009767799987457693,True,0.01607650732486801,0.01599313082561056,False,False,False,False,False,False,1.0,False,False,False,0.0007113733606551997,0.005019112134186073,0.0007113747321357875,0.005019112384864238
1.3603115999936817,1786138890.2608037,0.00990020000608638,0.008589300006860867,0.00990020000608638,TELEOP,0,,0.0,1.3603115999936817,259,-0.0012758527264274844,0.011223077673402072,0.0,0.009599658181090263,0.009983297513983217,0.0194889338009118,0.9997141400384698,-0.0007803989637036981,0.008325618556454228,0.0,0.007147658783941941,0.0073831246492478755,0.014472914253619431,0.999842455188481,-0.01623411882285575,-0.22254894851546228,0.2795864011955767,-0.12697769991276486,0.004604654785580558,0.006692885991399456,0.9918723033517347,-0.016215236712962492,-0.2226604644247927,0.27961628181753256,-0.1271109823225009,0.004428249157354394,0.006439750111923193,0.9918577107634468,-0.016215234479992676,-0.22266046551510033,0.2796162819882077,-0.1271109823535608,0.004428249158863893,0.006439749956716815,0.9918577107604672,-0.016111898567770767,-0.2233376842264062,0.2797970885839677,-0.1280987333164348,0.0031242117973363315,0.004557399209936079,0.9917460279405266,-0.016111898567770767,-0.2233376842264062,0.2797970885839677,-0.1280987333164348,0.0031242117973363315,0.004557399209936079,0.9917460279405266,-0.011230344526386623,-0.5410660725995138,0.7943037350965695,-0.050870166634363514,0.5087125831603829,-0.04012187111776953,-0.007440176175882847,-0.5359492735864854,0.7917302979601616,-0.03472005047784809,0.5129467250328057,-0.02711562236138021,-0.007440176175882847,-0.5359492735864854,0.7917302979601616,-0.03472005047784809,0.5129467250328057,-0.02711562236138021,-0.045797444788506905,-0.06795797039287839,0.034509334989358695,-0.20300950588090982,-0.05739001885529177,-0.16125332467007866,-0.10338414493470004,-0.06293863900573536,0.027521415136757578,-0.3422246564125441,-0.03764508405126755,-0.3035712920741208,0.5,0.0,0.0,0.5,True,False,True,False,1,True,True,0.004946200002450496,4,2.490794032695843e-09,3.1663791188633053e-10,`gtol` termination condition is satisfied.,True,True,0.0,0.00990020000608638,True,0.016150116156515425,0.01607650732486801,False,False,False,False,False,False,1.0,False,False,False,0.0007085157152582045,0.00499274915350669,0.0007085171266369096,0.00499274941083743
1.3706141000071765,1786138890.272149,0.010302500013494864,0.009631399996578693,0.010302500013494864,TELEOP,0,,0.0,1.3706141000071765,262,-0.001349522865454972,0.01153824399902825,0.0,0.009863552529207356,0.010269038155477528,0.020033271046266007,0.999697916991954,-0.0008353215718244109,0.008635688691960804,0.0,0.00740993245003078,0.007661816680269052,0.015009877187072319,0.9998305321668632,-0.016250595573041995,-0.22245909708930317,0.27956232555884786,-0.12684727982294716,0.004777873605722936,0.006940912715890915,0.9918864669184659,-0.016230885557716953,-0.2225713448614185,0.2795924022831304,-0.12698111059785994,0.004600446461363912,0.006686583110768861,0.9918719287539057,-0.016230883202282737,-0.22257134599861633,0.2795924024540106,-0.1269811106306766,0.0046004464629684876,0.006686582947173294,0.9918719287507999,-0.016123050219459784,-0.2232445328558924,0.27977184894025,-0.127960119133103,0.0033039433791435036,0.0048151468877065265,0.9917621217963708,-0.016123050219459784,-0.2232445328558924,0.27977184894025,-0.127960119133103,0.0033039433791435036,0.0048151468877065265,0.9917621217963708,-0.011755121443803205,-0.5417380213660032,0.7946397120854569,-0.05306208490077286,0.5081643093768061,-0.041900204372747635,-0.00792280341526637,-0.5366552501869972,0.7920882959740377,-0.03684640472476035,0.512352293150635,-0.02880818538831712,-0.00792280341526637,-0.5366552501869972,0.7920882959740377,-0.03684640472476035,0.512352293150635,-0.02880818538831712,-0.0468456431692646,-0.06852478520622593,0.034748654540863684,-0.2063920644627056,-0.05769782881747685,-0.16428663185827594,-0.10174213825621956,-0.05501721063868852,0.023229269710411428,-0.3283240550706227,-0.02987721055878606,-0.29442438090017675,0.5,0.0,0.0,0.5,True,False,True,False,1,True,True,0.005594700021902099,4,2.621161823498473e-09,3.337823384955724e-10,`gtol` termination condition is satisfied.,True,True,0.0,0.010302500013494864,True,0.016215680176012513,0.016150116156515425,False,False,False,False,False,False,1.0,False,False,False,0.0007049890342532894,0.004961335119414621,0.0007049905239308028,0.004961335390750839
1.3804923999920247,1786138890.2805963,0.009878299984848127,0.008203100005630404,0.009878299984848127,TELEOP,0,,0.0,1.3804923999920247,263,-0.0014220741300378483,0.011839979652535802,0.0,0.010115906446803826,0.010542873955779715,0.020554255785001856,0.9996819688354076,-0.0008898305978165158,0.00893340394994647,0.0,0.007661490282362577,0.007929650487900858,0.015525303776497006,0.9998186771372299,-0.01626694824987467,-0.2223728258315972,0.2795392092260522,-0.12672217355992818,0.004944304873355942,0.007178972937589552,0.9918999480417006,-0.016246443856243464,-0.22248569905561882,0.27956945353992674,-0.12685643367201613,0.004766021882467516,0.006923679694419998,0.9918854736968993,-0.016246441568372703,-0.22248570015303912,0.27956945370603786,-0.12685643370352942,0.004766021884041399,0.006923679535630577,0.9918854736939697,-0.016134322074554137,-0.22315468081269652,0.27974748701130453,-0.12782648567804894,0.0034773886987875162,0.005063491602308546,0.9917775246393873,-0.016134322074554137,-0.22315468081269652,0.27974748701130453,-0.12782648567804894,0.0034773886987875162,0.005063491602308546,0.9917775246393873,-0.012266074025435518,-0.5423834033348292,0.7949619100318636,-0.0551853916952679,0.5076397368762778,-0.043626141761472934,-0.008394640137742248,-0.5373359119311109,0.7924329825824943,-0.038913073204829694,0.5117808618471048,-0.03045659714283135,-0.008394640137742248,-0.5373359119311109,0.7924329825824943,-0.038913073204829694,0.5117808618471048,-0.03045659714283135,-0.04776497202956045,-0.0689047452656455,0.034893312511788635,-0.20921297017091142,-0.05784713001293035,-0.16687200804213792,-0.0930654932231218,-0.038464114270914465,0.014644014774488952,-0.2855659083579848,-0.015114057649849143,-0.26172278507714636,0.5,0.0,0.0,0.5,True,False,True,False,1,True,True,0.00473670000792481,4,2.5428874975147596e-09,3.238408651641647e-10,`gtol` termination condition is satisfied.,True,True,0.0,0.009878299984848127,True,0.016272318490438205,0.016215680176012513,False,False,False,False,False,False,1.0,False,False,False,0.0007012857917239968,0.004928907196955692,0.0007012872465422222,0.004928907460085935
1.390611200003721,1786138890.2922227,0.010118800011696294,0.009706400014692917,0.010118800011696294,TELEOP,0,,0.0,1.390611200003721,265,-0.0014983320005491963,0.012148588447677784,0.0,0.010373710159278774,0.010823222160068624,0.021086949823045785,0.9996652362399953,-0.000947605747440612,0.009238713882401323,0.0,0.007919185639026861,0.008204576079880826,0.016053730459517117,0.9998061057867657,-0.016284280763007027,-0.22228435380604564,0.27951550319870483,-0.12659399982209915,0.005115102237499504,0.007423017795109047,0.9919136523634282,-0.01626296301756275,-0.22239779401942347,0.27954589943717084,-0.12672860665046412,0.004936062483846656,0.007166912382108967,0.9918992544157369,-0.016262960644111563,-0.2223977951463839,0.27954589960225734,-0.12672860668313105,0.004936062485491932,0.007166912217500527,0.9918992544127444,-0.0161464844039562,-0.2230621790819335,0.279722399211658,-0.12768903712010665,0.0036560222819699314,0.005318930808804677,0.991793250771281,-0.0161464844039562,-0.2230621790819335,0.279722399211658,-0.12768903712010665,0.0036560222819699314,0.005318930808804677,0.991793250771281,-0.012797514398734623,-0.5430454141810745,0.7952919053889899,-0.05738238986057039,0.507103778820494,-0.04541537462952659,-0.008887270262713878,-0.5380362989258674,0.7927871402542309,-0.04105777119859792,0.5111947293814192,-0.03217088340374362,-0.008887270262713878,-0.5380362989258674,0.7927871402542309,-0.04105777119859792,0.5111947293814192,-0.03217088340374362,-0.04868463892973479,-0.0692164084621638,0.03499996751860325,-0.21195181160702653,-0.05792509635609589,-0.16941596423792676,-0.0908869529105529,-0.03080041073625847,0.010540282117576204,-0.2706686003230912,-0.007705097746316114,-0.2514088817694077,0.5,0.0,0.0,0.5,True,False,True,False,1,True,True,0.004748300008941442,4,2.632596413007497e-09,3.35706593360849e-10,`gtol` termination condition is satisfied.,True,True,0.0,0.010118800011696294,True,0.01632461866197247,0.016272318490438205,False,False,False,False,False,False,1.0,False,False,False,0.0006972265345321296,0.004893752994587463,0.0006972280467021895,0.0048937532674080825
1.4007733999966403,1786138890.3016634,0.01016219999291934,0.00898889999371022,0.01016219999291934,TELEOP,0,,0.0,1.4007733999966403,266,-0.0015768900987978562,0.012458026629290018,0.0,0.010631903346044407,0.0111046024758573,0.021620914625904146,0.9996480313019342,-0.0010075860646111914,0.009545602249066483,0.0,0.008177929721178633,0.008481185487028087,0.01658473848405909,0.9997930472891005,-0.016302274826239162,-0.22219542438521284,0.27949167461245755,-0.12646528898519352,0.005286904542420897,0.00766823491910298,0.9919273045417574,-0.016280140904541437,-0.22230936555933906,0.2795222050831911,-0.1266001574530332,0.0051072166756264215,0.007411476720274176,0.9919129934039176,-0.016280138490973737,-0.2223093666949976,0.2795222052459876,-0.1266001574861208,0.005107216677313162,0.007411476553006122,0.9919129934009357,-0.016159323504334515,-0.22296893948432528,0.2796971049644455,-0.1275506246740222,0.0038361582222617304,0.005576184854650958,0.9918089675929671,-0.016159323504334515,-0.22296893948432528,0.2796971049644455,-0.1275506246740222,0.0038361582222617304,0.005576184854650958,0.9918089675929671,-0.013339285420708459,-0.543710956717366,0.7956231440992705,-0.059610597698432286,0.5065671832238298,-0.04723347421103388,-0.009391004982038919,-0.5387419061102601,0.7931433979233601,-0.0432374319280655,0.5106061872311325,-0.03391687657814146,-0.009391004982038919,-0.5387419061102601,0.7931433979233601,-0.0432374319280655,0.5106061872311325,-0.03391687657814146,-0.04956945540099836,-0.0694344910437043,0.03505714012491609,-0.21448709245894484,-0.05791483642289395,-0.17181251851118698,-0.08706938181496839,-0.02146017414461996,0.005626006804892135,-0.24948149551128757,0.0010096173278511568,-0.23583026066501914,0.5,0.0,0.0,0.5,True,False,True,False,1,True,True,0.004869900003541261,4,2.672364507312467e-09,3.410872396288529e-10,`gtol` termination condition is satisfied.,True,True,0.0,0.01016219999291934,True,0.016373165770366786,0.01632461866197247,False,False,False,False,False,False,1.0,False,False,False,0.0006929808344642677,0.004857199751779588,0.0006929823772487276,0.0048572000289771105
1.4101271000032538,1786138890.3111017,0.009353700006613508,0.009073799999896437,0.009353700006613508,TELEOP,0,,0.0,1.4101271000032538,267,-0.0016509430564824847,0.012742397446026434,0.0,0.010868912366162524,0.011363434149551552,0.022111480972896683,0.999631842988953,-0.0010644603370906476,0.009828242748298898,0.0,0.008415987562540935,0.008736163164091064,0.01707366149247634,0.9997806462868533,-0.016319337078585947,-0.2221135214567396,0.27946972877063636,-0.12634685464865877,0.005445236400847951,0.007894000543999042,0.9919397695809665,-0.01629645145451742,-0.22222786972203304,0.2795003683213299,-0.12648189511123004,0.005265040686803302,0.007636770813375543,0.9919255462418448,-0.016296449207058236,-0.22222787077570966,0.2795003684776244,-0.12648189514149677,0.005265040688389878,0.00763677065772362,0.9919255462391754,-0.016171652900102935,-0.22288302693090556,0.27967378642190927,-0.12742316295759484,0.0040022179277743935,0.005812997242232227,0.9918233355071874,-0.016171652900102935,-0.22288302693090556,0.27967378642190927,-0.12742316295759484,0.0040022179277743935,0.005812997242232227,0.9918233355071874,-0.01384476782126753,-0.5443239565936897,0.7959277704182969,-0.06167991813197351,0.5060749433565939,-0.04892491623237884,-0.009861336861472036,-0.5393917485960918,0.7934710357670541,-0.045261226291110714,0.5100658628456444,-0.035541225796452004,-0.009861336861472036,-0.5393917485960918,0.7934710357670541,-0.045261226291110714,0.5100658628456444,-0.035541225796452004,-0.05028297669377585,-0.06947437755886,0.03502761938723523,-0.21636297525196427,-0.05776584507800206,-0.17365846853780356,-0.07628225111699109,-0.004264249989576613,-0.003156049227577215,-0.20054981362381574,0.015928599889514054,-0.1973497145847533,0.5,0.0,0.0,0.5,True,False,True,False,1,True,True,0.005139999993843958,4,2.4871138219336358e-09,3.1719546434257454e-10,`gtol` termination condition is satisfied.,True,True,0.0,0.009353700006613508,True,0.016418691840862795,0.016373165770366786,False,False,False,False,False,False,1.0,False,False,False,0.0006891135532847635,0.004823818301397288,0.000689115001382301,0.004823818558979573
1.4233642000104991,1786138890.323281,0.013237100007245317,0.00801409999257885,0.013237100007245317,TELEOP,0,,0.0,1.4233642000104991,270,-0.0017585940714702432,0.013144076766316232,0.0,0.011203254203134552,0.011729439515300857,0.022804182602069466,0.9996083616095698,-0.0011482253963209371,0.01022843264843378,0.0,0.00875257525873377,0.009097627604289608,0.01776567322446381,0.9997624750175391,-0.01634446655473183,-0.22199755532684998,0.2794386557137275,-0.1261793787268668,0.005669623323971383,0.008213510829432995,0.9919572359710478,-0.016320527301968316,-0.2221123849220553,0.27946942423666077,-0.12631454529251043,0.005488865491796023,0.007955837213250085,0.9919431499120278,-0.016320524076568994,-0.22211238639303152,0.2794694244080139,-0.12631454533787068,0.005488865494073634,0.007955836990085098,0.9919431499080289,-0.016190311965354975,-0.222760470736199,0.2796405828592414,-0.12724195701983992,0.0042391498635933845,0.006150867009390657,0.9918435767888141,-0.016190311965354975,-0.222760470736199,0.2796405828592414,-0.12724195701983992,0.0042391498635933845,0.006150867009390657,0.9918435767888141,-0.014573187205106766,-0.5451919535765116,0.7963583716520294,-0.06464206591478135,0.5053815006705358,-0.051351657057945345,-0.010545807078554681,-0.5403180203922211,0.7939370304781732,-0.048181966940011825,0.5092994831583,-0.037892465058952066,-0.010545807078554681,-0.5403180203922211,0.7939370304781732,-0.048181966940011825,0.5092994831583,-0.037892465058952066,-0.05170847215084873,-0.0699754323546911,0.03520368591791663,-0.22064807603647665,-0.057896343377693525,-0.1776249526870016,-0.1076894075207284,-0.037852308704840014,0.013300989686942499,-0.32371900054898284,-0.009858526385691721,-0.29964902788578995,0.5,0.0,0.0,0.5,True,False,True,False,1,True,True,0.004046699992613867,4,3.549131409531207e-09,4.5554952368606226e-10,`gtol` termination condition is satisfied.,True,True,0.0,0.013237100007245317,True,0.01646009897476952,0.016418691840862795,False,False,False,False,False,False,1.0,False,False,False,0.0006828350644132474,0.00477062499885966,0.0006828371185483101,0.004770625369818161
1.4316315000102149,1786138890.3319726,0.00826729999971576,0.00844060000963509,0.00826729999971576,TELEOP,0,,0.0,1.4316315000102149,271,-0.001827521484935174,0.013394488184160594,0.0,0.011411426864647488,0.011957848470929296,0.023235882278264494,0.9995933588072752,-0.0012018527488078733,0.010478410633490805,0.0,0.008962631423320938,0.009323591939489314,0.018197833513091555,0.9997507593029102,-0.01636055473447804,-0.22192511726801767,0.2794192459780164,-0.12607484765247254,0.00580986837855317,0.008413031736574266,0.991968043394458,-0.016335954026166555,-0.22204021125842127,0.27945008534559734,-0.12621004553595364,0.005628819429968032,0.008155169302489062,0.9919540483365573,-0.01633595198841159,-0.2220402122033068,0.27945008549167133,-0.12621004556254264,0.005628819431436489,0.008155169161576622,0.9919540483343245,-0.016202339255203393,-0.2226841522581603,0.27961986274637457,-0.12712898208843407,0.0043868137528484475,0.006360889077929168,0.9918560968549797,-0.016202339255203393,-0.2226841522581603,0.27961986274637457,-0.12712898208843407,0.0043868137528484475,0.006360889077929168,0.9918560968549797,-0.015033551158582207,-0.5457340762340562,0.7966268495500982,-0.0665070663941817,0.5049503355469225,-0.05288214893153653,-0.010977045712779585,-0.5408945848577426,0.7942267192233133,-0.05001332073041086,0.5088238542924084,-0.039369270437498945,-0.010977045712779585,-0.5408945848577426,0.7942267192233133,-0.05001332073041086,0.5088238542924084,-0.039369270437498945,-0.052161967539551046,-0.06974035846543802,0.03504030882513947,-0.22151776159834513,-0.05753134226505432,-0.17863212640132287,-0.05485411061869191,0.028434179146899323,-0.019761843985676045,-0.10519583925808554,0.04414997794343439,-0.12182619650380305,0.5,0.0,0.0,0.5,True,False,True,False,1,True,True,0.00513669999781996,4,2.250909054682238e-09,2.868479252137904e-10,`gtol` termination condition is satisfied.,True,True,0.0,0.00826729999971576,True,0.016493745663770848,0.01646009897476952,False,False,False,False,False,False,1.0,False,False,False,0.0006792168084894931,0.004739645802583279,0.0006792181416740148,0.00473964603522946
1.4404068000072838,1786138890.3414154,0.008775299997068942,0.009106999990763143,0.008775299997068942,TELEOP,0,,0.0,1.4404068000072838,272,-0.0019021063174240683,0.013659891042743441,0.0,0.011631844219656648,0.012200130171984081,0.023693310381449083,0.9995771526335547,-0.0012602482756893971,0.010743754500701757,0.0,0.009185383324748608,0.009563645036975793,0.018656443158871126,0.9997380169601655,-0.016378073364944443,-0.22184822651825248,0.27939864314628166,-0.12596398732319466,0.00595882663519482,0.008624748885416374,0.9919794251845334,-0.01635276965007929,-0.2219635637306743,0.2794295476851773,-0.1260991699927786,0.005777531429554204,0.008366777170319917,0.991965531910003,-0.01635276746616956,-0.22196356473219275,0.27942954783139823,-0.12609917002149323,0.0057775314311348065,0.008366777019395066,0.9919655319076165,-0.016215530864074307,-0.22260336443857312,0.27959793319280707,-0.1270095285096622,0.004543181974872081,0.006583108078791052,0.9918692463491947,-0.016215530864074307,-0.22260336443857312,0.27959793319280707,-0.1270095285096622,0.004543181974872081,0.006583108078791052,0.9918692463491947,-0.015528000257520292,-0.5463094709981811,0.7969114259148514,-0.06850166497426408,0.504494506450581,-0.05452154976208563,-0.011439330752363882,-0.5415046000277866,0.794532782416308,-0.05196643329507472,0.5083222862069005,-0.0409471891677945,-0.011439330752363882,-0.5415046000277866,0.794532782416308,-0.05196643329507472,0.5083222862069005,-0.0409471891677945,-0.05268025477632752,-0.069515021736896,0.034877803960755384,-0.22256932131280147,-0.05715680212363336,-0.17981365090909748,-0.05906205337134736,0.02567852137445939,-0.01851843976141748,-0.11983176812275127,0.04268117802765257,-0.1346420644501342,0.5,0.0,0.0,0.5,True,False,True,False,1,True,True,0.005282199999783188,4,2.407048291331156e-09,3.0731764741426577e-10,`gtol` termination condition is satisfied.,True,True,0.0,0.008775299997068942,True,0.016535231679189355,0.016493745663770848,False,False,False,False,False,False,1.0,False,False,False,0.0006756709104111559,0.004708766087249368,0.0006756723387794444,0.0047087663366732315
1.4502983000053318,1786138890.3501348,0.009891499998047948,0.007934900000691414,0.009891499998047948,TELEOP,0,,0.0,1.4502983000053318,275,-0.0019879310886675994,0.013958554325340029,0.0,0.011879615856065819,0.012473018797696585,0.02420792027273714,0.9995585401192135,-0.0013279320473644327,0.01104280954114477,0.0,0.009436161547819883,0.009834447832303686,0.01917317217892556,0.9997232776922195,-0.016398378465342648,-0.2217615670202751,0.2793754227840374,-0.12583916455552346,0.006126826573157279,0.008863277906942047,0.9919921415842238,-0.016372284329182946,-0.22187713524178082,0.27940638922181527,-0.12597427497037814,0.005945326797661633,0.008605287577157488,0.9919783687967552,-0.016372281841695435,-0.22187713636560594,0.2794063893699921,-0.12597427500361627,0.005945326799467847,0.008605287405374076,0.9919783687940135,-0.016230976425575142,-0.22251246295202948,0.27957327505323065,-0.1268753610839243,0.004719185718186687,0.006833087636355087,0.9918839049754437,-0.016230976425575142,-0.22251246295202948,0.27957327505323065,-0.1268753610839243,0.004719185718186687,0.006833087636355087,0.9918839049754437,-0.016092646378482626,-0.5469578735628927,0.7972316423239241,-0.07076859260197566,0.5039831314907938,-0.05638800305053914,-0.01196712722495755,-0.5421905578828589,0.7948763794554119,-0.05418321374281483,0.5077604877047083,-0.042741955534919315,-0.01196712722495755,-0.5421905578828589,0.7948763794554119,-0.05418321374281483,0.5077604877047083,-0.042741955534919315,-0.0533585879490296,-0.06934821363875111,0.03473659598358944,-0.2241096343504607,-0.056796087782750755,-0.18144531845311634,-0.0685773818769597,0.016863781850862125,-0.014275688944428034,-0.15572087529325263,0.03646710215374736,-0.16495653281513137,0.5,0.0,0.0,0.5,True,False,True,False,1,True,True,0.004335300007369369,4,2.7335934942304733e-09,3.5000053559555416e-10,`gtol` termination condition is satisfied.,True,True,0.0,0.009891499998047948,True,0.016585378859160824,0.016535231679189355,False,False,False,False,False,False,1.0,False,False,False,0.0006719061863917514,0.004675466179327133,0.0006719078089731046,0.0046754664637304886
1.4603792999911347,1786138890.361997,0.010080999985802919,0.009716100001242012,0.010080999985802919,TELEOP,0,,0.0,1.4603792999911347,276,-0.002077308216947993,0.014262384522463265,0.0,0.012131381914778281,0.012750893330557195,0.024731276890854165,0.9995391979484639,-0.00139884262355047,0.011347503681577534,0.0,0.00969138376026142,0.010110618067619754,0.019699492866961796,0.9997078485557102,-0.016419651606507636,-0.22167327343639776,0.2793517645693185,-0.1257121143819301,0.006298115817759105,0.009106215087631453,0.9920049772463586,-0.016392754210414816,-0.22178903587910687,0.27938278304869124,-0.1258470984647274,0.006116477734608368,0.008848305956641923,0.9919913326182992,-0.01639275164755673,-0.2217890370262497,0.2793827831946558,-0.12584709849893339,0.006116477736481522,0.008848305779779376,0.9919913326155256,-0.016247323565126554,-0.22242001275621942,0.2795482082099986,-0.12673912300627393,0.004898264557788457,0.00708723284026918,0.9918986706486658,-0.016247323565126554,-0.22242001275621942,0.2795482082099986,-0.12673912300627393,0.004898264557788457,0.00708723284026918,0.9918986706486658,-0.01667569714167126,-0.5476183555541325,0.7975573111336239,-0.07309830590979183,0.5034647504792504,-0.05830956216031541,-0.012512020115609757,-0.5428877507820168,0.7952250029858274,-0.05645812490938969,0.5071918635766259,-0.04458781035425098,-0.012512020115609757,-0.5428877507820168,0.7952250029858274,-0.05645812490938969,0.5071918635766259,-0.04458781035425098,-0.054051472217000296,-0.06915910129350647,0.03458223697118344,-0.22566324469582516,-0.05640552811061448,-0.18310235313274348,-0.06873170012364742,0.01875928434787958,-0.015311875074236828,-0.1541127217093971,0.03874215580659682,-0.16437205455418524,0.5,0.0,0.0,0.5,True,False,True,False,1,True,True,0.005513200012501329,4,2.811669234534963e-09,3.603420993210745e-10,`gtol` termination condition is satisfied.,True,True,0.0,0.010080999985802919,True,0.01664018100040214,0.016585378859160824,False,False,False,False,False,False,1.0,False,False,False,0.0006683151462231796,0.00464315307934997,0.0006683168230960791,0.004643153372216305
1.4703930999891126,1786138890.3703496,0.010013799997977912,0.008054399979300797,0.010013799997977912,TELEOP,0,,0.0,1.4703930999891126,277,-0.002167993061484863,0.014563622908941294,0.0,0.012380709210376133,0.013026660920980308,0.02525001326284936,0.9995196151026371,-0.0014711849031336134,0.01165003284004998,0.0,0.00994451085410789,0.01038508366970555,0.020221923308031596,0.9996921178836862,-0.016441354258916935,-0.22158560721596338,0.279328274456167,-0.12558609169498658,0.006468307872773958,0.009347337474841283,0.9920176015818333,-0.016413660954265958,-0.22170152504149657,0.2793593345704137,-0.12572090205033698,0.0062865968146215,0.009089600766029838,0.9920040890268822,-0.016413658381056122,-0.22170152618427236,0.2793593347131382,-0.12572090208451067,0.006286596816515563,0.009089600588577636,0.9920040890241651,-0.016264155932749814,-0.222328422604207,0.27952338541917277,-0.12660435992195893,0.005075757554681155,0.007338924137170574,0.9919131579561318,-0.016264155932749814,-0.222328422604207,0.27952338541917277,-0.12660435992195893,0.005075757554681155,0.007338924137170574,0.9919131579561318,-0.017262313771983447,-0.5482739623460039,0.7978800625696022,-0.07543139997274373,0.5029527646455115,-0.06023729135676371,-0.013059958137610128,-0.5435780005465957,0.7955695552875314,-0.0587322895873328,0.506631312684748,-0.046437049107468036,-0.013059958137610128,-0.5435780005465957,0.7955695552875314,-0.0587322895873328,0.506631312684748,-0.046437049107468036,-0.05471829096956363,-0.06892985327430602,0.034407747485818804,-0.2271030656096923,-0.055977839780211425,-0.1846690320947566,-0.06658998109588549,0.02289320929584511,-0.017424902174985844,-0.14378366995125463,0.042709893396055285,-0.15645199248331998,0.5,0.0,0.0,0.5,True,False,True,False,1,True,True,0.004269600001862273,4,2.8191693193797677e-09,3.6148633796357676e-10,`gtol` termination condition is satisfied.,True,True,0.0,0.010013799997977912,True,0.01669911038541093,0.01664018100040214,False,False,False,False,False,False,1.0,False,False,False,0.0006650283734750606,0.0046129245922823595,0.0006650300644101641,0.004612924886071145
1.4804924999986069,1786138890.3813617,0.010099400009494275,0.008964999986346811,0.010099400009494275,TELEOP,0,,0.0,1.4804924999986069,280,-0.0022613709779430724,0.014866852360012995,0.0,0.01263139146287144,0.013304515847310726,0.025772021269682165,0.999499495111156,-0.0015460808534708615,0.011954969429529538,0.0,0.01019936549387775,0.010661995333121274,0.020748357751841286,0.9996758476874594,-0.01646382301230207,-0.22149724337540377,0.27930459741599917,-0.1254591932769846,0.006639976162843248,0.009590288436869692,0.9920302051382018,-0.016435329147126747,-0.221613282758143,0.27933569010156734,-0.12559378313066025,0.006458252352190868,0.009332811964718142,0.992016830117471,-0.016435326524396613,-0.2216132839129425,0.27933569024146415,-0.12559378316540157,0.0064582523541340245,0.00933281178397856,0.9920168301147604,-0.01628173756079408,-0.222236319682069,0.2794984385274708,-0.12646907266119764,0.005254324008597347,0.007591961240862105,0.9919275819655116,-0.01628173756079408,-0.222236319682069,0.2794984385274708,-0.12646907266119764,0.005254324008597347,0.007591961240862105,0.9919275819655116,-0.017861471997091052,-0.5489345707532226,0.7982047582884936,-0.07780336303539888,0.5024395320802689,-0.06220056145929373,-0.013619338211666738,-0.5442716355344156,0.7959151816014839,-0.0610402828157497,0.5060705352366155,-0.048317873166296765,-0.013619338211666738,-0.5442716355344156,0.7959151816014839,-0.0610402828157497,0.5060705352366155,-0.048317873166296765,-0.055387456040036566,-0.06868081145096659,0.03422246010927828,-0.22852775672289355,-0.055525818128345075,-0.18623126691294487,-0.06625790342434908,0.02465907114336547,-0.018346374672390496,-0.14106690613917108,0.0447572778027816,-0.15468590378830693,0.5,0.0,0.0,0.5,True,False,True,False,1,True,True,0.0052967999945394695,4,2.86911944207592e-09,3.6815692665000803e-10,`gtol` termination condition is satisfied.,True,True,0.0,0.010099400009494275,True,0.01676308021964918,0.01669911038541093,False,False,False,False,False,False,1.0,False,False,False,0.0006620046404290996,0.0045843661759144855,0.000662006370136595,0.004584366475150721
1.4903388000017257,1786138890.3914375,0.009846300003118813,0.009197300008963794,0.009846300003118813,TELEOP,0,,0.0,1.4903388000017257,282,-0.0023542594250697216,0.015161906379688625,0.0,0.012875032573299862,0.013575134028616745,0.0262798037649589,0.9994795251461717,-0.0016209403733863663,0.012252056564600523,0.0,0.010447386588494994,0.010932028009851465,0.021261094762773436,0.9996595964259789,-0.016486280837377097,-0.22141115413196233,0.2792815298527169,-0.12533568230083633,0.006807341446341166,0.009826899608801128,0.9920423674867396,-0.0164570080799078,-0.22152728104007305,0.2793126459907937,-0.12547001694799875,0.006625659350415131,0.00956975357752208,0.9920291302687169,-0.01645700549647384,-0.22152728217011566,0.2793126461268914,-0.12547001698196317,0.006625659352342966,0.009569753399612213,0.9920291302661244,-0.016299443982014446,-0.2221468419070078,0.27947421454318927,-0.12633784446847537,0.005427883217708039,0.007837717840649959,0.9919414586143099,-0.016299443982014446,-0.2221468419070078,0.27947421454318927,-0.12633784446847537,0.005427883217708039,0.007837717840649959,0.9919414586143099,-0.01845275432004913,-0.5495779374996158,0.7985204783044162,-0.08013376603176207,0.5019423121073303,-0.06413270829385927,-0.014170795725129514,-0.5449450370447801,0.7962501390487825,-0.06330272498176637,0.505528565575739,-0.05016544306132487,-0.014170795725129514,-0.5449450370447801,0.7962501390487825,-0.06330272498176637,0.505528565575739,-0.05016544306132487,-0.05600657234576464,-0.06839132569099655,0.03401861076673924,-0.22977587167769084,-0.05504297662114694,-0.18764103210778582,-0.0628780664342919,0.02940046107454946,-0.020703141532806175,-0.12675979346576416,0.04903786265350405,-0.14317715226982997,0.5,0.0,0.0,0.5,True,False,True,False,1,True,True,0.005103900009999052,4,2.8230568392046997e-09,3.6230340690068853e-10,`gtol` termination condition is satisfied.,True,True,0.0,0.009846300003118813,True,0.016831041049995707,0.01676308021964918,False,False,False,False,False,False,1.0,False,False,False,0.0006593817191594075,0.004558696287519452,0.0006593834316276883,0.004558696581936885
1.5003796000015681,1786138890.4023092,0.01004079999984242,0.010028800024883822,0.01004079999984242,TELEOP,0,,0.0,1.5003796000015681,284,-0.002450860715540149,0.015462191090108702,0.0,0.01312270662292195,0.013850807201405522,0.026796434365462814,0.9994588039614518,-0.001699189210400431,0.01255476046809848,0.0,0.010699812797035918,0.011207424555262574,0.021783373551945973,0.9996426322829789,-0.016509755456997496,-0.22132343727379647,0.27925802617089873,-0.12520996220442213,0.006977991342683552,0.010067894899868146,0.9920546408811733,-0.016479690588312237,-0.2214396238294804,0.27928915829164785,-0.12534399815511055,0.006796404089536915,0.009811159455825372,0.9920415476017503,-0.016479687927119062,-0.2214396249831883,0.2792891584250672,-0.12534399819007455,0.006796404091534423,0.009811159272687992,0.9920415475991301,-0.016318093050322655,-0.22205591403758212,0.2794496168952581,-0.12620473622376815,0.005604334627753594,0.008087430511824197,0.9919554170706392,-0.016318093050322655,-0.22205591403758212,0.2794496168952581,-0.12620473622376815,0.005604334627753594,0.008087430511824197,0.9919554170706392,-0.019063076110835037,-0.5502331993669181,0.7988415274822762,-0.08252842172539908,0.5014386371692706,-0.06612149644328294,-0.014739632788132903,-0.5456288556484756,0.7965896636749351,-0.06562314800796433,0.5049808286995489,-0.05206439188445464,-0.014739632788132903,-0.5456288556484756,0.7965896636749351,-0.06562314800796433,0.5049808286995489,-0.05206439188445464,-0.05665256384076133,-0.0681039960666682,0.03381449945800645,-0.23109941700206987,-0.05455111905413258,-0.18912325941753383,-0.0643366559444301,0.028616208303408087,-0.020328191850847808,-0.13181672022147572,0.04898589425365246,-0.14762043958362508,0.5,0.0,0.0,0.5,True,False,True,False,1,True,True,0.005079499998828396,4,2.9035825750506946e-09,3.7294845476917523e-10,`gtol` termination condition is satisfied.,True,True,0.0,0.01004079999984242,True,0.01690527371743475,0.016831041049995707,False,False,False,False,False,False,1.0,False,False,False,0.0006570175214014294,0.004534561094618203,0.0006570192907053101,0.0045345613977291884
1.5107716999988297,1786138890.4105802,0.010392099997261539,0.00790729999425821,0.010392099997261539,TELEOP,0,,0.0,1.5107716999988297,285,-0.002552834757936606,0.015772333704697328,0.0,0.013378207957350797,0.014135802688974271,0.027329861929059632,0.9994369821460115,-0.0017822171451541396,0.01286774861361638,0.0,0.010960511248651094,0.01149245380223266,0.022323233728044407,0.9996246615278631,-0.016534663804870137,-0.22123274027086193,0.27923372396088547,-0.12508010570540906,0.0071545676040541606,0.010316982417221947,0.9920672049780325,-0.01650378196216654,-0.22134895951207165,0.2792648648398475,-0.12521379481903278,0.006973130388768771,0.010060744410014824,0.9920542638694291,-0.016503779179629162,-0.2213489607066243,0.27926486497060654,-0.12521379485564216,0.006973130390868976,0.010060744218664057,0.9920542638667341,-0.0163380410911072,-0.22196210643731878,0.2794242641581965,-0.12606769610186114,0.005786458156596756,0.008345050294762905,0.9919696633653413,-0.0163380410911072,-0.22196210643731878,0.2794242641581965,-0.12606769610186114,0.005786458156596756,0.008345050294762905,0.9919696633653413,-0.01970258361599003,-0.5509104088894784,0.7991727907766285,-0.0850260853352446,0.5009210748510007,-0.06819942493514988,-0.015335640444145652,-0.5463337851130081,0.796939008111416,-0.06804019600450395,0.504419063477443,-0.05404674132194826,-0.015335640444145652,-0.5463337851130081,0.796939008111416,-0.06804019600450395,0.504419063477443,-0.05404674132194826,-0.057351993934797015,-0.0678332064470319,0.033616346703074916,-0.2325851365149053,-0.05405694924546615,-0.19075542364064962,-0.06730401884315922,0.026057256926670033,-0.019067633585487763,-0.14296624486166837,0.04755244934100487,-0.15705817145195838,0.5,0.0,0.0,0.5,True,False,True,False,1,True,True,0.004517099994700402,4,3.0309352045569913e-09,3.8970264029850853e-10,`gtol` termination condition is satisfied.,True,True,0.0,0.010392099997261539,True,0.016985889330740647,0.01690527371743475,False,False,False,False,False,False,1.0,False,False,False,0.0006548472356665523,0.004511364925444845,0.0006548490902258642,0.0045113652422413865
1.5207889999943545,1786138890.424094,0.010017299995524809,0.011403399985283613,0.010017299995524809,TELEOP,0,,0.0,1.5207889999943545,288,-0.002653045851430641,0.016070654400280993,0.0,0.013623678914578339,0.01441019564602694,0.02784279958759478,0.99941558930477,-0.0018641491002167106,0.013169130660621014,0.0,0.011211259531228725,0.011767170285397024,0.02284292297601406,0.9996069438699943,-0.016559243360042573,-0.2211454064569555,0.27921032291534015,-0.12495518966032113,0.0073247156711339495,0.010556744449489352,0.9920791824566819,-0.016527575785470525,-0.2212616320084042,0.2792414654852678,-0.12508851132539872,0.007143468576503368,0.010301049554642,0.9920663907063705,-0.01652757307622008,-0.22126163316466152,0.2792414656119171,-0.12508851136073412,0.00714346857856288,0.010301049368458624,0.9920663907038335,-0.016357853796812222,-0.2218720278360592,0.2793999338162412,-0.1259363198534721,0.005961433327162661,0.008592388607051126,0.9919832032411009,-0.016357853796812222,-0.2218720278360592,0.2793999338162412,-0.1259363198534721,0.005961433327162661,0.008592388607051126,0.9919832032411009,-0.020326317017277596,-0.5515621802774642,0.7994910910312314,-0.08745158527163836,0.5004258609992634,-0.07022069757605007,-0.015916463681664883,-0.5470101821302592,0.7972736015782057,-0.0703826861632601,0.5038827541271309,-0.05597191884325956,-0.015916463681664883,-0.5470101821302592,0.7972736015782057,-0.0703826861632601,0.5038827541271309,-0.05597191884325956,-0.05798201489210794,-0.06752288716053889,0.03340156199166607,-0.23384446505571843,-0.05353831377234467,-0.19218527169710078,-0.06289329036690358,0.030978336141639952,-0.021441377567288627,-0.1257153665534357,0.05177397835276738,-0.14273786919528664,0.5,0.0,0.0,0.5,True,False,True,False,1,True,True,0.007085599994752556,4,2.94839091609088e-09,3.7907000672763365e-10,`gtol` termination condition is satisfied.,True,True,0.0,0.010017299995524809,True,0.017068899108378263,0.016985889330740647,False,False,False,False,False,False,1.0,False,False,False,0.0006530684959903477,0.004491071340463268,0.0006530703115088249,0.004491071648504531
1.5325143000151256,1786138890.4335508,0.011725300020771101,0.009136000007856637,0.011725300020771101,TELEOP,0,,0.0,1.5325143000151256,289,-0.0027727257749959934,0.016419030704529183,0.0,0.013909975895219352,0.01473095268823665,0.028441608534098696,0.9993901072691707,-0.0019626282525194542,0.013521423738396566,0.0,0.011503981409509806,0.012088641851284495,0.02345019508524696,0.9995857199362069,-0.016588787069091875,-0.2210433197584552,0.27918296884265,-0.12480934369387928,0.007523768282227676,0.010836887660868624,0.9920930311736719,-0.016556205742323606,-0.22115952223506236,0.2792141052298522,-0.12494219627775954,0.00734279943775833,0.010581904562710388,0.9920804171948625,-0.01655620253768081,-0.22115952358084767,0.2792141053548416,-0.12494219632029396,0.007342799440201562,0.01058190434266076,0.9920804171918348,-0.016381928511394632,-0.22176674472669397,0.2793715482647035,-0.12578325098650467,0.0061660299966748095,0.008881611602818794,0.9919988260177947,-0.016381928511394632,-0.22176674472669397,0.2793715482647035,-0.12578325098650467,0.0061660299966748095,0.008881611602818794,0.9919988260177947,-0.0210661585610666,-0.5523236020240901,0.799862298919582,-0.09031398060624649,0.49985114182307344,-0.07261049072196823,-0.016607300205105757,-0.5478000090232403,0.79766345274952,-0.07315087058851641,0.503260402960488,-0.058252496271599626,-0.016607300205105757,-0.5478000090232403,0.79766345274952,-0.07315087058851641,0.503260402960488,-0.058252496271599626,-0.05891845174256281,-0.06736091115638611,0.03324871607751554,-0.23608644728514677,-0.0530776326013372,-0.19450056069354937,-0.07986463875516922,0.01381423109565183,-0.013035565305772028,-0.19120894352014223,0.0392894996453297,-0.19746095983447023,0.5,0.0,0.0,0.5,True,False,True,False,1,True,True,0.005460599990328774,4,3.478001715175502e-09,4.483130659492128e-10,`gtol` termination condition is satisfied.,True,True,0.0,0.011725300020771101,True,0.017163110017730077,0.017068899108378263,False,False,False,False,False,False,1.0,False,False,False,0.0006510585427338112,0.004467578256938229,0.0006510606859477638,0.004467578621605434
1.5419987999990807,1786138890.4418774,0.009484499983955175,0.007977699977345765,0.009484499983955175,TELEOP,0,,0.0,1.5419987999990807,290,-0.002871409504682315,0.01670017838002492,0.0,0.014140739582410966,0.014990064693305036,0.028924707425453073,0.9993691503868353,-0.002043990583249241,0.013806048805065217,0.0,0.011740222787162115,0.012348594908127355,0.02394068535051378,0.9995681682394906,-0.016613195738707346,-0.2209608417443959,0.27916086890568514,-0.12469162307068234,0.0076846941492338065,0.01106314132932067,0.9921041031644608,-0.01657987497113082,-0.22107700575337233,0.2791919949856423,-0.12482406932498834,0.007503986929271686,0.01080878537997493,0.9920916349087546,-0.016579872352410225,-0.22107700685638734,0.2791919951044947,-0.1248240693586374,0.0075039869312903875,0.010808785200271714,0.9920916349064635,-0.01640189649082186,-0.22168199002578598,0.2793486900067006,-0.12566009603375689,0.006330848553439041,0.009114294907900828,0.9920112853439281,-0.01640189649082186,-0.22168199002578598,0.2793486900067006,-0.12566009603375689,0.006330848553439041,0.009114294907900828,0.9920112853439281,-0.021671200423323492,-0.5529384117556763,0.8001615183282953,-0.09264569066688252,0.49939000396659156,-0.07456035905245882,-0.017171037674916567,-0.548435373079556,0.7979765255574068,-0.07539857694411735,0.5027622704067817,-0.060107747854317765,-0.017171037674916567,-0.548435373079556,0.7979765255574068,-0.07539857694411735,0.5027622704067817,-0.060107747854317765,-0.059437763800356036,-0.0669897261205717,0.03300888907337729,-0.23698733295412047,-0.052520697406188796,-0.19560879180311544,-0.05475376231448602,0.03913596251171204,-0.02528620428530375,-0.09498504618037085,0.0587205647203928,-0.116846550839882,0.5,0.0,0.0,0.5,True,False,True,False,1,True,True,0.004033300006994978,4,2.8440227794499086e-09,3.6570385977259737e-10,`gtol` termination condition is satisfied.,True,True,0.0,0.009484499983955175,True,0.017247113722765176,0.017163110017730077,False,False,False,False,False,False,1.0,False,False,False,0.0006497948406543795,0.0044510446875072945,0.0006497966135225873,0.004451044984474003
1.5502908000122515,1786138890.4517057,0.008292000013170764,0.009514500008663163,0.008292000013170764,TELEOP,0,,0.0,1.5502908000122515,291,-0.0029590569631209544,0.016945491382698248,0.0,0.014341882644967774,0.015216335577378629,0.029346118860554087,0.9993505785466964,-0.0021164305524826125,0.014054608428837125,0.0,0.011946333933019028,0.012575784802342364,0.02436891896218408,0.9995525451574723,-0.01663492770362501,-0.2208888146934466,0.2791415692982679,-0.12458890512328875,0.00782531087689623,0.011260664531688867,0.9921136863606735,-0.016600959580676918,-0.22100493058400594,0.27917268248504123,-0.1247209760465076,0.00764485961041021,0.011006895205899541,0.9921013468963089,-0.01660095727140296,-0.22100493155806739,0.27917268260025857,-0.12472097607545293,0.007644859612205933,0.011006895047519533,0.9921013468944133,-0.01641969800549735,-0.22160830249567715,0.2793288156898109,-0.12555309955990457,0.00647422566924688,0.009316515763427385,0.9920220290532435,-0.01641969800549735,-0.22160830249567715,0.2793288156898109,-0.12555309955990457,0.00647422566924688,0.009316515763427385,0.9920220290532435,-0.022205159153827973,-0.5534750399695098,0.8004223148475943,-0.09469641368285554,0.4989897124954399,-0.07627760486258008,-0.017666894078478722,-0.5489874192775586,0.7982481411578883,-0.07736731628803512,0.5023313787201338,-0.06173533488042785,-0.017666894078478722,-0.5489874192775586,0.7982481411578883,-0.07736731628803512,0.5023313787201338,-0.06173533488042785,-0.05979937322413809,-0.06657575942181321,0.032756343469619725,-0.2374263556187509,-0.051964747463036476,-0.19628401152012487,-0.043609433575456796,0.049923624951877556,-0.030456536825425318,-0.05294532850133697,0.06704654393020533,-0.08143026000204286,0.5,0.0,0.0,0.5,True,False,True,False,1,True,True,0.005411899997852743,4,2.5089473786252577e-09,3.220489201935924e-10,`gtol` termination condition is satisfied.,True,True,0.0,0.008292000013170764,True,0.017329097394820428,0.017247113722765176,False,False,False,False,False,False,1.0,False,False,False,0.0006490677556941736,0.004439139010359317,0.0006490693337864458,0.0044391392715422626
1.5602438000129295,1786138890.4607067,0.009953000000678003,0.008560999995097518,0.009953000000678003,TELEOP,0,,0.0,1.5602438000129295,292,-0.00306594735820212,0.01723933590997477,0.0,0.01458256371124062,0.015487597385581123,0.02985076214300317,0.9993279817769097,-0.002205246437759529,0.01435253650661701,0.0,0.012193104064250355,0.012848350276615317,0.024882058130156613,0.9995334568145559,-0.01666157243822099,-0.22080248176231795,0.27911843643826995,-0.12446591014264974,0.007993973768957652,0.011497332008631995,0.9921250651769798,-0.016626830243330764,-0.2209185217693951,0.27914952929225034,-0.12459750651637574,0.007813864530261557,0.01124431392839402,0.9921128818311374,-0.016626827448681828,-0.22091852292796346,0.27914952940517157,-0.12459750655235584,0.007813864532435162,0.011244313736854123,0.9921128818287723,-0.01644162877847763,-0.2215201863373812,0.2793050850333343,-0.12542548221790767,0.006645745847429845,0.00955843595000216,0.9920347366774646,-0.01644162877847763,-0.2215201863373812,0.2793050850333343,-0.12542548221790767,0.006645745847429845,0.00955843595000216,0.9920347366774646,-0.022853046109120954,-0.5541178756869095,0.8007342745938233,-0.09717423891371707,0.4985130908827525,-0.07835566343321823,-0.01826830271454705,-0.5496470201551215,0.7985720851398702,-0.07974300192563984,0.5018194191176835,-0.06370315280955705,-0.01826830271454705,-0.5496470201551215,0.7985720851398702,-0.07974300192563984,0.5018194191176835,-0.06370315280955705,-0.06042486044683608,-0.06627156410308084,0.03254737083891965,-0.23869040866501484,-0.051437717513858075,-0.19771103476289995,-0.06284408948612251,0.03056317881157955,-0.020995944005409647,-0.12700221502841938,0.05295186869712677,-0.143376192371936,0.5,0.0,0.0,0.5,True,False,True,False,1,True,True,0.004554100014502183,4,3.0273907091128305e-09,3.898328762890755e-10,`gtol` termination condition is satisfied.,True,True,0.0,0.009953000000678003,True,0.017431236988077234,0.017329097394820428,False,False,False,False,False,False,1.0,False,False,False,0.0006484558266610466,0.004426437638261225,0.0006484577268702985,0.004426437954858552
1.5702951000054126,1786138890.4710922,0.01005129999248311,0.008893599995644763,0.01005129999248311,TELEOP,0,,0.0,1.5702951000054126,295,-0.003175756215150938,0.01753539831247138,0.0,0.014824779863519025,0.015761156145615577,0.030359061782835112,0.9993048279812411,-0.0022968380186426606,0.014652953246171973,0.0,0.012441651644368773,0.013123447816782997,0.025399330613822796,0.9995138090222316,-0.016689049881239995,-0.22071542767217683,0.2790951103440135,-0.12434201364154482,0.00816416455351823,0.01173588734254803,0.9921364215716466,-0.016653528771884682,-0.22083137382485668,0.27912617804990636,-0.1244731078551863,0.007984434087712202,0.011483672933233378,0.9921243971847142,-0.016653525923637533,-0.22083137499657018,0.27912617815921353,-0.12447310789180738,0.007984434089939109,0.011483672738151278,0.9921243971823599,-0.016464356435723602,-0.22143151217748228,0.27928122391384524,-0.1252972968185816,0.006818446954925639,0.009801902508909131,0.9920473874257646,-0.016464356435723602,-0.22143151217748228,0.27928122391384524,-0.1252972968185816,0.006818446954925639,0.009801902508909131,0.9920473874257646,-0.023514516017272006,-0.5547656543389771,0.8010481301067686,-0.09969357734207625,0.49803599601285603,-0.08047186674140516,-0.018882158375431134,-0.5503102453038365,0.7988972119855998,-0.08215565303233922,0.5013076376439574,-0.06570543107531807,-0.018882158375431134,-0.5503102453038365,0.7988972119855998,-0.08215565303233922,0.5013076376439574,-0.06570543107531807,-0.06107226541274827,-0.06598401691433403,0.032346745791370736,-0.2400337377755812,-0.05091694349077701,-0.19920590045650047,-0.06441007296532335,0.028607960061071726,-0.019960109408628454,-0.13364730050550375,0.05181160879393961,-0.1487236173150188,0.5,0.0,0.0,0.5,True,False,True,False,1,True,True,0.004582800000207499,4,3.0817807211201092e-09,3.970321493045068e-10,`gtol` termination condition is satisfied.,True,True,0.0,0.01005129999248311,True,0.017537924309737024,0.017431236988077234,False,False,False,False,False,False,1.0,False,False,False,0.0006480655191414275,0.00441501844686191,0.0006480674617548387,0.004415018769262382
1.580270199999748,1786138890.4813132,0.009975099994335324,0.009142100025201216,0.009975099994335324,TELEOP,0,,0.0,1.580270199999748,297,-0.003286578982331928,0.017828524807905085,0.0,0.015064315430606063,0.01603224862108844,0.030862169654533787,0.9992815218390529,-0.0023896028756669155,0.014950622623035403,0.0,0.012687646849049569,0.013396280212160194,0.025911721723356672,0.9994939449397593,-0.016716879307387085,-0.22062916970647006,0.27907199757074114,-0.12421937395672963,0.008332915822345115,0.01197217340474065,0.9921475579326205,-0.01668058755317173,-0.22074500680409873,0.2791030360555391,-0.12434994846758687,0.008153592435041823,0.011720798525774956,0.9921356923971791,-0.016680584700759976,-0.22074500796971075,0.27910303616119175,-0.12434994850412658,0.008153592437284342,0.0117207983305372,0.9921356923948874,-0.016487478805546924,-0.22134381502181333,0.27925764244927026,-0.1251707426235788,0.006989343581373753,0.010042688985376845,0.9920597656720619,-0.016487478805546924,-0.22134381502181333,0.27925764244927026,-0.1251707426235788,0.006989343581373753,0.010042688985376845,0.9920597656720619,-0.024178026271872436,-0.5554070674916874,0.8013584035503046,-0.10221049475816592,0.49756681562273397,-0.08258931405204178,-0.019497736063771892,-0.5509656144325374,0.799217906530086,-0.08456326207359474,0.500804906033462,-0.06770725951912535,-0.019497736063771892,-0.5509656144325374,0.799217906530086,-0.08456326207359474,0.500804906033462,-0.06770725951912535,-0.06171143033055642,-0.0657005071701603,0.03214950673860881,-0.24136189538177663,-0.050398653725870934,-0.20068254402904093,-0.0640760411596001,0.028421744577471902,-0.0197731404070073,-0.13314729746565604,0.05195835281855809,-0.14803295940682518,0.5,0.0,0.0,0.5,True,False,True,False,1,True,True,0.004976600001100451,4,3.0831909916593798e-09,3.973069850357063e-10,`gtol` termination condition is satisfied.,True,True,0.0,0.009975099994335324,True,0.017647232684571176,0.017537924309737024,False,False,False,False,False,False,1.0,False,False,False,0.0006478910994351052,0.004404995431363516,0.0006478930521269037,0.004404995753893086
1.590346200005686,1786138890.4914057,0.010076000005938113,0.009156699990853667,0.010076000005938113,TELEOP,0,,0.0,1.590346200005686,299,-0.0034003856567700608,0.018123905292795995,0.0,0.015305412182860315,0.01630567343967763,0.03136899364347096,0.9992576522646135,-0.0024852076476065982,0.015250801639668623,0.0,0.012935431610842466,0.013671667669199852,0.02642827913939729,0.999473514493463,-0.01674556070774778,-0.22054218450278948,0.27904868993435294,-0.12409582642427396,0.008503208681946635,0.012210362373983593,0.9921586709578684,-0.01670849297739681,-0.22065789632905297,0.27907969485290574,-0.12422585566061634,0.008324326507034345,0.011959875615881398,0.992146966809275,-0.01670849007027335,-0.22065789750813355,0.279079694954738,-0.1242258556978174,0.00832432650933135,0.011959875417031588,0.9921469668069949,-0.01651141670630256,-0.22125551208593253,0.2792339162962678,-0.12504354384593716,0.007161520731192008,0.010285151520217462,0.9920720943668722,-0.01651141670630256,-0.22125551208593253,0.2792339162962678,-0.12504354384593716,0.007161520731192008,0.010285151520217462,0.9920720943668722,-0.02485540763698668,-0.5560534232070034,0.8016705667623397,-0.10476966796730999,0.4970973556915107,-0.0847456299046357,-0.020126215076130865,-0.5516249440144279,0.7995399524513872,-0.0870094612111136,0.5003022343652244,-0.06974494272368893,-0.020126215076130865,-0.5516249440144279,0.7995399524513872,-0.0870094612111136,0.5003022343652244,-0.06974494272368893,-0.062373859863893266,-0.06543564723122228,0.031961683317924865,-0.2427748249381925,-0.049888017858406054,-0.20223136198518385,-0.06574330418285561,0.02628621861670566,-0.018640672942958972,-0.14022722862080012,0.050678430643504024,-0.15371357237298175,0.5,0.0,0.0,0.5,True,False,True,False,1,True,True,0.004837600019527599,4,3.138784423252179e-09,4.046511670891453e-10,`gtol` termination condition is satisfied.,True,True,0.0,0.010076000005938113,True,0.017760206756196398,0.017647232684571176,False,False,False,False,False,False,1.0,False,False,False,0.0006478929823418851,0.004395924996180568,0.000647894978443128,0.0043959253246096805
1.6004116999898796,1786138890.5014057,0.010065499984193593,0.009093000000575557,0.010065499984193593,TELEOP,0,,0.0,1.6004116999898796,301,-0.0035159385605657845,0.018418252688431253,0.0,0.015545385131855114,0.01657838909994914,0.03187389239727408,0.9992334827253339,-0.0025826073162258448,0.015550146278038196,0.0,0.013182244251851095,0.013946543024669546,0.026943247455603937,0.9994527421497686,-0.016774780577199125,-0.22045544108319562,0.2790254470837638,-0.12397274788364389,0.008673146404661788,0.012447800407344315,0.9921696359890484,-0.01673693998229142,-0.2205710136332393,0.2790564146834788,-0.12410221331144496,0.00849473344178589,0.012198238663717387,0.9921580938179443,-0.01673693705231672,-0.22057101481348465,0.2790564147814842,-0.12410221334884451,0.008494733444112976,0.012198238463437332,0.9921580938157086,-0.016535908202231955,-0.22116756893838174,0.27921030257713075,-0.12491707742126565,0.007333100275749098,0.010526628624203217,0.9920842401221196,-0.016535908202231955,-0.22116756893838174,0.27921030257713075,-0.12491707742126565,0.007333100275749098,0.010526628624203217,0.9920842401221196,-0.02553921053049309,-0.5566974997163706,0.8019811283837249,-0.10734282593400657,0.49663295929253054,-0.08691703679694715,-0.020760736774897086,-0.5522810173156377,0.799859830272155,-0.08946753865904623,0.4998051801988029,-0.07179623130242248,-0.020760736774897086,-0.5522810173156377,0.799859830272155,-0.08946753865904623,0.4998051801988029,-0.07179623130242248,-0.06303926280489235,-0.06518039861309739,0.031779625579463816,-0.24420818158985555,-0.04938196485043461,-0.20379400744670356,-0.06610729144543182,0.025358761961722168,-0.018087302046291328,-0.14240292622462075,0.05027599312166586,-0.15524767413179832,0.5,0.0,0.0,0.5,True,False,True,False,1,True,True,0.004884600028162822,4,3.16027465200302e-09,4.0753522489974e-10,`gtol` termination condition is satisfied.,True,True,0.0,0.010065499984193593,True,0.017875287274960336,0.017760206756196398,False,False,False,False,False,False,1.0,False,False,False,0.0006480515999109159,0.004387769742165439,0.0006480536185379248,0.004387770072837164
1.6106050999875405,1786138890.5121655,0.01019339999766089,0.00965989998076111,0.01019339999766089,TELEOP,0,,0.0,1.6106050999875405,303,-0.0036348545656358536,0.018715589460400694,0.0,0.01578751061457912,0.01685412463158395,0.0323837638594278,0.9992086793206885,-0.0026831829961857724,0.015852739066668484,0.0,0.01343144517707859,0.014224659751997187,0.027463646744453736,0.9994313400343672,-0.01680495324971484,-0.2203677564217018,0.27900195202782185,-0.12384846237137051,0.008845048827530323,0.012687723971297811,0.9921806010701449,-0.016766332455270545,-0.2204831744170944,0.2790328782148542,-0.12397733856456065,0.008667138640560257,0.012439135356623601,0.9921692235409307,-0.01676632946189521,-0.22048317561390157,0.2790328783087275,-0.12397733860275047,0.008667138642949126,0.012439135152146492,0.9921692235387014,-0.016561308577897716,-0.22107874988965154,0.2791864701991022,-0.12478957330847648,0.007506495680997392,0.010770518652689097,0.9920963717522767,-0.016561308577897716,-0.22107874988965154,0.2791864701991022,-0.12478957330847648,0.007506495680997392,0.010770518652689097,0.9920963717522767,-0.026238976159953617,-0.5573480554187011,0.8022943066978844,-0.10996555242571973,0.49616743722735773,-0.08913364187837415,-0.021410385113526966,-0.5529430342202692,0.8001820210308705,-0.091972458214771,0.4993068886858181,-0.07389037056801263,-0.021410385113526966,-0.5529430342202692,0.8001820210308705,-0.091972458214771,0.4993068886858181,-0.07389037056801263,-0.06373225212185896,-0.06494564176658046,0.03160778138692405,-0.24573935647571776,-0.048883739782520086,-0.20544070340325188,-0.0679841188539287,0.02303027906005884,-0.016858378223085294,-0.15021238116953958,0.0488772213421286,-0.16154530940865433,0.5,0.0,0.0,0.5,True,False,True,False,1,True,True,0.005119499983265996,4,3.2251287627443188e-09,4.160770403631433e-10,`gtol` termination condition is satisfied.,True,True,0.0,0.01019339999766089,True,0.017993094210948732,0.017875287274960336,False,False,False,False,False,False,1.0,False,False,False,0.0006483307409024157,0.004380140465550167,0.0006483328091573831,0.004380140803076389
1.6206495000147951,1786138890.5219975,0.010044400027254596,0.009445999981835485,0.010044400027254596,TELEOP,0,,0.0,1.6206495000147951,304,-0.003753892767144079,0.019007829066129335,0.0,0.016025206408875985,0.017125378035486815,0.03288474259134538,0.9991839209531925,-0.0027841686115285835,0.016150349380694186,0.0,0.013676261655502163,0.014498447366057538,0.027975324754439108,0.9994098939354101,-0.01683524890336364,-0.2202815155703751,0.27897884383989435,-0.12372634781146924,0.009014237573036807,0.012923608847507243,0.9921912692180721,-0.016795861363019138,-0.220396768839816,0.279009725888848,-0.1238546264180964,0.00883684855726129,0.012676012956331287,0.9921800543842538,-0.016795858387603148,-0.22039677002240343,0.27900972597901386,-0.12385462645590078,0.008836848559648435,0.012676012753213842,0.9921800543821084,-0.016586909253407285,-0.2209914718650995,0.27916306257354984,-0.1246644669854958,0.007676993046251431,0.011010160267723865,0.9921081648791472,-0.016586909253407285,-0.2209914718650995,0.27916306257354984,-0.1246644669854958,0.007676993046251431,0.011010160267723865,0.9921081648791472,-0.0269355723589659,-0.5579873845225383,0.8026015829910994,-0.11256628108796736,0.4957134933661063,-0.09133493234406088,-0.022057262407208313,-0.5535929891078276,0.8004977829942356,-0.09445549687450208,0.49882088284514753,-0.07596980992548848,-0.022057262407208313,-0.5535929891078276,0.8004977829942356,-0.09445549687450208,0.49882088284514753,-0.07596980992548848,-0.06440178526602924,-0.06470818424145047,0.03143661766838104,-0.24720626946294147,-0.048385751199854644,-0.20702474531415146,-0.06665735557659647,0.02364078735272168,-0.017040711050791968,-0.14604286799045907,0.04957872857653915,-0.1577039849668907,0.5,0.0,0.0,0.5,True,False,True,False,1,True,True,0.00491889999830164,4,3.203083399260644e-09,4.1326102663007975e-10,`gtol` termination condition is satisfied.,True,True,0.0,0.010044400027254596,True,0.018110784213465278,0.017993094210948732,False,False,False,False,False,False,1.0,False,False,False,0.0006487234646682478,0.004373255539976052,0.0006487255284540191,0.004373255875071963
1.6304410000080933,1786138890.5315206,0.009791499993298203,0.009178700012853369,0.009791499993298203,TELEOP,0,,0.0,1.6304410000080933,305,-0.0038717068215119613,0.01929198197281591,0.0,0.016256059366618593,0.017389357830387142,0.033371713584424964,0.9991594865188214,-0.0028843969399513854,0.016439916658888932,0.0,0.013914194994911092,0.014765072935314249,0.028473029590314787,0.999388650318187,-0.01686531737177298,-0.22019760541181527,0.2789563601596854,-0.1236076515510084,0.009178964667513459,0.013153035201835767,0.9922015383734579,-0.016825184011521232,-0.22031268685326771,0.2789871961675702,-0.12373533210420117,0.009002107338402739,0.012906438004016843,0.9921904824732898,-0.016825181086383145,-0.22031268800993636,0.2789871962544268,-0.123735332141164,0.009002107340762146,0.012906437804458146,0.9921904824712546,-0.016612396017462727,-0.22090664088296091,0.2791403188765837,-0.1245430252683861,0.007842818817337161,0.011243052094836788,0.9921195083403962,-0.016612396017462727,-0.22090664088296091,0.2791403188765837,-0.1245430252683861,0.007842818817337161,0.011243052094836788,0.9921195083403962,-0.02762132640042021,-0.558608930891095,0.8028998394119322,-0.1151169645151388,0.49527562180972484,-0.09349697257468312,-0.02269402316111405,-0.5542241717763455,0.8008039037724852,-0.09688927405578272,0.4983519913114195,-0.07801135138155502,-0.02269402316111405,-0.5542241717763455,0.8008039037724852,-0.09688927405578272,0.4983519913114195,-0.07801135138155502,-0.06503199247730856,-0.06446230597456398,0.03126393080316805,-0.24856019843194962,-0.047887610074956705,-0.20850139993503267,-0.06436268311399307,0.025111399382605343,-0.01763640558966285,-0.13827595056271796,0.05087485321338828,-0.1508098475097693,0.5,0.0,0.0,0.5,True,False,True,False,1,True,True,0.005560299992794171,4,3.1467219873636795e-09,4.059538557642077e-10,`gtol` termination condition is satisfied.,True,True,0.0,0.009791499993298203,True,0.018227690459356072,0.018110784213465278,False,False,False,False,False,False,1.0,False,False,False,0.0006492334236203381,0.004367245955602563,0.0006492354609999919,0.004367246284603696
1.640056099996971,1786138890.5395598,0.009615099988877773,0.007602499972563237,0.009615099988877773,TELEOP,0,,0.0,1.640056099996971,306,-0.003989097430306177,0.019570305177031413,0.0,0.016481922185322066,0.017648143651883094,0.033848555040656626,0.999135208361901,-0.002984539152569215,0.01672372072996124,0.0,0.014147135889248692,0.015026619835025387,0.028960689129117274,0.9993674688159663,-0.016895360006040257,-0.22011536530236592,0.27893432396810175,-0.12349143142747464,0.009340519667841461,0.01337781482174405,0.9922114971753367,-0.01685449578039201,-0.2202302677335545,0.27896511201042884,-0.12361851045905589,0.009164206381066216,0.01313222687278164,0.9922005975661633,-0.01685449288439095,-0.22023026887271127,0.2789651120939871,-0.12361851049549287,0.00916420638341382,0.013132226675333149,0.9922005975642152,-0.016637927654759736,-0.2208235840933281,0.2791180574580685,-0.1244242699403948,0.008005282009845453,0.011471041083422003,0.9921305013586696,-0.016637927654759736,-0.2208235840933281,0.2791180574580685,-0.1244242699403948,0.008005282009845453,0.011471041083422003,0.9921305013586696,-0.028301162979709464,-0.5592176083062422,0.8031914685244539,-0.11763643772619023,0.49485019145506215,-0.09563553935923864,-0.023325156571206568,-0.5548416207888092,0.8011028693295026,-0.0992916621202703,0.4978963026860782,-0.0800297506841495,-0.023325156571206568,-0.5548416207888092,0.8011028693295026,-0.0992916621202703,0.4978963026860782,-0.0800297506841495,-0.06563981766415096,-0.0642165981818056,0.031093338328585785,-0.24985575472605914,-0.04739301992370448,-0.20991974133698563,-0.06321569068917648,0.025554366885690433,-0.017742142544497057,-0.13474184310180262,0.05143889838112349,-0.14751187232515844,0.5,0.0,0.0,0.5,True,False,True,False,1,True,True,0.00420480000320822,4,3.113114557984275e-09,4.0161108757052413e-10,`gtol` termination condition is satisfied.,True,True,0.0,0.009615099988877773,True,0.018344775605919933,0.018227690459356072,False,False,False,False,False,False,1.0,False,False,False,0.0006498582415379691,0.0043620210550180845,0.0006498602663408347,0.004362021380348172
1.6515167000103501,1786138890.5515816,0.011460600013379008,0.008161699981428683,0.011460600013379008,TELEOP,0,,0.0,1.6515167000103501,309,-0.004131213065084865,0.0199011151727575,0.0,0.0167500515379141,0.017956017090465858,0.034415141246517074,0.9991059079380457,-0.0031063189249998543,0.017061204376785103,0.0,0.014423775816655271,0.015337956564995224,0.029540391131458312,0.9993418169332262,-0.016931893902668235,-0.22001757004518768,0.2789081197831911,-0.12335339005020986,0.009532780966016858,0.013644997080592252,0.9922232013538311,-0.016890164390072713,-0.22013224686944013,0.2789388473744352,-0.12347973638071988,0.009357142901383073,0.013400645021832216,0.9922124879747635,-0.01689016090937706,-0.22013224821782923,0.27893884744775654,-0.12347973642543972,0.009357142904208198,0.013400644784696766,0.992212487972374,-0.01666919360976454,-0.22072458469750786,0.27909156124256723,-0.1242831152841897,0.008199046650323411,0.011742909470998196,0.9921434306421822,-0.01666919360976454,-0.22072458469750786,0.27909156124256723,-0.1242831152841897,0.008199046650323411,0.011742909470998196,0.9921434306421822,-0.02912041438581537,-0.5599407212643075,0.803537348342971,-0.12065935842964548,0.4943493458910393,-0.09820549347255003,-0.024088594107257808,-0.5555767970053247,0.801458130184654,-0.10218346464713376,0.49735816773226393,-0.08246392261669858,-0.024088594107257808,-0.5555767970053247,0.801458130184654,-0.10218346464713376,0.49735816773226393,-0.08246392261669858,-0.06661409831597023,-0.06414814369730444,0.030998451628766972,-0.25232557837177794,-0.04695521640978939,-0.2123948074016579,-0.0850113127307383,0.005973027975955843,-0.008279383252887554,-0.21550561426413317,0.03820074982147578,-0.21596304397526292,0.5,0.0,0.0,0.5,True,False,True,False,1,True,True,0.004108299996005371,4,3.733466404296297e-09,4.826873702426596e-10,`gtol` termination condition is satisfied.,True,True,0.0,0.011460600013379008,True,0.018475893782511715,0.018344775605919933,False,False,False,False,False,False,1.0,False,False,False,0.000650392616641365,0.004354060946270442,0.0006503950444382557,0.004354061337563422
1.660464300009724,1786138890.5610797,0.008947599999373779,0.008713699993677437,0.008947599999373779,TELEOP,0,,0.0,1.660464300009724,311,-0.004243820276645843,0.020158671015821302,0.0,0.01695856041146204,0.01819592966679862,0.03485612839014391,0.999082762180382,-0.00320288396923154,0.017324183752945952,0.0,0.014639120962314484,0.015580756968941697,0.029991993695016404,0.999321478035934,-0.016960863388585615,-0.21994136446896115,0.27888770054122497,-0.12324592034481817,0.009682689466088676,0.013853125395077916,0.992232220581377,-0.016918457844479273,-0.22005585650170414,0.2789183786178204,-0.12337168211372765,0.009507597177032975,0.01360976291779504,0.992221652657142,-0.016918455102639073,-0.22005585757062524,0.2789183786957017,-0.12337168214775124,0.00950759717928068,0.013609762731100646,0.9922216526554508,-0.016694006870250303,-0.22064757680966793,0.27907092947218365,-0.12417327133560303,0.008349893718693211,0.011954208458865844,0.992153402887287,-0.016694006870250303,-0.22064757680966793,0.27907092947218365,-0.12417327133560303,0.008349893718693211,0.011954208458865844,0.992153402887287,-0.02976571254932277,-0.5605037072423045,0.8038061954522836,-0.12303273472253663,0.49396272709773575,-0.10022593217260617,-0.024688983533230326,-0.5561482052633172,0.8017338430682733,-0.10444946946023553,0.4969425468049587,-0.08437398387537161,-0.024688983533230326,-0.5561482052633172,0.8017338430682733,-0.10444946946023553,0.4969425468049587,-0.08437398387537161,-0.06710061089169594,-0.06386162300868702,0.030814171804585906,-0.25325280670351447,-0.04645054845258187,-0.21347190965250015,-0.05437352762302246,0.03202207168821556,-0.020595447292454192,-0.10362871963447359,0.05640260597733933,-0.12037890058983758,0.5,0.0,0.0,0.5,True,False,True,False,1,True,True,0.005186199996387586,4,2.9438657366234915e-09,3.795803587540846e-10,`gtol` termination condition is satisfied.,True,True,0.0,0.008947599999373779,True,0.0185832652623011,0.018475893782511715,False,False,False,False,False,False,1.0,False,False,False,0.0006509841828193345,0.004348950388775634,0.0006509861180210017,0.004348950695855853
1.6700810000107849,1786138890.5709386,0.009616700001060963,0.00895469999522902,0.009616700001060963,TELEOP,0,,0.0,1.6700810000107849,313,-0.004366460574297926,0.020434776227864465,0.0,0.017181846604045252,0.018453329012804782,0.03532874430877625,0.999057625275532,-0.0033083796421689124,0.017606235653452325,0.0,0.014869829348307972,0.015841391504044747,0.030476210227838318,0.9992993240768837,-0.01699251206113099,-0.21985963209906292,0.2788658003978502,-0.12313076973041204,0.00984357514423056,0.01407626840425674,0.9922417932347879,-0.016949381524805168,-0.21997391679625894,0.2788964229191448,-0.12325589109268323,0.009669088897740898,0.01383399422980339,0.9922313816013311,-0.01694937855651496,-0.21997391794242857,0.27889642299084694,-0.12325589112986081,0.00966908890018024,0.013833994027813996,0.9922313815995052,-0.01672117316275034,-0.22056502882436108,0.2790488242406366,-0.12405569969622733,0.008511692499819297,0.012180704335838536,0.9921639808547531,-0.01672117316275034,-0.22056502882436108,0.2790488242406366,-0.12405569969622733,0.008511692499819297,0.012180704335838536,0.9921639808547531,-0.030465582458686143,-0.5611070008482256,0.8040938677429528,-0.1255976525640518,0.4935518809256111,-0.10241231454850513,-0.02534017358500524,-0.5567601738718202,0.8020286548731507,-0.10689775685552366,0.4965005475743778,-0.08644075967774131,-0.02534017358500524,-0.5567601738718202,0.8020286548731507,-0.10689775685552366,0.4965005475743778,-0.08644075967774131,-0.06771450203324135,-0.06363602986840862,0.030656233931058617,-0.2545870615718515,-0.04596163242402897,-0.21491528301201993,-0.0638359459562721,0.023458477466647802,-0.016423292138661397,-0.1387435261773623,0.050840312009209354,-0.15009029702086166,0.5,0.0,0.0,0.5,True,False,True,False,1,True,True,0.004626300011295825,4,3.182702118752022e-09,4.108097948380929e-10,`gtol` termination condition is satisfied.,True,True,0.0,0.009616700001060963,True,0.018699895708528147,0.0185832652623011,False,False,False,False,False,False,1.0,False,False,False,0.0006517023227054964,0.004343810166522447,0.0006517044184837294,0.0043438104989329315
1.6801077999913359,1786138890.5819867,0.010026799980551004,0.009976700006518513,0.010026799980551004,TELEOP,0,,0.0,1.6801077999913359,315,-0.004496104909644205,0.020721861200333664,0.0,0.017413748939692685,0.018721192328352294,0.035820010020697284,0.9990311332424968,-0.0034202246173861903,0.017899656722779756,0.0,0.01510956186047991,0.016112774772873407,0.030979794922484868,0.9992759038103861,-0.017026065523177848,-0.21977460519662903,0.27884301748618906,-0.12301109987195544,0.010011059382169495,0.014308319763089763,0.9922516414619307,-0.016982181652444923,-0.2198886650351787,0.27887357975688437,-0.12313554172494322,0.009837224704521488,0.014067204746827783,0.9922413925677704,-0.016982178533684267,-0.2198886662298562,0.27887357982276095,-0.12313554176417932,0.009837224707093297,0.014067204534734151,0.9922413925658827,-0.016750062151047806,-0.22047912710413284,0.27902582981792207,-0.12393352492029995,0.008680177167814778,0.012416381207819571,0.9921748683588326,-0.016750062151047806,-0.22047912710413284,0.27902582981792207,-0.12393352492029995,0.008680177167814778,0.012416381207819571,0.9921748683588326,-0.03120217195527868,-0.5617340256995191,0.8043923909927366,-0.12828722239737517,0.493128733145115,-0.10470809781542002,-0.026026121254763883,-0.5573964011979032,0.8023346444395658,-0.10946651272078187,0.4960444925070571,-0.08861254536555256,-0.026026121254763883,-0.5573964011979032,0.8023346444395658,-0.10946651272078187,0.4960444925070571,-0.08861254536555256,-0.068411424491281,-0.06345267955051535,0.030517170683432952,-0.2561890005027357,-0.04548361074373612,-0.2165980863310188,-0.06950596993970815,0.0182860252771486,-0.013869155452926867,-0.15976572126615365,0.04767440072805506,-0.16783054636204942,0.5,0.0,0.0,0.5,True,False,True,False,1,True,True,0.005364299984648824,4,3.340398490053509e-09,4.3143183689376113e-10,`gtol` termination condition is satisfied.,True,True,0.0,0.010026799980551004,True,0.0188207096765933,0.018699895708528147,False,False,False,False,False,False,1.0,False,False,False,0.0006524585198817832,0.004338285881453876,0.0006524607259356113,0.004338286230521735
1.690464800012367,1786138890.5924418,0.010357000021031126,0.010076100006699562,0.010357000021031126,TELEOP,0,,0.0,1.690464800012367,316,-0.004631914851307989,0.02101753672391299,0.0,0.017652309852967334,0.018997313802693705,0.036325821726488385,0.9990034698143107,-0.0035377196374618324,0.018202022149645322,0.0,0.015356309658101064,0.01639268795404181,0.03149857088196794,0.9992513715615905,-0.017061313997751924,-0.21968698641804021,0.2788195400826196,-0.12288791192154347,0.01018376928822701,0.014547353152246508,0.9922616723742337,-0.01701665503682094,-0.2198008053305021,0.2788500377974586,-0.12301164030484944,0.010010627463749916,0.014307459738731269,0.992251591222265,-0.01701665178980408,-0.21980080656497242,0.27885003785734425,-0.12301164034582254,0.01001062746643756,0.014307459518059843,0.9922515912203403,-0.016780522312688166,-0.22039051893414846,0.27900211880453973,-0.12380767744237392,0.00885409226967497,0.012659451895640036,0.9921859716475068,-0.016780522312688166,-0.22039051893414846,0.27900211880453973,-0.12380767744237392,0.00885409226967497,0.012659451895640036,0.9921859716475068,-0.03197032816886696,-0.5623795211493556,0.804699212891776,-0.13108152998706254,0.49269732391755644,-0.10709662780730571,-0.026742557503596106,-0.558052020288812,0.8026494234803866,-0.11213863228548128,0.4955783047864748,-0.09087523088099064,-0.026742557503596106,-0.558052020288812,0.8026494234803866,-0.11213863228548128,0.4955783047864748,-0.09087523088099064,-0.06917410904484063,-0.06330202660783717,0.030392878264129952,-0.25800130918927866,-0.04501184895584512,-0.21846920062213213,-0.0736395241875935,0.014546001967004861,-0.01200081288506424,-0.1749839415721599,0.04555004218721997,-0.1806618023861943,0.5,0.0,0.0,0.5,True,False,True,False,1,True,True,0.005402600014349446,4,3.474280027991714e-09,4.489347395124244e-10,`gtol` termination condition is satisfied.,True,True,0.0,0.010357000021031126,True,0.018942897701581266,0.0188207096765933,False,False,False,False,False,False,1.0,False,False,False,0.0006531817685928883,0.0043319675005700315,0.0006531840708764562,0.004331967863733018
1.700917600006167,1786138890.6024413,0.0104527999938,0.009622500016121194,0.0104527999938,TELEOP,0,,0.0,1.700917600006167,317,-0.004770928943176495,0.021315044718151783,0.0,0.017892061495802355,0.01927539492388496,0.03683460984355287,0.9989752473428117,-0.003658299394370123,0.018506435838463592,0.0,0.015604432114257294,0.016674757817839104,0.03202069892312791,0.9992262651624919,-0.017097487893162757,-0.21959877409847486,0.27879590363994844,-0.12276402103328664,0.010357770933486691,0.014787912842869665,0.9922716509881656,-0.017052049537211976,-0.21971234137110976,0.2788263339281921,-0.12288701801472862,0.010185347899145984,0.014549276137344384,0.9922617386836502,-0.01705204623378331,-0.21971234261907607,0.2788263339829155,-0.1228870180564158,0.010185347901892048,0.014549275912986125,0.9922617386817489,-0.016811898004630402,-0.22030120214745347,0.27897822195179406,-0.12368097710724395,0.009029527313294816,0.012904410937250116,0.9921970367405148,-0.016811898004630402,-0.22030120214745347,0.27897822195179406,-0.12368097710724395,0.009029527313294816,0.012904410937250116,0.9921970367405148,-0.03275302301339523,-0.5630287156011605,0.8050072861335004,-0.1339180741471886,0.4922678361730114,-0.10952466413362125,-0.027473756083160404,-0.5587122104755463,0.8029658582092959,-0.11485491917253741,0.4951127640049843,-0.0931788524106422,-0.027473756083160404,-0.5587122104755463,0.8029658582092959,-0.11485491917253741,0.4951127640049843,-0.0931788524106422,-0.06995241275045952,-0.0631591714302352,0.03027272396840807,-0.25986213155013727,-0.0445374236344949,-0.220383201727568,-0.07445887284560498,0.01366669004350101,-0.011494938752597272,-0.17802142602578452,0.04538739109440741,-0.1831089379468801,0.5,0.0,0.0,0.5,True,False,True,False,1,True,True,0.005631699983496219,4,3.531721325524648e-09,4.5644541816589447e-10,`gtol` termination condition is satisfied.,True,True,0.0,0.0104527999938,True,0.019063154974651178,0.018942897701581266,False,False,False,False,False,False,1.0,False,False,False,0.0006538322959415329,0.004324840417471318,0.0006538346459397036,0.004324840786582127
1.7107949000125044,1786138890.6110127,0.009877300006337464,0.008316399995237589,0.009877300006337464,TELEOP,0,,0.0,1.7107949000125044,318,-0.00490408220199155,0.021595328151136406,0.0,0.01811766814145016,0.01953760386911013,0.037313795450391395,0.9989483033697272,-0.0037740252074874516,0.018793404643108587,0.0,0.01583807048422309,0.01694089506500427,0.03251276040211899,0.9992022227801376,-0.017132205607250723,-0.2195156169183449,0.27877362171900716,-0.12264734693181517,0.010521909602041395,0.015014603932365063,0.9922809478054427,-0.017086032251261325,-0.2196289386940375,0.2788039862266297,-0.12276964216223214,0.01035018354651159,0.014777176743037773,0.9922711946395584,-0.017086029104838973,-0.21962893987933474,0.27880398628009495,-0.12276964220161175,0.010350183549141339,0.014777176529473435,0.992271194637839,-0.016842078578932287,-0.22021697930919112,0.2789556812965239,-0.12356157388597187,0.009195082689744935,0.013135295173146957,0.992207363374141,-0.016842078578932287,-0.22021697930919112,0.2789556812965239,-0.12356157388597187,0.009195082689744935,0.013135295173146957,0.992207363374141,-0.033499291478144226,-0.5636400821398352,0.805296942609004,-0.1366131845244132,0.49186746440393947,-0.11183470110039014,-0.0281712419086942,-0.5593341491734469,0.8032634878519167,-0.1174364312540218,0.4946776974149564,-0.09537127135848324,-0.0281712419086942,-0.5593341491734469,0.8032634878519167,-0.1174364312540218,0.4946776974149564,-0.09537127135848324,-0.07061502891339476,-0.06296646831640085,0.030132692378471986,-0.2613580715203579,-0.04404711710171158,-0.22196541022691924,-0.06708474608547818,0.019509695332803334,-0.014177112150712875,-0.1514523168538763,0.04963973276793558,-0.16018633617851594,0.5,0.0,0.0,0.5,True,False,True,False,1,True,True,0.004783100011991337,4,3.362701550272815e-09,4.3437472942512674e-10,`gtol` termination condition is satisfied.,True,True,0.0,0.009877300006337464,True,0.01917675327039141,0.019063154974651178,False,False,False,False,False,False,1.0,False,False,False,0.000654456727496447,0.004317992319198698,0.000654458977739092,0.004317992670200434
1.7200335000158047,1786138890.621447,0.009238600003300235,0.009510999982012436,0.009238600003300235,TELEOP,0,,0.0,1.7200335000158047,321,-0.005030197467153647,0.021856734892403435,0.0,0.018327849202639315,0.019782352235356085,0.037760580986209186,0.9989228633919767,-0.0038838301877144247,0.019061204560227963,0.0,0.01605587054303209,0.017189457241602476,0.03297182610248861,0.9991794584879694,-0.01716514707346531,-0.21943801445552874,0.2787528281814351,-0.12253856871054064,0.010675178835990817,0.015226080011618608,0.9922895274176139,-0.017118286967787635,-0.2195510998388199,0.27878312934798394,-0.12266019804746481,0.010504120417637949,0.014989803737553615,0.9922799227300321,-0.017118284002773966,-0.21955110095387464,0.27878312940128425,-0.1226601980842083,0.010504120420129466,0.01498980353641686,0.992279922728502,-0.016870743489887815,-0.22013842301950737,0.2789346483207413,-0.12345024590517187,0.009349611482709798,0.013350538569609537,0.9922169040441593,-0.016870743489887815,-0.22013842301950737,0.2789346483207413,-0.12345024590517187,0.009349611482709798,0.013350538569609537,0.9922169040441593,-0.03420313112896173,-0.5642100529461698,0.8055665795832736,-0.13914684022738452,0.4914978550786591,-0.11400902735963742,-0.028828729507169276,-0.5599137185412939,0.8035404377859634,-0.1198617064157765,0.4942753504011252,-0.0974336638382933,-0.028828729507169276,-0.5599137185412939,0.8035404377859634,-0.1198617064157765,0.4942753504011252,-0.0974336638382933,-0.0711674494230953,-0.06273346260688717,0.029977478616649938,-0.2625154418297511,-0.04355064768335392,-0.22323647295838417,-0.05979482924936691,0.025220889467066077,-0.01680057170638438,-0.1252755080834521,0.05373859872494849,-0.13758174734385015,0.5,0.0,0.0,0.5,True,False,True,False,1,True,True,0.00479300000006333,4,3.1682004447044435e-09,4.0897250912394283e-10,`gtol` termination condition is satisfied.,True,True,0.0,0.009238600003300235,True,0.019285133811608027,0.01917675327039141,False,False,False,False,False,False,1.0,False,False,False,0.0006551194526591713,0.004311950478598705,0.0006551215849970282,0.004311950808811943
1.7303658999950384,1786138890.6305268,0.010332399979233742,0.008258700021542609,0.010332399979233742,TELEOP,0,,0.0,1.7303658999950384,323,-0.005173038890034987,0.022148217933858336,0.0,0.01856194930407915,0.02005548628855434,0.0382586261803647,0.998894143055486,-0.004008574306813208,0.019359934077498784,0.0,0.016298538775874935,0.017466977944951424,0.033483755041381,0.9991536921132658,-0.017202570278124493,-0.21935144928195419,0.27872963309028387,-0.12241735489227265,0.010846267124443166,0.015461890806681889,0.9922989870212138,-0.017154945421275578,-0.21946426318487913,0.2787598615139746,-0.12253823026751826,0.010675972475885193,0.015226921738004445,0.9922895477576006,-0.017154942082368306,-0.21946426442686168,0.2787598615559241,-0.12253823030948975,0.010675972478695617,0.015226921511650074,0.9922895477558609,-0.0169034153035014,-0.22005067118043886,0.2789111654688916,-0.12332609406816358,0.009522342655245517,0.013590969005951649,0.9922274361625594,-0.0169034153035014,-0.22005067118043886,0.2789111654688916,-0.12332609406816358,0.009522342655245517,0.013590969005951649,0.9922274361625594,-0.03499742593441232,-0.564845175297932,0.8058665781980601,-0.14199567606266375,0.4910903554987396,-0.11645704424546333,-0.02957198855394151,-0.560560450846791,0.8038489750869436,-0.12259301611816416,0.4938303562624341,-0.09975965678324474,-0.02957198855394151,-0.560560450846791,0.8038489750869436,-0.12259301611816416,0.4938303562624341,-0.09975965678324474,-0.0719347923295704,-0.06259265096172256,0.029861145677704634,-0.26434417055835074,-0.043067838990500866,-0.22511642499576626,-0.0742656989680339,0.01362816436138864,-0.011259043318020056,-0.17698973445424496,0.046727642544172866,-0.18194727664051433,0.5,0.0,0.0,0.5,True,False,True,False,1,True,True,0.004683799983467907,4,3.562665038123279e-09,4.604729345177324e-10,`gtol` termination condition is satisfied.,True,True,0.0,0.010332399979233742,True,0.019402659944499592,0.019285133811608027,False,False,False,False,False,False,1.0,False,False,False,0.0006557678516116655,0.004304319370353086,0.0006557702525865327,0.0043043197422948315
1.7401897000014541,1786138890.6414812,0.009823800006415695,0.0093889000127092,0.009823800006415695,TELEOP,0,,0.0,1.7401897000014541,325,-0.005310601295096568,0.02242448758375931,0.0,0.01878357437067321,0.020314584380016015,0.038730534983716106,0.9988665780048924,-0.004128930657996488,0.01964324197142318,0.0,0.016528420260342517,0.017730397394832613,0.03396911368521235,0.9991288924094629,-0.017238677154013008,-0.2192693529518359,0.27870763542319427,-0.12230251310928372,0.011008628686743033,0.01568544697773709,0.9923078514930231,-0.017190327041609835,-0.21938190205798805,0.27873779289488454,-0.12242266266400208,0.010839076083158417,0.015451739812025687,0.9922985688958244,-0.017190323842888548,-0.2193819032445654,0.27873779293579765,-0.12242266270392992,0.010839076085864548,0.015451739595304853,0.9922985688942435,-0.01693500374561975,-0.2199674031260116,0.2788888744482176,-0.12320834799342004,0.009686371704377791,0.01381900324175322,0.9922373266196658,-0.01693500374561975,-0.2199674031260116,0.2788888744482176,-0.12320834799342004,0.009686371704377791,0.01381900324175322,0.9922373266196658,-0.035759157711784284,-0.5654468575062126,0.8061503321477392,-0.1447184449692275,0.49070855294779425,-0.11879971489305836,-0.030285181610068764,-0.5611735238636693,0.8041410050561246,-0.12520462628543816,0.49341214642197984,-0.10198669834397432,-0.030285181610068764,-0.5611735238636693,0.8041410050561246,-0.12520462628543816,0.49341214642197984,-0.10198669834397432,-0.07259849097716589,-0.06240691142713324,0.029726782812172038,-0.2658452091419226,-0.042571086563359006,-0.2266985849951299,-0.06756027679330322,0.01890709648690106,-0.013677280221996262,-0.15279612599926398,0.05056621946878453,-0.16105376721130132,0.5,0.0,0.0,0.5,True,False,True,False,1,True,True,0.005237700010184199,4,3.4119580303206698e-09,4.4078101273466324e-10,`gtol` termination condition is satisfied.,True,True,0.0,0.009823800006415695,True,0.019513818683789347,0.019402659944499592,False,False,False,False,False,False,1.0,False,False,False,0.0006563719118289098,0.004296793761373641,0.0006563742239679132,0.00429679411717051
1.7500514000054208,1786138890.6520445,0.009861700003966689,0.010090800002217293,0.009861700003966689,TELEOP,0,,0.0,1.7500514000054208,326,-0.005450406908046335,0.022700963753580036,0.0,0.019005114860669386,0.02057409000115512,0.03920265804214939,0.9988386576580762,-0.004251512527040549,0.019926907605481766,0.0,0.016758332065304596,0.01799437547164444,0.0344549424454554,0.999103707179017,-0.01727545168522255,-0.21918715295639837,0.2786856099789271,-0.12218764148802676,0.011171301014902844,0.015909204090291354,0.992316622619233,-0.017226375577441336,-0.2192994298188237,0.2787156945032103,-0.12230705391217662,0.011002508744167128,0.01567678196080309,0.9923074966319724,-0.017226372343448346,-0.21929943101225452,0.2787156945394449,-0.12230705395254807,0.01100250874691364,0.01567678174182455,0.9923074966304255,-0.016967245032099235,-0.21988397094427387,0.27886653697039704,-0.12309046975950144,0.009850841481119385,0.014047404812195118,0.9922471303030014,-0.016967245032099235,-0.21988397094427387,0.27886653697039704,-0.12309046975950144,0.009850841481119385,0.014047404812195118,0.9922471303030014,-0.03653034828192174,-0.5660486405816972,0.8064336975515856,-0.14746564902181797,0.4903309454558566,-0.12116636465572818,-0.031007771081079247,-0.5617871775652605,0.8044328631871303,-0.12784140758554036,0.4929972539615373,-0.10423819284636712,-0.031007771081079247,-0.5617871775652605,0.8044328631871303,-0.12784140758554036,0.4929972539615373,-0.10423819284636712,-0.07327230302278866,-0.062225955093388546,0.029595113508647724,-0.2673759391425016,-0.04207108919107467,-0.22830693506060576,-0.0683261552624539,0.018349405647293156,-0.013351582736379364,-0.15521968828531227,0.05070093108523084,-0.16309054877241616,0.5,0.0,0.0,0.5,True,False,True,False,1,True,True,0.005558200005907565,4,3.4473614172753875e-09,4.453824959546188e-10,`gtol` termination condition is satisfied.,True,True,0.0,0.009861700003966689,True,0.019624241436277612,0.019513818683789347,False,False,False,False,False,False,1.0,False,False,False,0.0006569530687863126,0.004288865981695465,0.0006569554146049978,0.0042888663410975275
1.7604755000135155,1786138890.659062,0.010424100008094683,0.006684699998004362,0.010424100008094683,TELEOP,0,,0.0,1.7604755000135155,327,-0.005600044870764576,0.02299225923048627,0.0,0.019238259012652706,0.0208477364636436,0.03969993701757811,0.9988088787527396,-0.004383042304788623,0.020225916496323732,0.0,0.017000391366463526,0.018272882336134146,0.034966891073571746,0.9990767763256065,-0.017314910587447465,-0.2191005068259929,0.27866239319507796,-0.12206668459458236,0.011342889307381485,0.016144973847529023,0.9923257545754367,-0.017265070298894857,-0.21921248941188462,0.2786923988682841,-0.12218530965019513,0.011174916589334982,0.015913928179239655,0.9923167932846917,-0.017265066856358192,-0.21921249067246393,0.27869239889538644,-0.12218530969345597,0.01117491659226724,0.015913927946289076,0.9923167932830678,-0.017001953771790045,-0.2197958748271418,0.2788429551084346,-0.12296616280341781,0.010024628462935748,0.014288519089887033,0.9922573596863877,-0.017001953771790045,-0.2197958748271418,0.2788429551084346,-0.12296616280341781,0.010024628462935748,0.014288519089887033,0.9922573596863877,-0.03735273447990828,-0.5666822344095639,0.8067315714076096,-0.15038472729638735,0.489938126002188,-0.12368432894017724,-0.03177977251223509,-0.562434417603592,0.8047401957826432,-0.13064814138088351,0.4925639056095097,-0.10663814854837987,-0.03177977251223509,-0.562434417603592,0.8047401957826432,-0.13064814138088351,0.4925639056095097,-0.10663814854837987,-0.07405928862504753,-0.062090735682593434,0.029482890155913655,-0.26925430427218083,-0.04157177614289298,-0.23023145404870415,-0.07549674328217788,0.012971806744957112,-0.010765759408191055,-0.18019446553857385,0.04789987124010257,-0.1846220764002586,0.5,0.0,0.0,0.5,True,False,True,False,1,True,True,0.0036472000065259635,4,3.6661769487478633e-09,4.739143726807574e-10,`gtol` termination condition is satisfied.,True,True,0.0,0.010424100008094683,True,0.01973658591550384,0.019624241436277612,False,False,False,False,False,False,1.0,False,False,False,0.0006574440968535535,0.004279430994653885,0.0006574465993666255,0.004279431377082475
1.7704594999883083,1786138890.6726348,0.009983999974792823,0.010271100007230416,0.009983999974792823,TELEOP,0,,0.0,1.7704594999883083,330,-0.005745151021209183,0.023270331795322938,0.0,0.0194605602458586,0.021109182202544416,0.040174498717048326,0.9987801052656641,-0.004510813511325534,0.02051152150048949,0.0,0.017231335545737265,0.018539132843334246,0.035455744615258494,0.9990506853020548,-0.01735324191970315,-0.21901774484382802,0.2786402171665372,-0.12195126660778083,0.011506892684836293,0.01637009194811454,0.9923343690929525,-0.017302671658577067,-0.21912943932748644,0.2786701456430601,-0.12206912940346742,0.011339719949437676,0.01614038222680951,0.9923255647516698,-0.01730266833704859,-0.2191294405403007,0.27867014566900633,-0.12206912944497608,0.011339719952280485,0.016140382002182183,0.9923255647501849,-0.017035744494142448,-0.2197116518596538,0.27882040091499116,-0.12284738060651645,0.010190901071669407,0.01451891270570862,0.9922670345160668,-0.017035744494142448,-0.2197116518596538,0.27882040091499116,-0.12284738060651645,0.010190901071669407,0.01451891270570862,0.9922670345160668,-0.03814707061790423,-0.5672867168484775,0.8070153080023359,-0.1531947099645519,0.4895679417245911,-0.12611121213329973,-0.032526073260037126,-0.5630525410065711,0.80503325214557,-0.13335204833068715,0.49215398930627857,-0.10895320399548804,-0.032526073260037126,-0.5630525410065711,0.80503325214557,-0.13335204833068715,0.49215398930627857,-0.10895320399548804,-0.0747496744477424,-0.06191139869187994,0.029352600527505157,-0.2708240140855722,-0.04105732214203178,-0.2318765477717474,-0.06914922119770905,0.017962439019057752,-0.013049842621939978,-0.15722253779592368,0.05152784476763518,-0.16477300953492632,0.5,0.0,0.0,0.5,True,False,True,False,1,True,True,0.005840600002557039,4,3.5361197755065856e-09,4.5690563364325735e-10,`gtol` termination condition is satisfied.,True,True,0.0,0.009983999974792823,True,0.01984266163386475,0.01973658591550384,False,False,False,False,False,False,1.0,False,False,False,0.0006578715659158872,0.0042699179804383995,0.0006578739928503954,0.004269918348924936
1.7810931999916901,1786138890.6813743,0.010633700003381819,0.008380199986277148,0.010633700003381819,TELEOP,0,,0.0,1.7810931999916901,331,-0.005901614887995127,0.023565492367300687,0.0,0.019696244483435155,0.021386930138429808,0.040678068743654365,0.9987491936896816,-0.00464892304382607,0.02081481512593989,0.0,0.017476286006134188,0.018822130310342074,0.035974711405635025,0.9990225858194066,-0.01739467474790815,-0.21892985709216267,0.27861666769068927,-0.12182883229005487,0.011681173703634359,0.016609059560541747,0.9923434007158316,-0.01734333037523044,-0.21904123840277753,0.27864651225282877,-0.12194587550071828,0.011514868516380436,0.016380790106449973,0.9923347625508754,-0.01734332681308099,-0.21904123969324774,0.2786465122680893,-0.12194587554557214,0.011514868519437779,0.016380789865705524,0.992334762549302,-0.01707239746016275,-0.21962203018241866,0.27879640555641727,-0.12272115367215575,0.01036795837651229,0.014764015680846765,0.9922772030644732,-0.01707239746016275,-0.21962203018241866,0.27879640555641727,-0.12272115367215575,0.01036795837651229,0.014764015680846765,0.9922772030644732,-0.03900053903454691,-0.5679278426751334,0.8073157652411559,-0.15620298467520555,0.4891804078607822,-0.12871268824689655,-0.033329675583950495,-0.5637095170250067,0.8053442181917246,-0.13625284656862618,0.4917228929023673,-0.11144027669338896,-0.033329675583950495,-0.5637095170250067,0.8053442181917246,-0.13625284656862618,0.4917228929023673,-0.11144027669338896,-0.07557128033119244,-0.061782448087370746,0.029243447347186913,-0.27279293538622423,-0.0405405835949982,-0.23388591902253775,-0.07726434667037328,0.012126597935637525,-0.010264835408515388,-0.18515862776134762,0.04859442591659026,-0.18896256713573747,0.5,0.0,0.0,0.5,True,False,True,False,1,True,True,0.004740400006994605,4,3.788727350310656e-09,4.8982275260688e-10,`gtol` termination condition is satisfied.,True,True,0.0,0.010633700003381819,True,0.019950138106579363,0.01984266163386475,False,False,False,False,False,False,1.0,False,False,False,0.0006581704220563798,0.004258512708220015,0.0006581730306131186,0.004258513103276277
1.7922009999962283,1786138890.6943843,0.011107800004538149,0.010281499999109656,0.011107800004538149,TELEOP,0,,0.0,1.7922009999962283,334,-0.0060671567052549835,0.023872688998924644,0.0,0.01994123541111663,0.02167626180197532,0.04120200431191578,0.9987166172870319,-0.004795387390734509,0.021130637393589988,0.0,0.01773103316031473,0.019117095859169847,0.03651493865063307,0.9989928960529798,-0.01743861401913244,-0.2188383388182183,0.2785921454182042,-0.12170148319161259,0.011862784102179422,0.016857797902490094,0.9923526782309733,-0.0173864649532827,-0.2189493864583248,0.27862190057368286,-0.12181766259298273,0.011697401159519666,0.016631050537091137,0.992344212480996,-0.017386461205242613,-0.21894938780674122,0.278621900578948,-0.12181766264041215,0.011697401162747607,0.01663105028395304,0.9923442124793781,-0.017111436867330614,-0.2195284472576851,0.2787713522653454,-0.12258951796409134,0.010552982077305383,0.015019873844416484,0.99228768411399,-0.017111436867330614,-0.2195284472576851,0.2787713522653454,-0.12258951796409134,0.010552982077305383,0.015019873844416484,0.99228768411399,-0.039900157788006325,-0.5685945651888786,0.8076276946222898,-0.15936209259445502,0.4887830861485395,-0.1314482295555986,-0.03417922328621252,-0.5643946746617613,0.8056679689655093,-0.1393077646136023,0.4912784261134129,-0.11406324061621191,-0.03417922328621252,-0.5643946746617613,0.8056679689655093,-0.1393077646136023,0.4912784261134129,-0.11406324061621191,-0.07648208483362483,-0.06168256868818381,0.029146255212769846,-0.2750245812607381,-0.04001393514222788,-0.23613712181992133,-0.0819968402438179,0.008991825487146988,-0.008749899564032418,-0.20090799920795335,0.04741248965188021,-0.2026686469385329,0.5,0.0,0.0,0.5,True,False,True,False,1,True,True,0.004863200010731816,4,3.983222199692533e-09,5.151368039359418e-10,`gtol` termination condition is satisfied.,True,True,0.0,0.011107800004538149,True,0.020054327980852715,0.019950138106579363,False,False,False,False,False,False,1.0,False,False,False,0.0006582431471260427,0.004244781431421734,0.0006582459005258386,0.00424478184685559
1.8027680000155923,1786138890.7035997,0.010567000019364059,0.008930600015446544,0.010567000019364059,TELEOP,0,,0.0,1.8027680000155923,335,-0.00622662519737095,0.024163850239325695,0.0,0.02017315151882749,0.021950732958019175,0.04169843143261786,0.9986853609102636,-0.004936709191903239,0.021430166405544408,0.0,0.01797234692017192,0.01939709421966077,0.03702713460599132,0.9989643330894674,-0.017481010528329455,-0.21875154196744329,0.2785688882483986,-0.12158083246046886,0.012035142428618573,0.01709361283813996,0.9923613580370217,-0.01742809805758644,-0.21886226571977394,0.2785985566184861,-0.12169618205191508,0.011870652343261205,0.01686833121151719,0.9923530552626274,-0.017428094465301948,-0.21886226700887162,0.27859855662348737,-0.12169618209712113,0.011870652346370435,0.016868330969049782,0.9923530552611679,-0.017149207700442686,-0.21943956026548875,0.2787475433675552,-0.12246453738108425,0.010728862717221857,0.015262743755707724,0.9922975245569645,-0.017149207700442686,-0.21943956026548875,0.2787475433675552,-0.12246453738108425,0.010728862717221857,0.015262743755707724,0.9922975245569645,-0.04076335747600546,-0.5692260541968704,0.8079226467165206,-0.16238269544457556,0.4884121710115239,-0.13406716094149929,-0.034995532282763385,-0.565044673371841,0.8059746136221563,-0.14223266949335756,0.49086144119341274,-0.11657791935570676,-0.034995532282763385,-0.565044673371841,0.8059746136221563,-0.14223266949335756,0.49086144119341274,-0.11657791935570676,-0.07725078026450048,-0.06151213295056763,0.029019083570078867,-0.276796145963409,-0.0394610503677502,-0.2379747075694798,-0.07274490673483593,0.016129056241493203,-0.012034791564108794,-0.16765067658034497,0.05232182960769518,-0.17389852807713593,0.5,0.0,0.0,0.5,True,False,True,False,1,True,True,0.005060600000433624,4,3.81658299117672e-09,4.933389396612915e-10,`gtol` termination condition is satisfied.,True,True,0.0,0.010567000019364059,True,0.02015002595121801,0.020054327980852715,False,False,False,False,False,False,1.0,False,False,False,0.0006582115022218922,0.004230862336318932,0.0006582141560449922,0.004230862733938269
1.8119394000019637,1786138890.7122602,0.009171399986371398,0.008421199978329241,0.009171399986371398,TELEOP,0,,0.0,1.8119394000019637,336,-0.006366596868678931,0.024415694362020936,0.0,0.020373525623060735,0.02218833075947115,0.04212769782240541,0.9986580268079654,-0.005060869974563791,0.021689430441963947,0.0,0.018181001522245544,0.019639641224303978,0.037470355114183486,0.9989392915306945,-0.017518258736161918,-0.21867641301154864,0.2785487574846953,-0.12147649707761644,0.012184419318005398,0.017297658973001867,0.9923687780143472,-0.017464683639596423,-0.21878685003295806,0.2785783490255297,-0.12159111884593507,0.012020717455423947,0.01707366552641367,0.9923606159633417,-0.01746468049915326,-0.21878685116297847,0.27857834904021456,-0.12159111888477027,0.01202071745815934,0.017073665314556466,0.9923606159621952,-0.017182388351154695,-0.21936268117105795,0.2787269279825827,-0.1223563847168289,0.010881101001588242,0.015472624551717488,0.9923059581850259,-0.017182388351154695,-0.21936268117105795,0.2787269279825827,-0.1223563847168289,0.010881101001588242,0.015472624551717488,0.9923059581850259,-0.04151816727027586,-0.5697719970868926,0.8081772551398242,-0.1650160631213725,0.4880957919410925,-0.13635289154285568,-0.035708532485758684,-0.5656062806644918,0.8062391967486128,-0.14477968520321524,0.4905046700772423,-0.11877016684673491,-0.035708532485758684,-0.5656062806644918,0.8062391967486128,-0.14477968520321524,0.4905046700772423,-0.11877016684673491,-0.07774169745674672,-0.061234630861729554,0.02884871740951481,-0.277712858848433,-0.03890039870691259,-0.23903084526744156,-0.05352696349256794,0.03025733140528614,-0.01857580749037432,-0.0999534298347246,0.06113043392183739,-0.1151555596235216,0.5,0.0,0.0,0.5,True,False,True,False,1,True,True,0.004906899994239211,4,3.337595696041038e-09,4.3081524749048633e-10,`gtol` termination condition is satisfied.,True,True,0.0,0.009171399986371398,True,0.020236377918157272,0.02015002595121801,False,False,False,False,False,False,1.0,False,False,False,0.0006582892655525329,0.0042193260643814765,0.0006582916040485192,0.004219326411220677
1.820625100015266,1786138890.721262,0.008685700013302267,0.008735799987334758,0.008685700013302267,TELEOP,0,,0.0,1.820625100015266,337,-0.006500491849093093,0.02465345392899712,0.0,0.02056250192208075,0.022412802307194682,0.04253285024201783,0.9986319674723683,-0.005179802934158223,0.021934321942542134,0.0,0.018377892649506455,0.019868910724772287,0.03788889638962709,0.9989153672753015,-0.017553938598569418,-0.2186054488969829,0.27852974268791797,-0.12137803241024771,0.012325499808699925,0.01749033217156015,0.9923757068687298,-0.017499736179831114,-0.21871560950256566,0.27855926016341603,-0.121491958345502,0.012162556184072366,0.017267572667555717,0.9923676774354427,-0.01749973318729777,-0.21871561057842745,0.2785592601794361,-0.12149195838224526,0.012162556186690513,0.017267572465779247,0.9923676774344232,-0.017214149483831744,-0.21929015291276738,0.2787074672040597,-0.12225435901334682,0.011024818872084584,0.015670510704403413,0.9923138415669392,-0.017214149483831744,-0.21929015291276738,0.2787074672040597,-0.12225435901334682,0.011024818872084584,0.015670510704403413,0.9923138415669392,-0.04223797470778497,-0.570287093896706,0.8084171499102505,-0.1675201120513495,0.48780106595336387,-0.13852860081329368,-0.036387428994978765,-0.5661355770804964,0.8064882363080609,-0.14719798545383142,0.4901716073144151,-0.12085381365354697,-0.036387428994978765,-0.5661355770804964,0.8064882363080609,-0.14719798545383142,0.4901716073144151,-0.12085381365354697,-0.0781625554854926,-0.06093883224080535,0.028672364814202673,-0.27842318372871666,-0.03834610478338875,-0.2398939410319175,-0.04845412898227264,0.034055818238159626,-0.0203037861130424,-0.08178095941556648,0.06381683948040208,-0.09936974143178803,0.5,0.0,0.0,0.5,True,False,True,False,1,True,True,0.0049233000027015805,4,3.180092929103248e-09,4.102277691844029e-10,`gtol` termination condition is satisfied.,True,True,0.0,0.008685700013302267,True,0.020322126597518086,0.020236377918157272,False,False,False,False,False,False,1.0,False,False,False,0.0006585000135018402,0.004209136312570606,0.0006585022536289515,0.0042091366426515895
1.8302271999924669,1786138890.7299392,0.00960209997720085,0.007811599993146956,0.00960209997720085,TELEOP,0,,0.0,1.8302271999924669,340,-0.006650021278473312,0.024915443902190127,0.0,0.020770521233055714,0.02266033159349571,0.04297917180663058,0.9986029669546332,-0.005312918358240934,0.02220425972367855,0.0,0.018594683386030892,0.02012183258057525,0.03835011291590601,0.9988886917183065,-0.01759387319771837,-0.21852722692674725,0.278508783152463,-0.12126960300149145,0.01248110472321367,0.017702636750303657,0.992383253619707,-0.017538979704462426,-0.21863707720549316,0.27853821747620217,-0.12138275403151522,0.012319011322553142,0.017481254451788407,0.9923753698709734,-0.01753897637846388,-0.2186370783904291,0.27853821747794094,-0.12138275407292579,0.012319011325467033,0.017481254227656097,0.9923753698698203,-0.01724973600337986,-0.21921019012114723,0.2786860168997032,-0.12214202224526487,0.011183364795853473,0.015888639625359944,0.9923224324202974,-0.01724973600337986,-0.21921019012114723,0.2786860168997032,-0.12214202224526487,0.011183364795853473,0.015888639625359944,0.9923224324202974,-0.04303967657060506,-0.5708541795019378,0.8086808905530777,-0.1703001328730357,0.48748102699490553,-0.1409467220333425,-0.03714370528387326,-0.5667184631942206,0.806762094241239,-0.1498833653339044,0.4898088369146732,-0.12317028499919641,-0.03714370528387326,-0.5667184631942206,0.806762094241239,-0.1498833653339044,0.4898088369146732,-0.12317028499919641,-0.07876155119090494,-0.06070402465170155,0.028520629219481605,-0.2796658945906754,-0.03778031895140665,-0.24124632644417962,-0.06238174012295136,0.024453774659848482,-0.015802334393658295,-0.12942073764170905,0.05892313486898695,-0.14084267144408127,0.5,0.0,0.0,0.5,True,False,True,False,1,True,True,0.004389000008814037,4,3.5307708086122965e-09,4.5589449541812954e-10,`gtol` termination condition is satisfied.,True,True,0.0,0.00960209997720085,True,0.020416767539131297,0.020322126597518086,False,False,False,False,False,False,1.0,False,False,False,0.0006587577092822052,0.0041978120301221925,0.0006587602009021786,0.004197812397123191
1.8403456000011174,1786138890.7418134,0.010118400008650497,0.009564299980411306,0.010118400008650497,TELEOP,0,,0.0,1.8403456000011174,341,-0.006809298169195188,0.025190539401976176,0.0,0.020988702560385843,0.022920447673863132,0.043447683502467103,0.9985721938055009,-0.005454995843461311,0.02248782334370757,0.0,0.018822155463797518,0.02038774532064423,0.03883446571952378,0.9988603258597852,-0.017636496413791416,-0.2184450564910079,0.27848676562764896,-0.12115581654457859,0.01264466914182334,0.017925576111612038,0.9923910792529209,-0.017580878042608057,-0.21855457494632313,0.27851611103963625,-0.12126814573102128,0.012483483789680684,0.017705657751822368,0.9923833478787358,-0.01758087451666421,-0.21855457619432256,0.27851611103059587,-0.12126814577522868,0.01248348379277803,0.01770565751435812,0.9923833478775315,-0.017287800375183054,-0.21912609979514278,0.27866346212368537,-0.12202402971210052,0.011350204949182936,0.016117964233689174,0.9923313560748716,-0.017287800375183054,-0.21912609979514278,0.27866346212368537,-0.12202402971210052,0.011350204949182936,0.016117964233689174,0.9923313560748716,-0.043891098529324386,-0.5714490972873789,0.8089571618919115,-0.1732427002793867,0.48715035518229527,-0.14350915460293912,-0.03794778841613999,-0.5673306801448471,0.8070492922964503,-0.1527289109677849,0.4894323826130817,-0.12562793552698212,-0.03794778841613999,-0.5673306801448471,0.8070492922964503,-0.1527289109677849,0.4894323826130817,-0.12562793552698212,-0.07946741891794099,-0.06050531211486777,0.028383741991397694,-0.28122486079298714,-0.03720492382883032,-0.24288924392044156,-0.06976080471542706,0.01963873109028097,-0.013528544825948917,-0.15407240284816826,0.0568662162085321,-0.1623692950325519,0.5,0.0,0.0,0.5,True,False,True,False,1,True,True,0.005489700008183718,4,3.740302701709581e-09,4.83133959559729e-10,`gtol` termination condition is satisfied.,True,True,0.0,0.010118400008650497,True,0.020513789311601804,0.020416767539131297,False,False,False,False,False,False,1.0,False,False,False,0.0006589719442693252,0.004185286686701442,0.0006589745927818823,0.0041852870756724685
1.8502457000064423,1786138890.7522042,0.00990010000532493,0.010058300016680732,0.00990010000532493,TELEOP,0,,0.0,1.8502457000064423,342,-0.0069668283990286855,0.025458714460108858,0.0,0.02120115467876279,0.023174221701091083,0.04390427451917798,0.9985418775233118,-0.005595732041425796,0.022764406008621813,0.0,0.019043777728885665,0.02064732450294198,0.039306755693418675,0.9988323189993108,-0.017678717244413774,-0.21836490898074254,0.27846529014453003,-0.12104494177556208,0.012804306640878683,0.018142948914459348,0.9923986120539894,-0.017622392138833112,-0.2184740978880437,0.27849454725445866,-0.1211564613665139,0.012644021670818578,0.017924475725531065,0.9923910286550848,-0.017622388666891198,-0.21847409911342738,0.27849454724312095,-0.12115646140995846,0.012644021673880916,0.017924475491837996,0.9923910286539628,-0.01732556841377537,-0.21904402282619276,0.27864144109245254,-0.12190893635712759,0.011513164014286226,0.01634169234904587,0.9923399656276186,-0.01732556841377537,-0.21904402282619276,0.27864144109245254,-0.12190893635712759,0.011513164014286226,0.01634169234904587,0.9923399656276186,-0.044730507068347546,-0.5720285827723577,0.8092258593199593,-0.1761343606734897,0.486833320295584,-0.14603007782912078,-0.03874103739794327,-0.5679275061454941,0.8073288526030928,-0.15552696240643588,0.4890698287427638,-0.12804743362982457,-0.03874103739794327,-0.5679275061454941,0.8073288526030928,-0.15552696240643588,0.4890698287427638,-0.12804743362982457,-0.08012535038803853,-0.06028484564055313,0.028238129563556633,-0.2826286034631978,-0.03662123313127177,-0.24439127903163413,-0.06645705293316875,0.022269115887319727,-0.014708177469191378,-0.14179075660403495,0.05895806075136645,-0.151719185703646,0.5,0.0,0.0,0.5,True,False,True,False,1,True,True,0.005313200003001839,4,3.681857462345938e-09,4.754388255909757e-10,`gtol` termination condition is satisfied.,True,True,0.0,0.00990010000532493,True,0.020607398267053822,0.020513789311601804,False,False,False,False,False,False,1.0,False,False,False,0.0006591609090377426,0.0041727061152700634,0.0006591635294234144,0.004172706497919511
1.8607488000049015,1786138890.761649,0.01050309999845922,0.008997900004033,0.01050309999845922,TELEOP,0,,0.0,1.8607488000049015,343,-0.007135773737454882,0.025742146509437347,0.0,0.021425435281820913,0.02344264946359819,0.044386697203569615,0.9985094962094603,-0.005746968842608223,0.023056852979776988,0.0,0.01927783341025577,0.020922030076653112,0.03980598099722258,0.9988023416438945,-0.01772408825435149,-0.2182801643468428,0.2784425828644263,-0.1209278310609154,0.012973211914935692,0.01837270277014108,0.9924064687618844,-0.01766701700467724,-0.2183889986862241,0.2784717449682352,-0.12103848672367315,0.012813894312022955,0.01815577517568688,0.9923990410474879,-0.017667013299205808,-0.2183889999853966,0.27847174494409876,-0.12103848677039625,0.012813894315300148,0.018155774926428628,0.992399041046307,-0.017366271832850316,-0.21895709078894962,0.2786181229036996,-0.12178720598112126,0.011685877866319094,0.01657859716049423,0.9923489642429197,-0.017366271832850316,-0.21895709078894962,0.2786181229036996,-0.12178720598112126,0.011685877866319094,0.01657859716049423,0.9923489642429197,-0.04562808777799047,-0.5726404278805918,0.8095091266123451,-0.17921579673726862,0.4865041971621009,-0.14871954905445572,-0.039590824273715006,-0.5685587901778707,0.80762408265443,-0.15851402950448892,0.48869146759704146,-0.1306336188316474,-0.039590824273715006,-0.5685587901778707,0.80762408265443,-0.15851402950448892,0.48869146759704146,-0.1306336188316474,-0.08090819623695887,-0.0601045436555984,0.028108848947490904,-0.2843986155031607,-0.036023759249918054,-0.24623065592084414,-0.07453474203189345,0.01716654939790934,-0.012308805598794208,-0.1685228209026432,0.05688547966232462,-0.17512704720319092,0.5,0.0,0.0,0.5,True,False,True,False,1,True,True,0.0047110999876167625,4,3.92669711997159e-09,5.072469132688466e-10,`gtol` termination condition is satisfied.,True,True,0.0,0.01050309999845922,True,0.020701767232779694,0.020607398267053822,False,False,False,False,False,False,1.0,False,False,False,0.000659241304625302,0.004158365310857972,0.0006592441092244397,0.0041583657191624395
1.870246600002818,1786138890.7707188,0.009497799997916445,0.008570700010750443,0.009497799997916445,TELEOP,0,,0.0,1.870246600002818,344,-0.007290156039804785,0.025997485049438464,0.0,0.021627257929208686,0.023684660816242646,0.04482117509544876,0.99848002524815,-0.005885309864600674,0.02332049103356708,0.0,0.01948860423557757,0.021169867588727118,0.04025590038563752,0.998774996430811,-0.017765590533528587,-0.21820376789687043,0.2784221124757095,-0.12082235724645189,0.013125569045170966,0.018579752317208716,0.992413457300173,-0.01770784584158567,-0.21831227669222564,0.2784511873503199,-0.12093222596489747,0.01296713778762161,0.018364235255931886,0.992406169329996,-0.01770784246857733,-0.21831227787619056,0.27845118733438745,-0.12093222600695891,0.01296713779062077,0.018364235029159324,0.9924061693290277,-0.017403532628262056,-0.21887872568127414,0.2785970868000254,-0.12167746718195475,0.011841683107240208,0.01679200942834029,0.9923569906745912,-0.017403532628262056,-0.21887872568127414,0.2785970868000254,-0.12167746718195475,0.011841683107240208,0.01679200942834029,0.9923569906745912,-0.046445615273086105,-0.5731912395198228,0.8097637538028045,-0.18201380271486092,0.4862128414342001,-0.15116424643066936,-0.04036466034905351,-0.5691271715968971,0.8078895180031789,-0.16122573212271346,0.4883550053045824,-0.13298399788996088,-0.04036466034905351,-0.5691271715968971,0.8078895180031789,-0.16122573212271346,0.4883550053045824,-0.13298399788996088,-0.08147529696437755,-0.05984348155900268,0.027947034977269122,-0.2855084986859481,-0.03542528717522508,-0.24746562981207187,-0.05970864068974829,0.027486586014970494,-0.017036994910113717,-0.11685687033111611,0.06301165268001703,-0.13002736333663015,0.5,0.0,0.0,0.5,True,False,True,False,1,True,True,0.004331500007538125,4,3.5748023771877406e-09,4.613237171609299e-10,`gtol` termination condition is satisfied.,True,True,0.0,0.009497799997916445,True,0.020788070592147462,0.020701767232779694,False,False,False,False,False,False,1.0,False,False,False,0.0006593589681426541,0.004145525815329565,0.0006593615384762641,0.004145526186386027
1.8806241000053232,1786138890.7816138,0.010377500002505258,0.009085600002435967,0.010377500002505258,TELEOP,0,,0.0,1.8806241000053232,347,-0.0074605761122814645,0.026275414655167702,0.0,0.02184669155413316,0.023948288457990245,0.04529395575888216,0.9984476246252398,-0.006038335911382391,0.0236075636593719,0.0,0.01971784144061173,0.021439963712366554,0.04074566350083234,0.9987448751261817,-0.01781149831770507,-0.21812058062843467,0.27839982249061723,-0.12070762752197194,0.013291576179812642,0.018805122252089253,0.9924209641264926,-0.01775302116173616,-0.21822872894327103,0.2784288007748281,-0.12081663168942564,0.01313412498644638,0.018591158138067113,0.992413827547333,-0.01775301745629231,-0.2182287302338743,0.2784288007419321,-0.12081663173616446,0.013134124989747982,0.01859115788909534,0.9924138275462633,-0.017444853358009882,-0.21879327394518147,0.2785741574934076,-0.12155799668871618,0.012011684837703625,0.017024683503919797,0.9923656246666231,-0.017444853358009882,-0.21879327394518147,0.2785741574934076,-0.12155799668871618,0.012011684837703625,0.017024683503919797,0.9923656246666231,-0.04734565680934973,-0.5737901376711665,0.8100402009671479,-0.18508380678555245,0.4859016381603347,-0.1538495699866911,-0.041217960663935335,-0.5697461021616357,0.8081781067242595,-0.1642057162236141,0.4879937846650119,-0.13557004906437387,-0.041217960663935335,-0.5697461021616357,0.8081781067242595,-0.1642057162236141,0.4879937846650119,-0.13557004906437387,-0.08222599996876157,-0.059641586566055005,0.02780907935543266,-0.2871581884058053,-0.034808059694850874,-0.24919789677558943,-0.07233948486656504,0.019455070382937492,-0.013293724095703001,-0.1589679324942403,0.05947747340160894,-0.1669252674632006,0.5,0.0,0.0,0.5,True,False,True,False,1,True,True,0.0055893000098876655,4,3.923907881728212e-09,5.066892843777225e-10,`gtol` termination condition is satisfied.,True,True,0.0,0.010377500002505258,True,0.020878090561938345,0.020788070592147462,False,False,False,False,False,False,1.0,False,False,False,0.0006593961621409473,0.0041306953027943375,0.0006593989915610493,0.004130695710478193
1.890501700013945,1786138890.7901921,0.009877600008621812,0.007787899987306446,0.009877600008621812,TELEOP,0,,0.0,1.890501700013945,349,-0.007624466884895137,0.02653891846346891,0.0,0.022054499302132206,0.02419842912533547,0.04574206424897703,0.9984165957387933,-0.00618568471255972,0.023879902536523133,0.0,0.01993507003478784,0.02169640290735519,0.04121015417659529,0.9987159667674945,-0.01785570292973267,-0.21804166287279733,0.27837867651913023,-0.12059889351923592,0.013449159625933418,0.019018849251019286,0.9924279874935306,-0.017796530622680468,-0.21814946322700915,0.2784075615676329,-0.12070706961965626,0.013292652698474992,0.018806375434725003,0.9924209938181888,-0.01779652707377473,-0.2181494644616621,0.2784075615366164,-0.12070706966421181,0.013292652701651248,0.01880637519640428,0.9924209938172431,-0.017484697133828945,-0.21871216811556088,0.27855238521933057,-0.12144465225154896,0.012173152312993159,0.017245406565600637,0.9923737233293978,-0.017484697133828945,-0.21871216811556088,0.27855238521933057,-0.12144465225154896,0.012173152312993159,0.017245406565600637,0.9923737233293978,-0.0482085802325755,-0.5743574639345239,0.8103016802040324,-0.18801783280300594,0.4856122303744579,-0.15641870270934788,-0.04203644530207366,-0.5703327792543127,0.8084512516273484,-0.16705494740502422,0.4876561096245933,-0.13804544203641742,-0.04203644530207366,-0.5703327792543127,0.8084512516273484,-0.16705494740502422,0.4876561096245933,-0.13804544203641742,-0.08286270322992435,-0.05939470034876007,0.027652962546625585,-0.2884537923101903,-0.034185939916968444,-0.2506067232812489,-0.0644593079905064,0.024994555061901014,-0.015805135728396084,-0.13116586045740786,0.06298288828656823,-0.14262842233232173,0.5,0.0,0.0,0.5,True,False,True,False,1,True,True,0.00400319998152554,4,3.757667082989323e-09,4.849451392218794e-10,`gtol` termination condition is satisfied.,True,True,0.0,0.009877600008621812,True,0.020962885397981718,0.020878090561938345,False,False,False,False,False,False,1.0,False,False,False,0.0006594294599367781,0.004116390775497056,0.0006594321848836096,0.004116391165512257
1.9009460000012295,1786138890.8025627,0.010444299987284467,0.00971189999836497,0.010444299987284467,TELEOP,0,,0.0,1.9009460000012295,351,-0.007799535667965274,0.02681642799033206,0.0,0.022273103572307693,0.024462071768175966,0.046213850611336274,0.9983835915687612,-0.006343369854167421,0.024166844459385606,0.0,0.02016367744141936,0.021966820306901245,0.04169940136339199,0.9986851580170688,-0.01790300844237054,-0.21795851347875875,0.27835639668220824,-0.12048444857853745,0.013615299627198303,0.019243952318464055,0.9924352833137041,-0.017843104392401683,-0.2180659411411022,0.27838518186828787,-0.12059174462296023,0.013459802498740478,0.019033065643242874,0.9924284393636177,-0.01784310061909944,-0.2180659424460361,0.2783851818237067,-0.12059174467068946,0.013459802502126946,0.019033065390005464,0.9924284393626287,-0.01752744400694239,-0.21862659270516868,0.27852941896951844,-0.12132523110363352,0.012343627719795188,0.01747823896952073,0.9923821513484054,-0.01752744400694239,-0.21862659270516868,0.27852941896951844,-0.12132523110363352,0.012343627719795188,0.01747823896952073,0.9923821513484054,-0.049127854892521965,-0.5749542913111756,0.8105763440329282,-0.19113290704937147,0.4853136625951069,-0.15914935680546016,-0.04290976939452469,-0.570950898475462,0.808738582146652,-0.17008471785573312,0.48730575006888505,-0.14068084197438385,-0.04290976939452469,-0.570950898475462,0.808738582146652,-0.17008471785573312,0.48730575006888505,-0.14068084197438385,-0.08361729302243931,-0.059182446109532355,0.02751074937078923,-0.2900884170693612,-0.03354552781276089,-0.2523290159393091,-0.07224895813349261,0.020322495474673144,-0.01361634346097808,-0.15650879055187916,0.061316900604849525,-0.16490264164731802,0.5,0.0,0.0,0.5,True,False,True,False,1,True,True,0.0049872000236064196,4,3.992824791318906e-09,5.154404455463309e-10,`gtol` termination condition is satisfied.,True,True,0.0,0.010444299987284467,True,0.02104818919363835,0.020962885397981718,False,False,False,False,False,False,1.0,False,False,False,0.0006593725533382503,0.004100476919851973,0.0006593754595144566,0.004100477334452683
1.9110389999910948,1786138890.8117042,0.010092999989865348,0.008764099999098107,0.010092999989865348,TELEOP,0,,0.0,1.9110389999910948,352,-0.007970442662181566,0.027083506235106126,0.0,0.02248324948168031,0.024716004225989532,0.04666776723444923,0.9983515123087643,-0.006497506294780272,0.024443167302789587,0.0,0.020383574016537738,0.022227441173683696,0.042170402490184944,0.9986551496502677,-0.017949249345814433,-0.21787844125781608,0.2783349413720951,-0.12037434963924225,0.013775390241184756,0.01946064650198969,0.9924422088012769,-0.01788864045480202,-0.21798550390776364,0.27836362875345666,-0.12048079037634234,0.013620880223619158,0.019251305305401097,0.9924355082403411,-0.017888636786485848,-0.21798550517423232,0.27836362870881515,-0.12048079042262162,0.013620880226925385,0.019251305059349126,0.9924355082394503,-0.01756929842935126,-0.2185441264165349,0.278507280357651,-0.12121021843884108,0.012508021608282958,0.017702503722642687,0.992390172111456,-0.01756929842935126,-0.2185441264165349,0.278507280357651,-0.12121021843884108,0.012508021608282958,0.017702503722642687,0.992390172111456,-0.0500226455392211,-0.5755281396475311,0.8108400334724666,-0.1941551869716974,0.48503234824195646,-0.16180148851056925,-0.0437604594554995,-0.5715457222953211,0.8090146658550553,-0.17302632289603526,0.48697370484373503,-0.1432424703628079,-0.0437604594554995,-0.5715457222953211,0.8090146658550553,-0.17302632289603526,0.48697370484373503,-0.1432424703628079,-0.08428515424839096,-0.05893429311962733,0.027353978864618055,-0.2914500191475163,-0.03289856588560656,-0.2538024760721551,-0.06617073482832296,0.024586643233350317,-0.015532597476329525,-0.1349055860024026,0.06410006220191905,-0.1459883220376039,0.5,0.0,0.0,0.5,True,False,True,False,1,True,True,0.004970200010575354,4,3.881041009462928e-09,5.007796640503083e-10,`gtol` termination condition is satisfied.,True,True,0.0,0.010092999989865348,True,0.02112886407566214,0.02104818919363835,False,False,False,False,False,False,1.0,False,False,False,0.0006592954382538582,0.0040847824573846045,0.0006592982784085589,0.004084782860054129
1.9202236999914275,1786138890.820566,0.009184700000332668,0.008440899982815608,0.009184700000332668,TELEOP,0,,0.0,1.9202236999914275,353,-0.008127438330298909,0.027325602998233712,0.0,0.022673534512797938,0.02494635400354432,0.047079110931287825,0.9983221662211785,-0.006639226334724125,0.024693809096252496,0.0,0.020582826350200357,0.022464014298782874,0.04259751313660464,0.9986276419144418,-0.017991765331728676,-0.21780581083442335,0.27831548008767676,-0.12027457439916603,0.013920684032655645,0.019657136634890243,0.9924484058571911,-0.017930515924382582,-0.21791253672418243,0.2783440772344702,-0.12038023174918445,0.013767082790306716,0.019449213368208516,0.9924418347363313,-0.017930512566214554,-0.2179125378854327,0.27834407719927284,-0.12038023179112955,0.013767082793348599,0.01944921314307366,0.9924418347356133,-0.017607780951273088,-0.21846937354834112,0.27848719831301577,-0.12110595760380895,0.01265713749097064,0.017905663675315892,0.9923973655304339,-0.017607780951273088,-0.21846937354834112,0.27848719831301577,-0.12110595760380895,0.01265713749097064,0.017905663675315892,0.9923973655304339,-0.05084226465694609,-0.5760478952231848,0.8110785290016558,-0.19691542497246606,0.484782495547835,-0.16422601987465799,-0.04453906159329809,-0.5720842141948774,0.8092642634951365,-0.17571075795340152,0.4866773499572876,-0.14558252452936027,-0.04453906159329809,-0.5720842141948774,0.8092642634951365,-0.17571075795340152,0.4866773499572876,-0.14558252452936027,-0.08477164608211339,-0.05862923117106666,0.027175372094041677,-0.29227248111196147,-0.03226614766259784,-0.2547774196726741,-0.05296763462114291,0.03321414401663827,-0.01944611915140489,-0.08954696009835922,0.06885562108569854,-0.1061486603246363,0.5,0.0,0.0,0.5,True,False,True,False,1,True,True,0.004476700007217005,4,3.5534537470385056e-09,4.5806053065948277e-10,`gtol` termination condition is satisfied.,True,True,0.0,0.009184700000332668,True,0.021204667019064538,0.02112886407566214,False,False,False,False,False,False,1.0,False,False,False,0.000659321851578128,0.004070960785652345,0.0006593244684760101,0.00407096115372594
1.9312489000072928,1786138890.8341525,0.011025200015865266,0.010999200021615252,0.011025200015865266,TELEOP,0,,0.0,1.9312489000072928,356,-0.008317735176324831,0.027615010395960593,0.0,0.022900749568783647,0.025221929706663707,0.04757069543557789,0.998286751823761,-0.0068114154278937095,0.024993500554473788,0.0,0.020820778469251344,0.02274713137084514,0.04310804469476155,0.9985943919735012,-0.01804342202850905,-0.21771896690765155,0.27829221030222523,-0.12015540444749896,0.014094527243290215,0.01989198748036332,0.992455707786462,-0.017981408850691306,-0.21782528427238174,0.2783206979851282,-0.12026011856739827,0.013942027146361093,0.019685775152165935,0.9924492904012093,-0.017981404801896618,-0.21782528565646775,0.2783206979148548,-0.12026011861909783,0.013942027150031388,0.019685774880905428,0.9924492904002736,-0.017654713054559703,-0.21837977624070273,0.2784631554624532,-0.12098132760659812,0.01283596718158321,0.018149203178183748,0.9924058457813796,-0.017654713054559703,-0.21837977624070273,0.2784631554624532,-0.12098132760659812,0.01283596718158321,0.018149203178183748,0.9924058457813796,-0.05183353042605494,-0.5766683302087008,0.8113628056504766,-0.20024181752912606,0.4844908114621523,-0.1671510427044845,-0.045483424350457304,-0.5727285957144869,0.8095624436737022,-0.1789549484030557,0.4863291067651792,-0.14841402837341755,-0.045483424350457304,-0.5727285957144869,0.8095624436737022,-0.1789549484030557,0.4863291067651792,-0.14841402837341755,-0.0856549319559078,-0.058446243032526116,0.027045330527941662,-0.29425229882322146,-0.031586111055336805,-0.25682108623723465,-0.08011517909184002,0.016597262478433485,-0.011794939403628668,-0.17957204480744185,0.061680205917576544,-0.1853632189547344,0.5,0.0,0.0,0.5,True,False,True,False,1,True,True,0.006859699991764501,4,4.279412444397227e-09,5.523384912340931e-10,`gtol` termination condition is satisfied.,True,True,0.0,0.011025200015865266,True,0.021286869126070362,0.021204667019064538,False,False,False,False,False,False,1.0,False,False,False,0.0006591520755114486,0.0040528767537226906,0.0006591552313289776,0.004052877197929447
1.9426095999875796,1786138890.8433805,0.011360699980286881,0.008870899997418746,0.011360699980286881,TELEOP,0,,0.0,1.9426095999875796,357,-0.008515915180356404,0.027911838109960008,0.0,0.023133501035056188,0.02550480937816739,0.04807472067899519,0.9982500523716896,-0.006991031174279526,0.025301048675735113,0.0,0.02106465940229992,0.023037929988891828,0.043631787136892995,0.9985598635321434,-0.01809730672043713,-0.21762984629421772,0.27826833047959837,-0.12003324734199683,0.014273049691131629,0.020132898460591457,0.9924630804138889,-0.01803451130768358,-0.21773573787387698,0.2782967040737967,-0.12013698620213431,0.014121695213883841,0.019928458904992292,0.9924568196129374,-0.018034507111409807,-0.21773573930207143,0.27829670399139084,-0.12013698625596132,0.014121695217701746,0.019928458624030643,0.9924568196120089,-0.017703873211669413,-0.21828757692652395,0.2784384211436708,-0.12085327568689916,0.013020117701003291,0.018399750065579864,0.9924144353486212,-0.017703873211669413,-0.21828757692652395,0.2784384211436708,-0.12085327568689916,0.013020117701003291,0.018399750065579864,0.9924144353486212,-0.05286291635417669,-0.577303870670998,0.8116535317969898,-0.20368356337632051,0.4841994580838049,-0.1701809529531924,-0.046467154037007165,-0.5733905607376613,0.8098682347167764,-0.18232182696579827,0.48597827737253435,-0.1513563237541494,-0.046467154037007165,-0.5733905607376613,0.8098682347167764,-0.18232182696579827,0.48597827737253435,-0.1513563237541494,-0.08659058757443054,-0.05826797858609579,0.02691656707815427,-0.2963618939488565,-0.030880966247994773,-0.25898891668975743,-0.08235897613230667,0.015691325951715414,-0.011334112335579984,-0.1856923542823588,0.06206878172697102,-0.19081838762438838,0.5,0.0,0.0,0.5,True,False,True,False,1,True,True,0.004892400000244379,4,4.433423473397957e-09,5.721965862567855e-10,`gtol` termination condition is satisfied.,True,True,0.0,0.011360699980286881,True,0.021361736410522247,0.021286869126070362,False,False,False,False,False,False,1.0,False,False,False,0.0006587315771004734,0.004032513476157644,0.0006587348620316638,0.00403251393631547
1.9517251000139622,1786138890.8524082,0.009115500026382506,0.008781899989116937,0.009115500026382506,TELEOP,0,,0.0,1.9517251000139622,358,-0.008676458027539274,0.028148976515146636,0.0,0.023319237640306037,0.02573097776170264,0.048477272035963456,0.9982204586338896,-0.007136568069444514,0.025546984806882656,0.0,0.021259482153044403,0.023270638784515716,0.04405049314498094,0.9985319553438584,-0.018140967763407144,-0.21755857946665763,0.27824923456963,-0.11993564991691147,0.014415886765519638,0.02032548433692492,0.9924688895750039,-0.018077544652917568,-0.21766412437850785,0.27827751527451716,-0.12003860067075689,0.014265462399867843,0.020122479562317403,0.9924627533302138,-0.018077541263112392,-0.2176641255406269,0.2782775152254967,-0.12003860071326006,0.014265462402973559,0.020122479335460366,0.992462753329628,-0.017743679840917684,-0.21821393444506398,0.27841863436263503,-0.12075086547090233,0.013167312108881949,0.018599670136171628,0.9924212324666785,-0.017743679840917684,-0.21821393444506398,0.27841863436263503,-0.12075086547090233,0.013167312108881949,0.018599670136171628,0.9924212324666785,-0.0536941529070512,-0.5778112808135797,0.811885301272028,-0.20645476545847208,0.4839721754797004,-0.17262287575315297,-0.047260362272205376,-0.5739185772105616,0.8101118236122575,-0.1850288185163983,0.4857028109925651,-0.1537242447248151,-0.047260362272205376,-0.5739185772105616,0.8101118236122575,-0.1850288185163983,0.4857028109925651,-0.1537242447248151,-0.08701752321896443,-0.057925124389464414,0.02672249407889297,-0.2969657772766518,-0.030219557805055527,-0.25976863187015137,-0.04683622876399864,0.03761222046394308,-0.0212904392188692,-0.06624796511957716,0.07255865734462907,-0.08553729122233941,0.5,0.0,0.0,0.5,True,False,True,False,1,True,True,0.005032899993238971,4,3.583811211546341e-09,4.6165192438185397e-10,`gtol` termination condition is satisfied.,True,True,0.0,0.009115500026382506,True,0.02142594694207378,0.021361736410522247,False,False,False,False,False,False,1.0,False,False,False,0.0006585346547410051,0.004016928353326285,0.0006585373330414885,0.004016928724104644
1.9608059000089524,1786138890.8615026,0.00908079999499023,0.008795800007646903,0.00908079999499023,TELEOP,0,,0.0,1.9608059000089524,359,-0.008837737566272647,0.02838429409615392,0.0,0.02350336297371157,0.025955561456950736,0.048876627754688276,0.998190851499707,-0.00728295339878112,0.02579115140168536,0.0,0.021452705758803016,0.023501838059197075,0.044466075760951775,0.9985039875383006,-0.01818488333681269,-0.2174878254112567,0.2782302760565973,-0.11983884205861466,0.014557773550468516,0.02051662284757528,0.9924745796997695,-0.018120835829338964,-0.2175930205656305,0.27825846304429813,-0.11994100318212872,0.014408285605396714,0.020315057972082426,0.9924685664952664,-0.018120832436474207,-0.21759302172622028,0.2782584629915629,-0.11994100322471411,0.014408285608515517,0.020315057745134608,0.99246856649472,-0.017783697696475826,-0.21814090016051613,0.27839900675175766,-0.12064935975389834,0.013313374765031624,0.018797862461319377,0.992427894816659,-0.017783697696475826,-0.21814090016051613,0.27839900675175766,-0.12064935975389834,0.013313374765031624,0.018797862461319377,0.992427894816659,-0.05452728761205839,-0.5783142771800138,0.8121147558794398,-0.20922420245065407,0.48375181445751814,-0.17506543319159543,-0.04805448752006104,-0.5744415131700813,0.8103527475364461,-0.18773115033371965,0.4854344047381191,-0.15609036315485592,-0.04805448752006104,-0.5744415131700813,0.8103527475364461,-0.18773115033371965,0.4854344047381191,-0.15609036315485592,-0.08745102284972457,-0.05758699231435936,0.02653113429670167,-0.29758741727735327,-0.02955755600763369,-0.2605627732519353,-0.04773804411497811,0.03723593464139644,-0.021073009238929467,-0.06845652376931688,0.072901263962102,-0.08745279955753305,0.5,0.0,0.0,0.5,True,False,True,False,1,True,True,0.005386500008171424,4,3.5862627979848917e-09,4.618608215960857e-10,`gtol` termination condition is satisfied.,True,True,0.0,0.00908079999499023,True,0.02149305211693442,0.02142594694207378,False,False,False,False,False,False,1.0,False,False,False,0.0006584703183970588,0.0040020673549233405,0.0006584730099472088,0.004002067725829112
1.9703968999889439,1786138890.8714855,0.009590999979991466,0.00918610001099296,0.009590999979991466,TELEOP,0,,0.0,1.9703968999889439,362,-0.00900953345371549,0.028631829356817753,0.0,0.02369684892626934,0.026191968669953894,0.04929660524811903,0.9981594486048654,-0.007439117876135236,0.026048100081318457,0.0,0.021655826595600197,0.023745322647372908,0.04490329187110265,0.9984742756856443,-0.01823173265329404,-0.21741336739142153,0.2782103250680709,-0.11973706308295322,0.014707173573388903,0.020717699287404155,0.9924804842947734,-0.018167028025534562,-0.21751818907475223,0.2782384119845559,-0.11983838675746636,0.014558683865535892,0.020517664198108736,0.9924745997955439,-0.018167024426514546,-0.21751819029963154,0.2782384119179463,-0.11983838680300621,0.01455868386885232,0.020517663957500383,0.9924745997949705,-0.017826411113858524,-0.2180640608403189,0.2783783612184911,-0.1205426998596354,0.013467133237189748,0.019006337127424132,0.9924348104444546,-0.017826411113858524,-0.2180640608403189,0.2783783612184911,-0.1205426998596354,0.013467133237189748,0.019006337127424132,0.9924348104444546,-0.05541282006182663,-0.5788427550184807,0.8123555144271054,-0.2121587224744679,0.4835257649864221,-0.1776559940937133,-0.048898436912535266,-0.5749908732314691,0.8106054868525067,-0.19059423083318622,0.4851574718058334,-0.15859977803126693,-0.048898436912535266,-0.5749908732314691,0.8106054868525067,-0.19059423083318622,0.4851574718058334,-0.15859977803126693,-0.08799388950420722,-0.057278705300164545,0.026351716879129045,-0.2985174127243739,-0.028874250116088723,-0.26164267351121934,-0.05660167402931557,0.03214336511708476,-0.018706852043261873,-0.09696543102499858,0.07124448889276055,-0.1125951685472748,0.5,0.0,0.0,0.5,True,False,True,False,1,True,True,0.004609900002833456,4,3.802329711819655e-09,4.898064313344459e-10,`gtol` termination condition is satisfied.,True,True,0.0,0.009590999979991466,True,0.021564491641281686,0.02149305211693442,False,False,False,False,False,False,1.0,False,False,False,0.0006584663109619157,0.003986594014189194,0.0006584691739494247,0.003986594407622999
1.9804286000068059,1786138890.8811126,0.010031700017862022,0.008780399977695197,0.010031700017862022,TELEOP,0,,0.0,1.9804286000068059,363,-0.00919081588333705,0.028889626022714526,0.0,0.023898138480408566,0.0264383536091959,0.04973386952375492,0.9981264622570631,-0.007604148537166153,0.026315822746829143,0.0,0.02186722800721078,0.02399921364623227,0.045358707978464224,0.9984430127424236,-0.018281241823757847,-0.21733578730959663,0.27818953752449826,-0.11963112129434113,0.01486293053502316,0.020927133077524057,0.99248654560902,-0.018215853133276286,-0.2174402143818995,0.27821751870532646,-0.11973156623571536,0.014715493798715389,0.02072870610820345,0.9924807942887773,-0.018215849351721804,-0.21744021566313257,0.27821751862538774,-0.1197315662838882,0.01471549380221002,0.020728705855532846,0.9924807942881912,-0.017871613485974484,-0.21798396010876436,0.27835684551259693,-0.12043166734796978,0.013627511294392582,0.01922361706356021,0.9924419161758046,-0.017871613485974484,-0.21798396010876436,0.27835684551259693,-0.12043166734796978,0.013627511294392582,0.01922361706356021,0.9924419161758046,-0.05634512829526054,-0.5793924451964771,0.8126055891928987,-0.21523827803164688,0.48329672654461736,-0.18037720774506638,-0.04978756780666779,-0.5755626342693768,0.8108681406049761,-0.1936008601095358,0.48487487722727646,-0.1612378017825192,-0.04978756780666779,-0.5755626342693768,0.8108681406049761,-0.1936008601095358,0.48487487722727646,-0.1612378017825192,-0.088632125417365,-0.056995428181628595,0.026182377064890374,-0.2997128374050383,-0.02817015840323749,-0.2629687636746621,-0.06362190974823367,0.028238196719555103,-0.016880470302855013,-0.11916471570480591,0.07018667938610187,-0.13218997389092269,0.5,0.0,0.0,0.5,True,False,True,False,1,True,True,0.00462999998126179,4,3.993507564761868e-09,5.144924132863397e-10,`gtol` termination condition is satisfied.,True,True,0.0,0.010031700017862022,True,0.021637417922111074,0.021564491641281686,False,False,False,False,False,False,1.0,False,False,False,0.0006584590609306216,0.003970215364763458,0.0006584620790010949,0.003970215778079596
1.9903503000019809,1786138890.8913724,0.009921699995175004,0.009120200003962964,0.009921699995175004,TELEOP,0,,0.0,1.9903503000019809,366,-0.009371705270767977,0.02914346697623084,0.0,0.024096122666237688,0.026681134833317806,0.05016430135622874,0.9980937014057856,-0.0077690177655447695,0.02657958857368279,0.0,0.02207527505251573,0.02424954313654447,0.04580726373877735,0.9984119072195557,-0.018330702564837504,-0.21725935383152728,0.27816905721269763,-0.1195268469210297,0.015016475216254986,0.02113339966125509,0.9924924270521938,-0.01826464010171224,-0.2173633865052407,0.27819693271478996,-0.11962641976797851,0.014870088780263312,0.02093657144215441,0.9924868060228359,-0.01826463634317803,-0.21736338777636227,0.2781969326317252,-0.1196264198158848,0.014870088783749763,0.02093657119115767,0.9924868060223041,-0.017916825079922725,-0.21790501820470354,0.27833564015683754,-0.12032234069406689,0.0137856648983004,0.019437681261248983,0.9924488230233329,-0.017916825079922725,-0.21790501820470354,0.27833564015683754,-0.12032234069406689,0.0137856648983004,0.019437681261248983,0.9924488230233329,-0.05727317489892552,-0.5799330586153992,0.8128511894035197,-0.21829398776056722,0.4830776153711646,-0.1830799156708015,-0.05067302533682855,-0.5761252155201194,0.8111261986474493,-0.19658553550486146,0.4846024006221001,-0.1638592749307873,-0.05067302533682855,-0.5761252155201194,0.8111261986474493,-0.19658553550486146,0.4846024006221001,-0.1638592749307873,-0.08924453779003215,-0.056702102564702095,0.026009458318495136,-0.3008229836396098,-0.027462693420367904,-0.26421612723050847,-0.06172454044820752,0.02956404820435481,-0.01742833853869102,-0.11189072791067817,0.07130481502299323,-0.12572074911083378,0.5,0.0,0.0,0.5,True,False,True,False,1,True,True,0.0049510999815538526,4,3.968529857666074e-09,5.111039576832252e-10,`gtol` termination condition is satisfied.,True,True,0.0,0.009921699995175004,True,0.02170845225570575,0.021637417922111074,False,False,False,False,False,False,1.0,False,False,False,0.000658464861078546,0.003953932743574911,0.0006584678744819857,0.0039539331540980015
2.0002181999949498,1786138890.9001703,0.009867899992968887,0.008049800002481788,0.009867899992968887,TELEOP,0,,0.0,2.0002181999949498,368,-0.00955317990286127,0.029394808113503552,0.0,0.024291945080810364,0.026921697909039772,0.05059037393598617,0.9980609889435126,-0.007934617380856037,0.02684090348079017,0.0,0.022281163026715223,0.024497733798879852,0.046251524218600785,0.9983807927441074,-0.018380382422251876,-0.21718363057536572,0.2781487672043763,-0.11942364134835508,0.015168681191028056,0.021337679018390322,0.9924981654653738,-0.018313652474245923,-0.2172872668580875,0.2781765364938687,-0.11952234386676083,0.015023348104950107,0.021142449034775926,0.9924926726062643,-0.01831364871832894,-0.21728726812584848,0.27817653640669665,-0.11952234391469234,0.015023348108446903,0.02114244878408839,0.9924926726057793,-0.017962286373574856,-0.217826790205037,0.2783146264878243,-0.1202141062669702,0.013942481352859259,0.01964974260941717,0.9924555725489895,-0.017962286373574856,-0.217826790205037,0.2783146264878243,-0.1202141062669702,0.013942481352859259,0.01964974260941717,0.9924555725489895,-0.05820204624189646,-0.5804676963984837,0.8130937391574898,-0.2213427120795621,0.4828670715450861,-0.18577896075373238,-0.05155960707887937,-0.5766817992615784,0.8113811348069272,-0.19956454526951903,0.4843384260287582,-0.16647843733335468,-0.05155960707887937,-0.5766817992615784,0.8113811348069272,-0.19956454526951903,0.4843384260287582,-0.16647843733335468,-0.08984502707592601,-0.056403463944251324,0.02583489492795435,-0.30188892943586654,-0.02675083792194358,-0.2654224712890872,-0.06085279404145962,0.03026364481435312,-0.017690024287352446,-0.1080215443018527,0.07213849947116778,-0.1222493194538106,0.5,0.0,0.0,0.5,True,False,True,False,1,True,True,0.004275600018445402,4,3.965063587804608e-09,5.105061687951064e-10,`gtol` termination condition is satisfied.,True,True,0.0,0.009867899992968887,True,0.021778166810043076,0.02170845225570575,False,False,False,False,False,False,1.0,False,False,False,0.0006584895152915054,0.003937693480024946,0.0006584925398476801,0.003937693890009863
2.010117899997229,1786138890.911116,0.009899700002279133,0.009090600011404604,0.009899700002279133,TELEOP,0,,0.0,2.010117899997229,369,-0.009736801729621481,0.029645823736914247,0.0,0.02448730316188757,0.027162120807718095,0.051015774962781216,0.9980280466409908,-0.008102378776899063,0.02710202316803464,0.0,0.022486671524915777,0.024745925809776175,0.04669532556792004,0.9983494054336155,-0.018430710813906077,-0.21710796388938566,0.2781284923538836,-0.1193206127004281,0.015320861274598571,0.021541735244683693,0.9925038116991022,-0.018363313935439322,-0.2172111983998478,0.2781561539888685,-0.11941843929757517,0.015176593485620955,0.02134811649420286,0.9924984459877273,-0.018363310150149654,-0.21721119967465702,0.2781561538958802,-0.11941843934598925,0.01517659348915761,0.02134811624169045,0.9924984459872793,-0.018008394674099613,-0.21774859524317386,0.2782936230881361,-0.12010603187817262,0.014099323344605855,0.019861654114282805,0.9924622234037668,-0.018008394674099613,-0.21774859524317386,0.2782936230881361,-0.12010603187817262,0.014099323344605855,0.019861654114282805,0.9924622234037668,-0.059139765238202455,-0.5810009668318908,0.8133353368151689,-0.22441066951810473,0.482663311763942,-0.18849754214739223,-0.052455057156310304,-0.5772372195212966,0.8116351684168424,-0.20256379788485243,0.48408072064276,-0.1691180656863118,-0.052455057156310304,-0.5772372195212966,0.8116351684168424,-0.20256379788485243,0.48408072064276,-0.1691180656863118,-0.09045224372706068,-0.0561047566684185,0.025660738189715628,-0.3029639902868678,-0.02603163590198609,-0.2666372064152858,-0.06133687394515707,0.030173366441817086,-0.01759212281166357,-0.10859529589318448,0.07264887014676318,-0.12270423607977643,0.5,0.0,0.0,0.5,True,False,True,False,1,True,True,0.004901800013612956,4,3.995272615155659e-09,5.142728855755649e-10,`gtol` termination condition is satisfied.,True,True,0.0,0.009899700002279133,True,0.0218468716332523,0.021778166810043076,False,False,False,False,False,False,1.0,False,False,False,0.0006585262113392671,0.00392131478864185,0.0006585292723487654,0.00392131520161136
2.0201307999883538,1786138890.9213226,0.010012899991124868,0.009285899985115975,0.010012899991124868,TELEOP,0,,0.0,2.0201307999883538,371,-0.009924107804647858,0.029898542853231375,0.0,0.02468377413514646,0.027404348140239173,0.051443941848907916,0.9979946061199428,-0.008273716429541623,0.027365057559276425,0.0,0.022693457929502163,0.024996126970998612,0.04714225194936448,0.9983174889206311,-0.018482112082340997,-0.217031742364508,0.27810806883446065,-0.11921692992201141,0.015474246233415073,0.021747216178742947,0.9925094104903757,-0.01841404355642229,-0.2171345664245744,0.27813562048963775,-0.11931386803367225,0.015331064286743263,0.021555234550955687,0.9925041718935657,-0.01841403971080137,-0.21713456771643258,0.27813562038903694,-0.11931386808301375,0.015331064290348782,0.021555234294557628,0.9925041718931469,-0.018055550830018113,-0.21766978608936022,0.27827245772711223,-0.11999723671702778,0.014257489281775315,0.02007517575208735,0.9924688279730405,-0.018055550830018113,-0.21766978608936022,0.27827245772711223,-0.11999723671702778,0.014257489281775315,0.02007517575208735,0.9924688279730405,-0.060094153116969216,-0.5815371470222936,0.8135779195220028,-0.22752308721755957,0.4824648923915095,-0.19125806446338678,-0.053367058249483845,-0.5777960386583036,0.8118903819437288,-0.20560865905971198,0.4838273795303912,-0.17180055097565705,-0.053367058249483845,-0.5777960386583036,0.8118903819437288,-0.20560865905971198,0.4838273795303912,-0.17180055097565705,-0.09108261282764361,-0.05580991895479184,0.02548847258163024,-0.30409383670649026,-0.025301472359993585,-0.2679029343869334,-0.06295569726469645,0.029445786324440882,-0.01720436719013273,-0.11283907964964174,0.07292228451694321,-0.12640972872689296,0.5,0.0,0.0,0.5,True,False,True,False,1,True,True,0.004199199989670888,4,4.05805598134426e-09,5.222555793559568e-10,`gtol` termination condition is satisfied.,True,True,0.0,0.010012899991124868,True,0.021914428157847582,0.0218468716332523,False,False,False,False,False,False,1.0,False,False,False,0.0006585570905062599,0.003904551027386654,0.0006585602129021977,0.003904551446740231
2.0301862000120563,1786138890.9291368,0.010055400023702532,0.007047199993394315,0.010055400023702532,TELEOP,0,,0.0,2.0301862000120563,373,-0.010113805220376932,0.030151143693100093,0.0,0.024879939548274436,0.027646635208870764,0.05187178674176371,0.9979609060027947,-0.008447446242177517,0.027628117722107944,0.0,0.0229000353626267,0.02524654166507937,0.04758909262167785,0.9982852692381018,-0.018534230998771235,-0.21695551337138935,0.2780876433137984,-0.11911333837279592,0.01562773513093792,0.021952645613403706,0.9925149207276117,-0.018465490891111897,-0.21705792112641037,0.27811508342041796,-0.11920938177490936,0.015485651895841557,0.021762315354363456,0.9925098082702367,-0.018465487012035344,-0.2170579224267559,0.27811508331356766,-0.11920938182480259,0.015485651899491639,0.021762315095874615,0.9925098082698549,-0.01810343375957747,-0.21759092342018044,0.2782512802669216,-0.11988849046215588,0.014415855115455286,0.02028878492717577,0.9924753388282123,-0.01810343375957747,-0.21759092342018044,0.2782512802669216,-0.11988849046215588,0.014415855115455286,0.02028878492717577,0.9924753388282123,-0.061058557558346965,-0.5820723561138376,0.8138197304586736,-0.23065796575399028,0.4822734381653862,-0.1940410566894489,-0.054289327058164256,-0.5783542520599168,0.8121449451618361,-0.2086778476615336,0.483580391236049,-0.17450719170181778,-0.054289327058164256,-0.5783542520599168,0.8121449451618361,-0.2086778476615336,0.483580391236049,-0.17450719170181778,-0.09171875872729551,-0.055513793613114856,0.025316070718941132,-0.3052278969098151,-0.02456275173140488,-0.26917285436488203,-0.06326410666431734,0.029449384507723372,-0.017145201810243305,-0.11278121214985531,0.07346506621789266,-0.12629233794330952,0.5,0.0,0.0,0.5,True,False,True,False,1,True,True,0.0038370999973267317,4,4.092621455549142e-09,5.265711050766525e-10,`gtol` termination condition is satisfied.,True,True,0.0,0.010055400023702532,True,0.021980118092456674,0.021914428157847582,False,False,False,False,False,False,1.0,False,False,False,0.0006585759080848369,0.0038874846317174636,0.0006585790709221056,0.0038874850544922336
2.0405139000137096,1786138890.939941,0.010327700001653284,0.007523200009018183,0.010327700001653284,TELEOP,0,,0.0,2.0405139000137096,376,-0.010310296955858323,0.030409331993120972,0.0,0.025080223230135874,0.027894460249955462,0.05230896959900156,0.99792617622226,-0.008627627387007899,0.02789714108463251,0.0,0.023111056036785118,0.025502830224966334,0.04804592717559183,0.9982520090744715,-0.018588285314239592,-0.21687755637521242,0.2780667547754438,-0.11900750463281654,0.015784796210161645,0.022162656973944157,0.9925204636104634,-0.018518858817985148,-0.21697953244549745,0.27809407921252993,-0.11910262702625452,0.015643849501312944,0.02197402954647659,0.9925154790902335,-0.01851885481702061,-0.2169795337826495,0.2780940790942003,-0.11910262707796596,0.015643849505090533,0.021974029280013924,0.992515479089868,-0.0181531900995619,-0.21751019211383182,0.278229607221761,-0.11977732519803459,0.014578067803555285,0.02050741109921946,0.9924818982719669,-0.0181531900995619,-0.21751019211383182,0.278229607221761,-0.11977732519803459,0.014578067803555285,0.02050741109921946,0.9924818982719669,-0.062055309309316985,-0.5826186104558833,0.8140661903420834,-0.23388717832036246,0.48208503539647807,-0.19691045064831694,-0.05524371188858667,-0.5789246362605519,0.8124046680233102,-0.2118433341421458,0.48333454185584285,-0.17730161798305122,-0.05524371188858667,-0.5789246362605519,0.8124046680233102,-0.2118433341421458,0.48333454185584285,-0.17730161798305122,-0.09241020074843727,-0.05522857950403326,0.025148180275620373,-0.3065044956868862,-0.023804852984380807,-0.27057585723695415,-0.06695024265141979,0.027616420794169226,-0.016256324573127052,-0.1236092040693193,0.07338504670960093,-0.1358485308294695,0.5,0.0,0.0,0.5,True,False,True,False,1,True,True,0.004283899994334206,4,4.2201534049302165e-09,5.429210910665946e-10,`gtol` termination condition is satisfied.,True,True,0.0,0.010327700001653284,True,0.02204384417821667,0.021980118092456674,False,False,False,False,False,False,1.0,False,False,False,0.0006585414363633219,0.003869473305633052,0.0006585447110987866,0.003869473741532236
2.0508360000018255,1786138890.9521902,0.010322099988115951,0.009453600010601804,0.010322099988115951,TELEOP,0,,0.0,2.0508360000018255,378,-0.010508352046786568,0.030666100859735226,0.0,0.0252791842254522,0.028141101751204156,0.05274362258837095,0.9978913525596761,-0.008809448429049752,0.028164847744529247,0.0,0.023320806331863175,0.025758059520242512,0.04850039130613717,0.9982186005103967,-0.01864283159900834,-0.2167999809299972,0.27804596847334384,-0.11890229390133072,0.015941180391357168,0.0223715662283687,0.9925258869657867,-0.018572722233170063,-0.21690152130670834,0.27807317616673033,-0.11899649358977214,0.015801377746212746,0.022184647646077763,0.9925210286857806,-0.018572718216866582,-0.21690152264665355,0.27807317604286697,-0.11899649364179064,0.015801377750019413,0.022184647378740385,0.9925210286854589,-0.01820348887627926,-0.21742978184352477,0.2782080223768853,-0.11966672729495031,0.01473973153575466,0.020725106797021425,0.9924883297253535,-0.01820348887627926,-0.21742978184352477,0.2782080223768853,-0.11966672729495031,0.01473973153575466,0.020725106797021425,0.9924883297253535,-0.06305772710551039,-0.5831610837736994,0.8143106037817449,-0.23712389622489288,0.48190508707672475,-0.1997891575794205,-0.056204591248651736,-0.5794916839685164,0.8126624867447501,-0.21501975987099947,0.48309673236763334,-0.18010853765443205,-0.056204591248651736,-0.5794916839685164,0.8126624867447501,-0.21501975987099947,0.48309673236763334,-0.18010853765443205,-0.09308952259436964,-0.054935304697429146,0.024977351676176436,-0.30773057154171757,-0.023038866944064075,-0.2719330053586476,-0.06581236828886466,0.028412319871127384,-0.0165497911898369,-0.11878162934315581,0.07420835306755696,-0.13147984647077435,0.5,0.0,0.0,0.5,True,False,True,False,1,True,True,0.0050768000073730946,4,4.2357394808064406e-09,5.447560620585245e-10,`gtol` termination condition is satisfied.,True,True,0.0,0.010322099988115951,True,0.02210413635389341,0.02204384417821667,False,False,False,False,False,False,1.0,False,False,False,0.0006584615545555831,0.0038510439682315598,0.0006584648563071446,0.0038510444055402603
2.0605542999907156,1786138890.9610038,0.009718299988890067,0.008547799981897697,0.009718299988890067,TELEOP,0,,0.0,2.0605542999907156,379,-0.010696340090565228,0.030906671087703536,0.0,0.02546539282290187,0.02837234523434499,0.05315074031741737,0.9978584682198117,-0.008982171950758296,0.02841584392145375,0.0,0.023517254057435683,0.02599752879690714,0.0489263682321397,0.9981869953819601,-0.018694648629415132,-0.2167272478114704,0.27802647967015903,-0.11880374293391005,0.01608788377925142,0.022567369650154184,0.9925308884299129,-0.018623898302635077,-0.2168283736309558,0.2780535762833097,-0.11889707101412497,0.015949166610407815,0.022382067783884747,0.9925261475802102,-0.018623894503785557,-0.2168283748997087,0.2780535761679847,-0.1188970710631237,0.015949166614024634,0.02238206753114922,0.9925261475799818,-0.018251296956925643,-0.2173543960547452,0.27818777844631626,-0.11956307700459451,0.014891383226437889,0.020929108019519388,0.9924942769408316,-0.018251296956925643,-0.2173543960547452,0.27818777844631626,-0.11956307700459451,0.014891383226437889,0.020929108019519388,0.9924942769408316,-0.06400702416229351,-0.583668686540936,0.8145389995029271,-0.24017941796761094,0.4817432616257134,-0.20250905944131145,-0.057114505921549555,-0.5800223473243166,0.8129034285671994,-0.2180183645988926,0.4828800593867237,-0.18276079550456775,-0.057114505921549555,-0.5800223473243166,0.8129034285671994,-0.2180183645988926,0.4828800593867237,-0.18276079550456775,-0.0936289962172429,-0.054604545692848415,0.024792589519235294,-0.3085523940731514,-0.02229535836075791,-0.272913766108038,-0.05551111032690622,0.03403465677730231,-0.019011777487046386,-0.08456443332407262,0.07650603337581068,-0.10091896221681093,0.5,0.0,0.0,0.5,True,False,True,False,1,True,True,0.005244500003755093,4,4.006780677068224e-09,5.149339984530875e-10,`gtol` termination condition is satisfied.,True,True,0.0,0.009718299988890067,True,0.022161053368718348,0.02210413635389341,False,False,False,False,False,False,1.0,False,False,False,0.0006584355997220737,0.0038338376670977565,0.0006584387395266232,0.0038338380802917303
2.0703240999934023,1786138890.9715612,0.00976980000268668,0.009335899987490848,0.00976980000268668,TELEOP,0,,0.0,2.0703240999934023,382,-0.010886801446128108,0.031147354604932245,0.0,0.02565149472038809,0.028603854011828255,0.053557938702206646,0.9978253191597469,-0.009157358259953766,0.028667099111575497,0.0,0.02371369443287642,0.026237417166179153,0.04935266563389461,0.9981550846595038,-0.018747204496041062,-0.21665443963647182,0.2780069707555067,-0.1187051831844718,0.01623481950441364,0.022763309487488514,0.992535813893875,-0.01867581220983902,-0.21675514459841627,0.2780339546002561,-0.1187976326900585,0.016097201348177402,0.022579639827138214,0.9925311896566631,-0.018675808376004664,-0.21675514587663525,0.27803395447867985,-0.11879763273964261,0.01609720135184054,0.022579639572206864,0.9925311896564685,-0.018299820453342976,-0.21727892780272484,0.27816751337455475,-0.11945941716806112,0.015043284832855363,0.02113327648328084,0.9925001419931314,-0.018299820453342976,-0.21727892780272484,0.27816751337455475,-0.11945941716806112,0.015043284832855363,0.02113327648328084,0.9925001419931314,-0.06496683953903387,-0.5841757995880603,0.8147668801983536,-0.2432589617242466,0.48158814900754154,-0.20525267517826518,-0.05803464153026268,-0.5805526176468911,0.813143858202965,-0.22104115795959794,0.482669571634417,-0.18543693337568357,-0.05803464153026268,-0.5805526176468911,0.813143858202965,-0.22104115795959794,0.482669571634417,-0.18543693337568357,-0.09418162177936998,-0.0542764767373714,0.024609473653442487,-0.3094017646086996,-0.021544735025160716,-0.27391941189992464,-0.05656467501638819,0.03357990495064409,-0.018743051622597356,-0.08693837492217138,0.07683098276226492,-0.10293412266474677,0.5,0.0,0.0,0.5,True,False,True,False,1,True,True,0.005036100017605349,4,4.0431312635542666e-09,5.194690837030366e-10,`gtol` termination condition is satisfied.,True,True,0.0,0.00976980000268668,True,0.022217803764648658,0.022161053368718348,False,False,False,False,False,False,1.0,False,False,False,0.0006584469627486345,0.0038166110130405536,0.0006584501440966467,0.0038166114298322468
2.0803561000135486,1786138890.9808981,0.01003200002014637,0.008639799983939156,0.01003200002014637,TELEOP,0,,0.0,2.0803561000135486,384,-0.011083908012109317,0.03139327610157995,0.0,0.025841445776203408,0.028840562507285627,0.053973883998266095,0.9977911913224132,-0.009338868607176462,0.028923959414222825,0.0,0.023914297715815432,0.026482836462476317,0.049788348671910766,0.9981221799329907,-0.018801657573492177,-0.21658000722411416,0.2779870266271234,-0.11860452185177434,0.016385117568069964,0.022963551887392516,0.9925407652098264,-0.01872960914649056,-0.21668027609347384,0.2780138936212536,-0.11869606748276888,0.016248635187218967,0.02278156415038776,0.9925362591631303,-0.018729605195296702,-0.21668027740738416,0.27801389348818323,-0.11869606753412558,0.016248635191006992,0.02278156388779238,0.992536259162954,-0.018350156557465636,-0.21720173695947298,0.27814679065887365,-0.11935352987577795,0.015198739442027744,0.021342061465433663,0.992506045139258,-0.018350156557465636,-0.21720173695947298,0.27814679065887365,-0.11935352987577795,0.015198739442027744,0.021342061465433663,0.992506045139258,-0.0659581471276385,-0.5846931489900683,0.8149990581486927,-0.2464291226576306,0.4814368525404984,-0.20807945379057066,-0.058985588269431725,-0.5810939492779832,0.8133889547262662,-0.2241550748951565,0.48246115369968884,-0.1881963560514169,-0.058985588269431725,-0.5810939492779832,0.8133889547262662,-0.2241550748951565,0.48246115369968884,-0.1881963560514169,-0.09479134143334804,-0.053960489434300644,0.02443147157187149,-0.3103984179929363,-0.02077531243117779,-0.2750620684003043,-0.06077747734784811,0.0314979368457118,-0.01774342914807915,-0.09934742645885536,0.07669682938972952,-0.113901166077051,0.5,0.0,0.0,0.5,True,False,True,False,1,True,True,0.0049208000127691776,4,4.166053401752271e-09,5.35194256649921e-10,`gtol` termination condition is satisfied.,True,True,0.0,0.01003200002014637,True,0.022274047762474103,0.022217803764648658,False,False,False,False,False,False,1.0,False,False,False,0.0006584550031657792,0.003798746640773158,0.0006584582938155372,0.003798747070178295
2.090371699996129,1786138890.9909587,0.01001559998258017,0.008684700005687773,0.01001559998258017,TELEOP,0,,0.0,2.090371699996129,386,-0.011282234757510674,0.03163755133741367,0.0,0.026029924021201457,0.02907584775572918,0.054386929679575854,0.9977570345593987,-0.009521692320694929,0.02917925515810174,0.0,0.024113462120354406,0.026726937826347254,0.05022125462659886,0.9980891930698014,-0.018856504660994755,-0.2165060281859375,0.27796720397999924,-0.1185045695673276,0.016534583479127486,0.023162506795404353,0.9925456023880147,-0.018783804119592008,-0.21660585769737203,0.2779939532485637,-0.1185952111162818,0.01639924217036116,0.02298220403810467,0.9925412127735923,-0.018783800159664923,-0.21660585901250817,0.277993953110571,-0.11859521116786022,0.01639924217417206,0.022982203775066722,0.992541212773457,-0.018400915007553396,-0.21712497945168735,0.27812618541042144,-0.11924834596805811,0.015353408238924709,0.02154961635797338,0.9925118230399855,-0.018400915007553396,-0.21712497945168735,0.27812618541042144,-0.11924834596805811,0.015353408238924709,0.02154961635797338,0.9925118230399855,-0.06695353163651957,-0.5852062527209145,0.8152290296481156,-0.24960187193424865,0.4812938728367414,-0.2109109541661673,-0.05994100913097175,-0.581631190105642,0.8136318568202727,-0.22727353946711853,0.48226083099548256,-0.1909623903304745,-0.05994100913097175,-0.581631190105642,0.8136318568202727,-0.22727353946711853,0.48226083099548256,-0.1909623903304745,-0.09539327281458514,-0.05364040382935246,0.024252375736754317,-0.31136073499200123,-0.020001068788161894,-0.2761725991321989,-0.060099383190625154,0.03195870497073585,-0.017881688109416295,-0.09608181244644687,0.07730377055418665,-0.11088010042594743,0.5,0.0,0.0,0.5,True,False,True,False,1,True,True,0.004756999987876043,4,4.174882938884424e-09,5.361486413803368e-10,`gtol` termination condition is satisfied.,True,True,0.0,0.01001559998258017,True,0.02232833246713012,0.022274047762474103,False,False,False,False,False,False,1.0,False,False,False,0.0006584621866172604,0.0037807540071078997,0.0006584654983753549,0.0037807544372138345
2.100204900015913,1786138891.0021183,0.009833200019784272,0.010009399993577972,0.009833200019784272,TELEOP,0,,0.0,2.100204900015913,387,-0.011478441357638553,0.03187615911246379,0.0,0.026213835598056887,0.029305829202016298,0.05479028124383986,0.9977234227376048,-0.009702732932713485,0.02942878753758011,0.0,0.02430792266134526,0.026965697489178198,0.05064426942728767,0.9980566787657846,-0.018910816818646797,-0.21643371924259466,0.27794782883384345,-0.11840696543889791,0.01668075475627754,0.023356905361661028,0.9925502495734103,-0.018837478650629867,-0.2165331133898932,0.27797446144697274,-0.11849671755714501,0.01654654083745699,0.023178262824186474,0.9925459727624457,-0.01883747474783476,-0.21653311468549907,0.27797446130833586,-0.11849671760799944,0.016546540841227926,0.02317826256507542,0.9925459727623623,-0.01845121792062757,-0.21704993917215654,0.27810603948986984,-0.1191455983557532,0.015504700940327352,0.02175246203872647,0.9925173857602971,-0.01845121792062757,-0.21704993917215654,0.27810603948986984,-0.1191455983557532,0.015504700940327352,0.02175246203872647,0.9925173857602971,-0.06793625556050756,-0.5857067010441896,0.8154530412501143,-0.252724132862692,0.48116136200379195,-0.21369971049769498,-0.060884526356293295,-0.5821553877862267,0.8138685373332252,-0.2303433964315846,0.4820717198484356,-0.19368777298320092,-0.060884526356293295,-0.5821553877862267,0.8138685373332252,-0.2303433964315846,0.4820717198484356,-0.19368777298320092,-0.0959522051237849,-0.05330896142964552,0.024069531025128005,-0.3121930763423455,-0.019231902805438066,-0.27716131546627776,-0.05684134443265567,0.03370646371883808,-0.0185946295466817,-0.08464603065834117,0.07822132990036572,-0.10054878697571615,0.5,0.0,0.0,0.5,True,False,True,False,1,True,True,0.005255099997157231,4,4.1145624817159405e-09,5.281626258702657e-10,`gtol` termination condition is satisfied.,True,True,0.0,0.009833200019784272,True,0.022380736431107412,0.02232833246713012,False,False,False,False,False,False,1.0,False,False,False,0.0006584942706119038,0.0037630849078685766,0.0006584975490665451,0.0037630853314710943
2.1105753999942207,1786138891.010844,0.010370499978307635,0.008367599977646023,0.010370499978307635,TELEOP,0,,0.0,2.1105753999942207,388,-0.011686961987848866,0.03212648624234313,0.0,0.02640657413006977,0.02954727087722809,0.05521332556176625,0.9976878972438381,-0.009895373553578526,0.02969070791475344,0.0,0.024511808991705294,0.02721649609264398,0.0510881551218125,0.9980222612580558,-0.018968608977664326,-0.21635782053233643,0.27792749181125015,-0.1183046169197516,0.016834270126498765,0.023560883511928404,0.9925550411603965,-0.018894602087695524,-0.21645675172174855,0.27795400037522167,-0.11839343019580921,0.01670125157941775,0.02338399628242983,0.9925508816176704,-0.018894597958474032,-0.216456753087737,0.27795400021745514,-0.11839343025002909,0.016701251583420493,0.023383996008436478,0.9925508816175905,-0.018504841736343376,-0.2169710881109172,0.27808488051932656,-0.11903781658834922,0.01566376365945803,0.02196558040198521,0.9925231271902449,-0.018504841736343376,-0.2169710881109172,0.27808488051932656,-0.11903781658834922,0.01566376365945803,0.02196558040198521,0.9925231271902449,-0.06897864820518675,-0.5862308089184524,0.8156873402143562,-0.256024653438858,0.4810302152880906,-0.2166502100270989,-0.06188662196164946,-0.5827050473938648,0.8141163563880117,-0.23359285535353286,0.4818806279194392,-0.19657534189770348,-0.06188662196164946,-0.5827050473938648,0.8141163563880117,-0.23359285535353286,0.4818806279194392,-0.19657534189770348,-0.09662943999347028,-0.0530022283195458,0.023896538769096413,-0.3133367657051509,-0.018426491432053146,-0.27844066540114876,-0.06530397484229046,0.029577465960303664,-0.016681187637379795,-0.1102829531071485,0.0776636975140666,-0.12336434478058614,0.5,0.0,0.0,0.5,True,False,True,False,1,True,True,0.005099400004837662,4,4.3521586466851365e-09,5.586704854855083e-10,`gtol` termination condition is satisfied.,True,True,0.0,0.010370499978307635,True,0.02243179808532514,0.022380736431107412,False,False,False,False,False,False,1.0,False,False,False,0.000658467981132929,0.0037439493103299873,0.0006584714609078428,0.003743949758439343
2.1202259999914785,1786138891.0200477,0.009650599997257814,0.007912000000942498,0.009650599997257814,TELEOP,0,,0.0,2.1202259999914785,391,-0.01188246893052316,0.032358211093437596,0.0,0.02658480179866218,0.02977092059858499,0.055604824728111533,0.9976547719862792,-0.010076118687244675,0.029933353354976128,0.0,0.024700494137702082,0.027448997587870064,0.05149926230333462,0.9979901122270636,-0.019022832492526946,-0.21628750727067397,0.2779086514067757,-0.11820988702363264,0.01697656334754681,0.02374978919805317,0.9925594019603133,-0.01894820545416382,-0.2163860035061003,0.2779350434252084,-0.11829782463781545,0.016844664258873283,0.023574541541331127,0.9925553500752906,-0.018948201595645652,-0.21638600478519274,0.2779350432809467,-0.11829782468823437,0.016844664262631176,0.023574541285424126,0.9925553500752958,-0.0185551722511119,-0.21689804608363147,0.2780652708872518,-0.11893799318157658,0.015811191270915882,0.02216290661936609,0.9925283701631481,-0.0185551722511119,-0.21689804608363147,0.2780652708872518,-0.11893799318157658,0.015811191270915882,0.02216290661936609,0.9925283701631481,-0.06995391435228769,-0.5867152747277807,0.8159036420198219,-0.25910274013375406,0.4809159654686104,-0.21940407574181553,-0.06282405721239484,-0.5832132044063815,0.8143451614860384,-0.23662318894655618,0.48171021493947247,-0.19927051574304908,-0.06282405721239484,-0.5832132044063815,0.8143451614860384,-0.23662318894655618,0.48171021493947247,-0.19927051574304908,-0.09713750968973443,-0.052655483872619466,0.023708898730828487,-0.3140046830129099,-0.017658278243339383,-0.27927526227503063,-0.052646436118845494,0.03592983306995008,-0.01944335464336344,-0.06920992559517683,0.07960263495866061,-0.08648134562814769,0.5,0.0,0.0,0.5,True,False,True,False,1,True,True,0.0041874999878928065,4,4.067560862982417e-09,5.217071214226995e-10,`gtol` termination condition is satisfied.,True,True,0.0,0.009650599997257814,True,0.022479551187197883,0.02243179808532514,False,False,False,False,False,False,1.0,False,False,False,0.0006584964589239749,0.0037262976127642065,0.0006584997280001623,0.003726298031024098
2.1303156000136623,1786138891.0295079,0.010089600022183731,0.007289200002560392,0.010089600022183731,TELEOP,0,,0.0,2.1303156000136623,393,-0.012088367825616831,0.03259920468162183,0.0,0.026769966410161238,0.030003668909415172,0.056011873181577645,0.9976200773907189,-0.010266689507786739,0.030185834608127522,0.0,0.02489661514840388,0.027691096152384586,0.05192691299252672,0.997956390557773,-0.019080003712429332,-0.21621434380856985,0.277889047292336,-0.11811141139912823,0.01712470574428663,0.02394628587293227,0.9925638590757622,-0.01900473156189805,-0.21631238148192541,0.27791531643946277,-0.11819843257425557,0.016993983246083925,0.02377275680808442,0.9925599181430634,-0.019004727515902507,-0.2163123828192049,0.27791531627840554,-0.11819843262748879,0.01699398325003743,0.023772756539885236,0.9925599181430801,-0.01860830410810164,-0.2168219949224236,0.2780448607468053,-0.11883421346528389,0.015964773877802905,0.022368327653108543,0.9925337342494316,-0.01860830410810164,-0.2168219949224236,0.2780448607468053,-0.11883421346528389,0.015964773877802905,0.022368327653108543,0.9925337342494316,-0.07097912064665676,-0.587218228476312,0.8161279201914673,-0.2623276029610436,0.48080477367860913,-0.22229161148116802,-0.06381024483070304,-0.5837411779875881,0.8145825622227129,-0.23980066048214366,0.48154011796119306,-0.2020990929713695,-0.06381024483070304,-0.5837411779875881,0.8145825622227129,-0.23980066048214366,0.48154011796119306,-0.2020990929713695,-0.09774298447311029,-0.05232849469213124,0.023529251521610037,-0.3149254210871856,-0.01685864433728234,-0.2803458236304021,-0.06000979048174492,0.032408537481098086,-0.017805186412094,-0.09125615210228977,0.07925328103184576,-0.10610543064320244,0.5,0.0,0.0,0.5,True,False,True,False,1,True,True,0.003473299992037937,4,4.26430952998138e-09,5.469194106885605e-10,`gtol` termination condition is satisfied.,True,True,0.0,0.010089600022183731,True,0.02252694247889997,0.022479551187197883,False,False,False,False,False,False,1.0,False,False,False,0.0006585117943457165,0.0037076117833910083,0.0006585152332518623,0.0037076122218858663
2.1405338999971972,1786138891.0416129,0.010218299983534962,0.009177300002193078,0.010218299983534962,TELEOP,0,,0.0,2.1405338999971972,395,-0.012298445973587242,0.03284193697079208,0.0,0.026956268947754266,0.030238253805310315,0.0564217445784284,0.9975848807544893,-0.010461327254085134,0.03044029377503301,0.0,0.025094056423300613,0.027935266052650398,0.052357790554828254,0.9979221267268347,-0.019138395009852895,-0.21614060719074538,0.27786928960095847,-0.11801225990670619,0.017274091032880984,0.024144254354670994,0.9925682683182838,-0.01906247291757979,-0.2162381765994705,0.2778954332769853,-0.11809835221451698,0.01714456614823017,0.023972469890462127,0.9925644380810528,-0.01906246880669382,-0.2162381779562043,0.2778954331070374,-0.11809835226880348,0.01714456615226241,0.023972469618104963,0.9925644380811018,-0.018662646814830944,-0.2167452844726075,0.27802427712012806,-0.11872966238580379,0.016119772762709515,0.02257547885238564,0.9925390510959341,-0.018662646814830944,-0.2167452844726075,0.27802427712012806,-0.11872966238580379,0.016119772762709515,0.02257547885238564,0.9925390510959341,-0.07202310836303431,-0.5877239181718383,0.8163531335732663,-0.26560034481206335,0.48070075582471494,-0.2252244240082377,-0.06481543054835022,-0.5842725655734653,0.8148211677066076,-0.2430285438755368,0.48137616079871437,-0.20497513284754268,-0.06481543054835022,-0.5842725655734653,0.8148211677066076,-0.2430285438755368,0.48137616079871437,-0.20497513284754268,-0.09837113015539409,-0.05200352179261052,0.02335080045400682,-0.31589240858012796,-0.01604544422681801,-0.28145972234201777,-0.061472621012883394,0.03180302986253635,-0.0174638704961452,-0.09463291296013185,0.07958272039132351,-0.10901017913063013,0.5,0.0,0.0,0.5,True,False,True,False,1,True,True,0.005439400003524497,4,4.332319515747873e-09,5.554879474150176e-10,`gtol` termination condition is satisfied.,True,True,0.0,0.010218299983534962,True,0.022571800936526554,0.02252694247889997,False,False,False,False,False,False,1.0,False,False,False,0.0006584948168854998,0.0036883506435854683,0.0006584983244873496,0.0036883510888998097
2.150708799999509,1786138891.051555,0.010174900002311915,0.008942299988120794,0.010174900002311915,TELEOP,0,,0.0,2.150708799999509,397,-0.012509176071243334,0.03308229316632943,0.0,0.027140551860407452,0.030470697822571287,0.05682749106099628,0.9975497798499233,-0.010656753072211957,0.030692429268143268,0.0,0.02528948222728421,0.02817737762394622,0.05278461201094318,0.9978879006249989,-0.01919702272906667,-0.21606754392178024,0.2778497123329467,-0.11791410771486374,0.017422192967189252,0.02434034864202417,0.992572555444692,-0.01912045664565721,-0.21616464309782543,0.2778757300105349,-0.11799927425985542,0.017293866661179772,0.02417030559374248,0.9925688337730326,-0.01912045253874644,-0.21616464445235534,0.2778757298363647,-0.11799927431420104,0.017293866665224467,0.024170305321789695,0.9925688337731237,-0.01871727785395752,-0.21666921971470277,0.27800386730212806,-0.11862609563713919,0.016273551470574587,0.022780826201095002,0.9925442332279295,-0.01871727785395752,-0.21666921971470277,0.27800386730212806,-0.11862609563713919,0.016273551470574587,0.022780826201095002,0.9925442332279295,-0.07306828492225563,-0.588223776761415,0.8165754706985435,-0.26886563516997103,0.4806057861528292,-0.22815292943027599,-0.0658225451521539,-0.5847983142106249,0.8150569195286185,-0.24625186847859248,0.48122120269204305,-0.2078496502432834,-0.0658225451521539,-0.5847983142106249,0.8150569195286185,-0.24625186847859248,0.48122120269204305,-0.2078496502432834,-0.09898029499797009,-0.051671135543356714,0.023169939946073654,-0.3167917721376422,-0.015229447624654672,-0.2825106286142924,-0.0598693689802943,0.03266727429048757,-0.017775163185099672,-0.08839040750374949,0.08019701441566314,-0.10328418677685719,0.5,0.0,0.0,0.5,True,False,True,False,1,True,True,0.004753699991852045,4,4.328025252394001e-09,5.547184026172878e-10,`gtol` termination condition is satisfied.,True,True,0.0,0.010174900002311915,True,0.022613766691378545,0.022571800936526554,False,False,False,False,False,False,1.0,False,False,False,0.0006584567046965755,0.003668899794058951,0.0006584602234551674,0.0036689002386705557
2.160162000007065,1786138891.0608752,0.009453200007556006,0.008811300009256229,0.009453200007556006,TELEOP,0,,0.0,2.160162000007065,398,-0.012706332509688684,0.03330438957738299,0.0,0.027310661443384066,0.030685620512851862,0.05720231327045273,0.9975171255781904,-0.010839709427530408,0.03092559570860967,0.0,0.025470022813522075,0.028401420956536114,0.05317921740812751,0.9978560056748607,-0.01925190961141088,-0.2159999774629994,0.27783160793247735,-0.1178234202291189,0.017559221905531063,0.02452163300747863,0.992576447880077,-0.019174747141438478,-0.21609663566336712,0.277857507451014,-0.11790772492375966,0.01743201567112632,0.02435321339333615,0.9925728256558122,-0.019174743311577213,-0.21609663692970876,0.2778575072921523,-0.11790772497418889,0.017432015674915948,0.024353213139846834,0.9925728256559746,-0.01876841867218555,-0.21659890302833595,0.27798498943255967,-0.11853035902609917,0.016415785498153205,0.022970567017237063,0.992548955481053,-0.01876841867218555,-0.21659890302833595,0.27798498943255967,-0.11853035902609917,0.016415785498153205,0.022970567017237063,0.992548955481053,-0.07404419953507546,-0.5886849513312403,0.8167803558881491,-0.2719047946826504,0.48052518724654897,-0.2308806778598139,-0.06676245967906919,-0.5852833221864933,0.8152741322015256,-0.24925088717865662,0.48108452909904376,-0.2105262862717675,-0.06676245967906919,-0.5852833221864933,0.8152741322015256,-0.24925088717865662,0.48108452909904376,-0.2105262862717675,-0.09942818581686703,-0.05130622175355332,0.022977687209991434,-0.3172490476946445,-0.014457918259430763,-0.283146027413434,-0.047379809856868196,0.03860214419579757,-0.020337318149256593,-0.048372567663519654,0.08161568194973334,-0.06721520740423648,0.5,0.0,0.0,0.5,True,False,True,False,1,True,True,0.004779499984579161,4,4.036916583827007e-09,5.169693513441071e-10,`gtol` termination condition is satisfied.,True,True,0.0,0.009453200007556006,True,0.022653907503993764,0.022613766691378545,False,False,False,False,False,False,1.0,False,False,False,0.0006585002980483669,0.003651124728596284,0.0006585035963887918,0.0036511251427483174
2.1705140999907853,1786138891.0708053,0.010352099983720109,0.008388200018089265,0.010352099983720109,TELEOP,0,,0.0,2.1705140999907853,401,-0.012923745491876831,0.03354625689475469,0.0,0.027495724500273426,0.03091982544267418,0.05761039271332969,0.9974813242262812,-0.011041716771126319,0.0311796278786587,0.0,0.025666504254353184,0.0286456874232838,0.053609012632464474,0.9978209904166083,-0.01931251178806811,-0.2159263645787154,0.27781188339502827,-0.11772471294435431,0.017708595228342464,0.024719072913146036,0.9925806088431925,-0.019234700186563317,-0.2160225363187869,0.27783765256694753,-0.1178080740230777,0.017582620483573525,0.02455243352277618,0.9925770938118678,-0.019234695983744294,-0.21602253770200308,0.2778376523772524,-0.1178080740790531,0.017582620487744414,0.024552433244753185,0.9925770938120274,-0.0188249789061154,-0.21652221067268076,0.2779644145951988,-0.11842615952604807,0.01657099564871359,0.02317749860471313,0.9925540037708527,-0.0188249789061154,-0.21652221067268076,0.2779644145951988,-0.11842615952604807,0.01657099564871359,0.02317749860471313,0.9925540037708527,-0.07511856149817014,-0.5891861412462017,0.8170027535968158,-0.27523885787560287,0.4804456604560247,-0.23387549536674918,-0.06779847899988077,-0.5858110722782083,0.8155101644070877,-0.2525452625926823,0.4809435290916396,-0.21346912212471406,-0.06779847899988077,-0.5858110722782083,0.8155101644070877,-0.2525452625926823,0.4809435290916396,-0.21346912212471406,-0.1000781795423967,-0.05098000333700559,0.022800417879779645,-0.3182325730244539,-0.013620425577985502,-0.284274288074352,-0.06278858652368681,0.03151229383996931,-0.0171239971107857,-0.0950073252147951,0.0809007527711593,-0.10898857842296106,0.5,0.0,0.0,0.5,True,False,True,False,1,True,True,0.004494399996474385,4,4.4286520516300515e-09,5.672651993528268e-10,`gtol` termination condition is satisfied.,True,True,0.0,0.010352099983720109,True,0.022693595282920587,0.022653907503993764,False,False,False,False,False,False,1.0,False,False,False,0.0006584905627458324,0.0036311947095313923,0.0006584941908608704,0.0036311951640795224
2.180403600002708,1786138891.081707,0.009889500011922792,0.009399699978530407,0.009889500011922792,TELEOP,0,,0.0,2.180403600002708,403,-0.013132908178444853,0.03377599059422272,0.0,0.027671320443665753,0.03114242575804901,0.05799789464746146,0.9974470870974913,-0.011236202258308707,0.03142110395807081,0.0,0.02585307848629635,0.02887803725893999,0.05401745198214148,0.9977874483968064,-0.019370857409107226,-0.21585639017058383,0.27779313378540693,-0.11763097071362374,0.017850659452226157,0.0249066927940753,0.9925844877591795,-0.019292428466648342,-0.21595209325892337,0.2778187773824968,-0.11771342952792994,0.017725866819609425,0.024741758056067546,0.992581073546419,-0.019292424438194452,-0.21595209458654557,0.2778187772010268,-0.11771342958148248,0.017725866823625425,0.02474175778970916,0.9925810735466357,-0.018879469121550353,-0.21644928678418082,0.27794484463993446,-0.11832712462081137,0.01671865865405653,0.023374183673341997,0.9925587265091094,-0.018879469121550353,-0.21644928678418082,0.27794484463993446,-0.11832712462081137,0.01671865865405653,0.023374183673341997,0.9925587265091094,-0.07615013795916795,-0.589661359619183,0.8172133722751619,-0.27842934807658115,0.4803780401850872,-0.23674354596027838,-0.06879348049093828,-0.5863117530923796,0.8157338027326259,-0.255698925635136,0.4808168396666732,-0.21628858985599372,-0.06879348049093828,-0.5863117530923796,0.8157338027326259,-0.255698925635136,0.4808168396666732,-0.21628858985599372,-0.10061191059790078,-0.050627515401965625,0.022613714067297275,-0.31889003879383887,-0.01281049848967646,-0.285097095695486,-0.053969468108662315,0.03564264468527292,-0.01887899411065056,-0.06648119405352412,0.08189767807599892,-0.08320012337752619,0.5,0.0,0.0,0.5,True,False,True,False,1,True,True,0.00563010000041686,4,4.245462614307812e-09,5.434366063858663e-10,`gtol` termination condition is satisfied.,True,True,0.0,0.009889500011922792,True,0.02273042244144513,0.022693595282920587,False,False,False,False,False,False,1.0,False,False,False,0.0006585022202595283,0.0036121180150294413,0.0006585057142193658,0.003612118450319984
2.190068999996245,1786138891.0916157,0.009665399993536994,0.009646199992857873,0.009665399993536994,TELEOP,0,,0.0,2.190068999996245,404,-0.013338706657458566,0.03399925838091365,0.0,0.02784180309944344,0.03135889578935506,0.058374391498168664,0.9974135972966595,-0.011427712680621477,0.031655947794274955,0.0,0.026034343064842085,0.029104153863050427,0.054414567041357255,0.9977545871118808,-0.01942831051137527,-0.2157883376391221,0.27777489914160447,-0.11753988493674286,0.01798889183484455,0.025089101721237576,0.9925881886232744,-0.019349280750488376,-0.21588357882792514,0.27780041897310853,-0.11762146105575669,0.01786526005163139,0.024925836995014057,0.992584871450545,-0.019349276801727083,-0.2158835801299294,0.27780041879338824,-0.11762146110825945,0.017865260055584416,0.024925836734050237,0.9925848714508055,-0.01893314159525347,-0.21637836535883595,0.2779258086540831,-0.11823086973693002,0.016862340573310312,0.02356540199797803,0.9925632447055012,-0.01893314159525347,-0.21637836535883595,0.2779258086540831,-0.11823086973693002,0.016862340573310312,0.02356540199797803,0.9925632447055012,-0.07716326626828991,-0.5901223752280418,0.8174174612761409,-0.2815524101615186,0.4803199066586576,-0.23955305700556936,-0.06977061800699522,-0.5867975911749027,0.8159505423139681,-0.2587861216508797,0.48070072686171983,-0.2190508337052459,-0.06977061800699522,-0.5867975911749027,0.8159505423139681,-0.2587861216508797,0.48070072686171983,-0.2190508337052459,-0.10109643850335467,-0.050265698558572665,0.02242427436911237,-0.31940695861609647,-0.01201324363513217,-0.28578681183388366,-0.05013014523743264,0.03743423382735322,-0.01959977841699046,-0.05348147232429323,0.08248544861851499,-0.07135929592761853,0.5,0.0,0.0,0.5,True,False,True,False,1,True,True,0.004680300015024841,4,4.161758068031389e-09,5.324447268913236e-10,`gtol` termination condition is satisfied.,True,True,0.0,0.009665399993536994,True,0.022766288510638888,0.02273042244144513,False,False,False,False,False,False,1.0,False,False,False,0.0006585617282958627,0.0035935929766384564,0.0006585651674551937,0.0035935934030082747
2.200193699994659,1786138891.1015527,0.010124699998414144,0.009456900006625801,0.010124699998414144,TELEOP,0,,0.0,2.200193699994659,405,-0.013555734549268651,0.03423179101006299,0.0,0.02801918078779889,0.031584489758439555,0.058766408044919095,0.9973784912460153,-0.01162988352849486,0.03190067141333901,0.0,0.026223032656686858,0.029339943934163407,0.05482827363931706,0.9977200913372241,-0.01948896174028391,-0.2157174221656391,0.27775589737369355,-0.11744505613839148,0.018133015431256488,0.025279121798158007,0.9925919698149557,-0.01940930618497176,-0.2158121759415293,0.27778128660332296,-0.11752570783407802,0.01801060418003254,0.025117608611715123,0.9925887526427034,-0.019409302039524668,-0.21581217730501523,0.27778128640476474,-0.11752570788958219,0.018010604184197143,0.025117608337894733,0.9925887526429851,-0.018989869351745375,-0.21630440399323286,0.27790596433958564,-0.11813064535947741,0.017012257484956765,0.0237647813069983,0.9925678661389605,-0.018989869351745375,-0.21630440399323286,0.27790596433958564,-0.11813064535947741,0.017012257484956765,0.0237647813069983,0.9925678661389605,-0.07822984267183042,-0.5906015302178171,0.817629336625715,-0.28482881854733233,0.4802675849282347,-0.24250275534170304,-0.07080013963030546,-0.5873030355036956,0.8161757370314282,-0.2620278719174145,0.48058755209129206,-0.22195377314723289,-0.07080013963030546,-0.5873030355036956,0.8161757370314282,-0.2620278719174145,0.48058755209129206,-0.22195377314723289,-0.10168416086121009,-0.04992190671051983,0.02224211260535146,-0.32018235276526913,-0.011178086308285994,-0.28671856375415583,-0.0580483725885669,0.0339557565267789,-0.017991818403453135,-0.07658440736951419,0.08248711833209771,-0.09202760777288418,0.5,0.0,0.0,0.5,True,False,True,False,1,True,True,0.005322100012563169,4,4.368438035197719e-09,5.588407406479299e-10,`gtol` termination condition is satisfied.,True,True,0.0,0.010124699998414144,True,0.02280094662991783,0.022766288510638888,False,False,False,False,False,False,1.0,False,False,False,0.0006586011536602918,0.003573918603250374,0.0006586047751652405,0.003573919050764537
2.21045810000908,1786138891.1107879,0.010264400014420971,0.008425400010310113,0.010264400014420971,TELEOP,0,,0.0,2.21045810000908,408,-0.013777262466658747,0.034466117936180034,0.0,0.02819774188266022,0.03181197005475126,0.05916134240891548,0.997342880597405,-0.011836437710618784,0.03214744666213171,0.0,0.026413099884072356,0.029577873894628515,0.05524533130943726,0.9976850459433068,-0.019550927969254325,-0.21564591217516008,0.27773673630508716,-0.11734952264341461,0.018278424265648546,0.025470671088975837,0.9925957050360459,-0.019470641669580128,-0.21574016817284647,0.2777619921554696,-0.11742923754473648,0.018157254743209075,0.02531093549151327,0.992592587527429,-0.019470637456506335,-0.21574016955724323,0.27776199194736967,-0.1174292376013626,0.01815725474745875,0.0253109352133692,0.9925925875277446,-0.019047907782958853,-0.21622975034801262,0.27788593774464243,-0.11802960883585563,0.017163656932533827,0.023965975809893274,0.9925724418510907,-0.019047907782958853,-0.21622975034801262,0.27788593774464243,-0.11802960883585563,0.017163656932533827,0.023965975809893274,0.9925724418510907,-0.0793165654849888,-0.5910833857455189,0.8178421566742662,-0.28815528869689183,0.4802234751478787,-0.24549981154638137,-0.07185015002850775,-0.5878119408581406,0.8164021795803706,-0.26532279393623753,0.48048154349168737,-0.224906785286894,-0.07185015002850775,-0.5878119408581406,0.8164021795803706,-0.26532279393623753,0.48048154349168737,-0.224906785286894,-0.10229632484383692,-0.04957964944176001,0.02206096300069642,-0.3210048336185123,-0.010327793096114845,-0.28769456914308444,-0.05963952902914675,0.033344108596603056,-0.01764833837345895,-0.08012946222746842,0.0828390564452408,-0.09508645294000265,0.5,0.0,0.0,0.5,True,False,True,False,1,True,True,0.0051531000062823296,4,4.43957776834262e-09,5.677633186938832e-10,`gtol` termination condition is satisfied.,True,True,0.0,0.010264400014420971,True,0.0228324947606543,0.02280094662991783,False,False,False,False,False,False,1.0,False,False,False,0.0006585987308289597,0.003553592386795584,0.0006586024249983798,0.003553592841389742
2.220462199991405,1786138891.1197429,0.010004099982324988,0.007375899993348867,0.010004099982324988,TELEOP,0,,0.0,2.220462199991405,409,-0.013994622426069792,0.03469312303265193,0.0,0.028370546124677234,0.03203248166240699,0.05954383388820719,0.997308159034623,-0.012039261742083352,0.032386693770188005,0.0,0.026597176442364187,0.029808698796729025,0.055649555445187654,0.997650820006726,-0.019611775153809928,-0.21557658367257262,0.2777181597650058,-0.11725698839850192,0.018419469617826294,0.025656316838927645,0.9925992520735507,-0.019530877141636933,-0.2156703506547079,0.27774328458408515,-0.11733579009968209,0.018299515109787837,0.025498316497443493,0.9925962300775811,-0.019530873024130632,-0.21567035200874937,0.2777432843789425,-0.1173357901550312,0.018299515113959445,0.02549831622574195,0.9925962300779408,-0.019104944469907018,-0.21615733674177284,0.2778665086852537,-0.11793166973946423,0.017310589779296025,0.024161064232297767,0.9925768019297639,-0.019104944469907018,-0.21615733674177284,0.2778665086852537,-0.11793166973946423,0.017310589779296025,0.024161064232297767,0.9925768019297639,-0.08038087126606415,-0.5915492648353483,0.8180476841860972,-0.29140180175714164,0.4801891085516158,-0.24842699333588306,-0.07287895925037709,-0.5883043588183201,0.8166210129358833,-0.26854039195010343,0.4803865705029264,-0.22779280202733979,-0.07287895925037709,-0.5883043588183201,0.8166210129358833,-0.26854039195010343,0.4803865705029264,-0.22779280202733979,-0.10283875847772538,-0.04922161524269864,0.021874367099421026,-0.32162793450192234,-0.009493406596173821,-0.2884833963619634,-0.05422113282022526,0.03578874658329411,-0.018651942863932715,-0.062284551784863584,0.08340445431525054,-0.07885039336598329,0.5,0.0,0.0,0.5,True,False,True,False,1,True,True,0.003831300011370331,4,4.339282189325322e-09,5.546270238957519e-10,`gtol` termination condition is satisfied.,True,True,0.0,0.010004099982324988,True,0.022861409807038213,0.0228324947606543,False,False,False,False,False,False,1.0,False,False,False,0.0006585996455866265,0.0035336479483175504,0.0006586032712874996,0.003533648392258394
2.2308240999915396,1786138891.1336389,0.010361900000134483,0.010912700003245845,0.010361900000134483,TELEOP,0,,0.0,2.2308240999915396,411,-0.014221256055216692,0.03492680176789211,0.0,0.02854824800319373,0.032259618962510124,0.05993746439151875,0.9972721869593363,-0.012250946148056887,0.03263312708739942,0.0,0.02678657824974266,0.03004661932666996,0.05606580409899645,0.9976153093770371,-0.019675280449970793,-0.2155051727658062,0.27769902524554246,-0.1171617649380564,0.018564828142577233,0.02584747510231422,0.9926028289419044,-0.019593752637075534,-0.21559842957672135,0.2777240133646736,-0.1172396214500824,0.018446136093908258,0.02569127342857803,0.9925999041381499,-0.019593748363612346,-0.21559843097963644,0.27772401314302814,-0.11723962150786262,0.0184461360982548,0.02569127314673239,0.9925999041385395,-0.01916456090865934,-0.21608266737297188,0.27784648078538243,-0.11783082993218684,0.017462177809858963,0.024362186748868732,0.9925812066125583,-0.01916456090865934,-0.21608266737297188,0.27784648078538243,-0.11783082993218684,0.017462177809858963,0.024362186748868732,0.9925812066125583,-0.08148865129366442,-0.5920277730514221,0.8182585431372897,-0.29476873095863104,0.4801626199130139,-0.25146503111400753,-0.07395098268833242,-0.5888107928389847,0.8168457869512241,-0.2718814248416784,0.48029718490432494,-0.23079199588921004,-0.07395098268833242,-0.5888107928389847,0.8168457869512241,-0.2718814248416784,0.48029718490432494,-0.23079199588921004,-0.10345819183175085,-0.048874629233836904,0.021692355199130254,-0.3224343886286867,-0.008626371476303608,-0.28944439357949153,-0.059779900792078684,0.033486716611551365,-0.017565494773005754,-0.07782878880841018,0.08367530277834768,-0.0927433402672928,0.5,0.0,0.0,0.5,True,False,True,False,1,True,True,0.0054789999849163,4,4.503308237538595e-09,5.754808842246452e-10,`gtol` termination condition is satisfied.,True,True,0.0,0.010361900000134483,True,0.022887306116952666,0.022861409807038213,False,False,False,False,False,False,1.0,False,False,False,0.00065854770483495,0.0035125616621578264,0.0006585514802910447,0.003512562122760114
2.242240300016081,1786138891.1425846,0.011416200024541467,0.008442499994998798,0.011416200024541467,TELEOP,0,,0.0,2.242240300016081,412,-0.014472704647411695,0.03518254233181504,0.0,0.028742514473015356,0.03250836653962796,0.06036813484313172,0.997232551746209,-0.012486098211885408,0.03290296542928943,0.0,0.02699372527435299,0.03030733024011802,0.05652144649557108,0.9975761277293967,-0.019745826041053828,-0.21542697960197238,0.27767807342325146,-0.11705760559785808,0.018724083518745546,0.026056712625012492,0.992606655929355,-0.019663610198153332,-0.21551967105110484,0.2777029100541679,-0.1171344235352274,0.018606784513781626,0.025902490501015143,0.9926038360690395,-0.019663605482788473,-0.21551967259295585,0.27770290979268414,-0.11713442359969224,0.01860678451859575,0.025902490190207555,0.9926038360694526,-0.019231023450046573,-0.2160006709411735,0.2778245092132464,-0.11772038946094313,0.01762873208038163,0.02458303195993991,0.9925859218476044,-0.019231023450046573,-0.2160006709411735,0.2778245092132464,-0.11772038946094313,0.01762873208038163,0.02458303195993991,0.9925859218476044,-0.08271557640418363,-0.5925500747958182,0.8184884242016774,-0.29848295723256857,0.4801443141123051,-0.2548191663071619,-0.07514201847916728,-0.5893652794836216,0.8170915424321137,-0.2755788296143589,0.48020964485748696,-0.234114100633351,-0.07514201847916728,-0.5893652794836216,0.8170915424321137,-0.2755788296143589,0.48020964485748696,-0.234114100633351,-0.1043285671479547,-0.04857015849800365,0.021526907408880903,-0.3238735099886328,-0.0076680547511238815,-0.29099917109015366,-0.07624037020486622,0.026670059667729343,-0.014492369605795816,-0.12605957821800878,0.08394358220069975,-0.13619045806133323,0.5,0.0,0.0,0.5,True,False,True,False,1,True,True,0.004631200019503012,4,4.967931566653292e-09,6.349186346190182e-10,`gtol` termination condition is satisfied.,True,True,0.0,0.011416200024541467,True,0.022904127618209646,0.022887306116952666,False,False,False,False,False,False,1.0,False,False,False,0.0006582347948265218,0.00348782698766569,0.000658238972085556,0.003487827495897551
2.2509262000018024,1786138891.1522925,0.008685899985721335,0.009465500013902783,0.008685899985721335,TELEOP,0,,0.0,2.2509262000018024,413,-0.014665241917231604,0.03537590806229903,0.0,0.028889252105189656,0.032696559943916285,0.06069367974739062,0.9972023983722452,-0.012666137025925044,0.0331072827386087,0.0,0.027150431423658042,0.030504847789665078,0.05686636855727263,0.9975462517908367,-0.01979983766401495,-0.21536777297930937,0.27766220903582906,-0.11697879952608921,0.018844722044136474,0.026215099546483687,0.9926094929368157,-0.01971709871056145,-0.2154600296135532,0.2776869291584603,-0.11705482469415344,0.018728489630004348,0.026062390151507096,0.9926067516955497,-0.019717095104839766,-0.21546003080633955,0.2776869289812648,-0.11705482474232051,0.018728489633710606,0.026062389913923782,0.9926067516960376,-0.01928181745715402,-0.21593867940268158,0.2778078602737959,-0.11763665699046219,0.01775471464168824,0.02474984227855616,0.9925894581080776,-0.01928181745715402,-0.21593867940268158,0.2778078602737959,-0.11763665699046219,0.01775471464168824,0.02474984227855616,0.9925894581080776,-0.0836530133553238,-0.5929444871912801,0.8186618275226981,-0.3013118989173169,0.4801375496833041,-0.25737548421448697,-0.07605014761738947,-0.5897835430414089,0.8172767327433975,-0.27838987823040756,0.4801494224655637,-0.2366414716559102,-0.07605014761738947,-0.5897835430414089,0.8172767327433975,-0.27838987823040756,0.4801494224655637,-0.2366414716559102,-0.10455210625439572,-0.048154314288081985,0.021320797106607763,-0.32363354639929937,-0.006933350835521055,-0.29097399540795,-0.025735860050021826,0.04787577690340246,-0.023729297207193557,0.027626796270724396,0.0845858134229728,0.002898454074425766,0.5,0.0,0.0,0.5,True,False,True,False,1,True,True,0.005398900015279651,4,3.802021353303378e-09,4.848912061921217e-10,`gtol` termination condition is satisfied.,True,True,0.0,0.008685899985721335,True,0.02292202068690935,0.022904127618209646,False,False,False,False,False,False,1.0,False,False,False,0.0006581758783701169,0.0034697824821110965,0.00065817909785778,0.003469782869740284
2.2607073000032214,1786138891.1620228,0.009781100001418963,0.009412799990968779,0.009781100001418963,TELEOP,0,,0.0,2.2607073000032214,414,-0.014883315646670659,0.03559239356981537,0.0,0.029053383666880046,0.03290737215634188,0.06105806094624748,0.9971684506384834,-0.012870288900795912,0.033336110411191014,0.0,0.027325760064681535,0.030726200267059516,0.0572525671042698,0.9975125798775709,-0.019861083202676155,-0.21530146379701207,0.2776444415206706,-0.1168906181334501,0.018979898766279615,0.026392431803950452,0.9926126063972166,-0.019777758176707634,-0.21539322715698894,0.27766902947087396,-0.11696575083049504,0.01886487143026936,0.026241427733677568,0.9926099522113792,-0.019777754114298895,-0.21539322849343312,0.27766902925328624,-0.116965750885544,0.018864871434456067,0.026241427466139982,0.9926099522118855,-0.01933942750920228,-0.21586924873243551,0.27778922685764146,-0.11754306991800063,0.017895879642270685,0.024936655420863506,0.9925933343633245,-0.01933942750920228,-0.21586924873243551,0.27778922685764146,-0.11754306991800063,0.017895879642270685,0.024936655420863506,0.9925933343633245,-0.08471326664106671,-0.5933849845402701,0.8188553019431905,-0.3045004346992419,0.4801379231303785,-0.26025870746920365,-0.07707725106337031,-0.5902507945907614,0.8174833737284334,-0.281558657062874,0.4800897261845096,-0.23949258964513917,-0.07707725106337031,-0.5902507945907614,0.8174833737284334,-0.281558657062874,0.4800897261845096,-0.23949258964513917,-0.1050089914050401,-0.04777085903269178,0.021126558874351362,-0.3239695772466013,-0.006103227760212283,-0.2914925712665609,-0.046711019269621804,0.039203694403960265,-0.019858526364951088,-0.03435511826411913,0.0848701143213283,-0.05301815322772615,0.5,0.0,0.0,0.5,True,False,True,False,1,True,True,0.0052247999992687255,4,4.282124732289221e-09,5.463498305621984e-10,`gtol` termination condition is satisfied.,True,True,0.0,0.009781100001418963,True,0.0229417776363679,0.02292202068690935,False,False,False,False,False,False,1.0,False,False,False,0.000658158753469218,0.0034496082902914847,0.000658162385853264,0.003449608727200546
2.2703967000048833,1786138891.1726437,0.009689400001661852,0.010345300019253045,0.009689400001661852,TELEOP,0,,0.0,2.2703967000048833,415,-0.015100652634942025,0.0358055240639349,0.0,0.029214815910460632,0.033115038381893384,0.06141670469813115,0.9971348339860092,-0.013073905409325385,0.03356155540535492,0.0,0.027498325198411198,0.030944416228335773,0.05763295750175655,0.9974791864621391,-0.019922168131786766,-0.2152361348396497,0.2776269366562028,-0.1168038161038445,0.019113141316762908,0.026567088982025595,0.9926156084585845,-0.019838265476673847,-0.2153274059886185,0.27765139271887623,-0.11687806505400693,0.018999311466291073,0.026417775818091273,0.9926130390005279,-0.019838261444340012,-0.21532740731570846,0.27765139249979504,-0.1168780651087326,0.01899931147046432,0.026417775552659034,0.9926130390010685,-0.019396891677739957,-0.21580084589705978,0.2777708669815397,-0.11745093324847354,0.01803502087790043,0.02512064292808846,0.9925970832114488,-0.019396891677739957,-0.21580084589705978,0.2777708669815397,-0.11745093324847354,0.01803502087790043,0.02512064292808846,0.9925970832114488,-0.08576817482694461,-0.5938177095111643,0.8190451671610983,-0.3076618729277428,0.480146471518588,-0.26311937027667454,-0.07809898232420608,-0.5907099284544911,0.8176861948589227,-0.2847004512637386,0.4800385844711902,-0.2423214867864584,-0.07809898232420608,-0.5907099284544911,0.8176861948589227,-0.2847004512637386,0.4800385844711902,-0.2423214867864584,-0.1054483518752994,-0.04738516973713239,0.020932269330863732,-0.32425064506839985,-0.005278109409320245,-0.29195792730551284,-0.045344445495483846,0.03980528159568588,-0.020051762075495555,-0.029007763303233458,0.08515680545240366,-0.04802733284538924,0.5,0.0,0.0,0.5,True,False,True,False,1,True,True,0.005652499996358529,4,4.250750581275844e-09,5.420954958320793e-10,`gtol` termination condition is satisfied.,True,True,0.0,0.009689400001661852,True,0.022961421664004167,0.0229417776363679,False,False,False,False,False,False,1.0,False,False,False,0.0006581986880636358,0.00342977702254713,0.0006582023068397768,0.003429777455949952
2.2811605000093804,1786138891.1802566,0.01076380000449717,0.007194300007540733,0.01076380000449717,TELEOP,0,,0.0,2.2811605000093804,416,-0.015343605085340268,0.036040731007002995,0.0,0.029392790217672403,0.033344354390697446,0.061812393177960015,0.9970975107596552,-0.013301782450794063,0.033810468721195176,0.0,0.02768864594307926,0.031185512809653072,0.05805282606920761,0.9974420645140329,-0.019990531218338232,-0.21516400528309038,0.27760760957410247,-0.11670807058629828,0.019260331873159835,0.026759862565842462,0.9926188471067919,-0.01990599202866709,-0.2152547266961019,0.27763191833548223,-0.11678134058130162,0.01914783363412633,0.026612425257087367,0.9926163698937722,-0.019905987545902486,-0.21525472816510602,0.2776319180748059,-0.11678134064287464,0.01914783363878196,0.026612424962168,0.9926163698943452,-0.01946134382296013,-0.2157251908084318,0.27775057970336514,-0.11734928715762857,0.018188991640790672,0.025324123191963137,0.9926011254130462,-0.01946134382296013,-0.2157251908084318,0.27775057970336514,-0.11734928715762857,0.018188991640790672,0.025324123191963137,0.9926011254130462,-0.08694555235944171,-0.5942939472463415,0.8192539027039135,-0.31117679027178746,0.4801657272748468,-0.2663022275221758,-0.0792414422430508,-0.5912162293325329,0.8179095708818407,-0.2882003287853989,0.4799917176088081,-0.24547536174518073,-0.0792414422430508,-0.5912162293325329,0.8179095708818407,-0.2882003287853989,0.4799917176088081,-0.24547536174518073,-0.10613908827434447,-0.04703737321673647,0.02075252446391804,-0.32515259668500435,-0.004354118653496334,-0.2930075770085496,-0.06417216956432492,0.03231168548752349,-0.016699015855979646,-0.08379490665263514,0.08584243068784841,-0.09751664863693402,0.5,0.0,0.0,0.5,True,False,True,False,1,True,True,0.003900899988366291,4,4.724521533295842e-09,6.026298060949165e-10,`gtol` termination condition is satisfied.,True,True,0.0,0.01076380000449717,True,0.022976461486388544,0.022961421664004167,False,False,False,False,False,False,1.0,False,False,False,0.0006581213575089725,0.003406990324498137,0.0006581253893116593,0.003406990806381266
2.290590500014903,1786138891.1919096,0.009430000005522743,0.009413799998583272,0.009430000005522743,TELEOP,0,,0.0,2.290590500014903,419,-0.015557755068234692,0.03624543783788916,0.0,0.029547532689208,0.033544053056109864,0.06215668219324347,0.997064835743031,-0.013502714579862919,0.034027347554241034,0.0,0.027854313230661218,0.031395705940808365,0.05841856576889618,0.9974095036926567,-0.020050810834501612,-0.21510115860872311,0.2775907698359643,-0.11662471721633157,0.019388638635788148,0.026927776835129348,0.9926216050745515,-0.019965716091263158,-0.21519139438224585,0.2776149484706447,-0.11669712914486685,0.01927731137222447,0.026781985760899473,0.9926192072261687,-0.01996571215147015,-0.2151913956806692,0.2776149482512191,-0.1166971291984696,0.019277311376338622,0.02678198550181026,0.9926192072267775,-0.019518146967690657,-0.21565930025660945,0.2777328911467516,-0.11726067836099435,0.018323153566608675,0.025501236718464906,0.9926045951331893,-0.019518146967690657,-0.21565930025660945,0.2777328911467516,-0.11726067836099435,0.018323153566608675,0.025501236718464906,0.9926045951331893,-0.08798138568122449,-0.5947076331093997,0.8194350347383598,-0.314258438059614,0.48019070444188283,-0.2690945763971706,-0.08024579102909532,-0.5916560182051834,0.8181033950670039,-0.2912671555535916,0.47995826296512495,-0.24824090487646566,-0.08024579102909532,-0.5916560182051834,0.8181033950670039,-0.2912671555535916,0.47995826296512495,-0.24824090487646566,-0.10650570365390488,-0.046637208101056385,0.02055399629370727,-0.32522022973452536,-0.0035476822548846077,-0.2932707454576123,-0.038877558785333464,0.04243532507377749,-0.021052828217868857,-0.007172115533553292,0.08551817583663111,-0.027907576766548342,0.5,0.0,0.0,0.5,True,False,True,False,1,True,True,0.0052318999951239675,4,4.154036559939215e-09,5.292174281133932e-10,`gtol` termination condition is satisfied.,True,True,0.0,0.009430000005522743,True,0.022991282506022392,0.022976461486388544,False,False,False,False,False,False,1.0,False,False,False,0.0006581487768916682,0.003387350840688934,0.000658152339877838,0.003387351263558286
2.300256800015293,1786138891.200992,0.009666300000390038,0.008834500011289492,0.009666300000390038,TELEOP,0,,0.0,2.300256800015293,420,-0.015778526183977386,0.03645395355594889,0.0,0.029705007638279424,0.03374758104920526,0.06250729183023135,0.9970313694977643,-0.013710030467051104,0.034248403924947886,0.0,0.028023006317797722,0.03161007799078012,0.0587912548771417,0.9973761088156766,-0.020113005577666293,-0.21503710137640153,0.2775736057292313,-0.1165398314173058,0.019519478348026517,0.027098873832195853,0.9926243542726895,-0.020027344297384043,-0.21512683579494005,0.2775976500262571,-0.11661136443638669,0.019409354559269103,0.026954771167840605,0.9926220363014143,-0.020027340253808486,-0.21512683712631564,0.2775976497943123,-0.11661136449166155,0.01940935456350806,0.026954770902052345,0.9926220363020553,-0.0195767597279287,-0.2155921404354572,0.27771486423274366,-0.11717046333312459,0.01845996191024501,0.025681715883892616,0.9926080605142356,-0.0195767597279287,-0.2155921404354572,0.27771486423274366,-0.11717046333312459,0.01845996191024501,0.025681715883892616,0.9926080605142356,-0.08904757012019363,-0.595128002290233,0.8196189173213797,-0.31741922351595114,0.48022441287182643,-0.2719605074517238,-0.0812794143089941,-0.5921030462654571,0.8183001957718442,-0.29441279476877097,0.47993199925842467,-0.2510795137437264,-0.0812794143089941,-0.5921030462654571,0.8183001957718442,-0.29441279476877097,0.47993199925842467,-0.2510795137437264,-0.10693060218046957,-0.046246036255405486,0.020359465858943746,-0.32542329692358485,-0.0027170382358542395,-0.29366033199323177,-0.043956687310299156,0.040467587974210746,-0.02012460142512373,-0.021007747437108704,0.08593195110816462,-0.04030358416392821,0.5,0.0,0.0,0.5,True,False,True,False,1,True,True,0.0047716000117361546,4,4.263433199856529e-09,5.43017834629789e-10,`gtol` termination condition is satisfied.,True,True,0.0,0.009666300000390038,True,0.023006428747180174,0.022991282506022392,False,False,False,False,False,False,1.0,False,False,False,0.0006582318773631277,0.0033673746427610933,0.0006582355451662779,0.0033673750766112366
2.31036709999137,1786138891.2106276,0.01011029997607693,0.008356700011063367,0.01011029997607693,TELEOP,0,,0.0,2.31036709999137,423,-0.016010788445432612,0.03667060809284273,0.0,0.029868472203960165,0.033959174538187864,0.06287149509497932,0.9969964011657255,-0.013928332575653077,0.034478232770533815,0.0,0.028198215513592882,0.03183309757735482,0.05917863085492121,0.9973411673999106,-0.0201784961863427,-0.2149705020752283,0.2775557604761386,-0.11645165596304288,0.01965557663541878,0.027276704963779905,0.9926271462623382,-0.020092246222475664,-0.215059708884149,0.277579663400601,-0.11652227149920222,0.019546713536769615,0.02713436719275584,0.9926249102010419,-0.020092241989012074,-0.2150597102756735,0.27757966314841687,-0.11652227155745147,0.019546713541225023,0.027134366914624994,0.9926249102017194,-0.01963853690087769,-0.2155222636762836,0.27769611541866385,-0.11707674782912891,0.018602371692928277,0.025869457461034383,0.9926115846874973,-0.01963853690087769,-0.2155222636762836,0.27769611541866385,-0.11707674782912891,0.018602371692928277,0.025869457461034383,0.9926115846874973,-0.0901674741755965,-0.5955636377846804,0.819809292008825,-0.3207269965946157,0.4802684967458434,-0.27496174405269047,-0.08236584308228587,-0.5925667888955788,0.8185041249022873,-0.2977073993641638,0.4799133752194767,-0.2540547271876515,-0.08236584308228587,-0.5925667888955788,0.8185041249022873,-0.2977073993641638,0.4799133752194767,-0.2540547271876515,-0.10745762003723723,-0.045868335382636884,0.020170433214211785,-0.3258661566114301,-0.0018420856939986327,-0.29427548648062396,-0.052126826900753855,0.037358028313929766,-0.018697036208545043,-0.04380282374342459,0.08654071035735106,-0.06084433586024049,0.5,0.0,0.0,0.5,True,False,True,False,1,True,True,0.004586399998515844,4,4.463423713401609e-09,5.684014431812612e-10,`gtol` termination condition is satisfied.,True,True,0.0,0.01011029997607693,True,0.023019597230451883,0.023006428747180174,False,False,False,False,False,False,1.0,False,False,False,0.0006583047065460471,0.003346281285524652,0.000658308557397292,0.003346281739631005
2.320467100005433,1786138891.2207286,0.010100000014062971,0.008357899991096929,0.010100000014062971,TELEOP,0,,0.0,2.320467100005433,425,-0.016244183595375196,0.03688556436950997,0.0,0.030030497251825217,0.03416923155190428,0.06323275132953048,0.996961509793261,-0.014147864295727213,0.03470643963793813,0.0,0.028372012071309443,0.032054681304355626,0.05956317093500551,0.9973062493565701,-0.02024435567862945,-0.21490437278711086,0.27753804116268577,-0.11636418056911084,0.019790779717575174,0.02745322605383896,0.9926298519074905,-0.020157521316419204,-0.21499304913410205,0.27756180195030883,-0.11643388120696778,0.01968317806914445,0.027312650534508785,0.9926276960315786,-0.020157517081218306,-0.21499305052663503,0.27756180169383715,-0.11643388126537807,0.01968317807362151,0.027312650256398268,0.9926276960322907,-0.019700716873713546,-0.21545282947660388,0.27767748616487337,-0.11698372075014274,0.01874394621670886,0.02605595411044795,0.9926150113790704,-0.019700716873713546,-0.21545282947660388,0.27767748616487337,-0.11698372075014274,0.01874394621670886,0.02605595411044795,0.9926150113790704,-0.09129095582269554,-0.5959947540659148,0.8199975074518838,-0.32403295742299537,0.4803214871944927,-0.27796335169330194,-0.08345640107822667,-0.5930262097735207,0.8187059295721714,-0.3010027321828312,0.4799036239657634,-0.25703275263584646,-0.08345640107822667,-0.5930262097735207,0.8187059295721714,-0.3010027321828312,0.4799036239657634,-0.25703275263584646,-0.10797603905171689,-0.0454872155744849,0.019980660356735326,-0.3262705756513937,-0.0009654706633386031,-0.2948540043612303,-0.05132861522354655,0.037734634417952315,-0.018789391803190673,-0.04004148904955748,0.0867935672712331,-0.05727899800008415,0.5,0.0,0.0,0.5,True,False,True,False,1,True,True,0.004549800010863692,4,4.465630130747035e-09,5.684286079705331e-10,`gtol` termination condition is satisfied.,True,True,0.0,0.010100000014062971,True,0.02303022524016418,0.023019597230451883,False,False,False,False,False,False,1.0,False,False,False,0.0006583661665439506,0.003325012288895834,0.0006583700325243678,0.003325012742912617
2.3304089000081403,1786138891.231386,0.009941800002707168,0.009075700014363974,0.009941800002707168,TELEOP,0,,0.0,2.3304089000081403,427,-0.016475250674318827,0.03709570302137755,0.0,0.030188738577411223,0.03437469820450312,0.06358582216020446,0.9969272106862491,-0.014365356888765304,0.034929717411794625,0.0,0.02854188588008729,0.03227161107546134,0.05993930724855951,0.9972718703119853,-0.020309603433318058,-0.2148396718407319,0.2775207045726234,-0.11627866908810677,0.019923125000532275,0.02762588166304481,0.9926324349262677,-0.020222197150007355,-0.2149278225019083,0.2775443245031619,-0.11634747048621398,0.019816767347087483,0.027487040465902966,0.9926303564015141,-0.020222192974959405,-0.21492782387600945,0.2775443242479127,-0.11634747054385153,0.01981676735152105,0.027487040191871138,0.992630356402258,-0.01976235458401283,-0.21538486178506402,0.27765924849188534,-0.11689272757116331,0.01888259424689942,0.026238451474980006,0.9926182959928131,-0.01976235458401283,-0.21538486178506402,0.27765924849188534,-0.11689272757116331,0.01888259424689942,0.026238451474980006,0.9926182959928131,-0.09240136921835787,-0.5964151389580975,0.8201808633502372,-0.3272883672075021,0.4803823758013334,-0.28092099949959765,-0.08453461668964936,-0.5934745729176327,0.8189026657158495,-0.3042492904548062,0.47990261195895734,-0.25996876413860337,-0.08453461668964936,-0.5934745729176327,0.8189026657158495,-0.3042492904548062,0.47990261195895734,-0.25996876413860337,-0.10845275615372289,-0.045098789353027934,0.019788785091684285,-0.3265563852713764,-0.00010179311652026293,-0.29531991208407016,-0.04795078374903814,0.039070009590938884,-0.019299851636403204,-0.028748276962407143,0.08687335759954529,-0.046863517945743005,0.5,0.0,0.0,0.5,True,False,True,False,1,True,True,0.004610899981344119,4,4.4027640727907895e-09,5.601276375972227e-10,`gtol` termination condition is satisfied.,True,True,0.0,0.009941800002707168,True,0.023039076752695897,0.02303022524016418,False,False,False,False,False,False,1.0,False,False,False,0.0006584395021214892,0.0033040002865149134,0.0006584433271224022,0.0033040007337664795
2.341070499991136,1786138891.2445004,0.01066159998299554,0.011525899986736476,0.01066159998299554,TELEOP,0,,0.0,2.341070499991136,428,-0.016724500718660364,0.03731944731071945,0.0,0.03035705967981106,0.03459359552768432,0.0639616561901837,0.9968904847642354,-0.01460019017313583,0.03516759788762314,0.0,0.028722678765530953,0.03250287798787118,0.06033993298353595,0.9972350089796187,-0.020380053393887588,-0.21477073935495028,0.2775022341432756,-0.11618764965917804,0.02006419654819342,0.027809769543303376,0.9926351166473509,-0.020292038531476812,-0.2148583231668206,0.2775257021870042,-0.11625548975518811,0.019959173468329684,0.027672784934947514,0.9926331192692428,-0.020292034052242613,-0.21485832463738969,0.27752570190057946,-0.11625548981755235,0.019959173473105486,0.027672784641105685,0.9926331192700345,-0.01982903765114791,-0.21531232850082915,0.2776397994949775,-0.1167958325947027,0.019030627429287354,0.026433176552595226,0.9926217083489043,-0.01982903765114791,-0.21531232850082915,0.2776397994949775,-0.1167958325947027,0.019030627429287354,0.026433176552595226,0.9926217083489043,-0.09359724656816341,-0.5968613999577494,0.8203753189277135,-0.33078045837565556,0.48045745214894714,-0.28409587092928523,-0.08569775956851595,-0.5939514716603654,0.8191116841432168,-0.3077381265996244,0.47991152577355833,-0.2631262542415439,-0.08569775956851595,-0.5939514716603654,0.8191116841432168,-0.3077381265996244,0.47991152577355833,-0.2631262542415439,-0.10909646588895917,-0.04473050419199174,0.01960478987212304,-0.32723382516532457,0.0008360672521218373,-0.29615537142422077,-0.06037646659628505,0.034543141894610975,-0.017257749292292266,-0.06354017174050736,0.08796619364240994,-0.07836153499316406,0.5,0.0,0.0,0.5,True,False,True,False,1,True,True,0.004934100026730448,4,4.723150596265985e-09,6.00851917681807e-10,`gtol` termination condition is satisfied.,True,True,0.0,0.01066159998299554,True,0.023042331776031155,0.023039076752695897,False,False,False,False,False,False,1.0,False,False,False,0.0006584097785513478,0.003280809106275133,0.0006584138927607151,0.0032808095860389504
2.352844700005906,1786138891.2538385,0.011774200014770031,0.009092199994483963,0.011774200014770031,TELEOP,0,,0.0,2.352844700005906,429,-0.01700149610672223,0.03756459424518428,0.0,0.030541285489566507,0.034833582695018274,0.0643733265866539,0.9968500018666009,-0.014861450864870536,0.035428392065277696,0.0,0.02892065791591494,0.032756600452306654,0.06077901657833859,0.9971943199879795,-0.020458431574283148,-0.2146951669862668,0.27748198456000994,-0.11608796423136486,0.020218941241750058,0.028011298907032994,0.992637973336312,-0.020369751381323048,-0.21478212207363176,0.2775052841375176,-0.11615474811149606,0.02011539012613619,0.027876357270063722,0.992636063356848,-0.02036974643398163,-0.21478212369263752,0.2775052838041225,-0.11615474818110408,0.02011539013143449,0.027876356945704357,0.9926360633577043,-0.019903535655023556,-0.215232522704364,0.27761842588409097,-0.11668955192249286,0.019193590763631474,0.026647404959382122,0.9926253423898953,-0.019903535655023556,-0.215232522704364,0.27761842588409097,-0.11668955192249286,0.019193590763631474,0.026647404959382122,0.9926253423898953,-0.09492398319210932,-0.5973486628183434,0.8205874237791785,-0.3346377125685477,0.4805521858673731,-0.28760537012633614,-0.08699308143285492,-0.5944742114858008,0.8193405080883367,-0.3116066582455538,0.4799337984549399,-0.2666302873996533,-0.08699308143285492,-0.5944742114858008,0.8193405080883367,-0.3116066582455538,0.4799337984549399,-0.2666302873996533,-0.110013577373755,-0.0443970566815229,0.01943435178890177,-0.32856004153798374,0.0018916513524145952,-0.29760265272492314,-0.07789161757447323,0.028320183965836482,-0.014475555282521821,-0.11263749307770521,0.08965229900703153,-0.12291971419602712,0.5,0.0,0.0,0.5,True,False,True,False,1,True,True,0.0055905999906826764,4,5.2161785910337344e-09,6.635754018600463e-10,`gtol` termination condition is satisfied.,True,True,0.0,0.011774200014770031,True,0.023031054322993905,0.023042331776031155,False,False,False,False,False,False,1.0,False,False,False,0.0006580371497419206,0.0032534090573664363,0.0006580417056924455,0.0032534095872177537
2.362247700009564,1786138891.2619698,0.009403000003658235,0.00782130000879988,0.009403000003658235,TELEOP,0,,0.0,2.362247700009564,430,-0.0172240053228177,0.037758895282056615,0.0,0.030687155115298563,0.0350239060888855,0.06469952717019102,0.9968177344415379,-0.015071328136256746,0.03563542368945739,0.0,0.02907767718913145,0.0329581310659887,0.06112749713739164,0.9971618120343559,-0.02052139473416593,-0.21463517381299693,0.27746590941523497,-0.11600889267268819,0.020341839077575124,0.028171237356633766,0.9926401804226922,-0.020432184539626013,-0.21472162193401756,0.27748907315152105,-0.11607483203882621,0.02023946838233504,0.02803793105622305,0.9926383388268083,-0.020432180574401833,-0.21472162324397928,0.27748907290271285,-0.11607483209370328,0.0202394683866081,0.028037930796349874,0.9926383388276443,-0.019963318843578663,-0.2151692127471766,0.2776014341724276,-0.11660501460511966,0.019322923816749035,0.02681722117409409,0.9926281941556021,-0.019963318843578663,-0.2151692127471766,0.2776014341724276,-0.11660501460511966,0.019322923816749035,0.02681722117409409,0.9926281941556021,-0.09598758854746568,-0.5977340906426374,0.8207550424574717,-0.33771860569307577,0.48063626745982296,-0.2904102137233565,-0.08803021122374055,-0.5948876445947905,0.8195213122360293,-0.3146937203023687,0.47995919964406836,-0.2694282543728769,-0.08803021122374055,-0.5948876445947905,0.8195213122360293,-0.3146937203023687,0.47995919964406836,-0.2694282543728769,-0.11029775502309236,-0.04396821321161003,0.019228347083086097,-0.32830607844452814,0.002701392015163253,-0.2975610945586547,-0.030222019485994296,0.04560709026332297,-0.021908402183933418,0.027008730549486076,0.08611514010779839,0.004419670982908769,0.5,0.0,0.0,0.5,True,False,True,False,1,True,True,0.003833400027360767,4,4.183408661894849e-09,5.312796518088813e-10,`gtol` termination condition is satisfied.,True,True,0.0,0.009403000003658235,True,0.023024885390707073,0.023031054322993905,False,False,False,False,False,False,1.0,False,False,False,0.0006578698510608543,0.003231954769773423,0.0006578735258189825,0.003231955193541454
2.3704357999882886,1786138891.2716248,0.008188099978724495,0.009286499989684671,0.008188099978724495,TELEOP,0,,0.0,2.3704357999882886,431,-0.017418697735456647,0.03792701863772662,0.0,0.030813267905873982,0.03518866750559028,0.06498171863696942,0.9967896851608807,-0.015255022404248442,0.03581475448388423,0.0,0.029213576892006644,0.033132782202181965,0.06142928637473639,0.9971335058276842,-0.020576502995911485,-0.21458320772569264,0.27745198512456315,-0.11594044925404788,0.020448333661832047,0.028309741564853094,0.9926420484795893,-0.020486831919604653,-0.21466921024647975,0.2774750294626264,-0.11600565185193555,0.02034699551578973,0.028177863413169583,0.9926402654161057,-0.020486828457438943,-0.21466921139833461,0.2774750292566831,-0.11600565189928909,0.020346995519540143,0.028177863186340867,0.9926402654169337,-0.020015517427826028,-0.21511448059024735,0.27758672539442497,-0.11653182518843148,0.019434772489546743,0.02696395109705779,0.9926306305357335,-0.020015517427826028,-0.21511448059024735,0.27758672539442497,-0.11653182518843148,0.019434772489546743,0.02696395109705779,0.9926306305357335,-0.09691676031855521,-0.5980669143972657,0.820899674528638,-0.34040150693247895,0.48071568925350894,-0.2928540041674031,-0.08893399740118045,-0.5952441179457441,0.8196770807300727,-0.3173760914342177,0.4799869797947088,-0.27186074260166804,-0.08893399740118045,-0.5952441179457441,0.8196770807300727,-0.3173760914342177,0.4799869797947088,-0.27186074260166804,-0.11037800952458467,-0.04353553960989181,0.019023765519247008,-0.32759384213904663,0.003392746878103087,-0.2970760292511811,-0.009801358276136617,0.052841758508378155,-0.024985230318469744,0.08698431960187519,0.08443410128555003,0.05924027658846254,0.5,0.0,0.0,0.5,True,False,True,False,1,True,True,0.004795499989995733,4,3.6545551956738218e-09,4.635013560061937e-10,`gtol` termination condition is satisfied.,True,True,0.0,0.008188099978724495,True,0.02302541549826126,0.023024885390707073,False,False,False,False,False,False,1.0,False,False,False,0.0006579321903417215,0.00321414693749728,0.0006579354150521179,0.003214147306910668
2.3800929000059368,1786138891.2803595,0.00965710001764819,0.00836530001834035,0.00965710001764819,TELEOP,0,,0.0,2.3800929000059368,432,-0.017649427195426327,0.03812401394417931,0.0,0.030960915085000762,0.03538181765144177,0.06531229903231804,0.9967566665500124,-0.015472954268799863,0.036024937732102386,0.0,0.029372707237921077,0.03333759787655505,0.06178290953792895,0.9971001558150338,-0.020641882533416034,-0.21452230128124833,0.2774356652689112,-0.11586029747031534,0.02057320510118579,0.02847202748954223,0.992644185170391,-0.02055167149539089,-0.21460777537208198,0.27745856801459395,-0.11592463340170411,0.020473085434532627,0.028341831407890646,0.9926424697422117,-0.02055166741847792,-0.21460777671854525,0.27745856774895644,-0.11592463345849399,0.020473085438960082,0.02834183114092427,0.9926424697431107,-0.020077447826055805,-0.21505033179627908,0.2775695054020729,-0.11644628035272958,0.01956591944865925,0.02713591867233549,0.9926334069060695,-0.020077447826055805,-0.21505033179627908,0.2775695054020729,-0.11644628035272958,0.01956591944865925,0.02713591867233549,0.9926334069060695,-0.0980165354295195,-0.5984556436938504,0.8210684727716796,-0.34356540995600743,0.48081719659386235,-0.29573765841252014,-0.0900036053066093,-0.5956605914203129,0.819858893381206,-0.32053943288847275,0.4800278865747867,-0.27473125057321374,-0.0900036053066093,-0.5956605914203129,0.819858893381206,-0.32053943288847275,0.4800278865747867,-0.27473125057321374,-0.11075870638951223,-0.04312614281800347,0.018826837332219647,-0.32756639658635534,0.004235927970422675,-0.2972432682999951,-0.039421447870668924,0.04239334698203081,-0.020392062489513238,0.002842007708436095,0.08731203889145694,-0.017317729805877563,0.5,0.0,0.0,0.5,True,False,True,False,1,True,True,0.004794600012246519,4,4.301714306716012e-09,5.459543812265276e-10,`gtol` termination condition is satisfied.,True,True,0.0,0.00965710001764819,True,0.023025977067534675,0.02302541549826126,False,False,False,False,False,False,1.0,False,False,False,0.0006580625969799438,0.003193351327208354,0.0006580663956596001,0.003193351762535236
2.3906178999965304,1786138891.291706,0.010524999990593642,0.009185400005662814,0.010524999990593642,TELEOP,0,,0.0,2.3906178999965304,435,-0.01790224884723243,0.038337114796695486,0.0,0.031120483713468393,0.035590873242985405,0.06566981874265422,0.9967207633743508,-0.015711978015778814,0.03625243880826611,0.0,0.02954477375369045,0.03355942545640616,0.06216556745472958,0.9970638462655793,-0.02071358963384764,-0.21445637651402166,0.2774180007556544,-0.11577361939352816,0.020708429634739452,0.028647630033373808,0.9926464341788855,-0.02062279528012432,-0.2145412722619783,0.2774407485348276,-0.1158370150393056,0.02060963640002689,0.028519261342779167,0.9926447907316619,-0.020622790838481776,-0.21454127372447201,0.27744074823130793,-0.11583701510177774,0.020609636404869635,0.0285192610520816,0.992644790732623,-0.02014548493127684,-0.2149807970537237,0.2775508556423634,-0.11635377717836119,0.019708143153427313,0.027322297496030275,0.9926363280120826,-0.02014548493127684,-0.2149807970537237,0.2775508556423634,-0.11635377717836119,0.019708143153427313,0.027322297496030275,0.9926363280120826,-0.09921979165648023,-0.5988747424101544,0.8212503046861998,-0.34701303949196544,0.4809373529701113,-0.2988819556978807,-0.09117549375422236,-0.596110410252884,0.8200550599194483,-0.3239917130426793,0.48008234592019416,-0.27786616171122275,-0.09117549375422236,-0.596110410252884,0.8200550599194483,-0.3239917130426793,0.48008234592019416,-0.27786616171122275,-0.11134332053780574,-0.04273813139886937,0.018638150918533655,-0.3280076158947187,0.005174284603911529,-0.2978537901007813,-0.0555452872984313,0.036865693062315595,-0.017927450247470344,-0.041921074466289704,0.08915502463919028,-0.058006821979270096,0.5,0.0,0.0,0.5,True,False,True,False,1,True,True,0.0046953999844845384,4,4.6860645016233085e-09,5.947511142268385e-10,`gtol` termination condition is satisfied.,True,True,0.0,0.010524999990593642,True,0.023021326449286117,0.023025977067534675,False,False,False,False,False,False,1.0,False,False,False,0.0006581225782318601,0.003170190545951975,0.0006581267254911011,0.003170191020199767
2.4001840999914092,1786138891.301084,0.009566199994878843,0.008998799981782213,0.009566199994878843,TELEOP,0,,0.0,2.4001840999914092,436,-0.018133257121497288,0.038529348532195515,0.0,0.031264293722911445,0.03577955962011515,0.0659922514417459,0.9966882109270921,-0.01593046906475262,0.036457902686820066,0.0,0.029700028708970455,0.03375987645102233,0.06251107429632836,0.9970308644304935,-0.02077913692716976,-0.21439683763777792,0.27740204733902146,-0.11569540076290519,0.020830608138806033,0.028806177589808992,0.992648409125579,-0.020687815275303528,-0.21448120420751748,0.27742465332531496,-0.11575794324929893,0.02073302200085767,0.028679468892264002,0.992646829661719,-0.020687811231129973,-0.2144812055452519,0.27742465305531017,-0.11575794330583572,0.020733022005289974,0.02867946862768897,0.9926468296626775,-0.020207662764448145,-0.21491800164603056,0.27753399967297454,-0.11627019791049856,0.019836633607969948,0.027490534391086535,0.9926389170105357,-0.020207662764448145,-0.21491800164603056,0.27753399967297454,-0.11627019791049856,0.019836633607969948,0.027490534391086535,0.9926389170105357,-0.10031734125102976,-0.5992517984517998,0.821413762624936,-0.35014590114587707,0.4810549138038934,-0.3017408745680452,-0.09224397760079045,-0.5965152815333442,0.8202314637643733,-0.327128263779028,0.48013983181833,-0.28071615423784696,-0.09224397760079045,-0.5965152815333442,0.8202314637643733,-0.327128263779028,0.48013983181833,-0.28071615423784696,-0.11169365548912731,-0.04232310433369133,0.018440325836746894,-0.3278784405540138,0.006009272037653401,-0.2979231594729266,-0.03662216465358369,0.04338473640528272,-0.020679588749206817,0.013503307559335764,0.0872851742791153,-0.007251507618744046,0.5,0.0,0.0,0.5,True,False,True,False,1,True,True,0.004795600019861013,4,4.268228639686609e-09,5.411725080730041e-10,`gtol` termination condition is satisfied.,True,True,0.0,0.009566199994878843,True,0.023017637366849086,0.023021326449286117,False,False,False,False,False,False,1.0,False,False,False,0.0006582477242702662,0.003149314007985021,0.0006582515170653254,0.0031493144392447233
2.410069600001978,1786138891.3108613,0.009885500010568649,0.00889100000495091,0.009885500010568649,TELEOP,0,,0.0,2.410069600001978,439,-0.018373185423128886,0.038726536118277,0.0,0.03141167812351234,0.03597320864969103,0.066322916043199,0.9966546571127021,-0.01615756807501486,0.03666881733655419,0.0,0.029859251109557863,0.03396576237449208,0.06286565899721183,0.9969968209720342,-0.020847266608311484,-0.2143357192486618,0.2773856706924329,-0.11561517401311061,0.020956083367300943,0.028968883979692408,0.992650380480858,-0.020755403712917227,-0.2144195358546737,0.2774081293163847,-0.11567683742361519,0.02085974481760641,0.028843887783649644,0.9926488656455208,-0.02075539953364393,-0.21441953723597168,0.27740812902998613,-0.1156768374823338,0.02085974482220599,0.028843887510365335,0.9926488656465223,-0.020272320428506303,-0.21485350952668708,0.2775166934788414,-0.11618448162498272,0.019968650917783656,0.02766327500007043,0.9926415075072815,-0.020272320428506303,-0.21485350952668708,0.2775166934788414,-0.11618448162498272,0.019968650917783656,0.02766327500007043,0.9926415075072815,-0.10145553654552963,-0.5996373462266386,0.8215807738900042,-0.3533822185966774,0.4811849435581193,-0.3046959823333618,-0.09335234055793705,-0.596929638806823,0.8204118329654022,-0.3303698676755837,0.48020785397549365,-0.28366350256584777,-0.09335234055793705,-0.596929638806823,0.8204118329654022,-0.3303698676755837,0.48020785397549365,-0.28366350256584777,-0.11212007040227034,-0.04191566162924086,0.018245834893131342,-0.3279150162450118,0.006881003195683747,-0.29814863434826805,-0.04313539150140617,0.04121619584390003,-0.01967436582951008,-0.0036999333325488104,0.08818280887141504,-0.02280864651261344,0.5,0.0,0.0,0.5,True,False,True,False,1,True,True,0.005051999993156642,4,4.410933415239649e-09,5.591219729693579e-10,`gtol` termination condition is satisfied.,True,True,0.0,0.009885500010568649,True,0.023012350921093716,0.023017637366849086,False,False,False,False,False,False,1.0,False,False,False,0.0006583947224003154,0.0031277157557403072,0.0006583986520702767,0.0031277162012349606
2.4202304000133408,1786138891.3210487,0.01016080001136288,0.008916099992347881,0.01016080001136288,TELEOP,0,,0.0,2.4202304000133408,441,-0.01862106695340694,0.03892765804485841,0.0,0.031561865834268406,0.036170825872788255,0.06666009755792418,0.996620264380726,-0.01639236974764678,0.036884112349420906,0.0,0.030021622709249778,0.03417604599149074,0.06322751598470594,0.9969618755362186,-0.020917707087708515,-0.21427333152717096,0.27736895392860916,-0.1155333507698275,0.021084222163267875,0.02913492027591422,0.9926523343327119,-0.020825292000815725,-0.21435657986164114,0.2773912602846538,-0.1155941138485695,0.020989165348719356,0.029011680160586042,0.9926508843474567,-0.020825287705090227,-0.2143565812807209,0.27739125998333763,-0.11559411390919436,0.020989165353467943,0.029011679879822182,0.9926508843485023,-0.020339237164050453,-0.21478761567322985,0.27749901698869317,-0.11609703302705156,0.020103595277426098,0.027839725826639017,0.9926440822596662,-0.020339237164050453,-0.21478761567322985,0.27749901698869317,-0.11609703302705156,0.020103595277426098,0.027839725826639017,0.9926440822596662,-0.10262961741638936,-0.6000292850508884,0.8217504228244783,-0.3567072043611057,0.481327634752339,-0.30773391847460263,-0.09449653338128974,-0.5973514443955433,0.8205952720873975,-0.33370342644052964,0.48028695416704964,-0.28669645636052515,-0.09449653338128974,-0.5973514443955433,0.8205952720873975,-0.33370342644052964,0.48028695416704964,-0.28669645636052515,-0.1126085369334246,-0.04151302931349494,0.01805361012815544,-0.3280803441872696,0.007784838936649778,-0.29849557035721946,-0.048073629104794166,0.03962604473030217,-0.018918270683502842,-0.016271154050167408,0.08895320643603519,-0.03414455638959604,0.5,0.0,0.0,0.5,True,False,True,False,1,True,True,0.004896500002359971,4,4.5340750280835e-09,5.745515160758417e-10,`gtol` termination condition is satisfied.,True,True,0.0,0.01016080001136288,True,0.023003777920576063,0.023012350921093716,False,False,False,False,False,False,1.0,False,False,False,0.0006585190568038253,0.003105276190071025,0.000658523107020768,0.003105276647768907
2.430091800015023,1786138891.3302562,0.009861400001682341,0.008260200003860518,0.009861400001682341,TELEOP,0,,0.0,2.430091800015023,442,-0.018862867428820335,0.03912133657283174,0.0,0.03170636402631973,0.03636122901713127,0.06698472317206114,0.9965869828400111,-0.016621543930526,0.03709164653540593,0.0,0.030177994349675594,0.03437886244940138,0.06357624303736892,0.9969280033156706,-0.02098645932098693,-0.21421319272100078,0.2773528397605502,-0.11545454177627751,0.02120779545958207,0.02929492550317371,0.9926541621001435,-0.02089351174981551,-0.2142958862003338,0.2773749974436014,-0.11551443346347944,0.021113982876447814,0.029173387029094177,0.9926527735708772,-0.02089350757795245,-0.21429588758115828,0.27737499715053365,-0.11551443352232645,0.02111398288108156,0.02917338675654701,0.9926527735719406,-0.020404576250455775,-0.21472406563278576,0.27748196569220995,-0.11601274093556044,0.020233791752525824,0.0280098418253065,0.9926465062512714,-0.020404576250455775,-0.21472406563278576,0.27748196569220995,-0.11601274093556044,0.020233791752525824,0.0280098418253065,0.9926465062512714,-0.10377303242303493,-0.6004055364983658,0.8219131601195976,-0.3599325707500143,0.4814747944725805,-0.31068258134376964,-0.09561108063997868,-0.5977567647069061,0.8207713853141259,-0.3369384953307719,0.4803723094912344,-0.28964165851919854,-0.09561108063997868,-0.5977567647069061,0.8207713853141259,-0.3369384953307719,0.4803723094912344,-0.28964165851919854,-0.11302119967740813,-0.041101700701081906,0.017858846279265168,-0.3280537134372783,0.008655497613950172,-0.29865963840539,-0.04184626360487758,0.04171097535267407,-0.019750121570674118,0.0027005039838948197,0.08828956103107682,-0.01663739916670723,0.5,0.0,0.0,0.5,True,False,True,False,1,True,True,0.004245300020556897,4,4.4042032582748125e-09,5.577365988671391e-10,`gtol` termination condition is satisfied.,True,True,0.0,0.009861400001682341,True,0.022994075419242366,0.023003777920576063,False,False,False,False,False,False,1.0,False,False,False,0.0006586596661490059,0.0030834547235266273,0.0006586636130221717,0.0030834551676514384
2.4402220999978708,1786138891.3418322,0.010130299982847646,0.009704199997941032,0.010130299982847646,TELEOP,0,,0.0,2.4402220999978708,444,-0.019112505955892603,0.03931873232538443,0.0,0.03185350304779118,0.03655538699773009,0.06731550139750705,0.996552899397033,-0.01685831860660482,0.03730333798518179,0.0,0.030337345813758413,0.0345858591904644,0.06393186661762902,0.9968932642082701,-0.021057491701792833,-0.21415184923168662,0.27733640279798266,-0.11537422156378235,0.021333899793949566,0.029458088231489436,0.9926559699895422,-0.020964001119309555,-0.2142339696368677,0.2773584069262686,-0.11543322131682392,0.021241364648713856,0.0293382936287736,0.9926546430512645,-0.02096399683452303,-0.2142339710544651,0.2773584066185192,-0.11543322137752489,0.02124136465349406,0.0293382933489829,0.9926546430523728,-0.02047214563991563,-0.2146591815752503,0.2774645620089834,-0.11592680562056708,0.02036677660065166,0.028183484448833413,0.9926489114252999,-0.02047214563991563,-0.2146591815752503,0.2774645620089834,-0.11592680562056708,0.02036677660065166,0.028183484448833413,0.9926489114252999,-0.10495166650703829,-0.6007876845269393,0.8220783285500691,-0.3632438257546223,0.48163494491824094,-0.31371158516486236,-0.09676081194882327,-0.5981690128435527,0.8209503483105128,-0.34026275651837906,0.48046913527422136,-0.29267001091033407,-0.09676081194882327,-0.5981690128435527,0.8209503483105128,-0.34026275651837906,0.48046913527422136,-0.29267001091033407,-0.11349430034562429,-0.04069456357113204,0.017666110252411646,-0.3281503206455582,0.009558037091783975,-0.29894005076484,-0.04670154576046134,0.04019003688333182,-0.01902569787467869,-0.009536460760639631,0.08909306529539679,-0.027680558317596388,0.5,0.0,0.0,0.5,True,False,True,False,1,True,True,0.005396199994720519,4,4.523680766365408e-09,5.726832449552778e-10,`gtol` termination condition is satisfied.,True,True,0.0,0.010130299982847646,True,0.022981069236243212,0.022994075419242366,False,False,False,False,False,False,1.0,False,False,False,0.0006587795925404463,0.0030608146443096345,0.0006587836570066816,0.0030608151002391336
2.4501926999870447,1786138891.348909,0.009970599989173934,0.006815000000642613,0.009970599989173934,TELEOP,0,,0.0,2.4501926999870447,445,-0.019359431020808573,0.03951146077572192,0.0,0.03199703394823662,0.03674505200488998,0.06763838266300785,0.9965194630123417,-0.017092661580054107,0.0375102279892939,0.0,0.0304929369375046,0.03478827306643698,0.06427933868273907,0.996859129201559,-0.021127794572309268,-0.21409189709463045,0.2773203386475184,-0.11529578752999105,0.021457197051250848,0.029617504581424807,0.9926576819301367,-0.0210337731591905,-0.21417345017835807,0.27734219076246897,-0.1153539122111347,0.021365918897054775,0.029499422898299765,0.9926564141211891,-0.021033768940822813,-0.21417345157592674,0.2773421904575784,-0.11535391227093207,0.021365918901783167,0.029499422622970627,0.9926564141223205,-0.020539061462801756,-0.2145957247564765,0.2774475398000351,-0.11584282526318589,0.020496887640796685,0.028353252720374398,0.9926512028362522,-0.020539061462801756,-0.2145957247564765,0.2774475398000351,-0.11584282526318589,0.020496887640796685,0.028353252720374398,0.9926512028362522,-0.10611560898475737,-0.6011595430259211,0.8222389368268158,-0.36650060362831577,0.48180138365910624,-0.31669250746918054,-0.09789669379517031,-0.5985706452025862,0.8211245530269591,-0.34353439186288,0.4805732514012861,-0.29565228917951825,-0.09789669379517031,-0.5985706452025862,0.8211245530269591,-0.34353439186288,0.4805732514012861,-0.29565228917951825,-0.11392311872709586,-0.0402816640392266,0.01747183886981553,-0.3281282318068395,0.010442313118346626,-0.29910720241733996,-0.04300828254439962,0.04141170364408966,-0.019484422482804985,0.0022153971418671647,0.08868834649096313,-0.016764452759261694,0.5,0.0,0.0,0.5,True,False,True,False,1,True,True,0.0037937999877613038,4,4.454299314406325e-09,5.63579620852857e-10,`gtol` termination condition is satisfied.,True,True,0.0,0.009970599989173934,True,0.022966211765435784,0.022981069236243212,False,False,False,False,False,False,1.0,False,False,False,0.0006588995460444894,0.0030384103038171395,0.0006589035601550888,0.0030384107523343216
2.460218899992131,1786138891.3611453,0.010026200005086139,0.009022699989145622,0.010026200005086139,TELEOP,0,,0.0,2.460218899992131,448,-0.019608945631910048,0.03970370026075404,0.0,0.03214007355683472,0.03693433196935764,0.06796036995390484,0.9964859551993028,-0.017329617154847418,0.03771678327670302,0.0,0.03064813078859258,0.034990471139933026,0.06462616341123631,0.9968248682749218,-0.021198881223263723,-0.2140320419507948,0.2773043004861867,-0.1152175446656459,0.021580347754352344,0.029776617538353492,0.9926593368522737,-0.021104329782451674,-0.21411302134894736,0.2773259988825392,-0.11527479247414744,0.021490332891011443,0.0296602543257859,0.9926581270133266,-0.021104325541069415,-0.21411302275486457,0.27732599857176854,-0.11527479253441456,0.02149033289578734,0.029660254049082534,0.9926581270144923,-0.020606772061034718,-0.21453231959582808,0.2774305333201457,-0.11575900524571296,0.02062694433205513,0.0285228333794727,0.9926534288703446,-0.020606772061034718,-0.21453231959582808,0.2774305333201457,-0.11575900524571296,0.02062694433205513,0.0285228333794727,0.9926534288703446,-0.1072898970255289,-0.6015291509408384,0.8223984653759655,-0.36977293571804176,0.4819775908210097,-0.31968942099009423,-0.09904329757285055,-0.5989703701493274,0.8212977841075354,-0.3468240871398721,0.48068688467733367,-0.298652902895071,-0.09904329757285055,-0.5989703701493274,0.8212977841075354,-0.3468240871398721,0.48068688467733367,-0.298652902895071,-0.11436075253820732,-0.03986804038802561,0.01727784010776159,-0.3281098796476558,0.011333633479276845,-0.29927726496884155,-0.04364902065483022,0.041254278888429134,-0.01934918134044051,0.001830420216465678,0.08889912035248303,-0.01696181518574813,0.5,0.0,0.0,0.5,True,False,True,False,1,True,True,0.005132000020239502,4,4.479118786941401e-09,5.664664016554525e-10,`gtol` termination condition is satisfied.,True,True,0.0,0.010026200005086139,True,0.022948848578169645,0.022966211765435784,False,False,False,False,False,False,1.0,False,False,False,0.00065901200289137,0.0030157254813865135,0.0006590160503543048,0.0030157259320660428
2.4715407999971175,1786138891.3742468,0.011321900004986674,0.010801800002809614,0.011321900004986674,TELEOP,0,,0.0,2.4715407999971175,449,-0.019892154802808877,0.03991888848129386,0.0,0.03230003792320035,0.037146321176824273,0.06832070600206004,0.9964482623320531,-0.017598837297330187,0.03794813437281675,0.0,0.030821773468840224,0.03521708154474853,0.06501451686003223,0.996786280024541,-0.02127964724194604,-0.2139650015308823,0.27728633703286076,-0.11512998973211784,0.02171834803748739,0.029954774437114223,0.9926611256170087,-0.021184503610971628,-0.21404533091158118,0.277307861257547,-0.1151862539348749,0.021629754875811424,0.029840341426781877,0.9926599793645334,-0.021184498829739207,-0.21404533249018637,0.27730786088865683,-0.11518625400360907,0.021629754881218537,0.02984034111503579,0.9926599793658113,-0.020683958463274116,-0.21446108928473315,0.2774114552297339,-0.11566516959581971,0.02077312335987389,0.028713318763128225,0.9926558271696453,-0.020683958463274116,-0.21446108928473315,0.2774114552297339,-0.11566516959581971,0.02077312335987389,0.028713318763128225,0.9926558271696453,-0.10862066811597933,-0.6019410542763528,0.8225761252144252,-0.37346444491386704,0.48218741604837234,-0.32307243681685727,-0.10034666119911406,-0.5994173705960631,0.8214913213537324,-0.3505467570803596,0.48082709696078574,-0.3020508510470825,-0.10034666119911406,-0.5994173705960631,0.8214913213537324,-0.3505467570803596,0.48082709696078574,-0.3020508510470825,-0.1151188074165511,-0.039481045278516695,0.017094060724057347,-0.32880258073714363,0.012384165501402167,-0.30012172431437184,-0.06695474063628022,0.03418111000260274,-0.016232203395481367,-0.061182406591009375,0.09278760823383185,-0.07458636316858211,0.5,0.0,0.0,0.5,True,False,True,False,1,True,True,0.006569599994691089,4,5.048589678595507e-09,6.38563646828282e-10,`gtol` termination condition is satisfied.,True,True,0.0,0.011321900004986674,True,0.02291768783350745,0.022948848578169645,False,False,False,False,False,False,1.0,False,False,False,0.0006588825071103485,0.002988895947281875,0.0006588870774290298,0.0029888964553298368
2.482741200008266,1786138891.382722,0.011200400011148304,0.008079699997324497,0.011200400011148304,TELEOP,0,,0.0,2.482741200008266,450,-0.020173823969819094,0.04012977975788881,0.0,0.03245665353152739,0.037354193843916354,0.06867375570941263,0.9964111325755898,-0.017866764474109002,0.038175132048832265,0.0,0.030991973361329417,0.03543956162720444,0.0653954596486764,0.996748197347846,-0.02136002537136996,-0.21389922263529537,0.27726871160426303,-0.11504415963141142,0.021853815026259545,0.030129524123262617,0.9926628147964475,-0.021264301114247427,-0.21397890566818642,0.2772900626405602,-0.11509945573392048,0.021766625575303098,0.03001699330245379,0.9926617296007239,-0.021264296385162834,-0.21397890723160518,0.277290062272504,-0.1150994558019864,0.021766625580679506,0.03001699299426412,0.9926617296020329,-0.020760970814121836,-0.21439102474257754,0.27739269051257665,-0.11557297393573428,0.02091697282498009,0.028900621343669844,0.9926581093354544,-0.020760970814121836,-0.21439102474257754,0.27739269051257665,-0.11557297393573428,0.02091697282498009,0.028900621343669844,0.9926581093354544,-0.10994181435759019,-0.6023430940903931,0.8227494087704205,-0.3771123113799118,0.4824060373158429,-0.3264176013612733,-0.10164359714279544,-0.5998550116716539,0.821680636544589,-0.35423460029289255,0.4809773342511863,-0.30541933235371244,-0.10164359714279544,-0.5998550116716539,0.821680636544589,-0.35423460029289255,0.4809773342511863,-0.30541933235371244,-0.11579371650927427,-0.03907370050668833,0.01690253836186277,-0.32925995579285516,0.013413564716525222,-0.3007465182740886,-0.060257588305006465,0.0363687699924029,-0.01709960019320249,-0.040835600090737,0.09190736171015713,-0.05578318266266091,0.5,0.0,0.0,0.5,True,False,True,False,1,True,True,0.004450200009159744,4,4.9943953241425675e-09,6.313302089100836e-10,`gtol` termination condition is satisfied.,True,True,0.0,0.011200400011148304,True,0.022877711087019248,0.02291768783350745,False,False,False,False,False,False,1.0,False,False,False,0.0006585666473290369,0.0029613702216360624,0.0006585711826493254,0.00296137072371714
2.4911558999953085,1786138891.3918638,0.008414699987042695,0.008807100006379187,0.008414699987042695,TELEOP,0,,0.0,2.4911558999953085,451,-0.020386410491550384,0.04028691247073971,0.0,0.032573246547605725,0.03750915234875167,0.06893675040885125,0.9963833456770014,-0.01806896098251011,0.03834459612980358,0.0,0.031118935748233045,0.035605727955199326,0.06567979139792465,0.9967196240551316,-0.021420684306264558,-0.21385011570025264,0.27725555342066577,-0.11498012668139078,0.0219549830121331,0.03025995162698702,0.9926640340602659,-0.021324524519908215,-0.21392930845518757,0.2772767730873676,-0.115034694534214,0.021868851989903557,0.03014885304616896,0.9926629936821783,-0.021324520953703328,-0.21392930964984935,0.27727677283434465,-0.11503469458437166,0.021868851993983515,0.030148852813821077,0.9926629936833327,-0.02081894986897847,-0.21433880288761054,0.27737866524248567,-0.11550397348567783,0.021024211775626578,0.02904013091896039,0.9926598034696696,-0.02081894986897847,-0.21433880288761054,0.27737866524248567,-0.11550397348567783,0.021024211775626578,0.02904013091896039,0.9926598034696696,-0.11093712314523015,-0.6026419450074666,0.8228781425347936,-0.37985037176336983,0.4825771735501645,-0.3289296674523684,-0.10261829875356594,-0.6001800549838251,0.821821154824039,-0.35699720263673207,0.48109603318211597,-0.3079439458745044,-0.10261829875356594,-0.6001800549838251,0.821821154824039,-0.35699720263673207,0.48109603318211597,-0.3079439458745044,-0.11583319812606348,-0.038628033402464075,0.016699143126471208,-0.328306695199294,0.014106139388505716,-0.3000241868016044,-0.004691981514493709,0.05296292261286941,-0.02417141855381149,0.11328515514861526,0.08230533150878204,0.08584161926111289,0.5,0.0,0.0,0.5,True,False,True,False,1,True,True,0.004774300003191456,4,3.7694899767931025e-09,4.754758029128265e-10,`gtol` termination condition is satisfied.,True,True,0.0,0.008414699987042695,True,0.022853169126637762,0.022877711087019248,False,False,False,False,False,False,1.0,False,False,False,0.0006585354176646702,0.002941370152247972,0.0006585388592351631,0.002941370529891622
2.500302899999613,1786138891.4015644,0.009147000004304573,0.009361299977172166,0.009147000004304573,TELEOP,0,,0.0,2.500302899999613,452,-0.02061843642956365,0.04045644228248954,0.0,0.032698942915956444,0.03767640810734009,0.06922043803320384,0.9963532497878449,-0.018289813753863973,0.03852753605734873,0.0,0.031255879498056575,0.03578519575301588,0.06598666626818687,0.9966886422732689,-0.021486940118643383,-0.2137971037632971,0.2772413488932296,-0.11491105272670116,0.022064237505250807,0.03040071490653702,0.9926653091136634,-0.02139030946695395,-0.21387576015857726,0.2772624248427799,-0.11496483081295955,0.021979257371195295,0.030291171222494747,0.9926643163061358,-0.021390305597035374,-0.21387576145072257,0.27726242455601124,-0.11496483086790495,0.021979257375637915,0.030291170970474728,0.9926643163073643,-0.020882216720262334,-0.2142824646674392,0.27736354109638456,-0.11542965037023337,0.021139943722879622,0.029190606214891068,0.9926615773281479,-0.020882216720262334,-0.2142824646674392,0.27736354109638456,-0.11542965037023337,0.021139943722879622,0.029190606214891068,0.9926615773281479,-0.11202199955972715,-0.602963156097272,0.823016439757881,-0.382823518182265,0.4827703418832028,-0.3316588254277288,-0.10367961661479416,-0.6005293703242941,0.8219720632053915,-0.35999449510014236,0.48123219754688246,-0.3106845144189967,-0.10367961661479416,-0.6005293703242941,0.8219720632053915,-0.35999449510014236,0.48123219754688246,-0.3106845144189967,-0.11602906534697259,-0.03818906092758748,0.016498128488193237,-0.32768038285774215,0.014886232065420973,-0.2996139218544428,-0.02141327438689531,0.04799086855471835,-0.021976018168074103,0.0684718860016531,0.08528399218849307,0.044852404828746306,0.5,0.0,0.0,0.5,True,False,True,False,1,True,True,0.005221500003244728,4,4.090005568651076e-09,5.159625275323695e-10,`gtol` termination condition is satisfied.,True,True,0.0,0.009147000004304573,True,0.022829023082122646,0.022853169126637762,False,False,False,False,False,False,1.0,False,False,False,0.0006586246031884987,0.0029201063264132758,0.0006586283424757066,0.002920106736223077
2.5100270000035634,1786138891.4103096,0.009724100003950298,0.008381100022234023,0.009724100003950298,TELEOP,0,,0.0,2.5100270000035634,453,-0.02086616537243905,0.04063520247142778,0.0,0.032831375833274445,0.037852850963636414,0.06951950829527952,0.9963213840931057,-0.018525786068184672,0.03872057786933105,0.0,0.031400257715581054,0.03597467110649781,0.06631041200779819,0.9966557962072616,-0.02155773179286157,-0.21374116452384045,0.27722635999609435,-0.11483822103296651,0.02217957113631876,0.030549211228853644,0.992666608337103,-0.021460604402484432,-0.21381924803323665,0.2772472824413174,-0.11489116326517843,0.022095812421559186,0.03044131503230588,0.9926656647714323,-0.02146060029424615,-0.21381924940226488,0.27724728212692973,-0.11489116332391436,0.022095812426294145,0.030441314764891793,0.9926656647727292,-0.020949821090337554,-0.21422299800266248,0.27734758495177175,-0.115351334595825,0.021262147488311043,0.029349400908119234,0.9926633887463977,-0.020949821090337554,-0.21422299800266248,0.27734758495177175,-0.115351334595825,0.021262147488311043,0.029349400908119234,0.9926633887463977,-0.11317863602679316,-0.6033004884113129,0.823161602166756,-0.3859804204212214,0.48298381025067383,-0.33455824457382266,-0.10481109644254129,-0.6008965284549178,0.8221305673452307,-0.3631775158135566,0.48138523714293374,-0.3135965808930964,-0.10481109644254129,-0.6008965284549178,0.8221305673452307,-0.3631775158135566,0.48138523714293374,-0.3135965808930964,-0.11635830845913443,-0.037757543677522064,0.016300134693681814,-0.32733319403556155,0.015738175871196577,-0.29946899691659645,-0.033858466287686566,0.04437606049815636,-0.020361143389207095,0.03570395430318035,0.08761158414963971,0.014903686488977608,0.5,0.0,0.0,0.5,True,False,True,False,1,True,True,0.004703200014773756,4,4.341739244280318e-09,5.476652367425899e-10,`gtol` termination condition is satisfied.,True,True,0.0,0.009724100003950298,True,0.022802904607664765,0.022829023082122646,False,False,False,False,False,False,1.0,False,False,False,0.0006587632231233111,0.0028976102197395288,0.0006587671996863038,0.0028976106546793876
2.5203653999993803,1786138891.4216988,0.010338399995816872,0.00943040000856854,0.010338399995816872,TELEOP,0,,0.0,2.5203653999993803,456,-0.02113073665799712,0.04082359163633314,0.0,0.03297082310985145,0.03803888736720323,0.06983461769996055,0.9962876562730387,-0.01877799124953201,0.03892418340454968,0.0,0.03155239510635439,0.03617462296037032,0.06665179095646363,0.9966209820082174,-0.021633393326089035,-0.2136821641511849,0.2772105508693478,-0.11476146650806668,0.022301267254901867,0.03070578938951045,0.992667927245416,-0.021535742702631398,-0.21375963628463587,0.2772313094968604,-0.11481352535578086,0.022218803113661922,0.03059963640186644,0.9926670345265061,-0.021535738341505746,-0.21375963773540294,0.2772313091527899,-0.11481352541854911,0.02221880311871004,0.030599636118132323,0.9926670345278794,-0.021022165859274987,-0.2141601953972987,0.27733074519566525,-0.1152688002969604,0.021391258498896504,0.02951706432914148,0.9926652309068361,-0.021022165859274987,-0.2141601953972987,0.27733074519566525,-0.1152688002969604,0.021391258498896504,0.02951706432914148,0.9926652309068361,-0.11441201399754017,-0.6036544319788032,0.8233138323957512,-0.3893321262608199,0.48321990831699635,-0.3376383534967804,-0.10601893591611775,-0.6012824938516,0.8222970681566333,-0.3665610821400523,0.4815575577320898,-0.316694018225269,-0.10601893591611775,-0.6012824938516,0.8222970681566333,-0.3665610821400523,0.4815575577320898,-0.316694018225269,-0.11683040645217578,-0.037333184713143945,0.01610508506828073,-0.32728142922161485,0.016668013350786996,-0.29960509686468567,-0.04566451222939461,0.04104687036193431,-0.018866519527199928,0.0050070430596280135,0.08994017255732523,-0.013164507868170666,0.5,0.0,0.0,0.5,True,False,True,False,1,True,True,0.004834199993638322,4,4.608961549029517e-09,5.812822765180022e-10,`gtol` termination condition is satisfied.,True,True,0.0,0.010338399995816872,True,0.022771044120767636,0.022802904607664765,False,False,False,False,False,False,1.0,False,False,False,0.0006588555696287104,0.0028733747399841305,0.0006588597991727558,0.002873375201545176
2.53015259998904,1786138891.430557,0.009787199989659712,0.008503499993821606,0.009787199989659712,TELEOP,0,,0.0,2.53015259998904,457,-0.021382324759672822,0.04100034955752408,0.0,0.033101549572420556,0.038213521135804555,0.0701302063492277,0.9962558749516727,-0.019017932070886586,0.03911546003594451,0.0,0.03169519454079212,0.03636256224899342,0.06697242434299001,0.9965881160676822,-0.02170537555260098,-0.21362673642141447,0.2771956990307013,-0.11468941494509696,0.022415639497081384,0.030852847048146257,0.9926691186062514,-0.021607233154052267,-0.21370362666611462,0.2772163017415732,-0.11474064092060772,0.022334399154271666,0.03074833936690351,0.9926682726680267,-0.02160722902528784,-0.21370362804391443,0.2772163014185219,-0.1147406409798531,0.022334399159074567,0.030748339098398327,0.9926682726693875,-0.021091001923466825,-0.21410116892131859,0.27731491040834155,-0.1151912307859088,0.021512645563189402,0.029674588501131388,0.9926669155503213,-0.021091001923466825,-0.21410116892131859,0.27731491040834155,-0.1151912307859088,0.021512645563189402,0.029674588501131388,0.9926669155503213,-0.11558294114788918,-0.6039852260184871,0.8234560353299469,-0.3925006622181347,0.48345191382511743,-0.3405517137319045,-0.10716563489621438,-0.6016436317054766,0.8224527545122912,-0.3697606149253236,0.48172908616975035,-0.31962465618770464,-0.10716563489621438,-0.6016436317054766,0.8224527545122912,-0.3697606149253236,0.48172908616975035,-0.31962465618770464,-0.11716312952715154,-0.03689899606200874,0.0159071395110263,-0.3269099220054425,0.01752579265180796,-0.2994357901679613,-0.0339957368120895,0.04436290783818982,-0.020224942523251004,0.03795847806981195,0.08764297265072929,0.017298787896770362,0.5,0.0,0.0,0.5,True,False,True,False,1,True,True,0.004848800017498434,4,4.364560709426248e-09,5.500180630966143e-10,`gtol` termination condition is satisfied.,True,True,0.0,0.009787199989659712,True,0.022740047292811094,0.022771044120767636,False,False,False,False,False,False,1.0,False,False,False,0.000658978681548229,0.0028504404406386385,0.0006589826987609402,0.0028504408771388053
2.5403838000125942,1786138891.4417143,0.010231200023554265,0.00942739998572506,0.010231200023554265,TELEOP,0,,0.0,2.5403838000125942,460,-0.021646483057390455,0.04118346849143663,0.0,0.03323686684466706,0.03839452450369735,0.07043636519647545,0.9962228112367201,-0.01927003679730092,0.03931379921782736,0.0,0.031843132008079714,0.03655754311756014,0.06730481751661635,0.9965538733677065,-0.021781006949896292,-0.213569262120706,0.2771802988139895,-0.11461476255760922,0.02253428321407389,0.0310052924852299,0.9926703048453682,-0.021682354895328326,-0.21364554139170466,0.27720073781492943,-0.11466512262136261,0.022454318736113546,0.03090249731469873,0.9926695063736168,-0.021682350585714803,-0.21364554282837828,0.2772007374695199,-0.11466512268351996,0.022454318741148976,0.030902497034567634,0.9926695063750437,-0.02116340150305773,-0.2140398919199535,0.2772984802519625,-0.11511084876958849,0.021638708803431862,0.029838076058019126,0.9926685992787427,-0.02116340150305773,-0.2140398919199535,0.2772984802519625,-0.11511084876958849,0.021638708803431862,0.029838076058019126,0.9926685992787427,-0.11681045766297517,-0.604326379988737,0.8236026234454071,-0.39580778551165713,0.48370340075635154,-0.3435942089794691,-0.10836879937906704,-0.6020167501871994,0.8226134967389321,-0.3731035681700239,0.4819177557155589,-0.3226884839116957,-0.10836879937906704,-0.6020167501871994,0.8226134967389321,-0.3731035681700239,0.4819177557155589,-0.3226884839116957,-0.11759759168843731,-0.03646869192897482,0.015710984661712078,-0.3267410701583552,0.018440607687679654,-0.2994592732951692,-0.042464438216979414,0.04205803151568479,-0.01917222308845815,0.016503620953414733,0.0894142460088363,-0.002295246613676777,0.5,0.0,0.0,0.5,True,False,True,False,1,True,True,0.004780999996000901,4,4.555887130008508e-09,5.739838273636595e-10,`gtol` termination condition is satisfied.,True,True,0.0,0.010231200023554265,True,0.022704217341633248,0.022740047292811094,False,False,False,False,False,False,1.0,False,False,False,0.0006590698050559268,0.0028262232641747863,0.0006590740068281207,0.0028262237195874154
2.5501681000092757,1786138891.4516761,0.009784299996681511,0.009607100015273318,0.009784299996681511,TELEOP,0,,0.0,2.5501681000092757,461,-0.02190019909116707,0.04135699685523542,0.0,0.033364990292295345,0.038566127887116046,0.07072642628115033,0.9961913490028342,-0.01951229241234516,0.03950198752045622,0.0,0.03198337644569567,0.036742636901695526,0.06762012718570738,0.9965212294096056,-0.021853683614836347,-0.21351472931964713,0.27716568677081016,-0.11454398439646901,0.022646898486681902,0.031149897836727423,0.9926713844431484,-0.02175454766847319,-0.21359042111607443,0.2771859683583908,-0.11459351983087504,0.02256815221983129,0.031048735268685488,0.9926706300462247,-0.021754543548275825,-0.213590422493379,0.27718596802991324,-0.11459351989016311,0.02256815222466873,0.03104873500097842,0.9926706300476438,-0.02123298274930235,-0.21398172247618313,0.27728287722325756,-0.11503455617631778,0.021758416291513837,0.029993217701412087,0.9926701512071966,-0.02123298274930235,-0.21398172247618313,0.27728287722325756,-0.11503455617631778,0.021758416291513837,0.029993217701412087,0.9926701512071966,-0.11798753139981466,-0.604648326548324,0.8237408980214141,-0.3989654254670101,0.48395231836026315,-0.34650073320745867,-0.10952256455019724,-0.602369293973961,0.8227652809749686,-0.3762963509914459,0.4821065504884724,-0.32561632192862733,-0.10952256455019724,-0.602369293973961,0.8227652809749686,-0.3762963509914459,0.4821065504884724,-0.32561632192862733,-0.11792005268864462,-0.03603157986582596,0.015513039878988834,-0.32631693861644756,0.019295685228123187,-0.29923837350905347,-0.03295698213634877,0.04467484268645795,-0.0202308578835869,0.04334817432534582,0.08739281713904369,0.022576963726649718,0.5,0.0,0.0,0.5,True,False,True,False,1,True,True,0.005506299989065155,4,4.3567065234534345e-09,5.484799465009165e-10,`gtol` termination condition is satisfied.,True,True,0.0,0.009784299996681511,True,0.022669074475564155,0.022704217341633248,False,False,False,False,False,False,1.0,False,False,False,0.0006591909702984459,0.0028030716064058546,0.0006591949995429007,0.0028030720413573097
2.5601049000030143,1786138891.4596949,0.009936799993738532,0.007689299993216991,0.009936799993738532,TELEOP,0,,0.0,2.5601049000030143,462,-0.02215895649042667,0.041531630070321644,0.0,0.03349382453543249,0.03873890218435052,0.07101827205713285,0.996159558609744,-0.019759512747842465,0.039691568702925825,0.0,0.032124535595743804,0.03692919396818574,0.0679376980236389,0.9964881926208995,-0.021927849695767457,-0.21345979289259173,0.2771509665760287,-0.11447273684564614,0.02276039156142666,0.03129553494866827,0.9926724266278956,-0.021828226209949043,-0.2135348851414984,0.2771710875153115,-0.11452143893214425,0.022682879633101408,0.031196024028851053,0.9926717156649789,-0.021828222030800103,-0.21353488653875535,0.2771710871774476,-0.11452143899243601,0.02268287963803006,0.031196023757436814,0.9926717156664402,-0.021304025087385655,-0.2139230779397952,0.27726714980526124,-0.11495773381177163,0.021879142823559745,0.03014958083570996,0.9926716603800066,-0.021304025087385655,-0.2139230779397952,0.27726714980526124,-0.11495773381177163,0.021879142823559745,0.03014958083570996,0.9926716603800066,-0.11918611891254358,-0.6049708592680333,0.8238793688098862,-0.40216683849170454,0.48421359661603,-0.3494491365759029,-0.1106978602284196,-0.6027229978739077,0.8229174722665652,-0.3795352735787401,0.4823069799243523,-0.32858815447771256,-0.1106978602284196,-0.6027229978739077,0.8229174722665652,-0.3795352735787401,0.4823069799243523,-0.32858815447771256,-0.11827707903580109,-0.03559535264567559,0.01531592582043281,-0.3259522773262174,0.02017042065918589,-0.2990733989773241,-0.03592971050855754,0.043900171124028504,-0.019836774281482165,0.03669806079018706,0.08802989207933155,0.016602380226364566,0.5,0.0,0.0,0.5,True,False,True,False,1,True,True,0.004512500017881393,4,4.419475632072932e-09,5.561554075411637e-10,`gtol` termination condition is satisfied.,True,True,0.0,0.009936799993738532,True,0.02263156491296442,0.022669074475564155,False,False,False,False,False,False,1.0,False,False,False,0.0006593201254237539,0.0027794885419142345,0.0006593242215303512,0.0027794889828056824
2.5701648000027744,1786138891.4708982,0.010059899999760091,0.008829900005366653,0.010059899999760091,TELEOP,0,,0.0,2.5701648000027744,465,-0.022422024928063496,0.041706777517948435,0.0,0.03362293233912749,0.03891226409060448,0.07131091455770099,0.9961275458440078,-0.020011003560840162,0.039881913155873784,0.0,0.03226613875441708,0.037116596043828186,0.06825647417603868,0.9964548701878354,-0.022003296919869294,-0.2134046352863748,0.27713618711619853,-0.11440125734875926,0.022874386146237775,0.031441719556745205,0.9926734271888066,-0.021903183972082123,-0.21347911774521222,0.2771561446626993,-0.1144491202958251,0.02279812041194301,0.03134387356612109,0.9926727588480836,-0.021903179746750934,-0.21347911915837556,0.2771561443167439,-0.11444912035692009,0.02279812041694877,0.03134387329183295,0.9926727588495854,-0.021376346942097935,-0.21386413950842445,0.27725134672192575,-0.1148806218302465,0.02200051594921277,0.03030668066338305,0.9926731209884914,-0.021376346942097935,-0.21386413950842445,0.27725134672192575,-0.1148806218302465,0.02200051594921277,0.03030668066338305,0.9926731209884914,-0.12040274098318753,-0.6052928277209989,0.8240175450349765,-0.4054020501138281,0.4844867854646242,-0.35243028164554707,-0.11189155379796167,-0.6030766908064108,0.8230695691721445,-0.3828110096145204,0.48251884507259035,-0.3315954787293686,-0.11189155379796167,-0.6030766908064108,0.8230695691721445,-0.3828110096145204,0.48251884507259035,-0.3315954787293686,-0.11865859199102784,-0.03515869268198822,0.015119126987634837,-0.32562312109050817,0.02106036324845122,-0.29894176400638034,-0.037924129984974984,0.04340599446294516,-0.019562702691146596,0.03271963297021632,0.08846435742766345,0.013085117242408323,0.5,0.0,0.0,0.5,True,False,True,False,1,True,True,0.004977899981895462,4,4.468796190765259e-09,5.621170441486523e-10,`gtol` termination condition is satisfied.,True,True,0.0,0.010059899999760091,True,0.022591040499307713,0.02263156491296442,False,False,False,False,False,False,1.0,False,False,False,0.0006594368597240566,0.002755456686891541,0.0006594410105464887,0.0027554571323498297
2.5800839000072555,1786138891.4814136,0.009919100004481152,0.009426799981156364,0.009919100004481152,TELEOP,0,,0.0,2.5800839000072555,467,-0.022682490254692544,0.04187784212820704,0.0,0.03374892819344489,0.03908166094653775,0.07159667467734585,0.996096154896002,-0.020260139834090026,0.04006804385662196,0.0,0.032404488106403444,0.03729993921401561,0.06856812311711952,0.9964221375387985,-0.02207803778248505,-0.2133506987319286,0.2771217348365579,-0.11433141273435875,0.02298589978652819,0.03158463079210451,0.9926743612942242,-0.021977446056904004,-0.21342457696262798,0.27714153048059065,-0.11437845246378381,0.02291085974392195,0.03148841986672103,0.9926737336769225,-0.021977441894948425,-0.21342457835662026,0.27714153013845527,-0.11437845252396253,0.02291085974887571,0.031488419596664624,0.9926737336784405,-0.02144802408297619,-0.21380646047979493,0.2772358801452679,-0.11480521269326563,0.022119332976480107,0.030460373921285533,0.9926745004621128,-0.02144802408297619,-0.21380646047979493,0.2772358801452679,-0.11480521269326563,0.022119332976480107,0.030460373921285533,0.9926745004621128,-0.12160538559195096,-0.6056058277810574,0.8241518259227636,-0.4085859813569099,0.48476462963209227,-0.35536573011259404,-0.11307193993817775,-0.6034210741916664,0.8232175807038628,-0.3860366721599793,0.4827363686085576,-0.3345584814870434,-0.11307193993817775,-0.6034210741916664,0.8232175807038628,-0.3860366721599793,0.4827363686085576,-0.3345584814870434,-0.11900133476654248,-0.03471921697533103,0.014921871102361704,-0.32519709893050736,0.021929765388896877,-0.2987168953167313,-0.03455381792297745,0.04430600623631705,-0.019886470061197013,0.04294967888299889,0.08764929681653438,0.022670271450783014,0.5,0.0,0.0,0.5,True,False,True,False,1,True,True,0.005190800002310425,4,4.40251579659665e-09,5.534574483999387e-10,`gtol` termination condition is satisfied.,True,True,0.0,0.009919100004481152,True,0.0225493091969306,0.022591040499307713,False,False,False,False,False,False,1.0,False,False,False,0.0006595597769871959,0.002731679089613891,0.0006595638758953746,0.002731679528014508
2.590409899995964,1786138891.4901543,0.010325999988708645,0.007841700018616393,0.010325999988708645,TELEOP,0,,0.0,2.590409899995964,469,-0.022954767460669837,0.04205419594872261,0.0,0.033878713845115156,0.039256374175532356,0.07189120753171252,0.996063664689373,-0.02052074594387003,0.040260125863411336,0.0,0.032547134504225056,0.03748923999980057,0.06888966211790597,0.9963882051555418,-0.022156219595440858,-0.21329503762050298,0.2771068204623294,-0.11425939087813888,0.023101024230538728,0.03173207189942695,0.9926752791767439,-0.022055134041752387,-0.21336828423311868,0.27712644686477794,-0.11430557900346343,0.023027255497522697,0.03163755427005629,0.9926746925719141,-0.02205512971755261,-0.21336828568023863,0.2771264465018272,-0.11430557906626061,0.023027255502692554,0.03163755398960783,0.9926746925735013,-0.02152309282295346,-0.21374685186434347,0.2772199044076841,-0.11472742298790202,0.0222421693159569,0.030619163825567116,0.9926758640791558,-0.02152309282295346,-0.21374685186434347,0.2772199044076841,-0.11472742298790202,0.0222421693159569,0.030619163825567116,0.9926758640791558,-0.12286056062614004,-0.6059268424004006,0.8242895011449788,-0.41189376231341585,0.48506286135797555,-0.358417037401566,-0.11430522125679847,-0.6037750570550964,0.82336963422612,-0.38939201377194144,0.48297234694704705,-0.33764238579437356,-0.11430522125679847,-0.6037750570550964,0.82336963422612,-0.38939201377194144,0.48297234694704705,-0.33764238579437356,-0.11943456517231142,-0.03428073443899935,0.014725307226752462,-0.3249410822807674,0.022852831565704643,-0.2986543008621302,-0.04195529791232548,0.04246392957690794,-0.019035819855140586,0.024793400156878503,0.08939242473534059,0.006061829814989206,0.5,0.0,0.0,0.5,True,False,True,False,1,True,True,0.004126099986024201,4,4.57434072695354e-09,5.748880603749941e-10,`gtol` termination condition is satisfied.,True,True,0.0,0.010325999988708645,True,0.02250174854147441,0.0225493091969306,False,False,False,False,False,False,1.0,False,False,False,0.0006596286782194709,0.0027066087955088473,0.0006596329450825349,0.002706609250749743
2.600415699991234,1786138891.50106,0.010005799995269626,0.008742699981667101,0.010005799995269626,TELEOP,0,,0.0,2.600415699991234,471,-0.02321968775009577,0.04222339251881153,0.0,0.03400313108165456,0.03942407180350233,0.07217372691013413,0.996032370348965,-0.020774436176215928,0.0404446601925223,0.0,0.0326840585858961,0.03767119034095801,0.06919849722006761,0.9963554595199112,-0.02223232664595146,-0.2132415636586169,0.27709249213383236,-0.11419025065636622,0.023211666775406262,0.031873682836752425,0.9926761171313461,-0.022130766447435075,-0.21331419517030265,0.2771119537204544,-0.11423561791821232,0.02313912656248362,0.0317807990835424,0.9926755689702358,-0.022130762261388544,-0.21331419657425482,0.2771119533696362,-0.11423561797891148,0.02313912656751233,0.031780798812170295,0.9926755689718214,-0.021596207638735942,-0.21368953319592815,0.27720453850556886,-0.11465265276283783,0.022360321393035756,0.03077180116409281,0.9926771285240543,-0.021596207638735942,-0.21368953319592815,0.27720453850556886,-0.11465265276283783,0.022360321393035756,0.03077180116409281,0.9926771285240543,-0.12407979613230137,-0.6062333221804362,0.8244209051784173,-0.4150922779322824,0.4853604584713195,-0.3613691096646946,-0.1155036981396012,-0.6041136175496196,0.8235149898816221,-0.39263869417731584,0.48320976616297895,-0.340628070178189,-0.1155036981396012,-0.6041136175496196,0.8235149898816221,-0.39263869417731584,0.48320976616297895,-0.340628070178189,-0.11977821697108924,-0.033836424342201035,0.014527139815993186,-0.3244798423823523,0.02372815927203377,-0.2983953692085579,-0.03434525964343543,0.044405254653138035,-0.019805254037954276,0.04609725345631269,0.08748203109625904,0.0258781560389644,0.5,0.0,0.0,0.5,True,False,True,False,1,True,True,0.004972599999746308,4,4.429124143986718e-09,5.562553881900509e-10,`gtol` termination condition is satisfied.,True,True,0.0,0.010005799995269626,True,0.02245358375496659,0.02250174854147441,False,False,False,False,False,False,1.0,False,False,False,0.0006596955597577473,0.0026821890063047893,0.0006596997012830782,0.002682189446562595
2.6104609999962376,1786138891.5091085,0.01004530000500381,0.006744000012986362,0.01004530000500381,TELEOP,0,,0.0,2.6104609999962376,473,-0.023486718598097856,0.04239157828276213,0.0,0.0341267068515319,0.03959084037593883,0.07245450020891342,0.9960011438935565,-0.02103029205215019,0.04062831198244011,0.0,0.0328202118280488,0.03785235761888465,0.06950578675799644,0.9963227279980147,-0.02230908338963036,-0.21318834543675036,0.27707823233059803,-0.11412149230092625,0.023321821553714782,0.032014580261863816,0.9926769083065663,-0.022207050684405507,-0.2132603564784836,0.27709752766276685,-0.11416604010220624,0.023250510855462262,0.03192332929662415,0.9926763974624162,-0.022207046488513012,-0.21326035788668196,0.27709752730793225,-0.11416604016312427,0.023250510860525753,0.03192332902473595,0.9926763974640351,-0.021669991660280535,-0.21363243282707944,0.277189232444029,-0.11457824355581742,0.02247806009019641,0.03092380921842804,0.9926783370970013,-0.021669991660280535,-0.21363243282707944,0.277189232444029,-0.11457824355581742,0.02247806009019641,0.03092380921842804,0.9926783370970013,-0.12530675701369676,-0.606536394537628,0.8245508162093307,-0.41829641268920636,0.485667773369382,-0.36432792830010063,-0.11671038761484984,-0.6044490346289952,0.8236589272946818,-0.3958934509285442,0.4834569482246724,-0.34362283288216683,-0.11671038761484984,-0.6044490346289952,0.8236589272946818,-0.3958934509285442,0.4834569482246724,-0.34362283288216683,-0.12012478220138337,-0.03339044918605138,0.014328831691244949,-0.3240079190872451,0.02460673763554198,-0.2981257605532956,-0.03450023693881612,0.04439639990119846,-0.01974138399544608,0.04697951229650915,0.08746163510005375,0.026839283558285215,0.5,0.0,0.0,0.5,True,False,True,False,1,True,True,0.0035985000140499324,4,4.440095050168707e-09,5.573597252985986e-10,`gtol` termination condition is satisfied.,True,True,0.0,0.01004530000500381,True,0.022402961760662143,0.02245358375496659,False,False,False,False,False,False,1.0,False,False,False,0.0006597556227771978,0.0026575445017512555,0.0006597597831671927,0.0026575449426999636
2.620067000003135,1786138891.5188692,0.009606000006897375,0.006898499996168539,0.009606000006897375,TELEOP,0,,0.0,2.620067000003135,474,-0.023743059755554387,0.042550829474871724,0.0,0.0342436276149966,0.03974881650685735,0.07272030432670055,0.9959714669069099,-0.021276016492202877,0.04080244950400899,0.0,0.03294920687265948,0.03802421763430452,0.06979709481545635,0.9962915608370293,-0.022382800703534357,-0.21313788423889216,0.2770647112707779,-0.11405634210134324,0.02342630688706531,0.032148145651475696,0.9926776192215003,-0.022280319494617756,-0.21320929875841407,0.2770838467652716,-0.11410010998709752,0.023356169172315325,0.03205845021916187,0.9926771428979676,-0.02228031548569793,-0.21320930010760264,0.27708384642848033,-0.11410011004513416,0.023356169177175787,0.03205844995949305,0.9926771428995684,-0.021740842827687408,-0.21357827079897643,0.2771747074340713,-0.11450766392470017,0.02258976795660768,0.031067945797337237,0.9926794447504735,-0.021740842827687408,-0.21357827079897643,0.2771747074340713,-0.11450766392470017,0.02258976795660768,0.031067945797337237,0.9926794447504735,-0.1264826947178327,-0.6068219524767634,0.8246731943826826,-0.42135371338789745,0.48596956119319595,-0.3671525703043366,-0.11786664666944975,-0.6047654821322425,0.8237946663065101,-0.39899923336887894,0.4837011650079626,-0.3464820105151899,-0.11786664666944975,-0.6047654821322425,0.8237946663065101,-0.39899923336887894,0.4837011650079626,-0.3464820105151899,-0.12036842117111052,-0.032942692381849284,0.014130648733172591,-0.32331693088743346,0.02542335864198397,-0.2976449751166014,-0.02536320732377858,0.046612201111866695,-0.020631163640438974,0.0719329793166211,0.08501155588753216,0.050050534702164584,0.5,0.0,0.0,0.5,True,False,True,False,1,True,True,0.003560900018783286,4,4.243250676251982e-09,5.322493260510328e-10,`gtol` termination condition is satisfied.,True,True,0.0,0.009606000006897375,True,0.02235448001901852,0.022402961760662143,False,False,False,False,False,False,1.0,False,False,False,0.0006598680490604108,0.002634065329586469,0.0006598720345747013,0.0026340657504337677
