time_s,wall_time_s,cycle_period_s,state,fault_bits,fault_reason,message_age_s,master_raw.position[0],master_raw.position[1],master_raw.position[2],master_raw.orientation_xyzw[0],master_raw.orientation_xyzw[1],master_raw.orientation_xyzw[2],master_raw.orientation_xyzw[3],master_filtered.position[0],master_filtered.position[1],master_filtered.position[2],master_filtered.orientation_xyzw[0],master_filtered.orientation_xyzw[1],master_filtered.orientation_xyzw[2],master_filtered.orientation_xyzw[3],target_flange.position[0],target_flange.position[1],target_flange.position[2],target_flange.orientation_xyzw[0],target_flange.orientation_xyzw[1],target_flange.orientation_xyzw[2],target_flange.orientation_xyzw[3],actual_flange.position[0],actual_flange.position[1],actual_flange.position[2],actual_flange.orientation_xyzw[0],actual_flange.orientation_xyzw[1],actual_flange.orientation_xyzw[2],actual_flange.orientation_xyzw[3],target_joints_rad[0],target_joints_rad[1],target_joints_rad[2],target_joints_rad[3],target_joints_rad[4],target_joints_rad[5],actual_joints_rad[0],actual_joints_rad[1],actual_joints_rad[2],actual_joints_rad[3],actual_joints_rad[4],actual_joints_rad[5],actual_joint_velocity_rad_s[0],actual_joint_velocity_rad_s[1],actual_joint_velocity_rad_s[2],actual_joint_velocity_rad_s[3],actual_joint_velocity_rad_s[4],actual_joint_velocity_rad_s[5],grasp,deadman,clutch,ik_success,position_error_m,orientation_error_rad
0.01,1786130181.5175998,1.100008375942707e-06,READY,0,waiting for deadman,0.0,0.0,0.0,0.0,0.0,0.0,0.0,1.0,0.0,0.0,0.0,0.0,0.0,0.0,1.0,-0.016000000000000007,-0.29051699999999997,0.318,0.0,0.0,0.0,1.0,-0.016000000000000007,-0.29051699999999997,0.318,0.0,0.0,0.0,1.0,0.0,0.0,0.0,0.0,0.0,0.0,0.0,0.0,0.0,0.0,0.0,0.0,0.0,0.0,0.0,0.0,0.0,0.0,0.0,False,False,True,0.0,0.0
0.02,1786130181.5208778,0.0038526999996975064,READY,0,waiting for deadman,0.0,0.0,0.0,0.0,0.0,0.0,0.0,1.0,0.0,0.0,0.0,0.0,0.0,0.0,1.0,-0.016000000000000007,-0.29051699999999997,0.318,0.0,0.0,0.0,1.0,-0.016000000000000007,-0.29051699999999997,0.318,0.0,0.0,0.0,1.0,0.0,0.0,0.0,0.0,0.0,0.0,0.0,0.0,0.0,0.0,0.0,0.0,0.0,0.0,0.0,0.0,0.0,0.0,0.0,False,False,True,0.0,0.0
0.03,1786130181.5253444,0.0030761999951209873,READY,0,waiting for deadman,0.0,0.0,0.0,0.0,0.0,0.0,0.0,1.0,0.0,0.0,0.0,0.0,0.0,0.0,1.0,-0.016000000000000007,-0.29051699999999997,0.318,0.0,0.0,0.0,1.0,-0.016000000000000007,-0.29051699999999997,0.318,0.0,0.0,0.0,1.0,0.0,0.0,0.0,0.0,0.0,0.0,0.0,0.0,0.0,0.0,0.0,0.0,0.0,0.0,0.0,0.0,0.0,0.0,0.0,False,False,True,0.0,0.0
0.04,1786130181.5283446,0.004509699996560812,READY,0,waiting for deadman,0.0,0.0,0.0,0.0,0.0,0.0,0.0,1.0,0.0,0.0,0.0,0.0,0.0,0.0,1.0,-0.016000000000000007,-0.29051699999999997,0.318,0.0,0.0,0.0,1.0,-0.016000000000000007,-0.29051699999999997,0.318,0.0,0.0,0.0,1.0,0.0,0.0,0.0,0.0,0.0,0.0,0.0,0.0,0.0,0.0,0.0,0.0,0.0,0.0,0.0,0.0,0.0,0.0,0.0,False,False,True,0.0,0.0
0.05,1786130181.5312269,0.0029464999970514327,READY,0,waiting for deadman,0.0,0.0,0.0,0.0,0.0,0.0,0.0,1.0,0.0,0.0,0.0,0.0,0.0,0.0,1.0,-0.016000000000000007,-0.29051699999999997,0.318,0.0,0.0,0.0,1.0,-0.016000000000000007,-0.29051699999999997,0.318,0.0,0.0,0.0,1.0,0.0,0.0,0.0,0.0,0.0,0.0,0.0,0.0,0.0,0.0,0.0,0.0,0.0,0.0,0.0,0.0,0.0,0.0,0.0,False,False,True,0.0,0.0
0.060000000000000005,1786130181.5341053,0.002897700003813952,READY,0,waiting for deadman,0.0,0.0,0.0,0.0,0.0,0.0,0.0,1.0,0.0,0.0,0.0,0.0,0.0,0.0,1.0,-0.016000000000000007,-0.29051699999999997,0.318,0.0,0.0,0.0,1.0,-0.016000000000000007,-0.29051699999999997,0.318,0.0,0.0,0.0,1.0,0.0,0.0,0.0,0.0,0.0,0.0,0.0,0.0,0.0,0.0,0.0,0.0,0.0,0.0,0.0,0.0,0.0,0.0,0.0,False,False,True,0.0,0.0
0.07,1786130181.5369625,0.0028670000028796494,READY,0,waiting for deadman,0.0,0.0,0.0,0.0,0.0,0.0,0.0,1.0,0.0,0.0,0.0,0.0,0.0,0.0,1.0,-0.016000000000000007,-0.29051699999999997,0.318,0.0,0.0,0.0,1.0,-0.016000000000000007,-0.29051699999999997,0.318,0.0,0.0,0.0,1.0,0.0,0.0,0.0,0.0,0.0,0.0,0.0,0.0,0.0,0.0,0.0,0.0,0.0,0.0,0.0,0.0,0.0,0.0,0.0,False,False,True,0.0,0.0
0.08,1786130181.5399287,0.0028584999963641167,READY,0,waiting for deadman,0.0,0.0,0.0,0.0,0.0,0.0,0.0,1.0,0.0,0.0,0.0,0.0,0.0,0.0,1.0,-0.016000000000000007,-0.29051699999999997,0.318,0.0,0.0,0.0,1.0,-0.016000000000000007,-0.29051699999999997,0.318,0.0,0.0,0.0,1.0,0.0,0.0,0.0,0.0,0.0,0.0,0.0,0.0,0.0,0.0,0.0,0.0,0.0,0.0,0.0,0.0,0.0,0.0,0.0,False,False,True,0.0,0.0
0.09,1786130181.5428355,0.0029728000081377104,READY,0,waiting for deadman,0.0,0.0,0.0,0.0,0.0,0.0,0.0,1.0,0.0,0.0,0.0,0.0,0.0,0.0,1.0,-0.016000000000000007,-0.29051699999999997,0.318,0.0,0.0,0.0,1.0,-0.016000000000000007,-0.29051699999999997,0.318,0.0,0.0,0.0,1.0,0.0,0.0,0.0,0.0,0.0,0.0,0.0,0.0,0.0,0.0,0.0,0.0,0.0,0.0,0.0,0.0,0.0,0.0,0.0,False,False,True,0.0,0.0
0.09999999999999999,1786130181.5457342,0.0029042999958619475,READY,0,waiting for deadman,0.0,0.0,0.0,0.0,0.0,0.0,0.0,1.0,0.0,0.0,0.0,0.0,0.0,0.0,1.0,-0.016000000000000007,-0.29051699999999997,0.318,0.0,0.0,0.0,1.0,-0.016000000000000007,-0.29051699999999997,0.318,0.0,0.0,0.0,1.0,0.0,0.0,0.0,0.0,0.0,0.0,0.0,0.0,0.0,0.0,0.0,0.0,0.0,0.0,0.0,0.0,0.0,0.0,0.0,False,False,True,0.0,0.0
0.10999999999999999,1786130181.5486274,0.002892699994845316,READY,0,waiting for deadman,0.0,0.0,0.0,0.0,0.0,0.0,0.0,1.0,0.0,0.0,0.0,0.0,0.0,0.0,1.0,-0.016000000000000007,-0.29051699999999997,0.318,0.0,0.0,0.0,1.0,-0.016000000000000007,-0.29051699999999997,0.318,0.0,0.0,0.0,1.0,0.0,0.0,0.0,0.0,0.0,0.0,0.0,0.0,0.0,0.0,0.0,0.0,0.0,0.0,0.0,0.0,0.0,0.0,0.0,False,False,True,0.0,0.0
0.11999999999999998,1786130181.551509,0.0028978000045754015,READY,0,waiting for deadman,0.0,0.0,0.0,0.0,0.0,0.0,0.0,1.0,0.0,0.0,0.0,0.0,0.0,0.0,1.0,-0.016000000000000007,-0.29051699999999997,0.318,0.0,0.0,0.0,1.0,-0.016000000000000007,-0.29051699999999997,0.318,0.0,0.0,0.0,1.0,0.0,0.0,0.0,0.0,0.0,0.0,0.0,0.0,0.0,0.0,0.0,0.0,0.0,0.0,0.0,0.0,0.0,0.0,0.0,False,False,True,0.0,0.0
0.12999999999999998,1786130181.554652,0.0028891999972984195,READY,0,waiting for deadman,0.0,0.0,0.0,0.0,0.0,0.0,0.0,1.0,0.0,0.0,0.0,0.0,0.0,0.0,1.0,-0.016000000000000007,-0.29051699999999997,0.318,0.0,0.0,0.0,1.0,-0.016000000000000007,-0.29051699999999997,0.318,0.0,0.0,0.0,1.0,0.0,0.0,0.0,0.0,0.0,0.0,0.0,0.0,0.0,0.0,0.0,0.0,0.0,0.0,0.0,0.0,0.0,0.0,0.0,False,False,True,0.0,0.0
0.13999999999999999,1786130181.558748,0.003199200000381097,READY,0,waiting for deadman,0.0,0.0,0.0,0.0,0.0,0.0,0.0,1.0,0.0,0.0,0.0,0.0,0.0,0.0,1.0,-0.016000000000000007,-0.29051699999999997,0.318,0.0,0.0,0.0,1.0,-0.016000000000000007,-0.29051699999999997,0.318,0.0,0.0,0.0,1.0,0.0,0.0,0.0,0.0,0.0,0.0,0.0,0.0,0.0,0.0,0.0,0.0,0.0,0.0,0.0,0.0,0.0,0.0,0.0,False,False,True,0.0,0.0
0.15,1786130181.5617146,0.004039200008264743,READY,0,waiting for deadman,0.0,0.0,0.0,0.0,0.0,0.0,0.0,1.0,0.0,0.0,0.0,0.0,0.0,0.0,1.0,-0.016000000000000007,-0.29051699999999997,0.318,0.0,0.0,0.0,1.0,-0.016000000000000007,-0.29051699999999997,0.318,0.0,0.0,0.0,1.0,0.0,0.0,0.0,0.0,0.0,0.0,0.0,0.0,0.0,0.0,0.0,0.0,0.0,0.0,0.0,0.0,0.0,0.0,0.0,False,False,True,0.0,0.0
0.16,1786130181.5645852,0.0029556999943451956,READY,0,waiting for deadman,0.0,0.0,0.0,0.0,0.0,0.0,0.0,1.0,0.0,0.0,0.0,0.0,0.0,0.0,1.0,-0.016000000000000007,-0.29051699999999997,0.318,0.0,0.0,0.0,1.0,-0.016000000000000007,-0.29051699999999997,0.318,0.0,0.0,0.0,1.0,0.0,0.0,0.0,0.0,0.0,0.0,0.0,0.0,0.0,0.0,0.0,0.0,0.0,0.0,0.0,0.0,0.0,0.0,0.0,False,False,True,0.0,0.0
0.17,1786130181.5675175,0.002882600005250424,READY,0,waiting for deadman,0.0,0.0,0.0,0.0,0.0,0.0,0.0,1.0,0.0,0.0,0.0,0.0,0.0,0.0,1.0,-0.016000000000000007,-0.29051699999999997,0.318,0.0,0.0,0.0,1.0,-0.016000000000000007,-0.29051699999999997,0.318,0.0,0.0,0.0,1.0,0.0,0.0,0.0,0.0,0.0,0.0,0.0,0.0,0.0,0.0,0.0,0.0,0.0,0.0,0.0,0.0,0.0,0.0,0.0,False,False,True,0.0,0.0
0.18000000000000002,1786130181.5705514,0.0029224999889265746,READY,0,waiting for deadman,0.0,0.0,0.0,0.0,0.0,0.0,0.0,1.0,0.0,0.0,0.0,0.0,0.0,0.0,1.0,-0.016000000000000007,-0.29051699999999997,0.318,0.0,0.0,0.0,1.0,-0.016000000000000007,-0.29051699999999997,0.318,0.0,0.0,0.0,1.0,0.0,0.0,0.0,0.0,0.0,0.0,0.0,0.0,0.0,0.0,0.0,0.0,0.0,0.0,0.0,0.0,0.0,0.0,0.0,False,False,True,0.0,0.0
0.19000000000000003,1786130181.5735319,0.003040700001292862,READY,0,waiting for deadman,0.0,0.0,0.0,0.0,0.0,0.0,0.0,1.0,0.0,0.0,0.0,0.0,0.0,0.0,1.0,-0.016000000000000007,-0.29051699999999997,0.318,0.0,0.0,0.0,1.0,-0.016000000000000007,-0.29051699999999997,0.318,0.0,0.0,0.0,1.0,0.0,0.0,0.0,0.0,0.0,0.0,0.0,0.0,0.0,0.0,0.0,0.0,0.0,0.0,0.0,0.0,0.0,0.0,0.0,False,False,True,0.0,0.0
0.20000000000000004,1786130181.5765297,0.0030875000084051862,READY,0,waiting for deadman,0.0,0.0,0.0,0.0,0.0,0.0,0.0,1.0,0.0,0.0,0.0,0.0,0.0,0.0,1.0,-0.016000000000000007,-0.29051699999999997,0.318,0.0,0.0,0.0,1.0,-0.016000000000000007,-0.29051699999999997,0.318,0.0,0.0,0.0,1.0,0.0,0.0,0.0,0.0,0.0,0.0,0.0,0.0,0.0,0.0,0.0,0.0,0.0,0.0,0.0,0.0,0.0,0.0,0.0,False,False,True,0.0,0.0
0.21000000000000005,1786130181.5794291,0.002880499989259988,READY,0,waiting for deadman,0.0,0.0,0.0,0.0,0.0,0.0,0.0,1.0,0.0,0.0,0.0,0.0,0.0,0.0,1.0,-0.016000000000000007,-0.29051699999999997,0.318,0.0,0.0,0.0,1.0,-0.016000000000000007,-0.29051699999999997,0.318,0.0,0.0,0.0,1.0,0.0,0.0,0.0,0.0,0.0,0.0,0.0,0.0,0.0,0.0,0.0,0.0,0.0,0.0,0.0,0.0,0.0,0.0,0.0,False,False,True,0.0,0.0
0.22000000000000006,1786130181.5822976,0.0029014000028837472,READY,0,waiting for deadman,0.0,0.0,0.0,0.0,0.0,0.0,0.0,1.0,0.0,0.0,0.0,0.0,0.0,0.0,1.0,-0.016000000000000007,-0.29051699999999997,0.318,0.0,0.0,0.0,1.0,-0.016000000000000007,-0.29051699999999997,0.318,0.0,0.0,0.0,1.0,0.0,0.0,0.0,0.0,0.0,0.0,0.0,0.0,0.0,0.0,0.0,0.0,0.0,0.0,0.0,0.0,0.0,0.0,0.0,False,False,True,0.0,0.0
0.23000000000000007,1786130181.5852122,0.0028667000005953014,READY,0,waiting for deadman,0.0,0.0,0.0,0.0,0.0,0.0,0.0,1.0,0.0,0.0,0.0,0.0,0.0,0.0,1.0,-0.016000000000000007,-0.29051699999999997,0.318,0.0,0.0,0.0,1.0,-0.016000000000000007,-0.29051699999999997,0.318,0.0,0.0,0.0,1.0,0.0,0.0,0.0,0.0,0.0,0.0,0.0,0.0,0.0,0.0,0.0,0.0,0.0,0.0,0.0,0.0,0.0,0.0,0.0,False,False,True,0.0,0.0
0.24000000000000007,1786130181.5887625,0.002956099997390993,READY,0,waiting for deadman,0.0,0.0,0.0,0.0,0.0,0.0,0.0,1.0,0.0,0.0,0.0,0.0,0.0,0.0,1.0,-0.016000000000000007,-0.29051699999999997,0.318,0.0,0.0,0.0,1.0,-0.016000000000000007,-0.29051699999999997,0.318,0.0,0.0,0.0,1.0,0.0,0.0,0.0,0.0,0.0,0.0,0.0,0.0,0.0,0.0,0.0,0.0,0.0,0.0,0.0,0.0,0.0,0.0,0.0,False,False,True,0.0,0.0
0.25000000000000006,1786130181.5916505,0.003515700009302236,READY,0,waiting for deadman,0.0,0.0,0.0,0.0,0.0,0.0,0.0,1.0,0.0,0.0,0.0,0.0,0.0,0.0,1.0,-0.016000000000000007,-0.29051699999999997,0.318,0.0,0.0,0.0,1.0,-0.016000000000000007,-0.29051699999999997,0.318,0.0,0.0,0.0,1.0,0.0,0.0,0.0,0.0,0.0,0.0,0.0,0.0,0.0,0.0,0.0,0.0,0.0,0.0,0.0,0.0,0.0,0.0,0.0,False,False,True,0.0,0.0
0.26000000000000006,1786130181.5944955,0.0028821000014431775,READY,0,waiting for deadman,0.0,0.0,0.0,0.0,0.0,0.0,0.0,1.0,0.0,0.0,0.0,0.0,0.0,0.0,1.0,-0.016000000000000007,-0.29051699999999997,0.318,0.0,0.0,0.0,1.0,-0.016000000000000007,-0.29051699999999997,0.318,0.0,0.0,0.0,1.0,0.0,0.0,0.0,0.0,0.0,0.0,0.0,0.0,0.0,0.0,0.0,0.0,0.0,0.0,0.0,0.0,0.0,0.0,0.0,False,False,True,0.0,0.0
0.2700000000000001,1786130181.5973883,0.0028437000000849366,READY,0,waiting for deadman,0.0,0.0,0.0,0.0,0.0,0.0,0.0,1.0,0.0,0.0,0.0,0.0,0.0,0.0,1.0,-0.016000000000000007,-0.29051699999999997,0.318,0.0,0.0,0.0,1.0,-0.016000000000000007,-0.29051699999999997,0.318,0.0,0.0,0.0,1.0,0.0,0.0,0.0,0.0,0.0,0.0,0.0,0.0,0.0,0.0,0.0,0.0,0.0,0.0,0.0,0.0,0.0,0.0,0.0,False,False,True,0.0,0.0
0.2800000000000001,1786130181.600244,0.0028940999909536913,READY,0,waiting for deadman,0.0,0.0,0.0,0.0,0.0,0.0,0.0,1.0,0.0,0.0,0.0,0.0,0.0,0.0,1.0,-0.016000000000000007,-0.29051699999999997,0.318,0.0,0.0,0.0,1.0,-0.016000000000000007,-0.29051699999999997,0.318,0.0,0.0,0.0,1.0,0.0,0.0,0.0,0.0,0.0,0.0,0.0,0.0,0.0,0.0,0.0,0.0,0.0,0.0,0.0,0.0,0.0,0.0,0.0,False,False,True,0.0,0.0
0.2900000000000001,1786130181.6036294,0.002854600010323338,READY,0,waiting for deadman,0.0,0.0,0.0,0.0,0.0,0.0,0.0,1.0,0.0,0.0,0.0,0.0,0.0,0.0,1.0,-0.016000000000000007,-0.29051699999999997,0.318,0.0,0.0,0.0,1.0,-0.016000000000000007,-0.29051699999999997,0.318,0.0,0.0,0.0,1.0,0.0,0.0,0.0,0.0,0.0,0.0,0.0,0.0,0.0,0.0,0.0,0.0,0.0,0.0,0.0,0.0,0.0,0.0,0.0,False,False,True,0.0,0.0
0.3000000000000001,1786130181.6065521,0.0033918999979505315,READY,0,waiting for deadman,0.0,0.0,0.0,0.0,0.0,0.0,0.0,1.0,0.0,0.0,0.0,0.0,0.0,0.0,1.0,-0.016000000000000007,-0.29051699999999997,0.318,0.0,0.0,0.0,1.0,-0.016000000000000007,-0.29051699999999997,0.318,0.0,0.0,0.0,1.0,0.0,0.0,0.0,0.0,0.0,0.0,0.0,0.0,0.0,0.0,0.0,0.0,0.0,0.0,0.0,0.0,0.0,0.0,0.0,False,False,True,0.0,0.0
0.3100000000000001,1786130181.6095855,0.0029196999967098236,READY,0,waiting for deadman,0.0,0.0,0.0,0.0,0.0,0.0,0.0,1.0,0.0,0.0,0.0,0.0,0.0,0.0,1.0,-0.016000000000000007,-0.29051699999999997,0.318,0.0,0.0,0.0,1.0,-0.016000000000000007,-0.29051699999999997,0.318,0.0,0.0,0.0,1.0,0.0,0.0,0.0,0.0,0.0,0.0,0.0,0.0,0.0,0.0,0.0,0.0,0.0,0.0,0.0,0.0,0.0,0.0,0.0,False,False,True,0.0,0.0
0.3200000000000001,1786130181.6125212,0.0030441999988397583,READY,0,waiting for deadman,0.0,0.0,0.0,0.0,0.0,0.0,0.0,1.0,0.0,0.0,0.0,0.0,0.0,0.0,1.0,-0.016000000000000007,-0.29051699999999997,0.318,0.0,0.0,0.0,1.0,-0.016000000000000007,-0.29051699999999997,0.318,0.0,0.0,0.0,1.0,0.0,0.0,0.0,0.0,0.0,0.0,0.0,0.0,0.0,0.0,0.0,0.0,0.0,0.0,0.0,0.0,0.0,0.0,0.0,False,False,True,0.0,0.0
0.3300000000000001,1786130181.6154873,0.0029312999977264553,READY,0,waiting for deadman,0.0,0.0,0.0,0.0,0.0,0.0,0.0,1.0,0.0,0.0,0.0,0.0,0.0,0.0,1.0,-0.016000000000000007,-0.29051699999999997,0.318,0.0,0.0,0.0,1.0,-0.016000000000000007,-0.29051699999999997,0.318,0.0,0.0,0.0,1.0,0.0,0.0,0.0,0.0,0.0,0.0,0.0,0.0,0.0,0.0,0.0,0.0,0.0,0.0,0.0,0.0,0.0,0.0,0.0,False,False,True,0.0,0.0
0.34000000000000014,1786130181.6191862,0.0029686000052606687,READY,0,waiting for deadman,0.0,0.0,0.0,0.0,0.0,0.0,0.0,1.0,0.0,0.0,0.0,0.0,0.0,0.0,1.0,-0.016000000000000007,-0.29051699999999997,0.318,0.0,0.0,0.0,1.0,-0.016000000000000007,-0.29051699999999997,0.318,0.0,0.0,0.0,1.0,0.0,0.0,0.0,0.0,0.0,0.0,0.0,0.0,0.0,0.0,0.0,0.0,0.0,0.0,0.0,0.0,0.0,0.0,0.0,False,False,True,0.0,0.0
0.35000000000000014,1786130181.622123,0.0037041000032331795,READY,0,waiting for deadman,0.0,0.0,0.0,0.0,0.0,0.0,0.0,1.0,0.0,0.0,0.0,0.0,0.0,0.0,1.0,-0.016000000000000007,-0.29051699999999997,0.318,0.0,0.0,0.0,1.0,-0.016000000000000007,-0.29051699999999997,0.318,0.0,0.0,0.0,1.0,0.0,0.0,0.0,0.0,0.0,0.0,0.0,0.0,0.0,0.0,0.0,0.0,0.0,0.0,0.0,0.0,0.0,0.0,0.0,False,False,True,0.0,0.0
0.36000000000000015,1786130181.6249866,0.002935599986813031,READY,0,waiting for deadman,0.0,0.0,0.0,0.0,0.0,0.0,0.0,1.0,0.0,0.0,0.0,0.0,0.0,0.0,1.0,-0.016000000000000007,-0.29051699999999997,0.318,0.0,0.0,0.0,1.0,-0.016000000000000007,-0.29051699999999997,0.318,0.0,0.0,0.0,1.0,0.0,0.0,0.0,0.0,0.0,0.0,0.0,0.0,0.0,0.0,0.0,0.0,0.0,0.0,0.0,0.0,0.0,0.0,0.0,False,False,True,0.0,0.0
0.37000000000000016,1786130181.6278114,0.002845600000000559,READY,0,waiting for deadman,0.0,0.0,0.0,0.0,0.0,0.0,0.0,1.0,0.0,0.0,0.0,0.0,0.0,0.0,1.0,-0.016000000000000007,-0.29051699999999997,0.318,0.0,0.0,0.0,1.0,-0.016000000000000007,-0.29051699999999997,0.318,0.0,0.0,0.0,1.0,0.0,0.0,0.0,0.0,0.0,0.0,0.0,0.0,0.0,0.0,0.0,0.0,0.0,0.0,0.0,0.0,0.0,0.0,0.0,False,False,True,0.0,0.0
0.38000000000000017,1786130181.6307266,0.0028280000115046278,READY,0,waiting for deadman,0.0,0.0,0.0,0.0,0.0,0.0,0.0,1.0,0.0,0.0,0.0,0.0,0.0,0.0,1.0,-0.016000000000000007,-0.29051699999999997,0.318,0.0,0.0,0.0,1.0,-0.016000000000000007,-0.29051699999999997,0.318,0.0,0.0,0.0,1.0,0.0,0.0,0.0,0.0,0.0,0.0,0.0,0.0,0.0,0.0,0.0,0.0,0.0,0.0,0.0,0.0,0.0,0.0,0.0,False,False,True,0.0,0.0
0.3900000000000002,1786130181.634002,0.0029319999885046855,READY,0,waiting for deadman,0.0,0.0,0.0,0.0,0.0,0.0,0.0,1.0,0.0,0.0,0.0,0.0,0.0,0.0,1.0,-0.016000000000000007,-0.29051699999999997,0.318,0.0,0.0,0.0,1.0,-0.016000000000000007,-0.29051699999999997,0.318,0.0,0.0,0.0,1.0,0.0,0.0,0.0,0.0,0.0,0.0,0.0,0.0,0.0,0.0,0.0,0.0,0.0,0.0,0.0,0.0,0.0,0.0,0.0,False,False,True,0.0,0.0
0.4000000000000002,1786130181.6369908,0.0032818000036058947,READY,0,waiting for deadman,0.0,0.0,0.0,0.0,0.0,0.0,0.0,1.0,0.0,0.0,0.0,0.0,0.0,0.0,1.0,-0.016000000000000007,-0.29051699999999997,0.318,0.0,0.0,0.0,1.0,-0.016000000000000007,-0.29051699999999997,0.318,0.0,0.0,0.0,1.0,0.0,0.0,0.0,0.0,0.0,0.0,0.0,0.0,0.0,0.0,0.0,0.0,0.0,0.0,0.0,0.0,0.0,0.0,0.0,False,False,True,0.0,0.0
0.4100000000000002,1786130181.6398823,0.0029648000054294243,READY,0,waiting for deadman,0.0,0.0,0.0,0.0,0.0,0.0,0.0,1.0,0.0,0.0,0.0,0.0,0.0,0.0,1.0,-0.016000000000000007,-0.29051699999999997,0.318,0.0,0.0,0.0,1.0,-0.016000000000000007,-0.29051699999999997,0.318,0.0,0.0,0.0,1.0,0.0,0.0,0.0,0.0,0.0,0.0,0.0,0.0,0.0,0.0,0.0,0.0,0.0,0.0,0.0,0.0,0.0,0.0,0.0,False,False,True,0.0,0.0
0.4200000000000002,1786130181.642886,0.0029871000006096438,READY,0,waiting for deadman,0.0,0.0,0.0,0.0,0.0,0.0,0.0,1.0,0.0,0.0,0.0,0.0,0.0,0.0,1.0,-0.016000000000000007,-0.29051699999999997,0.318,0.0,0.0,0.0,1.0,-0.016000000000000007,-0.29051699999999997,0.318,0.0,0.0,0.0,1.0,0.0,0.0,0.0,0.0,0.0,0.0,0.0,0.0,0.0,0.0,0.0,0.0,0.0,0.0,0.0,0.0,0.0,0.0,0.0,False,False,True,0.0,0.0
0.4300000000000002,1786130181.6457517,0.002907899994170293,READY,0,waiting for deadman,0.0,0.0,0.0,0.0,0.0,0.0,0.0,1.0,0.0,0.0,0.0,0.0,0.0,0.0,1.0,-0.016000000000000007,-0.29051699999999997,0.318,0.0,0.0,0.0,1.0,-0.016000000000000007,-0.29051699999999997,0.318,0.0,0.0,0.0,1.0,0.0,0.0,0.0,0.0,0.0,0.0,0.0,0.0,0.0,0.0,0.0,0.0,0.0,0.0,0.0,0.0,0.0,0.0,0.0,False,False,True,0.0,0.0
0.4400000000000002,1786130181.649051,0.002864399997633882,READY,0,waiting for deadman,0.0,0.0,0.0,0.0,0.0,0.0,0.0,1.0,0.0,0.0,0.0,0.0,0.0,0.0,1.0,-0.016000000000000007,-0.29051699999999997,0.318,0.0,0.0,0.0,1.0,-0.016000000000000007,-0.29051699999999997,0.318,0.0,0.0,0.0,1.0,0.0,0.0,0.0,0.0,0.0,0.0,0.0,0.0,0.0,0.0,0.0,0.0,0.0,0.0,0.0,0.0,0.0,0.0,0.0,False,False,True,0.0,0.0
0.45000000000000023,1786130181.6521037,0.0033349000004818663,READY,0,waiting for deadman,0.0,0.0,0.0,0.0,0.0,0.0,0.0,1.0,0.0,0.0,0.0,0.0,0.0,0.0,1.0,-0.016000000000000007,-0.29051699999999997,0.318,0.0,0.0,0.0,1.0,-0.016000000000000007,-0.29051699999999997,0.318,0.0,0.0,0.0,1.0,0.0,0.0,0.0,0.0,0.0,0.0,0.0,0.0,0.0,0.0,0.0,0.0,0.0,0.0,0.0,0.0,0.0,0.0,0.0,False,False,True,0.0,0.0
0.46000000000000024,1786130181.6550367,0.0030263000080594793,READY,0,waiting for deadman,0.0,0.0,0.0,0.0,0.0,0.0,0.0,1.0,0.0,0.0,0.0,0.0,0.0,0.0,1.0,-0.016000000000000007,-0.29051699999999997,0.318,0.0,0.0,0.0,1.0,-0.016000000000000007,-0.29051699999999997,0.318,0.0,0.0,0.0,1.0,0.0,0.0,0.0,0.0,0.0,0.0,0.0,0.0,0.0,0.0,0.0,0.0,0.0,0.0,0.0,0.0,0.0,0.0,0.0,False,False,True,0.0,0.0
0.47000000000000025,1786130181.6579423,0.002928100002463907,READY,0,waiting for deadman,0.0,0.0,0.0,0.0,0.0,0.0,0.0,1.0,0.0,0.0,0.0,0.0,0.0,0.0,1.0,-0.016000000000000007,-0.29051699999999997,0.318,0.0,0.0,0.0,1.0,-0.016000000000000007,-0.29051699999999997,0.318,0.0,0.0,0.0,1.0,0.0,0.0,0.0,0.0,0.0,0.0,0.0,0.0,0.0,0.0,0.0,0.0,0.0,0.0,0.0,0.0,0.0,0.0,0.0,False,False,True,0.0,0.0
0.48000000000000026,1786130181.6608303,0.00290169999061618,READY,0,waiting for deadman,0.0,0.0,0.0,0.0,0.0,0.0,0.0,1.0,0.0,0.0,0.0,0.0,0.0,0.0,1.0,-0.016000000000000007,-0.29051699999999997,0.318,0.0,0.0,0.0,1.0,-0.016000000000000007,-0.29051699999999997,0.318,0.0,0.0,0.0,1.0,0.0,0.0,0.0,0.0,0.0,0.0,0.0,0.0,0.0,0.0,0.0,0.0,0.0,0.0,0.0,0.0,0.0,0.0,0.0,False,False,True,0.0,0.0
0.49000000000000027,1786130181.6637325,0.002888100003474392,READY,0,waiting for deadman,0.0,0.0,0.0,0.0,0.0,0.0,0.0,1.0,0.0,0.0,0.0,0.0,0.0,0.0,1.0,-0.016000000000000007,-0.29051699999999997,0.318,0.0,0.0,0.0,1.0,-0.016000000000000007,-0.29051699999999997,0.318,0.0,0.0,0.0,1.0,0.0,0.0,0.0,0.0,0.0,0.0,0.0,0.0,0.0,0.0,0.0,0.0,0.0,0.0,0.0,0.0,0.0,0.0,0.0,False,False,True,0.0,0.0
0.5000000000000002,1786130181.6668653,0.002944099993328564,READY,0,waiting for deadman,0.0,0.0,0.0,0.0,0.0,0.0,0.0,1.0,0.0,0.0,0.0,0.0,0.0,0.0,1.0,-0.016000000000000007,-0.29051699999999997,0.318,0.0,0.0,0.0,1.0,-0.016000000000000007,-0.29051699999999997,0.318,0.0,0.0,0.0,1.0,0.0,0.0,0.0,0.0,0.0,0.0,0.0,0.0,0.0,0.0,0.0,0.0,0.0,0.0,0.0,0.0,0.0,0.0,0.0,False,False,True,0.0,0.0
0.5100000000000002,1786130181.6697133,0.003095100008067675,READY,0,waiting for deadman,0.0,0.0,0.0,0.0,0.0,0.0,0.0,1.0,0.0,0.0,0.0,0.0,0.0,0.0,1.0,-0.016000000000000007,-0.29051699999999997,0.318,0.0,0.0,0.0,1.0,-0.016000000000000007,-0.29051699999999997,0.318,0.0,0.0,0.0,1.0,0.0,0.0,0.0,0.0,0.0,0.0,0.0,0.0,0.0,0.0,0.0,0.0,0.0,0.0,0.0,0.0,0.0,0.0,0.0,False,False,True,0.0,0.0
0.5200000000000002,1786130181.6725326,0.0028430999955162406,READY,0,waiting for deadman,0.0,0.0,0.0,0.0,0.0,0.0,0.0,1.0,0.0,0.0,0.0,0.0,0.0,0.0,1.0,-0.016000000000000007,-0.29051699999999997,0.318,0.0,0.0,0.0,1.0,-0.016000000000000007,-0.29051699999999997,0.318,0.0,0.0,0.0,1.0,0.0,0.0,0.0,0.0,0.0,0.0,0.0,0.0,0.0,0.0,0.0,0.0,0.0,0.0,0.0,0.0,0.0,0.0,0.0,False,False,True,0.0,0.0
0.5300000000000002,1786130181.6753426,0.0028186999988975003,READY,0,waiting for deadman,0.0,0.0,0.0,0.0,0.0,0.0,0.0,1.0,0.0,0.0,0.0,0.0,0.0,0.0,1.0,-0.016000000000000007,-0.29051699999999997,0.318,0.0,0.0,0.0,1.0,-0.016000000000000007,-0.29051699999999997,0.318,0.0,0.0,0.0,1.0,0.0,0.0,0.0,0.0,0.0,0.0,0.0,0.0,0.0,0.0,0.0,0.0,0.0,0.0,0.0,0.0,0.0,0.0,0.0,False,False,True,0.0,0.0
0.5400000000000003,1786130181.6781807,0.0028089000115869567,READY,0,waiting for deadman,0.0,0.0,0.0,0.0,0.0,0.0,0.0,1.0,0.0,0.0,0.0,0.0,0.0,0.0,1.0,-0.016000000000000007,-0.29051699999999997,0.318,0.0,0.0,0.0,1.0,-0.016000000000000007,-0.29051699999999997,0.318,0.0,0.0,0.0,1.0,0.0,0.0,0.0,0.0,0.0,0.0,0.0,0.0,0.0,0.0,0.0,0.0,0.0,0.0,0.0,0.0,0.0,0.0,0.0,False,False,True,0.0,0.0
0.5500000000000003,1786130181.6816978,0.002849699987564236,READY,0,waiting for deadman,0.0,0.0,0.0,0.0,0.0,0.0,0.0,1.0,0.0,0.0,0.0,0.0,0.0,0.0,1.0,-0.016000000000000007,-0.29051699999999997,0.318,0.0,0.0,0.0,1.0,-0.016000000000000007,-0.29051699999999997,0.318,0.0,0.0,0.0,1.0,0.0,0.0,0.0,0.0,0.0,0.0,0.0,0.0,0.0,0.0,0.0,0.0,0.0,0.0,0.0,0.0,0.0,0.0,0.0,False,False,True,0.0,0.0
0.5600000000000003,1786130181.6846526,0.003534700008458458,READY,0,waiting for deadman,0.0,0.0,0.0,0.0,0.0,0.0,0.0,1.0,0.0,0.0,0.0,0.0,0.0,0.0,1.0,-0.016000000000000007,-0.29051699999999997,0.318,0.0,0.0,0.0,1.0,-0.016000000000000007,-0.29051699999999997,0.318,0.0,0.0,0.0,1.0,0.0,0.0,0.0,0.0,0.0,0.0,0.0,0.0,0.0,0.0,0.0,0.0,0.0,0.0,0.0,0.0,0.0,0.0,0.0,False,False,True,0.0,0.0
0.5700000000000003,1786130181.6874764,0.0029261000017868355,READY,0,waiting for deadman,0.0,0.0,0.0,0.0,0.0,0.0,0.0,1.0,0.0,0.0,0.0,0.0,0.0,0.0,1.0,-0.016000000000000007,-0.29051699999999997,0.318,0.0,0.0,0.0,1.0,-0.016000000000000007,-0.29051699999999997,0.318,0.0,0.0,0.0,1.0,0.0,0.0,0.0,0.0,0.0,0.0,0.0,0.0,0.0,0.0,0.0,0.0,0.0,0.0,0.0,0.0,0.0,0.0,0.0,False,False,True,0.0,0.0
0.5800000000000003,1786130181.6903245,0.0028285000007599592,READY,0,waiting for deadman,0.0,0.0,0.0,0.0,0.0,0.0,0.0,1.0,0.0,0.0,0.0,0.0,0.0,0.0,1.0,-0.016000000000000007,-0.29051699999999997,0.318,0.0,0.0,0.0,1.0,-0.016000000000000007,-0.29051699999999997,0.318,0.0,0.0,0.0,1.0,0.0,0.0,0.0,0.0,0.0,0.0,0.0,0.0,0.0,0.0,0.0,0.0,0.0,0.0,0.0,0.0,0.0,0.0,0.0,False,False,True,0.0,0.0
0.5900000000000003,1786130181.693158,0.00284319999627769,READY,0,waiting for deadman,0.0,0.0,0.0,0.0,0.0,0.0,0.0,1.0,0.0,0.0,0.0,0.0,0.0,0.0,1.0,-0.016000000000000007,-0.29051699999999997,0.318,0.0,0.0,0.0,1.0,-0.016000000000000007,-0.29051699999999997,0.318,0.0,0.0,0.0,1.0,0.0,0.0,0.0,0.0,0.0,0.0,0.0,0.0,0.0,0.0,0.0,0.0,0.0,0.0,0.0,0.0,0.0,0.0,0.0,False,False,True,0.0,0.0
0.6000000000000003,1786130181.6966338,0.0028337999974610284,READY,0,waiting for deadman,0.0,0.0,0.0,0.0,0.0,0.0,0.0,1.0,0.0,0.0,0.0,0.0,0.0,0.0,1.0,-0.016000000000000007,-0.29051699999999997,0.318,0.0,0.0,0.0,1.0,-0.016000000000000007,-0.29051699999999997,0.318,0.0,0.0,0.0,1.0,0.0,0.0,0.0,0.0,0.0,0.0,0.0,0.0,0.0,0.0,0.0,0.0,0.0,0.0,0.0,0.0,0.0,0.0,0.0,False,False,True,0.0,0.0
0.6100000000000003,1786130181.699628,0.003511999995680526,READY,0,waiting for deadman,0.0,0.0,0.0,0.0,0.0,0.0,0.0,1.0,0.0,0.0,0.0,0.0,0.0,0.0,1.0,-0.016000000000000007,-0.29051699999999997,0.318,0.0,0.0,0.0,1.0,-0.016000000000000007,-0.29051699999999997,0.318,0.0,0.0,0.0,1.0,0.0,0.0,0.0,0.0,0.0,0.0,0.0,0.0,0.0,0.0,0.0,0.0,0.0,0.0,0.0,0.0,0.0,0.0,0.0,False,False,True,0.0,0.0
0.6200000000000003,1786130181.7024682,0.0029624000017065555,READY,0,waiting for deadman,0.0,0.0,0.0,0.0,0.0,0.0,0.0,1.0,0.0,0.0,0.0,0.0,0.0,0.0,1.0,-0.016000000000000007,-0.29051699999999997,0.318,0.0,0.0,0.0,1.0,-0.016000000000000007,-0.29051699999999997,0.318,0.0,0.0,0.0,1.0,0.0,0.0,0.0,0.0,0.0,0.0,0.0,0.0,0.0,0.0,0.0,0.0,0.0,0.0,0.0,0.0,0.0,0.0,0.0,False,False,True,0.0,0.0
0.6300000000000003,1786130181.7052698,0.0028351000073598698,READY,0,waiting for deadman,0.0,0.0,0.0,0.0,0.0,0.0,0.0,1.0,0.0,0.0,0.0,0.0,0.0,0.0,1.0,-0.016000000000000007,-0.29051699999999997,0.318,0.0,0.0,0.0,1.0,-0.016000000000000007,-0.29051699999999997,0.318,0.0,0.0,0.0,1.0,0.0,0.0,0.0,0.0,0.0,0.0,0.0,0.0,0.0,0.0,0.0,0.0,0.0,0.0,0.0,0.0,0.0,0.0,0.0,False,False,True,0.0,0.0
0.6400000000000003,1786130181.7081473,0.002841399997123517,READY,0,waiting for deadman,0.0,0.0,0.0,0.0,0.0,0.0,0.0,1.0,0.0,0.0,0.0,0.0,0.0,0.0,1.0,-0.016000000000000007,-0.29051699999999997,0.318,0.0,0.0,0.0,1.0,-0.016000000000000007,-0.29051699999999997,0.318,0.0,0.0,0.0,1.0,0.0,0.0,0.0,0.0,0.0,0.0,0.0,0.0,0.0,0.0,0.0,0.0,0.0,0.0,0.0,0.0,0.0,0.0,0.0,False,False,True,0.0,0.0
0.6500000000000004,1786130181.7111135,0.002837099993485026,READY,0,waiting for deadman,0.0,0.0,0.0,0.0,0.0,0.0,0.0,1.0,0.0,0.0,0.0,0.0,0.0,0.0,1.0,-0.016000000000000007,-0.29051699999999997,0.318,0.0,0.0,0.0,1.0,-0.016000000000000007,-0.29051699999999997,0.318,0.0,0.0,0.0,1.0,0.0,0.0,0.0,0.0,0.0,0.0,0.0,0.0,0.0,0.0,0.0,0.0,0.0,0.0,0.0,0.0,0.0,0.0,0.0,False,False,True,0.0,0.0
0.6600000000000004,1786130181.7140722,0.0029826000100001693,READY,0,waiting for deadman,0.0,0.0,0.0,0.0,0.0,0.0,0.0,1.0,0.0,0.0,0.0,0.0,0.0,0.0,1.0,-0.016000000000000007,-0.29051699999999997,0.318,0.0,0.0,0.0,1.0,-0.016000000000000007,-0.29051699999999997,0.318,0.0,0.0,0.0,1.0,0.0,0.0,0.0,0.0,0.0,0.0,0.0,0.0,0.0,0.0,0.0,0.0,0.0,0.0,0.0,0.0,0.0,0.0,0.0,False,False,True,0.0,0.0
0.6700000000000004,1786130181.7169313,0.0029592999926535413,READY,0,waiting for deadman,0.0,0.0,0.0,0.0,0.0,0.0,0.0,1.0,0.0,0.0,0.0,0.0,0.0,0.0,1.0,-0.016000000000000007,-0.29051699999999997,0.318,0.0,0.0,0.0,1.0,-0.016000000000000007,-0.29051699999999997,0.318,0.0,0.0,0.0,1.0,0.0,0.0,0.0,0.0,0.0,0.0,0.0,0.0,0.0,0.0,0.0,0.0,0.0,0.0,0.0,0.0,0.0,0.0,0.0,False,False,True,0.0,0.0
0.6800000000000004,1786130181.7197564,0.002846200004569255,READY,0,waiting for deadman,0.0,0.0,0.0,0.0,0.0,0.0,0.0,1.0,0.0,0.0,0.0,0.0,0.0,0.0,1.0,-0.016000000000000007,-0.29051699999999997,0.318,0.0,0.0,0.0,1.0,-0.016000000000000007,-0.29051699999999997,0.318,0.0,0.0,0.0,1.0,0.0,0.0,0.0,0.0,0.0,0.0,0.0,0.0,0.0,0.0,0.0,0.0,0.0,0.0,0.0,0.0,0.0,0.0,0.0,False,False,True,0.0,0.0
0.6900000000000004,1786130181.7225742,0.002821999994921498,READY,0,waiting for deadman,0.0,0.0,0.0,0.0,0.0,0.0,0.0,1.0,0.0,0.0,0.0,0.0,0.0,0.0,1.0,-0.016000000000000007,-0.29051699999999997,0.318,0.0,0.0,0.0,1.0,-0.016000000000000007,-0.29051699999999997,0.318,0.0,0.0,0.0,1.0,0.0,0.0,0.0,0.0,0.0,0.0,0.0,0.0,0.0,0.0,0.0,0.0,0.0,0.0,0.0,0.0,0.0,0.0,0.0,False,False,True,0.0,0.0
0.7000000000000004,1786130181.7254071,0.002818200009642169,READY,0,waiting for deadman,0.0,0.0,0.0,0.0,0.0,0.0,0.0,1.0,0.0,0.0,0.0,0.0,0.0,0.0,1.0,-0.016000000000000007,-0.29051699999999997,0.318,0.0,0.0,0.0,1.0,-0.016000000000000007,-0.29051699999999997,0.318,0.0,0.0,0.0,1.0,0.0,0.0,0.0,0.0,0.0,0.0,0.0,0.0,0.0,0.0,0.0,0.0,0.0,0.0,0.0,0.0,0.0,0.0,0.0,False,False,True,0.0,0.0
0.7100000000000004,1786130181.7284813,0.0028319999983068556,READY,0,waiting for deadman,0.0,0.0,0.0,0.0,0.0,0.0,0.0,1.0,0.0,0.0,0.0,0.0,0.0,0.0,1.0,-0.016000000000000007,-0.29051699999999997,0.318,0.0,0.0,0.0,1.0,-0.016000000000000007,-0.29051699999999997,0.318,0.0,0.0,0.0,1.0,0.0,0.0,0.0,0.0,0.0,0.0,0.0,0.0,0.0,0.0,0.0,0.0,0.0,0.0,0.0,0.0,0.0,0.0,0.0,False,False,True,0.0,0.0
0.7200000000000004,1786130181.7313664,0.00308319999021478,READY,0,waiting for deadman,0.0,0.0,0.0,0.0,0.0,0.0,0.0,1.0,0.0,0.0,0.0,0.0,0.0,0.0,1.0,-0.016000000000000007,-0.29051699999999997,0.318,0.0,0.0,0.0,1.0,-0.016000000000000007,-0.29051699999999997,0.318,0.0,0.0,0.0,1.0,0.0,0.0,0.0,0.0,0.0,0.0,0.0,0.0,0.0,0.0,0.0,0.0,0.0,0.0,0.0,0.0,0.0,0.0,0.0,False,False,True,0.0,0.0
0.7300000000000004,1786130181.734221,0.0028777000115951523,READY,0,waiting for deadman,0.0,0.0,0.0,0.0,0.0,0.0,0.0,1.0,0.0,0.0,0.0,0.0,0.0,0.0,1.0,-0.016000000000000007,-0.29051699999999997,0.318,0.0,0.0,0.0,1.0,-0.016000000000000007,-0.29051699999999997,0.318,0.0,0.0,0.0,1.0,0.0,0.0,0.0,0.0,0.0,0.0,0.0,0.0,0.0,0.0,0.0,0.0,0.0,0.0,0.0,0.0,0.0,0.0,0.0,False,False,True,0.0,0.0
0.7400000000000004,1786130181.7370646,0.002855299986549653,READY,0,waiting for deadman,0.0,0.0,0.0,0.0,0.0,0.0,0.0,1.0,0.0,0.0,0.0,0.0,0.0,0.0,1.0,-0.016000000000000007,-0.29051699999999997,0.318,0.0,0.0,0.0,1.0,-0.016000000000000007,-0.29051699999999997,0.318,0.0,0.0,0.0,1.0,0.0,0.0,0.0,0.0,0.0,0.0,0.0,0.0,0.0,0.0,0.0,0.0,0.0,0.0,0.0,0.0,0.0,0.0,0.0,False,False,True,0.0,0.0
0.7500000000000004,1786130181.7399156,0.0028427000070223585,READY,0,waiting for deadman,0.0,0.0,0.0,0.0,0.0,0.0,0.0,1.0,0.0,0.0,0.0,0.0,0.0,0.0,1.0,-0.016000000000000007,-0.29051699999999997,0.318,0.0,0.0,0.0,1.0,-0.016000000000000007,-0.29051699999999997,0.318,0.0,0.0,0.0,1.0,0.0,0.0,0.0,0.0,0.0,0.0,0.0,0.0,0.0,0.0,0.0,0.0,0.0,0.0,0.0,0.0,0.0,0.0,0.0,False,False,True,0.0,0.0
0.7600000000000005,1786130181.742858,0.002849700002116151,READY,0,waiting for deadman,0.0,0.0,0.0,0.0,0.0,0.0,0.0,1.0,0.0,0.0,0.0,0.0,0.0,0.0,1.0,-0.016000000000000007,-0.29051699999999997,0.318,0.0,0.0,0.0,1.0,-0.016000000000000007,-0.29051699999999997,0.318,0.0,0.0,0.0,1.0,0.0,0.0,0.0,0.0,0.0,0.0,0.0,0.0,0.0,0.0,0.0,0.0,0.0,0.0,0.0,0.0,0.0,0.0,0.0,False,False,True,0.0,0.0
0.7700000000000005,1786130181.7459538,0.0029701000021304935,READY,0,waiting for deadman,0.0,0.0,0.0,0.0,0.0,0.0,0.0,1.0,0.0,0.0,0.0,0.0,0.0,0.0,1.0,-0.016000000000000007,-0.29051699999999997,0.318,0.0,0.0,0.0,1.0,-0.016000000000000007,-0.29051699999999997,0.318,0.0,0.0,0.0,1.0,0.0,0.0,0.0,0.0,0.0,0.0,0.0,0.0,0.0,0.0,0.0,0.0,0.0,0.0,0.0,0.0,0.0,0.0,0.0,False,False,True,0.0,0.0
0.7800000000000005,1786130181.749215,0.003077699991990812,READY,0,waiting for deadman,0.0,0.0,0.0,0.0,0.0,0.0,0.0,1.0,0.0,0.0,0.0,0.0,0.0,0.0,1.0,-0.016000000000000007,-0.29051699999999997,0.318,0.0,0.0,0.0,1.0,-0.016000000000000007,-0.29051699999999997,0.318,0.0,0.0,0.0,1.0,0.0,0.0,0.0,0.0,0.0,0.0,0.0,0.0,0.0,0.0,0.0,0.0,0.0,0.0,0.0,0.0,0.0,0.0,0.0,False,False,True,0.0,0.0
0.7900000000000005,1786130181.7521915,0.0032740000024205074,READY,0,waiting for deadman,0.0,0.0,0.0,0.0,0.0,0.0,0.0,1.0,0.0,0.0,0.0,0.0,0.0,0.0,1.0,-0.016000000000000007,-0.29051699999999997,0.318,0.0,0.0,0.0,1.0,-0.016000000000000007,-0.29051699999999997,0.318,0.0,0.0,0.0,1.0,0.0,0.0,0.0,0.0,0.0,0.0,0.0,0.0,0.0,0.0,0.0,0.0,0.0,0.0,0.0,0.0,0.0,0.0,0.0,False,False,True,0.0,0.0
0.8000000000000005,1786130181.7550583,0.00296840000373777,READY,0,waiting for deadman,0.0,0.0,0.0,0.0,0.0,0.0,0.0,1.0,0.0,0.0,0.0,0.0,0.0,0.0,1.0,-0.016000000000000007,-0.29051699999999997,0.318,0.0,0.0,0.0,1.0,-0.016000000000000007,-0.29051699999999997,0.318,0.0,0.0,0.0,1.0,0.0,0.0,0.0,0.0,0.0,0.0,0.0,0.0,0.0,0.0,0.0,0.0,0.0,0.0,0.0,0.0,0.0,0.0,0.0,False,False,True,0.0,0.0
0.8100000000000005,1786130181.7578964,0.002856099992641248,READY,0,waiting for deadman,0.0,0.0,0.0,0.0,0.0,0.0,0.0,1.0,0.0,0.0,0.0,0.0,0.0,0.0,1.0,-0.016000000000000007,-0.29051699999999997,0.318,0.0,0.0,0.0,1.0,-0.016000000000000007,-0.29051699999999997,0.318,0.0,0.0,0.0,1.0,0.0,0.0,0.0,0.0,0.0,0.0,0.0,0.0,0.0,0.0,0.0,0.0,0.0,0.0,0.0,0.0,0.0,0.0,0.0,False,False,True,0.0,0.0
0.8200000000000005,1786130181.7609334,0.002835500010405667,READY,0,waiting for deadman,0.0,0.0,0.0,0.0,0.0,0.0,0.0,1.0,0.0,0.0,0.0,0.0,0.0,0.0,1.0,-0.016000000000000007,-0.29051699999999997,0.318,0.0,0.0,0.0,1.0,-0.016000000000000007,-0.29051699999999997,0.318,0.0,0.0,0.0,1.0,0.0,0.0,0.0,0.0,0.0,0.0,0.0,0.0,0.0,0.0,0.0,0.0,0.0,0.0,0.0,0.0,0.0,0.0,0.0,False,False,True,0.0,0.0
0.8300000000000005,1786130181.7638493,0.0030406000005314127,READY,0,waiting for deadman,0.0,0.0,0.0,0.0,0.0,0.0,0.0,1.0,0.0,0.0,0.0,0.0,0.0,0.0,1.0,-0.016000000000000007,-0.29051699999999997,0.318,0.0,0.0,0.0,1.0,-0.016000000000000007,-0.29051699999999997,0.318,0.0,0.0,0.0,1.0,0.0,0.0,0.0,0.0,0.0,0.0,0.0,0.0,0.0,0.0,0.0,0.0,0.0,0.0,0.0,0.0,0.0,0.0,0.0,False,False,True,0.0,0.0
0.8400000000000005,1786130181.7667332,0.002919499995186925,READY,0,waiting for deadman,0.0,0.0,0.0,0.0,0.0,0.0,0.0,1.0,0.0,0.0,0.0,0.0,0.0,0.0,1.0,-0.016000000000000007,-0.29051699999999997,0.318,0.0,0.0,0.0,1.0,-0.016000000000000007,-0.29051699999999997,0.318,0.0,0.0,0.0,1.0,0.0,0.0,0.0,0.0,0.0,0.0,0.0,0.0,0.0,0.0,0.0,0.0,0.0,0.0,0.0,0.0,0.0,0.0,0.0,False,False,True,0.0,0.0
0.8500000000000005,1786130181.7695591,0.002877399994758889,READY,0,waiting for deadman,0.0,0.0,0.0,0.0,0.0,0.0,0.0,1.0,0.0,0.0,0.0,0.0,0.0,0.0,1.0,-0.016000000000000007,-0.29051699999999997,0.318,0.0,0.0,0.0,1.0,-0.016000000000000007,-0.29051699999999997,0.318,0.0,0.0,0.0,1.0,0.0,0.0,0.0,0.0,0.0,0.0,0.0,0.0,0.0,0.0,0.0,0.0,0.0,0.0,0.0,0.0,0.0,0.0,0.0,False,False,True,0.0,0.0
0.8600000000000005,1786130181.772502,0.002905300003476441,READY,0,waiting for deadman,0.0,0.0,0.0,0.0,0.0,0.0,0.0,1.0,0.0,0.0,0.0,0.0,0.0,0.0,1.0,-0.016000000000000007,-0.29051699999999997,0.318,0.0,0.0,0.0,1.0,-0.016000000000000007,-0.29051699999999997,0.318,0.0,0.0,0.0,1.0,0.0,0.0,0.0,0.0,0.0,0.0,0.0,0.0,0.0,0.0,0.0,0.0,0.0,0.0,0.0,0.0,0.0,0.0,0.0,False,False,True,0.0,0.0
0.8700000000000006,1786130181.7764888,0.002868099996703677,READY,0,waiting for deadman,0.0,0.0,0.0,0.0,0.0,0.0,0.0,1.0,0.0,0.0,0.0,0.0,0.0,0.0,1.0,-0.016000000000000007,-0.29051699999999997,0.318,0.0,0.0,0.0,1.0,-0.016000000000000007,-0.29051699999999997,0.318,0.0,0.0,0.0,1.0,0.0,0.0,0.0,0.0,0.0,0.0,0.0,0.0,0.0,0.0,0.0,0.0,0.0,0.0,0.0,0.0,0.0,0.0,0.0,False,False,True,0.0,0.0
0.8800000000000006,1786130181.7813733,0.004099400000995956,READY,0,waiting for deadman,0.0,0.0,0.0,0.0,0.0,0.0,0.0,1.0,0.0,0.0,0.0,0.0,0.0,0.0,1.0,-0.016000000000000007,-0.29051699999999997,0.318,0.0,0.0,0.0,1.0,-0.016000000000000007,-0.29051699999999997,0.318,0.0,0.0,0.0,1.0,0.0,0.0,0.0,0.0,0.0,0.0,0.0,0.0,0.0,0.0,0.0,0.0,0.0,0.0,0.0,0.0,0.0,0.0,0.0,False,False,True,0.0,0.0
0.8900000000000006,1786130181.7847843,0.004822500006412156,READY,0,waiting for deadman,0.0,0.0,0.0,0.0,0.0,0.0,0.0,1.0,0.0,0.0,0.0,0.0,0.0,0.0,1.0,-0.016000000000000007,-0.29051699999999997,0.318,0.0,0.0,0.0,1.0,-0.016000000000000007,-0.29051699999999997,0.318,0.0,0.0,0.0,1.0,0.0,0.0,0.0,0.0,0.0,0.0,0.0,0.0,0.0,0.0,0.0,0.0,0.0,0.0,0.0,0.0,0.0,0.0,0.0,False,False,True,0.0,0.0
0.9000000000000006,1786130181.7878604,0.0033752000017557293,READY,0,waiting for deadman,0.0,0.0,0.0,0.0,0.0,0.0,0.0,1.0,0.0,0.0,0.0,0.0,0.0,0.0,1.0,-0.016000000000000007,-0.29051699999999997,0.318,0.0,0.0,0.0,1.0,-0.016000000000000007,-0.29051699999999997,0.318,0.0,0.0,0.0,1.0,0.0,0.0,0.0,0.0,0.0,0.0,0.0,0.0,0.0,0.0,0.0,0.0,0.0,0.0,0.0,0.0,0.0,0.0,0.0,False,False,True,0.0,0.0
0.9100000000000006,1786130181.791423,0.003078800000366755,READY,0,waiting for deadman,0.0,0.0,0.0,0.0,0.0,0.0,0.0,1.0,0.0,0.0,0.0,0.0,0.0,0.0,1.0,-0.016000000000000007,-0.29051699999999997,0.318,0.0,0.0,0.0,1.0,-0.016000000000000007,-0.29051699999999997,0.318,0.0,0.0,0.0,1.0,0.0,0.0,0.0,0.0,0.0,0.0,0.0,0.0,0.0,0.0,0.0,0.0,0.0,0.0,0.0,0.0,0.0,0.0,0.0,False,False,True,0.0,0.0
0.9200000000000006,1786130181.7947724,0.0035920999944210052,READY,0,waiting for deadman,0.0,0.0,0.0,0.0,0.0,0.0,0.0,1.0,0.0,0.0,0.0,0.0,0.0,0.0,1.0,-0.016000000000000007,-0.29051699999999997,0.318,0.0,0.0,0.0,1.0,-0.016000000000000007,-0.29051699999999997,0.318,0.0,0.0,0.0,1.0,0.0,0.0,0.0,0.0,0.0,0.0,0.0,0.0,0.0,0.0,0.0,0.0,0.0,0.0,0.0,0.0,0.0,0.0,0.0,False,False,True,0.0,0.0
0.9300000000000006,1786130181.7980297,0.003312000000732951,READY,0,waiting for deadman,0.0,0.0,0.0,0.0,0.0,0.0,0.0,1.0,0.0,0.0,0.0,0.0,0.0,0.0,1.0,-0.016000000000000007,-0.29051699999999997,0.318,0.0,0.0,0.0,1.0,-0.016000000000000007,-0.29051699999999997,0.318,0.0,0.0,0.0,1.0,0.0,0.0,0.0,0.0,0.0,0.0,0.0,0.0,0.0,0.0,0.0,0.0,0.0,0.0,0.0,0.0,0.0,0.0,0.0,False,False,True,0.0,0.0
0.9400000000000006,1786130181.8010898,0.0032786999945528805,READY,0,waiting for deadman,0.0,0.0,0.0,0.0,0.0,0.0,0.0,1.0,0.0,0.0,0.0,0.0,0.0,0.0,1.0,-0.016000000000000007,-0.29051699999999997,0.318,0.0,0.0,0.0,1.0,-0.016000000000000007,-0.29051699999999997,0.318,0.0,0.0,0.0,1.0,0.0,0.0,0.0,0.0,0.0,0.0,0.0,0.0,0.0,0.0,0.0,0.0,0.0,0.0,0.0,0.0,0.0,0.0,0.0,False,False,True,0.0,0.0
0.9500000000000006,1786130181.8040535,0.0030452000064542517,READY,0,waiting for deadman,0.0,0.0,0.0,0.0,0.0,0.0,0.0,1.0,0.0,0.0,0.0,0.0,0.0,0.0,1.0,-0.016000000000000007,-0.29051699999999997,0.318,0.0,0.0,0.0,1.0,-0.016000000000000007,-0.29051699999999997,0.318,0.0,0.0,0.0,1.0,0.0,0.0,0.0,0.0,0.0,0.0,0.0,0.0,0.0,0.0,0.0,0.0,0.0,0.0,0.0,0.0,0.0,0.0,0.0,False,False,True,0.0,0.0
0.9600000000000006,1786130181.807377,0.002956700001959689,READY,0,waiting for deadman,0.0,0.0,0.0,0.0,0.0,0.0,0.0,1.0,0.0,0.0,0.0,0.0,0.0,0.0,1.0,-0.016000000000000007,-0.29051699999999997,0.318,0.0,0.0,0.0,1.0,-0.016000000000000007,-0.29051699999999997,0.318,0.0,0.0,0.0,1.0,0.0,0.0,0.0,0.0,0.0,0.0,0.0,0.0,0.0,0.0,0.0,0.0,0.0,0.0,0.0,0.0,0.0,0.0,0.0,False,False,True,0.0,0.0
0.9700000000000006,1786130181.8104653,0.003337899994221516,READY,0,waiting for deadman,0.0,0.0,0.0,0.0,0.0,0.0,0.0,1.0,0.0,0.0,0.0,0.0,0.0,0.0,1.0,-0.016000000000000007,-0.29051699999999997,0.318,0.0,0.0,0.0,1.0,-0.016000000000000007,-0.29051699999999997,0.318,0.0,0.0,0.0,1.0,0.0,0.0,0.0,0.0,0.0,0.0,0.0,0.0,0.0,0.0,0.0,0.0,0.0,0.0,0.0,0.0,0.0,0.0,0.0,False,False,True,0.0,0.0
0.9800000000000006,1786130181.81361,0.0030737000051885843,READY,0,waiting for deadman,0.0,0.0,0.0,0.0,0.0,0.0,0.0,1.0,0.0,0.0,0.0,0.0,0.0,0.0,1.0,-0.016000000000000007,-0.29051699999999997,0.318,0.0,0.0,0.0,1.0,-0.016000000000000007,-0.29051699999999997,0.318,0.0,0.0,0.0,1.0,0.0,0.0,0.0,0.0,0.0,0.0,0.0,0.0,0.0,0.0,0.0,0.0,0.0,0.0,0.0,0.0,0.0,0.0,0.0,False,False,True,0.0,0.0
0.9900000000000007,1786130181.8167114,0.0031586999975843355,READY,0,waiting for deadman,0.0,0.0,0.0,0.0,0.0,0.0,0.0,1.0,0.0,0.0,0.0,0.0,0.0,0.0,1.0,-0.016000000000000007,-0.29051699999999997,0.318,0.0,0.0,0.0,1.0,-0.016000000000000007,-0.29051699999999997,0.318,0.0,0.0,0.0,1.0,0.0,0.0,0.0,0.0,0.0,0.0,0.0,0.0,0.0,0.0,0.0,0.0,0.0,0.0,0.0,0.0,0.0,0.0,0.0,False,False,True,0.0,0.0
1.0000000000000007,1786130181.8656373,0.003091199992923066,TELEOP,0,,0.0,1.665334536937735e-17,0.0,0.0,0.0,0.0,0.0,1.0,3.3448018132681892e-18,0.0,0.0,0.0,0.0,0.0,1.0,-0.015999993085557013,-0.29051699997987845,0.31799999997857986,1.0173757427689307e-12,-3.890867460812384e-15,-7.313278550608149e-10,1.0,-0.01599999989086228,-0.29051699999959796,0.3179999990228333,-3.9169445418434257e-13,1.5302104200280304e-19,2.5720049940473587e-10,1.0,7.457719912096241e-08,-8.966511043312531e-06,3.413916285188517e-05,0.0030207238506899515,2.5172764621609994e-05,0.0030207238497251066,5.178972161177956e-10,-6.226743780078158e-08,2.3707751980475854e-07,2.0000000000000052e-05,1.748108654278475e-07,2.0000000000000052e-05,5.178972161177951e-08,-6.226743780078153e-06,2.3707751980475832e-05,0.0020000000000000035,1.7481086542784733e-05,0.0020000000000000035,0.0,True,False,True,6.872119038757725e-09,1.9770587174652443e-09
1.0100000000000007,1786130181.9092343,0.04899790001218207,TELEOP,0,,0.0,0.00025000000000001686,0.0,0.0,0.0,0.0,0.0,1.0,5.021245719211088e-05,0.0,0.0,0.0,0.0,0.0,1.0,-0.01598493921267718,-0.29051699998079167,0.3179999994249131,-4.7884450799845586e-11,-1.7375484389983135e-13,3.1195383373576726e-10,1.0,-0.01599976763215469,-0.2905169994547616,0.3179990923969385,-3.7810739082030826e-08,-1.9395427090325913e-14,5.490960171194789e-07,0.9999999999998486,0.0001580933221886757,-0.00040841842775714055,0.0015505935684322842,0.13753982632451475,0.0011530644219328453,0.13753973603938988,1.0988593327993639e-06,-2.9551525913358077e-06,1.1220763099851359e-05,8.000000000000021e-05,8.341232013371565e-06,8.000000000000021e-05,0.00010983414355832451,-0.00028928851535350234,0.0010983685580046591,0.0060000000000000105,0.000816642114794371,0.0060000000000000105,0.0,True,False,True,1.4856134228807134e-05,1.1001635902107728e-06
1.0200000000000007,1786130181.937004,0.04355399998894427,TELEOP,0,,0.0,0.0005000000000000171,0.0,0.0,0.0,0.0,0.0,1.0,0.00014055271010160353,0.0,0.0,0.0,0.0,0.0,1.0,-0.01596493924092897,-0.29051699998181907,0.3179999991369999,-7.332894019832117e-11,-2.643863450678653e-13,3.1493289282366314e-10,1.0,-0.015999018115102848,-0.29051699769450434,0.317996907950174,-2.057413006365251e-07,-4.390072744034088e-13,2.319233374715717e-06,0.9999999999972894,0.00036662877372764107,-0.0006193027416208194,0.002347660715702241,0.20902677601865777,0.0017668157389930123,0.20902645918573548,4.644074498714856e-06,-9.887155572558781e-06,3.751441899685514e-05,0.00020000000000000052,2.8038746586345275e-05,0.00020000000000000052,0.0003545215165915489,-0.0006932002981222966,0.002629365589700376,0.012000000000000021,0.0019697514572973693,0.012000000000000021,0.0,True,False,True,3.4218782944217865e-05,4.6560421194047725e-06
1.0300000000000007,1786130181.960709,0.027769300009822473,TELEOP,0,,0.0,0.0007500000000000174,0.0,0.0,0.0,0.0,0.0,1.0,0.0002629614139749375,0.0,0.0,0.0,0.0,0.0,1.0,-0.015924939190673903,-0.29051699998371394,0.31799999877016266,-1.0576614665042634e-10,-3.8298088367322455e-13,3.0961369597600984e-10,1.0,-0.01599719468618646,-0.2905169934442411,0.3179929916710221,-7.717588092001733e-07,-4.721262338273181e-12,6.6227557137994374e-06,0.9999999999777718,0.0007789692890428937,-0.0008939562764817988,0.003381999077414001,0.3034179838688555,0.0026071342444032907,0.30341701481392747,1.3271113501805308e-05,-2.2380860533882907e-05,8.48425248081166e-05,0.00040000000000000105,6.400518701307777e-05,0.00040000000000000105,0.0008627039003090446,-0.0012493704961324113,0.0047328105811261425,0.020000000000000035,0.0035966440426732464,0.020000000000000035,0.0,True,False,True,7.259446337632138e-05,1.3334502730631823e-05
1.0400000000000007,1786130181.9841251,0.02370619999419432,TELEOP,0,,0.0,0.0010000000000000176,0.0,0.0,0.0,0.0,0.0,1.0,0.0004109978123297503,0.0,0.0,0.0,0.0,0.0,1.0,-0.015876703492500904,-0.2905169999857617,0.31799999847026195,-1.32292041954935e-10,-4.944077151414136e-13,2.999088705807143e-10,1.0,-0.015993682517199046,-0.2905169853102615,0.31798705997065363,-2.1438480451068136e-06,-2.961485302192979e-11,1.490475649489081e-05,0.9999999998866261,0.0012681244140417046,-0.001126582501534299,0.004254596164977272,0.3851610228275731,0.0033752931572241093,0.3851590394705601,2.989349161949865e-05,-4.150149036648848e-05,0.0001571832443029477,0.0007000000000000018,0.00011996947941960366,0.0007000000000000018,0.0016622378117693327,-0.0019120629832605554,0.007234071949483101,0.030000000000000054,0.005596429240652583,0.030000000000000054,0.0,True,False,True,0.00011769238380971543,3.0115666578874592e-05
1.0500000000000007,1786130182.0039504,0.023411100002704188,TELEOP,0,,0.0,0.0012500000000000178,0.0,0.0,0.0,0.0,0.0,1.0,0.0005795146840711983,0.0,0.0,0.0,0.0,0.0,1.0,-0.015856703452180914,-0.29051699998654984,0.31799999837091575,-1.4110288295412193e-10,-5.243382183008512e-13,2.956679686655262e-10,1.0,-0.0159883549967734,-0.29051697272695576,0.3179791945504392,-4.45634555182059e-06,-1.125713271179841e-10,2.7450687133551264e-05,0.9999999996133004,0.0014684550698318057,-0.0012060211371900521,0.004551813830865551,0.4135823471445794,0.003653858391691671,0.4135798905688723,5.512068252052525e-05,-6.711567637154056e-05,0.0002540138384687832,0.001120000000000003,0.000195810976016364,0.001120000000000003,0.002522719090102658,-0.0025614186005052065,0.009683059416583543,0.04200000000000008,0.0075841496596760274,0.04200000000000008,0.0,True,False,True,0.0001332851412689823,5.561948399316181e-05
1.0600000000000007,1786130182.0227976,0.019826699994155206,TELEOP,0,,0.0,0.001500000000000018,0.0,0.0,0.0,0.0,0.0,1.0,0.0007643985659302525,0.0,0.0,0.0,0.0,0.0,1.0,-0.015816703370847476,-0.29051699998802766,0.31799999820180475,-1.5607693180142809e-10,-5.891861453640397e-13,2.8706546168396014e-10,1.0,-0.015980822133260617,-0.29051695455227783,0.3179693790604267,-8.075176943876709e-06,-3.3262144122037196e-10,4.516078781047447e-05,0.9999999989476475,0.0018649200666092543,-0.0013450123327903556,0.005070873779605844,0.4640758938089808,0.004166527867036431,0.46407241958724826,9.081365879152695e-05,-9.946962921241343e-05,0.0003762256327120287,0.0016800000000000044,0.00029290677075103375,0.0016800000000000044,0.003569297627100166,-0.003235395284087284,0.012221179424324543,0.056000000000000105,0.009709579473466963,0.056000000000000105,0.0,True,False,True,0.00016695059766037415,9.175351309086157e-05
1.0700000000000007,1786130182.0463104,0.018841500001144595,TELEOP,0,,0.0,0.0017500000000000183,0.0,0.0,0.0,0.0,0.0,1.0,0.00096236214283128,0.0,0.0,0.0,0.0,0.0,1.0,-0.01575670325025709,-0.29051699999001596,0.3179999980020626,-1.7377032841741446e-10,-6.711246603396035e-13,2.7431066452120876e-10,1.0,-0.015970467439375177,-0.29051692919242905,0.3179575744831875,-1.363709264993959e-05,-8.581223036897359e-10,6.946003319239745e-05,0.9999999974946668,0.0024496100343514653,-0.0015176385070897447,0.00571375440505055,0.5284099287000132,0.00485880056804841,0.5284047892663324,0.00013991275075911144,-0.00013897581430180616,0.0005253192827984659,0.0024000000000000063,0.0004136188450723795,0.0024000000000000063,0.004909909196758444,-0.003950618508939269,0.014909365008643696,0.07200000000000013,0.012071207432134563,0.07200000000000013,0.0,True,False,True,0.0002179332203115326,0.000141571517891724
1.0800000000000007,1786130182.0669115,0.023521099996287376,TELEOP,0,,0.0,0.0020000000000000187,0.0,0.0,0.0,0.0,0.0,1.0,0.001170778330575319,0.0,0.0,0.0,0.0,0.0,1.0,-0.015676703095862665,-0.2905169999922904,0.3179999978047817,-1.912557675117187e-10,-7.610568466988359e-13,2.5798111289802216e-10,1.0,-0.015956487594781202,-0.2905168947559068,0.31794377835704596,-2.20884705446168e-05,-2.0387839029748842e-09,0.00010220091049981482,0.9999999945335367,0.0032118049643241795,-0.0017024031144319467,0.006399542496915396,0.5997593862207103,0.005690231447036526,0.5997518430528677,0.00020625283654582133,-0.0001860469513290977,0.0007027816788090675,0.0033000000000000087,0.000560914722936142,0.0033000000000000087,0.006634008578670984,-0.00470711370272915,0.017746239601060147,0.09000000000000016,0.014729587786376232,0.09000000000000016,0.0,True,False,True,0.00028537694933807647,0.00020912068765368047
1.0900000000000007,1786130182.086002,0.020601500000339,TELEOP,0,,0.0,0.002250000000000019,0.0,0.0,0.0,0.0,0.0,1.0,0.0013875476786318652,0.0,0.0,0.0,0.0,0.0,1.0,-0.015583737968055388,-0.2905169999944721,0.3179999976427868,-2.0562529874079742e-10,-8.497100920880888e-13,2.4022216176822055e-10,1.0,-0.01593802710248236,-0.2905168492873029,0.3179280745374287,-3.4595349700016506e-05,-4.54184410242829e-09,0.00014534175202162418,0.9999999888394684,0.004074775657575866,-0.0018731377258594034,0.007031072204559312,0.6686192064791305,0.006573274513413787,0.668608697728741,0.0002939293236630141,-0.00024091140176057542,0.0009094020038031624,0.0044000000000000115,0.0007376884428562413,0.0044000000000000115,0.008767648711719268,-0.005486445043147767,0.020662032499409472,0.1100000000000002,0.017677371992009916,0.1100000000000002,0.0,True,False,True,0.00036151590085363336,0.0002988041447664386
1.1000000000000008,1786130182.1029966,0.019088400003965944,TELEOP,0,,0.0,0.002500000000000019,0.0,0.0,0.0,0.0,0.0,1.0,0.0016109924019324338,0.0,0.0,0.0,0.0,0.0,1.0,-0.01556373793361905,-0.2905169999948846,0.31799999761507347,-2.0808328951379432e-10,-8.616980876906099e-13,2.365795220466e-10,1.0,-0.015915335009006163,-0.2905167915055194,0.31791073992747626,-5.1062649059195205e-05,-9.128996978456626e-09,0.00019821930351431751,0.9999999790508566,0.004257474434455094,-0.0019051926778335688,0.007149406003447435,0.6819253921004563,0.006754827616868594,0.6819142285063307,0.0004018240556787192,-0.0003027613235177147,0.0011421373294897236,0.005720000000000015,0.0009415167081580848,0.005720000000000015,0.010789473201570497,-0.006184992175713921,0.023273532568656097,0.13200000000000023,0.020382826530184337,0.13200000000000023,0.0,True,False,True,0.0003627498886061694,0.0004093808595593903
1.1100000000000008,1786130182.1202376,0.01703040000575129,TELEOP,0,,0.0,0.0027500000000000194,0.0,0.0,0.0,0.0,0.0,1.0,0.0018397716941314511,0.0,0.0,0.0,0.0,0.0,1.0,-0.015523737866462592,-0.29051699999566094,0.31799999756595104,-2.121651205601786e-10,-9.513266186024658e-13,2.2937886221899412e-10,1.0,-0.015888409305291055,-0.2905167198165298,0.3178920191584086,-7.171999544063641e-05,-1.6815835699649125e-08,0.0002607468062181644,0.9999999634336719,0.004619919429854767,-0.0019651989551943056,0.007370730753991678,0.7072020052513323,0.007110782096825419,0.7071895186383431,0.0005300198890137826,-0.0003710017909039576,0.0013987321657058906,0.007280000000000019,0.001171201405439409,0.007280000000000019,0.012819583333506324,-0.0068240467386242835,0.02565948362161667,0.15600000000000028,0.022968469728132403,0.15600000000000028,0.0,True,False,True,0.00038032180228455404,0.0005408604504381318
1.1200000000000008,1786130182.1401522,0.017201700000441633,TELEOP,0,,0.0,0.0030000000000000196,0.0,0.0,0.0,0.0,0.0,1.0,0.0020728140486052263,0.0,0.0,0.0,0.0,0.0,1.0,-0.015463737770315084,-0.2905169999966819,0.317999997505663,-2.1780045499049233e-10,-9.409364159367666e-13,2.1930886287644547e-10,1.0,-0.015857026947320045,-0.29051663235149655,0.31787214427724475,-9.71176248802732e-05,-2.900417733410827e-08,0.0003333397880385429,0.9999999397263741,0.005156549617660597,-0.0020462128723736433,0.007669155380437278,0.7421654057214871,0.007629364753781844,0.7421509081606196,0.0006796614149087491,-0.0004451889629626642,0.0016774887045619006,0.009100000000000025,0.0014265940678663343,0.009100000000000025,0.014964152589496644,-0.007418717205870654,0.02787565388560097,0.18200000000000033,0.02553926624269251,0.18200000000000033,0.0,True,False,True,0.000413549223103113,0.0006943977664821802
1.1300000000000008,1786130182.1591096,0.019913500000257045,TELEOP,0,,0.0,0.00325000000000002,0.0,0.0,0.0,0.0,0.0,1.0,0.0023092631716572095,0.0,0.0,0.0,0.0,0.0,1.0,-0.015383737649984287,-0.2905169999978423,0.31799999744612056,-2.2309370920588313e-10,-9.942194028265592e-13,2.06582521274148e-10,1.0,-0.01582077600459444,-0.29051652701811836,0.31785135572883294,-0.00012812552706300808,-4.7687226807174774e-08,0.00041683612039455985,0.9999999049157434,0.005859823445471696,-0.0021402389249412642,0.00801501955429512,0.7841320679425013,0.008297601076384586,0.7841148552556414,0.0008528061610802668,-0.0005249650509746634,0.0019770261627475015,0.01120000000000003,0.0017084193348723927,0.01120000000000003,0.01731447461715175,-0.007977608801199906,0.02995374581856007,0.21000000000000038,0.028182526700605812,0.21000000000000038,0.0,True,False,True,0.0004616244222616304,0.0008721657798593106
1.1400000000000008,1786130182.17844,0.018949299992527813,TELEOP,0,,0.0,0.00350000000000002,0.0,0.0,0.0,0.0,0.0,1.0,0.002548434758274946,0.0,0.0,0.0,0.0,0.0,1.0,-0.015283737511630917,-0.2905169999990049,0.3179999973977403,-2.2740212200810754e-10,-1.0529127402537188e-12,1.919501621836096e-10,1.0,-0.0157790883709149,-0.2905164015608829,0.3178299202510662,-0.00016593005567907504,-7.573314529164973e-08,0.0005124140419096182,0.9999998549495198,0.006721021518544266,-0.0022397422981396942,0.008380615013522896,0.8304841888191706,0.009103948624809285,0.8304635522084068,0.0010522736739421025,-0.0006100013069798642,0.002296071533103576,0.013600000000000036,0.002018117005252508,0.013600000000000036,0.01994675128618355,-0.008503625600520074,0.03190453703560742,0.2400000000000004,0.030969767038011506,0.2400000000000004,0.0,True,False,True,0.000523735684999955,0.0010772199317325756
1.1500000000000008,1786130182.1977565,0.019344800006365404,TELEOP,0,,0.0,0.0037500000000000202,0.0,0.0,0.0,0.0,0.0,1.0,0.0027897819489387577,0.0,0.0,0.0,0.0,0.0,1.0,-0.015163737361839147,-0.29051700000005354,0.31799999736817003,-2.3004695520251556e-10,-1.1142487511960134e-12,1.761080985692744e-10,1.0,-0.0157312685523234,-0.2905162535741445,0.3178081233744064,-0.00021202448418039153,-1.1728050640754901e-07,0.0006215352453298416,0.9999997843697483,0.007731089343461618,-0.00233852609392581,0.008743486920421416,0.8789493094224722,0.010039544249920053,0.8789245505529957,0.0012814995584371153,-0.0006999548526717561,0.002633303507230796,0.016300000000000044,0.002357710892300027,0.016300000000000044,0.022922588449501256,-0.008995354569189196,0.03372319741272197,0.27000000000000046,0.0339593887047519,0.27000000000000046,0.0,True,False,True,0.0005990891743362728,0.0013134080894572837
1.1600000000000008,1786130182.2174423,0.019318899998324923,TELEOP,0,,0.0,0.00400000000000002,0.0,0.0,0.0,0.0,0.0,1.0,0.0030328677240663224,0.0,0.0,0.0,0.0,0.0,1.0,-0.015063737249238216,-0.2905170000006947,0.31799999736105417,-2.3069672837373826e-10,-1.1594563337962749e-12,1.641993669558566e-10,1.0,-0.015677000618917504,-0.29051608028030046,0.317786259659624,-0.00026738145608154424,-1.7731825366767223e-07,0.0007447488344564026,0.9999996869281006,0.008555574506981856,-0.0024073504015422634,0.008996616485899703,0.9145247216569639,0.010798852890447207,0.9144965339053082,0.0015421376952557712,-0.0007942691830898135,0.002986622490310393,0.01930000000000005,0.002727624330414053,0.01930000000000005,0.02606381368186556,-0.009431433041805727,0.03533189830795966,0.3000000000000005,0.036991343811402566,0.3000000000000005,0.0,True,False,True,0.0006494433089105293,0.0015825845489762333
1.1700000000000008,1786130182.2361858,0.019683899998199195,TELEOP,0,,0.0,0.00425000000000002,0.0,0.0,0.0,0.0,0.0,1.0,0.0032773428427915778,0.0,0.0,0.0,0.0,0.0,1.0,-0.014983737166392074,-0.29051700000108255,0.31799999736403356,-2.3044713189323762e-10,-1.192168276112468e-12,1.5543749280325434e-10,1.0,-0.015616302793248757,-0.2905158784389277,0.31776460570555864,-0.0003324531741690579,-2.6142627503212867e-07,0.0008818042706955741,0.9999995559479249,0.009205080358158266,-0.0024552386970108846,0.009173148799502139,0.94036302686799,0.011395724914212204,0.9403321070829944,0.0018342708669430287,-0.0008922584964863735,0.0033534602130582997,0.022600000000000058,0.0031269067916282864,0.022600000000000058,0.02921331716872572,-0.009798931339655993,0.036683772274790624,0.3300000000000005,0.039928246121423296,0.3300000000000005,0.0,True,False,True,0.0006749442666337912,0.0018847851747381085
1.1800000000000008,1786130182.2526405,0.018727999995462596,TELEOP,0,,0.0,0.0045000000000000205,0.0,0.0,0.0,0.0,0.0,1.0,0.003522928212584358,0.0,0.0,0.0,0.0,0.0,1.0,-0.01492373710813403,-0.2905170000013022,0.31799999737031354,-2.2985606111142057e-10,-1.216829414622625e-12,1.4928817756906095e-10,1.0,-0.015549488209577546,-0.29051564447469785,0.3177434054023432,-0.0004071893814147991,-3.7535586745899057e-07,0.001031751059713939,0.9999993848430196,0.009686825324839197,-0.002487572174094653,0.009292661552544018,0.9584062386951646,0.011838174619089408,0.9583732784549813,0.0021565912358361824,-0.0009931606009721667,0.003730972579323643,0.026200000000000067,0.0035534106298764803,0.026200000000000067,0.03223203688931536,-0.0100902104485793,0.03775123662653427,0.36000000000000054,0.04265038382481936,0.36000000000000054,0.0,True,False,True,0.0006763177629169901,0.0022183900394295184
1.1900000000000008,1786130182.269692,0.01646680000703782,TELEOP,0,,0.0,0.0047500000000000216,0.0,0.0,0.0,0.0,0.0,1.0,0.003769400799836024,0.0,0.0,0.0,0.0,0.0,1.0,-0.014869181121516946,-0.2905170000014809,0.3179999973785468,-2.2916560537378114e-10,-1.2384348078571141e-12,1.439656698009335e-10,1.0,-0.015476961788533493,-0.2905153748534334,0.31772288069891513,-0.0004913683152877257,-5.250209144856759e-07,0.0011934188243165607,0.9999991671538596,0.010121125255920058,-0.0025146043609926704,0.009392865275890313,0.9739165101641508,0.012237076230445659,0.9738817018604846,0.0025073608380166007,-0.0010962197784176195,0.004116344281015254,0.030100000000000078,0.004004675714941277,0.030100000000000078,0.035076960218041776,-0.010305917744545263,0.03853717016916105,0.39000000000000057,0.04512650850647968,0.39000000000000057,0.0,True,False,True,0.0006679772708972406,0.002581233769466781
1.2000000000000008,1786130182.28654,0.01704799999424722,TELEOP,0,,0.0,0.005000000000000022,0.0,0.0,0.0,0.0,0.0,1.0,0.004016582370248901,0.0,0.0,0.0,0.0,0.0,1.0,-0.014849181103711457,-0.290517000001532,0.3179999973820974,-2.2886882328883672e-10,-1.241339935928385e-12,1.4207780441923368e-10,1.0,-0.015399542212841726,-0.29051506621303974,0.3177031908358574,-0.0005840003197257376,-7.149248787949333e-07,0.0013646786924918636,0.9999988982969841,0.010279488834585992,-0.002523992347358632,0.009427741565440274,0.9794030620434356,0.012382567005897299,0.9793675780843933,0.002882872751102605,-0.0012006057783602638,0.004506486377596626,0.03430000000000009,0.004476515176882314,0.03430000000000009,0.03755119130860037,-0.010438599994264417,0.039014209658137226,0.4200000000000006,0.04718394619410361,0.4200000000000006,0.0,True,False,True,0.000625296102556171,0.0029687746842962013
1.2100000000000009,1786130182.304284,0.01693820000218693,TELEOP,0,,0.0,0.005250000000000022,0.0,0.0,0.0,0.0,0.0,1.0,0.004264330490690912,0.0,0.0,0.0,0.0,0.0,1.0,-0.014809181069040816,-0.2905170000016232,0.3179999973899576,-2.2817770292580284e-10,-1.2535920011486765e-12,1.3841127613887704e-10,1.0,-0.015317789650378322,-0.29051471605225954,0.3176845050615885,-0.0006845314598570514,-9.498167851780993e-07,0.001544007868621986,0.9999985737267229,0.010594903412759142,-0.0025419812504369446,0.009494702825924295,0.9900729154587136,0.012672430995141926,0.9900360832599029,0.003280647773248501,-0.0013056080524193314,0.004898757024798493,0.0388000000000001,0.0049659507657328445,0.0388000000000001,0.0397775022145896,-0.010500227405906745,0.03922706472018667,0.4500000000000006,0.04894355888505304,0.4500000000000006,0.0,True,False,True,0.0005985175976482161,0.003377896678458321
1.2200000000000009,1786130182.3202794,0.01765720000548754,TELEOP,0,,0.0,0.005500000000000022,0.0,0.0,0.0,0.0,0.0,1.0,0.0045125313383181966,0.0,0.0,0.0,0.0,0.0,1.0,-0.014749181019307365,-0.29051700000173625,0.317999997403474,-2.2697454962666418e-10,-1.267108468715162e-12,1.3315758483002276e-10,1.0,-0.01523202516256085,-0.29051432241617436,0.31766699593612235,-0.0007928164120784375,-1.2351631481037293e-06,0.0017304551159816662,0.9999981884812106,0.011064877837137258,-0.00256712220785533,0.009588637392692454,1.0053620592951629,0.013104624583474752,1.0053232126362663,0.003699332030103689,-0.0014106206519417823,0.005290907065066135,0.04359166666666678,0.0054711186236912615,0.04359166666666678,0.041868425685518774,-0.01050125995224507,0.039215004026764144,0.4791666666666673,0.050516785795841616,0.4791666666666673,0.0,True,False,True,0.0005865454913278166,0.003806855842836909
1.2300000000000009,1786130182.3361773,0.01598869998997543,TELEOP,0,,0.0,0.0057500000000000225,0.0,0.0,0.0,0.0,0.0,1.0,0.004761093953987477,0.0,0.0,0.0,0.0,0.0,1.0,-0.014669180956980273,-0.29051700000182284,0.3179999974241712,-2.2505798073436332e-10,-1.2646755628973792e-12,1.2660981386399703e-10,1.0,-0.015142351679752395,-0.290513883602641,0.3176508385525054,-0.000909092851501622,-1.5777133849250692e-06,0.001923600187229544,0.9999977366524476,0.011685987293372222,-0.0025975179326061535,0.009702914700384218,1.02451936078994,0.013676500448091876,1.0244778433556263,0.004138588815993643,-0.0015151245437308647,0.005681016877223404,0.04865500000000012,0.005991170978378148,0.04865500000000012,0.04392567858899536,-0.010450389178908238,0.03901098121572691,0.506333333333334,0.05200523546868858,0.506333333333334,0.0,True,False,True,0.000588057958449213,0.004255206653580609
1.2400000000000009,1786130182.3550477,0.01589320000493899,TELEOP,0,,0.0,0.006000000000000023,0.0,0.0,0.0,0.0,0.0,1.0,0.005009945649879553,0.0,0.0,0.0,0.0,0.0,1.0,-0.01456918088502188,-0.2905170000018752,0.3179999974534953,-2.2258156286610696e-10,-1.3270115738798986e-12,1.1894857971662575e-10,1.0,-0.015048681059525008,-0.29051339798384523,0.31763622464430363,-0.0010339541861340011,-1.9860324766387257e-06,0.002123468554320405,0.9999972109041583,0.012454188596860375,-0.0026310667122901583,0.009830300313722099,1.046693612081681,0.014385169405547932,1.0466487810030551,0.004598988090426564,-0.0016186693762636297,0.006067432006676587,0.05397000000000013,0.0065261772925853615,0.05397000000000013,0.04603992744329209,-0.010354483253276505,0.0386415129453182,0.5315000000000006,0.053500631420721326,0.5315000000000006,0.0,True,False,True,0.0006018837500627489,0.004723639830114559
1.2500000000000009,1786130182.3738408,0.018881299998611212,TELEOP,0,,0.0,0.006250000000000023,0.0,0.0,0.0,0.0,0.0,1.0,0.00525902833951455,0.0,0.0,0.0,0.0,0.0,1.0,-0.014449180806430663,-0.290517000001851,0.3179999974924069,-2.1914785395837348e-10,-1.3576434001943456e-12,1.1063637487791102e-10,1.0,-0.014950758019106045,-0.29051286382530284,0.31762336455582496,-0.0011683221685160723,-2.471102927167838e-06,0.0023304694076022895,0.9999966019589989,0.013365157489693066,-0.002665682294447146,0.00996377832011021,1.0710165662256688,0.015227818930969923,1.0709677951828631,0.005081896935040537,-0.001720856395794939,0.00644870383585196,0.05951666666666681,0.0070770278142085336,0.05951666666666681,0.04829088446139727,-0.010218701953130904,0.03812718291753726,0.5546666666666673,0.05508505216231716,0.5546666666666673,0.0,True,False,True,0.0006272552727159801,0.0052138603062984
1.260000000000001,1786130182.3903713,0.018783999999868684,TELEOP,0,,0.0,0.006500000000000023,0.0,0.0,0.0,0.0,0.0,1.0,0.005508295604898381,0.0,0.0,0.0,0.0,0.0,1.0,-0.014347512304249027,-0.2905170000017685,0.3179999975275924,-2.1588452886193144e-10,-1.3571590920205743e-12,1.0432754062776189e-10,1.0,-0.014848596530077755,-0.2905122791679536,0.31761241579632793,-0.00131258654389151,-3.0435016836834247e-06,0.0025444026157057605,0.999995901552917,0.014128599248117246,-0.0026908498325097325,0.010062779288323668,1.0899129623998587,0.015936092524011337,1.0898608837803243,0.005587387697555267,-0.0018212638958980472,0.006823300758793772,0.06527500000000015,0.007643495408403405,0.06527500000000015,0.05054907625147299,-0.010040750010310824,0.03745969229418117,0.575833333333334,0.056646759419487124,0.575833333333334,0.0,True,False,True,0.0006335039747754094,0.005726045290647112
1.270000000000001,1786130182.4081523,0.01653259999875445,TELEOP,0,,0.0,0.006750000000000023,0.0,0.0,0.0,0.0,0.0,1.0,0.0057577103527481615,0.0,0.0,0.0,0.0,0.0,1.0,-0.014327512292946444,-0.2905170000017543,0.3179999975346781,-2.1541526656974015e-10,-1.3863039141801776e-12,1.0302480345375698e-10,1.0,-0.014743128595458326,-0.29051164239256777,0.31760335926229816,-0.0014652625801646155,-3.7063840100413327e-06,0.0027630138329726383,0.9999951093612373,0.014277945730175176,-0.0026953966677059813,0.01008090237498546,1.0934623884408181,0.016074878621174574,1.0934096623816643,0.006111105327309186,-0.001919374470796785,0.0071893035049362085,0.07122500000000016,0.008221308642059616,0.07122500000000016,0.05237176297539184,-0.009811057489873765,0.03660027461424363,0.5950000000000006,0.05778132336562095,0.5950000000000006,0.0,True,False,True,0.0005745324481753844,0.0062550089681284084
1.280000000000001,1786130182.4247956,0.017799000008380972,TELEOP,0,,0.0,0.0070000000000000236,0.0,0.0,0.0,0.0,0.0,1.0,0.006007242941479736,0.0,0.0,0.0,0.0,0.0,1.0,-0.014287512270823923,-0.2905170000017087,0.3179999975490136,-2.1414897610374828e-10,-1.3952040993654671e-12,1.0068497898924232e-10,1.0,-0.014635015522594483,-0.29051095307483343,0.3175962017105791,-0.0016253587630982223,-4.463387840556424e-06,0.002984701675538489,0.9999942248557626,0.014575854630216926,-0.0027041178554908143,0.010115912305421236,1.100405652943031,0.016351952335587176,1.1003516351212435,0.006649962802520471,-0.002014758771292114,0.007545129694459032,0.07734666666666684,0.008807433576338416,0.07734666666666684,0.05388574752112845,-0.009538430049532915,0.035582618952282374,0.6121666666666673,0.05861249342788001,0.6121666666666673,0.0,True,False,True,0.0005327721412130586,0.006797145958453412
1.290000000000001,1786130182.4416044,0.016620199996395968,TELEOP,0,,0.0,0.007250000000000024,0.0,0.0,0.0,0.0,0.0,1.0,0.006256869684403948,0.0,0.0,0.0,0.0,0.0,1.0,-0.01422751223896351,-0.2905170000016323,0.317999997570809,-2.122224258410051e-10,-1.4101139913095781e-12,9.731604605646757e-11,1.0,-0.014524672112469102,-0.29051021153141204,0.3175909796136115,-0.001792342779718335,-5.319265184494407e-06,0.003208436738554396,0.9999932466835765,0.0150208284451452,-0.0027163121233853664,0.010165499866353084,1.1104485052331632,0.016766380416219858,1.1103925574380493,0.007202046499537932,-0.0021070662783579247,0.00788950071660422,0.0836248611111113,0.009399985230259826,0.0836248611111113,0.05520836970174603,-0.009230750706581041,0.0344371022145186,0.627819444444445,0.05925516539214101,0.627819444444445,0.0,True,False,True,0.0005056142433316195,0.007350277998661085
1.300000000000001,1786130182.4576478,0.01681570000073407,TELEOP,0,,0.0,0.007500000000000024,0.0,0.0,0.0,0.0,0.0,1.0,0.0065065716535690574,0.0,0.0,0.0,0.0,0.0,1.0,-0.014147512198809395,-0.29051700000151154,0.31799999760026076,-2.096118185743908e-10,-1.428198267081739e-12,9.307541787021375e-11,1.0,-0.014412287976312464,-0.2905094183665124,0.3175877560043657,-0.001966109299418626,-6.280617898360377e-06,0.0034337075690161903,0.9999921719829147,0.015610786401645479,-0.0027310265266538747,0.010226570823326755,1.1231884594437227,0.017316907139508616,1.1231299523122713,0.007766517248901907,-0.002196014550448084,0.008221403807089547,0.09004653935185204,0.009998136204057569,0.09004653935185204,0.05644707493639744,-0.00889482720901592,0.0331903090485327,0.6421678240740747,0.05981509737977426,0.6421678240740747,0.0,True,False,True,0.000490006966203284,0.007913546141480834
1.310000000000001,1786130182.474591,0.01608499999565538,TELEOP,0,,0.0,0.007750000000000024,0.0,0.0,0.0,0.0,0.0,1.0,0.00675633372386332,0.0,0.0,0.0,0.0,0.0,1.0,-0.014047512152064779,-0.2905170000013294,0.3179999976374803,-2.0629457776706156e-10,-1.4392997460507607e-12,8.815641370852703e-11,1.0,-0.01429784984590782,-0.2905085741028745,0.3175866191626962,-0.002146947355553125,-7.3566169884049955e-06,0.0036604613579518637,0.9999909957522516,0.01634323456963371,-0.0027471501021336985,0.010295595126185083,1.1381529900164937,0.01800209059466327,1.138091305347941,0.008343509306101744,-0.002281377796750769,0.008540052413083704,0.0965997444058644,0.010602024279973594,0.0965997444058644,0.057699205719983625,-0.008536324630268492,0.03186486059941576,0.6553205054012351,0.06038880759160258,0.6553205054012351,0.0,True,False,True,0.00048334430806441775,0.008487289553492228
1.320000000000001,1786130182.4918945,0.016901599999982864,TELEOP,0,,0.0,0.008000000000000024,0.0,0.0,0.0,0.0,0.0,1.0,0.007006143809120298,0.0,0.0,0.0,0.0,0.0,1.0,-0.013927512100554939,-0.2905170000011182,0.31799999768233395,-2.022639189592832e-10,-1.4445018529571586e-12,8.277327679137667e-11,1.0,-0.014181164234494961,-0.29050767889931656,0.31758768203062243,-0.0023355070884616695,-8.559687256476247e-06,0.0038890419422046322,0.9999897102901326,0.017215452169923564,-0.0027635060377727205,0.010368949815481228,1.1548391383685226,0.01882043714867608,1.1547736708605132,0.008934029406200356,-0.0023629755519797716,0.008844847644983887,0.10327351570537573,0.011212660661151497,0.10327351570537573,0.05905201000986125,-0.00815977552290025,0.030479523190018284,0.6673771299511322,0.061063638117790205,0.6673771299511322,0.0,True,False,True,0.0004841802191719673,0.009072916496703333
1.330000000000001,1786130182.508318,0.017304699998931028,TELEOP,0,,0.0,0.008250000000000025,0.0,0.0,0.0,0.0,0.0,1.0,0.007255992251661978,0.0,0.0,0.0,0.0,0.0,1.0,-0.013823203065439115,-0.2905170000008758,0.31799999772120513,-1.9890807311483987e-10,-1.4896841104573123e-12,7.835112411388701e-11,1.0,-0.014062245841907395,-0.2905067329191293,0.3175910045460095,-0.0025319812257908474,-9.90050658358702e-06,0.004119331441805318,0.999988309972434,0.017968188614614466,-0.0027753447051710196,0.010425334268480135,1.1683313098142838,0.019528744061313743,1.1682625794034607,0.009538076714682516,-0.002440637168947963,0.009135218875777779,0.11005780606326111,0.011830161256399034,0.11005780606326111,0.06040473084821595,-0.007766161696819152,0.029037123079389153,0.6784290357885379,0.061750059524753695,0.6784290357885379,0.0,True,False,True,0.00047383781962379923,0.009670594403977675
1.340000000000001,1786130182.5243387,0.016411400007200427,TELEOP,0,,0.0,0.008500000000000025,0.0,0.0,0.0,0.0,0.0,1.0,0.007505871334460639,0.0,0.0,0.0,0.0,0.0,1.0,-0.013803203057926202,-0.29051700000083336,0.317999997728623,-1.9827367755079881e-10,-1.4843218956416443e-12,7.75344528632668e-11,1.0,-0.013941996386837414,-0.290505738031588,0.31759644686904753,-0.0027346303780788625,-1.1375624867714735e-05,0.004349290140855562,0.9999868025841947,0.018111977886611678,-0.0027773809632617857,0.010435432288344103,1.1708188986638886,0.019664258962994795,1.1707495452021495,0.010151327727818448,-0.0025141654830737625,0.009410421763815001,0.11694340555798938,0.01245060692500508,0.11694340555798938,0.06132510131359321,-0.007352831412579932,0.027520288803722225,0.6885599494728264,0.06204456686060461,0.6885599494728264,0.0,True,False,True,0.0004269001245790592,0.010275191075450475
1.350000000000001,1786130182.540405,0.01601959999243263,TELEOP,0,,0.0,0.008750000000000025,0.0,0.0,0.0,0.0,0.0,1.0,0.007755774891290513,0.0,0.0,0.0,0.0,0.0,1.0,-0.013763203043213441,-0.29051700000074315,0.3179999977434284,-1.9696444729016167e-10,-1.4904851004528483e-12,7.597812800752098e-11,1.0,-0.013821046289560917,-0.2905046970706303,0.31760390928210536,-0.0029422502870258805,-1.2982870587735798e-05,0.004577506505163401,0.9999851946048446,0.01839905916272325,-0.002781239004954284,0.010454981258676114,1.1757029845114628,0.019935020784802922,1.175632387355842,0.010770750402602114,-0.0025834211149243598,0.009669944963230101,0.12392187176149029,0.013071323884142554,0.12392187176149029,0.06194226747836655,-0.006925563185059744,0.02595231994151003,0.6978466203500908,0.06207169591374717,0.6978466203500908,0.0,True,False,True,0.00040047880397174455,0.01088317261154472
1.360000000000001,1786130182.5564091,0.016065500007243827,TELEOP,0,,0.0,0.009000000000000025,0.0,0.0,0.0,0.0,0.0,1.0,0.008005697995187104,0.0,0.0,0.0,0.0,0.0,1.0,-0.01370320302193681,-0.2905170000006049,0.31799999776552457,-1.9501027139413054e-10,-1.5012266271384082e-12,7.372761843818463e-11,1.0,-0.013699776082404184,-0.29050361320718193,0.3176133300968868,-0.0031541351375631607,-1.4722245324607648e-05,0.004803135649171036,0.9999834904150794,0.0188284774386205,-0.002786508486321939,0.010482756181520307,1.182809611117349,0.020340520937214224,1.1827371543073564,0.011394510958903935,-0.0026483157730887797,0.009913485751709849,0.13098546578136613,0.013690794965109346,0.13098546578136613,0.06237605563018211,-0.006489465816441972,0.024354078847974615,0.7063594019875833,0.061947108096679124,0.7063594019875833,0.0,True,False,True,0.00038691450751099013,0.011492477323646947
1.370000000000001,1786130182.572486,0.016003500000806525,TELEOP,0,,0.0,0.009250000000000026,0.0,0.0,0.0,0.0,0.0,1.0,0.00825563670948529,0.0,0.0,0.0,0.0,0.0,1.0,-0.013623202994971636,-0.29051700000041414,0.31799999779472293,-1.9242679385333248e-10,-1.513163333547736e-12,7.087628961858434e-11,1.0,-0.013578338376392475,-0.29050248942471263,0.31762468371843194,-0.0033700404298753024,-1.6596778322573355e-05,0.005025837295026776,0.999981691588167,0.01939889344980409,-0.0027926167260880334,0.010517078653412839,1.1918970442171182,0.020880059740409518,1.1918221184892575,0.012021877458367412,-0.0027088046330242146,0.010140923091855887,0.13812709363291897,0.014308568905824045,0.13812709363291897,0.06273664994634759,-0.006048885993543511,0.022743734014603806,0.7141627851552846,0.06177739407146987,0.7141627851552846,0.0,True,False,True,0.000378264519443208,0.012102385449125997
1.380000000000001,1786130182.5893934,0.01608269999269396,TELEOP,0,,0.0,0.009500000000000026,0.0,0.0,0.0,0.0,0.0,1.0,0.008505587888866573,0.0,0.0,0.0,0.0,0.0,1.0,-0.013523202963357558,-0.2905170000001715,0.31799999783074145,-1.8923656031722169e-10,-1.5253172461098914e-12,6.75368833283368e-11,1.0,-0.013456680018530464,-0.29050132811039375,0.31763797875050287,-0.003590145530348345,-1.8613308270976088e-05,0.005245714240065087,0.9999797962912688,0.020108681109779206,-0.0027988709042061567,0.010555973371920133,1.2026753404549502,0.02155280919990879,1.2025973448870495,0.012653121774899292,-0.0027648782148482383,0.010352289613934647,0.14534025249684243,0.014925168909076997,0.14534025249684243,0.06312443165318793,-0.005607358182402345,0.021136652207875882,0.7213158863923442,0.061660000325295124,0.7213158863923442,0.0,True,False,True,0.00036841379558109026,0.012713386875133743
1.390000000000001,1786130182.6053867,0.01691630001005251,TELEOP,0,,0.0,0.009750000000000026,0.0,0.0,0.0,0.0,0.0,1.0,0.008755549020370531,0.0,0.0,0.0,0.0,0.0,1.0,-0.013403202928223158,-0.2905169999998684,0.3179999978731814,-1.8547220031702212e-10,-1.5428860303648352e-12,6.383305122637076e-11,1.0,-0.013334564091462841,-0.2905001307604921,0.31765325603304667,-0.0038150160147917634,-2.0783180579926125e-05,0.00546325225495004,0.9999777988013859,0.020956036568902197,-0.002804501822669877,0.01059733011292083,1.2148275992291413,0.02235787896626992,1.2147459424315903,0.013289421528900757,-0.0028165541621301324,0.010547743929305358,0.15261898145543892,0.015542001620789376,0.15261898145543892,0.0636299754001465,-0.005167594728189398,0.019545431537071074,0.7278728958596489,0.06168327117123784,0.7278728958596489,0.0,True,False,True,0.00035387252627034954,0.013327049097853769
1.400000000000001,1786130182.621271,0.01598449998709839,TELEOP,0,,0.0,0.010000000000000026,0.0,0.0,0.0,0.0,0.0,1.0,0.009005518096343156,0.0,0.0,0.0,0.0,0.0,1.0,-0.013298345146400258,-0.29051699999961106,0.3179999979094841,-1.8227284154948904e-10,-1.5497443124840262e-12,6.081204842592498e-11,1.0,-0.013211938416276846,-0.2904988990146915,0.3176705066669339,-0.004044792404646906,-2.311456815768578e-05,0.005678537134004318,0.9999756963727358,0.02169285475202658,-0.0028078759687979026,0.010629192155341865,1.224808959085871,0.02305956067827081,1.2247241219898757,0.013931053478562697,-0.002863863515240395,0.010727475997742653,0.15995781633415238,0.016159636877758232,0.15995781633415238,0.0641631949661939,-0.004730935311026233,0.01797320684372939,0.7338834878713448,0.06176352569688569,0.7338834878713448,0.0,True,False,True,0.00034111324744566523,0.013943808554811558
1.410000000000001,1786130182.6373618,0.015938500000629574,TELEOP,0,,0.0,0.010250000000000026,0.0,0.0,0.0,0.0,0.0,1.0,0.009255493512907076,0.0,0.0,0.0,0.0,0.0,1.0,-0.013278345141206106,-0.29051699999956343,0.31799999791631817,-1.816716854736835e-10,-1.55498590286495e-12,6.025765610358777e-11,1.0,-0.013089602660792038,-0.29049763767151826,0.3176895163485363,-0.004277691200608968,-2.5594510191043468e-05,0.005889881229817047,0.9999735046500042,0.021833031292628657,-0.0028083648307640967,0.010634849995013984,1.226649632698038,0.02319321867853585,1.2265641909214793,0.014574090945017154,-0.0029068450147270502,0.010891587157680111,0.16735174830630636,0.016774646848040642,0.16735174830630636,0.06430374664544576,-0.004298149948665506,0.01641111599374592,0.7393931972153994,0.06150099702824078,0.7393931972153994,0.0,True,False,True,0.0003638645731483894,0.014558974102634362
1.420000000000001,1786130182.653663,0.016046500008087605,TELEOP,0,,0.0,0.010500000000000027,0.0,0.0,0.0,0.0,0.0,1.0,0.009505473988827222,0.0,0.0,0.0,0.0,0.0,1.0,-0.013238345131018715,-0.2905169999994628,0.31799999792990213,-1.804698476991687e-10,-1.559470477484457e-12,5.917984742119846e-11,1.0,-0.012968089939022445,-0.29049635181869243,0.317710121603623,-0.004512489909274016,-2.8213048652172795e-05,0.006096187563357482,0.9999712361543381,0.022113051822357788,-0.0028091991999771374,0.0106457823542395,1.2302729492339628,0.023460372686527606,1.2301862998763307,0.015215895850915272,-0.0029455666266540543,0.011040315409821111,0.17479618594744753,0.017384834639122344,0.17479618594744753,0.06418049058981183,-0.003872161192700385,0.0148728252141,0.7444437641141162,0.061018779108169996,0.7444437641141162,0.0,True,False,True,0.00039685324832632377,0.015169438323400565
1.430000000000001,1786130182.669609,0.016292599990265444,TELEOP,0,,0.0,0.010750000000000027,0.0,0.0,0.0,0.0,0.0,1.0,0.009755458500675147,0.0,0.0,0.0,0.0,0.0,1.0,-0.013178345116232603,-0.2905169999993111,0.3179999979500656,-1.786858396918716e-10,-1.5660865460904725e-12,5.761550737951952e-11,1.0,-0.012847688212908055,-0.29049504619764893,0.31773220679744585,-0.004748486717954354,-3.096418777407274e-05,0.0062968887818393195,0.9999688995697705,0.022532274707939504,-0.0028101013850722893,0.010661255932508593,1.2355673542120418,0.023860712469377265,1.2354788978310718,0.015855025201162328,-0.0029801207067428233,0.011174017283469024,0.18228692045182693,0.017989144821435116,0.18228692045182693,0.06391293502470545,-0.0034554080088769045,0.013370187364791305,0.7490734504379398,0.060431018231277306,0.7490734504379398,0.0,True,False,True,0.00042606109719736613,0.015773544998048034
1.440000000000001,1786130182.6855688,0.015945100007229485,TELEOP,0,,0.0,0.011000000000000027,0.0,0.0,0.0,0.0,0.0,1.0,0.010005446231018152,0.0,0.0,0.0,0.0,0.0,1.0,-0.013098345097400066,-0.2905169999991079,0.31799999797653133,-1.763438676517519e-10,-1.57500635183053e-12,5.56232137124456e-11,1.0,-0.01272846199619769,-0.29049372470390566,0.3177557011822765,-0.004985459676583753,-3.384674763859024e-05,0.006491886648346251,0.999966499165825,0.02308979318234856,-0.0028106758479980558,0.010680248369696868,1.24237614026675,0.024393804850171986,1.2422852823616186,0.01649113521653592,-0.0030106185797495787,0.01129314838352286,0.18982009374750805,0.01858757262764361,0.18982009374750805,0.06361100153735932,-0.003049787300675518,0.011913110005383587,0.7533173295681115,0.059842780620849245,0.7533173295681115,0.0,True,False,True,0.00044388756640059273,0.016370954764423074
1.450000000000001,1786130182.701849,0.01595679999445565,TELEOP,0,,0.0,0.011250000000000027,0.0,0.0,0.0,0.0,0.0,1.0,0.010255436527016892,0.0,0.0,0.0,0.0,0.0,1.0,-0.012998345075182589,-0.2905169999988551,0.31799999800894296,-1.7347523686587857e-10,-1.583812598794508e-12,5.3273586790566635e-11,1.0,-0.012610274083575124,-0.2904923900281113,0.3177805759440575,-0.005223625645150779,-3.686508831643497e-05,0.006681492767633444,0.999964034368477,0.02378449437072874,-0.0028104304724933227,0.010701526725957632,1.2505085411577097,0.025059126690503197,1.2504146933807838,0.01712488439142139,-0.0030371847681498246,0.011398243408172451,0.19739216926854908,0.019181072797660143,0.19739216926854908,0.06337491748854661,-0.0026566188400246023,0.010509502464959101,0.7572075521041022,0.05935001700165319,0.7572075521041022,0.0,True,False,True,0.0004464871641445141,0.016962510628006387
1.460000000000001,1786130182.7179546,0.016281000003800727,TELEOP,0,,0.0,0.011500000000000028,0.0,0.0,0.0,0.0,0.0,1.0,0.010505428867340722,0.0,0.0,0.0,0.0,0.0,1.0,-0.012878345050310696,-0.2905169999985591,0.3179999980468328,-1.7012011077817182e-10,-1.5998629026105017e-12,5.06450128176315e-11,1.0,-0.012492807042177739,-0.2904910434300479,0.31780684120932456,-0.005463599243257085,-4.0029702324162124e-05,0.0068663711848099985,0.999961499472697,0.02461512659102248,-0.0028087994282242667,0.010723731692861829,1.2597521525637372,0.025856100965811955,1.2596547336078934,0.01775783670589696,-0.0030599510982116784,0.01148989640496714,0.2049999051628367,0.01977146898245413,0.2049999051628367,0.06329523144755737,-0.0022766330061853588,0.009165299679469021,0.7607735894287604,0.05903961847939863,0.7607735894287604,0.0,True,False,True,0.00043199868407229876,0.017550104974447034
1.470000000000001,1786130182.7367313,0.01610409999557305,TELEOP,0,,0.0,0.011750000000000028,0.0,0.0,0.0,0.0,0.0,1.0,0.010755422835729967,0.0,0.0,0.0,0.0,0.0,1.0,-0.012773373608205175,-0.29051699999829367,0.3179999980790863,-1.6726818458425746e-10,-1.604199506761189e-12,4.849454700485004e-11,1.0,-0.012375919189408748,-0.2904896864746548,0.31783446150897443,-0.005705585827468561,-4.3346632419904444e-05,0.00704681620468013,0.9999588925514951,0.025339228627336396,-0.0028062426745949945,0.010740419773630142,1.2674122474585696,0.026552103499966926,1.2673117185899954,0.018390691549176233,-0.003079058370048817,0.011568706953200211,0.21264032973260033,0.0203597532248869,0.21264032973260033,0.0632854843279272,-0.0019107271837138814,0.007881054823307018,0.7640424569763637,0.05882842424327707,0.7640424569763637,0.0,True,False,True,0.0004314144175138084,0.018134547989727745
1.480000000000001,1786130182.752443,0.01877490000333637,TELEOP,0,,0.0,0.012000000000000028,0.0,0.0,0.0,0.0,0.0,1.0,0.011005418099869888,0.0,0.0,0.0,0.0,0.0,1.0,-0.012753373604486137,-0.29051699999824476,0.317999998085133,-1.6673368071139986e-10,-1.6086857791590396e-12,4.809979105636216e-11,1.0,-0.012260294585035417,-0.290488325237798,0.3178631966396987,-0.005947887903438076,-4.679402299901131e-05,0.007221479258548978,0.9999562343808482,0.025476939357563864,-0.0028056406751496427,0.010743327165790708,1.2688292096165408,0.026684596184867786,1.2687280896388573,0.019020018543073815,-0.0030946746352405055,0.01163521815166796,0.22031071892155035,0.020942936301005695,0.22031071892155035,0.06293269938975801,-0.0015616265191688533,0.006651119846774833,0.7670389188950001,0.058318307611879595,0.7670389188950001,0.0,True,False,True,0.0005125073626613393,0.01871169410920687
1.490000000000001,1786130182.768488,0.015707800004747696,TELEOP,0,,0.0,0.012250000000000028,0.0,0.0,0.0,0.0,0.0,1.0,0.011255414394509385,0.0,0.0,0.0,0.0,0.0,1.0,-0.01271337359717786,-0.2905169999981462,0.31799999809714485,-1.6567061935085578e-10,-1.6119011878895733e-12,4.732640077651616e-11,1.0,-0.012146359829151708,-0.2904869653377082,0.31789286466539546,-0.006189378611635304,-5.0355329921782664e-05,0.007389554570973327,0.9999535406907589,0.025752128252469947,-0.0028043291936856608,0.010748890978559078,1.2716238773574953,0.02694947529970622,1.2715215764803132,0.01964365238268407,-0.003106973257210978,0.01169003170045014,0.22800857567808785,0.02151923286382779,0.22800857567808785,0.06236338396102549,-0.0012298621970472507,0.0054813548782179835,0.7697856756537501,0.05762965628220944,0.7697856756537501,0.0,True,False,True,0.0005778271940271088,0.019278935160411438
1.500000000000001,1786130182.7847555,0.016071699996246025,TELEOP,0,,0.0,0.012500000000000028,0.0,0.0,0.0,0.0,0.0,1.0,0.011505411507971701,0.0,0.0,0.0,0.0,0.0,1.0,-0.012653373586539944,-0.29051699999799896,0.31799999811493407,-1.6409619840687476e-10,-1.6171165067648812e-12,4.6200635496354913e-11,1.0,-0.012034305222515949,-0.2904856113817887,0.3179233381460243,-0.006429458554074579,-5.402017798375544e-05,0.007550720210359108,0.9999508216751596,0.02616434484965452,-0.0028020980650235667,0.01075662692530412,1.2757204176288799,0.027346536010810843,1.2756163486266103,0.02026059932223632,-0.00311612980518261,0.011733795475895292,0.23573161103824725,0.022087972096046536,0.23573161103824725,0.06169469395522507,-0.0009156547971631659,0.0043763775445150805,0.7723035360159376,0.05687392322187466,0.7723035360159376,0.0,True,False,True,0.0006245859711810599,0.019835065218215875
1.5100000000000011,1786130182.8010762,0.016292000000248663,TELEOP,0,,0.0,0.012750000000000029,0.0,0.0,0.0,0.0,0.0,1.0,0.01175540927137576,0.0,0.0,0.0,0.0,0.0,1.0,-0.01257337357293195,-0.29051699999780384,0.3179999981382386,-1.6203357777061314e-10,-1.6240463755150759e-12,4.4760574753814194e-11,1.0,-0.01192410605245995,-0.29048426656282433,0.31795454035853454,-0.006668012244307326,-5.778506648051272e-05,0.007705080294790793,0.9999480816578662,0.026712948432081808,-0.002798643313277258,0.010765850017128306,1.281011445171467,0.02787548919158205,1.2809050244907947,0.020870941996755366,-0.0031223185401850406,0.011767190426589687,0.24347772678506002,0.022649507483188273,0.24347772678506002,0.061034267451904566,-0.000618873500243074,0.003339495069439527,0.7746115746812762,0.056153538714173654,0.7746115746812762,0.0,True,False,True,0.0006516795229566749,0.020380145233424157
1.5200000000000011,1786130182.817716,0.016291000007186085,TELEOP,0,,0.0,0.013000000000000029,0.0,0.0,0.0,0.0,0.0,1.0,0.012005407550023592,0.0,0.0,0.0,0.0,0.0,1.0,-0.01247337355679465,-0.2905169999975627,0.3179999981667031,-1.595139982466214e-10,-1.6328472163447283e-12,4.305296748157448e-11,1.0,-0.011815543781705806,-0.2904829324029619,0.31798644150852673,-0.006905364497402758,-6.165391011426154e-05,0.007853108867700407,0.9999453189155222,0.02739714555358234,-0.0027935788069598623,0.010775717356323034,1.2873647854725727,0.028535980417056215,1.2872554341476834,0.02147574363976468,-0.0031257086324565386,0.011790917235071587,0.25124499955297175,0.02320512653899784,0.25124499955297175,0.06048016430093125,-0.0003390092271497771,0.002372680848189945,0.7767272767911698,0.05556190558095636,0.7767272767911698,0.0,True,False,True,0.0006588508154174461,0.020915368776506862
1.5300000000000011,1786130182.8346715,0.016637799999443814,TELEOP,0,,0.0,0.013250000000000029,0.0,0.0,0.0,0.0,0.0,1.0,0.012255406236518695,0.0,0.0,0.0,0.0,0.0,1.0,-0.012353373538615292,-0.29051699999727787,0.31799999819990815,-1.565743902695161e-10,-1.639636580568188e-12,4.112976567745418e-11,1.0,-0.01170822693019721,-0.29048160863277395,0.3180190549285402,-0.0071422370479166785,-6.563842286792508e-05,0.007995595904406247,0.9999425256421902,0.028216033491459454,-0.002786449127502648,0.010785275300310048,1.2946312154716915,0.029327611326111145,1.294518359810455,0.022076952714271098,-0.003126460248254343,0.011805683184966373,0.25903166625689084,0.023756961262289336,0.25903166625689084,0.06012090745064168,-7.516157978042698e-05,0.0014765949894786025,0.7786666703919056,0.055183472329149795,0.7786666703919056,0.0,True,False,True,0.000646397597412738,0.021442930195518007
1.5400000000000011,1786130182.8515544,0.016986199989332817,TELEOP,0,,0.0,0.01350000000000003,0.0,0.0,0.0,0.0,0.0,1.0,0.0125054052452676,0.0,0.0,0.0,0.0,0.0,1.0,-0.012248378800827606,-0.29051699999703373,0.3179999982281288,-1.540769286832682e-10,-1.6489661156549014e-12,3.954882723912518e-11,1.0,-0.011601937074653571,-0.29048029553220217,0.3180523513544462,-0.007378948807312959,-6.974465354444673e-05,0.008132980856725555,0.9999396986181549,0.028930722823334008,-0.0027793059067407213,0.010791729308515855,1.3006907150384304,0.030019456023034994,1.3005748037348763,0.022675656658326028,-0.0031247384353640414,0.011812177292672353,0.2668361107354833,0.024306299305589498,0.2668361107354833,0.059870394405493,0.0001721812890301795,0.0006494107705980807,0.7804444478592468,0.05493380433001624,0.7804444478592468,0.0,True,False,True,0.0006495960074635956,0.02196396802745462
1.5500000000000012,1786130182.8732271,0.016915600004722364,TELEOP,0,,0.0,0.01375000000000003,0.0,0.0,0.0,0.0,0.0,1.0,0.01275540450808673,0.0,0.0,0.0,0.0,0.0,1.0,-0.012228378797841749,-0.29051699999689684,0.3179999982343576,-1.5349100015574515e-10,-1.660304351270338e-12,3.9348891116952907e-11,1.0,-0.0114972624459009,-0.29047899904687563,0.31808609898123347,-0.007613939575596071,-7.394439866523725e-05,0.008264178249904523,0.9999368609138374,0.029066679325474822,-0.0027778521072355897,0.010792766456243668,1.3018150000970237,0.03015116261577485,1.3016985078005716,0.023268850708898246,-0.0031207511740470395,0.011811050982816526,0.2746568515075264,0.0248504485071576,0.2746568515075264,0.05931940505722191,0.0003987261317002006,-0.00011263098558279144,0.7820740772043095,0.05441492015681027,0.7820740772043095,0.0,True,False,True,0.00073714892042951,0.022474830206943658
1.5600000000000012,1786130182.8921134,0.021670999994967133,TELEOP,0,,0.0,0.01400000000000003,0.0,0.0,0.0,0.0,0.0,1.0,0.013005403970692503,0.0,0.0,0.0,0.0,0.0,1.0,-0.012188378792680907,-0.2905169999968954,0.31799999824391173,-1.5267998135574724e-10,-1.6529665613511055e-12,3.868609764273757e-11,1.0,-0.011394544612646471,-0.290477724075047,0.3181201282644139,-0.007846217028104292,-7.821716841222268e-05,0.008388595840535982,0.9999340289340326,0.02933842343760461,-0.0027748567176470577,0.010794662074823097,1.304035779532869,0.03041450169640961,1.3039181262419843,0.0238547617325388,-0.0031146941396703433,0.01180296027580984,0.2824925305485659,0.025387891200187057,0.2824925305485659,0.05859110236405506,0.000605703437669616,-0.0008090707006685518,0.7835679041039504,0.053744269302945534,0.7835679041039504,0.0,True,False,True,0.0008038323987336117,0.022973339299489245
1.5700000000000012,1786130182.9080167,0.018821100005879998,TELEOP,0,,0.0,0.01425000000000003,0.0,0.0,0.0,0.0,0.0,1.0,0.013255403589897217,0.0,0.0,0.0,0.0,0.0,1.0,-0.012128378784797104,-0.29051699999675845,0.3179999982594522,-1.5130429444355127e-10,-1.6572505548581288e-12,3.785151994433811e-11,1.0,-0.011293899151410627,-0.2904764740337404,0.31815432751766093,-0.00807531162260561,-8.255081970093293e-05,0.008506078724714273,0.9999312122102645,0.02974562698012411,-0.002770146883466928,0.010797068772322085,1.3072991685426834,0.03080932968377258,1.3071797761878083,0.0244327556239842,-0.0031067491688791813,0.011788558436723936,0.2903419030028521,0.025918195880488958,0.2903419030028521,0.057799389144540275,0.0007944970791161867,-0.0014401839085904475,0.7849372454286212,0.05303046803019002,0.7849372454286212,0.0,True,False,True,0.0008495976295603892,0.023458657563075407
1.5800000000000012,1786130182.9238935,0.015913600000203587,TELEOP,0,,0.0,0.01450000000000003,0.0,0.0,0.0,0.0,0.0,1.0,0.013505403331368898,0.0,0.0,0.0,0.0,0.0,1.0,-0.012048378774677217,-0.29051699999657776,0.3179999982797961,-1.4950336444037315e-10,-1.6624480355284571e-12,3.678020334287913e-11,1.0,-0.01119523632577547,-0.2904752505720118,0.318188638497782,-0.008301231304480544,-8.694201698899289e-05,0.008616854956306198,0.9999284133429639,0.030287820595977104,-0.0027634698222025835,0.010799489247912608,1.3115283840823302,0.031335442184868605,1.3114066773675976,0.025003243531225773,-0.003097082394635362,0.011768488214861778,0.2982038277526145,0.02644192827010167,0.2982038277526145,0.057048790724156986,0.0009666774243819198,-0.0020070221862157774,0.7861924749762361,0.05237323896127116,0.7861924749762361,0.0,True,False,True,0.0008747457827342963,0.0239311528518826
1.5900000000000012,1786130182.9396608,0.01585999999952037,TELEOP,0,,0.0,0.01475000000000003,0.0,0.0,0.0,0.0,0.0,1.0,0.013755403167841794,0.0,0.0,0.0,0.0,0.0,1.0,-0.011948378762621479,-0.29051699999635566,0.31799999830463804,-1.4730411237623911e-10,-1.6687328300900435e-12,3.550394017252779e-11,1.0,-0.011098281587590228,-0.2904740534256584,0.318223051994194,-0.008524416347466063,-9.139651719556633e-05,0.008721483068337615,0.9999256280872596,0.0309644186168878,-0.002754499631377629,0.010801301154138368,1.3166281032587375,0.03199258569793847,1.316503510367648,0.025567587828736534,-0.0030858421379447933,0.011743373934677554,0.30607725877323,0.026960562526051078,0.30607725877323,0.05643442975107586,0.001124025669056852,-0.002511428018422387,0.7873431020615498,0.05186342559494079,0.7873431020615498,0.0,True,False,True,0.0008799219075323024,0.024392266488677775
1.6000000000000012,1786130182.9554431,0.015753900006529875,TELEOP,0,,0.0,0.01500000000000003,0.0,0.0,0.0,0.0,0.0,1.0,0.014005403077686943,0.0,0.0,0.0,0.0,0.0,1.0,-0.011828378748967923,-0.2905169999960937,0.3179999983336109,-1.4473898115961094e-10,-1.6775708339911582e-12,3.405856228948625e-11,1.0,-0.011002595724968714,-0.2904728803980401,0.31825760343637505,-0.008745694635458622,-9.592929399021146e-05,0.008820801845129055,0.9999228455624578,0.03177474820759655,-0.0027428449765028178,0.010801785136142628,1.322489535021515,0.032780471038523044,1.3223614881594932,0.026128008715196813,-0.003073156644579536,0.011713813700074412,0.3139612372087942,0.02747639329200798,0.3139612372087942,0.05604208864602789,0.0012685493365257087,-0.0029560234603142202,0.7883978435564206,0.05158307659569014,0.7883978435564206,0.0,True,False,True,0.0008661550269021163,0.02484438417521092
1.6100000000000012,1786130182.9720461,0.015831400000024587,TELEOP,0,,0.0,0.015250000000000031,0.0,0.0,0.0,0.0,0.0,1.0,0.014255403043770475,0.0,0.0,0.0,0.0,0.0,1.0,-0.011723379398146983,-0.29051699999586933,0.31799999835823317,-1.4255926871384789e-10,-1.6821797258830592e-12,3.286488366564425e-11,1.0,-0.010907912141538141,-0.29047173013925903,0.31829228703591633,-0.008965492966914788,-0.00010054839144495395,0.008915316643354314,0.9999200602823357,0.03248244183509145,-0.0027318720267449927,0.01080077494292455,1.32740127129896,0.03346928923754475,1.3272702102309866,0.026685855868895783,-0.003059158243593088,0.011680376271430213,0.3218548841080614,0.027990855493756923,0.3218548841080614,0.05578471536989684,0.001399840098644777,-0.003343742864419884,0.7893646899267189,0.051446220174894274,0.7893646899267189,0.0,True,False,True,0.0008674496398180351,0.025288856229635667
1.6200000000000012,1786130182.9853425,0.016558499992243014,TELEOP,0,,0.0,0.015500000000000031,0.0,0.0,0.0,0.0,0.0,1.0,0.01450540305254179,0.0,0.0,0.0,0.0,0.0,1.0,-0.01170337939593748,-0.2905169999957794,0.31799999836340637,-1.4208648760683603e-10,-1.6683906917068644e-12,3.2703366740160086e-11,1.0,-0.010814755496691808,-0.2904706078473706,0.31832689673499276,-0.009182385524421683,-0.00010522172294084758,0.009004119743291458,0.9999172958560715,0.03261710568811139,-0.002729701486036254,0.010800436605385464,1.3283149370707887,0.03360043523944887,1.3281833026774739,0.027238404994642168,-0.0030440384818724775,0.01164361460304772,0.329757393765723,0.02850140126026076,0.329757393765723,0.05525491257463849,0.0015119761720610695,-0.0036761668382493027,0.790250965766159,0.0510545766503836,0.790250965766159,0.0,True,False,True,0.0009479805963680912,0.025722407717815168
1.6300000000000012,1786130183.0014307,0.01329220000479836,TELEOP,0,,0.0,0.01575000000000003,0.0,0.0,0.0,0.0,0.0,1.0,0.01475540309330543,0.0,0.0,0.0,0.0,0.0,1.0,-0.011663379391973008,-0.2905169999957426,0.31799999837200443,-1.4134005060429268e-10,-1.68616305728159e-12,3.221096676769794e-11,1.0,-0.010723414216859666,-0.29046951730280507,0.31836128985010576,-0.009395503899312374,-0.00010992707242754961,0.009086750315344666,0.9999145680463024,0.03288630675032593,-0.0027252841470864707,0.010799623375948543,1.330121879739102,0.03386267297793823,1.3299890994540302,0.027784129899879714,-0.0030279651285259035,0.011604055356842245,0.33766802761857945,0.029006632599817592,0.33766802761857945,0.05457249052375456,0.001607335334657374,-0.0039559246205474,0.7910633852856458,0.050523133955683204,0.7910633852856458,0.0,True,False,True,0.001008127307785625,0.026143170204237703
1.6400000000000012,1786130183.0173538,0.01610660000005737,TELEOP,0,,0.0,0.01600000000000003,0.0,0.0,0.0,0.0,0.0,1.0,0.015005403157639685,0.0,0.0,0.0,0.0,0.0,1.0,-0.01160337938598249,-0.29051699999561753,0.3179999983855667,-1.4013928506226092e-10,-1.6896474175181488e-12,3.157655197608953e-11,1.0,-0.010633960515097459,-0.29046846055054226,0.31839538222168523,-0.009604490919019014,-0.00011465244982914853,0.00916314200620929,0.9999118848366472,0.03328979823445476,-0.0027184691449920386,0.010798068145377577,1.3327824460414157,0.03425589686903208,1.3326479487801222,0.02832261153755979,-0.0030110819436281145,0.011562195581074278,0.34558610865036454,0.029506214551836454,0.34558610865036454,0.05384816376800768,0.0016883184897788879,-0.0041859775767966925,0.7918081031785087,0.04995819520188633,0.7918081031785087,0.0,True,False,True,0.0010480731858129137,0.026550548889954232
1.6500000000000012,1786130183.033222,0.01591339999868069,TELEOP,0,,0.0,0.016250000000000032,0.0,0.0,0.0,0.0,0.0,1.0,0.015255403238932468,0.0,0.0,0.0,0.0,0.0,1.0,-0.011523379378269276,-0.29051699999545283,0.317999998403326,-1.3856687555234976e-10,-1.693663435591118e-12,3.075964882348054e-11,1.0,-0.010546270350128912,-0.29046743771807015,0.31842914336536093,-0.00980945444922054,-0.0001193962747054466,0.00923357221997832,0.9999092466279111,0.03382722553342225,-0.002709034138239369,0.010795384654117047,1.3362398495391714,0.03477995556502531,1.3361030663508875,0.028854446191515573,-0.0029935081366010527,0.011518499044071994,0.3535110162628342,0.03000078787600089,0.3535110162628342,0.053183465395578194,0.001757380702706165,-0.004369653700228379,0.7924907612469663,0.04945733241644362,0.7924907612469663,0.0,True,False,True,0.0010683463252394968,0.026945091304260035
1.6600000000000013,1786130183.0494182,0.015862600004766136,TELEOP,0,,0.0,0.016500000000000032,0.0,0.0,0.0,0.0,0.0,1.0,0.015505403332010843,0.0,0.0,0.0,0.0,0.0,1.0,-0.011423379369045094,-0.29051699999524977,0.31799999842502324,-1.3664573581188593e-10,-1.6995729089182929e-12,2.9782692213625606e-11,1.0,-0.010460043161386951,-0.29046644696180113,0.31846259165111507,-0.010010921511207693,-0.00012416739062368675,0.009298613405607696,0.9999066465534113,0.03449814326085224,-0.002696689506384914,0.010791082744367153,1.340423104064513,0.03543465953739931,1.340283468686336,0.02938115363173432,-0.002975337573005301,0.01147339238307195,0.3614421815742647,0.03049188197635578,0.3614421815742647,0.05267074402187492,0.0018170563595751922,-0.004510666100004375,0.7931165311430525,0.04910941003548889,0.7931165311430525,0.0,True,False,True,0.0010698433301199164,0.02732835852478095
1.6700000000000013,1786130183.0655954,0.016219999990426004,TELEOP,0,,0.0,0.016750000000000032,0.0,0.0,0.0,0.0,0.0,1.0,0.015755403432845382,0.0,0.0,0.0,0.0,0.0,1.0,-0.011303379358551736,-0.2905169999950117,0.3179999984503399,-1.3440404989371124e-10,-1.7051155766722245e-12,2.867125687808922e-11,1.0,-0.010374821228405145,-0.2904654845260218,0.31849578953250246,-0.010209793021649732,-0.0001289849300472025,0.009359086622144042,0.9999040708922742,0.035302035441785264,-0.0026810831702686424,0.010784585849563148,1.3452504837050125,0.03621978991133452,1.345107432998178,0.029905086020060194,-0.0029566377896901906,0.011427261231783654,0.3693790831097427,0.030981828706785113,0.3693790831097427,0.05239323883258738,0.0018699783315110502,-0.004613115128829568,0.7936901535477981,0.04899467304293338,0.7936901535477981,0.0,True,False,True,0.0010538893878194822,0.027702799837775193
1.6800000000000013,1786130183.081368,0.01615989999845624,TELEOP,0,,0.0,0.017000000000000032,0.0,0.0,0.0,0.0,0.0,1.0,0.016005403538314297,0.0,0.0,0.0,0.0,0.0,1.0,-0.011198379201487677,-0.2905169999948073,0.31799999847187127,-1.3249754487194505e-10,-1.7100483336266476e-12,2.7749401404164035e-11,1.0,-0.010290319080165863,-0.290464547783042,0.3185287583799195,-0.010406569608226321,-0.00013385978653065783,0.009415498183510371,0.9999015120423127,0.036004415845245684,-0.0026667316323899463,0.010777755652774034,1.3493117297779684,0.03690634418419891,1.3491656968626342,0.030427713833144923,-0.002937483084447865,0.011380463887692926,0.37732124285059754,0.031472089011605156,0.37732124285059754,0.052262781308472804,0.0019154705242325214,-0.004679734409072673,0.7942159740854816,0.04902603048200407,0.7942159740854816,0.0,True,False,True,0.001052098597477081,0.02806985183227908
1.6900000000000013,1786130183.0946004,0.01576490000297781,TELEOP,0,,0.0,0.017250000000000033,0.0,0.0,0.0,0.0,0.0,1.0,0.016255403646015323,0.0,0.0,0.0,0.0,0.0,1.0,-0.011178379199803608,-0.29051699999473835,0.3179999984762566,-1.3210290818089976e-10,-1.7195874700221144e-12,2.7617418583530172e-11,1.0,-0.010207028492932545,-0.29046364122202994,0.31856132158153266,-0.010599930783077475,-0.0001387574011188927,0.009467050618633411,0.9998989934820226,0.036138097998131474,-0.0026639253592380388,0.010776337074637852,1.3500687994533462,0.03703707196106848,1.3499221991315864,0.030946444774062776,-0.002918024898217332,0.011333370997185767,0.3852682226130478,0.031960140005950356,0.3852682226130478,0.05187309409178518,0.0019458186230533019,-0.004709289050715974,0.7946979762450248,0.048805099434519925,0.7946979762450248,0.0,True,False,True,0.001123144239570603,0.028426497040233718
1.7000000000000013,1786130183.1103432,0.013235699996585026,TELEOP,0,,0.0,0.017500000000000033,0.0,0.0,0.0,0.0,0.0,1.0,0.016505403754115713,0.0,0.0,0.0,0.0,0.0,1.0,-0.011138379196705486,-0.29051699999469205,0.317999998483924,-1.314303050310975e-10,-1.7133389516504203e-12,2.7242678173511117e-11,1.0,-0.010125213896900184,-0.29046276772856466,0.3185933650391027,-0.010789099203407123,-0.0001436548882402164,0.009513352074205766,0.9998965300639684,0.03640536466036461,-0.0026582436788358524,0.010773389247815412,1.351567540878653,0.03729848612675511,1.3514198063359402,0.0314598573024479,-0.0028983841912603053,0.011286313752072464,0.39321962072862715,0.03244459193216127,0.39321962072862715,0.05134125283851269,0.0019640706957026652,-0.004705724511330167,0.7951398115579394,0.04844519262109101,0.7951398115579394,0.0,True,False,True,0.0011753845890700944,0.02877105750456282
1.7100000000000013,1786130183.1259358,0.015778800006955862,TELEOP,0,,0.0,0.017750000000000033,0.0,0.0,0.0,0.0,0.0,1.0,0.016755403861232702,0.0,0.0,0.0,0.0,0.0,1.0,-0.011078379192055236,-0.29051699999457836,0.31799999849579624,-1.3037901702438018e-10,-1.7160807323932942e-12,2.674996489075601e-11,1.0,-0.010044931694900186,-0.29046192835966617,0.31862483204884295,-0.010973794050069775,-0.0001485411134976763,0.009554367426513275,0.9998941283169751,0.03680602508312552,-0.0026495493697026406,0.010768694616543763,1.353777932801331,0.037690505864079904,1.3536284983805051,0.0319676116186112,-0.0028786521902888803,0.011239583366721878,0.4011750690012416,0.03292510282238181,0.4011750690012416,0.05077543161632942,0.001973200097142488,-0.004673038535058696,0.7955448272614445,0.048051089022054704,0.7955448272614445,0.0,True,False,True,0.0012089100807590757,0.029103065065598514
1.7200000000000013,1786130183.1419985,0.015551899996353313,TELEOP,0,,0.0,0.018000000000000033,0.0,0.0,0.0,0.0,0.0,1.0,0.017005403966338282,0.0,0.0,0.0,0.0,0.0,1.0,-0.01099837918605217,-0.29051699999442865,0.3179999985113516,-1.290015399407964e-10,-1.7199094566639e-12,2.6113866962935824e-11,1.0,-0.009966049483920773,-0.2904611222403791,0.31865571820407257,-0.0111541845367709,-0.00015341661226862116,0.009590371170463172,0.9998917868506949,0.037339804054721246,-0.002637639119784238,0.010761935975176084,1.356656806013761,0.03821301463968525,1.35650510772902,0.03247035996701165,-0.0028588908208532363,0.011193430184375883,0.40913422991780485,0.0334022927482597,0.40913422991780485,0.05027483484004506,0.0019761369435643936,-0.0046153182345994945,0.7959160916563242,0.047718992587788646,0.7959160916563242,0.0,True,False,True,0.0012242529365790503,0.02942313366760125
1.7300000000000013,1786130183.1578112,0.016068500000983477,TELEOP,0,,0.0,0.018250000000000034,0.0,0.0,0.0,0.0,0.0,1.0,0.017255404068683394,0.0,0.0,0.0,0.0,0.0,1.0,-0.01089837917884965,-0.2905169999942445,0.3179999985303708,-1.2731730148148658e-10,-1.7239165615771803e-12,2.535061725309102e-11,1.0,-0.00988826503245115,-0.29046034657457465,0.31868606634998214,-0.011330843885483147,-0.00015829335478095675,0.009621902340176312,0.9998894968522336,0.03800635392249771,-0.0026222462298064837,0.010752706237756463,1.360149889536451,0.03886586531420644,1.3599953655158667,0.032969657022180715,-0.0028391328669882935,0.011148062517596086,0.41709679409132117,0.033877658323133504,0.41709679409132117,0.049929705516906626,0.001975795386494272,-0.00453676667797969,0.7962564173516304,0.047536557487380386,0.7962564173516304,0.0,True,False,True,0.0012223867030612342,0.029732834549995157
1.7400000000000013,1786130183.1740196,0.01581609999993816,TELEOP,0,,0.0,0.018500000000000034,0.0,0.0,0.0,0.0,0.0,1.0,0.017505404167737607,0.0,0.0,0.0,0.0,0.0,1.0,-0.01077837917062429,-0.29051699999402786,0.3179999985525841,-1.2535011402146538e-10,-1.7289675963623907e-12,2.4478900574488223e-11,1.0,-0.009811124878162113,-0.29045959675479643,0.3187159616167093,-0.01150470406995763,-0.00016319437938800007,0.009649721679244324,0.9998872426545757,0.0388052689675693,-0.002603043760392215,0.010740519794065182,1.36419425085328,0.039648886166974665,1.3640363416947363,0.03346787107237311,-0.0028193819015940678,0.011103645331912307,0.42506247791704443,0.03435348807123895,0.42506247791704443,0.04982140501923981,0.0019750965394225817,-0.004441718568377844,0.7965683825723279,0.04758297481054394,0.7965683825723279,0.0,True,False,True,0.0012047734672345249,0.03003457512212596
1.7500000000000013,1786130183.1902738,0.01620129999355413,TELEOP,0,,0.0,0.018750000000000034,0.0,0.0,0.0,0.0,0.0,1.0,0.017755404263141178,0.0,0.0,0.0,0.0,0.0,1.0,-0.010673378946329104,-0.29051699999384234,0.317999998571499,-1.2367502357757993e-10,-1.7337789642393715e-12,2.375306438648982e-11,1.0,-0.009734346558136233,-0.2904588695114131,0.3187454475993013,-0.011676299174029738,-0.0001681332145330353,0.009674296315908307,0.9998850152690623,0.03950351515810179,-0.002585596150110466,0.010728894222474314,1.3676079465175943,0.04033368958195946,1.3674470802610523,0.03396648148008926,-0.0027996533378196135,0.011060327140108857,0.43303102142395744,0.034831194517493384,0.43303102142395744,0.04986104077161475,0.0019728563774454233,-0.004331819180344963,0.7968543506913005,0.04777064462544341,0.7968543506913005,0.0,True,False,True,0.001200356293820303,0.03032977849079104
1.7600000000000013,1786130183.2035673,0.01627250001183711,TELEOP,0,,0.0,0.019000000000000034,0.0,0.0,0.0,0.0,0.0,1.0,0.018005404354666965,0.0,0.0,0.0,0.0,0.0,1.0,-0.010653378945014995,-0.29051699999377917,0.31799999857527983,-1.2333865878021593e-10,-1.743226761111359e-12,2.3644744867360155e-11,1.0,-0.009658411095223748,-0.2904581689548912,0.3187743726097937,-0.011844380441933419,-0.00017307325426866015,0.009694897333042338,0.9998828379681778,0.03963643186472363,-0.0025822051567191656,0.010726580340788034,1.3682454394253616,0.040464093197513644,1.368084010414151,0.03446291567594458,-0.002780058764213166,0.011018301111515966,0.44100218630529436,0.0353082094451712,0.44100218630529436,0.04964341958553183,0.0019594573606447267,-0.0042026028592890095,0.7971164881336922,0.04770149276778164,0.7971164881336922,0.0,True,False,True,0.0012621716438678725,0.030615593154716753
1.7700000000000014,1786130183.2207215,0.01329819999227766,TELEOP,0,,0.0,0.019250000000000034,0.0,0.0,0.0,0.0,0.0,1.0,0.018255404442190235,0.0,0.0,0.0,0.0,0.0,1.0,-0.010613378942555759,-0.2905169999937378,0.317999998582093,-1.2273679994226832e-10,-1.7361218154240927e-12,2.3353024688534498e-11,1.0,-0.009583579155147428,-0.290457497528242,0.3188026455295302,-0.012008226708280544,-0.00017799104972890446,0.009711165118751981,0.9998807249280012,0.03990218812414055,-0.0025753586308583207,0.010721858513027977,1.3695085144971169,0.04072486773190418,1.369345960446208,0.03495575308081332,-0.0027606755430367364,0.010977718622816317,0.4489757541131866,0.03578308881142262,0.4489757541131866,0.0492837404868736,0.0019383221176429754,-0.004058248869964917,0.7973567807892178,0.04748793662514219,0.7973567807892178,0.0,True,False,True,0.0013070081360789538,0.030890444019305227
1.7800000000000014,1786130183.2375355,0.017139700008556247,TELEOP,0,,0.0,0.019500000000000035,0.0,0.0,0.0,0.0,0.0,1.0,0.01850540452566473,0.0,0.0,0.0,0.0,0.0,1.0,-0.010553378938879261,-0.29051699999363445,0.3179999985925348,-1.2181204216057656e-10,-1.7384502929041792e-12,2.2963257146156478e-11,1.0,-0.009509909699157514,-0.2904568558473626,0.31883023056702864,-0.012167597734174682,-0.0001828761350497627,0.009723063850584588,0.9998786817164651,0.040300632881499536,-0.002564928185020793,0.010714543092454946,1.371373901092102,0.04111594913861216,1.3712096606361985,0.035444637922781096,-0.0027415482336387875,0.01093869040032524,0.45695152460375443,0.03625542864942524,0.45695152460375443,0.04888848419677734,0.0019127309397949102,-0.0039028222491076813,0.797577049056783,0.04723398380026197,0.797577049056783,0.0,True,False,True,0.0013348147826751783,0.03115390632707145
1.7900000000000014,1786130183.2534044,0.01681099999404978,TELEOP,0,,0.0,0.019750000000000035,0.0,0.0,0.0,0.0,0.0,1.0,0.018755404605103748,0.0,0.0,0.0,0.0,0.0,1.0,-0.010473378934122176,-0.29051699999349834,0.3179999986062284,-1.205992650361041e-10,-1.741585594219844e-12,2.24588746502507e-11,1.0,-0.009437278524140651,-0.2904562426497035,0.3188571420567222,-0.012322687805997878,-0.00018773071097984376,0.009730837782096628,0.9998767058585146,0.04083154739807093,-0.002550722905943272,0.010704361616660793,1.3738080221477063,0.04163724458507405,1.3736415352533045,0.03593019145482996,-0.002722689690803893,0.010901287246488527,0.4649293142201083,0.036725780556036314,0.4649293142201083,0.04855535320488606,0.0018858542834894424,-0.00374031538367124,0.7977789616353844,0.04703519066110736,0.7977789616353844,0.0,True,False,True,0.0013460647863729773,0.031406581913712935
1.8000000000000014,1786130183.2692173,0.015861199994105846,TELEOP,0,,0.0,0.020000000000000035,0.0,0.0,0.0,0.0,0.0,1.0,0.019005404680565212,0.0,0.0,0.0,0.0,0.0,1.0,-0.010373378928399011,-0.2905169999933309,0.31799999862298317,-1.1911532803769458e-10,-1.7452632055545564e-12,2.1852009768361167e-11,1.0,-0.009365396554640994,-0.29045565484480207,0.3188834393304467,-0.01247407992454864,-0.0001925691931121552,0.009734969544305966,0.9998747874684676,0.041494653943930475,-0.002532491160671349,0.010690961295395948,1.3767684645544738,0.04228863600383627,1.376599172878833,0.03641392429316017,-0.0027040818700793195,0.010865540425255619,0.472908954701766,0.03719556741103952,0.472908954701766,0.04837328383302091,0.0018607820724573668,-0.003574682123290705,0.797964048165769,0.046978685500320604,0.797964048165769,0.0,True,False,True,0.0013417373724610051,0.03164997857191423
1.8100000000000014,1786130183.2851126,0.015859700011787936,TELEOP,0,,0.0,0.020250000000000035,0.0,0.0,0.0,0.0,0.0,1.0,0.019255404752139903,0.0,0.0,0.0,0.0,0.0,1.0,-0.010253378921840578,-0.29051699999313385,0.3179999986425775,-1.1737985944033602e-10,-1.7496425463507135e-12,2.1156474217080945e-11,1.0,-0.009293827762507985,-0.2904550876528392,0.3189092216894265,-0.012622700878347427,-0.00019741764671508356,0.00973614064113771,0.9998729099311695,0.042289626271826544,-0.002509922723146224,0.010673916637787021,1.3802057488794925,0.043069984317979516,1.380033096065008,0.03689814954759249,-0.002685676373672536,0.01083144178504581,0.48089029180995224,0.03766699992331288,0.48089029180995224,0.04842252544323193,0.001840549640678347,-0.0034098640209807834,0.7981337108186216,0.04714325122733555,0.7981337108186216,0.0,True,False,True,0.0013233510925595813,0.03188639323782572
1.8200000000000014,1786130183.3024573,0.0158575999957975,TELEOP,0,,0.0,0.020500000000000036,0.0,0.0,0.0,0.0,0.0,1.0,0.019505404819942236,0.0,0.0,0.0,0.0,0.0,1.0,-0.010148378749323183,-0.29051699999296515,0.3179999986592771,-1.1590073943449789e-10,-1.7532358117172936e-12,2.0575509270775015e-11,1.0,-0.009222304820535349,-0.2904545377485888,0.31893454645292263,-0.012769084807890232,-0.00020229147907844107,0.009734761965262288,0.9998710636681142,0.04298458080566245,-0.0024895634166821772,0.010658160753907308,1.3831151055472348,0.043753389223493616,1.3829395156700504,0.03738428958122538,-0.002667442773098329,0.010798981357692802,0.48887318415912295,0.03814141298525915,0.48887318415912295,0.048614003363288964,0.0018233600574206785,-0.003246042735300789,0.7982892349170698,0.047441306194627546,0.7982892349170698,0.0,True,False,True,0.0013171537617760586,0.03211717310889563
1.8300000000000014,1786130183.31606,0.017362600003252737,TELEOP,0,,0.0,0.020750000000000036,0.0,0.0,0.0,0.0,0.0,1.0,0.01975540488410303,0.0,0.0,0.0,0.0,0.0,1.0,-0.010128378748277801,-0.2905169999929149,0.31799999866256745,-1.1560999902627977e-10,-1.7534306555141567e-12,2.048616877707188e-11,1.0,-0.00915131005913751,-0.2904540091896523,0.3189592791768825,-0.01291202879795702,-0.00020715196953541775,0.009730154138664016,0.9998692718054797,0.04311688656437939,-0.0024856211502346467,0.01065507214070972,1.3836592371806147,0.04388353305570035,1.3834830882671456,0.037869727646660765,-0.002649465989079864,0.010768226596390162,0.4968575021458628,0.03861616745919908,0.4968575021458628,0.0485438065435385,0.0017976784018465125,-0.0030754761302639747,0.7984317986739807,0.04747544739399275,0.7984317986739807,0.0,True,False,True,0.0013707115559951067,0.03233957838157911
1.8400000000000014,1786130183.332484,0.01358119999349583,TELEOP,0,,0.0,0.021000000000000036,0.0,0.0,0.0,0.0,0.0,1.0,0.020005404944763893,0.0,0.0,0.0,0.0,0.0,1.0,-0.0100883787462973,-0.2905169999928699,0.3179999986686405,-1.150713860199826e-10,-1.755362238158196e-12,2.0254496314846857e-11,1.0,-0.009081110740053196,-0.2904535043720034,0.31898334363253666,-0.01305084182701271,-0.00021197479330590794,0.00972197470457696,0.9998675481293194,0.04338143576289396,-0.0024776751527097584,0.010648811894389163,1.3847380993677398,0.04414379407096067,1.3845608327604355,0.03835298829078371,-0.002631794278477034,0.010739205463098846,0.5048431269670409,0.03908974535622569,0.5048431269670409,0.04832606441229446,0.0017671710602829877,-0.0029021133291315592,0.7985624821178157,0.04735778970266112,0.7985624821178157,0.0,True,False,True,0.0014091088844699613,0.032552086630638195
1.8500000000000014,1786130183.3483229,0.01644049999595154,TELEOP,0,,0.0,0.021250000000000036,0.0,0.0,0.0,0.0,0.0,1.0,0.02025540500207286,0.0,0.0,0.0,0.0,0.0,1.0,-0.010028378743344116,-0.2905169999927758,0.31799999867787493,-1.1425343733381833e-10,-1.7573930945987124e-12,1.9941195678359155e-11,1.0,-0.0090117771243544,-0.2904530239118622,0.3190067165418808,-0.013185298290203708,-0.00021674962632908223,0.009710175763010991,0.9998658977159134,0.04377810614717944,-0.002465602965677422,0.010639215656563167,1.3863332922921727,0.04453411992181226,1.3861543500764222,0.03883365164412138,-0.002614441104085554,0.010711908383925309,0.5128299497197876,0.039561666585205546,0.5128299497197876,0.04806633533376695,0.001735317439148025,-0.002729707917353706,0.7986822752746644,0.04719212289798559,0.7986822752746644,0.0,True,False,True,0.001432149659906427,0.03275427052833204
1.8600000000000014,1786130183.363921,0.015831000011530705,TELEOP,0,,0.0,0.021500000000000036,0.0,0.0,0.0,0.0,0.0,1.0,0.020505405056181036,0.0,0.0,0.0,0.0,0.0,1.0,-0.009948378739515706,-0.29051699999265174,0.31799999868999296,-1.131800439149042e-10,-1.759931307026249e-12,1.953497929918169e-11,1.0,-0.008943200424237803,-0.2904525666254613,0.319029422369616,-0.01331559189941421,-0.00022147962437316627,0.00969496340505956,0.9998643176170049,0.04430672009854963,-0.0024492220422527647,0.010626040972092035,1.388418189548911,0.045054434378317645,1.38823701488855,0.039312267137836664,-0.0025973866729639694,0.010686289759878502,0.520817870576472,0.04003240526588925,0.520817870576472,0.047861549371528214,0.0017054431121584597,-0.0025618624046806707,0.7987920856684424,0.047073868068370196,0.7987920856684424,0.0,True,False,True,0.0014402250575799214,0.03294667809586584
1.8700000000000014,1786130183.3795433,0.015583799991873093,TELEOP,0,,0.0,0.021750000000000037,0.0,0.0,0.0,0.0,0.0,1.0,0.020755405107240048,0.0,0.0,0.0,0.0,0.0,1.0,-0.009848378734898449,-0.2905169999924992,0.31799999870483403,-1.1186541500132886e-10,-1.7633248823797974e-12,1.9045001575779452e-11,1.0,-0.008875110511144604,-0.29045212960136946,0.31905152820370475,-0.013442290279005288,-0.0002261807836345177,0.009676759126080242,0.9998627975913115,0.0449670510517493,-0.002428290991948403,0.01060897173149863,1.3909590216753815,0.045704639855777156,1.390775059108269,0.039790267339811176,-0.002580579168873242,0.010662269090416291,0.5288067980284328,0.04050330624116798,0.5288067980284328,0.047800020197451304,0.0016807504090727316,-0.0024020669462210807,0.7988927451960722,0.04709009752787262,0.7988927451960722,0.0,True,False,True,0.0014342850100344743,0.03313071620495382
1.8800000000000014,1786130183.3959339,0.015622300008544698,TELEOP,0,,0.0,0.022000000000000037,0.0,0.0,0.0,0.0,0.0,1.0,0.02100540515540011,0.0,0.0,0.0,0.0,0.0,1.0,-0.009728378729591952,-0.2905169999923194,0.31799999872221013,-1.1032620780669579e-10,-1.7669266379625986e-12,1.8481806117084966e-11,1.0,-0.00880709326380379,-0.29045170835293055,0.319073138752621,-0.01356629054199242,-0.00023088120430460102,0.009656163366738798,0.9998613208659662,0.04575883127833303,-0.002402511061018034,0.010587623443882574,1.393916190463706,0.046484620443841385,1.393728886148395,0.040269882552305326,-0.002563935706041081,0.010639731770863891,0.5367966481927301,0.04097650237269204,0.5367966481927301,0.04796152124941498,0.0016643462832161208,-0.0022537319552399606,0.7989850164297329,0.04731961315240643,0.7989850164297329,0.0,True,False,True,0.001415859962184408,0.033308537979769785
1.8900000000000015,1786130183.4117901,0.016395699989516288,TELEOP,0,,0.0,0.022250000000000037,0.0,0.0,0.0,0.0,0.0,1.0,0.02125540520080859,0.0,0.0,0.0,0.0,0.0,1.0,-0.009623378610887579,-0.290516999992165,0.3179999987370366,-1.090127969197845e-10,-1.770067959068121e-12,1.8009985605482804e-11,1.0,-0.008738900177330346,-0.29045129987786583,0.319094316681075,-0.013688105454802136,-0.00023559734995343617,0.009633529777496432,0.9998598778663803,0.04645110897879623,-0.0023793646652282077,0.010568183973740984,1.3964251391200186,0.047166874504432584,1.3962349139850279,0.040752455013942264,-0.002547397455105955,0.01061857570157195,0.5447873441766693,0.04145325418861508,0.5447873441766693,0.04825724616369353,0.0016538250935126061,-0.002115606929194205,0.7990695983939218,0.047675181592303495,0.7990695983939218,0.0,True,False,True,0.0014085987246520012,0.03348138640432846
1.9000000000000015,1786130183.4246228,0.01585219999833498,TELEOP,0,,0.0,0.022500000000000037,0.0,0.0,0.0,0.0,0.0,1.0,0.021505405243608968,0.0,0.0,0.0,0.0,0.0,1.0,-0.009603378610042668,-0.2905169999921267,0.3179999987399279,-1.0875797491729167e-10,-1.7695263062954625e-12,1.7935215093248867e-11,1.0,-0.00867101865157319,-0.290450908358348,0.31911493747541675,-0.01380656387714325,-0.00024028825929583894,0.009608224617252638,0.9998584915252574,0.04658291671216047,-0.0023748938192302603,0.010564401923947425,1.3968949925087806,0.047296803840816304,1.3967042113576387,0.04123530242112486,-0.0025310394498329527,0.010598806431265278,0.5527788154952803,0.04193085689246259,0.5527788154952803,0.048284740718259486,0.0016358005273002323,-0.0019769270306672746,0.799147131861095,0.04776027038475128,0.799147131861095,0.0,True,False,True,0.0014549060382396555,0.03364661179204162
1.9100000000000015,1786130183.4408095,0.012876100008725189,TELEOP,0,,0.0,0.022750000000000038,0.0,0.0,0.0,0.0,0.0,1.0,0.021755405283940096,0.0,0.0,0.0,0.0,0.0,1.0,-0.009563378608427119,-0.29051699999207825,0.3179999987453562,-1.0827578171815423e-10,-1.7719273930649523e-12,1.774877512341615e-11,1.0,-0.008603725064716083,-0.290450536357591,0.3191349324716661,-0.013920990901847287,-0.00024492841809233283,0.00957992140523545,0.9998571753646869,0.04684648082572818,-0.0023658927849374294,0.010556762377545362,1.397827150139396,0.047556640173568684,1.3976352572661732,0.04171687906107421,-0.0025148977598264816,0.01058039262755555,0.5607709975373404,0.0424077273104416,0.5607709975373404,0.04815766399493462,0.001614169000647104,-0.0018413803709727205,0.7992182042060038,0.04768704179790124,0.7992182042060038,0.0,True,False,True,0.0014877590200640582,0.033802725757252856
1.9200000000000015,1786130183.4568117,0.016151499992702156,TELEOP,0,,0.0,0.023000000000000038,0.0,0.0,0.0,0.0,0.0,1.0,0.022005405321935696,0.0,0.0,0.0,0.0,0.0,1.0,-0.009503378606022055,-0.29051699999199215,0.317999998753568,-1.0754832133383723e-10,-1.773526521041692e-12,1.7493406742085584e-11,1.0,-0.008537102349422933,-0.29045018472605805,0.3191542836272966,-0.014031161686476641,-0.00024950716895835674,0.009548561500283818,0.9998559342331154,0.047241700393478483,-0.002352243207897975,0.010545115611946598,1.399206814384439,0.04794633950776245,1.399013254692624,0.04219669112916947,-0.0024989716651543795,0.010563268328213238,0.5687638310758955,0.04288332111162598,0.5687638310758955,0.04798120680952637,0.0015926094672101972,-0.0017124299342312103,0.7992833538555034,0.047559380118437834,0.7992833538555034,0.0,True,False,True,0.001506827015137337,0.033949282702112345
1.9300000000000015,1786130183.4731553,0.015996000001905486,TELEOP,0,,0.0,0.023250000000000038,0.0,0.0,0.0,0.0,0.0,1.0,0.022255405357724047,0.0,0.0,0.0,0.0,0.0,1.0,-0.009423378602899152,-0.2905169999918788,0.31799999876434976,-1.065931624335123e-10,-1.7757958923041226e-12,1.7161767074190053e-11,1.0,-0.008471057454148417,-0.2904498525982155,0.31917301836163403,-0.014137255766794974,-0.00025402800988249955,0.009514316462132933,0.9998547650791153,0.047768428338837765,-0.0023337683590928626,0.01052923989440806,1.4010125178729427,0.04846583750521763,1.4008167371527835,0.04267521147776838,-0.002483225499857303,0.010547334745248027,0.5767572618195709,0.04335804957100049,0.5767572618195709,0.04785203485989104,0.001574616529707623,-0.001593358296521094,0.7993430743675448,0.0474728459374511,0.7993430743675448,0.0,True,False,True,0.0015124150615643372,0.03408676398609942
1.9400000000000015,1786130183.4902148,0.016351800004485995,TELEOP,0,,0.0,0.023500000000000038,0.0,0.0,0.0,0.0,0.0,1.0,0.022505405391427813,0.0,0.0,0.0,0.0,0.0,1.0,-0.009323378599124535,-0.29051699999173897,0.3179999987775683,-1.0542210200896582e-10,-1.7786758247701269e-12,1.6760855848560674e-11,1.0,-0.008405338568058075,-0.29044953747550095,0.3191912044967015,-0.01423981216112451,-0.0002585077886652877,0.009477552348101208,0.9998536577543877,0.048426476258285285,-0.002310234016574023,0.010508844604607803,1.4032169393853535,0.04911505131731215,1.4030183845607358,0.0431537944694043,-0.002467590185256627,0.010532461668219915,0.5847512400012734,0.04383319650422096,0.5847512400012734,0.04785829916359242,0.001563531460067599,-0.001487307702811158,0.7993978181702495,0.04751469332204661,0.7993978181702495,0.0,True,False,True,0.0015054300897196715,0.03421646544378735
1.9500000000000015,1786130183.50623,0.01706729999568779,TELEOP,0,,0.0,0.02375000000000004,0.0,0.0,0.0,0.0,0.0,1.0,0.022755405423163975,0.0,0.0,0.0,0.0,0.0,1.0,-0.00920337859477553,-0.2905169999915744,0.3179999987930607,-1.0404954540758347e-10,-1.782065798763195e-12,1.6298863708663313e-11,1.0,-0.00833955199887514,-0.2904492353842354,0.3192089453263356,-0.014339685540783782,-0.0002629758141065265,0.009438796069504185,0.9998525958315411,0.049215620303088944,-0.002281349523107317,0.010483573971778086,1.4057879001546199,0.04989388179314869,1.4055860194924774,0.04363459155780449,-0.002451964475607748,0.010518488516385522,0.5927457200011674,0.04431083595195728,0.5927457200011674,0.0480797088400185,0.0015625709648878754,-0.0013973151834392758,0.7994479999893953,0.047763944773631425,0.7994479999893953,0.0,True,False,True,0.0014873937441411047,0.03434038884886095
1.9600000000000015,1786130183.5228946,0.016016599998692982,TELEOP,0,,0.0,0.02400000000000004,0.0,0.0,0.0,0.0,0.0,1.0,0.023005405453043856,0.0,0.0,0.0,0.0,0.0,1.0,-0.009098378515453087,-0.2905169999914329,0.31799999880629537,-1.0287696745166582e-10,-1.784682018747673e-12,1.5910831030563847e-11,1.0,-0.00827346620380564,-0.29044894379751024,0.3192263025808743,-0.014437357208969848,-0.0002674489595715511,0.009398351397538352,0.99985157007372,0.04990567843406815,-0.0022555028168792495,0.01046075985414421,1.4079736852648153,0.050575162678488716,1.407768897153771,0.044118871436589824,-0.0024362765913551057,0.010505278900382876,0.6007406600010702,0.044792174381316475,0.6007406600010702,0.04842798787853339,0.001568788425264232,-0.0013209616002646917,0.799493999990279,0.04813384293592009,0.799493999990279,0.0,True,False,True,0.001479504280151068,0.03445966879668437
1.9700000000000015,1786130183.536298,0.016678100000717677,TELEOP,0,,0.0,0.02425000000000004,0.0,0.0,0.0,0.0,0.0,1.0,0.023255405481173202,0.0,0.0,0.0,0.0,0.0,1.0,-0.00907837851476095,-0.2905169999913947,0.3179999988088568,-1.0265158740997389e-10,-1.7877676715507443e-12,1.5848011469284362e-11,1.0,-0.008207572170749484,-0.29044866702806915,0.31924315652059104,-0.01453168443214457,-0.0002718840620766529,0.009355633788230322,0.999850603011791,0.05003707228862453,-0.0022505192489895086,0.010456340769755705,1.4083834807549678,0.05070491006253441,1.4081781391183203,0.04460389327583773,-0.002420606049245978,0.010492830237584428,0.6087360216676477,0.04527446193934864,0.6087360216676477,0.04850218392479082,0.0015670542109127662,-0.001244866279844836,0.7995361666577558,0.04822875580321698,0.7995361666577558,0.0,True,False,True,0.0015193466289467104,0.03457174645594714
1.9800000000000015,1786130183.553532,0.013392900000326335,TELEOP,0,,0.0,0.02450000000000004,0.0,0.0,0.0,0.0,0.0,1.0,0.023505405507652306,0.0,0.0,0.0,0.0,0.0,1.0,-0.009038378513427855,-0.29051699999135305,0.31799999881372726,-1.0221849762471832e-10,-1.7863250188011645e-12,1.5695615264800392e-11,1.0,-0.008142153164055668,-0.2904484078335793,0.31925944103695847,-0.014622004749196787,-0.000276254297227667,0.009310338053051386,0.9998497078391411,0.05029981689434261,-0.0022404942761425676,0.010447432484240076,1.4091969188211133,0.05096438561756327,1.4089904703911873,0.045088051653610156,-0.0024049906094438375,0.010481103701176515,0.6167317698620105,0.045756072226421286,0.6167317698620105,0.04841583777724219,0.0015615439802140708,-0.0011726536407913434,0.7995748194362762,0.04816102870726461,0.7995748194362762,0.0,True,False,True,0.0015472942430652735,0.03467516967408228
1.9900000000000015,1786130183.5703833,0.0172411999956239,TELEOP,0,,0.0,0.02475000000000004,0.0,0.0,0.0,0.0,0.0,1.0,0.023755405532576178,0.0,0.0,0.0,0.0,0.0,1.0,-0.008978378511445664,-0.29051699999127417,0.31799999882106683,-1.0156820764156474e-10,-1.7877674583393925e-12,1.5484945090157022e-11,1.0,-0.008077301889659695,-0.29044816733637363,0.3192751384886085,-0.014708090188115846,-0.00028054841301937606,0.009262401722689648,0.9998488892277342,0.05069382739553031,-0.002225312462069451,0.01043389559993997,1.410401922798579,0.05135355141876383,1.4101938148150166,0.045570792498109323,-0.002389428691379553,0.010470026542099562,0.6247278723735097,0.0462364197061847,0.6247278723735097,0.04827408444991656,0.0015561918064284444,-0.001107715907695221,0.7996102511499198,0.04803474797634155,0.7996102511499198,0.0,True,False,True,0.0015629005676779792,0.03476947816986795
2.0000000000000013,1786130183.587047,0.01684670000395272,TELEOP,0,,0.0,0.025000000000000036,0.0,0.0,0.0,0.0,0.0,1.0,0.02400540555603472,0.0,0.0,0.0,0.0,0.0,1.0,-0.008898378508867813,-0.29051699999116987,0.317999998830712,-1.0071360622510705e-10,-1.7898553093999663e-12,1.5210921140132687e-11,1.0,-0.008012937548011023,-0.29044794502894666,0.3192902746157694,-0.014790102066178309,-0.00028476986448385937,0.009211970169654842,0.9998481441661977,0.051218979787164165,-0.002204801231054058,0.010415523058712607,1.4119809345174614,0.05187235179112878,1.4117706149598706,0.04605252846174088,-0.0023738814646794763,0.010459493983199947,0.6327242996757171,0.046715876646557714,0.6327242996757171,0.04817359636315604,0.0015547226700076678,-0.0010532558899615612,0.7996427302207598,0.047945694037302033,0.7996427302207598,0.0,True,False,True,0.0015663926342000501,0.034855091529744135
2.010000000000001,1786130183.6038358,0.016730000003008172,TELEOP,0,,0.0,0.02525000000000003,0.0,0.0,0.0,0.0,0.0,1.0,0.024255405578112926,0.0,0.0,0.0,0.0,0.0,1.0,-0.008798378505746225,-0.29051699999104147,0.31799999884254637,-9.966500785310304e-11,-1.7924638678499748e-12,1.487904553755473e-11,1.0,-0.007948822657763185,-0.29044773886158726,0.3193049135644024,-0.01486854667249687,-0.0002889358565018912,0.00915936361995734,0.9998474628132014,0.051875114595175055,-0.002178731507821452,0.010392042387521207,1.4139115402873164,0.05252071465674987,1.413698458084387,0.04653455438766309,-0.00235827463217067,0.010449370723683087,0.6407210247027405,0.04719569021697042,0.6407210247027405,0.04820259259222232,0.0015606832508806565,-0.0010123259516861126,0.7996725027023631,0.04798135704127142,0.7996725027023631,0.0,True,False,True,0.0015586355167940972,0.03493320062861581
2.020000000000001,1786130183.6201777,0.016726500005461276,TELEOP,0,,0.0,0.025500000000000023,0.0,0.0,0.0,0.0,0.0,1.0,0.024505405598891104,0.0,0.0,0.0,0.0,0.0,1.0,-0.00867837850214159,-0.29051699999088987,0.3179999988564312,-9.843470419278744e-11,-1.795110223440186e-12,1.4495723336292056e-11,1.0,-0.007884579543914468,-0.2904475454017253,0.31931915304730674,-0.014944232098008815,-0.0002930763151058518,0.009105046156908771,0.999846829353254,0.05266204138481295,-0.0021468184907535316,0.010363118404612641,1.4161672397428926,0.05329855316424557,1.4159508449525444,0.04701896347946088,-0.0023424999236110896,0.010439492094687974,0.6487180226441787,0.04767790031587148,0.6487180226441787,0.048440909179780084,0.0015774708559580586,-0.000987862899511191,0.7996997941438329,0.04822100989010654,0.7996997941438329,0.0,True,False,True,0.0015411387041220357,0.03500566302871406
2.0300000000000007,1786130183.6365492,0.01635109999915585,TELEOP,0,,0.0,0.02575000000000002,0.0,0.0,0.0,0.0,0.0,1.0,0.024755405618445067,0.0,0.0,0.0,0.0,0.0,1.0,-0.00857337844948771,-0.29051699999075953,0.31799999886830516,-9.738250313701948e-11,-1.7977469312713903e-12,1.4173045356201066e-11,1.0,-0.007819989197081417,-0.29044736258046777,0.319333050226637,-0.015017606121877866,-0.000297208104111889,0.00904928151811122,0.9998462350170235,0.05335022570103169,-0.0021183335125603865,0.010337148699656188,1.4180884625703774,0.053978990414726466,1.4178691715007394,0.04750697224570309,-0.002326483062910289,0.010429725966754734,0.6567152707571636,0.04816368380999505,0.6567152707571636,0.048800876624222576,0.001601686070080097,-0.0009766127933239991,0.7997248112985135,0.048578349412358064,0.7997248112985135,0.0,True,False,True,0.0015327983097928493,0.03507351389963043
2.0400000000000005,1786130183.6498976,0.016363099988666363,TELEOP,0,,0.0,0.026000000000000013,0.0,0.0,0.0,0.0,0.0,1.0,0.025005405636846355,0.0,0.0,0.0,0.0,0.0,1.0,-0.008553378448913797,-0.2905169999907274,0.3179999988705902,-9.718175947845026e-11,-1.7977776564525955e-12,1.4119858839191754e-11,1.0,-0.007755542426971778,-0.2904471947184334,0.31934648754599954,-0.015087558276095625,-0.00030128611598287023,0.008991539743486944,0.9998457016084947,0.0534812694178195,-0.002112848592853866,0.010332132684850004,1.418449012986555,0.05410857961169781,1.4182291704755214,0.04799580178956482,-0.0023103173678924965,0.010420095951691593,0.6647127481940664,0.048650269344897926,0.6647127481940664,0.04888295438617375,0.0016165695017792713,-0.0009630015063141734,0.799747743690304,0.04865855349028847,0.799747743690304,0.0,True,False,True,0.001566667433424799,0.035134297553665796
2.0500000000000003,1786130183.6633444,0.013344300008611754,TELEOP,0,,0.0,0.02625000000000001,0.0,0.0,0.0,0.0,0.0,1.0,0.025255405654162448,0.0,0.0,0.0,0.0,0.0,1.0,-0.00851337844767922,-0.29051699999054426,0.31799999887579733,-9.674569200004014e-11,-1.7964173705577209e-12,1.410451994487444e-11,1.0,-0.007691525261172666,-0.2904470446623024,0.31935939900603677,-0.015153441622028812,-0.00030528231922801727,0.00893154348871526,0.9998452417952604,0.053743320049440074,-0.0021018220086690526,0.010322034367639926,1.4191650334863577,0.05436774109271565,1.4189440883102549,0.04848380885935387,-0.002294050929687135,0.010410587454661132,0.6727104358445607,0.04913601075014096,0.6727104358445607,0.048800706978905976,0.001626643820536168,-0.0009508497030460942,0.7997687650494453,0.04857414052430452,0.7997687650494453,0.0,True,False,True,0.001590064502532966,0.035186610521102196
2.06,1786130183.6802638,0.013446600001771003,TELEOP,0,,0.0,0.026500000000000003,0.0,0.0,0.0,0.0,0.0,1.0,0.02550540567045697,0.0,0.0,0.0,0.0,0.0,1.0,-0.008453378446151386,-0.2905169999906131,0.3179999988815734,-9.62067602276029e-11,-1.8003675278359424e-12,1.3818080711674319e-11,1.0,-0.007628035757800727,-0.29044691371211157,0.31937176507446263,-0.01521502742546693,-0.00030918482919422365,0.008869234065337803,0.9998448599819264,0.054136305023508906,-0.0020851404526248726,0.010306721822236978,1.4202265404718362,0.05475644140122586,1.4200039418349721,0.04897040211891157,-0.002277689260797066,0.010401150043269154,0.6807083161908472,0.049620304473357385,0.6807083161908472,0.04865932595577148,0.0016361668890069471,-0.0009437411391979161,0.7997880346286582,0.04842937232164366,0.7997880346286582,0.0,True,False,True,0.0016024497270123552,0.03522999041235369
2.07,1786130183.6982412,0.016917999993893318,TELEOP,0,,0.0,0.026749999999999996,0.0,0.0,0.0,0.0,0.0,1.0,0.02575540568578989,0.0,0.0,0.0,0.0,0.0,1.0,-0.008373378444001333,-0.290516999990517,0.3179999988902435,-9.54384265731554e-11,-1.8019805931509986e-12,1.3589272201965221e-11,1.0,-0.007565000708184359,-0.29044680163121234,0.3193836076834978,-0.015272460517405828,-0.0003129968902375699,0.008804739211922348,0.9998445531931957,0.05466011801905181,-0.00206263437965813,0.010285998586696047,1.4216189920542015,0.05527463125234162,1.4213941897878561,0.049455957856145996,-0.002261197627639927,0.010391699419933637,0.688706373174943,0.050103506544493165,0.688706373174943,0.04855557372344347,0.0016491633157139625,-0.000945062333551636,0.7998056984096034,0.048320207113579074,0.7998056984096034,0.0,True,False,True,0.0016039874270655466,0.03526480769020526
2.0799999999999996,1786130183.715292,0.017979600001126528,TELEOP,0,,0.0,0.026999999999999993,0.0,0.0,0.0,0.0,0.0,1.0,0.026005405700217712,0.0,0.0,0.0,0.0,0.0,1.0,-0.008273378441393317,-0.2905169999903984,0.3179999989008918,-9.449477803440395e-11,-1.8043231443276299e-12,1.3311683244516204e-11,1.0,-0.00750219211627449,-0.29044670673570433,0.3193949853450463,-0.015326215628197287,-0.00031673577693091664,0.008738342705609756,0.9998443119604796,0.05531462179474916,-0.0020340784957108954,0.010259605390849358,1.423323775017164,0.055922246529391054,1.4230962197585464,0.04994173578151785,-0.002244503081051931,0.010382119028896328,0.6967045920770308,0.05058684969292942,0.6967045920770308,0.048577792537186484,0.0016694546587996259,-0.00095803910373086,0.7998218902088031,0.048334314843626575,0.7998218902088031,0.0,True,False,True,0.0015955114130210785,0.03529216093323167
2.0899999999999994,1786130183.731643,0.017051500006346032,TELEOP,0,,0.0,0.027249999999999986,0.0,0.0,0.0,0.0,0.0,1.0,0.026255405713793676,0.0,0.0,0.0,0.0,0.0,1.0,-0.008153378438375995,-0.29051699999025815,0.31799999891339636,-9.338658442447866e-11,-1.8064761663951442e-12,1.2990421889486017e-11,1.0,-0.007439243352006771,-0.29044662605346444,0.319405988410195,-0.015377054949399485,-0.00032043163436568355,0.008670455898069578,0.9998441212004853,0.05609965169407713,-0.001999192327774524,0.010227222112704186,1.4253188081559192,0.05669920949729528,1.4250879515054402,0.05042979551805705,-0.0022274961997818415,0.010372261330749684,0.7047029594039447,0.05107236118874853,0.7047029594039447,0.04880597365392044,0.0017006881270089668,-0.000985769814664498,0.7998367326914029,0.048551149581911764,0.7998367326914029,0.0,True,False,True,0.0015785271228811865,0.03531377610325985
2.099999999999999,1786130183.7492049,0.016351999991456978,TELEOP,0,,0.0,0.027499999999999983,0.0,0.0,0.0,0.0,0.0,1.0,0.026505405726567927,0.0,0.0,0.0,0.0,0.0,1.0,-0.008048378403394629,-0.2905169999901376,0.31799999892410197,-9.243779382445837e-11,-1.8089137544002381e-12,1.2719449424723672e-11,1.0,-0.007375943195606945,-0.2904465578655835,0.319416668123723,-0.015425394933049136,-0.0003241010795110897,0.008601311374680601,0.9998439726238717,0.056786227350930224,-0.0019681144704533134,0.01019825554663834,1.4270207278112135,0.05737889869120717,1.4267869843482244,0.050921325497612926,-0.002210105296608367,0.010362016733947819,0.712701462786949,0.051561208792572005,0.712701462786949,0.049152997955588994,0.0017390903173474745,-0.001024459680186444,0.7998503383004526,0.04888476038234872,0.7998503383004526,0.0,True,False,True,0.0015697397308914083,0.03533060228015886
2.109999999999999,1786130183.7631571,0.01761650000116788,TELEOP,0,,0.0,0.027749999999999976,0.0,0.0,0.0,0.0,0.0,1.0,0.026755405738587684,0.0,0.0,0.0,0.0,0.0,1.0,-0.008028378402913976,-0.29051699999010905,0.31799999892615244,-9.225751442524148e-11,-1.8104843841552426e-12,1.2674074619210672e-11,1.0,-0.007312778379877078,-0.29044650631391716,0.31942690865549117,-0.015470164756270633,-0.00032769750372904465,0.008530437799929125,0.9998438869382067,0.056916969888842595,-0.0019621365402185138,0.010192671730085172,1.4273404008056418,0.05750834725643779,1.4271061076707916,0.05141353106492269,-0.0021924416301133086,0.010351449846574842,0.7207000908880363,0.052050618668742596,0.7207000908880363,0.04922055673097718,0.001766366649505916,-0.0010566887372977448,0.7998628101087483,0.04894098761705979,0.7998628101087483,0.0,True,False,True,0.0015978498449588398,0.03534030246704027
2.1199999999999988,1786130183.778118,0.013902400009101257,TELEOP,0,,0.0,0.02799999999999997,0.0,0.0,0.0,0.0,0.0,1.0,0.02700540574989741,0.0,0.0,0.0,0.0,0.0,1.0,-0.00798837840189382,-0.2905169999899546,0.3179999989307177,-9.187804537466648e-11,-1.8102447794322485e-12,1.2652040723428427e-11,1.0,-0.007250033684022316,-0.29044647416692204,0.31943664371875924,-0.015510739195244485,-0.00033119194996241737,0.008457590631295956,0.999843876033765,0.05717842303405923,-0.0019501247473201078,0.010181440628795663,1.427975503732253,0.05776722918068583,1.4277401114399875,0.051904753473631195,-0.002174567179695663,0.010340582913581703,0.7286988333140331,0.05253894307267635,0.7286988333140331,0.04912224087085168,0.0017874450417645898,-0.0010866932993140285,0.7998742425996859,0.0488324403933765,0.7998742425996859,0.0,True,False,True,0.0016168101499960225,0.0353415367317473
2.1299999999999986,1786130183.7948394,0.014963999987230636,TELEOP,0,,0.0,0.028249999999999966,0.0,0.0,0.0,0.0,0.0,1.0,0.02725540576053898,0.0,0.0,0.0,0.0,0.0,1.0,-0.007928378400590954,-0.29051699999000197,0.31799999893607545,-9.137659494242013e-11,-1.8112245961131293e-12,1.2420757179977822e-11,1.0,-0.007187808429456186,-0.2904464627513534,0.3194458515571305,-0.015546893849724608,-0.00033457202960422645,0.008382720765304278,0.999843943896123,0.05757052372868121,-0.0019319673631991471,0.01016443578732907,1.428917689935699,0.05815551432663072,1.4286806493672488,0.05239438630838517,-0.0021564975458649286,0.01032939831440568,0.7366976805378633,0.053025577743323636,0.7366976805378633,0.04896328347539878,0.001806963383073454,-0.0011184599176021874,0.7998847223830454,0.04866346706473011,0.7998847223830454,0.0,True,False,True,0.001626010204763341,0.035333854750199976
2.1399999999999983,1786130183.8120668,0.016714800003683195,TELEOP,0,,0.0,0.02849999999999996,0.0,0.0,0.0,0.0,0.0,1.0,0.027505405770551793,0.0,0.0,0.0,0.0,0.0,1.0,-0.00784837839878096,-0.2905169999899129,0.31799999894390724,-9.068243691662257e-11,-1.812910508703067e-12,1.2227886557439406e-11,1.0,-0.007126032867327433,-0.29044647196444856,0.3194545500277316,-0.015578761156740256,-0.00033784076057028265,0.008305944881652441,0.9998440875176813,0.05809317936174614,-0.0019074971088005924,0.01014146858385177,1.4301547811711184,0.058673158158548136,1.4299155437461726,0.0528827913586691,-0.0021382045451515865,0.010317840697587703,0.7446966238263744,0.053510878833189376,0.7446966238263744,0.048840505028394,0.0018293000713342324,-0.0011557616817977757,0.799894328851125,0.04853010898657518,0.799894328851125,0.0,True,False,True,0.0016255694770268686,0.03531759135870535
2.149999999999998,1786130183.8289804,0.017239699998754077,TELEOP,0,,0.0,0.028749999999999956,0.0,0.0,0.0,0.0,0.0,1.0,0.027755405779972958,0.0,0.0,0.0,0.0,0.0,1.0,-0.007748378396582486,-0.2905169999898026,0.31799999895353165,-8.982937498868174e-11,-1.8147060829357636e-12,1.1993586879017615e-11,1.0,-0.007064484347655187,-0.2904465003635978,0.3194627918100584,-0.015606787469247334,-0.0003410153348212629,0.008227517575563868,0.9998442978024004,0.0587462699795498,-0.0018764915229163054,0.0101122895172968,1.4316711530927022,0.059320102485616456,1.4314291709254665,0.05337121458962993,-0.002119618509621056,0.010305818776752537,0.7526956551741761,0.05399607999648594,0.7526956551741761,0.04884232309608388,0.0018586035530531021,-0.0012021920835166432,0.7999031347801979,0.048520116329657165,0.7999031347801979,0.0,True,False,True,0.0016163057286784639,0.035293765658563764
2.159999999999998,1786130183.8450646,0.01689700000861194,TELEOP,0,,0.0,0.02899999999999995,0.0,0.0,0.0,0.0,0.0,1.0,0.028005405788837392,0.0,0.0,0.0,0.0,0.0,1.0,-0.007628378394034201,-0.2905169999896726,0.3179999989648465,-8.8826451281543e-11,-1.8170333583297034e-12,1.1721898778194353e-11,1.0,-0.007002803170337454,-0.2904465453239615,0.31947065976615974,-0.015631691442248873,-0.0003441258352957113,0.008147805344966995,0.9998445604533359,0.059529651031234455,-0.001838673396444377,0.010076589676049984,1.4334482147745857,0.060096276367299424,1.4332029408128635,0.053861702804410716,-0.0021006303026543426,0.010293206813898757,0.7606947672429945,0.0544832102043051,0.7606947672429945,0.049048821478080026,0.00189882069667137,-0.001261196285378139,0.7999112068818481,0.04871302078191732,0.7999112068818481,0.0,True,False,True,0.0015997347945653456,0.03526398414872072
2.1699999999999977,1786130183.8646963,0.01608010000200011,TELEOP,0,,0.0,0.029249999999999943,0.0,0.0,0.0,0.0,0.0,1.0,0.02825540579717796,0.0,0.0,0.0,0.0,0.0,1.0,-0.007523378370698618,-0.2905169999895604,0.31799999897454195,-8.796704152818537e-11,-1.8188342457361795e-12,1.1492329841641294e-11,1.0,-0.006940782134152069,-0.29044660534824357,0.3194781993991109,-0.01565386167179639,-0.0003471885042604416,0.008067016169954058,0.9998448676294821,0.06021482380798975,-0.0018050365739778905,0.010044743443237579,1.434966338716197,0.060775288560994206,1.434718186082619,0.05435543589715129,-0.002081171712041269,0.01027992040787542,0.7686939533060779,0.054973441216727446,0.7686939533060779,0.049373309274058794,0.0019458590613074022,-0.0013286406023335553,0.7999186063083608,0.049023101242236085,0.7999186063083608,0.0,True,False,True,0.0015904245582736899,0.03522912206935429
2.1799999999999975,1786130183.8776295,0.019632600000477396,TELEOP,0,,0.0,0.02949999999999994,0.0,0.0,0.0,0.0,0.0,1.0,0.0285054058050256,0.0,0.0,0.0,0.0,0.0,1.0,-0.007503378370292383,-0.2905169999895326,0.3179999989763962,-8.780434462402885e-11,-1.817919226495929e-12,1.1453410091777216e-11,1.0,-0.00687890104035007,-0.29044668420832986,0.319485297507859,-0.015672275055587655,-0.00035015580259356886,0.007984738864388932,0.9998452385898347,0.06034530321288124,-0.001798571880001192,0.01003861337696111,1.435251710572066,0.060904609554694934,1.435003009790966,0.0548496208663005,-0.00206137217181234,0.010266065459083791,0.7766932071972378,0.05546400831379493,0.7766932071972378,0.049418496914921915,0.001979954022892949,-0.001385494879162918,0.7999253891159973,0.049056709706749385,0.7999253891159973,0.0,True,False,True,0.0016127702788257057,0.0351869749436722
2.1899999999999973,1786130183.891001,0.012931399993249215,TELEOP,0,,0.0,0.029749999999999933,0.0,0.0,0.0,0.0,0.0,1.0,0.02875540581240942,0.0,0.0,0.0,0.0,0.0,1.0,-0.007463378369439996,-0.2905169999893993,0.31799999898042924,-8.746984268359215e-11,-1.820597870315811e-12,1.142803600001829e-11,1.0,-0.00681744055809427,-0.2904467844263376,0.31949188837935893,-0.01568633473489172,-0.00035299824188451967,0.007900764116699507,0.9998456842039167,0.06060623389902807,-0.0017855871745457968,0.010026291881974294,1.4358188744081364,0.06116323760837723,1.4355690774937402,0.05534260023408121,-0.0020413074196770262,0.010251699995072649,0.7846925232641343,0.0559532728006525,0.7846925232641343,0.04929793677807257,0.0020064752135314137,-0.0014365464011142693,0.7999316066896642,0.04892644868575798,0.7999316066896642,0.0,True,False,True,0.0016272368789026913,0.03513627910609105
2.199999999999997,1786130183.90759,0.01337519999651704,TELEOP,0,,0.0,0.02999999999999993,0.0,0.0,0.0,0.0,0.0,1.0,0.02900540581935682,0.0,0.0,0.0,0.0,0.0,1.0,-0.007403378368322677,-0.2905169999894343,0.31799999898539566,-8.700490609917965e-11,-1.821260921047952e-12,1.1238843884716503e-11,1.0,-0.006756498421326768,-0.2904469072086926,0.3194979488552853,-0.015695825981509776,-0.0003557031546923701,0.007815055691648493,0.9998462078872732,0.060997560250662004,-0.0017659719262732498,0.010007656594401934,1.4366607818192436,0.061551145059928584,1.4364093411047703,0.0558337685435509,-0.002021002678182129,0.010236836907224444,0.792691896325456,0.05644063935985025,0.792691896325456,0.04911683094696986,0.0020304741494897513,-0.00148630878482052,0.7999373061321922,0.04873665591977543,0.7999373061321922,0.0,True,False,True,0.0016331627219723028,0.03507660798157413
2.209999999999997,1786130183.9243205,0.016633499995805323,TELEOP,0,,0.0,0.030249999999999923,0.0,0.0,0.0,0.0,0.0,1.0,0.02925540582589358,0.0,0.0,0.0,0.0,0.0,1.0,-0.007323378366786618,-0.29051699998935115,0.3179999989925008,-8.637503937106453e-11,-1.822436255611212e-12,1.1074931442274526e-11,1.0,-0.0066960055189561815,-0.2904470524588344,0.3195034935043245,-0.015700872978125082,-0.0003582733959568719,0.007727723290988884,0.9998468065261981,0.061519200396921346,-0.001739560579620105,0.009982524771398441,1.437767133200493,0.06206829091613946,1.437513501488446,0.056323488326213186,-0.0020004355394606815,0.010221446353531465,0.8006913216316676,0.05692647295270019,0.8006913216316676,0.04897197826622963,0.002056713872144788,-0.0015390553692979775,0.7999425306211762,0.04858335928499499,0.7999425306211762,0.0,True,False,True,0.0016306394740420755,0.035008271467492975
2.2199999999999966,1786130183.9424477,0.016692200006218627,TELEOP,0,,0.0,0.030499999999999916,0.0,0.0,0.0,0.0,0.0,1.0,0.029505405832043963,0.0,0.0,0.0,0.0,0.0,1.0,-0.00722337836491835,-0.2905169999892486,0.3179999990012384,-8.560046804249065e-11,-1.824019251649574e-12,1.0875500023036856e-11,1.0,-0.00663574177111525,-0.29044721886561276,0.3195085699283958,-0.015701896754880575,-0.0003607259845409671,0.007638997145315196,0.9998474713863496,0.06217104795430975,-0.0017061328369933192,0.009950654263205773,1.4391246868671677,0.06271462140719472,1.4388683175674541,0.05681300617995984,-0.0019795385601988867,0.010205457845352305,0.8086907948290282,0.057412015888191066,0.8086907948290282,0.04895178537466644,0.0020896979261795013,-0.0015988508179159864,0.7999473197360781,0.048554293549088835,0.7999473197360781,0.0,True,False,True,0.0016204852402465992,0.03493221892484226
2.2299999999999964,1786130183.9602373,0.01812649999919813,TELEOP,0,,0.0,0.030749999999999913,0.0,0.0,0.0,0.0,0.0,1.0,0.029755405837830796,0.0,0.0,0.0,0.0,0.0,1.0,-0.007103378362749484,-0.29051699998912706,0.31799999901151976,-8.468897807394113e-11,-1.8262566645424568e-12,1.064391946049547e-11,1.0,-0.006575351694452756,-0.2904474040580664,0.31951325422741406,-0.015699574511941313,-0.00036309070485342676,0.007549204387690971,0.999848188995908,0.06295297419490156,-0.0016654139957228955,0.009911744632312394,1.4407176449327777,0.06349007066125752,1.440457992187547,0.05730436954599803,-0.0019582015752889364,0.010188762037764186,0.8166903119266087,0.057899305626092884,0.8166903119266087,0.049136336603820434,0.0021336984909950912,-0.0016695807588118134,0.7999517097580716,0.04872897379018313,0.7999517097580716,0.0,True,False,True,0.0016042434679574128,0.03484994621903309
2.239999999999996,1786130183.9774811,0.017789100005757064,TELEOP,0,,0.0,0.030999999999999906,0.0,0.0,0.0,0.0,0.0,1.0,0.030005405843275563,0.0,0.0,0.0,0.0,0.0,1.0,-0.006998378347085268,-0.29051699998902253,0.31799999902033727,-8.390723108645438e-11,-1.827940136204594e-12,1.0447909845609237e-11,1.0,-0.006514629751542867,-0.29044760665833824,0.31951758707869593,-0.01569426994195802,-0.00036538333914704497,0.007458532571359771,0.9998489519311837,0.0636369053775027,-0.001629244033291514,0.00987710669557791,1.4420802197898157,0.06416845884427264,1.4418176954770536,0.05779876190814071,-0.0019363582450798332,0.010171293274265452,0.8246898692660575,0.058389523672073576,0.8246898692660575,0.04943923621426919,0.002184333020910376,-0.0017468763498735196,0.7999557339448989,0.04902180459807047,0.7999557339448989,0.0,True,False,True,0.0015943342350039178,0.03476226346606477
2.249999999999996,1786130183.9919217,0.017244100003154017,TELEOP,0,,0.0,0.031249999999999903,0.0,0.0,0.0,0.0,0.0,1.0,0.03025540584839848,0.0,0.0,0.0,0.0,0.0,1.0,-0.0069783783467391655,-0.29051699998899705,0.3179999990220191,-8.375960353957255e-11,-1.8267426341756272e-12,1.0414267668762864e-11,1.0,-0.006454047361078703,-0.290447829912635,0.31952145941048493,-0.015685014802154295,-0.0003675560574084909,0.00736662973999467,0.9998497777063686,0.06376715150155021,-0.0016222973428419794,0.009870446585617178,1.4423365301982052,0.06429766200714838,1.4420734590705966,0.058293402056725736,-0.0019141542139003923,0.010153191027942666,0.8326894634938855,0.058879918952660565,0.8326894634938855,0.04946401485850335,0.002220403117944131,-0.0018102246322786932,0.7999594227828241,0.049039528058699884,0.7999594227828241,0.0,True,False,True,0.0016107604401829102,0.03466710873594972
2.259999999999996,1786130184.006096,0.014440199985983782,TELEOP,0,,0.0,0.031499999999999896,0.0,0.0,0.0,0.0,0.0,1.0,0.030505405853218565,0.0,0.0,0.0,0.0,0.0,1.0,-0.006938378346019632,-0.29051699998888064,0.31799999902562404,-8.346067883418635e-11,-1.8339119405219344e-12,1.0387570667522416e-11,1.0,-0.0063938796317192185,-0.2904480759663691,0.31952480745851,-0.015671246240331692,-0.0003695792864912179,0.007273321908287136,0.9998506759715895,0.06402761862691687,-0.0016083491183301192,0.009857066599396334,1.4428461032246989,0.06455605534775467,1.4425819386099505,0.05878664314133278,-0.0018916768721555558,0.010134540882504095,0.8406890915360612,0.05936886557372013,0.8406890915360612,0.04932410846070526,0.0022477341744836983,-0.001865014543857087,0.7999628042175887,0.048894662105956915,0.7999628042175887,0.0,True,False,True,0.0016205770971336232,0.03456330348238204
2.2699999999999956,1786130184.023531,0.014185600011842325,TELEOP,0,,0.0,0.03174999999999989,0.0,0.0,0.0,0.0,0.0,1.0,0.03075540585775372,0.0,0.0,0.0,0.0,0.0,1.0,-0.006878378345056781,-0.2905169999889045,0.31799999903021686,-8.303128311360035e-11,-1.8300181661334725e-12,1.0231137171632171e-11,1.0,-0.006334221267150653,-0.2904483457985742,0.31952760791893364,-0.015652763474353983,-0.00037144034109911413,0.007178586774651247,0.9998516494558619,0.06441825700825086,-0.0015872897528473144,0.009836847479544709,1.4436029332459333,0.06494361304854915,1.4433371287533936,0.05927788923185394,-0.0018689588427831484,0.010115377600553742,0.8486887505747223,0.05985578016715548,0.8486887505747223,0.049124609052117386,0.002271802937240779,-0.001916328195035236,0.799965903866123,0.04869145934353622,0.799965903866123,0.0,True,False,True,0.0016230863317062845,0.03445045264027903
2.2799999999999954,1786130184.0406556,0.017459900001995265,TELEOP,0,,0.0,0.03199999999999988,0.0,0.0,0.0,0.0,0.0,1.0,0.03100540586202078,0.0,0.0,0.0,0.0,0.0,1.0,-0.006798378343743584,-0.2905169999888267,0.31799999903668935,-8.245740838235569e-11,-1.8310214359601347e-12,1.0090783157750339e-11,1.0,-0.006275002366617764,-0.29044863923308906,0.3195298732168513,-0.01562968546857581,-0.00037314199658356167,0.007082529046617361,0.9998526948903562,0.06493899325702418,-0.0015589550248684889,0.009809610955274262,1.444598232545486,0.06546029675474054,1.4443302421997135,0.05976751137056202,-0.0018459811782340343,0.010095687879284812,0.8566884380268283,0.06034103879855167,0.8566884380268283,0.048962213870809165,0.0022977664549114494,-0.0019689721268930484,0.7999687452106128,0.04852586313962005,0.7999687452106128,0.0,True,False,True,0.0016183666498922784,0.03432884791434954
2.289999999999995,1786130184.0582743,0.017086099993321113,TELEOP,0,,0.0,0.03224999999999988,0.0,0.0,0.0,0.0,0.0,1.0,0.0312554058660356,0.0,0.0,0.0,0.0,0.0,1.0,-0.00669837834214462,-0.2905169999887309,0.3179999990446543,-8.175117901222432e-11,-1.8327272026448983e-12,9.919801781578297e-12,1.0,-0.006216004016288185,-0.29044895502360496,0.31953164691742697,-0.015602409856095963,-0.0003747010132975201,0.00698535743467043,0.9998538039070227,0.06558973172452154,-0.0015231263183392348,0.009775120486938195,1.4458206820551922,0.06610605598569023,1.4455499604201199,0.06025676375016915,-0.001822676271425855,0.010075412805674776,0.864688151524592,0.060825894052242195,0.864688151524592,0.04892523796071362,0.002330490680817994,-0.0020275073610037777,0.7999713497763951,0.04848552536905349,0.7999713497763951,0.0,True,False,True,0.0016072524113198406,0.03419937472959699
2.299999999999995,1786130184.074433,0.017615599994314834,TELEOP,0,,0.0,0.032499999999999876,0.0,0.0,0.0,0.0,0.0,1.0,0.031505405869813076,0.0,0.0,0.0,0.0,0.0,1.0,-0.006578378340285771,-0.290516999988617,0.3179999990540333,-8.091952582118629e-11,-1.834351217281321e-12,9.720957201298218e-12,1.0,-0.006156873576847034,-0.29044929100346195,0.3195329993030558,-0.015571573322922921,-0.0003761466324165897,0.006887363350352787,0.9998549639042855,0.06637035622511628,-0.0014795308883597097,0.009733082129282615,1.4472567453697553,0.06688082863380863,1.4469827476624824,0.06074770060144059,-0.0017989304861359533,0.010054450025168407,0.8726878888975421,0.061312392858274944,0.8726878888975421,0.049093685127145216,0.002374578528990206,-0.0020962780506369066,0.7999737372950289,0.04864988060327572,0.7999737372950289,0.0,True,False,True,0.0015913329430936973,0.03406342324945099
2.3099999999999947,1786130184.0907013,0.016184600011911243,TELEOP,0,,0.0,0.03274999999999987,0.0,0.0,0.0,0.0,0.0,1.0,0.03175540587336725,0.0,0.0,0.0,0.0,0.0,1.0,-0.006473378329683312,-0.2905169999885188,0.3179999990620842,-8.020560402656045e-11,-1.835973433755335e-12,9.552443179193002e-12,1.0,-0.0060974061162871185,-0.2904496458581117,0.31953396727871974,-0.015537516363412112,-0.0003774940847555257,0.006788716322433729,0.9998561678632414,0.06705317324479407,-0.0014408478015254138,0.009695719465627596,1.4484865217967744,0.06755863224619617,1.448209658816767,0.06124151405290714,-0.0017746768309770816,0.010032742958596314,0.8806876481560797,0.061801726759554414,0.8806876481560797,0.04938134514665636,0.002425365515887229,-0.002170706657209393,0.7999759258537764,0.048933390127948034,0.7999759258537764,0.0,True,False,True,0.0015808068110230757,0.03392174329557921
2.3199999999999945,1786130184.1041203,0.016230900000664406,TELEOP,0,,0.0,0.03299999999999986,0.0,0.0,0.0,0.0,0.0,1.0,0.032005405876711315,0.0,0.0,0.0,0.0,0.0,1.0,-0.006453378329386552,-0.29051699998849606,0.3179999990636176,-8.007101338411277e-11,-1.8362952119978402e-12,9.523297675269433e-12,1.0,-0.006038064458286623,-0.2904500222052783,0.3195344474335882,-0.01549933118338784,-0.0003786959125772766,0.006689120883421396,0.9998574313291273,0.06718320969462015,-0.0014334228169525474,0.009688541671333208,1.4487179968572617,0.06768772482426139,1.4484405882454152,0.06173543815870782,-0.0017500744942062789,0.010010454527521457,0.8886874274764058,0.062291157822287724,0.8886874274764058,0.04939241058006903,0.00246023367708033,-0.0022288431074857663,0.7999779320326283,0.048943106273332204,0.7999779320326283,0.0,True,False,True,0.0015910699026373096,0.03377242156952131
2.3299999999999943,1786130184.116936,0.013411999985692091,TELEOP,0,,0.0,0.033249999999999856,0.0,0.0,0.0,0.0,0.0,1.0,0.032255405879857695,0.0,0.0,0.0,0.0,0.0,1.0,-0.0064133783287739585,-0.29051699998838987,0.3179999990668539,-7.980268332144886e-11,-1.824929281519602e-12,9.496765409753228e-12,1.0,-0.005979117893498058,-0.29045042173574126,0.3195343793092047,-0.015456493076626703,-0.0003797229126603565,0.006588436797555088,0.9998587625924206,0.06744325985321796,-0.0014185183756876725,0.009674127542515454,1.4491783310201864,0.06794589769821885,1.4488998312723111,0.06222783957301476,-0.0017252198791211082,0.009987687861640296,0.8966872251867047,0.06277907199004278,0.8966872251867047,0.04924014143069532,0.002485461508517112,-0.0022766665881161206,0.7999797710299094,0.04879141677550669,0.7999797710299094,0.0,True,False,True,0.0015960380689345353,0.03361436967434305
2.339999999999994,1786130184.1330688,0.01281290000770241,TELEOP,0,,0.0,0.033499999999999856,0.0,0.0,0.0,0.0,0.0,1.0,0.03250540588281807,0.0,0.0,0.0,0.0,0.0,1.0,-0.006353378327939982,-0.29051699998840813,0.317999999071112,-7.940503346937086e-11,-1.8378531301235746e-12,9.365789166839793e-12,1.0,-0.005920657795453288,-0.2904508451455038,0.3195337406495357,-0.0154088180360095,-0.00038056263660177816,0.006486655235583707,0.9998601636242278,0.06783327863684067,-0.0013960255964345274,0.009652360210343245,1.4498623658404728,0.06833312641622413,1.4495822297048127,0.06271813419629492,-0.0017001504105521562,0.00996448975367078,0.9046870397544787,0.06326489646622228,0.9046870397544787,0.04902946232801649,0.0025069468568952556,-0.002319810796951617,0.7999814567774169,0.048582447617951524,0.7999814567774169,0.0,True,False,True,0.0015949880099427028,0.0334472281236084
2.349999999999994,1786130184.149067,0.016142099993885495,TELEOP,0,,0.0,0.03374999999999985,0.0,0.0,0.0,0.0,0.0,1.0,0.03275540588560344,0.0,0.0,0.0,0.0,0.0,1.0,-0.006273378326810072,-0.29051699998833524,0.3179999990770302,-7.888018806617547e-11,-1.838786138883452e-12,9.244801747422835e-12,1.0,-0.005862613135149228,-0.2904512921427822,0.3195325427770027,-0.015356421463060063,-0.00038121784461768145,0.006383876508810872,0.9998616309837698,0.06835319939890766,-0.0013657813077493494,0.00962306484966827,1.4507625440138658,0.06884937457372117,1.4504802266119436,0.06320670333154209,-0.0016748480567055973,0.009940853815087596,0.9126868697749382,0.06374901666735557,0.9126868697749382,0.048856913524718416,0.002530235384655933,-0.002363593858318502,0.7999830020459655,0.0484120201133298,0.7999830020459655,0.0,True,False,True,0.0015879974042714486,0.03327127362448135
2.3599999999999937,1786130184.1653905,0.015992800006642938,TELEOP,0,,0.0,0.03399999999999984,0.0,0.0,0.0,0.0,0.0,1.0,0.03300540588822415,0.0,0.0,0.0,0.0,0.0,1.0,-0.006173378325432812,-0.2905169999882449,0.31799999908431764,-7.823386663769337e-11,-1.8404564139420193e-12,9.097237853672753e-12,1.0,-0.005804765792064069,-0.2904517615269584,0.31953082612015693,-0.015299678209858886,-0.00038170492328398476,0.006280289402833996,0.9998631566934763,0.06900293503340749,-0.001327568221946386,0.009586009254599716,1.4518691148994063,0.06949459411480255,1.4515840718392736,0.06369480998122606,-0.0016492425668270907,0.009916723339716289,0.9206867139603594,0.06423269336177946,0.9206867139603594,0.04881066496839841,0.0025605489878507237,-0.0024130475371307645,0.7999844185421351,0.0483676694423905,0.7999844185421351,0.0,True,False,True,0.0015759323177865388,0.03308733007033713
2.3699999999999934,1786130184.1815007,0.01631779999297578,TELEOP,0,,0.0,0.034249999999999836,0.0,0.0,0.0,0.0,0.0,1.0,0.033255405890689926,0.0,0.0,0.0,0.0,0.0,1.0,-0.006053378323829682,-0.29051699998813785,0.31799999909290605,-7.7472172202487e-11,-1.8420461700718716e-12,8.925408114498992e-12,1.0,-0.00574676556919472,-0.290452251330598,0.3195286559149945,-0.015239184154933492,-0.0003820522869799209,0.006176152133262778,0.9998647290744728,0.06978237935092264,-0.0012811151481254147,0.009540904512269398,1.4531703926378887,0.07026872569548889,1.4528820801195592,0.06418451586405927,-0.0016232144273641423,0.00989199388432421,0.9286865711303288,0.06471798055620769,0.9286865711303288,0.04897058828332116,0.0026028139462948817,-0.0024729455392079845,0.7999857169969572,0.04852871944282284,0.7999857169969572,0.0,True,False,True,0.0015604471954140818,0.03289668361456889
2.3799999999999932,1786130184.1976976,0.016115900012664497,TELEOP,0,,0.0,0.03449999999999983,0.0,0.0,0.0,0.0,0.0,1.0,0.03350540589300994,0.0,0.0,0.0,0.0,0.0,1.0,-0.005948378316576914,-0.2905169999880455,0.3179999991002837,-7.681782636891641e-11,-1.843314688280902e-12,8.77957293666551e-12,1.0,-0.005688407987716632,-0.29045276029076955,0.31952606612967244,-0.015175257034802426,-0.0003822744900835559,0.006071617553894047,0.9998663415179156,0.07046418352203412,-0.0012399347087465877,0.009500868762007153,1.4542858995253407,0.07094597385485839,1.4539947274000933,0.06467702172650341,-0.0015966936348104845,0.009866609070198713,0.9366864402028008,0.06520607710456307,0.9366864402028008,0.04925058624441582,0.0026520792553658312,-0.0025384814125497183,0.7999869072472108,0.04880965483553947,0.7999869072472108,0.0,True,False,True,0.0015493843579890624,0.03270002549262721
2.389999999999993,1786130184.2107606,0.016214499992202036,TELEOP,0,,0.0,0.03474999999999983,0.0,0.0,0.0,0.0,0.0,1.0,0.0337554058951928,0.0,0.0,0.0,0.0,0.0,1.0,-0.005928378316320707,-0.2905169999880239,0.317999999101686,-7.669460407671818e-11,-1.8448027435480938e-12,8.75417894359991e-12,1.0,-0.005630147900982091,-0.29045329034567735,0.3195229602580754,-0.015107053585734012,-0.00038232510533411397,0.005966442834656662,0.9998680074486694,0.07059402907847846,-0.0012320343530642854,0.009493182825915278,1.454495985443753,0.07107496119007235,1.4542042687535082,0.06516957576257704,-0.0015698505521797275,0.009840746419442818,0.9446863201859,0.0656942550800382,0.9446863201859,0.04925540360736384,0.0026843082630757607,-0.0025862650755896265,0.7999879983099432,0.048817797547514856,0.7999879983099432,0.0,True,False,True,0.0015531938008606257,0.03249559402669554
2.399999999999993,1786130184.2239273,0.013060700002824888,TELEOP,0,,0.0,0.03499999999999982,0.0,0.0,0.0,0.0,0.0,1.0,0.03400540589724661,0.0,0.0,0.0,0.0,0.0,1.0,-0.005888378315795169,-0.2905169999879314,0.31799999910462007,-7.645131040228148e-11,-1.8420125284093412e-12,8.728311800692211e-12,1.0,-0.005572249299458045,-0.29045384270219815,0.3195192822006397,-0.015034089993804586,-0.000382175736455648,0.005860518942010178,0.9998697337140949,0.07085369935017205,-0.001216179465345528,0.009477753365752805,1.4549138954426746,0.07133292409234966,1.4546210897385408,0.06566055670944727,-0.0015427883438874073,0.009814518204488178,0.9526862101704077,0.06618090898125369,0.9526862101704077,0.04909809468702451,0.0027062208292320854,-0.0026228214954641103,0.7999889984507812,0.04866539012154936,0.7999889984507812,0.0,True,False,True,0.0015531089863761746,0.032282393098360354
2.4099999999999926,1786130184.2369857,0.013204699993366376,TELEOP,0,,0.0,0.035249999999999816,0.0,0.0,0.0,0.0,0.0,1.0,0.03425540589917901,0.0,0.0,0.0,0.0,0.0,1.0,-0.005828378314964405,-0.29051699998762304,0.3179999991094396,-7.609376693413482e-11,-1.8638293090238718e-12,8.76802806612366e-12,1.0,-0.005514800640058137,-0.2904544177626286,0.31951501162589724,-0.014956200578557819,-0.000381814398262011,0.005753849218310764,0.9998715214972332,0.07124315297465397,-0.0011922617428822752,0.009454465363070451,1.455535166534438,0.0717198391069342,1.4552407275977939,0.06614939060703115,-0.001515547107112467,0.009787975307158801,0.960686109322873,0.06666547318324066,0.960686109322873,0.048883389758388233,0.002724123677494086,-0.002654289732937744,0.7999899152465494,0.048456420198698384,0.7999899152465494,0.0,True,False,True,0.0015483896208991384,0.03206010016112493
2.4199999999999924,1786130184.2530072,0.013010599999688566,TELEOP,0,,0.0,0.03549999999999981,0.0,0.0,0.0,0.0,0.0,1.0,0.03450540590099717,0.0,0.0,0.0,0.0,0.0,1.0,-0.005748378314091786,-0.2905169999878724,0.3179999991139931,-7.56017978407083e-11,-1.846040782579751e-12,8.512954699876683e-12,1.0,-0.005457730078700566,-0.2904550151242734,0.3195101594685848,-0.014873497673119164,-0.0003812438630422974,0.0056465294599902195,0.9998733671946374,0.07176232868486891,-0.001160118854868637,0.00942314669883388,1.4563532526162977,0.07223567124757777,1.4560566365687866,0.06663646708313468,-0.001488107721650412,0.009761110785937948,0.9686860168792996,0.0671483389660644,0.9686860168792996,0.04870764761035433,0.0027439385462055717,-0.0026864521220852375,0.7999907556426703,0.04828657828237429,0.7999907556426703,0.0,True,False,True,0.0015391240419900727,0.03182897760521957
2.429999999999992,1786130184.2686474,0.016015700006391853,TELEOP,0,,0.0,0.0357499999999998,0.0,0.0,0.0,0.0,0.0,1.0,0.03475540590270784,0.0,0.0,0.0,0.0,0.0,1.0,-0.005648378312898642,-0.2905169999877873,0.3179999991206846,-7.50082183361449e-11,-1.847242593103324e-12,8.384845185350638e-12,1.0,-0.005400820505988606,-0.29045563364909327,0.3195047635884858,-0.014786332919294726,-0.00038047998425321195,0.0055387295209001815,0.99987526325491,0.07241114620602804,-0.0011195345783493683,0.009383568528010219,1.4573596955170718,0.07288037421448688,1.457060358927077,0.06712305579124968,-0.0014603954159261598,0.009733863153583225,0.9766859321393572,0.06763077173398908,0.9766859321393572,0.04865887081150074,0.002771230572425276,-0.00272476323547239,0.7999915260057812,0.04824327679246983,0.7999915260057812,0.0,True,False,True,0.0015262263262189458,0.031589787872562496
2.439999999999992,1786130184.2847772,0.01563460000033956,TELEOP,0,,0.0,0.0359999999999998,0.0,0.0,0.0,0.0,0.0,1.0,0.03500540590431739,0.0,0.0,0.0,0.0,0.0,1.0,-0.005528378311508341,-0.29051699998768615,0.31799999912857563,-7.430821155336444e-11,-1.8486967713652437e-12,8.235505885464147e-12,1.0,-0.005343724295584848,-0.2904562715947881,0.3194988846103701,-0.014695260163801037,-0.0003795500169458994,0.00543067645072511,0.999877198971849,0.07318950734402133,-0.0010702389754799133,0.009335445885754547,1.4585443381175363,0.07365389064932064,1.4582417380985615,0.06761122357613823,-0.001432283049286941,0.009706119370675918,0.9846858544610767,0.06811482898594318,0.9846858544610767,0.04881677848885599,0.002811236663921951,-0.002774378290730716,0.799992232171966,0.04840572519541092,0.799992232171966,0.0,True,False,True,0.001511437306286629,0.03134371266390469
2.4499999999999917,1786130184.301714,0.016151599993463606,TELEOP,0,,0.0,0.036249999999999796,0.0,0.0,0.0,0.0,0.0,1.0,0.03525540590583178,0.0,0.0,0.0,0.0,0.0,1.0,-0.005423378306481156,-0.2905169999875989,0.31799999913535854,-7.370648422924987e-11,-1.850055978127108e-12,8.10861995838528e-12,1.0,-0.0052862377399137545,-0.2904569277687522,0.31949255404883814,-0.0146005738922922,-0.00037846767189015767,0.005322507319799019,0.9998791681598671,0.07387037958122412,-0.0010265738087315188,0.009292777298975036,1.4595608181852302,0.0743306044988964,1.4592553637423442,0.0681021770734325,-0.0014036959545860222,0.009677817138624076,0.9926857832559862,0.0686017132412966,0.9926857832559862,0.04909534972942763,0.002858709470091942,-0.0028302232051843233,0.7999928794909689,0.04868842553534419,0.7999928794909689,0.0,True,False,True,0.0015000454580537557,0.031091384334597877
2.4599999999999915,1786130184.314964,0.016929300007177517,TELEOP,0,,0.0,0.03649999999999979,0.0,0.0,0.0,0.0,0.0,1.0,0.03550540590725665,0.0,0.0,0.0,0.0,0.0,1.0,-0.005403378306258795,-0.29051699998757796,0.31799999913664523,-7.35932951074186e-11,-1.850476303011891e-12,8.08631208177249e-12,1.0,-0.005228808758937373,-0.2904576034184485,0.3194856831511636,-0.01450149829158245,-0.0003771881929140745,0.0052140275415332995,0.9998811820377272,0.07400004925028056,-0.0010182004260786677,0.009284590667738332,1.4597523531963523,0.07445949045984135,1.4594463551663248,0.06859317522495813,-0.0013748140654955456,0.009649142686528736,1.0006857179846533,0.06908870281716603,1.0006857179846533,0.049099815152564265,0.00288818890904772,-0.002867445209534062,0.7999934728667215,0.04869895758694381,0.7999934728667215,0.0,True,False,True,0.0014970836550680083,0.03083119383853082
2.4699999999999913,1786130184.328748,0.01325229999201838,TELEOP,0,,0.0,0.03674999999999978,0.0,0.0,0.0,0.0,0.0,1.0,0.03575540590859728,0.0,0.0,0.0,0.0,0.0,1.0,-0.005363378305805041,-0.29051699998749503,0.3179999991393174,-7.3371449218547e-11,-1.849777461542404e-12,8.061505955845533e-12,1.0,-0.005171696918295521,-0.29045829927248834,0.31947822084314964,-0.014397592161978822,-0.000375684400893674,0.005105156305974297,0.9998832459743787,0.07425936926776955,-0.0010013997236060508,0.009268160564324363,1.460133454509608,0.07471725098037175,1.4598263694126572,0.06908260543359837,-0.0013457458453439318,0.009620212062926034,1.008685658152598,0.06957419706840194,1.008685658152598,0.048943020864025175,0.002906822015161448,-0.0028930623602703713,0.7999940167944947,0.04854942512359136,0.7999940167944947,0.0,True,False,True,0.0014917529734981233,0.030562237681281624
2.479999999999991,1786130184.342894,0.013796300001558848,TELEOP,0,,0.0,0.036999999999999776,0.0,0.0,0.0,0.0,0.0,1.0,0.03600540590985866,0.0,0.0,0.0,0.0,0.0,1.0,-0.005303378305094888,-0.29051699998721325,0.3179999991436302,-7.305250449656639e-11,-1.852059458694352e-12,8.087526190864748e-12,1.0,-0.0051149884769464485,-0.2904590154584199,0.31947014921854916,-0.014288708810811542,-0.00037394496616333436,0.004995907496470601,0.9998853603658616,0.07464830124878559,-0.0009760638679319545,0.009243373431350732,1.4607002351868479,0.0751038633147809,1.4603915197565063,0.06956990045690184,-0.0013165327409173694,0.00959107538968206,1.0166856033065474,0.07005763392541248,1.0166856033065474,0.04872950233034754,0.0029213104426563112,-0.002913667324397355,0.7999945153949535,0.04834368570105525,0.7999945153949535,0.0,True,False,True,0.001483305152594509,0.030284230020884366
2.489999999999991,1786130184.3593485,0.014137799997115508,TELEOP,0,,0.0,0.037249999999999776,0.0,0.0,0.0,0.0,0.0,1.0,0.036255405911045466,0.0,0.0,0.0,0.0,0.0,1.0,-0.005223378304320371,-0.2905169999874351,0.3179999991479756,-7.258708137148139e-11,-1.8525537424593286e-12,7.87623467968203e-12,1.0,-0.005058611343936294,-0.2904597514914378,0.3194614791755756,-0.014174957236565125,-0.0003719726610333742,0.004886372038175256,0.9998875214702829,0.07516678823864006,-0.0009420312083912378,0.009210059252898709,1.461446988398458,0.07561929348074516,1.4611360996842389,0.07005545483785876,-0.0012871533567727002,0.009561720827147423,1.024685553031001,0.07053940701347305,1.024685553031001,0.04855543809569235,0.0029379384144669874,-0.002935456253463791,0.799994972445374,0.04817730880605946,0.799994972445374,0.0,True,False,True,0.0014718523745953027,0.029997418193186118
2.4999999999999907,1786130184.3755436,0.016441000014310703,TELEOP,0,,0.0,0.03749999999999977,0.0,0.0,0.0,0.0,0.0,1.0,0.036505405912162114,0.0,0.0,0.0,0.0,0.0,1.0,-0.005123378303281448,-0.2905169999873545,0.31799999915413957,-7.204015922405231e-11,-1.853752992677816e-12,7.764441835138711e-12,1.0,-0.0050023498461425064,-0.29046050633138704,0.31945224622292145,-0.014056664805635968,-0.0003697826038315877,0.004776701691798699,0.9998897221975609,0.07581475543105652,-0.0008990863916359761,0.009167991856450104,1.4623663300319116,0.0762634964091734,1.4620527254997666,0.07054054149674424,-0.0012575273451599707,0.009532078249194163,1.0326855069450835,0.07102078296499872,1.0326855069450835,0.04850866588854977,0.0029626011612730184,-0.0029642577953260573,0.7999953914082595,0.04813759515256864,0.7999953914082595,0.0,True,False,True,0.0014583761412569742,0.029702502024427625
2.5099999999999905,1786130184.3917723,0.01627369999187067,TELEOP,0,,0.0,0.03774999999999976,0.0,0.0,0.0,0.0,0.0,1.0,0.036755405913212746,0.0,0.0,0.0,0.0,0.0,1.0,-0.0050033783020697175,-0.29051699998725866,0.3179999991614129,-7.13947873022993e-11,-1.85498307010614e-12,7.633944989815317e-12,1.0,-0.004945859218292468,-0.290461278499724,0.3194425064740153,-0.013934341592139412,-0.00036740051338651666,0.00466709429135463,0.9998919528489726,0.07659211104165262,-0.0008469605042442215,0.009116889386994233,1.4634493770985848,0.07703641611599488,1.4631325147250764,0.07102722905589558,-0.0012275190092308316,0.009502022630082842,1.040685464699659,0.07150381948411251,1.040685464699659,0.04866875591513477,0.003000833592913981,-0.0030055619111321696,0.7999957754575712,0.04830365191137968,0.7999957754575712,0.0,True,False,True,0.0014447285821506282,0.029400557239635472
2.5199999999999902,1786130184.4080565,0.01614500000141561,TELEOP,0,,0.0,0.037999999999999756,0.0,0.0,0.0,0.0,0.0,1.0,0.03700540591420127,0.0,0.0,0.0,0.0,0.0,1.0,-0.0048983782985287504,-0.29051699998717595,0.3179999991676694,-7.08396333043641e-11,-1.8560512887834316e-12,7.522954207309856e-12,1.0,-0.004888936962145936,-0.29046206690569093,0.31943228913866684,-0.01380825781629735,-0.0003648390521920609,0.004557671943391735,0.9998942076714922,0.07727211614489013,-0.0008008208707106117,0.00907161962940347,1.4643794843622915,0.07771261056148808,1.4640597723854265,0.07151672658990232,-0.0011970481864449526,0.009471482736170525,1.0486854259746867,0.0719897195646708,1.0486854259746867,0.048949753400675304,0.003047082278587968,-0.00305398939123183,0.7999961275027736,0.04859000805583107,0.7999961275027736,0.0,True,False,True,0.0014333741114216962,0.02909215604020137
2.52999999999999,1786130184.4221375,0.01628789999813307,TELEOP,0,,0.0,0.038249999999999756,0.0,0.0,0.0,0.0,0.0,1.0,0.03725540591513135,0.0,0.0,0.0,0.0,0.0,1.0,-0.004878378298334788,-0.29051699998715735,0.31799999916885663,-7.073515189544613e-11,-1.857430213583847e-12,7.503361537343161e-12,1.0,-0.004832025183838679,-0.290462872119588,0.31942151370441363,-0.013677707272227975,-0.00036205575712735117,0.00444828373041242,0.9998964956490536,0.07740162194669992,-0.0007919763695595612,0.009062938167404132,1.4645548271159168,0.07784139786257525,1.464234572463195,0.07200629999160849,-0.0011663036001628596,0.00944065071835669,1.0566853904767952,0.0724757646266958,1.0566853904767952,0.048957340170617356,0.0030744586282093807,-0.003083201781383617,0.7999964502108758,0.04860450620250102,0.7999964502108758,0.0,True,False,True,0.0014232996915867473,0.028775842023376214
2.53999999999999,1786130184.4356194,0.014077200001338497,TELEOP,0,,0.0,0.03849999999999975,0.0,0.0,0.0,0.0,0.0,1.0,0.03750540591600645,0.0,0.0,0.0,0.0,0.0,1.0,-0.004838378297940895,-0.29051699998707675,0.3179999991712995,-7.053147707463779e-11,-1.8568105417224326e-12,7.480361371630862e-12,1.0,-0.004775379944937602,-0.2904636944164852,0.31941013444943334,-0.013542292467853162,-0.00035902505170482994,0.004338873988422812,0.9998988206754922,0.07766061544852515,-0.0007742336264882215,0.009045518993539342,1.4649037886368765,0.07809896131412823,1.4645824487333914,0.07249434168940105,-0.0011353983545870892,0.009409644065049443,1.0646853579370614,0.07296035591054811,1.0646853579370614,0.04880416977925804,0.003090524557577097,-0.003100665330724807,0.7999967460266362,0.048459128385231795,0.7999967460266362,0.0,True,False,True,0.0014125479740436397,0.02845080382342537
2.5499999999999896,1786130184.4481735,0.013484600000083447,TELEOP,0,,0.0,0.03874999999999974,0.0,0.0,0.0,0.0,0.0,1.0,0.03775540591682981,0.0,0.0,0.0,0.0,0.0,1.0,-0.004778378297329775,-0.2905169999868236,0.3179999991751956,-7.024130894639585e-11,-1.875904181011754e-12,7.4960115060107e-12,1.0,-0.004719086036277085,-0.2904645336814379,0.31939813607676487,-0.013401885859592918,-0.00035573642515094233,0.004229465484442433,0.9999011823818983,0.07804906065226215,-0.0007474851936606546,0.009019249706667048,1.4654229632865492,0.07848527865244465,1.46509999575825,0.072980287682953,-0.0011043747047473106,0.009378510227584588,1.072685328108972,0.07344293210645368,1.072685328108972,0.04859459935519564,0.0031023649839779185,-0.0031133837464855144,0.7999970171910832,0.0482576195905573,0.7999970171910832,0.0,True,False,True,0.001400376763928642,0.028116791375659634
2.5599999999999894,1786130184.4650486,0.01254779999726452,TELEOP,0,,0.0,0.038999999999999736,0.0,0.0,0.0,0.0,0.0,1.0,0.0380054059176045,0.0,0.0,0.0,0.0,0.0,1.0,-0.004698378296641042,-0.2905169999870204,0.3179999991793172,-6.980596211685721e-11,-1.8583425207915314e-12,7.319429931037745e-12,1.0,-0.004663071668075995,-0.29046538938388894,0.3193855295057981,-0.01325659246728606,-0.0003521926063076521,0.004120143952876254,0.9999035769164605,0.07856690406002648,-0.0007115699810892825,0.008983961958437696,1.4661073463495486,0.07900031657086568,1.4657822091209431,0.0734645341241053,-0.0010732085484798884,0.009347230958039396,1.0806853007665569,0.07392388656703663,1.0806853007665569,0.04842464411523036,0.003116615626742278,-0.0031279269545192853,0.799997265758493,0.048095446058296965,0.799997265758493,0.0,True,False,True,0.00138694069735319,0.027774035672429413
2.569999999999989,1786130184.4815733,0.01688039999862667,TELEOP,0,,0.0,0.03924999999999973,0.0,0.0,0.0,0.0,0.0,1.0,0.03825540591833339,0.0,0.0,0.0,0.0,0.0,1.0,-0.004598378295732359,-0.2905169999869438,0.31799999918501226,-6.930054775565518e-11,-1.859354118400057e-12,7.221360438130235e-12,1.0,-0.004607122979911308,-0.29046626061882946,0.3193723478415965,-0.013106714054254124,-0.0003484077439747864,0.00401104399240389,0.9999059976741989,0.07921407524920847,-0.0006662733539260449,0.008939431697223736,1.4669504538898566,0.07964403081542108,1.4666226052799778,0.07394835406408588,-0.00104181363305035,0.009315726354978416,1.0886852757026761,0.0744044847131848,1.0886852757026761,0.04838199399806059,0.0031394915429539235,-0.0031504603060979967,0.7999974936119518,0.048059814614816974,0.7999974936119518,0.0,True,False,True,0.001373314162239158,0.02742317233868704
2.579999999999989,1786130184.4976091,0.016553399997064844,TELEOP,0,,0.0,0.03949999999999973,0.0,0.0,0.0,0.0,0.0,1.0,0.038505405919019194,0.0,0.0,0.0,0.0,0.0,1.0,-0.004478378294671446,-0.2905169999868527,0.3179999991917363,-6.870373973747613e-11,-1.860563501116549e-12,7.106795228814528e-12,1.0,-0.0045508982833626695,-0.2904671462066944,0.3193586425390398,-0.01295271502667086,-0.000344405611897321,0.0039023363121010166,0.9999084359727743,0.07999048757259788,-0.0006113272492360175,0.008885379542027788,1.4679444732199147,0.08041636629017322,1.4676133720341598,0.07443381493621054,-0.0010100454717967846,0.009283858615971472,1.0966852527274522,0.07488678219143859,1.0966852527274522,0.04854608721246665,0.0031768161253566043,-0.0031867739006944326,0.7999977024776225,0.04822974782537974,0.7999977024776225,0.0,True,False,True,0.0013614904675860898,0.027065169302270268
2.5899999999999888,1786130184.5133512,0.01601850001316052,TELEOP,0,,0.0,0.03974999999999972,0.0,0.0,0.0,0.0,0.0,1.0,0.038755405919664455,0.0,0.0,0.0,0.0,0.0,1.0,-0.004373378292129853,-0.2905169999867739,0.31799999919752375,-6.819005802791565e-11,-1.8617604311081143e-12,7.009260500916049e-12,1.0,-0.004494196631136534,-0.2904680451880182,0.31934444041254556,-0.012794840148284088,-0.0003401975935181781,0.003794129000456061,0.9999108864875436,0.08066967748080585,-0.0005627216114311187,0.008837533721974844,1.4687988001341763,0.08109205130378229,1.4684648539039509,0.07492212533666227,-0.000977818241617366,0.009251547043451241,1.1046852316668303,0.07537198035978472,1.1046852316668303,0.048831040045174495,0.003222723017941932,-0.0032311572520231095,0.7999978939378206,0.04851981683461455,0.7999978939378206,0.0,True,False,True,0.0013507463951500502,0.02670053709191023
2.5999999999999885,1786130184.5259702,0.01573249998909887,TELEOP,0,,0.0,0.039999999999999716,0.0,0.0,0.0,0.0,0.0,1.0,0.03900540592027157,0.0,0.0,0.0,0.0,0.0,1.0,-0.00435337829195994,-0.2905169999867558,0.3179999991986206,-6.809344359778881e-11,-1.8618060249524055e-12,6.9919504601723034e-12,1.0,-0.004437455322259854,-0.290468957481705,0.319329669415712,-0.012632454533748106,-0.00033574412696263687,0.003686310238489024,0.9999133559889876,0.08079902904967766,-0.0005534075685821211,0.00882836208319203,1.4689599268799942,0.08122074174533765,1.468625438837447,0.07541055503508341,-0.0009453293176123765,0.009218989317528119,1.11268521236126,0.07585736174594612,1.11268521236126,0.048842969842115086,0.003248892400499024,-0.0032557725923123017,0.7999980694430022,0.048538138616141764,0.7999980694430022,0.0,True,False,True,0.0013331916274622769,0.02632797164268545
2.6099999999999883,1786130184.539246,0.012641400011489168,TELEOP,0,,0.0,0.04024999999999971,0.0,0.0,0.0,0.0,0.0,1.0,0.039255405920842784,0.0,0.0,0.0,0.0,0.0,1.0,-0.004313378291616149,-0.29051699998668395,0.31799999920086797,-6.790533698945804e-11,-1.8671998673346512e-12,6.9703347336921736e-12,1.0,-0.004380927703339118,-0.2904698829404471,0.3193142892719524,-0.012465205170117432,-0.0003310216065203,0.003578846492681974,0.9999158469304029,0.08105771506209179,-0.0005347259055659009,0.008809963026383058,1.4692806622981673,0.08147811163612842,1.4689450907274686,0.07589749864771257,-0.00091269639135748,0.009186304275076749,1.1206851946644873,0.07634132766860924,1.1206851946644873,0.048694361262916874,0.003263292625489713,-0.0032685042451370133,0.7999982303227521,0.048396592266312106,0.7999982303227521,0.0,True,False,True,0.0013168680002267773,0.025946753020985733
2.619999999999988,1786130184.5521803,0.013251199998194352,TELEOP,0,,0.0,0.0404999999999997,0.0,0.0,0.0,0.0,0.0,1.0,0.039505405921380236,0.0,0.0,0.0,0.0,0.0,1.0,-0.00425337829108694,-0.29051699998645714,0.3179999992044075,-6.764232293637035e-11,-1.8527042984552612e-12,6.978790562790519e-12,1.0,-0.004324697679171626,-0.2904708212399368,0.3192982872698764,-0.012292983616974285,-0.0003260204843264317,0.0034717678688820173,0.99991835821346,0.08144570143180838,-0.0005065694961569732,0.008782225072086815,1.4697580060061255,0.0818641390134775,1.469420809383851,0.07638239281195663,-0.0008799625499627103,0.009153536880586675,1.1286851784424456,0.07682331595427867,1.1286851784424456,0.048489416424407,0.003273384139477033,-0.003276739449007494,0.799998377795856,0.048198828566944615,0.799998377795856,0.0,True,False,True,0.0013010652684188888,0.025556665917876507
2.629999999999988,1786130184.5679595,0.01293509999231901,TELEOP,0,,0.0,0.0407499999999997,0.0,0.0,0.0,0.0,0.0,1.0,0.039755405921885915,0.0,0.0,0.0,0.0,0.0,1.0,-0.00417337829047377,-0.29051699998662583,0.3179999992083075,-6.723284123348785e-11,-1.8637290822313337e-12,6.8301674186817646e-12,1.0,-0.004268694147846076,-0.29047177183580436,0.3192816742256204,-0.012115890171633637,-0.00032074338229635144,0.003365154746631364,0.9999208859017612,0.08196293742897853,-0.0004687777190767319,0.008744981202350018,1.4703875451654798,0.08237879098429976,1.4700481822546936,0.076865632911243,-0.0008471010784696856,0.00912066291009413,1.1366851635722408,0.07730371823718414,1.1366851635722408,0.0483240099286383,0.0032861471493025427,-0.003287397049254548,0.7999985129795347,0.04804022829054721,0.7999985129795347,0.0,True,False,True,0.0012860099332032387,0.025157923697489388
2.6399999999999877,1786130184.584019,0.015785600000526756,TELEOP,0,,0.0,0.040999999999999696,0.0,0.0,0.0,0.0,0.0,1.0,0.0400054059223617,0.0,0.0,0.0,0.0,0.0,1.0,-0.004073378289675652,-0.2905169999865528,0.31799999921358424,-6.676441740160995e-11,-1.8645453523789326e-12,6.743796038585499e-12,1.0,-0.004212705265430163,-0.29047273398608275,0.31926448063073853,-0.01193419966669311,-0.00031520322594516954,0.003259125684975994,0.9999234238805547,0.0826093561394249,-0.00042113654171880676,0.008698009059306334,1.4711635559466774,0.0830220237772402,1.4708214858906792,0.07734848996911789,-0.000814019975873643,0.009087593340956605,1.1446851499412196,0.07778379745165342,1.1446851499412196,0.048285705787489204,0.0033081102596043293,-0.0033069569137526384,0.7999986368979068,0.04800792144692943,0.7999986368979068,0.0,True,False,True,0.0012729040573817986,0.02475109629296345
2.6499999999999875,1786130184.6000907,0.01607490000606049,TELEOP,0,,0.0,0.04124999999999969,0.0,0.0,0.0,0.0,0.0,1.0,0.04025540592280936,0.0,0.0,0.0,0.0,0.0,1.0,-0.003953378288743136,-0.290516999986466,0.31799999921981786,-6.621099249260707e-11,-1.8659270210639243e-12,6.642782115831782e-12,1.0,-0.004156392454368904,-0.2904737068314971,0.31924675300082417,-0.011748329037369118,-0.0003094214173857981,0.003153826579550157,0.9999259644599305,0.08338487502381461,-0.0003633786173780121,0.00864103124144745,1.4720791313212067,0.08379378279445414,1.4717338137340672,0.07783302827949415,-0.0007805661779488289,0.00905417844355617,1.152685137446117,0.07826560607424193,1.152685137446117,0.04845383103762672,0.003345379792481489,-0.003341489740043498,0.7999987504897479,0.04818086225885247,0.7999987504897479,0.0,True,False,True,0.001263916151952101,0.02433704219195122
2.6599999999999873,1786130184.6165166,0.01606069999979809,TELEOP,0,,0.0,0.04149999999999968,0.0,0.0,0.0,0.0,0.0,1.0,0.04050540592323055,0.0,0.0,0.0,0.0,0.0,1.0,-0.0038483782868792265,-0.2905169999863907,0.31799999922518624,-6.573436572553325e-11,-1.8667494328140485e-12,6.5567279856361195e-12,1.0,-0.004099556472731293,-0.29047468956195915,0.31922851553827863,-0.01155849645083381,-0.0003034078167809613,0.003049352640012914,0.9999285027200543,0.08406329131525019,-0.00031231405605632766,0.008590629395633312,1.4728666122086467,0.08446896440716423,1.472518453960082,0.07832045411286513,-0.0007466484456712736,0.00902032903032853,1.1606851259922728,0.07875034285559336,1.1606851259922728,0.04874258333709951,0.003391773227755601,-0.0033849413227640796,0.7999988546156023,0.04847367813514413,0.7999988546156023,0.0,True,False,True,0.0012546445650452767,0.02391620892339291
2.669999999999987,1786130184.6308103,0.016432899996289052,TELEOP,0,,0.0,0.041749999999999676,0.0,0.0,0.0,0.0,0.0,1.0,0.040755405923626836,0.0,0.0,0.0,0.0,0.0,1.0,-0.0038283782867297445,-0.290516999986374,0.3179999992262047,-6.564471711982533e-11,-1.86660356079367e-12,6.5413519276053694e-12,1.0,-0.004042630631659632,-0.2904756814752306,0.31920970473963367,-0.011364139813376877,-0.00029712636400504766,0.0029456266443462407,0.9999310432854348,0.08419249636140291,-0.00030253179306754586,0.00858097129641836,1.4730151912810143,0.08459755905841362,1.4726664920519619,0.07880803919795894,-0.0007124730476626554,0.008986249306162151,1.1686851154929156,0.07923529057324065,1.1686851154929156,0.04875850850938134,0.003417539800861889,-0.003407972416638024,0.7999989500643021,0.04849477176472952,0.7999989500643021,0.0,True,False,True,0.0012292268773060207,0.02348744453000358
2.679999999999987,1786130184.6441545,0.014295700006186962,TELEOP,0,,0.0,0.041999999999999676,0.0,0.0,0.0,0.0,0.0,1.0,0.0410054059239997,0.0,0.0,0.0,0.0,0.0,1.0,-0.0037883782864284463,-0.29051699998630554,0.31799999922827554,-6.547118493748673e-11,-1.8682942712752376e-12,6.521320060876239e-12,1.0,-0.003985866159857373,-0.29047668203191246,0.3191902857429219,-0.011164951228376054,-0.00029055578285603674,0.002842634286065501,0.9999335872305324,0.08445089010844344,-0.00028291382789619407,0.008561599695767414,1.4733110058539145,0.08485473745259807,1.4729612247576374,0.0792941786572844,-0.0006781625493508217,0.008952060603381896,1.1766851058685048,0.07971884991774619,1.1766851058685048,0.048613945932547135,0.003431049831183441,-0.003418870278025645,0.7999990375589436,0.04835593445055583,0.7999990375589436,0.0,True,False,True,0.0012072319514272788,0.023050119971901116
2.6899999999999866,1786130184.657535,0.013330199988558888,TELEOP,0,,0.0,0.04224999999999967,0.0,0.0,0.0,0.0,0.0,1.0,0.04125540592435052,0.0,0.0,0.0,0.0,0.0,1.0,-0.0037283782859676806,-0.2905169999861005,0.3179999992315075,-6.522856623458846e-11,-1.8730082732415252e-12,6.525018768685128e-12,1.0,-0.003929346463485913,-0.29047769072557406,0.3191702482994065,-0.010960841279147326,-0.00028368762253074665,0.0027404116131911653,0.9999361327724768,0.08483843999684379,-0.00025335330623196134,0.008532403852467379,1.4737513992079323,0.08524047778245866,1.4733999955448538,0.07977830830985745,-0.0006437611950433156,0.0089178066761742,1.1846850970461282,0.080200457288159,1.1846850970461282,0.04841296525730668,0.003440135430750696,-0.0034253927207697006,0.799999117762365,0.04816073704128206,0.799999117762365,0.0,True,False,True,0.0011880304319572613,0.022604053908707015
2.6999999999999864,1786130184.6732278,0.01337890001013875,TELEOP,0,,0.0,0.04249999999999966,0.0,0.0,0.0,0.0,0.0,1.0,0.0415054059246806,0.0,0.0,0.0,0.0,0.0,1.0,-0.0036483782854208474,-0.29051699998624925,0.31799999923519673,-6.48455224481284e-11,-1.8688185159773615e-12,6.398503458864544e-12,1.0,-0.0038730013196112533,-0.29047870701947753,0.3191496029213426,-0.01075190485678476,-0.000276524325343753,0.0026390336642235297,0.9999386759084615,0.0853550975054887,-0.00021369000418003565,0.008493217815352202,1.4743324609631154,0.08575474735734752,1.4739788943132897,0.08026082152746353,-0.0006092400147693288,0.008883458709144771,1.1926850889589498,0.08068050216985122,1.1926850889589498,0.04825132176060838,0.0034521180273987487,-0.003434796702943058,0.7999991912821679,0.048004488169222814,0.7999991912821679,0.0,True,False,True,0.0011719686403625466,0.022149441095998233
2.709999999999986,1786130184.6891317,0.01572959999612067,TELEOP,0,,0.0,0.042749999999999656,0.0,0.0,0.0,0.0,0.0,1.0,0.04175540592499116,0.0,0.0,0.0,0.0,0.0,1.0,-0.0035483782847172624,-0.2905169999861795,0.3179999992400985,-6.441025300360475e-11,-1.8696848312358583e-12,6.322094976537947e-12,1.0,-0.0038166209096264503,-0.29047973034793717,0.319128377222371,-0.010538388682126308,-0.00026907733215092325,0.0025386042827109747,0.9999412109967614,0.08600079851656536,-0.00016371040127220323,0.008443820585830866,1.4750491135512263,0.08639750262014001,1.474692843866734,0.0807429862615823,-0.0005745016438688888,0.008848920030178113,1.2006850815457029,0.08116024470341832,1.2006850815457029,0.0482164734118784,0.0034738370900440785,-0.003453867896665792,0.7999992586753206,0.04797425335671035,0.7999992586753206,0.0,True,False,True,0.0011604223380434573,0.021686784653671586
2.719999999999986,1786130184.7051263,0.015867900001467206,TELEOP,0,,0.0,0.04299999999999965,0.0,0.0,0.0,0.0,0.0,1.0,0.042005405925283366,0.0,0.0,0.0,0.0,0.0,1.0,-0.0034283782838946553,-0.2905169999860964,0.31799999924589234,-6.389573173307564e-11,-1.870729253247882e-12,6.232703595769885e-12,1.0,-0.0037598696078923978,-0.2904807601749302,0.31910661246382094,-0.010320660642167332,-0.0002613652416689166,0.0024392470823848002,0.999943731279811,0.08677546375923295,-0.00010314776238486784,0.00838393635284532,1.475895221447723,0.08716868915548118,1.4755357091435433,0.08122686280603597,-0.0005393848463665132,0.008814030521143866,1.2086850747502265,0.08164173400121637,1.2086850747502265,0.04838765444536815,0.0035116797502376413,-0.003488950903424748,0.7999993204523772,0.048148929779805914,0.7999993204523772,0.0,True,False,True,0.0011557649570277807,0.021216832415163908
2.7299999999999858,1786130184.7221363,0.01599329999589827,TELEOP,0,,0.0,0.04324999999999965,0.0,0.0,0.0,0.0,0.0,1.0,0.0422554059255583,0.0,0.0,0.0,0.0,0.0,1.0,-0.0033233782824953193,-0.2905169999860245,0.31799999925088485,-6.345234634674718e-11,-1.871633605676285e-12,6.156448460193493e-12,1.0,-0.0037025498442258874,-0.2904817958429505,0.3190843299886906,-0.010098911335737615,-0.0002533961437425295,0.0023410457211626803,0.999946232197091,0.08745313959406575,-4.963028655253302e-05,0.008330994549899122,1.4766234447991988,0.08784337022149538,1.476261096115113,0.0817136543383687,-0.0005037933753239607,0.00877869405472883,1.2166850685210397,0.08212616610906096,1.2166850685210397,0.04867915323327481,0.003559147104255323,-0.003533646641503757,0.7999993770813457,0.04844321078446029,0.7999993770813457,0.0,True,False,True,0.0011492534767687619,0.020739968001832063
2.7399999999999856,1786130184.7357707,0.01701199999661185,TELEOP,0,,0.0,0.04349999999999964,0.0,0.0,0.0,0.0,0.0,1.0,0.04250540592581698,0.0,0.0,0.0,0.0,0.0,1.0,-0.0033033782823634118,-0.2905169999860082,0.31799999925183037,-6.336897538043353e-11,-1.871913884643086e-12,6.1428056435605105e-12,1.0,-0.0036450915821532696,-0.290482836060646,0.3190614748550464,-0.009872652785737011,-0.00024513807720619255,0.002243953142555505,0.9999487163392878,0.08758220426282903,-3.938092685410115e-05,0.008320852972147916,1.476760894350549,0.08797186956174634,1.4763980055000363,0.08220063372859358,-0.00046794277375391364,0.008743122841886011,1.224685062810952,0.08261082403745104,1.224685062810952,0.04869793902248825,0.0035850601570047813,-0.0035571212842818553,0.7999994289912336,0.048465792839009,0.7999994289912336,0.0,True,False,True,0.0011156458260900824,0.02025519161380457
2.7499999999999853,1786130184.748211,0.013629799999762326,TELEOP,0,,0.0,0.043749999999999636,0.0,0.0,0.0,0.0,0.0,1.0,0.042755405926060364,0.0,0.0,0.0,0.0,0.0,1.0,-0.0032633782820982206,-0.29051699998594566,0.31799999925374844,-6.320794345828762e-11,-1.872204490019936e-12,6.12431471571633e-12,1.0,-0.0035877443544177568,-0.29048387992371194,0.31903801754773137,-0.009641622800750886,-0.00023657245051547583,0.0021479714675169837,0.9999511834893834,0.0878403178747312,-1.8828886513136354e-05,0.00830051471741278,1.477034598744122,0.08822885735771598,1.476670629653252,0.08268619597620346,-0.00043196087587553183,0.00870744222924903,1.2326850575767048,0.08309410792542156,1.2326850575767048,0.04855622476098758,0.003598189787838256,-0.003568061263698111,0.7999994765752975,0.04832838879705335,0.7999994765752975,0.0,True,False,True,0.0010880221808573507,0.01976196491729691
2.759999999999985,1786130184.761118,0.012432200004695915,TELEOP,0,,0.0,0.04399999999999963,0.0,0.0,0.0,0.0,0.0,1.0,0.04300540592628936,0.0,0.0,0.0,0.0,0.0,1.0,-0.003203378281695365,-0.29051699998575076,0.3179999992567149,-6.298366152839614e-11,-1.879894824345687e-12,6.124296979252776e-12,1.0,-0.0035305912858044214,-0.2904849267632972,0.3190139501402419,-0.009405750951294548,-0.00022769204121488455,0.002053141421110363,0.9999536312328094,0.08822744908210389,1.2132455447781816e-05,0.00826986963836877,1.4774421946045366,0.08861431183947055,1.4770766053842652,0.0831697756275257,-0.00039589348801949225,0.008671696302450686,1.2406850527786448,0.08357545290546432,1.2406850527786448,0.04835796513222503,0.0036067387856040353,-0.0035745926798345603,0.7999995201940227,0.048134498004277375,0.7999995201940227,0.0,True,False,True,0.0010659237476770298,0.019260140172553907
2.769999999999985,1786130184.7769492,0.012933000005432405,TELEOP,0,,0.0,0.04424999999999962,0.0,0.0,0.0,0.0,0.0,1.0,0.04325540592650482,0.0,0.0,0.0,0.0,0.0,1.0,-0.0031233782812067033,-0.29051699998588876,0.31799999926020023,-6.26249755764396e-11,-1.8733839569667156e-12,6.016136963956435e-12,1.0,-0.003473563059253405,-0.2904859760602209,0.318989282641089,-0.00916512616587929,-0.0002184990380606001,0.001959532868178051,0.9999560555101772,0.08874355111480246,5.3662981459653134e-05,0.008228752642124833,1.4779802008674436,0.08912820034731644,1.4776124519057072,0.08365176374878829,-0.00035970979589118417,0.008635853205244385,1.2486850483804233,0.08405524654996083,1.2486850483804233,0.048198812126259594,0.0036183692128308833,-0.0035843097206301887,0.7999995601778541,0.04797936444965157,0.7999995601778541,0.0,True,False,True,0.0010498921232403743,0.01874989303297859
2.7799999999999847,1786130184.792941,0.01581889999215491,TELEOP,0,,0.0,0.04449999999999962,0.0,0.0,0.0,0.0,0.0,1.0,0.04350540592670754,0.0,0.0,0.0,0.0,0.0,1.0,-0.0030233782805844547,-0.29051699998582176,0.3179999992647654,-6.221947506889147e-11,-1.8741546383844882e-12,5.948322750144545e-12,1.0,-0.003416451732833445,-0.2904870274232831,0.3189640395391728,-0.00891996607747873,-0.00020900313691040313,0.0018672364312815736,0.9999584511123325,0.08938856206758924,0.00010597577034406702,0.008176943824357363,1.478644092931075,0.08977047932002562,1.4782736449853289,0.08413342507049289,-0.00032330748389693484,0.008599810162104671,1.25668504434872,0.08453474650720808,1.25668504434872,0.04816613217046085,0.0036402311994250115,-0.003604304313971438,0.7999995968296996,0.0479499957247256,0.7999995968296996,0.0,True,False,True,0.0010415271211291332,0.018231659238263708
2.7899999999999845,1786130184.8088121,0.01599749999877531,TELEOP,0,,0.0,0.044749999999999616,0.0,0.0,0.0,0.0,0.0,1.0,0.04375540592689828,0.0,0.0,0.0,0.0,0.0,1.0,-0.002903378279856461,-0.2905169999857422,0.3179999992701637,-6.173993450098429e-11,-1.8751422324078613e-12,5.868906530699827e-12,1.0,-0.003358924323764686,-0.2904880806245877,0.3189382565595126,-0.00867058822325107,-0.0001992197052914148,0.0017763561561407715,0.9999608121172442,0.09016240524843953,0.00016933702776090448,0.008114168655350225,1.4794283965776145,0.09054109426741364,1.479054710867075,0.0846168158666245,-0.00028651755546013803,0.008563398195429695,1.2646850406529921,0.08501599888301947,1.2646850406529921,0.048339079613163166,0.003678992843679759,-0.003641196667497738,0.7999996304272246,0.04812523758114121,0.7999996304272246,0.0,True,False,True,0.0010434008187586977,0.01770607537785642
2.7999999999999843,1786130184.8250015,0.015865200010011904,TELEOP,0,,0.0,0.04499999999999961,0.0,0.0,0.0,0.0,0.0,1.0,0.04400540592707774,0.0,0.0,0.0,0.0,0.0,1.0,-0.0027983782787798575,-0.290516999985673,0.3179999992748176,-6.132650129105168e-11,-1.8758263635909446e-12,5.801118166843688e-12,1.0,-0.003300784759315667,-0.2904891351483097,0.3189119519696163,-0.008417154869336103,-0.00018915482032053253,0.0016869656264526674,0.9999631342561258,0.0908393668933858,0.00022530224720732208,0.008058699825557913,1.4801038493591154,0.09121527505970865,1.4797273315140744,0.08510313625631989,-0.0002492391502078837,0.00852651570952019,1.2726850372652416,0.08550019742318471,1.2726850372652416,0.048632038969539354,0.0037278405252255146,-0.003688248590950552,0.7999996612249558,0.048419854016524703,0.7999996612249558,0.0,True,False,True,0.0010415596182630613,0.01717346088915137
2.809999999999984,1786130184.838677,0.01624430000083521,TELEOP,0,,0.0,0.0452499999999996,0.0,0.0,0.0,0.0,0.0,1.0,0.04425540592724659,0.0,0.0,0.0,0.0,0.0,1.0,-0.0027783782786630178,-0.290516999985658,0.31799999927569933,-6.124876746426682e-11,-1.876409916899368e-12,5.788950357183755e-12,1.0,-0.0032424601673523186,-0.2904901891487175,0.3188850794060799,-0.008159253357828702,-0.00017878121537827927,0.001599043565243675,0.9999654182428492,0.09096829604746405,0.0002360177353083285,0.008048077169439874,1.480231382579858,0.09134367908848917,1.479854325376965,0.08558966022320139,-0.00021169743924389912,0.008489384274241474,1.2806850341598035,0.08598462581878968,1.2806850341598035,0.04865239668815007,0.003754171096398535,-0.0037131435278715576,0.7999996894562095,0.04844283956049797,0.7999996894562095,0.0,True,False,True,0.0009997287920138038,0.016632968697057056
2.819999999999984,1786130184.8530445,0.013631099995109253,TELEOP,0,,0.0,0.045499999999999596,0.0,0.0,0.0,0.0,0.0,1.0,0.044505405927405456,0.0,0.0,0.0,0.0,0.0,1.0,-0.0027383782784288417,-0.2905169999855988,0.31799999927748224,-6.109881397069842e-11,-1.8786071678871387e-12,5.771800713576136e-12,1.0,-0.003184198685336795,-0.29049124138202453,0.3188576146473919,-0.007896667761588727,-0.0001680833380232939,0.001512605794707905,0.9999676626821312,0.09122613911761608,0.00025750192974152995,0.008026777002177696,1.4804853820786557,0.09160047623612672,1.480107246252612,0.08607478274072063,-0.0001740258752422923,0.008452134574735542,1.288685031313152,0.08646768414265908,1.288685031313152,0.048512251751925556,0.0037671564001607607,-0.0037249699505932177,0.7999997153348587,0.04830583238694052,0.7999997153348587,0.0,True,False,True,0.0009669144034395772,0.016084151618916184
2.8299999999999836,1786130184.8678026,0.014365299997734837,TELEOP,0,,0.0,0.0457499999999996,0.0,0.0,0.0,0.0,0.0,1.0,0.044755405927554934,0.0,0.0,0.0,0.0,0.0,1.0,-0.0026783782780752745,-0.29051699998542263,0.31799999928020634,-6.089052841002435e-11,-1.8905326692344307e-12,5.769264207669417e-12,1.0,-0.0031260832602447606,-0.2904922910308837,0.3188295519784145,-0.0076293466582459035,-0.00015705532645575018,0.001427696547698226,0.9999698645888088,0.09161286570875089,0.00028986124867523956,0.00799468965509281,1.4808637363927377,0.09198564467350394,1.4804839828634806,0.08655793729128014,-0.00013627216988028107,0.008414812316024253,1.2966850287037213,0.08694880677655911,1.2966850287037213,0.048315455055952784,0.0037753705362012055,-0.0037322258711290127,0.7999997390569538,0.04811226339000441,0.7999997390569538,0.0,True,False,True,0.0009429782407872625,0.0155268959104072
2.8399999999999834,1786130184.880994,0.01475390000268817,TELEOP,0,,0.0,0.04599999999999959,0.0,0.0,0.0,0.0,0.0,1.0,0.04500540592769557,0.0,0.0,0.0,0.0,0.0,1.0,-0.002598378277599879,-0.2905169999849998,0.3179999992839713,-6.064961815883629e-11,-1.898732999767283e-12,5.81075407720838e-12,1.0,-0.0030680454020538565,-0.2904933375942489,0.318800900747168,-0.007357372593641453,-0.00014569904535282016,0.0013443807960198998,0.9999720198488465,0.09212843042509342,0.00033325527445571826,0.007951650725729143,1.4813633335190648,0.09249915163176094,1.4809814234848593,0.08703951294272229,-9.84039993794375e-05,0.008377383845606299,1.304685026311743,0.0874283799191286,1.304685026311743,0.048157565144215944,0.0037868170500844375,-0.003742847041795421,0.7999997608022076,0.04795731425694976,0.7999997608022076,0.0,True,False,True,0.0009287573796635378,0.01496135854303607
2.849999999999983,1786130184.8968287,0.013193099992349744,TELEOP,0,,0.0,0.04624999999999958,0.0,0.0,0.0,0.0,0.0,1.0,0.045255405927827896,0.0,0.0,0.0,0.0,0.0,1.0,-0.0024983782770858897,-0.2905169999854783,0.3179999992877682,-6.017585439186946e-11,-1.878341273375927e-12,5.615880285871131e-12,1.0,-0.003009878799357015,-0.29049438084114937,0.31877168212630796,-0.007080933346284974,-0.0001340221916627142,0.001262737561597268,0.9999741236226306,0.09277277308977167,0.00038789670714781235,0.007897441196158064,1.4819801246643844,0.09314095336629041,1.4815955196950967,0.08752077159645433,-6.0314421513891735e-05,0.008339741479324229,1.3126850241190966,0.08790765928208924,1.3126850241190966,0.048125865373204464,0.0038089577865546573,-0.0037642366282070764,0.7999997807353569,0.04792793629606632,0.7999997807353569,0.0,True,False,True,0.0009260879079604881,0.014387908405191108
2.859999999999983,1786130184.9129655,0.015842600012547337,TELEOP,0,,0.0,0.046499999999999576,0.0,0.0,0.0,0.0,0.0,1.0,0.0455054059279524,0.0,0.0,0.0,0.0,0.0,1.0,-0.0023783782764398376,-0.29051699998540165,0.31799999929280903,-5.972790724983823e-11,-1.8794241576518783e-12,5.545074025063312e-12,1.0,-0.0029512527140683363,-0.29049542082153706,0.31874192608870994,-0.006800295078060979,-0.00012203648382947117,0.0011828541700945104,0.9999761706910621,0.09354581902115212,0.0004540512806465996,0.007831787565786091,1.4827092058411158,0.09391099510123414,1.4823213679737486,0.08800376596949132,-2.1826991094360346e-05,0.008301708519166095,1.3206850221091706,0.0883886885302139,1.3206850221091706,0.04829943730369978,0.003848743041953221,-0.003803296015813526,0.7999997990074105,0.048102924812466974,0.7999997990074105,0.0,True,False,True,0.0009376066083795729,0.013807071569264754
2.869999999999983,1786130184.928669,0.01613389998965431,TELEOP,0,,0.0,0.04674999999999957,0.0,0.0,0.0,0.0,0.0,1.0,0.045755405928069544,0.0,0.0,0.0,0.0,0.0,1.0,-0.0022733782755911,-0.2905169999853351,0.317999999297157,-5.934152028394466e-11,-1.88019091733415e-12,5.484665076383495e-12,1.0,-0.002891972317130887,-0.2904964571393316,0.31871164767041305,-0.0065155911598464,-0.00010974575283096094,0.0011047957137666315,0.9999781569885106,0.09422208705734014,0.0005124597328671917,0.007773802131992461,1.4833374664668568,0.09458467378037468,1.4829468007327686,0.08848969359677417,1.716347792883189e-05,0.008263178955776877,1.3286850202667384,0.08887265968300984,1.3286850202667384,0.04859276272828648,0.0038990469023193067,-0.003852956338921866,0.7999998157567929,0.04839711527959526,0.7999998157567929,0.0,True,False,True,0.00094314580204146,0.013219104543499198
2.8799999999999826,1786130184.9418514,0.015686200000345707,TELEOP,0,,0.0,0.04699999999999957,0.0,0.0,0.0,0.0,0.0,1.0,0.04600540592817976,0.0,0.0,0.0,0.0,0.0,1.0,-0.00225337827548736,-0.2905169999853203,0.31799999929798006,-5.926892259529444e-11,-1.8801559251698164e-12,5.473773847058396e-12,1.0,-0.002832462344559153,-0.2904974874346643,0.31868080912617947,-0.006226485317427009,-9.712801960537503e-05,0.001028562325596786,0.9999800815547688,0.09435088450066867,0.0005236405032860392,0.007762700332446097,1.4834561273417444,0.09471298210424428,1.4830649230638973,0.08897582996972717,5.642194276507197e-05,0.00822438464334141,1.3366850185778423,0.08935685770099802,1.3366850185778423,0.04861363729530045,0.0039258464836240915,-0.0038794312435469743,0.7999998311103935,0.04841980179881958,0.7999998311103935,0.0,True,False,True,0.0008939916782939026,0.01262331524783809
2.8899999999999824,1786130184.9543567,0.01318100000207778,TELEOP,0,,0.0,0.04724999999999956,0.0,0.0,0.0,0.0,0.0,1.0,0.04625540592828346,0.0,0.0,0.0,0.0,0.0,1.0,-0.002213378275280017,-0.29051699998526537,0.31799999929963696,-5.912885899861814e-11,-1.8811177973528467e-12,5.458063352558208e-12,1.0,-0.0027729697778068156,-0.2904985101509726,0.31864939150998983,-0.005932808399994095,-8.417112474928393e-05,0.0009541808431260035,0.9999819419562682,0.09460846452756107,0.0005460551719682974,0.007740442075224459,1.4836924924302424,0.09496958777624602,1.4833002111586833,0.08946057049603015,9.580909962331436e-05,0.008185462477996973,1.3446850170296873,0.08983968317634308,1.3446850170296873,0.04847405263029896,0.003938715685824323,-0.0038922165344437197,0.7999998451845274,0.04828254753450684,0.7999998451845274,0.0,True,False,True,0.0008574349926025666,0.012019350306809111
2.899999999999982,1786130184.9672256,0.012499400007072836,TELEOP,0,,0.0,0.047499999999999556,0.0,0.0,0.0,0.0,0.0,1.0,0.04650540592838103,0.0,0.0,0.0,0.0,0.0,1.0,-0.0021533782749685263,-0.29051699998509906,0.3179999993021638,-5.89355901703563e-11,-1.882627246355349e-12,5.453777110899349e-12,1.0,-0.0027135774351039798,-0.29049952433382314,0.3186173912534183,-0.005634528050094139,-7.087070163278134e-05,0.0008816978967852266,0.9999837347076278,0.09499479748059168,0.0005798099783696563,0.00770691807731783,1.4840446678228827,0.09535446882871208,1.4836507712956368,0.08994334811031178,0.00013527511062355274,0.008146460601426523,1.3526850156105454,0.09032057031799529,1.3526850156105454,0.04827776142816401,0.003946601100023922,-0.0039001876570450363,0.7999998580858168,0.048088714165220856,0.7999998580858168,0.0,True,False,True,0.0008338472994966208,0.01140713325204962
2.909999999999982,1786130184.9801538,0.01290319999679923,TELEOP,0,,0.0,0.04774999999999955,0.0,0.0,0.0,0.0,0.0,1.0,0.04675540592847283,0.0,0.0,0.0,0.0,0.0,1.0,-0.0020733782745531123,-0.29051699998470476,0.3179999993056069,-5.87109729230432e-11,-1.9073156519088686e-12,5.485655461989595e-12,1.0,-0.0026542175271044265,-0.2905005294950057,0.3185848169434905,-0.005331720127214943,-5.722822580629164e-05,0.0008111739189774875,0.999985455635375,0.09550983902428584,0.0006250642417388996,0.0076619644956225025,1.4845098604589462,0.09586759226798768,1.4841138106968992,0.0904245504436392,0.00017485360078429443,0.008107344324946638,1.3606850143096652,0.0907999045169403,1.3606850143096652,0.048120233332743435,0.0039578490160742524,-0.00391162764798852,0.7999998699119987,0.04793341989450273,0.7999998699119987,0.0,True,False,True,0.0008244132361352788,0.010786806594741275
2.9199999999999817,1786130184.9967916,0.012901399997645058,TELEOP,0,,0.0,0.04799999999999954,0.0,0.0,0.0,0.0,0.0,1.0,0.0470054059285592,0.0,0.0,0.0,0.0,0.0,1.0,-0.0019733782740854774,-0.2905169999851474,0.31799999930926587,-5.826527311032523e-11,-1.882487655747468e-12,5.319278473845284e-12,1.0,-0.0025946850862151394,-0.29050152554066466,0.31855168631026687,-0.00502454197735874,-4.324915060293694e-05,0.0007426780339370836,0.9999871001851808,0.09615353031223906,0.0006820303208352627,0.007605363019071571,1.4850844334448485,0.09650891401905898,1.4846856928478427,0.09090543716494351,0.00021465594398755038,0.008068001756882612,1.3686850131171917,0.09127894009862683,1.3686850131171917,0.04808867213043138,0.003980234320325681,-0.003934256806402717,0.7999998807526655,0.04790355816865436,0.7999998807526655,0.0,True,False,True,0.0008310355950885918,0.010158677967846447
2.9299999999999815,1786130185.0155761,0.016652799997245893,TELEOP,0,,0.0,0.04824999999999954,0.0,0.0,0.0,0.0,0.0,1.0,0.04725540592864047,0.0,0.0,0.0,0.0,0.0,1.0,-0.0018533782735107016,-0.2905169999850735,0.3179999993139834,-5.78459366467851e-11,-1.883188060281788e-12,5.255997448967703e-12,1.0,-0.0025346511872144494,-0.29050251275689715,0.31851802343154045,-0.004713207615796493,-2.8941140792234987e-05,0.0006762837833429345,0.9999886636740565,0.09692579819549904,0.0007509735359741428,0.007536840983214791,1.4857639768793107,0.09727837884550854,1.485362008324643,0.09138805805551797,0.0002548658529793307,0.008028249119673451,1.376685012024091,0.09175971881758171,1.376685012024091,0.04826208905744788,0.004020990899178118,-0.003975263720916254,0.7999998906899434,0.0480778718954899,0.7999998906899434,0.0,True,False,True,0.0008559740937069422,0.009523170516627136
2.9399999999999813,1786130185.0318906,0.018777600009343587,TELEOP,0,,0.0,0.04849999999999954,0.0,0.0,0.0,0.0,0.0,1.0,0.04750540592871693,0.0,0.0,0.0,0.0,0.0,1.0,-0.0017483782728258757,-0.29051699998500935,0.3179999993180539,-5.7484076977417794e-11,-1.8837630489211176e-12,5.201985633700407e-12,1.0,-0.0024739219647032405,-0.2905034908380174,0.3184838400196488,-0.004397821132298228,-1.4305558849778095e-05,0.000612049414544309,0.999990142131488,0.09760138848374408,0.0008118212331002506,0.007476347345537576,1.4863498690050023,0.09795155183224322,1.4859450769268756,0.09187360866651836,0.00029559268191708005,0.007987976551022442,1.384685011022082,0.09224343148366995,1.384685011022082,0.04855506110003979,0.004072682893775024,-0.004027256865100923,0.7999998997991148,0.04837126660882511,0.7999998997991148,0.0,True,False,True,0.000872180010316298,0.00888048847861306
2.949999999999981,1786130185.0449355,0.016304299992043525,TELEOP,0,,0.0,0.04874999999999953,0.0,0.0,0.0,0.0,0.0,1.0,0.04775540592878887,0.0,0.0,0.0,0.0,0.0,1.0,-0.0017283782727335415,-0.2905169999849953,0.31799999931882444,-5.741603019673503e-11,-1.8839360455797705e-12,5.192186639623648e-12,1.0,-0.0024129201883350618,-0.2905044569588939,0.3184491070103825,-0.004078123531524187,6.736992280605734e-07,0.0005499920939767953,0.9999915331725086,0.09773005714057455,0.0008234665366859223,0.007464767961716388,1.4864605608401114,0.09807976373386429,1.4860552310478439,0.09235936650767189,0.00033659139910146717,0.007947426636777727,1.3926850101035737,0.0927273648459883,1.3926850101035737,0.04857578411535327,0.0040998717184388,-0.0040549914244717164,0.7999999081491885,0.048393336231835754,0.7999999081491885,0.0,True,False,True,0.0008188117490215741,0.008230110182643682
2.959999999999981,1786130185.0597143,0.013066800005617552,TELEOP,0,,0.0,0.04899999999999952,0.0,0.0,0.0,0.0,0.0,1.0,0.04800540592885656,0.0,0.0,0.0,0.0,0.0,1.0,-0.0016883782725494532,-0.2905169999849431,0.3179999993203706,-5.728500477808869e-11,-1.883683988794245e-12,5.177712260605967e-12,1.0,-0.0023518658632544365,-0.2905054074367006,0.3184138805149059,-0.0037546304352380597,1.4563824010457528e-05,0.0004902620648878831,0.999992831064952,0.09798737988153196,0.0008468101910948716,0.007441554694427595,1.4866810835401103,0.09833617646213469,1.486274678415716,0.09284372795493664,0.00037771674257599836,0.00790674288245375,1.400671093104917,0.09320992050878113,1.4006682708471088,0.048436144726476664,0.004112534347453209,-0.0040683754323977755,0.798608300134351,0.048255566279284436,0.7983260743535217,0.0,True,False,True,0.0007820791605612632,0.007573080427972537
2.9699999999999807,1786130185.0730965,0.014766699998290278,TELEOP,0,,0.0,0.049249999999999516,0.0,0.0,0.0,0.0,0.0,1.0,0.04825540592892025,0.0,0.0,0.0,0.0,0.0,1.0,-0.0016283782722743508,-0.29051699998479075,0.3179999993227152,-5.7104083707970154e-11,-1.8932012348370067e-12,5.1720521203965585e-12,1.0,-0.002290806482210729,-0.29050633871179316,0.31837826191761687,-0.003428264516583745,2.7322820368999434e-05,0.0004330434303402542,0.9999940293468033,0.09837332760756085,0.0008819582762516711,0.007406598571073127,1.4870097320559839,0.0987207678451713,1.4866017141743246,0.09332612594585034,0.00041891665141151075,0.007865976216605517,1.4086232600261122,0.09369053297284394,1.4086147932526871,0.04823979909137042,0.0041199908835513254,-0.004076666584823394,0.7952166921195136,0.048061246406281684,0.7946522405578549,0.0,True,False,True,0.0007628940862027771,0.0069112424007400424
2.9799999999999804,1786130185.086362,0.013373499998124316,TELEOP,0,,0.0,0.04949999999999952,0.0,0.0,0.0,0.0,0.0,1.0,0.04850540592898017,0.0,0.0,0.0,0.0,0.0,1.0,-0.0015483782719098109,-0.2905169999844292,0.31799999932589196,-5.689553898504062e-11,-1.8958965484930894e-12,5.19673504390293e-12,1.0,-0.002229642501559996,-0.2905072480539151,0.3183423650779394,-0.0031000538759066785,3.890305144002899e-05,0.00037850192039471536,0.9999951224325123,0.09888785678212042,0.0009290698761047945,0.007359736198114269,1.4874439904306245,0.09923350456892,1.4870338226573359,0.09380694723499532,0.000460225965237767,0.007825091217227336,1.4165215108671587,0.09416958725654093,1.4165045773203089,0.04808212891449933,0.004130931382625718,-0.004088499937818144,0.7898250841046763,0.04790542836969992,0.7889784067621881,0.0,True,False,True,0.0007625158089670129,0.0062466447150542545
2.9899999999999802,1786130185.1026304,0.013267500005895272,TELEOP,0,,0.0,0.04974999999999951,0.0,0.0,0.0,0.0,0.0,1.0,0.04875540592903655,0.0,0.0,0.0,0.0,0.0,1.0,-0.001448378271484625,-0.2905169999848281,0.3179999993293993,-5.647533402214019e-11,-1.885927453945553e-12,5.053931193950692e-12,1.0,-0.0021681406589159325,-0.29050813347593507,0.31830631349186506,-0.0027711069132897582,4.9253046867029725e-05,0.0003267808438349659,0.9999961058698642,0.09953090955422822,0.000988357042827401,0.007300749833269068,1.4879805800272412,0.09987434210570154,1.487567725618218,0.09428744982170623,0.0005017604131728744,0.007783972041519849,1.4243458456280569,0.09464833670304901,1.424317623049974,0.04805025867109168,0.00415344479351082,-0.004111917570748762,0.7824334760898392,0.04787494465080869,0.7813045729665214,0.0,True,False,True,0.0007822818388968594,0.005581492635592743
2.99999999999998,1786130185.1186767,0.01627489998645615,TELEOP,0,,0.0,0.0499999999999995,0.0,0.0,0.0,0.0,0.0,1.0,0.04900540592908959,0.0,0.0,0.0,0.0,0.0,1.0,-0.001328378270972141,-0.29051699998475666,0.3179999993338229,-5.6081968631396216e-11,-1.886645726936148e-12,4.997221118067648e-12,1.0,-0.002105947063697839,-0.29050899370169214,0.31827023772024293,-0.0024425895916437694,5.831915318924351e-05,0.00027799804387206836,0.9999969765314547,0.1003024139099504,0.0010600847247360771,0.007229367482455484,1.4886155213176697,0.10064322461371054,1.4881994440219277,0.09476968111013737,0.0005437109092770227,0.007742428043238928,1.4320762643088067,0.09512882152839433,1.4320339304416823,0.048223128843114714,0.004195049610414919,-0.004154399828092173,0.773041868075002,0.048048482534534025,0.7716307391708549,0.0,True,False,True,0.0008232290771615857,0.0049181052697915865
3.00999999999998,1786130185.1356852,0.016077500011306256,TELEOP,0,,0.0,0.04975000000000051,0.0002499999999994951,0.0,0.0,0.0,0.0,1.0,0.04915496981007757,5.0212457192002525e-05,0.0,0.0,0.0,0.0,1.0,-0.001227349397029541,-0.2905106678160699,0.3179999993375427,-5.575247640076258e-11,-1.887322653134484e-12,4.950284491787291e-12,1.0,-0.0020428727394029324,-0.2905097828856966,0.3182342605966408,-0.0021155939058026137,6.605060129997375e-05,0.00023223362831170823,0.9999977329810732,0.1009559340875295,0.0010777403049817488,0.00721204898972301,1.4891454104735886,0.10129455861456207,1.4887266006012783,0.09525468654798669,0.000585874068175997,0.0077006628569431124,1.4396927669094082,0.09561208357028149,1.439633499495434,0.048500543784933015,0.004216315889897513,-0.004176518629581657,0.7616502600601649,0.048326204188717116,0.7599569053751885,0.0,True,False,True,0.0008485030598482574,0.004258656750136856
3.0199999999999796,1786130185.1497457,0.016976200000499375,TELEOP,0,,0.0,0.049500000000000516,0.0004999999999994898,0.0,0.0,0.0,0.0,1.0,0.04922427398921892,0.0001405527101014094,0.0,0.0,0.0,0.0,1.0,-0.0011455933708101617,-0.290498991739801,0.3179999993407848,-5.5617834071797785e-11,-1.9123960597803925e-12,5.0124843723322005e-12,1.0,-0.0019788830918780497,-0.2905104215030696,0.31819849978445597,-0.001791160626434183,7.239772030808166e-05,0.00018953371806537528,0.9999983752882552,0.10148901803419835,0.0010476376751244808,0.007242478593864989,1.4895721370359967,0.1018258841651261,1.4891510952980593,0.09574256883466947,0.0006277303222149767,0.00765919626767835,1.4471753534298613,0.09609822516836447,1.4470963302112292,0.048788228668280025,0.0041856254038980575,-0.004146658926476327,0.7482586520453279,0.04861415980829944,0.746283071579522,0.0,True,False,True,0.0008566824527579733,0.0036052318475227572
3.0299999999999794,1786130185.1626444,0.014060099987545982,TELEOP,0,,0.0,0.049250000000000516,0.0007499999999994845,0.0,0.0,0.0,0.0,1.0,0.049229441367240494,0.0002629614139746732,0.0,0.0,0.0,0.0,1.0,-0.0010830249864556105,-0.2904816734659483,0.3179999993430246,-5.53396379163805e-11,-1.8946766211696738e-12,4.920915296529456e-12,1.0,-0.0019140844952159957,-0.2905107977027258,0.3181630702687495,-0.001470301498699495,7.73102426709042e-05,0.00014991382106810874,0.9999989048806381,0.10190249376705181,0.0009675894240335771,0.007322844659612866,1.489899451531224,0.10223801378394615,1.4894766752563373,0.09623257152060358,0.0006684586877355594,0.007618849452462974,1.454504023870166,0.09658649238754874,1.4544024225890675,0.049000268593411084,0.004072836552058361,-0.004034681521537666,0.7328670440304911,0.04882672191842842,0.7306092377838557,0.0,True,False,True,0.0008474079626046194,0.002959891186906232
3.039999999999979,1786130185.1757107,0.012896300002466887,TELEOP,0,,0.0,0.04900000000000052,0.0009999999999994792,0.0,0.0,0.0,0.0,1.0,0.049183355768274276,0.00041099781232942836,0.0,0.0,0.0,0.0,1.0,-0.0010395343885068978,-0.29045835202041065,0.31799999934469014,-5.5156222882039835e-11,-1.889442548799712e-12,4.876013903643181e-12,1.0,-0.0018487109266723226,-0.2905107683959426,0.3181280865491781,-0.0011540187713781752,8.073580857177544e-05,0.00011336170769537191,0.9999993244355357,0.10219735424606256,0.0008350464571262625,0.007455687274824738,1.4901305593497483,0.1025319267933516,1.489706542294241,0.09672316275163663,0.0007069498823057513,0.007580731801170836,1.4616587782303225,0.09707535841073017,1.4615317766289493,0.04905912310330668,0.003849119457019268,-0.003811765129213862,0.7154754360156542,0.048886602318144706,0.7129354039881894,0.0,True,False,True,0.0008209265973854375,0.0023247614524195435
3.049999999999979,1786130185.1886632,0.013066600004094653,TELEOP,0,,0.0,0.04875000000000053,0.0012499999999994738,0.0,0.0,0.0,0.0,1.0,0.049096312723049366,0.0005795146840708287,0.0,0.0,0.0,0.0,1.0,-0.0010150133661740674,-0.2904286937614423,0.3179999993457366,-5.505219807212635e-11,-1.888017047868735e-12,4.856274898216895e-12,1.0,-0.0017831109180383813,-0.2905101607134838,0.3180936645023174,-0.0008433217795901215,8.261869476936414e-05,7.983986689923716e-05,0.9999996378039959,0.10237452787416047,0.0006476959302168877,0.007643298058121947,1.4902680162475375,0.10270854016744367,1.4898432494800873,0.09721211697121224,0.0007418219915500323,0.007546225108715203,1.4686196165103305,0.09756260491640144,1.4684643923308744,0.04889542195756157,0.0034872109244281817,-0.0034506692455633318,0.6960838280008175,0.04872465056712814,0.6932615701925233,0.0,True,False,True,0.0007780641843782497,0.0017022243783950549
3.0599999999999787,1786130185.2018993,0.01296629999706056,TELEOP,0,,0.0,0.048500000000000536,0.0014999999999994686,0.0,0.0,0.0,0.0,1.0,0.048976539485630334,0.0007643985659298435,0.0,0.0,0.0,0.0,1.0,-0.001009359005207092,-0.29039239855351484,0.3179999993461591,-5.501414591438187e-11,-1.887348731567512e-12,4.8516096591633186e-12,1.0,-0.001717734899542527,-0.2905087738244644,0.318059922900799,-0.0005392404821972692,8.28987832153633e-05,4.9287644892950684e-05,0.9999998499590999,0.10243484891672325,0.0004035003853009124,0.007887679739723612,1.4903137651976313,0.1027686787437232,1.4898887381693797,0.09769659397766703,0.0007714386360916712,0.007516965186679542,1.4753665387101902,0.09804540083706761,1.4751802696948428,0.04844770064548076,0.0029616644541639557,-0.002925992203566114,0.6746922199859808,0.04827959206661869,0.6715877363968573,0.0,True,False,True,0.0007203682695432862,0.0010955943562420303
3.0699999999999785,1786130185.2154796,0.013233899997430854,TELEOP,0,,0.0,0.04825000000000054,0.0017499999999994631,0.0,0.0,0.0,0.0,1.0,0.04883061056286629,0.0009623621428308381,0.0,0.0,0.0,0.0,1.0,-0.0010224727595716985,-0.29034919264023207,0.31799999934600004,-5.502773006188278e-11,-1.8900130135759027e-12,4.861106537343082e-12,1.0,-0.0016531229677540997,-0.29050638101381043,0.3180269845842717,-0.00024283592579332517,8.151078018931723e-05,2.1623175213297267e-05,0.9999999669595716,0.10237906638080561,0.00010064895998770848,0.00819059394841779,1.49026918855016,0.10271308383438713,1.4898443901653842,0.09817321506971684,0.0007939289652818964,0.007494821568992257,1.4818795448299016,0.0985203782296041,1.4816594087208546,0.0476621092049814,0.002249032919022556,-0.0022143617687285034,0.6513006119711443,0.04749773925365015,0.6479139026011913,0.0,True,False,True,0.0006505044757365593,0.0005141238398569291
3.0799999999999783,1786130185.22843,0.013568000009399839,TELEOP,0,,0.0,0.04800000000000054,0.001999999999999458,0.0,0.0,0.0,0.0,1.0,0.04866377975375877,0.0011707783305748495,0.0,0.0,0.0,0.0,1.0,-0.0010542580791529934,-0.2902988192551006,0.31799999934535494,-5.505574480857934e-11,-1.8930444796434962e-12,4.894416165890809e-12,1.0,-0.0015898930913860014,-0.29050273190493653,0.31799497728256587,4.4792343843304246e-05,7.838369345599654e-05,-3.2547902001474983e-06,0.9999999959195245,0.10220786394437857,-0.0002625058590679479,0.008553623552061771,1.4901351566587464,0.10254243289698838,1.4897110762830983,0.09863813613239208,0.0008072087474260625,0.007481876044328007,1.4881386348694645,0.09898370510795272,1.4878818094089097,0.04649210626752585,0.0013279782144166377,-0.0012945524664250965,0.6259090039563079,0.04633268783486285,0.6222400688055254,0.0,True,False,True,0.0005731583168790495,0.00018067602396566935
3.089999999999978,1786130185.2413642,0.012948099989444017,TELEOP,0,,0.0,0.04775000000000055,0.0022499999999994525,0.0,0.0,0.0,0.0,1.0,0.04848024547584733,0.0013875476786313725,0.0,0.0,0.0,0.0,1.0,-0.0011046171375678922,-0.2902410285776859,0.3179999993443755,-5.50309157214992e-11,-1.8685139472839015e-12,4.972190505813282e-12,1.0,-0.001528729757477638,-0.2904975547175208,0.31796403409609103,0.0003225018609775005,7.344057214267494e-05,-2.5465042832091353e-05,0.9999999449752803,0.1019218862840601,-0.0006875153183635645,0.008978238832455068,1.4899120719110481,0.10225736561241337,1.4894892002777642,0.09908711759367542,0.000809001852823565,0.007480400721636659,1.494123808828879,0.09943115516660882,1.493827471759008,0.04489814612833485,0.00017931053975025688,-0.0001475322691347925,0.5985173959414715,0.04474500586561088,0.5945662350098596,0.0,True,False,True,0.0004969614410288463,0.0006634741183703467
3.099999999999978,1786130185.2572181,0.012934600003063679,TELEOP,0,,0.0,0.047500000000000556,0.002499999999999447,0.0,0.0,0.0,0.0,1.0,0.04828336278393284,0.0016109924019319212,0.0,0.0,0.0,0.0,1.0,-0.0011734462952430209,-0.29017556616998114,0.3179999993418369,-5.5440094010886014e-11,-1.887923496599112e-12,4.908437304983025e-12,1.0,-0.001470373048226703,-0.2904905584485676,0.3179342936427948,0.0005891057116542333,6.659851131561778e-05,-4.514197344026652e-05,0.999999823240635,0.10152177461927668,-0.0011759110339519562,0.009465873119294962,1.4895999129906896,0.10185851916362645,1.4891787429570795,0.09951559127364071,0.0007968614155020018,0.007492836345264439,1.4998150667081454,0.09985817441480065,1.4994763957711499,0.04284736799653009,-0.001214043732156347,0.0012435623627780105,0.5691257879266352,0.042701924819183376,0.5648924012141939,0.0,True,False,True,0.00043783886430184387,0.0011891489505565813
3.1099999999999777,1786130185.2729914,0.01588800000899937,TELEOP,0,,0.0,0.04725000000000056,0.002749999999999442,0.0,0.0,0.0,0.0,1.0,0.048075812792438624,0.0018397716941309214,0.0,0.0,0.0,0.0,1.0,-0.001260629024085766,-0.29010215729005523,0.3179999993392086,-5.5689248074836616e-11,-1.8874496058973496e-12,4.943730600877223e-12,1.0,-0.001415627133430167,-0.2904814361060955,0.3179058222711152,0.0008440687828631505,5.9214986222483886e-05,-6.247817143607133e-05,0.999999640068912,0.10100822128649872,-0.00172930819053565,0.010018024659873165,1.4891982915362065,0.10134658246508628,1.4887793186134135,0.09991872429980929,0.000768189836804197,0.0075217716968857965,1.5052063245874117,0.10025994489265902,1.5048253197832917,0.04031330261685959,-0.0028671578697805405,0.002893535162135868,0.5391257879266358,0.04017704778583873,0.5348924012141946,0.0,True,False,True,0.00042041188654927235,0.0016968940029237734
3.1199999999999775,1786130185.2897248,0.015737599998828955,TELEOP,0,,0.0,0.04700000000000057,0.0029999999999994367,0.0,0.0,0.0,0.0,1.0,0.04785973644644815,0.0020728140486046816,0.0,0.0,0.0,0.0,1.0,-0.0013660229332372346,-0.29002048082804793,0.3179999993359394,-5.5997185257289745e-11,-1.8869193305436443e-12,4.987455400034896e-12,1.0,-0.0013653377192548108,-0.2904698654283491,0.31787865555641354,0.0010871327436035485,5.1247595960963304e-05,-7.768266256967718e-05,0.9999994047405657,0.10038206895595092,-0.002349576054684594,0.010636425239542136,1.4887065473876462,0.10072239483978643,1.488290269869685,0.1002914805783537,0.0007202564043069824,0.007569925307696043,1.510297582466678,0.10063144595532869,1.5098742437954336,0.03727562785444193,-0.00479334324972156,0.0048153610810247405,0.5091257879266364,0.037150106266968484,0.5048924012141952,0.0,True,False,True,0.0004654796465321472,0.0021822182379741964
3.1299999999999772,1786130185.30553,0.01675039999827277,TELEOP,0,,0.0,0.04675000000000057,0.0032499999999994313,0.0,0.0,0.0,0.0,1.0,0.047636845288096585,0.0023092631716566518,0.0,0.0,0.0,0.0,1.0,-0.0014894304321134552,-0.28993011468325575,0.3179999993320159,-5.636523882107117e-11,-1.8860509809183337e-12,5.03994726741949e-12,1.0,-0.0013203734511649942,-0.2904555091187814,0.3178528313913311,0.0013180188972357102,4.265075051236184e-05,-9.095585865561544e-05,0.9999991263666843,0.09964453359349418,-0.0030391936174671607,0.011323392281663808,1.4881239653487066,0.09998716784927392,1.487710883591516,0.10062868114629123,0.000650210132699994,0.007640131860480211,1.5150888403459444,0.10096751444259496,1.5146231678075754,0.033720056793752735,-0.007004627160698981,0.007020655278416913,0.47912578792663707,0.03360684872662759,0.47489240121419585,0.0,True,False,True,0.000571207474088102,0.0026436845768881686
3.139999999999977,1786130185.3226242,0.01579920000222046,TELEOP,0,,0.0,0.046500000000000576,0.003499999999999426,0.0,0.0,0.0,0.0,1.0,0.04740850808314233,0.0025484347582743765,0.0,0.0,0.0,0.0,1.0,-0.0016305077969950284,-0.2898303796624962,0.3179999993274249,-5.67947576696176e-11,-1.885098764442673e-12,5.101538498884196e-12,1.0,-0.0012816157669310263,-0.2904380138794138,0.3178283896012003,0.0015364317267759914,3.337626104113314e-05,-0.00010248942190479088,0.9999988138790429,0.09879788978031982,-0.003802261096171785,0.012082831803929613,1.4874504504887929,0.09914316735090735,1.4870410636459563,0.10092506783797027,0.0005550811113042019,0.007735339950139651,1.5195800982252106,0.10126290814556342,1.5190720918197174,0.029638669167904398,-0.009512902139579414,0.009520808965944202,0.4491257879266377,0.029539370296847875,0.4448924012141965,0.0,True,False,True,0.0007213840089343187,0.0030804172178362575
3.149999999999977,1786130185.3397758,0.01711970000178553,TELEOP,0,,0.0,0.04625000000000058,0.0037499999999994205,0.0,0.0,0.0,0.0,1.0,0.047175818699990144,0.002789781948938178,0.0,0.0,0.0,0.0,1.0,-0.0017882126617962714,-0.28971953040549336,0.3179999993221834,-5.728458511910045e-11,-1.884313277291024e-12,5.172210261720488e-12,1.0,-0.001249944578238809,-0.29041700215375627,0.31780537156635713,0.0017420626443131347,2.3374098435740472e-05,-0.00011246597242192132,0.9999984760102387,0.09784955504689309,-0.004649693023540545,0.012925394664258414,1.4866904915850478,0.09819777971994186,1.4862852790582883,0.10117539791096024,0.0004317352435327497,0.007858656078953294,1.5237713561044768,0.10151240009255104,1.5232210158318593,0.025033007298997757,-0.012334586777145478,0.0123316128813646,0.41912578792663835,0.02494919469876234,0.4148924012141971,0.0,True,False,True,0.0009022634497415432,0.003491693284185613
3.1599999999999766,1786130185.3561802,0.017137999995611608,TELEOP,0,,0.0,0.04600000000000059,0.0039999999999994155,0.0,0.0,0.0,0.0,1.0,0.04693965131590041,0.003032867724065733,0.0,0.0,0.0,0.0,1.0,-0.0019259481731250085,-0.2896075743852188,0.3179999993176186,-5.771452597365544e-11,-1.883363048691491e-12,5.234355137030497e-12,1.0,-0.001225974897031017,-0.29039214496765525,0.3177838225014686,0.0019345641211017362,1.2596544316501676e-05,-0.0001210554279218976,0.9999981213225212,0.09702959728759973,-0.005491898117230423,0.01376196438491925,1.486036099954692,0.09738029560767804,1.4856345619946156,0.10137607686242771,0.0002775318552925092,0.00801269106026834,1.527662613983743,0.10171240587392252,1.5270699398440013,0.020067895146747696,-0.015420338824024382,0.015403498131504954,0.389125787926639,0.02000057813714822,0.38489240121419777,0.0,True,False,True,0.001073427222456748,0.003876780292324035
3.1699999999999764,1786130185.3725607,0.01639979999163188,TELEOP,0,,0.0,0.045750000000000596,0.00424999999999941,0.0,0.0,0.0,0.0,1.0,0.04670070453704751,0.00327734284279098,0.0,0.0,0.0,0.0,1.0,-0.002045915136206513,-0.2895047987077654,0.3179999993136063,-5.809339357367296e-11,-1.8826806841863656e-12,5.289212021535474e-12,1.0,-0.0012100893159435336,-0.2903632307788083,0.3177637875798929,0.002113579000591291,1.0001366556734078e-06,-0.00012841601029418492,0.9999977581435553,0.09631763999589342,-0.006260445971462635,0.014524637568460399,1.4854690458769264,0.0966704365701146,1.4850707419306803,0.10152490453414419,9.077612560871298e-05,0.008199111643891798,1.5312538718630093,0.1018607308311255,1.5306188638561433,0.014882767171647798,-0.01867557296838002,0.01864205836234618,0.35912578792663963,0.01483249572029715,0.3548924012141984,0.0,True,False,True,0.0012211905688946354,0.004234956817666091
3.179999999999976,1786130185.3887577,0.016382800007704645,TELEOP,0,,0.0,0.045500000000000596,0.004499999999999405,0.0,0.0,0.0,0.0,1.0,0.046459536658528554,0.0035229282125837525,0.0,0.0,0.0,0.0,1.0,-0.002148432150504252,-0.2894117954040495,0.3179999993101589,-5.841999796649337e-11,-1.88211177794968e-12,5.3364495703548616e-12,1.0,-0.001202456283564378,-0.2903301605793043,0.31774530956080266,0.002278759947269532,-1.1452758352616172e-05,-0.00013469441078646892,0.9999973944862821,0.09571164696275075,-0.006951808911190545,0.015210123066179356,1.4849888835408156,0.09606617893787295,1.4845933708994772,0.1016209600556385,-0.00012932346713476,0.008418684758201407,1.5345451297422756,0.10195645543152508,1.5338677878682851,0.009605552149431821,-0.022009959274347766,0.0219573114309614,0.32912578792664027,0.009572460039958229,0.32489240121419904,0.0,True,False,True,0.0013428074338417016,0.004565536098422498
3.189999999999976,1786130185.405866,0.01619829999981448,TELEOP,0,,0.0,0.0452500000000006,0.0047499999999994,0.0,0.0,0.0,0.0,1.0,0.04621659384345804,0.003769400799835411,0.0,0.0,0.0,0.0,1.0,-0.0022336582484908875,-0.28932884318057983,0.31799999930729295,-5.869276507214866e-11,-1.881642977962188e-12,5.375792773393584e-12,1.0,-0.001203047374309889,-0.2902929406215279,0.3177284270148719,0.002429784453036816,-2.4792764115741396e-05,-0.0001400256741253517,0.9999970379584338,0.09521076572401911,-0.007564455605019961,0.01581709889740823,1.484595891830737,0.09556667886617168,1.4842027223097198,0.10166449571192761,-0.0003827142892182556,0.008671337988951928,1.537536387621542,0.10199982953352085,1.536816711880427,0.004353565628910258,-0.025339082208350103,0.025265323075052616,0.2991257879266409,0.004337410199577514,0.2948924012141997,0.0,True,False,True,0.0014371479254528812,0.0048678892114246645
3.1999999999999758,1786130185.422378,0.017105499995523132,TELEOP,0,,0.0,0.04500000000000061,0.004999999999999394,0.0,0.0,0.0,0.0,1.0,0.04597223264305342,0.004016582370248281,0.0,0.0,0.0,0.0,1.0,-0.002301720932655509,-0.2892561582462829,0.31799999930502265,-5.891032620123716e-11,-1.881483216523682e-12,5.406948657160564e-12,1.0,-0.0012116544301333456,-0.29025167476261027,0.3177131730719456,0.002566365979088366,-3.9042690798734394e-05,-0.00014453292221158873,0.9999966956703228,0.09481433852622452,-0.00809721787434233,0.016344584660776155,1.4842901698633963,0.09517128716588034,1.4838988901710555,0.10165683286084747,-0.0006685621510248198,0.008956223219027573,1.5402276455008084,0.10199216869390837,1.539465635892569,-0.0007662851080148551,-0.02858478618065702,0.028488523007564985,0.26912578792664155,-0.0007660839612486344,0.2648924012142003,0.0,True,False,True,0.0015038508576925495,0.005141464109705202
3.2099999999999755,1786130185.437001,0.01656270000967197,TELEOP,0,,0.0,0.044750000000000616,0.005249999999999389,0.0,0.0,0.0,0.0,1.0,0.045726737994106745,0.004264330490690285,0.0,0.0,0.0,0.0,1.0,-0.0023527672285432724,-0.2891939824765316,0.31799999930395945,-5.880256869836052e-11,-1.8703539294958214e-12,5.540299046559346e-12,1.0,-0.001227906825829831,-0.29020655712038573,0.3176995746343934,0.002688261631946852,-5.4217094968835326e-05,-0.00014832700354587872,0.9999963741479291,0.09452151512097819,-0.008548720092869146,0.016791374092755582,1.484071252529746,0.094879163716489,1.4836814059643284,0.10160025776305269,-0.0009853126767214206,0.009271778783220023,1.5426189033800748,0.10193575038969818,1.5418145599047108,-0.00565750977947829,-0.031675052569660765,0.03155555641924562,0.23912578792664219,-0.005641830421019043,0.23489240121420096,0.0,True,False,True,0.0015430078797766444,0.005385799417666812
3.2199999999999753,1786130185.452319,0.014582299991161563,TELEOP,0,,0.0,0.04450000000000062,0.005499999999999384,0.0,0.0,0.0,0.0,1.0,0.04548033760205174,0.0045125313383175625,0.0,0.0,0.0,0.0,1.0,-0.0023870909383721167,-0.2891427773540357,0.31799999930244666,-5.910336521597012e-11,-1.873840966731209e-12,5.480209272740222e-12,1.0,-0.0012512896112832502,-0.29015786640630725,0.31768765198584087,0.002795276826113807,-7.032218964103075e-05,-0.00015150614598080962,0.9999960792563853,0.09433030488350229,-0.00891613143606558,0.017154799428075213,1.4839371078323482,0.09468833415628389,1.4835482392138872,0.10149791147285504,-0.0013307424555498595,0.00961578124931904,1.5447101612593412,0.10183370433144014,1.5438634839168528,-0.010234629019765002,-0.03454297788284464,0.03440024660990231,0.20912578792664283,-0.010204605825805065,0.2048924012142016,0.0,True,False,True,0.0015549955899774154,0.005600533076543846
3.229999999999975,1786130185.4695363,0.01532279999810271,TELEOP,0,,0.0,0.04425000000000062,0.005749999999999378,0.0,0.0,0.0,0.0,1.0,0.04523321343546488,0.004761093953986836,0.0,0.0,0.0,0.0,1.0,-0.0024300360229668715,-0.2890886718080335,0.3179999993011964,-5.917265695586209e-11,-1.87836413900828e-12,5.522549721756206e-12,1.0,-0.0012813382281627581,-0.2901058621362309,0.3176774187283133,0.0028872757596162175,-8.735961476089635e-05,-0.0001541574344516385,0.9999958161124831,0.09408472483594887,-0.009307953122688895,0.017542163109772173,1.483757073100071,0.0944433030029297,1.4833694282348848,0.10135261357741758,-0.0017027837157755036,0.009986161161718505,1.5465014191386077,0.10168883987992228,1.5456124079289948,-0.014529789543747111,-0.0372041260225652,0.0370379912399473,0.17912578792664346,-0.014486445151786796,0.17489240121420224,0.0,True,False,True,0.0015678778694680848,0.005785423480409598
3.239999999999975,1786130185.4901974,0.017229200006113388,TELEOP,0,,0.0,0.04400000000000063,0.005999999999999373,0.0,0.0,0.0,0.0,1.0,0.04498551091208634,0.005009945649878906,0.0,0.0,0.0,0.0,1.0,-0.0024441453918395443,-0.28907449698125276,0.3179999993004018,-5.93593352542998e-11,-1.880338294346163e-12,5.470591332634193e-12,1.0,-0.0013173723060048632,-0.2900510799261923,0.31766888060709286,0.002964170524494927,-0.00010532123262122494,-0.00015635426040830415,0.9999955890672143,0.09400177560043681,-0.009412166572460827,0.017645147887254027,1.4836931360814998,0.09436056395859417,1.4833058912773875,0.10116837635398199,-0.002097358918598213,0.010378863489234232,1.5479926770178742,0.10150515666102168,1.5470613319411368,-0.018423722343560305,-0.039457520282271744,0.039270232751573535,0.1491257879266441,-0.01836832189006011,0.14489240121420288,0.0,True,False,True,0.0015274067645413799,0.005940327401774784
3.2499999999999747,1786130185.522335,0.02077869999629911,TELEOP,0,,0.0,0.043750000000000636,0.006249999999999367,0.0,0.0,0.0,0.0,1.0,0.04473734623995936,0.005259028339513897,0.0,0.0,0.0,0.0,1.0,-0.0024723682262134256,-0.2890461514069813,0.31799999929946254,-5.94341436584791e-11,-1.8782201123243454e-12,5.490707515779914e-12,1.0,-0.0013588230341572494,-0.2899939316511078,0.3176620388069268,0.003025924149778058,-0.00012419643595097492,-0.00015815828073322016,0.9999954016615493,0.09383579856413883,-0.009620532132032782,0.017851017213123262,1.4835652636722425,0.0941950053664691,1.4831788208298236,0.10094857155340323,-0.0025112971129456567,0.01079073057920621,1.5491839348971406,0.10128601543748396,1.5482102559532789,-0.02198048005787684,-0.04139381943474529,0.04118670899719864,0.11912578792664474,-0.021914122353772093,0.11489240121420352,0.0,True,False,True,0.0015008289644136467,0.006065207106306827
3.2599999999999745,1786130185.5447512,0.0321062000002712,TELEOP,0,,0.0,0.04350000000000064,0.006499999999999362,0.0,0.0,0.0,0.0,1.0,0.04448881228419006,0.005508295604897722,0.0,0.0,0.0,0.0,1.0,-0.0025147087218273575,-0.28900363926509903,0.31799999929816675,-5.949387189159018e-11,-1.877910252552481e-12,5.540233935102865e-12,1.0,-0.0014052277943159414,-0.2899347130177978,0.3176568906695874,0.00307254288141475,-0.00014397282495277536,-0.00015961902385889178,0.9999952566256676,0.09358666496540527,-0.009932951959719402,0.018159595317455524,1.4833734864518722,0.09394649445135295,1.4829882510159629,0.10069595946823381,-0.0029422797275334076,0.011219448083473919,1.550075192776407,0.10103416708683736,1.549059179965421,-0.02526120851694117,-0.04309826145877602,0.042871750426771854,0.08912578792664538,-0.025184835064659773,0.08489240121420416,0.0,True,False,True,0.001488479019832561,0.006160115755904163
3.2699999999999743,1786130185.5706754,0.02235579999978654,TELEOP,0,,0.0,0.04325000000000065,0.006749999999999357,0.0,0.0,0.0,0.0,1.0,0.04423998325542647,0.005757710352747496,0.0,0.0,0.0,0.0,1.0,-0.002571171332660073,-0.2889469649956936,0.317999999296676,-5.946514721573281e-11,-1.866887163332268e-12,5.645584418229673e-12,1.0,-0.0014562244669044065,-0.2898736112832524,0.31765343025434994,0.003104069836230687,-0.00016463674502235163,-0.0001607736395605551,0.9999951558867827,0.09325419457401683,-0.010349290708519357,0.018570630054673062,1.483117860300408,0.09361484487895468,1.4827342429122135,0.10041271946728535,-0.0033887847004956916,0.011663489003852645,1.5506664506556733,0.10075178302785659,1.549608103977563,-0.02832400009484669,-0.044650497296229344,0.04440409203787357,0.05912578792664602,-0.028238405898078817,0.0548924012142048,0.0,True,False,True,0.00149060053562437,0.006225185821101046
3.279999999999974,1786130185.591871,0.025899200001731515,TELEOP,0,,0.0,0.04300000000000065,0.006999999999999351,0.0,0.0,0.0,0.0,1.0,0.04399091845669312,0.006007242941479064,0.0,0.0,0.0,0.0,1.0,-0.0026417610220909253,-0.28887613354904546,0.3179999992934357,-6.00232304275878e-11,-1.879284340342973e-12,5.5651122306788316e-12,1.0,-0.0015115454957594172,-0.28981071306400197,0.317651648760784,0.0031205799554458206,-0.0001861736912918476,-0.00016164676691315873,0.9999951005832085,0.09283815369778109,-0.010869373972250223,0.019083791625879948,1.4827984606436735,0.09319981474368574,1.4824168787135688,0.10010048164857215,-0.0038500294623205235,0.012122056393519444,1.5509577085349397,0.10044048674959524,1.5498570279897053,-0.031223781871320695,-0.04612447618248418,0.04585673896668081,0.029125787926646662,-0.031129627826135275,0.02489240121420544,0.0,True,False,True,0.0015073732448653452,0.006260620403874111
3.289999999999974,1786130185.6112556,0.021191699997871183,TELEOP,0,,0.0,0.042750000000000656,0.007249999999999346,0.0,0.0,0.0,0.0,1.0,0.04374166527769568,0.006256869684403271,0.0,0.0,0.0,0.0,1.0,-0.002726483719474414,-0.2887911508454098,0.31799999929038536,-6.03131586170756e-11,-1.87882851198797e-12,5.606687549100023e-12,1.0,-0.001571011787766386,-0.28974601218574153,0.3176515348297483,0.003122176176701449,-0.0002085685882675764,-0.00016225050094374069,0.9999950910828715,0.09233825165870899,-0.011492985395581525,0.019698669996071835,1.4824153745514033,0.09270110301553007,1.4820362537324145,0.09976035927315544,-0.004325913243529819,0.012595025206287289,1.5509489664142062,0.10010138610748022,1.5498059520018472,-0.034012237541671105,-0.047588378120930606,0.047296881276785434,-0.0008742120733526981,-0.033910064211502534,-0.005107598785793921,0.0,True,False,True,0.0015389291876341455,0.006266687375974773
3.2999999999999736,1786130185.6315644,0.01937740000721533,TELEOP,0,,0.0,0.04250000000000066,0.0074999999999993405,0.0,0.0,0.0,0.0,1.0,0.04349226158773083,0.006506571653568374,0.0,0.0,0.0,0.0,1.0,-0.0028253473260015077,-0.2886920247798129,0.31799999928677497,-6.065607180866932e-11,-1.878369970567904e-12,5.655846683505324e-12,1.0,-0.0016345265193168984,-0.28967941752827614,0.31765307473527615,0.0031089867396464203,-0.00023180595436184725,-0.0001625844442263318,0.9999951270050024,0.09175413327648498,-0.012219860405991413,0.020414769165601424,1.481968685677577,0.09211834201998864,1.4815924612203524,0.09939298163737992,-0.0048169591204887665,0.013082883728819715,1.5506402242934727,0.09973510604604499,1.5494548760139892,-0.03673776357755294,-0.0491045876958958,0.04878585225324365,-0.03087421207335206,-0.0366280061435242,-0.03510759878579328,0.0,True,False,True,0.0015853565144103973,0.0062437162936368655
3.3099999999999734,1786130185.6532407,0.020371199992951006,TELEOP,0,,0.0,0.04225000000000067,0.0077499999999993355,0.0,0.0,0.0,0.0,1.0,0.04324273764798471,0.006756333723862631,0.0,0.0,0.0,0.0,1.0,-0.0029383646783157,-0.2885787681983296,0.3179999992825796,-6.105425489859285e-11,-1.877652366244241e-12,5.7129345039390055e-12,1.0,-0.0017020689269782922,-0.2896107608368101,0.3176562524774149,0.003081163538626967,-0.0002558699623757659,-0.0001626358350113396,0.9999952072442126,0.09108535730029937,-0.013049667550483856,0.021231489261573984,1.4814584418336336,0.09145107592607568,1.4810855598458987,0.09899852696891152,-0.005324256094020544,0.013586674912896342,1.5500314821727392,0.09934182133611846,1.5488038000261313,-0.03944546684684052,-0.05072969735317882,0.05037911840766378,-0.06087421207335142,-0.03932847099265359,-0.06510759878579264,0.0,True,False,True,0.001646693006213892,0.006192098064058215
3.319999999999973,1786130185.6734316,0.021619499995722435,TELEOP,0,,0.0,0.042000000000000676,0.00799999999999933,0.0,0.0,0.0,0.0,1.0,0.042993117639746045,0.007006143809119604,0.0,0.0,0.0,0.0,1.0,-0.003065569997666256,-0.28845141546168096,0.3179999992777678,-6.151051009497412e-11,-1.8770404322988047e-12,5.7783585561747934e-12,1.0,-0.0017736882457629688,-0.28953980456711703,0.3176610497819966,0.003038881447632418,-0.0002807444090393273,-0.00016237975002129695,0.999995329996566,0.09033127843540832,-0.013981904641949832,0.022148025046819852,1.4808845058122242,0.09069864336239418,1.480515424719331,0.09857675429688839,-0.005849400879118625,0.014107937318674383,1.5491227400520058,0.09892128828275717,1.5478527240382733,-0.04217726720231431,-0.05251447850980922,0.05212624057780531,-0.09087421207335078,-0.04205330533612982,-0.095107598785792,0.0,True,False,True,0.001722914991059099,0.0061122874645890115
3.329999999999973,1786130185.702422,0.020188500013318844,TELEOP,0,,0.0,0.041750000000000675,0.008249999999999326,0.0,0.0,0.0,0.0,1.0,0.042743420885674496,0.007255992251661278,0.0,0.0,0.0,0.0,1.0,-0.0031787836491743845,-0.28833835374423156,0.3179999992734025,-6.192401671425178e-11,-1.87635698093484e-12,5.837685971758254e-12,1.0,-0.0018492975887172273,-0.28946644463810556,0.3176674441963724,0.002982338086033415,-0.00030640782334693444,-0.00016177802567134456,0.9999954927906709,0.08965883830094157,-0.01480886613965405,0.022960172895645854,1.4803736169654846,0.09002762326197368,1.4800079516116682,0.09812819937533977,-0.006393002107545583,0.014647235048811,1.5479139979312724,0.09847403808786499,1.5466016480504154,-0.044855492154862245,-0.0543601228426969,0.05392977301366279,-0.12087421207335014,-0.044725019489218594,-0.12510759878579136,0.0,True,False,True,0.0017750253882831764,0.006004806674619722
3.3399999999999728,1786130185.737114,0.029013599996687844,TELEOP,0,,0.0,0.04150000000000068,0.008499999999999319,0.0,0.0,0.0,0.0,1.0,0.04249366282577238,0.007505871334459933,0.0,0.0,0.0,0.0,1.0,-0.003277828772567079,-0.28823940772052886,0.31799999926952016,-6.229154776116504e-11,-1.875837449227266e-12,5.890436160016508e-12,1.0,-0.0019286845700906524,-0.2893906988289895,0.3176754093509007,0.00291175264789252,-0.0003328338730441281,-0.00016077973033824683,0.9999956925247272,0.08906969586604503,-0.015531936039488728,0.0236696091149257,1.4799270214883837,0.08943968487112174,1.479564369674105,0.09765411775621678,-0.006954768052575453,0.01520424667689536,1.546405255810539,0.098001320178542,1.5450505720625576,-0.04740816191230057,-0.056176594502988196,0.05570116280843718,-0.1508742120733495,-0.04727179093229981,-0.15510759878579072,0.0,True,False,True,0.0018030584878937323,0.0058702494303989605
3.3499999999999726,1786130185.765594,0.03468549999524839,TELEOP,0,,0.0,0.04125000000000069,0.008749999999999314,0.0,0.0,0.0,0.0,1.0,0.04224385579732646,0.007755774891289801,0.0,0.0,0.0,0.0,1.0,-0.0033626999610089324,-0.2881545719614214,0.31799999926614464,-6.261090114167143e-11,-1.8752160488933356e-12,5.936252872760503e-12,1.0,-0.0020115232261760743,-0.28931269655685005,0.3176849154355021,0.002827363257427192,-0.0003599919561115677,-0.00015932165426091948,0.9999959255114056,0.08856423971014683,-0.01615139985905886,0.024276887498272615,1.479544637349961,0.08893523144594488,1.4791845861855266,0.09715641878558966,-0.007533585667508966,0.015777845119454476,1.5445965136898057,0.09750503647879734,1.5431994960746998,-0.04976989706271294,-0.05788176149335262,0.057359844255912694,-0.18087421207334886,-0.04962836997446722,-0.18510759878579008,0.0,True,False,True,0.0018072656051678463,0.005709284745851312
3.3599999999999723,1786130185.7883515,0.02847249999467749,TELEOP,0,,0.0,0.041000000000000696,0.008999999999999309,0.0,0.0,0.0,0.0,1.0,0.041994009658192,0.008005697995186386,0.0,0.0,0.0,0.0,1.0,-0.0034333950516986407,-0.2880838442940167,0.3179999992632987,-6.288002775680521e-11,-1.87487435505601e-12,5.974890006967472e-12,1.0,-0.0020973858529140512,-0.28923266881404136,0.31769592988383455,0.0027294235078027316,-0.00038409123310814794,-0.00015731852597520126,0.9999961889787986,0.08814278608692168,-0.01666748672166517,0.02478246651730404,1.4792263878358578,0.08851459205510155,1.4788685156878691,0.09663760005766293,-0.008127598349629658,0.016366175784840953,1.5424877715690721,0.09698767611220017,1.5410559334998104,-0.05188187279267291,-0.05940126821207056,0.0588330665386488,-0.21087421207334822,-0.05173603665971698,-0.21435625748893933,0.0,True,False,True,0.0017880650280609745,0.00552161120970537
3.369999999999972,1786130185.8042612,0.022831700000097044,TELEOP,0,,0.0,0.0407500000000007,0.009249999999999304,0.0,0.0,0.0,0.0,1.0,0.041744132284883675,0.008255636709484567,0.0,0.0,0.0,0.0,1.0,-0.003489912410608317,-0.2880272230765994,0.3179999992617328,-6.275470557343094e-11,-1.863759926599765e-12,6.123303128236026e-12,1.0,-0.002185777960584982,-0.2891509396450885,0.3177083100766551,0.0026191585456735345,-0.0004050484252297075,-0.00015471566630770499,0.999996475997465,0.08780559790848233,-0.01708038644048849,0.02518672655610844,1.4789722167648738,0.08817804039854893,1.4786160949688167,0.09610068287547191,-0.008734282114426811,0.016966732719579023,1.5400990294483388,0.09645225108369687,1.5386398843378897,-0.053691718219103325,-0.060668376479716624,0.06005569347380824,-0.23887421207334766,-0.05354250285033167,-0.24160491619208865,0.0,True,False,True,0.0017460206673249378,0.005309617514962902
3.379999999999972,1786130185.822044,0.01588060001085978,TELEOP,0,,0.0,0.0405000000000007,0.009499999999999299,0.0,0.0,0.0,0.0,1.0,0.041494229970618426,0.008505587888865844,0.0,0.0,0.0,0.0,1.0,-0.003551731067696622,-0.2879653236356051,0.3179999992584634,-6.33370396150367e-11,-1.8743581131728365e-12,6.0404800701959775e-12,1.0,-0.0022762654425634546,-0.2890677817950327,0.31772191607539535,0.0024977777981815105,-0.0004227835616128048,-0.00015145826624045396,0.9999967797050772,0.08743645471440128,-0.0175315745944616,0.025628236740468508,1.4786942194545676,0.08780958036360145,1.4783400201226238,0.09554834054067826,-0.00935150120771333,0.01757739257656732,1.5374502873276052,0.09590142626090152,1.5359713485889372,-0.05523423347936595,-0.06172190932865326,0.06106598569883079,-0.2648742120733472,-0.05508248227953693,-0.2668535748952381,0.0,True,False,True,0.001708671065737929,0.005075664929519593
3.3899999999999717,1786130185.8383002,0.017818399996031076,TELEOP,0,,0.0,0.04025000000000071,0.009749999999999294,0.0,0.0,0.0,0.0,1.0,0.041244307743405234,0.008755549020369797,0.0,0.0,0.0,0.0,1.0,-0.003565872102713816,-0.2879511803994971,0.3179999992578816,-6.339090400470169e-11,-1.8742047511347954e-12,6.048866207351433e-12,1.0,-0.002368097656378287,-0.2889837843070474,0.31773660896936906,0.0023664605919890063,-0.0004372122222933613,-0.00014749122453234676,0.999997093473815,0.08735195837431002,-0.01763464151197913,0.025729058070285,1.4786306028910408,0.08772523855501596,1.4782768444263676,0.0949851074131843,-0.009974807184227817,0.018193772900290738,1.534561545206872,0.09533972442538158,1.5330703262529535,-0.05632331274939671,-0.06233059765145006,0.06163803237234327,-0.28887421207334685,-0.056170183551996024,-0.2901022335983876,0.0,True,False,True,0.0016032182940152945,0.00482205577989516
3.3999999999999715,1786130185.8529956,0.016159499995410442,TELEOP,0,,0.0,0.040000000000000716,0.009999999999999287,0.0,0.0,0.0,0.0,1.0,0.04099436962024066,0.009005518096342417,0.0,0.0,0.0,0.0,1.0,-0.0035941543114052883,-0.2879228940659367,0.31799999925675454,-6.348121574444958e-11,-1.8745681866858854e-12,6.071625107287766e-12,1.0,-0.0024606782795796476,-0.28889939647717794,0.31775225557474124,0.0022263558281032255,-0.00044825687079731377,-0.0001427644328408404,0.9999974110085592,0.0871829142202962,-0.017840738627658326,0.02593062607497011,1.4785033800225196,0.08755650124333528,1.4781505045816112,0.09441462848247535,-0.010600795519945475,0.01881251634408359,1.5314528030861385,0.09477078091516852,1.5299568173299383,-0.05704789307089705,-0.06259883357176707,0.06187434437928645,-0.31087421207334653,-0.05689435102130627,-0.3113508923015372,0.0,True,False,True,0.001516476773927214,0.004551037419629885
3.4099999999999713,1786130185.8711796,0.014861700008623302,TELEOP,0,,0.0,0.03975000000000072,0.010249999999999282,0.0,0.0,0.0,0.0,1.0,0.04074441881024372,0.009255493512906332,0.0,0.0,0.0,0.0,1.0,-0.003636577835755549,-0.28788046477694434,0.317999999255171,-6.356015946380812e-11,-1.863346477089531e-12,6.125525392248244e-12,1.0,-0.00255355655318242,-0.2888149361890438,0.3177687279903513,0.0020785824941414225,-0.00045584652956357326,-0.00013723473411375982,0.9999977264301076,0.08692922020637092,-0.018149793354890118,0.0262327923465081,1.4783125713483862,0.08730326192561315,1.4779610236354388,0.09383970746074141,-0.011227041757095997,0.019431227528688318,1.5281440609654051,0.09419739159337909,1.5266508218198915,-0.0574921021733948,-0.06262462371505359,0.061871118460474044,-0.33087421207334633,-0.057338932178944195,-0.33059955100468685,0.0,True,False,True,0.0014490197778045698,0.004264805633126774
3.419999999999971,1786130185.885626,0.01800830000138376,TELEOP,0,,0.0,0.03950000000000073,0.010499999999999277,0.0,0.0,0.0,0.0,1.0,0.040494457876985974,0.00950547398882647,0.0,0.0,0.0,0.0,1.0,-0.003693142826410997,-0.28782389268322933,0.3179999992533045,-6.354598797325971e-11,-1.8662265627610876e-12,6.2385285359162254e-12,1.0,-0.0026464182565508073,-0.2887305984680179,0.3177859030288696,0.001924231617648493,-0.00045991631434222184,-0.00013086765501669153,0.9999980343397292,0.08659072354553134,-0.018561697213058358,0.026635334830608863,1.4780582050917292,0.0869653611021031,1.4777084335620103,0.09326235635807413,-0.01185203591515038,0.02004840797083932,1.5246553188446716,0.09362156228110492,1.5231723397228132,-0.057735110266730005,-0.062499415805439655,0.06171804421510159,-0.3488742120733462,-0.05758293122741828,-0.3478482097078366,0.0,True,False,True,0.0014012797360396492,0.003965512362314712
3.429999999999971,1786130185.9027033,0.014450599992414936,TELEOP,0,,0.0,0.03925000000000073,0.010749999999999272,0.0,0.0,0.0,0.0,1.0,0.0402444888682129,0.00975545850067439,0.0,0.0,0.0,0.0,1.0,-0.0037638494512571155,-0.28775317795188865,0.31799999924956,-6.417756432287168e-11,-1.8730004904749333e-12,6.1612257143997785e-12,1.0,-0.0027390765220129476,-0.2886464641910129,0.31780366157771045,0.0017643692725019563,-0.0004604068725918548,-0.00012363893079882503,0.9999983298686037,0.08616722045114729,-0.01907630579501158,0.02713795801009514,1.477740313138673,0.08654258599100176,1.4773927711189685,0.09268384607016435,-0.012475115767532598,0.02066338969586146,1.5210065767239382,0.09304455918728344,1.5195413710387033,-0.057851028790979475,-0.0623079852382233,0.061498172502215225,-0.36487421207334614,-0.05770030938214951,-0.36309686841098643,0.0,True,False,True,0.0013735604620502737,0.0036552777999335254
3.4399999999999706,1786130185.9204316,0.01707650000753347,TELEOP,0,,0.0,0.039000000000000735,0.010999999999999267,0.0,0.0,0.0,0.0,1.0,0.03999451341950629,0.01000544623101739,0.0,0.0,0.0,0.0,1.0,-0.0038486979101202117,-0.28766832078372656,0.3179999992459124,-6.452159892132057e-11,-1.872538416179786e-12,6.210645813180543e-12,1.0,-0.002831462582085059,-0.28856250888798574,0.31782188793494676,0.0016000402811347106,-0.0004572637656777467,-0.00011553583855720396,0.9999986087152408,0.08565845576984399,-0.019693438652664156,0.027740293011772763,1.4773589262753526,0.08603467011740787,1.4770140729763024,0.0921047575402726,-0.013096399541140823,0.02127626810571447,1.5172178346032048,0.09246695989940627,1.5157779157675622,-0.05790885298917588,-0.062128377360823835,0.061287840985302364,-0.3788742120733462,-0.05775992878771731,-0.3763455271141363,0.0,True,False,True,0.001366039427503941,0.0033362076492577807
3.4499999999999704,1786130185.9366176,0.017724799996358342,TELEOP,0,,0.0,0.03875000000000074,0.01124999999999926,0.0,0.0,0.0,0.0,1.0,0.03974453283712207,0.010255436527016125,0.0,0.0,0.0,0.0,1.0,-0.003947688468735027,-0.2875693214441004,0.31799999924159206,-6.492884968109813e-11,-1.8720574250589085e-12,6.269198363848997e-12,1.0,-0.0029236165283184875,-0.28847861157226184,0.3178404691570108,0.0014322722881580092,-0.0004504368295121422,-0.00010655835097502326,0.9999988671733949,0.08506412240450309,-0.020412879136928515,0.028441897835282882,1.4769140663972309,0.08544129269889632,1.476572367786773,0.09152503308831787,-0.01371671855303022,0.021887834632312843,1.5133090924824715,0.09188870452995979,1.5119019739093893,-0.05797244519547338,-0.06203190118894108,0.061156652659838565,-0.3908742120733463,-0.057825536944650556,-0.38759418581728633,0.0,True,False,True,0.0013787609380189274,0.003010417794042353
3.45999999999997,1786130185.9549074,0.01617689999693539,TELEOP,0,,0.0,0.03850000000000075,0.011499999999999256,0.0,0.0,0.0,0.0,1.0,0.03949454816418635,0.01050542886733995,0.0,0.0,0.0,0.0,1.0,-0.004060821555599864,-0.28745618036151804,0.31799999923656774,-6.540216258575129e-11,-1.8712114216073798e-12,6.3372808156927155e-12,1.0,-0.003015678148657763,-0.2883945635390806,0.3178592944476872,0.001262079914227294,-0.0004398795433948789,-9.672011766793943e-05,0.9999991021523451,0.08438386021947605,-0.021234373778859828,0.029242257115390514,1.4764057373437072,0.08476207749723973,1.4760676668589519,0.09094402752910354,-0.014337550252997095,0.02249950966004939,1.5093003503617382,0.09130914664246217,1.5079335454641851,-0.05810055592143519,-0.062083169996688774,0.06116750277365596,-0.40087421207334656,-0.05795578874976305,-0.39684284452043644,0.0,True,False,True,0.0014116251508884635,0.0026800714492422094
3.46999999999997,1786130185.9723341,0.01829140000336338,TELEOP,0,,0.0,0.038250000000000756,0.01174999999999925,0.0,0.0,0.0,0.0,1.0,0.039244560233592594,0.01075542283572919,0.0,0.0,0.0,0.0,1.0,-0.00418809828533162,-0.28732889865074485,0.31799999923080136,-6.594495928364987e-11,-1.87063579752701e-12,6.415378556620914e-12,1.0,-0.0031078779020806964,-0.2883100770773411,0.31787825461127545,0.0010904687339547692,-0.00042554843222804354,-8.60492759976659e-05,0.9999993111907599,0.08361725181539144,-0.022157629010493278,0.03014077939707681,1.4758339088130608,0.08399658855934247,1.4754999478910564,0.09036055871292295,-0.014960952080449341,0.023113276141981692,1.5052116082410048,0.09072710359223436,1.5038926304319493,-0.0583468816180601,-0.062340182745225944,0.061376648193231444,-0.40887421207334684,-0.058204305022782586,-0.4040915032235866,0.0,True,False,True,0.0014643800509403745,0.00234744012213233
3.47999999999997,1786130185.9905472,0.017435300003853627,TELEOP,0,,0.0,0.038000000000000755,0.011999999999999246,0.0,0.0,0.0,0.0,1.0,0.03899456971027124,0.011005418099869105,0.0,0.0,0.0,0.0,1.0,-0.004301629149939611,-0.2872153745782285,0.31799999922555333,-6.64386094112637e-11,-1.8700631285367295e-12,6.486486406201251e-12,1.0,-0.003200330645476199,-0.28822498628744514,0.3178972423500621,0.0009184177891337133,-0.0004073996553976976,-7.458686265273274e-05,0.9999994924854139,0.08293226743039339,-0.02298028058562374,0.030940519631480305,1.47532380657423,0.0833125503679313,1.474993535183714,0.08977412694196207,-0.015588093536899833,0.023730251274652264,1.5010628661202714,0.09014207417657899,1.499799228812682,-0.0586431770960895,-0.06271414564505044,0.061697513267058406,-0.41487421207334724,-0.05850294156553894,-0.4093401619267369,0.0,True,False,True,0.0014975757659569122,0.0020149733294558487
3.4899999999999696,1786130186.0038967,0.018261699995491654,TELEOP,0,,0.0,0.03775000000000076,0.01224999999999924,0.0,0.0,0.0,0.0,1.0,0.03874457712496648,0.011255414394508598,0.0,0.0,0.0,0.0,1.0,-0.004315771180728006,-0.2872012323378044,0.3179999992248962,-6.649925047214153e-11,-1.8705592082976083e-12,6.495884212949428e-12,1.0,-0.003292438970245539,-0.2881398284616377,0.31791615632460807,0.0007468031351636732,-0.00038538140553825696,-6.237940581352201e-05,0.9999996449374666,0.08284686565238263,-0.02308270785181332,0.031040036620933797,1.4752602657768819,0.08322726294254731,1.474930455506518,0.0891884585040703,-0.016215019138055238,0.024346574211171687,1.496874123999538,0.08955777768976968,1.4956733406063831,-0.05856684378917888,-0.06269256011554171,0.0616322936519435,-0.4188742120733477,-0.05842964868093269,-0.4125888206298872,0.0,True,False,True,0.0013911150666334306,0.0016853785420249039
3.4999999999999694,1786130186.0191195,0.013298399993800558,TELEOP,0,,0.0,0.03750000000000077,0.012499999999999234,0.0,0.0,0.0,0.0,1.0,0.03849458290122632,0.011505411507970909,0.0,0.0,0.0,0.0,1.0,-0.004344055256587089,-0.28717294787125547,0.3179999992236132,-6.660222500674871e-11,-1.868885477734093e-12,6.520970478101451e-12,1.0,-0.0033837618921882156,-0.2880550001943325,0.3179349010732592,0.0005764688076147983,-0.00035944831940311784,-4.9486986454610556e-05,0.9999997680158019,0.08267601080791329,-0.02328752647354981,0.031238997438908768,1.475133181248848,0.0830566344781512,1.4748042942132698,0.08860637043811286,-0.016838815573388625,0.024959400953173776,1.4926653818788047,0.08897702574900268,1.4915349658130528,-0.05820880659574524,-0.06237964353334002,0.06128267420021007,-0.42087421207334824,-0.05807519407670114,-0.41383747933303766,0.0,True,False,True,0.0013055333835385466,0.0013623046504340536
3.509999999999969,1786130186.0327766,0.01527689999784343,TELEOP,0,,0.0,0.037250000000000776,0.012749999999999229,0.0,0.0,0.0,0.0,1.0,0.038244587376969195,0.01175540927137496,0.0,0.0,0.0,0.0,1.0,-0.0043864813920871295,-0.2871305211932044,0.3179999992218038,-6.669677901588995e-11,-1.856505703769337e-12,6.579187204177581e-12,1.0,-0.003474004681673032,-0.2879707660782202,0.31795338574651466,0.0004082341422956304,-0.0003295605212482765,-3.598325507261561e-05,0.9999998617199671,0.08241960035286672,-0.023594664719303163,0.03153725591592539,1.4749425457740282,0.08280055777076553,1.4746150460491123,0.08802982602983767,-0.01745754459151308,0.025566838348361463,1.4884566397580714,0.08840177766456184,1.4874041044326909,-0.05765444082752074,-0.0618729018124468,0.06074373951877009,-0.4208742120733489,-0.05752480844408519,-0.41308613803618816,0.0,True,False,True,0.0012412888583733567,0.0010517796840549705
3.519999999999969,1786130186.0466547,0.013610600013635121,TELEOP,0,,0.0,0.03700000000000078,0.012999999999999224,0.0,0.0,0.0,0.0,1.0,0.03799459082171653,0.012005407550022787,0.0,0.0,0.0,0.0,1.0,-0.004443049602628566,-0.28707395231912913,0.31799999921962857,-6.669443705231325e-11,-1.864625064606809e-12,6.697774464386853e-12,1.0,-0.003563008578070467,-0.2878872676223955,0.31797152292000436,0.00024290088958338696,-0.0002956827077077267,-2.1955358194962375e-05,0.9999999265444256,0.08207748034822242,-0.0240040150369631,0.03193459300475629,1.4746883448125523,0.0824588718694673,1.4743626993472432,0.08745999125501863,-0.01807017445844279,0.026167876479064028,1.484267897637338,0.08783319674135846,1.4833007564652976,-0.05698347748190462,-0.061262986692972095,0.06010381307025789,-0.4188742120733496,-0.05685809232033819,-0.41033479673933876,0.0,True,False,True,0.001198651278342814,0.0007665798910413676
3.5299999999999687,1786130186.064292,0.013885099993785843,TELEOP,0,,0.0,0.03675000000000078,0.013249999999999219,0.0,0.0,0.0,0.0,1.0,0.037744593450362074,0.012255406236517885,0.0,0.0,0.0,0.0,1.0,-0.004513759905473393,-0.2870032412655334,0.31799999921547506,-6.738577888062154e-11,-1.8686419963455043e-12,6.6230143661034235e-12,1.0,-0.0036507404842861272,-0.28780453232104275,0.31798922752406,8.125984689845934e-05,-0.0002577832991267843,-7.5037642700104204e-06,0.9999999634441501,0.08164944524800541,-0.024515434063610952,0.032430717001150265,1.4743705516142263,0.08203136184094807,1.4740472310597774,0.08689729169749692,-0.0186765105837198,0.026762320046944756,1.4801191555166047,0.08727170704161363,1.4792449219108728,-0.056269955752171766,-0.06063361252770232,0.059444356788074075,-0.41487421207335046,-0.05614896997448391,-0.40558345544248947,0.0,True,False,True,0.0011777036581082881,0.0005407835440327311
3.5399999999999685,1786130186.0834754,0.017644299994572066,TELEOP,0,,0.0,0.03650000000000079,0.013499999999999214,0.0,0.0,0.0,0.0,1.0,0.03749459543417364,0.012505405245266785,0.0,0.0,0.0,0.0,1.0,-0.004598612320733081,-0.2869183880534965,0.3179999992113406,-6.777397862633887e-11,-1.8684416164600135e-12,6.678996053633671e-12,1.0,-0.003737282721092225,-0.2877224828017762,0.3180064159181696,-7.590322891356819e-05,-0.0002158336772261068,7.258027991566913e-06,0.999999973800922,0.08113523762047627,-0.025128742590965113,0.033025263723397,1.4739891213861993,0.08151775845062176,1.473668600817356,0.08634146950534494,-0.01927712586527404,0.02735071931525523,1.4760304133958713,0.08671705017385455,1.4752566007694163,-0.05558221921519959,-0.06006152815542527,0.05883992683104864,-0.40887421207335134,-0.05546568677591018,-0.39883211414564024,0.0,True,False,True,0.0011783455425107652,0.00045781282235404054
3.5499999999999683,1786130186.103151,0.019172500004060566,TELEOP,0,,0.0,0.036250000000000795,0.013749999999999207,0.0,0.0,0.0,0.0,1.0,0.03724459690958325,0.012755404508085908,0.0,0.0,0.0,0.0,1.0,-0.004697606875368722,-0.28681939270961593,0.31799999920644056,-6.82338557371057e-11,-1.8677737265504927e-12,6.745373342012997e-12,1.0,-0.0038228229068492667,-0.2876409459844211,0.31802300512992676,-0.0002278026296118842,-0.00016980752448899798,2.2203921017427127e-05,0.9999999593891754,0.08053454777183724,-0.025843725585228072,0.03371779691091165,1.4735439821034888,0.08091773775374486,1.4732267416009805,0.08579163998383403,-0.01987329126030955,0.027934301127843,1.4720216712751377,0.08616834170882462,1.4713557930409285,-0.054982952151091086,-0.05961653950355237,0.05835818125877822,-0.40087421207335233,-0.05487084650299384,-0.3900807728487911,0.0,True,False,True,0.0012003024816425118,0.0005699881322172725
3.559999999999968,1786130186.1214595,0.019674299997859634,TELEOP,0,,0.0,0.0360000000000008,0.013999999999999202,0.0,0.0,0.0,0.0,1.0,0.03699459798521009,0.013005403970691675,0.0,0.0,0.0,0.0,1.0,-0.004810743612588024,-0.2867062552770983,0.3179999992007368,-6.876884259542199e-11,-1.8671849932316566e-12,6.822650449199637e-12,1.0,-0.003907644016039751,-0.28755966218382895,0.31803891227086134,-0.0003736487881285619,-0.0001196802768057771,3.7195815671308876e-05,0.9999999223398399,0.07984701326115946,-0.026660132108841383,0.03450780850501573,1.4730350241404473,0.08023092055951511,1.4727215492107277,0.08524634745909714,-0.020466907044984682,0.028514900479501046,1.4681129291544042,0.0856241268578992,1.467562498725409,-0.054529252473690844,-0.05936157846751456,0.05805993516580555,-0.3908742120733534,-0.05442148509254263,-0.37932943155194204,0.0,True,False,True,0.001243143779603841,0.0007882138540419274
3.569999999999968,1786130186.1431615,0.018320600007427856,TELEOP,0,,0.0,0.03575000000000081,0.014249999999999197,0.0,0.0,0.0,0.0,1.0,0.0367445987474713,0.013255403589896384,0.0,0.0,0.0,0.0,1.0,-0.0049380226443857655,-0.2865789758679383,0.31799999919418437,-6.93830226187315e-11,-1.8664257640086334e-12,6.911428365466575e-12,1.0,-0.003992114659998878,-0.2874782940942394,0.3180540541353071,-0.0005126455845738852,-6.542869752008707e-05,5.208440294014063e-05,0.9999998651003935,0.07907221802711885,-0.02757767499359103,0.035394718789175175,1.4724620862966769,0.07945687150932358,1.4721528681013243,0.08470362007925514,-0.021060435180579987,0.029094893067893656,1.4643241870336707,0.08508243508240802,1.4638967178228581,-0.054272737984201534,-0.05935281355953164,0.05799925883926212,-0.37887421207335453,-0.05416917754911938,-0.3665780902550931,0.0,True,False,True,0.0013063066729309958,0.001038843870913794
3.5799999999999677,1786130186.1600506,0.021689999994123355,TELEOP,0,,0.0,0.03550000000000081,0.014499999999999192,0.0,0.0,0.0,0.0,1.0,0.036494599265064265,0.01350540333136806,0.0,0.0,0.0,0.0,1.0,-0.005051620288268308,-0.28646537901515745,0.3179999991882115,-6.994253365143548e-11,-1.86580172057642e-12,6.992374920498631e-12,1.0,-0.0040764827586139115,-0.2873966275248858,0.3180683500990464,-0.0006440295862696825,-7.029291461314575e-06,6.671426058242104e-05,0.9999997903628223,0.078379525179168,-0.02839576582932483,0.03618463339195759,1.4719503431559484,0.07876478998916245,1.471644941381149,0.08416220265537158,-0.021655442434380855,0.029675787248392878,1.4606754449129373,0.08454201175283801,1.4603784503332757,-0.05414174238835636,-0.05950072538008792,0.05808941804992357,-0.3648742120733558,-0.0540423329570022,-0.3518267489582442,0.0,True,False,True,0.001350106971918797,0.0012950278437807664
3.5899999999999674,1786130186.1752295,0.01688270000158809,TELEOP,0,,0.0,0.035250000000000815,0.014749999999999187,0.0,0.0,0.0,0.0,1.0,0.03624459959254729,0.01375540316784095,0.0,0.0,0.0,0.0,1.0,-0.005065762419350985,-0.2864512368750225,0.3179999991874621,-7.001142041992752e-11,-1.8655400641414036e-12,7.003048968960021e-12,1.0,-0.004160277452974029,-0.28731515450082956,0.31808173318083593,-0.0007672053586125299,5.554469080564272e-05,8.093897525317817e-05,0.999999700879759,0.07829321162762838,-0.028497559371311917,0.03628286404363506,1.4718866061590816,0.07867854891736424,1.471581680593072,0.0836251464680079,-0.022248380451315893,0.030254156058261903,1.4571867027922039,0.08400590520881916,1.457027696256662,-0.053705618736370565,-0.05929380169350494,0.057836880986903684,-0.3488742120733571,-0.05361065440188659,-0.3350754076613954,0.0,True,False,True,0.0012541679051018765,0.0015469200413984682
3.5999999999999672,1786130186.1896052,0.015177900000708178,TELEOP,0,,0.0,0.03500000000000082,0.01499999999999918,0.0,0.0,0.0,0.0,1.0,0.03599459977319977,0.014005403077686095,0.0,0.0,0.0,0.0,1.0,-0.00509404668279328,-0.2864229525960483,0.31799999918599875,-7.012930469724984e-11,-1.865838331180026e-12,7.0307817867996404e-12,1.0,-0.004243177237307114,-0.2872342280885044,0.31809413900746036,-0.0008815837713290966,0.00012231628383314183,9.460674499858749e-05,0.9999995994490921,0.07812053259805263,-0.028701110637854712,0.036479252964159374,1.471759111631824,0.078506012434551,1.4714551391872273,0.08309461847771649,-0.022836717593135082,0.030827557306932797,1.4538779606714702,0.0834762805103139,1.4538644555930165,-0.053052799029141964,-0.058833714181920384,0.057340124867090524,-0.33087421207335854,-0.05296246985052672,-0.3163240663645467,0.0,True,False,True,0.0011794104645570596,0.00179008574627987
3.609999999999967,1786130186.2040722,0.014428499998757616,TELEOP,0,,0.0,0.03475000000000083,0.015249999999999176,0.0,0.0,0.0,0.0,1.0,0.03574459984130665,0.014255403043769621,0.0,0.0,0.0,0.0,1.0,-0.005136473079865016,-0.28638052617955423,0.31799999918391497,-7.024163097923055e-11,-1.8619697967943333e-12,7.093871992859156e-12,1.0,-0.004324999467967049,-0.2871540712664853,0.3181055045390868,-0.0009865745857542266,0.00019330565423808545,0.00010756130882219038,0.9999994888669073,0.07786138417601786,-0.029006348002193708,0.03677365545976211,1.4715678166398476,0.07824707179319947,1.471265275609636,0.0825719592484098,-0.023418871295421136,0.03139446746649799,1.4507692185507366,0.08295447725392635,1.4509087283423396,-0.052265922930670866,-0.058215370228606636,0.05669101595652002,-0.31087421207336,-0.052180325638756755,-0.29557272506769805,0.0,True,False,True,0.0011260518657201588,0.00202214354911948
3.619999999999967,1786130186.2174182,0.014416799996979535,TELEOP,0,,0.0,0.034500000000000836,0.01549999999999917,0.0,0.0,0.0,0.0,1.0,0.035494599823982904,0.014505403052540932,0.0,0.0,0.0,0.0,1.0,-0.005193041611872137,-0.28632395762692087,0.3179999991813745,-7.02541332653033e-11,-1.8653406105227182e-12,7.221623797465243e-12,1.0,-0.00440568982657075,-0.287074785996479,0.3181157670132208,-0.0010815804642584901,0.00026853080788690544,0.00011964303766995813,0.9999993718800269,0.07751561031706872,-0.029413164028010492,0.037165854653763535,1.4713126520185873,0.0779015636804181,1.471012022697953,0.08205774142063323,-0.023994139222048554,0.031954214190455424,1.447880476430003,0.08244106792464395,1.4481805145046311,-0.051421782777657396,-0.05752679266274315,0.05597467239574444,-0.2888742120733616,-0.0513409329282411,-0.2728213837708495,0.0,True,False,True,0.001094106148982362,0.0022416421884519713
3.6299999999999666,1786130186.233993,0.013347200001589954,TELEOP,0,,0.0,0.034250000000000835,0.015749999999999164,0.0,0.0,0.0,0.0,1.0,0.03524459974263048,0.014755403093304564,0.0,0.0,0.0,0.0,1.0,-0.005263752280416383,-0.28625324693901333,0.3179999991767293,-7.101715862627088e-11,-1.864562695387528e-12,7.148072286509669e-12,1.0,-0.0044853118198428365,-0.28699636241987475,0.3181248631268894,-0.0011659925363941726,0.00034800815067603645,0.00013069022701390912,0.9999992511356179,0.07708300263004086,-0.029921415478630062,0.03765556170399159,1.470993516239339,0.07746926998167264,1.4706952814652354,0.08155182828134781,-0.02456262979546106,0.032506908045149295,1.4452317343092695,0.08193591633153112,1.4456998140798911,-0.05059131392854177,-0.05684905734125173,0.05526938546938809,-0.26487421207336326,-0.05051515931128444,-0.24807004247400105,0.0,True,False,True,0.0010834118213327074,0.0024476346008746883
3.6399999999999664,1786130186.2500968,0.01656780000485014,TELEOP,0,,0.0,0.03400000000000084,0.01599999999999916,0.0,0.0,0.0,0.0,1.0,0.03499459961410161,0.015005403157638814,0.0,0.0,0.0,0.0,1.0,-0.0053486050869442974,-0.2861683941182197,0.3179999991720128,-7.145827469920085e-11,-1.864021643310708e-12,7.21207374707208e-12,1.0,-0.004564036384370454,-0.2869186881067981,0.3181327284676763,-0.0012391876205071648,0.0004317528995169474,0.0001405406288548377,0.9999991291255241,0.0765633000951207,-0.03053092328449268,0.03824241597922821,1.4706102679164543,0.07694991746323167,1.4703149134995466,0.08105343201348739,-0.025125192636985243,0.03305337399482756,1.442842992188536,0.08143823571237005,1.4434866270681197,-0.04983962678604324,-0.05625628415241939,0.05464659496782723,-0.238874212073365,-0.049768061916107595,-0.2213187011771527,0.0,True,False,True,0.0010936663953338844,0.0026395067926642856
3.649999999999966,1786130186.2684083,0.01611599999887403,TELEOP,0,,0.0,0.03375000000000085,0.016249999999999154,0.0,0.0,0.0,0.0,1.0,0.03474459945162755,0.015255403238931592,0.0,0.0,0.0,0.0,1.0,-0.005447600033677627,-0.2860693991664073,0.31799999916641797,-7.198126647316043e-11,-1.86340477132016e-12,7.287997093828905e-12,1.0,-0.004642131652276972,-0.2868415572872677,0.3181392971964418,-0.0013005271656523188,0.0005197793428605236,0.00014903325649713359,0.9999990081233154,0.07595618869072891,-0.03124147257307421,0.03892598546314514,1.470162714291722,0.0763431773729228,1.469870729310278,0.08056117124487396,-0.025683349407938583,0.033595083139451504,1.4407342500678024,0.08094664612855958,1.4415609534693168,-0.04922607686134415,-0.05581567709533512,0.05417091446239551,-0.21087421207336685,-0.04915895838104812,-0.1925673598803044,0.0,True,False,True,0.0011244605009582925,0.002816915696078327
3.659999999999966,1786130186.2844577,0.018304600002011284,TELEOP,0,,0.0,0.03350000000000085,0.01649999999999915,0.0,0.0,0.0,0.0,1.0,0.03449459926555981,0.015505403332009962,0.0,0.0,0.0,0.0,1.0,-0.005560737123973907,-0.28595626208693214,0.3179999991598986,-7.259034312005782e-11,-1.862999239229649e-12,7.376504733032794e-12,1.0,-0.004719952923591751,-0.28676467999773536,0.3181445019783887,-0.0013493573621469284,0.0006083442500132277,0.0001560155583215122,0.9999988924049508,0.07526130095017979,-0.03205281263684897,0.039705767072538894,1.4696505980354562,0.07564866495265186,1.4693624749669556,0.08007312755215405,-0.02623922549817991,0.03413408516044767,1.4389255079470689,0.08045923080745618,1.4399352798705138,-0.048804369271991985,-0.05558760902413386,0.05390020209961769,-0.18087421207336876,-0.04874153211034114,-0.16256735988030505,0.0,True,False,True,0.0011753036436050394,0.002976703083275939
3.6699999999999657,1786130186.3012524,0.01604129999759607,TELEOP,0,,0.0,0.03325000000000086,0.016749999999999144,0.0,0.0,0.0,0.0,1.0,0.03424459906396178,0.015755403432844494,0.0,0.0,0.0,0.0,1.0,-0.0056880163663499145,-0.2858289828883088,0.31799999915240035,-7.329048680945163e-11,-1.8622505044105855e-12,7.47834811980715e-12,1.0,-0.004797901102628238,-0.28668768923215,0.3181483609640892,-0.0013858045476334052,0.0006974282995684625,0.000161441987940093,0.9999987835372638,0.07447821540735006,-0.03296465689985924,0.040581187073390174,1.4690735800499335,0.07486593884165746,1.4687898147122331,0.07958690061059967,-0.02679548296563501,0.03467294188742292,1.4374167658263353,0.07997359112446001,1.4386096062717109,-0.04862269415543988,-0.05562574674551112,0.05388567269752629,-0.1508742120733694,-0.048563968299617385,-0.13256735988030569,0.0,True,False,True,0.001245669697323883,0.0031195677667542267
3.6799999999999655,1786130186.3181314,0.016799100005300716,TELEOP,0,,0.0,0.03300000000000086,0.016999999999999137,0.0,0.0,0.0,0.0,1.0,0.03399459885308064,0.016005403538313406,0.0,0.0,0.0,0.0,1.0,-0.00580162041739294,-0.2857153789600061,0.31799999914555666,-7.39291423426271e-11,-1.8613940056384818e-12,7.571396547270502e-12,1.0,-0.004876247983079257,-0.2866103435659027,0.3181508934561698,-0.001410018785881596,0.0007870132794721774,0.0001652816362790899,0.9999986825686833,0.07377806821867748,-0.033777713113881634,0.04136091132957188,1.468557678929982,0.07416605605019969,1.4682778137770047,0.0791008534670087,-0.02735387335349834,0.03521333811938738,1.4362080237056016,0.0794880913103645,1.4375839326729078,-0.04860471435909919,-0.055839038786334234,0.054039623196446986,-0.12087421207337004,-0.04854998140955227,-0.10256735988030632,0.0,True,False,True,0.0012961654527762743,0.0032464522198898315
3.6899999999999653,1786130186.3311045,0.016877499991096556,TELEOP,0,,0.0,0.03275000000000087,0.017249999999999134,0.0,0.0,0.0,0.0,1.0,0.033744598637723826,0.016255403646014424,0.0,0.0,0.0,0.0,1.0,-0.005815762556173825,-0.2857012368275649,0.31799999914469773,-7.400782543881451e-11,-1.8621682826479473e-12,7.58362609611673e-12,1.0,-0.0049545381926025586,-0.28653311050138547,0.3181521341356564,-0.0014223353293253771,0.0008761743728391072,0.0001675368633099396,0.9999985906050463,0.07369083030894867,-0.03387887354736982,0.041457868289963354,1.468493394151233,0.07407884731756849,1.4682140151720642,0.07861774064678599,-0.027911043710386055,0.03575206612487269,1.435299281584868,0.07900548561971586,1.436856440780249,-0.0483112820222715,-0.05571703568877269,0.05387280054853195,-0.09087421207337068,-0.048260569064864596,-0.07274918926586732,0.0,True,False,True,0.0012070071536981462,0.003357850717321865
3.699999999999965,1786130186.3449616,0.012960899999598041,TELEOP,0,,0.0,0.032500000000000875,0.017499999999999127,0.0,0.0,0.0,0.0,1.0,0.033494598421559135,0.016505403754114807,0.0,0.0,0.0,0.0,1.0,-0.005844046833739452,-0.2856729525627019,0.3179999991430123,-7.414438251171961e-11,-1.854856456465606e-12,7.615009331522092e-12,1.0,-0.005032457984207435,-0.2864563208242351,0.31815211480853367,-0.00142305064349452,0.0009548957385116732,0.0001682306541879229,0.9999985173986218,0.07351630180231263,-0.034081158597156706,0.041651710504058366,1.468364781506571,0.07390437467852169,1.4680863752897724,0.07813946056960634,-0.028464631224246813,0.03628686988253412,1.4346905394641343,0.07852767268841854,1.436407130593735,-0.047828007717966504,-0.055358751386076814,0.053480375766144346,-0.06087421207337132,-0.047781293129732956,-0.04493101865142822,0.0,True,False,True,0.0011381921935944056,0.003443953123463529
3.709999999999965,1786130186.3582268,0.013920199999120086,TELEOP,0,,0.0,0.032250000000000875,0.017749999999999124,0.0,0.0,0.0,0.0,1.0,0.03324459820735394,0.01675540386123179,0.0,0.0,0.0,0.0,1.0,-0.005886473250069519,-0.2856305261654548,0.317999999140603,-7.427798129548804e-11,-1.862489140110472e-12,7.683798736007736e-12,1.0,-0.0051097985734191225,-0.28638017595923887,0.3181509347223976,-0.0014130711378769335,0.0010215176822949918,0.00016746908479278687,0.9999984658416681,0.0732543772497403,-0.0343844966270398,0.04194229461951505,1.4681717524030788,0.07364252770446876,1.467894806339454,0.0776671129758037,-0.029013196621694125,0.03681638044328613,1.4343650342766487,0.0780557528834519,1.436216002113365,-0.047234759380265175,-0.05485653974473222,0.05295105607520242,-0.032550518748546135,-0.04719198049666479,-0.01911284803698904,0.0,True,False,True,0.0010899449144439108,0.0035033225599731105
3.7199999999999647,1786130186.3718848,0.013208800010033883,TELEOP,0,,0.0,0.03200000000000089,0.017999999999999117,0.0,0.0,0.0,0.0,1.0,0.03299459799716573,0.017005403966337367,0.0,0.0,0.0,0.0,1.0,-0.0059430418051170985,-0.28557395763584825,0.31799999913763505,-7.430798113350817e-11,-1.8437382632957395e-12,7.822989647181462e-12,1.0,-0.005186467760530018,-0.28630475829599283,0.31814870125733774,-0.0013933736471956394,0.0010759956005593264,0.00016537656045504477,0.9999984366957482,0.07290489828994678,-0.03478878017836063,0.04232940576114449,1.467914167809671,0.07329314054916759,1.467639170425577,0.07720105674616616,-0.029556156455164344,0.03734005002201616,1.4343027660224115,0.07759008603213328,1.4362630553391396,-0.04660562296375484,-0.05429598334702296,0.05236695787300386,-0.006226825423720866,-0.04656668513186239,0.004705322577450228,0.0,True,False,True,0.001062349382366594,0.003536444040407478
3.7299999999999645,1786130186.387831,0.01365079999959562,TELEOP,0,,0.0,0.03175000000000089,0.01824999999999911,0.0,0.0,0.0,0.0,1.0,0.032744597792493814,0.017255404068682475,0.0,0.0,0.0,0.0,1.0,-0.006013752499004939,-0.2855032469732586,0.3179999991323788,-7.515791302356279e-11,-1.860371919750804e-12,7.750672017868026e-12,1.0,-0.00526248525038223,-0.28623004066042795,0.31814551610647673,-0.0013648806883503374,0.0011182865675255808,0.00016207888879927828,0.9999984301319145,0.07246765341962615,-0.0352938659741891,0.04281275774060471,1.4675918303855002,0.07285599170332187,1.467319271593792,0.07674096767923078,-0.030093714840838604,0.037858085383897774,1.4344837347014225,0.0771303490966967,1.4365282902710585,-0.04600890669353918,-0.05375583856742713,0.05180353618816227,0.01809686790110449,-0.04597369354365958,0.02652349319188958,0.0,True,False,True,0.0010553704242174948,0.003543860487773644
3.7399999999999642,1786130186.4044764,0.01595229998929426,TELEOP,0,,0.0,0.031500000000000895,0.018499999999999107,0.0,0.0,0.0,0.0,1.0,0.03249459759439998,0.017505404167736684,0.0,0.0,0.0,0.0,1.0,-0.006098605331416788,-0.28541839417832043,0.3179999991269573,-7.566310658651015e-11,-1.859655051722447e-12,7.824509176511667e-12,1.0,-0.0053379729137085705,-0.28615589552183196,0.3181414756267002,-0.0013284647439979688,0.0011483491765916405,0.00015770166480003796,0.999998445801681,0.07194237769455006,-0.03589957487940426,0.04339199321890421,1.4672044746634247,0.07233080366456955,1.4669348459077505,0.07628589582631307,-0.030626795166863383,0.03837138104781013,1.4348879403136818,0.0766755933959345,1.4369917069091218,-0.045507185291772535,-0.05330803260247881,0.05132956639123656,0.04042056122592993,-0.045475570076220696,0.046341663806329016,0.0,True,False,True,0.0010688711365405346,0.003526129461030475
3.749999999999964,1786130186.4204178,0.01665030000731349,TELEOP,0,,0.0,0.0312500000000009,0.0187499999999991,0.0,0.0,0.0,0.0,1.0,0.03224459740360448,0.017755404263140248,0.0,0.0,0.0,0.0,1.0,-0.006197600302279687,-0.28531939925060384,0.3179999991205194,-7.626274693692595e-11,-1.8593684991795196e-12,7.912251366117563e-12,1.0,-0.005413145202377616,-0.28608210416642965,0.318136671353128,-0.0012849535377673718,0.0011661433120561688,0.0001523690101666646,0.9999984828927824,0.07132875233285721,-0.03660569192379495,0.04406668410006431,1.4667517522402524,0.07171724252164338,1.466485546501519,0.07583432202021172,-0.031156972248753675,0.03888145278870377,1.4354953828591894,0.07622430101138657,1.4376333052533294,-0.04515738061013584,-0.05301770818903028,0.051007174089365594,0.06074425455075545,-0.045129238454793365,0.06415983442076853,0.0,True,False,True,0.0011026186519161733,0.00348379965468161
3.759999999999964,1786130186.4371762,0.01593519999005366,TELEOP,0,,0.0,0.031000000000000905,0.018999999999999097,0.0,0.0,0.0,0.0,1.0,0.0319945972205622,0.01800540435466603,0.0,0.0,0.0,0.0,1.0,-0.006310737411284913,-0.28520626218979767,0.3179999991130093,-7.696193709269223e-11,-1.8584375677184152e-12,8.014698625572311e-12,1.0,-0.005488299771572141,-0.2860083657741723,0.3181311906285841,-0.0012351359317260258,0.001171629880304947,0.00014620260644747848,0.9999985401726603,0.07062640424624754,-0.03741196626332094,0.04483633183381506,1.466233214477703,0.07101491744873291,1.465970926119117,0.07538421326896629,-0.0316864053655876,0.039390371877891774,1.4362860623379452,0.07577444005081033,1.4384330853036815,-0.04501087512454409,-0.05294331168339392,0.0508919089188013,0.07906794787558107,-0.04498609605762563,0.07997800503520813,0.0,True,False,True,0.001156280694745786,0.0034173997142575127
3.7699999999999636,1786130186.4531672,0.016767100009019487,TELEOP,0,,0.0,0.030750000000000912,0.01924999999999909,0.0,0.0,0.0,0.0,1.0,0.03174459704552307,0.01825540444218929,0.0,0.0,0.0,0.0,1.0,-0.006438016657506228,-0.28507898299497303,0.3179999991043595,-7.77668058109909e-11,-1.8578431519850924e-12,8.132775651800242e-12,1.0,-0.00556380835276711,-0.2859343063396997,0.31812511730185417,-0.0011797681141520282,0.0011647705254861729,0.00013932096608180672,0.9999986160222865,0.06983490547681913,-0.03831811116116184,0.04570036783630943,1.4656482900264594,0.07022338010881235,1.4653904144488417,0.07493307672065695,-0.03221777256848797,0.03990070045935867,1.4372399787499492,0.07532351847624044,1.439371047060178,-0.04511365483093427,-0.053136720290037645,0.05103285814669123,0.09539164120040676,-0.04509215745698875,0.09379617564964782,0.0,True,False,True,0.0012294196791387184,0.003327434978615552
3.7799999999999634,1786130186.4699721,0.01598329999251291,TELEOP,0,,0.0,0.030500000000000915,0.019499999999999088,0.0,0.0,0.0,0.0,1.0,0.03149459687857999,0.01850540452566378,0.0,0.0,0.0,0.0,1.0,-0.006551621016213049,-0.28496537867141436,0.3179999990964527,-7.850213664379689e-11,-1.8572717041142364e-12,8.240826971479053e-12,1.0,-0.005639911065987792,-0.28585967935072626,0.31811853634043313,-0.0011196265170972924,0.0011455284519752403,0.0001318440265137287,0.9999987084082562,0.06912722865240585,-0.03912608261253002,0.0464699485312581,1.46512469445064,0.06951561100600392,1.4648707616359091,0.07447921649534388,-0.03275283354645248,0.040414121437313745,1.4383371320952016,0.07486984100878585,1.4404271905228188,-0.045386022531308565,-0.05350609779645259,0.05134209779550822,0.10971533452523254,-0.045367746745459486,0.1056143462640876,0.0,True,False,True,0.0012825910558583896,0.0032144572605493547
3.789999999999963,1786130186.4886746,0.01679080000030808,TELEOP,0,,0.0,0.030250000000000922,0.01974999999999908,0.0,0.0,0.0,0.0,1.0,0.03124459671970668,0.018755404605102794,0.0,0.0,0.0,0.0,1.0,-0.00656576315421541,-0.2849512365381893,0.3179999990954598,-7.859289013221072e-11,-1.8565847395431366e-12,8.255008000483264e-12,1.0,-0.005716118874419631,-0.2857849490565374,0.31811154539760905,-0.0010556455178720471,0.0011138721733479312,0.00012390720320321888,0.9999988147734612,0.06903905241399828,-0.03922660968224484,0.04656564339355571,1.4650594086404027,0.06942741945157446,1.464805966865016,0.074025399038242,-0.0332882628883074,0.040927476236246464,1.4395575223737023,0.07441617540280518,1.441581515691604,-0.04538174571018951,-0.0535429341854929,0.05133547989327279,0.1220390278500584,-0.045366560598068,0.11543251687852746,0.0,True,False,True,0.0011955812573652823,0.003079255352933026
3.799999999999963,1786130186.5086153,0.01879320001171436,TELEOP,0,,0.0,0.03000000000000093,0.019999999999999074,0.0,0.0,0.0,0.0,1.0,0.030994596568787527,0.019005404680564254,0.0,0.0,0.0,0.0,1.0,-0.006594047430147032,-0.2849229522716858,0.31799999909351445,-7.875105169457398e-11,-1.853022863546176e-12,8.290691018943686e-12,1.0,-0.005792082752285964,-0.28571044459220957,0.318104237421255,-0.000988703141136499,0.0010697713630562953,0.00011563687909732124,0.9999989323411509,0.06886264642864168,-0.03942762797705289,0.04675696204777544,1.4649287646173796,0.06925098028725034,1.4646763050476104,0.0735735472538875,-0.03382170759812403,0.04143853400895929,1.440881149585451,0.07396444585346489,1.4428140225665338,-0.04518517843545172,-0.05334447098166398,0.05110577727128408,0.13236272117488435,-0.04517295493403098,0.1232506874929674,0.0,True,False,True,0.001128785687538104,0.002922545414190081
3.8099999999999627,1786130186.52112,0.019893799995770678,TELEOP,0,,0.0,0.029750000000000932,0.02024999999999907,0.0,0.0,0.0,0.0,1.0,0.030744596425641167,0.01925540475213894,0.0,0.0,0.0,0.0,1.0,-0.006636473843916441,-0.28488052587185747,0.31799999909073023,-7.890902348152616e-11,-1.852521629830881e-12,8.367546612368531e-12,1.0,-0.005867583931121299,-0.2856363687462616,0.3180967007905441,-0.0009196250793913777,0.0010131967101512538,0.0001071502000060941,0.9999990581200437,0.06859790359822285,-0.03972906580357402,0.04704376241066221,1.4647326143980952,0.0689861813160312,1.4644816284269904,0.07312479670395375,-0.034351721902993786,0.0419459288311801,1.4422880137304481,0.07351578915172632,1.4441047111476077,-0.04487505499337565,-0.053001430486976704,0.05073948222208188,0.1406864144997104,-0.044865670173857355,0.12906885810740742,0.0,True,False,True,0.0010825162204477481,0.002745002779704318
3.8199999999999625,1786130186.5377576,0.012456800002837554,TELEOP,0,,0.0,0.02950000000000094,0.020499999999999064,0.0,0.0,0.0,0.0,1.0,0.030494596290038926,0.019505404819941268,0.0,0.0,0.0,0.0,1.0,-0.006693042395506521,-0.28482395733841437,0.3179999990863564,-7.944057499663057e-11,-1.8564476654427387e-12,8.378970786129756e-12,1.0,-0.00594252409093593,-0.28556280690263025,0.3180890195874282,-0.0008491894853984701,0.0009441197279246939,9.855513166151686e-05,0.9999991889006927,0.0682446630715717,-0.04013081561666442,0.04742583151457962,1.464470727803655,0.06863285402729928,1.464221707096542,0.0726795522162896,-0.03487770094435822,0.042449095631295,1.4437581148086935,0.07307061123676857,1.4454335814348263,-0.04452444876641522,-0.05259790413644437,0.0503166800114914,0.14701010782453652,-0.04451779149577692,0.13288702872184754,0.0,True,False,True,0.0010569300136000425,0.00254731128906893
3.8299999999999623,1786130186.553672,0.016664700000546873,TELEOP,0,,0.0,0.029250000000000942,0.02074999999999906,0.0,0.0,0.0,0.0,1.0,0.030244596161719282,0.019755404884102056,0.0,0.0,0.0,0.0,1.0,-0.006763753084713919,-0.28475324667147056,0.3179999990811994,-7.991971243826354e-11,-1.8559435598366585e-12,8.449605007620865e-12,1.0,-0.006016915583518324,-0.28548973608621914,0.3180812739683013,-0.0007781321938331605,0.0008625125413457376,8.995072398842123e-05,0.9999993212454058,0.06780271000220629,-0.04063273399562702,0.047902885648212254,1.4641427827581373,0.06819077333712274,1.4638962192175884,0.07223754447611079,-0.035399813906242764,0.04294820540651781,1.445271452820187,0.07262864371819865,1.4467806334281892,-0.04420077401788292,-0.052211296188455124,0.04991097752228189,0.15133380114936273,-0.04419675185699401,0.13470519933628775,0.0,True,False,True,0.0010520401696238637,0.0023302439523677806
3.839999999999962,1786130186.569766,0.015902799990726635,TELEOP,0,,0.0,0.02900000000000095,0.020999999999999054,0.0,0.0,0.0,0.0,1.0,0.029994596040399123,0.02000540494476291,0.0,0.0,0.0,0.0,1.0,-0.006848605911418873,-0.2846683938707898,0.31799999907491194,-8.05036641333174e-11,-1.8555918134070173e-12,8.535802707936607e-12,1.0,-0.006090871760947597,-0.28541703404310287,0.31807354060064236,-0.000707152296345059,0.0007711994567276821,8.142551848985278e-05,0.9999994492783048,0.06727177521269716,-0.041234641640323394,0.04847457062114181,1.463748350936914,0.0676596572379392,1.4635047365588556,0.0717978862055065,-0.03591893709167915,0.04344410023668471,1.446808027764929,0.07218899997561885,1.4481315706938458,-0.04396582706042993,-0.05191231854363986,0.04958948301669174,0.15365749447418903,-0.04396437425798024,0.13509372656567098,0.0,True,False,True,0.001067722579323925,0.002098993453398381
3.849999999999962,1786130186.5866237,0.016080800007330254,TELEOP,0,,0.0,0.028750000000000955,0.021249999999999047,0.0,0.0,0.0,0.0,1.0,0.029744595925782456,0.02025540500207187,0.0,0.0,0.0,0.0,1.0,-0.006947600875400132,-0.2845693989361486,0.3179999990674375,-8.11976207495571e-11,-1.854762301684059e-12,8.6383468161606e-12,1.0,-0.006164597469909089,-0.2853444882892424,0.3180658931299507,-0.0006369170565060977,0.0006737101810639805,7.306046057902198e-05,0.9999995675566186,0.06665153477436664,-0.04193632334067734,0.049140462026636925,1.463286879483421,0.06703916635497505,1.4630467060785888,0.0713591275725141,-0.03643658741616943,0.04393822856565682,1.448347839642919,0.07175023047811069,1.4494735071830918,-0.04387586329924124,-0.05176503244902973,0.049412832897212024,0.1539811877990154,-0.043876949750817865,0.13419364892460325,0.0,True,False,True,0.0011037209184229916,0.0018599857235853297
3.8599999999999617,1786130186.6028104,0.016888400001334958,TELEOP,0,,0.0,0.02850000000000096,0.021499999999999044,0.0,0.0,0.0,0.0,1.0,0.029494595817567127,0.02050540505618004,0.0,0.0,0.0,0.0,1.0,-0.0070607379762686814,-0.2844562618671549,0.3179999990587056,-8.200797523531134e-11,-1.8542015430206523e-12,8.758280016816145e-12,1.0,-0.006238379761603956,-0.28527180506514843,0.3180584026436619,-0.0005680666644617178,0.0005739091366195686,6.49299435983308e-05,0.9999996718562812,0.06594160948881847,-0.042737527947430735,0.0499000655791201,1.4627576672133527,0.06632890340451046,1.4625214259667736,0.07091931050557873,-0.03695485674508595,0.044432581179808084,1.4498708884541573,0.07131037700071709,1.4507942261786761,-0.04398170669353754,-0.05182693289165316,0.049435261415127184,0.15230488112384186,-0.043985347739360976,0.1320718995584432,0.0,True,False,True,0.0011596528444995247,0.0016202313184650802
3.8699999999999615,1786130186.6190326,0.016212299990002066,TELEOP,0,,0.0,0.028250000000000965,0.021749999999999037,0.0,0.0,0.0,0.0,1.0,0.029244595715449937,0.02075540510723905,0.0,0.0,0.0,0.0,1.0,-0.007188017212937308,-0.2843289826627177,0.31799999904863263,-8.294232388155398e-11,-1.8535030951470237e-12,8.896848877680285e-12,1.0,-0.006312578857811893,-0.28519861813818226,0.3180511381008989,-0.0005012184426322666,0.0004760068199244745,5.710251659131043e-05,0.9999997594684125,0.06514156426919905,-0.043637968334675856,0.050752817497909726,1.4621598345648914,0.0655284125503518,1.4619280154067391,0.07047602162313535,-0.03747634746040936,0.04492962827276689,1.451357174198644,0.07086702544886764,1.4520822032387124,-0.04432888824433974,-0.05214907153234171,0.04970470929588161,0.1486285744486684,-0.04433515518494567,0.12879770600361673,0.0,True,False,True,0.0012350195854632492,0.0013871742673435541
3.8799999999999613,1786130186.635683,0.016182899998966604,TELEOP,0,,0.0,0.02800000000000097,0.021999999999999034,0.0,0.0,0.0,0.0,1.0,0.028994595619130495,0.021005405155399105,0.0,0.0,0.0,0.0,1.0,-0.007301621401695775,-0.28421537849095496,0.31799999903941023,-8.379738109002105e-11,-1.852674263627885e-12,9.023927444451404e-12,1.0,-0.006387428745282002,-0.2851246896712727,0.31804415312407985,-0.000436858091362839,0.00038292670920343655,4.962874091166811e-05,0.9999998300295513,0.0644262401952867,-0.0444408460059963,0.051512339230723465,1.46162387665913,0.06481263175847751,1.4613960020259347,0.07002766110986886,-0.03800274518935572,0.04543096804518716,1.4527908993426213,0.0704185754590446,1.4533275280353235,-0.04483605132665076,-0.05263977289463749,0.05013397724202798,0.14337251439772816,-0.04484499898230444,0.12453247966110867,0.0,True,False,True,0.0012901723213914896,0.0011660889063240954
3.889999999999961,1786130186.6494136,0.01670459999877494,TELEOP,0,,0.0,0.027750000000000975,0.022249999999999028,0.0,0.0,0.0,0.0,1.0,0.02874459552831409,0.02125540520080758,0.0,0.0,0.0,0.0,1.0,-0.007315763538760651,-0.2842012363567857,0.317999999038251,-8.390312450151412e-11,-1.8516546640972873e-12,9.040504623012598e-12,1.0,-0.0064624477585622404,-0.2850504937298517,0.31803747228934404,-0.0003752490057043922,0.0002949121888026398,4.25313024348686e-05,0.9999998852030298,0.06433711051754135,-0.044540739040810844,0.051606782933755924,1.4615569943792135,0.06472344132621939,1.4613296105738864,0.06957714626026118,-0.03853067917596944,0.045933417106631916,1.4541660230512434,0.06996794675911776,1.4545246457831793,-0.045051484960768405,-0.05279339866137264,0.05024490614447617,0.13751237086221774,-0.04506286999268547,0.11971177478557397,0.0,True,False,True,0.0012044875055350688,0.0009583191159492748
3.899999999999961,1786130186.6628406,0.0137078000116162,TELEOP,0,,0.0,0.027500000000000982,0.02249999999999902,0.0,0.0,0.0,0.0,1.0,0.028494595442713797,0.02150540524360795,0.0,0.0,0.0,0.0,1.0,-0.007344047812840015,-0.28417295208841425,0.3179999990359853,-8.408716108283917e-11,-1.8542149035544787e-12,9.081699730958574e-12,1.0,-0.0065372937392150065,-0.28497636960155076,0.3180311159329803,-0.000316601800218687,0.0002121520148350888,3.5826339984850926e-05,0.9999999267356454,0.06415879675917234,-0.04474048921652233,0.05179559986857455,1.46142311848316,0.06454500346584602,1.4611967161739439,0.06912654688769658,-0.03905774234453585,0.04643470501546976,1.4554769496135354,0.06951721112242598,1.4556683375408719,-0.04505993725646051,-0.05270631685664221,0.050128790883785544,0.1310926562291974,-0.04507356366917816,0.11436917576925165,0.0,True,False,True,0.001138990823933007,0.0007655812379770921
3.9099999999999606,1786130186.6757388,0.013419199996860698,TELEOP,0,,0.0,0.027250000000000985,0.022749999999999018,0.0,0.0,0.0,0.0,1.0,0.028244595362051927,0.021755405283939076,0.0,0.0,0.0,0.0,1.0,-0.0073864742238679785,-0.2841305256858224,0.31799999903276044,-8.427289049020572e-11,-1.848504906247412e-12,9.16840655826305e-12,1.0,-0.006611754362716514,-0.2849025304751183,0.31802510045427484,-0.0002610800195575171,0.0001347833363781278,2.9524311170314844e-05,0.9999999563994945,0.06389119002540952,-0.045040024739124565,0.052078649146422344,1.4612220220275984,0.06427720409297945,1.4609970915365837,0.0686771408179687,-0.03958242721012859,0.046933412988369394,1.4567185286318451,0.06906764785108736,1.4567537268881714,-0.04494060697278815,-0.05246848655927531,0.04987079728996494,0.12415790183097491,-0.0449563271338623,0.10853893472994738,0.0,True,False,True,0.0010939891861076114,0.0005905961998357628
3.9199999999999604,1786130186.6915846,0.01288120000390336,TELEOP,0,,0.0,0.027000000000000992,0.02299999999999901,0.0,0.0,0.0,0.0,1.0,0.02799459528606105,0.022005405321934672,0.0,0.0,0.0,0.0,1.0,-0.00744304277188587,-0.2840739571487789,0.31799999902761233,-8.489068579124761e-11,-1.8519327430686164e-12,9.186707626217508e-12,1.0,-0.006685737423266112,-0.2848290722987722,0.31801943863588467,-0.0002088055787810459,6.289484038074709e-05,2.3630804103596922e-05,0.9999999759430269,0.06353412674891858,-0.04543923790793916,0.05245571958476479,1.46095335355694,0.0639198718485749,1.460730384619276,0.06822946987857198,-0.04010406063343451,0.04742891131489125,1.4578860512383867,0.06861979974123174,1.457776282801884,-0.04476709393967395,-0.05216334233059305,0.0495498326521869,0.11675226065415407,-0.044784810985562994,0.10225559137127459,0.0,True,False,True,0.001069620577198864,0.00043869766672880903
3.92999999999996,1786130186.7073238,0.015836799997487105,TELEOP,0,,0.0,0.026750000000000995,0.023249999999999008,0.0,0.0,0.0,0.0,1.0,0.02774459521448462,0.02225540535772302,0.0,0.0,0.0,0.0,1.0,-0.007513753456712198,-0.28400324647741637,0.3179999990215763,-8.544984196022869e-11,-1.8512405358824503e-12,9.270123918795598e-12,1.0,-0.006759261159879933,-0.2847559827472725,0.3180141399776233,-0.00015986385479483493,-3.4700084315545254e-06,1.8147286538041396e-05,0.9999999870510914,0.06308738842286045,-0.04593798508391059,0.05292652982923316,1.4606166240115073,0.06347277781801246,1.4603961054546681,0.06778339595179365,-0.04062273796903769,0.04792129602055255,1.4589752426053075,0.06817352909939729,1.458731818935654,-0.04460739267783413,-0.051867733560318686,0.04923847056613099,0.10891913669208628,-0.044627064183446134,0.09555361337699077,0.0,True,False,True,0.0010658660725316508,0.00032185580368022406
3.93999999999996,1786130186.7230854,0.01573369999823626,TELEOP,0,,0.0,0.026500000000001002,0.023499999999999,0.0,0.0,0.0,0.0,1.0,0.027494595147077326,0.02250540539142678,0.0,0.0,0.0,0.0,1.0,-0.007598606278298962,-0.2839183936715708,0.31799999901420983,-8.613199689819668e-11,-1.850946865581072e-12,9.372047675529049e-12,1.0,-0.006832444693330136,-0.2846831502288298,0.31800921103770613,-0.00011430837419267125,-6.430966100282852e-05,1.3071787366503183e-05,0.9999999913134957,0.06255070122708205,-0.04653608667868473,0.053490728610125715,1.460211187282759,0.06293563514927092,1.4599936065972472,0.06733815669443635,-0.04113925711493537,0.04841132528261411,1.459982250974134,0.06772807341417317,1.459616489472593,-0.04452392573573102,-0.05165191458976925,0.049002926206156996,0.10070083688264278,-0.044545568522413384,0.08846705369390366,0.0,True,False,True,0.0010825622511105163,0.0002636132656763443
3.9499999999999598,1786130186.7397275,0.0157552000018768,TELEOP,0,,0.0,0.02625000000000101,0.023749999999998994,0.0,0.0,0.0,0.0,1.0,0.027244595083605206,0.022755405423162935,0.0,0.0,0.0,0.0,1.0,-0.007697601236517441,-0.2838193987311106,0.31799999900544,-8.694385782922919e-11,-1.8504140245227777e-12,9.493525022808651e-12,1.0,-0.006905498631462698,-0.28461037286575075,0.31800465577448805,-7.216506431892593e-05,-0.00011966113833367208,8.399508289791835e-06,0.9999999902014318,0.061923735559318065,-0.0472333271121429,0.05414789498026844,1.4597362153200184,0.06230809856775865,1.4595220580961066,0.06689242056175385,-0.041655052929211074,0.04890035606240425,1.4609036333979601,0.06728210032183984,1.4604267816913392,-0.044573613268252245,-0.051579581427571485,0.048903077979014976,0.09213824238262021,-0.04459730923333346,0.08102922187462966,0.0,True,False,True,0.0011194142683127566,0.00027997945104634635
3.9599999999999596,1786130186.7562876,0.016641099995467812,TELEOP,0,,0.0,0.026000000000001012,0.02399999999999899,0.0,0.0,0.0,0.0,1.0,0.026994595023845623,0.023005405453042808,0.0,0.0,0.0,0.0,1.0,-0.007810738331139782,-0.2837062616558037,0.3179999989951778,-8.789351612572501e-11,-1.8496834358569324e-12,9.635908073125429e-12,1.0,-0.006978715890098715,-0.2845373673862917,0.31800047588132363,-3.343605343698644e-05,-0.00016959667325762114,4.1233658025604694e-06,0.9999999850509982,0.06120610545188652,-0.04802945476945259,0.054897538626919526,1.4591906655431852,0.06158976377893549,1.4589804147464058,0.0664443408074208,-0.04217213243840992,0.04939028137835434,1.4617363383430315,0.06683376153898635,1.461159505343628,-0.04480797543330575,-0.051707950919886024,0.04899253159501045,0.08327049450714168,-0.044833878285350355,0.0732723652288736,0.0,True,False,True,0.0011760094834083296,0.0003458207461013102
3.9699999999999593,1786130186.7726002,0.016568499995628372,TELEOP,0,,0.0,0.02575000000000102,0.024249999999998984,0.0,0.0,0.0,0.0,1.0,0.02674459496758709,0.023255405481172147,0.0,0.0,0.0,0.0,1.0,-0.00793801756152192,-0.28357898244500107,0.31799999898331693,-8.899063765979305e-11,-1.849019047133451e-12,9.800796666113595e-12,1.0,-0.007052462767958925,-0.2844637778694373,0.3179966711073519,1.8969776413414442e-06,-0.00021422036464486578,2.344655015762736e-07,0.9999999770529907,0.0603973678681534,-0.04892418194578491,0.05573910022177726,1.4585732393977522,0.060780166750991266,1.458367374456624,0.0659916081649817,-0.04269301122119897,0.04988346860438792,1.4624776852444492,0.06638074546867624,1.4618117788937328,-0.045273264243910406,-0.05208787827890592,0.049318722603358824,0.07413469014176942,-0.04530160703101218,0.06522735501049262,0.0,True,False,True,0.0012518311828134314,0.000428457784943875
3.979999999999959,1786130186.7883682,0.016314400010742247,TELEOP,0,,0.0,0.025500000000001022,0.02449999999999898,0.0,0.0,0.0,0.0,1.0,0.02649459491462902,0.023505405507651247,0.0,0.0,0.0,0.0,1.0,-0.008051621622197315,-0.2834653783948109,0.31799999897243697,-8.999662112187946e-11,-1.848200750362509e-12,9.952349392240559e-12,1.0,-0.007126974831561772,-0.2843893762963619,0.31799323757443404,3.3875820448602906e-05,-0.0002536644025502569,-3.2779966685338925e-06,0.9999999672480266,0.05967426387090372,-0.049721957798078587,0.0564886459646089,1.4580186531001813,0.06005623592564905,1.4578166938293668,0.06553273279625921,-0.043219295567761704,0.050381426182142454,1.4631262877364135,0.06592156053239873,1.4623819526683821,-0.04588753687224979,-0.0526284346562746,0.049795757775454585,0.06486024919643613,-0.04591849362775226,0.05701737746491982,0.0,True,False,True,0.0013072067648257613,0.0005118747981672411
3.989999999999959,1786130186.8012712,0.015765099989948794,TELEOP,0,,0.0,0.02525000000000103,0.024749999999998974,0.0,0.0,0.0,0.0,1.0,0.026244594864781402,0.023755405532575116,0.0,0.0,0.0,0.0,1.0,-0.008065763758714786,-0.2834512362600844,0.3179999989710688,-9.012106395053529e-11,-1.8491049213670788e-12,9.972112161948046e-12,1.0,-0.00720176361872069,-0.2843146457527752,0.3179901617650098,6.258522103366969e-05,-0.00028808415709338683,-6.428167538782585e-06,0.9999999565246427,0.05958416411396141,-0.049821215731167566,0.05658184874110115,1.4579493737153888,0.05996602929301386,1.4577479000065219,0.06507078753685874,-0.04374756955324564,0.05088094578507688,1.4636848892289014,0.06545928315164862,1.4628724310405476,-0.04619452594004688,-0.052827398548394675,0.04995196029344357,0.05586014924879948,-0.04622773807501239,0.04904783721655151,0.0,True,False,True,0.0012215027485034458,0.0005897481688361578
3.9999999999999587,1786130186.8143377,0.012901900001452304,TELEOP,0,,0.0,0.025000000000001035,0.024999999999998967,0.0,0.0,0.0,0.0,1.0,0.02599459481786443,0.024005405556033654,0.0,0.0,0.0,0.0,1.0,-0.008094048031717753,-0.28342295199062034,0.31799999896840114,-9.033856107655047e-11,-1.841531193629619e-12,1.002024654951301e-11,1.0,-0.007276479774106266,-0.28423993422339006,0.3179874298488341,8.812702253884605e-05,-0.00031765694013974,-9.231107166240527e-06,0.9999999456212401,0.05940390919922422,-0.05001969563073369,0.05676818437809516,1.457810650602175,0.05978555800347785,1.4576101475723537,0.06460798439395253,-0.04427537713769958,0.051379722355773844,1.4641561472732187,0.0649961280168765,1.4632854925798369,-0.0462803142906225,-0.052780758445395155,0.04987765706969708,0.04712580443172866,-0.04631551347721328,0.041306153928926614,0.0,True,False,True,0.0011558701515663257,0.000659568149444295
4.009999999999959,1786130186.827584,0.013117900001816452,TELEOP,0,,0.0,0.024750000000001028,0.025249999999998975,0.0,0.0,0.0,0.0,1.0,0.025744594773708093,0.02425540557811187,0.0,0.0,0.0,0.0,1.0,-0.008136474441157797,-0.28338052558642174,0.3179999989646407,-9.05582935218083e-11,-1.8276121067475256e-12,1.0119994952751762e-11,1.0,-0.007350903492647748,-0.28416546324205255,0.3179850277912164,0.0001106162447335769,-0.0003425790606132967,-1.1702472547387173e-05,0.9999999351333408,0.05913338822427009,-0.050317325555092184,0.057047513092538533,1.457602149182518,0.059514705905680594,1.457403101032286,0.06414573015066569,-0.044801158731903164,0.051876293870140276,1.464542619938213,0.06453350371200763,1.463623282382883,-0.04622542432868343,-0.05257815942035709,0.04965715143664224,0.038647266499431086,-0.04626243048688711,0.03377898030460563,0.0,True,False,True,0.0011106182847422763,0.0007203702905109689
4.019999999999959,1786130186.8436868,0.013208100004703738,TELEOP,0,,0.0,0.024500000000001035,0.025499999999998968,0.0,0.0,0.0,0.0,1.0,0.02549459473215182,0.02450540559889005,0.0,0.0,0.0,0.0,1.0,-0.008193042987138181,-0.283323957047289,0.3179999989584883,-9.128574411093394e-11,-1.8473164222404663e-12,1.0147071312307442e-11,1.0,-0.0074249349122753,-0.2840913367244914,0.317982941440125,0.00013017776471189514,-0.00036306296456201786,-1.3858261411251204e-05,0.9999999255234883,0.05877243457921128,-0.05071399757734919,0.05741962535335864,1.4573233523217586,0.05915329851346513,1.45712624180935,0.06368468254173988,-0.04532418657412758,0.0523699797824985,1.4648467527448992,0.06407206889644351,1.463887804698359,-0.04610476089258093,-0.05230278422244264,0.049368591235823704,0.03041328066860755,-0.04614348155641214,0.02645223154760188,0.0,True,False,True,0.0010858879051658498,0.0007718887178177208
4.0299999999999585,1786130186.8598952,0.016105999995488673,TELEOP,0,,0.0,0.024250000000001038,0.025749999999998965,0.0,0.0,0.0,0.0,1.0,0.025244594693043975,0.024755405618444012,0.0,0.0,0.0,0.0,1.0,-0.008263753669473817,-0.28325324637338517,0.3179999989513398,-9.194618157493845e-11,-1.84683793234669e-12,1.0247059710318615e-11,1.0,-0.007498584538575364,-0.28401754991314737,0.31798115660514403,0.00014694352765043926,-0.0003793344776055092,-1.5714606187346693e-05,0.9999999171329991,0.05832082564362501,-0.05120956774334884,0.05788424197693123,1.4569735421928884,0.05870110269243269,1.4567788500292245,0.06322480656065432,-0.04584449946539733,0.052860818689621544,1.4650708660777503,0.06361178860575967,1.4640809157467876,-0.04598759810855674,-0.05203128912697608,0.04908389071230558,0.022411333285105188,-0.04602802906838531,0.019311104842847343,0.0,True,False,True,0.0010816647973300626,0.0008142088925204966
4.039999999999958,1786130186.876311,0.016208600005484186,TELEOP,0,,0.0,0.024000000000001045,0.025999999999998958,0.0,0.0,0.0,0.0,1.0,0.02499459465624147,0.0250054056368453,0.0,0.0,0.0,0.0,1.0,-0.008348606488176742,-0.28316839356459333,0.3179999989426026,-9.275318187316087e-11,-1.8463820881934694e-12,1.0369439754459024e-11,1.0,-0.007571963770491902,-0.2839439983653488,0.3179796591363769,0.00016105021964274603,-0.00039163016485160217,-1.728760948923784e-05,0.9999999101948857,0.057778282356243105,-0.05180385605424128,0.05844101437652082,1.4565517731745616,0.05815782622958593,1.4563599773097482,0.06276543049323971,-0.046362837369817125,0.05334950571342113,1.4652171429321472,0.06315199026724272,1.464204316579812,-0.04593760674146258,-0.05183379044198082,0.048868702379960174,0.01462768543968781,-0.04597983385169607,0.012340083302443992,0.0,True,False,True,0.0010977934348524274,0.0008476090142323367
4.049999999999958,1786130186.8926103,0.01640870000119321,TELEOP,0,,0.0,0.023750000000001048,0.026249999999998955,0.0,0.0,0.0,0.0,1.0,0.02474459462160935,0.025255405654161393,0.0,0.0,0.0,0.0,1.0,-0.008447601443183801,-0.2830693986208457,0.3179999989321841,-9.371518525536068e-11,-1.8457138206968627e-12,1.0515634906665674e-11,1.0,-0.0076452755844725155,-0.2838704869188351,0.31797843500752054,0.00017263733863002846,-0.0004001948208346218,-1.859321357743175e-05,0.999999904847369,0.05714446867413078,-0.05249664640935327,0.05908952476642863,1.456056836992005,0.057523117283918374,1.455868411768747,0.062305301307699165,-0.04688057634497649,0.05383733006199442,1.4652876168129823,0.06269141906121799,1.4642595457822298,-0.046012918554055225,-0.05177389751593807,0.04878243485732982,0.007047388083504149,-0.04605712060247442,0.005522920241778705,0.0,True,False,True,0.001133990408945013,0.0008724799052047446
4.059999999999958,1786130186.9086678,0.016293699998641387,TELEOP,0,,0.0,0.023500000000001055,0.026499999999998948,0.0,0.0,0.0,0.0,1.0,0.02449459458902037,0.025505405670455915,0.0,0.0,0.0,0.0,1.0,-0.008560738534379372,-0.28295626154202125,0.31799999891996955,-9.484264312933117e-11,-1.844941081739525e-12,1.0687396983958621e-11,1.0,-0.007718805424361486,-0.28379673857215204,0.31797747040426344,0.00018184560387881854,-0.0004052790995937364,-1.9647097274740197e-05,0.9999999011475048,0.056418990892281695,-0.05328768654742806,0.05982928644100683,1.4554872167612714,0.05679656370273385,1.4553026319077478,0.06184263906529105,-0.0473996642263896,0.054326113189707516,1.4652841595367219,0.06222829229348362,1.4642479717603178,-0.046266224240812746,-0.051908788141312376,0.04887831277131095,-0.0003457276260313887,-0.04631267677343775,-0.0011574021912041377,0.0,True,False,True,0.0011898573586534603,0.0008892806690712195
4.069999999999958,1786130186.9246185,0.01605609999387525,TELEOP,0,,0.0,0.02325000000000106,0.02674999999999894,0.0,0.0,0.0,0.0,1.0,0.02424459455835459,0.025755405685788834,0.0,0.0,0.0,0.0,1.0,-0.008688017761419515,-0.2828289823277691,0.3179999989058198,-9.614822878466614e-11,-1.844301540630886e-12,1.088684217405092e-11,1.0,-0.007792912335747661,-0.28372240322162934,0.31797675181693047,0.0001888156491212113,-0.00040713729270904,-2.046459469010518e-05,0.9999998990845329,0.05560139681287102,-0.05417668797073598,0.06065974408045378,1.454841028072213,0.05597769219019388,1.4546607475080975,0.061375190049664026,-0.04792255744924292,0.05481814793796359,1.4652084686205353,0.06176035247789871,1.464170784294036,-0.04674490156270336,-0.05228932228533243,0.04920347482560883,-0.0075690916186597415,-0.046793981558491356,-0.007718746628201126,0.0,True,False,True,0.0012648932934421991,0.0008985120431787866
4.079999999999957,1786130186.940831,0.01594650000333786,TELEOP,0,,0.0,0.023000000000001065,0.026999999999998938,0.0,0.0,0.0,0.0,1.0,0.023994594529498998,0.026005405700216658,0.0,0.0,0.0,0.0,1.0,-0.008801621748847159,-0.2827153783479471,0.3179999988928094,-9.734823550219988e-11,-1.8434916533050207e-12,1.1070722375865143e-11,1.0,-0.007867824879389959,-0.2836472581924181,0.31797626372094345,0.00019369669973752808,-0.0004060245629513718,-2.1061412725216966e-05,0.9999998985910248,0.05487036281219968,-0.054969350596769044,0.061399390072925206,1.4542591807083438,0.055245457919931,1.4540827265293008,0.06090152270730131,-0.048450812300382944,0.05531488286091334,1.4650630485590852,0.061286165323626664,1.4640299731599111,-0.04736673423627275,-0.052825485114003416,0.04967349229497587,-0.014542006145015392,-0.04741871542720575,-0.01408111341247249,0.0,True,False,True,0.0013194468524055447,0.0009007063688198294
4.089999999999957,1786130186.9540813,0.016208300003199838,TELEOP,0,,0.0,0.02275000000000107,0.02724999999999893,0.0,0.0,0.0,0.0,1.0,0.02374459450234712,0.02625540571379262,0.0,0.0,0.0,0.0,1.0,-0.008815763885085844,-0.28270123621292953,0.31799999889117386,-9.749693263654768e-11,-1.8419149946581244e-12,1.1094674009143726e-11,1.0,-0.007943047815548419,-0.2835717913971416,0.3179759815205227,0.00019667541249065933,-0.00040219293652892044,-2.14559799544246e-05,0.9999998995496274,0.05477927410735981,-0.05506797192007416,0.061491361284474036,1.454186398532685,0.05515421583028582,1.4540104196183958,0.060424812028191444,-0.04898099841128693,0.05581311541822534,1.4648542145442391,0.06080891078295131,1.4638313160540364,-0.047671067910987165,-0.053018611090399806,0.04982325573120058,-0.02088340148459741,-0.04772545406753641,-0.019865710587485277,0.0,True,False,True,0.0012329138254072686,0.0008964391467280501
4.099999999999957,1786130186.9678295,0.013257999991765246,TELEOP,0,,0.0,0.022500000000001075,0.027499999999998928,0.0,0.0,0.0,0.0,1.0,0.023494594476798667,0.026505405726566872,0.0,0.0,0.0,0.0,1.0,-0.008844048157540689,-0.28267295194289055,0.31799999888798774,-9.775627200295702e-11,-1.84378447639647e-12,1.1152150374046824e-11,1.0,-0.00801822537526503,-0.28349635522042066,0.317975883186131,0.0001979297141265392,-0.0003958928510396853,-2.1665782568960958e-05,0.9999999018116316,0.05459704014457482,-0.0552651785003794,0.061675234290556095,1.4540405955780178,0.054971672462058516,1.4538655664644422,0.05994735660092673,-0.04951064248578984,0.05631053775459696,1.4645876887878093,0.060330891076770476,1.4635800071126122,-0.047745542726472,-0.052964407450291816,0.04974223363716356,-0.026652575642978994,-0.047801970618083924,-0.025130894142412902,0.0,True,False,True,0.0011664295059063286,0.0008862883908719281
4.109999999999957,1786130186.9813402,0.013801100009004585,TELEOP,0,,0.0,0.02225000000000108,0.02774999999999892,0.0,0.0,0.0,0.0,1.0,0.0232445944527592,0.02675540573858663,0.0,0.0,0.0,0.0,1.0,-0.008886474566167927,-0.28263052553785156,0.3179999988835414,-9.801732606541309e-11,-1.8474109701911094e-12,1.126999227814295e-11,1.0,-0.008093131727942099,-0.28342117517181303,0.3179759489937527,0.00019762815510110122,-0.0003873715345302518,-2.1707374751200243e-05,0.9999999052075937,0.054323547699046196,-0.05556089819361957,0.06195087029927631,1.4538212862603628,0.054697709318486915,1.4536476799992222,0.059470634897448804,-0.050038165218721876,0.056805677205609,1.4642686068268636,0.05985358702833886,1.4632806660891304,-0.047672170347794154,-0.05275227329320482,0.04951394510120504,-0.031908196094568506,-0.04773040484316274,-0.02993410234817699,0.0,True,False,True,0.00112031160836906,0.000870826856159981
4.119999999999957,1786130186.99808,0.013461399998050183,TELEOP,0,,0.0,0.022000000000001088,0.027999999999998915,0.0,0.0,0.0,0.0,1.0,0.022994594430139785,0.027005405749896357,0.0,0.0,0.0,0.0,1.0,-0.008943043111138414,-0.2825739569976422,0.31799999887608793,-9.888993437705915e-11,-1.8425326644234685e-12,1.1307708356065917e-11,1.0,-0.00816766139033847,-0.2833463587235571,0.31797616126786543,0.00019592963891215722,-0.00037687152665241285,-2.159640392195252e-05,0.9999999095565081,0.05395862663001409,-0.05595502276384953,0.062318061256790735,1.4535277204339463,0.05433214835340561,1.453356007783452,0.05899536216740352,-0.05056281701241741,0.05729783548050324,1.4639015255404904,0.059377714993145064,1.4629373489127049,-0.047527273004529864,-0.05246517936955418,0.049215827489425275,-0.03670812863732468,-0.0475872035193806,-0.03433171764254997,0.0,True,False,True,0.0010947097655144926,0.000850616304629047
4.129999999999956,1786130187.0137224,0.01673839999421034,TELEOP,0,,0.0,0.02175000000000109,0.02824999999999891,0.0,0.0,0.0,0.0,1.0,0.02274459440885669,0.027255405760537924,0.0,0.0,0.0,0.0,1.0,-0.009013753792231972,-0.2825032463224264,0.31799999886749863,-9.968161509251093e-11,-1.8422023125375354e-12,1.1429743037664661e-11,1.0,-0.00824181966073116,-0.28327190426262916,0.31797650414640477,0.00019298341077430436,-0.00036462934740552784,-2.1347643360744095e-05,0.9999999146735565,0.05350204952237595,-0.05644740782843944,0.06277652990732048,1.4531588574450376,0.05387475160657854,1.452989505981655,0.05852154749371598,-0.05108461303730513,0.057787027054898084,1.4634904324995408,0.05890328393736626,1.4625535592584047,-0.04738146736875486,-0.052179602488773305,0.04891915743948515,-0.04110930409494529,-0.047443105577881194,-0.03837896543001084,0.0,True,False,True,0.001089618894078078,0.0008262031881476934
4.139999999999956,1786130187.0294528,0.015633000002708286,TELEOP,0,,0.0,0.021500000000001098,0.028499999999998905,0.0,0.0,0.0,0.0,1.0,0.0224945943888311,0.027505405770550738,0.0,0.0,0.0,0.0,1.0,-0.009098606609509266,-0.28241839351212156,0.3179999988569857,-1.0065036960320743e-10,-1.8414357422185062e-12,1.15793915646293e-11,1.0,-0.008315713148405922,-0.2831977100883556,0.31797696337895864,0.0001889292113561082,-0.0003508743159466283,-2.097502650434512e-05,0.9999999203765048,0.05295353116961368,-0.05703787283270782,0.06332593003195565,1.4527133271436292,0.05332522069650806,1.4525468002660524,0.05804855059614058,-0.051604268142031395,0.058273917268767364,1.4630387562025877,0.058429652252618626,1.4621322606934049,-0.04729968975754077,-0.0519655104726274,0.04868902138692914,-0.04516762969530503,-0.04736316847476485,-0.042129856499976706,0.0,True,False,True,0.0011048923615807323,0.0007981153548450172
4.149999999999956,1786130187.0450335,0.015728200000012293,TELEOP,0,,0.0,0.0212500000000011,0.0287499999999989,0.0,0.0,0.0,0.0,1.0,0.022244594369988806,0.027755405779971903,0.0,0.0,0.0,0.0,1.0,-0.009197601562947966,-0.28231939856669946,0.3179999988444234,-1.0180765830659973e-10,-1.840832085560803e-12,1.1758611605353138e-11,1.0,-0.008389540456763095,-0.28312358338949684,0.3179775261637766,0.00018389752119952668,-0.00033582751933751025,-2.049167871590941e-05,0.9999999264908324,0.052312727921221595,-0.05772620097463707,0.06396584660668823,1.452189379405508,0.052683196168779214,1.4520261352061072,0.05757513800478731,-0.052123132077145785,0.05875976058521643,1.4625493767026232,0.05795558392990663,1.46167588891516,-0.047341259135328335,-0.05188639351144017,0.04858433164490787,-0.048937949996445955,-0.047406832271200704,-0.0456371778244908,0.0,True,False,True,0.001140254796929971,0.000766859501705432
4.159999999999956,1786130187.061738,0.015591300005326048,TELEOP,0,,0.0,0.021000000000001108,0.028999999999998895,0.0,0.0,0.0,0.0,1.0,0.021994594352259974,0.028005405788836337,0.0,0.0,0.0,0.0,1.0,-0.00931073865249956,-0.28220626148610356,0.31799999882966123,-1.0316721832366337e-10,-1.840075304503513e-12,1.1969791499881956e-11,1.0,-0.008463583068097757,-0.28304924913819407,0.31797818102461284,0.00017800983879748307,-0.0003197009288895728,-1.990994353767398e-05,0.9999999328537015,0.05157923685052738,-0.05851213912615915,0.0646957960345284,1.45158481706517,0.05194825667415827,1.451425307041748,0.05709953826025334,-0.05264312545550768,0.059246339427026076,1.4620246360523956,0.05747930375036683,1.4611863635220923,-0.04755997445339814,-0.05199933783619055,0.04865788418096552,-0.052474065022751246,-0.047628017953981444,-0.048952539306763715,0.0,True,False,True,0.0011953145119077914,0.0007329191893637254
4.1699999999999555,1786130187.077976,0.01669899999978952,TELEOP,0,,0.0,0.020750000000001115,0.029249999999998888,0.0,0.0,0.0,0.0,1.0,0.021744594335578866,0.028255405797176905,0.0,0.0,0.0,0.0,1.0,-0.00943801787799487,-0.28207898227015443,0.3179999988125134,-1.0474594325160634e-10,-1.839433143437136e-12,1.2215856172398196e-11,1.0,-0.008538196469402546,-0.28297435884231936,0.3179789177250418,0.0001713789500645691,-0.0003026966599393896,-1.924140140494538e-05,0.9999999393168761,0.050752594723567954,-0.05939539773121049,0.06551522638799458,1.450896909116374,0.0511199179535202,1.4507415766980387,0.05661949583098133,-0.053166676832031794,0.059735903969247196,1.4614663479081869,0.05699855118442168,1.4606650986699465,-0.048004242927202026,-0.052355137652412724,0.04895645422211318,-0.055828814420870315,-0.04807525659451536,-0.05212648521457055,0.0,True,False,True,0.001269575592704853,0.0006967532824771652
4.179999999999955,1786130187.0949771,0.016239399992628023,TELEOP,0,,0.0,0.020500000000001118,0.029499999999998885,0.0,0.0,0.0,0.0,1.0,0.02149459431988362,0.028505405805024545,0.0,0.0,0.0,0.0,1.0,-0.009551621825463534,-0.2819653783292113,0.31799999879670177,-1.0620115022927696e-10,-1.8386672339201072e-12,1.2443502733592288e-11,1.0,-0.008613606035159307,-0.2828986910866399,0.31797972479160935,0.00016411912263494057,-0.0002850056777542357,-1.8497736258254073e-05,0.999999945747254,0.05001345452544174,-0.060182931400170774,0.06624503961052318,1.4502755379553591,0.05037920348361355,1.4501239123994827,0.05613358165063796,-0.053695322917235416,0.06022987379712542,1.46087686981799,0.056511893639938575,1.460114069873046,-0.048591418034337676,-0.052864608520363725,0.04939698278782317,-0.058947809019705866,-0.04866575444831138,-0.05510287969006728,0.0,True,False,True,0.0013233885904455642,0.000658803543431144
4.189999999999955,1786130187.108158,0.017014700002619065,TELEOP,0,,0.0,0.020250000000001125,0.029749999999998878,0.0,0.0,0.0,0.0,1.0,0.021244594305116004,0.028755405812408364,0.0,0.0,0.0,0.0,1.0,-0.009565763961584308,-0.28195123619405765,0.31799999879471125,-1.0638154930137012e-10,-1.8401457096890952e-12,1.2473199747879696e-11,1.0,-0.008689313645518127,-0.28282273469459995,0.3179805825303732,0.00015637473768002845,-0.0002668053620756829,-1.7693241807678977e-05,0.9999999520243935,0.04992135461417475,-0.06028091407653229,0.06633578745228841,1.4501976779077759,0.05028690364152474,1.450046512312425,0.055645019853125546,-0.054225648433944965,0.060725081650841305,1.4602623538470438,0.05602256179361786,1.4595390465483826,-0.04885617975124232,-0.05303255167095624,0.04952078537158998,-0.06145159709460119,-0.048933184632072815,-0.05750233246632609,0.0,True,False,True,0.0012361439173093202,0.0006195199639127842
4.199999999999955,1786130187.1209078,0.013187300006393343,TELEOP,0,,0.0,0.020000000000001128,0.029999999999998875,0.0,0.0,0.0,0.0,1.0,0.02099459429122123,0.029005405819355765,0.0,0.0,0.0,0.0,1.0,-0.00959404823380554,-0.28192295192375305,0.31799999879086127,-1.06695618947329e-10,-1.836868894941326e-12,1.2543616062400948e-11,1.0,-0.008764961034108723,-0.28274684267328587,0.3179814748664414,0.00014827182014577172,-0.0002482625526663904,-1.6840696054260235e-05,0.9999999580487807,0.049737096846803004,-0.06047684322946493,0.06651721413889619,1.450041611643413,0.05010224338644731,1.4498913649578504,0.055156144295639704,-0.054755191232564275,0.06121924532569236,1.4596280701639293,0.055532894278885185,1.4589449440452849,-0.048887555748585,-0.05295427986193209,0.04941636748510671,-0.0634283683114614,-0.04896675147326852,-0.05941025030977957,0.0,True,False,True,0.001168984468520764,0.0005793184624928097
4.209999999999955,1786130187.1341305,0.012762499987729825,TELEOP,0,,0.0,0.019750000000001135,0.030249999999998868,0.0,0.0,0.0,0.0,1.0,0.020744594278147732,0.029255405825892526,0.0,0.0,0.0,0.0,1.0,-0.009636474642080582,-0.28188052551831366,0.3179999987855223,-1.0701010980486257e-10,-1.8212161443411278e-12,1.268619692119026e-11,1.0,-0.008840320233797817,-0.2826712408820824,0.31798238881002233,0.00013991980532238973,-0.00022953317362770962,-1.5951495006251775e-05,0.9999999637412594,0.04946056518652357,-0.06077064644442172,0.06678918170985398,1.4498066344559952,0.049825101431549494,1.4496577635804055,0.05466845573524216,-0.05528237945915876,0.061710908808084726,1.458978439039769,0.05504439494005151,1.458335855775328,-0.04876885603975579,-0.05271882265944987,0.049166348239237836,-0.06496311241601599,-0.048849933883368155,-0.06090882699568631,0.0,True,False,True,0.001122231143555156,0.0005385815116666171
4.2199999999999545,1786130187.1499934,0.013184000010369346,TELEOP,0,,0.0,0.01950000000000114,0.03049999999999886,0.0,0.0,0.0,0.0,1.0,0.02049459426584699,0.02950540583204291,0.0,0.0,0.0,0.0,1.0,-0.009693043186664311,-0.2818239569776246,0.31799999877631746,-1.0807660628495339e-10,-1.8374035285305085e-12,1.2738062175488062e-11,1.0,-0.008915283963340372,-0.28259603688712687,0.31798331396938634,0.0001314133033557159,-0.00021076196725540472,-1.5035781671979776e-05,0.9999999690419306,0.04909158519943559,-0.061162215072181274,0.06715148334316912,1.4494916571057506,0.04945529547743391,1.4493446157996777,0.054182679620601304,-0.05580646752529414,0.06219938210121582,1.4583170634125249,0.05455779068874136,1.4577150856947034,-0.048577611464086255,-0.05240880661353913,0.04884732931310996,-0.06613756272441638,-0.04866042513101637,-0.06207700806246967,0.0,True,False,True,0.0010960361211679323,0.0004976591892552585
4.229999999999954,1786130187.1655982,0.015862499989452772,TELEOP,0,,0.0,0.019250000000001145,0.030749999999998858,0.0,0.0,0.0,0.0,1.0,0.020244594254273347,0.029755405837829742,0.0,0.0,0.0,0.0,1.0,-0.009763753867266767,-0.2817532463018167,0.3179999987658201,-1.0904214025720444e-10,-1.837042829424222e-12,1.2890233271465617e-11,1.0,-0.008989856039127199,-0.28252122893093956,0.31798424212656173,0.00012283376679677878,-0.000192082335978104,-1.4102564425491613e-05,0.9999999739086795,0.048629923607450394,-0.06165140415754043,0.06760384336487471,1.4490951672659174,0.04899258176383957,1.4489504049787818,0.05369882404320031,-0.05632747142364217,0.06268468026758361,1.4576467614754218,0.05407308950750635,1.4570851806158258,-0.04838555774010054,-0.05210038983480413,0.04852981663678059,-0.06703019371030355,-0.04847011812350237,-0.06299050788776497,0.0,True,False,True,0.0010903960008704758,0.00045687051880072765
4.239999999999954,1786130187.1813138,0.015603500010911375,TELEOP,0,,0.0,0.01900000000000115,0.03099999999999885,0.0,0.0,0.0,0.0,1.0,0.01999459424338383,0.030005405843274508,0.0,0.0,0.0,0.0,1.0,-0.009848606683998845,-0.2816683934908408,0.3179999987529438,-1.1022624288567418e-10,-1.83637470213062e-12,1.307731558741796e-11,1.0,-0.009064141882496117,-0.2824467149483106,0.31798516688372364,0.00011425099530461089,-0.00017361628837411248,-1.3159820604889665e-05,0.9999999783154566,0.04807528763158206,-0.06223803240338668,0.06814591747082833,1.448615171251391,0.048436654436219966,1.4484731318450856,0.05321623742772427,-0.05684610389282053,0.0631674621784433,1.4569695986565216,0.05358963818115699,1.4564479617326134,-0.04825866154760484,-0.05186324691783748,0.04827819108596883,-0.06771628189002184,-0.04834513263493716,-0.063721888321243,0.0,True,False,True,0.0011051648294707935,0.0004165050391804587
4.249999999999954,1786130187.1977313,0.01571529998909682,TELEOP,0,,0.0,0.018750000000001155,0.031249999999998848,0.0,0.0,0.0,0.0,1.0,0.019744594233138017,0.030255405848397424,0.0,0.0,0.0,0.0,1.0,-0.0099476016368654,-0.28156939854469226,0.31799999873752205,-1.1164409825787021e-10,-1.8358001350022986e-12,1.3302034498034777e-11,1.0,-0.009138339181075913,-0.282372301562182,0.317986083382088,0.00010572443614582182,-0.00015547448329376683,-1.2214582696945345e-05,0.9999999822504162,0.047427324157631866,-0.06292188207059118,0.06877729281503078,1.4480491179729107,0.04778714472488525,1.4479102383129814,0.05273366557694004,-0.057363709893579654,0.06364896942059653,1.4562869182900047,0.05310617937189041,1.4558045546770324,-0.048257185078424164,-0.05176060007591398,0.04815072421532385,-0.06826803665169429,-0.048345880926658875,-0.06434070555810606,0.0,True,False,True,0.0011400669344215878,0.0003768245807560265
4.259999999999954,1786130187.2171364,0.016438900012872182,TELEOP,0,,0.0,0.01850000000000116,0.03149999999999884,0.0,0.0,0.0,0.0,1.0,0.01949459422349786,0.03050540585321751,0.0,0.0,0.0,0.0,1.0,-0.01006073872586155,-0.28145626146335423,0.31799999871934626,-1.1331471132480633e-10,-1.834773100289194e-12,1.3567790368487521e-11,1.0,-0.009212728752319536,-0.28229771299672585,0.31798698809029635,9.7304258889647e-05,-0.00013775636465359367,-1.1273005696104807e-05,0.9999999857139922,0.04668561865453608,-0.06370269887162107,0.06949748816927544,1.4473937969438186,0.047043619892198456,1.4472585053317788,0.05224930772120447,-0.057882202817734145,0.06413096577276949,1.4555993701669045,0.05262090768923152,1.4551554173111856,-0.04843578557355823,-0.05184929241544991,0.0481996352172961,-0.06875481231001561,-0.04852716826589005,-0.06491373658468999,0.0,True,False,True,0.0011947095357066697,0.0003380653048308809
4.269999999999953,1786130187.232809,0.019403999991482124,TELEOP,0,,0.0,0.018250000000001168,0.031749999999998835,0.0,0.0,0.0,0.0,1.0,0.019244594214427566,0.030755405857752664,0.0,0.0,0.0,0.0,1.0,-0.010188017950921656,-0.281328982246746,0.31799999869816437,-1.1526103679171095e-10,-1.834015892339579e-12,1.3878744249244599e-11,1.0,-0.009287665648607482,-0.2822225998489674,0.31798787865584704,8.903219792970657e-05,-0.0001205503784717551,-1.0340415175783185e-05,0.9999999887169748,0.04584969381018455,-0.0645801918317374,0.07030595406556973,1.446645204792292,0.046205581907849125,1.4465139192131482,0.05176087125684256,-0.058404001810806336,0.0646156776254058,1.454906936016739,0.05213152443997905,1.4545003643223673,-0.048843646436192205,-0.05217989930722022,0.048471185263632706,-0.0692434150165508,-0.04893832492524809,-0.0655052988818251,0.0,True,False,True,0.00126859512166338,0.0003004401487309537
4.279999999999953,1786130187.2493873,0.015658699994673952,TELEOP,0,,0.0,0.018000000000001175,0.03199999999999883,0.0,0.0,0.0,0.0,1.0,0.018994594205893455,0.031005405862019726,0.0,0.0,0.0,0.0,1.0,-0.010301621877007217,-0.281215378327237,0.3179999986785646,-1.1706149063665866e-10,-1.8330414549190117e-12,1.416768331384047e-11,1.0,-0.009363375004185031,-0.28214673964813736,0.3179887515295815,8.09510547171081e-05,-0.00010393364835480133,-9.422183218755742e-06,0.999999991277973,0.04510222973686157,-0.06536257531628088,0.0710259882111022,1.4459662481691655,0.0454561725330943,1.445838509900309,0.051266897265066495,-0.058930640981577194,0.06510451286938977,1.454210116602368,0.05163656651769981,1.4538397473157973,-0.049397399177607416,-0.052663917077086966,0.04888352439839691,-0.06968194143709762,-0.04949579222792515,-0.06606170065699123,0.0,True,False,True,0.0013220694394736469,0.00026415202438489143
4.289999999999953,1786130187.2623994,0.016597500012721866,TELEOP,0,,0.0,0.017750000000001175,0.03224999999999883,0.0,0.0,0.0,0.0,1.0,0.018744594197863833,0.03125540586603454,0.0,0.0,0.0,0.0,1.0,-0.01031576401311283,-0.2812012361920416,0.3179999986760938,-1.1728511395621317e-10,-1.8324159671222522e-12,1.4205390906630409e-11,1.0,-0.009439358591482129,-0.28207062003549865,0.31798959541124633,7.313011608374571e-05,-8.797060069110984e-05,-8.526188952842062e-06,0.9999999934202318,0.04500909096809528,-0.06545991661964554,0.07111551917761831,1.4458809824947592,0.045362787701314355,1.4457536839013212,0.05077063078443169,-0.05945873574671484,0.06559435494240443,1.4535135242634474,0.05113928718049672,1.4531780285082856,-0.04962664806348125,-0.052809476513766065,0.048984207301466985,-0.06965923389206784,-0.04972793372031017,-0.06617188075118373,0.0,True,False,True,0.0012345132474976877,0.00022943019412589155
4.299999999999953,1786130187.2754683,0.013000899998587556,TELEOP,0,,0.0,0.01750000000000118,0.03249999999999882,0.0,0.0,0.0,0.0,1.0,0.018494594190308883,0.03150540586981202,0.0,0.0,0.0,0.0,1.0,-0.010344048285301274,-0.2811729519216523,0.3179999986713386,-1.1767241788886692e-10,-1.8191346620232612e-12,1.429445616612174e-11,1.0,-0.009515258226915266,-0.28199459273709565,0.31799040245609145,6.562143669097075e-05,-7.271641767763366e-05,-7.658693507056378e-06,0.999999995173747,0.04482275370391349,-0.06565456284716258,0.07129451241423271,1.4457099428036437,0.0451759557245497,1.4455835222688538,0.05027441514190174,-0.05998584919184413,0.06608296126955555,1.4528207897481882,0.05064203576406092,1.4525187133080704,-0.04962156425299545,-0.052711344512929824,0.04886063271511438,-0.06927345152592583,-0.04972514164358086,-0.06593152002152385,0.0,True,False,True,0.0011670812644494562,0.00019649449222427858
4.3099999999999525,1786130187.288328,0.013138599999365397,TELEOP,0,,0.0,0.017250000000001188,0.032749999999998815,0.0,0.0,0.0,0.0,1.0,0.018244594183200548,0.03175540587336619,0.0,0.0,0.0,0.0,1.0,-0.010386474693511526,-0.28113052551608086,0.31799999866484474,-1.1805073384965513e-10,-1.8085664902165615e-12,1.4472269516706883e-11,1.0,-0.009590846195620666,-0.28191888224712053,0.3179911676374912,5.846255323144791e-05,-5.8217303694314544e-05,-6.824555693463058e-06,0.9999999965731505,0.044543098296268326,-0.065946441220024,0.07156283054644906,1.4454520933523847,0.04489555178701816,1.445326986648639,0.04977974999148795,-0.06051042951674167,0.06656890505053363,1.452134611606452,0.05014631582693198,1.4518643984949604,-0.04946651504138015,-0.05245803248975502,0.04859437809780868,-0.0686178141736289,-0.04957199371289549,-0.06543148131100206,0.0,True,False,True,0.0011200933126644982,0.0001655743089480915
4.319999999999952,1786130187.3046436,0.01277819999086205,TELEOP,0,,0.0,0.017000000000001195,0.03299999999999881,0.0,0.0,0.0,0.0,1.0,0.01799459417651243,0.03200540587671026,0.0,0.0,0.0,0.0,1.0,-0.010443043238125994,-0.2810739569752827,0.31799999865320017,-1.1939080312915034e-10,-1.8318844662903122e-12,1.4543328888804073e-11,1.0,-0.009666015618384004,-0.28184359469696,0.31799188818784085,5.167892205996166e-05,-4.4510805395543097e-05,-6.0274285659843025e-06,0.9999999976558737,0.04416994476827482,-0.06633544253239515,0.0719202676080165,1.445105830777839,0.04452138817993525,1.4449824696945908,0.04928734995622522,-0.061031746293839784,0.06705151575641272,1.4514568039985505,0.04965284388701519,1.4512168187440515,-0.049240003526274265,-0.052131677709812585,0.04826107058790995,-0.06778076079014103,-0.04934719399167971,-0.06475797509089748,0.0,True,False,True,0.001093700107030671,0.00013694181299975637
4.329999999999952,1786130187.320561,0.01632600001175888,TELEOP,0,,0.0,0.0167500000000012,0.0332499999999988,0.0,0.0,0.0,0.0,1.0,0.017744594170219685,0.03225540587985664,0.0,0.0,0.0,0.0,1.0,-0.01051375391873151,-0.2810032462993259,0.31799999864009465,-1.205940335109221e-10,-1.8314980914668635e-12,1.4738191069871273e-11,1.0,-0.009740770844949648,-0.2817687268391734,0.31799256312896634,4.528602419274407e-05,-3.1626182719222346e-05,-5.269931346184122e-06,0.9999999984605943,0.04370305221763211,-0.06682142105489532,0.07236654896820297,1.4446689241991382,0.04405321371037648,1.4445477350936764,0.048797203411827486,-0.061549826080909274,0.0675308188563282,1.4507883423038117,0.049161608288087036,1.4505768908914796,-0.0490146544397744,-0.05180797870695011,0.04793030999154958,-0.06684616947388784,-0.04912355989281662,-0.0639927852571943,0.0,True,False,True,0.0010878963995088306,0.00011097427741749811
4.339999999999952,1786130187.3367205,0.015915699987090193,TELEOP,0,,0.0,0.0165000000000012,0.0334999999999988,0.0,0.0,0.0,0.0,1.0,0.01749459416429894,0.032505405882817015,0.0,0.0,0.0,0.0,1.0,-0.01059860673550481,-0.28091839348820036,0.31799999862397926,-1.2207332771621207e-10,-1.8308112721014374e-12,1.4978520198800758e-11,1.0,-0.009815217944116824,-0.281694175077365,0.31799319289553335,3.9291109699678385e-05,-1.958482604502651e-05,-4.553793307231028e-06,0.9999999990259532,0.043142117922253274,-0.06740419448362105,0.07290133152462128,1.4441384239477724,0.04349071285007117,1.4440198261882609,0.0483086309857853,-0.062065387888519584,0.06800747525811388,1.4501294057617176,0.04867192777075001,1.4499447551884053,-0.04885724260421974,-0.05155618076103189,0.04766564017856843,-0.06589365420942453,-0.04896805173370404,-0.06321357030744112,0.0,True,False,True,0.001102534076797093,8.827464879364172e-05
4.349999999999952,1786130187.3535273,0.0161635000113165,TELEOP,0,,0.0,0.016250000000001208,0.033749999999998795,0.0,0.0,0.0,0.0,1.0,0.01724459415872821,0.032755405885602384,0.0,0.0,0.0,0.0,1.0,-0.010697601688473966,-0.2808193985419195,0.31799999860462064,-1.238499990022856e-10,-1.82992482700766e-12,1.5268291715108475e-11,1.0,-0.009889555348997504,-0.2816197444755685,0.31799377904913273,3.369457586275261e-05,-8.400713358913469e-06,-3.879967957257264e-06,0.9999999993895248,0.04248677619314952,-0.06808354380224647,0.07352420367675032,1.4435105413293792,0.04283350462000458,1.4433949456076158,0.04782034338140888,-0.06257977896156325,0.06848272090710239,1.4494794162617954,0.048182509357977556,1.4493198126718316,-0.04882876043764294,-0.051439107304367356,0.04752456489885193,-0.0649989499922075,-0.048941841277246365,-0.062494251657369264,0.0,True,False,True,0.0011373351234883328,6.988444786226008e-05
4.3599999999999515,1786130187.3698459,0.016822299992782064,TELEOP,0,,0.0,0.016000000000001215,0.03399999999999879,0.0,0.0,0.0,0.0,1.0,0.0169945941534868,0.033005405888223094,0.0,0.0,0.0,0.0,1.0,-0.010810738777668676,-0.2807062614604941,0.31799999858172523,-1.2595078748232344e-10,-1.8289660288251107e-12,1.5612497096770114e-11,1.0,-0.009964064705477832,-0.2815451576842416,0.31799432407630024,2.8490989876250575e-05,1.91909957668426e-06,-3.2487172381937643e-06,0.9999999995870132,0.04173659685795867,-0.06885921313253487,0.07423468536172516,1.4427804854905972,0.042081141130740234,1.4426682919768994,0.047330498170984316,-0.06309491129359612,0.06895830694961007,1.4488370722009558,0.047691505200246995,1.4487007575823687,-0.04898452104245756,-0.05151323320328926,0.047558604250768965,-0.06423440608396676,-0.04910041577305731,-0.06190550894629145,0.0,True,False,True,0.0011919043832245343,5.74797667579623e-05
