time_s,wall_time_s,cycle_period_s,compute_time_s,dt_s,state,fault_bits,fault_reason,message_age_s,input_timestamp_s,master_sequence,master_raw.position[0],master_raw.position[1],master_raw.position[2],master_raw.orientation_xyzw[0],master_raw.orientation_xyzw[1],master_raw.orientation_xyzw[2],master_raw.orientation_xyzw[3],master_filtered.position[0],master_filtered.position[1],master_filtered.position[2],master_filtered.orientation_xyzw[0],master_filtered.orientation_xyzw[1],master_filtered.orientation_xyzw[2],master_filtered.orientation_xyzw[3],mapped_flange.position[0],mapped_flange.position[1],mapped_flange.position[2],mapped_flange.orientation_xyzw[0],mapped_flange.orientation_xyzw[1],mapped_flange.orientation_xyzw[2],mapped_flange.orientation_xyzw[3],limited_flange.position[0],limited_flange.position[1],limited_flange.position[2],limited_flange.orientation_xyzw[0],limited_flange.orientation_xyzw[1],limited_flange.orientation_xyzw[2],limited_flange.orientation_xyzw[3],target_flange.position[0],target_flange.position[1],target_flange.position[2],target_flange.orientation_xyzw[0],target_flange.orientation_xyzw[1],target_flange.orientation_xyzw[2],target_flange.orientation_xyzw[3],actual_flange.position[0],actual_flange.position[1],actual_flange.position[2],actual_flange.orientation_xyzw[0],actual_flange.orientation_xyzw[1],actual_flange.orientation_xyzw[2],actual_flange.orientation_xyzw[3],true_flange.position[0],true_flange.position[1],true_flange.position[2],true_flange.orientation_xyzw[0],true_flange.orientation_xyzw[1],true_flange.orientation_xyzw[2],true_flange.orientation_xyzw[3],target_joints_rad[0],target_joints_rad[1],target_joints_rad[2],target_joints_rad[3],target_joints_rad[4],target_joints_rad[5],actual_joints_rad[0],actual_joints_rad[1],actual_joints_rad[2],actual_joints_rad[3],actual_joints_rad[4],actual_joints_rad[5],true_joints_rad[0],true_joints_rad[1],true_joints_rad[2],true_joints_rad[3],true_joints_rad[4],true_joints_rad[5],actual_joint_velocity_rad_s[0],actual_joint_velocity_rad_s[1],actual_joint_velocity_rad_s[2],actual_joint_velocity_rad_s[3],actual_joint_velocity_rad_s[4],actual_joint_velocity_rad_s[5],actual_joint_acceleration_rad_s2[0],actual_joint_acceleration_rad_s2[1],actual_joint_acceleration_rad_s2[2],actual_joint_acceleration_rad_s2[3],actual_joint_acceleration_rad_s2[4],actual_joint_acceleration_rad_s2[5],grasp,openrst_pitch_rad,openrst_yaw_rad,openrst_grasp,openrst_command_accepted,openrst_command_clipped,deadman,clutch,validity_flags,ik_attempted,ik_success,ik_time_s,ik_evaluations,ik_position_error_m,ik_orientation_error_rad,ik_message,command_accepted,feedback_available,feedback_age_s,safety_feedback_age_s,safety_feedback_fresh,joint_tracking_error_rad,safety_joint_tracking_error_rad,safety_stalled_joint_mask[0],safety_stalled_joint_mask[1],safety_stalled_joint_mask[2],safety_stalled_joint_mask[3],safety_stalled_joint_mask[4],safety_stalled_joint_mask[5],joint_target_scale,unreachable_target_injected,fatal_fault_injected,clear_fault_injected,position_error_m,orientation_error_rad,mapped_position_error_m,mapped_orientation_error_rad
1.800013706088066e-06,1786138883.314065,1.800013706088066e-06,0.0036823999835178256,1.800013706088066e-06,READY,0,waiting for deadman,0.0,1.800013706088066e-06,1,0.0,0.0,0.0,0.0,0.0,0.0,1.0,0.0,0.0,0.0,0.0,0.0,0.0,1.0,-0.016000000000000007,-0.22496149868535165,0.2802328425555495,-0.1305261922200515,0.0,0.0,0.9914448613738105,-0.016000000000000007,-0.22496149868535165,0.2802328425555495,-0.1305261922200515,0.0,0.0,0.9914448613738105,-0.016000000000000007,-0.22496149868535165,0.2802328425555495,-0.1305261922200515,0.0,0.0,0.9914448613738105,-0.016000000000000007,-0.22496149868535165,0.2802328425555495,-0.1305261922200515,0.0,0.0,0.9914448613738105,-0.016000000000000007,-0.22496149868535165,0.2802328425555495,-0.1305261922200515,0.0,0.0,0.9914448613738105,0.0,-0.5235987755982988,0.7853981633974483,0.0,0.5235987755982988,0.0,0.0,-0.5235987755982988,0.7853981633974483,0.0,0.5235987755982988,0.0,0.0,-0.5235987755982988,0.7853981633974483,0.0,0.5235987755982988,0.0,0.0,0.0,0.0,0.0,0.0,0.0,0.0,0.0,0.0,0.0,0.0,0.0,0.5,0.0,0.0,0.0,False,False,False,False,1,False,,0.0,0,,,,True,True,0.0,1.800013706088066e-06,True,0.0,0.0,False,False,False,False,False,False,1.0,False,False,False,0.0,0.0,0.0,0.0
0.01146310000331141,1786138883.325291,0.011461299989605322,0.0034425999911036342,0.011461299989605322,READY,0,waiting for deadman,0.0,0.01146310000331141,3,0.0,0.0,0.0,0.0,0.0,0.0,1.0,0.0,0.0,0.0,0.0,0.0,0.0,1.0,-0.016000000000000007,-0.22496149868535165,0.2802328425555495,-0.1305261922200515,0.0,0.0,0.9914448613738105,-0.016000000000000007,-0.22496149868535165,0.2802328425555495,-0.1305261922200515,0.0,0.0,0.9914448613738105,-0.016000000000000007,-0.22496149868535165,0.2802328425555495,-0.1305261922200515,0.0,0.0,0.9914448613738105,-0.016000000000000007,-0.22496149868535165,0.2802328425555495,-0.1305261922200515,0.0,0.0,0.9914448613738105,-0.016000000000000007,-0.22496149868535165,0.2802328425555495,-0.1305261922200515,0.0,0.0,0.9914448613738105,0.0,-0.5235987755982988,0.7853981633974483,0.0,0.5235987755982988,0.0,0.0,-0.5235987755982988,0.7853981633974483,0.0,0.5235987755982988,0.0,0.0,-0.5235987755982988,0.7853981633974483,0.0,0.5235987755982988,0.0,0.0,0.0,0.0,0.0,0.0,0.0,0.0,0.0,0.0,0.0,0.0,0.0,0.5,0.0,0.0,0.0,False,False,False,False,1,False,,0.0,0,,,,True,True,0.0,0.011461299989605322,True,0.0,0.0,False,False,False,False,False,False,1.0,False,False,False,0.0,0.0,0.0,0.0
0.02077490001101978,1786138883.3341339,0.00931180000770837,0.002976799994939938,0.00931180000770837,READY,0,waiting for deadman,0.0,0.02077490001101978,4,0.0,0.0,0.0,0.0,0.0,0.0,1.0,0.0,0.0,0.0,0.0,0.0,0.0,1.0,-0.016000000000000007,-0.22496149868535165,0.2802328425555495,-0.1305261922200515,0.0,0.0,0.9914448613738105,-0.016000000000000007,-0.22496149868535165,0.2802328425555495,-0.1305261922200515,0.0,0.0,0.9914448613738105,-0.016000000000000007,-0.22496149868535165,0.2802328425555495,-0.1305261922200515,0.0,0.0,0.9914448613738105,-0.016000000000000007,-0.22496149868535165,0.2802328425555495,-0.1305261922200515,0.0,0.0,0.9914448613738105,-0.016000000000000007,-0.22496149868535165,0.2802328425555495,-0.1305261922200515,0.0,0.0,0.9914448613738105,0.0,-0.5235987755982988,0.7853981633974483,0.0,0.5235987755982988,0.0,0.0,-0.5235987755982988,0.7853981633974483,0.0,0.5235987755982988,0.0,0.0,-0.5235987755982988,0.7853981633974483,0.0,0.5235987755982988,0.0,0.0,0.0,0.0,0.0,0.0,0.0,0.0,0.0,0.0,0.0,0.0,0.0,0.5,0.0,0.0,0.0,False,False,False,False,1,False,,0.0,0,,,,True,True,0.0,0.00931180000770837,True,0.0,0.0,False,False,False,False,False,False,1.0,False,False,False,0.0,0.0,0.0,0.0
0.031897999986540526,1786138883.3452318,0.011123099975520745,0.002950299996882677,0.011123099975520745,READY,0,waiting for deadman,0.0,0.031897999986540526,5,0.0,0.0,0.0,0.0,0.0,0.0,1.0,0.0,0.0,0.0,0.0,0.0,0.0,1.0,-0.016000000000000007,-0.22496149868535165,0.2802328425555495,-0.1305261922200515,0.0,0.0,0.9914448613738105,-0.016000000000000007,-0.22496149868535165,0.2802328425555495,-0.1305261922200515,0.0,0.0,0.9914448613738105,-0.016000000000000007,-0.22496149868535165,0.2802328425555495,-0.1305261922200515,0.0,0.0,0.9914448613738105,-0.016000000000000007,-0.22496149868535165,0.2802328425555495,-0.1305261922200515,0.0,0.0,0.9914448613738105,-0.016000000000000007,-0.22496149868535165,0.2802328425555495,-0.1305261922200515,0.0,0.0,0.9914448613738105,0.0,-0.5235987755982988,0.7853981633974483,0.0,0.5235987755982988,0.0,0.0,-0.5235987755982988,0.7853981633974483,0.0,0.5235987755982988,0.0,0.0,-0.5235987755982988,0.7853981633974483,0.0,0.5235987755982988,0.0,0.0,0.0,0.0,0.0,0.0,0.0,0.0,0.0,0.0,0.0,0.0,0.0,0.5,0.0,0.0,0.0,False,False,False,False,1,False,,0.0,0,,,,True,True,0.0,0.011123099975520745,True,0.0,0.0,False,False,False,False,False,False,1.0,False,False,False,0.0,0.0,0.0,0.0
0.04099700000369921,1786138883.3547263,0.009099000017158687,0.0033448000031057745,0.009099000017158687,READY,0,waiting for deadman,0.0,0.04099700000369921,6,0.0,0.0,0.0,0.0,0.0,0.0,1.0,0.0,0.0,0.0,0.0,0.0,0.0,1.0,-0.016000000000000007,-0.22496149868535165,0.2802328425555495,-0.1305261922200515,0.0,0.0,0.9914448613738105,-0.016000000000000007,-0.22496149868535165,0.2802328425555495,-0.1305261922200515,0.0,0.0,0.9914448613738105,-0.016000000000000007,-0.22496149868535165,0.2802328425555495,-0.1305261922200515,0.0,0.0,0.9914448613738105,-0.016000000000000007,-0.22496149868535165,0.2802328425555495,-0.1305261922200515,0.0,0.0,0.9914448613738105,-0.016000000000000007,-0.22496149868535165,0.2802328425555495,-0.1305261922200515,0.0,0.0,0.9914448613738105,0.0,-0.5235987755982988,0.7853981633974483,0.0,0.5235987755982988,0.0,0.0,-0.5235987755982988,0.7853981633974483,0.0,0.5235987755982988,0.0,0.0,-0.5235987755982988,0.7853981633974483,0.0,0.5235987755982988,0.0,0.0,0.0,0.0,0.0,0.0,0.0,0.0,0.0,0.0,0.0,0.0,0.0,0.5,0.0,0.0,0.0,False,False,False,False,1,False,,0.0,0,,,,True,True,0.0,0.009099000017158687,True,0.0,0.0,False,False,False,False,False,False,1.0,False,False,False,0.0,0.0,0.0,0.0
0.051634900009958073,1786138883.3657777,0.01063790000625886,0.0037598999915644526,0.01063790000625886,READY,0,waiting for deadman,0.0,0.051634900009958073,7,0.0,0.0,0.0,0.0,0.0,0.0,1.0,0.0,0.0,0.0,0.0,0.0,0.0,1.0,-0.016000000000000007,-0.22496149868535165,0.2802328425555495,-0.1305261922200515,0.0,0.0,0.9914448613738105,-0.016000000000000007,-0.22496149868535165,0.2802328425555495,-0.1305261922200515,0.0,0.0,0.9914448613738105,-0.016000000000000007,-0.22496149868535165,0.2802328425555495,-0.1305261922200515,0.0,0.0,0.9914448613738105,-0.016000000000000007,-0.22496149868535165,0.2802328425555495,-0.1305261922200515,0.0,0.0,0.9914448613738105,-0.016000000000000007,-0.22496149868535165,0.2802328425555495,-0.1305261922200515,0.0,0.0,0.9914448613738105,0.0,-0.5235987755982988,0.7853981633974483,0.0,0.5235987755982988,0.0,0.0,-0.5235987755982988,0.7853981633974483,0.0,0.5235987755982988,0.0,0.0,-0.5235987755982988,0.7853981633974483,0.0,0.5235987755982988,0.0,0.0,0.0,0.0,0.0,0.0,0.0,0.0,0.0,0.0,0.0,0.0,0.0,0.5,0.0,0.0,0.0,False,False,False,False,1,False,,0.0,0,,,,True,True,0.0,0.01063790000625886,True,0.0,0.0,False,False,False,False,False,False,1.0,False,False,False,0.0,0.0,0.0,0.0
0.0613141999929212,1786138883.3769474,0.00967929998296313,0.00525079999351874,0.00967929998296313,READY,0,waiting for deadman,0.0,0.0613141999929212,8,0.0,0.0,0.0,0.0,0.0,0.0,1.0,0.0,0.0,0.0,0.0,0.0,0.0,1.0,-0.016000000000000007,-0.22496149868535165,0.2802328425555495,-0.1305261922200515,0.0,0.0,0.9914448613738105,-0.016000000000000007,-0.22496149868535165,0.2802328425555495,-0.1305261922200515,0.0,0.0,0.9914448613738105,-0.016000000000000007,-0.22496149868535165,0.2802328425555495,-0.1305261922200515,0.0,0.0,0.9914448613738105,-0.016000000000000007,-0.22496149868535165,0.2802328425555495,-0.1305261922200515,0.0,0.0,0.9914448613738105,-0.016000000000000007,-0.22496149868535165,0.2802328425555495,-0.1305261922200515,0.0,0.0,0.9914448613738105,0.0,-0.5235987755982988,0.7853981633974483,0.0,0.5235987755982988,0.0,0.0,-0.5235987755982988,0.7853981633974483,0.0,0.5235987755982988,0.0,0.0,-0.5235987755982988,0.7853981633974483,0.0,0.5235987755982988,0.0,0.0,0.0,0.0,0.0,0.0,0.0,0.0,0.0,0.0,0.0,0.0,0.0,0.5,0.0,0.0,0.0,False,False,False,False,1,False,,0.0,0,,,,True,True,0.0,0.00967929998296313,True,0.0,0.0,False,False,False,False,False,False,1.0,False,False,False,0.0,0.0,0.0,0.0
0.07110989998909645,1786138883.3845325,0.009795699996175244,0.003039200004423037,0.009795699996175244,READY,0,waiting for deadman,0.0,0.07110989998909645,9,0.0,0.0,0.0,0.0,0.0,0.0,1.0,0.0,0.0,0.0,0.0,0.0,0.0,1.0,-0.016000000000000007,-0.22496149868535165,0.2802328425555495,-0.1305261922200515,0.0,0.0,0.9914448613738105,-0.016000000000000007,-0.22496149868535165,0.2802328425555495,-0.1305261922200515,0.0,0.0,0.9914448613738105,-0.016000000000000007,-0.22496149868535165,0.2802328425555495,-0.1305261922200515,0.0,0.0,0.9914448613738105,-0.016000000000000007,-0.22496149868535165,0.2802328425555495,-0.1305261922200515,0.0,0.0,0.9914448613738105,-0.016000000000000007,-0.22496149868535165,0.2802328425555495,-0.1305261922200515,0.0,0.0,0.9914448613738105,0.0,-0.5235987755982988,0.7853981633974483,0.0,0.5235987755982988,0.0,0.0,-0.5235987755982988,0.7853981633974483,0.0,0.5235987755982988,0.0,0.0,-0.5235987755982988,0.7853981633974483,0.0,0.5235987755982988,0.0,0.0,0.0,0.0,0.0,0.0,0.0,0.0,0.0,0.0,0.0,0.0,0.0,0.5,0.0,0.0,0.0,False,False,False,False,1,False,,0.0,0,,,,True,True,0.0,0.009795699996175244,True,0.0,0.0,False,False,False,False,False,False,1.0,False,False,False,0.0,0.0,0.0,0.0
0.08083009999245405,1786138883.3939912,0.009720200003357604,0.0027784999983850867,0.009720200003357604,READY,0,waiting for deadman,0.0,0.08083009999245405,10,0.0,0.0,0.0,0.0,0.0,0.0,1.0,0.0,0.0,0.0,0.0,0.0,0.0,1.0,-0.016000000000000007,-0.22496149868535165,0.2802328425555495,-0.1305261922200515,0.0,0.0,0.9914448613738105,-0.016000000000000007,-0.22496149868535165,0.2802328425555495,-0.1305261922200515,0.0,0.0,0.9914448613738105,-0.016000000000000007,-0.22496149868535165,0.2802328425555495,-0.1305261922200515,0.0,0.0,0.9914448613738105,-0.016000000000000007,-0.22496149868535165,0.2802328425555495,-0.1305261922200515,0.0,0.0,0.9914448613738105,-0.016000000000000007,-0.22496149868535165,0.2802328425555495,-0.1305261922200515,0.0,0.0,0.9914448613738105,0.0,-0.5235987755982988,0.7853981633974483,0.0,0.5235987755982988,0.0,0.0,-0.5235987755982988,0.7853981633974483,0.0,0.5235987755982988,0.0,0.0,-0.5235987755982988,0.7853981633974483,0.0,0.5235987755982988,0.0,0.0,0.0,0.0,0.0,0.0,0.0,0.0,0.0,0.0,0.0,0.0,0.0,0.5,0.0,0.0,0.0,False,False,False,False,1,False,,0.0,0,,,,True,True,0.0,0.009720200003357604,True,0.0,0.0,False,False,False,False,False,False,1.0,False,False,False,0.0,0.0,0.0,0.0
0.0906224999926053,1786138883.4040728,0.009792400000151247,0.003067799989366904,0.009792400000151247,READY,0,waiting for deadman,0.0,0.0906224999926053,11,0.0,0.0,0.0,0.0,0.0,0.0,1.0,0.0,0.0,0.0,0.0,0.0,0.0,1.0,-0.016000000000000007,-0.22496149868535165,0.2802328425555495,-0.1305261922200515,0.0,0.0,0.9914448613738105,-0.016000000000000007,-0.22496149868535165,0.2802328425555495,-0.1305261922200515,0.0,0.0,0.9914448613738105,-0.016000000000000007,-0.22496149868535165,0.2802328425555495,-0.1305261922200515,0.0,0.0,0.9914448613738105,-0.016000000000000007,-0.22496149868535165,0.2802328425555495,-0.1305261922200515,0.0,0.0,0.9914448613738105,-0.016000000000000007,-0.22496149868535165,0.2802328425555495,-0.1305261922200515,0.0,0.0,0.9914448613738105,0.0,-0.5235987755982988,0.7853981633974483,0.0,0.5235987755982988,0.0,0.0,-0.5235987755982988,0.7853981633974483,0.0,0.5235987755982988,0.0,0.0,-0.5235987755982988,0.7853981633974483,0.0,0.5235987755982988,0.0,0.0,0.0,0.0,0.0,0.0,0.0,0.0,0.0,0.0,0.0,0.0,0.0,0.5,0.0,0.0,0.0,False,False,False,False,1,False,,0.0,0,,,,True,True,0.0,0.009792400000151247,True,0.0,0.0,False,False,False,False,False,False,1.0,False,False,False,0.0,0.0,0.0,0.0
0.10160540000651963,1786138883.415191,0.010982900013914332,0.003204099979484454,0.010982900013914332,READY,0,waiting for deadman,0.0,0.10160540000651963,12,0.0,0.0,0.0,0.0,0.0,0.0,1.0,0.0,0.0,0.0,0.0,0.0,0.0,1.0,-0.016000000000000007,-0.22496149868535165,0.2802328425555495,-0.1305261922200515,0.0,0.0,0.9914448613738105,-0.016000000000000007,-0.22496149868535165,0.2802328425555495,-0.1305261922200515,0.0,0.0,0.9914448613738105,-0.016000000000000007,-0.22496149868535165,0.2802328425555495,-0.1305261922200515,0.0,0.0,0.9914448613738105,-0.016000000000000007,-0.22496149868535165,0.2802328425555495,-0.1305261922200515,0.0,0.0,0.9914448613738105,-0.016000000000000007,-0.22496149868535165,0.2802328425555495,-0.1305261922200515,0.0,0.0,0.9914448613738105,0.0,-0.5235987755982988,0.7853981633974483,0.0,0.5235987755982988,0.0,0.0,-0.5235987755982988,0.7853981633974483,0.0,0.5235987755982988,0.0,0.0,-0.5235987755982988,0.7853981633974483,0.0,0.5235987755982988,0.0,0.0,0.0,0.0,0.0,0.0,0.0,0.0,0.0,0.0,0.0,0.0,0.0,0.5,0.0,0.0,0.0,False,False,False,False,1,False,,0.0,0,,,,True,True,0.0,0.010982900013914332,True,0.0,0.0,False,False,False,False,False,False,1.0,False,False,False,0.0,0.0,0.0,0.0
0.11157330000423826,1786138883.4257455,0.009967899997718632,0.0037896000139880925,0.009967899997718632,READY,0,waiting for deadman,0.0,0.11157330000423826,13,0.0,0.0,0.0,0.0,0.0,0.0,1.0,0.0,0.0,0.0,0.0,0.0,0.0,1.0,-0.016000000000000007,-0.22496149868535165,0.2802328425555495,-0.1305261922200515,0.0,0.0,0.9914448613738105,-0.016000000000000007,-0.22496149868535165,0.2802328425555495,-0.1305261922200515,0.0,0.0,0.9914448613738105,-0.016000000000000007,-0.22496149868535165,0.2802328425555495,-0.1305261922200515,0.0,0.0,0.9914448613738105,-0.016000000000000007,-0.22496149868535165,0.2802328425555495,-0.1305261922200515,0.0,0.0,0.9914448613738105,-0.016000000000000007,-0.22496149868535165,0.2802328425555495,-0.1305261922200515,0.0,0.0,0.9914448613738105,0.0,-0.5235987755982988,0.7853981633974483,0.0,0.5235987755982988,0.0,0.0,-0.5235987755982988,0.7853981633974483,0.0,0.5235987755982988,0.0,0.0,-0.5235987755982988,0.7853981633974483,0.0,0.5235987755982988,0.0,0.0,0.0,0.0,0.0,0.0,0.0,0.0,0.0,0.0,0.0,0.0,0.0,0.5,0.0,0.0,0.0,False,False,False,False,1,False,,0.0,0,,,,True,True,0.0,0.009967899997718632,True,0.0,0.0,False,False,False,False,False,False,1.0,False,False,False,0.0,0.0,0.0,0.0
0.12605140000232495,1786138883.4398074,0.014478099998086691,0.0033745999971870333,0.014478099998086691,READY,0,waiting for deadman,0.0,0.12605140000232495,14,0.0,0.0,0.0,0.0,0.0,0.0,1.0,0.0,0.0,0.0,0.0,0.0,0.0,1.0,-0.016000000000000007,-0.22496149868535165,0.2802328425555495,-0.1305261922200515,0.0,0.0,0.9914448613738105,-0.016000000000000007,-0.22496149868535165,0.2802328425555495,-0.1305261922200515,0.0,0.0,0.9914448613738105,-0.016000000000000007,-0.22496149868535165,0.2802328425555495,-0.1305261922200515,0.0,0.0,0.9914448613738105,-0.016000000000000007,-0.22496149868535165,0.2802328425555495,-0.1305261922200515,0.0,0.0,0.9914448613738105,-0.016000000000000007,-0.22496149868535165,0.2802328425555495,-0.1305261922200515,0.0,0.0,0.9914448613738105,0.0,-0.5235987755982988,0.7853981633974483,0.0,0.5235987755982988,0.0,0.0,-0.5235987755982988,0.7853981633974483,0.0,0.5235987755982988,0.0,0.0,-0.5235987755982988,0.7853981633974483,0.0,0.5235987755982988,0.0,0.0,0.0,0.0,0.0,0.0,0.0,0.0,0.0,0.0,0.0,0.0,0.0,0.5,0.0,0.0,0.0,False,False,False,False,1,False,,0.0,0,,,,True,True,0.0,0.014478099998086691,True,0.0,0.0,False,False,False,False,False,False,1.0,False,False,False,0.0,0.0,0.0,0.0
0.13146490001236089,1786138883.44441,0.005413500010035932,0.0025645999994594604,0.005413500010035932,READY,0,waiting for deadman,0.0,0.13146490001236089,15,0.0,0.0,0.0,0.0,0.0,0.0,1.0,0.0,0.0,0.0,0.0,0.0,0.0,1.0,-0.016000000000000007,-0.22496149868535165,0.2802328425555495,-0.1305261922200515,0.0,0.0,0.9914448613738105,-0.016000000000000007,-0.22496149868535165,0.2802328425555495,-0.1305261922200515,0.0,0.0,0.9914448613738105,-0.016000000000000007,-0.22496149868535165,0.2802328425555495,-0.1305261922200515,0.0,0.0,0.9914448613738105,-0.016000000000000007,-0.22496149868535165,0.2802328425555495,-0.1305261922200515,0.0,0.0,0.9914448613738105,-0.016000000000000007,-0.22496149868535165,0.2802328425555495,-0.1305261922200515,0.0,0.0,0.9914448613738105,0.0,-0.5235987755982988,0.7853981633974483,0.0,0.5235987755982988,0.0,0.0,-0.5235987755982988,0.7853981633974483,0.0,0.5235987755982988,0.0,0.0,-0.5235987755982988,0.7853981633974483,0.0,0.5235987755982988,0.0,0.0,0.0,0.0,0.0,0.0,0.0,0.0,0.0,0.0,0.0,0.0,0.0,0.5,0.0,0.0,0.0,False,False,False,False,1,False,,0.0,0,,,,True,True,0.0,0.005413500010035932,True,0.0,0.0,False,False,False,False,False,False,1.0,False,False,False,0.0,0.0,0.0,0.0
0.14142890000948682,1786138883.4552479,0.009963999997125939,0.003438199986703694,0.009963999997125939,READY,0,waiting for deadman,0.0,0.14142890000948682,16,0.0,0.0,0.0,0.0,0.0,0.0,1.0,0.0,0.0,0.0,0.0,0.0,0.0,1.0,-0.016000000000000007,-0.22496149868535165,0.2802328425555495,-0.1305261922200515,0.0,0.0,0.9914448613738105,-0.016000000000000007,-0.22496149868535165,0.2802328425555495,-0.1305261922200515,0.0,0.0,0.9914448613738105,-0.016000000000000007,-0.22496149868535165,0.2802328425555495,-0.1305261922200515,0.0,0.0,0.9914448613738105,-0.016000000000000007,-0.22496149868535165,0.2802328425555495,-0.1305261922200515,0.0,0.0,0.9914448613738105,-0.016000000000000007,-0.22496149868535165,0.2802328425555495,-0.1305261922200515,0.0,0.0,0.9914448613738105,0.0,-0.5235987755982988,0.7853981633974483,0.0,0.5235987755982988,0.0,0.0,-0.5235987755982988,0.7853981633974483,0.0,0.5235987755982988,0.0,0.0,-0.5235987755982988,0.7853981633974483,0.0,0.5235987755982988,0.0,0.0,0.0,0.0,0.0,0.0,0.0,0.0,0.0,0.0,0.0,0.0,0.0,0.5,0.0,0.0,0.0,False,False,False,False,1,False,,0.0,0,,,,True,True,0.0,0.009963999997125939,True,0.0,0.0,False,False,False,False,False,False,1.0,False,False,False,0.0,0.0,0.0,0.0
0.15042769999126904,1786138883.4638824,0.008998799981782213,0.0030740000074729323,0.008998799981782213,READY,0,waiting for deadman,0.0,0.15042769999126904,17,0.0,0.0,0.0,0.0,0.0,0.0,1.0,0.0,0.0,0.0,0.0,0.0,0.0,1.0,-0.016000000000000007,-0.22496149868535165,0.2802328425555495,-0.1305261922200515,0.0,0.0,0.9914448613738105,-0.016000000000000007,-0.22496149868535165,0.2802328425555495,-0.1305261922200515,0.0,0.0,0.9914448613738105,-0.016000000000000007,-0.22496149868535165,0.2802328425555495,-0.1305261922200515,0.0,0.0,0.9914448613738105,-0.016000000000000007,-0.22496149868535165,0.2802328425555495,-0.1305261922200515,0.0,0.0,0.9914448613738105,-0.016000000000000007,-0.22496149868535165,0.2802328425555495,-0.1305261922200515,0.0,0.0,0.9914448613738105,0.0,-0.5235987755982988,0.7853981633974483,0.0,0.5235987755982988,0.0,0.0,-0.5235987755982988,0.7853981633974483,0.0,0.5235987755982988,0.0,0.0,-0.5235987755982988,0.7853981633974483,0.0,0.5235987755982988,0.0,0.0,0.0,0.0,0.0,0.0,0.0,0.0,0.0,0.0,0.0,0.0,0.0,0.5,0.0,0.0,0.0,False,False,False,False,1,False,,0.0,0,,,,True,True,0.0,0.008998799981782213,True,0.0,0.0,False,False,False,False,False,False,1.0,False,False,False,0.0,0.0,0.0,0.0
0.16025509999599308,1786138883.4735947,0.00982740000472404,0.0029531999898608774,0.00982740000472404,READY,0,waiting for deadman,0.0,0.16025509999599308,18,0.0,0.0,0.0,0.0,0.0,0.0,1.0,0.0,0.0,0.0,0.0,0.0,0.0,1.0,-0.016000000000000007,-0.22496149868535165,0.2802328425555495,-0.1305261922200515,0.0,0.0,0.9914448613738105,-0.016000000000000007,-0.22496149868535165,0.2802328425555495,-0.1305261922200515,0.0,0.0,0.9914448613738105,-0.016000000000000007,-0.22496149868535165,0.2802328425555495,-0.1305261922200515,0.0,0.0,0.9914448613738105,-0.016000000000000007,-0.22496149868535165,0.2802328425555495,-0.1305261922200515,0.0,0.0,0.9914448613738105,-0.016000000000000007,-0.22496149868535165,0.2802328425555495,-0.1305261922200515,0.0,0.0,0.9914448613738105,0.0,-0.5235987755982988,0.7853981633974483,0.0,0.5235987755982988,0.0,0.0,-0.5235987755982988,0.7853981633974483,0.0,0.5235987755982988,0.0,0.0,-0.5235987755982988,0.7853981633974483,0.0,0.5235987755982988,0.0,0.0,0.0,0.0,0.0,0.0,0.0,0.0,0.0,0.0,0.0,0.0,0.0,0.5,0.0,0.0,0.0,False,False,False,False,1,False,,0.0,0,,,,True,True,0.0,0.00982740000472404,True,0.0,0.0,False,False,False,False,False,False,1.0,False,False,False,0.0,0.0,0.0,0.0
0.1702657999994699,1786138883.4845939,0.010010700003476813,0.003942699986509979,0.010010700003476813,READY,0,waiting for deadman,0.0,0.1702657999994699,20,0.0,0.0,0.0,0.0,0.0,0.0,1.0,0.0,0.0,0.0,0.0,0.0,0.0,1.0,-0.016000000000000007,-0.22496149868535165,0.2802328425555495,-0.1305261922200515,0.0,0.0,0.9914448613738105,-0.016000000000000007,-0.22496149868535165,0.2802328425555495,-0.1305261922200515,0.0,0.0,0.9914448613738105,-0.016000000000000007,-0.22496149868535165,0.2802328425555495,-0.1305261922200515,0.0,0.0,0.9914448613738105,-0.016000000000000007,-0.22496149868535165,0.2802328425555495,-0.1305261922200515,0.0,0.0,0.9914448613738105,-0.016000000000000007,-0.22496149868535165,0.2802328425555495,-0.1305261922200515,0.0,0.0,0.9914448613738105,0.0,-0.5235987755982988,0.7853981633974483,0.0,0.5235987755982988,0.0,0.0,-0.5235987755982988,0.7853981633974483,0.0,0.5235987755982988,0.0,0.0,-0.5235987755982988,0.7853981633974483,0.0,0.5235987755982988,0.0,0.0,0.0,0.0,0.0,0.0,0.0,0.0,0.0,0.0,0.0,0.0,0.0,0.5,0.0,0.0,0.0,False,False,False,False,1,False,,0.0,0,,,,True,True,0.0,0.010010700003476813,True,0.0,0.0,False,False,False,False,False,False,1.0,False,False,False,0.0,0.0,0.0,0.0
0.18114229998900555,1786138883.494074,0.01087649998953566,0.002547899988712743,0.01087649998953566,READY,0,waiting for deadman,0.0,0.18114229998900555,22,0.0,0.0,0.0,0.0,0.0,0.0,1.0,0.0,0.0,0.0,0.0,0.0,0.0,1.0,-0.016000000000000007,-0.22496149868535165,0.2802328425555495,-0.1305261922200515,0.0,0.0,0.9914448613738105,-0.016000000000000007,-0.22496149868535165,0.2802328425555495,-0.1305261922200515,0.0,0.0,0.9914448613738105,-0.016000000000000007,-0.22496149868535165,0.2802328425555495,-0.1305261922200515,0.0,0.0,0.9914448613738105,-0.016000000000000007,-0.22496149868535165,0.2802328425555495,-0.1305261922200515,0.0,0.0,0.9914448613738105,-0.016000000000000007,-0.22496149868535165,0.2802328425555495,-0.1305261922200515,0.0,0.0,0.9914448613738105,0.0,-0.5235987755982988,0.7853981633974483,0.0,0.5235987755982988,0.0,0.0,-0.5235987755982988,0.7853981633974483,0.0,0.5235987755982988,0.0,0.0,-0.5235987755982988,0.7853981633974483,0.0,0.5235987755982988,0.0,0.0,0.0,0.0,0.0,0.0,0.0,0.0,0.0,0.0,0.0,0.0,0.0,0.5,0.0,0.0,0.0,False,False,False,False,1,False,,0.0,0,,,,True,True,0.0,0.01087649998953566,True,0.0,0.0,False,False,False,False,False,False,1.0,False,False,False,0.0,0.0,0.0,0.0
0.1909534000151325,1786138883.5046637,0.009811100026126951,0.003327799990074709,0.009811100026126951,READY,0,waiting for deadman,0.0,0.1909534000151325,24,0.0,0.0,0.0,0.0,0.0,0.0,1.0,0.0,0.0,0.0,0.0,0.0,0.0,1.0,-0.016000000000000007,-0.22496149868535165,0.2802328425555495,-0.1305261922200515,0.0,0.0,0.9914448613738105,-0.016000000000000007,-0.22496149868535165,0.2802328425555495,-0.1305261922200515,0.0,0.0,0.9914448613738105,-0.016000000000000007,-0.22496149868535165,0.2802328425555495,-0.1305261922200515,0.0,0.0,0.9914448613738105,-0.016000000000000007,-0.22496149868535165,0.2802328425555495,-0.1305261922200515,0.0,0.0,0.9914448613738105,-0.016000000000000007,-0.22496149868535165,0.2802328425555495,-0.1305261922200515,0.0,0.0,0.9914448613738105,0.0,-0.5235987755982988,0.7853981633974483,0.0,0.5235987755982988,0.0,0.0,-0.5235987755982988,0.7853981633974483,0.0,0.5235987755982988,0.0,0.0,-0.5235987755982988,0.7853981633974483,0.0,0.5235987755982988,0.0,0.0,0.0,0.0,0.0,0.0,0.0,0.0,0.0,0.0,0.0,0.0,0.0,0.5,0.0,0.0,0.0,False,False,False,False,1,False,,0.0,0,,,,True,True,0.0,0.009811100026126951,True,0.0,0.0,False,False,False,False,False,False,1.0,False,False,False,0.0,0.0,0.0,0.0
0.20056230001500808,1786138883.5147898,0.009608899999875575,0.0038465000106953084,0.009608899999875575,READY,0,waiting for deadman,0.0,0.20056230001500808,26,0.0,0.0,0.0,0.0,0.0,0.0,1.0,0.0,0.0,0.0,0.0,0.0,0.0,1.0,-0.016000000000000007,-0.22496149868535165,0.2802328425555495,-0.1305261922200515,0.0,0.0,0.9914448613738105,-0.016000000000000007,-0.22496149868535165,0.2802328425555495,-0.1305261922200515,0.0,0.0,0.9914448613738105,-0.016000000000000007,-0.22496149868535165,0.2802328425555495,-0.1305261922200515,0.0,0.0,0.9914448613738105,-0.016000000000000007,-0.22496149868535165,0.2802328425555495,-0.1305261922200515,0.0,0.0,0.9914448613738105,-0.016000000000000007,-0.22496149868535165,0.2802328425555495,-0.1305261922200515,0.0,0.0,0.9914448613738105,0.0,-0.5235987755982988,0.7853981633974483,0.0,0.5235987755982988,0.0,0.0,-0.5235987755982988,0.7853981633974483,0.0,0.5235987755982988,0.0,0.0,-0.5235987755982988,0.7853981633974483,0.0,0.5235987755982988,0.0,0.0,0.0,0.0,0.0,0.0,0.0,0.0,0.0,0.0,0.0,0.0,0.0,0.5,0.0,0.0,0.0,False,False,False,False,1,False,,0.0,0,,,,True,True,0.0,0.009608899999875575,True,0.0,0.0,False,False,False,False,False,False,1.0,False,False,False,0.0,0.0,0.0,0.0
0.21048400001018308,1786138883.5235684,0.009921699995175004,0.0027017999964300543,0.009921699995175004,READY,0,waiting for deadman,0.0,0.21048400001018308,28,0.0,0.0,0.0,0.0,0.0,0.0,1.0,0.0,0.0,0.0,0.0,0.0,0.0,1.0,-0.016000000000000007,-0.22496149868535165,0.2802328425555495,-0.1305261922200515,0.0,0.0,0.9914448613738105,-0.016000000000000007,-0.22496149868535165,0.2802328425555495,-0.1305261922200515,0.0,0.0,0.9914448613738105,-0.016000000000000007,-0.22496149868535165,0.2802328425555495,-0.1305261922200515,0.0,0.0,0.9914448613738105,-0.016000000000000007,-0.22496149868535165,0.2802328425555495,-0.1305261922200515,0.0,0.0,0.9914448613738105,-0.016000000000000007,-0.22496149868535165,0.2802328425555495,-0.1305261922200515,0.0,0.0,0.9914448613738105,0.0,-0.5235987755982988,0.7853981633974483,0.0,0.5235987755982988,0.0,0.0,-0.5235987755982988,0.7853981633974483,0.0,0.5235987755982988,0.0,0.0,-0.5235987755982988,0.7853981633974483,0.0,0.5235987755982988,0.0,0.0,0.0,0.0,0.0,0.0,0.0,0.0,0.0,0.0,0.0,0.0,0.0,0.5,0.0,0.0,0.0,False,False,False,False,1,False,,0.0,0,,,,True,True,0.0,0.009921699995175004,True,0.0,0.0,False,False,False,False,False,False,1.0,False,False,False,0.0,0.0,0.0,0.0
0.22130619999370538,1786138883.5345309,0.010822199983522296,0.0028426999924704432,0.010822199983522296,READY,0,waiting for deadman,0.0,0.22130619999370538,30,0.0,0.0,0.0,0.0,0.0,0.0,1.0,0.0,0.0,0.0,0.0,0.0,0.0,1.0,-0.016000000000000007,-0.22496149868535165,0.2802328425555495,-0.1305261922200515,0.0,0.0,0.9914448613738105,-0.016000000000000007,-0.22496149868535165,0.2802328425555495,-0.1305261922200515,0.0,0.0,0.9914448613738105,-0.016000000000000007,-0.22496149868535165,0.2802328425555495,-0.1305261922200515,0.0,0.0,0.9914448613738105,-0.016000000000000007,-0.22496149868535165,0.2802328425555495,-0.1305261922200515,0.0,0.0,0.9914448613738105,-0.016000000000000007,-0.22496149868535165,0.2802328425555495,-0.1305261922200515,0.0,0.0,0.9914448613738105,0.0,-0.5235987755982988,0.7853981633974483,0.0,0.5235987755982988,0.0,0.0,-0.5235987755982988,0.7853981633974483,0.0,0.5235987755982988,0.0,0.0,-0.5235987755982988,0.7853981633974483,0.0,0.5235987755982988,0.0,0.0,0.0,0.0,0.0,0.0,0.0,0.0,0.0,0.0,0.0,0.0,0.0,0.5,0.0,0.0,0.0,False,False,False,False,1,False,,0.0,0,,,,True,True,0.0,0.010822199983522296,True,0.0,0.0,False,False,False,False,False,False,1.0,False,False,False,0.0,0.0,0.0,0.0
0.2304127000097651,1786138883.544485,0.009106500016059726,0.0036820000095758587,0.009106500016059726,READY,0,waiting for deadman,0.0,0.2304127000097651,32,0.0,0.0,0.0,0.0,0.0,0.0,1.0,0.0,0.0,0.0,0.0,0.0,0.0,1.0,-0.016000000000000007,-0.22496149868535165,0.2802328425555495,-0.1305261922200515,0.0,0.0,0.9914448613738105,-0.016000000000000007,-0.22496149868535165,0.2802328425555495,-0.1305261922200515,0.0,0.0,0.9914448613738105,-0.016000000000000007,-0.22496149868535165,0.2802328425555495,-0.1305261922200515,0.0,0.0,0.9914448613738105,-0.016000000000000007,-0.22496149868535165,0.2802328425555495,-0.1305261922200515,0.0,0.0,0.9914448613738105,-0.016000000000000007,-0.22496149868535165,0.2802328425555495,-0.1305261922200515,0.0,0.0,0.9914448613738105,0.0,-0.5235987755982988,0.7853981633974483,0.0,0.5235987755982988,0.0,0.0,-0.5235987755982988,0.7853981633974483,0.0,0.5235987755982988,0.0,0.0,-0.5235987755982988,0.7853981633974483,0.0,0.5235987755982988,0.0,0.0,0.0,0.0,0.0,0.0,0.0,0.0,0.0,0.0,0.0,0.0,0.0,0.5,0.0,0.0,0.0,False,False,False,False,1,False,,0.0,0,,,,True,True,0.0,0.009106500016059726,True,0.0,0.0,False,False,False,False,False,False,1.0,False,False,False,0.0,0.0,0.0,0.0
0.24051289999624714,1786138883.554373,0.010100199986482039,0.003478700004052371,0.010100199986482039,READY,0,waiting for deadman,0.0,0.24051289999624714,34,0.0,0.0,0.0,0.0,0.0,0.0,1.0,0.0,0.0,0.0,0.0,0.0,0.0,1.0,-0.016000000000000007,-0.22496149868535165,0.2802328425555495,-0.1305261922200515,0.0,0.0,0.9914448613738105,-0.016000000000000007,-0.22496149868535165,0.2802328425555495,-0.1305261922200515,0.0,0.0,0.9914448613738105,-0.016000000000000007,-0.22496149868535165,0.2802328425555495,-0.1305261922200515,0.0,0.0,0.9914448613738105,-0.016000000000000007,-0.22496149868535165,0.2802328425555495,-0.1305261922200515,0.0,0.0,0.9914448613738105,-0.016000000000000007,-0.22496149868535165,0.2802328425555495,-0.1305261922200515,0.0,0.0,0.9914448613738105,0.0,-0.5235987755982988,0.7853981633974483,0.0,0.5235987755982988,0.0,0.0,-0.5235987755982988,0.7853981633974483,0.0,0.5235987755982988,0.0,0.0,-0.5235987755982988,0.7853981633974483,0.0,0.5235987755982988,0.0,0.0,0.0,0.0,0.0,0.0,0.0,0.0,0.0,0.0,0.0,0.0,0.0,0.5,0.0,0.0,0.0,False,False,False,False,1,False,,0.0,0,,,,True,True,0.0,0.010100199986482039,True,0.0,0.0,False,False,False,False,False,False,1.0,False,False,False,0.0,0.0,0.0,0.0
0.25053409999236465,1786138883.564086,0.010021199996117502,0.003164000023389235,0.010021199996117502,READY,0,waiting for deadman,0.0,0.25053409999236465,36,0.0,0.0,0.0,0.0,0.0,0.0,1.0,0.0,0.0,0.0,0.0,0.0,0.0,1.0,-0.016000000000000007,-0.22496149868535165,0.2802328425555495,-0.1305261922200515,0.0,0.0,0.9914448613738105,-0.016000000000000007,-0.22496149868535165,0.2802328425555495,-0.1305261922200515,0.0,0.0,0.9914448613738105,-0.016000000000000007,-0.22496149868535165,0.2802328425555495,-0.1305261922200515,0.0,0.0,0.9914448613738105,-0.016000000000000007,-0.22496149868535165,0.2802328425555495,-0.1305261922200515,0.0,0.0,0.9914448613738105,-0.016000000000000007,-0.22496149868535165,0.2802328425555495,-0.1305261922200515,0.0,0.0,0.9914448613738105,0.0,-0.5235987755982988,0.7853981633974483,0.0,0.5235987755982988,0.0,0.0,-0.5235987755982988,0.7853981633974483,0.0,0.5235987755982988,0.0,0.0,-0.5235987755982988,0.7853981633974483,0.0,0.5235987755982988,0.0,0.0,0.0,0.0,0.0,0.0,0.0,0.0,0.0,0.0,0.0,0.0,0.0,0.5,0.0,0.0,0.0,False,False,False,False,1,False,,0.0,0,,,,True,True,0.0,0.010021199996117502,True,0.0,0.0,False,False,False,False,False,False,1.0,False,False,False,0.0,0.0,0.0,0.0
0.26487809998798184,1786138883.582702,0.014343999995617196,0.00744359998498112,0.014343999995617196,READY,0,waiting for deadman,0.0,0.26487809998798184,39,0.0,0.0,0.0,0.0,0.0,0.0,1.0,0.0,0.0,0.0,0.0,0.0,0.0,1.0,-0.016000000000000007,-0.22496149868535165,0.2802328425555495,-0.1305261922200515,0.0,0.0,0.9914448613738105,-0.016000000000000007,-0.22496149868535165,0.2802328425555495,-0.1305261922200515,0.0,0.0,0.9914448613738105,-0.016000000000000007,-0.22496149868535165,0.2802328425555495,-0.1305261922200515,0.0,0.0,0.9914448613738105,-0.016000000000000007,-0.22496149868535165,0.2802328425555495,-0.1305261922200515,0.0,0.0,0.9914448613738105,-0.016000000000000007,-0.22496149868535165,0.2802328425555495,-0.1305261922200515,0.0,0.0,0.9914448613738105,0.0,-0.5235987755982988,0.7853981633974483,0.0,0.5235987755982988,0.0,0.0,-0.5235987755982988,0.7853981633974483,0.0,0.5235987755982988,0.0,0.0,-0.5235987755982988,0.7853981633974483,0.0,0.5235987755982988,0.0,0.0,0.0,0.0,0.0,0.0,0.0,0.0,0.0,0.0,0.0,0.0,0.0,0.5,0.0,0.0,0.0,False,False,False,False,1,False,,0.0,0,,,,True,True,0.0,0.014343999995617196,True,0.0,0.0,False,False,False,False,False,False,1.0,False,False,False,0.0,0.0,0.0,0.0
0.27254330000141636,1786138883.5857232,0.007665200013434514,0.002800700021907687,0.007665200013434514,READY,0,waiting for deadman,0.0,0.27254330000141636,40,0.0,0.0,0.0,0.0,0.0,0.0,1.0,0.0,0.0,0.0,0.0,0.0,0.0,1.0,-0.016000000000000007,-0.22496149868535165,0.2802328425555495,-0.1305261922200515,0.0,0.0,0.9914448613738105,-0.016000000000000007,-0.22496149868535165,0.2802328425555495,-0.1305261922200515,0.0,0.0,0.9914448613738105,-0.016000000000000007,-0.22496149868535165,0.2802328425555495,-0.1305261922200515,0.0,0.0,0.9914448613738105,-0.016000000000000007,-0.22496149868535165,0.2802328425555495,-0.1305261922200515,0.0,0.0,0.9914448613738105,-0.016000000000000007,-0.22496149868535165,0.2802328425555495,-0.1305261922200515,0.0,0.0,0.9914448613738105,0.0,-0.5235987755982988,0.7853981633974483,0.0,0.5235987755982988,0.0,0.0,-0.5235987755982988,0.7853981633974483,0.0,0.5235987755982988,0.0,0.0,-0.5235987755982988,0.7853981633974483,0.0,0.5235987755982988,0.0,0.0,0.0,0.0,0.0,0.0,0.0,0.0,0.0,0.0,0.0,0.0,0.0,0.5,0.0,0.0,0.0,False,False,False,False,1,False,,0.0,0,,,,True,True,0.0,0.007665200013434514,True,0.0,0.0,False,False,False,False,False,False,1.0,False,False,False,0.0,0.0,0.0,0.0
0.2801222999987658,1786138883.5939467,0.007578999997349456,0.0034417000133544207,0.007578999997349456,READY,0,waiting for deadman,0.0,0.2801222999987658,42,0.0,0.0,0.0,0.0,0.0,0.0,1.0,0.0,0.0,0.0,0.0,0.0,0.0,1.0,-0.016000000000000007,-0.22496149868535165,0.2802328425555495,-0.1305261922200515,0.0,0.0,0.9914448613738105,-0.016000000000000007,-0.22496149868535165,0.2802328425555495,-0.1305261922200515,0.0,0.0,0.9914448613738105,-0.016000000000000007,-0.22496149868535165,0.2802328425555495,-0.1305261922200515,0.0,0.0,0.9914448613738105,-0.016000000000000007,-0.22496149868535165,0.2802328425555495,-0.1305261922200515,0.0,0.0,0.9914448613738105,-0.016000000000000007,-0.22496149868535165,0.2802328425555495,-0.1305261922200515,0.0,0.0,0.9914448613738105,0.0,-0.5235987755982988,0.7853981633974483,0.0,0.5235987755982988,0.0,0.0,-0.5235987755982988,0.7853981633974483,0.0,0.5235987755982988,0.0,0.0,-0.5235987755982988,0.7853981633974483,0.0,0.5235987755982988,0.0,0.0,0.0,0.0,0.0,0.0,0.0,0.0,0.0,0.0,0.0,0.0,0.0,0.5,0.0,0.0,0.0,False,False,False,False,1,False,,0.0,0,,,,True,True,0.0,0.007578999997349456,True,0.0,0.0,False,False,False,False,False,False,1.0,False,False,False,0.0,0.0,0.0,0.0
0.2903758999891579,1786138883.6044278,0.010253599990392104,0.0036681999918073416,0.010253599990392104,READY,0,waiting for deadman,0.0,0.2903758999891579,44,0.0,0.0,0.0,0.0,0.0,0.0,1.0,0.0,0.0,0.0,0.0,0.0,0.0,1.0,-0.016000000000000007,-0.22496149868535165,0.2802328425555495,-0.1305261922200515,0.0,0.0,0.9914448613738105,-0.016000000000000007,-0.22496149868535165,0.2802328425555495,-0.1305261922200515,0.0,0.0,0.9914448613738105,-0.016000000000000007,-0.22496149868535165,0.2802328425555495,-0.1305261922200515,0.0,0.0,0.9914448613738105,-0.016000000000000007,-0.22496149868535165,0.2802328425555495,-0.1305261922200515,0.0,0.0,0.9914448613738105,-0.016000000000000007,-0.22496149868535165,0.2802328425555495,-0.1305261922200515,0.0,0.0,0.9914448613738105,0.0,-0.5235987755982988,0.7853981633974483,0.0,0.5235987755982988,0.0,0.0,-0.5235987755982988,0.7853981633974483,0.0,0.5235987755982988,0.0,0.0,-0.5235987755982988,0.7853981633974483,0.0,0.5235987755982988,0.0,0.0,0.0,0.0,0.0,0.0,0.0,0.0,0.0,0.0,0.0,0.0,0.0,0.5,0.0,0.0,0.0,False,False,False,False,1,False,,0.0,0,,,,True,True,0.0,0.010253599990392104,True,0.0,0.0,False,False,False,False,False,False,1.0,False,False,False,0.0,0.0,0.0,0.0
0.3011304000101518,1786138883.6148956,0.010754500020993873,0.00338249999913387,0.010754500020993873,READY,0,waiting for deadman,0.0,0.3011304000101518,46,0.0,0.0,0.0,0.0,0.0,0.0,1.0,0.0,0.0,0.0,0.0,0.0,0.0,1.0,-0.016000000000000007,-0.22496149868535165,0.2802328425555495,-0.1305261922200515,0.0,0.0,0.9914448613738105,-0.016000000000000007,-0.22496149868535165,0.2802328425555495,-0.1305261922200515,0.0,0.0,0.9914448613738105,-0.016000000000000007,-0.22496149868535165,0.2802328425555495,-0.1305261922200515,0.0,0.0,0.9914448613738105,-0.016000000000000007,-0.22496149868535165,0.2802328425555495,-0.1305261922200515,0.0,0.0,0.9914448613738105,-0.016000000000000007,-0.22496149868535165,0.2802328425555495,-0.1305261922200515,0.0,0.0,0.9914448613738105,0.0,-0.5235987755982988,0.7853981633974483,0.0,0.5235987755982988,0.0,0.0,-0.5235987755982988,0.7853981633974483,0.0,0.5235987755982988,0.0,0.0,-0.5235987755982988,0.7853981633974483,0.0,0.5235987755982988,0.0,0.0,0.0,0.0,0.0,0.0,0.0,0.0,0.0,0.0,0.0,0.0,0.0,0.5,0.0,0.0,0.0,False,False,False,False,1,False,,0.0,0,,,,True,True,0.0,0.010754500020993873,True,0.0,0.0,False,False,False,False,False,False,1.0,False,False,False,0.0,0.0,0.0,0.0
0.3110412000096403,1786138883.6245234,0.009910799999488518,0.0031006999779492617,0.009910799999488518,READY,0,waiting for deadman,0.0,0.3110412000096403,48,0.0,0.0,0.0,0.0,0.0,0.0,1.0,0.0,0.0,0.0,0.0,0.0,0.0,1.0,-0.016000000000000007,-0.22496149868535165,0.2802328425555495,-0.1305261922200515,0.0,0.0,0.9914448613738105,-0.016000000000000007,-0.22496149868535165,0.2802328425555495,-0.1305261922200515,0.0,0.0,0.9914448613738105,-0.016000000000000007,-0.22496149868535165,0.2802328425555495,-0.1305261922200515,0.0,0.0,0.9914448613738105,-0.016000000000000007,-0.22496149868535165,0.2802328425555495,-0.1305261922200515,0.0,0.0,0.9914448613738105,-0.016000000000000007,-0.22496149868535165,0.2802328425555495,-0.1305261922200515,0.0,0.0,0.9914448613738105,0.0,-0.5235987755982988,0.7853981633974483,0.0,0.5235987755982988,0.0,0.0,-0.5235987755982988,0.7853981633974483,0.0,0.5235987755982988,0.0,0.0,-0.5235987755982988,0.7853981633974483,0.0,0.5235987755982988,0.0,0.0,0.0,0.0,0.0,0.0,0.0,0.0,0.0,0.0,0.0,0.0,0.0,0.5,0.0,0.0,0.0,False,False,False,False,1,False,,0.0,0,,,,True,True,0.0,0.009910799999488518,True,0.0,0.0,False,False,False,False,False,False,1.0,False,False,False,0.0,0.0,0.0,0.0
0.32199659998877905,1786138883.6358871,0.010955399979138747,0.0035081999958492815,0.010955399979138747,READY,0,waiting for deadman,0.0,0.32199659998877905,50,0.0,0.0,0.0,0.0,0.0,0.0,1.0,0.0,0.0,0.0,0.0,0.0,0.0,1.0,-0.016000000000000007,-0.22496149868535165,0.2802328425555495,-0.1305261922200515,0.0,0.0,0.9914448613738105,-0.016000000000000007,-0.22496149868535165,0.2802328425555495,-0.1305261922200515,0.0,0.0,0.9914448613738105,-0.016000000000000007,-0.22496149868535165,0.2802328425555495,-0.1305261922200515,0.0,0.0,0.9914448613738105,-0.016000000000000007,-0.22496149868535165,0.2802328425555495,-0.1305261922200515,0.0,0.0,0.9914448613738105,-0.016000000000000007,-0.22496149868535165,0.2802328425555495,-0.1305261922200515,0.0,0.0,0.9914448613738105,0.0,-0.5235987755982988,0.7853981633974483,0.0,0.5235987755982988,0.0,0.0,-0.5235987755982988,0.7853981633974483,0.0,0.5235987755982988,0.0,0.0,-0.5235987755982988,0.7853981633974483,0.0,0.5235987755982988,0.0,0.0,0.0,0.0,0.0,0.0,0.0,0.0,0.0,0.0,0.0,0.0,0.0,0.5,0.0,0.0,0.0,False,False,False,False,1,False,,0.0,0,,,,True,True,0.0,0.010955399979138747,True,0.0,0.0,False,False,False,False,False,False,1.0,False,False,False,0.0,0.0,0.0,0.0
0.33090130001073703,1786138883.643897,0.008904700021957979,0.0026140999980270863,0.008904700021957979,READY,0,waiting for deadman,0.0,0.33090130001073703,52,0.0,0.0,0.0,0.0,0.0,0.0,1.0,0.0,0.0,0.0,0.0,0.0,0.0,1.0,-0.016000000000000007,-0.22496149868535165,0.2802328425555495,-0.1305261922200515,0.0,0.0,0.9914448613738105,-0.016000000000000007,-0.22496149868535165,0.2802328425555495,-0.1305261922200515,0.0,0.0,0.9914448613738105,-0.016000000000000007,-0.22496149868535165,0.2802328425555495,-0.1305261922200515,0.0,0.0,0.9914448613738105,-0.016000000000000007,-0.22496149868535165,0.2802328425555495,-0.1305261922200515,0.0,0.0,0.9914448613738105,-0.016000000000000007,-0.22496149868535165,0.2802328425555495,-0.1305261922200515,0.0,0.0,0.9914448613738105,0.0,-0.5235987755982988,0.7853981633974483,0.0,0.5235987755982988,0.0,0.0,-0.5235987755982988,0.7853981633974483,0.0,0.5235987755982988,0.0,0.0,-0.5235987755982988,0.7853981633974483,0.0,0.5235987755982988,0.0,0.0,0.0,0.0,0.0,0.0,0.0,0.0,0.0,0.0,0.0,0.0,0.0,0.5,0.0,0.0,0.0,False,False,False,False,1,False,,0.0,0,,,,True,True,0.0,0.008904700021957979,True,0.0,0.0,False,False,False,False,False,False,1.0,False,False,False,0.0,0.0,0.0,0.0
0.3401974000153132,1786138883.6543155,0.009296100004576147,0.003734700003406033,0.009296100004576147,READY,0,waiting for deadman,0.0,0.3401974000153132,54,0.0,0.0,0.0,0.0,0.0,0.0,1.0,0.0,0.0,0.0,0.0,0.0,0.0,1.0,-0.016000000000000007,-0.22496149868535165,0.2802328425555495,-0.1305261922200515,0.0,0.0,0.9914448613738105,-0.016000000000000007,-0.22496149868535165,0.2802328425555495,-0.1305261922200515,0.0,0.0,0.9914448613738105,-0.016000000000000007,-0.22496149868535165,0.2802328425555495,-0.1305261922200515,0.0,0.0,0.9914448613738105,-0.016000000000000007,-0.22496149868535165,0.2802328425555495,-0.1305261922200515,0.0,0.0,0.9914448613738105,-0.016000000000000007,-0.22496149868535165,0.2802328425555495,-0.1305261922200515,0.0,0.0,0.9914448613738105,0.0,-0.5235987755982988,0.7853981633974483,0.0,0.5235987755982988,0.0,0.0,-0.5235987755982988,0.7853981633974483,0.0,0.5235987755982988,0.0,0.0,-0.5235987755982988,0.7853981633974483,0.0,0.5235987755982988,0.0,0.0,0.0,0.0,0.0,0.0,0.0,0.0,0.0,0.0,0.0,0.0,0.0,0.5,0.0,0.0,0.0,False,False,False,False,1,False,,0.0,0,,,,True,True,0.0,0.009296100004576147,True,0.0,0.0,False,False,False,False,False,False,1.0,False,False,False,0.0,0.0,0.0,0.0
0.3504274000006262,1786138883.6640542,0.010229999985313043,0.0032353000133298337,0.010229999985313043,READY,0,waiting for deadman,0.0,0.3504274000006262,56,0.0,0.0,0.0,0.0,0.0,0.0,1.0,0.0,0.0,0.0,0.0,0.0,0.0,1.0,-0.016000000000000007,-0.22496149868535165,0.2802328425555495,-0.1305261922200515,0.0,0.0,0.9914448613738105,-0.016000000000000007,-0.22496149868535165,0.2802328425555495,-0.1305261922200515,0.0,0.0,0.9914448613738105,-0.016000000000000007,-0.22496149868535165,0.2802328425555495,-0.1305261922200515,0.0,0.0,0.9914448613738105,-0.016000000000000007,-0.22496149868535165,0.2802328425555495,-0.1305261922200515,0.0,0.0,0.9914448613738105,-0.016000000000000007,-0.22496149868535165,0.2802328425555495,-0.1305261922200515,0.0,0.0,0.9914448613738105,0.0,-0.5235987755982988,0.7853981633974483,0.0,0.5235987755982988,0.0,0.0,-0.5235987755982988,0.7853981633974483,0.0,0.5235987755982988,0.0,0.0,-0.5235987755982988,0.7853981633974483,0.0,0.5235987755982988,0.0,0.0,0.0,0.0,0.0,0.0,0.0,0.0,0.0,0.0,0.0,0.0,0.0,0.5,0.0,0.0,0.0,False,False,False,False,1,False,,0.0,0,,,,True,True,0.0,0.010229999985313043,True,0.0,0.0,False,False,False,False,False,False,1.0,False,False,False,0.0,0.0,0.0,0.0
0.36061510001309216,1786138883.674714,0.010187700012465939,0.003707099996972829,0.010187700012465939,READY,0,waiting for deadman,0.0,0.36061510001309216,58,0.0,0.0,0.0,0.0,0.0,0.0,1.0,0.0,0.0,0.0,0.0,0.0,0.0,1.0,-0.016000000000000007,-0.22496149868535165,0.2802328425555495,-0.1305261922200515,0.0,0.0,0.9914448613738105,-0.016000000000000007,-0.22496149868535165,0.2802328425555495,-0.1305261922200515,0.0,0.0,0.9914448613738105,-0.016000000000000007,-0.22496149868535165,0.2802328425555495,-0.1305261922200515,0.0,0.0,0.9914448613738105,-0.016000000000000007,-0.22496149868535165,0.2802328425555495,-0.1305261922200515,0.0,0.0,0.9914448613738105,-0.016000000000000007,-0.22496149868535165,0.2802328425555495,-0.1305261922200515,0.0,0.0,0.9914448613738105,0.0,-0.5235987755982988,0.7853981633974483,0.0,0.5235987755982988,0.0,0.0,-0.5235987755982988,0.7853981633974483,0.0,0.5235987755982988,0.0,0.0,-0.5235987755982988,0.7853981633974483,0.0,0.5235987755982988,0.0,0.0,0.0,0.0,0.0,0.0,0.0,0.0,0.0,0.0,0.0,0.0,0.0,0.5,0.0,0.0,0.0,False,False,False,False,1,False,,0.0,0,,,,True,True,0.0,0.010187700012465939,True,0.0,0.0,False,False,False,False,False,False,1.0,False,False,False,0.0,0.0,0.0,0.0
0.37438490000204183,1786138883.6976604,0.013769799988949671,0.012893300008727238,0.013769799988949671,READY,0,waiting for deadman,0.0,0.37438490000204183,60,0.0,0.0,0.0,0.0,0.0,0.0,1.0,0.0,0.0,0.0,0.0,0.0,0.0,1.0,-0.016000000000000007,-0.22496149868535165,0.2802328425555495,-0.1305261922200515,0.0,0.0,0.9914448613738105,-0.016000000000000007,-0.22496149868535165,0.2802328425555495,-0.1305261922200515,0.0,0.0,0.9914448613738105,-0.016000000000000007,-0.22496149868535165,0.2802328425555495,-0.1305261922200515,0.0,0.0,0.9914448613738105,-0.016000000000000007,-0.22496149868535165,0.2802328425555495,-0.1305261922200515,0.0,0.0,0.9914448613738105,-0.016000000000000007,-0.22496149868535165,0.2802328425555495,-0.1305261922200515,0.0,0.0,0.9914448613738105,0.0,-0.5235987755982988,0.7853981633974483,0.0,0.5235987755982988,0.0,0.0,-0.5235987755982988,0.7853981633974483,0.0,0.5235987755982988,0.0,0.0,-0.5235987755982988,0.7853981633974483,0.0,0.5235987755982988,0.0,0.0,0.0,0.0,0.0,0.0,0.0,0.0,0.0,0.0,0.0,0.0,0.0,0.5,0.0,0.0,0.0,False,False,False,False,1,False,,0.0,0,,,,True,True,0.0,0.013769799988949671,True,0.0,0.0,False,False,False,False,False,False,1.0,False,False,False,0.0,0.0,0.0,0.0
0.38752230000682175,1786138883.7009394,0.01313740000477992,0.0030374999914783984,0.01313740000477992,READY,0,waiting for deadman,0.0,0.38752230000682175,61,0.0,0.0,0.0,0.0,0.0,0.0,1.0,0.0,0.0,0.0,0.0,0.0,0.0,1.0,-0.016000000000000007,-0.22496149868535165,0.2802328425555495,-0.1305261922200515,0.0,0.0,0.9914448613738105,-0.016000000000000007,-0.22496149868535165,0.2802328425555495,-0.1305261922200515,0.0,0.0,0.9914448613738105,-0.016000000000000007,-0.22496149868535165,0.2802328425555495,-0.1305261922200515,0.0,0.0,0.9914448613738105,-0.016000000000000007,-0.22496149868535165,0.2802328425555495,-0.1305261922200515,0.0,0.0,0.9914448613738105,-0.016000000000000007,-0.22496149868535165,0.2802328425555495,-0.1305261922200515,0.0,0.0,0.9914448613738105,0.0,-0.5235987755982988,0.7853981633974483,0.0,0.5235987755982988,0.0,0.0,-0.5235987755982988,0.7853981633974483,0.0,0.5235987755982988,0.0,0.0,-0.5235987755982988,0.7853981633974483,0.0,0.5235987755982988,0.0,0.0,0.0,0.0,0.0,0.0,0.0,0.0,0.0,0.0,0.0,0.0,0.0,0.5,0.0,0.0,0.0,False,False,False,False,1,False,,0.0,0,,,,True,True,0.0,0.01313740000477992,True,0.0,0.0,False,False,False,False,False,False,1.0,False,False,False,0.0,0.0,0.0,0.0
0.39078809999045916,1786138883.7035913,0.0032657999836374074,0.002424500009510666,0.0032657999836374074,READY,0,waiting for deadman,0.0,0.39078809999045916,62,0.0,0.0,0.0,0.0,0.0,0.0,1.0,0.0,0.0,0.0,0.0,0.0,0.0,1.0,-0.016000000000000007,-0.22496149868535165,0.2802328425555495,-0.1305261922200515,0.0,0.0,0.9914448613738105,-0.016000000000000007,-0.22496149868535165,0.2802328425555495,-0.1305261922200515,0.0,0.0,0.9914448613738105,-0.016000000000000007,-0.22496149868535165,0.2802328425555495,-0.1305261922200515,0.0,0.0,0.9914448613738105,-0.016000000000000007,-0.22496149868535165,0.2802328425555495,-0.1305261922200515,0.0,0.0,0.9914448613738105,-0.016000000000000007,-0.22496149868535165,0.2802328425555495,-0.1305261922200515,0.0,0.0,0.9914448613738105,0.0,-0.5235987755982988,0.7853981633974483,0.0,0.5235987755982988,0.0,0.0,-0.5235987755982988,0.7853981633974483,0.0,0.5235987755982988,0.0,0.0,-0.5235987755982988,0.7853981633974483,0.0,0.5235987755982988,0.0,0.0,0.0,0.0,0.0,0.0,0.0,0.0,0.0,0.0,0.0,0.0,0.0,0.5,0.0,0.0,0.0,False,False,False,False,1,False,,0.0,0,,,,True,True,0.0,0.0032657999836374074,True,0.0,0.0,False,False,False,False,False,False,1.0,False,False,False,0.0,0.0,0.0,0.0
0.40063910000026226,1786138883.7146552,0.009851000009803101,0.0036337999918032438,0.009851000009803101,READY,0,waiting for deadman,0.0,0.40063910000026226,65,0.0,0.0,0.0,0.0,0.0,0.0,1.0,0.0,0.0,0.0,0.0,0.0,0.0,1.0,-0.016000000000000007,-0.22496149868535165,0.2802328425555495,-0.1305261922200515,0.0,0.0,0.9914448613738105,-0.016000000000000007,-0.22496149868535165,0.2802328425555495,-0.1305261922200515,0.0,0.0,0.9914448613738105,-0.016000000000000007,-0.22496149868535165,0.2802328425555495,-0.1305261922200515,0.0,0.0,0.9914448613738105,-0.016000000000000007,-0.22496149868535165,0.2802328425555495,-0.1305261922200515,0.0,0.0,0.9914448613738105,-0.016000000000000007,-0.22496149868535165,0.2802328425555495,-0.1305261922200515,0.0,0.0,0.9914448613738105,0.0,-0.5235987755982988,0.7853981633974483,0.0,0.5235987755982988,0.0,0.0,-0.5235987755982988,0.7853981633974483,0.0,0.5235987755982988,0.0,0.0,-0.5235987755982988,0.7853981633974483,0.0,0.5235987755982988,0.0,0.0,0.0,0.0,0.0,0.0,0.0,0.0,0.0,0.0,0.0,0.0,0.0,0.5,0.0,0.0,0.0,False,False,False,False,1,False,,0.0,0,,,,True,True,0.0,0.009851000009803101,True,0.0,0.0,False,False,False,False,False,False,1.0,False,False,False,0.0,0.0,0.0,0.0
0.4103252000059001,1786138883.7238264,0.009686100005637854,0.003119100001640618,0.009686100005637854,READY,0,waiting for deadman,0.0,0.4103252000059001,67,0.0,0.0,0.0,0.0,0.0,0.0,1.0,0.0,0.0,0.0,0.0,0.0,0.0,1.0,-0.016000000000000007,-0.22496149868535165,0.2802328425555495,-0.1305261922200515,0.0,0.0,0.9914448613738105,-0.016000000000000007,-0.22496149868535165,0.2802328425555495,-0.1305261922200515,0.0,0.0,0.9914448613738105,-0.016000000000000007,-0.22496149868535165,0.2802328425555495,-0.1305261922200515,0.0,0.0,0.9914448613738105,-0.016000000000000007,-0.22496149868535165,0.2802328425555495,-0.1305261922200515,0.0,0.0,0.9914448613738105,-0.016000000000000007,-0.22496149868535165,0.2802328425555495,-0.1305261922200515,0.0,0.0,0.9914448613738105,0.0,-0.5235987755982988,0.7853981633974483,0.0,0.5235987755982988,0.0,0.0,-0.5235987755982988,0.7853981633974483,0.0,0.5235987755982988,0.0,0.0,-0.5235987755982988,0.7853981633974483,0.0,0.5235987755982988,0.0,0.0,0.0,0.0,0.0,0.0,0.0,0.0,0.0,0.0,0.0,0.0,0.0,0.5,0.0,0.0,0.0,False,False,False,False,1,False,,0.0,0,,,,True,True,0.0,0.009686100005637854,True,0.0,0.0,False,False,False,False,False,False,1.0,False,False,False,0.0,0.0,0.0,0.0
0.42051620001439005,1786138883.7342021,0.010191000008489937,0.0033057999971788377,0.010191000008489937,READY,0,waiting for deadman,0.0,0.42051620001439005,69,0.0,0.0,0.0,0.0,0.0,0.0,1.0,0.0,0.0,0.0,0.0,0.0,0.0,1.0,-0.016000000000000007,-0.22496149868535165,0.2802328425555495,-0.1305261922200515,0.0,0.0,0.9914448613738105,-0.016000000000000007,-0.22496149868535165,0.2802328425555495,-0.1305261922200515,0.0,0.0,0.9914448613738105,-0.016000000000000007,-0.22496149868535165,0.2802328425555495,-0.1305261922200515,0.0,0.0,0.9914448613738105,-0.016000000000000007,-0.22496149868535165,0.2802328425555495,-0.1305261922200515,0.0,0.0,0.9914448613738105,-0.016000000000000007,-0.22496149868535165,0.2802328425555495,-0.1305261922200515,0.0,0.0,0.9914448613738105,0.0,-0.5235987755982988,0.7853981633974483,0.0,0.5235987755982988,0.0,0.0,-0.5235987755982988,0.7853981633974483,0.0,0.5235987755982988,0.0,0.0,-0.5235987755982988,0.7853981633974483,0.0,0.5235987755982988,0.0,0.0,0.0,0.0,0.0,0.0,0.0,0.0,0.0,0.0,0.0,0.0,0.0,0.5,0.0,0.0,0.0,False,False,False,False,1,False,,0.0,0,,,,True,True,0.0,0.010191000008489937,True,0.0,0.0,False,False,False,False,False,False,1.0,False,False,False,0.0,0.0,0.0,0.0
0.43248980000498705,1786138883.745815,0.011973599990596995,0.0029443999810609967,0.011973599990596995,READY,0,waiting for deadman,0.0,0.43248980000498705,71,0.0,0.0,0.0,0.0,0.0,0.0,1.0,0.0,0.0,0.0,0.0,0.0,0.0,1.0,-0.016000000000000007,-0.22496149868535165,0.2802328425555495,-0.1305261922200515,0.0,0.0,0.9914448613738105,-0.016000000000000007,-0.22496149868535165,0.2802328425555495,-0.1305261922200515,0.0,0.0,0.9914448613738105,-0.016000000000000007,-0.22496149868535165,0.2802328425555495,-0.1305261922200515,0.0,0.0,0.9914448613738105,-0.016000000000000007,-0.22496149868535165,0.2802328425555495,-0.1305261922200515,0.0,0.0,0.9914448613738105,-0.016000000000000007,-0.22496149868535165,0.2802328425555495,-0.1305261922200515,0.0,0.0,0.9914448613738105,0.0,-0.5235987755982988,0.7853981633974483,0.0,0.5235987755982988,0.0,0.0,-0.5235987755982988,0.7853981633974483,0.0,0.5235987755982988,0.0,0.0,-0.5235987755982988,0.7853981633974483,0.0,0.5235987755982988,0.0,0.0,0.0,0.0,0.0,0.0,0.0,0.0,0.0,0.0,0.0,0.0,0.0,0.5,0.0,0.0,0.0,False,False,False,False,1,False,,0.0,0,,,,True,True,0.0,0.011973599990596995,True,0.0,0.0,False,False,False,False,False,False,1.0,False,False,False,0.0,0.0,0.0,0.0
0.44039420000626706,1786138883.7543259,0.00790440000128001,0.003550199995515868,0.00790440000128001,READY,0,waiting for deadman,0.0,0.44039420000626706,73,0.0,0.0,0.0,0.0,0.0,0.0,1.0,0.0,0.0,0.0,0.0,0.0,0.0,1.0,-0.016000000000000007,-0.22496149868535165,0.2802328425555495,-0.1305261922200515,0.0,0.0,0.9914448613738105,-0.016000000000000007,-0.22496149868535165,0.2802328425555495,-0.1305261922200515,0.0,0.0,0.9914448613738105,-0.016000000000000007,-0.22496149868535165,0.2802328425555495,-0.1305261922200515,0.0,0.0,0.9914448613738105,-0.016000000000000007,-0.22496149868535165,0.2802328425555495,-0.1305261922200515,0.0,0.0,0.9914448613738105,-0.016000000000000007,-0.22496149868535165,0.2802328425555495,-0.1305261922200515,0.0,0.0,0.9914448613738105,0.0,-0.5235987755982988,0.7853981633974483,0.0,0.5235987755982988,0.0,0.0,-0.5235987755982988,0.7853981633974483,0.0,0.5235987755982988,0.0,0.0,-0.5235987755982988,0.7853981633974483,0.0,0.5235987755982988,0.0,0.0,0.0,0.0,0.0,0.0,0.0,0.0,0.0,0.0,0.0,0.0,0.0,0.5,0.0,0.0,0.0,False,False,False,False,1,False,,0.0,0,,,,True,True,0.0,0.00790440000128001,True,0.0,0.0,False,False,False,False,False,False,1.0,False,False,False,0.0,0.0,0.0,0.0
0.45026370001141913,1786138883.7643828,0.009869500005152076,0.003731000004336238,0.009869500005152076,READY,0,waiting for deadman,0.0,0.45026370001141913,75,0.0,0.0,0.0,0.0,0.0,0.0,1.0,0.0,0.0,0.0,0.0,0.0,0.0,1.0,-0.016000000000000007,-0.22496149868535165,0.2802328425555495,-0.1305261922200515,0.0,0.0,0.9914448613738105,-0.016000000000000007,-0.22496149868535165,0.2802328425555495,-0.1305261922200515,0.0,0.0,0.9914448613738105,-0.016000000000000007,-0.22496149868535165,0.2802328425555495,-0.1305261922200515,0.0,0.0,0.9914448613738105,-0.016000000000000007,-0.22496149868535165,0.2802328425555495,-0.1305261922200515,0.0,0.0,0.9914448613738105,-0.016000000000000007,-0.22496149868535165,0.2802328425555495,-0.1305261922200515,0.0,0.0,0.9914448613738105,0.0,-0.5235987755982988,0.7853981633974483,0.0,0.5235987755982988,0.0,0.0,-0.5235987755982988,0.7853981633974483,0.0,0.5235987755982988,0.0,0.0,-0.5235987755982988,0.7853981633974483,0.0,0.5235987755982988,0.0,0.0,0.0,0.0,0.0,0.0,0.0,0.0,0.0,0.0,0.0,0.0,0.0,0.5,0.0,0.0,0.0,False,False,False,False,1,False,,0.0,0,,,,True,True,0.0,0.009869500005152076,True,0.0,0.0,False,False,False,False,False,False,1.0,False,False,False,0.0,0.0,0.0,0.0
0.4603007000114303,1786138883.7740355,0.010037000000011176,0.0033445000008214265,0.010037000000011176,READY,0,waiting for deadman,0.0,0.4603007000114303,77,0.0,0.0,0.0,0.0,0.0,0.0,1.0,0.0,0.0,0.0,0.0,0.0,0.0,1.0,-0.016000000000000007,-0.22496149868535165,0.2802328425555495,-0.1305261922200515,0.0,0.0,0.9914448613738105,-0.016000000000000007,-0.22496149868535165,0.2802328425555495,-0.1305261922200515,0.0,0.0,0.9914448613738105,-0.016000000000000007,-0.22496149868535165,0.2802328425555495,-0.1305261922200515,0.0,0.0,0.9914448613738105,-0.016000000000000007,-0.22496149868535165,0.2802328425555495,-0.1305261922200515,0.0,0.0,0.9914448613738105,-0.016000000000000007,-0.22496149868535165,0.2802328425555495,-0.1305261922200515,0.0,0.0,0.9914448613738105,0.0,-0.5235987755982988,0.7853981633974483,0.0,0.5235987755982988,0.0,0.0,-0.5235987755982988,0.7853981633974483,0.0,0.5235987755982988,0.0,0.0,-0.5235987755982988,0.7853981633974483,0.0,0.5235987755982988,0.0,0.0,0.0,0.0,0.0,0.0,0.0,0.0,0.0,0.0,0.0,0.0,0.0,0.5,0.0,0.0,0.0,False,False,False,False,1,False,,0.0,0,,,,True,True,0.0,0.010037000000011176,True,0.0,0.0,False,False,False,False,False,False,1.0,False,False,False,0.0,0.0,0.0,0.0
0.4732044000120368,1786138883.7864435,0.012903700000606477,0.002856700011761859,0.012903700000606477,READY,0,waiting for deadman,0.0,0.4732044000120368,79,0.0,0.0,0.0,0.0,0.0,0.0,1.0,0.0,0.0,0.0,0.0,0.0,0.0,1.0,-0.016000000000000007,-0.22496149868535165,0.2802328425555495,-0.1305261922200515,0.0,0.0,0.9914448613738105,-0.016000000000000007,-0.22496149868535165,0.2802328425555495,-0.1305261922200515,0.0,0.0,0.9914448613738105,-0.016000000000000007,-0.22496149868535165,0.2802328425555495,-0.1305261922200515,0.0,0.0,0.9914448613738105,-0.016000000000000007,-0.22496149868535165,0.2802328425555495,-0.1305261922200515,0.0,0.0,0.9914448613738105,-0.016000000000000007,-0.22496149868535165,0.2802328425555495,-0.1305261922200515,0.0,0.0,0.9914448613738105,0.0,-0.5235987755982988,0.7853981633974483,0.0,0.5235987755982988,0.0,0.0,-0.5235987755982988,0.7853981633974483,0.0,0.5235987755982988,0.0,0.0,-0.5235987755982988,0.7853981633974483,0.0,0.5235987755982988,0.0,0.0,0.0,0.0,0.0,0.0,0.0,0.0,0.0,0.0,0.0,0.0,0.0,0.5,0.0,0.0,0.0,False,False,False,False,1,False,,0.0,0,,,,True,True,0.0,0.012903700000606477,True,0.0,0.0,False,False,False,False,False,False,1.0,False,False,False,0.0,0.0,0.0,0.0
0.48055869998643175,1786138883.793896,0.007354299974394962,0.00295429999823682,0.007354299974394962,READY,0,waiting for deadman,0.0,0.48055869998643175,81,0.0,0.0,0.0,0.0,0.0,0.0,1.0,0.0,0.0,0.0,0.0,0.0,0.0,1.0,-0.016000000000000007,-0.22496149868535165,0.2802328425555495,-0.1305261922200515,0.0,0.0,0.9914448613738105,-0.016000000000000007,-0.22496149868535165,0.2802328425555495,-0.1305261922200515,0.0,0.0,0.9914448613738105,-0.016000000000000007,-0.22496149868535165,0.2802328425555495,-0.1305261922200515,0.0,0.0,0.9914448613738105,-0.016000000000000007,-0.22496149868535165,0.2802328425555495,-0.1305261922200515,0.0,0.0,0.9914448613738105,-0.016000000000000007,-0.22496149868535165,0.2802328425555495,-0.1305261922200515,0.0,0.0,0.9914448613738105,0.0,-0.5235987755982988,0.7853981633974483,0.0,0.5235987755982988,0.0,0.0,-0.5235987755982988,0.7853981633974483,0.0,0.5235987755982988,0.0,0.0,-0.5235987755982988,0.7853981633974483,0.0,0.5235987755982988,0.0,0.0,0.0,0.0,0.0,0.0,0.0,0.0,0.0,0.0,0.0,0.0,0.0,0.5,0.0,0.0,0.0,False,False,False,False,1,False,,0.0,0,,,,True,True,0.0,0.007354299974394962,True,0.0,0.0,False,False,False,False,False,False,1.0,False,False,False,0.0,0.0,0.0,0.0
0.49006069998722523,1786138883.8042612,0.009502000000793487,0.003814399999100715,0.009502000000793487,READY,0,waiting for deadman,0.0,0.49006069998722523,83,0.0,0.0,0.0,0.0,0.0,0.0,1.0,0.0,0.0,0.0,0.0,0.0,0.0,1.0,-0.016000000000000007,-0.22496149868535165,0.2802328425555495,-0.1305261922200515,0.0,0.0,0.9914448613738105,-0.016000000000000007,-0.22496149868535165,0.2802328425555495,-0.1305261922200515,0.0,0.0,0.9914448613738105,-0.016000000000000007,-0.22496149868535165,0.2802328425555495,-0.1305261922200515,0.0,0.0,0.9914448613738105,-0.016000000000000007,-0.22496149868535165,0.2802328425555495,-0.1305261922200515,0.0,0.0,0.9914448613738105,-0.016000000000000007,-0.22496149868535165,0.2802328425555495,-0.1305261922200515,0.0,0.0,0.9914448613738105,0.0,-0.5235987755982988,0.7853981633974483,0.0,0.5235987755982988,0.0,0.0,-0.5235987755982988,0.7853981633974483,0.0,0.5235987755982988,0.0,0.0,-0.5235987755982988,0.7853981633974483,0.0,0.5235987755982988,0.0,0.0,0.0,0.0,0.0,0.0,0.0,0.0,0.0,0.0,0.0,0.0,0.0,0.5,0.0,0.0,0.0,False,False,False,False,1,False,,0.0,0,,,,True,True,0.0,0.009502000000793487,True,0.0,0.0,False,False,False,False,False,False,1.0,False,False,False,0.0,0.0,0.0,0.0
0.5323299999872688,1786138883.8459537,0.042269300000043586,0.0032402999931946397,0.042269300000043586,READY,0,waiting for deadman,0.0,0.5323299999872688,87,0.0,0.0,0.0,0.0,0.0,0.0,1.0,0.0,0.0,0.0,0.0,0.0,0.0,1.0,-0.016000000000000007,-0.22496149868535165,0.2802328425555495,-0.1305261922200515,0.0,0.0,0.9914448613738105,-0.016000000000000007,-0.22496149868535165,0.2802328425555495,-0.1305261922200515,0.0,0.0,0.9914448613738105,-0.016000000000000007,-0.22496149868535165,0.2802328425555495,-0.1305261922200515,0.0,0.0,0.9914448613738105,-0.016000000000000007,-0.22496149868535165,0.2802328425555495,-0.1305261922200515,0.0,0.0,0.9914448613738105,-0.016000000000000007,-0.22496149868535165,0.2802328425555495,-0.1305261922200515,0.0,0.0,0.9914448613738105,0.0,-0.5235987755982988,0.7853981633974483,0.0,0.5235987755982988,0.0,0.0,-0.5235987755982988,0.7853981633974483,0.0,0.5235987755982988,0.0,0.0,-0.5235987755982988,0.7853981633974483,0.0,0.5235987755982988,0.0,0.0,0.0,0.0,0.0,0.0,0.0,0.0,0.0,0.0,0.0,0.0,0.0,0.5,0.0,0.0,0.0,False,False,False,False,1,False,,0.0,0,,,,True,True,0.0,0.042269300000043586,True,0.0,0.0,False,False,False,False,False,False,1.0,False,False,False,0.0,0.0,0.0,0.0
0.544711800001096,1786138883.858662,0.01238180001382716,0.0035687999916262925,0.01238180001382716,READY,0,waiting for deadman,0.0,0.544711800001096,90,0.0,0.0,0.0,0.0,0.0,0.0,1.0,0.0,0.0,0.0,0.0,0.0,0.0,1.0,-0.016000000000000007,-0.22496149868535165,0.2802328425555495,-0.1305261922200515,0.0,0.0,0.9914448613738105,-0.016000000000000007,-0.22496149868535165,0.2802328425555495,-0.1305261922200515,0.0,0.0,0.9914448613738105,-0.016000000000000007,-0.22496149868535165,0.2802328425555495,-0.1305261922200515,0.0,0.0,0.9914448613738105,-0.016000000000000007,-0.22496149868535165,0.2802328425555495,-0.1305261922200515,0.0,0.0,0.9914448613738105,-0.016000000000000007,-0.22496149868535165,0.2802328425555495,-0.1305261922200515,0.0,0.0,0.9914448613738105,0.0,-0.5235987755982988,0.7853981633974483,0.0,0.5235987755982988,0.0,0.0,-0.5235987755982988,0.7853981633974483,0.0,0.5235987755982988,0.0,0.0,-0.5235987755982988,0.7853981633974483,0.0,0.5235987755982988,0.0,0.0,0.0,0.0,0.0,0.0,0.0,0.0,0.0,0.0,0.0,0.0,0.0,0.5,0.0,0.0,0.0,False,False,False,False,1,False,,0.0,0,,,,True,True,0.0,0.01238180001382716,True,0.0,0.0,False,False,False,False,False,False,1.0,False,False,False,0.0,0.0,0.0,0.0
0.5525596000079531,1786138883.8662481,0.007847800006857142,0.0033032999781426042,0.007847800006857142,READY,0,waiting for deadman,0.0,0.5525596000079531,92,0.0,0.0,0.0,0.0,0.0,0.0,1.0,0.0,0.0,0.0,0.0,0.0,0.0,1.0,-0.016000000000000007,-0.22496149868535165,0.2802328425555495,-0.1305261922200515,0.0,0.0,0.9914448613738105,-0.016000000000000007,-0.22496149868535165,0.2802328425555495,-0.1305261922200515,0.0,0.0,0.9914448613738105,-0.016000000000000007,-0.22496149868535165,0.2802328425555495,-0.1305261922200515,0.0,0.0,0.9914448613738105,-0.016000000000000007,-0.22496149868535165,0.2802328425555495,-0.1305261922200515,0.0,0.0,0.9914448613738105,-0.016000000000000007,-0.22496149868535165,0.2802328425555495,-0.1305261922200515,0.0,0.0,0.9914448613738105,0.0,-0.5235987755982988,0.7853981633974483,0.0,0.5235987755982988,0.0,0.0,-0.5235987755982988,0.7853981633974483,0.0,0.5235987755982988,0.0,0.0,-0.5235987755982988,0.7853981633974483,0.0,0.5235987755982988,0.0,0.0,0.0,0.0,0.0,0.0,0.0,0.0,0.0,0.0,0.0,0.0,0.0,0.5,0.0,0.0,0.0,False,False,False,False,1,False,,0.0,0,,,,True,True,0.0,0.007847800006857142,True,0.0,0.0,False,False,False,False,False,False,1.0,False,False,False,0.0,0.0,0.0,0.0
0.5625878999999259,1786138883.876528,0.010028299991972744,0.003552300011506304,0.010028299991972744,READY,0,waiting for deadman,0.0,0.5625878999999259,94,0.0,0.0,0.0,0.0,0.0,0.0,1.0,0.0,0.0,0.0,0.0,0.0,0.0,1.0,-0.016000000000000007,-0.22496149868535165,0.2802328425555495,-0.1305261922200515,0.0,0.0,0.9914448613738105,-0.016000000000000007,-0.22496149868535165,0.2802328425555495,-0.1305261922200515,0.0,0.0,0.9914448613738105,-0.016000000000000007,-0.22496149868535165,0.2802328425555495,-0.1305261922200515,0.0,0.0,0.9914448613738105,-0.016000000000000007,-0.22496149868535165,0.2802328425555495,-0.1305261922200515,0.0,0.0,0.9914448613738105,-0.016000000000000007,-0.22496149868535165,0.2802328425555495,-0.1305261922200515,0.0,0.0,0.9914448613738105,0.0,-0.5235987755982988,0.7853981633974483,0.0,0.5235987755982988,0.0,0.0,-0.5235987755982988,0.7853981633974483,0.0,0.5235987755982988,0.0,0.0,-0.5235987755982988,0.7853981633974483,0.0,0.5235987755982988,0.0,0.0,0.0,0.0,0.0,0.0,0.0,0.0,0.0,0.0,0.0,0.0,0.0,0.5,0.0,0.0,0.0,False,False,False,False,1,False,,0.0,0,,,,True,True,0.0,0.010028299991972744,True,0.0,0.0,False,False,False,False,False,False,1.0,False,False,False,0.0,0.0,0.0,0.0
0.5726200999924913,1786138883.8862398,0.010032199992565438,0.0032370999979320914,0.010032199992565438,READY,0,waiting for deadman,0.0,0.5726200999924913,96,0.0,0.0,0.0,0.0,0.0,0.0,1.0,0.0,0.0,0.0,0.0,0.0,0.0,1.0,-0.016000000000000007,-0.22496149868535165,0.2802328425555495,-0.1305261922200515,0.0,0.0,0.9914448613738105,-0.016000000000000007,-0.22496149868535165,0.2802328425555495,-0.1305261922200515,0.0,0.0,0.9914448613738105,-0.016000000000000007,-0.22496149868535165,0.2802328425555495,-0.1305261922200515,0.0,0.0,0.9914448613738105,-0.016000000000000007,-0.22496149868535165,0.2802328425555495,-0.1305261922200515,0.0,0.0,0.9914448613738105,-0.016000000000000007,-0.22496149868535165,0.2802328425555495,-0.1305261922200515,0.0,0.0,0.9914448613738105,0.0,-0.5235987755982988,0.7853981633974483,0.0,0.5235987755982988,0.0,0.0,-0.5235987755982988,0.7853981633974483,0.0,0.5235987755982988,0.0,0.0,-0.5235987755982988,0.7853981633974483,0.0,0.5235987755982988,0.0,0.0,0.0,0.0,0.0,0.0,0.0,0.0,0.0,0.0,0.0,0.0,0.0,0.5,0.0,0.0,0.0,False,False,False,False,1,False,,0.0,0,,,,True,True,0.0,0.010032199992565438,True,0.0,0.0,False,False,False,False,False,False,1.0,False,False,False,0.0,0.0,0.0,0.0
0.582647100003669,1786138883.8959317,0.010027000011177734,0.00290250001125969,0.010027000011177734,READY,0,waiting for deadman,0.0,0.582647100003669,98,0.0,0.0,0.0,0.0,0.0,0.0,1.0,0.0,0.0,0.0,0.0,0.0,0.0,1.0,-0.016000000000000007,-0.22496149868535165,0.2802328425555495,-0.1305261922200515,0.0,0.0,0.9914448613738105,-0.016000000000000007,-0.22496149868535165,0.2802328425555495,-0.1305261922200515,0.0,0.0,0.9914448613738105,-0.016000000000000007,-0.22496149868535165,0.2802328425555495,-0.1305261922200515,0.0,0.0,0.9914448613738105,-0.016000000000000007,-0.22496149868535165,0.2802328425555495,-0.1305261922200515,0.0,0.0,0.9914448613738105,-0.016000000000000007,-0.22496149868535165,0.2802328425555495,-0.1305261922200515,0.0,0.0,0.9914448613738105,0.0,-0.5235987755982988,0.7853981633974483,0.0,0.5235987755982988,0.0,0.0,-0.5235987755982988,0.7853981633974483,0.0,0.5235987755982988,0.0,0.0,-0.5235987755982988,0.7853981633974483,0.0,0.5235987755982988,0.0,0.0,0.0,0.0,0.0,0.0,0.0,0.0,0.0,0.0,0.0,0.0,0.0,0.5,0.0,0.0,0.0,False,False,False,False,1,False,,0.0,0,,,,True,True,0.0,0.010027000011177734,True,0.0,0.0,False,False,False,False,False,False,1.0,False,False,False,0.0,0.0,0.0,0.0
0.5927228000073228,1786138883.9074054,0.010075700003653765,0.004300100001273677,0.010075700003653765,READY,0,waiting for deadman,0.0,0.5927228000073228,100,0.0,0.0,0.0,0.0,0.0,0.0,1.0,0.0,0.0,0.0,0.0,0.0,0.0,1.0,-0.016000000000000007,-0.22496149868535165,0.2802328425555495,-0.1305261922200515,0.0,0.0,0.9914448613738105,-0.016000000000000007,-0.22496149868535165,0.2802328425555495,-0.1305261922200515,0.0,0.0,0.9914448613738105,-0.016000000000000007,-0.22496149868535165,0.2802328425555495,-0.1305261922200515,0.0,0.0,0.9914448613738105,-0.016000000000000007,-0.22496149868535165,0.2802328425555495,-0.1305261922200515,0.0,0.0,0.9914448613738105,-0.016000000000000007,-0.22496149868535165,0.2802328425555495,-0.1305261922200515,0.0,0.0,0.9914448613738105,0.0,-0.5235987755982988,0.7853981633974483,0.0,0.5235987755982988,0.0,0.0,-0.5235987755982988,0.7853981633974483,0.0,0.5235987755982988,0.0,0.0,-0.5235987755982988,0.7853981633974483,0.0,0.5235987755982988,0.0,0.0,0.0,0.0,0.0,0.0,0.0,0.0,0.0,0.0,0.0,0.0,0.0,0.5,0.0,0.0,0.0,False,False,False,False,1,False,,0.0,0,,,,True,True,0.0,0.010075700003653765,True,0.0,0.0,False,False,False,False,False,False,1.0,False,False,False,0.0,0.0,0.0,0.0
0.6028585000021849,1786138883.916373,0.01013569999486208,0.0031312000064644963,0.01013569999486208,READY,0,waiting for deadman,0.0,0.6028585000021849,102,0.0,0.0,0.0,0.0,0.0,0.0,1.0,0.0,0.0,0.0,0.0,0.0,0.0,1.0,-0.016000000000000007,-0.22496149868535165,0.2802328425555495,-0.1305261922200515,0.0,0.0,0.9914448613738105,-0.016000000000000007,-0.22496149868535165,0.2802328425555495,-0.1305261922200515,0.0,0.0,0.9914448613738105,-0.016000000000000007,-0.22496149868535165,0.2802328425555495,-0.1305261922200515,0.0,0.0,0.9914448613738105,-0.016000000000000007,-0.22496149868535165,0.2802328425555495,-0.1305261922200515,0.0,0.0,0.9914448613738105,-0.016000000000000007,-0.22496149868535165,0.2802328425555495,-0.1305261922200515,0.0,0.0,0.9914448613738105,0.0,-0.5235987755982988,0.7853981633974483,0.0,0.5235987755982988,0.0,0.0,-0.5235987755982988,0.7853981633974483,0.0,0.5235987755982988,0.0,0.0,-0.5235987755982988,0.7853981633974483,0.0,0.5235987755982988,0.0,0.0,0.0,0.0,0.0,0.0,0.0,0.0,0.0,0.0,0.0,0.0,0.0,0.5,0.0,0.0,0.0,False,False,False,False,1,False,,0.0,0,,,,True,True,0.0,0.01013569999486208,True,0.0,0.0,False,False,False,False,False,False,1.0,False,False,False,0.0,0.0,0.0,0.0
0.6137716000084765,1786138883.9266636,0.010913100006291643,0.002510699996491894,0.010913100006291643,READY,0,waiting for deadman,0.0,0.6137716000084765,104,0.0,0.0,0.0,0.0,0.0,0.0,1.0,0.0,0.0,0.0,0.0,0.0,0.0,1.0,-0.016000000000000007,-0.22496149868535165,0.2802328425555495,-0.1305261922200515,0.0,0.0,0.9914448613738105,-0.016000000000000007,-0.22496149868535165,0.2802328425555495,-0.1305261922200515,0.0,0.0,0.9914448613738105,-0.016000000000000007,-0.22496149868535165,0.2802328425555495,-0.1305261922200515,0.0,0.0,0.9914448613738105,-0.016000000000000007,-0.22496149868535165,0.2802328425555495,-0.1305261922200515,0.0,0.0,0.9914448613738105,-0.016000000000000007,-0.22496149868535165,0.2802328425555495,-0.1305261922200515,0.0,0.0,0.9914448613738105,0.0,-0.5235987755982988,0.7853981633974483,0.0,0.5235987755982988,0.0,0.0,-0.5235987755982988,0.7853981633974483,0.0,0.5235987755982988,0.0,0.0,-0.5235987755982988,0.7853981633974483,0.0,0.5235987755982988,0.0,0.0,0.0,0.0,0.0,0.0,0.0,0.0,0.0,0.0,0.0,0.0,0.0,0.5,0.0,0.0,0.0,False,False,False,False,1,False,,0.0,0,,,,True,True,0.0,0.010913100006291643,True,0.0,0.0,False,False,False,False,False,False,1.0,False,False,False,0.0,0.0,0.0,0.0
0.6224493999907281,1786138883.9358027,0.0086777999822516,0.0029651000222656876,0.0086777999822516,READY,0,waiting for deadman,0.0,0.6224493999907281,106,0.0,0.0,0.0,0.0,0.0,0.0,1.0,0.0,0.0,0.0,0.0,0.0,0.0,1.0,-0.016000000000000007,-0.22496149868535165,0.2802328425555495,-0.1305261922200515,0.0,0.0,0.9914448613738105,-0.016000000000000007,-0.22496149868535165,0.2802328425555495,-0.1305261922200515,0.0,0.0,0.9914448613738105,-0.016000000000000007,-0.22496149868535165,0.2802328425555495,-0.1305261922200515,0.0,0.0,0.9914448613738105,-0.016000000000000007,-0.22496149868535165,0.2802328425555495,-0.1305261922200515,0.0,0.0,0.9914448613738105,-0.016000000000000007,-0.22496149868535165,0.2802328425555495,-0.1305261922200515,0.0,0.0,0.9914448613738105,0.0,-0.5235987755982988,0.7853981633974483,0.0,0.5235987755982988,0.0,0.0,-0.5235987755982988,0.7853981633974483,0.0,0.5235987755982988,0.0,0.0,-0.5235987755982988,0.7853981633974483,0.0,0.5235987755982988,0.0,0.0,0.0,0.0,0.0,0.0,0.0,0.0,0.0,0.0,0.0,0.0,0.0,0.5,0.0,0.0,0.0,False,False,False,False,1,False,,0.0,0,,,,True,True,0.0,0.0086777999822516,True,0.0,0.0,False,False,False,False,False,False,1.0,False,False,False,0.0,0.0,0.0,0.0
0.6329210000112653,1786138883.9465556,0.010471600020537153,0.0032521999964956194,0.010471600020537153,READY,0,waiting for deadman,0.0,0.6329210000112653,108,0.0,0.0,0.0,0.0,0.0,0.0,1.0,0.0,0.0,0.0,0.0,0.0,0.0,1.0,-0.016000000000000007,-0.22496149868535165,0.2802328425555495,-0.1305261922200515,0.0,0.0,0.9914448613738105,-0.016000000000000007,-0.22496149868535165,0.2802328425555495,-0.1305261922200515,0.0,0.0,0.9914448613738105,-0.016000000000000007,-0.22496149868535165,0.2802328425555495,-0.1305261922200515,0.0,0.0,0.9914448613738105,-0.016000000000000007,-0.22496149868535165,0.2802328425555495,-0.1305261922200515,0.0,0.0,0.9914448613738105,-0.016000000000000007,-0.22496149868535165,0.2802328425555495,-0.1305261922200515,0.0,0.0,0.9914448613738105,0.0,-0.5235987755982988,0.7853981633974483,0.0,0.5235987755982988,0.0,0.0,-0.5235987755982988,0.7853981633974483,0.0,0.5235987755982988,0.0,0.0,-0.5235987755982988,0.7853981633974483,0.0,0.5235987755982988,0.0,0.0,0.0,0.0,0.0,0.0,0.0,0.0,0.0,0.0,0.0,0.0,0.0,0.5,0.0,0.0,0.0,False,False,False,False,1,False,,0.0,0,,,,True,True,0.0,0.010471600020537153,True,0.0,0.0,False,False,False,False,False,False,1.0,False,False,False,0.0,0.0,0.0,0.0
0.6424733999883756,1786138883.9587166,0.009552399977110326,0.005861000012373552,0.009552399977110326,READY,0,waiting for deadman,0.0,0.6424733999883756,110,0.0,0.0,0.0,0.0,0.0,0.0,1.0,0.0,0.0,0.0,0.0,0.0,0.0,1.0,-0.016000000000000007,-0.22496149868535165,0.2802328425555495,-0.1305261922200515,0.0,0.0,0.9914448613738105,-0.016000000000000007,-0.22496149868535165,0.2802328425555495,-0.1305261922200515,0.0,0.0,0.9914448613738105,-0.016000000000000007,-0.22496149868535165,0.2802328425555495,-0.1305261922200515,0.0,0.0,0.9914448613738105,-0.016000000000000007,-0.22496149868535165,0.2802328425555495,-0.1305261922200515,0.0,0.0,0.9914448613738105,-0.016000000000000007,-0.22496149868535165,0.2802328425555495,-0.1305261922200515,0.0,0.0,0.9914448613738105,0.0,-0.5235987755982988,0.7853981633974483,0.0,0.5235987755982988,0.0,0.0,-0.5235987755982988,0.7853981633974483,0.0,0.5235987755982988,0.0,0.0,-0.5235987755982988,0.7853981633974483,0.0,0.5235987755982988,0.0,0.0,0.0,0.0,0.0,0.0,0.0,0.0,0.0,0.0,0.0,0.0,0.0,0.5,0.0,0.0,0.0,False,False,False,False,1,False,,0.0,0,,,,True,True,0.0,0.009552399977110326,True,0.0,0.0,False,False,False,False,False,False,1.0,False,False,False,0.0,0.0,0.0,0.0
0.6526057999872137,1786138883.9659743,0.010132399998838082,0.0029867000121157616,0.010132399998838082,READY,0,waiting for deadman,0.0,0.6526057999872137,112,0.0,0.0,0.0,0.0,0.0,0.0,1.0,0.0,0.0,0.0,0.0,0.0,0.0,1.0,-0.016000000000000007,-0.22496149868535165,0.2802328425555495,-0.1305261922200515,0.0,0.0,0.9914448613738105,-0.016000000000000007,-0.22496149868535165,0.2802328425555495,-0.1305261922200515,0.0,0.0,0.9914448613738105,-0.016000000000000007,-0.22496149868535165,0.2802328425555495,-0.1305261922200515,0.0,0.0,0.9914448613738105,-0.016000000000000007,-0.22496149868535165,0.2802328425555495,-0.1305261922200515,0.0,0.0,0.9914448613738105,-0.016000000000000007,-0.22496149868535165,0.2802328425555495,-0.1305261922200515,0.0,0.0,0.9914448613738105,0.0,-0.5235987755982988,0.7853981633974483,0.0,0.5235987755982988,0.0,0.0,-0.5235987755982988,0.7853981633974483,0.0,0.5235987755982988,0.0,0.0,-0.5235987755982988,0.7853981633974483,0.0,0.5235987755982988,0.0,0.0,0.0,0.0,0.0,0.0,0.0,0.0,0.0,0.0,0.0,0.0,0.0,0.5,0.0,0.0,0.0,False,False,False,False,1,False,,0.0,0,,,,True,True,0.0,0.010132399998838082,True,0.0,0.0,False,False,False,False,False,False,1.0,False,False,False,0.0,0.0,0.0,0.0
0.6626242999918759,1786138883.975953,0.0100185000046622,0.0029402000072877854,0.0100185000046622,READY,0,waiting for deadman,0.0,0.6626242999918759,114,0.0,0.0,0.0,0.0,0.0,0.0,1.0,0.0,0.0,0.0,0.0,0.0,0.0,1.0,-0.016000000000000007,-0.22496149868535165,0.2802328425555495,-0.1305261922200515,0.0,0.0,0.9914448613738105,-0.016000000000000007,-0.22496149868535165,0.2802328425555495,-0.1305261922200515,0.0,0.0,0.9914448613738105,-0.016000000000000007,-0.22496149868535165,0.2802328425555495,-0.1305261922200515,0.0,0.0,0.9914448613738105,-0.016000000000000007,-0.22496149868535165,0.2802328425555495,-0.1305261922200515,0.0,0.0,0.9914448613738105,-0.016000000000000007,-0.22496149868535165,0.2802328425555495,-0.1305261922200515,0.0,0.0,0.9914448613738105,0.0,-0.5235987755982988,0.7853981633974483,0.0,0.5235987755982988,0.0,0.0,-0.5235987755982988,0.7853981633974483,0.0,0.5235987755982988,0.0,0.0,-0.5235987755982988,0.7853981633974483,0.0,0.5235987755982988,0.0,0.0,0.0,0.0,0.0,0.0,0.0,0.0,0.0,0.0,0.0,0.0,0.0,0.5,0.0,0.0,0.0,False,False,False,False,1,False,,0.0,0,,,,True,True,0.0,0.0100185000046622,True,0.0,0.0,False,False,False,False,False,False,1.0,False,False,False,0.0,0.0,0.0,0.0
0.6728336999949533,1786138883.9869497,0.010209400003077462,0.003732899989699945,0.010209400003077462,READY,0,waiting for deadman,0.0,0.6728336999949533,116,0.0,0.0,0.0,0.0,0.0,0.0,1.0,0.0,0.0,0.0,0.0,0.0,0.0,1.0,-0.016000000000000007,-0.22496149868535165,0.2802328425555495,-0.1305261922200515,0.0,0.0,0.9914448613738105,-0.016000000000000007,-0.22496149868535165,0.2802328425555495,-0.1305261922200515,0.0,0.0,0.9914448613738105,-0.016000000000000007,-0.22496149868535165,0.2802328425555495,-0.1305261922200515,0.0,0.0,0.9914448613738105,-0.016000000000000007,-0.22496149868535165,0.2802328425555495,-0.1305261922200515,0.0,0.0,0.9914448613738105,-0.016000000000000007,-0.22496149868535165,0.2802328425555495,-0.1305261922200515,0.0,0.0,0.9914448613738105,0.0,-0.5235987755982988,0.7853981633974483,0.0,0.5235987755982988,0.0,0.0,-0.5235987755982988,0.7853981633974483,0.0,0.5235987755982988,0.0,0.0,-0.5235987755982988,0.7853981633974483,0.0,0.5235987755982988,0.0,0.0,0.0,0.0,0.0,0.0,0.0,0.0,0.0,0.0,0.0,0.0,0.0,0.5,0.0,0.0,0.0,False,False,False,False,1,False,,0.0,0,,,,True,True,0.0,0.010209400003077462,True,0.0,0.0,False,False,False,False,False,False,1.0,False,False,False,0.0,0.0,0.0,0.0
0.6826527999946848,1786138883.995752,0.009819099999731407,0.002718000003369525,0.009819099999731407,READY,0,waiting for deadman,0.0,0.6826527999946848,118,0.0,0.0,0.0,0.0,0.0,0.0,1.0,0.0,0.0,0.0,0.0,0.0,0.0,1.0,-0.016000000000000007,-0.22496149868535165,0.2802328425555495,-0.1305261922200515,0.0,0.0,0.9914448613738105,-0.016000000000000007,-0.22496149868535165,0.2802328425555495,-0.1305261922200515,0.0,0.0,0.9914448613738105,-0.016000000000000007,-0.22496149868535165,0.2802328425555495,-0.1305261922200515,0.0,0.0,0.9914448613738105,-0.016000000000000007,-0.22496149868535165,0.2802328425555495,-0.1305261922200515,0.0,0.0,0.9914448613738105,-0.016000000000000007,-0.22496149868535165,0.2802328425555495,-0.1305261922200515,0.0,0.0,0.9914448613738105,0.0,-0.5235987755982988,0.7853981633974483,0.0,0.5235987755982988,0.0,0.0,-0.5235987755982988,0.7853981633974483,0.0,0.5235987755982988,0.0,0.0,-0.5235987755982988,0.7853981633974483,0.0,0.5235987755982988,0.0,0.0,0.0,0.0,0.0,0.0,0.0,0.0,0.0,0.0,0.0,0.0,0.0,0.5,0.0,0.0,0.0,False,False,False,False,1,False,,0.0,0,,,,True,True,0.0,0.009819099999731407,True,0.0,0.0,False,False,False,False,False,False,1.0,False,False,False,0.0,0.0,0.0,0.0
0.693146000005072,1786138884.0065715,0.010493200010387227,0.0030442999850492924,0.010493200010387227,READY,0,waiting for deadman,0.0,0.693146000005072,120,0.0,0.0,0.0,0.0,0.0,0.0,1.0,0.0,0.0,0.0,0.0,0.0,0.0,1.0,-0.016000000000000007,-0.22496149868535165,0.2802328425555495,-0.1305261922200515,0.0,0.0,0.9914448613738105,-0.016000000000000007,-0.22496149868535165,0.2802328425555495,-0.1305261922200515,0.0,0.0,0.9914448613738105,-0.016000000000000007,-0.22496149868535165,0.2802328425555495,-0.1305261922200515,0.0,0.0,0.9914448613738105,-0.016000000000000007,-0.22496149868535165,0.2802328425555495,-0.1305261922200515,0.0,0.0,0.9914448613738105,-0.016000000000000007,-0.22496149868535165,0.2802328425555495,-0.1305261922200515,0.0,0.0,0.9914448613738105,0.0,-0.5235987755982988,0.7853981633974483,0.0,0.5235987755982988,0.0,0.0,-0.5235987755982988,0.7853981633974483,0.0,0.5235987755982988,0.0,0.0,-0.5235987755982988,0.7853981633974483,0.0,0.5235987755982988,0.0,0.0,0.0,0.0,0.0,0.0,0.0,0.0,0.0,0.0,0.0,0.0,0.0,0.5,0.0,0.0,0.0,False,False,False,False,1,False,,0.0,0,,,,True,True,0.0,0.010493200010387227,True,0.0,0.0,False,False,False,False,False,False,1.0,False,False,False,0.0,0.0,0.0,0.0
0.7026988000143319,1786138884.016447,0.009552800009259954,0.003359700000146404,0.009552800009259954,READY,0,waiting for deadman,0.0,0.7026988000143319,122,0.0,0.0,0.0,0.0,0.0,0.0,1.0,0.0,0.0,0.0,0.0,0.0,0.0,1.0,-0.016000000000000007,-0.22496149868535165,0.2802328425555495,-0.1305261922200515,0.0,0.0,0.9914448613738105,-0.016000000000000007,-0.22496149868535165,0.2802328425555495,-0.1305261922200515,0.0,0.0,0.9914448613738105,-0.016000000000000007,-0.22496149868535165,0.2802328425555495,-0.1305261922200515,0.0,0.0,0.9914448613738105,-0.016000000000000007,-0.22496149868535165,0.2802328425555495,-0.1305261922200515,0.0,0.0,0.9914448613738105,-0.016000000000000007,-0.22496149868535165,0.2802328425555495,-0.1305261922200515,0.0,0.0,0.9914448613738105,0.0,-0.5235987755982988,0.7853981633974483,0.0,0.5235987755982988,0.0,0.0,-0.5235987755982988,0.7853981633974483,0.0,0.5235987755982988,0.0,0.0,-0.5235987755982988,0.7853981633974483,0.0,0.5235987755982988,0.0,0.0,0.0,0.0,0.0,0.0,0.0,0.0,0.0,0.0,0.0,0.0,0.0,0.5,0.0,0.0,0.0,False,False,False,False,1,False,,0.0,0,,,,True,True,0.0,0.009552800009259954,True,0.0,0.0,False,False,False,False,False,False,1.0,False,False,False,0.0,0.0,0.0,0.0
0.7126768000016455,1786138884.0260162,0.009977999987313524,0.0029485000122804195,0.009977999987313524,READY,0,waiting for deadman,0.0,0.7126768000016455,124,0.0,0.0,0.0,0.0,0.0,0.0,1.0,0.0,0.0,0.0,0.0,0.0,0.0,1.0,-0.016000000000000007,-0.22496149868535165,0.2802328425555495,-0.1305261922200515,0.0,0.0,0.9914448613738105,-0.016000000000000007,-0.22496149868535165,0.2802328425555495,-0.1305261922200515,0.0,0.0,0.9914448613738105,-0.016000000000000007,-0.22496149868535165,0.2802328425555495,-0.1305261922200515,0.0,0.0,0.9914448613738105,-0.016000000000000007,-0.22496149868535165,0.2802328425555495,-0.1305261922200515,0.0,0.0,0.9914448613738105,-0.016000000000000007,-0.22496149868535165,0.2802328425555495,-0.1305261922200515,0.0,0.0,0.9914448613738105,0.0,-0.5235987755982988,0.7853981633974483,0.0,0.5235987755982988,0.0,0.0,-0.5235987755982988,0.7853981633974483,0.0,0.5235987755982988,0.0,0.0,-0.5235987755982988,0.7853981633974483,0.0,0.5235987755982988,0.0,0.0,0.0,0.0,0.0,0.0,0.0,0.0,0.0,0.0,0.0,0.0,0.0,0.5,0.0,0.0,0.0,False,False,False,False,1,False,,0.0,0,,,,True,True,0.0,0.009977999987313524,True,0.0,0.0,False,False,False,False,False,False,1.0,False,False,False,0.0,0.0,0.0,0.0
0.722680400009267,1786138884.0362697,0.010003600007621571,0.003208499983884394,0.010003600007621571,READY,0,waiting for deadman,0.0,0.722680400009267,126,0.0,0.0,0.0,0.0,0.0,0.0,1.0,0.0,0.0,0.0,0.0,0.0,0.0,1.0,-0.016000000000000007,-0.22496149868535165,0.2802328425555495,-0.1305261922200515,0.0,0.0,0.9914448613738105,-0.016000000000000007,-0.22496149868535165,0.2802328425555495,-0.1305261922200515,0.0,0.0,0.9914448613738105,-0.016000000000000007,-0.22496149868535165,0.2802328425555495,-0.1305261922200515,0.0,0.0,0.9914448613738105,-0.016000000000000007,-0.22496149868535165,0.2802328425555495,-0.1305261922200515,0.0,0.0,0.9914448613738105,-0.016000000000000007,-0.22496149868535165,0.2802328425555495,-0.1305261922200515,0.0,0.0,0.9914448613738105,0.0,-0.5235987755982988,0.7853981633974483,0.0,0.5235987755982988,0.0,0.0,-0.5235987755982988,0.7853981633974483,0.0,0.5235987755982988,0.0,0.0,-0.5235987755982988,0.7853981633974483,0.0,0.5235987755982988,0.0,0.0,0.0,0.0,0.0,0.0,0.0,0.0,0.0,0.0,0.0,0.0,0.0,0.5,0.0,0.0,0.0,False,False,False,False,1,False,,0.0,0,,,,True,True,0.0,0.010003600007621571,True,0.0,0.0,False,False,False,False,False,False,1.0,False,False,False,0.0,0.0,0.0,0.0
0.7327105000149459,1786138884.045842,0.010030100005678833,0.002747899998212233,0.010030100005678833,READY,0,waiting for deadman,0.0,0.7327105000149459,128,0.0,0.0,0.0,0.0,0.0,0.0,1.0,0.0,0.0,0.0,0.0,0.0,0.0,1.0,-0.016000000000000007,-0.22496149868535165,0.2802328425555495,-0.1305261922200515,0.0,0.0,0.9914448613738105,-0.016000000000000007,-0.22496149868535165,0.2802328425555495,-0.1305261922200515,0.0,0.0,0.9914448613738105,-0.016000000000000007,-0.22496149868535165,0.2802328425555495,-0.1305261922200515,0.0,0.0,0.9914448613738105,-0.016000000000000007,-0.22496149868535165,0.2802328425555495,-0.1305261922200515,0.0,0.0,0.9914448613738105,-0.016000000000000007,-0.22496149868535165,0.2802328425555495,-0.1305261922200515,0.0,0.0,0.9914448613738105,0.0,-0.5235987755982988,0.7853981633974483,0.0,0.5235987755982988,0.0,0.0,-0.5235987755982988,0.7853981633974483,0.0,0.5235987755982988,0.0,0.0,-0.5235987755982988,0.7853981633974483,0.0,0.5235987755982988,0.0,0.0,0.0,0.0,0.0,0.0,0.0,0.0,0.0,0.0,0.0,0.0,0.0,0.5,0.0,0.0,0.0,False,False,False,False,1,False,,0.0,0,,,,True,True,0.0,0.010030100005678833,True,0.0,0.0,False,False,False,False,False,False,1.0,False,False,False,0.0,0.0,0.0,0.0
0.7427399000152946,1786138884.0567024,0.010029400000348687,0.0035770999966189265,0.010029400000348687,READY,0,waiting for deadman,0.0,0.7427399000152946,130,0.0,0.0,0.0,0.0,0.0,0.0,1.0,0.0,0.0,0.0,0.0,0.0,0.0,1.0,-0.016000000000000007,-0.22496149868535165,0.2802328425555495,-0.1305261922200515,0.0,0.0,0.9914448613738105,-0.016000000000000007,-0.22496149868535165,0.2802328425555495,-0.1305261922200515,0.0,0.0,0.9914448613738105,-0.016000000000000007,-0.22496149868535165,0.2802328425555495,-0.1305261922200515,0.0,0.0,0.9914448613738105,-0.016000000000000007,-0.22496149868535165,0.2802328425555495,-0.1305261922200515,0.0,0.0,0.9914448613738105,-0.016000000000000007,-0.22496149868535165,0.2802328425555495,-0.1305261922200515,0.0,0.0,0.9914448613738105,0.0,-0.5235987755982988,0.7853981633974483,0.0,0.5235987755982988,0.0,0.0,-0.5235987755982988,0.7853981633974483,0.0,0.5235987755982988,0.0,0.0,-0.5235987755982988,0.7853981633974483,0.0,0.5235987755982988,0.0,0.0,0.0,0.0,0.0,0.0,0.0,0.0,0.0,0.0,0.0,0.0,0.0,0.5,0.0,0.0,0.0,False,False,False,False,1,False,,0.0,0,,,,True,True,0.0,0.010029400000348687,True,0.0,0.0,False,False,False,False,False,False,1.0,False,False,False,0.0,0.0,0.0,0.0
0.7528313999937382,1786138884.066515,0.010091499978443608,0.003299400006653741,0.010091499978443608,READY,0,waiting for deadman,0.0,0.7528313999937382,132,0.0,0.0,0.0,0.0,0.0,0.0,1.0,0.0,0.0,0.0,0.0,0.0,0.0,1.0,-0.016000000000000007,-0.22496149868535165,0.2802328425555495,-0.1305261922200515,0.0,0.0,0.9914448613738105,-0.016000000000000007,-0.22496149868535165,0.2802328425555495,-0.1305261922200515,0.0,0.0,0.9914448613738105,-0.016000000000000007,-0.22496149868535165,0.2802328425555495,-0.1305261922200515,0.0,0.0,0.9914448613738105,-0.016000000000000007,-0.22496149868535165,0.2802328425555495,-0.1305261922200515,0.0,0.0,0.9914448613738105,-0.016000000000000007,-0.22496149868535165,0.2802328425555495,-0.1305261922200515,0.0,0.0,0.9914448613738105,0.0,-0.5235987755982988,0.7853981633974483,0.0,0.5235987755982988,0.0,0.0,-0.5235987755982988,0.7853981633974483,0.0,0.5235987755982988,0.0,0.0,-0.5235987755982988,0.7853981633974483,0.0,0.5235987755982988,0.0,0.0,0.0,0.0,0.0,0.0,0.0,0.0,0.0,0.0,0.0,0.0,0.0,0.5,0.0,0.0,0.0,False,False,False,False,1,False,,0.0,0,,,,True,True,0.0,0.010091499978443608,True,0.0,0.0,False,False,False,False,False,False,1.0,False,False,False,0.0,0.0,0.0,0.0
0.7624529000022449,1786138884.0755236,0.0096215000085067,0.0026880000077653676,0.0096215000085067,READY,0,waiting for deadman,0.0,0.7624529000022449,134,0.0,0.0,0.0,0.0,0.0,0.0,1.0,0.0,0.0,0.0,0.0,0.0,0.0,1.0,-0.016000000000000007,-0.22496149868535165,0.2802328425555495,-0.1305261922200515,0.0,0.0,0.9914448613738105,-0.016000000000000007,-0.22496149868535165,0.2802328425555495,-0.1305261922200515,0.0,0.0,0.9914448613738105,-0.016000000000000007,-0.22496149868535165,0.2802328425555495,-0.1305261922200515,0.0,0.0,0.9914448613738105,-0.016000000000000007,-0.22496149868535165,0.2802328425555495,-0.1305261922200515,0.0,0.0,0.9914448613738105,-0.016000000000000007,-0.22496149868535165,0.2802328425555495,-0.1305261922200515,0.0,0.0,0.9914448613738105,0.0,-0.5235987755982988,0.7853981633974483,0.0,0.5235987755982988,0.0,0.0,-0.5235987755982988,0.7853981633974483,0.0,0.5235987755982988,0.0,0.0,-0.5235987755982988,0.7853981633974483,0.0,0.5235987755982988,0.0,0.0,0.0,0.0,0.0,0.0,0.0,0.0,0.0,0.0,0.0,0.0,0.0,0.5,0.0,0.0,0.0,False,False,False,False,1,False,,0.0,0,,,,True,True,0.0,0.0096215000085067,True,0.0,0.0,False,False,False,False,False,False,1.0,False,False,False,0.0,0.0,0.0,0.0
0.7724802999873646,1786138884.0860007,0.0100273999851197,0.0031373999954666942,0.0100273999851197,READY,0,waiting for deadman,0.0,0.7724802999873646,136,0.0,0.0,0.0,0.0,0.0,0.0,1.0,0.0,0.0,0.0,0.0,0.0,0.0,1.0,-0.016000000000000007,-0.22496149868535165,0.2802328425555495,-0.1305261922200515,0.0,0.0,0.9914448613738105,-0.016000000000000007,-0.22496149868535165,0.2802328425555495,-0.1305261922200515,0.0,0.0,0.9914448613738105,-0.016000000000000007,-0.22496149868535165,0.2802328425555495,-0.1305261922200515,0.0,0.0,0.9914448613738105,-0.016000000000000007,-0.22496149868535165,0.2802328425555495,-0.1305261922200515,0.0,0.0,0.9914448613738105,-0.016000000000000007,-0.22496149868535165,0.2802328425555495,-0.1305261922200515,0.0,0.0,0.9914448613738105,0.0,-0.5235987755982988,0.7853981633974483,0.0,0.5235987755982988,0.0,0.0,-0.5235987755982988,0.7853981633974483,0.0,0.5235987755982988,0.0,0.0,-0.5235987755982988,0.7853981633974483,0.0,0.5235987755982988,0.0,0.0,0.0,0.0,0.0,0.0,0.0,0.0,0.0,0.0,0.0,0.0,0.0,0.5,0.0,0.0,0.0,False,False,False,False,1,False,,0.0,0,,,,True,True,0.0,0.0100273999851197,True,0.0,0.0,False,False,False,False,False,False,1.0,False,False,False,0.0,0.0,0.0,0.0
0.7824790999875404,1786138884.096286,0.009998800000175834,0.0034266999864485115,0.009998800000175834,READY,0,waiting for deadman,0.0,0.7824790999875404,138,0.0,0.0,0.0,0.0,0.0,0.0,1.0,0.0,0.0,0.0,0.0,0.0,0.0,1.0,-0.016000000000000007,-0.22496149868535165,0.2802328425555495,-0.1305261922200515,0.0,0.0,0.9914448613738105,-0.016000000000000007,-0.22496149868535165,0.2802328425555495,-0.1305261922200515,0.0,0.0,0.9914448613738105,-0.016000000000000007,-0.22496149868535165,0.2802328425555495,-0.1305261922200515,0.0,0.0,0.9914448613738105,-0.016000000000000007,-0.22496149868535165,0.2802328425555495,-0.1305261922200515,0.0,0.0,0.9914448613738105,-0.016000000000000007,-0.22496149868535165,0.2802328425555495,-0.1305261922200515,0.0,0.0,0.9914448613738105,0.0,-0.5235987755982988,0.7853981633974483,0.0,0.5235987755982988,0.0,0.0,-0.5235987755982988,0.7853981633974483,0.0,0.5235987755982988,0.0,0.0,-0.5235987755982988,0.7853981633974483,0.0,0.5235987755982988,0.0,0.0,0.0,0.0,0.0,0.0,0.0,0.0,0.0,0.0,0.0,0.0,0.0,0.5,0.0,0.0,0.0,False,False,False,False,1,False,,0.0,0,,,,True,True,0.0,0.009998800000175834,True,0.0,0.0,False,False,False,False,False,False,1.0,False,False,False,0.0,0.0,0.0,0.0
0.7925663999922108,1786138884.1059859,0.010087300004670396,0.0030377999937627465,0.010087300004670396,READY,0,waiting for deadman,0.0,0.7925663999922108,140,0.0,0.0,0.0,0.0,0.0,0.0,1.0,0.0,0.0,0.0,0.0,0.0,0.0,1.0,-0.016000000000000007,-0.22496149868535165,0.2802328425555495,-0.1305261922200515,0.0,0.0,0.9914448613738105,-0.016000000000000007,-0.22496149868535165,0.2802328425555495,-0.1305261922200515,0.0,0.0,0.9914448613738105,-0.016000000000000007,-0.22496149868535165,0.2802328425555495,-0.1305261922200515,0.0,0.0,0.9914448613738105,-0.016000000000000007,-0.22496149868535165,0.2802328425555495,-0.1305261922200515,0.0,0.0,0.9914448613738105,-0.016000000000000007,-0.22496149868535165,0.2802328425555495,-0.1305261922200515,0.0,0.0,0.9914448613738105,0.0,-0.5235987755982988,0.7853981633974483,0.0,0.5235987755982988,0.0,0.0,-0.5235987755982988,0.7853981633974483,0.0,0.5235987755982988,0.0,0.0,-0.5235987755982988,0.7853981633974483,0.0,0.5235987755982988,0.0,0.0,0.0,0.0,0.0,0.0,0.0,0.0,0.0,0.0,0.0,0.0,0.0,0.5,0.0,0.0,0.0,False,False,False,False,1,False,,0.0,0,,,,True,True,0.0,0.010087300004670396,True,0.0,0.0,False,False,False,False,False,False,1.0,False,False,False,0.0,0.0,0.0,0.0
0.8025305999908596,1786138884.1162472,0.009964199998648837,0.003328099992359057,0.009964199998648837,READY,0,waiting for deadman,0.0,0.8025305999908596,142,0.0,0.0,0.0,0.0,0.0,0.0,1.0,0.0,0.0,0.0,0.0,0.0,0.0,1.0,-0.016000000000000007,-0.22496149868535165,0.2802328425555495,-0.1305261922200515,0.0,0.0,0.9914448613738105,-0.016000000000000007,-0.22496149868535165,0.2802328425555495,-0.1305261922200515,0.0,0.0,0.9914448613738105,-0.016000000000000007,-0.22496149868535165,0.2802328425555495,-0.1305261922200515,0.0,0.0,0.9914448613738105,-0.016000000000000007,-0.22496149868535165,0.2802328425555495,-0.1305261922200515,0.0,0.0,0.9914448613738105,-0.016000000000000007,-0.22496149868535165,0.2802328425555495,-0.1305261922200515,0.0,0.0,0.9914448613738105,0.0,-0.5235987755982988,0.7853981633974483,0.0,0.5235987755982988,0.0,0.0,-0.5235987755982988,0.7853981633974483,0.0,0.5235987755982988,0.0,0.0,-0.5235987755982988,0.7853981633974483,0.0,0.5235987755982988,0.0,0.0,0.0,0.0,0.0,0.0,0.0,0.0,0.0,0.0,0.0,0.0,0.0,0.5,0.0,0.0,0.0,False,False,False,False,1,False,,0.0,0,,,,True,True,0.0,0.009964199998648837,True,0.0,0.0,False,False,False,False,False,False,1.0,False,False,False,0.0,0.0,0.0,0.0
0.8126314000110142,1786138884.125525,0.010100800020154566,0.0025117000041063875,0.010100800020154566,READY,0,waiting for deadman,0.0,0.8126314000110142,144,0.0,0.0,0.0,0.0,0.0,0.0,1.0,0.0,0.0,0.0,0.0,0.0,0.0,1.0,-0.016000000000000007,-0.22496149868535165,0.2802328425555495,-0.1305261922200515,0.0,0.0,0.9914448613738105,-0.016000000000000007,-0.22496149868535165,0.2802328425555495,-0.1305261922200515,0.0,0.0,0.9914448613738105,-0.016000000000000007,-0.22496149868535165,0.2802328425555495,-0.1305261922200515,0.0,0.0,0.9914448613738105,-0.016000000000000007,-0.22496149868535165,0.2802328425555495,-0.1305261922200515,0.0,0.0,0.9914448613738105,-0.016000000000000007,-0.22496149868535165,0.2802328425555495,-0.1305261922200515,0.0,0.0,0.9914448613738105,0.0,-0.5235987755982988,0.7853981633974483,0.0,0.5235987755982988,0.0,0.0,-0.5235987755982988,0.7853981633974483,0.0,0.5235987755982988,0.0,0.0,-0.5235987755982988,0.7853981633974483,0.0,0.5235987755982988,0.0,0.0,0.0,0.0,0.0,0.0,0.0,0.0,0.0,0.0,0.0,0.0,0.0,0.5,0.0,0.0,0.0,False,False,False,False,1,False,,0.0,0,,,,True,True,0.0,0.010100800020154566,True,0.0,0.0,False,False,False,False,False,False,1.0,False,False,False,0.0,0.0,0.0,0.0
0.8225538000115193,1786138884.1358905,0.00992240000050515,0.0029541999974753708,0.00992240000050515,READY,0,waiting for deadman,0.0,0.8225538000115193,146,0.0,0.0,0.0,0.0,0.0,0.0,1.0,0.0,0.0,0.0,0.0,0.0,0.0,1.0,-0.016000000000000007,-0.22496149868535165,0.2802328425555495,-0.1305261922200515,0.0,0.0,0.9914448613738105,-0.016000000000000007,-0.22496149868535165,0.2802328425555495,-0.1305261922200515,0.0,0.0,0.9914448613738105,-0.016000000000000007,-0.22496149868535165,0.2802328425555495,-0.1305261922200515,0.0,0.0,0.9914448613738105,-0.016000000000000007,-0.22496149868535165,0.2802328425555495,-0.1305261922200515,0.0,0.0,0.9914448613738105,-0.016000000000000007,-0.22496149868535165,0.2802328425555495,-0.1305261922200515,0.0,0.0,0.9914448613738105,0.0,-0.5235987755982988,0.7853981633974483,0.0,0.5235987755982988,0.0,0.0,-0.5235987755982988,0.7853981633974483,0.0,0.5235987755982988,0.0,0.0,-0.5235987755982988,0.7853981633974483,0.0,0.5235987755982988,0.0,0.0,0.0,0.0,0.0,0.0,0.0,0.0,0.0,0.0,0.0,0.0,0.0,0.5,0.0,0.0,0.0,False,False,False,False,1,False,,0.0,0,,,,True,True,0.0,0.00992240000050515,True,0.0,0.0,False,False,False,False,False,False,1.0,False,False,False,0.0,0.0,0.0,0.0
0.8325827000080608,1786138884.146263,0.01002889999654144,0.0032940000237431377,0.01002889999654144,READY,0,waiting for deadman,0.0,0.8325827000080608,148,0.0,0.0,0.0,0.0,0.0,0.0,1.0,0.0,0.0,0.0,0.0,0.0,0.0,1.0,-0.016000000000000007,-0.22496149868535165,0.2802328425555495,-0.1305261922200515,0.0,0.0,0.9914448613738105,-0.016000000000000007,-0.22496149868535165,0.2802328425555495,-0.1305261922200515,0.0,0.0,0.9914448613738105,-0.016000000000000007,-0.22496149868535165,0.2802328425555495,-0.1305261922200515,0.0,0.0,0.9914448613738105,-0.016000000000000007,-0.22496149868535165,0.2802328425555495,-0.1305261922200515,0.0,0.0,0.9914448613738105,-0.016000000000000007,-0.22496149868535165,0.2802328425555495,-0.1305261922200515,0.0,0.0,0.9914448613738105,0.0,-0.5235987755982988,0.7853981633974483,0.0,0.5235987755982988,0.0,0.0,-0.5235987755982988,0.7853981633974483,0.0,0.5235987755982988,0.0,0.0,-0.5235987755982988,0.7853981633974483,0.0,0.5235987755982988,0.0,0.0,0.0,0.0,0.0,0.0,0.0,0.0,0.0,0.0,0.0,0.0,0.0,0.5,0.0,0.0,0.0,False,False,False,False,1,False,,0.0,0,,,,True,True,0.0,0.01002889999654144,True,0.0,0.0,False,False,False,False,False,False,1.0,False,False,False,0.0,0.0,0.0,0.0
0.8426072000002023,1786138884.1563444,0.0100244999921415,0.003351499995915219,0.0100244999921415,READY,0,waiting for deadman,0.0,0.8426072000002023,150,0.0,0.0,0.0,0.0,0.0,0.0,1.0,0.0,0.0,0.0,0.0,0.0,0.0,1.0,-0.016000000000000007,-0.22496149868535165,0.2802328425555495,-0.1305261922200515,0.0,0.0,0.9914448613738105,-0.016000000000000007,-0.22496149868535165,0.2802328425555495,-0.1305261922200515,0.0,0.0,0.9914448613738105,-0.016000000000000007,-0.22496149868535165,0.2802328425555495,-0.1305261922200515,0.0,0.0,0.9914448613738105,-0.016000000000000007,-0.22496149868535165,0.2802328425555495,-0.1305261922200515,0.0,0.0,0.9914448613738105,-0.016000000000000007,-0.22496149868535165,0.2802328425555495,-0.1305261922200515,0.0,0.0,0.9914448613738105,0.0,-0.5235987755982988,0.7853981633974483,0.0,0.5235987755982988,0.0,0.0,-0.5235987755982988,0.7853981633974483,0.0,0.5235987755982988,0.0,0.0,-0.5235987755982988,0.7853981633974483,0.0,0.5235987755982988,0.0,0.0,0.0,0.0,0.0,0.0,0.0,0.0,0.0,0.0,0.0,0.0,0.0,0.5,0.0,0.0,0.0,False,False,False,False,1,False,,0.0,0,,,,True,True,0.0,0.0100244999921415,True,0.0,0.0,False,False,False,False,False,False,1.0,False,False,False,0.0,0.0,0.0,0.0
0.8526331000030041,1786138884.1660197,0.01002590000280179,0.003002200013725087,0.01002590000280179,READY,0,waiting for deadman,0.0,0.8526331000030041,152,0.0,0.0,0.0,0.0,0.0,0.0,1.0,0.0,0.0,0.0,0.0,0.0,0.0,1.0,-0.016000000000000007,-0.22496149868535165,0.2802328425555495,-0.1305261922200515,0.0,0.0,0.9914448613738105,-0.016000000000000007,-0.22496149868535165,0.2802328425555495,-0.1305261922200515,0.0,0.0,0.9914448613738105,-0.016000000000000007,-0.22496149868535165,0.2802328425555495,-0.1305261922200515,0.0,0.0,0.9914448613738105,-0.016000000000000007,-0.22496149868535165,0.2802328425555495,-0.1305261922200515,0.0,0.0,0.9914448613738105,-0.016000000000000007,-0.22496149868535165,0.2802328425555495,-0.1305261922200515,0.0,0.0,0.9914448613738105,0.0,-0.5235987755982988,0.7853981633974483,0.0,0.5235987755982988,0.0,0.0,-0.5235987755982988,0.7853981633974483,0.0,0.5235987755982988,0.0,0.0,-0.5235987755982988,0.7853981633974483,0.0,0.5235987755982988,0.0,0.0,0.0,0.0,0.0,0.0,0.0,0.0,0.0,0.0,0.0,0.0,0.0,0.5,0.0,0.0,0.0,False,False,False,False,1,False,,0.0,0,,,,True,True,0.0,0.01002590000280179,True,0.0,0.0,False,False,False,False,False,False,1.0,False,False,False,0.0,0.0,0.0,0.0
0.8627686999971047,1786138884.176289,0.01013559999410063,0.003135700011625886,0.01013559999410063,READY,0,waiting for deadman,0.0,0.8627686999971047,154,0.0,0.0,0.0,0.0,0.0,0.0,1.0,0.0,0.0,0.0,0.0,0.0,0.0,1.0,-0.016000000000000007,-0.22496149868535165,0.2802328425555495,-0.1305261922200515,0.0,0.0,0.9914448613738105,-0.016000000000000007,-0.22496149868535165,0.2802328425555495,-0.1305261922200515,0.0,0.0,0.9914448613738105,-0.016000000000000007,-0.22496149868535165,0.2802328425555495,-0.1305261922200515,0.0,0.0,0.9914448613738105,-0.016000000000000007,-0.22496149868535165,0.2802328425555495,-0.1305261922200515,0.0,0.0,0.9914448613738105,-0.016000000000000007,-0.22496149868535165,0.2802328425555495,-0.1305261922200515,0.0,0.0,0.9914448613738105,0.0,-0.5235987755982988,0.7853981633974483,0.0,0.5235987755982988,0.0,0.0,-0.5235987755982988,0.7853981633974483,0.0,0.5235987755982988,0.0,0.0,-0.5235987755982988,0.7853981633974483,0.0,0.5235987755982988,0.0,0.0,0.0,0.0,0.0,0.0,0.0,0.0,0.0,0.0,0.0,0.0,0.0,0.5,0.0,0.0,0.0,False,False,False,False,1,False,,0.0,0,,,,True,True,0.0,0.01013559999410063,True,0.0,0.0,False,False,False,False,False,False,1.0,False,False,False,0.0,0.0,0.0,0.0
0.8726707999885548,1786138884.1867647,0.009902099991450086,0.0037090000114403665,0.009902099991450086,READY,0,waiting for deadman,0.0,0.8726707999885548,156,0.0,0.0,0.0,0.0,0.0,0.0,1.0,0.0,0.0,0.0,0.0,0.0,0.0,1.0,-0.016000000000000007,-0.22496149868535165,0.2802328425555495,-0.1305261922200515,0.0,0.0,0.9914448613738105,-0.016000000000000007,-0.22496149868535165,0.2802328425555495,-0.1305261922200515,0.0,0.0,0.9914448613738105,-0.016000000000000007,-0.22496149868535165,0.2802328425555495,-0.1305261922200515,0.0,0.0,0.9914448613738105,-0.016000000000000007,-0.22496149868535165,0.2802328425555495,-0.1305261922200515,0.0,0.0,0.9914448613738105,-0.016000000000000007,-0.22496149868535165,0.2802328425555495,-0.1305261922200515,0.0,0.0,0.9914448613738105,0.0,-0.5235987755982988,0.7853981633974483,0.0,0.5235987755982988,0.0,0.0,-0.5235987755982988,0.7853981633974483,0.0,0.5235987755982988,0.0,0.0,-0.5235987755982988,0.7853981633974483,0.0,0.5235987755982988,0.0,0.0,0.0,0.0,0.0,0.0,0.0,0.0,0.0,0.0,0.0,0.0,0.0,0.5,0.0,0.0,0.0,False,False,False,False,1,False,,0.0,0,,,,True,True,0.0,0.009902099991450086,True,0.0,0.0,False,False,False,False,False,False,1.0,False,False,False,0.0,0.0,0.0,0.0
0.8826734999893233,1786138884.1956358,0.010002700000768527,0.002581600012490526,0.010002700000768527,READY,0,waiting for deadman,0.0,0.8826734999893233,158,0.0,0.0,0.0,0.0,0.0,0.0,1.0,0.0,0.0,0.0,0.0,0.0,0.0,1.0,-0.016000000000000007,-0.22496149868535165,0.2802328425555495,-0.1305261922200515,0.0,0.0,0.9914448613738105,-0.016000000000000007,-0.22496149868535165,0.2802328425555495,-0.1305261922200515,0.0,0.0,0.9914448613738105,-0.016000000000000007,-0.22496149868535165,0.2802328425555495,-0.1305261922200515,0.0,0.0,0.9914448613738105,-0.016000000000000007,-0.22496149868535165,0.2802328425555495,-0.1305261922200515,0.0,0.0,0.9914448613738105,-0.016000000000000007,-0.22496149868535165,0.2802328425555495,-0.1305261922200515,0.0,0.0,0.9914448613738105,0.0,-0.5235987755982988,0.7853981633974483,0.0,0.5235987755982988,0.0,0.0,-0.5235987755982988,0.7853981633974483,0.0,0.5235987755982988,0.0,0.0,-0.5235987755982988,0.7853981633974483,0.0,0.5235987755982988,0.0,0.0,0.0,0.0,0.0,0.0,0.0,0.0,0.0,0.0,0.0,0.0,0.0,0.5,0.0,0.0,0.0,False,False,False,False,1,False,,0.0,0,,,,True,True,0.0,0.010002700000768527,True,0.0,0.0,False,False,False,False,False,False,1.0,False,False,False,0.0,0.0,0.0,0.0
0.8926950999884866,1786138884.2064798,0.0100215999991633,0.0034035000135190785,0.0100215999991633,READY,0,waiting for deadman,0.0,0.8926950999884866,160,0.0,0.0,0.0,0.0,0.0,0.0,1.0,0.0,0.0,0.0,0.0,0.0,0.0,1.0,-0.016000000000000007,-0.22496149868535165,0.2802328425555495,-0.1305261922200515,0.0,0.0,0.9914448613738105,-0.016000000000000007,-0.22496149868535165,0.2802328425555495,-0.1305261922200515,0.0,0.0,0.9914448613738105,-0.016000000000000007,-0.22496149868535165,0.2802328425555495,-0.1305261922200515,0.0,0.0,0.9914448613738105,-0.016000000000000007,-0.22496149868535165,0.2802328425555495,-0.1305261922200515,0.0,0.0,0.9914448613738105,-0.016000000000000007,-0.22496149868535165,0.2802328425555495,-0.1305261922200515,0.0,0.0,0.9914448613738105,0.0,-0.5235987755982988,0.7853981633974483,0.0,0.5235987755982988,0.0,0.0,-0.5235987755982988,0.7853981633974483,0.0,0.5235987755982988,0.0,0.0,-0.5235987755982988,0.7853981633974483,0.0,0.5235987755982988,0.0,0.0,0.0,0.0,0.0,0.0,0.0,0.0,0.0,0.0,0.0,0.0,0.0,0.5,0.0,0.0,0.0,False,False,False,False,1,False,,0.0,0,,,,True,True,0.0,0.0100215999991633,True,0.0,0.0,False,False,False,False,False,False,1.0,False,False,False,0.0,0.0,0.0,0.0
0.9027338000014424,1786138884.2171228,0.010038700012955815,0.003998999978648499,0.010038700012955815,READY,0,waiting for deadman,0.0,0.9027338000014424,162,0.0,0.0,0.0,0.0,0.0,0.0,1.0,0.0,0.0,0.0,0.0,0.0,0.0,1.0,-0.016000000000000007,-0.22496149868535165,0.2802328425555495,-0.1305261922200515,0.0,0.0,0.9914448613738105,-0.016000000000000007,-0.22496149868535165,0.2802328425555495,-0.1305261922200515,0.0,0.0,0.9914448613738105,-0.016000000000000007,-0.22496149868535165,0.2802328425555495,-0.1305261922200515,0.0,0.0,0.9914448613738105,-0.016000000000000007,-0.22496149868535165,0.2802328425555495,-0.1305261922200515,0.0,0.0,0.9914448613738105,-0.016000000000000007,-0.22496149868535165,0.2802328425555495,-0.1305261922200515,0.0,0.0,0.9914448613738105,0.0,-0.5235987755982988,0.7853981633974483,0.0,0.5235987755982988,0.0,0.0,-0.5235987755982988,0.7853981633974483,0.0,0.5235987755982988,0.0,0.0,-0.5235987755982988,0.7853981633974483,0.0,0.5235987755982988,0.0,0.0,0.0,0.0,0.0,0.0,0.0,0.0,0.0,0.0,0.0,0.0,0.0,0.5,0.0,0.0,0.0,False,False,False,False,1,False,,0.0,0,,,,True,True,0.0,0.010038700012955815,True,0.0,0.0,False,False,False,False,False,False,1.0,False,False,False,0.0,0.0,0.0,0.0
0.9127292000048328,1786138884.225775,0.009995400003390387,0.0026584000152070075,0.009995400003390387,READY,0,waiting for deadman,0.0,0.9127292000048328,164,0.0,0.0,0.0,0.0,0.0,0.0,1.0,0.0,0.0,0.0,0.0,0.0,0.0,1.0,-0.016000000000000007,-0.22496149868535165,0.2802328425555495,-0.1305261922200515,0.0,0.0,0.9914448613738105,-0.016000000000000007,-0.22496149868535165,0.2802328425555495,-0.1305261922200515,0.0,0.0,0.9914448613738105,-0.016000000000000007,-0.22496149868535165,0.2802328425555495,-0.1305261922200515,0.0,0.0,0.9914448613738105,-0.016000000000000007,-0.22496149868535165,0.2802328425555495,-0.1305261922200515,0.0,0.0,0.9914448613738105,-0.016000000000000007,-0.22496149868535165,0.2802328425555495,-0.1305261922200515,0.0,0.0,0.9914448613738105,0.0,-0.5235987755982988,0.7853981633974483,0.0,0.5235987755982988,0.0,0.0,-0.5235987755982988,0.7853981633974483,0.0,0.5235987755982988,0.0,0.0,-0.5235987755982988,0.7853981633974483,0.0,0.5235987755982988,0.0,0.0,0.0,0.0,0.0,0.0,0.0,0.0,0.0,0.0,0.0,0.0,0.0,0.5,0.0,0.0,0.0,False,False,False,False,1,False,,0.0,0,,,,True,True,0.0,0.009995400003390387,True,0.0,0.0,False,False,False,False,False,False,1.0,False,False,False,0.0,0.0,0.0,0.0
0.9227581000013743,1786138884.2364316,0.01002889999654144,0.0032913999748416245,0.01002889999654144,READY,0,waiting for deadman,0.0,0.9227581000013743,166,0.0,0.0,0.0,0.0,0.0,0.0,1.0,0.0,0.0,0.0,0.0,0.0,0.0,1.0,-0.016000000000000007,-0.22496149868535165,0.2802328425555495,-0.1305261922200515,0.0,0.0,0.9914448613738105,-0.016000000000000007,-0.22496149868535165,0.2802328425555495,-0.1305261922200515,0.0,0.0,0.9914448613738105,-0.016000000000000007,-0.22496149868535165,0.2802328425555495,-0.1305261922200515,0.0,0.0,0.9914448613738105,-0.016000000000000007,-0.22496149868535165,0.2802328425555495,-0.1305261922200515,0.0,0.0,0.9914448613738105,-0.016000000000000007,-0.22496149868535165,0.2802328425555495,-0.1305261922200515,0.0,0.0,0.9914448613738105,0.0,-0.5235987755982988,0.7853981633974483,0.0,0.5235987755982988,0.0,0.0,-0.5235987755982988,0.7853981633974483,0.0,0.5235987755982988,0.0,0.0,-0.5235987755982988,0.7853981633974483,0.0,0.5235987755982988,0.0,0.0,0.0,0.0,0.0,0.0,0.0,0.0,0.0,0.0,0.0,0.0,0.0,0.5,0.0,0.0,0.0,False,False,False,False,1,False,,0.0,0,,,,True,True,0.0,0.01002889999654144,True,0.0,0.0,False,False,False,False,False,False,1.0,False,False,False,0.0,0.0,0.0,0.0
0.9327870999986771,1786138884.2460723,0.01002899999730289,0.0029014000028837472,0.01002899999730289,READY,0,waiting for deadman,0.0,0.9327870999986771,168,0.0,0.0,0.0,0.0,0.0,0.0,1.0,0.0,0.0,0.0,0.0,0.0,0.0,1.0,-0.016000000000000007,-0.22496149868535165,0.2802328425555495,-0.1305261922200515,0.0,0.0,0.9914448613738105,-0.016000000000000007,-0.22496149868535165,0.2802328425555495,-0.1305261922200515,0.0,0.0,0.9914448613738105,-0.016000000000000007,-0.22496149868535165,0.2802328425555495,-0.1305261922200515,0.0,0.0,0.9914448613738105,-0.016000000000000007,-0.22496149868535165,0.2802328425555495,-0.1305261922200515,0.0,0.0,0.9914448613738105,-0.016000000000000007,-0.22496149868535165,0.2802328425555495,-0.1305261922200515,0.0,0.0,0.9914448613738105,0.0,-0.5235987755982988,0.7853981633974483,0.0,0.5235987755982988,0.0,0.0,-0.5235987755982988,0.7853981633974483,0.0,0.5235987755982988,0.0,0.0,-0.5235987755982988,0.7853981633974483,0.0,0.5235987755982988,0.0,0.0,0.0,0.0,0.0,0.0,0.0,0.0,0.0,0.0,0.0,0.0,0.0,0.5,0.0,0.0,0.0,False,False,False,False,1,False,,0.0,0,,,,True,True,0.0,0.01002899999730289,True,0.0,0.0,False,False,False,False,False,False,1.0,False,False,False,0.0,0.0,0.0,0.0
0.9428206000011414,1786138884.257064,0.01003350000246428,0.0038477999914903194,0.01003350000246428,READY,0,waiting for deadman,0.0,0.9428206000011414,170,0.0,0.0,0.0,0.0,0.0,0.0,1.0,0.0,0.0,0.0,0.0,0.0,0.0,1.0,-0.016000000000000007,-0.22496149868535165,0.2802328425555495,-0.1305261922200515,0.0,0.0,0.9914448613738105,-0.016000000000000007,-0.22496149868535165,0.2802328425555495,-0.1305261922200515,0.0,0.0,0.9914448613738105,-0.016000000000000007,-0.22496149868535165,0.2802328425555495,-0.1305261922200515,0.0,0.0,0.9914448613738105,-0.016000000000000007,-0.22496149868535165,0.2802328425555495,-0.1305261922200515,0.0,0.0,0.9914448613738105,-0.016000000000000007,-0.22496149868535165,0.2802328425555495,-0.1305261922200515,0.0,0.0,0.9914448613738105,0.0,-0.5235987755982988,0.7853981633974483,0.0,0.5235987755982988,0.0,0.0,-0.5235987755982988,0.7853981633974483,0.0,0.5235987755982988,0.0,0.0,-0.5235987755982988,0.7853981633974483,0.0,0.5235987755982988,0.0,0.0,0.0,0.0,0.0,0.0,0.0,0.0,0.0,0.0,0.0,0.0,0.0,0.5,0.0,0.0,0.0,False,False,False,False,1,False,,0.0,0,,,,True,True,0.0,0.01003350000246428,True,0.0,0.0,False,False,False,False,False,False,1.0,False,False,False,0.0,0.0,0.0,0.0
0.9528305999992881,1786138884.2671883,0.010009999998146668,0.003973200015025213,0.010009999998146668,READY,0,waiting for deadman,0.0,0.9528305999992881,172,0.0,0.0,0.0,0.0,0.0,0.0,1.0,0.0,0.0,0.0,0.0,0.0,0.0,1.0,-0.016000000000000007,-0.22496149868535165,0.2802328425555495,-0.1305261922200515,0.0,0.0,0.9914448613738105,-0.016000000000000007,-0.22496149868535165,0.2802328425555495,-0.1305261922200515,0.0,0.0,0.9914448613738105,-0.016000000000000007,-0.22496149868535165,0.2802328425555495,-0.1305261922200515,0.0,0.0,0.9914448613738105,-0.016000000000000007,-0.22496149868535165,0.2802328425555495,-0.1305261922200515,0.0,0.0,0.9914448613738105,-0.016000000000000007,-0.22496149868535165,0.2802328425555495,-0.1305261922200515,0.0,0.0,0.9914448613738105,0.0,-0.5235987755982988,0.7853981633974483,0.0,0.5235987755982988,0.0,0.0,-0.5235987755982988,0.7853981633974483,0.0,0.5235987755982988,0.0,0.0,-0.5235987755982988,0.7853981633974483,0.0,0.5235987755982988,0.0,0.0,0.0,0.0,0.0,0.0,0.0,0.0,0.0,0.0,0.0,0.0,0.0,0.5,0.0,0.0,0.0,False,False,False,False,1,False,,0.0,0,,,,True,True,0.0,0.010009999998146668,True,0.0,0.0,False,False,False,False,False,False,1.0,False,False,False,0.0,0.0,0.0,0.0
0.9628444999980275,1786138884.275942,0.010013899998739362,0.0027157999866176397,0.010013899998739362,READY,0,waiting for deadman,0.0,0.9628444999980275,174,0.0,0.0,0.0,0.0,0.0,0.0,1.0,0.0,0.0,0.0,0.0,0.0,0.0,1.0,-0.016000000000000007,-0.22496149868535165,0.2802328425555495,-0.1305261922200515,0.0,0.0,0.9914448613738105,-0.016000000000000007,-0.22496149868535165,0.2802328425555495,-0.1305261922200515,0.0,0.0,0.9914448613738105,-0.016000000000000007,-0.22496149868535165,0.2802328425555495,-0.1305261922200515,0.0,0.0,0.9914448613738105,-0.016000000000000007,-0.22496149868535165,0.2802328425555495,-0.1305261922200515,0.0,0.0,0.9914448613738105,-0.016000000000000007,-0.22496149868535165,0.2802328425555495,-0.1305261922200515,0.0,0.0,0.9914448613738105,0.0,-0.5235987755982988,0.7853981633974483,0.0,0.5235987755982988,0.0,0.0,-0.5235987755982988,0.7853981633974483,0.0,0.5235987755982988,0.0,0.0,-0.5235987755982988,0.7853981633974483,0.0,0.5235987755982988,0.0,0.0,0.0,0.0,0.0,0.0,0.0,0.0,0.0,0.0,0.0,0.0,0.0,0.5,0.0,0.0,0.0,False,False,False,False,1,False,,0.0,0,,,,True,True,0.0,0.010013899998739362,True,0.0,0.0,False,False,False,False,False,False,1.0,False,False,False,0.0,0.0,0.0,0.0
0.9726459000085015,1786138884.2860963,0.009801400010474026,0.003069300000788644,0.009801400010474026,READY,0,waiting for deadman,0.0,0.9726459000085015,176,0.0,0.0,0.0,0.0,0.0,0.0,1.0,0.0,0.0,0.0,0.0,0.0,0.0,1.0,-0.016000000000000007,-0.22496149868535165,0.2802328425555495,-0.1305261922200515,0.0,0.0,0.9914448613738105,-0.016000000000000007,-0.22496149868535165,0.2802328425555495,-0.1305261922200515,0.0,0.0,0.9914448613738105,-0.016000000000000007,-0.22496149868535165,0.2802328425555495,-0.1305261922200515,0.0,0.0,0.9914448613738105,-0.016000000000000007,-0.22496149868535165,0.2802328425555495,-0.1305261922200515,0.0,0.0,0.9914448613738105,-0.016000000000000007,-0.22496149868535165,0.2802328425555495,-0.1305261922200515,0.0,0.0,0.9914448613738105,0.0,-0.5235987755982988,0.7853981633974483,0.0,0.5235987755982988,0.0,0.0,-0.5235987755982988,0.7853981633974483,0.0,0.5235987755982988,0.0,0.0,-0.5235987755982988,0.7853981633974483,0.0,0.5235987755982988,0.0,0.0,0.0,0.0,0.0,0.0,0.0,0.0,0.0,0.0,0.0,0.0,0.0,0.5,0.0,0.0,0.0,False,False,False,False,1,False,,0.0,0,,,,True,True,0.0,0.009801400010474026,True,0.0,0.0,False,False,False,False,False,False,1.0,False,False,False,0.0,0.0,0.0,0.0
0.9826669000030961,1786138884.2956808,0.010020999994594604,0.0026329999964218587,0.010020999994594604,READY,0,waiting for deadman,0.0,0.9826669000030961,178,0.0,0.0,0.0,0.0,0.0,0.0,1.0,0.0,0.0,0.0,0.0,0.0,0.0,1.0,-0.016000000000000007,-0.22496149868535165,0.2802328425555495,-0.1305261922200515,0.0,0.0,0.9914448613738105,-0.016000000000000007,-0.22496149868535165,0.2802328425555495,-0.1305261922200515,0.0,0.0,0.9914448613738105,-0.016000000000000007,-0.22496149868535165,0.2802328425555495,-0.1305261922200515,0.0,0.0,0.9914448613738105,-0.016000000000000007,-0.22496149868535165,0.2802328425555495,-0.1305261922200515,0.0,0.0,0.9914448613738105,-0.016000000000000007,-0.22496149868535165,0.2802328425555495,-0.1305261922200515,0.0,0.0,0.9914448613738105,0.0,-0.5235987755982988,0.7853981633974483,0.0,0.5235987755982988,0.0,0.0,-0.5235987755982988,0.7853981633974483,0.0,0.5235987755982988,0.0,0.0,-0.5235987755982988,0.7853981633974483,0.0,0.5235987755982988,0.0,0.0,0.0,0.0,0.0,0.0,0.0,0.0,0.0,0.0,0.0,0.0,0.0,0.5,0.0,0.0,0.0,False,False,False,False,1,False,,0.0,0,,,,True,True,0.0,0.010020999994594604,True,0.0,0.0,False,False,False,False,False,False,1.0,False,False,False,0.0,0.0,0.0,0.0
0.9928103999991436,1786138884.3061643,0.010143499996047467,0.0029728999943472445,0.010143499996047467,READY,0,waiting for deadman,0.0,0.9928103999991436,180,0.0,0.0,0.0,0.0,0.0,0.0,1.0,0.0,0.0,0.0,0.0,0.0,0.0,1.0,-0.016000000000000007,-0.22496149868535165,0.2802328425555495,-0.1305261922200515,0.0,0.0,0.9914448613738105,-0.016000000000000007,-0.22496149868535165,0.2802328425555495,-0.1305261922200515,0.0,0.0,0.9914448613738105,-0.016000000000000007,-0.22496149868535165,0.2802328425555495,-0.1305261922200515,0.0,0.0,0.9914448613738105,-0.016000000000000007,-0.22496149868535165,0.2802328425555495,-0.1305261922200515,0.0,0.0,0.9914448613738105,-0.016000000000000007,-0.22496149868535165,0.2802328425555495,-0.1305261922200515,0.0,0.0,0.9914448613738105,0.0,-0.5235987755982988,0.7853981633974483,0.0,0.5235987755982988,0.0,0.0,-0.5235987755982988,0.7853981633974483,0.0,0.5235987755982988,0.0,0.0,-0.5235987755982988,0.7853981633974483,0.0,0.5235987755982988,0.0,0.0,0.0,0.0,0.0,0.0,0.0,0.0,0.0,0.0,0.0,0.0,0.0,0.5,0.0,0.0,0.0,False,False,False,False,1,False,,0.0,0,,,,True,True,0.0,0.010143499996047467,True,0.0,0.0,False,False,False,False,False,False,1.0,False,False,False,0.0,0.0,0.0,0.0
1.0028422999894246,1786138884.3187706,0.01003189999028109,0.005537899996852502,0.01003189999028109,TELEOP,0,,0.0,1.0028422999894246,182,-7.97332481927704e-08,8.929344019634434e-05,0.0,7.791108127281707e-05,7.793536938959105e-05,0.0001558403795795557,0.9999999817848587,-7.511317219712641e-09,8.411965042137222e-06,0.0,7.3397498566812066e-06,7.3420379612575845e-06,1.4681215880946414e-05,0.9999999998383422,-0.016000000000000007,-0.22496149868535165,0.2802328425555495,-0.1305261922200515,0.0,0.0,0.9914448613738105,-0.016000000000000007,-0.22496149868535165,0.2802328425555495,-0.1305261922200515,0.0,0.0,0.9914448613738105,-0.016000000003234992,-0.2249614987478198,0.28023284266373977,-0.1305261922149475,2.7679866963934608e-14,2.1024262930809239e-13,0.9914448613744824,-0.01600000000005088,-0.22496149868633392,0.2802328425572507,-0.13052619221997125,4.35261551957731e-16,3.306033331609835e-15,0.991444861373821,-0.01600000000005088,-0.22496149868633392,0.2802328425572507,-0.13052619221997125,4.35261551957731e-16,3.306033331609835e-15,0.991444861373821,-3.5667778686604274e-11,-0.5235987750264068,0.7853981623071083,-6.975308495199925e-11,0.5235987750695548,-6.963944221540624e-11,-5.608703438118118e-13,-0.5235987755893059,0.7853981633803029,-1.0968565517553668e-12,0.5235987755899844,-1.0950695371698867e-12,-5.608703438118118e-13,-0.5235987755893059,0.7853981633803029,-1.0968565517553668e-12,0.5235987755899844,-1.0950695371698867e-12,-5.590868572804586e-11,8.964317391765232e-10,-1.7090908012032992e-09,-1.0933687066438083e-10,-8.287980336650219e-10,-1.091587374506116e-10,-5.573090419781918e-09,8.93581215966055e-08,-1.7036561397731909e-07,-1.0898919523749882e-08,-8.261625758509972e-08,-1.0881162846157223e-08,0.5,0.0,0.0,0.5,True,False,True,False,1,True,True,0.0023462999961338937,2,1.2497148766328844e-10,1.0304791736750348e-11,`gtol` termination condition is satisfied.,True,True,0.0,0.01003189999028109,True,1.073194533240951e-09,0.0,False,False,False,False,False,False,1.0,False,False,False,1.2300636821867615e-10,1.0142820748991636e-11,1.965119444674969e-12,1.62007843966753e-13
1.0126912000123411,1786138884.3314052,0.009848900022916496,0.008329299977049232,0.009848900022916496,TELEOP,0,,0.0,1.0126912000123411,184,-1.5896547838567533e-06,0.00039870158186718145,0.0,0.00034769054012384496,0.00034817476888660665,0.0006957443360739461,0.9999996369126528,-1.5409108641546153e-07,4.45713226009389e-05,0.0,3.887372555913067e-05,3.892066613803396e-05,7.778266443959825e-05,0.9999999954619362,-0.016000043655411574,-0.22495102054829266,0.2802300347816625,-0.13051056002332306,1.9772430329574675e-05,2.9219884321270673e-05,0.9914469186384353,-0.016000043655411574,-0.22495102054829266,0.2802300347816625,-0.13051056002332306,1.9772430329574675e-05,2.9219884321270673e-05,0.9914469186384353,-0.016000043457426196,-0.22495102073254972,0.28023003490360715,-0.13051056002223613,1.9772430445873925e-05,2.9219870238400146e-05,0.9914469186385787,-0.01600000065428855,-0.2249613398781149,0.2802328000195884,-0.13052595535838207,2.9965419913513823e-07,4.4296147269138136e-07,0.9914448925570678,-0.01600000065428855,-0.2249613398781149,0.2802328000195884,-0.13052595535838207,2.9965419913513823e-07,4.4296147269138136e-07,0.9914448925570678,-3.949964549258774e-05,-0.5236787649329085,0.7854399005351055,-0.00020253442482036919,0.5235289981471526,-0.000154049453481955,-5.986726700799701e-07,-0.5235999879304474,0.7853987959497186,-3.0696907194517463e-06,0.5235977180093913,-2.334834068824398e-06,-5.986726700799701e-07,-0.5235999879304474,0.7853987959497186,-3.0696907194517463e-06,0.5235977180093913,-2.334834068824398e-06,-6.0785682443382656e-05,-0.00012309406518553112,6.42274177068494e-05,-0.00031167842250937847,-0.00010738057962379939,-0.00023706535433623592,-0.00617181882172227,-0.012498346143310624,0.00652145180154147,-0.031646002340087964,-0.01090271508248776,-0.024070225570966632,0.5,0.0,0.0,0.5,True,False,True,False,1,True,True,0.004969200002960861,4,2.966805960196941e-10,2.8251931627735023e-11,`gtol` termination condition is satisfied.,True,True,0.0,0.009848900022916496,True,0.00019946473410091745,1.073194533240951e-09,False,False,False,False,False,False,1.0,False,False,False,1.0683279631914055e-05,7.611624989121749e-05,1.0683489966464723e-05,7.611627017452303e-05
1.0228948000003584,1786138884.3399105,0.010203599988017231,0.006635700003243983,0.010203599988017231,TELEOP,0,,0.0,1.0228948000003584,186,-5.1732797541559355e-06,0.0007192365484261901,0.0,0.0006268637397814243,0.0006284395285600433,0.0012549098158257926,0.9999988186527846,-6.342453510357863e-07,0.00010911374128102704,0.0,9.512842833014288e-05,9.532163822674552e-05,0.0001904018185426743,0.9999999728057571,-0.016000187133152086,-0.22493231766160088,0.2802250230618299,-0.1304826726460567,5.508153267700115e-05,8.136682315331394e-05,0.9914505849938295,-0.016000187133152086,-0.22493231766160088,0.2802250230618299,-0.1304826726460567,5.508153267700115e-05,8.136682315331394e-05,0.9914505849938295,-0.01600018677526728,-0.22493231794148294,0.2802250231945264,-0.13048267264812566,5.508153286547237e-05,8.136679772159136e-05,0.9914505849935594,-0.016000004237300462,-0.22496072420442265,0.2802326351795203,-0.13052503769252563,1.4614837119381855e-06,2.1605554666892215e-06,0.9914450133661276,-0.016000004237300462,-0.22496072420442265,0.2802326351795203,-0.13052503769252563,1.4614837119381855e-06,2.1605554666892215e-06,0.9914450133661276,-0.0001107366745131837,-0.5238215276042478,0.7855143770363033,-0.0005655555641111918,0.5234045166254118,-0.00043050446905839614,-2.931492812649653e-06,-0.5236046876831278,0.7854012479554309,-1.4994675331092925e-05,0.5235936191405784,-1.1410579684543904e-05,-2.931492812649653e-06,-0.5236046876831278,0.7854012479554309,-1.4994675331092925e-05,0.5235936191405784,-1.1410579684543904e-05,-0.0002286271654425173,-0.00046059750343107394,0.00024030790261423982,-0.0011687036561258265,-0.0004017081047458358,-0.0008894650541355757,-0.016449241757442674,-0.033076898216501595,0.017256702057526118,-0.08399243743609217,-0.028845459001497986,-0.06393818853791763,0.5,0.0,0.0,0.5,True,False,True,False,1,True,True,0.003583399986382574,4,4.733115980921422e-10,5.103573604231464e-11,`gtol` termination condition is satisfied.,True,True,0.0,0.010203599988017231,True,0.0005505608887800988,0.00019946473410091745,False,False,False,False,False,False,1.0,False,False,False,2.9409036193934716e-05,0.00020951924506028822,2.9409343102321225e-05,0.0002095192850260911
1.0330103999876883,1786138884.3511207,0.010115599987329915,0.007725300005404279,0.010115599987329915,TELEOP,0,,0.0,1.0330103999876883,188,-1.0754389203648796e-05,0.0010369779474404882,0.0,0.0009032941873225114,0.000906569805725519,0.001809046571227476,0.9999975447676368,-1.594819095619477e-06,0.00019718656337410742,0.0,0.00017184741637386324,0.0001723332385663557,0.0003440593894421242,0.9999999111964245,-0.01600047452946279,-0.22490679621088455,0.2802181842038041,-0.13044463942000728,0.00010328608186916141,0.00015251231418358374,0.9914555774811918,-0.01600047452946279,-0.22490679621088455,0.2802181842038041,-0.13044463942000728,0.00010328608186916141,0.00015251231418358374,0.9914555774811918,-0.016000474037031056,-0.22490679657008653,0.2802181843453367,-0.13044463942469733,0.0001032860821201143,0.00015251227921212127,0.9914555774805801,-0.016000014731910532,-0.22495932877205688,0.28023226177978283,-0.130522959342846,4.09500154646233e-06,6.054452983884693e-06,0.9914452869578635,-0.016000014731910532,-0.22495932877205688,0.28023226177978283,-0.130522959342846,4.09500154646233e-06,6.054452983884693e-06,0.9914452869578635,-0.00020898045751681113,-0.5240163125274752,0.7856159564520945,-0.0010631366212473568,0.5232347647454175,-0.0008099334444517372,-8.246144782151214e-06,-0.5236153389652773,0.7854068042761431,-4.208001138303161e-05,0.523584331948318,-3.203742039258958e-05,-8.246144782151214e-06,-0.5236153389652773,0.7854068042761431,-4.208001138303161e-05,0.523584331948318,-3.203742039258958e-05,-0.0005253916699116531,-0.0010529560444114863,0.0005492823677390551,-0.002677580774829359,-0.0009181059227459824,-0.0020391119393690336,-0.029337311166993764,-0.05855891313637933,0.0305443538210106,-0.14916338334784343,-0.051049647934571354,-0.11365088444317928,0.5,0.0,0.0,0.5,True,False,True,False,1,True,True,0.004027599992696196,4,6.257367955976981e-10,7.058148787206875e-11,`gtol` termination condition is satisfied.,True,True,0.0,0.010115599987329915,True,0.0010210566098643253,0.0005505608887800988,False,False,False,False,False,False,1.0,False,False,False,5.43876582106002e-05,0.00038744635697258236,5.438804595266757e-05,0.00038744641345079514
1.0425377000065055,1786138884.3606644,0.009527300018817186,0.007746999996015802,0.009527300018817186,TELEOP,0,,0.0,1.0425377000065055,190,-1.785755105478959e-05,0.0013362021603594088,0.0,0.001163332760672922,0.0011687715005379714,0.002330747749033417,0.9999959241141926,-3.0567263827210792e-06,0.0002995801890493671,0.0,0.00026099023289380185,0.0002619213636774242,0.0005226792720984053,0.9999997950438171,-0.01600091219968762,-0.2248771249225891,0.2802102333325734,-0.13040044565772974,0.0001593542186555849,0.00023521140555199258,0.9914613674037397,-0.01600091219968762,-0.2248771249225891,0.2802102333325734,-0.13040044565772974,0.0001593542186555849,0.00023521140555199258,0.9914613674037397,-0.01600091162321403,-0.2248771253301223,0.2802102334793836,-0.130400445664021,0.00015935421894747314,0.00023521136463232643,0.9914613674029219,-0.016000035919721718,-0.22495700507925093,0.28023164036317555,-0.13051950104960286,8.480647749145512e-06,1.2540338138988914e-05,0.991445742144562,-0.016000035919721718,-0.22495700507925093,0.28023164036317555,-0.13051950104960286,8.480647749145512e-06,1.2540338138988914e-05,0.991445742144562,-0.0003243838210406864,-0.5242427376957315,0.785733981966438,-0.0016442345174682346,0.5230375575870533,-0.001253643777504233,-1.7139283969491483e-05,-0.5236330743146766,0.7854160544998516,-8.727501339817411e-05,0.5235688718264282,-6.647674645585166e-05,-1.7139283969491483e-05,-0.5236330743146766,0.7854160544998516,-8.727501339817411e-05,0.5235688718264282,-6.647674645585166e-05,-0.0009334375079797638,-0.0018615294327119262,0.0009709176461614546,-0.004743736622745029,-0.001622718069052503,-0.0036148044036864208,-0.042829116041500456,-0.08486910107831623,0.04425548451183816,-0.21686688189044598,-0.07395716991328653,-0.16538709405658134,0.5,0.0,0.0,0.5,True,False,True,False,1,True,True,0.00360180001007393,4,7.210813792279789e-10,8.281915460908128e-11,`gtol` termination condition is satisfied.,True,True,0.0,0.009527300018817186,True,0.0015569595040700606,0.0010210566098643253,False,False,False,False,False,False,1.0,False,False,False,8.270305829375198e-05,0.0005891130780687569,8.270349602101763e-05,0.0005891131448089189
1.0526392000028864,1786138884.3700762,0.01010149999638088,0.007054200017591938,0.01010149999638088,TELEOP,0,,0.0,1.0526392000028864,192,-2.7345049641830377e-05,0.0016534077574642287,0.0,0.0014386987131811424,0.001447026190749189,0.0028836490466123917,0.9999937603952298,-5.35919359880378e-06,0.0004279253306156937,0.0,0.00037265649730937924,0.0003742889239826382,0.0007465382994435443,0.9999995818576646,-0.01600160180929028,-0.22483993348585407,0.2802002673214914,-0.13034508337411985,0.00022966708982794898,0.00033884991325687107,0.991468603473634,-0.016001408916697636,-0.22485033640458998,0.28020305494177467,-0.13034508337411985,0.00022966708982794898,0.00033884991325687107,0.991468603473634,-0.016001408190674825,-0.22485033679156702,0.2802030550327522,-0.1303450833831443,0.00022966709016126262,0.0003388498617725451,0.991468603472465,-0.016000076862255484,-0.22495315164729512,0.2802306105892399,-0.13051352455773263,1.6067233437843675e-05,2.376246527735724e-05,0.991446528605909,-0.016000076862255484,-0.22495315164729512,0.2802306105892399,-0.13051352455773263,1.6067233437843675e-05,2.376246527735724e-05,0.991446528605909,-0.0004684920210659013,-0.5244477130160378,0.7858260372406553,-0.00237195386387414,0.5228135939029718,-0.0018091124930157032,-3.257407639851484e-05,-0.5236624926006698,0.7854311604970069,-0.00016556967118896255,0.5235425077248334,-0.0001261652274188273,-3.257407639851484e-05,-0.5236624926006698,0.7854311604970069,-0.00016556967118896255,0.5235425077248334,-0.0001261652274188273,-0.0015279703444590663,-0.002912269069309868,0.0014954211909753712,-0.007750795210497402,-0.002609919477735114,-0.005908873037109397,-0.058855896321566986,-0.10401817917877507,0.05192333267354683,-0.2976843626025568,-0.0977281996769095,-0.2271017803538965,0.5,0.0,0.0,0.5,True,False,True,False,1,True,True,0.0036782999814022332,4,8.277301875663999e-10,1.0456678763029367e-10,`gtol` termination condition is satisfied.,True,True,0.0,0.01010149999638088,True,0.0022063841926851777,0.0015569595040700606,False,False,False,False,False,False,1.0,False,False,False,0.00010645175286061916,0.0008337018598245425,0.00010645215924904196,0.000833701944731453
1.062644999998156,1786138884.3800845,0.010005799995269626,0.007058999995933846,0.010005799995269626,TELEOP,0,,0.0,1.062644999998156,194,-3.872723591549221e-05,0.0019675425771117894,0.0,0.0017110951209513964,0.0017228874966293674,0.003431044656145392,0.999991165833343,-8.49524339413929e-06,0.0005726318978293739,0.0,0.0004984774617103096,0.0005010649817452458,0.000998897408199243,0.9999992513287559,-0.016002541349542685,-0.22479800088455162,0.28018903084079666,-0.13028270046414928,0.0003089825987453959,0.0004556762333366795,0.9914767343960689,-0.01600215808702437,-0.22481571340789894,0.28019377718163396,-0.1302996966921098,0.00028737347612866975,0.00042384747361723146,0.991474521514168,-0.016002157485754055,-0.22481571386812083,0.2801937773550633,-0.1302996966988098,0.0002873734764516654,0.00042384743096485114,0.9914745215133057,-0.016000144130858738,-0.22494766199134408,0.2802291443874163,-0.13050501158904526,2.6882123521339693e-05,3.976235821536265e-05,0.9914476484648342,-0.016000144130858738,-0.22494766199134408,0.2802291443874163,-0.13050501158904526,2.6882123521339693e-05,3.976235821536265e-05,0.9914476484648342,-0.0005905742271888394,-0.5247116099353972,0.7859692884680824,-0.002976899846353342,0.5226020971794191,-0.002272753496167644,-5.467933196916549e-05,-0.5237043991012674,0.785452669942814,-0.00027740084603511845,0.5235049486127178,-0.00021147292744843127,-5.467933196916549e-05,-0.5237043991012674,0.785452669942814,-0.00027740084603511845,0.5235049486127178,-0.00021147292744843127,-0.0022092441964761643,-0.004188220893631633,0.0021496977570371247,-0.01117663504157844,-0.0037537340475819175,-0.008525825028476913,-0.06808789425524989,-0.12752122018479167,0.06538973059336296,-0.34238539973821674,-0.11431515424929106,-0.26154350402813514,0.5,0.0,0.0,0.5,True,False,True,False,1,True,True,0.003958499990403652,4,7.767933504221139e-10,8.637045271109283e-11,`gtol` termination condition is satisfied.,True,True,0.0,0.010005799995269626,True,0.0026994990003182235,0.0022063841926851777,False,False,False,False,False,False,1.0,False,False,False,0.00013662059799874213,0.0010163728813873487,0.0001366210962387158,0.0010163729510341845
1.0731510999903549,1786138884.3907886,0.01050609999219887,0.0072573999932501465,0.01050609999219887,TELEOP,0,,0.0,1.0731510999903549,196,-5.280377982049278e-05,0.002297300533862699,0.0,0.0019967132390486617,0.0020127896105997228,0.004005499887672544,0.9999879588199422,-1.2847288790117275e-05,0.0007420414144243365,0.0,0.0006456754219903791,0.0006495881871891739,0.001294288666210372,0.9999987429768525,-0.016003845470872687,-0.22474890993741128,0.28017587616894574,-0.13020971469691434,0.00040188710373148523,0.0005924153190205703,0.9914862166108986,-0.016003232701793595,-0.22477316944489184,0.2801823768753918,-0.1302381112555874,0.00036574973409817614,0.000539219916301759,0.9914825312861499,-0.016003231880219498,-0.2247731700011772,0.2801823770437878,-0.13023811126645707,0.0003657497345190316,0.0005392198580665054,0.9914825312847536,-0.016000257502213042,-0.224939645139697,0.2802270045615186,-0.13049266274568025,4.258406513941215e-05,6.299626466682205e-05,0.9914492721201676,-0.016000257502213042,-0.224939645139697,0.2802270045615186,-0.13049266274568025,4.258406513941215e-05,6.299626466682205e-05,0.9914492721201676,-0.0007570223150498071,-0.5250360441998885,0.786139719067139,-0.003800122795030106,0.5223250765475224,-0.0029041157894030465,-8.6954736364666e-05,-0.5237655886974545,0.7854841381373574,-0.00044015790912618286,0.5234503418720294,-0.00033572168023845273,-8.6954736364666e-05,-0.5237655886974545,0.7854841381373574,-0.00044015790912618286,0.5234503418720294,-0.00033572168023845273,-0.003072063317450441,-0.005824197012444356,0.0029952308246364093,-0.015491672762672826,-0.005197622403066921,-0.011826344017502242,-0.08212553865039819,-0.15571678548914336,0.08048020371280694,-0.41071736651073626,-0.1374333345920121,-0.3141526343244472,0.5,0.0,0.0,0.5,True,False,True,False,1,True,True,0.0041483000095468014,4,1.0063769618196291e-09,1.1851787467026065e-10,`gtol` termination condition is satisfied.,True,True,0.0,0.01050609999219887,True,0.003359964885903923,0.0026994990003182235,False,False,False,False,False,False,1.0,False,False,False,0.00017237875161553036,0.0012603612204797091,0.0001723793466237613,0.0012603613169927625
1.0846833999967203,1786138884.4038455,0.011532300006365404,0.008779700001468882,0.011532300006365404,TELEOP,0,,0.0,1.0846833999967203,198,-7.076098253911977e-05,0.0026591523343468034,0.0,0.0023097450443816895,0.002331284665101254,0.004635669825209229,0.9999838702473716,-1.9031939140572378e-05,0.0009467848530946679,0.0,0.0008234353759979496,0.0008292310823249879,0.0016512231058668889,0.9999979538940309,-0.01600569906244063,-0.22468958003268313,0.2801599778072278,-0.13012156949080178,0.0005142349056763572,0.0007576318722616407,0.9914976241573443,-0.01600478753795631,-0.22472047324205616,0.28016825611765334,-0.13015974804651906,0.0004655933646833164,0.0006860833533448973,0.991492689080922,-0.01600478648343521,-0.22472047391827915,0.2801682562927157,-0.1301597480617633,0.00046559336521694494,0.0006860832786489473,0.9914926890789721,-0.016000455910479734,-0.22492755876702308,0.28022378094537687,-0.1304741782278945,6.61132200306711e-05,9.781886881093393e-05,0.9914517007279108,-0.016000455910479734,-0.22492755876702308,0.28022378094537687,-0.1304741782278945,6.61132200306711e-05,9.781886881093393e-05,0.9914517007279108,-0.0009711595055841609,-0.5254378884334684,0.7863486123331843,-0.004853563084431385,0.5219760355256091,-0.00371324613105954,-0.00013564966309538503,-0.5238578236944259,0.7855316647296268,-0.0006847706936128035,0.5233684054513366,-0.0005226322095490733,-0.00013564966309538503,-0.5238578236944259,0.7855316647296268,-0.0006847706936128035,0.5233684054513366,-0.0005226322095490733,-0.004222481786273442,-0.007997970649441728,0.004121172033604507,-0.021211101371938244,-0.007104950499699686,-0.01620756737228938,-0.09975620372241556,-0.18849437109661815,0.09763370779000023,-0.49594864910802733,-0.16539008658983811,-0.3799088952220169,0.5,0.0,0.0,0.5,True,False,True,False,1,True,True,0.0036097000120207667,4,1.2648869992856677e-09,1.5252485494338155e-10,`gtol` termination condition is satisfied.,True,True,0.0,0.011532300006365404,True,0.004168792390818581,0.003359964885903923,False,False,False,False,False,False,1.0,False,False,False,0.00021444317544413573,0.001557158703790853,0.0002144438950894876,0.0015571588286361234
1.093712100002449,1786138884.4103315,0.009028700005728751,0.006240599992452189,0.009028700005728751,TELEOP,0,,0.0,1.093712100002449,199,-8.664940959701717e-05,0.002942351583260907,0.0,0.002554455092413571,0.0025808269091215784,0.0051287229481743486,0.99998025495135,-2.481941754616248e-05,0.0011176008373555088,0.0,0.000971644423392502,0.0009792018432216072,0.0019489649110940826,0.9999971492992568,-0.016007433801284044,-0.22464008151353657,0.28014671391382806,-0.13004807275745878,0.0006080105038263195,0.0008954418539668145,0.9915070989555164,-0.016006251667917845,-0.2246759939428302,0.28015633720326283,-0.13009312018608504,0.0005505640070009992,0.0008109933633459546,0.9915012956367166,-0.0160062507653686,-0.22467599452402032,0.2801563373657764,-0.13009312019830976,0.0005505640074664336,0.000810993299443247,0.9915012956351646,-0.01600066595296054,-0.2249159596012418,0.28022068830610775,-0.13045651120514673,8.861709844645545e-05,0.00013112291675268032,0.9914540199313189,-0.01600066595296054,-0.2249159596012418,0.28022068830610775,-0.13045651120514673,8.861709844645545e-05,0.00013112291675268032,0.9914540199313189,-0.0011550317308085974,-0.525777022532477,0.7865242625758221,-0.005753930171473513,0.5216802299734379,-0.004405781658915763,-0.00018245458021121983,-0.5239463303201981,0.7855773170295136,-0.0009192323137943188,0.523289994244876,-0.0007019105369675948,-0.00018245458021121983,-0.5239463303201981,0.7855773170295136,-0.0009192323137943188,0.523289994244876,-0.0007019105369675948,-0.005184015094768558,-0.009802809453853025,0.005056353612129022,-0.025968480515771743,-0.008684661846197757,-0.019856493991911188,-0.10649742575177139,-0.1999001853274689,0.1035787630479624,-0.5269174012665079,-0.17496553717542251,-0.404147509309928,0.5,0.0,0.0,0.5,True,False,True,False,1,True,True,0.0036139999865554273,4,1.085719924223291e-09,1.3016335058548043e-10,`gtol` termination condition is satisfied.,True,True,0.0,0.009028700005728751,True,0.004834697857679195,0.004168792390818581,False,False,False,False,False,False,1.0,False,False,False,0.00024850648268622287,0.0017998963911285792,0.00024850710626833124,0.00179989649723755
1.1027857000008225,1786138884.419848,0.009073599998373538,0.00668059999588877,0.009073599998373538,TELEOP,0,,0.0,1.1027857000008225,202,-0.00010423514806672808,0.0032268637778158846,0.0,0.00280005112120972,0.002831769531127338,0.005623935771898646,0.9999762557888436,-3.164762618055752e-05,0.0012989705848111999,0.0,0.0011289070070039091,0.0011385425268692563,0.0022650518118726287,0.9999961494076733,-0.016009480666230345,-0.22458752475302182,0.28013263051426107,-0.12997008156090475,0.0007076283193597017,0.0010417345143255718,0.9915171163174216,-0.01600799091062392,-0.22462834158188252,0.2801435680154401,-0.13002155832491546,0.0006419178173554215,0.0009452000652686436,0.9915105087234896,-0.01600798993395865,-0.22462834220053374,0.28014356818063274,-0.13002155833846057,0.000641917817861635,0.0009451999961544968,0.9915105087217789,-0.016000945263834287,-0.2249019244024449,0.2802169477531544,-0.1304352076888081,0.00011577405225236787,0.00017131392396631096,0.9914568139072352,-0.016000945263834287,-0.2249019244024449,0.2802169477531544,-0.1304352076888081,0.00011577405225236787,0.00017131392396631096,0.9914568139072352,-0.0013546045606244248,-0.5261402805986347,0.7867120461227386,-0.006726267732047061,0.5213630450028814,-0.005154765018503455,-0.00023923589631302803,-0.5240534119370504,0.7856325899904563,-0.0012028372990240933,0.5231953422625365,-0.0009189275018825065,-0.00023923589631302803,-0.5240534119370504,0.7856325899904563,-0.0012028372990240933,0.5231953422625365,-0.0009189275018825065,-0.00625785973725824,-0.011801447812492255,0.006091624157175496,-0.03125605991895293,-0.010431579787126638,-0.02391740488381816,-0.1183482457549563,-0.22026961283255703,0.11409700066479102,-0.5827432776548442,-0.19252754598417593,-0.4475523378410884,0.5,0.0,0.0,0.5,True,False,True,False,1,True,True,0.003475199977401644,4,1.1678582876971786e-09,1.4090304824912268e-10,`gtol` termination condition is satisfied.,True,True,0.0,0.009073599998373538,True,0.0055234304330229675,0.004834697857679195,False,False,False,False,False,False,1.0,False,False,False,0.00028333974349390806,0.0020491129054236654,0.0002833404079064253,0.0020491130204293847
1.1128590000153054,1786138884.4307554,0.010073300014482811,0.007511899981182069,0.010073300014482811,TELEOP,0,,0.0,1.1128590000153054,204,-0.0001256580016221587,0.003542599360475906,0.0,0.0030723078404158674,0.003110536870595092,0.006173346637542632,0.9999713872287562,-4.053705112637012e-05,0.0015111408843068688,0.0,0.0013127392922109274,0.0013250795536497615,0.0026347494813884283,0.999994789473874,-0.01601214562475501,-0.22452604269782622,0.2801161554393677,-0.12987890734043814,0.0008242269237711777,0.0012128285288504868,0.9915287787679143,-0.016010273825080988,-0.2245721308309174,0.28012850547100343,-0.1299371062724794,0.0007498507492385742,0.0011036448369293004,0.9915213402168722,-0.016010272662366133,-0.22457213154992234,0.28012850564547326,-0.1299371062894381,0.0007498507498423686,0.0011036447547000438,0.9915213402147408,-0.016001360969140507,-0.2248830751493485,0.28021192686017915,-0.1304066899355938,0.00015216193491096296,0.0002251681467836838,0.9914605495762769,-0.016001360969140507,-0.2248830751493485,0.28021192686017915,-0.1304066899355938,0.00015216193491096296,0.0002251681467836838,0.9914605495762769,-0.0015930044958767495,-0.5265686798033602,0.7869332158363417,-0.00788102446412964,0.5209891358957561,-0.006045753904238493,-0.0003157996431935173,-0.5241972019232066,0.785706847475218,-0.0015839260297942862,0.5230685139779152,-0.0012108033783749404,-0.0003157996431935173,-0.5241972019232066,0.785706847475218,-0.0015839260297942862,0.5230685139779152,-0.0012108033783749404,-0.007600661825857493,-0.014274367481318412,0.007371713803322107,-0.037831567631489725,-0.012590539787248745,-0.028975199395708612,-0.13330309696610346,-0.2454925064547601,0.12707748645490272,-0.6527659955608299,-0.21432499747035016,-0.5020990643203959,0.5,0.0,0.0,0.5,True,False,True,False,1,True,True,0.004213900014292449,4,1.3781558898822112e-09,1.67978035750496e-10,`gtol` termination condition is satisfied.,True,True,0.0,0.010073300014482811,True,0.006297098434335353,0.0055234304330229675,False,False,False,False,False,False,1.0,False,False,False,0.0003220627879206906,0.0023265059855485668,0.000322063559468625,0.002326506123040089
1.1227691000094637,1786138884.4405055,0.009910099994158372,0.0073546999774407595,0.009910099994158372,TELEOP,0,,0.0,1.1227691000094637,206,-0.00014868341617168548,0.0038530812162377234,0.0,0.0033397345354663718,0.003384958071289927,0.006713462881799372,0.9999661582514795,-5.061291157964103e-05,0.001729355465649759,0.0,0.0015016665229583724,0.0015170716790081815,0.003014908248849042,0.9999931768864354,-0.01601516646068908,-0.22446280914239736,0.28009921101843355,-0.1297851990892206,0.000944212612423177,0.0013887525390704567,0.9915407111794751,-0.016012879586887657,-0.22451390734905521,0.2801129035803726,-0.12984967781139603,0.0008617164282191931,0.0012677396144363205,0.9915325065036165,-0.016012878372663075,-0.22451390809200725,0.2801129037564866,-0.12984967782919268,0.0008617164288563645,0.0012677395286153786,0.9915325065013949,-0.016001892470706353,-0.22486116250382102,0.2802060920526203,-0.13037362056716661,0.00019439397386972638,0.0002876646733906575,0.9914648750814258,-0.016001892470706353,-0.22486116250382102,0.2802060920526203,-0.13037362056716661,0.00019439397386972638,0.0002876646733906575,0.9914648750814258,-0.0018428644768273706,-0.5270123046253062,0.7871620074027432,-0.009084321904195931,0.5206023937018783,-0.006975808320062088,-0.000405225498275101,-0.5243643374140136,0.7857931820908788,-0.00202749364555843,0.5229213535260834,-0.0015508456690807397,-0.000405225498275101,-0.5243643374140136,0.7857931820908788,-0.00202749364555843,0.5229213535260834,-0.0015508456690807397,-0.009023708654231227,-0.016865166941345655,0.008711780477654588,-0.044759146328050184,-0.014849542579652139,-0.034312700266015614,-0.1435956074320709,-0.2614302036865846,0.13522231613428726,-0.6990422599816353,-0.22794954579015259,-0.5385920296922592,0.5,0.0,0.0,0.5,True,False,True,False,1,True,True,0.003784900007303804,4,1.4343413835293069e-09,1.7535443880518323e-10,`gtol` termination condition is satisfied.,True,True,0.0,0.009910099994158372,True,0.007056828258637501,0.006297098434335353,False,False,False,False,False,False,1.0,False,False,False,0.00035970873648304743,0.002596117269312449,0.0003597095364224645,0.002596117412850562
1.132786300004227,1786138884.4497213,0.01001719999476336,0.006554999999934807,0.01001719999476336,TELEOP,0,,0.0,1.132786300004227,208,-0.00017392193012576997,0.004166766633109929,0.0,0.0036096183538404177,0.003662504927854295,0.007258997966243195,0.9999604310479087,-6.221394170656977e-05,0.001958690302104368,0.0,0.001700067237780831,0.001719000136988605,0.0034143625440974995,0.9999912484308717,-0.016018644749569322,-0.2243963531859247,0.28008140310008756,-0.12968678417168716,0.001070383445991626,0.0015735935835464797,0.9915531836940057,-0.016015899976582978,-0.22445232029547724,0.2800964003641922,-0.12975729100610975,0.0009800674430140647,0.0014412127777052638,0.9915442540826367,-0.016015898681809634,-0.22445232107820978,0.2800964005435348,-0.12975729102527392,0.0009800674437001838,0.0014412126862481268,0.991544254080261,-0.01600257790534399,-0.22483537525550074,0.28019922747190795,-0.1303347853743168,0.00024403196878915526,0.00036110641441440664,0.9914699459751599,-0.01600257790534399,-0.22483537525550074,0.28019922747190795,-0.1303347853743168,0.00024403196878915526,0.00036110641441440664,0.9914699459751599,-0.002110267163152467,-0.5274814283675411,0.7874037237699859,-0.010364531850123674,0.5201940549161642,-0.007967084378436545,-0.0005110323222269659,-0.5245609973567943,0.7858947738745482,-0.00255042812621424,0.5227484677652791,-0.0019521232023685248,-0.0005110323222269659,-0.5245609973567943,0.7858947738745482,-0.00255042812621424,0.5227484677652791,-0.0019521232023685248,-0.010562514875132472,-0.019632226858162898,0.010141734588765022,-0.05220365780149962,-0.01725889079729432,-0.04005885212410242,-0.15361640195919812,-0.27623087472185487,0.14274988138980588,-0.7431728903626922,-0.24052112555421698,-0.5736285450116493,0.5,0.0,0.0,0.5,True,False,True,False,1,True,True,0.0035348999954294413,4,1.5235721240359944e-09,1.8695227999686295e-10,`gtol` termination condition is satisfied.,True,True,0.0,0.01001719999476336,True,0.007814103723909435,0.007056828258637501,False,False,False,False,False,False,1.0,False,False,False,0.0003968391651845305,0.0028617474002871866,0.0003968400106615864,0.00286174755337152
1.1428250999888405,1786138884.4602406,0.010038799984613433,0.007034899987047538,0.010038799984613433,TELEOP,0,,0.0,1.1428250999888405,210,-0.00020119507434713803,0.004480962840369491,0.0,0.0038796368280542204,0.003940799797985007,0.007805265703138732,0.9999542471245062,-7.531496413819023e-05,0.002196474267311377,0.0,0.0019056135898220905,0.0019285290180829219,0.0038284507668796346,0.9999889961281566,-0.016022572961714367,-0.22432744885852954,0.28006293909736835,-0.12958481626122678,0.0012012772684862828,0.0017651933054875547,0.9915660423895438,-0.016019332662125692,-0.22438808451975345,0.2800791873771099,-0.12966104700354017,0.0011035102959067085,0.0016220052925719655,0.9915564352339223,-0.016019331300678674,-0.22438808533397545,0.28007918755879974,-0.12966104702379339,0.001103510296635984,0.0016220051964665006,0.9915564352314303,-0.016003437886762638,-0.22480573084253602,0.28019133735826657,-0.13029021860647277,0.0003010423715180217,0.0004454294248938111,0.991475753562131,-0.016003437886762638,-0.22480573084253602,0.28019133735826657,-0.13029021860647277,0.0003010423715180217,0.0004454294248938111,0.991475753562131,-0.0023924651943654906,-0.5279705857082406,0.7876555307019885,-0.011707571700992856,0.519769029002517,-0.00900892328952272,-0.0006333874525122461,-0.5247870393023741,0.7860115347169955,-0.003152921101010749,0.5225500348737444,-0.0024149229147295984,-0.0006333874525122461,-0.5247870393023741,0.7860115347169955,-0.003152921101010749,0.5225500348737444,-0.0024149229147295984,-0.01218822274303852,-0.02251682929496061,0.011630956152753058,-0.0600164338088174,-0.01976659479606725,-0.04610109904275522,-0.1619424503324886,-0.2873453441864537,0.14834657192797743,-0.7782579610404137,-0.24980117171539548,-0.6018893620665628,0.5,0.0,0.0,0.5,True,False,True,False,1,True,True,0.0037179999926593155,4,1.5967174558536847e-09,1.9650133897330856e-10,`gtol` termination condition is satisfied.,True,True,0.0,0.010038799984613433,True,0.008554650599982106,0.007814103723909435,False,False,False,False,False,False,1.0,False,False,False,0.0004327331151497189,0.003118109825933861,0.00043273399807628474,0.0031181099868441697
1.1524894000031054,1786138884.4695923,0.009664300014264882,0.006721699988702312,0.009664300014264882,TELEOP,0,,0.0,1.1524894000031054,212,-0.0002293225691911316,0.0047832696012636055,0.0,0.004139149314569689,0.004208843149988708,0.00833071476779758,0.9999478747783548,-8.934020415982824e-05,0.0024320730688722715,0.0,0.002109111290310705,0.002136288683271676,0.004238652549177317,0.9999865107814176,-0.016026778458384853,-0.2242591777336336,0.2800446447664949,-0.12948385613207894,0.0013310406322054819,0.001954982219556495,0.9915787096224504,-0.016023028334458338,-0.22432410247856244,0.28006204237798504,-0.12956530237160666,0.0012264597772691397,0.0018019344448041684,0.9915684954908691,-0.016023026967602657,-0.22432410329033847,0.28006204255868616,-0.12956530239180467,0.0012264597780106575,0.0018019343483766535,0.9915684954884041,-0.016004447348887604,-0.2247736100767069,0.28018278788323625,-0.13024199320670987,0.00036277597936755566,0.0005366961652822581,0.9914820238190698,-0.016004447348887604,-0.2247736100767069,0.28018278788323625,-0.13024199320670987,0.00036277597936755566,0.0005366961652822581,0.9914820238190698,-0.0026767806413835896,-0.5284576665433421,0.7879060365739438,-0.01305296283011339,0.5193465876959165,-0.010054482352193134,-0.0007667688951598839,-0.5250319281329201,0.7861380083152688,-0.0038073464307887754,0.5223353320943674,-0.0029181237483998043,-0.0007667688951598839,-0.5250319281329201,0.7861380083152688,-0.0038073464307887754,0.5223353320943674,-0.0029181237483998043,-0.013801459231476836,-0.025339531076699538,0.013086679644330072,-0.06771575062985101,-0.02221607142369402,-0.05206800626299494,-0.16692740147316593,-0.2920751402142432,0.150628963238756,-0.7966760975620701,-0.2534561865847758,-0.6174174240692372,0.5,0.0,0.0,0.5,True,False,True,False,1,True,True,0.0035251999797765166,4,1.5999773993455728e-09,1.9710759734656333e-10,`gtol` termination condition is satisfied.,True,True,0.0,0.009664300014264882,True,0.009245616399324615,0.008554650599982106,False,False,False,False,False,False,1.0,False,False,False,0.00046581217955692913,0.0033539027007926715,0.0004658130642787471,0.003353902862090583
1.16263269999763,1786138884.4797425,0.010143299994524568,0.006728900014422834,0.010143299994524568,TELEOP,0,,0.0,1.16263269999763,214,-0.00026081799699350093,0.005100369954404701,0.0,0.004411057111666193,0.004490297504712611,0.008881721257762789,0.9999407456599497,-0.00010565679087700552,0.0026859947112671707,0.0,0.002328251534100371,0.0023603851829813293,0.004680662586779419,0.9999835494768555,-0.01603167119766209,-0.2241855970611893,0.28002492765265724,-0.1293751258376566,0.0014709788160288508,0.0021594735572419725,0.991592279976891,-0.016027353661639713,-0.22425478734162127,0.2800434682866793,-0.12946171731742798,0.0013596486898313739,0.001996685110781042,0.9915814784238515,-0.016027352168263367,-0.22425478821647976,0.280043468472576,-0.12946171733978915,0.001359648690649008,0.001996685005498998,0.9915814784211429,-0.0160057355367215,-0.22473582978041567,0.28017273172380425,-0.13018534371018797,0.0004353494211051622,0.0006439338100163321,0.9914893706455911,-0.0160057355367215,-0.22473582978041567,0.28017273172380425,-0.13018534371018797,0.0004353494211051622,0.0006439338100163321,0.9914893706455911,-0.0029885419569643675,-0.5289851798819871,0.7881770797323463,-0.014519310459554903,0.5188899903244217,-0.0111962148544464,-0.0009247287030970605,-0.5253199184499044,0.786286700048871,-0.004579325376440441,0.5220831721129321,-0.003512380213777397,-0.0009247287030970605,-0.5253199184499044,0.786286700048871,-0.004579325376440441,0.5220831721129321,-0.003512380213777397,-0.015572822259269125,-0.028392171890784294,0.014659108345658672,-0.07610727732280277,-0.024859757827475355,-0.05858610764725259,-0.17463380051349012,-0.3009514473329779,0.15502141336423145,-0.8272974966215698,-0.2606337587578417,-0.642601657032344,0.5,0.0,0.0,0.5,True,False,True,False,1,True,True,0.0035512000031303614,4,1.740720502902503e-09,2.1533541855611793e-10,`gtol` termination condition is satisfied.,True,True,0.0,0.010143299994524568,True,0.009939985083114462,0.009245616399324615,False,False,False,False,False,False,1.0,False,False,False,0.0004985752231220723,0.003586856431421187,0.0004985761801606658,0.0035868566077264263
1.1726826000085566,1786138884.4908907,0.010049900010926649,0.00782440000330098,0.010049900010926649,TELEOP,0,,0.0,1.1726826000085566,216,-0.0002940158966777851,0.005414346158150534,0.0,0.004679978894555993,0.00476927527271687,0.00942714153129205,0.9999332381781639,-0.00012343023135687723,0.0029434671264779665,0.0,0.0025502679808684365,0.002587798081306909,0.005128757185192417,0.9999802474469441,-0.016037000961789987,-0.22411098744710817,0.28000493481190625,-0.1292649583530112,0.0016129584665837734,0.0023667652271427936,0.9916059536576709,-0.016032091404884045,-0.224184167896994,0.28002454468039123,-0.12935632523216417,0.0014953367092766306,0.0021949223787884756,0.9915946184839385,-0.016032089870292962,-0.22418416878781872,0.2800245448668533,-0.12935632525510052,0.0014953367101269994,0.0021949222706735085,0.9915946184811845,-0.01600726257119834,-0.22469439249983625,0.28016169944260616,-0.13012327302384957,0.0005149206833207094,0.0007614296881398257,0.9914973973234023,-0.01600726257119834,-0.22469439249983625,0.28016169944260616,-0.13012327302384957,0.0005149206833207094,0.0007614296881398257,0.9914973973234023,-0.003310058928468267,-0.5295224418355735,0.7884528517630576,-0.016022507310740067,0.5184259253696402,-0.012368904474971968,-0.0010992169014916531,-0.5256357330415907,0.7864497001555419,-0.00542869859107276,0.521807003423758,-0.004166967119641322,-0.0010992169014916531,-0.5256357330415907,0.7864497001555419,-0.00542869859107276,0.521807003423758,-0.004166967119641322,-0.01736218252966518,-0.03142465013014697,0.016219077452879822,-0.08451558858385133,-0.027479744960039847,-0.06513367348453533,-0.17804756947338696,-0.30174213037598785,0.15522235102091475,-0.836656210699282,-0.26069783079592224,-0.6515055702209942,0.5,0.0,0.0,0.5,True,False,True,False,1,True,True,0.004252599988831207,4,1.7841823266701151e-09,2.2111742735736816e-10,`gtol` termination condition is satisfied.,True,True,0.0,0.010049900010926649,True,0.010593808719667308,0.009939985083114462,False,False,False,False,False,False,1.0,False,False,False,0.0005289196618913229,0.003801988159681799,0.0005289206416145623,0.003801988340647269
1.182682799990289,1786138884.500395,0.010000199981732294,0.007332699984544888,0.010000199981732294,TELEOP,0,,0.0,1.182682799990289,218,-0.00032901688619392804,0.005726555378933504,0.0,0.0049470839116402664,0.005046975105529556,0.009969336440690733,0.9999253305792326,-0.00014274234303483324,0.0032049291211624373,0.0,0.002775531034526983,0.0028189220550923215,0.005583695577603567,0.9999765859507014,-0.016042792292133803,-0.22403522173488255,0.2799846321703846,-0.12915316941027882,0.0017572248350461249,0.0025772079143490337,0.9916197502024278,-0.01603726634776626,-0.22411213761918036,0.28000524301364627,-0.12924897138791305,0.001633731906291314,0.0023969417790799074,0.9916079310823066,-0.01603726476881123,-0.22411213852728695,0.2800052432007068,-0.1292489714114727,0.0016337319071766715,0.002396941667914937,0.9916079310795031,-0.01600905634076143,-0.22464921494291662,0.28014966679488673,-0.13005565550022552,0.0006016554424686518,0.0008893981369149197,0.9915061136745902,-0.01600905634076143,-0.22464921494291662,0.28014966679488673,-0.13005565550022552,0.0006016554424686518,0.0008893981369149197,0.9915061136745902,-0.003642042066382884,-0.5300702501459773,0.7887337426555694,-0.017565406898118734,0.5179537673737246,-0.013574909435260582,-0.00129087183504493,-0.5259799955445845,0.7866273091073593,-0.00635786631944285,0.5215063423124277,-0.004883901509924305,-0.00129087183504493,-0.5259799955445845,0.7866273091073593,-0.00635786631944285,0.5215063423124277,-0.004883901509924305,-0.019165110088136192,-0.03442556185103495,0.017760540003381387,-0.09291491470844905,-0.03006550987775272,-0.07169200531915683,-0.18028915039344007,-0.3000851709335663,0.1541431724682913,-0.839915815677792,-0.2585713208172213,-0.6558200682588179,0.5,0.0,0.0,0.5,True,False,True,False,1,True,True,0.004335999983595684,4,1.8310511235938233e-09,2.273442553234359e-10,`gtol` termination condition is satisfied.,True,True,0.0,0.010000199981732294,True,0.011207540578675883,0.010593808719667308,False,False,False,False,False,False,1.0,False,False,False,0.0005568706907303537,0.0039994882985228825,0.0005568716950561473,0.0039994884845097264
1.1928459999908227,1786138884.5110147,0.010163200000533834,0.0077822000021114945,0.010163200000533834,TELEOP,0,,0.0,1.1928459999908227,220,-0.0003665975823605283,0.006043621798943122,0.0,0.0052180345139124906,0.005329293010267834,0.010519807068220262,0.9999168487484696,-0.00016408064042858962,0.0034755483688617282,0.0,0.0030084766590065125,0.0030583402604549355,0.0060544607106684965,0.9999724691853004,-0.016049191397527973,-0.22395680245001046,0.2799636184552253,-0.12903755679677245,0.0019066362606099028,0.002794955716620114,0.9916339354301221,-0.0160430136619524,-0.22403727335955748,0.2799851819304739,-0.12913754444400985,0.001777573129760231,0.002606725210389552,0.9916216717238573,-0.016043012006002177,-0.22403727430175435,0.2799851821195543,-0.1291375444687686,0.001777573130699127,0.002606725093885577,0.9916216717209375,-0.01601119131853489,-0.22459925645911485,0.28013635449506574,-0.1299809368756485,0.0006975563827930209,0.0010307589377408842,0.9915157119279724,-0.01601119131853489,-0.22459925645911485,0.28013635449506574,-0.1299809368756485,0.0006975563827930209,0.0010307589377408842,0.9915157119279724,-0.003991456046355692,-0.5306394083226909,0.7890252625123967,-0.019179494476239213,0.5174643076578308,-0.014839066878775438,-0.0015044911422021014,-0.5263606204541268,0.7868235827670286,-0.007389144003581753,0.5211743640417362,-0.005680625812330083,-0.0015044911422021014,-0.5263606204541268,0.7868235827670286,-0.007389144003581753,0.5211743640417362,-0.005680625812330083,-0.021018902230198235,-0.03745128596527125,0.019312191008632622,-0.10147174945732976,-0.03266473853451934,-0.07839305556949873,-0.18240240691560416,-0.2977137234411773,0.15267346949481786,-0.8419429656438185,-0.2557490413088486,-0.659344522393529,0.5,0.0,0.0,0.5,True,False,True,False,1,True,True,0.003942999988794327,4,1.9145906880241878e-09,2.382903941668448e-10,`gtol` termination condition is satisfied.,True,True,0.0,0.010163200000533834,True,0.01179035047265746,0.011207540578675883,False,False,False,False,False,False,1.0,False,False,False,0.0005828289530044167,0.004182174230762939,0.0005828300009556623,0.00418217442566937
1.2027128000045195,1786138884.5207329,0.009866800013696775,0.007640399999218062,0.009866800013696775,TELEOP,0,,0.0,1.2027128000045195,222,-0.0004050185301506693,0.006351205633995935,0.0,0.00548058298958423,0.005603453962004273,0.011053660660100082,0.9999081863350262,-0.0001864396616364401,0.0037424392594419525,0.0,0.0032380114459499986,0.003294653711645536,0.006518635801361603,0.9999680834537098,-0.016055896752908416,-0.22387946354829646,0.2799428942402037,-0.12892362589632703,0.002054078934719188,0.0030096399389771917,0.9916478313962632,-0.016049063850699166,-0.22396316232925578,0.2799653226817367,-0.12902738139890776,0.0019199731569741793,0.002814225622494426,0.9916351792300246,-0.016049062196632834,-0.2239631632634429,0.2799653228689163,-0.12902738142343873,0.0019199731579240048,0.002814225506202576,0.9916351792271609,-0.016013581220511424,-0.224547060015769,0.2801224363740177,-0.1299029092474779,0.0007977513487446973,0.0011782868554144198,0.991525697802086,-0.016013581220511424,-0.224547060015769,0.2801224363740177,-0.1299029092474779,0.0007977513487446973,0.0011782868554144198,0.991525697802086,-0.004341663555556048,-0.5312026355605841,0.789313418855195,-0.02078779193698724,0.5169810504982703,-0.016101161786396236,-0.0017294597984120281,-0.5267582239379802,0.7870285050647494,-0.008470676111797758,0.5208280313485822,-0.006517228412271603,-0.0017294597984120281,-0.5267582239379802,0.7870285050647494,-0.008470676111797758,0.5208280313485822,-0.006517228412271603,-0.022800569171122602,-0.04029710577913142,0.020768871106780135,-0.10961325928514384,-0.035100812084288266,-0.08478965812423227,-0.18057191170907622,-0.2884237858180656,0.14763450116809873,-0.8251418713779854,-0.2468960094850662,-0.6482955513291021,0.5,0.0,0.0,0.5,True,False,True,False,1,True,True,0.0034524000075180084,4,1.908841848706341e-09,2.377786072902364e-10,`gtol` termination condition is satisfied.,True,True,0.0,0.009866800013696775,True,0.012317115825189483,0.01179035047265746,False,False,False,False,False,False,1.0,False,False,False,0.0006057053495956011,0.004342448186554544,0.0006057063955933464,0.004342448380888832
1.2138475000101607,1786138884.5341697,0.011134700005641207,0.009940699994331226,0.011134700005641207,TELEOP,0,,0.0,1.2138475000101607,224,-0.0004506658127990115,0.006698020722950582,0.0,0.005776265348677912,0.00591292110338428,0.01165542307022382,0.9998979064062995,-0.00021378465031076304,0.004048349671220947,0.0,0.0035008412134400124,0.0035657685897297823,0.007050537059059798,0.9999626589689946,-0.016064097554814326,-0.22379081766534728,0.2799191401280566,-0.12879315522160417,0.00222319457921491,0.0032556278904879456,0.9916636433090433,-0.01605650291245425,-0.223877881776429,0.27994247037160724,-0.12890079928743892,0.0020838493352369155,0.0030527817128578566,0.9916506048194703,-0.016056500989771273,-0.22387788284312515,0.27994247056915805,-0.12890079931653703,0.0020838493363498035,0.003052781577787869,0.9916506048161013,-0.01601672940655616,-0.22448338991012973,0.28010545023446115,-0.12980780516147722,0.0009199666421094469,0.0013580450689126946,0.9915378172788611,-0.01601672940655616,-0.22448338991012973,0.28010545023446115,-0.12980780516147722,0.0009199666421094469,0.0013580450689126946,0.9915378172788611,-0.004750325791996609,-0.531850485465558,0.7896444713911069,-0.022652077327868,0.5164265948724633,-0.01756730930057879,-0.0020065222412101323,-0.5272431167868616,0.7872782500589547,-0.0097960353595933,0.5204063273579066,-0.007543994861631326,-0.0020065222412101323,-0.5272431167868616,0.7872782500589547,-0.0097960353595933,0.5204063273579066,-0.007543994861631326,-0.024882793668238513,-0.043547904176654786,0.022429431783415166,-0.11902963233172606,-0.03787295485841885,-0.09221321174701874,-0.1870031968585581,-0.29195204144488873,0.14913384965861107,-0.8456781989466772,-0.24896429833997524,-0.6667044122450947,0.5,0.0,0.0,0.5,True,False,True,False,1,True,True,0.006089099973905832,4,2.2076179082387868e-09,2.7642857255076355e-10,`gtol` termination condition is satisfied.,True,True,0.0,0.011134700005641207,True,0.0128560419682747,0.012317115825189483,False,False,False,False,False,False,1.0,False,False,False,0.0006283175616885364,0.0044998388981006875,0.0006283187626078302,0.004499839124228878
1.2240371000079904,1786138884.541156,0.010189599997829646,0.006740200013155118,0.010189599997829646,TELEOP,0,,0.0,1.2240371000079904,225,-0.0004945638560240218,0.0070151117022266,0.0,0.006046277940546979,0.006196178141539042,0.012205441274565104,0.9998880322830137,-0.0002406119914158775,0.0043318450983956865,0.0,0.003744184966624629,0.003817235655265039,0.0075433458384997435,0.9999572529485692,-0.016072143259897816,-0.22370866712441814,0.2798971265421121,-0.12867234453460824,0.0023800193820518465,0.0034835195589314554,0.9916781878972587,-0.016063832033576055,-0.22379858720291354,0.2799212220956533,-0.12878325490205916,0.002236241441057086,0.0032744146848358116,0.991664837880985,-0.016063830228440625,-0.2237985882001729,0.2799212222856145,-0.12878325492884715,0.0022362414421179186,0.003274414558114271,0.9916648378779223,-0.016020006536561427,-0.2244214353775643,0.28008890371542816,-0.12971527739409117,0.001038907881134335,0.0015327248608449453,0.9915495540997885,-0.016020006536561427,-0.2244214353775643,0.28008890371542816,-0.12971527739409117,0.001038907881134335,0.0015327248608449453,0.9915495540997885,-0.005135302353974501,-0.5324526168190391,0.7899517644446639,-0.024397835813055553,0.5159125806801049,-0.018943090943563275,-0.002278532403395644,-0.5277148482199496,0.7875210597099076,-0.011091303885423677,0.5199966679094219,-0.008548860615000623,-0.002278532403395644,-0.5277148482199496,0.7875210597099076,-0.011091303885423677,0.5199966679094219,-0.008548860615000623,-0.026694881275363975,-0.0462953828598196,0.02382916414821066,-0.12711671960688017,-0.040203683027000586,-0.09861680081488292,-0.17783697176645122,-0.26963557781954345,0.13736872547436899,-0.7936609167069012,-0.22873598267627512,-0.6284436159641326,0.5,0.0,0.0,0.5,True,False,True,False,1,True,True,0.0037013000110164285,4,2.0710203792564025e-09,2.591250729198389e-10,`gtol` termination condition is satisfied.,True,True,0.0,0.010189599997829646,True,0.013306531927631876,0.0128560419682747,False,False,False,False,False,False,1.0,False,False,False,0.0006465107765990422,0.004625602346684079,0.0006465119089890553,0.004625602558340621
1.2325768999871798,1786138884.549898,0.00853979997918941,0.006940999999642372,0.00853979997918941,TELEOP,0,,0.0,1.2325768999871798,228,-0.0005329174136592674,0.007280641482461917,0.0,0.0062721432954296,0.006433605415757739,0.012665897747010378,0.9998794147166439,-0.000264386493069276,0.004571712617255083,0.0,0.003949915100668456,0.004030160797029927,0.007960228947557957,0.9999523942317206,-0.016079273497454142,-0.22363915895326691,0.27987850068176845,-0.12857019773800935,0.002512782731541847,0.0036762882267473295,0.9916904129220102,-0.016070347126156716,-0.22373132092462406,0.27990319699331623,-0.12868364766854892,0.0023655343889697933,0.0034623049455345016,0.9916768301791847,-0.016070345581910127,-0.223731321780905,0.2799031971699343,-0.1286836476905676,0.0023655343898930366,0.0034623048371920004,0.9916768301767036,-0.016023034862105042,-0.22436719103703073,0.280074397851974,-0.12963424672156273,0.0011430725342306653,0.00168546488668589,0.9915597887521611,-0.016023034862105042,-0.22436719103703073,0.280074397851974,-0.12963424672156273,0.0011430725342306653,0.00168546488668589,0.9915597887521611,-0.00546552933926413,-0.5329632248093296,0.7902120434331824,-0.02588791117185973,0.5154776836813748,-0.020119464627221733,-0.002518482156445175,-0.5281278039540888,0.7877334971214138,-0.012229583116118386,0.5196384923127253,-0.009432976431298484,-0.002518482156445175,-0.5281278039540888,0.7877334971214138,-0.012229583116118386,0.5196384923127253,-0.009432976431298484,-0.028097818875648516,-0.048356604972653455,0.0248761577582516,-0.13329108801945885,-0.04194191872988315,-0.10352886700535818,-0.16428225528740129,-0.2413665563428695,0.12260165490905568,-0.7230108934196313,-0.20354524779484967,-0.5751968667235118,0.5,0.0,0.0,0.5,True,False,True,False,1,True,True,0.0036548000061884522,4,1.7745727660056622e-09,2.2117800658199707e-10,`gtol` termination condition is satisfied.,True,True,0.0,0.00853979997918941,True,0.013658328055741345,0.013306531927631876,False,False,False,False,False,False,1.0,False,False,False,0.0006602103366543523,0.004719708887400033,0.0006602113178270594,0.004719709067580792
1.2426252999866847,1786138884.560583,0.010048399999504909,0.0075736999860964715,0.010048399999504909,TELEOP,0,,0.0,1.2426252999866847,230,-0.0005798700492803399,0.00759280947041221,0.0,0.006537398537897334,0.0067130025023778,0.013207083758983272,0.9998688768815354,-0.0002941514493041618,0.004856778486925326,0.0,0.004194180036024277,0.0042834276767255925,0.00845554513270044,0.9999462809859702,-0.016088200473242435,-0.22355655331319302,0.2798563651318182,-0.1284489063348024,0.002670664667323313,0.00390530726869115,0.9917048424741935,-0.016078536783264857,-0.2236511518221943,0.27988171436120457,-0.1285650840222264,0.0025196575513612074,0.003686068118850429,0.9916910221424842,-0.016078534925360845,-0.22365115283181675,0.2798817145494391,-0.12856508404954586,0.0025196575524767486,0.0036860679885980466,0.9916910221394237,-0.01602702521999275,-0.22430008410459992,0.2800564408658926,-0.129534055320673,0.0012719512208931197,0.0018742218967143587,0.9915723866387942,-0.01602702521999275,-0.22430008410459992,0.2800564408658926,-0.129534055320673,0.0012719512208931197,0.0018742218967143587,0.9915723866387942,-0.005864204495755175,-0.5335715340871922,0.790521768677061,-0.02767613561531652,0.5149608466477916,-0.02153398553748426,-0.002818141376329894,-0.5286385618164092,0.7879960552675949,-0.013644409027370543,0.5191961818407983,-0.010533522058061507,-0.002818141376329894,-0.5286385618164092,0.7879960552675949,-0.013644409027370543,0.5191961818407983,-0.010533522058061507,-0.02982158551605066,-0.050829770147047114,0.026129348572303,-0.14080111374167698,-0.044018000074513806,-0.10952446427463557,-0.17154637957158114,-0.2461252711392376,0.12471545859173058,-0.7473852277564728,-0.20660815102234684,-0.5966718352745503,0.5,0.0,0.0,0.5,True,False,True,False,1,True,True,0.0041099999798461795,4,2.1228699984436875e-09,2.662528610140417e-10,`gtol` termination condition is satisfied.,True,True,0.0,0.010048399999504909,True,0.014031726587945978,0.013658328055741345,False,False,False,False,False,False,1.0,False,False,False,0.0006740135994210398,0.004813539177342739,0.0006740147622562846,0.004813539394597026
1.2526545000146143,1786138884.570555,0.010029200027929619,0.007518500002333894,0.010029200027929619,TELEOP,0,,0.0,1.2526545000146143,232,-0.0006286972825294113,0.007904079198735384,0.0,0.006801587216841223,0.00699188325714079,0.013746555031782801,0.9998579320106474,-0.0003256602728825823,0.005143819894948249,0.0,0.0044399026930004625,0.004538673026488328,0.008954171032167663,0.9999397534513578,-0.016097650591831457,-0.22347337519546692,0.27983407616998335,-0.128326878177634,0.0028297441730135357,0.004135839039550924,0.991719264570643,-0.016087238809161485,-0.22357021469215,0.27986002591684084,-0.12844553250715954,0.002675292381199519,0.003911811560374863,0.9917052413494363,-0.016087236914964196,-0.22357021571204672,0.2798600261043225,-0.12844553253489416,0.002675292382349611,0.003911811427674317,0.9917052413463644,-0.016031456799390692,-0.2242300316735201,0.2800376757920455,-0.12942948352676847,0.001406518735134802,0.00207100625712424,0.9915854685462694,-0.016031456799390692,-0.2242300316735201,0.2800376757920455,-0.12942948352676847,0.001406518735134802,0.00207100625712424,0.9915854685462694,-0.006271995830261515,-0.5341854107866197,0.7908339248552162,-0.029494551353769626,0.5144406645656114,-0.022975296427973635,-0.0031340151256074467,-0.5291716113410747,0.7882698600686265,-0.015128607731649332,0.5187353212818211,-0.011689798236298054,-0.0031340151256074467,-0.5291716113410747,0.7882698600686265,-0.015128607731649332,0.5187353212818211,-0.011689798236298054,-0.031495408247706504,-0.053149755033403835,0.027300761802450276,-0.14798774579682794,-0.04595187629060541,-0.11529096787545504,-0.16689493947618247,-0.2313230247573042,0.11680026591204583,-0.7165708167288942,-0.1928245733165243,-0.5749714418658255,0.5,0.0,0.0,0.5,True,False,True,False,1,True,True,0.0042440000106580555,4,2.1594726344235077e-09,2.7121506347998967e-10,`gtol` termination condition is satisfied.,True,True,0.0,0.010029200027929619,True,0.014365943622120294,0.014031726587945978,False,False,False,False,False,False,1.0,False,False,False,0.000685585834054739,0.0048911586777498645,0.0006855870183125305,0.004891158898944376
1.262666900001932,1786138884.5803857,0.010012399987317622,0.007338800001889467,0.010012399987317622,TELEOP,0,,0.0,1.262666900001932,234,-0.0006793982962473244,0.008214514445771494,0.0,0.007064765682203898,0.007270302095615822,0.014284423023235675,0.9998465817575151,-0.0003589261592969185,0.005432626552258226,0.0,0.004686897742327538,0.0047957144293820295,0.009455738376046392,0.9999328093049196,-0.016107627813721312,-0.22338968553684355,0.2798116501251168,-0.12820420502103028,0.002989906841131909,0.004367712963472685,0.9917336665433295,-0.01609645842300556,-0.2234885820114255,0.2798381510814221,-0.12832510043729498,0.002832305363485889,0.00413933587521199,0.9917194727051589,-0.01609645649351895,-0.22348858304081443,0.27983815126799455,-0.12832510046542228,0.002832305364670319,0.004139335740137392,0.9917194727020797,-0.01603634863905252,-0.22415723619673938,0.280018154350418,-0.12932083095533478,0.00154639381807993,0.002275223203956767,0.9915989888591826,-0.01603634863905252,-0.22415723619673938,0.280018154350418,-0.12932083095533478,0.00154639381807993,0.002275223203956767,0.9915989888591826,-0.00668871603990268,-0.5348042927360415,0.7911482119396026,-0.031342012375408144,0.5139176718137854,-0.024442582520559263,-0.0034655728259448794,-0.5297253949359817,0.7885540814319083,-0.016678839613440345,0.5182573525281774,-0.012899422919236306,-0.0034655728259448794,-0.5297253949359817,0.7885540814319083,-0.016678839613440345,0.5182573525281774,-0.012899422919236306,-0.03311470783802143,-0.055309775439300456,0.028386936562838916,-0.154831197690328,-0.04773768070084269,-0.12081266074771721,-0.16172941476229893,-0.2157345300460074,0.10848295730938252,-0.6834976531269649,-0.17835927574800192,-0.551485445972626,0.5,0.0,0.0,0.5,True,False,True,False,1,True,True,0.003880500007653609,4,2.1948506606289966e-09,2.760230137376005e-10,`gtol` termination condition is satisfied.,True,True,0.0,0.010012399987317622,True,0.0146631727619678,0.014365943622120294,False,False,False,False,False,False,1.0,False,False,False,0.0006950619445624286,0.004953577597708605,0.0006950631500186625,0.004953577822717429
1.27295710000908,1786138884.5902107,0.010290200007148087,0.0068737000110559165,0.010290200007148087,TELEOP,0,,0.0,1.27295710000908,236,-0.0007335399319387537,0.008533224030935002,0.0,0.007334644869683241,0.007556438423714768,0.014836463803701032,0.9998344775835578,-0.0003950384809870592,0.005731557333121131,0.0,0.004942294898806056,0.005062008967909356,0.009974753811138742,0.9999252242406677,-0.016118458877012458,-0.22330306212306494,0.27978843792378666,-0.12807734494972028,0.003155796383879452,0.00460763410064319,0.9917484582129727,-0.01610650150325764,-0.22340389325333998,0.2798154573119408,-0.12820031423357603,0.0029952452619315183,0.004375214032859074,0.9917341203358893,-0.016106499480983413,-0.22340389432032695,0.27981545749967474,-0.12820031426307027,0.0029952452631853647,0.004375213891395122,0.9917341203326968,-0.01604189462603482,-0.2240795812886266,0.27999730754350216,-0.12920494917859907,0.0016956496150833883,0.0024927811882810326,0.9916133278259656,-0.01604189462603482,-0.2240795812886266,0.27999730754350216,-0.12920494917859907,0.0016956496150833883,0.0024927811882810326,0.9916133278259656,-0.0071269083867949706,-0.5354460503918507,0.7914736741083067,-0.03327315671204628,0.5133768982987816,-0.025979488281126707,-0.0038230759965262096,-0.5303159838571221,0.788856920420237,-0.01834170215029061,0.517748560688984,-0.014199111520730707,-0.0038230759965262096,-0.5303159838571221,0.788856920420237,-0.01834170215029061,0.517748560688984,-0.014199111520730707,-0.03474210125488236,-0.05739333742105151,0.02942984471811976,-0.1615967168466267,-0.04944431000757559,-0.1263035315729114,-0.1581498334075588,-0.20248022198827126,0.10134964865176482,-0.6574720755280778,-0.16584996458255372,-0.5336019534489099,0.5,0.0,0.0,0.5,True,False,True,False,1,True,True,0.0035786000080406666,4,2.2941879338201848e-09,2.8909321234074077e-10,`gtol` termination condition is satisfied.,True,True,0.0,0.010290200007148087,True,0.01493145456175567,0.0146631727619678,False,False,False,False,False,False,1.0,False,False,False,0.0007027062721030237,0.005002554201751478,0.0007027075325716182,0.005002554437378111
1.2827479999978095,1786138884.6011558,0.009790899988729507,0.00802730000577867,0.009790899988729507,TELEOP,0,,0.0,1.2827479999978095,238,-0.0007869665557078743,0.008836138252143,0.0,0.007590853541295562,0.007828671862528657,0.015360991283744296,0.9998225496487686,-0.0004311556228399496,0.006017687878085119,0.0,0.005186519559867548,0.005317123885623811,0.010471420802497149,0.9999175853813239,-0.016129291499106652,-0.22322014791819056,0.27976621966032295,-0.12795602116222793,0.0033146859389132136,0.00483720699175547,0.9917625073241965,-0.016116576043290125,-0.22332266683509008,0.2797936913276196,-0.1280807682657248,0.003151573080711103,0.0046013040627459765,0.9917480589285269,-0.016116574084213024,-0.22332266786237387,0.27979369151045824,-0.12808076829392162,0.0031515730819406023,0.004601303925800335,0.9917480589255169,-0.016047651014039082,-0.22400340147570375,0.2799768304555706,-0.12909126298245246,0.0018421233148388813,0.002705901599037392,0.9916273143171404,-0.016047651014039082,-0.22400340147570375,0.2799768304555706,-0.12909126298245246,0.0018421233148388813,0.002705901599037392,0.9916273143171404,-0.0075526625643806125,-0.5360612899299789,0.7917852592167891,-0.035139046301769186,0.5128599600774206,-0.027467410479182327,-0.0041774651820497095,-0.5308951989403499,0.7891536619541412,-0.019981839939372758,0.5172504807169833,-0.01548312865182375,-0.0041774651820497095,-0.5308951989403499,0.7891536619541412,-0.019981839939372758,0.5172504807169833,-0.01548312865182375,-0.036195772189629556,-0.059158512894062106,0.03030789143447006,-0.16751655016087796,-0.05087172502772967,-0.1311439328939218,-0.1484716355412209,-0.18028735612073696,0.08967987798476498,-0.6046260630856938,-0.14578997046208264,-0.4943775675966728,0.5,0.0,0.0,0.5,True,False,True,False,1,True,True,0.004839500004891306,4,2.2196227232739026e-09,2.7971229275084985e-10,`gtol` termination condition is satisfied.,True,True,0.0,0.009790899988729507,True,0.015157206362396428,0.01493145456175567,False,False,False,False,False,False,1.0,False,False,False,0.0007082997353777672,0.005037019277926221,0.0007083009605918336,0.005037019505690786
1.2927783000050113,1786138884.6105657,0.010030300007201731,0.00740649999352172,0.010030300007201731,TELEOP,0,,0.0,1.2927783000050113,240,-0.0008436308228817247,0.00914611225181807,0.0,0.00785273531936339,0.008107530319105782,0.015897587789870195,0.9998099165354344,-0.00047000813159853914,0.0063124022821203175,0.0,0.005437819608185643,0.0055801291240132065,0.010982855631990933,0.9999093304690356,-0.016140944655658948,-0.22313474629159621,0.279743334842608,-0.1278311688926505,0.003478451953381236,0.005073587495133992,0.9917768657018956,-0.0161274458107197,-0.22323884373625696,0.27977122951188865,-0.12795754569069312,0.003312955503696964,0.004834473752791067,0.9917623297394282,-0.01612744376840382,-0.22323884479585487,0.2797712296952831,-0.12795754572008297,0.0033129555049908753,0.004834473610131653,0.9917623297363274,-0.01605407047438381,-0.2239231270531625,0.27995522967491493,-0.1289714879475875,0.0019965219582175073,0.0029301788131972013,0.9916419632351076,-0.01605407047438381,-0.2239231270531625,0.27995522967491493,-0.1289714879475875,0.0019965219582175073,0.0029301788131972013,0.9916419632351076,-0.00799787825983476,-0.5366958992288628,0.7921062140680729,-0.037079131497715016,0.5123283228079504,-0.02901759054168861,-0.0045550565702742385,-0.5315053656548542,0.7894659580235454,-0.021720181178758534,0.5167268221562172,-0.016846376259438606,-0.0045550565702742385,-0.5315053656548542,0.7894659580235454,-0.021720181178758534,0.5167268221562172,-0.016846376259438606,-0.03764507422045391,-0.06083234938797749,0.031135267058807307,-0.17330899755118506,-0.052207666808582964,-0.1359129444419458,-0.14449239103354458,-0.16687800890437732,0.08248762487096019,-0.5774949289800032,-0.13319061043977637,-0.47546050911736193,0.5,0.0,0.0,0.5,True,False,True,False,1,True,True,0.0036610999959520996,4,2.3081237854935753e-09,2.913881157675923e-10,`gtol` termination condition is satisfied.,True,True,0.0,0.010030300007201731,True,0.015358950318956482,0.015157206362396428,False,False,False,False,False,False,1.0,False,False,False,0.0007123775968163768,0.005060397734329177,0.0007123788723504827,0.0050603979715717305
1.302836999995634,1786138884.6210625,0.0100586999906227,0.007842399994842708,0.0100586999906227,TELEOP,0,,0.0,1.302836999995634,242,-0.0009024162151820725,0.009456599097602889,0.0,0.008114747744281175,0.008387134041032295,0.016434913800134895,0.9997968295908958,-0.000510842659851656,0.006609362471412262,0.0,0.005690778494208987,0.005845379506340211,0.011498052909400263,0.9999006157403092,-0.01615319239827669,-0.2230486938743637,0.2797202756267889,-0.127705478435317,0.0036435776158705636,0.005311688231374611,0.9917912184970669,-0.016138902266162977,-0.22315423277896007,0.2797485565688039,-0.1278333097901856,0.0034759171704596336,0.005069689925098997,0.9917766185749561,-0.016138900183298416,-0.2231542338494923,0.27974855675100124,-0.12783330982003477,0.003475917171792607,0.0050696897797143075,0.9917766185718472,-0.016061048924913075,-0.2238405941311237,0.27993299648262543,-0.12884836175933023,0.002155323574286745,0.003160452225870074,0.9916569294841613,-0.016061048924913075,-0.2238405941311237,0.27993299648262543,-0.12884836175933023,0.002155323574286745,0.003160452225870074,0.9916569294841613,-0.00845330121157516,-0.5373361620809091,0.7924295715330496,-0.03905249165405518,0.5117935975102639,-0.03059752179104545,-0.004947733927844918,-0.5321325031555777,0.7897866126936216,-0.023518263448013426,0.5161897196487825,-0.018258983763558098,-0.004947733927844918,-0.5321325031555777,0.7897866126936216,-0.023518263448013426,0.5161897196487825,-0.018258983763558098,-0.03903857933299093,-0.06234776872838509,0.03187834117481713,-0.17875891227804463,-0.053396811509982434,-0.14043638894055968,-0.13853729744759505,-0.15065757422135714,0.07387377262494743,-0.5418110423752877,-0.11822051582292548,-0.44970468378924716,0.5,0.0,0.0,0.5,True,False,True,False,1,True,True,0.004339400009484962,4,2.3489486781892455e-09,2.9691158742557737e-10,`gtol` termination condition is satisfied.,True,True,0.0,0.0100586999906227,True,0.015534228206041754,0.015358950318956482,False,False,False,False,False,False,1.0,False,False,False,0.0007149610263748165,0.00507299314151251,0.000714962327887393,0.005072993383172183
1.3132401999901049,1786138884.6313233,0.010403199994470924,0.007703899987973273,0.010403199994470924,TELEOP,0,,0.0,1.3132401999901049,244,-0.000965277927001934,0.009777322293135075,0.0,0.008385080028690617,0.008676253927287244,0.016989788006055273,0.999782856501456,-0.0005550840630859844,0.0069178171671832765,0.0,0.005953251777659695,0.006121157170502113,0.012033046182695954,0.9998911420888431,-0.016166462102135876,-0.22295931059293056,0.2796963238406545,-0.1275750454867268,0.003815215459505745,0.005558917581329137,0.9918060043856264,-0.01615134919405823,-0.22306619951210463,0.27972496655173384,-0.12770420291302761,0.0036455421531668415,0.005314268917808861,0.9917913616918768,-0.016151347003764926,-0.22306620062514543,0.2797249667347928,-0.1277042029444412,0.0036455421545814356,0.005314268765042304,0.9917913616886452,-0.01606886542636821,-0.22375324223607837,0.2799094419411826,-0.1287180876819504,0.002323460047659565,0.003403849234489843,0.9916726623474591,-0.01606886542636821,-0.22375324223607837,0.2799094419411826,-0.1287180876819504,0.002323460047659565,0.003403849234489843,0.9916726623474591,-0.00893370499555345,-0.5380019818425159,0.7927653476761523,-0.04112203173816024,0.5112393288849691,-0.032257858998528566,-0.0053684518032983165,-0.5327960286399861,0.7901254950130334,-0.02543378415494029,0.5156227457658397,-0.019766711347430913,-0.0053684518032983165,-0.5327960286399861,0.7901254950130334,-0.02543378415494029,0.5156227457658397,-0.019766711347430913,-0.04044119844634354,-0.06378090248780229,0.032574815402177326,-0.18412802867818778,-0.05449995032721657,-0.14492921261478595,-0.13482573766707132,-0.13775893572928197,0.06694807633520006,-0.5161023918598813,-0.10603841297105038,-0.43186939370713945,0.5,0.0,0.0,0.5,True,False,True,False,1,True,True,0.004673899995395914,4,2.4636873096614064e-09,3.1200561894781077e-10,`gtol` termination condition is satisfied.,True,True,0.0,0.010403199994470924,True,0.015688247583219947,0.015534228206041754,False,False,False,False,False,False,1.0,False,False,False,0.0007161427843214973,0.005075296692993651,0.0007161441515574038,0.005075296946938774
1.3233436000009533,1786138884.643531,0.010103400010848418,0.009805499983485788,0.010103400010848418,TELEOP,0,,0.0,1.3233436000009533,246,-0.0010283334754653372,0.010088403134776634,0.0,0.00864697554442708,0.008956970559776319,0.0175278179585126,0.9997688623326588,-0.0005999553069499338,0.007218475175340536,0.0,0.00620882595322774,0.006390212189777791,0.012554376989332382,0.9998814946216686,-0.016179920826863013,-0.2228721866045464,0.2796729774629417,-0.12744802624810453,0.003982629944382188,0.005799814116435101,0.9918202969391197,-0.016164004780931593,-0.22298026297417792,0.2797019383813044,-0.12757831493792565,0.0038111996497153383,0.005552883917427846,0.9918056330728462,-0.016164002620069708,-0.2229802640639428,0.27970193856052855,-0.12757831496861818,0.0038111996511261096,0.005552883766825252,0.9918056330697359,-0.016077028063942143,-0.223666796215987,0.2798861050482062,-0.1285891818268168,0.0024899242701092086,0.0036443868088514094,0.9916881269023172,-0.016077028063942143,-0.223666796215987,0.2798861050482062,-0.1285891818268168,0.0024899242701092086,0.0036443868088514094,0.9916881269023172,-0.009409002602357072,-0.5386516068111593,0.7930924715500344,-0.04315822109362076,0.5107003320704006,-0.0338947230842581,-0.005789889059545525,-0.5334524444971871,0.790460369140843,-0.027341860074421753,0.5150631405202513,-0.021271400749734142,-0.005789889059545525,-0.5334524444971871,0.790460369140843,-0.027341860074421753,0.5150631405202513,-0.021271400749734142,-0.04171241916530026,-0.06496979793892424,0.03314469658234966,-0.1888548327724019,-0.055387814496860456,-0.14892901406334344,-0.1258210817736362,-0.11767280814828622,0.05640489137918245,-0.46784291319147614,-0.08787776082215372,-0.39588667619442386,0.5,0.0,0.0,0.5,True,False,True,False,1,True,True,0.005919899995205924,4,2.4267329668044422e-09,3.0747250902090424e-10,`gtol` termination condition is satisfied.,True,True,0.0,0.010103400010848418,True,0.015816361019199008,0.015688247583219947,False,False,False,False,False,False,1.0,False,False,False,0.0007161063219854675,0.005069040230347618,0.000716107675286949,0.005069040480456092
1.3334299999987707,1786138884.6513574,0.010086399997817352,0.007548299996415153,0.010086399997817352,TELEOP,0,,0.0,1.3334299999987707,247,-0.001093251454891031,0.010398555031612878,0.0,0.008907785378771089,0.00923713186984126,0.018064081766619385,0.9997544777115999,-0.0006466560817425287,0.007519574495500779,0.0,0.006464508779465869,0.00665991154909217,0.013076332317027749,0.9998714243529181,-0.016193928406981032,-0.22278493472078634,0.27964959680541024,-0.127320938396961,0.00415040586131445,0.0060409799975881815,0.9918344919075825,-0.016177207401004933,-0.22289408208437342,0.2796788447248261,-0.12745221167472898,0.003977404909175244,0.005792042677192231,0.9918198254879937,-0.016177205211042114,-0.22289408317886023,0.27967884490212275,-0.1274522117056772,0.003977404910618851,0.005792042524674014,0.9918198254849016,-0.016085755499946928,-0.22357909694157282,0.27986240652502103,-0.1284584433854422,0.002658872243117681,0.003888093894707654,0.9917037064805445,-0.016085755499946928,-0.22357909694157282,0.27986240652502103,-0.1284584433854422,0.002658872243117681,0.003888093894707654,0.9917037064805445,-0.00989206792778899,-0.5393027362311541,0.7934198705155844,-0.04521632072698723,0.510161908242953,-0.0355524828084039,-0.006222780717530411,-0.5341181314203427,0.7907995746457187,-0.029290695432333966,0.5144970023776513,-0.02281118078247087,-0.006222780717530411,-0.5341181314203427,0.7907995746457187,-0.029290695432333966,0.5144970023776513,-0.02281118078247087,-0.042918351253029945,-0.06599846558729408,0.03362998740373433,-0.1932141654439573,-0.05612886091395792,-0.1526590292938935,-0.11956020859678826,-0.10198560919579165,0.048113382523961176,-0.4321990673083323,-0.07346986211709079,-0.3698063958753571,0.5,0.0,0.0,0.5,True,False,True,False,1,True,True,0.004100799997104332,4,2.4546430717415985e-09,3.113277622085657e-10,`gtol` termination condition is satisfied.,True,True,0.0,0.010086399997817352,True,0.015925625294653266,0.015816361019199008,False,False,False,False,False,False,1.0,False,False,False,0.0007150536862125247,0.005055507096043451,0.0007150550603148277,0.00505550734921993
1.3427784999948926,1786138884.6612499,0.009348499996121973,0.008091199997579679,0.009348499996121973,TELEOP,0,,0.0,1.3427784999948926,250,-0.0011551741948831573,0.010685644204622929,0.0,0.009148931088776948,0.009496712048370664,0.018560327030930742,0.9997407782924072,-0.0006915872045257518,0.007799354841301541,0.0,0.00670185643759436,0.0069107316645649315,0.013561208582738047,0.999861700701615,-0.016207405279290297,-0.22270386059014055,0.27962787157710367,-0.12720295095089512,0.004306403080576867,0.0062649971519479295,0.9918475759775682,-0.016189935006942546,-0.2228139087623744,0.2796573608930324,-0.12733502035338484,0.004132093705268412,0.006014417042365921,0.9918329220089714,-0.016189932949035823,-0.2228139097865825,0.2796573610636675,-0.12733502038195813,0.004132093706640436,0.006014416899142108,0.9918329220061659,-0.016094336024531822,-0.22349686703426905,0.27984016058224626,-0.128335862090473,0.002817356501692462,0.004116296076485235,0.9917182186036758,-0.016094336024531822,-0.22349686703426905,0.27984016058224626,-0.128335862090473,0.002817356501692462,0.004116296076485235,0.9917182186036758,-0.010347097522567477,-0.539908166933958,0.7937238538210895,-0.047145252329360315,0.5096629262527356,-0.03710908777077395,-0.006633436727817464,-0.5347420844822289,0.7911171583063438,-0.031129695795914854,0.5139675874480761,-0.024266787712501642,-0.006633436727817464,-0.5347420844822289,0.7911171583063438,-0.031129695795914854,0.5139675874480761,-0.024266787712501642,-0.04392747611460711,-0.06674365536129863,0.033971616917881454,-0.19671608967682086,-0.056631002812725185,-0.1557048650194791,-0.10794511012416726,-0.07971222916122143,0.03654377860500017,-0.37459744711090087,-0.0537136330936056,-0.3258101007486875,0.5,0.0,0.0,0.5,True,False,True,False,1,True,True,0.004190600011497736,4,2.305015981011906e-09,2.9215918087919685e-10,`gtol` termination condition is satisfied.,True,True,0.0,0.009348499996121973,True,0.01601555653344546,0.015925625294653266,False,False,False,False,False,False,1.0,False,False,False,0.0007134318735063863,0.005038349304188544,0.0007134331734395223,0.005038349541545412
1.3528102000127546,1786138884.6707006,0.010031700017862022,0.007510099996579811,0.010031700017862022,TELEOP,0,,0.0,1.3528102000127546,252,-0.0012234967425774125,0.010993303870022135,0.0,0.009407066453271435,0.009775159747981063,0.0190919770471083,0.9997256872587991,-0.0007416962707688829,0.008100282509375247,0.0,0.006956876068090174,0.007180760386392701,0.014082592790487606,0.9998508484448787,-0.01622243534835497,-0.22261665842202627,0.2796045042260778,-0.12707616443026765,0.004474307525822303,0.006505862045068196,0.9918615340685949,-0.016204159869355868,-0.2227275755476913,0.2796342264032892,-0.12720896489486325,0.0042987512722782745,0.006253749953593618,0.9918469088520641,-0.016204157630293908,-0.22272757664766601,0.2796342265764386,-0.12720896492618594,0.004298751273781045,0.006253749797876531,0.991846908849022,-0.016104130200289467,-0.22340760002904075,0.27981599745149355,-0.12820287975231046,0.0029894666458024216,0.0043637672631338656,0.9917338565601467,-0.016104130200289467,-0.22340760002904075,0.27981599745149355,-0.12820287975231046,0.0029894666458024216,0.0043637672631338656,0.9917338565601467,-0.010843611893990406,-0.5405597643176774,0.7940505483723018,-0.04923869770541843,0.5091277546397373,-0.03880169863969528,-0.007085047687115546,-0.5354191559346851,0.7914613424727821,-0.03314038595949587,0.5133946178882035,-0.02586145534169378,-0.007085047687115546,-0.5354191559346851,0.7914613424727821,-0.03314038595949587,0.5133946178882035,-0.02586145534169378,-0.04501838756082841,-0.06749319170735714,0.03430965497627436,-0.20043364135698546,-0.05711589848704169,-0.1589628503995076,-0.10874641828193324,-0.07471678227258786,0.03369698633242752,-0.3705804273996728,-0.04833634114388583,-0.32476901963051674,0.5,0.0,0.0,0.5,True,False,True,False,1,True,True,0.003874699992593378,4,2.5006646237383806e-09,3.1774477209470284e-10,`gtol` termination condition is satisfied.,True,True,0.0,0.010031700017862022,True,0.016098311745922557,0.01601555653344546,False,False,False,False,False,False,1.0,False,False,False,0.0007109697159428572,0.005014742670994654,0.0007109711273275713,0.005014742929282184
1.3632477000064682,1786138884.6816125,0.010437499993713573,0.007979399990290403,0.010437499993713573,TELEOP,0,,0.0,1.3632477000064682,254,-0.001296640027880458,0.011312945126099738,0.0,0.009674937827462713,0.010064744849150242,0.01964416464919228,0.9997095594643435,-0.0007958836339163008,0.008414022302350728,0.0,0.007222461303904919,0.007462557725452805,0.01462602066421466,0.9998390999578072,-0.016238688793631315,-0.22252574356976695,0.27958014198732145,-0.1269441093662702,0.0046494868251758465,0.006756889647312853,0.9918759598920427,-0.016219575357697913,-0.22263746736830162,0.2796100803373074,-0.1270775477787031,0.004472790351129651,0.006503413752464216,0.9918613797333731,-0.01621957299511768,-0.22263746851578414,0.2796100805107719,-0.12707754781180083,0.004472790352728025,0.0065034135882821404,0.9918613797302019,-0.016114972935502497,-0.22331373514098837,0.27979057597820384,-0.1280631511393776,0.0031705146579528083,0.004623705228667676,0.9917501694010519,-0.016114972935502497,-0.22331373514098837,0.27979057597820384,-0.1280631511393776,0.0031705146579528083,0.004623705228667676,0.9917501694010519,-0.01136901943238267,-0.5412394621789368,0.7943908104858808,-0.05144171778636122,0.5085715961607886,-0.040586462426842065,-0.007566544699238746,-0.5361307798867138,0.7918225934026315,-0.0352709950594666,0.5127941513441521,-0.027554810101350472,-0.007566544699238746,-0.5361307798867138,0.7918225934026315,-0.0352709950594666,0.5127941513441521,-0.027554810101350472,-0.046131450291085195,-0.06817954035518338,0.034610867551331755,-0.20413021329379408,-0.05752972880604449,-0.16223758186123,-0.10664074068763313,-0.06575795432235947,0.028858689843239138,-0.3541625809853916,-0.03964841382055528,-0.3137467270605744,0.5,0.0,0.0,0.5,True,False,True,False,1,True,True,0.004530099977273494,4,2.6322217687562906e-09,3.3504522761315064e-10,`gtol` termination condition is satisfied.,True,True,0.0,0.010437499993713573,True,0.01617072272689462,0.016098311745922557,False,False,False,False,False,False,1.0,False,False,False,0.0007077120421471502,0.004985182193596403,0.0007077135320781102,0.004985182466009432
1.3727529000025243,1786138884.689999,0.009505199996056035,0.006866500014439225,0.009505199996056035,TELEOP,0,,0.0,1.3727529000025243,256,-0.0013650724326964405,0.011603612391110628,0.0,0.009918247271071148,0.01032833973217794,0.020146150782943874,0.9996944965228515,-0.0008469429535840955,0.00870018266842876,0.0,0.007464455075568891,0.007719811199839632,0.015121548238301913,0.9998279978097935,-0.016254004068804877,-0.22244282061333173,0.2795579213106015,-0.12682377051068322,0.004809372646666567,0.0069857731968345155,0.991889005958349,-0.016234125976229634,-0.22255520374038928,0.2795880363491306,-0.12695769448316216,0.004631759462682973,0.006731233976369356,0.991874478502676,-0.0162341237967316,-0.2225552047953579,0.2795880365148383,-0.12695769451309344,0.004631759464174319,0.0067312338250142024,0.991874478499865,-0.016125373609565632,-0.22322770762512037,0.2797672550268572,-0.12793511745788586,0.0033365271920573194,0.004861644051322205,0.9917650113431367,-0.016125373609565632,-0.22322770762512037,0.2797672550268572,-0.12793511745788586,0.0033365271920573194,0.004861644051322205,0.9917650113431367,-0.011854788974085081,-0.5418596408918931,0.7947008069500331,-0.053468511268518495,0.5080660097116617,-0.04223150872633527,-0.008013471492609293,-0.5367827151397001,0.7921531202324755,-0.03723765140856601,0.5122455443647004,-0.029120877090008948,-0.008013471492609293,-0.5367827151397001,0.7921531202324755,-0.03723765140856601,0.5122455443647004,-0.029120877090008948,-0.0470191888183299,-0.06858722102184289,0.03477326410608438,-0.2069032056048726,-0.05771651092868108,-0.16475897291043637,-0.093395039306175,-0.042890277619478216,0.01708502238985101,-0.2917342414919331,-0.019650520001062138,-0.26526438688849985,0.5,0.0,0.0,0.5,True,False,True,False,1,True,True,0.0035503999970387667,4,2.4270619071807225e-09,3.0863823145531604e-10,`gtol` termination condition is satisfied.,True,True,0.0,0.009505199996056035,True,0.016230859859952484,0.01617072272689462,False,False,False,False,False,False,1.0,False,False,False,0.0007044188628205647,0.004955939617877023,0.000704420248629669,0.004955939868569326
1.3827947000099812,1786138884.7003763,0.010041800007456914,0.007199300016509369,0.010041800007456914,TELEOP,0,,0.0,1.3827947000099812,258,-0.0014392524021273113,0.011910238987346222,0.0,0.010174625805582668,0.010606674932392824,0.02067554548876302,0.9996781968490346,-0.0009027930949825776,0.009002904602285528,0.0,0.007720180025262888,0.007992208000500859,0.015645609215683823,0.9998158522167592,-0.016270756444609968,-0.22235509846666268,0.2795344145973782,-0.12669658878741125,0.004978630153861965,0.007227816850601685,0.9919026899323334,-0.01625007068683511,-0.222468100822483,0.27956469557977504,-0.1268309281384261,0.004800173992116217,0.006972337578116557,0.9918882298454235,-0.01625006835481493,-0.2224681019379519,0.2795646957463842,-0.12683092817059777,0.004800173993722619,0.006972337416287713,0.9918882298424395,-0.016136964049573255,-0.2231362681523883,0.2797424599868866,-0.12779915488308252,0.0035130512138605656,0.005114327960716329,0.9917806602933176,-0.016136964049573255,-0.2231362681523883,0.2797424599868866,-0.12779915488308252,0.0035130512138605656,0.005114327960716329,0.9917806602933176,-0.012375956693467164,-0.5425159232805882,0.7950283640068477,-0.05563167511357969,0.5075330240386511,-0.043990553281715326,-0.008495097291659714,-0.5374753338782747,0.7925037777236816,-0.03934435071724159,0.5116644667519721,-0.030801964801088266,-0.008495097291659714,-0.5374753338782747,0.7925037777236816,-0.03934435071724159,0.5116644667519721,-0.030801964801088266,-0.04796209829838981,-0.06897356430722329,0.03491978439579515,-0.20979299598788814,-0.05786588184357817,-0.1674090013574223,-0.09389845240491863,-0.03847350924072457,0.014591038419602218,-0.2877761338474803,-0.014874914336689051,-0.26389974357366697,0.5,0.0,0.0,0.5,True,False,True,False,1,True,True,0.003879399999277666,4,2.590433869827776e-09,3.300610532924605e-10,`gtol` termination condition is satisfied.,True,True,0.0,0.010041800007456914,True,0.0162873243963381,0.016230859859952484,False,False,False,False,False,False,1.0,False,False,False,0.0007005988860823653,0.00492256901233501,0.0007006003686704653,0.004922569280554836
1.392997099988861,1786138884.7111108,0.01020239997887984,0.007732300000498071,0.01020239997887984,TELEOP,0,,0.0,1.392997099988861,259,-0.0015165985048004706,0.01222128387098852,0.0,0.010434394054458786,0.010889300963995168,0.02121240712953222,0.9996612327828878,-0.0009615072882960339,0.009310801337728236,0.0,0.007979991850127235,0.008269524983684488,0.01617847761677599,0.9998030763848548,-0.016288367990405492,-0.22226587676243986,0.27951050604226474,-0.12656735904972136,0.005150903496512895,0.00747390828064456,0.9919164846454368,-0.01626686231549262,-0.22237943475450206,0.2795409359281504,-0.12670202764855537,0.0049717106007926715,0.007217648389851123,0.9919021039574255,-0.016266859915817486,-0.2223794358911711,0.27954093609320435,-0.12670202768158828,0.004971710602458877,0.007217648223450291,0.9919021039544085,-0.01614936967883955,-0.22304291040955523,0.2797171373783228,-0.12766046891489358,0.0036933541679989297,0.005372081016834888,0.9917965036019072,-0.01614936967883955,-0.22304291040955523,0.2797171373783228,-0.12766046891489358,0.0036933541679989297,0.005372081016834888,0.9917965036019072,-0.01291362890469201,-0.5431835789216779,0.7953610819309721,-0.05785171556237214,0.5069929867196687,-0.04579930986552661,-0.008993884297470467,-0.5381821257638231,0.792861079690699,-0.04151278052302194,0.511073409389398,-0.032536035854157,-0.008993884297470467,-0.5381821257638231,0.792861079690699,-0.04151278052302194,0.511073409389398,-0.032536035854157,-0.04888918360810209,-0.06927702178030999,0.03502136436103603,-0.2125411481876075,-0.0579331690384229,-0.1699669741098627,-0.09086933580642374,-0.02974373419145429,0.009956477441696188,-0.26936330720304624,-0.0065952320026685905,-0.25072264935071287,0.5,0.0,0.0,0.5,True,False,True,False,1,True,True,0.0037358000117819756,4,2.6603947205108784e-09,3.393658227743469e-10,`gtol` termination condition is satisfied.,True,True,0.0,0.01020239997887984,True,0.016338935039350203,0.0162873243963381,False,False,False,False,False,False,1.0,False,False,False,0.000696454797677205,0.004886748403574312,0.0006964563271008469,0.004886748679383842
1.40260390000185,1786138884.7200117,0.00960680001298897,0.007027800020296127,0.00960680001298897,TELEOP,0,,0.0,1.40260390000185,262,-0.0015912505613425389,0.01251371159110201,0.0,0.01067833423708889,0.01115526788439195,0.021716987156095602,0.9996448897709679,-0.0010185479743197482,0.009600950734993636,0.0,0.00822457358920841,0.008531092476984433,0.01668049591766821,0.9997906470388516,-0.01630547764034644,-0.2221817978340052,0.2794879755783154,-0.12644569041934264,0.005313356214187237,0.007705734642166304,0.9919293711115431,-0.01628319968803475,-0.22229581852155675,0.27951852946210376,-0.12658059221967896,0.005133568566350411,0.007448884052716888,0.9919150741235155,-0.016283197401153866,-0.2222958195992309,0.2795185296216032,-0.12658059225071752,0.005133568567953767,0.007448883894246962,0.9919150741207363,-0.016161597210819518,-0.2229547912259301,0.27969322375076416,-0.12752964841470166,0.003863619359293693,0.005615135124409094,0.9918113386517639,-0.016161597210819518,-0.2229547912259301,0.27969322375076416,-0.12752964841470166,0.003863619359293693,0.005615135124409094,0.9918113386517639,-0.013427133249108951,-0.5438128334004614,0.7956741836810235,-0.05996175588913148,0.5064860536034463,-0.04752157292543186,-0.009471082007502463,-0.5388489331254182,0.7931976872525518,-0.043575468173196255,0.5105175390729592,-0.03418889269183335,-0.009471082007502463,-0.5388489331254182,0.7931976872525518,-0.043575468173196255,0.5105175390729592,-0.03418889269183335,-0.04967290975005164,-0.06940993470182256,0.035038468730240656,-0.2147112094959235,-0.057862172178798035,-0.1720507177667477,-0.08158035359223693,-0.013835295970861076,0.0017804439752571767,-0.22588804860952244,0.0073902714253319506,-0.2169029910134134,0.5,0.0,0.0,0.5,True,False,True,False,1,True,True,0.0037825999897904694,4,2.5331099059275173e-09,3.2302572244298864e-10,`gtol` termination condition is satisfied.,True,True,0.0,0.00960680001298897,True,0.016386287715935227,0.016338935039350203,False,False,False,False,False,False,1.0,False,False,False,0.0006924942236923405,0.004852577492970256,0.0006924956910079409,0.004852577755349407
1.4128115999919828,1786138884.7297726,0.010207699990132824,0.006580000015674159,0.010207699990132824,TELEOP,0,,0.0,1.4128115999919828,264,-0.0016725046939779387,0.012823930655084487,0.0,0.010936818861961368,0.011437688303034835,0.02225210821766272,0.9996271349654995,-0.001081132389898401,0.009909432899496534,0.0,0.00848432153534665,0.0088094525305014,0.017214081019243214,0.9997770177638915,-0.016324250247663995,-0.22209240645761788,0.2794640215393625,-0.12631646198275143,0.005486196765674608,0.007952118071642873,0.9919429504237546,-0.016301153158195074,-0.22220685621621525,0.27949469041159447,-0.12645153245771856,0.005305880100892574,0.00769478902749038,0.9919287513714239,-0.01630115069902053,-0.22220685736121715,0.2794946905716006,-0.12645153249127092,0.005305880102627332,0.007694788857206576,0.9919287513684583,-0.01617522297400579,-0.22286093574462718,0.27966775643717584,-0.12739049488508064,0.004045037733365771,0.005873845853331805,0.9918269997421735,-0.01617522297400579,-0.22286093574462718,0.27966775643717584,-0.12739049488508064,0.004045037733365771,0.005873845853331805,0.9918269997421735,-0.013980767951424406,-0.5444819011698883,0.7960065869944778,-0.062225076473863675,0.5059493129844319,-0.04937239717977413,-0.009986852287657276,-0.5395587542003751,0.7935554442202631,-0.0457911527106983,0.5099278883996844,-0.03596824453991887,-0.009986852287657276,-0.5395587542003751,0.7935554442202631,-0.0457911527106983,0.5099278883996844,-0.03596824453991887,-0.050527570427557345,-0.06953780730655428,0.03504775493570727,-0.21706011536818418,-0.0577652824676258,-0.17431466929920658,-0.08372705686215814,-0.012527073175672664,0.0009097255479287476,-0.2301111782802404,0.009491825902592683,-0.2217886041564001,0.5,0.0,0.0,0.5,True,False,True,False,1,True,True,0.003550199995515868,4,2.7173830696512724e-09,3.4718373621394827e-10,`gtol` termination condition is satisfied.,True,True,0.0,0.010207699990132824,True,0.016433923763165374,0.016386287715935227,False,False,False,False,False,False,1.0,False,False,False,0.0006882064496929499,0.004815626013263085,0.0006882080281339704,0.004815626295424822
1.42255310001201,1786138884.741326,0.00974150002002716,0.00838879999355413,0.00974150002002716,TELEOP,0,,0.0,1.42255310001201,265,-0.0017519017316419917,0.013119489833330748,0.0,0.011182803768786973,0.011707022731522115,0.02276178993968742,0.9996098195983141,-0.0011426629871682148,0.010203933393164982,0.0,0.008732033083729204,0.009075439098555904,0.017723341504581484,0.9997636076439796,-0.016342706832650274,-0.22200706665014333,0.2794411531835784,-0.1261932071054182,0.005651316413447879,0.008187251340899088,0.9919557984198314,-0.01631882856673126,-0.22212187306495637,0.2794719176390422,-0.1263283713296726,0.005470582240915276,0.007929592365664912,0.9919417003493968,-0.01631882619247945,-0.22212187416392684,0.27947191779421976,-0.12632837136168915,0.005470582242605208,0.007929592201375837,0.9919417003466232,-0.01618879222979547,-0.22277132069525246,0.279643434495942,-0.1272577493536857,0.0042183393926508005,0.0061206719673268396,0.9918418262086306,-0.01618879222979547,-0.22277132069525246,0.279643434495942,-0.1272577493536857,0.0042183393926508005,0.0061206719673268396,0.9918418262086306,-0.014516415395085353,-0.5451206406929013,0.7963234296784308,-0.06440441477422075,0.5054391012495174,-0.05115776590276942,-0.010486292971567196,-0.5402361398764391,0.7938963305785414,-0.04792415542377475,0.5093671316029861,-0.03768478162161846,-0.010486292971567196,-0.5402361398764391,0.7938963305785414,-0.04792415542377475,0.5093671316029861,-0.03768478162161846,-0.05126938180805219,-0.06953607500605073,0.034993210242508455,-0.21896039713507068,-0.05756370123138037,-0.17620870278403028,-0.07614960519117027,0.00017782687470931612,-0.005599208857637924,-0.19507075532308044,0.020693038631731248,-0.19442934670531667,0.5,0.0,0.0,0.5,True,False,True,False,1,True,True,0.0049390999774914235,4,2.6208563133498444e-09,3.348223814227394e-10,`gtol` termination condition is satisfied.,True,True,0.0,0.00974150002002716,True,0.016480259350446003,0.016433923763165374,False,False,False,False,False,False,1.0,False,False,False,0.0006841838988691907,0.0047808056160865975,0.0006841854321904675,0.004780805888092998
1.4323795000091195,1786138884.7492976,0.009826399997109547,0.006538899993756786,0.009826399997109547,TELEOP,0,,0.0,1.4323795000091195,267,-0.0018338219767841447,0.013417126914353828,0.0,0.011430237109486216,0.01197850701065289,0.02327490533492652,0.9995919886789144,-0.0012065654867962376,0.010501053417180568,0.0,0.008981679133292429,0.009344039153872321,0.018236988614022964,0.9997496839802099,-0.016361874965268815,-0.2219209677465733,0.2794180814058481,-0.12606897503656858,0.005818019866014492,0.008424391376629313,0.9919686455770672,-0.01633720982257095,-0.22203608442334605,0.27944892901259716,-0.12620417079196655,0.005636946958319452,0.00816651863470362,0.9919546562606028,-0.01633720740056593,-0.22203608553458803,0.27944892916556363,-0.12620417082453503,0.0056369469600556985,0.008166518467227631,0.991954656257828,-0.016203057089135435,-0.22268094095792873,0.27961890791132316,-0.12712403735840025,0.004393192676554374,0.006369457474047207,0.9918566474018778,-0.016203057089135435,-0.22268094095792873,0.27961890791132316,-0.12712403735840025,0.004393192676554374,0.006369457474047207,0.9918566474018778,-0.015064072371222936,-0.5457650231698487,0.7966425836811152,-0.06662196802870397,0.5049266290847698,-0.052977683215964806,-0.010997271389033189,-0.5409189161577331,0.7942393851639776,-0.05009356557409075,0.5088039709071005,-0.03943432621846451,-0.010997271389033189,-0.5409189161577331,0.7942393851639776,-0.05009356557409075,0.5088039709071005,-0.03943432621846451,-0.05200057168610049,-0.0694838680996915,0.03491152258580944,-0.22077364558272977,-0.05731098836311054,-0.17804532660594713,-0.07441075859555696,0.0053129229803992525,-0.00831308075419715,-0.1845282553318079,0.025717746920963895,-0.18690708931623812,0.5,0.0,0.0,0.5,True,False,True,False,1,True,True,0.0037142000219319016,4,2.669150766410521e-09,3.412894664745434e-10,`gtol` termination condition is satisfied.,True,True,0.0,0.009826399997109547,True,0.016528402454613227,0.016480259350446003,False,False,False,False,False,False,1.0,False,False,False,0.0006802408375559261,0.004746415805764113,0.0006802424068626642,0.004746416083056306
1.444667900010245,1786138884.76183,0.01228840000112541,0.006781699979910627,0.01228840000112541,TELEOP,0,,0.0,1.444667900010245,270,-0.0019388506685790786,0.01378861577326957,0.0,0.011738669388793466,0.012317714276844204,0.02391512735009567,0.9995691793166711,-0.0012893169806544283,0.010872608549471403,0.0,0.009293450486458469,0.009680313248868283,0.01887909434316351,0.9997317155668523,-0.016386697140472216,-0.22181329915092862,0.2793892296212215,-0.12591380657222426,0.006026664512829813,0.008720808991997335,0.9919845463110136,-0.01636105533148107,-0.22192873513824088,0.27942016280684284,-0.1260489560301972,0.005845283091307433,0.008462832496347527,0.991970702095288,-0.016361052263759293,-0.22192873651676423,0.27942016296661304,-0.12604895607254835,0.005845283093512576,0.00846283228440904,0.9919707020917017,-0.016221906768575562,-0.22256753661090434,0.27958817888376464,-0.12695675416976943,0.004612653557000859,0.006681640233330046,0.9918750232169536,-0.016221906768575562,-0.22256753661090434,0.27958817888376464,-0.12695675416976943,0.004612653557000859,0.006681640233330046,0.9918750232169536,-0.015760126526778936,-0.5465707368835193,0.7970409585787355,-0.06942358177151618,0.5042892075925336,-0.05528179358228856,-0.011650498198261352,-0.5417749586362421,0.7946685960484885,-0.05284587899880845,0.5081013649035254,-0.04166006023578849,-0.011650498198261352,-0.5417749586362421,0.7946685960484885,-0.05284587899880845,0.5081013649035254,-0.04166006023578849,-0.05315800341528097,-0.06966264757255959,0.03492813421369118,-0.22397654897835706,-0.057176361732258235,-0.18112480201817507,-0.09418896919651679,-0.014548637157947401,0.001351813733294592,-0.260644461063602,0.010955586637802824,-0.25060019302316877,0.5,0.0,0.0,0.5,True,False,True,False,1,True,True,0.003536000003805384,4,3.3670120362680054e-09,4.323390502589781e-10,`gtol` termination condition is satisfied.,True,True,0.0,0.01228840000112541,True,0.01657770277270773,0.016528402454613227,False,False,False,False,False,False,1.0,False,False,False,0.0006750232422069838,0.004701180734051515,0.0006750252188917553,0.004701181085941688
1.4526199999963865,1786138884.7724595,0.007952099986141548,0.00945709997904487,0.007952099986141548,TELEOP,0,,0.0,1.4526199999963865,271,-0.0020083444465071043,0.014028577876424048,0.0,0.011937666349649637,0.012537036682981605,0.024328551910958715,0.9995541187925995,-0.0013440817075813154,0.011113013794397756,0.0,0.009494994624023909,0.009898054305762561,0.01929445569747641,0.9997197595213311,-0.016403124440868874,-0.22174363493099408,0.27937056180394404,-0.1258134858930052,0.006161738948975592,0.008912541954626157,0.9919947410830777,-0.016376847921747126,-0.22185924919537806,0.2794015427712166,-0.1259485679168804,0.005980205572317986,0.00865456829943423,0.9919809946912039,-0.016376845915085633,-0.22185925011188395,0.27940154291125563,-0.12594856794264728,0.005980205573788028,0.008654568160876305,0.9919809946891324,-0.016234443490845504,-0.22249445239038582,0.27956834191689245,-0.12684885472191193,0.004754192888647243,0.006882526831298461,0.9918867861455426,-0.016234443490845504,-0.22249445239038582,0.27956834191689245,-0.12684885472191193,0.004754192888647243,0.006882526831298461,0.9918867861455426,-0.016215502639677967,-0.5470919387055164,0.7972982418655132,-0.07124992909026431,0.5038787274928611,-0.056786197835117375,-0.012076302304528405,-0.5423263932256946,0.7949447216673181,-0.05463176415709647,0.5076501655107414,-0.04310666835445177,-0.012076302304528405,-0.5423263932256946,0.7949447216673181,-0.05463176415709647,0.5076501655107414,-0.04310666835445177,-0.053546120774275924,-0.06934452413997898,0.03472361002890807,-0.22458031984008653,-0.05673965286784062,-0.18191523260325457,-0.048806901280333805,0.04000495883288869,-0.025719518761024244,-0.07592596456051509,0.05491742623692959,-0.09939897466794934,0.5,0.0,0.0,0.5,True,False,True,False,1,True,True,0.005229200003668666,4,2.210494139953174e-09,2.8191263743561084e-10,`gtol` termination condition is satisfied.,True,True,0.0,0.007952099986141548,True,0.016618164933167846,0.01657770277270773,False,False,False,False,False,False,1.0,False,False,False,0.0006719987301512215,0.004674454663019865,0.0006720000564632994,0.004674454891599309
1.4629835000087041,1786138884.7795653,0.010363500012317672,0.006203199998708442,0.010363500012317672,TELEOP,0,,0.0,1.4629835000087041,274,-0.0021007094308829466,0.014340779719920883,0.0,0.012196295521850205,0.012822634691632948,0.024866289372774235,0.9995341405214422,-0.0014174901885679176,0.011426212697883754,0.0,0.009757265194669943,0.010182002401340741,0.01983542704402618,0.9997037953499032,-0.01642514422625843,-0.2216528766742279,0.2793462414396281,-0.12568292337413703,0.006337841573620367,0.009162236285492412,0.9920079072076832,-0.016398043208086858,-0.22176868067833125,0.2793772732630245,-0.125817863102125,0.006156182874773661,0.008904369901583217,0.9919942938008681,-0.016398040566798038,-0.22176868185653925,0.27937727340932994,-0.12581786313748555,0.0061561828767060095,0.008904369719339106,0.9919942937980071,-0.016251428100575015,-0.22239937017007758,0.27954256940034594,-0.12670883431727273,0.0049383814294008165,0.007143921962565665,0.9919019347061525,-0.016251428100575015,-0.22239937017007758,0.27954256940034594,-0.12670883431727273,0.0049383814294008165,0.007143921962565665,0.9919019347061525,-0.016816820825284056,-0.5477708205122868,0.7976328834960806,-0.07364967560081179,0.5033465349800854,-0.05876635719815436,-0.012638893839336324,-0.5430433144398538,0.7953030740396081,-0.05697684790191429,0.5070660968801626,-0.04501051519209514,-0.012638893839336324,-0.5430433144398538,0.7953030740396081,-0.05697684790191429,0.5070660968801626,-0.04501051519209514,-0.0542858623186418,-0.06917751853206541,0.03457831542086246,-0.226282987603661,-0.05635824093063476,-0.18370693639991623,-0.07137950918962142,0.016114788219719588,-0.014019839617206325,-0.1642946650794369,0.03680339043301301,-0.17288597428784766,0.5,0.0,0.0,0.5,True,False,True,False,1,True,True,0.0034623999963514507,4,2.895856698404737e-09,3.713499816784185e-10,`gtol` termination condition is satisfied.,True,True,0.0,0.010363500012317672,True,0.016672827698897497,0.016618164933167846,False,False,False,False,False,False,1.0,False,False,False,0.0006682707001895077,0.0046409390991855376,0.0006682724278042215,0.004640939401062204
1.4725353000103496,1786138884.7917597,0.00955180000164546,0.008831400016788393,0.00955180000164546,TELEOP,0,,0.0,1.4725353000103496,275,-0.002187638786511903,0.014627990811828494,0.0,0.01243394726569408,0.013085620270641024,0.025360835472574828,0.9995153783317491,-0.0014868855563205843,0.011714749731137914,0.0,0.009998627013146244,0.010443826716124118,0.02033366368126028,0.99968869957736,-0.016445960294919,-0.22156926488013323,0.27932383609495304,-0.1255627549526231,0.006500186860605028,0.009392188344072553,0.9920199236595978,-0.016418100174893025,-0.22168520991018764,0.27935490571989774,-0.12569751964409762,0.006318470861117671,0.009134504083601558,0.9920064371345811,-0.01641809771465646,-0.22168521100369512,0.27935490586054534,-0.125697519676501,0.00631847086293372,0.009134503913962934,0.9920064371320257,-0.016267609618302273,-0.22231202353981588,0.27951889525416224,-0.12658034636163162,0.005107670563677759,0.0073839214381733334,0.9919157249084104,-0.016267609618302273,-0.22231202353981588,0.27951889525416224,-0.12658034636163162,0.005107670563677759,0.0073839214381733334,0.9919157249084104,-0.017377862752019378,-0.5483960672777694,0.7979405996103885,-0.07587887741244755,0.5028588042851994,-0.060608919987199326,-0.013163068245811635,-0.5437014975726053,0.7956315239107777,-0.05914965366483259,0.5065320704463109,-0.046778103665707414,-0.013163068245811635,-0.5437014975726053,0.7956315239107777,-0.05914965366483259,0.5065320704463109,-0.046778103665707414,-0.05487702908195454,-0.06890671210014931,0.03438617549708267,-0.22747605294750708,-0.05590846057913083,-0.18505291916788225,-0.06189061362370466,0.028351350726507282,-0.020115572326335086,-0.1249047659750587,0.047088543669931544,-0.14091404423607623,0.5,0.0,0.0,0.5,True,False,True,False,1,True,True,0.004572700010612607,4,2.695979287524589e-09,3.4546820559665113e-10,`gtol` termination condition is satisfied.,True,True,0.0,0.00955180000164546,True,0.016729223747614957,0.016672827698897497,False,False,False,False,False,False,1.0,False,False,False,0.0006651564806880302,0.00461224040554722,0.0006651581024531028,0.004612240686197123
1.4828202000062447,1786138884.800481,0.010284899995895103,0.007279999990714714,0.010284899995895103,TELEOP,0,,0.0,1.4828202000062447,278,-0.0022831653493699425,0.014936655948519083,0.0,0.012689057003639558,0.013368515766522295,0.025892165461675134,0.9994948055824323,-0.0015636117841999221,0.012025237692090188,0.0,0.01025805378976349,0.010725841236505131,0.02086964582231041,0.9996720394936867,-0.01646897542825589,-0.22147929216665238,0.2792997262135543,-0.12543357666687802,0.00667500913650986,0.009639540943059076,0.9920327319942569,-0.016440300660352958,-0.22159535337741146,0.2793308269832372,-0.12556810703255494,0.006493293386413216,0.009382140393498176,0.9920193864430753,-0.016440297983639076,-0.2215953545528229,0.2793308271230654,-0.12556810706807392,0.00649329338839836,0.009382140209065831,0.9920193864403107,-0.016285667264214126,-0.22221822510199493,0.2794934949765179,-0.1264426465447524,0.00528953724088628,0.007641626527600863,0.9919303823729511,-0.016285667264214126,-0.22221822510199493,0.2794934949765179,-0.1264426465447524,0.00528953724088628,0.007641626527600863,0.9919303823729511,-0.017989719836203823,-0.5490686584803425,0.7982710977510556,-0.0782985105244321,0.5023368503270881,-0.06261238840211804,-0.01373468729435652,-0.5444077934408057,0.7959833423873073,-0.061504936486019866,0.5059616433237252,-0.04869837911441816,-0.01373468729435652,-0.5444077934408057,0.7959833423873073,-0.061504936486019866,0.5059616433237252,-0.04869837911441816,-0.0555784741488035,-0.06867309049988002,0.034207282197197604,-0.2290039594091644,-0.0554625832835854,-0.18670822754496055,-0.06820144747434753,0.0227150094179375,-0.017393781170110117,-0.14855822246858455,0.043352613610573174,-0.16094550046563197,0.5,0.0,0.0,0.5,True,False,True,False,1,True,True,0.004187299986369908,4,2.926762917108203e-09,3.7570450978340186e-10,`gtol` termination condition is satisfied.,True,True,0.0,0.010284899995895103,True,0.01679357403841223,0.016729223747614957,False,False,False,False,False,False,1.0,False,False,False,0.000662071907697791,0.0045830819570264174,0.0006620736730341907,0.004583082262433566
1.492711800005054,1786138884.810581,0.009891599998809397,0.00748359999852255,0.009891599998809397,TELEOP,0,,0.0,1.492711800005054,279,-0.0023769187773696244,0.015232929293564979,0.0,0.012933638175818414,0.013640312414261715,0.02640201052458346,0.9994746603696556,-0.00163926070942089,0.012323634713682198,0.0,0.010507102238687728,0.010997124843656335,0.021384608112973037,0.9996556219936812,-0.016491667477301648,-0.22139282313250422,0.27927655520024075,-0.12530955073940653,0.006843140501146972,0.009877174488264561,0.9920449230481945,-0.01646221085064647,-0.22150896538474021,0.2793076776980828,-0.12544381584148248,0.00666147877491214,0.009620122934239656,0.992031716732076,-0.016462208249485275,-0.22150896652023486,0.27930767783366606,-0.12544381587567216,0.006661478776855885,0.009620122755135935,0.9920317167294764,-0.016303606428374133,-0.2221283305817771,0.27946916242976666,-0.1263108742742307,0.005463920595605285,0.00788852970728314,0.9919442926449357,-0.016303606428374133,-0.2221283305817771,0.27946916242976666,-0.1263108742742307,0.005463920595605285,0.00788852970728314,0.9919442926449357,-0.018585384502888606,-0.5497148111222725,0.7985880949536972,-0.08064366040939235,0.501838081389542,-0.06455749961272134,-0.014290630125870419,-0.5450842239163505,0.7963196917113247,-0.0637826639298641,0.5054178216049556,-0.050559324900692496,-0.014290630125870419,-0.5450842239163505,0.7963196917113247,-0.0637826639298641,0.5054178216049556,-0.050559324900692496,-0.05620352941696133,-0.06838433374036913,0.03400353067834066,-0.2302688588416834,-0.054978134865445775,-0.18813395067515098,-0.06319051197309451,0.02919211851931322,-0.020598438966544595,-0.12787612041239466,0.04897573882869672,-0.14413473354786405,0.5,0.0,0.0,0.5,True,False,True,False,1,True,True,0.003551900008460507,4,2.8414380996910066e-09,3.647333924329982e-10,`gtol` termination condition is satisfied.,True,True,0.0,0.009891599998809397,True,0.01686099647952824,0.01679357403841223,False,False,False,False,False,False,1.0,False,False,False,0.0006594267610339023,0.004557190171288523,0.0006594284863667237,0.004557190467680823
1.5049280000093859,1786138884.822426,0.012216200004331768,0.007116599997971207,0.012216200004331768,TELEOP,0,,0.0,1.5049280000093859,282,-0.002495243358832977,0.015598015786102336,0.0,0.013234639541021448,0.013975584852523133,0.027030065515614207,0.999449299815889,-0.0017354866925492342,0.012691771073392673,0.0,0.010813940884213486,0.011332190290756551,0.02201970194577664,0.9996348197576884,-0.016520532029399067,-0.22128614511789613,0.2792479687951366,-0.12515672439854106,0.007050742804683186,0.010170215422642612,0.9920598006581998,-0.01649011739168675,-0.22140234643336976,0.27927910713441834,-0.1252906101837194,0.006869220405722856,0.00991369518153002,0.9920467708019903,-0.016490114142903658,-0.22140234782450033,0.27927910727144517,-0.12529061022747004,0.006869220408155953,0.009913694958025448,0.9920467707986814,-0.016326750498357783,-0.22201734168336362,0.2794391810685029,-0.12614874100297038,0.005679300056165719,0.008193525532078002,0.9919612426065814,-0.016326750498357783,-0.22201734168336362,0.2794391810685029,-0.12614874100297038,0.005679300056165719,0.008193525532078002,0.9919612426065814,-0.019331713881269044,-0.5505115959216808,0.7989783096742347,-0.08356582978809109,0.5012268620384127,-0.06698599712671012,-0.01498992739042946,-0.545918609201052,0.7967336477470348,-0.06662742555856754,0.5047510313413998,-0.052889691489409064,-0.01498992739042946,-0.545918609201052,0.7967336477470348,-0.06662742555856754,0.5047510313413998,-0.052889691489409064,-0.057243436118521014,-0.06830154093790039,0.03388582665340542,-0.23286796448115668,-0.05458246126613999,-0.19076035001802824,-0.08512521906901861,0.0067772959217582765,-0.009635076774570147,-0.21275892982692313,0.032389253545741285,-0.2149931518758665,0.5,0.0,0.0,0.5,True,False,True,False,1,True,True,0.0038493999745696783,4,3.5367516463812593e-09,4.555668173603182e-10,`gtol` termination condition is satisfied.,True,True,0.0,0.012216200004331768,True,0.016938404229523543,0.01686099647952824,False,False,False,False,False,False,1.0,False,False,False,0.0006561468946077223,0.0045248641884092985,0.0006561490407859234,0.00452486455915871
1.512891699996544,1786138884.8298562,0.00796369998715818,0.0065858000016305596,0.00796369998715818,TELEOP,0,,0.0,1.512891699996544,283,-0.0025738861498978416,0.015835520991655066,0.0,0.013430224993802555,0.014193900503582046,0.027438520073535734,0.9994324838933766,-0.001799429825423732,0.01293156868838456,0.0,0.011013628738480198,0.011550609512323052,0.02243329258432655,0.9996209435509698,-0.016539712856930996,-0.22121665690727293,0.2792293481003224,-0.12505725402272305,0.007186047675549308,0.01036104020586533,0.99206939917576,-0.01650867137732548,-0.2213328787757221,0.2792604919566099,-0.1251908678844902,0.007004648056725055,0.010104912587863212,0.992056486418753,-0.01650866923779965,-0.2213328797065129,0.27926049208182935,-0.1251908679113998,0.0070046480583551346,0.010104912440749483,0.9920564864168441,-0.016342157925163376,-0.22194541380542374,0.2794197235164597,-0.1260435898192136,0.005818988251978669,0.008390936312273934,0.9919721493212461,-0.016342157925163376,-0.22194541380542374,0.2794197235164597,-0.1260435898192136,0.005818988251978669,0.008390936312273934,0.9919721493212461,-0.019823064914796414,-0.5510303736810632,0.7992319584974482,-0.0854833003674572,0.5008310335281396,-0.06858189384183513,-0.015448310600594407,-0.5464590504978168,0.7970013979961457,-0.06848416003821668,0.5043207785492642,-0.05441312437148688,-0.015448310600594407,-0.5464590504978168,0.7970013979961457,-0.06848416003821668,0.5043207785492642,-0.05441312437148688,-0.057559075668861384,-0.06786309097987196,0.03362133801406461,-0.2331497272176504,-0.054026745461199704,-0.19129712125449544,-0.03963478670082386,0.05505606172199369,-0.03321177841547375,-0.035380882874550684,0.0697811075048539,-0.06740224234122044,0.5,0.0,0.0,0.5,True,False,True,False,1,True,True,0.003497199999401346,4,2.33658344579574e-09,2.991513183776126e-10,`gtol` termination condition is satisfied.,True,True,0.0,0.00796369998715818,True,0.01699914032924052,0.016938404229523543,False,False,False,False,False,False,1.0,False,False,False,0.0006544300492327607,0.004506773964525413,0.0006544314952802316,0.004506774207115218
1.5228839000046719,1786138884.8403606,0.009992200008127838,0.007096599991200492,0.009992200008127838,TELEOP,0,,0.0,1.5228839000046719,286,-0.002674240092674263,0.01613296157542563,0.0,0.013674911829040836,0.014467537541111882,0.027949912148230047,0.9994110713589632,-0.001881549529823278,0.013232124446132986,0.0,0.011263630843929935,0.011824625994480273,0.022951525477082516,0.9996031894299745,-0.01656434612071349,-0.22112956227420477,0.2792060094189303,-0.12493270668310515,0.007355754104145454,0.010600126387446717,0.9920813217690185,-0.016532520412835778,-0.2212457853798761,0.2792371536186717,-0.1250659471197474,0.007174553239880686,0.0103445535631234,0.9920685585524966,-0.01653251770528836,-0.22124578653383828,0.2792371537446837,-0.1250659471550216,0.007174553241941564,0.010344553377080828,0.9920685585499748,-0.01636206127857154,-0.22185552714408482,0.2793954454165059,-0.12591253271902494,0.005993610692993338,0.008637734539179025,0.9919856351163419,-0.01636206127857154,-0.22185552714408482,0.2793954454165059,-0.12591253271902494,0.005993610692993338,0.008637734539179025,0.9919856351163419,-0.02044666666729579,-0.5516802985493854,0.799549279171596,-0.0879061301673135,0.5003377976052452,-0.07060158558051799,-0.01602959327493713,-0.5471339102762639,0.7973351365566256,-0.07082585110744642,0.5037862235936434,-0.056338405216940904,-0.01602959327493713,-0.5471339102762639,0.7973351365566256,-0.07082585110744642,0.5037862235936434,-0.056338405216940904,-0.05817364282839595,-0.06753865794300759,0.03339990794904139,-0.23435190121544464,-0.05349722335280556,-0.19267837352014194,-0.06150468956132374,0.03246862919081533,-0.02216029151169037,-0.12031124245074702,0.052993545762036395,-0.1382330482299174,0.5,0.0,0.0,0.5,True,False,True,False,1,True,True,0.0035331000108271837,4,2.945898973418275e-09,3.7877017646216114e-10,`gtol` termination condition is satisfied.,True,True,0.0,0.009992200008127838,True,0.017080279059867073,0.01699914032924052,False,False,False,False,False,False,1.0,False,False,False,0.0006526065112770159,0.004486174928365425,0.0006526083272040483,0.004486175236136966
1.5327697999891825,1786138884.850675,0.009885899984510615,0.007521399995312095,0.009885899984510615,TELEOP,0,,0.0,1.5327697999891825,287,-0.0027753622186872332,0.016426612140785654,0.0,0.01391620201108776,0.014737936938309755,0.028454637595014504,0.9993895467412722,-0.0019646434916193584,0.013529138113432839,0.0,0.011510410875642639,0.012095662705384229,0.023463502710091615,0.9995852487035636,-0.016589271692916213,-0.22104349404891316,0.27918294577437863,-0.12480974929800784,0.007523576793096741,0.010836308294306554,0.9920929879275217,-0.016556672112249423,-0.2211596960544463,0.27921408433178735,-0.1249425907785601,0.007342613644150552,0.010581341317367798,0.992080374894262,-0.016556669407604516,-0.22115969719917533,0.2792140844543063,-0.12494259081362877,0.007342613646221938,0.010581341131649791,0.992080374891811,-0.01638231029551431,-0.22176696615186461,0.2793715417630118,-0.12578362906866555,0.006165746108985753,0.00888087295243477,0.9919987864553256,-0.01638231029551431,-0.22176696615186461,0.2793715417630118,-0.12578362906866555,0.006165746108985753,0.00888087295243477,0.9919987864553256,-0.02107069615307604,-0.5523222242191295,0.7998621965275639,-0.09032035294673282,0.49985351091977737,-0.07261737141963612,-0.016610604991168187,-0.5477983109218424,0.7976631115159512,-0.07315402767661264,0.5032626552433367,-0.05825640866738858,-0.016610604991168187,-0.5477983109218424,0.7976631115159512,-0.07315402767661264,0.5032626552433367,-0.05825640866738858,-0.05877175746683604,-0.06720689533775746,0.03317603453802097,-0.23550476666909773,-0.05296112150912875,-0.1940140456056434,-0.06050178935425553,0.03355917071485061,-0.022645728903912272,-0.1166171471954424,0.05422893661849466,-0.13510880016935276,0.5,0.0,0.0,0.5,True,False,True,False,1,True,True,0.004000700020696968,4,2.939476063199936e-09,3.780544298346766e-10,`gtol` termination condition is satisfied.,True,True,0.0,0.009885899984510615,True,0.017166325270120186,0.017080279059867073,False,False,False,False,False,False,1.0,False,False,False,0.0006511293918523508,0.004467936133672807,0.0006511312133521398,0.004467936440807169
1.543042700010119,1786138884.8611414,0.010272900020936504,0.007717899978160858,0.010272900020936504,TELEOP,0,,0.0,1.543042700010119,290,-0.0028823733171659317,0.016731086509162604,0.0,0.014166093202051701,0.015018564132472512,0.02897780878791017,0.9993668251111005,-0.00205297943172096,0.013837377837231947,0.0,0.011766221351575082,0.01237721210166989,0.02399467126241291,0.9995662141182569,-0.01661576975972209,-0.2209541727364237,0.27915901039265123,-0.12468227644651934,0.0076978676574970695,0.011081323781416838,0.9921049727911321,-0.016582368856497606,-0.22107033073507876,0.2791901371699418,-0.12481467428992259,0.007517192652510103,0.010827042827762978,0.9920925178833533,-0.01658236601893708,-0.22107033192460948,0.2791901372893439,-0.12481467432680371,0.0075171926546940115,0.010827042633054115,0.9920925178808215,-0.01640396798738208,-0.22167527426346523,0.2793468173347532,-0.12565044431684633,0.006344056065611692,0.009132629347568911,0.9920122549025367,-0.01640396798738208,-0.22167527426346523,0.2793468173347532,-0.12565044431684633,0.006344056065611692,0.009132629347568911,0.9920122549025367,-0.021726705601993287,-0.5529880274868496,0.8001862315198817,-0.09284723276036157,0.4993543284567813,-0.07473070330035442,-0.017221193948069903,-0.548485639831102,0.7980017660980887,-0.07558740719295877,0.5027240087588868,-0.060265212825074896,-0.017221193948069903,-0.548485639831102,0.7980017660980887,-0.07558740719295877,0.5027240087588868,-0.060265212825074896,-0.059436863559200984,-0.06690699878893419,0.03296582089258113,-0.23687366871933235,-0.05243373179454057,-0.1955440190785768,-0.06474375210597143,0.029192978439590393,-0.02046293111111954,-0.13325371097204877,0.051337958464829116,-0.14893296633037012,0.5,0.0,0.0,0.5,True,False,True,False,1,True,True,0.0036542000016197562,4,3.0791216195322163e-09,3.963984750552747e-10,`gtol` termination condition is satisfied.,True,True,0.0,0.010272900020936504,True,0.017259825567402798,0.017166325270120186,False,False,False,False,False,False,1.0,False,False,False,0.0006498690080565631,0.004450726459505569,0.0006498709230940989,0.004450726781594931
1.5530538999882992,1786138884.8697815,0.01001119997818023,0.0063476999930571765,0.01001119997818023,TELEOP,0,,0.0,1.5530538999882992,292,-0.0029885470254114367,0.017027133910850884,0.0,0.0144087820103853,0.015291678895305147,0.029486345380407567,0.9993443385508558,-0.0021409540725926997,0.014137357098681875,0.0,0.012014894064920536,0.012651470812620328,0.024511453023073976,0.9995472831625245,-0.01664215950952351,-0.22086724511535605,0.27913571643791557,-0.1245583446607957,0.007867606378412426,0.011319684511845311,0.9921165174956967,-0.016607979721766065,-0.22098334057555621,0.2791668264689342,-0.12469028398664095,0.007687249201033733,0.011066122929796808,0.9921042184177804,-0.016607976929975586,-0.22098334173877585,0.2791668265845547,-0.1246902840226857,0.007687249203196126,0.011066122738357725,0.9921042184153688,-0.016425646556882924,-0.22158627015436627,0.2793228333835752,-0.1255213803545087,0.006517235810229683,0.00937698925922765,0.9920251916074133,-0.016425646556882924,-0.22158627015436627,0.2793228333835752,-0.1255213803545087,0.006517235810229683,0.00937698925922765,0.9920251916074133,-0.022373188589508663,-0.5536355931601171,0.8005008790860508,-0.09532703287026893,0.49887191414216425,-0.07680800289420521,-0.01782244601640983,-0.5491522863530102,0.7983296300497681,-0.07797116408143316,0.5022044493684753,-0.06223692566755283,-0.01782244601640983,-0.5491522863530102,0.7983296300497681,-0.07797116408143316,0.5022044493684753,-0.06223692566755283,-0.06005794206991949,-0.06659007145608964,0.03274971555797429,-0.23810900727883505,-0.05189781360314804,-0.19695069989365488,-0.062038368234793896,0.0316572772030628,-0.021586356788181812,-0.12339565308805839,0.0535318635688611,-0.14051070981940145,0.5,0.0,0.0,0.5,True,False,True,False,1,True,True,0.003402400005143136,4,3.0266387454227715e-09,3.8965953502761343e-10,`gtol` termination condition is satisfied.,True,True,0.0,0.01001119997818023,True,0.01735586878883577,0.017259825567402798,False,False,False,False,False,False,1.0,False,False,False,0.0006489261596045533,0.004435796034816133,0.0006489280525884094,0.00443579635131732
1.562838699988788,1786138884.880609,0.009784800000488758,0.007390099985059351,0.009784800000488758,TELEOP,0,,0.0,1.562838699988788,293,-0.00309411715023179,0.017315835356222938,0.0,0.01464517693142232,0.015558258138751717,0.0299821161717715,0.9993220362356661,-0.0022287431158123077,0.014430138503866922,0.0,0.01225733025881367,0.012919391551804835,0.025015689424191048,0.9995284200359137,-0.016668493643433528,-0.22078240326602888,0.2791129813976958,-0.1244375059598882,0.00803338547902488,0.011552241238368352,0.9921276720012393,-0.01663355424023217,-0.2208984200351015,0.27914407035379984,-0.12456897352594765,0.007853372495757512,0.011299428668277163,0.992115526683715,-0.01663355148636678,-0.22089842117570063,0.2791440704658553,-0.12456897356128598,0.007853372497903442,0.011299428479562506,0.9921155266814102,-0.01644737145434322,-0.22149963398682032,0.27929950206597604,-0.12539595251200758,0.006685902290351474,0.009614834105031623,0.9920376549150254,-0.01644737145434322,-0.22149963398682032,0.27929950206597604,-0.12539595251200758,0.006685902290351474,0.009614834105031623,0.9920376549150254,-0.023011890222129273,-0.5542672257161879,0.8008072986899124,-0.09776711083384138,0.4984043834855602,-0.07885520903665548,-0.018415857606702737,-0.5498006814355976,0.7986479505674076,-0.08031219140228434,0.501701901866789,-0.06417694756999706,-0.018415857606702737,-0.5498006814355976,0.7986479505674076,-0.08031219140228434,0.501701901866789,-0.06417694756999706,-0.060646266685396334,-0.06626554273515749,0.03253214349026823,-0.2392514226897059,-0.051360017748061954,-0.19826893777566462,-0.06012638126966924,0.033166617704596946,-0.022235719452129432,-0.11675408907834521,0.05496237583386713,-0.1347230277516029,0.5,0.0,0.0,0.5,True,False,True,False,1,True,True,0.0044584000133909285,4,2.9828337895941292e-09,3.8404132933098897e-10,`gtol` termination condition is satisfied.,True,True,0.0,0.009784800000488758,True,0.01745491943155704,0.01735586878883577,False,False,False,False,False,False,1.0,False,False,False,0.0006482891568542681,0.004423032933402099,0.0006482910323710841,0.004423033245229908
1.5731892999901902,1786138884.8902516,0.0103506000014022,0.0066821999789681286,0.0103506000014022,TELEOP,0,,0.0,1.5731892999901902,296,-0.0032077213803834107,0.017620518198514266,0.0,0.014894366261343016,0.015839852402247022,0.03050517287630786,0.9992980993464036,-0.002323618457933122,0.014739362451882183,0.0,0.01251308117908576,0.013202628903743924,0.025548081778889353,0.9995080834624875,-0.016696953522174315,-0.22069279670019984,0.2790889695482551,-0.124310014541179,0.008208600665733517,0.011797764020265925,0.9921393309026735,-0.016661213565884795,-0.22080871235060415,0.2791200314202726,-0.12444095931197884,0.008028986455432839,0.011545790464289963,0.9921273495598071,-0.01666121062606032,-0.2208087135559021,0.2791200315286104,-0.12444095934990192,0.008028986457733174,0.011545790262971749,0.9921273495573747,-0.016470977019211047,-0.22140828497396195,0.2792749274802004,-0.12526398605664096,0.006863838448497246,0.009865662136069922,0.9920506490243185,-0.016470977019211047,-0.22140828497396195,0.2792749274802004,-0.12526398605664096,0.006863838448497246,0.009865662136069922,0.9920506490243185,-0.02369509089802066,-0.5549338797650276,0.8011301884371737,-0.10036611485899946,0.4979142753533556,-0.08103924259145369,-0.019050739667573188,-0.5504837565158761,0.7989826634075402,-0.0828038841975614,0.5011756712807685,-0.06624590292598509,-0.019050739667573188,-0.5504837565158761,0.7989826634075402,-0.0828038841975614,0.5011756712807685,-0.06624590292598509,-0.06133770610249097,-0.06599376656290769,0.03233753019992488,-0.2407293098892358,-0.050840587593881666,-0.1998874805042941,-0.06680186820097112,0.02625704521602417,-0.018802126477401176,-0.1427827564904144,0.050183579126806405,-0.15637187490679036,0.5,0.0,0.0,0.5,True,False,True,False,1,True,True,0.0035466999979689717,4,3.1791584046283865e-09,4.097725775707557e-10,`gtol` termination condition is satisfied.,True,True,0.0,0.0103506000014022,True,0.017562230661438055,0.01745491943155704,False,False,False,False,False,False,1.0,False,False,False,0.0006478174637566915,0.0044107406676312,0.0006478194684876853,0.004410741000417717
1.5824151000124402,1786138884.9008136,0.009225800022250041,0.008017699990887195,0.009225800022250041,TELEOP,0,,0.0,1.5824151000124402,297,-0.003310648550384765,0.017891463361455702,0.0,0.01511571104570829,0.01609048810121358,0.030970174634869257,0.999276468128482,-0.002409786781596588,0.015014574819299683,0.0,0.012740461984308386,0.013454927782546974,0.02602178626079904,0.9994896258524099,-0.016722801594979218,-0.2206130459589839,0.27906759875383347,-0.12419665159301822,0.008364644192031978,0.012016206435290007,0.9921496032572545,-0.016686348683946743,-0.22072885758131788,0.2790986327608151,-0.12432711124461453,0.008185412659812435,0.011765017914244261,0.9921377690535904,-0.016686346039870972,-0.22072885866461864,0.2790986328661018,-0.12432711127807171,0.008185412661897894,0.011765017733288993,0.9921377690515264,-0.016492471986024264,-0.2213272216836596,0.27925312203988795,-0.125146990578764,0.007021839456377169,0.010088179848730823,0.9920620712168505,-0.016492471986024264,-0.2213272216836596,0.27925312203988795,-0.125146990578764,0.007021839456377169,0.010088179848730823,0.9920620712168505,-0.024310146343611786,-0.555526814384325,0.8014169211201443,-0.10269727617974855,0.49748125158306833,-0.08300106824645458,-0.01962131561334806,-0.551089457281387,0.7992789715999413,-0.08503325033991038,0.5007115845210518,-0.06810018771666426,-0.01962131561334806,-0.551089457281387,0.7992789715999413,-0.08503325033991038,0.5007115845210518,-0.06810018771666426,-0.06184568757167983,-0.0656529259305623,0.032117343936185316,-0.2416447502625644,-0.05030314537464037,-0.20098905094486735,-0.05506096684989381,0.03694429009119902,-0.023866359904673156,-0.0992261236012943,0.058254267157876405,-0.11940107501968097,0.5,0.0,0.0,0.5,True,False,True,False,1,True,True,0.004640099999960512,4,2.8593290298835726e-09,3.680912986103485e-10,`gtol` termination condition is satisfied.,True,True,0.0,0.009225800022250041,True,0.01766402583983817,0.017562230661438055,False,False,False,False,False,False,1.0,False,False,False,0.0006476822956727187,0.004401646092374758,0.0006476841130651374,0.004401646390984347
1.5923775999981444,1786138884.910644,0.009962499985704198,0.007884199992986396,0.009962499985704198,TELEOP,0,,0.0,1.5923775999981444,299,-0.0034235563496411493,0.018183368689133114,0.0,0.015353913559752347,0.016360746965490666,0.03147100444084319,0.9992528004347124,-0.0025046950852448593,0.015311268809102763,0.0,0.012985313005522857,0.013727169001944789,0.026532315683561365,0.9994693505564884,-0.016751271472551652,-0.22052707028170043,0.27904455985502175,-0.12407456384352508,0.008532983847493297,0.012251612124405453,0.9921605660345763,-0.016714051209978986,-0.22064275502718012,0.27907555987512167,-0.12420448007249286,0.008354194630251844,0.012001310041159547,0.9921488916081586,-0.016714048330661153,-0.22064275619409673,0.2790755599763912,-0.1242044801092582,0.008354194632529923,0.012001309844235164,0.9921488916059189,-0.01651624516550759,-0.22123997635463932,0.2792296775580971,-0.12502133400379925,0.007191979306299133,0.010327715931467677,0.9920742309732711,-0.01651624516550759,-0.22123997635463932,0.2792296775580971,-0.12502133400379925,0.007191979306299133,0.010327715931467677,0.9920742309732711,-0.024981269609575443,-0.5561655823483767,0.8017253456073947,-0.10523075221256929,0.49701795446575836,-0.08513635366152465,-0.02024384722090998,-0.5517407934508766,0.7995970329410143,-0.08745406490488927,0.5002155667259962,-0.07011738296993743,-0.02024384722090998,-0.5517407934508766,0.7995970329410143,-0.08745406490488927,0.5002155667259962,-0.07011738296993743,-0.06248748892900676,-0.06537878749552223,0.03192585611335303,-0.24299267939298963,-0.04978848640073397,-0.20247882119626276,-0.0644217172645306,0.027517032414900097,-0.019220860537722678,-0.13530028932089952,0.05165962104340463,-0.14953779207359413,0.5,0.0,0.0,0.5,True,False,True,False,1,True,True,0.00422699999762699,4,3.1084435170945335e-09,4.007049237572707e-10,`gtol` termination condition is satisfied.,True,True,0.0,0.009962499985704198,True,0.01777668730768002,0.01766402583983817,False,False,False,False,False,False,1.0,False,False,False,0.0006477269805204549,0.004392943197498469,0.0006477289598337151,0.0043929435226775036
1.6024168999865651,1786138884.9204817,0.01003929998842068,0.00767910000286065,0.01003929998842068,TELEOP,0,,0.0,1.6024168999865651,301,-0.0035391806839157438,0.018476803524370013,0.0,0.015593086521442458,0.016632666399057514,0.03197430737845879,0.9992286293580966,-0.0026022191131694974,0.015609727051224527,0.0,0.01323133821669048,0.014001280960091157,0.027045728491979282,0.9994485601524525,-0.0167805260518657,-0.22044058334609085,0.27902138394498144,-0.1239518750490874,0.008702442033421028,0.01248832925741113,0.99217147802526,-0.016742535033351217,-0.22055612642767433,0.27905234601584283,-0.12408122503830661,0.008524126490745146,0.012238957433821017,0.9921599653188472,-0.016742532106253764,-0.22055612760540108,0.2790523461132268,-0.12408122507563578,0.00852412649307245,0.01223895723376115,0.9921599653166266,-0.016540775784145312,-0.22115232704397939,0.2792061411133367,-0.12489531425058793,0.007363009300361049,0.010568369492579327,0.9920863148630557,-0.016540775784145312,-0.22115232704397939,0.2792061411133367,-0.12489531425058793,0.007363009300361049,0.010568369492579327,0.9920863148630557,-0.025664651047410524,-0.556807666955553,0.802034876079448,-0.10780027157382065,0.49655564461531193,-0.08730530104148566,-0.02087782047108778,-0.5523945770149457,0.7999157158648498,-0.08990782152249806,0.49972081426574055,-0.07216571306615482,-0.02087782047108778,-0.5523945770149457,0.7999157158648498,-0.08990782152249806,0.49972081426574055,-0.07216571306615482,-0.06314914893558558,-0.06512242535069196,0.03174354030690319,-0.24441511065900517,-0.04928156951443764,-0.204031167370229,-0.06590698627812536,0.025535858588342925,-0.018160211036637956,-0.14168629960815693,0.05049325021475627,-0.15462693372612737,0.5,0.0,0.0,0.5,True,False,True,False,1,True,True,0.003961600014008582,4,3.156647499962198e-09,4.070762296382481e-10,`gtol` termination condition is satisfied.,True,True,0.0,0.01003929998842068,True,0.01789245005132259,0.01777668730768002,False,False,False,False,False,False,1.0,False,False,False,0.0006479292292608886,0.0043850765266142165,0.0006479312475377321,0.004385076856887491
1.6124342000111938,1786138884.9291065,0.01001730002462864,0.006291600002441555,0.01001730002462864,TELEOP,0,,0.0,1.6124342000111938,303,-0.003656394210689673,0.018768862577284808,0.0,0.01583086141975681,0.01690355404504759,0.03247509982422374,0.9992041941358941,-0.0027014021387228786,0.015906990646055275,0.0,0.013476098602333127,0.01427454555598152,0.027556934584884722,0.999427459834837,-0.016810278340991462,-0.22035444257909684,0.27899830078842247,-0.12382980143839613,0.008871338516518638,0.012724011072175731,0.9921822308280309,-0.016771520559895444,-0.22046983137137843,0.27902922152681875,-0.12395856888522098,0.008693522131285615,0.012475602399104982,0.9921708800492284,-0.016771517613687257,-0.22046983254897276,0.27902922162036514,-0.12395856892270009,0.00869352213364001,0.012475602197870918,0.9921708800470556,-0.016565822237995183,-0.2210651248209527,0.27918273886167244,-0.12477014019769996,0.0075332725275372514,0.010807793203501318,0.9920982076015169,-0.016565822237995183,-0.2210651248209527,0.27918273886167244,-0.12477014019769996,0.0075332725275372514,0.010807793203501318,0.9920982076015169,-0.02635356844300384,-0.5574466841495731,0.8023424344062317,-0.11038048548432831,0.49609899860021567,-0.08948653795483023,-0.021517049500574828,-0.5530444554979713,0.8002319323821506,-0.09237061725371214,0.49923217444375023,-0.07422520743281007,-0.021517049500574828,-0.5530444554979713,0.8002319323821506,-0.09237061725371214,0.49923217444375023,-0.07422520743281007,-0.06381250715416643,-0.06487561333172025,0.031567040671981336,-0.24585424467261938,-0.048779593382344784,-0.2055937589561809,-0.06622125891706417,0.02463857709811071,-0.017619481745371427,-0.1436648607984127,0.05011092119220715,-0.15598929672767034,0.5,0.0,0.0,0.5,True,False,True,False,1,True,True,0.003371099999640137,4,3.1742120297774778e-09,4.0943910790421126e-10,`gtol` termination condition is satisfied.,True,True,0.0,0.01001730002462864,True,0.018009868230616177,0.01789245005132259,False,False,False,False,False,False,1.0,False,False,False,0.0006482677070768994,0.004377989091932664,0.0006482697454294701,0.00437798942401523
1.6226419000013266,1786138884.940842,0.010207699990132824,0.007819699996616691,0.010207699990132824,TELEOP,0,,0.0,1.6226419000013266,306,-0.0037777241741234814,0.019065707893403568,0.0,0.01607224985484357,0.01717912924915495,0.03298394483390773,0.9991789728001877,-0.002804409565364408,0.01620932351508066,0.0,0.013724743069983834,0.014552728359770534,0.028076701293655356,0.9994055975275586,-0.016841177905789022,-0.2202668328268423,0.27897482397789586,-0.12370577466604377,0.009043235712648576,0.012963621137383089,0.9921930486196353,-0.016801641394602076,-0.2203820518913075,0.27900569924702856,-0.12383393158057508,0.008865953988186995,0.01271622783693564,0.9921818632684111,-0.016801638366412328,-0.2203820530924534,0.2790056993362097,-0.12383393161911636,0.00886595399061789,0.012716227630239652,0.9921818632662281,-0.016591944058457264,-0.22097648716681625,0.2791589673119736,-0.12464312452123764,0.007706447212905875,0.011051165453827625,0.9921101621912005,-0.016591944058457264,-0.22097648716681625,0.2791589673119736,-0.12464312452123764,0.007706447212905875,0.011051165453827625,0.9921101621912005,-0.02706284217633652,-0.5580960694170316,0.8026544788087934,-0.1130264619698712,0.4956385725508051,-0.0917267266883995,-0.02217560487861496,-0.5537044324601754,0.800552485322401,-0.09489630100129783,0.49873927394039996,-0.07634100711225345,-0.02217560487861496,-0.5537044324601754,0.800552485322401,-0.09489630100129783,0.49873927394039996,-0.07634100711225345,-0.06451554989632526,-0.06465481576085487,0.03140305265242899,-0.24742926908384083,-0.04828712675986753,-0.20727486911729331,-0.0688737661606837,0.02163049179333392,-0.016065129236837554,-0.1542976784921126,0.04824462150663658,-0.16469039673358726,0.5,0.0,0.0,0.5,True,False,True,False,1,True,True,0.0033759000070858747,4,3.2589320201580493e-09,4.205678810346602e-10,`gtol` termination condition is satisfied.,True,True,0.0,0.010207699990132824,True,0.01813016096857338,0.018009868230616177,False,False,False,False,False,False,1.0,False,False,False,0.0006487022768166694,0.004371189365555045,0.0006487043774227204,0.004371189706594669
1.6326257000037003,1786138884.950678,0.009983800002373755,0.007670999999390915,0.009983800002373755,TELEOP,0,,0.0,1.6326257000037003,307,-0.003898232134626473,0.01935528350831402,0.0,0.0163074514541955,0.01744819652393296,0.03348017797957521,0.9991539947113194,-0.002907011187106522,0.016504450197835474,0.0,0.013967183988418435,0.014824526719145357,0.028583928804873097,0.9993838652855394,-0.0168719557925944,-0.22018131126179163,0.2789519067301489,-0.12358482671564854,0.009211150615350522,0.013197433207438611,0.9922034937787408,-0.016831659603894336,-0.22029635288225213,0.2789827344620605,-0.12371237082108504,0.009034415912984315,0.01295106439940989,0.992192470524676,-0.016831656616622313,-0.2202963540607862,0.2789827345477328,-0.12371237085891722,0.009034415915395206,0.012951064195638445,0.9921924705225967,-0.01661805406523846,-0.2208900248538222,0.27913578795387456,-0.1245193951244958,0.00787548420457756,0.011288537743566862,0.9921216991387626,-0.01661805406523846,-0.2208900248538222,0.27913578795387456,-0.1245193951244958,0.00787548420457756,0.011288537743566862,0.9921216991387626,-0.0277635122625079,-0.5587294491352742,0.8029583418447236,-0.11563040511117319,0.49519308537697543,-0.09393455521821406,-0.022826360258990753,-0.55434763803026,0.8008643501934061,-0.09738122159198874,0.49826211861221154,-0.0784261523851325,-0.022826360258990753,-0.55434763803026,0.8008643501934061,-0.09738122159198874,0.49826211861221154,-0.0784261523851325,-0.0651811314550641,-0.06442492537226796,0.031237091180804977,-0.2488952693463509,-0.04779295739848514,-0.20885286888592333,-0.06666615502920643,0.02302634152649783,-0.016623076542453957,-0.1468379036200146,0.04949712146326054,-0.15805602759017962,0.5,0.0,0.0,0.5,True,False,True,False,1,True,True,0.0039200000173877925,4,3.212487580337114e-09,4.145562010010116e-10,`gtol` termination condition is satisfied.,True,True,0.0,0.009983800002373755,True,0.018249183519184448,0.01813016096857338,False,False,False,False,False,False,1.0,False,False,False,0.0006492275453130904,0.004365050084029999,0.0006492296260406075,0.004365050420026414
1.6425032000115607,1786138884.9604867,0.009877500007860363,0.007602199999382719,0.009877500007860363,TELEOP,0,,0.0,1.6425032000115607,309,-0.004019242290171138,0.019641026460702444,0.0,0.016539273338673745,0.01771393548451564,0.033969697434426224,0.9991289849580446,-0.0030103320291387727,0.016795854700955497,0.0,0.014206296611434677,0.015093137129099833,0.02908461207283635,0.9993620283404623,-0.0169029494782745,-0.2200968682920302,0.27892927850482846,-0.12346552402108169,0.009377059833744749,0.013428211613725574,0.9922136958639157,-0.01686190354328606,-0.22021172375492218,0.27896005636443855,-0.12359244725104535,0.009200888994279012,0.013182885741116838,0.9922028331685762,-0.016861900563159445,-0.22021172492387509,0.27896005644644584,-0.12359244728866482,0.00920088899669602,0.01318288553796209,0.9922028331665669,-0.016644429416507924,-0.2208047089373873,0.27911292406147,-0.12439746882001719,0.008042390330806611,0.011522735603193305,0.9921329630010076,-0.016644429416507924,-0.2208047089373873,0.27911292406147,-0.12439746882001719,0.008042390330806611,0.011522735603193305,0.9921329630010076,-0.028463500678520607,-0.5593543125002324,0.8032576448176205,-0.11822211564013631,0.4947571534458093,-0.09613514931789313,-0.02347662998552949,-0.5549817494133503,0.8011712836313604,-0.09985385094151648,0.497794898623049,-0.08050435283043339,-0.02347662998552949,-0.5549817494133503,0.8011712836313604,-0.09985385094151648,0.497794898623049,-0.08050435283043339,-0.06583343214591358,-0.06419755834833485,0.031074000274363647,-0.2503294707729752,-0.047301441537915136,-0.210397412669916,-0.06603904736323836,0.02301868122016465,-0.016511354726554683,-0.14519882819367147,0.049761160230712365,-0.15636990966980782,0.5,0.0,0.0,0.5,True,False,True,False,1,True,True,0.004038000013679266,4,3.202238393766743e-09,4.132648322146737e-10,`gtol` termination condition is satisfied.,True,True,0.0,0.009877500007860363,True,0.018368264698619824,0.018249183519184448,False,False,False,False,False,False,1.0,False,False,False,0.0006498401708344492,0.0043594313169877125,0.0006498422541177162,0.004359431651795055
1.6527301000023726,1786138884.970414,0.010226899990811944,0.007304200000362471,0.010226899990811944,TELEOP,0,,0.0,1.6527301000023726,312,-0.004146399038419052,0.019936079826688668,0.0,0.01677837044182015,0.017988575573514097,0.034475014666294906,0.9991027828996933,-0.003119242468554038,0.01709692866194652,0.0,0.014453054856425172,0.015370916435265454,0.029601752320428745,0.9993390717833549,-0.01693561995799265,-0.22000962329837997,0.278905899409893,-0.12334239075235956,0.009548593732086785,0.013666557315994827,0.9922241199509113,-0.016893800395480215,-0.2201242755465909,0.2789366228268567,-0.12346865693060549,0.009373029472403437,0.01342234023820986,0.9922134235419272,-0.01689379728455485,-0.22012427675704352,0.2789366229036532,-0.12346865696999572,0.009373029474936352,0.013422340026278038,0.9922134235398685,-0.016672337497788205,-0.22071655214625444,0.2790893119388072,-0.12427168572788123,0.008214967346364328,0.011764728829789359,0.9921444721377076,-0.016672337497788205,-0.22071655214625444,0.2790893119388072,-0.12427168572788123,0.008214967346364328,0.011764728829789359,0.9921444721377076,-0.029195459121094353,-0.5599993367615628,0.8035661111435932,-0.12092179403643744,0.4943109857076696,-0.09843073429818189,-0.02415729107030396,-0.5556363595021715,0.8014875856809597,-0.10243096710423741,0.4973160574508224,-0.08267395400953731,-0.02415729107030396,-0.5556363595021715,0.8014875856809597,-0.10243096710423741,0.4973160574508224,-0.08267395400953731,-0.06655595394361834,-0.06400865261313379,0.03092843871392927,-0.2519938754692292,-0.046821732162903126,-0.2121465137092508,-0.07064915060809011,0.01847145619599047,-0.014233204643161919,-0.1627477239192092,0.046906626195913986,-0.1710294459617529,0.5,0.0,0.0,0.5,True,False,True,False,1,True,True,0.003696900006616488,4,3.3390043249367305e-09,4.3117207607016906e-10,`gtol` termination condition is satisfied.,True,True,0.0,0.010226899990811944,True,0.018490826932200027,0.018368264698619824,False,False,False,False,False,False,1.0,False,False,False,0.0006504986666211849,0.004353570546225151,0.0006505008458652301,0.004353570895493437
1.662516799988225,1786138884.981267,0.009786699985852465,0.008367800008272752,0.009786699985852465,TELEOP,0,,0.0,1.662516799988225,313,-0.004269855419989499,0.02021766249325911,0.0,0.017006287637337268,0.018250906448099534,0.03495711695318227,0.999077419707272,-0.0032252369603497436,0.017384441554029868,0.0,0.014688434150793636,0.01563641736637612,0.03009545529898782,0.9993167745637461,-0.016967415772881626,-0.21992630800676377,0.27888357335056957,-0.12322492054708735,0.009712510438131466,0.013894084560681029,0.9922339646027917,-0.016924857481194114,-0.22004075638157383,0.27891424214784255,-0.12335054492476702,0.009537547268166626,0.013650954948998097,0.9922234273024656,-0.016924854479512693,-0.2200407575449994,0.2789142422220871,-0.12335054496249068,0.009537547270624091,0.013650954744635685,0.9922234273005638,-0.016699571256527792,-0.2206324009007687,0.2790667740515017,-0.12415173640084516,0.00837981936801903,0.011995665761021129,0.9921553451848981,-0.016699571256527792,-0.2206324009007687,0.2790667740515017,-0.12415173640084516,0.00837981936801903,0.011995665761021129,0.9921553451848981,-0.02990254934512886,-0.5606147570459358,0.8038599514486136,-0.12352033621584939,0.493888969549907,-0.10064339604474998,-0.024814951455736277,-0.5562606634643867,0.8017887479028907,-0.10491107141079513,0.49686259598672783,-0.08476509973119917,-0.024814951455736277,-0.5562606634643867,0.8017887479028907,-0.10491107141079513,0.49686259598672783,-0.08476509973119917,-0.0671994018804113,-0.0637910596133298,0.030772601833743488,-0.25341578981096063,-0.04633446051785658,-0.2136722005052562,-0.06574718114616111,0.0222335414510038,-0.015923332728198313,-0.14529048032400696,0.049789167518258896,-0.15589389663634434,0.5,0.0,0.0,0.5,True,False,True,False,1,True,True,0.0052204999956302345,4,3.2201184266406525e-09,4.156764429744966e-10,`gtol` termination condition is satisfied.,True,True,0.0,0.009786699985852465,True,0.01860926480505426,0.018490826932200027,False,False,False,False,False,False,1.0,False,False,False,0.0006511991630591696,0.004348268746545355,0.0006512012759136792,0.004348269083035527
1.6726969000010286,1786138884.9900804,0.01018010001280345,0.0070032000076025724,0.01018010001280345,TELEOP,0,,0.0,1.6726969000010286,315,-0.004400109173236694,0.02050975271882301,0.0,0.017242437228435402,0.018523263060397872,0.03545705985010175,0.9990507414495048,-0.003337401523206058,0.017682845230391063,0.0,0.01493244503260418,0.01591222639470282,0.030607704599072163,0.999293246027255,-0.017001062513153465,-0.21983983677515823,0.2788604015818823,-0.12310312694708045,0.009882753482823987,0.014130141284626972,0.9922440679725555,-0.016957738365335668,-0.21995406375602855,0.27889101106498704,-0.12322807106493713,0.009708436398193092,0.01388816893829037,0.9922336960252149,-0.016957735218221606,-0.21995406496606817,0.2788910111335105,-0.12322807110464411,0.009708436400778949,0.01388816872416547,0.9922336960232554,-0.016728490127139686,-0.2205450257874695,0.27904338311082544,-0.12402737808842414,0.008551101816517338,0.01223543451292544,0.9921665093544101,-0.016728490127139686,-0.2205450257874695,0.27904338311082544,-0.12402737808842414,0.008551101816517338,0.01223543451292544,0.9921665093544101,-0.030645157639222164,-0.5612528936722871,0.8041641560760915,-0.12623917369281712,0.49345530261875237,-0.10296174220617918,-0.0255064037690293,-0.5569082645379166,0.8021006170027518,-0.10750795037951755,0.4963957557209066,-0.08695816268686525,-0.0255064037690293,-0.5569082645379166,0.8021006170027518,-0.10750795037951755,0.4963957557209066,-0.08695816268686525,-0.06792195680036422,-0.06361441171652547,0.030635170525724734,-0.25509365973382825,-0.04585812175067944,-0.2154264646622218,-0.07097719266452862,0.01735227518218415,-0.013499995859166981,-0.16481860892892802,0.04679116772704139,-0.17232288039992424,0.5,0.0,0.0,0.5,True,False,True,False,1,True,True,0.003825199994025752,4,3.372420240539137e-09,4.3559909365818584e-10,`gtol` termination condition is satisfied.,True,True,0.0,0.01018010001280345,True,0.018731223313299572,0.01860926480505426,False,False,False,False,False,False,1.0,False,False,False,0.0006519242468932752,0.004342515983998741,0.0006519264664621072,0.004342516336576719
1.6827064999961294,1786138884.9997182,0.01000959999510087,0.006631199998082593,0.01000959999510087,TELEOP,0,,0.0,1.6827064999961294,317,-0.004530000443498989,0.02079613282155598,0.0,0.017473700570931908,0.018790528950712183,0.03594708112069014,0.9990242205117014,-0.003449530933283111,0.017975590439858413,0.0,0.015171554380249003,0.016183046995398867,0.03111009061310998,0.999269780984933,-0.017034698757435615,-0.21975500523515437,0.2788376691931936,-0.12298376434725461,0.010049881218219793,0.014361635833812196,0.9922538672187958,-0.016990623640694917,-0.21986900579188706,0.27886821801398715,-0.12310802762973613,0.009876219077029067,0.014120826008176083,0.9922436576278558,-0.016990620521300657,-0.21986900698517126,0.2788682180789635,-0.12310802766895487,0.009876219079604466,0.014120825796071134,0.9922436576259828,-0.01675748530479567,-0.2204592844024222,0.27902043165405793,-0.12390547498021237,0.008719301942580698,0.012470661732886086,0.9921773478766314,-0.01675748530479567,-0.2204592844024222,0.27902043165405793,-0.12390547498021237,0.008719301942580698,0.012470661732886086,0.9921773478766314,-0.03138220780271546,-0.5618783314184116,0.8044618300101163,-0.1289278570347762,0.4930342085131265,-0.10525754315614316,-0.026193195647294755,-0.55754315505919,0.802405860106271,-0.11007718522854021,0.495941541960216,-0.08913117213871986,-0.026193195647294755,-0.55754315505919,0.802405860106271,-0.11007718522854021,0.495941541960216,-0.08913117213871986,-0.06861331907384942,-0.06342816112373907,0.030495035133132675,-0.2566770750359812,-0.045377813390437574,-0.2170925364568198,-0.0690699202589096,0.018607196379232492,-0.01400009917086058,-0.15818966821130945,0.04798477066785371,-0.16644739004690148,0.5,0.0,0.0,0.5,True,False,True,False,1,True,True,0.0034607000125106424,4,3.3404744640354355e-09,4.314475984722099e-10,`gtol` termination condition is satisfied.,True,True,0.0,0.01000959999510087,True,0.01885067180623598,0.018731223313299572,False,False,False,False,False,False,1.0,False,False,False,0.0006526472484691203,0.00433673597845951,0.000652649457170368,0.004336736327503431
1.6936223999946378,1786138885.011821,0.010915899998508394,0.007816099998308346,0.010915899998508394,TELEOP,0,,0.0,1.6936223999946378,319,-0.004673702454889412,0.021107504609785156,0.0,0.017724842392003972,0.019081380642061187,0.0364796985380972,0.9989949761983495,-0.00357399076583928,0.018294040458554327,0.0,0.01543133539259118,0.016477932152934416,0.03165641288716442,0.9992438256817413,-0.017072033902031967,-0.21966272495186917,0.2788129407463311,-0.1228540649840302,0.010231816846912717,0.014613355667829536,0.9922643994808221,-0.017027143823481396,-0.21977646937376144,0.27884342094436004,-0.12297757374507405,0.010058890111960874,0.014373839156158565,0.9922543664975243,-0.017027140394558635,-0.21977647067206305,0.2788434210002525,-0.12297757378860716,0.010058890114799766,0.014373838923168401,0.9922543664954753,-0.016789827247334622,-0.22036582990514142,0.27899543177414154,-0.1237728517488305,0.008902760253601169,0.01272705540220537,0.9921890163122238,-0.016789827247334622,-0.22036582990514142,0.27899543177414154,-0.1237728517488305,0.008902760253601169,0.01272705540220537,0.9921890163122238,-0.03219404978869787,-0.5625579787630376,0.8047847712596716,-0.13187765342126279,0.4925812175966716,-0.10777996879829278,-0.026951700391080878,-0.558234424054987,0.8027376108870975,-0.1129026228566884,0.49545122736901515,-0.0915247898807325,-0.026951700391080878,-0.558234424054987,0.8027376108870975,-0.1129026228566884,0.49545122736901515,-0.0915247898807325,-0.06948623053433696,-0.06332679814687471,0.030391518873556924,-0.25883689192226716,-0.04491746821314423,-0.21927809363769493,-0.07996697117111945,0.009285810320560674,-0.009483071445313268,-0.19785971716313744,0.04217198557665922,-0.20021777234802104,0.5,0.0,0.0,0.5,True,False,True,False,1,True,True,0.003549100016243756,4,3.666909096338857e-09,4.740962233889506e-10,`gtol` termination condition is satisfied.,True,True,0.0,0.010915899998508394,True,0.01897503056457439,0.01885067180623598,False,False,False,False,False,False,1.0,False,False,False,0.0006532756775194078,0.004329097703056588,0.0006532781074193281,0.004329098086653748
1.702798200014513,1786138885.0198448,0.009175800019875169,0.006666300003416836,0.009175800019875169,TELEOP,0,,0.0,1.702798200014513,322,-0.004796146706431576,0.021368473212037005,0.0,0.017935087119981197,0.01932536097349564,0.03692596459395094,0.998970137797947,-0.0036801590047275496,0.018561142815811237,0.0,0.015648998183056147,0.016725470597235694,0.0321145181661352,0.9992217097381966,-0.017103882020840226,-0.2195853241545211,0.27879219956323237,-0.1227453796957832,0.010384510987522142,0.014824415444424607,0.9922731329637113,-0.017058306972494407,-0.2196988458804383,0.2788226200969637,-0.12286824363016922,0.010212219131218328,0.014586007454538004,0.992263248172676,-0.017058304066155876,-0.2196988469843134,0.2788226201576989,-0.12286824366619428,0.0102122191336436,0.014586007257167573,0.9922632481710915,-0.01681744101868548,-0.22028751250532247,0.27897446246021007,-0.12366168578341692,0.00905662715400874,0.012941759440196751,0.9921987078384998,-0.01681744101868548,-0.22028751250532247,0.27897446246021007,-0.12366168578341692,0.00905662715400874,0.012941759440196751,0.9921987078384998,-0.03288232804229068,-0.5631274881626214,0.8050549478171839,-0.13437044028356365,0.4922052799901977,-0.1099143261919062,-0.027594182436357872,-0.5588132211372413,0.803014977860554,-0.11528766800096016,0.4950436445485513,-0.09354798833879889,-0.027594182436357872,-0.5588132211372413,0.803014977860554,-0.11528766800096016,0.4950436445485513,-0.09354798833879889,-0.0700191856715872,-0.06307865047195343,0.030228097043935462,-0.2599277598798636,-0.044419322520212044,-0.22049286750845226,-0.058082688822319595,0.027043710018066942,-0.017810090593461555,-0.11888532392091908,0.05428907472407648,-0.13238887814970532,0.5,0.0,0.0,0.5,True,False,True,False,1,True,True,0.003538499993737787,4,3.1095068197603586e-09,4.013042966493686e-10,`gtol` termination condition is satisfied.,True,True,0.0,0.009175800019875169,True,0.019082772282603494,0.01897503056457439,False,False,False,False,False,False,1.0,False,False,False,0.0006539099235318984,0.004323267918787168,0.000653912001903193,0.004323268242995267
1.712732899992261,1786138885.030199,0.009934699977748096,0.007080800016410649,0.009934699977748096,TELEOP,0,,0.0,1.712732899992261,323,-0.004930411855677191,0.02165022458315657,0.0,0.018161825505426884,0.01958898606707842,0.03740763237369002,0.9989429857401119,-0.0037969119844254466,0.018849641215633584,0.0,0.01588382925396054,0.016993072503656566,0.03260917365480526,0.9991974685960064,-0.01713890537341702,-0.21950172320654257,0.27876979690895815,-0.12262810726670526,0.010549546192423662,0.015052298272224084,0.9922824611470483,-0.01709259089020049,-0.21961499635671966,0.27880015084435045,-0.12275026291660292,0.010377959222154108,0.014815111784187946,0.9922727363880911,-0.017092587721416974,-0.21961499754891167,0.27880015089677895,-0.12275026295628245,0.010377959224804391,0.014815111569128818,0.9922727363863658,-0.01684788184030002,-0.22020288016735712,0.2789518104918196,-0.12354172545890776,0.009223009770988888,0.013173752279015773,0.9922090658789061,-0.01684788184030002,-0.22020288016735712,0.2789518104918196,-0.12354172545890776,0.009223009770988888,0.013173752279015773,0.9922090658789061,-0.0336341753164384,-0.5637420079520669,0.8053460400252475,-0.13708380002402415,0.4918035862627472,-0.11224055338710542,-0.028296563764610635,-0.5594380764857013,0.8033139403938307,-0.11788542338922262,0.4946071863863304,-0.09575475986532353,-0.028296563764610635,-0.5594380764857013,0.8033139403938307,-0.11788542338922262,0.4946071863863304,-0.09575475986532353,-0.07069980269419003,-0.06289624748201046,0.03009275911164319,-0.26148302355188874,-0.04393269683015416,-0.22212764667955837,-0.06850906661774232,0.018360191082924388,-0.013622749815837658,-0.15654863010545333,0.04898242434576106,-0.16455244494224253,0.5,0.0,0.0,0.5,True,False,True,False,1,True,True,0.003814899973804131,4,3.3860389126142513e-09,4.374237969203109e-10,`gtol` termination condition is satisfied.,True,True,0.0,0.009934699977748096,True,0.019198376634801534,0.019082772282603494,False,False,False,False,False,False,1.0,False,False,False,0.0006545896226578862,0.004316682612891843,0.000654591890098922,0.004316682966351581
1.7228919999906793,1786138885.0406063,0.010159099998418242,0.007332800014410168,0.010159099998418242,TELEOP,0,,0.0,1.7228919999906793,326,-0.005069525733615576,0.02193746754294504,0.0,0.0183927162082609,0.019857978877494156,0.03789854094999362,0.9989149459584861,-0.0039181817554624935,0.01914391532928113,0.0,0.016123083155874223,0.01726627523032654,0.03311357968979538,0.9991723638939115,-0.01717528371251794,-0.2194164485585219,0.27874694574117737,-0.12250861055950028,0.010717999226991303,0.015284656124652837,0.9922918643818975,-0.01712821570167487,-0.21952946017980343,0.2787772296074535,-0.12263003214672262,0.010547150435425763,0.015048739544606874,0.9922823027100226,-0.017128212436995763,-0.21952946140003746,0.278777229654047,-0.12263003218768982,0.010547150438166408,0.015048739323179211,0.9922823027082888,-0.016879591533353666,-0.22011647040599178,0.27892868493673634,-0.12341938258752565,0.009393008266688182,0.013410557157283695,0.9922195242758264,-0.016879591533353666,-0.22011647040599178,0.27892868493673634,-0.12341938258752565,0.009393008266688182,0.013410557157283695,0.9922195242758264,-0.0344099755655568,-0.564368169218596,0.8056421785864649,-0.13987357663495273,0.49139857318117164,-0.11463546648412579,-0.029022186672530717,-0.560075407223364,0.8036183788340008,-0.12055910266612718,0.49416580436665547,-0.0980292848392414,-0.029022186672530717,-0.560075407223364,0.8036183788340008,-0.12055910266612718,0.49416580436665547,-0.0980292848392414,-0.07142590466016267,-0.06273496055378416,0.029967067970334986,-0.26318072243809587,-0.04344696082759709,-0.22389040114498546,-0.07147306022046249,0.01587610401033602,-0.012372271296451007,-0.16711115024672096,0.0478128970708723,-0.173514825693373,0.5,0.0,0.0,0.5,True,False,True,False,1,True,True,0.003702900023199618,4,3.4855805401105235e-09,4.504177520966316e-10,`gtol` termination condition is satisfied.,True,True,0.0,0.010159099998418242,True,0.019314473968825546,0.019198376634801534,False,False,False,False,False,False,1.0,False,False,False,0.0006552332633908317,0.004309386008316804,0.0006552356060924017,0.004309386372194529
1.7327453999896534,1786138885.0499244,0.009853399998974055,0.006798400019761175,0.009853399998974055,TELEOP,0,,0.0,1.7327453999896534,327,-0.005206202422947004,0.022215213224860145,0.0,0.018615716250866585,0.020118297850755574,0.038373076589217084,0.9988874892564896,-0.004037568797448607,0.01942862298088687,0.0,0.01635429773519881,0.017530824391879557,0.03360144465658907,0.9991477118317991,-0.01721109731717257,-0.21933394606129442,0.27872483742116416,-0.12239311416169317,0.010881082710433209,0.015509378492389285,0.992300854994911,-0.017163300309768984,-0.21944669711849527,0.2787550514764878,-0.12251381444752608,0.010710966216294375,0.015274713319837435,0.9922914509382953,-0.017163297119392112,-0.21944669830646749,0.2787550515206302,-0.12251381448737696,0.010710966218985237,0.0152747131035802,0.992291450936675,-0.01691087596491188,-0.22003282641347705,0.2789062942014258,-0.12330103578646925,0.009557687392925557,0.013639685707300455,0.9922295420715355,-0.01691087596491188,-0.22003282641347705,0.2789062942014258,-0.12330103578646925,0.009557687392925557,0.013639685707300455,0.9922295420715355,-0.03516900374487176,-0.5649733312775721,0.8059279362160496,-0.1425936810324276,0.491011325694048,-0.1169735689649325,-0.029732539519380215,-0.5606917262152248,0.8039123242728419,-0.12316719625381474,0.4937425779479532,-0.10025103815776686,-0.029732539519380215,-0.5606917262152248,0.8039123242728419,-0.12316719625381474,0.4937425779479532,-0.10025103815776686,-0.07209215569483228,-0.06254886556162875,0.029831879236781607,-0.2646897099436859,-0.042952322928770305,-0.22548088159993307,-0.0676163593012544,0.01888637345228948,-0.013720008684053788,-0.15314383925824002,0.050199717750043935,-0.1614143803269144,0.5,0.0,0.0,0.5,True,False,True,False,1,True,True,0.003701400011777878,4,3.4046631452372358e-09,4.398415598163959e-10,`gtol` termination condition is satisfied.,True,True,0.0,0.009853399998974055,True,0.01942648477861285,0.019314473968825546,False,False,False,False,False,False,1.0,False,False,False,0.0006558482641205925,0.0043020546266086925,0.0006558505638932143,0.004302054981746213
1.7428741999901831,1786138885.0596366,0.010128800000529736,0.00638130001607351,0.010128800000529736,TELEOP,0,,0.0,1.7428741999901831,330,-0.005348488704551769,0.022499834200110435,0.0,0.01884397447558947,0.020385284904976965,0.03885921397822036,0.9988590021991598,-0.0041621519108669194,0.019720523507918666,0.0,0.01659107908154403,0.017802296384770426,0.03410148446496004,0.9991220661639022,-0.017248469679895694,-0.21924935919873798,0.27870217054065344,-0.12227482169523289,0.011048398253758229,0.015739692302484187,0.9923099631474274,-0.017199925812035024,-0.2193618356193848,0.27873231101436685,-0.12239477159299375,0.010879050809158035,0.015506332735690216,0.992300720439767,-0.01719992250876729,-0.2193618368413606,0.2787323110520725,-0.12239477163438002,0.01087905081195384,0.015506332511920252,0.9923007204381284,-0.01694360955428871,-0.21994697824625614,0.27888331442875125,-0.12317970014993995,0.009726826696321123,0.013874785374089123,0.9922397092659685,-0.01694360955428871,-0.21994697824625614,0.27888331442875125,-0.12317970014993995,0.009726826696321123,0.013874785374089123,0.9922397092659685,-0.03595612189583124,-0.5655931008790621,0.8062201346384672,-0.1454045291119325,0.49061913099245563,-0.11939278618808816,-0.03047005963306938,-0.56132362752598,0.8042132232022469,-0.12586521184754276,0.4933125356924805,-0.1025525745514117,-0.03047005963306938,-0.56132362752598,0.8042132232022469,-0.12586521184754276,0.4933125356924805,-0.1025525745514117,-0.07281416492087814,-0.062386591770218006,0.029707263386503955,-0.2663707046823824,-0.042457374560677115,-0.2272269561571441,-0.0712828001350696,0.01602102829577623,-0.012303120830812423,-0.16596188478482585,0.048865449813137535,-0.17238710973854002,0.5,0.0,0.0,0.5,True,False,True,False,1,True,True,0.003255799994803965,4,3.522247049881867e-09,4.551761154856237e-10,`gtol` termination condition is satisfied.,True,True,0.0,0.010128800000529736,True,0.019539317264389733,0.01942648477861285,False,False,False,False,False,False,1.0,False,False,False,0.000656421216997934,0.004293904229871782,0.0006564236047878817,0.004293904597327943
1.7542380999948364,1786138885.0746086,0.01136390000465326,0.009989300015149638,0.01136390000465326,TELEOP,0,,0.0,1.7542380999948364,331,-0.005510277707879369,0.022818076395042252,0.0,0.01909888174688342,0.020684078523586037,0.039402602977946885,0.9988267299638167,-0.0043042471242930175,0.020047042788110474,0.0,0.016855600274392674,0.018106262110442112,0.03466064061580912,0.9990929346181364,-0.017291095367669967,-0.21915474050228373,0.2786768154006524,-0.12214265230068186,0.01123569625796541,0.01599721380651723,0.9923200193329681,-0.01724171868725229,-0.21926690151197545,0.27870687136795286,-0.122261751601637,0.011067229477619032,0.015765338862973526,0.9923109566146718,-0.017241714953839995,-0.21926690287827738,0.27870687139108075,-0.12226175164903307,0.011067229480785862,0.015765338610242794,0.9923109566128121,-0.01698114764081377,-0.2198506249660408,0.2788575384626415,-0.1230437810102099,0.00991679999855486,0.014138644760859792,0.9922509681309595,-0.01698114764081377,-0.2198506249660408,0.2788575384626415,-0.1230437810102099,0.00991679999855486,0.014138644760859792,0.9922509681309595,-0.03684774985664957,-0.5662855183956956,0.8065460386746086,-0.14857605704579083,0.49018642840617194,-0.12212625945663945,-0.03130866193357807,-0.562031996622989,0.8045499304772142,-0.12892049487397503,0.49283551209172305,-0.10516291771888651,-0.03130866193357807,-0.562031996622989,0.8045499304772142,-0.12892049487397503,0.49283551209172305,-0.10516291771888651,-0.07379529036381013,-0.062335034338471165,0.029629552779369055,-0.2688586686948326,-0.04197710298067979,-0.22970486949075,-0.08633703592342816,0.0045369487346536355,-0.00683837477477617,-0.2189357536964802,0.04226291852274877,-0.21805131447753429,0.5,0.0,0.0,0.5,True,False,True,False,1,True,True,0.005898799980059266,4,3.975636204679082e-09,5.143255745033419e-10,`gtol` termination condition is satisfied.,True,True,0.0,0.01136390000465326,True,0.0196555621718158,0.019539317264389733,False,False,False,False,False,False,1.0,False,False,False,0.0006567551802713712,0.004282425090808537,0.0006567578811784164,0.004282425506133336
1.7644629999995232,1786138885.0809596,0.010224900004686788,0.006117999990237877,0.010224900004686788,TELEOP,0,,0.0,1.7644629999995232,332,-0.0056577894317382865,0.023103427492905445,0.0,0.019327161375876246,0.020952231739288247,0.03988967489571191,0.9987974162236347,-0.0044339845999551205,0.020340025885551918,0.0,0.017092675120531472,0.01837924828059291,0.03516221350144598,0.9990663954070035,-0.01733001402952929,-0.21906983989816683,0.27865406442490087,-0.12202418002552072,0.011403869786009145,0.01622819884273293,0.9923289257122982,-0.017279889475678885,-0.21918171018734028,0.27868404250066825,-0.12214250479052677,0.011236211758631506,0.01599767926336955,0.9923200241489627,-0.017279886089432678,-0.21918171142609286,0.278684042527598,-0.12214250483297157,0.01123621176152157,0.015997679034279524,0.9923200241473987,-0.01701550035362267,-0.21976408632596386,0.27883436975847525,-0.1229217110840106,0.010087565459420158,0.014375454723582435,0.9922609738716782,-0.01701550035362267,-0.21976408632596386,0.27883436975847525,-0.1229217110840106,0.010087565459420158,0.014375454723582435,0.9922609738716782,-0.037657065854830876,-0.566906070193347,0.8068376252289214,-0.15144487756624056,0.4898035073028617,-0.12460205954832378,-0.03207047720927463,-0.5626675246041132,0.8048515392266022,-0.13168613988667002,0.4924116285246244,-0.10752898785890208,-0.03207047720927463,-0.5626675246041132,0.8048515392266022,-0.13168613988667002,0.4924116285246244,-0.10752898785890208,-0.0745058900671271,-0.06215493362603854,0.029497476674563098,-0.2704813750185643,-0.04145601100298096,-0.23140276569267443,-0.06949698314812416,0.01761393386244068,-0.01291710478786268,-0.15870143698108186,0.050963038998912656,-0.16605504221519699,0.5,0.0,0.0,0.5,True,False,True,False,1,True,True,0.0034545999951660633,4,3.60581426614263e-09,4.660240300116714e-10,`gtol` termination condition is satisfied.,True,True,0.0,0.010224900004686788,True,0.019758737679570537,0.0196555621718158,False,False,False,False,False,False,1.0,False,False,False,0.000657007319322086,0.004271604425657255,0.0006570097861824752,0.004271604801611221
1.7724717000091914,1786138885.0898159,0.008008700009668246,0.006963699997868389,0.008008700009668246,TELEOP,0,,0.0,1.7724717000091914,335,-0.005774607123266368,0.02332626470094512,0.0,0.01950524436471143,0.021161796764794582,0.04026993740658778,0.9987742767718981,-0.004536767528990237,0.020568996822375164,0.0,0.017277780933267862,0.018592739092677283,0.03555410521861307,0.999045391331724,-0.017360846891272753,-0.21900348871943248,0.278636284167472,-0.12193166706844567,0.011535369430727641,0.016408663552745756,0.9923358098841436,-0.017310135396071673,-0.21911512614076364,0.27866619985174784,-0.12204937760607529,0.011368356830171884,0.016179220837138575,0.9923270341485486,-0.017310132723490128,-0.21911512712714096,0.2786661998934743,-0.12204937763843644,0.011368356832472932,0.016179220656414448,0.9923270341474886,-0.017042675974028018,-0.21969658883335277,0.27881627174333945,-0.12282639315201589,0.010220859845774298,0.014559971089420944,0.9922687228826448,-0.017042675974028018,-0.21969658883335277,0.27881627174333945,-0.12282639315201589,0.010220859845774298,0.014559971089420944,0.9922687228826448,-0.03829537159013058,-0.5673905556803337,0.807064952247036,-0.15370150241662148,0.48950775922209916,-0.12655156647400576,-0.03266982251786812,-0.5631628057588925,0.8050863086315847,-0.13385612080368942,0.49208375486387274,-0.10938733787065985,-0.03266982251786812,-0.5631628057588925,0.8050863086315847,-0.13385612080368942,0.49208375486387274,-0.10938733787065985,-0.07483677848713795,-0.061842890129671035,0.029314296290164146,-0.2709529529636224,-0.04093968563635263,-0.2320414061600934,-0.041316121169652706,0.03896306466602576,-0.022872673989263223,-0.058883207572860835,0.0644705590176947,-0.07974333745151864,0.5,0.0,0.0,0.5,True,False,True,False,1,True,True,0.0035300000163260847,4,2.8491004572461292e-09,3.672322012012685e-10,`gtol` termination condition is satisfied.,True,True,0.0,0.008008700009668246,True,0.01984538161293206,0.019758737679570537,False,False,False,False,False,False,1.0,False,False,False,0.0006573829848311738,0.004264210843155939,0.0006573849541621787,0.004264211138830044
1.782513200014364,1786138885.0998204,0.010041500005172566,0.006924799992702901,0.010041500005172566,TELEOP,0,,0.0,1.782513200014364,337,-0.005922657860108593,0.023604828105346438,0.0,0.019727632259464365,0.021423963645129333,0.04074516697738,0.9987450453820299,-0.004667447812905448,0.020855281975145478,0.0,0.01750895609056451,0.018859899334988037,0.03604394718034761,0.9990188058917375,-0.017400048454608456,-0.21892052901605563,0.27861405328074335,-0.12181611570119459,0.011699892548237735,0.016634217862771365,0.9923443199141752,-0.01734860418105074,-0.21903186888014142,0.2786438892412535,-0.12193304917074653,0.011533703307647572,0.016406141076025046,0.9923357011329025,-0.017348600813002598,-0.21903187010272776,0.2786438892612048,-0.12193304921285852,0.011533703310543333,0.01640614084841367,0.9923357011314573,-0.017077302768528223,-0.2196121116725826,0.27879364004978807,-0.12270734745262526,0.010387780537086066,0.014790931821477823,0.9922783023086348,-0.017077302768528223,-0.2196121116725826,0.27879364004978807,-0.12270734745262526,0.010387780537086066,0.014790931821477823,0.9922783023086348,-0.0391022291136476,-0.5679956338686,0.8073484695863481,-0.15654415810864006,0.48914271937848297,-0.1290102343474722,-0.033428314300419905,-0.5637819955735702,0.8053793607483322,-0.13659283576420514,0.4916779233615516,-0.11173407535151758,-0.033428314300419905,-0.5637819955735702,0.8053793607483322,-0.13659283576420514,0.4916779233615516,-0.11173407535151758,-0.07553570504019048,-0.06166307965530649,0.029184097654384882,-0.2725404530305221,-0.04041542619251172,-0.23370387687585364,-0.06960379950131985,0.017906734479103403,-0.012966054445271748,-0.15809391685325802,0.052209275862257105,-0.16555999750076064,0.5,0.0,0.0,0.5,True,False,True,False,1,True,True,0.0035961999965365976,4,3.5831360144795915e-09,4.629938739039557e-10,`gtol` termination condition is satisfied.,True,True,0.0,0.010041500005172566,True,0.01995132234443492,0.01984538161293206,False,False,False,False,False,False,1.0,False,False,False,0.0006578055997059739,0.004254349914427163,0.0006578080717606066,0.0042543502877035845
1.7928932000068016,1786138885.110762,0.01037999999243766,0.0074874999991152436,0.01037999999243766,TELEOP,0,,0.0,1.7928932000068016,339,-0.0060775436199144335,0.0238917941046603,0.0,0.01995646158388858,0.021694264528666542,0.041234583095217,0.9987145776870261,-0.004804457335475412,0.02115034611049625,0.0,0.017746938434669724,0.019135495294813433,0.036548654893585,0.9989910283988981,-0.01744114871220759,-0.2188350253222492,0.2785911406649432,-0.12169714594703901,0.011869574657582063,0.016866600663872685,0.9923529793615973,-0.0173889504059255,-0.218946051875586,0.2786208926806244,-0.12181326929056784,0.011704250821701194,0.016639951573826174,0.9923445218013083,-0.017388946900469174,-0.21894605314009322,0.278620892692488,-0.12181326933457694,0.011704250824725083,0.01663995133707675,0.9923445217998402,-0.01711371121373126,-0.21952490720905,0.27877027811090727,-0.1225845929955804,0.010560213644077344,0.015029271418056041,0.9922880733176943,-0.01711371121373126,-0.21952490720905,0.27877027811090727,-0.1225845929955804,0.010560213644077344,0.015029271418056041,0.9922880733176943,-0.03994338675115076,-0.5686184884770872,0.8076398568220537,-0.15949728925548123,0.488771951188983,-0.13156763440084582,-0.0342203247048277,-0.5644204328562447,0.8056810419858065,-0.1394403447257841,0.49126392071289565,-0.11417906724799079,-0.0342203247048277,-0.5644204328562447,0.8056810419858065,-0.1394403447257841,0.49126392071289565,-0.11417906724799079,-0.0763015804416969,-0.06150648199803612,0.029063703053383353,-0.27432648975467405,-0.039884648261804725,-0.23554835243299707,-0.07378375742431459,0.01508647951680717,-0.011598709160813353,-0.17206519513036367,0.051134675442551965,-0.17769514050936622,0.5,0.0,0.0,0.5,True,False,True,False,1,True,True,0.003523399995174259,4,3.726572594352982e-09,4.816571043342299e-10,`gtol` termination condition is satisfied.,True,True,0.0,0.01037999999243766,True,0.02005694452969714,0.01995132234443492,False,False,False,False,False,False,1.0,False,False,False,0.000658135791184615,0.004243224802826547,0.0006581383720618701,0.004243225191112891
1.8024102000053972,1786138885.1194274,0.009516999998595566,0.006635500001721084,0.009516999998595566,TELEOP,0,,0.0,1.8024102000053972,341,-0.006221193970980677,0.024154008832355373,0.0,0.020165317185006807,0.021941451836760422,0.04168165446587448,0.9986864234358604,-0.004931695370901907,0.021420131258431903,0.0,0.017964294989981228,0.019387683777055367,0.03700999150597497,0.9989652958696822,-0.01747931774634185,-0.21875684695966824,0.27857019102554437,-0.12158847314993844,0.01202481507713036,0.017079000401362676,0.9923607986839856,-0.017426429464463294,-0.2188675808031095,0.2785998646157289,-0.12170384670999645,0.011860297856395734,0.016853675577415003,0.9923524881060553,-0.017426426227579263,-0.2188675819705331,0.27859986463134956,-0.12170384675020224,0.011860297859202997,0.016853675358926404,0.9923524881048015,-0.017147557956598315,-0.21944516478616835,0.2787489002835181,-0.12247235010394453,0.010718009973550748,0.015247072236202737,0.9922969185231041,-0.017147557956598315,-0.21944516478616835,0.2787489002835181,-0.12247235010394453,0.010718009973550748,0.015247072236202737,0.9922969185231041,-0.04072063964314754,-0.5691872939098266,0.807905550428905,-0.1622174507655305,0.48843781286447174,-0.1339260057840203,-0.03495209373574802,-0.5650036154725653,0.8059562177214774,-0.14206287011791702,0.49088949926841036,-0.1164335612382326,-0.03495209373574802,-0.5650036154725653,0.8059562177214774,-0.14206287011791702,0.49088949926841036,-0.1164335612382326,-0.076890725126438,-0.06127798848446272,0.02891412584969365,-0.27556219318271796,-0.03934238147951642,-0.23689124625139363,-0.06190445359126363,0.02400898535327529,-0.015716843933148747,-0.1298416967769521,0.05697875195632331,-0.1411047408421486,0.5,0.0,0.0,0.5,True,False,True,False,1,True,True,0.0033921000140253454,4,3.441008588587558e-09,4.443567178950133e-10,`gtol` termination condition is satisfied.,True,True,0.0,0.009516999998595566,True,0.020154580647613496,0.02005694452969714,False,False,False,False,False,False,1.0,False,False,False,0.0006584687138310758,0.004233051978453539,0.0006584711122428945,0.004233052336385364
1.8124452999909408,1786138885.129809,0.010035099985543638,0.006983100000070408,0.010035099985543638,TELEOP,0,,0.0,1.8124452999909408,343,-0.006374360000236951,0.024429562718376156,0.0,0.020384553599910486,0.022201419726598965,0.04215133294627869,0.9986565135558411,-0.005067650964898872,0.021703762735492526,0.0,0.018192545775456103,0.01965304021526659,0.037494861354630885,0.9989378983002408,-0.017520101926076823,-0.21867465619056667,0.2785481661621732,-0.12147433891327594,0.01218812822212142,0.0173022195140331,0.9923689171451875,-0.01746648876640371,-0.21878507602878772,0.27857775562099163,-0.12158891545170421,0.012024474775226142,0.017078305686312755,0.9923607605707429,-0.01746648533199011,-0.21878507725894927,0.27857775562670184,-0.12158891549466175,0.012024474778212654,0.017078305454630002,0.9923607605694305,-0.01718379947703165,-0.2193612449159572,0.2787264042813789,-0.12235436138580719,0.01088418437311889,0.01547621693593312,0.9923061178334815,-0.01718379947703165,-0.2193612449159572,0.2787264042813789,-0.12235436138580719,0.01088418437311889,0.01547621693593312,0.9923061178334815,-0.04154677089159175,-0.5697845463670023,0.8081841148209867,-0.16509898781750687,0.4880917455871935,-0.13642721221093845,-0.03573067699738111,-0.5656166374442019,0.8062450327348466,-0.14484375978298547,0.49050019603025474,-0.11882718985221187,-0.03573067699738111,-0.5656166374442019,0.8062450327348466,-0.14484375978298547,0.49050019603025474,-0.11882718985221187,-0.07758599941751483,-0.0610877791471633,0.028780481887096355,-0.27711628873399835,-0.03879415638273928,-0.23852563675772848,-0.06928424152010722,0.018954403800004998,-0.013317651322838778,-0.15486597577693967,0.05463075580381862,-0.16286738634286832,0.5,0.0,0.0,0.5,True,False,True,False,1,True,True,0.004024800000479445,4,3.648085366483398e-09,4.713083554108199e-10,`gtol` termination condition is satisfied.,True,True,0.0,0.010035099985543638,True,0.0202552280345214,0.020154580647613496,False,False,False,False,False,False,1.0,False,False,False,0.0006587692191601786,0.004221774378196187,0.00065877177011674,0.004221774757870184
1.823180700012017,1786138885.1419346,0.010735400021076202,0.008372999989660457,0.010735400021076202,TELEOP,0,,0.0,1.823180700012017,345,-0.00654013472218038,0.024723270617654298,0.0,0.020617958302020928,0.022478746829124416,0.04265180109585708,0.9986242684812581,-0.005215130720409983,0.022006214043260412,0.0,0.018435645272165138,0.019936258434314263,0.038011740104167344,0.9989082941878561,-0.01756434318848477,-0.21858701178984627,0.27852467986425367,-0.12135276321241512,0.012362396908404757,0.017540157184657557,0.9923774588780865,-0.017509958513406334,-0.21869709020071834,0.2785541778442463,-0.12146648106120352,0.012199681216911786,0.017317767266618097,0.9923694658209277,-0.01750995481547146,-0.21869709151532715,0.27855417783718156,-0.12146648110784218,0.012199681220136187,0.017317767017318155,0.9923694658195299,-0.017223252371278034,-0.21927155914558413,0.27870236856084707,-0.12222844810652203,0.011061900198140948,0.015721048269380006,0.9923158214393185,-0.017223252371278034,-0.21927155914558413,0.27870236856084707,-0.12222844810652203,0.011061900198140948,0.015721048269380006,0.9923158214393185,-0.042438020483353364,-0.5704205631165519,0.8084802898604558,-0.16819657483820927,0.4877287452610284,-0.1391192669931544,-0.0365726058978483,-0.5662709428160875,0.8065527929426463,-0.147840026236914,0.49008970524718054,-0.12140964767871729,-0.0365726058978483,-0.5662709428160875,0.8065527929426463,-0.147840026236914,0.49008970524718054,-0.12140964767871729,-0.07842548007659472,-0.06094839229101927,0.028667791344094907,-0.27910151909068526,-0.03823712039312254,-0.24055534227280095,-0.07819742696422906,0.01298385303485439,-0.010497097712261353,-0.18492374320373886,0.05188777209262259,-0.18906659380066582,0.5,0.0,0.0,0.5,True,False,True,False,1,True,True,0.003471199976047501,4,3.924661587357271e-09,5.072986360507121e-10,`gtol` termination condition is satisfied.,True,True,0.0,0.010735400021076202,True,0.020356548601295266,0.0202552280345214,False,False,False,False,False,False,1.0,False,False,False,0.0006589171725642474,0.004208339090054258,0.0006589199261184613,0.004208339498771955
1.832550999999512,1786138885.14927,0.009370299987494946,0.0063378000049851835,0.009370299987494946,TELEOP,0,,0.0,1.832550999999512,347,-0.006686446179355144,0.02497871204498145,0.0,0.020820722022442787,0.02272013612455068,0.043086935351975796,0.9985959187533868,-0.005345414393622993,0.022269448720221397,0.0,0.0186469970373894,0.020182947132224852,0.038461472746007204,0.998882201894074,-0.017603425971656025,-0.2185107315780834,0.2785042388488079,-0.12124705092089688,0.012514160191339337,0.01774717232893398,0.9923847975014621,-0.017548368672788806,-0.218620506708113,0.27853365557039705,-0.12136001259807451,0.012352275506020126,0.017526127043092154,0.9923769462774154,-0.017548365421981103,-0.21862050786659082,0.2785336555737912,-0.12136001263842242,0.012352275508872123,0.017526126824053172,0.992376946276314,-0.017258125256573928,-0.2191935172596272,0.2786814324304666,-0.12211884277005805,0.011216661342713962,0.015933921221877662,0.9923241833712004,-0.017258125256573928,-0.2191935172596272,0.2786814324304666,-0.12211884277005805,0.011216661342713962,0.015933921221877662,0.9923241833712004,-0.0432217552250295,-0.5709734046262829,0.8087373372865895,-0.17091217668095354,0.4874178234425286,-0.14148196251187098,-0.037312622373586186,-0.5668396685046988,0.806819925021335,-0.15046549863763853,0.489736722472091,-0.12367508130660161,-0.037312622373586186,-0.5668396685046988,0.806819925021335,-0.15046549863763853,0.489736722472091,-0.12367508130660161,-0.07897468349204129,-0.06069450170968793,0.02850838063298348,-0.2801908588015671,-0.03767038147771575,-0.24176746005011987,-0.058611081414629285,0.02709524579470931,-0.017012338060058564,-0.11625451824761254,0.060482472937165625,-0.1293574142702522,0.5,0.0,0.0,0.5,True,False,True,False,1,True,True,0.003556399984518066,4,3.4510626024420595e-09,4.4549017701785125e-10,`gtol` termination condition is satisfied.,True,True,0.0,0.009370299987494946,True,0.020446678043315014,0.020356548601295266,False,False,False,False,False,False,1.0,False,False,False,0.0006591032676996793,0.004196830672114748,0.0006591057071325644,0.004196831030663343
1.8425954999984242,1786138885.1601117,0.010044499998912215,0.007132600003387779,0.010044499998912215,TELEOP,0,,0.0,1.8425954999984242,349,-0.006844952017124129,0.02525157091342401,0.0,0.021037073475628207,0.022978184304312033,0.04355160656586991,0.9985653219250056,-0.005486849958242457,0.02255074449005005,0.0,0.0188725923878012,0.02044678218666551,0.03894191992038298,0.998853983937437,-0.01764585416315155,-0.2184292176019222,0.27848239531721486,-0.1211342000174598,0.012676439571742347,0.017968310620377206,0.992392539915211,-0.017590078415897128,-0.21853866253367277,0.2785117235681684,-0.12124634529786707,0.012515458207696424,0.017748720254541783,0.9923848396600423,-0.01759007491099978,-0.21853866377359382,0.27851172355902465,-0.12124634534177273,0.012515458210778407,0.017748720018522495,0.9923848396588604,-0.017296056501575046,-0.21911004294055195,0.27865904273817566,-0.12200175565095416,0.011382302424694637,0.016161555139064473,0.9923330181673311,-0.017296056501575046,-0.21911004294055195,0.27865904273817566,-0.12200175565095416,0.011382302424694637,0.016161555139064473,0.9923330181673311,-0.04406836444976639,-0.5715633993438272,0.8090112568987694,-0.1738359248854437,0.48709099185986626,-0.14402861930838767,-0.038112784709889866,-0.5674472362209789,0.8071048690840781,-0.1532949331773179,0.489364142036323,-0.12611947032907989,-0.038112784709889866,-0.5674472362209789,0.8071048690840781,-0.1532949331773179,0.489364142036323,-0.12611947032907989,-0.07966173890092428,-0.06048760180655221,0.028368167930100115,-0.28168993379320034,-0.037092979820631096,-0.24335596821573938,-0.06840115575264069,0.020598327757292978,-0.013959152063173835,-0.14924336619996856,0.05748436031133312,-0.15814706215257385,0.5,0.0,0.0,0.5,True,False,True,False,1,True,True,0.0036653999995905906,4,3.7177672399263195e-09,4.801820763984715e-10,`gtol` termination condition is satisfied.,True,True,0.0,0.010044499998912215,True,0.02054099170812579,0.020446678043315014,False,False,False,False,False,False,1.0,False,False,False,0.0006592601292814069,0.004184001046100795,0.0006592627650024441,0.004184001432656633
1.8526388999889605,1786138885.170127,0.010043399990536273,0.0071038999885786325,0.010043399990536273,TELEOP,0,,0.0,1.8526388999889605,351,-0.007005159098150183,0.025523394284942238,0.0,0.02125235939722347,0.02323545797140261,0.04401437755201559,0.9985345188232699,-0.0056300419780431115,0.022831118832154353,0.0,0.019097192270375887,0.020709971644969422,0.03942065092754911,0.9988255135919893,-0.017688809299317786,-0.21834797062101918,0.278460623322976,-0.1210218323084185,0.0128382898898234,0.01818864433590771,0.992400154995272,-0.01763231766081442,-0.21845708033645891,0.27848986175859847,-0.121133155599679,0.012678224057496298,0.017970521987982085,0.9923926045616681,-0.017632314134284295,-0.21845708157920174,0.27848986174448026,-0.12113315564388466,0.012678224060608718,0.01797052175064476,0.9923926045605304,-0.017334531695518015,-0.21902676729239656,0.27863670233897475,-0.1218850406309085,0.01154766346617347,0.01638855084702545,0.9923417272996276,-0.017334531695518015,-0.21902676729239656,0.27863670233897475,-0.1218850406309085,0.01154766346617347,0.01638855084702545,0.9923417272996276,-0.04492139573218171,-0.5721506561812898,0.809283491946148,-0.176772179806562,0.48677085885172444,-0.14658905574370792,-0.038919726007421517,-0.5680526004059642,0.8073883503682803,-0.15613890546006737,0.4889974994330642,-0.128579370039658,-0.038919726007421517,-0.5680526004059642,0.8073883503682803,-0.15613890546006737,0.4889974994330642,-0.128579370039658,-0.08034543066013668,-0.06027482581154522,0.028225629216137516,-0.28316827821547297,-0.036505825079583595,-0.24492698816098382,-0.06807373597154665,0.02118565378332873,-0.014192276927824186,-0.14719561340438767,0.05846175016436363,-0.156423118338889,0.5,0.0,0.0,0.5,True,False,True,False,1,True,True,0.003739900013897568,4,3.7391207208933655e-09,4.828835412524123e-10,`gtol` termination condition is satisfied.,True,True,0.0,0.010043399990536273,True,0.020633274346494646,0.02054099170812579,False,False,False,False,False,False,1.0,False,False,False,0.0006593772462311563,0.004170717110005819,0.0006593799094135784,0.004170717498656228
1.8627458999981172,1786138885.1798055,0.010107000009156764,0.006678300007479265,0.010107000009156764,TELEOP,0,,0.0,1.8627458999981172,353,-0.007168109104991472,0.02579591290026553,0.0,0.021467950809578466,0.02349359460878753,0.04447819484954006,0.9985033141073303,-0.005775928959715175,0.023112354934239753,0.0,0.019322224254431173,0.020974189774596072,0.03990070989512327,0.9987966101078968,-0.01773257291645397,-0.2182664739023745,0.27843878439549113,-0.12090923355963633,0.013000740706582716,0.018409574527852385,0.9924076911969218,-0.017675363409975907,-0.2183752412677954,0.27846793110422907,-0.12101972417018597,0.012841608343869718,0.018192942430655723,0.9924002903579935,-0.01767535983923994,-0.21837524252099855,0.2784679310842489,-0.12101972421501356,0.012841608347032381,0.018192942190484087,0.9924002903568889,-0.017373808491499013,-0.21894315494536087,0.27861426872355766,-0.12176795578487355,0.01171380671018601,0.016616372456964002,0.9923503654671071,-0.017373808491499013,-0.21894315494536087,0.27861426872355766,-0.12176795578487355,0.01171380671018601,0.016616372456964002,0.9923503654671071,-0.04578638976851256,-0.5727388916550321,0.809555767811555,-0.17973980982818752,0.48645550524375286,-0.149179750495615,-0.03973878469460103,-0.5686596322237923,0.807672180196547,-0.15901600952943493,0.48863457590936743,-0.13107090757601342,-0.03973878469460103,-0.5686596322237923,0.807672180196547,-0.15901600952943493,0.48863457590936743,-0.13107090757601342,-0.08103875397620029,-0.06006053401387399,0.028082500050410623,-0.28466449656287346,-0.03590813528920172,-0.24651603186881602,-0.06859832941876753,0.02120231497744927,-0.014161389690038476,-0.14803782982536137,0.05913622141489865,-0.157222094230983,0.5,0.0,0.0,0.5,True,False,True,False,1,True,True,0.0037259999953676015,4,3.784319317550591e-09,4.886845633004392e-10,`gtol` termination condition is satisfied.,True,True,0.0,0.010107000009156764,True,0.020723800298752593,0.020633274346494646,False,False,False,False,False,False,1.0,False,False,False,0.0006594485891621336,0.004156851302884863,0.0006594512968023577,0.004156851696141501
1.8727606000029482,1786138885.1899152,0.010014700004830956,0.006774000008590519,0.010014700004830956,TELEOP,0,,0.0,1.8727606000029482,355,-0.0073312747455141275,0.02606491674947763,0.0,0.021680520743333768,0.023748602990763857,0.0449358950442587,0.9984721950123882,-0.005922234460986411,0.023390113472426706,0.0,0.019544221370177275,0.02123535493939211,0.040374692413827476,0.998767724410496,-0.017776462120102872,-0.21818598489731642,0.2784172154979939,-0.12079813872434952,0.013161283234792627,0.018627693979593917,0.9924150338045817,-0.017718543623289815,-0.21829440808567036,0.27844626999012756,-0.12090779886740793,0.013003087706639067,0.018412551211301278,0.992407780018387,-0.01771854006344769,-0.21829440933103628,0.27844626996629923,-0.12090779891208898,0.013003087709804113,0.018412550972000247,0.9924077800173418,-0.017413266109953723,-0.21886051314165617,0.27859209073255164,-0.12165231569210523,0.01187813374998926,0.01684145011457813,0.992358800829319,-0.017413266109953723,-0.21886051314165617,0.27859209073255164,-0.12165231569210523,0.01187813374998926,0.01684145011457813,0.992358800829319,-0.04664991108832624,-0.5733190270193141,0.8098238899716792,-0.18269276167868131,0.48614981631996673,-0.15176046762108716,-0.0405570710887759,-0.5692588411438068,0.8079519309878856,-0.1618809992354663,0.4882810453390965,-0.1335548655303843,-0.0405570710887759,-0.5692588411438068,0.8079519309878856,-0.1618809992354663,0.4882810453390965,-0.1335548655303843,-0.08170852784208645,-0.059832937554328676,0.027934016116687284,-0.2860784351652432,-0.035301164298519816,-0.24803118946874528,-0.06687907431706021,0.022726238373143876,-0.014826598265720633,-0.14118631628382977,0.060608005271162425,-0.15129335868257243,0.5,0.0,0.0,0.5,True,False,True,False,1,True,True,0.003301899996586144,4,3.771469213617093e-09,4.869188358857455e-10,`gtol` termination condition is satisfied.,True,True,0.0,0.010014700004830956,True,0.020811762443215004,0.020723800298752593,False,False,False,False,False,False,1.0,False,False,False,0.000659491779289656,0.004142745488959638,0.0006594944908659032,0.00414274588070257
1.8830614000034984,1786138885.2001703,0.010300800000550225,0.006728600012138486,0.010300800000550225,TELEOP,0,,0.0,1.8830614000034984,357,-0.0075008641678315615,0.026340528725120473,0.0,0.021898064047230357,0.02401008259798797,0.045404699269303114,0.9984399851813255,-0.006074563220278571,0.023674834005012257,0.0,0.019771517953494886,0.021503290841335444,0.04086040790719977,0.9987377646942489,-0.017822158239830525,-0.21810347842475536,0.27839510596249767,-0.12068437670493211,0.013325955106691996,0.018851197761942825,0.9924224566598524,-0.01776351341046154,-0.21821154268981433,0.2784240642868187,-0.12079317764252867,0.013168734987789803,0.01863759907593595,0.9924153528410001,-0.017763509727368804,-0.21821154397202158,0.27842406425385763,-0.12079317768895181,0.01316873499107493,0.018637598828496783,0.9924153528399529,-0.01745444111551692,-0.2187756981296707,0.2785693303363104,-0.12153376613840701,0.012046894717112884,0.017072369947028012,0.9923673463996494,-0.01745444111551692,-0.2187756981296707,0.2785693303363104,-0.12153376613840701,0.012046894717112884,0.017072369947028012,0.9923673463996494,-0.04754483688127224,-0.5739128251890857,0.8100979117248357,-0.18574288759911214,0.48584256591192954,-0.15442906810018955,-0.0414062128689128,-0.5698729690284959,0.8082382024592869,-0.16484401081187253,0.48792380824874143,-0.1361268900261538,-0.0414062128689128,-0.5698729690284959,0.8082382024592869,-0.16484401081187253,0.48792380824874143,-0.1361268900261538,-0.08243454684020103,-0.05961943583569838,0.027791188197616102,-0.2876486851747383,-0.03468051902143448,-0.2496917225489399,-0.07048180705147236,0.020726712354272956,-0.013865711310145998,-0.15243961725412147,0.06025214323665991,-0.16120428317275662,0.5,0.0,0.0,0.5,True,False,True,False,1,True,True,0.0037546999810729176,4,3.900040255221779e-09,5.035598757790503e-10,`gtol` termination condition is satisfied.,True,True,0.0,0.010300800000550225,True,0.020898876787239618,0.020811762443215004,False,False,False,False,False,False,1.0,False,False,False,0.0006594661137132175,0.004127587398569612,0.0006594689294855372,0.004127587803692059
1.8925237999937963,1786138885.209944,0.009462399990297854,0.007039000018266961,0.009462399990297854,TELEOP,0,,0.0,1.8925237999937963,359,-0.0076582193810524396,0.026592736113775817,0.0,0.02209691336738593,0.024249541006133774,0.04583356939344523,0.9984102213505641,-0.006216050571988091,0.023935546078670725,0.0,0.019979424743210208,0.02174882218101453,0.041305041513011835,0.9987100204094668,-0.017864602148769938,-0.21802792912186775,0.2783748607538991,-0.12058030584250681,0.01347682993537244,0.019055785207356714,0.9924291621813376,-0.017805291356878868,-0.218135658887805,0.2784037294543116,-0.1206883121158657,0.013320517026941037,0.018843617232145872,0.9924221950532782,-0.01780528795230178,-0.21813566007388502,0.27840372942833735,-0.12068831215839332,0.013320517029992943,0.018843617003539318,0.992422195052406,-0.01749270721274074,-0.2186980492056446,0.2785484790249661,-0.12142523830455237,0.012201503761242438,0.017283644763205683,0.9923750855560344,-0.01749270721274074,-0.2186980492056446,0.2785484790249661,-0.12142523830455237,0.012201503761242438,0.017283644763205683,0.9923750855560344,-0.04837267013311111,-0.5744557778866056,0.8103481015601964,-0.18855576240220898,0.48556665217676265,-0.15689263103824247,-0.0421914415753019,-0.5704344993713316,0.8084995873708507,-0.16757564883481763,0.48760148519541735,-0.1385006308452379,-0.0421914415753019,-0.5704344993713316,0.8084995873708507,-0.16757564883481763,0.48760148519541735,-0.1385006308452379,-0.08298409570449579,-0.05934333186205025,0.027623532278468713,-0.28868342341752173,-0.03406356248463243,-0.25086033369102617,-0.05807711202847326,0.029179063866590933,-0.017718117953087344,-0.10935262130584156,0.06520085152124612,-0.12350050127710524,0.5,0.0,0.0,0.5,True,False,True,False,1,True,True,0.0035208000044804066,4,3.605357903179599e-09,4.651005480507263e-10,`gtol` termination condition is satisfied.,True,True,0.0,0.009462399990297854,True,0.02098011356739135,0.020898876787239618,False,False,False,False,False,False,1.0,False,False,False,0.0006595003411598775,0.004113871669151461,0.0006595029605475187,0.004113872043091998
1.9025223999924492,1786138885.219969,0.009998599998652935,0.0070625000225845724,0.009998599998652935,TELEOP,0,,0.0,1.9025223999924492,361,-0.007826117535234779,0.02685821360120901,0.0,0.02230599747976822,0.02450178773092576,0.04628487673547498,0.9983785930497525,-0.006367283310168012,0.02421009150728458,0.0,0.020198116110657218,0.022007590233827305,0.041773129821198754,0.9986804832891358,-0.017909969551794164,-0.217948371164497,0.27835354132205525,-0.1204708226118067,0.013635808113607845,0.019271150833830252,0.9924361281119624,-0.01784995772112425,-0.21805574289694624,0.27838231409270764,-0.12057798465251658,0.013480464759389254,0.019060505825490192,0.9924293041847793,-0.017849954104691635,-0.2180557441494531,0.2783823140540125,-0.12057798469803967,0.013480464762639404,0.019060505582797788,0.9924293041838651,-0.017533676391672463,-0.21861622341654832,0.27852651017610014,-0.1213110179280268,0.012364530306558055,0.017506229255697003,0.9923831353145877,-0.017533676391672463,-0.21861622341654832,0.27852651017610014,-0.1213110179280268,0.012364530306558055,0.017506229255697003,0.9923831353145877,-0.04925368580429009,-0.575026695655176,0.8106108003543007,-0.1915396610462634,0.48528194191321067,-0.1595087175780809,-0.04302778194819132,-0.5710254241905756,0.808774242739821,-0.17047565852025046,0.48726723207480316,-0.14102355480645098,-0.04302778194819132,-0.5710254241905756,0.808774242739821,-0.17047565852025046,0.48726723207480316,-0.14102355480645098,-0.08364574770488846,-0.05910075603820391,0.0274693826142962,-0.2900415744027711,-0.03342999226483717,-0.2523277220363842,-0.06617446447320756,0.024260978924951597,-0.015417124816802415,-0.13583411531938178,0.06336589321311133,-0.14675938086889453,0.5,0.0,0.0,0.5,True,False,True,False,1,True,True,0.0037967000098433346,4,3.82738234956971e-09,4.938961566895638e-10,`gtol` termination condition is satisfied.,True,True,0.0,0.009998599998652935,True,0.021064002526012954,0.02098011356739135,False,False,False,False,False,False,1.0,False,False,False,0.0006595158240871404,0.0040990512865294974,0.000659518614353644,0.0040990516836912
1.912582699995255,1786138885.2300928,0.010060300002805889,0.007127899996703491,0.010060300002805889,TELEOP,0,,0.0,1.912582699995255,363,-0.007996731677475255,0.02712425944106105,0.0,0.022515294617577744,0.024754768753043735,0.04673701819599788,0.9983465901491395,-0.0065211919429552945,0.024485368076489683,0.0,0.020417141309369953,0.02226725692708864,0.04224232589266501,0.9986505372315555,-0.017956139716759724,-0.2178686013199688,0.2783321650996814,-0.1203611578395339,0.013795308002518464,0.01948701229741857,0.9924430147430948,-0.017895425217970298,-0.21797560822806888,0.2783608401208859,-0.12046746604234367,0.013640950974512336,0.01927791058553107,0.9924363335979312,-0.017895421558718774,-0.21797560949101025,0.278360840076098,-0.12046746608849401,0.0136409509778125,0.019277910340105116,0.9924363335970512,-0.017575442919901693,-0.21853411704483489,0.27850446483326385,-0.12119651472503244,0.012528222081074658,0.017729495870058086,0.9923911091128265,-0.017575442919901693,-0.21853411704483489,0.27850446483326385,-0.12119651472503244,0.012528222081074658,0.017729495870058086,0.9923911091128265,-0.05014649952045173,-0.5755982555578903,0.8108734070656082,-0.19455371954980516,0.4850025640882404,-0.16215402558392428,-0.043876036757824796,-0.5716175407325995,0.809049037088572,-0.17340739683748183,0.4869373958181161,-0.14357697981166695,-0.043876036757824796,-0.5716175407325995,0.809049037088572,-0.17340739683748183,0.4869373958181161,-0.14357697981166695,-0.0843170491334151,-0.05885674799546484,0.027314727063244983,-0.2914165896060442,-0.0327859265225735,-0.25381201400592374,-0.06672777435458316,0.02425454933461307,-0.015372856774458496,-0.1366773558332833,0.06402053041003122,-0.14753953352539956,0.5,0.0,0.0,0.5,True,False,True,False,1,True,True,0.003827900014584884,4,3.871323875869226e-09,4.995014261721362e-10,`gtol` termination condition is satisfied.,True,True,0.0,0.010060300002805889,True,0.021146322712323334,0.021064002526012954,False,False,False,False,False,False,1.0,False,False,False,0.0006595036678058432,0.004083778439482123,0.0006595065029916467,0.004083778841105136
1.9226070999866351,1786138885.2397504,0.01002439999138005,0.006762499979231507,0.01002439999138005,TELEOP,0,,0.0,1.9226070999866351,365,-0.008168406296920621,0.02738827793528629,0.0,0.022722764503830786,0.025006014032845632,0.04718558327436919,0.9983145275746268,-0.006676275864386841,0.024758694676578433,0.0,0.02063436965481861,0.022525290580852203,0.04270806114101718,0.9986204762504981,-0.018002662485495185,-0.21778939652221674,0.2783109402846649,-0.12025237842972407,0.013953774928238922,0.019701267976982923,0.9924497557495521,-0.017941250373634695,-0.21789603532767557,0.2783395166778774,-0.12035783151156239,0.013800411340667677,0.01949371482361456,0.9924432155660284,-0.017941246707034682,-0.2178960365894786,0.2783395166284657,-0.12035783155784636,0.01380041134398661,0.019493714577834446,0.9924432155651969,-0.01761759642579497,-0.21845253804968257,0.27848255888674966,-0.12108284650367315,0.012690967826197217,0.017951243542032366,0.992398930104974,-0.01761759642579497,-0.21845253804968257,0.27848255888674966,-0.12108284650367315,0.012690967826197217,0.017951243542032366,0.992398930104974,-0.05104241834476608,-0.5761648803137542,0.811133364137605,-0.19756851752883212,0.4847313086136773,-0.16480272721454955,-0.04472787512706027,-0.5722050132561481,0.8093212673403449,-0.17634198479271068,0.48661528069091253,-0.14613575054392802,-0.04472787512706027,-0.5722050132561481,0.8093212673403449,-0.17634198479271068,0.48661528069091253,-0.14613575054392802,-0.08497649435058144,-0.05860425801581764,0.027156762699709312,-0.2927444991971876,-0.032133107964626366,-0.25525425306864885,-0.06578400879188716,0.025187540387885694,-0.015757986879165204,-0.13246773794792985,0.06512295583860273,-0.14387285662636057,0.5,0.0,0.0,0.5,True,False,True,False,1,True,True,0.0035961000248789787,4,3.877956168116399e-09,5.002470531932028e-10,`gtol` termination condition is satisfied.,True,True,0.0,0.01002439999138005,True,0.021226532736121434,0.021146322712323334,False,False,False,False,False,False,1.0,False,False,False,0.0006594728708678476,0.004068263076950519,0.000659475724399692,0.004068263479107637
1.9325849000015296,1786138885.2491324,0.009977800014894456,0.006166700011817738,0.009977800014894456,TELEOP,0,,0.0,1.9325849000015296,367,-0.008340930825582583,0.02764999015408694,0.0,0.022928193474018563,0.025255253215990186,0.04763010105727467,0.9982824468066581,-0.0068323416934968325,0.025029780724017413,0.0,0.020849575693499836,0.02278141186492027,0.04316984335654205,0.9985903399750138,-0.018049479846270516,-0.2177108409769764,0.27828988944207145,-0.12014459759084055,0.014111038087530099,0.019913691808422906,0.9924563462200171,-0.017987375815934698,-0.21781710884739783,0.2783183664482225,-0.12024919530922122,0.013958673755425898,0.019707690544490376,0.9924499450289053,-0.01798737214637865,-0.2178171101067709,0.27831836639439855,-0.12024919535558136,0.013958673758759657,0.019707690298649532,0.992449945028123,-0.01766007986904796,-0.2183715825175142,0.2784608181927033,-0.12097014461358994,0.012852573142020998,0.018171213278251743,0.9924065913141612,-0.01766007986904796,-0.2183715825175142,0.2784608181927033,-0.12097014461358994,0.012852573142020998,0.018171213278251743,0.9924065913141612,-0.05194037560973727,-0.5767259701373777,0.81139040754923,-0.20058049724635657,0.4844684405819835,-0.1674516534533678,-0.04558219958001261,-0.5727871510507516,0.8095906236154674,-0.17927567024252394,0.48630125560497717,-0.14869655753996816,-0.04558219958001261,-0.5727871510507516,0.8095906236154674,-0.17927567024252394,0.48630125560497717,-0.14869655753996816,-0.08562252717803895,-0.05834330150278969,0.02699555760993749,-0.2940212717667204,-0.03147237722409568,-0.256650463250161,-0.0647470210360131,0.026153712505602635,-0.016156376108078085,-0.12796133091732484,0.06622008253767088,-0.13993166624185344,0.5,0.0,0.0,0.5,True,False,True,False,1,True,True,0.003336900001158938,4,3.880020509684358e-09,5.00394679978183e-10,`gtol` termination condition is satisfied.,True,True,0.0,0.009977800014894456,True,0.021304827003832627,0.021226532736121434,False,False,False,False,False,False,1.0,False,False,False,0.0006594333961182524,0.004052588797568299,0.000659436264703751,0.004052589199779197
1.9427855999965686,1786138885.259747,0.010200699995039031,0.0065811999957077205,0.010200699995039031,TELEOP,0,,0.0,1.9427855999965686,369,-0.008519002038578305,0.027916425418103397,0.0,0.02313709578005572,0.02550918301891129,0.04808250881081437,0.9982494822072437,-0.006993665401235398,0.025305898453787827,0.0,0.021068525675569594,0.023042497152718486,0.04364005655711775,0.9985593152209419,-0.018097874526310676,-0.21763082732915578,0.2782684478551494,-0.12003492718296242,0.014271318880500644,0.020129980167449206,0.9924629613300691,-0.01803506602981477,-0.21773671147971235,0.27829682204854445,-0.12013864657269507,0.014119986391524945,0.019925575480319334,0.99245670083171,-0.018035062258568556,-0.21773671276897283,0.2782968219856945,-0.12013864662052733,0.014119986394962345,0.01992557522781036,0.9924567008309406,-0.01770407768161639,-0.21828905085160918,0.27843865637687837,-0.12085538171953206,0.013017428363464997,0.01839539951290369,0.9924142948108864,-0.01770407768161639,-0.21828905085160918,0.27843865637687837,-0.12085538171953206,0.013017428363464997,0.01839539951290369,0.9924142948108864,-0.052864820136145026,-0.5772965381136318,0.8116514119381422,-0.203671168339353,0.4842071547010727,-0.17017257439439853,-0.04646264626214576,-0.5733797234732192,0.8098643899467648,-0.18228909962969125,0.48598710387092675,-0.1513299195970161,-0.04646264626214576,-0.5733797234732192,0.8098643899467648,-0.18228909962969125,0.48598710387092675,-0.1513299195970161,-0.08631237881335004,-0.05809134890309368,0.026837994591603687,-0.2954139802790839,-0.030797076102935347,-0.25815503429457215,-0.06762787217020286,0.024699540209843513,-0.015446294706288012,-0.13653068054553588,0.06620144906611877,-0.14749684287773332,0.5,0.0,0.0,0.5,True,False,True,False,1,True,True,0.0034792000078596175,4,3.986030695133178e-09,5.140471345915411e-10,`gtol` termination condition is satisfied.,True,True,0.0,0.010200699995039031,True,0.02138206870966175,0.021304827003832627,False,False,False,False,False,False,1.0,False,False,False,0.0006593520624318308,0.004036127245838968,0.0006593550220362427,0.004036127659016389
1.9527686999936122,1786138885.2698805,0.00998309999704361,0.0067323999828659,0.00998309999704361,TELEOP,0,,0.0,1.9527686999936122,371,-0.008694924565580115,0.028176066853925565,0.0,0.02334044399702293,0.02575682468465094,0.0485232521650895,0.998217062394502,-0.007153240051882169,0.025575132916350923,0.0,0.0212817787064036,0.02329727350763118,0.044098413910042544,0.9985287441194775,-0.018145744549856645,-0.21755280830404577,0.2782475407651306,-0.11992809622725972,0.014427697857542655,0.02034080209643317,0.992469316926176,-0.018082248986308738,-0.21765831238715766,0.2782758131242256,-0.12003095201272285,0.01427738535323535,0.020137970063928427,0.992463192762381,-0.01808224527545806,-0.21765831365353927,0.2782758130598365,-0.1200309520597481,0.014277385356631098,0.02013796981560034,0.9924631927616836,-0.017747658538053497,-0.21820853809517907,0.2784170327883856,-0.12074350927765219,0.01317835382643021,0.01861401187204125,0.99242171203565,-0.017747658538053497,-0.21820853809517907,0.2784170327883856,-0.12074350927765219,0.01317835382643021,0.01861401187204125,0.99242171203565,-0.05377570536832516,-0.5778519631413643,0.8119051203286076,-0.20670676898259194,0.483958741206647,-0.1728476864759729,-0.04733066591291289,-0.5739569290149484,0.8101306608591803,-0.1852504641445408,0.4856864337837571,-0.15392058277030138,-0.04733066591291289,-0.5739569290149484,0.8101306608591803,-0.1852504641445408,0.4856864337837571,-0.15392058277030138,-0.08694890875822016,-0.0578182670613467,0.026672167212024672,-0.2966377694029423,-0.030117907990373047,-0.2595048806535509,-0.0637607501736562,0.02735441314099295,-0.01661081023210456,-0.12258608290218326,0.0680317849929812,-0.13521314615484656,0.5,0.0,0.0,0.5,True,False,True,False,1,True,True,0.003606400015996769,4,3.921515153773021e-09,5.055303493307499e-10,`gtol` termination condition is satisfied.,True,True,0.0,0.00998309999704361,True,0.021456304838051138,0.02138206870966175,False,False,False,False,False,False,1.0,False,False,False,0.0006592709858292953,0.004019839756764269,0.0006592739122525308,0.004019840162996319
1.962803400005214,1786138885.2796445,0.010034700011601672,0.006460000004153699,0.010034700011601672,TELEOP,0,,0.0,1.962803400005214,373,-0.008873394146047587,0.028435933094126647,0.0,0.023543743460509678,0.026004865201025247,0.04896424994100189,0.998184322336039,-0.007315342531913634,0.025844744805379738,0.0,0.021495091158573235,0.02355260701859448,0.04455727938351549,0.9984978140249741,-0.018194372918892955,-0.21747467989094882,0.2782266043514396,-0.11982122149831972,0.014584390011851685,0.020551844702655118,0.9924755876725386,-0.01813018929752921,-0.21757979749015446,0.278254773156863,-0.1199232054750123,0.014435112665139097,0.02035060313959991,0.9924695991630158,-0.018130185548423678,-0.2175797987659392,0.2782547730863162,-0.11992320552262531,0.01443511266858192,0.020350602888851214,0.9924695991623541,-0.01779199404888678,-0.2181278689562273,0.2783953671107967,-0.12063153046839947,0.013339691784979098,0.018832976526099138,0.9924290430429275,-0.01779199404888678,-0.2181278689562273,0.2783953671107967,-0.12063153046839947,0.013339691784979098,0.018832976526099138,0.9924290430429275,-0.054697468206317906,-0.5784072324974034,0.8121583948098606,-0.20976873786553665,0.4837164212026742,-0.1755487035587876,-0.04820963691168398,-0.5745343621115431,0.8103966396711723,-0.18823952150354545,0.4853911232828058,-0.1565382889435033,-0.04820963691168398,-0.5745343621115431,0.8103966396711723,-0.18823952150354545,0.4853911232828058,-0.1565382889435033,-0.08759315153964349,-0.05754363318555287,0.02650590567575303,-0.2978721193009101,-0.02942893166809407,-0.26086541403085634,-0.0642014988667814,0.027368419133238543,-0.016568660356504686,-0.12300815136882318,0.06865938408546472,-0.135582865031586,0.5,0.0,0.0,0.5,True,False,True,False,1,True,True,0.003452399978414178,4,3.960857964992885e-09,5.105064113647997e-10,`gtol` termination condition is satisfied.,True,True,0.0,0.010034700011601672,True,0.021529216361991205,0.021456304838051138,False,False,False,False,False,False,1.0,False,False,False,0.0006591821474835945,0.004003252205123685,0.0006591851166480161,0.004003252615314275
1.9729406000114977,1786138885.2910037,0.01013720000628382,0.007676700013689697,0.01013720000628382,TELEOP,0,,0.0,1.9729406000114977,375,-0.009055346719371955,0.028697305931553143,0.0,0.023747994526653958,0.026254529671246675,0.04940767587236786,0.9981510977765815,-0.007480831400652153,0.02611606492780316,0.0,0.021709512484564545,0.02380976055055458,0.04501891588758385,0.9984663687788962,-0.01824401718949341,-0.21739605644682097,0.2782055352713513,-0.11971377701211601,0.014742169981563216,0.02076414861459362,0.9924818034352263,-0.01817914126165268,-0.2175007792038095,0.2782335982834335,-0.11981487679138413,0.014593948065135899,0.02056452304382363,0.9924759505254108,-0.018179137455255276,-0.2175007804952178,0.27823359820566973,-0.11981487683985945,0.014593948068643559,0.020564522789385573,0.9924759505247792,-0.01783732861342265,-0.21804663402912658,0.2783735505871533,-0.1205188874441,0.013502261529437355,0.019053409126435713,0.9924363225434102,-0.01783732861342265,-0.21804663402912658,0.2783735505871533,-0.1205188874441,0.013502261529437355,0.019053409126435713,0.9924363225434102,-0.05563490517203574,-0.578965055022605,0.8124124692990242,-0.2128726514322336,0.48347920617797213,-0.17828942150823382,-0.04910429495273391,-0.5751149188702135,0.8106636551208036,-0.19127201006284858,0.4850998997554339,-0.1591968942073096,-0.04910429495273391,-0.5751149188702135,0.8106636551208036,-0.19127201006284858,0.4850998997554339,-0.1591968942073096,-0.08825494618783872,-0.057269932359090996,0.02634015797911301,-0.2991445919409056,-0.028728201790574667,-0.2622622876295501,-0.06528377143441878,0.026999647465987976,-0.016350441595043865,-0.12552506009614814,0.069124598220913,-0.13779678785343918,0.5,0.0,0.0,0.5,True,False,True,False,1,True,True,0.003940499998861924,4,4.020254193214487e-09,5.180783233791478e-10,`gtol` termination condition is satisfied.,True,True,0.0,0.01013720000628382,True,0.021600641369385026,0.021529216361991205,False,False,False,False,False,False,1.0,False,False,False,0.0006590721006980944,0.003986199505822955,0.0006590751278332656,0.003986199922067064
1.982874700013781,1786138885.300452,0.00993410000228323,0.007196599995950237,0.00993410000228323,TELEOP,0,,0.0,1.982874700013781,377,-0.009235265396465941,0.02895231273496874,0.0,0.023947051213872233,0.02649829277783119,0.04984017718213212,0.9981183977647513,-0.007644661911446971,0.026380933181932905,0.0,0.02191860320673656,0.02406099171857636,0.04546944443430932,0.9984353625216906,-0.018293164009543995,-0.21731930261542162,0.27818496718946195,-0.11960898989654181,0.014896288574859693,0.020971331609633957,0.9924877799616186,-0.018227612004911513,-0.21742363402632595,0.2782129253447973,-0.1197092196186329,0.014749110494451902,0.020773298956414953,0.9924820585423133,-0.018227608255764697,-0.21742363529642045,0.2782129252655702,-0.11970921966635578,0.014749110497920315,0.020773298705939476,0.9924820585417482,-0.017882260808773077,-0.21796730605398376,0.2783522429987976,-0.12040897250246321,0.013661113390976375,0.019268584102162367,0.9924433359081605,-0.017882260808773077,-0.21796730605398376,0.2783522429987976,-0.12040897250246321,0.013661113390976375,0.019268584102162367,0.9924433359081605,-0.05655956385304372,-0.579508666460206,0.8126597199076528,-0.21592450558242252,0.48325415157935475,-0.18098676046992873,-0.04998711725644142,-0.5756809475533112,0.8109236070131537,-0.19425485887995617,0.4848214884816469,-0.16181470676975568,-0.04998711725644142,-0.5756809475533112,0.8109236070131537,-0.19425485887995617,0.4848214884816469,-0.16181470676975568,-0.08886786961119818,-0.056978355660566075,0.02616763393666934,-0.3002636188906921,-0.028025817509689462,-0.2635178387417493,-0.0616989383254234,0.029351093552300225,-0.01736685179372253,-0.1126450256721076,0.07070436986981901,-0.12638800816486412,0.5,0.0,0.0,0.5,True,False,True,False,1,True,True,0.003705700015416369,4,3.9592321008126616e-09,5.100109340339558e-10,`gtol` termination condition is satisfied.,True,True,0.0,0.00993410000228323,True,0.02166964670246635,0.021600641369385026,False,False,False,False,False,False,1.0,False,False,False,0.0006589781351188615,0.003969412304382528,0.0006589811310257401,0.003969412714052105
1.9936312999925576,1786138885.310507,0.010756599978776649,0.006496699992567301,0.010756599978776649,TELEOP,0,,0.0,1.9936312999925576,379,-0.009431871198739722,0.0292271607509925,0.0,0.024161352767843324,0.026761220554075402,0.050306192049886574,0.9980828388206682,-0.007823984600294893,0.02666653209664742,0.0,0.022143790675905172,0.024332109482336155,0.045955084221347524,0.9984015881482011,-0.01834695830039655,-0.2172365414093653,0.2781627892712158,-0.11949612049480378,0.015062574556427621,0.021194646491783754,0.9924941223979675,-0.018280678363190524,-0.21734044481795847,0.27819063274800937,-0.1195954056989855,0.014916535863848508,0.02099834637713263,0.9924885416683377,-0.01828067428553983,-0.21734044619123266,0.2781906326471612,-0.11959540575142362,0.01491653586763087,0.020998346104873573,0.9924885416677223,-0.017931579519345542,-0.21788162722291066,0.278329243118598,-0.12029048402738834,0.013832784956006008,0.019500964038656008,0.9924507876536653,-0.017931579519345542,-0.21788162722291066,0.278329243118598,-0.12029048402738834,0.013832784956006008,0.019500964038656008,0.9924507876536653,-0.05756768012422057,-0.5800937289692458,0.8129254382518708,-0.21924031667761676,0.48301895885762675,-0.18392035307521035,-0.05095155091456122,-0.5762912106987591,0.8112034261350054,-0.19750210915646899,0.4845279722614722,-0.16466777942225672,-0.05095155091456122,-0.5762912106987591,0.8112034261350054,-0.19750210915646899,0.4845279722614722,-0.16466777942225672,-0.08965971217881834,-0.056733832870230795,0.026013714594180885,-0.30188445074836073,-0.027287081489859102,-0.26523926316217994,-0.07361457795051432,0.022732349517295188,-0.01430929315881812,-0.15068254475081658,0.06867746511796734,-0.16003425095542576,0.5,0.0,0.0,0.5,True,False,True,False,1,True,True,0.003476600017165765,4,4.303868901595981e-09,5.545788853373442e-10,`gtol` termination condition is satisfied.,True,True,0.0,0.010756599978776649,True,0.021738207521147773,0.02166964670246635,False,False,False,False,False,False,1.0,False,False,False,0.0006587540721879766,0.003950306081443495,0.0006587573400262477,0.003950306527028028
2.0024188999959733,1786138885.320187,0.008787600003415719,0.007387099991319701,0.008787600003415719,TELEOP,0,,0.0,2.0024188999959733,381,-0.00959386395083638,0.02945070745460082,0.0,0.024335468126390883,0.02697522351121171,0.05068511799330093,0.9980536764731619,-0.007971776224116217,0.026899035755936714,0.0,0.022326933508497248,0.024552972531431714,0.0463503369551948,0.9983738307087772,-0.018391293739449692,-0.21716916619865695,0.2781447344038696,-0.11940431324183602,0.015198016529040927,0.021376388913658874,0.9924992092036349,-0.01832441940708801,-0.21727271548539248,0.2781724829974617,-0.11950282239827056,0.015052917955848772,0.02118151434263583,0.9924937423228495,-0.018324416055380207,-0.21727271662248127,0.2781724829307873,-0.11950282244048574,0.015052917958978087,0.02118151411894664,0.9924937423224929,-0.017972186911917206,-0.21781197329574964,0.27831051956662145,-0.12019405005198955,0.01397243927436037,0.019689718835512248,0.9924567880996144,-0.017972186911917206,-0.21781197329574964,0.27831051956662145,-0.12019405005198955,0.01397243927436037,0.019689718835512248,0.9924567880996144,-0.058396039598870284,-0.5805692234294797,0.8131410983195054,-0.2219572239055336,0.4828330719907663,-0.18632614569513473,-0.05174272305446221,-0.576786619415903,0.8114302936985122,-0.20015862132571946,0.48429407327435664,-0.16700389563026402,-0.05174272305446221,-0.576786619415903,0.8114302936985122,-0.20015862132571946,0.48429407327435664,-0.16700389563026402,-0.09003278933878017,-0.0563758838535362,0.025816783128336608,-0.302302354251207,-0.026616936026291168,-0.2658423468409183,-0.04245495468806239,0.0407334217027923,-0.02241015359913173,-0.047556045186836884,0.07626035132544169,-0.06862894060993968,0.5,0.0,0.0,0.5,True,False,True,False,1,True,True,0.003943299991078675,4,3.5399663255211347e-09,4.553191936149703e-10,`gtol` termination condition is satisfied.,True,True,0.0,0.008787600003415719,True,0.02179860257981414,0.021738207521147773,False,False,False,False,False,False,1.0,False,False,False,0.0006587239497707428,0.003935504964032694,0.0006587266588736449,0.003935505329435391
2.012415000004694,1786138885.3297622,0.009996100008720532,0.006967699999222532,0.009996100008720532,TELEOP,0,,0.0,2.012415000004694,383,-0.00977963178053089,0.02970390513535753,0.0,0.024532476190513318,0.027217775581835885,0.05111418956247716,0.9980203855281263,-0.00814155042909628,0.027162454533580245,0.0,0.022534198939103182,0.024803393275183546,0.046798016271593974,0.9983420992992599,-0.01844222368052298,-0.21709283234784169,0.2781242788349396,-0.11930040082624416,0.01535155708032044,0.02158222527328819,0.9925048874490041,-0.018374676330175168,-0.21719597486516737,0.278151918438828,-0.1193980247337663,0.015207536304932818,0.021388979701817093,0.9924995486530583,-0.01837467250482606,-0.21719597615232916,0.2781519183428313,-0.11939802478275854,0.01520753630850946,0.021388979446660843,0.9924995486526085,-0.018018894630653065,-0.21773302346041204,0.27828931332741613,-0.12008497150195747,0.01413081412917279,0.019903666778796316,0.9924634823308007,-0.018018894630653065,-0.21773302346041204,0.27828931332741613,-0.12008497150195747,0.01413081412917279,0.019903666778796316,0.9924634823308007,-0.05934417743061771,-0.5811069857644808,0.8133846840693065,-0.22505695906230938,0.48262896982356046,-0.1890734288848892,-0.05264892669891379,-0.5773471965699285,0.8116866285671639,-0.2031916157740273,0.48403525599157793,-0.16967380606517102,-0.05264892669891379,-0.5773471965699285,0.8116866285671639,-0.2031916157740273,0.48403525599157793,-0.16967380606517102,-0.09065572009693885,-0.056079586392332695,0.025643487803054855,-0.30341777749941246,-0.025891826067457175,-0.2670952103898298,-0.062317379539545206,0.029641306203921636,-0.017336293667587644,-0.11158584320208748,0.07253928614173659,-0.12533523552370612,0.5,0.0,0.0,0.5,True,False,True,False,1,True,True,0.0037394000100903213,4,4.037238739750278e-09,5.19684306414507e-10,`gtol` termination condition is satisfied.,True,True,0.0,0.009996100008720532,True,0.021865343288282074,0.02179860257981414,False,False,False,False,False,False,1.0,False,False,False,0.0006586919527815585,0.003918511031163672,0.0006586950483943602,0.0039185114484725
2.0227372999943327,1786138885.3396544,0.01032229998963885,0.006535599997732788,0.01032229998963885,TELEOP,0,,0.0,2.0227372999943327,385,-0.009973126736561061,0.02996413550818039,0.0,0.024734732782204373,0.02746724599940179,0.051555051678718156,0.9979858816826047,-0.008318622646319801,0.027433329875106768,0.0,0.022747088873883433,0.025061103093386817,0.047258231219696224,0.9983091558437658,-0.018495342959585034,-0.21701433770546297,0.2781032442163758,-0.11919365440834326,0.015509538125545088,0.021793812421408203,0.992510633049368,-0.018427104213403073,-0.21711705617948432,0.27813077020204197,-0.11929036205661309,0.015366638533878792,0.02160225589704877,0.9925054249124937,-0.018427100245949762,-0.21711705750985333,0.27813077009373754,-0.11929036210769857,0.0153666385376005,0.02160225563256257,0.9925054249120527,-0.01806770243191485,-0.21765176167141434,0.2782674924178152,-0.11997285863316062,0.014293922544349528,0.020123835020658808,0.9924702656673121,-0.01806770243191485,-0.21765176167141434,0.2782674924178152,-0.11997285863316062,0.014293922544349528,0.020123835020658808,0.9924702656673121,-0.0603295520486777,-0.5816589096188158,0.8136343350675909,-0.228267707213048,0.48242632045348316,-0.19192179276803245,-0.053591830553199715,-0.5779231591734056,0.8119496006926639,-0.20633694826880877,0.4837756911998447,-0.17244549971848686,-0.053591830553199715,-0.5779231591734056,0.8119496006926639,-0.20633694826880877,0.4837756911998447,-0.17244549971848686,-0.09134629445301717,-0.05579789427310352,0.025476117315316522,-0.30471237010536745,-0.02514602288189119,-0.2685151231894032,-0.0669012096888761,0.027289666015512838,-0.016214456846471444,-0.12541706860432905,0.07225164801590704,-0.13755779244922633,0.5,0.0,0.0,0.5,True,False,True,False,1,True,True,0.0033742000232450664,4,4.185964323594397e-09,5.388013567482748e-10,`gtol` termination condition is satisfied.,True,True,0.0,0.01032229998963885,True,0.021930758944239237,0.021865343288282074,False,False,False,False,False,False,1.0,False,False,False,0.000658610904119365,0.0039005056047537205,0.0006586141267259387,0.003900506037426824
2.0327789000002667,1786138885.3501773,0.010041600005934015,0.0070180000038817525,0.010041600005934015,TELEOP,0,,0.0,2.0327789000002667,387,-0.010162975585910805,0.030216079921645392,0.0,0.024930333367572173,0.027708948010956518,0.051981753381612546,0.9979521982508386,-0.008492538650620288,0.02769574842380441,0.0,0.02295310400764087,0.025310955119860295,0.047703948962546816,0.9982769374380607,-0.01854751544926456,-0.21693829366708048,0.27808286628812384,-0.11909034143091286,0.01566267542705402,0.02199872242574761,0.9925161093846137,-0.018478606827228766,-0.2170405954025728,0.27811028061266424,-0.11918615508986748,0.015520874985620318,0.0218088166426632,0.9925110268360859,-0.018478602949482295,-0.21704059670194867,0.27811028050489367,-0.11918615513975582,0.015520874989272857,0.021808816384295177,0.9925110268357151,-0.018115699303923836,-0.2175730029038058,0.2782463407847612,-0.11986428318346991,0.014452102352154475,0.020337142922153294,0.9924767458093312,-0.018115699303923836,-0.2175730029038058,0.2782463407847612,-0.11986428318346991,0.014452102352154475,0.020337142922153294,0.9924767458093312,-0.06129409681592086,-0.5821925695121186,0.8138753889948432,-0.23140040183718757,0.4822370569813574,-0.1947034630966185,-0.054515309946258875,-0.578480396150239,0.8122036523385169,-0.20940756343158864,0.4835306378893736,-0.1751540591429021,-0.054515309946258875,-0.578480396150239,0.8122036523385169,-0.20940756343158864,0.4835306378893736,-0.1751540591429021,-0.09196536333984977,-0.05549284740520396,0.02529991691591331,-0.30578943205916453,-0.02440381117812421,-0.2697338494676781,-0.061650422887463835,0.03037831298989156,-0.017547044225928957,-0.10725999374209469,0.07391368938499572,-0.12136773796553174,0.5,0.0,0.0,0.5,True,False,True,False,1,True,True,0.004049000010127202,4,4.091076851861488e-09,5.263320554421622e-10,`gtol` termination condition is satisfied.,True,True,0.0,0.010041600005934015,True,0.02199283840559893,0.021930758944239237,False,False,False,False,False,False,1.0,False,False,False,0.0006585346000729022,0.0038828503681341076,0.0006585377652583924,0.0038828507906827495
2.042986499989638,1786138885.3603852,0.010207599989371374,0.007017900003120303,0.010207599989371374,TELEOP,0,,0.0,2.042986499989638,388,-0.010357588176289019,0.030470956414252893,0.0,0.02512799394586369,0.02795363784262352,0.05241329763766089,0.9979178444553269,-0.008671035497665612,0.027961367857517103,0.0,0.023161398246189024,0.025564047156388173,0.04815497123353894,0.9982440222058756,-0.018601062163570964,-0.21686132205334255,0.27806223978131944,-0.11898587174352611,0.01581777115321659,0.022206058788048468,0.9925215621810336,-0.018531475654444164,-0.2169631959848921,0.2780895394797131,-0.11908077433500629,0.015677096239478442,0.022017838125080808,0.9925166057258545,-0.01853147169584588,-0.2169631973079953,0.27808953936284553,-0.11908077438612832,0.015677096243220227,0.02201783786147024,0.9925166057255097,-0.018165035214711647,-0.21749322919867276,0.27822492014848,-0.11975444359334783,0.014612413955697812,0.02055314611577589,0.9924832083127546,-0.018165035214711647,-0.21749322919867276,0.27822492014848,-0.11975444359334783,0.014612413955697812,0.02055314611577589,0.9924832083127546,-0.062280672372267164,-0.5827316712682664,0.8141185671965141,-0.2345940747865724,0.4820527490085734,-0.1975418735620159,-0.055460700196723764,-0.5790437817222194,0.8124601279194628,-0.21254071623366919,0.48328925726896327,-0.17792056702665826,-0.055460700196723764,-0.5790437817222194,0.8124601279194628,-0.21254071623366919,0.48328925726896327,-0.17792056702665826,-0.09261631053815543,-0.0551927556494082,0.02512594353353544,-0.3069431409286135,-0.023647147288460586,-0.2710243237035913,-0.06377083731567301,0.029398855373273785,-0.017043514886850956,-0.11302449847665555,0.07412750210152243,-0.1264228846405556,0.5,0.0,0.0,0.5,True,False,True,False,1,True,True,0.003509599977405742,4,4.175495230888869e-09,5.370963117476051e-10,`gtol` termination condition is satisfied.,True,True,0.0,0.010207599989371374,True,0.02205335855290322,0.02199283840559893,False,False,False,False,False,False,1.0,False,False,False,0.0006584356133747404,0.003864617462562605,0.0006584388574938228,0.003864617893731325
2.0529587999917567,1786138885.3701258,0.009972300002118573,0.006785200006561354,0.009972300002118573,TELEOP,0,,0.0,2.0529587999917567,391,-0.01054928944146244,0.030718747312129986,0.0,0.025319950761179568,0.02819169376945854,0.05283272581781568,0.9978841774367004,-0.008847040804599995,0.028219767278498332,0.0,0.023363808863335347,0.02581044165879128,0.04859360819610542,0.9982117083961995,-0.01865386147944386,-0.21678644264876185,0.2780421739245493,-0.11888433966490625,0.015968736759854857,0.022407690070780195,0.992526779817263,-0.018583615250856906,-0.2168878943916687,0.27806936050122344,-0.11897834964498852,0.015829169651926708,0.022221123067464175,0.992521945043789,-0.018583611366353385,-0.21688789568913436,0.27806936038425645,-0.1189783496951384,0.015829169655613325,0.022221122808923757,0.9925219450435068,-0.01821373093679496,-0.21741560257329046,0.2782040734928933,-0.11964764327878812,0.014768502646397624,0.020763261043781688,0.9924894053732982,-0.01821373093679496,-0.21741560257329046,0.2782040734928933,-0.11964764327878812,0.014768502646397624,0.020763261043781688,0.9924894053732982,-0.06325031245475132,-0.5832550771750424,0.8143543448899107,-0.2377227805591516,0.4818805543192667,-0.20032501753016302,-0.056390207259095215,-0.579591008631484,0.8127088910920733,-0.2156113819814627,0.483060947014802,-0.18063452956980966,-0.056390207259095215,-0.579591008631484,0.8127088910920733,-0.2156113819814627,0.483060947014802,-0.18063452956980966,-0.09320889485614951,-0.05487469381671249,0.024945416058253258,-0.30791951176169835,-0.022894443018438487,-0.2721501100623546,-0.059423033589863124,0.03189453111399924,-0.018102892536709735,-0.09790828924895953,0.07547950521566622,-0.11289134487772676,0.5,0.0,0.0,0.5,True,False,True,False,1,True,True,0.0036001999978907406,4,4.097128998102762e-09,5.267706476724851e-10,`gtol` termination condition is satisfied.,True,True,0.0,0.009972300002118573,True,0.0221113985776889,0.02205335855290322,False,False,False,False,False,False,1.0,False,False,False,0.0006583568252814444,0.003846759312673624,0.0006583600237440461,0.0038467597354506404
2.062849100009771,1786138885.3808355,0.009890300018014386,0.007606400002259761,0.009890300018014386,TELEOP,0,,0.0,2.062849100009771,393,-0.010740944189732295,0.030963309527346806,0.0,0.025509204434435256,0.02842681057514074,0.053246573586712975,0.9978506898985049,-0.00902318914771506,0.02847495238770982,0.0,0.023563485115916313,0.026053948580471803,0.049026666068241076,0.9981795128867309,-0.018706703734485044,-0.21671249467548875,0.2780223576580479,-0.11878416626014207,0.01611790796607734,0.022606745545024603,0.99253184832757,-0.01863580573014099,-0.21681352354084743,0.27804943092827933,-0.11887728857658433,0.015979447509309255,0.022421825666856594,0.9925271327534285,-0.01863580186157844,-0.21681352483141475,0.27804943080796596,-0.11887728862659228,0.015979447512994734,0.02242182540951159,0.9925271327531932,-0.018262507192227696,-0.21733892921355816,0.2781834822001575,-0.11954224924994214,0.014922762573387306,0.02097073084307347,0.9924954358833851,-0.018262507192227696,-0.21733892921355816,0.2781834822001575,-0.11954224924994214,0.014922762573387306,0.02097073084307347,0.9924954358833851,-0.06421764225617378,-0.5837709391291566,0.8145864164830451,-0.24083399804773395,0.48171752680814983,-0.2030950129924312,-0.05731773735531247,-0.5801305254745726,0.8129538035718991,-0.21866580149270842,0.48284197479666907,-0.18333669850105308,-0.05731773735531247,-0.5801305254745726,0.8129538035718991,-0.21866580149270842,0.48284197479666907,-0.18333669850105308,-0.09378179575218427,-0.054550098794355004,0.024762896917147764,-0.3088298136236852,-0.022140098655663114,-0.2732140507691015,-0.05792553259165705,0.03281953244757604,-0.018454358388830413,-0.0920398633336518,0.07627113044107806,-0.10757415900518458,0.5,0.0,0.0,0.5,True,False,True,False,1,True,True,0.004044300003442913,4,4.079928371704526e-09,5.243696536354495e-10,`gtol` termination condition is satisfied.,True,True,0.0,0.009890300018014386,True,0.022168196555025527,0.0221113985776889,False,False,False,False,False,False,1.0,False,False,False,0.0006583072616109164,0.003829066175515764,0.0006583104608138673,0.0038290665962957167
2.072362700011581,1786138885.3892965,0.009513600001810119,0.006552899983944371,0.009513600001810119,TELEOP,0,,0.0,2.072362700011581,395,-0.010926729861605278,0.03119742875129345,0.0,0.025690188727972546,0.028652038999373478,0.05364264224951982,0.9978183911898947,-0.009194096175055563,0.028719399140078438,0.0,0.023754559619143495,0.02628737135863436,0.04944138739039199,0.9981484079120034,-0.018757973689386337,-0.21664165846545647,0.27800337525885555,-0.11868829611721067,0.016260878625918348,0.022797362384378312,0.9925366252483694,-0.01868645074246527,-0.21674227647316247,0.27803033844314673,-0.11878056203851285,0.016123490422226047,0.022614034024075084,0.9925320229612632,-0.018686447005524666,-0.21674227772020835,0.2780303383267132,-0.11878056208672239,0.016123490425800885,0.02261403377560875,0.9925320229610968,-0.018309841338059157,-0.21726550801004568,0.2781637592395974,-0.11944137818714436,0.01507056237721144,0.021169323822203368,0.9925011310095827,-0.018309841338059157,-0.21726550801004568,0.2781637592395974,-0.11944137818714436,0.01507056237721144,0.021169323822203368,0.9925011310095827,-0.06515336193263024,-0.5842641182308355,0.8148079986882226,-0.24383420665940703,0.4815679970667125,-0.20576839771796562,-0.05821465026669072,-0.5806462347712891,0.8131875941485948,-0.2216104186805625,0.48263837456631226,-0.18594407331748936,-0.05821465026669072,-0.5806462347712891,0.8131875941485948,-0.2216104186805625,0.48263837456631226,-0.18594407331748936,-0.0942769205356116,-0.054207586677849945,0.024574354256139658,-0.30951660646798473,-0.021400966018971478,-0.27406815673774293,-0.05204389330359903,0.036002366763358655,-0.01981822453879004,-0.07219063700059161,0.07769221289007379,-0.08977736802881636,0.5,0.0,0.0,0.5,True,False,True,False,1,True,True,0.0033928999910131097,4,3.94124412855102e-09,5.062508727533675e-10,`gtol` termination condition is satisfied.,True,True,0.0,0.009513600001810119,True,0.022223787978844528,0.022168196555025527,False,False,False,False,False,False,1.0,False,False,False,0.000658333429931412,0.0038123366359229457,0.0006583365352172353,0.0038123370420368795
2.0825439000036567,1786138885.400676,0.010181199992075562,0.007752000004984438,0.010181199992075562,TELEOP,0,,0.0,2.0825439000036567,397,-0.011127099071603287,0.03144674185684511,0.0,0.02588271611119151,0.028892046838853592,0.05406429921229867,0.997783737182989,-0.00937866446253229,0.02897982607841746,0.0,0.023957899973354825,0.02653623803272995,0.04988309269461594,0.998114985441636,-0.018813341881560634,-0.21656619147067804,0.27798315190946954,-0.11858625862086632,0.01641328242238063,0.02300037000054047,0.9925416295583105,-0.018741153664361597,-0.2166663660178959,0.27800999627201717,-0.11867760678256008,0.016277048593781734,0.022818750017165376,0.9925371469043837,-0.01874114965205771,-0.21666636735087516,0.2780099961343569,-0.11867760683480655,0.016277048597630874,0.02281874975053635,0.9925371469042032,-0.018361036300848992,-0.21718722940982943,0.2781427426413071,-0.11933402339506433,0.015228225038928282,0.02138103412875987,0.9925070999252826,-0.018361036300848992,-0.21718722940982943,0.2781427426413071,-0.11933402339506433,0.015228225038928282,0.02138103412875987,0.9925070999252826,-0.06616060535049431,-0.5847884376651723,0.8150432680828229,-0.24705299776388145,0.4814161014631853,-0.2086390375099917,-0.05918104257096372,-0.5811949844105943,0.8134360045177425,-0.2247727029450579,0.48242842010594617,-0.18874687933600381,-0.05918104257096372,-0.5811949844105943,0.8134360045177425,-0.2247727029450579,0.48242842010594617,-0.18874687933600381,-0.09491929291490031,-0.053898326300659695,0.02439892835236289,-0.31060034838297546,-0.02062177941004168,-0.2752923054940464,-0.06309397514916645,0.03037563130386979,-0.017230375978598625,-0.1064454009187775,0.07653190287355795,-0.12023619585670234,0.5,0.0,0.0,0.5,True,False,True,False,1,True,True,0.003854000009596348,4,4.230173346010673e-09,5.434540654504217e-10,`gtol` termination condition is satisfied.,True,True,0.0,0.010181199992075562,True,0.022280294818823543,0.022223787978844528,False,False,False,False,False,False,1.0,False,False,False,0.0006583350813473989,0.0037941237023685986,0.0006583384248697114,0.0037941241384121262
2.092504400003236,1786138885.4107943,0.009960499999579042,0.007909600011771545,0.009960499999579042,TELEOP,0,,0.0,2.092504400003236,398,-0.011324664297699011,0.03168940530073612,0.0,0.026069907760113965,0.029125814026803556,0.054474594905393955,0.9977497508777181,-0.009560823100840969,0.029233473144680618,0.0,0.02415573228324706,0.026778800377024445,0.05031317685635606,0.9980821512695479,-0.018867987238707185,-0.21649268914198727,0.27796345503267517,-0.11848697216337149,0.016561800834592227,0.023198025611704382,0.9925464199665376,-0.018795151031965524,-0.21659242586316063,0.27799018208304976,-0.11857742075123191,0.016426703463977937,0.02301808277841723,0.9925420527949926,-0.018795147090869827,-0.21659242717199587,0.2779901819454517,-0.11857742080255378,0.016426703467774244,0.023018082516655495,0.992542052794869,-0.01841161412951079,-0.21711096066330432,0.2781222640723116,-0.11922951211416852,0.015381926881073418,0.021587240709876183,0.9925128265191219,-0.01841161412951079,-0.21711096066330432,0.2781222640723116,-0.11922951211416852,0.015381926881073418,0.021587240709876183,0.9925128265191219,-0.06715165956346633,-0.5852980160330125,0.8152716231196655,-0.25020970360751776,0.4812755395147648,-0.21145669887371796,-0.06013233150927529,-0.5817286013780087,0.8136772272506954,-0.22787556785712337,0.48223071912692156,-0.19149956932868265,-0.06013233150927529,-0.5817286013780087,0.8136772272506954,-0.22787556785712337,0.48223071912692156,-0.19149956932868265,-0.09550614310042443,-0.053573311323435756,0.02421793413614518,-0.31151698330370875,-0.01984849947622502,-0.2763606237433021,-0.058917743642279696,0.032630387755401294,-0.01817119785405951,-0.09202699872215836,0.07763465025343524,-0.10725548409225502,0.5,0.0,0.0,0.5,True,False,True,False,1,True,True,0.004519899986917153,4,4.1550232467105655e-09,5.335450090673841e-10,`gtol` termination condition is satisfied.,True,True,0.0,0.009960499999579042,True,0.02233413575039439,0.022280294818823543,False,False,False,False,False,False,1.0,False,False,False,0.0006583465670095033,0.0037762122319023772,0.0006583498662504553,0.0037762126598907798
2.1027138000063132,1786138885.4199898,0.010209400003077462,0.006896500010043383,0.010209400003077462,TELEOP,0,,0.0,2.1027138000063132,401,-0.011528738405907386,0.031936844417676816,0.0,0.026260579416722652,0.02936434499307081,0.05489284845171136,0.9977148352112859,-0.009749195893032168,0.029492257358817768,0.0,0.02435734844197244,0.02702645687788001,0.05075184491432161,0.9980483657835912,-0.018924496796765576,-0.2164176981422228,0.27794335921590707,-0.11838577349368178,0.01671341267751861,0.023399614724972234,0.9925512221047821,-0.01885099975500884,-0.21651698218620893,0.27796996497471854,-0.1184752987985047,0.016579486907422773,0.02322139600577301,0.9925469716623163,-0.018850995701201932,-0.2165169835293494,0.27796996482548264,-0.11847529885154898,0.016579486911341524,0.02322139573666953,0.9925469716622151,-0.01846399469494927,-0.21703308740358065,0.27810136017533005,-0.11912294809894691,0.015538949222053863,0.021797741803626567,0.992518575516626,-0.01846399469494927,-0.21703308740358065,0.27810136017533005,-0.11912294809894691,0.015538949222053863,0.021797741803626567,0.992518575516626,-0.06817332242891906,-0.5858167689615618,0.8155037875011267,-0.25345298092105617,0.48113983941394034,-0.21435410626441606,-0.061113914551972785,-0.5822723329994657,0.8139226721006579,-0.23106665399785106,0.482036172114779,-0.19433318990941165,-0.061113914551972785,-0.5822723329994657,0.8139226721006579,-0.23106665399785106,0.482036172114779,-0.19433318990941165,-0.09614502736709409,-0.05325794084794809,0.024041065085965183,-0.3125635335833437,-0.019055675366221148,-0.2775501576855493,-0.06257804243903348,0.030890206612788334,-0.017324137571912396,-0.10250849994314012,0.07765628829949733,-0.11651359941706949,0.5,0.0,0.0,0.5,True,False,True,False,1,True,True,0.0034540000197011977,4,4.273130947972531e-09,5.486191460328732e-10,`gtol` termination condition is satisfied.,True,True,0.0,0.010209400003077462,True,0.022386326923205108,0.02233413575039439,False,False,False,False,False,False,1.0,False,False,False,0.000658329496375951,0.0037575343675909857,0.0006583329026060913,0.0037575348076559897
2.1127662000071723,1786138885.429984,0.010052400000859052,0.006835800013504922,0.010052400000859052,TELEOP,0,,0.0,2.1127662000071723,403,-0.011731221030523554,0.03217919446141182,0.0,0.026447129754007717,0.029598129656822507,0.05530238522788559,0.9976803828063872,-0.009936277296284376,0.0297458862121101,0.0,0.02455473356310287,0.027269353853840772,0.051181651824273915,0.9980149727917803,-0.018980618983554826,-0.21634420105495217,0.27792366372117877,-0.11828668558990686,0.01686208625857247,0.023597120855542796,0.9925558452532995,-0.01890647417459161,-0.216443035341448,0.2779501489706049,-0.11837530030932479,0.0167293209443943,0.02342060517397841,0.9925517081496064,-0.01890647016806617,-0.21644303666827824,0.2779501488199858,-0.11837530036179314,0.01672932094828312,0.023420604908151354,0.9925517081495558,-0.01851607336814776,-0.21695672815137193,0.27808086187259645,-0.11901854943088062,0.015693005315524287,0.0220040853274521,0.9925241229836372,-0.01851607336814776,-0.21695672815137193,0.27808086187259645,-0.11901854943088062,0.015693005315524287,0.0220040853274521,0.9925241229836372,-0.06918493291701483,-0.5863240516915194,0.8157305246259811,-0.25665368554116663,0.4810144928940645,-0.21721587343283597,-0.06208639349508409,-0.5828044045028745,0.814162519916074,-0.23421785615779536,0.48185255524517456,-0.19713395077124476,-0.06208639349508409,-0.5828044045028745,0.814162519916074,-0.23421785615779536,0.48185255524517456,-0.19713395077124476,-0.09674097161157479,-0.05292979819379619,0.023859756415941187,-0.31347759337819825,-0.01826597325899715,-0.27861613759836124,-0.059283777449143336,0.032643214965964555,-0.018036356492827754,-0.09092950885126114,0.07855856384112377,-0.10604232946568315,0.5,0.0,0.0,0.5,True,False,True,False,1,True,True,0.0037959999754093587,4,4.223199112871571e-09,5.419670779008746e-10,`gtol` termination condition is satisfied.,True,True,0.0,0.010052400000859052,True,0.02243582938337127,0.022386326923205108,False,False,False,False,False,False,1.0,False,False,False,0.0006583118587055222,0.0037389887067972535,0.000658315240129396,0.0037389891414292705
2.1228155000135303,1786138885.44039,0.010049300006357953,0.007192099990788847,0.010049300006357953,TELEOP,0,,0.0,2.1228155000135303,405,-0.01193516716788003,0.03242018663522408,0.0,0.026632438683494714,0.029830760849698768,0.055709514805920804,0.9976458734826636,-0.010124898020246126,0.029998251595358363,0.0,0.024750922868004403,0.02751121312947153,0.05160919650402666,0.9979814706724448,-0.019037202977686293,-0.21627107008040283,0.2779040663247985,-0.11818818523010037,0.017010100404936737,0.02379357669143854,0.9925603634361279,-0.018962413538065968,-0.2163694507371768,0.27793043002716933,-0.11827588828774713,0.01687850186379303,0.023618768687709287,0.9925563380434659,-0.018962409518724563,-0.21636945206685404,0.27793042987131417,-0.1182758883405067,0.01687850186770943,0.02361876842117021,0.9925563380434548,-0.018568636520066736,-0.2168807126239623,0.2780604569516502,-0.1189147283374252,0.015846452441454693,0.02220944278177375,0.992529555217768,-0.018568636520066736,-0.2168807126239623,0.2780604569516502,-0.1189147283374252,0.015846452441454693,0.02220944278177375,0.992529555217768,-0.07020183123563972,-0.5868276635425486,0.8159553349028363,-0.2598604050557053,0.48089745279958557,-0.22008538399128155,-0.06306450813690843,-0.5833329804923538,0.814400463895044,-0.2373769915319101,0.48167698216573546,-0.19994429615940412,-0.06306450813690843,-0.5833329804923538,0.814400463895044,-0.2373769915319101,0.48167698216573546,-0.19994429615940412,-0.09733161923770939,-0.05259828934800568,0.023677666983703032,-0.3143637240520283,-0.017471175039857782,-0.27965583536975946,-0.058775001817132876,0.03298825247338311,-0.018119613517653208,-0.08817834807094832,0.07908990861418383,-0.10345972065123263,0.5,0.0,0.0,0.5,True,False,True,False,1,True,True,0.0035468999994918704,4,4.236441631217671e-09,5.434776359121204e-10,`gtol` termination condition is satisfied.,True,True,0.0,0.010049300006357953,True,0.02248341352379518,0.02243582938337127,False,False,False,False,False,False,1.0,False,False,False,0.0006582944427437805,0.003720300866990645,0.0006582978489056348,0.003720301302766063
2.1329304999962915,1786138885.4498196,0.01011499998276122,0.0065070999844465405,0.01011499998276122,TELEOP,0,,0.0,2.1329304999962915,407,-0.012141979142202237,0.0326614490911005,0.0,0.02681775935475089,0.030063809013124842,0.05611698835892798,0.9976110759150266,-0.010316361754418251,0.030251056164463067,0.0,0.024947240251561028,0.02775366601097453,0.052037363571482434,0.9979476349084213,-0.01909463987101173,-0.2161978118191174,0.2778844348070717,-0.11808960777485007,0.017158453523497118,0.023990307755114505,0.9925648075274879,-0.01901920467838301,-0.21629573191232385,0.27791067510437684,-0.11817639209307323,0.017028035797638078,0.02381722333893258,0.9925608929537584,-0.01901920061920136,-0.2162957332534847,0.27791067494143107,-0.11817639214651876,0.01702803580160847,0.02381722306989186,0.9925608929537827,-0.01862205382263211,-0.2168045203075886,0.2780400067319339,-0.11881078232377386,0.01600034067272167,0.022415223884272275,0.9925349086254789,-0.01862205382263211,-0.2168045203075886,0.2780400067319339,-0.11881078232377386,0.01600034067272167,0.022415223884272275,0.9925349086254789,-0.0712310030989285,-0.5873309812608777,0.816179730228744,-0.26309490667809043,0.4807880500096145,-0.2229821294820401,-0.06405509175877053,-0.5838616572355833,0.8146381259023022,-0.2405658739584368,0.4815083945219386,-0.20278365177176697,-0.06405509175877053,-0.5838616572355833,0.8146381259023022,-0.2405658739584368,0.4815083945219386,-0.20278365177176697,-0.09793214271382321,-0.05226660841626043,0.023495996803100726,-0.3152627218943575,-0.01666709284074544,-0.28070742631753814,-0.059369597344268756,0.0327909967682183,-0.017960472655652097,-0.08887769094032202,0.07949403860432253,-0.10396351453987873,0.5,0.0,0.0,0.5,True,False,True,False,1,True,True,0.003469400020549074,4,4.2781093275305176e-09,5.486532416777778e-10,`gtol` termination condition is satisfied.,True,True,0.0,0.01011499998276122,True,0.022529032719653647,0.02248341352379518,False,False,False,False,False,False,1.0,False,False,False,0.0006582678455489152,0.003701289534320558,0.0006582712991360858,0.0037012899741882734
2.142460700008087,1786138885.4603612,0.009530200011795387,0.007519799983128905,0.009530200011795387,TELEOP,0,,0.0,2.142460700008087,409,-0.012338233491615825,0.03288755605799787,0.0,0.026991260440477016,0.030282359289027883,0.05649876301331553,0.9975782377105517,-0.010498182392400229,0.0304881581549801,0.0,0.025131175177123478,0.02798121124179978,0.05243882780112843,0.9979156503384954,-0.01914918397380196,-0.21612910386884507,0.2778660226570755,-0.11799723633201613,0.017297663598555002,0.02417476027856666,0.992568901395521,-0.01907314243082874,-0.21622658596003425,0.2778921455944201,-0.11808315322857368,0.017168365104859966,0.024003305488334428,0.9925650897995845,-0.019073138591893843,-0.21622658723066737,0.2778921454423441,-0.11808315327893562,0.01716836510863189,0.02400330523401248,0.9925650897996781,-0.01867278463626371,-0.21673308077172243,0.2780208240961308,-0.1187133449816518,0.016144707631550098,0.022608085686765214,0.9925398554216043,-0.01867278463626371,-0.21673308077172243,0.2780208240961308,-0.1187133449816518,0.016144707631550098,0.022608085686765214,0.9925398554216043,-0.07220568340744819,-0.5878019670482579,0.8163894549798999,-0.2661483678457387,0.4806926299906278,-0.22571885125713062,-0.06499288942369857,-0.5843563480819992,0.8148602259806299,-0.24357552059279372,0.48135689928325304,-0.20546564175123244,-0.06499288942369857,-0.5843563480819992,0.8148602259806299,-0.24357552059279372,0.48135689928325304,-0.20546564175123244,-0.09840272646611277,-0.051907708736825695,0.023304870627346753,-0.3158009937495481,-0.015896333602452208,-0.2814201145984359,-0.04937816118309509,0.03765919697283652,-0.020054791664122485,-0.056480646211454905,0.08087545249200155,-0.074782090618844,0.5,0.0,0.0,0.5,True,False,True,False,1,True,True,0.003952800005208701,4,4.046610531135559e-09,5.185757921659682e-10,`gtol` termination condition is satisfied.,True,True,0.0,0.009530200011795387,True,0.022572847252944978,0.022529032719653647,False,False,False,False,False,False,1.0,False,False,False,0.0006583139014630898,0.003683634906114042,0.0006583171839915316,0.003683635321691969
2.153834700002335,1786138885.4708827,0.011373999994248152,0.00666720001026988,0.011373999994248152,TELEOP,0,,0.0,2.153834700002335,411,-0.012574223978921734,0.0331558635722263,0.0,0.02719691985729006,0.030541877294024238,0.05695166318334671,0.9975389863771159,-0.010717183516855964,0.030769584662990686,0.0,0.025349232790396126,0.02825150749165668,0.05291519382927917,0.9978773727184103,-0.019214881832084186,-0.2160475514362848,0.27784416846677296,-0.11788771382651853,0.017462998212142068,0.02439361278306202,0.99257366591986,-0.019138122817368805,-0.21614450763562895,0.27787015049445507,-0.11797259737904163,0.017335039343091954,0.024224102751331196,0.9925699751274513,-0.019138118227680995,-0.21614450914228187,0.27787015028546397,-0.11797259744042676,0.01733503934761186,0.02422410244746157,0.9925699751274923,-0.018734126123871382,-0.21664804272228136,0.2779980250931143,-0.11859776053777968,0.016316646248202078,0.022837703396112866,0.9925456047730128,-0.018734126123871382,-0.21664804272228136,0.2779980250931143,-0.11859776053777968,0.016316646248202078,0.022837703396112866,0.9925456047730128,-0.07337576139881204,-0.5883595440226292,0.8166374204168242,-0.2698000795656393,0.4805889508460483,-0.2289946503097748,-0.06612244425347238,-0.584943726009918,0.8151235330384456,-0.2471868559672007,0.4811862772185255,-0.20868703914279535,-0.06612244425347238,-0.584943726009918,0.8151235330384456,-0.2471868559672007,0.4811862772185255,-0.20868703914279535,-0.09931025411860621,-0.05164216003304023,0.023149908383056122,-0.3175079458618969,-0.015001060736221096,-0.28322466970212523,-0.07978966528506877,0.023346993486878485,-0.013624252186477401,-0.15007491763776787,0.07871222671741274,-0.15865615479179612,0.5,0.0,0.0,0.5,True,False,True,False,1,True,True,0.0034940000041387975,4,4.835174710316118e-09,6.200816660792515e-10,`gtol` termination condition is satisfied.,True,True,0.0,0.011373999994248152,True,0.022613223598438592,0.022572847252944978,False,False,False,False,False,False,1.0,False,False,False,0.0006581091494267695,0.0036609564775052423,0.0006581130790594809,0.003660956974704834
2.162899399991147,1786138885.4814975,0.009064699988812208,0.008216299989726394,0.009064699988812208,TELEOP,0,,0.0,2.162899399991147,413,-0.0127636698327263,0.033368483868371705,0.0,0.02735972198974805,0.030747669071068545,0.05731046449688518,0.9975076626866036,-0.0108930011561285,0.030992869711967304,0.0,0.02552207230774464,0.028466095960739977,0.05329304743100623,0.9978467599292934,-0.0192676251569727,-0.2159828473566966,0.2778268292410643,-0.11780089149375716,0.01759423897435319,0.024567198776876877,0.9925773750506541,-0.019190295154617384,-0.21607937989648573,0.2778526977515251,-0.11788494869861119,0.017467355161180146,0.024399245902416475,0.9925737792090785,-0.019190291477702334,-0.21607938111439445,0.2778526976024601,-0.11788494874684069,0.01746735516482469,0.024399245659078257,0.9925737792092679,-0.0187833235389864,-0.21658064491088336,0.27797992420340856,-0.11850598595301919,0.01645299689803591,0.02301953241248742,0.9925501152656658,-0.0187833235389864,-0.21658064491088336,0.27797992420340856,-0.11850598595301919,0.01645299689803591,0.02301953241248742,0.9925501152656658,-0.07431286803217986,-0.5888008890695404,0.816833450833696,-0.2727156679773777,0.4805137316330927,-0.23161203130707567,-0.06702581518431276,-0.5854083261533819,0.815331555931454,-0.2500666158802431,0.48105707011306403,-0.21125781402076216,-0.06702581518431276,-0.5854083261533819,0.815331555931454,-0.2500666158802431,0.48105707011306403,-0.21125781402076216,-0.0996581168660105,-0.051253780493275794,0.022948679301587987,-0.3176894896242204,-0.014253875541490655,-0.2836028639822277,-0.03837553894046539,0.04284527234699187,-0.022199199280339758,-0.02002755331644221,0.0824280114788828,-0.04172165439223427,0.5,0.0,0.0,0.5,True,False,True,False,1,True,True,0.0045717999746557325,4,3.876238679655285e-09,4.961970994075519e-10,`gtol` termination condition is satisfied.,True,True,0.0,0.009064699988812208,True,0.02264905209713458,0.022613223598438592,False,False,False,False,False,False,1.0,False,False,False,0.0006580842687696295,0.0036435035050147798,0.0006580874414902585,0.0036435039024214294
2.1730189000081737,1786138885.4918988,0.01011950001702644,0.008498899987898767,0.01011950001702644,TELEOP,0,,0.0,2.1730189000081737,415,-0.012976586897484644,0.033604566389711,0.0,0.027540310009580758,0.030976311053379876,0.05770875565363961,0.9974726557650636,-0.011090857914074402,0.031240884761800345,0.0,0.02571384910713809,0.0287046171623875,0.053712633170268635,0.9978125054114988,-0.019326979999618972,-0.2159109769389532,0.27780756958757324,-0.11770454455221925,0.01774009346844765,0.024759946074360658,0.9925814195046572,-0.01924901594206539,-0.21600703278093852,0.27783331036938114,-0.11778767888659457,0.017614415216318034,0.0245937348912814,0.9925779280656977,-0.019249011830118363,-0.21600703413532563,0.277833310185225,-0.11778767894126914,0.017614415220404106,0.02459373461929891,0.992577928065876,-0.018838745570004284,-0.21650574129159178,0.2779598226094717,-0.11840420652002495,0.016604607270656692,0.023221602724009915,0.9925550302440056,-0.018838745570004284,-0.21650574129159178,0.2779598226094717,-0.11840420652002495,0.016604607270656692,0.023221602724009915,0.9925550302440056,-0.07536438400445006,-0.5892899205076905,0.8170504130388305,-0.27597605134528075,0.4804380704030312,-0.23454120693384017,-0.06804016045591152,-0.5859234893103125,0.8155619124179696,-0.2532893834272193,0.48092116933328655,-0.21413725622644214,-0.06804016045591152,-0.5859234893103125,0.8155619124179696,-0.2532893834272193,0.48092116933328655,-0.21413725622644214,-0.1002366984428171,-0.05090796541961414,0.022763623314198976,-0.3184710254018267,-0.013429594302964388,-0.28454392023669245,-0.0571749173213211,0.034173138305233254,-0.01828706824226942,-0.07723067110937884,0.08145473957600517,-0.09299434289059341,0.5,0.0,0.0,0.5,True,False,True,False,1,True,True,0.004382199986139312,4,4.333172769389593e-09,5.549072392756285e-10,`gtol` termination condition is satisfied.,True,True,0.0,0.01011950001702644,True,0.022686667918061454,0.02264905209713458,False,False,False,False,False,False,1.0,False,False,False,0.0006580521448850754,0.003623859543237465,0.0006580556995284544,0.003623859987817859
2.1828006000141613,1786138885.5007195,0.009781700005987659,0.007538499980000779,0.009781700005987659,TELEOP,0,,0.0,2.1828006000141613,417,-0.013183819299448857,0.033831477038763255,0.0,0.027713704495813427,0.031196210418530417,0.05809147062817798,0.9974387841260721,-0.01128358165608665,0.031479439621684285,0.0,0.025898119758022153,0.028934193404384894,0.054116104760715086,0.9977793077883327,-0.019384795020818534,-0.21584184790078575,0.27778904455106607,-0.11761195690297942,0.017880456803399385,0.024945281596848067,0.9925852355259006,-0.019306220753599876,-0.2159374390701529,0.2778146608261865,-0.11769419830450677,0.017755949517241947,0.024780758008965044,0.9925818434641558,-0.01930621676629763,-0.2159374403846602,0.27781466064682825,-0.11769419835747982,0.01775594952122145,0.024780757745355028,0.9925818434643846,-0.018892749721553474,-0.21643369134783363,0.27794048200762117,-0.11830635683409693,0.016750518384392094,0.02341590221574879,0.9925596816262083,-0.018892749721553474,-0.21643369134783363,0.27794048200762117,-0.11830635683409693,0.016750518384392094,0.02341590221574879,0.9925596816262083,-0.0763858933406233,-0.5897591266556972,0.8172583334573592,-0.27913281563101155,0.4803730851820357,-0.23737943247041943,-0.06902553146946666,-0.586417912546347,0.8157827155210948,-0.25641003951794644,0.48079767314343214,-0.21692773562274922,-0.06902553146946666,-0.586417912546347,0.8157827155210948,-0.25641003951794644,0.48079767314343214,-0.21692773562274922,-0.10073617192839424,-0.05054573701216532,0.02257308064958192,-0.31903003453560497,-0.012625227698538558,-0.2852755037057922,-0.05106203270100248,0.03703123252881369,-0.019479504022861232,-0.05714846431970691,0.08223178015410962,-0.07479103516279534,0.5,0.0,0.0,0.5,True,False,True,False,1,True,True,0.004495900007896125,4,4.202222988112878e-09,5.378188339074076e-10,`gtol` termination condition is satisfied.,True,True,0.0,0.009781700005987659,True,0.022722776113065113,0.022686667918061454,False,False,False,False,False,False,1.0,False,False,False,0.000658066129178375,0.003604970132918776,0.0006580695914129886,0.0036049705636702323
2.1928150999883655,1786138885.5134861,0.010014499974204227,0.010291599988704547,0.010014499974204227,TELEOP,0,,0.0,2.1928150999883655,419,-0.013397424388189062,0.03406246407090455,0.0,0.02789003500971679,0.03142020120263086,0.05848095766477858,0.9974040778411493,-0.011482425094578376,0.031722425828082185,0.0,0.026085615403717618,0.029168192916406436,0.054526957757922684,0.9977452420676665,-0.01944444591192628,-0.21577143471696467,0.27777017538065496,-0.11751773696405951,0.018023502348514985,0.02513399801327558,0.9925890473936371,-0.019365250178042977,-0.2158665464660684,0.2777956631974074,-0.11759906399125382,0.0179001988671322,0.024971205072659403,0.9925857554620243,-0.0193652460856657,-0.21586654781315648,0.2777956630061074,-0.11759906404588248,0.017900198871231895,0.024971204802240143,0.9925857554622811,-0.01894851583252482,-0.21636027001206576,0.2779207770933435,-0.11820676905136004,0.01689928310661163,0.02361385386148949,0.9925643353892629,-0.01894851583252482,-0.21636027001206576,0.2779207770933435,-0.11820676905136004,0.01689928310661163,0.02361385386148949,0.9925643353892629,-0.07743695494319114,-0.5902358240844646,0.8174693285434503,-0.2823697814350558,0.4803149763913247,-0.24029197528826307,-0.07003987812306706,-0.5869205652882913,0.8160069052076679,-0.25961181904612135,0.4806795011103769,-0.21979312359857062,-0.07003987812306706,-0.5869205652882913,0.8160069052076679,-0.25961181904612135,0.4806795011103769,-0.21979312359857062,-0.10128779831376418,-0.05019249520585841,0.022386508278056282,-0.3197143678088964,-0.011800093200823158,-0.2861239186381937,-0.055082768664521664,0.03527303482118941,-0.018630223376725572,-0.06833424285327683,0.08239397871494501,-0.08471865141413612,0.5,0.0,0.0,0.5,True,False,True,False,1,True,True,0.005855399998836219,4,4.312631882735685e-09,5.518251175338414e-10,`gtol` termination condition is satisfied.,True,True,0.0,0.010014499974204227,True,0.02275796238893446,0.022722776113065113,False,False,False,False,False,False,1.0,False,False,False,0.000658087568947778,0.003585525901871759,0.0006580911346940992,0.0035855263438077482
2.203351100004511,1786138885.5201623,0.010536000016145408,0.006432200025301427,0.010536000016145408,TELEOP,0,,0.0,2.203351100004511,420,-0.013623717060113739,0.034304023663082724,0.0,0.02807424313267454,0.03165459632456147,0.05888816035593446,0.9973675390616793,-0.011693306924223294,0.03197667855527091,0.0,0.026281588310195593,0.02941321553980948,0.05495673684620619,0.9977093253762436,-0.019507708221133936,-0.21569775667026203,0.2777504312866024,-0.1174192441786575,0.018173262178919437,0.02533139702771967,0.9925929548223246,-0.019427862893257517,-0.21579236050094744,0.27777578300890843,-0.11749961001346867,0.018051229310696276,0.025170426129650873,0.9925897664269501,-0.019427858578177897,-0.21579236191770212,0.2777757827964417,-0.11749961007149179,0.018051229315035004,0.02517042584466933,0.9925897664272293,-0.019007766372505654,-0.21628334460141577,0.2779001416857791,-0.11810261163103689,0.017055229965467086,0.023821219410105694,0.9925691118318004,-0.019007766372505654,-0.21628334460141577,0.2779001416857791,-0.11810261163103689,0.017055229965467086,0.023821219410105694,0.9925691118318004,-0.07854847380672082,-0.5907332615606781,0.8176892416760099,-0.28578056895000065,0.4802631204950727,-0.24336333311873742,-0.07111408096633766,-0.5874458775513741,0.8162408860783422,-0.26299059087578436,0.4805643269577646,-0.22281952486979076,-0.07111408096633766,-0.5874458775513741,0.8162408860783422,-0.26299059087578436,0.4805643269577646,-0.22281952486979076,-0.1019554709210796,-0.049858794825152236,0.02220775154857024,-0.32068829009921845,-0.010931487512888216,-0.28724385597783436,-0.06337059664884864,0.03167239751279511,-0.016966280297277387,-0.09243757486993506,0.08244169386900971,-0.10629625454864206,0.5,0.0,0.0,0.5,True,False,True,False,1,True,True,0.003302699973573908,4,4.5466743967397865e-09,5.817218048621831e-10,`gtol` termination condition is satisfied.,True,True,0.0,0.010536000016145408,True,0.02278997807421629,0.02275796238893446,False,False,False,False,False,False,1.0,False,False,False,0.0006580323626771299,0.0035644977437684585,0.0006580361343980555,0.003564498209651842
2.213496899988968,1786138885.5334334,0.010145799984456971,0.009556899982271716,0.010145799984456971,TELEOP,0,,0.0,2.213496899988968,423,-0.013843135795183615,0.03453521638667503,0.0,0.028250360544902525,0.03187907744411186,0.05927778031713185,0.9973323349370907,-0.011897934888449962,0.03222021618925331,0.0,0.02646910293594294,0.029648070853941364,0.05536828887015564,0.9976746619374461,-0.019569094465103833,-0.21562718365300343,0.27773151926005524,-0.11732499006573487,0.018316785606523157,0.025520414702228763,0.9925966202363103,-0.01948862671519748,-0.21572129440399856,0.2777567388637605,-0.11740443006766454,0.018195981307106365,0.025361201327053547,0.9925935298660812,-0.01948862254753791,-0.21572129577399432,0.27775673865792494,-0.11740443012365523,0.018195981311316188,0.02536120105194458,0.9925935298664106,-0.019065311972080605,-0.21620961854322612,0.277880359380285,-0.11800284135145016,0.017204770762939192,0.024019883827186145,0.9925736096012767,-0.019065311972080605,-0.21620961854322612,0.277880359380285,-0.11800284135145016,0.017204770762939192,0.024019883827186145,0.9925736096012767,-0.07962416027965533,-0.5912084284002378,0.8178990607484412,-0.2890697932748023,0.48022206543175844,-0.2463274691039204,-0.07215418873482084,-0.5879480974826208,0.8164642964133217,-0.2662510519565282,0.48046197907265586,-0.22574234291170991,-0.07215418873482084,-0.5879480974826208,0.8164642964133217,-0.2662510519565282,0.48046197907265586,-0.22574234291170991,-0.10251609238074749,-0.04950027913186377,0.022019982191822208,-0.3213606700051984,-0.010087709718851508,-0.2880815752722134,-0.05525650619239049,0.03533636517945339,-0.018507102154161025,-0.06627174860632454,0.08316523047264365,-0.0825680868598258,0.5,0.0,0.0,0.5,True,False,True,False,1,True,True,0.005402299982961267,4,4.391883756307057e-09,5.615611455589854e-10,`gtol` termination condition is satisfied.,True,True,0.0,0.010145799984456971,True,0.022818741318274105,0.02278997807421629,False,False,False,False,False,False,1.0,False,False,False,0.0006579764838054878,0.003544078940915175,0.0006579801431640781,0.003544079390492841
2.223397699999623,1786138885.5428107,0.009900800010655075,0.009034299990162253,0.009900800010655075,TELEOP,0,,0.0,2.223397699999623,424,-0.014058672637481097,0.03475947334785511,0.0,0.028421021306822655,0.03209695987787182,0.05965561152528517,0.9972979688779176,-0.012099097319704386,0.03245662520261064,0.0,0.026650940701891238,0.029876201395239194,0.05576768605579014,0.9976407695868681,-0.01962944111197694,-0.2155586763687842,0.2777131607933134,-0.11723357785934475,0.018456178639662507,0.02570384085372606,0.9926001059125896,-0.01954836872401354,-0.21565230196916504,0.27773825040286176,-0.11731211393786604,0.018336578299336492,0.025546345794491852,0.992597109625174,-0.01954836464609917,-0.21565230331067026,0.27773825019966,-0.1173121139926625,0.01833657830347367,0.025546345525437452,0.992597109625546,-0.019121907949139757,-0.2161380364880823,0.2778611484400983,-0.11790603159432275,0.017350037090291783,0.024212701926118112,0.9925779007171583,-0.019121907949139757,-0.2161380364880823,0.2778611484400983,-0.11790603159432275,0.017350037090291783,0.024212701926118112,0.9925779007171583,-0.08067889118924985,-0.5916684333270129,0.8181019553538579,-0.29228381405869375,0.4801904543039603,-0.24922594851990304,-0.07317413366235481,-0.5884345186796917,0.8166804135271604,-0.26943774083829647,0.4803703045596691,-0.22860127552116852,-0.07317413366235481,-0.5884345186796917,0.8166804135271604,-0.26943774083829647,0.4803703045596691,-0.22860127552116852,-0.10301641548524632,-0.04912948413737989,0.02182824757656535,-0.3218617564579444,-0.009259303580326983,-0.2887577373931267,-0.0505336037451903,0.03745101346202669,-0.019365567939006463,-0.05061070339838561,0.08367062637696031,-0.06829368537750805,0.5,0.0,0.0,0.5,True,False,True,False,1,True,True,0.004731599998194724,4,4.297710183029944e-09,5.492182657672769e-10,`gtol` termination condition is satisfied.,True,True,0.0,0.009900800010655075,True,0.02284607322039728,0.022818741318274105,False,False,False,False,False,False,1.0,False,False,False,0.0006579559343323597,0.003524188824930787,0.0006579595298575126,0.0035241892644972722
2.2328000999987125,1786138885.5517654,0.009402399999089539,0.008586799987824634,0.009402399999089539,TELEOP,0,,0.0,2.2328000999987125,425,-0.014264647249844192,0.03497119620233102,0.0,0.028581986973013663,0.032302787031694764,0.06001223443061386,0.9972653266254194,-0.012291460489430322,0.03267999764496511,0.0,0.026822582710776456,0.030091885603578623,0.056144961687904005,0.9976085258028866,-0.019687148095228972,-0.21549394684272574,0.27769581467338605,-0.11714728071564012,0.018587948153625137,0.025877099500287208,0.9926033339284235,-0.019605503636885072,-0.21558710779604962,0.2777207797825167,-0.11722495752487719,0.018469496310583984,0.02572124001078527,0.9926004255749802,-0.01960549975341159,-0.2155871090762274,0.27772077959050434,-0.11722495757692536,0.018469496314541745,0.025721239754675343,0.9926004255753963,-0.01917600879869256,-0.2160704329631846,0.2778429971464942,-0.11781461822524479,0.01748729643064254,0.02439472787067116,0.9925818895426728,-0.01917600879869256,-0.2160704329631846,0.2778429971464942,-0.11781461822524479,0.01748729643064254,0.02439472787067116,0.9925818895426728,-0.08168503943272883,-0.5921019214489082,0.8182929488656379,-0.295339659322837,0.48016815393040946,-0.25198367999185184,-0.07414645916997753,-0.5888928214514775,0.8168838042658454,-0.27246612694762495,0.48029068463994173,-0.2313201836585839,-0.07414645916997753,-0.5888928214514775,0.8168838042658454,-0.27246612694762495,0.48029068463994173,-0.2313201836585839,-0.10341248061312769,-0.04874316896007625,0.021631789618051397,-0.32208650021502105,-0.008468042173818866,-0.2891717154852651,-0.04212383305536062,0.04108686902716896,-0.020894448069958382,-0.023902807485154384,0.08415525893226597,-0.04402898113018486,0.5,0.0,0.0,0.5,True,False,True,False,1,True,True,0.0049202000082004815,4,4.093542504238879e-09,5.227509772657635e-10,`gtol` termination condition is satisfied.,True,True,0.0,0.009402399999089539,True,0.022873532375212058,0.02284607322039728,False,False,False,False,False,False,1.0,False,False,False,0.0006580285638792524,0.0035056494072599163,0.000658032003232118,0.0035056498254749133
2.242816000012681,1786138885.5619125,0.010015900013968349,0.008715000003576279,0.010015900013968349,TELEOP,0,,0.0,2.242816000012681,428,-0.014485433305307611,0.03519539106883523,0.0,0.02875226881272187,0.03252086851433297,0.06038976888721269,0.9972305530633042,-0.012497868561552302,0.032916650963131656,0.0,0.027004241598096456,0.030320543488222603,0.05654456057595724,0.9975741317052896,-0.01974906843220947,-0.21542536872603577,0.2776774372021033,-0.11705593616441698,0.018727622898168678,0.02606060060167848,0.9926066839617472,-0.01966681815108849,-0.2155180313035627,0.27770226877320997,-0.11713269837093378,0.01861039809394488,0.025906484477833315,0.9926038676718566,-0.019666814008080225,-0.21551803266527955,0.27770226855676444,-0.11713269842693716,0.018610398098181578,0.025906484204746737,0.9926038676722959,-0.01923410896218092,-0.2159987717019367,0.27782376565486844,-0.11771788376520241,0.017632864862424047,0.024587649742898288,0.9925860312329136,-0.01923410896218092,-0.2159987717019367,0.27782376565486844,-0.11771788376520241,0.017632864862424047,0.024587649742898288,0.9925860312329136,-0.08276181738086448,-0.5925598999618001,0.8184945179334316,-0.29859853771954475,0.4801528723292203,-0.2549267451880732,-0.07518759463181314,-0.5893773857433467,0.8170985878130494,-0.27569784209744536,0.48021432814583526,-0.23422391003944862,-0.07518759463181314,-0.5893773857433467,0.8170985878130494,-0.27569784209744536,0.48021432814583526,-0.23422391003944862,-0.10394826829177811,-0.048379505705281975,0.021444258319718273,-0.32265848753615956,-0.0076235279904933355,-0.2899116781133131,-0.05349371278698979,0.036308594763036994,-0.01872335966529091,-0.05710793042470533,0.08431735362251583,-0.07387879541688666,0.5,0.0,0.0,0.5,True,False,True,False,1,True,True,0.004638299986254424,4,4.366421754945871e-09,5.576048769557886e-10,`gtol` termination condition is satisfied.,True,True,0.0,0.010015900013968349,True,0.0229006956220994,0.022873532375212058,False,False,False,False,False,False,1.0,False,False,False,0.00065810730353071,0.003485774721582801,0.000658110982317252,0.003485775167715137
2.252702900004806,1786138885.5722785,0.009886899992125109,0.009196500002872199,0.009886899992125109,TELEOP,0,,0.0,2.252702900004806,430,-0.014704755238640323,0.03541533138678378,0.0,0.028919153321520306,0.03273494088923031,0.06076004266081268,0.9971962311561358,-0.012703066287096892,0.033148985530348195,0.0,0.027182403389451843,0.030545172700947476,0.05693676216099076,0.9975401317667701,-0.019810625703259803,-0.21535804209126494,0.2776593950895999,-0.11696633890289096,0.018864816785090107,0.026240696095277592,0.9926099032952242,-0.019727780620198913,-0.21545020915329702,0.2776840938889757,-0.1170421987517313,0.01874880697362725,0.02608830234954614,0.9926071762932931,-0.019727776521355805,-0.21545021050110208,0.2776840936718992,-0.11704219880720887,0.018748806977836853,0.0260883020795008,0.9926071762937695,-0.019291902611310544,-0.21592839247258777,0.27780487690144434,-0.11762295785968019,0.017775899574082384,0.02477705998273456,0.9925900233617524,-0.019291902611310544,-0.21592839247258777,0.27780487690144434,-0.11762295785968019,0.017775899574082384,0.02477705998273456,0.9925900233617524,-0.08382959418022382,-0.5930082316472172,0.8186916284781194,-0.3018188470882064,0.4801462673737228,-0.2578370331803099,-0.07622030205475898,-0.589852050837755,0.8173087340392113,-0.2788926435311601,0.4801472306303246,-0.2370966555882437,-0.07622030205475898,-0.589852050837755,0.8173087340392113,-0.2788926435311601,0.4801472306303246,-0.2370966555882437,-0.10445209557782416,-0.04800949688844735,0.02125501687377246,-0.3231347981935075,-0.006786506950013467,-0.2905607977306555,-0.05095907579194155,0.03742414883627209,-0.019140625079301296,-0.048175935604416464,0.08465960423859388,-0.06565451434316569,0.5,0.0,0.0,0.5,True,False,True,False,1,True,True,0.004694300005212426,4,4.320210123084846e-09,5.514352018457567e-10,`gtol` termination condition is satisfied.,True,True,0.0,0.009886899992125109,True,0.022926203557046276,0.0229006956220994,False,False,False,False,False,False,1.0,False,False,False,0.0006582041110867024,0.003466110618233429,0.0006582077647532083,0.00346611105931618
2.262792499997886,1786138885.581889,0.0100895999930799,0.008715600008144975,0.0100895999930799,TELEOP,0,,0.0,2.262792499997886,432,-0.014929977852062577,0.0356383718278933,0.0,0.02908822222325905,0.03295216145683281,0.061135438109355025,0.9971612149449007,-0.012913969188708511,0.033384751870907274,0.0,0.027363009565482734,0.03077326815918144,0.05733464901147832,0.9975053933172758,-0.019873894496899643,-0.21528972096681778,0.2776410864627254,-0.1168755010082328,0.019004107163088584,0.026423393252539826,0.9926130995831307,-0.019790446022845562,-0.21538137888848685,0.2776656488395141,-0.11695044096189798,0.018889340486449857,0.026272757799452994,0.9926104620506556,-0.019790441832464853,-0.2153813802651422,0.2776656486108653,-0.11695044101886348,0.018889340490770797,0.026272757523514496,0.9926104620511652,-0.019351361995439985,-0.21585692278924845,0.27778569950748333,-0.11752668537986413,0.017921221850801753,0.024969357921962507,0.9925939951440175,-0.019351361995439985,-0.21585692278924845,0.27778569950748333,-0.11752668537986413,0.017921221850801753,0.024969357921962507,0.9925939951440175,-0.0849242495765513,-0.593461839422589,0.8188908464277512,-0.30510837821830633,0.4801482885296977,-0.2608119904408863,-0.07727971379274655,-0.5903327735711043,0.8175213071230043,-0.2821587493895412,0.48008741014953615,-0.2400357812429636,-0.07727971379274655,-0.5903327735711043,0.8175213071230043,-0.2821587493895412,0.48008741014953615,-0.2400357812429636,-0.10500037055127853,-0.04764537084511685,0.021068534326313317,-0.32371014317923374,-0.0059289249157042576,-0.29130249531554764,-0.05434060555724821,0.036089244725285345,-0.018482650212797713,-0.057023567447753165,0.0849966336522156,-0.07351109909221679,0.5,0.0,0.0,0.5,True,False,True,False,1,True,True,0.004881400003796443,4,4.416644734483312e-09,5.635815933932155e-10,`gtol` termination condition is satisfied.,True,True,0.0,0.0100895999930799,True,0.022949628828765112,0.022926203557046276,False,False,False,False,False,False,1.0,False,False,False,0.0006582887005668008,0.0034458285966061947,0.000658292448349603,0.003445829047345749
2.272829900000943,1786138885.5922258,0.010037400003056973,0.00901559999329038,0.010037400003056973,TELEOP,0,,0.0,2.272829900000943,434,-0.015155433766484594,0.03585883718134427,0.0,0.0292551729082901,0.03316700342438423,0.061506402911336674,0.9971263947679158,-0.013125255788760639,0.03361797091700851,0.0,0.027541480974064805,0.030999044102748834,0.05772813105402134,0.9974707960514337,-0.019937278422510085,-0.21522213798589085,0.27762297563067456,-0.11678572555510604,0.019141961071123058,0.026604059179521272,0.9926161915202127,-0.019853233083465358,-0.21531328582301024,0.2776474013317681,-0.1168597512046721,0.019028434399775737,0.026455173713483455,0.9926136413612625,-0.019853228906534452,-0.21531328719556977,0.27764740110000813,-0.11685975126157008,0.019028434404101572,0.02645517343856465,0.9926136413618082,-0.01941098084787202,-0.21578618039437075,0.27776671738221964,-0.11743148374536914,0.018065135837676563,0.02515964145017921,0.9925978490479546,-0.01941098084787202,-0.21578618039437075,0.27776671738221964,-0.11743148374536914,0.018065135837676563,0.02515964145017921,0.9925978490479546,-0.08601814835815937,-0.5939091908886655,0.8190871091812822,-0.3083838108435999,0.48015906302621314,-0.26377627441877377,-0.07833897171437335,-0.5908073064817484,0.8177308964049298,-0.2854131249238866,0.4800364938201195,-0.24296656908422956,-0.07833897171437335,-0.5908073064817484,0.8177308964049298,-0.2854131249238866,0.4800364938201195,-0.24296656908422956,-0.1055311057947468,-0.047276477025883674,0.020880833867506783,-0.3242249520148889,-0.005072661187276479,-0.2919867535789521,-0.05287576895477101,0.03675192969502345,-0.018700107472987854,-0.051289062456245926,0.08530732342708235,-0.06817086727599411,0.5,0.0,0.0,0.5,True,False,True,False,1,True,True,0.0046901000023353845,4,4.402770053700092e-09,5.6155762451681e-10,`gtol` termination condition is satisfied.,True,True,0.0,0.010037400003056973,True,0.022970685919713296,0.022949628828765112,False,False,False,False,False,False,1.0,False,False,False,0.0006583674491222117,0.003425478307227025,0.00065837119879663,0.003425478756239995
2.2828373000083957,1786138885.6027021,0.010007400007452816,0.009484099980909377,0.010007400007452816,TELEOP,0,,0.0,2.2828373000083957,436,-0.01538159554774578,0.03607722374546225,0.0,0.029420386345928033,0.033379946232366765,0.06187377507508093,0.9970916988997246,-0.01333736880986169,0.03384916388844827,0.0,0.027718221519153194,0.03122300091451168,0.05811809051655565,0.9974362696254919,-0.02000091029228228,-0.21515514210791736,0.27760502211785404,-0.11669680968893609,0.019278684621119174,0.02678309921903695,0.9926191880695874,-0.01991627320628167,-0.21524577778096401,0.2776293105859353,-0.11676992461914769,0.019166397458954952,0.026635959228658117,0.9926167234078083,-0.01991626903418535,-0.21524577915220916,0.27762931035041855,-0.11676992467610563,0.019166397463294356,0.026635958954190537,0.9926167234083891,-0.019470880457036335,-0.21571601062000179,0.2777478891184045,-0.11733714340478817,0.018207953974187795,0.025348328093695086,0.9926015955319297,-0.019470880457036335,-0.21571601062000179,0.2777478891184045,-0.11733714340478817,0.018207953974187795,0.025348328093695086,0.9926015955319297,-0.08711360200011461,-0.5943512949610124,0.8192808691291007,-0.3116520651633643,0.4801785319035008,-0.2667361075696497,-0.07940026110289074,-0.5912766948132038,0.8179379737559547,-0.2886624829242338,0.47999430251580727,-0.2458950224196388,-0.07940026110289074,-0.5912766948132038,0.8179379737559547,-0.2886624829242338,0.47999430251580727,-0.2458950224196388,-0.10605046143124283,-0.0469041240587751,0.02069242269427473,-0.32469552510415267,-0.004216010580251912,-0.29262878801969794,-0.0518971597127384,0.037207762938552214,-0.018827185192131588,-0.04702251223228024,0.08560171536928612,-0.06415596860999823,0.5,0.0,0.0,0.5,True,False,True,False,1,True,True,0.004777599999215454,4,4.3979732959466575e-09,5.606989551971544e-10,`gtol` termination condition is satisfied.,True,True,0.0,0.010007400007452816,True,0.0229895822391305,0.022970685919713296,False,False,False,False,False,False,1.0,False,False,False,0.0006584447905286304,0.0034050396729962042,0.0006584485495104229,0.003405040121217552
2.29267890000483,1786138885.6123862,0.009841599996434525,0.00932830001693219,0.009841599996434525,TELEOP,0,,0.0,2.29267890000483,437,-0.0156053452598105,0.03629060106009764,0.0,0.02958165336228351,0.03358812624254661,0.062232629400977964,0.9970576028483555,-0.01354737065628195,0.034075231373780865,0.0,0.027890871000474743,0.031442128628120625,0.058499304721847424,0.9974022875496267,-0.020063908854799764,-0.21508963149147803,0.2775874666126584,-0.11660994130251488,0.01941244132533992,0.02695811601088856,0.9926220522899729,-0.01997869288756829,-0.21517975983935142,0.27761161914418714,-0.11668216127277531,0.019301376413949183,0.026812693545847303,0.9926196701527014,-0.019978688776920432,-0.215179761191532,0.2776116189097664,-0.1166821613289459,0.01930137641824368,0.02681269327554951,0.9926196701533163,-0.019530213108590443,-0.21564737145502766,0.2777294693388225,-0.11724492812437218,0.018347722888691964,0.025532837978873856,0.992605189427627,-0.019530213108590443,-0.21564737145502766,0.2777294693388225,-0.11724492812437218,0.018347722888691964,0.025532837978873856,0.992605189427627,-0.08819553536665475,-0.5947822627525098,0.8194695580938675,-0.31486843969682304,0.48020617528272835,-0.26965092082667896,-0.0804486775650002,-0.5917345719641314,0.818139746580291,-0.29186149196824784,0.47996112107316136,-0.24878018811151784,-0.0804486775650002,-0.5917345719641314,0.818139746580291,-0.29186149196824784,0.47996112107316136,-0.24878018811151784,-0.10652906666490106,-0.04652466581586988,0.02050203467011941,-0.3250496916327606,-0.003371549611642361,-0.2931602272927482,-0.04863083582259207,0.03855656021812485,-0.01934523087956169,-0.0359866819151608,0.08580525208456827,-0.0539992758538034,0.5,0.0,0.0,0.5,True,False,True,False,1,True,True,0.004876799997873604,4,4.3336787194056475e-09,5.522131996369659e-10,`gtol` termination condition is satisfied.,True,True,0.0,0.009841599996434525,True,0.0230069477285752,0.0229895822391305,False,False,False,False,False,False,1.0,False,False,False,0.0006585427148175031,0.0033849085518157947,0.000658546432412284,0.0033849089931262005
2.302360600006068,1786138885.6216304,0.009681700001237914,0.008890900004189461,0.009681700001237914,TELEOP,0,,0.0,2.302360600006068,438,-0.015826742963766384,0.03649915757295652,0.0,0.02973912701155123,0.03379171889399054,0.0625832889369007,0.9970240899820931,-0.013755311569484776,0.03429636328642784,0.0,0.028059585626906546,0.0316566023356535,0.05887210031322849,0.9973688359818137,-0.020126289180828635,-0.21502555110373553,0.27757029436798825,-0.11652504249587335,0.019543339307160085,0.027129260071246993,0.992624790949756,-0.02004050664251878,-0.21511517677439754,0.27759431220826813,-0.11659638268154074,0.019433479956910808,0.02698552818019154,0.9926224884976061,-0.02004050259159961,-0.21511517810810385,0.2775943119750073,-0.11659638273694377,0.019433479961161394,0.02698552791394412,0.9926224884982533,-0.01958897846632801,-0.2155802190052893,0.27771144611235193,-0.1171547721851005,0.01848452726769816,0.025713292258993985,0.9926086379873744,-0.01958897846632801,-0.2155802190052893,0.27771144611235193,-0.1171547721851005,0.01848452726769816,0.025713292258993985,0.9926086379873744,-0.089264323766392,-0.5952025159936213,0.8196533767122902,-0.3180344852419525,0.48024161003019067,-0.2725220084969569,-0.08148435604922907,-0.5921812892727164,0.8183363879142245,-0.29501100102908756,0.47993653723845164,-0.2516227102520261,-0.08148435604922907,-0.5921812892727164,0.8183363879142245,-0.29501100102908756,0.47993653723845164,-0.2516227102520261,-0.10697279239146548,-0.04614037912018822,0.0203106204394264,-0.32530537616709865,-0.0025392064107119176,-0.29359741988956806,-0.045831385656205925,0.03969206809057487,-0.019770725251612484,-0.026409053606843425,0.08597076968135957,-0.04515659406550132,0.5,0.0,0.0,0.5,True,False,True,False,1,True,True,0.004754299996420741,4,4.2711976390200045e-09,5.439693779832271e-10,`gtol` termination condition is satisfied.,True,True,0.0,0.009681700001237914,True,0.02302348421286493,0.0230069477285752,False,False,False,False,False,False,1.0,False,False,False,0.0006586785846593135,0.0033651662999278553,0.0006586822617111003,0.0033651667345257425
2.3127100999990944,1786138885.6328065,0.010349499993026257,0.009714699990581721,0.010349499993026257,TELEOP,0,,0.0,2.3127100999990944,441,-0.016064809904611427,0.03672060556676376,0.0,0.02990617227381057,0.03400802162343186,0.06295552921677527,0.9969883031742274,-0.013979125044617138,0.03453130018085602,0.0,0.02823864676893558,0.031884611858337526,0.05926806160138292,0.9973330673497782,-0.020193431153829006,-0.2149574702382447,0.2775520500632075,-0.11643492607075218,0.01968247826635783,0.027311030271380998,0.992627631927355,-0.02010704725053765,-0.21504655540876916,0.2775759230775498,-0.1165053280450949,0.019573909128350303,0.027169103717160234,0.992625412943748,-0.020107042917023796,-0.21504655683183654,0.27757592281596316,-0.11650532810486641,0.019573909132914773,0.027169103432486467,0.9926254129444343,-0.019652327626617585,-0.21550878402281975,0.27769228539140617,-0.11705905738677837,0.018630125696170764,0.02590522473756649,0.9926122177525118,-0.019652327626617585,-0.21550878402281975,0.27769228539140617,-0.11705905738677837,0.018630125696170764,0.02590522473756649,0.9926122177525118,-0.09041177231969286,-0.5956475258947315,0.8198478326899106,-0.32142070579247967,0.4802886768610967,-0.27559487653459064,-0.0825976565708306,-0.5926550535698832,0.8185446947055816,-0.29838419707969277,0.4799195509749679,-0.2546694033409426,-0.0825976565708306,-0.5926550535698832,0.8185446947055816,-0.29838419707969277,0.4799195509749679,-0.2546694033409426,-0.10757046450086388,-0.04577653968655743,0.02012723237813369,-0.32592840744752505,-0.0016412641668828712,-0.29438070350929574,-0.0577488873666477,0.03515526681249934,-0.01771950929187697,-0.060199167191283404,0.08676189617219206,-0.07568323303110899,0.5,0.0,0.0,0.5,True,False,True,False,1,True,True,0.0054586999758612365,4,4.568685880347742e-09,5.818353545332274e-10,`gtol` termination condition is satisfied.,True,True,0.0,0.010349499993026257,True,0.023036508712786896,0.02302348421286493,False,False,False,False,False,False,1.0,False,False,False,0.000658756571410991,0.00334359531800153,0.0006587605149909548,0.0033435957828587626
2.322793500003172,1786138885.6419768,0.010083400004077703,0.008804300014162436,0.010083400004077703,TELEOP,0,,0.0,2.322793500003172,442,-0.016298136013523253,0.036934866506284025,0.0,0.030067636915898734,0.03421742713475604,0.06331559570485848,0.9969534794718911,-0.014198629246238804,0.03475881103624952,0.0,0.0284118728585013,0.03210555141173671,0.0596514054420549,0.9972982045897848,-0.020259280410191077,-0.21489154129690818,0.27753438241827566,-0.11634773533738471,0.01981728409654868,0.02748700023534343,0.9926303161554965,-0.020172314084402853,-0.21498009629888387,0.2775581133748959,-0.11641722461792031,0.019709974347093037,0.02734683221775278,0.9926281768573527,-0.020172309855121643,-0.21498009768961537,0.27755811311813344,-0.11641722467626384,0.019709974351568574,0.027346831940057967,0.9926281768580716,-0.019714513838044314,-0.21543955230376238,0.277673712593273,-0.11696635758099336,0.01877130003674264,0.026091172180221407,0.992615615544823,-0.019714513838044314,-0.21543955230376238,0.277673712593273,-0.11696635758099336,0.01877130003674264,0.026091172180221407,0.992615615544823,-0.09153442856220372,-0.5960770178057766,0.8200353230810962,-0.32472137835451215,0.48034352926876905,-0.2785921217602945,-0.08368759323665544,-0.5931128213944902,0.8187457463808159,-0.3016748403390965,0.4799118230160991,-0.25764367574922586,-0.08368759323665544,-0.5931128213944902,0.8187457463808159,-0.3016748403390965,0.4799118230160991,-0.25764367574922586,-0.1080921777757578,-0.045398161772993856,0.01993887727879661,-0.32634262828738064,-0.0007664040765693657,-0.29496721414210203,-0.051739817391251164,0.03752483422363034,-0.018679721052512796,-0.04107948109646417,0.08676241049246426,-0.05816595915753703,0.5,0.0,0.0,0.5,True,False,True,False,1,True,True,0.004638999991584569,4,4.459470889815781e-09,5.675876039106231e-10,`gtol` termination condition is satisfied.,True,True,0.0,0.010083400004077703,True,0.023046538015415674,0.023036508712786896,False,False,False,False,False,False,1.0,False,False,False,0.0006588163434261365,0.003322346321503645,0.0006588202070931504,0.003322346774820188
2.3327274000039324,1786138885.6521165,0.009933900000760332,0.009008399996673688,0.009933900000760332,TELEOP,0,,0.0,2.3327274000039324,445,-0.016529325634197307,0.037144501039836283,0.0,0.030225463526490148,0.03442242790270659,0.06366779904609429,0.9969192189824199,-0.01441627428863253,0.03498159422560578,0.0,0.028581331166065736,0.032322031321653594,0.060026685825743435,0.9972638521418469,-0.020324571960429947,-0.21482698233629843,0.2775170818886063,-0.11626243061692845,0.01994935086405532,0.027659261015841687,0.9926328807304362,-0.02023703507244394,-0.21491501141000988,0.2775406719235717,-0.11633102194340246,0.01984328428347828,0.027520825357496666,0.9926308183680834,-0.020237030899832403,-0.2149150127834184,0.27754067166775365,-0.11633102200102528,0.019843284287913897,0.02752082508365122,0.992630818368834,-0.019776211711775217,-0.21537172170220678,0.27765551361027513,-0.1168756011771707,0.01890968053372467,0.026273296076516132,0.9926188753720449,-0.019776211711775217,-0.21537172170220678,0.27765551361027513,-0.1168756011771707,0.01890968053372467,0.026273296076516132,0.9926188753720449,-0.09264494730778469,-0.5964961652826581,0.8202181250483076,-0.32797427560978937,0.48040628159798704,-0.2815479133428141,-0.08476614973809393,-0.5935599704027942,0.8189419247818527,-0.30491965623116213,0.47991277913307184,-0.2605785820763653,-0.08476614973809393,-0.5935599704027942,0.8189419247818527,-0.30491965623116213,0.47991277913307184,-0.2605785820763653,-0.10857331977933571,-0.0450124330091725,0.019748376873314693,-0.3266406841036558,9.624789585843847e-05,-0.29544351432114596,-0.04843435141697362,0.0388295396361784,-0.019176799189375617,-0.030003907453506756,0.08683920437711046,-0.047946947221885056,0.5,0.0,0.0,0.5,True,False,True,False,1,True,True,0.0054382999951485544,4,4.400270547155092e-09,5.597569249891338e-10,`gtol` termination condition is satisfied.,True,True,0.0,0.009933900000760332,True,0.02305461937862724,0.023046538015415674,False,False,False,False,False,False,1.0,False,False,False,0.0006588824116218623,0.0033013053941665293,0.0006588862373289422,0.0033013058410932853
2.3430749000108335,1786138885.666597,0.0103475000069011,0.013141500006895512,0.0103475000069011,TELEOP,0,,0.0,2.3430749000108335,446,-0.016771527269709853,0.037361324923138955,0.0,0.030388544888091586,0.034634580548457944,0.06403198893361031,0.9968835872673514,-0.0146444825661025,0.03521217668827199,0.0,0.028756542190251356,0.032546230470705664,0.06041500002599982,0.9972280741812609,-0.02039303241248804,-0.21476016325089056,0.2774991756765889,-0.11617421906933197,0.02008610755049076,0.027837496197061367,0.9926354682926556,-0.020304905289679116,-0.2148476411702678,0.2775226180304965,-0.11624187734057376,0.01998133717932965,0.027700863028378635,0.9926334843759544,-0.020304900940253473,-0.21484764259999667,0.2775226177548904,-0.11624187740099859,0.019981337183972474,0.02770086274307298,0.9926334843767467,-0.019840994846611906,-0.2153014311615518,0.2776366620583512,-0.11678170574947455,0.019053146840297904,0.026461982661366637,0.9926221709549686,-0.019840994846611906,-0.2153014311615518,0.2776366620583512,-0.11678170574947455,0.019053146840297904,0.026461982661366637,0.9926221709549686,-0.09380648897845158,-0.5969284497610646,0.8204064796485359,-0.33136349858023806,0.4804809448887314,-0.28462964432875365,-0.08589554244067935,-0.5940218466181725,0.8191443419094053,-0.3083048002423346,0.4799231515441771,-0.2636426364340042,-0.08589554244067935,-0.5940218466181725,0.8191443419094053,-0.3083048002423346,0.4799231515441771,-0.2636426364340042,-0.1091464316822596,-0.04463650302684529,0.019561935483701953,-0.3271460747924393,0.001002407450915212,-0.2961154245562103,-0.055386509064185574,0.03633051288489866,-0.018018012997187336,-0.048841815747416306,0.08757280062357331,-0.06493454792135395,0.5,0.0,0.0,0.5,True,False,True,False,1,True,True,0.005873799993423745,4,4.586674913364191e-09,5.833443646035448e-10,`gtol` termination condition is satisfied.,True,True,0.0,0.0103475000069011,True,0.02305869833790347,0.02305461937862724,False,False,False,False,False,False,1.0,False,False,False,0.0006588922715193272,0.0032789659420855164,0.000658896270793555,0.0032789664077937006
2.356625399988843,1786138885.6748188,0.013550499978009611,0.00781399998231791,0.013550499978009611,TELEOP,0,,0.0,2.356625399988843,447,-0.01709082321404795,0.037642875597793474,0.0,0.03060006998516406,0.03491024960653975,0.06450475762496868,0.9968370209984461,-0.014945850439331332,0.03551162014373261,0.0,0.028983779860625874,0.03283761910577667,0.060919108662080175,0.9971812741303722,-0.02048344013668188,-0.21467338932150348,0.27747592193263754,-0.11605979746199899,0.020263815815816714,0.028068866162535393,0.992638725787994,-0.020394552002067596,-0.2147601450560269,0.2774991707779029,-0.11612624568066197,0.020160733847150867,0.02793457468322836,0.9926368416556612,-0.020394546314860422,-0.2147601469087232,0.27749917037626337,-0.11612624576151982,0.020160733853246387,0.027934574310439064,0.992636841656569,-0.019927328279547032,-0.21520943801308579,0.2776120701643371,-0.116659643950088,0.019241026665873358,0.02670900404255494,0.9926262838900332,-0.019927328279547032,-0.21520943801308579,0.2776120701643371,-0.116659643950088,0.019241026665873358,0.02670900404255494,0.9926262838900332,-0.09533536059874832,-0.5974872870714253,0.8206497117229037,-0.33580246211984216,0.48059362140564926,-0.28866931254100414,-0.08739484665924128,-0.5946236673354944,0.8194077064209119,-0.31277583538030507,0.4799536697256426,-0.26769351971338634,-0.08739484665924128,-0.5946236673354944,0.8194077064209119,-0.31277583538030507,0.4799536697256426,-0.26769351971338634,-0.11064567514077608,-0.04441317429604848,0.01943577815829063,-0.3299535179680661,0.002252181212135243,-0.29894714482536305,-0.11064119117003261,0.0164812170148145,-0.009310160187155905,-0.2071837334550672,0.09223082271858771,-0.2089753347661108,0.5,0.0,0.0,0.5,True,False,True,False,1,True,True,0.003910700004780665,4,5.9948413956248415e-09,7.63014621017073e-10,`gtol` termination condition is satisfied.,True,True,0.0,0.013550499978009611,True,0.023026626739537093,0.02305869833790347,False,False,False,False,False,False,1.0,False,False,False,0.0006579525447390198,0.0032450019806083315,0.0006579577795010165,0.003245002590029805
2.3646734000067227,1786138885.6838627,0.00804800001787953,0.008810700004687533,0.00804800001787953,TELEOP,0,,0.0,2.3646734000067227,448,-0.017281592163661635,0.03780880570257453,0.0,0.030724604040650597,0.03507281073298349,0.06478330665096552,0.9968094200162841,-0.01512574808159389,0.03568854954766761,0.0,0.029117937033887487,0.033009871270010066,0.06121690151150638,0.9971534411067128,-0.020537407870802576,-0.21462211799343167,0.27746218219458374,-0.11599223631410503,0.0203688559865167,0.02820553973769635,0.9926405987812299,-0.02044806677369464,-0.2147084391877378,0.27748531460519776,-0.11605796216887385,0.020266784365969234,0.028072647406307716,0.9926387728354524,-0.0204480633718435,-0.2147084403202083,0.27748531440668456,-0.11605796221524704,0.020266784369645702,0.02807264718336536,0.9926387728362605,-0.019978562898820662,-0.21515521753348463,0.2775974580267875,-0.1165868358034293,0.019352570909276327,0.02685547015343668,0.9926287178191973,-0.019978562898820662,-0.21515521753348463,0.2775974580267875,-0.1165868358034293,0.019352570909276327,0.02685547015343668,0.9926287178191973,-0.09624658282817121,-0.5978163648280408,0.8207928054618574,-0.33843938799238965,0.4806675111736662,-0.29107033009931654,-0.08828532388621772,-0.5949774576259931,0.8195624074990523,-0.31542908250996887,0.4799771961817669,-0.27009734359400533,-0.08828532388621772,-0.5949774576259931,0.8195624074990523,-0.31542908250996887,0.4799771961817669,-0.27009734359400533,-0.11064577845404362,-0.04396002605773633,0.01922230091908133,-0.32967782352998315,0.0029232674045750213,-0.29868586919466344,-1.2837135599658156e-05,0.056305695490237354,-0.026525501830894534,0.034256267081318736,0.08338546110199868,0.032464665770275125,0.5,0.0,0.0,0.5,True,False,True,False,1,True,True,0.005513800017070025,4,3.590889600974851e-09,4.5549066970873185e-10,`gtol` termination condition is satisfied.,True,True,0.0,0.00804800001787953,True,0.02301030548242078,0.023026626739537093,False,False,False,False,False,False,1.0,False,False,False,0.0006577360899338072,0.0032231134705655723,0.0006577392536224383,0.0032231138335894875
2.3738104999938514,1786138885.692804,0.00913709998712875,0.008614899998065084,0.00913709998712875,TELEOP,0,,0.0,2.3738104999938514,449,-0.017499190858739338,0.03799601828038495,0.0,0.03086499796964661,0.03525630878763771,0.06509751668595089,0.9967781387612425,-0.015331146476169578,0.03588823974398238,0.0,0.029269216922187688,0.03320438863237091,0.0615529249715078,0.9971218676489672,-0.020599025630118693,-0.2145642509322507,0.2774466749150994,-0.11591604426991596,0.020487458968574988,0.02835975303246975,0.9926426643630443,-0.02050917197845007,-0.2146500745903662,0.2774696740112566,-0.11598094968436651,0.0203865383527439,0.02822845169921159,0.9926409032872713,-0.020509168120405503,-0.21465007586729573,0.2774696737681426,-0.11598094973775218,0.02038653835692431,0.02822845144649369,0.9926409032881346,-0.02003699520089728,-0.21509409511600405,0.277580999561138,-0.11650493250395837,0.01947825881754828,0.02702041020903346,0.9926313996483389,-0.02003699520089728,-0.21509409511600405,0.277580999561138,-0.11650493250395837,0.01947825881754828,0.02702041020903346,0.9926313996483389,-0.09728463213447135,-0.5981865687177765,0.8209536652592615,-0.3414329742119093,0.4807584843051016,-0.29379765382731854,-0.08929823143642404,-0.5953751110180092,0.8197361321809156,-0.31843655081894917,0.4800110474299603,-0.27282392826215757,-0.08929823143642404,-0.5953751110180092,0.8197361321809156,-0.31843655081894917,0.4800110474299603,-0.27282392826215757,-0.11085656845532837,-0.04352074428169314,0.019013109422905468,-0.32914910783693657,0.0037048131509013075,-0.2984081023511987,-0.023069683114083396,0.04807671763053904,-0.02289473645582787,0.05786471569659418,0.0855354267138626,0.030399890978104888,0.5,0.0,0.0,0.5,True,False,True,False,1,True,True,0.0046101000043563545,4,4.07113759951455e-09,5.166607622334911e-10,`gtol` termination condition is satisfied.,True,True,0.0,0.00913709998712875,True,0.022996423392960152,0.02301030548242078,False,False,False,False,False,False,1.0,False,False,False,0.0006576426015142916,0.003199365035255574,0.0006576461924958242,0.0031993654471645294
2.3827516000019386,1786138885.7023034,0.008941100008087233,0.009173600003123283,0.008941100008087233,TELEOP,0,,0.0,2.3827516000019386,450,-0.01771315886928117,0.038178002695265806,0.0,0.031001356242566357,0.035434770314856666,0.0654028846801175,0.9967475887301529,-0.015533239880938203,0.03608250748671429,0.0,0.02941625998822742,0.03339372400424502,0.061879748841012494,0.9970909885907137,-0.020659651940258327,-0.21450795519562815,0.2774315887105562,-0.11584197805682658,0.020602888710852457,0.028509738486608423,0.9926446251847009,-0.020569298781013032,-0.21459328839315364,0.2774544563880711,-0.11590608098157242,0.02050309721408095,0.028379995124711625,0.9926429263702253,-0.020569295002000738,-0.21459328964576874,0.2774544561490816,-0.11590608103386228,0.02050309721819313,0.02837999487727234,0.9926429263711091,-0.020094415996206223,-0.2150347059763023,0.2775650059900576,-0.1164253931476797,0.019600330754622565,0.027180478898121724,0.9926339589353098,-0.020094415996206223,-0.2150347059763023,0.2775650059900576,-0.1164253931476797,0.019600330754622565,0.027180478898121724,0.9926339589353098,-0.09830386589486277,-0.5985455066485049,0.8211095103195754,-0.3443621121901131,0.4808546244890002,-0.29646776151051774,-0.09029112374845524,-0.5957603463052519,0.8199042857200173,-0.32137442992110027,0.48005100758454156,-0.27548916679000945,-0.09029112374845524,-0.5957603463052519,0.8199042857200173,-0.32137442992110027,0.48005100758454156,-0.27548916679000945,-0.11104811613035656,-0.04308589400568442,0.018806806651262588,-0.32858139373161793,0.004469266034952049,-0.2980884371543984,-0.021423278439446775,0.04863498625621056,-0.023073533620726703,0.06349488371734519,0.08549875108871309,0.03575233433370725,0.5,0.0,0.0,0.5,True,False,True,False,1,True,True,0.005243699997663498,4,3.988369901791626e-09,5.058779253379702e-10,`gtol` termination condition is satisfied.,True,True,0.0,0.008941100008087233,True,0.02298768226901282,0.022996423392960152,False,False,False,False,False,False,1.0,False,False,False,0.0006577079248009228,0.003177163445060601,0.00065771145384436,0.0031771638482403753
2.3923657000123058,1786138885.7110007,0.00961410001036711,0.008253400010289624,0.00961410001036711,TELEOP,0,,0.0,2.3923657000123058,451,-0.01794436905985839,0.03837234062484899,0.0,0.031146845621008903,0.035625441814200846,0.0657289084050104,0.9967148100150263,-0.01575180557839227,0.036290078523511425,0.0,0.02957322591716701,0.033596138852934956,0.062228868289265965,0.9970578176387084,-0.020725219821015377,-0.21444780435420283,0.2774154693980178,-0.11576290483860438,0.020726276854274174,0.028669949023609694,0.992646666913294,-0.02063433312120686,-0.21453260730430407,0.2774381949959317,-0.11582614721834752,0.020627699934046752,0.028541878403308695,0.9926450336314565,-0.020634329059199485,-0.21453260864699364,0.27743819472725767,-0.11582614727505396,0.020627699938482784,0.028541878137466746,0.9926450336323914,-0.020156519866884683,-0.2149712625268847,0.27754793428909147,-0.11634060374523668,0.019730679085724578,0.027351287139011003,0.9926366260192344,-0.020156519866884683,-0.2149712625268847,0.27754793428909147,-0.11634060374523668,0.019730679085724578,0.027351287139011003,0.9926366260192344,-0.09940368769268815,-0.5989276341807823,0.8212752967319465,-0.3475111388134064,0.4809659890660255,-0.29934002134388826,-0.09136205461565192,-0.5961705405596898,0.8200831677047276,-0.32453128080314386,0.4801020262910897,-0.2783550734227137,-0.09136205461565192,-0.5961705405596898,0.8200831677047276,-0.32453128080314386,0.4801020262910897,-0.2783550734227137,-0.11139169199840528,-0.04266590258012734,0.018606212179752047,-0.32835635978817346,0.005306654444324431,-0.2980941148535855,-0.03573666465693428,0.04368494451942326,-0.020864612526834154,0.023406657222391908,0.08710003104496583,-0.0005905596135835633,0.5,0.0,0.0,0.5,True,False,True,False,1,True,True,0.003911199979484081,4,4.2865959586846495e-09,5.437209383517206e-10,`gtol` termination condition is satisfied.,True,True,0.0,0.00961410001036711,True,0.022979858010262533,0.02298768226901282,False,False,False,False,False,False,1.0,False,False,False,0.0006578461993775432,0.0031539752687323795,0.0006578500002024902,0.003153975702084051
2.402591599995503,1786138885.7219036,0.01022589998319745,0.008931500022299588,0.01022589998319745,TELEOP,0,,0.0,2.402591599995503,454,-0.018191576012024126,0.03857750851728454,0.0,0.0313003023597452,0.03582684600464995,0.06607301831698571,0.9966800311173245,-0.01598569237619498,0.0365093616765778,0.0,0.029738885385372418,0.03381010151834756,0.06259759180040828,0.9970225760895008,-0.020795383928705304,-0.21438425950256149,0.27739844053991114,-0.11567944225715591,0.020856687021401612,0.02883914837329003,0.9926487640483255,-0.02070393436974626,-0.21446849590753594,0.2774210143321585,-0.11574177308900721,0.020759400812115678,0.028712851904609225,0.99264719884541,-0.020703930050261894,-0.21446849733244652,0.27742101403549235,-0.1157417731497651,0.020759400816852094,0.028712851622057712,0.9926471988463995,-0.02022305744108526,-0.21490418486338175,0.27752990156592344,-0.11625117332204589,0.019868434403756748,0.027531675453494046,0.9926393689867005,-0.02022305744108526,-0.21490418486338175,0.27752990156592344,-0.11625117332204589,0.019868434403756748,0.027531675453494046,0.9926393689867005,-0.10057782494609584,-0.5993297272834672,0.8214496054222867,-0.3508596087472662,0.4810935040912927,-0.30239611233931607,-0.09250610905287936,-0.5966026863320772,0.8202714386542087,-0.32788999747713393,0.48016555487985074,-0.28140651576501685,-0.09250610905287936,-0.5966026863320772,0.8202714386542087,-0.32788999747713393,0.48016555487985074,-0.28140651576501685,-0.11187811724222586,-0.04225992559066098,0.018411186280959106,-0.3284519386566367,0.00621251810260445,-0.2984033040922621,-0.04756796415179652,0.03970085666136318,-0.0190717588782792,-0.009346743916944372,0.0885852257276599,-0.030235895049300632,0.5,0.0,0.0,0.5,True,False,True,False,1,True,True,0.00463149999268353,4,4.5581055443128826e-09,5.78101330403945e-10,`gtol` termination condition is satisfied.,True,True,0.0,0.01022589998319745,True,0.02296961127013225,0.022979858010262533,False,False,False,False,False,False,1.0,False,False,False,0.0006579654893322002,0.003129567786315008,0.0006579695406638758,0.0031295682470375615
2.412614200002281,1786138885.732074,0.010022600006777793,0.009078000002773479,0.010022600006777793,TELEOP,0,,0.0,2.412614200002281,456,-0.018435142554004653,0.03877705216250962,0.0,0.031449414003983676,0.03602283449672907,0.06640761400139936,0.9966460347366404,-0.016216278432654514,0.03672283728517135,0.0,0.02990000234296237,0.03401851730195293,0.06295645934830572,0.9969880714265307,-0.02086455786515009,-0.21432239756577906,0.2773818626590128,-0.11559825853285466,0.020983700113381472,0.029003818134988497,0.992650746983709,-0.02077256051189039,-0.21440607561501757,0.27740428683983415,-0.11565969878217976,0.020887678816393255,0.02887925712634871,0.9926492469443117,-0.02077255627530313,-0.21440607701462855,0.27740428654718,-0.11565969884179766,0.020887678821060813,0.028879256849346873,0.9926492469453257,-0.020288705386519446,-0.2148388502827117,0.27751234132807856,-0.11616417087490953,0.020002557606003033,0.02770716543904507,0.9926419777933516,-0.020288705386519446,-0.2148388502827117,0.27751234132807856,-0.11616417087490953,0.020002557606003033,0.02770716543904507,0.9926419777933516,-0.10173277603342376,-0.5997195925667631,0.821618479163903,-0.3541403367450607,0.4812274190183198,-0.3053922086715051,-0.0936317572405866,-0.597022098757375,0.8204539912365527,-0.33118153468217726,0.4802366863818824,-0.28439907306413115,-0.0936317572405866,-0.597022098757375,0.8204539912365527,-0.33118153468217726,0.4802366863818824,-0.28439907306413115,-0.11231099584399512,-0.04184666902940742,0.01821409436877869,-0.32841151026853466,0.0070971107281099545,-0.2985809367919074,-0.04319025018223975,0.04123247071359717,-0.019664748872261825,0.004033722594404265,0.08825979535323147,-0.01772321548551628,0.5,0.0,0.0,0.5,True,False,True,False,1,True,True,0.005047999991802499,4,4.471378866014773e-09,5.667702483086636e-10,`gtol` termination condition is satisfied.,True,True,0.0,0.010022600006777793,True,0.02295880206288342,0.02296961127013225,False,False,False,False,False,False,1.0,False,False,False,0.0006580883070068735,0.0031059833849754535,0.0006580922942682689,0.003105983836501969
2.4224788999999873,1786138885.7427719,0.009864699997706339,0.009913100017001852,0.009864699997706339,TELEOP,0,,0.0,2.4224788999999873,458,-0.018676094241459912,0.0389719505289394,0.0,0.031594922583850354,0.03621436069044458,0.06673434309484644,0.9966126671874096,-0.016444530859628017,0.036931537807418896,0.0,0.03005736693028235,0.034222385623390514,0.06330721290124208,0.9969541513079422,-0.020933031754812037,-0.21426191935451572,0.27736565557866316,-0.11551895623670554,0.021107926363044878,0.029164758128276215,0.9926526296131762,-0.020840498753140282,-0.21434504460020554,0.2773879316356652,-0.1155795224062859,0.02101315027123332,0.029041902449343418,0.9926511922211831,-0.020840494581024067,-0.21434504598033777,0.2773879313454972,-0.1155795224650379,0.021013150275851364,0.029041902176679943,0.9926511922222219,-0.020353720264900167,-0.2147749571676191,0.2774951722755371,-0.11607918821185695,0.020133677004898334,0.027878591264425635,0.9926444687114565,-0.020353720264900167,-0.2147749571676191,0.2774951722755371,-0.11607918821185695,0.020133677004898334,0.027878591264425635,0.9926444687114565,-0.10287349571173894,-0.6000991946547731,0.8217827830604327,-0.3573679455383948,0.48136786575070456,-0.3083415525183895,-0.09474357707142335,-0.5974307885352242,0.8206317164623856,-0.3344199003186113,0.48031526393382096,-0.2873453359818839,-0.09474357707142335,-0.5974307885352242,0.8206317164623856,-0.3344199003186113,0.48031526393382096,-0.2873453359818839,-0.11270690756893366,-0.04142951918905311,0.018016282894989355,-0.32827816732257314,0.007965528800353854,-0.29866725986981424,-0.040134188067613916,0.042287128899134906,-0.020052457128481208,0.013517182072693423,0.08803289227709075,-0.008750704829027511,0.5,0.0,0.0,0.5,True,False,True,False,1,True,True,0.005215399985900149,4,4.40403407734885e-09,5.579232013384154e-10,`gtol` termination condition is satisfied.,True,True,0.0,0.009864699997706339,True,0.022948045219783497,0.02295880206288342,False,False,False,False,False,False,1.0,False,False,False,0.0006582351258200653,0.0030831652876022802,0.0006582390652897978,0.0030831657319254895
2.432898600003682,1786138885.7519867,0.010419700003694743,0.008707900007721037,0.010419700003694743,TELEOP,0,,0.0,2.432898600003682,459,-0.01893190881198627,0.03917618804750232,0.0,0.0317472638007266,0.03641517062112353,0.06707664627786779,0.9965775284010349,-0.01668706053283684,0.0371503998736675,0.0,0.030222230783530014,0.03443630587157177,0.06367494965579225,0.9969183810075521,-0.021005788728831652,-0.21419849646030012,0.2773486593614525,-0.115435864814238,0.021238260610296825,0.029333483360640525,0.992654544217055,-0.020912694518383856,-0.21428103494044703,0.27737077819440065,-0.11549551163471633,0.021144798338963457,0.02921242358805405,0.9926531713562153,-0.020912690113587182,-0.21428103639526497,0.27737077787789305,-0.11549551169716217,0.021144798343860058,0.02921242330032873,0.9926531713573128,-0.02042290937488043,-0.214707871421688,0.2774771621085506,-0.1159901773981499,0.020271307806816224,0.02805840431017626,0.9926470061278146,-0.02042290937488043,-0.214707871421688,0.2774771621085506,-0.1159901773981499,0.020271307806816224,0.02805840431017626,0.9926470061278146,-0.10408269482758152,-0.6004955681294799,0.821954217548331,-0.36077520003832947,0.481525632003965,-0.3114569906956809,-0.09592342125947936,-0.5978582377670496,0.8208174253657372,-0.3378420387858532,0.48040798490887665,-0.2904610620481986,-0.09592342125947936,-0.5978582377670496,0.8208174253657372,-0.3378420387858532,0.48040798490887665,-0.2904610620481986,-0.11323206883476986,-0.04102318029058584,0.01782286469722561,-0.32842965402348095,0.008898622323371576,-0.2990226268712075,-0.050400804788043596,0.03899717826071668,-0.018562741508407893,-0.01453848967380017,0.08955090095557978,-0.03410530065810352,0.5,0.0,0.0,0.5,True,False,True,False,1,True,True,0.005231699993601069,4,4.6496135333693025e-09,5.88933029252883e-10,`gtol` termination condition is satisfied.,True,True,0.0,0.010419700003694743,True,0.022933161252476242,0.022948045219783497,False,False,False,False,False,False,1.0,False,False,False,0.0006583243245713292,0.0030590705580764727,0.0006583284937663867,0.0030590710270379383
2.442397000006167,1786138885.7632515,0.009498400002485141,0.010473300004377961,0.009498400002485141,TELEOP,0,,0.0,2.442397000006167,462,-0.019166265005289854,0.03936090428681723,0.0,0.031884920730390905,0.036596880377016895,0.06738615921826792,0.9965455964091645,-0.01690933592350072,0.03734858382970406,0.0,0.03037138382305687,0.034630117862279805,0.06400786362294171,0.9968858146126587,-0.02107246960023961,-0.2141410657479617,0.2773332689311845,-0.11536068290739672,0.021356329736102353,0.029486225414718376,0.9926562257549864,-0.02097886651364987,-0.21422306569621352,0.27735524346420903,-0.11541949323032961,0.021264066259225372,0.029366801526660855,0.9926549103473326,-0.02097886249284685,-0.21422306703033733,0.27735524318156946,-0.11541949328699301,0.021264066263718233,0.029366801264123513,0.9926549103484148,-0.020486305818859175,-0.21464713408688127,0.2774608475666635,-0.11590957949555107,0.020395884232735507,0.028221024947075724,0.9926492588212948,-0.020486305818859175,-0.21464713408688127,0.2774608475666635,-0.11590957949555107,0.020395884232735507,0.028221024947075724,0.9926492588212948,-0.10518860412144707,-0.6008530049033634,0.8221087016386731,-0.36387934448346343,0.4816776634845538,-0.31429688617795504,-0.09700185738858041,-0.5982438453270517,0.8209848172967241,-0.3409582531285972,0.4805003706273868,-0.29330008643917943,-0.09700185738858041,-0.5982438453270517,0.8209848172967241,-0.3409582531285972,0.4805003706273868,-0.29330008643917943,-0.11353871481711568,-0.04059710687075475,0.017623171370242767,-0.32807781751964676,0.009726450611261138,-0.2988950128693304,-0.0322839617478303,0.04485738858329997,-0.021023891069085147,0.037041660041917814,0.08715449840741293,0.013435315615651505,0.5,0.0,0.0,0.5,True,False,True,False,1,True,True,0.0061314000049605966,4,4.245777714895218e-09,5.372446419790213e-10,`gtol` termination condition is satisfied.,True,True,0.0,0.009498400002485141,True,0.022921091354866252,0.022933161252476242,False,False,False,False,False,False,1.0,False,False,False,0.0006584810032846297,0.003037604505287038,0.0006584848247844758,0.00303760493282449
2.4532273999939207,1786138885.7725143,0.01083039998775348,0.008907999988878146,0.01083039998775348,TELEOP,0,,0.0,2.4532273999939207,463,-0.019434825479295634,0.03956981307156865,0.0,0.0320404655586471,0.036802495822625535,0.06773612645619624,0.9965093085569854,-0.017164308066377247,0.037572836656296425,0.0,0.0305399857369822,0.034849555337885044,0.06438446949988531,0.9968487637807227,-0.021148959267671602,-0.21407608064581865,0.27731585404029785,-0.11527568748216376,0.02148999179140928,0.02965900565906985,0.9926580677713928,-0.021054781419484997,-0.21415746409946076,0.2773376633831273,-0.11533354929852035,0.021399092008416568,0.029541439113974104,0.9926568161466965,-0.0210547768426043,-0.21415746561099971,0.277337663041935,-0.11533354936386456,0.021399092013550686,0.029541438815292267,0.9926568161478825,-0.020559203439661094,-0.21457827139305724,0.2774423811565748,-0.11581854166248513,0.02053710362647479,0.028405258977947257,0.9926517184008732,-0.020559203439661094,-0.21457827139305724,0.2774423811565748,-0.11581854166248513,0.02053710362647479,0.028405258977947257,0.9926517184008732,-0.10645404323671184,-0.6012556012490892,0.8222825811685652,-0.36741598984097146,0.48186093608066444,-0.31753451425764373,-0.09823829164680199,-0.598679202653703,0.8211736289378246,-0.3445153436446775,0.48061638696175313,-0.29654315566975836,-0.09823829164680199,-0.598679202653703,0.8211736289378246,-0.3445153436446775,0.48061638696175313,-0.29654315566975836,-0.11416330510596871,-0.040197714502111556,0.0174334873424769,-0.32843574753494764,0.010712100614703127,-0.2994413165022589,-0.057670103556589636,0.036876973066073904,-0.017514037152861674,-0.03304864231289672,0.09100771943386357,-0.05044168576841673,0.5,0.0,0.0,0.5,True,False,True,False,1,True,True,0.004991800000425428,4,4.832080203922743e-09,6.115830937085376e-10,`gtol` termination condition is satisfied.,True,True,0.0,0.01083039998775348,True,0.02290064619629395,0.022921091354866252,False,False,False,False,False,False,1.0,False,False,False,0.0006585107344998027,0.003012754585480994,0.0006585150905682681,0.0030127550722332435
2.4624850999971386,1786138885.7809913,0.009257700003217906,0.00812660000519827,0.009257700003217906,TELEOP,0,,0.0,2.4624850999971386,464,-0.019665510339848143,0.0397469336812054,0.0,0.03217222474578097,0.03697691303049692,0.0680327725206323,0.9964783980201468,-0.01738337104220956,0.0377632493161324,0.0,0.030683020724427888,0.035035974060176785,0.06470417130459717,0.9968171361772752,-0.021214676483086104,-0.21402090189700285,0.2773010670719184,-0.11520357248160232,0.02160352906437777,0.029805674137240775,0.9926595822378714,-0.021120009546042495,-0.21410175445824808,0.277322734161641,-0.11526062454062103,0.02151379661732816,0.029689694922854844,0.9926583838365554,-0.021120005625769232,-0.21410175576247126,0.2773227338820898,-0.11526062459595669,0.021513796621750247,0.029689694667114203,0.9926583838376833,-0.020621788433751734,-0.2145198279708035,0.27742668991922587,-0.11574117781243687,0.020656937850480134,0.028561456885116968,0.9926537734063328,-0.020621788433751734,-0.2145198279708035,0.27742668991922587,-0.11574117781243687,0.020656937850480134,0.028561456885116968,0.9926537734063328,-0.1075391158036918,-0.6015959786538732,0.8224294901652428,-0.37043681009424967,0.4820255662977217,-0.3203014326052311,-0.09929742781603734,-0.5990473364532827,0.8213331639684298,-0.34755117083121334,0.4807229512621323,-0.2993126550590747,-0.09929742781603734,-0.5990473364532827,0.8213331639684298,-0.34755117083121334,0.4807229512621323,-0.2993126550590747,-0.11440597220337753,-0.03976514679150485,0.01723268528356855,-0.3279245585275608,0.011510882869627223,-0.2991563118651112,-0.026212460689423178,0.04672518124980828,-0.021690274996873007,0.05521771144119531,0.0862830135612998,0.030785685110623615,0.5,0.0,0.0,0.5,True,False,True,False,1,True,True,0.004491800005780533,4,4.140976867873815e-09,5.233971312458147e-10,`gtol` termination condition is satisfied.,True,True,0.0,0.009257700003217906,True,0.022885639263036328,0.02290064619629395,False,False,False,False,False,False,1.0,False,False,False,0.0006586437576251894,0.002992043124015602,0.000658647506764963,0.0029920435402312658
2.472798100003274,1786138885.793703,0.010313000006135553,0.010511299973586574,0.010313000006135553,TELEOP,0,,0.0,2.472798100003274,467,-0.01992369951314929,0.039942660765460575,0.0,0.032317699746591405,0.0371697474281594,0.06836050731109895,0.9964440863387094,-0.017628772934611434,0.03797378384978253,0.0,0.030841020079904788,0.03524220867453539,0.06505756968886235,0.9967819876153212,-0.021288295196218422,-0.21395989210577263,0.2772847174685709,-0.11512390372668226,0.021729119311779378,0.029967794657826768,0.9926612027514777,-0.02119308790080446,-0.21404015046937125,0.27730622534237953,-0.1151800579092343,0.02164068514313732,0.029853577659655437,0.9926600621096228,-0.021193083540937713,-0.21404015191421427,0.27730622501539226,-0.11518005797146476,0.021640685148074174,0.02985357737538523,0.9926600621108436,-0.020691991581347095,-0.21445513459533141,0.2774093425542085,-0.11565580094679094,0.02078958259528387,0.028734247581245115,0.9926559685907348,-0.020691991581347095,-0.21445513459533141,0.2774093425542085,-0.11565580094679094,0.02078958259528387,0.028734247581245115,0.9926559685907348,-0.10875179620250558,-0.6019705979748023,0.822591076640752,-0.37379881615458366,0.48221800428892503,-0.3233826904688471,-0.10048231355685382,-0.5994531476839927,0.8215088787713053,-0.35093328415613423,0.4808512050087494,-0.3024001396458748,-0.10048231355685382,-0.5994531476839927,0.8215088787713053,-0.35093328415613423,0.4808512050087494,-0.3024001396458748,-0.11489244061975637,-0.039349484191659,0.01703818508396904,-0.32794660359825195,0.01243612397370204,-0.2993779293089605,-0.047170407843442896,0.040304722156362,-0.018859710994259146,-0.0021376001821019133,0.08971599956601958,-0.02148913446305134,0.5,0.0,0.0,0.5,True,False,True,False,1,True,True,0.00641239999094978,4,4.604663951278731e-09,5.820929267053106e-10,`gtol` termination condition is satisfied.,True,True,0.0,0.010313000006135553,True,0.02286553199844943,0.022885639263036328,False,False,False,False,False,False,1.0,False,False,False,0.0006587389501198934,0.0029689212071444043,0.0006587431256172816,0.0029689216700616275
2.4836592999927234,1786138885.8030834,0.010861199989449233,0.00904519998584874,0.010861199989449233,TELEOP,0,,0.0,2.4836592999927234,468,-0.020196978165095393,0.04014697858504671,0.0,0.03246941926286585,0.03737115157792133,0.06870254401237277,0.9964080962581047,-0.017888720938873358,0.038193747439177465,0.0,0.03100593104897905,0.03545780586061689,0.0654266991886829,0.9967450643352143,-0.0213662776598481,-0.2138961498875713,0.2772676356042946,-0.11504073974993954,0.02186039400926251,0.03013712451272757,0.9926628355577995,-0.02127050659188799,-0.21397577982401797,0.27728897509023825,-0.11509595365284951,0.021773323649132925,0.0300247552690389,0.9926617540235172,-0.021270502004728773,-0.21397578134233683,0.2772889747363374,-0.11509595371871946,0.02177332365435135,0.030024754970103363,0.992661754024807,-0.020766525128744,-0.21438740567584846,0.27739119783993205,-0.1155666428651623,0.020928455044749644,0.028915024060783612,0.992658184981054,-0.020766525128744,-0.21438740567584846,0.27739119783993205,-0.1155666428651623,0.020928455044749644,0.028915024060783612,0.992658184981054,-0.11003326383639543,-0.6023600323729134,0.8227589426910893,-0.37733570613199163,0.48243085752293446,-0.3266262440789859,-0.1017368106986211,-0.5998760867918659,0.8216918512436564,-0.35449825032426785,0.48099705466154974,-0.3056568280832906,-0.1017368106986211,-0.5998760867918659,0.8216918512436564,-0.35449825032426785,0.48099705466154974,-0.3056568280832906,-0.11550262797719699,-0.038940366468167224,0.016846432487098682,-0.328229493204864,0.013428502646302569,-0.29984609809039126,-0.056180473431422656,0.03766781975188729,-0.017654826083363842,-0.026045888749570006,0.09136915567014174,-0.04310470131159844,0.5,0.0,0.0,0.5,True,False,True,False,1,True,True,0.004943200008710846,4,4.8448496022435e-09,6.123077673201228e-10,`gtol` termination condition is satisfied.,True,True,0.0,0.010861199989449233,True,0.022837455807723783,0.02286553199844943,False,False,False,False,False,False,1.0,False,False,False,0.0006586932870272712,0.0029440564264418684,0.0006586976906312172,0.0029440569132924872
2.4930451000109315,1786138885.811587,0.009385800018208101,0.008163100021192804,0.009385800018208101,TELEOP,0,,0.0,2.4930451000109315,469,-0.02043425268909825,0.040322035984656154,0.0,0.032599296692548824,0.03754379861045061,0.06899553015424696,0.9963771203012359,-0.018114478265046714,0.03838249812789582,0.0,0.031147318547741814,0.035642902585318194,0.06574337663682338,0.9967132167634619,-0.021434003195003742,-0.213841452689782,0.27725297764417006,-0.11496943036977292,0.021973084955735404,0.03028238813361363,0.9926641882262618,-0.021337747275873523,-0.2139205355668792,0.27727417054476616,-0.1150238330513804,0.021887194322497073,0.030171614708875326,0.9926631564738951,-0.02133774330536375,-0.21392053689019208,0.27727417025015894,-0.1150238331078056,0.02188719432703891,0.030171614450219295,0.9926631564751185,-0.02083121134987721,-0.21432930568652767,0.27737561352320683,-0.11549005727555096,0.02104758437680902,0.029069973675088685,0.9926600538416567,-0.02083121134987721,-0.21432930568652767,0.27737561352320683,-0.11549005727555096,0.02104758437680902,0.029069973675088685,0.9926600538416567,-0.11114396208182145,-0.6026926551429973,0.8229022346035106,-0.3803889845330226,0.48262292278355207,-0.32942779556463325,-0.10282319313931215,-0.6002374623446755,0.8218480781846758,-0.35757388650445737,0.48113068427181566,-0.3084681405337641,-0.10282319313931215,-0.6002374623446755,0.8218480781846758,-0.35757388650445737,0.48113068427181566,-0.3084681405337641,-0.11574745238376127,-0.03850237082705118,0.016645031932946575,-0.32769035928987333,0.014237423555446238,-0.29952827090068757,-0.026084553910092106,0.04666577598780577,-0.021458006111508676,0.0574414449428684,0.08618561098408155,0.03386255717009942,0.5,0.0,0.0,0.5,True,False,True,False,1,True,True,0.004582000023219734,4,4.195580798053644e-09,5.295615889149204e-10,`gtol` termination condition is satisfied.,True,True,0.0,0.009385800018208101,True,0.02281509802856524,0.022837455807723783,False,False,False,False,False,False,1.0,False,False,False,0.0006587543460451191,0.00292296578636392,0.0006587581748390477,0.002922966207081509
2.5025982999941334,1786138885.8231606,0.009553199983201921,0.01018159999512136,0.009553199983201921,TELEOP,0,,0.0,2.5025982999941334,472,-0.020676814961551812,0.040498775527180175,0.0,0.03273031507768996,0.03771818510275035,0.0692912684817219,0.9963457156527867,-0.018345413918000875,0.03857322920467583,0.0,0.03129006484204812,0.03583003647959477,0.06606330359007669,0.9966808818507641,-0.02150328221074802,-0.2137861815837019,0.2772381658731369,-0.11489742790295263,0.022087003357566744,0.03042913691413986,0.9926655091069848,-0.02140653588696082,-0.21386470430743043,0.27725920867973197,-0.1149510074497536,0.022002313031276255,0.03031998452405239,0.9926645267390296,-0.02140653184849828,-0.213864705653372,0.27725920837508145,-0.11495100750732591,0.02200231303591555,0.03031998426108586,0.992664526740292,-0.020897368568224266,-0.2142705958031497,0.27735986936065143,-0.11541276250346627,0.02116797659043395,0.029226465381990654,0.9926618884291171,-0.020897368568224266,-0.2142705958031497,0.27735986936065143,-0.11541276250346627,0.02116797659043395,0.029226465381990654,0.9926618884291171,-0.11227772255643308,-0.6030272078873751,0.82304628124995,-0.3834931933604408,0.482826359864067,-0.33227761519959786,-0.10393172858402863,-0.600601141476608,0.8220051892344535,-0.360700158210321,0.4812746354752496,-0.31132741527242724,-0.10393172858402863,-0.600601141476608,0.8220051892344535,-0.360700158210321,0.4812746354752496,-0.31132741527242724,-0.116038128236162,-0.038068828515269625,0.016445908183020518,-0.3272486403886406,0.015068375380720216,-0.2993002076467397,-0.03042706662812842,0.04538189429132448,-0.020843670212723632,0.04623779487600635,0.08698151684619806,0.023872969722067705,0.5,0.0,0.0,0.5,True,False,True,False,1,True,True,0.004990899993572384,4,4.2677336338007365e-09,5.384759175657432e-10,`gtol` termination condition is satisfied.,True,True,0.0,0.009553199983201921,True,0.022793035150119823,0.02281509802856524,False,False,False,False,False,False,1.0,False,False,False,0.0006588829134845332,0.002901810365712521,0.0006588868168735534,0.0029018107934030727
2.5132811999937985,1786138885.8307161,0.010682899999665096,0.007055599999148399,0.010682899999665096,TELEOP,0,,0.0,2.5132811999937985,473,-0.02094931196266435,0.040694686687052936,0.0,0.032875419775477054,0.037911582384026345,0.06961901245848343,0.9963107506195198,-0.01860508000951588,0.0387847821309126,0.0,0.03144824213311506,0.036037716126526835,0.06641806745705048,0.9966448371402882,-0.021581180174641196,-0.21372487658101838,0.27722173709842135,-0.11481763271462758,0.022213413268854842,0.030591858408460577,0.9926669198114102,-0.02148389080444649,-0.21380277063423403,0.27724261145162427,-0.1148702975826551,0.02213006072616893,0.030484509534776424,0.9926659910684724,-0.02148388629813783,-0.2138027721303602,0.2772426110951076,-0.11487029764759953,0.022130060731366908,0.030484509241502904,0.9926659910698475,-0.02097190276327539,-0.21420535718068362,0.2773423977492954,-0.11532715205507814,0.02130178679078422,0.029400290489191926,0.9926638427975183,-0.02097190276327539,-0.21420535718068362,0.2773423977492954,-0.11532715205507814,0.02130178679078422,0.029400290489191926,0.9926638427975183,-0.1135494869257477,-0.6033963482278657,0.8232051324548405,-0.38695980299731353,0.48306347671322747,-0.3354620401294719,-0.10517732079524832,-0.6010033636410279,0.8221788155477986,-0.3641975448704503,0.4814460120571725,-0.31452820837349604,-0.10517732079524832,-0.6010033636410279,0.8221788155477986,-0.3641975448704503,0.4814460120571725,-0.31452820837349604,-0.11659682401396058,-0.037651027757680935,0.01625273224971419,-0.32738176527337676,0.016042140423317478,-0.2996183715254444,-0.05229813794158031,0.03910930155686066,-0.01808272410229279,-0.01246149310957858,0.0911517511750356,-0.029782538328980424,0.5,0.0,0.0,0.5,True,False,True,False,1,True,True,0.003966599993873388,4,4.761545480763318e-09,6.008528805258383e-10,`gtol` termination condition is satisfied.,True,True,0.0,0.010682899999665096,True,0.022762258126863222,0.022793035150119823,False,False,False,False,False,False,1.0,False,False,False,0.0006589076104190546,0.0028776997379104333,0.0006589119720321857,0.002877700215145256
2.522629000013694,1786138885.8402982,0.009347800019895658,0.007287900021765381,0.009347800019895658,TELEOP,0,,0.0,2.522629000013694,476,-0.021188827673562116,0.04086460998438991,0.0,0.033001169022886426,0.03807940559804088,0.06990321751636513,0.9962802928359481,-0.01883338133990998,0.03896855376178457,0.0,0.03158553112778391,0.03621821092840083,0.06672617458240088,0.9966133718981101,-0.021649668954921982,-0.2136716221789774,0.2772074657453502,-0.11474836721471696,0.02232326471373203,0.030733174853317977,0.992668099637292,-0.021551907005027425,-0.2137489624597971,0.277228191714158,-0.1148002336723617,0.02224108289388581,0.030627401865512913,0.9926672165612436,-0.021551903056975217,-0.2137489637790993,0.2772281914124899,-0.11480023372871874,0.022241082898464236,0.03062740160866321,0.9926672165625482,-0.021037390458354885,-0.2141486982675119,0.27732720602209876,-0.11525270716097206,0.02141801488495867,0.029551164009325993,0.992665508031859,-0.021037390458354885,-0.2141486982675119,0.27732720602209876,-0.11525270716097206,0.02141801488495867,0.029551164009325993,0.992665508031859,-0.11466542491530027,-0.6037154301680099,0.8233423717913442,-0.38998926183521304,0.4832789411143677,-0.3382463491523426,-0.10626943401382734,-0.6013512217032855,0.8223288769415317,-0.367252398859876,0.481603474076626,-0.31732554951371317,-0.10626943401382734,-0.6013512217032855,0.8223288769415317,-0.367252398859876,0.481603474076626,-0.31732554951371317,-0.11683104219758496,-0.037212826709726726,0.016053124094837026,-0.32679924505485747,0.016844821147044966,-0.2992512820410471,-0.025055968583610057,0.04687745213007872,-0.021353490067430078,0.06231629017303259,0.0858684098952778,0.0392701473732833,0.5,0.0,0.0,0.5,True,False,True,False,1,True,True,0.003833499999018386,4,4.173568998321292e-09,5.26005899920539e-10,`gtol` termination condition is satisfied.,True,True,0.0,0.009347800019895658,True,0.022736862975337058,0.022762258126863222,False,False,False,False,False,False,1.0,False,False,False,0.0006590256203529024,0.0028568960765229454,0.000659029457570919,0.0028568964939842648
2.532803000009153,1786138885.8528252,0.010173999995458871,0.009639800002332777,0.010173999995458871,TELEOP,0,,0.0,2.532803000009153,478,-0.021450642104922885,0.04104794956850827,0.0,0.03313673512791771,0.038260562905481944,0.07020979598600498,0.9962472939279793,-0.01908313360708041,0.03916697663255443,0.0,0.031733630940427825,0.036413198286399426,0.06705876679269776,0.996579237920465,-0.02172459288717292,-0.213614122032278,0.27719205658379853,-0.11467363919652075,0.0224419226758095,0.03088571571621715,0.9926693251756782,-0.021626320953385198,-0.21369085690718748,0.277212620332809,-0.11472464127647536,0.022361011850218267,0.030781650770963682,0.9926684903878198,-0.021626316665013315,-0.21369085833613471,0.27721261999228414,-0.11472464133822279,0.022361011855211485,0.030781650492113483,0.9926684903892179,-0.021109100349069872,-0.21408745810457142,0.27731080093824095,-0.11517244315347328,0.021543677708138385,0.029714185019258033,0.9926672380498458,-0.021109100349069872,-0.21408745810457142,0.27731080093824095,-0.11517244315347328,0.021543677708138385,0.029714185019258033,0.9926672380498458,-0.11588344484587036,-0.6040581490699678,0.8234897078909971,-0.39328161360709857,0.48352221030012205,-0.34127397697068595,-0.10746239988674125,-0.6017254565648402,0.82249020531155,-0.37057539887732716,0.48178409077895024,-0.3203702666983465,-0.10746239988674125,-0.6017254565648402,0.82249020531155,-0.37057539887732716,0.48178409077895024,-0.3203702666983465,-0.11725632725048066,-0.036783454071331684,0.01585692648814197,-0.3266168683835628,0.01775277200755311,-0.2992645160204775,-0.04180116503691052,0.04220293282747138,-0.019284215331494572,0.017925758932189895,0.08924227058319284,-0.0013007646389090466,0.5,0.0,0.0,0.5,True,False,True,False,1,True,True,0.005379200010793284,4,4.532988067195074e-09,5.71304008673425e-10,`gtol` termination condition is satisfied.,True,True,0.0,0.010173999995458871,True,0.022706214729771412,0.022736862975337058,False,False,False,False,False,False,1.0,False,False,False,0.0006591233510892531,0.0028341108050508267,0.0006591275252769112,0.002834111258428751
2.542700199992396,1786138885.8618913,0.0098971999832429,0.008811899984721094,0.0098971999832429,TELEOP,0,,0.0,2.542700199992396,479,-0.021706453011950712,0.04122469161600906,0.0,0.03326731306204366,0.03843528330411484,0.07050527721973222,0.996215348588413,-0.01932728741858475,0.039358485550576784,0.0,0.0318764444208893,0.03660148666281309,0.06737969579156747,0.9965461354398951,-0.021797837343628296,-0.21355862542860482,0.2771771843270372,-0.11460157050178198,0.022556491292831566,0.03103290203351046,0.9926704607927347,-0.02169907303204507,-0.21363476830295833,0.2771975894481475,-0.11465173545865516,0.022476814669949195,0.03093049307318054,0.9926696716213614,-0.021699068862292878,-0.2136347696951811,0.2771975891169009,-0.11465173551864387,0.02247681467482767,0.030930492802160633,0.992669671622767,-0.021179228936533345,-0.21402831314746035,0.27729495471939447,-0.11509497169182731,0.02166507476616103,0.02987156701202187,0.9926688579334402,-0.021179228936533345,-0.21402831314746035,0.27729495471939447,-0.11509497169182731,0.02166507476616103,0.02987156701202187,0.9926688579334402,-0.11707161334216055,-0.6043871593617831,0.8236310854614499,-0.396479479194347,0.483767440047487,-0.34421631345274295,-0.10862640966344075,-0.6020852093532818,0.8226451903828055,-0.373804543506851,0.4819684124061865,-0.3233306916952927,-0.10862640966344075,-0.6020852093532818,0.8226451903828055,-0.373804543506851,0.4819684124061865,-0.3233306916952927,-0.11761000875705362,-0.03634894607067993,0.015659486674806572,-0.3262685037173315,0.018623613501627077,-0.2991174273490051,-0.035735511778258074,0.043902113869319706,-0.01994905767991823,0.03519830526018328,0.08798867311445666,0.01486164488152461,0.5,0.0,0.0,0.5,True,False,True,False,1,True,True,0.004482100019231439,4,4.408496560453859e-09,5.5525205633952e-10,`gtol` termination condition is satisfied.,True,True,0.0,0.0098971999832429,True,0.022674935687496012,0.022706214729771412,False,False,False,False,False,False,1.0,False,False,False,0.0006592344482765394,0.0028119066849845637,0.0006592385185329523,0.002811907125423153
2.552484799991362,1786138885.8729453,0.00978459999896586,0.010079700005007908,0.00978459999896586,TELEOP,0,,0.0,2.552484799991362,482,-0.02196042913989292,0.041397855813810384,0.0,0.033395143096610146,0.038606544876025405,0.07079471506645557,0.9961839224906974,-0.019569824249311578,0.03954632652661774,0.0,0.0320164014538568,0.03678626043767281,0.0676944066848502,0.9965135164083543,-0.02187059673816071,-0.2135041917206317,0.2771625968964175,-0.11453093557277343,0.022668909109115745,0.03117723144848189,0.9926715295584112,-0.021771349257876337,-0.21357974627267318,0.27718284437512797,-0.11458027658748256,0.0225904504365682,0.031076454142772828,0.992670784179791,-0.02177134513876852,-0.213579747649819,0.2771828440461761,-0.11458027664676487,0.022590450441409584,0.031076453875160656,0.9926707841812159,-0.0212489082536374,-0.21397027013617262,0.277279403084947,-0.1150190032099876,0.021784247205905365,0.030025966152181664,0.9926703968744515,-0.0212489082536374,-0.21397027013617262,0.277279403084947,-0.1150190032099876,0.021784247205905365,0.030025966152181664,0.9926703968744515,-0.1182494006865532,-0.6047081298974961,0.8237689503315467,-0.3996358821544716,0.4840181961622204,-0.347122049059539,-0.10978038065471646,-0.6024366059731495,0.8227964824842201,-0.37699290922540035,0.4821590125490287,-0.3262553711645842,-0.10978038065471646,-0.6024366059731495,0.8227964824842201,-0.37699290922540035,0.4821590125490287,-0.3262553711645842,-0.11793747229295723,-0.035913233029954944,0.015462267382481899,-0.32585549934451585,0.01947960497745035,-0.2989063906138833,-0.03346723789814845,0.044530490850012636,-0.020156091444261184,0.04220963277592471,0.087483543109963,0.021568253699086326,0.5,0.0,0.0,0.5,True,False,True,False,1,True,True,0.00531010000850074,4,4.355661734501991e-09,5.482923841999333e-10,`gtol` termination condition is satisfied.,True,True,0.0,0.00978459999896586,True,0.022642972929071248,0.022674935687496012,False,False,False,False,False,False,1.0,False,False,False,0.0006593722463538182,0.0027899602691918543,0.0006593762774885306,0.002789960703934162
2.5627956000098493,1786138885.8809116,0.010310800018487498,0.007737700012512505,0.010310800018487498,TELEOP,0,,0.0,2.5627956000098493,483,-0.022229210310725164,0.041578639227782176,0.0,0.03352848716795137,0.03878542435652592,0.07109682277010615,0.9961509791179793,-0.019826679521802934,0.03974261183131546,0.0,0.03216251830783823,0.03697944059844854,0.06802318776430982,0.9964792718945565,-0.021947651590836087,-0.21344731093824035,0.27714735367038285,-0.11445718365948288,0.02278642802631037,0.0313280079147491,0.9926725984566285,-0.021847899573932718,-0.21352224296833414,0.2771674343427155,-0.11450566163330786,0.022709248576065162,0.03122894160737434,0.9926718978036562,-0.021847895241325445,-0.21352224441489226,0.277167433987688,-0.11450566169601231,0.022709248581179783,0.031228941326029172,0.992671897805157,-0.021322791361191813,-0.21390953392581002,0.27726314024044124,-0.11493967226484245,0.021908999634624265,0.030187492126746058,0.9926719411737991,-0.021322791361191813,-0.21390953392581002,0.27726314024044124,-0.11493967226484245,0.021908999634624265,0.030187492126746058,0.9926719411737991,-0.11949389709096296,-0.6050416049504607,0.8239121285324954,-0.40295613088917914,0.4842914513902893,-0.35018032461375986,-0.11100103691516804,-0.6028024473058212,0.8229538952880093,-0.38035099229703434,0.4823693989415896,-0.32933754186410835,-0.11100103691516804,-0.6028024473058212,0.8229538952880093,-0.38035099229703434,0.4823693989415896,-0.32933754186410835,-0.11838618325085437,-0.035481372154999205,0.015266788562189744,-0.3256859861128956,0.020404468342288328,-0.2989264357758615,-0.04351853950155058,0.04188432266957025,-0.018958647238008365,0.0164403568410125,0.08969850672883553,-0.0019440937601568342,0.5,0.0,0.0,0.5,True,False,True,False,1,True,True,0.004504600015934557,4,4.5814911018868536e-09,5.765947102851785e-10,`gtol` termination condition is satisfied.,True,True,0.0,0.010310800018487498,True,0.022605138592144802,0.022642972929071248,False,False,False,False,False,False,1.0,False,False,False,0.0006594595795152145,0.002766499804426593,0.0006594638274310618,0.0027665002615071274
2.572819499997422,1786138885.892227,0.010023899987572804,0.009027200023410842,0.010023899987572804,TELEOP,0,,0.0,2.572819499997422,486,-0.022491630047846135,0.04175271946323303,0.0,0.033656780334368606,0.038957750745639196,0.07138766557544803,0.9961191274130081,-0.020077584706795843,0.03993185894713577,0.0,0.032303272823869945,0.037165786634049056,0.06834010709285492,0.9964461012173595,-0.022022921479260618,-0.21339246970219047,0.2771326569983678,-0.11438613046807236,0.02289977712903683,0.031473339551549365,0.9926735829372385,-0.021922682871537078,-0.21346679349322456,0.2771525746913629,-0.114433773611037,0.022823838316746482,0.031375930087038914,0.9926729244181098,-0.02192267866269247,-0.2134667949013444,0.2771525743464972,-0.11443377367188658,0.022823838321739072,0.03137592981384909,0.9926729244196152,-0.021395004562904572,-0.21385092150587776,0.27724744284243835,-0.11486315542211421,0.022029434558003304,0.030343326564051018,0.9926733813659745,-0.021395004562904572,-0.21385092150587776,0.27724744284243835,-0.11486315542211421,0.022029434558003304,0.030343326564051018,0.9926733813659745,-0.12070693958349404,-0.6053612517782636,0.8240493181341569,-0.40617807627361435,0.48456582446628094,-0.35314965162505035,-0.1121914177492404,-0.6031537177209702,0.823104951130055,-0.3836120597199223,0.48258278703410273,-0.33233234910265597,-0.1121914177492404,-0.6031537177209702,0.823104951130055,-0.3836120597199223,0.48258278703410273,-0.33233234910265597,-0.11875426087133147,-0.035043288099879125,0.015069567955874299,-0.32532920589100606,0.02128793112238875,-0.2987666718802492,-0.03672000129025903,0.04370395311836684,-0.0196750373168079,0.03559295507056873,0.08813563395441898,0.01593829705108102,0.5,0.0,0.0,0.5,True,False,True,False,1,True,True,0.004797600005986169,4,4.451528586473964e-09,5.598662100189021e-10,`gtol` termination condition is satisfied.,True,True,0.0,0.010023899987572804,True,0.02256601655369206,0.022605138592144802,False,False,False,False,False,False,1.0,False,False,False,0.0006595401696784113,0.002743513078249033,0.0006595443075295475,0.0027435135218540755
2.582861100003356,1786138885.9022057,0.010041600005934015,0.008964100008597597,0.010041600005934015,TELEOP,0,,0.0,2.582861100003356,488,-0.022755607227161814,0.04192544647871174,0.0,0.03378397268813479,0.039128814568372174,0.07167618615803689,0.9960873974695794,-0.020330124025526062,0.040119850744967996,0.0,0.03244297229737731,0.037350988092290933,0.06865485259946671,0.9964130009446819,-0.02209868161886388,-0.21333799221588814,0.27711805779107435,-0.11431560216410494,0.023012417810578535,0.031617669233601285,0.9926745160024025,-0.021997959540182178,-0.2134117037200166,0.2771378114200036,-0.11436241339198182,0.02293771851230063,0.03152191258960226,0.9926738983670849,-0.021997955329346914,-0.21341170512990149,0.27713781107185037,-0.11436241345293868,0.022937718517318587,0.03152191231640611,0.9926738983686215,-0.021467732846190066,-0.2137926420728914,0.27723183545084445,-0.11478714826587014,0.022149234384812696,0.03049824144074033,0.9926747600690662,-0.021467732846190066,-0.2137926420728914,0.27723183545084445,-0.11478714826587014,0.022149234384812696,0.03049824144074033,0.9926747600690662,-0.12192521967979668,-0.6056768937503852,0.8241847433023649,-0.40939949662493,0.4848493157233789,-0.35612008671466444,-0.11338757877805655,-0.6035011924051894,0.8232542921119419,-0.38687512154845843,0.48280542992687986,-0.3353306547789024,-0.11338757877805655,-0.6035011924051894,0.8232542921119419,-0.38687512154845843,0.48280542992687986,-0.3353306547789024,-0.11912056127602122,-0.0346035177674747,0.014872229704290594,-0.3249543724713026,0.02217205352190331,-0.2985884395389763,-0.03647829075777622,0.0437948466523801,-0.019652072525004918,0.037328057230117534,0.08804596866954398,0.017749396626790676,0.5,0.0,0.0,0.5,True,False,True,False,1,True,True,0.0050725000037346035,4,4.45422492153431e-09,5.599265079327045e-10,`gtol` termination condition is satisfied.,True,True,0.0,0.010041600005934015,True,0.022524375076471592,0.02256601655369206,False,False,False,False,False,False,1.0,False,False,False,0.0006596130835760711,0.0027203014376755244,0.0006596172330134493,0.002720301881153276
2.5928630999987945,1786138885.9123607,0.010001999995438382,0.009116700006416067,0.010001999995438382,TELEOP,0,,0.0,2.5928630999987945,490,-0.02301962152323854,0.04209583325283759,0.0,0.03390934066446399,0.03929763579050819,0.07196073770899027,0.9960559746647555,-0.02058283941313262,0.04030551649150626,0.0,0.032580824752153445,0.03753398719534782,0.06896563372812681,0.9963801639074149,-0.022174494599619645,-0.21328418876354238,0.27710363920043696,-0.11424599879934504,0.023123707127058808,0.03176017606814341,0.9926753936424347,-0.022073294892437555,-0.21335728742336468,0.27712322861584787,-0.11429198579817546,0.023050239034342612,0.03166605870309948,0.9926748154299984,-0.022073290703646928,-0.2133572888272975,0.27712322826709185,-0.1142919858588584,0.023050239039357327,0.03166605843145421,0.9926748154315606,-0.021540550432809114,-0.21373503112156625,0.2772164066690625,-0.1147120761191122,0.022267709969947928,0.030651348318528344,0.9926760718035837,-0.021540550432809114,-0.21373503112156625,0.2772164066690625,-0.1147120761191122,0.022267709969947928,0.030651348318528344,0.9926760718035837,-0.12314170631452842,-0.6059867380703441,0.8243176405108831,-0.4126017605633306,0.48514024056238747,-0.35907442553449526,-0.11458253157571184,-0.6038428772762794,0.8234010678947149,-0.39012109926359523,0.48303596466226456,-0.3383148963227015,-0.11458253157571184,-0.6038428772762794,0.8234010678947149,-0.39012109926359523,0.48303596466226456,-0.3383148963227015,-0.11947138554291911,-0.03416165479362226,0.014674643355322035,-0.3245328650887001,0.0230488637762317,-0.29836448161969287,-0.03507541162346417,0.04417746191301393,-0.019754683969073452,0.04214230981750833,0.08766349277427292,0.02239131367581873,0.5,0.0,0.0,0.5,True,False,True,False,1,True,True,0.004737999988719821,4,4.4315488258936984e-09,5.567806085408607e-10,`gtol` termination condition is satisfied.,True,True,0.0,0.010001999995438382,True,0.02248066129973536,0.022524375076471592,False,False,False,False,False,False,1.0,False,False,False,0.0006596845091750907,0.002697010225077932,0.0006596886465573461,0.002697010665879268
2.6025787999969907,1786138885.9217057,0.009715699998196214,0.00874590000603348,0.009715699998196214,TELEOP,0,,0.0,2.6025787999969907,492,-0.02327709894730201,0.04225975105614931,0.0,0.03402985408824531,0.03946011782417547,0.07223442963734236,0.9960256298444347,-0.020829419029037833,0.04048436359512563,0.0,0.03271350432999728,0.03771034830103336,0.06926493610378195,0.9963483953376977,-0.0222484669089298,-0.2132323612396231,0.2770897501172962,-0.11417900019406345,0.023230948616045927,0.03189741484884746,0.9926761978948841,-0.022146806755077537,-0.21330486149002645,0.27710917918697103,-0.11422419041241524,0.02315867366237313,0.03180488378362671,0.9926756567612294,-0.022146802690132885,-0.21330486285530653,0.2771091788489764,-0.1142241904712198,0.023158673667262136,0.03180488352012255,0.9926756567627915,-0.021611602506268743,-0.21367950698266297,0.2772015319318788,-0.11463974347219788,0.022381939724481957,0.030798879383145374,0.9926772924871108,-0.021611602506268743,-0.21367950698266297,0.2772015319318788,-0.11463974347219788,0.022381939724481957,0.030798879383145374,0.9926772924871108,-0.12432616742896792,-0.6062833890156836,0.824444845021236,-0.4157059837816875,0.48543094642893264,-0.3619397821005077,-0.11574602195961503,-0.604170468697579,0.8235417220658374,-0.39326859179154544,0.4832680283843475,-0.3412101132906091,-0.11574602195961503,-0.604170468697579,0.8235417220658374,-0.39326859179154544,0.4832680283843475,-0.3412101132906091,-0.11975363423316873,-0.03371773741061992,0.014476998172914566,-0.3239594191395951,0.023885435133444873,-0.2979936564987673,-0.029050782784773195,0.04569072563837461,-0.02034286592259569,0.059022607656834813,0.08610510383899135,0.03816761746394323,0.5,0.0,0.0,0.5,True,False,True,False,1,True,True,0.004683800012571737,4,4.301395715251282e-09,5.400695195919814e-10,`gtol` termination condition is satisfied.,True,True,0.0,0.009715699998196214,True,0.022437391990142053,0.02248066129973536,False,False,False,False,False,False,1.0,False,False,False,0.0006597928090639179,0.0026743576276362117,0.0006597968343269359,0.002674358054995498
2.6123981999990065,1786138885.9308748,0.009819400002015755,0.008096800011117011,0.009819400002015755,TELEOP,0,,0.0,2.6123981999990065,493,-0.023538336349810715,0.042423818273043874,0.0,0.03415038424579542,0.03962281698585557,0.07250831577263894,0.9959951444529161,-0.021079741942402423,0.04066357734742105,0.0,0.03284634535955392,0.03788715399967265,0.06956478675564196,0.9963164264439125,-0.02232356220424744,-0.21318042744191218,0.27707583253943513,-0.11411191305909509,0.023338449398258927,0.03203490042355387,0.9926769631821479,-0.022221440523982148,-0.21325232007173106,0.277095098795121,-0.11415630245179169,0.02326737660421984,0.031943965344779536,0.9926764583057986,-0.022221436422526476,-0.21325232144975245,0.2770950984503128,-0.11415630251122989,0.0232673766091745,0.03194396507902637,0.9926764583073991,-0.021683754237491328,-0.21362382846007058,0.27718661688221896,-0.1145672820115367,0.02249653766029576,0.03094679757812131,0.9926784672820534,-0.021683754237491328,-0.21362382846007058,0.27718661688221896,-0.1145672820115367,0.02249653766029576,0.03094679757812131,0.9926784672820534,-0.12552603815037303,-0.6065787909073508,0.8245714845634367,-0.41883659210085594,0.4857328953292742,-0.3648309840760977,-0.11692493980384601,-0.6044972011968106,0.8236819431029394,-0.3964444246936505,0.48351091591987777,-0.34413293850771026,-0.11692493980384601,-0.6044972011968106,0.8236819431029394,-0.3964444246936505,0.48351091591987777,-0.34413293850771026,-0.12006006924954334,-0.033274181636817335,0.014280000516654828,-0.3234243336103128,0.02473547624909834,-0.2976582292707465,-0.031207101891327603,0.04517137235590064,-0.020062086911552507,0.054492690915172726,0.08656752097673634,0.03415964600199245,0.5,0.0,0.0,0.5,True,False,True,False,1,True,True,0.004820699978154153,4,4.340480879337346e-09,5.447375804027377e-10,`gtol` termination condition is satisfied.,True,True,0.0,0.009819400002015755,True,0.022392167407205454,0.022437391990142053,False,False,False,False,False,False,1.0,False,False,False,0.000659920612042269,0.002651372590192083,0.0006599246817273799,0.002651373021081919
2.622607400000561,1786138885.9395099,0.010209200001554564,0.006521500006783754,0.010209200001554564,TELEOP,0,,0.0,2.622607400000561,495,-0.02381101197506448,0.04259268606497815,0.0,0.03427434376371895,0.0397903487522351,0.07279015796530723,0.9959636491404331,-0.021341190559766823,0.040848233862935235,0.0,0.0329831036406689,0.03806941733270373,0.06987367477219694,0.9962833451945318,-0.022401995162819224,-0.21312691637675946,0.2770614922584817,-0.11404284028863257,0.023449256785934208,0.03217652484250105,0.9926777091202102,-0.022299398181297718,-0.21319817480943445,0.2770805885788022,-0.11408640268705224,0.023379428573235397,0.03208723963726717,0.9926772406447009,-0.02229939392663439,-0.21319817623771334,0.2770805882140632,-0.11408640274895739,0.023379428578397633,0.0320872393617184,0.9926772406463715,-0.02175918961210896,-0.21356638073982626,0.27717123442317515,-0.11449264325176794,0.022614835494470638,0.031099396397191677,0.9926796217312571,-0.02175918961210896,-0.21356638073982626,0.27717123442317515,-0.11449264325176794,0.022614835494470638,0.031099396397191677,0.9926796217312571,-0.12677644481982178,-0.606881146131929,0.8247010782783186,-0.4220839312423902,0.48605550914466067,-0.36783159080875755,-0.11815467470909798,-0.6048323767479391,0.8238257230433861,-0.39974251040526165,0.48377265899904087,-0.34716993424701076,-0.11815467470909798,-0.6048323767479391,0.8238257230433861,-0.39974251040526165,0.48377265899904087,-0.34716993424701076,-0.12045360116999464,-0.032830736108356545,0.014083369943267213,-0.3230503576292935,0.025637961752465445,-0.29747636825980933,-0.03854679312692271,0.043435874347966946,-0.019260135305182922,0.03663127188833215,0.08839923825859865,0.017813443845692695,0.5,0.0,0.0,0.5,True,False,True,False,1,True,True,0.003399600012926385,4,4.502796369253779e-09,5.649382632214136e-10,`gtol` termination condition is satisfied.,True,True,0.0,0.010209200001554564,True,0.022341420837128534,0.022392167407205454,False,False,False,False,False,False,1.0,False,False,False,0.0006600090848120852,0.002627145652869555,0.0006600133138829439,0.002627146099596769
