time_s,wall_time_s,cycle_period_s,compute_time_s,dt_s,state,fault_bits,fault_reason,message_age_s,input_timestamp_s,master_sequence,master_raw.position[0],master_raw.position[1],master_raw.position[2],master_raw.orientation_xyzw[0],master_raw.orientation_xyzw[1],master_raw.orientation_xyzw[2],master_raw.orientation_xyzw[3],master_filtered.position[0],master_filtered.position[1],master_filtered.position[2],master_filtered.orientation_xyzw[0],master_filtered.orientation_xyzw[1],master_filtered.orientation_xyzw[2],master_filtered.orientation_xyzw[3],mapped_flange.position[0],mapped_flange.position[1],mapped_flange.position[2],mapped_flange.orientation_xyzw[0],mapped_flange.orientation_xyzw[1],mapped_flange.orientation_xyzw[2],mapped_flange.orientation_xyzw[3],limited_flange.position[0],limited_flange.position[1],limited_flange.position[2],limited_flange.orientation_xyzw[0],limited_flange.orientation_xyzw[1],limited_flange.orientation_xyzw[2],limited_flange.orientation_xyzw[3],target_flange.position[0],target_flange.position[1],target_flange.position[2],target_flange.orientation_xyzw[0],target_flange.orientation_xyzw[1],target_flange.orientation_xyzw[2],target_flange.orientation_xyzw[3],actual_flange.position[0],actual_flange.position[1],actual_flange.position[2],actual_flange.orientation_xyzw[0],actual_flange.orientation_xyzw[1],actual_flange.orientation_xyzw[2],actual_flange.orientation_xyzw[3],true_flange.position[0],true_flange.position[1],true_flange.position[2],true_flange.orientation_xyzw[0],true_flange.orientation_xyzw[1],true_flange.orientation_xyzw[2],true_flange.orientation_xyzw[3],target_joints_rad[0],target_joints_rad[1],target_joints_rad[2],target_joints_rad[3],target_joints_rad[4],target_joints_rad[5],actual_joints_rad[0],actual_joints_rad[1],actual_joints_rad[2],actual_joints_rad[3],actual_joints_rad[4],actual_joints_rad[5],true_joints_rad[0],true_joints_rad[1],true_joints_rad[2],true_joints_rad[3],true_joints_rad[4],true_joints_rad[5],actual_joint_velocity_rad_s[0],actual_joint_velocity_rad_s[1],actual_joint_velocity_rad_s[2],actual_joint_velocity_rad_s[3],actual_joint_velocity_rad_s[4],actual_joint_velocity_rad_s[5],actual_joint_acceleration_rad_s2[0],actual_joint_acceleration_rad_s2[1],actual_joint_acceleration_rad_s2[2],actual_joint_acceleration_rad_s2[3],actual_joint_acceleration_rad_s2[4],actual_joint_acceleration_rad_s2[5],grasp,openrst_pitch_rad,openrst_yaw_rad,openrst_grasp,openrst_command_accepted,openrst_command_clipped,deadman,clutch,validity_flags,ik_attempted,ik_success,ik_time_s,ik_evaluations,ik_position_error_m,ik_orientation_error_rad,ik_message,command_accepted,feedback_available,feedback_age_s,safety_feedback_age_s,safety_feedback_fresh,joint_tracking_error_rad,safety_joint_tracking_error_rad,safety_stalled_joint_mask[0],safety_stalled_joint_mask[1],safety_stalled_joint_mask[2],safety_stalled_joint_mask[3],safety_stalled_joint_mask[4],safety_stalled_joint_mask[5],joint_target_scale,unreachable_target_injected,fatal_fault_injected,clear_fault_injected,position_error_m,orientation_error_rad,mapped_position_error_m,mapped_orientation_error_rad
0.01,1786138337.49106,9.300012607127428e-06,0.0025569999997969717,0.01,READY,0,waiting for deadman,0.0,0.01,1,0.0,0.0,0.0,0.0,0.0,0.0,1.0,0.0,0.0,0.0,0.0,0.0,0.0,1.0,-0.016000000000000007,-0.22496149868535165,0.2802328425555495,-0.1305261922200515,0.0,0.0,0.9914448613738105,-0.016000000000000007,-0.22496149868535165,0.2802328425555495,-0.1305261922200515,0.0,0.0,0.9914448613738105,-0.016000000000000007,-0.22496149868535165,0.2802328425555495,-0.1305261922200515,0.0,0.0,0.9914448613738105,-0.016000000000000007,-0.22496149868535165,0.2802328425555495,-0.1305261922200515,0.0,0.0,0.9914448613738105,-0.016000000000000007,-0.22496149868535165,0.2802328425555495,-0.1305261922200515,0.0,0.0,0.9914448613738105,0.0,-0.5235987755982988,0.7853981633974483,0.0,0.5235987755982988,0.0,0.0,-0.5235987755982988,0.7853981633974483,0.0,0.5235987755982988,0.0,0.0,-0.5235987755982988,0.7853981633974483,0.0,0.5235987755982988,0.0,0.0,0.0,0.0,0.0,0.0,0.0,0.0,0.0,0.0,0.0,0.0,0.0,0.5,0.0,0.0,0.0,False,False,False,False,1,False,,0.0,0,,,,True,True,0.0,0.01,True,0.0,0.0,False,False,False,False,False,False,1.0,False,False,False,0.0,0.0,0.0,0.0
0.02,1786138337.493821,0.002910599985625595,0.0024083000025711954,0.01,READY,0,waiting for deadman,0.0,0.02,2,0.0,0.0,0.0,0.0,0.0,0.0,1.0,0.0,0.0,0.0,0.0,0.0,0.0,1.0,-0.016000000000000007,-0.22496149868535165,0.2802328425555495,-0.1305261922200515,0.0,0.0,0.9914448613738105,-0.016000000000000007,-0.22496149868535165,0.2802328425555495,-0.1305261922200515,0.0,0.0,0.9914448613738105,-0.016000000000000007,-0.22496149868535165,0.2802328425555495,-0.1305261922200515,0.0,0.0,0.9914448613738105,-0.016000000000000007,-0.22496149868535165,0.2802328425555495,-0.1305261922200515,0.0,0.0,0.9914448613738105,-0.016000000000000007,-0.22496149868535165,0.2802328425555495,-0.1305261922200515,0.0,0.0,0.9914448613738105,0.0,-0.5235987755982988,0.7853981633974483,0.0,0.5235987755982988,0.0,0.0,-0.5235987755982988,0.7853981633974483,0.0,0.5235987755982988,0.0,0.0,-0.5235987755982988,0.7853981633974483,0.0,0.5235987755982988,0.0,0.0,0.0,0.0,0.0,0.0,0.0,0.0,0.0,0.0,0.0,0.0,0.0,0.5,0.0,0.0,0.0,False,False,False,False,1,False,,0.0,0,,,,True,True,0.0,0.01,True,0.0,0.0,False,False,False,False,False,False,1.0,False,False,False,0.0,0.0,0.0,0.0
0.03,1786138337.496336,0.0026089000166393816,0.0023136999807320535,0.01,READY,0,waiting for deadman,0.0,0.03,3,0.0,0.0,0.0,0.0,0.0,0.0,1.0,0.0,0.0,0.0,0.0,0.0,0.0,1.0,-0.016000000000000007,-0.22496149868535165,0.2802328425555495,-0.1305261922200515,0.0,0.0,0.9914448613738105,-0.016000000000000007,-0.22496149868535165,0.2802328425555495,-0.1305261922200515,0.0,0.0,0.9914448613738105,-0.016000000000000007,-0.22496149868535165,0.2802328425555495,-0.1305261922200515,0.0,0.0,0.9914448613738105,-0.016000000000000007,-0.22496149868535165,0.2802328425555495,-0.1305261922200515,0.0,0.0,0.9914448613738105,-0.016000000000000007,-0.22496149868535165,0.2802328425555495,-0.1305261922200515,0.0,0.0,0.9914448613738105,0.0,-0.5235987755982988,0.7853981633974483,0.0,0.5235987755982988,0.0,0.0,-0.5235987755982988,0.7853981633974483,0.0,0.5235987755982988,0.0,0.0,-0.5235987755982988,0.7853981633974483,0.0,0.5235987755982988,0.0,0.0,0.0,0.0,0.0,0.0,0.0,0.0,0.0,0.0,0.0,0.0,0.0,0.5,0.0,0.0,0.0,False,False,False,False,1,False,,0.0,0,,,,True,True,0.0,0.009999999999999998,True,0.0,0.0,False,False,False,False,False,False,1.0,False,False,False,0.0,0.0,0.0,0.0
0.04,1786138337.4988217,0.002502699993783608,0.0022966999968048185,0.01,READY,0,waiting for deadman,0.0,0.04,4,0.0,0.0,0.0,0.0,0.0,0.0,1.0,0.0,0.0,0.0,0.0,0.0,0.0,1.0,-0.016000000000000007,-0.22496149868535165,0.2802328425555495,-0.1305261922200515,0.0,0.0,0.9914448613738105,-0.016000000000000007,-0.22496149868535165,0.2802328425555495,-0.1305261922200515,0.0,0.0,0.9914448613738105,-0.016000000000000007,-0.22496149868535165,0.2802328425555495,-0.1305261922200515,0.0,0.0,0.9914448613738105,-0.016000000000000007,-0.22496149868535165,0.2802328425555495,-0.1305261922200515,0.0,0.0,0.9914448613738105,-0.016000000000000007,-0.22496149868535165,0.2802328425555495,-0.1305261922200515,0.0,0.0,0.9914448613738105,0.0,-0.5235987755982988,0.7853981633974483,0.0,0.5235987755982988,0.0,0.0,-0.5235987755982988,0.7853981633974483,0.0,0.5235987755982988,0.0,0.0,-0.5235987755982988,0.7853981633974483,0.0,0.5235987755982988,0.0,0.0,0.0,0.0,0.0,0.0,0.0,0.0,0.0,0.0,0.0,0.0,0.0,0.5,0.0,0.0,0.0,False,False,False,False,1,False,,0.0,0,,,,True,True,0.0,0.010000000000000002,True,0.0,0.0,False,False,False,False,False,False,1.0,False,False,False,0.0,0.0,0.0,0.0
0.05,1786138337.5012865,0.0024776000063866377,0.002283999987412244,0.01,READY,0,waiting for deadman,0.0,0.05,5,0.0,0.0,0.0,0.0,0.0,0.0,1.0,0.0,0.0,0.0,0.0,0.0,0.0,1.0,-0.016000000000000007,-0.22496149868535165,0.2802328425555495,-0.1305261922200515,0.0,0.0,0.9914448613738105,-0.016000000000000007,-0.22496149868535165,0.2802328425555495,-0.1305261922200515,0.0,0.0,0.9914448613738105,-0.016000000000000007,-0.22496149868535165,0.2802328425555495,-0.1305261922200515,0.0,0.0,0.9914448613738105,-0.016000000000000007,-0.22496149868535165,0.2802328425555495,-0.1305261922200515,0.0,0.0,0.9914448613738105,-0.016000000000000007,-0.22496149868535165,0.2802328425555495,-0.1305261922200515,0.0,0.0,0.9914448613738105,0.0,-0.5235987755982988,0.7853981633974483,0.0,0.5235987755982988,0.0,0.0,-0.5235987755982988,0.7853981633974483,0.0,0.5235987755982988,0.0,0.0,-0.5235987755982988,0.7853981633974483,0.0,0.5235987755982988,0.0,0.0,0.0,0.0,0.0,0.0,0.0,0.0,0.0,0.0,0.0,0.0,0.0,0.5,0.0,0.0,0.0,False,False,False,False,1,False,,0.0,0,,,,True,True,0.0,0.010000000000000002,True,0.0,0.0,False,False,False,False,False,False,1.0,False,False,False,0.0,0.0,0.0,0.0
0.060000000000000005,1786138337.504669,0.002543099981267005,0.0031235000060405582,0.01,READY,0,waiting for deadman,0.0,0.060000000000000005,6,0.0,0.0,0.0,0.0,0.0,0.0,1.0,0.0,0.0,0.0,0.0,0.0,0.0,1.0,-0.016000000000000007,-0.22496149868535165,0.2802328425555495,-0.1305261922200515,0.0,0.0,0.9914448613738105,-0.016000000000000007,-0.22496149868535165,0.2802328425555495,-0.1305261922200515,0.0,0.0,0.9914448613738105,-0.016000000000000007,-0.22496149868535165,0.2802328425555495,-0.1305261922200515,0.0,0.0,0.9914448613738105,-0.016000000000000007,-0.22496149868535165,0.2802328425555495,-0.1305261922200515,0.0,0.0,0.9914448613738105,-0.016000000000000007,-0.22496149868535165,0.2802328425555495,-0.1305261922200515,0.0,0.0,0.9914448613738105,0.0,-0.5235987755982988,0.7853981633974483,0.0,0.5235987755982988,0.0,0.0,-0.5235987755982988,0.7853981633974483,0.0,0.5235987755982988,0.0,0.0,-0.5235987755982988,0.7853981633974483,0.0,0.5235987755982988,0.0,0.0,0.0,0.0,0.0,0.0,0.0,0.0,0.0,0.0,0.0,0.0,0.0,0.5,0.0,0.0,0.0,False,False,False,False,1,False,,0.0,0,,,,True,True,0.0,0.010000000000000002,True,0.0,0.0,False,False,False,False,False,False,1.0,False,False,False,0.0,0.0,0.0,0.0
0.07,1786138337.5071974,0.003312000015284866,0.002339900005608797,0.01,READY,0,waiting for deadman,0.0,0.07,7,0.0,0.0,0.0,0.0,0.0,0.0,1.0,0.0,0.0,0.0,0.0,0.0,0.0,1.0,-0.016000000000000007,-0.22496149868535165,0.2802328425555495,-0.1305261922200515,0.0,0.0,0.9914448613738105,-0.016000000000000007,-0.22496149868535165,0.2802328425555495,-0.1305261922200515,0.0,0.0,0.9914448613738105,-0.016000000000000007,-0.22496149868535165,0.2802328425555495,-0.1305261922200515,0.0,0.0,0.9914448613738105,-0.016000000000000007,-0.22496149868535165,0.2802328425555495,-0.1305261922200515,0.0,0.0,0.9914448613738105,-0.016000000000000007,-0.22496149868535165,0.2802328425555495,-0.1305261922200515,0.0,0.0,0.9914448613738105,0.0,-0.5235987755982988,0.7853981633974483,0.0,0.5235987755982988,0.0,0.0,-0.5235987755982988,0.7853981633974483,0.0,0.5235987755982988,0.0,0.0,-0.5235987755982988,0.7853981633974483,0.0,0.5235987755982988,0.0,0.0,0.0,0.0,0.0,0.0,0.0,0.0,0.0,0.0,0.0,0.0,0.0,0.5,0.0,0.0,0.0,False,False,False,False,1,False,,0.0,0,,,,True,True,0.0,0.010000000000000002,True,0.0,0.0,False,False,False,False,False,False,1.0,False,False,False,0.0,0.0,0.0,0.0
0.08,1786138337.5096555,0.0025239000096917152,0.0022738999978173524,0.01,READY,0,waiting for deadman,0.0,0.08,8,0.0,0.0,0.0,0.0,0.0,0.0,1.0,0.0,0.0,0.0,0.0,0.0,0.0,1.0,-0.016000000000000007,-0.22496149868535165,0.2802328425555495,-0.1305261922200515,0.0,0.0,0.9914448613738105,-0.016000000000000007,-0.22496149868535165,0.2802328425555495,-0.1305261922200515,0.0,0.0,0.9914448613738105,-0.016000000000000007,-0.22496149868535165,0.2802328425555495,-0.1305261922200515,0.0,0.0,0.9914448613738105,-0.016000000000000007,-0.22496149868535165,0.2802328425555495,-0.1305261922200515,0.0,0.0,0.9914448613738105,-0.016000000000000007,-0.22496149868535165,0.2802328425555495,-0.1305261922200515,0.0,0.0,0.9914448613738105,0.0,-0.5235987755982988,0.7853981633974483,0.0,0.5235987755982988,0.0,0.0,-0.5235987755982988,0.7853981633974483,0.0,0.5235987755982988,0.0,0.0,-0.5235987755982988,0.7853981633974483,0.0,0.5235987755982988,0.0,0.0,0.0,0.0,0.0,0.0,0.0,0.0,0.0,0.0,0.0,0.0,0.0,0.5,0.0,0.0,0.0,False,False,False,False,1,False,,0.0,0,,,,True,True,0.0,0.009999999999999995,True,0.0,0.0,False,False,False,False,False,False,1.0,False,False,False,0.0,0.0,0.0,0.0
0.09,1786138337.5121179,0.0024575999996159226,0.002278600004501641,0.01,READY,0,waiting for deadman,0.0,0.09,9,0.0,0.0,0.0,0.0,0.0,0.0,1.0,0.0,0.0,0.0,0.0,0.0,0.0,1.0,-0.016000000000000007,-0.22496149868535165,0.2802328425555495,-0.1305261922200515,0.0,0.0,0.9914448613738105,-0.016000000000000007,-0.22496149868535165,0.2802328425555495,-0.1305261922200515,0.0,0.0,0.9914448613738105,-0.016000000000000007,-0.22496149868535165,0.2802328425555495,-0.1305261922200515,0.0,0.0,0.9914448613738105,-0.016000000000000007,-0.22496149868535165,0.2802328425555495,-0.1305261922200515,0.0,0.0,0.9914448613738105,-0.016000000000000007,-0.22496149868535165,0.2802328425555495,-0.1305261922200515,0.0,0.0,0.9914448613738105,0.0,-0.5235987755982988,0.7853981633974483,0.0,0.5235987755982988,0.0,0.0,-0.5235987755982988,0.7853981633974483,0.0,0.5235987755982988,0.0,0.0,-0.5235987755982988,0.7853981633974483,0.0,0.5235987755982988,0.0,0.0,0.0,0.0,0.0,0.0,0.0,0.0,0.0,0.0,0.0,0.0,0.0,0.5,0.0,0.0,0.0,False,False,False,False,1,False,,0.0,0,,,,True,True,0.0,0.009999999999999995,True,0.0,0.0,False,False,False,False,False,False,1.0,False,False,False,0.0,0.0,0.0,0.0
0.09999999999999999,1786138337.5145652,0.0024616000009700656,0.002264200011268258,0.01,READY,0,waiting for deadman,0.0,0.09999999999999999,10,0.0,0.0,0.0,0.0,0.0,0.0,1.0,0.0,0.0,0.0,0.0,0.0,0.0,1.0,-0.016000000000000007,-0.22496149868535165,0.2802328425555495,-0.1305261922200515,0.0,0.0,0.9914448613738105,-0.016000000000000007,-0.22496149868535165,0.2802328425555495,-0.1305261922200515,0.0,0.0,0.9914448613738105,-0.016000000000000007,-0.22496149868535165,0.2802328425555495,-0.1305261922200515,0.0,0.0,0.9914448613738105,-0.016000000000000007,-0.22496149868535165,0.2802328425555495,-0.1305261922200515,0.0,0.0,0.9914448613738105,-0.016000000000000007,-0.22496149868535165,0.2802328425555495,-0.1305261922200515,0.0,0.0,0.9914448613738105,0.0,-0.5235987755982988,0.7853981633974483,0.0,0.5235987755982988,0.0,0.0,-0.5235987755982988,0.7853981633974483,0.0,0.5235987755982988,0.0,0.0,-0.5235987755982988,0.7853981633974483,0.0,0.5235987755982988,0.0,0.0,0.0,0.0,0.0,0.0,0.0,0.0,0.0,0.0,0.0,0.0,0.0,0.5,0.0,0.0,0.0,False,False,False,False,1,False,,0.0,0,,,,True,True,0.0,0.009999999999999995,True,0.0,0.0,False,False,False,False,False,False,1.0,False,False,False,0.0,0.0,0.0,0.0
0.10999999999999999,1786138337.5170374,0.0024462999717798084,0.0022902000055182725,0.01,READY,0,waiting for deadman,0.0,0.10999999999999999,11,0.0,0.0,0.0,0.0,0.0,0.0,1.0,0.0,0.0,0.0,0.0,0.0,0.0,1.0,-0.016000000000000007,-0.22496149868535165,0.2802328425555495,-0.1305261922200515,0.0,0.0,0.9914448613738105,-0.016000000000000007,-0.22496149868535165,0.2802328425555495,-0.1305261922200515,0.0,0.0,0.9914448613738105,-0.016000000000000007,-0.22496149868535165,0.2802328425555495,-0.1305261922200515,0.0,0.0,0.9914448613738105,-0.016000000000000007,-0.22496149868535165,0.2802328425555495,-0.1305261922200515,0.0,0.0,0.9914448613738105,-0.016000000000000007,-0.22496149868535165,0.2802328425555495,-0.1305261922200515,0.0,0.0,0.9914448613738105,0.0,-0.5235987755982988,0.7853981633974483,0.0,0.5235987755982988,0.0,0.0,-0.5235987755982988,0.7853981633974483,0.0,0.5235987755982988,0.0,0.0,-0.5235987755982988,0.7853981633974483,0.0,0.5235987755982988,0.0,0.0,0.0,0.0,0.0,0.0,0.0,0.0,0.0,0.0,0.0,0.0,0.0,0.5,0.0,0.0,0.0,False,False,False,False,1,False,,0.0,0,,,,True,True,0.0,0.009999999999999995,True,0.0,0.0,False,False,False,False,False,False,1.0,False,False,False,0.0,0.0,0.0,0.0
0.11999999999999998,1786138337.5201018,0.002470600011292845,0.0028845999913755804,0.01,READY,0,waiting for deadman,0.0,0.11999999999999998,12,0.0,0.0,0.0,0.0,0.0,0.0,1.0,0.0,0.0,0.0,0.0,0.0,0.0,1.0,-0.016000000000000007,-0.22496149868535165,0.2802328425555495,-0.1305261922200515,0.0,0.0,0.9914448613738105,-0.016000000000000007,-0.22496149868535165,0.2802328425555495,-0.1305261922200515,0.0,0.0,0.9914448613738105,-0.016000000000000007,-0.22496149868535165,0.2802328425555495,-0.1305261922200515,0.0,0.0,0.9914448613738105,-0.016000000000000007,-0.22496149868535165,0.2802328425555495,-0.1305261922200515,0.0,0.0,0.9914448613738105,-0.016000000000000007,-0.22496149868535165,0.2802328425555495,-0.1305261922200515,0.0,0.0,0.9914448613738105,0.0,-0.5235987755982988,0.7853981633974483,0.0,0.5235987755982988,0.0,0.0,-0.5235987755982988,0.7853981633974483,0.0,0.5235987755982988,0.0,0.0,-0.5235987755982988,0.7853981633974483,0.0,0.5235987755982988,0.0,0.0,0.0,0.0,0.0,0.0,0.0,0.0,0.0,0.0,0.0,0.0,0.0,0.5,0.0,0.0,0.0,False,False,False,False,1,False,,0.0,0,,,,True,True,0.0,0.009999999999999995,True,0.0,0.0,False,False,False,False,False,False,1.0,False,False,False,0.0,0.0,0.0,0.0
0.12999999999999998,1786138337.5227914,0.0030821000109426677,0.0024919999996200204,0.01,READY,0,waiting for deadman,0.0,0.12999999999999998,13,0.0,0.0,0.0,0.0,0.0,0.0,1.0,0.0,0.0,0.0,0.0,0.0,0.0,1.0,-0.016000000000000007,-0.22496149868535165,0.2802328425555495,-0.1305261922200515,0.0,0.0,0.9914448613738105,-0.016000000000000007,-0.22496149868535165,0.2802328425555495,-0.1305261922200515,0.0,0.0,0.9914448613738105,-0.016000000000000007,-0.22496149868535165,0.2802328425555495,-0.1305261922200515,0.0,0.0,0.9914448613738105,-0.016000000000000007,-0.22496149868535165,0.2802328425555495,-0.1305261922200515,0.0,0.0,0.9914448613738105,-0.016000000000000007,-0.22496149868535165,0.2802328425555495,-0.1305261922200515,0.0,0.0,0.9914448613738105,0.0,-0.5235987755982988,0.7853981633974483,0.0,0.5235987755982988,0.0,0.0,-0.5235987755982988,0.7853981633974483,0.0,0.5235987755982988,0.0,0.0,-0.5235987755982988,0.7853981633974483,0.0,0.5235987755982988,0.0,0.0,0.0,0.0,0.0,0.0,0.0,0.0,0.0,0.0,0.0,0.0,0.0,0.5,0.0,0.0,0.0,False,False,False,False,1,False,,0.0,0,,,,True,True,0.0,0.009999999999999995,True,0.0,0.0,False,False,False,False,False,False,1.0,False,False,False,0.0,0.0,0.0,0.0
0.13999999999999999,1786138337.5255384,0.0027805999852716923,0.002458600007230416,0.01,READY,0,waiting for deadman,0.0,0.13999999999999999,14,0.0,0.0,0.0,0.0,0.0,0.0,1.0,0.0,0.0,0.0,0.0,0.0,0.0,1.0,-0.016000000000000007,-0.22496149868535165,0.2802328425555495,-0.1305261922200515,0.0,0.0,0.9914448613738105,-0.016000000000000007,-0.22496149868535165,0.2802328425555495,-0.1305261922200515,0.0,0.0,0.9914448613738105,-0.016000000000000007,-0.22496149868535165,0.2802328425555495,-0.1305261922200515,0.0,0.0,0.9914448613738105,-0.016000000000000007,-0.22496149868535165,0.2802328425555495,-0.1305261922200515,0.0,0.0,0.9914448613738105,-0.016000000000000007,-0.22496149868535165,0.2802328425555495,-0.1305261922200515,0.0,0.0,0.9914448613738105,0.0,-0.5235987755982988,0.7853981633974483,0.0,0.5235987755982988,0.0,0.0,-0.5235987755982988,0.7853981633974483,0.0,0.5235987755982988,0.0,0.0,-0.5235987755982988,0.7853981633974483,0.0,0.5235987755982988,0.0,0.0,0.0,0.0,0.0,0.0,0.0,0.0,0.0,0.0,0.0,0.0,0.0,0.5,0.0,0.0,0.0,False,False,False,False,1,False,,0.0,0,,,,True,True,0.0,0.010000000000000009,True,0.0,0.0,False,False,False,False,False,False,1.0,False,False,False,0.0,0.0,0.0,0.0
0.15,1786138337.528049,0.0026538000092841685,0.002314499986823648,0.01,READY,0,waiting for deadman,0.0,0.15,15,0.0,0.0,0.0,0.0,0.0,0.0,1.0,0.0,0.0,0.0,0.0,0.0,0.0,1.0,-0.016000000000000007,-0.22496149868535165,0.2802328425555495,-0.1305261922200515,0.0,0.0,0.9914448613738105,-0.016000000000000007,-0.22496149868535165,0.2802328425555495,-0.1305261922200515,0.0,0.0,0.9914448613738105,-0.016000000000000007,-0.22496149868535165,0.2802328425555495,-0.1305261922200515,0.0,0.0,0.9914448613738105,-0.016000000000000007,-0.22496149868535165,0.2802328425555495,-0.1305261922200515,0.0,0.0,0.9914448613738105,-0.016000000000000007,-0.22496149868535165,0.2802328425555495,-0.1305261922200515,0.0,0.0,0.9914448613738105,0.0,-0.5235987755982988,0.7853981633974483,0.0,0.5235987755982988,0.0,0.0,-0.5235987755982988,0.7853981633974483,0.0,0.5235987755982988,0.0,0.0,-0.5235987755982988,0.7853981633974483,0.0,0.5235987755982988,0.0,0.0,0.0,0.0,0.0,0.0,0.0,0.0,0.0,0.0,0.0,0.0,0.0,0.5,0.0,0.0,0.0,False,False,False,False,1,False,,0.0,0,,,,True,True,0.0,0.010000000000000009,True,0.0,0.0,False,False,False,False,False,False,1.0,False,False,False,0.0,0.0,0.0,0.0
0.16,1786138337.5305042,0.0024935000110417604,0.002276500017615035,0.01,READY,0,waiting for deadman,0.0,0.16,16,0.0,0.0,0.0,0.0,0.0,0.0,1.0,0.0,0.0,0.0,0.0,0.0,0.0,1.0,-0.016000000000000007,-0.22496149868535165,0.2802328425555495,-0.1305261922200515,0.0,0.0,0.9914448613738105,-0.016000000000000007,-0.22496149868535165,0.2802328425555495,-0.1305261922200515,0.0,0.0,0.9914448613738105,-0.016000000000000007,-0.22496149868535165,0.2802328425555495,-0.1305261922200515,0.0,0.0,0.9914448613738105,-0.016000000000000007,-0.22496149868535165,0.2802328425555495,-0.1305261922200515,0.0,0.0,0.9914448613738105,-0.016000000000000007,-0.22496149868535165,0.2802328425555495,-0.1305261922200515,0.0,0.0,0.9914448613738105,0.0,-0.5235987755982988,0.7853981633974483,0.0,0.5235987755982988,0.0,0.0,-0.5235987755982988,0.7853981633974483,0.0,0.5235987755982988,0.0,0.0,-0.5235987755982988,0.7853981633974483,0.0,0.5235987755982988,0.0,0.0,0.0,0.0,0.0,0.0,0.0,0.0,0.0,0.0,0.0,0.0,0.0,0.5,0.0,0.0,0.0,False,False,False,False,1,False,,0.0,0,,,,True,True,0.0,0.010000000000000009,True,0.0,0.0,False,False,False,False,False,False,1.0,False,False,False,0.0,0.0,0.0,0.0
0.17,1786138337.5329623,0.002454199973726645,0.002280500018969178,0.01,READY,0,waiting for deadman,0.0,0.17,17,0.0,0.0,0.0,0.0,0.0,0.0,1.0,0.0,0.0,0.0,0.0,0.0,0.0,1.0,-0.016000000000000007,-0.22496149868535165,0.2802328425555495,-0.1305261922200515,0.0,0.0,0.9914448613738105,-0.016000000000000007,-0.22496149868535165,0.2802328425555495,-0.1305261922200515,0.0,0.0,0.9914448613738105,-0.016000000000000007,-0.22496149868535165,0.2802328425555495,-0.1305261922200515,0.0,0.0,0.9914448613738105,-0.016000000000000007,-0.22496149868535165,0.2802328425555495,-0.1305261922200515,0.0,0.0,0.9914448613738105,-0.016000000000000007,-0.22496149868535165,0.2802328425555495,-0.1305261922200515,0.0,0.0,0.9914448613738105,0.0,-0.5235987755982988,0.7853981633974483,0.0,0.5235987755982988,0.0,0.0,-0.5235987755982988,0.7853981633974483,0.0,0.5235987755982988,0.0,0.0,-0.5235987755982988,0.7853981633974483,0.0,0.5235987755982988,0.0,0.0,0.0,0.0,0.0,0.0,0.0,0.0,0.0,0.0,0.0,0.0,0.0,0.5,0.0,0.0,0.0,False,False,False,False,1,False,,0.0,0,,,,True,True,0.0,0.010000000000000009,True,0.0,0.0,False,False,False,False,False,False,1.0,False,False,False,0.0,0.0,0.0,0.0
0.18000000000000002,1786138337.535706,0.002457399998093024,0.0025670000177342445,0.01,READY,0,waiting for deadman,0.0,0.18000000000000002,18,0.0,0.0,0.0,0.0,0.0,0.0,1.0,0.0,0.0,0.0,0.0,0.0,0.0,1.0,-0.016000000000000007,-0.22496149868535165,0.2802328425555495,-0.1305261922200515,0.0,0.0,0.9914448613738105,-0.016000000000000007,-0.22496149868535165,0.2802328425555495,-0.1305261922200515,0.0,0.0,0.9914448613738105,-0.016000000000000007,-0.22496149868535165,0.2802328425555495,-0.1305261922200515,0.0,0.0,0.9914448613738105,-0.016000000000000007,-0.22496149868535165,0.2802328425555495,-0.1305261922200515,0.0,0.0,0.9914448613738105,-0.016000000000000007,-0.22496149868535165,0.2802328425555495,-0.1305261922200515,0.0,0.0,0.9914448613738105,0.0,-0.5235987755982988,0.7853981633974483,0.0,0.5235987755982988,0.0,0.0,-0.5235987755982988,0.7853981633974483,0.0,0.5235987755982988,0.0,0.0,-0.5235987755982988,0.7853981633974483,0.0,0.5235987755982988,0.0,0.0,0.0,0.0,0.0,0.0,0.0,0.0,0.0,0.0,0.0,0.0,0.0,0.5,0.0,0.0,0.0,False,False,False,False,1,False,,0.0,0,,,,True,True,0.0,0.010000000000000009,True,0.0,0.0,False,False,False,False,False,False,1.0,False,False,False,0.0,0.0,0.0,0.0
0.19000000000000003,1786138337.538268,0.0027676000026986003,0.002361399994697422,0.01,READY,0,waiting for deadman,0.0,0.19000000000000003,19,0.0,0.0,0.0,0.0,0.0,0.0,1.0,0.0,0.0,0.0,0.0,0.0,0.0,1.0,-0.016000000000000007,-0.22496149868535165,0.2802328425555495,-0.1305261922200515,0.0,0.0,0.9914448613738105,-0.016000000000000007,-0.22496149868535165,0.2802328425555495,-0.1305261922200515,0.0,0.0,0.9914448613738105,-0.016000000000000007,-0.22496149868535165,0.2802328425555495,-0.1305261922200515,0.0,0.0,0.9914448613738105,-0.016000000000000007,-0.22496149868535165,0.2802328425555495,-0.1305261922200515,0.0,0.0,0.9914448613738105,-0.016000000000000007,-0.22496149868535165,0.2802328425555495,-0.1305261922200515,0.0,0.0,0.9914448613738105,0.0,-0.5235987755982988,0.7853981633974483,0.0,0.5235987755982988,0.0,0.0,-0.5235987755982988,0.7853981633974483,0.0,0.5235987755982988,0.0,0.0,-0.5235987755982988,0.7853981633974483,0.0,0.5235987755982988,0.0,0.0,0.0,0.0,0.0,0.0,0.0,0.0,0.0,0.0,0.0,0.0,0.0,0.5,0.0,0.0,0.0,False,False,False,False,1,False,,0.0,0,,,,True,True,0.0,0.010000000000000009,True,0.0,0.0,False,False,False,False,False,False,1.0,False,False,False,0.0,0.0,0.0,0.0
0.20000000000000004,1786138337.5407255,0.002547500014770776,0.0022713000071235,0.01,READY,0,waiting for deadman,0.0,0.20000000000000004,20,0.0,0.0,0.0,0.0,0.0,0.0,1.0,0.0,0.0,0.0,0.0,0.0,0.0,1.0,-0.016000000000000007,-0.22496149868535165,0.2802328425555495,-0.1305261922200515,0.0,0.0,0.9914448613738105,-0.016000000000000007,-0.22496149868535165,0.2802328425555495,-0.1305261922200515,0.0,0.0,0.9914448613738105,-0.016000000000000007,-0.22496149868535165,0.2802328425555495,-0.1305261922200515,0.0,0.0,0.9914448613738105,-0.016000000000000007,-0.22496149868535165,0.2802328425555495,-0.1305261922200515,0.0,0.0,0.9914448613738105,-0.016000000000000007,-0.22496149868535165,0.2802328425555495,-0.1305261922200515,0.0,0.0,0.9914448613738105,0.0,-0.5235987755982988,0.7853981633974483,0.0,0.5235987755982988,0.0,0.0,-0.5235987755982988,0.7853981633974483,0.0,0.5235987755982988,0.0,0.0,-0.5235987755982988,0.7853981633974483,0.0,0.5235987755982988,0.0,0.0,0.0,0.0,0.0,0.0,0.0,0.0,0.0,0.0,0.0,0.0,0.0,0.5,0.0,0.0,0.0,False,False,False,False,1,False,,0.0,0,,,,True,True,0.0,0.010000000000000009,True,0.0,0.0,False,False,False,False,False,False,1.0,False,False,False,0.0,0.0,0.0,0.0
0.21000000000000005,1786138337.5431693,0.002448499988531694,0.002266399998916313,0.01,READY,0,waiting for deadman,0.0,0.21000000000000005,21,0.0,0.0,0.0,0.0,0.0,0.0,1.0,0.0,0.0,0.0,0.0,0.0,0.0,1.0,-0.016000000000000007,-0.22496149868535165,0.2802328425555495,-0.1305261922200515,0.0,0.0,0.9914448613738105,-0.016000000000000007,-0.22496149868535165,0.2802328425555495,-0.1305261922200515,0.0,0.0,0.9914448613738105,-0.016000000000000007,-0.22496149868535165,0.2802328425555495,-0.1305261922200515,0.0,0.0,0.9914448613738105,-0.016000000000000007,-0.22496149868535165,0.2802328425555495,-0.1305261922200515,0.0,0.0,0.9914448613738105,-0.016000000000000007,-0.22496149868535165,0.2802328425555495,-0.1305261922200515,0.0,0.0,0.9914448613738105,0.0,-0.5235987755982988,0.7853981633974483,0.0,0.5235987755982988,0.0,0.0,-0.5235987755982988,0.7853981633974483,0.0,0.5235987755982988,0.0,0.0,-0.5235987755982988,0.7853981633974483,0.0,0.5235987755982988,0.0,0.0,0.0,0.0,0.0,0.0,0.0,0.0,0.0,0.0,0.0,0.0,0.0,0.5,0.0,0.0,0.0,False,False,False,False,1,False,,0.0,0,,,,True,True,0.0,0.010000000000000009,True,0.0,0.0,False,False,False,False,False,False,1.0,False,False,False,0.0,0.0,0.0,0.0
0.22000000000000006,1786138337.5457168,0.0025252000195905566,0.0022886000224389136,0.01,READY,0,waiting for deadman,0.0,0.22000000000000006,22,0.0,0.0,0.0,0.0,0.0,0.0,1.0,0.0,0.0,0.0,0.0,0.0,0.0,1.0,-0.016000000000000007,-0.22496149868535165,0.2802328425555495,-0.1305261922200515,0.0,0.0,0.9914448613738105,-0.016000000000000007,-0.22496149868535165,0.2802328425555495,-0.1305261922200515,0.0,0.0,0.9914448613738105,-0.016000000000000007,-0.22496149868535165,0.2802328425555495,-0.1305261922200515,0.0,0.0,0.9914448613738105,-0.016000000000000007,-0.22496149868535165,0.2802328425555495,-0.1305261922200515,0.0,0.0,0.9914448613738105,-0.016000000000000007,-0.22496149868535165,0.2802328425555495,-0.1305261922200515,0.0,0.0,0.9914448613738105,0.0,-0.5235987755982988,0.7853981633974483,0.0,0.5235987755982988,0.0,0.0,-0.5235987755982988,0.7853981633974483,0.0,0.5235987755982988,0.0,0.0,-0.5235987755982988,0.7853981633974483,0.0,0.5235987755982988,0.0,0.0,0.0,0.0,0.0,0.0,0.0,0.0,0.0,0.0,0.0,0.0,0.0,0.5,0.0,0.0,0.0,False,False,False,False,1,False,,0.0,0,,,,True,True,0.0,0.010000000000000009,True,0.0,0.0,False,False,False,False,False,False,1.0,False,False,False,0.0,0.0,0.0,0.0
0.23000000000000007,1786138337.5481806,0.0024756999919191003,0.002276599989272654,0.01,READY,0,waiting for deadman,0.0,0.23000000000000007,23,0.0,0.0,0.0,0.0,0.0,0.0,1.0,0.0,0.0,0.0,0.0,0.0,0.0,1.0,-0.016000000000000007,-0.22496149868535165,0.2802328425555495,-0.1305261922200515,0.0,0.0,0.9914448613738105,-0.016000000000000007,-0.22496149868535165,0.2802328425555495,-0.1305261922200515,0.0,0.0,0.9914448613738105,-0.016000000000000007,-0.22496149868535165,0.2802328425555495,-0.1305261922200515,0.0,0.0,0.9914448613738105,-0.016000000000000007,-0.22496149868535165,0.2802328425555495,-0.1305261922200515,0.0,0.0,0.9914448613738105,-0.016000000000000007,-0.22496149868535165,0.2802328425555495,-0.1305261922200515,0.0,0.0,0.9914448613738105,0.0,-0.5235987755982988,0.7853981633974483,0.0,0.5235987755982988,0.0,0.0,-0.5235987755982988,0.7853981633974483,0.0,0.5235987755982988,0.0,0.0,-0.5235987755982988,0.7853981633974483,0.0,0.5235987755982988,0.0,0.0,0.0,0.0,0.0,0.0,0.0,0.0,0.0,0.0,0.0,0.0,0.0,0.5,0.0,0.0,0.0,False,False,False,False,1,False,,0.0,0,,,,True,True,0.0,0.010000000000000009,True,0.0,0.0,False,False,False,False,False,False,1.0,False,False,False,0.0,0.0,0.0,0.0
0.24000000000000007,1786138337.5511749,0.0024557999859098345,0.0028155000181868672,0.01,READY,0,waiting for deadman,0.0,0.24000000000000007,24,0.0,0.0,0.0,0.0,0.0,0.0,1.0,0.0,0.0,0.0,0.0,0.0,0.0,1.0,-0.016000000000000007,-0.22496149868535165,0.2802328425555495,-0.1305261922200515,0.0,0.0,0.9914448613738105,-0.016000000000000007,-0.22496149868535165,0.2802328425555495,-0.1305261922200515,0.0,0.0,0.9914448613738105,-0.016000000000000007,-0.22496149868535165,0.2802328425555495,-0.1305261922200515,0.0,0.0,0.9914448613738105,-0.016000000000000007,-0.22496149868535165,0.2802328425555495,-0.1305261922200515,0.0,0.0,0.9914448613738105,-0.016000000000000007,-0.22496149868535165,0.2802328425555495,-0.1305261922200515,0.0,0.0,0.9914448613738105,0.0,-0.5235987755982988,0.7853981633974483,0.0,0.5235987755982988,0.0,0.0,-0.5235987755982988,0.7853981633974483,0.0,0.5235987755982988,0.0,0.0,-0.5235987755982988,0.7853981633974483,0.0,0.5235987755982988,0.0,0.0,0.0,0.0,0.0,0.0,0.0,0.0,0.0,0.0,0.0,0.0,0.0,0.5,0.0,0.0,0.0,False,False,False,False,1,False,,0.0,0,,,,True,True,0.0,0.010000000000000009,True,0.0,0.0,False,False,False,False,False,False,1.0,False,False,False,0.0,0.0,0.0,0.0
0.25000000000000006,1786138337.553814,0.0030319000070448965,0.0024225999950431287,0.01,READY,0,waiting for deadman,0.0,0.25000000000000006,25,0.0,0.0,0.0,0.0,0.0,0.0,1.0,0.0,0.0,0.0,0.0,0.0,0.0,1.0,-0.016000000000000007,-0.22496149868535165,0.2802328425555495,-0.1305261922200515,0.0,0.0,0.9914448613738105,-0.016000000000000007,-0.22496149868535165,0.2802328425555495,-0.1305261922200515,0.0,0.0,0.9914448613738105,-0.016000000000000007,-0.22496149868535165,0.2802328425555495,-0.1305261922200515,0.0,0.0,0.9914448613738105,-0.016000000000000007,-0.22496149868535165,0.2802328425555495,-0.1305261922200515,0.0,0.0,0.9914448613738105,-0.016000000000000007,-0.22496149868535165,0.2802328425555495,-0.1305261922200515,0.0,0.0,0.9914448613738105,0.0,-0.5235987755982988,0.7853981633974483,0.0,0.5235987755982988,0.0,0.0,-0.5235987755982988,0.7853981633974483,0.0,0.5235987755982988,0.0,0.0,-0.5235987755982988,0.7853981633974483,0.0,0.5235987755982988,0.0,0.0,0.0,0.0,0.0,0.0,0.0,0.0,0.0,0.0,0.0,0.0,0.0,0.5,0.0,0.0,0.0,False,False,False,False,1,False,,0.0,0,,,,True,True,0.0,0.009999999999999981,True,0.0,0.0,False,False,False,False,False,False,1.0,False,False,False,0.0,0.0,0.0,0.0
0.26000000000000006,1786138337.556394,0.0026182000001426786,0.0023845999967306852,0.01,READY,0,waiting for deadman,0.0,0.26000000000000006,26,0.0,0.0,0.0,0.0,0.0,0.0,1.0,0.0,0.0,0.0,0.0,0.0,0.0,1.0,-0.016000000000000007,-0.22496149868535165,0.2802328425555495,-0.1305261922200515,0.0,0.0,0.9914448613738105,-0.016000000000000007,-0.22496149868535165,0.2802328425555495,-0.1305261922200515,0.0,0.0,0.9914448613738105,-0.016000000000000007,-0.22496149868535165,0.2802328425555495,-0.1305261922200515,0.0,0.0,0.9914448613738105,-0.016000000000000007,-0.22496149868535165,0.2802328425555495,-0.1305261922200515,0.0,0.0,0.9914448613738105,-0.016000000000000007,-0.22496149868535165,0.2802328425555495,-0.1305261922200515,0.0,0.0,0.9914448613738105,0.0,-0.5235987755982988,0.7853981633974483,0.0,0.5235987755982988,0.0,0.0,-0.5235987755982988,0.7853981633974483,0.0,0.5235987755982988,0.0,0.0,-0.5235987755982988,0.7853981633974483,0.0,0.5235987755982988,0.0,0.0,0.0,0.0,0.0,0.0,0.0,0.0,0.0,0.0,0.0,0.0,0.0,0.5,0.0,0.0,0.0,False,False,False,False,1,False,,0.0,0,,,,True,True,0.0,0.010000000000000009,True,0.0,0.0,False,False,False,False,False,False,1.0,False,False,False,0.0,0.0,0.0,0.0
0.2700000000000001,1786138337.558931,0.002586699993116781,0.0023347999958787113,0.01,READY,0,waiting for deadman,0.0,0.2700000000000001,27,0.0,0.0,0.0,0.0,0.0,0.0,1.0,0.0,0.0,0.0,0.0,0.0,0.0,1.0,-0.016000000000000007,-0.22496149868535165,0.2802328425555495,-0.1305261922200515,0.0,0.0,0.9914448613738105,-0.016000000000000007,-0.22496149868535165,0.2802328425555495,-0.1305261922200515,0.0,0.0,0.9914448613738105,-0.016000000000000007,-0.22496149868535165,0.2802328425555495,-0.1305261922200515,0.0,0.0,0.9914448613738105,-0.016000000000000007,-0.22496149868535165,0.2802328425555495,-0.1305261922200515,0.0,0.0,0.9914448613738105,-0.016000000000000007,-0.22496149868535165,0.2802328425555495,-0.1305261922200515,0.0,0.0,0.9914448613738105,0.0,-0.5235987755982988,0.7853981633974483,0.0,0.5235987755982988,0.0,0.0,-0.5235987755982988,0.7853981633974483,0.0,0.5235987755982988,0.0,0.0,-0.5235987755982988,0.7853981633974483,0.0,0.5235987755982988,0.0,0.0,0.0,0.0,0.0,0.0,0.0,0.0,0.0,0.0,0.0,0.0,0.0,0.5,0.0,0.0,0.0,False,False,False,False,1,False,,0.0,0,,,,True,True,0.0,0.010000000000000009,True,0.0,0.0,False,False,False,False,False,False,1.0,False,False,False,0.0,0.0,0.0,0.0
0.2800000000000001,1786138337.5614095,0.0025239000096917152,0.0022892999986652285,0.01,READY,0,waiting for deadman,0.0,0.2800000000000001,28,0.0,0.0,0.0,0.0,0.0,0.0,1.0,0.0,0.0,0.0,0.0,0.0,0.0,1.0,-0.016000000000000007,-0.22496149868535165,0.2802328425555495,-0.1305261922200515,0.0,0.0,0.9914448613738105,-0.016000000000000007,-0.22496149868535165,0.2802328425555495,-0.1305261922200515,0.0,0.0,0.9914448613738105,-0.016000000000000007,-0.22496149868535165,0.2802328425555495,-0.1305261922200515,0.0,0.0,0.9914448613738105,-0.016000000000000007,-0.22496149868535165,0.2802328425555495,-0.1305261922200515,0.0,0.0,0.9914448613738105,-0.016000000000000007,-0.22496149868535165,0.2802328425555495,-0.1305261922200515,0.0,0.0,0.9914448613738105,0.0,-0.5235987755982988,0.7853981633974483,0.0,0.5235987755982988,0.0,0.0,-0.5235987755982988,0.7853981633974483,0.0,0.5235987755982988,0.0,0.0,-0.5235987755982988,0.7853981633974483,0.0,0.5235987755982988,0.0,0.0,0.0,0.0,0.0,0.0,0.0,0.0,0.0,0.0,0.0,0.0,0.0,0.5,0.0,0.0,0.0,False,False,False,False,1,False,,0.0,0,,,,True,True,0.0,0.010000000000000009,True,0.0,0.0,False,False,False,False,False,False,1.0,False,False,False,0.0,0.0,0.0,0.0
0.2900000000000001,1786138337.5639472,0.0025197000068146735,0.0023071999894455075,0.01,READY,0,waiting for deadman,0.0,0.2900000000000001,29,0.0,0.0,0.0,0.0,0.0,0.0,1.0,0.0,0.0,0.0,0.0,0.0,0.0,1.0,-0.016000000000000007,-0.22496149868535165,0.2802328425555495,-0.1305261922200515,0.0,0.0,0.9914448613738105,-0.016000000000000007,-0.22496149868535165,0.2802328425555495,-0.1305261922200515,0.0,0.0,0.9914448613738105,-0.016000000000000007,-0.22496149868535165,0.2802328425555495,-0.1305261922200515,0.0,0.0,0.9914448613738105,-0.016000000000000007,-0.22496149868535165,0.2802328425555495,-0.1305261922200515,0.0,0.0,0.9914448613738105,-0.016000000000000007,-0.22496149868535165,0.2802328425555495,-0.1305261922200515,0.0,0.0,0.9914448613738105,0.0,-0.5235987755982988,0.7853981633974483,0.0,0.5235987755982988,0.0,0.0,-0.5235987755982988,0.7853981633974483,0.0,0.5235987755982988,0.0,0.0,-0.5235987755982988,0.7853981633974483,0.0,0.5235987755982988,0.0,0.0,0.0,0.0,0.0,0.0,0.0,0.0,0.0,0.0,0.0,0.0,0.0,0.5,0.0,0.0,0.0,False,False,False,False,1,False,,0.0,0,,,,True,True,0.0,0.010000000000000009,True,0.0,0.0,False,False,False,False,False,False,1.0,False,False,False,0.0,0.0,0.0,0.0
0.3000000000000001,1786138337.5665827,0.0024896999821066856,0.0024532999959774315,0.01,READY,0,waiting for deadman,0.0,0.3000000000000001,30,0.0,0.0,0.0,0.0,0.0,0.0,1.0,0.0,0.0,0.0,0.0,0.0,0.0,1.0,-0.016000000000000007,-0.22496149868535165,0.2802328425555495,-0.1305261922200515,0.0,0.0,0.9914448613738105,-0.016000000000000007,-0.22496149868535165,0.2802328425555495,-0.1305261922200515,0.0,0.0,0.9914448613738105,-0.016000000000000007,-0.22496149868535165,0.2802328425555495,-0.1305261922200515,0.0,0.0,0.9914448613738105,-0.016000000000000007,-0.22496149868535165,0.2802328425555495,-0.1305261922200515,0.0,0.0,0.9914448613738105,-0.016000000000000007,-0.22496149868535165,0.2802328425555495,-0.1305261922200515,0.0,0.0,0.9914448613738105,0.0,-0.5235987755982988,0.7853981633974483,0.0,0.5235987755982988,0.0,0.0,-0.5235987755982988,0.7853981633974483,0.0,0.5235987755982988,0.0,0.0,-0.5235987755982988,0.7853981633974483,0.0,0.5235987755982988,0.0,0.0,0.0,0.0,0.0,0.0,0.0,0.0,0.0,0.0,0.0,0.0,0.0,0.5,0.0,0.0,0.0,False,False,False,False,1,False,,0.0,0,,,,True,True,0.0,0.010000000000000009,True,0.0,0.0,False,False,False,False,False,False,1.0,False,False,False,0.0,0.0,0.0,0.0
0.3100000000000001,1786138337.569255,0.0026629000203683972,0.0024621000047773123,0.01,READY,0,waiting for deadman,0.0,0.3100000000000001,31,0.0,0.0,0.0,0.0,0.0,0.0,1.0,0.0,0.0,0.0,0.0,0.0,0.0,1.0,-0.016000000000000007,-0.22496149868535165,0.2802328425555495,-0.1305261922200515,0.0,0.0,0.9914448613738105,-0.016000000000000007,-0.22496149868535165,0.2802328425555495,-0.1305261922200515,0.0,0.0,0.9914448613738105,-0.016000000000000007,-0.22496149868535165,0.2802328425555495,-0.1305261922200515,0.0,0.0,0.9914448613738105,-0.016000000000000007,-0.22496149868535165,0.2802328425555495,-0.1305261922200515,0.0,0.0,0.9914448613738105,-0.016000000000000007,-0.22496149868535165,0.2802328425555495,-0.1305261922200515,0.0,0.0,0.9914448613738105,0.0,-0.5235987755982988,0.7853981633974483,0.0,0.5235987755982988,0.0,0.0,-0.5235987755982988,0.7853981633974483,0.0,0.5235987755982988,0.0,0.0,-0.5235987755982988,0.7853981633974483,0.0,0.5235987755982988,0.0,0.0,0.0,0.0,0.0,0.0,0.0,0.0,0.0,0.0,0.0,0.0,0.0,0.5,0.0,0.0,0.0,False,False,False,False,1,False,,0.0,0,,,,True,True,0.0,0.010000000000000009,True,0.0,0.0,False,False,False,False,False,False,1.0,False,False,False,0.0,0.0,0.0,0.0
0.3200000000000001,1786138337.5717564,0.0026544999855104834,0.002309400006197393,0.01,READY,0,waiting for deadman,0.0,0.3200000000000001,32,0.0,0.0,0.0,0.0,0.0,0.0,1.0,0.0,0.0,0.0,0.0,0.0,0.0,1.0,-0.016000000000000007,-0.22496149868535165,0.2802328425555495,-0.1305261922200515,0.0,0.0,0.9914448613738105,-0.016000000000000007,-0.22496149868535165,0.2802328425555495,-0.1305261922200515,0.0,0.0,0.9914448613738105,-0.016000000000000007,-0.22496149868535165,0.2802328425555495,-0.1305261922200515,0.0,0.0,0.9914448613738105,-0.016000000000000007,-0.22496149868535165,0.2802328425555495,-0.1305261922200515,0.0,0.0,0.9914448613738105,-0.016000000000000007,-0.22496149868535165,0.2802328425555495,-0.1305261922200515,0.0,0.0,0.9914448613738105,0.0,-0.5235987755982988,0.7853981633974483,0.0,0.5235987755982988,0.0,0.0,-0.5235987755982988,0.7853981633974483,0.0,0.5235987755982988,0.0,0.0,-0.5235987755982988,0.7853981633974483,0.0,0.5235987755982988,0.0,0.0,0.0,0.0,0.0,0.0,0.0,0.0,0.0,0.0,0.0,0.0,0.0,0.5,0.0,0.0,0.0,False,False,False,False,1,False,,0.0,0,,,,True,True,0.0,0.010000000000000009,True,0.0,0.0,False,False,False,False,False,False,1.0,False,False,False,0.0,0.0,0.0,0.0
0.3300000000000001,1786138337.574229,0.0025003000046126544,0.00228169999900274,0.01,READY,0,waiting for deadman,0.0,0.3300000000000001,33,0.0,0.0,0.0,0.0,0.0,0.0,1.0,0.0,0.0,0.0,0.0,0.0,0.0,1.0,-0.016000000000000007,-0.22496149868535165,0.2802328425555495,-0.1305261922200515,0.0,0.0,0.9914448613738105,-0.016000000000000007,-0.22496149868535165,0.2802328425555495,-0.1305261922200515,0.0,0.0,0.9914448613738105,-0.016000000000000007,-0.22496149868535165,0.2802328425555495,-0.1305261922200515,0.0,0.0,0.9914448613738105,-0.016000000000000007,-0.22496149868535165,0.2802328425555495,-0.1305261922200515,0.0,0.0,0.9914448613738105,-0.016000000000000007,-0.22496149868535165,0.2802328425555495,-0.1305261922200515,0.0,0.0,0.9914448613738105,0.0,-0.5235987755982988,0.7853981633974483,0.0,0.5235987755982988,0.0,0.0,-0.5235987755982988,0.7853981633974483,0.0,0.5235987755982988,0.0,0.0,-0.5235987755982988,0.7853981633974483,0.0,0.5235987755982988,0.0,0.0,0.0,0.0,0.0,0.0,0.0,0.0,0.0,0.0,0.0,0.0,0.0,0.5,0.0,0.0,0.0,False,False,False,False,1,False,,0.0,0,,,,True,True,0.0,0.010000000000000009,True,0.0,0.0,False,False,False,False,False,False,1.0,False,False,False,0.0,0.0,0.0,0.0
0.34000000000000014,1786138337.5767078,0.002463699987856671,0.002296899998327717,0.01,READY,0,waiting for deadman,0.0,0.34000000000000014,34,0.0,0.0,0.0,0.0,0.0,0.0,1.0,0.0,0.0,0.0,0.0,0.0,0.0,1.0,-0.016000000000000007,-0.22496149868535165,0.2802328425555495,-0.1305261922200515,0.0,0.0,0.9914448613738105,-0.016000000000000007,-0.22496149868535165,0.2802328425555495,-0.1305261922200515,0.0,0.0,0.9914448613738105,-0.016000000000000007,-0.22496149868535165,0.2802328425555495,-0.1305261922200515,0.0,0.0,0.9914448613738105,-0.016000000000000007,-0.22496149868535165,0.2802328425555495,-0.1305261922200515,0.0,0.0,0.9914448613738105,-0.016000000000000007,-0.22496149868535165,0.2802328425555495,-0.1305261922200515,0.0,0.0,0.9914448613738105,0.0,-0.5235987755982988,0.7853981633974483,0.0,0.5235987755982988,0.0,0.0,-0.5235987755982988,0.7853981633974483,0.0,0.5235987755982988,0.0,0.0,-0.5235987755982988,0.7853981633974483,0.0,0.5235987755982988,0.0,0.0,0.0,0.0,0.0,0.0,0.0,0.0,0.0,0.0,0.0,0.0,0.0,0.5,0.0,0.0,0.0,False,False,False,False,1,False,,0.0,0,,,,True,True,0.0,0.010000000000000009,True,0.0,0.0,False,False,False,False,False,False,1.0,False,False,False,0.0,0.0,0.0,0.0
0.35000000000000014,1786138337.5791824,0.0024766000278759748,0.002294600009918213,0.01,READY,0,waiting for deadman,0.0,0.35000000000000014,35,0.0,0.0,0.0,0.0,0.0,0.0,1.0,0.0,0.0,0.0,0.0,0.0,0.0,1.0,-0.016000000000000007,-0.22496149868535165,0.2802328425555495,-0.1305261922200515,0.0,0.0,0.9914448613738105,-0.016000000000000007,-0.22496149868535165,0.2802328425555495,-0.1305261922200515,0.0,0.0,0.9914448613738105,-0.016000000000000007,-0.22496149868535165,0.2802328425555495,-0.1305261922200515,0.0,0.0,0.9914448613738105,-0.016000000000000007,-0.22496149868535165,0.2802328425555495,-0.1305261922200515,0.0,0.0,0.9914448613738105,-0.016000000000000007,-0.22496149868535165,0.2802328425555495,-0.1305261922200515,0.0,0.0,0.9914448613738105,0.0,-0.5235987755982988,0.7853981633974483,0.0,0.5235987755982988,0.0,0.0,-0.5235987755982988,0.7853981633974483,0.0,0.5235987755982988,0.0,0.0,-0.5235987755982988,0.7853981633974483,0.0,0.5235987755982988,0.0,0.0,0.0,0.0,0.0,0.0,0.0,0.0,0.0,0.0,0.0,0.0,0.0,0.5,0.0,0.0,0.0,False,False,False,False,1,False,,0.0,0,,,,True,True,0.0,0.010000000000000009,True,0.0,0.0,False,False,False,False,False,False,1.0,False,False,False,0.0,0.0,0.0,0.0
0.36000000000000015,1786138337.5817149,0.0025156999763567,0.0023116999946068972,0.01,READY,0,waiting for deadman,0.0,0.36000000000000015,36,0.0,0.0,0.0,0.0,0.0,0.0,1.0,0.0,0.0,0.0,0.0,0.0,0.0,1.0,-0.016000000000000007,-0.22496149868535165,0.2802328425555495,-0.1305261922200515,0.0,0.0,0.9914448613738105,-0.016000000000000007,-0.22496149868535165,0.2802328425555495,-0.1305261922200515,0.0,0.0,0.9914448613738105,-0.016000000000000007,-0.22496149868535165,0.2802328425555495,-0.1305261922200515,0.0,0.0,0.9914448613738105,-0.016000000000000007,-0.22496149868535165,0.2802328425555495,-0.1305261922200515,0.0,0.0,0.9914448613738105,-0.016000000000000007,-0.22496149868535165,0.2802328425555495,-0.1305261922200515,0.0,0.0,0.9914448613738105,0.0,-0.5235987755982988,0.7853981633974483,0.0,0.5235987755982988,0.0,0.0,-0.5235987755982988,0.7853981633974483,0.0,0.5235987755982988,0.0,0.0,-0.5235987755982988,0.7853981633974483,0.0,0.5235987755982988,0.0,0.0,0.0,0.0,0.0,0.0,0.0,0.0,0.0,0.0,0.0,0.0,0.0,0.5,0.0,0.0,0.0,False,False,False,False,1,False,,0.0,0,,,,True,True,0.0,0.010000000000000009,True,0.0,0.0,False,False,False,False,False,False,1.0,False,False,False,0.0,0.0,0.0,0.0
0.37000000000000016,1786138337.5846493,0.002495900000212714,0.0027500000142026693,0.01,READY,0,waiting for deadman,0.0,0.37000000000000016,37,0.0,0.0,0.0,0.0,0.0,0.0,1.0,0.0,0.0,0.0,0.0,0.0,0.0,1.0,-0.016000000000000007,-0.22496149868535165,0.2802328425555495,-0.1305261922200515,0.0,0.0,0.9914448613738105,-0.016000000000000007,-0.22496149868535165,0.2802328425555495,-0.1305261922200515,0.0,0.0,0.9914448613738105,-0.016000000000000007,-0.22496149868535165,0.2802328425555495,-0.1305261922200515,0.0,0.0,0.9914448613738105,-0.016000000000000007,-0.22496149868535165,0.2802328425555495,-0.1305261922200515,0.0,0.0,0.9914448613738105,-0.016000000000000007,-0.22496149868535165,0.2802328425555495,-0.1305261922200515,0.0,0.0,0.9914448613738105,0.0,-0.5235987755982988,0.7853981633974483,0.0,0.5235987755982988,0.0,0.0,-0.5235987755982988,0.7853981633974483,0.0,0.5235987755982988,0.0,0.0,-0.5235987755982988,0.7853981633974483,0.0,0.5235987755982988,0.0,0.0,0.0,0.0,0.0,0.0,0.0,0.0,0.0,0.0,0.0,0.0,0.0,0.5,0.0,0.0,0.0,False,False,False,False,1,False,,0.0,0,,,,True,True,0.0,0.010000000000000009,True,0.0,0.0,False,False,False,False,False,False,1.0,False,False,False,0.0,0.0,0.0,0.0
0.38000000000000017,1786138337.5872233,0.002938599995104596,0.00238540000282228,0.01,READY,0,waiting for deadman,0.0,0.38000000000000017,38,0.0,0.0,0.0,0.0,0.0,0.0,1.0,0.0,0.0,0.0,0.0,0.0,0.0,1.0,-0.016000000000000007,-0.22496149868535165,0.2802328425555495,-0.1305261922200515,0.0,0.0,0.9914448613738105,-0.016000000000000007,-0.22496149868535165,0.2802328425555495,-0.1305261922200515,0.0,0.0,0.9914448613738105,-0.016000000000000007,-0.22496149868535165,0.2802328425555495,-0.1305261922200515,0.0,0.0,0.9914448613738105,-0.016000000000000007,-0.22496149868535165,0.2802328425555495,-0.1305261922200515,0.0,0.0,0.9914448613738105,-0.016000000000000007,-0.22496149868535165,0.2802328425555495,-0.1305261922200515,0.0,0.0,0.9914448613738105,0.0,-0.5235987755982988,0.7853981633974483,0.0,0.5235987755982988,0.0,0.0,-0.5235987755982988,0.7853981633974483,0.0,0.5235987755982988,0.0,0.0,-0.5235987755982988,0.7853981633974483,0.0,0.5235987755982988,0.0,0.0,0.0,0.0,0.0,0.0,0.0,0.0,0.0,0.0,0.0,0.0,0.0,0.5,0.0,0.0,0.0,False,False,False,False,1,False,,0.0,0,,,,True,True,0.0,0.010000000000000009,True,0.0,0.0,False,False,False,False,False,False,1.0,False,False,False,0.0,0.0,0.0,0.0
0.3900000000000002,1786138337.589764,0.002585300011560321,0.00234089998411946,0.01,READY,0,waiting for deadman,0.0,0.3900000000000002,39,0.0,0.0,0.0,0.0,0.0,0.0,1.0,0.0,0.0,0.0,0.0,0.0,0.0,1.0,-0.016000000000000007,-0.22496149868535165,0.2802328425555495,-0.1305261922200515,0.0,0.0,0.9914448613738105,-0.016000000000000007,-0.22496149868535165,0.2802328425555495,-0.1305261922200515,0.0,0.0,0.9914448613738105,-0.016000000000000007,-0.22496149868535165,0.2802328425555495,-0.1305261922200515,0.0,0.0,0.9914448613738105,-0.016000000000000007,-0.22496149868535165,0.2802328425555495,-0.1305261922200515,0.0,0.0,0.9914448613738105,-0.016000000000000007,-0.22496149868535165,0.2802328425555495,-0.1305261922200515,0.0,0.0,0.9914448613738105,0.0,-0.5235987755982988,0.7853981633974483,0.0,0.5235987755982988,0.0,0.0,-0.5235987755982988,0.7853981633974483,0.0,0.5235987755982988,0.0,0.0,-0.5235987755982988,0.7853981633974483,0.0,0.5235987755982988,0.0,0.0,0.0,0.0,0.0,0.0,0.0,0.0,0.0,0.0,0.0,0.0,0.0,0.5,0.0,0.0,0.0,False,False,False,False,1,False,,0.0,0,,,,True,True,0.0,0.010000000000000009,True,0.0,0.0,False,False,False,False,False,False,1.0,False,False,False,0.0,0.0,0.0,0.0
0.4000000000000002,1786138337.592299,0.0025242000119760633,0.002351699979044497,0.01,READY,0,waiting for deadman,0.0,0.4000000000000002,40,0.0,0.0,0.0,0.0,0.0,0.0,1.0,0.0,0.0,0.0,0.0,0.0,0.0,1.0,-0.016000000000000007,-0.22496149868535165,0.2802328425555495,-0.1305261922200515,0.0,0.0,0.9914448613738105,-0.016000000000000007,-0.22496149868535165,0.2802328425555495,-0.1305261922200515,0.0,0.0,0.9914448613738105,-0.016000000000000007,-0.22496149868535165,0.2802328425555495,-0.1305261922200515,0.0,0.0,0.9914448613738105,-0.016000000000000007,-0.22496149868535165,0.2802328425555495,-0.1305261922200515,0.0,0.0,0.9914448613738105,-0.016000000000000007,-0.22496149868535165,0.2802328425555495,-0.1305261922200515,0.0,0.0,0.9914448613738105,0.0,-0.5235987755982988,0.7853981633974483,0.0,0.5235987755982988,0.0,0.0,-0.5235987755982988,0.7853981633974483,0.0,0.5235987755982988,0.0,0.0,-0.5235987755982988,0.7853981633974483,0.0,0.5235987755982988,0.0,0.0,0.0,0.0,0.0,0.0,0.0,0.0,0.0,0.0,0.0,0.0,0.0,0.5,0.0,0.0,0.0,False,False,False,False,1,False,,0.0,0,,,,True,True,0.0,0.010000000000000009,True,0.0,0.0,False,False,False,False,False,False,1.0,False,False,False,0.0,0.0,0.0,0.0
0.4100000000000002,1786138337.5947845,0.002535599982365966,0.002301700005773455,0.01,READY,0,waiting for deadman,0.0,0.4100000000000002,41,0.0,0.0,0.0,0.0,0.0,0.0,1.0,0.0,0.0,0.0,0.0,0.0,0.0,1.0,-0.016000000000000007,-0.22496149868535165,0.2802328425555495,-0.1305261922200515,0.0,0.0,0.9914448613738105,-0.016000000000000007,-0.22496149868535165,0.2802328425555495,-0.1305261922200515,0.0,0.0,0.9914448613738105,-0.016000000000000007,-0.22496149868535165,0.2802328425555495,-0.1305261922200515,0.0,0.0,0.9914448613738105,-0.016000000000000007,-0.22496149868535165,0.2802328425555495,-0.1305261922200515,0.0,0.0,0.9914448613738105,-0.016000000000000007,-0.22496149868535165,0.2802328425555495,-0.1305261922200515,0.0,0.0,0.9914448613738105,0.0,-0.5235987755982988,0.7853981633974483,0.0,0.5235987755982988,0.0,0.0,-0.5235987755982988,0.7853981633974483,0.0,0.5235987755982988,0.0,0.0,-0.5235987755982988,0.7853981633974483,0.0,0.5235987755982988,0.0,0.0,0.0,0.0,0.0,0.0,0.0,0.0,0.0,0.0,0.0,0.0,0.0,0.5,0.0,0.0,0.0,False,False,False,False,1,False,,0.0,0,,,,True,True,0.0,0.010000000000000009,True,0.0,0.0,False,False,False,False,False,False,1.0,False,False,False,0.0,0.0,0.0,0.0
0.4200000000000002,1786138337.5972807,0.0024830000184010714,0.0023147000174503773,0.01,READY,0,waiting for deadman,0.0,0.4200000000000002,42,0.0,0.0,0.0,0.0,0.0,0.0,1.0,0.0,0.0,0.0,0.0,0.0,0.0,1.0,-0.016000000000000007,-0.22496149868535165,0.2802328425555495,-0.1305261922200515,0.0,0.0,0.9914448613738105,-0.016000000000000007,-0.22496149868535165,0.2802328425555495,-0.1305261922200515,0.0,0.0,0.9914448613738105,-0.016000000000000007,-0.22496149868535165,0.2802328425555495,-0.1305261922200515,0.0,0.0,0.9914448613738105,-0.016000000000000007,-0.22496149868535165,0.2802328425555495,-0.1305261922200515,0.0,0.0,0.9914448613738105,-0.016000000000000007,-0.22496149868535165,0.2802328425555495,-0.1305261922200515,0.0,0.0,0.9914448613738105,0.0,-0.5235987755982988,0.7853981633974483,0.0,0.5235987755982988,0.0,0.0,-0.5235987755982988,0.7853981633974483,0.0,0.5235987755982988,0.0,0.0,-0.5235987755982988,0.7853981633974483,0.0,0.5235987755982988,0.0,0.0,0.0,0.0,0.0,0.0,0.0,0.0,0.0,0.0,0.0,0.0,0.0,0.5,0.0,0.0,0.0,False,False,False,False,1,False,,0.0,0,,,,True,True,0.0,0.010000000000000009,True,0.0,0.0,False,False,False,False,False,False,1.0,False,False,False,0.0,0.0,0.0,0.0
0.4300000000000002,1786138337.6009963,0.0025334999954793602,0.003496899997116998,0.01,READY,0,waiting for deadman,0.0,0.4300000000000002,43,0.0,0.0,0.0,0.0,0.0,0.0,1.0,0.0,0.0,0.0,0.0,0.0,0.0,1.0,-0.016000000000000007,-0.22496149868535165,0.2802328425555495,-0.1305261922200515,0.0,0.0,0.9914448613738105,-0.016000000000000007,-0.22496149868535165,0.2802328425555495,-0.1305261922200515,0.0,0.0,0.9914448613738105,-0.016000000000000007,-0.22496149868535165,0.2802328425555495,-0.1305261922200515,0.0,0.0,0.9914448613738105,-0.016000000000000007,-0.22496149868535165,0.2802328425555495,-0.1305261922200515,0.0,0.0,0.9914448613738105,-0.016000000000000007,-0.22496149868535165,0.2802328425555495,-0.1305261922200515,0.0,0.0,0.9914448613738105,0.0,-0.5235987755982988,0.7853981633974483,0.0,0.5235987755982988,0.0,0.0,-0.5235987755982988,0.7853981633974483,0.0,0.5235987755982988,0.0,0.0,-0.5235987755982988,0.7853981633974483,0.0,0.5235987755982988,0.0,0.0,0.0,0.0,0.0,0.0,0.0,0.0,0.0,0.0,0.0,0.0,0.0,0.5,0.0,0.0,0.0,False,False,False,False,1,False,,0.0,0,,,,True,True,0.0,0.010000000000000009,True,0.0,0.0,False,False,False,False,False,False,1.0,False,False,False,0.0,0.0,0.0,0.0
0.4400000000000002,1786138337.603564,0.0036854000063613057,0.002379200013820082,0.01,READY,0,waiting for deadman,0.0,0.4400000000000002,44,0.0,0.0,0.0,0.0,0.0,0.0,1.0,0.0,0.0,0.0,0.0,0.0,0.0,1.0,-0.016000000000000007,-0.22496149868535165,0.2802328425555495,-0.1305261922200515,0.0,0.0,0.9914448613738105,-0.016000000000000007,-0.22496149868535165,0.2802328425555495,-0.1305261922200515,0.0,0.0,0.9914448613738105,-0.016000000000000007,-0.22496149868535165,0.2802328425555495,-0.1305261922200515,0.0,0.0,0.9914448613738105,-0.016000000000000007,-0.22496149868535165,0.2802328425555495,-0.1305261922200515,0.0,0.0,0.9914448613738105,-0.016000000000000007,-0.22496149868535165,0.2802328425555495,-0.1305261922200515,0.0,0.0,0.9914448613738105,0.0,-0.5235987755982988,0.7853981633974483,0.0,0.5235987755982988,0.0,0.0,-0.5235987755982988,0.7853981633974483,0.0,0.5235987755982988,0.0,0.0,-0.5235987755982988,0.7853981633974483,0.0,0.5235987755982988,0.0,0.0,0.0,0.0,0.0,0.0,0.0,0.0,0.0,0.0,0.0,0.0,0.0,0.5,0.0,0.0,0.0,False,False,False,False,1,False,,0.0,0,,,,True,True,0.0,0.010000000000000009,True,0.0,0.0,False,False,False,False,False,False,1.0,False,False,False,0.0,0.0,0.0,0.0
0.45000000000000023,1786138337.606037,0.0025602999958209693,0.002291699987836182,0.01,READY,0,waiting for deadman,0.0,0.45000000000000023,45,0.0,0.0,0.0,0.0,0.0,0.0,1.0,0.0,0.0,0.0,0.0,0.0,0.0,1.0,-0.016000000000000007,-0.22496149868535165,0.2802328425555495,-0.1305261922200515,0.0,0.0,0.9914448613738105,-0.016000000000000007,-0.22496149868535165,0.2802328425555495,-0.1305261922200515,0.0,0.0,0.9914448613738105,-0.016000000000000007,-0.22496149868535165,0.2802328425555495,-0.1305261922200515,0.0,0.0,0.9914448613738105,-0.016000000000000007,-0.22496149868535165,0.2802328425555495,-0.1305261922200515,0.0,0.0,0.9914448613738105,-0.016000000000000007,-0.22496149868535165,0.2802328425555495,-0.1305261922200515,0.0,0.0,0.9914448613738105,0.0,-0.5235987755982988,0.7853981633974483,0.0,0.5235987755982988,0.0,0.0,-0.5235987755982988,0.7853981633974483,0.0,0.5235987755982988,0.0,0.0,-0.5235987755982988,0.7853981633974483,0.0,0.5235987755982988,0.0,0.0,0.0,0.0,0.0,0.0,0.0,0.0,0.0,0.0,0.0,0.0,0.0,0.5,0.0,0.0,0.0,False,False,False,False,1,False,,0.0,0,,,,True,True,0.0,0.010000000000000009,True,0.0,0.0,False,False,False,False,False,False,1.0,False,False,False,0.0,0.0,0.0,0.0
0.46000000000000024,1786138337.6085,0.0024722999951336533,0.0022825000050943345,0.01,READY,0,waiting for deadman,0.0,0.46000000000000024,46,0.0,0.0,0.0,0.0,0.0,0.0,1.0,0.0,0.0,0.0,0.0,0.0,0.0,1.0,-0.016000000000000007,-0.22496149868535165,0.2802328425555495,-0.1305261922200515,0.0,0.0,0.9914448613738105,-0.016000000000000007,-0.22496149868535165,0.2802328425555495,-0.1305261922200515,0.0,0.0,0.9914448613738105,-0.016000000000000007,-0.22496149868535165,0.2802328425555495,-0.1305261922200515,0.0,0.0,0.9914448613738105,-0.016000000000000007,-0.22496149868535165,0.2802328425555495,-0.1305261922200515,0.0,0.0,0.9914448613738105,-0.016000000000000007,-0.22496149868535165,0.2802328425555495,-0.1305261922200515,0.0,0.0,0.9914448613738105,0.0,-0.5235987755982988,0.7853981633974483,0.0,0.5235987755982988,0.0,0.0,-0.5235987755982988,0.7853981633974483,0.0,0.5235987755982988,0.0,0.0,-0.5235987755982988,0.7853981633974483,0.0,0.5235987755982988,0.0,0.0,0.0,0.0,0.0,0.0,0.0,0.0,0.0,0.0,0.0,0.0,0.0,0.5,0.0,0.0,0.0,False,False,False,False,1,False,,0.0,0,,,,True,True,0.0,0.010000000000000009,True,0.0,0.0,False,False,False,False,False,False,1.0,False,False,False,0.0,0.0,0.0,0.0
0.47000000000000025,1786138337.6109674,0.0024640999909024686,0.0022859000018797815,0.01,READY,0,waiting for deadman,0.0,0.47000000000000025,47,0.0,0.0,0.0,0.0,0.0,0.0,1.0,0.0,0.0,0.0,0.0,0.0,0.0,1.0,-0.016000000000000007,-0.22496149868535165,0.2802328425555495,-0.1305261922200515,0.0,0.0,0.9914448613738105,-0.016000000000000007,-0.22496149868535165,0.2802328425555495,-0.1305261922200515,0.0,0.0,0.9914448613738105,-0.016000000000000007,-0.22496149868535165,0.2802328425555495,-0.1305261922200515,0.0,0.0,0.9914448613738105,-0.016000000000000007,-0.22496149868535165,0.2802328425555495,-0.1305261922200515,0.0,0.0,0.9914448613738105,-0.016000000000000007,-0.22496149868535165,0.2802328425555495,-0.1305261922200515,0.0,0.0,0.9914448613738105,0.0,-0.5235987755982988,0.7853981633974483,0.0,0.5235987755982988,0.0,0.0,-0.5235987755982988,0.7853981633974483,0.0,0.5235987755982988,0.0,0.0,-0.5235987755982988,0.7853981633974483,0.0,0.5235987755982988,0.0,0.0,0.0,0.0,0.0,0.0,0.0,0.0,0.0,0.0,0.0,0.0,0.0,0.5,0.0,0.0,0.0,False,False,False,False,1,False,,0.0,0,,,,True,True,0.0,0.010000000000000009,True,0.0,0.0,False,False,False,False,False,False,1.0,False,False,False,0.0,0.0,0.0,0.0
0.48000000000000026,1786138337.6134336,0.0024659000046085566,0.002286300004925579,0.01,READY,0,waiting for deadman,0.0,0.48000000000000026,48,0.0,0.0,0.0,0.0,0.0,0.0,1.0,0.0,0.0,0.0,0.0,0.0,0.0,1.0,-0.016000000000000007,-0.22496149868535165,0.2802328425555495,-0.1305261922200515,0.0,0.0,0.9914448613738105,-0.016000000000000007,-0.22496149868535165,0.2802328425555495,-0.1305261922200515,0.0,0.0,0.9914448613738105,-0.016000000000000007,-0.22496149868535165,0.2802328425555495,-0.1305261922200515,0.0,0.0,0.9914448613738105,-0.016000000000000007,-0.22496149868535165,0.2802328425555495,-0.1305261922200515,0.0,0.0,0.9914448613738105,-0.016000000000000007,-0.22496149868535165,0.2802328425555495,-0.1305261922200515,0.0,0.0,0.9914448613738105,0.0,-0.5235987755982988,0.7853981633974483,0.0,0.5235987755982988,0.0,0.0,-0.5235987755982988,0.7853981633974483,0.0,0.5235987755982988,0.0,0.0,-0.5235987755982988,0.7853981633974483,0.0,0.5235987755982988,0.0,0.0,0.0,0.0,0.0,0.0,0.0,0.0,0.0,0.0,0.0,0.0,0.0,0.5,0.0,0.0,0.0,False,False,False,False,1,False,,0.0,0,,,,True,True,0.0,0.010000000000000009,True,0.0,0.0,False,False,False,False,False,False,1.0,False,False,False,0.0,0.0,0.0,0.0
0.49000000000000027,1786138337.616359,0.0024658000038471073,0.0027461999852675945,0.01,READY,0,waiting for deadman,0.0,0.49000000000000027,49,0.0,0.0,0.0,0.0,0.0,0.0,1.0,0.0,0.0,0.0,0.0,0.0,0.0,1.0,-0.016000000000000007,-0.22496149868535165,0.2802328425555495,-0.1305261922200515,0.0,0.0,0.9914448613738105,-0.016000000000000007,-0.22496149868535165,0.2802328425555495,-0.1305261922200515,0.0,0.0,0.9914448613738105,-0.016000000000000007,-0.22496149868535165,0.2802328425555495,-0.1305261922200515,0.0,0.0,0.9914448613738105,-0.016000000000000007,-0.22496149868535165,0.2802328425555495,-0.1305261922200515,0.0,0.0,0.9914448613738105,-0.016000000000000007,-0.22496149868535165,0.2802328425555495,-0.1305261922200515,0.0,0.0,0.9914448613738105,0.0,-0.5235987755982988,0.7853981633974483,0.0,0.5235987755982988,0.0,0.0,-0.5235987755982988,0.7853981633974483,0.0,0.5235987755982988,0.0,0.0,-0.5235987755982988,0.7853981633974483,0.0,0.5235987755982988,0.0,0.0,0.0,0.0,0.0,0.0,0.0,0.0,0.0,0.0,0.0,0.0,0.0,0.5,0.0,0.0,0.0,False,False,False,False,1,False,,0.0,0,,,,True,True,0.0,0.010000000000000009,True,0.0,0.0,False,False,False,False,False,False,1.0,False,False,False,0.0,0.0,0.0,0.0
0.5000000000000002,1786138337.6190116,0.0029867000121157616,0.002411599998595193,0.01,READY,0,waiting for deadman,0.0,0.5000000000000002,50,0.0,0.0,0.0,0.0,0.0,0.0,1.0,0.0,0.0,0.0,0.0,0.0,0.0,1.0,-0.016000000000000007,-0.22496149868535165,0.2802328425555495,-0.1305261922200515,0.0,0.0,0.9914448613738105,-0.016000000000000007,-0.22496149868535165,0.2802328425555495,-0.1305261922200515,0.0,0.0,0.9914448613738105,-0.016000000000000007,-0.22496149868535165,0.2802328425555495,-0.1305261922200515,0.0,0.0,0.9914448613738105,-0.016000000000000007,-0.22496149868535165,0.2802328425555495,-0.1305261922200515,0.0,0.0,0.9914448613738105,-0.016000000000000007,-0.22496149868535165,0.2802328425555495,-0.1305261922200515,0.0,0.0,0.9914448613738105,0.0,-0.5235987755982988,0.7853981633974483,0.0,0.5235987755982988,0.0,0.0,-0.5235987755982988,0.7853981633974483,0.0,0.5235987755982988,0.0,0.0,-0.5235987755982988,0.7853981633974483,0.0,0.5235987755982988,0.0,0.0,0.0,0.0,0.0,0.0,0.0,0.0,0.0,0.0,0.0,0.0,0.0,0.5,0.0,0.0,0.0,False,False,False,False,1,False,,0.0,0,,,,True,True,0.0,0.009999999999999953,True,0.0,0.0,False,False,False,False,False,False,1.0,False,False,False,0.0,0.0,0.0,0.0
0.5100000000000002,1786138337.6215756,0.002597699989564717,0.002378099976340309,0.01,READY,0,waiting for deadman,0.0,0.5100000000000002,51,0.0,0.0,0.0,0.0,0.0,0.0,1.0,0.0,0.0,0.0,0.0,0.0,0.0,1.0,-0.016000000000000007,-0.22496149868535165,0.2802328425555495,-0.1305261922200515,0.0,0.0,0.9914448613738105,-0.016000000000000007,-0.22496149868535165,0.2802328425555495,-0.1305261922200515,0.0,0.0,0.9914448613738105,-0.016000000000000007,-0.22496149868535165,0.2802328425555495,-0.1305261922200515,0.0,0.0,0.9914448613738105,-0.016000000000000007,-0.22496149868535165,0.2802328425555495,-0.1305261922200515,0.0,0.0,0.9914448613738105,-0.016000000000000007,-0.22496149868535165,0.2802328425555495,-0.1305261922200515,0.0,0.0,0.9914448613738105,0.0,-0.5235987755982988,0.7853981633974483,0.0,0.5235987755982988,0.0,0.0,-0.5235987755982988,0.7853981633974483,0.0,0.5235987755982988,0.0,0.0,-0.5235987755982988,0.7853981633974483,0.0,0.5235987755982988,0.0,0.0,0.0,0.0,0.0,0.0,0.0,0.0,0.0,0.0,0.0,0.0,0.0,0.5,0.0,0.0,0.0,False,False,False,False,1,False,,0.0,0,,,,True,True,0.0,0.010000000000000009,True,0.0,0.0,False,False,False,False,False,False,1.0,False,False,False,0.0,0.0,0.0,0.0
0.5200000000000002,1786138337.6240835,0.002569400006905198,0.0023164000012911856,0.01,READY,0,waiting for deadman,0.0,0.5200000000000002,52,0.0,0.0,0.0,0.0,0.0,0.0,1.0,0.0,0.0,0.0,0.0,0.0,0.0,1.0,-0.016000000000000007,-0.22496149868535165,0.2802328425555495,-0.1305261922200515,0.0,0.0,0.9914448613738105,-0.016000000000000007,-0.22496149868535165,0.2802328425555495,-0.1305261922200515,0.0,0.0,0.9914448613738105,-0.016000000000000007,-0.22496149868535165,0.2802328425555495,-0.1305261922200515,0.0,0.0,0.9914448613738105,-0.016000000000000007,-0.22496149868535165,0.2802328425555495,-0.1305261922200515,0.0,0.0,0.9914448613738105,-0.016000000000000007,-0.22496149868535165,0.2802328425555495,-0.1305261922200515,0.0,0.0,0.9914448613738105,0.0,-0.5235987755982988,0.7853981633974483,0.0,0.5235987755982988,0.0,0.0,-0.5235987755982988,0.7853981633974483,0.0,0.5235987755982988,0.0,0.0,-0.5235987755982988,0.7853981633974483,0.0,0.5235987755982988,0.0,0.0,0.0,0.0,0.0,0.0,0.0,0.0,0.0,0.0,0.0,0.0,0.0,0.5,0.0,0.0,0.0,False,False,False,False,1,False,,0.0,0,,,,True,True,0.0,0.010000000000000009,True,0.0,0.0,False,False,False,False,False,False,1.0,False,False,False,0.0,0.0,0.0,0.0
0.5300000000000002,1786138337.6266122,0.0024964999756775796,0.002348700014408678,0.01,READY,0,waiting for deadman,0.0,0.5300000000000002,53,0.0,0.0,0.0,0.0,0.0,0.0,1.0,0.0,0.0,0.0,0.0,0.0,0.0,1.0,-0.016000000000000007,-0.22496149868535165,0.2802328425555495,-0.1305261922200515,0.0,0.0,0.9914448613738105,-0.016000000000000007,-0.22496149868535165,0.2802328425555495,-0.1305261922200515,0.0,0.0,0.9914448613738105,-0.016000000000000007,-0.22496149868535165,0.2802328425555495,-0.1305261922200515,0.0,0.0,0.9914448613738105,-0.016000000000000007,-0.22496149868535165,0.2802328425555495,-0.1305261922200515,0.0,0.0,0.9914448613738105,-0.016000000000000007,-0.22496149868535165,0.2802328425555495,-0.1305261922200515,0.0,0.0,0.9914448613738105,0.0,-0.5235987755982988,0.7853981633974483,0.0,0.5235987755982988,0.0,0.0,-0.5235987755982988,0.7853981633974483,0.0,0.5235987755982988,0.0,0.0,-0.5235987755982988,0.7853981633974483,0.0,0.5235987755982988,0.0,0.0,0.0,0.0,0.0,0.0,0.0,0.0,0.0,0.0,0.0,0.0,0.0,0.5,0.0,0.0,0.0,False,False,False,False,1,False,,0.0,0,,,,True,True,0.0,0.010000000000000009,True,0.0,0.0,False,False,False,False,False,False,1.0,False,False,False,0.0,0.0,0.0,0.0
0.5400000000000003,1786138337.6290867,0.002526900003431365,0.002296299993759021,0.01,READY,0,waiting for deadman,0.0,0.5400000000000003,54,0.0,0.0,0.0,0.0,0.0,0.0,1.0,0.0,0.0,0.0,0.0,0.0,0.0,1.0,-0.016000000000000007,-0.22496149868535165,0.2802328425555495,-0.1305261922200515,0.0,0.0,0.9914448613738105,-0.016000000000000007,-0.22496149868535165,0.2802328425555495,-0.1305261922200515,0.0,0.0,0.9914448613738105,-0.016000000000000007,-0.22496149868535165,0.2802328425555495,-0.1305261922200515,0.0,0.0,0.9914448613738105,-0.016000000000000007,-0.22496149868535165,0.2802328425555495,-0.1305261922200515,0.0,0.0,0.9914448613738105,-0.016000000000000007,-0.22496149868535165,0.2802328425555495,-0.1305261922200515,0.0,0.0,0.9914448613738105,0.0,-0.5235987755982988,0.7853981633974483,0.0,0.5235987755982988,0.0,0.0,-0.5235987755982988,0.7853981633974483,0.0,0.5235987755982988,0.0,0.0,-0.5235987755982988,0.7853981633974483,0.0,0.5235987755982988,0.0,0.0,0.0,0.0,0.0,0.0,0.0,0.0,0.0,0.0,0.0,0.0,0.0,0.5,0.0,0.0,0.0,False,False,False,False,1,False,,0.0,0,,,,True,True,0.0,0.010000000000000009,True,0.0,0.0,False,False,False,False,False,False,1.0,False,False,False,0.0,0.0,0.0,0.0
0.5500000000000003,1786138337.6317856,0.0024796000216156244,0.0025160000077448785,0.01,READY,0,waiting for deadman,0.0,0.5500000000000003,55,0.0,0.0,0.0,0.0,0.0,0.0,1.0,0.0,0.0,0.0,0.0,0.0,0.0,1.0,-0.016000000000000007,-0.22496149868535165,0.2802328425555495,-0.1305261922200515,0.0,0.0,0.9914448613738105,-0.016000000000000007,-0.22496149868535165,0.2802328425555495,-0.1305261922200515,0.0,0.0,0.9914448613738105,-0.016000000000000007,-0.22496149868535165,0.2802328425555495,-0.1305261922200515,0.0,0.0,0.9914448613738105,-0.016000000000000007,-0.22496149868535165,0.2802328425555495,-0.1305261922200515,0.0,0.0,0.9914448613738105,-0.016000000000000007,-0.22496149868535165,0.2802328425555495,-0.1305261922200515,0.0,0.0,0.9914448613738105,0.0,-0.5235987755982988,0.7853981633974483,0.0,0.5235987755982988,0.0,0.0,-0.5235987755982988,0.7853981633974483,0.0,0.5235987755982988,0.0,0.0,-0.5235987755982988,0.7853981633974483,0.0,0.5235987755982988,0.0,0.0,0.0,0.0,0.0,0.0,0.0,0.0,0.0,0.0,0.0,0.0,0.0,0.5,0.0,0.0,0.0,False,False,False,False,1,False,,0.0,0,,,,True,True,0.0,0.010000000000000009,True,0.0,0.0,False,False,False,False,False,False,1.0,False,False,False,0.0,0.0,0.0,0.0
0.5600000000000003,1786138337.6343367,0.0027151999820489436,0.002351600007386878,0.01,READY,0,waiting for deadman,0.0,0.5600000000000003,56,0.0,0.0,0.0,0.0,0.0,0.0,1.0,0.0,0.0,0.0,0.0,0.0,0.0,1.0,-0.016000000000000007,-0.22496149868535165,0.2802328425555495,-0.1305261922200515,0.0,0.0,0.9914448613738105,-0.016000000000000007,-0.22496149868535165,0.2802328425555495,-0.1305261922200515,0.0,0.0,0.9914448613738105,-0.016000000000000007,-0.22496149868535165,0.2802328425555495,-0.1305261922200515,0.0,0.0,0.9914448613738105,-0.016000000000000007,-0.22496149868535165,0.2802328425555495,-0.1305261922200515,0.0,0.0,0.9914448613738105,-0.016000000000000007,-0.22496149868535165,0.2802328425555495,-0.1305261922200515,0.0,0.0,0.9914448613738105,0.0,-0.5235987755982988,0.7853981633974483,0.0,0.5235987755982988,0.0,0.0,-0.5235987755982988,0.7853981633974483,0.0,0.5235987755982988,0.0,0.0,-0.5235987755982988,0.7853981633974483,0.0,0.5235987755982988,0.0,0.0,0.0,0.0,0.0,0.0,0.0,0.0,0.0,0.0,0.0,0.0,0.0,0.5,0.0,0.0,0.0,False,False,False,False,1,False,,0.0,0,,,,True,True,0.0,0.010000000000000009,True,0.0,0.0,False,False,False,False,False,False,1.0,False,False,False,0.0,0.0,0.0,0.0
0.5700000000000003,1786138337.6369505,0.0026033000031020492,0.0023618999985046685,0.01,READY,0,waiting for deadman,0.0,0.5700000000000003,57,0.0,0.0,0.0,0.0,0.0,0.0,1.0,0.0,0.0,0.0,0.0,0.0,0.0,1.0,-0.016000000000000007,-0.22496149868535165,0.2802328425555495,-0.1305261922200515,0.0,0.0,0.9914448613738105,-0.016000000000000007,-0.22496149868535165,0.2802328425555495,-0.1305261922200515,0.0,0.0,0.9914448613738105,-0.016000000000000007,-0.22496149868535165,0.2802328425555495,-0.1305261922200515,0.0,0.0,0.9914448613738105,-0.016000000000000007,-0.22496149868535165,0.2802328425555495,-0.1305261922200515,0.0,0.0,0.9914448613738105,-0.016000000000000007,-0.22496149868535165,0.2802328425555495,-0.1305261922200515,0.0,0.0,0.9914448613738105,0.0,-0.5235987755982988,0.7853981633974483,0.0,0.5235987755982988,0.0,0.0,-0.5235987755982988,0.7853981633974483,0.0,0.5235987755982988,0.0,0.0,-0.5235987755982988,0.7853981633974483,0.0,0.5235987755982988,0.0,0.0,0.0,0.0,0.0,0.0,0.0,0.0,0.0,0.0,0.0,0.0,0.0,0.5,0.0,0.0,0.0,False,False,False,False,1,False,,0.0,0,,,,True,True,0.0,0.010000000000000009,True,0.0,0.0,False,False,False,False,False,False,1.0,False,False,False,0.0,0.0,0.0,0.0
0.5800000000000003,1786138337.6394713,0.0025507000100333244,0.0023320999753195792,0.01,READY,0,waiting for deadman,0.0,0.5800000000000003,58,0.0,0.0,0.0,0.0,0.0,0.0,1.0,0.0,0.0,0.0,0.0,0.0,0.0,1.0,-0.016000000000000007,-0.22496149868535165,0.2802328425555495,-0.1305261922200515,0.0,0.0,0.9914448613738105,-0.016000000000000007,-0.22496149868535165,0.2802328425555495,-0.1305261922200515,0.0,0.0,0.9914448613738105,-0.016000000000000007,-0.22496149868535165,0.2802328425555495,-0.1305261922200515,0.0,0.0,0.9914448613738105,-0.016000000000000007,-0.22496149868535165,0.2802328425555495,-0.1305261922200515,0.0,0.0,0.9914448613738105,-0.016000000000000007,-0.22496149868535165,0.2802328425555495,-0.1305261922200515,0.0,0.0,0.9914448613738105,0.0,-0.5235987755982988,0.7853981633974483,0.0,0.5235987755982988,0.0,0.0,-0.5235987755982988,0.7853981633974483,0.0,0.5235987755982988,0.0,0.0,-0.5235987755982988,0.7853981633974483,0.0,0.5235987755982988,0.0,0.0,0.0,0.0,0.0,0.0,0.0,0.0,0.0,0.0,0.0,0.0,0.0,0.5,0.0,0.0,0.0,False,False,False,False,1,False,,0.0,0,,,,True,True,0.0,0.010000000000000009,True,0.0,0.0,False,False,False,False,False,False,1.0,False,False,False,0.0,0.0,0.0,0.0
0.5900000000000003,1786138337.641994,0.0025157000054605305,0.002338999998755753,0.01,READY,0,waiting for deadman,0.0,0.5900000000000003,59,0.0,0.0,0.0,0.0,0.0,0.0,1.0,0.0,0.0,0.0,0.0,0.0,0.0,1.0,-0.016000000000000007,-0.22496149868535165,0.2802328425555495,-0.1305261922200515,0.0,0.0,0.9914448613738105,-0.016000000000000007,-0.22496149868535165,0.2802328425555495,-0.1305261922200515,0.0,0.0,0.9914448613738105,-0.016000000000000007,-0.22496149868535165,0.2802328425555495,-0.1305261922200515,0.0,0.0,0.9914448613738105,-0.016000000000000007,-0.22496149868535165,0.2802328425555495,-0.1305261922200515,0.0,0.0,0.9914448613738105,-0.016000000000000007,-0.22496149868535165,0.2802328425555495,-0.1305261922200515,0.0,0.0,0.9914448613738105,0.0,-0.5235987755982988,0.7853981633974483,0.0,0.5235987755982988,0.0,0.0,-0.5235987755982988,0.7853981633974483,0.0,0.5235987755982988,0.0,0.0,-0.5235987755982988,0.7853981633974483,0.0,0.5235987755982988,0.0,0.0,0.0,0.0,0.0,0.0,0.0,0.0,0.0,0.0,0.0,0.0,0.0,0.5,0.0,0.0,0.0,False,False,False,False,1,False,,0.0,0,,,,True,True,0.0,0.010000000000000009,True,0.0,0.0,False,False,False,False,False,False,1.0,False,False,False,0.0,0.0,0.0,0.0
0.6000000000000003,1786138337.6444557,0.002520599984563887,0.002279999986058101,0.01,READY,0,waiting for deadman,0.0,0.6000000000000003,60,0.0,0.0,0.0,0.0,0.0,0.0,1.0,0.0,0.0,0.0,0.0,0.0,0.0,1.0,-0.016000000000000007,-0.22496149868535165,0.2802328425555495,-0.1305261922200515,0.0,0.0,0.9914448613738105,-0.016000000000000007,-0.22496149868535165,0.2802328425555495,-0.1305261922200515,0.0,0.0,0.9914448613738105,-0.016000000000000007,-0.22496149868535165,0.2802328425555495,-0.1305261922200515,0.0,0.0,0.9914448613738105,-0.016000000000000007,-0.22496149868535165,0.2802328425555495,-0.1305261922200515,0.0,0.0,0.9914448613738105,-0.016000000000000007,-0.22496149868535165,0.2802328425555495,-0.1305261922200515,0.0,0.0,0.9914448613738105,0.0,-0.5235987755982988,0.7853981633974483,0.0,0.5235987755982988,0.0,0.0,-0.5235987755982988,0.7853981633974483,0.0,0.5235987755982988,0.0,0.0,-0.5235987755982988,0.7853981633974483,0.0,0.5235987755982988,0.0,0.0,0.0,0.0,0.0,0.0,0.0,0.0,0.0,0.0,0.0,0.0,0.0,0.5,0.0,0.0,0.0,False,False,False,False,1,False,,0.0,0,,,,True,True,0.0,0.010000000000000009,True,0.0,0.0,False,False,False,False,False,False,1.0,False,False,False,0.0,0.0,0.0,0.0
0.6100000000000003,1786138337.6472163,0.0024585000064689666,0.0025824999902397394,0.01,READY,0,waiting for deadman,0.0,0.6100000000000003,61,0.0,0.0,0.0,0.0,0.0,0.0,1.0,0.0,0.0,0.0,0.0,0.0,0.0,1.0,-0.016000000000000007,-0.22496149868535165,0.2802328425555495,-0.1305261922200515,0.0,0.0,0.9914448613738105,-0.016000000000000007,-0.22496149868535165,0.2802328425555495,-0.1305261922200515,0.0,0.0,0.9914448613738105,-0.016000000000000007,-0.22496149868535165,0.2802328425555495,-0.1305261922200515,0.0,0.0,0.9914448613738105,-0.016000000000000007,-0.22496149868535165,0.2802328425555495,-0.1305261922200515,0.0,0.0,0.9914448613738105,-0.016000000000000007,-0.22496149868535165,0.2802328425555495,-0.1305261922200515,0.0,0.0,0.9914448613738105,0.0,-0.5235987755982988,0.7853981633974483,0.0,0.5235987755982988,0.0,0.0,-0.5235987755982988,0.7853981633974483,0.0,0.5235987755982988,0.0,0.0,-0.5235987755982988,0.7853981633974483,0.0,0.5235987755982988,0.0,0.0,0.0,0.0,0.0,0.0,0.0,0.0,0.0,0.0,0.0,0.0,0.0,0.5,0.0,0.0,0.0,False,False,False,False,1,False,,0.0,0,,,,True,True,0.0,0.010000000000000009,True,0.0,0.0,False,False,False,False,False,False,1.0,False,False,False,0.0,0.0,0.0,0.0
0.6200000000000003,1786138337.6498032,0.0027754000038839877,0.0023936999787110835,0.01,READY,0,waiting for deadman,0.0,0.6200000000000003,62,0.0,0.0,0.0,0.0,0.0,0.0,1.0,0.0,0.0,0.0,0.0,0.0,0.0,1.0,-0.016000000000000007,-0.22496149868535165,0.2802328425555495,-0.1305261922200515,0.0,0.0,0.9914448613738105,-0.016000000000000007,-0.22496149868535165,0.2802328425555495,-0.1305261922200515,0.0,0.0,0.9914448613738105,-0.016000000000000007,-0.22496149868535165,0.2802328425555495,-0.1305261922200515,0.0,0.0,0.9914448613738105,-0.016000000000000007,-0.22496149868535165,0.2802328425555495,-0.1305261922200515,0.0,0.0,0.9914448613738105,-0.016000000000000007,-0.22496149868535165,0.2802328425555495,-0.1305261922200515,0.0,0.0,0.9914448613738105,0.0,-0.5235987755982988,0.7853981633974483,0.0,0.5235987755982988,0.0,0.0,-0.5235987755982988,0.7853981633974483,0.0,0.5235987755982988,0.0,0.0,-0.5235987755982988,0.7853981633974483,0.0,0.5235987755982988,0.0,0.0,0.0,0.0,0.0,0.0,0.0,0.0,0.0,0.0,0.0,0.0,0.0,0.5,0.0,0.0,0.0,False,False,False,False,1,False,,0.0,0,,,,True,True,0.0,0.010000000000000009,True,0.0,0.0,False,False,False,False,False,False,1.0,False,False,False,0.0,0.0,0.0,0.0
0.6300000000000003,1786138337.6523497,0.00257650000276044,0.0023638999846298248,0.01,READY,0,waiting for deadman,0.0,0.6300000000000003,63,0.0,0.0,0.0,0.0,0.0,0.0,1.0,0.0,0.0,0.0,0.0,0.0,0.0,1.0,-0.016000000000000007,-0.22496149868535165,0.2802328425555495,-0.1305261922200515,0.0,0.0,0.9914448613738105,-0.016000000000000007,-0.22496149868535165,0.2802328425555495,-0.1305261922200515,0.0,0.0,0.9914448613738105,-0.016000000000000007,-0.22496149868535165,0.2802328425555495,-0.1305261922200515,0.0,0.0,0.9914448613738105,-0.016000000000000007,-0.22496149868535165,0.2802328425555495,-0.1305261922200515,0.0,0.0,0.9914448613738105,-0.016000000000000007,-0.22496149868535165,0.2802328425555495,-0.1305261922200515,0.0,0.0,0.9914448613738105,0.0,-0.5235987755982988,0.7853981633974483,0.0,0.5235987755982988,0.0,0.0,-0.5235987755982988,0.7853981633974483,0.0,0.5235987755982988,0.0,0.0,-0.5235987755982988,0.7853981633974483,0.0,0.5235987755982988,0.0,0.0,0.0,0.0,0.0,0.0,0.0,0.0,0.0,0.0,0.0,0.0,0.0,0.5,0.0,0.0,0.0,False,False,False,False,1,False,,0.0,0,,,,True,True,0.0,0.010000000000000009,True,0.0,0.0,False,False,False,False,False,False,1.0,False,False,False,0.0,0.0,0.0,0.0
0.6400000000000003,1786138337.6549737,0.002600899984827265,0.0023870000150054693,0.01,READY,0,waiting for deadman,0.0,0.6400000000000003,64,0.0,0.0,0.0,0.0,0.0,0.0,1.0,0.0,0.0,0.0,0.0,0.0,0.0,1.0,-0.016000000000000007,-0.22496149868535165,0.2802328425555495,-0.1305261922200515,0.0,0.0,0.9914448613738105,-0.016000000000000007,-0.22496149868535165,0.2802328425555495,-0.1305261922200515,0.0,0.0,0.9914448613738105,-0.016000000000000007,-0.22496149868535165,0.2802328425555495,-0.1305261922200515,0.0,0.0,0.9914448613738105,-0.016000000000000007,-0.22496149868535165,0.2802328425555495,-0.1305261922200515,0.0,0.0,0.9914448613738105,-0.016000000000000007,-0.22496149868535165,0.2802328425555495,-0.1305261922200515,0.0,0.0,0.9914448613738105,0.0,-0.5235987755982988,0.7853981633974483,0.0,0.5235987755982988,0.0,0.0,-0.5235987755982988,0.7853981633974483,0.0,0.5235987755982988,0.0,0.0,-0.5235987755982988,0.7853981633974483,0.0,0.5235987755982988,0.0,0.0,0.0,0.0,0.0,0.0,0.0,0.0,0.0,0.0,0.0,0.0,0.0,0.5,0.0,0.0,0.0,False,False,False,False,1,False,,0.0,0,,,,True,True,0.0,0.010000000000000009,True,0.0,0.0,False,False,False,False,False,False,1.0,False,False,False,0.0,0.0,0.0,0.0
0.6500000000000004,1786138337.6575327,0.0025858000153675675,0.0023601999855600297,0.01,READY,0,waiting for deadman,0.0,0.6500000000000004,65,0.0,0.0,0.0,0.0,0.0,0.0,1.0,0.0,0.0,0.0,0.0,0.0,0.0,1.0,-0.016000000000000007,-0.22496149868535165,0.2802328425555495,-0.1305261922200515,0.0,0.0,0.9914448613738105,-0.016000000000000007,-0.22496149868535165,0.2802328425555495,-0.1305261922200515,0.0,0.0,0.9914448613738105,-0.016000000000000007,-0.22496149868535165,0.2802328425555495,-0.1305261922200515,0.0,0.0,0.9914448613738105,-0.016000000000000007,-0.22496149868535165,0.2802328425555495,-0.1305261922200515,0.0,0.0,0.9914448613738105,-0.016000000000000007,-0.22496149868535165,0.2802328425555495,-0.1305261922200515,0.0,0.0,0.9914448613738105,0.0,-0.5235987755982988,0.7853981633974483,0.0,0.5235987755982988,0.0,0.0,-0.5235987755982988,0.7853981633974483,0.0,0.5235987755982988,0.0,0.0,-0.5235987755982988,0.7853981633974483,0.0,0.5235987755982988,0.0,0.0,0.0,0.0,0.0,0.0,0.0,0.0,0.0,0.0,0.0,0.0,0.0,0.5,0.0,0.0,0.0,False,False,False,False,1,False,,0.0,0,,,,True,True,0.0,0.010000000000000009,True,0.0,0.0,False,False,False,False,False,False,1.0,False,False,False,0.0,0.0,0.0,0.0
0.6600000000000004,1786138337.6600056,0.0025449999957345426,0.0022880999895278364,0.01,READY,0,waiting for deadman,0.0,0.6600000000000004,66,0.0,0.0,0.0,0.0,0.0,0.0,1.0,0.0,0.0,0.0,0.0,0.0,0.0,1.0,-0.016000000000000007,-0.22496149868535165,0.2802328425555495,-0.1305261922200515,0.0,0.0,0.9914448613738105,-0.016000000000000007,-0.22496149868535165,0.2802328425555495,-0.1305261922200515,0.0,0.0,0.9914448613738105,-0.016000000000000007,-0.22496149868535165,0.2802328425555495,-0.1305261922200515,0.0,0.0,0.9914448613738105,-0.016000000000000007,-0.22496149868535165,0.2802328425555495,-0.1305261922200515,0.0,0.0,0.9914448613738105,-0.016000000000000007,-0.22496149868535165,0.2802328425555495,-0.1305261922200515,0.0,0.0,0.9914448613738105,0.0,-0.5235987755982988,0.7853981633974483,0.0,0.5235987755982988,0.0,0.0,-0.5235987755982988,0.7853981633974483,0.0,0.5235987755982988,0.0,0.0,-0.5235987755982988,0.7853981633974483,0.0,0.5235987755982988,0.0,0.0,0.0,0.0,0.0,0.0,0.0,0.0,0.0,0.0,0.0,0.0,0.0,0.5,0.0,0.0,0.0,False,False,False,False,1,False,,0.0,0,,,,True,True,0.0,0.010000000000000009,True,0.0,0.0,False,False,False,False,False,False,1.0,False,False,False,0.0,0.0,0.0,0.0
0.6700000000000004,1786138337.6632285,0.0024689999991096556,0.003041899995878339,0.01,READY,0,waiting for deadman,0.0,0.6700000000000004,67,0.0,0.0,0.0,0.0,0.0,0.0,1.0,0.0,0.0,0.0,0.0,0.0,0.0,1.0,-0.016000000000000007,-0.22496149868535165,0.2802328425555495,-0.1305261922200515,0.0,0.0,0.9914448613738105,-0.016000000000000007,-0.22496149868535165,0.2802328425555495,-0.1305261922200515,0.0,0.0,0.9914448613738105,-0.016000000000000007,-0.22496149868535165,0.2802328425555495,-0.1305261922200515,0.0,0.0,0.9914448613738105,-0.016000000000000007,-0.22496149868535165,0.2802328425555495,-0.1305261922200515,0.0,0.0,0.9914448613738105,-0.016000000000000007,-0.22496149868535165,0.2802328425555495,-0.1305261922200515,0.0,0.0,0.9914448613738105,0.0,-0.5235987755982988,0.7853981633974483,0.0,0.5235987755982988,0.0,0.0,-0.5235987755982988,0.7853981633974483,0.0,0.5235987755982988,0.0,0.0,-0.5235987755982988,0.7853981633974483,0.0,0.5235987755982988,0.0,0.0,0.0,0.0,0.0,0.0,0.0,0.0,0.0,0.0,0.0,0.0,0.0,0.5,0.0,0.0,0.0,False,False,False,False,1,False,,0.0,0,,,,True,True,0.0,0.010000000000000009,True,0.0,0.0,False,False,False,False,False,False,1.0,False,False,False,0.0,0.0,0.0,0.0
0.6800000000000004,1786138337.6659052,0.0032833000004757196,0.002435000002151355,0.01,READY,0,waiting for deadman,0.0,0.6800000000000004,68,0.0,0.0,0.0,0.0,0.0,0.0,1.0,0.0,0.0,0.0,0.0,0.0,0.0,1.0,-0.016000000000000007,-0.22496149868535165,0.2802328425555495,-0.1305261922200515,0.0,0.0,0.9914448613738105,-0.016000000000000007,-0.22496149868535165,0.2802328425555495,-0.1305261922200515,0.0,0.0,0.9914448613738105,-0.016000000000000007,-0.22496149868535165,0.2802328425555495,-0.1305261922200515,0.0,0.0,0.9914448613738105,-0.016000000000000007,-0.22496149868535165,0.2802328425555495,-0.1305261922200515,0.0,0.0,0.9914448613738105,-0.016000000000000007,-0.22496149868535165,0.2802328425555495,-0.1305261922200515,0.0,0.0,0.9914448613738105,0.0,-0.5235987755982988,0.7853981633974483,0.0,0.5235987755982988,0.0,0.0,-0.5235987755982988,0.7853981633974483,0.0,0.5235987755982988,0.0,0.0,-0.5235987755982988,0.7853981633974483,0.0,0.5235987755982988,0.0,0.0,0.0,0.0,0.0,0.0,0.0,0.0,0.0,0.0,0.0,0.0,0.0,0.5,0.0,0.0,0.0,False,False,False,False,1,False,,0.0,0,,,,True,True,0.0,0.010000000000000009,True,0.0,0.0,False,False,False,False,False,False,1.0,False,False,False,0.0,0.0,0.0,0.0
0.6900000000000004,1786138337.6684294,0.0026252999959979206,0.0023338999890256673,0.01,READY,0,waiting for deadman,0.0,0.6900000000000004,69,0.0,0.0,0.0,0.0,0.0,0.0,1.0,0.0,0.0,0.0,0.0,0.0,0.0,1.0,-0.016000000000000007,-0.22496149868535165,0.2802328425555495,-0.1305261922200515,0.0,0.0,0.9914448613738105,-0.016000000000000007,-0.22496149868535165,0.2802328425555495,-0.1305261922200515,0.0,0.0,0.9914448613738105,-0.016000000000000007,-0.22496149868535165,0.2802328425555495,-0.1305261922200515,0.0,0.0,0.9914448613738105,-0.016000000000000007,-0.22496149868535165,0.2802328425555495,-0.1305261922200515,0.0,0.0,0.9914448613738105,-0.016000000000000007,-0.22496149868535165,0.2802328425555495,-0.1305261922200515,0.0,0.0,0.9914448613738105,0.0,-0.5235987755982988,0.7853981633974483,0.0,0.5235987755982988,0.0,0.0,-0.5235987755982988,0.7853981633974483,0.0,0.5235987755982988,0.0,0.0,-0.5235987755982988,0.7853981633974483,0.0,0.5235987755982988,0.0,0.0,0.0,0.0,0.0,0.0,0.0,0.0,0.0,0.0,0.0,0.0,0.0,0.5,0.0,0.0,0.0,False,False,False,False,1,False,,0.0,0,,,,True,True,0.0,0.010000000000000009,True,0.0,0.0,False,False,False,False,False,False,1.0,False,False,False,0.0,0.0,0.0,0.0
0.7000000000000004,1786138337.670918,0.002517699991585687,0.002305100002558902,0.01,READY,0,waiting for deadman,0.0,0.7000000000000004,70,0.0,0.0,0.0,0.0,0.0,0.0,1.0,0.0,0.0,0.0,0.0,0.0,0.0,1.0,-0.016000000000000007,-0.22496149868535165,0.2802328425555495,-0.1305261922200515,0.0,0.0,0.9914448613738105,-0.016000000000000007,-0.22496149868535165,0.2802328425555495,-0.1305261922200515,0.0,0.0,0.9914448613738105,-0.016000000000000007,-0.22496149868535165,0.2802328425555495,-0.1305261922200515,0.0,0.0,0.9914448613738105,-0.016000000000000007,-0.22496149868535165,0.2802328425555495,-0.1305261922200515,0.0,0.0,0.9914448613738105,-0.016000000000000007,-0.22496149868535165,0.2802328425555495,-0.1305261922200515,0.0,0.0,0.9914448613738105,0.0,-0.5235987755982988,0.7853981633974483,0.0,0.5235987755982988,0.0,0.0,-0.5235987755982988,0.7853981633974483,0.0,0.5235987755982988,0.0,0.0,-0.5235987755982988,0.7853981633974483,0.0,0.5235987755982988,0.0,0.0,0.0,0.0,0.0,0.0,0.0,0.0,0.0,0.0,0.0,0.0,0.0,0.5,0.0,0.0,0.0,False,False,False,False,1,False,,0.0,0,,,,True,True,0.0,0.010000000000000009,True,0.0,0.0,False,False,False,False,False,False,1.0,False,False,False,0.0,0.0,0.0,0.0
0.7100000000000004,1786138337.6735168,0.0025399000151082873,0.0023640999861527234,0.01,READY,0,waiting for deadman,0.0,0.7100000000000004,71,0.0,0.0,0.0,0.0,0.0,0.0,1.0,0.0,0.0,0.0,0.0,0.0,0.0,1.0,-0.016000000000000007,-0.22496149868535165,0.2802328425555495,-0.1305261922200515,0.0,0.0,0.9914448613738105,-0.016000000000000007,-0.22496149868535165,0.2802328425555495,-0.1305261922200515,0.0,0.0,0.9914448613738105,-0.016000000000000007,-0.22496149868535165,0.2802328425555495,-0.1305261922200515,0.0,0.0,0.9914448613738105,-0.016000000000000007,-0.22496149868535165,0.2802328425555495,-0.1305261922200515,0.0,0.0,0.9914448613738105,-0.016000000000000007,-0.22496149868535165,0.2802328425555495,-0.1305261922200515,0.0,0.0,0.9914448613738105,0.0,-0.5235987755982988,0.7853981633974483,0.0,0.5235987755982988,0.0,0.0,-0.5235987755982988,0.7853981633974483,0.0,0.5235987755982988,0.0,0.0,-0.5235987755982988,0.7853981633974483,0.0,0.5235987755982988,0.0,0.0,0.0,0.0,0.0,0.0,0.0,0.0,0.0,0.0,0.0,0.0,0.0,0.5,0.0,0.0,0.0,False,False,False,False,1,False,,0.0,0,,,,True,True,0.0,0.010000000000000009,True,0.0,0.0,False,False,False,False,False,False,1.0,False,False,False,0.0,0.0,0.0,0.0
0.7200000000000004,1786138337.6760013,0.0025502000062260777,0.002298300008988008,0.01,READY,0,waiting for deadman,0.0,0.7200000000000004,72,0.0,0.0,0.0,0.0,0.0,0.0,1.0,0.0,0.0,0.0,0.0,0.0,0.0,1.0,-0.016000000000000007,-0.22496149868535165,0.2802328425555495,-0.1305261922200515,0.0,0.0,0.9914448613738105,-0.016000000000000007,-0.22496149868535165,0.2802328425555495,-0.1305261922200515,0.0,0.0,0.9914448613738105,-0.016000000000000007,-0.22496149868535165,0.2802328425555495,-0.1305261922200515,0.0,0.0,0.9914448613738105,-0.016000000000000007,-0.22496149868535165,0.2802328425555495,-0.1305261922200515,0.0,0.0,0.9914448613738105,-0.016000000000000007,-0.22496149868535165,0.2802328425555495,-0.1305261922200515,0.0,0.0,0.9914448613738105,0.0,-0.5235987755982988,0.7853981633974483,0.0,0.5235987755982988,0.0,0.0,-0.5235987755982988,0.7853981633974483,0.0,0.5235987755982988,0.0,0.0,-0.5235987755982988,0.7853981633974483,0.0,0.5235987755982988,0.0,0.0,0.0,0.0,0.0,0.0,0.0,0.0,0.0,0.0,0.0,0.0,0.0,0.5,0.0,0.0,0.0,False,False,False,False,1,False,,0.0,0,,,,True,True,0.0,0.010000000000000009,True,0.0,0.0,False,False,False,False,False,False,1.0,False,False,False,0.0,0.0,0.0,0.0
0.7300000000000004,1786138337.679317,0.0024831999908201396,0.003131199977360666,0.01,READY,0,waiting for deadman,0.0,0.7300000000000004,73,0.0,0.0,0.0,0.0,0.0,0.0,1.0,0.0,0.0,0.0,0.0,0.0,0.0,1.0,-0.016000000000000007,-0.22496149868535165,0.2802328425555495,-0.1305261922200515,0.0,0.0,0.9914448613738105,-0.016000000000000007,-0.22496149868535165,0.2802328425555495,-0.1305261922200515,0.0,0.0,0.9914448613738105,-0.016000000000000007,-0.22496149868535165,0.2802328425555495,-0.1305261922200515,0.0,0.0,0.9914448613738105,-0.016000000000000007,-0.22496149868535165,0.2802328425555495,-0.1305261922200515,0.0,0.0,0.9914448613738105,-0.016000000000000007,-0.22496149868535165,0.2802328425555495,-0.1305261922200515,0.0,0.0,0.9914448613738105,0.0,-0.5235987755982988,0.7853981633974483,0.0,0.5235987755982988,0.0,0.0,-0.5235987755982988,0.7853981633974483,0.0,0.5235987755982988,0.0,0.0,-0.5235987755982988,0.7853981633974483,0.0,0.5235987755982988,0.0,0.0,0.0,0.0,0.0,0.0,0.0,0.0,0.0,0.0,0.0,0.0,0.0,0.5,0.0,0.0,0.0,False,False,False,False,1,False,,0.0,0,,,,True,True,0.0,0.010000000000000009,True,0.0,0.0,False,False,False,False,False,False,1.0,False,False,False,0.0,0.0,0.0,0.0
0.7400000000000004,1786138337.6819482,0.0033420999825466424,0.0024200000043492764,0.01,READY,0,waiting for deadman,0.0,0.7400000000000004,74,0.0,0.0,0.0,0.0,0.0,0.0,1.0,0.0,0.0,0.0,0.0,0.0,0.0,1.0,-0.016000000000000007,-0.22496149868535165,0.2802328425555495,-0.1305261922200515,0.0,0.0,0.9914448613738105,-0.016000000000000007,-0.22496149868535165,0.2802328425555495,-0.1305261922200515,0.0,0.0,0.9914448613738105,-0.016000000000000007,-0.22496149868535165,0.2802328425555495,-0.1305261922200515,0.0,0.0,0.9914448613738105,-0.016000000000000007,-0.22496149868535165,0.2802328425555495,-0.1305261922200515,0.0,0.0,0.9914448613738105,-0.016000000000000007,-0.22496149868535165,0.2802328425555495,-0.1305261922200515,0.0,0.0,0.9914448613738105,0.0,-0.5235987755982988,0.7853981633974483,0.0,0.5235987755982988,0.0,0.0,-0.5235987755982988,0.7853981633974483,0.0,0.5235987755982988,0.0,0.0,-0.5235987755982988,0.7853981633974483,0.0,0.5235987755982988,0.0,0.0,0.0,0.0,0.0,0.0,0.0,0.0,0.0,0.0,0.0,0.0,0.0,0.5,0.0,0.0,0.0,False,False,False,False,1,False,,0.0,0,,,,True,True,0.0,0.010000000000000009,True,0.0,0.0,False,False,False,False,False,False,1.0,False,False,False,0.0,0.0,0.0,0.0
0.7500000000000004,1786138337.684457,0.002605600020615384,0.0023230999941006303,0.01,READY,0,waiting for deadman,0.0,0.7500000000000004,75,0.0,0.0,0.0,0.0,0.0,0.0,1.0,0.0,0.0,0.0,0.0,0.0,0.0,1.0,-0.016000000000000007,-0.22496149868535165,0.2802328425555495,-0.1305261922200515,0.0,0.0,0.9914448613738105,-0.016000000000000007,-0.22496149868535165,0.2802328425555495,-0.1305261922200515,0.0,0.0,0.9914448613738105,-0.016000000000000007,-0.22496149868535165,0.2802328425555495,-0.1305261922200515,0.0,0.0,0.9914448613738105,-0.016000000000000007,-0.22496149868535165,0.2802328425555495,-0.1305261922200515,0.0,0.0,0.9914448613738105,-0.016000000000000007,-0.22496149868535165,0.2802328425555495,-0.1305261922200515,0.0,0.0,0.9914448613738105,0.0,-0.5235987755982988,0.7853981633974483,0.0,0.5235987755982988,0.0,0.0,-0.5235987755982988,0.7853981633974483,0.0,0.5235987755982988,0.0,0.0,-0.5235987755982988,0.7853981633974483,0.0,0.5235987755982988,0.0,0.0,0.0,0.0,0.0,0.0,0.0,0.0,0.0,0.0,0.0,0.0,0.0,0.5,0.0,0.0,0.0,False,False,False,False,1,False,,0.0,0,,,,True,True,0.0,0.010000000000000009,True,0.0,0.0,False,False,False,False,False,False,1.0,False,False,False,0.0,0.0,0.0,0.0
0.7600000000000005,1786138337.6869783,0.0025021999899763614,0.002342099993256852,0.01,READY,0,waiting for deadman,0.0,0.7600000000000005,76,0.0,0.0,0.0,0.0,0.0,0.0,1.0,0.0,0.0,0.0,0.0,0.0,0.0,1.0,-0.016000000000000007,-0.22496149868535165,0.2802328425555495,-0.1305261922200515,0.0,0.0,0.9914448613738105,-0.016000000000000007,-0.22496149868535165,0.2802328425555495,-0.1305261922200515,0.0,0.0,0.9914448613738105,-0.016000000000000007,-0.22496149868535165,0.2802328425555495,-0.1305261922200515,0.0,0.0,0.9914448613738105,-0.016000000000000007,-0.22496149868535165,0.2802328425555495,-0.1305261922200515,0.0,0.0,0.9914448613738105,-0.016000000000000007,-0.22496149868535165,0.2802328425555495,-0.1305261922200515,0.0,0.0,0.9914448613738105,0.0,-0.5235987755982988,0.7853981633974483,0.0,0.5235987755982988,0.0,0.0,-0.5235987755982988,0.7853981633974483,0.0,0.5235987755982988,0.0,0.0,-0.5235987755982988,0.7853981633974483,0.0,0.5235987755982988,0.0,0.0,0.0,0.0,0.0,0.0,0.0,0.0,0.0,0.0,0.0,0.0,0.0,0.5,0.0,0.0,0.0,False,False,False,False,1,False,,0.0,0,,,,True,True,0.0,0.010000000000000009,True,0.0,0.0,False,False,False,False,False,False,1.0,False,False,False,0.0,0.0,0.0,0.0
0.7700000000000005,1786138337.6895466,0.002525199990486726,0.0023852000012993813,0.01,READY,0,waiting for deadman,0.0,0.7700000000000005,77,0.0,0.0,0.0,0.0,0.0,0.0,1.0,0.0,0.0,0.0,0.0,0.0,0.0,1.0,-0.016000000000000007,-0.22496149868535165,0.2802328425555495,-0.1305261922200515,0.0,0.0,0.9914448613738105,-0.016000000000000007,-0.22496149868535165,0.2802328425555495,-0.1305261922200515,0.0,0.0,0.9914448613738105,-0.016000000000000007,-0.22496149868535165,0.2802328425555495,-0.1305261922200515,0.0,0.0,0.9914448613738105,-0.016000000000000007,-0.22496149868535165,0.2802328425555495,-0.1305261922200515,0.0,0.0,0.9914448613738105,-0.016000000000000007,-0.22496149868535165,0.2802328425555495,-0.1305261922200515,0.0,0.0,0.9914448613738105,0.0,-0.5235987755982988,0.7853981633974483,0.0,0.5235987755982988,0.0,0.0,-0.5235987755982988,0.7853981633974483,0.0,0.5235987755982988,0.0,0.0,-0.5235987755982988,0.7853981633974483,0.0,0.5235987755982988,0.0,0.0,0.0,0.0,0.0,0.0,0.0,0.0,0.0,0.0,0.0,0.0,0.0,0.5,0.0,0.0,0.0,False,False,False,False,1,False,,0.0,0,,,,True,True,0.0,0.010000000000000009,True,0.0,0.0,False,False,False,False,False,False,1.0,False,False,False,0.0,0.0,0.0,0.0
0.7800000000000005,1786138337.692135,0.0026313000125810504,0.0023424999963026494,0.01,READY,0,waiting for deadman,0.0,0.7800000000000005,78,0.0,0.0,0.0,0.0,0.0,0.0,1.0,0.0,0.0,0.0,0.0,0.0,0.0,1.0,-0.016000000000000007,-0.22496149868535165,0.2802328425555495,-0.1305261922200515,0.0,0.0,0.9914448613738105,-0.016000000000000007,-0.22496149868535165,0.2802328425555495,-0.1305261922200515,0.0,0.0,0.9914448613738105,-0.016000000000000007,-0.22496149868535165,0.2802328425555495,-0.1305261922200515,0.0,0.0,0.9914448613738105,-0.016000000000000007,-0.22496149868535165,0.2802328425555495,-0.1305261922200515,0.0,0.0,0.9914448613738105,-0.016000000000000007,-0.22496149868535165,0.2802328425555495,-0.1305261922200515,0.0,0.0,0.9914448613738105,0.0,-0.5235987755982988,0.7853981633974483,0.0,0.5235987755982988,0.0,0.0,-0.5235987755982988,0.7853981633974483,0.0,0.5235987755982988,0.0,0.0,-0.5235987755982988,0.7853981633974483,0.0,0.5235987755982988,0.0,0.0,0.0,0.0,0.0,0.0,0.0,0.0,0.0,0.0,0.0,0.0,0.0,0.5,0.0,0.0,0.0,False,False,False,False,1,False,,0.0,0,,,,True,True,0.0,0.010000000000000009,True,0.0,0.0,False,False,False,False,False,False,1.0,False,False,False,0.0,0.0,0.0,0.0
0.7900000000000005,1786138337.6948893,0.002525699994293973,0.0025708999892231077,0.01,READY,0,waiting for deadman,0.0,0.7900000000000005,79,0.0,0.0,0.0,0.0,0.0,0.0,1.0,0.0,0.0,0.0,0.0,0.0,0.0,1.0,-0.016000000000000007,-0.22496149868535165,0.2802328425555495,-0.1305261922200515,0.0,0.0,0.9914448613738105,-0.016000000000000007,-0.22496149868535165,0.2802328425555495,-0.1305261922200515,0.0,0.0,0.9914448613738105,-0.016000000000000007,-0.22496149868535165,0.2802328425555495,-0.1305261922200515,0.0,0.0,0.9914448613738105,-0.016000000000000007,-0.22496149868535165,0.2802328425555495,-0.1305261922200515,0.0,0.0,0.9914448613738105,-0.016000000000000007,-0.22496149868535165,0.2802328425555495,-0.1305261922200515,0.0,0.0,0.9914448613738105,0.0,-0.5235987755982988,0.7853981633974483,0.0,0.5235987755982988,0.0,0.0,-0.5235987755982988,0.7853981633974483,0.0,0.5235987755982988,0.0,0.0,-0.5235987755982988,0.7853981633974483,0.0,0.5235987755982988,0.0,0.0,0.0,0.0,0.0,0.0,0.0,0.0,0.0,0.0,0.0,0.0,0.0,0.5,0.0,0.0,0.0,False,False,False,False,1,False,,0.0,0,,,,True,True,0.0,0.010000000000000009,True,0.0,0.0,False,False,False,False,False,False,1.0,False,False,False,0.0,0.0,0.0,0.0
0.8000000000000005,1786138337.697446,0.0027661999920383096,0.002361499995458871,0.01,READY,0,waiting for deadman,0.0,0.8000000000000005,80,0.0,0.0,0.0,0.0,0.0,0.0,1.0,0.0,0.0,0.0,0.0,0.0,0.0,1.0,-0.016000000000000007,-0.22496149868535165,0.2802328425555495,-0.1305261922200515,0.0,0.0,0.9914448613738105,-0.016000000000000007,-0.22496149868535165,0.2802328425555495,-0.1305261922200515,0.0,0.0,0.9914448613738105,-0.016000000000000007,-0.22496149868535165,0.2802328425555495,-0.1305261922200515,0.0,0.0,0.9914448613738105,-0.016000000000000007,-0.22496149868535165,0.2802328425555495,-0.1305261922200515,0.0,0.0,0.9914448613738105,-0.016000000000000007,-0.22496149868535165,0.2802328425555495,-0.1305261922200515,0.0,0.0,0.9914448613738105,0.0,-0.5235987755982988,0.7853981633974483,0.0,0.5235987755982988,0.0,0.0,-0.5235987755982988,0.7853981633974483,0.0,0.5235987755982988,0.0,0.0,-0.5235987755982988,0.7853981633974483,0.0,0.5235987755982988,0.0,0.0,0.0,0.0,0.0,0.0,0.0,0.0,0.0,0.0,0.0,0.0,0.0,0.5,0.0,0.0,0.0,False,False,False,False,1,False,,0.0,0,,,,True,True,0.0,0.010000000000000009,True,0.0,0.0,False,False,False,False,False,False,1.0,False,False,False,0.0,0.0,0.0,0.0
0.8100000000000005,1786138337.6999495,0.0025496000016573817,0.0023154999944381416,0.01,READY,0,waiting for deadman,0.0,0.8100000000000005,81,0.0,0.0,0.0,0.0,0.0,0.0,1.0,0.0,0.0,0.0,0.0,0.0,0.0,1.0,-0.016000000000000007,-0.22496149868535165,0.2802328425555495,-0.1305261922200515,0.0,0.0,0.9914448613738105,-0.016000000000000007,-0.22496149868535165,0.2802328425555495,-0.1305261922200515,0.0,0.0,0.9914448613738105,-0.016000000000000007,-0.22496149868535165,0.2802328425555495,-0.1305261922200515,0.0,0.0,0.9914448613738105,-0.016000000000000007,-0.22496149868535165,0.2802328425555495,-0.1305261922200515,0.0,0.0,0.9914448613738105,-0.016000000000000007,-0.22496149868535165,0.2802328425555495,-0.1305261922200515,0.0,0.0,0.9914448613738105,0.0,-0.5235987755982988,0.7853981633974483,0.0,0.5235987755982988,0.0,0.0,-0.5235987755982988,0.7853981633974483,0.0,0.5235987755982988,0.0,0.0,-0.5235987755982988,0.7853981633974483,0.0,0.5235987755982988,0.0,0.0,0.0,0.0,0.0,0.0,0.0,0.0,0.0,0.0,0.0,0.0,0.0,0.5,0.0,0.0,0.0,False,False,False,False,1,False,,0.0,0,,,,True,True,0.0,0.010000000000000009,True,0.0,0.0,False,False,False,False,False,False,1.0,False,False,False,0.0,0.0,0.0,0.0
0.8200000000000005,1786138337.7024555,0.002494600019417703,0.002326999994693324,0.01,READY,0,waiting for deadman,0.0,0.8200000000000005,82,0.0,0.0,0.0,0.0,0.0,0.0,1.0,0.0,0.0,0.0,0.0,0.0,0.0,1.0,-0.016000000000000007,-0.22496149868535165,0.2802328425555495,-0.1305261922200515,0.0,0.0,0.9914448613738105,-0.016000000000000007,-0.22496149868535165,0.2802328425555495,-0.1305261922200515,0.0,0.0,0.9914448613738105,-0.016000000000000007,-0.22496149868535165,0.2802328425555495,-0.1305261922200515,0.0,0.0,0.9914448613738105,-0.016000000000000007,-0.22496149868535165,0.2802328425555495,-0.1305261922200515,0.0,0.0,0.9914448613738105,-0.016000000000000007,-0.22496149868535165,0.2802328425555495,-0.1305261922200515,0.0,0.0,0.9914448613738105,0.0,-0.5235987755982988,0.7853981633974483,0.0,0.5235987755982988,0.0,0.0,-0.5235987755982988,0.7853981633974483,0.0,0.5235987755982988,0.0,0.0,-0.5235987755982988,0.7853981633974483,0.0,0.5235987755982988,0.0,0.0,0.0,0.0,0.0,0.0,0.0,0.0,0.0,0.0,0.0,0.0,0.0,0.5,0.0,0.0,0.0,False,False,False,False,1,False,,0.0,0,,,,True,True,0.0,0.010000000000000009,True,0.0,0.0,False,False,False,False,False,False,1.0,False,False,False,0.0,0.0,0.0,0.0
0.8300000000000005,1786138337.7050245,0.0025203999830409884,0.0023753000132273883,0.01,READY,0,waiting for deadman,0.0,0.8300000000000005,83,0.0,0.0,0.0,0.0,0.0,0.0,1.0,0.0,0.0,0.0,0.0,0.0,0.0,1.0,-0.016000000000000007,-0.22496149868535165,0.2802328425555495,-0.1305261922200515,0.0,0.0,0.9914448613738105,-0.016000000000000007,-0.22496149868535165,0.2802328425555495,-0.1305261922200515,0.0,0.0,0.9914448613738105,-0.016000000000000007,-0.22496149868535165,0.2802328425555495,-0.1305261922200515,0.0,0.0,0.9914448613738105,-0.016000000000000007,-0.22496149868535165,0.2802328425555495,-0.1305261922200515,0.0,0.0,0.9914448613738105,-0.016000000000000007,-0.22496149868535165,0.2802328425555495,-0.1305261922200515,0.0,0.0,0.9914448613738105,0.0,-0.5235987755982988,0.7853981633974483,0.0,0.5235987755982988,0.0,0.0,-0.5235987755982988,0.7853981633974483,0.0,0.5235987755982988,0.0,0.0,-0.5235987755982988,0.7853981633974483,0.0,0.5235987755982988,0.0,0.0,0.0,0.0,0.0,0.0,0.0,0.0,0.0,0.0,0.0,0.0,0.0,0.5,0.0,0.0,0.0,False,False,False,False,1,False,,0.0,0,,,,True,True,0.0,0.010000000000000009,True,0.0,0.0,False,False,False,False,False,False,1.0,False,False,False,0.0,0.0,0.0,0.0
0.8400000000000005,1786138337.7075675,0.0025576000043656677,0.0023606999893672764,0.01,READY,0,waiting for deadman,0.0,0.8400000000000005,84,0.0,0.0,0.0,0.0,0.0,0.0,1.0,0.0,0.0,0.0,0.0,0.0,0.0,1.0,-0.016000000000000007,-0.22496149868535165,0.2802328425555495,-0.1305261922200515,0.0,0.0,0.9914448613738105,-0.016000000000000007,-0.22496149868535165,0.2802328425555495,-0.1305261922200515,0.0,0.0,0.9914448613738105,-0.016000000000000007,-0.22496149868535165,0.2802328425555495,-0.1305261922200515,0.0,0.0,0.9914448613738105,-0.016000000000000007,-0.22496149868535165,0.2802328425555495,-0.1305261922200515,0.0,0.0,0.9914448613738105,-0.016000000000000007,-0.22496149868535165,0.2802328425555495,-0.1305261922200515,0.0,0.0,0.9914448613738105,0.0,-0.5235987755982988,0.7853981633974483,0.0,0.5235987755982988,0.0,0.0,-0.5235987755982988,0.7853981633974483,0.0,0.5235987755982988,0.0,0.0,-0.5235987755982988,0.7853981633974483,0.0,0.5235987755982988,0.0,0.0,0.0,0.0,0.0,0.0,0.0,0.0,0.0,0.0,0.0,0.0,0.0,0.5,0.0,0.0,0.0,False,False,False,False,1,False,,0.0,0,,,,True,True,0.0,0.010000000000000009,True,0.0,0.0,False,False,False,False,False,False,1.0,False,False,False,0.0,0.0,0.0,0.0
0.8500000000000005,1786138337.7104745,0.0026162000140175223,0.002660299971466884,0.01,READY,0,waiting for deadman,0.0,0.8500000000000005,85,0.0,0.0,0.0,0.0,0.0,0.0,1.0,0.0,0.0,0.0,0.0,0.0,0.0,1.0,-0.016000000000000007,-0.22496149868535165,0.2802328425555495,-0.1305261922200515,0.0,0.0,0.9914448613738105,-0.016000000000000007,-0.22496149868535165,0.2802328425555495,-0.1305261922200515,0.0,0.0,0.9914448613738105,-0.016000000000000007,-0.22496149868535165,0.2802328425555495,-0.1305261922200515,0.0,0.0,0.9914448613738105,-0.016000000000000007,-0.22496149868535165,0.2802328425555495,-0.1305261922200515,0.0,0.0,0.9914448613738105,-0.016000000000000007,-0.22496149868535165,0.2802328425555495,-0.1305261922200515,0.0,0.0,0.9914448613738105,0.0,-0.5235987755982988,0.7853981633974483,0.0,0.5235987755982988,0.0,0.0,-0.5235987755982988,0.7853981633974483,0.0,0.5235987755982988,0.0,0.0,-0.5235987755982988,0.7853981633974483,0.0,0.5235987755982988,0.0,0.0,0.0,0.0,0.0,0.0,0.0,0.0,0.0,0.0,0.0,0.0,0.0,0.5,0.0,0.0,0.0,False,False,False,False,1,False,,0.0,0,,,,True,True,0.0,0.010000000000000009,True,0.0,0.0,False,False,False,False,False,False,1.0,False,False,False,0.0,0.0,0.0,0.0
0.8600000000000005,1786138337.713142,0.0028600999794434756,0.002458900009514764,0.01,READY,0,waiting for deadman,0.0,0.8600000000000005,86,0.0,0.0,0.0,0.0,0.0,0.0,1.0,0.0,0.0,0.0,0.0,0.0,0.0,1.0,-0.016000000000000007,-0.22496149868535165,0.2802328425555495,-0.1305261922200515,0.0,0.0,0.9914448613738105,-0.016000000000000007,-0.22496149868535165,0.2802328425555495,-0.1305261922200515,0.0,0.0,0.9914448613738105,-0.016000000000000007,-0.22496149868535165,0.2802328425555495,-0.1305261922200515,0.0,0.0,0.9914448613738105,-0.016000000000000007,-0.22496149868535165,0.2802328425555495,-0.1305261922200515,0.0,0.0,0.9914448613738105,-0.016000000000000007,-0.22496149868535165,0.2802328425555495,-0.1305261922200515,0.0,0.0,0.9914448613738105,0.0,-0.5235987755982988,0.7853981633974483,0.0,0.5235987755982988,0.0,0.0,-0.5235987755982988,0.7853981633974483,0.0,0.5235987755982988,0.0,0.0,-0.5235987755982988,0.7853981633974483,0.0,0.5235987755982988,0.0,0.0,0.0,0.0,0.0,0.0,0.0,0.0,0.0,0.0,0.0,0.0,0.0,0.5,0.0,0.0,0.0,False,False,False,False,1,False,,0.0,0,,,,True,True,0.0,0.010000000000000009,True,0.0,0.0,False,False,False,False,False,False,1.0,False,False,False,0.0,0.0,0.0,0.0
0.8700000000000006,1786138337.7157598,0.0026459000073373318,0.0024311000015586615,0.01,READY,0,waiting for deadman,0.0,0.8700000000000006,87,0.0,0.0,0.0,0.0,0.0,0.0,1.0,0.0,0.0,0.0,0.0,0.0,0.0,1.0,-0.016000000000000007,-0.22496149868535165,0.2802328425555495,-0.1305261922200515,0.0,0.0,0.9914448613738105,-0.016000000000000007,-0.22496149868535165,0.2802328425555495,-0.1305261922200515,0.0,0.0,0.9914448613738105,-0.016000000000000007,-0.22496149868535165,0.2802328425555495,-0.1305261922200515,0.0,0.0,0.9914448613738105,-0.016000000000000007,-0.22496149868535165,0.2802328425555495,-0.1305261922200515,0.0,0.0,0.9914448613738105,-0.016000000000000007,-0.22496149868535165,0.2802328425555495,-0.1305261922200515,0.0,0.0,0.9914448613738105,0.0,-0.5235987755982988,0.7853981633974483,0.0,0.5235987755982988,0.0,0.0,-0.5235987755982988,0.7853981633974483,0.0,0.5235987755982988,0.0,0.0,-0.5235987755982988,0.7853981633974483,0.0,0.5235987755982988,0.0,0.0,0.0,0.0,0.0,0.0,0.0,0.0,0.0,0.0,0.0,0.0,0.0,0.5,0.0,0.0,0.0,False,False,False,False,1,False,,0.0,0,,,,True,True,0.0,0.010000000000000009,True,0.0,0.0,False,False,False,False,False,False,1.0,False,False,False,0.0,0.0,0.0,0.0
0.8800000000000006,1786138337.7183096,0.002625699999043718,0.002355000004172325,0.01,READY,0,waiting for deadman,0.0,0.8800000000000006,88,0.0,0.0,0.0,0.0,0.0,0.0,1.0,0.0,0.0,0.0,0.0,0.0,0.0,1.0,-0.016000000000000007,-0.22496149868535165,0.2802328425555495,-0.1305261922200515,0.0,0.0,0.9914448613738105,-0.016000000000000007,-0.22496149868535165,0.2802328425555495,-0.1305261922200515,0.0,0.0,0.9914448613738105,-0.016000000000000007,-0.22496149868535165,0.2802328425555495,-0.1305261922200515,0.0,0.0,0.9914448613738105,-0.016000000000000007,-0.22496149868535165,0.2802328425555495,-0.1305261922200515,0.0,0.0,0.9914448613738105,-0.016000000000000007,-0.22496149868535165,0.2802328425555495,-0.1305261922200515,0.0,0.0,0.9914448613738105,0.0,-0.5235987755982988,0.7853981633974483,0.0,0.5235987755982988,0.0,0.0,-0.5235987755982988,0.7853981633974483,0.0,0.5235987755982988,0.0,0.0,-0.5235987755982988,0.7853981633974483,0.0,0.5235987755982988,0.0,0.0,0.0,0.0,0.0,0.0,0.0,0.0,0.0,0.0,0.0,0.0,0.0,0.5,0.0,0.0,0.0,False,False,False,False,1,False,,0.0,0,,,,True,True,0.0,0.010000000000000009,True,0.0,0.0,False,False,False,False,False,False,1.0,False,False,False,0.0,0.0,0.0,0.0
0.8900000000000006,1786138337.720897,0.0025365000183228403,0.0024062000156845897,0.01,READY,0,waiting for deadman,0.0,0.8900000000000006,89,0.0,0.0,0.0,0.0,0.0,0.0,1.0,0.0,0.0,0.0,0.0,0.0,0.0,1.0,-0.016000000000000007,-0.22496149868535165,0.2802328425555495,-0.1305261922200515,0.0,0.0,0.9914448613738105,-0.016000000000000007,-0.22496149868535165,0.2802328425555495,-0.1305261922200515,0.0,0.0,0.9914448613738105,-0.016000000000000007,-0.22496149868535165,0.2802328425555495,-0.1305261922200515,0.0,0.0,0.9914448613738105,-0.016000000000000007,-0.22496149868535165,0.2802328425555495,-0.1305261922200515,0.0,0.0,0.9914448613738105,-0.016000000000000007,-0.22496149868535165,0.2802328425555495,-0.1305261922200515,0.0,0.0,0.9914448613738105,0.0,-0.5235987755982988,0.7853981633974483,0.0,0.5235987755982988,0.0,0.0,-0.5235987755982988,0.7853981633974483,0.0,0.5235987755982988,0.0,0.0,-0.5235987755982988,0.7853981633974483,0.0,0.5235987755982988,0.0,0.0,0.0,0.0,0.0,0.0,0.0,0.0,0.0,0.0,0.0,0.0,0.0,0.5,0.0,0.0,0.0,False,False,False,False,1,False,,0.0,0,,,,True,True,0.0,0.010000000000000009,True,0.0,0.0,False,False,False,False,False,False,1.0,False,False,False,0.0,0.0,0.0,0.0
0.9000000000000006,1786138337.7234657,0.0026037999778054655,0.0023706000065431,0.01,READY,0,waiting for deadman,0.0,0.9000000000000006,90,0.0,0.0,0.0,0.0,0.0,0.0,1.0,0.0,0.0,0.0,0.0,0.0,0.0,1.0,-0.016000000000000007,-0.22496149868535165,0.2802328425555495,-0.1305261922200515,0.0,0.0,0.9914448613738105,-0.016000000000000007,-0.22496149868535165,0.2802328425555495,-0.1305261922200515,0.0,0.0,0.9914448613738105,-0.016000000000000007,-0.22496149868535165,0.2802328425555495,-0.1305261922200515,0.0,0.0,0.9914448613738105,-0.016000000000000007,-0.22496149868535165,0.2802328425555495,-0.1305261922200515,0.0,0.0,0.9914448613738105,-0.016000000000000007,-0.22496149868535165,0.2802328425555495,-0.1305261922200515,0.0,0.0,0.9914448613738105,0.0,-0.5235987755982988,0.7853981633974483,0.0,0.5235987755982988,0.0,0.0,-0.5235987755982988,0.7853981633974483,0.0,0.5235987755982988,0.0,0.0,-0.5235987755982988,0.7853981633974483,0.0,0.5235987755982988,0.0,0.0,0.0,0.0,0.0,0.0,0.0,0.0,0.0,0.0,0.0,0.0,0.0,0.5,0.0,0.0,0.0,False,False,False,False,1,False,,0.0,0,,,,True,True,0.0,0.010000000000000009,True,0.0,0.0,False,False,False,False,False,False,1.0,False,False,False,0.0,0.0,0.0,0.0
0.9100000000000006,1786138337.7261472,0.0025545000098645687,0.002497799985576421,0.01,READY,0,waiting for deadman,0.0,0.9100000000000006,91,0.0,0.0,0.0,0.0,0.0,0.0,1.0,0.0,0.0,0.0,0.0,0.0,0.0,1.0,-0.016000000000000007,-0.22496149868535165,0.2802328425555495,-0.1305261922200515,0.0,0.0,0.9914448613738105,-0.016000000000000007,-0.22496149868535165,0.2802328425555495,-0.1305261922200515,0.0,0.0,0.9914448613738105,-0.016000000000000007,-0.22496149868535165,0.2802328425555495,-0.1305261922200515,0.0,0.0,0.9914448613738105,-0.016000000000000007,-0.22496149868535165,0.2802328425555495,-0.1305261922200515,0.0,0.0,0.9914448613738105,-0.016000000000000007,-0.22496149868535165,0.2802328425555495,-0.1305261922200515,0.0,0.0,0.9914448613738105,0.0,-0.5235987755982988,0.7853981633974483,0.0,0.5235987755982988,0.0,0.0,-0.5235987755982988,0.7853981633974483,0.0,0.5235987755982988,0.0,0.0,-0.5235987755982988,0.7853981633974483,0.0,0.5235987755982988,0.0,0.0,0.0,0.0,0.0,0.0,0.0,0.0,0.0,0.0,0.0,0.0,0.0,0.5,0.0,0.0,0.0,False,False,False,False,1,False,,0.0,0,,,,True,True,0.0,0.010000000000000009,True,0.0,0.0,False,False,False,False,False,False,1.0,False,False,False,0.0,0.0,0.0,0.0
0.9200000000000006,1786138337.7287583,0.0027295000036247075,0.00237939998623915,0.01,READY,0,waiting for deadman,0.0,0.9200000000000006,92,0.0,0.0,0.0,0.0,0.0,0.0,1.0,0.0,0.0,0.0,0.0,0.0,0.0,1.0,-0.016000000000000007,-0.22496149868535165,0.2802328425555495,-0.1305261922200515,0.0,0.0,0.9914448613738105,-0.016000000000000007,-0.22496149868535165,0.2802328425555495,-0.1305261922200515,0.0,0.0,0.9914448613738105,-0.016000000000000007,-0.22496149868535165,0.2802328425555495,-0.1305261922200515,0.0,0.0,0.9914448613738105,-0.016000000000000007,-0.22496149868535165,0.2802328425555495,-0.1305261922200515,0.0,0.0,0.9914448613738105,-0.016000000000000007,-0.22496149868535165,0.2802328425555495,-0.1305261922200515,0.0,0.0,0.9914448613738105,0.0,-0.5235987755982988,0.7853981633974483,0.0,0.5235987755982988,0.0,0.0,-0.5235987755982988,0.7853981633974483,0.0,0.5235987755982988,0.0,0.0,-0.5235987755982988,0.7853981633974483,0.0,0.5235987755982988,0.0,0.0,0.0,0.0,0.0,0.0,0.0,0.0,0.0,0.0,0.0,0.0,0.0,0.5,0.0,0.0,0.0,False,False,False,False,1,False,,0.0,0,,,,True,True,0.0,0.010000000000000009,True,0.0,0.0,False,False,False,False,False,False,1.0,False,False,False,0.0,0.0,0.0,0.0
0.9300000000000006,1786138337.7312436,0.002562699984991923,0.0023018000065349042,0.01,READY,0,waiting for deadman,0.0,0.9300000000000006,93,0.0,0.0,0.0,0.0,0.0,0.0,1.0,0.0,0.0,0.0,0.0,0.0,0.0,1.0,-0.016000000000000007,-0.22496149868535165,0.2802328425555495,-0.1305261922200515,0.0,0.0,0.9914448613738105,-0.016000000000000007,-0.22496149868535165,0.2802328425555495,-0.1305261922200515,0.0,0.0,0.9914448613738105,-0.016000000000000007,-0.22496149868535165,0.2802328425555495,-0.1305261922200515,0.0,0.0,0.9914448613738105,-0.016000000000000007,-0.22496149868535165,0.2802328425555495,-0.1305261922200515,0.0,0.0,0.9914448613738105,-0.016000000000000007,-0.22496149868535165,0.2802328425555495,-0.1305261922200515,0.0,0.0,0.9914448613738105,0.0,-0.5235987755982988,0.7853981633974483,0.0,0.5235987755982988,0.0,0.0,-0.5235987755982988,0.7853981633974483,0.0,0.5235987755982988,0.0,0.0,-0.5235987755982988,0.7853981633974483,0.0,0.5235987755982988,0.0,0.0,0.0,0.0,0.0,0.0,0.0,0.0,0.0,0.0,0.0,0.0,0.0,0.5,0.0,0.0,0.0,False,False,False,False,1,False,,0.0,0,,,,True,True,0.0,0.010000000000000009,True,0.0,0.0,False,False,False,False,False,False,1.0,False,False,False,0.0,0.0,0.0,0.0
0.9400000000000006,1786138337.733762,0.0024932000087574124,0.0023271999962162226,0.01,READY,0,waiting for deadman,0.0,0.9400000000000006,94,0.0,0.0,0.0,0.0,0.0,0.0,1.0,0.0,0.0,0.0,0.0,0.0,0.0,1.0,-0.016000000000000007,-0.22496149868535165,0.2802328425555495,-0.1305261922200515,0.0,0.0,0.9914448613738105,-0.016000000000000007,-0.22496149868535165,0.2802328425555495,-0.1305261922200515,0.0,0.0,0.9914448613738105,-0.016000000000000007,-0.22496149868535165,0.2802328425555495,-0.1305261922200515,0.0,0.0,0.9914448613738105,-0.016000000000000007,-0.22496149868535165,0.2802328425555495,-0.1305261922200515,0.0,0.0,0.9914448613738105,-0.016000000000000007,-0.22496149868535165,0.2802328425555495,-0.1305261922200515,0.0,0.0,0.9914448613738105,0.0,-0.5235987755982988,0.7853981633974483,0.0,0.5235987755982988,0.0,0.0,-0.5235987755982988,0.7853981633974483,0.0,0.5235987755982988,0.0,0.0,-0.5235987755982988,0.7853981633974483,0.0,0.5235987755982988,0.0,0.0,0.0,0.0,0.0,0.0,0.0,0.0,0.0,0.0,0.0,0.0,0.0,0.5,0.0,0.0,0.0,False,False,False,False,1,False,,0.0,0,,,,True,True,0.0,0.010000000000000009,True,0.0,0.0,False,False,False,False,False,False,1.0,False,False,False,0.0,0.0,0.0,0.0
0.9500000000000006,1786138337.7362602,0.002505499986000359,0.0023197999980766326,0.01,READY,0,waiting for deadman,0.0,0.9500000000000006,95,0.0,0.0,0.0,0.0,0.0,0.0,1.0,0.0,0.0,0.0,0.0,0.0,0.0,1.0,-0.016000000000000007,-0.22496149868535165,0.2802328425555495,-0.1305261922200515,0.0,0.0,0.9914448613738105,-0.016000000000000007,-0.22496149868535165,0.2802328425555495,-0.1305261922200515,0.0,0.0,0.9914448613738105,-0.016000000000000007,-0.22496149868535165,0.2802328425555495,-0.1305261922200515,0.0,0.0,0.9914448613738105,-0.016000000000000007,-0.22496149868535165,0.2802328425555495,-0.1305261922200515,0.0,0.0,0.9914448613738105,-0.016000000000000007,-0.22496149868535165,0.2802328425555495,-0.1305261922200515,0.0,0.0,0.9914448613738105,0.0,-0.5235987755982988,0.7853981633974483,0.0,0.5235987755982988,0.0,0.0,-0.5235987755982988,0.7853981633974483,0.0,0.5235987755982988,0.0,0.0,-0.5235987755982988,0.7853981633974483,0.0,0.5235987755982988,0.0,0.0,0.0,0.0,0.0,0.0,0.0,0.0,0.0,0.0,0.0,0.0,0.0,0.5,0.0,0.0,0.0,False,False,False,False,1,False,,0.0,0,,,,True,True,0.0,0.010000000000000009,True,0.0,0.0,False,False,False,False,False,False,1.0,False,False,False,0.0,0.0,0.0,0.0
0.9600000000000006,1786138337.7388225,0.002521000016713515,0.0023609999916516244,0.01,READY,0,waiting for deadman,0.0,0.9600000000000006,96,0.0,0.0,0.0,0.0,0.0,0.0,1.0,0.0,0.0,0.0,0.0,0.0,0.0,1.0,-0.016000000000000007,-0.22496149868535165,0.2802328425555495,-0.1305261922200515,0.0,0.0,0.9914448613738105,-0.016000000000000007,-0.22496149868535165,0.2802328425555495,-0.1305261922200515,0.0,0.0,0.9914448613738105,-0.016000000000000007,-0.22496149868535165,0.2802328425555495,-0.1305261922200515,0.0,0.0,0.9914448613738105,-0.016000000000000007,-0.22496149868535165,0.2802328425555495,-0.1305261922200515,0.0,0.0,0.9914448613738105,-0.016000000000000007,-0.22496149868535165,0.2802328425555495,-0.1305261922200515,0.0,0.0,0.9914448613738105,0.0,-0.5235987755982988,0.7853981633974483,0.0,0.5235987755982988,0.0,0.0,-0.5235987755982988,0.7853981633974483,0.0,0.5235987755982988,0.0,0.0,-0.5235987755982988,0.7853981633974483,0.0,0.5235987755982988,0.0,0.0,0.0,0.0,0.0,0.0,0.0,0.0,0.0,0.0,0.0,0.0,0.0,0.5,0.0,0.0,0.0,False,False,False,False,1,False,,0.0,0,,,,True,True,0.0,0.010000000000000009,True,0.0,0.0,False,False,False,False,False,False,1.0,False,False,False,0.0,0.0,0.0,0.0
0.9700000000000006,1786138337.741803,0.002543200011132285,0.0027987000066787004,0.01,READY,0,waiting for deadman,0.0,0.9700000000000006,97,0.0,0.0,0.0,0.0,0.0,0.0,1.0,0.0,0.0,0.0,0.0,0.0,0.0,1.0,-0.016000000000000007,-0.22496149868535165,0.2802328425555495,-0.1305261922200515,0.0,0.0,0.9914448613738105,-0.016000000000000007,-0.22496149868535165,0.2802328425555495,-0.1305261922200515,0.0,0.0,0.9914448613738105,-0.016000000000000007,-0.22496149868535165,0.2802328425555495,-0.1305261922200515,0.0,0.0,0.9914448613738105,-0.016000000000000007,-0.22496149868535165,0.2802328425555495,-0.1305261922200515,0.0,0.0,0.9914448613738105,-0.016000000000000007,-0.22496149868535165,0.2802328425555495,-0.1305261922200515,0.0,0.0,0.9914448613738105,0.0,-0.5235987755982988,0.7853981633974483,0.0,0.5235987755982988,0.0,0.0,-0.5235987755982988,0.7853981633974483,0.0,0.5235987755982988,0.0,0.0,-0.5235987755982988,0.7853981633974483,0.0,0.5235987755982988,0.0,0.0,0.0,0.0,0.0,0.0,0.0,0.0,0.0,0.0,0.0,0.0,0.0,0.5,0.0,0.0,0.0,False,False,False,False,1,False,,0.0,0,,,,True,True,0.0,0.010000000000000009,True,0.0,0.0,False,False,False,False,False,False,1.0,False,False,False,0.0,0.0,0.0,0.0
0.9800000000000006,1786138337.744648,0.0030821999826002866,0.002561100001912564,0.01,READY,0,waiting for deadman,0.0,0.9800000000000006,98,0.0,0.0,0.0,0.0,0.0,0.0,1.0,0.0,0.0,0.0,0.0,0.0,0.0,1.0,-0.016000000000000007,-0.22496149868535165,0.2802328425555495,-0.1305261922200515,0.0,0.0,0.9914448613738105,-0.016000000000000007,-0.22496149868535165,0.2802328425555495,-0.1305261922200515,0.0,0.0,0.9914448613738105,-0.016000000000000007,-0.22496149868535165,0.2802328425555495,-0.1305261922200515,0.0,0.0,0.9914448613738105,-0.016000000000000007,-0.22496149868535165,0.2802328425555495,-0.1305261922200515,0.0,0.0,0.9914448613738105,-0.016000000000000007,-0.22496149868535165,0.2802328425555495,-0.1305261922200515,0.0,0.0,0.9914448613738105,0.0,-0.5235987755982988,0.7853981633974483,0.0,0.5235987755982988,0.0,0.0,-0.5235987755982988,0.7853981633974483,0.0,0.5235987755982988,0.0,0.0,-0.5235987755982988,0.7853981633974483,0.0,0.5235987755982988,0.0,0.0,0.0,0.0,0.0,0.0,0.0,0.0,0.0,0.0,0.0,0.0,0.0,0.5,0.0,0.0,0.0,False,False,False,False,1,False,,0.0,0,,,,True,True,0.0,0.010000000000000009,True,0.0,0.0,False,False,False,False,False,False,1.0,False,False,False,0.0,0.0,0.0,0.0
0.9900000000000007,1786138337.7471998,0.002780100010568276,0.0023326999798882753,0.01,READY,0,waiting for deadman,0.0,0.9900000000000007,99,0.0,0.0,0.0,0.0,0.0,0.0,1.0,0.0,0.0,0.0,0.0,0.0,0.0,1.0,-0.016000000000000007,-0.22496149868535165,0.2802328425555495,-0.1305261922200515,0.0,0.0,0.9914448613738105,-0.016000000000000007,-0.22496149868535165,0.2802328425555495,-0.1305261922200515,0.0,0.0,0.9914448613738105,-0.016000000000000007,-0.22496149868535165,0.2802328425555495,-0.1305261922200515,0.0,0.0,0.9914448613738105,-0.016000000000000007,-0.22496149868535165,0.2802328425555495,-0.1305261922200515,0.0,0.0,0.9914448613738105,-0.016000000000000007,-0.22496149868535165,0.2802328425555495,-0.1305261922200515,0.0,0.0,0.9914448613738105,0.0,-0.5235987755982988,0.7853981633974483,0.0,0.5235987755982988,0.0,0.0,-0.5235987755982988,0.7853981633974483,0.0,0.5235987755982988,0.0,0.0,-0.5235987755982988,0.7853981633974483,0.0,0.5235987755982988,0.0,0.0,0.0,0.0,0.0,0.0,0.0,0.0,0.0,0.0,0.0,0.0,0.0,0.5,0.0,0.0,0.0,False,False,False,False,1,False,,0.0,0,,,,True,True,0.0,0.010000000000000009,True,0.0,0.0,False,False,False,False,False,False,1.0,False,False,False,0.0,0.0,0.0,0.0
1.0000000000000007,1786138337.7522428,0.0025110999995376915,0.0048648999945726246,0.01,TELEOP,0,,0.0,1.0000000000000007,100,0.0,2.0927210988051792e-17,0.0,1.8262436750051972e-17,1.8262436750051972e-17,3.6524873500103944e-17,1.0,0.0,1.9657800413974617e-18,0.0,1.7154667046188069e-18,1.7154667046188069e-18,3.4309334092376137e-18,1.0,-0.016000000000000007,-0.22496149868535165,0.2802328425555495,-0.1305261922200515,0.0,0.0,0.9914448613738105,-0.016000000000000007,-0.22496149868535165,0.2802328425555495,-0.1305261922200515,0.0,0.0,0.9914448613738105,-0.016000000003234992,-0.2249614987478198,0.28023284266373977,-0.1305261922149475,2.7679866963934608e-14,2.1024262930809239e-13,0.9914448613744824,-0.016000000000022475,-0.22496149868578547,0.2802328425563008,-0.1305261922200161,1.9222125095716112e-16,1.4600183767394711e-15,0.9914448613738152,-0.016000000000022475,-0.22496149868578547,0.2802328425563008,-0.1305261922200161,1.9222125095716112e-16,1.4600183767394711e-15,0.9914448613738152,-3.5667778686604274e-11,-0.5235987750264068,0.7853981623071083,-6.975308495199925e-11,0.5235987750695548,-6.963944221540624e-11,-2.4769290754586304e-13,-0.5235987755943273,0.7853981633898764,-4.843964232777726e-13,0.523598775594627,-4.836072376069877e-13,-2.4769290754586304e-13,-0.5235987755943273,0.7853981633898764,-4.843964232777726e-13,0.523598775594627,-4.836072376069877e-13,-2.4769290754586304e-11,3.9714720709602447e-10,-7.571805065658628e-10,-4.843964232777726e-11,-3.6718336704488763e-10,-4.8360723760698774e-11,-2.4769290754586305e-09,3.9714720709602446e-08,-7.571805065658627e-08,-4.843964232777726e-09,-3.671833670448876e-08,-4.836072376069878e-09,0.5,0.0,0.0,0.5,True,False,True,False,1,True,True,0.0022687999880872667,2,1.2497148766328844e-10,1.0304791736750348e-11,`gtol` termination condition is satisfied.,True,True,0.0,0.010000000000000009,True,1.0827680974045961e-09,0.0,False,False,False,False,False,False,1.0,False,False,False,1.2410360445920237e-10,1.0233380522509007e-11,8.678832040892415e-13,7.14480705965632e-14
1.0100000000000007,1786138337.7593486,0.00512779998825863,0.006843100010883063,0.01,TELEOP,0,,0.0,1.0100000000000007,101,-9.869571931442335e-07,0.00031415719827796877,0.0,0.0002740034983134356,0.0002743041396696914,0.0005482325188607093,0.9999997745601882,-9.27090005097177e-08,2.951039432988384e-05,0.0,2.5739413196460116e-05,2.576765492381121e-05,5.150001156025379e-05,0.9999999980106297,-0.01600002781270016,-0.2249529472297435,0.2802305511999252,-0.13051343255065467,1.6134654744080752e-05,2.3848033983089115e-05,0.9914465407145208,-0.01600002781270016,-0.2249529472297435,0.2802305511999252,-0.13051343255065467,1.6134654744080752e-05,2.3848033983089115e-05,0.9914465407145208,-0.01600002765192068,-0.22495294739160676,0.28023055131933905,-0.13051343254882933,1.613465484381469e-05,2.384802254215687e-05,0.9914465407147613,-0.01600000019069492,-0.2249614393018213,0.2802328266501521,-0.13052610363142222,1.1203875041537679e-07,1.6564017210931133e-07,0.9914448730367006,-0.01600000019069492,-0.2249614393018213,0.2802328266501521,-0.13052610363142222,1.1203875041537679e-07,1.6564017210931133e-07,0.9914448730367006,-3.215131249580411e-05,-0.5236640579577017,0.785432225604979,-0.0001651275992838215,0.5235418218268194,-0.00012556164996820025,-2.2327347646773403e-07,-0.5235992289404324,0.7853983999260961,-1.1467203645335968e-06,0.5235983800789847,-8.719568261124345e-07,-2.2327347646773403e-07,-0.5235992289404324,0.7853983999260961,-1.1467203645335968e-06,0.5235983800789847,-8.719568261124345e-07,-2.232732287748265e-05,-4.533461051390077e-05,2.365362196134382e-05,-0.00011467198801371734,-3.955156422889619e-05,-8.719563425051969e-05,-0.0022327298108191893,-0.004533500766110786,0.0023654379141850386,-0.011467193957407501,-0.003955119704552914,-0.008719558588979593,0.5,0.0,0.0,0.5,True,False,True,False,1,True,True,0.0034426999918650836,4,2.5750617868928596e-10,2.3177117120602928e-11,`gtol` termination condition is satisfied.,True,True,0.0,0.010000000000000009,True,0.00016398087891928792,1.0827680974045961e-09,False,False,False,False,False,False,1.0,False,False,False,8.79149722854592e-06,6.263918727020539e-05,8.791684985547853e-06,6.263920296773777e-05
1.0200000000000007,1786138337.7655864,0.007083700009388849,0.005996599997160956,0.01,TELEOP,0,,0.0,1.0200000000000007,102,-3.947789809194413e-06,0.0006283019941676518,0.0,0.0005476952264013386,0.0005488977439900991,0.0010962926707530068,0.9999990984413865,-4.5483283406165983e-07,8.57584952184373e-05,0.0,7.477305867532101e-05,7.491161438662789e-05,0.00014965006862045763,0.9999999832010482,-0.016000136449850225,-0.2249366477817451,0.2802261837759969,-0.1304891249893236,4.6901994578643195e-05,6.929593217054688e-05,0.9914497371313371,-0.016000136449850225,-0.2249366477817451,0.2802261837759969,-0.1304891249893236,4.6901994578643195e-05,6.929593217054688e-05,0.9914497371313371,-0.016000136138838203,-0.2249366480336838,0.2802261839055482,-0.13048912499047058,4.690199474584069e-05,6.929591006498671e-05,0.9914497371311877,-0.01600000129810852,-0.2249612127018129,0.2802327659773051,-0.1305257657994166,5.396087222564686e-07,7.977904201550402e-07,0.9914449175125909,-0.01600000129810852,-0.2249612127018129,0.2802327659773051,-0.1305257657994166,5.396087222564686e-07,7.977904201550402e-07,0.9914449175125909,-9.405227152564459e-05,-0.5237884780241576,0.7854971338671433,-0.00048113102754254906,0.5234333198356615,-0.0003661300076414134,-1.0795308670750533e-06,-0.5236009587374436,0.7853993024033324,-5.531104610062225e-06,0.5235968712712895,-4.207764381848455e-06,-1.0795308670750533e-06,-0.5236009587374436,0.7853993024033324,-5.531104610062225e-06,0.5235968712712895,-4.207764381848455e-06,-8.562573906073192e-05,-0.00017297970111357288,9.024772363623331e-05,-0.0004384384245528628,-0.00015088076951759205,-0.0003335807555736021,-0.006329841618324927,-0.012764509059967209,0.006659410167488949,-0.032376643653914544,-0.011132920528869588,-0.02463851213230824,0.5,0.0,0.0,0.5,True,False,True,False,1,True,True,0.003276499977800995,4,4.2069600095547624e-10,4.427286126242827e-11,`gtol` termination condition is satisfied.,True,True,0.0,0.010000000000000009,True,0.00047559992293248684,0.00016398087891928792,False,False,False,False,False,False,1.0,False,False,False,2.543157035908186e-05,0.00018118764684080566,2.5431848890572342e-05,0.00018118768104147536
1.0300000000000007,1786138337.7717936,0.00620939998771064,0.005994700011797249,0.01,TELEOP,0,,0.0,1.0300000000000007,103,-8.882380959551739e-06,0.0009424219857704305,0.0,0.0008210641037846582,0.0008237695889811659,0.0016441584344447351,0.9999979719981658,-1.2464677315374822e-06,0.00016623078211632728,0.0,0.0001448839676494289,0.00014526367558684314,0.0002900528520580089,0.9999999368882198,-0.01600037394031947,-0.22491332870368053,0.2802199354478613,-0.13045436792687246,9.094021094812143e-05,0.00013430534974780657,0.9914543013073025,-0.016000303239836526,-0.2249202707510235,0.28022179556384064,-0.13045436792687246,9.094021094812143e-05,0.00013430534974780657,0.9914543013073025,-0.016000302790787558,-0.22492027101242543,0.2802217956588265,-0.13045436793060564,9.094021116027951e-05,0.00013430531787273804,0.9914543013068156,-0.016000004360742604,-0.2249607206630605,0.2802326343024633,-0.1305249609328998,1.5591173291675909e-06,2.305248233448519e-06,0.9914450234711555,-0.016000004360742604,-0.2249607206630605,0.2802326343024633,-0.1305249609328998,1.5591173291675909e-06,2.305248233448519e-06,0.9914450234711555,-0.00018274820863751985,-0.5239138810317772,0.7855526970837216,-0.0009336344700176622,0.5232935053572882,-0.00071068213479317,-3.126021515204296e-06,-0.5236047174561922,0.7854011949149685,-1.59952857615718e-05,0.5235933814898328,-1.2171659991351764e-05,-3.126021515204296e-06,-0.5236047174561922,0.7854011949149685,-1.59952857615718e-05,0.5235933814898328,-1.2171659991351764e-05,-0.00020464906481292426,-0.00037587187486351877,0.00018925116360342728,-0.0010464181151509577,-0.00034897814566978126,-0.0007963895609503309,-0.011902332575219233,-0.02028921737499459,0.009900343996719397,-0.060797969059809484,-0.019809737615218922,-0.046280880537672875,0.5,0.0,0.0,0.5,True,False,True,False,1,True,True,0.0032113000052049756,4,5.282028548518787e-10,6.419467370400276e-11,`gtol` termination condition is satisfied.,True,True,0.0,0.010000000000000009,True,0.0009176391842560904,0.00047559992293248684,False,False,False,False,False,False,1.0,False,False,False,4.1877672963968885e-05,0.00034918447046851316,4.187795323848175e-05,0.0003491845215200644
1.0400000000000007,1786138337.7783537,0.006295900006080046,0.00625829998170957,0.01,TELEOP,0,,0.0,1.0400000000000007,104,-1.5790535835003006e-05,0.001256504772166896,0.0,0.001094099098920593,0.0010989084039576885,0.0021918078147846174,0.9999963956564967,-2.612653255805529e-06,0.00026864857784823293,0.0,0.0002340620274216213,0.00023485789266302248,0.0004687213246751538,0.9999998351785152,-0.016000783795976747,-0.22488365030548982,0.2802119831450334,-0.13041015703972517,0.00014701453633579855,0.00021702813010441167,0.9914600961341768,-0.016000604627509213,-0.22489730371360916,0.28021564156471296,-0.13042262656366138,0.00013119917244469608,0.00019369675938584477,0.9914584629466726,-0.016000604215514514,-0.22489730404108646,0.2802156417111438,-0.13042262656676262,0.00013119917266555473,0.00019369673012430784,0.9914584629462703,-0.016000011244401407,-0.2249598292183985,0.28023239586434234,-0.1305235137685606,3.393496308311605e-06,5.01796262271645e-06,0.991445213976452,-0.016000011244401407,-0.2249598292183985,0.28023239586434234,-0.1305235137685606,3.393496308311605e-06,5.01796262271645e-06,0.991445213976452,-0.0002654652327745504,-0.5240890573076853,0.7856463845900488,-0.0013505370310521808,0.5231481934498662,-0.001028925384511852,-6.823771354179339e-06,-0.5236115264195693,0.7854046324233785,-3.485510282608481e-05,0.5235870909398866,-2.653268738701105e-05,-6.823771354179339e-06,-0.5236115264195693,0.7854046324233785,-3.485510282608481e-05,0.5235870909398866,-2.653268738701105e-05,-0.0003697749838975043,-0.0006808963377173218,0.00034375084099775866,-0.001885981706451301,-0.0006290549946185678,-0.0014361027395659285,-0.016512591908458,-0.030502446285380302,0.015449967739433138,-0.08395635913003432,-0.02800768489487866,-0.06397131786155977,0.5,0.0,0.0,0.5,True,False,True,False,1,True,True,0.003340600000228733,4,5.462810720488137e-10,5.885799283977017e-11,`gtol` termination condition is satisfied.,True,True,0.0,0.010000000000000009,True,0.001315681928226096,0.0009176391842560904,False,False,False,False,False,False,1.0,False,False,False,6.473369340646058e-05,0.0004991502027495899,6.473405138521959e-05,0.0004991502493168121
1.0500000000000007,1786138337.7844465,0.006527099991217256,0.005824499996379018,0.01,TELEOP,0,,0.0,1.0500000000000007,105,-2.4671981713425553e-05,0.0015705379539064368,0.0,0.0013667892297407832,0.0013743028721064138,0.00273921884370968,0.9999943699136228,-4.68477935019611e-06,0.0003909460063211836,0.0,0.00034048461868035397,0.0003419116359119974,0.0006820403204241224,0.9999996509937688,-0.016001405433805065,-0.22484821123209459,0.28020248727393665,-0.13035739495392681,0.0002140053488894836,0.0003157885010644991,0.9914669959510297,-0.016001066668586146,-0.2248689788326164,0.28020805193572523,-0.13037994771771358,0.00018537695461175703,0.00027357799613797864,0.991464048780182,-0.016001066110391714,-0.224868979224933,0.28020805207904415,-0.1303799477236152,0.0001853769548959163,0.0002735779565221191,0.9914640487794167,-0.016000024708879818,-0.22495838112358493,0.2802320087720411,-0.1305211927241959,6.337902159421742e-06,9.373086838408844e-06,0.9914455194925386,-0.016000024708879818,-0.22495838112358493,0.2802320087720411,-0.1305211927241959,6.337902159421742e-06,9.373086838408844e-06,0.9914455194925386,-0.00037739343194995823,-0.5243052090441958,0.7857585572180265,-0.001912896969333429,0.5229585198922182,-0.0014585479152320567,-1.2786775794043816e-05,-0.5236225852097806,0.7854102412838283,-6.518522587485607e-05,0.523576959525716,-4.96415126930671e-05,-1.2786775794043816e-05,-0.5236225852097806,0.7854102412838283,-6.518522587485607e-05,0.523576959525716,-4.96415126930671e-05,-0.0005963004439864477,-0.0011058790211203472,0.0005608860449756597,-0.003033012304877126,-0.0010131414170589975,-0.002310882530605605,-0.022652546008894336,-0.04249826834030253,0.0217135203977901,-0.11470305984258253,-0.03840864224404298,-0.08747797910396765,0.5,0.0,0.0,0.5,True,False,True,False,1,True,True,0.0031546999816782773,4,6.971611487475165e-10,8.012269234673847e-11,`gtol` termination condition is satisfied.,True,True,0.0,0.010000000000000009,True,0.0018477117434585728,0.001315681928226096,False,False,False,False,False,False,1.0,False,False,False,9.256190976328333e-05,0.0006990069569727287,9.25623320617934e-05,0.0006990070214274918
1.0600000000000007,1786138337.790767,0.006041100015863776,0.006103699997765943,0.01,TELEOP,0,,0.0,1.0600000000000007,106,-3.5526367970539766e-05,0.0018845091334967494,0.0,0.0016391235641815113,0.0016499416310707022,0.003286369581248361,0.9999918953379228,-7.581861208098967e-06,0.0005312500179875566,0.0,0.00046249906108359446,0.0004648084198690762,0.0009267317207992123,0.9999993556078269,-0.016002274558362437,-0.22480755425157442,0.28019159326883963,-0.13029689999684974,0.00029089738792696933,0.0004290669337724267,0.9914748857795074,-0.016001717298618476,-0.22483589247164726,0.2801991864720231,-0.1303290231854487,0.0002500824972748387,0.00036892442120343993,0.9914706990471492,-0.016001716627855708,-0.22483589292043946,0.28019918661736976,-0.13032902319348416,0.00025008249761163115,0.00036892437362374026,0.9914706990461106,-0.016000048500941094,-0.22495620302790825,0.28023142694916314,-0.13051773504500455,1.0728046232388943e-05,1.586832182114594e-05,0.9914459745603023,-0.016000048500941094,-0.22495620302790825,0.28023142694916314,-0.13051773504500455,1.0728046232388943e-05,1.586832182114594e-05,0.9914459745603023,-0.0005121647800770463,-0.5245576984734994,0.7858884748165887,-0.0025868931913049236,0.5227338810515172,-0.0019740596180604733,-2.172076600477377e-05,-0.52363921627625,0.7854187038054403,-0.0001104996995406052,0.5235618176844333,-8.41886171775588e-05,-2.172076600477377e-05,-0.52363921627625,0.7854187038054403,-0.0001104996995406052,0.5235618176844333,-8.41886171775588e-05,-0.0008933990210729955,-0.0016631066469428653,0.0008462521612002169,-0.004531447366574913,-0.0015141841282755005,-0.00345471044844917,-0.02970985770865478,-0.0557227625822518,0.02853661162245572,-0.14984350616977865,-0.0501042711216503,-0.11438279178435651,0.5,0.0,0.0,0.5,True,False,True,False,1,True,True,0.003434299986111,4,8.200382827959042e-10,9.653161981799273e-11,`gtol` termination condition is satisfied.,True,True,0.0,0.010000000000000009,True,0.0024763934917643184,0.0018477117434585728,False,False,False,False,False,False,1.0,False,False,False,0.00012456622174853124,0.0009341575802368294,0.00012456670180966098,0.0009341576584238852
1.0700000000000007,1786138337.7968097,0.006320799991954118,0.0058259000070393085,0.01,TELEOP,0,,0.0,1.0700000000000007,107,-4.8353266093764674e-05,0.002198405915893268,0.0,0.0019110912207058782,0.001925813273542703,0.003833238116519254,0.9999889725687598,-1.1411694382073437e-05,0.0006878622892665539,0.0,0.0005986066990609102,0.0006020823358522616,0.0011998228849947317,0.9999989197953792,-0.01600342350831463,-0.22476217150031177,0.2801794329972885,-0.13022941412327801,0.00037676997700793234,0.0005554855096020105,0.9914836605700271,-0.016002583751674918,-0.22479845524392464,0.2801891551970879,-0.13027105591689755,0.0003238092204018829,0.0004774950371808892,0.9914782494519861,-0.01600258298266098,-0.22479845574398957,0.28018915534578953,-0.13027105592677093,0.0003238092207870452,0.0004774949826591524,0.991478249450715,-0.016000087427209708,-0.22495311086973302,0.2802306015951258,-0.13051285971892768,1.692397564336692e-05,2.5038034695298815e-05,0.9914466160790825,-0.016000087427209708,-0.22495311086973302,0.2802306015951258,-0.13051285971892768,1.692397564336692e-05,2.5038034695298815e-05,0.9914466160790825,-0.0006671214814735261,-0.5248433535139377,0.7860350087436102,-0.0033579136926572255,0.5224788241574883,-0.002564559627151298,-3.439220644425368e-05,-0.5236628234846642,0.7854307410123219,-0.00017458945313085175,0.523540416874876,-0.00013308159496871607,-3.439220644425368e-05,-0.5236628234846642,0.7854307410123219,-0.00017458945313085175,0.523540416874876,-0.00013308159496871607,-0.0012671440439479906,-0.0023607208414252326,0.0012037206881626203,-0.006408975359024656,-0.0021400809557421776,-0.004889297779115725,-0.03737450228749951,-0.06976141944823672,0.03574685269624035,-0.18775279924497437,-0.06258968274666772,-0.1434587330666555,0.5,0.0,0.0,0.5,True,False,True,False,1,True,True,0.003166599984979257,4,9.292790428477746e-10,1.1084885035596929e-10,`gtol` termination condition is satisfied.,True,True,0.0,0.010000000000000009,True,0.003183324239526374,0.0024763934917643184,False,False,False,False,False,False,1.0,False,False,False,0.0001601319059393736,0.0011972728983018906,0.00016013243937544944,0.0011972729884339266
1.0800000000000007,1786138337.8031073,0.0060400000074878335,0.00608349998947233,0.01,TELEOP,0,,0.0,1.0800000000000007,108,-6.315216969912663e-05,0.0025122159089885007,0.0,0.0021826813688178904,0.0022019063478629784,0.004379802568725407,0.9999856023163216,-1.6271901384001433e-05,0.0008592428202658078,0.0,0.0007474484752269475,0.0007524039396961442,0.001498618031101021,0.9999983146751226,-0.016004881570415207,-0.2247125092360072,0.28016612603367375,-0.13015561009421275,0.00047078816079833025,0.0006937946547360788,0.991493224469279,-0.01600369205661912,-0.22475700097956555,0.2801780475604301,-0.1302068005229166,0.00040561714972024796,0.0005978865965311624,0.9914865945154938,-0.016003691197878533,-0.224757001526871,0.2801780477127943,-0.13020680053444425,0.0004056171501514675,0.0005978865356786242,0.9914865945140164,-0.016000147407826307,-0.22494891436409947,0.28022948239352247,-0.13050627629726957,2.5298983923750147e-05,3.743688332421632e-05,0.9914474821217016,-0.016000147407826307,-0.22494891436409947,0.28022948239352247,-0.13050627629726957,2.5298983923750147e-05,3.743688332421632e-05,0.9914474821217016,-0.0008407135130809364,-0.525159601317603,0.7861970248629442,-0.004217113895839578,0.52219639192532,-0.003223525429951503,-5.1607147032087225e-05,-0.5236948577162172,0.7854470965342594,-0.0002614114803296106,0.5235114659595208,-0.00019936157346465733,-5.1607147032087225e-05,-0.5236948577162172,0.7854470965342594,-0.0002614114803296106,0.5235114659595208,-0.00019936157346465733,-0.0017214940587833545,-0.003203423155291726,0.00163555219374787,-0.008682202719875885,-0.002895091535510877,-0.006627997849594128,-0.04543500148353639,-0.08427023138664934,0.043183150558524945,-0.22732273608512277,-0.07550105797686996,-0.17387000704784028,0.5,0.0,0.0,0.5,True,False,True,False,1,True,True,0.0031583999807480723,4,1.029656986223475e-09,1.2390780064369268e-10,`gtol` termination condition is satisfied.,True,True,0.0,0.010000000000000009,True,0.003955702415509967,0.003183324239526374,False,False,False,False,False,False,1.0,False,False,False,0.00019871744242170284,0.0014831874559126594,0.00019871802573891178,0.0014831875569135554
1.0900000000000007,1786138337.8097029,0.006359199993312359,0.006319999985862523,0.01,TELEOP,0,,0.0,1.0900000000000007,109,-7.99224945512489e-05,0.0028259267241012498,0.0,0.002453883229568406,0.0024782093586274982,0.004926041088144075,0.9999817853614477,-2.2250879970624483e-05,0.0010439950715887669,0.0,0.000907791852874995,0.0009145674591680444,0.0018206722935315742,0.9999975123132627,-0.016006675263991195,-0.22465897214470182,0.2801517808132934,-0.13007609797921899,0.0005721946706239249,0.000842861115040754,0.9915034901163486,-0.01600506692629306,-0.22471182246683868,0.2801659420144297,-0.1301368296651199,0.0004947956461042185,0.0007290355000419443,0.991495652662794,-0.016005065984022983,-0.22471182305793158,0.28016594217041296,-0.13013682967816373,0.0004947956465799736,0.0007290354333048025,0.9914956526611308,-0.016000235511854942,-0.22494342087518104,0.280228018544793,-0.13049769174073217,3.623096192295007e-05,5.3626963508636514e-05,0.9914486110040233,-0.016000235511854942,-0.22494342087518104,0.280228018544793,-0.13049769174073217,3.623096192295007e-05,5.3626963508636514e-05,0.9914486110040233,-0.0010318314220661086,-0.5255041871021631,0.7863734400870795,-0.005157971587290764,0.521888995896873,-0.003946194485481083,-7.41946222586709e-05,-0.5237367872158764,0.7854685220373744,-0.00037500222822681417,0.5234736604672324,-0.00028613789341938427,-7.41946222586709e-05,-0.5237367872158764,0.7854685220373744,-0.00037500222822681417,0.5234736604672324,-0.00028613789341938427,-0.0022587475226583677,-0.004192949965924299,0.0021425503115051134,-0.01135907478972036,-0.0037805492288348445,-0.008677631995472692,-0.05372534638750131,-0.09895268106325732,0.05069981177572433,-0.26768720698444765,-0.08854576933239675,-0.20496341458785633,0.5,0.0,0.0,0.5,True,False,True,False,1,True,True,0.0034448000078555197,4,1.1232072367541917e-09,1.3604380046626597e-10,`gtol` termination condition is satisfied.,True,True,0.0,0.010000000000000009,True,0.004782969359063949,0.003955702415509967,False,False,False,False,False,False,1.0,False,False,False,0.0002398215141980671,0.0017876158088105415,0.00023982214437815512,0.0017876159198901836
1.1000000000000008,1786138337.8159306,0.0065593000035732985,0.005988299992168322,0.01,TELEOP,0,,0.0,1.1000000000000008,110,-9.866357858642206e-05,0.0031395259764656924,0.0,0.0027246860760528862,0.0027547107673019373,0.005471931857111844,0.9999775225554456,-2.942866235096776e-05,0.0012408524959213146,0.0,0.0010785189618231056,0.0010874791980823911,0.002163768207272719,0.9999964861403203,-0.016008828598705296,-0.22460192724362396,0.28013649567811727,-0.12999143104635483,0.0006803026414881739,0.0010016570556511447,0.9915143779723922,-0.016006731748994554,-0.22466318557283424,0.2801529097979588,-0.13006162427828377,0.0005907492332109744,0.000870049137478429,0.9915053544585306,-0.01600673072824063,-0.2246631862046189,0.28015290995737957,-0.1300616242927285,0.0005907492337301237,0.0008700490652211345,0.991505354456699,-0.016000359975911885,-0.22493643879609673,0.28022615965584485,-0.1304868160287371,5.00952545458276e-05,7.416709631330435e-05,0.9914500405125767,-0.016000359975911885,-0.22493643879609673,0.28022615965584485,-0.1304868160287371,5.00952545458276e-05,7.416709631330435e-05,0.9914500405125767,-0.0012395804227863642,-0.5258750637283356,0.7865632310389447,-0.00617511857771021,0.5215587162723797,-0.004728675616293177,-0.00010299276483114825,-0.5237900717330116,0.7854957642277407,-0.0005194056662262189,0.5234257072090595,-0.0003965338097867297,-0.00010299276483114825,-0.5237900717330116,0.7854957642277407,-0.0005194056662262189,0.5234257072090595,-0.0003965338097867297,-0.0028798142572477353,-0.005328451713527299,0.0027242190366368203,-0.014440343799940466,-0.004795325817301885,-0.011039591636734547,-0.06210667345893675,-0.11355017476030003,0.05816687251317066,-0.3081269010220106,-0.10147765884670401,-0.23619596412618546,0.5,0.0,0.0,0.5,True,False,True,False,1,True,True,0.0032789999968372285,4,1.21099355651067e-09,1.474230816846151e-10,`gtol` termination condition is satisfied.,True,True,0.0,0.010000000000000009,True,0.005655712911483991,0.004782969359063949,False,False,False,False,False,False,1.0,False,False,False,0.00028297187768371035,0.0021067345167558134,0.00028297255201853677,0.002106734637265937
1.1100000000000008,1786138337.823394,0.006202299991855398,0.007249799993587658,0.01,TELEOP,0,,0.0,1.1100000000000008,111,-0.00011937468193873869,0.0034530012857203135,0.0,0.002995079233900889,0.003031398992843199,0.006017453091005039,0.9999728148198962,-3.78776936843278e-05,0.0014486663336057194,0.0,0.0012586158535259275,0.0012701470255153315,0.0025258943926386953,0.9999952112236259,-0.016011363308105306,-0.22454170741776006,0.2801203598244087,-0.12990211109760103,0.0007944890104868756,0.0011692501803974536,0.9915258156869212,-0.016008708612243697,-0.22461133571092007,0.2801390166693313,-0.12998160953633336,0.00069295211803722,0.0010201386788935742,0.9915156379587678,-0.016008707517370397,-0.2246113363805606,0.2801390168319512,-0.12998160955207794,0.0006929521185988451,0.0010201386014321346,0.9915156379567831,-0.016000530207473995,-0.22492778049859846,0.28022385650400017,-0.13047336684348432,6.725863217159545e-05,9.960368245351563e-05,0.9914518072503113,-0.016000530207473995,-0.22492778049859846,0.28022385650400017,-0.13047336684348432,6.725863217159545e-05,9.960368245351563e-05,0.9914518072503113,-0.0014631904460812274,-0.5262703413826415,0.786765433240505,-0.00726387393120778,0.5212074229847733,-0.0055675935836918735,-0.00013883687942015582,-0.523856139968508,0.7855295533814985,-0.0006986120695658229,0.5233663453041767,-0.0005336402037755821,-0.00013883687942015582,-0.523856139968508,0.7855295533814985,-0.0006986120695658229,0.5233663453041767,-0.0005336402037755821,-0.003584411458900757,-0.006606823549643,0.0033789153757811568,-0.0179206403339604,-0.005936190488281005,-0.013710639398885241,-0.07045972016530216,-0.12783718361157007,0.06546963391443365,-0.34802965340199343,-0.11408646709791208,-0.26710477621506934,0.5,0.0,0.0,0.5,True,False,True,False,1,True,True,0.004130100016482174,4,1.2936812703703615e-09,1.5814449192670173e-10,`gtol` termination condition is satisfied.,True,True,0.0,0.010000000000000009,True,0.006565261861641957,0.005655712911483991,False,False,False,False,False,False,1.0,False,False,False,0.0003277217084528826,0.0024370282332955772,0.00032772242446931497,0.002437028362672451
1.1200000000000008,1786138337.8297193,0.007504700013669208,0.006069300026865676,0.01,TELEOP,0,,0.0,1.1200000000000008,112,-0.00014205498696930331,0.0037663402763966607,0.0,0.0032650520817572725,0.0033082624123280933,0.00656258303921535,0.999967663146448,-4.766353745122886e-05,0.001666394553661286,0.0,0.0014471627619438779,0.0014616708488688211,0.002905226235199466,0.9999936644293265,-0.016014299061235377,-0.22447861462450097,0.2801034541614067,-0.12980859330218536,0.0009141885330522956,0.0013447947759297684,0.9915377375023327,-0.01601101833824332,-0.2245565012343947,0.2801243238156289,-0.12989717110502183,0.0008009276642911078,0.0011785887217420148,0.9915264466379171,-0.016011017173147436,-0.22455650193926593,0.2801243239811866,-0.12989717112197544,0.0008009276648944332,0.0011785886393591023,0.9915264466357935,-0.016000756774195882,-0.22491726489154734,0.2802210616869559,-0.13045707348661073,8.807418271403322e-05,0.00013046284744093164,0.9914539460810536,-0.016000756774195882,-0.22491726489154734,0.2802210616869559,-0.13045707348661073,8.807418271403322e-05,0.00013046284744093164,0.9914539460810536,-0.0017019756227507493,-0.526688261305141,0.7869791383763497,-0.00842003245746281,0.5208368312421455,-0.006459927780164227,-0.00018254911462209743,-0.5239363700269952,0.7855705933349074,-0.0009165055808764112,0.5232943641548256,-0.0007004758397680624,-0.00018254911462209743,-0.5239363700269952,0.7855705933349074,-0.0009165055808764112,0.5232943641548256,-0.0007004758397680624,-0.004371223520194162,-0.00802300584872346,0.0041039953408904695,-0.02178935113105883,-0.007198114935112566,-0.01668356359924803,-0.07868120612934047,-0.14161822990804585,0.07250799651093132,-0.386871079709843,-0.1261924446831561,-0.297292420036279,0.5,0.0,0.0,0.5,True,False,True,False,1,True,True,0.003271800000220537,4,1.371751156849915e-09,1.6827645743491988e-10,`gtol` termination condition is satisfied.,True,True,0.0,0.010000000000000009,True,0.007503526876586399,0.006565261861641957,False,False,False,False,False,False,1.0,False,False,False,0.00037364872171994317,0.002775229763502192,0.0003736494771409815,0.002775229901240614
1.1300000000000008,1786138337.8361766,0.00634130000253208,0.006185999984154478,0.01,TELEOP,0,,0.0,1.1300000000000008,113,-0.00016670359829850658,0.004079530578407902,0.0,0.0035345940517550294,0.003585289361589081,0.007107299986120535,0.9999620685965995,-5.884551456736525e-05,0.0018930918328167578,0.0,0.0016433252762709449,0.0016612339789331629,0.003300108374611293,0.9999918245007904,-0.016017653654370217,-0.22441292279749525,0.28008585208941117,-0.1297112905752079,0.0010388883593620936,0.0015275235942343404,0.991550083697218,-0.016013680524006355,-0.2244988954680254,0.2801088883970509,-0.12980866338156374,0.0009142380061140856,0.001344741916455648,0.9915377283538627,-0.016013679292225656,-0.22449889620568467,0.2801088885652774,-0.12980866339964311,0.0009142380067584358,0.001344741829408277,0.9915377283516131,-0.016001051380426505,-0.22490471961707445,0.2802177301682462,-0.13043768012525997,0.00011287700961390114,0.00016724372258224423,0.9914564896614769,-0.016001051380426505,-0.22490471961707445,0.2802177301682462,-0.13043768012525997,0.00011287700961390114,0.00016724372258224423,0.9914564896614769,-0.001955313892924581,-0.527127180133487,0.7872034913343663,-0.00963975725617967,0.5204485302351243,-0.007402930142291917,-0.00023492953007320006,-0.5240320726507925,0.7856195528616396,-0.0011768194362118342,0.5232086186990336,-0.0008999533276398072,-0.00023492953007320006,-0.5240320726507925,0.7856195528616396,-0.0011768194362118342,0.5232086186990336,-0.0008999533276398072,-0.005238041545110261,-0.009570262379726923,0.0048959526732182575,-0.0260313855335423,-0.008574545579201296,-0.019947748787174483,-0.08668180249161,-0.15472565310034644,0.07919573323277881,-0.4242034402483473,-0.13764306440887303,-0.3264185187926453,0.5,0.0,0.0,0.5,True,False,True,False,1,True,True,0.0034244999988004565,4,1.4455881274416039e-09,1.778716897536588e-10,`gtol` termination condition is satisfied.,True,True,0.0,0.010000000000000009,True,0.008462937819967835,0.007503526876586399,False,False,False,False,False,False,1.0,False,False,False,0.0004203553257962467,0.0031182966489167133,0.00042035611851842493,0.0031182967945562073
1.1400000000000008,1786138337.8424146,0.006419199984520674,0.006004700000630692,0.01,TELEOP,0,,0.0,1.1400000000000008,114,-0.0001933195428413803,0.004392559827537184,0.0,0.003803694629979734,0.0038624681358570287,0.007651582252050198,0.9999560323014715,-7.147728246510263e-05,0.0021279004751864157,0.0,0.0018463463403492893,0.001868095303633312,0.0037090388333917692,0.9999896720746972,-0.01602144318473954,-0.22434488047792506,0.28006762020483117,-0.12961057754446484,0.0011681231186073335,0.0017167404952550033,0.9915628000681762,-0.016016713583447403,-0.2244387180835121,0.2800927639154679,-0.12971641418407817,0.0010324781531158098,0.0015179902264861815,0.9915494347664974,-0.016016712288222528,-0.224438718851681,0.2800927640860942,-0.12971641420320665,0.0010324781538005872,0.0015179901350100928,0.9915494347641343,-0.016001426831999493,-0.22488998290884923,0.28021381972682674,-0.13041494843829812,0.00014198065551332582,0.00021041276066636764,0.9914594680529304,-0.016001426831999493,-0.22488998290884923,0.28021381972682674,-0.13041494843829812,0.00014198065551332582,0.00021041276066636764,0.9914594680529304,-0.0022226355576250214,-0.5275855593404344,0.7874376873943709,-0.010919518592448434,0.5200439998780373,-0.00839407840924112,-0.00029674842498359844,-0.5241444770468403,0.7856770583620659,-0.001483098103298726,0.5231080421783006,-0.001134850226811138,-0.00029674842498359844,-0.5241444770468403,0.7856770583620659,-0.001483098103298726,0.5231080421783006,-0.001134850226811138,-0.006181889491039838,-0.011240439604778734,0.0057505500426245654,-0.030627866708689194,-0.010057652073293049,-0.023489689917133075,-0.09438479459295764,-0.1670177225051811,0.08545973694063083,-0.4596481175146892,-0.14831064940917527,-0.35419411299585934,0.5,0.0,0.0,0.5,True,False,True,False,1,True,True,0.003242899983888492,4,1.5155211295984353e-09,1.8697408878492728e-10,`gtol` termination condition is satisfied.,True,True,0.0,0.010000000000000009,True,0.009436420489149708,0.008462937819967835,False,False,False,False,False,False,1.0,False,False,False,0.0004674691033822883,0.0034634025007012083,0.00046746993146098504,0.00346340265381864
1.1500000000000008,1786138337.8487828,0.006230400002095848,0.006142600002931431,0.01,TELEOP,0,,0.0,1.1500000000000008,115,-0.0002219017698460002,0.004705415665925742,0.0,0.004072343356925533,0.004139786990410874,0.008195408194246488,0.9999495554615678,-8.560735978231217e-05,0.0023700421843468574,0.0,0.0020555390015219704,0.0020815821948944914,0.0041306546323983005,0.999987189651591,-0.0160256822079347,-0.2242747131987751,0.28004881893904787,-0.12950679414429858,0.0013014704636784087,0.0019118137786142456,0.9915758374492465,-0.016020134790287896,-0.22437615613386966,0.28007600049158426,-0.1296207277499183,0.0011552722338448245,0.0016977693473454144,0.9915615209672523,-0.016020133434601683,-0.2243761569304203,0.28007600066434524,-0.1296207277700253,0.0011552722345694972,0.0016977692516578458,0.9915615209647868,-0.016001896990286726,-0.22487290513479913,0.28020929131903244,-0.13038865972146785,0.00017567418734233193,0.0002603990103330303,0.9914629084070542,-0.016001896990286726,-0.22487290513479913,0.28020929131903244,-0.13038865972146785,0.00017567418734233193,0.0002603990103330303,0.9914629084070542,-0.0025034161094526467,-0.528061957307616,0.7876809696130093,-0.01225605501884087,0.5196246218166829,-0.009431046407609936,-0.00036873982646027644,-0.5242747191339173,0.7857436877878105,-0.001838665748930753,0.5229916566151176,-0.0014077848578626273,-0.00036873982646027644,-0.5242747191339173,0.7857436877878105,-0.001838665748930753,0.5229916566151176,-0.0014077848578626273,-0.007199140147667801,-0.013024208707696931,0.0066629425744498426,-0.0355567645632027,-0.011638556318308733,-0.027293463105148928,-0.10172506566279638,-0.17837691029181976,0.0912392531825277,-0.4928897854513501,-0.15809042450156838,-0.38037731880158543,0.5,0.0,0.0,0.5,True,False,True,False,1,True,True,0.0031759999983478338,4,1.5818420807075932e-09,1.9562213218203824e-10,`gtol` termination condition is satisfied.,True,True,0.0,0.010000000000000009,True,0.010417389269910118,0.009436420489149708,False,False,False,False,False,False,1.0,False,False,False,0.0005146433183106487,0.0038079341162751247,0.000514644179948756,0.003807934276480218
1.1600000000000008,1786138337.8550093,0.006368700007442385,0.006000299996230751,0.01,TELEOP,0,,0.0,1.1600000000000008,116,-0.0002524491509349969,0.00501808574256077,0.0,0.004340529827942641,0.004417234141234129,0.008738756207819671,0.999942639346525,-0.00010127960176846965,0.002618810607842543,0.0,0.0022702798388670297,0.0023010840800976647,0.004563718754035814,0.999984361534041,-0.016030383880530547,-0.2242026256452692,0.2800295031373016,-0.12940024887161766,0.0014385470332429174,0.0021121701400367335,0.9915891512676488,-0.01602396032123747,-0.22431138489670427,0.28005864509089307,-0.12952188687327953,0.0012822708268787023,0.0018835547324814806,0.9915739452122981,-0.016023958907842646,-0.22431138571964873,0.2800586452655295,-0.12952188689429955,0.0012822708276427884,0.0018835546327831308,0.9915739452097408,-0.01600247671645049,-0.22485335004561577,0.28020410936093587,-0.13035861650423022,0.0002142198865166963,0.00031759028527325085,0.9914668347198277,-0.01600247671645049,-0.22485335004561577,0.28020410936093587,-0.13035861650423022,0.0002142198865166963,0.00031759028527325085,0.9914668347198277,-0.0027971712558440124,-0.5285550228690212,0.7879326263815954,-0.013646345953834094,0.5191916875015303,-0.01051168314504211,-0.0004515960516290628,-0.5244238320452317,0.7858199657238664,-0.0022466005366274956,0.5228585811744665,-0.0017211964522096833,-0.0004515960516290628,-0.5244238320452317,0.7858199657238664,-0.0022466005366274956,0.5228585811744665,-0.0017211964522096833,-0.008285622516878635,-0.014911291131433234,0.00762779360559638,-0.040793478769674235,-0.013307544065107495,-0.031341159434705605,-0.10864823692108333,-0.18870824237363032,0.09648510311465375,-0.5236714206471541,-0.1668987746798762,-0.4047696329556674,0.5,0.0,0.0,0.5,True,False,True,False,1,True,True,0.003257000003941357,4,1.6448162198774268e-09,2.0385019321668712e-10,`gtol` termination condition is satisfied.,True,True,0.0,0.010000000000000009,True,0.011399745417206598,0.010417389269910118,False,False,False,False,False,False,1.0,False,False,False,0.0005615573151694429,0.0041494904707951655,0.0005615582087089399,0.0041494906377266055
1.1700000000000008,1786138337.861123,0.006252999999560416,0.00586119998479262,0.01,TELEOP,0,,0.0,1.1700000000000008,117,-0.00028496048015005937,0.0053305577137630214,0.0,0.004608243693676308,0.004694797765678156,0.00928160472669851,0.9999352852948517,-0.00011853363103787797,0.002873564581645061,0.0,0.0024900030072831183,0.002526046615979992,0.005007108327167181,0.9999811737426448,-0.01603556008931137,-0.2241288036124755,0.2800097225832309,-0.1292912217359058,0.0015790047921963892,0.0023172891940752,0.9916027011342265,-0.016028205299175396,-0.2242445686018877,0.28004074171865573,-0.129420154575024,0.0014131488823769195,0.002074858491682401,0.9915866687094238,-0.016028203830615727,-0.22424456944936894,0.2800407418949153,-0.1294201545968964,0.0014131488831799798,0.0020748583881589275,0.9915866687067846,-0.016003181806803525,-0.22483119574983468,0.2801982419389319,-0.13032464372744942,0.0002578514923509838,0.0003823301702932316,0.9914712676490238,-0.016003181806803525,-0.22483119574983468,0.2801982419389319,-0.13032464372744942,0.0002578514923509838,0.0003823301702932316,0.9914712676490238,-0.0031034531444601525,-0.5290634897388415,0.7881919891255094,-0.01508759058377575,0.5187464046562289,-0.011633996795534509,-0.0005459632656228884,-0.5245927387256977,0.7859063595499847,-0.002709714300676928,0.522708038572493,-0.002077329304967574,-0.0005459632656228884,-0.5245927387256977,0.7859063595499847,-0.002709714300676928,0.522708038572493,-0.002077329304967574,-0.00943672139938256,-0.01689066804659842,0.008639382611826542,-0.046311376404943226,-0.015054260197346861,-0.035613285275789046,-0.1151098882503926,-0.19793769151651858,0.10115890062301613,-0.5517897635268991,-0.17467161322393665,-0.427212584108344,0.5,0.0,0.0,0.5,True,False,True,False,1,True,True,0.0031728000030852854,4,1.7046874675533186e-09,2.1168960567540211e-10,`gtol` termination condition is satisfied.,True,True,0.0,0.010000000000000009,True,0.012377876283098822,0.011399745417206598,False,False,False,False,False,False,1.0,False,False,False,0.0006079167557643177,0.004485881821900364,0.0006079176796786858,0.004485881995223427
1.1800000000000008,1786138337.868426,0.006070800009183586,0.007093600026564673,0.01,TELEOP,0,,0.0,1.1800000000000008,118,-0.00031943447399958026,0.00564281924367411,0.0,0.0048754746604971816,0.004972466003132091,0.009823932224575302,0.9999274947136565,-0.00013740522786492967,0.003133722008886053,0.0,0.002714194839819411,0.0027559664086288026,0.005459803919448598,0.9999776139177753,-0.016041221568359486,-0.22405341577911358,0.2799895224741625,-0.129179966932026,0.001722527715102541,0.0025266985101803276,0.9916164504667871,-0.016032883836172344,-0.22417586108356802,0.28002233159460804,-0.12931577550004408,0.0015476039870236276,0.0022712267971195335,0.9915996554343681,-0.016032882314799973,-0.22417586195385197,0.28002233177224634,-0.12931577552271295,0.0015476039878652612,0.0022712266899427777,0.9915996554316561,-0.016004028920180696,-0.22480633543591635,0.28019166095610765,-0.13028658952839176,0.00030677294961923684,0.0004549158089868307,0.9914762243901891,-0.016004028920180696,-0.22480633543591635,0.28019166095610765,-0.13028658952839176,0.00030677294961923684,0.0004549158089868307,0.9914762243901891,-0.0034218472957741252,-0.5295861715153215,0.7884584301199656,-0.016577190515022426,0.5182899028042376,-0.012796141606004407,-0.0006524379619932787,-0.5247822464660528,0.7860032766028846,-0.0032305371692107512,0.52253935968896,-0.0024782206165306184,-0.0006524379619932787,-0.5247822464660528,0.7860032766028846,-0.0032305371692107512,0.52253935968896,-0.0024782206165306184,-0.01064746963703904,-0.018950774035509547,0.009691705289994447,-0.05208228685338233,-0.016867888353300907,-0.04008913115630443,-0.12107482376564792,-0.20601059889111253,0.10523226781679054,-0.5770910448439105,-0.1813628155954046,-0.44758458805153806,0.5,0.0,0.0,0.5,True,False,True,False,1,True,True,0.0043950999970547855,4,1.7616819863393129e-09,2.1916932980677334e-10,`gtol` termination condition is satisfied.,True,True,0.0,0.010000000000000009,True,0.013346653345811674,0.012377876283098822,False,False,False,False,False,False,1.0,False,False,False,0.0006534536727837548,0.0048151281342008745,0.0006534546256717474,0.004815128313605634
1.1900000000000008,1786138337.8747046,0.00732059997972101,0.0060514000069815665,0.01,TELEOP,0,,0.0,1.1900000000000008,119,-0.00035586977150932065,0.005954858004743513,0.0,0.005142212490923084,0.0052502269556994,0.010365717215845614,0.9999192690783657,-0.00015792668382222418,0.0033987543133424045,0.0,0.0029423889560159836,0.002990386228473871,0.005920879833471655,0.9999736712131144,-0.016047378005146676,-0.223976615314811,0.2799689438517743,-0.12906671526190594,0.0018688287805386436,0.002739969114093733,0.9916303661444344,-0.016038009076245932,-0.22410540637862186,0.2800034533133148,-0.1292089771435535,0.0016853548441520098,0.0024722376077265075,0.9916128719645471,-0.016038007504236115,-0.2241054072700903,0.28000345349209554,-0.1292089771669669,0.0016853548450318472,0.0024722374970555525,0.9916128719617705,-0.01600503549823772,-0.2247786778614393,0.2801843422216387,-0.1302443256770838,0.000361157613367236,0.0005355964188450897,0.9914817186063373,-0.01600503549823772,-0.2247786778614393,0.2801843422216387,-0.1302443256770838,0.000361157613367236,0.0005355964188450897,0.9914817186063373,-0.0037519699837657303,-0.5301219570907908,0.7887313604043831,-0.01811273482257427,0.5178232381978203,-0.013996406682301463,-0.0007715642949284452,-0.5249930432184945,0.7861110622611088,-0.003811306726848447,0.5223519865353663,-0.0029256917220312623,-0.0007715642949284452,-0.5249930432184945,0.7861110622611088,-0.003811306726848447,0.5223519865353663,-0.0029256917220312623,-0.011912633293516654,-0.021079675244174055,0.010778565822424403,-0.058076955763769575,-0.018737315359372887,-0.04474711055006437,-0.12651636564776159,-0.21289012086645082,0.10868605324299566,-0.599466891038725,-0.18694270060719786,-0.4657979393759941,0.5,0.0,0.0,0.5,True,False,True,False,1,True,True,0.003280000004451722,4,1.81601029326899e-09,2.2631595618434148e-10,`gtol` termination condition is satisfied.,True,True,0.0,0.010000000000000009,True,0.014301428095725825,0.013346653345811674,False,False,False,False,False,False,1.0,False,False,False,0.0006979263391151838,0.005135456488670619,0.0006979273196948637,0.005135456673869543
1.2000000000000008,1786138337.8818583,0.006278100016061217,0.006927499984158203,0.01,TELEOP,0,,0.0,1.2000000000000008,120,-0.0003942649342761118,0.00626666167821524,0.0,0.005408447004032084,0.0055280686888809025,0.010906938256542511,0.9999106099324298,-0.0001801271222052936,0.003668181413734132,0.0,0.0031741618288954583,0.00322889067395115,0.006389495312763797,0.9999693361855392,-0.016054038136661595,-0.22389854133643985,0.2799480239923198,-0.128951676328726,0.0020176472472543,0.002956711411022425,0.9916444181909305,-0.016043593237766624,-0.22403333928432104,0.279984142993596,-0.1290999709610391,0.0018261398998678082,0.0026774986097974486,0.9916262873240703,-0.01604359161713087,-0.22403334019546423,0.2799841431732909,-0.12909997098514894,0.0018261399007855098,0.002677498495779551,0.9916262873212376,-0.01600621967961261,-0.22474814762917994,0.2801762654900617,-0.13019774770563156,0.00042114786602379193,0.0006245724798970457,0.9914877604065887,-0.01600621967961261,-0.22474814762917994,0.2801762654900617,-0.13019774770563156,0.00042114786602379193,0.0006245724798970457,0.9914877604065887,-0.0040934659230005025,-0.5306698063703719,0.7890102277834629,-0.01969198674983429,0.5173473983348603,-0.01523320607676484,-0.0009038321947584039,-0.5252256955412319,0.786229998875053,-0.004453961321509292,0.522145473726513,-0.0034213424184258356,-0.0009038321947584039,-0.5252256955412319,0.786229998875053,-0.004453961321509292,0.522145473726513,-0.0034213424184258356,-0.013226789982995861,-0.02326523227374106,0.011893661394412669,-0.0642654594660845,-0.020651280885332076,-0.049565069639457324,-0.13141566894792076,-0.21855570295670046,0.11150955719882652,-0.6188503702314928,-0.1913965525959188,-0.48179590893929547,0.5,0.0,0.0,0.5,True,False,True,False,1,True,True,0.0032065999985206872,4,1.867868417186444e-09,2.331543062231531e-10,`gtol` termination condition is satisfied.,True,True,0.0,0.010000000000000009,True,0.015238025428325,0.014301428095725825,False,False,False,False,False,False,1.0,False,False,False,0.0007411189604985764,0.005445297368445132,0.0007411199676012213,0.005445297559171845
1.2100000000000009,1786138337.888256,0.007202999986475334,0.0061215999885462224,0.01,TELEOP,0,,0.0,1.2100000000000009,121,-0.00043461844652467607,0.006578217954614152,0.0,0.005674168075866905,0.005805979232264247,0.011447573945265285,0.9999015188870197,-0.0002040327883641834,0.003941567169954332,0.0,0.0034091287676684527,0.003471102241836424,0.006864886572470425,0.999964600684754,-0.01606120983650926,-0.22381932022769804,0.279926796760209,-0.12883504052500386,0.0021687461857668876,0.0031765714911165376,0.9916585794851291,-0.016049647655439647,-0.22395978588291185,0.2799644344190878,-0.12898895339253083,0.0019697160764414376,0.0028866453166665,0.9916398728369556,-0.01604964598803746,-0.22395978681232306,0.27996443459947723,-0.12898895341729313,0.0019697160773966887,0.002886645199437925,0.991639872834074,-0.016007600208910656,-0.22471468526946442,0.28016741445683535,-0.1301467747695299,0.00048685510376965765,0.0007219955428837455,0.9914943563690282,-0.016007600208910656,-0.22471468526946442,0.28016741445683535,-0.1301467747695299,0.00048685510376965765,0.0007219955428837455,0.9914943563690282,-0.004446006181124734,-0.5312287462410136,0.7892945149071428,-0.02131287163012175,0.5168633061668064,-0.016505069841062696,-0.0010496762000634099,-0.5254806480224896,0.7863603054658357,-0.005160137132647097,0.5219194885992328,-0.003966548108333617,-0.0010496762000634099,-0.5254806480224896,0.7863603054658357,-0.005160137132647097,0.5219194885992328,-0.003966548108333617,-0.014584400530500603,-0.0254952481257777,0.013030659078273969,-0.07061758111378055,-0.022598512728017293,-0.054520568990778145,-0.1357610547504741,-0.22300158520366387,0.11369976838613002,-0.6352121647696056,-0.19472318426852184,-0.49554993513208206,0.5,0.0,0.0,0.5,True,False,True,False,1,True,True,0.003275399998528883,4,1.917439858030181e-09,2.3970753160908917e-10,`gtol` termination condition is satisfied.,True,True,0.0,0.010000000000000009,True,0.016152734497474654,0.015238025428325,False,False,False,False,False,False,1.0,False,False,False,0.0007828412039678949,0.005743279827704654,0.0007828422365336786,0.005743280023712749
1.2200000000000009,1786138337.8945234,0.006362400017678738,0.006026300019584596,0.01,TELEOP,0,,0.0,1.2200000000000009,122,-0.0004769287151674406,0.006889514534231929,0.0,0.005939365639830584,0.006083946580219718,0.011987602924102591,0.9998919976207128,-0.0002296673127690006,0.004218515256935469,0.0,0.003646940277225891,0.0037166777661704637,0.007346359577497734,0.9999594577451404,-0.01606890019383071,-0.22373906683477113,0.27990529292838434,-0.1287169808339517,0.0023219102414795,0.003399227781457986,0.9916728254965508,-0.016056182821790617,-0.22388486403795155,0.2799443591712352,-0.12887610681899866,0.00211585759048393,0.003099339294323884,0.991653601986991,-0.01605618110934029,-0.22388486498432075,0.2799443593521072,-0.12887610684437237,0.002115857591476432,0.003099339174010689,0.9916536019840674,-0.016009196341498857,-0.2246782471477214,0.2801577767161223,-0.1300913492773048,0.0005583600510822174,0.000827968602793656,0.9915015096031152,-0.016009196341498857,-0.2246782471477214,0.2801577767161223,-0.1300913492773048,0.0005583600510822174,0.000827968602793656,0.9915015096031152,-0.004809286268407583,-0.5317978667544784,0.7895837374243186,-0.02297346577100014,0.5163718240572389,-0.01781063583891551,-0.0012094749415120555,-0.5257582240381703,0.7865021381182093,-0.0059311686306230925,0.5216738101176843,-0.004562459488878124,-0.0012094749415120555,-0.5257582240381703,0.7865021381182093,-0.0059311686306230925,0.5216738101176843,-0.004562459488878124,-0.015979874144864563,-0.027757601568066198,0.014183265237364304,-0.07710314979759957,-0.024567848154844914,-0.05959113805445073,-0.13954736143639587,-0.2262353442288498,0.1152606159090335,-0.6485568683819013,-0.19693354268276195,-0.5070569063672582,0.5,0.0,0.0,0.5,True,False,True,False,1,True,True,0.0032500000088475645,4,1.964895791367574e-09,2.4599692415781715e-10,`gtol` termination condition is satisfied.,True,True,0.0,0.010000000000000009,True,0.017042297140377048,0.016152734497474654,False,False,False,False,False,False,1.0,False,False,False,0.0008229275769316126,0.00602822560997192,0.0008229286340041262,0.0060282258110329785
1.2300000000000009,1786138337.9010866,0.00624940000125207,0.006340300024021417,0.01,TELEOP,0,,0.0,1.2300000000000009,123,-0.0005211940698674533,0.007200539127612636,0.0,0.006204029687073357,0.006361958692602288,0.012527003879549903,0.9998820478791672,-0.00025705194937097105,0.004498665426011562,0.0,0.0038872787591285427,0.0039653051912552605,0.007833283498110829,0.9999539014815769,-0.0160771155848113,-0.22365788554970617,0.2798835404686107,-0.12859765446165627,0.0024769436076408705,0.0036243880121107266,0.9916871340442321,-0.016063208428081812,-0.22380868386558694,0.27992394675557086,-0.12876160046162022,0.0022643548423480486,0.003315266493004103,0.9916674502835063,-0.016063206672170382,-0.22380868482769506,0.2799239469367216,-0.12876160048756774,0.002264354843377525,0.0033152663697228408,0.9916674502805469,-0.016011027745115192,-0.22463880521564006,0.2801473436862245,-0.1300314363220453,0.000635713364405654,0.0009425469835074238,0.9915092198470613,-0.016011027745115192,-0.22463880521564006,0.2801473436862245,-0.1300314363220453,0.000635713364405654,0.0009425469835074238,0.9915092198470613,-0.005183024374006064,-0.5323763175005541,0.7898774422068868,-0.024671986137620568,0.5158737575264709,-0.01914864218679621,-0.0013835512144545223,-0.5260586277015886,0.7866555909946121,-0.006768092069788571,0.5214083266999371,-0.005210004523112799,-0.0013835512144545223,-0.5260586277015886,0.7866555909946121,-0.006768092069788571,0.5214083266999371,-0.005210004523112799,-0.017407627294246688,-0.030040366341827242,0.015345287640276638,-0.08369234391654785,-0.026548341774728264,-0.06475450342346739,-0.14277531493821258,-0.2282764773761043,0.11620224029123342,-0.6589194118948283,-0.19804936198833487,-0.5163365369016667,0.5,0.0,0.0,0.5,True,False,True,False,1,True,True,0.0033839000097941607,4,2.0103961237688095e-09,2.5204254416776997e-10,`gtol` termination condition is satisfied.,True,True,0.0,0.010000000000000009,True,0.017903894067831997,0.017042297140377048,False,False,False,False,False,False,1.0,False,False,False,0.0008612366728136025,0.0062991423129032135,0.0008612377535351903,0.006299142518806253
1.2400000000000009,1786138337.9074006,0.00655749998986721,0.006097000004956499,0.01,TELEOP,0,,0.0,1.2400000000000009,124,-0.0005674127631043025,0.00751127945603788,0.0,0.006468150266870748,0.006640003495459826,0.0130657555434212,0.9998716714747874,-0.0002862057915799066,0.004781690117401615,0.0,0.004129855522102713,0.004216700647427578,0.008325084779525177,0.999947926990416,-0.016085861737473978,-0.22357587129203882,0.27986156481450086,-0.12847720431597964,0.002633668188492487,0.003851786466815299,0.9917014850770554,-0.01607073340458411,-0.22373134818296944,0.2799032247218674,-0.12864559123067745,0.002415013368227806,0.003534135672209709,0.9916813951327267,-0.01607073160667657,-0.22373134915968323,0.27990322490310116,-0.12864559125716374,0.002415013369293998,0.0035341355460680964,0.9916813951297377,-0.016013114399311433,-0.22459634662374364,0.28013611050759474,-0.12996702294556017,0.0007189364879952155,0.0010657396794268202,0.9915174835956904,-0.016013114399311433,-0.22459634662374364,0.28013611050759474,-0.12996702294556017,0.0007189364879952155,0.0010657396794268202,0.9915174835956904,-0.005566959728945534,-0.5329633041543124,0.7901752056417819,-0.026406780726231673,0.5153698588041413,-0.0205179202335207,-0.001572172579335749,-0.5263819468684215,0.7868206978996978,-0.007671651671360003,0.5211230330955035,-0.005909892441372416,-0.001572172579335749,-0.5263819468684215,0.7868206978996978,-0.007671651671360003,0.5211230330955035,-0.005909892441372416,-0.018862136488122665,-0.032331916683288685,0.016510690508565923,-0.09035596015714324,-0.02852936044335908,-0.06998879182596171,-0.14545091938759788,-0.22915503414614427,0.11654028682892847,-0.6663616240595389,-0.19810186686308134,-0.5234288402494317,0.5,0.0,0.0,0.5,True,False,True,False,1,True,True,0.0033127999922726303,4,2.0540903148727926e-09,2.5786274693613575e-10,`gtol` termination condition is satisfied.,True,True,0.0,0.010000000000000009,True,0.01873512905487167,0.017903894067831997,False,False,False,False,False,False,1.0,False,False,False,0.0008976502995018909,0.006555215711774524,0.0008976514031093852,0.006555215922324059
1.2500000000000009,1786138337.9138975,0.006369499984430149,0.006224000011570752,0.01,TELEOP,0,,0.0,1.2500000000000009,125,-0.0006155829702431171,0.007821723252011572,0.0,0.0067317174869928244,0.0069180688817473985,0.013603836693754884,0.9998608702863776,-0.00031714596796096644,0.005067291390852504,0.0,0.004374408073042229,0.004470605801242073,0.0088212417679632,0.9999415302563703,-0.016095143790388296,-0.22349311039822464,0.27983938909983846,-0.12835576034658183,0.0027919219347852732,0.004081181491659969,0.9917158604738522,-0.016078765960127996,-0.22365295293539056,0.2798822187785882,-0.12852822452854426,0.0025676528493287377,0.003755676910910928,0.9916954157145864,-0.01607876412157591,-0.2236529539256576,0.279882218959717,-0.12852822455553764,0.002567652850431408,0.003755676782008472,0.9916954157115733,-0.016015476493750142,-0.22455087321253178,0.2801240759178448,-0.12989811726308503,0.0008080227271328649,0.001197511100370078,0.9915262942544403,-0.016015476493750142,-0.22455087321253178,0.2801240759178448,-0.12989811726308503,0.0008080227271328649,0.001197511100370078,0.9915262942544403,-0.005960851081850557,-0.5335580851858109,0.7904766319893137,-0.028176319551723734,0.5148608302040735,-0.021917388015434646,-0.0017755524311887818,-0.5267281570652225,0.7869974343272041,-0.00864230816641412,0.5208180264380267,-0.006662619530152497,-0.0017755524311887818,-0.5267281570652225,0.7869974343272041,-0.00864230816641412,0.5208180264380267,-0.006662619530152497,-0.020337985185303283,-0.03462101968009059,0.017673642750640952,-0.09706564950541167,-0.030500665747683307,-0.07527270887800812,-0.14758486971806176,-0.22891029968019092,0.11629522420750295,-0.6709689348268432,-0.19713053043242296,-0.5283917052046408,0.5,0.0,0.0,0.5,True,False,True,False,1,True,True,0.003395700012333691,4,2.096117888850999e-09,2.6347509123631986e-10,`gtol` termination condition is satisfied.,True,True,0.0,0.010000000000000009,True,0.019534011385309615,0.01873512905487167,False,False,False,False,False,False,1.0,False,False,False,0.000932072506713554,0.006795801360144963,0.0009320736325340036,0.006795801575161187
1.260000000000001,1786138337.9201412,0.006454500020481646,0.00601379998261109,0.01,TELEOP,0,,0.0,1.260000000000001,126,-0.0006657027896066037,0.008131858259744208,0.0,0.006994721514064587,0.007196142712047533,0.01414122615571376,0.999849646258787,-0.0003498878195560504,0.005355198144572311,0.0,0.004620697662229226,0.00472678545434945,0.009321279841028469,0.9999347080657358,-0.016104966345866823,-0.22340968142753034,0.2798170343745156,-0.12823344075911047,0.0029515573355141976,0.004312353237554331,0.9917302438616711,-0.016087313620856254,-0.22357358760333898,0.279860952901958,-0.12840963500987565,0.0027221061741810565,0.003979640197166354,0.9917094928649761,-0.01608731174290584,-0.2235735886061828,0.2798609530828011,-0.12840963503734684,0.0027221061753199697,0.003979640065594919,0.991709492861944,-0.01601813432636761,-0.22450240089863552,0.2801112421076814,-0.12982474747371484,0.0009029385060873454,0.0013377831667482295,0.9915356423153124,-0.01601813432636761,-0.22450240089863552,0.2801112421076814,-0.12982474747371484,0.0009029385060873454,0.0013377831667482295,0.9915356423153124,-0.006364475277118061,-0.5341599687234816,0.7907813518064744,-0.02997918619320724,0.5143473273312298,-0.023346044140028624,-0.0019938514818174597,-0.5270971262154723,0.7871857199238022,-0.00968024938428868,0.5204935015915424,-0.0074684764768806,-0.0019938514818174597,-0.5270971262154723,0.7871857199238022,-0.00968024938428868,0.5204935015915424,-0.0074684764768806,-0.021829905062867784,-0.03689691502498521,0.01882855965980296,-0.10379412178745592,-0.03245248464842975,-0.0805856946728103,-0.14919198775645032,-0.22758953448946204,0.11549169091620076,-0.672847228204425,-0.1951818900746442,-0.531298579480219,0.5,0.0,0.0,0.5,True,False,True,False,1,True,True,0.003237900004023686,4,2.136608923320596e-09,2.688955171920219e-10,`gtol` termination condition is satisfied.,True,True,0.0,0.010000000000000009,True,0.02029893680891856,0.019534011385309615,False,False,False,False,False,False,1.0,False,False,False,0.0009644285279613623,0.0070204155873057755,0.0009644296754078076,0.007020415806622609
1.270000000000001,1786138337.9264767,0.006234999978914857,0.0061141000187490135,0.01,TELEOP,0,,0.0,1.270000000000001,127,-0.0007177702425501032,0.008441672235636721,0.0,0.007257152573917472,0.007474212815296387,0.014677902802479097,0.999838001402543,-0.0003844450605561772,0.005645163595388047,0.0,0.004868507058945506,0.004985025367760824,0.009824766995128503,0.9999274579261195,-0.01611533351816686,-0.223325655892228,0.2797945198001877,-0.12811035311537808,0.003112440051229841,0.004545101614592219,0.9917446204506953,-0.016096383268101203,-0.22349333559043233,0.2798394494399087,-0.1282899473013098,0.0028782185511771613,0.004205794092894368,0.9917236089634285,-0.016096381351900814,-0.22349333660494786,0.2798394496202928,-0.12828994732923177,0.0028782185523520956,0.004205793958738718,0.9917236089603819,-0.01602110820239292,-0.22445095897166464,0.28009761456124366,-0.12974696077910264,0.001003624780370984,0.0014864377031172538,0.9915455155507694,-0.01602110820239292,-0.22445095897166464,0.28009761456124366,-0.12974696077910264,0.001003624780370984,0.0014864377031172538,0.9915455155507694,-0.006777625927483626,-0.534768309564268,0.7910890204341169,-0.03181406985436102,0.5138299621280688,-0.02480296206121506,-0.0022271796007664294,-0.5274886200431236,0.7873854213075608,-0.010785402587271417,0.5201497459026576,-0.008327557050161461,-0.0022271796007664294,-0.5274886200431236,0.7873854213075608,-0.010785402587271417,0.5201497459026576,-0.008327557050161461,-0.023332811894896974,-0.03914938276512234,0.01997013837587128,-0.11051532029827373,-0.03437556888847286,-0.08590805732808615,-0.15029068320291894,-0.22524677401371251,0.11415787160683186,-0.6721198510817801,-0.19230842400431072,-0.5322362655275851,0.5,0.0,0.0,0.5,True,False,True,False,1,True,True,0.00330400001257658,4,2.17568474489921e-09,2.741389198833733e-10,`gtol` termination condition is satisfied.,True,True,0.0,0.010000000000000009,True,0.0210286672670896,0.02029893680891856,False,False,False,False,False,False,1.0,False,False,False,0.0009946636522007168,0.007228726010051163,0.0009946648207683323,0.007228726233515518
1.280000000000001,1786138337.933198,0.006340100022498518,0.00649529998190701,0.01,TELEOP,0,,0.0,1.280000000000001,128,-0.0007717832735397335,0.008751152948763831,0.0,0.0075190009519319305,0.007752266989515706,0.015213845556138637,0.9998259377934753,-0.0004208299238890374,0.005936962995601653,0.0,0.005117638535876156,0.005245130290370675,0.01033130984710072,0.999919777992663,-0.01612624897716672,-0.2232410989191994,0.2797718628275503,-0.12798659533023252,0.0032744476756557607,0.0047792444384410415,0.9917589768844003,-0.016105981175311094,-0.22341227459301502,0.27981772921111303,-0.12816927668251407,0.0030358466690178945,0.004433924470408825,0.9917377478262458,-0.016105979221918292,-0.2234122756183641,0.27981772939087196,-0.1281692767108626,0.0030358466702286578,0.004433924333747155,0.9917377478231894,-0.016024418335179157,-0.22439658931662948,0.2800832018838825,-0.12966482223046258,0.0011099985750068508,0.0016433190796342546,0.9915558992217779,-0.016024418335179157,-0.22439658931662948,0.2800832018838825,-0.12966482223046258,0.0011099985750068508,0.0016433190796342546,0.9915558992217779,-0.00720011217437087,-0.5353825063247414,0.7913993165469733,-0.03367975790358812,0.5133093057661194,-0.026287284716448533,-0.0024755979637863493,-0.5279023080398707,0.7875963551818356,-0.011957448268591126,0.5197871334646762,-0.0092397679066848,-0.0024755979637863493,-0.5279023080398707,0.7875963551818356,-0.011957448268591126,0.5197871334646762,-0.0092397679066848,-0.02484183630199198,-0.041368799674707836,0.021093387427473968,-0.11720456813197085,-0.03626124379814052,-0.09122108565233389,-0.15090244070950032,-0.22194169095855015,0.11232490516026881,-0.6689247833697122,-0.188567490966766,-0.5313028324247733,0.5,0.0,0.0,0.5,True,False,True,False,1,True,True,0.0035777999728452414,4,2.2134582565335553e-09,2.792193147840044e-10,`gtol` termination condition is satisfied.,True,True,0.0,0.010000000000000009,True,0.021722309634996995,0.0210286672670896,False,False,False,False,False,False,1.0,False,False,False,0.0010227420395113236,0.007420541672229495,0.001022743228773468,0.0074205418997009215
1.290000000000001,1786138337.9397295,0.006778599985409528,0.006247699988307431,0.01,TELEOP,0,,0.0,1.290000000000001,129,-0.0008277397502335194,0.009060288181356896,0.0,0.007780256993371082,0.008030293002550506,0.01574903338856853,0.9998134575723294,-0.0004590532931389675,0.006230391564320034,0.0,0.0053679120427287215,0.005506922172588406,0.010840550011206432,0.9999116670006113,-0.016137715987941698,-0.22315606984939057,0.27974907935696186,-0.1278622565748236,0.0034374686135824712,0.005014615750753417,0.9917733011036327,-0.016116113043953217,-0.2233304769521054,0.2797958115992885,-0.12804772973012257,0.0031948579031116473,0.004663833317856686,0.9917518946050589,-0.01611611105434138,-0.2233304779875127,0.27979581177826246,-0.12804772975887482,0.00319485790435804,0.004663833178761077,0.9917518946019966,-0.016028084749756342,-0.22433934557598198,0.28006801562003575,-0.12957841352159516,0.0012219546226438327,0.0018082370527239093,0.9915667762964266,-0.016028084749756342,-0.22433934557598198,0.28006801562003575,-0.12957841352159516,0.0012219546226438327,0.0018082370527239093,0.9915667762964266,-0.007631757530360752,-0.536001998728173,0.7917119407655328,-0.035575128864585366,0.5127858913878172,-0.02779821950066421,-0.0027391214602113757,-0.5283377698888909,0.7878182916886964,-0.01319583514727304,0.5194061189932151,-0.010204839327900495,-0.0027391214602113757,-0.5283377698888909,0.7878182916886964,-0.01319583514727304,0.5194061189932151,-0.010204839327900495,-0.02635234964250265,-0.04354618490202544,0.022193650686085288,-0.1238386878681915,-0.03810144714611425,-0.09650714212156955,-0.15105133405106705,-0.21773852273176092,0.11002632586113215,-0.6634119736220654,-0.18402033479737334,-0.5286056469235657,0.5,0.0,0.0,0.5,True,False,True,False,1,True,True,0.0032919000077527016,4,2.250034497961473e-09,2.8414933929792467e-10,`gtol` termination condition is satisfied.,True,True,0.0,0.010000000000000009,True,0.022379293717312326,0.021722309634996995,False,False,False,False,False,False,1.0,False,False,False,0.001048645494358716,0.0075958029201192625,0.001048646703963164,0.007595803151468291
1.300000000000001,1786138337.9469647,0.006508799997391179,0.006974299991270527,0.01,TELEOP,0,,0.0,1.300000000000001,130,-0.0008856374635655695,0.009369065729286261,0.0,0.008040911103705382,0.008308278592812336,0.016283445322309093,0.9998005629443715,-0.0004991248220834653,0.006525262613120779,0.0,0.005619163551324096,0.0057702385477213635,0.011352160816293729,0.9999031242039836,-0.016149737446625047,-0.22307062278095208,0.27972618388397813,-0.127737418095054,0.003601401064134913,0.005251064297282549,0.9917875822233966,-0.016126784038325615,-0.2232480099883028,0.2797737146429354,-0.1279254049259438,0.0033551295661820644,0.004895337611000645,0.9917660356907783,-0.016126782013390146,-0.22324801103305217,0.27977371482097146,-0.1279254049550797,0.0033551295674638945,0.004895337469537526,0.9917660356877139,-0.016032127189957515,-0.22427929226446505,0.28005207006349925,-0.1294878317435079,0.0013393670774281834,0.0019809697583642993,0.991578127675784,-0.016032127189957515,-0.22427929226446505,0.28005207006349925,-0.1294878317435079,0.0013393670774281834,0.0019809697583642993,0.991578127675784,-0.008072398798749079,-0.5366262650230672,0.7920266143287724,-0.03749914583174721,0.5122602167031938,-0.02933503355539707,-0.0030177213134519394,-0.5287945022444801,0.7880509579494305,-0.014499796110262534,0.5190072314062506,-0.011222336701705832,-0.0030177213134519394,-0.5287945022444801,0.7880509579494305,-0.014499796110262534,0.5190072314062506,-0.011222336701705832,-0.02785998532405639,-0.045673235558923525,0.023266626073408722,-0.13039609629894927,-0.03988875869645287,-0.1017497373805336,-0.150763568155374,-0.21270506568980807,0.10729753873234335,-0.6557408430757773,-0.178731155033862,-0.5242595258964048,0.5,0.0,0.0,0.5,True,False,True,False,1,True,True,0.004145199985941872,4,2.285511266556683e-09,2.889411543290522e-10,`gtol` termination condition is satisfied.,True,True,0.0,0.010000000000000009,True,0.022999349721484676,0.022379293717312326,False,False,False,False,False,False,1.0,False,False,False,0.0010723722091262146,0.007754571115348939,0.0010723734387920424,0.00775457135045742
1.310000000000001,1786138337.953206,0.007209300005342811,0.006006299983710051,0.01,TELEOP,0,,0.0,1.310000000000001,131,-0.0009454741278333012,0.009677473402543043,0.0,0.008300953748928332,0.00858621147002811,0.016817060431434376,0.9997872561789811,-0.0005410530430097431,0.006821405847805451,0.0,0.005871243556076906,0.006034931065377585,0.011865844331226257,0.9998941493200411,-0.01616231591290293,-0.2229848070613533,0.27970318963121377,-0.12761215395317835,0.0037661520995311564,0.005488452148910525,0.9918018104212165,-0.0161379988192148,-0.2231649363202162,0.2797514551206593,-0.1278023932307242,0.0035165482014613003,0.005128268248961439,0.9917801586228739,-0.01613799675977892,-0.22316493737364665,0.2797514552976106,-0.12780239326022477,0.003516548202778382,0.00512826810519199,0.9917801586198112,-0.016036565029901723,-0.22421650384908284,0.2800353820620881,-0.12939318811426934,0.0014620912825454523,0.002161266813800139,0.991589932423916,-0.016036565029901723,-0.22421650384908284,0.2800353820620881,-0.12939318811426934,0.0014620912825454523,0.002161266813800139,0.991589932423916,-0.008521885065616474,-0.537254819528948,0.7923430778266769,-0.03945085028753903,0.5117327464458336,-0.030897049353942687,-0.0033113278716458213,-0.5292719257738012,0.7882940417431398,-0.01586836486923399,0.5185910671948636,-0.012291672576667923,-0.0033113278716458213,-0.5292719257738012,0.7882940417431398,-0.01586836486923399,0.5185910671948636,-0.012291672576667923,-0.029360655819388175,-0.04774235293211597,0.02430837937093468,-0.1368568758971455,-0.04161642113870475,-0.10693358749620917,-0.15006704953317834,-0.20691173731924456,0.10417532975259576,-0.646077959819624,-0.17276624422518783,-0.5183850115675573,0.5,0.0,0.0,0.5,True,False,True,False,1,True,True,0.0032338000019080937,4,2.319979231029165e-09,2.9360553842331943e-10,`gtol` termination condition is satisfied.,True,True,0.0,0.010000000000000009,True,0.02358248541830504,0.022999349721484676,False,False,False,False,False,False,1.0,False,False,False,0.0010939354897222494,0.007897018280174707,0.001093936739235976,0.007897018518933948
1.320000000000001,1786138337.9595726,0.006219000002602115,0.006154200003948063,0.01,TELEOP,0,,0.0,1.320000000000001,132,-0.0010072473807876626,0.009985499025720379,0.0,0.008560375455863153,0.00886407931599432,0.017349857842415405,0.999773539609237,-0.0005848454648655163,0.007118665829705281,0.0,0.00612401571528949,0.006300864162630023,0.012381328669663098,0.9998847424792003,-0.01617545363945966,-0.2228986677332615,0.279680108667815,-0.12748653169976631,0.003931636830375648,0.00572665345218416,0.9918159768360445,-0.01614976157634344,-0.22308131416694305,0.2797290486322204,-0.12767877862470267,0.0036790089169114015,0.005362469051624198,0.9917942520038942,-0.01614975948316366,-0.22308131522844524,0.27972904880794597,-0.12767877865455113,0.0036790089182635725,0.005362468905604764,0.991794252000836,-0.016041417190540065,-0.224151063805616,0.2800179708184104,-0.12929460669598933,0.0015899655712772137,0.0023488524861508334,0.9916021679992485,-0.016041417190540065,-0.224151063805616,0.2800179708184104,-0.12929460669598933,0.0015899655712772137,0.0023488524861508334,0.9916021679992485,-0.00898007676015884,-0.5378872103054457,0.7926610899914567,-0.04142935630092187,0.5112039146924595,-0.032483640565274016,-0.0036198335283826643,-0.5297693923738154,0.7885471952779867,-0.017300393116566767,0.5181582836642699,-0.013412119128637384,-0.0036198335283826643,-0.5297693923738154,0.7885471952779867,-0.017300393116566767,0.5181582836642699,-0.013412119128637384,-0.030850565673684313,-0.04974666000141499,0.025315353484687976,-0.14320282473327775,-0.04327835305937107,-0.11204465519694597,-0.14899098542961384,-0.20043070692990217,0.10069741137532955,-0.6345948836132237,-0.166193192066632,-0.51110677007368,0.5,0.0,0.0,0.5,True,False,True,False,1,True,True,0.0032177999964915216,4,2.353522457223984e-09,2.9815289868261194e-10,`gtol` termination condition is satisfied.,True,True,0.0,0.010000000000000009,True,0.024128963184355104,0.02358248541830504,False,False,False,False,False,False,1.0,False,False,False,0.001113362474156832,0.00802341676259025,0.0011133637433690877,0.008023417004901248
1.330000000000001,1786138337.9657054,0.006407100008800626,0.005879899981664494,0.01,TELEOP,0,,0.0,1.330000000000001,133,-0.0010709547837264022,0.010293130438494094,0.0,0.008819166812460482,0.009141869785336593,0.017881816734977116,0.9997594156314902,-0.0006305086621992051,0.007416900581556296,0.0,0.006377355620049062,0.006567913860019699,0.012898365547983678,0.9998749041800247,-0.01618915259865977,-0.22281224593852855,0.27965695201770785,-0.1273606129825675,0.0040977776493692645,0.005965553297208627,0.991830073476752,-0.016162076059559417,-0.22299719763510606,0.2797065096754446,-0.12755463861616786,0.0038424147589486233,0.005597795816453693,0.9918083054191048,-0.016162073933330592,-0.22299719870411916,0.2797065098498093,-0.12755463864634903,0.0038424147603357186,0.005597795668236149,0.9918083054160545,-0.01604670206188743,-0.22408306366222186,0.2799998576882533,-0.12919222310927933,0.0017228130832659871,0.002543428889260188,0.9916148104847203,-0.01604670206188743,-0.22408306366222186,0.2799998576882533,-0.12919222310927933,0.0017228130832659871,0.002543428889260188,0.9916148104847203,-0.00944684477928134,-0.5385230169408111,0.7929804265462724,-0.04343384508736918,0.51067412705053,-0.03409422818086637,-0.003943095736300455,-0.5302861924833213,0.7888100390131816,-0.018794567981974607,0.5177095921180747,-0.014582820891916533,-0.003943095736300455,-0.5302861924833213,0.7888100390131816,-0.018794567981974607,0.5177095921180747,-0.014582820891916533,-0.032326220791779145,-0.05168001095059964,0.02628437351949576,-0.14941748654078407,-0.044869154619520644,-0.11707017632791504,-0.14756551180948324,-0.19333509491846457,0.09690200348077832,-0.6214661807506309,-0.1590801560149572,-0.5025521130969075,0.5,0.0,0.0,0.5,True,False,True,False,1,True,True,0.0031587000121362507,4,2.3862189943161845e-09,3.0259259345309064e-10,`gtol` termination condition is satisfied.,True,True,0.0,0.010000000000000009,True,0.024639277105394573,0.024128963184355104,False,False,False,False,False,False,1.0,False,False,False,0.001130692854083474,0.008134129001201452,0.0011306941429059835,0.00813412924697405
1.340000000000001,1786138337.9718997,0.006089999980758876,0.005984000017633662,0.01,TELEOP,0,,0.0,1.340000000000001,134,-0.0011365938215903316,0.010600355496102762,0.0,0.009077318468086995,0.009419570506274495,0.018412916342948865,0.9997448867049302,-0.0006780483557549964,0.0077159803243674815,0.0,0.006631149678755482,0.006835966670686092,0.013416728072607182,0.9998646352489126,-0.016203414506726507,-0.22272557928421818,0.2796337297576747,-0.12723445409820072,0.00426450354607907,0.00620504669188759,0.991844093139335,-0.016174945608725785,-0.22291263699094083,0.2796838517191291,-0.1274300447192236,0.004006676124158235,0.005834115432475494,0.991822309361114,-0.016174943450085986,-0.22291263806694905,0.2796838518920033,-0.1274300447497235,0.004006676125580091,0.005834115282107588,0.9918223093580741,-0.01605243743147208,-0.2240126020397685,0.2799810659778839,-0.12908618325418733,0.0018604435794452336,0.0027446791731902875,0.991627834814448,-0.01605243743147208,-0.2240126020397685,0.2799810659778839,-0.12908618325418733,0.0018604435794452336,0.0027446791731902875,0.991627834814448,-0.009922069672667079,-0.539161848456117,0.793300879110239,-0.045463559912138164,0.5101437627182852,-0.03572827688972244,-0.004280940079227643,-0.5308215624168462,0.7890821654933399,-0.020349429608113485,0.5172457510521195,-0.015802807619351628,-0.004280940079227643,-0.5308215624168462,0.7890821654933399,-0.020349429608113485,0.5172457510521195,-0.015802807619351628,-0.03378443429271882,-0.05353699335249114,0.02721264801582769,-0.15548616261388787,-0.046384106595525484,-0.12199867274350955,-0.1458213500939671,-0.18569824018914993,0.09282744963319296,-0.6068676073103798,-0.15149519760048405,-0.4928496415594514,0.5,0.0,0.0,0.5,True,False,True,False,1,True,True,0.0031886999786365777,4,2.4181408099797905e-09,3.0693329919370555e-10,`gtol` termination condition is satisfied.,True,True,0.0,0.010000000000000009,True,0.02511413030402468,0.024639277105394573,False,False,False,False,False,False,1.0,False,False,False,0.0011459776083952184,0.008229597462106634,0.0011459789167971976,0.008229597711258602
1.350000000000001,1786138337.97867,0.006213000015122816,0.006540899979881942,0.01,TELEOP,0,,0.0,1.350000000000001,135,-0.0012041619030626395,0.010907162069827158,0.0,0.009334821133804976,0.009697169081391429,0.018943135955108464,0.9997299553511404,-0.0007274694855069256,0.008015786332980165,0.0,0.006885294106429029,0.00710491861201058,0.013936208735181687,0.9998539368041085,-0.016218240845652085,-0.2226387021742395,0.27961045110621513,-0.12710810649203744,0.004431749486100155,0.0064450376325304246,0.9918580293320293,-0.016188373182279763,-0.22282767891791966,0.2796610872720725,-0.12730506290196808,0.004171710207489994,0.006071305049177572,0.9918362551593235,-0.016188370991814652,-0.22282768000044945,0.2796610874433314,-0.1273050629327745,0.004171710208946479,0.006071304896703246,0.9918362551562966,-0.016058640419442882,-0.22393978369767717,0.2799616207414154,-0.1289766420454293,0.0020026552407676965,0.002952270673948852,0.991641214994889,-0.016058640419442882,-0.22393978369767717,0.2799616207414154,-0.1289766420454293,0.0020026552407676965,0.002952270673948852,0.991641214994889,-0.010405640884705438,-0.5398033413213961,0.7936222541583908,-0.04751780131933643,0.5096131764217837,-0.03738529168780188,-0.004633163371393384,-0.531374691653859,0.7893631431603256,-0.021963388680068727,0.5167675594178387,-0.017071007147753593,-0.004633163371393384,-0.531374691653859,0.7893631431603256,-0.021963388680068727,0.5167675594178387,-0.017071007147753593,-0.035222329216574054,-0.055312923701276516,0.02809776669857188,-0.16139590719552427,-0.047819163428075954,-0.12681995284019643,-0.1437894923855234,-0.17759303487853742,0.08851186827441904,-0.5909744581636391,-0.14350568325504678,-0.4821280096686879,0.5,0.0,0.0,0.5,True,False,True,False,1,True,True,0.0037699999811593443,4,2.449354558978683e-09,3.111831271844537e-10,`gtol` termination condition is satisfied.,True,True,0.0,0.010000000000000009,True,0.025554412639267703,0.02511413030402468,False,False,False,False,False,False,1.0,False,False,False,0.0011592777570766726,0.00831033481234588,0.0011592790850817876,0.008310335064802922
1.360000000000001,1786138337.9847593,0.006766000005882233,0.005864700011443347,0.01,TELEOP,0,,0.0,1.360000000000001,136,-0.0012736563606711494,0.01121353804746909,0.0,0.00959166558264288,0.009974653088409632,0.019472454916019708,0.9997146241536433,-0.0007787762768424657,0.00831620989917179,0.0,0.00713969400896468,0.007374674310153661,0.014456617596135804,0.9998428102236655,-0.016233632883052747,-0.2225516461098164,0.27958712450405676,-0.12698161721114037,0.004599455848566756,0.006685438261782422,0.991871876207602,-0.016202361384437803,-0.222742366760392,0.2796382279483584,-0.12717975400629697,0.004337440485422674,0.006309251298078504,0.9918501349140357,-0.016202359162684855,-0.22274236784900914,0.27963822811788236,-0.1271797540373985,0.004337440486913641,0.006309251143538204,0.9918501349110244,-0.016065327420678333,-0.22386471859318396,0.27994154857925585,-0.12886376216871434,0.0021492364374537786,0.003165857994311489,0.9916549243187475,-0.016065327420678333,-0.22386471859318396,0.27994154857925585,-0.12886376216871434,0.0021492364374537786,0.003165857994311489,0.9916549243187475,-0.010897456049831387,-0.5404471575800284,0.7939443720352202,-0.04959592267007357,0.5090827002334886,-0.03906481470884709,-0.004999536755034465,-0.5319447300233857,0.7896525201111382,-0.023634743759847178,0.5162758500087455,-0.018386258156851878,-0.004999536755034465,-0.5319447300233857,0.7896525201111382,-0.023634743759847178,0.5162758500087455,-0.018386258156851878,-0.036637338364108166,-0.05700383695267666,0.028937695081256543,-0.16713550797784504,-0.049170940909312774,-0.13152510090982833,-0.1415009147534109,-0.16909132514001465,0.08399283826846617,-0.5739600782320785,-0.13517774812368202,-0.4705148069631892,0.5,0.0,0.0,0.5,True,False,True,False,1,True,True,0.0031703999848105013,4,2.4799217351335465e-09,3.1534932837872767e-10,`gtol` termination condition is satisfied.,True,True,0.0,0.010000000000000009,True,0.02596117891022639,0.025554412639267703,False,False,False,False,False,False,1.0,False,False,False,0.001170663142648199,0.00837691438687295,0.0011706644903315138,0.008376914642567594
1.370000000000001,1786138337.9914088,0.0061505999765358865,0.006363899999996647,0.01,TELEOP,0,,0.0,1.370000000000001,137,-0.0013450744508936797,0.01151947133382956,0.0,0.009847842649856746,0.010252010080970044,0.02000085262686334,0.9996988957574385,-0.0008319723005393924,0.008617151392203828,0.0,0.007394262553421193,0.0076451461887684065,0.014977780638914334,0.9998312571170078,-0.016249591690161824,-0.2224644399617199,0.27956375768709923,-0.1268550293146665,0.004767567916536571,0.006926168105681937,0.9918856285021516,-0.016216912491032714,-0.2226567407537197,0.27961528452901946,-0.12705417414054537,0.0045037962325841984,0.006547849564700586,0.9918639414350324,-0.01621691023848513,-0.22265674184802653,0.2796152846966933,-0.12705417417193218,0.004503796234109498,0.00654784940813154,0.9918639414320386,-0.016072514054146125,-0.22378752096108762,0.2799208774385598,-0.12874771286409215,0.0022999674569840513,0.0033850859899133457,0.9916689355701342,-0.016072514054146125,-0.22378752096108762,0.2799208774385598,-0.12874771286409215,0.0022999674569840513,0.0033850859899133457,0.9916689355701342,-0.01139742033796735,-0.5410929830776525,0.7942670660203651,-0.05169732597359083,0.5085526452771211,-0.04076642226423161,-0.005379808770475824,-0.532530794730551,0.7899498277737527,-0.02536169829279509,0.5157714830175517,-0.019747322721493217,-0.005379808770475824,-0.532530794730551,0.7899498277737527,-0.02536169829279509,0.5157714830175517,-0.019747322721493217,-0.03802720154413588,-0.05860647071652778,0.029730766261448317,-0.17269545329479105,-0.050436699119387036,-0.1361064564641341,-0.1389863180027712,-0.16026337638511182,0.07930711801917753,-0.5559945316946003,-0.126575821007426,-0.4581355554305789,0.5,0.0,0.0,0.5,True,False,True,False,1,True,True,0.0032703000179026276,4,2.509898921438971e-09,3.194387954134795e-10,`gtol` termination condition is satisfied.,True,True,0.0,0.010000000000000009,True,0.02633562768079574,0.02596117891022639,False,False,False,False,False,False,1.0,False,False,False,0.001180211245696459,0.008429960998546147,0.0011802126131810655,0.008429961257417854
1.380000000000001,1786138337.9975495,0.006599000014830381,0.0059049999981652945,0.01,TELEOP,0,,0.0,1.380000000000001,138,-0.0014184133542663126,0.011824949851186265,0.0,0.010103343233182594,0.010529227589417071,0.02052830854626132,0.9996827728685297,-0.0008870605271191994,0.008918519407661911,0.0,0.007648920216268882,0.007916253733989936,0.015499538278876936,0.9998192792997573,-0.016266118158135768,-0.22237711021691536,0.2795403577525037,-0.12672838224572633,0.004936035415285381,0.007167153382416674,0.9918992814798048,-0.016232028473977762,-0.22257083824138515,0.2795922670202116,-0.12692837504618554,0.004670712070314198,0.006787003308681991,0.9918776681844285,-0.016232026191088128,-0.22257083934101834,0.2795922671859245,-0.12692837507784863,0.00467071207187371,0.006787003150118475,0.9918776681814542,-0.016080215119668246,-0.2237083084202282,0.2798996364165161,-0.12862866874149637,0.002454622180477704,0.0036095926380959277,0.9916832212197243,-0.016080215119668246,-0.2237083084202282,0.2798996364165161,-0.12862866874149637,0.002454622180477704,0.0036095926380959277,0.9916832212197243,-0.011905445846911958,-0.5417405257919018,0.7945901814449284,-0.053821457995847054,0.5080233033234569,-0.04248972208006488,-0.005773708375438987,-0.533131977177823,0.790254584476088,-0.027142377168157424,0.5152553398055261,-0.02115289856796008,-0.005773708375438987,-0.533131977177823,0.790254584476088,-0.027142377168157424,0.5152553398055261,-0.02115289856796008,-0.039389960496316316,-0.06011824472719964,0.03047567023353302,-0.17806788753623345,-0.05161432120255951,-0.14055758464668658,-0.13627589521804367,-0.15117740106718602,0.07449039720847012,-0.537243424144239,-0.11776220831724715,-0.4451128182552479,0.5,0.0,0.0,0.5,True,False,True,False,1,True,True,0.0031812999804969877,4,2.539338298881297e-09,3.234576866953474e-10,`gtol` termination condition is satisfied.,True,True,0.0,0.010000000000000009,True,0.02667908082768963,0.02633562768079574,False,False,False,False,False,False,1.0,False,False,False,0.0011880060401692663,0.008470142133408035,0.001188007427623473,0.008470142395402204
1.390000000000001,1786138338.003623,0.0061150999972596765,0.005863600003067404,0.01,TELEOP,0,,0.0,1.390000000000001,139,-0.0014936701754947159,0.012129961539770404,0.0,0.010358158293079688,0.01080629312158804,0.02105480219109449,0.9996662582534431,-0.000944043376105568,0.00922022999629565,0.0,0.007903594102277306,0.00818792282854155,0.01602174401234119,0.9998068787715072,-0.016283213012831678,-0.2222896812020275,0.2795169312185694,-0.12660171216831836,0.005104812094014691,0.007408326376048046,0.9919128308827551,-0.016247711024361244,-0.22248469387955,0.2795691847080254,-0.12680240443979662,0.004838127545660312,0.0070266234297649685,0.9918913092236037,-0.01624770871154493,-0.22248469498417783,0.279569184871671,-0.12680240447172825,0.004838127547253898,0.007026623269238554,0.9918913092206509,-0.016088444562155548,-0.2236272011121514,0.27987785556724515,-0.12850680863301825,0.002612969698434974,0.003839011770264404,0.9916977536089006,-0.016088444562155548,-0.2236272011121514,0.27987785556724515,-0.12850680863301825,0.002612969698434974,0.003839011770264404,0.9916977536089006,-0.012421451038655438,-0.5423895142592435,0.7949135748568777,-0.055967806630544424,0.507494948281835,-0.044234350720298,-0.0061809478929275566,-0.5337473495397766,0.7905662988864286,-0.028974842730728364,0.5147283169200325,-0.022601630956057054,-0.0061809478929275566,-0.5337473495397766,0.7905662988864286,-0.028974842730728364,0.5147283169200325,-0.022601630956057054,-0.040723951748856936,-0.06153723619536392,0.031171441034064825,-0.18324655625709385,-0.052702288549353944,-0.14487323880969735,-0.13339912525406206,-0.141899146816428,0.06957708005318061,-0.5178668720860409,-0.10879673467944327,-0.43156541630107853,0.5,0.0,0.0,0.5,True,False,True,False,1,True,True,0.0031507000094279647,4,2.5682877237848106e-09,3.2741175960733736e-10,`gtol` termination condition is satisfied.,True,True,0.0,0.010000000000000009,True,0.02699296389981606,0.02667908082768963,False,False,False,False,False,False,1.0,False,False,False,0.0011941368933435176,0.008498159566561508,0.0011941383009775241,0.008498159831629486
1.400000000000001,1786138338.0109499,0.006085900007747114,0.0071047999954316765,0.01,TELEOP,0,,0.0,1.400000000000001,140,-0.0015708419435684518,0.01243449435824277,0.0,0.010612278852964743,0.011083194163607347,0.02158031313731343,0.9996493547387375,-0.0010029227606667412,0.009522205965344248,0.0,0.008158217327410506,0.008460085148469566,0.016544263192613113,0.9997940576962503,-0.016300876828200028,-0.2222021752858007,0.2794934840789835,-0.12647505227261718,0.00527385534689677,0.007649624869103788,0.9919262728861358,-0.01626396157418327,-0.2223983398295427,0.2795460462100628,-0.12667630633151725,0.005005986739308848,0.007266627677407639,0.9919048591640064,-0.016263959231821577,-0.22239834093886313,0.2795460463715382,-0.12667630636371058,0.0050059867409363995,0.007266627514947424,0.991904859161077,-0.01609721544328874,-0.22354432087664572,0.27985556571302617,-0.12838231448588838,0.0027747758580794063,0.004072975651702184,0.9917125051220865,-0.01609721544328874,-0.22354432087664572,0.27985556571302617,-0.12838231448588838,0.0027747758580794063,0.004072975651702184,0.9917125051220865,-0.012945360216743628,-0.5430396960951835,0.7952371132339269,-0.05813589751808085,0.5069678375921414,-0.04599997118506872,-0.006601225869540801,-0.53437597105598,0.790884473306654,-0.030857110154663893,0.5141913203907753,-0.024092124118958527,-0.006601225869540801,-0.53437597105598,0.790884473306654,-0.030857110154663893,0.5141913203907753,-0.024092124118958527,-0.042027797661324466,-0.06286215162033838,0.031817442022544336,-0.18822674239355303,-0.05369965292572108,-0.14904931629014734,-0.13038459124675272,-0.13249154249744607,0.06460009884795116,-0.4980186136459182,-0.09973643763671343,-0.4176077480449988,0.5,0.0,0.0,0.5,True,False,True,False,1,True,True,0.004027600021800026,4,2.5967911705927507e-09,3.313062606100139e-10,`gtol` termination condition is satisfied.,True,True,0.0,0.010000000000000009,True,0.027278787363416955,0.02699296389981606,False,False,False,False,False,False,1.0,False,False,False,0.0011986975146256185,0.008514741427324234,0.0011986989426884017,0.00851474169542268
1.410000000000001,1786138338.0171282,0.007364699995378032,0.005918499984545633,0.01,TELEOP,0,,0.0,1.410000000000001,141,-0.0016499256118782557,0.01273853628416914,0.0,0.010865695999436998,0.01135991818068508,0.022104821020742575,0.9996320652105039,-0.0010637001280756739,0.009824376245539602,0.0,0.008412728459719465,0.008732677616627448,0.017066971921082124,0.999780818385186,-0.01631911003842271,-0.2221146130625274,0.27947002185196995,-0.1263484330515869,0.0054431258697638625,0.00789099162851121,0.9919396040572699,-0.01628078131675419,-0.22231180593875371,0.279522859523908,-0.12655012132118182,0.0051742379009654055,0.007506940101786586,0.9919183131216233,-0.016280778945197368,-0.22231180705249187,0.2795228596831141,-0.12655012135363047,0.005174237902626792,0.007506939937419406,0.9919183131187187,-0.01610653992054097,-0.2234597904681156,0.2798327982605319,-0.12825537029966164,0.002939804735717931,0.0043111173958703996,0.9917274483466774,-0.01610653992054097,-0.2234597904681156,0.2798327982605319,-0.12825537029966164,0.002939804735717931,0.0043111173958703996,0.9917274483466774,-0.013477103041951464,-0.5436908366041237,0.795560673242254,-0.060325290898405985,0.5064422135220059,-0.04778627067398718,-0.007034229828466905,-0.5350168940121397,0.7912086068025246,-0.03278716210399189,0.5136452603301453,-0.0256229522026948,-0.007034229828466905,-0.5350168940121397,0.7912086068025246,-0.03278716210399189,0.5136452603301453,-0.0256229522026948,-0.04330039589261039,-0.0640922956159655,0.03241334958705452,-0.19300519493280005,-0.054606006063000846,-0.15308280837362717,-0.1272598231285922,-0.12301439956271128,0.05959075645101796,-0.4778452539247034,-0.0906353137279769,-0.4033492083479841,0.5,0.0,0.0,0.5,True,False,True,False,1,True,True,0.0031718999962322414,4,2.624888764310803e-09,3.351458237065206e-10,`gtol` termination condition is satisfied.,True,True,0.0,0.010000000000000009,True,0.027538128794414092,0.027278787363416955,False,False,False,False,False,False,1.0,False,False,False,0.0012017849566507794,0.008520634736069866,0.0012017864054267669,0.008520635007160106
1.420000000000001,1786138338.0248396,0.006131200003437698,0.007498899998608977,0.01,TELEOP,0,,0.0,1.420000000000001,142,-0.0017309180583363116,0.013042075314494878,0.0,0.011118400882494238,0.011636452617920137,0.022628305537877435,0.9996143926138576,-0.0011263764963810794,0.01012667531761796,0.0,0.008667071012785426,0.009005641907581383,0.01758975604257619,0.9997671632816586,-0.016337912948914332,-0.22202701351823229,0.27944654962481874,-0.12622188255161124,0.005612587349094741,0.008132373939862008,0.9919528213188762,-0.01629817122578111,-0.22222511991041582,0.2794996320726198,-0.12642388687332612,0.0053428331107215525,0.007747490543985846,0.9919316666749087,-0.016298168825351098,-0.22222512102832245,0.27949963222946106,-0.12642388690602513,0.00534283311241666,0.007747490377736479,0.9919316666720306,-0.016116429233362258,-0.22337373281605283,0.2798095850227135,-0.12812616111067576,0.0031078200286475777,0.004553073203161791,0.9917425562201702,-0.016116429233362258,-0.22337373281605283,0.2798095850227135,-0.12812616111067576,0.0031078200286475777,0.004553073203161791,0.9917425562201702,-0.014016614083663642,-0.5443427174751229,0.7958841405393721,-0.06253557868423756,0.5059183043739368,-0.04959295850449954,-0.0074796389036991436,-0.5356691693848901,0.791538198158023,-0.0347629626171276,0.5130910458582053,-0.027192669656548915,-0.0074796389036991436,-0.5356691693848901,0.791538198158023,-0.0347629626171276,0.5130910458582053,-0.027192669656548915,-0.04454090752322392,-0.06522753727504,0.03295913554983295,-0.19758005131357065,-0.055421447194006705,-0.15697174538541153,-0.12405116306135357,-0.11352416590745171,0.054578596277843054,-0.45748563807706,-0.08154411310058585,-0.388893701178436,0.5,0.0,0.0,0.5,True,False,True,False,1,True,True,0.004725399980088696,4,2.652617320510156e-09,3.389349858907993e-10,`gtol` termination condition is satisfied.,True,True,0.0,0.010000000000000009,True,0.027772616067109963,0.027538128794414092,False,False,False,False,False,False,1.0,False,False,False,0.0012034986714801325,0.008516598429292109,0.0012035001412862643,0.008516598703340457
1.430000000000001,1786138338.0309706,0.007731899997452274,0.005897499999264255,0.01,TELEOP,0,,0.0,1.430000000000001,143,-0.0018138160854995256,0.013345099466018813,0.0,0.011370384715739663,0.011912784901107632,0.023150746446674995,0.9995963399524219,-0.001190952487645564,0.010429042692750499,0.0,0.00892119298677855,0.009278923999109253,0.018112510235186313,0.9997530949479936,-0.016357285746293675,-0.22193939418123196,0.2794230720942281,-0.12609542659957998,0.005782206180265862,0.008373723185469641,0.991965921915855,-0.01631613207317536,-0.2221383074627467,0.27947637074737386,-0.1262976375722294,0.005511727964969819,0.007988214163205406,0.9919449158259731,-0.016316129644168367,-0.2221383085845961,0.27947637090175786,-0.12629763760517418,0.0055117279666985425,0.007988213995096765,0.9919449158231226,-0.016126893696276793,-0.22328627033221993,0.2797859580469444,-0.12799487202646573,0.0032785863621787085,0.004798484416857489,0.9917578021642661,-0.016126893696276793,-0.22328627033221993,0.2797859580469444,-0.12799487202646573,0.0032785863621787085,0.004798484416857489,0.9917578021642661,-0.014563832404500694,-0.5449951355598613,0.7962074091194623,-0.06476638174159287,0.5053963256070484,-0.051419764175905075,-0.007937126344195373,-0.5363318521305708,0.7918727486433509,-0.03678247016475523,0.5125295803682939,-0.028799821034521826,-0.007937126344195373,-0.5363318521305708,0.7918727486433509,-0.03678247016475523,0.5125295803682939,-0.028799821034521826,-0.045748744049623,-0.06626827456807229,0.03345504853279087,-0.20195075476276286,-0.056146548991142894,-0.16071513779729124,-0.12078365263990833,-0.10407372930322767,0.04959129829579153,-0.4370703449192215,-0.07251017971361898,-0.3743392411879707,0.5,0.0,0.0,0.5,True,False,True,False,1,True,True,0.0031645999988541007,4,2.680010344226614e-09,3.426776197227972e-10,`gtol` termination condition is satisfied.,True,True,0.0,0.010000000000000009,True,0.02798391157683764,0.027772616067109963,False,False,False,False,False,False,1.0,False,False,False,0.0012039396240869883,0.00850339688396943,0.0012039411152692495,0.008503397160946174
1.440000000000001,1786138338.0373795,0.00611009998829104,0.0061969000089447945,0.01,TELEOP,0,,0.0,1.440000000000001,144,-0.0018986164206957147,0.013647596775866295,0.0,0.01162163877657971,0.012188902437550567,0.02367212356733713,0.9995779102878012,-0.0012574283580735772,0.010731422441828117,0.0,0.009175046452659605,0.009552473765918026,0.01863513718568839,0.9997386160540233,-0.01637722850742208,-0.2218517712585377,0.27939959360285377,-0.12596908900864268,0.005951951212318947,0.00861499446210618,0.9919789033853073,-0.016334664445619308,-0.22205139247792727,0.27945308194738133,-0.1261714053581343,0.005680881285460598,0.008229050998867882,0.9919580569648255,-0.01633466198830816,-0.22205139360351564,0.27945308209921876,-0.1261714053913209,0.005680881287222834,0.008229050828921156,0.9919580569620041,-0.016137942698584127,-0.22319752426653777,0.27976194944999994,-0.1278616873124692,0.0034518705083206474,0.005046999391632015,0.9917731602058724,-0.016137942698584127,-0.22319752426653777,0.27976194944999994,-0.1278616873124692,0.0034518705083206474,0.005046999391632015,0.9917731602058724,-0.015118701175861449,-0.5456479017291059,0.7965303806994328,-0.06701734736507797,0.5048764808779621,-0.05326643557001497,-0.008406361878759042,-0.5370040061029902,0.7922117645886243,-0.03884364984174946,0.5119617571449699,-0.030442950176382363,-0.008406361878759042,-0.5370040061029902,0.7922117645886243,-0.03884364984174946,0.5119617571449699,-0.030442950176382363,-0.04692355345636697,-0.0672153972419379,0.03390159452733742,-0.20611796769942342,-0.05678232233238916,-0.16431291418605387,-0.11748094067439696,-0.09471226738656142,0.04465459945465523,-0.4167212936660558,-0.06357733412462678,-0.3597776388762635,0.5,0.0,0.0,0.5,True,False,True,False,1,True,True,0.003129599994281307,4,2.707098420694547e-09,3.4637728523707327e-10,`gtol` termination condition is satisfied.,True,True,0.0,0.010000000000000009,True,0.02817369752332851,0.02798391157683764,False,False,False,False,False,False,1.0,False,False,False,0.001203209464743218,0.008481793947279855,0.0012032109776734677,0.00848179422715904
1.450000000000001,1786138338.0435855,0.006457200011936948,0.005945099983364344,0.01,TELEOP,0,,0.0,1.450000000000001,145,-0.001985315716152858,0.013949555301961495,0.0,0.01187215440641277,0.012464792616875615,0.024192416783087062,0.9995591067390472,-0.0013258040253216056,0.011033762769011425,0.0,0.009428587175472021,0.009826244611615072,0.019157546842522872,0.9997237293671106,-0.01639774120759649,-0.22176415975943117,0.2793761181724205,-0.1258428917646321,0.00612179351675467,0.008856146234691407,0.9919917635294777,-0.016353768759935702,-0.22196439714138658,0.27942977161720994,-0.12604521974575914,0.00585025485013081,0.008469945565555448,0.9919710868364806,-0.016353766274572107,-0.22196439827053016,0.27942977176641404,-0.12604521977918445,0.005850254851926448,0.00846994539379029,0.9919710868336894,-0.016149584710301812,-0.22310761411309316,0.27973759126041575,-0.12772678953301672,0.0036274425135872294,0.005298275172351256,0.9917886050850742,-0.016149584710301812,-0.22310761411309316,0.27973759126041575,-0.12772678953301672,0.0036274425135872294,0.005298275172351256,0.9917886050850742,-0.015681167322190673,-0.5463008398040121,0.7968529641439898,-0.06928814693588509,0.5043589630053916,-0.055132737279859644,-0.008887013934355125,-0.5376847085895206,0.7925547597575927,-0.04094448466437012,0.5113884553420649,-0.03212060874463978,-0.008887013934355125,-0.5376847085895206,0.7925547597575927,-0.04094448466437012,0.5113884553420649,-0.03212060874463978,-0.04806520555960836,-0.06807024865304166,0.03429951689684087,-0.21008348226206566,-0.05733018029050834,-0.16776585682574194,-0.11416521032413847,-0.08548514111037636,0.03979223695034518,-0.3965514562642233,-0.05478579581191795,-0.3452942639688067,0.5,0.0,0.0,0.5,True,False,True,False,1,True,True,0.0032223000016529113,4,2.7339091603405624e-09,3.500373422466687e-10,`gtol` termination condition is satisfied.,True,True,0.0,0.010000000000000009,True,0.02834366227151497,0.02817369752332851,False,False,False,False,False,False,1.0,False,False,False,0.0012014097613896578,0.008452547473128258,0.0012014112964618766,0.008452547755887586
1.460000000000001,1786138338.049638,0.006159799988381565,0.005838200013386086,0.01,TELEOP,0,,0.0,1.460000000000001,146,-0.002073910549131214,0.01425096312349884,0.0,0.012121923010808796,0.012740442811852938,0.024711606040938805,0.9995399324821173,-0.0013960790932555508,0.01133601562538785,0.0,0.009681774273052024,0.010100193135341,0.019679655739047317,0.9997084377434988,-0.01641882372797667,-0.22167657360741808,0.2793526495337204,-0.12571685519497264,0.006291706178095975,0.009097140022557097,0.9920045003913364,-0.016373445277306792,-0.22187734207185872,0.27940644528163294,-0.12591910802618425,0.00601981314437463,0.008710846478769223,0.9919840025107363,-0.01637344276412343,-0.22187734320439262,0.2794064454281199,-0.12591910805984577,0.006019813146203578,0.008710846305203915,0.9919840025079764,-0.01616182729394213,-0.22301665706715024,0.2797129152687303,-0.12759035874828697,0.003805076734230884,0.005551978983099737,0.9918041123502671,-0.01616182729394213,-0.22301665706715024,0.2797129152687303,-0.12759035874828697,0.003805076734230884,0.005551978983099737,0.9918041123502671,-0.016251181191908284,-0.5469537855586298,0.797175074927952,-0.07157847375095255,0.5038439548627648,-0.05701844905825645,-0.009378751702384544,-0.5383730544589034,0.7929012575178301,-0.043082985953762545,0.5108105363249623,-0.03383136410105364,-0.009378751702384544,-0.5383730544589034,0.7929012575178301,-0.043082985953762545,0.5108105363249623,-0.03383136410105364,-0.0491737768029418,-0.06883458693828075,0.03464977602374255,-0.21385012893924243,-0.05779190171025772,-0.17107553564138614,-0.11085712433334417,-0.07643382852390845,0.03502591269016805,-0.37666466771767787,-0.04617214197493811,-0.330967881564419,0.5,0.0,0.0,0.5,True,False,True,False,1,True,True,0.003155199985485524,4,2.7604677269384008e-09,3.5366070891046076e-10,`gtol` termination condition is satisfied.,True,True,0.0,0.010000000000000009,True,0.02849548779719001,0.02834366227151497,False,False,False,False,False,False,1.0,False,False,False,0.0011986412925873735,0.00841640436280742,0.0011986428502147363,0.008416404648427833
1.470000000000001,1786138338.0564985,0.0060471000033430755,0.0066516000078991055,0.01,TELEOP,0,,0.0,1.470000000000001,147,-0.002164397422058484,0.014551808341413626,0.0,0.01237093605967985,0.013015840379219885,0.025229671352459494,0.9995203907493219,-0.0014682528743953625,0.01163813635896834,0.0,0.009934569906829211,0.010374278829808776,0.020201386380460578,0.9996927441208299,-0.016440475862318615,-0.22158902574165124,0.2793291911537891,-0.12559099812171856,0.006461664104176199,0.00933794011522602,0.9920171122325461,-0.01639369411639355,-0.22179024644267054,0.27938310807812766,-0.12579309545315878,0.006189523131470825,0.008951706109569366,0.9919968013544426,-0.016393691575605922,-0.22179024757844704,0.279383108221816,-0.12579309548705417,0.00618952313333297,0.00895170593422091,0.9919968013517151,-0.01617467712167963,-0.22292476753355164,0.27968795288607795,-0.1274525717685922,0.003984552778005416,0.005807789528350158,0.9918196584407498,-0.01617467712167963,-0.22292476753355164,0.27968795288607795,-0.1274525717685922,0.003984552778005416,0.005807789528350158,0.9918196584407498,-0.01682869625306674,-0.547606585790062,0.7974966346341268,-0.07388804101225231,0.5033316302031781,-0.05892336437844752,-0.009881247049124582,-0.5390681599178595,0.7932507928057998,-0.045257202795834,0.5102288403778836,-0.035573806513026024,-0.009881247049124582,-0.5390681599178595,0.7932507928057998,-0.045257202795834,0.5102288403778836,-0.035573806513026024,-0.050249534674003726,-0.06951054589561755,0.03495352879697001,-0.2174216842071457,-0.0581695947078642,-0.1742442411972386,-0.10757578710619299,-0.0675958957336794,0.030375277322746155,-0.35715552679032453,-0.03776929976064796,-0.31687055558524624,0.5,0.0,0.0,0.5,True,False,True,False,1,True,True,0.0038012000150047243,4,2.7867967944081066e-09,3.572499741712125e-10,`gtol` termination condition is satisfied.,True,True,0.0,0.010000000000000009,True,0.028630838216418313,0.02849548779719001,False,False,False,False,False,False,1.0,False,False,False,0.0011950034012036001,0.008374096103405884,0.0011950049818146469,0.008374096391870905
1.480000000000001,1786138338.062978,0.006904900015797466,0.006225600023753941,0.01,TELEOP,0,,0.0,1.480000000000001,148,-0.0022567727626678635,0.014852079078851776,0.0,0.012619185087441613,0.013290972660508603,0.0257465927945247,0.9995004848287666,-0.0015423244102644347,0.01194008339760997,0.0,0.010186939001702346,0.01064846380779944,0.020722666688417074,0.9996766515116927,-0.01646269732307934,-0.2215015282088126,0.2793057462605253,-0.1254653380002118,0.006631643854299344,0.00957851331493288,0.9920295975135813,-0.016414515265407874,-0.221703128094712,0.27935976478714625,-0.12566720541483706,0.006359354040928617,0.009192480266225085,0.9920094810060851,-0.01641451269721616,-0.22170312923359958,0.27935976492795683,-0.1256672054489649,0.006359354042823887,0.00919248008910938,0.9920094810033909,-0.01618813999743695,-0.22283205668644623,0.27966273501155364,-0.12731360146704587,0.004165656352291644,0.006065398109947416,0.9918352207571642,-0.01618813999743695,-0.22283205668644623,0.27966273501155364,-0.12731360146704587,0.004165656352291644,0.006065398109947416,0.9918352207571642,-0.017413668811927397,-0.5482590974527419,0.7978175704849736,-0.07621657996569292,0.5028221544207775,-0.06084728909942256,-0.010394176268100191,-0.539769165877006,0.7936029138869886,-0.04746523057585685,0.509644183773915,-0.03734655568640624,-0.010394176268100191,-0.539769165877006,0.7936029138869886,-0.04746523057585685,0.509644183773915,-0.03734655568640624,-0.05129292189756093,-0.0701005959146511,0.035212108118870974,-0.2208027780022856,-0.0584656603968659,-0.17727491733802186,-0.10433872235572003,-0.059005001903355656,0.02585793219009678,-0.3381093795139891,-0.029606568900169182,-0.30306761407832655,0.5,0.0,0.0,0.5,True,False,True,False,1,True,True,0.0033383000118192285,4,2.8129168597732573e-09,3.60807611755342e-10,`gtol` termination condition is satisfied.,True,True,0.0,0.010000000000000009,True,0.02875134938983607,0.028630838216418313,False,False,False,False,False,False,1.0,False,False,False,0.0011905934085786017,0.008326334794296297,0.0011905950126140472,0.008326335085592218
1.490000000000001,1786138338.0694232,0.006498799979453906,0.006171999993966892,0.01,TELEOP,0,,0.0,1.490000000000001,149,-0.0023510329241390685,0.015151763481638731,0.0,0.012866661693165775,0.013565826982877253,0.026262350510066524,0.9994802180637847,-0.0016182924898408468,0.012241817961771402,0.0,0.010438848992258143,0.010922712554441598,0.021243429497911116,0.9996601629980747,-0.01648548774695226,-0.22141409224635034,0.27928231786499413,-0.12533989104471066,0.006801623483593513,0.009818828703374466,0.9920419548757912,-0.016435908593192224,-0.22161600364153133,0.2793364198602755,-0.12554145959191268,0.006529277173563685,0.009433127901078673,0.9920220393525161,-0.01643590599778289,-0.22161600478341303,0.27933641999813125,-0.1255414596262718,0.006529277175491983,0.009433127722210598,0.992022039349856,-0.016202220883396352,-0.2227386320798676,0.2796372919087215,-0.1271736161513563,0.004348180019097744,0.006324509565121008,0.9918507777202525,-0.016202220883396352,-0.2227386320798676,0.2796372919087215,-0.1271736161513563,0.004348180019097744,0.006324509565121008,0.9918507777202525,-0.0180060577527644,-0.5489111868534089,0.7981378149063918,-0.07856383817962957,0.5023156852525574,-0.06279004022891876,-0.010917221673582446,-0.5404752409296708,0.7939571839129351,-0.04970521859368178,0.5090573562027676,-0.03914826662688333,-0.010917221673582446,-0.5404752409296708,0.7939571839129351,-0.04970521859368178,0.5090573562027676,-0.03914826662688333,-0.05230454054822544,-0.07060750526648778,0.03542700259466175,-0.22399880178249285,-0.058682757114736465,-0.18017109404770928,-0.10116186506645113,-0.050690935183666616,0.021489447579077794,-0.3196023780207257,-0.021709671787057083,-0.2896176709687432,0.5,0.0,0.0,0.5,True,False,True,False,1,True,True,0.003348700003698468,4,2.8388461774120446e-09,3.6433572537805006e-10,`gtol` termination condition is satisfied.,True,True,0.0,0.010000000000000009,True,0.028858619585947792,0.02875134938983607,False,False,False,False,False,False,1.0,False,False,False,0.001185506088560061,0.008273809649180522,0.0011855077164687926,0.008273809943295829
1.500000000000001,1786138338.075739,0.006405599997378886,0.006082500010961667,0.01,TELEOP,0,,0.0,1.500000000000001,150,-0.002447174185242335,0.015450849718747406,0.0,0.013113357540723425,0.0138403906599449,0.026776924708814525,0.9994595938523617,-0.0016961556662890254,0.012543303804298647,0.0,0.010690269592857442,0.011196991702852864,0.021763612101520072,0.9996432817266032,-0.016508846699886715,-0.22132672835788306,0.2792589087816317,-0.12521467234221173,0.006971582402036432,0.010058857430412347,0.9920541831252156,-0.016457873859362256,-0.2215288885669879,0.27931307744640305,-0.1254158781030768,0.006699265722167718,0.009673610840905553,0.992034474507674,-0.01645787123690962,-0.22152888971176032,0.2793130775812292,-0.1254158781376664,0.006699265724128978,0.0096736106602991,0.9920344745050489,-0.016216923930431452,-0.22264459730831712,0.2796116530915837,-0.12703277899517765,0.0045319238580688575,0.00658484303206791,0.9918663088184567,-0.016216923930431452,-0.22264459730831712,0.2796116530915837,-0.12703277899517765,0.0045319238580688575,0.00658484303206791,0.9918663088184567,-0.01860582429731905,-0.5495627289034165,0.7984573051219365,-0.08092957795348804,0.5018123734244062,-0.06475144477747373,-0.011450073035717129,-0.5411855839499868,0.7943131822784487,-0.05197537677224218,0.5084691185488106,-0.04097763483725532,-0.011450073035717129,-0.5411855839499868,0.7943131822784487,-0.05197537677224218,0.5084691185488106,-0.04097763483725532,-0.053285136213468184,-0.07103430203160387,0.03559983655135753,-0.22701581785603947,-0.05882376539570383,-0.18293682103719908,-0.09805956652427442,-0.042679676511608866,0.017283395669578466,-0.3017016073546613,-0.014100828096736835,-0.2765726989489783,0.5,0.0,0.0,0.5,True,False,True,False,1,True,True,0.00329510000301525,4,2.8646011603564747e-09,3.678362101221201e-10,`gtol` termination condition is satisfied.,True,True,0.0,0.010000000000000009,True,0.028954201181245864,0.028858619585947792,False,False,False,False,False,False,1.0,False,False,False,0.0011798332004555059,0.008217183958695135,0.0011798348526913505,0.008217184255620095
1.5100000000000011,1786138338.081882,0.006305200018687174,0.00592049999977462,0.01,TELEOP,0,,0.0,1.5100000000000011,151,-0.0025451927504852815,0.015749325982765273,0.0,0.013359264358919393,0.014114650992629877,0.02729029566802943,0.999438615646552,-0.0017759122721336116,0.012844506974701813,0.0,0.010941172589345485,0.011471269830948722,0.022283155836556368,0.999626010904478,-0.016532773681640092,-0.22123944638150728,0.27923552164654797,-0.12508969595557534,0.007141501246774602,0.010298572522665238,0.9920662812179837,-0.016480410723568293,-0.22144179731588348,0.27928974141600177,-0.12529047963868525,0.006869294606687815,0.009913893539132418,0.9920467847931416,-0.01648040807423594,-0.22144179846345596,0.2792897415477251,-0.12529047967350496,0.006869294608681903,0.009913893356800773,0.9920467847905522,-0.01623225251194743,-0.22255005171617664,0.27958584722027185,-0.12689124752913772,0.004716696039209487,0.006846132550768566,0.9918817946449416,-0.01623225251194743,-0.22255005171617664,0.27958584722027185,-0.12689124752913772,0.004716696039209487,0.006846132550768566,0.9918817946449416,-0.01921293178244,-0.5502136064251111,0.7987759827758297,-0.08331357484752006,0.5013123632450615,-0.06673133869728418,-0.011992428858970608,-0.5418994263191316,0.7946705057836235,-0.054273981478111966,0.5078802010097406,-0.04283340086245762,-0.011992428858970608,-0.5418994263191316,0.7946705057836235,-0.054273981478111966,0.5078802010097406,-0.04283340086245762,-0.05423558232534783,-0.07138423691447315,0.03573235051748122,-0.22986047058697914,-0.05889175390699876,-0.1855766025202303,-0.09504461118796463,-0.03499348828692912,0.01325139661236882,-0.28446527309396824,-0.006798851129492511,-0.2639781483031227,0.5,0.0,0.0,0.5,True,False,True,False,1,True,True,0.0031993000011425465,4,2.890196457915062e-09,3.713107650334063e-10,`gtol` termination condition is satisfied.,True,True,0.0,0.010000000000000009,True,0.02903959336940809,0.028954201181245864,False,False,False,False,False,False,1.0,False,False,False,0.0011736630796676906,0.008157092496490893,0.0011736647566858505,0.008157092796217581
1.5200000000000011,1786138338.0890007,0.006130299996584654,0.006908999988809228,0.01,TELEOP,0,,0.0,1.5200000000000011,152,-0.0026450847502627996,0.016047180490360507,0.0,0.013604373941617592,0.014388595269991568,0.027802443733229664,0.9994172869518887,-0.0018575604330221419,0.013145395605622053,0.0,0.011191531650353744,0.011745517277430388,0.02280200571109609,0.9996083537960034,-0.01655726812990665,-0.2211522555516745,0.2792121589341069,-0.12496497501695836,0.0073113617664871695,0.010537948710121769,0.9920782482471397,-0.016503518753931346,-0.22135474337798117,0.2792664153836429,-0.12516528158347331,0.0070393403228857475,0.010153942848356561,0.9920589687203987,-0.01650351607787342,-0.22135474452827436,0.27926641551219195,-0.1251652816185233,0.0070393403249126175,0.010153942664312222,0.9920589687178458,-0.016248209260619303,-0.22245509015448237,0.27955990200665787,-0.12674917319134676,0.004902313307537272,0.007108127507619831,0.9918972169246572,-0.016248209260619303,-0.22245509015448237,0.27955990200665787,-0.12674917319134676,0.004902313307537272,0.007108127507619831,0.9918972169246572,-0.019827345454542154,-0.5508637095091116,0.7990937935831405,-0.08571561632519648,0.5008157931514648,-0.06872956589997503,-0.012543997506644432,-0.5426160337907779,0.7950287696064193,-0.05659938047826403,0.5072913015443551,-0.04471435419832027,-0.012543997506644432,-0.5426160337907779,0.7950287696064193,-0.05659938047826403,0.5072913015443551,-0.04471435419832027,-0.055156864767382414,-0.07166074716464205,0.03582638227957789,-0.23253990001520625,-0.05888994653855149,-0.18809533358626487,-0.09212824420345879,-0.027651025016890013,0.009403176209666955,-0.2679429428227092,0.00018073684472721951,-0.2518731066034565,0.5,0.0,0.0,0.5,True,False,True,False,1,True,True,0.003957500011892989,4,2.9156449241279217e-09,3.7476096493824964e-10,`gtol` termination condition is satisfied.,True,True,0.0,0.010000000000000009,True,0.029116235846932445,0.02903959336940809,False,False,False,False,False,False,1.0,False,False,False,0.0011670802845072004,0.008094139349956429,0.0011670819867603858,0.008094139652478296
1.5300000000000011,1786138338.0952435,0.007175100006861612,0.005976100015686825,0.01,TELEOP,0,,0.0,1.5300000000000011,153,-0.0027468462410097706,0.016344401482747156,0.0,0.013848678147857337,0.014662210770075453,0.028313349318910434,0.9993956113267841,-0.0019410980802093613,0.013445939719404023,0.0,0.011441322156351618,0.012019705975149954,0.023320110065230607,0.9995903137196415,-0.016582329424062816,-0.22106516455524214,0.2791888229719448,-0.12484052181246448,0.007481146716662869,0.01077696226908013,0.9920900834307569,-0.01652719743470871,-0.22126773936580763,0.27924310272884273,-0.1250403001291151,0.007209380803501031,0.010393727811691227,0.9920710249746373,-0.016527194732071197,-0.22126774051875295,0.27924310285414794,-0.12504030016439552,0.0072093808055606196,0.010393727625946083,0.9920710249721216,-0.01626479610752443,-0.22235980278333797,0.27953384413001914,-0.12660670093688828,0.005088601382350587,0.0073705929332012615,0.9919125585320825,-0.01626479610752443,-0.22235980278333797,0.27953384413001914,-0.12660670093688828,0.005088601382350587,0.0073705929332012615,0.9919125585320825,-0.020449032279621703,-0.5515129349194244,0.7994106870055829,-0.08813550050024013,0.5003227962088687,-0.07074597734774253,-0.01310449817515778,-0.5433347080087361,0.7953876080925875,-0.058949997061889366,0.5067030846362552,-0.046619336583620906,-0.01310449817515778,-0.5433347080087361,0.7953876080925875,-0.058949997061889366,0.5067030846362552,-0.046619336583620906,-0.05605006685133476,-0.07186742179581528,0.035883848616810016,-0.23506165836253357,-0.058821690809982216,-0.1904982385300638,-0.08932020839523483,-0.02066746311732287,0.005746633723212324,-0.2521758347327328,0.006825572856926944,-0.2402904943798944,0.5,0.0,0.0,0.5,True,False,True,False,1,True,True,0.0032327000226359814,4,2.9409579799389597e-09,3.7818798433234927e-10,`gtol` termination condition is satisfied.,True,True,0.0,0.010000000000000009,True,0.029185503438350767,0.029116235846932445,False,False,False,False,False,False,1.0,False,False,False,0.0011601652974424902,0.00802889615533652,0.0011601670253778794,0.008028896460647842
1.5400000000000011,1786138338.1024203,0.006188699975609779,0.006964600004721433,0.01,TELEOP,0,,0.0,1.5400000000000011,154,-0.0028504732053567907,0.016640977226149364,0.0,0.014092168901960729,0.014935484760761378,0.028822992909255676,0.9993735923819244,-0.002026522961883526,0.013746111052884974,0.0,0.01169052104477922,0.012293809300220252,0.023837420264230844,0.9995718940455148,-0.016607956888565065,-0.2209781815822459,0.2791655159545752,-0.12471634785883798,0.007650839764764674,0.011015590879879897,0.9921017861012117,-0.016551446173242966,-0.2211807970866209,0.2792198066153465,-0.1249155503773796,0.007379395290995475,0.01063321947154315,0.9920829524000127,-0.01655144344416482,-0.22118079824215953,0.2792198067373396,-0.12491555041289118,0.007379395293087671,0.010633219284108548,0.9920829523975346,-0.016282014323178207,-0.22226427491803005,0.2795076991628273,-0.12646396890547904,0.005275395274204293,0.007633309663046281,0.9919278035003167,-0.016282014323178207,-0.22226427491803005,0.2795076991628273,-0.12646396890547904,0.005275395274204293,0.007633309663046281,0.9919278035003167,-0.021077960767651463,-0.5521611855434378,0.7997266159514037,-0.09057303498076837,0.49983350056885534,-0.07278043021266545,-0.013673661722631777,-0.5440547876914109,0.7957466753705944,-0.061324333360204805,0.5061161803589179,-0.04854724469812597,-0.013673661722631777,-0.5440547876914109,0.7957466753705944,-0.061324333360204805,0.5061161803589179,-0.04854724469812597,-0.0569163547473997,-0.07200796826748468,0.03590672780069824,-0.23743362983154398,-0.05869042773373363,-0.19279081145050608,-0.08662878960649391,-0.014054647166940906,0.0022879183888225205,-0.23719714690104005,0.013126307624858509,-0.22925729204422823,0.5,0.0,0.0,0.5,True,False,True,False,1,True,True,0.0038146000006236136,4,2.9661455441133307e-09,3.8159307726038447e-10,`gtol` termination condition is satisfied.,True,True,0.0,0.010000000000000009,True,0.02924870162056356,0.029185503438350767,False,False,False,False,False,False,1.0,False,False,False,0.0011529942788428141,0.007961900715865033,0.0011529960328983803,0.007961901023961184
1.5500000000000012,1786138338.108545,0.007191200013039634,0.005898100003832951,0.01,TELEOP,0,,0.0,1.5500000000000012,155,-0.0029559615522887386,0.016936896012264602,0.0,0.014334838193631032,0.015208404500614841,0.029331355058842542,0.9993512337796558,-0.002113832653443734,0.014045882898689046,0.0,0.011939106669749316,0.01256780193539028,0.02435389042062463,0.9995530981932983,-0.01663414979603313,-0.22089131437188894,0.2791422399557113,-0.1245924639729477,0.0078204254043531,0.011253813498035715,0.9921133556955053,-0.01657626430624677,-0.22109392760891072,0.2791965300089472,-0.12479104643459209,0.007549364221009935,0.01087239069450883,0.9920947499862118,-0.01657626155086094,-0.22109392876699263,0.2791965301275614,-0.12479104647033548,0.007549364223134676,0.010872390505395662,0.9920947499837721,-0.016299864559998448,-0.22216858691672084,0.2794814915066606,-0.1263211081461943,0.00546253952304972,0.007896074371680719,0.9919429370221825,-0.016299864559998448,-0.22216858691672084,0.2794814915066606,-0.1263211081461943,0.00546253952304972,0.007896074371680719,0.9919429370221825,-0.021714100810269796,-0.5528083698839579,0.8000415364978833,-0.09302803580348136,0.4993480298882622,-0.07483278709931049,-0.014251231357035984,-0.5447756494990889,0.7961056457999292,-0.06372097290062782,0.5055311837264236,-0.05049703229198606,-0.014251231357035984,-0.5447756494990889,0.7961056457999292,-0.06372097290062782,0.5055311837264236,-0.05049703229198606,-0.05775696344042057,-0.07208618076779634,0.035897042933479596,-0.2396639540423018,-0.058499663249433405,-0.19497875938600873,-0.08406086930208718,-0.007821250031166588,-0.0009684867218644664,-0.22303242107578336,0.019076448430022677,-0.21879479355026318,0.5,0.0,0.0,0.5,True,False,True,False,1,True,True,0.0031996000034268945,4,2.9912161621041152e-09,3.8497712466096923e-10,`gtol` termination condition is satisfied.,True,True,0.0,0.010000000000000009,True,0.029307062902853537,0.02924870162056356,False,False,False,False,False,False,1.0,False,False,False,0.001145638871072903,0.007893655980682207,0.00114564065167404,0.00789365629155877
1.5600000000000012,1786138338.1145709,0.006111099995905533,0.005812799994600937,0.01,TELEOP,0,,0.0,1.5600000000000012,156,-0.003063307117306308,0.017232146158725887,0.0,0.014576678078042181,0.015480957239741333,0.029838416393338524,0.9993285392333635,-0.0022030245668270905,0.014345229961476077,0.0,0.012187058674948346,0.012841659746345829,0.02486947714246934,0.9995339296304416,-0.016660907370048134,-0.220804570254198,0.2791189969394279,-0.12446888033473862,0.007989888877326334,0.011491610237513016,0.992124791746529,-0.01660165110547402,-0.22100714132378452,0.2791732756939335,-0.12466680149806758,0.007719269115716089,0.011111216011155077,0.9921064168562332,-0.016601648323908428,-0.22100714248436826,0.27917327580910356,-0.12466680153404386,0.007719269117873303,0.01111121582037387,0.9921064168538324,-0.0163183468957462,-0.2220728141074489,0.27945524433817615,-0.12617824239786465,0.005649888361307286,0.008158699490431642,0.9919579454440169,-0.0163183468957462,-0.2220728141074489,0.27945524433817615,-0.12617824239786465,0.005649888361307286,0.008158699490431642,0.9919579454440169,-0.02235742353075628,-0.553454401590556,0.800355407635036,-0.09550032645127207,0.49886650371186003,-0.07690291532606541,-0.014836963189779563,-0.5454967086012066,0.7964642142617854,-0.06613858243456174,0.5049486543132027,-0.05246771177409447,-0.014836963189779563,-0.5454967086012066,0.7964642142617854,-0.06613858243456174,0.5049486543132027,-0.05246771177409447,-0.058573183274357954,-0.07210591021177663,0.03585684618562493,-0.24176095339339074,-0.0582529413220942,-0.1970679482108409,-0.08162198339373809,-0.0019729443980290775,-0.004019674785466348,-0.20969993510889126,0.02467219273392067,-0.20891888248321597,0.5,0.0,0.0,0.5,True,False,True,False,1,True,True,0.0031487000233028084,4,3.016177365685882e-09,3.88340973886891e-10,`gtol` termination condition is satisfied.,True,True,0.0,0.010000000000000009,True,0.029361744016710337,0.029307062902853537,False,False,False,False,False,False,1.0,False,False,False,0.0011381660506382299,0.007824629361675897,0.0011381678581951357,0.007824629675328898
1.5700000000000012,1786138338.1209333,0.00605240001459606,0.006122899998445064,0.01,TELEOP,0,,0.0,1.5700000000000012,157,-0.003172505662590397,0.017526716009562984,0.0,0.01481768067591934,0.015753130220643466,0.030344157610191217,0.9993055125068439,-0.002294095958975228,0.014644128227739922,0.0,0.012434357878495304,0.01311535966972096,0.02538413930535732,0.9995143918706773,-0.016688228787692577,-0.2207179561877528,0.27909578877027075,-0.12434560654426521,0.008159216103514505,0.011728962265004167,0.9921360938751805,-0.016627605782825863,-0.22092044800157587,0.27915004628825857,-0.12454282793514093,0.00788909248629689,0.011349671469526368,0.9921179522552722,-0.016627602975204336,-0.2209204491646272,0.27915004639992025,-0.12454282797135152,0.007889092488486474,0.011349671277087308,0.9921179522529107,-0.01633746087751492,-0.2219770267520439,0.2794289795650098,-0.12603548792347777,0.005837305805904859,0.008421013019612959,0.9919728162528159,-0.01633746087751492,-0.2219770267520439,0.2794289795650098,-0.12603548792347777,0.005837305805904859,0.008421013019612959,0.9919728162528159,-0.023007901145366026,-0.5540991990276347,0.8006681910291443,-0.09798973694807155,0.49838903782144384,-0.07899068626094166,-0.01543062666115275,-0.5462174189616648,0.7968220963015936,-0.06857591308034497,0.5043691161254463,-0.054458355288852504,-0.01543062666115275,-0.5462174189616648,0.7968220963015936,-0.06857591308034497,0.5043691161254463,-0.054458355288852504,-0.059366347137318726,-0.07207103604581479,0.03578820398082212,-0.24373306457832333,-0.057953818775641104,-0.1990643514758036,-0.07931638629607696,0.003487416596184915,-0.006864220480280505,-0.19721111849325842,0.02991225464530958,-0.19964032649626984,0.5,0.0,0.0,0.5,True,False,True,False,1,True,True,0.0031962000066414475,4,3.041035243231378e-09,3.9168544276993337e-10,`gtol` termination condition is satisfied.,True,True,0.0,0.010000000000000009,True,0.029413823867726577,0.029361744016710337,False,False,False,False,False,False,1.0,False,False,False,0.0011306380259259714,0.00775525236498658,0.0011306398608299795,0.007755252681412175
1.5800000000000012,1786138338.1271574,0.006346899986965582,0.005999999993946403,0.01,TELEOP,0,,0.0,1.5800000000000012,158,-0.0032835528771694104,0.01782059393566257,0.0,0.015057838173610585,0.016024910679080916,0.030848559479310627,0.9992821574136688,-0.00238704393952129,0.014942554847883231,0.0,0.01268098616863374,0.013388879611719954,0.025897837845922925,0.999494488472768,-0.016716113181856396,-0.22063147879385825,0.2790726172224131,-0.12422265167336222,0.008328393616936996,0.011965851704170994,0.9921472617832464,-0.016654127494937845,-0.2208338568439974,0.2791268442575137,-0.12441913735537802,0.008058817743838624,0.011587734501296288,0.9921293555406183,-0.01665412466138097,-0.2208338580094892,0.27912684436560425,-0.1244191373918245,0.008058817746060537,0.011587734307209312,0.9921293555382965,-0.016357205565868026,-0.22188129004447707,0.2794027177914083,-0.12589295339665982,0.006024665683532089,0.008682858245676044,0.9919875380573859,-0.016357205565868026,-0.22188129004447707,0.2794027177914083,-0.12589295339665982,0.006024665683532089,0.008682858245676044,0.9919875380573859,-0.02366550683515711,-0.5547426848767114,0.8009798508048122,-0.10049610302513648,0.4979157445538588,-0.08109597470785597,-0.0160320048444532,-0.5469372733609392,0.7971790281332457,-0.07103180082470732,0.5037930577063113,-0.056468095312234894,-0.0160320048444532,-0.5469372733609392,0.7971790281332457,-0.07103180082470732,0.5037930577063113,-0.056468095312234894,-0.060137818330045195,-0.07198543992744595,0.03569318316521093,-0.24558877443623495,-0.057605841913495694,-0.20097400233823903,-0.07714711927264672,0.008559611836883354,-0.009502081561119324,-0.18557098579116046,0.03479768621454111,-0.19096508624354414,0.5,0.0,0.0,0.5,True,False,True,False,1,True,True,0.003230200003599748,4,3.065795051572804e-09,3.950110229753958e-10,`gtol` termination condition is satisfied.,True,True,0.0,0.010000000000000009,True,0.029464302200429157,0.029413823867726577,False,False,False,False,False,False,1.0,False,False,False,0.0011231121779519148,0.007685920513687418,0.0011231140405734052,0.0076859208328815196
1.5900000000000012,1786138338.1335278,0.0062107999983709306,0.006159600015962496,0.01,TELEOP,0,,0.0,1.5900000000000012,159,-0.003396444377089464,0.018113768335227317,0.0,0.01529714282314975,0.016296285844932958,0.03135160284374396,0.999258477816544,-0.0024818654777708725,0.015240488029415246,0.0,0.012926926409237904,0.01366219835635278,0.026410535574829565,0.9994742230394602,-0.01674455964333127,-0.22054514438749317,0.2790494839879486,-0.12410002431245715,0.008497408508096674,0.012202261548916517,0.9921582952469762,-0.01668121534729209,-0.2207473765321442,0.27910367192779145,-0.12429574067651394,0.008228429117965032,0.011825383799552452,0.99214062617248,-0.016681212487917946,-0.2207473777000557,0.27910367203224895,-0.12429574071319781,0.008228429120219203,0.011825383603827273,0.9921406261701984,-0.01637757957875477,-0.2217856641411024,0.2793764782933408,-0.1257507398380799,0.006211851593533768,0.008944093373786823,0.9920021005641452,-0.01637757957875477,-0.2217856641411024,0.2793764782933408,-0.1257507398380799,0.006211851593533768,0.008944093373786823,0.9920021005641452,-0.0243302146275185,-0.5553847857705811,0.8012903533443037,-0.1030192653533923,0.4974467330903132,-0.08321865833968792,-0.016640894635972125,-0.54765580317423,0.7975347665151147,-0.07350516642737756,0.5032209324567154,-0.05849612479913718,-0.016640894635972125,-0.54765580317423,0.7975347665151147,-0.07350516642737756,0.5032209324567154,-0.05849612479913718,-0.06088897915189233,-0.07185298132907679,0.03557383818690026,-0.24733656026702439,-0.057212524959592,-0.20280294869022816,-0.07511608218471351,0.01324585983691606,-0.011934497831066898,-0.17477858307894345,0.03933169539036997,-0.18289463519891258,0.5,0.0,0.0,0.5,True,False,True,False,1,True,True,0.00342839999939315,4,3.090460986732899e-09,3.9831815952792166e-10,`gtol` termination condition is satisfied.,True,True,0.0,0.010000000000000009,True,0.02951409892601474,0.029464302200429157,False,False,False,False,False,False,1.0,False,False,False,0.001115641041410371,0.007616993538098315,0.0011156429320959256,0.007616993860056236
1.6000000000000012,1786138338.1397963,0.006376500008627772,0.006051499978639185,0.01,TELEOP,0,,0.0,1.6000000000000012,160,-0.003511175705587444,0.018406227634233933,0.0,0.01553558694231049,0.01656724294306365,0.03185326862034316,0.9992344776266598,-0.002578557409043516,0.015537906940227523,0.0,0.013172162354209675,0.01393529548238071,0.026922197007405068,0.9994535992166058,-0.016773567222713063,-0.22045895900533907,0.27902639068440105,-0.12397773261298095,0.008666248371743658,0.012438175584836859,0.9921691941112787,-0.01670886839789592,-0.2206610152706385,0.27908053149751366,-0.12417264818462576,0.008397911582589651,0.012062599207273404,0.9921517637056505,-0.016708865512820824,-0.22066101644095465,0.2790805315982776,-0.12417264822154886,0.008397911584876008,0.012062599009919612,0.9921517637034095,-0.01639858113486572,-0.22169020422020871,0.2793502790027732,-0.12560894059939498,0.006398756812993913,0.009204591086070356,0.9920164945481925,-0.01639858113486572,-0.22169020422020871,0.2793502790027732,-0.12560894059939498,0.006398756812993913,0.009204591086070356,0.9920164945481925,-0.025001999286664106,-0.5560254319570991,0.8015996671029569,-0.10555906883681569,0.49698210971918816,-0.08535861717466253,-0.017257106838272054,-0.5483725779251831,0.7978890885081323,-0.07599501477433528,0.502653159153353,-0.06054169691473875,-0.017257106838272054,-0.5483725779251831,0.7978890885081323,-0.07599501477433528,0.502653159153353,-0.06054169691473875,-0.06162122022999295,-0.0716774750953128,0.03543219930177125,-0.24898483469577107,-0.05677733033624213,-0.20455721156015733,-0.0732241078100626,0.0175506233763992,-0.01416388851290095,-0.1648274428746673,0.04351946233498618,-0.17542628699291515,0.5,0.0,0.0,0.5,True,False,True,False,1,True,True,0.0032989000028464943,4,3.1150363674755322e-09,4.016071933510995e-10,`gtol` termination condition is satisfied.,True,True,0.0,0.010000000000000009,True,0.029564054062480416,0.02951409892601474,False,False,False,False,False,False,1.0,False,False,False,0.001108272323213481,0.007548795810271535,0.0011082742422839032,0.007548796134988164
1.6100000000000012,1786138338.1459684,0.00631599998450838,0.005907800019485876,0.01,TELEOP,0,,0.0,1.6100000000000012,161,-0.003627742333266948,0.018697960286890056,0.0,0.015773162914651445,0.0168377691941893,0.032353537800424596,0.9992101608030353,-0.0026771164404350706,0.01583479162100065,0.0,0.013416678569929818,0.014208151288153663,0.027432788210265843,0.9994326206924281,-0.01680313493213053,-0.22037292843116257,0.27900333886152606,-0.1238557843257906,0.008834901259594677,0.012673578318084144,0.9921799582844797,-0.016737085660565865,-0.2205747808281903,0.27905742504829995,-0.12404986958901291,0.008567250788206176,0.012299361615622296,0.9921627677819448,-0.016737082749905027,-0.2205747820009013,0.2790574251453106,-0.12404986962617737,0.008567250790524651,0.012299361416649343,0.9921627677797445,-0.016420208096122,-0.22159496056828953,0.27932413650074306,-0.1254676413921727,0.006585284148649604,0.009464238035462463,0.9920307118202414,-0.016420208096122,-0.22159496056828953,0.27932413650074306,-0.1254676413921727,0.006585284148649604,0.009464238035462463,0.9920307118202414,-0.025680836212411753,-0.5566645569904749,0.8019077624395609,-0.10811536196218444,0.49652197807440895,-0.0875157330928432,-0.017880466144367405,-0.5490872046348436,0.7982417911262557,-0.0785004337256288,0.5020901226455559,-0.06260412438305481,-0.017880466144367405,-0.5490872046348436,0.7982417911262557,-0.0785004337256288,0.5020901226455559,-0.06260412438305481,-0.062335930609535,-0.07146267096604492,0.035270261812337896,-0.25054189512935204,-0.05630365077971085,-0.20624274683160565,-0.07147103795420458,0.021480412926788824,-0.01619374894333553,-0.15570604335809965,0.04736795565312864,-0.1685535271448317,0.5,0.0,0.0,0.5,True,False,True,False,1,True,True,0.0031682999979238957,4,3.1395236419561763e-09,4.048784955664563e-10,`gtol` termination condition is satisfied.,True,True,0.0,0.010000000000000009,True,0.029614928236555635,0.029564054062480416,False,False,False,False,False,False,1.0,False,False,False,0.001101048955625962,0.007481616999408644,0.0011010509033742022,0.007481617326878182
1.6200000000000012,1786138338.152569,0.006118500023148954,0.006389999995008111,0.01,TELEOP,0,,0.0,1.6200000000000012,162,-0.0037461396582771146,0.01898895477609009,0.0,0.016009863189552814,0.017107851815748424,0.03285239145042159,0.9991855313518558,-0.0027775391560556115,0.016131122905883997,0.0,0.013660460365005572,0.014480746723597629,0.027942276662426158,0.9994112911969044,-0.01683326174681669,-0.22028705821880068,0.2789803300074698,-0.12373418683597842,0.009003355637542183,0.012908454910943326,0.9921905877335843,-0.016765866107853414,-0.2204886805748344,0.27903435455494513,-0.12392741407222345,0.008736433000178167,0.012535652871245006,0.9921736381233361,-0.0167658631717216,-0.22048868174993555,0.27903435464814397,-0.12392741410963129,0.008736433002528677,0.01253565267066229,0.9921736381211773,-0.016442458009025492,-0.2214999786904417,0.2792980660188192,-0.12532692035905335,0.006771345740321344,0.0097229342847388,0.9920447451899915,-0.016442458009025492,-0.2214999786904417,0.2792980660188192,-0.12532692035905335,0.006771345740321344,0.0097229342847388,0.9920447451899915,-0.02636670134661971,-0.5573020974480722,0.8022146114606081,-0.11068799620086592,0.49606643935129763,-0.08968988938975637,-0.018510811030526004,-0.5497993269854575,0.7985926908896351,-0.0810205925037259,0.5015321747127539,-0.06468277848600218,-0.018510811030526004,-0.5497993269854575,0.7985926908896351,-0.0810205925037259,0.5015321747127539,-0.06468277848600218,-0.06303448861586007,-0.07121223506139439,0.03508997633794336,-0.2520158778097096,-0.055794793280192045,-0.20786541029473682,-0.06985580063250749,0.025043590465053066,-0.01802854743945311,-0.14739826803575515,0.05088574995187993,-0.16226634631311734,0.5,0.0,0.0,0.5,True,False,True,False,1,True,True,0.0033104000031016767,4,3.163924584111929e-09,4.081321303347709e-10,`gtol` termination condition is satisfied.,True,True,0.0,0.010000000000000009,True,0.02966740369714002,0.029614928236555635,False,False,False,False,False,False,1.0,False,False,False,0.0010940091810213365,0.0074157129252845205,0.0010940111577113607,0.007415713255500064
1.6300000000000012,1786138338.1588736,0.00662269999156706,0.006071999989217147,0.01,TELEOP,0,,0.0,1.6300000000000012,163,-0.0038663630064942724,0.01927919961386986,0.0,0.01624568028224405,0.01737747802277381,0.03334981071252918,0.9991605933258045,-0.0028798220217924283,0.016426882350671135,0.0,0.013903493726627867,0.014753063328680323,0.028450631129530137,0.9993896145012441,-0.016863946606537734,-0.22020135371297406,0.27895736555434586,-0.12361294719440817,0.00917160034693136,0.013142791123491582,0.9922010824799945,-0.01679520867364644,-0.22040272151608842,0.279011321894572,-0.12380529033563224,0.008905445042528928,0.012771455691820158,0.9921843745257312,-0.0167952057121585,-0.22040272269357902,0.27901132198390144,-0.12380529037328572,0.008905445044911428,0.012771455489637045,0.9921843745236139,-0.01646532814463031,-0.22140529944233642,0.2792720814484916,-0.1251868481842799,0.006956862820557264,0.009980592699867077,0.9920585884264806,-0.01646532814463031,-0.22140529944233642,0.2792720814484916,-0.1251868481842799,0.006956862820557264,0.009980592699867077,0.9920585884264806,-0.0270595710867033,-0.5579379926708338,0.8025201878774235,-0.11327682545863066,0.4956155925017057,-0.09188097036438556,-0.019147993565450397,-0.5505086243185576,0.7989416232907037,-0.08355473966805729,0.5009796350645532,-0.0667770877461927,-0.019147993565450397,-0.5505086243185576,0.7989416232907037,-0.08355473966805729,0.5009796350645532,-0.0667770877461927,-0.0637182534924393,-0.07092973331001169,0.03489324010685668,-0.25341471643313984,-0.05525396482007061,-0.20943092601905278,-0.0683764876579227,0.028250175138269547,-0.019673623108668166,-0.13988386234302885,0.05408284601214324,-0.1565515724315944,0.5,0.0,0.0,0.5,True,False,True,False,1,True,True,0.003269500011811033,4,3.188240062005496e-09,4.1136821806088984e-10,`gtol` termination condition is satisfied.,True,True,0.0,0.010000000000000009,True,0.029722085790573366,0.02966740369714002,False,False,False,False,False,False,1.0,False,False,False,0.0010871866652422673,0.007351306587187313,0.001087188671107291,0.007351306920140912
1.6400000000000012,1786138338.1656833,0.006301399989752099,0.00657980001415126,0.01,TELEOP,0,,0.0,1.6400000000000012,164,-0.003988407631706498,0.019568683341860158,0.0,0.016480606773822987,0.01764663502876674,0.033845776805341385,0.9991353508233863,-0.0029839613896429674,0.016722052167766562,0.0,0.01414576526291603,0.015025083177746236,0.02895782154997222,0.9993675944174438,-0.016895188416892897,-0.220115820068132,0.2789344468832847,-0.1234920721462853,0.009339624569522614,0.013376573260768075,0.9922114425956376,-0.016825112255477687,-0.2203169103242621,0.27898832885502056,-0.12368350664094704,0.009074274246769633,0.013006753589164961,0.9921949768533219,-0.01682510926874916,-0.22031691150414567,0.27898832894042364,-0.12368350667884838,0.00907427424918404,0.013006753385390854,0.9921949768512465,-0.01648881553692864,-0.22131095918124466,0.2792461953579995,-0.1250474882406075,0.0071417654351637935,0.010237138306358426,0.9920722362159324,-0.01648881553692864,-0.22131095918124466,0.2792461953579995,-0.1250474882406075,0.0071417654351637935,0.010237138306358426,0.9920722362159324,-0.02775942220569274,-0.5585721845255524,0.802824466875206,-0.1158817055697653,0.49516953441009237,-0.09408886093896614,-0.019791879143577218,-0.5512148104864479,0.7992884421832422,-0.0861022007207896,0.5004327924658244,-0.06888653632631717,-0.019791879143577218,-0.5512148104864479,0.7992884421832422,-0.0861022007207896,0.5004327924658244,-0.06888653632631717,-0.0643885578126821,-0.07061861678903483,0.03468188925385634,-0.254746105273231,-0.05468425987288477,-0.21094485801244658,-0.06703043202427965,0.031111652097686023,-0.021135085300034533,-0.1331388840091134,0.05697049471858433,-0.15139319933938195,0.5,0.0,0.0,0.5,True,False,True,False,1,True,True,0.0036706000100821257,4,3.2124704270714516e-09,4.145867048759473e-10,`gtol` termination condition is satisfied.,True,True,0.0,0.010000000000000009,True,0.029779504848975707,0.029722085790573366,False,False,False,False,False,False,1.0,False,False,False,0.001080610636501912,0.007288589346404029,0.0010806126717440366,0.007288589682086442
1.6500000000000012,1786138338.171996,0.00683620001655072,0.00605679998989217,0.01,TELEOP,0,,0.0,1.6500000000000012,165,-0.00411226871580096,0.01985739453173907,0.0,0.016714635311266286,0.01791531004657324,0.034340271024480985,0.999109807988247,-0.0030899535016583866,0.0170166151673056,0.0,0.014387262150686204,0.015296788829169527,0.029463818931787608,0.9993452347979042,-0.016926986050497524,-0.22003046226551481,0.27891157532900573,-0.12337156815704046,0.009507417795793217,0.013609788124935686,0.992221668199462,-0.01685557571656944,-0.22023125336713434,0.27896537714253206,-0.12356207084798942,0.009242908405338894,0.013241530799253923,0.9922054450334666,-0.01685557270471692,-0.220231254549418,0.2789653772239533,-0.12356207088614116,0.009242908407785152,0.013241530593898262,0.9922054450314333,-0.016512917019476256,-0.221216989933664,0.27922041901607314,-0.12490889676952316,0.007325992129238462,0.010492507616790759,0.9920856841175839,-0.016512917019476256,-0.221216989933664,0.27922041901607314,-0.12490889676952316,0.007325992129238462,0.010492507616790759,0.9920856841175839,-0.028466231778340654,-0.5592046171873275,0.8031274249930779,-0.11850249383205266,0.49472836005208964,-0.09631344630821663,-0.020442346150157106,-0.5519176325757702,0.7996330191042487,-0.08866237538795577,0.49989190596967203,-0.07101066217741667,-0.020442346150157106,-0.5519176325757702,0.7996330191042487,-0.08866237538795577,0.49989190596967203,-0.07101066217741667,-0.06504670065798876,-0.07028220893222607,0.034457692100643054,-0.2560174667166166,-0.054088649615237946,-0.21241258510995067,-0.06581428453066562,0.03364078568087597,-0.02241971532132824,-0.12713614433856557,0.059561025764682106,-0.14677270975040788,0.5,0.0,0.0,0.5,True,False,True,False,1,True,True,0.0032375000009778887,4,3.2366154669844463e-09,4.177875995569043e-10,`gtol` termination condition is satisfied.,True,True,0.0,0.010000000000000009,True,0.029840118444096897,0.029779504848975707,False,False,False,False,False,False,1.0,False,False,False,0.0010743060467623149,0.007227722240890617,0.0010743081115521052,0.00722772257929141
1.6600000000000013,1786138338.178106,0.006288899981882423,0.005877699994016439,0.01,TELEOP,0,,0.0,1.6600000000000013,166,-0.00423794136895414,0.02014532178568317,0.0,0.016947758607431276,0.018183490289262184,0.03483327474322163,0.9990839690084853,-0.003197794493534567,0.017310554703849183,0.0,0.014627972088132815,0.015568163279824958,0.029968595259299555,0.9993225395350922,-0.016959338348060377,-0.21994528512860034,0.2788887521839559,-0.12325144143577903,0.00967496979626416,0.013842422971965175,0.9922317594542664,-0.016886597887641047,-0.22014575673420034,0.2789424683887818,-0.1234409904490701,0.009411335729259987,0.013475772218557473,0.9922157790520455,-0.016886594850782796,-0.2201457579188945,0.27894246846616616,-0.1234409904874745,0.00941133573173804,0.013475772011629753,0.9922157790500544,-0.016537629260113564,-0.2211234195771632,0.2791947624220438,-0.12477112309164835,0.0075094896032346,0.010746647937148888,0.9920989285179491,-0.016537629260113564,-0.2211234195771632,0.2791947624220438,-0.12477112309164835,0.0075094896032346,0.010746647937148888,0.9920989285179491,-0.02917997711282081,-0.5598352369406627,0.8034290400143271,-0.1211390485794342,0.49429216263700193,-0.09855461161580627,-0.02109928556565161,-0.5526168695212941,0.7999752425381579,-0.09123473461891002,0.49935720624172214,-0.07314905496758004,-0.02109928556565161,-0.5526168695212941,0.7999752425381579,-0.09123473461891002,0.49935720624172214,-0.07314905496758004,-0.0656939415494506,-0.0699236945523826,0.034222343390921735,-0.25723592309542526,-0.053469972794989024,-0.21383927901633645,-0.06472408914618434,0.03585143798434723,-0.023534870972131798,-0.12184563788086347,0.06186768202489229,-0.14266939063857786,0.5,0.0,0.0,0.5,True,False,True,False,1,True,True,0.0031970000127330422,4,3.260674266034761e-09,4.2097070700405584e-10,`gtol` termination condition is satisfied.,True,True,0.0,0.010000000000000009,True,0.029904313960524176,0.029840118444096897,False,False,False,False,False,False,1.0,False,False,False,0.001068293752528848,0.007168837411462648,0.0010682958470050476,0.0071688377525698345
1.6700000000000013,1786138338.1847007,0.006097300007240847,0.006375199998728931,0.01,TELEOP,0,,0.0,1.6700000000000013,167,-0.004365420629824874,0.02043245373681749,0.0,0.017179969441049298,0.018451162971005262,0.0353247694131024,0.9990578381159587,-0.003307480397883958,0.017603854628129707,0.0,0.014867883251960303,0.015839189923924087,0.03047212340860538,0.9992995125612394,-0.016992244119365195,-0.219860293337087,0.27886597870205665,-0.12313169795652544,0.009842270595568,0.01407446547241617,0.9922417165638283,-0.016918177568503917,-0.22006042626067804,0.2789196041573117,-0.12332027260025408,0.009579544809652911,0.013709463346154364,0.992225978949251,-0.016918174506760156,-0.22006042744779597,0.27891960423060524,-0.12332027263891368,0.009579544812162673,0.013709463137664211,0.9922259789473026,-0.016562948793668285,-0.22103027203414907,0.27916923434175317,-0.12463420984416507,0.007692212343472549,0.010999516659081807,0.9921119665839386,-0.016562948793668285,-0.22103027203414907,0.27916923434175317,-0.12463420984416507,0.007692212343472549,0.010999516659081807,0.9921119665839386,-0.02990063568759349,-0.5604639919977255,0.8037292908660059,-0.12379122878942025,0.4938610337355475,-0.10081224165603171,-0.02176260051681284,-0.5533123306274439,0.8003150171326292,-0.09381881734569107,0.49882889695980853,-0.07530135382167737,-0.02176260051681284,-0.5533123306274439,0.8003150171326292,-0.09381881734569107,0.49882889695980853,-0.07530135382167737,-0.06633149511612269,-0.06954611061498363,0.033977459447128246,-0.2584082726781053,-0.052830928191361204,-0.2152298854097332,-0.06375535666720891,0.03775839373989821,-0.024488394379349084,-0.11723495826800046,0.06390446036278186,-0.1390606393396739,0.5,0.0,0.0,0.5,True,False,True,False,1,True,True,0.0033322999952360988,4,3.2846454582509827e-09,4.241358443506423e-10,`gtol` termination condition is satisfied.,True,True,0.0,0.010000000000000009,True,0.029972411443729183,0.029904313960524176,False,False,False,False,False,False,1.0,False,False,False,0.0010625907120391058,0.007112039619615024,0.0010625928363089654,0.00711203996341521
1.6800000000000013,1786138338.1911016,0.006609800009755418,0.006165699975099415,0.01,TELEOP,0,,0.0,1.6800000000000013,168,-0.004494701465750234,0.020718779049664245,0.0,0.017411260656710382,0.01871831530795851,0.0358147365645347,0.999031419585585,-0.0034190071472185077,0.017896499243373182,0.0,0.015106984258545932,0.016109852515806447,0.030974377071069453,0.9992761578480647,-0.017025702144165558,-0.21977549143955058,0.27884325610209515,-0.1230123434774701,0.010009310448999898,0.014305903675929502,0.9922515397703001,-0.016950313529466403,-0.21997526754945076,0.2788967859494099,-0.12319992414978631,0.009747524582767347,0.013942590231115378,0.9922360448157699,-0.016950310442959807,-0.21997526873900855,0.27889678601855955,-0.12319992418870376,0.009747524585308748,0.013942590021072553,0.9922360448138643,-0.016588872052552935,-0.220937567475355,0.27914384234868744,-0.12449819324210773,0.007874122231375477,0.011251080544625466,0.9921247962152314,-0.016588872052552935,-0.220937567475355,0.27914384234868744,-0.12449819324210773,0.007874122231375477,0.011251080544625466,0.9921247962152314,-0.030628185093052044,-0.5610908323324332,0.8040281575271901,-0.12645889372254637,0.49343506339409354,-0.10308622059883422,-0.02243220578160118,-0.5540038540143659,0.8006522628747457,-0.09641422704230186,0.49830715627384803,-0.07746724490166351,-0.02243220578160118,-0.5540038540143659,0.8006522628747457,-0.09641422704230186,0.49830715627384803,-0.07746724490166351,-0.06696052647883413,-0.06915233869219978,0.03372457421164599,-0.25954096966107937,-0.052174068596049845,-0.21658910799861436,-0.06290313627114463,0.039377192278385625,-0.025288523548225424,-0.1132696982974075,0.06568595953113573,-0.1359222588881164,0.5,0.0,0.0,0.5,True,False,True,False,1,True,True,0.0033527000050526112,4,3.3085272192356144e-09,4.272827880701042e-10,`gtol` termination condition is satisfied.,True,True,0.0,0.010000000000000009,True,0.03004466668024451,0.029972411443729183,False,False,False,False,False,False,1.0,False,False,False,0.0010572101958882913,0.007057407837940313,0.0010572123500284477,0.007057408184418673
1.6900000000000013,1786138338.198964,0.006528900004923344,0.007499600003939122,0.01,TELEOP,0,,0.0,1.6900000000000013,169,-0.004625778772944167,0.02100428642059035,0.0,0.017641625164839695,0.0189849345191456,0.03630315780740175,0.9990047177346352,-0.003532370576671064,0.018188473265767648,0.0,0.015345264128753821,0.01638013513631401,0.031475330684069665,0.9992524794065129,-0.017059711173001327,-0.21969088386489968,0.27882058557079387,-0.12289338355840645,0.010176079821318582,0.014536725979081627,0.9922612293518506,-0.016983004512569087,-0.2198902859911106,0.27887401520948113,-0.12307995166392689,0.009915264298229538,0.014175139424696621,0.9922459767893202,-0.01698300140142509,-0.21989028718312648,0.2788740152744347,-0.12307995170310486,0.00991526430080258,0.014175139213111062,0.9922459767874575,-0.016615395395197557,-0.22084532253095362,0.27911859286974794,-0.12436310336037794,0.008055188135546879,0.011501315009384405,0.9921374159962579,-0.016615395395197557,-0.22084532253095362,0.27911859286974794,-0.12436310336037794,0.008055188135546879,0.011501315009384405,0.9921374159962579,-0.03136260297758398,-0.5617157095290933,0.8043256209451859,-0.12914190259137448,0.4930143402364964,-0.10537643173642311,-0.023108027254851483,-0.5546913050045633,0.8009869142360638,-0.09902062812217476,0.4977921383114582,-0.07964645885578109,-0.023108027254851483,-0.5546913050045633,0.8009869142360638,-0.09902062812217476,0.4977921383114582,-0.07964645885578109,-0.06758214732503046,-0.06874509901974384,0.03346513613181454,-0.26064010798728987,-0.05150179623898434,-0.21792139541175734,-0.06216208461963246,0.040723967245594184,-0.02594380798314544,-0.10991383262104841,0.06722723570655043,-0.13322874131429682,0.5,0.0,0.0,0.5,True,False,True,False,1,True,True,0.004524299991317093,4,3.3323171801584e-09,4.3041121194489076e-10,`gtol` termination condition is satisfied.,True,True,0.0,0.010000000000000009,True,0.030121274469199724,0.03004466668024451,False,False,False,False,False,False,1.0,False,False,False,0.0010521620082207396,0.007004996895041087,0.0010521641922778013,0.00700499724418116
1.7000000000000013,1786138338.2051566,0.007722799986368045,0.005969199992250651,0.01,TELEOP,0,,0.0,1.7000000000000013,170,-0.004758647376699038,0.021288964578253668,0.0,0.017871055941665336,0.019251007827342393,0.036790014831650134,0.998977736922024,-0.003647566426480099,0.018479761788688147,0.0,0.015582712256056086,0.016650022162412105,0.031974959368314494,0.9992284812865029,-0.017094269927944036,-0.21960647493274252,0.2787979682655884,-0.1227748235765291,0.01034256936758563,0.01476692109628467,0.9922707856205205,-0.017016249232669083,-0.2198054867822555,0.2788512933299496,-0.12296036145042473,0.010082753490221216,0.014407097936918661,0.9922557750515099,-0.01701624609701622,-0.21980548797675,0.2788512933906558,-0.12296036148986567,0.010082753492825754,0.014407097723800435,0.9922557750496902,-0.0166425151322817,-0.22075355050730844,0.27909349123507304,-0.1242289644333899,0.008235385490629459,0.011750203409615793,0.992149825148128,-0.0166425151322817,-0.22075355050730844,0.27909349123507304,-0.1242289644333899,0.008235385490629459,0.011750203409615793,0.992149825148128,-0.03210386699771688,-0.5623385766444181,0.8046216629590467,-0.13184011425674647,0.4925989515546099,-0.10768275724991554,-0.02379000138132305,-0.5553745744652988,0.801318919294515,-0.10163774221021499,0.49728397471567826,-0.08183876816368146,-0.02379000138132305,-0.5553745744652988,0.801318919294515,-0.10163774221021499,0.49728397471567826,-0.08183876816368146,-0.06819741264715667,-0.06832694607355323,0.03320050584512365,-0.2617114088040238,-0.05081635957799139,-0.21923093079003758,-0.061526532212621256,0.041815294619060306,-0.026463028669089103,-0.10713008167339787,0.06854366609929542,-0.1309535378280255,0.5,0.0,0.0,0.5,True,False,True,False,1,True,True,0.0032473999890498817,4,3.3560126981022114e-09,4.335207518805286e-10,`gtol` termination condition is satisfied.,True,True,0.0,0.010000000000000009,True,0.030202372046531478,0.030121274469199724,False,False,False,False,False,False,1.0,False,False,False,0.0010474527157302213,0.0069548391578370715,0.0010474549297224123,0.0069548395096209045
1.7100000000000013,1786138338.211759,0.0061812000058125705,0.006390900001861155,0.01,TELEOP,0,,0.0,1.7100000000000013,171,-0.004893302031589875,0.02157280228404799,0.0,0.018099546029177925,0.01951652245996307,0.03727528940787403,0.9989504815475924,-0.0037645903442602266,0.018770350250325182,0.0,0.015819318377649317,0.016919498239751717,0.03247323887111217,0.9992041675766776,-0.017129377103278075,-0.2195222688627675,0.2787754053171408,-0.12265666874074652,0.01050876991585151,0.014996478033445379,0.9922802089202781,-0.017050046378390242,-0.2197208749421824,0.2788286216557319,-0.12284115957983911,0.010249981951332017,0.014638453197142867,0.9922654398249862,-0.017050043218360532,-0.21972087613917796,0.2788286217121404,-0.1228411596195459,0.010249981953968035,0.014638452982502315,0.9922654398232097,-0.016670227550752485,-0.22066226160749536,0.279068541731331,-0.12409579516931653,0.008414695866690095,0.011997736338118289,0.9921620234808058,-0.016670227550752485,-0.22066226160749536,0.279068541731331,-0.12409579516931653,0.008414695866690095,0.011997736338118289,0.9921620234808058,-0.03285195477204041,-0.5629593880818305,0.8049162662297997,-0.134553386949182,0.4921889833884104,-0.1100050779945284,-0.024478074562468637,-0.5560535771210878,0.8016482388407015,-0.10426534432382803,0.4967827762019962,-0.08404398440308214,-0.024478074562468637,-0.5560535771210878,0.8016482388407015,-0.10426534432382803,0.4967827762019962,-0.08404398440308214,-0.06880731811455845,-0.06790026557890418,0.03293195461864438,-0.2627602113613045,-0.05011985136820591,-0.22052162394006705,-0.060990546740177905,0.04266804946490624,-0.02685512264792734,-0.10488025572806675,0.0696508209785482,-0.12906931500294613,0.5,0.0,0.0,0.5,True,False,True,False,1,True,True,0.0031729999755043536,4,3.3796106362897066e-09,4.3661104397098893e-10,`gtol` termination condition is satisfied.,True,True,0.0,0.010000000000000009,True,0.030288042625353978,0.030202372046531478,False,False,False,False,False,False,1.0,False,False,False,0.001043085881856397,0.006906946235234826,0.0010430881257749256,0.00690694658964298
1.7200000000000013,1786138338.2192671,0.006628100003581494,0.007270899979630485,0.01,TELEOP,0,,0.0,1.7200000000000013,172,-0.005029737421681469,0.021855788332546686,0.0,0.018327088535081793,0.01978146564994734,0.03775896338789163,0.9989229560513859,-0.003883437887078914,0.019060224404396753,0.0,0.016055072548283946,0.01718854825789663,0.03297014551503152,0.9991795424041533,-0.01716503136612368,-0.21943826978323006,0.2787528978316138,-0.12253892410464928,0.010674672451514763,0.01522538606412327,0.9922894996252486,-0.01708439461295454,-0.21963645532810827,0.2788060014883154,-0.12272235190490118,0.010416939708848336,0.01486919301828892,0.9922749713708479,-0.017084391428683666,-0.21963645652762867,0.2788060015403765,-0.1227223519448764,0.010416939711515751,0.014869192802136543,0.9922749713691147,-0.016698528935635688,-0.22057146315384524,0.2790437476579094,-0.12396360907599537,0.008593106532667536,0.01224391093329951,0.992174011345807,-0.016698528935635688,-0.22057146315384524,0.2790437476579094,-0.12396360907599537,0.008593106532667536,0.01224391093329951,0.992174011345807,-0.03360684383861602,-0.5635780994770477,0.8052094141768421,-0.13728157801346588,0.49178452059663735,-0.11234327330195927,-0.025172202542936447,-0.5567282498496997,0.8019748454756511,-0.10690325899526247,0.4962886341227504,-0.08626195546210828,-0.025172202542936447,-0.5567282498496997,0.8019748454756511,-0.10690325899526247,0.4962886341227504,-0.08626195546210828,-0.06941279804678094,-0.06746727286118988,0.03266066349496613,-0.2637914671434443,-0.049414207924576826,-0.22179710590261503,-0.060547993222248,0.04329927177143013,-0.027129112367825156,-0.10312557821398015,0.07056434436290855,-0.12754819625479763,0.5,0.0,0.0,0.5,True,False,True,False,1,True,True,0.0040825000032782555,4,3.4031074841778546e-09,4.396816511827813e-10,`gtol` termination condition is satisfied.,True,True,0.0,0.010000000000000009,True,0.030378319018203412,0.030288042625353978,False,False,False,False,False,False,1.0,False,False,False,0.0010390623037200707,0.006861310688255175,0.0010390645775305402,0.006861311045266682
1.7300000000000013,1786138338.2257013,0.007558399986010045,0.006146100000478327,0.01,TELEOP,0,,0.0,1.7300000000000013,173,-0.005167948160738223,0.022137911551945114,0.0,0.018553676632737926,0.0200458246366489,0.03824101870531397,0.9988951649129274,-0.004004104523357841,0.01934937029365411,0.0,0.01628996511655059,0.017457157327964937,0.033465656151446636,0.9991546099342592,-0.01720123135700736,-0.21935448173863034,0.2787304468927279,-0.12242159457825937,0.010840268103197033,0.015453634707952591,0.9922986581381033,-0.017119292574908452,-0.21955223264904114,0.278783434089475,-0.1226039440780912,0.010583617003261707,0.015099305564367662,0.9922843699862951,-0.017119289366536096,-0.21955223385111183,0.27878343413714,-0.12260394411833758,0.010583617005960484,0.015099305346714258,0.9922843699846055,-0.016727415589665433,-0.22048115981088334,0.27901911138544233,-0.12383241479565565,0.008770610017201575,0.012488730205285742,0.9921857895896627,-0.016727415589665433,-0.22048115981088334,0.27901911138544233,-0.12383241479565565,0.008770610017201575,0.012488730205285742,0.9921857895896627,-0.03436851161561519,-0.5641946675939932,0.805501090919965,-0.14002454367465506,0.4913856469187609,-0.11469722079872464,-0.025872349782481097,-0.5573985499741515,0.8022987227066072,-0.10955135636546205,0.49580162202785855,-0.08849256271994209,-0.025872349782481097,-0.5573985499741515,0.8022987227066072,-0.10955135636546205,0.49580162202785855,-0.08849256271994209,-0.07001472395446498,-0.0670300124451834,0.03238772309560361,-0.2648097370199577,-0.048701209489188144,-0.2230607257833807,-0.0601925907684048,0.04372604160064736,-0.027294039936252297,-0.10182698765133827,0.07129984353886817,-0.12636198807656648,0.5,0.0,0.0,0.5,True,False,True,False,1,True,True,0.003287400002591312,4,3.4264995376445392e-09,4.4273202558160486e-10,`gtol` termination condition is satisfied.,True,True,0.0,0.010000000000000009,True,0.030473187309193003,0.030378319018203412,False,False,False,False,False,False,1.0,False,False,False,0.0010353802495236461,0.006817907732884425,0.0010353825531685611,0.006817908092476815
1.7400000000000013,1786138338.2321608,0.006375800003297627,0.006229999999050051,0.01,TELEOP,0,,0.0,1.7400000000000013,174,-0.005307928792436828,0.022419160804501653,0.0,0.018779303561098738,0.020309586666724954,0.038721437376106255,0.9988671126504843,-0.004126585634615649,0.019637774225918614,0.0,0.016523986703391513,0.017725310762458042,0.03395974811850553,0.9991293743702706,-0.017237975690384703,-0.21927090869665705,0.27870805356362216,-0.122304684938676,0.01100554812999144,0.015681213711115003,0.9923076848885914,-0.01715473887875669,-0.21946821147841397,0.2787609206846583,-0.12248594156759228,0.010750004268798054,0.015328779321031227,0.9922936360024932,-0.017154735646426788,-0.2194682126830616,0.2787609207278798,-0.12248594160811253,0.010750004271528106,0.015328779101887834,0.9922936360008472,-0.016756883850774007,-0.2203913538071655,0.27899463441613487,-0.12370221644575115,0.008947203669935165,0.012732202382445185,0.9921973595083741,-0.016756883850774007,-0.2203913538071655,0.27899463441613487,-0.12370221644575115,0.008947203669935165,0.012732202382445185,0.9921973595083741,-0.03513693536494083,-0.5648090502301943,0.805791281226558,-0.1427821388238623,0.4909924450290199,-0.1170667962393084,-0.02657848881860855,-0.5580644535622327,0.8026198640469276,-0.11220954827743944,0.4953217972117157,-0.0907357182168409,-0.02657848881860855,-0.5580644535622327,0.8026198640469276,-0.11220954827743944,0.4953217972117157,-0.0907357182168409,-0.07061390361274548,-0.06659035880811454,0.03211413403204691,-0.26581919119773917,-0.04798248161428264,-0.22431554968988113,-0.05991796582805106,0.043965363706886695,-0.0273589063556701,-0.10094541777814678,0.07187278749055058,-0.12548239065004302,0.5,0.0,0.0,0.5,True,False,True,False,1,True,True,0.003266299987444654,4,3.4497826916366577e-09,4.4576172350023816e-10,`gtol` termination condition is satisfied.,True,True,0.0,0.010000000000000009,True,0.030572590546422848,0.030473187309193003,False,False,False,False,False,False,1.0,False,False,False,0.001032035694340932,0.0067766969231307685,0.0010320380277415288,0.006776697285280247
1.7500000000000013,1786138338.2383478,0.006450499990023673,0.0059668000030796975,0.01,TELEOP,0,,0.0,1.7500000000000013,175,-0.0054496737905816274,0.022699524986977377,0.0,0.019003962624634593,0.020572738995026582,0.03920020149914133,0.9988388038203316,-0.0042508765170672265,0.01992542275241176,0.0,0.01675712818262722,0.017992994057071363,0.03445239920310578,0.9991038399531267,-0.017275262955120177,-0.21918755455446695,0.2786857188885365,-0.12218819983972236,0.011170503909955163,0.01590811302866959,0.9923165803322007,-0.017190732115514445,-0.21938439626558576,0.27873846246606754,-0.12236834967176737,0.010916092115786369,0.015557603068868069,0.9923027697826301,-0.017190728859375386,-0.21938439747283794,0.2787384625047986,-0.12236834971256394,0.01091609211854764,0.015557602848245988,0.9923027697810277,-0.016786930107497815,-0.22030204515463814,0.27897031744536205,-0.12357301396331168,0.00912288922614813,0.012974340281226784,0.992208722803049,-0.016786930107497815,-0.22030204515463814,0.27897031744536205,-0.12357301396331168,0.00912288922614813,0.012974340281226784,0.992208722803049,-0.035912092158602985,-0.5654212061308453,0.8060799704635405,-0.1455542168223055,0.49060499658323403,-0.11945187335305828,-0.027290599624919788,-0.5587259537441447,0.8029382721256701,-0.11487778439498028,0.49484920223699813,-0.09299136183299965,-0.027290599624919788,-0.5587259537441447,0.8029382721256701,-0.11487778439498028,0.49484920223699813,-0.09299136183299965,-0.07121108063112394,-0.06615001819119713,0.03184080787424638,-0.26682361175408453,-0.04725949747176025,-0.22556436161587531,-0.05971770183784558,0.044034061691740636,-0.027332615780052465,-0.10044205563453831,0.07229841425223886,-0.12488119259941959,0.5,0.0,0.0,0.5,True,False,True,False,1,True,True,0.00322099999175407,4,3.4729525645949237e-09,4.487701245509297e-10,`gtol` termination condition is satisfied.,True,True,0.0,0.010000000000000009,True,0.030676432427325206,0.030572590546422848,False,False,False,False,False,False,1.0,False,False,False,0.0010290225524228452,0.006737623802997808,0.0010290249154811504,0.00673762416767907
1.7600000000000013,1786138338.244839,0.006199299998115748,0.0062584000115748495,0.01,TELEOP,0,,0.0,1.7600000000000013,176,-0.005593177559322793,0.02297899303107443,0.0,0.01922764719325233,0.02083526888549004,0.03967729325674567,0.9988102430160092,-0.00437697238309327,0.020212302648162737,0.0,0.016989380663307848,0.018260192874300613,0.034943587606499765,0.9990780109611348,-0.017313091714927988,-0.21910442314436224,0.2786634438943333,-0.12207214382068624,0.011335126929729277,0.016134322808565478,0.9923253449489324,-0.0172272708531881,-0.2193007913463061,0.2787160605954633,-0.12225117353229371,0.01108187131470091,0.01578576585919415,0.9923117717201486,-0.017227267573392942,-0.21930079255619142,0.2787160606296582,-0.12225117357336936,0.011081871317493368,0.015785765637105,0.9923117717185899,-0.016817550812367903,-0.22021323186427377,0.27894616042404996,-0.12344480345037817,0.009297672377345523,0.01321516070177062,0.9922198815368938,-0.016817550812367903,-0.22021323186427377,0.27894616042404996,-0.12344480345037817,0.009297672377345523,0.01321516070177062,0.9922198815368938,-0.0366939588476478,-0.5660310949108076,0.8063671445536095,-0.14834062932226375,0.4902233822590021,-0.121852323703886,-0.028008668969751814,-0.559383059057888,0.8032539578119336,-0.11755604837027664,0.4943838664269931,-0.09525945849413744,-0.028008668969751814,-0.559383059057888,0.8032539578119336,-0.11755604837027664,0.4943838664269931,-0.09525945849413744,-0.07180693448320251,-0.06571053137433551,0.03156856862635038,-0.26782639752963544,-0.04653358100049971,-0.226809666113779,-0.05958538520785678,0.04394868168616217,-0.02722392478960023,-0.10027857755509166,0.07259164712605429,-0.12453044979036931,0.5,0.0,0.0,0.5,True,False,True,False,1,True,True,0.003514199983328581,4,3.496004588520371e-09,4.517566860609343e-10,`gtol` termination condition is satisfied.,True,True,0.0,0.010000000000000009,True,0.030784580951987106,0.030676432427325206,False,False,False,False,False,False,1.0,False,False,False,0.0010263329043628,0.006700621517333115,0.0010263352969641347,0.006700621884519747
1.7700000000000014,1786138338.2510092,0.006525900011183694,0.005902900011278689,0.01,TELEOP,0,,0.0,1.7700000000000014,177,-0.00573843443337726,0.023257553903872956,0.0,0.019450350702205726,0.021097163612028732,0.040152694915237805,0.9987814348675753,-0.004504868362592569,0.02049840089429822,0.0,0.01722073547371693,0.018526893028674673,0.03543329191318721,0.9990518917096565,-0.01735146050877778,-0.21902151823892277,0.2786412295918722,-0.12195652131424152,0.011499408775179791,0.016359833377178327,0.992333979242181,-0.01726435363719336,-0.2192174009522318,0.27869371620671457,-0.12213441814607713,0.011247332781725516,0.016013256992113287,0.9923206422371355,-0.017264350333900006,-0.21921740216477956,0.2786937162363286,-0.12213441818743431,0.011247332784549055,0.016013256768568934,0.9923206422356206,-0.016848742493363794,-0.22012491015685737,0.27892216262136516,-0.12331757751823376,0.00947156235018556,0.01345468385132436,0.9922308380937078,-0.016848742493363794,-0.22012491015685737,0.27892216262136516,-0.12331757751823376,0.00947156235018556,0.01345468385132436,0.9922308380937078,-0.037482512033440656,-0.566638676983862,0.8066527899354358,-0.15114122610366074,0.48984768178988275,-0.12426801656186505,-0.028732689779345677,-0.5600357918310831,0.8035669393585329,-0.12024435408189124,0.493925807318953,-0.0975399954200952,-0.028732689779345677,-0.5600357918310831,0.8035669393585329,-0.12024435408189124,0.493925807318953,-0.0975399954200952,-0.07240208095938622,-0.06527327731951177,0.03129815465991987,-0.26883057116146036,-0.04580591080400693,-0.22805369259577493,-0.05951464761837095,0.043725405482374545,-0.027041396643050684,-0.1004173631824895,0.0727670196492779,-0.124402648199592,0.5,0.0,0.0,0.5,True,False,True,False,1,True,True,0.0031814000103622675,4,3.518933934667716e-09,4.5472085162144385e-10,`gtol` termination condition is satisfied.,True,True,0.0,0.010000000000000009,True,0.030896872021769495,0.030784580951987106,False,False,False,False,False,False,1.0,False,False,False,0.0010239572176788155,0.006665612372748651,0.0010239596396939468,0.006665612742413066
1.7800000000000014,1786138338.2574582,0.006119500001659617,0.006232399988221005,0.01,TELEOP,0,,0.0,1.7800000000000014,178,-0.005885438678252359,0.023535196608266667,0.0,0.019672066651997895,0.02135841045942581,0.04062638882545894,0.9987523840408536,-0.004634559504228286,0.020783704662037376,0.0,0.017451184146871492,0.01879308047346229,0.03592149106278541,0.9990254865507768,-0.017390367851268494,-0.21893884355564372,0.2786190769772531,-0.12184133665362647,0.01166334112296401,0.016584635226227138,0.9923424837377064,-0.017301978990718676,-0.21913422921957734,0.2786714304081167,-0.12201808837605774,0.011412467565701898,0.01624006599663958,0.992329381782853,-0.0173019756640901,-0.2191342304348171,0.2786714304331061,-0.1220180884176991,0.011412467568556498,0.016240065771652247,0.992329381781382,-0.01688050176351843,-0.22003707466792446,0.2788983226872752,-0.12319132562831,0.009644571495894894,0.01369293279710507,0.9922415951380059,-0.01688050176351843,-0.22003707466792446,0.2788983226872752,-0.12319132562831,0.009644571495894894,0.01369293279710507,0.9922415951380059,-0.03827772804112875,-0.5672439134986017,0.8069368935274727,-0.1539558549251291,0.48947797399407866,-0.12669881878592396,-0.02946266050940243,-0.5606841866069808,0.8038772415690887,-0.12294274196228266,0.4934750320718269,-0.0998329794311525,-0.02946266050940243,-0.5606841866069808,0.8038772415690887,-0.12294274196228266,0.4934750320718269,-0.0998329794311525,-0.07299707300567561,-0.06483947758977371,0.031030221055579198,-0.26983878803914274,-0.045077524712613545,-0.22929840110573033,-0.05949920462893939,0.04337997297380585,-0.02679336043406733,-0.10082168776823636,0.07283860913933818,-0.12447085099553923,0.5,0.0,0.0,0.5,True,False,True,False,1,True,True,0.003276199975516647,4,3.5417354300239774e-09,4.576619588616427e-10,`gtol` termination condition is satisfied.,True,True,0.0,0.010000000000000009,True,0.031013112962846423,0.030896872021769495,False,False,False,False,False,False,1.0,False,False,False,0.0010218845595859835,0.00663250934102759,0.0010218870108731522,0.006632509713141041
1.7900000000000014,1786138338.2636595,0.00646720000077039,0.0059661999985110015,0.01,TELEOP,0,,0.0,1.7900000000000014,179,-0.006034184490472206,0.023811910183396994,0.0,0.019892788608275907,0.021618996724227315,0.04109835742329607,0.9987230952366785,-0.004766040776578431,0.021068201298231757,0.0,0.017680718407376818,0.019058741288713883,0.03640816432459592,0.9989987998729539,-0.017429812232973536,-0.21885640276112597,0.27859698703293867,-0.1217265940791501,0.011826915732934956,0.01680871900094115,0.9923508589826904,-0.017340145415041117,-0.219051280196974,0.2786492042844972,-0.12190218896100882,0.011577266836335847,0.016466182612693166,0.992337990832398,-0.017340142065245524,-0.2190512814149361,0.2786492043048194,-0.12190218900293706,0.011577266839221407,0.016466182386275393,0.9923379908309706,-0.01691282532876869,-0.21994971864596546,0.27887463871457024,-0.1230660344278128,0.009816714892084992,0.013929932949875856,0.9922521555768735,-0.01691282532876869,-0.21994971864596546,0.27887463871457024,-0.1230660344278128,0.009816714892084992,0.013929932949875856,0.9922521555768735,-0.039079582895119126,-0.5678467662803625,0.8072194426950342,-0.15678436138849622,0.4891143367981169,-0.12914459471688755,-0.030198584528521935,-0.5613282886215077,0.8041848949921394,-0.12565127543199017,0.4930315388225605,-0.10213843432521708,-0.030198584528521935,-0.5613282886215077,0.8041848949921394,-0.12565127543199017,0.4930315388225605,-0.10213843432521708,-0.07359240191195035,-0.06441020145269648,0.03076534230507643,-0.27085334697075136,-0.044349324926638824,-0.2305454894064577,-0.05953289062747373,0.042927613707723196,-0.02648787505027658,-0.10145589316086316,0.07281997859747229,-0.1247088300727367,0.5,0.0,0.0,0.5,True,False,True,False,1,True,True,0.0032100000244099647,4,3.5644039009479037e-09,4.605794101248809e-10,`gtol` termination condition is satisfied.,True,True,0.0,0.010000000000000009,True,0.031133085956506046,0.031013112962846423,False,False,False,False,False,False,1.0,False,False,False,0.0010201028009336345,0.0066012174986190345,0.0010201052813413006,0.006601217873152012
1.8000000000000014,1786138338.2697861,0.00617830001283437,0.005914700013818219,0.01,TELEOP,0,,0.0,1.8000000000000014,180,-0.006184665997806838,0.0240876837050858,0.0,0.020112510201717466,0.021878909715635723,0.04156858323019753,0.9986935731901329,-0.004899307069199812,0.02135187831230472,0.0,0.017909330159507828,0.019323861670512997,0.03689329127461375,0.9989718361006497,-0.017469792120759952,-0.21877419947486068,0.2785749607287687,-0.12161229774408926,0.011990124441305315,0.017032075489359096,0.9923591055448677,-0.017378851389800883,-0.21896855785260688,0.278627038899128,-0.12178672452442157,0.011741721873546551,0.01669159677479731,0.9923464698854754,-0.017378848017011755,-0.21896855907332155,0.2786270389147411,-0.12178672456663908,0.011741721876463036,0.01669159654696197,0.9923464698840919,-0.016945709994152007,-0.21986283414313287,0.2788511082999656,-0.12294168807828063,0.009988009958651517,0.014165711579163815,0.9922625225236438,-0.016945709994152007,-0.21986283414313287,0.2788511082999656,-0.12294168807828063,0.009988009958651517,0.014165711579163815,0.9922625225236438,-0.039888052296416274,-0.5684471977786959,0.807500425220383,-0.15962658881571806,0.4887568472559655,-0.1316052060801768,-0.030940469516658523,-0.5619681523373046,0.8044899351454099,-0.12837003745549794,0.49259531798596495,-0.10445639833751905,-0.030940469516658523,-0.5619681523373046,0.8044899351454099,-0.12837003745549794,0.49259531798596495,-0.10445639833751905,-0.0741884988136589,-0.06398637157968577,0.030504015327044786,-0.2718762023507776,-0.043622083659554334,-0.23179640123019715,-0.05960969017085397,0.04238298730107077,-0.026132697803164566,-0.10228553800261989,0.07272412670844917,-0.12509118237394545,0.5,0.0,0.0,0.5,True,False,True,False,1,True,True,0.003173300006892532,4,3.586933867769896e-09,4.6347246495166646e-10,`gtol` termination condition is satisfied.,True,True,0.0,0.010000000000000009,True,0.031256551360220125,0.031133085956506046,False,False,False,False,False,False,1.0,False,False,False,0.0010185988104881086,0.006571635396960535,0.001018601319856459,0.006571635773882317
1.8100000000000014,1786138338.2764018,0.006173399975523353,0.006357000005664304,0.01,TELEOP,0,,0.0,1.8100000000000014,181,-0.006336877259504015,0.024362506286266655,0.0,0.020331225127909826,0.022138136756403807,0.04203704885368089,0.9986638226697843,-0.0050343531936138195,0.021634723364458822,0.0,0.018137011476400913,0.01958842792132359,0.03737685177474829,0.9989445996939393,-0.017510305958084154,-0.21869223727264656,0.27855299902287556,-0.12149845172003429,0.012152959154499252,0.017254695612653793,0.9923672240117255,-0.017418095373240097,-0.2188860660806929,0.27860493529546143,-0.1216716995825601,0.011905824057854383,0.016916298597320238,0.9923548194652763,-0.017418091977636465,-0.21888606730419052,0.2786049353063249,-0.1216716996250691,0.011905824060801743,0.016916298368080535,0.9923548194639367,-0.016979152668453287,-0.2197764121977944,0.2788277286039436,-0.12281826857546435,0.010158476089214627,0.01440029736072887,0.9922726992634598,-0.016979152668453287,-0.2197764121977944,0.2788277286039436,-0.12281826857546435,0.010158476089214627,0.01440029736072887,0.9922726992634598,-0.04070311160168736,-0.5690451710198746,0.8077798292755346,-0.16248237813739114,0.4884055815639992,-0.13408051189755732,-0.031688326881374206,-0.5626038400398584,0.8047924017729225,-0.1310991272317821,0.4921663534939332,-0.10678692169296279,-0.031688326881374206,-0.5626038400398584,0.8047924017729225,-0.1310991272317821,0.4921663534939332,-0.10678692169296279,-0.07478573647156846,-0.0635687702553856,0.030246662751266543,-0.27290897762841637,-0.04289644920317879,-0.23305233554437396,-0.05972376579095618,0.041760132430017076,-0.025735257577824314,-0.10327752776388144,0.07256344563755421,-0.12559343141768167,0.5,0.0,0.0,0.5,True,False,True,False,1,True,True,0.003558399999747053,4,3.6093196733898623e-09,4.663403786584558e-10,`gtol` termination condition is satisfied.,True,True,0.0,0.010000000000000009,True,0.031383250905609034,0.031256551360220125,False,False,False,False,False,False,1.0,False,False,False,0.0010173586389157537,0.0065436563594489785,0.0010173611770790804,0.006543656738727988
1.8200000000000014,1786138338.2825673,0.006585900002392009,0.005936700006714091,0.01,TELEOP,0,,0.0,1.8200000000000014,182,-0.006490812266523738,0.02463636707741462,0.0,0.020548927147220983,0.022396665183728664,0.04250373698783325,0.9986338484769156,-0.005171173884221652,0.021916724255031803,0.0,0.018363754590251014,0.01985242644133011,0.037858825954047326,0.9989170951481019,-0.017551352165266505,-0.21861051968967427,0.2785311028625107,-0.12138506000173595,0.012315411843627534,0.01747657041638551,0.9923752149897628,-0.01745787580241072,-0.2188038087073579,0.2785828944987048,-0.12155711855176356,0.01206956486171185,0.017140278361119164,0.9923630401174486,-0.0174578723841772,-0.21880380993366916,0.2785828945047793,-0.12155711859456646,0.012069564864689993,0.017140278130488663,0.9923630401161528,-0.017013150367409358,-0.2196904430083882,0.27880449640902066,-0.12269575605908535,0.01032813429933861,0.014633719956601668,0.9922826892207764,-0.017013150367409358,-0.2196904430083882,0.27880449640902066,-0.12269575605908535,0.01032813429933861,0.014633719956601668,0.9922826892207764,-0.04152473580391455,-0.5696406495639956,0.8080576433975472,-0.1653515677920121,0.4880606150721862,-0.13657036840734058,-0.032442171194325665,-0.563235420500006,0.8050923381372024,-0.13383865703059974,0.4917446239705308,-0.10913006425985829,-0.032442171194325665,-0.563235420500006,0.8050923381372024,-0.13383865703059974,0.4917446239705308,-0.10913006425985829,-0.07538443129514633,-0.0631580460147543,0.02999363642798364,-0.2739529798817636,-0.04217295234023819,-0.23431425668954958,-0.05986948235778706,0.04107242406312921,-0.02530263232829033,-0.10440022533472436,0.07234968629405963,-0.12619211451756324,0.5,0.0,0.0,0.5,True,False,True,False,1,True,True,0.0032030000002123415,4,3.6315556673696485e-09,4.691825413848825e-10,`gtol` termination condition is satisfied.,True,True,0.0,0.010000000000000009,True,0.031512910761412355,0.031383250905609034,False,False,False,False,False,False,1.0,False,False,False,0.0010163676920028422,0.006517169701898095,0.0010163702587916643,0.006517170083502238
1.8300000000000014,1786138338.2893064,0.006147900014184415,0.006528400001116097,0.01,TELEOP,0,,0.0,1.8300000000000014,183,-0.006646464941775521,0.02490925526697458,0.0,0.020765610084663214,0.02265448235014589,0.04296863041380401,0.9986036554447518,-0.005309763799155865,0.02219786891489318,0.0,0.018589551883418695,0.020115843720676988,0.03833919419173497,0.9988893269931898,-0.017592929139746766,-0.21852905022330926,0.2785092731847904,-0.12127212651149955,0.012477474539527227,0.01769769106259633,0.9923830791038042,-0.017498191093355996,-0.21872178949596632,0.2785609175172486,-0.12144298575506508,0.012232935841691012,0.017363526501456738,0.9923711324091514,-0.01749818765268291,-0.21872179072512127,0.27856091751849593,-0.12144298579816402,0.012232935844699883,0.01736352626944933,0.9923711324078994,-0.01704770021557976,-0.2196049160981324,0.27878140817616115,-0.12257412911119987,0.010497006892559554,0.014866009627743119,0.9922924959288346,-0.01704770021557976,-0.2196049160981324,0.27878140817616115,-0.12257412911119987,0.010497006892559554,0.014866009627743119,0.9922924959288346,-0.04235289951452437,-0.5702335974662772,0.8083338564660681,-0.1682339936352672,0.4877220222918321,-0.13907462899253578,-0.03320201965008811,-0.5638629677062958,0.8053897903484094,-0.136588749183715,0.49133010384019876,-0.1114858933123783,-0.03320201965008811,-0.5638629677062958,0.8053897903484094,-0.136588749183715,0.49133010384019876,-0.1114858933123783,-0.07598484557624434,-0.06275472062899093,0.02974522112069734,-0.27500921531152456,-0.04145201303320357,-0.23558290525200204,-0.06004142810980158,0.0403325385763378,-0.024841530728629838,-0.10562354297609887,0.0720939307034625,-0.12686485624524615,0.5,0.0,0.0,0.5,True,False,True,False,1,True,True,0.0032581000123173,4,3.6536358224497886e-09,4.719982097144558e-10,`gtol` termination condition is satisfied.,True,True,0.0,0.010000000000000009,True,0.0316452444515522,0.031512910761412355,False,False,False,False,False,False,1.0,False,False,False,0.001015610892793819,0.006492061874260751,0.0010156134880360235,0.0064920622581571535
1.8400000000000014,1786138338.2957342,0.006868399999802932,0.006086999987019226,0.01,TELEOP,0,,0.0,1.8400000000000014,184,-0.006803829140358259,0.02518116008178808,0.0,0.02098126782974906,0.022911575624423766,0.04343171200029005,0.998573248437683,-0.0054501175210744735,0.022478145396783476,0.0,0.018814395880360827,0.020378666332522867,0.03881793710189209,0.9988612997935792,-0.01763503525632235,-0.21844783233560147,0.2784875109173681,-0.12115965510317048,0.01263913932831293,0.017918048822666087,0.9923908169963631,-0.017539039641269207,-0.21864001215195142,0.27853900534396064,-0.12132930542819141,0.012395928631448418,0.017586033597072014,0.9923790969281848,-0.01753903617835276,-0.21864001338398015,0.2785390053403437,-0.12132930547158896,0.012395928634487987,0.017586033363702014,0.9923790969269765,-0.0170827994469929,-0.21951982047024474,0.27875846009909433,-0.12245336504206948,0.010665117145047996,0.0150971968791373,0.9923021230011295,-0.0170827994469929,-0.21951982047024474,0.27875846009909433,-0.12245336504206948,0.010665117145047996,0.0150971968791373,0.9923021230011295,-0.04318757694688003,-0.5708239792421662,0.808608457682933,-0.17112948885866353,0.48738987690021274,-0.14159314411645818,-0.03396789154909807,-0.5644865596699495,0.8056848067318388,-0.13934953323848,0.49092276436697785,-0.11385448140777221,-0.03396789154909807,-0.5644865596699495,0.8056848067318388,-0.13934953323848,0.49092276436697785,-0.11385448140777221,-0.07658718990099615,-0.06235919636537388,0.02950163834294727,-0.27607840547650064,-0.04073394732209357,-0.23685880953939067,-0.06023443247518077,0.03955242636170461,-0.02435827777500672,-0.10691901649760999,0.07180657111100024,-0.12759042873886306,0.5,0.0,0.0,0.5,True,False,True,False,1,True,True,0.003268000000389293,4,3.675554133448401e-09,4.747867069208322e-10,`gtol` termination condition is satisfied.,True,True,0.0,0.010000000000000009,True,0.031779955620183514,0.0316452444515522,False,False,False,False,False,False,1.0,False,False,False,0.001015072832471449,0.006468217522259103,0.0010150754559943732,0.006468217908414577
1.8500000000000014,1786138338.3019667,0.006336099992040545,0.005983599985484034,0.01,TELEOP,0,,0.0,1.8500000000000014,185,-0.00696289864980284,0.0254520707875186,0.0,0.021195894336339748,0.023167932392457243,0.04389296470401337,0.9985426323504839,-0.005592229557903252,0.02275754186750735,0.0,0.01903827924030673,0.02064088092683297,0.03929503551962403,0.9988330181475,-0.017677668867370985,-0.21836686945554762,0.2784658169790408,-0.1210476495657489,0.01280039834739136,0.018137635070857996,0.9923984293270481,-0.017580419820633075,-0.2185584803271916,0.27851715895735885,-0.12121608172500069,0.012558534935395807,0.017807790360298628,0.9923869342821873,-0.01758041633567529,-0.2185584815621237,0.2785171589488419,-0.12121608176869865,0.012558534938465924,0.01780779012558065,0.9923869342810226,-0.01711844540467691,-0.21943514475341616,0.2787356481563192,-0.12233344016259347,0.010832489009541773,0.015327312136911832,0.9923115741048781,-0.01711844540467691,-0.21943514475341616,0.2787356481563192,-0.12233344016259347,0.010832489009541773,0.015327312136911832,0.9923115741048781,-0.04402874190103087,-0.5714117598359248,0.8088814365536229,-0.17403788391688663,0.48706425174235046,-0.14412576126535698,-0.03473980780619007,-0.5651062773044514,0.805977437234856,-0.14212114327950354,0.49052257462329873,-0.11623590438311653,-0.03473980780619007,-0.5651062773044514,0.805977437234856,-0.14212114327950354,0.49052257462329873,-0.11623590438311653,-0.07719162570919981,-0.06197176345018669,0.029263050301718357,-0.2771610041023524,-0.04001897436791034,-0.23814229753443086,-0.06044358082036537,0.03874329151871917,-0.023858804122891403,-0.10825986258517634,0.07149729541832232,-0.12834879950402006,0.5,0.0,0.0,0.5,True,False,True,False,1,True,True,0.0032158000103663653,4,3.69730450330747e-09,4.775471602643012e-10,`gtol` termination condition is satisfied.,True,True,0.0,0.010000000000000009,True,0.03191674063738309,0.031779955620183514,False,False,False,False,False,False,1.0,False,False,False,0.0010147379099248437,0.006445520468349922,0.0010147405615564984,0.0064455208567305074
1.8600000000000014,1786138338.3085957,0.006200800009537488,0.006411999987903982,0.01,TELEOP,0,,0.0,1.8600000000000014,186,-0.007123667190317412,0.02572197668907536,0.0,0.02140948362248626,0.023423540058161902,0.044352371570191285,0.9985118121075293,-0.005736094343531357,0.023036046600900306,0.0,0.019261194750608893,0.020902474224840113,0.03977047048857496,0.998804486686547,-0.017720828303059415,-0.2182861649811292,0.2784441922802948,-0.12093611362666959,0.01296124378189571,0.01835644127848872,0.9924059167720097,-0.01762232998534282,-0.21847719762397277,0.27849537932267276,-0.12110331872241106,0.012720746523011276,0.018028787628132682,0.9923946450978941,-0.017622326478551744,-0.2184771988618373,0.2784953793092212,-0.12110331876641164,0.012720746526111989,0.018028787392081757,0.9923946450967732,-0.017154635539182065,-0.21935087733736966,0.2787129681606192,-0.1222143300425232,0.010999146839002973,0.015556385456886554,0.9923208529364824,-0.017154635539182065,-0.21935087733736966,0.2787129681606192,-0.1222143300425232,0.010999146839002973,0.015556385456886554,0.9923208529364824,-0.044876367749635354,-0.5719969045923788,0.8091527828704166,-0.17695900646333484,0.4867452188302304,-0.1466723248976724,-0.03551779048590944,-0.5657222033811332,0.8062677328739799,-0.1449037154225517,0.4901295023874744,-0.11863023947519989,-0.03551779048590944,-0.5657222033811332,0.8062677328739799,-0.1449037154225517,0.4901295023874744,-0.11863023947519989,-0.07779826797193683,-0.0615926076681763,0.029029563912381096,-0.278257214304817,-0.039307223582437475,-0.23943350920833653,-0.060664226273701834,0.037915578201038955,-0.023348638933726244,-0.10962102024646009,0.07117507854728644,-0.12912116739056748,0.5,0.0,0.0,0.5,True,False,True,False,1,True,True,0.0035881999938283116,4,3.718880638009593e-09,4.802789127107494e-10,`gtol` termination condition is satisfied.,True,True,0.0,0.010000000000000009,True,0.03205529104078314,0.03191674063738309,False,False,False,False,False,False,1.0,False,False,False,0.001014590460052591,0.006423854612152027,0.0010145931396228515,0.006423855002723455
1.8700000000000014,1786138338.3147745,0.006651400006376207,0.0059387000219430774,0.01,TELEOP,0,,0.0,1.8700000000000014,187,-0.007286128415035265,0.025990867131035513,0.0,0.0216220297702629,0.023678386044367346,0.04480991573299887,0.9984807926620067,-0.005881706238464898,0.023313647971496085,0.0,0.019483135320704142,0.021163433014111378,0.040244223249661384,0.9987757100751719,-0.017764511871539476,-0.2182057222811477,0.2784226377237978,-0.12082505095477745,0.013121667861500218,0.018574459008663863,0.9924132800234202,-0.017664768468815387,-0.2183961675985745,0.2784736673928046,-0.12099102042486778,0.012882555223731587,0.01824901635416176,0.9924022300204501,-0.017664764940405118,-0.21839616883939988,0.2784736673743852,-0.12099102046917294,0.012882555226862769,0.018249016116793262,0.9924022300193728,-0.01719136740620091,-0.21926700649841666,0.2786904158059329,-0.12209600975382892,0.011165115130282932,0.015784446263779117,0.9923299631989686,-0.01719136740620091,-0.21926700649841666,0.2786904158059329,-0.12209600975382892,0.011165115130282932,0.015784446263779117,0.9923299631989686,-0.04573042742495893,-0.5725793792315435,0.809422486697077,-0.17989268129329627,0.4864328493396724,-0.14923267639953716,-0.036301862365506705,-0.5663344215614972,0.8065557452225038,-0.14769738548333713,0.4897435149695812,-0.12103756356602866,-0.036301862365506705,-0.5663344215614972,0.8065557452225038,-0.14769738548333713,0.4897435149695812,-0.12103756356602866,-0.07840718795972647,-0.061221818036390936,0.028801234852388953,-0.27936700607854376,-0.03859874178931906,-0.24073240908287605,-0.06089199877896366,0.037078963178536116,-0.022832905999214313,-0.11097917737267621,0.07084817931184154,-0.1298899874539505,0.5,0.0,0.0,0.5,True,False,True,False,1,True,True,0.0031869999947957695,4,3.740276184897825e-09,4.829812336821246e-10,`gtol` termination condition is satisfied.,True,True,0.0,0.010000000000000009,True,0.03219529580995914,0.03205529104078314,False,False,False,False,False,False,1.0,False,False,False,0.0010146148709391225,0.006403104751090967,0.001014617578280828,0.00640310514381876
1.8800000000000014,1786138338.3214095,0.0061502999742515385,0.0064245999965351075,0.01,TELEOP,0,,0.0,1.8800000000000014,188,-0.007450275910265431,0.026258731498064826,0.0,0.02183352692559376,0.023932457793710483,0.04526558041602428,0.9984495789951249,-0.006029059530442663,0.023590334448828763,0.0,0.019704093976627098,0.021423744144163488,0.040716275230909524,0.9987466930101578,-0.017808717859132808,-0.21812554469687553,0.278401154204841,-0.12071446516302942,0.01328166285757924,0.018791679911525402,0.9924205197889875,-0.017707733584087105,-0.21831539376451362,0.27845202410919845,-0.12087919076839221,0.013043952922371736,0.018468467601274643,0.992409689712771,-0.01770773003427782,-0.21831539500832792,0.2784520240857794,-0.12087919081300366,0.013043952925533342,0.018468467362604372,0.9924096897117372,-0.017228638663388213,-0.21918352051499648,0.2786679867114648,-0.12197845409873419,0.01133041828792003,0.016011523120145695,0.9923389085813762,-0.017228638663388213,-0.21918352051499648,0.2786679867114648,-0.12197845409873419,0.01133041828792003,0.016011523120145695,0.9923389085813762,-0.04659089340687597,-0.5731591498258635,0.8096905383549217,-0.18283873029431988,0.4861272136050885,-0.1518066540462031,-0.03709204652625815,-0.5669430155064444,0.8068415259387369,-0.15050228682246672,0.4893645799659257,-0.12345795155540068,-0.03709204652625815,-0.5669430155064444,0.8068415259387369,-0.15050228682246672,0.4893645799659257,-0.12345795155540068,-0.07901841607514459,-0.06085939449472385,0.028578071623313363,-0.2804901339129587,-0.037893500365551294,-0.24203879893720198,-0.06112281154181179,0.03624235416670857,-0.022316322907559086,-0.11231278344149276,0.07052414237677675,-0.1306389854325923,0.5,0.0,0.0,0.5,True,False,True,False,1,True,True,0.003211100003682077,4,3.761484868557448e-09,4.856531468774538e-10,`gtol` termination condition is satisfied.,True,True,0.0,0.010000000000000009,True,0.03233644347185316,0.03219529580995914,False,False,False,False,False,False,1.0,False,False,False,0.00101479569011815,0.006383157322557876,0.0010147984250682882,0.006383157717406993
1.8900000000000015,1786138338.3280134,0.0067140000173822045,0.006313699996098876,0.01,TELEOP,0,,0.0,1.8900000000000015,189,-0.0076161031957458665,0.026525559215336742,0.0,0.022043969298071807,0.024185742769528028,0.045719348932716265,0.9984181761153192,-0.006178148435017793,0.023866094592309775,0.0,0.01992406385602328,0.02168339452257513,0.04118660803829178,0.9987174402200752,-0.017853444530505344,-0.21804563554354067,0.2783797426117371,-0.1206043598109469,0.013441221080678283,0.019008095719962592,0.9924276367914956,-0.017751223623901757,-0.21823487959547672,0.27843045040262576,-0.12076783362425181,0.01320493155502272,0.01868713253507857,0.9924170248549492,-0.017751220052919774,-0.21823488084230672,0.27843045037417663,-0.12076783366917125,0.013204931558214702,0.01868713229512267,0.9924170248539587,-0.017266447066480683,-0.2191004077732542,0.2786456764629388,-0.12186163782207178,0.011495080408047828,0.016237643524004943,0.9923476927400608,-0.017266447066480683,-0.2191004077732542,0.2786456764629388,-0.12186163782207178,0.011495080408047828,0.016237643524004943,0.9923476927400608,-0.047457737711798384,-0.5737361827798458,0.8099569284101654,-0.18579697240334328,0.48582838111232235,-0.15439409296907994,-0.03788836597351323,-0.5675480680620447,0.8071251263346689,-0.15331854836653605,0.48899266594275814,-0.12589147486103114,-0.03788836597351323,-0.5675480680620447,0.8071251263346689,-0.15331854836653605,0.48899266594275814,-0.12589147486103114,-0.0796319447255077,-0.06050525556002561,0.028360039593195926,-0.28162615440693195,-0.037191402316757674,-0.24335233056304575,-0.061352865036311266,0.03541389346982365,-0.021803203011743513,-0.11360204939732804,0.07020980487936182,-0.13135316258437632,0.5,0.0,0.0,0.5,True,False,True,False,1,True,True,0.0033989000075962394,4,3.78250006227008e-09,4.882940139204731e-10,`gtol` termination condition is satisfied.,True,True,0.0,0.010000000000000009,True,0.03247842403680723,0.03233644347185316,False,False,False,False,False,False,1.0,False,False,False,0.0010151177201981666,0.006363901069351309,0.0010151204825978673,0.006363901466286641
1.9000000000000015,1786138338.3342683,0.006554199993843213,0.006014599988702685,0.01,TELEOP,0,,0.0,1.9000000000000015,190,-0.007783603724899269,0.026791339748949868,0.0,0.022253351160770922,0.024438228456748562,0.04617120468682441,0.9983865890574546,-0.00632896709610886,0.02414091704662568,0.0,0.020143038203614155,0.021942371111549456,0.04165520344746772,0.9986879564647212,-0.017898690128832665,-0.21796599811166031,0.27835840382617744,-0.12049473840684388,0.013600334878267702,0.01922369824574237,0.9924346317683709,-0.01779523686079074,-0.21815462852796944,0.2784089471938954,-0.12065695280228717,0.013365483105383089,0.018905002417957763,0.9924242361436985,-0.017795233268868584,-0.2181546297778411,0.27840894716038694,-0.12065695284751618,0.013365483108605374,0.018905002176732747,0.9924242361427514,-0.017304790464811957,-0.2190176568627752,0.27862348065093445,-0.12174553580774558,0.011659125082256305,0.016462833733982003,0.9923563192818639,-0.017304790464811957,-0.2190176568627752,0.27862348065093445,-0.12174553580774558,0.011659125082256305,0.016462833733982003,0.9923563192818639,-0.048330931882463526,-0.5743104448118369,0.8102216476623932,-0.18876722357018696,0.48553642048976686,-0.1569948251281025,-0.03869084328564254,-0.5681496605209962,0.8074065969846046,-0.1561462928041805,0.48862774305031986,-0.12833820004582483,-0.03869084328564254,-0.5681496605209962,0.8074065969846046,-0.1561462928041805,0.48862774305031986,-0.12833820004582483,-0.08024773121293088,-0.06015924589515694,0.02814706499357148,-0.2827744437644452,-0.036492289243827365,-0.24467251847936927,-0.0615786487423176,0.03460096648686707,-0.02129745996244445,-0.11482893575132519,0.06991130729303059,-0.13201879163235244,0.5,0.0,0.0,0.5,True,False,True,False,1,True,True,0.003257000003941357,4,3.803315238276838e-09,4.909030624831549e-10,`gtol` termination condition is satisfied.,True,True,0.0,0.010000000000000009,True,0.03262093076600647,0.03247842403680723,False,False,False,False,False,False,1.0,False,False,False,0.0010155661041740384,0.006345227630579259,0.0010155688938694853,0.006345228029565521
1.9100000000000015,1786138338.340775,0.006229099992197007,0.006292100006248802,0.01,TELEOP,0,,0.0,1.9100000000000015,191,-0.00795277088509157,0.027056062606343835,0.0,0.02246166685005089,0.024689902362783837,0.04662113117283199,0.9983548228820248,-0.006481509586523457,0.024414790537607572,0.0,0.02036101036707095,0.022200660924884267,0.04212204339634371,0.9986582465345424,-0.017944452875957046,-0.2178866356682377,0.278337138723553,-0.12038560440985127,0.013758996632752313,0.01943847937601962,0.992441505471271,-0.017839771547146777,-0.21807464396370863,0.2783875153944948,-0.12054655205392835,0.013525599601483801,0.019122068603712957,0.9924313242918348,-0.017839767934523184,-0.2180746452166472,0.2783875153558995,-0.12054655209946864,0.013525599604736312,0.019122068361235752,0.9924313242909308,-0.01734366679631458,-0.2189352566626485,0.27860139490626057,-0.12163012325920412,0.01182257522112463,0.01668711862071658,0.9923647917490976,-0.01734366679631458,-0.2189352566626485,0.27860139490626057,-0.12163012325920412,0.01182257522112463,0.01668711862071658,0.9923647917490976,-0.04921044697851953,-0.5748819029377747,0.8104846871340625,-0.1917492967270664,0.48525139949790713,-0.1596086792891798,-0.039499500291850495,-0.5687478719584851,0.8076859873730836,-0.15898563495481907,0.48826978356869305,-0.13079818757107567,-0.039499500291850495,-0.5687478719584851,0.8076859873730836,-0.15898563495481907,0.48826978356869305,-0.13079818757107567,-0.08086570062079566,-0.05982114374887893,0.027939038847897415,-0.28393421506385663,-0.03579594816268392,-0.24599875252508502,-0.06179694078647785,0.033810214627800865,-0.020802614567406518,-0.1159771299411444,0.06963410811434396,-0.13262340457157323,0.5,0.0,0.0,0.5,True,False,True,False,1,True,True,0.003511199989588931,4,3.823923890402182e-09,4.93479517168038e-10,`gtol` termination condition is satisfied.,True,True,0.0,0.010000000000000009,True,0.03276366177224732,0.03262093076600647,False,False,False,False,False,False,1.0,False,False,False,0.0010161264007902398,0.006327032060533722,0.0010161292176332647,0.006327032461535684
1.9200000000000015,1786138338.347039,0.00652500000433065,0.006031199998687953,0.01,TELEOP,0,,0.0,1.9200000000000015,192,-0.00812359799789294,0.02731971733671349,0.0,0.022668910765355377,0.024940752018419235,0.04706911197638123,0.9983228826743495,-0.006635769908457142,0.024687703868527654,0.0,0.02057797379325807,0.02245825102531151,0.04258710997837346,0.9986283152500424,-0.01799073097253715,-0.21780755145783542,0.2783159481732416,-0.12027696123175749,0.013917198759712946,0.019652431070191153,0.9924482586656941,-0.017884825915292488,-0.21799492927178096,0.27836615590716784,-0.12043663507492963,0.013685273112769734,0.019338322532727263,0.9924382900277867,-0.017884822282212408,-0.21799493052781027,0.2783661558634594,-0.12043663512078258,0.013685273116052412,0.019338322289015185,0.992438290026926,-0.01738307408209597,-0.21885319641808784,0.27857941493235466,-0.12151537586394424,0.011985452897032504,0.016910521543203164,0.9923731136062859,-0.01738307408209597,-0.21885319641808784,0.27857941493235466,-0.12151537586394424,0.011985452897032504,0.016910521543203164,0.9923731136062859,-0.05009625356784999,-0.5754505244567327,0.8107460380609576,-0.19474300176378817,0.48497338501746823,-0.16223548100648025,-0.04031435777862445,-0.5693427786407543,0.8079633455811884,-0.1618366803068556,0.4879187623872627,-0.1332714906736348,-0.04031435777862445,-0.5693427786407543,0.8079633455811884,-0.1618366803068556,0.4879187623872627,-0.1332714906736348,-0.08148574867739568,-0.0594906682269221,0.027735820810485104,-0.2851045352036527,-0.03510211814303306,-0.24733031025591445,-0.06200480566000109,0.03304755219568269,-0.020321803741231177,-0.1170320139796043,0.06938300196508672,-0.13315577308294313,0.5,0.0,0.0,0.5,True,False,True,False,1,True,True,0.003265999985160306,4,3.844319304685692e-09,4.96022525765269e-10,`gtol` termination condition is satisfied.,True,True,0.0,0.010000000000000009,True,0.032906321456932563,0.03276366177224732,False,False,False,False,False,False,1.0,False,False,False,0.00101678465035626,0.00630921327833619,0.0010167874942039025,0.006309213681318289
1.9300000000000015,1786138338.353782,0.006280700006755069,0.006493399996543303,0.01,TELEOP,0,,0.0,1.9300000000000015,193,-0.008296078319341467,0.027582293531421553,0.0,0.022875077369003082,0.02519076497870337,0.04751513077469147,0.9982907735437676,-0.006791741993970277,0.02495964591678272,0.0,0.020793922024810722,0.02271512852217115,0.043050385436528865,0.9985981674611734,-0.01803752259819109,-0.21772874870353637,0.2782948330388659,-0.12016881223868227,0.014074933706357907,0.019865545357060803,0.9924548921306059,-0.017930398177544892,-0.21791548779058917,0.278344869626437,-0.12032720550785016,0.013844495747504564,0.019553755727608854,0.9924451340951368,-0.017930394524259492,-0.21791548904973196,0.278344869577591,-0.12032720555401678,0.013844495750817374,0.019553755482679586,0.9924451340943189,-0.017423010420671035,-0.21877146580787715,0.27855753653470955,-0.12140126994216931,0.012147779205757738,0.01713306424867215,0.992381288228596,-0.017423010420671035,-0.21877146580787715,0.27855753653470955,-0.12140126994216931,0.012147779205757738,0.01713306424867215,0.992381288228596,-0.050988321718586624,-0.5760162769380682,0.8110056918834605,-0.19774814550834446,0.48470244303628834,-0.16487505260935154,-0.04113543522441698,-0.5699344535043436,0.8082387180101614,-0.16469952372123275,0.48757465741990313,-0.13575815436442318,-0.04113543522441698,-0.5699344535043436,0.8082387180101614,-0.16469952372123275,0.48757465741990313,-0.13575815436442318,-0.0821077445792531,-0.059167486358924354,0.027537242897300283,-0.2862843414377156,-0.03441049673595696,-0.248666369078836,-0.06219959018574246,0.03231818679977477,-0.01985779131848213,-0.11798062340628718,0.06916214070760997,-0.13360588229215237,0.5,0.0,0.0,0.5,True,False,True,False,1,True,True,0.00321359999361448,4,3.864494884041509e-09,4.985312449155676e-10,`gtol` termination condition is satisfied.,True,True,0.0,0.010000000000000009,True,0.03304862178711171,0.032906321456932563,False,False,False,False,False,False,1.0,False,False,False,0.0010175274314282979,0.006291674451376816,0.0010175303021433579,0.006291674856303325
1.9400000000000015,1786138338.3604739,0.006706899992423132,0.006478299997979775,0.01,TELEOP,0,,0.0,1.9400000000000015,194,-0.008470205040209395,0.02784378082440944,0.0,0.023080161185971965,0.025439928823836607,0.047959171336969704,0.9982585006228292,-0.006949419705445102,0.02523060563092797,0.0,0.021008848697014613,0.022971280569387947,0.04351185215787779,0.9985678080467142,-0.01808482591163354,-0.21765023060780334,0.27827379417852294,-0.12006116075260047,0.014232193950164698,0.02007781433228614,0.9924614066580834,-0.017976486526276782,-0.21783632282960583,0.27832365743907267,-0.12021826694430364,0.014003259650468714,0.019768359789265375,0.9924518572521853,-0.017976482853043516,-0.21783632409188367,0.27832365738506604,-0.12021826699078528,0.014003259653811542,0.019768359543136986,0.9924518572514102,-0.0174634739819289,-0.21869005500295477,0.2785357556473548,-0.12128778257982062,0.012309574146278045,0.01735476679457541,0.9923893188918921,-0.0174634739819289,-0.21869005500295477,0.2785357556473548,-0.12128778257982062,0.012309574146278045,0.01735476679457541,0.9923893188918921,-0.05188662099176004,-0.5765791282100573,0.8112636402386099,-0.20076453171262496,0.4844386386350717,-0.16752721319366637,-0.041962750562000016,-0.5705229657036456,0.8085121491410843,-0.16757424829546314,0.4872374499582622,-0.13825821454507115,-0.041962750562000016,-0.5705229657036456,0.8085121491410843,-0.16757424829546314,0.4872374499582622,-0.13825821454507115,-0.08273153375830357,-0.05885121993020408,0.0273431130922811,-0.2874724574230394,-0.03372074616409349,-0.25000601806479633,-0.062378917905047314,0.03162664287202748,-0.01941298050191816,-0.11881159853238399,0.06897505718634686,-0.13396489859603308,0.5,0.0,0.0,0.5,True,False,True,False,1,True,True,0.003349500009790063,4,3.884443934960197e-09,5.010049983921656e-10,`gtol` termination condition is satisfied.,True,True,0.0,0.010000000000000009,True,0.03319028341716182,0.03304862178711171,False,False,False,False,False,False,1.0,False,False,False,0.001018341908803961,0.006274323315756379,0.0010183448062546778,0.006274323722591871
1.9500000000000015,1786138338.3665595,0.00668799999402836,0.005875900009414181,0.01,TELEOP,0,,0.0,1.9500000000000015,195,-0.008645971286271937,0.02810416889260657,0.0,0.023284156803676972,0.02568823116005862,0.048401217524814064,0.998226069066484,-0.007108796836025119,0.025500572028028093,0.0,0.02122274753495866,0.02322669436372241,0.04397149266871045,0.998537241913634,-0.018132639050807545,-0.21757200035324656,0.27825283244499077,-0.11995401005272908,0.014388971997693853,0.02028923015607981,0.9924678030529721,-0.01802308913397579,-0.21775743767095201,0.27830252022451657,-0.12010982292699986,0.014161557000923022,0.01998212639336933,0.992458460271539,-0.01802308544105833,-0.21775743893638497,0.27830252016532786,-0.12010982297379735,0.014161557004295796,0.019982126146060285,0.9924584602708065,-0.017504463000906387,-0.2186089547164776,0.27851406835643594,-0.1211748917462884,0.012470856518118132,0.017575647491209146,0.9923972087643358,-0.017504463000906387,-0.2186089547164776,0.27851406835643594,-0.1211748917462884,0.012470856518118132,0.017575647491209146,0.9923972087643358,-0.05279112043454307,-0.5771390463498574,0.8115198749528282,-0.2037919610430057,0.484182035972113,-0.17019177861742277,-0.04279631996778824,-0.57110838022416,0.808783681329234,-0.1704609243825878,0.48690712496574307,-0.14077169723894534,-0.04279631996778824,-0.57110838022416,0.808783681329234,-0.1704609243825878,0.48690712496574307,-0.14077169723894534,-0.08335694057882206,-0.058541452051445245,0.027153218814968724,-0.28866760871246844,-0.03303249925191151,-0.2513482693874186,-0.06254068205184919,0.030976787875882917,-0.018989427731237567,-0.11951512894290556,0.0688246912181979,-0.1342251322622265,0.5,0.0,0.0,0.5,True,False,True,False,1,True,True,0.0031596999906469136,4,3.904159735248737e-09,5.034428732823487e-10,`gtol` termination condition is satisfied.,True,True,0.0,0.010000000000000009,True,0.033331036660417895,0.03319028341716182,False,False,False,False,False,False,1.0,False,False,False,0.0010192158732756325,0.0062570724370788035,0.0010192187973353463,0.006257072845787547
1.9600000000000015,1786138338.372967,0.006084600026952103,0.006198800023412332,0.01,TELEOP,0,,0.0,1.9600000000000015,196,-0.008823370118578656,0.028363447456337867,0.0,0.023487058871740848,0.025935659620534544,0.04884125329260976,0.9981934840512686,-0.007269867110038713,0.025769534191295688,0.0,0.0214356123509344,0.023481357143270102,0.044429289630162426,0.9985064739964433,-0.018180960133011622,-0.21749406110330813,0.2782319486859111,-0.11984736337679197,0.014545260383558842,0.020499785051141563,0.9924740821325576,-0.018070204153301822,-0.2176788355708174,0.2782814588552621,-0.12000187695159768,0.014319380010813178,0.020195047287177473,0.9924649439397184,-0.018070200440970064,-0.21767883683942418,0.27828145879087157,-0.12000187699871183,0.014319380014215871,0.02019504703870662,0.9924649439390285,-0.01754597577143557,-0.21852815624574284,0.2784924709209534,-0.1210625763971863,0.012631643835516983,0.017795722863490078,0.9924049608994576,-0.01754597577143557,-0.21852815624574284,0.2784924709209534,-0.1210625763971863,0.012631643835516983,0.017795722863490078,0.9924049608994576,-0.05370178857404878,-0.5776959996746813,0.8117743880352774,-0.20683023107558712,0.48393269826713137,-0.1728685615004316,-0.04363615767730425,-0.5716907575585936,0.8090533546316075,-0.17335960875893128,0.4865836713149713,-0.14329861793236812,-0.04363615767730425,-0.5716907575585936,0.8090533546316075,-0.17335960875893128,0.4865836713149713,-0.14329861793236812,-0.08398377095160116,-0.05823773344335351,0.026967330237362582,-0.2898684376343456,-0.03234536507717701,-0.25269206934227695,-0.06268303727790941,0.030371860809173465,-0.018588857760614357,-0.12008289218771544,0.0687134174734502,-0.13437999548583474,0.5,0.0,0.0,0.5,True,False,True,False,1,True,True,0.0034863000037148595,4,3.9236356066810226e-09,5.058441082572697e-10,`gtol` termination condition is satisfied.,True,True,0.0,0.010000000000000009,True,0.033470622316655846,0.033331036660417895,False,False,False,False,False,False,1.0,False,False,False,0.0010201377736069324,0.006239839415035555,0.0010201407241538856,0.0062398398255818
1.9700000000000015,1786138338.3791401,0.006451699999161065,0.005920299998251721,0.01,TELEOP,0,,0.0,1.9700000000000015,197,-0.00900239453372741,0.028621606279729584,0.0,0.023688862101758634,0.02618220186623999,0.04927926268791805,0.9981607507744905,-0.007432624183408714,0.02603748126798979,0.0,0.021647437042058213,0.02373525618618571,0.04488522583428671,0.9984755092565323,-0.018229787255022622,-0.2174164160028709,0.2782111437439527,-0.11974122392217296,0.014701051669537094,0.020709471300798678,0.992480244726247,-0.01811782971714345,-0.21760051976073624,0.2782604741971963,-0.11989443246838731,0.014476720923192373,0.020407114286670563,0.9924713090567838,-0.01811782598567348,-0.217600521032534,0.27826047412758576,-0.11989443251581895,0.014476720926624848,0.020407114037057094,0.9924713090561363,-0.017588010639727963,-0.21844765150636347,0.2784709597907337,-0.12095081656264381,0.012791952257633072,0.018015007630393595,0.9924125782306192,-0.017588010639727963,-0.21844765150636347,0.2784709597907337,-0.12095081656264381,0.012791952257633072,0.018015007630393595,0.9924125782306192,-0.05461859341164202,-0.5782499567340732,0.8120271716717743,-0.20987913629587113,0.48369068778430135,-0.17555737122793683,-0.04448227582584905,-0.5722701534427651,0.8093212066660067,-0.1762703439340304,0.4862670819716898,-0.1458389810214471,-0.04448227582584905,-0.5722701534427651,0.8093212066660067,-0.1762703439340304,0.4862670819716898,-0.1458389810214471,-0.08461181485448006,-0.057939588417157135,0.026785203439920385,-0.29107351750991395,-0.031658934328155294,-0.2540363089078988,-0.06280439028789112,0.029814502619637112,-0.01821267974421954,-0.12050798755683194,0.06864307490217174,-0.13442395656218614,0.5,0.0,0.0,0.5,True,False,True,False,1,True,True,0.0031916000007186085,4,3.942864857045522e-09,5.082080108003956e-10,`gtol` termination condition is satisfied.,True,True,0.0,0.010000000000000009,True,0.03360879236184072,0.033470622316655846,False,False,False,False,False,False,1.0,False,False,False,0.0010210967411958386,0.006222547035302062,0.0010210997181126016,0.006222547447650343
1.9800000000000015,1786138338.3853686,0.006128199980594218,0.006020600005285814,0.01,TELEOP,0,,0.0,1.9800000000000015,198,-0.009183037464140831,0.028878635171113422,0.0,0.02388956126705561,0.026427845586844627,0.04971522985185777,0.9981278744534102,-0.007597061644049463,0.026304402467549934,0.0,0.02185821558809487,0.02398837880961066,0.0453392842005319,0.9984443526814974,-0.018279118493214848,-0.21733906817879914,0.27819041845695636,-0.11963559484696877,0.014856338443808924,0.02091828124733506,0.9924862916752616,-0.018165963938673757,-0.21752249344873276,0.27823956710990655,-0.11978749288381856,0.014633572010841667,0.020618319273983145,0.9924775564359775,-0.018165960188347843,-0.21752249472373705,0.2782395670350597,-0.11978749293156819,0.014633572014303937,0.020618319023246682,0.9924775564353722,-0.017630565997952506,-0.2183674330591161,0.27844953162172487,-0.1208395934216311,0.012951796533959857,0.018233514700569504,0.9924200635667852,-0.017630565997952506,-0.2183674330591161,0.27844953162172487,-0.1208395934216311,0.012951796533959857,0.018233514700569504,0.9924200635667852,-0.055541502417731904,-0.578800886303179,0.812278218219203,-0.21293846810269335,0.4834560658145725,-0.17825801395803473,-0.04533468431334764,-0.5728466186481197,0.8095872724999921,-0.17919315759570922,0.48595735412814617,-0.14839277935960693,-0.04533468431334764,-0.5728466186481197,0.8095872724999921,-0.17919315759570922,0.48595735412814617,-0.14839277935960693,-0.08524084874985871,-0.05764652053545928,0.026606583398535544,-0.2922813661678815,-0.030972784354362674,-0.25537983381598195,-0.06290338953786438,0.029306788169785408,-0.01786200413848403,-0.12078486579675483,0.06861499737926194,-0.13435249080831768,0.5,0.0,0.0,0.5,True,False,True,False,1,True,True,0.003155499987769872,4,3.96184079332494e-09,5.105336797169705e-10,`gtol` termination condition is satisfied.,True,True,0.0,0.010000000000000009,True,0.03374531050698412,0.03360879236184072,False,False,False,False,False,False,1.0,False,False,False,0.0010220826078921744,0.006205123372295218,0.0010220856110651482,0.006205123786409722
1.9900000000000015,1786138338.391477,0.00623309999355115,0.005895900016184896,0.01,TELEOP,0,,0.0,1.9900000000000015,199,-0.00936529177834533,0.02913452398342884,0.0,0.024089151202438864,0.026672578501594196,0.050149139019479705,0.998094860324422,-0.007763173012252796,0.026570287059943437,0.0,0.022067942049462726,0.024240712368784903,0.04579144777258753,0.9984130092844573,-0.018328951903675846,-0.21726202074041756,0.27816977365806317,-0.11953047927095092,0.015011113320312144,0.02112620729049086,0.9924922238323386,-0.018214604911406036,-0.21744475982034797,0.2782187384469561,-0.11968106156188955,0.014789925575069482,0.02082865419509567,0.992483686903379,-0.01821460114251257,-0.21744476109857266,0.2782187383668583,-0.11968106160995758,0.014789925578561455,0.020828653943256184,0.9924836869028157,-0.0176736402778594,-0.218287494129895,0.2784281832887131,-0.12072888936288372,0.013111189964086212,0.01845125518266495,0.9924274195895206,-0.0176736402778594,-0.218287494129895,0.2784281832887131,-0.12072888936288372,0.013111189964086212,0.01845125518266495,0.9924274195895206,-0.05647048252701302,-0.5793487573769204,0.8125275202003859,-0.21600801481622903,0.48322889265737845,-0.1809702926327572,-0.04619339069226069,-0.5734201988275336,0.8098515845679536,-0.1821280621829462,0.48565448928912863,-0.15095999390065032,-0.04619339069226069,-0.5734201988275336,0.8098515845679536,-0.1821280621829462,0.48565448928912863,-0.15095999390065032,-0.08587063789130478,-0.057358017941393696,0.02643120679615328,-0.2934904587236968,-0.030286483901754476,-0.25672145410433783,-0.06297891414460653,0.028850259406558096,-0.017537660238226383,-0.12090925558152962,0.06863004526081966,-0.13416202883558687,0.5,0.0,0.0,0.5,True,False,True,False,1,True,True,0.0031635999912396073,4,3.980556741663524e-09,5.12820339779793e-10,`gtol` termination condition is satisfied.,True,True,0.0,0.010000000000000009,True,0.033879952633282834,0.03374531050698412,False,False,False,False,False,False,1.0,False,False,False,0.0010230859174374498,0.006187501846352489,0.0010230889467561389,0.006187502262197549
2.0000000000000013,1786138338.3974826,0.0061058000137563795,0.005795799981569871,0.01,TELEOP,0,,0.0,2.0000000000000013,200,-0.009549150281252656,0.02938926261462369,0.0,0.024287626803942627,0.02691638836019107,0.05058097452013402,0.9980617136422324,-0.007930951741064226,0.026835124374205713,0.0,0.022276610565402918,0.02449224425632541,0.0462416997155614,0.998381484103357,-0.018379285522319277,-0.21718527677993427,0.27814921017582767,-0.11942588027644614,0.015165368938201515,0.021333241886116502,0.9924980420614404,-0.018263750709249727,-0.21736732203955933,0.27819798905613013,-0.11957514182540986,0.014945773944673392,0.02103811105776411,0.9924897012975747,-0.01826374692208322,-0.21736732332101646,0.2781979889707685,-0.11957514187379645,0.01494577394819495,0.02103811080484193,0.9924897012970534,-0.017717231944497147,-0.21820782862321653,0.2784069118955729,-0.12061868803304165,0.01327014437090923,0.01866823840890907,0.9924346488511328,-0.017717231944497147,-0.21820782862321653,0.2784069118955729,-0.12061868803304165,0.01327014437090923,0.01866823840890907,0.9924346488511328,-0.057405500134125105,-0.579893539164985,0.8127750702993592,-0.21908756168991492,0.48300922760180504,-0.1836940069927012,-0.047058400077388374,-0.5739909344110065,0.8101141726144976,-0.18507505457893403,0.48535849331386727,-0.15354059343196821,-0.047058400077388374,-0.5739909344110065,0.8101141726144976,-0.18507505457893403,0.48535849331386727,-0.15354059343196821,-0.08650093851276856,-0.05707355834728547,0.026258804654394438,-0.29469923959878364,-0.029599597526138544,-0.2580599531317895,-0.06303006214637813,0.02844595941082287,-0.01724021417588417,-0.12087808750868845,0.06868863756159307,-0.1338499027451622,0.5,0.0,0.0,0.5,True,False,True,False,1,True,True,0.003124999988358468,4,3.999006021151087e-09,5.150672442225037e-10,`gtol` termination condition is satisfied.,True,True,0.0,0.009999999999999787,True,0.03401250711098089,0.033879952633282834,False,False,False,False,False,False,1.0,False,False,False,0.0010240979309915374,0.006169621238887157,0.001024100986347828,0.006169621656427111
2.010000000000001,1786138338.4039068,0.006061799998860806,0.006158200005302206,0.01,TELEOP,0,,0.0,2.010000000000001,201,-0.009734605714443923,0.029642841008052992,0.0,0.024484983028567383,0.027159262943672987,0.05101072077783023,0.9980284396790371,-0.008100391216650482,0.02709890379715531,0.0,0.022484215352296614,0.02474296190165554,0.04669002331345689,0.9983497822002636,-0.01843011736499515,-0.21710883937281308,0.27812872883431805,-0.1193218009091424,0.015319097961402952,0.021539377544965942,0.9925037472374718,-0.018313399386566818,-0.21729018324960264,0.27817731977965615,-0.11946973695714942,0.015101109475048892,0.021246681929664255,0.992495600469338,-0.01831339558142781,-0.2172901845343027,0.27817731968901976,-0.11946973700585488,0.015101109478600015,0.021246681675680123,0.9924956004688583,-0.017761339490064747,-0.21812843112972446,0.2783857147831674,-0.12050897437265146,0.013428670086387293,0.018884471970546376,0.9924417537738708,-0.017761339490064747,-0.21812843112972446,0.2783857147831674,-0.12050897437265146,0.013428670086387293,0.018884471970546376,0.9924417537738708,-0.0583465210897061,-0.5804352010875605,0.8130208613570113,-0.22217689092614223,0.48279712890729276,-0.18642895359509842,-0.04792971507634096,-0.574558860547777,0.8103750636623193,-0.18803411591655628,0.4850693764170542,-0.1561345343923647,-0.04792971507634096,-0.574558860547777,0.8103750636623193,-0.18803411591655628,0.4850693764170542,-0.1561345343923647,-0.0871314998952585,-0.05679261367706311,0.026089104782162795,-0.295906133762224,-0.02891168968130374,-0.25939409603964747,-0.06305613824899316,0.02809446702223533,-0.016969987223164514,-0.12068941634403955,0.06879078448348046,-0.13341429078579659,0.5,0.0,0.0,0.5,True,False,True,False,1,True,True,0.0034107999817933887,4,4.017182109636059e-09,5.172736273584765e-10,`gtol` termination condition is satisfied.,True,True,0.0,0.009999999999999787,True,0.03414277500958596,0.03401250711098089,False,False,False,False,False,False,1.0,False,False,False,0.0010251106272066621,0.006151425669031904,0.0010251137084943658,0.006151426088231068
2.020000000000001,1786138338.410036,0.006383600004483014,0.0059037999890279025,0.01,TELEOP,0,,0.0,2.020000000000001,202,-0.009921650756456186,0.029895249152875964,0.0,0.024681214894012964,0.02740119006529017,0.05143836231159052,0.9979950437236966,-0.008271484758659435,0.027361614772267034,0.0,0.022690750702115618,0.024992852770570857,0.04713640196692135,0.9983179086606511,-0.018481445427597838,-0.21703271157810008,0.2781083304532031,-0.11921824417882856,0.01547229307825357,0.02174460683161619,0.9925093402460031,-0.018363548978229,-0.2172133465737059,0.2781567314544005,-0.11936485020088515,0.015255924547431306,0.02145435893673027,0.992501385281319,-0.018363545155423988,-0.2172133478616573,0.27815673135848,-0.11936485024990907,0.015255924551011902,0.021454358681705227,0.9925013852808808,-0.017805961427936935,-0.21804929692815186,0.2783645895350259,-0.12039973464071502,0.013586775948908902,0.019099961763745323,0.9924487366501018,-0.017805961427936935,-0.21804929692815186,0.2783645895350259,-0.12039973464071502,0.013586775948908902,0.019099961763745323,0.9924487366501018,-0.059293510696813496,-0.5809737127717433,0.8132648863670549,-0.22527578169558027,0.4825926537839476,-0.18917492583521872,-0.048807335739411886,-0.5751240070913721,0.8106342820027164,-0.19100521148839766,0.4847871531322457,-0.15874176076885904,-0.048807335739411886,-0.5751240070913721,0.8106342820027164,-0.19100521148839766,0.4847871531322457,-0.15874176076885904,-0.08776206630709288,-0.05651465435950661,0.02592183403971561,-0.2971095571841387,-0.028222328480852463,-0.2607226376494366,-0.06305664118343875,0.02779593175565055,-0.016727074244718452,-0.12034234219146604,0.06893612004512771,-0.13285416097891245,0.5,0.0,0.0,0.5,True,False,True,False,1,True,True,0.003187700000125915,4,4.0350784072474765e-09,5.194386638177427e-10,`gtol` termination condition is satisfied.,True,True,0.0,0.009999999999999787,True,0.034270570207182605,0.03414277500958596,False,False,False,False,False,False,1.0,False,False,False,0.0010261166973051705,0.006132864535239854,0.0010261198044187309,0.006132864956062344
2.0300000000000007,1786138338.4163814,0.006118099990999326,0.006131200003437698,0.01,TELEOP,0,,0.0,2.0300000000000007,203,-0.010110278023071462,0.030146477084451253,0.0,0.02487631747840554,0.027642157571380437,0.051863883735795535,0.9979615310809092,-0.008444225620573375,0.027623246798688196,0.0,0.0228962109809934,0.025241904364928396,0.04758081919123942,0.9982858685926774,-0.01853326768617202,-0.21695689643870872,0.27808801584782916,-0.1191152130600734,0.015624947001219395,0.021948922363500597,0.9925148219829987,-0.018414197499675773,-0.21713681511574315,0.2781362249120438,-0.11926048476235447,0.01541021156825826,0.021661134261668834,0.9925070566077441,-0.018414193659517207,-0.21713681640695218,0.27813622481083206,-0.11926048481169682,0.0154102115718682,0.021661134005624305,0.9925070566073472,-0.01785109628689491,-0.21797042198219382,0.2783435339809274,-0.12029095642848747,0.013744469311349553,0.019314712044655177,0.9924555996433801,-0.01785109628689491,-0.21797042198219382,0.2783435339809274,-0.12029095642848747,0.013744469311349553,0.019314712044655177,0.9924555996433801,-0.06024643370769014,-0.5815090440485471,0.8135071384722874,-0.22838401016000145,0.48239585837252547,-0.19193171397100817,-0.04969125952756217,-0.5756863986240924,0.8108918492068969,-0.19398829075336063,0.4845118422408954,-0.16136220406677157,-0.04969125952756217,-0.5756863986240924,0.8108918492068969,-0.19398829075336063,0.4845118422408954,-0.16136220406677157,-0.08839237881502837,-0.056239153272030336,0.025756720418052523,-0.2983079264962964,-0.027531089135031578,-0.26204432979125375,-0.0630312507935491,0.027550108747627193,-0.016511362166308705,-0.11983693121577442,0.06912393458208861,-0.1321692141817178,0.5,0.0,0.0,0.5,True,False,True,False,1,True,True,0.0031689000024925917,4,4.052688291638775e-09,5.215617180122229e-10,`gtol` termination condition is satisfied.,True,True,0.0,0.009999999999999787,True,0.03439571940664082,0.034270570207182605,False,False,False,False,False,False,1.0,False,False,False,0.001027109535606462,0.0061138924252361285,0.0010271126684402163,0.006113892847646327
2.0400000000000005,1786138338.4227219,0.006444900005590171,0.006026399991242215,0.01,TELEOP,0,,0.0,2.0400000000000005,204,-0.010300480067608243,0.03039651488473028,0.0,0.025070285920018785,0.027882153342242404,0.052287269760523676,0.9979279070703847,-0.008618606990056505,0.027883789430384318,0.0,0.023100590627904528,0.02549010422244755,0.04802325861454746,0.9982536671264529,-0.01858558209701696,-0.21688139698166733,0.27806778582928593,-0.11901271049285082,0.015777052466683247,0.022152316810045154,0.9925201933545513,-0.01846534294697359,-0.2170605919608159,0.2781158009792365,-0.11915664381012542,0.015563962968641305,0.021867000142632067,0.9925126153341225,-0.01846533908977973,-0.2170605932552871,0.2781158008727281,-0.11915664385978567,0.015563962972280587,0.021866999885589874,0.9925126153337666,-0.01789674260559123,-0.21789180293274205,0.2783225461985259,-0.12018262866324715,0.013901756058890349,0.019528725492335492,0.9924623447903281,-0.01789674260559123,-0.21789180293274205,0.2783225461985259,-0.12018262866324715,0.013901756058890349,0.019528725492335492,0.9924623447903281,-0.061205254320855385,-0.582041164950467,0.8137476109611174,-0.23150134949849546,0.4822067977241433,-0.1946991051508775,-0.05058148129720891,-0.5762460545174637,0.8111477841562446,-0.19698328743197346,0.4842434666702357,-0.16399578334738657,-0.05058148129720891,-0.5762460545174637,0.8111477841562446,-0.19698328743197346,0.4842434666702357,-0.16399578334738657,-0.08902217696467407,-0.055965589337121244,0.025593494934756773,-0.299499667861282,-0.02683755706596788,-0.2633579280615006,-0.06297981496457018,0.027356393490909035,-0.016322548329575158,-0.11917413649856028,0.06935320690636983,-0.13135982702468565,0.5,0.0,0.0,0.5,True,False,True,False,1,True,True,0.003209800022887066,4,4.070005428876235e-09,5.23641863916971e-10,`gtol` termination condition is satisfied.,True,True,0.0,0.009999999999999787,True,0.034518062066522,0.03439571940664082,False,False,False,False,False,False,1.0,False,False,False,0.001028083225943087,0.006094468997639403,0.0010280863843907199,0.006094469421601198
2.0500000000000003,1786138338.428882,0.0062655000074300915,0.005921199976000935,0.01,TELEOP,0,,0.0,2.0500000000000003,205,-0.010492249381215485,0.03064535268264883,0.0,0.025263115416989262,0.028121165293006716,0.05270850519188309,0.9978941770260153,-0.008794621989297396,0.028143232275401973,0.0,0.023303884153441774,0.025737439916611902,0.048463703976247746,0.9982213094133006,-0.018638386596789226,-0.2168062162183328,0.27804764120446407,-0.11891073938311564,0.015928602234796196,0.022354782891897705,0.9925254552766204,-0.018516983296876243,-0.21698468017576877,0.2780954604777371,-0.11905333047639101,0.015717171203936377,0.022071948872033932,0.9925180623569608,-0.01851697942297115,-0.21698468147350444,0.2780954603659285,-0.11905333052636856,0.015717171207604883,0.022071948614016183,0.9925180623566456,-0.01794289892727271,-0.2178134370859284,0.2783016245131568,-0.12007474160277122,0.01405864063568118,0.019742003278339283,0.9924689740032494,-0.01794289892727271,-0.2178134370859284,0.2783016245131568,-0.12007474160277122,0.01405864063568118,0.019742003278339283,0.9924689740032494,-0.062169936178503166,-0.5825700457095411,0.8139862972643255,-0.2346275699369594,0.4820255257797814,-0.1974768834445545,-0.05147799330050518,-0.5768029890252212,0.8114021030897304,-0.19999011968254207,0.4839820533631695,-0.16664240532751398,-0.05147799330050518,-0.5768029890252212,0.8114021030897304,-0.19999011968254207,0.4839820533631695,-0.16664240532751398,-0.0896512003296278,-0.055693450775748214,0.025431893348583236,-0.30068322505685985,-0.02614133070661937,-0.26466219801274216,-0.06290233649537287,0.027213856137303188,-0.016160158617353645,-0.11835571955778473,0.0696226359348507,-0.13042699512415684,0.5,0.0,0.0,0.5,True,False,True,False,1,True,True,0.003171400021528825,4,4.087023328422412e-09,5.256785085748874e-10,`gtol` termination condition is satisfied.,True,True,0.0,0.009999999999999787,True,0.034637450254417335,0.034518062066522,False,False,False,False,False,False,1.0,False,False,False,0.0010290325243975285,0.006074558838468435,0.0010290357083507693,0.006074559263945937
2.06,1786138338.4356167,0.006135200004791841,0.006520800001453608,0.01,TELEOP,0,,0.0,2.06,206,-0.010685578393169054,0.03089298065451672,0.0,0.025454801227026022,0.028359181374504973,0.05312757493233686,0.9978603462950462,-0.008972263675347146,0.028401564995237567,0.0,0.023506086138681187,0.02598389905666224,0.04890213912560277,0.9981888006250091,-0.01869167910260415,-0.2167313571445734,0.2780275827761041,-0.11880930260333578,0.01607958908938644,0.02255631338024109,0.9925306086747743,-0.018569116506886557,-0.21690908280964583,0.2780752042245345,-0.11895054785769567,0.01586982875340371,0.02227597279549629,0.9925233985834823,-0.01856911261659996,-0.21690908411064608,0.2780752041074245,-0.11895054790798987,0.015869828757101443,0.022275972536525496,0.9925233985832078,-0.01798956379478171,-0.21773532239741294,0.27828076749596087,-0.11996728682125453,0.014215126079445035,0.0199545451417913,0.992475489073396,-0.01798956379478171,-0.21773532239741294,0.27828076749596087,-0.11996728682125453,0.014215126079445035,0.0199545451417913,0.992475489073396,-0.0631404423641864,-0.5830956567558618,0.8142231909520377,-0.2377624387807565,0.48185209534962464,-0.20026482987691432,-0.052380785199802334,-0.5773572114054617,0.8116548196666917,-0.203008690350412,0.4837276331232648,-0.16930196453533494,-0.052380785199802334,-0.5773572114054617,0.8116548196666917,-0.203008690350412,0.4837276331232648,-0.16930196453533494,-0.09027918992971522,-0.055422238024047416,0.02527165769613691,-0.30185706678699264,-0.02544202399047392,-0.26595592078209723,-0.0627989600087414,0.02712127517008004,-0.01602356524463243,-0.1173841730132815,0.06993067161454511,-0.12937227693550585,0.5,0.0,0.0,0.5,True,False,True,False,1,True,True,0.003731399978278205,4,4.103735642027907e-09,5.276708271938102e-10,`gtol` termination condition is satisfied.,True,True,0.0,0.009999999999999787,True,0.03475374843034451,0.034637450254417335,False,False,False,False,False,False,1.0,False,False,False,0.001029952838773181,0.006054131295651833,0.0010299560481210667,0.006054131722608846
2.07,1786138338.441984,0.006761500000720844,0.006126299995230511,0.01,TELEOP,0,,0.0,2.07,207,-0.01088045947117059,0.031139389024405623,0.0,0.0256453386671147,0.028596189574136642,0.05354446398102145,0.9978264202372447,-0.009151525040453835,0.02865877730430192,0.0,0.023707191234126245,0.026229469287671968,0.049338548020492166,0.9981561459530794,-0.01874545751213616,-0.216656822740924,0.2780076113428379,-0.11870840299298416,0.01623000583792008,0.02275690109618212,0.9925356544839359,-0.018621740515319427,-0.216833802894093,0.2780550330319559,-0.11884829901560019,0.0160219281199487,0.022479064310912057,0.9925286249313536,-0.018621736608986666,-0.2168338041983558,0.2780550329095448,-0.11884829906620992,0.016021928123675415,0.022479064051010984,0.9925286249311196,-0.01803673574585149,-0.21765745745334364,0.2782599739604691,-0.11986025718741096,0.014371214063139296,0.020166349468866508,0.9924818916748147,-0.01803673574585149,-0.21765745745334364,0.2782599739604691,-0.11986025718741096,0.014371214063139296,0.020166349468866508,0.9924818916748147,-0.06411673540077674,-0.5836179687164927,0.814458285730881,-0.24090572045045558,0.481686558092291,-0.20306272246472223,-0.05328984409499816,-0.5779087260686754,0.811905945043241,-0.2060388872827653,0.4834802404378592,-0.1719743435170138,-0.05328984409499816,-0.5779087260686754,0.811905945043241,-0.2060388872827653,0.4834802404378592,-0.1719743435170138,-0.09090588951958228,-0.05515146632137058,0.02511253765492359,-0.30301969323532907,-0.02473926854055511,-0.26723789816788585,-0.06266995898670698,0.027077170267683984,-0.01591200412133246,-0.11626264483364374,0.07027554499188111,-0.12819773857886269,0.5,0.0,0.0,0.5,True,False,True,False,1,True,True,0.003333200002089143,4,4.120136112434689e-09,5.296181891769096e-10,`gtol` termination condition is satisfied.,True,True,0.0,0.009999999999999787,True,0.03486683316769029,0.03475374843034451,False,False,False,False,False,False,1.0,False,False,False,0.0010308402052087995,0.006033160294534131,0.001030843439836755,0.006033160722934563
2.0799999999999996,1786138338.4488082,0.006368199974531308,0.0065824000048451126,0.01,TELEOP,0,,0.0,2.0799999999999996,208,-0.011076884921648822,0.03138456806453501,0.0,0.025834723113216003,0.02883217791673342,0.053959157434058075,0.997792404224069,-0.009332399012393898,0.028914858969471494,0.0,0.02390719415872323,0.026474138290696992,0.04977291472631635,0.9981233506079642,-0.018799719703718177,-0.21658261597271605,0.2779877276992237,-0.11860804335899551,0.01637984531150889,0.022956538910208914,0.9925405936481317,-0.018674853241366307,-0.21675884344371185,0.27803494770776116,-0.11874658697729139,0.01617346182993602,0.02268121586761419,0.9925337423284142,-0.018674849319328158,-0.2167588447512329,0.27803494758005165,-0.11874658702821546,0.016173461833691723,0.022681215606806,0.9925337423282204,-0.018084413308708504,-0.21757984144840173,0.2782392429577871,-0.11975364683549168,0.014526904942813649,0.02037741337563987,0.9924881833686995,-0.018084413308708504,-0.21757984144840173,0.2782392429577871,-0.11975364683549168,0.014526904942813649,0.02037741337563987,0.9924881833686995,-0.06509877724868099,-0.5841369524147544,0.8146915754413124,-0.24405717652054937,0.4815289644940016,-0.20587033625620352,-0.0542051545624949,-0.578457532748469,0.81215548796062,-0.20908058370157376,0.48323991328218285,-0.17465941308868602,-0.0542051545624949,-0.578457532748469,0.81215548796062,-0.20908058370157376,0.48323991328218285,-0.17465941308868602,-0.09153104674967462,-0.05488066797936678,0.02495429173789624,-0.30416964188084616,-0.024032715567632167,-0.26850695716722156,-0.06251572300923318,0.027079834200379658,-0.01582459170273489,-0.11499486455170775,0.07065529729229411,-0.12690589993357104,0.5,0.0,0.0,0.5,True,False,True,False,1,True,True,0.003188499977113679,4,4.1362185896335715e-09,5.31519772781952e-10,`gtol` termination condition is satisfied.,True,True,0.0,0.009999999999999787,True,0.03497659281897561,0.03486683316769029,False,False,False,False,False,False,1.0,False,False,False,0.0010316912623273876,0.006011624137255005,0.0010316945221163492,0.006011624567062256
2.0899999999999994,1786138338.4551091,0.006849900004453957,0.006033400015439838,0.01,TELEOP,0,,0.0,2.0899999999999994,209,-0.011274846990063299,0.031628508095656205,0.0,0.026022949999958894,0.029067134465421387,0.05437164048485761,0.997758303637837,-0.009514878454800884,0.029169799809717914,0.0,0.024106089698940455,0.026717893782992715,0.05020522341503214,0.9980904198183019,-0.018854463536440273,-0.2165087397901851,0.27796793263577463,-0.1185082264761904,0.016529100364960362,0.023155219741709865,0.9925454271202433,-0.01872845258516117,-0.2166842074563693,0.27801494905522645,-0.11864541473614203,0.016324422433070012,0.022882419965640118,0.9925387517124113,-0.018728448647763865,-0.21668420876714173,0.27801494892222306,-0.11864541478737906,0.016324422436854644,0.022882419703948262,0.9925387517122575,-0.018132594997990328,-0.2175024741613305,0.2782185737705168,-0.11964745112994508,0.014682197810831429,0.02058773279334656,0.9924943656081786,-0.018132594997990328,-0.2175024741613305,0.2782185737705168,-0.11964745112994508,0.014682197810831429,0.02058773279334656,0.9924943656081786,-0.06608652930430364,-0.5846525788698447,0.814923054055095,-0.247216565761071,0.48137936384772445,-0.2086874433733811,-0.05512669870451837,-0.5790036266919005,0.8124034548438734,-0.21213363862756135,0.4830066929072958,-0.17735703262858482,-0.05512669870451837,-0.5790036266919005,0.8124034548438734,-0.21213363862756135,0.4830066929072958,-0.17735703262858482,-0.09215441420234669,-0.05460939434315266,0.024796688325345886,-0.30530549259875983,-0.023322037488703377,-0.26976195398988023,-0.06233674526720731,0.02712736362141284,-0.01576034125503548,-0.113585071791369,0.07106780789287896,-0.1254996822658681,0.5,0.0,0.0,0.5,True,False,True,False,1,True,True,0.003260299999965355,4,4.1519768553020505e-09,5.333749340849401e-10,`gtol` termination condition is satisfied.,True,True,0.0,0.009999999999999787,True,0.03508292713350966,0.03497659281897561,False,False,False,False,False,False,1.0,False,False,False,0.0010325032232966654,0.00598950528873891,0.001032506508121963,0.005989505719916298
2.099999999999999,1786138338.4611712,0.006245700002182275,0.005849700013641268,0.01,TELEOP,0,,0.0,2.099999999999999,210,-0.01147433786121052,0.031871199487434464,0.0,0.026210014820328368,0.02930104732248052,0.05478189842441849,0.9977241238708929,-0.00969895616749211,0.02942358969580825,0.0,0.02430387270790497,0.026960723518291693,0.05063545836430762,0.9980573588301449,-0.01890968685024764,-0.2164351971285574,0.27794822693898225,-0.11840895508767094,0.01667776387686613,0.023352936558548268,0.9925501558617609,-0.018782536427847926,-0.2166098979134673,0.27799503787321594,-0.11854478525222586,0.016474802502335024,0.02308266915508235,0.9925436540307382,-0.018782532475442974,-0.21660989922748233,0.27799503773492545,-0.11854478530377438,0.01647480250614842,0.023082668892530595,0.9925436540306242,-0.018181279310985364,-0.21742535592833093,0.2781979659055544,-0.11954166662443191,0.014837090553652984,0.020797302555161032,0.9925004397434719,-0.018181279310985364,-0.21742535592833093,0.2781979659055544,-0.11954166662443191,0.014837090553652984,0.020797302555161032,0.9925004397434719,-0.06707995239874072,-0.58516481929675,0.8151527156728985,-0.2503836441820188,0.4812378042323423,-0.2115138130571022,-0.05605445620758309,-0.5795469988664687,0.8126498499092796,-0.21519789734828926,0.48278062361451773,-0.18006705040424564,-0.05605445620758309,-0.5795469988664687,0.8126498499092796,-0.21519789734828926,0.48278062361451773,-0.18006705040424564,-0.0927757503064722,-0.05433721745681319,0.024639506540612234,-0.306425872072792,-0.022606929277806918,-0.27100177756608285,-0.06213361041255197,0.027217688633946725,-0.015718178473365266,-0.11203794740321377,0.07151082108964578,-0.12398235762026098,0.5,0.0,0.0,0.5,True,False,True,False,1,True,True,0.003148999996483326,4,4.167405029237505e-09,5.351830614669076e-10,`gtol` termination condition is satisfied.,True,True,0.0,0.009999999999999787,True,0.03518574683372955,0.03508292713350966,False,False,False,False,False,False,1.0,False,False,False,0.0010332738461627554,0.005966790151901866,0.0010332771558937946,0.005966790584412697
2.109999999999999,1786138338.4675794,0.00605980001273565,0.006198399991262704,0.01,TELEOP,0,,0.0,2.109999999999999,211,-0.011675349659532486,0.032112632658829195,0.0,0.026395913125348176,0.029533904630201738,0.0551899166416181,0.9976898703247741,-0.009884624886793623,0.029676218550069244,0.0,0.024500538104590772,0.02720261528713594,0.051063603956784165,0.9980241729061828,-0.018965387466038094,-0.21636199090811847,0.2779286113913347,-0.11831023190519004,0.016825828749724863,0.023549682376687073,0.9925547808425398,-0.01883710263164936,-0.21653591778017653,0.2779752149562447,-0.1184447014527924,0.0166245946339899,0.0232819560355169,0.9925484502401758,-0.01883709866459341,-0.21653591909742245,0.2779752148126758,-0.11844470150465052,0.01662459463783201,0.02328195577212933,0.9925484502401012,-0.018230464724196687,-0.2173484876146907,0.27817741908589666,-0.11943629101588975,0.01499157991341283,0.0210061164836731,0.992506407027351,-0.018230464724196687,-0.2173484876146907,0.27817741908589666,-0.11943629101588975,0.01499157991341283,0.0210061164836731,0.992506407027351,-0.06807900679669812,-0.5856736451064416,0.8153805545220325,-0.2535581650805194,0.481104332491879,-0.2143492117147005,-0.05698840440892794,-0.5800876361809337,0.812894675279046,-0.21827319192376368,0.48256175251889727,-0.182789303929924,-0.05698840440892794,-0.5800876361809337,0.812894675279046,-0.21827319192376368,0.48256175251889727,-0.182789303929924,-0.09339482013448495,-0.054063731446504414,0.02448253697663964,-0.3075294575474414,-0.021887109562044347,-0.27222535256783625,-0.061906982801275434,0.027348601030877686,-0.015696956397259418,-0.11035854746493981,0.07198197157625702,-0.12235750017534168,0.5,0.0,0.0,0.5,True,False,True,False,1,True,True,0.003269000008003786,4,4.182497071537592e-09,5.369433750673418e-10,`gtol` termination condition is satisfied.,True,True,0.0,0.009999999999999787,True,0.035284973156755745,0.03518574683372955,False,False,False,False,False,False,1.0,False,False,False,0.001034001402806373,0.005943468834534052,0.0010340047373050246,0.005943469268341068
2.1199999999999988,1786138338.4737806,0.006419399986043572,0.005980299989460036,0.01,TELEOP,0,,0.0,2.1199999999999988,212,-0.011877874449427579,0.03235279807847218,0.0,0.026580640523758286,0.029765694571741174,0.055595680623497484,0.997655548409379,-0.010071877285863836,0.029927676346209263,0.0,0.02469608087305313,0.027443556917258447,0.05148964467943488,0.9979908673249602,-0.01902156318575916,-0.21628912403426445,0.2779090867713305,-0.11821205960949781,0.01697328791009636,0.02374545025985876,0.992559303040558,-0.018892149039937543,-0.21646227000563736,0.2779554810945326,-0.11834516623270536,0.016773791447611482,0.02348027325550175,0.9925531413066369,-0.018892145058592283,-0.21646227132610021,0.2779554809456962,-0.11834516628487138,0.016773791451482223,0.023480272991302766,0.9925531413066014,-0.018280149690230455,-0.21727187058499106,0.2781569332415859,-0.11933132309432327,0.015145661552559142,0.02121416747830853,0.9925122686208449,-0.018280149690230455,-0.21727187058499106,0.2781569332415859,-0.11933132309432327,0.015145661552559142,0.02121416747830853,0.9925122686208449,-0.06908365219561827,-0.5861790279062994,0.8156065649542659,-0.2567398790906374,0.48097899421482143,-0.21719340297021517,-0.05792851836979051,-0.5806255217172862,0.8131379311018543,-0.22135934172327407,0.48235012930413357,-0.18552362034957565,-0.05792851836979051,-0.5806255217172862,0.8131379311018543,-0.22135934172327407,0.48235012930413357,-0.18552362034957565,-0.09401139608625728,-0.05378855363524409,0.024325582280822343,-0.3086149799510391,-0.021162321476371093,-0.27343164196516323,-0.06165759517723149,0.027517781126032717,-0.015695469581729814,-0.10855224035977394,0.07247880856732529,-0.12062893973269484,0.5,0.0,0.0,0.5,True,False,True,False,1,True,True,0.00325070001417771,4,4.197247251667524e-09,5.386553040193771e-10,`gtol` termination condition is satisfied.,True,True,0.0,0.009999999999999787,True,0.035380537367363324,0.035284973156755745,False,False,False,False,False,False,1.0,False,False,False,0.0010346846468427793,0.005919534910171142,0.001034688005963212,0.005919535345237072
2.1299999999999986,1786138338.4806283,0.006221799994818866,0.006606100010685623,0.01,TELEOP,0,,0.0,2.1299999999999986,213,-0.012081904235563878,0.032591686265043905,0.0,0.026764192681687494,0.0299964053719718,0.05599917595553955,0.9976211635421326,-0.010260705975016214,0.03017795310919238,0.0,0.024890496061704324,0.027683536274009084,0.05191356512300995,0.997957447380091,-0.019078211792504872,-0.21621659939753882,0.2778896538534885,-0.11811444085066677,0.01712013430878373,0.023940233319275906,0.9925637234416752,-0.018947673477305766,-0.21638895752313153,0.27793583707405006,-0.11824618245484866,0.016922385586182358,0.023677613512138616,0.9925577282049125,-0.018947669482037837,-0.216388958846795,0.2779358369199593,-0.11824618250732032,0.01692238559008154,0.023677613247152843,0.9925577282049163,-0.018330332635006278,-0.21719550667222154,0.27813650849992144,-0.11922676268897474,0.015299330120863208,0.021421447602011975,0.9925180255991294,-0.018330332635006278,-0.21719550667222154,0.27813650849992144,-0.11922676268897474,0.015299330120863208,0.021421447602011975,0.9925180255991294,-0.07009384772501297,-0.5866809395007662,0.8158307414437519,-0.25992853423577017,0.48086183371357655,-0.22004614771711584,-0.05887477095443691,-0.5811606349713279,0.8133796156779138,-0.22445615398749538,0.4821458059712213,-0.18826981684097535,-0.05887477095443691,-0.5811606349713279,0.8133796156779138,-0.22445615398749538,0.4821458059712213,-0.18826981684097535,-0.09462525846464032,-0.05351132540416816,0.024168457605960487,-0.30968122642213036,-0.020432333291226987,-0.2746196491399692,-0.061386237838304575,0.027722823107592724,-0.015712467486185402,-0.10662464710912609,0.07299881851441047,-0.11880071748059755,0.5,0.0,0.0,0.5,True,False,True,False,1,True,True,0.0038198000111151487,4,4.211649881818696e-09,5.403181889836974e-10,`gtol` termination condition is satisfied.,True,True,0.0,0.009999999999999787,True,0.03547238024827479,0.035380537367363324,False,False,False,False,False,False,1.0,False,False,False,0.0010353227807827173,0.005894985175122023,0.0010353261643704893,0.005894985611409235
2.1399999999999983,1786138338.4868948,0.006829600024502724,0.006043200002750382,0.01,TELEOP,0,,0.0,2.1399999999999983,214,-0.012287430963194774,0.032829287787647786,0.0,0.026946565322321064,0.03022602529833212,0.05640038832194057,0.9975867211471536,-0.010451103502041289,0.030427038915159497,0.0,0.025083778782626368,0.027922541260820402,0.052335349981559885,0.9979239183794674,-0.019135331050612395,-0.21614441987365512,0.27787031340835383,-0.1180173782483985,0.017266360921040898,0.02413402471337825,0.9925680430393943,-0.01900367374964191,-0.2163159832502268,0.27791628367655696,-0.1181477529505032,0.017070369716218625,0.023873969550691612,0.9925622119184223,-0.019003669740822696,-0.21631598457707146,0.277916283517227,-0.11814775300327805,0.017070369720146274,0.023873969284944,0.9925622119184648,-0.01838101195528456,-0.21711939814610867,0.2781161451750568,-0.11912261061149955,0.015452579324145826,0.02162794816657738,0.9925236789575531,-0.01838101195528456,-0.21711939814610867,0.2781161451750568,-0.11912261061149955,0.015452579324145826,0.02162794816657738,0.9925236789575531,-0.07110955194598753,-0.587179351892199,0.8160530785850253,-0.26312387598354803,0.48075289400408505,-0.22290720417346452,-0.05982713291391521,-0.5816929520994832,0.8136197255872678,-0.2275634244102264,0.4819488365829466,-0.19102770103678957,-0.05982713291391521,-0.5816929520994832,0.8136197255872678,-0.2275634244102264,0.4819488365829466,-0.19102770103678957,-0.09523619594783045,-0.05323171281553692,0.024010990935402293,-0.3107270422731005,-0.01969693882746936,-0.2757884195814226,-0.06109374831901269,0.027961258863124124,-0.015746667055819542,-0.10458158509701425,0.07353944637576262,-0.11687704414533781,0.5,0.0,0.0,0.5,True,False,True,False,1,True,True,0.0032722999749239534,4,4.225699264887283e-09,5.419313846973757e-10,`gtol` termination condition is satisfied.,True,True,0.0,0.009999999999999787,True,0.03556045157332163,0.03547238024827479,False,False,False,False,False,False,1.0,False,False,False,0.0010359154227420411,0.005869819403661658,0.0010359188306328768,0.005869819841131948
2.149999999999998,1786138338.4931643,0.006255699991015717,0.00605679998989217,0.01,TELEOP,0,,0.0,2.149999999999998,215,-0.012494446518476983,0.033065593266182546,0.0,0.027127754225563634,0.030454542661672003,0.05679930350587543,0.997552226654421,-0.010643062352528319,0.03067492389139189,0.0,0.025275924210916734,0.028160559819709254,0.05275498405202871,0.9978902856444665,-0.019192918705758504,-0.21607258832350754,0.2778510662025007,-0.11792087439231344,0.01741196074680286,0.024326817647612693,0.992572262834623,-0.019060147644203294,-0.21624335008889778,0.27789682167963514,-0.11804988051969724,0.017217736527933666,0.024069334164257217,0.9925665934389638,-0.019060143622208866,-0.21624335141890205,0.2778968215150832,-0.11804988057277288,0.017217736531889526,0.02406933389777299,0.9925665934390449,-0.018432186016504207,-0.2170435476809474,0.2780958437571018,-0.11901886859675023,0.015605401994109024,0.02183365981607897,0.9925292296177416,-0.018432186016504207,-0.2170435476809474,0.2780958437571018,-0.11901886859675023,0.015605401994109024,0.02183365981607897,0.9925292296177416,-0.07213072285095211,-0.5876742372818886,0.8162735710910765,-0.2663256473031627,0.48065221678564407,-0.22577632793944738,-0.0607855729735553,-0.5822224461696146,0.8138582558201743,-0.2306809377344863,0.48175927700621357,-0.1937970714586655,-0.0607855729735553,-0.5822224461696146,0.8138582558201743,-0.2306809377344863,0.48175927700621357,-0.1937970714586655,-0.09584400596400909,-0.052949407013134796,0.02385302329065255,-0.31175133242599234,-0.018955957673307024,-0.2769370421875942,-0.060781001617864094,0.028230580240212456,-0.01579676447497399,-0.10242901528918491,0.07409811541623382,-0.1148622606171601,0.5,0.0,0.0,0.5,True,False,True,False,1,True,True,0.003209800022887066,4,4.23939003711634e-09,5.434943363105596e-10,`gtol` termination condition is satisfied.,True,True,0.0,0.009999999999999787,True,0.03564470956867641,0.03556045157332163,False,False,False,False,False,False,1.0,False,False,False,0.0010364625729720254,0.00584404010325177,0.001036466004991797,0.005844040541867015
2.159999999999998,1786138338.4994493,0.0062772000092081726,0.006064500019419938,0.01,TELEOP,0,,0.0,2.159999999999998,216,-0.01270294272879085,0.03330059337171253,0.0,0.027307755227697465,0.030681945817095508,0.057195907389756336,0.9975176854989407,-0.010836574950186825,0.030921598216313035,0.0,0.025466927584063652,0.028397579931810652,0.05317245223391014,0.9978565545091524,-0.019250972485056056,-0.21600110759317043,0.2778319129985325,-0.11782493184222596,0.017556926810936496,0.024518605374242865,0.9925763838354368,-0.019117092929692964,-0.2161710609256249,0.27787745185671464,-0.11795256793153355,0.01736447873543459,0.024263700193480415,0.9925708737664654,-0.01911708889490389,-0.2161710622587643,0.2778774516869603,-0.11795256798490693,0.017364478739418654,0.024263699926285062,0.9925708737665847,-0.018483853150921947,-0.21696795832319923,0.27807560490083744,-0.11891553924173852,0.01575779015870441,0.02203857260792025,0.9925346784337393,-0.018483853150921947,-0.21696795832319923,0.27807560490083744,-0.11891553924173852,0.01575779015870441,0.02203857260792025,0.9925346784337393,-0.073157317863514,-0.5881655680712509,0.8164922137914796,-0.2695335887250723,0.4805598424209375,-0.22865327205723326,-0.06175005792329454,-0.5827490874137742,0.8140951999084727,-0.23380846835804808,0.4815771846540327,-0.19657771796065296,-0.06175005792329454,-0.5827490874137742,0.8140951999084727,-0.23380846835804808,0.4815771846540327,-0.19657771796065296,-0.09644849497392409,-0.0526641244159543,0.02369440882983795,-0.3127530623561777,-0.01820923521808425,-0.2780646501987445,-0.06044890099150026,0.028528259718049558,-0.015861446081460256,-0.10017299301853753,0.07467224552227734,-0.11276080111503144,0.5,0.0,0.0,0.5,True,False,True,False,1,True,True,0.0032777000160422176,4,4.252716785687601e-09,5.450062986993555e-10,`gtol` termination condition is satisfied.,True,True,0.0,0.009999999999999787,True,0.03572512036702424,0.03564470956867641,False,False,False,False,False,False,1.0,False,False,False,0.0010369645804645708,0.005817652271500227,0.001036968036428235,0.005817652711221362
2.1699999999999977,1786138338.5056434,0.00630419998196885,0.005954399995971471,0.01,TELEOP,0,,0.0,2.1699999999999977,217,-0.01291291136306299,0.03353427882683595,0.0,0.02748656422103604,0.030908223164800547,0.05759018595548513,0.9974831031199127,-0.011031633657168225,0.031167052119524846,0.0,0.025656784201347642,0.02863358961794048,0.053587739528959864,0.9978227303194758,-0.019309490097150474,-0.2159299805138877,0.2778128545550787,-0.1177295531284058,0.017701252163509738,0.024709381192185124,0.9925804070568435,-0.019174507356337352,-0.2160991186314737,0.2778581749770952,-0.1178558179244955,0.017510589076947986,0.024457060526312416,0.9925750539087405,-0.019174503309138547,-0.21609911996772108,0.2778581748021601,-0.1178558179781639,0.01751058908096005,0.0244570602584316,0.9925750539088977,-0.018536011656042673,-0.21689263345910573,0.2780554294141516,-0.11881262594331499,0.015909735112511033,0.022242676091082735,0.9925400261981433,-0.018536011656042673,-0.21689263345910573,0.2780554294141516,-0.11881262594331499,0.015909735112511033,0.022242676091082735,0.9925400261981433,-0.0741892938385396,-0.5886533168631511,0.8167090016305876,-0.27274743840298277,0.48047580991634303,-0.23153778707306663,-0.06272055270996693,-0.5832728434809855,0.8143305500569276,-0.2369457809438473,0.4814026182288552,-0.1993694221785332,-0.06272055270996693,-0.5832728434809855,0.8143305500569276,-0.2369457809438473,0.4814026182288552,-0.1993694221785332,-0.09704947866723948,-0.05237560672113655,0.023535014845486795,-0.3137312585799231,-0.017456642517750615,-0.27917042178802526,-0.060098369331539524,0.028851769481774474,-0.015939398435115226,-0.09781962237453887,0.0752592700333635,-0.1105771589280787,0.5,0.0,0.0,0.5,True,False,True,False,1,True,True,0.0032316000142600387,4,4.265674328948033e-09,5.464670079755757e-10,`gtol` termination condition is satisfied.,True,True,0.0,0.009999999999999787,True,0.035801657459135466,0.03572512036702424,False,False,False,False,False,False,1.0,False,False,False,0.001037422109863915,0.005790663156408626,0.0010374255895750331,0.005790663597196879
2.1799999999999975,1786138338.5126286,0.006167799991089851,0.0067718000209424645,0.01,TELEOP,0,,0.0,2.1799999999999975,218,-0.013124344132091249,0.033766640406051165,0.0,0.027664177153573378,0.03113336315091553,0.057982125284699475,0.9974484849598992,-0.011228230774387811,0.031411275881875006,0.0,0.02584548942326641,0.028868576939184012,0.054000831040958236,0.9977888184324698,-0.019368469232316353,-0.21585920990205346,0.27779389162678986,-0.11763474075182771,0.017844929880077322,0.024899138446868366,0.9925843335205473,-0.01923238865596537,-0.21602752606215636,0.27783899180596255,-0.11775963320673419,0.0176560603150722,0.024649408097805584,0.9925791348812416,-0.019232384596745953,-0.21602752740148182,0.27783899162587067,-0.11775963326069441,0.01765606031911225,0.024649407829265335,0.9925791348814367,-0.018588659793329323,-0.2168175767825403,0.278035318246294,-0.118710132835078,0.016061227486638963,0.022445959381215887,0.9925452736481886,-0.018588659793329323,-0.2168175767825403,0.278035318246294,-0.118710132835078,0.016061227486638963,0.022445959381215887,0.9925452736481886,-0.07522660706238692,-0.5891374564633631,0.8169239296657623,-0.2759669321780713,0.48040015690250065,-0.23442962110156665,-0.06369702053075288,-0.5837936796883069,0.8145642972736281,-0.2400926310310676,0.4812356374687873,-0.20217195798188894,-0.06369702053075288,-0.5837936796883069,0.8145642972736281,-0.2400926310310676,0.4812356374687873,-0.20217195798188894,-0.09764678207859451,-0.0520836207321374,0.023374721670053705,-0.31468500872202954,-0.0166980760067954,-0.2802535803355741,-0.05973034113550327,0.029198598899914628,-0.01602931754330891,-0.09537501421063901,0.07585665109552146,-0.10831585475488958,0.5,0.0,0.0,0.5,True,False,True,False,1,True,True,0.003996499988716096,4,4.2782575924704765e-09,5.478756399481419e-10,`gtol` termination condition is satisfied.,True,True,0.0,0.009999999999999787,True,0.035874301147003684,0.035801657459135466,False,False,False,False,False,False,1.0,False,False,False,0.001037836108897506,0.005763082021326709,0.0010378396121477984,0.0057630824631422824
2.1899999999999973,1786138338.5186799,0.006983700004639104,0.005839299992658198,0.01,TELEOP,0,,0.0,2.1899999999999973,219,-0.013337232688871936,0.0339976689361209,0.0,0.027840590028628785,0.03135735426833259,0.05837171155901253,0.9974138364639923,-0.011426358541847209,0.03165425983555218,0.0,0.026033038670980564,0.029102529997507568,0.05441171197551808,0.9977548242154446,-0.01942790756255417,-0.21578879855918426,0.2777750249643301,-0.11754049718441058,0.017987953061981345,0.025087870530115238,0.9925881642547154,-0.019290734542088794,-0.2159562860580772,0.27781990310440074,-0.117664016456339,0.017800885237053393,0.024840735889942046,0.9925831177068175,-0.01929073047124196,-0.21595628740044812,0.2778199029191779,-0.11766401651058747,0.01780088524112126,0.024840735620768547,0.9925831177070501,-0.018641795787179245,-0.21674279226330295,0.2780152724760411,-0.11860806472398183,0.01621225731771752,0.022648411232268385,0.9925504214717507,-0.018641795787179245,-0.21674279226330295,0.2780152724760411,-0.11860806472398183,0.01621225731771752,0.022648411232268385,0.9925504214717507,-0.07626921325329902,-0.5896179598821415,0.8171369930656608,-0.279191803645354,0.48033291961520747,-0.23732851989214318,-0.06467942292704656,-0.5843115592685865,0.8147964314986038,-0.2432487656430632,0.4810763028980751,-0.20498509192600847,-0.06467942292704656,-0.5843115592685865,0.8147964314986038,-0.2432487656430632,0.4810763028980751,-0.20498509192600847,-0.09824023962936868,-0.051787958027955557,0.023213422497571922,-0.3156134611995593,-0.0159334570712151,-0.28131339441195286,-0.05934575507741691,0.029566270418184572,-0.016129917248178395,-0.09284524775297713,0.07646189355803006,-0.10598140763787105,0.5,0.0,0.0,0.5,True,False,True,False,1,True,True,0.00314250000519678,4,4.290461641367086e-09,5.492317167411768e-10,`gtol` termination condition is satisfied.,True,True,0.0,0.009999999999999787,True,0.03594303800229082,0.035874301147003684,False,False,False,False,False,False,1.0,False,False,False,0.0010382077765181657,0.0057349199158603405,0.0010382113030868508,0.0057349203586632095
2.199999999999997,1786138338.5252106,0.0060505000001285225,0.006319800013443455,0.01,TELEOP,0,,0.0,2.199999999999997,220,-0.013551568628929362,0.034227355296434364,0.0,0.028015798904487604,0.03158018505753763,0.05875893106024669,0.9973791630789829,-0.011626009138957512,0.03189599436420636,0.0,0.026219427425777715,0.029335436936390756,0.054820367639932595,0.9977207530451785,-0.019487802741687262,-0.2157187492718844,0.2777562553143677,-0.11744682486924703,0.018130314836665027,0.02527557088004223,0.992591900293743,-0.01934954270998402,-0.21588540144436388,0.27780090962940046,-0.11756897032159315,0.017945056655083152,0.02503103693149228,0.9925870034154692,-0.01934953862790682,-0.21588540278974475,0.2778009094390753,-0.11756897037612632,0.01794505665917864,0.02503103666171194,0.9925870034157391,-0.01869541782415298,-0.2166682841160429,0.27799529329986067,-0.11850642702709305,0.01636281411556905,0.02285002010441632,0.9925554703132311,-0.01869541782415298,-0.2166682841160429,0.27799529329986067,-0.11850642702709305,0.01636281411556905,0.02285002010441632,0.9925554703132311,-0.07731706756195318,-0.5900948003358899,0.8173481871085356,-0.28242178422214653,0.4802741328766302,-0.24023422689748292,-0.06566771987805818,-0.5848264436134768,0.8150269417299005,-0.24641392388863612,0.48092467558310675,-0.2078085837009755,-0.06566771987805818,-0.5848264436134768,0.8150269417299005,-0.24641392388863612,0.48092467558310675,-0.2078085837009755,-0.09882969510116199,-0.05148843448903109,0.023051023129671357,-0.31651582455729277,-0.0151627314968395,-0.2823491774967029,-0.058945547179331655,0.029952353892446645,-0.016239936790056562,-0.09023633577334897,0.07707255743756003,-0.10357830847500712,0.5,0.0,0.0,0.5,True,False,True,False,1,True,True,0.003339000017149374,4,4.302281673322377e-09,5.505348032466233e-10,`gtol` termination condition is satisfied.,True,True,0.0,0.009999999999999787,True,0.036007860333510416,0.03594303800229082,False,False,False,False,False,False,1.0,False,False,False,0.0010385385319301942,0.00570618945386008,0.0010385420815837488,0.005706189897609927
2.209999999999997,1786138338.5319371,0.006617700011702254,0.006428399996366352,0.01,TELEOP,0,,0.0,2.209999999999997,221,-0.0137673434906476,0.03445569041936735,0.0,0.02818979989403764,0.03180184410743684,0.05914377017066097,0.9973444702525305,-0.011827174684863249,0.03213646990309175,0.0,0.02640465122855285,0.029567285941477055,0.05522678344305914,0.9976866103071079,-0.01954815240545898,-0.21564906481180435,0.2777375834195642,-0.11735372622082485,0.01827200835799844,0.02546223298097698,0.9925955426780212,-0.019408810836775068,-0.21581487503088537,0.27778201213386383,-0.11747449742121581,0.018088567406615328,0.02522030429790072,0.9925907930441076,-0.01940880674386833,-0.21581487637923785,0.27778201193846674,-0.11747449747603005,0.01808856741073839,0.02522030402754017,0.9925907930444146,-0.018749524052440625,-0.21659405676997184,0.2779753820201543,-0.11840522570889586,0.016512886929209984,0.023050774228094966,0.9925604207792964,-0.018749524052440625,-0.21659405676997184,0.2779753820201543,-0.11840522570889586,0.016512886929209984,0.023050774228094966,0.9925604207792964,-0.07837012457216525,-0.590567951248931,0.8175575071805954,-0.28565660321853853,0.4802238300768912,-0.24314648334403072,-0.0666618698935279,-0.585338292510428,0.8152558161464413,-0.2495878375535356,0.480780816895037,-0.2106421865755498,-0.0666618698935279,-0.585338292510428,0.8152558161464413,-0.2495878375535356,0.480780816895037,-0.2106421865755498,-0.09941500154697284,-0.051184889695121714,0.02288744165407017,-0.3173913664899506,-0.014385868806974803,-0.2833602874574327,-0.058530644581085076,0.030354479390937973,-0.016358147560118608,-0.08755419326578334,0.07768626898646981,-0.1011109960729779,0.5,0.0,0.0,0.5,True,False,True,False,1,True,True,0.0034616999910213053,4,4.313713020373063e-09,5.517844546157102e-10,`gtol` termination condition is satisfied.,True,True,0.0,0.009999999999999787,True,0.036068765665002916,0.036007860333510416,False,False,False,False,False,False,1.0,False,False,False,0.001038829984652152,0.005676904599459716,0.0010388335571437182,0.005676905044115649
2.2199999999999966,1786138338.5388052,0.006685500004095957,0.006611199991311878,0.01,TELEOP,0,,0.0,2.2199999999999966,222,-0.013984548755604582,0.03468266529064017,0.0,0.028362589164401725,0.03202232005617984,0.059526215373172486,0.9973097634323338,-0.012029847238767287,0.03237567693922983,0.0,0.026588705679303087,0.029798065241240648,0.05563094489523484,0.9976524013945146,-0.019608954171630194,-0.2155797479355936,0.27771901001856175,-0.11726120362524067,0.018413026806614687,0.02564785036339069,0.9925990924537036,-0.019468536581517863,-0.2157447096122584,0.27776321136660614,-0.11738060034459251,0.018231410354700207,0.02540853111119558,0.9925944876363122,-0.01946853247818589,-0.21574471096354142,0.27776321116616975,-0.1173806003996834,0.018231410358850685,0.025408530840281603,0.9925944876366559,-0.018804112581550562,-0.21652011483951406,0.277955540033651,-0.11830446721952613,0.016662464410863304,0.023250661663991666,0.9925652734444458,-0.018804112581550562,-0.21652011483951406,0.277955540033651,-0.11830446721952613,0.016662464410863304,0.023250661663991666,0.9925652734444458,-0.07942833830174063,-0.5910373862553491,0.81776494877437,-0.28889598790981885,0.4801820431560231,-0.24606502830441135,-0.06766183010498775,-0.5858470643725285,0.8154830422270753,-0.2527702316793899,0.4806447882800077,-0.21348564783369336,-0.06766183010498775,-0.5858470643725285,0.8154830422270753,-0.2527702316793899,0.4806447882800077,-0.21348564783369336,-0.09999602114598395,-0.05087718621005675,0.02272260806340372,-0.3182394125854292,-0.013602861502931001,-0.28434612581435603,-0.05810195990111044,0.030770348506496393,-0.016483359066644887,-0.08480460954785884,0.07830073040438013,-0.09858383569233456,0.5,0.0,0.0,0.5,True,False,True,False,1,True,True,0.003639600006863475,4,4.32475130526464e-09,5.529800486947165e-10,`gtol` termination condition is satisfied.,True,True,0.0,0.009999999999999787,True,0.03612575623042896,0.036068765665002916,False,False,False,False,False,False,1.0,False,False,False,0.001039083905748191,0.005647080462004814,0.0010390875008175295,0.005647080907525298
2.2299999999999964,1786138338.5454156,0.006857800006400794,0.006363599997712299,0.01,TELEOP,0,,0.0,2.2299999999999964,223,-0.014203175848908362,0.03490827094967355,0.0,0.0285341629365663,0.032241601591979155,0.059906253251571895,0.9972750480653029,-0.012234018800256829,0.032613606011590676,0.0,0.026771586436635048,0.030027763107667704,0.05603283760822053,0.9976181317077124,-0.019670205640077057,-0.2155108013848481,0.27770053584596854,-0.11716925944040765,0.01855336339025556,0.025832416603844072,0.9926025506724738,-0.019528717585285724,-0.2156749079678431,0.2777445080723547,-0.11728728165199508,0.018373578388334283,0.025595710539920203,0.9925980882420891,-0.019528713471936243,-0.21567490932201247,0.27774450786691385,-0.11728728170735866,0.018373578392512,0.025595710268479847,0.9925980882424694,-0.018859181482204446,-0.2164464630960181,0.27793576882001864,-0.11820415843427115,0.016811534877703392,0.023449670358900804,0.9925700288563827,-0.018859181482204446,-0.2164464630960181,0.27793576882001864,-0.11820415843427115,0.016811534877703392,0.023449670358900804,0.9925700288563827,-0.08049166220347274,-0.5915030792009066,0.817970507487108,-0.29213966361078064,0.4801488025863341,-0.24898959877172097,-0.06866755635506541,-0.5863527164602067,0.8157086068652957,-0.2559608251276132,0.4805166510378025,-0.21633870920183904,-0.06866755635506541,-0.5863527164602067,0.8157086068652957,-0.2559608251276132,0.4805166510378025,-0.21633870920183904,-0.10057262500776654,-0.05056520876781457,0.022556463822031626,-0.31905934482233145,-0.012813724220515637,-0.28530613681456773,-0.05766038617825859,0.031197744224217665,-0.016614424137209566,-0.08199322369022571,0.07891372824153646,-0.09600110002117256,0.5,0.0,0.0,0.5,True,False,True,False,1,True,True,0.0035391999990679324,4,4.335392085966054e-09,5.541212533825121e-10,`gtol` termination condition is satisfied.,True,True,0.0,0.009999999999999787,True,0.03617883848316744,0.03612575623042896,False,False,False,False,False,False,1.0,False,False,False,0.0010393022003436169,0.00561673310058106,0.0010393058177164919,0.005616733546924367
2.239999999999996,1786138338.5516357,0.0066024999832734466,0.005980799993267283,0.01,TELEOP,0,,0.0,2.239999999999996,224,-0.01442321613953565,0.035132498489942376,0.0,0.028704517485006267,0.032459677453926174,0.06028387049073277,0.997240329596731,-0.012439681309630584,0.03285024771129037,0.0,0.02695328921728338,0.03025636785695032,0.05643244729516976,0.9975838066532318,-0.019731904392889184,-0.21544222788605302,0.27768216163234427,-0.11707789599625695,0.018693011344125498,0.026015925324945448,0.9926059183913145,-0.01958935147125606,-0.2156054728617295,0.2777259029917452,-0.11719454387479207,0.018515064422823885,0.02578183579908382,0.9926015959176306,-0.019589347348300003,-0.21560547421873832,0.27772590278133724,-0.1171945439304237,0.018515064427028705,0.025781835527144272,0.9926015959180472,-0.01891472878642216,-0.21637310644063953,0.2779160699307555,-0.11810430659464186,0.01696008637109512,0.02364778819738628,0.9925746875411721,-0.01891472878642216,-0.21637310644063953,0.2779160699307555,-0.11810430659464186,0.01696008637109512,0.02364778819738628,0.9925746875411721,-0.08156004916628139,-0.5919650041450238,0.8181741790191924,-0.2953873537518314,0.4801241373551919,-0.2519199297356212,-0.06967900328438116,-0.5868552050939452,0.8159324964791774,-0.25915933112615275,0.48039646610965187,-0.21920110726523495,-0.06967900328438116,-0.5868552050939452,0.8159324964791774,-0.25915933112615275,0.48039646610965187,-0.21920110726523495,-0.10114469293157487,-0.05024886337384193,0.022388961388179515,-0.31985059985395536,-0.012018492815063375,-0.2862398063395914,-0.05720679238083275,0.03163453939726436,-0.016750243385211073,-0.07912550316239025,0.07952314054522629,-0.09336695250236476,0.5,0.0,0.0,0.5,True,False,True,False,1,True,True,0.0032245999900624156,4,4.345631262468338e-09,5.552075291977722e-10,`gtol` termination condition is satisfied.,True,True,0.0,0.009999999999999787,True,0.036228022625678646,0.03617883848316744,False,False,False,False,False,False,1.0,False,False,False,0.0010394868815184692,0.005585879338724699,0.0010394905209068805,0.005585879785848326
2.249999999999996,1786138338.5583434,0.006233299995074049,0.006454199989093468,0.01,TELEOP,0,,0.0,2.249999999999996,225,-0.014644660940672533,0.035355339059327286,0.0,0.02887364913730608,0.03267653643280323,0.060659053876815146,0.9972056134694696,-0.01264682664822723,0.03308559268180301,0.0,0.0271338097956389,0.03048386785019161,0.05682975977061985,0.9975494316430038,-0.019794047994468177,-0.21537403015052142,0.2776638881041829,-0.1169871155949345,0.018831963931252943,0.026198370195319415,0.9926091966722747,-0.01965043584479822,-0.21553640704271512,0.2777073968613157,-0.1171023895156513,0.018655861400161285,0.025966900150129497,0.9926050117250749,-0.019650431712649533,-0.21553640840251348,0.27770739664597976,-0.11710238957154645,0.01865586140439312,0.025966899877718077,0.9926050117255274,-0.018970752487780747,-0.21630004987848464,0.2778964449784137,-0.11800491925129156,0.017108106713123482,0.023845003049233954,0.9925792500081646,-0.018970752487780747,-0.21630004987848464,0.2778964449784137,-0.11800491925129156,0.017108106713123482,0.023845003049233954,0.9925792500081646,-0.08263345151649253,-0.5924231353628153,0.8183759591725797,-0.2986387799568427,0.48010807494826124,-0.2548557542601705,-0.07069612441564359,-0.5873544858572948,0.8161546971161622,-0.26236545779724935,0.4802842938757819,-0.2220725738719238,-0.07069612441564359,-0.5873544858572948,0.8161546971161622,-0.26236545779724935,0.4802842938757819,-0.2220725738719238,-0.10171211312624319,-0.04992807633495937,0.02222006369847166,-0.3206126671096604,-0.011217223386996026,-0.2871466606688862,-0.056742019466832105,0.03207870388825581,-0.016889768970785396,-0.07620672557050642,0.08012694280673492,-0.090685432929484,0.5,0.0,0.0,0.5,True,False,True,False,1,True,True,0.0033816999930422753,4,4.35546483051961e-09,5.562386708663929e-10,`gtol` termination condition is satisfied.,True,True,0.0,0.009999999999999787,True,0.036273322159593335,0.036228022625678646,False,False,False,False,False,False,1.0,False,False,False,0.0010396400456589286,0.005554536589776569,0.0010396437067606184,0.005554537037637708
2.259999999999996,1786138338.5646498,0.006696399999782443,0.0060652999964077026,0.01,TELEOP,0,,0.0,2.259999999999996,226,-0.014867501510057446,0.03557678386046417,0.0,0.029041554273777463,0.032892167371892114,0.06103179029746338,0.9971709051231034,-0.01285544663875523,0.03331963161918555,0.0,0.02731314400328524,0.030710251494120572,0.057224760950502565,0.9975150120935432,-0.019856633991626578,-0.21530621087432888,0.27764571598389587,-0.1168969205109931,0.018970214442858183,0.02637974492958506,0.9926123865822392,-0.019711968293562462,-0.21546771324427502,0.27768899041349865,-0.11701082104873485,0.018795962289411945,0.02615089690091745,0.9926083367322651,-0.01971196415263792,-0.21546771460681002,0.2776889901932763,-0.11701082110488843,0.01879596229367056,0.026150896628061648,0.9926083367327534,-0.01902725054183031,-0.21622729849408928,0.2778768956262024,-0.11790600420902078,0.01725558356024669,0.024041302812713553,0.9925837167546752,-0.01902725054183031,-0.21622729849408928,0.2778768956262024,-0.11790600420902078,0.01725558356024669,0.024041302812713553,0.9925837167546752,-0.08371182101925238,-0.5928774473471725,0.8185758438492456,-0.3018936621226641,0.4801006413331964,-0.25779680356332413,-0.07171887223460366,-0.5878505137896005,0.816375194552378,-0.26557890866468103,0.48018019396318873,-0.22495283652313444,-0.07171887223460366,-0.5878505137896005,0.816375194552378,-0.26557890866468103,0.48018019396318873,-0.22495283652313444,-0.1022747818960068,-0.0496027932305723,0.022049743621573654,-0.3213450867431712,-0.010409991259319629,-0.2880262651210626,-0.05626687697636197,0.03252831043870705,-0.017032007689800777,-0.07324196335107744,0.08072321276763976,-0.08796044521763718,0.5,0.0,0.0,0.5,True,False,True,False,1,True,True,0.003276300005381927,4,4.364888951826937e-09,5.572141029821591e-10,`gtol` termination condition is satisfied.,True,True,0.0,0.009999999999999787,True,0.03631475345798307,0.036273322159593335,False,False,False,False,False,False,1.0,False,False,False,0.001039763849324741,0.005522722693231281,0.0010397675318232248,0.0055227231417865185
2.2699999999999956,1786138338.5708368,0.006279299996094778,0.0059732999943662435,0.01,TELEOP,0,,0.0,2.2699999999999956,227,-0.015091729050326264,0.035796824151091464,0.0,0.02920822932707344,0.03310655916777851,0.06140206674199802,0.9971362099931277,-0.013065533045624108,0.033552355272314316,0.0,0.02749128772854279,0.030935507241815347,0.05761743685217178,0.9974805534251303,-0.01991965991368724,-0.21523877273824527,0.2776276459897932,-0.11680731299158095,0.019107756198726882,0.026560043288342487,0.9926154891926976,-0.019773946387570067,-0.2153993941845251,0.277670684376611,-0.11691984091988787,0.018935360087111604,0.026333819405722037,0.99261157201251,-0.01977394223828909,-0.21539939554974108,0.27767068415154594,-0.11691984097629479,0.018935360091396847,0.026333819132449494,0.992611572013034,-0.019084220866651517,-0.21615485742829224,0.27785742357801346,-0.11780756947407774,0.01740250445393836,0.024236675453700188,0.9925880882704029,-0.019084220866651517,-0.21615485742829224,0.27785742357801346,-0.11780756947407774,0.01740250445393836,0.024236675453700188,0.9925880882704029,-0.08479510888007763,-0.5933279148108921,0.8187738290496519,-0.3051517185002312,0.4801018609438245,-0.26074280709803216,-0.07274719826757729,-0.5883432435679731,0.8165939743862513,-0.2687993831392403,0.4800842250640105,-0.22784161874906986,-0.07274719826757729,-0.5883432435679731,0.8165939743862513,-0.2687993831392403,0.4800842250640105,-0.22784161874906986,-0.10283260329736316,-0.049272977837254865,0.02187798338732721,-0.3220474474559279,-0.0095968899178237,-0.2888782225935419,-0.05578214013563579,0.032981539331743255,-0.017176023424644686,-0.07023607127566861,0.08131013414959284,-0.08519574724793108,0.5,0.0,0.0,0.5,True,False,True,False,1,True,True,0.0031530999985989183,4,4.373900040196006e-09,5.581335422342791e-10,`gtol` termination condition is satisfied.,True,True,0.0,0.009999999999999787,True,0.03635233536099092,0.03631475345798307,False,False,False,False,False,False,1.0,False,False,False,0.0010398604876785547,0.005490455762322104,0.0010398641912432315,0.005490456211527536
2.2799999999999954,1786138338.5776024,0.006203800003277138,0.006535199994686991,0.01,TELEOP,0,,0.0,2.2799999999999954,228,-0.015317334709359642,0.036015451244395244,0.0,0.029373670781799248,0.0333197007711526,0.06176987030160204,0.9971015335101269,-0.01327707757527723,0.03378375444313155,0.0,0.027668236916018944,0.0311596235934338,0.058007773594446164,0.9974460610609931,-0.019983123272583177,-0.215171718407663,0.2776096788360647,-0.11671829525662665,0.01924458254758864,0.026739259078166763,0.9926185055795135,-0.019836367679304457,-0.2153314525661791,0.27765247947484273,-0.1168294515468219,0.01907404781767221,0.026515661065240836,0.9926147186443446,-0.019836363522088948,-0.2153314539340171,0.27765247924498093,-0.11682945160347716,0.01907404782198392,0.026515660791579305,0.9926147186449038,-0.019141661343537716,-0.21608273185654742,0.2778380305689043,-0.11770962320393241,0.01754885686821654,0.02443110904073585,0.9925923650415849,-0.019141661343537716,-0.21608273185654742,0.2778380305689043,-0.11770962320393241,0.01754885686821654,0.02443110904073585,0.9925923650415849,-0.0858832657465369,-0.5937745126888352,0.8189699108712166,-0.3084126657771923,0.48011175666482625,-0.2636934926348659,-0.0737810531552959,-0.5888326296781539,0.8168110221262251,-0.272026576981461,0.47999644476476944,-0.23073864046927314,-0.0737810531552959,-0.5888326296781539,0.8168110221262251,-0.272026576981461,0.47999644476476944,-0.23073864046927314,-0.1033854887718604,-0.04893861101808232,0.021704773997387003,-0.32271938422206725,-0.008778029924105228,-0.28970217202032733,-0.055288547449724425,0.03343668191725478,-0.017320938994020568,-0.06719367661393398,0.08188599937184719,-0.08239494267854355,0.5,0.0,0.0,0.5,True,False,True,False,1,True,True,0.0036176999856252223,4,4.3824944929602194e-09,5.589967963801999e-10,`gtol` termination condition is satisfied.,True,True,0.0,0.009999999999999787,True,0.0363860887957313,0.03635233536099092,False,False,False,False,False,False,1.0,False,False,False,0.0010399321745070836,0.005457754042983208,0.0010399358987929078,0.005457754492794658
2.289999999999995,1786138338.5838006,0.006815900007495657,0.00591750000603497,0.01,TELEOP,0,,0.0,2.289999999999995,229,-0.015544309580632465,0.03623265650935223,0.0,0.029537875174119953,0.03353158118760573,0.06213518816950168,0.997066881098955,-0.013490071876526169,0.03401381998690119,0.0,0.02784398756616379,0.03138258909695029,0.05839575739766484,0.9974115404264883,-0.02004702156295786,-0.2151050505325231,0.27759181523275983,-0.11662986949902163,0.019380686867499816,0.026917386151608252,0.9926214368226944,-0.019899229703803426,-0.21526389107650007,0.2776343764282438,-0.1167396553192931,0.019212018533795602,0.026696415326614455,0.9926177777112893,-0.01989922553907752,-0.21526389244689847,0.27763437619363307,-0.11673965537619096,0.01921201853813357,0.026696415052591814,0.9926177777118836,-0.01919956981778669,-0.21601092696870372,0.2778187183560673,-0.11761217365967296,0.01769462825398633,0.024624591776135147,0.9925965475548758,-0.01919956981778669,-0.21601092696870372,0.2778187183560673,-0.11761217365967296,0.01769462825398633,0.024624591776135147,0.9925965475548758,-0.0869762417100619,-0.5942172161401229,0.8191640855068056,-0.31167621916197635,0.48013034981694075,-0.266648586346095,-0.0748203867228905,-0.5893186265740278,0.8170263232724552,-0.2752601827408613,0.47991690938666076,-0.23364361833693742,-0.0748203867228905,-0.5893186265740278,0.8170263232724552,-0.2752601827408613,0.47991690938666076,-0.23364361833693742,-0.10393335675945954,-0.04859968958738729,0.021530114623007877,-0.32336057594003065,-0.007953537810866381,-0.29049778676642635,-0.054786798759912915,0.03389214306950244,-0.0174659374379125,-0.06411917179634011,0.08244921132388472,-0.0795614746099016,0.5,0.0,0.0,0.5,True,False,True,False,1,True,True,0.0031916000007186085,4,4.390669182307573e-09,5.598033502397921e-10,`gtol` termination condition is satisfied.,True,True,0.0,0.009999999999999787,True,0.03641603642111507,0.0363860887957313,False,False,False,False,False,False,1.0,False,False,False,0.0010399811238453866,0.005424635784240393,0.0010399848684933596,0.0054246362346128734
2.299999999999995,1786138338.590001,0.006126299995230511,0.0059917999897152185,0.01,TELEOP,0,,0.0,2.299999999999995,230,-0.015772644703565455,0.03644843137107047,0.0,0.02970083909136493,0.03374218947842281,0.062498007641141246,0.9970322581779182,-0.013704507540886686,0.034242542812472535,0.0,0.028018535734830433,0.03160439234889773,0.058781374583754334,0.9973769969482841,-0.020111352262266013,-0.21503877174723873,0.27757405588576756,-0.11654203788479955,0.019516062566230077,0.027094418407198624,0.9926242840061614,-0.01996252997875234,-0.21519671238724683,0.2776163759527098,-0.11665045459927655,0.019349265316894078,0.026876075683455836,0.9926207503016123,-0.019962525806942293,-0.21519671376014107,0.27761637571340037,-0.11665045465641131,0.019349265321258084,0.026876075409100055,0.9926207503022413,-0.019257944099586623,-0.21593944795027237,0.2777994887103101,-0.11751522916114346,0.017839806080152006,0.024817112023263,0.9926006363009503,-0.019257944099586623,-0.21593944795027237,0.2777994887103101,-0.11751522916114346,0.017839806080152006,0.024817112023263,0.9926006363009503,-0.08807398630788818,-0.5946560005503555,0.8193563492432188,-0.31494209246923804,0.48015766014269734,-0.26960781289115515,-0.07586514804585914,-0.5898011888256367,0.8172398633924075,-0.2784998901712031,0.47984567383697807,-0.2365562660667006,-0.07586514804585914,-0.5898011888256367,0.8172398633924075,-0.2784998901712031,0.47984567383697807,-0.2365562660667006,-0.10447613229686407,-0.04825622516088816,0.021354011995231938,-0.3239707430341786,-0.007123554968268781,-0.2912647729763198,-0.05427755374045387,0.03434644264991357,-0.017610262777593835,-0.06101670941479759,0.08299828425976001,-0.07669862098934518,0.5,0.0,0.0,0.5,True,False,True,False,1,True,True,0.003201500017894432,4,4.398420930953477e-09,5.605530029806674e-10,`gtol` termination condition is satisfied.,True,True,0.0,0.009999999999999787,True,0.036442202298034965,0.03641603642111507,False,False,False,False,False,False,1.0,False,False,False,0.0010400095332099102,0.005391119119987151,0.001040013297846991,0.00539111957087537
2.3099999999999947,1786138338.5960839,0.0062067999970167875,0.005867500003660098,0.01,TELEOP,0,,0.0,2.3099999999999947,231,-0.016002331063878918,0.036662767311127886,0.0,0.029862559171629485,0.03395151476137079,0.0628583161143529,0.9969976701579586,-0.013920376102916394,0.03446991388255099,0.0,0.02819187753283911,0.03182502199511391,0.05916461157630509,0.9973424360535397,-0.020176112830874927,-0.21497288467061682,0.2775564014967951,-0.11645480255331432,0.019650703081652145,0.02727034978946183,0.9926270482175195,-0.020026266004578366,-0.21512991915461632,0.2775984787599666,-0.11656185172113671,0.019485781277516996,0.027054635675887877,0.9926236375080888,-0.020026261826112265,-0.21512992052993857,0.27759847851601077,-0.11656185177850231,0.019485781281906953,0.027054635401226997,0.9926236375087524,-0.019316781964981457,-0.21586829996518495,0.27778034340806723,-0.11741879804491795,0.017984377871479263,0.025008658330130405,0.992604631777824,-0.019316781964981457,-0.21586829996518495,0.27778034340806723,-0.11741879804491795,0.017984377871479263,0.025008658330130405,0.992604631777824,-0.08917644852512194,-0.5950908415338546,0.8195466984596966,-0.31820999820658763,0.48019370579270826,-0.27257089550341496,-0.07691528551190861,-0.5902802712556408,0.8174516281903311,-0.28174538662148435,0.47978279147168373,-0.2394762947456274,-0.07691528551190861,-0.5902802712556408,0.8174516281903311,-0.28174538662148435,0.47978279147168373,-0.2394762947456274,-0.10501374660494679,-0.04790824300040991,0.021176479792357837,-0.3245496450281252,-0.006288236529433752,-0.29200286789267815,-0.053761430808271206,0.03479821604782443,-0.017753220287410172,-0.057890199394661224,0.0835318438835029,-0.07380949163583173,0.5,0.0,0.0,0.5,True,False,True,False,1,True,True,0.0031667000148445368,4,4.405746780439886e-09,5.612454793819476e-10,`gtol` termination condition is satisfied.,True,True,0.0,0.009999999999999787,True,0.03646461158510328,0.036442202298034965,False,False,False,False,False,False,1.0,False,False,False,0.0010400195684253535,0.005357221962035207,0.0010400233526644878,0.005357222413393122
2.3199999999999945,1786138338.6021628,0.006076799996662885,0.005869900021934882,0.01,TELEOP,0,,0.0,2.3199999999999945,232,-0.016233359593948653,0.03687565586790858,0.0,0.030023032103373475,0.03415954621148271,0.06321610108952071,0.9969631224418408,-0.014137669040554147,0.034695924213974993,0.0,0.028364009125544674,0.032044466731491444,0.059545454900656374,0.997307863169089,-0.020241300712166253,-0.21490739190577765,0.27753885276334633,-0.11636816561741577,0.019784601882134142,0.027445174288929144,0.992629730547828,-0.020090435264545653,-0.21506351401918164,0.2775806855575536,-0.11647384899179493,0.019621559555782667,0.027232088890588365,0.9926264404277626,-0.02009043107985327,-0.21506351539686142,0.2775806853090057,-0.11647384904938529,0.01962155956019826,0.02723208861565055,0.9926264404284605,-0.01937608115690164,-0.21579748814003855,0.27776128422395413,-0.11732288862517697,0.01812833124321305,0.025199219449471136,0.9926085344938951,-0.01937608115690164,-0.21579748814003855,0.27776128422395413,-0.11732288862517697,0.01812833124321305,0.025199219449471136,0.9926085344938951,-0.09028357679693273,-0.5955217149359227,0.8197351296264315,-0.32147964766253906,0.4802385033125254,-0.27553755607817765,-0.07797074687859996,-0.5907558290642576,0.8176616035706229,-0.28499635740258283,0.4797283139690587,-0.24240341312723077,-0.07797074687859996,-0.5907558290642576,0.8176616035706229,-0.28499635740258283,0.4797283139690587,-0.24240341312723077,-0.10554613666913465,-0.04755578086168263,0.020997538029175478,-0.3250970781098472,-0.005447750262507576,-0.2927118381603371,-0.05323900641878513,0.035246213872728506,-0.017894176318235894,-0.05474330817220041,0.08404862669261765,-0.07089702676589399,0.5,0.0,0.0,0.5,True,False,True,False,1,True,True,0.003165000001899898,4,4.412644102639342e-09,5.618805485643968e-10,`gtol` termination condition is satisfied.,True,True,0.0,0.009999999999999787,True,0.036483290259956225,0.03646461158510328,False,False,False,False,False,False,1.0,False,False,False,0.001040013350024175,0.005322961904244687,0.0010400171534648782,0.005322962356026123
2.3299999999999943,1786138338.6084332,0.006103899999288842,0.0060363000084180385,0.01,TELEOP,0,,0.0,2.3299999999999943,233,-0.016465721173163868,0.03708708863693685,0.0,0.03018225462501736,0.034366273061837704,0.06357135016973947,0.9969286204233412,-0.01435637777546117,0.03492056487799829,0.0,0.028534926732406703,0.03226271530473047,0.05992389118398796,0.9972732837206219,-0.020306913332638357,-0.21484229604007318,0.27752141037870026,-0.11628212916362426,0.01991775246693422,0.027618885942158108,0.9926323320913713,-0.020155035224851448,-0.2149974996058268,0.2775629970488064,-0.11638644869089414,0.019756593321814796,0.02740842896084129,0.9926291601617075,-0.020155031034364074,-0.21499750098579054,0.2775629967957227,-0.11638644874870269,0.019756593326255907,0.027408428685654667,0.9926291601624395,-0.019435839386246868,-0.21572701754981263,0.27774231292387525,-0.11722750915752811,0.018271653932477736,0.02538878435547505,0.9926123449707064,-0.019435839386246868,-0.21572701754981263,0.27774231292387525,-0.11722750915752811,0.018271653932477736,0.02538878435547505,0.9926123449707064,-0.09139531901087179,-0.5959485968351166,0.8199216393030784,-0.32475075099560047,0.4802920676300737,-0.27850751526184286,-0.07903147932676337,-0.5912278179427873,0.8178697756951435,-0.2882524861296524,0.4796822912142983,-0.24533732790852422,-0.07903147932676337,-0.5912278179427873,0.8178697756951435,-0.2882524861296524,0.4796822912142983,-0.24533732790852422,-0.10607324481633998,-0.04719888785297225,0.02081721245206049,-0.32561287270695555,-0.0046022754760381805,-0.2933914781293452,-0.05271081472053273,0.03568930087103749,-0.018032557711498514,-0.05157945971083119,0.08454747864693957,-0.06796399690080918,0.5,0.0,0.0,0.5,True,False,True,False,1,True,True,0.003262599988374859,4,4.419110287677761e-09,5.624580409181984e-10,`gtol` termination condition is satisfied.,True,True,0.0,0.009999999999999787,True,0.036498264865948093,0.036483290259956225,False,False,False,False,False,False,1.0,False,False,False,0.001039992941187467,0.005288356137484052,0.0010399967634157307,0.005288356589642112
2.339999999999994,1786138338.614495,0.006249900005059317,0.005848300002980977,0.01,TELEOP,0,,0.0,2.339999999999994,234,-0.01669940662828728,0.03729705727120899,0.0,0.030340223524535376,0.03457168460433633,0.0639240510609681,0.9968941694864377,-0.014576493673363982,0.03514382700057689,0.0,0.028704626626561786,0.03247975651309349,0.060299907155417706,0.997238703131867,-0.0203729481020092,-0.21477759964500395,0.27750407503188823,-0.11619669525230383,0.020050148366596878,0.02779147883175433,0.9926348539454298,-0.02022006333472317,-0.21493187852367834,0.2775454139328382,-0.11629965307096145,0.019890875776182936,0.027583649566593756,0.9926317978147878,-0.02022005913887326,-0.21493187990584955,0.2775454136752776,-0.11629965312898188,0.01989087578064927,0.02758364929118666,0.9926317978155537,-0.01949605433300803,-0.215656893205032,0.27772343125868953,-0.11713266780579268,0.01841433382650728,0.025577342257364664,0.992616063745431,-0.01949605433300803,-0.215656893205032,0.27772343125868953,-0.11713266780579268,0.01841433382650728,0.025577342257364664,0.992616063745431,-0.09251162250931057,-0.5963714635455328,0.8201062241372811,-0.3280230173244137,0.48035441204368556,-0.28148049254213786,-0.08009742950968084,-0.5916961941759031,0.81807613103458,-0.2915134550405409,0.4796447711948609,-0.2482777439902211,-0.08009742950968084,-0.5916961941759031,0.81807613103458,-0.2915134550405409,0.4796447711948609,-0.2482777439902211,-0.1065950182917472,-0.0468376233115756,0.02063553394365097,-0.32609689108884904,-0.003752001943738277,-0.294041608169687,-0.05217734754072237,0.03612645413966492,-0.018167850840951957,-0.04840183818935103,0.08502735322999036,-0.06501300403418167,0.5,0.0,0.0,0.5,True,False,True,False,1,True,True,0.0031543000077363104,4,4.425143072383316e-09,5.629777042897446e-10,`gtol` termination condition is satisfied.,True,True,0.0,0.009999999999999787,True,0.03650956228387281,0.036498264865948093,False,False,False,False,False,False,1.0,False,False,False,0.0010399603371817636,0.005253421375103797,0.00103996417777064,0.005253421827591381
2.349999999999994,1786138338.6206772,0.006056300015188754,0.0059738999989349395,0.01,TELEOP,0,,0.0,2.349999999999994,235,-0.016934406733817266,0.03750555348152285,0.0,0.030496935639046503,0.03477577019047181,0.06427419157217794,0.9968597750045041,-0.014798008044399137,0.035365701762659976,0.0,0.028873105134397593,0.032695579207161735,0.06067348964610388,0.9972041268237765,-0.02043940241331975,-0.2147133052761346,0.2774868474076718,-0.1161118659178345,0.02018178314335085,0.027962947086396083,0.992637297210052,-0.02028551702651635,-0.2148666533660343,0.2775279369045213,-0.11621346435756878,0.020024400150346275,0.027757744434517628,0.9926343544954199,-0.020285512825737526,-0.21486665475033348,0.277527936642544,-0.1162134644157941,0.020024400154837647,0.02775774415891831,0.9926343544962193,-0.01955672364741646,-0.21558712004034647,0.27770464095843433,-0.11703837261175684,0.01855635898777003,0.02576488261000984,0.9926196913730863,-0.01955672364741646,-0.21558712004034647,0.27770464095843433,-0.11703837261175684,0.01855635898777003,0.02576488261000984,0.9926196913730863,-0.09363243409200692,-0.5967902916190987,0.8202888808632012,-0.331296154818882,0.4804255482107424,-0.2844562063393556,-0.08116854359806579,-0.5921609147329481,0.8182806564139844,-0.29477894529064935,0.47961579990632025,-0.25122436472031223,-0.08116854359806579,-0.5921609147329481,0.8182806564139844,-0.29477894529064935,0.47961579990632025,-0.25122436472031223,-0.10711140883849471,-0.04647205570449677,0.02045253794044477,-0.32654902501084854,-0.002897128854064581,-0.294662073009112,-0.051639054674751154,0.03655676070788306,-0.01829960032062019,-0.045213392199948875,0.08548730896736959,-0.06204648394250399,0.5,0.0,0.0,0.5,True,False,True,False,1,True,True,0.003240900026867166,4,4.430740239296418e-09,5.634393903198189e-10,`gtol` termination condition is satisfied.,True,True,0.0,0.009999999999999787,True,0.036517209528232675,0.03650956228387281,False,False,False,False,False,False,1.0,False,False,False,0.0010399174562462493,0.005218173788565855,0.0010399213147558632,0.005218174241335184
2.3599999999999937,1786138338.6272151,0.006229599996004254,0.0062821999890729785,0.01,TELEOP,0,,0.0,2.3599999999999937,236,-0.01717071221235203,0.03771256903680506,0.0,0.030652387854402816,0.034978519232096605,0.06462175961549588,0.9968254423395052,-0.015020912143459788,0.035586180400484335,0.0,0.02904035863512825,0.032910172290592406,0.061044625589351226,0.9971695602137094,-0.020506273643037944,-0.21464941547300875,0.27746972818651966,-0.11602764316878368,0.02031265039150786,0.028133284880860986,0.9926396629878247,-0.020351393715813477,-0.21480182671029052,0.2775105666544668,-0.11612788474949207,0.020157159707100306,0.02793070733807534,0.9926368313153335,-0.020351389510540194,-0.21480182809663542,0.2775105663881353,-0.11612788480791554,0.02015715971161648,0.027930707062312078,0.9926368313161664,-0.019617844951109294,-0.2155177029044836,0.2776859437271046,-0.11694463146786631,0.01869771767607062,0.025951395121781268,0.9926232284284829,-0.019617844951109294,-0.2155177029044836,0.2776859437271046,-0.11694463146786631,0.01869771767607062,0.025951395121781268,0.9926232284284829,-0.09475770001878721,-0.5972050578478719,0.8204696063000545,-0.3345698707921852,0.48050548613693633,-0.287434374098504,-0.08224476732089589,-0.5926219373485374,0.8184833390526473,-0.29804863722478725,0.47959542126842614,-0.2541768921213554,-0.08224476732089589,-0.5926219373485374,0.8184833390526473,-0.29804863722478725,0.47959542126842614,-0.2541768921213554,-0.10762237228301003,-0.04610226155893027,0.020268263866289722,-0.32696919341378883,-0.002037863789409142,-0.2952527401043192,-0.05109634445153166,0.03697941455665024,-0.01842740741550489,-0.042016840294029544,0.0859265064655439,-0.05906670952071554,0.5,0.0,0.0,0.5,True,False,True,False,1,True,True,0.0033801000099629164,4,4.435899909389467e-09,5.638431313486334e-10,`gtol` termination condition is satisfied.,True,True,0.0,0.009999999999999787,True,0.03652123356739795,0.036517209528232675,False,False,False,False,False,False,1.0,False,False,False,0.0010398661318680828,0.0051826289528159285,0.001039870007846372,0.005182629405819173
2.3699999999999934,1786138338.633573,0.006541000009747222,0.006099500023992732,0.01,TELEOP,0,,0.0,2.3699999999999934,237,-0.017408313734955907,0.03791809576443596,0.0,0.030806577104775655,0.035179921202184446,0.06496674320634233,0.9967911768411962,-0.015245197170544128,0.035805254205871544,0.0,0.029206383560370766,0.033123524720876416,0.06141330202072008,0.9971350087146182,-0.020573559151163247,-0.21458593275906265,0.2774527180445845,-0.11594402898807712,0.020442743737862253,0.02830248643605454,0.9926419523836463,-0.020417690801523676,-0.21473740111786507,0.27749330386900445,-0.11604291641886902,0.020289147741025845,0.0281025320975892,0.9926392293893337,-0.02041768659219105,-0.2147374025061704,0.2774933035983833,-0.1160429164774832,0.020289147745566543,0.028102531821690344,0.9926392293901997,-0.01967941583830051,-0.21544864655153345,0.2776673412379799,-0.11685145209282431,0.01883839836772301,0.0261368697598465,0.9926266755079143,-0.01967941583830051,-0.21544864655153345,0.2776673412379799,-0.11685145209282431,0.01883839836772301,0.0261368697598465,0.9926266755079143,-0.09588736601235395,-0.597615739266337,0.8206483973506474,-0.3378438717936223,0.4805942341661608,-0.2904147123823048,-0.08332604600218083,-0.5930792205928124,0.818684166598491,-0.30132221062669723,0.4795836770510353,-0.2571350271019016,-0.08332604600218083,-0.5930792205928124,0.818684166598491,-0.30132221062669723,0.4795836770510353,-0.2571350271019016,-0.10812786812849395,-0.04572832442749138,0.020082754584376812,-0.32735734019099744,-0.0011744217390870742,-0.29581349805461854,-0.0505495845483931,0.03739371314388877,-0.01855092819129089,-0.03881467772086043,0.08634420503220674,-0.05607579502993806,0.5,0.0,0.0,0.5,True,False,True,False,1,True,True,0.0032802000059746206,4,4.440620299702726e-09,5.641885199160197e-10,`gtol` termination condition is satisfied.,True,True,0.0,0.009999999999999787,True,0.03652166116692507,0.03652123356739795,False,False,False,False,False,False,1.0,False,False,False,0.001039808106388317,0.005146801800960848,0.0010398119993711322,0.005146802254149426
2.3799999999999932,1786138338.6403205,0.006325599999399856,0.006521100003737956,0.01,TELEOP,0,,0.0,2.3799999999999932,238,-0.017647201921527616,0.03812212555057226,0.0,0.03095950037223966,0.035379965635587825,0.06530913046356424,0.996756983846323,-0.015470854271105682,0.03602291452652763,0.0,0.029371176393722078,0.03333562551009598,0.061779506078137605,0.9971004777342356,-0.02064125628133171,-0.21452285964153864,0.2774358176536798,-0.1158610253331693,0.020572056842091062,0.02847054601904008,0.9926441665044984,-0.02048440566598328,-0.21467337913412066,0.2774761492301623,-0.11595856151135601,0.020420357578940024,0.028273212580313654,0.9926415498350619,-0.020484401453026865,-0.21467338052429835,0.2774761489553179,-0.11595856157015381,0.02042035758350497,0.028273212304307488,0.9926415498359608,-0.01974143387694846,-0.21537995563351006,0.27764883512948957,-0.11675884201003973,0.018978389771905163,0.02632129675311482,0.9926300332305963,-0.01974143387694846,-0.21537995563351006,0.27764883512948957,-0.11675884201003973,0.018978389771905163,0.02632129675311482,0.9926300332305963,-0.09702137726121164,-0.5980223131537096,0.8208252509999336,-0.34111786370217717,0.4806917989710539,-0.2933969369649382,-0.08441232459376863,-0.5935327239317373,0.8188831271571911,-0.3045993449470278,0.47958060680953823,-0.2600984696525623,-0.08441232459376863,-0.5935327239317373,0.8188831271571911,-0.3045993449470278,0.47958060680953823,-0.2600984696525623,-0.10862785915877975,-0.04535033389249016,0.01989605587001393,-0.32771343203305314,-0.00030702414970576626,-0.2963442550660646,-0.049999103028579295,0.037799053500122616,-0.018669871436287865,-0.035609184205572894,0.0867397589381308,-0.0530757011446073,0.5,0.0,0.0,0.5,True,False,True,False,1,True,True,0.0036134000110905617,4,4.444899908915884e-09,5.644757967509224e-10,`gtol` termination condition is satisfied.,True,True,0.0,0.009999999999999787,True,0.03651851875514939,0.03652166116692507,False,False,False,False,False,False,1.0,False,False,False,0.001039745025865189,0.005110706587768029,0.0010397489353769296,0.005110707041093403
2.389999999999993,1786138338.6466947,0.006756799994036555,0.006138400000054389,0.01,TELEOP,0,,0.0,2.389999999999993,239,-0.017887367341170614,0.03832465034046736,0.0,0.03111115468635471,0.035578642129790734,0.06564890960956304,0.9967228686778273,-0.01569787453640551,0.036239152766344644,0.0,0.029534733670336655,0.0335464637256818,0.06214322500201063,0.9970659726742627,-0.020709362360921663,-0.21446019861139748,0.2774190276812566,-0.11577863413621359,0.020700583397154186,0.028637457943069818,0.9926463064592187,-0.020551535675057173,-0.21460976328828552,0.27745910341564495,-0.11587482214628433,0.02055078258034879,0.028442742700510018,0.9926437937727586,-0.020551531458912805,-0.2146097646802445,0.27745910313664557,-0.11587482220525806,0.02055078258493784,0.02844274242442486,0.9926437937736902,-0.019803896609910724,-0.21531163469413667,0.27763042700160356,-0.11666680852885379,0.019117680844312424,0.0265046665930363,0.9926333022398648,-0.019803896609910724,-0.21531163469413667,0.27763042700160356,-0.11666680852885379,0.019117680844312424,0.0265046665930363,0.9926333022398648,-0.09815967842271373,-0.5984247570362278,0.8210001643135623,-0.3443915518207443,0.4807981855441877,-0.29638076292647253,-0.08550354770431401,-0.5939824077778663,0.8190802093162521,-0.3078797195106205,0.47958624782937875,-0.26306691902729223,-0.08550354770431401,-0.5939824077778663,0.8190802093162521,-0.3078797195106205,0.47958624782937875,-0.26306691902729223,-0.10912231105453775,-0.04496838461290104,0.019708215906103832,-0.3280374563592685,0.0005641019840540542,-0.2968449374729969,-0.04944518957580059,0.03819492795891176,-0.01878399639101009,-0.03240243262153941,0.08711261337598204,-0.05006824069322911,0.5,0.0,0.0,0.5,True,False,True,False,1,True,True,0.0033093999954871833,4,4.448737328652211e-09,5.647046638847018e-10,`gtol` termination condition is satisfied.,True,True,0.0,0.009999999999999787,True,0.03651183231012384,0.03651851875514939,False,False,False,False,False,False,1.0,False,False,False,0.001039678436127002,0.005074356861494259,0.0010396823616808386,0.005074357314907099
2.399999999999993,1786138338.6537328,0.006368500005919486,0.006808100006310269,0.01,TELEOP,0,,0.0,2.399999999999993,240,-0.01812880051256534,0.03852566213878932,0.0,0.03126153712374605,0.03577594034565673,0.06598606897041796,0.9966888366440531,-0.015926249003866286,0.03645396038570378,0.0,0.029697051976504227,0.03375602849116928,0.06250444613533934,0.9970314989295588,-0.020777874701159896,-0.21439795214323068,0.27740234879037956,-0.11569685730423221,0.020828317129694598,0.02880321656761677,0.9926483733582744,-0.020619078178240977,-0.21454655609337278,0.27744216709881225,-0.11579170041681561,0.020680416137900594,0.028611116419523196,0.9926459623250247,-0.020619073959344494,-0.21454655748701928,0.277442166815728,-0.11579170047595762,0.020680416142513362,0.02861111614338728,0.9926459623259888,-0.01986680155607885,-0.2152436881637928,0.27761211841273253,-0.11657535872846109,0.019256260798238348,0.026686970032458374,0.9926364832041423,-0.01986680155607885,-0.2152436881637928,0.27761211841273253,-0.11657535872846109,0.019256260798238348,0.026686970032458374,0.9926364832041423,-0.09930221362622729,-0.5988230486894517,0.8211731344364457,-0.34766464097091515,0.48091339718992476,-0.29936590474788005,-0.08659965962454945,-0.5944282335320372,0.8192754021642816,-0.3111630137040547,0.4796006350792364,-0.26604007391052104,-0.08659965962454945,-0.5944282335320372,0.8192754021642816,-0.3111630137040547,0.4796006350792364,-0.26604007391052104,-0.10961119202354383,-0.04458257541709361,0.019519284802951807,-0.32832941934342297,0.0014387249857620563,-0.2973154883228776,-0.04888809690060797,0.038580919580743014,-0.018893110315202407,-0.029196298415447762,0.08746230017080021,-0.047055084988068915,0.5,0.0,0.0,0.5,True,False,True,False,1,True,True,0.0032868999987840652,4,4.452131491011328e-09,5.648753116600378e-10,`gtol` termination condition is satisfied.,True,True,0.0,0.009999999999999787,True,0.03650162726686046,0.03651183231012384,False,False,False,False,False,False,1.0,False,False,False,0.0010396097799358034,0.005037765443516679,0.001039613721034401,0.005037765896967838
2.4099999999999926,1786138338.6603596,0.007094599975971505,0.006340199994156137,0.01,TELEOP,0,,0.0,2.4099999999999926,241,-0.018371491904343597,0.03872515300993654,0.0,0.031410644807682485,0.035971850008172136,0.06632059697600434,0.9966548930379571,-0.016155968657428302,0.03666732890177968,0.0,0.029858127949227615,0.033964308986953504,0.06286315692383146,0.9969970618873338,-0.0208467905972285,-0.21433612269517227,0.2773857816397039,-0.11561569671928607,0.02095525180043815,0.028967816298407268,0.9926503683135347,-0.02068703050876403,-0.21448376004609881,0.27742534094865734,-0.11570919839009702,0.020809251677840868,0.028778327745860026,0.9926480566165843,-0.02068702628755112,-0.21448376144133627,0.27742534066156016,-0.11570919844939921,0.020809251682477072,0.028778327469701586,0.9926480566175807,-0.019930146211485995,-0.21517612035556288,0.2775939108771198,-0.11648449944443097,0.019394119113218856,0.026868198082740793,0.9926395768176832,-0.019930146211485995,-0.21517612035556288,0.2775939108771198,-0.11648449944443097,0.019394119113218856,0.026868198082740793,0.9926395768176832,-0.10044892647641958,-0.5992171661405448,0.821344158591327,-0.35093683558825467,0.4810374355169491,-0.30235207640656725,-0.08770060434901436,-0.5948701636164753,0.8194686953057188,-0.3144489071444541,0.4796238011724233,-0.2690176325708144,-0.08770060434901436,-0.5948701636164753,0.8194686953057188,-0.3144489071444541,0.4796238011724233,-0.2690176325708144,-0.11009447244649166,-0.04419300844379938,0.019329314143709576,-0.3285893440399433,0.002316609318693493,-0.2977558660293365,-0.04832804229478264,0.03895669732942274,-0.018997065924223108,-0.02599246965202945,0.08778843329314366,-0.04403777064589619,0.5,0.0,0.0,0.5,True,False,True,False,1,True,True,0.00342550000641495,4,4.455081455721244e-09,5.649875117864718e-10,`gtol` termination condition is satisfied.,True,True,0.0,0.009999999999999787,True,0.036487928443800555,0.03650162726686046,False,False,False,False,False,False,1.0,False,False,False,0.001039540395187814,0.005000944415239137,0.001039544351323738,0.005000944868678856
2.4199999999999924,1786138338.6668267,0.006573500024387613,0.006233699998119846,0.01,TELEOP,0,,0.0,2.4199999999999924,242,-0.018615431935464787,0.03892311507835103,0.0,0.0315584749076531,0.03616636090718448,0.06665248216010719,0.9966210431363223,-0.016387024427907373,0.03687924988884557,0.0,0.03001795827580038,0.0341712944510426,0.06321934491601618,0.996962666926341,-0.02091610732837222,-0.21427471270881038,0.277369326883451,-0.11553515423864473,0.02108138120459304,0.029131251587453787,0.9926522924380459,-0.020755389983693123,-0.21442137762680033,0.2774086256297844,-0.11562731810741635,0.020937282660467082,0.028944370735268895,0.9926500777740469,-0.020755385760599123,-0.21442137902352945,0.27740862533874816,-0.11562731816687084,0.020937282665126466,0.028944370459116117,0.9926500777750755,-0.019993928050380857,-0.21510893546231846,0.2775758058627051,-0.11639423725772187,0.019531245541380488,0.027048342009323715,0.9926425838011093,-0.019993928050380857,-0.21510893546231846,0.2775758058627051,-0.11639423725772187,0.019531245541380488,0.027048342009323715,0.9926425838011093,-0.10159976005666128,-0.5996070876705556,0.8215132340773604,-0.3542078398179734,0.4811703004314769,-0.3053389914723277,-0.0888063255944103,-0.5953081614998079,0.8196600788712836,-0.3177370798306086,0.47965577633603257,-0.27199929300178827,-0.0888063255944103,-0.5953081614998079,0.8196600788712836,-0.3177370798306086,0.47965577633603257,-0.27199929300178827,-0.11057212453959439,-0.043799788333260765,0.019138356556484944,-0.32881726861544747,0.003197516360922918,-0.29816604309738715,-0.04776520931027255,0.03932201105386098,-0.01909575872246315,-0.022792457550421807,0.08809070422294249,-0.0410177068050623,0.5,0.0,0.0,0.5,True,False,True,False,1,True,True,0.0033688999828882515,4,4.457586484405969e-09,5.650414594519562e-10,`gtol` termination condition is satisfied.,True,True,0.0,0.009999999999999787,True,0.036470759987364765,0.036487928443800555,False,False,False,False,False,False,1.0,False,False,False,0.001039471514069329,0.004963905111726113,0.0010394754847255622,0.004963905565104573
2.429999999999992,1786138338.6741204,0.00646720000077039,0.007060400006594136,0.01,TELEOP,0,,0.0,2.429999999999992,243,-0.018860610975594185,0.03911954052882925,0.0,0.03170502463894217,0.03635946289813586,0.06698171316053032,0.9965872921989742,-0.01661940719335467,0.03708971497857896,0.0,0.030176539693384224,0.03437697417980916,0.06357299776335762,0.9969283194160724,-0.020985822158006408,-0.21421372460909868,0.27735298517138535,-0.11545523169495629,0.021206699172248426,0.029293516933087967,0.9926541468458049,-0.020824153904037024,-0.2143594112993508,0.27739202180238637,-0.11554606158435675,0.021064502580583986,0.02910923949082025,0.9926520269256708,-0.02082414967949667,-0.2143594126974695,0.2773920215074865,-0.11554606164395517,0.021064502585266282,0.029109239214701238,0.9926520269267313,-0.02005814452626315,-0.21504213755476853,0.2775578047894378,-0.11630457848607476,0.019667630111638038,0.027227393325939025,0.9926455049017463,-0.02005814452626315,-0.21504213755476853,0.2775578047894378,-0.11630457848607476,0.019667630111638038,0.027227393325939025,0.9926455049017463,-0.10275465693254934,-0.5999927918166881,0.8216803582687006,-0.35747735761091826,0.481311990131156,-0.308326363203639,-0.08991676681476032,-0.5957421917145078,0.8198495435244223,-0.32102721227750236,0.47969658838736273,-0.27498475305102715,-0.08991676681476032,-0.5957421917145078,0.8198495435244223,-0.32102721227750236,0.47969658838736273,-0.27498475305102715,-0.11104412203500252,-0.043403021469989145,0.018946465313873007,-0.3290132446893752,0.0040812051330150565,-0.2985460049238901,-0.047199749540813414,0.03967668632716218,-0.019189124261193825,-0.01959760739277394,0.08836887720921381,-0.03799618265029614,0.5,0.0,0.0,0.5,True,False,True,False,1,True,True,0.00417520001064986,4,4.459646067255503e-09,5.65037103051768e-10,`gtol` termination condition is satisfied.,True,True,0.0,0.009999999999999787,True,0.036450145333415895,0.036470759987364765,False,False,False,False,False,False,1.0,False,False,False,0.0010394042630896055,0.004926658121524227,0.0010394082477400014,0.004926658574791263
2.439999999999992,1786138338.6805606,0.00731319998158142,0.006187399994814768,0.01,TELEOP,0,,0.0,2.439999999999992,244,-0.01910701934548308,0.03931442160683079,0.0,0.0318502912622029,0.03655114590279153,0.06730827871920074,0.996553645468002,-0.01685310777941846,0.037298715860367586,0.0,0.03033386898858602,0.03458133752873951,0.06392410322036747,0.9968940247159568,-0.021055932333825546,-0.21415316080426763,0.2773367571487903,-0.11537593089641772,0.021331199568772313,0.0294546068799936,0.9926559326515343,-0.020893319554851728,-0.21429786351107602,0.2773755301222222,-0.11546543081095176,0.021190904967958852,0.02927292816298773,0.9926539052011254,-0.02089331532929902,-0.21429786491047947,0.27737552982353575,-0.11546543087068574,0.021190904972663727,0.029272927886930478,0.9926539052022175,-0.02012279307287555,-0.2149757305804108,0.27753990902801956,-0.11621552917766531,0.019803263131892325,0.027405343787647488,0.9926483408937755,-0.02012279307287555,-0.2149757305804108,0.27753990902801956,-0.11621552917766531,0.019803263131892325,0.027405343787647488,0.9926483408937755,-0.10391355915554842,-0.6003742573745559,0.8218455286130956,-0.36074509281979256,0.48146250109966376,-0.3113139046442172,-0.09103187121355888,-0.5961722198672886,0.8200370804640263,-0.3243189856353653,0.47974626271713966,-0.2779737105377822,-0.09103187121355888,-0.5961722198672886,0.8200370804640263,-0.3243189856353653,0.47974626271713966,-0.2779737105377822,-0.11151043987985516,-0.04300281527807896,0.018753693960406694,-0.3291773357862955,0.004967432977695074,-0.29889574867550345,-0.046631784485263776,0.040020619191018236,-0.019277135346631367,-0.016409109692025935,0.08862278446800176,-0.03497437516133638,0.5,0.0,0.0,0.5,True,False,True,False,1,True,True,0.003363000025274232,4,4.4612598339356375e-09,5.649746437649879e-10,`gtol` termination condition is satisfied.,True,True,0.0,0.009999999999999787,True,0.03642610718442724,0.036450145333415895,False,False,False,False,False,False,1.0,False,False,False,0.0010393396639126705,0.004889213292121671,0.001039343662022457,0.00488921374522713
2.4499999999999917,1786138338.68799,0.006490800005849451,0.0071257999807130545,0.01,TELEOP,0,,0.0,2.4499999999999917,245,-0.01935464731735097,0.039507750618784365,0.0,0.03199427208302969,0.03674139990996326,0.06763216768226842,0.9965201081669807,-0.017088116959707793,0.03750624428161539,0.0,0.030489942997034346,0.0347843739131804,0.06427264914471613,0.9968597881745587,-0.021126435087912347,-0.21409302368573596,0.2773206434564446,-0.11529725362694487,0.021454876295208338,0.02961451601923945,0.992657650970458,-0.020962884205346463,-0.2142367366926693,0.27735915124059424,-0.11538542775184023,0.021316483387776454,0.02943543094972973,0.9926557137312549,-0.02096287997921434,-0.21423673809325033,0.2773591509382001,-0.11538542781170108,0.021316483392503586,0.029435430673762183,0.9926557137323787,-0.020187871105148435,-0.21490971836331269,0.27752211989904657,-0.11612709510688203,0.019938135189376056,0.027582185382875987,0.992651092578209,-0.020187871105148435,-0.21490971836331269,0.27752211989904657,-0.11612709510688203,0.019938135189376056,0.027582185382875987,0.992651092578209,-0.1050764082667495,-0.6007514634004307,0.822008742630499,-0.3640107492955214,0.4816218281020064,-0.31430132871974137,-0.09215158175310471,-0.5965982126429845,0.8202226814237084,-0.3276120817943797,0.4798048222790523,-0.28096586336023793,-0.09215158175310471,-0.5965982126429845,0.8202226814237084,-0.3276120817943797,0.4798048222790523,-0.28096586336023793,-0.11197105395458294,-0.04259927756958773,0.018560095968200997,-0.3293096159014348,0.0058559561912668165,-0.29921528224557203,-0.04606140747277741,0.04035377084912351,-0.019359799220569747,-0.013228011513932714,0.0888523213571742,-0.03195335700685864,0.5,0.0,0.0,0.5,True,False,True,False,1,True,True,0.004107599990675226,4,4.462427835118813e-09,5.648540319200444e-10,`gtol` termination condition is satisfied.,True,True,0.0,0.009999999999999787,True,0.036398667501141735,0.03642610718442724,False,False,False,False,False,False,1.0,False,False,False,0.0010392786349066666,0.004851579740510135,0.0010392826459333776,0.004851580193403545
2.4599999999999915,1786138338.6948454,0.007393100007902831,0.006588200019905344,0.01,TELEOP,0,,0.0,2.4599999999999915,246,-0.01960348511526952,0.039699519932391604,0.0,0.03213696445152921,0.0369302149762277,0.06795336900020184,0.9964866855001994,-0.017324425456158078,0.03771229204804828,0.0,0.030644758602955527,0.034986072809083064,0.06461862349734251,0.9968256151287811,-0.02119732763684743,-0.21403331562802194,0.2773046447305985,-0.11521920164634346,0.02157772328867137,0.029773238988311624,0.9926593029180766,-0.02103284510899042,-0.21417603325810586,0.2773428858043252,-0.11530605434642174,0.021441231441093507,0.029596742096571017,0.9926574536478425,-0.02103284088271074,-0.21417603465975438,0.27734288549830366,-0.11530605440640083,0.021441231445842538,0.029596741820720997,0.9926574536489975,-0.020253376020094332,-0.2148441046046556,0.2775044386725325,-0.11603928177210393,0.02007223714930128,0.027757910324622496,0.9926537607827045,-0.020253376020094332,-0.2148441046046556,0.2775044386725325,-0.11603928177210393,0.02007223714930128,0.027757910324622496,0.9926537607827045,-0.10624314530075009,-0.6011243892134747,0.8221699979116877,-0.3672740309836854,0.4817899641805276,-0.3172883483346759,-0.09327584116121371,-0.5970201378024452,0.8204063386679167,-0.33090618347617967,0.4798722875851214,-0.28396090959314485,-0.09327584116121371,-0.5970201378024452,0.8204063386679167,-0.33090618347617967,0.4798722875851214,-0.28396090959314485,-0.11242594081089921,-0.04219251594607358,0.01836572442083654,-0.3294101681799998,0.00674653060690799,-0.2995046232906896,-0.0454886856316266,0.040676162351415204,-0.019437154736445778,-0.010055227856495727,0.0890574415641173,-0.028934104511758412,0.5,0.0,0.0,0.5,True,False,True,False,1,True,True,0.0035807000240311027,4,4.463149974268013e-09,5.646755129935691e-10,`gtol` termination condition is satisfied.,True,True,0.0,0.009999999999999787,True,0.03636784750750571,0.036398667501141735,False,False,False,False,False,False,1.0,False,False,False,0.001039221993337979,0.004813765868314096,0.0010392260167313456,0.004813766320945077
2.4699999999999913,1786138338.7014887,0.006829499994637445,0.006402099999831989,0.01,TELEOP,0,,0.0,2.4699999999999913,247,-0.019853522915548545,0.03988972197692839,0.0,0.03227836576189049,0.03711758122663964,0.06827187172787923,0.9964533826518918,-0.017562023939398604,0.037916851024019455,0.0,0.030798312738749035,0.03518642375374424,0.06496201434256191,0.9967915109030699,-0.02126860718181959,-0.213974038988655,0.27728876160295013,-0.11514177669047967,0.021699734522741897,0.029930770471145698,0.9926608896099443,-0.021103199503620176,-0.21411575560455726,0.2773267344557352,-0.11522731250901203,0.02156514276529248,0.029756855896684357,0.9926591260833737,-0.02110319527762335,-0.21411575700716076,0.27732673414616826,-0.11522731256910042,0.021565142770063172,0.02975685562097956,0.9926591260845598,-0.020319305197649646,-0.21477889288397295,0.2774868665677815,-0.11595209439533603,0.02020556015195774,0.027932511040984723,0.9926563463612299,-0.020319305197649646,-0.21477889288397295,0.2774868665677815,-0.11595209439533603,0.02020556015195774,0.027932511040984723,0.9926563463612299,-0.10741371078964752,-0.6014930143979549,0.8223292921168924,-0.37053464202092046,0.48196690065162995,-0.32027467646908414,-0.09440459193551107,-0.5974379641749753,0.82058804498517,-0.3342009743132793,0.4799486767064244,-0.28695854757661465,-0.09440459193551107,-0.5974379641749753,0.82058804498517,-0.3342009743132793,0.4799486767064244,-0.28695854757661465,-0.11287507742973665,-0.04178263725300471,0.01817063172533332,-0.3294790837099587,0.007638912130296591,-0.29976379834697886,-0.04491366188374389,0.04098786930688703,-0.01950926955032181,-0.0068915529958898936,0.0892381523388601,-0.02591750562892653,0.5,0.0,0.0,0.5,True,False,True,False,1,True,True,0.0032663999882061034,4,4.4634266496158635e-09,5.644392411147873e-10,`gtol` termination condition is satisfied.,True,True,0.0,0.009999999999999787,True,0.03633366770764118,0.03636784750750571,False,False,False,False,False,False,1.0,False,False,False,0.0010391704581291577,0.004775779380972425,0.001039174493332219,0.00477577983329031
2.479999999999991,1786138338.7079167,0.0066396000038366765,0.006190699990838766,0.01,TELEOP,0,,0.0,2.479999999999991,248,-0.020104750847123834,0.040078349243543664,0.0,0.032418473451954005,0.037303488855439965,0.0685876650246752,0.996420204785471,-0.01780090302912196,0.03811991313281415,0.0,0.03095060238456231,0.03538541634654411,0.0653028098481718,0.9967574808086208,-0.021340270908736594,-0.21391519610808735,0.27727299470062167,-0.1150649804714514,0.021820904007858872,0.030087105198158135,0.9926624121614455,-0.021173944611547847,-0.21405590611230527,0.27731069783261886,-0.11514920412899897,0.021688211034534485,0.029915766690971853,0.9926607321708012,-0.021173940386262757,-0.21405590751574874,0.27731069751958987,-0.11514920418918753,0.0216882110393264,0.02991576641543983,0.9926607321720182,-0.02038565600146165,-0.2147140866610153,0.27746940475358695,-0.11586553792356677,0.020338095608411755,0.028105980165161394,0.9926588501935906,-0.02038565600146165,-0.2147140866610153,0.27746940475358695,-0.11586553792356677,0.020338095608411755,0.028105980165161394,0.9926588501935906,-0.1085880447671565,-0.6018573188054445,0.8224866229744396,-0.3737922868312256,0.48215262710321466,-0.3232600262753786,-0.09553777634550341,-0.5978516616458395,0.8207677936786888,-0.33749613891755076,0.4800340052787076,-0.28995847599687,-0.09553777634550341,-0.5978516616458395,0.8207677936786888,-0.33749613891755076,0.4800340052787076,-0.28995847599687,-0.11331844099923459,-0.04136974708641346,0.01797486935188167,-0.3295164604271471,0.008532857228320678,-0.2999928420255389,-0.044336356949794056,0.04128901665912515,-0.019576237345164962,-0.003737671718840226,0.08939450980240879,-0.022904367856004897,0.5,0.0,0.0,0.5,True,False,True,False,1,True,True,0.003321600001072511,4,4.463258319515834e-09,5.641453649866719e-10,`gtol` termination condition is satisfied.,True,True,0.0,0.009999999999999787,True,0.03629614791367486,0.03633366770764118,False,False,False,False,False,False,1.0,False,False,False,0.001039124653113418,0.004737627310463721,0.0010391286995627817,0.004737627762418019
2.489999999999991,1786138338.714268,0.006469599989941344,0.006071999989217147,0.01,TELEOP,0,,0.0,2.489999999999991,249,-0.020357158991946806,0.04026539428555593,0.0,0.032557285002779913,0.03748792812675839,0.0689007381545435,0.9963871570427681,-0.01804105329445539,0.03832147035695357,0.0,0.031101624567864885,0.03558304024968072,0.06564099828555536,0.9967235301425893,-0.021412315988336626,-0.21385678930960592,0.2772573446461361,-0.11498881467775987,0.021941225791711004,0.03024223794627699,0.9926638716875726,-0.021245077639669898,-0.21399648714465574,0.2772947765682221,-0.11507173107099898,0.021810429960211083,0.030073468868145836,0.9926622730433101,-0.021245073415523612,-0.21399648854882178,0.27729477625181587,-0.11507173113127837,0.021810429965023855,0.030073468592814016,0.992662273044558,-0.020452425779619976,-0.214649689278176,0.27745205434873066,-0.11577961703170815,0.020469835194952525,0.028278310525063573,0.9926612731848314,-0.020452425779619976,-0.214649689278176,0.27745205434873066,-0.11577961703170815,0.020469835194952525,0.028278310525063573,0.9926612731848314,-0.10976608677283846,-0.6022172825570062,0.8226419882794113,-0.3770466702220648,0.4823471313928425,-0.32624411117489205,-0.09667533643263067,-0.598261201139348,0.8209455785546972,-0.34079136293885876,0.48012828651242645,-0.2929603939597293,-0.09667533643263067,-0.598261201139348,0.8209455785546972,-0.34079136293885876,0.48012828651242645,-0.2929603939597293,-0.1137560087127255,-0.040953949350855924,0.017778487600837688,-0.32952240213079736,0.009428123371887651,-0.30019179628592596,-0.04375677134909028,0.04157977355575329,-0.019638175104398116,-0.0005941703650258483,0.08952661435669731,-0.01989542603870557,0.5,0.0,0.0,0.5,True,False,True,False,1,True,True,0.003256700001657009,4,4.462645740165791e-09,5.637940649236383e-10,`gtol` termination condition is satisfied.,True,True,0.0,0.009999999999999787,True,0.03625530728320603,0.03629614791367486,False,False,False,False,False,False,1.0,False,False,False,0.001039085110711164,0.004699316041093583,0.0010390891678377246,0.004699316492633621
2.4999999999999907,1786138338.7210495,0.006288100004894659,0.0065660999971441925,0.01,TELEOP,0,,0.0,2.4999999999999907,250,-0.020610737385376107,0.0404508497187472,0.0,0.032694797938215614,0.037670889375310934,0.06921108048609548,0.9963542445432747,-0.018282465254334003,0.03852151473849793,0.0,0.03125137636302191,0.03577928518890102,0.06597656802978259,0.9966896641873034,-0.021484739576300208,-0.2137988208992446,0.2772418120573933,-0.11491328097448145,0.0220606939596265,0.030396163538972003,0.9926652693027049,-0.021316595779576657,-0.21393750104785236,0.277278971291219,-0.11499489517501374,0.02193179329139494,0.030229956864809216,0.992663749834083,-0.021316591556994325,-0.21393750245262105,0.27727897097152177,-0.11499489523537473,0.02193179329622812,0.030229956589704874,0.9926637498353615,-0.020519611865331355,-0.21458570396341295,0.277434816422752,-0.11569433612697581,0.02060077084642886,0.028449495132664405,0.9926636162645268,-0.020519611865331355,-0.21458570396341295,0.277434816422752,-0.11569433612697581,0.02060077084642886,0.028449495132664405,0.9926636162645268,-0.11094777585645597,-0.6025728860453572,0.8227953858923126,-0.38029749748021024,0.4825503996466207,-0.3292266449542177,-0.0978172140084961,-0.5986665545980225,0.8211213939086606,-0.3440863331149282,0.4802315312067673,-0.2959640010575898,-0.0978172140084961,-0.5986665545980225,0.8211213939086606,-0.3440863331149282,0.4802315312067673,-0.2959640010575898,-0.11418775758654372,-0.04053534586745765,0.01758153539633414,-0.3294970176069472,0.010324469434087479,-0.3003607097860491,-0.04317488738182276,0.04186034833982752,-0.019695220450354572,0.0025384523850133234,0.0896346062199828,-0.016891350012313937,0.5,0.0,0.0,0.5,True,False,True,False,1,True,True,0.003605500009143725,4,4.461589731827675e-09,5.633856466656112e-10,`gtol` termination condition is satisfied.,True,True,0.0,0.009999999999999787,True,0.036211164365282045,0.03625530728320603,False,False,False,False,False,False,1.0,False,False,False,0.0010390522759636523,0.004660851337871933,0.0010390563431929684,0.004660851788947347
2.5099999999999905,1786138338.727507,0.00681839999742806,0.006204599980264902,0.01,TELEOP,0,,0.0,2.5099999999999905,251,-0.020865476016570957,0.04063470822165453,0.0,0.03283100982446268,0.03785236300709193,0.06951868149267451,0.9963214723833896,-0.018525129377875964,0.03872003837934836,0.0,0.031399854890867,0.035974140954228066,0.06630950755970885,0.9966558882094797,-0.0215575388133628,-0.2137412931656967,0.2772263975476467,-0.11483838100343975,0.022179302634960825,0.030548876846283806,0.9926666061203864,-0.021388496207662498,-0.21387895015099045,0.2772632826256887,-0.11491869825658736,0.02205229481528898,0.030385225165535122,0.9926651636760659,-0.021388491987067097,-0.21387895155623976,0.2772632823027882,-0.11491869831702058,0.02205229482014239,0.030385224890685385,0.992665163677375,-0.02058721157753829,-0.21452213383360394,0.277417691996965,-0.11560969935457348,0.02073089474861715,0.02861952717320468,0.9926658803859681,-0.02058721157753829,-0.21452213383360394,0.277417691996965,-0.11560969935457348,0.02073089474861715,0.02861952717320468,0.9926658803859681,-0.11213305058243879,-0.6029241099370116,0.8229468137377611,-0.3835444744672148,0.4827624162588161,-0.3322073418612043,-0.09896335065146958,-0.5990676949583283,0.821295234509718,-0.3473807373134939,0.480343747767219,-0.2989689974306537,-0.09896335065146958,-0.5990676949583283,0.821295234509718,-0.3473807373134939,0.480343747767219,-0.2989689974306537,-0.1146136642973475,-0.040114036030578594,0.01738406010573724,-0.3294404198565673,0.011221656045169628,-0.30049963730638846,-0.042590671080377604,0.04213098368790515,-0.019747529059690006,0.005659775037991181,0.08971866110821496,-0.01389275203393242,0.5,0.0,0.0,0.5,True,False,True,False,1,True,True,0.003323400014778599,4,4.460091468624168e-09,5.629203225992795e-10,`gtol` termination condition is satisfied.,True,True,0.0,0.009999999999999787,True,0.0361637371537209,0.036211164365282045,False,False,False,False,False,False,1.0,False,False,False,0.001039026510858023,0.004622238377040113,0.0010390305876110978,0.00462223882760024
2.5199999999999902,1786138338.7339633,0.006437400006689131,0.006223599979421124,0.01,TELEOP,0,,0.0,2.5199999999999902,252,-0.02112136482888637,0.04081696253585902,0.0,0.032965918269643374,0.03803233950006074,0.06982353075242644,0.9962888456356702,-0.0187690360847595,0.0389170334415476,0.0,0.031547057318274445,0.03616759740068438,0.06663980545807052,0.9966222074594415,-0.02163071082542786,-0.21368420838022778,0.2772111017254802,-0.11476411638337841,0.02229704597948286,0.030700372784852218,0.9926678832531062,-0.02146077608523666,-0.2138208367659307,0.2772477111910925,-0.11484314210696434,0.02217192835767417,0.030539268302945746,0.9926665157017348,-0.021460771867048825,-0.2138208381715361,0.2772477108650772,-0.11484314216746014,0.02217192836254726,0.030539268028377524,0.9926665157030742,-0.020655222221481122,-0.2144589818982757,0.2774006820456947,-0.11552571060454066,0.020860199329752912,0.02878839999436273,0.9926680665252627,-0.020655222221481122,-0.2144589818982757,0.2774006820456947,-0.11552571060454066,0.020860199329752912,0.02878839999436273,0.9926680665252627,-0.11332184903447357,-0.6032709351744083,0.8230962698031882,-0.38678730771445763,0.4829831638921962,-0.3351859167005541,-0.10011368770185501,-0.5994645961234425,0.8214670955835586,-0.35067426456774137,0.4804649422262787,-0.30197508382311433,-0.10011368770185501,-0.5994645961234425,0.8214670955835586,-0.35067426456774137,0.4804649422262787,-0.30197508382311433,-0.11503370503854353,-0.03969011651141926,0.01718610738405789,-0.32935272542474486,0.012119445905972994,-0.3006086392460647,-0.04200407411960328,0.042391951915933826,-0.01979527216793541,0.00876944318224567,0.0897789860803365,-0.010900193967623706,0.5,0.0,0.0,0.5,True,False,True,False,1,True,True,0.003420399996684864,4,4.458152209767987e-09,5.623983934010436e-10,`gtol` termination condition is satisfied.,True,True,0.0,0.009999999999999787,True,0.03611304314671626,0.0361637371537209,False,False,False,False,False,False,1.0,False,False,False,0.0010390080988860718,0.004583481778320994,0.001039012184579575,0.004583482228315683
2.52999999999999,1786138338.7402499,0.006484699988504872,0.006025400012731552,0.01,TELEOP,0,,0.0,2.52999999999999,253,-0.021378393720270197,0.04099760546627244,0.0,0.03309952092336672,0.0382108094048229,0.0701256179483662,0.9962563693480869,-0.01901417574560184,0.039112492147579433,0.0,0.031692980857730826,0.036359644449011214,0.06696745041157802,0.9965886271703415,-0.02170425272368056,-0.21362756879658903,0.2771959251947846,-0.11469048871013382,0.02241391819375882,0.030850646317943597,0.9926691018120789,-0.021533432558634748,-0.21376316318721317,0.2772322576022505,-0.11476822849324773,0.022290687783355516,0.03069208085779021,0.9926678070428625,-0.021533428343272622,-0.21376316459304814,0.27723225727321077,-0.11476822855379627,0.02229068778824791,0.030692080583530238,0.992667807044232,-0.02072364108920508,-0.21439625106364796,0.27738378749770704,-0.11544237351963207,0.020988677251358678,0.028956107095485253,0.992670175680355,-0.02072364108920508,-0.21439625106364796,0.27738378749770704,-0.11544237351963207,0.020988677251358678,0.028956107095485253,0.992670175680355,-0.11451410882020903,-0.6036133429780106,0.8232437521375516,-0.39002570451766766,0.48321262347909727,-0.33816208492892313,-0.101268166255808,-0.5998572329335095,0.8216369727939818,-0.35396660510600936,0.4805951182668947,-0.3049819616349936,-0.101268166255808,-0.5998572329335095,0.8216369727939818,-0.35396660510600936,0.4805951182668947,-0.3049819616349936,-0.11544785539529964,-0.039263681006695514,0.016987721042326025,-0.32923405382679827,0.013017604061599235,-0.3006877811879265,-0.0414150356756107,0.04264355047237442,-0.01983863417318648,0.011867159794659115,0.08981581556262407,-0.007914194186183407,0.5,0.0,0.0,0.5,True,False,True,False,1,True,True,0.0032350000110454857,4,4.455773443348068e-09,5.618201614652335e-10,`gtol` termination condition is satisfied.,True,True,0.0,0.009999999999999787,True,0.0360590994116583,0.03611304314671626,False,False,False,False,False,False,1.0,False,False,False,0.0010389972497762787,0.004544585638500232,0.001039001343823405,0.004544586087879178
2.53999999999999,1786138338.746416,0.006249199999729171,0.005942399991909042,0.01,TELEOP,0,,0.0,2.53999999999999,254,-0.02163655254366191,0.04117662988142119,0.0,0.03323181547629446,0.03838776334530583,0.07042493286844054,0.9962240485432833,-0.019260538682339998,0.03930640678066656,0.0,0.03183762276690605,0.03655027208638375,0.06729243121100573,0.9965551525573864,-0.021778161604702008,-0.21357137665093076,0.27718086855473445,-0.11461749955680837,0.022529913517534327,0.030999692455477235,0.9926702629070256,-0.02160646275933085,-0.2137059316919714,0.27721692246931884,-0.114693959158558,0.02240856699660635,0.030843657459021484,0.9926690388302862,-0.02160645854720984,-0.21370593309790703,0.2772169221373455,-0.11469395921914936,0.02240856700151756,0.030843657185096258,0.9926690388316858,-0.02079246546001305,-0.21433394413693874,0.27736700923780905,-0.11535969150409386,0.021116321398489728,0.029122642116967946,0.9926722088699789,-0.02079246546001305,-0.21433394413693874,0.27736700923780905,-0.11535969150409386,0.021116321398489728,0.029122642116967946,0.9926722088699789,-0.11570976707608029,-0.603951314848394,0.8233892588500867,-0.39325937303083885,0.4834507742232334,-0.34113556274944085,-0.10242672715818348,-0.6002455811338131,0.8218048622233706,-0.35725745037667744,0.4807342772482673,-0.3079893329702888,-0.10242672715818348,-0.6002455811338131,0.8218048622233706,-0.35725745037667744,0.4807342772482673,-0.3079893329702888,-0.11585609023754709,-0.03883482003036296,0.016788942938871697,-0.3290845270668078,0.013915898137256721,-0.30073713352952103,-0.040823484224744695,0.042886097633255384,-0.01987781034543283,0.014952675999047964,0.08982940756574859,-0.004935234159450519,0.5,0.0,0.0,0.5,True,False,True,False,1,True,True,0.003207400004612282,4,4.452956847717394e-09,5.611859687592542e-10,`gtol` termination condition is satisfied.,True,True,0.0,0.009999999999999787,True,0.03600192265416141,0.0360590994116583,False,False,False,False,False,False,1.0,False,False,False,0.0010389941043506426,0.004505553565960183,0.0010389982061612725,0.004505554014673485
2.5499999999999896,1786138338.7527847,0.006152500020107254,0.006158600008348003,0.01,TELEOP,0,,0.0,2.5499999999999896,255,-0.0218958311073932,0.04135402871372791,0.0,0.033362799659706746,0.038563192019428885,0.07072146540558696,0.99619188821784,-0.019508115168613463,0.03949876968506704,0.0,0.03198098034822383,0.03673947036712186,0.06761473675127891,0.9965217888170661,-0.021852434550584048,-0.21351563416171665,0.27716593239976545,-0.11454515047394422,0.02264502623011434,0.031147506254050692,0.9926713676459561,-0.021679863804050317,-0.2136491445398469,0.2772017063977666,-0.11462033582219236,0.022525559941610734,0.030993992783872184,0.9926702121936762,-0.021679859595582968,-0.2136491459457525,0.2772017060629521,-0.11462033588281678,0.02252555994654049,0.030993992510308092,0.9926702121951057,-0.020861692600865688,-0.21427206383087602,0.2773503481085927,-0.11527766773321041,0.021243124869517203,0.029287998829863007,0.992674167132555,-0.020861692600865688,-0.21427206383087602,0.2773503481085927,-0.11527766773321041,0.021243124869517203,0.029287998829863007,0.992674167132555,-0.11690876047225156,-0.604284832568293,0.8235327881090424,-0.3964880223594789,0.48369759360222,-0.3441060672055896,-0.10358931099448647,-0.6006296173412753,0.8219707603522941,-0.36054649306911485,0.48088241823365013,-0.31099690068205454,-0.10358931099448647,-0.6006296173412753,0.8219707603522941,-0.36054649306911485,0.48088241823365013,-0.31099690068205454,-0.11625838363029878,-0.03840362074622155,0.01658981289234894,-0.3289042692437415,0.01481409853828581,-0.3007567711765754,-0.04022933927516892,0.04311992841414149,-0.01991300465227575,0.018025782306631266,0.08982004010290887,-0.001963764705437132,0.5,0.0,0.0,0.5,True,False,True,False,1,True,True,0.0032415000023320317,4,4.449704338546077e-09,5.604961274041326e-10,`gtol` termination condition is satisfied.,True,True,0.0,0.009999999999999787,True,0.03594152929036404,0.03600192265416141,False,False,False,False,False,False,1.0,False,False,False,0.001038998739452416,0.004466388715826105,0.001039002848434073,0.0044663891638237994
2.5599999999999894,1786138338.7589326,0.0063723999774083495,0.005934500019066036,0.01,TELEOP,0,,0.0,2.5599999999999894,256,-0.02215621917559032,0.04152979495979045,0.0,0.033492471245068024,0.038737086199767935,0.07101520555778905,0.9961598933415434,-0.0197568954301487,0.039689573266369016,0.0,0.03212305094843179,0.03692722941339652,0.0679343560315577,0.9964885411263857,-0.02192706862904462,-0.21346034352963825,0.27715111731955105,-0.11447344298969687,0.02275925065074081,0.031294082816964115,0.9926724171349511,-0.021753632794883113,-0.21359280397290356,0.27718660998835304,-0.1145473601797847,0.022641660602903832,0.03114308155792923,0.9926713282613042,-0.021753628590478892,-0.2135928053786462,0.27718660965079067,-0.114547360240432,0.02264166060785156,0.031143081284752374,0.9926713282627634,-0.020931319766730606,-0.2142106127683694,0.2773338049123013,-0.11519630516349878,0.02136908096555943,0.029452171125782845,0.9926760515250397,-0.020931319766730606,-0.2142106127683694,0.2773338049123013,-0.11519630516349878,0.02136908096555943,0.029452171125782845,0.9926760515250397,-0.11811102521767729,-0.6046138782046467,0.8236743381404693,-0.3997113626530925,0.483953057370835,-0.34707331627434584,-0.10475585808209192,-0.6010093190096668,0.8221346640384474,-0.3638334271315157,0.48103953801981486,-0.3140043684150085,-0.10475585808209192,-0.6010093190096668,0.8221346640384474,-0.3638334271315157,0.48103953801981486,-0.3140043684150085,-0.11665470876054529,-0.03797016683915548,0.01639036861533042,-0.32869340624008087,0.0157119786164737,-0.3007467732953964,-0.0396325130246504,0.04334539070660684,-0.019944427701852042,0.021086300366065607,0.08978800781878916,0.0009997881178988588,0.5,0.0,0.0,0.5,True,False,True,False,1,True,True,0.003198599995812401,4,4.446017943422937e-09,5.597510023763291e-10,`gtol` termination condition is satisfied.,True,True,0.0,0.009999999999999787,True,0.03587793552157681,0.03594152929036404,False,False,False,False,False,False,1.0,False,False,False,0.0010390111729053073,0.004427093825400526,0.0010390152884632738,0.004427094272633157
2.569999999999989,1786138338.7665021,0.006180199998198077,0.00732360000256449,0.01,TELEOP,0,,0.0,2.569999999999989,257,-0.022417706468578203,0.04170392168065837,0.0,0.03362082804359282,0.03890943673421412,0.07130614342812817,0.9961280688566589,-0.02000686964514554,0.039878809991783754,0.0,0.03226383195817095,0.03711353941593165,0.06825127815531772,0.9964554146421015,-0.02200206089354367,-0.2134055069375301,0.27713642389897997,-0.11440237861000957,0.0228725811389681,0.031439417294243294,0.9926734124779467,-0.021827766819397854,-0.21353691221554286,0.2771716338371047,-0.11447503390346589,0.02275686300581016,0.03129091855520724,0.9926723881598132,-0.02182776261946306,-0.21353691362098778,0.2771716334968887,-0.11447503396412605,0.022756863010775483,0.03129091828244344,0.9926723881613019,-0.02100134420088311,-0.2141495934872933,0.27731738041279413,-0.1151156065434286,0.021494183179665588,0.02961515300715885,0.9926778631217381,-0.02100134420088311,-0.2141495934872933,0.27731738041279413,-0.1151156065434286,0.021494183179665588,0.02961515300715885,0.9926778631217381,-0.11931649706528374,-0.6049384341106017,0.8238139072270095,-0.4029291051968348,0.48421713956500995,-0.3500370289585149,-0.10592630846089131,-0.6013846643938934,0.8222965704951196,-0.36711794778639223,0.4812056311678631,-0.3170114406462129,-0.10592630846089131,-0.6013846643938934,0.8222965704951196,-0.36711794778639223,0.4812056311678631,-0.3170114406462129,-0.11704503787993861,-0.03753453842265284,0.016190645667221053,-0.3284520654876568,0.0166093148048197,-0.30070722312043724,-0.03903291193933234,0.04356284165026407,-0.019972294810936646,0.02413407524240232,0.08973361883460011,0.00395501749591437,0.5,0.0,0.0,0.5,True,False,True,False,1,True,True,0.00437670000246726,4,4.441899887057861e-09,5.589512257335139e-10,`gtol` termination condition is satisfied.,True,True,0.0,0.009999999999999787,True,0.03581115741044255,0.03587793552157681,False,False,False,False,False,False,1.0,False,False,False,0.0010390313684582656,0.0043876712495960046,0.001039035489996222,0.004387671696014395
2.579999999999989,1786138338.7726412,0.007534400006989017,0.005928200000198558,0.01,TELEOP,0,,0.0,2.579999999999989,258,-0.022680282663286255,0.0418764020021069,0.0,0.033747867905811996,0.03908023454662703,0.07159426922483181,0.9960964196772093,-0.020258027944665375,0.04006647239043688,0.0,0.03240332081154507,0.03729839063470131,0.06856549233042773,0.9964224144999607,-0.02207740838339962,-0.21335112655028537,0.27712185271813367,-0.11433195881878765,0.02298501209503618,0.03158350488266194,0.9926743547765183,-0.021902262950756403,-0.21348147147441907,0.2771567785352928,-0.11440335864202474,0.022871161216879727,0.03143749859822073,0.9926733930139877,-0.02190225875569391,-0.21348147287942962,0.2771567781925182,-0.11440335870268731,0.022871161221862155,0.03143749832589568,0.992673393015506,-0.02107176313516024,-0.21408900844533815,0.27730107533758874,-0.11503557442455983,0.021618425185851865,0.029776938577906673,0.9926796030130884,-0.02107176313516024,-0.21408900844533815,0.27730107533758874,-0.11503557442455983,0.021618425185851865,0.029776938577906673,0.9926796030130884,-0.12052511131726405,-0.6052584829274977,0.823951493706711,-0.40614096250225074,0.4844898125065358,-0.35299692537817934,-0.10710060188351556,-0.6017556325136955,0.8224564772693719,-0.37039975154444477,0.4813806900350925,-0.3200178227243444,-0.10710060188351556,-0.6017556325136955,0.8224564772693719,-0.37039975154444477,0.4813806900350925,-0.3200178227243444,-0.1174293422624248,-0.03709681198021258,0.01599067742522439,-0.32818037580525383,0.017505886722940765,-0.30063820781315526,-0.038430438248618824,0.04377264424402673,-0.019996824199666377,0.02716896824029915,0.08965719181210656,0.006901530728196012,0.5,0.0,0.0,0.5,True,False,True,False,1,True,True,0.0031829999934416264,4,4.4373526318861196e-09,5.58096828215727e-10,`gtol` termination condition is satisfied.,True,True,0.0,0.009999999999999787,True,0.03574121095780597,0.03581115741044255,False,False,False,False,False,False,1.0,False,False,False,0.0010390592406811624,0.004348122996097027,0.0010390633676016262,0.004348123441652044
2.5899999999999888,1786138338.7794244,0.006135100004030392,0.006576499989023432,0.01,TELEOP,0,,0.0,2.5899999999999888,259,-0.02294393739365591,0.04204722911490827,0.0,0.03387358872113917,0.03924947063748209,0.07187957326131812,0.9960649506882567,-0.02051036041302118,0.04025255305365776,0.0,0.03254151498568949,0.03748177339962209,0.06887698786922399,0.9963895458139445,-0.022153108123906362,-0.21329720451477197,0.2771074043522636,-0.1142621850780732,0.023096537960241255,0.031726340825762415,0.9926752451296662,-0.021977118247829084,-0.21342648393835506,0.27714204466941067,-0.1143323360210694,0.022984549344321765,0.03158281655805494,0.9926743439465251,-0.02197711405803819,-0.21342648534279282,0.2771420443241735,-0.11433233608172416,0.02298454934932085,0.03158281628619396,0.9926743439480729,-0.021142573790171038,-0.21402886002489235,0.2772848903799609,-0.11495621117298517,0.021741800828078667,0.029937522034540264,0.9926812723044268,-0.021142573790171038,-0.21402886002489235,0.2772848903799609,-0.11495621117298517,0.021741800828078667,0.029937522034540264,0.9926812723044268,-0.12173680283049779,-0.6055740075868254,0.8240870959718617,-0.40934664839703894,0.4847710468084978,-0.35595272686119644,-0.10827867780527516,-0.6021222031170774,0.8226143822200926,-0.37367853621746927,0.48156470480764585,-0.3230232209080265,-0.10827867780527516,-0.6021222031170774,0.8226143822200926,-0.37367853621746927,0.48156470480764585,-0.3230232209080265,-0.11780759217596039,-0.0366570603382018,0.01579049507207362,-0.32787846730245085,0.018401477255338288,-0.3005398183682062,-0.03782499135355939,0.04397516420107794,-0.020018235315077078,0.03019085028029787,0.08955905323975219,0.009838944494903561,0.5,0.0,0.0,0.5,True,False,True,False,1,True,True,0.0031678999948780984,4,4.4323788029478e-09,5.571886037899826e-10,`gtol` termination condition is satisfied.,True,True,0.0,0.009999999999999787,True,0.035668112179569667,0.03574121095780597,False,False,False,False,False,False,1.0,False,False,False,0.0010390946597785553,0.004308450760009394,0.001039098791483441,0.004308451204652581
2.5999999999999885,1786138338.7860067,0.006798499991418794,0.006360200000926852,0.01,TELEOP,0,,0.0,2.5999999999999885,260,-0.023208660251049864,0.042216396275100564,0.0,0.033997988417437716,0.039417136084512056,0.0721620459562374,0.9960336667451922,-0.020763857088169375,0.040437044635266886,0.0,0.03267841200033993,0.03766367811124065,0.0691857541885814,0.9963568136755157,-0.02222915712645082,-0.2132437429597492,0.27709307937176914,-0.11419305882821984,0.02320715321730413,0.03186792041387563,0.9926760846336021,-0.022052329755310483,-0.21337195177825843,0.27712743282115126,-0.11426196764318933,0.02309702153843619,0.03172686735443534,0.9926752420778076,-0.022052325571186776,-0.21337195318198338,0.27712743247354826,-0.1142619677038258,0.02309702154345142,0.031726867083063555,0.9926752420793846,-0.021213773375465338,-0.21396915053791307,0.2772688262010817,-0.11487751898097891,0.02186430410925432,0.030096897657769028,0.9926828721147407,-0.021213773375465338,-0.21396915053791307,0.2772688262010817,-0.11487751898097891,0.02186430410925432,0.030096897657769028,0.9926828721147407,-0.12295150602208506,-0.6058849913121565,0.8242207124678523,-0.4125458781137519,0.48506081138142854,-0.35890415603265585,-0.1094604753739493,-0.6024843566437545,0.8227702834960849,-0.37695400093091036,0.48175766353369326,-0.3260273424036561,-0.1094604753739493,-0.6024843566437545,0.8227702834960849,-0.37695400093091036,0.48175766353369326,-0.3260273424036561,-0.11817975686741501,-0.036215352667712086,0.015590127599233937,-0.3275464713441095,0.01929587260474252,-0.3004121495629594,-0.03721646914546228,0.044170767048971535,-0.020036747283968297,0.03319959583413153,0.08943953494042307,0.0127668805246788,0.5,0.0,0.0,0.5,True,False,True,False,1,True,True,0.0032565000001341105,4,4.426981223892582e-09,5.562268416255347e-10,`gtol` termination condition is satisfied.,True,True,0.0,0.009999999999999787,True,0.035591877182841514,0.035668112179569667,False,False,False,False,False,False,1.0,False,False,False,0.0010391374562898107,0.004268655957785708,0.0010391415921808633,0.004268656401468798
2.6099999999999883,1786138338.7921298,0.006603400019230321,0.0058797000092454255,0.01,TELEOP,0,,0.0,2.6099999999999883,261,-0.023474440784662983,0.042383896804253966,0.0,0.034121064960588324,0.03958322204334287,0.07244167783351028,0.9960025726730272,-0.021018507962103444,0.04061993985186136,0.0,0.032814009417401,0.03784409524141634,0.06949178080998143,0.9963242231528705,-0.022305552388631043,-0.21319074399578522,0.2770788783421753,-0.11412458148806806,0.02331685239073591,0.032008238984139764,0.9926768743815362,-0.02212789450383586,-0.21331787714703818,0.2771129435673848,-0.1141922550881175,0.023208571992042522,0.031869645955795806,0.9926760885256746,-0.022127890325771102,-0.21331787854990839,0.27711294321751334,-0.11419225514872512,0.023208571997073445,0.03186964568493807,0.9926760885272807,-0.02128535908966436,-0.21390988223075738,0.2772528834321755,-0.11479949987875733,0.021985929180341583,0.030255059804605827,0.9926844035754183,-0.02128535908966436,-0.21390988223075738,0.2772528834321755,-0.11479949987875733,0.021985929180341583,0.030255059804605827,0.9926844035754183,-0.12416915487500145,-0.6061914176210502,0.8243523416920591,-0.41573836837737604,0.4853590734401731,-0.3618509369032423,-0.1106459334195468,-0.6028420741888842,0.8229241795143277,-0.3802258461366096,0.4819595521569206,-0.3290298954031193,-0.1106459334195468,-0.6028420741888842,0.8229241795143277,-0.3802258461366096,0.4819595521569206,-0.3290298954031193,-0.11854580455974997,-0.035771754512969184,0.015389601824279805,-0.3271845205699238,0.020188862322736083,-0.30025529994631434,-0.036604769233496266,0.04435981547429007,-0.02005257749541314,0.03619507741857338,0.08929897179935647,0.015684961664507356,0.5,0.0,0.0,0.5,True,False,True,False,1,True,True,0.0031829000217840075,4,4.421162742242043e-09,5.552119859708422e-10,`gtol` termination condition is satisfied.,True,True,0.0,0.009999999999999787,True,0.03551252224076645,0.035591877182841514,False,False,False,False,False,False,1.0,False,False,False,0.001039187425652376,0.004228739760232892,0.001039191565131362,0.004228740202907987
2.619999999999988,1786138338.7986913,0.006088399997679517,0.006353499979013577,0.01,TELEOP,0,,0.0,2.619999999999988,262,-0.023741268501934892,0.0425497240897344,0.0,0.03424281635405737,0.0397477197481235,0.07271845952236254,0.9959716732656916,-0.02127430298124939,0.04080123148309824,0.0,0.032948304840514746,0.038023015333998815,0.06979505735957695,0.996291779290194,-0.022382290894374827,-0.21313820971517466,0.27706480182411075,-0.11405675445512008,0.023425630047201274,0.032147291920517525,0.9926776154634662,-0.022203809510098108,-0.21326426217952177,0.27709857748013655,-0.11412319991289313,0.023319194940906313,0.03201114737934517,0.9926768844051965,-0.02220380533848007,-0.213264263581394,0.27709857712809477,-0.11412319997346138,0.023319194945952252,0.03201114710902602,0.9926768844068318,-0.02135732812055515,-0.2138510572889398,0.27723706267668147,-0.11472215574625869,0.02210667032963752,0.030412002901006048,0.9926858678290011,-0.02135732812055515,-0.2138510572889398,0.27723706267668147,-0.11472215574625869,0.02210667032963752,0.030412002901006048,0.9926858678290011,-0.12538968294386937,-0.6064932703269237,0.8244819821927439,-0.4189238374917126,0.48566579851146313,-0.3647927949564229,-0.11183499044415231,-0.6031953374673229,0.8230760689385392,-0.3834937736262443,0.4821703545501189,-0.3320305891217473,-0.11183499044415231,-0.6031953374673229,0.8230760689385392,-0.3834937736262443,0.4821703545501189,-0.3320305891217473,-0.11890570246055038,-0.03532632784386025,0.015188942421156633,-0.3267927489634739,0.021080239319829278,-0.3000693718628046,-0.03598979008003998,0.04454266691089343,-0.020065940312317187,0.03917716064499079,0.08913769970931949,0.018592808350977506,0.5,0.0,0.0,0.5,True,False,True,False,1,True,True,0.0034462000185158104,4,4.414926524113805e-09,5.541447238263571e-10,`gtol` termination condition is satisfied.,True,True,0.0,0.009999999999999787,True,0.035430063865468264,0.03551252224076645,False,False,False,False,False,False,1.0,False,False,False,0.0010392443326035596,0.004188703124434755,0.0010392484750730102,0.004188703566054701
2.629999999999988,1786138338.8051114,0.006605799979297444,0.006166800012579188,0.01,TELEOP,0,,0.0,2.629999999999988,263,-0.0240091328689642,0.04271387158496456,0.0,0.03436324063846585,0.03991062051214972,0.07299238175735683,0.995940973285338,-0.021531232046862907,0.040980912371975854,0.0,0.03308129591462911,0.038200429005500344,0.07009557356825354,0.9962594871069195,-0.02245936961405888,-0.21308614219185745,0.27705085037328603,-0.11398957910571546,0.023533480795879087,0.032285074653812786,0.9926783089659659,-0.022280071776965303,-0.2132111089923728,0.27708433512656483,-0.11405480365202492,0.02342888466416297,0.03215136669113273,0.9926776308284497,-0.022280067612177594,-0.21321111039310223,0.2770843347724515,-0.11405480371254333,0.023428884669223483,0.03215136642137644,0.9926776308301138,-0.02142967764515248,-0.2137926778417887,0.27722136451240137,-0.11464548832486418,0.022226521972288298,0.030567721435051366,0.992687266027946,-0.02142967764515248,-0.2137926778417887,0.27722136451240137,-0.11464548832486418,0.022226521972288298,0.030567721435051366,0.992687266027946,-0.12661302336084784,-0.6067905335409008,0.824609632567988,-0.4221020054244962,0.48598095044219614,-0.36772945723439393,-0.11302758461196218,-0.6035441287786248,0.82322595065816,-0.38675748654589737,0.4823900525486901,-0.33502913383682753,-0.11302758461196218,-0.6035441287786248,0.82322595065816,-0.38675748654589737,0.4823900525486901,-0.33502913383682753,-0.11925941678098752,-0.034879131130189915,0.014988171962066348,-0.3263712919653038,0.02196979985711935,-0.2998544715080199,-0.035371432043714596,0.04471967136703374,-0.02007704590902843,0.042145699817011203,0.08895605372900726,0.021490035478467784,0.5,0.0,0.0,0.5,True,False,True,False,1,True,True,0.0033183000050485134,4,4.408275835126803e-09,5.530255278128939e-10,`gtol` termination condition is satisfied.,True,True,0.0,0.009999999999999787,True,0.03534451887859885,0.035430063865468264,False,False,False,False,False,False,1.0,False,False,False,0.0010393079154030391,0.004148546824452157,0.0010393120602664823,0.004148547264970058
2.6399999999999877,1786138338.8124735,0.006395700009306893,0.007133799983421341,0.01,TELEOP,0,,0.0,2.6399999999999877,264,-0.024278023310924348,0.04287633280968242,0.0,0.034482335891159614,0.040071915728482295,0.07326343537842149,0.9959104774616494,-0.021789285015428365,0.04115897542511288,0.0,0.0332129803255666,0.038376326945763116,0.07039331927168796,0.9962273515969935,-0.02253678550462852,-0.21303454348133755,0.27703702454047174,-0.11392305679520638,0.023640399288820328,0.03242158266168552,0.9926789559719763,-0.022356678293598824,-0.21315841968400917,0.27707021706893903,-0.11398706781765455,0.023537635484738882,0.03229029900611195,0.9926783289042916,-0.022356674136020802,-0.21315842108344962,0.2770702167128531,-0.11398706787811252,0.02353763548981355,0.03229029873694255,0.9926783289059847,-0.021502404829730686,-0.21373474596697883,0.27720578949362285,-0.11456949922898245,0.022345478640096766,0.0307222099506867,0.9926885993334018,-0.021502404829730686,-0.21373474596697883,0.27720578949362285,-0.11456949922898245,0.022345478640096766,0.0307222099506867,0.9926885993334018,-0.12783910884164223,-0.6070831916736283,0.8247352914646489,-0.42527259389118693,0.4863044914084152,-0.3706606524227262,-0.11422365373960512,-0.603888430972978,0.8233738237678573,-0.39001668941214385,0.48261862598390626,-0.338025240926942,-0.11422365373960512,-0.603888430972978,0.8233738237678573,-0.39001668941214385,0.48261862598390626,-0.338025240926942,-0.11960691276429415,-0.03443021943531541,0.014787310969733668,-0.3259202866246462,0.02285734352161294,-0.29961070901144793,-0.034749598330663725,0.04489116948745084,-0.020086099233268078,0.045100534065755746,0.08875436644935883,0.02437624965720096,0.5,0.0,0.0,0.5,True,False,True,False,1,True,True,0.003184400004101917,4,4.401214125649447e-09,5.518548801083778e-10,`gtol` termination condition is satisfied.,True,True,0.0,0.009999999999999787,True,0.03525590447904309,0.03534451887859885,False,False,False,False,False,False,1.0,False,False,False,0.001039377889860083,0.004108271480672332,0.0010393820365224443,0.0041082719200416186
2.6499999999999875,1786138338.8192763,0.007574399991426617,0.006361600011587143,0.01,TELEOP,0,,0.0,2.6499999999999875,265,-0.0245479292124811,0.043037101350196984,0.0,0.034600100225780354,0.04023159687055875,0.0735316113308761,0.9958801904911533,-0.022048451699059515,0.04133541361302534,0.0,0.03334335579959309,0.03855069991862118,0.07068828441040316,0.9961953777281444,-0.022614535509717863,-0.21298341562060308,0.2770233248714772,-0.11385718885813306,0.023746380221303414,0.032556811468665965,0.9926795575605969,-0.022433626035572026,-0.21310619633452177,0.2770562238646178,-0.11391999389972053,0.0236454417697698,0.032427939488202925,0.9926789797381375,-0.02243362188557859,-0.2131061977325257,0.27705622350665887,-0.11391999396010707,0.0236454417748581,0.03242793921964404,0.9926789797398593,-0.021575506829828516,-0.21367726369491694,0.27719033815320276,-0.11449418995742836,0.02246353497167097,0.030875463042012663,0.9926898689140079,-0.021575506829828516,-0.21367726369491694,0.27719033815320276,-0.11449418995742836,0.02246353497167097,0.030875463042012663,0.9926898689140079,-0.1290678716916287,-0.6073712294370615,0.8248589575773374,-0.42843532643737003,0.4866363819249733,-0.3735861109336391,-0.11542313528683354,-0.6042282274182467,0.8235196875476457,-0.3932710881299894,0.48285605271577847,-0.3410186229123712,-0.11542313528683354,-0.6042282274182467,0.8235196875476457,-0.3932710881299894,0.48285605271577847,-0.3410186229123712,-0.11994815472284157,-0.03397964452687489,0.01458637797883928,-0.325439871784555,0.023742673187219548,-0.29933819854292243,-0.03412419585474165,0.04505749084405177,-0.0200932990894388,0.04804148400912219,0.0885329665606609,0.027251046852548127,0.5,0.0,0.0,0.5,True,False,True,False,1,True,True,0.0034441000025253743,4,4.3937449995560366e-09,5.506333585998385e-10,`gtol` termination condition is satisfied.,True,True,0.0,0.009999999999999787,True,0.035164238307380635,0.03525590447904309,False,False,False,False,False,False,1.0,False,False,False,0.001039453953152505,0.004067877587712211,0.0010394581010205381,0.0040678780258868
2.6599999999999873,1786138338.8255413,0.006609200005186722,0.006017400010023266,0.01,TELEOP,0,,0.0,2.6599999999999873,266,-0.024818839918211613,0.043196170859641565,0.0,0.03471653179183798,0.04038965549279942,0.07379690066545463,0.9958501170365409,-0.022308721865901923,0.04151021997040123,0.0,0.03347242010298691,0.038723538762557,0.07098045902982036,0.996163570441155,-0.022692616559770586,-0.2129327606280464,0.277009751907129,-0.11379197660839933,0.023851418332186736,0.03269075664616751,0.9926801148068786,-0.022510911964989472,-0.21305444100559381,0.27704235606602756,-0.11385358336612224,0.023752297931016398,0.03256428335035329,0.9926795844317379,-0.022510907822951037,-0.2130544424020126,0.2770423557062955,-0.11385358342642667,0.02375229793611753,0.03256428308242827,0.9926795844334884,-0.021648980790229626,-0.21362023301296132,0.2771750110045989,-0.11441956190453458,0.02258068570295684,0.031027475348131228,0.992691075944717,-0.021648980790229626,-0.21362023301296132,0.2771750110045989,-0.11441956190453458,0.02258068570295684,0.031027475348131228,0.992691075944717,-0.13029924381210015,-0.6076546318462173,0.8249806296474258,-0.4315899285197059,0.4869765808558908,-0.3765055649878467,-0.11662596634766283,-0.6045635019682706,0.8236635414437002,-0.3965203900129431,0.4831023086654121,-0.34400899349676106,-0.11662596634766283,-0.6045635019682706,0.8236635414437002,-0.3965203900129431,0.4831023086654121,-0.34400899349676106,-0.1202831060829288,-0.033527455002392674,0.014385389605449961,-0.32493018829536746,0.02462559496336259,-0.2990370584389813,-0.03349513600872355,0.045218952448221446,-0.020098837338931936,0.0509683489187567,0.08829217761430397,0.030114010394111566,0.5,0.0,0.0,0.5,True,False,True,False,1,True,True,0.0032272999815177172,4,4.3858722036166505e-09,5.493615396970109e-10,`gtol` termination condition is satisfied.,True,True,0.0,0.009999999999999787,True,0.03506953850676281,0.035164238307380635,False,False,False,False,False,False,1.0,False,False,False,0.0010395357874270752,0.004027365540794802,0.0010395399359097294,0.0040273659777296696
2.669999999999987,1786138338.832025,0.0062300999998115,0.00627159999567084,0.01,TELEOP,0,,0.0,2.669999999999987,267,-0.0250907447330251,0.0433535350582243,0.0,0.03483162877428411,0.04054608323120713,0.07405929453832502,0.9958202617259925,-0.022570085240537142,0.04168338759637302,0.0,0.03360017104160834,0.03889483439135263,0.07126983328030774,0.9961319346491414,-0.022771025572161152,-0.2128825805033854,0.27699630618325,-0.11372742133944795,0.02395550840425836,0.03282341381249837,0.9926806287816171,-0.022588533030606702,-0.21300315574042072,0.2770286142206408,-0.11378783766288442,0.023858198425276998,0.03269932585459772,0.9926801440829569,-0.022588528896888935,-0.21300315713510437,0.2770286138592359,-0.11378783772309611,0.02385819843039054,0.032699325587329575,0.992680144084736,-0.02172282384492191,-0.21356365586946138,0.27715980854384187,-0.11434561637094068,0.022696925658192653,0.031178241548538134,0.9926922216056482,-0.02172282384492191,-0.21356365586946138,0.27715980854384187,-0.11434561637094068,0.022696925658192653,0.031178241548538134,0.9926922216056482,-0.1315331567066257,-0.6079333842209012,0.8251003064620821,-0.43473612758536717,0.4873250454253812,-0.3794187486949112,-0.11783208364202692,-0.6048942389325469,0.8238053850499334,-0.39976430380545913,0.4833573678467427,-0.3469960676102167,-0.11783208364202692,-0.6048942389325469,0.8238053850499334,-0.39976430380545913,0.4833573678467427,-0.3469960676102167,-0.12061172943640895,-0.03307369642763118,0.014184360623316532,-0.32439137925160355,0.02550591813306091,-0.2987074113455594,-0.03286233534801423,0.045375857476149105,-0.020102898213342865,0.05388090437638965,0.0880323169698321,0.03296470934219485,0.5,0.0,0.0,0.5,True,False,True,False,1,True,True,0.0033097999985329807,4,4.377599634493534e-09,5.480402143680284e-10,`gtol` termination condition is satisfied.,True,True,0.0,0.009999999999999787,True,0.03497182377990804,0.03506953850676281,False,False,False,False,False,False,1.0,False,False,False,0.0010396230631752581,0.003986735660538382,0.0010396272116839822,0.003986736096188711
2.679999999999987,1786138338.838221,0.006499100010842085,0.005968299985397607,0.01,TELEOP,0,,0.0,2.679999999999987,268,-0.025363632922585057,0.04350918773347608,0.0,0.0349453893930871,0.040700871803960995,0.0743187842111068,0.9957906291525072,-0.022832531504388576,0.04185490965478771,0.0,0.03372660646046953,0.03906457779473539,0.0715563974172263,0.9961004752368346,-0.022849759451316582,-0.2128328772275851,0.27698298823063816,-0.113663524324436,0.024058645264583012,0.03295477863287237,0.9926811005511487,-0.02266648616795056,-0.2129523425636306,0.27701499887095504,-0.11372275821432176,0.02396313775479732,0.032833062312115927,0.9926806597855529,-0.022666482042914368,-0.21295234395642815,0.27701499850797784,-0.11372275827442978,0.023963137759922707,0.03283306204552739,0.9926806597873604,-0.02179703311703803,-0.2135075341776003,0.27714473125143496,-0.11427235457400793,0.022812249741314725,0.031327756359050864,0.9926933070809736,-0.02179703311703803,-0.2135075341776003,0.27714473125143496,-0.11427235457400793,0.022812249741314725,0.031327756359050864,0.9926933070809736,-0.13276954148753015,-0.6082074721873952,0.8252179868533317,-0.43787365314990706,0.48768173122955355,-0.38232539813205035,-0.11904142350801,-0.6052204230474033,0.8239452180903929,-0.40300253970793526,0.4836212023975653,-0.3499795614539526,-0.11904142350801,-0.6052204230474033,0.8239452180903929,-0.40300253970793526,0.4836212023975653,-0.3499795614539526,-0.12093398659830767,-0.032618411485639924,0.013983304045955644,-0.3238235902476143,0.0263834550822578,-0.2983493843735917,-0.032225716189871606,0.045528494199125406,-0.020105657736088765,0.0567789003989234,0.08775369491968944,0.03580269719676704,0.5,0.0,0.0,0.5,True,False,True,False,1,True,True,0.0032414000015705824,4,4.3689313369366325e-09,5.466697911085727e-10,`gtol` termination condition is satisfied.,True,True,0.0,0.009999999999999787,True,0.0348711134419718,0.03497182377990804,False,False,False,False,False,False,1.0,False,False,False,0.0010397154423771964,0.003945988216111509,0.001039719590326336,0.003945988650432914
2.6899999999999866,1786138338.8448384,0.0062070999993011355,0.006378399993991479,0.01,TELEOP,0,,0.0,2.6899999999999866,269,-0.025637493713733018,0.0436631227404958,0.0,0.0350578119028085,0.040854013012003865,0.07457536105088537,0.9957612238732398,-0.02309605029612903,0.042024779374474644,0.0,0.03385172424330507,0.03923276003901797,0.07184014180097255,0.9960691970598691,-0.02292881508883872,-0.21278365276278008,0.2769697985750458,-0.11360028681641009,0.02416082378484618,0.03308484681941837,0.9926815311771459,-0.02274476829944004,-0.21290200348120536,0.2770015105544715,-0.11365834642320363,0.02406711046767727,0.03296548808328922,0.9926811326289577,-0.022744764183441468,-0.21290200487196495,0.27700151019002256,-0.11365834648319728,0.02406711047281384,0.03296548781740264,0.9926811326307938,-0.021871605718780062,-0.2134518698190337,0.2771297795941767,-0.1141997776578201,0.02292665292784076,0.03147601452825886,0.9926943335578418,-0.021871605718780062,-0.2134518698190337,0.2771297795941767,-0.1141997776578201,0.02292665292784076,0.03147601452825886,0.9926943335578418,-0.13400832888248831,-0.6084768816801175,0.8253336696971473,-0.44100223687350615,0.48804659224877045,-0.3852252514213411,-0.12025392189470614,-0.6055420394487488,0.8240830404025278,-0.4062348094044104,0.483893782609786,-0.35295919254659514,-0.12025392189470614,-0.6055420394487488,0.8240830404025278,-0.4062348094044104,0.483893782609786,-0.35295919254659514,-0.1212498386696142,-0.032161640134554775,0.013782231213483216,-0.3232269696475151,0.02725802122207324,-0.2979631092642567,-0.03158520713065216,0.04567713510851487,-0.020107283247242744,0.05966206000991847,0.08745661398154359,0.0386275109335051,0.5,0.0,0.0,0.5,True,False,True,False,1,True,True,0.003640500013716519,4,4.359871501116494e-09,5.452510087229169e-10,`gtol` termination condition is satisfied.,True,True,0.0,0.009999999999999787,True,0.034767427469095724,0.0348711134419718,False,False,False,False,False,False,1.0,False,False,False,0.0010398125814139886,0.0039051234467290985,0.0010398167282210974,0.0039051238796781436
2.6999999999999864,1786138338.8509505,0.0065916999883484095,0.005898700008401647,0.01,TELEOP,0,,0.0,2.6999999999999864,270,-0.025912316294913862,0.04381533400219298,0.0,0.03516889459218125,0.04100549873962372,0.07482901653022417,0.9957320504088428,-0.02336063121208995,0.04219299004951089,0.0,0.03397552231214316,0.03939937226773293,0.07212105689701814,0.9960381049440743,-0.023008189363626995,-0.21273490905219758,0.2769567377371591,-0.11353771004848151,0.024262038881695216,0.033213614131188764,0.992681921716415,-0.022823376334507678,-0.21285214048040246,0.27698814980367414,-0.11359460367091907,0.024170111158274672,0.0330965985777556,0.9926815636980605,-0.0228233722278977,-0.21285214186897122,0.2769881494378543,-0.11359460373078746,0.02417011116342191,0.03309659831259304,0.9926815636999249,-0.02194653875133066,-0.21339666464731238,0.27711495402689756,-0.11412788670272986,0.02304013025724962,0.03162301083447803,0.9926953022253406,-0.02194653875133066,-0.21339666464731238,0.27711495402689756,-0.11412788670272986,0.02304013025724962,0.03162301083447803,0.9926953022253406,-0.13524944924123655,-0.6087415989432449,0.8254473539125603,-0.4441216126355494,0.48841958086065307,-0.3881180488052742,-0.12146951435575074,-0.6058590736464718,0.8242188519213599,-0.4094608260930622,0.4841750769588416,-0.3559346797722028,-0.12146951435575074,-0.6058590736464718,0.8242188519213599,-0.4094608260930622,0.4841750769588416,-0.3559346797722028,-0.12155924610445913,-0.031703419772297445,0.013581151883215533,-0.3226016688651798,0.028129434905558158,-0.29754872256076237,-0.03094074348449355,0.04582203622573297,-0.020107933026768315,0.06253007823353122,0.0871413683484921,0.04143867034942794,0.5,0.0,0.0,0.5,True,False,True,False,1,True,True,0.003189300012309104,4,4.350424446183754e-09,5.43784430210007e-10,`gtol` termination condition is satisfied.,True,True,0.0,0.009999999999999787,True,0.034660786542487165,0.034767427469095724,False,False,False,False,False,False,1.0,False,False,False,0.001039914133745399,0.0038641415814774705,0.0010399182788315407,0.003864142013010971
2.709999999999986,1786138338.857284,0.0061098000151105225,0.006122699996922165,0.01,TELEOP,0,,0.0,2.709999999999986,271,-0.02618808981660266,0.043965815509527606,0.0,0.035278635783689435,0.04115532095502872,0.07507974222717412,0.9957031132428137,-0.023626263806672307,0.04235953503948426,0.0,0.0340979986268776,0.03956440570226154,0.07239913327594666,0.9960072036847726,-0.0230878791420017,-0.21268664802008128,0.27694380623257764,-0.11347579523400106,0.02436228551707769,0.03334107637416683,0.9926822732206955,-0.022902307169721456,-0.2128027555296774,0.27697491714600914,-0.11353153131764174,0.024272134467605906,0.033226389254463376,0.9926819540729894,-0.02290230307284598,-0.21280275691590175,0.27697491677891917,-0.11353153137737411,0.024272134472763215,0.03322638899004654,0.9926819540748822,-0.02202182930475331,-0.2133419204910851,0.27710025499410523,-0.1140566827344227,0.023152676825872152,0.03176874008319019,0.9926962142735021,-0.02202182930475331,-0.2133419204910851,0.27710025499410523,-0.1140566827344227,0.023152676825872152,0.03176874008319019,0.9926962142735021,-0.13649283254239908,-0.609001610532306,0.8255590384608152,-0.4472315166074697,0.488800647853737,-0.3910035327205924,-0.12268813604356,-0.6061715115005362,0.8243526526645911,-0.41268030451956533,0.484465052132246,-0.3589057434300402,-0.12268813604356,-0.6061715115005362,0.8243526526645911,-0.41268030451956533,0.484465052132246,-0.3589057434300402,-0.12186216878092666,-0.03124378540643523,0.013380074323124888,-0.3219478426503089,0.028997517340439007,-0.2971063657837472,-0.03029226764675331,0.04596343658622162,-0.020107756009064535,0.06538262148709183,0.08680824348808505,0.04423567770151747,0.5,0.0,0.0,0.5,True,False,True,False,1,True,True,0.003208499983884394,4,4.340594621354026e-09,5.422707789943124e-10,`gtol` termination condition is satisfied.,True,True,0.0,0.009999999999999787,True,0.03455121208790435,0.034660786542487165,False,False,False,False,False,False,1.0,False,False,False,0.001040019752355615,0.00382304285746715,0.0010400238951456865,0.0038230432875426988
2.719999999999986,1786138338.8634658,0.00634130000253208,0.005963199975667521,0.01,TELEOP,0,,0.0,2.719999999999986,272,-0.026464803391732985,0.04411456132174746,0.0,0.035387033833150096,0.041303471710915994,0.07532752982528051,0.9956744168208495,-0.02389293759275914,0.04252440776975387,0.0,0.03421915118484062,0.03972785164245685,0.07267436161348736,0.9959764980460815,-0.02316788127782775,-0.21263887157161582,0.2769310045717941,-0.11341454356673364,0.024461558698576656,0.03346722940127307,0.9926825867364594,-0.022981557688907223,-0.21275385057860663,0.2769618131038638,-0.11346913070249506,0.02437317508374341,0.03335485562172339,0.9926823048288971,-0.02298155360210694,-0.21275385196233226,0.2769618127356043,-0.11346913076208034,0.024373175088910085,0.03335485535807355,0.9926823048308181,-0.02209747445788399,-0.2132876391570753,0.2770856829315353,-0.11398616673247036,0.02326428778030358,0.03191319710494558,0.9926970708923512,-0.02209747445788399,-0.2132876391570753,0.2770856829315353,-0.11398616673247036,0.02326428778030358,0.03191319710494558,0.9926970708923512,-0.13773840840043003,-0.6092569033157341,0.8256687223445374,-0.4503316873238283,0.4891897424417486,-0.3938814478703857,-0.12390972170430788,-0.6064793391988118,0.8244844427186638,-0.4158929610133339,0.4847636730572382,-0.36187210528611585,-0.12390972170430788,-0.6064793391988118,0.8244844427186638,-0.4158929610133339,0.4847636730572382,-0.36187210528611585,-0.12215856607478696,-0.03078276982756421,0.013179005407271594,-0.32126564937685465,0.02986209249922369,-0.2966361856075638,-0.029639729386029524,0.04610155788710207,-0.02010689158532954,0.06821932734542523,0.08645751587846813,0.047018017618346196,0.5,0.0,0.0,0.5,True,False,True,False,1,True,True,0.0032016000186558813,4,4.330386619324305e-09,5.407107596065566e-10,`gtol` termination condition is satisfied.,True,True,0.0,0.009999999999999787,True,0.03443872631049438,0.03455121208790435,False,False,False,False,False,False,1.0,False,False,False,0.0010401290919696505,0.0037818275363287117,0.0010401332318926476,0.003781827964904622
2.7299999999999858,1786138338.86975,0.006200100004207343,0.0060471000033430755,0.01,TELEOP,0,,0.0,2.7299999999999858,273,-0.026742446096126683,0.04426156556662256,0.0,0.03549408712929683,0.041449943145034196,0.07557237111358785,0.9956459655502058,-0.024160642042129712,0.04268760173170828,0.0,0.03433897802037669,0.03988970146726103,0.07294673269054619,0.9959459927602213,-0.023248192612638923,-0.21259158159285194,0.27691833326017423,-0.11335395622103264,0.02455985347974294,0.03359206911237053,0.992682863304713,-0.023061124763271646,-0.21270542755781144,0.2769488381945467,-0.11340740314371714,0.02447322774220995,0.03348199323725976,0.9926826170357455,-0.02306112068688196,-0.21270542893888328,0.27694883782521834,-0.11340740320314491,0.024473227747385355,0.03348199297439789,0.9926826170376947,-0.022173471278216186,-0.21323382243283112,0.2770712382676015,-0.11391633963835585,0.023374958311341884,0.03205637675370485,0.992697873271,-0.022173471278216186,-0.21323382243283112,0.2770712382676015,-0.11391633963835585,0.023374958311341884,0.03205637675370485,0.992697873271,-0.13898610607267084,-0.6095074644763887,0.8257764046069382,-0.45342186575157917,0.48958681227850764,-0.3967515412943855,-0.12513420567366262,-0.6067825432366588,0.824614222225788,-0.4190985135266373,0.4850709029275177,-0.36483348862646486,-0.12513420567366262,-0.6067825432366588,0.824614222225788,-0.4190985135266373,0.4850709029275177,-0.36483348862646486,-0.12244839693547344,-0.030320403784695592,0.012977950712411743,-0.3205552513303426,0.030722987027947703,-0.2961383340348985,-0.028983086068647714,0.04623660428686157,-0.020105469485985034,0.07103980465120036,0.08608945287240147,0.04978515726652792,0.5,0.0,0.0,0.5,True,False,True,False,1,True,True,0.003279700002167374,4,4.319805058103128e-09,5.391052084942894e-10,`gtol` termination condition is satisfied.,True,True,0.0,0.009999999999999787,True,0.03432335222494187,0.03443872631049438,False,False,False,False,False,False,1.0,False,False,False,0.0010402418110452471,0.0037404959190762465,0.0010402459475345202,0.003740496346111709
2.7399999999999856,1786138338.8767464,0.006263599992962554,0.006780299998354167,0.01,TELEOP,0,,0.0,2.7399999999999856,274,-0.0270210069689252,0.044406822440677014,0.0,0.03559979409336562,0.041594727480739675,0.07581425798664189,0.9956177637990636,-0.024429366585875304,0.042849110483021126,0.0,0.034457477204417476,0.040049946635316795,0.07321623739323385,0.9959156925268288,-0.0233288099757626,-0.2125447799506325,0.2769057927979371,-0.11329403435201406,0.024657164960424468,0.033715591454268966,0.9926831039607997,-0.02314100525152564,-0.2126574883788823,0.2769359929302668,-0.11334634993882599,0.024572287226369716,0.033607797708259245,0.9926828917580935,-0.023141001185876562,-0.21265748975714494,0.2769359925599699,-0.11334634999808502,0.024572287231553316,0.03360779744620602,0.9926828917600709,-0.022249816821781832,-0.2131804720892465,0.277056921424745,-0.11384720236295308,0.023484683648453568,0.03219827390559493,0.9926986225967885,-0.022249816821781832,-0.2131804720892465,0.277056921424745,-0.11384720236295308,0.023484683648453568,0.03219827390559493,0.9926986225967885,-0.14023585446651882,-0.6097532815130373,0.8258820843310533,-0.4565017953574651,0.48999180347343874,-0.39961356243740787,-0.1263615218732993,-0.6070811103982712,0.8247419913719383,-0.42229668167654616,0.485386703229065,-0.3677896183121385,-0.1263615218732993,-0.6070811103982712,0.8247419913719383,-0.42229668167654616,0.485386703229065,-0.3677896183121385,-0.12273161996366745,-0.02985671616123381,0.012776914615033892,-0.31981681499088893,0.03158003015473056,-0.29561296856736735,-0.028322302819401568,0.046368762346178274,-0.020103609737785008,0.07384363394536872,0.0857043126782856,0.05253654675311202,0.5,0.0,0.0,0.5,True,False,True,False,1,True,True,0.003987699979916215,4,4.308854851822511e-09,5.374544035132753e-10,`gtol` termination condition is satisfied.,True,True,0.0,0.009999999999999787,True,0.03420511368091894,0.03432335222494187,False,False,False,False,False,False,1.0,False,False,False,0.0010403575735453223,0.0036990483593743752,0.0010403617060389656,0.0036990487848285064
2.7499999999999853,1786138338.8828816,0.007005399995250627,0.005909600004088134,0.01,TELEOP,0,,0.0,2.7499999999999853,275,-0.027300475013022255,0.044550326209418185,0.0,0.03570415317868271,0.04173781702754625,0.07605318244449018,0.9955898158959007,-0.02469910061481658,0.04300892764790427,0.0,0.03457464684405786,0.04020857868557303,0.07348286671289124,0.9958856020122745,-0.023409730184444984,-0.21249846849251905,0.2768933836801353,-0.11323477909573001,0.02475348828709242,0.03383779242072815,0.9926833097342042,-0.023221196000008326,-0.21261003493430397,0.276923277818114,-0.11328597236478428,0.02467034836781601,0.03373226469141911,0.9926831300548852,-0.023221191945424408,-0.21261003630960149,0.276923277446949,-0.11328597242386419,0.02467034837300704,0.03373226443019472,0.9926831300568906,-0.022326508133029548,-0.2131275898828555,0.2770427328206791,-0.1137787557934528,0.02359345905476449,0.03233888345805332,0.9926993200544723,-0.022326508133029548,-0.2131275898828555,0.2770427328206791,-0.1137787557934528,0.02359345905476449,0.03233888345805332,0.9926993200544723,-0.14148758214671303,-0.6099943422418072,0.8259857606389998,-0.45957122217353247,0.4904046606076757,-0.4024672632159329,-0.12759160380819828,-0.6073750277397737,0.8248677503758196,-0.42548718678963615,0.4857110337650571,-0.37074022083583796,-0.12759160380819828,-0.6073750277397737,0.8248677503758196,-0.42548718678963615,0.4857110337650571,-0.37074022083583796,-0.12300819348989915,-0.0293917341502532,0.012575900388129325,-0.3190505113089998,0.032433053599204856,-0.29506025236994393,-0.027657352623169353,0.046498201098060944,-0.020101422690456755,0.07663036818891383,0.08530234444743014,0.055271619742340114,0.5,0.0,0.0,0.5,True,False,True,False,1,True,True,0.0031820000149309635,4,4.297540861377941e-09,5.357596116472279e-10,`gtol` termination condition is satisfied.,True,True,0.0,0.009999999999999787,True,0.034084035383896316,0.03420511368091894,False,False,False,False,False,False,1.0,False,False,False,0.001040476050499186,0.0036574852752478044,0.0010404801784402386,0.00365748569908134
2.759999999999985,1786138338.8895092,0.00611899999785237,0.0064184000075329095,0.01,TELEOP,0,,0.0,2.759999999999985,276,-0.027580839195497975,0.04469207120756298,0.0,0.03580716287025488,0.041879204181668565,0.07628913659267969,0.9955621261288703,-0.02496983347992256,0.04316704691735841,0.0,0.03469048508213335,0.04036558923788443,0.07374661174611209,0.9958557258489872,-0.023490950043976777,-0.21245264904671912,0.27688110639663555,-0.11317619156934199,0.024848818653164476,0.033958668052460214,0.9926834816483574,-0.02330169384281146,-0.21256306909738135,0.2769106933600387,-0.11322627167816425,0.02476740604675573,0.03385538989299374,0.9926833329792392,-0.023301689799611745,-0.21256307046955725,0.2769106929881055,-0.11322627173705398,0.024767406051953586,0.03385538963261811,0.9926833329812726,-0.022403542244702382,-0.21307517755790192,0.27702867286953037,-0.11371100079972855,0.023701279822569307,0.032478200329333226,0.9926999668254574,-0.022403542244702382,-0.21307517755790192,0.27702867286953037,-0.11371100079972855,0.023701279822569307,0.032478200329333226,0.9926999668254574,-0.14274121734272888,-0.6102306347975893,0.8260874326912732,-0.4626298948606982,0.4908253267507564,-0.40531239808274844,-0.12882438456473438,-0.6076642825740525,0.8249914994787904,-0.42866975194935103,0.4860438526798949,-0.3736850243801104,-0.12882438456473438,-0.6076642825740525,0.8249914994787904,-0.42866975194935103,0.4860438526798949,-0.3736850243801104,-0.12327807565360936,-0.02892548342788184,0.012374910297072403,-0.31825651597148735,0.033281891483784534,-0.29448035442724757,-0.026988216371020536,0.04662507223713615,-0.020099009105692154,0.07939953375124358,0.0848837884579679,0.05798979426963845,0.5,0.0,0.0,0.5,True,False,True,False,1,True,True,0.003181500011123717,4,4.285868051627757e-09,5.340210735438295e-10,`gtol` termination condition is satisfied.,True,True,0.0,0.009999999999999787,True,0.03396014291134719,0.034084035383896316,False,False,False,False,False,False,1.0,False,False,False,0.00104059692135983,0.003615807159295499,0.0010406010441963538,0.0036158075814690773
2.769999999999985,1786138338.89613,0.006670600007055327,0.006368499976815656,0.01,TELEOP,0,,0.0,2.769999999999985,277,-0.027862088448054503,0.04483205183926159,0.0,0.035908821684362,0.04201888142655908,0.07652211264225285,0.9955346987451857,-0.02524155449273113,0.043323462049421224,0.0,0.034804990096798855,0.04052096999360511,0.074007463694763,0.9958260686347831,-0.023572466347819346,-0.21240732342201457,0.27686896143209955,-0.1131182728712936,0.024943151299324753,0.034078214437130924,0.9926836207204446,-0.02338249560190438,-0.212516592722166,0.27689824005283264,-0.11316724911531222,0.024863455192390367,0.03397716906883976,0.9926835015782404,-0.02338249157040225,-0.2125165940910636,0.2768982396802307,-0.11316724917400146,0.024863455197594315,0.03397716880933237,0.9926835015803017,-0.022480916177716335,-0.21302323684818827,0.27701474198287424,-0.11364393824014148,0.023808141269350106,0.03261621945834288,0.9927005640870841,-0.022480916177716335,-0.21302323684818827,0.27701474198287424,-0.11364393824014148,0.023808141269350106,0.03261621945834288,0.9927005640870841,-0.1439966879562849,-0.6104621476354153,0.8261870996860718,-0.465677564770348,0.4912537434778906,-0.40814872408964187,-0.130059796809556,-0.6079488624572897,0.8251132389357307,-0.4318441020459021,0.48638511648237126,-0.3766237588770097,-0.130059796809556,-0.6079488624572897,0.8251132389357307,-0.4318441020459021,0.48638511648237126,-0.3766237588770097,-0.1235412244821631,-0.028457988323726972,0.012173945694039625,-0.3174350096551113,0.034126380247632815,-0.29387344968992934,-0.026314882855374307,0.04674951041548656,-0.020096460303277747,0.082150631637605,0.08444887638482784,0.0606904737318235,0.5,0.0,0.0,0.5,True,False,True,False,1,True,True,0.003239199984818697,4,4.273841630519019e-09,5.322399681388837e-10,`gtol` termination condition is satisfied.,True,True,0.0,0.009999999999999787,True,0.03383346272444587,0.03396014291134719,False,False,False,False,False,False,1.0,False,False,False,0.0010407198751656948,0.003574014587454462,0.001040723992351257,0.00357401500793011
2.7799999999999847,1786138338.9021537,0.0065784000034909695,0.005814100004499778,0.01,TELEOP,0,,0.0,2.7799999999999847,278,-0.028144211667452925,0.04497026257831835,0.0,0.036009128168152285,0.042156841333438555,0.07675210290974148,0.9955075379505116,-0.02551425292577114,0.04347816686941281,0.0,0.034918160101108923,0.04067471273617631,0.07426541386600097,0.9957966349322007,-0.023654275877731352,-0.21236249340769017,0.27685694926596466,-0.11306102408148297,0.025036481513840744,0.03419642770936015,0.9926837279612132,-0.023463598087259396,-0.21247060764338327,0.27688591838810894,-0.113108905892513,0.02495849078329363,0.03409759802445983,0.992683636892732,-0.023463594067762678,-0.21247060900884596,0.27688591801493745,-0.11310890595099084,0.024958490788502895,0.03409759776583974,0.9926836368948212,-0.022558626941041514,-0.21297176947870916,0.277000940570667,-0.11357756896678518,0.023914038734292438,0.032752935804790835,0.9927011130119565,-0.022558626941041514,-0.21297176947870916,0.277000940570667,-0.11357756896678518,0.023914038734292438,0.032752935804790835,0.9927011130119565,-0.14525392156896208,-0.6106888695317876,0.8262847608586474,-0.4687139860039453,0.4916898508877825,-0.410976000948115,-0.1312977727892495,-0.6082287551771635,0.8252329690068353,-0.4350099638285604,0.48673478006801213,-0.37955615606910564,-0.1312977727892495,-0.6082287551771635,0.8252329690068353,-0.4350099638285604,0.48673478006801213,-0.37955615606910564,-0.12379759796934818,-0.027989271987373224,0.011973007110450695,-0.31658617826582647,0.034966358564087884,-0.2932397192095917,-0.02563734871850685,0.04687163363537468,-0.02009385835889297,0.08488313892848348,0.08399783164550699,0.06337304803376761,0.5,0.0,0.0,0.5,True,False,True,False,1,True,True,0.0031373000238090754,4,4.26146678752225e-09,5.304168572204211e-10,`gtol` termination condition is satisfied.,True,True,0.0,0.009999999999999787,True,0.03370402217538493,0.03383346272444587,False,False,False,False,False,False,1.0,False,False,False,0.0010408446115179838,0.003532108226389685,0.0010408487225118453,0.003532108645129845
2.7899999999999845,1786138338.9085546,0.006022799992933869,0.0061920000007376075,0.01,TELEOP,0,,0.0,2.7899999999999845,279,-0.02842719771595161,0.04510669796840994,0.0,0.03610808089923996,0.04229307656182002,0.07697909981715884,0.9954806479083609,-0.02578791801298601,0.04363115527017872,0.0,0.03502999334259963,0.040826809331707896,0.07452045367228824,0.9957674292678418,-0.023736375403895813,-0.21231816077346344,0.27684507037242523,-0.11300444626143427,0.025128804632877044,0.034313304050721305,0.9926838043747829,-0.023544998096977715,-0.21242511567636044,0.27687372885228306,-0.11305124320615416,0.0250525078477856,0.034216672615045136,0.9926837399571098,-0.023544994089788412,-0.21242511703823094,0.2768737284786407,-0.1130512432644101,0.025052507852999725,0.034216672357331154,0.9926837399592268,-0.022636671531586883,-0.21292077716707522,0.2769872690420751,-0.11351189383018094,0.024018967575283975,0.03288834434961028,0.9927016147673201,-0.022636671531586883,-0.21292077716707522,0.2769872690420751,-0.11351189383018094,0.024018967575283975,0.03288834434961028,0.9927016147673201,-0.1465128454499308,-0.6109107895859791,0.8263804154806944,-0.47173891547059876,0.4921335876210089,-0.4137939910880705,-0.13253824433077882,-0.6085039487426644,0.8253506899503051,-0.43816706596017796,0.4870927967406343,-0.38248194957171416,-0.13253824433077882,-0.6085039487426644,0.8253506899503051,-0.43816706596017796,0.4870927967406343,-0.38248194957171416,-0.12404715415293117,-0.02751935655010299,0.011772094346981966,-0.31571021316175646,0.0358016672622172,-0.2925793502608513,-0.024955618358298827,0.04699154372702355,-0.020091276346872793,0.08759651040699998,0.08353086981293187,0.06603689487403633,0.5,0.0,0.0,0.5,True,False,True,False,1,True,True,0.0032355999865103513,4,4.2487487543609465e-09,5.285524240954384e-10,`gtol` termination condition is satisfied.,True,True,0.0,0.009999999999999787,True,0.033571849510420804,0.03370402217538493,False,False,False,False,False,False,1.0,False,False,False,0.0010409708413825496,0.0034900888395717673,0.001040974945649663,0.0034900892565392335
2.7999999999999843,1786138338.9146707,0.006410800007870421,0.005897200026083738,0.01,TELEOP,0,,0.0,2.7999999999999843,280,-0.028711035421745912,0.045241352623300764,0.0,0.03620567848530574,0.0424275798600262,0.07720309589198956,0.9954540327394993,-0.02606253895015886,0.04378242121233025,0.0,0.03514048810287212,0.040977251729553806,0.07477257463140488,0.9957384561317173,-0.023818761685047665,-0.2122743272694148,0.276833325220414,-0.1129485404544689,0.02522011604080583,0.03442883968974004,0.9926838509584568,-0.023626692417415787,-0.21238011861695524,0.27686167192655364,-0.11299426223288946,0.025145501464303336,0.03433438874551644,0.9926838117991174,-0.023626688422830174,-0.21238011997507683,0.2768616715525384,-0.11299426229091279,0.025145501469521485,0.034334388488726914,0.9926838118012623,-0.022715046934090242,-0.21287026162473505,0.2769737278062039,-0.11344691368342745,0.02412292316637858,0.03302244009563496,0.9927020705144843,-0.022715046934090242,-0.21287026162473505,0.2769737278062039,-0.11344691368342745,0.02412292316637858,0.03302244009563496,0.9927020705144843,-0.14777338656378566,-0.6111278972212805,0.8264740628597618,-0.47475211294257214,0.4925848908789275,-0.41660245971445414,-0.1337811428426877,-0.6087744313754753,0.8254664020159126,-0.4413151390737607,0.487459118233165,-0.38540087493620767,-0.1337811428426877,-0.6087744313754753,0.8254664020159126,-0.4413151390737607,0.487459118233165,-0.38540087493620767,-0.1242898511908861,-0.027048263281077754,0.011571206560745019,-0.3148073113582727,0.03663214925306935,-0.2918925364493498,-0.02426970379549321,0.04710932690252332,-0.02008877862369468,0.09029018034837494,0.08304819908521484,0.06868138115015086,0.5,0.0,0.0,0.5,True,False,True,False,1,True,True,0.003179400024237111,4,4.2356930824004524e-09,5.266474924174615e-10,`gtol` termination condition is satisfied.,True,True,0.0,0.009999999999999787,True,0.03343697386881145,0.033571849510420804,False,False,False,False,False,False,1.0,False,False,False,0.0010410982877265642,0.0034479572921166787,0.0010411023847381622,0.003447957707275348
2.809999999999984,1786138338.9222598,0.0061338999948929995,0.007352499989792705,0.01,TELEOP,0,,0.0,2.809999999999984,281,-0.02899571357940923,0.04537422122705564,0.0,0.03630191956370012,0.04256034406570044,0.07742408376717823,0.995427696521356,-0.026338104895339144,0.04393195872448224,0.0,0.035249642697178014,0.041126031962881365,0.07502176836645881,0.9957097199765997,-0.023901431468601752,-0.21223099462591882,0.2768217142735833,-0.11289330768587584,0.025310411170514264,0.03454303090189195,0.9926838687025354,-0.023708677823312152,-0.2123356182414854,0.2768497480868836,-0.11293796412980261,0.02523746676176804,0.03445074237056402,0.9926838534396443,-0.023708673841620658,-0.21233561959570096,0.2768497477125931,-0.112937964187583,0.025237466766989528,0.03445074211471695,0.9926838534418169,-0.022793750121013902,-0.21282022455800237,0.2769603172727276,-0.11338262938582219,0.02422590089570787,0.03315521806850003,0.9927024814082913,-0.022793750121013902,-0.21282022455800237,0.2769603172727276,-0.11338262938582219,0.02422590089570787,0.03315521806850003,0.9927024814082913,-0.14903547157849,-0.6113401821862227,0.8265657023386972,-0.4777533411087294,0.4930436964431009,-0.4194011748618409,-0.1350263993170472,-0.6090401915028487,0.8255801054394054,-0.4444539158308988,0.48783369472777605,-0.3883126697142547,-0.1350263993170472,-0.6090401915028487,0.8255801054394054,-0.4444539158308988,0.48783369472777605,-0.3883126697142547,-0.12452564743595276,-0.026576012737340296,0.011370342349283353,-0.3138776757138116,0.0374576494611024,-0.2911794778047049,-0.023579624506665904,0.04722505437374577,-0.020086421146166673,0.09296356444611123,0.0825500208033046,0.0713058644644951,0.5,0.0,0.0,0.5,True,False,True,False,1,True,True,0.003710199991473928,4,4.222305102805626e-09,5.247028933415751e-10,`gtol` termination condition is satisfied.,True,True,0.0,0.009999999999999787,True,0.033299425277830585,0.03343697386881145,False,False,False,False,False,False,1.0,False,False,False,0.0010412266860028092,0.0034057145544672336,0.0010412307752362606,0.0034057149677816667
2.819999999999984,1786138338.9284346,0.007576000003609806,0.005951500002993271,0.01,TELEOP,0,,0.0,2.819999999999984,282,-0.02928122095033533,0.045505298534249575,0.0,0.03639680280104968,0.04269136210631101,0.0776420561811159,0.995401643287441,-0.026614604969270768,0.044079761903488154,0.0,0.035357455474006774,0.041273142149234346,0.07526802660589368,0.9956812252173821,-0.02398438149078124,-0.21218816455357598,0.2768102379902873,-0.1128387489630816,0.02539968550370847,0.03465587400959961,0.9926838585901305,-0.023790951077914724,-0.2122916163066587,0.2768379578039814,-0.11288235003456991,0.025328398919948467,0.034565729494686094,0.9926838658925233,-0.023790947109401932,-0.21229161765681148,0.2768379574295123,-0.11288235009209689,0.02532839892517249,0.03456572923979905,0.9926838658947236,-0.02287277805244781,-0.2127706676688979,0.27694703785242386,-0.11331904180596665,0.024327896163818762,0.033286673317741794,0.9927028485966272,-0.02287277805244781,-0.2127706676688979,0.27694703785242386,-0.11331904180596665,0.024327896163818762,0.033286673317741794,0.9927028485966272,-0.150299026873424,-0.6115476345557459,0.8266553332951297,-0.48074236562585765,0.4935099386952386,-0.42218990744691154,-0.1362739443321294,-0.6093012177519195,0.8256918004377164,-0.44758313098185154,0.488216474875388,-0.3912170735228302,-0.1362739443321294,-0.6093012177519195,0.8256918004377164,-0.44758313098185154,0.488216474875388,-0.3912170735228302,-0.12475450150821836,-0.026102624907073872,0.011169499831096085,-0.31292151509527094,0.038278014761192886,-0.2904403808575467,-0.022885407226559684,0.047338783026642406,-0.02008425181872678,0.095616061854067,0.08203653000904802,0.07390969471581614,0.5,0.0,0.0,0.5,True,False,True,False,1,True,True,0.003203700005542487,4,4.208590438559372e-09,5.22719382682553e-10,`gtol` termination condition is satisfied.,True,True,0.0,0.009999999999999787,True,0.03315923464400611,0.033299425277830585,False,False,False,False,False,False,1.0,False,False,False,0.0010413557844899087,0.0033633617049905985,0.0010413598654291068,0.0033633621164261412
2.8299999999999836,1786138338.9347572,0.006165999977383763,0.006107900000642985,0.01,TELEOP,0,,0.0,2.8299999999999836,283,-0.029567546263182077,0.045634579370174934,0.0,0.0364903268928662,0.04282062699964877,0.07785700597762513,0.9953758770267687,-0.026892028255821678,0.044225824914672585,0.0,0.03546392481467493,0.0414185744910898,0.07551134118349427,0.995652976230441,-0.024067608476746515,-0.2121458387431454,0.27679889682356346,-0.11278486527581903,0.025487934571214392,0.03476736538222857,0.9926838215969814,-0.023873508933108568,-0.21224811454950396,0.27682630154328247,-0.11282742106562295,0.02541829316982089,0.0346793461722262,0.9926838501643314,-0.023873504978053208,-0.21224811589543727,0.27682630116873097,-0.11282742112288625,0.02541829317504683,0.03467934591831638,0.9926838501665594,-0.022952127676019965,-0.21272159265581486,0.2769338899576177,-0.11325615182437532,0.02442890438241643,0.03341680091807131,0.9927031732199766,-0.022952127676019965,-0.21272159265581486,0.2769338899576177,-0.11325615182437532,0.02442890438241643,0.03341680091807131,0.9927031732199766,-0.15156397854753978,-0.6117502447323345,0.8267429551409703,-0.4837189551678882,0.4939835506376203,-0.42496843131883644,-0.13752370805578396,-0.6095574989453761,0.8258014872049407,-0.45070252142707234,0.4886074058146033,-0.39411382810983,-0.13752370805578396,-0.6095574989453761,0.8258014872049407,-0.45070252142707234,0.4886074058146033,-0.39411382810983,-0.12497637236545737,-0.0256281193456615,0.010968676722431063,-0.3119390445220794,0.03909309392153257,-0.2896754586999777,-0.02218708572390207,0.04745055614123727,-0.02008231086650223,0.09824705731915583,0.08150791603396818,0.07649221575690007,0.5,0.0,0.0,0.5,True,False,True,False,1,True,True,0.0031829999934416264,4,4.1945545886706464e-09,5.206978339957005e-10,`gtol` termination condition is satisfied.,True,True,0.0,0.009999999999999787,True,0.033016433740815865,0.03315923464400611,False,False,False,False,False,False,1.0,False,False,False,0.001041485344502664,0.003320899931574601,0.0010414894166380672,0.003320900341097158
2.8399999999999834,1786138338.9413593,0.006326800008537248,0.006383700005244464,0.01,TELEOP,0,,0.0,2.8399999999999834,284,-0.02985467821431639,0.04576205863104567,0.0,0.03658249056315916,0.04294813185431822,0.07806892610594343,0.9953504016832893,-0.02717036380241491,0.04437014199206107,0.0,0.035569049132917606,0.041562321276408666,0.07575170403838989,0.9956249773530077,-0.02415110914072448,-0.2121040188654782,0.2767876912211149,-0.11273165759629569,0.025575153953275337,0.034877501436082925,0.9926837586912732,-0.023956348129544083,-0.21220511468730271,0.27681477976493096,-0.11277317832231053,0.025507144793925306,0.03479158850740918,0.9926838072541917,-0.023956344188218903,-0.21220511602886027,0.27681477939039245,-0.11277317837929984,0.025507144799152434,0.03479158825449343,0.9926838072564473,-0.023031795926815608,-0.21267300121401764,0.27692087400253573,-0.113193960335606,0.024528920973488993,0.033545595970797315,0.9927034564110179,-0.023031795926815608,-0.21267300121401764,0.27692087400253573,-0.113193960335606,0.024528920973488993,0.033545595970797315,0.9927034564110179,-0.15283025242761566,-0.6119480034471063,0.8268285673219522,-0.48668288147296734,0.49446446391400134,-0.4277365233075174,-0.13877562024949391,-0.6098090240984179,0.8259091659090423,-0.4538118262799546,0.4890064331901299,-0.39700267742011924,-0.13877562024949391,-0.6098090240984179,0.8259091659090423,-0.4538118262799546,0.4890064331901299,-0.39700267742011924,-0.12519121937099684,-0.025152515304168996,0.010767870410153106,-0.3109304852882221,0.03990273755265348,-0.28888493102892915,-0.021484700553946308,0.04756040414925049,-0.020080631227795683,0.100855923385731,0.08096436311209083,0.0790527671048554,0.5,0.0,0.0,0.5,True,False,True,False,1,True,True,0.003457200014963746,4,4.180203338570123e-09,5.186388674805919e-10,`gtol` termination condition is satisfied.,True,True,0.0,0.009999999999999787,True,0.032871055193012755,0.033016433740815865,False,False,False,False,False,False,1.0,False,False,False,0.0010416151404810847,0.003278330532302464,0.0010416192033100994,0.0032783309398786067
2.849999999999983,1786138338.947814,0.006682800012640655,0.00615460000699386,0.01,TELEOP,0,,0.0,2.849999999999983,285,-0.03014260546826049,0.045887731284198846,0.0,0.036673292564051316,0.04307386987022195,0.07827780962070538,0.9953252211553264,-0.027449600620461048,0.044512707438607246,0.0,0.03567282687448216,0.041704374879179974,0.07598910721505552,0.9955972328825441,-0.024234880186138324,-0.21206270657145157,0.27677662162529304,-0.11267912687936124,0.02566133927984605,0.0349862786343996,0.9926836708334562,-0.024039465396765682,-0.21216261841752157,0.27680339292376177,-0.11271962288506,0.025594949126717913,0.034902452654376,0.9926837381535771,-0.024039461469437567,-0.21216261975454742,0.2768033925493307,-0.11271962294176525,0.02559494913194539,0.034902452402470634,0.9926837381558604,-0.023111779727305225,-0.21262489503598297,0.2769079904035768,-0.11313246824993478,0.024627941368791186,0.03367305360537534,0.992703699294257,-0.023111779727305225,-0.21262489503598297,0.2769079904035768,-0.11313246824993478,0.024627941368791186,0.03367305360537534,0.992703699294257,-0.15409777407661823,-0.612140901760861,0.8269121693171961,-0.4896339193883917,0.4949526088309804,-0.43049396326970363,-0.14002961027308308,-0.6100557824169175,0.8260148366892476,-0.45691078693057186,0.4894135011707573,-0.39988336766183985,-0.14002961027308308,-0.6100557824169175,0.8260148366892476,-0.45691078693057186,0.4894135011707573,-0.39988336766183985,-0.12539900235891677,-0.024675831849962648,0.010567078020524963,-0.30989606506172934,0.04070679806274523,-0.2880690241720631,-0.020778298791993,0.04766834542063482,-0.020079238962814324,0.10344202264927493,0.08040605100917501,0.08159068568660509,0.5,0.0,0.0,0.5,True,False,True,False,1,True,True,0.0032928999862633646,4,4.165542329632173e-09,5.165436423815112e-10,`gtol` termination condition is satisfied.,True,True,0.0,0.009999999999999787,True,0.032723132457819826,0.032871055193012755,False,False,False,False,False,False,1.0,False,False,False,0.0010417449599709639,0.0032356549152881397,0.0010417490129978801,0.003235655320885614
2.859999999999983,1786138338.9549632,0.006370999995851889,0.006933399999979883,0.01,TELEOP,0,,0.0,2.859999999999983,286,-0.030431316658139387,0.04601159236829331,0.0,0.03676273167539768,0.04319783433903824,0.07848364968192284,0.9953003392950216,-0.02772972768579214,0.04465351562641733,0.0,0.035775256516724266,0.04184472775995884,0.07622354286331098,0.9955697470761266,-0.024318918305737652,-0.21202190349190395,0.27676568847307953,-0.11262727406267396,0.02574648623088374,0.03509369348734256,0.9926835589760671,-0.024122857453340866,-0.21212062741774546,0.2767921414692824,-0.11266675581553806,0.02568170155491997,0.03501193481721738,0.9926836438461153,-0.02412285354027063,-0.21212062875008403,0.2767921410950524,-0.1126667558719492,0.02568170156014713,0.035011934566338485,0.992683643848426,-0.02319207598728213,-0.21257727581159588,0.27689523957950396,-0.11307167649459696,0.024725961009661637,0.03379916898106104,0.9927039029856988,-0.02319207598728213,-0.21257727581159588,0.27689523957950396,-0.11307167649459696,0.024725961009661637,0.03379916898106104,0.9927039029856988,-0.1553664688021591,-0.6123289310650875,0.8269937606388124,-0.49257184691337336,0.49544791437981617,-0.43324053413294195,-0.14128560709004728,-0.61029776329671,0.8261184996540855,-0.4599991471101849,0.48982855246695095,-0.40275564737279973,-0.14128560709004728,-0.61029776329671,0.8261184996540855,-0.4599991471101849,0.48982855246695095,-0.40275564737279973,-0.12559968169642094,-0.02419808797925046,0.010366296483790092,-0.3088360179613085,0.041505129619362875,-0.28722797109598985,-0.020067933750416805,0.047774387071218935,-0.02007815367348714,0.10600471004208467,0.07983315566176495,0.0841053076073244,0.5,0.0,0.0,0.5,True,False,True,False,1,True,True,0.004120099998544902,4,4.1505774082413315e-09,5.144126752691124e-10,`gtol` termination condition is satisfied.,True,True,0.0,0.009999999999999787,True,0.03257269980318844,0.032723132457819826,False,False,False,False,False,False,1.0,False,False,False,0.0010418746035060456,0.003192874597756309,0.0010418786462423949,0.0031928750013430563
2.869999999999983,1786138338.9610374,0.007160199980717152,0.005847100022947416,0.01,TELEOP,0,,0.0,2.869999999999983,287,-0.030720800386129666,0.046133636993505533,0.0,0.03685080670440788,0.04332001864469208,0.07868643955496442,0.995275759907786,-0.02801073393909698,0.0447925609969719,0.0,0.035876336568206324,0.0419833724663979,0.07645500323831808,0.9955425241498332,-0.0244032201817291,-0.21198161123757056,0.2767548921960697,-0.11257610006686632,0.0258305905366355,0.03519974255199577,0.9926834240635515,-0.024206521006989758,-0.2120791433456115,0.27678102584565534,-0.11261457815681081,0.0257673975178628,0.03512003125000624,0.9926835253073957,-0.02420651710843234,-0.21207914467310787,0.2767810254717189,-0.11261457821291779,0.025767397523088695,0.03512003100016945,0.9926835253097338,-0.023272681603809783,-0.21253014522820915,0.27688262195156,-0.11301158601461953,0.024822975347149875,0.03392393728864663,0.9927040685925544,-0.023272681603809783,-0.21253014522820915,0.27688262195156,-0.11301158601461953,0.024822975347149875,0.03392393728864663,0.9927040685925544,-0.156636261665054,-0.6125120830829227,0.8270733408315252,-0.49549644523964276,0.49595030825867525,-0.43597602193737456,-0.1425435392734798,-0.6105349563239241,0.8262201548800302,-0.4630766529562848,0.4902515283481265,-0.40561926748676697,-0.1425435392734798,-0.6105349563239241,0.8262201548800302,-0.4630766529562848,0.4902515283481265,-0.40561926748676697,-0.12579321834325163,-0.02371930272140505,0.010165522594474051,-0.3077505846099896,0.04229758811755785,-0.28636201139672324,-0.019353664683070586,0.04787852578454057,-0.02007738893160398,0.1085433351318869,0.07924584981949713,0.08659596992666349,0.5,0.0,0.0,0.5,True,False,True,False,1,True,True,0.0031402999884448946,4,4.135314376551835e-09,5.122467854115613e-10,`gtol` termination condition is satisfied.,True,True,0.0,0.009999999999999787,True,0.03241979228335795,0.03257269980318844,False,False,False,False,False,False,1.0,False,False,False,0.0010420038844032333,0.0031499912044426286,0.0010420079163677867,0.0031499916059876815
2.8799999999999826,1786138338.9673688,0.006061600026441738,0.006117300014011562,0.01,TELEOP,0,,0.0,2.8799999999999826,288,-0.03101104522390944,0.0462538603417227,0.0,0.036937516485272076,0.043440416263819365,0.07888617261053318,0.9952514867517595,-0.028292608286357792,0.04492983806134498,0.0,0.0359760655682985,0.04212030163377252,0.07668348070057579,0.995515568278141,-0.02448778248590735,-0.21194183139902004,0.276744233220455,-0.11252560579570978,0.02591364797792244,0.03530442243235575,0.9926832670320895,-0.024290452754715083,-0.21203816783874388,0.2767700464916807,-0.11256309093350315,0.025852032507828984,0.035226738256828975,0.9926833835047785,-0.02429044887091937,-0.21203816916124368,0.2767700461181296,-0.11256309098929612,0.025852032513053166,0.03522673800804947,0.9926833835071441,-0.023353593461179014,-0.21248350497057628,0.27687013794351367,-0.11295219777326984,0.024918979842429294,0.03404735375226114,0.9927041972129811,-0.023353593461179014,-0.21248350497057628,0.27687013794351367,-0.11295219777326984,0.024918979842429294,0.03404735375226114,0.9927041972129811,-0.15790707748797575,-0.6126903498700703,0.8271509094723296,-0.4984074987898779,0.49645971689529544,-0.438700215875365,-0.14380333501256026,-0.6107673512762741,0.8263198024107038,-0.466143053077943,0.4906823686596706,-0.4084739813994911,-0.14380333501256026,-0.6107673512762741,0.8263198024107038,-0.466143053077943,0.4906823686596706,-0.4084739813994911,-0.12597957390804732,-0.023239495235000632,0.009964753067364693,-0.306640012165819,0.04308403115440645,-0.2854713912724116,-0.018635556479567005,0.04798074864044175,-0.020076952710935857,0.11105724441706026,0.07864430368485996,0.08906201243116299,0.5,0.0,0.0,0.5,True,False,True,False,1,True,True,0.0033054999948944896,4,4.1197591281445895e-09,5.10047010917009e-10,`gtol` termination condition is satisfied.,True,True,0.0,0.009999999999999787,True,0.032264445711934875,0.03241979228335795,False,False,False,False,False,False,1.0,False,False,False,0.0010421326284798878,0.003107006465399497,0.0010421366491989625,0.0031070068648720987
2.8899999999999824,1786138338.9735637,0.00637529999949038,0.005936700006714091,0.01,TELEOP,0,,0.0,2.8899999999999824,289,-0.031302039713109464,0.04637225766673286,0.0,0.03702285987879056,0.04355902076622442,0.07908284232464349,0.9952275235372757,-0.02857533959928828,0.04506534140042036,0.0,0.036074442086782336,0.04225550798549938,0.07690896771591353,0.9954888835933264,-0.024572601879786493,-0.21190256554659165,0.2767337119670067,-0.1124757921362782,0.02599565438642047,0.03540772977932343,0.9926830888094211,-0.024374649382932528,-0.21199770251468913,0.27675920384077873,-0.11251229515195732,0.025935602070389804,0.03533205219181565,0.9926832193972054,-0.02437464551414143,-0.21199770383203864,0.2767592034677036,-0.11251229520742645,0.02593560207561128,0.035332051944108336,0.9926832193995985,-0.02343480843087557,-0.2124373567206713,0.2768577879816394,-0.11289351275214592,0.025013969967468262,0.03416941363121564,0.9927042899358532,-0.02343480843087557,-0.2124373567206713,0.2768577879816394,-0.11289351275214592,0.025013969967468262,0.03416941363121564,0.9927042899358532,-0.1591788408642062,-0.612863723815674,0.8272264661701809,-0.5013047952539585,0.4969760654700555,-0.44141290832895835,-0.14506492211957603,-0.6109949381252296,0.8264174422565954,-0.4691980986212409,0.4911210118397692,-0.41131954503427615,-0.14506492211957603,-0.6109949381252296,0.8264174422565954,-0.4691980986212409,0.4911210118397692,-0.41131954503427615,-0.12615871070157528,-0.022758684895556047,0.009763984589165636,-0.3055045543297893,0.04386431800986212,-0.2845563634785074,-0.017913679352795503,0.048081033944458666,-0.020076847819905635,0.11354578360296824,0.0780286855455672,0.0915027793904256,0.5,0.0,0.0,0.5,True,False,True,False,1,True,True,0.0032210999925155193,4,4.103917557970573e-09,5.078138630878711e-10,`gtol` termination condition is satisfied.,True,True,0.0,0.009999999999999787,True,0.032106696632717646,0.032264445711934875,False,False,False,False,False,False,1.0,False,False,False,0.0010422606737053234,0.0030639222132834523,0.0010422646827127787,0.0030639226106539807
2.899999999999982,1786138338.9796746,0.006148199987364933,0.005899599986150861,0.01,TELEOP,0,,0.0,2.899999999999982,290,-0.031593772365765584,0.04648882429441237,0.0,0.037106835772007,0.04367582581533059,0.07927644227859637,0.995203873926336,-0.02885891671577304,0.04519906566510527,0.0,0.03617146472345721,0.04238898433364873,0.07713145685548292,0.9954624741848747,-0.02465767501473192,-0.21186381523033343,0.2767233288510589,-0.11242665995911068,0.026076605644937568,0.03550966129069538,0.9926828903146749,-0.024459107567601564,-0.21195774897085265,0.276748498320973,-0.11246219180039072,0.026018101804738722,0.035435969459169006,0.9926830339350116,-0.02445910371405205,-0.21195775028289893,0.27674849794846346,-0.11246219185552654,0.026018101809956715,0.03543596921254831,0.9926830339374321,-0.023516323371557898,-0.21239170215740227,0.2768455724946383,-0.11283553195093561,0.025107941205939142,0.03429011222187727,0.992704347840564,-0.023516323371557898,-0.21239170215740227,0.2768455724946383,-0.11283553195093561,0.025107941205939142,0.03429011222187727,0.992704347840564,-0.1604514761664765,-0.6130321976431441,0.82730001056571,-0.5041881256230382,0.49749927793942705,-0.4441138949051575,-0.14632822803744394,-0.6112177070389799,0.8265130743952538,-0.4722415433345542,0.49156739493610724,-0.4141557169069325,-0.14632822803744394,-0.6112177070389799,0.8265130743952538,-0.4722415433345542,0.49156739493610724,-0.4141557169069325,-0.12633059178679157,-0.022276891375033633,0.009563213865842524,-0.30434447133133274,0.04463830963380268,-0.28361718726563273,-0.017188108521628415,0.048179352052241574,-0.020077072332311183,0.11600829984565603,0.07739916239405589,0.09391762128746622,0.5,0.0,0.0,0.5,True,False,True,False,1,True,True,0.003183699998771772,4,4.0877955717996785e-09,5.055484846412087e-10,`gtol` termination condition is satisfied.,True,True,0.0,0.009999999999999787,True,0.03194658228848396,0.032106696632717646,False,False,False,False,False,False,1.0,False,False,False,0.0010423878697938753,0.003020740380201557,0.001042391866631298,0.0030207407754410534
2.909999999999982,1786138338.9868999,0.0061080000014044344,0.0070167999947443604,0.01,TELEOP,0,,0.0,2.909999999999982,291,-0.03188623166477218,0.046603555622910346,0.0,0.03718944307784554,0.043790825168624176,0.07946696615895406,0.9951805415320892,-0.029143328440308272,0.04533100557654125,0.0,0.03626713210774953,0.04252072357945004,0.07735094079574745,0.9954363440988941,-0.02474299853209249,-0.21182558197994114,0.27671308428249225,-0.11237821011837294,0.026156497687687724,0.03561021371115444,0.9926826724581984,-0.02454382397435666,-0.21191830878443554,0.2767379303548732,-0.11241278184905279,0.026099527364021036,0.03553848651319251,0.9926828280597402,-0.024543820136279655,-0.21191831009102646,0.27673792998301755,-0.11241278190384571,0.026099527369234796,0.0355384862676725,0.992682828062188,-0.023598135129044965,-0.21234654295623173,0.2768334919135019,-0.11277825638687128,0.025200889054336862,0.03440944485955562,0.9927043719968526,-0.023598135129044965,-0.21234654295623173,0.2768334919135019,-0.11277825638687128,0.025200889054336862,0.03440944485955562,0.9927043719968526,-0.16172490755590258,-0.6131957644109424,0.8273715423309703,-0.5070572842214489,0.4980292770597983,-0.44680297446904005,-0.14759317984770104,-0.611435648386112,0.826606698771911,-0.4752731436334726,0.4920214536224983,-0.4169822581899376,-0.14759317984770104,-0.611435648386112,0.826606698771911,-0.4752731436334726,0.4920214536224983,-0.4169822581899376,-0.12649518102571078,-0.02179413471319919,0.009362437665714351,-0.303160029891843,0.0454058686391046,-0.28265412830051584,-0.016458923891919896,0.048275666183444255,-0.020077620012817304,0.11844414394897354,0.07675590053019209,0.09630589651169151,0.5,0.0,0.0,0.5,True,False,True,False,1,True,True,0.004201700008707121,4,4.07139921394219e-09,5.032514731517324e-10,`gtol` termination condition is satisfied.,True,True,0.0,0.009999999999999787,True,0.031784140587976295,0.03194658228848396,False,False,False,False,False,False,1.0,False,False,False,0.0010425140777506464,0.0029774629941941104,0.0010425180619675015,0.0029774633872740536
2.9199999999999817,1786138338.9929917,0.007227599999168888,0.005880899989278987,0.01,TELEOP,0,,0.0,2.9199999999999817,292,-0.032179406064336925,0.0467164471228304,0.0,0.03727068073475178,0.0439040126780914,0.07965440775751334,0.9951575299183191,-0.029428563544443852,0.04546115592631229,0.0,0.036361442898324936,0.042650718713791114,0.07756741231847064,0.9954104973375384,-0.024828569063333167,-0.21178786730469784,0.27670297866571797,-0.11233044345201762,0.026235326500561276,0.035709383832259765,0.9926824361413888,-0.024628795258638925,-0.21187938351237262,0.27672750035965876,-0.11236406625038095,0.026179874455659547,0.03563959985831722,0.9926826027039585,-0.024628791436259415,-0.211879384813357,0.2767274999885441,-0.11236406630482162,0.026179874460868273,0.03563959961391148,0.9926826027064336,-0.023680240536314522,-0.2123018807887126,0.276821546671326,-0.1127216870939056,0.025292809023286036,0.0345274069203876,0.9927043634646567,-0.023680240536314522,-0.2123018807887126,0.276821546671326,-0.1127216870939056,0.025292809023286036,0.0345274069203876,0.9927043634646567,-0.1629990589910086,-0.6133544175133158,0.8274410611692113,-0.5099120687364311,0.4985659844116521,-0.4494799491746997,-0.14885970427893191,-0.6116487527399219,0.8266983153004945,-0.4782926586651406,0.4924831222155036,-0.41979893277564206,-0.14885970427893191,-0.6116487527399219,0.8266983153004945,-0.4782926586651406,0.4924831222155036,-0.41979893277564206,-0.12665244312308735,-0.02131043538099078,0.009161652858363428,-0.3019515031667995,0.04616685930053605,-0.2816674585704465,-0.015726209737658196,0.04836993322084116,-0.020078480735092354,0.12085267250434989,0.07609906614314549,0.09866697300693247,0.5,0.0,0.0,0.5,True,False,True,False,1,True,True,0.0031627000134903938,4,4.05473445996278e-09,5.009239704649605e-10,`gtol` termination condition is satisfied.,True,True,0.0,0.009999999999999787,True,0.031619410071290543,0.031784140587976295,False,False,False,False,False,False,1.0,False,False,False,0.001042639169377509,0.0029340921754233045,0.0010426431405312342,0.002934092566316121
2.9299999999999815,1786138338.9993258,0.006110399990575388,0.006104700005380437,0.01,TELEOP,0,,0.0,2.9299999999999815,293,-0.032473283990436495,0.04682749433740941,0.0,0.03735054770633787,0.04401538229064859,0.07983876097127814,0.9951348425989394,-0.02971461076722667,0.045589511576650185,0.0,0.03645439578270354,0.042778962817710695,0.07778086431070272,0.9953849378584342,-0.024914383230168008,-0.21175067269341438,0.2766930123996618,-0.1122833607819435,0.026313088121391947,0.03580716849243631,0.9926821822565277,-0.024714018065828125,-0.21184097469127097,0.27671720874706235,-0.11231604593915556,0.026259138841676282,0.03573930604912762,0.9926823587910758,-0.024714014259365105,-0.2118409759864985,0.2767172083767748,-0.11231604599323466,0.026259138846879235,0.035739305805849525,0.992682358793578,-0.023762636413511114,-0.21225771732194917,0.27680973720308005,-0.11266582512163721,0.025383696639012517,0.03464399382320769,0.9927043232939892,-0.023762636413511114,-0.21225771732194917,0.27680973720308005,-0.11266582512163721,0.025383696639012517,0.03464399382320769,0.9927043232939892,-0.1642738542368355,-0.6135081506809859,0.8275085668146757,-0.5127522802457026,0.49910932042407774,-0.45214462449402903,-0.1501277277156012,-0.6118570108832828,0.8267879238649891,-0.4812998503718124,0.49295233369109587,-0.42260550733835994,-0.1501277277156012,-0.6118570108832828,0.8267879238649891,-0.4812998503718124,0.49295233369109587,-0.42260550733835994,-0.12680234366692977,-0.020825814336091503,0.008960856449458925,-0.30071917066717874,0.046921147559223414,-0.2806574562717891,-0.014990054384242854,0.04846210448992775,-0.020079640890450362,0.12323324996207595,0.07542882586873638,0.1010002298657368,0.5,0.0,0.0,0.5,True,False,True,False,1,True,True,0.003355399996507913,4,4.0378073185154505e-09,4.985663913001608e-10,`gtol` termination condition is satisfied.,True,True,0.0,0.009999999999999787,True,0.03145242987389024,0.031619410071290543,False,False,False,False,False,False,1.0,False,False,False,0.0010427630267478834,0.002890630132144442,0.00104276698440402,0.0028906305208227893
2.9399999999999813,1786138339.005425,0.006315200007520616,0.005888499988941476,0.01,TELEOP,0,,0.0,2.9399999999999813,294,-0.0327678538412736,0.046936692882693504,0.0,0.03742904298103151,0.044124928048565486,0.08002001980243101,0.9951124830374964,-0.03000145881564526,0.04571606746063718,0.0,0.036545989476878364,0.042905449062884446,0.07799128976476574,0.9953596695741177,-0.025000437644693587,-0.21171399961437082,0.2766831858777481,-0.11223696291415348,0.026389778640220275,0.035903564576963955,0.9926819116866162,-0.024799489031375122,-0.21180308383734944,0.27670705592335354,-0.1122687218326541,0.026337316339010278,0.03583760169038667,0.9926820972351634,-0.024799485241041697,-0.21180308512667084,0.27670705555397773,-0.11226872188636264,0.026337316344206642,0.03583760144824909,0.9926820972376929,-0.023845319567964183,-0.21221405421799439,0.276798063945334,-0.11261067153401072,0.02547354744495706,0.03475920103139182,0.9927042525248333,-0.023845319567964183,-0.21221405421799439,0.276798063945334,-0.11261067153401072,0.02547354744495706,0.03475920103139182,0.9927042525248333,-0.1655492168741387,-0.6136569579817939,0.8275740590324415,-0.5155777232428657,0.4996592043996186,-0.4547968092433404,-0.15139717620726012,-0.6120604138139922,0.8268755243211053,-0.48429448355342164,0.49342901970142017,-0.4254017513951915,-0.15139717620726012,-0.6120604138139922,0.8268755243211053,-0.48429448355342164,0.49342901970142017,-0.4254017513951915,-0.12694484916589222,-0.020340293070938778,0.00876004561162374,-0.2994633181609231,0.047668601032428905,-0.2796244056831543,-0.014250549896244885,0.04855212651527248,-0.020081083783518368,0.1255852506255678,0.07474534732054908,0.1033050588634866,0.5,0.0,0.0,0.5,True,False,True,False,1,True,True,0.003189500013832003,4,4.0206237869391375e-09,4.961798621558315e-10,`gtol` termination condition is satisfied.,True,True,0.0,0.009999999999999787,True,0.03128323968944402,0.03145242987389024,False,False,False,False,False,False,1.0,False,False,False,0.0010428855416583463,0.002847079156523053,0.0010428894853905509,0.0028470795429605907
2.949999999999981,1786138339.0115101,0.006095499993534759,0.005878399999346584,0.01,TELEOP,0,,0.0,2.949999999999981,295,-0.033063103987734876,0.04704403844771107,0.0,0.03750616557172937,0.0442326440898816,0.08019817835830391,0.9950904546466787,-0.0302890963650757,0.04584081858240577,0.0,0.036636222724936864,0.04303017071210423,0.07819868177823697,0.9953346963514745,-0.025086728909522717,-0.21167784951525837,0.2766734994878846,-0.1121912506389112,0.026465394199553537,0.03599856901796583,0.9926816253052124,-0.024885204780934703,-0.21176571244637876,0.2766970422893229,-0.11222209483080378,0.026414402819831234,0.03593448343705947,0.992681818940777,-0.024885201006938012,-0.2117657137296458,0.27669704192094224,-0.11222209488413283,0.026414402825020195,0.0359344831960749,0.9926818189433336,-0.023928286794215502,-0.2121708931331907,0.2767865273359513,-0.11255622740781852,0.02556235700350959,0.03487302405466476,0.9927041521870589,-0.023928286794215502,-0.2121708931331907,0.2767865273359513,-0.11255622740781852,0.02556235700350959,0.03487302405466476,0.9927041521870589,-0.16682507030866253,-0.6138008338212934,0.8276375376182672,-0.5183882056606812,0.5002155545394037,-0.4574363156078536,-0.1526679754780961,-0.6122589527505266,0.8269611164982199,-0.48727632592897496,0.49391311059170345,-0.4281874373654306,-0.1526679754780961,-0.6122589527505266,0.8269611164982199,-0.48727632592897496,0.49391311059170345,-0.4281874373654306,-0.1270799270835973,-0.019853893653430772,0.00855921771146194,-0.29818423755533197,0.04840908902832617,-0.2785685970239068,-0.013507791770510138,0.04863994175080061,-0.020082790016180022,0.12790806055911025,0.07404879958972625,0.10558086592475091,0.5,0.0,0.0,0.5,True,False,True,False,1,True,True,0.0031728000030852854,4,4.003189934902965e-09,4.937651564068593e-10,`gtol` termination condition is satisfied.,True,True,0.0,0.009999999999999787,True,0.03111187973170626,0.03128323968944402,False,False,False,False,False,False,1.0,False,False,False,0.0010430066150637237,0.0028034416203708413,0.0010430105444539954,0.0028034420045417964
2.959999999999981,1786138339.0178852,0.006089500006055459,0.006163999991258606,0.01,TELEOP,0,,0.0,2.959999999999981,296,-0.033359022773850104,0.04714952679464302,0.0,0.03758191451545459,0.04433852464881574,0.08037323085134827,0.9950687607878339,-0.030577512059728747,0.04596376001733573,0.0,0.03672509429868602,0.04315312111975089,0.07840303355393134,0.9953100220111912,-0.025173253617918633,-0.21164222382312242,0.276663953612447,-0.11214622473089633,0.026539930994622204,0.036092178794396565,0.9926813239762705,-0.02497116193049879,-0.21172886199362273,0.27668716824026623,-0.11217616581633368,0.026490394211849233,0.03602994799433637,0.9926815248027802,-0.024971158173040135,-0.21172886327068863,0.2766871678729629,-0.1121761658692742,0.026490394217029926,0.036029947754516935,0.9926815248053639,-0.02401153487405615,-0.21212823571746445,0.27677512781374913,-0.11250249383102824,0.025650120897843805,0.034985458450861345,0.9927040233003533,-0.02401153487405615,-0.21212823571746445,0.27677512781374913,-0.11250249383102824,0.025650120897843805,0.034985458450861345,0.9927040233003533,-0.1681013377805003,-0.6139397729432954,0.8276990023984816,-0.5211835388922018,0.5007782879685918,-0.46006295916404116,-0.15394005093679577,-0.6124526191381328,0.827044700201549,-0.49024514819658793,0.4944045354173582,-0.4309623406284179,-0.15394005093679577,-0.6124526191381328,0.827044700201549,-0.49024514819658793,0.4944045354173582,-0.4309623406284179,-0.1272075458699671,-0.019366638760623226,0.008358370332910732,-0.29688222676129516,0.049142482565471456,-0.2774903262987275,-0.012761878636980325,0.048725489280754465,-0.02008473785512088,0.13020107940367917,0.07333935371452872,0.10782707251793255,0.5,0.0,0.0,0.5,True,False,True,False,1,True,True,0.003442700020968914,4,3.985511838846354e-09,4.913230038001504e-10,`gtol` termination condition is satisfied.,True,True,0.0,0.009999999999999787,True,0.030938390695613882,0.03111187973170626,False,False,False,False,False,False,1.0,False,False,False,0.0010431261565025246,0.0027597199708607914,0.0010431300711413027,0.002759720352739869
2.9699999999999807,1786138339.0240583,0.006401399994501844,0.005935499997576699,0.01,TELEOP,0,,0.0,2.9699999999999807,297,-0.0336555985172523,0.047253153758990044,0.0,0.03765628887301876,0.04444256405616851,0.08054517159910432,0.9950474047704944,-0.030866694513098213,0.04608488691224837,0.0,0.03681260299728068,0.04327429373226019,0.07860433839988216,0.9952856503272092,-0.025260008353929473,-0.2116071239443061,0.2766545486282637,-0.11210188594935873,0.026613385273632766,0.03618439093202966,0.9926810085539827,-0.02505735708653003,-0.21169253393377988,0.27667743416596874,-0.11213093565492513,0.02656528649862028,0.03612399211765483,0.9926812157061707,-0.025057353345804823,-0.2116925352044987,0.2766774337998232,-0.11213093570746863,0.026565286503791998,0.036123991879012315,0.9926812157087813,-0.024095060576572333,-0.21208608361358172,0.2767638658181337,-0.11244947190096298,0.025736834733831676,0.03509649982763375,0.9927038668741686,-0.024095060576572333,-0.21208608361358172,0.2767638658181337,-0.11244947190096298,0.025736834733831676,0.03509649982763375,0.9927038668741686,-0.16937794237352957,-0.614073770430374,0.8277584532299023,-0.523963537809794,0.5013473207620773,-0.46267655889986026,-0.15521332768669224,-0.6126414046551901,0.8271262752145198,-0.4932007240919915,0.49490322196132447,-0.4337262395797079,-0.15521332768669224,-0.6126414046551901,0.8271262752145198,-0.4932007240919915,0.49490322196132447,-0.4337262395797079,-0.1273276749896461,-0.018878551705738843,0.008157501297080188,-0.2955575895403581,0.04986865439662602,-0.27638989512900186,-0.012012911967899017,0.0488087054884384,-0.02008690358305448,0.13246372209370547,0.07261718311545659,0.11004311697256353,0.5,0.0,0.0,0.5,True,False,True,False,1,True,True,0.0031919000030029565,4,3.967595492332035e-09,4.888542979159358e-10,`gtol` termination condition is satisfied.,True,True,0.0,0.009999999999999787,True,0.030762813717802484,0.030938390695613882,False,False,False,False,False,False,1.0,False,False,False,0.0010432440835193544,0.002715916726288021,0.0010432479830054149,0.002715917105850474
2.9799999999999804,1786138339.0305066,0.006145100021967664,0.006238900008611381,0.01,TELEOP,0,,0.0,2.9799999999999804,298,-0.033952819509638944,0.04735491524973702,0.0,0.037729287728688304,0.04454475673971789,0.08071399502416961,0.9950263898519093,-0.03115663230841055,0.04620419448559796,0.0,0.036898747646855544,0.04339368208858216,0.07880258972932087,0.9952615850261887,-0.025346989692523175,-0.21157255126439503,0.2766452849066014,-0.11205823503827084,0.02668575333801712,0.036275202503444924,0.9926806798826218,-0.02514378684609577,-0.21165672970092622,0.27666784045069,-0.11208640519536126,0.026639075719847798,0.03621661261272056,0.9926808925259082,-0.025143783122293636,-0.2116567309651535,0.27666784008578155,-0.11208640524749897,0.026639075725009606,0.036216612375266286,0.9926808925285459,-0.02417886065820006,-0.2120444384563739,0.2767527417887121,-0.11239716272235553,0.025822494142020164,0.0352061438440981,0.9927036839076797,-0.02417886065820006,-0.2120444384563739,0.2767527417887121,-0.11239716272235553,0.025822494142020164,0.0352061438440981,0.9927036839076797,-0.1706548070249217,-0.6142028217043095,0.8278158899997617,-0.5267280207820653,0.5019225679704512,-0.4652769372328873,-0.15648773053616838,-0.6128253012197783,0.8272058413013071,-0.49614283044534807,0.49540909675169026,-0.4364789156854264,-0.15648773053616838,-0.6128253012197783,0.8272058413013071,-0.49614283044534807,0.49540909675169026,-0.4364789156854264,-0.1274402849476127,-0.018389656458815733,0.007956608678741553,-0.2942106353356573,0.05058747903657853,-0.2752676105718485,-0.011260995796661307,0.04888952469231086,-0.020089261833863534,0.13469542047008418,0.07188246399525099,0.11222845571533385,0.5,0.0,0.0,0.5,True,False,True,False,1,True,True,0.003188300004694611,4,3.949446938137816e-09,4.863598408890733e-10,`gtol` termination condition is satisfied.,True,True,0.0,0.009999999999999787,True,0.030585190336717194,0.030762813717802484,False,False,False,False,False,False,1.0,False,False,False,0.0010433603210882405,0.002672034471935026,0.001043364205028951,0.002672034849156846
2.9899999999999802,1786138339.0367625,0.006457399984356016,0.006036899983882904,0.01,TELEOP,0,,0.0,2.9899999999999802,299,-0.03425067401723416,0.047454807249514536,0.0,0.03780091018985547,0.044645097224607896,0.08087969565416736,0.9950057192365847,-0.03144731399907562,0.046321678027660323,0.0,0.03698352710016074,0.043511279820633686,0.07899778106065544,0.9952378297869786,-0.025434194199722693,-0.21153850714816244,0.27663616281314984,-0.11201527272647895,0.026757031542678215,0.03636461062801508,0.992680338796387,-0.02523044779700241,-0.2116214507084587,0.2766583874731485,-0.11204257526967511,0.026711757971679944,0.03630780633552766,0.9926805561267449,-0.02523044409030718,-0.2116214519660512,0.27665838710955515,-0.11204257532139891,0.02671175797683113,0.03630780609927263,0.9926805561294094,-0.024262931862787915,-0.2120033018719402,0.27674175616488694,-0.1123455674053013,0.025907094779652005,0.03531438621241432,0.9927034753897558,-0.024262931862787915,-0.2120033018719402,0.27674175616488694,-0.1123455674053013,0.025907094779652005,0.03531438621241432,0.9927034753897558,-0.17193185453472623,-0.6143269225264915,0.8278713126256773,-0.5294768096887061,0.5025039436462132,-0.4678639200263627,-0.15776318400928926,-0.6130043009963918,0.8272833982095037,-0.49907124723622603,0.49592208507962643,-0.4392201535347026,-0.15776318400928926,-0.6130043009963918,0.8272833982095037,-0.49907124723622603,0.49592208507962643,-0.4392201535347026,-0.12754534731208791,-0.017899977661354118,0.007755690819659003,-0.2928416790877956,0.0512988327936157,-0.27412378492762246,-0.010506236447522846,0.048967879746161416,-0.020091785908254958,0.13689562478616663,0.0711353757037167,0.11438256442260718,0.5,0.0,0.0,0.5,True,False,True,False,1,True,True,0.0032555999932810664,4,3.931072193332802e-09,4.838405750978694e-10,`gtol` termination condition is satisfied.,True,True,0.0,0.009999999999999787,True,0.030405562452480106,0.030585190336717194,False,False,False,False,False,False,1.0,False,False,False,0.0010434748010439143,0.002628075856103797,0.0010434786690552403,0.0026280762309613685
2.99999999999998,1786138339.0429223,0.006248499994399026,0.0059486000100150704,0.01,TELEOP,0,,0.0,2.99999999999998,300,-0.03454915028125203,0.047552825814757484,0.0,0.03787115538671381,0.04474358013373011,0.08104226812171386,0.9949853960758319,-0.03173872810913865,0.04643733290071864,0.0,0.03706694023620112,0.04362708065374435,0.07918990601744771,0.9952143882400944,-0.025521618432741602,-0.2115049929395155,0.2766271827080079,-0.11197299972785281,0.026827216296232272,0.03645261247189236,0.9926799861192506,-0.0253173365179301,-0.21158669834903934,0.27664907560650703,-0.1119994466932966,0.026783329407002843,0.036397570192377986,0.9926802073630573,-0.025317332828519883,-0.21158669959985524,0.2766490752443048,-0.11199944674459812,0.026783329412142568,0.0363975699573328,0.9926802073657487,-0.02434727092166798,-0.2119626754768345,0.2767309093854366,-0.11229468706313155,0.025990632332714005,0.03542122269929448,0.992703242298939,-0.02434727092166798,-0.2119626754768345,0.2767309093854366,-0.11229468706313155,0.025990632332714005,0.03542122269929448,0.992703242298939,-0.17320900757552327,-0.6144460689982709,0.8279247210556407,-0.5322097299332779,0.5030913608702023,-0.4704373366031758,-0.1590396123566378,-0.6131783964027451,0.8273589456728931,-0.5019857576465937,0.4964421110176691,-0.4419497408900702,-0.1590396123566378,-0.6131783964027451,0.8273589456728931,-0.5019857576465937,0.4964421110176691,-0.4419497408900702,-0.12764283473485422,-0.017409540635323996,0.007554746338949259,-0.29145104103676533,0.05200259380426989,-0.2729587355367603,-0.009748742276628752,0.04904370260301223,-0.020094448070974394,0.13906380510303093,0.07037610106541871,0.11650493908621404,0.5,0.0,0.0,0.5,True,False,True,False,1,True,True,0.0032230000069830567,4,3.912477297792128e-09,4.812972053454485e-10,`gtol` termination condition is satisfied.,True,True,0.0,0.009999999999999787,True,0.030223972286684164,0.030405562452480106,False,False,False,False,False,False,1.0,False,False,False,0.001043587461524072,0.0025840435863719617,0.0010435913132306053,0.00258404395884217
