time_s,wall_time_s,cycle_period_s,state,fault_bits,fault_reason,message_age_s,master_raw.position[0],master_raw.position[1],master_raw.position[2],master_raw.orientation_xyzw[0],master_raw.orientation_xyzw[1],master_raw.orientation_xyzw[2],master_raw.orientation_xyzw[3],master_filtered.position[0],master_filtered.position[1],master_filtered.position[2],master_filtered.orientation_xyzw[0],master_filtered.orientation_xyzw[1],master_filtered.orientation_xyzw[2],master_filtered.orientation_xyzw[3],target_flange.position[0],target_flange.position[1],target_flange.position[2],target_flange.orientation_xyzw[0],target_flange.orientation_xyzw[1],target_flange.orientation_xyzw[2],target_flange.orientation_xyzw[3],actual_flange.position[0],actual_flange.position[1],actual_flange.position[2],actual_flange.orientation_xyzw[0],actual_flange.orientation_xyzw[1],actual_flange.orientation_xyzw[2],actual_flange.orientation_xyzw[3],target_joints_rad[0],target_joints_rad[1],target_joints_rad[2],target_joints_rad[3],target_joints_rad[4],target_joints_rad[5],actual_joints_rad[0],actual_joints_rad[1],actual_joints_rad[2],actual_joints_rad[3],actual_joints_rad[4],actual_joints_rad[5],actual_joint_velocity_rad_s[0],actual_joint_velocity_rad_s[1],actual_joint_velocity_rad_s[2],actual_joint_velocity_rad_s[3],actual_joint_velocity_rad_s[4],actual_joint_velocity_rad_s[5],grasp,deadman,clutch,ik_success,position_error_m,orientation_error_rad
0.01,1786130335.9977236,9.00006853044033e-07,READY,0,waiting for deadman,0.0,0.0,0.0,0.0,0.0,0.0,0.0,1.0,0.0,0.0,0.0,0.0,0.0,0.0,1.0,-0.016000000000000007,-0.29051699999999997,0.318,0.0,0.0,0.0,1.0,-0.016000000000000007,-0.29051699999999997,0.318,0.0,0.0,0.0,1.0,0.0,0.0,0.0,0.0,0.0,0.0,0.0,0.0,0.0,0.0,0.0,0.0,0.0,0.0,0.0,0.0,0.0,0.0,0.5,False,False,True,0.0,0.0
0.02,1786130336.0012717,0.003755699988687411,READY,0,waiting for deadman,0.0,0.0,0.0,0.0,0.0,0.0,0.0,1.0,0.0,0.0,0.0,0.0,0.0,0.0,1.0,-0.016000000000000007,-0.29051699999999997,0.318,0.0,0.0,0.0,1.0,-0.016000000000000007,-0.29051699999999997,0.318,0.0,0.0,0.0,1.0,0.0,0.0,0.0,0.0,0.0,0.0,0.0,0.0,0.0,0.0,0.0,0.0,0.0,0.0,0.0,0.0,0.0,0.0,0.5,False,False,True,0.0,0.0
0.03,1786130336.0044394,0.003399400011403486,READY,0,waiting for deadman,0.0,0.0,0.0,0.0,0.0,0.0,0.0,1.0,0.0,0.0,0.0,0.0,0.0,0.0,1.0,-0.016000000000000007,-0.29051699999999997,0.318,0.0,0.0,0.0,1.0,-0.016000000000000007,-0.29051699999999997,0.318,0.0,0.0,0.0,1.0,0.0,0.0,0.0,0.0,0.0,0.0,0.0,0.0,0.0,0.0,0.0,0.0,0.0,0.0,0.0,0.0,0.0,0.0,0.5,False,False,True,0.0,0.0
0.04,1786130336.0074592,0.0031736999953864142,READY,0,waiting for deadman,0.0,0.0,0.0,0.0,0.0,0.0,0.0,1.0,0.0,0.0,0.0,0.0,0.0,0.0,1.0,-0.016000000000000007,-0.29051699999999997,0.318,0.0,0.0,0.0,1.0,-0.016000000000000007,-0.29051699999999997,0.318,0.0,0.0,0.0,1.0,0.0,0.0,0.0,0.0,0.0,0.0,0.0,0.0,0.0,0.0,0.0,0.0,0.0,0.0,0.0,0.0,0.0,0.0,0.5,False,False,True,0.0,0.0
0.05,1786130336.0104604,0.0030181000038282946,READY,0,waiting for deadman,0.0,0.0,0.0,0.0,0.0,0.0,0.0,1.0,0.0,0.0,0.0,0.0,0.0,0.0,1.0,-0.016000000000000007,-0.29051699999999997,0.318,0.0,0.0,0.0,1.0,-0.016000000000000007,-0.29051699999999997,0.318,0.0,0.0,0.0,1.0,0.0,0.0,0.0,0.0,0.0,0.0,0.0,0.0,0.0,0.0,0.0,0.0,0.0,0.0,0.0,0.0,0.0,0.0,0.5,False,False,True,0.0,0.0
0.060000000000000005,1786130336.0137143,0.0029932999896118417,READY,0,waiting for deadman,0.0,0.0,0.0,0.0,0.0,0.0,0.0,1.0,0.0,0.0,0.0,0.0,0.0,0.0,1.0,-0.016000000000000007,-0.29051699999999997,0.318,0.0,0.0,0.0,1.0,-0.016000000000000007,-0.29051699999999997,0.318,0.0,0.0,0.0,1.0,0.0,0.0,0.0,0.0,0.0,0.0,0.0,0.0,0.0,0.0,0.0,0.0,0.0,0.0,0.0,0.0,0.0,0.0,0.5,False,False,True,0.0,0.0
0.07,1786130336.0171683,0.003281600002082996,READY,0,waiting for deadman,0.0,0.0,0.0,0.0,0.0,0.0,0.0,1.0,0.0,0.0,0.0,0.0,0.0,0.0,1.0,-0.016000000000000007,-0.29051699999999997,0.318,0.0,0.0,0.0,1.0,-0.016000000000000007,-0.29051699999999997,0.318,0.0,0.0,0.0,1.0,0.0,0.0,0.0,0.0,0.0,0.0,0.0,0.0,0.0,0.0,0.0,0.0,0.0,0.0,0.0,0.0,0.0,0.0,0.5,False,False,True,0.0,0.0
0.08,1786130336.0201397,0.0034340999991400167,READY,0,waiting for deadman,0.0,0.0,0.0,0.0,0.0,0.0,0.0,1.0,0.0,0.0,0.0,0.0,0.0,0.0,1.0,-0.016000000000000007,-0.29051699999999997,0.318,0.0,0.0,0.0,1.0,-0.016000000000000007,-0.29051699999999997,0.318,0.0,0.0,0.0,1.0,0.0,0.0,0.0,0.0,0.0,0.0,0.0,0.0,0.0,0.0,0.0,0.0,0.0,0.0,0.0,0.0,0.0,0.0,0.5,False,False,True,0.0,0.0
0.09,1786130336.022978,0.0029701000021304935,READY,0,waiting for deadman,0.0,0.0,0.0,0.0,0.0,0.0,0.0,1.0,0.0,0.0,0.0,0.0,0.0,0.0,1.0,-0.016000000000000007,-0.29051699999999997,0.318,0.0,0.0,0.0,1.0,-0.016000000000000007,-0.29051699999999997,0.318,0.0,0.0,0.0,1.0,0.0,0.0,0.0,0.0,0.0,0.0,0.0,0.0,0.0,0.0,0.0,0.0,0.0,0.0,0.0,0.0,0.0,0.0,0.5,False,False,True,0.0,0.0
0.09999999999999999,1786130336.026132,0.0028267000016057864,READY,0,waiting for deadman,0.0,0.0,0.0,0.0,0.0,0.0,0.0,1.0,0.0,0.0,0.0,0.0,0.0,0.0,1.0,-0.016000000000000007,-0.29051699999999997,0.318,0.0,0.0,0.0,1.0,-0.016000000000000007,-0.29051699999999997,0.318,0.0,0.0,0.0,1.0,0.0,0.0,0.0,0.0,0.0,0.0,0.0,0.0,0.0,0.0,0.0,0.0,0.0,0.0,0.0,0.0,0.0,0.0,0.5,False,False,True,0.0,0.0
0.10999999999999999,1786130336.0292344,0.003151199998683296,READY,0,waiting for deadman,0.0,0.0,0.0,0.0,0.0,0.0,0.0,1.0,0.0,0.0,0.0,0.0,0.0,0.0,1.0,-0.016000000000000007,-0.29051699999999997,0.318,0.0,0.0,0.0,1.0,-0.016000000000000007,-0.29051699999999997,0.318,0.0,0.0,0.0,1.0,0.0,0.0,0.0,0.0,0.0,0.0,0.0,0.0,0.0,0.0,0.0,0.0,0.0,0.0,0.0,0.0,0.0,0.0,0.5,False,False,True,0.0,0.0
0.11999999999999998,1786130336.0326898,0.003118499997071922,READY,0,waiting for deadman,0.0,0.0,0.0,0.0,0.0,0.0,0.0,1.0,0.0,0.0,0.0,0.0,0.0,0.0,1.0,-0.016000000000000007,-0.29051699999999997,0.318,0.0,0.0,0.0,1.0,-0.016000000000000007,-0.29051699999999997,0.318,0.0,0.0,0.0,1.0,0.0,0.0,0.0,0.0,0.0,0.0,0.0,0.0,0.0,0.0,0.0,0.0,0.0,0.0,0.0,0.0,0.0,0.0,0.5,False,False,True,0.0,0.0
0.12999999999999998,1786130336.0358841,0.0034752000065054744,READY,0,waiting for deadman,0.0,0.0,0.0,0.0,0.0,0.0,0.0,1.0,0.0,0.0,0.0,0.0,0.0,0.0,1.0,-0.016000000000000007,-0.29051699999999997,0.318,0.0,0.0,0.0,1.0,-0.016000000000000007,-0.29051699999999997,0.318,0.0,0.0,0.0,1.0,0.0,0.0,0.0,0.0,0.0,0.0,0.0,0.0,0.0,0.0,0.0,0.0,0.0,0.0,0.0,0.0,0.0,0.0,0.5,False,False,True,0.0,0.0
0.13999999999999999,1786130336.0396469,0.0031811999942874536,READY,0,waiting for deadman,0.0,0.0,0.0,0.0,0.0,0.0,0.0,1.0,0.0,0.0,0.0,0.0,0.0,0.0,1.0,-0.016000000000000007,-0.29051699999999997,0.318,0.0,0.0,0.0,1.0,-0.016000000000000007,-0.29051699999999997,0.318,0.0,0.0,0.0,1.0,0.0,0.0,0.0,0.0,0.0,0.0,0.0,0.0,0.0,0.0,0.0,0.0,0.0,0.0,0.0,0.0,0.0,0.0,0.5,False,False,True,0.0,0.0
0.15,1786130336.0428283,0.0037708000018028542,READY,0,waiting for deadman,0.0,0.0,0.0,0.0,0.0,0.0,0.0,1.0,0.0,0.0,0.0,0.0,0.0,0.0,1.0,-0.016000000000000007,-0.29051699999999997,0.318,0.0,0.0,0.0,1.0,-0.016000000000000007,-0.29051699999999997,0.318,0.0,0.0,0.0,1.0,0.0,0.0,0.0,0.0,0.0,0.0,0.0,0.0,0.0,0.0,0.0,0.0,0.0,0.0,0.0,0.0,0.0,0.0,0.5,False,False,True,0.0,0.0
0.16,1786130336.045971,0.0031679999956395477,READY,0,waiting for deadman,0.0,0.0,0.0,0.0,0.0,0.0,0.0,1.0,0.0,0.0,0.0,0.0,0.0,0.0,1.0,-0.016000000000000007,-0.29051699999999997,0.318,0.0,0.0,0.0,1.0,-0.016000000000000007,-0.29051699999999997,0.318,0.0,0.0,0.0,1.0,0.0,0.0,0.0,0.0,0.0,0.0,0.0,0.0,0.0,0.0,0.0,0.0,0.0,0.0,0.0,0.0,0.0,0.0,0.5,False,False,True,0.0,0.0
0.17,1786130336.04967,0.00314470000739675,READY,0,waiting for deadman,0.0,0.0,0.0,0.0,0.0,0.0,0.0,1.0,0.0,0.0,0.0,0.0,0.0,0.0,1.0,-0.016000000000000007,-0.29051699999999997,0.318,0.0,0.0,0.0,1.0,-0.016000000000000007,-0.29051699999999997,0.318,0.0,0.0,0.0,1.0,0.0,0.0,0.0,0.0,0.0,0.0,0.0,0.0,0.0,0.0,0.0,0.0,0.0,0.0,0.0,0.0,0.0,0.0,0.5,False,False,True,0.0,0.0
0.18000000000000002,1786130336.0530713,0.0037641999952029437,READY,0,waiting for deadman,0.0,0.0,0.0,0.0,0.0,0.0,0.0,1.0,0.0,0.0,0.0,0.0,0.0,0.0,1.0,-0.016000000000000007,-0.29051699999999997,0.318,0.0,0.0,0.0,1.0,-0.016000000000000007,-0.29051699999999997,0.318,0.0,0.0,0.0,1.0,0.0,0.0,0.0,0.0,0.0,0.0,0.0,0.0,0.0,0.0,0.0,0.0,0.0,0.0,0.0,0.0,0.0,0.0,0.5,False,False,True,0.0,0.0
0.19000000000000003,1786130336.0568693,0.0033346999989589676,READY,0,waiting for deadman,0.0,0.0,0.0,0.0,0.0,0.0,0.0,1.0,0.0,0.0,0.0,0.0,0.0,0.0,1.0,-0.016000000000000007,-0.29051699999999997,0.318,0.0,0.0,0.0,1.0,-0.016000000000000007,-0.29051699999999997,0.318,0.0,0.0,0.0,1.0,0.0,0.0,0.0,0.0,0.0,0.0,0.0,0.0,0.0,0.0,0.0,0.0,0.0,0.0,0.0,0.0,0.0,0.0,0.5,False,False,True,0.0,0.0
0.20000000000000004,1786130336.060202,0.003940200011129491,READY,0,waiting for deadman,0.0,0.0,0.0,0.0,0.0,0.0,0.0,1.0,0.0,0.0,0.0,0.0,0.0,0.0,1.0,-0.016000000000000007,-0.29051699999999997,0.318,0.0,0.0,0.0,1.0,-0.016000000000000007,-0.29051699999999997,0.318,0.0,0.0,0.0,1.0,0.0,0.0,0.0,0.0,0.0,0.0,0.0,0.0,0.0,0.0,0.0,0.0,0.0,0.0,0.0,0.0,0.0,0.0,0.5,False,False,True,0.0,0.0
0.21000000000000005,1786130336.0651693,0.0031956999882822856,READY,0,waiting for deadman,0.0,0.0,0.0,0.0,0.0,0.0,0.0,1.0,0.0,0.0,0.0,0.0,0.0,0.0,1.0,-0.016000000000000007,-0.29051699999999997,0.318,0.0,0.0,0.0,1.0,-0.016000000000000007,-0.29051699999999997,0.318,0.0,0.0,0.0,1.0,0.0,0.0,0.0,0.0,0.0,0.0,0.0,0.0,0.0,0.0,0.0,0.0,0.0,0.0,0.0,0.0,0.0,0.0,0.5,False,False,True,0.0,0.0
0.22000000000000006,1786130336.0689225,0.005026500002713874,READY,0,waiting for deadman,0.0,0.0,0.0,0.0,0.0,0.0,0.0,1.0,0.0,0.0,0.0,0.0,0.0,0.0,1.0,-0.016000000000000007,-0.29051699999999997,0.318,0.0,0.0,0.0,1.0,-0.016000000000000007,-0.29051699999999997,0.318,0.0,0.0,0.0,1.0,0.0,0.0,0.0,0.0,0.0,0.0,0.0,0.0,0.0,0.0,0.0,0.0,0.0,0.0,0.0,0.0,0.0,0.0,0.5,False,False,True,0.0,0.0
0.23000000000000007,1786130336.0720103,0.003694700004416518,READY,0,waiting for deadman,0.0,0.0,0.0,0.0,0.0,0.0,0.0,1.0,0.0,0.0,0.0,0.0,0.0,0.0,1.0,-0.016000000000000007,-0.29051699999999997,0.318,0.0,0.0,0.0,1.0,-0.016000000000000007,-0.29051699999999997,0.318,0.0,0.0,0.0,1.0,0.0,0.0,0.0,0.0,0.0,0.0,0.0,0.0,0.0,0.0,0.0,0.0,0.0,0.0,0.0,0.0,0.0,0.0,0.5,False,False,True,0.0,0.0
0.24000000000000007,1786130336.0751338,0.003089599995291792,READY,0,waiting for deadman,0.0,0.0,0.0,0.0,0.0,0.0,0.0,1.0,0.0,0.0,0.0,0.0,0.0,0.0,1.0,-0.016000000000000007,-0.29051699999999997,0.318,0.0,0.0,0.0,1.0,-0.016000000000000007,-0.29051699999999997,0.318,0.0,0.0,0.0,1.0,0.0,0.0,0.0,0.0,0.0,0.0,0.0,0.0,0.0,0.0,0.0,0.0,0.0,0.0,0.0,0.0,0.0,0.0,0.5,False,False,True,0.0,0.0
0.25000000000000006,1786130336.0784755,0.003118599997833371,READY,0,waiting for deadman,0.0,0.0,0.0,0.0,0.0,0.0,0.0,1.0,0.0,0.0,0.0,0.0,0.0,0.0,1.0,-0.016000000000000007,-0.29051699999999997,0.318,0.0,0.0,0.0,1.0,-0.016000000000000007,-0.29051699999999997,0.318,0.0,0.0,0.0,1.0,0.0,0.0,0.0,0.0,0.0,0.0,0.0,0.0,0.0,0.0,0.0,0.0,0.0,0.0,0.0,0.0,0.0,0.0,0.5,False,False,True,0.0,0.0
0.26000000000000006,1786130336.0815475,0.0033475000091129914,READY,0,waiting for deadman,0.0,0.0,0.0,0.0,0.0,0.0,0.0,1.0,0.0,0.0,0.0,0.0,0.0,0.0,1.0,-0.016000000000000007,-0.29051699999999997,0.318,0.0,0.0,0.0,1.0,-0.016000000000000007,-0.29051699999999997,0.318,0.0,0.0,0.0,1.0,0.0,0.0,0.0,0.0,0.0,0.0,0.0,0.0,0.0,0.0,0.0,0.0,0.0,0.0,0.0,0.0,0.0,0.0,0.5,False,False,True,0.0,0.0
0.2700000000000001,1786130336.084483,0.003060399991227314,READY,0,waiting for deadman,0.0,0.0,0.0,0.0,0.0,0.0,0.0,1.0,0.0,0.0,0.0,0.0,0.0,0.0,1.0,-0.016000000000000007,-0.29051699999999997,0.318,0.0,0.0,0.0,1.0,-0.016000000000000007,-0.29051699999999997,0.318,0.0,0.0,0.0,1.0,0.0,0.0,0.0,0.0,0.0,0.0,0.0,0.0,0.0,0.0,0.0,0.0,0.0,0.0,0.0,0.0,0.0,0.0,0.5,False,False,True,0.0,0.0
0.2800000000000001,1786130336.087297,0.00293729999975767,READY,0,waiting for deadman,0.0,0.0,0.0,0.0,0.0,0.0,0.0,1.0,0.0,0.0,0.0,0.0,0.0,0.0,1.0,-0.016000000000000007,-0.29051699999999997,0.318,0.0,0.0,0.0,1.0,-0.016000000000000007,-0.29051699999999997,0.318,0.0,0.0,0.0,1.0,0.0,0.0,0.0,0.0,0.0,0.0,0.0,0.0,0.0,0.0,0.0,0.0,0.0,0.0,0.0,0.0,0.0,0.0,0.5,False,False,True,0.0,0.0
0.2900000000000001,1786130336.0900688,0.0027969000075245276,READY,0,waiting for deadman,0.0,0.0,0.0,0.0,0.0,0.0,0.0,1.0,0.0,0.0,0.0,0.0,0.0,0.0,1.0,-0.016000000000000007,-0.29051699999999997,0.318,0.0,0.0,0.0,1.0,-0.016000000000000007,-0.29051699999999997,0.318,0.0,0.0,0.0,1.0,0.0,0.0,0.0,0.0,0.0,0.0,0.0,0.0,0.0,0.0,0.0,0.0,0.0,0.0,0.0,0.0,0.0,0.0,0.5,False,False,True,0.0,0.0
0.3000000000000001,1786130336.092871,0.002776799999992363,READY,0,waiting for deadman,0.0,0.0,0.0,0.0,0.0,0.0,0.0,1.0,0.0,0.0,0.0,0.0,0.0,0.0,1.0,-0.016000000000000007,-0.29051699999999997,0.318,0.0,0.0,0.0,1.0,-0.016000000000000007,-0.29051699999999997,0.318,0.0,0.0,0.0,1.0,0.0,0.0,0.0,0.0,0.0,0.0,0.0,0.0,0.0,0.0,0.0,0.0,0.0,0.0,0.0,0.0,0.0,0.0,0.5,False,False,True,0.0,0.0
0.3100000000000001,1786130336.0983145,0.0028722999995807186,READY,0,waiting for deadman,0.0,0.0,0.0,0.0,0.0,0.0,0.0,1.0,0.0,0.0,0.0,0.0,0.0,0.0,1.0,-0.016000000000000007,-0.29051699999999997,0.318,0.0,0.0,0.0,1.0,-0.016000000000000007,-0.29051699999999997,0.318,0.0,0.0,0.0,1.0,0.0,0.0,0.0,0.0,0.0,0.0,0.0,0.0,0.0,0.0,0.0,0.0,0.0,0.0,0.0,0.0,0.0,0.0,0.5,False,False,True,0.0,0.0
0.3200000000000001,1786130336.1030202,0.005424699993454851,READY,0,waiting for deadman,0.0,0.0,0.0,0.0,0.0,0.0,0.0,1.0,0.0,0.0,0.0,0.0,0.0,0.0,1.0,-0.016000000000000007,-0.29051699999999997,0.318,0.0,0.0,0.0,1.0,-0.016000000000000007,-0.29051699999999997,0.318,0.0,0.0,0.0,1.0,0.0,0.0,0.0,0.0,0.0,0.0,0.0,0.0,0.0,0.0,0.0,0.0,0.0,0.0,0.0,0.0,0.0,0.0,0.5,False,False,True,0.0,0.0
0.3300000000000001,1786130336.10703,0.004697900003520772,READY,0,waiting for deadman,0.0,0.0,0.0,0.0,0.0,0.0,0.0,1.0,0.0,0.0,0.0,0.0,0.0,0.0,1.0,-0.016000000000000007,-0.29051699999999997,0.318,0.0,0.0,0.0,1.0,-0.016000000000000007,-0.29051699999999997,0.318,0.0,0.0,0.0,1.0,0.0,0.0,0.0,0.0,0.0,0.0,0.0,0.0,0.0,0.0,0.0,0.0,0.0,0.0,0.0,0.0,0.0,0.0,0.5,False,False,True,0.0,0.0
0.34000000000000014,1786130336.1117556,0.0039692999998806044,READY,0,waiting for deadman,0.0,0.0,0.0,0.0,0.0,0.0,0.0,1.0,0.0,0.0,0.0,0.0,0.0,0.0,1.0,-0.016000000000000007,-0.29051699999999997,0.318,0.0,0.0,0.0,1.0,-0.016000000000000007,-0.29051699999999997,0.318,0.0,0.0,0.0,1.0,0.0,0.0,0.0,0.0,0.0,0.0,0.0,0.0,0.0,0.0,0.0,0.0,0.0,0.0,0.0,0.0,0.0,0.0,0.5,False,False,True,0.0,0.0
0.35000000000000014,1786130336.1149163,0.004772900007083081,READY,0,waiting for deadman,0.0,0.0,0.0,0.0,0.0,0.0,0.0,1.0,0.0,0.0,0.0,0.0,0.0,0.0,1.0,-0.016000000000000007,-0.29051699999999997,0.318,0.0,0.0,0.0,1.0,-0.016000000000000007,-0.29051699999999997,0.318,0.0,0.0,0.0,1.0,0.0,0.0,0.0,0.0,0.0,0.0,0.0,0.0,0.0,0.0,0.0,0.0,0.0,0.0,0.0,0.0,0.0,0.0,0.5,False,False,True,0.0,0.0
0.36000000000000015,1786130336.1181996,0.003107500000623986,READY,0,waiting for deadman,0.0,0.0,0.0,0.0,0.0,0.0,0.0,1.0,0.0,0.0,0.0,0.0,0.0,0.0,1.0,-0.016000000000000007,-0.29051699999999997,0.318,0.0,0.0,0.0,1.0,-0.016000000000000007,-0.29051699999999997,0.318,0.0,0.0,0.0,1.0,0.0,0.0,0.0,0.0,0.0,0.0,0.0,0.0,0.0,0.0,0.0,0.0,0.0,0.0,0.0,0.0,0.0,0.0,0.5,False,False,True,0.0,0.0
0.37000000000000016,1786130336.1211855,0.003293899993877858,READY,0,waiting for deadman,0.0,0.0,0.0,0.0,0.0,0.0,0.0,1.0,0.0,0.0,0.0,0.0,0.0,0.0,1.0,-0.016000000000000007,-0.29051699999999997,0.318,0.0,0.0,0.0,1.0,-0.016000000000000007,-0.29051699999999997,0.318,0.0,0.0,0.0,1.0,0.0,0.0,0.0,0.0,0.0,0.0,0.0,0.0,0.0,0.0,0.0,0.0,0.0,0.0,0.0,0.0,0.0,0.0,0.5,False,False,True,0.0,0.0
0.38000000000000017,1786130336.1241934,0.002985600003739819,READY,0,waiting for deadman,0.0,0.0,0.0,0.0,0.0,0.0,0.0,1.0,0.0,0.0,0.0,0.0,0.0,0.0,1.0,-0.016000000000000007,-0.29051699999999997,0.318,0.0,0.0,0.0,1.0,-0.016000000000000007,-0.29051699999999997,0.318,0.0,0.0,0.0,1.0,0.0,0.0,0.0,0.0,0.0,0.0,0.0,0.0,0.0,0.0,0.0,0.0,0.0,0.0,0.0,0.0,0.0,0.0,0.5,False,False,True,0.0,0.0
0.3900000000000002,1786130336.1274767,0.0030633999995188788,READY,0,waiting for deadman,0.0,0.0,0.0,0.0,0.0,0.0,0.0,1.0,0.0,0.0,0.0,0.0,0.0,0.0,1.0,-0.016000000000000007,-0.29051699999999997,0.318,0.0,0.0,0.0,1.0,-0.016000000000000007,-0.29051699999999997,0.318,0.0,0.0,0.0,1.0,0.0,0.0,0.0,0.0,0.0,0.0,0.0,0.0,0.0,0.0,0.0,0.0,0.0,0.0,0.0,0.0,0.0,0.0,0.5,False,False,True,0.0,0.0
0.4000000000000002,1786130336.130489,0.003234199990401976,READY,0,waiting for deadman,0.0,0.0,0.0,0.0,0.0,0.0,0.0,1.0,0.0,0.0,0.0,0.0,0.0,0.0,1.0,-0.016000000000000007,-0.29051699999999997,0.318,0.0,0.0,0.0,1.0,-0.016000000000000007,-0.29051699999999997,0.318,0.0,0.0,0.0,1.0,0.0,0.0,0.0,0.0,0.0,0.0,0.0,0.0,0.0,0.0,0.0,0.0,0.0,0.0,0.0,0.0,0.0,0.0,0.5,False,False,True,0.0,0.0
0.4100000000000002,1786130336.13363,0.003003400008310564,READY,0,waiting for deadman,0.0,0.0,0.0,0.0,0.0,0.0,0.0,1.0,0.0,0.0,0.0,0.0,0.0,0.0,1.0,-0.016000000000000007,-0.29051699999999997,0.318,0.0,0.0,0.0,1.0,-0.016000000000000007,-0.29051699999999997,0.318,0.0,0.0,0.0,1.0,0.0,0.0,0.0,0.0,0.0,0.0,0.0,0.0,0.0,0.0,0.0,0.0,0.0,0.0,0.0,0.0,0.0,0.0,0.5,False,False,True,0.0,0.0
0.4200000000000002,1786130336.136731,0.003216099998098798,READY,0,waiting for deadman,0.0,0.0,0.0,0.0,0.0,0.0,0.0,1.0,0.0,0.0,0.0,0.0,0.0,0.0,1.0,-0.016000000000000007,-0.29051699999999997,0.318,0.0,0.0,0.0,1.0,-0.016000000000000007,-0.29051699999999997,0.318,0.0,0.0,0.0,1.0,0.0,0.0,0.0,0.0,0.0,0.0,0.0,0.0,0.0,0.0,0.0,0.0,0.0,0.0,0.0,0.0,0.0,0.0,0.5,False,False,True,0.0,0.0
0.4300000000000002,1786130336.1397974,0.003013399997144006,READY,0,waiting for deadman,0.0,0.0,0.0,0.0,0.0,0.0,0.0,1.0,0.0,0.0,0.0,0.0,0.0,0.0,1.0,-0.016000000000000007,-0.29051699999999997,0.318,0.0,0.0,0.0,1.0,-0.016000000000000007,-0.29051699999999997,0.318,0.0,0.0,0.0,1.0,0.0,0.0,0.0,0.0,0.0,0.0,0.0,0.0,0.0,0.0,0.0,0.0,0.0,0.0,0.0,0.0,0.0,0.0,0.5,False,False,True,0.0,0.0
0.4400000000000002,1786130336.1429384,0.0030845000001136214,READY,0,waiting for deadman,0.0,0.0,0.0,0.0,0.0,0.0,0.0,1.0,0.0,0.0,0.0,0.0,0.0,0.0,1.0,-0.016000000000000007,-0.29051699999999997,0.318,0.0,0.0,0.0,1.0,-0.016000000000000007,-0.29051699999999997,0.318,0.0,0.0,0.0,1.0,0.0,0.0,0.0,0.0,0.0,0.0,0.0,0.0,0.0,0.0,0.0,0.0,0.0,0.0,0.0,0.0,0.0,0.0,0.5,False,False,True,0.0,0.0
0.45000000000000023,1786130336.1460235,0.0031359999993583187,READY,0,waiting for deadman,0.0,0.0,0.0,0.0,0.0,0.0,0.0,1.0,0.0,0.0,0.0,0.0,0.0,0.0,1.0,-0.016000000000000007,-0.29051699999999997,0.318,0.0,0.0,0.0,1.0,-0.016000000000000007,-0.29051699999999997,0.318,0.0,0.0,0.0,1.0,0.0,0.0,0.0,0.0,0.0,0.0,0.0,0.0,0.0,0.0,0.0,0.0,0.0,0.0,0.0,0.0,0.0,0.0,0.5,False,False,True,0.0,0.0
0.46000000000000024,1786130336.148945,0.0030781000095885247,READY,0,waiting for deadman,0.0,0.0,0.0,0.0,0.0,0.0,0.0,1.0,0.0,0.0,0.0,0.0,0.0,0.0,1.0,-0.016000000000000007,-0.29051699999999997,0.318,0.0,0.0,0.0,1.0,-0.016000000000000007,-0.29051699999999997,0.318,0.0,0.0,0.0,1.0,0.0,0.0,0.0,0.0,0.0,0.0,0.0,0.0,0.0,0.0,0.0,0.0,0.0,0.0,0.0,0.0,0.0,0.0,0.5,False,False,True,0.0,0.0
0.47000000000000025,1786130336.1518116,0.002908700000261888,READY,0,waiting for deadman,0.0,0.0,0.0,0.0,0.0,0.0,0.0,1.0,0.0,0.0,0.0,0.0,0.0,0.0,1.0,-0.016000000000000007,-0.29051699999999997,0.318,0.0,0.0,0.0,1.0,-0.016000000000000007,-0.29051699999999997,0.318,0.0,0.0,0.0,1.0,0.0,0.0,0.0,0.0,0.0,0.0,0.0,0.0,0.0,0.0,0.0,0.0,0.0,0.0,0.0,0.0,0.0,0.0,0.5,False,False,True,0.0,0.0
0.48000000000000026,1786130336.1546752,0.0028645999991567805,READY,0,waiting for deadman,0.0,0.0,0.0,0.0,0.0,0.0,0.0,1.0,0.0,0.0,0.0,0.0,0.0,0.0,1.0,-0.016000000000000007,-0.29051699999999997,0.318,0.0,0.0,0.0,1.0,-0.016000000000000007,-0.29051699999999997,0.318,0.0,0.0,0.0,1.0,0.0,0.0,0.0,0.0,0.0,0.0,0.0,0.0,0.0,0.0,0.0,0.0,0.0,0.0,0.0,0.0,0.0,0.0,0.5,False,False,True,0.0,0.0
0.49000000000000027,1786130336.1586819,0.0028628000000026077,READY,0,waiting for deadman,0.0,0.0,0.0,0.0,0.0,0.0,0.0,1.0,0.0,0.0,0.0,0.0,0.0,0.0,1.0,-0.016000000000000007,-0.29051699999999997,0.318,0.0,0.0,0.0,1.0,-0.016000000000000007,-0.29051699999999997,0.318,0.0,0.0,0.0,1.0,0.0,0.0,0.0,0.0,0.0,0.0,0.0,0.0,0.0,0.0,0.0,0.0,0.0,0.0,0.0,0.0,0.0,0.0,0.5,False,False,True,0.0,0.0
0.5000000000000002,1786130336.1615994,0.00401889999920968,READY,0,waiting for deadman,0.0,0.0,0.0,0.0,0.0,0.0,0.0,1.0,0.0,0.0,0.0,0.0,0.0,0.0,1.0,-0.016000000000000007,-0.29051699999999997,0.318,0.0,0.0,0.0,1.0,-0.016000000000000007,-0.29051699999999997,0.318,0.0,0.0,0.0,1.0,0.0,0.0,0.0,0.0,0.0,0.0,0.0,0.0,0.0,0.0,0.0,0.0,0.0,0.0,0.0,0.0,0.0,0.0,0.5,False,False,True,0.0,0.0
0.5100000000000002,1786130336.1646094,0.00290839999797754,READY,0,waiting for deadman,0.0,0.0,0.0,0.0,0.0,0.0,0.0,1.0,0.0,0.0,0.0,0.0,0.0,0.0,1.0,-0.016000000000000007,-0.29051699999999997,0.318,0.0,0.0,0.0,1.0,-0.016000000000000007,-0.29051699999999997,0.318,0.0,0.0,0.0,1.0,0.0,0.0,0.0,0.0,0.0,0.0,0.0,0.0,0.0,0.0,0.0,0.0,0.0,0.0,0.0,0.0,0.0,0.0,0.5,False,False,True,0.0,0.0
0.5200000000000002,1786130336.1675558,0.003014899994013831,READY,0,waiting for deadman,0.0,0.0,0.0,0.0,0.0,0.0,0.0,1.0,0.0,0.0,0.0,0.0,0.0,0.0,1.0,-0.016000000000000007,-0.29051699999999997,0.318,0.0,0.0,0.0,1.0,-0.016000000000000007,-0.29051699999999997,0.318,0.0,0.0,0.0,1.0,0.0,0.0,0.0,0.0,0.0,0.0,0.0,0.0,0.0,0.0,0.0,0.0,0.0,0.0,0.0,0.0,0.0,0.0,0.5,False,False,True,0.0,0.0
0.5300000000000002,1786130336.1704268,0.002941099999588914,READY,0,waiting for deadman,0.0,0.0,0.0,0.0,0.0,0.0,0.0,1.0,0.0,0.0,0.0,0.0,0.0,0.0,1.0,-0.016000000000000007,-0.29051699999999997,0.318,0.0,0.0,0.0,1.0,-0.016000000000000007,-0.29051699999999997,0.318,0.0,0.0,0.0,1.0,0.0,0.0,0.0,0.0,0.0,0.0,0.0,0.0,0.0,0.0,0.0,0.0,0.0,0.0,0.0,0.0,0.0,0.0,0.5,False,False,True,0.0,0.0
0.5400000000000003,1786130336.1739082,0.0028688000020338222,READY,0,waiting for deadman,0.0,0.0,0.0,0.0,0.0,0.0,0.0,1.0,0.0,0.0,0.0,0.0,0.0,0.0,1.0,-0.016000000000000007,-0.29051699999999997,0.318,0.0,0.0,0.0,1.0,-0.016000000000000007,-0.29051699999999997,0.318,0.0,0.0,0.0,1.0,0.0,0.0,0.0,0.0,0.0,0.0,0.0,0.0,0.0,0.0,0.0,0.0,0.0,0.0,0.0,0.0,0.0,0.0,0.5,False,False,True,0.0,0.0
0.5500000000000003,1786130336.1771114,0.003526700005750172,READY,0,waiting for deadman,0.0,0.0,0.0,0.0,0.0,0.0,0.0,1.0,0.0,0.0,0.0,0.0,0.0,0.0,1.0,-0.016000000000000007,-0.29051699999999997,0.318,0.0,0.0,0.0,1.0,-0.016000000000000007,-0.29051699999999997,0.318,0.0,0.0,0.0,1.0,0.0,0.0,0.0,0.0,0.0,0.0,0.0,0.0,0.0,0.0,0.0,0.0,0.0,0.0,0.0,0.0,0.0,0.0,0.5,False,False,True,0.0,0.0
0.5600000000000003,1786130336.1803632,0.0031885999924270436,READY,0,waiting for deadman,0.0,0.0,0.0,0.0,0.0,0.0,0.0,1.0,0.0,0.0,0.0,0.0,0.0,0.0,1.0,-0.016000000000000007,-0.29051699999999997,0.318,0.0,0.0,0.0,1.0,-0.016000000000000007,-0.29051699999999997,0.318,0.0,0.0,0.0,1.0,0.0,0.0,0.0,0.0,0.0,0.0,0.0,0.0,0.0,0.0,0.0,0.0,0.0,0.0,0.0,0.0,0.0,0.0,0.5,False,False,True,0.0,0.0
0.5700000000000003,1786130336.1833572,0.0032494000042788684,READY,0,waiting for deadman,0.0,0.0,0.0,0.0,0.0,0.0,0.0,1.0,0.0,0.0,0.0,0.0,0.0,0.0,1.0,-0.016000000000000007,-0.29051699999999997,0.318,0.0,0.0,0.0,1.0,-0.016000000000000007,-0.29051699999999997,0.318,0.0,0.0,0.0,1.0,0.0,0.0,0.0,0.0,0.0,0.0,0.0,0.0,0.0,0.0,0.0,0.0,0.0,0.0,0.0,0.0,0.0,0.0,0.5,False,False,True,0.0,0.0
0.5800000000000003,1786130336.1863074,0.002976999996462837,READY,0,waiting for deadman,0.0,0.0,0.0,0.0,0.0,0.0,0.0,1.0,0.0,0.0,0.0,0.0,0.0,0.0,1.0,-0.016000000000000007,-0.29051699999999997,0.318,0.0,0.0,0.0,1.0,-0.016000000000000007,-0.29051699999999997,0.318,0.0,0.0,0.0,1.0,0.0,0.0,0.0,0.0,0.0,0.0,0.0,0.0,0.0,0.0,0.0,0.0,0.0,0.0,0.0,0.0,0.0,0.0,0.5,False,False,True,0.0,0.0
0.5900000000000003,1786130336.1898968,0.0029566000011982396,READY,0,waiting for deadman,0.0,0.0,0.0,0.0,0.0,0.0,0.0,1.0,0.0,0.0,0.0,0.0,0.0,0.0,1.0,-0.016000000000000007,-0.29051699999999997,0.318,0.0,0.0,0.0,1.0,-0.016000000000000007,-0.29051699999999997,0.318,0.0,0.0,0.0,1.0,0.0,0.0,0.0,0.0,0.0,0.0,0.0,0.0,0.0,0.0,0.0,0.0,0.0,0.0,0.0,0.0,0.0,0.0,0.5,False,False,True,0.0,0.0
0.6000000000000003,1786130336.1930137,0.0036085000028833747,READY,0,waiting for deadman,0.0,0.0,0.0,0.0,0.0,0.0,0.0,1.0,0.0,0.0,0.0,0.0,0.0,0.0,1.0,-0.016000000000000007,-0.29051699999999997,0.318,0.0,0.0,0.0,1.0,-0.016000000000000007,-0.29051699999999997,0.318,0.0,0.0,0.0,1.0,0.0,0.0,0.0,0.0,0.0,0.0,0.0,0.0,0.0,0.0,0.0,0.0,0.0,0.0,0.0,0.0,0.0,0.0,0.5,False,False,True,0.0,0.0
0.6100000000000003,1786130336.1960397,0.0031069999968167394,READY,0,waiting for deadman,0.0,0.0,0.0,0.0,0.0,0.0,0.0,1.0,0.0,0.0,0.0,0.0,0.0,0.0,1.0,-0.016000000000000007,-0.29051699999999997,0.318,0.0,0.0,0.0,1.0,-0.016000000000000007,-0.29051699999999997,0.318,0.0,0.0,0.0,1.0,0.0,0.0,0.0,0.0,0.0,0.0,0.0,0.0,0.0,0.0,0.0,0.0,0.0,0.0,0.0,0.0,0.0,0.0,0.5,False,False,True,0.0,0.0
0.6200000000000003,1786130336.1990533,0.003018899995367974,READY,0,waiting for deadman,0.0,0.0,0.0,0.0,0.0,0.0,0.0,1.0,0.0,0.0,0.0,0.0,0.0,0.0,1.0,-0.016000000000000007,-0.29051699999999997,0.318,0.0,0.0,0.0,1.0,-0.016000000000000007,-0.29051699999999997,0.318,0.0,0.0,0.0,1.0,0.0,0.0,0.0,0.0,0.0,0.0,0.0,0.0,0.0,0.0,0.0,0.0,0.0,0.0,0.0,0.0,0.0,0.0,0.5,False,False,True,0.0,0.0
0.6300000000000003,1786130336.2031028,0.0030122000025585294,READY,0,waiting for deadman,0.0,0.0,0.0,0.0,0.0,0.0,0.0,1.0,0.0,0.0,0.0,0.0,0.0,0.0,1.0,-0.016000000000000007,-0.29051699999999997,0.318,0.0,0.0,0.0,1.0,-0.016000000000000007,-0.29051699999999997,0.318,0.0,0.0,0.0,1.0,0.0,0.0,0.0,0.0,0.0,0.0,0.0,0.0,0.0,0.0,0.0,0.0,0.0,0.0,0.0,0.0,0.0,0.0,0.5,False,False,True,0.0,0.0
0.6400000000000003,1786130336.2061257,0.004094700008863583,READY,0,waiting for deadman,0.0,0.0,0.0,0.0,0.0,0.0,0.0,1.0,0.0,0.0,0.0,0.0,0.0,0.0,1.0,-0.016000000000000007,-0.29051699999999997,0.318,0.0,0.0,0.0,1.0,-0.016000000000000007,-0.29051699999999997,0.318,0.0,0.0,0.0,1.0,0.0,0.0,0.0,0.0,0.0,0.0,0.0,0.0,0.0,0.0,0.0,0.0,0.0,0.0,0.0,0.0,0.0,0.0,0.5,False,False,True,0.0,0.0
0.6500000000000004,1786130336.2089677,0.0029884999967180192,READY,0,waiting for deadman,0.0,0.0,0.0,0.0,0.0,0.0,0.0,1.0,0.0,0.0,0.0,0.0,0.0,0.0,1.0,-0.016000000000000007,-0.29051699999999997,0.318,0.0,0.0,0.0,1.0,-0.016000000000000007,-0.29051699999999997,0.318,0.0,0.0,0.0,1.0,0.0,0.0,0.0,0.0,0.0,0.0,0.0,0.0,0.0,0.0,0.0,0.0,0.0,0.0,0.0,0.0,0.0,0.0,0.5,False,False,True,0.0,0.0
0.6600000000000004,1786130336.2117565,0.0028313999937381595,READY,0,waiting for deadman,0.0,0.0,0.0,0.0,0.0,0.0,0.0,1.0,0.0,0.0,0.0,0.0,0.0,0.0,1.0,-0.016000000000000007,-0.29051699999999997,0.318,0.0,0.0,0.0,1.0,-0.016000000000000007,-0.29051699999999997,0.318,0.0,0.0,0.0,1.0,0.0,0.0,0.0,0.0,0.0,0.0,0.0,0.0,0.0,0.0,0.0,0.0,0.0,0.0,0.0,0.0,0.0,0.0,0.5,False,False,True,0.0,0.0
0.6700000000000004,1786130336.2144947,0.002780399998300709,READY,0,waiting for deadman,0.0,0.0,0.0,0.0,0.0,0.0,0.0,1.0,0.0,0.0,0.0,0.0,0.0,0.0,1.0,-0.016000000000000007,-0.29051699999999997,0.318,0.0,0.0,0.0,1.0,-0.016000000000000007,-0.29051699999999997,0.318,0.0,0.0,0.0,1.0,0.0,0.0,0.0,0.0,0.0,0.0,0.0,0.0,0.0,0.0,0.0,0.0,0.0,0.0,0.0,0.0,0.0,0.0,0.5,False,False,True,0.0,0.0
0.6800000000000004,1786130336.217259,0.0027397000085329637,READY,0,waiting for deadman,0.0,0.0,0.0,0.0,0.0,0.0,0.0,1.0,0.0,0.0,0.0,0.0,0.0,0.0,1.0,-0.016000000000000007,-0.29051699999999997,0.318,0.0,0.0,0.0,1.0,-0.016000000000000007,-0.29051699999999997,0.318,0.0,0.0,0.0,1.0,0.0,0.0,0.0,0.0,0.0,0.0,0.0,0.0,0.0,0.0,0.0,0.0,0.0,0.0,0.0,0.0,0.0,0.0,0.5,False,False,True,0.0,0.0
0.6900000000000004,1786130336.2211301,0.002764100005151704,READY,0,waiting for deadman,0.0,0.0,0.0,0.0,0.0,0.0,0.0,1.0,0.0,0.0,0.0,0.0,0.0,0.0,1.0,-0.016000000000000007,-0.29051699999999997,0.318,0.0,0.0,0.0,1.0,-0.016000000000000007,-0.29051699999999997,0.318,0.0,0.0,0.0,1.0,0.0,0.0,0.0,0.0,0.0,0.0,0.0,0.0,0.0,0.0,0.0,0.0,0.0,0.0,0.0,0.0,0.0,0.0,0.5,False,False,True,0.0,0.0
0.7000000000000004,1786130336.2239816,0.0038819999899715185,READY,0,waiting for deadman,0.0,0.0,0.0,0.0,0.0,0.0,0.0,1.0,0.0,0.0,0.0,0.0,0.0,0.0,1.0,-0.016000000000000007,-0.29051699999999997,0.318,0.0,0.0,0.0,1.0,-0.016000000000000007,-0.29051699999999997,0.318,0.0,0.0,0.0,1.0,0.0,0.0,0.0,0.0,0.0,0.0,0.0,0.0,0.0,0.0,0.0,0.0,0.0,0.0,0.0,0.0,0.0,0.0,0.5,False,False,True,0.0,0.0
0.7100000000000004,1786130336.2267246,0.002844100003130734,READY,0,waiting for deadman,0.0,0.0,0.0,0.0,0.0,0.0,0.0,1.0,0.0,0.0,0.0,0.0,0.0,0.0,1.0,-0.016000000000000007,-0.29051699999999997,0.318,0.0,0.0,0.0,1.0,-0.016000000000000007,-0.29051699999999997,0.318,0.0,0.0,0.0,1.0,0.0,0.0,0.0,0.0,0.0,0.0,0.0,0.0,0.0,0.0,0.0,0.0,0.0,0.0,0.0,0.0,0.0,0.0,0.5,False,False,True,0.0,0.0
0.7200000000000004,1786130336.2294111,0.0027354000048944727,READY,0,waiting for deadman,0.0,0.0,0.0,0.0,0.0,0.0,0.0,1.0,0.0,0.0,0.0,0.0,0.0,0.0,1.0,-0.016000000000000007,-0.29051699999999997,0.318,0.0,0.0,0.0,1.0,-0.016000000000000007,-0.29051699999999997,0.318,0.0,0.0,0.0,1.0,0.0,0.0,0.0,0.0,0.0,0.0,0.0,0.0,0.0,0.0,0.0,0.0,0.0,0.0,0.0,0.0,0.0,0.0,0.5,False,False,True,0.0,0.0
0.7300000000000004,1786130336.2320843,0.002683599988813512,READY,0,waiting for deadman,0.0,0.0,0.0,0.0,0.0,0.0,0.0,1.0,0.0,0.0,0.0,0.0,0.0,0.0,1.0,-0.016000000000000007,-0.29051699999999997,0.318,0.0,0.0,0.0,1.0,-0.016000000000000007,-0.29051699999999997,0.318,0.0,0.0,0.0,1.0,0.0,0.0,0.0,0.0,0.0,0.0,0.0,0.0,0.0,0.0,0.0,0.0,0.0,0.0,0.0,0.0,0.0,0.0,0.5,False,False,True,0.0,0.0
0.7400000000000004,1786130336.2360463,0.00267060000624042,READY,0,waiting for deadman,0.0,0.0,0.0,0.0,0.0,0.0,0.0,1.0,0.0,0.0,0.0,0.0,0.0,0.0,1.0,-0.016000000000000007,-0.29051699999999997,0.318,0.0,0.0,0.0,1.0,-0.016000000000000007,-0.29051699999999997,0.318,0.0,0.0,0.0,1.0,0.0,0.0,0.0,0.0,0.0,0.0,0.0,0.0,0.0,0.0,0.0,0.0,0.0,0.0,0.0,0.0,0.0,0.0,0.5,False,False,True,0.0,0.0
0.7500000000000004,1786130336.2400198,0.0040314999932888895,READY,0,waiting for deadman,0.0,0.0,0.0,0.0,0.0,0.0,0.0,1.0,0.0,0.0,0.0,0.0,0.0,0.0,1.0,-0.016000000000000007,-0.29051699999999997,0.318,0.0,0.0,0.0,1.0,-0.016000000000000007,-0.29051699999999997,0.318,0.0,0.0,0.0,1.0,0.0,0.0,0.0,0.0,0.0,0.0,0.0,0.0,0.0,0.0,0.0,0.0,0.0,0.0,0.0,0.0,0.0,0.0,0.5,False,False,True,0.0,0.0
0.7600000000000005,1786130336.2427921,0.003921700001228601,READY,0,waiting for deadman,0.0,0.0,0.0,0.0,0.0,0.0,0.0,1.0,0.0,0.0,0.0,0.0,0.0,0.0,1.0,-0.016000000000000007,-0.29051699999999997,0.318,0.0,0.0,0.0,1.0,-0.016000000000000007,-0.29051699999999997,0.318,0.0,0.0,0.0,1.0,0.0,0.0,0.0,0.0,0.0,0.0,0.0,0.0,0.0,0.0,0.0,0.0,0.0,0.0,0.0,0.0,0.0,0.0,0.5,False,False,True,0.0,0.0
0.7700000000000005,1786130336.2454858,0.0027616000006673858,READY,0,waiting for deadman,0.0,0.0,0.0,0.0,0.0,0.0,0.0,1.0,0.0,0.0,0.0,0.0,0.0,0.0,1.0,-0.016000000000000007,-0.29051699999999997,0.318,0.0,0.0,0.0,1.0,-0.016000000000000007,-0.29051699999999997,0.318,0.0,0.0,0.0,1.0,0.0,0.0,0.0,0.0,0.0,0.0,0.0,0.0,0.0,0.0,0.0,0.0,0.0,0.0,0.0,0.0,0.0,0.0,0.5,False,False,True,0.0,0.0
0.7800000000000005,1786130336.2481976,0.002690000008442439,READY,0,waiting for deadman,0.0,0.0,0.0,0.0,0.0,0.0,0.0,1.0,0.0,0.0,0.0,0.0,0.0,0.0,1.0,-0.016000000000000007,-0.29051699999999997,0.318,0.0,0.0,0.0,1.0,-0.016000000000000007,-0.29051699999999997,0.318,0.0,0.0,0.0,1.0,0.0,0.0,0.0,0.0,0.0,0.0,0.0,0.0,0.0,0.0,0.0,0.0,0.0,0.0,0.0,0.0,0.0,0.0,0.5,False,False,True,0.0,0.0
0.7900000000000005,1786130336.2512178,0.0027098999998997897,READY,0,waiting for deadman,0.0,0.0,0.0,0.0,0.0,0.0,0.0,1.0,0.0,0.0,0.0,0.0,0.0,0.0,1.0,-0.016000000000000007,-0.29051699999999997,0.318,0.0,0.0,0.0,1.0,-0.016000000000000007,-0.29051699999999997,0.318,0.0,0.0,0.0,1.0,0.0,0.0,0.0,0.0,0.0,0.0,0.0,0.0,0.0,0.0,0.0,0.0,0.0,0.0,0.0,0.0,0.0,0.0,0.5,False,False,True,0.0,0.0
0.8000000000000005,1786130336.2543633,0.003081399991060607,READY,0,waiting for deadman,0.0,0.0,0.0,0.0,0.0,0.0,0.0,1.0,0.0,0.0,0.0,0.0,0.0,0.0,1.0,-0.016000000000000007,-0.29051699999999997,0.318,0.0,0.0,0.0,1.0,-0.016000000000000007,-0.29051699999999997,0.318,0.0,0.0,0.0,1.0,0.0,0.0,0.0,0.0,0.0,0.0,0.0,0.0,0.0,0.0,0.0,0.0,0.0,0.0,0.0,0.0,0.0,0.0,0.5,False,False,True,0.0,0.0
0.8100000000000005,1786130336.2575288,0.003104400006122887,READY,0,waiting for deadman,0.0,0.0,0.0,0.0,0.0,0.0,0.0,1.0,0.0,0.0,0.0,0.0,0.0,0.0,1.0,-0.016000000000000007,-0.29051699999999997,0.318,0.0,0.0,0.0,1.0,-0.016000000000000007,-0.29051699999999997,0.318,0.0,0.0,0.0,1.0,0.0,0.0,0.0,0.0,0.0,0.0,0.0,0.0,0.0,0.0,0.0,0.0,0.0,0.0,0.0,0.0,0.0,0.0,0.5,False,False,True,0.0,0.0
0.8200000000000005,1786130336.260554,0.0031601999944541603,READY,0,waiting for deadman,0.0,0.0,0.0,0.0,0.0,0.0,0.0,1.0,0.0,0.0,0.0,0.0,0.0,0.0,1.0,-0.016000000000000007,-0.29051699999999997,0.318,0.0,0.0,0.0,1.0,-0.016000000000000007,-0.29051699999999997,0.318,0.0,0.0,0.0,1.0,0.0,0.0,0.0,0.0,0.0,0.0,0.0,0.0,0.0,0.0,0.0,0.0,0.0,0.0,0.0,0.0,0.0,0.0,0.5,False,False,True,0.0,0.0
0.8300000000000005,1786130336.263486,0.003019199997652322,READY,0,waiting for deadman,0.0,0.0,0.0,0.0,0.0,0.0,0.0,1.0,0.0,0.0,0.0,0.0,0.0,0.0,1.0,-0.016000000000000007,-0.29051699999999997,0.318,0.0,0.0,0.0,1.0,-0.016000000000000007,-0.29051699999999997,0.318,0.0,0.0,0.0,1.0,0.0,0.0,0.0,0.0,0.0,0.0,0.0,0.0,0.0,0.0,0.0,0.0,0.0,0.0,0.0,0.0,0.0,0.0,0.5,False,False,True,0.0,0.0
0.8400000000000005,1786130336.2667418,0.0029295000131241977,READY,0,waiting for deadman,0.0,0.0,0.0,0.0,0.0,0.0,0.0,1.0,0.0,0.0,0.0,0.0,0.0,0.0,1.0,-0.016000000000000007,-0.29051699999999997,0.318,0.0,0.0,0.0,1.0,-0.016000000000000007,-0.29051699999999997,0.318,0.0,0.0,0.0,1.0,0.0,0.0,0.0,0.0,0.0,0.0,0.0,0.0,0.0,0.0,0.0,0.0,0.0,0.0,0.0,0.0,0.0,0.0,0.5,False,False,True,0.0,0.0
0.8500000000000005,1786130336.2694826,0.0032617999968351796,READY,0,waiting for deadman,0.0,0.0,0.0,0.0,0.0,0.0,0.0,1.0,0.0,0.0,0.0,0.0,0.0,0.0,1.0,-0.016000000000000007,-0.29051699999999997,0.318,0.0,0.0,0.0,1.0,-0.016000000000000007,-0.29051699999999997,0.318,0.0,0.0,0.0,1.0,0.0,0.0,0.0,0.0,0.0,0.0,0.0,0.0,0.0,0.0,0.0,0.0,0.0,0.0,0.0,0.0,0.0,0.0,0.5,False,False,True,0.0,0.0
0.8600000000000005,1786130336.2723088,0.002805099997203797,READY,0,waiting for deadman,0.0,0.0,0.0,0.0,0.0,0.0,0.0,1.0,0.0,0.0,0.0,0.0,0.0,0.0,1.0,-0.016000000000000007,-0.29051699999999997,0.318,0.0,0.0,0.0,1.0,-0.016000000000000007,-0.29051699999999997,0.318,0.0,0.0,0.0,1.0,0.0,0.0,0.0,0.0,0.0,0.0,0.0,0.0,0.0,0.0,0.0,0.0,0.0,0.0,0.0,0.0,0.0,0.0,0.5,False,False,True,0.0,0.0
0.8700000000000006,1786130336.2758164,0.002762899996014312,READY,0,waiting for deadman,0.0,0.0,0.0,0.0,0.0,0.0,0.0,1.0,0.0,0.0,0.0,0.0,0.0,0.0,1.0,-0.016000000000000007,-0.29051699999999997,0.318,0.0,0.0,0.0,1.0,-0.016000000000000007,-0.29051699999999997,0.318,0.0,0.0,0.0,1.0,0.0,0.0,0.0,0.0,0.0,0.0,0.0,0.0,0.0,0.0,0.0,0.0,0.0,0.0,0.0,0.0,0.0,0.0,0.5,False,False,True,0.0,0.0
0.8800000000000006,1786130336.2788515,0.0035093000042252243,READY,0,waiting for deadman,0.0,0.0,0.0,0.0,0.0,0.0,0.0,1.0,0.0,0.0,0.0,0.0,0.0,0.0,1.0,-0.016000000000000007,-0.29051699999999997,0.318,0.0,0.0,0.0,1.0,-0.016000000000000007,-0.29051699999999997,0.318,0.0,0.0,0.0,1.0,0.0,0.0,0.0,0.0,0.0,0.0,0.0,0.0,0.0,0.0,0.0,0.0,0.0,0.0,0.0,0.0,0.0,0.0,0.5,False,False,True,0.0,0.0
0.8900000000000006,1786130336.2825768,0.0030586000066250563,READY,0,waiting for deadman,0.0,0.0,0.0,0.0,0.0,0.0,0.0,1.0,0.0,0.0,0.0,0.0,0.0,0.0,1.0,-0.016000000000000007,-0.29051699999999997,0.318,0.0,0.0,0.0,1.0,-0.016000000000000007,-0.29051699999999997,0.318,0.0,0.0,0.0,1.0,0.0,0.0,0.0,0.0,0.0,0.0,0.0,0.0,0.0,0.0,0.0,0.0,0.0,0.0,0.0,0.0,0.0,0.0,0.5,False,False,True,0.0,0.0
0.9000000000000006,1786130336.2857375,0.0037668999866582453,READY,0,waiting for deadman,0.0,0.0,0.0,0.0,0.0,0.0,0.0,1.0,0.0,0.0,0.0,0.0,0.0,0.0,1.0,-0.016000000000000007,-0.29051699999999997,0.318,0.0,0.0,0.0,1.0,-0.016000000000000007,-0.29051699999999997,0.318,0.0,0.0,0.0,1.0,0.0,0.0,0.0,0.0,0.0,0.0,0.0,0.0,0.0,0.0,0.0,0.0,0.0,0.0,0.0,0.0,0.0,0.0,0.5,False,False,True,0.0,0.0
0.9100000000000006,1786130336.2887485,0.0031000000017229468,READY,0,waiting for deadman,0.0,0.0,0.0,0.0,0.0,0.0,0.0,1.0,0.0,0.0,0.0,0.0,0.0,0.0,1.0,-0.016000000000000007,-0.29051699999999997,0.318,0.0,0.0,0.0,1.0,-0.016000000000000007,-0.29051699999999997,0.318,0.0,0.0,0.0,1.0,0.0,0.0,0.0,0.0,0.0,0.0,0.0,0.0,0.0,0.0,0.0,0.0,0.0,0.0,0.0,0.0,0.0,0.0,0.5,False,False,True,0.0,0.0
0.9200000000000006,1786130336.2916765,0.0029940000094939023,READY,0,waiting for deadman,0.0,0.0,0.0,0.0,0.0,0.0,0.0,1.0,0.0,0.0,0.0,0.0,0.0,0.0,1.0,-0.016000000000000007,-0.29051699999999997,0.318,0.0,0.0,0.0,1.0,-0.016000000000000007,-0.29051699999999997,0.318,0.0,0.0,0.0,1.0,0.0,0.0,0.0,0.0,0.0,0.0,0.0,0.0,0.0,0.0,0.0,0.0,0.0,0.0,0.0,0.0,0.0,0.0,0.5,False,False,True,0.0,0.0
0.9300000000000006,1786130336.294604,0.0029238999995868653,READY,0,waiting for deadman,0.0,0.0,0.0,0.0,0.0,0.0,0.0,1.0,0.0,0.0,0.0,0.0,0.0,0.0,1.0,-0.016000000000000007,-0.29051699999999997,0.318,0.0,0.0,0.0,1.0,-0.016000000000000007,-0.29051699999999997,0.318,0.0,0.0,0.0,1.0,0.0,0.0,0.0,0.0,0.0,0.0,0.0,0.0,0.0,0.0,0.0,0.0,0.0,0.0,0.0,0.0,0.0,0.0,0.5,False,False,True,0.0,0.0
0.9400000000000006,1786130336.2977138,0.0029309999954421073,READY,0,waiting for deadman,0.0,0.0,0.0,0.0,0.0,0.0,0.0,1.0,0.0,0.0,0.0,0.0,0.0,0.0,1.0,-0.016000000000000007,-0.29051699999999997,0.318,0.0,0.0,0.0,1.0,-0.016000000000000007,-0.29051699999999997,0.318,0.0,0.0,0.0,1.0,0.0,0.0,0.0,0.0,0.0,0.0,0.0,0.0,0.0,0.0,0.0,0.0,0.0,0.0,0.0,0.0,0.0,0.0,0.5,False,False,True,0.0,0.0
0.9500000000000006,1786130336.3006425,0.0031109999981708825,READY,0,waiting for deadman,0.0,0.0,0.0,0.0,0.0,0.0,0.0,1.0,0.0,0.0,0.0,0.0,0.0,0.0,1.0,-0.016000000000000007,-0.29051699999999997,0.318,0.0,0.0,0.0,1.0,-0.016000000000000007,-0.29051699999999997,0.318,0.0,0.0,0.0,1.0,0.0,0.0,0.0,0.0,0.0,0.0,0.0,0.0,0.0,0.0,0.0,0.0,0.0,0.0,0.0,0.0,0.0,0.0,0.5,False,False,True,0.0,0.0
0.9600000000000006,1786130336.303491,0.0029243000026326627,READY,0,waiting for deadman,0.0,0.0,0.0,0.0,0.0,0.0,0.0,1.0,0.0,0.0,0.0,0.0,0.0,0.0,1.0,-0.016000000000000007,-0.29051699999999997,0.318,0.0,0.0,0.0,1.0,-0.016000000000000007,-0.29051699999999997,0.318,0.0,0.0,0.0,1.0,0.0,0.0,0.0,0.0,0.0,0.0,0.0,0.0,0.0,0.0,0.0,0.0,0.0,0.0,0.0,0.0,0.0,0.0,0.5,False,False,True,0.0,0.0
0.9700000000000006,1786130336.3063722,0.0028472999983932823,READY,0,waiting for deadman,0.0,0.0,0.0,0.0,0.0,0.0,0.0,1.0,0.0,0.0,0.0,0.0,0.0,0.0,1.0,-0.016000000000000007,-0.29051699999999997,0.318,0.0,0.0,0.0,1.0,-0.016000000000000007,-0.29051699999999997,0.318,0.0,0.0,0.0,1.0,0.0,0.0,0.0,0.0,0.0,0.0,0.0,0.0,0.0,0.0,0.0,0.0,0.0,0.0,0.0,0.0,0.0,0.0,0.5,False,False,True,0.0,0.0
0.9800000000000006,1786130336.309226,0.002881399996113032,READY,0,waiting for deadman,0.0,0.0,0.0,0.0,0.0,0.0,0.0,1.0,0.0,0.0,0.0,0.0,0.0,0.0,1.0,-0.016000000000000007,-0.29051699999999997,0.318,0.0,0.0,0.0,1.0,-0.016000000000000007,-0.29051699999999997,0.318,0.0,0.0,0.0,1.0,0.0,0.0,0.0,0.0,0.0,0.0,0.0,0.0,0.0,0.0,0.0,0.0,0.0,0.0,0.0,0.0,0.0,0.0,0.5,False,False,True,0.0,0.0
0.9900000000000007,1786130336.3121052,0.0028541000065160915,READY,0,waiting for deadman,0.0,0.0,0.0,0.0,0.0,0.0,0.0,1.0,0.0,0.0,0.0,0.0,0.0,0.0,1.0,-0.016000000000000007,-0.29051699999999997,0.318,0.0,0.0,0.0,1.0,-0.016000000000000007,-0.29051699999999997,0.318,0.0,0.0,0.0,1.0,0.0,0.0,0.0,0.0,0.0,0.0,0.0,0.0,0.0,0.0,0.0,0.0,0.0,0.0,0.0,0.0,0.0,0.0,0.5,False,False,True,0.0,0.0
1.0000000000000007,1786130336.3623333,0.0028808999923057854,TELEOP,0,,0.0,0.0,2.0927210988051792e-17,0.0,1.8262436750051972e-17,1.8262436750051972e-17,3.6524873500103944e-17,1.0,0.0,4.2032019217108645e-18,0.0,3.667985633000376e-18,3.667985633000376e-18,7.335971266000751e-18,1.0,-0.015999993085557013,-0.29051699997987845,0.31799999997857986,1.0173757427689307e-12,-3.890867460812384e-15,-7.313278550608149e-10,1.0,-0.01599999989086228,-0.29051699999959796,0.3179999990228333,-3.9169445418434257e-13,1.5302104200280304e-19,2.5720049940473587e-10,1.0,7.457719912096241e-08,-8.966511043312531e-06,3.413916285188517e-05,0.0030207238506899515,2.5172764621609994e-05,0.0030207238497251066,5.178972161177956e-10,-6.226743780078158e-08,2.3707751980475854e-07,2.0000000000000052e-05,1.748108654278475e-07,2.0000000000000052e-05,5.178972161177951e-08,-6.226743780078153e-06,2.3707751980475832e-05,0.0020000000000000035,1.7481086542784733e-05,0.0020000000000000035,0.5,True,False,True,6.872119038757725e-09,1.9770587174652443e-09
1.0100000000000007,1786130336.4101813,0.05040079999889713,TELEOP,0,,0.0,-9.869571931442335e-07,0.00031415719827796877,0.0,0.0002740034983134356,0.0002743041396696914,0.0005482325188607093,0.9999997745601882,-1.9822901723278393e-07,6.309851510610658e-05,0.0,5.503498049742535e-05,5.509536582564234e-05,0.00011011525826958412,0.9999999909051407,-0.01597776248157467,-0.2904980680443835,0.318000233892108,2.753820025520129e-05,2.754774898441139e-05,5.269993567503565e-05,0.999999997852743,-0.01599984517355765,-0.29051686853440883,0.31799998515593364,1.9124858562270204e-07,7.000553398624073e-14,3.660210742981606e-07,0.9999999999999147,0.00010527427165197725,-0.0001445626754888469,0.0001843693522184105,0.008124330145768287,-1.5273131266383364e-05,0.00817942274709433,7.320603707389571e-07,-1.1228209783615424e-06,1.7330949316994407e-06,8.000000000000021e-05,2.277767828213519e-07,8.000000000000021e-05,7.315424735228388e-05,-0.00010605535405607599,0.00014960174118946808,0.0060000000000000105,5.296591739350436e-06,0.0060000000000000105,0.5,True,False,True,2.900285468867735e-05,0.00013031612117338548
1.0200000000000007,1786130336.46306,0.047744800001964904,TELEOP,0,,0.0,-3.947789809194413e-06,0.0006283019941676518,0.0,0.0005476952264013386,0.0005488977439900991,0.0010962926707530068,0.9999990984413865,-9.513232820788071e-07,0.0001766205017284007,0.0,0.00015399124335551678,0.0001542810385808295,0.00030819990598143933,0.9999999287484355,-0.015945003537862802,-0.29047805601463517,0.31800149239540815,6.843502526253389e-05,6.842806570651169e-05,0.0001308642928348704,0.999999986754392,-0.015999321248148023,-0.29051647853544393,0.317999903090848,8.405673959552906e-07,1.3488297138347347e-12,1.6046654426356811e-06,0.9999999999983593,0.0002608954529594274,-0.0003032307445758054,0.00040078875164418495,0.02094201642246084,-3.93385776585828e-05,0.021078854738932503,3.2093311977785663e-06,-4.192966748857825e-06,5.875664064217387e-06,0.00020000000000000052,1.562523477868264e-09,0.00020000000000000052,0.0002477270827039607,-0.00030701457704962806,0.0004142569132517943,0.012000000000000021,-2.2621425934348344e-05,0.012000000000000021,0.5,True,False,True,6.655245784277404e-05,0.0003222388072914594
1.0300000000000007,1786130336.526097,0.05285880000155885,HOLD,8,inverse kinematics failed,0.0,-8.882380959551739e-06,0.0009424219857704305,0.0,0.0008210641037846582,0.0008237695889811659,0.0016441584344447351,0.9999979719981658,-2.544265774876992e-06,0.0003304339159775353,0.0,0.0002879840210812081,0.00028875904811575924,0.0005765495942165993,0.9999997506369596,-0.015999321248148023,-0.29051647853544393,0.317999903090848,8.405673959552906e-07,1.3488297138347347e-12,1.6046654426356811e-06,0.9999999999983593,-0.015998841011015973,-0.2905161210354073,0.31799987786325357,1.4357762990593842e-06,3.93409454985781e-12,2.740118438707282e-06,0.9999999999952152,3.2093311977785663e-06,-4.192966748857825e-06,5.875664064217387e-06,0.00020000000000000052,1.562523477868264e-09,0.00020000000000000052,5.480162789231541e-06,-7.007267038479419e-06,9.673019102358838e-06,0.00036000000000000094,-2.0580054758699172e-07,0.00036000000000000094,0.0002270831591452973,-0.00028143002896215905,0.0003797355038141448,0.016000000000000028,-2.073630710648598e-05,0.016000000000000028,0.5,True,False,False,5.992248415349639e-07,2.5640024529154782e-06
1.0400000000000007,1786130336.5292,0.06303879999904893,HOLD,8,inverse kinematics failed,0.0,-1.5790535835003006e-05,0.001256504772166896,0.0,0.001094099098920593,0.0010989084039576885,0.0021918078147846174,0.9999963956564967,-5.2047620791485585e-06,0.0005164390405149985,0.0,0.0004499101179077009,0.00045149551896906407,0.000901010041722191,0.999999390956608,-0.015998841011015973,-0.2905161210354073,0.31799987786325357,1.4357762990593842e-06,3.93409454985781e-12,2.740118438707282e-06,0.9999999999952152,-0.015998400830970014,-0.2905157933263058,0.3179998880702212,1.981384444167514e-06,7.491184639211836e-12,3.7809860958513625e-06,0.9999999999908892,5.480162789231541e-06,-7.007267038479419e-06,9.673019102358838e-06,0.00036000000000000094,-2.0580054758699172e-07,0.00036000000000000094,7.561758414730101e-06,-9.587042303965879e-06,1.3153927887321836e-05,0.0005400000000000014,-3.9588336272978e-07,0.0005400000000000014,0.00020815956254985584,-0.0002579775265486458,0.00034809087849629937,0.01800000000000003,-1.9008281514278812e-05,0.01800000000000003,0.5,True,False,True,5.488678440834763e-07,2.350398883362964e-06
1.0500000000000007,1786130336.5322287,0.0030765999981667846,HOLD,8,inverse kinematics failed,0.0,-2.4671981713425553e-05,0.0015705379539064368,0.0,0.0013667892297407832,0.0013743028721064138,0.00273921884370968,0.9999943699136228,-9.114728842451626e-06,0.0007281603553956438,0.0,0.0006340903143335801,0.0006368665639373843,0.0012702644543066042,0.9999987893786018,-0.015998400830970014,-0.2905157933263058,0.3179998880702212,1.981384444167514e-06,7.491184639211836e-12,3.7809860958513625e-06,0.9999999999908892,-0.015997997369067266,-0.2905154929256978,0.3179999124257013,2.4815252191580424e-06,1.1749431828180895e-11,4.7351491143414625e-06,0.9999999999857102,7.561758414730101e-06,-9.587042303965879e-06,1.3153927887321836e-05,0.0005400000000000014,-3.9588336272978e-07,0.0005400000000000014,9.469887738103782e-06,-1.1951836297328468e-05,1.6344760940204583e-05,0.0007200000000000019,-5.70125943277336e-07,0.0007200000000000019,0.00019081293233736785,-0.0002364793993362586,0.0003190833052882744,0.01800000000000003,-1.7424258054755578e-05,0.01800000000000003,0.5,True,False,True,5.036022454930782e-07,2.1545931037737334e-06
1.0600000000000007,1786130336.535265,0.0030270000133896247,HOLD,8,inverse kinematics failed,0.0,-3.5526367970539766e-05,0.0018845091334967494,0.0,0.0016391235641815113,0.0016499416310707022,0.003286369581248361,0.9999918953379228,-1.441947478245257e-05,0.0009604203636729222,0.0,0.000835983531299521,0.0008403752371397361,0.0016752639396787423,0.9999978941936472,-0.015997997369067266,-0.2905154929256978,0.3179999124257013,2.4815252191580424e-06,1.1749431828180895e-11,4.7351491143414625e-06,0.9999999999857102,-0.015997627555349135,-0.2905152175579376,0.31799993475079247,2.9399875684817555e-06,1.6491037887220264e-11,5.609826100045635e-06,0.9999999999799432,9.469887738103782e-06,-1.1951836297328468e-05,1.6344760940204583e-05,0.0007200000000000019,-5.70125943277336e-07,0.0007200000000000019,1.1219006284529655e-05,-1.4119564124577507e-05,1.9269691238680432e-05,0.0008850000000000023,-7.298483087792623e-07,0.0008850000000000023,0.00017491185464258718,-0.0002167727827249037,0.0002924930298475848,0.016500000000000025,-1.597223655019261e-05,0.016500000000000025,0.5,True,False,True,4.6161455693458473e-07,1.97509245872063e-06
1.0700000000000007,1786130336.5385282,0.003036699999938719,HOLD,8,inverse kinematics failed,0.0,-4.8353266093764674e-05,0.002198405915893268,0.0,0.0019110912207058782,0.001925813273542703,0.003833238116519254,0.9999889725687598,-2.12350376935928e-05,0.0012090789160994107,0.0,0.0010519583586928532,0.0010584252917265537,0.002108772232200624,0.9999966630940257,-0.015997627555349135,-0.2905152175579376,0.31799993475079247,2.9399875684817555e-06,1.6491037887220264e-11,5.609826100045635e-06,0.9999999999799432,-0.015997288581590035,-0.2905149651370402,0.31799995521481267,3.3602446929645435e-06,2.1541815223017307e-11,6.411636488341697e-06,0.9999999999737998,1.1219006284529655e-05,-1.4119564124577507e-05,1.9269691238680432e-05,0.0008850000000000023,-7.298483087792623e-07,0.0008850000000000023,1.2822364952086706e-05,-1.6106647966222458e-05,2.195087734561663e-05,0.0010362500000000027,-8.76260477156028e-07,0.0010362500000000027,0.0001603358667557049,-0.00019870838416449505,0.0002681186106936194,0.015125000000000022,-1.4641216837676559e-05,0.015125000000000022,0.5,True,False,True,4.2312917046771477e-07,1.8105424043875135e-06
1.0800000000000007,1786130336.5415657,0.003266799991251901,HOLD,8,inverse kinematics failed,0.0,-6.315216969912663e-05,0.0025122159089885007,0.0,0.0021826813688178904,0.0022019063478629784,0.004379802568725407,0.9999856023163216,-2.9654047823544635e-05,0.00147082488305702,0.0,0.0012791104391631572,0.001288140345508044,0.002565001793533646,0.9999950626561783,-0.015997288581590035,-0.2905149651370402,0.31799995521481267,3.3602446929645435e-06,2.1541815223017307e-11,6.411636488341697e-06,0.9999999999737998,-0.015996977874255684,-0.29051473375083936,0.317999973972952,3.7454803615598343e-06,2.6763486079353755e-11,7.146648797880916e-06,0.9999999999674484,1.2822364952086706e-05,-1.6106647966222458e-05,2.195087734561663e-05,0.0010362500000000027,-8.76260477156028e-07,0.0010362500000000027,1.4292110397347335e-05,-1.792814148773033e-05,2.440863127697481e-05,0.0011748958333333364,-1.0104716315013965e-06,0.0011748958333333364,0.0001469745445260628,-0.00018214935215078712,0.0002457753931358178,0.013864583333333352,-1.3421115434536844e-05,0.013864583333333352,0.5,True,False,True,3.878536958201912e-07,1.6596983046323613e-06
1.0900000000000007,1786130336.5446107,0.003072000006795861,HOLD,8,inverse kinematics failed,0.0,-7.99224945512489e-05,0.0028259267241012498,0.0,0.002453883229568406,0.0024782093586274982,0.004926041088144075,0.9999817853614477,-3.9750413599251274e-05,0.0017430096624299932,0.0,0.0015151165063620646,0.0015272193433847005,0.003039322954568524,0.9999930672454821,-0.015996977874255684,-0.29051473375083936,0.317999973972952,3.7454803615598343e-06,2.6763486079353755e-11,7.146648797880916e-06,0.9999999999674484,-0.01599669307483801,-0.29051452164650404,0.3179999911674523,4.0986130301237524e-06,3.204727118495729e-11,7.820426428048462e-06,0.9999999999610212,1.4292110397347335e-05,-1.792814148773033e-05,2.440863127697481e-05,0.0011748958333333364,-1.0104716315013965e-06,0.0011748958333333364,1.5639377055502913e-05,-1.959784388244588e-05,2.6661572380719808e-05,0.0013019878472222256,-1.133498522984651e-06,0.0013019878472222256,0.00013472666581555755,-0.00016697023947155485,0.00022529411037449962,0.012709201388888905,-1.2302689148325439e-05,0.012709201388888905,0.5,True,False,True,3.555201938138177e-07,1.5214190436438277e-06
1.1000000000000008,1786130336.5475876,0.0030067999905440956,HOLD,8,inverse kinematics failed,0.0,-9.866357858642206e-05,0.0031395259764656924,0.0,0.0027246860760528862,0.0027547107673019373,0.005471931857111844,0.9999775225554456,-5.15830662343337e-05,0.0020235141226084695,0.0,0.001758117722258024,0.0017738210329941357,0.003528031441632209,0.9999906577439435,-0.01599669307483801,-0.29051452164650404,0.3179999911674523,4.0986130301237524e-06,3.204727118495729e-11,7.820426428048462e-06,0.9999999999610212,-0.015996432021846075,-0.29051432721726284,0.318000006928689,4.422317950449381e-06,3.730855981958643e-11,8.438069657900243e-06,0.9999999999546211,1.5639377055502913e-05,-1.959784388244588e-05,2.6661572380719808e-05,0.0013019878472222256,-1.133498522984651e-06,0.0013019878472222256,1.6874371492145525e-05,-2.112840441093513e-05,2.8726768392486055e-05,0.0014184888599537073,-1.2462731735109676e-06,0.0014184888599537073,0.00012349944366426107,-0.00015305605284892526,0.00020651960117662463,0.011650101273148162,-1.1277465052631652e-05,0.011650101273148162,0.5,True,False,True,3.258831247811194e-07,1.3946584311485343e-06
1.1100000000000008,1786130336.5506043,0.00297580000187736,HOLD,8,inverse kinematics failed,0.0,-0.00011937468193873869,0.0034530012857203135,0.0,0.002995079233900889,0.003031398992843199,0.006017453091005039,0.9999728148198962,-6.519895224195587e-05,0.0023106422665858974,0.0,0.00200662643371157,0.002026471631127506,0.004028162570264123,0.9999878203105232,-0.015996432021846075,-0.29051432721726284,0.318000006928689,4.422317950449381e-06,3.730855981958643e-11,8.438069657900243e-06,0.9999999999546211,-0.015996192734312197,-0.2905141489902341,0.31800002137616157,4.719047436997627e-06,4.248248244295673e-11,9.004254160255664e-06,0.999999999948327,1.6874371492145525e-05,-2.112840441093513e-05,2.8726768392486055e-05,0.0014184888599537073,-1.2462731735109676e-06,0.0014184888599537073,1.8006449725734585e-05,-2.2531418228716946e-05,3.0619864736605116e-05,0.0015252814549575656,-1.3496499364934245e-06,0.0015252814549575656,0.00011320782335890597,-0.00014030138177818148,0.0001893096344119059,0.010679259500385814,-1.033767629824568e-05,0.010679259500385814,0.5,True,False,True,2.9871747037665125e-07,1.2784573187416784e-06
1.1200000000000008,1786130336.5538237,0.0030168000084813684,HOLD,8,inverse kinematics failed,0.0,-0.00014205498696930331,0.0037663402763966607,0.0,0.0032650520817572725,0.0033082624123280933,0.00656258303921535,0.999967663146448,-8.063542491160004e-05,0.00260303625124052,0.0,0.002259451648144345,0.0022839910266077242,0.004537342740538867,0.9999845452726233,-0.015996192734312197,-0.2905141489902341,0.31800002137616157,4.719047436997627e-06,4.248248244295673e-11,9.004254160255664e-06,0.999999999948327,-0.0159959733966845,-0.2905139856152692,0.31800003461940185,4.991049444818985e-06,4.752023796565277e-11,9.523266318943571e-06,0.9999999999421985,1.8006449725734585e-05,-2.2531418228716946e-05,3.0619864736605116e-05,0.0015252814549575656,-1.3496499364934245e-06,0.0015252814549575656,1.9044188106524558e-05,-2.3817514228350276e-05,3.2355203052047586e-05,0.0016231746670444355,-1.4444119692273432e-06,0.0016231746670444355,0.00010377383807899713,-0.00012860959996333302,0.00017353383154424705,0.009789321208686995,-9.476203273391872e-06,0.009789321208686995,0.5,True,False,True,2.7381701460867154e-07,1.1719363689000834e-06
1.1300000000000008,1786130336.556917,0.0032275999983539805,HOLD,8,inverse kinematics failed,0.0,-0.00016670359829850658,0.004079530578407902,0.0,0.0035345940517550294,0.003585289361589081,0.007107299986120535,0.9999620685965995,-9.792215546804149e-05,0.0028996084733504015,0.0,0.002515639471193721,0.0025454337991796033,0.005053670747146046,0.9999808261845847,-0.0159959733966845,-0.2905139856152692,0.31800003461940185,4.991049444818985e-06,4.752023796565277e-11,9.523266318943571e-06,0.9999999999421985,-0.01599577234498887,-0.2905138358547264,0.31800004675880594,5.240384599377172e-06,5.2386051166342856e-11,9.99903561358291e-06,0.9999999999362789,1.9044188106524558e-05,-2.3817514228350276e-05,3.2355203052047586e-05,0.0016231746670444355,-1.4444119692273432e-06,0.0016231746670444355,1.9995448288915365e-05,-2.4996435561347497e-05,3.394592984120319e-05,0.0017129101114573997,-1.531277165900102e-06,0.0017129101114573997,9.51260182390807e-05,-0.00011789213329972192,0.0001590726789155598,0.00897354444129641,-8.686519667275882e-06,0.00897354444129641,0.5,True,False,True,2.509927680793422e-07,1.0742894229748212e-06
1.1400000000000008,1786130336.5599427,0.003088799989200197,HOLD,8,inverse kinematics failed,0.0,-0.0001933195428413803,0.004392559827537184,0.0,0.003803694629979734,0.0038624681358570287,0.007651582252050198,0.9999560323014715,-0.00011708266038452867,0.0031994872950194334,0.0,0.002774425503142789,0.002810042080504636,0.0055756229197305475,0.9999766590554454,-0.01599577234498887,-0.2905138358547264,0.31800004675880594,5.240384599377172e-06,5.2386051166342856e-11,9.99903561358291e-06,0.9999999999362789,-0.015995588054152368,-0.29051369857409576,0.31800005788639696,5.4689418072657346e-06,5.7054655774594717e-11,1.0435164314571134e-05,0.9999999999305991,1.9995448288915365e-05,-2.4996435561347497e-05,3.394592984120319e-05,0.0017129101114573997,-1.531277165900102e-06,0.0017129101114573997,2.086743678944027e-05,-2.6077113449928283e-05,3.540409606459582e-05,0.0017951676021692835,-1.6109035961834644e-06,0.0017951676021692835,8.719885005249062e-05,-0.00010806778885807841,0.00014581662233926313,0.008225749071188376,-7.962643028336225e-06,0.008225749071188376,0.5,True,False,True,2.3007152637655313e-07,9.847774188263087e-07
1.1500000000000008,1786130336.5629714,0.003023800003575161,HOLD,8,inverse kinematics failed,0.0,-0.0002219017698460002,0.004705415665925742,0.0,0.004072343356925533,0.004139786990410874,0.008195408194246488,0.9999495554615678,-0.00013813552194577873,0.003501973669418415,0.0,0.0030351967935805684,0.0030772078801382507,0.006101977309927589,0.9999720417316655,-0.015995588054152368,-0.29051369857409576,0.31800005788639696,5.4689418072657346e-06,5.7054655774594717e-11,1.0435164314571134e-05,0.9999999999305991,-0.015995419126390343,-0.2905135727334059,0.31800006808652337,5.678452566063545e-06,6.15092161610168e-11,1.0834954711001836e-05,0.9999999999251795,2.086743678944027e-05,-2.6077113449928283e-05,3.540409606459582e-05,0.0017951676021692835,-1.6109035961834644e-06,0.0017951676021692835,2.1666759581588104e-05,-2.7067734847794e-05,3.6740748436039066e-05,0.0018705703019885104,-1.6838944906098798e-06,0.0018705703019885104,7.993227921478307e-05,-9.906213978657187e-05,0.00013366523714432454,0.007540269981922677,-7.299089442641539e-06,0.007540269981922677,0.5,True,False,True,2.1089454850286555e-07,9.027228127824638e-07
1.1600000000000008,1786130336.565991,0.0030319000070448965,HOLD,8,inverse kinematics failed,0.0,-0.0002524491509349969,0.00501808574256077,0.0,0.004340529827942641,0.004417234141234129,0.008738756207819671,0.999942639346525,-0.00016109536367178853,0.003806506477782975,0.0,0.0032974614355069667,0.0033464429764265835,0.006631753101529369,0.999966973413766,-0.015995419126390343,-0.2905135727334059,0.31800006808652337,5.678452566063545e-06,6.15092161610168e-11,1.0834954711001836e-05,0.9999999999251795,-0.015995264280567398,-0.2905134573793462,0.31800007743650005,5.870504081724994e-06,6.573961467009406e-11,1.1201434075901039e-05,0.9999999999200325,2.1666759581588104e-05,-2.7067734847794e-05,3.6740748436039066e-05,0.0018705703019885104,-1.6838944906098798e-06,0.0018705703019885104,2.239947214105695e-05,-2.7975804462504243e-05,3.796601310986204e-05,0.0019396894434894683,-1.7508028105007606e-06,0.0019396894434894683,7.327125594688448e-05,-9.08069614710242e-05,0.0001225264673822975,0.006911914150095787,-6.690831989088077e-06,0.006911914150095787,0.5,True,False,True,1.933163470460076e-07,8.275044643001585e-07
1.1700000000000008,1786130336.5694747,0.0030968999926699325,HOLD,8,inverse kinematics failed,0.0,-0.00028496048015005937,0.0053305577137630214,0.0,0.004608243693676308,0.004694797765678156,0.00928160472669851,0.9999352852948517,-0.0001859736298389074,0.004112634828203001,0.0,0.003560824265199457,0.0036173548536047374,0.0071641621876137665,0.9999614542843964,-0.015995264280567398,-0.2905134573793462,0.31800007743650005,5.870504081724994e-06,6.573961467009406e-11,1.1201434075901039e-05,0.9999999999200325,-0.015995122342449774,-0.29051335163804604,0.3180000860071949,6.046551292869946e-06,6.9741041798422e-11,1.1537377556330885e-05,0.9999999999151641,2.239947214105695e-05,-2.7975804462504243e-05,3.796601310986204e-05,0.0019396894434894683,-1.7508028105007606e-06,0.0019396894434894683,2.307112532057006e-05,-2.8808201609321966e-05,3.908917239419977e-05,0.002003048656532013,-1.8121354370674015e-06,0.002003048656532013,6.716531795131077e-05,-8.323971468177217e-05,0.00011231592843377269,0.006335921304254471,-6.13326265666407e-06,0.006335921304254471,0.5,True,False,True,1.772035795487242e-07,7.585529451131251e-07
1.1800000000000008,1786130336.5725327,0.003408000004128553,HOLD,8,inverse kinematics failed,0.0,-0.00031943447399958026,0.00564281924367411,0.0,0.0048754746604971816,0.004972466003132091,0.009823932224575302,0.9999274947136565,-0.0002127792084455504,0.004419995918061111,0.0,0.003824967441990537,0.003889627471207,0.007698570471882531,0.9999554852266637,-0.015995122342449774,-0.29051335163804604,0.3180000860071949,6.046551292869946e-06,6.9741041798422e-11,1.1537377556330885e-05,0.9999999999151641,-0.01599499223577457,-0.29051325470845446,0.31800009386356654,6.207927893060063e-06,7.351284181960433e-11,1.1845329160441194e-05,0.999999999910575,2.307112532057006e-05,-2.8808201609321966e-05,3.908917239419977e-05,0.002003048656532013,-1.8121354370674015e-06,0.002003048656532013,2.3686807401790408e-05,-2.9571232327238213e-05,4.0118735071509356e-05,0.0020611279351543457,-1.8683570114201554e-06,0.0020611279351543457,6.156820812203487e-05,-7.630307179162449e-05,0.00010295626773095829,0.005807927862233265,-5.622157435275397e-06,0.005807927862233265,0.5,True,False,True,1.6243403347376204e-07,6.953462377789078e-07
1.1900000000000008,1786130336.5755553,0.003051199993933551,HOLD,8,inverse kinematics failed,0.0,-0.00035586977150932065,0.005954858004743513,0.0,0.005142212490923084,0.0052502269556994,0.010365717215845614,0.9999192690783657,-0.00024151892906702652,0.004728297342753511,0.0,0.004089634928166488,0.004163005895559971,0.00823446694178291,0.9999490676140723,-0.01599499223577457,-0.29051325470845446,0.31800009386356654,6.207927893060063e-06,7.351284181960433e-11,1.1845329160441194e-05,0.999999999910575,-0.0159948729740666,-0.29051316585627324,0.31800010106515747,6.35585643455907e-06,7.705756575658152e-11,1.2127620999344857e-05,0.999999999906262,2.3686807401790408e-05,-2.9571232327238213e-05,4.0118735071509356e-05,0.0020611279351543457,-1.8683570114201554e-06,0.0020611279351543457,2.4251182642909062e-05,-3.0270677151994772e-05,4.106250085904314e-05,0.002114367273891484,-1.9198934545768466e-06,0.002114367273891484,5.643752411186529e-05,-6.994448247565577e-05,9.437657875337843e-05,0.0053239338737138256,-5.153644315669113e-06,0.0053239338737138256,0.5,True,False,True,1.4889569506327176e-07,6.374057914164354e-07
1.2000000000000008,1786130336.578567,0.0030217000021366403,HOLD,8,inverse kinematics failed,0.0,-0.0003942649342761118,0.00626666167821524,0.0,0.005408447004032084,0.0055280686888809025,0.010906938256542511,0.9999106099324298,-0.00027219796072837604,0.005037302957720381,0.0,0.00435462008588029,0.004437284017892736,0.008771438952915503,0.9999422031563362,-0.0159948729740666,-0.29051316585627324,0.31800010106515747,6.35585643455907e-06,7.705756575658152e-11,1.2127620999344857e-05,0.999999999906262,-0.015994763653140256,-0.2905130844083936,0.3180001076665459,6.491457590117192e-06,8.038020119736688e-11,1.2386390928650262e-05,0.9999999999022192,2.4251182642909062e-05,-3.0270677151994772e-05,4.106250085904314e-05,0.002114367273891484,-1.9198934545768466e-06,0.002114367273891484,2.4768526613934494e-05,-3.0911834908021614e-05,4.1927619497615777e-05,0.002163170001067194,-1.9671351941371467e-06,0.002163170001067194,5.173439710254318e-05,-6.411577560268446e-05,8.651186385726355e-05,0.004880272717571007,-4.72417395603002e-06,0.004880272717571007,0.5,True,False,True,1.364858980528167e-07,5.842929050700738e-07
1.2100000000000009,1786130336.5815709,0.0030119000002741814,HOLD,8,inverse kinematics failed,0.0,-0.00043461844652467607,0.006578217954614152,0.0,0.005674168075866905,0.005805979232264247,0.011447573945265285,0.9999015188870197,-0.00030482012987702404,0.005346821580145753,0.0,0.004619755765181316,0.004712294739273973,0.009309152477502962,0.999934893788146,-0.015994763653140256,-0.2905130844083936,0.3180001076665459,6.491457590117192e-06,8.038020119736688e-11,1.2386390928650262e-05,0.9999999999022192,-0.015994663444228778,-0.29051300974779787,0.3180001137177598,6.615758642942641e-06,8.348754716844042e-11,1.262359872251001e-05,0.9999999998984382,2.4768526613934494e-05,-3.0911834908021614e-05,4.1927619497615777e-05,0.002163170001067194,-1.9671351941371467e-06,0.002163170001067194,2.5242758587374472e-05,-3.1499562851046225e-05,4.272064491630736e-05,0.0022079058343115947,-2.010440122067422e-06,0.0022079058343115947,4.742319734399791e-05,-5.877279430246075e-05,7.930254186915825e-05,0.004473583324440089,-4.330492793027518e-06,0.004473583324440089,0.5,True,False,True,1.2511054184442397e-07,5.356054115681624e-07
1.2200000000000009,1786130336.5856247,0.0030045000021345913,HOLD,8,inverse kinematics failed,0.0,-0.0004769287151674406,0.006889514534231929,0.0,0.005939365639830584,0.006083946580219718,0.011987602924102591,0.9998919976207128,-0.00033938817450363266,0.005656697960006826,0.0,0.004884906382921318,0.004987902127016635,0.009847336320090504,0.9999271415905263,-0.015994663444228778,-0.29051300974779787,0.3180001137177598,6.615758642942641e-06,8.348754716844042e-11,1.262359872251001e-05,0.9999999998984382,-0.0159945715876881,-0.2905129413088855,0.31800011926465643,6.7297012691766356e-06,8.638770445729665e-11,1.2841040902054063e-05,0.9999999998949094,2.5242758587374472e-05,-3.1499562851046225e-05,4.272064491630736e-05,0.0022079058343115947,-2.010440122067422e-06,0.0022079058343115947,2.5677471229694454e-05,-3.203831346548545e-05,4.3447584883441314e-05,0.0022489136814522956,-2.050136306003508e-06,0.0022489136814522956,4.347126423199808e-05,-5.387506144392235e-05,7.269399671339505e-05,0.004100784714070081,-3.969618393608558e-06,0.004100784714070081,0.5,True,False,True,1.1468337653747608e-07,4.909746369776434e-07
1.2300000000000009,1786130336.5896251,0.004142200006754138,HOLD,8,inverse kinematics failed,0.0,-0.0005211940698674533,0.007200539127612636,0.0,0.006204029687073357,0.006361958692602288,0.012527003879549903,0.9998820478791672,-0.00037590394723626487,0.005966805564691279,0.0,0.00514996159273137,0.005263995146645885,0.010385769503786323,0.9999189487365983,-0.0159945715876881,-0.2905129413088855,0.31800011926465643,6.7297012691766356e-06,8.638770445729665e-11,1.2841040902054063e-05,0.9999999998949094,-0.015994487387227262,-0.29051287857318797,0.31800012434927005,6.8341486718290195e-06,8.908967265424667e-11,1.304036432998689e-05,0.9999999998916217,2.5677471229694454e-05,-3.203831346548545e-05,4.3447584883441314e-05,0.0022489136814522956,-2.050136306003508e-06,0.0022489136814522956,2.607595781848777e-05,-3.253216819538807e-05,4.411394651998077e-05,0.002286504207997938,-2.0865244746115865e-06,0.002286504207997938,3.984865887933157e-05,-4.938547299026215e-05,6.663616365394546e-05,0.003759052654564241,-3.6388168608078445e-06,0.003759052654564241,0.5,True,False,True,1.0512534729907723e-07,4.500626128077375e-07
1.2400000000000009,1786130336.593032,0.00394699999014847,HOLD,8,inverse kinematics failed,0.0,-0.0005674127631043025,0.00751127945603788,0.0,0.006468150266870748,0.006640003495459826,0.0130657555434212,0.9998716714747874,-0.00041436857765705254,0.006277040812937845,0.0,0.005414831226538979,0.005540482653017353,0.010924271190312996,0.9999103174553808,-0.015994487387227262,-0.29051287857318797,0.31800012434927005,6.8341486718290195e-06,8.908967265424667e-11,1.304036432998689e-05,0.9999999998916217,-0.01599441020462109,-0.29051282106544196,0.31800012901013086,6.929892120218945e-06,9.160302014226382e-11,1.322307867387032e-05,0.9999999998885635,2.607595781848777e-05,-3.253216819538807e-05,4.411394651998077e-05,0.002286504207997938,-2.0865244746115865e-06,0.002286504207997938,2.644123719154831e-05,-3.298486836446547e-05,4.472477802014194e-05,0.0023209621906647767,-2.1198802958356586e-06,0.0023209621906647767,3.652793730605394e-05,-4.52700169077403e-05,6.108315001611667e-05,0.0034457982666838876,-3.3355821224071904e-06,0.0034457982666838876,0.5,True,False,True,9.636399311939299e-08,4.125595200017385e-07
1.2500000000000009,1786130336.5964153,0.0034413000103086233,HOLD,8,inverse kinematics failed,0.0,-0.0006155829702431171,0.007821723252011572,0.0,0.0067317174869928244,0.0069180688817473985,0.013603836693754884,0.9998608702863776,-0.0004547826020320463,0.006587318467009209,0.0,0.005679441252254613,0.005817289387706537,0.011462692624992605,0.9999012500087331,-0.01599441020462109,-0.29051282106544196,0.31800012901013086,6.929892120218945e-06,9.160302014226382e-11,1.322307867387032e-05,0.9999999998885635,-0.015994339454864746,-0.2905127683499886,0.31800013328255716,7.0176569444614655e-06,9.39376284767999e-11,1.3390567832117544e-05,0.9999999998857226,2.644123719154831e-05,-3.298486836446547e-05,4.472477802014194e-05,0.0023209621906647767,-2.1198802958356586e-06,0.0023209621906647767,2.6776076616853804e-05,-3.3399843519453095e-05,4.5284706895289675e-05,0.0023525486747760457,-2.150456465291058e-06,0.0023525486747760457,3.348394253054944e-05,-4.149751549876194e-05,5.5992887514773616e-05,0.0031586484111268964,-3.0576169455399243e-06,0.0031586484111268964,0.5,True,False,True,8.833289687201991e-08,3.781813454849696e-07
1.260000000000001,1786130336.6008043,0.003332399995997548,HOLD,8,inverse kinematics failed,0.0,-0.0006657027896066037,0.008131858259744208,0.0,0.006994721514064587,0.007196142712047533,0.01414122615571376,0.999849646258787,-0.0004971460669998341,0.006897567950468766,0.0,0.005943730543536197,0.006094352780569278,0.012000910699972616,0.9998917486777172,-0.015994339454864746,-0.2905127683499886,0.31800013328255716,7.0176569444614655e-06,9.39376284767999e-11,1.3390567832117544e-05,0.9999999998857226,-0.01599427460173312,-0.29051272002747314,0.31800013719892306,7.098108030412647e-06,9.610348804876432e-11,1.3544100408928597e-05,0.9999999998830871,2.6776076616853804e-05,-3.3399843519453095e-05,4.5284706895289675e-05,0.0023525486747760457,-2.150456465291058e-06,0.0023525486747760457,2.7083012756717176e-05,-3.378023741152508e-05,4.5797975030841766e-05,0.0023815029518780423,-2.178484620625174e-06,0.0023815029518780423,3.0693613986336984e-05,-3.8039389207198445e-05,5.1326813555209145e-05,0.002895427710199655,-2.802815533411597e-06,0.002895427710199655,0.5,True,False,True,8.097118071669374e-08,3.466677336274822e-07
1.270000000000001,1786130336.6042037,0.004406699998071417,HOLD,8,inverse kinematics failed,0.0,-0.0007177702425501032,0.008441672235636721,0.0,0.007257152573917472,0.007474212815296387,0.014677902802479097,0.999838001402543,-0.0005414586124498452,0.007207730405654144,0.0,0.006207648298524383,0.006371620393957475,0.012538822810668749,0.9998818157555822,-0.01599427460173312,-0.29051272002747314,0.31800013719892306,7.098108030412647e-06,9.610348804876432e-11,1.3544100408928597e-05,0.9999999998830871,-0.015994215153711182,-0.2905126757318201,0.31800014078890443,7.17185485670163e-06,9.811053970812796e-11,1.3684839317245226e-05,0.9999999998806449,2.7083012756717176e-05,-3.378023741152508e-05,4.5797975030841766e-05,0.0023815029518780423,-2.178484620625174e-06,0.0023815029518780423,2.7364370884925264e-05,-3.4128931812591066e-05,4.6268470821764515e-05,0.0024080443725548726,-2.2041770963481135e-06,0.0024080443725548726,2.81358128208089e-05,-3.486944010659857e-05,4.7049579092275044e-05,0.002654142067683017,-2.5692475722939637e-06,0.002654142067683017,0.5,True,False,True,7.422304329820083e-08,3.1778001643807833e-07
1.280000000000001,1786130336.607731,0.0034085999941453338,HOLD,8,inverse kinematics failed,0.0,-0.0007717832735397335,0.008751152948763831,0.0,0.0075190009519319305,0.007752266989515706,0.015213845556138637,0.9998259377934753,-0.0005877195377706508,0.0075177563422786,0.0,0.006471151977196799,0.006649047880509976,0.013076342745672808,0.9998714535452887,-0.015994215153711182,-0.2905126757318201,0.31800014078890443,7.17185485670163e-06,9.811053970812796e-11,1.3684839317245226e-05,0.9999999998806449,-0.01599416066026419,-0.29051263512745984,0.31800014407970306,7.239456112008917e-06,9.99685547771327e-11,1.3813850582241542e-05,0.999999999878384,2.7364370884925264e-05,-3.4128931812591066e-05,4.6268470821764515e-05,0.0024080443725548726,-2.2041770963481135e-06,0.0024080443725548726,2.7622282502449345e-05,-3.444856834690155e-05,4.669975863011037e-05,0.0024323740081753004,-2.2277285324274747e-06,0.0024323740081753004,2.5791161752408157e-05,-3.196365343104869e-05,4.312878083458545e-05,0.0024329635620427654,-2.355143607936133e-06,0.0024329635620427654,0.5,True,False,True,6.803733675686332e-08,2.9129940764536323e-07
1.290000000000001,1786130336.6109772,0.003510100010316819,HOLD,8,inverse kinematics failed,0.0,-0.0008277397502335194,0.009060288181356896,0.0,0.007780256993371082,0.008030293002550506,0.01574903338856853,0.9998134575723294,-0.0006359278548089482,0.007827603758430689,0.0,0.006734205653167992,0.006926597351361717,0.013613397402539319,0.9998606643600465,-0.01599416066026419,-0.29051263512745984,0.31800014407970306,7.239456112008917e-06,9.99685547771327e-11,1.3813850582241542e-05,0.999999999878384,-0.015994110708419336,-0.2905125979067866,0.3180001470962538,7.301423927570526e-06,1.0168704278214192e-10,1.3932111411847597e-05,0.9999999998762927,2.7622282502449345e-05,-3.444856834690155e-05,4.669975863011037e-05,0.0024323740081753004,-2.2277285324274747e-06,0.0024323740081753004,2.7858701485179755e-05,-3.474156850335283e-05,4.709510578776074e-05,0.0024546761741606926,-2.249317348833556e-06,0.0024546761741606926,2.364189827304081e-05,-2.9300015645127962e-05,3.953471576503666e-05,0.0022302165985392014,-2.158881640608122e-06,0.0022302165985392014,0.5,True,False,True,6.236717807530848e-08,2.6702534705092117e-07
1.300000000000001,1786130336.6143765,0.0032312999974237755,HOLD,8,inverse kinematics failed,0.0,-0.0008856374635655695,0.009369065729286261,0.0,0.008040911103705382,0.008308278592812336,0.016283445322309093,0.9998005629443715,-0.000686082330208955,0.008137236639089088,0.0,0.006996778696683671,0.007204236072331844,0.014149924163555856,0.9998494505257526,-0.015994110708419336,-0.2905125979067866,0.3180001470962538,7.301423927570526e-06,1.0168704278214192e-10,1.3932111411847597e-05,0.9999999998762927,-0.015994064919632903,-0.29051256378782786,0.31800014986141284,7.358227756972455e-06,1.0327518621782954e-10,1.4040517595281517e-05,0.9999999998743602,2.7858701485179755e-05,-3.474156850335283e-05,4.709510578776074e-05,0.0024546761741606926,-2.249317348833556e-06,0.0024546761741606926,2.8075418886015963e-05,-3.5010151980099836e-05,4.745750734894025e-05,0.0024751198263139687,-2.269107097205797e-06,0.0024751198263139687,2.167174008362074e-05,-2.685834767470063e-05,3.624015611795027e-05,0.002044365215327601,-1.9789748372241115e-06,0.002044365215327601,0.5,True,False,True,5.7169593415025155e-08,2.447739826671857e-07
1.310000000000001,1786130336.6175785,0.003406100004212931,HOLD,8,inverse kinematics failed,0.0,-0.0009454741278333012,0.009677473402543043,0.0,0.008300953748928332,0.00858621147002811,0.016817060431434376,0.9997872561789811,-0.000738181519265736,0.008446623756326568,0.0,0.007258844722278481,0.007481935422209059,0.014685868798921123,0.9998378143845414,-0.015994064919632903,-0.29051256378782786,0.31800014986141284,7.358227756972455e-06,1.0327518621782954e-10,1.4040517595281517e-05,0.9999999998743602,-0.015994022946918658,-0.2905125325121088,0.3180001523961316,7.410297932628048e-06,1.0474179241401884e-10,1.4139890285501224e-05,0.9999999998725755,2.8075418886015963e-05,-3.5010151980099836e-05,4.745750734894025e-05,0.0024751198263139687,-2.269107097205797e-06,0.0024751198263139687,2.8274076503449152e-05,-3.525635350045126e-05,4.7789708780021456e-05,0.002493859840787805,-2.2872476998803512e-06,0.002493859840787805,1.986576174331901e-05,-2.4620152035142242e-05,3.322014310812108e-05,0.0018740014473836342,-1.8140602674554353e-06,0.0018740014473836342,0.5,True,False,True,5.2405191953626184e-08,2.2437677918753073e-07
1.320000000000001,1786130336.6206057,0.0031891999969957396,HOLD,8,inverse kinematics failed,0.0,-0.0010072473807876626,0.009985499025720379,0.0,0.008560375455863153,0.00886407931599432,0.017349857842415405,0.999773539609237,-0.0007922237929974597,0.008755737710606745,0.0,0.007520380747929333,0.007759670060484879,0.015221183791382934,0.9998257582988886,-0.015994022946918658,-0.2905125325121088,0.3180001523961316,7.410297932628048e-06,1.0474179241401884e-10,1.4139890285501224e-05,0.9999999998725755,-0.01599398447221633,-0.2905125038426939,0.31800015471961507,7.458028925881447e-06,1.0609526332626821e-10,1.4230982216841756e-05,0.9999999998709285,2.8274076503449152e-05,-3.525635350045126e-05,4.7789708780021456e-05,0.002493859840787805,-2.2872476998803512e-06,0.002493859840787805,2.8456179319429575e-05,-3.548203822744006e-05,4.8094226758512565e-05,0.0025110381873888216,-2.3038765856653594e-06,0.0025110381873888216,1.8210281598042424e-05,-2.2568472698880386e-05,3.0451797849110987e-05,0.0017178346601016644,-1.6628885785008155e-06,0.0017178346601016644,0.5,True,False,True,4.803786678350452e-08,2.056792422861287e-07
1.330000000000001,1786130336.6238241,0.00311879999935627,HOLD,8,inverse kinematics failed,0.0,-0.0010709547837264022,0.010293130438494094,0.0,0.008819166812460482,0.009141869785336593,0.017881816734977116,0.9997594156314902,-0.0008482073597991482,0.00906455416474815,0.0,0.007781366523215617,0.008037417262460484,0.01575582699766876,0.9998132846558903,-0.01599398447221633,-0.2905125038426939,0.31800015471961507,7.458028925881447e-06,1.0609526332626821e-10,1.4230982216841756e-05,0.9999999998709285,-0.015993949203979275,-0.29051247756239196,0.3180001568494675,7.501782335434987e-06,1.0734357639742361e-10,1.4314483404843712e-05,0.9999999998694095,2.8456179319429575e-05,-3.548203822744006e-05,4.8094226758512565e-05,0.0025110381873888216,-2.3038765856653594e-06,0.0025110381873888216,2.8623106900744963e-05,-3.568891589384647e-05,4.837336823879608e-05,0.00252678500510642,-2.3191197309682833e-06,0.00252678500510642,1.6692758131538886e-05,-2.068776664064035e-05,2.7914148028351737e-05,0.0015746817717598588,-1.5243145302924141e-06,0.0015746817717598588,0.5,True,False,True,4.403452152706731e-08,1.8853974911581165e-07
1.340000000000001,1786130336.6268544,0.0031270999897969887,HOLD,8,inverse kinematics failed,0.0,-0.0011365938215903316,0.010600355496102762,0.0,0.009077318468086995,0.009419570506274495,0.018412916342948865,0.9997448867049302,-0.0009061302827668058,0.009373051231856479,0.0,0.00804178399253203,0.008315156388104093,0.016289760579048206,0.9998003958714641,-0.015993949203979275,-0.29051247756239196,0.3180001568494675,7.501782335434987e-06,1.0734357639742361e-10,1.4314483404843712e-05,0.9999999998694095,-0.015993916874963713,-0.2905124534721111,0.318000158801826,7.541889626740331e-06,1.084942756104038e-10,1.4391026371371287e-05,0.9999999998680091,2.8623106900744963e-05,-3.568891589384647e-05,4.837336823879608e-05,0.00252678500510642,-2.3191197309682833e-06,0.00252678500510642,2.877612385028407e-05,-3.5878553754719004e-05,4.862924792905597e-05,0.002541219588014219,-2.3330926141626306e-06,0.002541219588014219,1.5301694953910643e-05,-1.8963786087253655e-05,2.558796902598909e-05,0.0014434582907798706,-1.3972883194347128e-06,0.0014434582907798706,0.5,True,False,True,4.036481864262239e-08,1.728284761719347e-07
1.350000000000001,1786130336.6300902,0.0030239000043366104,HOLD,8,inverse kinematics failed,0.0,-0.0012041619030626395,0.010907162069827158,0.0,0.009334821133804976,0.009697169081391429,0.018943135955108464,0.9997299553511404,-0.0009659904935621246,0.009681208986298836,0.0,0.008301616866220244,0.008592868457789657,0.016822950146957737,0.9997870943943149,-0.015993916874963713,-0.2905124534721111,0.318000158801826,7.541889626740331e-06,1.084942756104038e-10,1.4391026371371287e-05,0.9999999998680091,-0.015993887240202273,-0.2905124313893503,0.3180001605914829,7.578654643106448e-06,1.095544713153856e-10,1.4461190934535126e-05,0.9999999998667191,2.877612385028407e-05,-3.5878553754719004e-05,4.862924792905597e-05,0.002541219588014219,-2.3330926141626306e-06,0.002541219588014219,2.8916389387361584e-05,-3.605238846051883e-05,4.8863804311794206e-05,0.0025544512890130345,-2.3459010904241155e-06,0.0025544512890130345,1.4026553707751422e-05,-1.7383470579982516e-05,2.345563827382333e-05,0.001323170099881548,-1.2808476261484866e-06,0.001323170099881548,0.5,True,False,True,3.700094973462141e-08,1.5842641642304086e-07
1.360000000000001,1786130336.6333454,0.0032826000096974894,HOLD,8,inverse kinematics failed,0.0,-0.0012736563606711494,0.01121353804746909,0.0,0.00959166558264288,0.009974653088409632,0.019472454916019708,0.9997146241536433,-0.0010277858035131642,0.009989009073005421,0.0,0.008560850277936136,0.008870535813445036,0.017355364080479455,0.9997733827095695,-0.015993887240202273,-0.2905124313893503,0.3180001605914829,7.578654643106448e-06,1.095544713153856e-10,1.4461190934535126e-05,0.9999999998667191,-0.015993860075146735,-0.2905124111468166,0.31800016223199723,7.612355907547981e-06,1.1053084489875133e-10,1.4525508599649232e-05,0.9999999998655309,2.8916389387361584e-05,-3.605238846051883e-05,4.8863804311794206e-05,0.0025544512890130345,-2.3459010904241155e-06,0.0025544512890130345,2.904496612968264e-05,-3.621173694083534e-05,4.907881432930425e-05,0.002566580348261949,-2.35764219366381e-06,0.002566580348261949,1.2857674232105469e-05,-1.593484803165064e-05,2.1501001751004716e-05,0.001212905924891419,-1.174110323969446e-06,0.001212905924891419,0.5,True,False,True,3.391742473237988e-08,1.4522447828177365e-07
1.370000000000001,1786130336.636375,0.0032110999891301617,HOLD,8,inverse kinematics failed,0.0,-0.0013450744508936797,0.01151947133382956,0.0,0.009847842649856746,0.010252010080970044,0.02000085262686334,0.9996988957574385,-0.0010915139125067719,0.010296434395348221,0.0,0.008819470510925123,0.009148141847951086,0.01788697298114529,0.999759263342035,-0.015993860075146735,-0.2905124111468166,0.31800016223199723,7.612355907547981e-06,1.1053084489875133e-10,1.4525508599649232e-05,0.9999999998655309,-0.015993835173965514,-0.29051239259115824,0.3180001637357984,7.643248732812587e-06,1.1142965837827344e-10,1.4584466584438208e-05,0.9999999998644371,2.904496612968264e-05,-3.621173694083534e-05,4.907881432930425e-05,0.002566580348261949,-2.35764219366381e-06,0.002566580348261949,2.916282814347694e-05,-3.6357806381125465e-05,4.927590684535513e-05,0.002577698652573454,-2.36840487163353e-06,0.002577698652573454,1.1786201379430011e-05,-1.4606944029013085e-05,1.9709251605087656e-05,0.0011118304311504672,-1.076267796971992e-06,0.0011118304311504672,0.5,True,False,True,3.109087809618551e-08,1.331226596070063e-07
1.380000000000001,1786130336.639421,0.003024600009666756,HOLD,8,inverse kinematics failed,0.0,-0.0014184133542663126,0.011824949851186265,0.0,0.010103343233182594,0.010529227589417071,0.02052830854626132,0.9996827728685297,-0.001157172416116839,0.01060346886581327,0.0,0.009077464779359001,0.009425670789080033,0.018417749237474502,0.9997447388590655,-0.015993835173965514,-0.29051239259115824,0.3180001637357984,7.643248732812587e-06,1.1142965837827344e-10,1.4584466584438208e-05,0.9999999998644371,-0.01599381234798329,-0.29051237558180276,0.3180001651142797,7.671567155572221e-06,1.1225676744894279e-10,1.4638511508947724e-05,0.9999999998634306,2.916282814347694e-05,-3.6357806381125465e-05,4.927590684535513e-05,0.002577698652573454,-2.36840487163353e-06,0.002577698652573454,2.9270868322788383e-05,-3.6491703368058086e-05,4.945657498506843e-05,0.0025878904315256666,-2.37827065977244e-06,0.0025878904315256666,1.0804017931144176e-05,-1.3389698693261994e-05,1.806681397133035e-05,0.0010191778952212615,-9.865788138909926e-07,0.0010191778952212615,0.5,True,False,True,2.8499892085289242e-08,1.2202929049256973e-07
1.390000000000001,1786130336.642479,0.0030475999956252053,HOLD,8,inverse kinematics failed,0.0,-0.0014936701754947159,0.012129961539770404,0.0,0.010358158293079688,0.01080629312158804,0.02105480219109449,0.9996662582534431,-0.0012247588113233304,0.010910097206853297,0.0,0.009334821053669354,0.009703107527016027,0.018947666677195253,0.9997298118730406,-0.01599381234798329,-0.29051237558180276,0.3180001651142797,7.671567155572221e-06,1.1225676744894279e-10,1.4638511508947724e-05,0.9999999998634306,-0.015993791424250756,-0.29051235998989183,0.318000166377885,7.697525709431441e-06,1.1301763670462465e-10,1.4688052778077795e-05,0.9999999998625047,2.9270868322788383e-05,-3.6491703368058086e-05,4.945657498506843e-05,0.0025878904315256666,-2.37827065977244e-06,0.0025878904315256666,2.9369905153823872e-05,-3.661444227274632e-05,4.962218744647229e-05,0.002597232895565195,-2.3873142988997743e-06,0.002597232895565195,9.903683103548827e-06,-1.2273890468823494e-05,1.6561246140386152e-05,0.0009342464039528229,-9.043639127334098e-07,0.0009342464039528229,0.5,True,False,True,2.612483431334692e-08,1.1186033911832045e-07
1.400000000000001,1786130336.6458933,0.003057599999010563,HOLD,8,inverse kinematics failed,0.0,-0.0015708419435684518,0.01243449435824277,0.0,0.010612278852964743,0.011083194163607347,0.02158031313731343,0.9996493547387375,-0.0012942705011057165,0.011216304791841068,0.0,0.009591527921035565,0.009980437476702023,0.019476700289530875,0.9997144850434776,-0.015993791424250756,-0.29051235998989183,0.318000166377885,7.697525709431441e-06,1.1301763670462465e-10,1.4688052778077795e-05,0.9999999998625047,-0.01599377224423362,-0.29051234569730533,0.31800016753618765,7.72132105018473e-06,1.1371735746205689e-10,1.4733465682335151e-05,0.9999999998616531,2.9369905153823872e-05,-3.661444227274632e-05,4.962218744647229e-05,0.002597232895565195,-2.3873142988997743e-06,0.002597232895565195,2.94606889156064e-05,-3.67269529353772e-05,4.977399886942583e-05,0.0026057968209347625,-2.395604301433164e-06,0.0026057968209347625,9.078376178253092e-06,-1.1251066263088201e-05,1.5181142295353971e-05,0.0008563925369567543,-8.290002533389589e-07,0.0008563925369567543,0.5,True,False,True,2.3947708688250176e-08,1.02538775414329e-07
1.410000000000001,1786130336.6512575,0.0035601999989012256,HOLD,8,inverse kinematics failed,0.0,-0.0016499256118782557,0.01273853628416914,0.0,0.010865695999436998,0.01135991818068508,0.022104821020742575,0.9996320652105039,-0.0013657047981374749,0.01152207751806832,0.0,0.00984757447396179,0.010257646468016116,0.02000482600347092,0.9996987610788001,-0.01599377224423362,-0.29051234569730533,0.31800016753618765,7.72132105018473e-06,1.1371735746205689e-10,1.4733465682335151e-05,0.9999999998616531,-0.015993754662610903,-0.29051233259576664,0.3180001685979632,7.743133445635529e-06,1.1436066455596259e-10,1.4775094240271032e-05,0.9999999998608703,2.94606889156064e-05,-3.67269529353772e-05,4.977399886942583e-05,0.0026057968209347625,-2.395604301433164e-06,0.0026057968209347625,2.9543907363907054e-05,-3.683008770945551e-05,4.991315934046658e-05,0.002613647085856866,-2.4032034704221043e-06,0.002613647085856866,8.321844830065333e-06,-1.031347740783085e-05,1.3916047104074473e-05,0.0007850264922103581,-7.599168988940455e-07,0.0007850264922103581,0.5,True,False,True,2.1952019056562292e-08,9.39939877258014e-08
1.420000000000001,1786130336.6567128,0.005290400004014373,HOLD,8,inverse kinematics failed,0.0,-0.0017309180583363116,0.013042075314494878,0.0,0.011118400882494238,0.011636452617920137,0.022628305537877435,0.9996143926138576,-0.0014390589277628021,0.011827401705353152,0.0,0.010102950221296836,0.01053472065818631,0.020532020510776218,0.9996826427377966,-0.015993754662610903,-0.29051233259576664,0.3180001685979632,7.743133445635529e-06,1.1436066455596259e-10,1.4775094240271032e-05,0.9999999998608703,-0.015993738546173544,-0.2905123205860217,0.318000169571256,7.7631281412634e-06,1.1495195640786454e-10,1.4813253804117561e-05,0.9999999998601508,2.9543907363907054e-05,-3.683008770945551e-05,4.991315934046658e-05,0.002613647085856866,-2.4032034704221043e-06,0.002613647085856866,2.9620190941515987e-05,-3.692462791902729e-05,5.004072310558726e-05,0.002620843162035461,-2.410169375328633e-06,0.002620843162035461,7.628357760893221e-06,-9.454020957178279e-06,1.2756376512068266e-05,0.0007196076178594948,-6.96590490652875e-07,0.0007196076178594948,0.5,True,False,True,2.01226445831579e-08,8.616124806607564e-08
1.430000000000001,1786130336.6620028,0.005481899992446415,HOLD,8,inverse kinematics failed,0.0,-0.0018138160854995256,0.013345099466018813,0.0,0.011370384715739663,0.011912784901107632,0.023150746446674995,0.9995963399524219,-0.001514330030400299,0.012132264015111752,0.0,0.0103576450171852,0.01081164646197574,0.021058261124727067,0.9996661328307977,-0.015993738546173544,-0.2905123205860217,0.318000169571256,7.7631281412634e-06,1.1495195640786454e-10,1.4813253804117561e-05,0.9999999998601508,-0.015993723772814775,-0.29051230957708807,0.31800017046343976,7.781456612085355e-06,1.1549531303769632e-10,1.4848233448345222e-05,0.9999999998594895,2.9620190941515987e-05,-3.692462791902729e-05,5.004072310558726e-05,0.002620843162035461,-2.410169375328633e-06,0.002620843162035461,2.9690117554324174e-05,-3.701128977780142e-05,5.015765655694788e-05,0.002627439565199173,-2.4165547881596176e-06,0.002627439565199173,6.992661280818786e-06,-8.666185877413421e-06,1.1693345136062577e-05,0.0006596403163712035,-6.385412830984687e-07,0.0006596403163712035,0.5,True,False,True,1.8445724203373332e-08,7.898122191248719e-08
1.440000000000001,1786130336.6671457,0.005271900008665398,HOLD,8,inverse kinematics failed,0.0,-0.0018986164206957147,0.013647596775866295,0.0,0.01162163877657971,0.012188902437550567,0.02367212356733713,0.9995779102878012,-0.0015915151634893008,0.012436651385783532,0.0,0.010611649004344071,0.011088410496068304,0.021583525667430655,0.9996492342206054,-0.015993723772814775,-0.29051230957708807,0.31800017046343976,7.781456612085355e-06,1.1549531303769632e-10,1.4848233448345222e-05,0.9999999998594895,-0.015993710230604627,-0.29051229948556473,0.31800017128127367,7.798257710195398e-06,1.1599451521730419e-10,1.4880298159222214e-05,0.999999999858882,2.9690117554324174e-05,-3.701128977780142e-05,5.015765655694788e-05,0.002627439565199173,-2.4165547881596176e-06,0.002627439565199173,2.9754216949398347e-05,-3.709072981501104e-05,5.026484555402846e-05,0.0026334862680992424,-2.422408083254687e-06,0.0026334862680992424,6.40993950741722e-06,-7.944003720962302e-06,1.0718899708057362e-05,0.0006046702900069365,-5.853295095069296e-07,0.0006046702900069365,0.5,True,False,True,1.6908552608552527e-08,7.239951883670711e-08
1.450000000000001,1786130336.6702008,0.00506709999172017,HOLD,8,inverse kinematics failed,0.0,-0.001985315716152858,0.013949555301961495,0.0,0.01187215440641277,0.012464792616875615,0.024192416783087062,0.9995591067390472,-0.0016706113030713207,0.01274055098132457,0.0,0.010864952568785433,0.011364999534801717,0.022107792379946742,0.9996319498232024,-0.015993710230604627,-0.29051229948556473,0.31800017128127367,7.798257710195398e-06,1.1599451521730419e-10,1.4880298159222214e-05,0.999999999858882,-0.015993697816941734,-0.29051229023500114,0.31800017203095393,7.813658716675464e-06,1.1645306288718098e-10,1.4909690841951109e-05,0.999999999858324,2.9754216949398347e-05,-3.709072981501104e-05,5.026484555402846e-05,0.0026334862680992424,-2.422408083254687e-06,0.0026334862680992424,2.981297472821634e-05,-3.7163549849119865e-05,5.036310213468565e-05,0.0026390290790909727,-2.4277736037585e-06,0.0026390290790909727,5.875777881799118e-06,-7.28200341088211e-06,9.825658065719248e-06,0.000554281099173025,-5.36552050381352e-07,0.000554281099173025,0.5,True,False,True,1.5499483013868848e-08,6.636628056843686e-08
1.460000000000001,1786130336.6732824,0.003057599999010563,HOLD,8,inverse kinematics failed,0.0,-0.002073910549131214,0.01425096312349884,0.0,0.012121923010808796,0.012740442811852938,0.024711606040938805,0.9995399324821173,-0.0017516153450804629,0.013043950150144047,0.0,0.01111754630368123,0.011641400474968332,0.022631039850644383,0.9996142826082697,-0.015993697816941734,-0.29051229023500114,0.31800017203095393,7.813658716675464e-06,1.1645306288718098e-10,1.4909690841951109e-05,0.999999999858324,-0.01599368643777576,-0.2905122817553174,0.31800017271816006,7.827776305847142e-06,1.1687419241908495e-10,1.4936634160578219e-05,0.9999999998578115,2.981297472821634e-05,-3.7163549849119865e-05,5.036310213468565e-05,0.0026390290790909727,-2.4277736037585e-06,0.0026390290790909727,2.9866836025466163e-05,-3.7230301547052954e-05,5.0453170666954743e-05,0.0026441099891667255,-2.4326919975536623e-06,0.0026441099891667255,5.386129724982525e-06,-6.6751697933086e-06,9.00685322690931e-06,0.0005080910075752729,-4.918393795162393e-07,0.0005080910075752729,0.5,True,False,True,1.4207839622381913e-08,6.083580337604669e-08
1.470000000000001,1786130336.676346,0.003076000008150004,HOLD,8,inverse kinematics failed,0.0,-0.002164397422058484,0.014551808341413626,0.0,0.01237093605967985,0.013015840379219885,0.025229671352459494,0.9995203907493219,-0.0018345241064018675,0.01334683639238573,0.0,0.011369420980532143,0.011917600307862064,0.023153246958124107,0.9995962355995374,-0.01599368643777576,-0.2905122817553174,0.31800017271816006,7.827776305847142e-06,1.1687419241908495e-10,1.4936634160578219e-05,0.9999999998578115,-0.015993676006894608,-0.29051227398227353,0.3180001733480983,7.840717429168864e-06,1.1726089538279147e-10,1.4961332224605852e-05,0.9999999998573409,2.9866836025466163e-05,-3.7230301547052954e-05,5.0453170666954743e-05,0.0026441099891667255,-2.4326919975536623e-06,0.0026441099891667255,2.99162088812785e-05,-3.7291490603491615e-05,5.0535733488201413e-05,0.0026487674900694987,-2.437200525199228e-06,0.0026487674900694987,4.937285581233981e-06,-6.118905643866216e-06,8.256282124666866e-06,0.0004657500902773334,-4.5085276455655264e-07,0.0004657500902773334,0.5,True,False,True,1.3023836412999633e-08,5.5766191905567545e-08
1.480000000000001,1786130336.679627,0.0030626999941887334,HOLD,8,inverse kinematics failed,0.0,-0.0022567727626678635,0.014852079078851776,0.0,0.012619185087441613,0.013290972660508603,0.0257465927945247,0.9995004848287666,-0.00191933432574535,0.013649197333877984,0.0,0.011620567526170137,0.012193586097115799,0.02367439282577651,0.9995778118749901,-0.015993676006894608,-0.29051227398227353,0.3180001733480983,7.840717429168864e-06,1.1726089538279147e-10,1.4961332224605852e-05,0.9999999998573409,-0.015993666445271202,-0.29051226685698284,0.3180001739255413,7.852580125475035e-06,1.1761593409618228e-10,1.498397213507761e-05,0.9999999998569088,2.99162088812785e-05,-3.7291490603491615e-05,5.0535733488201413e-05,0.0026487674900694987,-2.437200525199228e-06,0.0026487674900694987,2.9961467332439812e-05,-3.734758057189372e-05,5.0611416074344195e-05,0.002653036865897041,-2.441333342207663e-06,0.002653036865897041,4.525845116131149e-06,-5.608996840210697e-06,7.568258614277961e-06,0.0004269375827542223,-4.1328170084350657e-07,0.0004269375827542223,0.5,True,False,True,1.193850283699361e-08,5.1119041858565525e-08
1.490000000000001,1786130336.6827185,0.003325300000142306,HOLD,8,inverse kinematics failed,0.0,-0.0023510329241390685,0.015151763481638731,0.0,0.012866661693165775,0.013565826982877253,0.026262350510066524,0.9994802180637847,-0.0020060426643719494,0.0139510207054125,0.0,0.01187097700442029,0.012469344961166083,0.024194456785636777,0.999559014566948,-0.015993666445271202,-0.29051226685698284,0.3180001739255413,7.852580125475035e-06,1.1761593409618228e-10,1.498397213507761e-05,0.9999999998569088,-0.01599365768046457,-0.29051226032546623,0.3180001744548635,7.863454263694998e-06,1.1794185772344298e-10,1.5004725401843525e-05,0.9999999998565122,2.9961467332439812e-05,-3.734758057189372e-05,5.0611416074344195e-05,0.002653036865897041,-2.441333342207663e-06,0.002653036865897041,3.000295424600435e-05,-3.739899637626232e-05,5.068079177830841e-05,0.002656950460405621,-2.4451217577987285e-06,0.002656950460405621,4.148691356453553e-06,-5.141580436859805e-06,6.937570396421463e-06,0.0003913594508580371,-3.7884155910654765e-07,0.0003913594508580371,0.5,True,False,True,1.0943615783827188e-08,4.685914910655463e-08
1.500000000000001,1786130336.685741,0.003047400008654222,HOLD,8,inverse kinematics failed,0.0,-0.002447174185242335,0.015450849718747406,0.0,0.013113357540723425,0.0138403906599449,0.026776924708814525,0.9994595938523617,-0.0020946457067035204,0.014252294326281107,0.0,0.012120640601483412,0.012744864059415661,0.02471341834966497,0.9995398468620404,-0.01599365768046457,-0.29051226032546623,0.3180001744548635,7.863454263694998e-06,1.1794185772344298e-10,1.5004725401843525e-05,0.9999999998565122,-0.01599364964607095,-0.29051225433824235,0.31800017494007504,7.873422223678903e-06,1.182410169690803e-10,1.5023749242736685e-05,0.9999999998561481,3.000295424600435e-05,-3.739899637626232e-05,5.068079177830841e-05,0.002656950460405621,-2.4451217577987285e-06,0.002656950460405621,3.004098391677184e-05,-3.744612753026687e-05,5.074438617360894e-05,0.0026605379220384865,-2.4485944720905385e-06,0.0026605379220384865,3.80296707674909e-06,-4.713115400454821e-06,6.359439530053008e-06,0.000358746163286534,-3.47271429181002e-07,0.000358746163286534,0.5,True,False,True,1.0031637999288011e-08,4.295424304029054e-08
1.5100000000000011,1786130336.6887798,0.0030208999960450456,HOLD,8,inverse kinematics failed,0.0,-0.0025451927504852815,0.015749325982765273,0.0,0.013359264358919393,0.014114650992629877,0.02729029566802943,0.999438615646552,-0.0021851399608394306,0.01455300609121504,0.0,0.012369549614289592,0.013020130581351185,0.025231257186957737,0.9995203120010868,-0.01599364964607095,-0.29051225433824235,0.31800017494007504,7.873422223678903e-06,1.182410169690803e-10,1.5023749242736685e-05,0.9999999998561481,-0.015993642281220615,-0.2905122488499535,0.3180001753848521,7.882559520287854e-06,1.185155792794548e-10,1.5041187774499544e-05,0.999999999855814,3.004098391677184e-05,-3.744612753026687e-05,5.074438617360894e-05,0.0026605379220384865,-2.4485944720905385e-06,0.0026605379220384865,3.0075844448308706e-05,-3.7489331088104374e-05,5.080268103596776e-05,0.0026638264285352795,-2.4517777935246977e-06,0.0026638264285352795,3.4860531536866656e-06,-4.320355783750252e-06,5.829486235881923e-06,0.0003288506496793228,-3.183321434159185e-07,0.0003288506496793228,0.5,True,False,True,9.195659914910067e-09,3.937474213509018e-08
1.5200000000000011,1786130336.692012,0.0030408000020543113,HOLD,8,inverse kinematics failed,0.0,-0.0026450847502627996,0.016047180490360507,0.0,0.013604373941617592,0.014388595269991568,0.027802443733229664,0.9994172869518887,-0.0022775218589996264,0.014853143960042966,0.0,0.012617695441223506,0.01329513173802257,0.025747953105697344,0.999500413278898,-0.015993642281220615,-0.2905122488499535,0.3180001753848521,7.882559520287854e-06,1.185155792794548e-10,1.5041187774499544e-05,0.999999999855814,-0.01599363553011661,-0.2905122438190221,0.31800017579256407,7.890935375476577e-06,1.187675409199368e-10,1.5057173104478266e-05,0.9999999998555074,3.0075844448308706e-05,-3.7489331088104374e-05,5.080268103596776e-05,0.0026638264285352795,-2.4517777935246977e-06,0.0026638264285352795,3.0107799935550835e-05,-3.752893434945542e-05,5.085611799313001e-05,0.0026668408928240067,-2.454695838172677e-06,0.0026668408928240067,3.1955487242127767e-06,-3.960326135104397e-06,5.343695716225096e-06,0.00030144642887271254,-2.9180446479792526e-07,0.00030144642887271254,0.5,True,False,True,8.429347874963154e-09,3.6093529881605495e-08
1.5300000000000011,1786130336.6956024,0.0032605000014882535,HOLD,8,inverse kinematics failed,0.0,-0.0027468462410097706,0.016344401482747156,0.0,0.013848678147857337,0.014662210770075453,0.028313349318910434,0.9993956113267841,-0.0023717877579094208,0.01515269594952135,0.0,0.012865069574742694,0.013569854755409819,0.02626348603888397,0.9994801540440108,-0.01599363553011661,-0.2905122438190221,0.31800017579256407,7.890935375476577e-06,1.187675409199368e-10,1.5057173104478266e-05,0.9999999998555074,-0.015993629341611974,-0.2905122392073346,0.31800017616629983,7.898613242702497e-06,1.189987407275458e-10,1.507182633135271e-05,0.999999999855226,3.0107799935550835e-05,-3.752893434945542e-05,5.085611799313001e-05,0.0026668408928240067,-2.454695838172677e-06,0.0026668408928240067,3.0137092465522787e-05,-3.756523733902721e-05,5.0905101870528744e-05,0.00266960415175534,-2.4573707124333247e-06,0.00266960415175534,2.929252997195045e-06,-3.6302989571790307e-06,4.898387739873004e-06,0.0002763258931333198,-2.674874260647648e-07,0.0002763258931333198,0.5,True,False,True,7.726896493985253e-09,3.308574938582416e-08
1.5400000000000011,1786130336.6987593,0.0035931999882450327,HOLD,8,inverse kinematics failed,0.0,-0.0028504732053567907,0.016640977226149364,0.0,0.014092168901960729,0.014935484760761378,0.028822992909255676,0.9993735923819244,-0.0024679339391383095,0.015451650126900505,0.0,0.013111663595506308,0.013844286869298384,0.026777836033088913,0.9994595376983623,-0.015993629341611974,-0.2905122392073346,0.31800017616629983,7.898613242702497e-06,1.189987407275458e-10,1.507182633135271e-05,0.999999999855226,-0.015993623668822284,-0.29051223497995426,0.31800017650889073,7.905651287634007e-06,1.192108716278219e-10,1.508525846248068e-05,0.9999999998549679,3.0137092465522787e-05,-3.756523733902721e-05,5.0905101870528744e-05,0.00266960415175534,-2.4573707124333247e-06,0.00266960415175534,3.016394395133041e-05,-3.759851507946802e-05,5.0950003758144246e-05,0.002672137139109062,-2.459822680505585e-06,0.002672137139109062,2.6851485807621246e-06,-3.3277740440807777e-06,4.490188761550253e-06,0.0002532987353722098,-2.4519680722603435e-07,0.0002532987353722098,0.5,True,False,True,7.082983543591317e-09,3.03286150826949e-08
1.5500000000000012,1786130336.7018533,0.0031326000025728717,HOLD,8,inverse kinematics failed,0.0,-0.0029559615522887386,0.016936896012264602,0.0,0.014334838193631032,0.015208404500614841,0.029331355058842542,0.9993512337796558,-0.002565956609402616,0.01574999460487745,0.0,0.013357469167708644,0.014118415321360189,0.027290983239619485,0.9994385676969156,-0.015993623668822284,-0.29051223497995426,0.31800017650889073,7.905651287634007e-06,1.192108716278219e-10,1.508525846248068e-05,0.9999999998549679,-0.015993618468770288,-0.2905122311048557,0.31800017682293225,7.912102828799718e-06,1.1940549051901502e-10,1.5097571254803967e-05,0.999999999854731,3.016394395133041e-05,-3.759851507946802e-05,5.0950003758144246e-05,0.002672137139109062,-2.459822680505585e-06,0.002672137139109062,3.0188557813320728e-05,-3.762901967487209e-05,5.099116382179179e-05,0.0026744590441833073,-2.462070317905157e-06,0.0026744590441833073,2.4613861990319474e-06,-3.0504595404073793e-06,4.116006364754398e-06,0.0002321905074245256,-2.2476373995719812e-07,0.0002321905074245256,0.5,True,False,True,6.492730689751666e-09,2.78012401380392e-08
1.5600000000000012,1786130336.7048929,0.0030937999981688336,HOLD,8,inverse kinematics failed,0.0,-0.003063307117306308,0.017232146158725887,0.0,0.014576678078042181,0.015480957239741333,0.029838416393338524,0.9993285392333635,-0.002665851900839826,0.016047717537656683,0.0,0.013602478035373329,0.014392227356198474,0.027802907907609094,0.9994172475472424,-0.015993618468770288,-0.2905122311048557,0.31800017682293225,7.912102828799718e-06,1.1940549051901502e-10,1.5097571254803967e-05,0.999999999854731,-0.01599361370206036,-0.2905122275526818,0.31800017711080353,7.918016741516848e-06,1.1958403043476802e-10,1.510885798568484e-05,0.9999999998545137,3.0188557813320728e-05,-3.762901967487209e-05,5.099116382179179e-05,0.0026744590441833073,-2.462070317905157e-06,0.0026744590441833073,3.0211120520145187e-05,-3.765698222065916e-05,5.102889388013537e-05,0.002676587457168032,-2.464130652188098e-06,0.002676587457168032,2.2562706824459515e-06,-2.7962545787067643e-06,3.773005834358198e-06,0.0002128412984724818,-2.0603342829409825e-07,0.0002128412984724818,0.5,True,False,True,5.951666382433208e-09,2.5484478231442282e-08
1.5700000000000012,1786130336.7080238,0.0030916000105207786,HOLD,8,inverse kinematics failed,0.0,-0.003172505662590397,0.017526716009562984,0.0,0.01481768067591934,0.015753130220643466,0.030344157610191217,0.9993055125068439,-0.0027676158712608644,0.016344807117896053,0.0,0.013846682019412974,0.014665710219162995,0.02831359037864337,0.9993955808090665,-0.01599361370206036,-0.2905122275526818,0.31800017711080353,7.918016741516848e-06,1.1958403043476802e-10,1.510885798568484e-05,0.9999999998545137,-0.01599360933257991,-0.2905122242965223,0.3180001773746854,7.923437828159009e-06,1.1974780952943956e-10,1.5119204159511261e-05,0.9999999998543144,3.0211120520145187e-05,-3.765698222065916e-05,5.102889388013537e-05,0.002676587457168032,-2.464130652188098e-06,0.002676587457168032,3.023180300140094e-05,-3.76826145542973e-05,5.106347976695032e-05,0.0026785385024040297,-2.4660192919474605e-06,0.0026785385024040297,2.0682481255754555e-06,-2.563233363814534e-06,3.4585886814950147e-06,0.00019510452359977495,-1.888639759362567e-07,0.00019510452359977495,0.5,True,False,True,5.455691321436867e-09,2.336077852254676e-08
1.5800000000000012,1786130336.7123675,0.0030740999936824664,HOLD,8,inverse kinematics failed,0.0,-0.0032835528771694104,0.01782059393566257,0.0,0.015057838173610585,0.016024910679080916,0.030848559479310627,0.9992821574136688,-0.0028712445043853354,0.01664125157435969,0.0,0.014090073015298438,0.014938851154781154,0.028823011082611837,0.9993735710937781,-0.01599360933257991,-0.2905122242965223,0.3180001773746854,7.923437828159009e-06,1.1974780952943956e-10,1.5119204159511261e-05,0.9999999998543144,-0.01599360532722595,-0.29051222131170945,0.31800017761657695,7.928407157568195e-06,1.1989803874148045e-10,1.5128688155422472e-05,0.9999999998541316,3.023180300140094e-05,-3.76826145542973e-05,5.106347976695032e-05,0.0026785385024040297,-2.4660192919474605e-06,0.0026785385024040297,3.0250761942552048e-05,-3.7706110860132266e-05,5.109518349653069e-05,0.0026803269605370278,-2.4677505450602096e-06,0.0026803269605370278,1.8958941151108341e-06,-2.3496305834966557e-06,3.1703729580370964e-06,0.00017884581329979368,-1.7312531127490195e-07,0.00017884581329979368,0.5,True,False,True,5.001047848619473e-09,2.1414052701613344e-08
1.5900000000000012,1786130336.7155614,0.0043849000066984445,HOLD,8,inverse kinematics failed,0.0,-0.003396444377089464,0.018113768335227317,0.0,0.01529714282314975,0.016296285844932958,0.03135160284374396,0.999258477816544,-0.0029767337100637193,0.016937039170135653,0.0,0.014332642991213188,0.015211637405681556,0.029331150534536755,0.9993512220639174,-0.01599360532722595,-0.29051222131170945,0.31800017761657695,7.928407157568195e-06,1.1989803874148045e-10,1.5128688155422472e-05,0.9999999998541316,-0.015993601655654072,-0.29051221857563087,0.3180001778383109,7.932962376182519e-06,1.200358313354547e-10,1.5137381821061048e-05,0.9999999998539639,3.0250761942552048e-05,-3.7706110860132266e-05,5.109518349653069e-05,0.0026803269605370278,-2.4677505450602096e-06,0.0026803269605370278,3.0268140971940564e-05,-3.7727649140480985e-05,5.112424524864603e-05,0.0026819663804922757,-2.4693375270802294e-06,0.0026819663804922757,1.7379029388515978e-06,-2.1538280348719343e-06,2.906175211534005e-06,0.00016394199552481086,-1.5869820200199344e-07,0.00016394199552481086,0.5,True,False,True,4.584291878016238e-09,1.9629553118370996e-08
1.6000000000000012,1786130336.718605,0.003149999989545904,HOLD,8,inverse kinematics failed,0.0,-0.003511175705587444,0.018406227634233933,0.0,0.01553558694231049,0.01656724294306365,0.03185326862034316,0.9992344776266598,-0.003084079324489725,0.017232158201304592,0.0,0.014574383986593234,0.015484056211911353,0.029837989332180896,0.9993285374326355,-0.015993601655654072,-0.29051221857563087,0.3180001778383109,7.932962376182519e-06,1.200358313354547e-10,1.5137381821061048e-05,0.9999999998539639,-0.01599359829004873,-0.29051221606755884,0.3180001780415669,7.937137993236594e-06,1.2016221096059675e-10,1.5145351016848607e-05,0.9999999998538102,3.0268140971940564e-05,-3.7727649140480985e-05,5.112424524864603e-05,0.0026819663804922757,-2.4693375270802294e-06,0.0026819663804922757,3.0284071748880037e-05,-3.774739256413398e-05,5.115088518808509e-05,0.0026834691821179197,-2.470792260598581e-06,0.0026834691821179197,1.5930776939472978e-06,-1.974342365299273e-06,2.663993943906171e-06,0.00015028016256440994,-1.4547335183516064e-07,0.00015028016256440994,0.5,True,False,True,4.2022657710148515e-09,1.7993761065695868e-08
1.6100000000000012,1786130336.7216613,0.003043100005015731,HOLD,8,inverse kinematics failed,0.0,-0.003627742333266948,0.018697960286890056,0.0,0.015773162914651445,0.0168377691941893,0.032353537800424596,0.9992101608030353,-0.0031932771104053485,0.017526596995968566,0.0,0.01481528811097318,0.015756094810568524,0.030343508154275677,0.9993055209631341,-0.01599359829004873,-0.29051221606755884,0.3180001780415669,7.937137993236594e-06,1.2016221096059675e-10,1.5145351016848607e-05,0.9999999998538102,-0.01599359520491232,-0.29051221376849273,0.31800017822788484,7.940965642195232e-06,1.2027811749897635e-10,1.515265611490768e-05,0.999999999853669,3.0284071748880037e-05,-3.774739256413398e-05,5.115088518808509e-05,0.0026834691821179197,-2.470792260598581e-06,0.0026834691821179197,3.0298674961074554e-05,-3.7765490702482555e-05,5.11753051325709e-05,0.00268484675027476,-2.4721257663237365e-06,0.00268484675027476,1.4603212194516897e-06,-1.8098138348576668e-06,2.4419944485806566e-06,0.00013775681568404242,-1.333505725155639e-07,0.00013775681568404242,0.5,True,False,True,3.852075544903559e-09,1.649428437205572e-08
1.6200000000000012,1786130336.7249813,0.0030632999987574294,HOLD,8,inverse kinematics failed,0.0,-0.0037461396582771146,0.01898895477609009,0.0,0.016009863189552814,0.017107851815748424,0.03285239145042159,0.9991855313518558,-0.0033043227573006837,0.01782034391356739,0.0,0.01505534754307489,0.016027740435686028,0.030847687759243115,0.9992821764680845,-0.01599359520491232,-0.29051221376849273,0.31800017822788484,7.940965642195232e-06,1.2027811749897635e-10,1.515265611490768e-05,0.999999999853669,-0.015993592376872163,-0.2905122116610155,0.3180001783986762,7.944474320400926e-06,1.2038441377062587e-10,1.51593524564089e-05,0.9999999998535397,3.0298674961074554e-05,-3.7765490702482555e-05,5.11753051325709e-05,0.00268484675027476,-2.4721257663237365e-06,0.00268484675027476,3.0312061238919528e-05,-3.778208066263542e-05,5.119769008168289e-05,0.002686109521085197,-2.473348146571796e-06,0.002686109521085197,1.3386277844973822e-06,-1.6589960152861944e-06,2.238494911198935e-06,0.00012627708104370554,-1.2223802480593358e-07,0.00012627708104370554,0.5,True,False,True,3.531067993258678e-09,1.5119763527265006e-08
1.6300000000000012,1786130336.7284627,0.0033983000030275434,HOLD,8,inverse kinematics failed,0.0,-0.0038663630064942724,0.01927919961386986,0.0,0.01624568028224405,0.01737747802277381,0.03334981071252918,0.9991605933258045,-0.0034172118816101008,0.018113387344424445,0.0,0.015294554530088059,0.01629898031831759,0.03135050898431048,0.9992585078090324,-0.015993592376872163,-0.2905122116610155,0.3180001783986762,7.944474320400926e-06,1.2038441377062587e-10,1.51593524564089e-05,0.9999999998535397,-0.01599358978450332,-0.2905122097291613,0.3180001785552351,7.94769060875077e-06,1.204818934614878e-10,1.5165490770807676e-05,0.999999999853421,3.0312061238919528e-05,-3.778208066263542e-05,5.119769008168289e-05,0.002686109521085197,-2.473348146571796e-06,0.002686109521085197,3.0324331993610754e-05,-3.779728812610887e-05,5.1218209618368876e-05,0.0026872670609947645,-2.4744686617991835e-06,0.0026872670609947645,1.2270754691226003e-06,-1.5207463473456782e-06,2.0519536685990235e-06,0.00011575399095673007,-1.1205152273877244e-07,0.00011575399095673007,0.5,True,False,True,3.2368113112318137e-09,1.3859785630540422e-08
1.6400000000000012,1786130336.7314808,0.0033970999938901514,HOLD,8,inverse kinematics failed,0.0,-0.003988407631706498,0.019568683341860158,0.0,0.016480606773822987,0.01764663502876674,0.033845776805341385,0.9991353508233863,-0.0035319400269061083,0.018405715709475627,0.0,0.015532901387102225,0.016569801686784732,0.031851952744936844,0.9992345188957863,-0.01599358978450332,-0.2905122097291613,0.3180001785552351,7.94769060875077e-06,1.204818934614878e-10,1.5165490770807676e-05,0.999999999853421,-0.015993587408166282,-0.29051220795829497,0.31800017869874725,7.950638873066937e-06,1.205712844344321e-10,1.5171117560145959e-05,0.9999999998533123,3.0324331993610754e-05,-3.779728812610887e-05,5.1218209618368876e-05,0.0026872670609947645,-2.4744686617991835e-06,0.0026872670609947645,3.0335580185411043e-05,-3.781122830095954e-05,5.123701919366437e-05,0.002688328139245201,-2.475495800757622e-06,0.002688328139245201,1.1248191800290502e-06,-1.3940174850668715e-06,1.8809575295491046e-06,0.00010610782504366923,-1.0271389584387472e-07,0.00010610782504366923,0.5,True,False,True,2.9670761789778227e-09,1.2704805508969946e-08
1.6500000000000012,1786130336.734566,0.0030617000011261553,HOLD,8,inverse kinematics failed,0.0,-0.00411226871580096,0.01985739453173907,0.0,0.016714635311266286,0.01791531004657324,0.034340271024480985,0.999109807988247,-0.0036485026640919217,0.018697317460144327,0.0,0.015770380496657816,0.016840191767052946,0.032352000034486905,0.999210213685793,-0.015993587408166282,-0.29051220795829497,0.31800017869874725,7.950638873066937e-06,1.205712844344321e-10,1.5171117560145959e-05,0.9999999998533123,-0.01599358522985825,-0.2905122063350008,0.31800017883029996,7.95334144868629e-06,1.206532554978411e-10,1.5176275451330131e-05,0.9999999998532125,3.0335580185411043e-05,-3.781122830095954e-05,5.123701919366437e-05,0.002688328139245201,-2.475495800757622e-06,0.002688328139245201,3.0345891027894644e-05,-3.782400679457265e-05,5.12542613043519e-05,0.0026893007943081014,-2.4764373448028577e-06,0.0026893007943081014,1.0310842483599625e-06,-1.2778493613112987e-06,1.7242110687533459e-06,9.726550629003012e-05,-9.415440452355183e-08,9.726550629003012e-05,0.5,True,False,True,2.7198191007071517e-09,1.1646073409138378e-08
1.6600000000000013,1786130336.7376027,0.0030411000043386593,HOLD,8,inverse kinematics failed,0.0,-0.00423794136895414,0.02014532178568317,0.0,0.016947758607431276,0.018183490289262184,0.03483327474322163,0.9990839690084853,-0.003766895191593573,0.018988181078332854,0.0,0.01600698430839045,0.017110137783211278,0.03285063192410067,0.9991855961835008,-0.01599358522985825,-0.2905122063350008,0.31800017883029996,7.95334144868629e-06,1.206532554978411e-10,1.5176275451330131e-05,0.9999999998532125,-0.015993583233076685,-0.2905122048469811,0.31800017895089,7.955818809667505e-06,1.2072841995408116e-10,1.5181003519053454e-05,0.999999999853121,3.0345891027894644e-05,-3.782400679457265e-05,5.12542613043519e-05,0.0026893007943081014,-2.4764373448028577e-06,0.0026893007943081014,3.035534263350461e-05,-3.7835720413718006e-05,5.127006657248214e-05,0.002690192394782427,-2.4773004268443238e-06,0.002690192394782427,9.451605609966322e-07,-1.171361914535357e-06,1.5805268130239002e-06,8.91600474325276e-05,-8.630820414658917e-08,8.91600474325276e-05,0.5,True,False,True,2.4931669080233312e-09,1.06755687139558e-08
1.6700000000000013,1786130336.7408693,0.003035400004591793,HOLD,8,inverse kinematics failed,0.0,-0.004365420629824874,0.02043245373681749,0.0,0.017179969441049298,0.018451162971005262,0.0353247694131024,0.9990578381159587,-0.0038871129355522224,0.019278295076506604,0.0,0.016242705338747897,0.017379626958034775,0.033347829562717674,0.9991606704397118,-0.015993583233076685,-0.2905122048469811,0.31800017895089,7.955818809667505e-06,1.2072841995408116e-10,1.5181003519053454e-05,0.999999999853121,-0.015993581402694204,-0.290512203482963,0.31800017906143074,7.958089723897609e-06,1.2079734129782082e-10,1.518533758180917e-05,0.9999999998530372,3.035534263350461e-05,-3.7835720413718006e-05,5.127006657248214e-05,0.002690192394782427,-2.4773004268443238e-06,0.002690192394782427,3.0364006605313745e-05,-3.784645789793458e-05,5.128455473493486e-05,0.0026910096952172252,-2.478091585382334e-06,0.0026910096952172252,8.663971809135795e-07,-1.0737484216574106e-06,1.4488162452719083e-06,8.173004347981696e-05,-7.911585380104007e-08,8.173004347981696e-05,0.5,True,False,True,2.2854024951323353e-09,9.785939182876123e-09
1.6800000000000013,1786130336.74407,0.0033069999917643145,HOLD,8,inverse kinematics failed,0.0,-0.004494701465750234,0.020718779049664245,0.0,0.017411260656710382,0.01871831530795851,0.0358147365645347,0.999031419585585,-0.0040091511500171964,0.0195676479978521,0.0,0.01647753617076315,0.017648646513613284,0.033843574177222974,0.9991354405509244,-0.015993581402694204,-0.290512203482963,0.31800017906143074,7.958089723897609e-06,1.2079734129782082e-10,1.518533758180917e-05,0.9999999998530372,-0.01599357972484416,-0.29051220223261315,0.3180001791627599,7.96017139527293e-06,1.208605364195733e-10,1.5189310473236602e-05,0.9999999998529603,3.0364006605313745e-05,-3.784645789793458e-05,5.128455473493486e-05,0.0026910096952172252,-2.478091585382334e-06,0.0026910096952172252,3.037194857947212e-05,-3.7856300591799774e-05,5.129783555051652e-05,0.002691758887282457,-2.478816814042177e-06,0.002691758887282457,7.941974158374478e-07,-9.84269386519293e-07,1.3280815581659158e-06,7.491920652316555e-05,-7.252286598428672e-08,7.491920652316555e-05,0.5,True,False,True,2.094951834074464e-09,8.970445255149498e-09
1.6900000000000013,1786130336.7471952,0.003163200002745725,HOLD,8,inverse kinematics failed,0.0,-0.004625778772944167,0.02100428642059035,0.0,0.017641625164839695,0.0189849345191456,0.03630315780740175,0.9990047177346352,-0.004133005017140166,0.019856228416493725,0.0,0.0167114694538706,0.017917183672033543,0.034337847072688596,0.9991099106586662,-0.01599357972484416,-0.29051220223261315,0.3180001791627599,7.96017139527293e-06,1.208605364195733e-10,1.5189310473236602e-05,0.9999999998529603,-0.015993578186815394,-0.29051220108645903,0.31800017925564494,7.962079594031759e-06,1.2091847978441668e-10,1.5192952290855719e-05,0.9999999998528898,3.037194857947212e-05,-3.7856300591799774e-05,5.129783555051652e-05,0.002691758887282457,-2.478816814042177e-06,0.002691758887282457,3.037922872245063e-05,-3.7865323061176204e-05,5.1310009631466375e-05,0.002692445646675586,-2.4794816069803662e-06,0.002692445646675586,7.280142978509938e-07,-9.022469376426851e-07,1.2174080949854228e-06,6.867593931290174e-05,-6.647929381892948e-08,6.867593931290174e-05,0.5,True,False,True,1.920372196935242e-09,8.222908994372005e-09
1.7000000000000013,1786130336.7501886,0.0031233000045176595,HOLD,8,inverse kinematics failed,0.0,-0.004758647376699038,0.021288964578253668,0.0,0.017871055941665336,0.019251007827342393,0.036790014831650134,0.998977736922024,-0.004258669647370813,0.02014402493775712,0.0,0.016944497903754744,0.018185225656103914,0.034830629632689444,0.9990840849488178,-0.015993578186815394,-0.29051220108645903,0.31800017925564494,7.962079594031759e-06,1.2091847978441668e-10,1.5192952290855719e-05,0.9999999998528898,-0.015993576776956075,-0.29051220003581785,0.31800017934078945,7.963828776225761e-06,1.209716068768836e-10,1.5196290624074302e-05,0.9999999998528252,3.037922872245063e-05,-3.7865323061176204e-05,5.1310009631466375e-05,0.002692445646675586,-2.4794816069803662e-06,0.002692445646675586,3.0385902186847596e-05,-3.7873593658104597e-05,5.132116920567041e-05,0.0026930751761192876,-2.4800910005070396e-06,0.0026930751761192876,6.673464396967443e-07,-8.27059692839128e-07,1.115957420403304e-06,6.295294437015993e-05,-6.093935266735201e-08,6.295294437015993e-05,0.5,True,False,True,1.7603408156515312e-09,7.537667287193222e-09
1.7100000000000013,1786130336.7532153,0.002994800001033582,HOLD,8,inverse kinematics failed,0.0,-0.004893302031589875,0.02157280228404799,0.0,0.018099546029177925,0.01951652245996307,0.03727528940787403,0.9989504815475924,-0.004386140079654226,0.020431026198469558,0.0,0.01717661430222312,0.018452759690113497,0.03532190331967696,0.9990579676509301,-0.015993576776956075,-0.29051220003581785,0.31800017934078945,7.963828776225761e-06,1.209716068768836e-10,1.5196290624074302e-05,0.9999999998528252,-0.015993575484585364,-0.29051219907273,0.3180001794188386,7.965432193235582e-06,1.210203168558882e-10,1.5199350763195017e-05,0.9999999998527659,3.0385902186847596e-05,-3.7873593658104597e-05,5.132116920567041e-05,0.0026930751761192876,-2.4800910005070396e-06,0.0026930751761192876,3.0392019529211483e-05,-3.788117503862229e-05,5.133139881535744e-05,0.002693652244776014,-2.4806496112398235e-06,0.002693652244776014,6.117342363886821e-07,-7.581380517692006e-07,1.0229609687030285e-06,5.7706865672646596e-05,-5.5861073278406005e-08,5.7706865672646596e-05,0.5,True,False,True,1.613645530787146e-09,6.90952894238249e-09
1.7200000000000013,1786130336.7565556,0.0030250999989220873,HOLD,8,inverse kinematics failed,0.0,-0.005029737421681469,0.021855788332546686,0.0,0.018327088535081793,0.01978146564994734,0.03775896338789163,0.9989229560513859,-0.004515411281630261,0.0207172208672896,0.0,0.017407811497096807,0.018719773000618705,0.035811649675397156,0.9990315630375317,-0.015993575484585364,-0.29051219907273,0.3180001794188386,7.965432193235582e-06,1.210203168558882e-10,1.5199350763195017e-05,0.9999999998527659,-0.015993574299912477,-0.29051219818989954,0.3180001794903836,7.966901992160124e-06,1.2106497612633384e-10,1.5202155891005513e-05,0.9999999998527115,3.0392019529211483e-05,-3.788117503862229e-05,5.133139881535744e-05,0.002693652244776014,-2.4806496112398235e-06,0.002693652244776014,3.0397627093045047e-05,-3.788812463743017e-05,5.134077595757055e-05,0.0026941812243780135,-2.4811616710782087e-06,0.0026941812243780135,5.607563833562919e-07,-6.949598807884339e-07,9.377142213111094e-07,5.2897960199926045e-05,-5.1205983838538835e-08,5.2897960199926045e-05,0.5,True,False,True,1.4791748323694915e-09,6.3337353644590715e-09
1.7300000000000013,1786130336.7598784,0.003406499992706813,HOLD,8,inverse kinematics failed,0.0,-0.005167948160738223,0.022137911551945114,0.0,0.018553676632737926,0.0200458246366489,0.03824101870531397,0.9988951649129274,-0.004646478149835016,0.021002597645059816,0.0,0.01763808240211317,0.018986252817252018,0.03629985032134237,0.9990048754234305,-0.015993574299912477,-0.29051219818989954,0.3180001794903836,7.966901992160124e-06,1.2106497612633384e-10,1.5202155891005513e-05,0.9999999998527115,-0.01599357321396257,-0.29051219738063816,0.31800017955596666,7.968249307840018e-06,1.2110592130008239e-10,1.5204727258403087e-05,0.9999999998526616,3.0397627093045047e-05,-3.788812463743017e-05,5.134077595757055e-05,0.0026941812243780135,-2.4811616710782087e-06,0.0026941812243780135,3.040276735989248e-05,-3.7894495103004066e-05,5.13493716712659e-05,0.0026946661223465128,-2.4816310592633953e-06,0.0026946661223465128,5.140266847432675e-07,-6.370465573893977e-07,8.595713695351836e-07,4.8489796849932206e-05,-4.69388185186606e-08,4.8489796849932206e-05,0.5,True,False,True,1.355910142877427e-09,5.805924504761977e-09
1.7400000000000013,1786130336.7629502,0.0032693999964976683,HOLD,8,inverse kinematics failed,0.0,-0.005307928792436828,0.022419160804501653,0.0,0.018779303561098738,0.020309586666724954,0.038721437376106255,0.9988671126504843,-0.004779335509904557,0.021287145265177703,0.0,0.01786741999683667,0.019252186373548537,0.03678648695922823,0.9989779091650093,-0.01599357321396257,-0.29051219738063816,0.31800017955596666,7.968249307840018e-06,1.2110592130008239e-10,1.5204727258403087e-05,0.9999999998526616,-0.015993572218508674,-0.29051219663881533,0.31800017961608434,7.96948434721245e-06,1.2114346035762674e-10,1.5207084345384142e-05,0.999999999852616,3.040276735989248e-05,-3.7894495103004066e-05,5.13493716712659e-05,0.0026946661223465128,-2.4816310592633953e-06,0.0026946661223465128,3.0407479271169293e-05,-3.79003346964468e-05,5.135725107548664e-05,0.0026951106121509707,-2.482061331766483e-06,0.0026951106121509707,4.7119112768132846e-07,-5.839593442736145e-07,7.879404220739182e-07,4.4448980445771186e-05,-4.302725030877221e-08,4.4448980445771186e-05,0.5,True,False,True,1.242917415037299e-09,5.322097816165728e-09
1.7500000000000013,1786130336.7659664,0.0030592000111937523,HOLD,8,inverse kinematics failed,0.0,-0.0054496737905816274,0.022699524986977377,0.0,0.019003962624634593,0.020572738995026582,0.03920020149914133,0.9988388038203316,-0.004913978116781,0.021570852493980802,0.0,0.018095817326574358,0.01951756090778682,0.037271541371489005,0.9989506686595127,-0.015993572218508674,-0.29051219663881533,0.31800017961608434,7.96948434721245e-06,1.2114346035762674e-10,1.5207084345384142e-05,0.999999999852616,-0.01599357130600941,-0.2905121959588111,0.31800017967119226,7.97061646663651e-06,1.211778762623587e-10,1.5209245008618113e-05,0.9999999998525742,3.0407479271169293e-05,-3.79003346964468e-05,5.135725107548664e-05,0.0026951106121509707,-2.482061331766483e-06,0.0026951106121509707,3.0411798523173038e-05,-3.7905687657102644e-05,5.136447386268898e-05,0.0026955180611383904,-2.482455748227647e-06,0.0026955180611383904,4.3192520037455107e-07,-5.352960655841465e-07,7.22278720234425e-07,4.0744898741956916e-05,-3.944164611637452e-08,4.0744898741956916e-05,0.5,True,False,True,1.1393408302552945e-09,4.8785899618224055e-09
1.7600000000000013,1786130336.7689939,0.003015499998582527,HOLD,8,inverse kinematics failed,0.0,-0.005593177559322793,0.02297899303107443,0.0,0.01922764719325233,0.02083526888549004,0.03967729325674567,0.9988102430160092,-0.005050400654921023,0.02185370813114289,0.0,0.018323267502293353,0.01978236366384132,0.03775499542178594,0.9989231583443302,-0.01599357130600941,-0.2905121959588111,0.31800017967119226,7.97061646663651e-06,1.211778762623587e-10,1.5209245008618113e-05,0.9999999998525742,-0.01599357046955191,-0.2905121953354738,0.3180001797217078,7.971654242774675e-06,1.2120942850020704e-10,1.5211225616723762e-05,0.9999999998525357,3.0411798523173038e-05,-3.7905687657102644e-05,5.136447386268898e-05,0.0026955180611383904,-2.482455748227647e-06,0.0026955180611383904,3.0415757837509803e-05,-3.791059453770383e-05,5.13710947509578e-05,0.002695891556043525,-2.48281729665038e-06,0.002695891556043525,3.959314336766718e-07,-4.906880601188009e-07,6.620888268815562e-07,3.73494905134605e-05,-3.615484227334331e-08,3.73494905134605e-05,0.5,True,False,True,1.0443957064976616e-09,4.472041047922582e-09
1.7700000000000014,1786130336.772186,0.0030266999965533614,HOLD,8,inverse kinematics failed,0.0,-0.00573843443337726,0.023257553903872956,0.0,0.019450350702205726,0.021097163612028732,0.040152694915237805,0.9987814348675753,-0.005188597738506878,0.02213570101007871,0.0,0.018549763700538336,0.02004658189204399,0.03823683105552437,0.9988953826962718,-0.01599357046955191,-0.2905121953354738,0.3180001797217078,7.971654242774675e-06,1.2120942850020704e-10,1.5211225616723762e-05,0.9999999998525357,-0.015993569702799304,-0.2905121947640813,0.3180001797680137,7.972605537567525e-06,1.212383547878869e-10,1.5213041174272559e-05,0.9999999998525005,3.0415757837509803e-05,-3.791059453770383e-05,5.13710947509578e-05,0.002695891556043525,-2.48281729665038e-06,0.002695891556043525,3.0419387208985173e-05,-3.791509251158825e-05,5.137716389853754e-05,0.0026962339263732317,-2.4831487160378858e-06,0.0026962339263732317,3.6293714753694913e-07,-4.4979738844223417e-07,6.069147579747598e-07,3.423703297067212e-05,-3.3141938750564696e-08,3.423703297067212e-05,0.5,True,False,True,9.57362612405944e-10,4.099371170298673e-09
1.7800000000000014,1786130336.7753203,0.0032049000001279637,HOLD,8,inverse kinematics failed,0.0,-0.005885438678252359,0.023535196608266667,0.0,0.019672066651997895,0.02135841045942581,0.04062638882545894,0.9987523840408536,-0.005328563911659953,0.022416819998355222,0.0,0.01877529916334717,0.02031020285005344,0.03871703030037592,0.9988673462308377,-0.015993569702799304,-0.2905121947640813,0.3180001797680137,7.972605537567525e-06,1.212383547878869e-10,1.5213041174272559e-05,0.9999999998525005,-0.015993568999942847,-0.29051219424030483,0.3180001798104609,7.973477557793897e-06,1.2126487363614229e-10,1.521470543545864e-05,0.9999999998524682,3.0419387208985173e-05,-3.791509251158825e-05,5.137716389853754e-05,0.0026962339263732317,-2.4831487160378858e-06,0.0026962339263732317,3.0422714132837596e-05,-3.791921565431564e-05,5.138272728381898e-05,0.0026965477658421294,-2.4834525171430995e-06,0.0026965477658421294,3.3269238524220337e-07,-4.1231427273871464e-07,5.563385281435298e-07,3.138394688978278e-05,-3.038011052135097e-08,3.138394688978278e-05,0.5,True,False,True,8.775823335085528e-10,3.75775708232632e-09
1.7900000000000014,1786130336.7785652,0.003122800000710413,HOLD,8,inverse kinematics failed,0.0,-0.006034184490472206,0.023811910183396994,0.0,0.019892788608275907,0.021618996724227315,0.04109835742329607,0.9987230952366785,-0.005470293648656911,0.022697053998107793,0.0,0.018999867198163573,0.020573213803730023,0.039195575266803395,0.998839053501485,-0.015993568999942847,-0.29051219424030483,0.3180001798104609,7.973477557793897e-06,1.2126487363614229e-10,1.521470543545864e-05,0.9999999998524682,-0.01599356835565785,-0.29051219376017634,0.3180001798493706,7.97427690966774e-06,1.212891852960011e-10,1.5216231008296301e-05,0.9999999998524386,3.0422714132837596e-05,-3.791921565431564e-05,5.138272728381898e-05,0.0026965477658421294,-2.4834525171430995e-06,0.0026965477658421294,3.0425763813035648e-05,-3.7922995201815746e-05,5.13878270536603e-05,0.0026968354520219523,-2.4837310014895454e-06,0.0026968354520219523,3.049680198053531e-07,-3.779547500104884e-07,5.099769841315689e-07,2.8768617982300877e-05,-2.784843464457172e-08,2.8768617982300877e-05,0.5,True,False,True,8.04450428536899e-10,3.444610806867545e-09
1.8000000000000014,1786130336.7817676,0.0032441999937873334,HOLD,8,inverse kinematics failed,0.0,-0.006184665997806838,0.0240876837050858,0.0,0.020112510201717466,0.021878909715635723,0.04156858323019753,0.9986935731901329,-0.005613781354148447,0.022976391946459958,0.0,0.0192234611777456,0.020835602028015765,0.03967244814858588,0.9988105090988859,-0.01599356835565785,-0.29051219376017634,0.3180001798493706,7.97427690966774e-06,1.212891852960011e-10,1.5216231008296301e-05,0.9999999998524386,-0.01599356776506332,-0.2905121933200586,0.318000179885038,7.975009648885155e-06,1.2131147306993805e-10,1.5217629450134542e-05,0.9999999998524115,3.0425763813035648e-05,-3.7922995201815746e-05,5.13878270536603e-05,0.0026968354520219523,-2.4837310014895454e-06,0.0026968354520219523,3.0428559353217198e-05,-3.792645978702418e-05,5.1392501842681504e-05,0.0026970991643534567,-2.4839862788071206e-06,0.0026970991643534567,2.79554018154907e-07,-3.464585208429477e-07,4.6747890212060483e-07,2.637123315044247e-05,-2.5527731757524073e-08,2.637123315044247e-05,0.5,True,False,True,7.374128210803819e-10,3.157560030725206e-09
1.8100000000000014,1786130336.7848148,0.00323729999945499,HOLD,8,inverse kinematics failed,0.0,-0.006336877259504015,0.024362506286266655,0.0,0.020331225127909826,0.022138136756403807,0.04203704885368089,0.9986638226697843,-0.005759021363380666,0.02325482281594581,0.0,0.019446074540069257,0.021097354807818075,0.04014763122334249,0.9987817176501829,-0.01599356776506332,-0.2905121933200586,0.318000179885038,7.975009648885155e-06,1.2131147306993805e-10,1.5217629450134542e-05,0.9999999998524115,-0.015993567223685067,-0.29051219291661745,0.3180001799177331,7.975681326500881e-06,1.213319053790297e-10,1.5218911355212063e-05,0.9999999998523866,3.0428559353217198e-05,-3.792645978702418e-05,5.1392501842681504e-05,0.0026970991643534567,-2.4839862788071206e-06,0.0026970991643534567,3.043112193171695e-05,-3.792963565679857e-05,5.139678706595094e-05,0.002697340900657336,-2.484220283014898e-06,0.002697340900657336,2.5625784997533136e-07,-3.1758697743936866e-07,4.285223269438877e-07,2.4173630387905596e-05,-2.3400420777730398e-08,2.4173630387905596e-05,0.5,True,False,True,6.75961655145782e-10,2.8944301327061345e-09
1.8200000000000014,1786130336.7883055,0.0030129000078886747,HOLD,8,inverse kinematics failed,0.0,-0.006490812266523738,0.02463636707741462,0.0,0.020548927147220983,0.022396665183728664,0.04250373698783325,0.9986338484769156,-0.005906007942419121,0.023532335614934115,0.0,0.019667700788226584,0.02135845943889656,0.0406211068530534,0.9987526838182387,-0.015993567223685067,-0.29051219291661745,0.3180001799177331,7.975681326500881e-06,1.213319053790297e-10,1.5218911355212063e-05,0.9999999998523866,-0.015993566727421714,-0.2905121925467963,0.3180001799477036,7.976297030981763e-06,1.213506363561607e-10,1.5220086434916152e-05,0.9999999998523639,3.043112193171695e-05,-3.792963565679857e-05,5.139678706595094e-05,0.002697340900657336,-2.484220283014898e-06,0.002697340900657336,3.0433470962008394e-05,-3.793254687075843e-05,5.140071518728126e-05,0.002697562492269225,-2.4844347868720273e-06,0.002697562492269225,2.3490302914405372e-07,-2.911213959860879e-07,3.9281213303189703e-07,2.2159161188913463e-05,-2.145038571291953e-08,2.2159161188913463e-05,0.5,True,False,True,6.196315400838606e-10,2.653227709495811e-09
1.8300000000000014,1786130336.792792,0.00357139999687206,HOLD,8,inverse kinematics failed,0.0,-0.006646464941775521,0.02490925526697458,0.0,0.020765610084663214,0.02265448235014589,0.04296863041380401,0.9986036554447518,-0.006054735288375494,0.023808919388053525,0.0,0.019888333490317708,0.021618903228752203,0.04109285748457695,0.9987234123008812,-0.015993566727421714,-0.2905121925467963,0.3180001799477036,7.976297030981763e-06,1.213506363561607e-10,1.5220086434916152e-05,0.9999999998523639,-0.015993566272513693,-0.29051219220779356,0.31800017997517643,7.976861426755744e-06,1.213678078023799e-10,1.5221163591353326e-05,0.999999999852343,3.0433470962008394e-05,-3.793254687075843e-05,5.140071518728126e-05,0.002697562492269225,-2.4844347868720273e-06,0.002697562492269225,3.043562423977555e-05,-3.793521548355497e-05,5.1404315965167385e-05,0.002697765617913457,-2.484631415407729e-06,0.002697765617913457,2.1532777671538255e-07,-2.668612796539139e-07,3.6007778861257227e-07,2.031256442317067e-05,-1.9662853570176236e-08,2.031256442317067e-05,0.5,True,False,True,5.67995515889683e-10,2.432125474201816e-09
1.8400000000000014,1786130336.7959769,0.004433699999935925,HOLD,8,inverse kinematics failed,0.0,-0.006803829140358259,0.02518116008178808,0.0,0.02098126782974906,0.022911575624423766,0.04343171200029005,0.998573248437683,-0.006205197529636951,0.024084563216618345,0.0,0.02010796627933647,0.02187867349751838,0.04156286565016212,0.9986939078301442,-0.015993566272513693,-0.29051219220779356,0.31800017997517643,7.976861426755744e-06,1.213678078023799e-10,1.5221163591353326e-05,0.999999999852343,-0.015993565855514695,-0.2905121918970411,0.31800018000036007,7.977378789548413e-06,1.2138354941371792e-10,1.5222150984789146e-05,0.9999999998523238,3.043562423977555e-05,-3.793521548355497e-05,5.1404315965167385e-05,0.002697765617913457,-2.484631415407729e-06,0.002697765617913457,3.0437598077728774e-05,-3.79376617119518e-05,5.1407616678229665e-05,0.0026979518164206694,-2.4848116582321222e-06,0.0026979518164206694,1.9738379532243398e-07,-2.446228396827544e-07,3.300713062281912e-07,1.861985072123978e-05,-1.8024282439328217e-08,1.861985072123978e-05,0.5,True,False,True,5.206625423012949e-10,2.229448413354578e-09
1.8500000000000014,1786130336.7990654,0.0031694000062998384,HOLD,8,inverse kinematics failed,0.0,-0.00696289864980284,0.0254520707875186,0.0,0.021195894336339748,0.023167932392457243,0.04389296470401337,0.9985426323504839,-0.006357388726098148,0.024359256219054416,0.0,0.020326592853049445,0.022137757578853327,0.04203111396795559,0.9986641751715033,-0.015993565855514695,-0.2905121918970411,0.31800018000036007,7.977378789548413e-06,1.2138354941371792e-10,1.5222150984789146e-05,0.9999999998523238,-0.015993565473265647,-0.29051219161218467,0.318000180023445,7.977853038774914e-06,1.2139797999911493e-10,1.5223056095468138e-05,0.9999999998523063,3.0437598077728774e-05,-3.79376617119518e-05,5.1407616678229665e-05,0.0026979518164206694,-2.4848116582321222e-06,0.0026979518164206694,3.0439407429185897e-05,-3.7939904087982224e-05,5.141064233187009e-05,0.0026981224983856143,-2.4849768808211492e-06,0.0026981224983856143,1.8093514571223114e-07,-2.2423760304252485e-07,3.0256536404250857e-07,1.7068196494469797e-05,-1.6522258902717532e-08,1.7068196494469797e-05,0.5,True,False,True,4.772739533273493e-10,2.043661097714792e-09
1.8600000000000014,1786130336.8021445,0.003084999989368953,HOLD,8,inverse kinematics failed,0.0,-0.007123667190317412,0.02572197668907536,0.0,0.02140948362248626,0.023423540058161902,0.044352371570191285,0.9985118121075293,-0.00651130286939592,0.02463298755132479,0.0,0.020544206973868034,0.02239614282083363,0.04249758514250288,0.9986342191231079,-0.015993565473265647,-0.29051219161218467,0.318000180023445,7.977853038774914e-06,1.2139797999911493e-10,1.5223056095468138e-05,0.9999999998523063,-0.015993565122870698,-0.29051219135106615,0.31800018004460606,7.978287767232437e-06,1.2141120878885097e-10,1.5223885780281985e-05,0.9999999998522902,3.0439407429185897e-05,-3.7939904087982224e-05,5.141064233187009e-05,0.0026981224983856143,-2.4849768808211492e-06,0.0026981224983856143,3.0441066001354927e-05,-3.794195959934345e-05,5.1413415847707144e-05,0.0026982789568534803,-2.485128334861091e-06,0.0026982789568534803,1.6585721690287853e-07,-2.0555113612231445e-07,2.773515837056328e-07,1.5645846786597314e-05,-1.5145403994157737e-08,1.5645846786597314e-05,0.5,True,False,True,4.3750118931070395e-10,1.8733560500261172e-09
1.8700000000000014,1786130336.80615,0.0030774000042583793,HOLD,8,inverse kinematics failed,0.0,-0.007286128415035265,0.025990867131035513,0.0,0.0216220297702629,0.023678386044367346,0.04480991573299887,0.9984807926620067,-0.006666933883146615,0.02490574640735489,0.0,0.020760802468713566,0.022653816586848438,0.04296226196524319,0.9986040445150092,-0.015993565122870698,-0.29051219135106615,0.31800018004460606,7.978287767232437e-06,1.2141120878885097e-10,1.5223885780281985e-05,0.9999999998522902,-0.01599356480167536,-0.2905121911117076,0.3180001800640038,7.978686268318418e-06,1.214233357730349e-10,1.5224646324715489e-05,0.9999999998522754,3.0441066001354927e-05,-3.794195959934345e-05,5.1413415847707144e-05,0.0026982789568534803,-2.485128334861091e-06,0.0026982789568534803,3.0442586359176536e-05,-3.794384381809124e-05,5.141595823722445e-05,0.002698422377115691,-2.4852671677310375e-06,0.002698422377115691,1.5203578216097197e-07,-1.8842187477878823e-07,2.542389517301634e-07,1.4342026221047536e-05,-1.3883286994644591e-08,1.4342026221047536e-05,0.5,True,False,True,4.0104267280204656e-10,1.7172430826471895e-09
1.8800000000000014,1786130336.8092852,0.004011800003354438,HOLD,8,inverse kinematics failed,0.0,-0.007450275910265431,0.026258731498064826,0.0,0.02183352692559376,0.023932457793710483,0.04526558041602428,0.9984495789951249,-0.006824275623186099,0.025177522019456944,0.0,0.020976373228875266,0.02291076625649411,0.0434251273149976,0.9985736562083838,-0.01599356480167536,-0.2905121911117076,0.3180001800640038,7.978686268318418e-06,1.214233357730349e-10,1.5224646324715489e-05,0.9999999998522754,-0.015993564507246306,-0.29051219089229563,0.3180001800817851,7.979051560980497e-06,1.2143445297542244e-10,1.5225343490463697e-05,0.9999999998522618,3.0442586359176536e-05,-3.794384381809124e-05,5.141595823722445e-05,0.002698422377115691,-2.4852671677310375e-06,0.002698422377115691,3.044398002051301e-05,-3.7945571018610044e-05,5.141828876094864e-05,0.0026985538456893838,-2.485394431195155e-06,0.0026985538456893838,1.3936613364755763e-07,-1.7272005188055586e-07,2.3305237241931642e-07,1.3146857369293573e-05,-1.272634641175754e-08,1.3146857369293573e-05,0.5,True,False,True,3.6762244544521394e-10,1.5741395233569643e-09
1.8900000000000015,1786130336.8124635,0.0031761999998707324,HOLD,8,inverse kinematics failed,0.0,-0.0076161031957458665,0.026525559215336742,0.0,0.022043969298071807,0.024185742769528028,0.045719348932716265,0.9984181761153192,-0.006983321877812422,0.02544830365875353,0.0,0.021190913209861054,0.02316697922646913,0.04388616415845033,0.9985430590947544,-0.015993564507246306,-0.29051219089229563,0.3180001800817851,7.979051560980497e-06,1.2143445297542244e-10,1.5225343490463697e-05,0.9999999998522618,-0.015993564237353028,-0.29051219069116796,0.31800018009808456,7.979386412587345e-06,1.2144464392232752e-10,1.5225982559080914e-05,0.9999999998522494,3.044398002051301e-05,-3.7945571018610044e-05,5.141828876094864e-05,0.0026985538456893838,-2.485394431195155e-06,0.0026985538456893838,3.044525754340478e-05,-3.794715428575228e-05,5.142042507436248e-05,0.002698674358548602,-2.485511089370596e-06,0.002698674358548602,1.2775228917692783e-07,-1.5832671422384286e-07,2.1363134138437337e-07,1.2051285921852441e-05,-1.1665817544111078e-08,1.2051285921852441e-05,0.5,True,False,True,3.3698723056044305e-10,1.442961255721326e-09
1.9000000000000015,1786130336.8155043,0.003133099991828203,HOLD,8,inverse kinematics failed,0.0,-0.007783603724899269,0.026791339748949868,0.0,0.022253351160770922,0.024438228456748562,0.04617120468682441,0.9983865890574546,-0.007144066368031115,0.025718080635600035,0.0,0.021404416431241143,0.023422442911468954,0.04434535555062297,0.9985122580952053,-0.015993564237353028,-0.29051219069116796,0.31800018009808456,7.979386412587345e-06,1.2144464392232752e-10,1.5225982559080914e-05,0.9999999998522494,-0.01599356398995086,-0.29051219050680094,0.3180001801130257,7.979693359893576e-06,1.2145398617963376e-10,1.522656837199239e-05,0.9999999998522381,3.044525754340478e-05,-3.794715428575228e-05,5.142042507436248e-05,0.002698674358548602,-2.485511089370596e-06,0.002698674358548602,3.0446428606055567e-05,-3.7948605613965996e-05,5.14223833616585e-05,0.0026987848286695523,-2.4856180260314172e-06,0.0026987848286695523,1.171062650788505e-07,-1.4513282137185595e-07,1.9582872960234225e-07,1.1047012095031404e-05,-1.069366608210182e-08,1.1047012095031404e-05,0.5,True,False,True,3.0890495260681934e-10,1.3227145062640755e-09
1.9100000000000015,1786130336.81879,0.003039200004423037,HOLD,8,inverse kinematics failed,0.0,-0.00795277088509157,0.027056062606343835,0.0,0.02246166685005089,0.024689902362783837,0.04662113117283199,0.9983548228820248,-0.007306502747803154,0.025986842300005957,0.0,0.021616876976484407,0.023677144745080793,0.044802684635341476,0.9984812581595962,-0.01599356398995086,-0.29051219050680094,0.3180001801130257,7.979693359893576e-06,1.2145398617963376e-10,1.522656837199239e-05,0.9999999998522381,-0.015993563763165568,-0.29051219033779785,0.3180001801267219,7.979974728257575e-06,1.21462550118551e-10,1.522710536717161e-05,0.9999999998522277,3.0446428606055567e-05,-3.7948605613965996e-05,5.14223833616585e-05,0.0026987848286695523,-2.4856180260314172e-06,0.0026987848286695523,3.0447502080152124e-05,-3.7949935998161904e-05,5.1424178458346524e-05,0.0026988860929470903,-2.4857160513038363e-06,0.0026988860929470903,1.0734740965561294e-07,-1.3303841959086794e-07,1.7950966880214704e-07,1.0126427753778786e-05,-9.802527241926668e-09,1.0126427753778786e-05,0.5,True,False,True,2.8316284625937317e-10,1.2124883157353791e-09
1.9200000000000015,1786130336.8218868,0.0032906999986153096,HOLD,8,inverse kinematics failed,0.0,-0.00812359799789294,0.02731971733671349,0.0,0.022668910765355377,0.024940752018419235,0.04706911197638123,0.9983228826743495,-0.007470624604295544,0.026254578042054902,0.0,0.021828288992787544,0.02393107218067795,0.04525813464569577,0.9984500642657712,-0.015993563763165568,-0.29051219033779785,0.3180001801267219,7.979974728257575e-06,1.21462550118551e-10,1.522710536717161e-05,0.9999999998522277,-0.015993563555279047,-0.2905121901828783,0.31800018013927656,7.980232649257877e-06,1.2147040047467164e-10,1.522759761276129e-05,0.9999999998522181,3.0447502080152124e-05,-3.7949935998161904e-05,5.1424178458346524e-05,0.0026988860929470903,-2.4857160513038363e-06,0.0026988860929470903,3.0448486098073967e-05,-3.7951155517008156e-05,5.142582396364388e-05,0.002698978918534833,-2.485805907803554e-06,0.002698978918534833,9.840179218431185e-08,-1.2195188462496228e-07,1.6455052973530145e-07,9.28255877429722e-06,-8.985649971766112e-09,9.28255877429722e-06,0.5,True,False,True,2.5956595225976336e-10,1.1114476381869716e-09
1.9300000000000015,1786130336.8249629,0.003089699996053241,HOLD,8,inverse kinematics failed,0.0,-0.008296078319341467,0.027582293531421553,0.0,0.022875077369003082,0.02519076497870337,0.04751513077469147,0.9982907735437676,-0.007636425458134536,0.026521277292323252,0.0,0.022038646690897112,0.024184212692313772,0.04571168890449206,0.9984186814187652,-0.015993563555279047,-0.2905121901828783,0.31800018013927656,7.980232649257877e-06,1.2147040047467164e-10,1.522759761276129e-05,0.9999999998522181,-0.015993563364716416,-0.29051219004086876,0.31800018015078513,7.980469076841463e-06,1.2147759728215803e-10,1.5228048837892488e-05,0.9999999998522093,3.0448486098073967e-05,-3.7951155517008156e-05,5.142582396364388e-05,0.002698978918534833,-2.485805907803554e-06,0.002698978918534833,3.0449388114502325e-05,-3.7952273409283886e-05,5.142733234349979e-05,0.002699064008656931,-2.485888276261628e-06,0.002699064008656931,9.020164283561919e-08,-1.1178922757288208e-07,1.5083798559069297e-07,8.509012209772452e-06,-8.236845807452269e-09,8.509012209772452e-06,0.5,True,False,True,2.379354576283142e-10,1.0188270146286825e-09
1.9400000000000015,1786130336.8280275,0.003074800013564527,HOLD,8,inverse kinematics failed,0.0,-0.008470205040209395,0.02784378082440944,0.0,0.023080161185971965,0.025439928823836607,0.047959171336969704,0.9982585006228292,-0.007803898763661471,0.02678692952229737,0.0,0.02224794434492439,0.02443655377561493,0.04616333082469761,0.998387114650007,-0.015993563364716416,-0.29051219004086876,0.31800018015078513,7.980469076841463e-06,1.2147759728215803e-10,1.5228048837892488e-05,0.9999999998522093,-0.015993563190033994,-0.2905121899106933,0.3180001801613346,7.98068580212638e-06,1.2148419422956594e-10,1.5228462460935573e-05,0.9999999998522013,3.0449388114502325e-05,-3.7952273409283886e-05,5.142733234349979e-05,0.002699064008656931,-2.485888276261628e-06,0.002699064008656931,3.0450214962894983e-05,-3.795329814386997e-05,5.142871502503437e-05,0.00269914200793552,-2.48596378068153e-06,0.00269914200793552,8.268483926598425e-08,-1.0247345860847522e-07,1.3826815345813522e-07,7.79992785895808e-06,-7.55044199016458e-09,7.79992785895808e-06,0.5,True,False,True,2.1810753127273252e-10,9.339247742733145e-10
1.9500000000000015,1786130336.831043,0.0030636999872513115,HOLD,8,inverse kinematics failed,0.0,-0.008645971286271937,0.02810416889260657,0.0,0.023284156803676972,0.02568823116005862,0.048401217524814064,0.998226069066484,-0.007973037909191225,0.027051524244789335,0.0,0.022456176292153195,0.024688082948673966,0.04661304390987807,0.9983553690165196,-0.015993563190033994,-0.2905121899106933,0.3180001801613346,7.98068580212638e-06,1.2148419422956594e-10,1.5228462460935573e-05,0.9999999998522013,-0.01599356302990845,-0.29051218979136584,0.3180001801710049,7.980884466970875e-06,1.214902416796753e-10,1.5228841615396913e-05,0.999999999852194,3.0450214962894983e-05,-3.795329814386997e-05,5.142871502503437e-05,0.00269914200793552,-2.48596378068153e-06,0.00269914200793552,3.045097290725492e-05,-3.795423748390722e-05,5.142998248310773e-05,0.002699213507274227,-2.4860329930664397e-06,0.002699213507274227,7.57944359938189e-08,-9.393400372443562e-08,1.2674580733662395e-07,7.149933870711573e-06,-6.921238490984197e-09,7.149933870711573e-06,0.5,True,False,True,1.9993184427767045e-10,8.560977189151237e-10
1.9600000000000015,1786130336.8340492,0.003013599998666905,HOLD,8,inverse kinematics failed,0.0,-0.008823370118578656,0.028363447456337867,0.0,0.023487058871740848,0.025935659620534544,0.04884125329260976,0.9981934840512686,-0.008143836217273258,0.02731505101435114,0.0,0.02266333693284066,0.02493878775294099,0.04706081175462728,0.9983234496001173,-0.01599356302990845,-0.29051218979136584,0.3180001801710049,7.980884466970875e-06,1.214902416796753e-10,1.5228841615396913e-05,0.999999999852194,-0.01599356288312672,-0.29051218968198234,0.31800018017986936,7.981066576411637e-06,1.2149578535245347e-10,1.5229189173657483e-05,0.9999999998521872,3.045097290725492e-05,-3.795423748390722e-05,5.142998248310773e-05,0.002699213507274227,-2.4860329930664397e-06,0.002699213507274227,3.0451667689584862e-05,-3.7955098545608026e-05,5.143114431967499e-05,0.002699279048334709,-2.486096437752607e-06,0.002699279048334709,6.947823299433399e-08,-8.610617008073264e-08,1.1618365672523861e-07,6.554106048152275e-06,-6.344468616735514e-09,6.554106048152275e-06,0.5,True,False,True,1.832708523130695e-10,7.847562500099705e-10
1.9700000000000015,1786130336.838141,0.0030966000049374998,HOLD,8,inverse kinematics failed,0.0,-0.00900239453372741,0.028621606279729584,0.0,0.023688862101758634,0.02618220186623999,0.04927926268791805,0.9981607507744905,-0.00831628694495527,0.027577499427687294,0.0,0.02286942073001111,0.025188655754114383,0.04750661804498964,0.9982913615066005,-0.01599356288312672,-0.29051218968198234,0.31800018017986936,7.981066576411637e-06,1.2149578535245347e-10,1.5229189173657483e-05,0.9999999998521872,-0.0159935627485768,-0.29051218958171415,0.3180001801879952,7.981233510065663e-06,1.2150086710578374e-10,1.5229507768733325e-05,0.999999999852181,3.0451667689584862e-05,-3.7955098545608026e-05,5.143114431967499e-05,0.002699279048334709,-2.486096437752607e-06,0.002699279048334709,3.045230457338731e-05,-3.7955887852167097e-05,5.14322093365283e-05,0.00269933912764015,-2.4861545953815936e-06,0.00269933912764015,6.368838024480615e-08,-7.893065590733825e-08,1.0650168533146872e-07,6.007930544139585e-06,-5.815762898674221e-09,6.007930544139585e-06,0.5,True,False,True,1.6799826945908508e-10,7.193599023034037e-10
1.9800000000000015,1786130336.8414977,0.004025800008093938,HOLD,8,inverse kinematics failed,0.0,-0.009183037464140831,0.028878635171113422,0.0,0.02388956126705561,0.026427845586844627,0.04971522985185777,0.9981278744534102,-0.008490383284049418,0.027838859124065817,0.0,0.023074422209243016,0.025437674543030427,0.047950446558874926,0.9982591098649474,-0.0159935627485768,-0.29051218958171415,0.3180001801879952,7.981233510065663e-06,1.2150086710578374e-10,1.5229507768733325e-05,0.999999999852181,-0.015993562625239367,-0.2905121894898016,0.31800018019544385,7.981386532581838e-06,1.2150552549875638e-10,1.5229799814222586e-05,0.9999999998521754,3.045230457338731e-05,-3.7955887852167097e-05,5.14322093365283e-05,0.00269933912764015,-2.4861545953815936e-06,0.00269933912764015,3.0452888383539553e-05,-3.795661138317958e-05,5.1433185601977174e-05,0.002699394200336805,-2.486207906541498e-06,0.002699394200336805,5.838101522440563e-08,-7.235310124839339e-08,9.762654488717965e-08,5.507269665461285e-06,-5.331115990451368e-09,5.507269665461285e-06,0.5,True,False,True,1.5399843767540913e-10,6.594132492122521e-10
1.9900000000000015,1786130336.8447728,0.0033350000012433156,HOLD,8,inverse kinematics failed,0.0,-0.00936529177834533,0.02913452398342884,0.0,0.024089151202438864,0.026672578501594196,0.050149139019479705,0.998094860324422,-0.008666118361401123,0.028099119785727593,0.0,0.02327833595844922,0.025685831736551746,0.048392281166465656,0.9982266998265038,-0.015993562625239367,-0.2905121894898016,0.31800018019544385,7.981386532581838e-06,1.2150552549875638e-10,1.5229799814222586e-05,0.9999999998521754,-0.015993562512180058,-0.2905121894055484,0.3180001802022718,7.981526803221653e-06,1.2150979568742045e-10,1.523006752259032e-05,0.9999999998521701,3.0452888383539553e-05,-3.795661138317958e-05,5.1433185601977174e-05,0.002699394200336805,-2.486207906541498e-06,0.002699394200336805,3.0453423542845776e-05,-3.795727461994102e-05,5.1434080511971977e-05,0.0026994446836420714,-2.486256775104744e-06,0.0026994446836420714,5.351593062237182e-08,-6.63236761443606e-08,8.949099947991468e-08,5.0483305266728444e-06,-4.88685632458042e-09,5.0483305266728444e-06,0.5,True,False,True,1.411652653416156e-10,6.0446214966602e-10
2.0000000000000013,1786130336.8481407,0.0032774999999674037,HOLD,8,inverse kinematics failed,0.0,-0.009549150281252656,0.02938926261462369,0.0,0.024287626803942627,0.02691638836019107,0.05058097452013402,0.9980617136422324,-0.00884348523916043,0.02835827113829404,0.0,0.02348115662765039,0.025933114978454446,0.048832105830617006,0.9981941365641703,-0.015993562512180058,-0.2905121894055484,0.3180001802022718,7.981526803221653e-06,1.2150979568742045e-10,1.523006752259032e-05,0.9999999998521701,-0.015993562408542373,-0.29051218932831635,0.31800018020853066,7.981655384641478e-06,1.215137101105169e-10,1.5230312921929574e-05,0.9999999998521654,3.0453423542845776e-05,-3.795727461994102e-05,5.1434080511971977e-05,0.0026994446836420714,-2.486256775104744e-06,0.0026994446836420714,3.0453914105543146e-05,-3.795788258697235e-05,5.143490084613388e-05,0.0026994909600052326,-2.4863015712877194e-06,0.0026994909600052326,4.9056269737174265e-08,-6.079670313233067e-08,8.203341618992194e-08,4.627636316116783e-06,-4.4796182975320605e-09,4.627636316116783e-06,0.5,True,False,True,1.2940144353004084e-10,5.540903076889337e-10
2.010000000000001,1786130336.8518198,0.003423099988140166,HOLD,8,inverse kinematics failed,0.0,-0.009734605714443923,0.029642841008052992,0.0,0.024484983028567383,0.027159262943672987,0.05101072077783023,0.9980284396790371,-0.009022476915055932,0.028616302951173084,0.0,0.023682878928741886,0.02617951194031388,0.049269904607249324,0.9981614252715871,-0.015993562408542373,-0.29051218932831635,0.31800018020853066,7.981655384641478e-06,1.215137101105169e-10,1.5230312921929574e-05,0.9999999998521654,-0.015993562313541147,-0.29051218925752037,0.318000180214268,7.981773250942975e-06,1.2151729844620517e-10,1.5230537871325717e-05,0.999999999852161,3.0453914105543146e-05,-3.795788258697235e-05,5.143490084613388e-05,0.0026994909600052326,-2.4863015712877194e-06,0.0026994909600052326,3.0454363788015737e-05,-3.795843989008439e-05,5.143565281911562e-05,0.0026995333800047968,-2.4863426344554467e-06,0.0026995333800047968,4.4968247259076494e-08,-5.5730311204636556e-08,7.519729817409526e-08,4.241999956440393e-06,-4.10631677273773e-09,4.241999956440393e-06,0.5,True,False,True,1.1861796207216975e-10,5.079161186062961e-10
2.020000000000001,1786130336.8552136,0.0036918000114383176,HOLD,8,inverse kinematics failed,0.0,-0.009921650756456186,0.029895249152875964,0.0,0.024681214894012964,0.02740119006529017,0.05143836231159052,0.9979950437236966,-0.009203086322671227,0.028873205037963392,0.0,0.02388349763525407,0.026425010322388903,0.04970566164573318,0.998128571162317,-0.015993562313541147,-0.29051218925752037,0.318000180214268,7.981773250942975e-06,1.2151729844620517e-10,1.5230537871325717e-05,0.999999999852161,-0.015993562226456693,-0.29051218919262395,0.3180001802195272,7.981881295052672e-06,1.215205878657816e-10,1.5230744074940374e-05,0.999999999852157,3.0454363788015737e-05,-3.795843989008439e-05,5.143565281911562e-05,0.0026995333800047968,-2.4863426344554467e-06,0.0026995333800047968,3.0454775996948946e-05,-3.7958950751270435e-05,5.143634212768221e-05,0.0026995722650043977,-2.48638027569253e-06,0.0026995722650043977,4.12208933208202e-08,-5.108611860425028e-08,6.893085665958746e-08,3.888499960070368e-06,-3.764123708342927e-09,3.888499960070368e-06,0.5,True,False,True,1.0873319040844177e-10,4.6558977808324043e-10
2.0300000000000007,1786130336.85844,0.0033226999948965386,HOLD,8,inverse kinematics failed,0.0,-0.010110278023071462,0.030146477084451253,0.0,0.02487631747840554,0.027642157571380437,0.051863883735795535,0.9979615310809092,-0.009385306331723903,0.029128967256856878,0.0,0.024083007582106252,0.026669597854504578,0.05013936118926719,0.9980955794690264,-0.015993562226456693,-0.29051218919262395,0.3180001802195272,7.981881295052672e-06,1.215205878657816e-10,1.5230744074940374e-05,0.999999999852157,-0.015993562146629295,-0.29051218913313553,0.3180001802243482,7.981980335486558e-06,1.2152360334570952e-10,1.5230933094921763e-05,0.9999999998521534,3.0454775996948946e-05,-3.7958950751270435e-05,5.143634212768221e-05,0.0026995722650043977,-2.48638027569253e-06,0.0026995722650043977,3.0455153855137722e-05,-3.7959419040690975e-05,5.143697399386826e-05,0.002699607909587365,-2.4864147801598566e-06,0.002699607909587365,3.7785818877418587e-08,-4.682894205389618e-08,6.318661860462196e-08,3.5644582967311777e-06,-3.4504467326476893e-09,3.5644582967311777e-06,0.5,True,False,True,9.96720960940453e-11,4.267906321885503e-10
2.0400000000000005,1786130336.8616471,0.003223499996238388,HOLD,8,inverse kinematics failed,0.0,-0.010300480067608243,0.03039651488473028,0.0,0.025070285920018785,0.027882153342242404,0.052287269760523676,0.9979279070703847,-0.009569129748347055,0.029383579511039433,0.0,0.024281403665354136,0.026913262296933207,0.0505709875752484,0.9980624554426646,-0.015993562146629295,-0.29051218913313553,0.3180001802243482,7.981980335486558e-06,1.2152360334570952e-10,1.5230933094921763e-05,0.9999999998521534,-0.01599356207345416,-0.29051218907860454,0.31800018022876736,7.982071122550956e-06,1.2152636732816441e-10,1.523110636323912e-05,0.99999999985215,3.0455153855137722e-05,-3.7959419040690975e-05,5.143697399386826e-05,0.002699607909587365,-2.4864147801598566e-06,0.002699607909587365,3.04555002251441e-05,-3.795984830599313e-05,5.14375532045388e-05,0.0026996405837884188,-2.486446409254906e-06,0.0026996405837884188,3.463700063763377e-08,-4.292653021607158e-08,5.7921067054236914e-08,3.267420105336919e-06,-3.1629095049270546e-09,3.267420105336919e-06,0.5,True,False,True,9.136606984479518e-11,3.912247480936437e-10
2.0500000000000003,1786130336.864841,0.0032105999998748302,HOLD,8,inverse kinematics failed,0.0,-0.010492249381215485,0.03064535268264883,0.0,0.025263115416989262,0.028121165293006716,0.05270850519188309,0.9978941770260153,-0.009754549315373305,0.029637031749089868,0.0,0.024478680841931166,0.027155991441273567,0.05100052523563547,0.9980292043516411,-0.01599356207345416,-0.29051218907860454,0.31800018022876736,7.982071122550956e-06,1.2152636732816441e-10,1.523110636323912e-05,0.99999999985215,-0.015993562006376964,-0.29051218902861786,0.3180001802328184,7.982154344026643e-06,1.2152890073022587e-10,1.5231265192530935e-05,0.9999999998521469,3.04555002251441e-05,-3.795984830599313e-05,5.14375532045388e-05,0.0026996405837884188,-2.486446409254906e-06,0.0026996405837884188,3.0455817730983278e-05,-3.796024179918678e-05,5.143808414765346e-05,0.0026996705351393846,-2.4864754025920343e-06,0.0026996705351393846,3.175058391783102e-08,-3.934931936473236e-08,5.309431146638394e-08,2.9951350965588484e-06,-2.8993337128498055e-09,2.9951350965588484e-06,0.5,True,False,True,8.375218950939019e-11,3.586226873492943e-10
2.06,1786130336.8682816,0.0031893999985186383,HOLD,8,inverse kinematics failed,0.0,-0.010685578393169054,0.03089298065451672,0.0,0.025454801227026022,0.028359181374504973,0.05312757493233686,0.9978603462950462,-0.009941557712621318,0.029889313965377057,0.0,0.0246748341293836,0.0273977731113283,0.051427958697304536,0.9979958314810018,-0.015993562006376964,-0.29051218902861786,0.3180001802328184,7.982154344026643e-06,1.2152890073022587e-10,1.5231265192530935e-05,0.9999999998521469,-0.01599356194488953,-0.2905121889827966,0.3180001802365318,7.982230630379353e-06,1.2153122366129694e-10,1.5231410786049193e-05,0.999999999852144,3.0455817730983278e-05,-3.796024179918678e-05,5.143808414765346e-05,0.0026996705351393846,-2.4864754025920343e-06,0.0026996705351393846,3.0456108778002523e-05,-3.796060250128096e-05,5.143857084550857e-05,0.0026996979905444364,-2.4865019798177353e-06,0.0026996979905444364,2.910470192467849e-08,-3.60702094176714e-08,4.866978551085204e-08,2.7455405051789498e-06,-2.657722570112327e-09,2.7455405051789498e-06,0.5,True,False,True,7.677290901644356e-11,3.287374647468589e-10
2.07,1786130336.871548,0.003441599998041056,HOLD,8,inverse kinematics failed,0.0,-0.01088045947117059,0.031139389024405623,0.0,0.0256453386671147,0.028596189574136642,0.05354446398102145,0.9978264202372447,-0.010130147557184815,0.030140416200455267,0.0,0.024869858605599596,0.027638595163979394,0.05185327258239807,0.9979623421316032,-0.01599356194488953,-0.2905121889827966,0.3180001802365318,7.982230630379353e-06,1.2153122366129694e-10,1.5231410786049193e-05,0.999999999852144,-0.01599356188852605,-0.2905121889407939,0.31800018023993565,7.982300559535997e-06,1.2153335256101107e-10,1.5231544246774906e-05,0.9999999998521415,3.0456108778002523e-05,-3.796060250128096e-05,5.143857084550857e-05,0.0026996979905444364,-2.4865019798177353e-06,0.0026996979905444364,3.0456375571103498e-05,-3.796093314486729e-05,5.143901698520908e-05,0.002699723157999067,-2.486526342274628e-06,0.002699723157999067,2.6679310097622003e-08,-3.306435863286551e-08,4.461397005161446e-08,2.516745463080709e-06,-2.4362456892696377e-09,2.516745463080709e-06,0.5,True,False,True,7.037512099342565e-11,3.0134267714894403e-10
2.0799999999999996,1786130336.8748288,0.0032691000087652355,HOLD,8,inverse kinematics failed,0.0,-0.011076884921648822,0.03138456806453501,0.0,0.025834723113216003,0.02883217791673342,0.053959157434058075,0.997792404224069,-0.010320311403724051,0.030390328541457633,0.0,0.025063749408532284,0.02787844549006159,0.05227645160866641,0.9979287416192857,-0.01599356188852605,-0.2905121889407939,0.31800018023993565,7.982300559535997e-06,1.2153335256101107e-10,1.5231544246774906e-05,0.9999999998521415,-0.015993561836859533,-0.29051218890229136,0.3180001802430559,7.982364661262933e-06,1.2153530415337715e-10,1.5231666585774017e-05,0.9999999998521392,3.0456375571103498e-05,-3.796093314486729e-05,5.143901698520908e-05,0.002699723157999067,-2.486526342274628e-06,0.002699723157999067,3.045662013144606e-05,-3.796123623482142e-05,5.1439425946601226e-05,0.002699746228165812,-2.4865486745267795e-06,0.002699746228165812,2.445603425615355e-08,-3.030899541346011e-08,4.0896139213979997e-08,2.3070166744906542e-06,-2.233225215163839e-09,2.3070166744906542e-06,0.5,True,False,True,6.451054244394048e-11,2.762307883549942e-10
2.0899999999999994,1786130336.877952,0.003324399993289262,HOLD,8,inverse kinematics failed,0.0,-0.011274846990063299,0.031628508095656205,0.0,0.026022949999958894,0.029067134465421387,0.05437164048485761,0.997758303637837,-0.010512041744759767,0.030639041122487803,0.0,0.025256501735917033,0.02811731201523369,0.0526974805898023,0.9978950352740459,-0.015993561836859533,-0.29051218890229136,0.3180001802430559,7.982364661262933e-06,1.2153530415337715e-10,1.5231666585774017e-05,0.9999999998521392,-0.015993561789498553,-0.29051218886699737,0.31800018024591614,7.982423421179277e-06,1.2153709318583052e-10,1.5231778729856986e-05,0.999999999852137,3.045662013144606e-05,-3.796123623482142e-05,5.1439425946601226e-05,0.002699746228165812,-2.4865486745267795e-06,0.002699746228165812,3.0456844311760075e-05,-3.796151406727938e-05,5.143980082787735e-05,0.0026997673758186614,-2.4865691457579185e-06,0.0026997673758186614,2.241803140147413e-08,-2.7783245795671817e-08,3.748812761281507e-08,2.1147652849497703e-06,-2.0471231139001895e-09,2.1147652849497703e-06,0.5,True,False,True,5.913467052057637e-11,2.532115567825734e-10
2.099999999999999,1786130336.8809826,0.0030767999996896833,HOLD,8,inverse kinematics failed,0.0,-0.01147433786121052,0.031871199487434464,0.0,0.026210014820328368,0.02930104732248052,0.05478189842441849,0.9977241238708929,-0.010705331010969587,0.030886544125009685,0.0,0.025448110844982896,0.028355182700847643,0.05311634443576837,0.9978612284392073,-0.015993561789498553,-0.29051218886699737,0.31800018024591614,7.982423421179277e-06,1.2153709318583052e-10,1.5231778729856986e-05,0.999999999852137,-0.015993561746084333,-0.2905121888346445,0.318000180248538,7.982477284435931e-06,1.2153873337312782e-10,1.523188152860009e-05,0.999999999852135,3.0456844311760075e-05,-3.796151406727938e-05,5.143980082787735e-05,0.0026997673758186614,-2.4865691457579185e-06,0.0026997673758186614,3.0457049810381256e-05,-3.796176874703251e-05,5.144014446904714e-05,0.002699786761167107,-2.4865879110531292e-06,0.002699786761167107,2.054986211801799e-08,-2.5467975312699215e-08,3.4364116978413885e-08,1.9385348445372933e-06,-1.8765295210751775e-09,1.9385348445372933e-06,0.5,True,False,True,5.420678019112901e-11,2.3211059439585828e-10
2.109999999999999,1786130336.8848517,0.0030288999987533316,HOLD,8,inverse kinematics failed,0.0,-0.011675349659532486,0.032112632658829195,0.0,0.026395913125348176,0.029533904630201738,0.0551899166416181,0.9976898703247741,-0.010900171571486863,0.031132827778235346,0.0,0.025638572052158443,0.02859204554481533,0.05353302815311764,0.9978273264705908,-0.015993561746084333,-0.2905121888346445,0.318000180248538,7.982477284435931e-06,1.2153873337312782e-10,1.523188152860009e-05,0.999999999852135,-0.01599356170628796,-0.2905121888049878,0.31800018025094146,7.982526659087856e-06,1.2154023655219262e-10,1.5231975760781585e-05,0.9999999998521332,3.0457049810381256e-05,-3.796176874703251e-05,5.144014446904714e-05,0.002699786761167107,-2.4865879110531292e-06,0.002699786761167107,3.0457238184117337e-05,-3.796200220347287e-05,5.144045947345278e-05,0.0026998045310698483,-2.486605112573739e-06,0.0026998045310698483,1.8837373608183197e-08,-2.3345644036640993e-08,3.150044056354612e-08,1.776990274159189e-06,-1.7201520609855826e-09,1.776990274159189e-06,0.5,True,False,True,4.968952814709069e-11,2.127680454139327e-10
2.1199999999999988,1786130336.8879368,0.0038798000023234636,HOLD,8,inverse kinematics failed,0.0,-0.011877874449427579,0.03235279807847218,0.0,0.026580640523758286,0.029765694571741174,0.055595680623497484,0.997655548409379,-0.011096555734201949,0.03137788235951098,0.0,0.025827880732771993,0.028827888582473007,0.05394751684530704,0.9977933347356834,-0.01599356170628796,-0.2905121888049878,0.31800018025094146,7.982526659087856e-06,1.2154023655219262e-10,1.5231975760781585e-05,0.9999999998521332,-0.01599356166980796,-0.29051218877780244,0.3180001802531446,7.98257191918546e-06,1.2154161447908537e-10,1.5232062140281559e-05,0.9999999998521314,3.0457238184117337e-05,-3.796200220347287e-05,5.144045947345278e-05,0.0026998045310698483,-2.486605112573739e-06,0.0026998045310698483,3.0457410860042077e-05,-3.796221620520988e-05,5.144074822749128e-05,0.0026998208201473614,-2.486620880634298e-06,0.0026998208201473614,1.7267592474167964e-08,-2.1400173700254286e-08,2.887540384991733e-08,1.628907751312593e-06,-1.5768060559034537e-09,1.628907751312593e-06,0.5,True,False,True,4.5548745425062506e-11,1.950373754541957e-10
2.1299999999999986,1786130336.8909762,0.003077000001212582,HOLD,8,inverse kinematics failed,0.0,-0.012081904235563878,0.032591686265043905,0.0,0.026764192681687494,0.0299964053719718,0.05599917595553955,0.9976211635421326,-0.011294475746065883,0.031621698194700974,0.0,0.026016032320746472,0.029062699887443234,0.054359795713004165,0.9977592586128072,-0.01599356166980796,-0.29051218877780244,0.3180001802531446,7.98257191918546e-06,1.2154161447908537e-10,1.5232062140281559e-05,0.9999999998521314,-0.015993561636367944,-0.2905121887528826,0.318000180255164,7.982613407608259e-06,1.215428777829421e-10,1.5232141321490098e-05,0.99999999985213,3.0457410860042077e-05,-3.796221620520988e-05,5.144074822749128e-05,0.0026998208201473614,-2.486620880634298e-06,0.0026998208201473614,3.0457569146306425e-05,-3.7962412373468794e-05,5.144101291869324e-05,0.0026998357518017483,-2.4866353346898106e-06,0.0026998357518017483,1.5828626434653996e-08,-1.96168258918998e-08,2.6469120195757605e-08,1.4931654387032133e-06,-1.4454055512448354e-09,1.4931654387032133e-06,0.5,True,False,True,4.1752980030637755e-11,1.7878426122900942e-10
2.1399999999999983,1786130336.8940046,0.003043500008061528,HOLD,8,inverse kinematics failed,0.0,-0.012287430963194774,0.032829287787647786,0.0,0.026946565322321064,0.03022602529833212,0.05640038832194057,0.9975867211471536,-0.011493923793396489,0.03186426565857006,0.0,0.02620302230828886,0.02929646757249429,0.05476985005438706,0.9977251034902876,-0.015993561636367944,-0.2905121887528826,0.318000180255164,7.982613407608259e-06,1.215428777829421e-10,1.5232141321490098e-05,0.99999999985213,-0.015993561605714593,-0.29051218873003937,0.31800018025701526,7.982651438662492e-06,1.2154403578422984e-10,1.5232213904264775e-05,0.9999999998521285,3.0457569146306425e-05,-3.7962412373468794e-05,5.144101291869324e-05,0.0026998357518017483,-2.4866353346898106e-06,0.0026998357518017483,3.0457714242048745e-05,-3.7962592194372804e-05,5.1441255552295035e-05,0.002699849439151603,-2.4866485842406972e-06,0.002699849439151603,1.4509574231766191e-08,-1.7982090400908186e-08,2.4263360179444518e-08,1.3687349854779482e-06,-1.3249550886411017e-09,1.3687349854779482e-06,0.5,True,False,True,3.8273595071666335e-11,1.6388557312245244e-10
2.149999999999998,1786130336.897029,0.0030232999997679144,HOLD,8,inverse kinematics failed,0.0,-0.012494446518476983,0.033065593266182546,0.0,0.027127754225563634,0.030454542661672003,0.05679930350587543,0.997552226654421,-0.011694892002186867,0.03210557517516349,0.0,0.026388846245574367,0.029529179790396928,0.055177665265437235,0.9976908747656207,-0.015993561605714593,-0.29051218873003937,0.31800018025701526,7.982651438662492e-06,1.2154403578422984e-10,1.5232213904264775e-05,0.9999999998521285,-0.0159935615776157,-0.2905121887090997,0.3180001802587123,7.982686300462203e-06,1.2154509714523062e-10,1.5232280438475057e-05,0.9999999998521272,3.0457714242048745e-05,-3.7962592194372804e-05,5.1441255552295035e-05,0.002699849439151603,-2.4866485842406972e-06,0.002699849439151603,3.0457847246479202e-05,-3.796275703020148e-05,5.1441477966430016e-05,0.00269986198588897,-2.486660729662343e-06,0.00269986198588897,1.3300443045785701e-08,-1.6483582867499202e-08,2.2241413497824186e-08,1.2546737366881216e-06,-1.2145421645876789e-09,1.2546737366881216e-06,0.5,True,False,True,3.508416179238345e-11,1.5022844231075302e-10
2.159999999999998,1786130336.9006147,0.0030236999882617965,HOLD,8,inverse kinematics failed,0.0,-0.01270294272879085,0.03330059337171253,0.0,0.027307755227697465,0.030681945817095508,0.057195907389756336,0.9975176854989407,-0.011897372438416261,0.032345617218185296,0.0,0.02657349974042562,0.029760824734778427,0.055583226840226166,0.9976565778446406,-0.0159935615776157,-0.2905121887090997,0.3180001802587123,7.982686300462203e-06,1.2154509714523062e-10,1.5232280438475057e-05,0.9999999998521272,-0.015993561551858375,-0.290512188689905,0.31800018026026783,7.982718257111937e-06,1.2154607035311612e-10,1.5232341428167949e-05,0.9999999998521261,3.0457847246479202e-05,-3.796275703020148e-05,5.1441477966430016e-05,0.00269986198588897,-2.486660729662343e-06,0.00269986198588897,3.045796916720712e-05,-3.79629081297111e-05,5.1441681846053744e-05,0.0026998734870648895,-2.4866718629655185e-06,0.0026998734870648895,1.219207279197025e-08,-1.5109950961874298e-08,2.0387962373005545e-08,1.1501175919641136e-06,-1.1133303175387079e-09,1.1501175919641136e-06,0.5,True,False,True,3.216044153705248e-11,1.3770940568508297e-10
2.1699999999999977,1786130336.9037714,0.0036776000051759183,HOLD,8,inverse kinematics failed,0.0,-0.01291291136306299,0.03353427882683595,0.0,0.02748656422103604,0.030908223164800547,0.05759018595548513,0.9974831031199127,-0.012101357108363301,0.03258438231137451,0.0,0.026756978457986663,0.029991390640973867,0.05598652037119486,0.9976222181406873,-0.015993561551858375,-0.290512188689905,0.31800018026026783,7.982718257111937e-06,1.2154607035311612e-10,1.5232341428167949e-05,0.9999999998521261,-0.015993561528247494,-0.29051218867230993,0.3180001802616937,7.98274755070753e-06,1.2154696218450041e-10,1.5232397335386546e-05,0.999999999852125,3.045796916720712e-05,-3.79629081297111e-05,5.1441681846053744e-05,0.0026998734870648895,-2.4866718629655185e-06,0.0026998734870648895,3.045808092787438e-05,-3.796304663759492e-05,5.144186873570883e-05,0.0026998840298094826,-2.4866820684934293e-06,0.0026998840298094826,1.117606672597275e-08,-1.3850788381718134e-08,1.868896550858845e-08,1.0542744593004396e-06,-1.0205527910771508e-09,1.0542744593004396e-06,0.5,True,False,True,2.948040065241323e-11,1.2623362208449164e-10
2.1799999999999975,1786130336.9068534,0.0030654000001959503,HOLD,8,inverse kinematics failed,0.0,-0.013124344132091249,0.033766640406051165,0.0,0.027664177153573378,0.03113336315091553,0.057982125284699475,0.9974484849598992,-0.012306837958921596,0.032821861028879504,0.0,0.02693927812039214,0.03022086578687447,0.056387531549427015,0.9975878010737733,-0.015993561528247494,-0.29051218867230993,0.3180001802616937,7.98274755070753e-06,1.2154696218450041e-10,1.5232397335386546e-05,0.999999999852125,-0.01599356150660419,-0.29051218865618106,0.31800018026300075,7.982774403170152e-06,1.2154777987703538e-10,1.5232448583670358e-05,0.999999999852124,3.045808092787438e-05,-3.796304663759492e-05,5.144186873570883e-05,0.0026998840298094826,-2.4866820684934293e-06,0.0026998840298094826,3.04581833751527e-05,-3.796317360315508e-05,5.1442040051225994e-05,0.0026998936939920263,-2.486691423560681e-06,0.0026998936939920263,1.0244727832141707e-08,-1.269655601657498e-08,1.7131551716206114e-08,9.664182543587383e-07,-9.355067251540568e-10,9.664182543587383e-07,0.5,True,False,True,2.7023725168088376e-11,1.1571415374227753e-10
2.1899999999999973,1786130336.909914,0.0030915999959688634,HOLD,8,inverse kinematics failed,0.0,-0.013337232688871936,0.0339976689361209,0.0,0.027840590028628785,0.03135735426833259,0.05837171155901253,0.9974138364639923,-0.012513806877917685,0.0330580439956302,0.0,0.02712039450643161,0.030449238493773016,0.056786246164915496,0.9975533320697508,-0.01599356150660419,-0.29051218865618106,0.31800018026300075,7.982774403170152e-06,1.2154777987703538e-10,1.5232448583670358e-05,0.999999999852124,-0.015993561486764493,-0.2905121886413962,0.3180001802641989,7.98279901792756e-06,1.215485291491005e-10,1.523249556126393e-05,0.9999999998521231,3.04581833751527e-05,-3.796317360315508e-05,5.1442040051225994e-05,0.0026998936939920263,-2.486691423560681e-06,0.0026998936939920263,3.045827728515783e-05,-3.79632899882519e-05,5.144219709045006e-05,0.0026999025528260247,-2.486699999038995e-06,0.0026999025528260247,9.391000512796583e-09,-1.1638509681860422e-08,1.57039224065223e-08,8.858833998288451e-07,-8.575478313912204e-10,8.858833998288451e-07,0.5,True,False,True,2.477177014270768e-11,1.0607130773956267e-10
2.199999999999997,1786130336.9132106,0.003050800005439669,HOLD,8,inverse kinematics failed,0.0,-0.013551568628929362,0.034227355296434364,0.0,0.028015798904487604,0.03158018505753763,0.05875893106024669,0.9973791630789829,-0.012722255694431304,0.03329292188770837,0.0,0.027300323451209228,0.03067649712720623,0.05718265010682244,0.9975188165594796,-0.015993561486764493,-0.2905121886413962,0.3180001802641989,7.98279901792756e-06,1.215485291491005e-10,1.523249556126393e-05,0.9999999998521231,-0.015993561468578124,-0.29051218862784356,0.3180001802652973,7.98282158145518e-06,1.2154921611150299e-10,1.5232538624058103e-05,0.9999999998521222,3.045827728515783e-05,-3.79632899882519e-05,5.144219709045006e-05,0.0026999025528260247,-2.486699999038995e-06,0.0026999025528260247,3.0458363369329196e-05,-3.796339667459065e-05,5.144234104307212e-05,0.0026999106734238564,-2.4867078598941158e-06,0.0026999106734238564,8.608417136730218e-09,-1.0668633875038742e-08,1.4395262205978804e-08,8.120597831764429e-07,-7.860855121086203e-10,8.120597831764429e-07,0.5,True,False,True,2.2707379125416686e-11,9.723203220960888e-11
2.209999999999997,1786130336.9168031,0.0033564000041224062,HOLD,8,inverse kinematics failed,0.0,-0.0137673434906476,0.03445569041936735,0.0,0.02818979989403764,0.03180184410743684,0.05914377017066097,0.9973444702525305,-0.012932176179117977,0.03352648543271586,0.0,0.027479060845798778,0.030902630097794006,0.057576729363732836,0.9974842599779945,-0.015993561468578124,-0.29051218862784356,0.3180001802652973,7.98282158145518e-06,1.2154921611150299e-10,1.5232538624058103e-05,0.9999999998521222,-0.015993561451907265,-0.2905121886154202,0.3180001802663041,7.982842264688835e-06,1.2154984585002177e-10,1.5232578098286148e-05,0.9999999998521214,3.0458363369329196e-05,-3.796339667459065e-05,5.144234104307212e-05,0.0026999106734238564,-2.4867078598941158e-06,0.0026999106734238564,3.0458442279819616e-05,-3.796349447040117e-05,5.144247299964234e-05,0.0026999181173052024,-2.4867150656779768e-06,0.0026999181173052024,7.891049042002715e-09,-9.779581052118865e-09,1.3195657022147262e-08,7.443881345784074e-07,-7.2057838609957e-10,7.443881345784074e-07,0.5,True,False,True,2.0815152708987966e-11,8.91293629540352e-11
2.2199999999999966,1786130336.9198322,0.003536599993822165,HOLD,8,inverse kinematics failed,0.0,-0.013984548755604582,0.03468266529064017,0.0,0.028362589164401725,0.03202232005617984,0.059526215373172486,0.9973097634323338,-0.013143560044533924,0.03375872541014078,0.0,0.027656602636894276,0.03112762586207547,0.05796847002390181,0.9974496677636739,-0.015993561451907265,-0.2905121886154202,0.3180001802663041,7.982842264688835e-06,1.2154984585002177e-10,1.5232578098286148e-05,0.9999999998521214,-0.01599356143662565,-0.2905121886040322,0.318000180267227,7.982861224319682e-06,1.2155042327521736e-10,1.5232614282995241e-05,0.9999999998521207,3.0458442279819616e-05,-3.796349447040117e-05,5.144247299964234e-05,0.0026999181173052024,-2.4867150656779768e-06,0.0026999181173052024,3.0458514614435835e-05,-3.7963584116560813e-05,5.144259395983171e-05,0.0026999249408631025,-2.4867216709798493e-06,0.0026999249408631025,7.233461621835835e-09,-8.964615964442309e-09,1.2096018936968347e-08,6.823557900302081e-07,-6.605301872579404e-10,6.823557900302081e-07,0.5,True,False,True,1.908051548653363e-11,8.170191612961669e-11
2.2299999999999964,1786130336.92291,0.0030248999973991886,HOLD,8,inverse kinematics failed,0.0,-0.014203175848908362,0.03490827094967355,0.0,0.0285341629365663,0.032241601591979155,0.059906253251571895,0.9972750480653029,-0.013356398945463248,0.03398963265172161,0.0,0.027832944826456155,0.03135147292334173,0.05835785827549556,0.9974150453574088,-0.01599356143662565,-0.2905121886040322,0.318000180267227,7.982861224319682e-06,1.2155042327521736e-10,1.5232614282995241e-05,0.9999999998521207,-0.015993561422617486,-0.2905121885935931,0.3180001802680729,7.982878603981291e-06,1.2155095247189557e-10,1.5232647452311946e-05,0.9999999998521201,3.0458514614435835e-05,-3.7963584116560813e-05,5.144259395983171e-05,0.0026999249408631025,-2.4867216709798493e-06,0.0026999249408631025,3.0458580921167367e-05,-3.7963666292207153e-05,5.14427048400053e-05,0.002699931195791178,-2.486727725839899e-06,0.002699931195791178,6.630673153349528e-09,-8.217564634072133e-09,1.1088017358887673e-08,6.254928075276919e-07,-6.054860049864466e-10,6.254928075276919e-07,0.5,True,False,True,1.749053775986159e-11,7.489342318078736e-11
2.239999999999996,1786130336.9259777,0.0030839999963063747,HOLD,8,inverse kinematics failed,0.0,-0.01442321613953565,0.035132498489942376,0.0,0.028704517485006267,0.032459677453926174,0.06028387049073277,0.997240329596731,-0.013570684479247414,0.0342191980418093,0.0,0.02800808347135327,0.031574159832465316,0.058744880406826065,0.9973803982017712,-0.015993561422617486,-0.2905121885935931,0.3180001802680729,7.982878603981291e-06,1.2155095247189557e-10,1.5232647452311946e-05,0.9999999998521201,-0.015993561409776685,-0.290512188584024,0.31800018026884846,7.98289453533777e-06,1.2155143756645905e-10,1.5232677857518962e-05,0.9999999998521195,3.0458580921167367e-05,-3.7963666292207153e-05,5.14427048400053e-05,0.002699931195791178,-2.486727725839899e-06,0.002699931195791178,3.045864170233794e-05,-3.7963741619882966e-05,5.144280648016442e-05,0.002699936929475247,-2.4867332761282783e-06,0.002699936929475247,6.078117057237079e-09,-7.532767581232803e-09,1.016401591231372e-08,5.733684069003854e-07,-5.550288379042437e-10,5.733684069003854e-07,0.5,True,False,True,1.6032958905486247e-11,6.865230465136778e-11
2.249999999999996,1786130336.9295788,0.0031417000136571005,HOLD,8,inverse kinematics failed,0.0,-0.014644660940672533,0.035355339059327286,0.0,0.02887364913730608,0.03267653643280323,0.060659053876815146,0.9972056134694696,-0.013786408186116986,0.0344474125177272,0.0,0.02818201468300066,0.0317956751887261,0.05912952280657954,0.9973457317401857,-0.015993561409776685,-0.290512188584024,0.31800018026884846,7.98289453533777e-06,1.2155143756645905e-10,1.5232677857518962e-05,0.9999999998521195,-0.01599356139800595,-0.2905121885752523,0.31800018026955923,7.982909139081205e-06,1.2155188215289707e-10,1.5232705728958754e-05,0.999999999852119,3.045864170233794e-05,-3.7963741619882966e-05,5.144280648016442e-05,0.002699936929475247,-2.4867332761282783e-06,0.002699936929475247,3.0458697418410964e-05,-3.796381067025246e-05,5.144289965031028e-05,0.0026999421853523106,-2.486738363892626e-06,0.0026999421853523106,5.571607302467333e-09,-6.905036949463416e-09,9.317014586287593e-09,5.255877063253543e-07,-5.087764347455577e-10,5.255877063253543e-07,0.5,True,False,True,1.469687644044729e-11,6.293127931082723e-11
2.259999999999996,1786130336.933892,0.0035933999897679314,HOLD,8,inverse kinematics failed,0.0,-0.014867501510057446,0.03557678386046417,0.0,0.029041554273777463,0.032892167371892114,0.06103179029746338,0.9971709051231034,-0.014003561549525631,0.03467426707012897,0.0,0.02835473462699342,0.032016007640633816,0.05951177196403893,0.9973110514161005,-0.01599356139800595,-0.2905121885752523,0.31800018026955923,7.982909139081205e-06,1.2155188215289707e-10,1.5232705728958754e-05,0.999999999852119,-0.01599356138721611,-0.29051218856721156,0.3180001802702109,7.982922525846022e-06,1.2155228964834836e-10,1.5232731277778582e-05,0.9999999998521184,3.0458697418410964e-05,-3.796381067025246e-05,5.144289965031028e-05,0.0026999421853523106,-2.486738363892626e-06,0.0026999421853523106,3.0458748491477903e-05,-3.7963873966424495e-05,5.1442985056277324e-05,0.0026999470032396185,-2.486743027676611e-06,0.0026999470032396185,5.107306693928398e-09,-6.32961720367481e-09,8.540596704096977e-09,4.817887307982424e-07,-4.663783985167622e-10,4.817887307982424e-07,0.5,True,False,True,1.3472146488594106e-11,5.7687006070544903e-11
2.2699999999999956,1786130336.9371035,0.004245000003720634,HOLD,8,inverse kinematics failed,0.0,-0.015091729050326264,0.035796824151091464,0.0,0.02920822932707344,0.03310655916777851,0.06140206674199802,0.9971362099931277,-0.01422213599648635,0.03489975274335432,0.0,0.028526239522736516,0.032235145886746946,0.059891614469300185,0.9972763626721594,-0.01599356138721611,-0.29051218856721156,0.3180001802702109,7.982922525846022e-06,1.2155228964834836e-10,1.5232731277778582e-05,0.9999999998521184,-0.01599356137732542,-0.2905121885598409,0.31800018027080823,7.982934797047103e-06,1.2155266343815956e-10,1.523275469753012e-05,0.999999999852118,3.0458748491477903e-05,-3.7963873966424495e-05,5.1442985056277324e-05,0.0026999470032396185,-2.486743027676611e-06,0.0026999470032396185,3.045879530845593e-05,-3.796393198791553e-05,5.1443063345080444e-05,0.0026999514196363174,-2.4867473028119307e-06,0.0026999514196363174,4.681697802767707e-09,-5.802149103368587e-09,7.82888031208891e-09,4.4163966989838977e-07,-4.275135319736995e-10,4.4163966989838977e-07,0.5,True,False,True,1.2349460929212979e-11,5.2879755610737564e-11
2.2799999999999954,1786130336.9401352,0.003209899994544685,HOLD,8,inverse kinematics failed,0.0,-0.015317334709359642,0.036015451244395244,0.0,0.029373670781799248,0.0333197007711526,0.06176987030160204,0.9971015335101269,-0.014442122897909955,0.03512386063578266,0.0,0.028696525643070913,0.03245307867648792,0.0602690370134826,0.9972416709493751,-0.01599356137732542,-0.2905121885598409,0.31800018027080823,7.982934797047103e-06,1.2155266343815956e-10,1.523275469753012e-05,0.999999999852118,-0.015993561368258958,-0.2905121885530845,0.31800018027135585,7.982946045648097e-06,1.2155300583952714e-10,1.523277616563571e-05,0.9999999998521176,3.045879530845593e-05,-3.796393198791553e-05,5.1443063345080444e-05,0.0026999514196363174,-2.4867473028119307e-06,0.0026999514196363174,3.0458838224019125e-05,-3.796398517428231e-05,5.144313510981664e-05,0.002699955467999958,-2.486751221685974e-06,0.002699955467999958,4.2915563192037396e-09,-5.318636678087882e-09,7.1764736194148484e-09,4.0483636407352475e-07,-3.918874043092253e-10,4.0483636407352475e-07,0.5,True,False,True,1.1320300925064649e-11,4.847310933835945e-11
2.289999999999995,1786130336.9431622,0.003030899999430403,HOLD,8,inverse kinematics failed,0.0,-0.015544309580632465,0.03623265650935223,0.0,0.029537875174119953,0.03353158118760573,0.06213518816950168,0.997066881098955,-0.01466351356894574,0.035346581900184595,0.0,0.02886558931389594,0.0326697948109546,0.06064402638893325,0.9972069816863047,-0.015993561368258958,-0.2905121885530845,0.31800018027135585,7.982946045648097e-06,1.2155300583952714e-10,1.523277616563571e-05,0.9999999998521176,-0.01599356135994803,-0.2905121885468911,0.3180001802718577,7.982956356865664e-06,1.215533199382291e-10,1.5232795844732511e-05,0.9999999998521172,3.0458838224019125e-05,-3.796398517428231e-05,5.144313510981664e-05,0.002699955467999958,-2.486751221685974e-06,0.002699955467999958,3.0458877563285385e-05,-3.796403392845186e-05,5.144320089415815e-05,0.002699959178999962,-2.48675481398718e-06,0.002699959178999962,3.933926625936769e-09,-4.875416954913901e-09,6.578434151130291e-09,3.7110000040073174e-07,-3.5923012061679056e-10,3.7110000040073174e-07,0.5,True,False,True,1.0376995828869642e-11,4.4433683569265286e-11
2.299999999999995,1786130336.9464855,0.0030257000034907833,HOLD,8,inverse kinematics failed,0.0,-0.015772644703565455,0.03644843137107047,0.0,0.02970083909136493,0.03374218947842281,0.062498007641141246,0.9970322581779182,-0.014886299269324374,0.03556790774407125,0.0,0.029033426913788147,0.03288528314372799,0.06101656948942554,0.9971723003182252,-0.01599356135994803,-0.2905121885468911,0.3180001802718577,7.982956356865664e-06,1.215533199382291e-10,1.5232795844732511e-05,0.9999999998521172,-0.015993561352329676,-0.2905121885412138,0.3180001802723178,7.982965808815113e-06,1.215536076418838e-10,1.5232813883904593e-05,0.9999999998521168,3.0458877563285385e-05,-3.796403392845186e-05,5.144320089415815e-05,0.002699959178999962,-2.48675481398718e-06,0.002699959178999962,3.0458913624279457e-05,-3.796407861977395e-05,5.14432611964712e-05,0.0026999625807499657,-2.4867581069299523e-06,0.0026999625807499657,3.6060994071087116e-09,-4.469132208671084e-09,6.0302313052027785e-09,3.401750003673381e-07,-3.2929427723205866e-10,3.401750003673381e-07,0.5,True,False,True,9.512235805967447e-12,4.0730876638264335e-11
2.3099999999999947,1786130336.9497032,0.003337000001920387,HOLD,8,inverse kinematics failed,0.0,-0.016002331063878918,0.036662767311127886,0.0,0.029862559171629485,0.03395151476137079,0.0628583161143529,0.9969976701579586,-0.015110471203702963,0.03578782943004148,0.0,0.029200034873616672,0.033099532581676035,0.06138665331035197,0.9971376322763116,-0.015993561352329676,-0.2905121885412138,0.3180001802723178,7.982965808815113e-06,1.215536076418838e-10,1.5232813883904593e-05,0.9999999998521168,-0.0159935613453462,-0.2905121885360096,0.3180001802727396,7.982974473102096e-06,1.2155387153578414e-10,1.523283041981234e-05,0.9999999998521165,3.0458913624279457e-05,-3.796407861977395e-05,5.14432611964712e-05,0.0026999625807499657,-2.4867581069299523e-06,0.0026999625807499657,3.045894668019069e-05,-3.79641195868192e-05,5.1443316473591496e-05,0.0026999656990208025,-2.486761125460827e-06,0.0026999656990208025,3.305591123182992e-09,-4.096704524615168e-09,5.527712029769224e-09,3.118270836700605e-07,-3.0185308746272104e-10,3.118270836700605e-07,0.5,True,False,True,8.719564318012387e-12,3.733663692020893e-11
2.3199999999999945,1786130336.9530196,0.0032176999957300723,HOLD,8,inverse kinematics failed,0.0,-0.016233359593948653,0.03687565586790858,0.0,0.030023032103373475,0.03415954621148271,0.06321610108952071,0.9969631224418408,-0.015336020522012304,0.03600633827612684,0.0,0.029365409676155287,0.033312532085753487,0.06175426494891118,0.9971029829868161,-0.0159935613453462,-0.2905121885360096,0.3180001802727396,7.982974473102096e-06,1.2155387153578414e-10,1.523283041981234e-05,0.9999999998521165,-0.015993561338944674,-0.29051218853123906,0.31800018027312615,7.982982415365168e-06,1.215541133953452e-10,1.5232845577727789e-05,0.9999999998521162,3.045894668019069e-05,-3.79641195868192e-05,5.1443316473591496e-05,0.0026999656990208025,-2.486761125460827e-06,0.0026999656990208025,3.045897698144265e-05,-3.7964157139944006e-05,5.14433671442851e-05,0.002699968557435736,-2.486763892447462e-06,0.002699968557435736,3.0301251962510817e-09,-3.755312480897245e-09,5.067069360621799e-09,2.8584149336422267e-07,-2.7669866350749484e-10,2.8584149336422267e-07,0.5,True,False,True,7.992922083930839e-12,3.422525053998819e-11
2.3299999999999943,1786130336.9564257,0.003420900000492111,HOLD,8,inverse kinematics failed,0.0,-0.016465721173163868,0.03708708863693685,0.0,0.03018225462501736,0.034366273061837704,0.06357135016973947,0.9969286204233412,-0.01556293831980629,0.03622342565613439,0.0,0.029529547855691226,0.03352427067179775,0.06211939160428926,0.9970683578702493,-0.015993561338944674,-0.29051218853123906,0.31800018027312615,7.982982415365168e-06,1.215541133953452e-10,1.5232845577727789e-05,0.9999999998521162,-0.015993561333076597,-0.29051218852686617,0.3180001802734805,7.98298969577299e-06,1.2155433531332794e-10,1.523285947248362e-05,0.999999999852116,3.045897698144265e-05,-3.7964157139944006e-05,5.14433671442851e-05,0.002699968557435736,-2.486763892447462e-06,0.002699968557435736,3.0459004757590285e-05,-3.7964191563641744e-05,5.1443413592420906e-05,0.0026999711776494253,-2.4867664288518774e-06,0.0026999711776494253,2.7776147632301634e-09,-3.4423697741558145e-09,4.644813580569991e-09,2.6202136891720465e-07,-2.5364044154853744e-10,2.6202136891720465e-07,0.5,True,False,True,7.326803482418785e-12,3.13731463359041e-11
2.339999999999994,1786130336.9596796,0.003304099998786114,HOLD,8,inverse kinematics failed,0.0,-0.01669940662828728,0.03729705727120899,0.0,0.030340223524535376,0.03457168460433633,0.0639240510609681,0.9968941694864377,-0.015791215638613455,0.03643908299998731,0.0,0.0296924459976309,0.0337347374113206,0.06248202057783559,0.9970337623405628,-0.015993561333076597,-0.29051218852686617,0.3180001802734805,7.98298969577299e-06,1.2155433531332794e-10,1.523285947248362e-05,0.999999999852116,-0.01599356132769755,-0.2905121885228576,0.31800018027380544,7.98299636948016e-06,1.2155453826487011e-10,1.5232872209343146e-05,0.9999999998521157,3.0459004757590285e-05,-3.7964191563641744e-05,5.1443413592420906e-05,0.0026999711776494253,-2.4867664288518774e-06,0.0026999711776494253,3.045903021905895e-05,-3.796422311869801e-05,5.144345616987873e-05,0.0026999735795119736,-2.486768753889258e-06,0.0026999735795119736,2.5461468662943213e-09,-3.155505626309503e-09,4.257745782189167e-09,2.401862548407714e-07,-2.3250373808615975e-10,2.401862548407714e-07,0.5,True,False,True,6.71627875375492e-12,2.8758717497514845e-11
2.349999999999994,1786130336.9629002,0.003250100009609014,HOLD,8,inverse kinematics failed,0.0,-0.016934406733817266,0.03750555348152285,0.0,0.030496935639046503,0.03477577019047181,0.06427419157217794,0.9968597750045041,-0.016020843466290676,0.036653301794063266,0.0,0.029854100738102633,0.03394392143229582,0.06284213927323305,0.996999201804335,-0.01599356132769755,-0.2905121885228576,0.31800018027380544,7.98299636948016e-06,1.2155453826487011e-10,1.5232872209343146e-05,0.9999999998521157,-0.015993561322766723,-0.2905121885191831,0.3180001802741032,7.983002487045061e-06,1.2155472460114265e-10,1.5232883884797706e-05,0.9999999998521155,3.045903021905895e-05,-3.796422311869801e-05,5.144345616987873e-05,0.0026999735795119736,-2.486768753889258e-06,0.0026999735795119736,3.0459053558738557e-05,-3.796425204416625e-05,5.1443495199215064e-05,0.0026999757812193096,-2.486770885173524e-06,0.0026999757812193096,2.333967960769799e-09,-2.8925468241170498e-09,3.902933633673411e-09,2.2017073360404088e-07,-2.1312842657898019e-10,2.2017073360404088e-07,0.5,True,False,True,6.156598161486615e-12,2.6362157695439044e-11
2.3599999999999937,1786130336.965946,0.0032128000020748004,HOLD,8,inverse kinematics failed,0.0,-0.01717071221235203,0.03771256903680506,0.0,0.030652387854402816,0.034978519232096605,0.06462175961549588,0.9968254423395052,-0.01625181273737896,0.036866073581530545,0.0,0.030014508763556522,0.03415181191994249,0.06319973519666278,0.9969646816599568,-0.015993561322766723,-0.2905121885191831,0.3180001802741032,7.983002487045061e-06,1.2155472460114265e-10,1.5232883884797706e-05,0.9999999998521155,-0.015993561318246818,-0.2905121885158148,0.31800018027437615,7.983008094812887e-06,1.215548953978288e-10,1.5232894587297726e-05,0.9999999998521153,3.0459053558738557e-05,-3.796425204416625e-05,5.1443495199215064e-05,0.0026999757812193096,-2.486770885173524e-06,0.0026999757812193096,3.0459074953444863e-05,-3.796427855917881e-05,5.1443530976106706e-05,0.002699977799451034,-2.4867728388507675e-06,0.002699977799451034,2.1394706307056533e-09,-2.6515012554406343e-09,3.5776891642006335e-09,2.018231724703712e-07,-1.9536772436406555e-10,2.018231724703712e-07,0.5,True,False,True,5.64353855384597e-12,2.4165311232740183e-11
2.3699999999999934,1786130336.9689362,0.0030402999982470647,HOLD,8,inverse kinematics failed,0.0,-0.017408313734955907,0.03791809576443596,0.0,0.030806577104775655,0.035179921202184446,0.06496674320634233,0.9967911768411962,-0.01648411433346137,0.037077389962681964,0.0,0.030173666810361596,0.034358398117504185,0.06355479595696371,0.9969302072968224,-0.015993561318246818,-0.2905121885158148,0.31800018027437615,7.983008094812887e-06,1.215548953978288e-10,1.5232894587297726e-05,0.9999999998521153,-0.015993561314103576,-0.2905121885127272,0.31800018027462634,7.983013235266728e-06,1.215550520049112e-10,1.5232904397922748e-05,0.9999999998521151,3.0459074953444863e-05,-3.796427855917881e-05,5.1443530976106706e-05,0.002699977799451034,-2.4867728388507675e-06,0.002699977799451034,3.045909456525898e-05,-3.796430286460698e-05,5.144356377159071e-05,0.002699979649496782,-2.486774629721574e-06,0.002699979649496782,1.961181411480186e-09,-2.4305428174872527e-09,3.2795484005172536e-09,1.850045747645073e-07,-1.7908708066706044e-10,1.850045747645073e-07,0.5,True,False,True,5.173222269481902e-12,2.2151535308172028e-11
2.3799999999999932,1786130336.9720023,0.0029887999990023673,HOLD,8,inverse kinematics failed,0.0,-0.017647201921527616,0.03812212555057226,0.0,0.03095950037223966,0.035379965635587825,0.06530913046356424,0.996756983846323,-0.01671773908352301,0.03728724259526652,0.0,0.030331571664400245,0.03456366932702354,0.06390730926578651,0.9968957840945195,-0.015993561314103576,-0.2905121885127272,0.31800018027462634,7.983013235266728e-06,1.215550520049112e-10,1.5232904397922748e-05,0.9999999998521151,-0.015993561310305594,-0.2905121885098969,0.31800018027485577,7.983017947349418e-06,1.2155519523985934e-10,1.5232913390995694e-05,0.999999999852115,3.045909456525898e-05,-3.796430286460698e-05,5.144356377159071e-05,0.002699979649496782,-2.486774629721574e-06,0.002699979649496782,3.045911254275525e-05,-3.7964325144582805e-05,5.144359383411772e-05,0.0026999813453720506,-2.4867762713531467e-06,0.0026999813453720506,1.7977496271901739e-09,-2.2279975826966528e-09,3.006252700474155e-09,1.6958752686746534e-07,-1.6416315727813905e-10,1.6958752686746534e-07,0.5,True,False,True,4.742136688406092e-12,2.030557404281968e-11
2.389999999999993,1786130336.9755683,0.003074899999774061,HOLD,8,inverse kinematics failed,0.0,-0.017887367341170614,0.03832465034046736,0.0,0.03111115468635471,0.035578642129790734,0.06564890960956304,0.9967228686778273,-0.016952677764313116,0.03749562319481873,0.0,0.030488220160660252,0.03476761491011263,0.0642572629377425,0.9968614174220243,-0.015993561310305594,-0.2905121885098969,0.31800018027485577,7.983017947349418e-06,1.2155519523985934e-10,1.5232913390995694e-05,0.999999999852115,-0.01599356130682412,-0.2905121885073024,0.31800018027506605,7.983022266758556e-06,1.2155532677001697e-10,1.5232921634645889e-05,0.9999999998521147,3.045911254275525e-05,-3.7964325144582805e-05,5.144359383411772e-05,0.0026999813453720506,-2.4867762713531467e-06,0.0026999813453720506,3.0459129022126832e-05,-3.796434556789398e-05,5.144362139143414e-05,0.0026999828999243803,-2.4867777761820883e-06,0.0026999828999243803,1.6479371582576625e-09,-2.042331117471936e-09,2.755731642101314e-09,1.5545523296184353e-07,-1.5048289417162776e-10,1.5545523296184353e-07,0.5,True,False,True,4.3469749487044365e-12,1.8613442872116702e-11
2.399999999999993,1786130336.97963,0.0035945999989053234,HOLD,8,inverse kinematics failed,0.0,-0.01812880051256534,0.03852566213878932,0.0,0.03126153712374605,0.03577594034565673,0.06598606897041796,0.9966888366440531,-0.017188921100709187,0.03770252353498573,0.0,0.03064360918282434,0.03497022428871874,0.06460464489054733,0.9968271126368972,-0.01599356130682412,-0.2905121885073024,0.31800018027506605,7.983022266758556e-06,1.2155532677001697e-10,1.5232921634645889e-05,0.9999999998521147,-0.015993561303632765,-0.2905121885049242,0.3180001802752587,7.983026226216922e-06,1.2155544739540128e-10,1.5232929191325243e-05,0.9999999998521146,3.0459129022126832e-05,-3.796434556789398e-05,5.144362139143414e-05,0.0026999828999243803,-2.4867777761820883e-06,0.0026999828999243803,3.045914412821745e-05,-3.796436428926256e-05,5.144364665230752e-05,0.0026999843249306825,-2.486779155608618e-06,0.0026999843249306825,1.5106090617361935e-09,-1.8721368576826115e-09,2.526087338592876e-09,1.4250063021502352e-07,-1.3794265299065905e-10,1.4250063021502352e-07,0.5,True,False,True,3.984690823859211e-12,1.7062322635808982e-11
2.4099999999999926,1786130336.9829116,0.004127399995923042,HOLD,8,inverse kinematics failed,0.0,-0.018371491904343597,0.03872515300993654,0.0,0.031410644807682485,0.035971850008172136,0.06632059697600434,0.9966548930379571,-0.017426459766083178,0.03790793544785207,0.0,0.03079773566285753,0.03517148694588558,0.06494944314515956,0.9967928750844831,-0.015993561303632765,-0.2905121885049242,0.3180001802752587,7.983026226216922e-06,1.2155544739540128e-10,1.5232929191325243e-05,0.9999999998521146,-0.01599356130070736,-0.29051218850274424,0.3180001802754354,7.983029855720424e-06,1.215555578331465e-10,1.5232936118281315e-05,0.9999999998521145,3.045914412821745e-05,-3.796436428926256e-05,5.144364665230752e-05,0.0026999843249306825,-2.486779155608618e-06,0.0026999843249306825,3.045915797546718e-05,-3.7964381450517085e-05,5.144366980810812e-05,0.0026999856311864597,-2.486780420082937e-06,0.0026999856311864597,1.38472497325818e-09,-1.7161254528757306e-09,2.3155800603768075e-09,1.3062557769710515e-07,-1.2644743190810437e-10,1.3062557769710515e-07,0.5,True,False,True,3.65260298159201e-12,1.5640462416083305e-11
2.4199999999999924,1786130336.9859858,0.003191800002241507,HOLD,8,inverse kinematics failed,0.0,-0.018615431935464787,0.03892311507835103,0.0,0.0315584749076531,0.03616636090718448,0.06665248216010719,0.9966210431363223,-0.01766528438266972,0.03811185082426219,0.0,0.030950596580592234,0.03537139242650995,0.06529164582591411,0.9967587100971121,-0.01599356130070736,-0.29051218850274424,0.3180001802754354,7.983029855720424e-06,1.215555578331465e-10,1.5232936118281315e-05,0.9999999998521145,-0.015993561298025732,-0.2905121885007458,0.31800018027559734,7.983033182765305e-06,1.2155565912567091e-10,1.5232942467991046e-05,0.9999999998521143,3.045915797546718e-05,-3.7964381450517085e-05,5.144366980810812e-05,0.0026999856311864597,-2.486780420082937e-06,0.0026999856311864597,3.0459170668779437e-05,-3.796439718166707e-05,5.144369103425867e-05,0.0026999868285875884,-2.486781579184396e-06,0.0026999868285875884,1.2693312254866676e-09,-1.5731149984694227e-09,2.122615055345411e-09,1.1974011288901327e-07,-1.1591014591576257e-10,1.1974011288901327e-07,0.5,True,False,True,3.348310848433994e-12,1.4337090547995746e-11
2.429999999999992,1786130336.989071,0.003063500000280328,HOLD,8,inverse kinematics failed,0.0,-0.018860610975594185,0.03911954052882925,0.0,0.03170502463894217,0.03635946289813586,0.06698171316053032,0.9965872921989742,-0.01790538552193635,0.03831426161414053,0.0,0.031102188963311437,0.035569930338093615,0.06563124116065093,0.9967246229933051,-0.015993561298025732,-0.2905121885007458,0.31800018027559734,7.983033182765305e-06,1.2155565912567091e-10,1.5232942467991046e-05,0.9999999998521143,-0.015993561295567574,-0.2905121884989139,0.3180001802757458,7.983036232556441e-06,1.2155575207308205e-10,1.5232948288558303e-05,0.9999999998521142,3.0459170668779437e-05,-3.796439718166707e-05,5.144369103425867e-05,0.0026999868285875884,-2.486781579184396e-06,0.0026999868285875884,3.045918230431567e-05,-3.796441160188789e-05,5.1443710491563344e-05,0.00269998792620529,-2.486782641694067e-06,0.00269998792620529,1.163553623362781e-09,-1.442022081930307e-09,1.945730467399964e-09,1.0976177014826238e-07,-1.0625096708944923e-10,1.0976177014826238e-07,0.5,True,False,True,3.0692536394943972e-12,1.3142333004438293e-11
2.439999999999992,1786130336.9927294,0.003091499995207414,HOLD,8,inverse kinematics failed,0.0,-0.01910701934548308,0.03931442160683079,0.0,0.0318502912622029,0.03655114590279153,0.06730827871920074,0.996553645468002,-0.01814675370495577,0.03851515982680943,0.0,0.03125250988532987,0.03576709035149057,0.06596821748083867,0.9966906190769814,-0.015993561295567574,-0.2905121884989139,0.3180001802757458,7.983036232556441e-06,1.2155575207308205e-10,1.5232948288558303e-05,0.9999999998521142,-0.01599356129331426,-0.2905121884972347,0.31800018027588184,7.983039028198321e-06,1.2155583732563116e-10,1.5232953624078293e-05,0.9999999998521142,3.045918230431567e-05,-3.796441160188789e-05,5.1443710491563344e-05,0.00269998792620529,-2.486782641694067e-06,0.00269998792620529,3.0459192970223884e-05,-3.796442482042364e-05,5.144372832742596e-05,0.0026999889323548495,-2.486783615661265e-06,0.0026999889323548495,1.0665908214158847e-09,-1.3218535751027839e-09,1.7835862617833037e-09,1.0061495596924072e-07,-9.739671983199531e-11,1.0061495596924072e-07,0.5,True,False,True,2.8134820554419136e-12,1.2047138593133035e-11
2.4499999999999917,1786130336.9958103,0.0036742000083904713,HOLD,8,inverse kinematics failed,0.0,-0.01935464731735097,0.039507750618784365,0.0,0.03199427208302969,0.03674139990996326,0.06763216768226842,0.9965201081669807,-0.01838937940278007,0.03871453753130451,0.0,0.031401556467573456,0.03596286220164936,0.06630256322169359,0.9966567036366697,-0.01599356129331426,-0.2905121884972347,0.31800018027588184,7.983039028198321e-06,1.2155583732563116e-10,1.5232953624078293e-05,0.9999999998521142,-0.01599356129124873,-0.29051218849569543,0.3180001802760066,7.983041590870043e-06,1.2155591521630935e-10,1.5232958514971615e-05,0.9999999998521141,3.0459192970223884e-05,-3.796442482042364e-05,5.144372832742596e-05,0.0026999889323548495,-2.486783615661265e-06,0.0026999889323548495,3.0459202747306412e-05,-3.796443693741475e-05,5.144374467696669e-05,0.0026999898546586124,-2.4867845084645304e-06,0.0026999898546586124,9.77708252964563e-10,-1.2116991105108875e-09,1.6349540733013648e-09,9.22303763051375e-08,-8.928032651266255e-11,9.22303763051375e-08,0.5,True,False,True,2.5790195787661204e-12,1.1043210378865075e-11
2.4599999999999915,1786130336.9988484,0.0030590999958803877,HOLD,8,inverse kinematics failed,0.0,-0.01960348511526952,0.039699519932391604,0.0,0.03213696445152921,0.0369302149762277,0.06795336900020184,0.9964866855001994,-0.01863325303681694,0.03891238685668786,0.0,0.03154932587715701,0.03615723568835071,0.06663426692229363,0.9966228819447217,-0.01599356129124873,-0.29051218849569543,0.3180001802760066,7.983041590870043e-06,1.2155591521630935e-10,1.5232958514971615e-05,0.9999999998521141,-0.015993561289355317,-0.29051218849428445,0.3180001802761209,7.983043939985784e-06,1.2155598681313357e-10,1.5232962998290495e-05,0.999999999852114,3.0459202747306412e-05,-3.796443693741475e-05,5.144374467696669e-05,0.0026999898546586124,-2.4867845084645304e-06,0.0026999898546586124,3.0459211709632065e-05,-3.79644480446566e-05,5.14437596640457e-05,0.0026999907001037287,-2.4867853268675235e-06,0.0026999907001037287,8.962325652175178e-10,-1.1107241846349824e-09,1.498707900526254e-09,8.454451161304288e-08,-8.184029930327416e-11,8.454451161304288e-08,0.5,True,False,True,2.3640952380395424e-12,1.0122942846309337e-11
2.4699999999999913,1786130337.001887,0.0030374000052688643,HOLD,8,inverse kinematics failed,0.0,-0.019853522915548545,0.03988972197692839,0.0,0.03227836576189049,0.03711758122663964,0.06827187172787923,0.9964533826518918,-0.018878364979207838,0.039108699992358734,0.0,0.03169581532696046,0.036350200676940045,0.06696331722568793,0.99658915925653,-0.015993561289355317,-0.29051218849428445,0.3180001802761209,7.983043939985784e-06,1.2155598681313357e-10,1.5232962998290495e-05,0.999999999852114,-0.0159935612876197,-0.2905121884929911,0.31800018027622573,7.983046093341884e-06,1.2155605224027512e-10,1.5232967107999472e-05,0.9999999998521139,3.0459211709632065e-05,-3.79644480446566e-05,5.14437596640457e-05,0.0026999907001037287,-2.4867853268675235e-06,0.0026999907001037287,3.0459219925097245e-05,-3.796445822629495e-05,5.1443773402201455e-05,0.002699991475095085,-2.486786077070267e-06,0.002699991475095085,8.215465181160596e-10,-1.0181638359154025e-09,1.3738155754824022e-09,7.749913564528946e-08,-7.502027436133479e-11,7.749913564528946e-08,0.5,True,False,True,2.167053616867367e-12,9.279364283007375e-12
2.479999999999991,1786130337.005472,0.0030380999960470945,HOLD,8,inverse kinematics failed,0.0,-0.020104750847123834,0.040078349243543664,0.0,0.032418473451954005,0.037303488855439965,0.0685876650246752,0.996420204785471,-0.019124705553208103,0.039303469188361924,0.0,0.031841022075203576,0.036541747099055166,0.06728970287900181,0.9965555408097488,-0.0159935612876197,-0.2905121884929911,0.31800018027622573,7.983046093341884e-06,1.2155605224027512e-10,1.5232967107999472e-05,0.9999999998521139,-0.0159935612860287,-0.2905121884918055,0.3180001802763219,7.983048067251649e-06,1.2155611239040508e-10,1.5232970875232698e-05,0.9999999998521139,3.0459219925097245e-05,-3.796445822629495e-05,5.1443773402201455e-05,0.002699991475095085,-2.486786077070267e-06,0.002699991475095085,3.0459227455940328e-05,-3.796446755946345e-05,5.14437859955109e-05,0.0026999921855038285,-2.4867867647561153e-06,0.0026999921855038285,7.530843082730561e-10,-9.333168495891208e-10,1.2593309441922044e-09,7.104087434151548e-08,-6.876858483122369e-11,7.104087434151548e-08,0.5,True,False,True,1.986500300565709e-12,8.506083926608884e-12
2.489999999999991,1786130337.0091074,0.003721200002473779,HOLD,8,inverse kinematics failed,0.0,-0.020357158991946806,0.04026539428555593,0.0,0.032557285002779913,0.03748792812675839,0.0689007381545435,0.9963871570427681,-0.019372265033568998,0.03949668675569372,0.0,0.031984943425019396,0.036731864953348826,0.06761341273353698,0.9965220318235175,-0.0159935612860287,-0.2905121884918055,0.3180001802763219,7.983048067251649e-06,1.2155611239040508e-10,1.5232970875232698e-05,0.9999999998521139,-0.0159935612845703,-0.2905121884907187,0.3180001802764099,7.983049876668928e-06,1.2155616755512947e-10,1.523297432852982e-05,0.9999999998521137,3.0459227455940328e-05,-3.796446755946345e-05,5.14437859955109e-05,0.0026999921855038285,-2.4867867647561153e-06,0.0026999921855038285,3.0459234359213152e-05,-3.79644761148679e-05,5.144379753937789e-05,0.002699992836711843,-2.4867873951348097e-06,0.002699992836711843,6.903272825836361e-10,-8.555404454566958e-10,1.1543866988428562e-09,6.512080147972265e-08,-6.303786942862183e-11,6.512080147972265e-08,0.5,True,False,True,1.820936107368935e-12,7.797243594174587e-12
2.4999999999999907,1786130337.0121791,0.0035091000027023256,HOLD,8,inverse kinematics failed,0.0,-0.020610737385376107,0.0404508497187472,0.0,0.032694797938215614,0.037670889375310934,0.06921108048609548,0.9963542445432747,-0.019621033646921665,0.03968834506660544,0.0,0.032127576724026524,0.036920544306206275,0.06793443574486772,0.9964886374976896,-0.0159935612845703,-0.2905121884907187,0.3180001802764099,7.983049876668928e-06,1.2155616755512947e-10,1.523297432852982e-05,0.9999999998521137,-0.015993561283233437,-0.29051218848972243,0.31800018027649074,7.98305153530143e-06,1.2155621798460838e-10,1.5232977494052187e-05,0.9999999998521136,3.0459234359213152e-05,-3.79644761148679e-05,5.144379753937789e-05,0.002699992836711843,-2.4867873951348097e-06,0.002699992836711843,3.0459240687213244e-05,-3.796448395732198e-05,5.1443808121255964e-05,0.002699993433652523,-2.4867879729819463e-06,0.002699993433652523,6.328000090350009e-10,-7.842454083353059e-10,1.0581878072726203e-09,5.969406802307921e-08,-5.778471364290346e-11,5.969406802307921e-08,0.5,True,False,True,1.6692126590259899e-12,7.147473298382722e-12
2.5099999999999905,1786130337.0152183,0.003064999997150153,HOLD,8,inverse kinematics failed,0.0,-0.020865476016570957,0.04063470822165453,0.0,0.03283100982446268,0.03785236300709193,0.06951868149267451,0.9963214723833896,-0.019871001572162986,0.03987843655490461,0.0,0.03226891936390023,0.03710777529245756,0.06825276097293217,0.9964553630120631,-0.015993561283233437,-0.29051218848972243,0.31800018027649074,7.98305153530143e-06,1.2155621798460838e-10,1.5232977494052187e-05,0.9999999998521136,-0.015993561282007976,-0.2905121884888092,0.31800018027656474,7.983053055714566e-06,1.215562643371953e-10,1.5232980395781023e-05,0.9999999998521136,3.0459240687213244e-05,-3.796448395732198e-05,5.1443808121255964e-05,0.002699993433652523,-2.4867879729819463e-06,0.002699993433652523,3.0459246487879994e-05,-3.796449114623823e-05,5.1443817821310864e-05,0.0026999939808481466,-2.4867885026751548e-06,0.0026999939808481466,5.800666749487519e-10,-7.188916243073652e-10,9.700054899999039e-10,5.4719562354489385e-08,-5.296932083932828e-11,5.4719562354489385e-08,0.5,True,False,True,1.530094480179706e-12,6.551850531264442e-12
2.5199999999999902,1786130337.0182648,0.003037699993001297,HOLD,8,inverse kinematics failed,0.0,-0.02112136482888637,0.04081696253585902,0.0,0.032965918269643374,0.03803233950006074,0.06982353075242644,0.9962888456356702,-0.020122158940843328,0.040066953716253614,0.0,0.03240896877994268,0.03729354811608472,0.06856837758211988,0.9964222135256168,-0.015993561282007976,-0.2905121884888092,0.31800018027656474,7.983053055714566e-06,1.215562643371953e-10,1.5232980395781023e-05,0.9999999998521136,-0.015993561280884624,-0.29051218848797206,0.3180001802766325,7.983054449426597e-06,1.2155630678015722e-10,1.5232983055699116e-05,0.9999999998521135,3.0459246487879994e-05,-3.796449114623823e-05,5.1443817821310864e-05,0.0026999939808481466,-2.4867885026751548e-06,0.0026999939808481466,3.0459251805157848e-05,-3.796449773607811e-05,5.144382671302786e-05,0.002699994482444135,-2.4867889882272627e-06,0.002699994482444135,5.317277853696903e-10,-6.589839889484194e-10,8.891716991665802e-10,5.01595988249487e-08,-4.855521076938435e-11,5.01595988249487e-08,0.5,True,False,True,1.4026244744629284e-12,6.0058629693989696e-12
2.52999999999999,1786130337.02184,0.003045600009500049,HOLD,8,inverse kinematics failed,0.0,-0.021378393720270197,0.04099760546627244,0.0,0.03309952092336672,0.0382108094048229,0.0701256179483662,0.9962563693480869,-0.020374495837556145,0.04025388910846598,0.0,0.03254772245065235,0.03747785305092366,0.06888127484135473,0.996389194175749,-0.015993561280884624,-0.29051218848797206,0.3180001802766325,7.983054449426597e-06,1.2155630678015722e-10,1.5232983055699116e-05,0.9999999998521135,-0.015993561279854886,-0.2905121884872046,0.31800018027669474,7.983055726995966e-06,1.2155634550471086e-10,1.5232985493957374e-05,0.9999999998521135,3.0459251805157848e-05,-3.796449773607811e-05,5.144382671302786e-05,0.002699994482444135,-2.4867889882272627e-06,0.002699994482444135,3.0459256679329214e-05,-3.796450377676468e-05,5.144383486376843e-05,0.0026999949422404574,-2.4867894333166948e-06,0.0026999949422404574,4.874171365888837e-10,-6.040686565360522e-10,8.150740575693668e-10,4.597963225620306e-08,-4.4508943205269076e-11,4.597963225620306e-08,0.5,True,False,True,1.285768649004578e-12,5.505374401343045e-12
2.53999999999999,1786130337.0249949,0.003585899990866892,HOLD,8,inverse kinematics failed,0.0,-0.02163655254366191,0.04117662988142119,0.0,0.03323181547629446,0.03838776334530583,0.07042493286844054,0.9962240485432833,-0.020628002300329455,0.04043923535180018,0.0,0.03268517789729266,0.03766068044136075,0.06919144212417391,0.996356310077521,-0.015993561279854886,-0.2905121884872046,0.31800018027669474,7.983055726995966e-06,1.2155634550471086e-10,1.5232985493957374e-05,0.9999999998521135,-0.015993561278910978,-0.29051218848650123,0.3180001802767517,7.983056898101217e-06,1.2155638145304286e-10,1.5232987729027448e-05,0.9999999998521135,3.0459256679329214e-05,-3.796450377676468e-05,5.144383486376843e-05,0.0026999949422404574,-2.4867894333166948e-06,0.0026999949422404574,3.045926114731963e-05,-3.79645093140607e-05,5.144384233528062e-05,0.00269999536372042,-2.486789841315341e-06,0.00269999536372042,4.4679904187314425e-10,-5.537296018247156e-10,7.471512194385877e-10,4.214799623485289e-08,-4.0799864604830066e-11,4.214799623485289e-08,0.5,True,False,True,1.1785382256534954e-12,5.046593203815087e-12
2.5499999999999896,1786130337.0279968,0.0031469999958062544,HOLD,8,inverse kinematics failed,0.0,-0.0218958311073932,0.04135402871372791,0.0,0.033362799659706746,0.038563192019428885,0.07072146540558696,0.99619188821784,-0.02088266832101913,0.040622985129250964,0.0,0.032821332683460054,0.037842020703024025,0.06949886890880286,0.9963235663229043,-0.015993561278910978,-0.29051218848650123,0.3180001802767517,7.983056898101217e-06,1.2155638145304286e-10,1.5232987729027448e-05,0.9999999998521135,-0.01599356127804571,-0.2905121884858564,0.31800018027680393,7.983057971614367e-06,1.2155641392509063e-10,1.5232989777841678e-05,0.9999999998521134,3.045926114731963e-05,-3.79645093140607e-05,5.144384233528062e-05,0.00269999536372042,-2.486789841315341e-06,0.00269999536372042,3.0459265242977516e-05,-3.796451438991538e-05,5.14438491841668e-05,0.002699995750077052,-2.4867902153141e-06,0.002699995750077052,4.0956578838371635e-10,-5.075854683393236e-10,6.848886178187067e-10,3.863566321528189e-08,-3.739987588776097e-11,3.863566321528189e-08,0.5,True,False,True,1.0803720806029315e-12,4.626043771259337e-12
2.5599999999999894,1786130337.0310223,0.0030041000136407092,HOLD,8,inverse kinematics failed,0.0,-0.02215621917559032,0.04152979495979045,0.0,0.033492471245068024,0.038737086199767935,0.07101520555778905,0.9961598933415434,-0.021138483845704038,0.040805131186838206,0.0,0.03295618441465161,0.03802186432346904,0.06980354477822612,0.9962909679800322,-0.01599356127804571,-0.2905121884858564,0.31800018027680393,7.983057971614367e-06,1.2155641392509063e-10,1.5232989777841678e-05,0.9999999998521134,-0.015993561277252565,-0.29051218848526533,0.31800018027685184,7.983058955668075e-06,1.215564439459793e-10,1.5232991655921388e-05,0.9999999998521134,3.0459265242977516e-05,-3.796451438991538e-05,5.14438491841668e-05,0.002699995750077052,-2.4867902153141e-06,0.002699995750077052,3.0459268997330576e-05,-3.7964519042782175e-05,5.144385546231246e-05,0.002699996104237298,-2.4867905581462956e-06,0.002699996104237298,3.7543530601840737e-10,-4.652866793110476e-10,6.278145663338157e-10,3.541602461400847e-08,-3.4283219563780954e-11,3.541602461400847e-08,0.5,True,False,True,9.903310778500285e-13,4.240540105281561e-12
2.569999999999989,1786130337.0341973,0.003105299998424016,HOLD,8,inverse kinematics failed,0.0,-0.022417706468578203,0.04170392168065837,0.0,0.03362082804359282,0.03890943673421412,0.07130614342812817,0.9961280688566589,-0.021395438775082962,0.0409856663338933,0.0,0.03308973073783226,0.03820020186285918,0.07010545942025431,0.9962585200924556,-0.015993561277252565,-0.29051218848526533,0.31800018027685184,7.983058955668075e-06,1.215564439459793e-10,1.5232991655921388e-05,0.9999999998521134,-0.0159935612765255,-0.2905121884847236,0.31800018027689575,7.98305985771732e-06,1.2155647144068254e-10,1.5232993377494457e-05,0.9999999998521134,3.0459268997330576e-05,-3.7964519042782175e-05,5.144385546231246e-05,0.002699996104237298,-2.4867905581462956e-06,0.002699996104237298,3.045927243882088e-05,-3.796452330791007e-05,5.144386121727932e-05,0.0026999964288841904,-2.4867908724091415e-06,0.0026999964288841904,3.441490305168741e-10,-4.2651278936846107e-10,5.754966858059988e-10,3.246468922950783e-08,-3.1426284600132603e-11,3.246468922950783e-08,0.5,True,False,True,9.077584678284098e-13,3.8871617788381976e-12
2.579999999999989,1786130337.0375807,0.0030910999921616167,HOLD,8,inverse kinematics failed,0.0,-0.022680282663286255,0.0418764020021069,0.0,0.033747867905811996,0.03908023454662703,0.07159426922483181,0.9960964196772093,-0.021653522964873332,0.041164583443343,0.0,0.033221969341001814,0.03837702395464052,0.07040460262758738,0.9962262276784035,-0.0159935612765255,-0.2905121884847236,0.31800018027689575,7.98305985771732e-06,1.2155647144068254e-10,1.5232993377494457e-05,0.9999999998521134,-0.01599356127585904,-0.2905121884842269,0.318000180276936,7.983060684595791e-06,1.2155649654304044e-10,1.5232994955603103e-05,0.9999999998521133,3.045927243882088e-05,-3.796452330791007e-05,5.144386121727932e-05,0.0026999964288841904,-2.4867908724091415e-06,0.0026999964288841904,3.0459275593520326e-05,-3.796452721761064e-05,5.1443866492665605e-05,0.002699996726477175,-2.486791160483417e-06,0.002699996726477175,3.1546994464046854e-10,-3.909700569210901e-10,5.275386286554999e-10,2.9759298460382234e-08,-2.880742755012161e-11,2.9759298460382234e-08,0.5,True,False,True,8.321737456061484e-13,3.563231628692324e-12
2.5899999999999888,1786130337.0406501,0.0033835000067483634,HOLD,8,inverse kinematics failed,0.0,-0.02294393739365591,0.04204722911490827,0.0,0.03387358872113917,0.03924947063748209,0.07187957326131812,0.9960649506882567,-0.021912726226211723,0.0413418754519908,0.0,0.03335289795276186,0.038552321306211106,0.07070096429787393,0.9961940957300471,-0.01599356127585904,-0.2905121884842269,0.318000180276936,7.983060684595791e-06,1.2155649654304044e-10,1.5232994955603103e-05,0.9999999998521133,-0.015993561275248105,-0.2905121884837716,0.3180001802769729,7.983061442567722e-06,1.2155651973610012e-10,1.5232996402202696e-05,0.9999999998521133,3.0459275593520326e-05,-3.796452721761064e-05,5.1443866492665605e-05,0.002699996726477175,-2.486791160483417e-06,0.002699996726477175,3.0459278485328152e-05,-3.7964530801502827e-05,5.1443871328436366e-05,0.0026999969992707444,-2.486791424551503e-06,0.0026999969992707444,2.8918078258709674e-10,-3.583892188443333e-10,4.835770762675425e-10,2.72793569220171e-08,-2.6406808587611528e-11,2.72793569220171e-08,0.5,True,False,True,7.628266592879414e-13,3.2662956558995533e-12
2.5999999999999885,1786130337.0436828,0.0030682999931741506,HOLD,8,inverse kinematics failed,0.0,-0.023208660251049864,0.042216396275100564,0.0,0.033997988417437716,0.039417136084512056,0.0721620459562374,0.9960336667451922,-0.022173038326056115,0.04151753536079575,0.0,0.03348251434188263,0.03872608469958458,0.07099453443376702,0.9961621292127698,-0.015993561275248105,-0.2905121884837716,0.3180001802769729,7.983061442567722e-06,1.2155651973610012e-10,1.5232996402202696e-05,0.9999999998521133,-0.01599356127468808,-0.29051218848335425,0.3180001802770067,7.983062137375328e-06,1.2155654076149486e-10,1.5232997728252321e-05,0.9999999998521133,3.0459278485328152e-05,-3.7964530801502827e-05,5.1443871328436366e-05,0.0026999969992707444,-2.486791424551503e-06,0.0026999969992707444,3.045928113615199e-05,-3.796453408673733e-05,5.144387576122623e-05,0.002699997249331516,-2.486791666613915e-06,0.002699997249331516,2.6508238403817253e-10,-3.2852345060730616e-10,4.432789865785815e-10,2.5006077178515724e-08,-2.4206241205310614e-11,2.5006077178515724e-08,0.5,True,False,True,6.992401019242174e-13,2.994104352438799e-12
2.6099999999999883,1786130337.0466843,0.0030340000084834173,HOLD,8,inverse kinematics failed,0.0,-0.023474440784662983,0.042383896804253966,0.0,0.034121064960588324,0.03958322204334287,0.07244167783351028,0.9960025726730272,-0.022434448987589905,0.041691556235148766,0.0,0.033610816316870025,0.03889830499204823,0.07128530314297626,0.9961303330644407,-0.01599356127468808,-0.29051218848335425,0.3180001802770067,7.983062137375328e-06,1.2155654076149486e-10,1.5232997728252321e-05,0.9999999998521133,-0.015993561274174735,-0.2905121884829718,0.3180001802770378,7.9830627742823e-06,1.215565602027227e-10,1.5232998943797816e-05,0.9999999998521133,3.045928113615199e-05,-3.796453408673733e-05,5.144387576122623e-05,0.002699997249331516,-2.486791666613915e-06,0.002699997249331516,3.0459283566073845e-05,-3.7964537098202296e-05,5.144387982461694e-05,0.00269999747855389,-2.4867918885044596e-06,0.00269999747855389,2.429921853683253e-10,-3.0114649639003125e-10,4.063390710303672e-10,2.292223741363946e-08,-2.218905443820144e-11,2.292223741363946e-08,0.5,True,False,True,6.409176942187258e-13,2.7445956622541894e-12
2.619999999999988,1786130337.0497172,0.0029987000016262755,HOLD,8,inverse kinematics failed,0.0,-0.023741268501934892,0.0425497240897344,0.0,0.03424281635405737,0.0397477197481235,0.07271845952236254,0.9959716732656916,-0.02269694789062763,0.0418639312051464,0.0,0.03373780172553291,0.039068973116815314,0.0715732606383165,0.996098712194693,-0.015993561274174735,-0.2905121884829718,0.3180001802770378,7.9830627742823e-06,1.215565602027227e-10,1.5232998943797816e-05,0.9999999998521133,-0.015993561273704153,-0.29051218848262106,0.31800018027706617,7.98306335811369e-06,1.2155657793534903e-10,1.5233000058047847e-05,0.9999999998521132,3.0459283566073845e-05,-3.7964537098202296e-05,5.144387982461694e-05,0.00269999747855389,-2.4867918885044596e-06,0.00269999747855389,3.045928579350221e-05,-3.796453985871184e-05,5.1443883549391754e-05,0.0026999976886743996,-2.4867920919041254e-06,0.0026999976886743996,2.2274283658763196e-10,-2.7605095502419587e-10,3.724774817778373e-10,2.1012050962502877e-08,-2.033996656835136e-11,2.1012050962502877e-08,0.5,True,False,True,5.875849787372439e-13,2.5158793521930158e-12
2.629999999999988,1786130337.053413,0.0030324999970616773,HOLD,8,inverse kinematics failed,0.0,-0.0240091328689642,0.04271387158496456,0.0,0.03436324063846585,0.03991062051214972,0.07299238175735683,0.995940973285338,-0.022960524672022416,0.04203465346586202,0.0,0.033863468454550634,0.03923808008367156,0.07185839723775289,0.9960672714842087,-0.015993561273704153,-0.29051218848262106,0.31800018027706617,7.98306335811369e-06,1.2155657793534903e-10,1.5233000058047847e-05,0.9999999998521132,-0.015993561273272804,-0.2905121884822996,0.3180001802770922,7.983063893292463e-06,1.215565943005417e-10,1.523300107944371e-05,0.9999999998521132,3.045928579350221e-05,-3.796453985871184e-05,5.1443883549391754e-05,0.0026999976886743996,-2.4867920919041254e-06,0.0026999976886743996,3.0459287835311545e-05,-3.796454238917893e-05,5.144388696376867e-05,0.0026999978812848667,-2.486792278353819e-06,0.0026999978812848667,2.0418093353866302e-10,-2.5304670877218004e-10,3.4143769162968483e-10,1.9261046715627675e-08,-1.8644969354322116e-11,1.9261046715627675e-08,0.5,True,False,True,5.385906684917027e-13,2.306222737392754e-12
2.6399999999999877,1786130337.0565386,0.003705499999341555,HOLD,8,inverse kinematics failed,0.0,-0.024278023310924348,0.04287633280968242,0.0,0.034482335891159614,0.040071915728482295,0.07326343537842149,0.9959104774616494,-0.02322516892607512,0.042203716277614454,0.0,0.033987814429041203,0.039405616979615976,0.07214070336444285,0.9960360157840059,-0.015993561273272804,-0.2905121884822996,0.3180001802770922,7.983063893292463e-06,1.215565943005417e-10,1.523300107944371e-05,0.9999999998521132,-0.015993561272877387,-0.29051218848200494,0.31800018027711613,7.983064383872999e-06,1.2155660936521249e-10,1.5233002015723254e-05,0.9999999998521132,3.0459287835311545e-05,-3.796454238917893e-05,5.144388696376867e-05,0.0026999978812848667,-2.486792278353819e-06,0.0026999978812848667,3.04592897069701e-05,-3.7964544708773764e-05,5.144389009361417e-05,0.0026999980578444618,-2.486792449266038e-06,0.0026999980578444618,1.8716585574377478e-10,-2.3195948304116548e-10,3.12984550660545e-10,1.76559594893254e-08,-1.709122190812864e-11,1.76559594893254e-08,0.5,True,False,True,4.93707407162917e-13,2.1140375081813768e-12
2.6499999999999875,1786130337.0598443,0.003176400001393631,HOLD,8,inverse kinematics failed,0.0,-0.0245479292124811,0.043037101350196984,0.0,0.034600100225780354,0.04023159687055875,0.0735316113308761,0.9958801904911533,-0.023490870204945148,0.04237111296623404,0.0,0.03411083761212991,0.03957157496949577,0.07242016954677445,0.9960049499147325,-0.015993561272877387,-0.29051218848200494,0.31800018027711613,7.983064383872999e-06,1.2155660936521249e-10,1.5233002015723254e-05,0.9999999998521132,-0.01599356127251492,-0.2905121884817349,0.318000180277138,7.983064833571835e-06,1.2155662287899993e-10,1.5233002873979503e-05,0.9999999998521132,3.04592897069701e-05,-3.7964544708773764e-05,5.144389009361417e-05,0.0026999980578444618,-2.486792449266038e-06,0.0026999980578444618,3.045929142265711e-05,-3.7964546835069025e-05,5.144389296263922e-05,0.0026999982196907572,-2.486792605935572e-06,0.0026999982196907572,1.7156870109846055e-10,-2.1262952612106876e-10,2.869025047721668e-10,1.618462953188165e-08,-1.5666953415784617e-11,1.618462953188165e-08,0.5,True,False,True,4.5254174810886904e-13,1.937867727701359e-12
2.6599999999999873,1786130337.0629606,0.0032694999972591177,HOLD,8,inverse kinematics failed,0.0,-0.024818839918211613,0.043196170859641565,0.0,0.03471653179183798,0.04038965549279942,0.07379690066545463,0.9958501170365409,-0.02375761801906294,0.04253683692332612,0.0,0.03423253600451875,0.039735945296635426,0.07269678641840187,0.9959740786659658,-0.01599356127251492,-0.2905121884817349,0.318000180277138,7.983064833571835e-06,1.2155662287899993e-10,1.5233002873979503e-05,0.9999999998521132,-0.015993561272182665,-0.29051218848148724,0.3180001802771581,7.983065245795765e-06,1.2155663548440257e-10,1.5233003660714392e-05,0.9999999998521132,3.045929142265711e-05,-3.7964546835069025e-05,5.144389296263922e-05,0.0026999982196907572,-2.486792605935572e-06,0.0026999982196907572,3.0459292995370205e-05,-3.7964548784173016e-05,5.1443895592578846e-05,0.0026999983680498613,-2.4867927495493114e-06,0.0026999983680498613,1.572713093402558e-10,-1.949103989443134e-10,2.629939627078201e-10,1.4835910404224874e-08,-1.436137396446926e-11,1.4835910404224874e-08,0.5,True,False,True,4.148740147996726e-13,1.7763787376434537e-12
2.669999999999987,1786130337.0660143,0.003094899991992861,HOLD,8,inverse kinematics failed,0.0,-0.0250907447330251,0.0433535350582243,0.0,0.03483162877428411,0.04054608323120713,0.07405929453832502,0.9958202617259925,-0.0240254018375441,0.0427008816065319,0.0,0.0343529076440566,0.03989871928345977,0.0729705447182774,0.995943406795515,-0.015993561272182665,-0.29051218848148724,0.3180001802771581,7.983065245795765e-06,1.2155663548440257e-10,1.5233003660714392e-05,0.9999999998521132,-0.0159935612718781,-0.29051218848126026,0.3180001802771764,7.9830656236677e-06,1.2155664714790517e-10,1.5233004381888044e-05,0.9999999998521132,3.0459292995370205e-05,-3.7964548784173016e-05,5.1443895592578846e-05,0.0026999983680498613,-2.4867927495493114e-06,0.0026999983680498613,3.0459294437023873e-05,-3.796455057085167e-05,5.144389800335684e-05,0.0026999985040457065,-2.4867928811952394e-06,0.0026999985040457065,1.4416536689523476e-10,-1.786678656989543e-10,2.410777991488356e-10,1.3599584537206161e-08,-1.3164592800763515e-11,1.3599584537206161e-08,0.5,True,False,True,3.8028659160941373e-13,1.6283471802488512e-12
2.679999999999987,1786130337.0697548,0.0030531000084010884,HOLD,8,inverse kinematics failed,0.0,-0.025363632922585057,0.04350918773347608,0.0,0.0349453893930871,0.040700871803960995,0.0743187842111068,0.9957906291525072,-0.024294211088605164,0.04286324053978672,0.0,0.03447195060531042,0.04005988833211121,0.07324143529068072,0.995912939028731,-0.0159935612718781,-0.29051218848126026,0.3180001802771764,7.9830656236677e-06,1.2155664714790517e-10,1.5233004381888044e-05,0.9999999998521132,-0.01599356127159891,-0.2905121884810522,0.3180001802771933,7.983065970050311e-06,1.2155665755219475e-10,1.5233005042963891e-05,0.9999999998521132,3.0459294437023873e-05,-3.796455057085167e-05,5.144389800335684e-05,0.0026999985040457065,-2.4867928811952394e-06,0.0026999985040457065,3.0459295758539737e-05,-3.796455220864044e-05,5.1443900213236666e-05,0.0026999986287085647,-2.486793001870673e-06,0.0026999986287085647,1.321515863206321e-10,-1.6377887689070842e-10,2.209879825530997e-10,1.2466285825772338e-08,-1.2067543400699912e-11,1.2466285825772338e-08,0.5,True,False,True,3.485957166059054e-13,1.4926515858058976e-12
2.6899999999999866,1786130337.0728471,0.0037471999967237934,HOLD,8,inverse kinematics failed,0.0,-0.025637493713733018,0.0436631227404958,0.0,0.0350578119028085,0.040854013012003865,0.07457536105088537,0.9957612238732398,-0.024564035159980978,0.04302390731357571,0.0,0.0345896629991374,0.04021944392506085,0.07350944908524498,0.9958826800578213,-0.01599356127159891,-0.2905121884810522,0.3180001802771933,7.983065970050311e-06,1.2155665755219475e-10,1.5233005042963891e-05,0.9999999998521132,-0.015993561271342993,-0.29051218848086147,0.3180001802772087,7.9830662875677e-06,1.2155666734775943e-10,1.5233005648950085e-05,0.9999999998521131,3.0459295758539737e-05,-3.796455220864044e-05,5.1443900213236666e-05,0.0026999986287085647,-2.486793001870673e-06,0.0026999986287085647,3.0459296969929277e-05,-3.796455370994681e-05,5.144390223895984e-05,0.0026999987429828514,-2.486793112489821e-06,0.0026999987429828514,1.2113895412724634e-10,-1.5013063714981634e-10,2.025723173403418e-10,1.1427428673624666e-08,-1.106191478397494e-11,1.1427428673624666e-08,0.5,True,False,True,3.1954953962788105e-13,1.3682639532687507e-12
2.6999999999999864,1786130337.0758533,0.003086800003075041,HOLD,8,inverse kinematics failed,0.0,-0.025912316294913862,0.04381533400219298,0.0,0.03516889459218125,0.04100549873962372,0.07482901653022417,0.9957320504088428,-0.024834863399343658,0.0431828755851868,0.0,0.03470604297225839,0.04037737762571364,0.07377457715697999,0.9958526345411691,-0.015993561271342993,-0.29051218848086147,0.3180001802772087,7.9830662875677e-06,1.2155666734775943e-10,1.5233005648950085e-05,0.9999999998521131,-0.015993561271108403,-0.29051218848068666,0.3180001802772229,7.98306657862531e-06,1.2155667612639272e-10,1.523300620443743e-05,0.9999999998521131,3.0459296969929277e-05,-3.796455370994681e-05,5.144390223895984e-05,0.0026999987429828514,-2.486793112489821e-06,0.0026999987429828514,3.045929808036969e-05,-3.796455508614432e-05,5.1443904095872754e-05,0.0026999988477342807,-2.4867932138907067e-06,0.0026999988477342807,1.1104404128330936e-10,-1.3761975072066525e-10,1.8569129089531369e-10,1.047514295082263e-08,-1.0140088551977048e-11,1.047514295082263e-08,0.5,True,False,True,2.928985388357787e-13,1.2542419609095708e-12
2.709999999999986,1786130337.0788715,0.003002600002218969,HOLD,8,inverse kinematics failed,0.0,-0.02618808981660266,0.043965815509527606,0.0,0.035278635783689435,0.04115532095502872,0.07507974222717412,0.9957031132428137,-0.02510668511472316,0.04334013907896111,0.0,0.034821088706832544,0.04053368107900739,0.07403681066629271,0.9958228071026591,-0.015993561271108403,-0.29051218848068666,0.3180001802772229,7.98306657862531e-06,1.2155667612639272e-10,1.523300620443743e-05,0.9999999998521131,-0.01599356127089336,-0.2905121884805264,0.3180001802772359,7.983066845428111e-06,1.2155668422130774e-10,1.523300671363416e-05,0.9999999998521131,3.045929808036969e-05,-3.796455508614432e-05,5.1443904095872754e-05,0.0026999988477342807,-2.4867932138907067e-06,0.0026999988477342807,3.0459299098273402e-05,-3.79645563476587e-05,5.144390579804292e-05,0.0026999989437564245,-2.4867933068415185e-06,0.0026999989437564245,1.0179037117636711e-10,-1.2615143816061006e-10,1.7021701665403787e-10,9.60221437158743e-09,-9.295081172645646e-12,9.60221437158743e-09,0.5,True,False,True,2.685093465332521e-13,1.1497217824106066e-12
2.719999999999986,1786130337.081874,0.0030208999960450456,HOLD,8,inverse kinematics failed,0.0,-0.026464803391732985,0.04411456132174746,0.0,0.035387033833150096,0.041303471710915994,0.07532752982528051,0.9956744168208495,-0.025379489574929408,0.0434956915865407,0.0,0.03493479842003339,0.04068834601200572,0.07429614087900485,0.9957932023310091,-0.01599356127089336,-0.2905121884805264,0.3180001802772359,7.983066845428111e-06,1.2155668422130774e-10,1.523300671363416e-05,0.9999999998521131,-0.015993561270696226,-0.2905121884803795,0.3180001802772478,7.983067089997352e-06,1.2155669173292168e-10,1.5233007180397832e-05,0.9999999998521131,3.0459299098273402e-05,-3.79645563476587e-05,5.144390579804292e-05,0.0026999989437564245,-2.4867933068415185e-06,0.0026999989437564245,3.0459300031351805e-05,-3.7964557504046886e-05,5.144390735836557e-05,0.002699999031776723,-2.486793392046429e-06,0.002699999031776723,9.330784024500337e-11,-1.1563881831389278e-10,1.5603226526620167e-10,8.802029840621829e-09,-8.520491074925192e-12,8.802029840621829e-09,0.5,True,False,True,2.461247546555616e-13,1.0539116451228462e-12
2.7299999999999858,1786130337.085259,0.003038299997569993,HOLD,8,inverse kinematics failed,0.0,-0.026742446096126683,0.04426156556662256,0.0,0.03549408712929683,0.041449943145034196,0.07557237111358785,0.9956459655502058,-0.025653266009975945,0.04364952696711365,0.0,0.03504717036362641,0.04084136423448478,0.0745525591663679,0.9957638247791061,-0.015993561270696226,-0.2905121884803795,0.3180001802772478,7.983067089997352e-06,1.2155669173292168e-10,1.5233007180397832e-05,0.9999999998521131,-0.015993561270515527,-0.29051218848024485,0.31800018027725874,7.983067314185824e-06,1.2155669845235309e-10,1.5233007608264531e-05,0.9999999998521131,3.0459300031351805e-05,-3.7964557504046886e-05,5.144390735836557e-05,0.002699999031776723,-2.486793392046429e-06,0.002699999031776723,3.0459300886673674e-05,-3.7964558564069385e-05,5.144390878866133e-05,0.0026999991124619965,-2.4867934701509306e-06,0.0026999991124619965,8.553218689125326e-11,-1.0600225012106859e-10,1.4302957649401848e-10,8.068527353903358e-09,-7.810450152014774e-12,8.068527353903358e-09,0.5,True,False,True,2.2562760361467247e-13,9.660856765258327e-13
2.7399999999999856,1786130337.088342,0.0033576999994693324,HOLD,8,inverse kinematics failed,0.0,-0.0270210069689252,0.044406822440677014,0.0,0.03559979409336562,0.041594727480739675,0.07581425798664189,0.9956177637990636,-0.025928003611505147,0.043801639147656425,0.0,0.03515820282354825,0.04099272763951383,0.07480605700507545,0.9957346789633493,-0.015993561270515527,-0.29051218848024485,0.31800018027725874,7.983067314185824e-06,1.2155669845235309e-10,1.5233007608264531e-05,0.9999999998521131,-0.015993561270349895,-0.29051218848012145,0.31800018027726873,7.983067519691918e-06,1.2155670495516171e-10,1.5233008000475672e-05,0.9999999998521131,3.0459300886673674e-05,-3.7964558564069385e-05,5.144390878866133e-05,0.0026999991124619965,-2.4867934701509306e-06,0.0026999991124619965,3.045930167071872e-05,-3.7964559535756674e-05,5.144391009976578e-05,0.002699999186423497,-2.4867935417467237e-06,0.002699999186423497,7.840450465031564e-11,-9.71687292776464e-11,1.311104451195172e-10,7.396150074411425e-09,-7.159579306013557e-12,7.396150074411425e-09,0.5,True,False,True,2.067884866587238e-13,8.855785300589948e-13
2.7499999999999853,1786130337.0913763,0.0030728999990969896,HOLD,8,inverse kinematics failed,0.0,-0.027300475013022255,0.044550326209418185,0.0,0.03570415317868271,0.04173781702754625,0.07605318244449018,0.9955898158959007,-0.026203691533214935,0.043952022123173694,0.0,0.03526789411948768,0.04114242820402961,0.07505662597727317,0.9957057693629985,-0.015993561270349895,-0.29051218848012145,0.31800018027726873,7.983067519691918e-06,1.2155670495516171e-10,1.5233008000475672e-05,0.9999999998521131,-0.015993561270198055,-0.2905121884800083,0.31800018027727794,7.983067708072506e-06,1.215567105573291e-10,1.5233008360002552e-05,0.9999999998521131,3.045930167071872e-05,-3.7964559535756674e-05,5.144391009976578e-05,0.002699999186423497,-2.4867935417467237e-06,0.002699999186423497,3.045930238942668e-05,-3.7964560426470026e-05,5.1443911301611526e-05,0.0026999992542215395,-2.4867936073762006e-06,0.0026999992542215395,7.187079592945615e-11,-8.907133517117604e-11,1.20184574692891e-10,6.779804234877153e-09,-6.5629476971791064e-12,6.779804234877153e-09,0.5,True,False,True,1.8957634763995145e-13,8.117803238200994e-13
2.759999999999985,1786130337.0944011,0.00303580000763759,HOLD,8,inverse kinematics failed,0.0,-0.027580839195497975,0.04469207120756298,0.0,0.03580716287025488,0.041879204181668565,0.07628913659267969,0.9955621261288703,-0.026480318891286995,0.04410066995693532,0.0,0.03537624260446834,0.04129045798940433,0.07530425777056611,0.9956771004195282,-0.015993561270198055,-0.2905121884800083,0.31800018027727794,7.983067708072506e-06,1.215567105573291e-10,1.5233008360002552e-05,0.9999999998521131,-0.01599356127005888,-0.29051218847990457,0.3180001802772863,7.983067880754714e-06,1.215567157594798e-10,1.5233008689568858e-05,0.9999999998521131,3.045930238942668e-05,-3.7964560426470026e-05,5.1443911301611526e-05,0.0026999992542215395,-2.4867936073762006e-06,0.0026999992542215395,3.045930304824231e-05,-3.7964561242957265e-05,5.144391240330346e-05,0.002699999316369745,-2.4867936675365544e-06,0.002699999316369745,6.588156293533494e-11,-8.164872390691153e-11,1.1016919346848363e-10,6.214820548637402e-09,-6.016035389080859e-12,6.214820548637402e-09,0.5,True,False,True,1.7379191086746925e-13,7.441319653501748e-13
2.769999999999985,1786130337.0974376,0.003022899996722117,HOLD,8,inverse kinematics failed,0.0,-0.027862088448054503,0.04483205183926159,0.0,0.035908821684362,0.04201888142655908,0.07652211264225285,0.9955346987451857,-0.026757874764816465,0.04424757678071072,0.0,0.035483246664433546,0.04143680914200752,0.07554894417802384,0.9956486765359887,-0.01599356127005888,-0.29051218847990457,0.3180001802772863,7.983067880754714e-06,1.215567157594798e-10,1.5233008689568858e-05,0.9999999998521131,-0.015993561269931282,-0.2905121884798095,0.31800018027729404,7.983068039046737e-06,1.2155672041171833e-10,1.5233008991671304e-05,0.9999999998521131,3.045930304824231e-05,-3.7964561242957265e-05,5.144391240330346e-05,0.002699999316369745,-2.4867936675365544e-06,0.002699999316369745,3.0459303652156636e-05,-3.79645619914039e-05,5.144391341318773e-05,0.0026999993733389334,-2.4867937226835454e-06,0.0026999993733389334,6.03914326907238e-11,-7.484466358133572e-11,1.0098842734611019e-10,5.696918836250963e-09,-5.514699106657465e-12,5.696918836250963e-09,0.5,True,False,True,1.5932151923733925e-13,6.821209636848135e-13
2.7799999999999847,1786130337.1006875,0.0030368000007001683,HOLD,8,inverse kinematics failed,0.0,-0.028144211667452925,0.04497026257831835,0.0,0.036009128168152285,0.042156841333438555,0.07675210290974148,0.9955075379505116,-0.027036348196243093,0.04439273679500056,0.0,0.03558890471783308,0.0415814738937614,0.07579067709818309,0.9956205020763718,-0.015993561269931282,-0.2905121884798095,0.31800018027729404,7.983068039046737e-06,1.2155672041171833e-10,1.5233008991671304e-05,0.9999999998521131,-0.015993561269814334,-0.2905121884797223,0.31800018027730115,7.983068184147757e-06,1.215567249301894e-10,1.5233009268598548e-05,0.9999999998521131,3.0459303652156636e-05,-3.79645619914039e-05,5.144391341318773e-05,0.0026999993733389334,-2.4867937226835454e-06,0.0026999993733389334,3.045930420574477e-05,-3.796456267747998e-05,5.144391433891498e-05,0.0026999994255606894,-2.486793773234954e-06,0.0026999994255606894,5.535881329983026e-11,-6.86076082828912e-11,9.257272506726785e-11,5.222175599896727e-09,-5.055140847769353e-12,5.222175599896727e-09,0.5,True,False,True,1.4602365876793045e-13,6.252775497415101e-13
2.7899999999999845,1786130337.103751,0.00325209999573417,HOLD,8,inverse kinematics failed,0.0,-0.02842719771595161,0.04510669796840994,0.0,0.03610808089923996,0.04229307656182002,0.07697909981715884,0.9954806479083609,-0.02731572819178385,0.04453614426926564,0.0,0.035693215215212196,0.04172444456268997,0.07602944853504845,0.995592581364984,-0.015993561269814334,-0.2905121884797223,0.31800018027730115,7.983068184147757e-06,1.215567249301894e-10,1.5233009268598548e-05,0.9999999998521131,-0.015993561269707118,-0.2905121884796424,0.3180001802773076,7.983068317157024e-06,1.2155672900714147e-10,1.523300952244852e-05,0.9999999998521131,3.045930420574477e-05,-3.796456267747998e-05,5.144391433891498e-05,0.0026999994255606894,-2.486793773234954e-06,0.0026999994255606894,3.0459304713200558e-05,-3.796456330638306e-05,5.14439151874983e-05,0.002699999473430632,-2.486793819573745e-06,0.002699999473430632,5.0745578858177835e-11,-6.28903075926504e-11,8.485833131166236e-11,4.786994299905342e-09,-4.633879110455249e-12,4.786994299905342e-09,0.5,True,False,True,1.3389016740235203e-13,5.731710859627675e-13
2.7999999999999843,1786130337.1067815,0.0030627000087406486,HOLD,8,inverse kinematics failed,0.0,-0.028711035421745912,0.045241352623300764,0.0,0.03620567848530574,0.0424275798600262,0.07720309589198956,0.9954540327394993,-0.027596003721866966,0.044677793542153135,0.0,0.03579617663880292,0.04186571355346167,0.07626525059809057,0.9955649186858251,-0.015993561269707118,-0.2905121884796424,0.3180001802773076,7.983068317157024e-06,1.2155672900714147e-10,1.523300952244852e-05,0.9999999998521131,-0.015993561269608852,-0.29051218847956917,0.3180001802773135,7.983068439082187e-06,1.2155673265852287e-10,1.523300975514433e-05,0.9999999998521131,3.0459304713200558e-05,-3.796456330638306e-05,5.14439151874983e-05,0.002699999473430632,-2.486793819573745e-06,0.002699999473430632,3.0459305178368366e-05,-3.796456388287754e-05,5.1443915965366335e-05,0.002699999517311413,-2.4867938620509702e-06,0.002699999517311413,4.651678061999644e-11,-5.764944862659631e-11,7.778680370235732e-11,4.388078108246572e-09,-4.2477225179173196e-12,4.388078108246572e-09,0.5,True,False,True,1.2268810605362008e-13,5.254068352520915e-13
2.809999999999984,1786130337.1098576,0.0030608999950345606,HOLD,8,inverse kinematics failed,0.0,-0.02899571357940923,0.04537422122705564,0.0,0.03630191956370012,0.04256034406570044,0.07742408376717823,0.995427696521356,-0.027877163721567372,0.04481767902172009,0.0,0.03589778750211775,0.04200527335792563,0.07649807550224264,0.9955375182819741,-0.015993561269608852,-0.29051218847956917,0.3180001802773135,7.983068439082187e-06,1.2155673265852287e-10,1.523300975514433e-05,0.9999999998521131,-0.01599356126951878,-0.2905121884795021,0.31800018027731897,7.98306855084692e-06,1.215567361266622e-10,1.5233009968448823e-05,0.9999999998521131,3.0459305178368366e-05,-3.796456388287754e-05,5.1443915965366335e-05,0.002699999517311413,-2.4867938620509702e-06,0.002699999517311413,3.045930560477219e-05,-3.796456441133082e-05,5.144391667841203e-05,0.0026999995575354625,-2.486793900988427e-06,0.0026999995575354625,4.264038223499682e-11,-5.284532790771338e-11,7.130457006049435e-11,4.022404932559365e-09,-3.8937456414242175e-12,4.022404932559365e-09,0.5,True,False,True,1.1242590958771088e-13,4.816229314724878e-13
2.819999999999984,1786130337.112879,0.0030442999996012077,HOLD,8,inverse kinematics failed,0.0,-0.02928122095033533,0.045505298534249575,0.0,0.03639680280104968,0.04269136210631101,0.0776420561811159,0.995401643287441,-0.028159197091043548,0.044955795185654145,0.0,0.03599804634954582,0.04214311655564141,0.07672791556789456,0.9955103843549798,-0.01599356126951878,-0.2905121884795021,0.31800018027731897,7.98306855084692e-06,1.215567361266622e-10,1.5233009968448823e-05,0.9999999998521131,-0.015993561269436192,-0.2905121884794405,0.3180001802773239,7.983068653297924e-06,1.2155673930313068e-10,1.523301016397794e-05,0.9999999998521131,3.045930560477219e-05,-3.796456441133082e-05,5.144391667841203e-05,0.0026999995575354625,-2.486793900988427e-06,0.0026999995575354625,3.045930599564236e-05,-3.796456489574633e-05,5.144391733203726e-05,0.002699999594407508,-2.486793936681095e-06,0.002699999594407508,3.908701704874716e-11,-4.844155058207069e-11,6.536252255545327e-11,3.6872045215127588e-09,-3.5692668379722062e-12,3.6872045215127588e-09,0.5,True,False,True,1.0315849580017215e-13,4.414876848243021e-13
2.8299999999999836,1786130337.116008,0.003020100004505366,HOLD,8,inverse kinematics failed,0.0,-0.029567546263182077,0.045634579370174934,0.0,0.0364903268928662,0.04282062699964877,0.07785700597762513,0.9953758770267687,-0.028442092695975744,0.04509213658149153,0.0,0.03609695175595172,0.04227923581440231,0.07695476322088544,0.9954835210642596,-0.015993561269436192,-0.2905121884794405,0.3180001802773239,7.983068653297924e-06,1.2155673930313068e-10,1.523301016397794e-05,0.9999999998521131,-0.01599356126936049,-0.29051218847938404,0.3180001802773285,7.983068747211345e-06,1.2155674222937774e-10,1.5233010343212963e-05,0.9999999998521131,3.045930599564236e-05,-3.796456489574633e-05,5.144391733203726e-05,0.002699999594407508,-2.486793936681095e-06,0.002699999594407508,3.0459306353940016e-05,-3.796456533979388e-05,5.144391793119372e-05,0.0026999996282068826,-2.4867939693993744e-06,0.0026999996282068826,3.5829765628018295e-11,-4.440475470023155e-11,5.991564567583228e-11,3.3799374780533687e-09,-3.271827934807862e-12,3.3799374780533687e-09,0.5,True,False,True,9.454825207563332e-14,4.0469704248189157e-13
2.8399999999999834,1786130337.1190257,0.0031359999993583187,HOLD,8,inverse kinematics failed,0.0,-0.02985467821431639,0.04576205863104567,0.0,0.03658249056315916,0.04294813185431822,0.07806892610594343,0.9953504016832893,-0.02872583936800557,0.045226697826832314,0.0,0.03619450232627698,0.04241362389075209,0.07717861099249404,0.9954569325265038,-0.01599356126936049,-0.29051218847938404,0.3180001802773285,7.983068747211345e-06,1.2155674222937774e-10,1.5233010343212963e-05,0.9999999998521131,-0.01599356126929111,-0.2905121884793324,0.3180001802773327,7.983068833298646e-06,1.2155674490539594e-10,1.5233010507511737e-05,0.9999999998521131,3.0459306353940016e-05,-3.796456533979388e-05,5.144391793119372e-05,0.0026999996282068826,-2.4867939693993744e-06,0.0026999996282068826,3.0459306682379535e-05,-3.7964565746837464e-05,5.144391848042047e-05,0.0026999996591896428,-2.4867939993911306e-06,0.0026999996591896428,3.28439518256835e-11,-4.0704358475212335e-11,5.4922675202846363e-11,3.0982760215489274e-09,-2.9991756069072126e-12,3.0982760215489274e-09,0.5,True,False,True,8.657882411758476e-14,3.709722929901625e-13
2.849999999999983,1786130337.1220589,0.003011199994944036,HOLD,8,inverse kinematics failed,0.0,-0.03014260546826049,0.045887731284198846,0.0,0.036673292564051316,0.04307386987022195,0.07827780962070538,0.9953252211553264,-0.029010425905176905,0.045359473609552864,0.0,0.036290696695144446,0.04254627363049518,0.07739945151942759,0.995430622815087,-0.01599356126929111,-0.2905121884793324,0.3180001802773327,7.983068833298646e-06,1.2155674490539594e-10,1.5233010507511737e-05,0.9999999998521131,-0.015993561269227508,-0.290512188479285,0.3180001802773365,7.983068912212006e-06,1.2155674707287767e-10,1.5233010658118942e-05,0.9999999998521131,3.0459306682379535e-05,-3.7964565746837464e-05,5.144391848042047e-05,0.0026999996591896428,-2.4867939993911306e-06,0.0026999996591896428,3.0459306983449092e-05,-3.796456611996075e-05,5.144391898387833e-05,0.0026999996875905065,-2.4867940268835737e-06,0.0026999996875905065,3.0106955840209935e-11,-3.731232860227805e-11,5.034578560260926e-11,2.8400863530865222e-09,-2.749244306331617e-12,2.8400863530865222e-09,0.5,True,False,True,7.941820495721422e-14,3.400579279094216e-13
2.859999999999983,1786130337.125061,0.0030319000070448965,HOLD,8,inverse kinematics failed,0.0,-0.030431316658139387,0.04601159236829331,0.0,0.03676273167539768,0.04319783433903824,0.07848364968192284,0.9953003392950216,-0.029295841072378172,0.045490458688015545,0.0,0.036385533526465494,0.04267717796920035,0.07761727754380886,0.9954045959594857,-0.015993561269227508,-0.290512188479285,0.3180001802773365,7.983068912212006e-06,1.2155674707287767e-10,1.5233010658118942e-05,0.9999999998521131,-0.015993561269169208,-0.29051218847924154,0.31800018027734006,7.983068984549257e-06,1.215567493488558e-10,1.5233010796175551e-05,0.9999999998521131,3.0459306983449092e-05,-3.796456611996075e-05,5.144391898387833e-05,0.0026999996875905065,-2.4867940268835737e-06,0.0026999996875905065,3.045930725942952e-05,-3.796456646199043e-05,5.1443919445381365e-05,0.0026999997136246314,-2.48679405208498e-06,0.0026999997136246314,2.7598042853525828e-11,-3.420296788542161e-11,4.615030346905858e-11,2.603412490329317e-09,-2.5201406141373206e-12,2.603412490329317e-09,0.5,True,False,True,7.280663782930772e-14,3.1171977916844147e-13
2.869999999999983,1786130337.1280708,0.0030030999914743006,HOLD,8,inverse kinematics failed,0.0,-0.030720800386129666,0.046133636993505533,0.0,0.03685080670440788,0.04332001864469208,0.07868643955496442,0.995275759907786,-0.02958207360178589,0.04561964789127565,0.0,0.03647901151305036,0.042806329932697666,0.07783208191316146,0.9953788559447035,-0.015993561269169208,-0.29051218847924154,0.31800018027734006,7.983068984549257e-06,1.215567493488558e-10,1.5233010796175551e-05,0.9999999998521131,-0.015993561269115764,-0.2905121884792018,0.31800018027734334,7.983069050858396e-06,1.2155675137458384e-10,1.5233010922727437e-05,0.9999999998521131,3.045930725942952e-05,-3.796456646199043e-05,5.1443919445381365e-05,0.0026999997136246314,-2.48679405208498e-06,0.0026999997136246314,3.045930751241158e-05,-3.7964566775517636e-05,5.144391986842581e-05,0.002699999737489246,-2.4867940751862687e-06,0.002699999737489246,2.5298205949065392e-11,-3.1352720561636533e-11,4.2304444846637114e-11,2.3864614494685452e-09,-2.3101288962925484e-12,2.3864614494685452e-09,0.5,True,False,True,6.66833018427257e-14,2.8574311358462264e-13
2.8799999999999826,1786130337.1313136,0.003010800006450154,HOLD,8,inverse kinematics failed,0.0,-0.03101104522390944,0.0462538603417227,0.0,0.036937516485272076,0.043440416263819365,0.07888617261053318,0.9952514867517595,-0.029869112193309528,0.04574703611928549,0.0,0.03657112937622149,0.04293372263756889,0.07804385758039381,0.9953534067107016,-0.015993561269115764,-0.2905121884792018,0.31800018027734334,7.983069050858396e-06,1.2155675137458384e-10,1.5233010922727437e-05,0.9999999998521131,-0.01599356126906676,-0.2905121884791652,0.3180001802773463,7.983069111641778e-06,1.2155675314207623e-10,1.5233011038733338e-05,0.999999999852113,3.045930751241158e-05,-3.7964566775517636e-05,5.144391986842581e-05,0.002699999737489246,-2.4867940751862687e-06,0.002699999737489246,3.04593077443118e-05,-3.7964567062917576e-05,5.1443920256216555e-05,0.0026999997593651426,-2.4867940963624503e-06,0.0026999997593651426,2.3190022119976653e-11,-2.8739993848166878e-11,3.8779074442750765e-11,2.1875896620128373e-09,-2.11761815493484e-12,2.1875896620128373e-09,0.5,True,False,True,6.122474605526358e-14,2.6193120561348933e-13
2.8899999999999824,1786130337.1344144,0.003282199992099777,HOLD,8,inverse kinematics failed,0.0,-0.031302039713109464,0.04637225766673286,0.0,0.03702285987879056,0.04355902076622442,0.07908284232464349,0.9952275235372757,-0.03015694551503763,0.04587261834309575,0.0,0.03666188586543023,0.043059349291631216,0.0782525976037814,0.9953282521518377,-0.01599356126906676,-0.2905121884791652,0.3180001802773463,7.983069111641778e-06,1.2155675314207623e-10,1.5233011038733338e-05,0.999999999852113,-0.015993561269021853,-0.29051218847913174,0.31800018027734894,7.983069167359882e-06,1.215567548761482e-10,1.5233011145072075e-05,0.999999999852113,3.04593077443118e-05,-3.7964567062917576e-05,5.1443920256216555e-05,0.0026999997593651426,-2.4867940963624503e-06,0.0026999997593651426,3.0459307956887002e-05,-3.7964567326367516e-05,5.144392061169141e-05,0.0026999997794180477,-2.48679411577395e-06,0.0026999997794180477,2.1257520276645308e-11,-2.634499436081969e-11,3.5547484905854935e-11,2.0052905235117714e-09,-1.9411499753569406e-12,2.0052905235117714e-09,0.5,True,False,True,5.607156295350586e-14,2.4010359482396055e-13
2.899999999999982,1786130337.1374285,0.0030626000079791993,HOLD,8,inverse kinematics failed,0.0,-0.031593772365765584,0.04648882429441237,0.0,0.037106835772007,0.04367582581533059,0.07927644227859637,0.995203873926336,-0.030445562203685203,0.045996389605054,0.0,0.036751279757876745,0.04318320319441429,0.0784582951469477,0.9953033961163111,-0.015993561269021853,-0.29051218847913174,0.31800018027734894,7.983069167359882e-06,1.215567548761482e-10,1.5233011145072075e-05,0.999999999852113,-0.015993561268980685,-0.29051218847910104,0.31800018027735144,7.983069218434803e-06,1.2155675639343352e-10,1.5233011242549255e-05,0.999999999852113,3.0459307956887002e-05,-3.7964567326367516e-05,5.144392061169141e-05,0.0026999997794180477,-2.48679411577395e-06,0.0026999997794180477,3.0459308151747606e-05,-3.79645675678633e-05,5.144392093754335e-05,0.0026999997977998776,-2.486794133567825e-06,0.0026999997977998776,1.948606025359157e-11,-2.4149578164084762e-11,3.258519449703375e-11,1.838182979885794e-09,-1.7793874774105322e-12,1.838182979885794e-09,0.5,True,False,True,5.1414284446592647e-14,2.2009496325181124e-13
2.909999999999982,1786130337.1404443,0.0030138000001898035,HOLD,8,inverse kinematics failed,0.0,-0.03188623166477218,0.046603555622910346,0.0,0.03718944307784554,0.043790825168624176,0.07946696615895406,0.9951805415320892,-0.03073495086504233,0.046118345019000376,0.0,0.03683930985813348,0.04330527773763056,0.07866094347884388,0.9952788424056151,-0.015993561268980685,-0.29051218847910104,0.31800018027735144,7.983069218434803e-06,1.2155675639343352e-10,1.5233011242549255e-05,0.999999999852113,-0.015993561268942955,-0.290512188479073,0.3180001802773537,7.983069265253487e-06,1.2155675787728868e-10,1.5233011331903335e-05,0.999999999852113,3.0459308151747606e-05,-3.79645675678633e-05,5.144392093754335e-05,0.0026999997977998776,-2.486794133567825e-06,0.0026999997977998776,3.0459308330369826e-05,-3.796456778923443e-05,5.1443921236240967e-05,0.002699999814649888,-2.4867941498788766e-06,0.002699999814649888,1.786222189912564e-11,-2.2137113317077743e-11,2.9869761622280996e-11,1.6850010648953145e-09,-1.6311051876263243e-12,1.6850010648953145e-09,0.5,True,False,True,4.705961234759605e-14,2.0175371883139618e-13
2.9199999999999817,1786130337.1434438,0.0030146999924909323,HOLD,8,inverse kinematics failed,0.0,-0.032179406064336925,0.0467164471228304,0.0,0.03727068073475178,0.0439040126780914,0.07965440775751334,0.9951575299183191,-0.031025100074424026,0.046238479770460486,0.0,0.036925974997772004,0.04342556640563883,0.07886053597372687,0.9952545947739956,-0.015993561268942955,-0.290512188479073,0.3180001802773537,7.983069265253487e-06,1.2155675787728868e-10,1.5233011331903335e-05,0.999999999852113,-0.015993561268908357,-0.2905121884790472,0.31800018027735577,7.983069308170614e-06,1.2155675921130958e-10,1.5233011413811243e-05,0.999999999852113,3.0459308330369826e-05,-3.796456778923443e-05,5.1443921236240967e-05,0.002699999814649888,-2.4867941498788766e-06,0.002699999814649888,3.045930849410686e-05,-3.796456799215797e-05,5.144392151004712e-05,0.002699999830095731,-2.4867941648306743e-06,0.002699999830095731,1.637370340753187e-11,-2.029235387398797e-11,2.7380614820424297e-11,1.5445843094873745e-09,-1.4951797553241334e-12,1.5445843094873745e-09,0.5,True,False,True,4.321444408995433e-14,1.8494091128591973e-13
2.9299999999999815,1786130337.1467829,0.002999100004672073,HOLD,8,inverse kinematics failed,0.0,-0.032473283990436495,0.04682749433740941,0.0,0.03735054770633787,0.04401538229064859,0.07983876097127814,0.9951348425989394,-0.03131599837712127,0.04635678911683545,0.0,0.03701127403499358,0.0435440627759011,0.07905706611113658,0.9952306569279176,-0.015993561268908357,-0.2905121884790472,0.31800018027735577,7.983069308170614e-06,1.2155675921130958e-10,1.5233011413811243e-05,0.999999999852113,-0.015993561268876647,-0.29051218847902355,0.3180001802773577,7.98306934751131e-06,1.215567604034718e-10,1.523301148889349e-05,0.999999999852113,3.045930849410686e-05,-3.796456799215797e-05,5.144392151004712e-05,0.002699999830095731,-2.4867941648306743e-06,0.002699999830095731,3.045930864419914e-05,-3.796456817817122e-05,5.1443921761036085e-05,0.0026999998442544205,-2.4867941785364886e-06,0.0026999998442544205,1.500922812357091e-11,-1.860132438448901e-11,2.509889691872232e-11,1.4158689503634293e-09,-1.3705814423804583e-12,1.4158689503634293e-09,0.5,True,False,True,3.960507896999465e-14,1.6952916228169352e-13
2.9399999999999813,1786130337.150045,0.0033499999990453944,HOLD,8,inverse kinematics failed,0.0,-0.0327678538412736,0.046936692882693504,0.0,0.03742904298103151,0.044124928048565486,0.08002001980243101,0.9951124830374964,-0.03160763428885325,0.04647326838758912,0.0,0.03709520585426345,0.04366076051943264,0.07925052747587176,0.9952070325255398,-0.015993561268876647,-0.29051218847902355,0.3180001802773577,7.98306934751131e-06,1.215567604034718e-10,1.523301148889349e-05,0.999999999852113,-0.015993561268847583,-0.29051218847900184,0.3180001802773595,7.983069383573619e-06,1.215567614872522e-10,1.5233011557718884e-05,0.999999999852113,3.045930864419914e-05,-3.796456817817122e-05,5.1443921761036085e-05,0.0026999998442544205,-2.4867941785364886e-06,0.0026999998442544205,3.0459308781783733e-05,-3.7964568348683354e-05,5.144392199110931e-05,0.002699999857233219,-2.4867941911001518e-06,0.002699999857233219,1.3758459113273362e-11,-1.705121401911496e-11,2.3007322175495506e-11,1.2978798711664795e-09,-1.2563663221820892e-12,1.2978798711664795e-09,0.5,True,False,True,3.631730646964918e-14,1.5540173828535194e-13
2.949999999999981,1786130337.153181,0.0032666000042809173,HOLD,8,inverse kinematics failed,0.0,-0.033063103987734876,0.04704403844771107,0.0,0.03750616557172937,0.0442326440898816,0.08019817835830391,0.9950904546466787,-0.031899996296220735,0.04658791298443243,0.0,0.037177769365948854,0.04377565340124516,0.07944091375796476,0.9951837251761938,-0.015993561268847583,-0.29051218847900184,0.3180001802773595,7.983069383573619e-06,1.215567614872522e-10,1.5233011557718884e-05,0.999999999852113,-0.01599356126882094,-0.29051218847898197,0.3180001802773611,7.98306941663073e-06,1.215567625710674e-10,1.5233011620808829e-05,0.999999999852113,3.0459308781783733e-05,-3.7964568348683354e-05,5.144392199110931e-05,0.002699999857233219,-2.4867941911001518e-06,0.002699999857233219,3.045930890790294e-05,-3.796456850498615e-05,5.144392220200976e-05,0.0026999998691304514,-2.486794202616843e-06,0.0026999998691304514,1.261192085383394e-11,-1.5630279517522075e-11,2.1090045327537588e-11,1.1897232152359417e-09,-1.1516691286669173e-12,1.1897232152359417e-09,0.5,True,False,True,3.327637728813628e-14,1.4245158742697253e-13
2.959999999999981,1786130337.156266,0.0031359999993583187,HOLD,8,inverse kinematics failed,0.0,-0.033359022773850104,0.04714952679464302,0.0,0.03758191451545459,0.04433852464881574,0.08037323085134827,0.9950687607878339,-0.03219307285716066,0.04670071838150493,0.0,0.03725896350596104,0.0438887352807833,0.07962821875265542,0.9951607384398734,-0.01599356126882094,-0.29051218847898197,0.3180001802773611,7.98306941663073e-06,1.215567625710674e-10,1.5233011620808829e-05,0.999999999852113,-0.015993561268796506,-0.2905121884789638,0.31800018027736254,7.983069446933087e-06,1.2155676343807487e-10,1.523301167864128e-05,0.999999999852113,3.045930890790294e-05,-3.796456850498615e-05,5.144392220200976e-05,0.0026999998691304514,-2.486794202616843e-06,0.0026999998691304514,3.0459309023512215e-05,-3.796456864826371e-05,5.1443922395335177e-05,0.0026999998800362477,-2.48679421317381e-06,0.0026999998800362477,1.1560927449347801e-11,-1.4327756224395263e-11,1.9332541550242827e-11,1.0905796139662821e-09,-1.0556967012780095e-12,1.0905796139662821e-09,0.5,True,False,True,3.047405650840612e-14,1.3058062933289172e-13
2.9699999999999807,1786130337.159437,0.0031165999971562997,HOLD,8,inverse kinematics failed,0.0,-0.0336555985172523,0.047253153758990044,0.0,0.03765628887301876,0.04444256405616851,0.08054517159910432,0.9950474047704944,-0.032486852401401756,0.04681168012555344,0.0,0.037338787235401245,0.04400000011235413,0.07981243636036388,0.9951380758267294,-0.015993561268796506,-0.2905121884789638,0.31800018027736254,7.983069446933087e-06,1.2155676343807487e-10,1.523301167864128e-05,0.999999999852113,-0.01599356126877413,-0.2905121884789471,0.31800018027736393,7.983069474710247e-06,1.2155676416321153e-10,1.5233011731654356e-05,0.999999999852113,3.0459309023512215e-05,-3.796456864826371e-05,5.1443922395335177e-05,0.0026999998800362477,-2.48679421317381e-06,0.0026999998800362477,3.0459309129487383e-05,-3.796456877960147e-05,5.144392257255014e-05,0.0026999998900332275,-2.4867942228510297e-06,0.0026999998900332275,1.0597516828568838e-11,-1.3133776539029016e-11,1.772149642105596e-11,9.996979794690938e-10,-9.677219761715107e-13,9.996979794690938e-10,0.5,True,False,True,2.7959406794530355e-14,1.1969890376474755e-13
2.9799999999999804,1786130337.1627398,0.003131499994196929,HOLD,8,inverse kinematics failed,0.0,-0.033952819509638944,0.04735491524973702,0.0,0.037729287728688304,0.04454475673971789,0.08071399502416961,0.9950263898519093,-0.03278132333092139,0.04692079383610783,0.0,0.03741723954021073,0.04410944194554991,0.07999356058666257,0.9951157407965723,-0.01599356126877413,-0.2905121884789471,0.31800018027736393,7.983069474710247e-06,1.2155676416321153e-10,1.5233011731654356e-05,0.999999999852113,-0.015993561268753603,-0.29051218847893184,0.31800018027736515,7.983069500172642e-06,1.2155676492185486e-10,1.523301178024968e-05,0.999999999852113,3.0459309129487383e-05,-3.796456877960147e-05,5.144392257255014e-05,0.0026999998900332275,-2.4867942228510297e-06,0.0026999998900332275,3.0459309226631288e-05,-3.7964568899994426e-05,5.144392273499719e-05,0.0026999998991971254,-2.4867942317218144e-06,0.0026999998991971254,9.71439042618812e-12,-1.2039295160776622e-11,1.624470505263466e-11,9.163898145133378e-10,-8.870784781572198e-13,9.163898145133378e-10,0.5,True,False,True,2.5611661608030716e-14,1.0972399993100305e-13
2.9899999999999802,1786130337.1658576,0.0033140000014100224,HOLD,8,inverse kinematics failed,0.0,-0.03425067401723416,0.047454807249514536,0.0,0.03780091018985547,0.044645097224607896,0.08087969565416736,0.9950057192365847,-0.03307647402040342,0.047028055205653965,0.0,0.03749431943082505,0.04421705492566383,0.08017158554224729,0.9950937367583832,-0.015993561268753603,-0.29051218847893184,0.31800018027736515,7.983069500172642e-06,1.2155676492185486e-10,1.523301178024968e-05,0.999999999852113,-0.01599356126873479,-0.2905121884789178,0.31800018027736626,7.983069523513167e-06,1.2155676568052317e-10,1.523301182479539e-05,0.999999999852113,3.0459309226631288e-05,-3.7964568899994426e-05,5.144392273499719e-05,0.0026999998991971254,-2.4867942317218144e-06,0.0026999998991971254,3.045930931567987e-05,-3.796456901035463e-05,5.1443922883906986e-05,0.0026999999075973656,-2.486794239853367e-06,0.0026999999075973656,8.904857890672462e-12,-1.1036020564045259e-11,1.48909796315818e-11,8.400239966372279e-10,-8.131552716441197e-13,8.400239966372279e-10,0.5,True,False,True,2.3501959899781348e-14,1.0058032373157533e-13
2.99999999999998,1786130337.1689503,0.003104100003838539,HOLD,8,inverse kinematics failed,0.0,-0.03454915028125203,0.047552825814757484,0.0,0.03787115538671381,0.04474358013373011,0.08104226812171386,0.9949853960758319,-0.03337229281769717,0.047133459999803694,0.0,0.03757002594183259,0.044322833294098946,0.08034650544290767,0.9950720670698311,-0.01599356126873479,-0.2905121884789178,0.31800018027736626,7.983069523513167e-06,1.2155676568052317e-10,1.523301182479539e-05,0.999999999852113,-0.015993561268717548,-0.290512188478905,0.3180001802773673,7.983069544908652e-06,1.2155676643921442e-10,1.523301186562896e-05,0.999999999852113,3.045930931567987e-05,-3.796456901035463e-05,5.1443922883906986e-05,0.0026999999075973656,-2.486794239853367e-06,0.0026999999075973656,3.0459309397307732e-05,-3.7964569111518156e-05,5.144392302040763e-05,0.0026999999152975854,-2.4867942473072905e-06,0.0026999999152975854,8.162786399783106e-12,-1.0116352183708173e-11,1.3650064662283344e-11,7.700219969174604e-10,-7.453923323404445e-13,7.700219969174604e-10,0.5,True,False,True,2.1514412891745626e-14,9.219863999875743e-14
3.00999999999998,1786130337.172101,0.003177899998263456,HOLD,8,inverse kinematics failed,0.0,-0.0348482365183607,0.04764896707586075,0.0,0.0379400224719385,0.04484020018809836,0.08120170716438564,0.9949654234673231,-0.03366876804427747,0.047237004057462055,0.0,0.0376443581316374,0.04442677138877011,0.08051831460949674,0.9950507350367986,-0.015993561268717548,-0.290512188478905,0.3180001802773673,7.983069544908652e-06,1.2155676643921442e-10,1.523301186562896e-05,0.999999999852113,-0.01599356126870173,-0.2905121884788932,0.3180001802773683,7.98306956452118e-06,1.215567669810863e-10,1.5233011903059733e-05,0.999999999852113,3.0459309397307732e-05,-3.7964569111518156e-05,5.144392302040763e-05,0.0026999999152975854,-2.4867942473072905e-06,0.0026999999152975854,3.0459309472133274e-05,-3.7964569204251385e-05,5.1443923145533223e-05,0.0026999999223561205,-2.4867942541400537e-06,0.0026999999223561205,7.482554199801195e-12,-9.273322835065843e-12,1.2512559273759756e-11,7.0585349717434e-10,-6.832763046454088e-13,7.0585349717434e-10,0.5,True,False,True,1.9740235164729712e-14,8.451541762447239e-14
3.0199999999999796,1786130337.1751885,0.0030624000064563006,HOLD,8,inverse kinematics failed,0.0,-0.03514792092114765,0.04774322723733196,0.0,0.038007510620371374,0.044934952207216286,0.08135800762468633,0.9949458044546542,-0.03396588799570569,0.047338683290991494,0.0,0.037717315082126515,0.04452886364449899,0.08068700746790007,0.9950297439129145,-0.01599356126870173,-0.2905121884788932,0.3180001802773683,7.98306956452118e-06,1.215567669810863e-10,1.5233011903059733e-05,0.999999999852113,-0.01599356126868725,-0.2905121884788824,0.31800018027736915,7.983069582499327e-06,1.215567674145573e-10,1.5233011937371272e-05,0.999999999852113,3.0459309472133274e-05,-3.7964569204251385e-05,5.1443923145533223e-05,0.0026999999223561205,-2.4867942541400537e-06,0.0026999999223561205,3.0459309540723353e-05,-3.7964569289256846e-05,5.144392326023168e-05,0.0026999999288264444,-2.4867942604034198e-06,0.0026999999288264444,6.859008016484442e-12,-8.500545932143707e-12,1.1469846000946466e-11,6.47032372409813e-10,-6.26336612591626e-13,6.47032372409813e-10,0.5,True,False,True,1.8099169363402235e-14,7.747246013918995e-14
3.0299999999999794,1786130337.178358,0.003086599987000227,HOLD,8,inverse kinematics failed,0.0,-0.03544819165858579,0.04783560257794134,0.0,0.03807361902871092,0.04502783110943787,0.081511164450013,0.9949265420269174,-0.03426364094209184,0.04743849368637323,0.0,0.037788895898341855,0.04462910459340216,0.08085257854900418,0.9950090968990951,-0.01599356126868725,-0.2905121884788824,0.31800018027736915,7.983069582499327e-06,1.215567674145573e-10,1.5233011937371272e-05,0.999999999852113,-0.015993561268673958,-0.2905121884788725,0.31800018027737,7.983069598979298e-06,1.2155676795646547e-10,1.523301196882352e-05,0.999999999852113,3.0459309540723353e-05,-3.7964569289256846e-05,5.144392326023168e-05,0.0026999999288264444,-2.4867942604034198e-06,0.0026999999288264444,3.0459309603597592e-05,-3.796456936717852e-05,5.144392336537194e-05,0.0026999999347575745,-2.4867942661448386e-06,0.0026999999347575745,6.287424015110751e-12,-7.79216710446508e-12,1.0514025500867614e-11,5.931130080423297e-10,-5.741418948756583e-13,5.931130080423297e-10,0.5,True,False,True,1.658281865948942e-14,7.101643005198939e-14
3.039999999999979,1786130337.1815574,0.003178500002832152,HOLD,8,inverse kinematics failed,0.0,-0.035749036876500564,0.04792608945086861,0.0,0.038138346915207066,0.04511883191232098,0.08166117269262232,0.9949076391182796,-0.034562015128557666,0.04753643130336572,0.0,0.03785909970815662,0.0447274888652721,0.08101502248866452,0.9949887971430915,-0.015993561268673958,-0.2905121884788725,0.31800018027737,7.983069598979298e-06,1.2155676795646547e-10,1.523301196882352e-05,0.999999999852113,-0.015993561268661787,-0.2905121884788634,0.3180001802773707,7.983069614085937e-06,1.2155676845692944e-10,1.5233011997654743e-05,0.999999999852113,3.0459309603597592e-05,-3.796456936717852e-05,5.144392336537194e-05,0.0026999999347575745,-2.4867942661448386e-06,0.0026999999347575745,3.0459309661232312e-05,-3.796456943860672e-05,5.1443923461750504e-05,0.002699999940194444,-2.486794271407806e-06,0.002699999940194444,5.7634720138515326e-12,-7.142819845759669e-12,9.637856709128664e-12,5.436869240388033e-10,-5.262967369693545e-13,5.436869240388033e-10,0.5,True,False,True,1.5216087786662045e-14,6.509838592539627e-14
3.049999999999979,1786130337.1846197,0.0031975000019883737,HOLD,8,inverse kinematics failed,0.0,-0.0360504446980379,0.048014684283846976,0.0,0.03820169351936107,0.04520794973297359,0.08180802750959634,0.9948890986075699,-0.03486099877570074,0.04763249227566018,0.0,0.037927925661956484,0.04482401118795131,0.08117433402767293,0.9949688477390473,-0.015993561268661787,-0.2905121884788634,0.3180001802773707,7.983069614085937e-06,1.2155676845692944e-10,1.5233011997654743e-05,0.999999999852113,-0.015993561268650626,-0.29051218847885507,0.3180001802773714,7.983069627933691e-06,1.2155676889044828e-10,1.5233012024083367e-05,0.999999999852113,3.0459309661232312e-05,-3.796456943860672e-05,5.1443923461750504e-05,0.002699999940194444,-2.486794271407806e-06,0.002699999940194444,3.045930971406414e-05,-3.796456950408257e-05,5.1443923550097525e-05,0.0026999999451782406,-2.4867942762321925e-06,0.0026999999451782406,5.283182679363915e-12,-6.547584858613043e-12,8.834701983367959e-12,4.98379680368904e-10,-4.824386755552425e-13,4.98379680368904e-10,0.5,True,False,True,1.394370384685616e-14,5.967352671915395e-14
3.0599999999999787,1786130337.1876938,0.0030563000036636367,HOLD,8,inverse kinematics failed,0.0,-0.03635240322413309,0.04810138357930411,0.0,0.03826365810163064,0.04529517978839337,0.08195172416280849,0.9948709233178753,-0.03516058008005948,0.047726672811033224,0.0,0.037995372932325536,0.04491866638769932,0.08133050801172478,0.9949492517270612,-0.015993561268650626,-0.29051218847885507,0.3180001802773714,7.983069627933691e-06,1.2155676889044828e-10,1.5233012024083367e-05,0.999999999852113,-0.0159935612686404,-0.2905121884788474,0.318000180277372,7.983069640627464e-06,1.215567693239809e-10,1.5233012048309602e-05,0.999999999852113,3.045930971406414e-05,-3.796456950408257e-05,5.1443923550097525e-05,0.0026999999451782406,-2.4867942762321925e-06,0.0026999999451782406,3.0459309762493312e-05,-3.79645695641021e-05,5.144392363108229e-05,0.002699999949746721,-2.486794280654547e-06,0.002699999949746721,4.842917456083599e-12,-6.001952787061968e-12,8.098476818087312e-12,4.5684804033816284e-10,-4.422354525923065e-13,4.5684804033816284e-10,0.5,True,False,True,1.2787947070716916e-14,5.470072514519823e-14
3.0699999999999785,1786130337.1908634,0.0030795999919064343,HOLD,8,inverse kinematics failed,0.0,-0.03665490053398057,0.04818618391450031,0.0,0.03832423994314002,0.04538051739579972,0.08209225801888898,0.9948531160161436,-0.03546074721457916,0.047818969191496544,0.0,0.038061440713737085,0.0450114493895527,0.08148353939138567,0.9949300120927598,-0.0159935612686404,-0.2905121884788474,0.318000180277372,7.983069640627464e-06,1.215567693239809e-10,1.5233012048309602e-05,0.999999999852113,-0.015993561268631024,-0.29051218847884047,0.31800018027737254,7.983069652263422e-06,1.2155676975752537e-10,1.5233012070516988e-05,0.999999999852113,3.0459309762493312e-05,-3.79645695641021e-05,5.144392363108229e-05,0.002699999949746721,-2.486794280654547e-06,0.002699999949746721,3.0459309806886722e-05,-3.796456961912e-05,5.1443923705318325e-05,0.002699999953934495,-2.486794284708372e-06,0.002699999953934495,4.439341001409974e-12,-5.501790054806814e-12,7.423603749913383e-12,4.187773703099834e-10,-4.053824982096151e-13,4.187773703099834e-10,0.5,True,False,True,1.1679113375267613e-14,5.01423377197134e-14
3.0799999999999783,1786130337.1942174,0.003174500001478009,HOLD,8,inverse kinematics failed,0.0,-0.0369579246855045,0.048269081941663516,0.0,0.038383438345395454,0.04546395797295896,0.08222962454919053,0.994835679412795,-0.03576148832907885,0.04790937777344367,0.0,0.038126128222249374,0.045102355217678046,0.08163342322205794,0.9949111317668767,-0.015993561268631024,-0.29051218847884047,0.31800018027737254,7.983069652263422e-06,1.2155676975752537e-10,1.5233012070516988e-05,0.999999999852113,-0.015993561268622423,-0.2905121884788341,0.3180001802773731,7.983069662929716e-06,1.215567698658212e-10,1.5233012090873756e-05,0.999999999852113,3.0459309806886722e-05,-3.796456961912e-05,5.1443923705318325e-05,0.002699999953934495,-2.486794284708372e-06,0.002699999953934495,3.0459309847580682e-05,-3.796456966955307e-05,5.1443923773368023e-05,0.0026999999577732876,-2.4867942884243784e-06,0.0026999999577732876,4.069395917959151e-12,-5.043307550239589e-12,6.804970104087281e-12,3.838792561174855e-10,-3.7160062335881455e-13,3.838792561174855e-10,0.5,True,False,True,1.0725384920149363e-14,4.596380544949815e-14
3.089999999999978,1786130337.1974087,0.0033949000062420964,HOLD,8,inverse kinematics failed,0.0,-0.03726146371583022,0.04835007438812158,0.0,0.03844125263000591,0.04554549703850221,0.08236381932975377,0.994818616161342,-0.036062791550719224,0.04799789498779383,0.0,0.03818943469520634,0.045191378995717846,0.08178015466394696,0.9948926136248409,-0.015993561268622423,-0.2905121884788341,0.3180001802773731,7.983069662929716e-06,1.215567698658212e-10,1.5233012090873756e-05,0.999999999852113,-0.015993561268614537,-0.2905121884788282,0.31800018027737353,7.983069672707158e-06,1.2155677029938722e-10,1.5233012109534129e-05,0.999999999852113,3.0459309847580682e-05,-3.796456966955307e-05,5.1443923773368023e-05,0.0026999999577732876,-2.4867942884243784e-06,0.0026999999577732876,3.0459309884883478e-05,-3.796456971578339e-05,5.144392383574692e-05,0.0026999999612921806,-2.4867942918307176e-06,0.0026999999612921806,3.7302795914625626e-12,-4.623031921052965e-12,6.2378892620800194e-12,3.518893181076957e-10,-3.406339047455807e-13,3.518893181076957e-10,0.5,True,False,True,9.849398158253261e-15,4.213349693707142e-14
3.099999999999978,1786130337.2004464,0.0031427999929292127,HOLD,8,inverse kinematics failed,0.0,-0.03756550564175659,0.04842915805643139,0.0,0.03849768213840932,0.04562513021223635,0.08249483804127304,0.9948019288580169,-0.036364644984471325,0.0480845173401328,0.0,0.038251359390943464,0.04527851594712931,0.08192372898202714,0.9948744604863722,-0.015993561268614537,-0.2905121884788282,0.31800018027737353,7.983069672707158e-06,1.2155677029938722e-10,1.5233012109534129e-05,0.999999999852113,-0.01599356126860732,-0.2905121884788228,0.318000180277374,7.983069681669809e-06,1.215567706245432e-10,1.5233012126639468e-05,0.999999999852113,3.0459309884883478e-05,-3.796456971578339e-05,5.144392383574692e-05,0.0026999999612921806,-2.4867942918307176e-06,0.0026999999612921806,3.0459309919077707e-05,-3.796456975816118e-05,5.144392389292757e-05,0.0026999999645178326,-2.486794294953195e-06,0.0026999999645178326,3.419422958840689e-12,-4.237779260965226e-12,5.718065156906696e-12,3.2256520826538837e-10,-3.1224774601678287e-13,3.2256520826538837e-10,0.5,True,False,True,9.014881068395707e-15,3.8622362863398714e-14
3.1099999999999777,1786130337.203475,0.003033900007721968,HOLD,8,inverse kinematics failed,0.0,-0.03787003846022895,0.048506329824505125,0.0,0.0385527262316041,0.04570285321544763,0.08262267646906198,0.9947856200414072,-0.03666703671358616,0.048169241410850855,0.0,0.03831190158849879,0.045363761395516074,0.08206414154600791,0.9948566751150846,-0.01599356126860732,-0.2905121884788228,0.318000180277374,7.983069681669809e-06,1.215567706245432e-10,1.5233012126639468e-05,0.999999999852113,-0.015993561268600694,-0.2905121884788179,0.3180001802773743,7.983069689885574e-06,1.2155677073286744e-10,1.5233012142319366e-05,0.999999999852113,3.0459309919077707e-05,-3.796456975816118e-05,5.144392389292757e-05,0.0026999999645178326,-2.486794294953195e-06,0.0026999999645178326,3.045930995042242e-05,-3.796456979700749e-05,5.144392394534317e-05,0.0026999999674746805,-2.4867942978154657e-06,0.0026999999674746805,3.134471045603971e-12,-3.884630989218132e-12,5.241559727164481e-12,2.9568477424327323e-10,-2.8622710051538484e-13,2.9568477424327323e-10,0.5,True,False,True,8.272351887234186e-15,3.540384161262568e-14
3.1199999999999775,1786130337.2065234,0.003028399994946085,HOLD,8,inverse kinematics failed,0.0,-0.038175050148813075,0.04858158664573353,0.0,0.038606384289886386,0.04577866187119814,0.08274733050301934,0.9947696921921014,-0.03696995480006517,0.04825206385527776,0.0,0.03837106058732917,0.045447110764952815,0.08220138783029964,0.994839260218099,-0.015993561268600694,-0.2905121884788179,0.3180001802773743,7.983069689885574e-06,1.2155677073286744e-10,1.5233012142319366e-05,0.999999999852113,-0.01599356126859462,-0.2905121884788134,0.31800018027737476,7.983069697416695e-06,1.2155677094961986e-10,1.5233012156692605e-05,0.999999999852113,3.045930995042242e-05,-3.796456979700749e-05,5.144392394534317e-05,0.0026999999674746805,-2.4867942978154657e-06,0.0026999999674746805,3.045930997915507e-05,-3.79645698326166e-05,5.14439239933908e-05,0.0026999999701851243,-2.4867943004392142e-06,0.0026999999701851243,2.873265125136979e-12,-3.5609117401166278e-12,4.804763083234117e-12,2.7104437638966764e-10,-2.6237484213910326e-13,2.7104437638966764e-10,0.5,True,False,True,7.571030445513164e-15,3.2453523076995336e-14
3.1299999999999772,1786130337.2099333,0.0030486000032396987,HOLD,8,inverse kinematics failed,0.0,-0.03848052866616977,0.048654925549106165,0.0,0.03865865571259275,0.045852552104615224,0.0828687961375952,0.9947541477323402,-0.03727338728513155,0.04833298140381482,0.0,0.038428835707031844,0.045528559580302726,0.08233546341397947,0.9948222184456629,-0.01599356126859462,-0.2905121884788134,0.31800018027737476,7.983069697416695e-06,1.2155677094961986e-10,1.5233012156692605e-05,0.999999999852113,-0.01599356126858906,-0.2905121884788092,0.3180001802773751,7.983069704320218e-06,1.2155677124131944e-10,1.5233012169868072e-05,0.999999999852113,3.045930997915507e-05,-3.79645698326166e-05,5.14439239933908e-05,0.0026999999701851243,-2.4867943004392142e-06,0.0026999999701851243,3.0459310005493333e-05,-3.796456986525829e-05,5.144392403743446e-05,0.0026999999726696976,-2.486794302844317e-06,0.0026999999726696976,2.6338263647089024e-12,-3.264169095106915e-12,4.404366159631283e-12,2.484573450238625e-10,-2.4051027196084514e-13,2.484573450238625e-10,0.5,True,False,True,6.952428893595511e-15,2.974905503395789e-14
3.139999999999977,1786130337.213048,0.003417300002183765,HOLD,8,inverse kinematics failed,0.0,-0.03878646195253024,0.0487263436393287,0.0,0.03870953991784864,0.04592451994317356,0.08298706947175695,0.9947389890256777,-0.037577322189702334,0.04841199086206388,0.0,0.03848522628707137,0.045608103467527875,0.0824663639807573,0.9948055523907784,-0.01599356126858906,-0.2905121884788092,0.3180001802773751,7.983069704320218e-06,1.2155677124131944e-10,1.5233012169868072e-05,0.999999999852113,-0.015993561268583964,-0.2905121884788054,0.3180001802773754,7.98306971064845e-06,1.2155677145808577e-10,1.5233012181945583e-05,0.999999999852113,3.0459310005493333e-05,-3.796456986525829e-05,5.144392403743446e-05,0.0026999999726696976,-2.486794302844317e-06,0.0026999999726696976,3.045931002963674e-05,-3.796456989517984e-05,5.144392407780782e-05,0.0026999999749472234,-2.4867943050489946e-06,0.0026999999749472234,2.4143408343164985e-12,-2.992155003848011e-12,4.037335646328684e-12,2.277525662718744e-10,-2.204677492974418e-13,2.277525662718744e-10,0.5,True,False,True,6.384152895150602e-15,2.726996808989254e-14
3.149999999999977,1786130337.2160888,0.0031087999959709123,HOLD,8,inverse kinematics failed,0.0,-0.03909283793017217,0.048795838096937216,0.0,0.03875903634232246,0.045994561516970095,0.0831021467089562,0.994724218376651,-0.03788174751486137,0.0484890891109535,0.0,0.03854023168651208,0.0456857381539924,0.08259408531894175,0.9947892645888387,-0.015993561268583964,-0.2905121884788054,0.3180001802773754,7.98306971064845e-06,1.2155677145808577e-10,1.5233012181945583e-05,0.999999999852113,-0.015993561268579277,-0.29051218847880195,0.3180001802773757,7.98306971644933e-06,1.215567716748582e-10,1.5233012193016634e-05,0.999999999852113,3.045931002963674e-05,-3.796456989517984e-05,5.144392407780782e-05,0.0026999999749472234,-2.4867943050489946e-06,0.0026999999749472234,3.0459310051768196e-05,-3.7964569922607925e-05,5.144392411481673e-05,0.0026999999770349553,-2.486794307069949e-06,0.0026999999770349553,2.213145764790128e-12,-2.7428087535273487e-12,3.7008910091346344e-12,2.087731857492186e-10,-2.020954368559887e-13,2.087731857492186e-10,0.5,True,False,True,5.821712343064907e-15,2.499746988033701e-14
3.1599999999999766,1786130337.2191186,0.003039400005945936,HOLD,8,inverse kinematics failed,0.0,-0.03939964450389655,0.04886340617840952,0.0,0.03880714444098564,0.046062673058991824,0.0832140241570954,0.9947098380304576,-0.038186651242333,0.048564273106862024,0.0,0.03859385128375594,0.04576145946875857,0.08271862332140636,0.9947733575172729,-0.015993561268579277,-0.29051218847880195,0.3180001802773757,7.98306971644933e-06,1.215567716748582e-10,1.5233012193016634e-05,0.999999999852113,-0.015993561268574992,-0.2905121884787988,0.3180001802773759,7.983069721766802e-06,1.2155677178321642e-10,1.5233012203165102e-05,0.999999999852113,3.0459310051768196e-05,-3.7964569922607925e-05,5.144392411481673e-05,0.0026999999770349553,-2.486794307069949e-06,0.0026999999770349553,3.0459310072055367e-05,-3.7964569947750336e-05,5.1443924148741563e-05,0.0026999999789487097,-2.4867943089224906e-06,0.0026999999789487097,2.0287169510576212e-12,-2.5142413574000745e-12,3.392483425040088e-12,1.9137542027011741e-10,-1.8525415045132334e-13,1.9137542027011741e-10,0.5,True,False,True,5.3310680122189455e-15,2.2914353437245404e-14
3.1699999999999764,1786130337.2222054,0.003057599999010563,HOLD,8,inverse kinematics failed,0.0,-0.03970686956150521,0.048929045216273455,0.0,0.03885386368687831,0.046128850905376204,0.08332269822849528,0.9946958501726416,-0.038492021334956564,0.048637539881737725,0.0,0.03864608447628611,0.04583526334287561,0.08283997398555587,0.994757833595199,-0.015993561268574992,-0.2905121884787988,0.3180001802773759,7.983069721766802e-06,1.2155677178321642e-10,1.5233012203165102e-05,0.999999999852113,-0.015993561268571068,-0.29051218847879584,0.31800018027737614,7.983069726641151e-06,1.2155677189157975e-10,1.523301221246786e-05,0.999999999852113,3.0459310072055367e-05,-3.7964569947750336e-05,5.1443924148741563e-05,0.0026999999789487097,-2.4867943089224906e-06,0.0026999999789487097,3.0459310090651938e-05,-3.796456997079755e-05,5.144392417983933e-05,0.0026999999807029843,-2.4867943106206536e-06,0.0026999999807029843,1.8596572051361564e-12,-2.304721244283406e-12,3.10977647295342e-12,1.754274685809413e-10,-1.6981630458038005e-13,1.754274685809413e-10,0.5,True,False,True,4.909434163789378e-15,2.1004817136728492e-14
3.179999999999976,1786130337.2257311,0.003059800001210533,HOLD,8,inverse kinematics failed,0.0,-0.040014500974278916,0.048992752619212196,0.0,0.0388991935708811,0.04619309149566452,0.08342816543986244,0.994682256928788,-0.03879784573716158,0.04870888654321601,0.0,0.03869693068041615,0.04590714580966145,0.08295813341329288,0.994742695183085,-0.015993561268571068,-0.29051218847879584,0.31800018027737614,7.983069726641151e-06,1.2155677189157975e-10,1.523301221246786e-05,0.999999999852113,-0.015993561268567463,-0.2905121884787931,0.3180001802773764,7.983069731109302e-06,1.2155677199994783e-10,1.523301222099539e-05,0.999999999852113,3.0459310090651938e-05,-3.796456997079755e-05,5.144392417983933e-05,0.0026999999807029843,-2.4867943106206536e-06,0.0026999999807029843,3.0459310107698795e-05,-3.796456999192416e-05,5.144392420834561e-05,0.0026999999823110695,-2.4867943121773032e-06,0.0026999999823110695,1.7046857713748134e-12,-2.1126611405931262e-12,2.8506284335406405e-12,1.6080851286586315e-10,-1.5566494586534868e-13,1.6080851286586315e-10,0.5,True,False,True,4.52437300009364e-15,1.925441636323448e-14
3.189999999999976,1786130337.2291932,0.0035903999960282817,HOLD,8,inverse kinematics failed,0.0,-0.04032252659745624,0.049054525872166556,0.0,0.03894313360149274,0.04625539137304783,0.0835304224122576,0.9946690603642261,-0.039104112375443714,0.048778310274733526,0.0,0.03874638933104486,0.04597710300497715,0.08307309781098458,0.9947279445824188,-0.015993561268567463,-0.2905121884787931,0.3180001802773764,7.983069731109302e-06,1.2155677199994783e-10,1.523301222099539e-05,0.999999999852113,-0.01599356126856417,-0.2905121884787907,0.3180001802773766,7.983069735205111e-06,1.2155677221674e-10,1.5233012228812294e-05,0.999999999852113,3.0459310107698795e-05,-3.796456999192416e-05,5.144392420834561e-05,0.0026999999823110695,-2.4867943121773032e-06,0.0026999999823110695,3.0459310123325082e-05,-3.796457001129022e-05,5.1443924234476375e-05,0.0026999999837851478,-2.486794313604232e-06,0.0026999999837851478,1.5626286237602487e-12,-1.936606045543703e-12,2.6130760640789256e-12,1.4740780346037483e-10,-1.4269286704323656e-13,1.4740780346037483e-10,0.5,True,False,True,4.102936046109528e-15,1.7649889460192896e-14
3.1999999999999758,1786130337.232398,0.0033986000053118914,HOLD,8,inverse kinematics failed,0.0,-0.04063093427071302,0.049114362536434295,0.0,0.03898568330461386,0.0463157471846058,0.08362946587106418,0.994656262483741,-0.03941080915884144,0.04884580833563942,0.0,0.03879445988141692,0.0460451311674942,0.08318486348943005,0.9947135840353858,-0.01599356126856417,-0.2905121884787907,0.3180001802773766,7.983069735205111e-06,1.2155677221674e-10,1.5233012228812294e-05,0.999999999852113,-0.01599356126856114,-0.2905121884787884,0.31800018027737675,7.9830697389596e-06,1.2155677232511632e-10,1.5233012235977788e-05,0.999999999852113,3.0459310123325082e-05,-3.796457001129022e-05,5.1443924234476375e-05,0.0026999999837851478,-2.486794313604232e-06,0.0026999999837851478,3.045931013764918e-05,-3.7964570029042446e-05,5.144392425842957e-05,0.002699999985136386,-2.48679431491225e-06,0.002699999985136386,1.4324095717802307e-12,-1.7752222084150643e-12,2.3953197254056866e-12,1.351238198386772e-10,-1.3080179478963376e-13,1.351238198386772e-10,0.5,True,False,True,3.795067516970579e-15,1.6179059081917648e-14
3.2099999999999755,1786130337.235582,0.003206800000043586,HOLD,8,inverse kinematics failed,0.0,-0.04093971181864238,0.04917226024976635,0.0,0.03902684222333664,0.04637415568153814,0.08372529264595752,0.9946438652312938,-0.039717923979413365,0.04891137806130344,0.0,0.03884114180288952,0.046111226638954644,0.08329342686382776,0.9946996157245559,-0.01599356126856114,-0.2905121884787884,0.31800018027737675,7.9830697389596e-06,1.2155677232511632e-10,1.5233012235977788e-05,0.999999999852113,-0.01599356126855837,-0.29051218847878635,0.3180001802773769,7.983069742401215e-06,1.2155677243349627e-10,1.5233012242546156e-05,0.999999999852113,3.045931013764918e-05,-3.7964570029042446e-05,5.144392425842957e-05,0.002699999985136386,-2.48679431491225e-06,0.002699999985136386,3.04593101507796e-05,-3.796457004531532e-05,5.144392428038667e-05,0.002699999986375021,-2.4867943161112664e-06,0.002699999986375021,1.313042107465214e-12,-1.6272870243804788e-12,2.1957097482885504e-12,1.2386350151878767e-10,-1.199016452238312e-13,1.2386350151878767e-10,0.5,True,False,True,3.451309848201808e-15,1.4830801800774844e-14
3.2199999999999753,1786130337.2387424,0.0032170999911613762,HOLD,8,inverse kinematics failed,0.0,-0.04124884705123544,0.04922821672646013,0.0,0.03906660991774086,0.04643061371938893,0.0838178996708747,0.9946318704897502,-0.04002544471271626,0.04897501686322118,0.0,0.03888643458470464,0.04617538586442383,0.08339878445374357,0.9946860417725782,-0.01599356126855837,-0.29051218847878635,0.3180001802773769,7.983069742401215e-06,1.2155677243349627e-10,1.5233012242546156e-05,0.999999999852113,-0.015993561268555823,-0.29051218847878446,0.31800018027737703,7.983069745556027e-06,1.2155677254187955e-10,1.5233012248567162e-05,0.999999999852113,3.04593101507796e-05,-3.796457004531532e-05,5.144392428038667e-05,0.002699999986375021,-2.4867943161112664e-06,0.002699999986375021,3.0459310162815818e-05,-3.796457006023212e-05,5.144392430051401e-05,0.0026999999875104365,-2.486794317210365e-06,0.0026999999875104365,1.2036219318431151e-12,-1.491679772348775e-12,2.012733935931175e-12,1.1354154305888892e-10,-1.099098414551788e-13,1.1354154305888892e-10,0.5,True,False,True,3.171681798947054e-15,1.3594904425157523e-14
3.229999999999975,1786130337.2427156,0.0031221000099321827,HOLD,8,inverse kinematics failed,0.0,-0.04155832776436254,0.04928222975744977,0.0,0.03910498596469594,0.04648511825826357,0.08390728398398489,0.9946202800806181,-0.0403333592182837,0.04903672222911624,0.0,0.03893033773376752,0.04623760539253609,0.08350093288307912,0.9946728642418845,-0.015993561268555823,-0.29051218847878446,0.31800018027737703,7.983069745556027e-06,1.2155677254187955e-10,1.5233012248567162e-05,0.999999999852113,-0.015993561268553485,-0.29051218847878274,0.3180001802773772,7.983069748447936e-06,1.2155677254184605e-10,1.5233012254086415e-05,0.999999999852113,3.0459310162815818e-05,-3.796457006023212e-05,5.144392430051401e-05,0.0026999999875104365,-2.486794317210365e-06,0.0026999999875104365,3.045931017384902e-05,-3.796457007390585e-05,5.144392431896407e-05,0.002699999988551234,-2.4867943182178717e-06,0.002699999988551234,1.1033201041895242e-12,-1.3673731246530464e-12,1.845006107936914e-12,1.0407974780398172e-10,-1.0075068800058077e-13,1.0407974780398172e-10,0.5,True,False,True,2.9081251211118548e-15,1.2461989421192612e-14
3.239999999999975,1786130337.2459538,0.003976499996497296,HOLD,8,inverse kinematics failed,0.0,-0.04186814174025504,0.04933429721039328,0.0,0.03914196995766929,0.04653766636303841,0.08399344272766038,0.9946090957637934,-0.040641655340105394,0.04909649172303937,0.0,0.03897285077443096,0.04629788187573307,0.08359986888004074,0.9946600851344014,-0.015993561268553485,-0.29051218847878274,0.3180001802773772,7.983069748447936e-06,1.2155677254184605e-10,1.5233012254086415e-05,0.999999999852113,-0.01599356126855135,-0.29051218847878113,0.31800018027737736,7.983069751098858e-06,1.2155677265023514e-10,1.5233012259145731e-05,0.999999999852113,3.045931017384902e-05,-3.796457007390585e-05,5.144392431896407e-05,0.002699999988551234,-2.4867943182178717e-06,0.002699999988551234,3.0459310183962785e-05,-3.79645700864401e-05,5.144392433587663e-05,0.0026999999895052987,-2.4867943191414197e-06,0.0026999999895052987,1.0113767621737324e-12,-1.2534253642652951e-12,1.6912555989421746e-12,9.540643548698343e-11,-9.235479733386588e-14,9.540643548698343e-11,0.5,True,False,True,2.6780557419452233e-15,1.1423495760577827e-14
3.2499999999999747,1786130337.2490308,0.003259799996158108,HOLD,8,inverse kinematics failed,0.0,-0.042178276747987666,0.049384417029756766,0.0,0.03917756150654092,0.046588255203563175,0.08407637314844847,0.9945983192373149,-0.040950320907107055,0.049154322985464675,0.0,0.03901397324828583,0.04635621207049483,0.08369558927710896,0.9946477063912704,-0.01599356126855135,-0.29051218847878113,0.31800018027737736,7.983069751098858e-06,1.2155677265023514e-10,1.5233012259145731e-05,0.999999999852113,-0.015993561268549384,-0.2905121884787797,0.3180001802773774,7.983069753528872e-06,1.2155677275862682e-10,1.523301226378344e-05,0.999999999852113,3.0459310183962785e-05,-3.79645700864401e-05,5.144392433587663e-05,0.0026999999895052987,-2.4867943191414197e-06,0.0026999999895052987,3.045931019323374e-05,-3.796457009792983e-05,5.14439243513798e-05,0.002699999990379858,-2.4867943199880054e-06,0.002699999990379858,9.270953653259231e-13,-1.1489732505765228e-12,1.550317632363663e-12,8.745589919640165e-11,-8.465856422271055e-14,8.745589919640165e-11,0.5,True,False,True,2.4404815897850325e-15,1.0471544129126789e-14
3.2599999999999745,1786130337.2520456,0.0030537999991793185,HOLD,8,inverse kinematics failed,0.0,-0.042488720543961356,0.04943258723689559,0.0,0.03921176023742444,0.04663688205485607,0.08415607259704373,0.9945879521371277,-0.041259343733630945,0.049210213733382704,0.0,0.039053704713957624,0.04641259283756374,0.0837880910110085,0.9946357298925775,-0.015993561268549384,-0.2905121884787797,0.3180001802773774,7.983069753528872e-06,1.2155677275862682e-10,1.523301226378344e-05,0.999999999852113,-0.0159935612685476,-0.29051218847877835,0.3180001802773776,7.983069755756382e-06,1.2155677286702121e-10,1.523301226803467e-05,0.999999999852113,3.045931019323374e-05,-3.796457009792983e-05,5.14439243513798e-05,0.002699999990379858,-2.4867943199880054e-06,0.002699999990379858,3.0459310201732113e-05,-3.7964570108462085e-05,5.144392436559105e-05,0.002699999991181537,-2.486794320764042e-06,0.002699999991181537,8.498374182154312e-13,-1.053225479695148e-12,1.4211244963333605e-12,8.016790759670167e-11,-7.760368387081816e-14,8.016790759670167e-11,0.5,True,False,True,2.2322217856582412e-15,9.598907222159015e-15
3.2699999999999743,1786130337.255077,0.0030134999979054555,HOLD,8,inverse kinematics failed,0.0,-0.04279946087238659,0.04947880593013243,0.0,0.03924456579249435,0.04668354429729154,0.0842325385282614,0.994577996036855,-0.04156871161991692,0.0492641617603906,0.0,0.03909204474690918,0.04646702114216098,0.08387737112267887,0.994624157457091,-0.0159935612685476,-0.29051218847877835,0.3180001802773776,7.983069755756382e-06,1.2155677286702121e-10,1.523301226803467e-05,0.999999999852113,-0.015993561268545946,-0.2905121884787771,0.3180001802773777,7.983069757798265e-06,1.2155677297541698e-10,1.5233012271931633e-05,0.999999999852113,3.0459310201732113e-05,-3.7964570108462085e-05,5.144392436559105e-05,0.002699999991181537,-2.486794320764042e-06,0.002699999991181537,3.045931020952229e-05,-3.7964570118116654e-05,5.1443924378618025e-05,0.0026999999919164095,-2.486794321475409e-06,0.0026999999919164095,7.790176333641467e-13,-9.654566897205542e-13,1.3026974549722495e-12,7.348724863031001e-11,-7.113671021491678e-14,7.348724863031001e-11,0.5,True,False,True,2.0931349146797624e-15,8.799001728767789e-15
3.279999999999974,1786130337.2589226,0.0030310000001918525,HOLD,8,inverse kinematics failed,0.0,-0.04311048546576729,0.04952307128483245,0.0,0.03927597782981977,0.046728239416780726,0.08430576850101136,0.9945684524475796,-0.04187841235258409,0.04931616493677917,0.0,0.03912899293924967,0.04651949405419589,0.08396342675724582,0.994612990842007,-0.015993561268545946,-0.2905121884787771,0.3180001802773777,7.983069757798265e-06,1.2155677297541698e-10,1.5233012271931633e-05,0.999999999852113,-0.015993561268544437,-0.29051218847877597,0.3180001802773778,7.983069759669995e-06,1.215567729753953e-10,1.5233012275503848e-05,0.999999999852113,3.045931020952229e-05,-3.7964570118116654e-05,5.1443924378618025e-05,0.0026999999919164095,-2.486794321475409e-06,0.0026999999919164095,3.0459310216663285e-05,-3.796457012696667e-05,5.144392439055942e-05,0.0026999999925900425,-2.486794322127496e-06,0.0026999999925900425,7.140994972504692e-13,-8.850019655771764e-13,1.1941393337245643e-12,6.736331124445097e-11,-6.520865103034052e-14,6.736331124445097e-11,0.5,True,False,True,1.8768681897894763e-15,8.065753845916502e-15
3.289999999999974,1786130337.2621377,0.003859000004013069,HOLD,8,inverse kinematics failed,0.0,-0.04342178204538506,0.04956538155347522,0.0,0.03930599602320477,0.04677096500494467,0.08437576017827297,0.994559322817633,-0.04218843370511299,0.04936622120961699,0.0,0.03916454889954984,0.04657000874846798,0.08404625516399317,0.994602231742706,-0.015993561268544437,-0.29051218847877597,0.3180001802773778,7.983069759669995e-06,1.215567729753953e-10,1.5233012275503848e-05,0.999999999852113,-0.015993561268543066,-0.29051218847877497,0.31800018027737786,7.983069761385743e-06,1.2155677297537539e-10,1.523301227877838e-05,0.999999999852113,3.0459310216663285e-05,-3.796457012696667e-05,5.144392439055942e-05,0.0026999999925900425,-2.486794322127496e-06,0.0026999999925900425,3.0459310223209196e-05,-3.796457013507919e-05,5.1443924401505695e-05,0.0026999999932075395,-2.486794322725242e-06,0.0026999999932075395,6.545912058129314e-13,-8.112518017790799e-13,1.0946277225808528e-12,6.174970197408017e-11,-5.977459677781226e-14,6.174970197408017e-11,0.5,True,False,True,1.696928458542884e-15,7.393604285027497e-15
3.2999999999999736,1786130337.2652383,0.003217899997252971,HOLD,8,inverse kinematics failed,0.0,-0.043733338321783964,0.04960573506572379,0.0,0.03933462006203495,0.0468117187592801,0.08444251132707076,0.9945506085323939,-0.042498763438328264,0.04941432860283141,0.0,0.039198712252663546,0.04661856250486162,0.08412585369633556,0.994591881792515,-0.015993561268543066,-0.29051218847877497,0.31800018027737786,7.983069761385743e-06,1.2155677297537539e-10,1.523301227877838e-05,0.999999999852113,-0.015993561268541796,-0.290512188478774,0.3180001802773779,7.983069762958515e-06,1.2155677308377702e-10,1.5233012281780034e-05,0.999999999852113,3.0459310223209196e-05,-3.796457013507919e-05,5.1443924401505695e-05,0.0026999999932075395,-2.486794322725242e-06,0.0026999999932075395,3.0459310229209615e-05,-3.796457014251566e-05,5.144392441153978e-05,0.0026999999937735784,-2.4867943232731757e-06,0.0026999999937735784,6.00041938661855e-13,-7.43647484964158e-13,1.003408745699117e-12,5.6603893476240263e-11,-5.4793380379661345e-14,5.6603893476240263e-11,0.5,True,False,True,1.5830565978148984e-15,6.777475112574961e-15
3.3099999999999734,1786130337.2683723,0.003093599996645935,HOLD,8,inverse kinematics failed,0.0,-0.04404514199525568,0.04964413022849059,0.0,0.03936184965113069,0.04685049848331787,0.08450601981845093,0.9945423109140958,-0.042809389300881844,0.04946048521728655,0.0,0.039231482639555657,0.04666515270853348,0.08420221981179189,0.9945819425624811,-0.015993561268541796,-0.290512188478774,0.3180001802773779,7.983069762958515e-06,1.2155677308377702e-10,1.5233012281780034e-05,0.999999999852113,-0.015993561268540634,-0.29051218847877314,0.31800018027737803,7.983069764400221e-06,1.2155677308376032e-10,1.5233012284531548e-05,0.999999999852113,3.0459310229209615e-05,-3.796457014251566e-05,5.144392441153978e-05,0.0026999999937735784,-2.4867943232731757e-06,0.0026999999937735784,3.045931023471e-05,-3.796457014933243e-05,5.1443924420737693e-05,0.0026999999942924477,-2.4867943237754484e-06,0.0026999999942924477,5.500384437733681e-13,-6.816768612171462e-13,9.197913502241922e-13,5.188690235322034e-11,-5.0227265348022994e-14,5.188690235322034e-11,0.5,True,False,True,1.466985397650723e-15,6.2126785492046595e-15
3.319999999999973,1786130337.2715025,0.0031352000078186393,HOLD,8,inverse kinematics failed,0.0,-0.044357180756325075,0.04968056552600033,0.0,0.03938768451060715,0.04688730208677424,0.08456628362745905,0.9945344312216429,-0.04312029902973666,0.04950468923085829,0.0,0.03926285971713643,0.046709776850092644,0.08427535107195959,0.9945724155611521,-0.015993561268540634,-0.29051218847877314,0.31800018027737803,7.983069764400221e-06,1.2155677308376032e-10,1.5233012284531548e-05,0.999999999852113,-0.015993561268539565,-0.2905121884787723,0.3180001802773781,7.983069765721782e-06,1.2155677308374502e-10,1.523301228705377e-05,0.999999999852113,3.045931023471e-05,-3.796457014933243e-05,5.1443924420737693e-05,0.0026999999942924477,-2.4867943237754484e-06,0.0026999999942924477,3.0459310239752017e-05,-3.796457015558113e-05,5.1443924429169114e-05,0.0026999999947680776,-2.486794324235865e-06,0.0026999999947680776,5.042019067922551e-13,-6.248704561157186e-13,8.431420710388445e-13,4.75629938237854e-11,-4.60416599023545e-14,4.75629938237854e-11,0.5,True,False,True,1.3558392721549324e-15,5.694954597648912e-15
3.329999999999973,1786130337.2750883,0.0031617999920854345,HOLD,8,inverse kinematics failed,0.0,-0.04466944228623616,0.04971503951984985,0.0,0.039412124375740515,0.0469221275856946,0.08462330083311823,0.9945269706504348,-0.04343148035065074,0.049546938898506185,0.0,0.03929284315810224,0.046752432525773414,0.08434524514248966,0.9945633022343672,-0.015993561268539565,-0.2905121884787723,0.3180001802773781,7.983069765721782e-06,1.2155677308374502e-10,1.523301228705377e-05,0.999999999852113,-0.01599356126853858,-0.29051218847877164,0.31800018027737814,7.983069766933216e-06,1.2155677319215078e-10,1.5233012289365807e-05,0.999999999852113,3.0459310239752017e-05,-3.796457015558113e-05,5.1443924429169114e-05,0.0026999999947680776,-2.486794324235865e-06,0.0026999999947680776,3.045931024437387e-05,-3.7964570161309114e-05,5.1443924436897917e-05,0.0026999999952040717,-2.4867943246579136e-06,0.0026999999952040717,4.621850812262347e-13,-5.727979181060765e-13,7.728802317856089e-13,4.35994110051367e-11,-4.2204854910491704e-14,4.35994110051367e-11,0.5,True,False,True,1.1906624341363275e-15,5.220378399465102e-15
3.3399999999999728,1786130337.278413,0.003570100001525134,HOLD,8,inverse kinematics failed,0.0,-0.04498191425743841,0.049747550849064924,0.0,0.03943516899684119,0.04695497310258993,0.08467706961840853,0.9945199303322005,-0.043742920978661795,0.04958723255234235,0.0,0.03932143265078281,0.04679311743760075,0.0844118997930625,0.9945546039650548,-0.01599356126853858,-0.29051218847877164,0.31800018027737814,7.983069766933216e-06,1.2155677319215078e-10,1.5233012289365807e-05,0.999999999852113,-0.0159935612685377,-0.2905121884787709,0.3180001802773782,7.983069768043694e-06,1.215567731921379e-10,1.5233012291485173e-05,0.999999999852113,3.045931024437387e-05,-3.7964570161309114e-05,5.1443924436897917e-05,0.0026999999952040717,-2.4867943246579136e-06,0.0026999999952040717,3.0459310248610566e-05,-3.796457016655976e-05,5.144392444398265e-05,0.002699999995603733,-2.4867943250447912e-06,0.002699999995603733,4.2366965779071593e-13,-5.250647582639045e-13,7.084735458034762e-13,3.996612675470872e-11,-3.8687783667950805e-14,3.996612675470872e-11,0.5,True,False,True,1.1403666281941397e-15,4.7853427886276306e-15
3.3499999999999726,1786130337.2817736,0.0033125000045401976,HOLD,8,inverse kinematics failed,0.0,-0.04529458433407343,0.04977809823015392,0.0,0.03945681813913358,0.046985836866565996,0.08472758827024753,0.9945133113348416,-0.04405460861857222,0.04962556860169727,0.0,0.039348627898995056,0.04683182939354849,0.08447531289736479,0.9945463220730407,-0.0159935612685377,-0.2905121884787709,0.3180001802773782,7.983069768043694e-06,1.215567731921379e-10,1.5233012291485173e-05,0.999999999852113,-0.01599356126853688,-0.29051218847877036,0.3180001802773782,7.983069769061637e-06,1.2155677319212612e-10,1.5233012293427928e-05,0.999999999852113,3.0459310248610566e-05,-3.796457016655976e-05,5.144392444398265e-05,0.002699999995603733,-2.4867943250447912e-06,0.002699999995603733,3.0459310252494205e-05,-3.7964570171372855e-05,5.144392445047699e-05,0.002699999995970089,-2.486794325399429e-06,0.002699999995970089,3.883638529748237e-13,-4.813093617419133e-13,6.494340836531878e-13,3.66356161918164e-11,-3.546380169562164e-14,3.66356161918164e-11,0.5,True,False,True,9.892244460905494e-16,4.386571488432197e-15
3.3599999999999723,1786130337.2851112,0.0033570999949006364,HOLD,8,inverse kinematics failed,0.0,-0.045607440172461974,0.04980668045715855,0.0,0.03947707158264247,0.04701471721344503,0.08477485517947135,0.9945071146622826,-0.044366530965434504,0.04966194553318264,0.0,0.03937442862190336,0.04686856630769014,0.08453548243306708,0.9945384578148645,-0.01599356126853688,-0.29051218847877036,0.3180001802773782,7.983069769061637e-06,1.2155677319212612e-10,1.5233012293427928e-05,0.999999999852113,-0.015993561268536127,-0.29051218847876975,0.3180001802773783,7.983069769994748e-06,1.2155677319211532e-10,1.5233012295208786e-05,0.999999999852113,3.0459310252494205e-05,-3.7964570171372855e-05,5.144392445047699e-05,0.002699999995970089,-2.486794325399429e-06,0.002699999995970089,3.0459310256054207e-05,-3.796457017578486e-05,5.144392445643014e-05,0.0026999999963059156,-2.486794325724514e-06,0.0026999999963059156,3.560001985602557e-13,-4.412002482634214e-13,5.9531457668209e-13,3.358264817583176e-11,-3.250848488765323e-14,3.358264817583176e-11,0.5,True,False,True,9.757044678450352e-16,4.021021160492473e-15
3.369999999999972,1786130337.2885294,0.0033438000100431964,HOLD,8,inverse kinematics failed,0.0,-0.045920469421591247,0.04983329640170142,0.0,0.03949592912208636,0.04704161258588018,0.08481886884081735,0.9945013412543331,-0.04467867570503698,0.04969636191075106,0.0,0.03939883455388657,0.04690332620034234,0.0845924064818024,0.9945310123836046,-0.015993561268536127,-0.29051218847876975,0.3180001802773783,7.983069769994748e-06,1.2155677319211532e-10,1.5233012295208786e-05,0.999999999852113,-0.015993561268535437,-0.29051218847876925,0.3180001802773783,7.9830697708501e-06,1.2155677330052522e-10,1.5233012296841239e-05,0.999999999852113,3.0459310256054207e-05,-3.796457017578486e-05,5.144392445643014e-05,0.0026999999963059156,-2.486794325724514e-06,0.0026999999963059156,3.0459310259317543e-05,-3.79645701798292e-05,5.1443924461887184e-05,0.0026999999966137566,-2.4867943260225082e-06,0.0026999999966137566,3.263335153469017e-13,-4.0443356090813707e-13,5.457050286252502e-13,3.0784094161179174e-11,-2.9799444480348855e-14,3.0784094161179174e-11,0.5,True,False,True,8.522207572516519e-16,3.685933747393965e-15
3.379999999999972,1786130337.2917855,0.0034324000007472932,HOLD,8,inverse kinematics failed,0.0,-0.04623365972360248,0.04985794501303063,0.0,0.03951339056677736,0.047066521533462524,0.08485962785290731,0.9944959919865558,-0.04499103051439004,0.04972881637575272,0.0,0.039421845444411546,0.04693610719820108,0.08464608322914578,0.9945239869087122,-0.015993561268535437,-0.29051218847876925,0.3180001802773783,7.9830697708501e-06,1.2155677330052522e-10,1.5233012296841239e-05,0.999999999852113,-0.015993561268534802,-0.2905121884787688,0.31800018027737836,7.983069771634174e-06,1.2155677330051615e-10,1.5233012298337656e-05,0.999999999852113,3.0459310259317543e-05,-3.79645701798292e-05,5.1443924461887184e-05,0.0026999999966137566,-2.4867943260225082e-06,0.0026999999966137566,3.0459310262308935e-05,-3.7964570183536505e-05,5.144392446688948e-05,0.002699999996895944,-2.48679432629567e-06,0.002699999996895944,2.9913905573466046e-13,-3.7073076416579303e-13,5.00229609573147e-13,2.8218752981080965e-11,-2.7316157440319837e-14,2.8218752981080965e-11,0.5,True,False,True,7.767920498039828e-16,3.3787799805064633e-15
3.3899999999999717,1786130337.2949364,0.003241399987018667,HOLD,8,inverse kinematics failed,0.0,-0.04654699871427883,0.0498806253180612,0.0,0.039529455740527956,0.04708944271282072,0.08489713091823195,0.9944910676701457,-0.04530358306221256,0.04975930764698907,0.0,0.039443461057913416,0.04696690753447047,0.08469651096459486,0.9945173824558552,-0.015993561268534802,-0.2905121884787688,0.31800018027737836,7.983069771634174e-06,1.2155677330051615e-10,1.5233012298337656e-05,0.999999999852113,-0.015993561268534216,-0.29051218847876836,0.31800018027737836,7.983069772352907e-06,1.215567733005078e-10,1.5233012299709368e-05,0.999999999852113,3.0459310262308935e-05,-3.7964570183536505e-05,5.144392446688948e-05,0.002699999996895944,-2.48679432629567e-06,0.002699999996895944,3.045931026505104e-05,-3.796457018693487e-05,5.144392447147492e-05,0.002699999997154616,-2.486794326546068e-06,0.002699999997154616,2.7421080109010597e-13,-3.3983653381864426e-13,4.585438087753856e-13,2.58671902326576e-11,-2.5039810986959898e-14,2.58671902326576e-11,0.5,True,False,True,7.355309364265564e-16,3.0972061329610596e-15
3.3999999999999715,1786130337.298041,0.003152700010105036,HOLD,8,inverse kinematics failed,0.0,-0.04686047402353344,0.04990133642141353,0.0,0.039544124481564656,0.04711037488771341,0.08493137684313672,0.9944865690518172,-0.0456163210094188,0.04978783452076334,0.0,0.03946368117368246,0.04699572554898417,0.08474368808155128,0.9945112000267686,-0.015993561268534216,-0.29051218847876836,0.31800018027737836,7.983069772352907e-06,1.215567733005078e-10,1.5233012299709368e-05,0.999999999852113,-0.015993561268533688,-0.290512188478768,0.3180001802773784,7.983069773011744e-06,1.2155677330050017e-10,1.5233012300966772e-05,0.999999999852113,3.045931026505104e-05,-3.796457018693487e-05,5.144392447147492e-05,0.002699999997154616,-2.486794326546068e-06,0.002699999997154616,3.045931026756464e-05,-3.796457019005004e-05,5.1443924475678236e-05,0.002699999997391732,-2.4867943267755997e-06,0.002699999997391732,2.5135990099926426e-13,-3.1151682266709117e-13,4.2033182471077096e-13,2.3711591046602847e-11,-2.295316007137995e-14,2.3711591046602847e-11,0.5,True,False,True,6.574029810705878e-16,2.83910570496945e-15
3.4099999999999713,1786130337.301251,0.003156399994622916,HOLD,8,inverse kinematics failed,0.0,-0.04717407327589787,0.049920077505448704,0.0,0.03955739664244829,0.04712931692911399,0.08496236453780807,0.9944824968137005,-0.04592923200960547,0.04981439587092809,0.0,0.039482505585757804,0.04702255968831956,0.08478761307730326,0.9945054405591166,-0.015993561268533688,-0.290512188478768,0.3180001802773784,7.983069773011744e-06,1.2155677330050017e-10,1.5233012300966772e-05,0.999999999852113,-0.015993561268533206,-0.2905121884787676,0.3180001802773785,7.983069773615682e-06,1.215567733004932e-10,1.5233012302119392e-05,0.999999999852113,3.045931026756464e-05,-3.796457019005004e-05,5.1443924475678236e-05,0.002699999997391732,-2.4867943267755997e-06,0.002699999997391732,3.0459310269868772e-05,-3.796457019290561e-05,5.144392447953128e-05,0.002699999997609088,-2.4867943269860035e-06,0.002699999997609088,2.3041324258265936e-13,-2.8555708744483414e-13,3.853041726515408e-13,2.1735625126052653e-11,-2.104039673209833e-14,2.1735625126052653e-11,0.5,True,False,True,6.218058164715815e-16,2.602517839282609e-15
3.419999999999971,1786130337.3045602,0.003151700002490543,HOLD,8,inverse kinematics failed,0.0,-0.047487784091010614,0.049936847830300835,0.0,0.0395692720900014,0.0471462678152883,0.08499009301626165,0.9944788515732468,-0.04624230370953919,0.049838990648929646,0.0,0.03949993410282782,0.047047408505904435,0.0848282845530092,0.9945001049263618,-0.015993561268533206,-0.2905121884787676,0.3180001802773785,7.983069773615682e-06,1.215567733004932e-10,1.5233012302119392e-05,0.999999999852113,-0.015993561268532762,-0.29051218847876725,0.3180001802773785,7.983069774169291e-06,1.2155677330048676e-10,1.5233012303175961e-05,0.999999999852113,3.0459310269868772e-05,-3.796457019290561e-05,5.144392447953128e-05,0.002699999997609088,-2.4867943269860035e-06,0.002699999997609088,3.0459310271980893e-05,-3.796457019552322e-05,5.144392448306324e-05,0.0026999999978083314,-2.486794327178874e-06,0.0026999999978083314,2.1121213903410483e-13,-2.6176066349109845e-13,3.531954915972464e-13,1.992432303221497e-11,-1.928703033775684e-14,1.992432303221497e-11,0.5,True,False,True,5.551115123125783e-16,2.3856403163363357e-15
3.429999999999971,1786130337.3077347,0.0033165000058943406,HOLD,8,inverse kinematics failed,0.0,-0.047801594084105836,0.0499516467339062,0.0,0.03957975070524227,0.047161226631864735,0.08501456139633083,0.9944756338831428,-0.04655552374964418,0.04986161788384949,0.0,0.03951596654813729,0.04707027066211643,0.08486570121368228,0.9944951939376439,-0.015993561268532762,-0.29051218847876725,0.3180001802773785,7.983069774169291e-06,1.2155677330048676e-10,1.5233012303175961e-05,0.999999999852113,-0.015993561268532356,-0.290512188478767,0.31800018027737853,7.983069774676762e-06,1.2155677340890072e-10,1.5233012304144482e-05,0.999999999852113,3.0459310271980893e-05,-3.796457019552322e-05,5.144392448306324e-05,0.0026999999978083314,-2.486794327178874e-06,0.0026999999978083314,3.0459310273917003e-05,-3.7964570197922696e-05,5.144392448630086e-05,0.002699999997990971,-2.4867943273556716e-06,0.002699999997990971,1.9361112744792981e-13,-2.3994727486684073e-13,3.237625339641432e-13,1.8263962779530424e-11,-1.767977780961047e-14,1.8263962779530424e-11,0.5,True,False,True,4.948676888734902e-16,2.1868334292950895e-15
3.4399999999999706,1786130337.310843,0.003166599999531172,HOLD,8,inverse kinematics failed,0.0,-0.048115490866502346,0.04996447363202943,0.0,0.03958883238332601,0.04717419257189701,0.08503576889965693,0.9944728442312333,-0.046868879764490196,0.04988227668244258,0.0,0.039530602759401345,0.047091144924375,0.08489986186817612,0.994490708337667,-0.015993561268532356,-0.290512188478767,0.31800018027737853,7.983069774676762e-06,1.2155677340890072e-10,1.5233012304144482e-05,0.999999999852113,-0.01599356126853197,-0.2905121884787667,0.31800018027737853,7.983069775141947e-06,1.2155677340889532e-10,1.5233012305032295e-05,0.999999999852113,3.0459310273917003e-05,-3.7964570197922696e-05,5.144392448630086e-05,0.002699999997990971,-2.4867943273556716e-06,0.002699999997990971,3.045931027569177e-05,-3.796457020012221e-05,5.144392448926868e-05,0.0026999999981583904,-2.486794327517736e-06,0.0026999999981583904,1.7747686682726933e-13,-2.1995166862793776e-13,2.9678232280046516e-13,1.6741965881236254e-11,-1.6206462992142962e-14,1.6741965881236254e-11,0.5,True,False,True,4.747060570031301e-16,2.0046032083209657e-15
3.4499999999999704,1786130337.3139734,0.0031081999914022163,HOLD,8,inverse kinematics failed,0.0,-0.048429462046092664,0.04997532801828655,0.0,0.03959651703349246,0.04718516493591966,0.0850537148516804,0.9944704830404548,-0.04718235938328069,0.049900966229172616,0.0,0.039543842588726286,0.04711003016722616,0.08493076542917162,0.9944866488065972,-0.01599356126853197,-0.2905121884787667,0.31800018027737853,7.983069775141947e-06,1.2155677340889532e-10,1.5233012305032295e-05,0.999999999852113,-0.015993561268531624,-0.2905121884787664,0.31800018027737853,7.98306977556837e-06,1.2155677340889038e-10,1.523301230584612e-05,0.999999999852113,3.045931027569177e-05,-3.796457020012221e-05,5.144392448926868e-05,0.0026999999981583904,-2.486794327517736e-06,0.0026999999981583904,3.0459310277318643e-05,-3.796457020213843e-05,5.144392449198919e-05,0.0026999999983118583,-2.4867943276662955e-06,0.0026999999983118583,1.626871279249972e-13,-2.0162236290894333e-13,2.7205046256709357e-13,1.534680205779993e-11,-1.485592440946441e-14,1.534680205779993e-11,0.5,True,False,True,4.443059973708341e-16,1.83755064300859e-15
3.45999999999997,1786130337.3170524,0.0031294000073103234,HOLD,8,inverse kinematics failed,0.0,-0.048743495227832195,0.04998420946416498,0.0,0.03960280457902106,0.047194143131995964,0.08506839868163303,0.9944685506687757,-0.04749595023034122,0.04991768578624423,0.0,0.03955568590253721,0.04712692537241966,0.08495841091316476,0.994483015959967,-0.015993561268531624,-0.2905121884787664,0.31800018027737853,7.98306977556837e-06,1.2155677340889038e-10,1.523301230584612e-05,0.999999999852113,-0.015993561268531308,-0.2905121884787662,0.3180001802773786,7.983069775959251e-06,1.2155677340888586e-10,1.5233012306592128e-05,0.999999999852113,3.0459310277318643e-05,-3.796457020213843e-05,5.144392449198919e-05,0.0026999999983118583,-2.4867943276662955e-06,0.0026999999983118583,3.0459310278809943e-05,-3.796457020398664e-05,5.1443924494482984e-05,0.0026999999984525375,-2.4867943278024747e-06,0.0026999999984525375,1.4912986726458104e-13,-1.8482049933319842e-13,2.4937959068650294e-13,1.406790188631663e-11,-1.3617930708675736e-14,1.406790188631663e-11,0.5,True,False,True,3.8995410777619037e-16,1.6844175985928687e-15
3.46999999999997,1786130337.3207328,0.0030841999978292733,HOLD,8,inverse kinematics failed,0.0,-0.04905757801422865,0.04999111761904043,0.0,0.03960769495719261,0.047201126675758674,0.08507981992253165,0.994467047409147,-0.04780963992560799,0.0499324346936321,0.0,0.039566132581512495,0.04714182962897902,0.08498279744045574,0.9944798103485908,-0.015993561268531308,-0.2905121884787662,0.3180001802773786,7.983069775959251e-06,1.2155677340888586e-10,1.5233012306592128e-05,0.999999999852113,-0.015993561268531027,-0.290512188478766,0.31800018027737853,7.983069776317561e-06,1.215567734088817e-10,1.5233012307275968e-05,0.999999999852113,3.0459310278809943e-05,-3.796457020398664e-05,5.1443924494482984e-05,0.0026999999984525375,-2.4867943278024747e-06,0.0026999999984525375,3.0459310280176966e-05,-3.7964570205680827e-05,5.144392449676896e-05,0.0026999999985814933,-2.4867943279273058e-06,0.0026999999985814933,1.3670237832586622e-13,-1.694187910554322e-13,2.285979581292948e-13,1.2895576729123602e-11,-1.248310314961945e-14,1.2895576729123602e-11,0.5,True,False,True,3.6243683486831457e-16,1.544051287956739e-15
3.47999999999997,1786130337.324267,0.0037505999935092404,HOLD,8,inverse kinematics failed,0.0,-0.04937169800583142,0.049996052210190794,0.0,0.03961118811925793,0.047206115190443196,0.08508797821117255,0.9944659734894615,-0.04812341608511663,0.049945212369107005,0.0,0.039575182520525116,0.04715474213326398,0.08500392423513896,0.9944770324584874,-0.015993561268531027,-0.290512188478766,0.31800018027737853,7.983069776317561e-06,1.215567734088817e-10,1.5233012307275968e-05,0.999999999852113,-0.01599356126853076,-0.2905121884787658,0.3180001802773786,7.983069776646014e-06,1.215567734088779e-10,1.5233012307902823e-05,0.999999999852113,3.0459310280176966e-05,-3.7964570205680827e-05,5.144392449676896e-05,0.0026999999985814933,-2.4867943279273058e-06,0.0026999999985814933,3.045931028143007e-05,-3.796457020723383e-05,5.144392449886444e-05,0.0026999999986997026,-2.4867943280417344e-06,0.0026999999986997026,1.2531051346537762e-13,-1.5530055846747982e-13,2.0954812828518731e-13,1.1820945335029991e-11,-1.144284455381785e-14,1.1820945335029991e-11,0.5,True,False,True,3.1966016425556574e-16,1.4153845277796931e-15
3.4899999999999696,1786130337.3275197,0.0035152000054949895,HOLD,8,inverse kinematics failed,0.0,-0.04968584280172109,0.04999901304280685,0.0,0.03961328403041363,0.0472091084069135,0.08509287328812756,0.9944653290725227,-0.0484372663214911,0.0499560183082588,0.0,0.03958283562859094,0.047165662189025716,0.08502179062509437,0.9944746827108136,-0.01599356126853076,-0.2905121884787658,0.3180001802773786,7.983069776646014e-06,1.215567734088779e-10,1.5233012307902823e-05,0.999999999852113,-0.01599356126853052,-0.2905121884787656,0.31800018027737864,7.983069776947093e-06,1.215567734088744e-10,1.5233012308477438e-05,0.999999999852113,3.045931028143007e-05,-3.796457020723383e-05,5.144392449886444e-05,0.0026999999986997026,-2.4867943280417344e-06,0.0026999999986997026,3.045931028257875e-05,-3.796457020865742e-05,5.14439245007853e-05,0.0026999999988080612,-2.486794328146627e-06,0.0026999999988080612,1.1486797067659637e-13,-1.4235884526185677e-13,1.9208578426142209e-13,1.0835866557110847e-11,-1.048927417433305e-14,1.0835866557110847e-11,0.5,True,False,True,3.312004640621832e-16,1.2974307433366838e-15
3.4999999999999694,1786130337.3307552,0.003211100003682077,HOLD,8,inverse kinematics failed,0.0,-0.04999999999999903,0.05,0.0,0.039613982669784595,0.047210106163680564,0.0850945049977409,0.9944651142560212,-0.04875117824443269,0.049964852084516335,0.0,0.03958909182882384,0.04717458920745464,0.08503639604197986,0.9944727614618052,-0.01599356126853052,-0.2905121884787656,0.31800018027737864,7.983069776947093e-06,1.215567734088744e-10,1.5233012308477438e-05,0.999999999852113,-0.01599356126853029,-0.2905121884787654,0.31800018027737864,7.98306977722308e-06,1.215567734088712e-10,1.523301230900417e-05,0.999999999852113,3.045931028257875e-05,-3.796457020865742e-05,5.14439245007853e-05,0.0026999999988080612,-2.486794328146627e-06,0.0026999999988080612,3.0459310283631705e-05,-3.796457020996238e-05,5.144392450254609e-05,0.00269999999890739,-2.486794328242779e-06,0.00269999999890739,1.0529563978688022e-13,-1.304956081567023e-13,1.760786355729706e-13,9.932877677351629e-12,-9.615167993138647e-15,9.932877677351629e-12,0.5,True,False,True,2.8313748239171495e-16,1.189309406095434e-15
3.509999999999969,1786130337.3340592,0.0032340999896405265,HOLD,8,inverse kinematics failed,0.0,-0.05031415719827697,0.049999013042806864,0.0,0.039613284030413635,0.04720910840691351,0.08509287328812758,0.9944653290725227,-0.049065139461209224,0.04997171334916428,0.0,0.03959395105839776,0.047181522707220765,0.08504774002122494,0.9944712690027276,-0.01599356126853029,-0.2905121884787654,0.31800018027737864,7.98306977722308e-06,1.215567734088712e-10,1.523301230900417e-05,0.999999999852113,-0.015993561268530094,-0.29051218847876525,0.3180001802773787,7.983069777476074e-06,1.2155677340886825e-10,1.5233012309487007e-05,0.999999999852113,3.0459310283631705e-05,-3.796457020996238e-05,5.144392450254609e-05,0.00269999999890739,-2.486794328242779e-06,0.00269999999890739,3.0459310284596916e-05,-3.796457021115859e-05,5.144392450416014e-05,0.0026999999989984415,-2.486794328330918e-06,0.0026999999989984415,9.652100313797372e-14,-1.19620974143644e-13,1.6140541594189001e-13,9.105137870905677e-12,-8.813903993710444e-15,9.105137870905677e-12,0.5,True,False,True,2.6443013074044547e-16,1.090207019119909e-15
3.519999999999969,1786130337.3375285,0.0033030000049620867,HOLD,8,inverse kinematics failed,0.0,-0.05062830199416666,0.04999605221019082,0.0,0.039611188119257956,0.047206115190443224,0.0850879782111726,0.9944659734894615,-0.04937913757714427,0.04997660183135691,0.0,0.039597413268515694,0.047186462314506766,0.08505582220202525,0.9944702055598355,-0.015993561268530094,-0.29051218847876525,0.3180001802773787,7.983069777476074e-06,1.2155677340886825e-10,1.5233012309487007e-05,0.999999999852113,-0.01599356126852991,-0.29051218847876514,0.31800018027737864,7.98306977770798e-06,1.2155677351728542e-10,1.5233012309929607e-05,0.999999999852113,3.0459310284596916e-05,-3.796457021115859e-05,5.144392450416014e-05,0.0026999999989984415,-2.486794328330918e-06,0.0026999999989984415,3.0459310285481693e-05,-3.796457021225512e-05,5.144392450563969e-05,0.002699999999081905,-2.486794328411712e-06,0.002699999999081905,8.847758620980942e-14,-1.0965255963167389e-13,1.4795496461339946e-13,8.346376381663554e-12,-8.079411994234588e-15,8.346376381663554e-12,0.5,True,False,True,2.2185478841180394e-16,9.993501206399265e-16
3.5299999999999687,1786130337.3407109,0.0034653000038815662,HOLD,8,inverse kinematics failed,0.0,-0.050942421985769426,0.04999111761904047,0.0,0.03960769495719262,0.0472011266757587,0.08507981992253169,0.9944670474091469,-0.049693160196106485,0.04997951733812875,0.0,0.039599478424385555,0.04718940776303367,0.08506064232733873,0.9944695712943415,-0.01599356126852991,-0.29051218847876514,0.31800018027737864,7.98306977770798e-06,1.2155677351728542e-10,1.5233012309929607e-05,0.999999999852113,-0.015993561268529743,-0.29051218847876503,0.3180001802773787,7.983069777920563e-06,1.2155677351728294e-10,1.5233012310335327e-05,0.999999999852113,3.0459310285481693e-05,-3.796457021225512e-05,5.144392450563969e-05,0.002699999999081905,-2.486794328411712e-06,0.002699999999081905,3.0459310286292737e-05,-3.796457021326027e-05,5.1443924506995944e-05,0.0026999999991584134,-2.486794328485773e-06,0.0026999999991584134,8.110445402565879e-14,-1.005148463290346e-13,1.3562538422894977e-13,7.65084501652494e-12,-7.40612766138172e-15,7.65084501652494e-12,0.5,True,False,True,2.0770370905276122e-16,9.160799265373658e-16
3.5399999999999685,1786130337.343806,0.003170199997839518,HOLD,8,inverse kinematics failed,0.0,-0.05125650477216588,0.04998420946416503,0.0,0.0396028045790211,0.04719414313199602,0.08506839868163313,0.9944685506687757,-0.05000719492099897,0.04998045975440223,0.0,0.03960014650520308,0.047190358894078986,0.08506220024388253,0.9944693663023936,-0.015993561268529743,-0.29051218847876503,0.3180001802773787,7.983069777920563e-06,1.2155677351728294e-10,1.5233012310335327e-05,0.999999999852113,-0.01599356126852958,-0.29051218847876487,0.3180001802773787,7.98306977811543e-06,1.2155677351728071e-10,1.523301231070723e-05,0.999999999852113,3.0459310286292737e-05,-3.796457021326027e-05,5.1443924506995944e-05,0.0026999999991584134,-2.486794328485773e-06,0.0026999999991584134,3.0459310287036195e-05,-3.7964570214181656e-05,5.144392450823918e-05,0.002699999999228546,-2.486794328553663e-06,0.002699999999228546,7.43457495235207e-14,-9.213860913494856e-14,1.2432326887653752e-13,7.013274598481209e-12,-6.7889503562665895e-15,7.013274598481209e-12,0.5,True,False,True,2.3307351092278263e-16,8.397264987251963e-16
3.5499999999999683,1786130337.3468862,0.0030912999936845154,HOLD,8,inverse kinematics failed,0.0,-0.05157053795390542,0.04997532801828661,0.0,0.039596517033492505,0.047185164935919725,0.08505371485168049,0.9944704830404548,-0.05032122935424872,0.04997942904299222,0.0,0.03959941750414155,0.04718931565648777,0.08506049590213133,0.9944695906150619,-0.01599356126852958,-0.29051218847876487,0.3180001802773787,7.98306977811543e-06,1.2155677351728071e-10,1.523301231070723e-05,0.999999999852113,-0.015993561268529435,-0.2905121884787648,0.31800018027737875,7.983069778294059e-06,1.215567735172786e-10,1.5233012311048148e-05,0.999999999852113,3.0459310287036195e-05,-3.7964570214181656e-05,5.144392450823918e-05,0.002699999999228546,-2.486794328553663e-06,0.002699999999228546,3.0459310287717697e-05,-3.796457021502626e-05,5.144392450937881e-05,0.0026999999992928345,-2.486794328615895e-06,0.0026999999992928345,6.815027039656076e-14,-8.446039170703634e-14,1.139629964701596e-13,6.4288350486077874e-12,-6.223204493244386e-15,6.4288350486077874e-12,0.5,True,False,True,1.6551843842577912e-16,7.697607236852261e-16
3.559999999999968,1786130337.3499634,0.003079700007219799,HOLD,8,inverse kinematics failed,0.0,-0.05188450913349572,0.0499644736320295,0.0,0.039588832383326056,0.04717419257189709,0.08503576889965705,0.9944728442312333,-0.05063525109829606,0.04997642524460746,0.0,0.03959729142834855,0.04718627810667596,0.08505552935631679,0.9944702441983343,-0.015993561268529435,-0.2905121884787648,0.31800018027737875,7.983069778294059e-06,1.215567735172786e-10,1.5233012311048148e-05,0.999999999852113,-0.015993561268529303,-0.2905121884787647,0.3180001802773787,7.983069778457802e-06,1.2155677351727673e-10,1.5233012311360656e-05,0.999999999852113,3.0459310287717697e-05,-3.796457021502626e-05,5.144392450937881e-05,0.0026999999992928345,-2.486794328615895e-06,0.0026999999992928345,3.0459310288342408e-05,-3.7964570215800485e-05,5.144392451042347e-05,0.0026999999993517656,-2.486794328672941e-06,0.0026999999993517656,6.247108119684749e-14,-7.742202573145013e-14,1.044660800976465e-13,5.89309879455715e-12,-5.704604118807365e-15,5.89309879455715e-12,0.5,True,False,True,1.8107721364984798e-16,7.056144968982943e-16
3.569999999999968,1786130337.3533893,0.003114499995717779,HOLD,8,inverse kinematics failed,0.0,-0.05219840591589223,0.049951646733906285,0.0,0.03957975070524232,0.047161226631864804,0.08501456139633094,0.9944756338831425,-0.050949247756084046,0.04997144847784899,0.0,0.03959376829894961,0.04718124640862659,0.08504730076442814,0.9944713269531216,-0.015993561268529303,-0.2905121884787647,0.3180001802773787,7.983069778457802e-06,1.2155677351727673e-10,1.5233012311360656e-05,0.999999999852113,-0.015993561268529178,-0.2905121884787646,0.3180001802773787,7.983069778607898e-06,1.2155677351727498e-10,1.5233012311647117e-05,0.999999999852113,3.0459310288342408e-05,-3.7964570215800485e-05,5.144392451042347e-05,0.0026999999993517656,-2.486794328672941e-06,0.0026999999993517656,3.045931028891506e-05,-3.796457021651019e-05,5.144392451138108e-05,0.002699999999405786,-2.486794328725233e-06,0.002699999999405786,5.726515776377697e-14,-7.097019025382942e-14,9.57605734228428e-14,5.402007228344064e-12,-5.2292204422400945e-15,5.402007228344064e-12,0.5,True,False,True,1.6711069443220838e-16,6.46804320601268e-16
3.5799999999999677,1786130337.356541,0.0034143999946536496,HOLD,8,inverse kinematics failed,0.0,-0.05251221590898747,0.049936847830300925,0.0,0.03956927209000146,0.04714626781528839,0.08499009301626179,0.9944788515732468,-0.05126320693154794,0.04996449893920546,0.0,0.03958884815105883,0.0471742208338785,0.08503581038821406,0.9944728387152706,-0.015993561268529178,-0.2905121884787646,0.3180001802773787,7.983069778607898e-06,1.2155677351727498e-10,1.5233012311647117e-05,0.999999999852113,-0.015993561268529067,-0.29051218847876453,0.3180001802773787,7.983069778745487e-06,1.2155677362569318e-10,1.5233012311909709e-05,0.999999999852113,3.045931028891506e-05,-3.796457021651019e-05,5.144392451138108e-05,0.002699999999405786,-2.486794328725233e-06,0.002699999999405786,3.045931028943999e-05,-3.796457021716075e-05,5.1443924512258885e-05,0.0026999999994553043,-2.4867943287731673e-06,0.0026999999994553043,5.2493061283462326e-14,-6.505600773267709e-14,8.778052563760607e-14,4.9518399593154015e-12,-4.79345207205343e-15,4.9518399593154015e-12,0.5,True,False,True,1.2412670766236366e-16,5.929089069928495e-16
3.5899999999999674,1786130337.3596087,0.0031267000013031065,HOLD,8,inverse kinematics failed,0.0,-0.052825926724100206,0.049920077505448815,0.0,0.039557396642448374,0.0471293169291141,0.08496236453780827,0.9944824968137005,-0.05157711623010453,0.04995557690304534,0.0,0.039582531033796414,0.04716520176150766,0.08502105859318554,0.9944747792555872,-0.015993561268529067,-0.29051218847876453,0.3180001802773787,7.983069778745487e-06,1.2155677362569318e-10,1.5233012311909709e-05,0.999999999852113,-0.015993561268528963,-0.2905121884787645,0.3180001802773787,7.983069778871611e-06,1.2155677362569175e-10,1.5233012312150416e-05,0.999999999852113,3.045931028943999e-05,-3.796457021716075e-05,5.1443924512258885e-05,0.0026999999994553043,-2.4867943287731673e-06,0.0026999999994553043,3.0459310289921176e-05,-3.79645702177571e-05,5.144392451306354e-05,0.0026999999995006964,-2.486794328817107e-06,0.0026999999995006964,4.8118639509840557e-14,-5.963467375495412e-14,8.046548183447238e-14,4.53918662937246e-12,-4.3939977327156525e-15,4.53918662937246e-12,0.5,True,False,True,1.1796119636642288e-16,5.434963776919617e-16
3.5999999999999672,1786130337.362675,0.0030673000001115724,HOLD,8,inverse kinematics failed,0.0,-0.053139525976464645,0.049901336421413645,0.0,0.03954412448156474,0.04711037488771354,0.08493137684313691,0.9944865690518172,-0.0518909632591415,0.049944682721606126,0.0,0.039574817010313124,0.04715418967810115,0.08500304584862008,0.9944771482798684,-0.015993561268528963,-0.2905121884787645,0.3180001802773787,7.983069778871611e-06,1.2155677362569175e-10,1.5233012312150416e-05,0.999999999852113,-0.015993561268528876,-0.29051218847876437,0.31800018027737875,7.983069778987226e-06,1.215567736256904e-10,1.5233012312371068e-05,0.999999999852113,3.0459310289921176e-05,-3.79645702177571e-05,5.144392451306354e-05,0.0026999999995006964,-2.486794328817107e-06,0.0026999999995006964,3.0459310290362263e-05,-3.7964570218303745e-05,5.144392451380114e-05,0.0026999999995423055,-2.486794328857385e-06,0.0026999999995423055,4.4108752884020595e-14,-5.4665117608708044e-14,7.376002501493316e-14,4.160921076924763e-12,-4.027831254989356e-15,4.160921076924763e-12,0.5,True,False,True,1.5142854222490728e-16,4.982134089740191e-16
3.609999999999967,1786130337.3657181,0.0030661000055260956,HOLD,8,inverse kinematics failed,0.0,-0.053453001285719254,0.04988062531806134,0.0,0.039529455740528054,0.04708944271282086,0.08489713091823219,0.9944910676701457,-0.05220473562850661,0.0499318168249804,0.0,0.03956570615782173,0.04714118517772374,0.08498177272756702,0.9944799454289426,-0.015993561268528876,-0.29051218847876437,0.31800018027737875,7.983069778987226e-06,1.215567736256904e-10,1.5233012312371068e-05,0.999999999852113,-0.015993561268528782,-0.29051218847876425,0.3180001802773787,7.983069779093207e-06,1.215567736256892e-10,1.5233012312573329e-05,0.999999999852113,3.0459310290362263e-05,-3.7964570218303745e-05,5.144392451380114e-05,0.0026999999995423055,-2.486794328857385e-06,0.0026999999995423055,3.0459310290766593e-05,-3.796457021880484e-05,5.144392451447728e-05,0.0026999999995804473,-2.486794328894307e-06,0.0026999999995804473,4.0433023477018954e-14,-5.0109691141315804e-14,6.761335626368885e-14,3.814177653847707e-12,-3.692178650406917e-15,3.814177653847707e-12,0.5,True,False,True,1.5550709907979195e-16,4.566905159829589e-16
3.619999999999967,1786130337.3691323,0.003042299998924136,HOLD,8,inverse kinematics failed,0.0,-0.0537663402763956,0.04985794501303078,0.0,0.03951339056677746,0.04706652153346267,0.08485962785290754,0.9944959919865558,-0.052518420950996916,0.04991697972109887,0.0,0.03955519856763529,0.04712618896187704,0.08495723990685403,0.9944831702787201,-0.015993561268528782,-0.29051218847876425,0.3180001802773787,7.983069779093207e-06,1.215567736256892e-10,1.5233012312573329e-05,0.999999999852113,-0.01599356126852871,-0.29051218847876425,0.31800018027737875,7.983069779190357e-06,1.2155677362568803e-10,1.5233012312758736e-05,0.999999999852113,3.0459310290766593e-05,-3.796457021880484e-05,5.144392451447728e-05,0.0026999999995804473,-2.486794328894307e-06,0.0026999999995804473,3.0459310291137227e-05,-3.796457021926418e-05,5.144392451509707e-05,0.0026999999996154106,-2.486794328928152e-06,0.0026999999996154106,3.7063604853934114e-14,-4.5933883546206244e-14,6.197890990838157e-14,3.4963295160270715e-12,-3.384497096206347e-15,3.4963295160270715e-12,0.5,True,False,True,9.159602786276758e-17,4.186349977089374e-16
3.6299999999999666,1786130337.3722515,0.003423700007260777,HOLD,8,inverse kinematics failed,0.0,-0.05407953057840682,0.04983329640170159,0.0,0.03949592912208648,0.04704161258588034,0.08481886884081762,0.9945013412543331,-0.05283200684284772,0.049900171995710306,0.0,0.03954329434521233,0.04710920183945127,0.08492944816709441,0.9944868223402513,-0.01599356126852871,-0.29051218847876425,0.31800018027737875,7.983069779190357e-06,1.2155677362568803e-10,1.5233012312758736e-05,0.999999999852113,-0.015993561268528644,-0.2905121884787642,0.3180001802773787,7.983069779279409e-06,1.2155677362568702e-10,1.5233012312928691e-05,0.999999999852113,3.0459310291137227e-05,-3.796457021926418e-05,5.144392451509707e-05,0.0026999999996154106,-2.486794328928152e-06,0.0026999999996154106,3.0459310291476975e-05,-3.796457021968524e-05,5.144392451566521e-05,0.0026999999996474605,-2.4867943289591765e-06,0.0026999999996474605,3.3974971116106335e-14,-4.210605991735581e-14,5.681400074934988e-14,3.204968723024822e-12,-3.1024556715224904e-15,3.204968723024822e-12,0.5,True,False,True,1.0251026904199821e-16,3.8374529370151137e-16
3.6399999999999664,1786130337.3753083,0.0031140999926719815,HOLD,8,inverse kinematics failed,0.0,-0.0543925598275361,0.04980668045715872,0.0,0.03947707158264259,0.047014717213445203,0.08477485517947163,0.9945071146622826,-0.05314548092422153,0.049881394312358426,0.0,0.03952999361020887,0.0470902247266695,0.08489839839269583,0.9944909010597954,-0.015993561268528644,-0.2905121884787642,0.3180001802773787,7.983069779279409e-06,1.2155677362568702e-10,1.5233012312928691e-05,0.999999999852113,-0.015993561268528578,-0.29051218847876414,0.31800018027737875,7.983069779361042e-06,1.2155677362568607e-10,1.5233012313084486e-05,0.999999999852113,3.0459310291476975e-05,-3.796457021968524e-05,5.144392451566521e-05,0.0026999999996474605,-2.4867943289591765e-06,0.0026999999996474605,3.0459310291788412e-05,-3.796457022007121e-05,5.144392451618601e-05,0.0026999999996768394,-2.4867943289876157e-06,0.0026999999996768394,3.1143723523097534e-14,-3.859722159090957e-14,5.2079500686904154e-14,2.9378879961060923e-12,-2.843917698895622e-15,2.9378879961060923e-12,0.5,True,False,True,1.0251026904199821e-16,3.517730105126225e-16
3.649999999999966,1786130337.3784256,0.0030881999991834164,HOLD,8,inverse kinematics failed,0.0,-0.05470541566592466,0.049778098230154104,0.0,0.0394568181391337,0.046985836866566176,0.08472758827024783,0.9945133113348414,-0.05345883081969673,0.049860647412355685,0.0,0.03951529649653664,0.04706925864702359,0.08486409157186826,0.9944954058188967,-0.015993561268528578,-0.29051218847876414,0.31800018027737875,7.983069779361042e-06,1.2155677362568607e-10,1.5233012313084486e-05,0.999999999852113,-0.015993561268528512,-0.29051218847876414,0.31800018027737875,7.983069779435868e-06,1.215567736256852e-10,1.5233012313227296e-05,0.999999999852113,3.0459310291788412e-05,-3.796457022007121e-05,5.144392451618601e-05,0.0026999999996768394,-2.4867943289876157e-06,0.0026999999996768394,3.0459310292073896e-05,-3.796457022042502e-05,5.14439245166634e-05,0.00269999999970377,-2.486794329013685e-06,0.00269999999970377,2.854841322950613e-14,-3.538078645833384e-14,4.77395422963289e-14,2.6930639964305898e-12,-2.606924557320992e-15,2.6930639964305898e-12,0.5,True,False,True,6.591949208711867e-17,3.224495999505469e-16
3.659999999999966,1786130337.3814723,0.00308249999943655,HOLD,8,inverse kinematics failed,0.0,-0.055018085742559675,0.04974755084906512,0.0,0.03943516899684134,0.04695497310259013,0.08467706961840885,0.9945199303322005,-0.0537720441587562,0.04983793211475403,0.0,0.039499203152417006,0.04704630473118684,0.08482652879660711,0.9945003359344746,-0.015993561268528512,-0.29051218847876414,0.31800018027737875,7.983069779435868e-06,1.215567736256852e-10,1.5233012313227296e-05,0.999999999852113,-0.015993561268528463,-0.29051218847876403,0.31800018027737875,7.983069779504459e-06,1.2155677362568441e-10,1.5233012313358203e-05,0.999999999852113,3.0459310292073896e-05,-3.796457022042502e-05,5.14439245166634e-05,0.00269999999970377,-2.486794329013685e-06,0.00269999999970377,3.045931029233559e-05,-3.7964570220749346e-05,5.144392451710101e-05,0.0026999999997284565,-2.4867943290375817e-06,0.0026999999997284565,2.6169378793714002e-14,-3.2432387586806086e-14,4.376124710496824e-14,2.4686419967280453e-12,-2.389680844210914e-15,2.4686419967280453e-12,0.5,True,False,True,1.2118257228641695e-16,2.955769781749936e-16
3.6699999999999657,1786130337.3850815,0.003045899997232482,HOLD,8,inverse kinematics failed,0.0,-0.05533055771376192,0.04971503951985006,0.0,0.03941212437574066,0.0469221275856948,0.08462330083311856,0.9945269706504347,-0.05408510857627564,0.049813249291435484,0.0,0.03948171366791387,0.0470213641134919,0.08478571109340881,0.9945056906811225,-0.015993561268528463,-0.29051218847876403,0.31800018027737875,7.983069779504459e-06,1.2155677362568441e-10,1.5233012313358203e-05,0.999999999852113,-0.015993561268528408,-0.29051218847876403,0.31800018027737875,7.983069779567339e-06,1.2155677362568372e-10,1.5233012313478207e-05,0.999999999852113,3.045931029233559e-05,-3.7964570220749346e-05,5.144392451710101e-05,0.0026999999997284565,-2.4867943290375817e-06,0.0026999999997284565,3.0459310292575475e-05,-3.796457022104664e-05,5.144392451750216e-05,0.0026999999997510855,-2.4867943290594873e-06,0.0026999999997510855,2.3988597227571213e-14,-2.972968862123897e-14,4.011447651288763e-14,2.262921830334046e-12,-2.1905407738600086e-15,2.262921830334046e-12,0.5,True,False,True,5.551115123125783e-17,2.709609157747127e-16
3.6799999999999655,1786130337.38828,0.00362920000043232,HOLD,8,inverse kinematics failed,0.0,-0.05564281924367301,0.049680565526000545,0.0,0.039387684510607306,0.04688730208677446,0.08456628362745941,0.9945344312216428,-0.05439801171301174,0.04978659990290697,0.0,0.03946282817850445,0.046994438079484814,0.08474163966486245,0.9945114692594842,-0.015993561268528408,-0.29051218847876403,0.31800018027737875,7.983069779567339e-06,1.2155677362568372e-10,1.5233012313478207e-05,0.999999999852113,-0.015993561268528352,-0.29051218847876403,0.31800018027737875,7.983069779624976e-06,1.2155677362568304e-10,1.5233012313588208e-05,0.999999999852113,3.0459310292575475e-05,-3.796457022104664e-05,5.144392451750216e-05,0.0026999999997510855,-2.4867943290594873e-06,0.0026999999997510855,3.0459310292795372e-05,-3.796457022131916e-05,5.1443924517869875e-05,0.002699999999771829,-2.486794329079567e-06,0.002699999999771829,2.1989547458606987e-14,-2.725221456946911e-14,3.6771603470147063e-14,2.0743450111395463e-12,-2.0079957093716785e-15,2.0743450111395463e-12,0.5,True,False,True,5.551115123125783e-17,2.4837245449151715e-16
3.6899999999999653,1786130337.3913841,0.0031826000049477443,HOLD,8,inverse kinematics failed,0.0,-0.055954858004742404,0.04964413022849082,0.0,0.039361849651130855,0.046850498483318105,0.08450601981845132,0.9945423109140958,-0.05471074121609011,0.04975798500286157,0.0,0.03944254688061489,0.046965528087828126,0.08469431592569139,0.9945176707916663,-0.015993561268528352,-0.29051218847876403,0.31800018027737875,7.983069779624976e-06,1.2155677362568304e-10,1.5233012313588208e-05,0.999999999852113,-0.01599356126852832,-0.290512188478764,0.3180001802773788,7.983069779677807e-06,1.215567736256824e-10,1.523301231368904e-05,0.999999999852113,3.0459310292795372e-05,-3.796457022131916e-05,5.1443924517869875e-05,0.002699999999771829,-2.486794329079567e-06,0.002699999999771829,3.0459310292996942e-05,-3.7964570221568976e-05,5.144392451820695e-05,0.0026999999997908437,-2.4867943290979735e-06,0.0026999999997908437,2.0157085170389778e-14,-2.4981196688680067e-14,3.370730318096821e-14,1.901482926877921e-12,-1.8406627335907088e-15,1.901482926877921e-12,0.5,True,False,True,8.44865542934803e-17,2.276692470910457e-16
3.699999999999965,1786130337.3944585,0.0031010999955469742,HOLD,8,inverse kinematics failed,0.0,-0.05626666167821412,0.049605735065724035,0.0,0.03933462006203512,0.046811718759280356,0.08444251132707116,0.9945506085323939,-0.05502328473949292,0.04972740572226482,0.0,0.039420869984386084,0.046934635702698464,0.08464374139230403,0.9945242943358609,-0.01599356126852832,-0.290512188478764,0.3180001802773788,7.983069779677807e-06,1.215567736256824e-10,1.523301231368904e-05,0.999999999852113,-0.015993561268528276,-0.290512188478764,0.31800018027737875,7.983069779726237e-06,1.2155677362568183e-10,1.523301231378147e-05,0.999999999852113,3.0459310292996942e-05,-3.7964570221568976e-05,5.144392451820695e-05,0.0026999999997908437,-2.4867943290979735e-06,0.0026999999997908437,3.0459310293181714e-05,-3.796457022179797e-05,5.144392451851593e-05,0.0026999999998082737,-2.4867943291148464e-06,0.0026999999998082737,1.8477328072857333e-14,-2.2899430297956772e-14,3.089836124922092e-14,1.7430260163047645e-12,-1.687274172458153e-15,1.7430260163047645e-12,0.5,True,False,True,7.152448122690996e-17,2.0869837031414699e-16
3.709999999999965,1786130337.3975358,0.0030738000059500337,HOLD,8,inverse kinematics failed,0.0,-0.056578217954613035,0.04956538155347548,0.0,0.039305996023204955,0.046770965004944924,0.08437576017827339,0.994559322817633,-0.055335629944546334,0.04969486326937521,0.0,0.03939779771395956,0.046901762593944935,0.08458991768324463,0.994531338886419,-0.015993561268528276,-0.290512188478764,0.31800018027737875,7.983069779726237e-06,1.2155677362568183e-10,1.523301231378147e-05,0.999999999852113,-0.015993561268528245,-0.2905121884787639,0.3180001802773788,7.983069779770635e-06,1.2155677362568134e-10,1.5233012313866201e-05,0.999999999852113,3.0459310293181714e-05,-3.796457022179797e-05,5.144392451851593e-05,0.0026999999998082737,-2.4867943291148464e-06,0.0026999999998082737,3.045931029335109e-05,-3.796457022200788e-05,5.1443924518799165e-05,0.0026999999998242514,-2.486794329130313e-06,0.0026999999998242514,1.6937550733452588e-14,-2.0991144439793747e-14,2.8323497811785895e-14,1.5977738482793706e-12,-1.5466679914199766e-15,1.5977738482793706e-12,0.5,True,False,True,8.44865542934803e-17,1.9131576058929078e-16
3.7199999999999647,1786130337.400809,0.0030833999917376786,HOLD,8,inverse kinematics failed,0.0,-0.0568895145342308,0.049523071284832715,0.0,0.03927597782981997,0.046728239416780996,0.0843057685010118,0.9945684524475796,-0.0556477645004076,0.04966035892974856,0.0,0.03937333030773687,0.046866910537192503,0.08453284651956719,0.9945388033739437,-0.015993561268528245,-0.2905121884787639,0.3180001802773788,7.983069779770635e-06,1.2155677362568134e-10,1.5233012313866201e-05,0.999999999852113,-0.01599356126852821,-0.2905121884787639,0.31800018027737875,7.98306977981133e-06,1.2155677362568085e-10,1.5233012313943869e-05,0.999999999852113,3.045931029335109e-05,-3.796457022200788e-05,5.1443924518799165e-05,0.0026999999998242514,-2.486794329130313e-06,0.0026999999998242514,3.045931029350635e-05,-3.79645702222003e-05,5.14439245190588e-05,0.0026999999998388977,-2.486794329144491e-06,0.0026999999998388977,1.552608817233157e-14,-1.9241882403144305e-14,2.5963206327470454e-14,1.4646260275894258e-12,-1.4177789921349812e-15,1.4646260275894258e-12,0.5,True,False,True,6.546139416680338e-17,1.753666344130366e-16
3.7299999999999645,1786130337.403958,0.003312600005301647,HOLD,8,inverse kinematics failed,0.0,-0.057200539127611506,0.04947880593013271,0.0,0.039244565792494544,0.04668354429729182,0.08423253852826185,0.9945779960368549,-0.05595967608455185,0.049623894066228864,0.0,0.03934746801861533,0.04683008141389486,0.08447252972513973,0.9945466866654011,-0.01599356126852821,-0.2905121884787639,0.31800018027737875,7.98306977981133e-06,1.2155677362568085e-10,1.5233012313943869e-05,0.999999999852113,-0.01599356126852818,-0.29051218847876387,0.3180001802773788,7.983069779848633e-06,1.2155677362568043e-10,1.5233012314015064e-05,0.999999999852113,3.045931029350635e-05,-3.79645702222003e-05,5.14439245190588e-05,0.0026999999998388977,-2.486794329144491e-06,0.0026999999998388977,3.0459310293648673e-05,-3.7964570222376686e-05,5.1443924519296794e-05,0.0026999999998523236,-2.4867943291574873e-06,0.0026999999998523236,1.4232247491303966e-14,-1.7638392202882315e-14,2.3799605800181295e-14,1.3425738586236428e-12,-1.2996307427904018e-15,1.3425738586236428e-12,0.5,True,False,True,8.44865542934803e-17,1.607512356633639e-16
3.7399999999999642,1786130337.4070249,0.003104600007645786,HOLD,8,inverse kinematics failed,0.0,-0.057511279456036735,0.04943258723689587,0.0,0.03921176023742465,0.04663688205485636,0.0841560725970442,0.9945879521371276,-0.056271352383258574,0.049585470118927756,0.0,0.039320211114206007,0.04679127721134482,0.08440896922689221,0.9945549875642468,-0.01599356126852818,-0.29051218847876387,0.3180001802773788,7.983069779848633e-06,1.2155677362568043e-10,1.5233012314015064e-05,0.999999999852113,-0.015993561268528154,-0.2905121884787638,0.3180001802773788,7.983069779882826e-06,1.2155677362568002e-10,1.5233012314080328e-05,0.999999999852113,3.0459310293648673e-05,-3.7964570222376686e-05,5.1443924519296794e-05,0.0026999999998523236,-2.4867943291574873e-06,0.0026999999998523236,3.0459310293779136e-05,-3.7964570222538375e-05,5.1443924519514956e-05,0.0026999999998646306,-2.4867943291694004e-06,0.0026999999998646306,1.304622686702866e-14,-1.6168526185975488e-14,2.1816305316832895e-14,1.2306927037383416e-12,-1.191328180891204e-15,1.2306927037383416e-12,0.5,True,False,True,6.059128614320848e-17,1.4735722827747074e-16
3.749999999999964,1786130337.410066,0.003066599994781427,HOLD,8,inverse kinematics failed,0.0,-0.05782172325201043,0.04938441702975707,0.0,0.03917756150654114,0.046588255203563494,0.08407637314844899,0.9945983192373148,-0.05658278109209774,0.04954508860519421,0.0,0.03929155987703875,0.04675050002264957,0.0843421670550198,0.994563704810569,-0.015993561268528154,-0.2905121884787638,0.3180001802773788,7.983069779882826e-06,1.2155677362568002e-10,1.5233012314080328e-05,0.999999999852113,-0.015993561268528123,-0.2905121884787638,0.3180001802773788,7.983069779914172e-06,1.2155677362567968e-10,1.5233012314140152e-05,0.999999999852113,3.0459310293779136e-05,-3.7964570222538375e-05,5.1443924519514956e-05,0.0026999999998646306,-2.4867943291694004e-06,0.0026999999998646306,3.0459310293898727e-05,-3.7964570222686585e-05,5.144392451971494e-05,0.002699999999875912,-2.4867943291803207e-06,0.002699999999875912,1.1959041294776295e-14,-1.4821149003810894e-14,1.9998279873763525e-14,1.1281349784268154e-12,-1.0920508324836058e-15,1.1281349784268154e-12,0.5,True,False,True,3.122502256758253e-17,1.3507728099977462e-16
3.759999999999964,1786130337.4131021,0.0030396999936783686,HOLD,8,inverse kinematics failed,0.0,-0.058131858259743055,0.04933429721039359,0.0,0.03914196995766952,0.046537666363038736,0.08399344272766093,0.9946090957637933,-0.056893949916415526,0.049502751119575875,0.0,0.03926151460475819,0.046707752046675925,0.08427212534315028,0.9945728370812442,-0.015993561268528123,-0.2905121884787638,0.3180001802773788,7.983069779914172e-06,1.2155677362567968e-10,1.5233012314140152e-05,0.999999999852113,-0.015993561268528095,-0.2905121884787638,0.3180001802773788,7.983069779942907e-06,1.2155677362567935e-10,1.5233012314194987e-05,0.999999999852113,3.0459310293898727e-05,-3.7964570222686585e-05,5.144392451971494e-05,0.002699999999875912,-2.4867943291803207e-06,0.002699999999875912,3.045931029400835e-05,-3.796457022282244e-05,5.1443924519898255e-05,0.002699999999886253,-2.4867943291903314e-06,0.002699999999886253,1.0962454520211624e-14,-1.3586053253493345e-14,1.8331756550949934e-14,1.0341237302245828e-12,-1.0010465964433072e-15,1.0341237302245828e-12,0.5,True,False,True,2.7755575615628914e-17,1.2381578003990508e-16
3.7699999999999636,1786130337.4166281,0.0030371000029845163,HOLD,8,inverse kinematics failed,0.0,-0.05844167223563557,0.0492822297574501,0.0,0.03910498596469617,0.04648511825826391,0.08390728398398543,0.994620280080618,-0.05720484657181975,0.04945845933377311,0.0,0.0392300756103137,0.04666303558797048,0.08419884632848305,0.9945823829901058,-0.015993561268528095,-0.2905121884787638,0.3180001802773788,7.983069779942907e-06,1.2155677362567935e-10,1.5233012314194987e-05,0.999999999852113,-0.015993561268528078,-0.29051218847876376,0.3180001802773788,7.983069779969242e-06,1.2155677362567904e-10,1.5233012314245257e-05,0.999999999852113,3.045931029400835e-05,-3.796457022282244e-05,5.1443924519898255e-05,0.002699999999886253,-2.4867943291903314e-06,0.002699999999886253,3.045931029410884e-05,-3.796457022294698e-05,5.144392452006629e-05,0.0026999999998957324,-2.4867943291995077e-06,0.0026999999998957324,1.0048916643527342e-14,-1.245388214903559e-14,1.680411017170414e-14,9.479467527058693e-13,-9.176260467397e-16,9.479467527058693e-13,0.5,True,False,True,5.815852873680767e-17,1.1350111995037763e-16
3.7799999999999634,1786130337.421984,0.003643000003648922,HOLD,8,inverse kinematics failed,0.0,-0.05875115294876268,0.04922821672646047,0.0,0.03906660991774111,0.04643061371938928,0.08381789967087526,0.9946318704897502,-0.05751545878466477,0.04941221499658653,0.0,0.0391972432221459,0.04661635305665804,0.08412233235190576,0.9945923410881247,-0.015993561268528078,-0.29051218847876376,0.3180001802773788,7.983069779969242e-06,1.2155677362567904e-10,1.5233012314245257e-05,0.999999999852113,-0.015993561268528064,-0.29051218847876376,0.3180001802773788,7.983069779993386e-06,1.2155677362567878e-10,1.5233012314291337e-05,0.999999999852113,3.045931029410884e-05,-3.796457022294698e-05,5.144392452006629e-05,0.0026999999998957324,-2.4867943291995077e-06,0.0026999999998957324,3.0459310294200955e-05,-3.796457022306114e-05,5.144392452022033e-05,0.002699999999904422,-2.486794329207919e-06,0.002699999999904422,9.211506923233416e-15,-1.141605863661598e-14,1.540376765739549e-14,8.689511899803819e-13,-8.411572095113933e-16,8.689511899803819e-13,0.5,True,False,True,1.3877787807814457e-17,1.04044551665116e-16
3.789999999999963,1786130337.4272192,0.005312599998433143,HOLD,8,inverse kinematics failed,0.0,-0.059060288181355725,0.049172260249766696,0.0,0.0390268422233369,0.04637415568153849,0.08372529264595811,0.9946438652312937,-0.05782577429253605,0.04936401993385882,0.0,0.039163017784371756,0.04656770696832125,0.08404258585809286,0.9946027098636011,-0.015993561268528064,-0.29051218847876376,0.3180001802773788,7.983069779993386e-06,1.2155677362567878e-10,1.5233012314291337e-05,0.999999999852113,-0.01599356126852804,-0.29051218847876376,0.31800018027737875,7.983069780015521e-06,1.2155677362567852e-10,1.5233012314333577e-05,0.999999999852113,3.0459310294200955e-05,-3.796457022306114e-05,5.144392452022033e-05,0.002699999999904422,-2.486794329207919e-06,0.002699999999904422,3.0459310294285394e-05,-3.796457022316579e-05,5.1443924520361535e-05,0.0026999999999123875,-2.4867943292156297e-06,0.0026999999999123875,8.443881346297314e-15,-1.0464720416898003e-14,1.412012035261256e-14,7.965385908153516e-13,-7.710607753854453e-16,7.965385908153516e-13,0.5,True,False,True,6.059128614320848e-17,9.537604297881447e-17
3.799999999999963,1786130337.4326649,0.005236800003331155,HOLD,8,inverse kinematics failed,0.0,-0.05936906572928509,0.049114362536434655,0.0,0.03898568330461412,0.046315747184606154,0.08362946587106478,0.994656262483741,-0.05813578084473426,0.04931387604841128,0.0,0.03912739965696965,0.04651709994386379,0.08395960939559016,0.9946134877423674,-0.01599356126852804,-0.29051218847876376,0.31800018027737875,7.983069780015521e-06,1.2155677362567852e-10,1.5233012314333577e-05,0.999999999852113,-0.015993561268528023,-0.29051218847876376,0.31800018027737875,7.98306978003581e-06,1.2155677362567826e-10,1.5233012314372296e-05,0.999999999852113,3.0459310294285394e-05,-3.796457022316579e-05,5.1443924520361535e-05,0.0026999999999123875,-2.4867943292156297e-06,0.0026999999999123875,3.0459310294362796e-05,-3.7964570223261714e-05,5.144392452049097e-05,0.002699999999919689,-2.486794329222698e-06,0.002699999999919689,7.74022456743922e-15,-9.59266038215652e-15,1.2943443656561538e-14,7.301603749140737e-13,-7.06805710769993e-16,7.301603749140737e-13,0.5,True,False,True,1.734723475976807e-17,8.742727711913219e-17
3.8099999999999627,1786130337.4358597,0.005455199992866255,HOLD,8,inverse kinematics failed,0.0,-0.05967747340254186,0.04905452587216694,0.0,0.03894313360149302,0.04625539137304822,0.08353042241225823,0.9946690603642261,-0.05844546620275891,0.04926178531997566,0.0,0.03909038921596583,0.04646453470935894,0.08387340561688826,0.9946246730880006,-0.015993561268528023,-0.29051218847876376,0.31800018027737875,7.98306978003581e-06,1.2155677362567826e-10,1.5233012314372296e-05,0.999999999852113,-0.015993561268528016,-0.29051218847876376,0.31800018027737875,7.983069780054405e-06,1.2155677362567808e-10,1.5233012314407789e-05,0.999999999852113,3.0459310294362796e-05,-3.7964570223261714e-05,5.144392452049097e-05,0.002699999999919689,-2.486794329222698e-06,0.002699999999919689,3.0459310294433747e-05,-3.796457022334965e-05,5.1443924520609614e-05,0.002699999999926382,-2.4867943292291768e-06,0.002699999999926382,7.095205853485965e-15,-8.793272016976827e-15,1.18648233518481e-14,6.693136770045688e-13,-6.479052348724948e-16,6.693136770045688e-13,0.5,True,False,True,6.938893903907228e-18,8.01360839775052e-17
3.8199999999999625,1786130337.4389277,0.0031107000104384497,HOLD,8,inverse kinematics failed,0.0,-0.059985499025719195,0.048992752619212585,0.0,0.038899193570881375,0.04619309149566491,0.08342816543986309,0.9946822569287879,-0.058754818140791476,0.049207749805121506,0.0,0.039051986853623134,0.04641001409588494,0.08378397727848703,0.9946362642020461,-0.015993561268528016,-0.29051218847876376,0.31800018027737875,7.983069780054405e-06,1.2155677362567808e-10,1.5233012314407789e-05,0.999999999852113,-0.015993561268528,-0.29051218847876376,0.31800018027737875,7.98306978007145e-06,1.2155677362567785e-10,1.5233012314440322e-05,0.999999999852113,3.0459310294433747e-05,-3.796457022334965e-05,5.1443924520609614e-05,0.002699999999926382,-2.4867943292291768e-06,0.002699999999926382,3.0459310294498786e-05,-3.796457022343025e-05,5.144392452071837e-05,0.0026999999999325172,-2.4867943292351157e-06,0.0026999999999325172,6.5039386990288136e-15,-8.060499348895441e-15,1.0876088072527446e-14,6.135375372541892e-13,-5.939131319664548e-16,6.135375372541892e-13,0.5,True,False,True,1.734723475976807e-17,7.345587395840278e-17
3.8299999999999623,1786130337.4420114,0.0030731999868294224,HOLD,8,inverse kinematics failed,0.0,-0.06029313043849291,0.04892904521627386,0.0,0.0388538636868786,0.046128850905376606,0.08332269822849594,0.9946958501726415,-0.059063824446178075,0.0491517716371794,0.0,0.03901219297863286,0.04635354103934843,0.08369132724095346,0.9946482593242494,-0.015993561268528,-0.29051218847876376,0.31800018027737875,7.98306978007145e-06,1.2155677362567785e-10,1.5233012314440322e-05,0.999999999852113,-0.01599356126852799,-0.29051218847876376,0.31800018027737875,7.98306978008708e-06,1.215567736256777e-10,1.5233012314470149e-05,0.999999999852113,3.0459310294498786e-05,-3.796457022343025e-05,5.144392452071837e-05,0.0026999999999325172,-2.4867943292351157e-06,0.0026999999999325172,3.0459310294558407e-05,-3.796457022350414e-05,5.144392452081807e-05,0.002699999999938141,-2.48679432924056e-06,0.002699999999938141,5.9619438074430905e-15,-7.388791069820836e-15,9.969747399816846e-15,5.624094091496746e-13,-5.444203709692512e-16,5.624094091496746e-13,0.5,True,False,True,6.938893903907228e-18,6.734848609384436e-17
3.839999999999962,1786130337.4450638,0.0030783000111114234,HOLD,8,inverse kinematics failed,0.0,-0.06060035549610157,0.048863406178409924,0.0,0.03880714444098592,0.04606267305899223,0.08321402415709607,0.9947098380304576,-0.05937247291991159,0.04909385302616026,0.0,0.038971008016310295,0.046295118580296855,0.08359545846897384,0.9946606566327991,-0.01599356126852799,-0.29051218847876376,0.31800018027737875,7.98306978008708e-06,1.215567736256777e-10,1.5233012314470149e-05,0.999999999852113,-0.015993561268527984,-0.29051218847876376,0.31800018027737875,7.983069780101405e-06,1.2155677362567749e-10,1.5233012314497486e-05,0.999999999852113,3.0459310294558407e-05,-3.796457022350414e-05,5.144392452081807e-05,0.002699999999938141,-2.48679432924056e-06,0.002699999999938141,3.0459310294613057e-05,-3.796457022357187e-05,5.144392452090946e-05,0.002699999999943297,-2.4867943292455508e-06,0.002699999999943297,5.465115156822844e-15,-6.7730584806691125e-15,9.138935116498793e-15,5.155419583872026e-13,-4.990520067218146e-16,5.155419583872026e-13,0.5,True,False,True,6.938893903907228e-18,6.17260246288377e-17
3.849999999999962,1786130337.4485378,0.0030518999992636964,HOLD,8,inverse kinematics failed,0.0,-0.060907162069825965,0.04879583809693763,0.0,0.03875903634232275,0.04599456151697051,0.0831021467089569,0.9947242183766509,-0.05968075137711324,0.049033996258670914,0.0,0.03892843240879441,0.04623474986372053,0.08349637403140202,0.9946734542445784,-0.015993561268527984,-0.29051218847876376,0.31800018027737875,7.983069780101405e-06,1.2155677362567749e-10,1.5233012314497486e-05,0.999999999852113,-0.015993561268527967,-0.2905121884787637,0.31800018027737875,7.983069780114539e-06,1.2155677362567733e-10,1.5233012314522547e-05,0.999999999852113,3.0459310294613057e-05,-3.796457022357187e-05,5.144392452090946e-05,0.002699999999943297,-2.4867943292455508e-06,0.002699999999943297,3.0459310294663154e-05,-3.7964570223633954e-05,5.144392452099324e-05,0.0026999999999480226,-2.4867943292501256e-06,0.0026999999999480226,5.0096888937542835e-15,-6.208636940613365e-15,8.37735719012391e-15,4.725801285216033e-13,-4.574643394949976e-16,4.725801285216033e-13,0.5,True,False,True,5.815852873680767e-17,5.658706116315603e-17
3.8599999999999617,1786130337.4522023,0.003547499989508651,HOLD,8,inverse kinematics failed,0.0,-0.06121353804746789,0.04872634363932913,0.0,0.03870953991784894,0.045924519943173994,0.08298706947175766,0.9947389890256776,-0.05998864764751366,0.048972203697826074,0.0,0.03888446661525214,0.04617243813884514,0.08339407710130409,0.9946866502154252,-0.015993561268527967,-0.2905121884787637,0.31800018027737875,7.983069780114539e-06,1.2155677362567733e-10,1.5233012314522547e-05,0.999999999852113,-0.015993561268527957,-0.2905121884787637,0.31800018027737875,7.983069780126575e-06,1.215567736256772e-10,1.523301231454552e-05,0.999999999852113,3.0459310294663154e-05,-3.7964570223633954e-05,5.144392452099324e-05,0.0026999999999480226,-2.4867943292501256e-06,0.0026999999999480226,3.0459310294709077e-05,-3.796457022369087e-05,5.1443924521070034e-05,0.0026999999999523547,-2.486794329254319e-06,0.0026999999999523547,4.592214819274769e-15,-5.691250528895596e-15,7.679244090946932e-15,4.3319845114480386e-13,-4.1934231120374865e-16,4.3319845114480386e-13,0.5,True,False,True,1.0408340855860843e-17,5.187070938194099e-17
3.8699999999999615,1786130337.4554272,0.0035905000113416463,HOLD,8,inverse kinematics failed,0.0,-0.061519471333828346,0.04865492554910661,0.0,0.038658655712593075,0.045852552104615675,0.08286879613759593,0.9947541477323402,-0.0602961495759333,0.04890847778315686,0.0,0.03883911111208749,0.046108186758914975,0.08328857095600091,0.9947002425404025,-0.015993561268527957,-0.2905121884787637,0.31800018027737875,7.983069780126575e-06,1.215567736256772e-10,1.523301231454552e-05,0.999999999852113,-0.015993561268527946,-0.2905121884787637,0.31800018027737875,7.983069780137609e-06,1.2155677362567707e-10,1.5233012314566577e-05,0.999999999852113,3.0459310294709077e-05,-3.796457022369087e-05,5.1443924521070034e-05,0.0026999999999523547,-2.486794329254319e-06,0.0026999999999523547,3.045931029475117e-05,-3.796457022374304e-05,5.1443924521140425e-05,0.0026999999999563254,-2.4867943292581626e-06,0.0026999999999563254,4.20953025100188e-15,-5.216979651487639e-15,7.039307083368035e-15,3.9709858021607097e-13,-3.84397118603437e-16,3.9709858021607097e-13,0.5,True,False,True,1.0408340855860843e-17,4.7545530260564006e-17
3.8799999999999613,1786130337.458624,0.0032229999924311414,HOLD,8,inverse kinematics failed,0.0,-0.06182494985118506,0.04858158664573399,0.0,0.03860638428988672,0.04577866187119861,0.08274733050302012,0.9947696921921013,-0.06060324502276233,0.0488428210305159,0.0,0.038792366393155676,0.04604199918096745,0.08317985897710846,0.9947142291540759,-0.015993561268527946,-0.2905121884787637,0.31800018027737875,7.983069780137609e-06,1.2155677362567707e-10,1.5233012314566577e-05,0.999999999852113,-0.01599356126852794,-0.2905121884787637,0.31800018027737875,7.983069780147726e-06,1.2155677373409716e-10,1.5233012314585881e-05,0.999999999852113,3.045931029475117e-05,-3.796457022374304e-05,5.1443924521140425e-05,0.0026999999999563254,-2.4867943292581626e-06,0.0026999999999563254,3.045931029478976e-05,-3.796457022379086e-05,5.1443924521204956e-05,0.0026999999999599653,-2.4867943292616863e-06,0.0026999999999599653,3.858736063418397e-15,-4.782231347197012e-15,6.452698159754045e-15,3.640070318647324e-13,-3.523640253864846e-16,3.640070318647324e-13,0.5,True,False,True,6.938893903907228e-18,4.3589195079162297e-17
3.889999999999961,1786130337.461696,0.003227799999876879,HOLD,8,inverse kinematics failed,0.0,-0.06212996153976918,0.04850632982450559,0.0,0.03855272623160443,0.0457028532154481,0.08262267646906275,0.9947856200414071,-0.060909921864439845,0.04877523603197917,0.0,0.03874423296998251,0.045973878965599034,0.08306794465057676,0.9947286079308029,-0.01599356126852794,-0.2905121884787637,0.31800018027737875,7.983069780147726e-06,1.2155677373409716e-10,1.5233012314585881e-05,0.999999999852113,-0.01599356126852793,-0.2905121884787637,0.31800018027737875,7.983069780156997e-06,1.2155677362567687e-10,1.5233012314603575e-05,0.999999999852113,3.045931029478976e-05,-3.796457022379086e-05,5.1443924521204956e-05,0.0026999999999599653,-2.4867943292616863e-06,0.0026999999999599653,3.045931029482513e-05,-3.7964570223834694e-05,5.1443924521264106e-05,0.002699999999963302,-2.4867943292649165e-06,0.002699999999963302,3.537174724800204e-15,-4.383712068263936e-15,5.914973313107886e-15,3.33673112542672e-13,-3.230003566042782e-16,3.33673112542672e-13,0.5,True,False,True,1.0408340855860843e-17,3.9953508886785724e-17
3.899999999999961,1786130337.4649062,0.003042299998924136,HOLD,8,inverse kinematics failed,0.0,-0.062434494358241555,0.04842915805643186,0.0,0.03849768213840965,0.04562513021223684,0.08249483804127382,0.9948019288580167,-0.06121616799393252,0.04870572545574457,0.0,0.03869471137198906,0.04590382977672313,0.08295283156672786,0.9947433766850273,-0.01599356126852793,-0.2905121884787637,0.31800018027737875,7.983069780156997e-06,1.2155677362567687e-10,1.5233012314603575e-05,0.999999999852113,-0.01599356126852793,-0.2905121884787637,0.31800018027737875,7.983069780165498e-06,1.2155677362567674e-10,1.5233012314619796e-05,0.999999999852113,3.045931029482513e-05,-3.7964570223834694e-05,5.1443924521264106e-05,0.002699999999963302,-2.4867943292649165e-06,0.002699999999963302,3.0459310294857555e-05,-3.796457022387488e-05,5.144392452131833e-05,0.002699999999966361,-2.4867943292678773e-06,0.002699999999966361,3.2424101644001933e-15,-4.018402729241949e-15,5.422058870348906e-15,3.0586701983078325e-13,-2.960836602205889e-16,3.0586701983078325e-13,0.5,True,False,True,0.0,3.66264645319964e-17
3.9099999999999606,1786130337.4680731,0.0032143999997060746,HOLD,8,inverse kinematics failed,0.0,-0.06273853628416791,0.04835007438812207,0.0,0.03844125263000625,0.04554549703850269,0.08236381932975456,0.9948186161613419,-0.06152197132121254,0.04863429204602734,0.0,0.03864380214672181,0.04583185538131979,0.08283452342029285,0.9947585331715852,-0.01599356126852793,-0.2905121884787637,0.31800018027737875,7.983069780165498e-06,1.2155677362567674e-10,1.5233012314619796e-05,0.999999999852113,-0.01599356126852792,-0.29051218847876364,0.31800018027737875,7.98306978017329e-06,1.2155677362567666e-10,1.5233012314634663e-05,0.999999999852113,3.0459310294857555e-05,-3.796457022387488e-05,5.144392452131833e-05,0.002699999999966361,-2.4867943292678773e-06,0.002699999999966361,3.0459310294887276e-05,-3.796457022391171e-05,5.144392452136803e-05,0.0026999999999691646,-2.486794329270591e-06,0.0026999999999691646,2.9722093173668497e-15,-3.683535835138461e-15,4.970220631153173e-15,2.8037810151155183e-13,-2.7141002186887366e-16,2.8037810151155183e-13,0.5,True,False,True,5.647850449853784e-17,3.35696974780034e-17
3.9199999999999604,1786130337.4711542,0.0031679000094300136,HOLD,8,inverse kinematics failed,0.0,-0.06304207531449364,0.04826908194166402,0.0,0.038383438345395815,0.04546395797295946,0.08222962454919136,0.9948356794127949,-0.06182731977373487,0.04856093862295226,0.0,0.0385915058600882,0.045757959649177636,0.08271302401044825,0.9947740750860178,-0.01599356126852792,-0.29051218847876364,0.31800018027737875,7.98306978017329e-06,1.2155677362567666e-10,1.5233012314634663e-05,0.999999999852113,-0.01599356126852791,-0.2905121884787637,0.31800018027737875,7.983069780180433e-06,1.2155677362567658e-10,1.523301231464829e-05,0.999999999852113,3.0459310294887276e-05,-3.796457022391171e-05,5.144392452136803e-05,0.0026999999999691646,-2.486794329270591e-06,0.0026999999999691646,3.045931029491452e-05,-3.796457022394548e-05,5.14439245214136e-05,0.0026999999999717346,-2.486794329273079e-06,0.0026999999999717346,2.7245252075862842e-15,-3.3765745155435957e-15,4.556035578557084e-15,2.57013259718923e-13,-2.48792520046468e-16,2.57013259718923e-13,0.5,True,False,True,5.594315114139762e-17,3.077218821124033e-17
3.92999999999996,1786130337.4742212,0.003079499991144985,HOLD,8,inverse kinematics failed,0.0,-0.06334509946601756,0.04818618391450082,0.0,0.038324239943140395,0.04538051739580025,0.08209225801888984,0.9948531160161435,-0.0621322012969139,0.04848566808244281,0.0,0.03853782309659766,0.045682146552628054,0.08258833724085206,0.9947900000648936,-0.01599356126852791,-0.2905121884787637,0.31800018027737875,7.983069780180433e-06,1.2155677362567658e-10,1.523301231464829e-05,0.999999999852113,-0.015993561268527908,-0.2905121884787637,0.31800018027737875,7.983069780186977e-06,1.215567736256765e-10,1.5233012314660786e-05,0.999999999852113,3.045931029491452e-05,-3.796457022394548e-05,5.14439245214136e-05,0.0026999999999717346,-2.486794329273079e-06,0.0026999999999717346,3.0459310294939494e-05,-3.796457022397643e-05,5.144392452145536e-05,0.0026999999999740903,-2.4867943292753595e-06,0.0026999999999740903,2.497481440287432e-15,-3.095193305914969e-15,4.176365947010669e-15,2.355954880756799e-13,-2.280598100425961e-16,2.355954880756799e-13,0.5,True,False,True,3.469446951953614e-18,2.821077939766149e-17
3.93999999999996,1786130337.4773002,0.003069600003072992,HOLD,8,inverse kinematics failed,0.0,-0.06364759677586505,0.048101383579304643,0.0,0.038263658101631015,0.0452951797883939,0.08195172416280937,0.9948709233178752,-0.062436603854599294,0.04840848339610721,0.0,0.03848275445960822,0.04560442016627183,0.0824604671196795,0.9948063056861391,-0.015993561268527908,-0.2905121884787637,0.31800018027737875,7.983069780186977e-06,1.215567736256765e-10,1.5233012314660786e-05,0.999999999852113,-0.015993561268527908,-0.29051218847876364,0.31800018027737875,7.98306978019298e-06,1.2155677362567643e-10,1.5233012314672238e-05,0.999999999852113,3.0459310294939494e-05,-3.796457022397643e-05,5.144392452145536e-05,0.0026999999999740903,-2.4867943292753595e-06,0.0026999999999740903,3.0459310294962387e-05,-3.7964570224004805e-05,5.1443924521493645e-05,0.00269999999997625,-2.48679432927745e-06,0.00269999999997625,2.2893579869301503e-15,-2.8372605304220605e-15,3.828335451426454e-15,2.1596253073604033e-13,-2.0905482587238018e-16,2.1596253073604033e-13,0.5,True,False,True,5.551115123125783e-17,2.5858893260687076e-17
3.9499999999999598,1786130337.4812326,0.0030762999958824366,HOLD,8,inverse kinematics failed,0.0,-0.06394955530196025,0.04801468428384751,0.0,0.03820169351936146,0.04520794973297413,0.08180802750959724,0.9948890986075698,-0.06274051542955116,0.048329387611121384,0.0,0.03842630057157853,0.04552478466669819,0.08232941775965835,0.9948229894693775,-0.015993561268527908,-0.29051218847876364,0.31800018027737875,7.98306978019298e-06,1.2155677362567643e-10,1.5233012314672238e-05,0.999999999852113,-0.015993561268527908,-0.29051218847876364,0.31800018027737875,7.98306978019848e-06,1.2155677362567637e-10,1.5233012314682734e-05,0.999999999852113,3.0459310294962387e-05,-3.7964570224004805e-05,5.1443924521493645e-05,0.00269999999997625,-2.48679432927745e-06,0.00269999999997625,3.0459310294983373e-05,-3.796457022403081e-05,5.144392452152874e-05,0.00269999999997823,-2.4867943292793664e-06,0.00269999999997823,2.098578154685975e-15,-2.600822152886894e-15,3.509307497140923e-15,1.9796565317470402e-13,-1.9163359038301553e-16,1.9796565317470402e-13,0.5,True,False,True,0.0,2.37008052700345e-17
3.9599999999999596,1786130337.4848168,0.003951800012146123,HOLD,8,inverse kinematics failed,0.0,-0.06425096312349758,0.04792608945086916,0.0,0.03813834691520745,0.045118831912321515,0.08166117269262323,0.9949076391182795,-0.06304392402391445,0.048248383850108906,0.0,0.03836846207432539,0.04544324433219648,0.08219519337810423,0.9948400488762762,-0.015993561268527908,-0.29051218847876364,0.31800018027737875,7.98306978019848e-06,1.2155677362567637e-10,1.5233012314682734e-05,0.999999999852113,-0.015993561268527905,-0.29051218847876364,0.31800018027737875,7.983069780203523e-06,1.2155677362567632e-10,1.523301231469236e-05,0.999999999852113,3.0459310294983373e-05,-3.796457022403081e-05,5.144392452152874e-05,0.00269999999997823,-2.4867943292793664e-06,0.00269999999997823,3.045931029500261e-05,-3.796457022405465e-05,5.1443924521560906e-05,0.0026999999999800443,-2.486794329281123e-06,0.0026999999999800443,1.923696641795481e-15,-2.3840869734796574e-15,3.216865205712519e-15,1.814685154101457e-13,-1.7566412451776457e-16,1.814685154101457e-13,0.5,True,False,True,3.469446951953614e-18,2.1733658024455525e-17
3.9699999999999593,1786130337.4879603,0.0036022999993292615,HOLD,8,inverse kinematics failed,0.0,-0.06455180834141237,0.047835602577941894,0.0,0.03807361902871132,0.04502783110943844,0.08151116445001394,0.9949265420269173,-0.06334681765969265,0.048165475311017905,0.0,0.03830923962928673,0.04535980354246038,0.08205779829695567,0.9948574813109019,-0.015993561268527905,-0.29051218847876364,0.31800018027737875,7.983069780203523e-06,1.2155677362567632e-10,1.523301231469236e-05,0.999999999852113,-0.015993561268527898,-0.29051218847876364,0.31800018027737875,7.983069780208148e-06,1.2155677362567625e-10,1.5233012314701182e-05,0.999999999852113,3.045931029500261e-05,-3.796457022405465e-05,5.1443924521560906e-05,0.0026999999999800443,-2.486794329281123e-06,0.0026999999999800443,3.0459310295020246e-05,-3.7964570224076505e-05,5.1443924521590396e-05,0.002699999999981708,-2.4867943292827334e-06,0.002699999999981708,1.7633885883125274e-15,-2.1854130590230234e-15,2.9487931052364813e-15,1.6634613912596722e-13,-1.6102544747461784e-16,1.6634613912596722e-13,0.5,True,False,True,6.938893903907228e-18,1.992272313270737e-17
3.979999999999959,1786130337.491023,0.0031045999930938706,HOLD,8,inverse kinematics failed,0.0,-0.06485207907885053,0.047743227237332535,0.0,0.03800751062037178,0.04493495220721686,0.08135800762468727,0.9949458044546541,-0.06364918437922056,0.04808066526699496,0.0,0.03824863391778996,0.04527446677828489,0.08191723694280915,0.9948752841200854,-0.015993561268527898,-0.29051218847876364,0.31800018027737875,7.983069780208148e-06,1.2155677362567625e-10,1.5233012314701182e-05,0.999999999852113,-0.01599356126852789,-0.29051218847876364,0.31800018027737875,7.983069780212383e-06,1.2155677362567622e-10,1.5233012314709267e-05,0.999999999852113,3.0459310295020246e-05,-3.7964570224076505e-05,5.1443924521590396e-05,0.002699999999981708,-2.4867943292827334e-06,0.002699999999981708,3.045931029503641e-05,-3.7964570224096536e-05,5.144392452161743e-05,0.0026999999999832327,-2.4867943292842093e-06,0.0026999999999832327,1.6164395392864865e-15,-2.0032953041044418e-15,2.7030603464667797e-15,1.5248396086547025e-13,-1.4760666018506663e-16,1.5248396086547025e-13,0.5,True,False,True,6.938893903907228e-18,1.8252562491775218e-17
3.989999999999959,1786130337.4940736,0.0030623000056948513,HOLD,8,inverse kinematics failed,0.0,-0.06515176348163747,0.04764896707586133,0.0,0.03794002247193891,0.044840200188098936,0.0812017071643866,0.994965423467323,-0.06395101224563643,0.04799395706625599,0.0,0.03818664564132572,0.045187238621255926,0.08177351384695392,0.994893454593793,-0.01599356126852789,-0.29051218847876364,0.31800018027737875,7.983069780212383e-06,1.2155677362567622e-10,1.5233012314709267e-05,0.999999999852113,-0.015993561268527887,-0.29051218847876364,0.31800018027737875,7.98306978021627e-06,1.2155677362567617e-10,1.523301231471668e-05,0.999999999852113,3.045931029503641e-05,-3.7964570224096536e-05,5.144392452161743e-05,0.0026999999999832327,-2.4867943292842093e-06,0.0026999999999832327,3.0459310295051227e-05,-3.79645702241149e-05,5.144392452164221e-05,0.0026999999999846305,-2.4867943292855625e-06,0.0026999999999846305,1.4817362443459489e-15,-1.8363540287624086e-15,2.477805317594553e-15,1.3977696412668132e-13,-1.3530610516964467e-16,1.3977696412668132e-13,0.5,True,False,True,3.469446951953614e-18,1.6740186928226127e-17
3.9999999999999587,1786130337.4973698,0.003049999999348074,HOLD,8,inverse kinematics failed,0.0,-0.06545084971874614,0.04755282581475809,0.0,0.037871155386714234,0.0447435801337307,0.08104226812171485,0.9949853960758318,-0.06425228934335318,0.04790535413195416,0.0,0.03812327552182691,0.04509812375343282,0.0816266336454066,0.9949119899655072,-0.015993561268527887,-0.29051218847876364,0.31800018027737875,7.98306978021627e-06,1.2155677362567617e-10,1.523301231471668e-05,0.999999999852113,-0.015993561268527887,-0.29051218847876364,0.31800018027737875,7.98306978021983e-06,1.2155677362567612e-10,1.5233012314723475e-05,0.999999999852113,3.0459310295051227e-05,-3.79645702241149e-05,5.144392452164221e-05,0.0026999999999846305,-2.4867943292855625e-06,0.0026999999999846305,3.045931029506481e-05,-3.796457022413173e-05,5.144392452166492e-05,0.0026999999999859116,-2.486794329286803e-06,0.0026999999999859116,1.358258223983789e-15,-1.6833245263655445e-15,2.2713215411283445e-15,1.2812888378279146e-13,-1.2403059640550786e-16,1.2812888378279146e-13,0.5,True,False,True,0.0,1.534286030150206e-17
4.009999999999959,1786130337.500489,0.0033250999986194074,HOLD,8,inverse kinematics failed,0.0,-0.06574932598276402,0.04745480724951514,0.0,0.037800910189855895,0.044645097224608486,0.08087969565416836,0.9950057192365845,-0.0645530037785288,0.04781485996204482,0.0,0.03805852430195302,0.04500712695702345,0.08147660107894589,0.9949308874126154,-0.015993561268527887,-0.29051218847876364,0.31800018027737875,7.98306978021983e-06,1.2155677362567612e-10,1.5233012314723475e-05,0.999999999852113,-0.01599356126852788,-0.29051218847876364,0.31800018027737875,7.983069780223097e-06,1.215567736256761e-10,1.5233012314729704e-05,0.999999999852113,3.045931029506481e-05,-3.796457022413173e-05,5.144392452166492e-05,0.0026999999999859116,-2.486794329286803e-06,0.0026999999999859116,3.0459310295077262e-05,-3.796457022414716e-05,5.1443924521685745e-05,0.002699999999987086,-2.48679432928794e-06,0.002699999999987086,1.245070038651804e-15,-1.543047482501746e-15,2.0820447460343116e-15,1.174514768008919e-13,-1.136947133717153e-16,1.174514768008919e-13,0.5,True,False,True,6.938893903907228e-18,1.406687402590242e-17
4.019999999999959,1786130337.5035138,0.003093599996645935,HOLD,8,inverse kinematics failed,0.0,-0.06604718049035925,0.04735491524973763,0.0,0.03772928772868874,0.044544756739718507,0.08071399502417063,0.9950263898519092,-0.0648531436795358,0.04772247812914746,0.0,0.03799239274537956,0.04491425311405228,0.08132342099314684,0.994950144056806,-0.01599356126852788,-0.29051218847876364,0.31800018027737875,7.983069780223097e-06,1.215567736256761e-10,1.5233012314729704e-05,0.999999999852113,-0.015993561268527873,-0.29051218847876364,0.31800018027737875,7.983069780226092e-06,1.2155677362567604e-10,1.5233012314735413e-05,0.999999999852113,3.0459310295077262e-05,-3.796457022414716e-05,5.1443924521685745e-05,0.002699999999987086,-2.48679432928794e-06,0.002699999999987086,3.0459310295088676e-05,-3.79645702241613e-05,5.1443924521704834e-05,0.002699999999988163,-2.4867943292889824e-06,0.002699999999988163,1.141314202097489e-15,-1.4144601922932698e-15,1.9085410171981225e-15,1.0766385373415113e-13,-1.0422015392407257e-16,1.0766385373415113e-13,0.5,True,False,True,6.938893903907228e-18,1.2893933380951206e-17
4.0299999999999585,1786130337.506566,0.0030205999937606975,HOLD,8,inverse kinematics failed,0.0,-0.0663444014827459,0.04725315375899067,0.0,0.03765628887301921,0.04444256405616914,0.08054517159910535,0.9950474047704942,-0.06515269719743004,0.0476282122804047,0.0,0.03792488163709274,0.04481950720602129,0.0811670983384151,0.9949697569644739,-0.015993561268527873,-0.29051218847876364,0.31800018027737875,7.983069780226092e-06,1.2155677362567604e-10,1.5233012314735413e-05,0.999999999852113,-0.015993561268527873,-0.29051218847876364,0.31800018027737875,7.983069780228836e-06,1.21556773625676e-10,1.5233012314740647e-05,0.999999999852113,3.0459310295088676e-05,-3.79645702241613e-05,5.1443924521704834e-05,0.002699999999988163,-2.4867943292889824e-06,0.002699999999988163,3.045931029509914e-05,-3.7964570224174266e-05,5.144392452172233e-05,0.00269999999998915,-2.486794329289938e-06,0.00269999999998915,1.0462046852560337e-15,-1.2965885096021665e-15,1.7494959324316157e-15,9.869186592297206e-14,-9.55351410970667e-17,9.869186592297206e-14,0.5,True,False,True,0.0,1.1820890284699325e-17
4.039999999999958,1786130337.509598,0.0030531000084010884,HOLD,8,inverse kinematics failed,0.0,-0.06664097722614809,0.04714952679464366,0.0,0.03758191451545505,0.04433852464881638,0.08037323085134931,0.9950687607878338,-0.06545165250641835,0.047532066137338354,0.0,0.03785599178368906,0.04472289431356364,0.08100763817002073,0.9949897231471319,-0.015993561268527873,-0.29051218847876364,0.31800018027737875,7.983069780228836e-06,1.21556773625676e-10,1.5233012314740647e-05,0.999999999852113,-0.01599356126852787,-0.29051218847876364,0.31800018027737875,7.98306978023135e-06,1.21556773625676e-10,1.5233012314745445e-05,0.999999999852113,3.045931029509914e-05,-3.7964570224174266e-05,5.144392452172233e-05,0.00269999999998915,-2.486794329289938e-06,0.00269999999998915,3.045931029510873e-05,-3.796457022418615e-05,5.144392452173837e-05,0.0026999999999900545,-2.4867943292908137e-06,0.0026999999999900545,9.590209614846995e-16,-1.1885394671353215e-15,1.6037046047289842e-15,9.046754376272457e-14,-8.757387933897798e-17,9.046754376272457e-14,0.5,True,False,True,3.469446951953614e-18,1.0832742743443832e-17
4.049999999999958,1786130337.5130382,0.003031200001714751,HOLD,8,inverse kinematics failed,0.0,-0.06693689601226332,0.047044038447711725,0.0,0.03750616557172983,0.04423264408988225,0.08019817835830498,0.9950904546466786,-0.06574999780432544,0.0474340434957025,0.0,0.03778572401368006,0.044624419616090406,0.08084504564813198,0.9950100395618331,-0.01599356126852787,-0.29051218847876364,0.31800018027737875,7.98306978023135e-06,1.21556773625676e-10,1.5233012314745445e-05,0.999999999852113,-0.01599356126852787,-0.29051218847876364,0.31800018027737875,7.98306978023365e-06,1.2155677362567599e-10,1.5233012314749843e-05,0.999999999852113,3.045931029510873e-05,-3.796457022418615e-05,5.144392452173837e-05,0.0026999999999900545,-2.4867943292908137e-06,0.0026999999999900545,3.0459310295117523e-05,-3.796457022419705e-05,5.144392452175307e-05,0.0026999999999908837,-2.4867943292916162e-06,0.0026999999999908837,8.791025480276429e-16,-1.0894945115407134e-15,1.470062554334905e-15,8.292858178249768e-14,-8.027605606072996e-17,8.292858178249768e-14,0.5,True,False,True,0.0,9.926347270097624e-18
4.059999999999958,1786130337.5161123,0.0034465999924577773,HOLD,8,inverse kinematics failed,0.0,-0.06723214615872461,0.04693669288269417,0.0,0.03742904298103198,0.04412492804856614,0.08002001980243208,0.9951124830374963,-0.06604772131305985,0.047334148225333696,0.0,0.03771407917780183,0.04452408839143009,0.08067932603784847,0.995030703111598,-0.01599356126852787,-0.29051218847876364,0.31800018027737875,7.98306978023365e-06,1.2155677362567599e-10,1.5233012314749843e-05,0.999999999852113,-0.01599356126852787,-0.29051218847876364,0.31800018027737875,7.983069780235765e-06,1.2155677362567594e-10,1.5233012314753875e-05,0.999999999852113,3.0459310295117523e-05,-3.796457022419705e-05,5.144392452175307e-05,0.0026999999999908837,-2.4867943292916162e-06,0.0026999999999908837,3.045931029512558e-05,-3.7964570224207036e-05,5.1443924521766545e-05,0.002699999999991644,-2.4867943292923523e-06,0.002699999999991644,8.058440023586743e-16,-9.987033022456559e-16,1.3475573414736656e-15,7.601786663395635e-14,-7.358638472233594e-17,7.601786663395635e-14,0.5,True,False,True,0.0,9.105129989773973e-18
4.069999999999958,1786130337.5191064,0.003067500001634471,HOLD,8,inverse kinematics failed,0.0,-0.0675267160095617,0.04682749433741009,0.0,0.037350547706338354,0.04401538229064927,0.07983876097127926,0.9951348425989393,-0.06634481127907883,0.04723238426999816,0.0,0.03764105814932947,0.044421906015461164,0.08051048470923416,0.9950517106458522,-0.01599356126852787,-0.29051218847876364,0.31800018027737875,7.983069780235765e-06,1.2155677362567594e-10,1.5233012314753875e-05,0.999999999852113,-0.015993561268527863,-0.29051218847876364,0.31800018027737875,7.983069780237703e-06,1.215567736256759e-10,1.523301231475757e-05,0.999999999852113,3.045931029512558e-05,-3.7964570224207036e-05,5.1443924521766545e-05,0.002699999999991644,-2.4867943292923523e-06,0.002699999999991644,3.0459310295132966e-05,-3.796457022421619e-05,5.14439245217789e-05,0.002699999999992341,-2.486794329293027e-06,0.002699999999992341,7.386903354954528e-16,-9.154780270585197e-16,1.2352608963508625e-15,6.968304441446012e-14,-6.745418599547475e-17,6.968304441446012e-14,0.5,True,False,True,6.938893903907228e-18,8.344368808063096e-18
4.079999999999957,1786130337.5221055,0.002993300004163757,HOLD,8,inverse kinematics failed,0.0,-0.0678205939356613,0.04671644712283108,0.0,0.03727068073475227,0.04390401267809209,0.07965440775751449,0.995157529918319,-0.06664125597385244,0.04712875564723612,0.0,0.03756666182439621,0.044317877961737494,0.08033852713734982,0.9950730589608691,-0.015993561268527863,-0.29051218847876364,0.31800018027737875,7.983069780237703e-06,1.215567736256759e-10,1.523301231475757e-05,0.999999999852113,-0.015993561268527863,-0.29051218847876364,0.31800018027737875,7.983069780239478e-06,1.215567736256759e-10,1.5233012314760956e-05,0.999999999852113,3.0459310295132966e-05,-3.796457022421619e-05,5.14439245217789e-05,0.002699999999992341,-2.486794329293027e-06,0.002699999999992341,3.045931029513974e-05,-3.796457022422458e-05,5.144392452179022e-05,0.0026999999999929797,-2.4867943292936453e-06,0.0026999999999929797,6.771328075374997e-16,-8.391881914703114e-16,1.1323224883216262e-15,6.387612404658857e-14,-6.18330038291853e-17,6.387612404658857e-14,0.5,True,False,True,0.0,7.647205594652755e-18
4.089999999999957,1786130337.5251403,0.0030207999952835962,HOLD,8,inverse kinematics failed,0.0,-0.06811376833522603,0.04660355562291104,0.0,0.03718944307784603,0.043790825168624876,0.07946696615895522,0.9951805415320891,-0.06693704369432646,0.04702326644820319,0.0,0.037490891122317356,0.044212009801106865,0.08016345890228511,0.9950947448002242,-0.015993561268527863,-0.29051218847876364,0.31800018027737875,7.983069780239478e-06,1.215567736256759e-10,1.5233012314760956e-05,0.999999999852113,-0.015993561268527863,-0.29051218847876364,0.31800018027737875,7.983069780241108e-06,1.2155677362567588e-10,1.5233012314764061e-05,0.999999999852113,3.045931029513974e-05,-3.796457022422458e-05,5.144392452179022e-05,0.0026999999999929797,-2.4867943292936453e-06,0.0026999999999929797,3.0459310295145946e-05,-3.796457022423227e-05,5.14439245218006e-05,0.002699999999993565,-2.486794329294212e-06,0.002699999999993565,6.207050735760426e-16,-7.692558421811202e-16,1.0379622809614927e-15,5.855311370937296e-14,-5.668025351008664e-17,5.855311370937296e-14,0.5,True,False,True,0.0,7.013787156889907e-18
4.099999999999957,1786130337.5283716,0.003013000008650124,HOLD,8,inverse kinematics failed,0.0,-0.06840622763423264,0.04648882429441307,0.0,0.03710683577200751,0.0436758258153313,0.07927644227859755,0.9952038739263359,-0.06723216276338448,0.04691592083750887,0.0,0.03741374698591867,0.04410430720132236,0.07998528568918992,0.9951167648552524,-0.015993561268527863,-0.29051218847876364,0.31800018027737875,7.983069780241108e-06,1.2155677362567588e-10,1.5233012314764061e-05,0.999999999852113,-0.015993561268527856,-0.29051218847876364,0.3180001802773788,7.983069780242595e-06,1.2155677362567588e-10,1.5233012314766905e-05,0.999999999852113,3.0459310295145946e-05,-3.796457022423227e-05,5.14439245218006e-05,0.002699999999993565,-2.486794329294212e-06,0.002699999999993565,3.0459310295151635e-05,-3.7964570224239325e-05,5.144392452181012e-05,0.002699999999994102,-2.4867943292947316e-06,0.002699999999994102,5.689796507780402e-16,-7.051511886660282e-16,9.514654242147035e-16,5.3673687566925314e-14,-5.195689905091285e-17,5.3673687566925314e-14,0.5,True,False,True,5.594315114139762e-17,6.419526302081899e-18
4.109999999999957,1786130337.5314374,0.003239499987103045,HOLD,8,inverse kinematics failed,0.0,-0.06869796028688877,0.04637225766673358,0.0,0.03702285987879108,0.043559020766225136,0.0790828423246447,0.9952275235372756,-0.06752660153030884,0.04680672305305211,0.0,0.037335230381869415,0.04399477592664692,0.07980401328830537,0.9951391157655181,-0.015993561268527856,-0.29051218847876364,0.3180001802773788,7.983069780242595e-06,1.2155677362567588e-10,1.5233012314766905e-05,0.999999999852113,-0.015993561268527856,-0.29051218847876364,0.31800018027737875,7.983069780243964e-06,1.2155677362567583e-10,1.5233012314769514e-05,0.999999999852113,3.0459310295151635e-05,-3.7964570224239325e-05,5.144392452181012e-05,0.002699999999994102,-2.4867943292947316e-06,0.002699999999994102,3.045931029515685e-05,-3.796457022424579e-05,5.144392452181884e-05,0.002699999999994594,-2.486794329295208e-06,0.002699999999994594,5.215646798798712e-16,-6.463885896105271e-16,8.721766388634798e-16,4.920088026968163e-14,-4.762715746333687e-17,4.920088026968163e-14,0.5,True,False,True,5.551115123125783e-17,5.892295308833289e-18
4.119999999999957,1786130337.534442,0.003058200003579259,HOLD,8,inverse kinematics failed,0.0,-0.06898895477608878,0.04625386034172343,0.0,0.03693751648527259,0.043440416263820086,0.07888617261053439,0.9952514867517592,-0.06782034837124058,0.04669567740585404,0.0,0.03725534230101972,0.04388342183745077,0.07961964759499392,0.9951617941192875,-0.015993561268527856,-0.29051218847876364,0.31800018027737875,7.983069780243964e-06,1.2155677362567583e-10,1.5233012314769514e-05,0.999999999852113,-0.015993561268527856,-0.29051218847876364,0.31800018027737875,7.983069780245218e-06,1.2155677362567583e-10,1.5233012314771906e-05,0.999999999852113,3.045931029515685e-05,-3.796457022424579e-05,5.144392452181884e-05,0.002699999999994594,-2.486794329295208e-06,0.002699999999994594,3.045931029516163e-05,-3.796457022425171e-05,5.1443924521826834e-05,0.002699999999995045,-2.4867943292956447e-06,0.002699999999995045,4.781009565565495e-16,-5.92522873809651e-16,7.994952522915247e-16,4.5100806913874916e-14,-4.3658227674725544e-17,4.5100806913874916e-14,0.5,True,False,True,0.0,5.401221935221206e-18
4.129999999999956,1786130337.5374377,0.0030033000075491145,HOLD,8,inverse kinematics failed,0.0,-0.06927919961386857,0.046133636993506276,0.0,0.03685080670440839,0.0433200186446928,0.07868643955496564,0.9952757599077858,-0.06811339168963831,0.046582788279887724,0.0,0.0371740837587424,0.043770250889802076,0.07943219460976896,0.9951847964540141,-0.015993561268527856,-0.29051218847876364,0.31800018027737875,7.983069780245218e-06,1.2155677362567583e-10,1.5233012314771906e-05,0.999999999852113,-0.015993561268527856,-0.29051218847876364,0.31800018027737875,7.983069780246366e-06,1.2155677362567583e-10,1.52330123147741e-05,0.999999999852113,3.045931029516163e-05,-3.796457022425171e-05,5.1443924521826834e-05,0.002699999999995045,-2.4867943292956447e-06,0.002699999999995045,3.0459310295166014e-05,-3.796457022425715e-05,5.1443924521834166e-05,0.002699999999995458,-2.486794329296045e-06,0.002699999999995458,4.382592101768379e-16,-5.431459676588478e-16,7.32870647933899e-16,4.1342406337718756e-14,-4.002004203516516e-17,4.1342406337718756e-14,0.5,True,False,True,0.0,4.9525969344406776e-18
4.139999999999956,1786130337.5404313,0.0029964999994263053,HOLD,8,inverse kinematics failed,0.0,-0.06956868334185885,0.04601159236829406,0.0,0.03676273167539823,0.043197834339038996,0.07848364968192409,0.9953003392950214,-0.068405719916736,0.046468060131905096,0.0,0.03709145579527896,0.04365526913505062,0.07924166043832354,0.995208119256827,-0.015993561268527856,-0.29051218847876364,0.31800018027737875,7.983069780246366e-06,1.2155677362567583e-10,1.52330123147741e-05,0.999999999852113,-0.015993561268527853,-0.29051218847876364,0.31800018027737875,7.983069780247417e-06,1.215567736256758e-10,1.523301231477611e-05,0.999999999852113,3.0459310295166014e-05,-3.796457022425715e-05,5.1443924521834166e-05,0.002699999999995458,-2.486794329296045e-06,0.002699999999995458,3.0459310295170032e-05,-3.796457022426213e-05,5.144392452184088e-05,0.0026999999999958372,-2.4867943292964117e-06,0.0026999999999958372,4.0173760932876884e-16,-4.978838036872781e-16,6.717980939394088e-16,3.78972058095756e-14,-3.6685038532234803e-17,3.78972058095756e-14,0.5,True,False,True,3.469446951953614e-18,4.534272354482192e-18
4.149999999999956,1786130337.543446,0.00299579999409616,HOLD,8,inverse kinematics failed,0.0,-0.06985739453173777,0.04588773128419961,0.0,0.03667329256405187,0.043073869870222714,0.07827780962070663,0.9953252211553262,-0.06869732151199968,0.04635149749126102,0.0,0.037007459476089764,0.043538482719404456,0.07904805129155815,0.9952317589650288,-0.015993561268527853,-0.29051218847876364,0.31800018027737875,7.983069780247417e-06,1.215567736256758e-10,1.523301231477611e-05,0.999999999852113,-0.015993561268527853,-0.29051218847876364,0.31800018027737875,7.983069780248382e-06,1.215567736256758e-10,1.5233012314777952e-05,0.999999999852113,3.0459310295170032e-05,-3.796457022426213e-05,5.144392452184088e-05,0.0026999999999958372,-2.4867943292964117e-06,0.0026999999999958372,3.0459310295173715e-05,-3.7964570224266695e-05,5.144392452184704e-05,0.0026999999999961846,-2.486794329296748e-06,0.0026999999999961846,3.6825947521803883e-16,-4.563934867133391e-16,6.158149194444592e-16,3.4739105325444367e-14,-3.362795198788197e-17,3.4739105325444367e-14,0.5,True,False,True,0.0,4.1615362287527466e-18
4.159999999999956,1786130337.5468106,0.003076399996643886,HOLD,8,inverse kinematics failed,0.0,-0.07014532178568186,0.04576205863104644,0.0,0.036582490563159716,0.042948131854319,0.07806892610594474,0.9953504016832891,-0.06898818496358307,0.046233104959734456,0.0,0.03692209589220836,0.04341989788349994,0.07885137348560785,0.9952557119666012,-0.015993561268527853,-0.29051218847876364,0.31800018027737875,7.983069780248382e-06,1.215567736256758e-10,1.5233012314777952e-05,0.999999999852113,-0.015993561268527853,-0.29051218847876364,0.31800018027737875,7.983069780249266e-06,1.2155677362567578e-10,1.523301231477964e-05,0.999999999852113,3.0459310295173715e-05,-3.7964570224266695e-05,5.144392452184704e-05,0.0026999999999961846,-2.486794329296748e-06,0.0026999999999961846,3.045931029517709e-05,-3.7964570224270875e-05,5.1443924521852685e-05,0.002699999999996503,-2.4867943292970563e-06,0.002699999999996503,3.3757118561653623e-16,-4.18360696153895e-16,5.644970094907554e-16,3.1844179881657395e-14,-3.082562265555853e-17,3.1844179881657395e-14,0.5,True,False,True,0.0,3.809953820123309e-18
4.1699999999999555,1786130337.549941,0.003350500002852641,HOLD,8,inverse kinematics failed,0.0,-0.07043245373681617,0.04563457937017572,0.0,0.03649032689286676,0.04282062699964955,0.07785700597762642,0.9953758770267686,-0.06927829878878199,0.04611288721134678,0.0,0.03683536616059975,0.043299520961964696,0.07865163344186825,0.9952799746007176,-0.015993561268527853,-0.29051218847876364,0.31800018027737875,7.983069780249266e-06,1.2155677362567578e-10,1.523301231477964e-05,0.999999999852113,-0.015993561268527853,-0.29051218847876364,0.31800018027737875,7.98306978025008e-06,1.2155677362567578e-10,1.5233012314781186e-05,0.999999999852113,3.045931029517709e-05,-3.7964570224270875e-05,5.1443924521852685e-05,0.002699999999996503,-2.4867943292970563e-06,0.002699999999996503,3.0459310295180183e-05,-3.796457022427471e-05,5.144392452185786e-05,0.002699999999996795,-2.4867943292973388e-06,0.002699999999996795,3.0944025348182546e-16,-3.834973048077378e-16,5.174555920331935e-16,2.919049822485267e-14,-2.8256820767595374e-17,2.919049822485267e-14,0.5,True,False,True,0.0,3.494819755933612e-18
4.179999999999955,1786130337.5529613,0.003081600007135421,HOLD,8,inverse kinematics failed,0.0,-0.07071877904966294,0.04550529853425037,0.0,0.03639680280105025,0.04269136210631181,0.07764205618111723,0.9954016432874407,-0.06956765153448768,0.045990848992177244,0.0,0.036747271424522575,0.04317735838297385,0.07844883768702053,0.9953045431582619,-0.015993561268527853,-0.29051218847876364,0.31800018027737875,7.98306978025008e-06,1.2155677362567578e-10,1.5233012314781186e-05,0.999999999852113,-0.015993561268527853,-0.29051218847876364,0.31800018027737875,7.983069780250822e-06,1.2155677362567578e-10,1.5233012314782606e-05,0.999999999852113,3.0459310295180183e-05,-3.796457022427471e-05,5.144392452185786e-05,0.002699999999996795,-2.4867943292973388e-06,0.002699999999996795,3.045931029518302e-05,-3.796457022427823e-05,5.1443924521862606e-05,0.0026999999999970624,-2.486794329297598e-06,0.0026999999999970624,2.8365356569167387e-16,-3.515391960737603e-16,4.743342926970949e-16,2.6757956706115e-14,-2.5902085703629143e-17,2.6757956706115e-14,0.5,True,False,True,0.0,3.203689573931268e-18
4.189999999999955,1786130337.555989,0.0030186999938450754,HOLD,8,inverse kinematics failed,0.0,-0.07100428642058902,0.04537422122705645,0.0,0.036301919563700706,0.04256034406570124,0.07742408376717956,0.9954276965213559,-0.06985623177763894,0.04586699512017561,0.0,0.036657812853895036,0.04305341666779941,0.07824299285305526,0.9953294138823561,-0.015993561268527853,-0.29051218847876364,0.31800018027737875,7.983069780250822e-06,1.2155677362567578e-10,1.5233012314782606e-05,0.999999999852113,-0.015993561268527853,-0.29051218847876364,0.31800018027737875,7.983069780251503e-06,1.2155677362567575e-10,1.5233012314783905e-05,0.999999999852113,3.045931029518302e-05,-3.796457022427823e-05,5.1443924521862606e-05,0.0026999999999970624,-2.486794329297598e-06,0.0026999999999970624,3.0459310295185618e-05,-3.796457022428145e-05,5.1443924521866956e-05,0.002699999999997308,-2.4867943292978356e-06,0.002699999999997308,2.6001576855070155e-16,-3.2224426306761427e-16,4.348064349723378e-16,2.4528126980605464e-14,-2.3743578561660095e-17,2.4528126980605464e-14,0.5,True,False,True,0.0,2.9339988863409385e-18
4.199999999999955,1786130337.5589948,0.0030288999987533316,HOLD,8,inverse kinematics failed,0.0,-0.07128896457825236,0.04524135262330158,0.0,0.03620567848530633,0.042427579860027015,0.07720309589199091,0.9954540327394991,-0.07014402812567307,0.04574133048497192,0.0,0.03656699164566467,0.042927702430352925,0.07803410567729535,0.9953545829688945,-0.015993561268527853,-0.29051218847876364,0.31800018027737875,7.983069780251503e-06,1.2155677362567575e-10,1.5233012314783905e-05,0.999999999852113,-0.015993561268527853,-0.29051218847876364,0.31800018027737875,7.983069780252126e-06,1.2155677362567575e-10,1.5233012314785098e-05,0.999999999852113,3.0459310295185618e-05,-3.796457022428145e-05,5.1443924521866956e-05,0.002699999999997308,-2.4867943292978356e-06,0.002699999999997308,3.0459310295188e-05,-3.796457022428441e-05,5.144392452187094e-05,0.0026999999999975325,-2.4867943292980532e-06,0.0026999999999975325,2.383477878381435e-16,-2.95390574478647e-16,3.9857256539131043e-16,2.2484116398888384e-14,-2.176494701485513e-17,2.2484116398888384e-14,0.5,True,False,True,0.0,2.691465016852878e-18
4.209999999999955,1786130337.562363,0.0030038999975658953,HOLD,8,inverse kinematics failed,0.0,-0.07157280228404665,0.04510669796841076,0.0,0.036108080899240565,0.042293076561820846,0.07697909981716022,0.9954806479083608,-0.0704310292169756,0.045613860047683454,0.0,0.0364748090241816,0.04280022237672126,0.07782218300241733,0.9953800465670845,-0.015993561268527853,-0.29051218847876364,0.31800018027737875,7.983069780252126e-06,1.2155677362567575e-10,1.5233012314785098e-05,0.999999999852113,-0.015993561268527853,-0.29051218847876364,0.31800018027737875,7.983069780252699e-06,1.2155677362567573e-10,1.523301231478619e-05,0.999999999852113,3.0459310295188e-05,-3.796457022428441e-05,5.144392452187094e-05,0.0026999999999975325,-2.4867943292980532e-06,0.0026999999999975325,3.0459310295190185e-05,-3.796457022428712e-05,5.144392452187459e-05,0.0026999999999977385,-2.4867943292982527e-06,0.0026999999999977385,2.1848547218496532e-16,-2.707746932720936e-16,3.6535818494203526e-16,2.0610440032314393e-14,-1.9951201430283907e-17,2.0610440032314393e-14,0.5,True,False,True,0.0,2.4672230521427954e-18
4.2199999999999545,1786130337.565426,0.0033765000116545707,HOLD,8,inverse kinematics failed,0.0,-0.07185578833254536,0.04497026257831918,0.0,0.036009128168152896,0.04215684133343939,0.07675210290974288,0.9955075379505115,-0.07071722372132885,0.04548458884071886,0.0,0.0363812662415754,0.042670983304695785,0.07760723177647179,0.995405800779995,-0.015993561268527853,-0.29051218847876364,0.31800018027737875,7.983069780252699e-06,1.2155677362567573e-10,1.523301231478619e-05,0.999999999852113,-0.015993561268527853,-0.29051218847876364,0.31800018027737875,7.983069780253224e-06,1.2155677362567573e-10,1.5233012314787192e-05,0.999999999852113,3.0459310295190185e-05,-3.796457022428712e-05,5.144392452187459e-05,0.0026999999999977385,-2.4867943292982527e-06,0.0026999999999977385,3.0459310295192187e-05,-3.79645702242896e-05,5.144392452187794e-05,0.0026999999999979276,-2.4867943292984357e-06,0.0026999999999979276,2.0027834950288527e-16,-2.482101354994196e-16,3.3491166953019965e-16,1.8892903362954896e-14,-1.8288601311093616e-17,1.8892903362954896e-14,0.5,True,False,True,0.0,2.261133153817485e-18
4.229999999999954,1786130337.5684505,0.003057099995203316,HOLD,8,inverse kinematics failed,0.0,-0.07213791155194378,0.04483205183926244,0.0,0.03590882168436262,0.04201888142655993,0.07652211264225425,0.9955346987451856,-0.07100260034035918,0.04535352196757946,0.0,0.036286364578135326,0.04253999210329476,0.0773892590529021,0.9954318416651123,-0.015993561268527853,-0.29051218847876364,0.31800018027737875,7.983069780253224e-06,1.2155677362567573e-10,1.5233012314787192e-05,0.999999999852113,-0.015993561268527853,-0.29051218847876364,0.31800018027737875,7.983069780253705e-06,1.2155677362567573e-10,1.523301231478811e-05,0.999999999852113,3.0459310295192187e-05,-3.79645702242896e-05,5.144392452187794e-05,0.0026999999999979276,-2.4867943292984357e-06,0.0026999999999979276,3.0459310295194024e-05,-3.7964570224291875e-05,5.144392452188101e-05,0.0026999999999981006,-2.4867943292986034e-06,0.0026999999999981006,1.8358848704431185e-16,-2.275259575411351e-16,3.0700236373601693e-16,1.7318494749375355e-14,-1.6764551201835848e-17,1.7318494749375355e-14,0.5,True,False,True,0.0,2.0731933843554002e-18
4.239999999999954,1786130337.5714955,0.0030258000042522326,HOLD,8,inverse kinematics failed,0.0,-0.07241916080450032,0.04469207120756384,0.0,0.035807162870255496,0.04187920418166942,0.07628913659268112,0.9955621261288702,-0.07128714780798304,0.04522066460265778,0.0,0.036190105342693894,0.042407255752279036,0.07716827199056195,0.9954581652349015,-0.015993561268527853,-0.29051218847876364,0.31800018027737875,7.983069780253705e-06,1.2155677362567573e-10,1.523301231478811e-05,0.999999999852113,-0.015993561268527853,-0.29051218847876364,0.31800018027737875,7.983069780254144e-06,1.2155677362567575e-10,1.5233012314788954e-05,0.999999999852113,3.0459310295194024e-05,-3.7964570224291875e-05,5.144392452188101e-05,0.0026999999999981006,-2.4867943292986034e-06,0.0026999999999981006,3.0459310295195707e-05,-3.796457022429396e-05,5.144392452188382e-05,0.0026999999999982593,-2.486794329298757e-06,0.0026999999999982593,1.682894464572862e-16,-2.0856546107937425e-16,2.8141883342468274e-16,1.5875286853594106e-14,-1.5367505268349557e-17,1.5875286853594106e-14,0.5,True,False,True,0.0,1.901840796009769e-18
4.249999999999954,1786130337.574682,0.003123199989204295,HOLD,8,inverse kinematics failed,0.0,-0.07269952498697606,0.04455032620941905,0.0,0.03570415317868335,0.04173781702754713,0.07605318244449165,0.9955898158959006,-0.07157085489085169,0.04508602199103322,0.0,0.03609248987301365,0.04227278132166109,0.07694427785373122,0.9954847674573758,-0.015993561268527853,-0.29051218847876364,0.31800018027737875,7.983069780254144e-06,1.2155677362567575e-10,1.5233012314788954e-05,0.999999999852113,-0.015993561268527853,-0.29051218847876364,0.31800018027737875,7.983069780254549e-06,1.2155677362567573e-10,1.5233012314789724e-05,0.999999999852113,3.0459310295195707e-05,-3.796457022429396e-05,5.144392452188382e-05,0.0026999999999982593,-2.486794329298757e-06,0.0026999999999982593,3.045931029519725e-05,-3.796457022429587e-05,5.1443924521886404e-05,0.002699999999998405,-2.486794329298898e-06,0.002699999999998405,1.5426532591917932e-16,-1.9118500598942676e-16,2.5796726397262634e-16,1.4552346282461292e-14,-1.4086879829320454e-17,1.4552346282461292e-14,0.5,True,False,True,0.0,1.7413349393550067e-18
4.259999999999954,1786130337.5786645,0.00311140000121668,HOLD,8,inverse kinematics failed,0.0,-0.0729789930310731,0.0444068224406779,0.0,0.03559979409336627,0.04159472748074056,0.07581425798664336,0.9956177637990635,-0.07185371038879468,0.044949599448265015,0.0,0.03599351953617713,0.04213657597120747,0.07671728401213034,0.9955116442566726,-0.015993561268527853,-0.29051218847876364,0.31800018027737875,7.983069780254549e-06,1.2155677362567573e-10,1.5233012314789724e-05,0.999999999852113,-0.015993561268527853,-0.29051218847876364,0.31800018027737875,7.983069780254918e-06,1.2155677362567573e-10,1.5233012314790431e-05,0.999999999852113,3.045931029519725e-05,-3.796457022429587e-05,5.1443924521886404e-05,0.002699999999998405,-2.486794329298898e-06,0.002699999999998405,3.0459310295198662e-05,-3.796457022429763e-05,5.144392452188877e-05,0.0026999999999985386,-2.4867943292990273e-06,0.0026999999999985386,1.414098820925813e-16,-1.7525292215697488e-16,2.3646999197490793e-16,1.3339650758922876e-14,-1.2912973176877109e-17,1.3339650758922876e-14,0.5,True,False,True,0.0,1.5942699234610889e-18
4.269999999999953,1786130337.582327,0.0039957999979378656,HOLD,8,inverse kinematics failed,0.0,-0.07325755390387162,0.044261565566623445,0.0,0.035494087129297476,0.04144994314503508,0.07557237111358929,0.9956459655502056,-0.072135703135262,0.044811402360182356,0.0,0.03589319572897976,0.041998646949934604,0.07648729794093305,0.9955387915136361,-0.015993561268527853,-0.29051218847876364,0.31800018027737875,7.983069780254918e-06,1.2155677362567573e-10,1.5233012314790431e-05,0.999999999852113,-0.015993561268527853,-0.29051218847876364,0.31800018027737875,7.98306978025526e-06,1.215567736256757e-10,1.5233012314791078e-05,0.999999999852113,3.0459310295198662e-05,-3.796457022429763e-05,5.144392452188877e-05,0.0026999999999985386,-2.4867943292990273e-06,0.0026999999999985386,3.045931029519996e-05,-3.7964570224299234e-05,5.144392452189094e-05,0.002699999999998661,-2.4867943292991455e-06,0.002699999999998661,1.296257252515331e-16,-1.6064851197722728e-16,2.167641593103327e-16,1.2228013195679327e-14,-1.183689207880404e-17,1.2228013195679327e-14,0.5,True,False,True,0.0,1.4640807067317618e-18
4.279999999999953,1786130337.5857,0.003694700004416518,HOLD,8,inverse kinematics failed,0.0,-0.07353519660826532,0.04411456132174837,0.0,0.03538703383315076,0.041303471710916896,0.07532752982528204,0.9956744168208493,-0.07241682199776492,0.044671436182671734,0.0,0.035791519878325725,0.041859001595597994,0.07625432722077741,0.9955662050664064,-0.015993561268527853,-0.29051218847876364,0.31800018027737875,7.98306978025526e-06,1.215567736256757e-10,1.5233012314791078e-05,0.999999999852113,-0.015993561268527853,-0.29051218847876364,0.31800018027737875,7.983069780255572e-06,1.2155677362567573e-10,1.5233012314791674e-05,0.999999999852113,3.045931029519996e-05,-3.7964570224299234e-05,5.144392452189094e-05,0.002699999999998661,-2.4867943292991455e-06,0.002699999999998661,3.045931029520115e-05,-3.7964570224300705e-05,5.144392452189292e-05,0.002699999999998773,-2.486794329299254e-06,0.002699999999998773,1.1882358148057226e-16,-1.472611359791253e-16,1.9870047936780536e-16,1.1209012096039405e-14,-1.085048440557039e-17,1.1209012096039405e-14,0.5,True,False,True,0.0,1.3457325084262808e-18
