time_s,wall_time_s,cycle_period_s,compute_time_s,dt_s,state,fault_bits,fault_reason,message_age_s,input_timestamp_s,master_sequence,master_raw.position[0],master_raw.position[1],master_raw.position[2],master_raw.orientation_xyzw[0],master_raw.orientation_xyzw[1],master_raw.orientation_xyzw[2],master_raw.orientation_xyzw[3],master_filtered.position[0],master_filtered.position[1],master_filtered.position[2],master_filtered.orientation_xyzw[0],master_filtered.orientation_xyzw[1],master_filtered.orientation_xyzw[2],master_filtered.orientation_xyzw[3],mapped_flange.position[0],mapped_flange.position[1],mapped_flange.position[2],mapped_flange.orientation_xyzw[0],mapped_flange.orientation_xyzw[1],mapped_flange.orientation_xyzw[2],mapped_flange.orientation_xyzw[3],limited_flange.position[0],limited_flange.position[1],limited_flange.position[2],limited_flange.orientation_xyzw[0],limited_flange.orientation_xyzw[1],limited_flange.orientation_xyzw[2],limited_flange.orientation_xyzw[3],target_flange.position[0],target_flange.position[1],target_flange.position[2],target_flange.orientation_xyzw[0],target_flange.orientation_xyzw[1],target_flange.orientation_xyzw[2],target_flange.orientation_xyzw[3],actual_flange.position[0],actual_flange.position[1],actual_flange.position[2],actual_flange.orientation_xyzw[0],actual_flange.orientation_xyzw[1],actual_flange.orientation_xyzw[2],actual_flange.orientation_xyzw[3],true_flange.position[0],true_flange.position[1],true_flange.position[2],true_flange.orientation_xyzw[0],true_flange.orientation_xyzw[1],true_flange.orientation_xyzw[2],true_flange.orientation_xyzw[3],target_joints_rad[0],target_joints_rad[1],target_joints_rad[2],target_joints_rad[3],target_joints_rad[4],target_joints_rad[5],actual_joints_rad[0],actual_joints_rad[1],actual_joints_rad[2],actual_joints_rad[3],actual_joints_rad[4],actual_joints_rad[5],true_joints_rad[0],true_joints_rad[1],true_joints_rad[2],true_joints_rad[3],true_joints_rad[4],true_joints_rad[5],actual_joint_velocity_rad_s[0],actual_joint_velocity_rad_s[1],actual_joint_velocity_rad_s[2],actual_joint_velocity_rad_s[3],actual_joint_velocity_rad_s[4],actual_joint_velocity_rad_s[5],actual_joint_acceleration_rad_s2[0],actual_joint_acceleration_rad_s2[1],actual_joint_acceleration_rad_s2[2],actual_joint_acceleration_rad_s2[3],actual_joint_acceleration_rad_s2[4],actual_joint_acceleration_rad_s2[5],grasp,openrst_pitch_rad,openrst_yaw_rad,openrst_grasp,openrst_command_accepted,openrst_command_clipped,deadman,clutch,validity_flags,ik_attempted,ik_success,ik_time_s,ik_evaluations,ik_position_error_m,ik_orientation_error_rad,ik_message,command_accepted,feedback_available,feedback_age_s,safety_feedback_age_s,safety_feedback_fresh,joint_tracking_error_rad,safety_joint_tracking_error_rad,safety_stalled_joint_mask[0],safety_stalled_joint_mask[1],safety_stalled_joint_mask[2],safety_stalled_joint_mask[3],safety_stalled_joint_mask[4],safety_stalled_joint_mask[5],joint_target_scale,unreachable_target_injected,fatal_fault_injected,clear_fault_injected,position_error_m,orientation_error_rad,mapped_position_error_m,mapped_orientation_error_rad
1.300009898841381e-06,1786139317.1469612,1.300009898841381e-06,0.002558000007411465,1.300009898841381e-06,READY,0,waiting for deadman,0.0,1.300009898841381e-06,1,0.0,0.0,0.0,0.0,0.0,0.0,1.0,0.0,0.0,0.0,0.0,0.0,0.0,1.0,-0.016000000000000007,-0.22496149868535165,0.2802328425555495,-0.1305261922200515,0.0,0.0,0.9914448613738105,-0.016000000000000007,-0.22496149868535165,0.2802328425555495,-0.1305261922200515,0.0,0.0,0.9914448613738105,-0.016000000000000007,-0.22496149868535165,0.2802328425555495,-0.1305261922200515,0.0,0.0,0.9914448613738105,-0.016000000000000007,-0.22496149868535165,0.2802328425555495,-0.1305261922200515,0.0,0.0,0.9914448613738105,-0.016000000000000007,-0.22496149868535165,0.2802328425555495,-0.1305261922200515,0.0,0.0,0.9914448613738105,0.0,-0.5235987755982988,0.7853981633974483,0.0,0.5235987755982988,0.0,0.0,-0.5235987755982988,0.7853981633974483,0.0,0.5235987755982988,0.0,0.0,-0.5235987755982988,0.7853981633974483,0.0,0.5235987755982988,0.0,0.0,0.0,0.0,0.0,0.0,0.0,0.0,0.0,0.0,0.0,0.0,0.0,0.5,0.0,0.0,0.0,False,False,False,False,1,False,,0.0,0,,,,True,True,0.0,1.300009898841381e-06,True,0.0,0.0,False,False,False,False,False,False,1.0,False,False,False,0.0,0.0,0.0,0.0
0.011521700012963265,1786139317.1590698,0.011520400003064424,0.003143100009765476,0.011520400003064424,READY,0,waiting for deadman,0.0,0.011521700012963265,3,0.0,0.0,0.0,0.0,0.0,0.0,1.0,0.0,0.0,0.0,0.0,0.0,0.0,1.0,-0.016000000000000007,-0.22496149868535165,0.2802328425555495,-0.1305261922200515,0.0,0.0,0.9914448613738105,-0.016000000000000007,-0.22496149868535165,0.2802328425555495,-0.1305261922200515,0.0,0.0,0.9914448613738105,-0.016000000000000007,-0.22496149868535165,0.2802328425555495,-0.1305261922200515,0.0,0.0,0.9914448613738105,-0.016000000000000007,-0.22496149868535165,0.2802328425555495,-0.1305261922200515,0.0,0.0,0.9914448613738105,-0.016000000000000007,-0.22496149868535165,0.2802328425555495,-0.1305261922200515,0.0,0.0,0.9914448613738105,0.0,-0.5235987755982988,0.7853981633974483,0.0,0.5235987755982988,0.0,0.0,-0.5235987755982988,0.7853981633974483,0.0,0.5235987755982988,0.0,0.0,-0.5235987755982988,0.7853981633974483,0.0,0.5235987755982988,0.0,0.0,0.0,0.0,0.0,0.0,0.0,0.0,0.0,0.0,0.0,0.0,0.0,0.5,0.0,0.0,0.0,False,False,False,False,1,False,,0.0,0,,,,True,True,0.0,0.011520400003064424,True,0.0,0.0,False,False,False,False,False,False,1.0,False,False,False,0.0,0.0,0.0,0.0
0.02054389999830164,1786139317.1690085,0.009022199985338375,0.004059999977471307,0.009022199985338375,READY,0,waiting for deadman,0.0,0.02054389999830164,4,0.0,0.0,0.0,0.0,0.0,0.0,1.0,0.0,0.0,0.0,0.0,0.0,0.0,1.0,-0.016000000000000007,-0.22496149868535165,0.2802328425555495,-0.1305261922200515,0.0,0.0,0.9914448613738105,-0.016000000000000007,-0.22496149868535165,0.2802328425555495,-0.1305261922200515,0.0,0.0,0.9914448613738105,-0.016000000000000007,-0.22496149868535165,0.2802328425555495,-0.1305261922200515,0.0,0.0,0.9914448613738105,-0.016000000000000007,-0.22496149868535165,0.2802328425555495,-0.1305261922200515,0.0,0.0,0.9914448613738105,-0.016000000000000007,-0.22496149868535165,0.2802328425555495,-0.1305261922200515,0.0,0.0,0.9914448613738105,0.0,-0.5235987755982988,0.7853981633974483,0.0,0.5235987755982988,0.0,0.0,-0.5235987755982988,0.7853981633974483,0.0,0.5235987755982988,0.0,0.0,-0.5235987755982988,0.7853981633974483,0.0,0.5235987755982988,0.0,0.0,0.0,0.0,0.0,0.0,0.0,0.0,0.0,0.0,0.0,0.0,0.0,0.5,0.0,0.0,0.0,False,False,False,False,1,False,,0.0,0,,,,True,True,0.0,0.009022199985338375,True,0.0,0.0,False,False,False,False,False,False,1.0,False,False,False,0.0,0.0,0.0,0.0
0.03136419999646023,1786139317.1784527,0.010820299998158589,0.002683800004888326,0.010820299998158589,READY,0,waiting for deadman,0.0,0.03136419999646023,5,0.0,0.0,0.0,0.0,0.0,0.0,1.0,0.0,0.0,0.0,0.0,0.0,0.0,1.0,-0.016000000000000007,-0.22496149868535165,0.2802328425555495,-0.1305261922200515,0.0,0.0,0.9914448613738105,-0.016000000000000007,-0.22496149868535165,0.2802328425555495,-0.1305261922200515,0.0,0.0,0.9914448613738105,-0.016000000000000007,-0.22496149868535165,0.2802328425555495,-0.1305261922200515,0.0,0.0,0.9914448613738105,-0.016000000000000007,-0.22496149868535165,0.2802328425555495,-0.1305261922200515,0.0,0.0,0.9914448613738105,-0.016000000000000007,-0.22496149868535165,0.2802328425555495,-0.1305261922200515,0.0,0.0,0.9914448613738105,0.0,-0.5235987755982988,0.7853981633974483,0.0,0.5235987755982988,0.0,0.0,-0.5235987755982988,0.7853981633974483,0.0,0.5235987755982988,0.0,0.0,-0.5235987755982988,0.7853981633974483,0.0,0.5235987755982988,0.0,0.0,0.0,0.0,0.0,0.0,0.0,0.0,0.0,0.0,0.0,0.0,0.0,0.5,0.0,0.0,0.0,False,False,False,False,1,False,,0.0,0,,,,True,True,0.0,0.010820299998158589,True,0.0,0.0,False,False,False,False,False,False,1.0,False,False,False,0.0,0.0,0.0,0.0
0.040704899991396815,1786139317.188511,0.009340699994936585,0.0034007999929599464,0.009340699994936585,READY,0,waiting for deadman,0.0,0.040704899991396815,6,0.0,0.0,0.0,0.0,0.0,0.0,1.0,0.0,0.0,0.0,0.0,0.0,0.0,1.0,-0.016000000000000007,-0.22496149868535165,0.2802328425555495,-0.1305261922200515,0.0,0.0,0.9914448613738105,-0.016000000000000007,-0.22496149868535165,0.2802328425555495,-0.1305261922200515,0.0,0.0,0.9914448613738105,-0.016000000000000007,-0.22496149868535165,0.2802328425555495,-0.1305261922200515,0.0,0.0,0.9914448613738105,-0.016000000000000007,-0.22496149868535165,0.2802328425555495,-0.1305261922200515,0.0,0.0,0.9914448613738105,-0.016000000000000007,-0.22496149868535165,0.2802328425555495,-0.1305261922200515,0.0,0.0,0.9914448613738105,0.0,-0.5235987755982988,0.7853981633974483,0.0,0.5235987755982988,0.0,0.0,-0.5235987755982988,0.7853981633974483,0.0,0.5235987755982988,0.0,0.0,-0.5235987755982988,0.7853981633974483,0.0,0.5235987755982988,0.0,0.0,0.0,0.0,0.0,0.0,0.0,0.0,0.0,0.0,0.0,0.0,0.0,0.5,0.0,0.0,0.0,False,False,False,False,1,False,,0.0,0,,,,True,True,0.0,0.009340699994936585,True,0.0,0.0,False,False,False,False,False,False,1.0,False,False,False,0.0,0.0,0.0,0.0
0.05059239998809062,1786139317.1984396,0.009887499996693805,0.0034411999804433435,0.009887499996693805,READY,0,waiting for deadman,0.0,0.05059239998809062,7,0.0,0.0,0.0,0.0,0.0,0.0,1.0,0.0,0.0,0.0,0.0,0.0,0.0,1.0,-0.016000000000000007,-0.22496149868535165,0.2802328425555495,-0.1305261922200515,0.0,0.0,0.9914448613738105,-0.016000000000000007,-0.22496149868535165,0.2802328425555495,-0.1305261922200515,0.0,0.0,0.9914448613738105,-0.016000000000000007,-0.22496149868535165,0.2802328425555495,-0.1305261922200515,0.0,0.0,0.9914448613738105,-0.016000000000000007,-0.22496149868535165,0.2802328425555495,-0.1305261922200515,0.0,0.0,0.9914448613738105,-0.016000000000000007,-0.22496149868535165,0.2802328425555495,-0.1305261922200515,0.0,0.0,0.9914448613738105,0.0,-0.5235987755982988,0.7853981633974483,0.0,0.5235987755982988,0.0,0.0,-0.5235987755982988,0.7853981633974483,0.0,0.5235987755982988,0.0,0.0,-0.5235987755982988,0.7853981633974483,0.0,0.5235987755982988,0.0,0.0,0.0,0.0,0.0,0.0,0.0,0.0,0.0,0.0,0.0,0.0,0.0,0.5,0.0,0.0,0.0,False,False,False,False,1,False,,0.0,0,,,,True,True,0.0,0.009887499996693805,True,0.0,0.0,False,False,False,False,False,False,1.0,False,False,False,0.0,0.0,0.0,0.0
0.06066560000181198,1786139317.208394,0.010073200013721362,0.003323000011732802,0.010073200013721362,READY,0,waiting for deadman,0.0,0.06066560000181198,8,0.0,0.0,0.0,0.0,0.0,0.0,1.0,0.0,0.0,0.0,0.0,0.0,0.0,1.0,-0.016000000000000007,-0.22496149868535165,0.2802328425555495,-0.1305261922200515,0.0,0.0,0.9914448613738105,-0.016000000000000007,-0.22496149868535165,0.2802328425555495,-0.1305261922200515,0.0,0.0,0.9914448613738105,-0.016000000000000007,-0.22496149868535165,0.2802328425555495,-0.1305261922200515,0.0,0.0,0.9914448613738105,-0.016000000000000007,-0.22496149868535165,0.2802328425555495,-0.1305261922200515,0.0,0.0,0.9914448613738105,-0.016000000000000007,-0.22496149868535165,0.2802328425555495,-0.1305261922200515,0.0,0.0,0.9914448613738105,0.0,-0.5235987755982988,0.7853981633974483,0.0,0.5235987755982988,0.0,0.0,-0.5235987755982988,0.7853981633974483,0.0,0.5235987755982988,0.0,0.0,-0.5235987755982988,0.7853981633974483,0.0,0.5235987755982988,0.0,0.0,0.0,0.0,0.0,0.0,0.0,0.0,0.0,0.0,0.0,0.0,0.0,0.5,0.0,0.0,0.0,False,False,False,False,1,False,,0.0,0,,,,True,True,0.0,0.010073200013721362,True,0.0,0.0,False,False,False,False,False,False,1.0,False,False,False,0.0,0.0,0.0,0.0
0.07140099999378435,1786139317.2195303,0.010735399991972372,0.003724899986991659,0.010735399991972372,READY,0,waiting for deadman,0.0,0.07140099999378435,9,0.0,0.0,0.0,0.0,0.0,0.0,1.0,0.0,0.0,0.0,0.0,0.0,0.0,1.0,-0.016000000000000007,-0.22496149868535165,0.2802328425555495,-0.1305261922200515,0.0,0.0,0.9914448613738105,-0.016000000000000007,-0.22496149868535165,0.2802328425555495,-0.1305261922200515,0.0,0.0,0.9914448613738105,-0.016000000000000007,-0.22496149868535165,0.2802328425555495,-0.1305261922200515,0.0,0.0,0.9914448613738105,-0.016000000000000007,-0.22496149868535165,0.2802328425555495,-0.1305261922200515,0.0,0.0,0.9914448613738105,-0.016000000000000007,-0.22496149868535165,0.2802328425555495,-0.1305261922200515,0.0,0.0,0.9914448613738105,0.0,-0.5235987755982988,0.7853981633974483,0.0,0.5235987755982988,0.0,0.0,-0.5235987755982988,0.7853981633974483,0.0,0.5235987755982988,0.0,0.0,-0.5235987755982988,0.7853981633974483,0.0,0.5235987755982988,0.0,0.0,0.0,0.0,0.0,0.0,0.0,0.0,0.0,0.0,0.0,0.0,0.0,0.5,0.0,0.0,0.0,False,False,False,False,1,False,,0.0,0,,,,True,True,0.0,0.010735399991972372,True,0.0,0.0,False,False,False,False,False,False,1.0,False,False,False,0.0,0.0,0.0,0.0
0.08057379999081604,1786139317.2280207,0.009172799997031689,0.0030417999951168895,0.009172799997031689,READY,0,waiting for deadman,0.0,0.08057379999081604,10,0.0,0.0,0.0,0.0,0.0,0.0,1.0,0.0,0.0,0.0,0.0,0.0,0.0,1.0,-0.016000000000000007,-0.22496149868535165,0.2802328425555495,-0.1305261922200515,0.0,0.0,0.9914448613738105,-0.016000000000000007,-0.22496149868535165,0.2802328425555495,-0.1305261922200515,0.0,0.0,0.9914448613738105,-0.016000000000000007,-0.22496149868535165,0.2802328425555495,-0.1305261922200515,0.0,0.0,0.9914448613738105,-0.016000000000000007,-0.22496149868535165,0.2802328425555495,-0.1305261922200515,0.0,0.0,0.9914448613738105,-0.016000000000000007,-0.22496149868535165,0.2802328425555495,-0.1305261922200515,0.0,0.0,0.9914448613738105,0.0,-0.5235987755982988,0.7853981633974483,0.0,0.5235987755982988,0.0,0.0,-0.5235987755982988,0.7853981633974483,0.0,0.5235987755982988,0.0,0.0,-0.5235987755982988,0.7853981633974483,0.0,0.5235987755982988,0.0,0.0,0.0,0.0,0.0,0.0,0.0,0.0,0.0,0.0,0.0,0.0,0.0,0.5,0.0,0.0,0.0,False,False,False,False,1,False,,0.0,0,,,,True,True,0.0,0.009172799997031689,True,0.0,0.0,False,False,False,False,False,False,1.0,False,False,False,0.0,0.0,0.0,0.0
0.09050150000257418,1786139317.23835,0.009927700011758134,0.0034360999998170882,0.009927700011758134,READY,0,waiting for deadman,0.0,0.09050150000257418,11,0.0,0.0,0.0,0.0,0.0,0.0,1.0,0.0,0.0,0.0,0.0,0.0,0.0,1.0,-0.016000000000000007,-0.22496149868535165,0.2802328425555495,-0.1305261922200515,0.0,0.0,0.9914448613738105,-0.016000000000000007,-0.22496149868535165,0.2802328425555495,-0.1305261922200515,0.0,0.0,0.9914448613738105,-0.016000000000000007,-0.22496149868535165,0.2802328425555495,-0.1305261922200515,0.0,0.0,0.9914448613738105,-0.016000000000000007,-0.22496149868535165,0.2802328425555495,-0.1305261922200515,0.0,0.0,0.9914448613738105,-0.016000000000000007,-0.22496149868535165,0.2802328425555495,-0.1305261922200515,0.0,0.0,0.9914448613738105,0.0,-0.5235987755982988,0.7853981633974483,0.0,0.5235987755982988,0.0,0.0,-0.5235987755982988,0.7853981633974483,0.0,0.5235987755982988,0.0,0.0,-0.5235987755982988,0.7853981633974483,0.0,0.5235987755982988,0.0,0.0,0.0,0.0,0.0,0.0,0.0,0.0,0.0,0.0,0.0,0.0,0.0,0.5,0.0,0.0,0.0,False,False,False,False,1,False,,0.0,0,,,,True,True,0.0,0.009927700011758134,True,0.0,0.0,False,False,False,False,False,False,1.0,False,False,False,0.0,0.0,0.0,0.0
0.10014019999653101,1786139317.2489233,0.009638699993956834,0.004372399998828769,0.009638699993956834,READY,0,waiting for deadman,0.0,0.10014019999653101,13,0.0,0.0,0.0,0.0,0.0,0.0,1.0,0.0,0.0,0.0,0.0,0.0,0.0,1.0,-0.016000000000000007,-0.22496149868535165,0.2802328425555495,-0.1305261922200515,0.0,0.0,0.9914448613738105,-0.016000000000000007,-0.22496149868535165,0.2802328425555495,-0.1305261922200515,0.0,0.0,0.9914448613738105,-0.016000000000000007,-0.22496149868535165,0.2802328425555495,-0.1305261922200515,0.0,0.0,0.9914448613738105,-0.016000000000000007,-0.22496149868535165,0.2802328425555495,-0.1305261922200515,0.0,0.0,0.9914448613738105,-0.016000000000000007,-0.22496149868535165,0.2802328425555495,-0.1305261922200515,0.0,0.0,0.9914448613738105,0.0,-0.5235987755982988,0.7853981633974483,0.0,0.5235987755982988,0.0,0.0,-0.5235987755982988,0.7853981633974483,0.0,0.5235987755982988,0.0,0.0,-0.5235987755982988,0.7853981633974483,0.0,0.5235987755982988,0.0,0.0,0.0,0.0,0.0,0.0,0.0,0.0,0.0,0.0,0.0,0.0,0.0,0.5,0.0,0.0,0.0,False,False,False,False,1,False,,0.0,0,,,,True,True,0.0,0.009638699993956834,True,0.0,0.0,False,False,False,False,False,False,1.0,False,False,False,0.0,0.0,0.0,0.0
0.11053619999438524,1786139317.2579758,0.010395999997854233,0.0030263999942690134,0.010395999997854233,READY,0,waiting for deadman,0.0,0.11053619999438524,15,0.0,0.0,0.0,0.0,0.0,0.0,1.0,0.0,0.0,0.0,0.0,0.0,0.0,1.0,-0.016000000000000007,-0.22496149868535165,0.2802328425555495,-0.1305261922200515,0.0,0.0,0.9914448613738105,-0.016000000000000007,-0.22496149868535165,0.2802328425555495,-0.1305261922200515,0.0,0.0,0.9914448613738105,-0.016000000000000007,-0.22496149868535165,0.2802328425555495,-0.1305261922200515,0.0,0.0,0.9914448613738105,-0.016000000000000007,-0.22496149868535165,0.2802328425555495,-0.1305261922200515,0.0,0.0,0.9914448613738105,-0.016000000000000007,-0.22496149868535165,0.2802328425555495,-0.1305261922200515,0.0,0.0,0.9914448613738105,0.0,-0.5235987755982988,0.7853981633974483,0.0,0.5235987755982988,0.0,0.0,-0.5235987755982988,0.7853981633974483,0.0,0.5235987755982988,0.0,0.0,-0.5235987755982988,0.7853981633974483,0.0,0.5235987755982988,0.0,0.0,0.0,0.0,0.0,0.0,0.0,0.0,0.0,0.0,0.0,0.0,0.0,0.5,0.0,0.0,0.0,False,False,False,False,1,False,,0.0,0,,,,True,True,0.0,0.010395999997854233,True,0.0,0.0,False,False,False,False,False,False,1.0,False,False,False,0.0,0.0,0.0,0.0
0.12079139999696054,1786139317.2682106,0.010255200002575293,0.0030140999879222363,0.010255200002575293,READY,0,waiting for deadman,0.0,0.12079139999696054,17,0.0,0.0,0.0,0.0,0.0,0.0,1.0,0.0,0.0,0.0,0.0,0.0,0.0,1.0,-0.016000000000000007,-0.22496149868535165,0.2802328425555495,-0.1305261922200515,0.0,0.0,0.9914448613738105,-0.016000000000000007,-0.22496149868535165,0.2802328425555495,-0.1305261922200515,0.0,0.0,0.9914448613738105,-0.016000000000000007,-0.22496149868535165,0.2802328425555495,-0.1305261922200515,0.0,0.0,0.9914448613738105,-0.016000000000000007,-0.22496149868535165,0.2802328425555495,-0.1305261922200515,0.0,0.0,0.9914448613738105,-0.016000000000000007,-0.22496149868535165,0.2802328425555495,-0.1305261922200515,0.0,0.0,0.9914448613738105,0.0,-0.5235987755982988,0.7853981633974483,0.0,0.5235987755982988,0.0,0.0,-0.5235987755982988,0.7853981633974483,0.0,0.5235987755982988,0.0,0.0,-0.5235987755982988,0.7853981633974483,0.0,0.5235987755982988,0.0,0.0,0.0,0.0,0.0,0.0,0.0,0.0,0.0,0.0,0.0,0.0,0.0,0.5,0.0,0.0,0.0,False,False,False,False,1,False,,0.0,0,,,,True,True,0.0,0.010255200002575293,True,0.0,0.0,False,False,False,False,False,False,1.0,False,False,False,0.0,0.0,0.0,0.0
0.1305053000105545,1786139317.27793,0.009713900013593957,0.0030209000105969608,0.009713900013593957,READY,0,waiting for deadman,0.0,0.1305053000105545,19,0.0,0.0,0.0,0.0,0.0,0.0,1.0,0.0,0.0,0.0,0.0,0.0,0.0,1.0,-0.016000000000000007,-0.22496149868535165,0.2802328425555495,-0.1305261922200515,0.0,0.0,0.9914448613738105,-0.016000000000000007,-0.22496149868535165,0.2802328425555495,-0.1305261922200515,0.0,0.0,0.9914448613738105,-0.016000000000000007,-0.22496149868535165,0.2802328425555495,-0.1305261922200515,0.0,0.0,0.9914448613738105,-0.016000000000000007,-0.22496149868535165,0.2802328425555495,-0.1305261922200515,0.0,0.0,0.9914448613738105,-0.016000000000000007,-0.22496149868535165,0.2802328425555495,-0.1305261922200515,0.0,0.0,0.9914448613738105,0.0,-0.5235987755982988,0.7853981633974483,0.0,0.5235987755982988,0.0,0.0,-0.5235987755982988,0.7853981633974483,0.0,0.5235987755982988,0.0,0.0,-0.5235987755982988,0.7853981633974483,0.0,0.5235987755982988,0.0,0.0,0.0,0.0,0.0,0.0,0.0,0.0,0.0,0.0,0.0,0.0,0.0,0.5,0.0,0.0,0.0,False,False,False,False,1,False,,0.0,0,,,,True,True,0.0,0.009713900013593957,True,0.0,0.0,False,False,False,False,False,False,1.0,False,False,False,0.0,0.0,0.0,0.0
0.14082410000264645,1786139317.2883625,0.010318799992091954,0.0031340999994426966,0.010318799992091954,READY,0,waiting for deadman,0.0,0.14082410000264645,21,0.0,0.0,0.0,0.0,0.0,0.0,1.0,0.0,0.0,0.0,0.0,0.0,0.0,1.0,-0.016000000000000007,-0.22496149868535165,0.2802328425555495,-0.1305261922200515,0.0,0.0,0.9914448613738105,-0.016000000000000007,-0.22496149868535165,0.2802328425555495,-0.1305261922200515,0.0,0.0,0.9914448613738105,-0.016000000000000007,-0.22496149868535165,0.2802328425555495,-0.1305261922200515,0.0,0.0,0.9914448613738105,-0.016000000000000007,-0.22496149868535165,0.2802328425555495,-0.1305261922200515,0.0,0.0,0.9914448613738105,-0.016000000000000007,-0.22496149868535165,0.2802328425555495,-0.1305261922200515,0.0,0.0,0.9914448613738105,0.0,-0.5235987755982988,0.7853981633974483,0.0,0.5235987755982988,0.0,0.0,-0.5235987755982988,0.7853981633974483,0.0,0.5235987755982988,0.0,0.0,-0.5235987755982988,0.7853981633974483,0.0,0.5235987755982988,0.0,0.0,0.0,0.0,0.0,0.0,0.0,0.0,0.0,0.0,0.0,0.0,0.0,0.5,0.0,0.0,0.0,False,False,False,False,1,False,,0.0,0,,,,True,True,0.0,0.010318799992091954,True,0.0,0.0,False,False,False,False,False,False,1.0,False,False,False,0.0,0.0,0.0,0.0
0.15059450000990182,1786139317.2979913,0.009770400007255375,0.0029887999990023673,0.009770400007255375,READY,0,waiting for deadman,0.0,0.15059450000990182,23,0.0,0.0,0.0,0.0,0.0,0.0,1.0,0.0,0.0,0.0,0.0,0.0,0.0,1.0,-0.016000000000000007,-0.22496149868535165,0.2802328425555495,-0.1305261922200515,0.0,0.0,0.9914448613738105,-0.016000000000000007,-0.22496149868535165,0.2802328425555495,-0.1305261922200515,0.0,0.0,0.9914448613738105,-0.016000000000000007,-0.22496149868535165,0.2802328425555495,-0.1305261922200515,0.0,0.0,0.9914448613738105,-0.016000000000000007,-0.22496149868535165,0.2802328425555495,-0.1305261922200515,0.0,0.0,0.9914448613738105,-0.016000000000000007,-0.22496149868535165,0.2802328425555495,-0.1305261922200515,0.0,0.0,0.9914448613738105,0.0,-0.5235987755982988,0.7853981633974483,0.0,0.5235987755982988,0.0,0.0,-0.5235987755982988,0.7853981633974483,0.0,0.5235987755982988,0.0,0.0,-0.5235987755982988,0.7853981633974483,0.0,0.5235987755982988,0.0,0.0,0.0,0.0,0.0,0.0,0.0,0.0,0.0,0.0,0.0,0.0,0.0,0.5,0.0,0.0,0.0,False,False,False,False,1,False,,0.0,0,,,,True,True,0.0,0.009770400007255375,True,0.0,0.0,False,False,False,False,False,False,1.0,False,False,False,0.0,0.0,0.0,0.0
0.16038370001479052,1786139317.3074117,0.009789200004888698,0.0026230000075884163,0.009789200004888698,READY,0,waiting for deadman,0.0,0.16038370001479052,25,0.0,0.0,0.0,0.0,0.0,0.0,1.0,0.0,0.0,0.0,0.0,0.0,0.0,1.0,-0.016000000000000007,-0.22496149868535165,0.2802328425555495,-0.1305261922200515,0.0,0.0,0.9914448613738105,-0.016000000000000007,-0.22496149868535165,0.2802328425555495,-0.1305261922200515,0.0,0.0,0.9914448613738105,-0.016000000000000007,-0.22496149868535165,0.2802328425555495,-0.1305261922200515,0.0,0.0,0.9914448613738105,-0.016000000000000007,-0.22496149868535165,0.2802328425555495,-0.1305261922200515,0.0,0.0,0.9914448613738105,-0.016000000000000007,-0.22496149868535165,0.2802328425555495,-0.1305261922200515,0.0,0.0,0.9914448613738105,0.0,-0.5235987755982988,0.7853981633974483,0.0,0.5235987755982988,0.0,0.0,-0.5235987755982988,0.7853981633974483,0.0,0.5235987755982988,0.0,0.0,-0.5235987755982988,0.7853981633974483,0.0,0.5235987755982988,0.0,0.0,0.0,0.0,0.0,0.0,0.0,0.0,0.0,0.0,0.0,0.0,0.0,0.5,0.0,0.0,0.0,False,False,False,False,1,False,,0.0,0,,,,True,True,0.0,0.009789200004888698,True,0.0,0.0,False,False,False,False,False,False,1.0,False,False,False,0.0,0.0,0.0,0.0
0.17022219998762012,1786139317.318042,0.009838499972829595,0.003410100005567074,0.009838499972829595,READY,0,waiting for deadman,0.0,0.17022219998762012,27,0.0,0.0,0.0,0.0,0.0,0.0,1.0,0.0,0.0,0.0,0.0,0.0,0.0,1.0,-0.016000000000000007,-0.22496149868535165,0.2802328425555495,-0.1305261922200515,0.0,0.0,0.9914448613738105,-0.016000000000000007,-0.22496149868535165,0.2802328425555495,-0.1305261922200515,0.0,0.0,0.9914448613738105,-0.016000000000000007,-0.22496149868535165,0.2802328425555495,-0.1305261922200515,0.0,0.0,0.9914448613738105,-0.016000000000000007,-0.22496149868535165,0.2802328425555495,-0.1305261922200515,0.0,0.0,0.9914448613738105,-0.016000000000000007,-0.22496149868535165,0.2802328425555495,-0.1305261922200515,0.0,0.0,0.9914448613738105,0.0,-0.5235987755982988,0.7853981633974483,0.0,0.5235987755982988,0.0,0.0,-0.5235987755982988,0.7853981633974483,0.0,0.5235987755982988,0.0,0.0,-0.5235987755982988,0.7853981633974483,0.0,0.5235987755982988,0.0,0.0,0.0,0.0,0.0,0.0,0.0,0.0,0.0,0.0,0.0,0.0,0.0,0.5,0.0,0.0,0.0,False,False,False,False,1,False,,0.0,0,,,,True,True,0.0,0.009838499972829595,True,0.0,0.0,False,False,False,False,False,False,1.0,False,False,False,0.0,0.0,0.0,0.0
0.1803588999900967,1786139317.3278909,0.010136700002476573,0.0031205000123009086,0.010136700002476573,READY,0,waiting for deadman,0.0,0.1803588999900967,29,0.0,0.0,0.0,0.0,0.0,0.0,1.0,0.0,0.0,0.0,0.0,0.0,0.0,1.0,-0.016000000000000007,-0.22496149868535165,0.2802328425555495,-0.1305261922200515,0.0,0.0,0.9914448613738105,-0.016000000000000007,-0.22496149868535165,0.2802328425555495,-0.1305261922200515,0.0,0.0,0.9914448613738105,-0.016000000000000007,-0.22496149868535165,0.2802328425555495,-0.1305261922200515,0.0,0.0,0.9914448613738105,-0.016000000000000007,-0.22496149868535165,0.2802328425555495,-0.1305261922200515,0.0,0.0,0.9914448613738105,-0.016000000000000007,-0.22496149868535165,0.2802328425555495,-0.1305261922200515,0.0,0.0,0.9914448613738105,0.0,-0.5235987755982988,0.7853981633974483,0.0,0.5235987755982988,0.0,0.0,-0.5235987755982988,0.7853981633974483,0.0,0.5235987755982988,0.0,0.0,-0.5235987755982988,0.7853981633974483,0.0,0.5235987755982988,0.0,0.0,0.0,0.0,0.0,0.0,0.0,0.0,0.0,0.0,0.0,0.0,0.0,0.5,0.0,0.0,0.0,False,False,False,False,1,False,,0.0,0,,,,True,True,0.0,0.010136700002476573,True,0.0,0.0,False,False,False,False,False,False,1.0,False,False,False,0.0,0.0,0.0,0.0
0.1949181999952998,1786139317.3447587,0.014559300005203113,0.005431300000054762,0.014559300005203113,READY,0,waiting for deadman,0.0,0.1949181999952998,31,0.0,0.0,0.0,0.0,0.0,0.0,1.0,0.0,0.0,0.0,0.0,0.0,0.0,1.0,-0.016000000000000007,-0.22496149868535165,0.2802328425555495,-0.1305261922200515,0.0,0.0,0.9914448613738105,-0.016000000000000007,-0.22496149868535165,0.2802328425555495,-0.1305261922200515,0.0,0.0,0.9914448613738105,-0.016000000000000007,-0.22496149868535165,0.2802328425555495,-0.1305261922200515,0.0,0.0,0.9914448613738105,-0.016000000000000007,-0.22496149868535165,0.2802328425555495,-0.1305261922200515,0.0,0.0,0.9914448613738105,-0.016000000000000007,-0.22496149868535165,0.2802328425555495,-0.1305261922200515,0.0,0.0,0.9914448613738105,0.0,-0.5235987755982988,0.7853981633974483,0.0,0.5235987755982988,0.0,0.0,-0.5235987755982988,0.7853981633974483,0.0,0.5235987755982988,0.0,0.0,-0.5235987755982988,0.7853981633974483,0.0,0.5235987755982988,0.0,0.0,0.0,0.0,0.0,0.0,0.0,0.0,0.0,0.0,0.0,0.0,0.0,0.5,0.0,0.0,0.0,False,False,False,False,1,False,,0.0,0,,,,True,True,0.0,0.014559300005203113,True,0.0,0.0,False,False,False,False,False,False,1.0,False,False,False,0.0,0.0,0.0,0.0
0.2005920000083279,1786139317.3476079,0.005673800013028085,0.002614299999549985,0.005673800013028085,READY,0,waiting for deadman,0.0,0.2005920000083279,32,0.0,0.0,0.0,0.0,0.0,0.0,1.0,0.0,0.0,0.0,0.0,0.0,0.0,1.0,-0.016000000000000007,-0.22496149868535165,0.2802328425555495,-0.1305261922200515,0.0,0.0,0.9914448613738105,-0.016000000000000007,-0.22496149868535165,0.2802328425555495,-0.1305261922200515,0.0,0.0,0.9914448613738105,-0.016000000000000007,-0.22496149868535165,0.2802328425555495,-0.1305261922200515,0.0,0.0,0.9914448613738105,-0.016000000000000007,-0.22496149868535165,0.2802328425555495,-0.1305261922200515,0.0,0.0,0.9914448613738105,-0.016000000000000007,-0.22496149868535165,0.2802328425555495,-0.1305261922200515,0.0,0.0,0.9914448613738105,0.0,-0.5235987755982988,0.7853981633974483,0.0,0.5235987755982988,0.0,0.0,-0.5235987755982988,0.7853981633974483,0.0,0.5235987755982988,0.0,0.0,-0.5235987755982988,0.7853981633974483,0.0,0.5235987755982988,0.0,0.0,0.0,0.0,0.0,0.0,0.0,0.0,0.0,0.0,0.0,0.0,0.0,0.5,0.0,0.0,0.0,False,False,False,False,1,False,,0.0,0,,,,True,True,0.0,0.005673800013028085,True,0.0,0.0,False,False,False,False,False,False,1.0,False,False,False,0.0,0.0,0.0,0.0
0.21044580001034774,1786139317.3574631,0.009853800002019852,0.0026154000079259276,0.009853800002019852,READY,0,waiting for deadman,0.0,0.21044580001034774,35,0.0,0.0,0.0,0.0,0.0,0.0,1.0,0.0,0.0,0.0,0.0,0.0,0.0,1.0,-0.016000000000000007,-0.22496149868535165,0.2802328425555495,-0.1305261922200515,0.0,0.0,0.9914448613738105,-0.016000000000000007,-0.22496149868535165,0.2802328425555495,-0.1305261922200515,0.0,0.0,0.9914448613738105,-0.016000000000000007,-0.22496149868535165,0.2802328425555495,-0.1305261922200515,0.0,0.0,0.9914448613738105,-0.016000000000000007,-0.22496149868535165,0.2802328425555495,-0.1305261922200515,0.0,0.0,0.9914448613738105,-0.016000000000000007,-0.22496149868535165,0.2802328425555495,-0.1305261922200515,0.0,0.0,0.9914448613738105,0.0,-0.5235987755982988,0.7853981633974483,0.0,0.5235987755982988,0.0,0.0,-0.5235987755982988,0.7853981633974483,0.0,0.5235987755982988,0.0,0.0,-0.5235987755982988,0.7853981633974483,0.0,0.5235987755982988,0.0,0.0,0.0,0.0,0.0,0.0,0.0,0.0,0.0,0.0,0.0,0.0,0.0,0.5,0.0,0.0,0.0,False,False,False,False,1,False,,0.0,0,,,,True,True,0.0,0.009853800002019852,True,0.0,0.0,False,False,False,False,False,False,1.0,False,False,False,0.0,0.0,0.0,0.0
0.22005649999482557,1786139317.367458,0.009610699984477833,0.0029992000199854374,0.009610699984477833,READY,0,waiting for deadman,0.0,0.22005649999482557,37,0.0,0.0,0.0,0.0,0.0,0.0,1.0,0.0,0.0,0.0,0.0,0.0,0.0,1.0,-0.016000000000000007,-0.22496149868535165,0.2802328425555495,-0.1305261922200515,0.0,0.0,0.9914448613738105,-0.016000000000000007,-0.22496149868535165,0.2802328425555495,-0.1305261922200515,0.0,0.0,0.9914448613738105,-0.016000000000000007,-0.22496149868535165,0.2802328425555495,-0.1305261922200515,0.0,0.0,0.9914448613738105,-0.016000000000000007,-0.22496149868535165,0.2802328425555495,-0.1305261922200515,0.0,0.0,0.9914448613738105,-0.016000000000000007,-0.22496149868535165,0.2802328425555495,-0.1305261922200515,0.0,0.0,0.9914448613738105,0.0,-0.5235987755982988,0.7853981633974483,0.0,0.5235987755982988,0.0,0.0,-0.5235987755982988,0.7853981633974483,0.0,0.5235987755982988,0.0,0.0,-0.5235987755982988,0.7853981633974483,0.0,0.5235987755982988,0.0,0.0,0.0,0.0,0.0,0.0,0.0,0.0,0.0,0.0,0.0,0.0,0.0,0.5,0.0,0.0,0.0,False,False,False,False,1,False,,0.0,0,,,,True,True,0.0,0.009610699984477833,True,0.0,0.0,False,False,False,False,False,False,1.0,False,False,False,0.0,0.0,0.0,0.0
0.2310099999886006,1786139317.378125,0.01095349999377504,0.0027123999898321927,0.01095349999377504,READY,0,waiting for deadman,0.0,0.2310099999886006,39,0.0,0.0,0.0,0.0,0.0,0.0,1.0,0.0,0.0,0.0,0.0,0.0,0.0,1.0,-0.016000000000000007,-0.22496149868535165,0.2802328425555495,-0.1305261922200515,0.0,0.0,0.9914448613738105,-0.016000000000000007,-0.22496149868535165,0.2802328425555495,-0.1305261922200515,0.0,0.0,0.9914448613738105,-0.016000000000000007,-0.22496149868535165,0.2802328425555495,-0.1305261922200515,0.0,0.0,0.9914448613738105,-0.016000000000000007,-0.22496149868535165,0.2802328425555495,-0.1305261922200515,0.0,0.0,0.9914448613738105,-0.016000000000000007,-0.22496149868535165,0.2802328425555495,-0.1305261922200515,0.0,0.0,0.9914448613738105,0.0,-0.5235987755982988,0.7853981633974483,0.0,0.5235987755982988,0.0,0.0,-0.5235987755982988,0.7853981633974483,0.0,0.5235987755982988,0.0,0.0,-0.5235987755982988,0.7853981633974483,0.0,0.5235987755982988,0.0,0.0,0.0,0.0,0.0,0.0,0.0,0.0,0.0,0.0,0.0,0.0,0.0,0.5,0.0,0.0,0.0,False,False,False,False,1,False,,0.0,0,,,,True,True,0.0,0.01095349999377504,True,0.0,0.0,False,False,False,False,False,False,1.0,False,False,False,0.0,0.0,0.0,0.0
0.24037139999563806,1786139317.3877673,0.009361400007037446,0.002993999980390072,0.009361400007037446,READY,0,waiting for deadman,0.0,0.24037139999563806,41,0.0,0.0,0.0,0.0,0.0,0.0,1.0,0.0,0.0,0.0,0.0,0.0,0.0,1.0,-0.016000000000000007,-0.22496149868535165,0.2802328425555495,-0.1305261922200515,0.0,0.0,0.9914448613738105,-0.016000000000000007,-0.22496149868535165,0.2802328425555495,-0.1305261922200515,0.0,0.0,0.9914448613738105,-0.016000000000000007,-0.22496149868535165,0.2802328425555495,-0.1305261922200515,0.0,0.0,0.9914448613738105,-0.016000000000000007,-0.22496149868535165,0.2802328425555495,-0.1305261922200515,0.0,0.0,0.9914448613738105,-0.016000000000000007,-0.22496149868535165,0.2802328425555495,-0.1305261922200515,0.0,0.0,0.9914448613738105,0.0,-0.5235987755982988,0.7853981633974483,0.0,0.5235987755982988,0.0,0.0,-0.5235987755982988,0.7853981633974483,0.0,0.5235987755982988,0.0,0.0,-0.5235987755982988,0.7853981633974483,0.0,0.5235987755982988,0.0,0.0,0.0,0.0,0.0,0.0,0.0,0.0,0.0,0.0,0.0,0.0,0.0,0.5,0.0,0.0,0.0,False,False,False,False,1,False,,0.0,0,,,,True,True,0.0,0.009361400007037446,True,0.0,0.0,False,False,False,False,False,False,1.0,False,False,False,0.0,0.0,0.0,0.0
0.2502730000123847,1786139317.3976889,0.00990160001674667,0.003012499975739047,0.00990160001674667,READY,0,waiting for deadman,0.0,0.2502730000123847,43,0.0,0.0,0.0,0.0,0.0,0.0,1.0,0.0,0.0,0.0,0.0,0.0,0.0,1.0,-0.016000000000000007,-0.22496149868535165,0.2802328425555495,-0.1305261922200515,0.0,0.0,0.9914448613738105,-0.016000000000000007,-0.22496149868535165,0.2802328425555495,-0.1305261922200515,0.0,0.0,0.9914448613738105,-0.016000000000000007,-0.22496149868535165,0.2802328425555495,-0.1305261922200515,0.0,0.0,0.9914448613738105,-0.016000000000000007,-0.22496149868535165,0.2802328425555495,-0.1305261922200515,0.0,0.0,0.9914448613738105,-0.016000000000000007,-0.22496149868535165,0.2802328425555495,-0.1305261922200515,0.0,0.0,0.9914448613738105,0.0,-0.5235987755982988,0.7853981633974483,0.0,0.5235987755982988,0.0,0.0,-0.5235987755982988,0.7853981633974483,0.0,0.5235987755982988,0.0,0.0,-0.5235987755982988,0.7853981633974483,0.0,0.5235987755982988,0.0,0.0,0.0,0.0,0.0,0.0,0.0,0.0,0.0,0.0,0.0,0.0,0.0,0.5,0.0,0.0,0.0,False,False,False,False,1,False,,0.0,0,,,,True,True,0.0,0.00990160001674667,True,0.0,0.0,False,False,False,False,False,False,1.0,False,False,False,0.0,0.0,0.0,0.0
0.26035729999421164,1786139317.4080517,0.010084299981826916,0.0032885999826248735,0.010084299981826916,READY,0,waiting for deadman,0.0,0.26035729999421164,45,0.0,0.0,0.0,0.0,0.0,0.0,1.0,0.0,0.0,0.0,0.0,0.0,0.0,1.0,-0.016000000000000007,-0.22496149868535165,0.2802328425555495,-0.1305261922200515,0.0,0.0,0.9914448613738105,-0.016000000000000007,-0.22496149868535165,0.2802328425555495,-0.1305261922200515,0.0,0.0,0.9914448613738105,-0.016000000000000007,-0.22496149868535165,0.2802328425555495,-0.1305261922200515,0.0,0.0,0.9914448613738105,-0.016000000000000007,-0.22496149868535165,0.2802328425555495,-0.1305261922200515,0.0,0.0,0.9914448613738105,-0.016000000000000007,-0.22496149868535165,0.2802328425555495,-0.1305261922200515,0.0,0.0,0.9914448613738105,0.0,-0.5235987755982988,0.7853981633974483,0.0,0.5235987755982988,0.0,0.0,-0.5235987755982988,0.7853981633974483,0.0,0.5235987755982988,0.0,0.0,-0.5235987755982988,0.7853981633974483,0.0,0.5235987755982988,0.0,0.0,0.0,0.0,0.0,0.0,0.0,0.0,0.0,0.0,0.0,0.0,0.0,0.5,0.0,0.0,0.0,False,False,False,False,1,False,,0.0,0,,,,True,True,0.0,0.010084299981826916,True,0.0,0.0,False,False,False,False,False,False,1.0,False,False,False,0.0,0.0,0.0,0.0
0.2702450999931898,1786139317.4181747,0.009887799998978153,0.0035234000242780894,0.009887799998978153,READY,0,waiting for deadman,0.0,0.2702450999931898,47,0.0,0.0,0.0,0.0,0.0,0.0,1.0,0.0,0.0,0.0,0.0,0.0,0.0,1.0,-0.016000000000000007,-0.22496149868535165,0.2802328425555495,-0.1305261922200515,0.0,0.0,0.9914448613738105,-0.016000000000000007,-0.22496149868535165,0.2802328425555495,-0.1305261922200515,0.0,0.0,0.9914448613738105,-0.016000000000000007,-0.22496149868535165,0.2802328425555495,-0.1305261922200515,0.0,0.0,0.9914448613738105,-0.016000000000000007,-0.22496149868535165,0.2802328425555495,-0.1305261922200515,0.0,0.0,0.9914448613738105,-0.016000000000000007,-0.22496149868535165,0.2802328425555495,-0.1305261922200515,0.0,0.0,0.9914448613738105,0.0,-0.5235987755982988,0.7853981633974483,0.0,0.5235987755982988,0.0,0.0,-0.5235987755982988,0.7853981633974483,0.0,0.5235987755982988,0.0,0.0,-0.5235987755982988,0.7853981633974483,0.0,0.5235987755982988,0.0,0.0,0.0,0.0,0.0,0.0,0.0,0.0,0.0,0.0,0.0,0.0,0.0,0.5,0.0,0.0,0.0,False,False,False,False,1,False,,0.0,0,,,,True,True,0.0,0.009887799998978153,True,0.0,0.0,False,False,False,False,False,False,1.0,False,False,False,0.0,0.0,0.0,0.0
0.28039759999956004,1786139317.428091,0.010152500006370246,0.003283099998952821,0.010152500006370246,READY,0,waiting for deadman,0.0,0.28039759999956004,49,0.0,0.0,0.0,0.0,0.0,0.0,1.0,0.0,0.0,0.0,0.0,0.0,0.0,1.0,-0.016000000000000007,-0.22496149868535165,0.2802328425555495,-0.1305261922200515,0.0,0.0,0.9914448613738105,-0.016000000000000007,-0.22496149868535165,0.2802328425555495,-0.1305261922200515,0.0,0.0,0.9914448613738105,-0.016000000000000007,-0.22496149868535165,0.2802328425555495,-0.1305261922200515,0.0,0.0,0.9914448613738105,-0.016000000000000007,-0.22496149868535165,0.2802328425555495,-0.1305261922200515,0.0,0.0,0.9914448613738105,-0.016000000000000007,-0.22496149868535165,0.2802328425555495,-0.1305261922200515,0.0,0.0,0.9914448613738105,0.0,-0.5235987755982988,0.7853981633974483,0.0,0.5235987755982988,0.0,0.0,-0.5235987755982988,0.7853981633974483,0.0,0.5235987755982988,0.0,0.0,-0.5235987755982988,0.7853981633974483,0.0,0.5235987755982988,0.0,0.0,0.0,0.0,0.0,0.0,0.0,0.0,0.0,0.0,0.0,0.0,0.0,0.5,0.0,0.0,0.0,False,False,False,False,1,False,,0.0,0,,,,True,True,0.0,0.010152500006370246,True,0.0,0.0,False,False,False,False,False,False,1.0,False,False,False,0.0,0.0,0.0,0.0
0.2935797999962233,1786139317.44101,0.013182199996663257,0.003024199977517128,0.013182199996663257,READY,0,waiting for deadman,0.0,0.2935797999962233,51,0.0,0.0,0.0,0.0,0.0,0.0,1.0,0.0,0.0,0.0,0.0,0.0,0.0,1.0,-0.016000000000000007,-0.22496149868535165,0.2802328425555495,-0.1305261922200515,0.0,0.0,0.9914448613738105,-0.016000000000000007,-0.22496149868535165,0.2802328425555495,-0.1305261922200515,0.0,0.0,0.9914448613738105,-0.016000000000000007,-0.22496149868535165,0.2802328425555495,-0.1305261922200515,0.0,0.0,0.9914448613738105,-0.016000000000000007,-0.22496149868535165,0.2802328425555495,-0.1305261922200515,0.0,0.0,0.9914448613738105,-0.016000000000000007,-0.22496149868535165,0.2802328425555495,-0.1305261922200515,0.0,0.0,0.9914448613738105,0.0,-0.5235987755982988,0.7853981633974483,0.0,0.5235987755982988,0.0,0.0,-0.5235987755982988,0.7853981633974483,0.0,0.5235987755982988,0.0,0.0,-0.5235987755982988,0.7853981633974483,0.0,0.5235987755982988,0.0,0.0,0.0,0.0,0.0,0.0,0.0,0.0,0.0,0.0,0.0,0.0,0.0,0.5,0.0,0.0,0.0,False,False,False,False,1,False,,0.0,0,,,,True,True,0.0,0.013182199996663257,True,0.0,0.0,False,False,False,False,False,False,1.0,False,False,False,0.0,0.0,0.0,0.0
0.3007463999965694,1786139317.4480336,0.0071666000003460795,0.002882600005250424,0.0071666000003460795,READY,0,waiting for deadman,0.0,0.3007463999965694,52,0.0,0.0,0.0,0.0,0.0,0.0,1.0,0.0,0.0,0.0,0.0,0.0,0.0,1.0,-0.016000000000000007,-0.22496149868535165,0.2802328425555495,-0.1305261922200515,0.0,0.0,0.9914448613738105,-0.016000000000000007,-0.22496149868535165,0.2802328425555495,-0.1305261922200515,0.0,0.0,0.9914448613738105,-0.016000000000000007,-0.22496149868535165,0.2802328425555495,-0.1305261922200515,0.0,0.0,0.9914448613738105,-0.016000000000000007,-0.22496149868535165,0.2802328425555495,-0.1305261922200515,0.0,0.0,0.9914448613738105,-0.016000000000000007,-0.22496149868535165,0.2802328425555495,-0.1305261922200515,0.0,0.0,0.9914448613738105,0.0,-0.5235987755982988,0.7853981633974483,0.0,0.5235987755982988,0.0,0.0,-0.5235987755982988,0.7853981633974483,0.0,0.5235987755982988,0.0,0.0,-0.5235987755982988,0.7853981633974483,0.0,0.5235987755982988,0.0,0.0,0.0,0.0,0.0,0.0,0.0,0.0,0.0,0.0,0.0,0.0,0.0,0.5,0.0,0.0,0.0,False,False,False,False,1,False,,0.0,0,,,,True,True,0.0,0.0071666000003460795,True,0.0,0.0,False,False,False,False,False,False,1.0,False,False,False,0.0,0.0,0.0,0.0
0.31074919999809936,1786139317.457998,0.010002800001529977,0.0028460000175982714,0.010002800001529977,READY,0,waiting for deadman,0.0,0.31074919999809936,55,0.0,0.0,0.0,0.0,0.0,0.0,1.0,0.0,0.0,0.0,0.0,0.0,0.0,1.0,-0.016000000000000007,-0.22496149868535165,0.2802328425555495,-0.1305261922200515,0.0,0.0,0.9914448613738105,-0.016000000000000007,-0.22496149868535165,0.2802328425555495,-0.1305261922200515,0.0,0.0,0.9914448613738105,-0.016000000000000007,-0.22496149868535165,0.2802328425555495,-0.1305261922200515,0.0,0.0,0.9914448613738105,-0.016000000000000007,-0.22496149868535165,0.2802328425555495,-0.1305261922200515,0.0,0.0,0.9914448613738105,-0.016000000000000007,-0.22496149868535165,0.2802328425555495,-0.1305261922200515,0.0,0.0,0.9914448613738105,0.0,-0.5235987755982988,0.7853981633974483,0.0,0.5235987755982988,0.0,0.0,-0.5235987755982988,0.7853981633974483,0.0,0.5235987755982988,0.0,0.0,-0.5235987755982988,0.7853981633974483,0.0,0.5235987755982988,0.0,0.0,0.0,0.0,0.0,0.0,0.0,0.0,0.0,0.0,0.0,0.0,0.0,0.5,0.0,0.0,0.0,False,False,False,False,1,False,,0.0,0,,,,True,True,0.0,0.010002800001529977,True,0.0,0.0,False,False,False,False,False,False,1.0,False,False,False,0.0,0.0,0.0,0.0
0.3201005000155419,1786139317.4678755,0.009351300017442554,0.003372199978912249,0.009351300017442554,READY,0,waiting for deadman,0.0,0.3201005000155419,57,0.0,0.0,0.0,0.0,0.0,0.0,1.0,0.0,0.0,0.0,0.0,0.0,0.0,1.0,-0.016000000000000007,-0.22496149868535165,0.2802328425555495,-0.1305261922200515,0.0,0.0,0.9914448613738105,-0.016000000000000007,-0.22496149868535165,0.2802328425555495,-0.1305261922200515,0.0,0.0,0.9914448613738105,-0.016000000000000007,-0.22496149868535165,0.2802328425555495,-0.1305261922200515,0.0,0.0,0.9914448613738105,-0.016000000000000007,-0.22496149868535165,0.2802328425555495,-0.1305261922200515,0.0,0.0,0.9914448613738105,-0.016000000000000007,-0.22496149868535165,0.2802328425555495,-0.1305261922200515,0.0,0.0,0.9914448613738105,0.0,-0.5235987755982988,0.7853981633974483,0.0,0.5235987755982988,0.0,0.0,-0.5235987755982988,0.7853981633974483,0.0,0.5235987755982988,0.0,0.0,-0.5235987755982988,0.7853981633974483,0.0,0.5235987755982988,0.0,0.0,0.0,0.0,0.0,0.0,0.0,0.0,0.0,0.0,0.0,0.0,0.0,0.5,0.0,0.0,0.0,False,False,False,False,1,False,,0.0,0,,,,True,True,0.0,0.009351300017442554,True,0.0,0.0,False,False,False,False,False,False,1.0,False,False,False,0.0,0.0,0.0,0.0
0.3300722000130918,1786139317.4776716,0.009971699997549877,0.003196799982106313,0.009971699997549877,READY,0,waiting for deadman,0.0,0.3300722000130918,59,0.0,0.0,0.0,0.0,0.0,0.0,1.0,0.0,0.0,0.0,0.0,0.0,0.0,1.0,-0.016000000000000007,-0.22496149868535165,0.2802328425555495,-0.1305261922200515,0.0,0.0,0.9914448613738105,-0.016000000000000007,-0.22496149868535165,0.2802328425555495,-0.1305261922200515,0.0,0.0,0.9914448613738105,-0.016000000000000007,-0.22496149868535165,0.2802328425555495,-0.1305261922200515,0.0,0.0,0.9914448613738105,-0.016000000000000007,-0.22496149868535165,0.2802328425555495,-0.1305261922200515,0.0,0.0,0.9914448613738105,-0.016000000000000007,-0.22496149868535165,0.2802328425555495,-0.1305261922200515,0.0,0.0,0.9914448613738105,0.0,-0.5235987755982988,0.7853981633974483,0.0,0.5235987755982988,0.0,0.0,-0.5235987755982988,0.7853981633974483,0.0,0.5235987755982988,0.0,0.0,-0.5235987755982988,0.7853981633974483,0.0,0.5235987755982988,0.0,0.0,0.0,0.0,0.0,0.0,0.0,0.0,0.0,0.0,0.0,0.0,0.0,0.5,0.0,0.0,0.0,False,False,False,False,1,False,,0.0,0,,,,True,True,0.0,0.009971699997549877,True,0.0,0.0,False,False,False,False,False,False,1.0,False,False,False,0.0,0.0,0.0,0.0
0.34185910000815056,1786139317.4891164,0.011786899995058775,0.002854899998055771,0.011786899995058775,READY,0,waiting for deadman,0.0,0.34185910000815056,61,0.0,0.0,0.0,0.0,0.0,0.0,1.0,0.0,0.0,0.0,0.0,0.0,0.0,1.0,-0.016000000000000007,-0.22496149868535165,0.2802328425555495,-0.1305261922200515,0.0,0.0,0.9914448613738105,-0.016000000000000007,-0.22496149868535165,0.2802328425555495,-0.1305261922200515,0.0,0.0,0.9914448613738105,-0.016000000000000007,-0.22496149868535165,0.2802328425555495,-0.1305261922200515,0.0,0.0,0.9914448613738105,-0.016000000000000007,-0.22496149868535165,0.2802328425555495,-0.1305261922200515,0.0,0.0,0.9914448613738105,-0.016000000000000007,-0.22496149868535165,0.2802328425555495,-0.1305261922200515,0.0,0.0,0.9914448613738105,0.0,-0.5235987755982988,0.7853981633974483,0.0,0.5235987755982988,0.0,0.0,-0.5235987755982988,0.7853981633974483,0.0,0.5235987755982988,0.0,0.0,-0.5235987755982988,0.7853981633974483,0.0,0.5235987755982988,0.0,0.0,0.0,0.0,0.0,0.0,0.0,0.0,0.0,0.0,0.0,0.0,0.0,0.5,0.0,0.0,0.0,False,False,False,False,1,False,,0.0,0,,,,True,True,0.0,0.011786899995058775,True,0.0,0.0,False,False,False,False,False,False,1.0,False,False,False,0.0,0.0,0.0,0.0
0.3522020000091288,1786139317.4999673,0.010342900000978261,0.0033608000085223466,0.010342900000978261,READY,0,waiting for deadman,0.0,0.3522020000091288,63,0.0,0.0,0.0,0.0,0.0,0.0,1.0,0.0,0.0,0.0,0.0,0.0,0.0,1.0,-0.016000000000000007,-0.22496149868535165,0.2802328425555495,-0.1305261922200515,0.0,0.0,0.9914448613738105,-0.016000000000000007,-0.22496149868535165,0.2802328425555495,-0.1305261922200515,0.0,0.0,0.9914448613738105,-0.016000000000000007,-0.22496149868535165,0.2802328425555495,-0.1305261922200515,0.0,0.0,0.9914448613738105,-0.016000000000000007,-0.22496149868535165,0.2802328425555495,-0.1305261922200515,0.0,0.0,0.9914448613738105,-0.016000000000000007,-0.22496149868535165,0.2802328425555495,-0.1305261922200515,0.0,0.0,0.9914448613738105,0.0,-0.5235987755982988,0.7853981633974483,0.0,0.5235987755982988,0.0,0.0,-0.5235987755982988,0.7853981633974483,0.0,0.5235987755982988,0.0,0.0,-0.5235987755982988,0.7853981633974483,0.0,0.5235987755982988,0.0,0.0,0.0,0.0,0.0,0.0,0.0,0.0,0.0,0.0,0.0,0.0,0.0,0.5,0.0,0.0,0.0,False,False,False,False,1,False,,0.0,0,,,,True,True,0.0,0.010342900000978261,True,0.0,0.0,False,False,False,False,False,False,1.0,False,False,False,0.0,0.0,0.0,0.0
0.3606776999949943,1786139317.5076377,0.008475699985865504,0.0025582999805919826,0.008475699985865504,READY,0,waiting for deadman,0.0,0.3606776999949943,65,0.0,0.0,0.0,0.0,0.0,0.0,1.0,0.0,0.0,0.0,0.0,0.0,0.0,1.0,-0.016000000000000007,-0.22496149868535165,0.2802328425555495,-0.1305261922200515,0.0,0.0,0.9914448613738105,-0.016000000000000007,-0.22496149868535165,0.2802328425555495,-0.1305261922200515,0.0,0.0,0.9914448613738105,-0.016000000000000007,-0.22496149868535165,0.2802328425555495,-0.1305261922200515,0.0,0.0,0.9914448613738105,-0.016000000000000007,-0.22496149868535165,0.2802328425555495,-0.1305261922200515,0.0,0.0,0.9914448613738105,-0.016000000000000007,-0.22496149868535165,0.2802328425555495,-0.1305261922200515,0.0,0.0,0.9914448613738105,0.0,-0.5235987755982988,0.7853981633974483,0.0,0.5235987755982988,0.0,0.0,-0.5235987755982988,0.7853981633974483,0.0,0.5235987755982988,0.0,0.0,-0.5235987755982988,0.7853981633974483,0.0,0.5235987755982988,0.0,0.0,0.0,0.0,0.0,0.0,0.0,0.0,0.0,0.0,0.0,0.0,0.0,0.5,0.0,0.0,0.0,False,False,False,False,1,False,,0.0,0,,,,True,True,0.0,0.008475699985865504,True,0.0,0.0,False,False,False,False,False,False,1.0,False,False,False,0.0,0.0,0.0,0.0
0.37045009998837486,1786139317.518154,0.009772399993380532,0.0032967000151984394,0.009772399993380532,READY,0,waiting for deadman,0.0,0.37045009998837486,67,0.0,0.0,0.0,0.0,0.0,0.0,1.0,0.0,0.0,0.0,0.0,0.0,0.0,1.0,-0.016000000000000007,-0.22496149868535165,0.2802328425555495,-0.1305261922200515,0.0,0.0,0.9914448613738105,-0.016000000000000007,-0.22496149868535165,0.2802328425555495,-0.1305261922200515,0.0,0.0,0.9914448613738105,-0.016000000000000007,-0.22496149868535165,0.2802328425555495,-0.1305261922200515,0.0,0.0,0.9914448613738105,-0.016000000000000007,-0.22496149868535165,0.2802328425555495,-0.1305261922200515,0.0,0.0,0.9914448613738105,-0.016000000000000007,-0.22496149868535165,0.2802328425555495,-0.1305261922200515,0.0,0.0,0.9914448613738105,0.0,-0.5235987755982988,0.7853981633974483,0.0,0.5235987755982988,0.0,0.0,-0.5235987755982988,0.7853981633974483,0.0,0.5235987755982988,0.0,0.0,-0.5235987755982988,0.7853981633974483,0.0,0.5235987755982988,0.0,0.0,0.0,0.0,0.0,0.0,0.0,0.0,0.0,0.0,0.0,0.0,0.0,0.5,0.0,0.0,0.0,False,False,False,False,1,False,,0.0,0,,,,True,True,0.0,0.009772399993380532,True,0.0,0.0,False,False,False,False,False,False,1.0,False,False,False,0.0,0.0,0.0,0.0
0.3804539999982808,1786139317.5278158,0.01000390000990592,0.002958500001113862,0.01000390000990592,READY,0,waiting for deadman,0.0,0.3804539999982808,69,0.0,0.0,0.0,0.0,0.0,0.0,1.0,0.0,0.0,0.0,0.0,0.0,0.0,1.0,-0.016000000000000007,-0.22496149868535165,0.2802328425555495,-0.1305261922200515,0.0,0.0,0.9914448613738105,-0.016000000000000007,-0.22496149868535165,0.2802328425555495,-0.1305261922200515,0.0,0.0,0.9914448613738105,-0.016000000000000007,-0.22496149868535165,0.2802328425555495,-0.1305261922200515,0.0,0.0,0.9914448613738105,-0.016000000000000007,-0.22496149868535165,0.2802328425555495,-0.1305261922200515,0.0,0.0,0.9914448613738105,-0.016000000000000007,-0.22496149868535165,0.2802328425555495,-0.1305261922200515,0.0,0.0,0.9914448613738105,0.0,-0.5235987755982988,0.7853981633974483,0.0,0.5235987755982988,0.0,0.0,-0.5235987755982988,0.7853981633974483,0.0,0.5235987755982988,0.0,0.0,-0.5235987755982988,0.7853981633974483,0.0,0.5235987755982988,0.0,0.0,0.0,0.0,0.0,0.0,0.0,0.0,0.0,0.0,0.0,0.0,0.0,0.5,0.0,0.0,0.0,False,False,False,False,1,False,,0.0,0,,,,True,True,0.0,0.01000390000990592,True,0.0,0.0,False,False,False,False,False,False,1.0,False,False,False,0.0,0.0,0.0,0.0
0.39012019999790937,1786139317.5376852,0.009666199999628589,0.0031627000134903938,0.009666199999628589,READY,0,waiting for deadman,0.0,0.39012019999790937,71,0.0,0.0,0.0,0.0,0.0,0.0,1.0,0.0,0.0,0.0,0.0,0.0,0.0,1.0,-0.016000000000000007,-0.22496149868535165,0.2802328425555495,-0.1305261922200515,0.0,0.0,0.9914448613738105,-0.016000000000000007,-0.22496149868535165,0.2802328425555495,-0.1305261922200515,0.0,0.0,0.9914448613738105,-0.016000000000000007,-0.22496149868535165,0.2802328425555495,-0.1305261922200515,0.0,0.0,0.9914448613738105,-0.016000000000000007,-0.22496149868535165,0.2802328425555495,-0.1305261922200515,0.0,0.0,0.9914448613738105,-0.016000000000000007,-0.22496149868535165,0.2802328425555495,-0.1305261922200515,0.0,0.0,0.9914448613738105,0.0,-0.5235987755982988,0.7853981633974483,0.0,0.5235987755982988,0.0,0.0,-0.5235987755982988,0.7853981633974483,0.0,0.5235987755982988,0.0,0.0,-0.5235987755982988,0.7853981633974483,0.0,0.5235987755982988,0.0,0.0,0.0,0.0,0.0,0.0,0.0,0.0,0.0,0.0,0.0,0.0,0.0,0.5,0.0,0.0,0.0,False,False,False,False,1,False,,0.0,0,,,,True,True,0.0,0.009666199999628589,True,0.0,0.0,False,False,False,False,False,False,1.0,False,False,False,0.0,0.0,0.0,0.0
0.40025130001595244,1786139317.5477977,0.010131100018043071,0.0031353000085800886,0.010131100018043071,READY,0,waiting for deadman,0.0,0.40025130001595244,73,0.0,0.0,0.0,0.0,0.0,0.0,1.0,0.0,0.0,0.0,0.0,0.0,0.0,1.0,-0.016000000000000007,-0.22496149868535165,0.2802328425555495,-0.1305261922200515,0.0,0.0,0.9914448613738105,-0.016000000000000007,-0.22496149868535165,0.2802328425555495,-0.1305261922200515,0.0,0.0,0.9914448613738105,-0.016000000000000007,-0.22496149868535165,0.2802328425555495,-0.1305261922200515,0.0,0.0,0.9914448613738105,-0.016000000000000007,-0.22496149868535165,0.2802328425555495,-0.1305261922200515,0.0,0.0,0.9914448613738105,-0.016000000000000007,-0.22496149868535165,0.2802328425555495,-0.1305261922200515,0.0,0.0,0.9914448613738105,0.0,-0.5235987755982988,0.7853981633974483,0.0,0.5235987755982988,0.0,0.0,-0.5235987755982988,0.7853981633974483,0.0,0.5235987755982988,0.0,0.0,-0.5235987755982988,0.7853981633974483,0.0,0.5235987755982988,0.0,0.0,0.0,0.0,0.0,0.0,0.0,0.0,0.0,0.0,0.0,0.0,0.0,0.5,0.0,0.0,0.0,False,False,False,False,1,False,,0.0,0,,,,True,True,0.0,0.010131100018043071,True,0.0,0.0,False,False,False,False,False,False,1.0,False,False,False,0.0,0.0,0.0,0.0
0.4112205000128597,1786139317.558854,0.010969199996907264,0.0032285999914165586,0.010969199996907264,READY,0,waiting for deadman,0.0,0.4112205000128597,75,0.0,0.0,0.0,0.0,0.0,0.0,1.0,0.0,0.0,0.0,0.0,0.0,0.0,1.0,-0.016000000000000007,-0.22496149868535165,0.2802328425555495,-0.1305261922200515,0.0,0.0,0.9914448613738105,-0.016000000000000007,-0.22496149868535165,0.2802328425555495,-0.1305261922200515,0.0,0.0,0.9914448613738105,-0.016000000000000007,-0.22496149868535165,0.2802328425555495,-0.1305261922200515,0.0,0.0,0.9914448613738105,-0.016000000000000007,-0.22496149868535165,0.2802328425555495,-0.1305261922200515,0.0,0.0,0.9914448613738105,-0.016000000000000007,-0.22496149868535165,0.2802328425555495,-0.1305261922200515,0.0,0.0,0.9914448613738105,0.0,-0.5235987755982988,0.7853981633974483,0.0,0.5235987755982988,0.0,0.0,-0.5235987755982988,0.7853981633974483,0.0,0.5235987755982988,0.0,0.0,-0.5235987755982988,0.7853981633974483,0.0,0.5235987755982988,0.0,0.0,0.0,0.0,0.0,0.0,0.0,0.0,0.0,0.0,0.0,0.0,0.0,0.5,0.0,0.0,0.0,False,False,False,False,1,False,,0.0,0,,,,True,True,0.0,0.010969199996907264,True,0.0,0.0,False,False,False,False,False,False,1.0,False,False,False,0.0,0.0,0.0,0.0
0.4203459999989718,1786139317.5680187,0.009125499986112118,0.003268600004957989,0.009125499986112118,READY,0,waiting for deadman,0.0,0.4203459999989718,77,0.0,0.0,0.0,0.0,0.0,0.0,1.0,0.0,0.0,0.0,0.0,0.0,0.0,1.0,-0.016000000000000007,-0.22496149868535165,0.2802328425555495,-0.1305261922200515,0.0,0.0,0.9914448613738105,-0.016000000000000007,-0.22496149868535165,0.2802328425555495,-0.1305261922200515,0.0,0.0,0.9914448613738105,-0.016000000000000007,-0.22496149868535165,0.2802328425555495,-0.1305261922200515,0.0,0.0,0.9914448613738105,-0.016000000000000007,-0.22496149868535165,0.2802328425555495,-0.1305261922200515,0.0,0.0,0.9914448613738105,-0.016000000000000007,-0.22496149868535165,0.2802328425555495,-0.1305261922200515,0.0,0.0,0.9914448613738105,0.0,-0.5235987755982988,0.7853981633974483,0.0,0.5235987755982988,0.0,0.0,-0.5235987755982988,0.7853981633974483,0.0,0.5235987755982988,0.0,0.0,-0.5235987755982988,0.7853981633974483,0.0,0.5235987755982988,0.0,0.0,0.0,0.0,0.0,0.0,0.0,0.0,0.0,0.0,0.0,0.0,0.0,0.5,0.0,0.0,0.0,False,False,False,False,1,False,,0.0,0,,,,True,True,0.0,0.009125499986112118,True,0.0,0.0,False,False,False,False,False,False,1.0,False,False,False,0.0,0.0,0.0,0.0
0.430376400006935,1786139317.5777678,0.01003040000796318,0.002987599989864975,0.01003040000796318,READY,0,waiting for deadman,0.0,0.430376400006935,79,0.0,0.0,0.0,0.0,0.0,0.0,1.0,0.0,0.0,0.0,0.0,0.0,0.0,1.0,-0.016000000000000007,-0.22496149868535165,0.2802328425555495,-0.1305261922200515,0.0,0.0,0.9914448613738105,-0.016000000000000007,-0.22496149868535165,0.2802328425555495,-0.1305261922200515,0.0,0.0,0.9914448613738105,-0.016000000000000007,-0.22496149868535165,0.2802328425555495,-0.1305261922200515,0.0,0.0,0.9914448613738105,-0.016000000000000007,-0.22496149868535165,0.2802328425555495,-0.1305261922200515,0.0,0.0,0.9914448613738105,-0.016000000000000007,-0.22496149868535165,0.2802328425555495,-0.1305261922200515,0.0,0.0,0.9914448613738105,0.0,-0.5235987755982988,0.7853981633974483,0.0,0.5235987755982988,0.0,0.0,-0.5235987755982988,0.7853981633974483,0.0,0.5235987755982988,0.0,0.0,-0.5235987755982988,0.7853981633974483,0.0,0.5235987755982988,0.0,0.0,0.0,0.0,0.0,0.0,0.0,0.0,0.0,0.0,0.0,0.0,0.0,0.5,0.0,0.0,0.0,False,False,False,False,1,False,,0.0,0,,,,True,True,0.0,0.01003040000796318,True,0.0,0.0,False,False,False,False,False,False,1.0,False,False,False,0.0,0.0,0.0,0.0
0.44024279998848215,1786139317.58804,0.009866399981547147,0.0033899999980349094,0.009866399981547147,READY,0,waiting for deadman,0.0,0.44024279998848215,81,0.0,0.0,0.0,0.0,0.0,0.0,1.0,0.0,0.0,0.0,0.0,0.0,0.0,1.0,-0.016000000000000007,-0.22496149868535165,0.2802328425555495,-0.1305261922200515,0.0,0.0,0.9914448613738105,-0.016000000000000007,-0.22496149868535165,0.2802328425555495,-0.1305261922200515,0.0,0.0,0.9914448613738105,-0.016000000000000007,-0.22496149868535165,0.2802328425555495,-0.1305261922200515,0.0,0.0,0.9914448613738105,-0.016000000000000007,-0.22496149868535165,0.2802328425555495,-0.1305261922200515,0.0,0.0,0.9914448613738105,-0.016000000000000007,-0.22496149868535165,0.2802328425555495,-0.1305261922200515,0.0,0.0,0.9914448613738105,0.0,-0.5235987755982988,0.7853981633974483,0.0,0.5235987755982988,0.0,0.0,-0.5235987755982988,0.7853981633974483,0.0,0.5235987755982988,0.0,0.0,-0.5235987755982988,0.7853981633974483,0.0,0.5235987755982988,0.0,0.0,0.0,0.0,0.0,0.0,0.0,0.0,0.0,0.0,0.0,0.0,0.0,0.5,0.0,0.0,0.0,False,False,False,False,1,False,,0.0,0,,,,True,True,0.0,0.009866399981547147,True,0.0,0.0,False,False,False,False,False,False,1.0,False,False,False,0.0,0.0,0.0,0.0
0.4502265999908559,1786139317.597432,0.009983800002373755,0.002801399998134002,0.009983800002373755,READY,0,waiting for deadman,0.0,0.4502265999908559,83,0.0,0.0,0.0,0.0,0.0,0.0,1.0,0.0,0.0,0.0,0.0,0.0,0.0,1.0,-0.016000000000000007,-0.22496149868535165,0.2802328425555495,-0.1305261922200515,0.0,0.0,0.9914448613738105,-0.016000000000000007,-0.22496149868535165,0.2802328425555495,-0.1305261922200515,0.0,0.0,0.9914448613738105,-0.016000000000000007,-0.22496149868535165,0.2802328425555495,-0.1305261922200515,0.0,0.0,0.9914448613738105,-0.016000000000000007,-0.22496149868535165,0.2802328425555495,-0.1305261922200515,0.0,0.0,0.9914448613738105,-0.016000000000000007,-0.22496149868535165,0.2802328425555495,-0.1305261922200515,0.0,0.0,0.9914448613738105,0.0,-0.5235987755982988,0.7853981633974483,0.0,0.5235987755982988,0.0,0.0,-0.5235987755982988,0.7853981633974483,0.0,0.5235987755982988,0.0,0.0,-0.5235987755982988,0.7853981633974483,0.0,0.5235987755982988,0.0,0.0,0.0,0.0,0.0,0.0,0.0,0.0,0.0,0.0,0.0,0.0,0.0,0.5,0.0,0.0,0.0,False,False,False,False,1,False,,0.0,0,,,,True,True,0.0,0.009983800002373755,True,0.0,0.0,False,False,False,False,False,False,1.0,False,False,False,0.0,0.0,0.0,0.0
0.46040360000915825,1786139317.6074328,0.010177000018302351,0.0026265000051353127,0.010177000018302351,READY,0,waiting for deadman,0.0,0.46040360000915825,85,0.0,0.0,0.0,0.0,0.0,0.0,1.0,0.0,0.0,0.0,0.0,0.0,0.0,1.0,-0.016000000000000007,-0.22496149868535165,0.2802328425555495,-0.1305261922200515,0.0,0.0,0.9914448613738105,-0.016000000000000007,-0.22496149868535165,0.2802328425555495,-0.1305261922200515,0.0,0.0,0.9914448613738105,-0.016000000000000007,-0.22496149868535165,0.2802328425555495,-0.1305261922200515,0.0,0.0,0.9914448613738105,-0.016000000000000007,-0.22496149868535165,0.2802328425555495,-0.1305261922200515,0.0,0.0,0.9914448613738105,-0.016000000000000007,-0.22496149868535165,0.2802328425555495,-0.1305261922200515,0.0,0.0,0.9914448613738105,0.0,-0.5235987755982988,0.7853981633974483,0.0,0.5235987755982988,0.0,0.0,-0.5235987755982988,0.7853981633974483,0.0,0.5235987755982988,0.0,0.0,-0.5235987755982988,0.7853981633974483,0.0,0.5235987755982988,0.0,0.0,0.0,0.0,0.0,0.0,0.0,0.0,0.0,0.0,0.0,0.0,0.0,0.5,0.0,0.0,0.0,False,False,False,False,1,False,,0.0,0,,,,True,True,0.0,0.010177000018302351,True,0.0,0.0,False,False,False,False,False,False,1.0,False,False,False,0.0,0.0,0.0,0.0
0.47016319999238476,1786139317.6178226,0.009759599983226508,0.003255499992519617,0.009759599983226508,READY,0,waiting for deadman,0.0,0.47016319999238476,87,0.0,0.0,0.0,0.0,0.0,0.0,1.0,0.0,0.0,0.0,0.0,0.0,0.0,1.0,-0.016000000000000007,-0.22496149868535165,0.2802328425555495,-0.1305261922200515,0.0,0.0,0.9914448613738105,-0.016000000000000007,-0.22496149868535165,0.2802328425555495,-0.1305261922200515,0.0,0.0,0.9914448613738105,-0.016000000000000007,-0.22496149868535165,0.2802328425555495,-0.1305261922200515,0.0,0.0,0.9914448613738105,-0.016000000000000007,-0.22496149868535165,0.2802328425555495,-0.1305261922200515,0.0,0.0,0.9914448613738105,-0.016000000000000007,-0.22496149868535165,0.2802328425555495,-0.1305261922200515,0.0,0.0,0.9914448613738105,0.0,-0.5235987755982988,0.7853981633974483,0.0,0.5235987755982988,0.0,0.0,-0.5235987755982988,0.7853981633974483,0.0,0.5235987755982988,0.0,0.0,-0.5235987755982988,0.7853981633974483,0.0,0.5235987755982988,0.0,0.0,0.0,0.0,0.0,0.0,0.0,0.0,0.0,0.0,0.0,0.0,0.0,0.5,0.0,0.0,0.0,False,False,False,False,1,False,,0.0,0,,,,True,True,0.0,0.009759599983226508,True,0.0,0.0,False,False,False,False,False,False,1.0,False,False,False,0.0,0.0,0.0,0.0
0.4803659000026528,1786139317.627982,0.010202700010268018,0.0032079000084195286,0.010202700010268018,READY,0,waiting for deadman,0.0,0.4803659000026528,89,0.0,0.0,0.0,0.0,0.0,0.0,1.0,0.0,0.0,0.0,0.0,0.0,0.0,1.0,-0.016000000000000007,-0.22496149868535165,0.2802328425555495,-0.1305261922200515,0.0,0.0,0.9914448613738105,-0.016000000000000007,-0.22496149868535165,0.2802328425555495,-0.1305261922200515,0.0,0.0,0.9914448613738105,-0.016000000000000007,-0.22496149868535165,0.2802328425555495,-0.1305261922200515,0.0,0.0,0.9914448613738105,-0.016000000000000007,-0.22496149868535165,0.2802328425555495,-0.1305261922200515,0.0,0.0,0.9914448613738105,-0.016000000000000007,-0.22496149868535165,0.2802328425555495,-0.1305261922200515,0.0,0.0,0.9914448613738105,0.0,-0.5235987755982988,0.7853981633974483,0.0,0.5235987755982988,0.0,0.0,-0.5235987755982988,0.7853981633974483,0.0,0.5235987755982988,0.0,0.0,-0.5235987755982988,0.7853981633974483,0.0,0.5235987755982988,0.0,0.0,0.0,0.0,0.0,0.0,0.0,0.0,0.0,0.0,0.0,0.0,0.0,0.5,0.0,0.0,0.0,False,False,False,False,1,False,,0.0,0,,,,True,True,0.0,0.010202700010268018,True,0.0,0.0,False,False,False,False,False,False,1.0,False,False,False,0.0,0.0,0.0,0.0
0.49032770001213066,1786139317.6374931,0.009961800009477884,0.0027623999922070652,0.009961800009477884,READY,0,waiting for deadman,0.0,0.49032770001213066,91,0.0,0.0,0.0,0.0,0.0,0.0,1.0,0.0,0.0,0.0,0.0,0.0,0.0,1.0,-0.016000000000000007,-0.22496149868535165,0.2802328425555495,-0.1305261922200515,0.0,0.0,0.9914448613738105,-0.016000000000000007,-0.22496149868535165,0.2802328425555495,-0.1305261922200515,0.0,0.0,0.9914448613738105,-0.016000000000000007,-0.22496149868535165,0.2802328425555495,-0.1305261922200515,0.0,0.0,0.9914448613738105,-0.016000000000000007,-0.22496149868535165,0.2802328425555495,-0.1305261922200515,0.0,0.0,0.9914448613738105,-0.016000000000000007,-0.22496149868535165,0.2802328425555495,-0.1305261922200515,0.0,0.0,0.9914448613738105,0.0,-0.5235987755982988,0.7853981633974483,0.0,0.5235987755982988,0.0,0.0,-0.5235987755982988,0.7853981633974483,0.0,0.5235987755982988,0.0,0.0,-0.5235987755982988,0.7853981633974483,0.0,0.5235987755982988,0.0,0.0,0.0,0.0,0.0,0.0,0.0,0.0,0.0,0.0,0.0,0.0,0.0,0.5,0.0,0.0,0.0,False,False,False,False,1,False,,0.0,0,,,,True,True,0.0,0.009961800009477884,True,0.0,0.0,False,False,False,False,False,False,1.0,False,False,False,0.0,0.0,0.0,0.0
0.5004430999979377,1786139317.6476939,0.010115399985807016,0.0028482000052463263,0.010115399985807016,READY,0,waiting for deadman,0.0,0.5004430999979377,93,0.0,0.0,0.0,0.0,0.0,0.0,1.0,0.0,0.0,0.0,0.0,0.0,0.0,1.0,-0.016000000000000007,-0.22496149868535165,0.2802328425555495,-0.1305261922200515,0.0,0.0,0.9914448613738105,-0.016000000000000007,-0.22496149868535165,0.2802328425555495,-0.1305261922200515,0.0,0.0,0.9914448613738105,-0.016000000000000007,-0.22496149868535165,0.2802328425555495,-0.1305261922200515,0.0,0.0,0.9914448613738105,-0.016000000000000007,-0.22496149868535165,0.2802328425555495,-0.1305261922200515,0.0,0.0,0.9914448613738105,-0.016000000000000007,-0.22496149868535165,0.2802328425555495,-0.1305261922200515,0.0,0.0,0.9914448613738105,0.0,-0.5235987755982988,0.7853981633974483,0.0,0.5235987755982988,0.0,0.0,-0.5235987755982988,0.7853981633974483,0.0,0.5235987755982988,0.0,0.0,-0.5235987755982988,0.7853981633974483,0.0,0.5235987755982988,0.0,0.0,0.0,0.0,0.0,0.0,0.0,0.0,0.0,0.0,0.0,0.0,0.0,0.5,0.0,0.0,0.0,False,False,False,False,1,False,,0.0,0,,,,True,True,0.0,0.010115399985807016,True,0.0,0.0,False,False,False,False,False,False,1.0,False,False,False,0.0,0.0,0.0,0.0
0.5105241000128444,1786139317.6574788,0.010081000014906749,0.0025517999893054366,0.010081000014906749,READY,0,waiting for deadman,0.0,0.5105241000128444,95,0.0,0.0,0.0,0.0,0.0,0.0,1.0,0.0,0.0,0.0,0.0,0.0,0.0,1.0,-0.016000000000000007,-0.22496149868535165,0.2802328425555495,-0.1305261922200515,0.0,0.0,0.9914448613738105,-0.016000000000000007,-0.22496149868535165,0.2802328425555495,-0.1305261922200515,0.0,0.0,0.9914448613738105,-0.016000000000000007,-0.22496149868535165,0.2802328425555495,-0.1305261922200515,0.0,0.0,0.9914448613738105,-0.016000000000000007,-0.22496149868535165,0.2802328425555495,-0.1305261922200515,0.0,0.0,0.9914448613738105,-0.016000000000000007,-0.22496149868535165,0.2802328425555495,-0.1305261922200515,0.0,0.0,0.9914448613738105,0.0,-0.5235987755982988,0.7853981633974483,0.0,0.5235987755982988,0.0,0.0,-0.5235987755982988,0.7853981633974483,0.0,0.5235987755982988,0.0,0.0,-0.5235987755982988,0.7853981633974483,0.0,0.5235987755982988,0.0,0.0,0.0,0.0,0.0,0.0,0.0,0.0,0.0,0.0,0.0,0.0,0.0,0.5,0.0,0.0,0.0,False,False,False,False,1,False,,0.0,0,,,,True,True,0.0,0.010081000014906749,True,0.0,0.0,False,False,False,False,False,False,1.0,False,False,False,0.0,0.0,0.0,0.0
0.5204795000026934,1786139317.6687136,0.009955399989848956,0.0038275000115390867,0.009955399989848956,READY,0,waiting for deadman,0.0,0.5204795000026934,97,0.0,0.0,0.0,0.0,0.0,0.0,1.0,0.0,0.0,0.0,0.0,0.0,0.0,1.0,-0.016000000000000007,-0.22496149868535165,0.2802328425555495,-0.1305261922200515,0.0,0.0,0.9914448613738105,-0.016000000000000007,-0.22496149868535165,0.2802328425555495,-0.1305261922200515,0.0,0.0,0.9914448613738105,-0.016000000000000007,-0.22496149868535165,0.2802328425555495,-0.1305261922200515,0.0,0.0,0.9914448613738105,-0.016000000000000007,-0.22496149868535165,0.2802328425555495,-0.1305261922200515,0.0,0.0,0.9914448613738105,-0.016000000000000007,-0.22496149868535165,0.2802328425555495,-0.1305261922200515,0.0,0.0,0.9914448613738105,0.0,-0.5235987755982988,0.7853981633974483,0.0,0.5235987755982988,0.0,0.0,-0.5235987755982988,0.7853981633974483,0.0,0.5235987755982988,0.0,0.0,-0.5235987755982988,0.7853981633974483,0.0,0.5235987755982988,0.0,0.0,0.0,0.0,0.0,0.0,0.0,0.0,0.0,0.0,0.0,0.0,0.0,0.5,0.0,0.0,0.0,False,False,False,False,1,False,,0.0,0,,,,True,True,0.0,0.009955399989848956,True,0.0,0.0,False,False,False,False,False,False,1.0,False,False,False,0.0,0.0,0.0,0.0
0.5305549000040628,1786139317.6782122,0.010075400001369417,0.003244600025936961,0.010075400001369417,READY,0,waiting for deadman,0.0,0.5305549000040628,99,0.0,0.0,0.0,0.0,0.0,0.0,1.0,0.0,0.0,0.0,0.0,0.0,0.0,1.0,-0.016000000000000007,-0.22496149868535165,0.2802328425555495,-0.1305261922200515,0.0,0.0,0.9914448613738105,-0.016000000000000007,-0.22496149868535165,0.2802328425555495,-0.1305261922200515,0.0,0.0,0.9914448613738105,-0.016000000000000007,-0.22496149868535165,0.2802328425555495,-0.1305261922200515,0.0,0.0,0.9914448613738105,-0.016000000000000007,-0.22496149868535165,0.2802328425555495,-0.1305261922200515,0.0,0.0,0.9914448613738105,-0.016000000000000007,-0.22496149868535165,0.2802328425555495,-0.1305261922200515,0.0,0.0,0.9914448613738105,0.0,-0.5235987755982988,0.7853981633974483,0.0,0.5235987755982988,0.0,0.0,-0.5235987755982988,0.7853981633974483,0.0,0.5235987755982988,0.0,0.0,-0.5235987755982988,0.7853981633974483,0.0,0.5235987755982988,0.0,0.0,0.0,0.0,0.0,0.0,0.0,0.0,0.0,0.0,0.0,0.0,0.0,0.5,0.0,0.0,0.0,False,False,False,False,1,False,,0.0,0,,,,True,True,0.0,0.010075400001369417,True,0.0,0.0,False,False,False,False,False,False,1.0,False,False,False,0.0,0.0,0.0,0.0
0.5401953000109643,1786139317.6874115,0.009640400006901473,0.002812399994581938,0.009640400006901473,READY,0,waiting for deadman,0.0,0.5401953000109643,101,0.0,0.0,0.0,0.0,0.0,0.0,1.0,0.0,0.0,0.0,0.0,0.0,0.0,1.0,-0.016000000000000007,-0.22496149868535165,0.2802328425555495,-0.1305261922200515,0.0,0.0,0.9914448613738105,-0.016000000000000007,-0.22496149868535165,0.2802328425555495,-0.1305261922200515,0.0,0.0,0.9914448613738105,-0.016000000000000007,-0.22496149868535165,0.2802328425555495,-0.1305261922200515,0.0,0.0,0.9914448613738105,-0.016000000000000007,-0.22496149868535165,0.2802328425555495,-0.1305261922200515,0.0,0.0,0.9914448613738105,-0.016000000000000007,-0.22496149868535165,0.2802328425555495,-0.1305261922200515,0.0,0.0,0.9914448613738105,0.0,-0.5235987755982988,0.7853981633974483,0.0,0.5235987755982988,0.0,0.0,-0.5235987755982988,0.7853981633974483,0.0,0.5235987755982988,0.0,0.0,-0.5235987755982988,0.7853981633974483,0.0,0.5235987755982988,0.0,0.0,0.0,0.0,0.0,0.0,0.0,0.0,0.0,0.0,0.0,0.0,0.0,0.5,0.0,0.0,0.0,False,False,False,False,1,False,,0.0,0,,,,True,True,0.0,0.009640400006901473,True,0.0,0.0,False,False,False,False,False,False,1.0,False,False,False,0.0,0.0,0.0,0.0
0.5502092000097036,1786139317.697317,0.010013899998739362,0.00270389998331666,0.010013899998739362,READY,0,waiting for deadman,0.0,0.5502092000097036,103,0.0,0.0,0.0,0.0,0.0,0.0,1.0,0.0,0.0,0.0,0.0,0.0,0.0,1.0,-0.016000000000000007,-0.22496149868535165,0.2802328425555495,-0.1305261922200515,0.0,0.0,0.9914448613738105,-0.016000000000000007,-0.22496149868535165,0.2802328425555495,-0.1305261922200515,0.0,0.0,0.9914448613738105,-0.016000000000000007,-0.22496149868535165,0.2802328425555495,-0.1305261922200515,0.0,0.0,0.9914448613738105,-0.016000000000000007,-0.22496149868535165,0.2802328425555495,-0.1305261922200515,0.0,0.0,0.9914448613738105,-0.016000000000000007,-0.22496149868535165,0.2802328425555495,-0.1305261922200515,0.0,0.0,0.9914448613738105,0.0,-0.5235987755982988,0.7853981633974483,0.0,0.5235987755982988,0.0,0.0,-0.5235987755982988,0.7853981633974483,0.0,0.5235987755982988,0.0,0.0,-0.5235987755982988,0.7853981633974483,0.0,0.5235987755982988,0.0,0.0,0.0,0.0,0.0,0.0,0.0,0.0,0.0,0.0,0.0,0.0,0.0,0.5,0.0,0.0,0.0,False,False,False,False,1,False,,0.0,0,,,,True,True,0.0,0.010013899998739362,True,0.0,0.0,False,False,False,False,False,False,1.0,False,False,False,0.0,0.0,0.0,0.0
0.5608921000093687,1786139317.7077808,0.010682899999665096,0.0024856000090949237,0.010682899999665096,READY,0,waiting for deadman,0.0,0.5608921000093687,105,0.0,0.0,0.0,0.0,0.0,0.0,1.0,0.0,0.0,0.0,0.0,0.0,0.0,1.0,-0.016000000000000007,-0.22496149868535165,0.2802328425555495,-0.1305261922200515,0.0,0.0,0.9914448613738105,-0.016000000000000007,-0.22496149868535165,0.2802328425555495,-0.1305261922200515,0.0,0.0,0.9914448613738105,-0.016000000000000007,-0.22496149868535165,0.2802328425555495,-0.1305261922200515,0.0,0.0,0.9914448613738105,-0.016000000000000007,-0.22496149868535165,0.2802328425555495,-0.1305261922200515,0.0,0.0,0.9914448613738105,-0.016000000000000007,-0.22496149868535165,0.2802328425555495,-0.1305261922200515,0.0,0.0,0.9914448613738105,0.0,-0.5235987755982988,0.7853981633974483,0.0,0.5235987755982988,0.0,0.0,-0.5235987755982988,0.7853981633974483,0.0,0.5235987755982988,0.0,0.0,-0.5235987755982988,0.7853981633974483,0.0,0.5235987755982988,0.0,0.0,0.0,0.0,0.0,0.0,0.0,0.0,0.0,0.0,0.0,0.0,0.0,0.5,0.0,0.0,0.0,False,False,False,False,1,False,,0.0,0,,,,True,True,0.0,0.010682899999665096,True,0.0,0.0,False,False,False,False,False,False,1.0,False,False,False,0.0,0.0,0.0,0.0
0.5702952000137884,1786139317.7179217,0.009403100004419684,0.0032207999902311713,0.009403100004419684,READY,0,waiting for deadman,0.0,0.5702952000137884,107,0.0,0.0,0.0,0.0,0.0,0.0,1.0,0.0,0.0,0.0,0.0,0.0,0.0,1.0,-0.016000000000000007,-0.22496149868535165,0.2802328425555495,-0.1305261922200515,0.0,0.0,0.9914448613738105,-0.016000000000000007,-0.22496149868535165,0.2802328425555495,-0.1305261922200515,0.0,0.0,0.9914448613738105,-0.016000000000000007,-0.22496149868535165,0.2802328425555495,-0.1305261922200515,0.0,0.0,0.9914448613738105,-0.016000000000000007,-0.22496149868535165,0.2802328425555495,-0.1305261922200515,0.0,0.0,0.9914448613738105,-0.016000000000000007,-0.22496149868535165,0.2802328425555495,-0.1305261922200515,0.0,0.0,0.9914448613738105,0.0,-0.5235987755982988,0.7853981633974483,0.0,0.5235987755982988,0.0,0.0,-0.5235987755982988,0.7853981633974483,0.0,0.5235987755982988,0.0,0.0,-0.5235987755982988,0.7853981633974483,0.0,0.5235987755982988,0.0,0.0,0.0,0.0,0.0,0.0,0.0,0.0,0.0,0.0,0.0,0.0,0.0,0.5,0.0,0.0,0.0,False,False,False,False,1,False,,0.0,0,,,,True,True,0.0,0.009403100004419684,True,0.0,0.0,False,False,False,False,False,False,1.0,False,False,False,0.0,0.0,0.0,0.0
0.5802822000114247,1786139317.727204,0.009986999997636303,0.002517999993870035,0.009986999997636303,READY,0,waiting for deadman,0.0,0.5802822000114247,109,0.0,0.0,0.0,0.0,0.0,0.0,1.0,0.0,0.0,0.0,0.0,0.0,0.0,1.0,-0.016000000000000007,-0.22496149868535165,0.2802328425555495,-0.1305261922200515,0.0,0.0,0.9914448613738105,-0.016000000000000007,-0.22496149868535165,0.2802328425555495,-0.1305261922200515,0.0,0.0,0.9914448613738105,-0.016000000000000007,-0.22496149868535165,0.2802328425555495,-0.1305261922200515,0.0,0.0,0.9914448613738105,-0.016000000000000007,-0.22496149868535165,0.2802328425555495,-0.1305261922200515,0.0,0.0,0.9914448613738105,-0.016000000000000007,-0.22496149868535165,0.2802328425555495,-0.1305261922200515,0.0,0.0,0.9914448613738105,0.0,-0.5235987755982988,0.7853981633974483,0.0,0.5235987755982988,0.0,0.0,-0.5235987755982988,0.7853981633974483,0.0,0.5235987755982988,0.0,0.0,-0.5235987755982988,0.7853981633974483,0.0,0.5235987755982988,0.0,0.0,0.0,0.0,0.0,0.0,0.0,0.0,0.0,0.0,0.0,0.0,0.0,0.5,0.0,0.0,0.0,False,False,False,False,1,False,,0.0,0,,,,True,True,0.0,0.009986999997636303,True,0.0,0.0,False,False,False,False,False,False,1.0,False,False,False,0.0,0.0,0.0,0.0
0.5903650000109337,1786139317.7376735,0.010082799999509007,0.0029051000019535422,0.010082799999509007,READY,0,waiting for deadman,0.0,0.5903650000109337,111,0.0,0.0,0.0,0.0,0.0,0.0,1.0,0.0,0.0,0.0,0.0,0.0,0.0,1.0,-0.016000000000000007,-0.22496149868535165,0.2802328425555495,-0.1305261922200515,0.0,0.0,0.9914448613738105,-0.016000000000000007,-0.22496149868535165,0.2802328425555495,-0.1305261922200515,0.0,0.0,0.9914448613738105,-0.016000000000000007,-0.22496149868535165,0.2802328425555495,-0.1305261922200515,0.0,0.0,0.9914448613738105,-0.016000000000000007,-0.22496149868535165,0.2802328425555495,-0.1305261922200515,0.0,0.0,0.9914448613738105,-0.016000000000000007,-0.22496149868535165,0.2802328425555495,-0.1305261922200515,0.0,0.0,0.9914448613738105,0.0,-0.5235987755982988,0.7853981633974483,0.0,0.5235987755982988,0.0,0.0,-0.5235987755982988,0.7853981633974483,0.0,0.5235987755982988,0.0,0.0,-0.5235987755982988,0.7853981633974483,0.0,0.5235987755982988,0.0,0.0,0.0,0.0,0.0,0.0,0.0,0.0,0.0,0.0,0.0,0.0,0.0,0.5,0.0,0.0,0.0,False,False,False,False,1,False,,0.0,0,,,,True,True,0.0,0.010082799999509007,True,0.0,0.0,False,False,False,False,False,False,1.0,False,False,False,0.0,0.0,0.0,0.0
0.6015327000059187,1786139317.7487345,0.011167699994985014,0.0027984000043943524,0.011167699994985014,READY,0,waiting for deadman,0.0,0.6015327000059187,113,0.0,0.0,0.0,0.0,0.0,0.0,1.0,0.0,0.0,0.0,0.0,0.0,0.0,1.0,-0.016000000000000007,-0.22496149868535165,0.2802328425555495,-0.1305261922200515,0.0,0.0,0.9914448613738105,-0.016000000000000007,-0.22496149868535165,0.2802328425555495,-0.1305261922200515,0.0,0.0,0.9914448613738105,-0.016000000000000007,-0.22496149868535165,0.2802328425555495,-0.1305261922200515,0.0,0.0,0.9914448613738105,-0.016000000000000007,-0.22496149868535165,0.2802328425555495,-0.1305261922200515,0.0,0.0,0.9914448613738105,-0.016000000000000007,-0.22496149868535165,0.2802328425555495,-0.1305261922200515,0.0,0.0,0.9914448613738105,0.0,-0.5235987755982988,0.7853981633974483,0.0,0.5235987755982988,0.0,0.0,-0.5235987755982988,0.7853981633974483,0.0,0.5235987755982988,0.0,0.0,-0.5235987755982988,0.7853981633974483,0.0,0.5235987755982988,0.0,0.0,0.0,0.0,0.0,0.0,0.0,0.0,0.0,0.0,0.0,0.0,0.0,0.5,0.0,0.0,0.0,False,False,False,False,1,False,,0.0,0,,,,True,True,0.0,0.011167699994985014,True,0.0,0.0,False,False,False,False,False,False,1.0,False,False,False,0.0,0.0,0.0,0.0
0.6101554000051692,1786139317.7572114,0.008622699999250472,0.002651899994816631,0.008622699999250472,READY,0,waiting for deadman,0.0,0.6101554000051692,115,0.0,0.0,0.0,0.0,0.0,0.0,1.0,0.0,0.0,0.0,0.0,0.0,0.0,1.0,-0.016000000000000007,-0.22496149868535165,0.2802328425555495,-0.1305261922200515,0.0,0.0,0.9914448613738105,-0.016000000000000007,-0.22496149868535165,0.2802328425555495,-0.1305261922200515,0.0,0.0,0.9914448613738105,-0.016000000000000007,-0.22496149868535165,0.2802328425555495,-0.1305261922200515,0.0,0.0,0.9914448613738105,-0.016000000000000007,-0.22496149868535165,0.2802328425555495,-0.1305261922200515,0.0,0.0,0.9914448613738105,-0.016000000000000007,-0.22496149868535165,0.2802328425555495,-0.1305261922200515,0.0,0.0,0.9914448613738105,0.0,-0.5235987755982988,0.7853981633974483,0.0,0.5235987755982988,0.0,0.0,-0.5235987755982988,0.7853981633974483,0.0,0.5235987755982988,0.0,0.0,-0.5235987755982988,0.7853981633974483,0.0,0.5235987755982988,0.0,0.0,0.0,0.0,0.0,0.0,0.0,0.0,0.0,0.0,0.0,0.0,0.0,0.5,0.0,0.0,0.0,False,False,False,False,1,False,,0.0,0,,,,True,True,0.0,0.008622699999250472,True,0.0,0.0,False,False,False,False,False,False,1.0,False,False,False,0.0,0.0,0.0,0.0
0.6201769000035711,1786139317.767973,0.01002149999840185,0.0033925999887287617,0.01002149999840185,READY,0,waiting for deadman,0.0,0.6201769000035711,117,0.0,0.0,0.0,0.0,0.0,0.0,1.0,0.0,0.0,0.0,0.0,0.0,0.0,1.0,-0.016000000000000007,-0.22496149868535165,0.2802328425555495,-0.1305261922200515,0.0,0.0,0.9914448613738105,-0.016000000000000007,-0.22496149868535165,0.2802328425555495,-0.1305261922200515,0.0,0.0,0.9914448613738105,-0.016000000000000007,-0.22496149868535165,0.2802328425555495,-0.1305261922200515,0.0,0.0,0.9914448613738105,-0.016000000000000007,-0.22496149868535165,0.2802328425555495,-0.1305261922200515,0.0,0.0,0.9914448613738105,-0.016000000000000007,-0.22496149868535165,0.2802328425555495,-0.1305261922200515,0.0,0.0,0.9914448613738105,0.0,-0.5235987755982988,0.7853981633974483,0.0,0.5235987755982988,0.0,0.0,-0.5235987755982988,0.7853981633974483,0.0,0.5235987755982988,0.0,0.0,-0.5235987755982988,0.7853981633974483,0.0,0.5235987755982988,0.0,0.0,0.0,0.0,0.0,0.0,0.0,0.0,0.0,0.0,0.0,0.0,0.0,0.5,0.0,0.0,0.0,False,False,False,False,1,False,,0.0,0,,,,True,True,0.0,0.01002149999840185,True,0.0,0.0,False,False,False,False,False,False,1.0,False,False,False,0.0,0.0,0.0,0.0
0.6302078000153415,1786139317.7771277,0.010030900011770427,0.0025164999824482948,0.010030900011770427,READY,0,waiting for deadman,0.0,0.6302078000153415,119,0.0,0.0,0.0,0.0,0.0,0.0,1.0,0.0,0.0,0.0,0.0,0.0,0.0,1.0,-0.016000000000000007,-0.22496149868535165,0.2802328425555495,-0.1305261922200515,0.0,0.0,0.9914448613738105,-0.016000000000000007,-0.22496149868535165,0.2802328425555495,-0.1305261922200515,0.0,0.0,0.9914448613738105,-0.016000000000000007,-0.22496149868535165,0.2802328425555495,-0.1305261922200515,0.0,0.0,0.9914448613738105,-0.016000000000000007,-0.22496149868535165,0.2802328425555495,-0.1305261922200515,0.0,0.0,0.9914448613738105,-0.016000000000000007,-0.22496149868535165,0.2802328425555495,-0.1305261922200515,0.0,0.0,0.9914448613738105,0.0,-0.5235987755982988,0.7853981633974483,0.0,0.5235987755982988,0.0,0.0,-0.5235987755982988,0.7853981633974483,0.0,0.5235987755982988,0.0,0.0,-0.5235987755982988,0.7853981633974483,0.0,0.5235987755982988,0.0,0.0,0.0,0.0,0.0,0.0,0.0,0.0,0.0,0.0,0.0,0.0,0.0,0.5,0.0,0.0,0.0,False,False,False,False,1,False,,0.0,0,,,,True,True,0.0,0.010030900011770427,True,0.0,0.0,False,False,False,False,False,False,1.0,False,False,False,0.0,0.0,0.0,0.0
0.6416265000007115,1786139317.7889292,0.01141869998537004,0.002899199986131862,0.01141869998537004,READY,0,waiting for deadman,0.0,0.6416265000007115,121,0.0,0.0,0.0,0.0,0.0,0.0,1.0,0.0,0.0,0.0,0.0,0.0,0.0,1.0,-0.016000000000000007,-0.22496149868535165,0.2802328425555495,-0.1305261922200515,0.0,0.0,0.9914448613738105,-0.016000000000000007,-0.22496149868535165,0.2802328425555495,-0.1305261922200515,0.0,0.0,0.9914448613738105,-0.016000000000000007,-0.22496149868535165,0.2802328425555495,-0.1305261922200515,0.0,0.0,0.9914448613738105,-0.016000000000000007,-0.22496149868535165,0.2802328425555495,-0.1305261922200515,0.0,0.0,0.9914448613738105,-0.016000000000000007,-0.22496149868535165,0.2802328425555495,-0.1305261922200515,0.0,0.0,0.9914448613738105,0.0,-0.5235987755982988,0.7853981633974483,0.0,0.5235987755982988,0.0,0.0,-0.5235987755982988,0.7853981633974483,0.0,0.5235987755982988,0.0,0.0,-0.5235987755982988,0.7853981633974483,0.0,0.5235987755982988,0.0,0.0,0.0,0.0,0.0,0.0,0.0,0.0,0.0,0.0,0.0,0.0,0.0,0.5,0.0,0.0,0.0,False,False,False,False,1,False,,0.0,0,,,,True,True,0.0,0.01141869998537004,True,0.0,0.0,False,False,False,False,False,False,1.0,False,False,False,0.0,0.0,0.0,0.0
0.6501858000119682,1786139317.797982,0.00855930001125671,0.003390800004126504,0.00855930001125671,READY,0,waiting for deadman,0.0,0.6501858000119682,123,0.0,0.0,0.0,0.0,0.0,0.0,1.0,0.0,0.0,0.0,0.0,0.0,0.0,1.0,-0.016000000000000007,-0.22496149868535165,0.2802328425555495,-0.1305261922200515,0.0,0.0,0.9914448613738105,-0.016000000000000007,-0.22496149868535165,0.2802328425555495,-0.1305261922200515,0.0,0.0,0.9914448613738105,-0.016000000000000007,-0.22496149868535165,0.2802328425555495,-0.1305261922200515,0.0,0.0,0.9914448613738105,-0.016000000000000007,-0.22496149868535165,0.2802328425555495,-0.1305261922200515,0.0,0.0,0.9914448613738105,-0.016000000000000007,-0.22496149868535165,0.2802328425555495,-0.1305261922200515,0.0,0.0,0.9914448613738105,0.0,-0.5235987755982988,0.7853981633974483,0.0,0.5235987755982988,0.0,0.0,-0.5235987755982988,0.7853981633974483,0.0,0.5235987755982988,0.0,0.0,-0.5235987755982988,0.7853981633974483,0.0,0.5235987755982988,0.0,0.0,0.0,0.0,0.0,0.0,0.0,0.0,0.0,0.0,0.0,0.0,0.0,0.5,0.0,0.0,0.0,False,False,False,False,1,False,,0.0,0,,,,True,True,0.0,0.00855930001125671,True,0.0,0.0,False,False,False,False,False,False,1.0,False,False,False,0.0,0.0,0.0,0.0
0.6604902000108268,1786139317.8075056,0.010304399998858571,0.0026098999951500446,0.010304399998858571,READY,0,waiting for deadman,0.0,0.6604902000108268,125,0.0,0.0,0.0,0.0,0.0,0.0,1.0,0.0,0.0,0.0,0.0,0.0,0.0,1.0,-0.016000000000000007,-0.22496149868535165,0.2802328425555495,-0.1305261922200515,0.0,0.0,0.9914448613738105,-0.016000000000000007,-0.22496149868535165,0.2802328425555495,-0.1305261922200515,0.0,0.0,0.9914448613738105,-0.016000000000000007,-0.22496149868535165,0.2802328425555495,-0.1305261922200515,0.0,0.0,0.9914448613738105,-0.016000000000000007,-0.22496149868535165,0.2802328425555495,-0.1305261922200515,0.0,0.0,0.9914448613738105,-0.016000000000000007,-0.22496149868535165,0.2802328425555495,-0.1305261922200515,0.0,0.0,0.9914448613738105,0.0,-0.5235987755982988,0.7853981633974483,0.0,0.5235987755982988,0.0,0.0,-0.5235987755982988,0.7853981633974483,0.0,0.5235987755982988,0.0,0.0,-0.5235987755982988,0.7853981633974483,0.0,0.5235987755982988,0.0,0.0,0.0,0.0,0.0,0.0,0.0,0.0,0.0,0.0,0.0,0.0,0.0,0.5,0.0,0.0,0.0,False,False,False,False,1,False,,0.0,0,,,,True,True,0.0,0.010304399998858571,True,0.0,0.0,False,False,False,False,False,False,1.0,False,False,False,0.0,0.0,0.0,0.0
0.6704044000071008,1786139317.817378,0.009914199996273965,0.0025701999838929623,0.009914199996273965,READY,0,waiting for deadman,0.0,0.6704044000071008,127,0.0,0.0,0.0,0.0,0.0,0.0,1.0,0.0,0.0,0.0,0.0,0.0,0.0,1.0,-0.016000000000000007,-0.22496149868535165,0.2802328425555495,-0.1305261922200515,0.0,0.0,0.9914448613738105,-0.016000000000000007,-0.22496149868535165,0.2802328425555495,-0.1305261922200515,0.0,0.0,0.9914448613738105,-0.016000000000000007,-0.22496149868535165,0.2802328425555495,-0.1305261922200515,0.0,0.0,0.9914448613738105,-0.016000000000000007,-0.22496149868535165,0.2802328425555495,-0.1305261922200515,0.0,0.0,0.9914448613738105,-0.016000000000000007,-0.22496149868535165,0.2802328425555495,-0.1305261922200515,0.0,0.0,0.9914448613738105,0.0,-0.5235987755982988,0.7853981633974483,0.0,0.5235987755982988,0.0,0.0,-0.5235987755982988,0.7853981633974483,0.0,0.5235987755982988,0.0,0.0,-0.5235987755982988,0.7853981633974483,0.0,0.5235987755982988,0.0,0.0,0.0,0.0,0.0,0.0,0.0,0.0,0.0,0.0,0.0,0.0,0.0,0.5,0.0,0.0,0.0,False,False,False,False,1,False,,0.0,0,,,,True,True,0.0,0.009914199996273965,True,0.0,0.0,False,False,False,False,False,False,1.0,False,False,False,0.0,0.0,0.0,0.0
0.6804195000149775,1786139317.827888,0.010015100007876754,0.0030648000247310847,0.010015100007876754,READY,0,waiting for deadman,0.0,0.6804195000149775,129,0.0,0.0,0.0,0.0,0.0,0.0,1.0,0.0,0.0,0.0,0.0,0.0,0.0,1.0,-0.016000000000000007,-0.22496149868535165,0.2802328425555495,-0.1305261922200515,0.0,0.0,0.9914448613738105,-0.016000000000000007,-0.22496149868535165,0.2802328425555495,-0.1305261922200515,0.0,0.0,0.9914448613738105,-0.016000000000000007,-0.22496149868535165,0.2802328425555495,-0.1305261922200515,0.0,0.0,0.9914448613738105,-0.016000000000000007,-0.22496149868535165,0.2802328425555495,-0.1305261922200515,0.0,0.0,0.9914448613738105,-0.016000000000000007,-0.22496149868535165,0.2802328425555495,-0.1305261922200515,0.0,0.0,0.9914448613738105,0.0,-0.5235987755982988,0.7853981633974483,0.0,0.5235987755982988,0.0,0.0,-0.5235987755982988,0.7853981633974483,0.0,0.5235987755982988,0.0,0.0,-0.5235987755982988,0.7853981633974483,0.0,0.5235987755982988,0.0,0.0,0.0,0.0,0.0,0.0,0.0,0.0,0.0,0.0,0.0,0.0,0.0,0.5,0.0,0.0,0.0,False,False,False,False,1,False,,0.0,0,,,,True,True,0.0,0.010015100007876754,True,0.0,0.0,False,False,False,False,False,False,1.0,False,False,False,0.0,0.0,0.0,0.0
0.6904266999918036,1786139317.8379238,0.010007199976826087,0.0030935000104364008,0.010007199976826087,READY,0,waiting for deadman,0.0,0.6904266999918036,131,0.0,0.0,0.0,0.0,0.0,0.0,1.0,0.0,0.0,0.0,0.0,0.0,0.0,1.0,-0.016000000000000007,-0.22496149868535165,0.2802328425555495,-0.1305261922200515,0.0,0.0,0.9914448613738105,-0.016000000000000007,-0.22496149868535165,0.2802328425555495,-0.1305261922200515,0.0,0.0,0.9914448613738105,-0.016000000000000007,-0.22496149868535165,0.2802328425555495,-0.1305261922200515,0.0,0.0,0.9914448613738105,-0.016000000000000007,-0.22496149868535165,0.2802328425555495,-0.1305261922200515,0.0,0.0,0.9914448613738105,-0.016000000000000007,-0.22496149868535165,0.2802328425555495,-0.1305261922200515,0.0,0.0,0.9914448613738105,0.0,-0.5235987755982988,0.7853981633974483,0.0,0.5235987755982988,0.0,0.0,-0.5235987755982988,0.7853981633974483,0.0,0.5235987755982988,0.0,0.0,-0.5235987755982988,0.7853981633974483,0.0,0.5235987755982988,0.0,0.0,0.0,0.0,0.0,0.0,0.0,0.0,0.0,0.0,0.0,0.0,0.0,0.5,0.0,0.0,0.0,False,False,False,False,1,False,,0.0,0,,,,True,True,0.0,0.010007199976826087,True,0.0,0.0,False,False,False,False,False,False,1.0,False,False,False,0.0,0.0,0.0,0.0
0.7005555999930948,1786139317.8483975,0.010128900001291186,0.0034317000245209783,0.010128900001291186,READY,0,waiting for deadman,0.0,0.7005555999930948,133,0.0,0.0,0.0,0.0,0.0,0.0,1.0,0.0,0.0,0.0,0.0,0.0,0.0,1.0,-0.016000000000000007,-0.22496149868535165,0.2802328425555495,-0.1305261922200515,0.0,0.0,0.9914448613738105,-0.016000000000000007,-0.22496149868535165,0.2802328425555495,-0.1305261922200515,0.0,0.0,0.9914448613738105,-0.016000000000000007,-0.22496149868535165,0.2802328425555495,-0.1305261922200515,0.0,0.0,0.9914448613738105,-0.016000000000000007,-0.22496149868535165,0.2802328425555495,-0.1305261922200515,0.0,0.0,0.9914448613738105,-0.016000000000000007,-0.22496149868535165,0.2802328425555495,-0.1305261922200515,0.0,0.0,0.9914448613738105,0.0,-0.5235987755982988,0.7853981633974483,0.0,0.5235987755982988,0.0,0.0,-0.5235987755982988,0.7853981633974483,0.0,0.5235987755982988,0.0,0.0,-0.5235987755982988,0.7853981633974483,0.0,0.5235987755982988,0.0,0.0,0.0,0.0,0.0,0.0,0.0,0.0,0.0,0.0,0.0,0.0,0.0,0.5,0.0,0.0,0.0,False,False,False,False,1,False,,0.0,0,,,,True,True,0.0,0.010128900001291186,True,0.0,0.0,False,False,False,False,False,False,1.0,False,False,False,0.0,0.0,0.0,0.0
0.7104935999959707,1786139317.8574996,0.009938000002875924,0.002601799991680309,0.009938000002875924,READY,0,waiting for deadman,0.0,0.7104935999959707,135,0.0,0.0,0.0,0.0,0.0,0.0,1.0,0.0,0.0,0.0,0.0,0.0,0.0,1.0,-0.016000000000000007,-0.22496149868535165,0.2802328425555495,-0.1305261922200515,0.0,0.0,0.9914448613738105,-0.016000000000000007,-0.22496149868535165,0.2802328425555495,-0.1305261922200515,0.0,0.0,0.9914448613738105,-0.016000000000000007,-0.22496149868535165,0.2802328425555495,-0.1305261922200515,0.0,0.0,0.9914448613738105,-0.016000000000000007,-0.22496149868535165,0.2802328425555495,-0.1305261922200515,0.0,0.0,0.9914448613738105,-0.016000000000000007,-0.22496149868535165,0.2802328425555495,-0.1305261922200515,0.0,0.0,0.9914448613738105,0.0,-0.5235987755982988,0.7853981633974483,0.0,0.5235987755982988,0.0,0.0,-0.5235987755982988,0.7853981633974483,0.0,0.5235987755982988,0.0,0.0,-0.5235987755982988,0.7853981633974483,0.0,0.5235987755982988,0.0,0.0,0.0,0.0,0.0,0.0,0.0,0.0,0.0,0.0,0.0,0.0,0.0,0.5,0.0,0.0,0.0,False,False,False,False,1,False,,0.0,0,,,,True,True,0.0,0.009938000002875924,True,0.0,0.0,False,False,False,False,False,False,1.0,False,False,False,0.0,0.0,0.0,0.0
0.7204825000080746,1786139317.867613,0.00998890001210384,0.0027276999899186194,0.00998890001210384,READY,0,waiting for deadman,0.0,0.7204825000080746,137,0.0,0.0,0.0,0.0,0.0,0.0,1.0,0.0,0.0,0.0,0.0,0.0,0.0,1.0,-0.016000000000000007,-0.22496149868535165,0.2802328425555495,-0.1305261922200515,0.0,0.0,0.9914448613738105,-0.016000000000000007,-0.22496149868535165,0.2802328425555495,-0.1305261922200515,0.0,0.0,0.9914448613738105,-0.016000000000000007,-0.22496149868535165,0.2802328425555495,-0.1305261922200515,0.0,0.0,0.9914448613738105,-0.016000000000000007,-0.22496149868535165,0.2802328425555495,-0.1305261922200515,0.0,0.0,0.9914448613738105,-0.016000000000000007,-0.22496149868535165,0.2802328425555495,-0.1305261922200515,0.0,0.0,0.9914448613738105,0.0,-0.5235987755982988,0.7853981633974483,0.0,0.5235987755982988,0.0,0.0,-0.5235987755982988,0.7853981633974483,0.0,0.5235987755982988,0.0,0.0,-0.5235987755982988,0.7853981633974483,0.0,0.5235987755982988,0.0,0.0,0.0,0.0,0.0,0.0,0.0,0.0,0.0,0.0,0.0,0.0,0.0,0.5,0.0,0.0,0.0,False,False,False,False,1,False,,0.0,0,,,,True,True,0.0,0.00998890001210384,True,0.0,0.0,False,False,False,False,False,False,1.0,False,False,False,0.0,0.0,0.0,0.0
0.7305194000073243,1786139317.8793652,0.010036899999249727,0.004442599980393425,0.010036899999249727,READY,0,waiting for deadman,0.0,0.7305194000073243,139,0.0,0.0,0.0,0.0,0.0,0.0,1.0,0.0,0.0,0.0,0.0,0.0,0.0,1.0,-0.016000000000000007,-0.22496149868535165,0.2802328425555495,-0.1305261922200515,0.0,0.0,0.9914448613738105,-0.016000000000000007,-0.22496149868535165,0.2802328425555495,-0.1305261922200515,0.0,0.0,0.9914448613738105,-0.016000000000000007,-0.22496149868535165,0.2802328425555495,-0.1305261922200515,0.0,0.0,0.9914448613738105,-0.016000000000000007,-0.22496149868535165,0.2802328425555495,-0.1305261922200515,0.0,0.0,0.9914448613738105,-0.016000000000000007,-0.22496149868535165,0.2802328425555495,-0.1305261922200515,0.0,0.0,0.9914448613738105,0.0,-0.5235987755982988,0.7853981633974483,0.0,0.5235987755982988,0.0,0.0,-0.5235987755982988,0.7853981633974483,0.0,0.5235987755982988,0.0,0.0,-0.5235987755982988,0.7853981633974483,0.0,0.5235987755982988,0.0,0.0,0.0,0.0,0.0,0.0,0.0,0.0,0.0,0.0,0.0,0.0,0.0,0.5,0.0,0.0,0.0,False,False,False,False,1,False,,0.0,0,,,,True,True,0.0,0.010036899999249727,True,0.0,0.0,False,False,False,False,False,False,1.0,False,False,False,0.0,0.0,0.0,0.0
0.7404715000011493,1786139317.8879645,0.009952099993824959,0.0030885000014677644,0.009952099993824959,READY,0,waiting for deadman,0.0,0.7404715000011493,141,0.0,0.0,0.0,0.0,0.0,0.0,1.0,0.0,0.0,0.0,0.0,0.0,0.0,1.0,-0.016000000000000007,-0.22496149868535165,0.2802328425555495,-0.1305261922200515,0.0,0.0,0.9914448613738105,-0.016000000000000007,-0.22496149868535165,0.2802328425555495,-0.1305261922200515,0.0,0.0,0.9914448613738105,-0.016000000000000007,-0.22496149868535165,0.2802328425555495,-0.1305261922200515,0.0,0.0,0.9914448613738105,-0.016000000000000007,-0.22496149868535165,0.2802328425555495,-0.1305261922200515,0.0,0.0,0.9914448613738105,-0.016000000000000007,-0.22496149868535165,0.2802328425555495,-0.1305261922200515,0.0,0.0,0.9914448613738105,0.0,-0.5235987755982988,0.7853981633974483,0.0,0.5235987755982988,0.0,0.0,-0.5235987755982988,0.7853981633974483,0.0,0.5235987755982988,0.0,0.0,-0.5235987755982988,0.7853981633974483,0.0,0.5235987755982988,0.0,0.0,0.0,0.0,0.0,0.0,0.0,0.0,0.0,0.0,0.0,0.0,0.0,0.5,0.0,0.0,0.0,False,False,False,False,1,False,,0.0,0,,,,True,True,0.0,0.009952099993824959,True,0.0,0.0,False,False,False,False,False,False,1.0,False,False,False,0.0,0.0,0.0,0.0
0.7505128000047989,1786139317.8980906,0.010041300003649667,0.003171499993186444,0.010041300003649667,READY,0,waiting for deadman,0.0,0.7505128000047989,143,0.0,0.0,0.0,0.0,0.0,0.0,1.0,0.0,0.0,0.0,0.0,0.0,0.0,1.0,-0.016000000000000007,-0.22496149868535165,0.2802328425555495,-0.1305261922200515,0.0,0.0,0.9914448613738105,-0.016000000000000007,-0.22496149868535165,0.2802328425555495,-0.1305261922200515,0.0,0.0,0.9914448613738105,-0.016000000000000007,-0.22496149868535165,0.2802328425555495,-0.1305261922200515,0.0,0.0,0.9914448613738105,-0.016000000000000007,-0.22496149868535165,0.2802328425555495,-0.1305261922200515,0.0,0.0,0.9914448613738105,-0.016000000000000007,-0.22496149868535165,0.2802328425555495,-0.1305261922200515,0.0,0.0,0.9914448613738105,0.0,-0.5235987755982988,0.7853981633974483,0.0,0.5235987755982988,0.0,0.0,-0.5235987755982988,0.7853981633974483,0.0,0.5235987755982988,0.0,0.0,-0.5235987755982988,0.7853981633974483,0.0,0.5235987755982988,0.0,0.0,0.0,0.0,0.0,0.0,0.0,0.0,0.0,0.0,0.0,0.0,0.0,0.5,0.0,0.0,0.0,False,False,False,False,1,False,,0.0,0,,,,True,True,0.0,0.010041300003649667,True,0.0,0.0,False,False,False,False,False,False,1.0,False,False,False,0.0,0.0,0.0,0.0
0.7604980999894906,1786139317.9076526,0.009985299984691665,0.0027520000003278255,0.009985299984691665,READY,0,waiting for deadman,0.0,0.7604980999894906,145,0.0,0.0,0.0,0.0,0.0,0.0,1.0,0.0,0.0,0.0,0.0,0.0,0.0,1.0,-0.016000000000000007,-0.22496149868535165,0.2802328425555495,-0.1305261922200515,0.0,0.0,0.9914448613738105,-0.016000000000000007,-0.22496149868535165,0.2802328425555495,-0.1305261922200515,0.0,0.0,0.9914448613738105,-0.016000000000000007,-0.22496149868535165,0.2802328425555495,-0.1305261922200515,0.0,0.0,0.9914448613738105,-0.016000000000000007,-0.22496149868535165,0.2802328425555495,-0.1305261922200515,0.0,0.0,0.9914448613738105,-0.016000000000000007,-0.22496149868535165,0.2802328425555495,-0.1305261922200515,0.0,0.0,0.9914448613738105,0.0,-0.5235987755982988,0.7853981633974483,0.0,0.5235987755982988,0.0,0.0,-0.5235987755982988,0.7853981633974483,0.0,0.5235987755982988,0.0,0.0,-0.5235987755982988,0.7853981633974483,0.0,0.5235987755982988,0.0,0.0,0.0,0.0,0.0,0.0,0.0,0.0,0.0,0.0,0.0,0.0,0.0,0.5,0.0,0.0,0.0,False,False,False,False,1,False,,0.0,0,,,,True,True,0.0,0.009985299984691665,True,0.0,0.0,False,False,False,False,False,False,1.0,False,False,False,0.0,0.0,0.0,0.0
0.7705329000018537,1786139317.9177356,0.010034800012363121,0.002799800015054643,0.010034800012363121,READY,0,waiting for deadman,0.0,0.7705329000018537,147,0.0,0.0,0.0,0.0,0.0,0.0,1.0,0.0,0.0,0.0,0.0,0.0,0.0,1.0,-0.016000000000000007,-0.22496149868535165,0.2802328425555495,-0.1305261922200515,0.0,0.0,0.9914448613738105,-0.016000000000000007,-0.22496149868535165,0.2802328425555495,-0.1305261922200515,0.0,0.0,0.9914448613738105,-0.016000000000000007,-0.22496149868535165,0.2802328425555495,-0.1305261922200515,0.0,0.0,0.9914448613738105,-0.016000000000000007,-0.22496149868535165,0.2802328425555495,-0.1305261922200515,0.0,0.0,0.9914448613738105,-0.016000000000000007,-0.22496149868535165,0.2802328425555495,-0.1305261922200515,0.0,0.0,0.9914448613738105,0.0,-0.5235987755982988,0.7853981633974483,0.0,0.5235987755982988,0.0,0.0,-0.5235987755982988,0.7853981633974483,0.0,0.5235987755982988,0.0,0.0,-0.5235987755982988,0.7853981633974483,0.0,0.5235987755982988,0.0,0.0,0.0,0.0,0.0,0.0,0.0,0.0,0.0,0.0,0.0,0.0,0.0,0.5,0.0,0.0,0.0,False,False,False,False,1,False,,0.0,0,,,,True,True,0.0,0.010034800012363121,True,0.0,0.0,False,False,False,False,False,False,1.0,False,False,False,0.0,0.0,0.0,0.0
0.7813772000081372,1786139317.9286058,0.010844300006283447,0.0028218000079505146,0.010844300006283447,READY,0,waiting for deadman,0.0,0.7813772000081372,149,0.0,0.0,0.0,0.0,0.0,0.0,1.0,0.0,0.0,0.0,0.0,0.0,0.0,1.0,-0.016000000000000007,-0.22496149868535165,0.2802328425555495,-0.1305261922200515,0.0,0.0,0.9914448613738105,-0.016000000000000007,-0.22496149868535165,0.2802328425555495,-0.1305261922200515,0.0,0.0,0.9914448613738105,-0.016000000000000007,-0.22496149868535165,0.2802328425555495,-0.1305261922200515,0.0,0.0,0.9914448613738105,-0.016000000000000007,-0.22496149868535165,0.2802328425555495,-0.1305261922200515,0.0,0.0,0.9914448613738105,-0.016000000000000007,-0.22496149868535165,0.2802328425555495,-0.1305261922200515,0.0,0.0,0.9914448613738105,0.0,-0.5235987755982988,0.7853981633974483,0.0,0.5235987755982988,0.0,0.0,-0.5235987755982988,0.7853981633974483,0.0,0.5235987755982988,0.0,0.0,-0.5235987755982988,0.7853981633974483,0.0,0.5235987755982988,0.0,0.0,0.0,0.0,0.0,0.0,0.0,0.0,0.0,0.0,0.0,0.0,0.0,0.5,0.0,0.0,0.0,False,False,False,False,1,False,,0.0,0,,,,True,True,0.0,0.010844300006283447,True,0.0,0.0,False,False,False,False,False,False,1.0,False,False,False,0.0,0.0,0.0,0.0
0.7900950000039302,1786139317.9374647,0.00871779999579303,0.0029644000169355422,0.00871779999579303,READY,0,waiting for deadman,0.0,0.7900950000039302,151,0.0,0.0,0.0,0.0,0.0,0.0,1.0,0.0,0.0,0.0,0.0,0.0,0.0,1.0,-0.016000000000000007,-0.22496149868535165,0.2802328425555495,-0.1305261922200515,0.0,0.0,0.9914448613738105,-0.016000000000000007,-0.22496149868535165,0.2802328425555495,-0.1305261922200515,0.0,0.0,0.9914448613738105,-0.016000000000000007,-0.22496149868535165,0.2802328425555495,-0.1305261922200515,0.0,0.0,0.9914448613738105,-0.016000000000000007,-0.22496149868535165,0.2802328425555495,-0.1305261922200515,0.0,0.0,0.9914448613738105,-0.016000000000000007,-0.22496149868535165,0.2802328425555495,-0.1305261922200515,0.0,0.0,0.9914448613738105,0.0,-0.5235987755982988,0.7853981633974483,0.0,0.5235987755982988,0.0,0.0,-0.5235987755982988,0.7853981633974483,0.0,0.5235987755982988,0.0,0.0,-0.5235987755982988,0.7853981633974483,0.0,0.5235987755982988,0.0,0.0,0.0,0.0,0.0,0.0,0.0,0.0,0.0,0.0,0.0,0.0,0.0,0.5,0.0,0.0,0.0,False,False,False,False,1,False,,0.0,0,,,,True,True,0.0,0.00871779999579303,True,0.0,0.0,False,False,False,False,False,False,1.0,False,False,False,0.0,0.0,0.0,0.0
0.8001127000025008,1786139317.9476423,0.010017699998570606,0.0031230000022333115,0.010017699998570606,READY,0,waiting for deadman,0.0,0.8001127000025008,153,0.0,0.0,0.0,0.0,0.0,0.0,1.0,0.0,0.0,0.0,0.0,0.0,0.0,1.0,-0.016000000000000007,-0.22496149868535165,0.2802328425555495,-0.1305261922200515,0.0,0.0,0.9914448613738105,-0.016000000000000007,-0.22496149868535165,0.2802328425555495,-0.1305261922200515,0.0,0.0,0.9914448613738105,-0.016000000000000007,-0.22496149868535165,0.2802328425555495,-0.1305261922200515,0.0,0.0,0.9914448613738105,-0.016000000000000007,-0.22496149868535165,0.2802328425555495,-0.1305261922200515,0.0,0.0,0.9914448613738105,-0.016000000000000007,-0.22496149868535165,0.2802328425555495,-0.1305261922200515,0.0,0.0,0.9914448613738105,0.0,-0.5235987755982988,0.7853981633974483,0.0,0.5235987755982988,0.0,0.0,-0.5235987755982988,0.7853981633974483,0.0,0.5235987755982988,0.0,0.0,-0.5235987755982988,0.7853981633974483,0.0,0.5235987755982988,0.0,0.0,0.0,0.0,0.0,0.0,0.0,0.0,0.0,0.0,0.0,0.0,0.0,0.5,0.0,0.0,0.0,False,False,False,False,1,False,,0.0,0,,,,True,True,0.0,0.010017699998570606,True,0.0,0.0,False,False,False,False,False,False,1.0,False,False,False,0.0,0.0,0.0,0.0
0.8102621000143699,1786139317.9576576,0.010149400011869147,0.0029921999957878143,0.010149400011869147,READY,0,waiting for deadman,0.0,0.8102621000143699,155,0.0,0.0,0.0,0.0,0.0,0.0,1.0,0.0,0.0,0.0,0.0,0.0,0.0,1.0,-0.016000000000000007,-0.22496149868535165,0.2802328425555495,-0.1305261922200515,0.0,0.0,0.9914448613738105,-0.016000000000000007,-0.22496149868535165,0.2802328425555495,-0.1305261922200515,0.0,0.0,0.9914448613738105,-0.016000000000000007,-0.22496149868535165,0.2802328425555495,-0.1305261922200515,0.0,0.0,0.9914448613738105,-0.016000000000000007,-0.22496149868535165,0.2802328425555495,-0.1305261922200515,0.0,0.0,0.9914448613738105,-0.016000000000000007,-0.22496149868535165,0.2802328425555495,-0.1305261922200515,0.0,0.0,0.9914448613738105,0.0,-0.5235987755982988,0.7853981633974483,0.0,0.5235987755982988,0.0,0.0,-0.5235987755982988,0.7853981633974483,0.0,0.5235987755982988,0.0,0.0,-0.5235987755982988,0.7853981633974483,0.0,0.5235987755982988,0.0,0.0,0.0,0.0,0.0,0.0,0.0,0.0,0.0,0.0,0.0,0.0,0.0,0.5,0.0,0.0,0.0,False,False,False,False,1,False,,0.0,0,,,,True,True,0.0,0.010149400011869147,True,0.0,0.0,False,False,False,False,False,False,1.0,False,False,False,0.0,0.0,0.0,0.0
0.820228099997621,1786139317.9674423,0.009965999983251095,0.002810300007695332,0.009965999983251095,READY,0,waiting for deadman,0.0,0.820228099997621,157,0.0,0.0,0.0,0.0,0.0,0.0,1.0,0.0,0.0,0.0,0.0,0.0,0.0,1.0,-0.016000000000000007,-0.22496149868535165,0.2802328425555495,-0.1305261922200515,0.0,0.0,0.9914448613738105,-0.016000000000000007,-0.22496149868535165,0.2802328425555495,-0.1305261922200515,0.0,0.0,0.9914448613738105,-0.016000000000000007,-0.22496149868535165,0.2802328425555495,-0.1305261922200515,0.0,0.0,0.9914448613738105,-0.016000000000000007,-0.22496149868535165,0.2802328425555495,-0.1305261922200515,0.0,0.0,0.9914448613738105,-0.016000000000000007,-0.22496149868535165,0.2802328425555495,-0.1305261922200515,0.0,0.0,0.9914448613738105,0.0,-0.5235987755982988,0.7853981633974483,0.0,0.5235987755982988,0.0,0.0,-0.5235987755982988,0.7853981633974483,0.0,0.5235987755982988,0.0,0.0,-0.5235987755982988,0.7853981633974483,0.0,0.5235987755982988,0.0,0.0,0.0,0.0,0.0,0.0,0.0,0.0,0.0,0.0,0.0,0.0,0.0,0.5,0.0,0.0,0.0,False,False,False,False,1,False,,0.0,0,,,,True,True,0.0,0.009965999983251095,True,0.0,0.0,False,False,False,False,False,False,1.0,False,False,False,0.0,0.0,0.0,0.0
0.8303277000086382,1786139317.9772859,0.010099600011017174,0.0025556999898981303,0.010099600011017174,READY,0,waiting for deadman,0.0,0.8303277000086382,159,0.0,0.0,0.0,0.0,0.0,0.0,1.0,0.0,0.0,0.0,0.0,0.0,0.0,1.0,-0.016000000000000007,-0.22496149868535165,0.2802328425555495,-0.1305261922200515,0.0,0.0,0.9914448613738105,-0.016000000000000007,-0.22496149868535165,0.2802328425555495,-0.1305261922200515,0.0,0.0,0.9914448613738105,-0.016000000000000007,-0.22496149868535165,0.2802328425555495,-0.1305261922200515,0.0,0.0,0.9914448613738105,-0.016000000000000007,-0.22496149868535165,0.2802328425555495,-0.1305261922200515,0.0,0.0,0.9914448613738105,-0.016000000000000007,-0.22496149868535165,0.2802328425555495,-0.1305261922200515,0.0,0.0,0.9914448613738105,0.0,-0.5235987755982988,0.7853981633974483,0.0,0.5235987755982988,0.0,0.0,-0.5235987755982988,0.7853981633974483,0.0,0.5235987755982988,0.0,0.0,-0.5235987755982988,0.7853981633974483,0.0,0.5235987755982988,0.0,0.0,0.0,0.0,0.0,0.0,0.0,0.0,0.0,0.0,0.0,0.0,0.0,0.5,0.0,0.0,0.0,False,False,False,False,1,False,,0.0,0,,,,True,True,0.0,0.010099600011017174,True,0.0,0.0,False,False,False,False,False,False,1.0,False,False,False,0.0,0.0,0.0,0.0
0.8402548999874853,1786139317.9878693,0.009927199978847057,0.0032113000052049756,0.009927199978847057,READY,0,waiting for deadman,0.0,0.8402548999874853,161,0.0,0.0,0.0,0.0,0.0,0.0,1.0,0.0,0.0,0.0,0.0,0.0,0.0,1.0,-0.016000000000000007,-0.22496149868535165,0.2802328425555495,-0.1305261922200515,0.0,0.0,0.9914448613738105,-0.016000000000000007,-0.22496149868535165,0.2802328425555495,-0.1305261922200515,0.0,0.0,0.9914448613738105,-0.016000000000000007,-0.22496149868535165,0.2802328425555495,-0.1305261922200515,0.0,0.0,0.9914448613738105,-0.016000000000000007,-0.22496149868535165,0.2802328425555495,-0.1305261922200515,0.0,0.0,0.9914448613738105,-0.016000000000000007,-0.22496149868535165,0.2802328425555495,-0.1305261922200515,0.0,0.0,0.9914448613738105,0.0,-0.5235987755982988,0.7853981633974483,0.0,0.5235987755982988,0.0,0.0,-0.5235987755982988,0.7853981633974483,0.0,0.5235987755982988,0.0,0.0,-0.5235987755982988,0.7853981633974483,0.0,0.5235987755982988,0.0,0.0,0.0,0.0,0.0,0.0,0.0,0.0,0.0,0.0,0.0,0.0,0.0,0.5,0.0,0.0,0.0,False,False,False,False,1,False,,0.0,0,,,,True,True,0.0,0.009927199978847057,True,0.0,0.0,False,False,False,False,False,False,1.0,False,False,False,0.0,0.0,0.0,0.0
0.8502755000081379,1786139317.9975083,0.010020600020652637,0.00282839999999851,0.010020600020652637,READY,0,waiting for deadman,0.0,0.8502755000081379,163,0.0,0.0,0.0,0.0,0.0,0.0,1.0,0.0,0.0,0.0,0.0,0.0,0.0,1.0,-0.016000000000000007,-0.22496149868535165,0.2802328425555495,-0.1305261922200515,0.0,0.0,0.9914448613738105,-0.016000000000000007,-0.22496149868535165,0.2802328425555495,-0.1305261922200515,0.0,0.0,0.9914448613738105,-0.016000000000000007,-0.22496149868535165,0.2802328425555495,-0.1305261922200515,0.0,0.0,0.9914448613738105,-0.016000000000000007,-0.22496149868535165,0.2802328425555495,-0.1305261922200515,0.0,0.0,0.9914448613738105,-0.016000000000000007,-0.22496149868535165,0.2802328425555495,-0.1305261922200515,0.0,0.0,0.9914448613738105,0.0,-0.5235987755982988,0.7853981633974483,0.0,0.5235987755982988,0.0,0.0,-0.5235987755982988,0.7853981633974483,0.0,0.5235987755982988,0.0,0.0,-0.5235987755982988,0.7853981633974483,0.0,0.5235987755982988,0.0,0.0,0.0,0.0,0.0,0.0,0.0,0.0,0.0,0.0,0.0,0.0,0.0,0.5,0.0,0.0,0.0,False,False,False,False,1,False,,0.0,0,,,,True,True,0.0,0.010020600020652637,True,0.0,0.0,False,False,False,False,False,False,1.0,False,False,False,0.0,0.0,0.0,0.0
0.8602940000128001,1786139318.0072896,0.0100185000046622,0.002591199998278171,0.0100185000046622,READY,0,waiting for deadman,0.0,0.8602940000128001,165,0.0,0.0,0.0,0.0,0.0,0.0,1.0,0.0,0.0,0.0,0.0,0.0,0.0,1.0,-0.016000000000000007,-0.22496149868535165,0.2802328425555495,-0.1305261922200515,0.0,0.0,0.9914448613738105,-0.016000000000000007,-0.22496149868535165,0.2802328425555495,-0.1305261922200515,0.0,0.0,0.9914448613738105,-0.016000000000000007,-0.22496149868535165,0.2802328425555495,-0.1305261922200515,0.0,0.0,0.9914448613738105,-0.016000000000000007,-0.22496149868535165,0.2802328425555495,-0.1305261922200515,0.0,0.0,0.9914448613738105,-0.016000000000000007,-0.22496149868535165,0.2802328425555495,-0.1305261922200515,0.0,0.0,0.9914448613738105,0.0,-0.5235987755982988,0.7853981633974483,0.0,0.5235987755982988,0.0,0.0,-0.5235987755982988,0.7853981633974483,0.0,0.5235987755982988,0.0,0.0,-0.5235987755982988,0.7853981633974483,0.0,0.5235987755982988,0.0,0.0,0.0,0.0,0.0,0.0,0.0,0.0,0.0,0.0,0.0,0.0,0.0,0.5,0.0,0.0,0.0,False,False,False,False,1,False,,0.0,0,,,,True,True,0.0,0.0100185000046622,True,0.0,0.0,False,False,False,False,False,False,1.0,False,False,False,0.0,0.0,0.0,0.0
0.8703265000076499,1786139318.0174696,0.010032499994849786,0.002740199997788295,0.010032499994849786,READY,0,waiting for deadman,0.0,0.8703265000076499,167,0.0,0.0,0.0,0.0,0.0,0.0,1.0,0.0,0.0,0.0,0.0,0.0,0.0,1.0,-0.016000000000000007,-0.22496149868535165,0.2802328425555495,-0.1305261922200515,0.0,0.0,0.9914448613738105,-0.016000000000000007,-0.22496149868535165,0.2802328425555495,-0.1305261922200515,0.0,0.0,0.9914448613738105,-0.016000000000000007,-0.22496149868535165,0.2802328425555495,-0.1305261922200515,0.0,0.0,0.9914448613738105,-0.016000000000000007,-0.22496149868535165,0.2802328425555495,-0.1305261922200515,0.0,0.0,0.9914448613738105,-0.016000000000000007,-0.22496149868535165,0.2802328425555495,-0.1305261922200515,0.0,0.0,0.9914448613738105,0.0,-0.5235987755982988,0.7853981633974483,0.0,0.5235987755982988,0.0,0.0,-0.5235987755982988,0.7853981633974483,0.0,0.5235987755982988,0.0,0.0,-0.5235987755982988,0.7853981633974483,0.0,0.5235987755982988,0.0,0.0,0.0,0.0,0.0,0.0,0.0,0.0,0.0,0.0,0.0,0.0,0.0,0.5,0.0,0.0,0.0,False,False,False,False,1,False,,0.0,0,,,,True,True,0.0,0.010032499994849786,True,0.0,0.0,False,False,False,False,False,False,1.0,False,False,False,0.0,0.0,0.0,0.0
0.8803502999944612,1786139318.0279644,0.010023799986811355,0.0032094999914988875,0.010023799986811355,READY,0,waiting for deadman,0.0,0.8803502999944612,169,0.0,0.0,0.0,0.0,0.0,0.0,1.0,0.0,0.0,0.0,0.0,0.0,0.0,1.0,-0.016000000000000007,-0.22496149868535165,0.2802328425555495,-0.1305261922200515,0.0,0.0,0.9914448613738105,-0.016000000000000007,-0.22496149868535165,0.2802328425555495,-0.1305261922200515,0.0,0.0,0.9914448613738105,-0.016000000000000007,-0.22496149868535165,0.2802328425555495,-0.1305261922200515,0.0,0.0,0.9914448613738105,-0.016000000000000007,-0.22496149868535165,0.2802328425555495,-0.1305261922200515,0.0,0.0,0.9914448613738105,-0.016000000000000007,-0.22496149868535165,0.2802328425555495,-0.1305261922200515,0.0,0.0,0.9914448613738105,0.0,-0.5235987755982988,0.7853981633974483,0.0,0.5235987755982988,0.0,0.0,-0.5235987755982988,0.7853981633974483,0.0,0.5235987755982988,0.0,0.0,-0.5235987755982988,0.7853981633974483,0.0,0.5235987755982988,0.0,0.0,0.0,0.0,0.0,0.0,0.0,0.0,0.0,0.0,0.0,0.0,0.0,0.5,0.0,0.0,0.0,False,False,False,False,1,False,,0.0,0,,,,True,True,0.0,0.010023799986811355,True,0.0,0.0,False,False,False,False,False,False,1.0,False,False,False,0.0,0.0,0.0,0.0
0.8903902999882121,1786139318.0380602,0.010039999993750826,0.0032559999963268638,0.010039999993750826,READY,0,waiting for deadman,0.0,0.8903902999882121,171,0.0,0.0,0.0,0.0,0.0,0.0,1.0,0.0,0.0,0.0,0.0,0.0,0.0,1.0,-0.016000000000000007,-0.22496149868535165,0.2802328425555495,-0.1305261922200515,0.0,0.0,0.9914448613738105,-0.016000000000000007,-0.22496149868535165,0.2802328425555495,-0.1305261922200515,0.0,0.0,0.9914448613738105,-0.016000000000000007,-0.22496149868535165,0.2802328425555495,-0.1305261922200515,0.0,0.0,0.9914448613738105,-0.016000000000000007,-0.22496149868535165,0.2802328425555495,-0.1305261922200515,0.0,0.0,0.9914448613738105,-0.016000000000000007,-0.22496149868535165,0.2802328425555495,-0.1305261922200515,0.0,0.0,0.9914448613738105,0.0,-0.5235987755982988,0.7853981633974483,0.0,0.5235987755982988,0.0,0.0,-0.5235987755982988,0.7853981633974483,0.0,0.5235987755982988,0.0,0.0,-0.5235987755982988,0.7853981633974483,0.0,0.5235987755982988,0.0,0.0,0.0,0.0,0.0,0.0,0.0,0.0,0.0,0.0,0.0,0.0,0.0,0.5,0.0,0.0,0.0,False,False,False,False,1,False,,0.0,0,,,,True,True,0.0,0.010039999993750826,True,0.0,0.0,False,False,False,False,False,False,1.0,False,False,False,0.0,0.0,0.0,0.0
0.900384300010046,1786139318.0475612,0.009994000021833926,0.0027735999901778996,0.009994000021833926,READY,0,waiting for deadman,0.0,0.900384300010046,173,0.0,0.0,0.0,0.0,0.0,0.0,1.0,0.0,0.0,0.0,0.0,0.0,0.0,1.0,-0.016000000000000007,-0.22496149868535165,0.2802328425555495,-0.1305261922200515,0.0,0.0,0.9914448613738105,-0.016000000000000007,-0.22496149868535165,0.2802328425555495,-0.1305261922200515,0.0,0.0,0.9914448613738105,-0.016000000000000007,-0.22496149868535165,0.2802328425555495,-0.1305261922200515,0.0,0.0,0.9914448613738105,-0.016000000000000007,-0.22496149868535165,0.2802328425555495,-0.1305261922200515,0.0,0.0,0.9914448613738105,-0.016000000000000007,-0.22496149868535165,0.2802328425555495,-0.1305261922200515,0.0,0.0,0.9914448613738105,0.0,-0.5235987755982988,0.7853981633974483,0.0,0.5235987755982988,0.0,0.0,-0.5235987755982988,0.7853981633974483,0.0,0.5235987755982988,0.0,0.0,-0.5235987755982988,0.7853981633974483,0.0,0.5235987755982988,0.0,0.0,0.0,0.0,0.0,0.0,0.0,0.0,0.0,0.0,0.0,0.0,0.0,0.5,0.0,0.0,0.0,False,False,False,False,1,False,,0.0,0,,,,True,True,0.0,0.009994000021833926,True,0.0,0.0,False,False,False,False,False,False,1.0,False,False,False,0.0,0.0,0.0,0.0
0.9104078999953344,1786139318.0572762,0.010023599985288456,0.002464499993948266,0.010023599985288456,READY,0,waiting for deadman,0.0,0.9104078999953344,175,0.0,0.0,0.0,0.0,0.0,0.0,1.0,0.0,0.0,0.0,0.0,0.0,0.0,1.0,-0.016000000000000007,-0.22496149868535165,0.2802328425555495,-0.1305261922200515,0.0,0.0,0.9914448613738105,-0.016000000000000007,-0.22496149868535165,0.2802328425555495,-0.1305261922200515,0.0,0.0,0.9914448613738105,-0.016000000000000007,-0.22496149868535165,0.2802328425555495,-0.1305261922200515,0.0,0.0,0.9914448613738105,-0.016000000000000007,-0.22496149868535165,0.2802328425555495,-0.1305261922200515,0.0,0.0,0.9914448613738105,-0.016000000000000007,-0.22496149868535165,0.2802328425555495,-0.1305261922200515,0.0,0.0,0.9914448613738105,0.0,-0.5235987755982988,0.7853981633974483,0.0,0.5235987755982988,0.0,0.0,-0.5235987755982988,0.7853981633974483,0.0,0.5235987755982988,0.0,0.0,-0.5235987755982988,0.7853981633974483,0.0,0.5235987755982988,0.0,0.0,0.0,0.0,0.0,0.0,0.0,0.0,0.0,0.0,0.0,0.0,0.0,0.5,0.0,0.0,0.0,False,False,False,False,1,False,,0.0,0,,,,True,True,0.0,0.010023599985288456,True,0.0,0.0,False,False,False,False,False,False,1.0,False,False,False,0.0,0.0,0.0,0.0
0.9203797999944072,1786139318.0681326,0.009971899999072775,0.003347699996083975,0.009971899999072775,READY,0,waiting for deadman,0.0,0.9203797999944072,177,0.0,0.0,0.0,0.0,0.0,0.0,1.0,0.0,0.0,0.0,0.0,0.0,0.0,1.0,-0.016000000000000007,-0.22496149868535165,0.2802328425555495,-0.1305261922200515,0.0,0.0,0.9914448613738105,-0.016000000000000007,-0.22496149868535165,0.2802328425555495,-0.1305261922200515,0.0,0.0,0.9914448613738105,-0.016000000000000007,-0.22496149868535165,0.2802328425555495,-0.1305261922200515,0.0,0.0,0.9914448613738105,-0.016000000000000007,-0.22496149868535165,0.2802328425555495,-0.1305261922200515,0.0,0.0,0.9914448613738105,-0.016000000000000007,-0.22496149868535165,0.2802328425555495,-0.1305261922200515,0.0,0.0,0.9914448613738105,0.0,-0.5235987755982988,0.7853981633974483,0.0,0.5235987755982988,0.0,0.0,-0.5235987755982988,0.7853981633974483,0.0,0.5235987755982988,0.0,0.0,-0.5235987755982988,0.7853981633974483,0.0,0.5235987755982988,0.0,0.0,0.0,0.0,0.0,0.0,0.0,0.0,0.0,0.0,0.0,0.0,0.0,0.5,0.0,0.0,0.0,False,False,False,False,1,False,,0.0,0,,,,True,True,0.0,0.009971899999072775,True,0.0,0.0,False,False,False,False,False,False,1.0,False,False,False,0.0,0.0,0.0,0.0
0.9303182000003289,1786139318.0774674,0.009938400005921721,0.002744099998380989,0.009938400005921721,READY,0,waiting for deadman,0.0,0.9303182000003289,179,0.0,0.0,0.0,0.0,0.0,0.0,1.0,0.0,0.0,0.0,0.0,0.0,0.0,1.0,-0.016000000000000007,-0.22496149868535165,0.2802328425555495,-0.1305261922200515,0.0,0.0,0.9914448613738105,-0.016000000000000007,-0.22496149868535165,0.2802328425555495,-0.1305261922200515,0.0,0.0,0.9914448613738105,-0.016000000000000007,-0.22496149868535165,0.2802328425555495,-0.1305261922200515,0.0,0.0,0.9914448613738105,-0.016000000000000007,-0.22496149868535165,0.2802328425555495,-0.1305261922200515,0.0,0.0,0.9914448613738105,-0.016000000000000007,-0.22496149868535165,0.2802328425555495,-0.1305261922200515,0.0,0.0,0.9914448613738105,0.0,-0.5235987755982988,0.7853981633974483,0.0,0.5235987755982988,0.0,0.0,-0.5235987755982988,0.7853981633974483,0.0,0.5235987755982988,0.0,0.0,-0.5235987755982988,0.7853981633974483,0.0,0.5235987755982988,0.0,0.0,0.0,0.0,0.0,0.0,0.0,0.0,0.0,0.0,0.0,0.0,0.0,0.5,0.0,0.0,0.0,False,False,False,False,1,False,,0.0,0,,,,True,True,0.0,0.009938400005921721,True,0.0,0.0,False,False,False,False,False,False,1.0,False,False,False,0.0,0.0,0.0,0.0
0.9402238999900874,1786139318.0877945,0.009905699989758432,0.0031642999965697527,0.009905699989758432,READY,0,waiting for deadman,0.0,0.9402238999900874,181,0.0,0.0,0.0,0.0,0.0,0.0,1.0,0.0,0.0,0.0,0.0,0.0,0.0,1.0,-0.016000000000000007,-0.22496149868535165,0.2802328425555495,-0.1305261922200515,0.0,0.0,0.9914448613738105,-0.016000000000000007,-0.22496149868535165,0.2802328425555495,-0.1305261922200515,0.0,0.0,0.9914448613738105,-0.016000000000000007,-0.22496149868535165,0.2802328425555495,-0.1305261922200515,0.0,0.0,0.9914448613738105,-0.016000000000000007,-0.22496149868535165,0.2802328425555495,-0.1305261922200515,0.0,0.0,0.9914448613738105,-0.016000000000000007,-0.22496149868535165,0.2802328425555495,-0.1305261922200515,0.0,0.0,0.9914448613738105,0.0,-0.5235987755982988,0.7853981633974483,0.0,0.5235987755982988,0.0,0.0,-0.5235987755982988,0.7853981633974483,0.0,0.5235987755982988,0.0,0.0,-0.5235987755982988,0.7853981633974483,0.0,0.5235987755982988,0.0,0.0,0.0,0.0,0.0,0.0,0.0,0.0,0.0,0.0,0.0,0.0,0.0,0.5,0.0,0.0,0.0,False,False,False,False,1,False,,0.0,0,,,,True,True,0.0,0.009905699989758432,True,0.0,0.0,False,False,False,False,False,False,1.0,False,False,False,0.0,0.0,0.0,0.0
0.9502526000142097,1786139318.098293,0.010028700024122372,0.0036345999978948385,0.010028700024122372,READY,0,waiting for deadman,0.0,0.9502526000142097,183,0.0,0.0,0.0,0.0,0.0,0.0,1.0,0.0,0.0,0.0,0.0,0.0,0.0,1.0,-0.016000000000000007,-0.22496149868535165,0.2802328425555495,-0.1305261922200515,0.0,0.0,0.9914448613738105,-0.016000000000000007,-0.22496149868535165,0.2802328425555495,-0.1305261922200515,0.0,0.0,0.9914448613738105,-0.016000000000000007,-0.22496149868535165,0.2802328425555495,-0.1305261922200515,0.0,0.0,0.9914448613738105,-0.016000000000000007,-0.22496149868535165,0.2802328425555495,-0.1305261922200515,0.0,0.0,0.9914448613738105,-0.016000000000000007,-0.22496149868535165,0.2802328425555495,-0.1305261922200515,0.0,0.0,0.9914448613738105,0.0,-0.5235987755982988,0.7853981633974483,0.0,0.5235987755982988,0.0,0.0,-0.5235987755982988,0.7853981633974483,0.0,0.5235987755982988,0.0,0.0,-0.5235987755982988,0.7853981633974483,0.0,0.5235987755982988,0.0,0.0,0.0,0.0,0.0,0.0,0.0,0.0,0.0,0.0,0.0,0.0,0.0,0.5,0.0,0.0,0.0,False,False,False,False,1,False,,0.0,0,,,,True,True,0.0,0.010028700024122372,True,0.0,0.0,False,False,False,False,False,False,1.0,False,False,False,0.0,0.0,0.0,0.0
0.9600910000153817,1786139318.1072187,0.009838400001171976,0.0027243999938946217,0.009838400001171976,READY,0,waiting for deadman,0.0,0.9600910000153817,185,0.0,0.0,0.0,0.0,0.0,0.0,1.0,0.0,0.0,0.0,0.0,0.0,0.0,1.0,-0.016000000000000007,-0.22496149868535165,0.2802328425555495,-0.1305261922200515,0.0,0.0,0.9914448613738105,-0.016000000000000007,-0.22496149868535165,0.2802328425555495,-0.1305261922200515,0.0,0.0,0.9914448613738105,-0.016000000000000007,-0.22496149868535165,0.2802328425555495,-0.1305261922200515,0.0,0.0,0.9914448613738105,-0.016000000000000007,-0.22496149868535165,0.2802328425555495,-0.1305261922200515,0.0,0.0,0.9914448613738105,-0.016000000000000007,-0.22496149868535165,0.2802328425555495,-0.1305261922200515,0.0,0.0,0.9914448613738105,0.0,-0.5235987755982988,0.7853981633974483,0.0,0.5235987755982988,0.0,0.0,-0.5235987755982988,0.7853981633974483,0.0,0.5235987755982988,0.0,0.0,-0.5235987755982988,0.7853981633974483,0.0,0.5235987755982988,0.0,0.0,0.0,0.0,0.0,0.0,0.0,0.0,0.0,0.0,0.0,0.0,0.0,0.5,0.0,0.0,0.0,False,False,False,False,1,False,,0.0,0,,,,True,True,0.0,0.009838400001171976,True,0.0,0.0,False,False,False,False,False,False,1.0,False,False,False,0.0,0.0,0.0,0.0
0.9701148000021931,1786139318.117581,0.010023799986811355,0.0030611999973189086,0.010023799986811355,READY,0,waiting for deadman,0.0,0.9701148000021931,187,0.0,0.0,0.0,0.0,0.0,0.0,1.0,0.0,0.0,0.0,0.0,0.0,0.0,1.0,-0.016000000000000007,-0.22496149868535165,0.2802328425555495,-0.1305261922200515,0.0,0.0,0.9914448613738105,-0.016000000000000007,-0.22496149868535165,0.2802328425555495,-0.1305261922200515,0.0,0.0,0.9914448613738105,-0.016000000000000007,-0.22496149868535165,0.2802328425555495,-0.1305261922200515,0.0,0.0,0.9914448613738105,-0.016000000000000007,-0.22496149868535165,0.2802328425555495,-0.1305261922200515,0.0,0.0,0.9914448613738105,-0.016000000000000007,-0.22496149868535165,0.2802328425555495,-0.1305261922200515,0.0,0.0,0.9914448613738105,0.0,-0.5235987755982988,0.7853981633974483,0.0,0.5235987755982988,0.0,0.0,-0.5235987755982988,0.7853981633974483,0.0,0.5235987755982988,0.0,0.0,-0.5235987755982988,0.7853981633974483,0.0,0.5235987755982988,0.0,0.0,0.0,0.0,0.0,0.0,0.0,0.0,0.0,0.0,0.0,0.0,0.0,0.5,0.0,0.0,0.0,False,False,False,False,1,False,,0.0,0,,,,True,True,0.0,0.010023799986811355,True,0.0,0.0,False,False,False,False,False,False,1.0,False,False,False,0.0,0.0,0.0,0.0
0.9801275999925565,1786139318.1275997,0.010012799990363419,0.0030682999931741506,0.010012799990363419,READY,0,waiting for deadman,0.0,0.9801275999925565,189,0.0,0.0,0.0,0.0,0.0,0.0,1.0,0.0,0.0,0.0,0.0,0.0,0.0,1.0,-0.016000000000000007,-0.22496149868535165,0.2802328425555495,-0.1305261922200515,0.0,0.0,0.9914448613738105,-0.016000000000000007,-0.22496149868535165,0.2802328425555495,-0.1305261922200515,0.0,0.0,0.9914448613738105,-0.016000000000000007,-0.22496149868535165,0.2802328425555495,-0.1305261922200515,0.0,0.0,0.9914448613738105,-0.016000000000000007,-0.22496149868535165,0.2802328425555495,-0.1305261922200515,0.0,0.0,0.9914448613738105,-0.016000000000000007,-0.22496149868535165,0.2802328425555495,-0.1305261922200515,0.0,0.0,0.9914448613738105,0.0,-0.5235987755982988,0.7853981633974483,0.0,0.5235987755982988,0.0,0.0,-0.5235987755982988,0.7853981633974483,0.0,0.5235987755982988,0.0,0.0,-0.5235987755982988,0.7853981633974483,0.0,0.5235987755982988,0.0,0.0,0.0,0.0,0.0,0.0,0.0,0.0,0.0,0.0,0.0,0.0,0.0,0.5,0.0,0.0,0.0,False,False,False,False,1,False,,0.0,0,,,,True,True,0.0,0.010012799990363419,True,0.0,0.0,False,False,False,False,False,False,1.0,False,False,False,0.0,0.0,0.0,0.0
0.9902022999885958,1786139318.1374435,0.010074699996039271,0.002837900014128536,0.010074699996039271,READY,0,waiting for deadman,0.0,0.9902022999885958,191,0.0,0.0,0.0,0.0,0.0,0.0,1.0,0.0,0.0,0.0,0.0,0.0,0.0,1.0,-0.016000000000000007,-0.22496149868535165,0.2802328425555495,-0.1305261922200515,0.0,0.0,0.9914448613738105,-0.016000000000000007,-0.22496149868535165,0.2802328425555495,-0.1305261922200515,0.0,0.0,0.9914448613738105,-0.016000000000000007,-0.22496149868535165,0.2802328425555495,-0.1305261922200515,0.0,0.0,0.9914448613738105,-0.016000000000000007,-0.22496149868535165,0.2802328425555495,-0.1305261922200515,0.0,0.0,0.9914448613738105,-0.016000000000000007,-0.22496149868535165,0.2802328425555495,-0.1305261922200515,0.0,0.0,0.9914448613738105,0.0,-0.5235987755982988,0.7853981633974483,0.0,0.5235987755982988,0.0,0.0,-0.5235987755982988,0.7853981633974483,0.0,0.5235987755982988,0.0,0.0,-0.5235987755982988,0.7853981633974483,0.0,0.5235987755982988,0.0,0.0,0.0,0.0,0.0,0.0,0.0,0.0,0.0,0.0,0.0,0.0,0.0,0.5,0.0,0.0,0.0,False,False,False,False,1,False,,0.0,0,,,,True,True,0.0,0.010074699996039271,True,0.0,0.0,False,False,False,False,False,False,1.0,False,False,False,0.0,0.0,0.0,0.0
1.0003747000009753,1786139318.150273,0.010172400012379512,0.00549379998119548,0.010172400012379512,TELEOP,0,,0.0,1.0003747000009753,193,-1.3856933489542202e-09,1.1771547594895277e-05,0.0,1.0272402123253322e-05,1.027282422957939e-05,2.0545120828419275e-05,0.9999999996834226,-1.3219389292964612e-10,1.122995427939165e-06,0.0,9.799794739405832e-07,9.800197425681547e-07,1.9599891495586786e-06,0.9999999999971189,-0.016000000000000007,-0.22496149868535165,0.2802328425555495,-0.1305261922200515,0.0,0.0,0.9914448613738105,-0.016000000000000007,-0.22496149868535165,0.2802328425555495,-0.1305261922200515,0.0,0.0,0.9914448613738105,-0.016000000003234992,-0.2249614987478198,0.28023284266373977,-0.1305261922149475,2.7679866963934608e-14,2.1024262930809239e-13,0.9914448613744824,-0.01600000000005231,-0.2249614986863617,0.2802328425572988,-0.13052619221996895,4.475388873794406e-16,3.3992859511657597e-15,0.9914448613738214,-0.01600000000005231,-0.2249614986863617,0.2802328425572988,-0.13052619221996895,4.475388873794406e-16,3.3992859511657597e-15,0.9914448613738214,-3.5667778686604274e-11,-0.5235987750264068,0.7853981623071083,-6.975308495199925e-11,0.5235987750695548,-6.963944221540624e-11,-5.766907012051463e-13,-0.5235987755890522,0.7853981633798193,-1.1277953647082096e-12,0.5235987755897499,-1.1259579441604228e-12,-5.766907012051463e-13,-0.5235987755890522,0.7853981633798193,-1.1277953647082096e-12,0.5235987755897499,-1.1259579441604228e-12,-5.6691705055181725e-11,9.089865572355198e-10,-1.733027173731924e-09,-1.108681690983166e-10,-8.404056196814173e-10,-1.1068754107095326e-10,-5.573090419781918e-09,8.93581215966055e-08,-1.7036561397731909e-07,-1.0898919523749882e-08,-8.261625758509972e-08,-1.0881162846157226e-08,0.5,0.0,0.0,0.5,True,False,True,False,1,True,True,0.0022234999923966825,2,1.2497148766328844e-10,1.0304791736750348e-11,`gtol` termination condition is satisfied.,True,True,0.0,0.010172400012379512,True,1.0727109200914242e-09,0.0,False,False,False,False,False,False,1.0,False,False,False,1.229508260143714e-10,1.0138098556880578e-11,2.0206616489379907e-12,1.6661910783980336e-13
1.0103041999973357,1786139318.162529,0.009929499996360391,0.00781850001658313,0.009929499996360391,TELEOP,0,,0.0,1.0103041999973357,195,-1.0479167621924025e-06,0.0003237137286082557,0.0,0.00028233385462890856,0.0002826530649500992,0.0005649071620925031,0.9999997606373402,-9.792584524154987e-08,3.123190972731332e-05,0.0,2.7240968137424687e-05,2.7270799078462224e-05,5.450431368977639e-05,0.9999999977717565,-0.016000029302687506,-0.2249527737964606,0.28023050471022937,-0.1305131739913179,1.6462134358014954e-05,2.4331582620493562e-05,0.9914465747339513,-0.016000029302687506,-0.2249527737964606,0.28023050471022937,-0.1305131739913179,1.6462134358014954e-05,2.4331582620493562e-05,0.9914465747339513,-0.016000029138557467,-0.22495277396033966,0.28023050482987105,-0.13051317398955886,1.646213445924209e-05,2.433157094164501e-05,0.9914465747341831,-0.016000000445841038,-0.22496136427791447,0.28023280655539246,-0.1305259917144314,2.5358973101944466e-07,3.7490532943285793e-07,0.9914448877707521,-0.016000000445841038,-0.22496136427791447,0.28023280655539246,-0.1305259917144314,2.5358973101944466e-07,3.7490532943285793e-07,0.9914448877707521,-3.281346636485241e-05,-0.5236653818255472,0.7854329165161864,-0.0001684960670189252,0.5235406675339647,-0.00012812721516739292,-5.055077386188168e-07,-0.5235998016811312,0.7853986987529413,-2.5957621844601856e-06,0.5235978804008741,-1.9738612835159724e-06,-5.055077386188168e-07,-0.5235998016811312,0.7853986987529413,-2.5957621844601856e-06,0.5235978804008741,-1.9738612835159724e-06,-5.090962909647079e-05,-0.00010333773899741006,5.3917430110088285e-05,-0.00026141911049058704,-9.015447667486244e-05,-0.0001987874674738443,-0.005127103320753954,-0.010407235814678036,0.005430199220205027,-0.02632750890963692,-0.009079373211368964,-0.02001987581037995,0.5,0.0,0.0,0.5,True,False,True,False,1,True,True,0.004505400022026151,4,2.609773066901784e-10,2.3626585502157833e-11,`gtol` termination condition is satisfied.,True,True,0.0,0.009929499996360391,True,0.000165900304834465,1.0727109200914242e-09,False,False,False,False,False,False,1.0,False,False,False,8.893386288912444e-06,6.336493244916626e-05,8.893576079500876e-06,6.33649485595049e-05
1.0201748000108637,1786139318.1716208,0.00987060001352802,0.0070420999836642295,0.00987060001352802,TELEOP,0,,0.0,1.0201748000108637,197,-4.017097813491244e-06,0.0006337930610807717,0.0,0.0005524765192664047,0.0005537001475819506,0.0011058710982506316,0.9999990826170574,-4.6174847388797146e-07,8.716967789790763e-05,0.0,7.600354647960222e-05,7.614420890700275e-05,0.00015211262502253187,0.9999999826436348,-0.016000138383693616,-0.22493656428413328,0.28022616135021916,-0.13048900080294273,4.706000071017274e-05,6.95285821636269e-05,0.9914497534522777,-0.016000138383693616,-0.22493656428413328,0.28022616135021916,-0.13048900080294273,4.706000071017274e-05,6.95285821636269e-05,0.9914497534522777,-0.01600013807438678,-0.22493656453502642,0.2802261614796533,-0.13048900080405512,4.706000087664076e-05,6.952856017927137e-05,0.9914497534521328,-0.016000002904721443,-0.22496086961281367,0.280232674105118,-0.13052525423683609,1.1869826223361087e-06,1.7548702461646462e-06,0.9914449848589284,-0.016000002904721443,-0.22496086961281367,0.280232674105118,-0.13052525423683609,1.1869826223361087e-06,1.7548702461646462e-06,0.9914449848589284,-9.43843899538799e-05,-0.5237891152239333,0.7854974667296358,-0.00048277868931731444,0.5234327653287032,-0.00036739049406106153,-2.3751564400547396e-06,-0.5236035778015443,0.7854006688552303,-1.2167694553969286e-05,0.5235945867309701,-9.25674328844592e-06,-2.3751564400547396e-06,-0.5236035778015443,0.7854006688552303,-1.2167694553969286e-05,0.5235945867309701,-9.25674328844592e-06,-0.00018941591178585907,-0.00038256239823309486,0.0001995929615455524,-0.0009697416931483817,-0.00033368487219182907,-0.0007378357946779822,-0.01403220498242866,-0.028288519325370007,0.014758528482139936,-0.07176084348337615,-0.024672299068263254,-0.05461150552806844,0.5,0.0,0.0,0.5,True,False,True,False,1,True,True,0.003513500007102266,4,4.1877354381061847e-10,4.402717176138675e-11,`gtol` termination condition is satisfied.,True,True,0.0,0.00987060001352802,True,0.00047061099476334515,0.000165900304834465,False,False,False,False,False,False,1.0,False,False,False,2.5162856903104945e-05,0.00017927250459387484,2.5163134407022556e-05,0.000179272538583335
1.030197699990822,1786139318.1811247,0.01002289997995831,0.006519700022181496,0.01002289997995831,TELEOP,0,,0.0,1.030197699990822,199,-8.999832956330112e-06,0.000948631803514705,0.0,0.0008264652768171247,0.0008292065334750088,0.0016549876312549948,0.9999979451916946,-1.2654302577540734e-06,0.00016826061689683471,0.0,0.0001466525771088427,0.00014703806141150866,0.00029359440623140853,0.9999999353375754,-0.01600037939286631,-0.22491306594600635,0.280219864939643,-0.13045397696249447,9.143721404044471e-05,0.00013503752410635759,0.9914543526046834,-0.01600037939286631,-0.22491306594600635,0.280219864939643,-0.13045397696249447,9.143721404044471e-05,0.00013503752410635759,0.9914543526046834,-0.01600037894044749,-0.22491306628167368,0.2802198650785486,-0.13045397696640704,9.143721427274832e-05,0.00013503749197153923,0.991454352604173,-0.01600001089846002,-0.22495967986895765,0.2802323557120852,-0.13052348178051254,3.43214911386954e-06,5.074632048736518e-06,0.9914452181872485,-0.01600001089846002,-0.22495967986895765,0.2802323557120852,-0.13052348178051254,3.43214911386954e-06,5.074632048736518e-06,0.9914452181872485,-0.000184574919534393,-0.5239684650996275,0.7855910019822118,-0.0009403578722769659,0.523276440346461,-0.0007161916135739479,-6.895722528711858e-06,-0.52361265929668,0.7854054063117488,-3.523905444453628e-05,0.5235866674288359,-2.6821979230033228e-05,-6.895722528711858e-06,-0.52361265929668,0.7854054063117488,-3.523905444453628e-05,0.5235866674288359,-2.6821979230033228e-05,-0.000451023765346995,-0.0009060746045390292,0.0004726632539496114,-0.0023018647234533175,-0.0007901208382880574,-0.0017525103489719118,-0.02610101408616711,-0.05223161034757844,0.027244639071534946,-0.13290794410486342,-0.04553931167715063,-0.10123562604863488,0.5,0.0,0.0,0.5,True,False,True,False,1,True,True,0.0034927999950014055,4,5.802155742554367e-10,6.47539718747586e-11,`gtol` termination condition is satisfied.,True,True,0.0,0.01002289997995831,True,0.0009051188178324296,0.00047061099476334515,False,False,False,False,False,False,1.0,False,False,False,4.825948508356043e-05,0.00034379990274628874,4.825984870718022e-05,0.00034379995431690197
1.0400684000051115,1786139318.1917162,0.009870700014289469,0.007244399981573224,0.009870700014289469,TELEOP,0,,0.0,1.0400684000051115,201,-1.584458278987011e-05,0.001258652941911742,0.0,0.001095965483413968,0.0011007912468338496,0.00219555294111501,0.9999963833262463,-2.6188478423462374e-06,0.0002694880808649362,0.0,0.00023479372337335448,0.00023559147556295317,0.00047018613299486126,0.9999998341467685,-0.016000785299098787,-0.2248837324935473,0.2802120050023014,-0.13041028013024566,0.00014686005535021276,0.00021679874079207065,0.9914600800167302,-0.016000785299098787,-0.2248837324935473,0.2802120050023014,-0.13041028013024566,0.00014686005535021276,0.00021679874079207065,0.9914600800167302,-0.016000784730094954,-0.22488373289713426,0.2802120051486955,-0.13041028013640585,0.00014686005563791307,0.00021679870039827877,0.9914600800159288,-0.016000029358938763,-0.2249574965146022,0.2802317717758043,-0.1305202316299945,7.552676281191269e-06,1.1168518358283621e-05,0.9914456459904768,-0.016000029358938763,-0.2249574965146022,0.2802317717758043,-0.1305202316299945,7.552676281191269e-06,1.1168518358283621e-05,0.9914456459904768,-0.000298359135808203,-0.5241923196334132,0.7857076966737474,-0.0015141764130178527,0.5230814394889044,-0.0011541943950751975,-1.5235455984564896e-05,-0.5236293238815503,0.7854140981123117,-7.767134296305151e-05,0.523572139295873,-5.914873899466603e-05,-1.5235455984564896e-05,-0.5236293238815503,0.7854140981123117,-7.767134296305151e-05,0.523572139295873,-5.914873899466603e-05,-0.0008448978738873532,-0.0016882880490886492,0.0008805657704336419,-0.004298812491220226,-0.0014718442402128235,-0.0032750220063252327,-0.03990336125808305,-0.07924599505782132,0.04132457838790808,-0.2023106532339142,-0.06906535513569037,-0.154245560613658,0.5,0.0,0.0,0.5,True,False,True,False,1,True,True,0.003556800016667694,4,7.12796623447581e-10,8.173937881622295e-11,`gtol` termination condition is satisfied.,True,True,0.0,0.009870700014289469,True,0.0014365050700548012,0.0009051188178324296,False,False,False,False,False,False,1.0,False,False,False,7.63698984862382e-05,0.0005440146696490564,7.6370331820858e-05,0.0005440147354928194
1.0505862999998499,1786139318.202303,0.0105178999947384,0.007313100009923801,0.0105178999947384,TELEOP,0,,0.0,1.0505862999998499,202,-2.5253932405611135e-05,0.0015889479159050244,0.0,0.0013827661166199345,0.0013904569419010404,0.0027713056880217706,0.9999942372094667,-4.844346832652147e-06,0.0003992241973484246,0.0,0.00034768535425883963,0.00034916097119513045,0.0006964782814574801,0.9999996360596909,-0.01600145279622697,-0.22484613787144772,0.28020193147334127,-0.13035431076311707,0.0002179275420128616,0.0003215649577636166,0.9914673987424081,-0.016001273388944876,-0.2248562424077633,0.2802046389972774,-0.13035431076311707,0.0002179275420128616,0.0003215649577636166,0.9914673987424081,-0.016001272655707957,-0.22485624280250946,0.2802046390906762,-0.13035431077229992,0.0002179275423497799,0.00032156490576314346,0.9914673987412175,-0.016000067377322576,-0.22495372558594473,0.28023076399087204,-0.13051436368358166,1.4999778355741063e-05,2.2184432501072696e-05,0.9914464181967311,-0.016000067377322576,-0.22495372558594473,0.28023076399087204,-0.13051436368358166,1.4999778355741063e-05,2.2184432501072696e-05,0.9914464181967311,-0.0004438655275457344,-0.5244026398816268,0.7858029670453267,-0.002249381132562431,0.5228540873965722,-0.0017152897872062785,-3.0362678586827824e-05,-0.5236581135501838,0.7854288638786517,-0.00015448006274747423,0.5235462821162239,-0.00011769327418302067,-3.0362678586827824e-05,-0.5236581135501838,0.7854288638786517,-0.00015448006274747423,0.5235462821162239,-0.00011769327418302067,-0.0014382360176299785,-0.0027372069184833994,0.0014038701972361356,-0.007302666865329244,-0.0024583975567387547,-0.005566181007391368,-0.05641222525784083,-0.09972702439835653,0.04975369865317959,-0.2855944984846502,-0.09379755626308069,-0.21783426370399908,0.5,0.0,0.0,0.5,True,False,True,False,1,True,True,0.00379139999859035,4,8.379643479822324e-10,1.056391103572323e-10,`gtol` termination condition is satisfied.,True,True,0.0,0.0105178999947384,True,0.002094901069814957,0.0014365050700548012,False,False,False,False,False,False,1.0,False,False,False,0.00010092995676465891,0.0007921249014581258,0.00010093037096288543,0.0007921249872742894
1.060381099989172,1786139318.2114265,0.0097947999893222,0.006641900021350011,0.0097947999893222,TELEOP,0,,0.0,1.060381099989172,205,-3.597905021159309e-05,0.0018964731817522331,0.0,0.0016494950408994875,0.0016604509030824866,0.00330721605184059,0.9999917921617631,-7.714481408215765e-06,0.0005372544201407146,0.0,0.00046771941971326784,0.0004700691673319179,0.0009372027676770153,0.9999993409620302,-0.01600231367427691,-0.22480613980252934,0.2801912139373056,-0.13029479755494858,0.0002935749010647673,0.0004330066837275243,0.9914751595723941,-0.016001961771721467,-0.22482308826298844,0.280195755299916,-0.13031096942146947,0.00027301916583659575,0.00040272450810486805,0.9914730528470971,-0.01600196119867871,-0.22482308870621093,0.2801957554710335,-0.13031096942763556,0.0002730191661452846,0.0004027244674493359,0.991473052846303,-0.016000126175474656,-0.22494868542538346,0.28022941770902166,-0.130506529150349,2.495010960864588e-05,3.690509521346213e-05,0.9914474488668752,-0.016000126175474656,-0.22494868542538346,0.28022941770902166,-0.130506529150349,2.495010960864588e-05,3.690509521346213e-05,0.9914474488668752,-0.0005601220615970823,-0.5246553446212542,0.7859402738448206,-0.0028263094993237516,0.5226518972713932,-0.0021573062003794156,-5.0666409752153397e-05,-0.5236965902358938,0.7854485971520777,-0.00025730227645857624,0.5235117436557056,-0.0001961122621917858,-5.0666409752153397e-05,-0.5236965902358938,0.7854485971520777,-0.00025730227645857624,0.5235117436557056,-0.0001961122621917858,-0.0020729092158553192,-0.003928276815451767,0.0020146683390701763,-0.010497632807529873,-0.0035262037566760086,-0.00800618574082713,-0.06479695337497753,-0.1216022683737098,0.06235942974842797,-0.32619001364842776,-0.10901766254556731,-0.2491122571257946,0.5,0.0,0.0,0.5,True,False,True,False,1,True,True,0.0036823999835178256,4,7.443825328363767e-10,8.22585852734654e-11,`gtol` termination condition is satisfied.,True,True,0.0,0.0097947999893222,True,0.0025690072228651754,0.002094901069814957,False,False,False,False,False,False,1.0,False,False,False,0.0001300424909152234,0.0009680108334053323,0.0001300429713673784,0.0009680108996119425
1.0703138000098988,1786139318.2219813,0.00993270002072677,0.00726290000602603,0.00993270002072677,TELEOP,0,,0.0,1.0703138000098988,207,-4.878768871023343e-05,0.002208254657518808,0.0,0.001919619513513992,0.0019344737691947241,0.003850394045160404,0.99998887360703,-1.154912283701314e-05,0.0006932700649213775,0.0,0.0006033056320227799,0.0006068231167177884,0.0012092521819211345,0.999998902747988,-0.016003463883232063,-0.22476092996032065,0.28017909989929035,-0.13022757011012087,0.0003791217444413062,0.0005589427760431999,0.9914838999362973,-0.016002908148709076,-0.22478392659834587,0.2801852618793142,-0.13025438533089959,0.000345007559674083,0.0005087153553134218,0.9914804169929635,-0.016002907395638945,-0.2247839271152334,0.2801852620433788,-0.13025438534046635,0.0003450075600614034,0.0005087153019249754,0.9914804169917338,-0.016000220280323378,-0.22494166884064715,0.2802275445673205,-0.1304956990287196,3.871615667035239e-05,5.7273768584884686e-05,0.9914488729913311,-0.016000220280323378,-0.22494166884064715,0.2802275445673205,-0.1304956990287196,3.871615667035239e-05,5.7273768584884686e-05,0.9914488729913311,-0.000712556808845093,-0.5249539954196089,0.7860972888741623,-0.003581498873561063,0.5223971720277149,-0.0027362557727566975,-7.890292009514615e-05,-0.5237501475538304,0.7854761235349305,-0.000399869905822651,0.5234638859953568,-0.00030491913829174146,-7.890292009514615e-05,-0.5237501475538304,0.7854761235349305,-0.000399869905822651,0.5234638859953568,-0.00030491913829174146,-0.0028427829577125103,-0.00539202007761554,0.0027712890548726343,-0.01435336102636503,-0.004818192460157833,-0.01095441077178472,-0.07750900966008033,-0.1473660997623354,0.0761747273373405,-0.3881853082031401,-0.13007426991510912,-0.29682010176542833,0.5,0.0,0.0,0.5,True,False,True,False,1,True,True,0.0034764000156428665,4,9.280110637772076e-10,1.0850828400465293e-10,`gtol` termination condition is satisfied.,True,True,0.0,0.00993270002072677,True,0.003181628967738412,0.0025690072228651754,False,False,False,False,False,False,1.0,False,False,False,0.00016333243510126074,0.0011947237547262682,0.00016333298915936794,0.0011947238428822707
1.0803469000093173,1786139318.231831,0.010033099999418482,0.007075600005919114,0.010033099999418482,TELEOP,0,,0.0,1.0803469000093173,209,-6.370092778424375e-05,0.0025231002695540786,0.0,0.002192095924925687,0.0022114878510444734,0.004398757166746923,0.9999854773807111,-1.646265533222096e-05,0.0008656804684934875,0.0,0.0007530382032703175,0.0007580517433870043,0.0015098411158816411,0.9999982893339486,-0.016004937740227,-0.22471096928326595,0.28016571286827796,-0.13015332424955514,0.0004737066305562401,0.0006980819493309383,0.9914935201353615,-0.01600413827108189,-0.22473970763864498,0.280173413349386,-0.13018872696351033,0.0004286232387210514,0.0006317466735664725,0.9914889371797753,-0.016004137390770806,-0.22473970821593997,0.28017341351423763,-0.13018872697544237,0.0004286232391697688,0.0006317466111937503,0.991488937178248,-0.0160003635986623,-0.22493229328385064,0.28022504315993396,-0.1304813253722433,5.700230560718035e-05,8.433437535832462e-05,0.991450761948143,-0.0160003635986623,-0.22493229328385064,0.28022504315993396,-0.1304813253722433,5.700230560718035e-05,8.433437535832462e-05,0.991450761948143,-0.0008910928097087916,-0.5252912167190016,0.7862727387365825,-0.004462024964136011,0.5221044955447725,-0.0034121502885730366,-0.00011662242108201445,-0.5238217003864202,0.7855129707222381,-0.0005897099877525984,0.5234002259452399,-0.00044991444862904487,-0.00011662242108201445,-0.5238217003864202,0.7855129707222381,-0.0005897099877525984,0.5234002259452399,-0.00044991444862904487,-0.0037595061336032263,-0.007131677407174211,0.00367256254894229,-0.01892137843148682,-0.0063450030519438165,-0.014451695921071987,-0.0913698832807257,-0.17339180608779958,0.08983001207223026,-0.45529471503189956,-0.1521773521518252,-0.34857473258414334,0.5,0.0,0.0,0.5,True,False,True,False,1,True,True,0.0036804999981541187,4,1.0655482959906158e-09,1.270474390106393e-10,`gtol` termination condition is satisfied.,True,True,0.0,0.010033099999418482,True,0.0038723149763834125,0.003181628967738412,False,False,False,False,False,False,1.0,False,False,False,0.00019942133838625375,0.0014489078192383307,0.0001994219552315503,0.0014489079228375938
1.0904599000059534,1786139318.2416902,0.010112999996636063,0.006828200013842434,0.010112999996636063,TELEOP,0,,0.0,1.0904599000059534,211,-8.07411689344173e-05,0.0028403516960194826,0.0,0.0024663462878420444,0.002490921394653837,0.0049511544004464505,0.9999815990890518,-2.2562371730894288e-05,0.0010530803554418913,0.0,0.0009156741165049994,0.0009225445372386918,0.0018365080652031714,0.9999974688421045,-0.01600676743476543,-0.22465666498859074,0.2801511619585853,-0.1300726751079385,0.0005765688577303728,0.0008492830127151362,0.9915039311455005,-0.016005680521634612,-0.2246909953527773,0.2801603608262677,-0.13011574664970127,0.0005216618589831605,0.0007685488376923622,0.9914983760326488,-0.01600567953539111,-0.22469099598324124,0.28016036099408387,-0.13011574666356604,0.0005216618594866699,0.0007685487678537785,0.9914983760308831,-0.01600057279198171,-0.22492018122838278,0.28022181355517284,-0.13046285755536347,8.051855706718045e-05,0.00011913876590465091,0.991453187054843,-0.01600057279198171,-0.22492018122838278,0.28022181355517284,-0.13046285755536347,8.051855706718045e-05,0.00011913876590465091,0.991453187054843,-0.001091721139979412,-0.525662651499073,0.786465173648166,-0.005446259489658408,0.5217804031838271,-0.004168785516343808,-0.00016541831250406296,-0.5239141244550328,0.7855606326251806,-0.0008344808602477042,0.5233182854799425,-0.0006370172689282448,-0.00016541831250406296,-0.5239141244550328,0.7855606326251806,-0.0008344808602477042,0.5233182854799425,-0.0006370172689282448,-0.004825065899167382,-0.009139134642874844,0.0047129341400513215,-0.024203586727630295,-0.008102488413394086,-0.01850121826969612,-0.10536534815767805,-0.1985026437623241,0.10287467531445622,-0.5223186292791974,-0.1737847683214546,-0.4004274053170319,0.5,0.0,0.0,0.5,True,False,True,False,1,True,True,0.0034537000174168497,4,1.182507199463499e-09,1.4245042861312343e-10,`gtol` termination condition is satisfied.,True,True,0.0,0.010112999996636063,True,0.004611778629410704,0.0038723149763834125,False,False,False,False,False,False,1.0,False,False,False,0.00023733599112488253,0.0017191495852950322,0.00023733666461197954,0.0017191497016878444
1.10015429998748,1786139318.2517154,0.009694399981526658,0.007156800013035536,0.009694399981526658,TELEOP,0,,0.0,1.10015429998748,213,-9.896818870631097e-05,0.0031443638733860166,0.0,0.0027288613814931235,0.0027589786770527962,0.005480352112006184,0.9999774532922974,-2.954020527512539e-05,0.0012440833619153868,0.0,0.001081321857596138,0.0010903160440710695,0.0021693995107813905,0.9999964678236255,-0.016008860560210277,-0.2246013165897387,0.2801363312792938,-0.129990526986719,0.0006814627211624931,0.0010033558292118529,0.9915144939834993,-0.016007457855305787,-0.2246408736069728,0.2801469306360598,-0.13004044788762548,0.0006177573790666529,0.0009097489517927882,0.9915080799700279,-0.016007456829722568,-0.22464087425438195,0.28014693080425956,-0.13004044790213348,0.0006177573795947894,0.0009097488792078023,0.9915080799681913,-0.016000847869732496,-0.22490587541330978,0.28021800085708115,-0.13044113241590347,0.00010820627288196868,0.00016011855394368945,0.9914560371632763,-0.016000847869732496,-0.22490587541330978,0.28021800085708115,-0.13044113241590347,0.00010820627288196868,0.00016011855394368945,0.9914560371632763,-0.001301054623101604,-0.5260447576713178,0.7866627272430273,-0.006467691364712958,0.5214466091376649,-0.004955241393390435,-0.00022320245747903473,-0.5240232740046331,0.7856169689026812,-0.0011234079264704306,0.5232217704514769,-0.0008580522120454323,-0.00022320245747903473,-0.5240232740046331,0.7856169689026812,-0.0011234079264704306,0.5232217704514769,-0.0008580522120454323,-0.005960569512820124,-0.011259030967179257,0.005811218601250359,-0.02980350168894378,-0.009955750603392443,-0.02280027062411131,-0.11712984979127347,-0.21867225700858434,0.11329060728790788,-0.5776443072273172,-0.1911683233134464,-0.4434572910760156,0.5,0.0,0.0,0.5,True,False,True,False,1,True,True,0.0036597000143956393,4,1.2244389410841515e-09,1.4809069497330163e-10,`gtol` termination condition is satisfied.,True,True,0.0,0.009694399981526658,True,0.005344283438242527,0.004611778629410704,False,False,False,False,False,False,1.0,False,False,False,0.0002744453406296171,0.00198478670778792,0.00027444603401610766,0.0019847868288115356
1.1110878000035882,1786139318.262354,0.010933500016108155,0.006863499991595745,0.010933500016108155,TELEOP,0,,0.0,1.1110878000035882,215,-0.0001217464069000751,0.003487093130734295,0.0,0.003024467444048428,0.0030615079120801035,0.0060767716832815346,0.9999722759216345,-3.89277647957258e-05,0.001472463749216545,0.0,0.0012792266900214062,0.001291077317729603,0.0025673562209086232,0.9999950526779972,-0.016011676559492448,-0.22453513706096628,0.2801185983832674,-0.1298923746690203,0.0008069568723463627,0.0011875301764550693,0.9915270594368714,-0.016009870395075003,-0.22458040631393367,0.28013072834180336,-0.12994957207739583,0.0007338759675006912,0.001080233360342206,0.9915197442506394,-0.016009869145632048,-0.22458040708260787,0.28013072852131,-0.12994957209602462,0.0007338759681455022,0.0010802332719724926,0.9915197442482937,-0.016001280437334255,-0.22488586595185578,0.2802126714319935,-0.1304108586353648,0.0001468305008500051,0.00021728938862118952,0.9914600038206849,-0.016001280437334255,-0.22488586595185578,0.2802126714319935,-0.1304108586353648,0.0001468305008500051,0.00021728938862118952,0.9914600038206849,-0.0015570301323427835,-0.5265056181619326,0.7869006752157865,-0.007708840329583373,0.5210442172053283,-0.005912592648795954,-0.00030437935387985534,-0.5241759166988998,0.7856957998569423,-0.0015277350937111126,0.5230871227137162,-0.0011676797230814094,-0.00030437935387985534,-0.5241759166988998,0.7856957998569423,-0.0015277350937111126,0.5230871227137162,-0.0011676797230814094,-0.0074246029433597625,-0.013961009195763489,0.0072100383358418285,-0.036980579562353594,-0.012315154119210674,-0.028319157687822536,-0.13390345528720918,-0.24712838748831115,0.12793887890708466,-0.6564300418746001,-0.21579581216830457,-0.5047685604408777,0.5,0.0,0.0,0.5,True,False,True,False,1,True,True,0.003882399993017316,4,1.4779006620810335e-09,1.8068928099764617e-10,`gtol` termination condition is satisfied.,True,True,0.0,0.010933500016108155,True,0.006181105235872261,0.005344283438242527,False,False,False,False,False,False,1.0,False,False,False,0.00031637561113923094,0.0022852998565727426,0.0003163764337042324,0.00228530000467224
1.1200326000107452,1786139318.271884,0.008944800007157028,0.00744799998938106,0.008944800007157028,TELEOP,0,,0.0,1.1200326000107452,217,-0.000142132144095225,0.0037673615254096918,0.0,0.003265931494637799,0.003309165261144261,0.0065643594998342925,0.9999676456271491,-4.768607171978725e-05,0.0016672341382604678,0.0,0.0014478920532744295,0.0014624070088774717,0.002906689974343286,0.9999936580437576,-0.01601430382252082,-0.22447869695729938,0.28010347517917517,-0.12980871763316593,0.0009140352670054107,0.0013445646856565326,0.9915377216786913,-0.016012132287310823,-0.22452851517397643,0.2801168240391609,-0.12987162243417105,0.0008335796661351443,0.001226519513101119,0.9915297083199981,-0.016012131207378856,-0.22452851584284153,0.2801168242079898,-0.12987162244947145,0.0008335796667037101,0.001226519436758424,0.991529708318088,-0.01600172784546014,-0.22486685826484593,0.2802076095980869,-0.13038216155150317,0.00018346713915327447,0.00027150604315762805,0.9914637585779095,-0.01600172784546014,-0.22486685826484593,0.2802076095980869,-0.13038216155150317,0.00018346713915327447,0.00027150604315762805,0.9914637585779095,-0.0017790484781757823,-0.5269010190111061,0.7871046155657044,-0.008779845779739469,0.5206993671678875,-0.006740035028899897,-0.0003818010034712982,-0.5243209002776889,0.7857706935940745,-0.0019121961240219267,0.5229594322625367,-0.0014623290898721632,-0.0003818010034712982,-0.5243209002776889,0.7857706935940745,-0.0019121961240219267,0.5229594322625367,-0.0014623290898721632,-0.008655492524091677,-0.01620869987848087,0.008372880005400506,-0.04298151216384876,-0.014275383583449019,-0.03294085575473964,-0.13760951387924156,-0.2512846213351814,0.13000197529606586,-0.6708850501625108,-0.21914737754560204,-0.5166910454363571,0.5,0.0,0.0,0.5,True,False,True,False,1,True,True,0.003880999982357025,4,1.2814588458754077e-09,1.5577268106631966e-10,`gtol` termination condition is satisfied.,True,True,0.0,0.008944800007157028,True,0.006867649655717542,0.006181105235872261,False,False,False,False,False,False,1.0,False,False,False,0.00035046513595805113,0.0025295822869559523,0.0003504658574795199,0.002529582414211917
1.1300781999889296,1786139318.2818654,0.010045599978184327,0.007379000016953796,0.010045599978184327,TELEOP,0,,0.0,1.1300781999889296,219,-0.00016690410415614034,0.004081979107691504,0.0,0.003536700143991149,0.00358745632558411,0.007111557987379211,0.9999620231049756,-5.893101592317965e-05,0.0018950194236370798,0.0,0.0016449946093676207,0.0016629293205562647,0.0033034665945411937,0.9999918078500788,-0.01601767703790766,-0.22441268987390467,0.28008578848898,-0.12971094860386045,0.00103933422645175,0.0015281700463390068,0.9915501269693641,-0.01601505645818573,-0.22446743163863395,0.28010045662094424,-0.12977995664915998,0.0009509676579239565,0.001398618494927646,0.9915413770382765,-0.01601505517658875,-0.2244674324153698,0.28010045679982526,-0.1297799566681182,0.0009509676586010841,0.0013986184043868763,0.9915413770359222,-0.01600237319521646,-0.22484189273489122,0.28020096374529924,-0.13034455370773068,0.00023152397165081628,0.0003426150866353722,0.9914686713811413,-0.01600237319521646,-0.22484189273489122,0.28020096374529924,-0.13034455370773068,0.00023152397165081628,0.0003426150866353722,0.9914686713811413,-0.002043450852640881,-0.5273663394579517,0.7873444112606726,-0.010047752690446212,0.5202941408909166,-0.00772132096774706,-0.0004840329595394784,-0.5245113002691295,0.7858690565333544,-0.0024180332361402198,0.5227920089618693,-0.0018503779858082808,-0.0004840329595394784,-0.5245113002691295,0.7858690565333544,-0.0024180332361402198,0.5227920089618693,-0.0018503779858082808,-0.010176789469040545,-0.018953570902099242,0.009791644052475304,-0.05035409664099721,-0.01666633163086216,-0.03862874261157418,-0.1514391323816014,-0.27324112343506707,0.1412323853384444,-0.7339118114556851,-0.23800948202252506,-0.5662067839837072,0.5,0.0,0.0,0.5,True,False,True,False,1,True,True,0.0040320999978575855,4,1.5092408032095666e-09,1.850734658788256e-10,`gtol` termination condition is satisfied.,True,True,0.0,0.010045599978184327,True,0.007629719454305992,0.006867649655717542,False,False,False,False,False,False,1.0,False,False,False,0.0003879213962082109,0.0027977122613016443,0.00038792223423755564,0.0027977124128528677
1.1405158000125084,1786139318.2919025,0.010437600023578852,0.006981900020036846,0.010437600023578852,TELEOP,0,,0.0,1.1405158000125084,221,-0.00019474572871430176,0.0044087012795808326,0.0,0.0038175626732591963,0.00387676891726344,0.007679644141790084,0.99995570899108,-7.219248579572085e-05,0.0021404879655830223,0.0,0.0018572238815531797,0.0018791902227906835,0.0037309574352754975,0.999989549605483,-0.016021655190199838,-0.2243415585769534,0.28006672875790867,-0.12960566740608379,0.0011744399240422375,0.0017259743673664644,0.9915634183851135,-0.016018528832721833,-0.22440119491114954,0.2800827083971171,-0.12968068330212798,0.0010782590011534398,0.0015850826565408204,0.9915539547845047,-0.01601852743131822,-0.2244011957486813,0.28008270858120854,-0.12968068332316376,0.001078259001900823,0.0015850825576018753,0.9915539547819109,-0.01600322627152791,-0.22481183431347385,0.28019296412201594,-0.13029935986352167,0.00028932646967658627,0.0004281221092119043,0.9914745633755866,-0.01600322627152791,-0.22481183431347385,0.28019296412201594,-0.13029935986352167,0.00028932646967658627,0.0004281221092119043,0.9914745633755866,-0.002333663886209878,-0.5278707666226856,0.7876041211932092,-0.011430833454634984,0.519855650610836,-0.008793772035446316,-0.0006078807262643555,-0.5247405054587193,0.7859874585996401,-0.0030284569454527748,0.5225907646355086,-0.0023191583496397395,-0.0006078807262643555,-0.5247405054587193,0.7859874585996401,-0.0030284569454527748,0.5225907646355086,-0.0023191583496397395,-0.011865540588363352,-0.021959568202648806,0.011343801833595995,-0.05848314822694772,-0.01928070877463085,-0.04491265834794108,-0.16179496392924314,-0.2879969814669011,0.14870830244637837,-0.7788238261273416,-0.25047684696316524,-0.6020460376112657,0.5,0.0,0.0,0.5,True,False,True,False,1,True,True,0.0034586999972816557,4,1.6429489394985863e-09,2.023729957722777e-10,`gtol` termination condition is satisfied.,True,True,0.0,0.010437600023578852,True,0.00840237650918221,0.007629719454305992,False,False,False,False,False,False,1.0,False,False,False,0.0004254579187940165,0.003065965516277245,0.0004254588252620097,0.003065965682096654
1.15022099998896,1786139318.3017309,0.009705199976451695,0.0071035999862942845,0.009705199976451695,TELEOP,0,,0.0,1.15022099998896,223,-0.00022255563618178156,0.004712327727034882,0.0,0.004078275310883957,0.004145917229250276,0.008207421428612627,0.9999494073573473,-8.593848212069889e-05,0.0023756251071575317,0.0,0.002060361329433555,0.0020865051403849296,0.004140374986424299,0.9999871292684038,-0.016025778712577408,-0.22427342108788534,0.280048471221236,-0.1295048877924597,0.0013039315651945597,0.0019154034703564636,0.9915760762694316,-0.01602214817449495,-0.2243374066628939,0.2800656162461672,-0.1295851992245212,0.001200837992144702,0.001764503634316797,0.9915659941007368,-0.01602214681418558,-0.22433740747229272,0.2800656164267694,-0.12958519924463494,0.0012008379928807105,0.0017645035383380436,0.9915659940982781,-0.016004197496279668,-0.22478029230904426,0.28018456924307567,-0.13025199799447476,0.0003499432563592694,0.0005177494689624644,0.9914807242168917,-0.016004197496279668,-0.22478029230904426,0.28018456924307567,-0.13025199799447476,0.0003499432563592694,0.0005177494689624644,0.9914807242168917,-0.00261636964599473,-0.5283564029530202,0.787853921489429,-0.012770435049797585,0.5194342785519795,-0.009834409768475045,-0.0007386274377221888,-0.5249809889176671,0.7861116657763954,-0.0036705662332248974,0.5223798872994911,-0.0028127695590979577,-0.0007386274377221888,-0.5249809889176671,0.7861116657763954,-0.0036705662332248974,0.5223798872994911,-0.0028127695590979577,-0.01347182044420227,-0.024778825735817873,0.012798002829059088,-0.06616136600277282,-0.021728283448989368,-0.0508604882594791,-0.1655071363533291,-0.2904893809514075,0.14983730360956052,-0.7911447259670298,-0.25219209086852545,-0.6128498048437531,0.5,0.0,0.0,0.5,True,False,True,False,1,True,True,0.0037628999853041023,4,1.593168287426141e-09,1.9619448081436955e-10,`gtol` termination condition is satisfied.,True,True,0.0,0.009705199976451695,True,0.009099868816572687,0.00840237650918221,False,False,False,False,False,False,1.0,False,False,False,0.00045893237970850206,0.0033047297673606617,0.00045893326082112605,0.0033047299279271073
1.1602876000106335,1786139318.3110156,0.010066600021673366,0.006324799993308261,0.010066600021673366,TELEOP,0,,0.0,1.1602876000106335,225,-0.0002533567534145853,0.005027075262710685,0.0,0.004348235929047126,0.004425215301363278,0.008754375611150536,0.9999424339538256,-0.00010175971588997528,0.002626215730378431,0.0,0.0022766698840453303,0.002307619948485702,0.004576608580662623,0.9999842730354873,-0.01603052478801506,-0.2242008055240191,0.28002901377736716,-0.1293975644740614,0.001442014566624692,0.0021172257710328733,0.9915894857536587,-0.016026338482083458,-0.22426907346506264,0.2800473062689428,-0.12948304921985745,0.0013321411781237217,0.001956535304349507,0.991578810450391,-0.016026337012619865,-0.22426907432828413,0.2800473064538887,-0.12948304924181986,0.0013321411789264726,0.0019565352007382335,0.9915788104477264,-0.016005423651449018,-0.22474359667320012,0.28017480242361753,-0.13019696757431026,0.0004204282190422342,0.0006219155299562296,0.9914878648252031,-0.016005423651449018,-0.22474359667320012,0.28017480242361753,-0.13019696757431026,0.0004204282190422342,0.0006219155299562296,0.9914878648252031,-0.0029228635329417514,-0.5288764783002015,0.7881211856268316,-0.014214056310080202,0.5189839123982094,-0.010957972280570282,-0.0008917628343928191,-0.525260720442142,0.7862561052238489,-0.004419722983043871,0.5221349094469736,-0.0033893061521259307,-0.0008917628343928191,-0.525260720442142,0.7862561052238489,-0.004419722983043871,0.5221349094469736,-0.0033893061521259307,-0.015212226207550722,-0.027788083749491443,0.014348384473659787,-0.0744200373717085,-0.024335709374577377,-0.05727222615249348,-0.1728891343255283,-0.29893489432327147,0.15401244126743205,-0.820403249473981,-0.2590175352129047,-0.6369318219865617,0.5,0.0,0.0,0.5,True,False,True,False,1,True,True,0.0035112000186927617,4,1.7142577346319178e-09,2.118998548788794e-10,`gtol` termination condition is satisfied.,True,True,0.0,0.010066600021673366,True,0.00979433332703633,0.009099868816572687,False,False,False,False,False,False,1.0,False,False,False,0.0004917967535447205,0.0035385768298503563,0.0004917976968819576,0.003538577003334282
1.1743876000109594,1786139318.3258076,0.014100000000325963,0.007016299990937114,0.014100000000325963,TELEOP,0,,0.0,1.1743876000109594,227,-0.00029984471555632444,0.005467592221644288,0.0,0.004725554015630739,0.0048166153030960645,0.00951962176053689,0.9999319207615105,-0.0001270227411653403,0.002988631084153373,0.0,0.002589140258337897,0.002627760286128646,0.005207322408418982,0.9999796373036485,-0.016038103269399293,-0.2240957856493047,0.2800008735507567,-0.12924251258763947,0.0016418803425008546,0.0024089953502319144,0.99160873025119,-0.016033093168972796,-0.22416958123407205,0.2800206471832876,-0.12933460652004622,0.0015232980671048342,0.0022357730141564502,0.9915973176841156,-0.01603309100432373,-0.2241695824637716,0.2800206474013909,-0.12933460655446835,0.0015232980682906253,0.0022357728616779773,0.9915973176799678,-0.016007684428538786,-0.22468342231451927,0.28015879428694757,-0.13010692594566436,0.0005359345384547779,0.0007925527982686097,0.9914995070372965,-0.016007684428538786,-0.22468342231451927,0.28015879428694757,-0.13010692594566436,0.0005359345384547779,0.0007925527982686097,0.9914995070372965,-0.0033766470506594215,-0.5296333805364266,0.7885097092661685,-0.016333227276921852,0.5183302276582709,-0.01261153660179357,-0.0011456415388713937,-0.5257193081478542,0.7864927660127895,-0.0056541842566234565,0.5217340643516641,-0.004340995842962086,-0.0011456415388713937,-0.5257193081478542,0.7864927660127895,-0.0056541842566234565,0.5217340643516641,-0.004340995842962086,-0.018005581877496842,-0.03252395075897384,0.01678445311596884,-0.08755044493269835,-0.028428730163138474,-0.06749572275277686,-0.1981103311972726,-0.335877092863327,0.17277082569168342,-0.9312345787720783,-0.2902851623025869,-0.7250706808543999,0.5,0.0,0.0,0.5,True,False,True,False,1,True,True,0.0035303000186104327,4,2.4990869574044255e-09,3.1275023515140936e-10,`gtol` termination condition is satisfied.,True,True,0.0,0.014100000000325963,True,0.010679043020298396,0.00979433332703633,False,False,False,False,False,False,1.0,False,False,False,0.000532692639613597,0.003828219520321876,0.000532693985600777,0.0038282197772349577
1.1816606000065804,1786139318.3327062,0.007272999995620921,0.006643700005952269,0.007272999995620921,TELEOP,0,,0.0,1.1816606000065804,228,-0.000325349152621901,0.005694652157162728,0.0,0.0049198035652663254,0.005018584888065376,0.009913939182495451,0.9999261588479853,-0.00014092838036599664,0.0031783844230877712,0.0,0.0027526393056111855,0.0027954796954618006,0.005537497643214547,0.9999769719298425,-0.016042274738010648,-0.22404079936929247,0.2799861398974592,-0.12916137417371912,0.00174657257271122,0.00256172721571789,0.9916187404741185,-0.01603681871459757,-0.22411732625337086,0.2800066453860773,-0.12925671418366255,0.0016236952848668995,0.0023823410019671648,0.9916069735048334,-0.016036817569894807,-0.2241173269293389,0.2800066455515823,-0.12925671419935192,0.0016236952855186414,0.0023823409213672543,0.9916069735029808,-0.016008985810126008,-0.22465052651540804,0.2801500292817796,-0.130057673807537,0.0005990902469756994,0.0008857020964921845,0.9915058537933322,-0.016008985810126008,-0.22465052651540804,0.2801500292817796,-0.130057673807537,0.0005990902469756994,0.0008857020964921845,0.9915058537933322,-0.0036172185772243605,-0.5300307956903407,0.7887134553245583,-0.017452177698281526,0.5179876863763353,-0.013486094159612735,-0.0012851185144912834,-0.5259699845911683,0.7866220955295479,-0.00633056110004425,0.5215151353380679,-0.0048628486094972325,-0.0012851185144912834,-0.5259699845911683,0.7866220955295479,-0.00633056110004425,0.5215151353380679,-0.0048628486094972325,-0.01917736500809418,-0.03446671847450775,0.017782141734664848,-0.09299832858903348,-0.030101610577200944,-0.07175206473935856,-0.16111413877394049,-0.26712054402635177,0.13717704101426065,-0.7490559136003436,-0.23001243160590043,-0.5852250775669532,0.5,0.0,0.0,0.5,True,False,True,False,1,True,True,0.003708300006110221,4,1.33965260428332e-09,1.6427242972261996e-10,`gtol` termination condition is satisfied.,True,True,0.0,0.007272999995620921,True,0.011121616598237277,0.010679043020298396,False,False,False,False,False,False,1.0,False,False,False,0.0005528429248181126,0.003970645308448851,0.000552843677321738,0.003970645442145164
1.1900823999894783,1786139318.3419745,0.008421799982897937,0.0074893999844789505,0.008421799982897937,TELEOP,0,,0.0,1.1900823999894783,231,-0.0003561781415299781,0.005957428244175004,0.0,0.005144408333552706,0.005252516057628652,0.010370179210400699,0.9999191994961925,-0.00015821306043651824,0.003401568064412126,0.0,0.002944800889721764,0.002992885002543463,0.0059257691105189325,0.9999736276760154,-0.016047459879569115,-0.223976125733306,0.2799688105025447,-0.12906600450208933,0.0018697728845791304,0.0027413221343198834,0.9916304531347264,-0.016041466640062757,-0.22405565166279154,0.2799901195903478,-0.12916488363946224,0.00174219135255516,0.002555204573063805,0.9916183078852897,-0.016041465278975434,-0.22405565244986098,0.27999011976541777,-0.1291648836589468,0.0017421913533312342,0.002555204477285308,0.9916183078829971,-0.016010691111210847,-0.2246098513184669,0.2801391876655772,-0.12999680979965406,0.0006771729941767346,0.0010007856158552814,0.9915136758042219,-0.016010691111210847,-0.2246098513184669,0.2801391876655772,-0.12999680979965406,0.0006771729941767346,0.0010007856158552814,0.9915136758042219,-0.0039040899679917353,-0.5304997119374694,0.7889536589494439,-0.018779777046716226,0.5175842341406429,-0.01452538716772912,-0.001458648328293638,-0.5262798985550674,0.7867819268927284,-0.0071692895339457606,0.5212447497757965,-0.005510599062497259,-0.001458648328293638,-0.5262798985550674,0.7867819268927284,-0.0071692895339457606,0.5212447497757965,-0.005510599062497259,-0.02060483675161366,-0.03679901737495747,0.018978290092985912,-0.0995901631010838,-0.03210543622746746,-0.07691354037324641,-0.1694972270082684,-0.2769359169281972,0.14203001267544618,-0.7827108843045778,-0.23793317988264562,-0.6128708404817501,0.5,0.0,0.0,0.5,True,False,True,False,1,True,True,0.004103200015379116,4,1.5819881446187292e-09,1.9554054738620452e-10,`gtol` termination condition is satisfied.,True,True,0.0,0.008421799982897937,True,0.011610487512770464,0.011121616598237277,False,False,False,False,False,False,1.0,False,False,False,0.0005747213883471078,0.004124818825266329,0.0005747222656026079,0.004124818984791464
1.2001022000040393,1786139318.3517396,0.010019800014561042,0.007234499993501231,0.010019800014561042,TELEOP,0,,0.0,1.2001022000040393,233,-0.0003946674449423815,0.006269847055721591,0.0,0.005411165287558211,0.005530908607137782,0.01091246655049176,0.9999105192035909,-0.00018046424793614947,0.0036715134006376987,0.0,0.003177018318274457,0.0032318493535478336,0.006395285272164325,0.999969280543482,-0.016054134918364826,-0.2238979016009144,0.27994785023157276,-0.12895074482915683,0.0020188781324081565,0.002958480919190384,0.991644531538264,-0.016047480540776638,-0.22398076435868305,0.27997005342817083,-0.1290535281095327,0.0018860788180820214,0.002764923344372852,0.9916319805190199,-0.01604747887329374,-0.22398076530179345,0.279970053616415,-0.12905352813435783,0.0018860788190360822,0.002764923227117674,0.9916319805161142,-0.016013038473301152,-0.22455764960915087,0.2801252691987135,-0.12991876037307287,0.0007773723088613817,0.001148345465596808,0.9915236722832739,-0.016013038473301152,-0.22455764960915087,0.2801252691987135,-0.12991876037307287,0.0007773723088613817,0.001148345465596808,0.9915236722832739,-0.004256783373913082,-0.531068889105401,0.7892449288810575,-0.02040212146281245,0.5170955789886365,-0.015797856908383465,-0.0016831406971714767,-0.5266775608322876,0.7869869056211561,-0.008249764479608715,0.5208982628222169,-0.00634610988931136,-0.0016831406971714767,-0.5266775608322876,0.7869869056211561,-0.008249764479608715,0.5208982628222169,-0.00634610988931136,-0.02240487520225956,-0.039687646124896586,0.020457367225879628,-0.10783398312269508,-0.0345802264592245,-0.08338597832291206,-0.1796481414828674,-0.2882920563026487,0.14761543451409015,-0.8227529501218726,-0.24698998265041283,-0.6459647837541396,0.5,0.0,0.0,0.5,True,False,True,False,1,True,True,0.0035672000085469335,4,1.9249395605977284e-09,2.397867150070496e-10,`gtol` termination condition is satisfied.,True,True,0.0,0.010019800014561042,True,0.012152356983203735,0.011610487512770464,False,False,False,False,False,False,1.0,False,False,False,0.0005983924483273084,0.004290880119755165,0.0005983935023414373,0.004290880315788339
1.2101515000103973,1786139318.361407,0.010049300006357953,0.006850400008261204,0.010049300006357953,TELEOP,0,,0.0,1.2101515000103973,235,-0.00043524485338763963,0.006582936066555963,0.0,0.005678189750069712,0.005810190044450571,0.011455759964917349,0.9999013778450532,-0.00020450394407541366,0.0039462505709684965,0.0,0.003413144312732132,0.003475260530443723,0.006873025210280323,0.999964516637768,-0.016061346504117256,-0.2238182889005974,0.2799265178909409,-0.1288335335491158,0.002170725055287345,0.003179427037295527,0.9916587617873891,-0.016054008645429635,-0.22390427080624303,0.27994955686863293,-0.12893993306623872,0.0020330633718983423,0.0029789632036562007,0.9916458471109689,-0.01605400692636186,-0.2239042717691591,0.279949557057399,-0.12893993309178592,0.0020330633728933047,0.002978963082859,0.9916458471080078,-0.01601574056031767,-0.22450156010329436,0.2801103034552867,-0.12983493651990294,0.0008850375345220501,0.0013067169491185527,0.9915343657474763,-0.01601574056031767,-0.22450156010329436,0.2801103034552867,-0.12983493651990294,0.0008850375345220501,0.0013067169491185527,0.9915343657474763,-0.004621652720574263,-0.5316500571829835,0.7895419916696031,-0.02207043634630277,0.516597800622343,-0.017108999709038994,-0.0019263791757474081,-0.5271047572002028,0.7872069812069475,-0.009415378211900898,0.5205265493921694,-0.007248650261942225,-0.0019263791757474081,-0.5271047572002028,0.7872069812069475,-0.009415378211900898,0.5205265493921694,-0.007248650261942225,-0.024204519560769445,-0.04251006215805962,0.021899593568919584,-0.11598954470010125,-0.03698898727397627,-0.0898112676564387,-0.1790815636284409,-0.28085697823503725,0.1435151047463497,-0.8115551901372574,-0.23969438798999068,-0.6393768052960421,0.5,0.0,0.0,0.5,True,False,True,False,1,True,True,0.0036517000116873533,4,1.979402438199319e-09,2.470172413618346e-10,`gtol` termination condition is satisfied.,True,True,0.0,0.010049300006357953,True,0.012655058134401872,0.012152356983203735,False,False,False,False,False,False,1.0,False,False,False,0.0006197233845016363,0.004439744006625532,0.0006197244676717591,0.004439744208489023
1.2204953999898862,1786139318.372426,0.010343899979488924,0.0075176999962423,0.010343899979488924,TELEOP,0,,0.0,1.2204953999898862,237,-0.00047907560649461113,0.006904929196792893,0.0,0.005952489739182999,0.0060977183454131315,0.012014339807734663,0.9998915147834135,-0.0002310969576402422,0.004232839848762089,0.0,0.00365922445843011,0.0037293947554853935,0.007371254110781856,0.999959182318936,-0.016069324071159338,-0.223735241722564,0.2799042652760095,-0.1287113685734609,0.002329225567988616,0.0034098312818810848,0.991673500381466,-0.01606126366843318,-0.22382420056124938,0.27992810192822515,-0.12882118487467611,0.002186938101883113,0.0032028260407323743,0.9916602550947456,-0.01606126185158124,-0.22382420156730493,0.279928102119398,-0.12882118490174746,0.0021869381029459792,0.003202825913157827,0.9916602550916386,-0.01601892083699519,-0.22443996627513876,0.2800938564694,-0.12974292767690054,0.0010032778093856535,0.001480427743477906,0.9915460526295086,-0.01601892083699519,-0.22443996627513876,0.2800938564694,-0.12974292767690054,0.0010032778093856535,0.001480427743477906,0.9915460526295086,-0.005008643799759025,-0.5322581588375598,0.7898524466755735,-0.02382904537274486,0.5160782395364032,-0.018493947124791077,-0.002195905703483612,-0.5275737772344603,0.7874484460606305,-0.010701001947722562,0.5201190424662095,-0.008245531399558291,-0.002195905703483612,-0.5275737772344603,0.7874484460606305,-0.010701001947722562,0.5201190424662095,-0.008245531399558291,-0.026056567471712977,-0.045342669127461065,0.023343695720355512,-0.12428810587601836,-0.03939586875045316,-0.09637381834634874,-0.17904735299219698,-0.27384322886128637,0.13960905986131533,-0.8022661851306033,-0.23268607403875968,-0.6344367891146495,0.5,0.0,0.0,0.5,True,False,True,False,1,True,True,0.003846100007649511,4,2.0855804443807333e-09,2.6091306370719377e-10,`gtol` termination condition is satisfied.,True,True,0.0,0.010343899979488924,True,0.013128043425022298,0.012655058134401872,False,False,False,False,False,False,1.0,False,False,False,0.000639087976318167,0.004573996664228978,0.0006390891156137538,0.004573996877420192
1.23047989999759,1786139318.3811252,0.0099845000077039,0.006241299997782335,0.0099845000077039,TELEOP,0,,0.0,1.23047989999759,239,-0.0005233674981554971,0.007215458147437655,0.0,0.006216717327489299,0.006375301412345622,0.012552873573379088,0.9998815596472528,-0.0002585128999716673,0.0045126523150973335,0.0,0.003899263367086526,0.003977731830645114,0.007857585904337386,0.9999536147934232,-0.016077548524800887,-0.22365415831185204,0.27988253885457026,-0.12859219035946162,0.0024840763870411816,0.0036347169663951467,0.9916877869448799,-0.016068773856977685,-0.22374578111899762,0.279907089322029,-0.12870503198040237,0.0023376625044169434,0.0034219041780021403,0.9916742613624373,-0.016068772060545133,-0.22374578210664603,0.2799070895101633,-0.12870503200690145,0.0023376625054813732,0.0034219040519508554,0.9916742613594306,-0.016022383492045558,-0.22437711946543049,0.28007705817799394,-0.12964906574955934,0.0011239439535738252,0.001657449009642639,0.9915579203269147,-0.016022383492045558,-0.22437711946543049,0.28007705817799394,-0.12964906574955934,0.0011239439535738252,0.001657449009642639,0.9915579203269147,-0.005392558950478223,-0.5328534844499024,0.7901560005941716,-0.02556344003291491,0.5155708684415534,-0.019862580144761204,-0.002473390672332588,-0.5280522382326346,0.7876946064518697,-0.01201858390638832,0.5197039416219008,-0.009268635797802634,-0.002473390672332588,-0.5280522382326346,0.7876946064518697,-0.01201858390638832,0.5197039416219008,-0.009268635797802634,-0.02779157380288172,-0.04792037636387673,0.02465425319739015,-0.13196273800882666,-0.04157452491245717,-0.10246926710951268,-0.17376997644649572,-0.25817088831956964,0.13125919936135313,-0.7686546273610749,-0.21820383197185528,-0.6104911371085959,0.5,0.0,0.0,0.5,True,False,True,False,1,True,True,0.0033629999961704016,4,2.0586436791850204e-09,2.576920680877156e-10,`gtol` termination condition is satisfied.,True,True,0.0,0.0099845000077039,True,0.01354485612652659,0.013128043425022298,False,False,False,False,False,False,1.0,False,False,False,0.0006554602260461705,0.004686641345536696,0.0006554613532719879,0.004686641555909905
1.24049150000792,1786139318.391466,0.010011600010329857,0.006571500009158626,0.010011600010329857,TELEOP,0,,0.0,1.24049150000792,241,-0.0005697347427598476,0.00752654479817114,0.0,0.006481117606973268,0.0066536700275141875,0.013092218073596788,0.9998711505067256,-0.0002877783477033077,0.00479609469802342,0.0,0.004142187627930761,0.004229508251573245,0.00835010748547006,0.9999476132511073,-0.016086327825793733,-0.22357202303081833,0.2798605305819922,-0.12847156707613713,0.002641036876984209,0.0038624476870928836,0.9917021543160429,-0.016076822125871405,-0.2236661152707339,0.2798857427386383,-0.1285871808438671,0.0024908105937255986,0.0036442973764017894,0.9916883844645178,-0.016076820283228235,-0.22366611627419783,0.2798857429266194,-0.12858718087096568,0.0024908105948296144,0.0036442972472009783,0.991688384461476,-0.016026273922093368,-0.22431085315990423,0.280059328485415,-0.12955011829264435,0.0012512003879264417,0.0018438683673609822,0.9915703714297815,-0.016026273922093368,-0.22431085315990423,0.280059328485415,-0.12955011829264435,0.0012512003879264417,0.0018438683673609822,0.9915703714297815,-0.005787656278873573,-0.5334580242025123,0.7904638671357371,-0.027337872384310635,0.5150569609190266,-0.02126562395472768,-0.0027687142952896753,-0.528556619832214,0.7879539157602706,-0.01341432524810487,0.5192670252757706,-0.010354021279472018,-0.0027687142952896753,-0.528556619832214,0.7879539157602706,-0.01341432524810487,0.5192670252757706,-0.010354021279472018,-0.029498144417713052,-0.050379719431361256,0.025900885785821347,-0.1394124156255184,-0.04364101099518474,-0.10841278921945499,-0.17045932848600745,-0.2456493532449362,0.1245188168869048,-0.7441045995650285,-0.20640917341837456,-0.5936635606506299,0.5,0.0,0.0,0.5,True,False,True,False,1,True,True,0.0034191000158898532,4,2.1065636903321274e-09,2.641033973798407e-10,`gtol` termination condition is satisfied.,True,True,0.0,0.010011600010329857,True,0.013923547136205765,0.01354485612652659,False,False,False,False,False,False,1.0,False,False,False,0.0006696062519397117,0.0047830349762710824,0.0006696074059633823,0.004783035191784273
1.251121700013755,1786139318.4042852,0.010630200005834922,0.008761800010688603,0.010630200005834922,TELEOP,0,,0.0,1.251121700013755,243,-0.0006211078674191184,0.00785652669816263,0.0,0.006761246873621655,0.006949260227616025,0.01366415050275358,0.9998596323054756,-0.00032086715937467455,0.005099932928289393,0.0,0.004402329585413073,0.004499651527607152,0.008877932613646595,0.9999407757176717,-0.016096254111983094,-0.223483977486419,0.27983693864437525,-0.12834238037449744,0.0028094074731065963,0.004106482269514493,0.9917174383022758,-0.01608595887937022,-0.22358047564395872,0.279862795471362,-0.1284606592320053,0.002655480792909517,0.0038831825752106202,0.991703447782917,-0.016085956878162416,-0.2235804767192987,0.27986279566360883,-0.12846065926163494,0.0026554807941199655,0.0038831824350000093,0.9917034477796247,-0.0160309105115765,-0.22423694601234817,0.280039536317279,-0.12943980133718214,0.0013931595385197177,0.0020515199163421076,0.9915841810972601,-0.0160309105115765,-0.22423694601234817,0.280039536317279,-0.12943980133718214,0.0013931595385197177,0.0020515199163421076,0.9915841810972601,-0.0062182694111862,-0.5341076094842795,0.7907942384680625,-0.029259778633233077,0.5145062765639494,-0.022788488684052914,-0.0031015257449505704,-0.5291190149071039,0.7882428119414442,-0.014979159203523948,0.5187806983304858,-0.011572884589561286,-0.0031015257449505704,-0.5291190149071039,0.7882428119414442,-0.014979159203523948,0.5187806983304858,-0.011572884589561286,-0.031308107982748634,-0.05290540860766101,0.027176928093073996,-0.1472064452747964,-0.04574955739476722,-0.11466043060527867,-0.17026618163741877,-0.23759564024321295,0.12003935076971547,-0.7331968961073028,-0.19835434878225236,-0.5877256667225775,0.5,0.0,0.0,0.5,True,False,True,False,1,True,True,0.005578499985858798,4,2.2799446478836002e-09,2.8670009193073074e-10,`gtol` termination condition is satisfied.,True,True,0.0,0.010630200005834922,True,0.014280619429709129,0.013923547136205765,False,False,False,False,False,False,1.0,False,False,False,0.0006820698599490676,0.004866780949304845,0.0006820711062532954,0.004866781183295317
1.260150199988857,1786139318.4117486,0.009028499975102022,0.007197400002041832,0.009028499975102022,TELEOP,0,,0.0,1.260150199988857,244,-0.0006664704407071842,0.008136514070680504,0.0,0.006998667491031384,0.007200319382758889,0.014149292364000445,0.9998494744608982,-0.0003504475977099304,0.005359868209037607,0.0,0.004624687936221086,0.004730944885326158,0.009329387950923354,0.9999345943322723,-0.016105127937801236,-0.22340865403662646,0.27981675561059494,-0.12823194550319778,0.002953534854514089,0.0043151936428583015,0.9917304189587777,-0.01609415084313713,-0.223507047082681,0.2798431201767932,-0.12835229641881005,0.0027967034889500478,0.0040878762062313044,0.9917162677508802,-0.016094149111340397,-0.22350704801467008,0.2798431203558325,-0.12835229644357699,0.002796703490014704,0.004087876084974457,0.9917162677481716,-0.016035214145865062,-0.22417196370380066,0.28002210842822417,-0.12934277325035207,0.0015180211815500686,0.002233828288925896,0.9915962649338571,-0.016035214145865062,-0.22417196370380066,0.28002210842822417,-0.12934277325035207,0.0015180211815500686,0.002233828288925896,0.9915962649338571,-0.006591918756721765,-0.5346643435139413,0.7910770169546336,-0.030918828561742103,0.5140355273697857,-0.024105549543880084,-0.0033967459629239915,-0.5296133931297121,0.7884965855944773,-0.016361236736358496,0.5183538266858523,-0.012650888876854192,-0.0033967459629239915,-0.5296133931297121,0.7884965855944773,-0.016361236736358496,0.5183538266858523,-0.012650888876854192,-0.0326987006465695,-0.054757514977192556,0.028108063768399204,-0.1530794192441618,-0.047280461406731034,-0.11940015398634642,-0.15402255830489114,-0.20513998722258572,0.10313293214742318,-0.6504927712866315,-0.16956349517479102,-0.5249735165463287,0.5,0.0,0.0,0.5,True,False,True,False,1,True,True,0.004263000009814277,4,1.9747857273954884e-09,2.475891081783785e-10,`gtol` termination condition is satisfied.,True,True,0.0,0.009028499975102022,True,0.014557591825383607,0.014280619429709129,False,False,False,False,False,False,1.0,False,False,False,0.0006911026941533796,0.004926649865606378,0.0006911037848810111,0.0049266500672127435
1.2703455000009853,1786139318.4219143,0.010195300012128428,0.007162399997469038,0.010195300012128428,TELEOP,0,,0.0,1.2703455000009853,247,-0.0007196039561830737,0.008452370422819459,0.0,0.007266209209156488,0.007483819922978077,0.014696431985733331,0.999837591576741,-0.0003857370069848543,0.005655531604985885,0.0,0.004877358814107031,0.004994266979342978,0.009842764621240717,0.9999271916759482,-0.016115714412885212,-0.22332297737389617,0.27979379841654484,-0.12810644283617612,0.003117582531578358,0.004552513062140884,0.9917450754139591,-0.016103958045300258,-0.22342333140539516,0.27982068843290997,-0.12822890478089435,0.0029577578035385665,0.004321084864331186,0.9917307738862717,-0.016103956051233357,-0.2234233324605144,0.2798206886201129,-0.1282289048099643,0.002957757804772012,0.004321084724815445,0.9917307738831171,-0.016040574109965993,-0.22409577706163408,0.2800016592902015,-0.12922906380658114,0.0016644448632452192,0.00244732073574138,0.9916103515555837,-0.016040574109965993,-0.22409577706163408,0.2800016592902015,-0.12922906380658114,0.0016644448632452192,0.00244732073574138,0.9916103515555837,-0.007023610963165237,-0.5352987950501118,0.7913988616284664,-0.032824241856517264,0.5135005294241307,-0.025621219879808275,-0.0037465384479417815,-0.5301928540465721,0.7887937715352759,-0.017990411127498142,0.5178543960626365,-0.0139237271125907,-0.0037465384479417815,-0.5301928540465721,0.7887937715352759,-0.017990411127498142,0.5178543960626365,-0.0139237271125907,-0.034309189979860655,-0.056836082917679796,0.029149308058120993,-0.15979661110527052,-0.048986358677202,-0.12484558906773967,-0.1579638982055759,-0.203875112847543,0.10212983320580224,-0.6588518094727849,-0.167321929559857,-0.5341122943822453,0.5,0.0,0.0,0.5,True,False,True,False,1,True,True,0.003632099978858605,4,2.2637633167764477e-09,2.8510472688083597e-10,`gtol` termination condition is satisfied.,True,True,0.0,0.010195300012128428,True,0.014833830729019122,0.014557591825383607,False,False,False,False,False,False,1.0,False,False,False,0.0006992491655240899,0.004979346386307408,0.0006992504093970017,0.004979346618690594
1.2804615999921225,1786139318.4322064,0.010116099991137162,0.007337100018048659,0.010116099991137162,TELEOP,0,,0.0,1.2804615999921225,249,-0.0007743234568991675,0.008765430330224078,0.0,0.0075310736445505,0.007765101384038581,0.01523856660660516,0.999825370861348,-0.00042262268793537435,0.005950768330937024,0.0,0.005129414013390593,0.005257446247224328,0.010355268661684666,0.999919405143125,-0.016126779769973624,-0.2232374243490015,0.2797708743504409,-0.12798123214567053,0.003281503375856861,0.0047894105500322715,0.9917595966264473,-0.016114241903366692,-0.22333955851754975,0.2797982413584161,-0.1281055772981871,0.0031189737022070648,0.004554297465240527,0.9917451746505961,-0.016114239887473004,-0.22333955957476942,0.2797982415439166,-0.12810557732740377,0.0031189737034677777,0.004554297324301686,0.9917451746474654,-0.016046403916304623,-0.22401765100635565,0.27998066540223954,-0.1291124720848943,0.001814646126608572,0.002665947070418213,0.9916247119438787,-0.016046403916304623,-0.22401765100635565,0.27998066540223954,-0.1291124720848943,0.001814646126608572,0.002665947070418213,0.9916247119438787,-0.007461399602667938,-0.5359333868361584,0.7917203334394861,-0.03474538631543158,0.5129669693569201,-0.027152515835722653,-0.004109125879465142,-0.5307868998493446,0.7890981567318419,-0.019670429528747882,0.5173433586358904,-0.015238503165366159,-0.004109125879465142,-0.5307868998493446,0.7890981567318419,-0.019670429528747882,0.5173433586358904,-0.015238503165366159,-0.03584261047647092,-0.05872280852234725,0.030089184254085174,-0.16607372433266032,-0.0505172375909455,-0.1299686691439735,-0.1515821806777037,-0.18650721190186278,0.09290894680634015,-0.6205072342987182,-0.15133093930316288,-0.5064283746426217,0.5,0.0,0.0,0.5,True,False,True,False,1,True,True,0.003871099994285032,4,2.283845711822843e-09,2.8794971896280037e-10,`gtol` termination condition is satisfied.,True,True,0.0,0.010116099991137162,True,0.015074956786683698,0.014833830729019122,False,False,False,False,False,False,1.0,False,False,False,0.0007054701784345352,0.005018162503338719,0.0007054714364370264,0.0050181627379210425
1.2904063999885693,1786139318.4422498,0.009944799996446818,0.00743910000892356,0.009944799996446818,TELEOP,0,,0.0,1.2904063999885693,251,-0.0008300548855947388,0.009072843955804278,0.0,0.007790861774950479,0.008041591207644996,0.015770767156140966,0.999812941598057,-0.00046070360983346245,0.00624261179072668,0.0,0.005378325795972093,0.005517833076779086,0.010861752761989734,0.9999113207963528,-0.016138203703336764,-0.2231528546154409,0.2797482137577938,-0.12785756934706266,0.0034436479214460885,0.00502350729616833,0.9917738389492332,-0.016124890375425714,-0.22325658848660884,0.2797760094097281,-0.1279835743302744,0.003278699516931103,0.004785128614798465,0.9917593243197993,-0.016124888358501198,-0.2232565895357434,0.2797760095927228,-0.12798357435928737,0.0032786995182063215,0.004785128473889896,0.9917593243167309,-0.016052642971909375,-0.22393863659271113,0.27995940784706613,-0.12899456280928265,0.001966610116608183,0.002886754530223702,0.9916391490146875,-0.016052642971909375,-0.22393863659271113,0.27995940784706613,-0.12899456280928265,0.001966610116608183,0.002886754530223702,0.9916391490146875,-0.007900732327030773,-0.5365616022203779,0.7920381341783848,-0.03666244557548285,0.5124403296732989,-0.028683611698876177,-0.004479855075564466,-0.5313875274005117,0.7894056216569033,-0.021379270056285274,0.5168276597555189,-0.016578110307561476,-0.004479855075564466,-0.5313875274005117,0.7894056216569033,-0.021379270056285274,0.5168276597555189,-0.016578110307561476,-0.037278698036338764,-0.06039614184112574,0.030917155213910776,-0.17183256859343005,-0.051856133914783616,-0.13470428190350206,-0.14440587647624328,-0.1682621389446094,0.08325667284625418,-0.5790809531440847,-0.13463280551810905,-0.47618984406127135,0.5,0.0,0.0,0.5,True,False,True,False,1,True,True,0.0035407999821472913,4,2.2808232931342775e-09,2.878056168896942e-10,`gtol` termination condition is satisfied.,True,True,0.0,0.009944799996446818,True,0.015283175519197577,0.015074956786683698,False,False,False,False,False,False,1.0,False,False,False,0.0007099595083512293,0.005044579407595286,0.0007099607687545886,0.005044579641925874
1.3004243999894243,1786139318.4514806,0.010018000000854954,0.006653999997070059,0.010018000000854954,TELEOP,0,,0.0,1.3004243999894243,253,-0.0008881375495846278,0.009382162152269637,0.0,0.00805195980500854,0.008320075221804456,0.01630610828555393,0.9998000065634036,-0.0005009204363785863,0.006538046127352475,0.0,0.005630046834920167,0.005781662267646852,0.01137433539856437,0.9999027449948823,-0.016150268403871158,-0.2230672443241231,0.2797252743450499,-0.1277324970239021,0.0036078980821234417,0.0052604042246255,0.9917881429130222,-0.01613616796687944,-0.2231724469579139,0.27975346355542546,-0.1278599926872698,0.0034407413890037535,0.005019074198267979,0.9917735590662305,-0.01613616590043472,-0.22317244802251035,0.2797534637376021,-0.12785999271689713,0.0034407413903232965,0.005019074054005665,0.9917735590631364,-0.016059459408070527,-0.22385699546463222,0.2799374198023652,-0.128872754103108,0.0021236829942376644,0.0031145971766796347,0.9916539731705041,-0.016059459408070527,-0.22385699546463222,0.2799374198023652,-0.128872754103108,0.0021236829942376644,0.0031145971766796347,0.9916539731705041,-0.00835221169511003,-0.5371983813437557,0.7923598172671628,-0.03862140029836135,0.5119081314258616,-0.03025129433627739,-0.00486727038313975,-0.5320079304925582,0.7897228896509032,-0.023155503103129558,0.5162960741332571,-0.017973004045848638,-0.00486727038313975,-0.5320079304925582,0.7897228896509032,-0.023155503103129558,0.5162960741332571,-0.017973004045848638,-0.03867192129588956,-0.06192883729223585,0.031669793768497274,-0.17730415718633444,-0.05306304873392463,-0.13923874407747236,-0.1390719963497599,-0.15299415561781868,0.07512862392915387,-0.546175742906511,-0.12047462757416783,-0.45263148069308556,0.5,0.0,0.0,0.5,True,False,True,False,1,True,True,0.003504699998302385,4,2.3316834466803445e-09,2.946231913938722e-10,`gtol` termination condition is satisfied.,True,True,0.0,0.010018000000854954,True,0.015465897195231792,0.015283175519197577,False,False,False,False,False,False,1.0,False,False,False,0.0007129718930291247,0.005060302291837596,0.0007129731845118473,0.005060302531651011
1.3104908000095747,1786139318.4615786,0.010066400020150468,0.00668500000028871,0.010066400020150468,TELEOP,0,,0.0,1.3104908000095747,255,-0.0009484607873289808,0.009692600315075274,0.0,0.008313700733555309,0.008599850842350912,0.016843229380446557,0.9997865925134423,-0.0005432133078241995,0.006836191402303803,0.0,0.005883818700312326,0.006048155758367432,0.011891485138402443,0.9998936908844998,-0.016162955914687648,-0.22298084846157296,0.27970212443621467,-0.12760639154026923,0.003773768258081803,0.005499393016852459,0.9918024622815029,-0.016148059682385356,-0.22308739248393328,0.2797306730750068,-0.12773521454995257,0.003604607687448322,0.005255415692424188,0.9917878313294618,-0.016148057571758825,-0.22308739356102336,0.2797306732560225,-0.12773521458009648,0.003604607688809435,0.005255415545186094,0.9917878313263547,-0.016066859977959987,-0.2237730999257753,0.2799148006600869,-0.1287476069087707,0.0022851548735864924,0.0033484193347121955,0.9916691080549134,-0.016066859977959987,-0.2237730999257753,0.2799148006600869,-0.1287476069087707,0.0022851548735864924,0.0033484193347121955,0.9916691080549134,-0.008814716772491953,-0.5378417506381714,0.7926843665120475,-0.04061693055686637,0.5113721152738869,-0.031851442413936885,-0.005270074090061,-0.5326452564396181,0.7900484653799523,-0.024992204537070305,0.5157511708695505,-0.01941800941155423,-0.005270074090061,-0.5326452564396181,0.7900484653799523,-0.024992204537070305,0.5157511708695505,-0.01941800941155423,-0.040014673181567983,-0.0633122015600543,0.032342816537926894,-0.18245861780419223,-0.05413089710480427,-0.14354738166703565,-0.13338948213766216,-0.13742393159911093,0.06685833744758735,-0.5120460748171962,-0.10608046260252596,-0.428021694045384,0.5,0.0,0.0,0.5,True,False,True,False,1,True,True,0.0036940999852959067,4,2.3764751392086383e-09,3.006607225388033e-10,`gtol` termination condition is satisfied.,True,True,0.0,0.010066400020150468,True,0.015624726019796063,0.015465897195231792,False,False,False,False,False,False,1.0,False,False,False,0.0007146251946492749,0.005066212451839332,0.0007146265146100498,0.0050662126964980455
1.3208490000106394,1786139318.472013,0.010358200001064688,0.006761800003005192,0.010358200001064688,TELEOP,0,,0.0,1.3208490000106394,257,-0.0010125810402017378,0.010011632417203393,0.0,0.00858237146067155,0.008887666906532391,0.017395054018132093,0.9997723562755554,-0.0005887299974053672,0.0071441671565781765,0.0,0.0061456809246539686,0.006323696019978022,0.012425540364402436,0.9998839169730014,-0.016176610559384207,-0.2228916039431886,0.2796782112244025,-0.12747625076207642,0.003945228048289189,0.005746174158079836,0.9918171314057024,-0.016160891777060114,-0.22299939598942387,0.2797070942744749,-0.1276062723117536,0.0037742171600950347,0.005499785363902903,0.9918024737378296,-0.01616088957002851,-0.22299939710339173,0.2797070944558405,-0.12760627234327096,0.0037742171615313567,0.005499785210056521,0.9918024737346222,-0.016075077186205843,-0.22368498241227716,0.27989102091454504,-0.12861620816391728,0.0024548178477380106,0.003593691298286064,0.9916848946362564,-0.016075077186205843,-0.22368498241227716,0.27989102091454504,-0.12861620816391728,0.0024548178477380106,0.003593691298286064,0.9916848946362564,-0.009299822831055368,-0.5385070285538095,0.7930194760358548,-0.04269798670581156,0.5108196771875528,-0.03352357301089929,-0.005698444657744897,-0.5333144147109035,0.7903899093290304,-0.026934269538147548,0.515180396425504,-0.02094885441320411,-0.005698444657744897,-0.5333144147109035,0.7903899093290304,-0.026934269538147548,0.515180396425504,-0.02094885441320411,-0.04135569574249058,-0.06460179096913507,0.03296363741219638,-0.1874905872523821,-0.05510363229015257,-0.1477906394443557,-0.12946482601077017,-0.12449937334172226,0.05993520826067002,-0.4857957413134186,-0.09390967400207699,-0.40965204155971946,0.5,0.0,0.0,0.5,True,False,True,False,1,True,True,0.0036078999983146787,4,2.4788719996154396e-09,3.141617583374558e-10,`gtol` termination condition is satisfied.,True,True,0.0,0.010358200001064688,True,0.015763717167664015,0.015624726019796063,False,False,False,False,False,False,1.0,False,False,False,0.0007149964497733187,0.005062729373604376,0.0007149978294594777,0.005062729629244012
1.3305930999922566,1786139318.4819224,0.009744099981617182,0.006925900001078844,0.009744099981617182,TELEOP,0,,0.0,1.3305930999922566,259,-0.0010747939749720548,0.01031136341172055,0.0,0.008834495723950975,0.009158342840512734,0.01791334042733092,0.9997585651928439,-0.0006333277306929242,0.007434803452382298,0.0,0.006392551392659683,0.00658395559496757,0.012929396253472374,0.9998743008638319,-0.016189989537583785,-0.22280738401229452,0.2796556443578651,-0.12735354660416892,0.00410714233260133,0.005978982606150297,0.9918308612440908,-0.016173493211362737,-0.22291624091935777,0.2796848127403511,-0.1274845573182814,0.003934565635975067,0.005730583618044673,0.9918161963035363,-0.016173491104055197,-0.22291624197717264,0.2796848129157523,-0.1274845573479269,0.003934565637362242,0.005730583471254093,0.9918161963005683,-0.016083339181620294,-0.22360078456949348,0.2798682723280788,-0.12849066139237952,0.002617006651455986,0.003827728958720478,0.991699878845487,-0.016083339181620294,-0.22360078456949348,0.2798682723280788,-0.12849066139237952,0.002617006651455986,0.003827728958720478,0.991699878845487,-0.009764229077663694,-0.5391353808304045,0.7933355212460846,-0.044679687180987734,0.5102996244624937,-0.03511896737936502,-0.006112654076355674,-0.5339535860033854,0.7907156873836142,-0.028801937502867782,0.5146364516046087,-0.022423758152996038,-0.006112654076355674,-0.5339535860033854,0.7907156873836142,-0.028801937502867782,0.5146364516046087,-0.022423758152996038,-0.04250874061146819,-0.06559572394451649,0.03343336533885918,-0.19167167498729487,-0.055822992572059596,-0.15136377321398803,-0.11833261883117978,-0.10200356905784337,0.048206394387267926,-0.4290891660390029,-0.07382521559345048,-0.36669715790819607,0.5,0.0,0.0,0.5,True,False,True,False,1,True,True,0.003694400016684085,4,2.364420210832897e-09,2.995801159098625e-10,`gtol` termination condition is satisfied.,True,True,0.0,0.009744099981617182,True,0.015877749678119953,0.015763717167664015,False,False,False,False,False,False,1.0,False,False,False,0.0007144111461835071,0.005052759828301905,0.0007144124707402106,0.005052760071864217
1.3401178999920376,1786139318.4918222,0.009524799999780953,0.007300900004338473,0.009524799999780953,TELEOP,0,,0.0,1.3401178999920376,261,-0.0011373792167447716,0.010603975207052979,0.0,0.009080358223188978,0.009422844012686702,0.018419172798804544,0.9997447130036042,-0.000678628597101639,0.007719664554303353,0.0,0.006634276501989434,0.006839267757338716,0.013423113355725647,0.9998645062305583,-0.016203579462511306,-0.22272483760250691,0.27963352591304425,-0.1272333866393664,0.004265943248616774,0.0062070891510179966,0.9918442111021006,-0.016186320153557292,-0.2228346382208704,0.2796629471657417,-0.12736524118995968,0.004091991869908214,0.005956955194907567,0.9918295547239788,-0.016186318064670215,-0.22283463926177327,0.27966294733795866,-0.12736524121909767,0.004091991871296658,0.005956955049501321,0.9918295547211046,-0.016091926878051263,-0.22351742402454,0.2798457283378185,-0.12836639076788392,0.002777649676296044,0.0040591508201197795,0.9917146150370691,-0.016091926878051263,-0.22351742402454,0.2798457283378185,-0.12836639076788392,0.002777649676296044,0.0040591508201197795,0.9917146150370691,-0.010225769979664357,-0.5397516888538976,0.7936450693633254,-0.046639021385327085,0.5097912111017996,-0.03669931276993757,-0.006527640037039369,-0.5345861748678565,0.791037744127291,-0.030663057567291447,0.5140993706468221,-0.02389617790234655,-0.006527640037039369,-0.5345861748678565,0.791037744127291,-0.030663057567291447,0.5140993706468221,-0.02389617790234655,-0.04356899469734155,-0.06641492361893828,0.03381244159291102,-0.19539728545129192,-0.05638763625472284,-0.1545879965337197,-0.11131510224862938,-0.08600702108607326,0.039798867594128054,-0.3911484192930803,-0.059281421413177014,-0.3385082437222641,0.5,0.0,0.0,0.5,True,False,True,False,1,True,True,0.003822899976512417,4,2.340210818642447e-09,2.9666267806982727e-10,`gtol` termination condition is satisfied.,True,True,0.0,0.009524799999780953,True,0.01597596381803564,0.015877749678119953,False,False,False,False,False,False,1.0,False,False,False,0.0007131014109420361,0.005037726154998451,0.0007131027282371498,0.005037726396083315
1.3501566000049934,1786139318.501985,0.010038700012955815,0.00741979997837916,0.010038700012955815,TELEOP,0,,0.0,1.3501566000049934,263,-0.0012052353460463184,0.010911963268141653,0.0,0.009338848415126035,0.009701515396546286,0.018951432085787666,0.9997297183395059,-0.0007282694500587684,0.008020626733789069,0.0,0.006889396650437087,0.007109260975567048,0.013944595056655655,0.9998537607524814,-0.016218471364468565,-0.22263762545690502,0.2796101572756366,-0.12710655378545518,0.004433836059677678,0.006448004214060824,0.9918581997061054,-0.01620040658992487,-0.22274832085724583,0.27963981828795637,-0.12723917173274102,0.004258596360462877,0.006196277598378915,0.991843568148591,-0.016200404357245075,-0.2227483219565514,0.2796398184616149,-0.12723917176401853,0.004258596361957843,0.0061962774430776215,0.9918435681455423,-0.01610156455100334,-0.22342848416987057,0.2798216606553853,-0.12823388414024212,0.002949109029356514,0.0043057936349778485,0.9917302223162371,-0.01610156455100334,-0.22342848416987057,0.2798216606553853,-0.12823388414024212,0.002949109029356514,0.0043057936349778485,0.9917302223162371,-0.01072049296146043,-0.5404032551047653,0.7939718535062272,-0.048727871867871336,0.5092555723421455,-0.03838738061841543,-0.006976153896925995,-0.5352608286433206,0.7913807847543084,-0.032662903230120506,0.5135280719544619,-0.025481487860056197,-0.006976153896925995,-0.5352608286433206,0.7913807847543084,-0.032662903230120506,0.5135280719544619,-0.025481487860056197,-0.044678480212356174,-0.06720529297551785,0.03417181772287899,-0.19921360935659857,-0.05690962889844876,-0.15791984576326296,-0.11052083572402138,-0.07873224178026293,0.03579907054739881,-0.38016116632445873,-0.051998031921687574,-0.33190046771426585,0.5,0.0,0.0,0.5,True,False,True,False,1,True,True,0.0036592999822460115,4,2.4946921798017897e-09,3.1691199716231086e-10,`gtol` termination condition is satisfied.,True,True,0.0,0.010038700012955815,True,0.01606496863775083,0.01597596381803564,False,False,False,False,False,False,1.0,False,False,False,0.000710954659004618,0.005016368961473623,0.0007109560655138822,0.005016369219106135
1.3602364000107627,1786139318.511746,0.010079800005769357,0.007103600015398115,0.010079800005769357,TELEOP,0,,0.0,1.3602364000107627,265,-0.001275322495527853,0.011220775467194154,0.0,0.009597729346720308,0.009981211322890496,0.019484956951229065,0.9997142569077044,-0.000780028885369624,0.00832344764995109,0.0,0.007145820178063127,0.007381175347515964,0.014469153336876848,0.9998425371558194,-0.016233998838946072,-0.22254987468897391,0.27958664431238966,-0.12697905808535462,0.004602883514779053,0.006690321175127559,0.9918721550047059,-0.016215124402819782,-0.2226613753963303,0.27961652110940854,-0.12711232506644804,0.0044265002632893815,0.006437215563226063,0.9918575629430939,-0.01621512212983685,-0.22266137650518264,0.27961652128122827,-0.12711232509815945,0.0044265002648249075,0.006437215405237525,0.9918575629400483,-0.016111841378801364,-0.22333825866817533,0.27979722833728554,-0.12809953649158995,0.0031231198002024834,0.004555718857594588,0.9917459353579646,-0.016111841378801364,-0.22333825866817533,0.27979722833728554,-0.12809953649158995,0.0031231198002024834,0.004555718857594588,0.9917459353579646,-0.011225507140489924,-0.5410591963265853,0.794300337237034,-0.05084878124985045,0.5087182982464794,-0.04010469449684862,-0.007437221104694327,-0.5359449430768656,0.791728179598697,-0.03470663693264977,0.5129503542527523,-0.02710487425973918,-0.007437221104694327,-0.5359449430768656,0.791728179598697,-0.03470663693264977,0.5129503542527523,-0.02710487425973918,-0.04574170196873271,-0.0678698419763672,0.034464458043785735,-0.20275538218610428,-0.05731440121619224,-0.16105343347624046,-0.10548044165241176,-0.06592878831613527,0.029032353889883473,-0.3513733236253213,-0.04015678064165978,-0.3108779649580291,0.5,0.0,0.0,0.5,True,False,True,False,1,True,True,0.004098400007933378,4,2.5348623116013905e-09,3.2235150621049193e-10,`gtol` termination condition is satisfied.,True,True,0.0,0.010079800005769357,True,0.01614214431720068,0.01606496863775083,False,False,False,False,False,False,1.0,False,False,False,0.0007081605864639788,0.004990342744495133,0.0007081620216878471,0.0049903430065209855
1.370188800006872,1786139318.5225043,0.009952399996109307,0.00791169999865815,0.009952399996109307,TELEOP,0,,0.0,1.370188800006872,267,-0.0013464413082933337,0.011525243018377308,0.0,0.009852672795017942,0.01025724527885031,0.020010819782164548,0.9996985950023786,-0.0008330060659918621,0.008622953521992797,0.0,0.007399169099044396,0.007650361813349052,0.014987827443079974,0.9998310303692846,-0.016249891640915462,-0.22246308454535968,0.27956338874892933,-0.12685307638464,0.004770195879697721,0.006929900985838598,0.9918858395578336,-0.016230217035391507,-0.22257529634260165,0.2795934560850263,-0.12698687807505207,0.004592819265761677,0.006675632772524806,0.9918712994814551,-0.016230214761086426,-0.22257529744306745,0.2795934562538996,-0.12698687810656756,0.00459281926731216,0.006675632614558683,0.9918712994784762,-0.01612257509497802,-0.22324845292565254,0.27977289388362636,-0.12796588941605394,0.0032963959721717573,0.004804208123367787,0.9917614554437273,-0.01612257509497802,-0.22324845292565254,0.27977289388362636,-0.12796588941605394,0.0032963959721717573,0.004804208123367787,0.9917614554437273,-0.01173211190081225,-0.5417082328711471,0.7946248723120636,-0.05296529253058089,0.508188656726408,-0.041821729645768524,-0.007902297046660447,-0.5366255754723499,0.7920733432152967,-0.03675608439910071,0.5123772060826155,-0.028736104576379817,-0.007902297046660447,-0.5366255754723499,0.7920733432152967,-0.03675608439910071,0.5123772060826155,-0.028736104576379817,-0.04673002915356427,-0.0683887701208143,0.03468144535334334,-0.20592494948476067,-0.05758894039234523,-0.16390321101225197,-0.0993054122842665,-0.052141005651899774,0.02180251091620433,-0.3184726598504339,-0.027585223288886886,-0.28634073561407924,0.5,0.0,0.0,0.5,True,False,True,False,1,True,True,0.003488999995170161,4,2.532194063578772e-09,3.222284833257997e-10,`gtol` termination condition is satisfied.,True,True,0.0,0.009952399996109307,True,0.016209208131480177,0.01614214431720068,False,False,False,False,False,False,1.0,False,False,False,0.000704927275976934,0.004961239763575701,0.0007049287171105871,0.004961240025440223
1.3802203999948688,1786139318.5330932,0.010031599987996742,0.00846889999229461,0.010031599987996742,TELEOP,0,,0.0,1.3802203999948688,268,-0.0014200513557095118,0.011831677383959509,0.0,0.01010896677801192,0.010535335797376793,0.020539922911566415,0.999682413097832,-0.0008883088955393169,0.00892527132658044,0.0,0.007654623236031143,0.007922329467210224,0.015511226234157963,0.9998190062704551,-0.016266482134255595,-0.2223754795644052,0.2795399148473343,-0.1267260329379147,0.004939196967523521,0.007171643823399,0.9918995334377393,-0.016246000838059636,-0.22248832929451354,0.2795701531200046,-0.12686027407836556,0.004760946821237383,0.006916390554869524,0.99188505775005,-0.01624599851572867,-0.22248833040782168,0.27957015328707496,-0.12686027411043793,0.004760946822833793,0.0069163903936850755,0.9918850577470643,-0.016133995969413638,-0.2231573362355539,0.27974819271091017,-0.12783039254038847,0.0034722753467115344,0.005056074457923202,0.9917770768463863,-0.016133995969413638,-0.2231573362355539,0.27974819271091017,-0.12783039254038847,0.0034722753467115344,0.005056074457923202,0.9917770768463863,-0.012250751436676564,-0.5423635839023316,0.7949520680638662,-0.05512082381468675,0.5076559110626283,-0.043573755365952094,-0.008380666407759594,-0.537315821075623,0.79242289217807,-0.03885157099224131,0.5117977015166053,-0.030407445957612838,-0.008380666407759594,-0.537315821075623,0.79242289217807,-0.03885157099224131,0.5117977015166053,-0.030407445957612838,-0.04768624762465981,-0.0688071298794837,0.034844786792895134,-0.20888857167829064,-0.05776791007452413,-0.16660765812361483,-0.09532063402046481,-0.04170419067446706,0.016282690672200003,-0.2954286651258096,-0.01784059196868349,-0.2695927982175186,0.5,0.0,0.0,0.5,True,False,True,False,1,True,True,0.003634000022429973,4,2.5808116236613393e-09,3.287584173631317e-10,`gtol` termination condition is satisfied.,True,True,0.0,0.010031599987996742,True,0.016269252822445436,0.016209208131480177,False,False,False,False,False,False,1.0,False,False,False,0.0007012926666950764,0.004929195582227422,0.0007012941420619478,0.004929195849397578
1.3904583000112325,1786139318.5422096,0.01023790001636371,0.007349199993768707,0.01023790001636371,TELEOP,0,,0.0,1.3904583000112325,271,-0.0014971651107116236,0.012143928841294751,0.0,0.01036981989190885,0.010818987188667197,0.02107890800031038,0.9996654920467822,-0.0009467328613822659,0.009234163235825616,0.0,0.007915346289582908,0.008200476576793108,0.016045854901983746,0.9998062962481753,-0.016284008960753257,-0.2222859695521388,0.2795159304882358,-0.12659635362596394,0.005111996323239856,0.0074185532471901005,0.991913401366228,-0.016262704921689287,-0.22239939477682769,0.27954632296709264,-0.12673094789338746,0.004932977610983808,0.0071624739309238405,0.9918990026938841,-0.01626270252097227,-0.22239939591620375,0.2795463231328865,-0.12673094792649278,0.004932977612647158,0.007162473764422384,0.9918990026908484,-0.01614628671655413,-0.22306383840758107,0.2797228385112561,-0.12769148398828067,0.003652826128362082,0.005314289147736277,0.9917929724035157,-0.01614628671655413,-0.22306383840758107,0.2797228385112561,-0.12769148398828067,0.003652826128362082,0.005314289147736277,0.9917929724035157,-0.012788298975192586,-0.5430333563912773,0.7952859467641917,-0.05734322439649886,0.507113624270714,-0.045383610828735176,-0.00887858079386998,-0.5380237493781118,0.7927808656416275,-0.04101931216025526,0.5112052534835284,-0.03214014092870619,-0.00887858079386998,-0.5380237493781118,0.7927808656416275,-0.04101931216025526,0.5112052534835284,-0.03214014092870619,-0.048634425547675615,-0.06914780388138494,0.03496551665725946,-0.2117368957060674,-0.057868120623364376,-0.16924320107872778,-0.09261449335315744,-0.033275769577425715,0.01179244417032375,-0.2782136984366086,-0.009788193738957847,-0.25743003456767977,0.5,0.0,0.0,0.5,True,False,True,False,1,True,True,0.003850799985229969,4,2.6625378171279123e-09,3.3959196628917973e-10,`gtol` termination condition is satisfied.,True,True,0.0,0.01023790001636371,True,0.016323912236243597,0.016269252822445436,False,False,False,False,False,False,1.0,False,False,False,0.0006972762312505562,0.00489426159348229,0.0006972777597679103,0.004894261869493009
1.400495600013528,1786139318.5518525,0.010037300002295524,0.006954299984499812,0.010037300002295524,TELEOP,0,,0.0,1.400495600013528,273,-0.001574716326808462,0.012449574336937342,0.0,0.010624854846988278,0.011096912878911732,0.021606331540304124,0.9996485069370177,-0.0010059228501542125,0.009537267503762381,0.0,0.00817090744123216,0.00847366825414894,0.016570319288561966,0.9997934075280656,-0.016301765600935852,-0.222198136667902,0.2794923955172952,-0.12646922648011913,0.005281676980974011,0.0076607490838732535,0.9919268882156905,-0.016279655258976282,-0.2223120590495993,0.27952292121165145,-0.1266040820624582,0.005102014332514008,0.007404019536374739,0.9919125749528424,-0.01627965287585594,-0.2223120601719381,0.2795229213738639,-0.1266040820950681,0.005102014334179743,0.007404019371213146,0.9919125749499045,-0.01615894371630437,-0.22297184478154441,0.27969788348610247,-0.12755492518549236,0.0038305516216687414,0.00556811761586083,0.9918084815131464,-0.01615894371630437,-0.22297184478154441,0.27969788348610247,-0.12755492518549236,0.0038305516216687414,0.00556811761586083,0.9918084815131464,-0.013323184219838179,-0.5436906853056138,0.7956131112657947,-0.05954342726116933,0.5065835971930539,-0.047178771078078365,-0.009375457688600859,-0.5387199335275052,0.7931323760519052,-0.04316953219805362,0.510624536477611,-0.03386248537940931,-0.009375457688600859,-0.5387199335275052,0.7931323760519052,-0.04316953219805362,0.510624536477611,-0.03386248537940931,-0.04950304311092049,-0.06935970323037495,0.03502041487226269,-0.21422295211925532,-0.05785589807863473,-0.1715943979266549,-0.08653896596158578,-0.021111190154876266,0.005469420560377629,-0.24768178819198072,0.0012177124054129317,-0.23424594735530455,0.5,0.0,0.0,0.5,True,False,True,False,1,True,True,0.003476399986539036,4,2.639170295563011e-09,3.367679440326011e-10,`gtol` termination condition is satisfied.,True,True,0.0,0.010037300002295524,True,0.016373895063115713,0.016323912236243597,False,False,False,False,False,False,1.0,False,False,False,0.0006931797551804066,0.004858844971260986,0.0006931812793877612,0.004858845244919102
1.4104962999990676,1786139318.5615122,0.01000069998553954,0.00660940000670962,0.01000069998553954,TELEOP,0,,0.0,1.4104962999990676,275,-0.0016539002775297518,0.012753612885177377,0.0,0.010878254613130368,0.01137364715939959,0.02213082585903961,0.9996311971290524,-0.0010667956294331843,0.009839458370989996,0.0,0.008425422403879319,0.008746291776858076,0.01709305645285666,0.9997801468615837,-0.016320027079344702,-0.22211056846507116,0.2794689314670552,-0.12634260463727223,0.005450964847023293,0.007902128028139097,0.991940214734907,-0.016297113977565707,-0.2222249248212788,0.2794995734470716,-0.1264776427725918,0.005270761405452389,0.0076448971073015464,0.9919259954760306,-0.01629711157437296,-0.2222249259435432,0.27949957360655664,-0.12647764280531015,0.005270761407145732,0.00764489694086848,0.9919259954731325,-0.01617215682603644,-0.22287997805105794,0.27967295847101126,-0.12741869037564535,0.004008108855744381,0.00582139325329221,0.9918238370733719,-0.01617215682603644,-0.22287997805105794,0.27967295847101126,-0.12741869037564535,0.004008108855744381,0.00582139325329221,0.9918238370733719,-0.013863856824281045,-0.5443460902327644,0.7959388130075135,-0.06175634176865356,0.5060573341419492,-0.04898765689410714,-0.00987877635908789,-0.5394147883493522,0.7934826797837613,-0.04533455505128122,0.5100468944686651,-0.0356003903371188,-0.00987877635908789,-0.5394147883493522,0.7934826797837613,-0.04533455505128122,0.5100468944686651,-0.0356003903371188,-0.050328344137390624,-0.06948061864185699,0.035027921281768744,-0.21648713153660268,-0.05776015776706261,-0.1737783315390331,-0.08252432606352293,-0.01209069481705096,0.0007505884105018026,-0.2264020939155488,0.00957336103578274,-0.21837807508835008,0.5,0.0,0.0,0.5,True,False,True,False,1,True,True,0.003510199981974438,4,2.6571127624221247e-09,3.3930353895530667e-10,`gtol` termination condition is satisfied.,True,True,0.0,0.01000069998553954,True,0.016421786717372336,0.016373895063115713,False,False,False,False,False,False,1.0,False,False,False,0.0006890350237203377,0.004823055815867801,0.0006890365665833206,0.004823056091576093
1.4201731999928597,1786139318.5713015,0.009676899993792176,0.006725200015353039,0.009676899993792176,TELEOP,0,,0.0,1.4201731999928597,277,-0.0017323376449364103,0.01304732810875765,0.0,0.011122771403709137,0.011641240449514293,0.022637363153484857,0.9996140831673765,-0.0011274787610058006,0.010131984502626087,0.0,0.008671537473707837,0.009010435925927273,0.017598936953414183,0.9997669197869955,-0.016338231674807316,-0.22202580088626972,0.2794462178477608,-0.12622014734491274,0.0056149499456138955,0.008135705213870859,0.991953001427996,-0.01631454215972397,-0.22214052398066225,0.2794769580973236,-0.12635529441103385,0.005434311069196648,0.007878116676764467,0.9919388807356688,-0.016314539807375524,-0.22214052507200757,0.27947695825272534,-0.12635529444275484,0.005434311070868357,0.007878116513965316,0.991938880732912,-0.016185498245034385,-0.2227910244621254,0.2796488190263586,-0.12728689680644964,0.004180112730062456,0.006066446245436425,0.9918385810145215,-0.016185498245034385,-0.2227910244621254,0.2796488190263586,-0.12728689680644964,0.004180112730062456,0.006066446245436425,0.9918385810145215,-0.014394231307303764,-0.5449805418760676,0.7962536195936196,-0.06391677583773216,0.5055500425817483,-0.050756810882611865,-0.010372956318504519,-0.5400872522173553,0.7938211835945247,-0.04744796277595588,0.5094897689451827,-0.03730037618258191,-0.010372956318504519,-0.5400872522173553,0.7938211835945247,-0.04744796277595588,0.5094897689451827,-0.03730037618258191,-0.05106800315531315,-0.06949166245745013,0.03498060442709506,-0.21839718567210908,-0.05757272719981074,-0.17567463201579728,-0.07643553394134751,-0.0011412555260688698,-0.004889670731746902,-0.19738285367542524,0.01936886475752608,-0.19596156599537734,0.5,0.0,0.0,0.5,True,False,True,False,1,True,True,0.0035929000005126,4,2.59783131293008e-09,3.3178413894603945e-10,`gtol` termination condition is satisfied.,True,True,0.0,0.009676899993792176,True,0.016468813061776277,0.016421786717372336,False,False,False,False,False,False,1.0,False,False,False,0.0006850819709121821,0.004788782048306879,0.0006850834892412494,0.004788782317828342
1.4302035000000615,1786139318.5805779,0.010030300007201731,0.0059711000067181885,0.010030300007201731,TELEOP,0,,0.0,1.4302035000000615,279,-0.0018155228214552233,0.013351260578323582,0.0,0.01137550503966834,0.011918406076281677,0.023161367143166012,0.9995959686562131,-0.0011922889262176314,0.010435262000039008,0.0,0.00892641851058277,0.009284545998622672,0.018123261542082637,0.9997528012710195,-0.01635767436771814,-0.22193791779848304,0.2794226694212928,-0.12609331341355187,0.005785081847517137,0.008377779075882448,0.9919661395219925,-0.016333181558036224,-0.22205296858978885,0.27945349747929726,-0.12622850677327138,0.005604078816110798,0.008119945721866173,0.9919521283105788,-0.01633317909181137,-0.2220529697220906,0.2794534976336883,-0.12622850680657507,0.005604078817874803,0.008119945551308305,0.991952128307727,-0.016199934100655133,-0.22269878604455345,0.27962379346628013,-0.12715042260300663,0.004358539787794165,0.006320408491742766,0.9918537319581414,-0.016199934100655133,-0.22269878604455345,0.27962379346628013,-0.12715042260300663,0.004358539787794165,0.006320408491742766,0.9918537319581414,-0.014951621318717969,-0.5456382838734598,0.7965794819195118,-0.06617612387621052,0.5050264351281604,-0.052610322432173014,-0.010892937120588529,-0.5407841439441333,0.7941714183996894,-0.04965830224840866,0.5089145370491752,-0.039082189170883255,-0.010892937120588529,-0.5407841439441333,0.7941714183996894,-0.04965830224840866,0.5089145370491752,-0.039082189170883255,-0.05184100193520284,-0.06947865231126389,0.03491767992116092,-0.2203662373872928,-0.05734942081438453,-0.17764304029012146,-0.07706636684193714,0.001297084451800344,-0.006273442059456184,-0.1963103510134248,0.0222631810878917,-0.19624620130114373,0.5,0.0,0.0,0.5,True,False,True,False,1,True,True,0.003297599992947653,4,2.71812598696794e-09,3.47622583373422e-10,`gtol` termination condition is satisfied.,True,True,0.0,0.010030300007201731,True,0.01651782162780186,0.016468813061776277,False,False,False,False,False,False,1.0,False,False,False,0.0006810533170213714,0.004753657261977556,0.0006810549118533924,0.004753657544465071
1.4412491999974009,1786139318.5922604,0.011045699997339398,0.0066092999768443406,0.011045699997339398,TELEOP,0,,0.0,1.4412491999974009,281,-0.001909343173677175,0.013685347127963177,0.0,0.011652973726544625,0.01222337932408883,0.023737178250846504,0.9995755817195193,-0.001265966789248514,0.010769252492155709,0.0,0.009206772925480541,0.009586726888079307,0.01870050450116058,0.9997367759221796,-0.016379777333856357,-0.22184113476421083,0.2793967362372572,-0.1259537856385549,0.005972587884585977,0.008644261196931888,0.9919804679657948,-0.016354403625342566,-0.22195648877750865,0.27942764554577404,-0.12608895720913002,0.005791280301279704,0.008386296396273817,0.991966585110174,-0.016354400876623806,-0.22195649002192985,0.2794276457013804,-0.1260889572466043,0.005791280303256309,0.008386296206329235,0.991966585107005,-0.016216602947079484,-0.22259709024466223,0.279596221394227,-0.12700025306847723,0.004555335593021239,0.006600320605916721,0.9918702638984984,-0.016216602947079484,-0.22259709024466223,0.279596221394227,-0.12700025306847723,0.004555335593021239,0.006600320605916721,0.9918702638984984,-0.015574586046531407,-0.5463625549684311,0.7969377150354423,-0.06868777827139654,0.5044526748844775,-0.05467484487408913,-0.01147574430547334,-0.5415519678326994,0.7945565916527113,-0.05211909410910523,0.5082834763186013,-0.04107071187955481,-0.01147574430547334,-0.5415519678326994,0.7945565916527113,-0.05211909410910523,0.5082834763186013,-0.04107071187955481,-0.052763263987360955,-0.06951337522755614,0.034870877636972566,-0.22278278979958752,-0.057131800675912794,-0.1800268619599056,-0.08349512048853912,-0.0031435686557312534,-0.0042371496781214504,-0.21877766125069503,0.019701796945793652,-0.21581444999939914,0.5,0.0,0.0,0.5,True,False,True,False,1,True,True,0.0034733999927993864,4,3.02129976899033e-09,3.8728394364720947e-10,`gtol` termination condition is satisfied.,True,True,0.0,0.011045699997339398,True,0.016568684162291306,0.01651782162780186,False,False,False,False,False,False,1.0,False,False,False,0.000676590480992892,0.004714661640270569,0.0006765922578116983,0.004714661955244738
1.4504701000114437,1786139318.6017287,0.009220900014042854,0.0068567999987863,0.009220900014042854,TELEOP,0,,0.0,1.4504701000114437,283,-0.0019894381263118157,0.013963736912902591,0.0,0.011883912829115174,0.012477756407294762,0.024216848755894176,0.9995582136360265,-0.0013290948135366314,0.01104802936404462,0.0,0.009440541454603841,0.009839171660559747,0.019182192572239246,0.9997230168232597,-0.016398715413302664,-0.22176035141043648,0.2793750901947225,-0.1258374286297449,0.006129198276210523,0.008866614581104203,0.9919923173241892,-0.0163726057804479,-0.22187592053727845,0.27940605714468497,-0.12597253280560572,0.005947700451157674,0.008608632734344363,0.991978546784319,-0.01637260346041841,-0.22187592158926742,0.2794060572901698,-0.12597253283624982,0.00594770045284622,0.008608632574126966,0.9919785467818076,-0.016231007516739875,-0.22251240540983497,0.27957324858563987,-0.12687525940634806,0.004719306715055616,0.006833196307990351,0.9918839166570439,-0.016231007516739875,-0.22251240540983497,0.27957324858563987,-0.12687525940634806,0.004719306715055616,0.006833196307990351,0.9918839166570439,-0.016101119178457596,-0.5469669793314176,0.7972361904637509,-0.07080152618861106,0.5039760779461736,-0.056415279981192695,-0.011967640458326032,-0.5421910033051253,0.7948766702131076,-0.05418477463382536,0.5077601656283232,-0.042743241758689654,-0.011967640458326032,-0.5421910033051253,0.7948766702131076,-0.05418477463382536,0.5077601656283232,-0.042743241758689654,-0.05334578534671935,-0.06930293913312134,0.034712290547433314,-0.22402157290223568,-0.05675266942285357,-0.18138466707020867,-0.06317402406177805,0.022821643669741244,-0.017198656237214956,-0.1343451399279421,0.04111651275708773,-0.14725299138209982,0.5,0.0,0.0,0.5,True,False,True,False,1,True,True,0.0036023000138811767,4,2.551545307200788e-09,3.262994535390517e-10,`gtol` termination condition is satisfied.,True,True,0.0,0.009220900014042854,True,0.016616751554785703,0.016568684162291306,False,False,False,False,False,False,1.0,False,False,False,0.0006731374260813578,0.004684014405669575,0.0006731389449489535,0.004684014670641202
1.4605141000065487,1786139318.6115797,0.010043999995104969,0.0066612999944482,0.010043999995104969,TELEOP,0,,0.0,1.4605141000065487,285,-0.002078516374976508,0.014266443396186913,0.0,0.012134743267520197,0.012754607269031933,0.024738267355225628,0.9995389367741037,-0.0013997739564026639,0.011351601173819382,0.0,0.009694819213747485,0.010114328631650434,0.01970657226049046,0.9997076381855277,-0.016419918799163623,-0.2216723830317477,0.27935151891087423,-0.12571084840179278,0.006299858452115382,0.009108655537854067,0.9920051042065648,-0.016393009404682246,-0.2217881454831142,0.2793825376640159,-0.12584582664997,0.00611822313922951,0.008850754837231566,0.9919914613539855,-0.01639300685085034,-0.2217881466262995,0.2793825378098165,-0.12584582668403355,0.006118223141096448,0.008850754660993384,0.991991461351225,-0.016247300626566822,-0.22242033172484058,0.27954828867943726,-0.12673960637668633,0.00489765117933762,0.007086334724767121,0.9918986183318216,-0.016247300626566822,-0.22242033172484058,0.27954828867943726,-0.12673960637668633,0.00489765117933762,0.007086334724767121,0.9918986183318216,-0.016682136222504626,-0.5476250234576354,0.7975606528983279,-0.07312293500149118,0.5034596462804887,-0.05833003702266639,-0.012510488865408101,-0.5428853447285078,0.7952238545097603,-0.05645086916778026,0.5071939200693436,-0.04458203047450794,-0.012510488865408101,-0.5428853447285078,0.7952238545097603,-0.05645086916778026,0.5071939200693436,-0.04458203047450794,-0.054047033786004756,-0.06912997050188788,0.0345663377958918,-0.2256167398505881,-0.05637649932850538,-0.18307334893612448,-0.06981764631891355,0.017221090334305043,-0.014531337277244767,-0.15881789616983902,0.037452219686531174,-0.1681284216187566,0.5,0.0,0.0,0.5,True,False,True,False,1,True,True,0.003496699995594099,4,2.8018186667045677e-09,3.5906171516773893e-10,`gtol` termination condition is satisfied.,True,True,0.0,0.010043999995104969,True,0.01667206583371092,0.016616751554785703,False,False,False,False,False,False,1.0,False,False,False,0.0006695981282772446,0.004652069659769856,0.0006695997994035076,0.004652069951580916
1.4706835999968462,1786139318.6227155,0.010169499990297481,0.007615799986524507,0.010169499990297481,TELEOP,0,,0.0,1.4706835999968462,287,-0.0021706521059249475,0.014572353276926088,0.0,0.012387930787832884,0.013034657013141646,0.025265044752375978,0.9995190415399829,-0.001473298557859794,0.011658827448545645,0.0,0.009951867834976149,0.010393063544655941,0.020237109523691406,0.9996916544389466,-0.016441975818304273,-0.2215833556681925,0.27932766386892943,-0.12558287302445612,0.006472696616180379,0.00935351892854051,0.9920179221592177,-0.016414258789355027,-0.22169927523037466,0.27935872472175616,-0.12571767417804044,0.0062909883571013086,0.009095794753771695,0.9920044134894523,-0.016414256175564957,-0.22169927638998962,0.27935872486492724,-0.12571767421282948,0.006290988359024767,0.009095794573524583,0.9920044134866839,-0.016264418860200053,-0.22232731253618274,0.2795230857759582,-0.12660278646262074,0.00507790675145469,0.007341992995539796,0.991913325075219,-0.016264418860200053,-0.22232731253618274,0.2795230857759582,-0.12660278646262074,0.00507790675145469,0.007341992995539796,0.991913325075219,-0.01727808409038803,-0.5482908039033713,0.7978884057031045,-0.07549277714420341,0.5029397753160851,-0.06028821587326689,-0.013067292143062922,-0.543586343060135,0.7955737487503874,-0.05876131769581173,0.5066247356083111,-0.046460928752180455,-0.013067292143062922,-0.543586343060135,0.7955737487503874,-0.05876131769581173,0.5066247356083111,-0.046460928752180455,-0.05475227672806492,-0.06893144523289886,0.03440623835596455,-0.22719391614492565,-0.05596975874679394,-0.18475817684892415,-0.06934883157805431,0.019521635201183093,-0.015743098488617963,-0.15508887318376532,0.039996123909681165,-0.1656746068545295,0.5,0.0,0.0,0.5,True,False,True,False,1,True,True,0.004076500015798956,4,2.8630583898050942e-09,3.6720928269369336e-10,`gtol` termination condition is satisfied.,True,True,0.0,0.010169499990297481,True,0.016731459448391682,0.01667206583371092,False,False,False,False,False,False,1.0,False,False,False,0.0006662545542626934,0.004621302903081827,0.0006662562705102536,0.004621303201550949
1.4800342000089586,1786139318.6315114,0.009350600012112409,0.007075200002873316,0.009350600012112409,TELEOP,0,,0.0,1.4800342000089586,289,-0.002257091922582749,0.014853105005731511,0.0,0.012620032778749606,0.013291913143449022,0.02574835868084043,0.9995004161294248,-0.0015425672839947766,0.0119411610320713,0.0,0.010187842534722717,0.010649439408665199,0.020724528336409247,0.9996765933190606,-0.01646275610412195,-0.22150154165303063,0.27930574165560507,-0.12546537556003515,0.006631635578614227,0.009578464889860104,0.9920295932861507,-0.01643429705656219,-0.221617575072795,0.2793368330182239,-0.12559997401317308,0.0064499132003551585,0.009320978680323139,0.9920162118151291,-0.01643429462854526,-0.2216175761465856,0.2793368331559761,-0.1255999740449531,0.006449913202157641,0.009320978512995862,0.992016211812666,-0.016280659112868173,-0.22224209016446644,0.27949999777172174,-0.12647757226452397,0.0052431362789378795,0.007576107116206626,0.9919266786597669,-0.016280659112868173,-0.22224209016446644,0.27949999777172174,-0.12647757226452397,0.0052431362789378795,0.007576107116206626,0.9919266786597669,-0.017832550785611512,-0.5489024468801308,0.7981890402076913,-0.07768831213087919,0.5024645358972926,-0.062105362619853215,-0.013584519512418562,-0.5442281828262392,0.7958935932588103,-0.060895983504669036,0.5061057206878529,-0.048200329105778386,-0.013584519512418562,-0.5442281828262392,0.7958935932588103,-0.060895983504669036,0.5061057206878529,-0.048200329105778386,-0.05531488553522173,-0.06864155939434731,0.03420577374804286,-0.22829185358074827,-0.05550605520351021,-0.1860201860142428,-0.060168203797405714,0.031001843536890457,-0.021438689245825444,-0.11741892866772055,0.049590779488275366,-0.13496558121231655,0.5,0.0,0.0,0.5,True,False,True,False,1,True,True,0.003422599984332919,4,2.6584333946932147e-09,3.4069167129299583e-10,`gtol` termination condition is satisfied.,True,True,0.0,0.009350600012112409,True,0.016792328626210155,0.016731459448391682,False,False,False,False,False,False,1.0,False,False,False,0.00066350909717838,0.004595251408401704,0.0006635107039467666,0.004595251685122399
1.4907047000015154,1786139318.6421354,0.01067049999255687,0.0070281999942380935,0.01067049999255687,TELEOP,0,,0.0,1.4907047000015154,291,-0.0023577464330063417,0.015172859818052751,0.0,0.012884072017993005,0.013585185152794057,0.026298651547335593,0.9994787763426451,-0.0016237661874295409,0.01226310572407218,0.0,0.010456605023293784,0.010942076150340405,0.021280161050779813,0.9996589844174663,-0.016487115396547097,-0.22140824921435562,0.27928074377659495,-0.12533153575107706,0.006813009159101165,0.009834870135629116,0.9920427734638713,-0.01645781339808094,-0.22152437679399312,0.27931186037118405,-0.125465857100943,0.006631333247141882,0.00957774335564306,0.992029541371377,-0.01645781059851198,-0.22152437801335675,0.2793118605094351,-0.1254658571381809,0.006631333249226784,0.009577743162854178,0.9920295413685147,-0.016299891525889537,-0.2221450471157116,0.27947374046320694,-0.12633533971986313,0.005431353198379393,0.007842726925616604,0.9919417190413313,-0.016299891525889537,-0.2221450471157116,0.27947374046320694,-0.12633533971986313,0.005431353198379393,0.007842726925616604,0.9919417190413313,-0.01847355840717965,-0.5495996447533513,0.7985311850807975,-0.0802141634611907,0.5019257305156394,-0.06419962178498749,-0.01418300911370135,-0.5449584901587363,0.7962568270134968,-0.06335073777042692,0.5055180776641296,-0.050205141610757016,-0.01418300911370135,-0.5449584901587363,0.7962568270134968,-0.06335073777042692,0.5055180776641296,-0.050205141610757016,-0.056088243446910636,-0.06844171622758974,0.03404093106600707,-0.2300505381631769,-0.055071742105169345,-0.1878836517854902,-0.07247625811614812,0.018728566318070884,-0.01544844966503648,-0.16481744844715657,0.04070222563552009,-0.17463715594838725,0.5,0.0,0.0,0.5,True,False,True,False,1,True,True,0.003506700013531372,4,3.0567216752069584e-09,3.9276840635144754e-10,`gtol` termination condition is satisfied.,True,True,0.0,0.01067049999255687,True,0.01686342569076378,0.016792328626210155,False,False,False,False,False,False,1.0,False,False,False,0.0006605858669007947,0.004566814404964703,0.0006605877157288755,0.004566814724329025
1.5005248000088613,1786139318.6520696,0.0098201000073459,0.007142199989175424,0.0098201000073459,TELEOP,0,,0.0,1.5005248000088613,293,-0.0024522715577991795,0.01546652902194695,0.0,0.013126282420193388,0.013854791495299173,0.02680389650499236,0.9994585016870869,-0.0017003232708879636,0.012559150767291817,0.0,0.010703474075574582,0.011211418380838296,0.021790948422084094,0.99964238320885,-0.01651008217343719,-0.22132246191820026,0.27925775691305366,-0.12520858302582227,0.006979906921923918,0.010070562674689393,0.9920547743967781,-0.016480005710124913,-0.22143864763926596,0.27928888908828514,-0.12534261208503703,0.006798324083711066,0.009813837817480337,0.9920416830822408,-0.01648000310679045,-0.2214386487690453,0.2792888892211356,-0.1253426121191237,0.006798324085666587,0.00981383763832609,0.9920416830796929,-0.016318153160063704,-0.22205606302781986,0.27944967027791096,-0.12620508848993592,0.005604032411383768,0.00808711151412361,0.9919553765605275,-0.016318153160063704,-0.22205606302781986,0.27944967027791096,-0.12620508848993592,0.005604032411383768,0.00808711151412361,0.9919553765605275,-0.019070581208359028,-0.5502404850673014,0.7988451585505633,-0.08255648993359632,0.5014331995794524,-0.0661450106042197,-0.014739836145420728,-0.5456276813988892,0.7965890790581881,-0.06562193711010035,0.5049821023449966,-0.05206387721908177,-0.014739836145420728,-0.5456276813988892,0.7965890790581881,-0.06562193711010035,0.5049821023449966,-0.05206387721908177,-0.05670278625501211,-0.06814505347728587,0.033833875871202665,-0.23128067310663503,-0.05457941555911049,-0.18927868422259744,-0.06258009670387912,0.030209748381579762,-0.021084835658447508,-0.12526704845550773,0.050134575583809286,-0.1420588829099175,0.5,0.0,0.0,0.5,True,False,True,False,1,True,True,0.0036589999799616635,4,2.8410210988924065e-09,3.647928723122624e-10,`gtol` termination condition is satisfied.,True,True,0.0,0.0098201000073459,True,0.01693455282349597,0.01686342569076378,False,False,False,False,False,False,1.0,False,False,False,0.0006582144942276811,0.004542788674311783,0.0006582162265714538,0.004542788970723546
1.5100453000050038,1786139318.6610038,0.009520499996142462,0.0065559000067878515,0.009520499996142462,TELEOP,0,,0.0,1.5100453000050038,295,-0.002545641040136343,0.015750676674619653,0.0,0.013360376509181107,0.014115892682566748,0.027292618471141648,0.999438519815149,-0.001776264982066894,0.0128459064304578,0.0,0.010942340647651044,0.011472541775831133,0.022285570728347904,0.9996259296875328,-0.016532864349567692,-0.2212393664768678,0.2792354913358676,-0.1250896016807238,0.007141676083390103,0.010298779092111968,0.9920662897020994,-0.016502038145693346,-0.22135558365167896,0.27926663194069223,-0.12522331456907515,0.006960227978292892,0.010042506603067602,0.9920533376668575,-0.016502035597226433,-0.22135558475123507,0.27926663206987157,-0.12522331460217392,0.006960227980220329,0.010042506427803997,0.9920533376644403,-0.016336373536970594,-0.2219701452951632,0.27942644109575826,-0.1260795129327759,0.005770842561740166,0.008323023964178857,0.991968437535617,-0.016336373536970594,-0.2219701452951632,0.27942644109575826,-0.1260795129327759,0.005770842561740166,0.008323023964178857,0.991968437535617,-0.019656005724513266,-0.5508609470192669,0.7991486790126887,-0.08484371425390387,0.5009588935501474,-0.0680476911731547,-0.015285056011840955,-0.5462733641617389,0.7969091110281177,-0.06783403216471749,0.5044673387983682,-0.05387782293689743,-0.015285056011840955,-0.5462733641617389,0.7969091110281177,-0.06783403216471749,0.5044673387983682,-0.05387782293689743,-0.05726798662267108,-0.0678202576662247,0.033615038081960126,-0.23235072270505208,-0.05406896138196119,-0.1905305097999734,-0.059366668545557645,0.03411541528205216,-0.022985955499312503,-0.11239426488636219,0.05361632029369572,-0.13148737754142859,0.5,0.0,0.0,0.5,True,False,True,False,1,True,True,0.0035245000035502017,4,2.778559798385426e-09,3.5677678865017835e-10,`gtol` termination condition is satisfied.,True,True,0.0,0.009520499996142462,True,0.01700968208918638,0.01693455282349597,False,False,False,False,False,False,1.0,False,False,False,0.0006562526229405202,0.004521744533663994,0.0006562543274282038,0.004521744823476776
1.5204124000156298,1786139318.6719503,0.010367100010626018,0.007133300008717924,0.010367100010626018,TELEOP,0,,0.0,1.5204124000156298,297,-0.0026492444624698908,0.016059450489511202,0.0,0.013614465025092797,0.0143998857607787,0.02782353817789009,0.9994163998831621,-0.0018609890329183522,0.013157823690693305,0.0,0.011201864494634057,0.011756852183859676,0.022823432100047267,0.9996076158202004,-0.016558281198010037,-0.221148979759793,0.27921127204657176,-0.12496031479138314,0.007317767617109205,0.010546925556820907,0.9920786926275755,-0.016526641750762277,-0.22126520447856715,0.2792424146744612,-0.12509364868671585,0.007136514537159136,0.010291212694461586,0.9920658950693664,-0.01652663894846861,-0.22126520567284827,0.2792424148018673,-0.12509364872345127,0.007136514539286883,0.010291212501879258,0.9920658950667166,-0.016356857449552106,-0.2218768789553809,0.2794012544950225,-0.12594350938485951,0.005951998225479897,0.008579151666163735,0.9919824616986123,-0.016356857449552106,-0.2218768789553809,0.2794012544950225,-0.12594350938485951,0.005951998225479897,0.008579151666163735,0.9919824616986123,-0.020301220054168102,-0.5515355205026246,0.7994781484529953,-0.08735308343287895,0.5004462015732127,-0.07013869871288868,-0.01588605940152273,-0.5469737184602729,0.7972555835191497,-0.07025846974488964,0.5039119119906253,-0.05587017461455196,-0.01588605940152273,-0.5469737184602729,0.7972555835191497,-0.07025846974488964,0.5039119119906253,-0.05587017461455196,-0.05797218017244572,-0.06755546853180867,0.0334203866729308,-0.2338588011774905,-0.053575909094498844,-0.19218023127127284,-0.0679257988302282,0.02554129256442262,-0.01877587838738067,-0.14546772683707715,0.047559325843965924,-0.15913046749896423,0.5,0.0,0.0,0.5,True,False,True,False,1,True,True,0.0035407000104896724,4,3.0488341217517657e-09,3.9216828502358934e-10,`gtol` termination condition is satisfied.,True,True,0.0,0.010367100010626018,True,0.017094613687989313,0.01700968208918638,False,False,False,False,False,False,1.0,False,False,False,0.000654369933646281,0.004500425584381193,0.0006543718080103721,0.004500425903136547
1.5304207000008319,1786139318.6813414,0.01000829998520203,0.006517400004668161,0.01000829998520203,TELEOP,0,,0.0,1.5304207000008319,299,-0.002751168266389964,0.016356891508138256,0.0,0.013858938251300343,0.014673714377470205,0.028334815590422932,0.9993946918822272,-0.001944673491110466,0.013458599626648226,0.0,0.011451836001396338,0.012031262942229578,0.02334192982248819,0.9995895450015342,-0.016583386181756716,-0.22106182154990384,0.27918791784058394,-0.1248357707914335,0.007487688464705009,0.01078611980615287,0.9920905323970648,-0.016550963615020363,-0.2211780302502478,0.2792190561779034,-0.12496870809857002,0.0073066662496208325,0.010531006399010024,0.9920778863217924,-0.016550960882822024,-0.2211780314078441,0.27921905630129407,-0.1249687081340882,0.007306666251709775,0.010531006211372726,0.9920778863192946,-0.0163772161795676,-0.2217871728724394,0.27937704417595427,-0.12581291311652093,0.006126331796932142,0.008825468468125316,0.991995811512411,-0.0163772161795676,-0.2217871728724394,0.27937704417595427,-0.12581291311652093,0.006126331796932142,0.008825468468125316,0.991995811512411,-0.02093135326415002,-0.5521856512915784,0.7997951625362055,-0.08979330977606978,0.4999550475079963,-0.07217545775534843,-0.01647264043727615,-0.5476468209746519,0.7975879667349859,-0.07261192859202421,0.503380860641622,-0.057808140934604596,-0.01647264043727615,-0.5476468209746519,0.7975879667349859,-0.07261192859202421,0.503380860641622,-0.057808140934604596,-0.058609457812088095,-0.06725443036022297,0.03321075670469454,-0.23515070997215626,-0.05306109427061293,-0.19363591448278472,-0.06367491387994274,0.030078851756124188,-0.02094561199666384,-0.12908374015326537,0.051438788270446144,-0.1454475998585388,0.5,0.0,0.0,0.5,True,False,True,False,1,True,True,0.0036398000083863735,4,2.969875790602607e-09,3.8199423014146905e-10,`gtol` termination condition is satisfied.,True,True,0.0,0.01000829998520203,True,0.017181381184045566,0.017094613687989313,False,False,False,False,False,False,1.0,False,False,False,0.0006528404968581072,0.004481726830732989,0.0006528423339712365,0.004481727141101552
1.5404460999998264,1786139318.6914155,0.010025399998994544,0.0065670000039972365,0.010025399998994544,TELEOP,0,,0.0,1.5404460999998264,301,-0.002855139405132323,0.01665419224971577,0.0,0.014103011943590782,0.014947667354004877,0.028845698396229427,0.9993726021753983,-0.0020303976285188726,0.013759513873561757,0.0,0.011701639259734145,0.012306055865147568,0.023860513693291955,0.9995710622631946,-0.01660910306910562,-0.22097462325859116,0.2791645528934852,-0.12471129504100029,0.0076578067278872996,0.011025335119240467,0.9921022592811809,-0.016575898116017136,-0.22109079427743017,0.2791956811355843,-0.12484380645532507,0.0074770558427416645,0.010770877559945543,0.9920897670182163,-0.016575895352832153,-0.2210907954392916,0.2791956812555449,-0.12484380649114321,0.007477055844866574,0.010770877370309268,0.9920897670157517,-0.016398193134412566,-0.22169764382493304,0.2793529004960146,-0.12568281231375697,0.006300411320106712,0.009071294172530227,0.9920089954875096,-0.016398193134412566,-0.22169764382493304,0.2793529004960146,-0.12568281231375697,0.006300411320106712,0.009071294172530227,0.9920089954875096,-0.021569782190483475,-0.5528357150075055,0.8001116366277057,-0.09225515585184617,0.49946693796761515,-0.07423360408714093,-0.017066637169931325,-0.5483180667555619,0.7979188261659792,-0.07498246161595214,0.5028540995769303,-0.059764095677410846,-0.017066637169931325,-0.5483180667555619,0.7979188261659792,-0.07498246161595214,0.5028540995769303,-0.059764095677410846,-0.059249180353377076,-0.06695451363311246,0.033002117723636315,-0.2364527125267492,-0.05254264814815558,-0.19509992050216618,-0.0638101762875435,0.029915686869410804,-0.02081103807121407,-0.12987038469522705,0.051713260569089065,-0.14602968654899295,0.5,0.0,0.0,0.5,True,False,True,False,1,True,True,0.0034685000136960298,4,2.9999172990707818e-09,3.8603339483224e-10,`gtol` termination condition is satisfied.,True,True,0.0,0.010025399998994544,True,0.01727269423589403,0.017181381184045566,False,False,False,False,False,False,1.0,False,False,False,0.000651583403073402,0.004464765285480085,0.0006515852677014915,0.004464765599094193
1.5526696000015363,1786139318.7046962,0.012223500001709908,0.0076219000038690865,0.012223500001709908,TELEOP,0,,0.0,1.5526696000015363,303,-0.0029844369764541524,0.017015781897373634,0.0,0.014399481250306632,0.015281201616554045,0.0294668482314824,0.9993452079597815,-0.00213770412036284,0.014125808249590298,0.0,0.012005301872375994,0.01264092970010484,0.024491548153864763,0.9995480197030542,-0.01664129458589849,-0.22086847924942557,0.27913611140365063,-0.12455996027489168,0.007865062017204707,0.011316394556585363,0.9921163723626492,-0.01660714328987296,-0.22098457643855646,0.2791672198649043,-0.1246919169993856,0.007684694276295238,0.011062806680457686,0.9921040699529708,-0.016607139885654175,-0.2209845778445794,0.27916721998200716,-0.12469191704450608,0.007684694278918538,0.011062806447023166,0.9921040699498825,-0.016424761561895804,-0.2215885234021815,0.27932353607866806,-0.12552480421563114,0.006512678014182607,0.00937111279616483,0.9920248438404518,-0.016424761561895804,-0.2215885234021815,0.27932353607866806,-0.12552480421563114,0.006512678014182607,0.00937111279616483,0.9920248438404518,-0.02235866750761476,-0.5536264742159637,0.8004959268506346,-0.09528141737616841,0.49887743983781063,-0.07676837106728353,-0.01780375871856176,-0.5491353657309735,0.7983207551537963,-0.07790502267024454,0.502217138256163,-0.0621814970520551,-0.01780375871856176,-0.5491353657309735,0.7983207551537963,-0.07790502267024454,0.502217138256163,-0.0621814970520551,-0.060303640408011006,-0.06686292594570474,0.032881661370384514,-0.23909363552857896,-0.05210956932778416,-0.19776670955995337,-0.08626498584582351,0.007492754726135149,-0.00985448956804108,-0.21605293094942718,0.0354300176144998,-0.2181690233905291,0.5,0.0,0.0,0.5,True,False,True,False,1,True,True,0.0039363999967463315,4,3.6850127710638887e-09,4.75579436145491e-10,`gtol` termination condition is satisfied.,True,True,0.0,0.012223500001709908,True,0.017376394705923864,0.01727269423589403,False,False,False,False,False,False,1.0,False,False,False,0.0006499590845580355,0.004443165258809,0.0006499613744348773,0.004443165645605725
1.5607450999959838,1786139318.7114596,0.008075499994447455,0.006248599995160475,0.008075499994447455,TELEOP,0,,0.0,1.5607450999959838,305,-0.00307137966452789,0.017254118157967777,0.0,0.014594664147308365,0.015501250099764734,0.029876144925622912,0.9993268349184641,-0.0022098365924688905,0.014367519390229006,0.0,0.012205497250123707,0.012862073110807599,0.024907855085497782,0.9995324865491914,-0.01666293404327923,-0.22079843670527785,0.2791173433694629,-0.12446017731220847,0.00800190379716749,0.011508401125488104,0.992125592101408,-0.01662815537736223,-0.22091447191187266,0.27914843522368893,-0.12459174881802564,0.007821814047831808,0.01125542325771748,0.9921134162981352,-0.016628153106034143,-0.22091447286416513,0.2791484353357553,-0.12459174884628009,0.007821814049609717,0.01125542310204901,0.992113416296339,-0.016442632557847447,-0.22151684653956236,0.2793042205329434,-0.1254209290660021,0.006652221910747114,0.009567825425911239,0.9920351784148032,-0.016442632557847447,-0.22151684653956236,0.2793042205329434,-0.1254209290660021,0.006652221910747114,0.009567825425911239,0.9920351784148032,-0.022884716247906625,-0.554147970860455,0.8007489438558305,-0.09729302452761397,0.4984910797891023,-0.07845566544355874,-0.01829335610367221,-0.549671889199011,0.7985842291952472,-0.07983847783625708,0.5018008384553957,-0.06378317630555952,-0.01829335610367221,-0.549671889199011,0.7985842291952472,-0.07983847783625708,0.5018008384553957,-0.06378317630555952,-0.060627501138887235,-0.06643842095305352,0.03262634408174038,-0.23942234751308789,-0.05155096291914122,-0.19833809109104103,-0.04010410885999741,0.05256702283983599,-0.031616282436961685,-0.04070484610673614,0.06917298111906765,-0.07075494167302668,0.5,0.0,0.0,0.5,True,False,True,False,1,True,True,0.0035751000104937702,4,2.465431218221665e-09,3.164640471530129e-10,`gtol` termination condition is satisfied.,True,True,0.0,0.008075499994447455,True,0.01745454669135689,0.017376394705923864,False,False,False,False,False,False,1.0,False,False,False,0.0006492618472342244,0.004431521047837463,0.0006492634066575177,0.004431521304358986
1.5704952999949455,1786139318.7219312,0.009750199998961762,0.007032399997115135,0.009750199998961762,TELEOP,0,,0.0,1.5704952999949455,307,-0.003177962352182745,0.0175412881655363,0.0,0.014829595633022165,0.015766600851095602,0.030369172318649548,0.9993043634267007,-0.0022987174537686572,0.01465892814997956,0.0,0.012446587087633992,0.013128926259489653,0.025409614336087512,0.9995134142493707,-0.016689597958973932,-0.22071399288807586,0.2790947164853423,-0.1243399978685941,0.008166993506400226,0.011739801803318519,0.9921366046068067,-0.016654063607100443,-0.22082993678216334,0.2791257838737973,-0.12447108201978783,0.007987271395217342,0.01148760391714514,0.9921245829998999,-0.01665406084328867,-0.2208299379207447,0.27912578398304305,-0.12447108205516486,0.007987271397380208,0.011487603727848007,0.992124582997636,-0.01646473538244104,-0.22143065372616552,0.2792810248797101,-0.12529632003062274,0.006820096011545134,0.009804466968893632,0.9920474741183675,-0.01646473538244104,-0.22143065372616552,0.2792810248797101,-0.12529632003062274,0.006820096011545134,0.009804466968893632,0.9920474741183675,-0.02352650096865588,-0.554776312523463,0.8010533681277979,-0.09973725439386401,0.49802839083811806,-0.08050885191197744,-0.018890174674754026,-0.550316548064261,0.7989002486101625,-0.08218395976484645,0.5013034294040988,-0.06572976653349308,-0.018890174674754026,-0.550316548064261,0.7989002486101625,-0.08218395976484645,0.5013034294040988,-0.06572976653349308,-0.061210905534795974,-0.06611750172495572,0.03241158283409035,-0.2405573146026874,-0.05101526649195506,-0.1996461845029684,-0.05983512091760797,0.032914117467536946,-0.022026342810701517,-0.11640449321248351,0.05494209628963556,-0.13416067486478783,0.5,0.0,0.0,0.5,True,False,True,False,1,True,True,0.0035485999833326787,4,2.991146551010321e-09,3.8519990084200565e-10,`gtol` termination condition is satisfied.,True,True,0.0,0.009750199998961762,True,0.017553294629017557,0.01745454669135689,False,False,False,False,False,False,1.0,False,False,False,0.0006486935678774254,0.004419146167474461,0.0006486954550332835,0.004419146480166396
1.580582399998093,1786139318.7319968,0.010087100003147498,0.007008300017332658,0.010087100003147498,TELEOP,0,,0.0,1.580582399998093,309,-0.0032900771430997514,0.017837687818280365,0.0,0.015071798739530089,0.016040726807014433,0.03087789416541451,0.9992807871755403,-0.002392578519136622,0.01495992515315377,0.0,0.012695324063330486,0.013404816018676081,0.02592772903771284,0.9994933178973131,-0.016717755924613362,-0.22062677060784835,0.2790713451054294,-0.12421599091241205,0.008337634685597756,0.011978726713175937,0.9921478627482035,-0.01668144236435958,-0.22074260384175481,0.27910238284392697,-0.1243465491434108,0.008158324782833801,0.01172737853333011,0.9921360017888673,-0.01668143947939442,-0.2207426050197926,0.2791023829494393,-0.12434654918042348,0.008158324785101643,0.011727378335867917,0.9921360017865438,-0.016488181443677596,-0.22134179243444116,0.2792571313886927,-0.12516809619572913,0.006993263522655187,0.010048455657176245,0.992060013557116,-0.016488181443677596,-0.22134179243444116,0.2792571313886927,-0.12516809619572913,0.006993263522655187,0.010048455657176245,0.992060013557116,-0.024197653938460108,-0.5554248847433894,0.8013670957130632,-0.10228285626909714,0.49755405740230374,-0.08265051633679683,-0.019514143180515486,-0.5509806033017337,0.7992251830281871,-0.08462406761391382,0.5007941091734999,-0.06775870599278583,-0.019514143180515486,-0.5509806033017337,0.7992251830281871,-0.08462406761391382,0.5007941091734999,-0.06775870599278583,-0.061858066794892655,-0.06583212590987472,0.03221286771452979,-0.24190380270900216,-0.05049223567129603,-0.20114199905420294,-0.06415731576912562,0.028291165448140858,-0.01969992559789774,-0.13348614625557745,0.05185145586896365,-0.14828985047910698,0.5,0.0,0.0,0.5,True,False,True,False,1,True,True,0.003794699994614348,4,3.1180009343667894e-09,4.018546933777153e-10,`gtol` termination condition is satisfied.,True,True,0.0,0.010087100003147498,True,0.01765878865518332,0.017553294629017557,False,False,False,False,False,False,1.0,False,False,False,0.0006483219151731025,0.004407659143540348,0.0006483238890981857,0.004407659469759856
1.590038900001673,1786139318.7418861,0.009456500003580004,0.007443999988026917,0.009456500003580004,TELEOP,0,,0.0,1.590038900001673,311,-0.0033968871203430397,0.01811490739490411,0.0,0.015298072042993199,0.0162973406863525,0.03135355700503231,0.9992583850743774,-0.0024822520174267977,0.015241662220490023,0.0,0.012927893593814953,0.013663277376492082,0.02641255497236466,0.9994741424160967,-0.016744657642779034,-0.2205451294296408,0.2790494691915689,-0.12410002986095922,0.008497462020965501,0.012202284634173432,0.9921582938107295,-0.01670761483043348,-0.22066084524666923,0.27908047546954196,-0.12423007630511212,0.008318565753518676,0.011951769756623376,0.9921465843335425,-0.016707612101808038,-0.22066084635716066,0.2790804755719457,-0.12423007633970967,0.008318565755677866,0.01195176956997833,0.9921465843314407,-0.016510646210049565,-0.2212588238327328,0.27923482894637,-0.1250485191544008,0.007155047666488032,0.010276221643959185,0.9920716064976893,-0.016510646210049565,-0.2212588238327328,0.27923482894637,-0.1250485191544008,0.007155047666488032,0.010276221643959185,0.9920716064976893,-0.02483320843274121,-0.556031537587925,0.801660086282003,-0.10468437290648358,0.4971134027239329,-0.084673931830903,-0.02010427976214095,-0.5516001317826964,0.799527818123108,-0.0869215236241552,0.5003216409748894,-0.06967231695327403,-0.02010427976214095,-0.5516001317826964,0.799527818123108,-0.0869215236241552,0.5003216409748894,-0.06967231695327403,-0.062405391149162416,-0.06551350718850872,0.032002865204499346,-0.24294992961155001,-0.049962269172701836,-0.20235932530679962,-0.057878110724111226,0.033693091656043436,-0.022207213022887827,-0.11062516810149796,0.056042563146360865,-0.12872904902827031,0.5,0.0,0.0,0.5,True,False,True,False,1,True,True,0.0035521000099834055,4,2.947723619403098e-09,3.796969603528048e-10,`gtol` termination condition is satisfied.,True,True,0.0,0.009456500003580004,True,0.01776284928232838,0.01765878865518332,False,False,False,False,False,False,1.0,False,False,False,0.0006482264943705968,0.0043985031373004755,0.0006482283722696906,0.004398503445309308
1.6001242999918759,1786139318.7511632,0.010085399990202859,0.00663459999486804,0.010085399990202859,TELEOP,0,,0.0,1.6001242999918759,313,-0.003512613373529988,0.018409858354726607,0.0,0.01553854535562702,0.0165706082550494,0.031859495577096934,0.9992341773037298,-0.00257979103426298,0.015541613188879875,0.0,0.013175214109158782,0.013938702420177843,0.026928570686806916,0.9994533397756923,-0.01677391899508905,-0.22045821026324,0.27902617902915894,-0.12397669854917236,0.008667740662060915,0.012440206088023353,0.9921692848305427,-0.016736101217148105,-0.22057378678616585,0.2790571479846696,-0.12410618025139655,0.0084893140084849,0.012190617551986367,0.9921577376681465,-0.01673609828221929,-0.22057378796853902,0.2790571480827782,-0.12410618028887205,0.00848931401081546,0.012190617351363528,0.9921577376659039,-0.01653518409874515,-0.22117061023098517,0.2792111386905551,-0.12492163619238396,0.007327155008272325,0.010518424599983802,0.992083797042587,-0.01653518409874515,-0.22117061023098517,0.2792111386905551,-0.12492163619238396,0.007327155008272325,0.010518424599983802,0.992083797042587,-0.025518146536463122,-0.556676935381456,0.8019713034834218,-0.10726209729710594,0.4966479472943868,-0.08684908965456778,-0.020740360973668437,-0.5522582508510827,0.799848724407728,-0.08938614733389756,0.4998228895244131,-0.07172889441306572,-0.020740360973668437,-0.5522582508510827,0.799848724407728,-0.08938614733389756,0.4998228895244131,-0.07172889441306572,-0.0630695076194685,-0.06525463234235572,0.031818895128776836,-0.24437540525279516,-0.04945281803010162,-0.20391630096867655,-0.06584929412330924,0.025668277550169004,-0.018241227507210297,-0.14134051625417746,0.050513727080245346,-0.1543791682421535,0.5,0.0,0.0,0.5,True,False,True,False,1,True,True,0.00339579998399131,4,3.1656656113873134e-09,4.0823717138839835e-10,`gtol` termination condition is satisfied.,True,True,0.0,0.010085399990202859,True,0.017875949963208376,0.01776284928232838,False,False,False,False,False,False,1.0,False,False,False,0.0006482873046388526,0.0043896604083487585,0.0006482893260361925,0.004389660739579217
1.6101363000052515,1786139318.7614725,0.010012000013375655,0.006934400007594377,0.010012000013375655,TELEOP,0,,0.0,1.6101363000052515,315,-0.003629343793251505,0.018701931530072973,0.0,0.015776395043132756,0.016841453431625974,0.032360346734203904,0.9992098271959676,-0.0026784918070053834,0.01583884554674852,0.0,0.013420013110315179,0.014211880939961688,0.027439757908112455,0.9994323315633789,-0.016803528877368,-0.22037207888811683,0.2790030999557332,-0.12385460905430375,0.00883659255197964,0.012675883373095078,0.9921800604874035,-0.016764944133847878,-0.2204875040339223,0.279034028351105,-0.12398351237395239,0.00865865888965016,0.01242724976070268,0.9921686750492761,-0.01676494119465616,-0.22048750521046626,0.279034028445446,-0.12398351241136074,0.008658658891996272,0.012427249559920181,0.9921686750470958,-0.01656011025310122,-0.22108330397611103,0.27918770532640547,-0.12479625555952217,0.007497598636101537,0.010758127951657034,0.9920957329290305,-0.01656011025310122,-0.22108330397611103,0.27918770532640547,-0.12479625555952217,0.007497598636101537,0.010758127951657034,0.9920957329290305,-0.02620513732832463,-0.5573159894880438,0.8022789667283493,-0.10983742622511561,0.4961905108186478,-0.08902549211165853,-0.021378378860855658,-0.5529090330043777,0.8001654897783349,-0.09184694968772494,0.499332840166447,-0.07378590527959734,-0.021378378860855658,-0.5529090330043777,0.8001654897783349,-0.09184694968772494,0.499332840166447,-0.07378590527959734,-0.06372531825158344,-0.06500021498456608,0.03163857073349142,-0.24578529270274063,-0.048946200290789214,-0.20545454092923784,-0.06550246017167412,0.025411242254270126,-0.018010826512635664,-0.14081976109288005,0.05060105260043792,-0.15363962829666905,0.5,0.0,0.0,0.5,True,False,True,False,1,True,True,0.003992699988884851,4,3.1673338665345385e-09,4.08525409944844e-10,`gtol` termination condition is satisfied.,True,True,0.0,0.010012000013375655,True,0.017990476537390665,0.017875949963208376,False,False,False,False,False,False,1.0,False,False,False,0.0006484970836507704,0.004381735618853153,0.0006484991153049599,0.004381735950200516
1.6204335000074934,1786139318.7713385,0.01029720000224188,0.006503100012196228,0.01029720000224188,TELEOP,0,,0.0,1.6204335000074934,317,-0.003751313511183624,0.01900155251707538,0.0,0.016020104227557643,0.017119549668162638,0.03287398445410871,0.9991844566574326,-0.0027819776021295374,0.016143958409064844,0.0,0.013671007490207054,0.01449256512933409,0.02796433845961029,0.9994103586038576,-0.01683457425709403,-0.22028366391465473,0.2789794089862668,-0.12372941351904787,0.009010043886053644,0.012917716687237608,0.9921910017405884,-0.016795203535594834,-0.22039892053336954,0.2790102922261816,-0.12385770467524655,0.008832643901454523,0.012670099914551241,0.992179783084923,-0.016795200486381365,-0.22039892174402365,0.27901029231597224,-0.12385770471412177,0.008832643903899135,0.012670099706393012,0.9921797830827065,-0.016586358412807433,-0.22099373483445064,0.2791636817733103,-0.12466785420764809,0.007672569410735269,0.01100405636258759,0.9921078411893876,-0.016586358412807433,-0.22099373483445064,0.2791636817733103,-0.12466785420764809,0.007672569410735269,0.01100405636258759,0.9921078411893876,-0.026919085994262584,-0.5579714529463289,0.8025940189193523,-0.11250312851957214,0.4957249944268445,-0.0912816824458188,-0.02204190535940036,-0.5535760735686608,0.8004895793586022,-0.09439430747103483,0.4988339316780494,-0.07591906367284437,-0.02204190535940036,-0.5535760735686608,0.8004895793586022,-0.09439430747103483,0.4988339316780494,-0.07591906367284437,-0.06443756539644185,-0.06477882959813261,0.03147356370631988,-0.2473835394821205,-0.04845088842491421,-0.20715907166827954,-0.06916901145003936,0.02149957137719729,-0.01602445588466889,-0.1552117836918672,0.04810160682196763,-0.16553342060662973,0.5,0.0,0.0,0.5,True,False,True,False,1,True,True,0.003432600002270192,4,3.2819884968264315e-09,4.2356591213725473e-10,`gtol` termination condition is satisfied.,True,True,0.0,0.01029720000224188,True,0.01810882104853731,0.017990476537390665,False,False,False,False,False,False,1.0,False,False,False,0.0006488034755304887,0.0043740109727439915,0.000648805588178021,0.004374011316244925
1.6303657999960706,1786139318.7812119,0.009932299988577142,0.006441200006520376,0.009932299988577142,TELEOP,0,,0.0,1.6303657999960706,319,-0.003870795335323224,0.019289802409676524,0.0,0.01625428963141861,0.017387332131569733,0.03336797887234788,0.9991596752951448,-0.0028836320943538165,0.016437694045848356,0.0,0.013912368184404422,0.014763026862333939,0.028469209110426417,0.9993888148173315,-0.016865070259329658,-0.22019854580805479,0.27895660141765405,-0.12360900772166387,0.009177141339527472,0.013150446365201228,0.992201420603345,-0.01682494324117595,-0.2203136283510801,0.27898743801529746,-0.12373669259264146,0.009000280292748845,0.012903842006473092,0.9921903631472935,-0.01682494027448977,-0.22031362952341846,0.2789874381018783,-0.12373669263020472,0.009000280295140814,0.012903841804078714,0.9921903631452195,-0.016612226992799798,-0.22090758748709557,0.2791405828933267,-0.12454451428797479,0.007840969251930162,0.011240551854043782,0.9921193643690155,-0.016612226992799798,-0.22090758748709557,0.2791405828933267,-0.12454451428797479,0.007840969251930162,0.011240551854043782,0.9921193643690155,-0.027614632047448802,-0.5586019540370578,0.802896583168179,-0.11509028948370804,0.4952807644528176,-0.09347460349913743,-0.02268835741214282,-0.5542170651642966,0.8008004750938544,-0.0968653494130016,0.4983576802090241,-0.07799177896539956,-0.02268835741214282,-0.5542170651642966,0.8008004750938544,-0.0968653494130016,0.4983576802090241,-0.07799177896539956,-0.06508583646143648,-0.06453606882323323,0.03130148461180486,-0.24878849257560046,-0.04794976687907613,-0.20868432235624762,-0.06526897755204583,0.024441546789622307,-0.017325201082621453,-0.141452945953683,0.05045372636895869,-0.15356470200479574,0.5,0.0,0.0,0.5,True,False,True,False,1,True,True,0.003480800020042807,4,3.1910970473261136e-09,4.1174995911753883e-10,`gtol` termination condition is satisfied.,True,True,0.0,0.009932299988577142,True,0.01822494007070645,0.01810882104853731,False,False,False,False,False,False,1.0,False,False,False,0.0006492197855661508,0.0043672206742456825,0.0006492218505611754,0.004367221007967732
1.6403764999995474,1786139318.7921145,0.010010700003476813,0.0073352000035811216,0.010010700003476813,TELEOP,0,,0.0,1.6403764999995474,321,-0.003993038124534227,0.019579567385145127,0.0,0.01648943426166311,0.017656759455114048,0.03386442129444089,0.9991343945504364,-0.002987949561564469,0.016733156795537687,0.0,0.014154870148426858,0.015035325533681199,0.02897689743627461,0.9993667585286922,-0.01689636515203011,-0.22011292722020984,0.2789336597428234,-0.12348801716183645,0.009345336466811753,0.013384457369025616,0.9922117871728278,-0.01685547797485372,-0.2202278233718145,0.2789644463981871,-0.1236150759789413,0.009169041952415398,0.013138903596089772,0.9922008923966397,-0.016855474959761883,-0.2202278245552265,0.2789644464805798,-0.12361507601709004,0.00916904195485748,0.013138903390525978,0.9922008923945864,-0.016638861783905043,-0.22082098566156833,0.2791173727277417,-0.124420704894382,0.00801036823102343,0.01147827898371498,0.9921308236850424,-0.016638861783905043,-0.22082098566156833,0.2791173727277417,-0.124420704894382,0.00801036823102343,0.01147827898371498,0.9921308236850424,-0.028322621695957968,-0.5592356257510973,0.8032001858718276,-0.11771374598827701,0.49483792409541155,-0.09570150185398787,-0.02334660457804127,-0.5548608564833816,0.8011121899980966,-0.0993706985832263,0.4978826210763264,-0.0800967480855905,-0.02334660457804127,-0.5548608564833816,0.8011121899980966,-0.0993706985832263,0.4978826210763264,-0.0800967480855905,-0.06575435940242307,-0.06431031984390276,0.03113817256874573,-0.25026713110517407,-0.0474551362574718,-0.2102719209905265,-0.06678083857816086,0.022550768602802237,-0.016313748589250575,-0.14770580769177774,0.04941019323649086,-0.1585901718888283,0.5,0.0,0.0,0.5,True,False,True,False,1,True,True,0.0038315000128932297,4,3.2400665488245008e-09,4.1819603327673435e-10,`gtol` termination condition is satisfied.,True,True,0.0,0.010010700003476813,True,0.018343047405050716,0.01822494007070645,False,False,False,False,False,False,1.0,False,False,False,0.0006497290228260365,0.004360801584239632,0.0006497311278045138,0.0043608019230879595
1.6504077000136022,1786139318.8018718,0.010031200014054775,0.007059700001263991,0.010031200014054775,TELEOP,0,,0.0,1.6504077000136022,323,-0.0041173570002120685,0.0198691487324951,0.0,0.016724157498575035,0.01792625351695781,0.03436040005795473,0.9991087602952273,-0.0030943448558412227,0.01702861344236129,0.0,0.014397088830466009,0.015307865100983123,0.029484424014337485,0.9993443159591195,-0.016928283392857568,-0.2200273103987946,0.27891071854004507,-0.12336715242633339,0.009513643248372053,0.013618376350918124,0.9922220397269581,-0.016886636659931138,-0.22014200942071635,0.2789414523757966,-0.12349356972256037,0.009337938835543624,0.01337390404886002,0.9922113080518559,-0.016886633613575414,-0.22014201060877742,0.2789414524540545,-0.1234935697610503,0.00933793883802245,0.013373903841298463,0.9922113080498396,-0.01666611571252374,-0.22073441689863893,0.2790941801098173,-0.12429711313785421,0.00817981623125938,0.011715889969414967,0.9921421552349456,-0.01666611571252374,-0.22073441689863893,0.2790941801098173,-0.12429711313785421,0.00817981623125938,0.011715889969414967,0.9921421552349456,-0.029039026419152184,-0.5598687304101052,0.8035030330498388,-0.12035839890046487,0.49439919350663897,-0.09794960857776551,-0.02401299304388087,-0.5555038129213805,0.8014229676563834,-0.10189637150004101,0.4974115100408723,-0.08222223951612911,-0.02401299304388087,-0.5555038129213805,0.8014229676563834,-0.10189637150004101,0.4974115100408723,-0.08222223951612911,-0.06643157996111332,-0.0640956652342735,0.03098110473835506,-0.25178173232275025,-0.04696457400849895,-0.21188805203371155,-0.06751142014329181,0.02139869699821599,-0.015657930274603268,-0.15098903575385264,0.0489036454547339,-0.1611104395207636,0.5,0.0,0.0,0.5,True,False,True,False,1,True,True,0.003562099998816848,4,3.2707639151165966e-09,4.2224866497992796e-10,`gtol` termination condition is satisfied.,True,True,0.0,0.010031200014054775,True,0.018462027400423867,0.018343047405050716,False,False,False,False,False,False,1.0,False,False,False,0.0006503069227576458,0.004354640703772761,0.0006503090564363566,0.004354641045786938
1.6604126000020187,1786139318.8109727,0.010004899988416582,0.006156699993880466,0.010004899988416582,TELEOP,0,,0.0,1.6604126000020187,325,-0.004243165465048832,0.02015718465810888,0.0,0.01695735772323614,0.018194544590882992,0.034853583787644096,0.999082896592337,-0.0032023119896215295,0.01732267074240541,0.0,0.014637884228381495,0.01557935795965369,0.02998939659269012,0.9993215959053862,-0.016960673187181707,-0.21994209907517842,0.27888788598996944,-0.1232469824511012,0.009681266916373893,0.013851100953495876,0.9922321307990223,-0.016918270991791263,-0.22005659171613365,0.2789185645272071,-0.12337274650936231,0.009506172475457358,0.013607734555591057,0.9922215617813736,-0.016918267928487413,-0.220056592903616,0.2789185646014354,-0.12337274654799268,0.009506172477961542,0.013607734347008071,0.9922215617794069,-0.016693857682840874,-0.22064827607885948,0.2790711088339825,-0.12417429000947962,0.008348541949764095,0.01195229148273987,0.9921533098650966,-0.016693857682840874,-0.22064827607885948,0.2790711088339825,-0.12417429000947962,0.008348541949764095,0.01195229148273987,0.9921533098650966,-0.029760463246836698,-0.5604982708374114,0.8038036956158426,-0.12301173860270435,0.4939667007853018,-0.10020828732290747,-0.024684405735494668,-0.5561430004250877,0.8017314015069453,-0.10443063789646713,0.496946519531933,-0.08435834606974428,-0.024684405735494668,-0.5561430004250877,0.8017314015069453,-0.10443063789646713,0.496946519531933,-0.08435834606974428,-0.06710838612991056,-0.06388744559637506,0.030828279235071362,-0.2533025217003904,-0.0464762775717591,-0.21350603765038054,-0.06764746969793144,0.020811766048586637,-0.015275065563937363,-0.15200445575676985,0.048805728923345844,-0.161719319387724,0.5,0.0,0.0,0.5,True,False,True,False,1,True,True,0.003349999984493479,4,3.28625237597591e-09,4.243079364278087e-10,`gtol` termination condition is satisfied.,True,True,0.0,0.010004899988416582,True,0.018581100706237225,0.018462027400423867,False,False,False,False,False,False,1.0,False,False,False,0.0006509367719684639,0.004348669508597274,0.0006509389248293016,0.004348669852147642
1.6704250999900978,1786139318.8215666,0.010012499988079071,0.006739300006302074,0.010012499988079071,TELEOP,0,,0.0,1.6704250999900978,327,-0.004370879729217398,0.020444641921893776,0.0,0.017189820396323073,0.018462530296756034,0.0353456291337735,0.9990567208877188,-0.00331221066505243,0.017616309591309984,0.0,0.014878061308170647,0.0158507077594695,0.030493500428496852,0.9992985263607925,-0.01699364244449312,-0.21985700900742725,0.27886508592938386,-0.12312710563056059,0.009848765713930646,0.014083408039463532,0.9922420951012645,-0.01695048634613824,-0.2199712858416676,0.278895706642463,-0.12325220325313697,0.009674302302044174,0.013841174385841554,0.9922316887500806,-0.01695048325572179,-0.2199712870323918,0.2788957067124964,-0.1232522032920575,0.009674302304581814,0.01384117417554634,0.9922316887481548,-0.01672218073488326,-0.22056225889544753,0.279048076406254,-0.12405179556110525,0.008517141968365501,0.012188314373543122,0.9921643287800102,-0.01672218073488326,-0.22056225889544753,0.279048076406254,-0.12405179556110525,0.008517141968365501,0.012188314373543122,0.9921643287800102,-0.030489345009675137,-0.5611263358849531,0.8041031769836058,-0.1256825884742077,0.4935390587490343,-0.10248504724181211,-0.025363162196685638,-0.5567806737930867,0.8020385896020016,-0.10698230157564165,0.4964860417175347,-0.0865124633213244,-0.025363162196685638,-0.5567806737930867,0.8020385896020016,-0.10698230157564165,0.4964860417175347,-0.0865124633213244,-0.0677909075654532,-0.06368772721680127,0.03068045896849277,-0.2548478084606779,-0.045990293627618,-0.21514279691833404,-0.06816693496681618,0.019946904350719337,-0.014763572210196125,-0.15433575651708567,0.04853772231907258,-0.1634715875058413,0.5,0.0,0.0,0.5,True,False,True,False,1,True,True,0.003319600014947355,4,3.312612655443914e-09,4.277804687317652e-10,`gtol` termination condition is satisfied.,True,True,0.0,0.010012499988079071,True,0.018700286898566065,0.018581100706237225,False,False,False,False,False,False,1.0,False,False,False,0.0006516028756233155,0.004342742259589314,0.000651605054724258,0.004342742605824556
1.6807486999896355,1786139318.831477,0.010323599999537691,0.006326000002445653,0.010323599999537691,TELEOP,0,,0.0,1.6807486999896355,329,-0.004504453071564585,0.020740183453444444,0.0,0.01742854022870047,0.018738295709933125,0.035851358428437834,0.9990294301762183,-0.0034274829801673643,0.01791837384797603,0.0,0.015124838204914608,0.016130100447809485,0.031011909680688902,0.9992743970435626,-0.01702822378380149,-0.21976947743998593,0.2788416316625279,-0.12300391858532503,0.010021190648887492,0.014322289403895728,0.9922522279021925,-0.0169842931091296,-0.2198835226092998,0.2788721903022622,-0.12312831670887005,0.009847398510663786,0.014081249308773146,0.9922419890253167,-0.016984289897131355,-0.21988352383755377,0.2788721903665954,-0.12312831674943099,0.00984739851331142,0.014081249090347657,0.9922419890233569,-0.01675199519488011,-0.22047371559649556,0.2790243763792329,-0.12392588455327029,0.008690813915443463,0.01243124240686118,0.9921755434918755,-0.01675199519488011,-0.22047371559649556,0.2790243763792329,-0.12392588455327029,0.008690813915443463,0.01243124240686118,0.9921755434918755,-0.031248157439156442,-0.5617717967548823,0.8044104577632778,-0.12845263052420958,0.4931036803828229,-0.10484970162668873,-0.02607069729793735,-0.557436430287037,0.8023539474060627,-0.10963127493459912,0.49601619985256185,-0.08875225925243421,-0.02607069729793735,-0.557436430287037,0.8023539474060627,-0.10963127493459912,0.49601619985256185,-0.08875225925243421,-0.068535695036944,-0.06352013774067808,0.0305472707268082,-0.2565939555073909,-0.04551143641693706,-0.21695880615387306,-0.07214416206789818,0.016233627429453057,-0.01290133690675121,-0.1691412924552653,0.04638471179650404,-0.17590852373400195,0.5,0.0,0.0,0.5,True,False,True,False,1,True,True,0.0035081999958492815,4,3.4394300830170697e-09,4.443680285673572e-10,`gtol` termination condition is satisfied.,True,True,0.0,0.010323599999537691,True,0.018821355589610456,0.018700286898566065,False,False,False,False,False,False,1.0,False,False,False,0.0006522635383488009,0.00433623857247917,0.0006522658086420363,0.004336238932073714
1.6901730000099633,1786139318.841571,0.009424300020327792,0.006991900008870289,0.009424300020327792,TELEOP,0,,0.0,1.6901730000099633,331,-0.004628062188282817,0.021009218434051007,0.0,0.017645602274705532,0.01898954226483568,0.03631159378348186,0.999004253325199,-0.0035343498016520234,0.01819352702747244,0.0,0.015349385991672772,0.016384815617830305,0.031484000232726246,0.9992520662456467,-0.017060283506668075,-0.21968974410805334,0.2788202669480774,-0.12289181371211245,0.010178354124291246,0.014539812422110264,0.9922613552308676,-0.017015646619263605,-0.219803569925811,0.2788507668137115,-0.12301556220193147,0.01000519252823078,0.014299884436163235,0.9922512690260105,-0.017015643663430335,-0.2198035710549374,0.27885076687816157,-0.1230155622387586,0.010005192530682485,0.014299884235275782,0.9922512690243152,-0.01677967887603297,-0.22039311127991776,0.2790027934277535,-0.12381131454044424,0.008849031656871608,0.01265228362698598,0.9921856543759969,-0.01677967887603297,-0.22039311127991776,0.2790027934277535,-0.12381131454044424,0.008849031656871608,0.01265228362698598,0.9921856543759969,-0.0319470060960479,-0.5623592020216965,0.8046896620987666,-0.13099516921675503,0.49271110605424057,-0.10702299005895483,-0.02672205848474884,-0.5580328587947535,0.8026403343267204,-0.11206110037519201,0.4955919468540173,-0.09080962873820837,-0.02672205848474884,-0.5580328587947535,0.8026403343267204,-0.11206110037519201,0.4955919468540173,-0.09080962873820837,-0.069115073311178,-0.06328623944801633,0.03038813705421441,-0.25782556108696264,-0.04501692408236855,-0.21830475274943503,-0.06147706174297347,0.024818638217930303,-0.016885463350120762,-0.13068403774447387,0.05247204922401334,-0.1428166115954324,0.5,0.0,0.0,0.5,True,False,True,False,1,True,True,0.003492899995762855,4,3.1648112992175694e-09,4.085138467377669e-10,`gtol` termination condition is satisfied.,True,True,0.0,0.009424300020327792,True,0.018934068841563012,0.018821355589610456,False,False,False,False,False,False,1.0,False,False,False,0.0006529541557737575,0.0043307387685563945,0.0006529562584312073,0.004330739098813699
1.7002452999877278,1786139318.8516827,0.010072299977764487,0.0070349999878089875,0.010072299977764487,TELEOP,0,,0.0,1.7002452999877278,333,-0.004761929108232377,0.021295937217962656,0.0,0.017876672086062854,0.019257527637203398,0.03680193762335291,0.9989770716145574,-0.003650422926573348,0.01848690386723486,0.0,0.015588529838420172,0.016656643354079903,0.031987207296333274,0.9992278881911939,-0.017095105099134717,-0.21960472995860741,0.27879748722614106,-0.12277240674250371,0.010346040004579447,0.014771655784114943,0.9922709780016105,-0.017049716004085735,-0.21971831338212092,0.2788279221434504,-0.12289545019196389,0.010173570748955228,0.014532938905772475,0.9922610545955595,-0.017049712821776083,-0.21971831458686464,0.27882792220046215,-0.12289545023193336,0.010173570751602013,0.014532938689630261,0.9922610545937476,-0.016809834976286128,-0.22030711799864244,0.2789797769249443,-0.12368926470109064,0.00901793941701519,0.012888084528470073,0.9921963212205342,-0.016809834976286128,-0.22030711799864244,0.2789797769249443,-0.12368926470109064,0.00901793941701519,0.012888084528470073,0.9921963212205342,-0.03270077446341553,-0.5629848975840549,0.8049866097255302,-0.13372755900780556,0.49229693950954473,-0.10936168264209903,-0.02742533175995548,-0.5586685394516583,0.8029450689174695,-0.11467448915135163,0.49514337902130134,-0.0930257012303535,-0.02742533175995548,-0.5586685394516583,0.8029450689174695,-0.11467448915135163,0.49514337902130134,-0.0930257012303535,-0.06982251092195224,-0.06311176774997962,0.03025471753440551,-0.25946296098496924,-0.04453479678983037,-0.2200165301904541,-0.07023595527694514,0.017321932271861275,-0.013246182113661959,-0.16256464775883314,0.047866653455766545,-0.16994901311497695,0.5,0.0,0.0,0.5,True,False,True,False,1,True,True,0.003474599972832948,4,3.403197392481349e-09,4.3966034842557406e-10,`gtol` termination condition is satisfied.,True,True,0.0,0.010072299977764487,True,0.019053069856453927,0.018934068841563012,False,False,False,False,False,False,1.0,False,False,False,0.000653674763032531,0.004324517376818032,0.0006536770292719569,0.004324517732288599
1.7102940999902785,1786139318.861487,0.010048800002550706,0.006787299993447959,0.010048800002550706,TELEOP,0,,0.0,1.7102940999902785,335,-0.004897289206900557,0.021581137113554305,0.0,0.018106251612029306,0.01952432265736318,0.03728953719238295,0.998949675856252,-0.0037680707252232683,0.018778889135969375,0.0,0.01582626543583352,0.01692742164409254,0.032487877665365074,0.9992034475138875,-0.01713039909535641,-0.21952011905371915,0.27877481555314687,-0.1226536874857062,0.010513042680758386,0.015002313692770226,0.992280443959073,-0.01708426189091617,-0.21963345298905007,0.27880518362129314,-0.1227760172099122,0.010341281986854384,0.014764826808701406,0.9922706825127149,-0.017084258691502156,-0.21963345419364422,0.27880518367402835,-0.1227760172500469,0.010341281989526833,0.01476482659153346,0.9922706825109524,-0.016840485397271333,-0.22022147664582858,0.278956855496932,-0.12356783924827387,0.009186277244246692,0.013122855070824089,0.9922068292894858,-0.016840485397271333,-0.22022147664582858,0.278956855496932,-0.12356783924827387,0.009186277244246692,0.013122855070824089,0.9922068292894858,-0.03345964940737797,-0.5636069890793057,0.8052813786190522,-0.13646864140678178,0.4918893055638187,-0.11171095462083956,-0.028134040848179297,-0.5593009936582166,0.803247766113669,-0.11729814402813296,0.49470072854661234,-0.09525370546379394,-0.028134040848179297,-0.5593009936582166,0.803247766113669,-0.11729814402813296,0.49470072854661234,-0.09525370546379394,-0.07052673832138381,-0.06293828182447059,0.030122720735072894,-0.26109136176611786,-0.044050083052366656,-0.2217184373134001,-0.07008074588536126,0.01726434255483189,-0.013135578307769307,-0.16204927759884483,0.04823598214121847,-0.16936421488277023,0.5,0.0,0.0,0.5,True,False,True,False,1,True,True,0.003617200010921806,4,3.4190756205730117e-09,4.417372947112624e-10,`gtol` termination condition is satisfied.,True,True,0.0,0.010048800002550706,True,0.019170497378648815,0.019053069856453927,False,False,False,False,False,False,1.0,False,False,False,0.0006543700521233996,0.004317947455793351,0.0006543723386916323,0.004317947812804911
1.7203869000077248,1786139318.8720496,0.01009280001744628,0.007258199999341741,0.01009280001744628,TELEOP,0,,0.0,1.7203869000077248,337,-0.0050350518148407075,0.021866719797581438,0.0,0.018335873021187683,0.019791704645646963,0.03777764432607661,0.9989218857232746,-0.0038880904348550785,0.019071425139309758,0.0,0.01606417421856932,0.01719895129782531,0.03298934170456658,0.9991785834948775,-0.017166404664225005,-0.21943534855594762,0.27875210111558935,-0.12253486625185768,0.01068047288244996,0.015233320509110347,0.9922898165344203,-0.01711951842603656,-0.21954842449997142,0.2787824000561512,-0.12265646919353325,0.01050944124909262,0.014997090009359806,0.9922802172274015,-0.017119515188172375,-0.21954842571211075,0.2787824001041548,-0.1226564692341406,0.010509441251808263,0.014997089789719507,0.9922802172256727,-0.016871841065591444,-0.22013560338639,0.2789338726321655,-0.12344621004066285,0.009355192933167727,0.013358193879203945,0.9922172505293714,-0.016871841065591444,-0.22013560338639,0.2789338726321655,-0.12344621004066285,0.009355192933167727,0.013358193879203945,0.9922172505293714,-0.03422874173020702,-0.5642296005313168,0.8055759266851809,-0.13923675022385545,0.4914855753286904,-0.11408653467758913,-0.028853056244238555,-0.5599345227648266,0.803550489027603,-0.11995001973920884,0.4942610556855021,-0.09750889934829785,-0.028853056244238555,-0.5599345227648266,0.803550489027603,-0.11995001973920884,0.4942610556855021,-0.09750889934829785,-0.07124042830694942,-0.06277040122808412,0.029993947508187707,-0.2627492575392246,-0.043563021198301036,-0.22344581093508248,-0.07071278379953398,0.016633698883983944,-0.012758919889682826,-0.1642651960051665,0.04825834785428182,-0.1711490982379965,0.5,0.0,0.0,0.5,True,False,True,False,1,True,True,0.003953500010538846,4,3.4576510220579116e-09,4.467714359452052e-10,`gtol` termination condition is satisfied.,True,True,0.0,0.01009280001744628,True,0.019286730484646616,0.019170497378648815,False,False,False,False,False,False,1.0,False,False,False,0.0006550297847504119,0.00431088210538749,0.0006550321067071685,0.0043108824663451685
1.7303365000116173,1786139318.8808777,0.009949600003892556,0.0061381999985314906,0.009949600003892556,TELEOP,0,,0.0,1.7303365000116173,339,-0.005172629763522935,0.02214738986160243,0.0,0.018561284644325052,0.02005471000651086,0.03825721150462947,0.9988942251744162,-0.004008208501585779,0.019359088935591823,0.0,0.016297853924995893,0.017466191227494154,0.03348230758796693,0.9991537655436369,-0.01720243974595295,-0.21935198991452645,0.27872976498670665,-0.12241814203253198,0.010845223346100396,0.015460396422900815,0.9922989246060497,-0.01715481711043266,-0.21946480447989586,0.27875999389201433,-0.12253901902512811,0.010674927060301806,0.01522542453456575,0.992289484574113,-0.017154813894461104,-0.2194648056782878,0.278759993936479,-0.12253901906535913,0.01067492706301098,0.01522542431654417,0.9922894845724609,-0.016903297739859945,-0.22005110484674906,0.2789112549163789,-0.12332662750527865,0.009521526099103648,0.013589681138980124,0.9922273953360989,-0.016903297739859945,-0.22005110484674906,0.2789112549163789,-0.12332662750527865,0.009521526099103648,0.013589681138980124,0.9922273953360989,-0.034993614890568556,-0.5648411920761727,0.8058648061950238,-0.14198011226104063,0.491093214015573,-0.11644392908456752,-0.029568696370040764,-0.5605572849165934,0.8038475989641712,-0.1225798946787878,0.4938325274669196,-0.09974848193611673,-0.029568696370040764,-0.5605572849165934,0.8038475989641712,-0.1225798946787878,0.4938325274669196,-0.09974848193611673,-0.07192652222423332,-0.0625916772054288,0.02986149558294416,-0.2643196649664384,-0.04306989410778896,-0.22509272603347882,-0.06895693465219492,0.017962935453224964,-0.013312286442844837,-0.1578362372959087,0.04956250405233845,-0.16552575960360574,0.5,0.0,0.0,0.5,True,False,True,False,1,True,True,0.0032484999974258244,4,3.4322869042472327e-09,4.4345017058707385e-10,`gtol` termination condition is satisfied.,True,True,0.0,0.009949600003892556,True,0.019400217582252827,0.019286730484646616,False,False,False,False,False,False,1.0,False,False,False,0.00065565766601482,0.00430356756235384,0.000655659981573766,0.004303567920467642
1.740367399994284,1786139318.891883,0.010030899982666597,0.007108200021320954,0.010030899982666597,TELEOP,0,,0.0,1.740367399994284,341,-0.005313105316981953,0.02242947711358545,0.0,0.018787574702155613,0.020319265749751847,0.038739056556285,0.9988660770960894,-0.004131133467909158,0.019648356381004192,0.0,0.016532566520309017,0.017735155973556474,0.03397787361840668,0.9991284414884889,-0.01723931689567281,-0.2192681665687547,0.27870730433798363,-0.1223008866747353,0.01101100219661592,0.015688653782636418,0.9923079749209357,-0.017190954079255534,-0.21938071079795207,0.2787374608078664,-0.12242102273239806,0.010841463534041433,0.01545497014932939,0.9922986948289699,-0.01719095081324185,-0.21938071200818526,0.2787374608472798,-0.12242102277327555,0.010841463536803427,0.015454969928051709,0.992298694827343,-0.016935570368999682,-0.2199660611881284,0.27888849040745795,-0.12320638812633866,0.00968905293599099,0.013822586412773286,0.9922374938909168,-0.016935570368999682,-0.2199660611881284,0.27888849040745795,-0.12320638812633866,0.00968905293599099,0.013822586412773286,0.9922374938909168,-0.03577150112858038,-0.5654555242056671,0.8061545265137212,-0.1447604303194227,0.4907034233884167,-0.11883615098428083,-0.030297238185009512,-0.5611834206120285,0.8041458475835899,-0.12524753018260473,0.4934054733912871,-0.10202334795195683,-0.030297238185009512,-0.5611834206120285,0.8041458475835899,-0.12524753018260473,0.4934054733912871,-0.10202334795195683,-0.07262975567772283,-0.06242068972047034,0.0297329870633763,-0.26594179070936924,-0.042573854426863116,-0.22678583375081743,-0.07010671571889854,0.01704607615008874,-0.012811265169618367,-0.16171288176872467,0.049451164081289446,-0.1687892133571553,0.5,0.0,0.0,0.5,True,False,True,False,1,True,True,0.00372480001533404,4,3.4832546830475167e-09,4.50089114309919e-10,`gtol` termination condition is satisfied.,True,True,0.0,0.010030899982666597,True,0.019512900136817973,0.019400217582252827,False,False,False,False,False,False,1.0,False,False,False,0.0006562490089966045,0.004295705855736465,0.000656251368529167,0.004295706219104652
1.7504568000149447,1786139318.903423,0.010089400020660833,0.00856069999281317,0.010089400020660833,TELEOP,0,,0.0,1.7504568000149447,343,-0.005456190750395079,0.02271231070443541,0.0,0.019014201826924686,0.020584745024611256,0.03922203163838146,0.998837504619903,-0.004256616766233671,0.019938541627280617,0.0,0.016767752043117184,0.018005210370691808,0.03447486274942052,0.9991026667611974,-0.017276961543913675,-0.21918407726233852,0.2786847724232046,-0.12218337969628301,0.011177417590236494,0.015917550319717557,0.9923169446572132,-0.017227856558426555,-0.21929634294707837,0.27871485425824577,-0.12230276179568986,0.011008656892143793,0.01568518121285484,0.9923078247302587,-0.01722785324942567,-0.21929634416663407,0.2787148542926304,-0.12230276183711783,0.011008656894953077,0.015685180988802935,0.992307824728663,-0.01696859914019193,-0.21988066080516364,0.27886562866153797,-0.1230857552554233,0.009857404765797597,0.014056387216008907,0.9922475227497013,-0.01696859914019193,-0.21988066080516364,0.27886562866153797,-0.1230857552554233,0.009857404765797597,0.014056387216008907,0.9922475227497013,-0.036560744806661855,-0.5660711160194329,0.8064443849240694,-0.14757153227255326,0.4903172891203246,-0.12125795096277218,-0.03103723609783042,-0.5618115225639331,0.8044445615175692,-0.12794740286425269,0.49298098234331517,-0.10432884569481345,-0.03103723609783042,-0.5618115225639331,0.8044445615175692,-0.12794740286425269,0.49298098234331517,-0.10432884569481345,-0.07334409492195341,-0.06225364745359843,0.029606709355126517,-0.26759496859270426,-0.042072972337571464,-0.22850692193147942,-0.07080096366164322,0.016556214098939655,-0.012515878842269627,-0.16385294268734252,0.049644387997894564,-0.1705837985546809,0.5,0.0,0.0,0.5,True,False,True,False,1,True,True,0.0046925999922677875,4,3.5267527960475686e-09,4.557454161221686e-10,`gtol` termination condition is satisfied.,True,True,0.0,0.010089400020660833,True,0.019624129408300578,0.019512900136817973,False,False,False,False,False,False,1.0,False,False,False,0.0006567888074080981,0.004287221664671619,0.000656791206453893,0.004287222032494476
1.7605795999988914,1786139318.9118347,0.010122799983946607,0.006850599980680272,0.010122799983946607,TELEOP,0,,0.0,1.7605795999988914,345,-0.005601548842278342,0.0229951632913403,0.0,0.01924058193472752,0.020850465766457913,0.0397048938473785,0.9988085800035477,-0.00438436392399775,0.020228899613284657,0.0,0.017002805178255267,0.018275661847772403,0.03497199796707501,0.9990765056582439,-0.01731528534978326,-0.21909993789759236,0.2786622270938532,-0.1220659234245299,0.011344042649644202,0.016146497883438953,0.9923258102261474,-0.017265438081669054,-0.21921191765859316,0.278692232316765,-0.12218454068173987,0.01117607807150468,0.015915465856761034,0.9923168502267279,-0.017265434737719763,-0.21921191888466698,0.2786922323462038,-0.12218454072360924,0.01117607807435482,0.015915465630482118,0.9923168502251696,-0.017002309478850418,-0.21979511572173321,0.2788427255080041,-0.12296502394419084,0.010026165143345235,0.014290496783261976,0.9922574568128025,-0.017002309478850418,-0.21979511572173321,0.2788427255080041,-0.12296502394419084,0.010026165143345235,0.014290496783261976,0.9922574568128025,-0.03735944459196422,-0.5666863673547681,0.8067336271284291,-0.1504064606405341,0.48993593135209523,-0.1237033732425672,-0.03178696364490028,-0.5624400154621769,0.8047429918937329,-0.1306730482503501,0.49256022221105844,-0.10665949129102842,-0.03178696364490028,-0.5624400154621769,0.8047429918937329,-0.1306730482503501,0.49256022221105844,-0.10665949129102842,-0.0740632580174288,-0.06208686324342568,0.029481010850451975,-0.2692580501857111,-0.04156558787331668,-0.23023724660282338,-0.07104389068398834,0.01647609460201198,-0.012417365242213844,-0.16429067013516638,0.050122936841528756,-0.17093340519303035,0.5,0.0,0.0,0.5,True,False,True,False,1,True,True,0.0035176000092178583,4,3.561758067715354e-09,4.6028575313421573e-10,`gtol` termination condition is satisfied.,True,True,0.0,0.010122799983946607,True,0.019733412390184002,0.019624129408300578,False,False,False,False,False,False,1.0,False,False,False,0.000657268319917944,0.0042780869009341384,0.000657270753252365,0.004278087272305716
1.7701197999995202,1786139318.9215646,0.009540200000628829,0.007040399999823421,0.009540200000628829,TELEOP,0,,0.0,1.7701197999995202,347,-0.005740185214381882,0.023260885519317185,0.0,0.01945301271679548,0.02110029720892503,0.040158379910272456,0.9987810882655506,-0.004506400840844804,0.020501833109002804,0.0,0.017223510926847048,0.018530092462452085,0.03543916660640885,0.9990515761535683,-0.017351896103868857,-0.2190208477653649,0.27864103471636054,-0.12195562245890729,0.011500766383268322,0.016361630590510323,0.9923340443457928,-0.017301350539873153,-0.2191325520962077,0.2786709661388223,-0.12207351092027612,0.011333566405871083,0.016131875706786907,0.9923252343815014,-0.017301347365673323,-0.21913255325796088,0.27867096616862613,-0.1220735109597101,0.011333566408590116,0.016131875492117555,0.9923252343801091,-0.017034555321190973,-0.21971468903550936,0.27882118187601185,-0.12285155286245326,0.010184945492754971,0.01451047663190522,0.9922667025112294,-0.017034555321190973,-0.21971468903550936,0.27882118187601185,-0.12285155286245326,0.010184945492754971,0.01451047663190522,0.9922667025112294,-0.0381182826835543,-0.5672640477865414,0.8070047910388672,-0.15309120701168946,0.48958207546891813,-0.1260220187109264,-0.03249931940424898,-0.5630303041133518,0.8050228717073366,-0.13325430317742346,0.4921686143579,-0.10886941901273259,-0.03249931940424898,-0.5630303041133518,0.8050228717073366,-0.13325430317742346,0.4921686143579,-0.10886941901273259,-0.0746688496364589,-0.06187382351899092,0.02933689163593814,-0.2705661230271086,-0.04104818066000847,-0.23164375186668018,-0.06347787457183056,0.02233073986087448,-0.015106519203406284,-0.13711167913788846,0.054234419957035256,-0.14742932682376522,0.5,0.0,0.0,0.5,True,False,True,False,1,True,True,0.00348919999669306,4,3.380251959865168e-09,4.3656523296151677e-10,`gtol` termination condition is satisfied.,True,True,0.0,0.009540200000628829,True,0.019836903834266006,0.019733412390184002,False,False,False,False,False,False,1.0,False,False,False,0.0006577422118478014,0.004269445483826847,0.0006577445343829105,0.004269445835820633
1.7801110000000335,1786139318.9305472,0.009991200000513345,0.0060332000139169395,0.009991200000513345,TELEOP,0,,0.0,1.7801110000000335,349,-0.0058870802091581026,0.023538273248621046,0.0,0.019674522132983884,0.02136130661599121,0.04063163717850253,0.9987520602325138,-0.004635998804630532,0.02078687599757628,0.0,0.017453745794352618,0.018796039172914593,0.03592691765304683,0.9990251910022627,-0.017390775157795454,-0.2189382485949524,0.27861890208294576,-0.12184054451268592,0.011664550095050555,0.01658622590523509,0.9923425402017959,-0.017339500743207576,-0.21904965861280562,0.2786487546453404,-0.12195766229209508,0.011498165244367484,0.016357824979151687,0.992333886535279,-0.01733949739699656,-0.21904965982903268,0.27864875466673966,-0.12195766233391152,0.01149816524724203,0.016357824752986264,0.9923338865338346,-0.01706887585370427,-0.21963060986085314,0.27879866122242125,-0.12273305860521992,0.010351050422443624,0.014740381557197348,0.9922762585248667,-0.01706887585370427,-0.21963060986085314,0.27879866122242125,-0.12273305860521992,0.010351050422443624,0.014740381557197348,0.9922762585248667,-0.03891958585221932,-0.5678666552295031,0.80728722861595,-0.1559165759125462,0.48921747001617405,-0.12846506796491333,-0.03325231913552744,-0.5636467266870995,0.8053146941915639,-0.13597344582893078,0.49176368322525243,-0.11120041614033217,-0.03325231913552744,-0.5636467266870995,0.8053146941915639,-0.13597344582893078,0.49176368322525243,-0.11120041614033217,-0.07536629546398507,-0.06169655033589678,0.02920795141847843,-0.2721537604459531,-0.04052877858783024,-0.233305021166609,-0.06980601203962974,0.017742932088741625,-0.012905378478369686,-0.1589035770240728,0.05198595485542742,-0.166273250444739,0.5,0.0,0.0,0.5,True,False,True,False,1,True,True,0.0034494999854359776,4,3.560448618711238e-09,4.600424408142386e-10,`gtol` termination condition is satisfied.,True,True,0.0,0.009991200000513345,True,0.019943130083615423,0.019836903834266006,False,False,False,False,False,False,1.0,False,False,False,0.0006581876135285519,0.0042598389607503145,0.000658190067745443,0.004259839331675275
1.7901470999931917,1786139318.9409926,0.010036099993158132,0.006442600017180666,0.010036099993158132,TELEOP,0,,0.0,1.7901470999931917,351,-0.0060363855095723895,0.023815973650830727,0.0,0.01989602797773471,0.02162282495432727,0.0411052871170023,0.9987226626460083,-0.004767981781928623,0.02107238694949922,0.0,0.01768409445022898,0.01906265059040246,0.03641532388629402,0.9989984045744017,-0.017430369715225318,-0.21885551378792162,0.2785967331040719,-0.12172539465330288,0.011828709519565024,0.016811107352671578,0.9923509442718218,-0.017378365621498533,-0.21896662240338902,0.27862650490678814,-0.12184173107917909,0.01166315758397228,0.016584082500207372,0.9923424467039726,-0.017378362237180603,-0.21896662362753272,0.2786265049230484,-0.12184173112149627,0.011663157586890502,0.016584082271603982,0.992342446702563,-0.01710390808799922,-0.21954630129317892,0.27877607568044255,-0.12261434004030163,0.01051772789916541,0.014970822015631222,0.9922857327929777,-0.01710390808799922,-0.21954630129317892,0.27877607568044255,-0.12261434004030163,0.01051772789916541,0.014970822015631222,0.9922857327929777,-0.03973114987864611,-0.5684695221992105,0.8075693509919465,-0.15876846355919783,0.48885740755407514,-0.1309340392092144,-0.0340157774777518,-0.5642641421647194,0.8056065379208452,-0.13872090371723841,0.49136222074303637,-0.11355871608489451,-0.0340157774777518,-0.5642641421647194,0.8056065379208452,-0.13872090371723841,0.49136222074303637,-0.11355871608489451,-0.07607121718046157,-0.06151946254430038,0.02907939632729117,-0.2737575243551414,-0.04000184160079518,-0.2349817106415898,-0.07023861031247858,0.017645080431355573,-0.01280926767119675,-0.15979951477981189,0.052504158726425755,-0.167065839930235,0.5,0.0,0.0,0.5,True,False,True,False,1,True,True,0.003358599991770461,4,3.5989442971443187e-09,4.650193907324684e-10,`gtol` termination condition is satisfied.,True,True,0.0,0.010036099993158132,True,0.02004755984195941,0.019943130083615423,False,False,False,False,False,False,1.0,False,False,False,0.0006585762579378078,0.004249593171384581,0.0006585787495008968,0.004249593546224266
1.800425900000846,1786139318.9531486,0.010278800007654354,0.008318699983647093,0.010278800007654354,TELEOP,0,,0.0,1.800425900000846,353,-0.006191113451484248,0.02409940786366494,0.0,0.02012184583885572,0.021889964270290233,0.04158857119076291,0.9986923107396961,-0.004905039721986246,0.021363937198305028,0.0,0.017919040068255298,0.019335138874521388,0.036913909169788234,0.9989706821111117,-0.017471486754380847,-0.21877102892296799,0.27857409519182513,-0.1216079312206969,0.011996452484822335,0.017040659443914467,0.9923594168030645,-0.017418738172759067,-0.21888182309339238,0.27860378274009623,-0.12172346043470593,0.011831767742074784,0.016815059691682763,0.9923510781066666,-0.017418734683133468,-0.21888182434844672,0.27860378274909503,-0.12172346047847264,0.011831767745094094,0.016815059456111024,0.9923510781052537,-0.017140386555089884,-0.21946008185248295,0.2787529772901239,-0.12249305309504782,0.010688304900673793,0.015206402339894511,0.9922953075620591,-0.017140386555089884,-0.21946008185248295,0.2787529772901239,-0.12249305309504782,0.010688304900673793,0.015206402339894511,0.9922953075620591,-0.04056927918636118,-0.5690843668955197,0.8078566291651338,-0.16170356846411027,0.48849516423670847,-0.1334781602720619,-0.0348054210043366,-0.5648948155835807,0.8059041802821899,-0.14155266568103733,0.49095654860822313,-0.11599255047537413,-0.0348054210043366,-0.5648948155835807,0.8059041802821899,-0.14155266568103733,0.49095654860822313,-0.11599255047537413,-0.07682254017947292,-0.06135671658088561,0.028956917259118125,-0.27549538483968805,-0.0394668769225129,-0.23678195788099826,-0.0730944272144464,0.0158331676162176,-0.011915697171054713,-0.16907231225945993,0.052045440896204914,-0.17514177122503402,0.5,0.0,0.0,0.5,True,False,True,False,1,True,True,0.0037066999939270318,4,3.7084672293091673e-09,4.792522618110589e-10,`gtol` termination condition is satisfied.,True,True,0.0,0.010278800007654354,True,0.020150902783072938,0.02004755984195941,False,False,False,False,False,False,1.0,False,False,False,0.0006588766443215191,0.004238240117599963,0.0006588792220748554,0.004238240503857757
1.8101838000002317,1786139318.961106,0.0097578999993857,0.006520399998407811,0.0097578999993857,TELEOP,0,,0.0,1.8101838000002317,355,-0.006339691053385438,0.02436754855717268,0.0,0.020335235647559343,0.022142894849911336,0.04204564266934633,0.9986632737471353,-0.005036848594216862,0.02163991904722884,0.0,0.01814119193591667,0.019593289421087994,0.03738573337063166,0.9989440960860352,-0.017511029091496634,-0.21869105543666478,0.2785526661125169,-0.1214968496396255,0.01215533793099394,0.017257876210592455,0.9923673357160289,-0.017457575396533243,-0.21880154557232584,0.27858227219571075,-0.12161160560562748,0.011991489792964093,0.017033644635125873,0.9923591469347228,-0.01745757206080775,-0.2188015467698202,0.2785822722052103,-0.12161160564720695,0.011991489795863926,0.017033644410072615,0.9923591469334553,-0.017175522337336057,-0.21937842067181812,0.27873108905938676,-0.122378218238869,0.010849982693440612,0.015429400766704545,0.9923042795273093,-0.017175522337336057,-0.21937842067181812,0.27873108905938676,-0.122378218238869,0.010849982693440612,0.015429400766704545,0.9923042795273093,-0.04137122427269254,-0.5696656560947636,0.8081278109889591,-0.1645028824740582,0.48815736897248624,-0.13590740508084692,-0.035561296260098664,-0.5654914796907223,0.8061853565191215,-0.1442544694270287,0.49057676348608004,-0.11831751059819508,-0.035561296260098664,-0.5654914796907223,0.8061853565191215,-0.1442544694270287,0.49057676348608004,-0.11831751059819508,-0.077462902449262,-0.061146774119352265,0.028815240671590102,-0.2768837297124824,-0.038920784407200704,-0.2382643932574961,-0.06562500843720463,0.021515127388737655,-0.014519167806284266,-0.14227906341340996,0.05596414344752176,-0.1519215585926454,0.5,0.0,0.0,0.5,True,False,True,False,1,True,True,0.003815000003669411,4,3.5441709246458063e-09,4.577677928527115e-10,`gtol` termination condition is satisfied.,True,True,0.0,0.0097578999993857,True,0.020248413047029512,0.020150902783072938,False,False,False,False,False,False,1.0,False,False,False,0.0006591524872165355,0.004227218041794232,0.0006591549647321828,0.004227218410524003
1.8201862999994773,1786139318.9715235,0.010002499999245629,0.006933600001502782,0.010002499999245629,TELEOP,0,,0.0,1.8201862999994773,357,-0.006493696392826653,0.02464145990887016,0.0,0.020552973285297423,0.022401474858721595,0.042512414411899645,0.9986332879661878,-0.005173736803869014,0.021921974145977356,0.0,0.018367973773612097,0.019857342858913246,0.03786779751116479,0.9989165797931722,-0.017552095222696764,-0.21860932205363254,0.27853076546351224,-0.12138343830161298,0.012317823816744556,0.017479792131033883,0.9923753266731061,-0.017497921090107737,-0.21871949515499228,0.27856028659841703,-0.12149739517799987,0.012154846441403522,0.01725697767325638,0.9923672905706493,-0.017497917648972412,-0.21871949638365573,0.27856028660059384,-0.1214973952210404,0.012154846444404663,0.017256977441229032,0.992367290569378,-0.01721208623053095,-0.21929488048318296,0.27870869550063315,-0.12226085060817755,0.011015494496593491,0.01565744710611651,0.9923133515375472,-0.01721208623053095,-0.21929488048318296,0.27870869550063315,-0.12226085060817755,0.011015494496593491,0.01565744710611651,0.9923133515375472,-0.04219979419318112,-0.570258981495528,0.8084041903195344,-0.16738553966207925,0.4878174342721532,-0.13841188059446755,-0.036343020293312954,-0.566101158076109,0.8064722305162387,-0.1470393249036612,0.49019299757019374,-0.1207169023042197,-0.036343020293312954,-0.566101158076109,0.8064722305162387,-0.1470393249036612,0.49019299757019374,-0.1207169023042197,-0.07815286511104713,-0.060952600393158016,0.028680229656478942,-0.27841594369833006,-0.03836699984156455,-0.23987920082035352,-0.06897902142835917,0.019412519491016772,-0.013497727080364046,-0.15318310282062125,0.05536461541393797,-0.16144039619887182,0.5,0.0,0.0,0.5,True,False,True,False,1,True,True,0.003480399987893179,4,3.6539062564723486e-09,4.720161138650398e-10,`gtol` termination condition is satisfied.,True,True,0.0,0.010002499999245629,True,0.020346214758418052,0.020248413047029512,False,False,False,False,False,False,1.0,False,False,False,0.0006593873394052236,0.004215398128671913,0.0006593899037014245,0.004215398508843661
1.8302280000061728,1786139318.9812508,0.010041700006695464,0.006612900004256517,0.010041700006695464,TELEOP,0,,0.0,1.8302280000061728,359,-0.006650033802561434,0.024915465692636245,0.0,0.020770538525193505,0.022660352189116162,0.042979208923195414,0.9986029645301355,-0.005312945002356232,0.022204271199473092,0.0,0.018594690728843392,0.020121844911990996,0.03835013151800725,0.998888690619024,-0.017593857350262868,-0.21852751855525315,0.2785088460255974,-0.12127004454938639,0.012480553171801214,0.017701817287913105,0.9923832212165928,-0.017538962361872606,-0.2186373680865653,0.27853828046095225,-0.12138319297419467,0.01231846292251901,0.01748043974857662,0.9923753373400673,-0.017538958884900844,-0.21863736932266303,0.27853828045780393,-0.12138319301772366,0.012318462925562478,0.01748043951427135,0.9923753373388324,-0.017249346470710726,-0.21921118321234018,0.2786862558684198,-0.12214335689746114,0.011181433788719658,0.015885826335590183,0.9923223349425747,-0.017249346470710726,-0.21921118321234018,0.2786862558684198,-0.12214335689746114,0.011181433788719658,0.015885826335590183,0.9923223349425747,-0.04303817723681402,-0.5708520379389738,0.8086800227461773,-0.17029268056298277,0.48748265765068116,-0.14094055062922548,-0.0371347865046491,-0.5667112511853694,0.8067588639330869,-0.14985053602292103,0.4898133842385438,-0.12314197771503439,-0.0371347865046491,-0.5667112511853694,0.8067588639330869,-0.14985053602292103,0.4898133842385438,-0.12314197771503439,-0.07884782564787089,-0.06075595853825998,0.02854431188514728,-0.2799537047895691,-0.03780369174510246,-0.24150048390190187,-0.0692074585339519,0.01958252634184695,-0.01353533477807898,-0.15313752553986967,0.05609688559571578,-0.1614550405277325,0.5,0.0,0.0,0.5,True,False,True,False,1,True,True,0.003556800016667694,4,3.690159906216482e-09,4.766739895677981e-10,`gtol` termination condition is satisfied.,True,True,0.0,0.010041700006695464,True,0.02044214454006174,0.020346214758418052,False,False,False,False,False,False,1.0,False,False,False,0.0006595714158348348,0.004202992482038678,0.0006595740172237671,0.00420299286588011
1.8402599999972153,1786139318.9911962,0.01003199999104254,0.006533300009323284,0.01003199999104254,TELEOP,0,,0.0,1.8402599999972153,361,-0.006807943381963966,0.025188216393868975,0.0,0.0209868612024436,0.022918250280548592,0.04344372780138222,0.9985724550455349,-0.005453793449906909,0.02248542168060558,0.0,0.01882022925060299,0.020385492762673787,0.0388303636599477,0.9988605676038144,-0.01763611155389637,-0.2184460473062429,0.27848701561333217,-0.12115722538421737,0.012642724756388729,0.01792286011708061,0.9923909810821316,-0.017580498761083307,-0.21855556837065176,0.2785163620370121,-0.12126956010165804,0.012481533471179994,0.017702931988812787,0.9923832482030104,-0.01758049526523136,-0.2185555696085271,0.2785163620290385,-0.12126956014544217,0.012481533474251376,0.01770293175337344,0.9923832482018212,-0.017287120378151107,-0.21912774517158845,0.27866388121866564,-0.12202631713406009,0.01134697477578756,0.016113399528124312,0.9923311858677941,-0.017287120378151107,-0.21912774517158845,0.27866388121866564,-0.12202631713406009,0.01134697477578756,0.016113399528124312,0.9923311858677941,-0.04388228020786959,-0.5714418962919331,0.8089539499788146,-0.17321001951825113,0.48715476472819286,-0.14348099242980375,-0.03793270173499486,-0.5673187133385711,0.8070438294392297,-0.152674177858284,0.4894398879142085,-0.12558073412802373,-0.03793270173499486,-0.5673187133385711,0.8070438294392297,-0.152674177858284,0.4894398879142085,-0.12558073412802373,-0.07953700469081064,-0.06055244754228255,0.028405652551551808,-0.28146350058653896,-0.037230494883253536,-0.2430977287845782,-0.06869807052981516,0.020286183827666025,-0.01382170391938599,-0.150497986275714,0.05713684832144372,-0.1592150004089389,0.5,0.0,0.0,0.5,True,False,True,False,1,True,True,0.0032528000010643154,4,3.708554941503543e-09,4.789972218573113e-10,`gtol` termination condition is satisfied.,True,True,0.0,0.01003199999104254,True,0.020535841659967136,0.02044214454006174,False,False,False,False,False,False,1.0,False,False,False,0.000659708731670406,0.004190097548867361,0.0006597113581391411,0.004190097934490769
1.8503049999999348,1786139319.0018182,0.010045000002719462,0.007110900012776256,0.010045000002719462,TELEOP,0,,0.0,1.8503049999999348,363,-0.006967777002391229,0.02546031782763269,0.0,0.021202424174955138,0.02317573956556651,0.043907003989783894,0.9985416953264072,-0.00559659809178578,0.02276604840334767,0.0,0.019045090738660234,0.020648868526079788,0.03930955861313783,0.9988321517397151,-0.017678952616444258,-0.21836472782875538,0.2784652258672518,-0.12104473010542913,0.012804696932441401,0.018143410840711256,0.9923986243910444,-0.017622623466133185,-0.21847391487410284,0.2784944827915459,-0.12115624423814282,0.01264441823082632,0.017924947501888062,0.9923910415893354,-0.017622619943729278,-0.21847391611644007,0.27849448277843974,-0.12115624428229498,0.012644418233932352,0.017924947264799252,0.9923910415881879,-0.01732549347297875,-0.21904438344146898,0.27864152292055433,-0.121909477004949,0.011512478933469164,0.016340667695755987,0.9923399240302907,-0.01732549347297875,-0.21904438344146898,0.27864152292055433,-0.121909477004949,0.011512478933469164,0.016340667695755987,0.9923399240302907,-0.044733994969645016,-0.5720298531216393,0.8092265799834775,-0.17614399772409509,0.486833092430315,-0.14603881279088868,-0.0387385616775116,-0.5679248649208768,0.8073277499880729,-0.15551649956260932,0.48907176691221943,-0.1280385785199769,-0.0387385616775116,-0.5679248649208768,0.8073277499880729,-0.15551649956260932,0.48907176691221943,-0.1280385785199769,-0.08022498181170398,-0.060343611960342,0.02826486299316085,-0.2829588555058078,-0.036647187843646865,-0.2446833639908186,-0.06848950927895343,0.020790003174117437,-0.014015884355683683,-0.14886559670124616,0.058069391682304905,-0.1578531812654209,0.5,0.0,0.0,0.5,True,False,True,False,1,True,True,0.003778900019824505,4,3.73509074254031e-09,4.823753090594169e-10,`gtol` termination condition is satisfied.,True,True,0.0,0.010045000002719462,True,0.020627498161485763,0.020535841659967136,False,False,False,False,False,False,1.0,False,False,False,0.0006598014185642397,0.004176698436339498,0.0006598040760131321,0.004176698824603026
1.8604012000141665,1786139319.0116236,0.010096200014231727,0.006818200025008991,0.010096200014231727,TELEOP,0,,0.0,1.8604012000141665,365,-0.007130152584520372,0.02573278419785731,0.0,0.021418031099357103,0.023433779229673296,0.04437076422165577,0.9985105714098516,-0.005741916309505364,0.023047196503118834,0.0,0.019270111986026843,0.020912953250040243,0.03978950054338889,0.9988033374077779,-0.017722547751131218,-0.21828325726541323,0.27844339563599124,-0.1209321400542377,0.012967073022012263,0.018364290652333456,0.9924061796200087,-0.017665501063173824,-0.2183921035294604,0.27847256124895126,-0.12104282381771303,0.012807723809108943,0.018147312701869263,0.9923987464999965,-0.017665497500901642,-0.21839210478079235,0.2784725612301575,-0.12104282386242511,0.012807723812261394,0.018147312462237334,0.9923987464988843,-0.017364619608916027,-0.21896078430674507,0.2786190975498483,-0.12179240234166328,0.011678568520338965,0.01656848895941114,0.9923485813678398,-0.017364619608916027,-0.21896078430674507,0.2786190975498483,-0.12179240234166328,0.011678568520338965,0.01656848895941114,0.9923485813678398,-0.04559660462930224,-0.5726180802840036,0.8094989220224975,-0.179105729239286,0.4865165588846036,-0.14862372567019802,-0.0395555377585543,-0.5685319675117424,0.8076116839909918,-0.15838847963700092,0.4887077671831534,-0.13052504465837794,-0.0395555377585543,-0.5685319675117424,0.8076116839909918,-0.15838847963700092,0.4887077671831534,-0.13052504465837794,-0.08091916561588292,-0.06013179116993103,0.028122858354497224,-0.2844614875243391,-0.03605314163278648,-0.24627742466433658,-0.06875693857098779,0.020980249015707057,-0.01406515703566238,-0.14883144315813307,0.05883859373061245,-0.15788719233681586,0.5,0.0,0.0,0.5,True,False,True,False,1,True,True,0.0037139999913051724,4,3.775707611171772e-09,4.875809907065054e-10,`gtol` termination condition is satisfied.,True,True,0.0,0.010096200014231727,True,0.020717249602285076,0.020627498161485763,False,False,False,False,False,False,1.0,False,False,False,0.0006598460442497455,0.004162720902082464,0.0006598487428570097,0.004162721294468345
1.87007239999366,1786139319.0214493,0.009671199979493394,0.00697400001809001,0.009671199979493394,TELEOP,0,,0.0,1.87007239999366,367,-0.007287310790472185,0.02599281016916575,0.0,0.021623564786417828,0.0236802283212563,0.044813221519660516,0.9984805673670423,-0.005882753985587903,0.023315663108779264,0.0,0.019484747317259767,0.02116532646158039,0.04024766267926078,0.9987754999130755,-0.017764798738240436,-0.21820546151935205,0.2784225500795005,-0.12082473274120499,0.013122218954437553,0.018575133632268943,0.9924132988519812,-0.017707066400619947,-0.21831397644212858,0.27845162691052994,-0.12093461549065894,0.012963771814496967,0.018359591375270146,0.9924060080435836,-0.017707062966987305,-0.2183139776464103,0.27845162689242514,-0.12093461553357034,0.01296377181754874,0.018359591144419478,0.9924060080425853,-0.017402581257425342,-0.21888093449688337,0.2785976684090877,-0.12168062217456374,0.01183731859872531,0.016785975351720453,0.9923567579792536,-0.017402581257425342,-0.21888093449688337,0.2785976684090877,-0.12168062217456374,0.01183731859872531,0.016785975351720453,0.9923567579792536,-0.04642893027275741,-0.5731789998487842,0.8097582358221784,-0.18195452540958904,0.48621972818147985,-0.15111273921334215,-0.04034396689145701,-0.5691111244760504,0.8078821564499462,-0.16115138846514757,0.48836488044283927,-0.13291978393539394,-0.04034396689145701,-0.5691111244760504,0.8078821564499462,-0.16115138846514757,0.48836488044283927,-0.13291978393539394,-0.08152340294632279,-0.05988470567623424,0.027966794144254844,-0.28568417921303135,-0.03545441527847239,-0.24761552672819792,-0.0624780101456994,0.025548586961359962,-0.016137005808306536,-0.12642605791265416,0.061908176398339176,-0.13835946590894965,0.5,0.0,0.0,0.5,True,False,True,False,1,True,True,0.0034508999960962683,4,3.6387436553687584e-09,4.696540438085696e-10,`gtol` termination condition is satisfied.,True,True,0.0,0.009671199979493394,True,0.02080313694444147,0.020717249602285076,False,False,False,False,False,False,1.0,False,False,False,0.0006599070437154014,0.004149272966753852,0.0006599096586492462,0.004149273344549418
1.8801046999869868,1786139319.031634,0.010032299993326887,0.007121200003894046,0.010032299993326887,TELEOP,0,,0.0,1.8801046999869868,369,-0.0074520034314628225,0.026261530572374278,0.0,0.021835735730981576,0.0239351137845686,0.045270341223339096,0.9984492511784107,-0.0060306024334934195,0.02359323293983769,0.0,0.019706408656327445,0.02142647102492768,0.04072122023023983,0.9987463872376451,-0.017809152946191193,-0.2181250278556252,0.27840099768529236,-0.12071379515637866,0.013282725871296296,0.018793047162385775,0.9924205611688647,-0.017750711977503948,-0.21823319429779006,0.2784299811419292,-0.1208228419769144,0.013125226008416995,0.018579006250958215,0.9924134167903901,-0.01775070839543602,-0.2182331955475381,0.2784299811140245,-0.12082284202191938,0.013125226011610097,0.01857900601026763,0.9924134167893746,-0.01744250544993256,-0.21879830624166596,0.27857549466870213,-0.12156507880563779,0.012001698975733442,0.017010958474338422,0.9923651133168978,-0.01744250544993256,-0.21879830624166596,0.27857549466870213,-0.12156507880563779,0.012001698975733442,0.017010958474338422,0.9923651133168978,-0.04729872620403135,-0.5737581114116899,0.8100255666869524,-0.18492186920812348,0.48591858436310126,-0.1537081361349026,-0.041168641751964406,-0.5697096445599893,0.8081612505142235,-0.164031858974366,0.4880153251904993,-0.135419334765754,-0.041168641751964406,-0.5697096445599893,0.8081612505142235,-0.164031858974366,0.4880153251904993,-0.135419334765754,-0.08220197373044456,-0.05965930886606559,0.027819549302047185,-0.2871196546289899,-0.034842982424019425,-0.24915032764397496,-0.06763860576070556,0.022467112259260107,-0.014677077270974738,-0.14308537592709475,0.06094642852184102,-0.15298594707075577,0.5,0.0,0.0,0.5,True,False,True,False,1,True,True,0.0036051000060979277,4,3.793924015637744e-09,4.897698810242684e-10,`gtol` termination condition is satisfied.,True,True,0.0,0.010032299993326887,True,0.020890010233757472,0.02080313694444147,False,False,False,False,False,False,1.0,False,False,False,0.000659934350393745,0.004134893597824758,0.0006599370873217481,0.004134893991818418
1.890137100010179,1786139319.0411768,0.010032400023192167,0.006636799982516095,0.010032400023192167,TELEOP,0,,0.0,1.890137100010179,371,-0.007618388330371906,0.0265292101707692,0.0,0.02204684710675938,0.024189209781127853,0.04572555684559923,0.9984177442904226,-0.006180198807880684,0.0238698732594715,0.0,0.019927077143078977,0.021686953142096635,0.041193052325561585,0.9987170370530634,-0.017854031533179566,-0.21804486354176464,0.27837951746266515,-0.12060333995887344,0.013442794786116406,0.01901015262262549,0.9924277000146496,-0.017794884462411214,-0.21815267674790603,0.2784084062706855,-0.12071154594648284,0.013286253557576412,0.018797624888987476,0.9924207008321355,-0.01779488085918423,-0.21815267800071764,0.2784084062376845,-0.12071154599179974,0.013286253560799956,0.018797624647013966,0.9924207008311635,-0.017482973420766313,-0.2187158877561254,0.2785533741785476,-0.12144992552940555,0.01216577150462436,0.017235279694138725,0.9923733444256068,-0.017482973420766313,-0.2187158877561254,0.2785533741785476,-0.12144992552940555,0.01216577150462436,0.017235279694138725,0.9923733444256068,-0.04817492581409239,-0.5743344354235974,0.8102912142084777,-0.18790136411881336,0.4856243493956566,-0.1563169699437283,-0.042000089177288646,-0.5703058438281964,0.8084388439121686,-0.16692651091959085,0.4876720013909731,-0.1379340960850507,-0.042000089177288646,-0.5703058438281964,0.8084388439121686,-0.16692651091959085,0.4876720013909731,-0.1379340960850507,-0.08287622337647635,-0.05942738196531518,0.02766968993495191,-0.28853035550149536,-0.0342215022061017,-0.25066398005295476,-0.0672072130769405,0.02311778838705123,-0.014937539048367598,-0.14061449595752507,0.061947312356069525,-0.15087640100879712,0.5,0.0,0.0,0.5,True,False,True,False,1,True,True,0.0033070999779738486,4,3.814953562573296e-09,4.924068917048854e-10,`gtol` termination condition is satisfied.,True,True,0.0,0.010032400023192167,True,0.020974853199222515,0.020890010233757472,False,False,False,False,False,False,1.0,False,False,False,0.0006599296800455325,0.00412012148439517,0.0006599324450194862,0.0041201218804432565
1.9001515000127256,1786139319.0509605,0.010014400002546608,0.006405599997378886,0.010014400002546608,TELEOP,0,,0.0,1.9001515000127256,373,-0.007786154190901829,0.026795358217528736,0.0,0.022256515111854572,0.024442047404334456,0.04617803550801291,0.9983861091233095,-0.006331261262082095,0.02414507678646932,0.0,0.02014635131536856,0.0219462920585917,0.041662295381058395,0.9986875076504854,-0.017899349945801838,-0.21796511557677745,0.2783581488003644,-0.1204935682673023,0.013602130741725556,0.019226052900841957,0.9924347036129642,-0.017839500504737718,-0.21807257146453132,0.27838694186588603,-0.1206009301652475,0.013446557580023168,0.019015047188645436,0.9924278481143796,-0.017839496887113948,-0.2180725727182834,0.2783869418280349,-0.1206009302107864,0.013446557583271406,0.01901504694584347,0.9924278481134536,-0.01752390695803499,-0.21863383678707954,0.2785313492885317,-0.12133538115132796,0.012329220495713012,0.017458510648979825,0.9923814367513882,-0.01752390695803499,-0.21863383678707954,0.2785313492885317,-0.12133538115132796,0.012329220495713012,0.017458510648979825,0.9923814367513882,-0.04905589626781487,-0.5749069086786935,0.8105546957335795,-0.19088740719438635,0.4853376010499327,-0.1589343176606459,-0.04283671570616125,-0.5708985739175142,0.8087144079266957,-0.1698297349318985,0.4873356136140854,-0.14045918658492024,-0.04283671570616125,-0.5708985739175142,0.8087144079266957,-0.1698297349318985,0.4873356136140854,-0.14045918658492024,-0.08354235187927934,-0.05918777851565153,0.027516777286408514,-0.28990493804615397,-0.03359040749342442,-0.25214595974071535,-0.06651706568876793,0.023925891676258425,-0.015269277091439293,-0.13726059916810487,0.06301872428870368,-0.14798487052481504,0.5,0.0,0.0,0.5,True,False,True,False,1,True,True,0.0033079999848268926,4,3.828906986574264e-09,4.94117374864112e-10,`gtol` termination condition is satisfied.,True,True,0.0,0.010014400002546608,True,0.021057672262487837,0.020974853199222515,False,False,False,False,False,False,1.0,False,False,False,0.0006598998961242423,0.004105031589777044,0.0006599026842881606,0.004105031987133359
1.910522399994079,1786139319.061283,0.010370899981353432,0.006358100014040247,0.010370899981353432,TELEOP,0,,0.0,1.910522399994079,375,-0.00796165385870195,0.027069862461867284,0.0,0.022472519852703224,0.024703027261531438,0.04664458199818562,0.9983531585895847,-0.006489551949985335,0.02442905795745006,0.0,0.02037235525215217,0.02221412542121776,0.04214635774014545,0.9986566899102466,-0.017946836818212183,-0.21788282404011028,0.27833609858034275,-0.12038041243504219,0.013766653269358203,0.019448756805130796,0.9924418277251646,-0.01788626315908484,-0.21798990518939818,0.27836479123567737,-0.12048689584537112,0.013612093728204195,0.019239338338223867,0.9924351196396612,-0.017886259391786213,-0.2179899064886796,0.27836479118711044,-0.12048689589303933,0.01361209373159734,0.019239338085525855,0.9924351196387263,-0.017566900043589198,-0.21854906050678563,0.2785085957036372,-0.12121717775968106,0.01249820832296618,0.017689088917911502,0.9923896849211744,-0.017566900043589198,-0.21854906050678563,0.2785085957036372,-0.12121717775968106,0.01249820832296618,0.017689088917911502,0.9923896849211744,-0.04997496438391992,-0.5754967173099358,0.8108257492264996,-0.1939921683544807,0.4850480972056518,-0.16165866514927602,-0.0437107692663442,-0.5715101041226155,0.8089982691567482,-0.1728526120839903,0.4869939683109719,-0.14309143989583842,-0.0437107692663442,-0.5715101041226155,0.8089982691567482,-0.1728526120839903,0.4869939683109719,-0.14309143989583842,-0.08427943204104502,-0.058965972692898376,0.027370935074384428,-0.29147683976576977,-0.03294268614370458,-0.25381146435226437,-0.07107195740880014,0.021387326379770054,-0.014062637985739514,-0.15156849670154016,0.062455654850053756,-0.16059402892164842,0.5,0.0,0.0,0.5,True,False,True,False,1,True,True,0.003513999981805682,4,3.985351919645665e-09,5.14357587508348e-10,`gtol` termination condition is satisfied.,True,True,0.0,0.010370899981353432,True,0.021139556270490384,0.021057672262487837,False,False,False,False,False,False,1.0,False,False,False,0.0006597903820293387,0.004088711561929371,0.0006597932960457774,0.004088711975574913
1.9204315000097267,1786139319.0719237,0.00990910001564771,0.007087100006174296,0.00990910001564771,TELEOP,0,,0.0,1.9204315000097267,377,-0.008131006443676786,0.027331069839663526,0.0,0.022677829134088293,0.024951557439912623,0.047088398308507876,0.9983215006158223,-0.006642481633128709,0.024699450051136388,0.0,0.0205873040872244,0.022469344376585564,0.04260712215193641,0.998627019770463,-0.017992715405175257,-0.2178044703188631,0.2783151035063184,-0.1202727774013444,0.013923397923746646,0.01966072875385513,0.9924485144083249,-0.017931451805635098,-0.21791118866503678,0.2783436989494894,-0.12037841669796269,0.013769817800267559,0.01945283826330998,0.9924419459064296,-0.017931448184771385,-0.2179111899125451,0.2783436989028711,-0.12037841674360124,0.013769817803543104,0.019452838020568526,0.9924419459056064,-0.017608490819024693,-0.21846830740659243,0.2784869134256577,-0.12110463566086149,0.012659285234206724,0.017908611792539848,0.9923974462595484,-0.017608490819024693,-0.21846830740659243,0.2784869134256577,-0.12110463566086149,0.012659285234206724,0.017908611792539848,0.9923974462595484,-0.050859294213484584,-0.5760574289938065,0.8110830479309623,-0.19697008737162258,0.4847785227809559,-0.16427441882225627,-0.04455213414658567,-0.5720917963866254,0.8092678811510227,-0.17575314871601858,0.48667397920514394,-0.14561995450576062,-0.04455213414658567,-0.5720917963866254,0.8092678811510227,-0.17575314871601858,0.48667397920514394,-0.14561995450576062,-0.08490830437808108,-0.0587028350800177,0.027208524875990184,-0.2927144369769175,-0.032292448892702,-0.255170964661712,-0.06346412247762219,0.02655514753763166,-0.01639000495885362,-0.12489501662042157,0.06562021273130514,-0.13719715284948447,0.5,0.0,0.0,0.5,True,False,True,False,1,True,True,0.0037192000017967075,4,3.830026671154609e-09,4.940352159901942e-10,`gtol` termination condition is satisfied.,True,True,0.0,0.00990910001564771,True,0.021216938655604006,0.021139556270490384,False,False,False,False,False,False,1.0,False,False,False,0.0006596906561416553,0.004072980627751991,0.0006596934721892173,0.004072981024896646
1.9304590999963693,1786139319.081296,0.010027599986642599,0.006433800008380786,0.010027599986642599,TELEOP,0,,0.0,1.9304590999963693,379,-0.008304036471262405,0.02759432234011526,0.0,0.02288451652278426,0.02520222278206067,0.047535560125930965,0.9982892954418954,-0.0067989610508778055,0.024972098581724708,0.0,0.02080380242314752,0.022726898381054333,0.04307159505789123,0.9985967792827518,-0.01803965890986648,-0.21772546272926363,0.2782939332252626,-0.12016435229447989,0.014081546970554795,0.019874393268859473,0.992455161186015,-0.017977699567395738,-0.21783180932214224,0.27832242905806925,-0.12026913305525748,0.013928968604307165,0.019668059791707614,0.9924487326264199,-0.017977695883524804,-0.21783181058689985,0.27832242900440235,-0.12026913310181639,0.013928968607650964,0.019668059544881496,0.9924487326256222,-0.017651111098390956,-0.21838683278085744,0.2784650367568927,-0.12099119773162746,0.012821904655337711,0.01813001894494632,0.9924051749389116,-0.017651111098390956,-0.21838683278085744,0.2784650367568927,-0.12099119773162746,0.012821904655337711,0.01813001894494632,0.9924051749389116,-0.05176045568054763,-0.5766219276908016,0.811341708640621,-0.1999949117731846,0.4845128731578458,-0.16693409577161175,-0.04541009120181701,-0.5726778353471678,0.8095391013696971,-0.17870132772244848,0.48635679819693184,-0.14819285439121382,-0.04541009120181701,-0.5726778353471678,0.8095391013696971,-0.17870132772244848,0.48635679819693184,-0.14819285439121382,-0.08555956124837377,-0.05844259457128399,0.02704737115917024,-0.29400644325233066,-0.03163079985585993,-0.25658182305641175,-0.06494643495554286,0.025952422222702293,-0.01607101570012888,-0.12884501547072158,0.06598279126844159,-0.1406975145178381,0.5,0.0,0.0,0.5,True,False,True,False,1,True,True,0.003475100005744025,4,3.895304480055437e-09,5.024049415007207e-10,`gtol` termination condition is satisfied.,True,True,0.0,0.010027599986642599,True,0.021293584050736114,0.021216938655604006,False,False,False,False,False,False,1.0,False,False,False,0.0006595788267802186,0.004056814264405479,0.0006595817034869792,0.004056814668249815
1.9405011000053491,1786139319.0920417,0.010042000008979812,0.00713390001328662,0.010042000008979812,TELEOP,0,,0.0,1.9405011000053491,381,-0.008478973724567124,0.027856855117453817,0.0,0.023090409349900923,0.025452391860648963,0.047981369870830334,0.9982568792099279,-0.006957384695456858,0.0252441476207127,0.0,0.02101958131072053,0.022984090155724207,0.04353491036467591,0.9985662824173342,-0.018087185683311684,-0.21764662885698613,0.2782728094908043,-0.12005627329054432,0.01423944411920853,0.020087511901385306,0.9924616976691715,-0.018024532116370007,-0.21775259861007204,0.2783012043503099,-0.12016019015720912,0.014087879344044226,0.019882748075686872,0.992455407908048,-0.0180245284073628,-0.21775259987972478,0.2783012042911795,-0.12016019020416037,0.014087879347422927,0.019882747827315993,0.9924554079072913,-0.01769432532841907,-0.2183054908631886,0.2784431941688013,-0.12087804729313695,0.012984362660297573,0.01835098451274067,0.9924127898089168,-0.01769432532841907,-0.2183054908631886,0.2784431941688013,-0.12087804729313695,0.012984362660297573,0.01835098451274067,0.9924127898089168,-0.0526691650774593,-0.5771842756175258,0.8115990093394878,-0.2030352438689984,0.4842540985269317,-0.16961012531666977,-0.046275808386646584,-0.5732620535448537,0.809809074256088,-0.18166655679700952,0.48604590178395274,-0.15078348379323817,-0.046275808386646584,-0.5732620535448537,0.809809074256088,-0.18166655679700952,0.48604590178395274,-0.15078348379323817,-0.08620963792625295,-0.0581774743241952,0.026884374243119392,-0.29528271976791914,-0.030959610904312533,-0.25797942637997867,-0.06473577746443603,0.026401139897601518,-0.016231519209828054,-0.12709385724429187,0.06683817476072539,-0.1391757938973455,0.5,0.0,0.0,0.5,True,False,True,False,1,True,True,0.0035324000054970384,4,3.920745968316039e-09,5.055867847422605e-10,`gtol` termination condition is satisfied.,True,True,0.0,0.010042000008979812,True,0.021368687071988884,0.021293584050736114,False,False,False,False,False,False,1.0,False,False,False,0.0006594570784263055,0.0040403883086412365,0.0006594599873535881,0.004040388714992063
1.9505077000067104,1786139319.1019397,0.010006600001361221,0.00702869999804534,0.010006600001361221,TELEOP,0,,0.0,1.9505077000067104,383,-0.008654938544819314,0.028117359286877065,0.0,0.02329448453709163,0.025700814264506554,0.04842360671955172,0.9982244183792354,-0.007116951346155343,0.025514242388006494,0.0,0.02123356994808325,0.02323963534856136,0.043994762749755965,0.998535685745241,-0.01813505536089093,-0.21756836128773713,0.278251837497279,-0.11994907691519174,0.014396301407397888,0.0202990245176892,0.9924680927146278,-0.01807171249315076,-0.2176739510249191,0.2782801305324305,-0.12005212895300131,0.014245756819679621,0.020095834920358876,0.9924619399076925,-0.018071708777615263,-0.2176739522935116,0.2782801304686768,-0.12005212900008741,0.014245756823076623,0.02009583467168917,0.9924619399069832,-0.017737911450861295,-0.21822469452198842,0.2784214961499841,-0.12076575387878948,0.013145833089357921,0.018570386603858905,0.9924202539770426,-0.017737911450861295,-0.21822469452198842,0.2784214961499841,-0.12076575387878948,0.013145833089357921,0.018570386603858905,0.9924202539770426,-0.05358085340692587,-0.5777416673069277,0.811853674093545,-0.2060757565629457,0.4840035160819281,-0.17228899487384003,-0.04714486145410234,-0.5738414807796448,0.8100764346500133,-0.18463363943628855,0.48574289754058303,-0.15337854794028094,-0.04714486145410234,-0.5738414807796448,0.8100764346500133,-0.18463363943628855,0.48574289754058303,-0.15337854794028094,-0.08684798706229281,-0.05790450649693461,0.026718405241440906,-0.2965125655942496,-0.030280439242950184,-0.2593352534017317,-0.06379281034047685,0.02727877872838484,-0.016585953436323027,-0.1229034663285368,0.06787237036255658,-0.1354932765943076,0.5,0.0,0.0,0.5,True,False,True,False,1,True,True,0.003772299998672679,4,3.926651948254157e-09,5.062243206904163e-10,`gtol` termination condition is satisfied.,True,True,0.0,0.010006600001361221,True,0.02144211712665714,0.021368687071988884,False,False,False,False,False,False,1.0,False,False,False,0.0006593344473233542,0.0040238407410375775,0.0006593373743570113,0.004023841147840899
1.9607521000143606,1786139319.1113858,0.010244400007650256,0.006231999985175207,0.010244400007650256,TELEOP,0,,0.0,1.9607521000143606,385,-0.008836778100352554,0.028382902650017756,0.0,0.023502274772468114,0.025954233036450003,0.04887426664869447,0.9981910272726165,-0.007282084635861538,0.025789702252156647,0.0,0.021451559513694703,0.023500465309347202,0.04446360951798691,0.9985041542994735,-0.018184595023863145,-0.21748853902814427,0.27823044891907694,-0.11983986181176644,0.01455637248124022,0.020514660526311,0.9924745176802346,-0.018120549449755764,-0.217593735268031,0.2782586365175453,-0.11994202488792917,0.014406882289126106,0.020313092102257332,0.9924685036300829,-0.018120545626618224,-0.21759373656848507,0.27825863644421717,-0.11994202493658167,0.014406882292633014,0.02031309184653208,0.9924685036293862,-0.017783099753147246,-0.21814222486049967,0.2783993513182113,-0.12065127035289003,0.013310750187559952,0.01879426860339068,0.9924277658143901,-0.017783099753147246,-0.21814222486049967,0.2783993513182113,-0.12065127035289003,0.013310750187559952,0.01879426860339068,0.9924277658143901,-0.0545206286865627,-0.5783091640471718,0.812112580018092,-0.2091996415379072,0.4837546116491999,-0.1750440959270084,-0.048041584176697016,-0.5744319773151866,0.8103484871114718,-0.1876850890941204,0.48543981182399637,-0.15605034738557733,-0.048041584176697016,-0.5744319773151866,0.8103484871114718,-0.1876850890941204,0.48543981182399637,-0.15605034738557733,-0.08753296649145131,-0.05764090967756243,0.026556212296993405,-0.29786514149712273,-0.029585501967938542,-0.26080584937147594,-0.06686379179327034,0.025730820660588814,-0.015832351755728145,-0.13203075844979567,0.06783582000826596,-0.14355120540451918,0.5,0.0,0.0,0.5,True,False,True,False,1,True,True,0.003519999998388812,4,4.038927885626093e-09,5.206736223678203e-10,`gtol` termination condition is satisfied.,True,True,0.0,0.010244400007650256,True,0.021514552443786805,0.02144211712665714,False,False,False,False,False,False,1.0,False,False,False,0.0006591735733195497,0.004006504515325317,0.0006591765969101957,0.004006504933737595
1.9700503000058234,1786139319.1215782,0.009298199991462752,0.007124399999156594,0.009298199991462752,TELEOP,0,,0.0,1.9700503000058234,387,-0.00900329912363288,0.028622901971213185,0.0,0.023689874385788807,0.0261834397130294,0.04928146072663911,0.9981605857601413,-0.007433429033969672,0.026038838836205176,0.0,0.021648512068980504,0.023736540943776117,0.044887536759953564,0.9984753515199299,-0.018229998050312005,-0.21741634467893486,0.2782111042577199,-0.11974117389689516,0.01470122737260453,0.020709625837806906,0.9924802449344725,-0.018165315892818713,-0.21752117933157938,0.27823919496971083,-0.11984252585383376,0.014552703870411965,0.020509539024796162,0.9924743556465445,-0.01816531240324677,-0.21752118052104713,0.27823919490862553,-0.11984252589782561,0.014552703873628938,0.020509538791499082,0.9924743556460064,-0.01782451499006056,-0.21806768317927916,0.278379321584339,-0.12054778627215994,0.013459908741933898,0.01899650596450793,0.9924344788663284,-0.01782451499006056,-0.21806768317927916,0.278379321584339,-0.12054778627215994,0.013459908741933898,0.01899650596450793,0.9924344788663284,-0.055378959917133326,-0.5788215969326875,0.8123460384540763,-0.21204431608999022,0.4835352814984696,-0.17755527131435078,-0.0488600051299855,-0.5749649397458617,0.8105936971971196,-0.19046185864282947,0.48517096517557773,-0.15848402414402907,-0.0488600051299855,-0.5749649397458617,0.8105936971971196,-0.19046185864282947,0.48517096517557773,-0.15848402414402907,-0.08801928911401415,-0.05731888227447286,0.02637178011582098,-0.2986351714588396,-0.02891383801870372,-0.26173633183694234,-0.05230287830003191,0.034633305735006815,-0.019835256430466523,-0.08281494939062425,0.07223591123567122,-0.10007124672740328,0.5,0.0,0.0,0.5,True,False,True,False,1,True,True,0.0037659000081475824,4,3.6872316561342796e-09,4.748618715273221e-10,`gtol` termination condition is satisfied.,True,True,0.0,0.009298199991462752,True,0.021582457447160752,0.021514552443786805,False,False,False,False,False,False,1.0,False,False,False,0.0006591232946388606,0.003991216962398238,0.0006591260721581075,0.0039912173437536905
1.9800664999929722,1786139319.1313162,0.010016199987148866,0.006845700001576915,0.010016199987148866,TELEOP,0,,0.0,1.9800664999929722,389,-0.009184244140920473,0.028880340608310268,0.0,0.02389089220933863,0.0264294760824396,0.04971812216226931,0.998127655358826,-0.007598145626132277,0.026306184492391284,0.0,0.021859624024854963,0.02399006757232544,0.04534231618888035,0.9984441435844046,-0.018279412713563405,-0.21733887373542676,0.2781903457179569,-0.11963537766871506,0.014856761796833729,0.02091876726343338,0.9924863012732994,-0.018214047806040374,-0.21744331475626916,0.2782183309571829,-0.11973585282152209,0.014709288751029623,0.0207202849384708,0.9924805449809131,-0.018214044030987867,-0.2174433160354911,0.2782183308777455,-0.11973585286959985,0.014709288754517878,0.02072028468622924,0.9924805449803272,-0.017869653638632816,-0.21798765226949293,0.2783578260161237,-0.12043685808617222,0.013620141964638245,0.01921360641578296,0.9924415812911579,-0.017869653638632816,-0.21798765226949293,0.2783578260161237,-0.12043685808617222,0.013620141964638245,0.01921360641578296,0.9924415812911579,-0.056309608152325705,-0.5793705477097554,0.8125957930157794,-0.21511872640349852,0.48330632329970524,-0.1802718430285581,-0.04974802054305837,-0.5755362370404155,0.81085615478878,-0.19346505665066277,0.4848883883817201,-0.16111893485384887,-0.04974802054305837,-0.5755362370404155,0.81085615478878,-0.19346505665066277,0.4848883883817201,-0.16111893485384887,-0.08865791559795427,-0.05703732905560687,0.026203309837783045,-0.2998340699752906,-0.02821197602086654,-0.263064906172051,-0.06375935831548027,0.028109784072525602,-0.016819779782161662,-0.1196959443690443,0.07007268212872059,-0.1326425527458798,0.5,0.0,0.0,0.5,True,False,True,False,1,True,True,0.003663000010419637,4,3.98669543957685e-09,5.136138079809601e-10,`gtol` termination condition is satisfied.,True,True,0.0,0.010016199987148866,True,0.021653669752835752,0.021582457447160752,False,False,False,False,False,False,1.0,False,False,False,0.0006590641635113416,0.0039745429538443995,0.0006590671758750254,0.003974543366443822
1.9903322999889497,1786139319.1415086,0.010265799995977432,0.006773699977202341,0.010265799995977432,TELEOP,0,,0.0,1.9903322999889497,391,-0.009371375668281445,0.029143007478846225,0.0,0.02409576447393676,0.026680695197553093,0.0501635223081868,0.9980937609602757,-0.007768728484048374,0.0265791011062882,0.0,0.022074889501739168,0.024249081370439195,0.04580643419335261,0.9984119650187822,-0.018330587249989424,-0.21725978844741667,0.278169154608926,-0.11952748564039681,0.01501563319730899,0.021132190015412874,0.992492388626392,-0.018264525903094946,-0.21736382185226685,0.278197030628333,-0.11962705934969456,0.014869245795550212,0.020935360258396,0.9924867671116162,-0.018264522015538444,-0.21736382316505104,0.2781970305386643,-0.11962705939942546,0.014869245799154378,0.020935359998783848,0.9924867671110442,-0.01791648733264499,-0.21790588086948132,0.2783358673207456,-0.12032366406632222,0.01378395889448346,0.019435373731968457,0.9924487314671467,-0.01791648733264499,-0.21790588086948132,0.2783358673207456,-0.12032366406632222,0.01378395889448346,0.019435373731968457,0.9924487314671467,-0.057269796995980685,-0.5799299282613775,0.8128499298934402,-0.21828026443523046,0.48307950927266846,-0.18306813010705922,-0.050665231529610395,-0.5761189831272202,0.8111234650636451,-0.1965567355827993,0.48460614824428316,-0.16383439247626058,-0.050665231529610395,-0.5761189831272202,0.8111234650636451,-0.1965567355827993,0.48460614824428316,-0.16383439247626058,-0.0893462747093676,-0.05676577441924888,0.02603891318453544,-0.3011629812920555,-0.027493243346601515,-0.26451495484772086,-0.06705362579468281,0.02645235991977279,-0.016014012869140434,-0.12945034164756966,0.07001233947151268,-0.14125043116347893,0.5,0.0,0.0,0.5,True,False,True,False,1,True,True,0.0035453999880701303,4,4.1042098337696284e-09,5.287152440605275e-10,`gtol` termination condition is satisfied.,True,True,0.0,0.010265799995977432,True,0.021723528852431173,0.021653669752835752,False,False,False,False,False,False,1.0,False,False,False,0.0006589615675346053,0.003957025405622017,0.000658964681773182,0.003957025830353103
2.0005639000155497,1786139319.1520593,0.010231600026600063,0.007091100007528439,0.010231600026600063,TELEOP,0,,0.0,2.0005639000155497,393,-0.009559565695257594,0.029403592862842692,0.0,0.024298785549824915,0.026930109055724055,0.05060526364222533,0.9980598406602439,-0.007940486410985844,0.026850012824592116,0.0,0.022288331192628685,0.024506393324484982,0.04626700610319883,0.9983797028811834,-0.0183821143094796,-0.21718128413207516,0.2781481191715576,-0.11942049338084439,0.015173431967152795,0.021343969173126826,0.9924983363728881,-0.018315361841216883,-0.217284906961472,0.27817588517814335,-0.11951916570467867,0.015028135679986017,0.02114879479399983,0.9924928476548347,-0.0183153579476353,-0.21728490827350605,0.27817588508360586,-0.11951916575456209,0.015028135683609372,0.02114879453412984,0.9924928476543102,-0.017963723641515016,-0.2178246481931684,0.2783140537004142,-0.12021133155746999,0.013946796855283883,0.019655609443281173,0.9924557318289168,-0.017963723641515016,-0.2178246481931684,0.2783140537004142,-0.12021133155746999,0.013946796855283883,0.019655609443281173,0.9924557318289168,-0.05823307658757809,-0.5804841763377734,0.8131013744801298,-0.2214415611324625,0.4828613754098592,-0.18586690548171522,-0.05158625921176785,-0.5766969078467648,0.811388163978772,-0.19965106611472558,0.4843322857438017,-0.16655505593546968,-0.05158625921176785,-0.5766969078467648,0.811388163978772,-0.19965106611472558,0.4843322857438017,-0.16655505593546968,-0.09001795220326898,-0.056484295519963486,0.02587072544262838,-0.30242880134892614,-0.026766341507631304,-0.2659079178365008,-0.06564735644035771,0.027510741091677296,-0.016438068480961743,-0.1237167259841819,0.07104478645377209,-0.1361432215057766,0.5,0.0,0.0,0.5,True,False,True,False,1,True,True,0.003751099982764572,4,4.109786878638846e-09,5.292793898361449e-10,`gtol` termination condition is satisfied.,True,True,0.0,0.010231600026600063,True,0.021790495017736916,0.021723528852431173,False,False,False,False,False,False,1.0,False,False,False,0.0006588295931335714,0.003939222113316881,0.0006588327262888637,0.00393922253843966
2.0102149000158533,1786139319.1608503,0.009651000000303611,0.006232199986698106,0.009651000000303611,TELEOP,0,,0.0,2.0102149000158533,395,-0.009738608625726619,0.029648277599340994,0.0,0.024489211891008455,0.027164471963169522,0.05101993297957686,0.998027723263577,-0.008104047170409802,0.02710456396861069,0.0,0.022488668035917047,0.02474834350443846,0.046699642222947875,0.9983490986223232,-0.01843118223795568,-0.2171075207526782,0.2781283540790961,-0.1193200572009136,0.015321784674766045,0.021542891664191408,0.9925038391274342,-0.018363779725257663,-0.21721075193239556,0.2781560151439628,-0.11941787581278471,0.015177526656763479,0.021349287652976688,0.9924984743251025,-0.01836377603403624,-0.2172107531769429,0.2781560150559967,-0.11941787585986481,0.015177526660213797,0.021349287406739283,0.9924984743246817,-0.018008729468027344,-0.21774833446082253,0.2782935529449574,-0.12010584020353536,0.01409986804698642,0.01986241167406189,0.9924622237005046,-0.018008729468027344,-0.21774833446082253,0.2782935529449574,-0.12010584020353536,0.01409986804698642,0.01986241167406189,0.9924622237005046,-0.059147303741626196,-0.5810040181996644,0.8133368843992603,-0.22443257413744622,0.48266284907023466,-0.18851733412600388,-0.05246025599502623,-0.5772389577975854,0.8116360822957668,-0.20257835229385193,0.48408083110720146,-0.16913136993111194,-0.05246025599502623,-0.5772389577975854,0.8116360822957668,-0.20257835229385193,0.48408083110720146,-0.16913136993111194,-0.09056023036274902,-0.056165159134138005,0.025688355298620815,-0.3033142865023599,-0.026054775317825123,-0.26694788058866475,-0.056188805249504474,0.03306770135897219,-0.018896502331553842,-0.09175061168852292,0.07372978860053823,-0.10775699431470886,0.5,0.0,0.0,0.5,True,False,True,False,1,True,True,0.0033164999913424253,4,3.896376745839923e-09,5.014438273832749e-10,`gtol` termination condition is satisfied.,True,True,0.0,0.009651000000303611,True,0.021854221843594285,0.021790495017736916,False,False,False,False,False,False,1.0,False,False,False,0.00065876275829174,0.0039226306530857685,0.000658765744959223,0.003922631055684056
2.0202664000098594,1786139319.1714542,0.010051499994006008,0.0067845000012312084,0.010051499994006008,TELEOP,0,,0.0,2.0202664000098594,397,-0.009926655306139837,0.0299019572109765,0.0,0.024686427090060328,0.027407621935303068,0.0514497257583501,0.99799415243616,-0.00827606596778867,0.027368599106464185,0.0,0.02269623832533399,0.024999498965258937,0.047148267388429914,0.998317057201586,-0.01848278756666509,-0.21703100911602966,0.2781078525824014,-0.11921598123610942,0.015475754338546173,0.02174915346828129,0.9925094584783452,-0.018414710940667243,-0.21713382826089297,0.27813540324336405,-0.11931290808344153,0.01533258620105315,0.02155719263852768,0.9925042212558116,-0.018414707080197216,-0.21713382955749383,0.2781354031419082,-0.11931290813299449,0.015332586204672594,0.02155719238114116,0.9925042212553892,-0.018056125620095818,-0.21766913934391338,0.2782722841653284,-0.1199965171833958,0.014258809305311867,0.02007698006352029,0.9924688595077323,-0.018056125620095818,-0.21766913934391338,0.2782722841653284,-0.1199965171833958,0.014258809305311867,0.02007698006352029,0.9924688595077323,-0.060105435421515675,-0.5815422284052086,0.8135803853774093,-0.22755707086965066,0.4824637465138054,-0.1912885965322634,-0.05337684238956577,-0.5778005034010905,0.8118925402182264,-0.20563838059921566,0.4838263184549523,-0.17182724767294427,-0.05337684238956577,-0.5778005034010905,0.8118925402182264,-0.20563838059921566,0.4838263184549523,-0.17182724767294427,-0.0911890160758217,-0.0558668461264381,0.025514393136599974,-0.30443499051768586,-0.02532086279669259,-0.26820651081330743,-0.06255640585461265,0.029678456735591444,-0.017307084726118523,-0.11149619618905163,0.07301522375468195,-0.125218149071607,0.5,0.0,0.0,0.5,True,False,True,False,1,True,True,0.003525599982822314,4,4.073658784588803e-09,5.242770168154867e-10,`gtol` termination condition is satisfied.,True,True,0.0,0.010051499994006008,True,0.021918690270435,0.021854221843594285,False,False,False,False,False,False,1.0,False,False,False,0.0006586908573356359,0.0039051751987077615,0.0006586939915708972,0.0039051756196776454
2.0302270000102,1786139319.181629,0.009960600000340492,0.0069976000231690705,0.009960600000340492,TELEOP,0,,0.0,2.0302270000102,399,-0.010114578169957783,0.03015216618154642,0.0,0.02488073316081224,0.02764761630021967,0.05187351834323248,0.9979607690310229,-0.008448163633732565,0.027629175547678464,0.0,0.02290086448916554,0.025247549957726306,0.0475908886222958,0.9982851390995067,-0.018534416560011414,-0.2169554997320999,0.27808761964057066,-0.11911336808119746,0.01562779437170592,0.021952643037370195,0.9925149162864519,-0.01846567459228077,-0.21705790640305578,0.2781150597799666,-0.11920940856971532,0.01548571467793986,0.021762318153043542,0.9925098040110123,-0.018465670749411557,-0.21705790769179945,0.2781150596751412,-0.11920940861909318,0.015485714681556446,0.0217623178969671,0.9925098040106399,-0.018103596545416142,-0.21759095602338413,0.2782512866521286,-0.11988869117610841,0.014415812401718001,0.020288739393228353,0.9924753161337122,-0.018103596545416142,-0.21759095602338413,0.2782512866521286,-0.11988869117610841,0.014415812401718001,0.020288739393228353,0.9924753161337122,-0.061060768383216876,-0.582072380778681,0.8138199122558377,-0.23066242691527364,0.482274137486915,-0.1940453887713268,-0.05429116699940547,-0.5783539095006377,0.8121449150606707,-0.20868111051269578,0.4835814475364723,-0.17451055217103353,-0.05429116699940547,-0.5783539095006377,0.8121449150606707,-0.20868111051269578,0.4835814475364723,-0.17451055217103353,-0.09179412985246345,-0.05555951443971946,0.02533731325779979,-0.30547656901954806,-0.02458395262048196,-0.26939185370334584,-0.06075073556021434,0.030854736331961587,-0.01777803333073628,-0.10456985541298577,0.07398250870283307,-0.11900316145592588,0.5,0.0,0.0,0.5,True,False,True,False,1,True,True,0.003774300013901666,4,4.054564390032679e-09,5.216379477261244e-10,`gtol` termination condition is satisfied.,True,True,0.0,0.009960600000340492,True,0.02198131640257786,0.021918690270435,False,False,False,False,False,False,1.0,False,False,False,0.0006586319474966682,0.0038877962348408527,0.0006586350814013427,0.0038877966536220348
2.040276499988977,1786139319.191765,0.010049499978777021,0.0070835000078659505,0.010049499978777021,TELEOP,0,,0.0,2.040276499988977,401,-0.010305761455251767,0.03040341142623018,0.0,0.025075632987904495,0.027888775303219607,0.05229894589934049,0.9979269758354868,-0.008623453507265899,0.027890977484127086,0.0,0.023106225781831427,0.025496954592204156,0.048035463045136936,0.9982527745649804,-0.018587003214193383,-0.2168796352239673,0.27806729154080734,-0.11901037286130305,0.015780637448280854,0.02215701861432941,0.992520311711183,-0.018517592842583933,-0.21698162161920304,0.2780946190681369,-0.11910551668455854,0.01563966408997539,0.021968351463590476,0.9925153239806574,-0.018517588948812835,-0.21698162292212447,0.2780946189560503,-0.11910551673474054,0.01563966409365297,0.02196835120426186,0.9925153239803174,-0.01815200954960721,-0.217512368177448,0.2782301828016985,-0.11978042944935006,0.014573719248359396,0.020501537671646947,0.9924817088396629,-0.01815200954960721,-0.217512368177448,0.2782301828016985,-0.11978042944935006,0.014573719248359396,0.020501537671646947,0.9924817088396629,-0.06203054502131677,-0.5826039928144279,0.8140597723635034,-0.23380449102594564,0.48209067810898115,-0.1968372923026826,-0.05521989860889178,-0.5789091828098005,0.8123977730058184,-0.2117618106585065,0.4833419015788087,-0.17723004133676867,-0.05521989860889178,-0.5789091828098005,0.8123977730058184,-0.2117618106585065,0.4833419015788087,-0.17723004133676867,-0.09241570341287127,-0.05525382460176777,0.02516124639849606,-0.30655257996086144,-0.023836604624061758,-0.2706094006147848,-0.06185119276784709,0.030418412716778226,-0.017519962154888703,-0.10707109245093951,0.0743666847105313,-0.12115497427834312,0.5,0.0,0.0,0.5,True,False,True,False,1,True,True,0.003528600005665794,4,4.107507885205889e-09,5.283302121895166e-10,`gtol` termination condition is satisfied.,True,True,0.0,0.010049499978777021,True,0.022042680367439144,0.02198131640257786,False,False,False,False,False,False,1.0,False,False,False,0.0006585714687252361,0.003870100087120289,0.0006585746571572232,0.0038701005112403825
2.050264999998035,1786139319.2013106,0.009988500009058043,0.006641699990723282,0.009988500009058043,TELEOP,0,,0.0,2.050264999998035,403,-0.010497352515192227,0.030651930472500588,0.0,0.025268209863989855,0.028127485617811507,0.052719638541316914,0.9978932817867662,-0.008799309171571975,0.028150092694019385,0.0,0.023309256684985027,0.02574398276980762,0.048475348849333855,0.9982204498295338,-0.01863975960876675,-0.21680454926843992,0.2780471720548769,-0.11890853313568782,0.015931998125290763,0.022359227156065958,0.9925255649827053,-0.018569687624672832,-0.21690611380463776,0.27807438654587424,-0.1190027833630472,0.015792132441514412,0.02217221477053255,0.9925206995307285,-0.018569683737892424,-0.21690611510333532,0.27807438642982407,-0.1190027834132123,0.01579213244519932,0.02217221451180685,0.992520699530435,-0.0182006332772022,-0.21743455847727108,0.2782092881207922,-0.11967334399518416,0.014730153250758786,0.02071216507143167,0.9924879442795632,-0.0182006332772022,-0.21743455847727108,0.2782092881207922,-0.11967334399518416,0.014730153250758786,0.02071216507143167,0.9924879442795632,-0.06300025688204364,-0.5831291113924436,0.8142963826934131,-0.23693617728288227,0.48191616802036186,-0.1996224544666721,-0.05614902742855218,-0.5794579619376033,0.8126473144390011,-0.21483394650809728,0.4831113110392532,-0.1799446163317149,-0.05614902742855218,-0.5794579619376033,0.8126473144390011,-0.21483394650809728,0.4831113110392532,-0.1799446163317149,-0.09301985471470353,-0.054941094989757584,0.0249828736002764,-0.30756728706060227,-0.02308560237737304,-0.27177003478845885,-0.060484687519086686,0.031308966484115165,-0.01785781629452905,-0.10158753554794717,0.07518668929345496,-0.11619704386259949,0.5,0.0,0.0,0.5,True,False,True,False,1,True,True,0.0034112999856006354,4,4.099651808352272e-09,5.27140165413697e-10,`gtol` termination condition is satisfied.,True,True,0.0,0.009988500009058043,True,0.022102230774784987,0.022042680367439144,False,False,False,False,False,False,1.0,False,False,False,0.000658520393168154,0.003852412088805415,0.0006585235898104687,0.003852412511904109
2.0602735000138637,1786139319.2113035,0.010008500015828758,0.006626999995205551,0.010008500015828758,TELEOP,0,,0.0,2.0602735000138637,405,-0.01069088778181478,0.0308997361901056,0.0,0.025460027721927465,0.028365677009550366,0.05313900592185865,0.9978594196608184,-0.008977146158645317,0.02840861448672519,0.0,0.023511600626865203,0.025990627239967687,0.04891410147097164,0.9981879094684144,-0.018693110400868147,-0.21672963526996902,0.27802709864385594,-0.11880702479801941,0.01608309783268067,0.02256090324223847,0.9925307201631804,-0.018622378286136155,-0.21683077300440282,0.27805419877410825,-0.11890037744758684,0.01594434987858505,0.022375555702087217,0.9925259757088444,-0.018622374375509888,-0.21683077430883194,0.27805419865228953,-0.11890037749817853,0.01594434988230625,0.02237555544191236,0.9925259757085894,-0.018249860905288278,-0.21735689604576505,0.27818843439856167,-0.11956657427069653,0.014886380534660312,0.020922335296004613,0.9924940734722344,-0.018249860905288278,-0.21735689604576505,0.27818843439856167,-0.11956657427069653,0.014886380534660312,0.020922335296004613,0.9924940734722344,-0.06397771083459766,-0.5836519748740058,0.8145316619744388,-0.24008260516014232,0.48174920794553555,-0.20242319402678433,-0.057086075292363564,-0.5800046896224317,0.812895566831145,-0.21792230198242846,0.4828878458111642,-0.1826761615464492,-0.057086075292363564,-0.5800046896224317,0.812895566831145,-0.21792230198242846,0.4828878458111642,-0.1826761615464492,-0.09362520480885425,-0.05462633601075737,0.024804155642831175,-0.3085732596739604,-0.02232754436085509,-0.2729225368850752,-0.06048359826081283,0.03144916605909093,-0.0178566175913053,-0.10051182612450874,0.07574142132378046,-0.11515232999886119,0.5,0.0,0.0,0.5,True,False,True,False,1,True,True,0.0037277000083122402,4,4.1242421040658314e-09,5.301486078717633e-10,`gtol` termination condition is satisfied.,True,True,0.0,0.010008500015828758,True,0.022160303177713864,0.022102230774784987,False,False,False,False,False,False,1.0,False,False,False,0.0006584752107310516,0.003834571658738601,0.0006584784404659048,0.0038345720842013374
2.0703579999972135,1786139319.2214863,0.010084499983349815,0.006725500017637387,0.010084499983349815,TELEOP,0,,0.0,2.0703579999972135,407,-0.010887464893672033,0.031148187709018685,0.0,0.02565213855733942,0.028604655629877008,0.05355934798922263,0.9978252039844958,-0.009157979859112384,0.028667960071846403,0.0,0.023714365863705997,0.026238240610692205,0.04935412548822553,0.9981549748804692,-0.018747360206018877,-0.21665448255196462,0.27800696126580304,-0.1187052918427806,0.016234765144506995,0.022763152147182022,0.9925358053962322,-0.01867596591233163,-0.2167551861765164,0.2780339450770948,-0.11879773813633317,0.016097151017385413,0.02257948847000322,0.9925311812952013,-0.01867596195627146,-0.21675518749363454,0.2780339449481335,-0.11879773818766516,0.016097151021163658,0.02257948820694603,0.9925311812949804,-0.018299981075811354,-0.21727894589886337,0.2781675058604313,-0.11945953080385945,0.015043275866117128,0.02113322923535469,0.9925001294576358,-0.018299981075811354,-0.21727894589886337,0.2781675058604313,-0.11945953080385945,0.015043275866117128,0.02113322923535469,0.9925001294576358,-0.06496843241538312,-0.5841754243237651,0.81476689112782,-0.24326126899110545,0.48158903738240505,-0.20525511032078775,-0.058036473032911776,-0.5805524008475794,0.813143908618605,-0.22104448698886883,0.48267042848569813,-0.18544028936497756,-0.058036473032911776,-0.5805524008475794,0.813143908618605,-0.22104448698886883,0.48267042848569813,-0.18544028936497756,-0.09424341733525533,-0.05431218464495707,0.024626088340532804,-0.3096023612073298,-0.021559554348257143,-0.27409666548585754,-0.06130324036112793,0.03115190305111636,-0.017657524179916964,-0.10204784918127555,0.07615548751707552,-0.11642903492695908,0.5,0.0,0.0,0.5,True,False,True,False,1,True,True,0.0035791000118479133,4,4.1715516623379905e-09,5.360909683984454e-10,`gtol` termination condition is satisfied.,True,True,0.0,0.010084499983349815,True,0.022216782002236618,0.022160303177713864,False,False,False,False,False,False,1.0,False,False,False,0.0006584246401929661,0.0038164133128778532,0.000658427920801986,0.003816413743067399
2.080457000003662,1786139319.2313519,0.010099000006448478,0.006489600025815889,0.010099000006448478,TELEOP,0,,0.0,2.080457000003662,409,-0.011085898340310036,0.03139574321495375,0.0,0.025843350357938017,0.028842938020718276,0.0539780562212831,0.9977908476304951,-0.009340717280673028,0.028926525484718715,0.0,0.02391629880769272,0.026485290738506546,0.049792699604411426,0.9981218498219258,-0.01880218112841515,-0.216579555908526,0.2779868844635635,-0.11860396321491515,0.016386061725634112,0.0229647231718474,0.9925407892779415,-0.01873012666378373,-0.21667982072069214,0.27801375069584866,-0.11869549998913137,0.016249590522065597,0.022782751956894533,0.9925362841243972,-0.018730122686366483,-0.21667982204292374,0.2780137505611372,-0.11869550004086403,0.016249590525878613,0.022782751692557637,0.9925362841242157,-0.018350691763992243,-0.21720118935778449,0.2781466309049367,-0.11935286828306464,0.015199870651322575,0.02134354146150208,0.9925060755495,-0.018350691763992243,-0.21720118935778449,0.2781466309049367,-0.11935286828306464,0.015199870651322575,0.02134354146150208,0.9925060755495,-0.06596640580480881,-0.584696200799592,0.8150006084906968,-0.2464526399650846,0.48143678269154766,-0.20810081953629647,-0.058994459629412216,-0.5810976936975588,0.8133908005571829,-0.22418135964438748,0.48246052496551234,-0.18822006937483196,-0.058994459629412216,-0.5810976936975588,0.8133908005571829,-0.22418135964438748,0.48246052496551234,-0.18822006937483196,-0.09485955004344385,-0.053994737066163874,0.024447166889820415,-0.3106122045267523,-0.020784584617462572,-0.2752529961460983,-0.06100927891821966,0.03143356556000593,-0.01771674924231554,-0.09999438744209069,0.07673727401720289,-0.11449952069536098,0.5,0.0,0.0,0.5,True,False,True,False,1,True,True,0.0035123999987263232,4,4.193601261287736e-09,5.387572146619883e-10,`gtol` termination condition is satisfied.,True,True,0.0,0.010099000006448478,True,0.022271280320697112,0.022216782002236618,False,False,False,False,False,False,1.0,False,False,False,0.0006583683525406872,0.003798043997547744,0.0006583716647081512,0.0037980444298196256
2.090477399993688,1786139319.2421348,0.010020399990025908,0.007253799994941801,0.010020399990025908,TELEOP,0,,0.0,2.090477399993688,411,-0.011284335996045149,0.031640122640926575,0.0,0.02603190692419482,0.02907832528293506,0.05439127689277452,0.9977566736527516,-0.009523644138916116,0.029181932555056942,0.0,0.02411554795780084,0.02672950025769291,0.05022579313577689,0.998088845677854,-0.018857058885530353,-0.21650554448180698,0.27796705289471213,-0.11850396827731297,0.016535593638004567,0.023163764166571246,0.9925456280066947,-0.01878435218788108,-0.2166053698030195,0.2779938013661514,-0.1185946007477059,0.016400263825274704,0.022983478367438918,0.9925412393155698,-0.018784348225975293,-0.216605371118771,0.2779938012280063,-0.11859460079931303,0.016400263829087665,0.022983478104270535,0.9925412393154345,-0.018401508251177104,-0.21712435257227833,0.2781260028892095,-0.11924756803405402,0.015354700751726827,0.02155130352138866,0.9925118598784186,-0.018401508251177104,-0.21712435257227833,0.2781260028892095,-0.11924756803405402,0.015354700751726827,0.02155130352138866,0.9925118598784186,-0.06696231726469258,-0.5852095191634388,0.8152306765835946,-0.2496269609085465,0.48129380497211266,-0.21093374296310785,-0.0599509377935761,-0.5816354831541014,0.8136339526563552,-0.22730317851323772,0.4822600375001157,-0.1909890936507829,-0.0599509377935761,-0.5816354831541014,0.8136339526563552,-0.22730317851323772,0.4822600375001157,-0.1909890936507829,-0.09545309220349951,-0.05366946000937522,0.024265707897318998,-0.3115463326771021,-0.020007930381641323,-0.27633869692898183,-0.05923337996950884,0.03246148428330481,-0.018108956995931947,-0.09322264094044144,0.07750730874958238,-0.10834904634187889,0.5,0.0,0.0,0.5,True,False,True,False,1,True,True,0.003665800002636388,4,4.17695864934839e-09,5.364156912240381e-10,`gtol` termination condition is satisfied.,True,True,0.0,0.010020399990025908,True,0.022323782395308772,0.022271280320697112,False,False,False,False,False,False,1.0,False,False,False,0.000658320191557977,0.003779712480366228,0.0006583235050926224,0.0037797129106829593
2.100505600014003,1786139319.2517574,0.010028200020315126,0.006844799994723871,0.010028200020315126,TELEOP,0,,0.0,2.100505600014003,413,-0.011484464579412946,0.03188343662884389,0.0,0.02621944187455472,0.029312846022906246,0.054802581705903644,0.9977223937369513,-0.009708320255345012,0.029436380545588392,0.0,0.02431383319876826,0.02697296833709221,0.05065713768203312,0.998055685268178,-0.01891246142122916,-0.21643181097320763,0.2779472957933154,-0.11840444418633254,0.01668464674721569,0.023361990343477437,0.9925503652545988,-0.01883910485247273,-0.2165311924143391,0.2779739253278317,-0.11849416996969428,0.016550466339121415,0.02318339705661136,0.992546091548431,-0.018839100872718062,-0.21653119373431495,0.27797392518417485,-0.11849417002165746,0.016550466342966134,0.023183396792395505,0.9925460915483347,-0.018452864131797878,-0.21704777320790758,0.2781054451636991,-0.11914272954922055,0.015509098287132352,0.021758312001825892,0.9925175332077074,-0.018452864131797878,-0.21704777320790758,0.2781054451636991,-0.11914272954922055,0.015509098287132352,0.021758312001825892,0.9925175332077074,-0.06796467105678343,-0.5857198007114356,0.8154590873704026,-0.2528112831549013,0.48115884664513625,-0.21377799055140434,-0.06091409202460642,-0.5821704034056584,0.8138754693761391,-0.23043661024482745,0.48206724185367994,-0.19377098668833842,-0.06091409202460642,-0.5821704034056584,0.8138754693761391,-0.23043661024482745,0.48206724185367994,-0.19377098668833842,-0.09604457720021102,-0.0533416017304575,0.024083755738284612,-0.31246202960072733,-0.01922534912000142,-0.2774070154085452,-0.058982169832400705,0.03269363178372416,-0.018144049646575233,-0.09131219179615915,0.07803805867997743,-0.10653142910982752,0.5,0.0,0.0,0.5,True,False,True,False,1,True,True,0.0034977000032085925,4,4.195404719488928e-09,5.38609248691362e-10,`gtol` termination condition is satisfied.,True,True,0.0,0.010028200020315126,True,0.02237467291007386,0.022323782395308772,False,False,False,False,False,False,1.0,False,False,False,0.0006582785714178639,0.0037612552000763533,0.0006582819136341626,0.003761255632092189
2.1104884000087623,1786139319.2612336,0.009982799994759262,0.0063418000063393265,0.009982799994759262,TELEOP,0,,0.0,2.1104884000087623,415,-0.01168520589238819,0.03212439186181298,0.0,0.026404962444100167,0.029545250139001143,0.0552097866321556,0.9976881955864675,-0.009893745747946473,0.029688518859877115,0.0,0.02451010653434859,0.02721439866371394,0.051084446108089224,0.9980225501204255,-0.018968088772495905,-0.21635874675629957,0.27792771802903665,-0.11830591719302969,0.01683242802536395,0.02355835093359197,0.99255497753282,-0.018894088098800433,-0.21645768230476556,0.27795422808734366,-0.11839473880947977,0.016699398755708816,0.023381448069496567,0.9925508167291015,-0.018894084122569765,-0.21645768362229967,0.2779542279395618,-0.11839473886149432,0.016699398759565047,0.023381447805651177,0.9925508167290475,-0.018504476610246786,-0.21697186306604502,0.278085067409843,-0.11903890802086858,0.01566223141720064,0.02196345169593506,0.9925230675776929,-0.018504476610246786,-0.21697186306604502,0.278085067409843,-0.11903890802086858,0.01566223141720064,0.02196345169593506,0.9925230675776929,-0.06896806799592377,-0.5862243364011335,0.815684636882862,-0.2559884177900187,0.4810326159301082,-0.21661817780839368,-0.06187865359001855,-0.5826995791081531,0.8141140625523818,-0.23356449585089115,0.48188315766033346,-0.19655047887618832,-0.06187865359001855,-0.5826995791081531,0.8141140625523818,-0.23356449585089115,0.48188315766033346,-0.19655047887618832,-0.09662234702873981,-0.05300874531920157,0.023900426370159204,-0.3133274840431298,-0.018440136378885492,-0.278428115289205,-0.05787653051569832,0.033342991087738534,-0.018364523803106672,-0.08669455892703903,0.0786565634419349,-0.10228591990181987,0.5,0.0,0.0,0.5,True,False,True,False,1,True,True,0.0034502999915275723,4,4.191437214743746e-09,5.37902508101839e-10,`gtol` termination condition is satisfied.,True,True,0.0,0.009982799994759262,True,0.02242392193912754,0.02237467291007386,False,False,False,False,False,False,1.0,False,False,False,0.0006582503178975622,0.0037428085746493795,0.000658253671159533,0.0037428090060260635
2.12044950001291,1786139319.272331,0.009961100004147738,0.007479299994884059,0.009961100004147738,TELEOP,0,,0.0,2.12044950001291,417,-0.011887013344215675,0.032363563588949935,0.0,0.026588916451920262,0.02977608827388277,0.0556138665425875,0.9976540041202672,-0.010080339618901129,0.029938946369127795,0.0,0.024704838792358137,0.027454360615519386,0.05150873589404667,0.9979893682550101,-0.0190240666392805,-0.21628617829121277,0.2779082731013882,-0.11820815123605498,0.016979286576645446,0.023753313778033493,0.992559477761038,-0.018949426106805025,-0.2163846649402087,0.27793466287780016,-0.11829606921929581,0.016847412645658776,0.023578102930536363,0.9925554280525636,-0.018949422125242615,-0.21638466625821656,0.27793466272534595,-0.11829606927149139,0.016847412649535147,0.023578102666473033,0.9925554280525497,-0.018556460319366575,-0.2168964436493731,0.2780648219858975,-0.11893585950272402,0.015814458011242788,0.02216720725985153,0.992528477759937,-0.018556460319366575,-0.2168964436493731,0.2780648219858975,-0.11893585950272402,0.015814458011242788,0.02216720725985153,0.992528477759937,-0.06997479862660112,-0.5867243271450064,0.81590787191959,-0.25916558888854746,0.48091477950645223,-0.21946072718717918,-0.06284679833513772,-0.5832242564783516,0.8143503041717375,-0.236693875080539,0.4817073313875771,-0.19933378949904232,-0.06284679833513772,-0.5832242564783516,0.8143503041717375,-0.236693875080539,0.4817073313875771,-0.19933378949904232,-0.0971925535047373,-0.05267263354249478,0.023716418794837907,-0.3141600052549197,-0.017651290789483437,-0.27941799818243396,-0.05724332410677983,0.033742435731679614,-0.018472616000710703,-0.08357723659467645,0.07919261819212599,-0.09937485747726002,0.5,0.0,0.0,0.5,True,False,True,False,1,True,True,0.0033756000048015267,4,4.196811438919439e-09,5.384007692436635e-10,`gtol` termination condition is satisfied.,True,True,0.0,0.009961100004147738,True,0.02247171380800847,0.02242392193912754,False,False,False,False,False,False,1.0,False,False,False,0.0006582374283521715,0.003724341549060659,0.0006582407999142902,0.003724341980768078
2.130445399991004,1786139319.2815354,0.009995899978093803,0.006687100016279146,0.009995899978093803,TELEOP,0,,0.0,2.130445399991004,418,-0.012091026603664885,0.03260229648408155,0.0,0.026772340688286864,0.03000665594176067,0.05601709463682094,0.9976196306617631,-0.010269160148513952,0.03018906818429266,0.0,0.024899124428040747,0.027694198823849967,0.05193238863634963,0.9979559569263291,-0.019080712504022032,-0.21621369840723273,0.27788885190780643,-0.11811059697646314,0.01712604558122461,0.02394797335884697,0.9925638921583927,-0.01900543284535803,-0.21631173066737713,0.2779151199314349,-0.1181976069663511,0.016995337449135384,0.02377446529090664,0.9925599523517709,-0.01900542883642103,-0.2163117319929273,0.2779151197728235,-0.11819760701904919,0.016995337453053323,0.02377446502516472,0.9925599523517935,-0.018609114146188006,-0.2168210865369206,0.2780445947907401,-0.11883300513108722,0.015966641512477765,0.022370739727101654,0.9925337945150228,-0.018609114146188006,-0.2168210865369206,0.2780445947907401,-0.11883300513108722,0.015966641512477765,0.022370739727101654,0.9925337945150228,-0.07099055407956724,-0.5872225663550333,0.8161300461578239,-0.26236058525328976,0.48080473683266756,-0.22232154916134686,-0.06382407615165155,-0.583747402415273,0.8145855355729726,-0.23984252257071229,0.48153884539715064,-0.20213672698234872,-0.06382407615165155,-0.583747402415273,0.8145855355729726,-0.23984252257071229,0.48153884539715064,-0.20213672698234872,-0.09776786669089879,-0.052336051587940025,0.023532788618399053,-0.31499389720521526,-0.016855509838604357,-0.28040871651868254,-0.0575549162578964,0.03367200104966838,-0.018370549609468198,-0.08342339880581112,0.0796107356639271,-0.09911246995465972,0.5,0.0,0.0,0.5,True,False,True,False,1,True,True,0.003485499997623265,4,4.225377697394405e-09,5.41890074508294e-10,`gtol` termination condition is satisfied.,True,True,0.0,0.009995899978093803,True,0.022518062682577472,0.02247171380800847,False,False,False,False,False,False,1.0,False,False,False,0.0006582333670102193,0.003705712361180963,0.0006582367752885655,0.0037057127956261382
2.1402361000073142,1786139319.2916398,0.009790700016310439,0.007001599995419383,0.009790700016310439,TELEOP,0,,0.0,2.1402361000073142,421,-0.012292301471983031,0.032834881935529886,0.0,0.026950856853037258,0.030231433347786368,0.05640983324341809,0.9975859073112828,-0.010455609647771362,0.030432912275581415,0.0,0.025088334793387474,0.027928178102420407,0.05234529460509579,0.9979231245230668,-0.019136647067039513,-0.21614303766931647,0.2778699181582081,-0.11801557903015485,0.01726919689404947,0.024137685084556083,0.9925681186213724,-0.019060744026231386,-0.2162406209293607,0.27789606587294413,-0.11810169831754122,0.01713963700697005,0.023965849837630886,0.9925642849404476,-0.019060740086006583,-0.21624062223220564,0.2778960657147709,-0.1181016983693521,0.017139637010836685,0.02396584957657366,0.9925642849405193,-0.01866113609415495,-0.21674761316263,0.27802487093575384,-0.11873279670236093,0.016115100815754402,0.022569118879366946,0.9925388966614573,-0.01866113609415495,-0.21674761316263,0.27802487093575384,-0.11873279670236093,0.016115100815754402,0.022569118879366946,0.9925388966614573,-0.07199072247851603,-0.5877071859551952,0.8163458812168066,-0.26549625641762115,0.4807049261918979,-0.22513147114934465,-0.06478646259060793,-0.5842564075332515,0.81481410660192,-0.2429333365645111,0.48138152454894745,-0.20489054282304395,-0.06478646259060793,-0.5842564075332515,0.81481410660192,-0.2429333365645111,0.48138152454894745,-0.20489054282304395,-0.09829597856671381,-0.05198863381888514,0.023345728963867524,-0.315688764710367,-0.016068396329280893,-0.2812685340279665,-0.05394015493634004,0.035484466736404596,-0.01910585088092838,-0.07097219851431857,0.08039399716181696,-0.08781981960958168,0.5,0.0,0.0,0.5,True,False,True,False,1,True,True,0.0037056999863125384,4,4.153046498539394e-09,5.323540109532992e-10,`gtol` termination condition is satisfied.,True,True,0.0,0.009790700016310439,True,0.02256291985311004,0.022518062682577472,False,False,False,False,False,False,1.0,False,False,False,0.0006582658572254758,0.0036875258313518048,0.0006582692216557116,0.0036875262580458195
2.150374799995916,1786139319.3020227,0.01013869998860173,0.007244600012199953,0.01013869998860173,TELEOP,0,,0.0,2.150374799995916,423,-0.01250223430002085,0.033074424673899726,0.0,0.027134522115758758,0.03046308590200595,0.0568142099973923,0.9975509328596954,-0.010650289870371539,0.03068418973855745,0.0,0.025283102170511967,0.02816946041591068,0.05277066734282956,0.9978890233451335,-0.0191950508383182,-0.21607022289872785,0.2778504072277594,-0.11791775793511987,0.017416792330309763,0.024333114104501535,0.9925723939675406,-0.019118505666045074,-0.21616733745611427,0.27787642935431517,-0.11800295430425484,0.017288427197864685,0.024163014843620337,0.9925686685434711,-0.019118501574070117,-0.216167338805952,0.2778764291813437,-0.11800295435837888,0.01728842720189433,0.024163014572651357,0.9925686685435628,-0.018715522087112215,-0.21667184838981032,0.2780045384152617,-0.11862961256696407,0.016268271194071548,0.022773646319481772,0.9925440642147246,-0.018715522087112215,-0.21667184838981032,0.2780045384152617,-0.11862961256696407,0.016268271194071548,0.022773646319481772,0.9925440642147246,-0.07303199418993934,-0.5882053865006798,0.8165674928976213,-0.26874970458870856,0.480610011327437,-0.22804927682684176,-0.06578918914275372,-0.5847801299965795,0.8150489665703012,-0.24614302499535667,0.48122686681435684,-0.20775279651001474,-0.06578918914275372,-0.5847801299965795,0.8150489665703012,-0.24614302499535667,0.48122686681435684,-0.20775279651001474,-0.09890089984643907,-0.05165578071318166,0.02316470244165696,-0.31657790786333784,-0.015254197753607696,-0.28230973302185175,-0.05966458031161151,0.03282995907539299,-0.017855003345012763,-0.08769794490126465,0.08030601325500764,-0.10269551274382643,0.5,0.0,0.0,0.5,True,False,True,False,1,True,True,0.0035088000004179776,4,4.31233579748777e-09,5.52701904655936e-10,`gtol` termination condition is satisfied.,True,True,0.0,0.01013869998860173,True,0.022606679593351886,0.02256291985311004,False,False,False,False,False,False,1.0,False,False,False,0.0006582813706378292,0.0036684434027775097,0.0006582848764820548,0.0036684438457774944
2.160414200014202,1786139319.3115652,0.01003940001828596,0.006744699989212677,0.01003940001828596,TELEOP,0,,0.0,2.160414200014202,425,-0.012711610456006106,0.03331029878604164,0.0,0.02731518518855529,0.030691340654689873,0.05721228466742745,0.9975162538776328,-0.01084462881428992,0.030931785765001846,0.0,0.025474810869729764,0.028407372904762397,0.05318969063405128,0.9978551558147382,-0.019253352230321697,-0.21599847492630186,0.27783118214746555,-0.11782146061482862,0.017562303258836714,0.024525615818747293,0.992576527574345,-0.019176174307670654,-0.21609512150631993,0.2778570788801643,-0.11790574235726578,0.017435126960407932,0.024357239512804888,0.9925729077253582,-0.019176170242762646,-0.21609512284678345,0.2778570787046995,-0.11790574241111308,0.017435126964427363,0.02435723924376507,0.9925729077254933,-0.01876986690632599,-0.2165971552205377,0.27798449327130265,-0.11852798289750667,0.01641935667863434,0.02297522027472092,0.9925490724643473,-0.01876986690632599,-0.2165971552205377,0.27798449327130265,-0.11852798289750667,0.01641935667863434,0.02297522027472092,0.9925490724643473,-0.0740685068827797,-0.5886950915250593,0.8167850578744048,-0.27197732404343716,0.4805244598616803,-0.2309462099195441,-0.06678787835959249,-0.5852952977578365,0.8152796823885086,-0.24932927846608754,0.4810818803553552,-0.21059660185294207,-0.06678787835959249,-0.5852952977578365,0.8152796823885086,-0.24932927846608754,0.4810818803553552,-0.21059660185294207,-0.09947698219213673,-0.05131459652157068,0.022981036494915508,-0.31737488942839004,-0.014441745396892771,-0.283264471756038,-0.05738214879857078,0.0339845200898004,-0.018294514254529055,-0.0793853779708531,0.08092638556438721,-0.09509918246581386,0.5,0.0,0.0,0.5,True,False,True,False,1,True,True,0.003582299978006631,4,4.283819259851412e-09,5.488100936639014e-10,`gtol` termination condition is satisfied.,True,True,0.0,0.01003940001828596,True,0.022648045577349618,0.022606679593351886,False,False,False,False,False,False,1.0,False,False,False,0.000658295812898401,0.003649393358182437,0.0006582993100922311,0.0036493937979687288
2.1704146999982186,1786139319.3214903,0.010000499984016642,0.006672899995464832,0.010000499984016642,TELEOP,0,,0.0,2.1704146999982186,427,-0.012921650437501453,0.03354394123714689,0.0,0.027493953628930725,0.030917582404737815,0.05760648626768504,0.997481668178412,-0.011039760738724034,0.031177201443639054,0.0,0.025664629640660314,0.02864335248400464,0.05360490851288484,0.9978213261537409,-0.019311891519043986,-0.21592735876904112,0.2778121263623795,-0.11772610041784098,0.017706609290138613,0.024716359323631382,0.9925805472855289,-0.01923408632265797,-0.2160235353157602,0.27783789715032087,-0.11780947038227754,0.017580622867914668,0.024549703136852355,0.9925770309974515,-0.019234082261235436,-0.21602353665439783,0.2778378969707775,-0.11780947043619147,0.017580622871946817,0.024549702868179046,0.9925770309976263,-0.01882448283281533,-0.21652308579405588,0.2779646158761363,-0.11842729992837178,0.0165692601153095,0.023175053060401463,0.9925539537811304,-0.01882448283281533,-0.21652308579405588,0.2779646158761363,-0.11842729992837178,0.0165692601153095,0.023175053060401463,0.9925539537811304,-0.07510635028708082,-0.5891792853897008,0.8169999148867075,-0.275198145443245,0.4804476308604981,-0.23383929369622106,-0.0677883283775275,-0.5858050130950347,0.8155076563960094,-0.2525106692257143,0.480945598528331,-0.21343847557720771,-0.0677883283775275,-0.5858050130950347,0.8155076563960094,-0.2525106692257143,0.480945598528331,-0.21343847557720771,-0.10003999995340095,-0.05096898535202011,0.022796260973468107,-0.31812317031262755,-0.013627501349129868,-0.2841731642225561,-0.05629896126834247,0.03455938904084275,-0.01847662834285474,-0.07482434732597673,0.08142033388973294,-0.09086470356186593,0.5,0.0,0.0,0.5,True,False,True,False,1,True,True,0.003566800005501136,4,4.280109753811258e-09,5.481180510221678e-10,`gtol` termination condition is satisfied.,True,True,0.0,0.010000499984016642,True,0.0226874762175307,0.022648045577349618,False,False,False,False,False,False,1.0,False,False,False,0.0006583150580614965,0.003630296661975187,0.0006583185662952153,0.003630297101123392
2.1804467999900226,1786139319.3309865,0.010032099991803989,0.0061367999878712,0.010032099991803989,TELEOP,0,,0.0,2.1804467999900226,429,-0.01313382498564651,0.03377699127825121,0.0,0.027672084921592847,0.03114339567813876,0.05799958231990317,0.9974469374720862,-0.011237057030206485,0.031422154282332936,0.0,0.025853889364675097,0.028879048408586634,0.05401922816781067,0.9977873019616393,-0.01937108011842507,-0.2158563767302972,0.27779310651320593,-0.11763100892405742,0.017850719290390525,0.024906680278989318,0.9925844824687742,-0.019292648786422506,-0.2159520779293195,0.27781874993238775,-0.117713463732911,0.017725931899642826,0.024741753119014782,0.9925810684507779,-0.019292644700530943,-0.2159520792750352,0.27781874974675824,-0.11771346378730116,0.017725931903715422,0.024741752848859738,0.9925810684509888,-0.018879757036852372,-0.21644911761265673,0.2779447669961406,-0.11832686044416796,0.01671903747217115,0.023374557988689232,0.9925587428068245,-0.018879757036852372,-0.21644911761265673,0.2779447669961406,-0.11832686044416796,0.01671903747217115,0.023374557988689232,0.9925587428068245,-0.07615280389996072,-0.5896613480927074,0.8172135712152685,-0.2784346069408136,0.4803790213300385,-0.23674867130327026,-0.06879762088894421,-0.5863128608321073,0.8157344985239938,-0.2557095678767843,0.48081712029033497,-0.2162983924357604,-0.06879762088894421,-0.5863128608321073,0.8157344985239938,-0.2557095678767843,0.48081712029033497,-0.2162983924357604,-0.10060630498512597,-0.050622276242014624,0.02261162948632749,-0.318866304530799,-0.012806714257335088,-0.2850765902342655,-0.05644930096267847,0.03455997351389456,-0.018404071659120076,-0.07407563907642425,0.08181607963091928,-0.09005352941532166,0.5,0.0,0.0,0.5,True,False,True,False,1,True,True,0.003337699978146702,4,4.305800615100089e-09,5.512120090545715e-10,`gtol` termination condition is satisfied.,True,True,0.0,0.010032099991803989,True,0.02272503906402934,0.0226874762175307,False,False,False,False,False,False,1.0,False,False,False,0.0006583340178248528,0.0036109904239838846,0.0006583375608545738,0.0036109908655382918
2.190660799999023,1786139319.3415692,0.010214000009000301,0.006506000005174428,0.010214000009000301,TELEOP,0,,0.0,2.190660799999023,431,-0.013351351438755717,0.03401288812545044,0.0,0.02785220502550246,0.03137211485616446,0.058397372204317684,0.9974115459549782,-0.011439525538309025,0.03167025581386585,0.0,0.02604537568905968,0.02911793934797168,0.05443875548282219,0.9977525775034736,-0.019431820379089318,-0.21578448226582472,0.27777384217522993,-0.1175347862951227,0.01799675969090388,0.025099383247705893,0.9925883898231797,-0.01935275502847295,-0.215879695733186,0.277799354907369,-0.11761630927440685,0.017873198066264733,0.0249362192346659,0.9925850782445965,-0.019352750857532235,-0.21587969710514096,0.27779935471109407,-0.11761630933016451,0.01787319807043833,0.024936218959030115,0.9925850782448391,-0.01893655224883269,-0.21637413799404998,0.2779246506301775,-0.11822517697651606,0.01687094288290654,0.023576742531848827,0.9925635073015228,-0.01893655224883269,-0.21637413799404998,0.2779246506301775,-0.11822517697651606,0.01687094288290654,0.023576742531848827,0.9925635073015228,-0.07722369683873061,-0.5901483347361651,0.8174291529544673,-0.2817351022232663,0.48031793489312163,-0.2397179138962159,-0.06983136844719777,-0.5868264233444264,0.8159635909066428,-0.25897488333039687,0.480694876219999,-0.21922016361264168,-0.06983136844719777,-0.5868264233444264,0.8159635909066428,-0.25897488333039687,0.480694876219999,-0.21922016361264168,-0.10120888558279321,-0.050280253756271286,0.022429252246633648,-0.3196901753216439,-0.01196828570865618,-0.286055529107764,-0.05899555484004931,0.0334856555161505,-0.017855613817616696,-0.08066093500282909,0.08208620990210565,-0.0958428502678535,0.5,0.0,0.0,0.5,True,False,True,False,1,True,True,0.003431799996178597,4,4.395171296370542e-09,5.624997104998675e-10,`gtol` termination condition is satisfied.,True,True,0.0,0.010214000009000301,True,0.022760218892869444,0.02272503906402934,False,False,False,False,False,False,1.0,False,False,False,0.0006583252553620733,0.003591031940532245,0.0006583288853321484,0.003591032391078366
2.2004907999944407,1786139319.3520877,0.009829999995417893,0.0071946999814826995,0.009829999995417893,TELEOP,0,,0.0,2.2004907999944407,433,-0.013562125350243332,0.03423859358981646,0.0,0.028024367091174125,0.03159109151970917,0.05877787462206856,0.9973774607643011,-0.011635854579248952,0.03190782089116576,0.0,0.02622854020959567,0.029346836483662285,0.054840357150299474,0.9977190797486548,-0.01949071881199561,-0.21571564103576668,0.2777553959591008,-0.117442733708788,0.01813666952903825,0.02528384318462083,0.9925920575902352,-0.01941104595693806,-0.2158103811610029,0.2777807818598382,-0.11752335918365273,0.01801429298886355,0.02512237975307182,0.992588843041188,-0.019411041930561028,-0.21581038248699158,0.2777807816700419,-0.1175233592374154,0.018014292992910512,0.025122379487117895,0.9925888430414802,-0.018991652350218262,-0.21630232858284232,0.2779053795081047,-0.11812784107908512,0.017016501640455053,0.02377030496197288,0.9925679948678224,-0.018991652350218262,-0.21630232858284232,0.2779053795081047,-0.11812784107908512,0.017016501640455053,0.02377030496197288,0.9925679948678224,-0.07825939389574987,-0.5906134307271766,0.8176348041707652,-0.28491631495587355,0.4802674456320028,-0.24258197620876062,-0.07083125406787358,-0.5873171239118596,0.8161822114532488,-0.26212296700293614,0.4805852305395129,-0.22203929692555371,-0.07083125406787358,-0.5873171239118596,0.8161822114532488,-0.26212296700293614,0.4805852305395129,-0.22203929692555371,-0.10171776410395579,-0.04991867422808101,0.022240136999779597,-0.3202526626659903,-0.011154189271334965,-0.28678874000265714,-0.05176790655135096,0.036783268398659065,-0.019238580563804997,-0.05722149996018333,0.08281754198379385,-0.07458910429653451,0.5,0.0,0.0,0.5,True,False,True,False,1,True,True,0.003908899991074577,4,4.243345449280899e-09,5.427278521212061e-10,`gtol` termination condition is satisfied.,True,True,0.0,0.009829999995417893,True,0.022793347952937415,0.022760218892869444,False,False,False,False,False,False,1.0,False,False,False,0.0006583488456531121,0.003571849322460863,0.0006583523655045459,0.0035718497570191607
2.2105134000012185,1786139319.3615837,0.010022600006777793,0.006667100009508431,0.010022600006777793,TELEOP,0,,0.0,2.2105134000012185,435,-0.013778460048595988,0.034467376510968206,0.0,0.0281987004355826,0.03181319225041819,0.05916346331900986,0.9973426886986652,-0.011837551628913093,0.032148775514118835,0.0,0.026414123178352532,0.029579155246249038,0.055247576980430146,0.9976848565100248,-0.019551227643533065,-0.21564581758603807,0.2777366865526731,-0.11734945394730827,0.018278649064542882,0.025470874067997185,0.9925957038093889,-0.019470938594937072,-0.2157400713590409,0.27776194213595096,-0.11742916426804456,0.018157485566857583,0.025311147154156912,0.9925925865766573,-0.019470934480022763,-0.2157400727125403,0.27776194193526293,-0.11742916432322946,0.018157485571009505,0.02531114688249189,0.99259258657698,-0.01904830895870183,-0.21622945627307677,0.27788582638786347,-0.11802918354803489,0.01716429009338167,0.02396668442953372,0.9925724643642043,-0.01904830895870183,-0.21622945627307677,0.27788582638786347,-0.11802918354803489,0.01716429009338167,0.02396668442953372,0.9925724643642043,-0.07932055335561888,-0.5910839101569177,0.8178425990137238,-0.28816446259054856,0.4802244719463921,-0.24550847971106604,-0.07185625350679693,-0.5878138804794819,0.8164032504334883,-0.26533934366887857,0.48048178003064623,-0.2249219230057176,-0.07185625350679693,-0.5878138804794819,0.8164032504334883,-0.26533934366887857,0.48048178003064623,-0.2249219230057176,-0.10226881629818649,-0.04956364289569251,0.02205405584279405,-0.3209124043429227,-0.010321723783919181,-0.2876126033379057,-0.054980962410756604,0.03542307706068341,-0.018566156173019852,-0.0658254022395631,0.08305883571656342,-0.08220056020308703,0.5,0.0,0.0,0.5,True,False,True,False,1,True,True,0.0035684000176843256,4,4.336445095223841e-09,5.544893073342292e-10,`gtol` termination condition is satisfied.,True,True,0.0,0.010022600006777793,True,0.022825118921669996,0.022793347952937415,False,False,False,False,False,False,1.0,False,False,False,0.000658373722281857,0.0035521516561026266,0.0006583773320688812,0.003552152100031276
2.22067410001182,1786139319.372235,0.010160700010601431,0.007151900004828349,0.010160700010601431,TELEOP,0,,0.0,2.22067410001182,437,-0.013999241812194741,0.03469791650666034,0.0,0.02837419320123028,0.03203713949490359,0.05955190954575698,0.997307423477143,-0.012043582091400615,0.03239174096304082,0.0,0.026601056658306792,0.029813570847166602,0.055658081298240514,0.9976500953561831,-0.019613036496552803,-0.21557541143973188,0.2777178210093059,-0.11725548338416085,0.018421888057065912,0.025659403836692667,0.992599305183872,-0.019532126233737908,-0.21566916847058798,0.27774294349114376,-0.1173342662196229,0.018301958684184848,0.025501439381120407,0.9925962849358828,-0.019532122052351338,-0.2156691698447249,0.2777429432810347,-0.11733426627591378,0.018301958688420827,0.02550143910520713,0.9925962849362393,-0.019106247448734036,-0.2161559207274254,0.2778660982221453,-0.11792974690677595,0.017313500321724767,0.0241648002044835,0.9925768886752254,-0.019106247448734036,-0.2161559207274254,0.2778660982221453,-0.11792974690677595,0.017313500321724767,0.0241648002044835,0.9925768886752254,-0.08040160562521921,-0.5915570115585753,0.8180513130516963,-0.29146183109215495,0.4801896934039073,-0.2484815523195361,-0.07290124556360392,-0.5883139012945198,0.8166254596331531,-0.26860728924421845,0.4803855125392145,-0.22785315057818173,-0.07290124556360392,-0.5883139012945198,0.8166254596331531,-0.26860728924421845,0.4803855125392145,-0.22785315057818173,-0.10284646291266021,-0.049211256558719114,0.021869477440832136,-0.32162602694009124,-0.009474494014317172,-0.28848677447476767,-0.056851064776149846,0.03468130508781121,-0.018165913939918427,-0.07023360560040187,0.08338301187103543,-0.08603453856031867,0.5,0.0,0.0,0.5,True,False,True,False,1,True,True,0.0037338999973144382,4,4.406403490589434e-09,5.632579282098518e-10,`gtol` termination condition is satisfied.,True,True,0.0,0.010160700010601431,True,0.022854541847936505,0.022825118921669996,False,False,False,False,False,False,1.0,False,False,False,0.0006583788721821707,0.0035319273496372573,0.0006583825535513223,0.0035319278005216956
2.2305010000127368,1786139319.3815098,0.009826900000916794,0.006605799979297444,0.009826900000916794,TELEOP,0,,0.0,2.2305010000127368,439,-0.014214166312851956,0.034919537616007745,0.0,0.028542726741886015,0.03225255597551778,0.05992522958530511,0.9972733086984393,-0.012244292485067674,0.03262548870566312,0.0,0.026780714169489888,0.03003923933946194,0.05605290575205189,0.9976164138611745,-0.019673249339766382,-0.21550767638342863,0.27769967119119765,-0.11716515904904884,0.018559761874805746,0.025840723610808067,0.992602698841501,-0.01959174106685408,-0.21560094913998704,0.2777246639123247,-0.11724304460166364,0.01844103081701012,0.025684466561151673,0.9925997708303219,-0.01959173701194619,-0.21560095047414074,0.2777246637078051,-0.11724304465621686,0.01844103082113624,0.02568446629371193,0.9925997708307218,-0.019162715534787572,-0.216085158911787,0.27784710939391005,-0.11783411114566644,0.017457155168659276,0.02435537255418068,0.9925810726644324,-0.019162715534787572,-0.216085158911787,0.27784710939391005,-0.11783411114566644,0.017457155168659276,0.02435537255418068,0.9925810726644324,-0.08145206627029232,-0.592010915981298,0.8182513344610267,-0.29465486260691365,0.4801644304122174,-0.25136262223229133,-0.07391678269881456,-0.5887938758155682,0.8168385025743297,-0.27177266659230354,0.48030050843970634,-0.23069457741503802,-0.07391678269881456,-0.5887938758155682,0.8168385025743297,-0.27177266659230354,0.48030050843970634,-0.23069457741503802,-0.10334257345815065,-0.048842923099208256,0.02167956742784032,-0.322113519806834,-0.00865014394165347,-0.28914783264215466,-0.05048494901181023,0.037482162174897,-0.01932552615515567,-0.049608001169983845,0.08388709283566487,-0.06727026502002936,0.5,0.0,0.0,0.5,True,False,True,False,1,True,True,0.0034767999895848334,4,4.273648604665228e-09,5.459569655865681e-10,`gtol` termination condition is satisfied.,True,True,0.0,0.009826900000916794,True,0.022882196014610112,0.022854541847936505,False,False,False,False,False,False,1.0,False,False,False,0.0006584149033830553,0.003512384646969963,0.0006584184886773756,0.0035123850838585844
2.2561927000060678,1786139319.4115307,0.025691699993330985,0.009462799993343651,0.025691699993330985,TELEOP,0,,0.0,2.2561927000060678,440,-0.014782495435388078,0.03549263828234721,0.0,0.02897777257008829,0.03281021568261528,0.060890167656597535,0.9971841183685628,-0.012778204320850512,0.033228607205696446,0.0,0.027243129614811734,0.030622436236205967,0.0570709967806708,0.9975284354915457,-0.01983342218123592,-0.21533290562933902,0.27765284081662145,-0.11693262244181002,0.018915938101720427,0.026308210557778024,0.9926111157708545,-0.019750433355052693,-0.21542494681497987,0.27767750353973286,-0.11693262244181002,0.018915938101720427,0.026308210557778024,0.9926111157708545,-0.019750421353213525,-0.21542495046775773,0.27767750239482414,-0.11693262262571932,0.018915938112957983,0.026308209765141012,0.9926111157699833,-0.019327401246618678,-0.21589149452463272,0.27779727592104175,-0.11758085979445104,0.017827719418012842,0.024864412795808342,0.992591897411353,-0.019327401246618678,-0.21589149452463272,0.27779727592104175,-0.11758085979445104,0.017827719418012842,0.024864412795808342,0.992591897411353,-0.08444782411742041,-0.5931539108789002,0.8186755756672113,-0.3042792730227876,0.480082866712619,-0.25991010363269706,-0.07680528894921457,-0.590095412529982,0.8174060802663219,-0.2805897994982036,0.48012719562389505,-0.23867642399101519,-0.07680528894921457,-0.590095412529982,0.8174060802663219,-0.2805897994982036,0.48012719562389505,-0.23867642399101519,-0.11242954927660662,-0.05065981288710751,0.02209186983109563,-0.34318993714658175,-0.006745867959545773,-0.3106780235659408,-0.35369305343028073,-0.07071893990552901,0.016048077914748153,-0.8203590009699134,0.07412027941327377,-0.838021264819959,0.5,0.0,0.0,0.5,True,False,True,False,1,True,True,0.005987999989883974,5,1.2597529340587844e-08,1.6275418254358953e-09,`gtol` termination condition is satisfied.,True,True,0.0,0.025691699993330985,True,0.023689473524584004,0.022882196014610112,False,False,False,False,False,False,1.0,False,False,False,0.0006410577705413854,0.003841536944084822,0.0006410681348131799,0.0038415382471179574
2.2674934999959078,1786139319.4186487,0.011300799989840016,0.006753499998012558,0.011300799989840016,TELEOP,0,,0.0,2.2674934999959078,441,-0.015035396647479882,0.03574180342961081,0.0,0.02916656793821841,0.03305293884084052,0.06130948868166752,0.9971449047888084,-0.013014945545250813,0.033492204712636135,0.0,0.02744499056349501,0.03087750760241337,0.05751581404867603,0.9974894902461633,-0.019904444238566223,-0.21525652074465487,0.27763237324387946,-0.11683108921255261,0.019071694953312165,0.026512454231277762,0.9926146567604424,-0.019820793013832563,-0.21534800159807474,0.2776568858265918,-0.1168642681850996,0.019020798479597385,0.026445713791369216,0.992613508002397,-0.01982078896943368,-0.21534800301784324,0.2776568857341319,-0.11686426823548528,0.0190207984842681,0.02644571352605986,0.992613508003444,-0.019398410651009897,-0.21580744923824755,0.27777464837369,-0.11746310268029513,0.017987977659897524,0.02510112494604503,0.9925969905731472,-0.019398410651009897,-0.21580744923824755,0.27777464837369,-0.11746310268029513,0.017987977659897524,0.02510112494604503,0.9925969905731472,-0.08557636060367436,-0.5936697027687083,0.818937446325843,-0.307396452377591,0.48011749816326643,-0.2627986367953862,-0.07807770615523131,-0.5906583608724101,0.8176510271619288,-0.28452959070547,0.4800615371855363,-0.2422510601794318,-0.07807770615523131,-0.5906583608724101,0.8176510271619288,-0.28452959070547,0.4800615371855363,-0.2422510601794318,-0.11259532131890697,-0.04981491070846537,0.021675181918729046,-0.3486294077240967,-0.0058100699435266545,-0.3163170918545929,-0.014669053735080262,0.07476481128785138,-0.036872426088525256,-0.48133500127471296,0.08280812127110004,-0.4989972651247585,0.5,0.0,0.0,0.5,True,False,True,False,1,True,True,0.003531700000166893,4,4.2873597631798834e-09,5.401876727016743e-10,`gtol` termination condition is satisfied.,True,True,0.0,0.011300799989840016,True,0.022866861672120986,0.023689473524584004,False,False,False,False,False,False,1.0,False,False,False,0.0006351081109496225,0.0035963946912734445,0.0006351118106153169,0.0035963951162140367
2.2744820000079926,1786139319.4249234,0.006988500012084842,0.0060403000097721815,0.006988500012084842,TELEOP,0,,0.0,2.2744820000079926,442,-0.015192675621361857,0.035894988084693144,0.0,0.029282532939974463,0.03320224448894293,0.061567222857504225,0.997120665363591,-0.013162083054556503,0.03365455141212657,0.0,0.02756922222999006,0.031034674208555515,0.05778971732377533,0.9974653555658164,-0.01994858530043875,-0.2152094761636624,0.2776197674979984,-0.11676859543826137,0.01916765773029396,0.026638216827286662,0.992616794851252,-0.019864519491460612,-0.2153006025768223,0.277644185108826,-0.11681453629712565,0.019097139429783857,0.026545781485342902,0.9926152249792562,-0.01986451682176665,-0.21530060351043273,0.2776441850492475,-0.11681453632990402,0.01909713943276129,0.026545781309990246,0.992615224980031,-0.019441137817234864,-0.21575614270189808,0.2777604593745559,-0.11738845425533681,0.018085858350169126,0.025253552554446217,0.992600176616275,-0.019441137817234864,-0.21575614270189808,0.2777604593745559,-0.11738845425533681,0.018085858350169126,0.025253552554446217,0.992600176616275,-0.08629936158942926,-0.593984587255199,0.8190894363830103,-0.3094546178282037,0.4801372072612754,-0.2646884401437049,-0.07885858073054199,-0.5910014637279235,0.8178002483729089,-0.28697925594110313,0.4800250579433651,-0.24447577340486337,-0.07885858073054199,-0.5910014637279235,0.8178002483729089,-0.28697925594110313,0.4800250579433651,-0.24447577340486337,-0.11173707862350377,-0.04909535020678848,0.02135239475167167,-0.35052804341375454,-0.00521989584432959,-0.3183391602753803,0.12280785489290746,0.10296351154505155,-0.046188333190126225,-0.2716800009121677,0.08444932362831901,-0.28934226476221325,0.5,0.0,0.0,0.5,True,False,True,False,1,True,True,0.003399300010642037,4,2.828859116933011e-09,3.568329829070434e-10,`gtol` termination condition is satisfied.,True,True,0.0,0.006988500012084842,True,0.022475361887100587,0.022866861672120986,False,False,False,False,False,False,1.0,False,False,False,0.0006326811639089294,0.0034768684669777682,0.0006326836116854076,0.003476868745832473
2.280740499991225,1786139319.431594,0.006258499983232468,0.006452800007537007,0.006258499983232468,TELEOP,0,,0.0,2.280740499991225,443,-0.01533409536693009,0.03603158414462098,0.0,0.029385872569674617,0.033335433888045427,0.061797007463650126,0.9970989666073033,-0.013294439199046604,0.033799403952346846,0.0,0.027679994012037294,0.031174962210923318,0.05803406306397273,0.9974437263259156,-0.019988291973439674,-0.21516750101262297,0.2776085201214268,-0.11671286797157192,0.01925330687931303,0.026750404707853444,0.9926186742511082,-0.019903852440513393,-0.21525830499209436,0.27763285133648896,-0.11676644771800457,0.01917100770125047,0.026642569683303,0.9926168659818891,-0.019903849970073995,-0.21525830584972747,0.2776328512725092,-0.11676644774855599,0.019171007703956338,0.026642569520963694,0.9926168659826002,-0.019478596184746018,-0.21571074138146373,0.27774767581894816,-0.11732081117437372,0.01817270494214794,0.02539348025224606,0.9926030179387686,-0.019478596184746018,-0.21571074138146373,0.27774767581894816,-0.11732081117437372,0.01817270494214794,0.02539348025224606,0.9926030179387686,-0.08695978824797686,-0.5942639961945712,0.8192204080036801,-0.3113617995484955,0.4801552133975725,-0.2664319495127244,-0.07955276004394136,-0.5913046565061767,0.8179321195425782,-0.28917632293837575,0.4799957415080507,-0.2464720780876238,-0.07955276004394136,-0.5913046565061767,0.8179321195425782,-0.28917632293837575,0.4799957415080507,-0.2464720780876238,-0.11091784217611274,-0.04844495950555902,0.02107073100944424,-0.35105328803370434,-0.004684259070530891,-0.31897494417333944,0.13089980819459834,0.10392117967116073,-0.04500499208788884,-0.08392500141519366,0.0855854877740284,-0.1015872652652392,0.5,0.0,0.0,0.5,True,False,True,False,1,True,True,0.003863800026010722,4,2.615855265617874e-09,3.304255844586356e-10,`gtol` termination condition is satisfied.,True,True,0.0,0.006258499983232468,True,0.02218547661011977,0.022475361887100587,False,False,False,False,False,False,1.0,False,False,False,0.0006314454598602838,0.003384874393750807,0.0006314477264721935,0.0033848746501879304
2.2874770000053104,1786139319.4381883,0.006736500014085323,0.006310500000836328,0.006736500014085323,TELEOP,0,,0.0,2.2874770000053104,444,-0.01548691516485708,0.03617799020346801,0.0,0.02949656327706336,0.03347824331880522,0.06204325362778329,0.9970756213339125,-0.01343758031509322,0.0339546988132683,0.0,0.02779866797719787,0.031325429419395964,0.05829597564029119,0.9974204383080039,-0.02003123412562741,-0.21512249990038768,0.2775964619280744,-0.11665316019934828,0.019345161511918032,0.026870654098418253,0.99262065910896,-0.01994639154406524,-0.21521295289258485,0.2776206990964605,-0.11671214855643926,0.019254482680604423,0.02675189456654919,0.9926186958813249,-0.019946388831940765,-0.21521295382061434,0.27762069900267694,-0.11671214859092727,0.019254482683535232,0.0267518943883099,0.9926186958820167,-0.019518297675358,-0.21566245640485623,0.2777339171803055,-0.11724784499192112,0.01826554507967299,0.02554569645254413,0.9926060296514662,-0.019518297675358,-0.21566245640485623,0.2777339171803055,-0.11724784499192112,0.01826554507967299,0.02554569645254413,0.9926060296514662,-0.08768101467333062,-0.5945621910648717,0.819357260763466,-0.3134624600120872,0.480176165994889,-0.26834715573671025,-0.0802946742984798,-0.5916266234875073,0.8180722152745215,-0.2915358308125031,0.4799681225026026,-0.2486162917190554,-0.0802946742984798,-0.5916266234875073,0.8180722152745215,-0.2915358308125031,0.4799681225026026,-0.2486162917190554,-0.11013348964405555,-0.04779440075074772,0.02079651623994925,-0.35025723583372675,-0.004099904310890824,-0.31829787381403646,0.11643324135933893,0.0965722190233876,-0.040705821854321395,0.11816999900736602,0.08674456445012117,0.10050773515732048,0.5,0.0,0.0,0.5,True,False,True,False,1,True,True,0.0033632999984547496,4,2.8680399674917642e-09,3.631403951472986e-10,`gtol` termination condition is satisfied.,True,True,0.0,0.006736500014085323,True,0.021926629199584102,0.02218547661011977,False,False,False,False,False,False,1.0,False,False,False,0.0006309777867168086,0.0032985104083905286,0.0006309802710692138,0.003298510687983315
2.2939990000159014,1786139319.4445126,0.006522000010591,0.006113000010373071,0.006522000010591,TELEOP,0,,0.0,2.2939990000159014,445,-0.015635458083589005,0.03631911698920049,0.0,0.029603193478854036,0.03361595669637163,0.06228058016724982,0.9970530315511167,-0.013576794532021954,0.03410446457219588,0.0,0.027913039085343185,0.031470600514928886,0.05854851825189321,0.9973978817717419,-0.020072998214581986,-0.21507910100189756,0.2775848330523574,-0.11659561256708624,0.019433774633867272,0.02698659788933849,0.9926225441062404,-0.019987765503771897,-0.2151692112578878,0.2776089783849253,-0.11665806759190199,0.019337689356283952,0.02686081683763731,0.9926204942247053,-0.01998776283988417,-0.2151692121658144,0.2776089782862014,-0.1166580676259851,0.01933768935914468,0.026860816662569443,0.9926204942253813,-0.019556384009283462,-0.21561623962201662,0.27772065926234585,-0.11717754825978964,0.018355077123846857,0.025692581927868125,0.9926088880125354,-0.019556384009283462,-0.21561623962201662,0.27772065926234585,-0.11717754825978964,0.018355077123846857,0.025692581927868125,0.9926088880125354,-0.0883864929363397,-0.5948487033383248,0.8194868790242633,-0.3155266290893949,0.4801987871116439,-0.2702261997966134,-0.08100818713790355,-0.5919343409895399,0.8182061948360803,-0.2938068592835319,0.47994509594268403,-0.25067963252125935,-0.08100818713790355,-0.5919343409895399,0.8182061948360803,-0.2938068592835319,0.47994509594268403,-0.25067963252125935,-0.10940092583027841,-0.047181462976521454,0.020542711030546553,-0.3482104365748047,-0.003530597957869857,-0.31636626784013144,0.11232195838508652,0.09398003269410092,-0.03891524210219961,0.31382999932509603,0.08729014904883114,0.2961677354750505,0.5,0.0,0.0,0.5,True,False,True,False,1,True,True,0.003342400013934821,4,2.8160921404939525e-09,3.567579491364511e-10,`gtol` termination condition is satisfied.,True,True,0.0,0.006522000010591,True,0.021719769805862987,0.021926629199584102,False,False,False,False,False,False,1.0,False,False,False,0.0006311845075107965,0.0032250857953581174,0.0006311869536866148,0.0032250860674837754
2.3003352000087034,1786139319.4519837,0.006336199992801994,0.007127699995180592,0.006336199992801994,TELEOP,0,,0.0,2.3003352000087034,447,-0.015780321953397736,0.03645563926729151,0.0,0.029706280115140288,0.03374922690507977,0.06251012592517911,0.9970310981919513,-0.013712635635355611,0.03424941029549078,0.0,0.02802365661226153,0.031611156627692795,0.05879289104765361,0.9973759599113047,-0.02011375037512638,-0.21503709884506253,0.27757357843742647,-0.11653994917765814,0.019519562864691923,0.027098787450103412,0.9926243411432013,-0.02002813924513077,-0.21512687385397286,0.27759763394087367,-0.1166046166108745,0.019419993367256156,0.026968506735475566,0.9926222478300119,-0.02002813663106006,-0.2151268747430992,0.27759763384000663,-0.11660461664443549,0.01941999337005453,0.026968506563698542,0.9926222478306816,-0.01959327206229084,-0.21557182339246597,0.2777079047373082,-0.11711010691146202,0.018441956175895287,0.025832995373064795,0.9926115924477447,-0.01959327206229084,-0.21557182339246597,0.2777079047373082,-0.11711010691146202,0.018441956175895287,0.025832995373064795,0.9926115924477447,-0.08907717224177356,-0.595125118297759,0.8196106817298173,-0.3175520491774707,0.4802234083428199,-0.2720683577966595,-0.08169708824171407,-0.5922296303545764,0.8183348587451454,-0.2959929593167749,0.47992624303707687,-0.25266467062730263,-0.08169708824171407,-0.5922296303545764,0.8183348587451454,-0.2959929593167749,0.47992624303707687,-0.25266467062730263,-0.10872464641158985,-0.04660354240270788,0.020306162875433537,-0.34501752402487645,-0.002975427800345333,-0.3132852669262827,0.10673265039879108,0.09120933279727593,-0.03733281073541521,0.5039159991091559,0.08761878699460315,0.4862537352591103,0.5,0.0,0.0,0.5,True,False,True,False,1,True,True,0.0037564999947790056,4,2.7629848828437044e-09,3.500969394626797e-10,`gtol` termination condition is satisfied.,True,True,0.0,0.006336199992801994,True,0.021559089860695824,0.021719769805862987,False,False,False,False,False,False,1.0,False,False,False,0.0006318592917223434,0.003163274813194696,0.0006318616993161397,0.0031632750778261757
2.310415100015234,1786139319.4623003,0.010079900006530806,0.007481799984816462,0.010079900006530806,TELEOP,0,,0.0,2.310415100015234,449,-0.016011894420924978,0.036671633167145,0.0,0.02986924523606494,0.03396017596055272,0.06287321805629206,0.9969962352431437,-0.013930201588642855,0.03447861525323898,0.0,0.02819840050817835,0.03183356184500576,0.059179220804462,0.9973411123452284,-0.020179019891568256,-0.2149706801694565,0.2775557813349674,-0.1164520079272362,0.0196552876343135,0.027276139080181075,0.9926271262435891,-0.020092813940235456,-0.2150599217354481,0.2775796939029017,-0.11651845483258629,0.01955284308187252,0.027142199352903112,0.9926250233724363,-0.020092809771094525,-0.21505992311383684,0.2775796936661965,-0.11651845488952087,0.019552843086300446,0.02714219907907121,0.9926250233731534,-0.019652490755716335,-0.21550193752154193,0.2776880233061563,-0.11700603540156808,0.018580421142938338,0.026048644631846554,0.9926156475406792,-0.019652490755716335,-0.21550193752154193,0.2776880233061563,-0.11700603540156808,0.018580421142938338,0.026048644631846554,0.9926156475406792,-0.09018553857034098,-0.5955604302884354,0.8198037310478706,-0.32080466863896084,0.48026912197236477,-0.2750249995891107,-0.08278969551028575,-0.5926930790797594,0.8185370722507964,-0.2994264131784234,0.47990547341671524,-0.2557796508734441,-0.08278969551028575,-0.5926930790797594,0.8185370722507964,-0.2994264131784234,0.47990547341671524,-0.2557796508734441,-0.10839465350487475,-0.04597751216606802,0.020061062661336147,-0.34062380176628504,-0.002060498650598717,-0.3090288836321047,0.03273771629691817,0.062106790368382,-0.024315738642108557,0.4358894687193998,0.09076768114305003,0.4222644362960243,0.5,0.0,0.0,0.5,True,False,True,False,1,True,True,0.003985799994552508,4,4.397467563828089e-09,5.594482283532856e-10,`gtol` termination condition is satisfied.,True,True,0.0,0.010079900006530806,True,0.021378255460537454,0.021559089860695824,False,False,False,False,False,False,1.0,False,False,False,0.0006332399883269429,0.003084988751156825,0.0006332438089635666,0.003084989169826603
2.3204321000084747,1786139319.4722989,0.01001699999324046,0.007461700006388128,0.01001699999324046,TELEOP,0,,0.0,2.3204321000084747,451,-0.01624337244768176,0.03688482203148158,0.0,0.03002993797971894,0.034168505924008476,0.06323150391193387,0.9969616306262195,-0.014147846795496816,0.0347050173839271,0.0,0.028370833238310498,0.032053384062857536,0.0595607253551784,0.9973064706431258,-0.020244313187376257,-0.21490507369025919,0.277538201861538,-0.11636521906760369,0.01978941731932288,0.027451267504781763,0.9926298114936359,-0.020157521701048623,-0.21499378364922278,0.2775619719858699,-0.11643239405964624,0.019685712977399124,0.0273157848693811,0.9926277339542154,-0.02015751753180973,-0.21499378502536468,0.2775619717411995,-0.11643239411685402,0.019685712981831097,0.027315784595644137,0.99262773395495,-0.01971188044733701,-0.21543321085416772,0.2776686055636593,-0.11690528729910002,0.018718163628043787,0.02625551215241633,0.992619480079614,-0.01971188044733701,-0.21543321085416772,0.2776686055636593,-0.11690528729910002,0.018718163628043787,0.02625551215241633,0.992619480079614,-0.09129473492996876,-0.5959886923343477,0.8199924136253749,-0.32405597264420155,0.4803226008649845,-0.2779802699031807,-0.08387287382318814,-0.5931476375434708,0.8187356793447351,-0.30279735958877835,0.4798939575847207,-0.25883565768781125,-0.08387287382318814,-0.5931476375434708,0.8187356793447351,-0.30279735958877835,0.4798939575847207,-0.25883565768781125,-0.10813400355728472,-0.04537870260737998,0.019827003501316637,-0.336522552923001,-0.001149628831220083,-0.3050820421712443,0.02602075948546518,0.05977933104643306,-0.023366193488814607,0.4094288555507253,0.09093239692455773,0.394014322004968,0.5,0.0,0.0,0.5,True,False,True,False,1,True,True,0.0036308999988250434,4,4.397292695798351e-09,5.593740544259455e-10,`gtol` termination condition is satisfied.,True,True,0.0,0.01001699999324046,True,0.021258613055423203,0.021378255460537454,False,False,False,False,False,False,1.0,False,False,False,0.0006348686810427645,0.0030225988347026673,0.0006348725189890884,0.003022599248908952
2.33044200000586,1786139319.481685,0.010009899997385219,0.006834699976025149,0.010009899997385219,TELEOP,0,,0.0,2.33044200000586,453,-0.016476022173589008,0.037096400239029985,0.0,0.030189263354385296,0.03437538011412769,0.06358699346519638,0.9969270965733583,-0.01436676328044919,0.03492988006938626,0.0,0.02854192151272295,0.032271846236093915,0.05993953614137194,0.9972718479251446,-0.020309987868424154,-0.2148399133065484,0.2775207419191972,-0.11627909633025856,0.01992269864914799,0.027625151387770573,0.9926324137594724,-0.020222616033069154,-0.214928089814672,0.27754436910586433,-0.116346365451616,0.01981871043663141,0.027489402830721633,0.9926303817105531,-0.020222611849184564,-0.21492809119430922,0.27754436885355405,-0.11634636550926,0.019818710441089068,0.02748940255613628,0.9926303817113119,-0.019771788428185277,-0.2153652119644097,0.27764953259030345,-0.11680722487292917,0.01885585458525177,0.026455241031862305,0.9926231153802992,-0.019771788428185277,-0.2153652119644097,0.27764953259030345,-0.11680722487292917,0.01885585458525177,0.026455241031862305,0.9926231153802992,-0.09240961143906631,-0.5964124188868777,0.8201782774524566,-0.3273168240354147,0.48038439787220766,-0.2809448643097611,-0.08495349987783153,-0.5935961513351026,0.8189318980644356,-0.30612830577207023,0.47989156810785916,-0.2618535311120598,-0.08495349987783153,-0.5935961513351026,0.8189318980644356,-0.30612830577207023,0.47989156810785916,-0.2618535311120598,-0.10795572932053969,-0.04480702022487303,0.019602465534290174,-0.3327651808871183,-0.00023871136196957786,-0.30148886852384865,0.01780979198509492,0.057111697684920304,-0.022431589434971158,0.37536559175058576,0.09100165531008847,0.3589619924608864,0.5,0.0,0.0,0.5,True,False,True,False,1,True,True,0.0035305999917909503,4,4.412703204233743e-09,5.612143876497476e-10,`gtol` termination condition is satisfied.,True,True,0.0,0.010009899997385219,True,0.021188518263344447,0.021258613055423203,False,False,False,False,False,False,1.0,False,False,False,0.0006366912407924463,0.002972558505198119,0.0006366951088048338,0.002972558917279389
2.340447199996561,1786139319.492324,0.01000519999070093,0.007473800011212006,0.01000519999070093,TELEOP,0,,0.0,2.340447199996561,455,-0.016709887820734605,0.03730641273416577,0.0,0.03034725855858742,0.03458083971316634,0.0639397641246717,0.9968926301194085,-0.014586991873676021,0.03515325116054095,0.0,0.028711705142940396,0.03248899197315113,0.06031573567011841,0.9972372412916226,-0.02037605618370849,-0.21477518515215818,0.27750339779246297,-0.11619361987958529,0.02005515863543393,0.02779782879541883,0.9926349349210145,-0.020288108588655467,-0.21486282582042168,0.27752688140131504,-0.11626059608755289,0.019951484611032622,0.02766259514661468,0.9926329598038427,-0.020288104394270548,-0.21486282720294128,0.2775268811426504,-0.11626059614553813,0.01995148461551543,0.027662594871460153,0.9926329598046292,-0.019832244217400104,-0.21529788117038828,0.2776307876669453,-0.11671172615778623,0.01899344143310204,0.02664837148289545,0.9926265594155271,-0.019832244217400104,-0.21529788117038828,0.2776307876669453,-0.11671172615778623,0.01899344143310204,0.02664837148289545,0.9926265594155271,-0.0935296477121511,-0.5968317684372345,0.8203616561887757,-0.3305835902091965,0.48045471425466485,-0.28391597381526207,-0.08603267520778721,-0.594038996603567,0.8191258592909754,-0.3094238100945577,0.4798982867645816,-0.26483781868872897,-0.08603267520778721,-0.594038996603567,0.8191258592909754,-0.3094238100945577,0.4798982867645816,-0.26483781868872897,-0.10786144514439373,-0.044261510901932935,0.01938604193020275,-0.32937915539423285,0.000671516484297335,-0.29827365564335173,0.009423517394314268,0.0545225806027976,-0.021631112250487024,0.3384265677880034,0.09097547746300925,0.32135418417275075,0.5,0.0,0.0,0.5,True,False,True,False,1,True,True,0.004084599990164861,4,4.423927292643671e-09,5.624696211238762e-10,`gtol` termination condition is satisfied.,True,True,0.0,0.01000519999070093,True,0.02115978011463876,0.021188518263344447,False,False,False,False,False,False,1.0,False,False,False,0.0006386525042922657,0.0029326134825034453,0.0006386563978790477,0.00293261389295973
2.3506776000140235,1786139319.5016594,0.01023040001746267,0.0065793999820016325,0.01023040001746267,TELEOP,0,,0.0,2.3506776000140235,458,-0.016950377668684437,0.03751962771347029,0.0,0.030507508909125607,0.03478955079830158,0.06429782416814299,0.9968574466104242,-0.014813645332315654,0.035380193612871244,0.0,0.02888402831684339,0.03270974627189056,0.0606978485396806,0.9972018635109315,-0.020444051954416752,-0.21470942209099275,0.27748577635720895,-0.11610685421871937,0.020189801107141848,0.02797321235449785,0.9926374311526125,-0.02035552013955694,-0.2147965121092587,0.2775091124198676,-0.11617328611994346,0.020086828833024564,0.02783900027846006,0.9926355207038596,-0.020355515842429197,-0.214796513524212,0.2775091121470977,-0.11617328617964583,0.02008682883763339,0.02783899999669729,0.9926355207046812,-0.01989470081584398,-0.21522963357697716,0.2776119377209802,-0.11661658843031215,0.019134048822774953,0.02683965596505109,0.9926298868894693,-0.01989470081584398,-0.21522963357697716,0.2776119377209802,-0.11661658843031215,0.019134048822774953,0.02683965596505109,0.9926298868894693,-0.09468028993206157,-0.5972562233334509,0.8205468457873895,-0.3339286799837998,0.48053561176964693,-0.2869598157261883,-0.08713644673017239,-0.5944865160998488,0.8193220620131089,-0.31276331121929335,0.47991470048976226,-0.2678608244786037,-0.08713644673017239,-0.5944865160998488,0.8193220620131089,-0.31276331121929335,0.47991470048976226,-0.2678608244786037,-0.10789133567613225,-0.04374408581462994,0.019178401802331917,-0.32642918351533645,0.0016044069784746668,-0.29549243281931126,-0.0029217363629471787,0.0505772097298034,-0.02029638406283291,0.28835352223383137,0.09118807598773697,0.27185865843887824,0.5,0.0,0.0,0.5,True,False,True,False,1,True,True,0.003475499979685992,4,4.532306594640835e-09,5.761130062238658e-10,`gtol` termination condition is satisfied.,True,True,0.0,0.01023040001746267,True,0.021165368764506476,0.02115978011463876,False,False,False,False,False,False,1.0,False,False,False,0.0006407156682010283,0.002900363593883002,0.0006407196715060012,0.002900364012655925
2.360498499998357,1786139319.5120895,0.009820899984333664,0.007188300020061433,0.009820899984333664,TELEOP,0,,0.0,2.360498499998357,459,-0.017182526032199174,0.03772284987077083,0.0,0.030660104123867077,0.034988591109262085,0.06463901835259489,0.9968237325694626,-0.015032572815071369,0.035596699239356024,0.0,0.029048266706245184,0.03292047264753154,0.06106229542841254,0.9971679080069913,-0.0205097299446335,-0.2146466833957279,0.27746896530941206,-0.11602414925579256,0.020318310383898874,0.02814048028706338,0.9926397515825298,-0.020420640757850356,-0.21473324156392348,0.2774921588632876,-0.1160899193992983,0.020216229917922306,0.028007531412037823,0.9926379062105043,-0.020420636623930233,-0.21473324292767462,0.2774921586007353,-0.11608991945668147,0.02021622992237522,0.028007531141094704,0.9926379062113473,-0.019955208997445656,-0.2151646730317986,0.2775941199903508,-0.11652740783184504,0.019268797274347535,0.02701796220287201,0.9926329162354003,-0.019955208997445656,-0.2151646730317986,0.2775941199903508,-0.11652740783184504,0.019268797274347535,0.02701796220287201,0.9926329162354003,-0.095789586708997,-0.5976596732077812,0.8207225708648193,-0.3371426050068707,0.48062180936710064,-0.28988585889931295,-0.08819636577929743,-0.594911203893407,0.8195083953228514,-0.3159429919533578,0.47993917925573976,-0.27073849717537796,-0.08819636577929743,-0.594911203893407,0.8195083953228514,-0.3159429919533578,0.47993917925573976,-0.27073849717537796,-0.10792483894712575,-0.043243266323419724,0.018973139940303238,-0.3237667361582644,0.0024925175917236294,-0.2930151718645645,-0.003411425739691977,0.05099527456843321,-0.020900514449400307,0.2711001396327434,0.0904306748531886,0.2522437820055713,0.5,0.0,0.0,0.5,True,False,True,False,1,True,True,0.003491000010399148,4,4.360968524405199e-09,5.539802802064176e-10,`gtol` termination condition is satisfied.,True,True,0.0,0.009820899984333664,True,0.021199613053512922,0.021165368764506476,False,False,False,False,False,False,1.0,False,False,False,0.000642768181549,0.002876314753843684,0.0006427720486286588,0.0028763151557446745
2.3704485000052955,1786139319.5236735,0.009950000006938353,0.008818200003588572,0.009950000006938353,TELEOP,0,,0.0,2.3704485000052955,461,-0.01741900038105676,0.037927278624104055,0.0,0.030813462852124874,0.035188922350363215,0.06498215497473891,0.9967896416926291,-0.015255750202843359,0.03581465517201325,0.0,0.029213443506164463,0.03313273654724499,0.061429089640619855,0.997133523372536,-0.020576682904649573,-0.21458352443004658,0.2774520416470264,-0.11594096179987229,0.020447740079530635,0.02830881814681732,0.9926420271768122,-0.0204870327960766,-0.21466954066080615,0.2774750899892034,-0.11600597491252478,0.020346700696395912,0.02817732578568935,0.992640248965824,-0.02048702860313189,-0.21466954204366476,0.2774750897171268,-0.11600597497094081,0.020346700700930576,0.028177325511005262,0.9926402489667014,-0.020017100540228344,-0.21509937838027435,0.2775763410480026,-0.11643916354317736,0.019405039572997704,0.027193722669220696,0.9926358179513397,-0.020017100540228344,-0.21509937838027435,0.2775763410480026,-0.11643916354317736,0.019405039572997704,0.027193722669220696,0.9926358179513397,-0.096918039583389,-0.5980643221331232,0.8208985764702666,-0.34040031156546147,0.48071779553010197,-0.2928534484247501,-0.08927157436528463,-0.5953367355296486,0.8196952031194631,-0.31914213324303164,0.4799729397620373,-0.2736334819963198,-0.08927157436528463,-0.5953367355296486,0.8196952031194631,-0.31914213324303164,0.4799729397620373,-0.2736334819963198,-0.10806116434547065,-0.042766998587421064,0.018774652912711826,-0.32152173743145723,0.0033930157059284373,-0.2909532481329797,-0.013701045050235929,0.04786610408709004,-0.019948444970151018,0.2256280125871056,0.09050232297254984,0.2072285155926612,0.5,0.0,0.0,0.5,True,False,True,False,1,True,True,0.0043639000214170665,4,4.423472497087377e-09,5.617298656340072e-10,`gtol` termination condition is satisfied.,True,True,0.0,0.009950000006938353,True,0.02125817832242982,0.021199613053512922,False,False,False,False,False,False,1.0,False,False,False,0.0006448592812221523,0.0028578821184064964,0.0006448632157847202,0.002857882525996886
2.380081200011773,1786139319.531285,0.009632700006477535,0.006800900009693578,0.009632700006477535,TELEOP,0,,0.0,2.380081200011773,463,-0.017649146934354487,0.038123776123634635,0.0,0.03096073691955406,0.03538158441172591,0.06531189998944853,0.9967567065105117,-0.015473089888092307,0.03602434301441528,0.0,0.029372204263112243,0.03333706472035735,0.061781882155580926,0.9971002521160401,-0.020641884563631974,-0.2145227613774232,0.27743575997619657,-0.11586099622480575,0.02057231503853313,0.02847072326261875,0.9926441594673563,-0.02055169462181573,-0.21460824968173595,0.2774586668608949,-0.11592522647843832,0.020472364494877833,0.028340743805226717,0.9926424464017637,-0.020551690556825982,-0.2146082510247839,0.27745866659668245,-0.11592522653504046,0.02047236449929385,0.028340743539041025,0.9926424464026621,-0.020077538677537532,-0.21503664983292048,0.27755936947806653,-0.11635554472309165,0.01953655522716849,0.027359689673267795,0.992638482834023,-0.020077538677537532,-0.21503664983292048,0.27755936947806653,-0.11635554472309165,0.01953655522716849,0.027359689673267795,0.992638482834023,-0.09801468587805771,-0.5984521912063405,0.8210670904705785,-0.34355480678637557,0.4808189814643509,-0.29572865596857056,-0.09031391913986668,-0.595744262116272,0.819874167713334,-0.32222027650471297,0.48001395437518707,-0.2764190236529668,-0.09031391913986668,-0.595744262116272,0.819874167713334,-0.32222027650471297,0.48001395437518707,-0.2764190236529668,-0.10820899372773257,-0.042306579292334286,0.018578860937284343,-0.31955145074708374,0.00425785222442197,-0.28917558470354293,-0.015346619552411393,0.04779753285965174,-0.020325762797120464,0.20454147674572806,0.089781319662397,0.184544668498067,0.5,0.0,0.0,0.5,True,False,True,False,1,True,True,0.00405069999396801,4,4.289257237995738e-09,5.443488992852466e-10,`gtol` termination condition is satisfied.,True,True,0.0,0.009632700006477535,True,0.0213345302816626,0.02125817832242982,False,False,False,False,False,False,1.0,False,False,False,0.0006469054133060489,0.002844922125729151,0.0006469092410334704,0.002844922521330042
2.3900953000120353,1786139319.5422006,0.01001410000026226,0.007703000010224059,0.01001410000026226,TELEOP,0,,0.0,2.3900953000120353,465,-0.017889662231414256,0.03832657313649808,0.0,0.03111259383850651,0.03558052890330395,0.06565213512144775,0.9967225439517241,-0.01570040571295944,0.036240903970294384,0.0,0.029536009176586803,0.03354821438402819,0.062146145640383905,0.9970656939518119,-0.020710079056417058,-0.2144600066406876,0.2774189446249604,-0.11577848024274748,0.02070103197385939,0.028637885377323334,0.992646302722683,-0.02061933193886814,-0.21454494319840986,0.27744170366957693,-0.11584186541059491,0.020602265968430403,0.02850954409176449,0.992644656838911,-0.020619327711525838,-0.21454494459343587,0.27744170338642754,-0.11584186546979508,0.020602265973041326,0.028509543815080314,0.9926446568398533,-0.020140978399495177,-0.21497188920427351,0.2775419684411463,-0.11627045397324184,0.019672886324976803,0.02752832691403781,0.9926410984307544,-0.020140978399495177,-0.21497188920427351,0.2775419684411463,-0.11627045397324184,0.019672886324976803,0.02752832691403781,0.9926410984307544,-0.09915909258415923,-0.5988512448096917,0.8212402875547608,-0.346834227551861,0.48093291360668705,-0.29871951846396577,-0.09140048772649766,-0.5961635755745548,0.8200583350314387,-0.32540540846323834,0.48006565485653824,-0.27930179587208714,-0.09140048772649766,-0.5961635755745548,0.8200583350314387,-0.32540540846323834,0.48006565485653824,-0.27930179587208714,-0.10850386820608077,-0.04187230587589556,0.018390800780883634,-0.3180647245825347,0.00516276863121399,-0.2878713233385783,-0.029445929074052926,0.04336619530735186,-0.018779536493122948,0.14846328322166702,0.09036422711659768,0.13024249457569415,0.5,0.0,0.0,0.5,True,False,True,False,1,True,True,0.00413519999710843,4,4.460571050258705e-09,5.659715322863044e-10,`gtol` termination condition is satisfied.,True,True,0.0,0.01001410000026226,True,0.021428819088622653,0.0213345302816626,False,False,False,False,False,False,1.0,False,False,False,0.0006489629005122494,0.0028356545921134286,0.0006489668905047693,0.0028356550048169666
2.4001115999999456,1786139319.5513856,0.010016299987910315,0.006871099991258234,0.010016299987910315,TELEOP,0,,0.0,2.4001115999999456,467,-0.018131502023752334,0.03852789686367397,0.0,0.03126320820454657,0.035778134378196845,0.06598981684347989,0.9966884573356606,-0.015929133429698043,0.03645607427762749,0.0,0.029698604408258094,0.033758130341134965,0.06250797804418459,0.9970311601012782,-0.020778697118398977,-0.2143976548813552,0.277402237251181,-0.1156965638368845,0.0208289802031129,0.02880392474998963,0.9926483731004817,-0.020687396619519172,-0.21448203653151143,0.27742484760872055,-0.1157590857608192,0.020731431092379706,0.028677260609602826,0.9926467934530441,-0.020687392388421964,-0.21448203792851667,0.27742484732131306,-0.11575908582020537,0.020731431097015376,0.02867726033280184,0.9926467934540185,-0.020205035126861736,-0.21490753800660461,0.27752478260189833,-0.11618697469275545,0.019808791001345742,0.02769357906402709,0.9926435736906951,-0.020205035126861736,-0.21490753800660461,0.27752478260189833,-0.11618697469275545,0.019808791001345742,0.02769357906402709,0.9926435736906951,-0.10030802644099752,-0.599246179926866,0.8214115367676876,-0.3501139056228758,0.4810557317172517,-0.30171242235076207,-0.09249085706136985,-0.5965787928414844,0.8202406920665342,-0.3285796919673869,0.48012641260376826,-0.2821754967290857,-0.09249085706136985,-0.5965787928414844,0.8202406920665342,-0.3285796919673869,0.48012641260376826,-0.2821754967290857,-0.10885949264581397,-0.04145415646803719,0.01820602770639813,-0.3169117845891128,0.0060658873339829635,-0.28690243507753765,-0.035504571564594876,0.0417468934000657,-0.01844723847214281,0.11510637608833016,0.0901649015963019,0.09673115443927238,0.5,0.0,0.0,0.5,True,False,True,False,1,True,True,0.0034730999905150384,4,4.465020747540548e-09,5.662788746848463e-10,`gtol` termination condition is satisfied.,True,True,0.0,0.010016299987910315,True,0.02153421365548891,0.021428819088622653,False,False,False,False,False,False,1.0,False,False,False,0.0006509269579133967,0.002829836159781441,0.0006509309623659238,0.0028298365745256654
2.4114178000018,1786139319.5620987,0.01130620000185445,0.006278000015299767,0.01130620000185445,TELEOP,0,,0.0,2.4114178000018,470,-0.01840600197822343,0.03875331326480329,0.0,0.03143168195146047,0.03599951309875017,0.0663678127088642,0.996650087976014,-0.016189029035563834,0.036697121595595586,0.0,0.02988055719029107,0.03399344415860107,0.06291321139907259,0.9969922396326311,-0.020856665516687748,-0.21432780451343614,0.27738352059656074,-0.11560488330732982,0.020972388046343254,0.028989871043074048,0.9926506219572112,-0.02076474686457348,-0.21441155763909292,0.27740596254140226,-0.11566642163008481,0.02087623252463688,0.028865121748286135,0.9926491155334424,-0.020764742092905204,-0.21441155920808658,0.277405962198308,-0.11566642169787833,0.020876232529886393,0.028865121436297797,0.9926491155345047,-0.02027828318314393,-0.21483525142254045,0.2775056215706215,-0.11609460678993272,0.01996186176518959,0.02787680971514381,0.9926461856216766,-0.02027828318314393,-0.21483525142254045,0.2775056215706215,-0.11609460678993272,0.01996186176518959,0.02787680971514381,0.9926461856216766,-0.10161013697295782,-0.5996866629786458,0.8216023596490808,-0.3538147019672512,0.48120523351629324,-0.30509190588425755,-0.09372984377303714,-0.5970433181099344,0.8204446392805085,-0.3321604044612195,0.48020684998619917,-0.285418558277741,-0.09372984377303714,-0.5970433181099344,0.8204446392805085,-0.3321604044612195,0.48020684998619917,-0.285418558277741,-0.1095847155953435,-0.04108588812986124,0.018038528766599168,-0.3167034452995085,0.007114448923397399,-0.2868392163700759,-0.06414382811294489,0.03257224691899521,-0.014814786557065243,0.018426994885116524,0.09274217590724114,0.005591507973620041,0.5,0.0,0.0,0.5,True,False,True,False,1,True,True,0.0034937000018544495,4,5.0347068347807636e-09,6.386278220939003e-10,`gtol` termination condition is satisfied.,True,True,0.0,0.01130620000185445,True,0.02165429750603165,0.02153421365548891,False,False,False,False,False,False,1.0,False,False,False,0.0006527552021737335,0.0028257284675016797,0.0006527597242377844,0.002825728938271518
2.4204303000005893,1786139319.5726292,0.00901249999878928,0.007795500016072765,0.00901249999878928,TELEOP,0,,0.0,2.4204303000005893,471,-0.018625956548477107,0.03893159895896846,0.0,0.03156480732414592,0.03617469916654721,0.06666670369857353,0.9966195887583016,-0.01639729206461567,0.036888082769018594,0.0,0.030024577211288667,0.03417995899162214,0.06323416892442553,0.9969612304633776,-0.020919144200833493,-0.21427246803885402,0.27736869298985967,-0.11553230732028442,0.021086043419582597,0.02913714117434209,0.992652351904908,-0.020826734370768128,-0.21435571588906494,0.27739099954648877,-0.11559305534782235,0.020991011488064055,0.029013932486277916,0.9926509027416159,-0.02082673055458225,-0.21435571715658497,0.27739099929106287,-0.11559305540111357,0.020991011492287926,0.029013932236844973,0.9926509027426115,-0.02033703066903392,-0.2147780257270443,0.2774904872115227,-0.11602187241389077,0.020083212754526333,0.028020566125600898,0.9926481942566723,-0.02033703066903392,-0.2147780257270443,0.2774904872115227,-0.11602187241389077,0.020083212754526333,0.028020566125600898,0.9926481942566723,-0.10265157655735918,-0.6000342610163191,0.8217528204880636,-0.3567637477104075,0.48133217780045257,-0.30778638459453894,-0.09471944262965694,-0.5974098489251348,0.820605499433118,-0.33500539230118453,0.4802780275742218,-0.28799634442963284,-0.09471944262965694,-0.5974098489251348,0.820605499433118,-0.33500539230118453,0.4802780275742218,-0.28799634442963284,-0.10980292446632352,-0.040669161192755036,0.017848560624807948,-0.3156713276390785,0.00789765193144675,-0.2860234288197663,-0.024211802608524978,0.046238772500658325,-0.021078295901995985,0.11452068355823977,0.08690185943462567,0.0905173426262687,0.5,0.0,0.0,0.5,True,False,True,False,1,True,True,0.003981999994721264,4,4.0292833208976124e-09,5.101983052280157e-10,`gtol` termination condition is satisfied.,True,True,0.0,0.00901249999878928,True,0.02175835540922294,0.02165429750603165,False,False,False,False,False,False,1.0,False,False,False,0.0006542540430955466,0.002824724041165106,0.0006542576787782032,0.0028247244189625784
2.4305926999950316,1786139319.5818863,0.01016239999444224,0.006890200020279735,0.01016239999444224,TELEOP,0,,0.0,2.4305926999950316,474,-0.01887518142317024,0.039131134261089766,0.0,0.031713670389537235,0.036370863607851536,0.06700114311992983,0.9965852950006164,-0.01663349915063399,0.037101903167143256,0.0,0.03018568169609543,0.03438892136998245,0.06359345666350212,0.9969263257518775,-0.02099000607518679,-0.21421050744560874,0.27735209042498604,-0.11545111273227755,0.021213361024842788,0.029301991797765582,0.9926542334365942,-0.020897046553939903,-0.21429318256333815,0.2773742435183215,-0.11551096829682304,0.02111960254782013,0.02918052541109448,0.9926528474386628,-0.020897042256692082,-0.21429318398404862,0.2773742432129946,-0.11551096835760163,0.021119602552593254,0.02918052513036408,0.9926528474397411,-0.020403877389889028,-0.21471386451992425,0.27747360648431657,-0.1159411572737564,0.020219405769841593,0.02818053112525153,0.9926503318620487,-0.020403877389889028,-0.21471386451992425,0.27747360648431657,-0.1159411572737564,0.020219405769841593,0.02818053112525153,0.9926503318620487,-0.10382996184798673,-0.6004218670576241,0.8219204754215447,-0.3600873068605506,0.4814841049601612,-0.3108248794351908,-0.09584056901019988,-0.5978192479764471,0.8207850616780191,-0.33821059846267426,0.48036755337249143,-0.2909021682050186,-0.09584056901019988,-0.5978192479764471,0.8207850616780191,-0.33821059846267426,0.48036755337249143,-0.2909021682050186,-0.11032102467488852,-0.04028566593877555,0.017669275466359644,-0.31539854397018896,0.008809513335294932,-0.28593873267878805,-0.050982072034986586,0.037736681707984436,-0.017642009618432184,0.02684244558752992,0.08972894240994987,0.0083342656286442,0.5,0.0,0.0,0.5,True,False,True,False,1,True,True,0.0036228000244591385,4,4.536296022263387e-09,5.745521439632181e-10,`gtol` termination condition is satisfied.,True,True,0.0,0.01016239999444224,True,0.021876708397876365,0.02175835540922294,False,False,False,False,False,False,1.0,False,False,False,0.0006557871291823939,0.0028251806465828325,0.0006557912259088846,0.0028251810749811354
2.440432800009148,1786139319.5919907,0.009840100014116615,0.0071524000086355954,0.009840100014116615,TELEOP,0,,0.0,2.440432800009148,475,-0.01911771150461469,0.039322821074889734,0.0,0.03185654939200443,0.036559409753363525,0.06732235212842727,0.9965521916704697,-0.016863494074566908,0.0373075207561296,0.0,0.0303404611384141,0.03458997839332977,0.06393887638468351,0.9968925769105323,-0.021059004310560937,-0.2141509238487847,0.27733612478315883,-0.11537309674213565,0.021335846996514463,0.02946047307181341,0.9926559880983221,-0.02096551600239284,-0.21423304110468674,0.2773581283977693,-0.1154320880213285,0.02124332577569114,0.029340696159735127,0.9926546618607532,-0.020965511838941752,-0.21423304248397393,0.27735812810180405,-0.1154320880801709,0.021243325780337836,0.02934069588786538,0.992654661861847,-0.02046911725300175,-0.21465209635206275,0.2774574068632269,-0.11586395139690829,0.020350565995851683,0.02833366253751267,0.992652307103325,-0.02046911725300175,-0.21465209635206275,0.2774574068632269,-0.11586395139690829,0.020350565995851683,0.02833366253751267,0.992652307103325,-0.10497484954052495,-0.6007930314798897,0.8220808998369253,-0.3633035795453259,0.4816398569581221,-0.31376701057100737,-0.09693080780912733,-0.5982118947052444,0.8209571483376095,-0.34131205018199035,0.4804628263900983,-0.2937156787625526,-0.09693080780912733,-0.5982118947052444,0.8209571483376095,-0.34131205018199035,0.4804628263900983,-0.2937156787625526,-0.11079549977778516,-0.03990271727258455,0.017488303913932992,-0.31518497930577566,0.009682118827064531,-0.28592296353672836,-0.04821852442718558,0.03891715182179232,-0.01839123100039943,0.02170350546304642,0.08867851856360791,0.001602538799102409,0.5,0.0,0.0,0.5,True,False,True,False,1,True,True,0.0038115000061225146,4,4.395947397851031e-09,5.564112815623797e-10,`gtol` termination condition is satisfied.,True,True,0.0,0.009840100014116615,True,0.021991529363335538,0.021876708397876365,False,False,False,False,False,False,1.0,False,False,False,0.0006571681685690567,0.002826763522687564,0.0006571721482640769,0.002826763940186851
2.450464399997145,1786139319.6026275,0.010031599987996742,0.007757100014714524,0.010031599987996742,TELEOP,0,,0.0,2.450464399997145,477,-0.019366176632746496,0.03951669097867272,0.0,0.03200092726535059,0.0367502004186582,0.06764714386524132,0.9965185534400358,-0.017099283609919604,0.03751565594057118,0.0,0.03049698778527188,0.034793610933157686,0.06428843901343796,0.9968582321390904,-0.021129740926400326,-0.21409061070350233,0.27731996365435135,-0.11529419091302172,0.02145988657906649,0.029620848574757105,0.9926577094544909,-0.0210357174604822,-0.21417215618176882,0.27734181406149094,-0.11535230265349393,0.021368628439623023,0.02950279313412377,0.9926564426771386,-0.02103571321682833,-0.2141721575874827,0.2773418137540408,-0.11535230271368604,0.02136862844438018,0.029502792857146853,0.9926564426782735,-0.02053617346517556,-0.21458946686908084,0.27744103125310704,-0.11578613468400786,0.02048353438525261,0.028488331710743022,0.9926542251914127,-0.02053617346517556,-0.21458946686908084,0.27744103125310704,-0.11578613468400786,0.02048353438525261,0.028488331710743022,0.9926542251914127,-0.10614593641558581,-0.6011671094918136,0.8222424697864618,-0.3665801494285123,0.4818074642565291,-0.31676606917933986,-0.09804779071745136,-0.5986084561968308,0.8211307955248381,-0.344474697914984,0.48056891723451084,-0.29658671966815886,-0.09804779071745136,-0.5986084561968308,0.8211307955248381,-0.344474697914984,0.48056891723451084,-0.29658671966815886,-0.11134643622757634,-0.03953123051765643,0.01731001908334411,-0.3152685251383482,0.01057566535143923,-0.2861996998526221,-0.05492009753682355,0.03703165550586343,-0.017772322540991366,-0.008328265946860175,0.08907318129150552,-0.027586458413902948,0.5,0.0,0.0,0.5,True,False,True,False,1,True,True,0.0040068000089377165,4,4.480977041637354e-09,5.669681550601158e-10,`gtol` termination condition is satisfied.,True,True,0.0,0.010031599987996742,True,0.02210545151352833,0.021991529363335538,False,False,False,False,False,False,1.0,False,False,False,0.0006584307952322869,0.002828949162050573,0.0006584348594234166,0.0028289495903122807
2.460134499997366,1786139319.6112843,0.009670100000221282,0.0067445999884512275,0.009670100000221282,TELEOP,0,,0.0,2.460134499997366,479,-0.0196068401842147,0.03970208856486185,0.0,0.0321388748704953,0.036932744686540356,0.06795767079014678,0.9964862367703607,-0.017327794850756553,0.03771490204451721,0.0,0.030646693483328886,0.03498865083692109,0.06462299272414809,0.9968251819163306,-0.021198294064338513,-0.21403287342175384,0.2773044927359394,-0.11521871492565348,0.021578678045098845,0.02977433224290998,0.9926593058669202,-0.02110375799640499,-0.2141138644386063,0.27732619457546626,-0.1152759803548331,0.021488638855799623,0.029657935191819595,0.9926580950324816,-0.021103753903779766,-0.2141138657974005,0.27732619427949945,-0.11527598041280908,0.02148863886040945,0.0296579349248145,0.9926580950336265,-0.020601269014873542,-0.21452943348701378,0.2774253627716858,-0.11571180693897162,0.020610915612719615,0.028636260309750868,0.9926559990691618,-0.020601269014873542,-0.21452943348701378,0.2774253627716858,-0.11571180693897162,0.020610915612719615,0.028636260309750868,0.9926559990691618,-0.1072784477380721,-0.601523660174703,0.8223963661898314,-0.3697362385091926,0.48197737761011,-0.3196564872030898,-0.09912924041969112,-0.5989871139128913,0.8212964430501742,-0.3475239613786689,0.4806794023449995,-0.2993568386658418,-0.09912924041969112,-0.5989871139128913,0.8212964430501742,-0.3475239613786689,0.4806794023449995,-0.2993568386658418,-0.11183438663664404,-0.03915758017516654,0.01712986684029675,-0.31532905177972925,0.011425436188471999,-0.2864622907332451,-0.050459706627286986,0.0386397599281647,-0.01862982213661061,-0.006259153615749413,0.08787611679437887,-0.027154929175184778,0.5,0.0,0.0,0.5,True,False,True,False,1,True,True,0.0035820999764837325,4,4.3224413503957015e-09,5.465363422874244e-10,`gtol` termination condition is satisfied.,True,True,0.0,0.009670100000221282,True,0.022212277130523705,0.02210545151352833,False,False,False,False,False,False,1.0,False,False,False,0.0006595619440751089,0.0028313718281413962,0.0006595658736595174,0.0028313722435038113
2.470152499998221,1786139319.6227906,0.010018000000854954,0.008236000023316592,0.010018000000854954,TELEOP,0,,0.0,2.470152499998221,481,-0.01985734523024299,0.03989261038627637,0.0,0.03228051212402513,0.03712042729515332,0.0682767079473667,0.9964528757378875,-0.017565823385319774,0.03791982077745575,0.0,0.03080051791081916,0.035189353703542016,0.06496698745919802,0.9967910152197544,-0.021269702383723582,-0.21397349232985213,0.2772885813506775,-0.1151411535772955,0.021700903703396956,0.029932140827341094,0.9926608950073725,-0.0211746393110319,-0.2140539060406983,0.27731012850138287,-0.1151975452466543,0.02161212676724314,0.02981745801628818,0.9926597406680643,-0.021174635073814875,-0.2140539074464285,0.2773101281875043,-0.11519754530697114,0.021612126772036392,0.029817457739980766,0.9926597406692599,-0.020669229250493706,-0.21446756229676378,0.27740924572826164,-0.11563547656871623,0.02074206617372196,0.0287886146341815,0.992657755179002,-0.020669229250493706,-0.21446756229676378,0.27740924572826164,-0.11563547656871623,0.02074206617372196,0.0287886146341815,0.992657755179002,-0.10845547821305655,-0.6018887075356013,0.8225538284264524,-0.373002983612746,0.4821621409291486,-0.32264998338872175,-0.10025554815268671,-0.5993757719700903,0.8214662780069545,-0.3506868904544118,0.4808027803782618,-0.3022325165956573,-0.10025554815268671,-0.5993757719700903,0.8214662780069545,-0.3506868904544118,0.4808027803782618,-0.3022325165956573,-0.11242840216604831,-0.03879597296524874,0.016952980312010923,-0.31572460326142515,0.012315635181847454,-0.28705110097525777,-0.05929482225529789,0.03609574864113949,-0.017656870460244518,-0.03948407682792393,0.08885995141739711,-0.05877522878443078,0.5,0.0,0.0,0.5,True,False,True,False,1,True,True,0.00386110000545159,4,4.475332979747168e-09,5.657148183200721e-10,`gtol` termination condition is satisfied.,True,True,0.0,0.010018000000854954,True,0.02231609315833416,0.022212277130523705,False,False,False,False,False,False,1.0,False,False,False,0.0006605828247378564,0.0028335925247290803,0.0006605868997637441,0.002833592957422108
2.4807664999971166,1786139319.6328468,0.010613999998895451,0.00767770002130419,0.010613999998895451,TELEOP,0,,0.0,2.4807664999971166,483,-0.020124056292953958,0.0400927423309184,0.0,0.032429159255975025,0.03731767821005174,0.06861175847525117,0.9964176670061082,-0.01781945282397242,0.03813524731860317,0.0,0.030962071973960174,0.03540046948139709,0.06532852907717113,0.996754904752512,-0.02134579096197831,-0.21391106629520443,0.27727185405957233,-0.11505968508927836,0.021829454278662338,0.030097992077433616,0.9926625079381002,-0.021250174609701016,-0.21399086579084947,0.27729323663164296,-0.11511515567833133,0.021742012068467837,0.02998511860407355,0.9926614118150598,-0.02125017012500937,-0.21399086727637964,0.27729323628905,-0.11511515574259272,0.02174201207356375,0.02998511831177723,0.9926614118163254,-0.020741880036499134,-0.2144023061357277,0.277392275489702,-0.11555520800091477,0.02088019657297711,0.028949438767024365,0.9926595293906232,-0.020741880036499134,-0.2144023061357277,0.277392275489702,-0.11555520800091477,0.02088019657297711,0.028949438767024365,0.9926595293906232,-0.10970668299765507,-0.6022706050434705,0.8227184517174397,-0.3764605052602302,0.4823676159872402,-0.32582022926697,-0.10145690520942888,-0.5997838762046444,0.8216443851246362,-0.3540470681416321,0.48094370076160803,-0.30529025443004437,-0.10145690520942888,-0.5997838762046444,0.8216443851246362,-0.3540470681416321,0.48094370076160803,-0.30529025443004437,-0.11318608035304122,-0.038449616977254436,0.016780395487115716,-0.31657977082815103,0.013276840339260947,-0.288085343386588,-0.07138479245070213,0.03263199434994802,-0.016260111636816343,-0.08056977264131251,0.09056012412978337,-0.09744134270188859,0.5,0.0,0.0,0.5,True,False,True,False,1,True,True,0.0036020999832544476,4,4.736731888073077e-09,5.986459274889539e-10,`gtol` termination condition is satisfied.,True,True,0.0,0.010613999998895451,True,0.022413437118598112,0.02231609315833416,False,False,False,False,False,False,1.0,False,False,False,0.0006613996615701879,0.0028347895487280724,0.0006614039808964234,0.002834790009587262
2.490213999990374,1786139319.6418552,0.009447499993257225,0.0072388999979011714,0.009447499993257225,TELEOP,0,,0.0,2.490213999990374,485,-0.020362573351234092,0.04026937970268502,0.0,0.032560241386044075,0.037491859008035866,0.06890740811209543,0.9963864512809663,-0.018046346641311658,0.03832564952550877,0.0,0.03110473494106071,0.03558715634207335,0.06564799979558267,0.9967228250073189,-0.021413858883267564,-0.21385589177826808,0.27725706983829024,-0.11498773478123923,0.021943117189193954,0.030244538802301196,0.9926638848726879,-0.021317752743777358,-0.21393514087775733,0.27727830493199307,-0.11504238717924113,0.021856863805695913,0.030133274286288692,0.9926628392548339,-0.021317748746906673,-0.21393514220925286,0.2772783046355123,-0.11504238723605503,0.02185686381026166,0.030133274025885406,0.9926628392560539,-0.020806912859403427,-0.21434455491245505,0.27737724656745016,-0.11548407048267621,0.021002254190069982,0.029091981882035343,0.9926610657086654,-0.020806912859403427,-0.21434455491245505,0.27737724656745016,-0.11548407048267621,0.021002254190069982,0.029091981882035343,0.9926610657086654,-0.11082372740523595,-0.6026065836440843,0.8228631938260544,-0.37953492321631577,0.4825586634733304,-0.3286407270560485,-0.10253058100074287,-0.6001435969361804,0.8218011938488636,-0.3570402074541506,0.4810768433493213,-0.30801617538569775,-0.10253058100074287,-0.6001435969361804,0.8218011938488636,-0.3570402074541506,0.4810768433493213,-0.30801617538569775,-0.11364655115959676,-0.03807575885606808,0.016597906783728234,-0.316818133332068,0.014092891009082184,-0.2885335758241729,-0.048739963681840304,0.03957217480319471,-0.019316083992350047,-0.02523022006743273,0.0863774194658546,-0.04744455548079812,0.5,0.0,0.0,0.5,True,False,True,False,1,True,True,0.0036683000216726214,4,4.22324004313918e-09,5.331417333781761e-10,`gtol` termination condition is satisfied.,True,True,0.0,0.009447499993257225,True,0.022494715762165163,0.022413437118598112,False,False,False,False,False,False,1.0,False,False,False,0.0006620887941961804,0.002835302103247724,0.0006620926570364275,0.0028353025156844145
2.500250999990385,1786139319.653224,0.010037000000011176,0.008568799996282905,0.010037000000011176,TELEOP,0,,0.0,2.500250999990385,487,-0.02061711717122125,0.0404554841359025,0.0,0.03269823278484518,0.037675462604235294,0.06921883485494823,0.996353420223782,-0.018288670039011263,0.038526407213371194,0.0,0.031255019166404274,0.03578410202402376,0.06598476505977055,0.9966888343907786,-0.021486555666486898,-0.21379771645977913,0.277241481538959,-0.11491193233987793,0.022063011856933927,0.0303990127481395,0.9926652866589295,-0.02138993322473413,-0.21387637791070885,0.2772625591725181,-0.11496571922358978,0.021978019667776058,0.030289452230271945,0.992664293272643,-0.02138992898400738,-0.21387637932086007,0.2772625588477946,-0.11496571928428413,0.021978019672640486,0.030289451954114744,0.9926642932739325,-0.020876487290019938,-0.21428351843609572,0.27736136975276654,-0.11540892503745964,0.021131024678433297,0.029243066999785506,0.9926626329474599,-0.020876487290019938,-0.21428351843609572,0.27736136975276654,-0.11540892503745964,0.021131024678433297,0.029243066999785506,0.9926626329474599,-0.1120140535271803,-0.6029591316564862,0.8230149892775324,-0.3827973779992548,0.48277028904079006,-0.33163543051607247,-0.1036774178837192,-0.6005221346553755,0.8219659919994108,-0.3602265918746907,0.48122720323803775,-0.3109206329334537,-0.1036774178837192,-0.6005221346553755,0.8219659919994108,-0.3602265918746907,0.48122720323803775,-0.3109206329334537,-0.11426092288283848,-0.037714229271167854,0.016419064515991413,-0.3174638258978333,0.014980560796679896,-0.2893750670272665,-0.061210692760888495,0.036019685653066076,-0.017818299067113998,-0.06433123102167829,0.08843975167846195,-0.0838389163188881,0.5,0.0,0.0,0.5,True,False,True,False,1,True,True,0.004502800002228469,4,4.480818580229756e-09,5.655861659791115e-10,`gtol` termination condition is satisfied.,True,True,0.0,0.010037000000011176,True,0.02257078612456409,0.022494715762165163,False,False,False,False,False,False,1.0,False,False,False,0.0006626825991535773,0.0028346120901802524,0.0006626867027908954,0.0028346125300918188
2.510224700003164,1786139319.6626399,0.009973700012778863,0.008009000011952594,0.009973700012778863,TELEOP,0,,0.0,2.510224700003164,489,-0.020871213244072918,0.040638821121284106,0.0,0.032834055541249206,0.037856423556852516,0.06952556171564586,0.9963207376444205,-0.018530711950535555,0.03872438460652841,0.0,0.03140308781220551,0.0359784224425203,0.06631678756467035,0.9966551474213682,-0.02155916800712325,-0.21374034680868212,0.27722610911941864,-0.11483723894985116,0.022181294602427737,0.03055130541833916,0.9926666189901676,-0.021462036398178536,-0.21381842130152484,0.2772470294778325,-0.11489016939300152,0.022097553876836446,0.030443432945774233,0.9926656760863568,-0.02146203218611588,-0.2138184227036678,0.2772470291526749,-0.11489016945335236,0.022097553881690605,0.030443432671606874,0.9926656760876721,-0.020946076922283244,-0.2142231883342339,0.27734566752267176,-0.11533454546879289,0.02125805744717273,0.02939293839051547,0.9926641389653658,-0.020946076922283244,-0.2142231883342339,0.27734566752267176,-0.11533454546879289,0.02125805744717273,0.02939293839051547,0.9926641389653658,-0.11320040085215241,-0.6033050709801205,0.8231638571968414,-0.38603522115306754,0.48298929941829666,-0.3346092092186102,-0.10482296114373162,-0.6008946448809817,0.8221279531297472,-0.36339927711163594,0.4813853756451151,-0.3138151440082635,-0.10482296114373162,-0.6008946448809817,0.8221279531297472,-0.36339927711163594,0.4813853756451151,-0.3138151440082635,-0.11485639818168535,-0.037349251043131734,0.01623882111241079,-0.3181051398057127,0.015858949725246055,-0.29021437090560404,-0.05970455278220769,0.03659406514818844,-0.01807186935136266,-0.06430050102346624,0.08807051820695594,-0.08415170671487587,0.5,0.0,0.0,0.5,True,False,True,False,1,True,True,0.004503700009081513,4,4.451202550195555e-09,5.615523367149484e-10,`gtol` termination condition is satisfied.,True,True,0.0,0.009973700012778863,True,0.0226359440414316,0.02257078612456409,False,False,False,False,False,False,1.0,False,False,False,0.0006631550180763263,0.0028325008309093773,0.000663159102647288,0.0028325012697480965
2.5203696000098716,1786139319.672543,0.010144900006707758,0.00776810001116246,0.010144900006707758,TELEOP,0,,0.0,2.5203696000098716,491,-0.02113084438928703,0.04082366782057242,0.0,0.032970879477330496,0.038038962618536655,0.06983474511501753,0.9962876426033385,-0.018778187397718235,0.03892418697281916,0.0,0.03155238468791392,0.03617463814351695,0.06665179042250771,0.9966209818226615,-0.021633410406310942,-0.2136824483159131,0.2772105949927607,-0.11476191742360878,0.022300717018622927,0.030704959220989005,0.9926679131557288,-0.021535765076730006,-0.21375992288244075,0.2772313546011851,-0.11481398087625994,0.022218246733007548,0.030598797541017988,0.9926670201515213,-0.02153576079619572,-0.21375992430755172,0.27723135426551687,-0.11481398093777515,0.02221824673796316,0.030598797262523805,0.99266702015288,-0.021017339126618743,-0.2141621433201954,0.27732976681819105,-0.11525914925136481,0.021386328825605316,0.029545245345910055,0.9926656193959096,-0.021017339126618743,-0.2141621433201954,0.27732976681819105,-0.11525914925136481,0.021386328825605316,0.029545245345910055,0.9926656193959096,-0.11441067666783901,-0.6036524035579502,0.8233132461644129,-0.38932416474572856,0.4832210001258042,-0.33763162965014465,-0.10599458744981077,-0.6012698477295011,0.8222908641142638,-0.36663408420875404,0.4815553796127268,-0.31676897775916174,-0.10599458744981077,-0.6012698477295011,0.8222908641142638,-0.36663408420875404,0.4815553796127268,-0.31676897775916174,-0.11548919213639229,-0.03698438114435631,0.016058412050278508,-0.31886042198338527,0.016757579424079492,-0.2911644026994039,-0.06237557337071334,0.03596584476280428,-0.01778322723861199,-0.07444944525556302,0.0885794535421017,-0.0936462452238801,0.5,0.0,0.0,0.5,True,False,True,False,1,True,True,0.003659900015918538,4,4.5240013484038674e-09,5.705069188148805e-10,`gtol` termination condition is satisfied.,True,True,0.0,0.010144900006707758,True,0.022690080536974522,0.0226359440414316,False,False,False,False,False,False,1.0,False,False,False,0.0006634954349073404,0.002828594122074589,0.0006634995936338877,0.002828594569884691
2.5305207000055816,1786139319.6824806,0.010151099995709956,0.007558400015113875,0.010151099995709956,TELEOP,0,,0.0,2.5305207000055816,494,-0.02139180825237182,0.04100696727302495,0.0,0.033106441803705,0.03822006089044836,0.0701412717823271,0.996254682523192,-0.019027084373894294,0.03912252809769091,0.0,0.03170045489192565,0.03636952118871971,0.06698426398341986,0.9965868991045125,-0.021708079265915056,-0.2136249732567708,0.2771951943248252,-0.11468720625820218,0.02241931461202164,0.030857447161818246,0.9926691478068972,-0.021609924019977297,-0.21370184454496527,0.2772157922850748,-0.11473840632289789,0.022338112997757096,0.030752991090494324,0.9926683032922775,-0.021609919740118035,-0.21370184597103054,0.27721579194608015,-0.11473840638450021,0.022338113002735253,0.03075299081217169,0.9926683032936676,-0.021089108124253575,-0.2141013884969203,0.2773139210964437,-0.11518390507685433,0.021513717572438265,0.029697560997817878,0.9926670553807256,-0.021089108124253575,-0.2141013884969203,0.2773139210964437,-0.11518390507685433,0.021513717572438265,0.029697560997817878,0.9926670553807256,-0.1156252074299145,-0.6039953724008982,0.8234606842882048,-0.3926103280028961,0.483461810601253,-0.3406531917619884,-0.10717323298533628,-0.6016415247690189,0.8224520254441401,-0.3698783938913833,0.48173459768088384,-0.3197341332670939,-0.10717323298533628,-0.6016415247690189,0.8224520254441401,-0.3698783938913833,0.48173459768088384,-0.3197341332670939,-0.11611012954493806,-0.03661445948467841,0.015876242963262784,-0.31960178542230194,0.01765503918124491,-0.29210189134037334,-0.06116947018630376,0.03644153439865951,-0.017945748450188873,-0.07303281804237755,0.08841009915621953,-0.09235340419911364,0.5,0.0,0.0,0.5,True,False,True,False,1,True,True,0.004290899989427999,4,4.523911452440808e-09,5.702106629688798e-10,`gtol` termination condition is satisfied.,True,True,0.0,0.010151099995709956,True,0.022731934111512808,0.022690080536974522,False,False,False,False,False,False,1.0,False,False,False,0.0006637079925424927,0.002822786489538053,0.0006637121593002551,0.0028227869388645355
2.5403909999877214,1786139319.6941898,0.00987029998213984,0.009396000008564442,0.00987029998213984,TELEOP,0,,0.0,2.5403909999877214,495,-0.02164666936665914,0.04118359675886086,0.0,0.03323696158840349,0.03839465131956317,0.07043657962441172,0.9962227880274743,-0.019270289450258417,0.03931387622029987,0.0,0.03184317877121526,0.0365576283699263,0.06730494126963392,0.9965538603880886,-0.021781040563799335,-0.21356952461861026,0.2771803366424771,-0.11461518463314285,0.022533775967393123,0.031004519473541037,0.992670291770826,-0.021682393107705162,-0.2136458061039298,0.27720077656528247,-0.11466554867869921,0.022453806091702496,0.03090171674116706,0.9926694930542883,-0.021682388948058483,-0.2136458074927609,0.277200776235723,-0.11466554873851847,0.02245380609656398,0.03090171647077844,0.9926694930556857,-0.02115928277197925,-0.21404265546005957,0.2772985739840229,-0.11511089129188343,0.021636608544612832,0.02984554142750015,0.9926684157026328,-0.02115928277197925,-0.21404265546005957,0.2772985739840229,-0.11511089129188343,0.021636608544612832,0.02984554142750015,0.9926684157026328,-0.11680942257471906,-0.6043244959181535,0.8236021047441545,-0.3958007587634191,0.4837044993531229,-0.3435883211687636,-0.10832456271122075,-0.6019991729526974,0.8226069017403368,-0.37303835146809267,0.48191734463265246,-0.3226246651625516,-0.10832456271122075,-0.6019991729526974,0.8226069017403368,-0.37303835146809267,0.48191734463265246,-0.3226246651625516,-0.11664586972713938,-0.03623478357554884,0.01569114378255225,-0.3201480788250877,0.018514832588603133,-0.29285147368247005,-0.05427800402933395,0.03846650150619458,-0.018753146413530385,-0.05534719347682071,0.08710914652178837,-0.0759432178812254,0.5,0.0,0.0,0.5,True,False,True,False,1,True,True,0.0051632999966386706,4,4.397740532789109e-09,5.539456288001463e-10,`gtol` termination condition is satisfied.,True,True,0.0,0.00987029998213984,True,0.022762407295326414,0.022731934111512808,False,False,False,False,False,False,1.0,False,False,False,0.0006638469553849411,0.0028154211327831246,0.0006638510148491021,0.0028154215707191592
2.5501871000160463,1786139319.704367,0.009796100028324872,0.009775100013939664,0.009796100028324872,TELEOP,0,,0.0,2.5501871000160463,496,-0.02190069281532783,0.0413573323092947,0.0,0.033365237871770204,0.03856645969507323,0.07072698694932616,0.996191288059386,-0.0195128325165451,0.03950229438615019,0.0,0.03198359527517395,0.036742947541007064,0.0676206364480942,0.99652117637591,-0.021853803262105995,-0.213514925016926,0.27716570646095373,-0.11454431963212593,0.0226465284926487,0.031149301673325126,0.9926713729087332,-0.021754670899057704,-0.21359061803218737,0.27718598870343003,-0.11459385754912514,0.022567778991023617,0.03104813447892997,0.992670618336617,-0.02175466677403898,-0.21359061941105695,0.2771859883744496,-0.11459385760848892,0.02256777899586687,0.03104813421090923,0.9926706183380369,-0.021229299018249565,-0.21398471166284516,0.27728340407437396,-0.11503858454876079,0.02175759909330979,0.02999228896711737,0.9926697303480274,-0.021229299018249565,-0.21398471166284516,0.27728340407437396,-0.11503858454876079,0.02175759909330979,0.02999228896711737,0.9926697303480274,-0.11798789242876181,-0.6046468429977628,0.8237405541720598,-0.3989621775088624,0.4839536958485028,-0.3464983156651393,-0.10947221033347636,-0.6023503672566476,0.8227587898606091,-0.37617923199259456,0.48210704209422856,-0.32550014794565346,-0.10947221033347636,-0.6023503672566476,0.8227587898606091,-0.37617923199259456,0.48210704209422856,-0.32550014794565346,-0.11715352221161998,-0.03585042036470471,0.015504958078535963,-0.32062560768267306,0.01936459009479363,-0.2935334239939937,-0.05182189677654936,0.03923635015289379,-0.019006104825179497,-0.048746833556678054,0.0867444701190748,-0.0696144699984462,0.5,0.0,0.0,0.5,True,False,True,False,1,True,True,0.005083800002466887,4,4.3617988149214226e-09,5.491252870931206e-10,`gtol` termination condition is satisfied.,True,True,0.0,0.009796100028324872,True,0.02278294551626786,0.022762407295326414,False,False,False,False,False,False,1.0,False,False,False,0.0006639350874403841,0.0028064096752611623,0.000663939121731098,0.002806410110641705
2.5603895999956876,1786139319.7135885,0.010202499979641289,0.008763099991483614,0.010202499979641289,TELEOP,0,,0.0,2.5603895999956876,498,-0.022166386208552463,0.04153660967518343,0.0,0.03349749665414571,0.03874382993428892,0.07102659302259541,0.9961586502377676,-0.019766689985939105,0.03969690684640951,0.0,0.03212849818891588,0.036934457479304426,0.06794663384695471,0.9964872605325681,-0.02192996027406037,-0.21345853043637047,0.277150595305633,-0.11447118235990798,0.02276303443417795,0.03129880304790717,0.9926724422488223,-0.021830327300453315,-0.2135336078901388,0.27717071260862713,-0.11451986475188801,0.022685552157719942,0.031199331476615355,0.9926717322538811,-0.021830323011375784,-0.21353360932259358,0.2771707122589172,-0.11451986481390065,0.02268555216277804,0.031199331198068378,0.992671732255366,-0.021302664932216133,-0.21392471090887957,0.27726766938564595,-0.11496346221182474,0.021882626049026237,0.03014509478303431,0.9926710564401436,-0.021302664932216133,-0.21392471090887957,0.27726766938564595,-0.11496346221182474,0.021882626049026237,0.03014509478303431,0.9926710564401436,-0.11921857684102491,-0.6049779024675013,0.8238826875141823,-0.40224903276463353,0.48422209834002855,-0.3495254448634156,-0.11067355333768618,-0.6027122196505847,0.8229150844298819,-0.3794572416897413,0.4823138130678981,-0.3285037480376131,-0.11067355333768618,-0.6027122196505847,0.8229150844298819,-0.3794572416897413,0.4823138130678981,-0.3285037480376131,-0.11774986587670186,-0.0354670320665733,0.015319242301856358,-0.3212947516479206,0.020266696798056618,-0.29439844135782545,-0.058450739159211264,0.03757787786292108,-0.01820296761089878,-0.06558627459767458,0.08842016222132894,-0.0847848434754099,0.5,0.0,0.0,0.5,True,False,True,False,1,True,True,0.004376800003228709,4,4.535461360627702e-09,5.708301823001607e-10,`gtol` termination condition is satisfied.,True,True,0.0,0.010202499979641289,True,0.02279179107489221,0.02278294551626786,False,False,False,False,False,False,1.0,False,False,False,0.0006639157956558724,0.002794912656175663,0.0006639199972373824,0.00279491311000144
2.570118100004038,1786139319.7234573,0.009728500008350238,0.008933300006901845,0.009728500008350238,TELEOP,0,,0.0,2.570118100004038,499,-0.022420801159876148,0.04170596829396137,0.0,0.03362233607327726,0.038911462934774765,0.07130956262225743,0.9961276940472409,-0.02000988536684512,0.0398809921244509,0.0,0.03226544620531591,0.037115695933809735,0.06825492810074513,0.9964550320443383,-0.022002918671848278,-0.21340518640785622,0.27713630155616703,-0.11440205265064746,0.022873279975881695,0.031440180984982115,0.9926734097537292,-0.021902811825480095,-0.21347967373299495,0.2771562607343933,-0.11444992283029648,0.022797003838206934,0.03134232087368617,0.9926727409888875,-0.02190280773735891,-0.21347967510227547,0.277156260403258,-0.11444992288924433,0.022797003843051274,0.03134232060829891,0.9926727409903591,-0.021372957812314308,-0.21386786066134877,0.2772527220685822,-0.11489193284876607,0.022000859623970675,0.03029062991644397,0.9926722942045608,-0.021372957812314308,-0.21386786066134877,0.2772527220685822,-0.11489193284876607,0.022000859623970675,0.03029062991644397,0.9926722942045608,-0.120395105024539,-0.6052892881670826,0.8240163242198214,-0.4053776597976961,0.48448631054630614,-0.35240835850713254,-0.11182354243801375,-0.6030534114231062,0.8230622795263923,-0.3825861643011829,0.48251912825172644,-0.3313730195526219,-0.11182354243801375,-0.6030534114231062,0.8230622795263923,-0.3825861643011829,0.48251912825172644,-0.3313730195526219,-0.11820826431006846,-0.03507136477654255,0.015130297207590657,-0.32162436231237446,0.021104505694822768,-0.29493462636027806,-0.04711912761197982,0.04067094512937557,-0.01942181159516091,-0.033880933768923316,0.0861190210255471,-0.05511486888959069,0.5,0.0,0.0,0.5,True,False,True,False,1,True,True,0.005193399993004277,4,4.3240391478565364e-09,5.438046606710073e-10,`gtol` termination condition is satisfied.,True,True,0.0,0.009728500008350238,True,0.02279149549651316,0.02279179107489221,False,False,False,False,False,False,1.0,False,False,False,0.0006638778684516718,0.0027822812546184398,0.0006638818837761487,0.0027822816877932015
