time_s,wall_time_s,cycle_period_s,compute_time_s,dt_s,state,fault_bits,fault_reason,message_age_s,input_timestamp_s,master_sequence,master_raw.position[0],master_raw.position[1],master_raw.position[2],master_raw.orientation_xyzw[0],master_raw.orientation_xyzw[1],master_raw.orientation_xyzw[2],master_raw.orientation_xyzw[3],master_filtered.position[0],master_filtered.position[1],master_filtered.position[2],master_filtered.orientation_xyzw[0],master_filtered.orientation_xyzw[1],master_filtered.orientation_xyzw[2],master_filtered.orientation_xyzw[3],mapped_flange.position[0],mapped_flange.position[1],mapped_flange.position[2],mapped_flange.orientation_xyzw[0],mapped_flange.orientation_xyzw[1],mapped_flange.orientation_xyzw[2],mapped_flange.orientation_xyzw[3],limited_flange.position[0],limited_flange.position[1],limited_flange.position[2],limited_flange.orientation_xyzw[0],limited_flange.orientation_xyzw[1],limited_flange.orientation_xyzw[2],limited_flange.orientation_xyzw[3],target_flange.position[0],target_flange.position[1],target_flange.position[2],target_flange.orientation_xyzw[0],target_flange.orientation_xyzw[1],target_flange.orientation_xyzw[2],target_flange.orientation_xyzw[3],actual_flange.position[0],actual_flange.position[1],actual_flange.position[2],actual_flange.orientation_xyzw[0],actual_flange.orientation_xyzw[1],actual_flange.orientation_xyzw[2],actual_flange.orientation_xyzw[3],true_flange.position[0],true_flange.position[1],true_flange.position[2],true_flange.orientation_xyzw[0],true_flange.orientation_xyzw[1],true_flange.orientation_xyzw[2],true_flange.orientation_xyzw[3],target_joints_rad[0],target_joints_rad[1],target_joints_rad[2],target_joints_rad[3],target_joints_rad[4],target_joints_rad[5],actual_joints_rad[0],actual_joints_rad[1],actual_joints_rad[2],actual_joints_rad[3],actual_joints_rad[4],actual_joints_rad[5],true_joints_rad[0],true_joints_rad[1],true_joints_rad[2],true_joints_rad[3],true_joints_rad[4],true_joints_rad[5],actual_joint_velocity_rad_s[0],actual_joint_velocity_rad_s[1],actual_joint_velocity_rad_s[2],actual_joint_velocity_rad_s[3],actual_joint_velocity_rad_s[4],actual_joint_velocity_rad_s[5],actual_joint_acceleration_rad_s2[0],actual_joint_acceleration_rad_s2[1],actual_joint_acceleration_rad_s2[2],actual_joint_acceleration_rad_s2[3],actual_joint_acceleration_rad_s2[4],actual_joint_acceleration_rad_s2[5],grasp,openrst_pitch_rad,openrst_yaw_rad,openrst_grasp,openrst_command_accepted,openrst_command_clipped,deadman,clutch,validity_flags,ik_attempted,ik_success,ik_time_s,ik_evaluations,ik_position_error_m,ik_orientation_error_rad,ik_message,command_accepted,feedback_available,feedback_age_s,safety_feedback_age_s,safety_feedback_fresh,joint_tracking_error_rad,safety_joint_tracking_error_rad,safety_stalled_joint_mask[0],safety_stalled_joint_mask[1],safety_stalled_joint_mask[2],safety_stalled_joint_mask[3],safety_stalled_joint_mask[4],safety_stalled_joint_mask[5],joint_target_scale,unreachable_target_injected,fatal_fault_injected,clear_fault_injected,position_error_m,orientation_error_rad,mapped_position_error_m,mapped_orientation_error_rad
1.3999815564602613e-06,1786139942.744389,1.3999815564602613e-06,0.0029725000204052776,1.3999815564602613e-06,READY,0,waiting for deadman,1.3999815564602613e-06,0.0,0,0.0,0.0,0.0,0.0,0.0,0.0,1.0,0.0,0.0,0.0,0.0,0.0,0.0,1.0,-0.016000000000000007,-0.22496149868535165,0.2802328425555495,-0.1305261922200515,0.0,0.0,0.9914448613738105,-0.016000000000000007,-0.22496149868535165,0.2802328425555495,-0.1305261922200515,0.0,0.0,0.9914448613738105,-0.016000000000000007,-0.22496149868535165,0.2802328425555495,-0.1305261922200515,0.0,0.0,0.9914448613738105,-0.016000000000000007,-0.22496149868535165,0.2802328425555495,-0.1305261922200515,0.0,0.0,0.9914448613738105,-0.016000000000000007,-0.22496149868535165,0.2802328425555495,-0.1305261922200515,0.0,0.0,0.9914448613738105,0.0,-0.5235987755982988,0.7853981633974483,0.0,0.5235987755982988,0.0,0.0,-0.5235987755982988,0.7853981633974483,0.0,0.5235987755982988,0.0,0.0,-0.5235987755982988,0.7853981633974483,0.0,0.5235987755982988,0.0,0.0,0.0,0.0,0.0,0.0,0.0,0.0,0.0,0.0,0.0,0.0,0.0,0.0,0.0,0.0,0.0,False,False,False,False,1,False,,0.0,0,,,,True,True,0.0,1.3999815564602613e-06,True,0.0,0.0,False,False,False,False,False,False,1.0,False,False,False,0.0,0.0,0.0,0.0
0.010739199991803616,1786139942.7549078,0.010737800010247156,0.002749600011156872,0.010737800010247156,READY,0,waiting for deadman,0.010737800010247156,1.3999815564602613e-06,1,0.0,0.0,0.0,0.0,0.0,0.0,1.0,0.0,0.0,0.0,0.0,0.0,0.0,1.0,-0.016000000000000007,-0.22496149868535165,0.2802328425555495,-0.1305261922200515,0.0,0.0,0.9914448613738105,-0.016000000000000007,-0.22496149868535165,0.2802328425555495,-0.1305261922200515,0.0,0.0,0.9914448613738105,-0.016000000000000007,-0.22496149868535165,0.2802328425555495,-0.1305261922200515,0.0,0.0,0.9914448613738105,-0.016000000000000007,-0.22496149868535165,0.2802328425555495,-0.1305261922200515,0.0,0.0,0.9914448613738105,-0.016000000000000007,-0.22496149868535165,0.2802328425555495,-0.1305261922200515,0.0,0.0,0.9914448613738105,0.0,-0.5235987755982988,0.7853981633974483,0.0,0.5235987755982988,0.0,0.0,-0.5235987755982988,0.7853981633974483,0.0,0.5235987755982988,0.0,0.0,-0.5235987755982988,0.7853981633974483,0.0,0.5235987755982988,0.0,0.0,0.0,0.0,0.0,0.0,0.0,0.0,0.0,0.0,0.0,0.0,0.0,0.0,0.0,0.0,0.0,False,False,False,False,1,False,,0.0,0,,,,True,True,0.0,0.010737800010247156,True,0.0,0.0,False,False,False,False,False,False,1.0,False,False,False,0.0,0.0,0.0,0.0
0.020422799978405237,1786139942.7647753,0.009683599986601621,0.002936100005172193,0.009683599986601621,READY,0,waiting for deadman,0.020421399996848777,1.3999815564602613e-06,1,0.0,0.0,0.0,0.0,0.0,0.0,1.0,0.0,0.0,0.0,0.0,0.0,0.0,1.0,-0.016000000000000007,-0.22496149868535165,0.2802328425555495,-0.1305261922200515,0.0,0.0,0.9914448613738105,-0.016000000000000007,-0.22496149868535165,0.2802328425555495,-0.1305261922200515,0.0,0.0,0.9914448613738105,-0.016000000000000007,-0.22496149868535165,0.2802328425555495,-0.1305261922200515,0.0,0.0,0.9914448613738105,-0.016000000000000007,-0.22496149868535165,0.2802328425555495,-0.1305261922200515,0.0,0.0,0.9914448613738105,-0.016000000000000007,-0.22496149868535165,0.2802328425555495,-0.1305261922200515,0.0,0.0,0.9914448613738105,0.0,-0.5235987755982988,0.7853981633974483,0.0,0.5235987755982988,0.0,0.0,-0.5235987755982988,0.7853981633974483,0.0,0.5235987755982988,0.0,0.0,-0.5235987755982988,0.7853981633974483,0.0,0.5235987755982988,0.0,0.0,0.0,0.0,0.0,0.0,0.0,0.0,0.0,0.0,0.0,0.0,0.0,0.0,0.0,0.0,0.0,False,False,False,False,1,False,,0.0,0,,,,True,True,0.0,0.009683599986601621,True,0.0,0.0,False,False,False,False,False,False,1.0,False,False,False,0.0,0.0,0.0,0.0
0.03027089999523014,1786139942.774285,0.009848100016824901,0.002597699989564717,0.009848100016824901,READY,0,waiting for deadman,0.030269500013673678,1.3999815564602613e-06,1,0.0,0.0,0.0,0.0,0.0,0.0,1.0,0.0,0.0,0.0,0.0,0.0,0.0,1.0,-0.016000000000000007,-0.22496149868535165,0.2802328425555495,-0.1305261922200515,0.0,0.0,0.9914448613738105,-0.016000000000000007,-0.22496149868535165,0.2802328425555495,-0.1305261922200515,0.0,0.0,0.9914448613738105,-0.016000000000000007,-0.22496149868535165,0.2802328425555495,-0.1305261922200515,0.0,0.0,0.9914448613738105,-0.016000000000000007,-0.22496149868535165,0.2802328425555495,-0.1305261922200515,0.0,0.0,0.9914448613738105,-0.016000000000000007,-0.22496149868535165,0.2802328425555495,-0.1305261922200515,0.0,0.0,0.9914448613738105,0.0,-0.5235987755982988,0.7853981633974483,0.0,0.5235987755982988,0.0,0.0,-0.5235987755982988,0.7853981633974483,0.0,0.5235987755982988,0.0,0.0,-0.5235987755982988,0.7853981633974483,0.0,0.5235987755982988,0.0,0.0,0.0,0.0,0.0,0.0,0.0,0.0,0.0,0.0,0.0,0.0,0.0,0.0,0.0,0.0,0.0,False,False,False,False,1,False,,0.0,0,,,,True,True,0.0,0.009848100016824901,True,0.0,0.0,False,False,False,False,False,False,1.0,False,False,False,0.0,0.0,0.0,0.0
0.041633799992268905,1786139942.7860603,0.011362899997038767,0.0030112999957054853,0.011362899997038767,READY,0,waiting for deadman,0.041632400010712445,1.3999815564602613e-06,1,0.0,0.0,0.0,0.0,0.0,0.0,1.0,0.0,0.0,0.0,0.0,0.0,0.0,1.0,-0.016000000000000007,-0.22496149868535165,0.2802328425555495,-0.1305261922200515,0.0,0.0,0.9914448613738105,-0.016000000000000007,-0.22496149868535165,0.2802328425555495,-0.1305261922200515,0.0,0.0,0.9914448613738105,-0.016000000000000007,-0.22496149868535165,0.2802328425555495,-0.1305261922200515,0.0,0.0,0.9914448613738105,-0.016000000000000007,-0.22496149868535165,0.2802328425555495,-0.1305261922200515,0.0,0.0,0.9914448613738105,-0.016000000000000007,-0.22496149868535165,0.2802328425555495,-0.1305261922200515,0.0,0.0,0.9914448613738105,0.0,-0.5235987755982988,0.7853981633974483,0.0,0.5235987755982988,0.0,0.0,-0.5235987755982988,0.7853981633974483,0.0,0.5235987755982988,0.0,0.0,-0.5235987755982988,0.7853981633974483,0.0,0.5235987755982988,0.0,0.0,0.0,0.0,0.0,0.0,0.0,0.0,0.0,0.0,0.0,0.0,0.0,0.0,0.0,0.0,0.0,False,False,False,False,1,False,,0.0,0,,,,True,True,0.0,0.011362899997038767,True,0.0,0.0,False,False,False,False,False,False,1.0,False,False,False,0.0,0.0,0.0,0.0
0.05019839998567477,1786139942.794542,0.008564599993405864,0.002926899993326515,0.008564599993405864,HOLD,1,master input timed out,0.05019700000411831,1.3999815564602613e-06,1,0.0,0.0,0.0,0.0,0.0,0.0,1.0,0.0,0.0,0.0,0.0,0.0,0.0,1.0,-0.016000000000000007,-0.22496149868535165,0.2802328425555495,-0.1305261922200515,0.0,0.0,0.9914448613738105,-0.016000000000000007,-0.22496149868535165,0.2802328425555495,-0.1305261922200515,0.0,0.0,0.9914448613738105,-0.016000000000000007,-0.22496149868535165,0.2802328425555495,-0.1305261922200515,0.0,0.0,0.9914448613738105,-0.016000000000000007,-0.22496149868535165,0.2802328425555495,-0.1305261922200515,0.0,0.0,0.9914448613738105,-0.016000000000000007,-0.22496149868535165,0.2802328425555495,-0.1305261922200515,0.0,0.0,0.9914448613738105,0.0,-0.5235987755982988,0.7853981633974483,0.0,0.5235987755982988,0.0,0.0,-0.5235987755982988,0.7853981633974483,0.0,0.5235987755982988,0.0,0.0,-0.5235987755982988,0.7853981633974483,0.0,0.5235987755982988,0.0,0.0,0.0,0.0,0.0,0.0,0.0,0.0,0.0,0.0,0.0,0.0,0.0,0.0,0.0,0.0,0.0,False,False,False,False,1,False,,0.0,0,,,,True,True,0.0,0.008564599993405864,True,0.0,0.0,False,False,False,False,False,False,1.0,False,False,False,0.0,0.0,0.0,0.0
0.06055009999545291,1786139942.8044832,0.010351700009778142,0.0025160000077448785,0.010351700009778142,HOLD,1,master input timed out,0.06054870001389645,1.3999815564602613e-06,1,0.0,0.0,0.0,0.0,0.0,0.0,1.0,0.0,0.0,0.0,0.0,0.0,0.0,1.0,-0.016000000000000007,-0.22496149868535165,0.2802328425555495,-0.1305261922200515,0.0,0.0,0.9914448613738105,-0.016000000000000007,-0.22496149868535165,0.2802328425555495,-0.1305261922200515,0.0,0.0,0.9914448613738105,-0.016000000000000007,-0.22496149868535165,0.2802328425555495,-0.1305261922200515,0.0,0.0,0.9914448613738105,-0.016000000000000007,-0.22496149868535165,0.2802328425555495,-0.1305261922200515,0.0,0.0,0.9914448613738105,-0.016000000000000007,-0.22496149868535165,0.2802328425555495,-0.1305261922200515,0.0,0.0,0.9914448613738105,0.0,-0.5235987755982988,0.7853981633974483,0.0,0.5235987755982988,0.0,0.0,-0.5235987755982988,0.7853981633974483,0.0,0.5235987755982988,0.0,0.0,-0.5235987755982988,0.7853981633974483,0.0,0.5235987755982988,0.0,0.0,0.0,0.0,0.0,0.0,0.0,0.0,0.0,0.0,0.0,0.0,0.0,0.0,0.0,0.0,0.0,False,False,False,False,1,False,,0.0,0,,,,True,True,0.0,0.010351700009778142,True,0.0,0.0,False,False,False,False,False,False,1.0,False,False,False,0.0,0.0,0.0,0.0
0.07120389997726306,1786139942.8159423,0.010653799981810153,0.003323000011732802,0.010653799981810153,HOLD,1,master input timed out,0.0712024999957066,1.3999815564602613e-06,1,0.0,0.0,0.0,0.0,0.0,0.0,1.0,0.0,0.0,0.0,0.0,0.0,0.0,1.0,-0.016000000000000007,-0.22496149868535165,0.2802328425555495,-0.1305261922200515,0.0,0.0,0.9914448613738105,-0.016000000000000007,-0.22496149868535165,0.2802328425555495,-0.1305261922200515,0.0,0.0,0.9914448613738105,-0.016000000000000007,-0.22496149868535165,0.2802328425555495,-0.1305261922200515,0.0,0.0,0.9914448613738105,-0.016000000000000007,-0.22496149868535165,0.2802328425555495,-0.1305261922200515,0.0,0.0,0.9914448613738105,-0.016000000000000007,-0.22496149868535165,0.2802328425555495,-0.1305261922200515,0.0,0.0,0.9914448613738105,0.0,-0.5235987755982988,0.7853981633974483,0.0,0.5235987755982988,0.0,0.0,-0.5235987755982988,0.7853981633974483,0.0,0.5235987755982988,0.0,0.0,-0.5235987755982988,0.7853981633974483,0.0,0.5235987755982988,0.0,0.0,0.0,0.0,0.0,0.0,0.0,0.0,0.0,0.0,0.0,0.0,0.0,0.0,0.0,0.0,0.0,False,False,False,False,1,False,,0.0,0,,,,True,True,0.0,0.010653799981810153,True,0.0,0.0,False,False,False,False,False,False,1.0,False,False,False,0.0,0.0,0.0,0.0
0.08055499999318272,1786139942.8244977,0.009351100015919656,0.002527500008000061,0.009351100015919656,HOLD,1,master input timed out,0.08055360001162626,1.3999815564602613e-06,1,0.0,0.0,0.0,0.0,0.0,0.0,1.0,0.0,0.0,0.0,0.0,0.0,0.0,1.0,-0.016000000000000007,-0.22496149868535165,0.2802328425555495,-0.1305261922200515,0.0,0.0,0.9914448613738105,-0.016000000000000007,-0.22496149868535165,0.2802328425555495,-0.1305261922200515,0.0,0.0,0.9914448613738105,-0.016000000000000007,-0.22496149868535165,0.2802328425555495,-0.1305261922200515,0.0,0.0,0.9914448613738105,-0.016000000000000007,-0.22496149868535165,0.2802328425555495,-0.1305261922200515,0.0,0.0,0.9914448613738105,-0.016000000000000007,-0.22496149868535165,0.2802328425555495,-0.1305261922200515,0.0,0.0,0.9914448613738105,0.0,-0.5235987755982988,0.7853981633974483,0.0,0.5235987755982988,0.0,0.0,-0.5235987755982988,0.7853981633974483,0.0,0.5235987755982988,0.0,0.0,-0.5235987755982988,0.7853981633974483,0.0,0.5235987755982988,0.0,0.0,0.0,0.0,0.0,0.0,0.0,0.0,0.0,0.0,0.0,0.0,0.0,0.0,0.0,0.0,0.0,False,False,False,False,1,False,,0.0,0,,,,True,True,0.0,0.009351100015919656,True,0.0,0.0,False,False,False,False,False,False,1.0,False,False,False,0.0,0.0,0.0,0.0
0.09013129997765645,1786139942.8343022,0.009576299984473735,0.0027569999801926315,0.009576299984473735,HOLD,1,master input timed out,0.0901298999961,1.3999815564602613e-06,1,0.0,0.0,0.0,0.0,0.0,0.0,1.0,0.0,0.0,0.0,0.0,0.0,0.0,1.0,-0.016000000000000007,-0.22496149868535165,0.2802328425555495,-0.1305261922200515,0.0,0.0,0.9914448613738105,-0.016000000000000007,-0.22496149868535165,0.2802328425555495,-0.1305261922200515,0.0,0.0,0.9914448613738105,-0.016000000000000007,-0.22496149868535165,0.2802328425555495,-0.1305261922200515,0.0,0.0,0.9914448613738105,-0.016000000000000007,-0.22496149868535165,0.2802328425555495,-0.1305261922200515,0.0,0.0,0.9914448613738105,-0.016000000000000007,-0.22496149868535165,0.2802328425555495,-0.1305261922200515,0.0,0.0,0.9914448613738105,0.0,-0.5235987755982988,0.7853981633974483,0.0,0.5235987755982988,0.0,0.0,-0.5235987755982988,0.7853981633974483,0.0,0.5235987755982988,0.0,0.0,-0.5235987755982988,0.7853981633974483,0.0,0.5235987755982988,0.0,0.0,0.0,0.0,0.0,0.0,0.0,0.0,0.0,0.0,0.0,0.0,0.0,0.0,0.0,0.0,0.0,False,False,False,False,1,False,,0.0,0,,,,True,True,0.0,0.009576299984473735,True,0.0,0.0,False,False,False,False,False,False,1.0,False,False,False,0.0,0.0,0.0,0.0
0.10023240000009537,1786139942.8452141,0.010101100022438914,0.0035666000039782375,0.010101100022438914,HOLD,1,master input timed out,0.10023100001853891,1.3999815564602613e-06,1,0.0,0.0,0.0,0.0,0.0,0.0,1.0,0.0,0.0,0.0,0.0,0.0,0.0,1.0,-0.016000000000000007,-0.22496149868535165,0.2802328425555495,-0.1305261922200515,0.0,0.0,0.9914448613738105,-0.016000000000000007,-0.22496149868535165,0.2802328425555495,-0.1305261922200515,0.0,0.0,0.9914448613738105,-0.016000000000000007,-0.22496149868535165,0.2802328425555495,-0.1305261922200515,0.0,0.0,0.9914448613738105,-0.016000000000000007,-0.22496149868535165,0.2802328425555495,-0.1305261922200515,0.0,0.0,0.9914448613738105,-0.016000000000000007,-0.22496149868535165,0.2802328425555495,-0.1305261922200515,0.0,0.0,0.9914448613738105,0.0,-0.5235987755982988,0.7853981633974483,0.0,0.5235987755982988,0.0,0.0,-0.5235987755982988,0.7853981633974483,0.0,0.5235987755982988,0.0,0.0,-0.5235987755982988,0.7853981633974483,0.0,0.5235987755982988,0.0,0.0,0.0,0.0,0.0,0.0,0.0,0.0,0.0,0.0,0.0,0.0,0.0,0.0,0.0,0.0,0.0,False,False,False,False,1,False,,0.0,0,,,,True,True,0.0,0.010101100022438914,True,0.0,0.0,False,False,False,False,False,False,1.0,False,False,False,0.0,0.0,0.0,0.0
0.1105072999780532,1786139942.8544798,0.01027489997795783,0.002557100000558421,0.01027489997795783,HOLD,1,master input timed out,0.11050589999649674,1.3999815564602613e-06,1,0.0,0.0,0.0,0.0,0.0,0.0,1.0,0.0,0.0,0.0,0.0,0.0,0.0,1.0,-0.016000000000000007,-0.22496149868535165,0.2802328425555495,-0.1305261922200515,0.0,0.0,0.9914448613738105,-0.016000000000000007,-0.22496149868535165,0.2802328425555495,-0.1305261922200515,0.0,0.0,0.9914448613738105,-0.016000000000000007,-0.22496149868535165,0.2802328425555495,-0.1305261922200515,0.0,0.0,0.9914448613738105,-0.016000000000000007,-0.22496149868535165,0.2802328425555495,-0.1305261922200515,0.0,0.0,0.9914448613738105,-0.016000000000000007,-0.22496149868535165,0.2802328425555495,-0.1305261922200515,0.0,0.0,0.9914448613738105,0.0,-0.5235987755982988,0.7853981633974483,0.0,0.5235987755982988,0.0,0.0,-0.5235987755982988,0.7853981633974483,0.0,0.5235987755982988,0.0,0.0,-0.5235987755982988,0.7853981633974483,0.0,0.5235987755982988,0.0,0.0,0.0,0.0,0.0,0.0,0.0,0.0,0.0,0.0,0.0,0.0,0.0,0.0,0.0,0.0,0.0,False,False,False,False,1,False,,0.0,0,,,,True,True,0.0,0.01027489997795783,True,0.0,0.0,False,False,False,False,False,False,1.0,False,False,False,0.0,0.0,0.0,0.0
0.1208475999883376,1786139942.8654857,0.010340300010284409,0.0032226000039372593,0.010340300010284409,HOLD,1,master input timed out,0.12084620000678115,1.3999815564602613e-06,1,0.0,0.0,0.0,0.0,0.0,0.0,1.0,0.0,0.0,0.0,0.0,0.0,0.0,1.0,-0.016000000000000007,-0.22496149868535165,0.2802328425555495,-0.1305261922200515,0.0,0.0,0.9914448613738105,-0.016000000000000007,-0.22496149868535165,0.2802328425555495,-0.1305261922200515,0.0,0.0,0.9914448613738105,-0.016000000000000007,-0.22496149868535165,0.2802328425555495,-0.1305261922200515,0.0,0.0,0.9914448613738105,-0.016000000000000007,-0.22496149868535165,0.2802328425555495,-0.1305261922200515,0.0,0.0,0.9914448613738105,-0.016000000000000007,-0.22496149868535165,0.2802328425555495,-0.1305261922200515,0.0,0.0,0.9914448613738105,0.0,-0.5235987755982988,0.7853981633974483,0.0,0.5235987755982988,0.0,0.0,-0.5235987755982988,0.7853981633974483,0.0,0.5235987755982988,0.0,0.0,-0.5235987755982988,0.7853981633974483,0.0,0.5235987755982988,0.0,0.0,0.0,0.0,0.0,0.0,0.0,0.0,0.0,0.0,0.0,0.0,0.0,0.0,0.0,0.0,0.0,False,False,False,False,1,False,,0.0,0,,,,True,True,0.0,0.010340300010284409,True,0.0,0.0,False,False,False,False,False,False,1.0,False,False,False,0.0,0.0,0.0,0.0
0.1338975999969989,1786139942.8783376,0.0130500000086613,0.003024799982085824,0.0130500000086613,HOLD,1,master input timed out,0.13389620001544245,1.3999815564602613e-06,1,0.0,0.0,0.0,0.0,0.0,0.0,1.0,0.0,0.0,0.0,0.0,0.0,0.0,1.0,-0.016000000000000007,-0.22496149868535165,0.2802328425555495,-0.1305261922200515,0.0,0.0,0.9914448613738105,-0.016000000000000007,-0.22496149868535165,0.2802328425555495,-0.1305261922200515,0.0,0.0,0.9914448613738105,-0.016000000000000007,-0.22496149868535165,0.2802328425555495,-0.1305261922200515,0.0,0.0,0.9914448613738105,-0.016000000000000007,-0.22496149868535165,0.2802328425555495,-0.1305261922200515,0.0,0.0,0.9914448613738105,-0.016000000000000007,-0.22496149868535165,0.2802328425555495,-0.1305261922200515,0.0,0.0,0.9914448613738105,0.0,-0.5235987755982988,0.7853981633974483,0.0,0.5235987755982988,0.0,0.0,-0.5235987755982988,0.7853981633974483,0.0,0.5235987755982988,0.0,0.0,-0.5235987755982988,0.7853981633974483,0.0,0.5235987755982988,0.0,0.0,0.0,0.0,0.0,0.0,0.0,0.0,0.0,0.0,0.0,0.0,0.0,0.0,0.0,0.0,0.0,False,False,False,False,1,False,,0.0,0,,,,True,True,0.0,0.0130500000086613,True,0.0,0.0,False,False,False,False,False,False,1.0,False,False,False,0.0,0.0,0.0,0.0
0.14025229998514988,1786139942.88431,0.006354699988150969,0.0026421000075060874,0.006354699988150969,HOLD,1,master input timed out,0.14025090000359342,1.3999815564602613e-06,1,0.0,0.0,0.0,0.0,0.0,0.0,1.0,0.0,0.0,0.0,0.0,0.0,0.0,1.0,-0.016000000000000007,-0.22496149868535165,0.2802328425555495,-0.1305261922200515,0.0,0.0,0.9914448613738105,-0.016000000000000007,-0.22496149868535165,0.2802328425555495,-0.1305261922200515,0.0,0.0,0.9914448613738105,-0.016000000000000007,-0.22496149868535165,0.2802328425555495,-0.1305261922200515,0.0,0.0,0.9914448613738105,-0.016000000000000007,-0.22496149868535165,0.2802328425555495,-0.1305261922200515,0.0,0.0,0.9914448613738105,-0.016000000000000007,-0.22496149868535165,0.2802328425555495,-0.1305261922200515,0.0,0.0,0.9914448613738105,0.0,-0.5235987755982988,0.7853981633974483,0.0,0.5235987755982988,0.0,0.0,-0.5235987755982988,0.7853981633974483,0.0,0.5235987755982988,0.0,0.0,-0.5235987755982988,0.7853981633974483,0.0,0.5235987755982988,0.0,0.0,0.0,0.0,0.0,0.0,0.0,0.0,0.0,0.0,0.0,0.0,0.0,0.0,0.0,0.0,0.0,False,False,False,False,1,False,,0.0,0,,,,True,True,0.0,0.006354699988150969,True,0.0,0.0,False,False,False,False,False,False,1.0,False,False,False,0.0,0.0,0.0,0.0
0.15014529999461956,1786139942.8945565,0.009893000009469688,0.0029961999971419573,0.009893000009469688,HOLD,1,master input timed out,0.1501439000130631,1.3999815564602613e-06,1,0.0,0.0,0.0,0.0,0.0,0.0,1.0,0.0,0.0,0.0,0.0,0.0,0.0,1.0,-0.016000000000000007,-0.22496149868535165,0.2802328425555495,-0.1305261922200515,0.0,0.0,0.9914448613738105,-0.016000000000000007,-0.22496149868535165,0.2802328425555495,-0.1305261922200515,0.0,0.0,0.9914448613738105,-0.016000000000000007,-0.22496149868535165,0.2802328425555495,-0.1305261922200515,0.0,0.0,0.9914448613738105,-0.016000000000000007,-0.22496149868535165,0.2802328425555495,-0.1305261922200515,0.0,0.0,0.9914448613738105,-0.016000000000000007,-0.22496149868535165,0.2802328425555495,-0.1305261922200515,0.0,0.0,0.9914448613738105,0.0,-0.5235987755982988,0.7853981633974483,0.0,0.5235987755982988,0.0,0.0,-0.5235987755982988,0.7853981633974483,0.0,0.5235987755982988,0.0,0.0,-0.5235987755982988,0.7853981633974483,0.0,0.5235987755982988,0.0,0.0,0.0,0.0,0.0,0.0,0.0,0.0,0.0,0.0,0.0,0.0,0.0,0.0,0.0,0.0,0.0,False,False,False,False,1,False,,0.0,0,,,,True,True,0.0,0.009893000009469688,True,0.0,0.0,False,False,False,False,False,False,1.0,False,False,False,0.0,0.0,0.0,0.0
0.16012389998650178,1786139942.9044895,0.00997859999188222,0.002943500003311783,0.00997859999188222,HOLD,1,master input timed out,0.16012250000494532,1.3999815564602613e-06,1,0.0,0.0,0.0,0.0,0.0,0.0,1.0,0.0,0.0,0.0,0.0,0.0,0.0,1.0,-0.016000000000000007,-0.22496149868535165,0.2802328425555495,-0.1305261922200515,0.0,0.0,0.9914448613738105,-0.016000000000000007,-0.22496149868535165,0.2802328425555495,-0.1305261922200515,0.0,0.0,0.9914448613738105,-0.016000000000000007,-0.22496149868535165,0.2802328425555495,-0.1305261922200515,0.0,0.0,0.9914448613738105,-0.016000000000000007,-0.22496149868535165,0.2802328425555495,-0.1305261922200515,0.0,0.0,0.9914448613738105,-0.016000000000000007,-0.22496149868535165,0.2802328425555495,-0.1305261922200515,0.0,0.0,0.9914448613738105,0.0,-0.5235987755982988,0.7853981633974483,0.0,0.5235987755982988,0.0,0.0,-0.5235987755982988,0.7853981633974483,0.0,0.5235987755982988,0.0,0.0,-0.5235987755982988,0.7853981633974483,0.0,0.5235987755982988,0.0,0.0,0.0,0.0,0.0,0.0,0.0,0.0,0.0,0.0,0.0,0.0,0.0,0.0,0.0,0.0,0.0,False,False,False,False,1,False,,0.0,0,,,,True,True,0.0,0.00997859999188222,True,0.0,0.0,False,False,False,False,False,False,1.0,False,False,False,0.0,0.0,0.0,0.0
0.1700760999810882,1786139942.915667,0.009952199994586408,0.0041665000026114285,0.009952199994586408,HOLD,32,deadman released,0.009952199994586408,0.16012389998650178,2,0.0,0.0,0.0,0.0,0.0,0.0,1.0,0.0,0.0,0.0,0.0,0.0,0.0,1.0,-0.016000000000000007,-0.22496149868535165,0.2802328425555495,-0.1305261922200515,0.0,0.0,0.9914448613738105,-0.016000000000000007,-0.22496149868535165,0.2802328425555495,-0.1305261922200515,0.0,0.0,0.9914448613738105,-0.016000000000000007,-0.22496149868535165,0.2802328425555495,-0.1305261922200515,0.0,0.0,0.9914448613738105,-0.016000000000000007,-0.22496149868535165,0.2802328425555495,-0.1305261922200515,0.0,0.0,0.9914448613738105,-0.016000000000000007,-0.22496149868535165,0.2802328425555495,-0.1305261922200515,0.0,0.0,0.9914448613738105,0.0,-0.5235987755982988,0.7853981633974483,0.0,0.5235987755982988,0.0,0.0,-0.5235987755982988,0.7853981633974483,0.0,0.5235987755982988,0.0,0.0,-0.5235987755982988,0.7853981633974483,0.0,0.5235987755982988,0.0,0.0,0.0,0.0,0.0,0.0,0.0,0.0,0.0,0.0,0.0,0.0,0.0,0.0,0.0,0.0,0.0,False,False,False,False,1,False,,0.0,0,,,,True,True,0.0,0.009952199994586408,True,0.0,0.0,False,False,False,False,False,False,1.0,False,False,False,0.0,0.0,0.0,0.0
0.18440969998482615,1786139942.930545,0.014333600003737956,0.00471750000724569,0.014333600003737956,HOLD,32,deadman released,0.014333600003737956,0.1700760999810882,4,0.09966740229746474,0.0,0.0,0.0,0.0,0.0,1.0,0.09966740229746474,0.0,0.0,0.0,0.0,0.0,1.0,-0.016000000000000007,-0.22496149868535165,0.2802328425555495,-0.1305261922200515,0.0,0.0,0.9914448613738105,-0.016000000000000007,-0.22496149868535165,0.2802328425555495,-0.1305261922200515,0.0,0.0,0.9914448613738105,-0.016000000000000007,-0.22496149868535165,0.2802328425555495,-0.1305261922200515,0.0,0.0,0.9914448613738105,-0.016000000000000007,-0.22496149868535165,0.2802328425555495,-0.1305261922200515,0.0,0.0,0.9914448613738105,-0.016000000000000007,-0.22496149868535165,0.2802328425555495,-0.1305261922200515,0.0,0.0,0.9914448613738105,0.0,-0.5235987755982988,0.7853981633974483,0.0,0.5235987755982988,0.0,0.0,-0.5235987755982988,0.7853981633974483,0.0,0.5235987755982988,0.0,0.0,-0.5235987755982988,0.7853981633974483,0.0,0.5235987755982988,0.0,0.0,0.0,0.0,0.0,0.0,0.0,0.0,0.0,0.0,0.0,0.0,0.0,0.0,0.0,0.0,0.0,False,False,False,False,1,False,,0.0,0,,,,True,True,0.0,0.014333600003737956,True,0.0,0.0,False,False,False,False,False,False,1.0,False,False,False,0.0,0.0,0.0,0.0
0.19005159998778254,1786139942.9339228,0.00564190000295639,0.002437600021949038,0.00564190000295639,HOLD,32,deadman released,0.00564190000295639,0.18440969998482615,5,0.09966740229746474,0.0,0.0,0.0,0.0,0.0,1.0,0.09966740229746474,0.0,0.0,0.0,0.0,0.0,1.0,-0.016000000000000007,-0.22496149868535165,0.2802328425555495,-0.1305261922200515,0.0,0.0,0.9914448613738105,-0.016000000000000007,-0.22496149868535165,0.2802328425555495,-0.1305261922200515,0.0,0.0,0.9914448613738105,-0.016000000000000007,-0.22496149868535165,0.2802328425555495,-0.1305261922200515,0.0,0.0,0.9914448613738105,-0.016000000000000007,-0.22496149868535165,0.2802328425555495,-0.1305261922200515,0.0,0.0,0.9914448613738105,-0.016000000000000007,-0.22496149868535165,0.2802328425555495,-0.1305261922200515,0.0,0.0,0.9914448613738105,0.0,-0.5235987755982988,0.7853981633974483,0.0,0.5235987755982988,0.0,0.0,-0.5235987755982988,0.7853981633974483,0.0,0.5235987755982988,0.0,0.0,-0.5235987755982988,0.7853981633974483,0.0,0.5235987755982988,0.0,0.0,0.0,0.0,0.0,0.0,0.0,0.0,0.0,0.0,0.0,0.0,0.0,0.0,0.0,0.0,0.0,False,False,False,False,1,False,,0.0,0,,,,True,True,0.0,0.00564190000295639,True,0.0,0.0,False,False,False,False,False,False,1.0,False,False,False,0.0,0.0,0.0,0.0
0.20107129999087192,1786139942.9452112,0.011019700003089383,0.002724499994656071,0.011019700003089383,HOLD,32,deadman released,0.011019700003089383,0.19005159998778254,6,0.09966740229746474,0.0,0.0,0.0,0.0,0.0,1.0,0.09966740229746474,0.0,0.0,0.0,0.0,0.0,1.0,-0.016000000000000007,-0.22496149868535165,0.2802328425555495,-0.1305261922200515,0.0,0.0,0.9914448613738105,-0.016000000000000007,-0.22496149868535165,0.2802328425555495,-0.1305261922200515,0.0,0.0,0.9914448613738105,-0.016000000000000007,-0.22496149868535165,0.2802328425555495,-0.1305261922200515,0.0,0.0,0.9914448613738105,-0.016000000000000007,-0.22496149868535165,0.2802328425555495,-0.1305261922200515,0.0,0.0,0.9914448613738105,-0.016000000000000007,-0.22496149868535165,0.2802328425555495,-0.1305261922200515,0.0,0.0,0.9914448613738105,0.0,-0.5235987755982988,0.7853981633974483,0.0,0.5235987755982988,0.0,0.0,-0.5235987755982988,0.7853981633974483,0.0,0.5235987755982988,0.0,0.0,-0.5235987755982988,0.7853981633974483,0.0,0.5235987755982988,0.0,0.0,0.0,0.0,0.0,0.0,0.0,0.0,0.0,0.0,0.0,0.0,0.0,0.0,0.0,0.0,0.0,False,False,False,False,1,False,,0.0,0,,,,True,True,0.0,0.011019700003089383,True,0.0,0.0,False,False,False,False,False,False,1.0,False,False,False,0.0,0.0,0.0,0.0
0.2103231999790296,1786139942.954321,0.009251899988157675,0.0025812000094447285,0.009251899988157675,HOLD,32,deadman released,0.009251899988157675,0.20107129999087192,7,0.09966740229746474,0.0,0.0,0.0,0.0,0.0,1.0,0.09966740229746474,0.0,0.0,0.0,0.0,0.0,1.0,-0.016000000000000007,-0.22496149868535165,0.2802328425555495,-0.1305261922200515,0.0,0.0,0.9914448613738105,-0.016000000000000007,-0.22496149868535165,0.2802328425555495,-0.1305261922200515,0.0,0.0,0.9914448613738105,-0.016000000000000007,-0.22496149868535165,0.2802328425555495,-0.1305261922200515,0.0,0.0,0.9914448613738105,-0.016000000000000007,-0.22496149868535165,0.2802328425555495,-0.1305261922200515,0.0,0.0,0.9914448613738105,-0.016000000000000007,-0.22496149868535165,0.2802328425555495,-0.1305261922200515,0.0,0.0,0.9914448613738105,0.0,-0.5235987755982988,0.7853981633974483,0.0,0.5235987755982988,0.0,0.0,-0.5235987755982988,0.7853981633974483,0.0,0.5235987755982988,0.0,0.0,-0.5235987755982988,0.7853981633974483,0.0,0.5235987755982988,0.0,0.0,0.0,0.0,0.0,0.0,0.0,0.0,0.0,0.0,0.0,0.0,0.0,0.0,0.0,0.0,0.0,False,False,False,False,1,False,,0.0,0,,,,True,True,0.0,0.009251899988157675,True,0.0,0.0,False,False,False,False,False,False,1.0,False,False,False,0.0,0.0,0.0,0.0
0.22052619999158196,1786139942.9650075,0.010203000012552366,0.003066200006287545,0.010203000012552366,HOLD,32,deadman released,0.010203000012552366,0.2103231999790296,8,0.09966740229746474,0.0,0.0,0.0,0.0,0.0,1.0,0.09966740229746474,0.0,0.0,0.0,0.0,0.0,1.0,-0.016000000000000007,-0.22496149868535165,0.2802328425555495,-0.1305261922200515,0.0,0.0,0.9914448613738105,-0.016000000000000007,-0.22496149868535165,0.2802328425555495,-0.1305261922200515,0.0,0.0,0.9914448613738105,-0.016000000000000007,-0.22496149868535165,0.2802328425555495,-0.1305261922200515,0.0,0.0,0.9914448613738105,-0.016000000000000007,-0.22496149868535165,0.2802328425555495,-0.1305261922200515,0.0,0.0,0.9914448613738105,-0.016000000000000007,-0.22496149868535165,0.2802328425555495,-0.1305261922200515,0.0,0.0,0.9914448613738105,0.0,-0.5235987755982988,0.7853981633974483,0.0,0.5235987755982988,0.0,0.0,-0.5235987755982988,0.7853981633974483,0.0,0.5235987755982988,0.0,0.0,-0.5235987755982988,0.7853981633974483,0.0,0.5235987755982988,0.0,0.0,0.0,0.0,0.0,0.0,0.0,0.0,0.0,0.0,0.0,0.0,0.0,0.0,0.0,0.0,0.0,False,False,False,False,1,False,,0.0,0,,,,True,True,0.0,0.010203000012552366,True,0.0,0.0,False,False,False,False,False,False,1.0,False,False,False,0.0,0.0,0.0,0.0
0.23026839998783544,1786139942.974925,0.009742199996253476,0.0032405999954789877,0.009742199996253476,HOLD,32,deadman released,0.009742199996253476,0.22052619999158196,9,0.09966740229746474,0.0,0.0,0.0,0.0,0.0,1.0,0.09966740229746474,0.0,0.0,0.0,0.0,0.0,1.0,-0.016000000000000007,-0.22496149868535165,0.2802328425555495,-0.1305261922200515,0.0,0.0,0.9914448613738105,-0.016000000000000007,-0.22496149868535165,0.2802328425555495,-0.1305261922200515,0.0,0.0,0.9914448613738105,-0.016000000000000007,-0.22496149868535165,0.2802328425555495,-0.1305261922200515,0.0,0.0,0.9914448613738105,-0.016000000000000007,-0.22496149868535165,0.2802328425555495,-0.1305261922200515,0.0,0.0,0.9914448613738105,-0.016000000000000007,-0.22496149868535165,0.2802328425555495,-0.1305261922200515,0.0,0.0,0.9914448613738105,0.0,-0.5235987755982988,0.7853981633974483,0.0,0.5235987755982988,0.0,0.0,-0.5235987755982988,0.7853981633974483,0.0,0.5235987755982988,0.0,0.0,-0.5235987755982988,0.7853981633974483,0.0,0.5235987755982988,0.0,0.0,0.0,0.0,0.0,0.0,0.0,0.0,0.0,0.0,0.0,0.0,0.0,0.0,0.0,0.0,0.0,False,False,False,False,1,False,,0.0,0,,,,True,True,0.0,0.009742199996253476,True,0.0,0.0,False,False,False,False,False,False,1.0,False,False,False,0.0,0.0,0.0,0.0
0.2405014999967534,1786139942.9848204,0.010233100008917972,0.002897300000768155,0.010233100008917972,HOLD,32,deadman released,0.010233100008917972,0.23026839998783544,10,0.09966740229746474,0.0,0.0,0.0,0.0,0.0,1.0,0.09966740229746474,0.0,0.0,0.0,0.0,0.0,1.0,-0.016000000000000007,-0.22496149868535165,0.2802328425555495,-0.1305261922200515,0.0,0.0,0.9914448613738105,-0.016000000000000007,-0.22496149868535165,0.2802328425555495,-0.1305261922200515,0.0,0.0,0.9914448613738105,-0.016000000000000007,-0.22496149868535165,0.2802328425555495,-0.1305261922200515,0.0,0.0,0.9914448613738105,-0.016000000000000007,-0.22496149868535165,0.2802328425555495,-0.1305261922200515,0.0,0.0,0.9914448613738105,-0.016000000000000007,-0.22496149868535165,0.2802328425555495,-0.1305261922200515,0.0,0.0,0.9914448613738105,0.0,-0.5235987755982988,0.7853981633974483,0.0,0.5235987755982988,0.0,0.0,-0.5235987755982988,0.7853981633974483,0.0,0.5235987755982988,0.0,0.0,-0.5235987755982988,0.7853981633974483,0.0,0.5235987755982988,0.0,0.0,0.0,0.0,0.0,0.0,0.0,0.0,0.0,0.0,0.0,0.0,0.0,0.0,0.0,0.0,0.0,False,False,False,False,1,False,,0.0,0,,,,True,True,0.0,0.010233100008917972,True,0.0,0.0,False,False,False,False,False,False,1.0,False,False,False,0.0,0.0,0.0,0.0
0.2503761999832932,1786139942.994819,0.009874699986539781,0.0030236000020522624,0.009874699986539781,HOLD,32,deadman released,0.009874699986539781,0.2405014999967534,11,0.09966740229746474,0.0,0.0,0.0,0.0,0.0,1.0,0.09966740229746474,0.0,0.0,0.0,0.0,0.0,1.0,-0.016000000000000007,-0.22496149868535165,0.2802328425555495,-0.1305261922200515,0.0,0.0,0.9914448613738105,-0.016000000000000007,-0.22496149868535165,0.2802328425555495,-0.1305261922200515,0.0,0.0,0.9914448613738105,-0.016000000000000007,-0.22496149868535165,0.2802328425555495,-0.1305261922200515,0.0,0.0,0.9914448613738105,-0.016000000000000007,-0.22496149868535165,0.2802328425555495,-0.1305261922200515,0.0,0.0,0.9914448613738105,-0.016000000000000007,-0.22496149868535165,0.2802328425555495,-0.1305261922200515,0.0,0.0,0.9914448613738105,0.0,-0.5235987755982988,0.7853981633974483,0.0,0.5235987755982988,0.0,0.0,-0.5235987755982988,0.7853981633974483,0.0,0.5235987755982988,0.0,0.0,-0.5235987755982988,0.7853981633974483,0.0,0.5235987755982988,0.0,0.0,0.0,0.0,0.0,0.0,0.0,0.0,0.0,0.0,0.0,0.0,0.0,0.0,0.0,0.0,0.0,False,False,False,False,1,False,,0.0,0,,,,True,True,0.0,0.009874699986539781,True,0.0,0.0,False,False,False,False,False,False,1.0,False,False,False,0.0,0.0,0.0,0.0
0.2654640999971889,1786139943.0130913,0.015087900013895705,0.006209799990756437,0.015087900013895705,HOLD,32,deadman released,0.015087900013895705,0.2503761999832932,12,0.09966740229746474,0.0,0.0,0.0,0.0,0.0,1.0,0.09966740229746474,0.0,0.0,0.0,0.0,0.0,1.0,-0.016000000000000007,-0.22496149868535165,0.2802328425555495,-0.1305261922200515,0.0,0.0,0.9914448613738105,-0.016000000000000007,-0.22496149868535165,0.2802328425555495,-0.1305261922200515,0.0,0.0,0.9914448613738105,-0.016000000000000007,-0.22496149868535165,0.2802328425555495,-0.1305261922200515,0.0,0.0,0.9914448613738105,-0.016000000000000007,-0.22496149868535165,0.2802328425555495,-0.1305261922200515,0.0,0.0,0.9914448613738105,-0.016000000000000007,-0.22496149868535165,0.2802328425555495,-0.1305261922200515,0.0,0.0,0.9914448613738105,0.0,-0.5235987755982988,0.7853981633974483,0.0,0.5235987755982988,0.0,0.0,-0.5235987755982988,0.7853981633974483,0.0,0.5235987755982988,0.0,0.0,-0.5235987755982988,0.7853981633974483,0.0,0.5235987755982988,0.0,0.0,0.0,0.0,0.0,0.0,0.0,0.0,0.0,0.0,0.0,0.0,0.0,0.0,0.0,0.0,0.0,False,False,False,False,1,False,,0.0,0,,,,True,True,0.0,0.015087900013895705,True,0.0,0.0,False,False,False,False,False,False,1.0,False,False,False,0.0,0.0,0.0,0.0
0.27190979997976683,1786139943.0159929,0.006445699982577935,0.0026696999848354608,0.006445699982577935,HOLD,32,deadman released,0.02153359999647364,0.2503761999832932,12,0.09966740229746474,0.0,0.0,0.0,0.0,0.0,1.0,0.09966740229746474,0.0,0.0,0.0,0.0,0.0,1.0,-0.016000000000000007,-0.22496149868535165,0.2802328425555495,-0.1305261922200515,0.0,0.0,0.9914448613738105,-0.016000000000000007,-0.22496149868535165,0.2802328425555495,-0.1305261922200515,0.0,0.0,0.9914448613738105,-0.016000000000000007,-0.22496149868535165,0.2802328425555495,-0.1305261922200515,0.0,0.0,0.9914448613738105,-0.016000000000000007,-0.22496149868535165,0.2802328425555495,-0.1305261922200515,0.0,0.0,0.9914448613738105,-0.016000000000000007,-0.22496149868535165,0.2802328425555495,-0.1305261922200515,0.0,0.0,0.9914448613738105,0.0,-0.5235987755982988,0.7853981633974483,0.0,0.5235987755982988,0.0,0.0,-0.5235987755982988,0.7853981633974483,0.0,0.5235987755982988,0.0,0.0,-0.5235987755982988,0.7853981633974483,0.0,0.5235987755982988,0.0,0.0,0.0,0.0,0.0,0.0,0.0,0.0,0.0,0.0,0.0,0.0,0.0,0.0,0.0,0.0,0.0,False,False,False,False,1,False,,0.0,0,,,,True,True,0.0,0.006445699982577935,True,0.0,0.0,False,False,False,False,False,False,1.0,False,False,False,0.0,0.0,0.0,0.0
0.2803974999987986,1786139943.0247605,0.008487700019031763,0.002945999993244186,0.008487700019031763,HOLD,32,deadman released,0.008487700019031763,0.27190979997976683,14,0.09966740229746474,0.0,0.0,0.0,0.0,0.0,1.0,0.09966740229746474,0.0,0.0,0.0,0.0,0.0,1.0,-0.016000000000000007,-0.22496149868535165,0.2802328425555495,-0.1305261922200515,0.0,0.0,0.9914448613738105,-0.016000000000000007,-0.22496149868535165,0.2802328425555495,-0.1305261922200515,0.0,0.0,0.9914448613738105,-0.016000000000000007,-0.22496149868535165,0.2802328425555495,-0.1305261922200515,0.0,0.0,0.9914448613738105,-0.016000000000000007,-0.22496149868535165,0.2802328425555495,-0.1305261922200515,0.0,0.0,0.9914448613738105,-0.016000000000000007,-0.22496149868535165,0.2802328425555495,-0.1305261922200515,0.0,0.0,0.9914448613738105,0.0,-0.5235987755982988,0.7853981633974483,0.0,0.5235987755982988,0.0,0.0,-0.5235987755982988,0.7853981633974483,0.0,0.5235987755982988,0.0,0.0,-0.5235987755982988,0.7853981633974483,0.0,0.5235987755982988,0.0,0.0,0.0,0.0,0.0,0.0,0.0,0.0,0.0,0.0,0.0,0.0,0.0,0.0,0.0,0.0,0.0,False,False,False,False,1,False,,0.0,0,,,,True,True,0.0,0.008487700019031763,True,0.0,0.0,False,False,False,False,False,False,1.0,False,False,False,0.0,0.0,0.0,0.0
0.29037020000396296,1786139943.0348833,0.00997270000516437,0.0030965000041760504,0.00997270000516437,HOLD,32,deadman released,0.00997270000516437,0.2803974999987986,15,0.09966740229746474,0.0,0.0,0.0,0.0,0.0,1.0,0.09966740229746474,0.0,0.0,0.0,0.0,0.0,1.0,-0.016000000000000007,-0.22496149868535165,0.2802328425555495,-0.1305261922200515,0.0,0.0,0.9914448613738105,-0.016000000000000007,-0.22496149868535165,0.2802328425555495,-0.1305261922200515,0.0,0.0,0.9914448613738105,-0.016000000000000007,-0.22496149868535165,0.2802328425555495,-0.1305261922200515,0.0,0.0,0.9914448613738105,-0.016000000000000007,-0.22496149868535165,0.2802328425555495,-0.1305261922200515,0.0,0.0,0.9914448613738105,-0.016000000000000007,-0.22496149868535165,0.2802328425555495,-0.1305261922200515,0.0,0.0,0.9914448613738105,0.0,-0.5235987755982988,0.7853981633974483,0.0,0.5235987755982988,0.0,0.0,-0.5235987755982988,0.7853981633974483,0.0,0.5235987755982988,0.0,0.0,-0.5235987755982988,0.7853981633974483,0.0,0.5235987755982988,0.0,0.0,0.0,0.0,0.0,0.0,0.0,0.0,0.0,0.0,0.0,0.0,0.0,0.0,0.0,0.0,0.0,False,False,False,False,1,False,,0.0,0,,,,True,True,0.0,0.00997270000516437,True,0.0,0.0,False,False,False,False,False,False,1.0,False,False,False,0.0,0.0,0.0,0.0
0.3011337999778334,1786139943.045575,0.010763599973870441,0.0030254000157583505,0.010763599973870441,HOLD,32,deadman released,0.010763599973870441,0.29037020000396296,16,0.09966740229746474,0.0,0.0,0.0,0.0,0.0,1.0,0.09966740229746474,0.0,0.0,0.0,0.0,0.0,1.0,-0.016000000000000007,-0.22496149868535165,0.2802328425555495,-0.1305261922200515,0.0,0.0,0.9914448613738105,-0.016000000000000007,-0.22496149868535165,0.2802328425555495,-0.1305261922200515,0.0,0.0,0.9914448613738105,-0.016000000000000007,-0.22496149868535165,0.2802328425555495,-0.1305261922200515,0.0,0.0,0.9914448613738105,-0.016000000000000007,-0.22496149868535165,0.2802328425555495,-0.1305261922200515,0.0,0.0,0.9914448613738105,-0.016000000000000007,-0.22496149868535165,0.2802328425555495,-0.1305261922200515,0.0,0.0,0.9914448613738105,0.0,-0.5235987755982988,0.7853981633974483,0.0,0.5235987755982988,0.0,0.0,-0.5235987755982988,0.7853981633974483,0.0,0.5235987755982988,0.0,0.0,-0.5235987755982988,0.7853981633974483,0.0,0.5235987755982988,0.0,0.0,0.0,0.0,0.0,0.0,0.0,0.0,0.0,0.0,0.0,0.0,0.0,0.0,0.0,0.0,0.0,False,False,False,False,1,False,,0.0,0,,,,True,True,0.0,0.010763599973870441,True,0.0,0.0,False,False,False,False,False,False,1.0,False,False,False,0.0,0.0,0.0,0.0
0.3110930999973789,1786139943.0551374,0.00995930001954548,0.0026283999904990196,0.00995930001954548,HOLD,32,deadman released,0.00995930001954548,0.3011337999778334,17,0.09966740229746474,0.0,0.0,0.0,0.0,0.0,1.0,0.09966740229746474,0.0,0.0,0.0,0.0,0.0,1.0,-0.016000000000000007,-0.22496149868535165,0.2802328425555495,-0.1305261922200515,0.0,0.0,0.9914448613738105,-0.016000000000000007,-0.22496149868535165,0.2802328425555495,-0.1305261922200515,0.0,0.0,0.9914448613738105,-0.016000000000000007,-0.22496149868535165,0.2802328425555495,-0.1305261922200515,0.0,0.0,0.9914448613738105,-0.016000000000000007,-0.22496149868535165,0.2802328425555495,-0.1305261922200515,0.0,0.0,0.9914448613738105,-0.016000000000000007,-0.22496149868535165,0.2802328425555495,-0.1305261922200515,0.0,0.0,0.9914448613738105,0.0,-0.5235987755982988,0.7853981633974483,0.0,0.5235987755982988,0.0,0.0,-0.5235987755982988,0.7853981633974483,0.0,0.5235987755982988,0.0,0.0,-0.5235987755982988,0.7853981633974483,0.0,0.5235987755982988,0.0,0.0,0.0,0.0,0.0,0.0,0.0,0.0,0.0,0.0,0.0,0.0,0.0,0.0,0.0,0.0,0.0,False,False,False,False,1,False,,0.0,0,,,,True,True,0.0,0.00995930001954548,True,0.0,0.0,False,False,False,False,False,False,1.0,False,False,False,0.0,0.0,0.0,0.0
0.3205616000050213,1786139943.065217,0.009468500007642433,0.003240800026105717,0.009468500007642433,HOLD,32,deadman released,0.009468500007642433,0.3110930999973789,18,0.09966740229746474,0.0,0.0,0.0,0.0,0.0,1.0,0.09966740229746474,0.0,0.0,0.0,0.0,0.0,1.0,-0.016000000000000007,-0.22496149868535165,0.2802328425555495,-0.1305261922200515,0.0,0.0,0.9914448613738105,-0.016000000000000007,-0.22496149868535165,0.2802328425555495,-0.1305261922200515,0.0,0.0,0.9914448613738105,-0.016000000000000007,-0.22496149868535165,0.2802328425555495,-0.1305261922200515,0.0,0.0,0.9914448613738105,-0.016000000000000007,-0.22496149868535165,0.2802328425555495,-0.1305261922200515,0.0,0.0,0.9914448613738105,-0.016000000000000007,-0.22496149868535165,0.2802328425555495,-0.1305261922200515,0.0,0.0,0.9914448613738105,0.0,-0.5235987755982988,0.7853981633974483,0.0,0.5235987755982988,0.0,0.0,-0.5235987755982988,0.7853981633974483,0.0,0.5235987755982988,0.0,0.0,-0.5235987755982988,0.7853981633974483,0.0,0.5235987755982988,0.0,0.0,0.0,0.0,0.0,0.0,0.0,0.0,0.0,0.0,0.0,0.0,0.0,0.0,0.0,0.0,0.0,False,False,False,False,1,False,,0.0,0,,,,True,True,0.0,0.009468500007642433,True,0.0,0.0,False,False,False,False,False,False,1.0,False,False,False,0.0,0.0,0.0,0.0
0.3307172999775503,1786139943.0749693,0.010155699972528964,0.0028366000042296946,0.010155699972528964,HOLD,32,deadman released,0.010155699972528964,0.3205616000050213,19,0.09966740229746474,0.0,0.0,0.0,0.0,0.0,1.0,0.09966740229746474,0.0,0.0,0.0,0.0,0.0,1.0,-0.016000000000000007,-0.22496149868535165,0.2802328425555495,-0.1305261922200515,0.0,0.0,0.9914448613738105,-0.016000000000000007,-0.22496149868535165,0.2802328425555495,-0.1305261922200515,0.0,0.0,0.9914448613738105,-0.016000000000000007,-0.22496149868535165,0.2802328425555495,-0.1305261922200515,0.0,0.0,0.9914448613738105,-0.016000000000000007,-0.22496149868535165,0.2802328425555495,-0.1305261922200515,0.0,0.0,0.9914448613738105,-0.016000000000000007,-0.22496149868535165,0.2802328425555495,-0.1305261922200515,0.0,0.0,0.9914448613738105,0.0,-0.5235987755982988,0.7853981633974483,0.0,0.5235987755982988,0.0,0.0,-0.5235987755982988,0.7853981633974483,0.0,0.5235987755982988,0.0,0.0,-0.5235987755982988,0.7853981633974483,0.0,0.5235987755982988,0.0,0.0,0.0,0.0,0.0,0.0,0.0,0.0,0.0,0.0,0.0,0.0,0.0,0.0,0.0,0.0,0.0,False,False,False,False,1,False,,0.0,0,,,,True,True,0.0,0.010155699972528964,True,0.0,0.0,False,False,False,False,False,False,1.0,False,False,False,0.0,0.0,0.0,0.0
0.3405029999848921,1786139943.0852964,0.009785700007341802,0.0033699999912641943,0.009785700007341802,HOLD,32,deadman released,0.009785700007341802,0.3307172999775503,20,0.09966740229746474,0.0,0.0,0.0,0.0,0.0,1.0,0.09966740229746474,0.0,0.0,0.0,0.0,0.0,1.0,-0.016000000000000007,-0.22496149868535165,0.2802328425555495,-0.1305261922200515,0.0,0.0,0.9914448613738105,-0.016000000000000007,-0.22496149868535165,0.2802328425555495,-0.1305261922200515,0.0,0.0,0.9914448613738105,-0.016000000000000007,-0.22496149868535165,0.2802328425555495,-0.1305261922200515,0.0,0.0,0.9914448613738105,-0.016000000000000007,-0.22496149868535165,0.2802328425555495,-0.1305261922200515,0.0,0.0,0.9914448613738105,-0.016000000000000007,-0.22496149868535165,0.2802328425555495,-0.1305261922200515,0.0,0.0,0.9914448613738105,0.0,-0.5235987755982988,0.7853981633974483,0.0,0.5235987755982988,0.0,0.0,-0.5235987755982988,0.7853981633974483,0.0,0.5235987755982988,0.0,0.0,-0.5235987755982988,0.7853981633974483,0.0,0.5235987755982988,0.0,0.0,0.0,0.0,0.0,0.0,0.0,0.0,0.0,0.0,0.0,0.0,0.0,0.0,0.0,0.0,0.0,False,False,False,False,1,False,,0.0,0,,,,True,True,0.0,0.009785700007341802,True,0.0,0.0,False,False,False,False,False,False,1.0,False,False,False,0.0,0.0,0.0,0.0
0.35018189999391325,1786139943.0949142,0.009678900009021163,0.0032873000018298626,0.009678900009021163,HOLD,32,deadman released,0.009678900009021163,0.3405029999848921,21,0.09966740229746474,0.0,0.0,0.0,0.0,0.0,1.0,0.09966740229746474,0.0,0.0,0.0,0.0,0.0,1.0,-0.016000000000000007,-0.22496149868535165,0.2802328425555495,-0.1305261922200515,0.0,0.0,0.9914448613738105,-0.016000000000000007,-0.22496149868535165,0.2802328425555495,-0.1305261922200515,0.0,0.0,0.9914448613738105,-0.016000000000000007,-0.22496149868535165,0.2802328425555495,-0.1305261922200515,0.0,0.0,0.9914448613738105,-0.016000000000000007,-0.22496149868535165,0.2802328425555495,-0.1305261922200515,0.0,0.0,0.9914448613738105,-0.016000000000000007,-0.22496149868535165,0.2802328425555495,-0.1305261922200515,0.0,0.0,0.9914448613738105,0.0,-0.5235987755982988,0.7853981633974483,0.0,0.5235987755982988,0.0,0.0,-0.5235987755982988,0.7853981633974483,0.0,0.5235987755982988,0.0,0.0,-0.5235987755982988,0.7853981633974483,0.0,0.5235987755982988,0.0,0.0,0.0,0.0,0.0,0.0,0.0,0.0,0.0,0.0,0.0,0.0,0.0,0.0,0.0,0.0,0.0,False,False,False,False,1,False,,0.0,0,,,,True,True,0.0,0.009678900009021163,True,0.0,0.0,False,False,False,False,False,False,1.0,False,False,False,0.0,0.0,0.0,0.0
0.36024239999824204,1786139943.1045923,0.010060500004328787,0.0029243000026326627,0.010060500004328787,HOLD,32,deadman released,0.010060500004328787,0.35018189999391325,22,0.09966740229746474,0.0,0.0,0.0,0.0,0.0,1.0,0.09966740229746474,0.0,0.0,0.0,0.0,0.0,1.0,-0.016000000000000007,-0.22496149868535165,0.2802328425555495,-0.1305261922200515,0.0,0.0,0.9914448613738105,-0.016000000000000007,-0.22496149868535165,0.2802328425555495,-0.1305261922200515,0.0,0.0,0.9914448613738105,-0.016000000000000007,-0.22496149868535165,0.2802328425555495,-0.1305261922200515,0.0,0.0,0.9914448613738105,-0.016000000000000007,-0.22496149868535165,0.2802328425555495,-0.1305261922200515,0.0,0.0,0.9914448613738105,-0.016000000000000007,-0.22496149868535165,0.2802328425555495,-0.1305261922200515,0.0,0.0,0.9914448613738105,0.0,-0.5235987755982988,0.7853981633974483,0.0,0.5235987755982988,0.0,0.0,-0.5235987755982988,0.7853981633974483,0.0,0.5235987755982988,0.0,0.0,-0.5235987755982988,0.7853981633974483,0.0,0.5235987755982988,0.0,0.0,0.0,0.0,0.0,0.0,0.0,0.0,0.0,0.0,0.0,0.0,0.0,0.0,0.0,0.0,0.0,False,False,False,False,1,False,,0.0,0,,,,True,True,0.0,0.010060500004328787,True,0.0,0.0,False,False,False,False,False,False,1.0,False,False,False,0.0,0.0,0.0,0.0
0.3763121999800205,1786139943.1205807,0.016069799981778488,0.002851199998985976,0.016069799981778488,HOLD,32,deadman released,0.016069799981778488,0.36024239999824204,23,0.09966740229746474,0.0,0.0,0.0,0.0,0.0,1.0,0.09966740229746474,0.0,0.0,0.0,0.0,0.0,1.0,-0.016000000000000007,-0.22496149868535165,0.2802328425555495,-0.1305261922200515,0.0,0.0,0.9914448613738105,-0.016000000000000007,-0.22496149868535165,0.2802328425555495,-0.1305261922200515,0.0,0.0,0.9914448613738105,-0.016000000000000007,-0.22496149868535165,0.2802328425555495,-0.1305261922200515,0.0,0.0,0.9914448613738105,-0.016000000000000007,-0.22496149868535165,0.2802328425555495,-0.1305261922200515,0.0,0.0,0.9914448613738105,-0.016000000000000007,-0.22496149868535165,0.2802328425555495,-0.1305261922200515,0.0,0.0,0.9914448613738105,0.0,-0.5235987755982988,0.7853981633974483,0.0,0.5235987755982988,0.0,0.0,-0.5235987755982988,0.7853981633974483,0.0,0.5235987755982988,0.0,0.0,-0.5235987755982988,0.7853981633974483,0.0,0.5235987755982988,0.0,0.0,0.0,0.0,0.0,0.0,0.0,0.0,0.0,0.0,0.0,0.0,0.0,0.0,0.0,0.0,0.0,False,False,False,False,1,False,,0.0,0,,,,True,True,0.0,0.016069799981778488,True,0.0,0.0,False,False,False,False,False,False,1.0,False,False,False,0.0,0.0,0.0,0.0
0.38099619999411516,1786139943.1250103,0.004684000014094636,0.0026003000093623996,0.004684000014094636,HOLD,32,deadman released,0.004684000014094636,0.3763121999800205,24,0.09966740229746474,0.0,0.0,0.0,0.0,0.0,1.0,0.09966740229746474,0.0,0.0,0.0,0.0,0.0,1.0,-0.016000000000000007,-0.22496149868535165,0.2802328425555495,-0.1305261922200515,0.0,0.0,0.9914448613738105,-0.016000000000000007,-0.22496149868535165,0.2802328425555495,-0.1305261922200515,0.0,0.0,0.9914448613738105,-0.016000000000000007,-0.22496149868535165,0.2802328425555495,-0.1305261922200515,0.0,0.0,0.9914448613738105,-0.016000000000000007,-0.22496149868535165,0.2802328425555495,-0.1305261922200515,0.0,0.0,0.9914448613738105,-0.016000000000000007,-0.22496149868535165,0.2802328425555495,-0.1305261922200515,0.0,0.0,0.9914448613738105,0.0,-0.5235987755982988,0.7853981633974483,0.0,0.5235987755982988,0.0,0.0,-0.5235987755982988,0.7853981633974483,0.0,0.5235987755982988,0.0,0.0,-0.5235987755982988,0.7853981633974483,0.0,0.5235987755982988,0.0,0.0,0.0,0.0,0.0,0.0,0.0,0.0,0.0,0.0,0.0,0.0,0.0,0.0,0.0,0.0,0.0,False,False,False,False,1,False,,0.0,0,,,,True,True,0.0,0.004684000014094636,True,0.0,0.0,False,False,False,False,False,False,1.0,False,False,False,0.0,0.0,0.0,0.0
0.39070609997725114,1786139943.134913,0.009709899983135983,0.0027897999971173704,0.009709899983135983,HOLD,32,deadman released,0.009709899983135983,0.38099619999411516,25,0.09966740229746474,0.0,0.0,0.0,0.0,0.0,1.0,0.09966740229746474,0.0,0.0,0.0,0.0,0.0,1.0,-0.016000000000000007,-0.22496149868535165,0.2802328425555495,-0.1305261922200515,0.0,0.0,0.9914448613738105,-0.016000000000000007,-0.22496149868535165,0.2802328425555495,-0.1305261922200515,0.0,0.0,0.9914448613738105,-0.016000000000000007,-0.22496149868535165,0.2802328425555495,-0.1305261922200515,0.0,0.0,0.9914448613738105,-0.016000000000000007,-0.22496149868535165,0.2802328425555495,-0.1305261922200515,0.0,0.0,0.9914448613738105,-0.016000000000000007,-0.22496149868535165,0.2802328425555495,-0.1305261922200515,0.0,0.0,0.9914448613738105,0.0,-0.5235987755982988,0.7853981633974483,0.0,0.5235987755982988,0.0,0.0,-0.5235987755982988,0.7853981633974483,0.0,0.5235987755982988,0.0,0.0,-0.5235987755982988,0.7853981633974483,0.0,0.5235987755982988,0.0,0.0,0.0,0.0,0.0,0.0,0.0,0.0,0.0,0.0,0.0,0.0,0.0,0.0,0.0,0.0,0.0,False,False,False,False,1,False,,0.0,0,,,,True,True,0.0,0.009709899983135983,True,0.0,0.0,False,False,False,False,False,False,1.0,False,False,False,0.0,0.0,0.0,0.0
0.4004758999799378,1786139943.145333,0.00976980000268668,0.0034426999918650836,0.00976980000268668,HOLD,32,deadman released,0.00976980000268668,0.39070609997725114,26,0.09966740229746474,0.0,0.0,0.0,0.0,0.0,1.0,0.09966740229746474,0.0,0.0,0.0,0.0,0.0,1.0,-0.016000000000000007,-0.22496149868535165,0.2802328425555495,-0.1305261922200515,0.0,0.0,0.9914448613738105,-0.016000000000000007,-0.22496149868535165,0.2802328425555495,-0.1305261922200515,0.0,0.0,0.9914448613738105,-0.016000000000000007,-0.22496149868535165,0.2802328425555495,-0.1305261922200515,0.0,0.0,0.9914448613738105,-0.016000000000000007,-0.22496149868535165,0.2802328425555495,-0.1305261922200515,0.0,0.0,0.9914448613738105,-0.016000000000000007,-0.22496149868535165,0.2802328425555495,-0.1305261922200515,0.0,0.0,0.9914448613738105,0.0,-0.5235987755982988,0.7853981633974483,0.0,0.5235987755982988,0.0,0.0,-0.5235987755982988,0.7853981633974483,0.0,0.5235987755982988,0.0,0.0,-0.5235987755982988,0.7853981633974483,0.0,0.5235987755982988,0.0,0.0,0.0,0.0,0.0,0.0,0.0,0.0,0.0,0.0,0.0,0.0,0.0,0.0,0.0,0.0,0.0,False,False,False,False,1,False,,0.0,0,,,,True,True,0.0,0.00976980000268668,True,0.0,0.0,False,False,False,False,False,False,1.0,False,False,False,0.0,0.0,0.0,0.0
0.411603099986678,1786139943.1556752,0.011127200006740168,0.002656700002262369,0.011127200006740168,HOLD,32,deadman released,0.011127200006740168,0.4004758999799378,27,0.09966740229746474,0.0,0.0,0.0,0.0,0.0,1.0,0.09966740229746474,0.0,0.0,0.0,0.0,0.0,1.0,-0.016000000000000007,-0.22496149868535165,0.2802328425555495,-0.1305261922200515,0.0,0.0,0.9914448613738105,-0.016000000000000007,-0.22496149868535165,0.2802328425555495,-0.1305261922200515,0.0,0.0,0.9914448613738105,-0.016000000000000007,-0.22496149868535165,0.2802328425555495,-0.1305261922200515,0.0,0.0,0.9914448613738105,-0.016000000000000007,-0.22496149868535165,0.2802328425555495,-0.1305261922200515,0.0,0.0,0.9914448613738105,-0.016000000000000007,-0.22496149868535165,0.2802328425555495,-0.1305261922200515,0.0,0.0,0.9914448613738105,0.0,-0.5235987755982988,0.7853981633974483,0.0,0.5235987755982988,0.0,0.0,-0.5235987755982988,0.7853981633974483,0.0,0.5235987755982988,0.0,0.0,-0.5235987755982988,0.7853981633974483,0.0,0.5235987755982988,0.0,0.0,0.0,0.0,0.0,0.0,0.0,0.0,0.0,0.0,0.0,0.0,0.0,0.0,0.0,0.0,0.0,False,False,False,False,1,False,,0.0,0,,,,True,True,0.0,0.011127200006740168,True,0.0,0.0,False,False,False,False,False,False,1.0,False,False,False,0.0,0.0,0.0,0.0
0.42052019998664036,1786139943.1648726,0.008917099999962375,0.0029366999806370586,0.008917099999962375,HOLD,32,deadman released,0.008917099999962375,0.411603099986678,28,0.09966740229746474,0.0,0.0,0.0,0.0,0.0,1.0,0.09966740229746474,0.0,0.0,0.0,0.0,0.0,1.0,-0.016000000000000007,-0.22496149868535165,0.2802328425555495,-0.1305261922200515,0.0,0.0,0.9914448613738105,-0.016000000000000007,-0.22496149868535165,0.2802328425555495,-0.1305261922200515,0.0,0.0,0.9914448613738105,-0.016000000000000007,-0.22496149868535165,0.2802328425555495,-0.1305261922200515,0.0,0.0,0.9914448613738105,-0.016000000000000007,-0.22496149868535165,0.2802328425555495,-0.1305261922200515,0.0,0.0,0.9914448613738105,-0.016000000000000007,-0.22496149868535165,0.2802328425555495,-0.1305261922200515,0.0,0.0,0.9914448613738105,0.0,-0.5235987755982988,0.7853981633974483,0.0,0.5235987755982988,0.0,0.0,-0.5235987755982988,0.7853981633974483,0.0,0.5235987755982988,0.0,0.0,-0.5235987755982988,0.7853981633974483,0.0,0.5235987755982988,0.0,0.0,0.0,0.0,0.0,0.0,0.0,0.0,0.0,0.0,0.0,0.0,0.0,0.0,0.0,0.0,0.0,False,False,False,False,1,False,,0.0,0,,,,True,True,0.0,0.008917099999962375,True,0.0,0.0,False,False,False,False,False,False,1.0,False,False,False,0.0,0.0,0.0,0.0
0.4304565000056755,1786139943.1749418,0.009936300019035116,0.003070200007641688,0.009936300019035116,HOLD,32,deadman released,0.009936300019035116,0.42052019998664036,29,0.09966740229746474,0.0,0.0,0.0,0.0,0.0,1.0,0.09966740229746474,0.0,0.0,0.0,0.0,0.0,1.0,-0.016000000000000007,-0.22496149868535165,0.2802328425555495,-0.1305261922200515,0.0,0.0,0.9914448613738105,-0.016000000000000007,-0.22496149868535165,0.2802328425555495,-0.1305261922200515,0.0,0.0,0.9914448613738105,-0.016000000000000007,-0.22496149868535165,0.2802328425555495,-0.1305261922200515,0.0,0.0,0.9914448613738105,-0.016000000000000007,-0.22496149868535165,0.2802328425555495,-0.1305261922200515,0.0,0.0,0.9914448613738105,-0.016000000000000007,-0.22496149868535165,0.2802328425555495,-0.1305261922200515,0.0,0.0,0.9914448613738105,0.0,-0.5235987755982988,0.7853981633974483,0.0,0.5235987755982988,0.0,0.0,-0.5235987755982988,0.7853981633974483,0.0,0.5235987755982988,0.0,0.0,-0.5235987755982988,0.7853981633974483,0.0,0.5235987755982988,0.0,0.0,0.0,0.0,0.0,0.0,0.0,0.0,0.0,0.0,0.0,0.0,0.0,0.0,0.0,0.0,0.0,False,False,False,False,1,False,,0.0,0,,,,True,True,0.0,0.009936300019035116,True,0.0,0.0,False,False,False,False,False,False,1.0,False,False,False,0.0,0.0,0.0,0.0
0.440080999978818,1786139943.1846642,0.00962449997314252,0.00316620001103729,0.00962449997314252,HOLD,32,deadman released,0.00962449997314252,0.4304565000056755,30,0.09966740229746474,0.0,0.0,0.0,0.0,0.0,1.0,0.09966740229746474,0.0,0.0,0.0,0.0,0.0,1.0,-0.016000000000000007,-0.22496149868535165,0.2802328425555495,-0.1305261922200515,0.0,0.0,0.9914448613738105,-0.016000000000000007,-0.22496149868535165,0.2802328425555495,-0.1305261922200515,0.0,0.0,0.9914448613738105,-0.016000000000000007,-0.22496149868535165,0.2802328425555495,-0.1305261922200515,0.0,0.0,0.9914448613738105,-0.016000000000000007,-0.22496149868535165,0.2802328425555495,-0.1305261922200515,0.0,0.0,0.9914448613738105,-0.016000000000000007,-0.22496149868535165,0.2802328425555495,-0.1305261922200515,0.0,0.0,0.9914448613738105,0.0,-0.5235987755982988,0.7853981633974483,0.0,0.5235987755982988,0.0,0.0,-0.5235987755982988,0.7853981633974483,0.0,0.5235987755982988,0.0,0.0,-0.5235987755982988,0.7853981633974483,0.0,0.5235987755982988,0.0,0.0,0.0,0.0,0.0,0.0,0.0,0.0,0.0,0.0,0.0,0.0,0.0,0.0,0.0,0.0,0.0,False,False,False,False,1,False,,0.0,0,,,,True,True,0.0,0.00962449997314252,True,0.0,0.0,False,False,False,False,False,False,1.0,False,False,False,0.0,0.0,0.0,0.0
0.4503787999856286,1786139943.194603,0.010297800006810576,0.0028088999970350415,0.010297800006810576,HOLD,32,deadman released,0.010297800006810576,0.440080999978818,31,0.09966740229746474,0.0,0.0,0.0,0.0,0.0,1.0,0.09966740229746474,0.0,0.0,0.0,0.0,0.0,1.0,-0.016000000000000007,-0.22496149868535165,0.2802328425555495,-0.1305261922200515,0.0,0.0,0.9914448613738105,-0.016000000000000007,-0.22496149868535165,0.2802328425555495,-0.1305261922200515,0.0,0.0,0.9914448613738105,-0.016000000000000007,-0.22496149868535165,0.2802328425555495,-0.1305261922200515,0.0,0.0,0.9914448613738105,-0.016000000000000007,-0.22496149868535165,0.2802328425555495,-0.1305261922200515,0.0,0.0,0.9914448613738105,-0.016000000000000007,-0.22496149868535165,0.2802328425555495,-0.1305261922200515,0.0,0.0,0.9914448613738105,0.0,-0.5235987755982988,0.7853981633974483,0.0,0.5235987755982988,0.0,0.0,-0.5235987755982988,0.7853981633974483,0.0,0.5235987755982988,0.0,0.0,-0.5235987755982988,0.7853981633974483,0.0,0.5235987755982988,0.0,0.0,0.0,0.0,0.0,0.0,0.0,0.0,0.0,0.0,0.0,0.0,0.0,0.0,0.0,0.0,0.0,False,False,False,False,1,False,,0.0,0,,,,True,True,0.0,0.010297800006810576,True,0.0,0.0,False,False,False,False,False,False,1.0,False,False,False,0.0,0.0,0.0,0.0
0.46051919998717494,1786139943.204636,0.010140400001546368,0.0026978999958373606,0.010140400001546368,HOLD,32,deadman released,0.010140400001546368,0.4503787999856286,32,0.09966740229746474,0.0,0.0,0.0,0.0,0.0,1.0,0.09966740229746474,0.0,0.0,0.0,0.0,0.0,1.0,-0.016000000000000007,-0.22496149868535165,0.2802328425555495,-0.1305261922200515,0.0,0.0,0.9914448613738105,-0.016000000000000007,-0.22496149868535165,0.2802328425555495,-0.1305261922200515,0.0,0.0,0.9914448613738105,-0.016000000000000007,-0.22496149868535165,0.2802328425555495,-0.1305261922200515,0.0,0.0,0.9914448613738105,-0.016000000000000007,-0.22496149868535165,0.2802328425555495,-0.1305261922200515,0.0,0.0,0.9914448613738105,-0.016000000000000007,-0.22496149868535165,0.2802328425555495,-0.1305261922200515,0.0,0.0,0.9914448613738105,0.0,-0.5235987755982988,0.7853981633974483,0.0,0.5235987755982988,0.0,0.0,-0.5235987755982988,0.7853981633974483,0.0,0.5235987755982988,0.0,0.0,-0.5235987755982988,0.7853981633974483,0.0,0.5235987755982988,0.0,0.0,0.0,0.0,0.0,0.0,0.0,0.0,0.0,0.0,0.0,0.0,0.0,0.0,0.0,0.0,0.0,False,False,False,False,1,False,,0.0,0,,,,True,True,0.0,0.010140400001546368,True,0.0,0.0,False,False,False,False,False,False,1.0,False,False,False,0.0,0.0,0.0,0.0
0.47006679998594336,1786139943.2147539,0.009547599998768419,0.003272400004789233,0.009547599998768419,HOLD,32,deadman released,0.009547599998768419,0.46051919998717494,33,0.09966740229746474,0.0,0.0,0.0,0.0,0.0,1.0,0.09966740229746474,0.0,0.0,0.0,0.0,0.0,1.0,-0.016000000000000007,-0.22496149868535165,0.2802328425555495,-0.1305261922200515,0.0,0.0,0.9914448613738105,-0.016000000000000007,-0.22496149868535165,0.2802328425555495,-0.1305261922200515,0.0,0.0,0.9914448613738105,-0.016000000000000007,-0.22496149868535165,0.2802328425555495,-0.1305261922200515,0.0,0.0,0.9914448613738105,-0.016000000000000007,-0.22496149868535165,0.2802328425555495,-0.1305261922200515,0.0,0.0,0.9914448613738105,-0.016000000000000007,-0.22496149868535165,0.2802328425555495,-0.1305261922200515,0.0,0.0,0.9914448613738105,0.0,-0.5235987755982988,0.7853981633974483,0.0,0.5235987755982988,0.0,0.0,-0.5235987755982988,0.7853981633974483,0.0,0.5235987755982988,0.0,0.0,-0.5235987755982988,0.7853981633974483,0.0,0.5235987755982988,0.0,0.0,0.0,0.0,0.0,0.0,0.0,0.0,0.0,0.0,0.0,0.0,0.0,0.0,0.0,0.0,0.0,False,False,False,False,1,False,,0.0,0,,,,True,True,0.0,0.009547599998768419,True,0.0,0.0,False,False,False,False,False,False,1.0,False,False,False,0.0,0.0,0.0,0.0
0.4829341000004206,1786139943.227433,0.012867300014477223,0.0030827000155113637,0.012867300014477223,HOLD,32,deadman released,0.012867300014477223,0.47006679998594336,35,-0.0972210401695392,0.0,0.0,0.0,0.0,0.0,1.0,-0.0972210401695392,0.0,0.0,0.0,0.0,0.0,1.0,-0.016000000000000007,-0.22496149868535165,0.2802328425555495,-0.1305261922200515,0.0,0.0,0.9914448613738105,-0.016000000000000007,-0.22496149868535165,0.2802328425555495,-0.1305261922200515,0.0,0.0,0.9914448613738105,-0.016000000000000007,-0.22496149868535165,0.2802328425555495,-0.1305261922200515,0.0,0.0,0.9914448613738105,-0.016000000000000007,-0.22496149868535165,0.2802328425555495,-0.1305261922200515,0.0,0.0,0.9914448613738105,-0.016000000000000007,-0.22496149868535165,0.2802328425555495,-0.1305261922200515,0.0,0.0,0.9914448613738105,0.0,-0.5235987755982988,0.7853981633974483,0.0,0.5235987755982988,0.0,0.0,-0.5235987755982988,0.7853981633974483,0.0,0.5235987755982988,0.0,0.0,-0.5235987755982988,0.7853981633974483,0.0,0.5235987755982988,0.0,0.0,0.0,0.0,0.0,0.0,0.0,0.0,0.0,0.0,0.0,0.0,0.0,0.0,0.0,0.0,0.0,False,False,False,False,1,False,,0.0,0,,,,True,True,0.0,0.012867300014477223,True,0.0,0.0,False,False,False,False,False,False,1.0,False,False,False,0.0,0.0,0.0,0.0
0.490035099996021,1786139943.2341878,0.007100999995600432,0.002734500012593344,0.007100999995600432,HOLD,32,deadman released,0.007100999995600432,0.4829341000004206,36,-0.0972210401695392,0.0,0.0,0.0,0.0,0.0,1.0,-0.0972210401695392,0.0,0.0,0.0,0.0,0.0,1.0,-0.016000000000000007,-0.22496149868535165,0.2802328425555495,-0.1305261922200515,0.0,0.0,0.9914448613738105,-0.016000000000000007,-0.22496149868535165,0.2802328425555495,-0.1305261922200515,0.0,0.0,0.9914448613738105,-0.016000000000000007,-0.22496149868535165,0.2802328425555495,-0.1305261922200515,0.0,0.0,0.9914448613738105,-0.016000000000000007,-0.22496149868535165,0.2802328425555495,-0.1305261922200515,0.0,0.0,0.9914448613738105,-0.016000000000000007,-0.22496149868535165,0.2802328425555495,-0.1305261922200515,0.0,0.0,0.9914448613738105,0.0,-0.5235987755982988,0.7853981633974483,0.0,0.5235987755982988,0.0,0.0,-0.5235987755982988,0.7853981633974483,0.0,0.5235987755982988,0.0,0.0,-0.5235987755982988,0.7853981633974483,0.0,0.5235987755982988,0.0,0.0,0.0,0.0,0.0,0.0,0.0,0.0,0.0,0.0,0.0,0.0,0.0,0.0,0.0,0.0,0.0,False,False,False,False,1,False,,0.0,0,,,,True,True,0.0,0.007100999995600432,True,0.0,0.0,False,False,False,False,False,False,1.0,False,False,False,0.0,0.0,0.0,0.0
0.5004436000017449,1786139943.2447479,0.010408500005723909,0.002888999995775521,0.010408500005723909,HOLD,32,deadman released,0.010408500005723909,0.490035099996021,38,-0.09998615362561569,0.0,0.0,0.0,0.0,0.0,1.0,-0.09998615362561569,0.0,0.0,0.0,0.0,0.0,1.0,-0.016000000000000007,-0.22496149868535165,0.2802328425555495,-0.1305261922200515,0.0,0.0,0.9914448613738105,-0.016000000000000007,-0.22496149868535165,0.2802328425555495,-0.1305261922200515,0.0,0.0,0.9914448613738105,-0.016000000000000007,-0.22496149868535165,0.2802328425555495,-0.1305261922200515,0.0,0.0,0.9914448613738105,-0.016000000000000007,-0.22496149868535165,0.2802328425555495,-0.1305261922200515,0.0,0.0,0.9914448613738105,-0.016000000000000007,-0.22496149868535165,0.2802328425555495,-0.1305261922200515,0.0,0.0,0.9914448613738105,0.0,-0.5235987755982988,0.7853981633974483,0.0,0.5235987755982988,0.0,0.0,-0.5235987755982988,0.7853981633974483,0.0,0.5235987755982988,0.0,0.0,-0.5235987755982988,0.7853981633974483,0.0,0.5235987755982988,0.0,0.0,0.0,0.0,0.0,0.0,0.0,0.0,0.0,0.0,0.0,0.0,0.0,0.0,0.0,0.0,0.0,False,False,False,False,1,False,,0.0,0,,,,True,True,0.0,0.010408500005723909,True,0.0,0.0,False,False,False,False,False,False,1.0,False,False,False,0.0,0.0,0.0,0.0
0.5103967000031844,1786139943.2550826,0.009953100001439452,0.003270100016379729,0.009953100001439452,HOLD,32,deadman released,0.009953100001439452,0.5004436000017449,40,-0.09957235792597288,0.0,0.0,0.0,0.0,0.0,1.0,-0.09957235792597288,0.0,0.0,0.0,0.0,0.0,1.0,-0.016000000000000007,-0.22496149868535165,0.2802328425555495,-0.1305261922200515,0.0,0.0,0.9914448613738105,-0.016000000000000007,-0.22496149868535165,0.2802328425555495,-0.1305261922200515,0.0,0.0,0.9914448613738105,-0.016000000000000007,-0.22496149868535165,0.2802328425555495,-0.1305261922200515,0.0,0.0,0.9914448613738105,-0.016000000000000007,-0.22496149868535165,0.2802328425555495,-0.1305261922200515,0.0,0.0,0.9914448613738105,-0.016000000000000007,-0.22496149868535165,0.2802328425555495,-0.1305261922200515,0.0,0.0,0.9914448613738105,0.0,-0.5235987755982988,0.7853981633974483,0.0,0.5235987755982988,0.0,0.0,-0.5235987755982988,0.7853981633974483,0.0,0.5235987755982988,0.0,0.0,-0.5235987755982988,0.7853981633974483,0.0,0.5235987755982988,0.0,0.0,0.0,0.0,0.0,0.0,0.0,0.0,0.0,0.0,0.0,0.0,0.0,0.0,0.0,0.0,0.0,False,False,False,False,1,False,,0.0,0,,,,True,True,0.0,0.009953100001439452,True,0.0,0.0,False,False,False,False,False,False,1.0,False,False,False,0.0,0.0,0.0,0.0
0.52127759999712,1786139943.2655845,0.0108808999939356,0.0028904000064358115,0.0108808999939356,HOLD,32,deadman released,0.0108808999939356,0.5103967000031844,41,-0.09957235792597288,0.0,0.0,0.0,0.0,0.0,1.0,-0.09957235792597288,0.0,0.0,0.0,0.0,0.0,1.0,-0.016000000000000007,-0.22496149868535165,0.2802328425555495,-0.1305261922200515,0.0,0.0,0.9914448613738105,-0.016000000000000007,-0.22496149868535165,0.2802328425555495,-0.1305261922200515,0.0,0.0,0.9914448613738105,-0.016000000000000007,-0.22496149868535165,0.2802328425555495,-0.1305261922200515,0.0,0.0,0.9914448613738105,-0.016000000000000007,-0.22496149868535165,0.2802328425555495,-0.1305261922200515,0.0,0.0,0.9914448613738105,-0.016000000000000007,-0.22496149868535165,0.2802328425555495,-0.1305261922200515,0.0,0.0,0.9914448613738105,0.0,-0.5235987755982988,0.7853981633974483,0.0,0.5235987755982988,0.0,0.0,-0.5235987755982988,0.7853981633974483,0.0,0.5235987755982988,0.0,0.0,-0.5235987755982988,0.7853981633974483,0.0,0.5235987755982988,0.0,0.0,0.0,0.0,0.0,0.0,0.0,0.0,0.0,0.0,0.0,0.0,0.0,0.0,0.0,0.0,0.0,False,False,False,False,1,False,,0.0,0,,,,True,True,0.0,0.0108808999939356,True,0.0,0.0,False,False,False,False,False,False,1.0,False,False,False,0.0,0.0,0.0,0.0
0.5305094999785069,1786139943.274554,0.00923189998138696,0.0026144000003114343,0.00923189998138696,HOLD,32,deadman released,0.00923189998138696,0.52127759999712,42,-0.09957235792597288,0.0,0.0,0.0,0.0,0.0,1.0,-0.09957235792597288,0.0,0.0,0.0,0.0,0.0,1.0,-0.016000000000000007,-0.22496149868535165,0.2802328425555495,-0.1305261922200515,0.0,0.0,0.9914448613738105,-0.016000000000000007,-0.22496149868535165,0.2802328425555495,-0.1305261922200515,0.0,0.0,0.9914448613738105,-0.016000000000000007,-0.22496149868535165,0.2802328425555495,-0.1305261922200515,0.0,0.0,0.9914448613738105,-0.016000000000000007,-0.22496149868535165,0.2802328425555495,-0.1305261922200515,0.0,0.0,0.9914448613738105,-0.016000000000000007,-0.22496149868535165,0.2802328425555495,-0.1305261922200515,0.0,0.0,0.9914448613738105,0.0,-0.5235987755982988,0.7853981633974483,0.0,0.5235987755982988,0.0,0.0,-0.5235987755982988,0.7853981633974483,0.0,0.5235987755982988,0.0,0.0,-0.5235987755982988,0.7853981633974483,0.0,0.5235987755982988,0.0,0.0,0.0,0.0,0.0,0.0,0.0,0.0,0.0,0.0,0.0,0.0,0.0,0.0,0.0,0.0,0.0,False,False,False,False,1,False,,0.0,0,,,,True,True,0.0,0.00923189998138696,True,0.0,0.0,False,False,False,False,False,False,1.0,False,False,False,0.0,0.0,0.0,0.0
0.5408887999947183,1786139943.2858047,0.010379300016211346,0.003499999991618097,0.010379300016211346,HOLD,32,deadman released,0.010379300016211346,0.5305094999785069,44,-0.09417510104030911,0.0,0.0,0.0,0.0,0.0,1.0,-0.09417510104030911,0.0,0.0,0.0,0.0,0.0,1.0,-0.016000000000000007,-0.22496149868535165,0.2802328425555495,-0.1305261922200515,0.0,0.0,0.9914448613738105,-0.016000000000000007,-0.22496149868535165,0.2802328425555495,-0.1305261922200515,0.0,0.0,0.9914448613738105,-0.016000000000000007,-0.22496149868535165,0.2802328425555495,-0.1305261922200515,0.0,0.0,0.9914448613738105,-0.016000000000000007,-0.22496149868535165,0.2802328425555495,-0.1305261922200515,0.0,0.0,0.9914448613738105,-0.016000000000000007,-0.22496149868535165,0.2802328425555495,-0.1305261922200515,0.0,0.0,0.9914448613738105,0.0,-0.5235987755982988,0.7853981633974483,0.0,0.5235987755982988,0.0,0.0,-0.5235987755982988,0.7853981633974483,0.0,0.5235987755982988,0.0,0.0,-0.5235987755982988,0.7853981633974483,0.0,0.5235987755982988,0.0,0.0,0.0,0.0,0.0,0.0,0.0,0.0,0.0,0.0,0.0,0.0,0.0,0.0,0.0,0.0,0.0,False,False,False,False,1,False,,0.0,0,,,,True,True,0.0,0.010379300016211346,True,0.0,0.0,False,False,False,False,False,False,1.0,False,False,False,0.0,0.0,0.0,0.0
0.5503262999991421,1786139943.2948914,0.009437500004423782,0.003149600001052022,0.009437500004423782,HOLD,32,deadman released,0.009437500004423782,0.5408887999947183,46,-0.08928174199728799,0.0,0.0,0.0,0.0,0.0,1.0,-0.08928174199728799,0.0,0.0,0.0,0.0,0.0,1.0,-0.016000000000000007,-0.22496149868535165,0.2802328425555495,-0.1305261922200515,0.0,0.0,0.9914448613738105,-0.016000000000000007,-0.22496149868535165,0.2802328425555495,-0.1305261922200515,0.0,0.0,0.9914448613738105,-0.016000000000000007,-0.22496149868535165,0.2802328425555495,-0.1305261922200515,0.0,0.0,0.9914448613738105,-0.016000000000000007,-0.22496149868535165,0.2802328425555495,-0.1305261922200515,0.0,0.0,0.9914448613738105,-0.016000000000000007,-0.22496149868535165,0.2802328425555495,-0.1305261922200515,0.0,0.0,0.9914448613738105,0.0,-0.5235987755982988,0.7853981633974483,0.0,0.5235987755982988,0.0,0.0,-0.5235987755982988,0.7853981633974483,0.0,0.5235987755982988,0.0,0.0,-0.5235987755982988,0.7853981633974483,0.0,0.5235987755982988,0.0,0.0,0.0,0.0,0.0,0.0,0.0,0.0,0.0,0.0,0.0,0.0,0.0,0.0,0.0,0.0,0.0,False,False,False,False,1,False,,0.0,0,,,,True,True,0.0,0.009437500004423782,True,0.0,0.0,False,False,False,False,False,False,1.0,False,False,False,0.0,0.0,0.0,0.0
0.5607207999855746,1786139943.304685,0.010394499986432493,0.0025486999948043376,0.010394499986432493,HOLD,32,deadman released,0.010394499986432493,0.5503262999991421,47,-0.08928174199728799,0.0,0.0,0.0,0.0,0.0,1.0,-0.08928174199728799,0.0,0.0,0.0,0.0,0.0,1.0,-0.016000000000000007,-0.22496149868535165,0.2802328425555495,-0.1305261922200515,0.0,0.0,0.9914448613738105,-0.016000000000000007,-0.22496149868535165,0.2802328425555495,-0.1305261922200515,0.0,0.0,0.9914448613738105,-0.016000000000000007,-0.22496149868535165,0.2802328425555495,-0.1305261922200515,0.0,0.0,0.9914448613738105,-0.016000000000000007,-0.22496149868535165,0.2802328425555495,-0.1305261922200515,0.0,0.0,0.9914448613738105,-0.016000000000000007,-0.22496149868535165,0.2802328425555495,-0.1305261922200515,0.0,0.0,0.9914448613738105,0.0,-0.5235987755982988,0.7853981633974483,0.0,0.5235987755982988,0.0,0.0,-0.5235987755982988,0.7853981633974483,0.0,0.5235987755982988,0.0,0.0,-0.5235987755982988,0.7853981633974483,0.0,0.5235987755982988,0.0,0.0,0.0,0.0,0.0,0.0,0.0,0.0,0.0,0.0,0.0,0.0,0.0,0.0,0.0,0.0,0.0,False,False,False,False,1,False,,0.0,0,,,,True,True,0.0,0.010394499986432493,True,0.0,0.0,False,False,False,False,False,False,1.0,False,False,False,0.0,0.0,0.0,0.0
0.5703662000014447,1786139943.3149986,0.00964540001587011,0.0032152000057976693,0.00964540001587011,HOLD,32,deadman released,0.00964540001587011,0.5607207999855746,48,-0.08928174199728799,0.0,0.0,0.0,0.0,0.0,1.0,-0.08928174199728799,0.0,0.0,0.0,0.0,0.0,1.0,-0.016000000000000007,-0.22496149868535165,0.2802328425555495,-0.1305261922200515,0.0,0.0,0.9914448613738105,-0.016000000000000007,-0.22496149868535165,0.2802328425555495,-0.1305261922200515,0.0,0.0,0.9914448613738105,-0.016000000000000007,-0.22496149868535165,0.2802328425555495,-0.1305261922200515,0.0,0.0,0.9914448613738105,-0.016000000000000007,-0.22496149868535165,0.2802328425555495,-0.1305261922200515,0.0,0.0,0.9914448613738105,-0.016000000000000007,-0.22496149868535165,0.2802328425555495,-0.1305261922200515,0.0,0.0,0.9914448613738105,0.0,-0.5235987755982988,0.7853981633974483,0.0,0.5235987755982988,0.0,0.0,-0.5235987755982988,0.7853981633974483,0.0,0.5235987755982988,0.0,0.0,-0.5235987755982988,0.7853981633974483,0.0,0.5235987755982988,0.0,0.0,0.0,0.0,0.0,0.0,0.0,0.0,0.0,0.0,0.0,0.0,0.0,0.0,0.0,0.0,0.0,False,False,False,False,1,False,,0.0,0,,,,True,True,0.0,0.00964540001587011,True,0.0,0.0,False,False,False,False,False,False,1.0,False,False,False,0.0,0.0,0.0,0.0
0.5802186999935657,1786139943.3240316,0.009852499992121011,0.002397700009169057,0.009852499992121011,HOLD,32,deadman released,0.009852499992121011,0.5703662000014447,50,-0.07522609068906094,0.0,0.0,0.0,0.0,0.0,1.0,-0.07522609068906094,0.0,0.0,0.0,0.0,0.0,1.0,-0.016000000000000007,-0.22496149868535165,0.2802328425555495,-0.1305261922200515,0.0,0.0,0.9914448613738105,-0.016000000000000007,-0.22496149868535165,0.2802328425555495,-0.1305261922200515,0.0,0.0,0.9914448613738105,-0.016000000000000007,-0.22496149868535165,0.2802328425555495,-0.1305261922200515,0.0,0.0,0.9914448613738105,-0.016000000000000007,-0.22496149868535165,0.2802328425555495,-0.1305261922200515,0.0,0.0,0.9914448613738105,-0.016000000000000007,-0.22496149868535165,0.2802328425555495,-0.1305261922200515,0.0,0.0,0.9914448613738105,0.0,-0.5235987755982988,0.7853981633974483,0.0,0.5235987755982988,0.0,0.0,-0.5235987755982988,0.7853981633974483,0.0,0.5235987755982988,0.0,0.0,-0.5235987755982988,0.7853981633974483,0.0,0.5235987755982988,0.0,0.0,0.0,0.0,0.0,0.0,0.0,0.0,0.0,0.0,0.0,0.0,0.0,0.0,0.0,0.0,0.0,False,False,False,False,1,False,,0.0,0,,,,True,True,0.0,0.009852499992121011,True,0.0,0.0,False,False,False,False,False,False,1.0,False,False,False,0.0,0.0,0.0,0.0
0.5904528999817558,1786139943.335401,0.010234199988190085,0.0035308999940752983,0.010234199988190085,HOLD,32,deadman released,0.010234199988190085,0.5802186999935657,52,-0.06782219538535748,0.0,0.0,0.0,0.0,0.0,1.0,-0.06782219538535748,0.0,0.0,0.0,0.0,0.0,1.0,-0.016000000000000007,-0.22496149868535165,0.2802328425555495,-0.1305261922200515,0.0,0.0,0.9914448613738105,-0.016000000000000007,-0.22496149868535165,0.2802328425555495,-0.1305261922200515,0.0,0.0,0.9914448613738105,-0.016000000000000007,-0.22496149868535165,0.2802328425555495,-0.1305261922200515,0.0,0.0,0.9914448613738105,-0.016000000000000007,-0.22496149868535165,0.2802328425555495,-0.1305261922200515,0.0,0.0,0.9914448613738105,-0.016000000000000007,-0.22496149868535165,0.2802328425555495,-0.1305261922200515,0.0,0.0,0.9914448613738105,0.0,-0.5235987755982988,0.7853981633974483,0.0,0.5235987755982988,0.0,0.0,-0.5235987755982988,0.7853981633974483,0.0,0.5235987755982988,0.0,0.0,-0.5235987755982988,0.7853981633974483,0.0,0.5235987755982988,0.0,0.0,0.0,0.0,0.0,0.0,0.0,0.0,0.0,0.0,0.0,0.0,0.0,0.0,0.0,0.0,0.0,False,False,False,False,1,False,,0.0,0,,,,True,True,0.0,0.010234199988190085,True,0.0,0.0,False,False,False,False,False,False,1.0,False,False,False,0.0,0.0,0.0,0.0
0.6002785000018775,1786139943.3444831,0.009825600020121783,0.002789000020129606,0.009825600020121783,HOLD,32,deadman released,0.009825600020121783,0.5904528999817558,53,-0.06782219538535748,0.0,0.0,0.0,0.0,0.0,1.0,-0.06782219538535748,0.0,0.0,0.0,0.0,0.0,1.0,-0.016000000000000007,-0.22496149868535165,0.2802328425555495,-0.1305261922200515,0.0,0.0,0.9914448613738105,-0.016000000000000007,-0.22496149868535165,0.2802328425555495,-0.1305261922200515,0.0,0.0,0.9914448613738105,-0.016000000000000007,-0.22496149868535165,0.2802328425555495,-0.1305261922200515,0.0,0.0,0.9914448613738105,-0.016000000000000007,-0.22496149868535165,0.2802328425555495,-0.1305261922200515,0.0,0.0,0.9914448613738105,-0.016000000000000007,-0.22496149868535165,0.2802328425555495,-0.1305261922200515,0.0,0.0,0.9914448613738105,0.0,-0.5235987755982988,0.7853981633974483,0.0,0.5235987755982988,0.0,0.0,-0.5235987755982988,0.7853981633974483,0.0,0.5235987755982988,0.0,0.0,-0.5235987755982988,0.7853981633974483,0.0,0.5235987755982988,0.0,0.0,0.0,0.0,0.0,0.0,0.0,0.0,0.0,0.0,0.0,0.0,0.0,0.0,0.0,0.0,0.0,False,False,False,False,1,False,,0.0,0,,,,True,True,0.0,0.009825600020121783,True,0.0,0.0,False,False,False,False,False,False,1.0,False,False,False,0.0,0.0,0.0,0.0
0.6109300999960396,1786139943.3549685,0.010651599994162098,0.002623299980768934,0.010651599994162098,HOLD,32,deadman released,0.010651599994162098,0.6002785000018775,55,-0.05148422299295892,0.0,0.0,0.0,0.0,0.0,1.0,-0.05148422299295892,0.0,0.0,0.0,0.0,0.0,1.0,-0.016000000000000007,-0.22496149868535165,0.2802328425555495,-0.1305261922200515,0.0,0.0,0.9914448613738105,-0.016000000000000007,-0.22496149868535165,0.2802328425555495,-0.1305261922200515,0.0,0.0,0.9914448613738105,-0.016000000000000007,-0.22496149868535165,0.2802328425555495,-0.1305261922200515,0.0,0.0,0.9914448613738105,-0.016000000000000007,-0.22496149868535165,0.2802328425555495,-0.1305261922200515,0.0,0.0,0.9914448613738105,-0.016000000000000007,-0.22496149868535165,0.2802328425555495,-0.1305261922200515,0.0,0.0,0.9914448613738105,0.0,-0.5235987755982988,0.7853981633974483,0.0,0.5235987755982988,0.0,0.0,-0.5235987755982988,0.7853981633974483,0.0,0.5235987755982988,0.0,0.0,-0.5235987755982988,0.7853981633974483,0.0,0.5235987755982988,0.0,0.0,0.0,0.0,0.0,0.0,0.0,0.0,0.0,0.0,0.0,0.0,0.0,0.0,0.0,0.0,0.0,False,False,False,False,1,False,,0.0,0,,,,True,True,0.0,0.010651599994162098,True,0.0,0.0,False,False,False,False,False,False,1.0,False,False,False,0.0,0.0,0.0,0.0
0.6203572999802418,1786139943.364769,0.009427199984202161,0.0029892000020481646,0.009427199984202161,HOLD,32,deadman released,0.009427199984202161,0.6109300999960396,56,-0.05148422299295892,0.0,0.0,0.0,0.0,0.0,1.0,-0.05148422299295892,0.0,0.0,0.0,0.0,0.0,1.0,-0.016000000000000007,-0.22496149868535165,0.2802328425555495,-0.1305261922200515,0.0,0.0,0.9914448613738105,-0.016000000000000007,-0.22496149868535165,0.2802328425555495,-0.1305261922200515,0.0,0.0,0.9914448613738105,-0.016000000000000007,-0.22496149868535165,0.2802328425555495,-0.1305261922200515,0.0,0.0,0.9914448613738105,-0.016000000000000007,-0.22496149868535165,0.2802328425555495,-0.1305261922200515,0.0,0.0,0.9914448613738105,-0.016000000000000007,-0.22496149868535165,0.2802328425555495,-0.1305261922200515,0.0,0.0,0.9914448613738105,0.0,-0.5235987755982988,0.7853981633974483,0.0,0.5235987755982988,0.0,0.0,-0.5235987755982988,0.7853981633974483,0.0,0.5235987755982988,0.0,0.0,-0.5235987755982988,0.7853981633974483,0.0,0.5235987755982988,0.0,0.0,0.0,0.0,0.0,0.0,0.0,0.0,0.0,0.0,0.0,0.0,0.0,0.0,0.0,0.0,0.0,False,False,False,False,1,False,,0.0,0,,,,True,True,0.0,0.009427199984202161,True,0.0,0.0,False,False,False,False,False,False,1.0,False,False,False,0.0,0.0,0.0,0.0
0.6315605999843683,1786139943.3755095,0.011203300004126504,0.002533399994717911,0.011203300004126504,HOLD,32,deadman released,0.011203300004126504,0.6203572999802418,58,-0.038762370544464644,0.0,0.0,0.0,0.0,0.0,1.0,-0.038762370544464644,0.0,0.0,0.0,0.0,0.0,1.0,-0.016000000000000007,-0.22496149868535165,0.2802328425555495,-0.1305261922200515,0.0,0.0,0.9914448613738105,-0.016000000000000007,-0.22496149868535165,0.2802328425555495,-0.1305261922200515,0.0,0.0,0.9914448613738105,-0.016000000000000007,-0.22496149868535165,0.2802328425555495,-0.1305261922200515,0.0,0.0,0.9914448613738105,-0.016000000000000007,-0.22496149868535165,0.2802328425555495,-0.1305261922200515,0.0,0.0,0.9914448613738105,-0.016000000000000007,-0.22496149868535165,0.2802328425555495,-0.1305261922200515,0.0,0.0,0.9914448613738105,0.0,-0.5235987755982988,0.7853981633974483,0.0,0.5235987755982988,0.0,0.0,-0.5235987755982988,0.7853981633974483,0.0,0.5235987755982988,0.0,0.0,-0.5235987755982988,0.7853981633974483,0.0,0.5235987755982988,0.0,0.0,0.0,0.0,0.0,0.0,0.0,0.0,0.0,0.0,0.0,0.0,0.0,0.0,0.0,0.0,0.0,False,False,False,False,1,False,,0.0,0,,,,True,True,0.0,0.011203300004126504,True,0.0,0.0,False,False,False,False,False,False,1.0,False,False,False,0.0,0.0,0.0,0.0
0.6401316999981645,1786139943.3842885,0.00857110001379624,0.0027342999819666147,0.00857110001379624,HOLD,32,deadman released,0.00857110001379624,0.6315605999843683,59,-0.038762370544464644,0.0,0.0,0.0,0.0,0.0,1.0,-0.038762370544464644,0.0,0.0,0.0,0.0,0.0,1.0,-0.016000000000000007,-0.22496149868535165,0.2802328425555495,-0.1305261922200515,0.0,0.0,0.9914448613738105,-0.016000000000000007,-0.22496149868535165,0.2802328425555495,-0.1305261922200515,0.0,0.0,0.9914448613738105,-0.016000000000000007,-0.22496149868535165,0.2802328425555495,-0.1305261922200515,0.0,0.0,0.9914448613738105,-0.016000000000000007,-0.22496149868535165,0.2802328425555495,-0.1305261922200515,0.0,0.0,0.9914448613738105,-0.016000000000000007,-0.22496149868535165,0.2802328425555495,-0.1305261922200515,0.0,0.0,0.9914448613738105,0.0,-0.5235987755982988,0.7853981633974483,0.0,0.5235987755982988,0.0,0.0,-0.5235987755982988,0.7853981633974483,0.0,0.5235987755982988,0.0,0.0,-0.5235987755982988,0.7853981633974483,0.0,0.5235987755982988,0.0,0.0,0.0,0.0,0.0,0.0,0.0,0.0,0.0,0.0,0.0,0.0,0.0,0.0,0.0,0.0,0.0,False,False,False,False,1,False,,0.0,0,,,,True,True,0.0,0.00857110001379624,True,0.0,0.0,False,False,False,False,False,False,1.0,False,False,False,0.0,0.0,0.0,0.0
0.6502886999805924,1786139943.3950272,0.010156999982427806,0.0033233999856747687,0.010156999982427806,HOLD,32,deadman released,0.010156999982427806,0.6401316999981645,61,-0.01939109953966326,0.0,0.0,0.0,0.0,0.0,1.0,-0.01939109953966326,0.0,0.0,0.0,0.0,0.0,1.0,-0.016000000000000007,-0.22496149868535165,0.2802328425555495,-0.1305261922200515,0.0,0.0,0.9914448613738105,-0.016000000000000007,-0.22496149868535165,0.2802328425555495,-0.1305261922200515,0.0,0.0,0.9914448613738105,-0.016000000000000007,-0.22496149868535165,0.2802328425555495,-0.1305261922200515,0.0,0.0,0.9914448613738105,-0.016000000000000007,-0.22496149868535165,0.2802328425555495,-0.1305261922200515,0.0,0.0,0.9914448613738105,-0.016000000000000007,-0.22496149868535165,0.2802328425555495,-0.1305261922200515,0.0,0.0,0.9914448613738105,0.0,-0.5235987755982988,0.7853981633974483,0.0,0.5235987755982988,0.0,0.0,-0.5235987755982988,0.7853981633974483,0.0,0.5235987755982988,0.0,0.0,-0.5235987755982988,0.7853981633974483,0.0,0.5235987755982988,0.0,0.0,0.0,0.0,0.0,0.0,0.0,0.0,0.0,0.0,0.0,0.0,0.0,0.0,0.0,0.0,0.0,False,False,False,False,1,False,,0.0,0,,,,True,True,0.0,0.010156999982427806,True,0.0,0.0,False,False,False,False,False,False,1.0,False,False,False,0.0,0.0,0.0,0.0
0.6601838999777101,1786139943.404211,0.009895199997117743,0.002606900001410395,0.009895199997117743,HOLD,32,deadman released,0.009895199997117743,0.6502886999805924,63,-0.010611478697187678,0.0,0.0,0.0,0.0,0.0,1.0,-0.010611478697187678,0.0,0.0,0.0,0.0,0.0,1.0,-0.016000000000000007,-0.22496149868535165,0.2802328425555495,-0.1305261922200515,0.0,0.0,0.9914448613738105,-0.016000000000000007,-0.22496149868535165,0.2802328425555495,-0.1305261922200515,0.0,0.0,0.9914448613738105,-0.016000000000000007,-0.22496149868535165,0.2802328425555495,-0.1305261922200515,0.0,0.0,0.9914448613738105,-0.016000000000000007,-0.22496149868535165,0.2802328425555495,-0.1305261922200515,0.0,0.0,0.9914448613738105,-0.016000000000000007,-0.22496149868535165,0.2802328425555495,-0.1305261922200515,0.0,0.0,0.9914448613738105,0.0,-0.5235987755982988,0.7853981633974483,0.0,0.5235987755982988,0.0,0.0,-0.5235987755982988,0.7853981633974483,0.0,0.5235987755982988,0.0,0.0,-0.5235987755982988,0.7853981633974483,0.0,0.5235987755982988,0.0,0.0,0.0,0.0,0.0,0.0,0.0,0.0,0.0,0.0,0.0,0.0,0.0,0.0,0.0,0.0,0.0,False,False,False,False,1,False,,0.0,0,,,,True,True,0.0,0.009895199997117743,True,0.0,0.0,False,False,False,False,False,False,1.0,False,False,False,0.0,0.0,0.0,0.0
0.6702399000059813,1786139943.4149623,0.010056000028271228,0.003301899996586144,0.010056000028271228,HOLD,32,deadman released,0.010056000028271228,0.6601838999777101,64,-0.010611478697187678,0.0,0.0,0.0,0.0,0.0,1.0,-0.010611478697187678,0.0,0.0,0.0,0.0,0.0,1.0,-0.016000000000000007,-0.22496149868535165,0.2802328425555495,-0.1305261922200515,0.0,0.0,0.9914448613738105,-0.016000000000000007,-0.22496149868535165,0.2802328425555495,-0.1305261922200515,0.0,0.0,0.9914448613738105,-0.016000000000000007,-0.22496149868535165,0.2802328425555495,-0.1305261922200515,0.0,0.0,0.9914448613738105,-0.016000000000000007,-0.22496149868535165,0.2802328425555495,-0.1305261922200515,0.0,0.0,0.9914448613738105,-0.016000000000000007,-0.22496149868535165,0.2802328425555495,-0.1305261922200515,0.0,0.0,0.9914448613738105,0.0,-0.5235987755982988,0.7853981633974483,0.0,0.5235987755982988,0.0,0.0,-0.5235987755982988,0.7853981633974483,0.0,0.5235987755982988,0.0,0.0,-0.5235987755982988,0.7853981633974483,0.0,0.5235987755982988,0.0,0.0,0.0,0.0,0.0,0.0,0.0,0.0,0.0,0.0,0.0,0.0,0.0,0.0,0.0,0.0,0.0,False,False,False,False,1,False,,0.0,0,,,,True,True,0.0,0.010056000028271228,True,0.0,0.0,False,False,False,False,False,False,1.0,False,False,False,0.0,0.0,0.0,0.0
0.6804406000010204,1786139943.4249184,0.010200699995039031,0.0030621000041719526,0.010200699995039031,HOLD,32,deadman released,0.010200699995039031,0.6702399000059813,66,0.010470019865035115,0.0,0.0,0.0,0.0,0.0,1.0,0.010470019865035115,0.0,0.0,0.0,0.0,0.0,1.0,-0.016000000000000007,-0.22496149868535165,0.2802328425555495,-0.1305261922200515,0.0,0.0,0.9914448613738105,-0.016000000000000007,-0.22496149868535165,0.2802328425555495,-0.1305261922200515,0.0,0.0,0.9914448613738105,-0.016000000000000007,-0.22496149868535165,0.2802328425555495,-0.1305261922200515,0.0,0.0,0.9914448613738105,-0.016000000000000007,-0.22496149868535165,0.2802328425555495,-0.1305261922200515,0.0,0.0,0.9914448613738105,-0.016000000000000007,-0.22496149868535165,0.2802328425555495,-0.1305261922200515,0.0,0.0,0.9914448613738105,0.0,-0.5235987755982988,0.7853981633974483,0.0,0.5235987755982988,0.0,0.0,-0.5235987755982988,0.7853981633974483,0.0,0.5235987755982988,0.0,0.0,-0.5235987755982988,0.7853981633974483,0.0,0.5235987755982988,0.0,0.0,0.0,0.0,0.0,0.0,0.0,0.0,0.0,0.0,0.0,0.0,0.0,0.0,0.0,0.0,0.0,False,False,False,False,1,False,,0.0,0,,,,True,True,0.0,0.010200699995039031,True,0.0,0.0,False,False,False,False,False,False,1.0,False,False,False,0.0,0.0,0.0,0.0
0.6901750999968499,1786139943.4345512,0.009734499995829538,0.0029603999864775687,0.009734499995829538,HOLD,32,deadman released,0.009734499995829538,0.6804406000010204,68,0.020809340036742386,0.0,0.0,0.0,0.0,0.0,1.0,0.020809340036742386,0.0,0.0,0.0,0.0,0.0,1.0,-0.016000000000000007,-0.22496149868535165,0.2802328425555495,-0.1305261922200515,0.0,0.0,0.9914448613738105,-0.016000000000000007,-0.22496149868535165,0.2802328425555495,-0.1305261922200515,0.0,0.0,0.9914448613738105,-0.016000000000000007,-0.22496149868535165,0.2802328425555495,-0.1305261922200515,0.0,0.0,0.9914448613738105,-0.016000000000000007,-0.22496149868535165,0.2802328425555495,-0.1305261922200515,0.0,0.0,0.9914448613738105,-0.016000000000000007,-0.22496149868535165,0.2802328425555495,-0.1305261922200515,0.0,0.0,0.9914448613738105,0.0,-0.5235987755982988,0.7853981633974483,0.0,0.5235987755982988,0.0,0.0,-0.5235987755982988,0.7853981633974483,0.0,0.5235987755982988,0.0,0.0,-0.5235987755982988,0.7853981633974483,0.0,0.5235987755982988,0.0,0.0,0.0,0.0,0.0,0.0,0.0,0.0,0.0,0.0,0.0,0.0,0.0,0.0,0.0,0.0,0.0,False,False,False,False,1,False,,0.0,0,,,,True,True,0.0,0.009734499995829538,True,0.0,0.0,False,False,False,False,False,False,1.0,False,False,False,0.0,0.0,0.0,0.0
0.7004605999973137,1786139943.444808,0.010285500000463799,0.0029307000222615898,0.010285500000463799,HOLD,32,deadman released,0.010285500000463799,0.6901750999968499,69,0.020809340036742386,0.0,0.0,0.0,0.0,0.0,1.0,0.020809340036742386,0.0,0.0,0.0,0.0,0.0,1.0,-0.016000000000000007,-0.22496149868535165,0.2802328425555495,-0.1305261922200515,0.0,0.0,0.9914448613738105,-0.016000000000000007,-0.22496149868535165,0.2802328425555495,-0.1305261922200515,0.0,0.0,0.9914448613738105,-0.016000000000000007,-0.22496149868535165,0.2802328425555495,-0.1305261922200515,0.0,0.0,0.9914448613738105,-0.016000000000000007,-0.22496149868535165,0.2802328425555495,-0.1305261922200515,0.0,0.0,0.9914448613738105,-0.016000000000000007,-0.22496149868535165,0.2802328425555495,-0.1305261922200515,0.0,0.0,0.9914448613738105,0.0,-0.5235987755982988,0.7853981633974483,0.0,0.5235987755982988,0.0,0.0,-0.5235987755982988,0.7853981633974483,0.0,0.5235987755982988,0.0,0.0,-0.5235987755982988,0.7853981633974483,0.0,0.5235987755982988,0.0,0.0,0.0,0.0,0.0,0.0,0.0,0.0,0.0,0.0,0.0,0.0,0.0,0.0,0.0,0.0,0.0,False,False,False,False,1,False,,0.0,0,,,,True,True,0.0,0.010285500000463799,True,0.0,0.0,False,False,False,False,False,False,1.0,False,False,False,0.0,0.0,0.0,0.0
0.7102422000025399,1786139943.454394,0.00978160000522621,0.0027333999751135707,0.00978160000522621,HOLD,32,deadman released,0.00978160000522621,0.7004605999973137,70,0.020809340036742386,0.0,0.0,0.0,0.0,0.0,1.0,0.020809340036742386,0.0,0.0,0.0,0.0,0.0,1.0,-0.016000000000000007,-0.22496149868535165,0.2802328425555495,-0.1305261922200515,0.0,0.0,0.9914448613738105,-0.016000000000000007,-0.22496149868535165,0.2802328425555495,-0.1305261922200515,0.0,0.0,0.9914448613738105,-0.016000000000000007,-0.22496149868535165,0.2802328425555495,-0.1305261922200515,0.0,0.0,0.9914448613738105,-0.016000000000000007,-0.22496149868535165,0.2802328425555495,-0.1305261922200515,0.0,0.0,0.9914448613738105,-0.016000000000000007,-0.22496149868535165,0.2802328425555495,-0.1305261922200515,0.0,0.0,0.9914448613738105,0.0,-0.5235987755982988,0.7853981633974483,0.0,0.5235987755982988,0.0,0.0,-0.5235987755982988,0.7853981633974483,0.0,0.5235987755982988,0.0,0.0,-0.5235987755982988,0.7853981633974483,0.0,0.5235987755982988,0.0,0.0,0.0,0.0,0.0,0.0,0.0,0.0,0.0,0.0,0.0,0.0,0.0,0.0,0.0,0.0,0.0,False,False,False,False,1,False,,0.0,0,,,,True,True,0.0,0.00978160000522621,True,0.0,0.0,False,False,False,False,False,False,1.0,False,False,False,0.0,0.0,0.0,0.0
0.720269899989944,1786139943.4649115,0.010027699987404048,0.0032229000062216073,0.010027699987404048,HOLD,32,deadman released,0.010027699987404048,0.7102422000025399,72,0.04436889713261199,0.0,0.0,0.0,0.0,0.0,1.0,0.04436889713261199,0.0,0.0,0.0,0.0,0.0,1.0,-0.016000000000000007,-0.22496149868535165,0.2802328425555495,-0.1305261922200515,0.0,0.0,0.9914448613738105,-0.016000000000000007,-0.22496149868535165,0.2802328425555495,-0.1305261922200515,0.0,0.0,0.9914448613738105,-0.016000000000000007,-0.22496149868535165,0.2802328425555495,-0.1305261922200515,0.0,0.0,0.9914448613738105,-0.016000000000000007,-0.22496149868535165,0.2802328425555495,-0.1305261922200515,0.0,0.0,0.9914448613738105,-0.016000000000000007,-0.22496149868535165,0.2802328425555495,-0.1305261922200515,0.0,0.0,0.9914448613738105,0.0,-0.5235987755982988,0.7853981633974483,0.0,0.5235987755982988,0.0,0.0,-0.5235987755982988,0.7853981633974483,0.0,0.5235987755982988,0.0,0.0,-0.5235987755982988,0.7853981633974483,0.0,0.5235987755982988,0.0,0.0,0.0,0.0,0.0,0.0,0.0,0.0,0.0,0.0,0.0,0.0,0.0,0.0,0.0,0.0,0.0,False,False,False,False,1,False,,0.0,0,,,,True,True,0.0,0.010027699987404048,True,0.0,0.0,False,False,False,False,False,False,1.0,False,False,False,0.0,0.0,0.0,0.0
0.7304187999980059,1786139943.4743738,0.0101489000080619,0.002538799977628514,0.0101489000080619,HOLD,32,deadman released,0.0101489000080619,0.720269899989944,74,0.051664340710222856,0.0,0.0,0.0,0.0,0.0,1.0,0.051664340710222856,0.0,0.0,0.0,0.0,0.0,1.0,-0.016000000000000007,-0.22496149868535165,0.2802328425555495,-0.1305261922200515,0.0,0.0,0.9914448613738105,-0.016000000000000007,-0.22496149868535165,0.2802328425555495,-0.1305261922200515,0.0,0.0,0.9914448613738105,-0.016000000000000007,-0.22496149868535165,0.2802328425555495,-0.1305261922200515,0.0,0.0,0.9914448613738105,-0.016000000000000007,-0.22496149868535165,0.2802328425555495,-0.1305261922200515,0.0,0.0,0.9914448613738105,-0.016000000000000007,-0.22496149868535165,0.2802328425555495,-0.1305261922200515,0.0,0.0,0.9914448613738105,0.0,-0.5235987755982988,0.7853981633974483,0.0,0.5235987755982988,0.0,0.0,-0.5235987755982988,0.7853981633974483,0.0,0.5235987755982988,0.0,0.0,-0.5235987755982988,0.7853981633974483,0.0,0.5235987755982988,0.0,0.0,0.0,0.0,0.0,0.0,0.0,0.0,0.0,0.0,0.0,0.0,0.0,0.0,0.0,0.0,0.0,False,False,False,False,1,False,,0.0,0,,,,True,True,0.0,0.0101489000080619,True,0.0,0.0,False,False,False,False,False,False,1.0,False,False,False,0.0,0.0,0.0,0.0
0.7404506999882869,1786139943.484354,0.01003189999028109,0.0024853000068105757,0.01003189999028109,HOLD,32,deadman released,0.01003189999028109,0.7304187999980059,75,0.051664340710222856,0.0,0.0,0.0,0.0,0.0,1.0,0.051664340710222856,0.0,0.0,0.0,0.0,0.0,1.0,-0.016000000000000007,-0.22496149868535165,0.2802328425555495,-0.1305261922200515,0.0,0.0,0.9914448613738105,-0.016000000000000007,-0.22496149868535165,0.2802328425555495,-0.1305261922200515,0.0,0.0,0.9914448613738105,-0.016000000000000007,-0.22496149868535165,0.2802328425555495,-0.1305261922200515,0.0,0.0,0.9914448613738105,-0.016000000000000007,-0.22496149868535165,0.2802328425555495,-0.1305261922200515,0.0,0.0,0.9914448613738105,-0.016000000000000007,-0.22496149868535165,0.2802328425555495,-0.1305261922200515,0.0,0.0,0.9914448613738105,0.0,-0.5235987755982988,0.7853981633974483,0.0,0.5235987755982988,0.0,0.0,-0.5235987755982988,0.7853981633974483,0.0,0.5235987755982988,0.0,0.0,-0.5235987755982988,0.7853981633974483,0.0,0.5235987755982988,0.0,0.0,0.0,0.0,0.0,0.0,0.0,0.0,0.0,0.0,0.0,0.0,0.0,0.0,0.0,0.0,0.0,False,False,False,False,1,False,,0.0,0,,,,True,True,0.0,0.01003189999028109,True,0.0,0.0,False,False,False,False,False,False,1.0,False,False,False,0.0,0.0,0.0,0.0
0.7504853999998886,1786139943.4950588,0.010034700011601672,0.0031564999953843653,0.010034700011601672,HOLD,32,deadman released,0.010034700011601672,0.7404506999882869,76,0.051664340710222856,0.0,0.0,0.0,0.0,0.0,1.0,0.051664340710222856,0.0,0.0,0.0,0.0,0.0,1.0,-0.016000000000000007,-0.22496149868535165,0.2802328425555495,-0.1305261922200515,0.0,0.0,0.9914448613738105,-0.016000000000000007,-0.22496149868535165,0.2802328425555495,-0.1305261922200515,0.0,0.0,0.9914448613738105,-0.016000000000000007,-0.22496149868535165,0.2802328425555495,-0.1305261922200515,0.0,0.0,0.9914448613738105,-0.016000000000000007,-0.22496149868535165,0.2802328425555495,-0.1305261922200515,0.0,0.0,0.9914448613738105,-0.016000000000000007,-0.22496149868535165,0.2802328425555495,-0.1305261922200515,0.0,0.0,0.9914448613738105,0.0,-0.5235987755982988,0.7853981633974483,0.0,0.5235987755982988,0.0,0.0,-0.5235987755982988,0.7853981633974483,0.0,0.5235987755982988,0.0,0.0,-0.5235987755982988,0.7853981633974483,0.0,0.5235987755982988,0.0,0.0,0.0,0.0,0.0,0.0,0.0,0.0,0.0,0.0,0.0,0.0,0.0,0.0,0.0,0.0,0.0,False,False,False,False,1,False,,0.0,0,,,,True,True,0.0,0.010034700011601672,True,0.0,0.0,False,False,False,False,False,False,1.0,False,False,False,0.0,0.0,0.0,0.0
0.7609768999973312,1786139943.5049806,0.010491499997442588,0.0025889999815262854,0.010491499997442588,HOLD,32,deadman released,0.010491499997442588,0.7504853999998886,78,0.07609147871151284,0.0,0.0,0.0,0.0,0.0,1.0,0.07609147871151284,0.0,0.0,0.0,0.0,0.0,1.0,-0.016000000000000007,-0.22496149868535165,0.2802328425555495,-0.1305261922200515,0.0,0.0,0.9914448613738105,-0.016000000000000007,-0.22496149868535165,0.2802328425555495,-0.1305261922200515,0.0,0.0,0.9914448613738105,-0.016000000000000007,-0.22496149868535165,0.2802328425555495,-0.1305261922200515,0.0,0.0,0.9914448613738105,-0.016000000000000007,-0.22496149868535165,0.2802328425555495,-0.1305261922200515,0.0,0.0,0.9914448613738105,-0.016000000000000007,-0.22496149868535165,0.2802328425555495,-0.1305261922200515,0.0,0.0,0.9914448613738105,0.0,-0.5235987755982988,0.7853981633974483,0.0,0.5235987755982988,0.0,0.0,-0.5235987755982988,0.7853981633974483,0.0,0.5235987755982988,0.0,0.0,-0.5235987755982988,0.7853981633974483,0.0,0.5235987755982988,0.0,0.0,0.0,0.0,0.0,0.0,0.0,0.0,0.0,0.0,0.0,0.0,0.0,0.0,0.0,0.0,0.0,False,False,False,False,1,False,,0.0,0,,,,True,True,0.0,0.010491499997442588,True,0.0,0.0,False,False,False,False,False,False,1.0,False,False,False,0.0,0.0,0.0,0.0
0.7711623999930453,1786139943.5165057,0.010185499995714054,0.0039276999887079,0.010185499995714054,HOLD,32,deadman released,0.010185499995714054,0.7609768999973312,80,0.08182725360737014,0.0,0.0,0.0,0.0,0.0,1.0,0.08182725360737014,0.0,0.0,0.0,0.0,0.0,1.0,-0.016000000000000007,-0.22496149868535165,0.2802328425555495,-0.1305261922200515,0.0,0.0,0.9914448613738105,-0.016000000000000007,-0.22496149868535165,0.2802328425555495,-0.1305261922200515,0.0,0.0,0.9914448613738105,-0.016000000000000007,-0.22496149868535165,0.2802328425555495,-0.1305261922200515,0.0,0.0,0.9914448613738105,-0.016000000000000007,-0.22496149868535165,0.2802328425555495,-0.1305261922200515,0.0,0.0,0.9914448613738105,-0.016000000000000007,-0.22496149868535165,0.2802328425555495,-0.1305261922200515,0.0,0.0,0.9914448613738105,0.0,-0.5235987755982988,0.7853981633974483,0.0,0.5235987755982988,0.0,0.0,-0.5235987755982988,0.7853981633974483,0.0,0.5235987755982988,0.0,0.0,-0.5235987755982988,0.7853981633974483,0.0,0.5235987755982988,0.0,0.0,0.0,0.0,0.0,0.0,0.0,0.0,0.0,0.0,0.0,0.0,0.0,0.0,0.0,0.0,0.0,False,False,False,False,1,False,,0.0,0,,,,True,True,0.0,0.010185499995714054,True,0.0,0.0,False,False,False,False,False,False,1.0,False,False,False,0.0,0.0,0.0,0.0
0.7801450999977533,1786139943.5249262,0.008982700004708022,0.0033607000077608973,0.008982700004708022,HOLD,32,deadman released,0.008982700004708022,0.7711623999930453,81,0.08182725360737014,0.0,0.0,0.0,0.0,0.0,1.0,0.08182725360737014,0.0,0.0,0.0,0.0,0.0,1.0,-0.016000000000000007,-0.22496149868535165,0.2802328425555495,-0.1305261922200515,0.0,0.0,0.9914448613738105,-0.016000000000000007,-0.22496149868535165,0.2802328425555495,-0.1305261922200515,0.0,0.0,0.9914448613738105,-0.016000000000000007,-0.22496149868535165,0.2802328425555495,-0.1305261922200515,0.0,0.0,0.9914448613738105,-0.016000000000000007,-0.22496149868535165,0.2802328425555495,-0.1305261922200515,0.0,0.0,0.9914448613738105,-0.016000000000000007,-0.22496149868535165,0.2802328425555495,-0.1305261922200515,0.0,0.0,0.9914448613738105,0.0,-0.5235987755982988,0.7853981633974483,0.0,0.5235987755982988,0.0,0.0,-0.5235987755982988,0.7853981633974483,0.0,0.5235987755982988,0.0,0.0,-0.5235987755982988,0.7853981633974483,0.0,0.5235987755982988,0.0,0.0,0.0,0.0,0.0,0.0,0.0,0.0,0.0,0.0,0.0,0.0,0.0,0.0,0.0,0.0,0.0,False,False,False,False,1,False,,0.0,0,,,,True,True,0.0,0.008982700004708022,True,0.0,0.0,False,False,False,False,False,False,1.0,False,False,False,0.0,0.0,0.0,0.0
0.7901172999991104,1786139943.534547,0.009972200001357123,0.0030086000042501837,0.009972200001357123,HOLD,32,deadman released,0.009972200001357123,0.7801450999977533,82,0.08182725360737014,0.0,0.0,0.0,0.0,0.0,1.0,0.08182725360737014,0.0,0.0,0.0,0.0,0.0,1.0,-0.016000000000000007,-0.22496149868535165,0.2802328425555495,-0.1305261922200515,0.0,0.0,0.9914448613738105,-0.016000000000000007,-0.22496149868535165,0.2802328425555495,-0.1305261922200515,0.0,0.0,0.9914448613738105,-0.016000000000000007,-0.22496149868535165,0.2802328425555495,-0.1305261922200515,0.0,0.0,0.9914448613738105,-0.016000000000000007,-0.22496149868535165,0.2802328425555495,-0.1305261922200515,0.0,0.0,0.9914448613738105,-0.016000000000000007,-0.22496149868535165,0.2802328425555495,-0.1305261922200515,0.0,0.0,0.9914448613738105,0.0,-0.5235987755982988,0.7853981633974483,0.0,0.5235987755982988,0.0,0.0,-0.5235987755982988,0.7853981633974483,0.0,0.5235987755982988,0.0,0.0,-0.5235987755982988,0.7853981633974483,0.0,0.5235987755982988,0.0,0.0,0.0,0.0,0.0,0.0,0.0,0.0,0.0,0.0,0.0,0.0,0.0,0.0,0.0,0.0,0.0,False,False,False,False,1,False,,0.0,0,,,,True,True,0.0,0.009972200001357123,True,0.0,0.0,False,False,False,False,False,False,1.0,False,False,False,0.0,0.0,0.0,0.0
0.8001665000047069,1786139943.544802,0.010049200005596504,0.0032190000056289136,0.010049200005596504,HOLD,32,deadman released,0.010049200005596504,0.7901172999991104,84,0.0938816659185687,0.0,0.0,0.0,0.0,0.0,1.0,0.0938816659185687,0.0,0.0,0.0,0.0,0.0,1.0,-0.016000000000000007,-0.22496149868535165,0.2802328425555495,-0.1305261922200515,0.0,0.0,0.9914448613738105,-0.016000000000000007,-0.22496149868535165,0.2802328425555495,-0.1305261922200515,0.0,0.0,0.9914448613738105,-0.016000000000000007,-0.22496149868535165,0.2802328425555495,-0.1305261922200515,0.0,0.0,0.9914448613738105,-0.016000000000000007,-0.22496149868535165,0.2802328425555495,-0.1305261922200515,0.0,0.0,0.9914448613738105,-0.016000000000000007,-0.22496149868535165,0.2802328425555495,-0.1305261922200515,0.0,0.0,0.9914448613738105,0.0,-0.5235987755982988,0.7853981633974483,0.0,0.5235987755982988,0.0,0.0,-0.5235987755982988,0.7853981633974483,0.0,0.5235987755982988,0.0,0.0,-0.5235987755982988,0.7853981633974483,0.0,0.5235987755982988,0.0,0.0,0.0,0.0,0.0,0.0,0.0,0.0,0.0,0.0,0.0,0.0,0.0,0.0,0.0,0.0,0.0,False,False,False,False,1,False,,0.0,0,,,,True,True,0.0,0.010049200005596504,True,0.0,0.0,False,False,False,False,False,False,1.0,False,False,False,0.0,0.0,0.0,0.0
0.8101681999978609,1786139943.5542107,0.010001699993154034,0.002624499989906326,0.010001699993154034,HOLD,32,deadman released,0.010001699993154034,0.8001665000047069,86,0.0962469135115036,0.0,0.0,0.0,0.0,0.0,1.0,0.0962469135115036,0.0,0.0,0.0,0.0,0.0,1.0,-0.016000000000000007,-0.22496149868535165,0.2802328425555495,-0.1305261922200515,0.0,0.0,0.9914448613738105,-0.016000000000000007,-0.22496149868535165,0.2802328425555495,-0.1305261922200515,0.0,0.0,0.9914448613738105,-0.016000000000000007,-0.22496149868535165,0.2802328425555495,-0.1305261922200515,0.0,0.0,0.9914448613738105,-0.016000000000000007,-0.22496149868535165,0.2802328425555495,-0.1305261922200515,0.0,0.0,0.9914448613738105,-0.016000000000000007,-0.22496149868535165,0.2802328425555495,-0.1305261922200515,0.0,0.0,0.9914448613738105,0.0,-0.5235987755982988,0.7853981633974483,0.0,0.5235987755982988,0.0,0.0,-0.5235987755982988,0.7853981633974483,0.0,0.5235987755982988,0.0,0.0,-0.5235987755982988,0.7853981633974483,0.0,0.5235987755982988,0.0,0.0,0.0,0.0,0.0,0.0,0.0,0.0,0.0,0.0,0.0,0.0,0.0,0.0,0.0,0.0,0.0,False,False,False,False,1,False,,0.0,0,,,,True,True,0.0,0.010001699993154034,True,0.0,0.0,False,False,False,False,False,False,1.0,False,False,False,0.0,0.0,0.0,0.0
0.8204796999925748,1786139943.565115,0.010311499994713813,0.0032214999955613166,0.010311499994713813,HOLD,32,deadman released,0.010311499994713813,0.8101681999978609,87,0.0962469135115036,0.0,0.0,0.0,0.0,0.0,1.0,0.0962469135115036,0.0,0.0,0.0,0.0,0.0,1.0,-0.016000000000000007,-0.22496149868535165,0.2802328425555495,-0.1305261922200515,0.0,0.0,0.9914448613738105,-0.016000000000000007,-0.22496149868535165,0.2802328425555495,-0.1305261922200515,0.0,0.0,0.9914448613738105,-0.016000000000000007,-0.22496149868535165,0.2802328425555495,-0.1305261922200515,0.0,0.0,0.9914448613738105,-0.016000000000000007,-0.22496149868535165,0.2802328425555495,-0.1305261922200515,0.0,0.0,0.9914448613738105,-0.016000000000000007,-0.22496149868535165,0.2802328425555495,-0.1305261922200515,0.0,0.0,0.9914448613738105,0.0,-0.5235987755982988,0.7853981633974483,0.0,0.5235987755982988,0.0,0.0,-0.5235987755982988,0.7853981633974483,0.0,0.5235987755982988,0.0,0.0,-0.5235987755982988,0.7853981633974483,0.0,0.5235987755982988,0.0,0.0,0.0,0.0,0.0,0.0,0.0,0.0,0.0,0.0,0.0,0.0,0.0,0.0,0.0,0.0,0.0,False,False,False,False,1,False,,0.0,0,,,,True,True,0.0,0.010311499994713813,True,0.0,0.0,False,False,False,False,False,False,1.0,False,False,False,0.0,0.0,0.0,0.0
0.830532799998764,1786139943.5745506,0.010053100006189197,0.002590699994470924,0.010053100006189197,HOLD,32,deadman released,0.010053100006189197,0.8204796999925748,88,0.0962469135115036,0.0,0.0,0.0,0.0,0.0,1.0,0.0962469135115036,0.0,0.0,0.0,0.0,0.0,1.0,-0.016000000000000007,-0.22496149868535165,0.2802328425555495,-0.1305261922200515,0.0,0.0,0.9914448613738105,-0.016000000000000007,-0.22496149868535165,0.2802328425555495,-0.1305261922200515,0.0,0.0,0.9914448613738105,-0.016000000000000007,-0.22496149868535165,0.2802328425555495,-0.1305261922200515,0.0,0.0,0.9914448613738105,-0.016000000000000007,-0.22496149868535165,0.2802328425555495,-0.1305261922200515,0.0,0.0,0.9914448613738105,-0.016000000000000007,-0.22496149868535165,0.2802328425555495,-0.1305261922200515,0.0,0.0,0.9914448613738105,0.0,-0.5235987755982988,0.7853981633974483,0.0,0.5235987755982988,0.0,0.0,-0.5235987755982988,0.7853981633974483,0.0,0.5235987755982988,0.0,0.0,-0.5235987755982988,0.7853981633974483,0.0,0.5235987755982988,0.0,0.0,0.0,0.0,0.0,0.0,0.0,0.0,0.0,0.0,0.0,0.0,0.0,0.0,0.0,0.0,0.0,False,False,False,False,1,False,,0.0,0,,,,True,True,0.0,0.010053100006189197,True,0.0,0.0,False,False,False,False,False,False,1.0,False,False,False,0.0,0.0,0.0,0.0
0.840394800005015,1786139943.5848145,0.009862000006251037,0.003003799996804446,0.009862000006251037,HOLD,32,deadman released,0.009862000006251037,0.830532799998764,90,0.09991481707722145,0.0,0.0,0.0,0.0,0.0,1.0,0.09991481707722145,0.0,0.0,0.0,0.0,0.0,1.0,-0.016000000000000007,-0.22496149868535165,0.2802328425555495,-0.1305261922200515,0.0,0.0,0.9914448613738105,-0.016000000000000007,-0.22496149868535165,0.2802328425555495,-0.1305261922200515,0.0,0.0,0.9914448613738105,-0.016000000000000007,-0.22496149868535165,0.2802328425555495,-0.1305261922200515,0.0,0.0,0.9914448613738105,-0.016000000000000007,-0.22496149868535165,0.2802328425555495,-0.1305261922200515,0.0,0.0,0.9914448613738105,-0.016000000000000007,-0.22496149868535165,0.2802328425555495,-0.1305261922200515,0.0,0.0,0.9914448613738105,0.0,-0.5235987755982988,0.7853981633974483,0.0,0.5235987755982988,0.0,0.0,-0.5235987755982988,0.7853981633974483,0.0,0.5235987755982988,0.0,0.0,-0.5235987755982988,0.7853981633974483,0.0,0.5235987755982988,0.0,0.0,0.0,0.0,0.0,0.0,0.0,0.0,0.0,0.0,0.0,0.0,0.0,0.0,0.0,0.0,0.0,False,False,False,False,1,False,,0.0,0,,,,True,True,0.0,0.009862000006251037,True,0.0,0.0,False,False,False,False,False,False,1.0,False,False,False,0.0,0.0,0.0,0.0
0.8507656999863684,1786139943.5951867,0.010370899981353432,0.0030058000120334327,0.010370899981353432,HOLD,32,deadman released,0.010370899981353432,0.840394800005015,92,0.09877019010040505,0.0,0.0,0.0,0.0,0.0,1.0,0.09877019010040505,0.0,0.0,0.0,0.0,0.0,1.0,-0.016000000000000007,-0.22496149868535165,0.2802328425555495,-0.1305261922200515,0.0,0.0,0.9914448613738105,-0.016000000000000007,-0.22496149868535165,0.2802328425555495,-0.1305261922200515,0.0,0.0,0.9914448613738105,-0.016000000000000007,-0.22496149868535165,0.2802328425555495,-0.1305261922200515,0.0,0.0,0.9914448613738105,-0.016000000000000007,-0.22496149868535165,0.2802328425555495,-0.1305261922200515,0.0,0.0,0.9914448613738105,-0.016000000000000007,-0.22496149868535165,0.2802328425555495,-0.1305261922200515,0.0,0.0,0.9914448613738105,0.0,-0.5235987755982988,0.7853981633974483,0.0,0.5235987755982988,0.0,0.0,-0.5235987755982988,0.7853981633974483,0.0,0.5235987755982988,0.0,0.0,-0.5235987755982988,0.7853981633974483,0.0,0.5235987755982988,0.0,0.0,0.0,0.0,0.0,0.0,0.0,0.0,0.0,0.0,0.0,0.0,0.0,0.0,0.0,0.0,0.0,False,False,False,False,1,False,,0.0,0,,,,True,True,0.0,0.010370899981353432,True,0.0,0.0,False,False,False,False,False,False,1.0,False,False,False,0.0,0.0,0.0,0.0
0.8612502999894787,1786139943.6054406,0.010484600003110245,0.0027740999939851463,0.010484600003110245,HOLD,32,deadman released,0.010484600003110245,0.8507656999863684,93,0.09877019010040505,0.0,0.0,0.0,0.0,0.0,1.0,0.09877019010040505,0.0,0.0,0.0,0.0,0.0,1.0,-0.016000000000000007,-0.22496149868535165,0.2802328425555495,-0.1305261922200515,0.0,0.0,0.9914448613738105,-0.016000000000000007,-0.22496149868535165,0.2802328425555495,-0.1305261922200515,0.0,0.0,0.9914448613738105,-0.016000000000000007,-0.22496149868535165,0.2802328425555495,-0.1305261922200515,0.0,0.0,0.9914448613738105,-0.016000000000000007,-0.22496149868535165,0.2802328425555495,-0.1305261922200515,0.0,0.0,0.9914448613738105,-0.016000000000000007,-0.22496149868535165,0.2802328425555495,-0.1305261922200515,0.0,0.0,0.9914448613738105,0.0,-0.5235987755982988,0.7853981633974483,0.0,0.5235987755982988,0.0,0.0,-0.5235987755982988,0.7853981633974483,0.0,0.5235987755982988,0.0,0.0,-0.5235987755982988,0.7853981633974483,0.0,0.5235987755982988,0.0,0.0,0.0,0.0,0.0,0.0,0.0,0.0,0.0,0.0,0.0,0.0,0.0,0.0,0.0,0.0,0.0,False,False,False,False,1,False,,0.0,0,,,,True,True,0.0,0.010484600003110245,True,0.0,0.0,False,False,False,False,False,False,1.0,False,False,False,0.0,0.0,0.0,0.0
0.8704437999986112,1786139943.6149387,0.00919350000913255,0.0030752000166103244,0.00919350000913255,HOLD,32,deadman released,0.00919350000913255,0.8612502999894787,94,0.09877019010040505,0.0,0.0,0.0,0.0,0.0,1.0,0.09877019010040505,0.0,0.0,0.0,0.0,0.0,1.0,-0.016000000000000007,-0.22496149868535165,0.2802328425555495,-0.1305261922200515,0.0,0.0,0.9914448613738105,-0.016000000000000007,-0.22496149868535165,0.2802328425555495,-0.1305261922200515,0.0,0.0,0.9914448613738105,-0.016000000000000007,-0.22496149868535165,0.2802328425555495,-0.1305261922200515,0.0,0.0,0.9914448613738105,-0.016000000000000007,-0.22496149868535165,0.2802328425555495,-0.1305261922200515,0.0,0.0,0.9914448613738105,-0.016000000000000007,-0.22496149868535165,0.2802328425555495,-0.1305261922200515,0.0,0.0,0.9914448613738105,0.0,-0.5235987755982988,0.7853981633974483,0.0,0.5235987755982988,0.0,0.0,-0.5235987755982988,0.7853981633974483,0.0,0.5235987755982988,0.0,0.0,-0.5235987755982988,0.7853981633974483,0.0,0.5235987755982988,0.0,0.0,0.0,0.0,0.0,0.0,0.0,0.0,0.0,0.0,0.0,0.0,0.0,0.0,0.0,0.0,0.0,False,False,False,False,1,False,,0.0,0,,,,True,True,0.0,0.00919350000913255,True,0.0,0.0,False,False,False,False,False,False,1.0,False,False,False,0.0,0.0,0.0,0.0
0.8805332999909297,1786139943.6247702,0.010089499992318451,0.0028196000203024596,0.010089499992318451,HOLD,32,deadman released,0.010089499992318451,0.8704437999986112,96,0.09204077010441708,0.0,0.0,0.0,0.0,0.0,1.0,0.09204077010441708,0.0,0.0,0.0,0.0,0.0,1.0,-0.016000000000000007,-0.22496149868535165,0.2802328425555495,-0.1305261922200515,0.0,0.0,0.9914448613738105,-0.016000000000000007,-0.22496149868535165,0.2802328425555495,-0.1305261922200515,0.0,0.0,0.9914448613738105,-0.016000000000000007,-0.22496149868535165,0.2802328425555495,-0.1305261922200515,0.0,0.0,0.9914448613738105,-0.016000000000000007,-0.22496149868535165,0.2802328425555495,-0.1305261922200515,0.0,0.0,0.9914448613738105,-0.016000000000000007,-0.22496149868535165,0.2802328425555495,-0.1305261922200515,0.0,0.0,0.9914448613738105,0.0,-0.5235987755982988,0.7853981633974483,0.0,0.5235987755982988,0.0,0.0,-0.5235987755982988,0.7853981633974483,0.0,0.5235987755982988,0.0,0.0,-0.5235987755982988,0.7853981633974483,0.0,0.5235987755982988,0.0,0.0,0.0,0.0,0.0,0.0,0.0,0.0,0.0,0.0,0.0,0.0,0.0,0.0,0.0,0.0,0.0,False,False,False,False,1,False,,0.0,0,,,,True,True,0.0,0.010089499992318451,True,0.0,0.0,False,False,False,False,False,False,1.0,False,False,False,0.0,0.0,0.0,0.0
0.8905079999822192,1786139943.6349506,0.009974699991289526,0.0030212999845389277,0.009974699991289526,HOLD,32,deadman released,0.009974699991289526,0.8805332999909297,98,0.08876434545297274,0.0,0.0,0.0,0.0,0.0,1.0,0.08876434545297274,0.0,0.0,0.0,0.0,0.0,1.0,-0.016000000000000007,-0.22496149868535165,0.2802328425555495,-0.1305261922200515,0.0,0.0,0.9914448613738105,-0.016000000000000007,-0.22496149868535165,0.2802328425555495,-0.1305261922200515,0.0,0.0,0.9914448613738105,-0.016000000000000007,-0.22496149868535165,0.2802328425555495,-0.1305261922200515,0.0,0.0,0.9914448613738105,-0.016000000000000007,-0.22496149868535165,0.2802328425555495,-0.1305261922200515,0.0,0.0,0.9914448613738105,-0.016000000000000007,-0.22496149868535165,0.2802328425555495,-0.1305261922200515,0.0,0.0,0.9914448613738105,0.0,-0.5235987755982988,0.7853981633974483,0.0,0.5235987755982988,0.0,0.0,-0.5235987755982988,0.7853981633974483,0.0,0.5235987755982988,0.0,0.0,-0.5235987755982988,0.7853981633974483,0.0,0.5235987755982988,0.0,0.0,0.0,0.0,0.0,0.0,0.0,0.0,0.0,0.0,0.0,0.0,0.0,0.0,0.0,0.0,0.0,False,False,False,False,1,False,,0.0,0,,,,True,True,0.0,0.009974699991289526,True,0.0,0.0,False,False,False,False,False,False,1.0,False,False,False,0.0,0.0,0.0,0.0
0.9001026999903843,1786139943.6447263,0.009594700008165091,0.0032065999985206872,0.009594700008165091,HOLD,32,deadman released,0.009594700008165091,0.8905079999822192,99,0.08876434545297274,0.0,0.0,0.0,0.0,0.0,1.0,0.08876434545297274,0.0,0.0,0.0,0.0,0.0,1.0,-0.016000000000000007,-0.22496149868535165,0.2802328425555495,-0.1305261922200515,0.0,0.0,0.9914448613738105,-0.016000000000000007,-0.22496149868535165,0.2802328425555495,-0.1305261922200515,0.0,0.0,0.9914448613738105,-0.016000000000000007,-0.22496149868535165,0.2802328425555495,-0.1305261922200515,0.0,0.0,0.9914448613738105,-0.016000000000000007,-0.22496149868535165,0.2802328425555495,-0.1305261922200515,0.0,0.0,0.9914448613738105,-0.016000000000000007,-0.22496149868535165,0.2802328425555495,-0.1305261922200515,0.0,0.0,0.9914448613738105,0.0,-0.5235987755982988,0.7853981633974483,0.0,0.5235987755982988,0.0,0.0,-0.5235987755982988,0.7853981633974483,0.0,0.5235987755982988,0.0,0.0,-0.5235987755982988,0.7853981633974483,0.0,0.5235987755982988,0.0,0.0,0.0,0.0,0.0,0.0,0.0,0.0,0.0,0.0,0.0,0.0,0.0,0.0,0.0,0.0,0.0,False,False,False,False,1,False,,0.0,0,,,,True,True,0.0,0.009594700008165091,True,0.0,0.0,False,False,False,False,False,False,1.0,False,False,False,0.0,0.0,0.0,0.0
0.910117799998261,1786139943.654397,0.010015100007876754,0.002863500005332753,0.010015100007876754,HOLD,32,deadman released,0.010015100007876754,0.9001026999903843,100,0.08876434545297274,0.0,0.0,0.0,0.0,0.0,1.0,0.08876434545297274,0.0,0.0,0.0,0.0,0.0,1.0,-0.016000000000000007,-0.22496149868535165,0.2802328425555495,-0.1305261922200515,0.0,0.0,0.9914448613738105,-0.016000000000000007,-0.22496149868535165,0.2802328425555495,-0.1305261922200515,0.0,0.0,0.9914448613738105,-0.016000000000000007,-0.22496149868535165,0.2802328425555495,-0.1305261922200515,0.0,0.0,0.9914448613738105,-0.016000000000000007,-0.22496149868535165,0.2802328425555495,-0.1305261922200515,0.0,0.0,0.9914448613738105,-0.016000000000000007,-0.22496149868535165,0.2802328425555495,-0.1305261922200515,0.0,0.0,0.9914448613738105,0.0,-0.5235987755982988,0.7853981633974483,0.0,0.5235987755982988,0.0,0.0,-0.5235987755982988,0.7853981633974483,0.0,0.5235987755982988,0.0,0.0,-0.5235987755982988,0.7853981633974483,0.0,0.5235987755982988,0.0,0.0,0.0,0.0,0.0,0.0,0.0,0.0,0.0,0.0,0.0,0.0,0.0,0.0,0.0,0.0,0.0,False,False,False,False,1,False,,0.0,0,,,,True,True,0.0,0.010015100007876754,True,0.0,0.0,False,False,False,False,False,False,1.0,False,False,False,0.0,0.0,0.0,0.0
0.9206414999789558,1786139943.6654556,0.0105236999806948,0.0033984000037889928,0.0105236999806948,HOLD,32,deadman released,0.0105236999806948,0.910117799998261,102,0.06882653163754818,0.0,0.0,0.0,0.0,0.0,1.0,0.06882653163754818,0.0,0.0,0.0,0.0,0.0,1.0,-0.016000000000000007,-0.22496149868535165,0.2802328425555495,-0.1305261922200515,0.0,0.0,0.9914448613738105,-0.016000000000000007,-0.22496149868535165,0.2802328425555495,-0.1305261922200515,0.0,0.0,0.9914448613738105,-0.016000000000000007,-0.22496149868535165,0.2802328425555495,-0.1305261922200515,0.0,0.0,0.9914448613738105,-0.016000000000000007,-0.22496149868535165,0.2802328425555495,-0.1305261922200515,0.0,0.0,0.9914448613738105,-0.016000000000000007,-0.22496149868535165,0.2802328425555495,-0.1305261922200515,0.0,0.0,0.9914448613738105,0.0,-0.5235987755982988,0.7853981633974483,0.0,0.5235987755982988,0.0,0.0,-0.5235987755982988,0.7853981633974483,0.0,0.5235987755982988,0.0,0.0,-0.5235987755982988,0.7853981633974483,0.0,0.5235987755982988,0.0,0.0,0.0,0.0,0.0,0.0,0.0,0.0,0.0,0.0,0.0,0.0,0.0,0.0,0.0,0.0,0.0,False,False,False,False,1,False,,0.0,0,,,,True,True,0.0,0.0105236999806948,True,0.0,0.0,False,False,False,False,False,False,1.0,False,False,False,0.0,0.0,0.0,0.0
0.9304462999862153,1786139943.6749778,0.009804800007259473,0.0031113000004552305,0.009804800007259473,HOLD,32,deadman released,0.009804800007259473,0.9206414999789558,103,0.06882653163754818,0.0,0.0,0.0,0.0,0.0,1.0,0.06882653163754818,0.0,0.0,0.0,0.0,0.0,1.0,-0.016000000000000007,-0.22496149868535165,0.2802328425555495,-0.1305261922200515,0.0,0.0,0.9914448613738105,-0.016000000000000007,-0.22496149868535165,0.2802328425555495,-0.1305261922200515,0.0,0.0,0.9914448613738105,-0.016000000000000007,-0.22496149868535165,0.2802328425555495,-0.1305261922200515,0.0,0.0,0.9914448613738105,-0.016000000000000007,-0.22496149868535165,0.2802328425555495,-0.1305261922200515,0.0,0.0,0.9914448613738105,-0.016000000000000007,-0.22496149868535165,0.2802328425555495,-0.1305261922200515,0.0,0.0,0.9914448613738105,0.0,-0.5235987755982988,0.7853981633974483,0.0,0.5235987755982988,0.0,0.0,-0.5235987755982988,0.7853981633974483,0.0,0.5235987755982988,0.0,0.0,-0.5235987755982988,0.7853981633974483,0.0,0.5235987755982988,0.0,0.0,0.0,0.0,0.0,0.0,0.0,0.0,0.0,0.0,0.0,0.0,0.0,0.0,0.0,0.0,0.0,False,False,False,False,1,False,,0.0,0,,,,True,True,0.0,0.009804800007259473,True,0.0,0.0,False,False,False,False,False,False,1.0,False,False,False,0.0,0.0,0.0,0.0
0.9419623999856412,1786139943.686578,0.011516099999425933,0.003198599995812401,0.011516099999425933,HOLD,32,deadman released,0.011516099999425933,0.9304462999862153,105,0.05803711275609605,0.0,0.0,0.0,0.0,0.0,1.0,0.05803711275609605,0.0,0.0,0.0,0.0,0.0,1.0,-0.016000000000000007,-0.22496149868535165,0.2802328425555495,-0.1305261922200515,0.0,0.0,0.9914448613738105,-0.016000000000000007,-0.22496149868535165,0.2802328425555495,-0.1305261922200515,0.0,0.0,0.9914448613738105,-0.016000000000000007,-0.22496149868535165,0.2802328425555495,-0.1305261922200515,0.0,0.0,0.9914448613738105,-0.016000000000000007,-0.22496149868535165,0.2802328425555495,-0.1305261922200515,0.0,0.0,0.9914448613738105,-0.016000000000000007,-0.22496149868535165,0.2802328425555495,-0.1305261922200515,0.0,0.0,0.9914448613738105,0.0,-0.5235987755982988,0.7853981633974483,0.0,0.5235987755982988,0.0,0.0,-0.5235987755982988,0.7853981633974483,0.0,0.5235987755982988,0.0,0.0,-0.5235987755982988,0.7853981633974483,0.0,0.5235987755982988,0.0,0.0,0.0,0.0,0.0,0.0,0.0,0.0,0.0,0.0,0.0,0.0,0.0,0.0,0.0,0.0,0.0,False,False,False,False,1,False,,0.0,0,,,,True,True,0.0,0.011516099999425933,True,0.0,0.0,False,False,False,False,False,False,1.0,False,False,False,0.0,0.0,0.0,0.0
0.9505069000006188,1786139943.6948886,0.00854450001497753,0.002953699993668124,0.00854450001497753,HOLD,32,deadman released,0.00854450001497753,0.9419623999856412,106,0.05803711275609605,0.0,0.0,0.0,0.0,0.0,1.0,0.05803711275609605,0.0,0.0,0.0,0.0,0.0,1.0,-0.016000000000000007,-0.22496149868535165,0.2802328425555495,-0.1305261922200515,0.0,0.0,0.9914448613738105,-0.016000000000000007,-0.22496149868535165,0.2802328425555495,-0.1305261922200515,0.0,0.0,0.9914448613738105,-0.016000000000000007,-0.22496149868535165,0.2802328425555495,-0.1305261922200515,0.0,0.0,0.9914448613738105,-0.016000000000000007,-0.22496149868535165,0.2802328425555495,-0.1305261922200515,0.0,0.0,0.9914448613738105,-0.016000000000000007,-0.22496149868535165,0.2802328425555495,-0.1305261922200515,0.0,0.0,0.9914448613738105,0.0,-0.5235987755982988,0.7853981633974483,0.0,0.5235987755982988,0.0,0.0,-0.5235987755982988,0.7853981633974483,0.0,0.5235987755982988,0.0,0.0,-0.5235987755982988,0.7853981633974483,0.0,0.5235987755982988,0.0,0.0,0.0,0.0,0.0,0.0,0.0,0.0,0.0,0.0,0.0,0.0,0.0,0.0,0.0,0.0,0.0,False,False,False,False,1,False,,0.0,0,,,,True,True,0.0,0.00854450001497753,True,0.0,0.0,False,False,False,False,False,False,1.0,False,False,False,0.0,0.0,0.0,0.0
0.9605402000015602,1786139943.704888,0.01003330000094138,0.0029312999977264553,0.01003330000094138,HOLD,32,deadman released,0.01003330000094138,0.9505069000006188,108,0.039415618707911604,0.0,0.0,0.0,0.0,0.0,1.0,0.039415618707911604,0.0,0.0,0.0,0.0,0.0,1.0,-0.016000000000000007,-0.22496149868535165,0.2802328425555495,-0.1305261922200515,0.0,0.0,0.9914448613738105,-0.016000000000000007,-0.22496149868535165,0.2802328425555495,-0.1305261922200515,0.0,0.0,0.9914448613738105,-0.016000000000000007,-0.22496149868535165,0.2802328425555495,-0.1305261922200515,0.0,0.0,0.9914448613738105,-0.016000000000000007,-0.22496149868535165,0.2802328425555495,-0.1305261922200515,0.0,0.0,0.9914448613738105,-0.016000000000000007,-0.22496149868535165,0.2802328425555495,-0.1305261922200515,0.0,0.0,0.9914448613738105,0.0,-0.5235987755982988,0.7853981633974483,0.0,0.5235987755982988,0.0,0.0,-0.5235987755982988,0.7853981633974483,0.0,0.5235987755982988,0.0,0.0,-0.5235987755982988,0.7853981633974483,0.0,0.5235987755982988,0.0,0.0,0.0,0.0,0.0,0.0,0.0,0.0,0.0,0.0,0.0,0.0,0.0,0.0,0.0,0.0,0.0,False,False,False,False,1,False,,0.0,0,,,,True,True,0.0,0.01003330000094138,True,0.0,0.0,False,False,False,False,False,False,1.0,False,False,False,0.0,0.0,0.0,0.0
0.9705947999900673,1786139943.7153957,0.010054599988507107,0.003384699986781925,0.010054599988507107,HOLD,32,deadman released,0.010054599988507107,0.9605402000015602,110,0.029331088082608044,0.0,0.0,0.0,0.0,0.0,1.0,0.029331088082608044,0.0,0.0,0.0,0.0,0.0,1.0,-0.016000000000000007,-0.22496149868535165,0.2802328425555495,-0.1305261922200515,0.0,0.0,0.9914448613738105,-0.016000000000000007,-0.22496149868535165,0.2802328425555495,-0.1305261922200515,0.0,0.0,0.9914448613738105,-0.016000000000000007,-0.22496149868535165,0.2802328425555495,-0.1305261922200515,0.0,0.0,0.9914448613738105,-0.016000000000000007,-0.22496149868535165,0.2802328425555495,-0.1305261922200515,0.0,0.0,0.9914448613738105,-0.016000000000000007,-0.22496149868535165,0.2802328425555495,-0.1305261922200515,0.0,0.0,0.9914448613738105,0.0,-0.5235987755982988,0.7853981633974483,0.0,0.5235987755982988,0.0,0.0,-0.5235987755982988,0.7853981633974483,0.0,0.5235987755982988,0.0,0.0,-0.5235987755982988,0.7853981633974483,0.0,0.5235987755982988,0.0,0.0,0.0,0.0,0.0,0.0,0.0,0.0,0.0,0.0,0.0,0.0,0.0,0.0,0.0,0.0,0.0,False,False,False,False,1,False,,0.0,0,,,,True,True,0.0,0.010054599988507107,True,0.0,0.0,False,False,False,False,False,False,1.0,False,False,False,0.0,0.0,0.0,0.0
0.9807084999920335,1786139943.7248285,0.010113700001966208,0.0027037999825552106,0.010113700001966208,HOLD,32,deadman released,0.010113700001966208,0.9705947999900673,111,0.029331088082608044,0.0,0.0,0.0,0.0,0.0,1.0,0.029331088082608044,0.0,0.0,0.0,0.0,0.0,1.0,-0.016000000000000007,-0.22496149868535165,0.2802328425555495,-0.1305261922200515,0.0,0.0,0.9914448613738105,-0.016000000000000007,-0.22496149868535165,0.2802328425555495,-0.1305261922200515,0.0,0.0,0.9914448613738105,-0.016000000000000007,-0.22496149868535165,0.2802328425555495,-0.1305261922200515,0.0,0.0,0.9914448613738105,-0.016000000000000007,-0.22496149868535165,0.2802328425555495,-0.1305261922200515,0.0,0.0,0.9914448613738105,-0.016000000000000007,-0.22496149868535165,0.2802328425555495,-0.1305261922200515,0.0,0.0,0.9914448613738105,0.0,-0.5235987755982988,0.7853981633974483,0.0,0.5235987755982988,0.0,0.0,-0.5235987755982988,0.7853981633974483,0.0,0.5235987755982988,0.0,0.0,-0.5235987755982988,0.7853981633974483,0.0,0.5235987755982988,0.0,0.0,0.0,0.0,0.0,0.0,0.0,0.0,0.0,0.0,0.0,0.0,0.0,0.0,0.0,0.0,0.0,False,False,False,False,1,False,,0.0,0,,,,True,True,0.0,0.010113700001966208,True,0.0,0.0,False,False,False,False,False,False,1.0,False,False,False,0.0,0.0,0.0,0.0
0.9901547000044957,1786139943.7343314,0.009446200012462214,0.002754899993306026,0.009446200012462214,HOLD,32,deadman released,0.009446200012462214,0.9807084999920335,112,0.029331088082608044,0.0,0.0,0.0,0.0,0.0,1.0,0.029331088082608044,0.0,0.0,0.0,0.0,0.0,1.0,-0.016000000000000007,-0.22496149868535165,0.2802328425555495,-0.1305261922200515,0.0,0.0,0.9914448613738105,-0.016000000000000007,-0.22496149868535165,0.2802328425555495,-0.1305261922200515,0.0,0.0,0.9914448613738105,-0.016000000000000007,-0.22496149868535165,0.2802328425555495,-0.1305261922200515,0.0,0.0,0.9914448613738105,-0.016000000000000007,-0.22496149868535165,0.2802328425555495,-0.1305261922200515,0.0,0.0,0.9914448613738105,-0.016000000000000007,-0.22496149868535165,0.2802328425555495,-0.1305261922200515,0.0,0.0,0.9914448613738105,0.0,-0.5235987755982988,0.7853981633974483,0.0,0.5235987755982988,0.0,0.0,-0.5235987755982988,0.7853981633974483,0.0,0.5235987755982988,0.0,0.0,-0.5235987755982988,0.7853981633974483,0.0,0.5235987755982988,0.0,0.0,0.0,0.0,0.0,0.0,0.0,0.0,0.0,0.0,0.0,0.0,0.0,0.0,0.0,0.0,0.0,False,False,False,False,1,False,,0.0,0,,,,True,True,0.0,0.009446200012462214,True,0.0,0.0,False,False,False,False,False,False,1.0,False,False,False,0.0,0.0,0.0,0.0
1.0002058999962173,1786139943.745039,0.01005119999172166,0.003417699976125732,0.01005119999172166,HOLD,32,deadman released,0.01005119999172166,0.9901547000044957,114,0.0038719558821052763,0.0,0.0,0.0,0.0,0.0,1.0,0.0038719558821052763,0.0,0.0,0.0,0.0,0.0,1.0,-0.016000000000000007,-0.22496149868535165,0.2802328425555495,-0.1305261922200515,0.0,0.0,0.9914448613738105,-0.016000000000000007,-0.22496149868535165,0.2802328425555495,-0.1305261922200515,0.0,0.0,0.9914448613738105,-0.016000000000000007,-0.22496149868535165,0.2802328425555495,-0.1305261922200515,0.0,0.0,0.9914448613738105,-0.016000000000000007,-0.22496149868535165,0.2802328425555495,-0.1305261922200515,0.0,0.0,0.9914448613738105,-0.016000000000000007,-0.22496149868535165,0.2802328425555495,-0.1305261922200515,0.0,0.0,0.9914448613738105,0.0,-0.5235987755982988,0.7853981633974483,0.0,0.5235987755982988,0.0,0.0,-0.5235987755982988,0.7853981633974483,0.0,0.5235987755982988,0.0,0.0,-0.5235987755982988,0.7853981633974483,0.0,0.5235987755982988,0.0,0.0,0.0,0.0,0.0,0.0,0.0,0.0,0.0,0.0,0.0,0.0,0.0,0.0,0.0,0.0,0.0,False,False,False,False,1,False,,0.0,0,,,,True,True,0.0,0.01005119999172166,True,0.0,0.0,False,False,False,False,False,False,1.0,False,False,False,0.0,0.0,0.0,0.0
1.0105163999833167,1786139943.7544622,0.01031049998709932,0.0025300999986939132,0.01031049998709932,HOLD,32,deadman released,0.01031049998709932,1.0002058999962173,116,-0.004205038158559517,0.0,0.0,0.0,0.0,0.0,1.0,-0.004205038158559517,0.0,0.0,0.0,0.0,0.0,1.0,-0.016000000000000007,-0.22496149868535165,0.2802328425555495,-0.1305261922200515,0.0,0.0,0.9914448613738105,-0.016000000000000007,-0.22496149868535165,0.2802328425555495,-0.1305261922200515,0.0,0.0,0.9914448613738105,-0.016000000000000007,-0.22496149868535165,0.2802328425555495,-0.1305261922200515,0.0,0.0,0.9914448613738105,-0.016000000000000007,-0.22496149868535165,0.2802328425555495,-0.1305261922200515,0.0,0.0,0.9914448613738105,-0.016000000000000007,-0.22496149868535165,0.2802328425555495,-0.1305261922200515,0.0,0.0,0.9914448613738105,0.0,-0.5235987755982988,0.7853981633974483,0.0,0.5235987755982988,0.0,0.0,-0.5235987755982988,0.7853981633974483,0.0,0.5235987755982988,0.0,0.0,-0.5235987755982988,0.7853981633974483,0.0,0.5235987755982988,0.0,0.0,0.0,0.0,0.0,0.0,0.0,0.0,0.0,0.0,0.0,0.0,0.0,0.0,0.0,0.0,0.0,False,False,False,False,1,False,,0.0,0,,,,True,True,0.0,0.01031049998709932,True,0.0,0.0,False,False,False,False,False,False,1.0,False,False,False,0.0,0.0,0.0,0.0
1.0201185999903828,1786139943.7649505,0.00960220000706613,0.0034156999900005758,0.00960220000706613,HOLD,32,deadman released,0.00960220000706613,1.0105163999833167,117,-0.004205038158559517,0.0,0.0,0.0,0.0,0.0,1.0,-0.004205038158559517,0.0,0.0,0.0,0.0,0.0,1.0,-0.016000000000000007,-0.22496149868535165,0.2802328425555495,-0.1305261922200515,0.0,0.0,0.9914448613738105,-0.016000000000000007,-0.22496149868535165,0.2802328425555495,-0.1305261922200515,0.0,0.0,0.9914448613738105,-0.016000000000000007,-0.22496149868535165,0.2802328425555495,-0.1305261922200515,0.0,0.0,0.9914448613738105,-0.016000000000000007,-0.22496149868535165,0.2802328425555495,-0.1305261922200515,0.0,0.0,0.9914448613738105,-0.016000000000000007,-0.22496149868535165,0.2802328425555495,-0.1305261922200515,0.0,0.0,0.9914448613738105,0.0,-0.5235987755982988,0.7853981633974483,0.0,0.5235987755982988,0.0,0.0,-0.5235987755982988,0.7853981633974483,0.0,0.5235987755982988,0.0,0.0,-0.5235987755982988,0.7853981633974483,0.0,0.5235987755982988,0.0,0.0,0.0,0.0,0.0,0.0,0.0,0.0,0.0,0.0,0.0,0.0,0.0,0.0,0.0,0.0,0.0,False,False,False,False,1,False,,0.0,0,,,,True,True,0.0,0.00960220000706613,True,0.0,0.0,False,False,False,False,False,False,1.0,False,False,False,0.0,0.0,0.0,0.0
1.0303044999891426,1786139943.774877,0.01018589999875985,0.0031567999976687133,0.01018589999875985,HOLD,32,deadman released,0.01018589999875985,1.0201185999903828,118,-0.004205038158559517,0.0,0.0,0.0,0.0,0.0,1.0,-0.004205038158559517,0.0,0.0,0.0,0.0,0.0,1.0,-0.016000000000000007,-0.22496149868535165,0.2802328425555495,-0.1305261922200515,0.0,0.0,0.9914448613738105,-0.016000000000000007,-0.22496149868535165,0.2802328425555495,-0.1305261922200515,0.0,0.0,0.9914448613738105,-0.016000000000000007,-0.22496149868535165,0.2802328425555495,-0.1305261922200515,0.0,0.0,0.9914448613738105,-0.016000000000000007,-0.22496149868535165,0.2802328425555495,-0.1305261922200515,0.0,0.0,0.9914448613738105,-0.016000000000000007,-0.22496149868535165,0.2802328425555495,-0.1305261922200515,0.0,0.0,0.9914448613738105,0.0,-0.5235987755982988,0.7853981633974483,0.0,0.5235987755982988,0.0,0.0,-0.5235987755982988,0.7853981633974483,0.0,0.5235987755982988,0.0,0.0,-0.5235987755982988,0.7853981633974483,0.0,0.5235987755982988,0.0,0.0,0.0,0.0,0.0,0.0,0.0,0.0,0.0,0.0,0.0,0.0,0.0,0.0,0.0,0.0,0.0,False,False,False,False,1,False,,0.0,0,,,,True,True,0.0,0.01018589999875985,True,0.0,0.0,False,False,False,False,False,False,1.0,False,False,False,0.0,0.0,0.0,0.0
1.0406057999935001,1786139943.7847946,0.010301300004357472,0.0027734999894164503,0.010301300004357472,HOLD,32,deadman released,0.010301300004357472,1.0303044999891426,120,-0.036551087181181434,0.0,0.0,0.0,0.0,0.0,1.0,-0.036551087181181434,0.0,0.0,0.0,0.0,0.0,1.0,-0.016000000000000007,-0.22496149868535165,0.2802328425555495,-0.1305261922200515,0.0,0.0,0.9914448613738105,-0.016000000000000007,-0.22496149868535165,0.2802328425555495,-0.1305261922200515,0.0,0.0,0.9914448613738105,-0.016000000000000007,-0.22496149868535165,0.2802328425555495,-0.1305261922200515,0.0,0.0,0.9914448613738105,-0.016000000000000007,-0.22496149868535165,0.2802328425555495,-0.1305261922200515,0.0,0.0,0.9914448613738105,-0.016000000000000007,-0.22496149868535165,0.2802328425555495,-0.1305261922200515,0.0,0.0,0.9914448613738105,0.0,-0.5235987755982988,0.7853981633974483,0.0,0.5235987755982988,0.0,0.0,-0.5235987755982988,0.7853981633974483,0.0,0.5235987755982988,0.0,0.0,-0.5235987755982988,0.7853981633974483,0.0,0.5235987755982988,0.0,0.0,0.0,0.0,0.0,0.0,0.0,0.0,0.0,0.0,0.0,0.0,0.0,0.0,0.0,0.0,0.0,False,False,False,False,1,False,,0.0,0,,,,True,True,0.0,0.010301300004357472,True,0.0,0.0,False,False,False,False,False,False,1.0,False,False,False,0.0,0.0,0.0,0.0
1.0502399999822956,1786139943.7949595,0.009634199988795444,0.0032940999954007566,0.009634199988795444,HOLD,32,deadman released,0.009634199988795444,1.0406057999935001,121,-0.036551087181181434,0.0,0.0,0.0,0.0,0.0,1.0,-0.036551087181181434,0.0,0.0,0.0,0.0,0.0,1.0,-0.016000000000000007,-0.22496149868535165,0.2802328425555495,-0.1305261922200515,0.0,0.0,0.9914448613738105,-0.016000000000000007,-0.22496149868535165,0.2802328425555495,-0.1305261922200515,0.0,0.0,0.9914448613738105,-0.016000000000000007,-0.22496149868535165,0.2802328425555495,-0.1305261922200515,0.0,0.0,0.9914448613738105,-0.016000000000000007,-0.22496149868535165,0.2802328425555495,-0.1305261922200515,0.0,0.0,0.9914448613738105,-0.016000000000000007,-0.22496149868535165,0.2802328425555495,-0.1305261922200515,0.0,0.0,0.9914448613738105,0.0,-0.5235987755982988,0.7853981633974483,0.0,0.5235987755982988,0.0,0.0,-0.5235987755982988,0.7853981633974483,0.0,0.5235987755982988,0.0,0.0,-0.5235987755982988,0.7853981633974483,0.0,0.5235987755982988,0.0,0.0,0.0,0.0,0.0,0.0,0.0,0.0,0.0,0.0,0.0,0.0,0.0,0.0,0.0,0.0,0.0,False,False,False,False,1,False,,0.0,0,,,,True,True,0.0,0.009634199988795444,True,0.0,0.0,False,False,False,False,False,False,1.0,False,False,False,0.0,0.0,0.0,0.0
1.0618261999916285,1786139943.8056586,0.01158620000933297,0.0024170000106096268,0.01158620000933297,HOLD,32,deadman released,0.01158620000933297,1.0502399999822956,123,-0.04899522628843473,0.0,0.0,0.0,0.0,0.0,1.0,-0.04899522628843473,0.0,0.0,0.0,0.0,0.0,1.0,-0.016000000000000007,-0.22496149868535165,0.2802328425555495,-0.1305261922200515,0.0,0.0,0.9914448613738105,-0.016000000000000007,-0.22496149868535165,0.2802328425555495,-0.1305261922200515,0.0,0.0,0.9914448613738105,-0.016000000000000007,-0.22496149868535165,0.2802328425555495,-0.1305261922200515,0.0,0.0,0.9914448613738105,-0.016000000000000007,-0.22496149868535165,0.2802328425555495,-0.1305261922200515,0.0,0.0,0.9914448613738105,-0.016000000000000007,-0.22496149868535165,0.2802328425555495,-0.1305261922200515,0.0,0.0,0.9914448613738105,0.0,-0.5235987755982988,0.7853981633974483,0.0,0.5235987755982988,0.0,0.0,-0.5235987755982988,0.7853981633974483,0.0,0.5235987755982988,0.0,0.0,-0.5235987755982988,0.7853981633974483,0.0,0.5235987755982988,0.0,0.0,0.0,0.0,0.0,0.0,0.0,0.0,0.0,0.0,0.0,0.0,0.0,0.0,0.0,0.0,0.0,False,False,False,False,1,False,,0.0,0,,,,True,True,0.0,0.01158620000933297,True,0.0,0.0,False,False,False,False,False,False,1.0,False,False,False,0.0,0.0,0.0,0.0
1.0706162999849766,1786139943.815237,0.008790099993348122,0.003196199977537617,0.008790099993348122,HOLD,32,deadman released,0.008790099993348122,1.0618261999916285,124,-0.04899522628843473,0.0,0.0,0.0,0.0,0.0,1.0,-0.04899522628843473,0.0,0.0,0.0,0.0,0.0,1.0,-0.016000000000000007,-0.22496149868535165,0.2802328425555495,-0.1305261922200515,0.0,0.0,0.9914448613738105,-0.016000000000000007,-0.22496149868535165,0.2802328425555495,-0.1305261922200515,0.0,0.0,0.9914448613738105,-0.016000000000000007,-0.22496149868535165,0.2802328425555495,-0.1305261922200515,0.0,0.0,0.9914448613738105,-0.016000000000000007,-0.22496149868535165,0.2802328425555495,-0.1305261922200515,0.0,0.0,0.9914448613738105,-0.016000000000000007,-0.22496149868535165,0.2802328425555495,-0.1305261922200515,0.0,0.0,0.9914448613738105,0.0,-0.5235987755982988,0.7853981633974483,0.0,0.5235987755982988,0.0,0.0,-0.5235987755982988,0.7853981633974483,0.0,0.5235987755982988,0.0,0.0,-0.5235987755982988,0.7853981633974483,0.0,0.5235987755982988,0.0,0.0,0.0,0.0,0.0,0.0,0.0,0.0,0.0,0.0,0.0,0.0,0.0,0.0,0.0,0.0,0.0,False,False,False,False,1,False,,0.0,0,,,,True,True,0.0,0.008790099993348122,True,0.0,0.0,False,False,False,False,False,False,1.0,False,False,False,0.0,0.0,0.0,0.0
1.0802617000008468,1786139943.8244398,0.00964540001587011,0.0027621999906841666,0.00964540001587011,HOLD,32,deadman released,0.00964540001587011,1.0706162999849766,126,-0.06624509613318262,0.0,0.0,0.0,0.0,0.0,1.0,-0.06624509613318262,0.0,0.0,0.0,0.0,0.0,1.0,-0.016000000000000007,-0.22496149868535165,0.2802328425555495,-0.1305261922200515,0.0,0.0,0.9914448613738105,-0.016000000000000007,-0.22496149868535165,0.2802328425555495,-0.1305261922200515,0.0,0.0,0.9914448613738105,-0.016000000000000007,-0.22496149868535165,0.2802328425555495,-0.1305261922200515,0.0,0.0,0.9914448613738105,-0.016000000000000007,-0.22496149868535165,0.2802328425555495,-0.1305261922200515,0.0,0.0,0.9914448613738105,-0.016000000000000007,-0.22496149868535165,0.2802328425555495,-0.1305261922200515,0.0,0.0,0.9914448613738105,0.0,-0.5235987755982988,0.7853981633974483,0.0,0.5235987755982988,0.0,0.0,-0.5235987755982988,0.7853981633974483,0.0,0.5235987755982988,0.0,0.0,-0.5235987755982988,0.7853981633974483,0.0,0.5235987755982988,0.0,0.0,0.0,0.0,0.0,0.0,0.0,0.0,0.0,0.0,0.0,0.0,0.0,0.0,0.0,0.0,0.0,False,False,False,False,1,False,,0.0,0,,,,True,True,0.0,0.00964540001587011,True,0.0,0.0,False,False,False,False,False,False,1.0,False,False,False,0.0,0.0,0.0,0.0
1.0904734999930952,1786139943.834942,0.010211799992248416,0.003053399996133521,0.010211799992248416,HOLD,32,deadman released,0.010211799992248416,1.0802617000008468,128,-0.07365487267984087,0.0,0.0,0.0,0.0,0.0,1.0,-0.07365487267984087,0.0,0.0,0.0,0.0,0.0,1.0,-0.016000000000000007,-0.22496149868535165,0.2802328425555495,-0.1305261922200515,0.0,0.0,0.9914448613738105,-0.016000000000000007,-0.22496149868535165,0.2802328425555495,-0.1305261922200515,0.0,0.0,0.9914448613738105,-0.016000000000000007,-0.22496149868535165,0.2802328425555495,-0.1305261922200515,0.0,0.0,0.9914448613738105,-0.016000000000000007,-0.22496149868535165,0.2802328425555495,-0.1305261922200515,0.0,0.0,0.9914448613738105,-0.016000000000000007,-0.22496149868535165,0.2802328425555495,-0.1305261922200515,0.0,0.0,0.9914448613738105,0.0,-0.5235987755982988,0.7853981633974483,0.0,0.5235987755982988,0.0,0.0,-0.5235987755982988,0.7853981633974483,0.0,0.5235987755982988,0.0,0.0,-0.5235987755982988,0.7853981633974483,0.0,0.5235987755982988,0.0,0.0,0.0,0.0,0.0,0.0,0.0,0.0,0.0,0.0,0.0,0.0,0.0,0.0,0.0,0.0,0.0,False,False,False,False,1,False,,0.0,0,,,,True,True,0.0,0.010211799992248416,True,0.0,0.0,False,False,False,False,False,False,1.0,False,False,False,0.0,0.0,0.0,0.0
1.100327499996638,1786139943.8446255,0.009854000003542751,0.002882999979192391,0.009854000003542751,HOLD,32,deadman released,0.009854000003542751,1.0904734999930952,129,-0.07365487267984087,0.0,0.0,0.0,0.0,0.0,1.0,-0.07365487267984087,0.0,0.0,0.0,0.0,0.0,1.0,-0.016000000000000007,-0.22496149868535165,0.2802328425555495,-0.1305261922200515,0.0,0.0,0.9914448613738105,-0.016000000000000007,-0.22496149868535165,0.2802328425555495,-0.1305261922200515,0.0,0.0,0.9914448613738105,-0.016000000000000007,-0.22496149868535165,0.2802328425555495,-0.1305261922200515,0.0,0.0,0.9914448613738105,-0.016000000000000007,-0.22496149868535165,0.2802328425555495,-0.1305261922200515,0.0,0.0,0.9914448613738105,-0.016000000000000007,-0.22496149868535165,0.2802328425555495,-0.1305261922200515,0.0,0.0,0.9914448613738105,0.0,-0.5235987755982988,0.7853981633974483,0.0,0.5235987755982988,0.0,0.0,-0.5235987755982988,0.7853981633974483,0.0,0.5235987755982988,0.0,0.0,-0.5235987755982988,0.7853981633974483,0.0,0.5235987755982988,0.0,0.0,0.0,0.0,0.0,0.0,0.0,0.0,0.0,0.0,0.0,0.0,0.0,0.0,0.0,0.0,0.0,False,False,False,False,1,False,,0.0,0,,,,True,True,0.0,0.009854000003542751,True,0.0,0.0,False,False,False,False,False,False,1.0,False,False,False,0.0,0.0,0.0,0.0
1.1108472000050824,1786139943.854982,0.010519700008444488,0.002719500014791265,0.010519700008444488,HOLD,32,deadman released,0.010519700008444488,1.100327499996638,131,-0.08613837403176614,0.0,0.0,0.0,0.0,0.0,1.0,-0.08613837403176614,0.0,0.0,0.0,0.0,0.0,1.0,-0.016000000000000007,-0.22496149868535165,0.2802328425555495,-0.1305261922200515,0.0,0.0,0.9914448613738105,-0.016000000000000007,-0.22496149868535165,0.2802328425555495,-0.1305261922200515,0.0,0.0,0.9914448613738105,-0.016000000000000007,-0.22496149868535165,0.2802328425555495,-0.1305261922200515,0.0,0.0,0.9914448613738105,-0.016000000000000007,-0.22496149868535165,0.2802328425555495,-0.1305261922200515,0.0,0.0,0.9914448613738105,-0.016000000000000007,-0.22496149868535165,0.2802328425555495,-0.1305261922200515,0.0,0.0,0.9914448613738105,0.0,-0.5235987755982988,0.7853981633974483,0.0,0.5235987755982988,0.0,0.0,-0.5235987755982988,0.7853981633974483,0.0,0.5235987755982988,0.0,0.0,-0.5235987755982988,0.7853981633974483,0.0,0.5235987755982988,0.0,0.0,0.0,0.0,0.0,0.0,0.0,0.0,0.0,0.0,0.0,0.0,0.0,0.0,0.0,0.0,0.0,False,False,False,False,1,False,,0.0,0,,,,True,True,0.0,0.010519700008444488,True,0.0,0.0,False,False,False,False,False,False,1.0,False,False,False,0.0,0.0,0.0,0.0
1.1200599999865517,1786139943.864956,0.009212799981469288,0.0034691999899223447,0.009212799981469288,HOLD,32,deadman released,0.009212799981469288,1.1108472000050824,132,-0.08613837403176614,0.0,0.0,0.0,0.0,0.0,1.0,-0.08613837403176614,0.0,0.0,0.0,0.0,0.0,1.0,-0.016000000000000007,-0.22496149868535165,0.2802328425555495,-0.1305261922200515,0.0,0.0,0.9914448613738105,-0.016000000000000007,-0.22496149868535165,0.2802328425555495,-0.1305261922200515,0.0,0.0,0.9914448613738105,-0.016000000000000007,-0.22496149868535165,0.2802328425555495,-0.1305261922200515,0.0,0.0,0.9914448613738105,-0.016000000000000007,-0.22496149868535165,0.2802328425555495,-0.1305261922200515,0.0,0.0,0.9914448613738105,-0.016000000000000007,-0.22496149868535165,0.2802328425555495,-0.1305261922200515,0.0,0.0,0.9914448613738105,0.0,-0.5235987755982988,0.7853981633974483,0.0,0.5235987755982988,0.0,0.0,-0.5235987755982988,0.7853981633974483,0.0,0.5235987755982988,0.0,0.0,-0.5235987755982988,0.7853981633974483,0.0,0.5235987755982988,0.0,0.0,0.0,0.0,0.0,0.0,0.0,0.0,0.0,0.0,0.0,0.0,0.0,0.0,0.0,0.0,0.0,False,False,False,False,1,False,,0.0,0,,,,True,True,0.0,0.009212799981469288,True,0.0,0.0,False,False,False,False,False,False,1.0,False,False,False,0.0,0.0,0.0,0.0
1.1312558999925386,1786139943.8753145,0.011195900005986914,0.0026427999837324023,0.011195900005986914,HOLD,32,deadman released,0.011195900005986914,1.1200599999865517,134,-0.09214252281953916,0.0,0.0,0.0,0.0,0.0,1.0,-0.09214252281953916,0.0,0.0,0.0,0.0,0.0,1.0,-0.016000000000000007,-0.22496149868535165,0.2802328425555495,-0.1305261922200515,0.0,0.0,0.9914448613738105,-0.016000000000000007,-0.22496149868535165,0.2802328425555495,-0.1305261922200515,0.0,0.0,0.9914448613738105,-0.016000000000000007,-0.22496149868535165,0.2802328425555495,-0.1305261922200515,0.0,0.0,0.9914448613738105,-0.016000000000000007,-0.22496149868535165,0.2802328425555495,-0.1305261922200515,0.0,0.0,0.9914448613738105,-0.016000000000000007,-0.22496149868535165,0.2802328425555495,-0.1305261922200515,0.0,0.0,0.9914448613738105,0.0,-0.5235987755982988,0.7853981633974483,0.0,0.5235987755982988,0.0,0.0,-0.5235987755982988,0.7853981633974483,0.0,0.5235987755982988,0.0,0.0,-0.5235987755982988,0.7853981633974483,0.0,0.5235987755982988,0.0,0.0,0.0,0.0,0.0,0.0,0.0,0.0,0.0,0.0,0.0,0.0,0.0,0.0,0.0,0.0,0.0,False,False,False,False,1,False,,0.0,0,,,,True,True,0.0,0.011195900005986914,True,0.0,0.0,False,False,False,False,False,False,1.0,False,False,False,0.0,0.0,0.0,0.0
1.1401038999902084,1786139943.884467,0.008847999997669831,0.002939800004241988,0.008847999997669831,HOLD,32,deadman released,0.008847999997669831,1.1312558999925386,135,-0.09214252281953916,0.0,0.0,0.0,0.0,0.0,1.0,-0.09214252281953916,0.0,0.0,0.0,0.0,0.0,1.0,-0.016000000000000007,-0.22496149868535165,0.2802328425555495,-0.1305261922200515,0.0,0.0,0.9914448613738105,-0.016000000000000007,-0.22496149868535165,0.2802328425555495,-0.1305261922200515,0.0,0.0,0.9914448613738105,-0.016000000000000007,-0.22496149868535165,0.2802328425555495,-0.1305261922200515,0.0,0.0,0.9914448613738105,-0.016000000000000007,-0.22496149868535165,0.2802328425555495,-0.1305261922200515,0.0,0.0,0.9914448613738105,-0.016000000000000007,-0.22496149868535165,0.2802328425555495,-0.1305261922200515,0.0,0.0,0.9914448613738105,0.0,-0.5235987755982988,0.7853981633974483,0.0,0.5235987755982988,0.0,0.0,-0.5235987755982988,0.7853981633974483,0.0,0.5235987755982988,0.0,0.0,-0.5235987755982988,0.7853981633974483,0.0,0.5235987755982988,0.0,0.0,0.0,0.0,0.0,0.0,0.0,0.0,0.0,0.0,0.0,0.0,0.0,0.0,0.0,0.0,0.0,False,False,False,False,1,False,,0.0,0,,,,True,True,0.0,0.008847999997669831,True,0.0,0.0,False,False,False,False,False,False,1.0,False,False,False,0.0,0.0,0.0,0.0
1.1504872999794316,1786139943.8949637,0.010383399989223108,0.0030602999904658645,0.010383399989223108,HOLD,32,deadman released,0.010383399989223108,1.1401038999902084,137,-0.09814411379338381,0.0,0.0,0.0,0.0,0.0,1.0,-0.09814411379338381,0.0,0.0,0.0,0.0,0.0,1.0,-0.016000000000000007,-0.22496149868535165,0.2802328425555495,-0.1305261922200515,0.0,0.0,0.9914448613738105,-0.016000000000000007,-0.22496149868535165,0.2802328425555495,-0.1305261922200515,0.0,0.0,0.9914448613738105,-0.016000000000000007,-0.22496149868535165,0.2802328425555495,-0.1305261922200515,0.0,0.0,0.9914448613738105,-0.016000000000000007,-0.22496149868535165,0.2802328425555495,-0.1305261922200515,0.0,0.0,0.9914448613738105,-0.016000000000000007,-0.22496149868535165,0.2802328425555495,-0.1305261922200515,0.0,0.0,0.9914448613738105,0.0,-0.5235987755982988,0.7853981633974483,0.0,0.5235987755982988,0.0,0.0,-0.5235987755982988,0.7853981633974483,0.0,0.5235987755982988,0.0,0.0,-0.5235987755982988,0.7853981633974483,0.0,0.5235987755982988,0.0,0.0,0.0,0.0,0.0,0.0,0.0,0.0,0.0,0.0,0.0,0.0,0.0,0.0,0.0,0.0,0.0,False,False,False,False,1,False,,0.0,0,,,,True,True,0.0,0.010383399989223108,True,0.0,0.0,False,False,False,False,False,False,1.0,False,False,False,0.0,0.0,0.0,0.0
1.1605191999988165,1786139943.9043934,0.01003190001938492,0.0024578000011388212,0.01003190001938492,HOLD,32,deadman released,0.01003190001938492,1.1504872999794316,139,-0.09933956627652771,0.0,0.0,0.0,0.0,0.0,1.0,-0.09933956627652771,0.0,0.0,0.0,0.0,0.0,1.0,-0.016000000000000007,-0.22496149868535165,0.2802328425555495,-0.1305261922200515,0.0,0.0,0.9914448613738105,-0.016000000000000007,-0.22496149868535165,0.2802328425555495,-0.1305261922200515,0.0,0.0,0.9914448613738105,-0.016000000000000007,-0.22496149868535165,0.2802328425555495,-0.1305261922200515,0.0,0.0,0.9914448613738105,-0.016000000000000007,-0.22496149868535165,0.2802328425555495,-0.1305261922200515,0.0,0.0,0.9914448613738105,-0.016000000000000007,-0.22496149868535165,0.2802328425555495,-0.1305261922200515,0.0,0.0,0.9914448613738105,0.0,-0.5235987755982988,0.7853981633974483,0.0,0.5235987755982988,0.0,0.0,-0.5235987755982988,0.7853981633974483,0.0,0.5235987755982988,0.0,0.0,-0.5235987755982988,0.7853981633974483,0.0,0.5235987755982988,0.0,0.0,0.0,0.0,0.0,0.0,0.0,0.0,0.0,0.0,0.0,0.0,0.0,0.0,0.0,0.0,0.0,False,False,False,False,1,False,,0.0,0,,,,True,True,0.0,0.01003190001938492,True,0.0,0.0,False,False,False,False,False,False,1.0,False,False,False,0.0,0.0,0.0,0.0
1.1700379999820143,1786139943.914625,0.009518799983197823,0.0031709999893791974,0.009518799983197823,HOLD,32,deadman released,0.009518799983197823,1.1605191999988165,140,-0.09933956627652771,0.0,0.0,0.0,0.0,0.0,1.0,-0.09933956627652771,0.0,0.0,0.0,0.0,0.0,1.0,-0.016000000000000007,-0.22496149868535165,0.2802328425555495,-0.1305261922200515,0.0,0.0,0.9914448613738105,-0.016000000000000007,-0.22496149868535165,0.2802328425555495,-0.1305261922200515,0.0,0.0,0.9914448613738105,-0.016000000000000007,-0.22496149868535165,0.2802328425555495,-0.1305261922200515,0.0,0.0,0.9914448613738105,-0.016000000000000007,-0.22496149868535165,0.2802328425555495,-0.1305261922200515,0.0,0.0,0.9914448613738105,-0.016000000000000007,-0.22496149868535165,0.2802328425555495,-0.1305261922200515,0.0,0.0,0.9914448613738105,0.0,-0.5235987755982988,0.7853981633974483,0.0,0.5235987755982988,0.0,0.0,-0.5235987755982988,0.7853981633974483,0.0,0.5235987755982988,0.0,0.0,-0.5235987755982988,0.7853981633974483,0.0,0.5235987755982988,0.0,0.0,0.0,0.0,0.0,0.0,0.0,0.0,0.0,0.0,0.0,0.0,0.0,0.0,0.0,0.0,0.0,False,False,False,False,1,False,,0.0,0,,,,True,True,0.0,0.009518799983197823,True,0.0,0.0,False,False,False,False,False,False,1.0,False,False,False,0.0,0.0,0.0,0.0
1.180055699980585,1786139943.924264,0.010017699998570606,0.0027944000030402094,0.010017699998570606,HOLD,32,deadman released,0.010017699998570606,1.1700379999820143,142,-0.09928402625121154,0.0,0.0,0.0,0.0,0.0,1.0,-0.09928402625121154,0.0,0.0,0.0,0.0,0.0,1.0,-0.016000000000000007,-0.22496149868535165,0.2802328425555495,-0.1305261922200515,0.0,0.0,0.9914448613738105,-0.016000000000000007,-0.22496149868535165,0.2802328425555495,-0.1305261922200515,0.0,0.0,0.9914448613738105,-0.016000000000000007,-0.22496149868535165,0.2802328425555495,-0.1305261922200515,0.0,0.0,0.9914448613738105,-0.016000000000000007,-0.22496149868535165,0.2802328425555495,-0.1305261922200515,0.0,0.0,0.9914448613738105,-0.016000000000000007,-0.22496149868535165,0.2802328425555495,-0.1305261922200515,0.0,0.0,0.9914448613738105,0.0,-0.5235987755982988,0.7853981633974483,0.0,0.5235987755982988,0.0,0.0,-0.5235987755982988,0.7853981633974483,0.0,0.5235987755982988,0.0,0.0,-0.5235987755982988,0.7853981633974483,0.0,0.5235987755982988,0.0,0.0,0.0,0.0,0.0,0.0,0.0,0.0,0.0,0.0,0.0,0.0,0.0,0.0,0.0,0.0,0.0,False,False,False,False,1,False,,0.0,0,,,,True,True,0.0,0.010017699998570606,True,0.0,0.0,False,False,False,False,False,False,1.0,False,False,False,0.0,0.0,0.0,0.0
1.1905701999785379,1786139943.934822,0.010514499997952953,0.0028369000065140426,0.010514499997952953,HOLD,32,deadman released,0.010514499997952953,1.180055699980585,144,-0.09801478067439248,0.0,0.0,0.0,0.0,0.0,1.0,-0.09801478067439248,0.0,0.0,0.0,0.0,0.0,1.0,-0.016000000000000007,-0.22496149868535165,0.2802328425555495,-0.1305261922200515,0.0,0.0,0.9914448613738105,-0.016000000000000007,-0.22496149868535165,0.2802328425555495,-0.1305261922200515,0.0,0.0,0.9914448613738105,-0.016000000000000007,-0.22496149868535165,0.2802328425555495,-0.1305261922200515,0.0,0.0,0.9914448613738105,-0.016000000000000007,-0.22496149868535165,0.2802328425555495,-0.1305261922200515,0.0,0.0,0.9914448613738105,-0.016000000000000007,-0.22496149868535165,0.2802328425555495,-0.1305261922200515,0.0,0.0,0.9914448613738105,0.0,-0.5235987755982988,0.7853981633974483,0.0,0.5235987755982988,0.0,0.0,-0.5235987755982988,0.7853981633974483,0.0,0.5235987755982988,0.0,0.0,-0.5235987755982988,0.7853981633974483,0.0,0.5235987755982988,0.0,0.0,0.0,0.0,0.0,0.0,0.0,0.0,0.0,0.0,0.0,0.0,0.0,0.0,0.0,0.0,0.0,False,False,False,False,1,False,,0.0,0,,,,True,True,0.0,0.010514499997952953,True,0.0,0.0,False,False,False,False,False,False,1.0,False,False,False,0.0,0.0,0.0,0.0
1.2001074999861885,1786139943.944511,0.009537300007650629,0.002988099993672222,0.009537300007650629,HOLD,32,deadman released,0.009537300007650629,1.1905701999785379,145,-0.09801478067439248,0.0,0.0,0.0,0.0,0.0,1.0,-0.09801478067439248,0.0,0.0,0.0,0.0,0.0,1.0,-0.016000000000000007,-0.22496149868535165,0.2802328425555495,-0.1305261922200515,0.0,0.0,0.9914448613738105,-0.016000000000000007,-0.22496149868535165,0.2802328425555495,-0.1305261922200515,0.0,0.0,0.9914448613738105,-0.016000000000000007,-0.22496149868535165,0.2802328425555495,-0.1305261922200515,0.0,0.0,0.9914448613738105,-0.016000000000000007,-0.22496149868535165,0.2802328425555495,-0.1305261922200515,0.0,0.0,0.9914448613738105,-0.016000000000000007,-0.22496149868535165,0.2802328425555495,-0.1305261922200515,0.0,0.0,0.9914448613738105,0.0,-0.5235987755982988,0.7853981633974483,0.0,0.5235987755982988,0.0,0.0,-0.5235987755982988,0.7853981633974483,0.0,0.5235987755982988,0.0,0.0,-0.5235987755982988,0.7853981633974483,0.0,0.5235987755982988,0.0,0.0,0.0,0.0,0.0,0.0,0.0,0.0,0.0,0.0,0.0,0.0,0.0,0.0,0.0,0.0,0.0,False,False,False,False,1,False,,0.0,0,,,,True,True,0.0,0.009537300007650629,True,0.0,0.0,False,False,False,False,False,False,1.0,False,False,False,0.0,0.0,0.0,0.0
1.210144999990007,1786139943.9546394,0.010037500003818423,0.0030722999945282936,0.010037500003818423,HOLD,32,deadman released,0.010037500003818423,1.2001074999861885,146,-0.09801478067439248,0.0,0.0,0.0,0.0,0.0,1.0,-0.09801478067439248,0.0,0.0,0.0,0.0,0.0,1.0,-0.016000000000000007,-0.22496149868535165,0.2802328425555495,-0.1305261922200515,0.0,0.0,0.9914448613738105,-0.016000000000000007,-0.22496149868535165,0.2802328425555495,-0.1305261922200515,0.0,0.0,0.9914448613738105,-0.016000000000000007,-0.22496149868535165,0.2802328425555495,-0.1305261922200515,0.0,0.0,0.9914448613738105,-0.016000000000000007,-0.22496149868535165,0.2802328425555495,-0.1305261922200515,0.0,0.0,0.9914448613738105,-0.016000000000000007,-0.22496149868535165,0.2802328425555495,-0.1305261922200515,0.0,0.0,0.9914448613738105,0.0,-0.5235987755982988,0.7853981633974483,0.0,0.5235987755982988,0.0,0.0,-0.5235987755982988,0.7853981633974483,0.0,0.5235987755982988,0.0,0.0,-0.5235987755982988,0.7853981633974483,0.0,0.5235987755982988,0.0,0.0,0.0,0.0,0.0,0.0,0.0,0.0,0.0,0.0,0.0,0.0,0.0,0.0,0.0,0.0,0.0,False,False,False,False,1,False,,0.0,0,,,,True,True,0.0,0.010037500003818423,True,0.0,0.0,False,False,False,False,False,False,1.0,False,False,False,0.0,0.0,0.0,0.0
1.220256899978267,1786139943.9649646,0.01011189998826012,0.003292600013082847,0.01011189998826012,HOLD,32,deadman released,0.01011189998826012,1.210144999990007,148,-0.08956696641163625,0.0,0.0,0.0,0.0,0.0,1.0,-0.08956696641163625,0.0,0.0,0.0,0.0,0.0,1.0,-0.016000000000000007,-0.22496149868535165,0.2802328425555495,-0.1305261922200515,0.0,0.0,0.9914448613738105,-0.016000000000000007,-0.22496149868535165,0.2802328425555495,-0.1305261922200515,0.0,0.0,0.9914448613738105,-0.016000000000000007,-0.22496149868535165,0.2802328425555495,-0.1305261922200515,0.0,0.0,0.9914448613738105,-0.016000000000000007,-0.22496149868535165,0.2802328425555495,-0.1305261922200515,0.0,0.0,0.9914448613738105,-0.016000000000000007,-0.22496149868535165,0.2802328425555495,-0.1305261922200515,0.0,0.0,0.9914448613738105,0.0,-0.5235987755982988,0.7853981633974483,0.0,0.5235987755982988,0.0,0.0,-0.5235987755982988,0.7853981633974483,0.0,0.5235987755982988,0.0,0.0,-0.5235987755982988,0.7853981633974483,0.0,0.5235987755982988,0.0,0.0,0.0,0.0,0.0,0.0,0.0,0.0,0.0,0.0,0.0,0.0,0.0,0.0,0.0,0.0,0.0,False,False,False,False,1,False,,0.0,0,,,,True,True,0.0,0.01011189998826012,True,0.0,0.0,False,False,False,False,False,False,1.0,False,False,False,0.0,0.0,0.0,0.0
1.2302765999920666,1786139943.9741642,0.010019700013799593,0.0024716999905649573,0.010019700013799593,HOLD,32,deadman released,0.010019700013799593,1.220256899978267,150,-0.085583087647041,0.0,0.0,0.0,0.0,0.0,1.0,-0.085583087647041,0.0,0.0,0.0,0.0,0.0,1.0,-0.016000000000000007,-0.22496149868535165,0.2802328425555495,-0.1305261922200515,0.0,0.0,0.9914448613738105,-0.016000000000000007,-0.22496149868535165,0.2802328425555495,-0.1305261922200515,0.0,0.0,0.9914448613738105,-0.016000000000000007,-0.22496149868535165,0.2802328425555495,-0.1305261922200515,0.0,0.0,0.9914448613738105,-0.016000000000000007,-0.22496149868535165,0.2802328425555495,-0.1305261922200515,0.0,0.0,0.9914448613738105,-0.016000000000000007,-0.22496149868535165,0.2802328425555495,-0.1305261922200515,0.0,0.0,0.9914448613738105,0.0,-0.5235987755982988,0.7853981633974483,0.0,0.5235987755982988,0.0,0.0,-0.5235987755982988,0.7853981633974483,0.0,0.5235987755982988,0.0,0.0,-0.5235987755982988,0.7853981633974483,0.0,0.5235987755982988,0.0,0.0,0.0,0.0,0.0,0.0,0.0,0.0,0.0,0.0,0.0,0.0,0.0,0.0,0.0,0.0,0.0,False,False,False,False,1,False,,0.0,0,,,,True,True,0.0,0.010019700013799593,True,0.0,0.0,False,False,False,False,False,False,1.0,False,False,False,0.0,0.0,0.0,0.0
1.2403029999986757,1786139943.9847076,0.010026400006609038,0.0029863000090699643,0.010026400006609038,HOLD,32,deadman released,0.010026400006609038,1.2302765999920666,151,-0.085583087647041,0.0,0.0,0.0,0.0,0.0,1.0,-0.085583087647041,0.0,0.0,0.0,0.0,0.0,1.0,-0.016000000000000007,-0.22496149868535165,0.2802328425555495,-0.1305261922200515,0.0,0.0,0.9914448613738105,-0.016000000000000007,-0.22496149868535165,0.2802328425555495,-0.1305261922200515,0.0,0.0,0.9914448613738105,-0.016000000000000007,-0.22496149868535165,0.2802328425555495,-0.1305261922200515,0.0,0.0,0.9914448613738105,-0.016000000000000007,-0.22496149868535165,0.2802328425555495,-0.1305261922200515,0.0,0.0,0.9914448613738105,-0.016000000000000007,-0.22496149868535165,0.2802328425555495,-0.1305261922200515,0.0,0.0,0.9914448613738105,0.0,-0.5235987755982988,0.7853981633974483,0.0,0.5235987755982988,0.0,0.0,-0.5235987755982988,0.7853981633974483,0.0,0.5235987755982988,0.0,0.0,-0.5235987755982988,0.7853981633974483,0.0,0.5235987755982988,0.0,0.0,0.0,0.0,0.0,0.0,0.0,0.0,0.0,0.0,0.0,0.0,0.0,0.0,0.0,0.0,0.0,False,False,False,False,1,False,,0.0,0,,,,True,True,0.0,0.010026400006609038,True,0.0,0.0,False,False,False,False,False,False,1.0,False,False,False,0.0,0.0,0.0,0.0
1.2503280999953859,1786139943.9946907,0.010025099996710196,0.0029454000177793205,0.010025099996710196,HOLD,32,deadman released,0.010025099996710196,1.2403029999986757,152,-0.085583087647041,0.0,0.0,0.0,0.0,0.0,1.0,-0.085583087647041,0.0,0.0,0.0,0.0,0.0,1.0,-0.016000000000000007,-0.22496149868535165,0.2802328425555495,-0.1305261922200515,0.0,0.0,0.9914448613738105,-0.016000000000000007,-0.22496149868535165,0.2802328425555495,-0.1305261922200515,0.0,0.0,0.9914448613738105,-0.016000000000000007,-0.22496149868535165,0.2802328425555495,-0.1305261922200515,0.0,0.0,0.9914448613738105,-0.016000000000000007,-0.22496149868535165,0.2802328425555495,-0.1305261922200515,0.0,0.0,0.9914448613738105,-0.016000000000000007,-0.22496149868535165,0.2802328425555495,-0.1305261922200515,0.0,0.0,0.9914448613738105,0.0,-0.5235987755982988,0.7853981633974483,0.0,0.5235987755982988,0.0,0.0,-0.5235987755982988,0.7853981633974483,0.0,0.5235987755982988,0.0,0.0,-0.5235987755982988,0.7853981633974483,0.0,0.5235987755982988,0.0,0.0,0.0,0.0,0.0,0.0,0.0,0.0,0.0,0.0,0.0,0.0,0.0,0.0,0.0,0.0,0.0,False,False,False,False,1,False,,0.0,0,,,,True,True,0.0,0.010025099996710196,True,0.0,0.0,False,False,False,False,False,False,1.0,False,False,False,0.0,0.0,0.0,0.0
1.2606661999889184,1786139944.0049653,0.010338099993532524,0.0028833999822381884,0.010338099993532524,HOLD,32,deadman released,0.010338099993532524,1.2503280999953859,154,-0.06547464598779869,0.0,0.0,0.0,0.0,0.0,1.0,-0.06547464598779869,0.0,0.0,0.0,0.0,0.0,1.0,-0.016000000000000007,-0.22496149868535165,0.2802328425555495,-0.1305261922200515,0.0,0.0,0.9914448613738105,-0.016000000000000007,-0.22496149868535165,0.2802328425555495,-0.1305261922200515,0.0,0.0,0.9914448613738105,-0.016000000000000007,-0.22496149868535165,0.2802328425555495,-0.1305261922200515,0.0,0.0,0.9914448613738105,-0.016000000000000007,-0.22496149868535165,0.2802328425555495,-0.1305261922200515,0.0,0.0,0.9914448613738105,-0.016000000000000007,-0.22496149868535165,0.2802328425555495,-0.1305261922200515,0.0,0.0,0.9914448613738105,0.0,-0.5235987755982988,0.7853981633974483,0.0,0.5235987755982988,0.0,0.0,-0.5235987755982988,0.7853981633974483,0.0,0.5235987755982988,0.0,0.0,-0.5235987755982988,0.7853981633974483,0.0,0.5235987755982988,0.0,0.0,0.0,0.0,0.0,0.0,0.0,0.0,0.0,0.0,0.0,0.0,0.0,0.0,0.0,0.0,0.0,False,False,False,False,1,False,,0.0,0,,,,True,True,0.0,0.010338099993532524,True,0.0,0.0,False,False,False,False,False,False,1.0,False,False,False,0.0,0.0,0.0,0.0
1.2707419999933336,1786139944.0153315,0.010075800004415214,0.0031744999869260937,0.010075800004415214,HOLD,32,deadman released,0.010075800004415214,1.2606661999889184,156,-0.05622634302940216,0.0,0.0,0.0,0.0,0.0,1.0,-0.05622634302940216,0.0,0.0,0.0,0.0,0.0,1.0,-0.016000000000000007,-0.22496149868535165,0.2802328425555495,-0.1305261922200515,0.0,0.0,0.9914448613738105,-0.016000000000000007,-0.22496149868535165,0.2802328425555495,-0.1305261922200515,0.0,0.0,0.9914448613738105,-0.016000000000000007,-0.22496149868535165,0.2802328425555495,-0.1305261922200515,0.0,0.0,0.9914448613738105,-0.016000000000000007,-0.22496149868535165,0.2802328425555495,-0.1305261922200515,0.0,0.0,0.9914448613738105,-0.016000000000000007,-0.22496149868535165,0.2802328425555495,-0.1305261922200515,0.0,0.0,0.9914448613738105,0.0,-0.5235987755982988,0.7853981633974483,0.0,0.5235987755982988,0.0,0.0,-0.5235987755982988,0.7853981633974483,0.0,0.5235987755982988,0.0,0.0,-0.5235987755982988,0.7853981633974483,0.0,0.5235987755982988,0.0,0.0,0.0,0.0,0.0,0.0,0.0,0.0,0.0,0.0,0.0,0.0,0.0,0.0,0.0,0.0,0.0,False,False,False,False,1,False,,0.0,0,,,,True,True,0.0,0.010075800004415214,True,0.0,0.0,False,False,False,False,False,False,1.0,False,False,False,0.0,0.0,0.0,0.0
1.281514000002062,1786139944.0256603,0.010772000008728355,0.00272910000057891,0.010772000008728355,HOLD,32,deadman released,0.010772000008728355,1.2707419999933336,157,-0.05622634302940216,0.0,0.0,0.0,0.0,0.0,1.0,-0.05622634302940216,0.0,0.0,0.0,0.0,0.0,1.0,-0.016000000000000007,-0.22496149868535165,0.2802328425555495,-0.1305261922200515,0.0,0.0,0.9914448613738105,-0.016000000000000007,-0.22496149868535165,0.2802328425555495,-0.1305261922200515,0.0,0.0,0.9914448613738105,-0.016000000000000007,-0.22496149868535165,0.2802328425555495,-0.1305261922200515,0.0,0.0,0.9914448613738105,-0.016000000000000007,-0.22496149868535165,0.2802328425555495,-0.1305261922200515,0.0,0.0,0.9914448613738105,-0.016000000000000007,-0.22496149868535165,0.2802328425555495,-0.1305261922200515,0.0,0.0,0.9914448613738105,0.0,-0.5235987755982988,0.7853981633974483,0.0,0.5235987755982988,0.0,0.0,-0.5235987755982988,0.7853981633974483,0.0,0.5235987755982988,0.0,0.0,-0.5235987755982988,0.7853981633974483,0.0,0.5235987755982988,0.0,0.0,0.0,0.0,0.0,0.0,0.0,0.0,0.0,0.0,0.0,0.0,0.0,0.0,0.0,0.0,0.0,False,False,False,False,1,False,,0.0,0,,,,True,True,0.0,0.010772000008728355,True,0.0,0.0,False,False,False,False,False,False,1.0,False,False,False,0.0,0.0,0.0,0.0
1.2903744999784976,1786139944.0349393,0.008860499976435676,0.003134200000204146,0.008860499976435676,HOLD,32,deadman released,0.008860499976435676,1.281514000002062,158,-0.05622634302940216,0.0,0.0,0.0,0.0,0.0,1.0,-0.05622634302940216,0.0,0.0,0.0,0.0,0.0,1.0,-0.016000000000000007,-0.22496149868535165,0.2802328425555495,-0.1305261922200515,0.0,0.0,0.9914448613738105,-0.016000000000000007,-0.22496149868535165,0.2802328425555495,-0.1305261922200515,0.0,0.0,0.9914448613738105,-0.016000000000000007,-0.22496149868535165,0.2802328425555495,-0.1305261922200515,0.0,0.0,0.9914448613738105,-0.016000000000000007,-0.22496149868535165,0.2802328425555495,-0.1305261922200515,0.0,0.0,0.9914448613738105,-0.016000000000000007,-0.22496149868535165,0.2802328425555495,-0.1305261922200515,0.0,0.0,0.9914448613738105,0.0,-0.5235987755982988,0.7853981633974483,0.0,0.5235987755982988,0.0,0.0,-0.5235987755982988,0.7853981633974483,0.0,0.5235987755982988,0.0,0.0,-0.5235987755982988,0.7853981633974483,0.0,0.5235987755982988,0.0,0.0,0.0,0.0,0.0,0.0,0.0,0.0,0.0,0.0,0.0,0.0,0.0,0.0,0.0,0.0,0.0,False,False,False,False,1,False,,0.0,0,,,,True,True,0.0,0.008860499976435676,True,0.0,0.0,False,False,False,False,False,False,1.0,False,False,False,0.0,0.0,0.0,0.0
1.300499699980719,1786139944.0451014,0.01012520000222139,0.00318550001247786,0.01012520000222139,HOLD,32,deadman released,0.01012520000222139,1.2903744999784976,160,-0.034328714908184,0.0,0.0,0.0,0.0,0.0,1.0,-0.034328714908184,0.0,0.0,0.0,0.0,0.0,1.0,-0.016000000000000007,-0.22496149868535165,0.2802328425555495,-0.1305261922200515,0.0,0.0,0.9914448613738105,-0.016000000000000007,-0.22496149868535165,0.2802328425555495,-0.1305261922200515,0.0,0.0,0.9914448613738105,-0.016000000000000007,-0.22496149868535165,0.2802328425555495,-0.1305261922200515,0.0,0.0,0.9914448613738105,-0.016000000000000007,-0.22496149868535165,0.2802328425555495,-0.1305261922200515,0.0,0.0,0.9914448613738105,-0.016000000000000007,-0.22496149868535165,0.2802328425555495,-0.1305261922200515,0.0,0.0,0.9914448613738105,0.0,-0.5235987755982988,0.7853981633974483,0.0,0.5235987755982988,0.0,0.0,-0.5235987755982988,0.7853981633974483,0.0,0.5235987755982988,0.0,0.0,-0.5235987755982988,0.7853981633974483,0.0,0.5235987755982988,0.0,0.0,0.0,0.0,0.0,0.0,0.0,0.0,0.0,0.0,0.0,0.0,0.0,0.0,0.0,0.0,0.0,False,False,False,False,1,False,,0.0,0,,,,True,True,0.0,0.01012520000222139,True,0.0,0.0,False,False,False,False,False,False,1.0,False,False,False,0.0,0.0,0.0,0.0
1.3101506999810226,1786139944.054171,0.009651000000303611,0.002602699998533353,0.009651000000303611,HOLD,32,deadman released,0.009651000000303611,1.300499699980719,162,-0.026878859641473532,0.0,0.0,0.0,0.0,0.0,1.0,-0.026878859641473532,0.0,0.0,0.0,0.0,0.0,1.0,-0.016000000000000007,-0.22496149868535165,0.2802328425555495,-0.1305261922200515,0.0,0.0,0.9914448613738105,-0.016000000000000007,-0.22496149868535165,0.2802328425555495,-0.1305261922200515,0.0,0.0,0.9914448613738105,-0.016000000000000007,-0.22496149868535165,0.2802328425555495,-0.1305261922200515,0.0,0.0,0.9914448613738105,-0.016000000000000007,-0.22496149868535165,0.2802328425555495,-0.1305261922200515,0.0,0.0,0.9914448613738105,-0.016000000000000007,-0.22496149868535165,0.2802328425555495,-0.1305261922200515,0.0,0.0,0.9914448613738105,0.0,-0.5235987755982988,0.7853981633974483,0.0,0.5235987755982988,0.0,0.0,-0.5235987755982988,0.7853981633974483,0.0,0.5235987755982988,0.0,0.0,-0.5235987755982988,0.7853981633974483,0.0,0.5235987755982988,0.0,0.0,0.0,0.0,0.0,0.0,0.0,0.0,0.0,0.0,0.0,0.0,0.0,0.0,0.0,0.0,0.0,False,False,False,False,1,False,,0.0,0,,,,True,True,0.0,0.009651000000303611,True,0.0,0.0,False,False,False,False,False,False,1.0,False,False,False,0.0,0.0,0.0,0.0
1.3201526000048034,1786139944.0643926,0.010001900023780763,0.0028267999878153205,0.010001900023780763,HOLD,32,deadman released,0.010001900023780763,1.3101506999810226,163,-0.026878859641473532,0.0,0.0,0.0,0.0,0.0,1.0,-0.026878859641473532,0.0,0.0,0.0,0.0,0.0,1.0,-0.016000000000000007,-0.22496149868535165,0.2802328425555495,-0.1305261922200515,0.0,0.0,0.9914448613738105,-0.016000000000000007,-0.22496149868535165,0.2802328425555495,-0.1305261922200515,0.0,0.0,0.9914448613738105,-0.016000000000000007,-0.22496149868535165,0.2802328425555495,-0.1305261922200515,0.0,0.0,0.9914448613738105,-0.016000000000000007,-0.22496149868535165,0.2802328425555495,-0.1305261922200515,0.0,0.0,0.9914448613738105,-0.016000000000000007,-0.22496149868535165,0.2802328425555495,-0.1305261922200515,0.0,0.0,0.9914448613738105,0.0,-0.5235987755982988,0.7853981633974483,0.0,0.5235987755982988,0.0,0.0,-0.5235987755982988,0.7853981633974483,0.0,0.5235987755982988,0.0,0.0,-0.5235987755982988,0.7853981633974483,0.0,0.5235987755982988,0.0,0.0,0.0,0.0,0.0,0.0,0.0,0.0,0.0,0.0,0.0,0.0,0.0,0.0,0.0,0.0,0.0,False,False,False,False,1,False,,0.0,0,,,,True,True,0.0,0.010001900023780763,True,0.0,0.0,False,False,False,False,False,False,1.0,False,False,False,0.0,0.0,0.0,0.0
1.3302107999916188,1786139944.074916,0.010058199986815453,0.0032865999964997172,0.010058199986815453,HOLD,32,deadman released,0.010058199986815453,1.3201526000048034,164,-0.026878859641473532,0.0,0.0,0.0,0.0,0.0,1.0,-0.026878859641473532,0.0,0.0,0.0,0.0,0.0,1.0,-0.016000000000000007,-0.22496149868535165,0.2802328425555495,-0.1305261922200515,0.0,0.0,0.9914448613738105,-0.016000000000000007,-0.22496149868535165,0.2802328425555495,-0.1305261922200515,0.0,0.0,0.9914448613738105,-0.016000000000000007,-0.22496149868535165,0.2802328425555495,-0.1305261922200515,0.0,0.0,0.9914448613738105,-0.016000000000000007,-0.22496149868535165,0.2802328425555495,-0.1305261922200515,0.0,0.0,0.9914448613738105,-0.016000000000000007,-0.22496149868535165,0.2802328425555495,-0.1305261922200515,0.0,0.0,0.9914448613738105,0.0,-0.5235987755982988,0.7853981633974483,0.0,0.5235987755982988,0.0,0.0,-0.5235987755982988,0.7853981633974483,0.0,0.5235987755982988,0.0,0.0,-0.5235987755982988,0.7853981633974483,0.0,0.5235987755982988,0.0,0.0,0.0,0.0,0.0,0.0,0.0,0.0,0.0,0.0,0.0,0.0,0.0,0.0,0.0,0.0,0.0,False,False,False,False,1,False,,0.0,0,,,,True,True,0.0,0.010058199986815453,True,0.0,0.0,False,False,False,False,False,False,1.0,False,False,False,0.0,0.0,0.0,0.0
1.3402764999773353,1786139944.0848813,0.010065699985716492,0.003189500013832003,0.010065699985716492,HOLD,32,deadman released,0.010065699985716492,1.3302107999916188,166,0.0034722069341675595,0.0,0.0,0.0,0.0,0.0,1.0,0.0034722069341675595,0.0,0.0,0.0,0.0,0.0,1.0,-0.016000000000000007,-0.22496149868535165,0.2802328425555495,-0.1305261922200515,0.0,0.0,0.9914448613738105,-0.016000000000000007,-0.22496149868535165,0.2802328425555495,-0.1305261922200515,0.0,0.0,0.9914448613738105,-0.016000000000000007,-0.22496149868535165,0.2802328425555495,-0.1305261922200515,0.0,0.0,0.9914448613738105,-0.016000000000000007,-0.22496149868535165,0.2802328425555495,-0.1305261922200515,0.0,0.0,0.9914448613738105,-0.016000000000000007,-0.22496149868535165,0.2802328425555495,-0.1305261922200515,0.0,0.0,0.9914448613738105,0.0,-0.5235987755982988,0.7853981633974483,0.0,0.5235987755982988,0.0,0.0,-0.5235987755982988,0.7853981633974483,0.0,0.5235987755982988,0.0,0.0,-0.5235987755982988,0.7853981633974483,0.0,0.5235987755982988,0.0,0.0,0.0,0.0,0.0,0.0,0.0,0.0,0.0,0.0,0.0,0.0,0.0,0.0,0.0,0.0,0.0,False,False,False,False,1,False,,0.0,0,,,,True,True,0.0,0.010065699985716492,True,0.0,0.0,False,False,False,False,False,False,1.0,False,False,False,0.0,0.0,0.0,0.0
1.3508063000044785,1786139944.0954692,0.01052980002714321,0.0032482999959029257,0.01052980002714321,HOLD,32,deadman released,0.01052980002714321,1.3402764999773353,168,0.014020574500009111,0.0,0.0,0.0,0.0,0.0,1.0,0.014020574500009111,0.0,0.0,0.0,0.0,0.0,1.0,-0.016000000000000007,-0.22496149868535165,0.2802328425555495,-0.1305261922200515,0.0,0.0,0.9914448613738105,-0.016000000000000007,-0.22496149868535165,0.2802328425555495,-0.1305261922200515,0.0,0.0,0.9914448613738105,-0.016000000000000007,-0.22496149868535165,0.2802328425555495,-0.1305261922200515,0.0,0.0,0.9914448613738105,-0.016000000000000007,-0.22496149868535165,0.2802328425555495,-0.1305261922200515,0.0,0.0,0.9914448613738105,-0.016000000000000007,-0.22496149868535165,0.2802328425555495,-0.1305261922200515,0.0,0.0,0.9914448613738105,0.0,-0.5235987755982988,0.7853981633974483,0.0,0.5235987755982988,0.0,0.0,-0.5235987755982988,0.7853981633974483,0.0,0.5235987755982988,0.0,0.0,-0.5235987755982988,0.7853981633974483,0.0,0.5235987755982988,0.0,0.0,0.0,0.0,0.0,0.0,0.0,0.0,0.0,0.0,0.0,0.0,0.0,0.0,0.0,0.0,0.0,False,False,False,False,1,False,,0.0,0,,,,True,True,0.0,0.01052980002714321,True,0.0,0.0,False,False,False,False,False,False,1.0,False,False,False,0.0,0.0,0.0,0.0
1.360325699992245,1786139944.1045325,0.00951939998776652,0.002791200007777661,0.00951939998776652,HOLD,32,deadman released,0.00951939998776652,1.3508063000044785,169,0.014020574500009111,0.0,0.0,0.0,0.0,0.0,1.0,0.014020574500009111,0.0,0.0,0.0,0.0,0.0,1.0,-0.016000000000000007,-0.22496149868535165,0.2802328425555495,-0.1305261922200515,0.0,0.0,0.9914448613738105,-0.016000000000000007,-0.22496149868535165,0.2802328425555495,-0.1305261922200515,0.0,0.0,0.9914448613738105,-0.016000000000000007,-0.22496149868535165,0.2802328425555495,-0.1305261922200515,0.0,0.0,0.9914448613738105,-0.016000000000000007,-0.22496149868535165,0.2802328425555495,-0.1305261922200515,0.0,0.0,0.9914448613738105,-0.016000000000000007,-0.22496149868535165,0.2802328425555495,-0.1305261922200515,0.0,0.0,0.9914448613738105,0.0,-0.5235987755982988,0.7853981633974483,0.0,0.5235987755982988,0.0,0.0,-0.5235987755982988,0.7853981633974483,0.0,0.5235987755982988,0.0,0.0,-0.5235987755982988,0.7853981633974483,0.0,0.5235987755982988,0.0,0.0,0.0,0.0,0.0,0.0,0.0,0.0,0.0,0.0,0.0,0.0,0.0,0.0,0.0,0.0,0.0,False,False,False,False,1,False,,0.0,0,,,,True,True,0.0,0.00951939998776652,True,0.0,0.0,False,False,False,False,False,False,1.0,False,False,False,0.0,0.0,0.0,0.0
1.3704255000047851,1786139944.114791,0.010099800012540072,0.002949300018372014,0.010099800012540072,HOLD,32,deadman released,0.010099800012540072,1.360325699992245,171,0.03319872509753447,0.0,0.0,0.0,0.0,0.0,1.0,0.03319872509753447,0.0,0.0,0.0,0.0,0.0,1.0,-0.016000000000000007,-0.22496149868535165,0.2802328425555495,-0.1305261922200515,0.0,0.0,0.9914448613738105,-0.016000000000000007,-0.22496149868535165,0.2802328425555495,-0.1305261922200515,0.0,0.0,0.9914448613738105,-0.016000000000000007,-0.22496149868535165,0.2802328425555495,-0.1305261922200515,0.0,0.0,0.9914448613738105,-0.016000000000000007,-0.22496149868535165,0.2802328425555495,-0.1305261922200515,0.0,0.0,0.9914448613738105,-0.016000000000000007,-0.22496149868535165,0.2802328425555495,-0.1305261922200515,0.0,0.0,0.9914448613738105,0.0,-0.5235987755982988,0.7853981633974483,0.0,0.5235987755982988,0.0,0.0,-0.5235987755982988,0.7853981633974483,0.0,0.5235987755982988,0.0,0.0,-0.5235987755982988,0.7853981633974483,0.0,0.5235987755982988,0.0,0.0,0.0,0.0,0.0,0.0,0.0,0.0,0.0,0.0,0.0,0.0,0.0,0.0,0.0,0.0,0.0,False,False,False,False,1,False,,0.0,0,,,,True,True,0.0,0.010099800012540072,True,0.0,0.0,False,False,False,False,False,False,1.0,False,False,False,0.0,0.0,0.0,0.0
1.381398600002285,1786139944.1255493,0.010973099997499958,0.0027350999880582094,0.010973099997499958,HOLD,32,deadman released,0.010973099997499958,1.3704255000047851,173,0.04313500460426544,0.0,0.0,0.0,0.0,0.0,1.0,0.04313500460426544,0.0,0.0,0.0,0.0,0.0,1.0,-0.016000000000000007,-0.22496149868535165,0.2802328425555495,-0.1305261922200515,0.0,0.0,0.9914448613738105,-0.016000000000000007,-0.22496149868535165,0.2802328425555495,-0.1305261922200515,0.0,0.0,0.9914448613738105,-0.016000000000000007,-0.22496149868535165,0.2802328425555495,-0.1305261922200515,0.0,0.0,0.9914448613738105,-0.016000000000000007,-0.22496149868535165,0.2802328425555495,-0.1305261922200515,0.0,0.0,0.9914448613738105,-0.016000000000000007,-0.22496149868535165,0.2802328425555495,-0.1305261922200515,0.0,0.0,0.9914448613738105,0.0,-0.5235987755982988,0.7853981633974483,0.0,0.5235987755982988,0.0,0.0,-0.5235987755982988,0.7853981633974483,0.0,0.5235987755982988,0.0,0.0,-0.5235987755982988,0.7853981633974483,0.0,0.5235987755982988,0.0,0.0,0.0,0.0,0.0,0.0,0.0,0.0,0.0,0.0,0.0,0.0,0.0,0.0,0.0,0.0,0.0,False,False,False,False,1,False,,0.0,0,,,,True,True,0.0,0.010973099997499958,True,0.0,0.0,False,False,False,False,False,False,1.0,False,False,False,0.0,0.0,0.0,0.0
1.3908656999992672,1786139944.1353037,0.009467099996982142,0.0030221999913919717,0.009467099996982142,HOLD,32,deadman released,0.009467099996982142,1.381398600002285,174,0.04313500460426544,0.0,0.0,0.0,0.0,0.0,1.0,0.04313500460426544,0.0,0.0,0.0,0.0,0.0,1.0,-0.016000000000000007,-0.22496149868535165,0.2802328425555495,-0.1305261922200515,0.0,0.0,0.9914448613738105,-0.016000000000000007,-0.22496149868535165,0.2802328425555495,-0.1305261922200515,0.0,0.0,0.9914448613738105,-0.016000000000000007,-0.22496149868535165,0.2802328425555495,-0.1305261922200515,0.0,0.0,0.9914448613738105,-0.016000000000000007,-0.22496149868535165,0.2802328425555495,-0.1305261922200515,0.0,0.0,0.9914448613738105,-0.016000000000000007,-0.22496149868535165,0.2802328425555495,-0.1305261922200515,0.0,0.0,0.9914448613738105,0.0,-0.5235987755982988,0.7853981633974483,0.0,0.5235987755982988,0.0,0.0,-0.5235987755982988,0.7853981633974483,0.0,0.5235987755982988,0.0,0.0,-0.5235987755982988,0.7853981633974483,0.0,0.5235987755982988,0.0,0.0,0.0,0.0,0.0,0.0,0.0,0.0,0.0,0.0,0.0,0.0,0.0,0.0,0.0,0.0,0.0,False,False,False,False,1,False,,0.0,0,,,,True,True,0.0,0.009467099996982142,True,0.0,0.0,False,False,False,False,False,False,1.0,False,False,False,0.0,0.0,0.0,0.0
1.4004399999976158,1786139944.1449344,0.009574299998348579,0.0030743000097572803,0.009574299998348579,HOLD,32,deadman released,0.009574299998348579,1.3908656999992672,175,0.04313500460426544,0.0,0.0,0.0,0.0,0.0,1.0,0.04313500460426544,0.0,0.0,0.0,0.0,0.0,1.0,-0.016000000000000007,-0.22496149868535165,0.2802328425555495,-0.1305261922200515,0.0,0.0,0.9914448613738105,-0.016000000000000007,-0.22496149868535165,0.2802328425555495,-0.1305261922200515,0.0,0.0,0.9914448613738105,-0.016000000000000007,-0.22496149868535165,0.2802328425555495,-0.1305261922200515,0.0,0.0,0.9914448613738105,-0.016000000000000007,-0.22496149868535165,0.2802328425555495,-0.1305261922200515,0.0,0.0,0.9914448613738105,-0.016000000000000007,-0.22496149868535165,0.2802328425555495,-0.1305261922200515,0.0,0.0,0.9914448613738105,0.0,-0.5235987755982988,0.7853981633974483,0.0,0.5235987755982988,0.0,0.0,-0.5235987755982988,0.7853981633974483,0.0,0.5235987755982988,0.0,0.0,-0.5235987755982988,0.7853981633974483,0.0,0.5235987755982988,0.0,0.0,0.0,0.0,0.0,0.0,0.0,0.0,0.0,0.0,0.0,0.0,0.0,0.0,0.0,0.0,0.0,False,False,False,False,1,False,,0.0,0,,,,True,True,0.0,0.009574299998348579,True,0.0,0.0,False,False,False,False,False,False,1.0,False,False,False,0.0,0.0,0.0,0.0
1.4104794999875594,1786139944.1548684,0.010039499989943579,0.002973099995870143,0.010039499989943579,HOLD,32,deadman released,0.010039499989943579,1.4004399999976158,177,0.06379955689932236,0.0,0.0,0.0,0.0,0.0,1.0,0.06379955689932236,0.0,0.0,0.0,0.0,0.0,1.0,-0.016000000000000007,-0.22496149868535165,0.2802328425555495,-0.1305261922200515,0.0,0.0,0.9914448613738105,-0.016000000000000007,-0.22496149868535165,0.2802328425555495,-0.1305261922200515,0.0,0.0,0.9914448613738105,-0.016000000000000007,-0.22496149868535165,0.2802328425555495,-0.1305261922200515,0.0,0.0,0.9914448613738105,-0.016000000000000007,-0.22496149868535165,0.2802328425555495,-0.1305261922200515,0.0,0.0,0.9914448613738105,-0.016000000000000007,-0.22496149868535165,0.2802328425555495,-0.1305261922200515,0.0,0.0,0.9914448613738105,0.0,-0.5235987755982988,0.7853981633974483,0.0,0.5235987755982988,0.0,0.0,-0.5235987755982988,0.7853981633974483,0.0,0.5235987755982988,0.0,0.0,-0.5235987755982988,0.7853981633974483,0.0,0.5235987755982988,0.0,0.0,0.0,0.0,0.0,0.0,0.0,0.0,0.0,0.0,0.0,0.0,0.0,0.0,0.0,0.0,0.0,False,False,False,False,1,False,,0.0,0,,,,True,True,0.0,0.010039499989943579,True,0.0,0.0,False,False,False,False,False,False,1.0,False,False,False,0.0,0.0,0.0,0.0
1.4479973999841604,1786139944.1923046,0.037517899996601045,0.0028824000037275255,0.037517899996601045,HOLD,32,deadman released,0.037517899996601045,1.4104794999875594,179,0.06957286792391978,0.0,0.0,0.0,0.0,0.0,1.0,0.06957286792391978,0.0,0.0,0.0,0.0,0.0,1.0,-0.016000000000000007,-0.22496149868535165,0.2802328425555495,-0.1305261922200515,0.0,0.0,0.9914448613738105,-0.016000000000000007,-0.22496149868535165,0.2802328425555495,-0.1305261922200515,0.0,0.0,0.9914448613738105,-0.016000000000000007,-0.22496149868535165,0.2802328425555495,-0.1305261922200515,0.0,0.0,0.9914448613738105,-0.016000000000000007,-0.22496149868535165,0.2802328425555495,-0.1305261922200515,0.0,0.0,0.9914448613738105,-0.016000000000000007,-0.22496149868535165,0.2802328425555495,-0.1305261922200515,0.0,0.0,0.9914448613738105,0.0,-0.5235987755982988,0.7853981633974483,0.0,0.5235987755982988,0.0,0.0,-0.5235987755982988,0.7853981633974483,0.0,0.5235987755982988,0.0,0.0,-0.5235987755982988,0.7853981633974483,0.0,0.5235987755982988,0.0,0.0,0.0,0.0,0.0,0.0,0.0,0.0,0.0,0.0,0.0,0.0,0.0,0.0,0.0,0.0,0.0,False,False,False,False,1,False,,0.0,0,,,,True,True,0.0,0.037517899996601045,True,0.0,0.0,False,False,False,False,False,False,1.0,False,False,False,0.0,0.0,0.0,0.0
1.4582245999772567,1786139944.202576,0.010227199993096292,0.0029346999945119023,0.010227199993096292,HOLD,32,deadman released,0.010227199993096292,1.4479973999841604,181,0.06957286792391978,0.0,0.0,0.0,0.0,0.0,1.0,0.06957286792391978,0.0,0.0,0.0,0.0,0.0,1.0,-0.016000000000000007,-0.22496149868535165,0.2802328425555495,-0.1305261922200515,0.0,0.0,0.9914448613738105,-0.016000000000000007,-0.22496149868535165,0.2802328425555495,-0.1305261922200515,0.0,0.0,0.9914448613738105,-0.016000000000000007,-0.22496149868535165,0.2802328425555495,-0.1305261922200515,0.0,0.0,0.9914448613738105,-0.016000000000000007,-0.22496149868535165,0.2802328425555495,-0.1305261922200515,0.0,0.0,0.9914448613738105,-0.016000000000000007,-0.22496149868535165,0.2802328425555495,-0.1305261922200515,0.0,0.0,0.9914448613738105,0.0,-0.5235987755982988,0.7853981633974483,0.0,0.5235987755982988,0.0,0.0,-0.5235987755982988,0.7853981633974483,0.0,0.5235987755982988,0.0,0.0,-0.5235987755982988,0.7853981633974483,0.0,0.5235987755982988,0.0,0.0,0.0,0.0,0.0,0.0,0.0,0.0,0.0,0.0,0.0,0.0,0.0,0.0,0.0,0.0,0.0,False,False,False,False,1,False,,0.0,0,,,,True,True,0.0,0.010227199993096292,True,0.0,0.0,False,False,False,False,False,False,1.0,False,False,False,0.0,0.0,0.0,0.0
1.4681508999783546,1786139944.2128901,0.009926300001097843,0.003317900002002716,0.009926300001097843,HOLD,32,deadman released,0.009926300001097843,1.4582245999772567,182,0.06957286792391978,0.0,0.0,0.0,0.0,0.0,1.0,0.06957286792391978,0.0,0.0,0.0,0.0,0.0,1.0,-0.016000000000000007,-0.22496149868535165,0.2802328425555495,-0.1305261922200515,0.0,0.0,0.9914448613738105,-0.016000000000000007,-0.22496149868535165,0.2802328425555495,-0.1305261922200515,0.0,0.0,0.9914448613738105,-0.016000000000000007,-0.22496149868535165,0.2802328425555495,-0.1305261922200515,0.0,0.0,0.9914448613738105,-0.016000000000000007,-0.22496149868535165,0.2802328425555495,-0.1305261922200515,0.0,0.0,0.9914448613738105,-0.016000000000000007,-0.22496149868535165,0.2802328425555495,-0.1305261922200515,0.0,0.0,0.9914448613738105,0.0,-0.5235987755982988,0.7853981633974483,0.0,0.5235987755982988,0.0,0.0,-0.5235987755982988,0.7853981633974483,0.0,0.5235987755982988,0.0,0.0,-0.5235987755982988,0.7853981633974483,0.0,0.5235987755982988,0.0,0.0,0.0,0.0,0.0,0.0,0.0,0.0,0.0,0.0,0.0,0.0,0.0,0.0,0.0,0.0,0.0,False,False,False,False,1,False,,0.0,0,,,,True,True,0.0,0.009926300001097843,True,0.0,0.0,False,False,False,False,False,False,1.0,False,False,False,0.0,0.0,0.0,0.0
1.4781877000059467,1786139944.2225356,0.010036800027592108,0.0029325000068638474,0.010036800027592108,HOLD,32,deadman released,0.010036800027592108,1.4681508999783546,184,0.09703172141527128,0.0,0.0,0.0,0.0,0.0,1.0,0.09703172141527128,0.0,0.0,0.0,0.0,0.0,1.0,-0.016000000000000007,-0.22496149868535165,0.2802328425555495,-0.1305261922200515,0.0,0.0,0.9914448613738105,-0.016000000000000007,-0.22496149868535165,0.2802328425555495,-0.1305261922200515,0.0,0.0,0.9914448613738105,-0.016000000000000007,-0.22496149868535165,0.2802328425555495,-0.1305261922200515,0.0,0.0,0.9914448613738105,-0.016000000000000007,-0.22496149868535165,0.2802328425555495,-0.1305261922200515,0.0,0.0,0.9914448613738105,-0.016000000000000007,-0.22496149868535165,0.2802328425555495,-0.1305261922200515,0.0,0.0,0.9914448613738105,0.0,-0.5235987755982988,0.7853981633974483,0.0,0.5235987755982988,0.0,0.0,-0.5235987755982988,0.7853981633974483,0.0,0.5235987755982988,0.0,0.0,-0.5235987755982988,0.7853981633974483,0.0,0.5235987755982988,0.0,0.0,0.0,0.0,0.0,0.0,0.0,0.0,0.0,0.0,0.0,0.0,0.0,0.0,0.0,0.0,0.0,False,False,False,False,1,False,,0.0,0,,,,True,True,0.0,0.010036800027592108,True,0.0,0.0,False,False,False,False,False,False,1.0,False,False,False,0.0,0.0,0.0,0.0
1.488181099994108,1786139944.2323658,0.0099933999881614,0.0027692999865394086,0.0099933999881614,HOLD,32,deadman released,0.0099933999881614,1.4781877000059467,186,0.09858450256065547,0.0,0.0,0.0,0.0,0.0,1.0,0.09858450256065547,0.0,0.0,0.0,0.0,0.0,1.0,-0.016000000000000007,-0.22496149868535165,0.2802328425555495,-0.1305261922200515,0.0,0.0,0.9914448613738105,-0.016000000000000007,-0.22496149868535165,0.2802328425555495,-0.1305261922200515,0.0,0.0,0.9914448613738105,-0.016000000000000007,-0.22496149868535165,0.2802328425555495,-0.1305261922200515,0.0,0.0,0.9914448613738105,-0.016000000000000007,-0.22496149868535165,0.2802328425555495,-0.1305261922200515,0.0,0.0,0.9914448613738105,-0.016000000000000007,-0.22496149868535165,0.2802328425555495,-0.1305261922200515,0.0,0.0,0.9914448613738105,0.0,-0.5235987755982988,0.7853981633974483,0.0,0.5235987755982988,0.0,0.0,-0.5235987755982988,0.7853981633974483,0.0,0.5235987755982988,0.0,0.0,-0.5235987755982988,0.7853981633974483,0.0,0.5235987755982988,0.0,0.0,0.0,0.0,0.0,0.0,0.0,0.0,0.0,0.0,0.0,0.0,0.0,0.0,0.0,0.0,0.0,False,False,False,False,1,False,,0.0,0,,,,True,True,0.0,0.0099933999881614,True,0.0,0.0,False,False,False,False,False,False,1.0,False,False,False,0.0,0.0,0.0,0.0
1.4984494999807794,1786139944.2425368,0.010268399986671284,0.0026727999793365598,0.010268399986671284,HOLD,32,deadman released,0.010268399986671284,1.488181099994108,188,0.0998854705018194,0.0,0.0,0.0,0.0,0.0,1.0,0.0998854705018194,0.0,0.0,0.0,0.0,0.0,1.0,-0.016000000000000007,-0.22496149868535165,0.2802328425555495,-0.1305261922200515,0.0,0.0,0.9914448613738105,-0.016000000000000007,-0.22496149868535165,0.2802328425555495,-0.1305261922200515,0.0,0.0,0.9914448613738105,-0.016000000000000007,-0.22496149868535165,0.2802328425555495,-0.1305261922200515,0.0,0.0,0.9914448613738105,-0.016000000000000007,-0.22496149868535165,0.2802328425555495,-0.1305261922200515,0.0,0.0,0.9914448613738105,-0.016000000000000007,-0.22496149868535165,0.2802328425555495,-0.1305261922200515,0.0,0.0,0.9914448613738105,0.0,-0.5235987755982988,0.7853981633974483,0.0,0.5235987755982988,0.0,0.0,-0.5235987755982988,0.7853981633974483,0.0,0.5235987755982988,0.0,0.0,-0.5235987755982988,0.7853981633974483,0.0,0.5235987755982988,0.0,0.0,0.0,0.0,0.0,0.0,0.0,0.0,0.0,0.0,0.0,0.0,0.0,0.0,0.0,0.0,0.0,False,False,False,False,1,False,,0.0,0,,,,True,True,0.0,0.010268399986671284,True,0.0,0.0,False,False,False,False,False,False,1.0,False,False,False,0.0,0.0,0.0,0.0
1.5082517999981064,1786139944.2529247,0.00980230001732707,0.00325660000089556,0.00980230001732707,HOLD,32,deadman released,0.00980230001732707,1.4984494999807794,189,0.0998854705018194,0.0,0.0,0.0,0.0,0.0,1.0,0.0998854705018194,0.0,0.0,0.0,0.0,0.0,1.0,-0.016000000000000007,-0.22496149868535165,0.2802328425555495,-0.1305261922200515,0.0,0.0,0.9914448613738105,-0.016000000000000007,-0.22496149868535165,0.2802328425555495,-0.1305261922200515,0.0,0.0,0.9914448613738105,-0.016000000000000007,-0.22496149868535165,0.2802328425555495,-0.1305261922200515,0.0,0.0,0.9914448613738105,-0.016000000000000007,-0.22496149868535165,0.2802328425555495,-0.1305261922200515,0.0,0.0,0.9914448613738105,-0.016000000000000007,-0.22496149868535165,0.2802328425555495,-0.1305261922200515,0.0,0.0,0.9914448613738105,0.0,-0.5235987755982988,0.7853981633974483,0.0,0.5235987755982988,0.0,0.0,-0.5235987755982988,0.7853981633974483,0.0,0.5235987755982988,0.0,0.0,-0.5235987755982988,0.7853981633974483,0.0,0.5235987755982988,0.0,0.0,0.0,0.0,0.0,0.0,0.0,0.0,0.0,0.0,0.0,0.0,0.0,0.0,0.0,0.0,0.0,False,False,False,False,1,False,,0.0,0,,,,True,True,0.0,0.00980230001732707,True,0.0,0.0,False,False,False,False,False,False,1.0,False,False,False,0.0,0.0,0.0,0.0
1.5180725999816786,1786139944.2625546,0.009820799983572215,0.003067400015424937,0.009820799983572215,HOLD,32,deadman released,0.009820799983572215,1.5082517999981064,191,0.0987888139658201,0.0,0.0,0.0,0.0,0.0,1.0,0.0987888139658201,0.0,0.0,0.0,0.0,0.0,1.0,-0.016000000000000007,-0.22496149868535165,0.2802328425555495,-0.1305261922200515,0.0,0.0,0.9914448613738105,-0.016000000000000007,-0.22496149868535165,0.2802328425555495,-0.1305261922200515,0.0,0.0,0.9914448613738105,-0.016000000000000007,-0.22496149868535165,0.2802328425555495,-0.1305261922200515,0.0,0.0,0.9914448613738105,-0.016000000000000007,-0.22496149868535165,0.2802328425555495,-0.1305261922200515,0.0,0.0,0.9914448613738105,-0.016000000000000007,-0.22496149868535165,0.2802328425555495,-0.1305261922200515,0.0,0.0,0.9914448613738105,0.0,-0.5235987755982988,0.7853981633974483,0.0,0.5235987755982988,0.0,0.0,-0.5235987755982988,0.7853981633974483,0.0,0.5235987755982988,0.0,0.0,-0.5235987755982988,0.7853981633974483,0.0,0.5235987755982988,0.0,0.0,0.0,0.0,0.0,0.0,0.0,0.0,0.0,0.0,0.0,0.0,0.0,0.0,0.0,0.0,0.0,False,False,False,False,1,False,,0.0,0,,,,True,True,0.0,0.009820799983572215,True,0.0,0.0,False,False,False,False,False,False,1.0,False,False,False,0.0,0.0,0.0,0.0
1.528064699989045,1786139944.2721214,0.009992100007366389,0.0026408999983686954,0.009992100007366389,HOLD,32,deadman released,0.009992100007366389,1.5180725999816786,193,0.09774570889403844,0.0,0.0,0.0,0.0,0.0,1.0,0.09774570889403844,0.0,0.0,0.0,0.0,0.0,1.0,-0.016000000000000007,-0.22496149868535165,0.2802328425555495,-0.1305261922200515,0.0,0.0,0.9914448613738105,-0.016000000000000007,-0.22496149868535165,0.2802328425555495,-0.1305261922200515,0.0,0.0,0.9914448613738105,-0.016000000000000007,-0.22496149868535165,0.2802328425555495,-0.1305261922200515,0.0,0.0,0.9914448613738105,-0.016000000000000007,-0.22496149868535165,0.2802328425555495,-0.1305261922200515,0.0,0.0,0.9914448613738105,-0.016000000000000007,-0.22496149868535165,0.2802328425555495,-0.1305261922200515,0.0,0.0,0.9914448613738105,0.0,-0.5235987755982988,0.7853981633974483,0.0,0.5235987755982988,0.0,0.0,-0.5235987755982988,0.7853981633974483,0.0,0.5235987755982988,0.0,0.0,-0.5235987755982988,0.7853981633974483,0.0,0.5235987755982988,0.0,0.0,0.0,0.0,0.0,0.0,0.0,0.0,0.0,0.0,0.0,0.0,0.0,0.0,0.0,0.0,0.0,False,False,False,False,1,False,,0.0,0,,,,True,True,0.0,0.009992100007366389,True,0.0,0.0,False,False,False,False,False,False,1.0,False,False,False,0.0,0.0,0.0,0.0
1.5380790999915916,1786139944.2824087,0.010014400002546608,0.0029152999923098832,0.010014400002546608,HOLD,32,deadman released,0.010014400002546608,1.528064699989045,194,0.09774570889403844,0.0,0.0,0.0,0.0,0.0,1.0,0.09774570889403844,0.0,0.0,0.0,0.0,0.0,1.0,-0.016000000000000007,-0.22496149868535165,0.2802328425555495,-0.1305261922200515,0.0,0.0,0.9914448613738105,-0.016000000000000007,-0.22496149868535165,0.2802328425555495,-0.1305261922200515,0.0,0.0,0.9914448613738105,-0.016000000000000007,-0.22496149868535165,0.2802328425555495,-0.1305261922200515,0.0,0.0,0.9914448613738105,-0.016000000000000007,-0.22496149868535165,0.2802328425555495,-0.1305261922200515,0.0,0.0,0.9914448613738105,-0.016000000000000007,-0.22496149868535165,0.2802328425555495,-0.1305261922200515,0.0,0.0,0.9914448613738105,0.0,-0.5235987755982988,0.7853981633974483,0.0,0.5235987755982988,0.0,0.0,-0.5235987755982988,0.7853981633974483,0.0,0.5235987755982988,0.0,0.0,-0.5235987755982988,0.7853981633974483,0.0,0.5235987755982988,0.0,0.0,0.0,0.0,0.0,0.0,0.0,0.0,0.0,0.0,0.0,0.0,0.0,0.0,0.0,0.0,0.0,False,False,False,False,1,False,,0.0,0,,,,True,True,0.0,0.010014400002546608,True,0.0,0.0,False,False,False,False,False,False,1.0,False,False,False,0.0,0.0,0.0,0.0
1.5490776999795344,1786139944.2932603,0.010998599987942725,0.0027666999958455563,0.010998599987942725,HOLD,32,deadman released,0.010998599987942725,1.5380790999915916,196,0.0923601452482659,0.0,0.0,0.0,0.0,0.0,1.0,0.0923601452482659,0.0,0.0,0.0,0.0,0.0,1.0,-0.016000000000000007,-0.22496149868535165,0.2802328425555495,-0.1305261922200515,0.0,0.0,0.9914448613738105,-0.016000000000000007,-0.22496149868535165,0.2802328425555495,-0.1305261922200515,0.0,0.0,0.9914448613738105,-0.016000000000000007,-0.22496149868535165,0.2802328425555495,-0.1305261922200515,0.0,0.0,0.9914448613738105,-0.016000000000000007,-0.22496149868535165,0.2802328425555495,-0.1305261922200515,0.0,0.0,0.9914448613738105,-0.016000000000000007,-0.22496149868535165,0.2802328425555495,-0.1305261922200515,0.0,0.0,0.9914448613738105,0.0,-0.5235987755982988,0.7853981633974483,0.0,0.5235987755982988,0.0,0.0,-0.5235987755982988,0.7853981633974483,0.0,0.5235987755982988,0.0,0.0,-0.5235987755982988,0.7853981633974483,0.0,0.5235987755982988,0.0,0.0,0.0,0.0,0.0,0.0,0.0,0.0,0.0,0.0,0.0,0.0,0.0,0.0,0.0,0.0,0.0,False,False,False,False,1,False,,0.0,0,,,,True,True,0.0,0.010998599987942725,True,0.0,0.0,False,False,False,False,False,False,1.0,False,False,False,0.0,0.0,0.0,0.0
1.55811939999694,1786139944.302647,0.009041700017405674,0.003105999989202246,0.009041700017405674,HOLD,32,deadman released,0.009041700017405674,1.5490776999795344,197,0.0923601452482659,0.0,0.0,0.0,0.0,0.0,1.0,0.0923601452482659,0.0,0.0,0.0,0.0,0.0,1.0,-0.016000000000000007,-0.22496149868535165,0.2802328425555495,-0.1305261922200515,0.0,0.0,0.9914448613738105,-0.016000000000000007,-0.22496149868535165,0.2802328425555495,-0.1305261922200515,0.0,0.0,0.9914448613738105,-0.016000000000000007,-0.22496149868535165,0.2802328425555495,-0.1305261922200515,0.0,0.0,0.9914448613738105,-0.016000000000000007,-0.22496149868535165,0.2802328425555495,-0.1305261922200515,0.0,0.0,0.9914448613738105,-0.016000000000000007,-0.22496149868535165,0.2802328425555495,-0.1305261922200515,0.0,0.0,0.9914448613738105,0.0,-0.5235987755982988,0.7853981633974483,0.0,0.5235987755982988,0.0,0.0,-0.5235987755982988,0.7853981633974483,0.0,0.5235987755982988,0.0,0.0,-0.5235987755982988,0.7853981633974483,0.0,0.5235987755982988,0.0,0.0,0.0,0.0,0.0,0.0,0.0,0.0,0.0,0.0,0.0,0.0,0.0,0.0,0.0,0.0,0.0,False,False,False,False,1,False,,0.0,0,,,,True,True,0.0,0.009041700017405674,True,0.0,0.0,False,False,False,False,False,False,1.0,False,False,False,0.0,0.0,0.0,0.0
1.5681436999875586,1786139944.312768,0.010024299990618601,0.0032073999755084515,0.010024299990618601,HOLD,32,deadman released,0.010024299990618601,1.55811939999694,199,0.08256801815499726,0.0,0.0,0.0,0.0,0.0,1.0,0.08256801815499726,0.0,0.0,0.0,0.0,0.0,1.0,-0.016000000000000007,-0.22496149868535165,0.2802328425555495,-0.1305261922200515,0.0,0.0,0.9914448613738105,-0.016000000000000007,-0.22496149868535165,0.2802328425555495,-0.1305261922200515,0.0,0.0,0.9914448613738105,-0.016000000000000007,-0.22496149868535165,0.2802328425555495,-0.1305261922200515,0.0,0.0,0.9914448613738105,-0.016000000000000007,-0.22496149868535165,0.2802328425555495,-0.1305261922200515,0.0,0.0,0.9914448613738105,-0.016000000000000007,-0.22496149868535165,0.2802328425555495,-0.1305261922200515,0.0,0.0,0.9914448613738105,0.0,-0.5235987755982988,0.7853981633974483,0.0,0.5235987755982988,0.0,0.0,-0.5235987755982988,0.7853981633974483,0.0,0.5235987755982988,0.0,0.0,-0.5235987755982988,0.7853981633974483,0.0,0.5235987755982988,0.0,0.0,0.0,0.0,0.0,0.0,0.0,0.0,0.0,0.0,0.0,0.0,0.0,0.0,0.0,0.0,0.0,False,False,False,False,1,False,,0.0,0,,,,True,True,0.0,0.010024299990618601,True,0.0,0.0,False,False,False,False,False,False,1.0,False,False,False,0.0,0.0,0.0,0.0
1.5783407999842893,1786139944.3224242,0.010197099996730685,0.002666999993380159,0.010197099996730685,HOLD,32,deadman released,0.010197099996730685,1.5681436999875586,201,0.07777554561669109,0.0,0.0,0.0,0.0,0.0,1.0,0.07777554561669109,0.0,0.0,0.0,0.0,0.0,1.0,-0.016000000000000007,-0.22496149868535165,0.2802328425555495,-0.1305261922200515,0.0,0.0,0.9914448613738105,-0.016000000000000007,-0.22496149868535165,0.2802328425555495,-0.1305261922200515,0.0,0.0,0.9914448613738105,-0.016000000000000007,-0.22496149868535165,0.2802328425555495,-0.1305261922200515,0.0,0.0,0.9914448613738105,-0.016000000000000007,-0.22496149868535165,0.2802328425555495,-0.1305261922200515,0.0,0.0,0.9914448613738105,-0.016000000000000007,-0.22496149868535165,0.2802328425555495,-0.1305261922200515,0.0,0.0,0.9914448613738105,0.0,-0.5235987755982988,0.7853981633974483,0.0,0.5235987755982988,0.0,0.0,-0.5235987755982988,0.7853981633974483,0.0,0.5235987755982988,0.0,0.0,-0.5235987755982988,0.7853981633974483,0.0,0.5235987755982988,0.0,0.0,0.0,0.0,0.0,0.0,0.0,0.0,0.0,0.0,0.0,0.0,0.0,0.0,0.0,0.0,0.0,False,False,False,False,1,False,,0.0,0,,,,True,True,0.0,0.010197099996730685,True,0.0,0.0,False,False,False,False,False,False,1.0,False,False,False,0.0,0.0,0.0,0.0
1.5904498999880161,1786139944.3357327,0.01210910000372678,0.00386850000359118,0.01210910000372678,HOLD,32,deadman released,0.01210910000372678,1.5783407999842893,202,0.07777554561669109,0.0,0.0,0.0,0.0,0.0,1.0,0.07777554561669109,0.0,0.0,0.0,0.0,0.0,1.0,-0.016000000000000007,-0.22496149868535165,0.2802328425555495,-0.1305261922200515,0.0,0.0,0.9914448613738105,-0.016000000000000007,-0.22496149868535165,0.2802328425555495,-0.1305261922200515,0.0,0.0,0.9914448613738105,-0.016000000000000007,-0.22496149868535165,0.2802328425555495,-0.1305261922200515,0.0,0.0,0.9914448613738105,-0.016000000000000007,-0.22496149868535165,0.2802328425555495,-0.1305261922200515,0.0,0.0,0.9914448613738105,-0.016000000000000007,-0.22496149868535165,0.2802328425555495,-0.1305261922200515,0.0,0.0,0.9914448613738105,0.0,-0.5235987755982988,0.7853981633974483,0.0,0.5235987755982988,0.0,0.0,-0.5235987755982988,0.7853981633974483,0.0,0.5235987755982988,0.0,0.0,-0.5235987755982988,0.7853981633974483,0.0,0.5235987755982988,0.0,0.0,0.0,0.0,0.0,0.0,0.0,0.0,0.0,0.0,0.0,0.0,0.0,0.0,0.0,0.0,0.0,False,False,False,False,1,False,,0.0,0,,,,True,True,0.0,0.01210910000372678,True,0.0,0.0,False,False,False,False,False,False,1.0,False,False,False,0.0,0.0,0.0,0.0
1.5983840999833774,1786139944.3423586,0.007934199995361269,0.0025550000136718154,0.007934199995361269,HOLD,32,deadman released,0.007934199995361269,1.5904498999880161,203,0.07777554561669109,0.0,0.0,0.0,0.0,0.0,1.0,0.07777554561669109,0.0,0.0,0.0,0.0,0.0,1.0,-0.016000000000000007,-0.22496149868535165,0.2802328425555495,-0.1305261922200515,0.0,0.0,0.9914448613738105,-0.016000000000000007,-0.22496149868535165,0.2802328425555495,-0.1305261922200515,0.0,0.0,0.9914448613738105,-0.016000000000000007,-0.22496149868535165,0.2802328425555495,-0.1305261922200515,0.0,0.0,0.9914448613738105,-0.016000000000000007,-0.22496149868535165,0.2802328425555495,-0.1305261922200515,0.0,0.0,0.9914448613738105,-0.016000000000000007,-0.22496149868535165,0.2802328425555495,-0.1305261922200515,0.0,0.0,0.9914448613738105,0.0,-0.5235987755982988,0.7853981633974483,0.0,0.5235987755982988,0.0,0.0,-0.5235987755982988,0.7853981633974483,0.0,0.5235987755982988,0.0,0.0,-0.5235987755982988,0.7853981633974483,0.0,0.5235987755982988,0.0,0.0,0.0,0.0,0.0,0.0,0.0,0.0,0.0,0.0,0.0,0.0,0.0,0.0,0.0,0.0,0.0,False,False,False,False,1,False,,0.0,0,,,,True,True,0.0,0.007934199995361269,True,0.0,0.0,False,False,False,False,False,False,1.0,False,False,False,0.0,0.0,0.0,0.0
1.6084019999834709,1786139944.3531573,0.010017900000093505,0.0033404999994672835,0.010017900000093505,HOLD,32,deadman released,0.010017900000093505,1.5983840999833774,205,0.05490740194881594,0.0,0.0,0.0,0.0,0.0,1.0,0.05490740194881594,0.0,0.0,0.0,0.0,0.0,1.0,-0.016000000000000007,-0.22496149868535165,0.2802328425555495,-0.1305261922200515,0.0,0.0,0.9914448613738105,-0.016000000000000007,-0.22496149868535165,0.2802328425555495,-0.1305261922200515,0.0,0.0,0.9914448613738105,-0.016000000000000007,-0.22496149868535165,0.2802328425555495,-0.1305261922200515,0.0,0.0,0.9914448613738105,-0.016000000000000007,-0.22496149868535165,0.2802328425555495,-0.1305261922200515,0.0,0.0,0.9914448613738105,-0.016000000000000007,-0.22496149868535165,0.2802328425555495,-0.1305261922200515,0.0,0.0,0.9914448613738105,0.0,-0.5235987755982988,0.7853981633974483,0.0,0.5235987755982988,0.0,0.0,-0.5235987755982988,0.7853981633974483,0.0,0.5235987755982988,0.0,0.0,-0.5235987755982988,0.7853981633974483,0.0,0.5235987755982988,0.0,0.0,0.0,0.0,0.0,0.0,0.0,0.0,0.0,0.0,0.0,0.0,0.0,0.0,0.0,0.0,0.0,False,False,False,False,1,False,,0.0,0,,,,True,True,0.0,0.010017900000093505,True,0.0,0.0,False,False,False,False,False,False,1.0,False,False,False,0.0,0.0,0.0,0.0
1.6185542999883182,1786139944.3632014,0.010152300004847348,0.0032304000051226467,0.010152300004847348,HOLD,32,deadman released,0.010152300004847348,1.6084019999834709,207,0.048584348441148395,0.0,0.0,0.0,0.0,0.0,1.0,0.048584348441148395,0.0,0.0,0.0,0.0,0.0,1.0,-0.016000000000000007,-0.22496149868535165,0.2802328425555495,-0.1305261922200515,0.0,0.0,0.9914448613738105,-0.016000000000000007,-0.22496149868535165,0.2802328425555495,-0.1305261922200515,0.0,0.0,0.9914448613738105,-0.016000000000000007,-0.22496149868535165,0.2802328425555495,-0.1305261922200515,0.0,0.0,0.9914448613738105,-0.016000000000000007,-0.22496149868535165,0.2802328425555495,-0.1305261922200515,0.0,0.0,0.9914448613738105,-0.016000000000000007,-0.22496149868535165,0.2802328425555495,-0.1305261922200515,0.0,0.0,0.9914448613738105,0.0,-0.5235987755982988,0.7853981633974483,0.0,0.5235987755982988,0.0,0.0,-0.5235987755982988,0.7853981633974483,0.0,0.5235987755982988,0.0,0.0,-0.5235987755982988,0.7853981633974483,0.0,0.5235987755982988,0.0,0.0,0.0,0.0,0.0,0.0,0.0,0.0,0.0,0.0,0.0,0.0,0.0,0.0,0.0,0.0,0.0,False,False,False,False,1,False,,0.0,0,,,,True,True,0.0,0.010152300004847348,True,0.0,0.0,False,False,False,False,False,False,1.0,False,False,False,0.0,0.0,0.0,0.0
1.6284583999949973,1786139944.372228,0.009904100006679073,0.0023535999935120344,0.009904100006679073,HOLD,32,deadman released,0.009904100006679073,1.6185542999883182,208,0.048584348441148395,0.0,0.0,0.0,0.0,0.0,1.0,0.048584348441148395,0.0,0.0,0.0,0.0,0.0,1.0,-0.016000000000000007,-0.22496149868535165,0.2802328425555495,-0.1305261922200515,0.0,0.0,0.9914448613738105,-0.016000000000000007,-0.22496149868535165,0.2802328425555495,-0.1305261922200515,0.0,0.0,0.9914448613738105,-0.016000000000000007,-0.22496149868535165,0.2802328425555495,-0.1305261922200515,0.0,0.0,0.9914448613738105,-0.016000000000000007,-0.22496149868535165,0.2802328425555495,-0.1305261922200515,0.0,0.0,0.9914448613738105,-0.016000000000000007,-0.22496149868535165,0.2802328425555495,-0.1305261922200515,0.0,0.0,0.9914448613738105,0.0,-0.5235987755982988,0.7853981633974483,0.0,0.5235987755982988,0.0,0.0,-0.5235987755982988,0.7853981633974483,0.0,0.5235987755982988,0.0,0.0,-0.5235987755982988,0.7853981633974483,0.0,0.5235987755982988,0.0,0.0,0.0,0.0,0.0,0.0,0.0,0.0,0.0,0.0,0.0,0.0,0.0,0.0,0.0,0.0,0.0,False,False,False,False,1,False,,0.0,0,,,,True,True,0.0,0.009904100006679073,True,0.0,0.0,False,False,False,False,False,False,1.0,False,False,False,0.0,0.0,0.0,0.0
1.6397571999987122,1786139944.384314,0.01129880000371486,0.003140300017548725,0.01129880000371486,HOLD,32,deadman released,0.01129880000371486,1.6284583999949973,210,0.029859957906564406,0.0,0.0,0.0,0.0,0.0,1.0,0.029859957906564406,0.0,0.0,0.0,0.0,0.0,1.0,-0.016000000000000007,-0.22496149868535165,0.2802328425555495,-0.1305261922200515,0.0,0.0,0.9914448613738105,-0.016000000000000007,-0.22496149868535165,0.2802328425555495,-0.1305261922200515,0.0,0.0,0.9914448613738105,-0.016000000000000007,-0.22496149868535165,0.2802328425555495,-0.1305261922200515,0.0,0.0,0.9914448613738105,-0.016000000000000007,-0.22496149868535165,0.2802328425555495,-0.1305261922200515,0.0,0.0,0.9914448613738105,-0.016000000000000007,-0.22496149868535165,0.2802328425555495,-0.1305261922200515,0.0,0.0,0.9914448613738105,0.0,-0.5235987755982988,0.7853981633974483,0.0,0.5235987755982988,0.0,0.0,-0.5235987755982988,0.7853981633974483,0.0,0.5235987755982988,0.0,0.0,-0.5235987755982988,0.7853981633974483,0.0,0.5235987755982988,0.0,0.0,0.0,0.0,0.0,0.0,0.0,0.0,0.0,0.0,0.0,0.0,0.0,0.0,0.0,0.0,0.0,False,False,False,False,1,False,,0.0,0,,,,True,True,0.0,0.01129880000371486,True,0.0,0.0,False,False,False,False,False,False,1.0,False,False,False,0.0,0.0,0.0,0.0
1.6484932999883313,1786139944.3927732,0.008736099989619106,0.0028634000045713037,0.008736099989619106,HOLD,32,deadman released,0.008736099989619106,1.6397571999987122,211,0.029859957906564406,0.0,0.0,0.0,0.0,0.0,1.0,0.029859957906564406,0.0,0.0,0.0,0.0,0.0,1.0,-0.016000000000000007,-0.22496149868535165,0.2802328425555495,-0.1305261922200515,0.0,0.0,0.9914448613738105,-0.016000000000000007,-0.22496149868535165,0.2802328425555495,-0.1305261922200515,0.0,0.0,0.9914448613738105,-0.016000000000000007,-0.22496149868535165,0.2802328425555495,-0.1305261922200515,0.0,0.0,0.9914448613738105,-0.016000000000000007,-0.22496149868535165,0.2802328425555495,-0.1305261922200515,0.0,0.0,0.9914448613738105,-0.016000000000000007,-0.22496149868535165,0.2802328425555495,-0.1305261922200515,0.0,0.0,0.9914448613738105,0.0,-0.5235987755982988,0.7853981633974483,0.0,0.5235987755982988,0.0,0.0,-0.5235987755982988,0.7853981633974483,0.0,0.5235987755982988,0.0,0.0,-0.5235987755982988,0.7853981633974483,0.0,0.5235987755982988,0.0,0.0,0.0,0.0,0.0,0.0,0.0,0.0,0.0,0.0,0.0,0.0,0.0,0.0,0.0,0.0,0.0,False,False,False,False,1,False,,0.0,0,,,,True,True,0.0,0.008736099989619106,True,0.0,0.0,False,False,False,False,False,False,1.0,False,False,False,0.0,0.0,0.0,0.0
1.658955299993977,1786139944.403442,0.010462000005645677,0.0030716999899595976,0.010462000005645677,HOLD,32,deadman released,0.010462000005645677,1.6484932999883313,213,0.009687185155801093,0.0,0.0,0.0,0.0,0.0,1.0,0.009687185155801093,0.0,0.0,0.0,0.0,0.0,1.0,-0.016000000000000007,-0.22496149868535165,0.2802328425555495,-0.1305261922200515,0.0,0.0,0.9914448613738105,-0.016000000000000007,-0.22496149868535165,0.2802328425555495,-0.1305261922200515,0.0,0.0,0.9914448613738105,-0.016000000000000007,-0.22496149868535165,0.2802328425555495,-0.1305261922200515,0.0,0.0,0.9914448613738105,-0.016000000000000007,-0.22496149868535165,0.2802328425555495,-0.1305261922200515,0.0,0.0,0.9914448613738105,-0.016000000000000007,-0.22496149868535165,0.2802328425555495,-0.1305261922200515,0.0,0.0,0.9914448613738105,0.0,-0.5235987755982988,0.7853981633974483,0.0,0.5235987755982988,0.0,0.0,-0.5235987755982988,0.7853981633974483,0.0,0.5235987755982988,0.0,0.0,-0.5235987755982988,0.7853981633974483,0.0,0.5235987755982988,0.0,0.0,0.0,0.0,0.0,0.0,0.0,0.0,0.0,0.0,0.0,0.0,0.0,0.0,0.0,0.0,0.0,False,False,False,False,1,False,,0.0,0,,,,True,True,0.0,0.010462000005645677,True,0.0,0.0,False,False,False,False,False,False,1.0,False,False,False,0.0,0.0,0.0,0.0
1.66900659998646,1786139944.4134908,0.01005129999248311,0.0030685999954584986,0.01005129999248311,HOLD,32,deadman released,0.01005129999248311,1.658955299993977,215,-0.0014837197729058189,0.0,0.0,0.0,0.0,0.0,1.0,-0.0014837197729058189,0.0,0.0,0.0,0.0,0.0,1.0,-0.016000000000000007,-0.22496149868535165,0.2802328425555495,-0.1305261922200515,0.0,0.0,0.9914448613738105,-0.016000000000000007,-0.22496149868535165,0.2802328425555495,-0.1305261922200515,0.0,0.0,0.9914448613738105,-0.016000000000000007,-0.22496149868535165,0.2802328425555495,-0.1305261922200515,0.0,0.0,0.9914448613738105,-0.016000000000000007,-0.22496149868535165,0.2802328425555495,-0.1305261922200515,0.0,0.0,0.9914448613738105,-0.016000000000000007,-0.22496149868535165,0.2802328425555495,-0.1305261922200515,0.0,0.0,0.9914448613738105,0.0,-0.5235987755982988,0.7853981633974483,0.0,0.5235987755982988,0.0,0.0,-0.5235987755982988,0.7853981633974483,0.0,0.5235987755982988,0.0,0.0,-0.5235987755982988,0.7853981633974483,0.0,0.5235987755982988,0.0,0.0,0.0,0.0,0.0,0.0,0.0,0.0,0.0,0.0,0.0,0.0,0.0,0.0,0.0,0.0,0.0,False,False,False,False,1,False,,0.0,0,,,,True,True,0.0,0.01005129999248311,True,0.0,0.0,False,False,False,False,False,False,1.0,False,False,False,0.0,0.0,0.0,0.0
1.6788600999861956,1786139944.4229097,0.009853499999735504,0.002633700001752004,0.009853499999735504,HOLD,32,deadman released,0.009853499999735504,1.66900659998646,216,-0.0014837197729058189,0.0,0.0,0.0,0.0,0.0,1.0,-0.0014837197729058189,0.0,0.0,0.0,0.0,0.0,1.0,-0.016000000000000007,-0.22496149868535165,0.2802328425555495,-0.1305261922200515,0.0,0.0,0.9914448613738105,-0.016000000000000007,-0.22496149868535165,0.2802328425555495,-0.1305261922200515,0.0,0.0,0.9914448613738105,-0.016000000000000007,-0.22496149868535165,0.2802328425555495,-0.1305261922200515,0.0,0.0,0.9914448613738105,-0.016000000000000007,-0.22496149868535165,0.2802328425555495,-0.1305261922200515,0.0,0.0,0.9914448613738105,-0.016000000000000007,-0.22496149868535165,0.2802328425555495,-0.1305261922200515,0.0,0.0,0.9914448613738105,0.0,-0.5235987755982988,0.7853981633974483,0.0,0.5235987755982988,0.0,0.0,-0.5235987755982988,0.7853981633974483,0.0,0.5235987755982988,0.0,0.0,-0.5235987755982988,0.7853981633974483,0.0,0.5235987755982988,0.0,0.0,0.0,0.0,0.0,0.0,0.0,0.0,0.0,0.0,0.0,0.0,0.0,0.0,0.0,0.0,0.0,False,False,False,False,1,False,,0.0,0,,,,True,True,0.0,0.009853499999735504,True,0.0,0.0,False,False,False,False,False,False,1.0,False,False,False,0.0,0.0,0.0,0.0
1.6884738999942783,1786139944.4338748,0.009613800008082762,0.003975600004196167,0.009613800008082762,HOLD,32,deadman released,0.009613800008082762,1.6788600999861956,217,-0.0014837197729058189,0.0,0.0,0.0,0.0,0.0,1.0,-0.0014837197729058189,0.0,0.0,0.0,0.0,0.0,1.0,-0.016000000000000007,-0.22496149868535165,0.2802328425555495,-0.1305261922200515,0.0,0.0,0.9914448613738105,-0.016000000000000007,-0.22496149868535165,0.2802328425555495,-0.1305261922200515,0.0,0.0,0.9914448613738105,-0.016000000000000007,-0.22496149868535165,0.2802328425555495,-0.1305261922200515,0.0,0.0,0.9914448613738105,-0.016000000000000007,-0.22496149868535165,0.2802328425555495,-0.1305261922200515,0.0,0.0,0.9914448613738105,-0.016000000000000007,-0.22496149868535165,0.2802328425555495,-0.1305261922200515,0.0,0.0,0.9914448613738105,0.0,-0.5235987755982988,0.7853981633974483,0.0,0.5235987755982988,0.0,0.0,-0.5235987755982988,0.7853981633974483,0.0,0.5235987755982988,0.0,0.0,-0.5235987755982988,0.7853981633974483,0.0,0.5235987755982988,0.0,0.0,0.0,0.0,0.0,0.0,0.0,0.0,0.0,0.0,0.0,0.0,0.0,0.0,0.0,0.0,0.0,False,False,False,False,1,False,,0.0,0,,,,True,True,0.0,0.009613800008082762,True,0.0,0.0,False,False,False,False,False,False,1.0,False,False,False,0.0,0.0,0.0,0.0
1.6985061999876052,1786139944.442681,0.010032299993326887,0.002760700008366257,0.010032299993326887,HOLD,32,deadman released,0.010032299993326887,1.6884738999942783,219,-0.026739666834239714,0.0,0.0,0.0,0.0,0.0,1.0,-0.026739666834239714,0.0,0.0,0.0,0.0,0.0,1.0,-0.016000000000000007,-0.22496149868535165,0.2802328425555495,-0.1305261922200515,0.0,0.0,0.9914448613738105,-0.016000000000000007,-0.22496149868535165,0.2802328425555495,-0.1305261922200515,0.0,0.0,0.9914448613738105,-0.016000000000000007,-0.22496149868535165,0.2802328425555495,-0.1305261922200515,0.0,0.0,0.9914448613738105,-0.016000000000000007,-0.22496149868535165,0.2802328425555495,-0.1305261922200515,0.0,0.0,0.9914448613738105,-0.016000000000000007,-0.22496149868535165,0.2802328425555495,-0.1305261922200515,0.0,0.0,0.9914448613738105,0.0,-0.5235987755982988,0.7853981633974483,0.0,0.5235987755982988,0.0,0.0,-0.5235987755982988,0.7853981633974483,0.0,0.5235987755982988,0.0,0.0,-0.5235987755982988,0.7853981633974483,0.0,0.5235987755982988,0.0,0.0,0.0,0.0,0.0,0.0,0.0,0.0,0.0,0.0,0.0,0.0,0.0,0.0,0.0,0.0,0.0,False,False,False,False,1,False,,0.0,0,,,,True,True,0.0,0.010032299993326887,True,0.0,0.0,False,False,False,False,False,False,1.0,False,False,False,0.0,0.0,0.0,0.0
1.7084610000019893,1786139944.4529326,0.009954800014384091,0.00305649999063462,0.009954800014384091,HOLD,32,deadman released,0.009954800014384091,1.6985061999876052,221,-0.036070241518197314,0.0,0.0,0.0,0.0,0.0,1.0,-0.036070241518197314,0.0,0.0,0.0,0.0,0.0,1.0,-0.016000000000000007,-0.22496149868535165,0.2802328425555495,-0.1305261922200515,0.0,0.0,0.9914448613738105,-0.016000000000000007,-0.22496149868535165,0.2802328425555495,-0.1305261922200515,0.0,0.0,0.9914448613738105,-0.016000000000000007,-0.22496149868535165,0.2802328425555495,-0.1305261922200515,0.0,0.0,0.9914448613738105,-0.016000000000000007,-0.22496149868535165,0.2802328425555495,-0.1305261922200515,0.0,0.0,0.9914448613738105,-0.016000000000000007,-0.22496149868535165,0.2802328425555495,-0.1305261922200515,0.0,0.0,0.9914448613738105,0.0,-0.5235987755982988,0.7853981633974483,0.0,0.5235987755982988,0.0,0.0,-0.5235987755982988,0.7853981633974483,0.0,0.5235987755982988,0.0,0.0,-0.5235987755982988,0.7853981633974483,0.0,0.5235987755982988,0.0,0.0,0.0,0.0,0.0,0.0,0.0,0.0,0.0,0.0,0.0,0.0,0.0,0.0,0.0,0.0,0.0,False,False,False,False,1,False,,0.0,0,,,,True,True,0.0,0.009954800014384091,True,0.0,0.0,False,False,False,False,False,False,1.0,False,False,False,0.0,0.0,0.0,0.0
1.7180657999997493,1786139944.4626572,0.009604799997759983,0.003170200012391433,0.009604799997759983,HOLD,32,deadman released,0.009604799997759983,1.7084610000019893,222,-0.036070241518197314,0.0,0.0,0.0,0.0,0.0,1.0,-0.036070241518197314,0.0,0.0,0.0,0.0,0.0,1.0,-0.016000000000000007,-0.22496149868535165,0.2802328425555495,-0.1305261922200515,0.0,0.0,0.9914448613738105,-0.016000000000000007,-0.22496149868535165,0.2802328425555495,-0.1305261922200515,0.0,0.0,0.9914448613738105,-0.016000000000000007,-0.22496149868535165,0.2802328425555495,-0.1305261922200515,0.0,0.0,0.9914448613738105,-0.016000000000000007,-0.22496149868535165,0.2802328425555495,-0.1305261922200515,0.0,0.0,0.9914448613738105,-0.016000000000000007,-0.22496149868535165,0.2802328425555495,-0.1305261922200515,0.0,0.0,0.9914448613738105,0.0,-0.5235987755982988,0.7853981633974483,0.0,0.5235987755982988,0.0,0.0,-0.5235987755982988,0.7853981633974483,0.0,0.5235987755982988,0.0,0.0,-0.5235987755982988,0.7853981633974483,0.0,0.5235987755982988,0.0,0.0,0.0,0.0,0.0,0.0,0.0,0.0,0.0,0.0,0.0,0.0,0.0,0.0,0.0,0.0,0.0,False,False,False,False,1,False,,0.0,0,,,,True,True,0.0,0.009604799997759983,True,0.0,0.0,False,False,False,False,False,False,1.0,False,False,False,0.0,0.0,0.0,0.0
1.7284522999834735,1786139944.4729936,0.010386499983724207,0.003125299990642816,0.010386499983724207,HOLD,32,deadman released,0.010386499983724207,1.7180657999997493,224,-0.05303713665647574,0.0,0.0,0.0,0.0,0.0,1.0,-0.05303713665647574,0.0,0.0,0.0,0.0,0.0,1.0,-0.016000000000000007,-0.22496149868535165,0.2802328425555495,-0.1305261922200515,0.0,0.0,0.9914448613738105,-0.016000000000000007,-0.22496149868535165,0.2802328425555495,-0.1305261922200515,0.0,0.0,0.9914448613738105,-0.016000000000000007,-0.22496149868535165,0.2802328425555495,-0.1305261922200515,0.0,0.0,0.9914448613738105,-0.016000000000000007,-0.22496149868535165,0.2802328425555495,-0.1305261922200515,0.0,0.0,0.9914448613738105,-0.016000000000000007,-0.22496149868535165,0.2802328425555495,-0.1305261922200515,0.0,0.0,0.9914448613738105,0.0,-0.5235987755982988,0.7853981633974483,0.0,0.5235987755982988,0.0,0.0,-0.5235987755982988,0.7853981633974483,0.0,0.5235987755982988,0.0,0.0,-0.5235987755982988,0.7853981633974483,0.0,0.5235987755982988,0.0,0.0,0.0,0.0,0.0,0.0,0.0,0.0,0.0,0.0,0.0,0.0,0.0,0.0,0.0,0.0,0.0,False,False,False,False,1,False,,0.0,0,,,,True,True,0.0,0.010386499983724207,True,0.0,0.0,False,False,False,False,False,False,1.0,False,False,False,0.0,0.0,0.0,0.0
1.7383130999805871,1786139944.4829814,0.009860799997113645,0.003252700000302866,0.009860799997113645,HOLD,32,deadman released,0.009860799997113645,1.7284522999834735,226,-0.061078642007336294,0.0,0.0,0.0,0.0,0.0,1.0,-0.061078642007336294,0.0,0.0,0.0,0.0,0.0,1.0,-0.016000000000000007,-0.22496149868535165,0.2802328425555495,-0.1305261922200515,0.0,0.0,0.9914448613738105,-0.016000000000000007,-0.22496149868535165,0.2802328425555495,-0.1305261922200515,0.0,0.0,0.9914448613738105,-0.016000000000000007,-0.22496149868535165,0.2802328425555495,-0.1305261922200515,0.0,0.0,0.9914448613738105,-0.016000000000000007,-0.22496149868535165,0.2802328425555495,-0.1305261922200515,0.0,0.0,0.9914448613738105,-0.016000000000000007,-0.22496149868535165,0.2802328425555495,-0.1305261922200515,0.0,0.0,0.9914448613738105,0.0,-0.5235987755982988,0.7853981633974483,0.0,0.5235987755982988,0.0,0.0,-0.5235987755982988,0.7853981633974483,0.0,0.5235987755982988,0.0,0.0,-0.5235987755982988,0.7853981633974483,0.0,0.5235987755982988,0.0,0.0,0.0,0.0,0.0,0.0,0.0,0.0,0.0,0.0,0.0,0.0,0.0,0.0,0.0,0.0,0.0,False,False,False,False,1,False,,0.0,0,,,,True,True,0.0,0.009860799997113645,True,0.0,0.0,False,False,False,False,False,False,1.0,False,False,False,0.0,0.0,0.0,0.0
1.7481978999858256,1786139944.4923997,0.009884800005238503,0.0027855999942403287,0.009884800005238503,HOLD,32,deadman released,0.009884800005238503,1.7383130999805871,227,-0.061078642007336294,0.0,0.0,0.0,0.0,0.0,1.0,-0.061078642007336294,0.0,0.0,0.0,0.0,0.0,1.0,-0.016000000000000007,-0.22496149868535165,0.2802328425555495,-0.1305261922200515,0.0,0.0,0.9914448613738105,-0.016000000000000007,-0.22496149868535165,0.2802328425555495,-0.1305261922200515,0.0,0.0,0.9914448613738105,-0.016000000000000007,-0.22496149868535165,0.2802328425555495,-0.1305261922200515,0.0,0.0,0.9914448613738105,-0.016000000000000007,-0.22496149868535165,0.2802328425555495,-0.1305261922200515,0.0,0.0,0.9914448613738105,-0.016000000000000007,-0.22496149868535165,0.2802328425555495,-0.1305261922200515,0.0,0.0,0.9914448613738105,0.0,-0.5235987755982988,0.7853981633974483,0.0,0.5235987755982988,0.0,0.0,-0.5235987755982988,0.7853981633974483,0.0,0.5235987755982988,0.0,0.0,-0.5235987755982988,0.7853981633974483,0.0,0.5235987755982988,0.0,0.0,0.0,0.0,0.0,0.0,0.0,0.0,0.0,0.0,0.0,0.0,0.0,0.0,0.0,0.0,0.0,False,False,False,False,1,False,,0.0,0,,,,True,True,0.0,0.009884800005238503,True,0.0,0.0,False,False,False,False,False,False,1.0,False,False,False,0.0,0.0,0.0,0.0
1.7582156999851577,1786139944.5034287,0.010017799999332055,0.0037928999809082597,0.010017799999332055,HOLD,32,deadman released,0.010017799999332055,1.7481978999858256,228,-0.061078642007336294,0.0,0.0,0.0,0.0,0.0,1.0,-0.061078642007336294,0.0,0.0,0.0,0.0,0.0,1.0,-0.016000000000000007,-0.22496149868535165,0.2802328425555495,-0.1305261922200515,0.0,0.0,0.9914448613738105,-0.016000000000000007,-0.22496149868535165,0.2802328425555495,-0.1305261922200515,0.0,0.0,0.9914448613738105,-0.016000000000000007,-0.22496149868535165,0.2802328425555495,-0.1305261922200515,0.0,0.0,0.9914448613738105,-0.016000000000000007,-0.22496149868535165,0.2802328425555495,-0.1305261922200515,0.0,0.0,0.9914448613738105,-0.016000000000000007,-0.22496149868535165,0.2802328425555495,-0.1305261922200515,0.0,0.0,0.9914448613738105,0.0,-0.5235987755982988,0.7853981633974483,0.0,0.5235987755982988,0.0,0.0,-0.5235987755982988,0.7853981633974483,0.0,0.5235987755982988,0.0,0.0,-0.5235987755982988,0.7853981633974483,0.0,0.5235987755982988,0.0,0.0,0.0,0.0,0.0,0.0,0.0,0.0,0.0,0.0,0.0,0.0,0.0,0.0,0.0,0.0,0.0,False,False,False,False,1,False,,0.0,0,,,,True,True,0.0,0.010017799999332055,True,0.0,0.0,False,False,False,False,False,False,1.0,False,False,False,0.0,0.0,0.0,0.0
1.7682368999812752,1786139944.5129602,0.010021199996117502,0.0033076000108849257,0.010021199996117502,HOLD,32,deadman released,0.010021199996117502,1.7582156999851577,230,-0.07976087741012372,0.0,0.0,0.0,0.0,0.0,1.0,-0.07976087741012372,0.0,0.0,0.0,0.0,0.0,1.0,-0.016000000000000007,-0.22496149868535165,0.2802328425555495,-0.1305261922200515,0.0,0.0,0.9914448613738105,-0.016000000000000007,-0.22496149868535165,0.2802328425555495,-0.1305261922200515,0.0,0.0,0.9914448613738105,-0.016000000000000007,-0.22496149868535165,0.2802328425555495,-0.1305261922200515,0.0,0.0,0.9914448613738105,-0.016000000000000007,-0.22496149868535165,0.2802328425555495,-0.1305261922200515,0.0,0.0,0.9914448613738105,-0.016000000000000007,-0.22496149868535165,0.2802328425555495,-0.1305261922200515,0.0,0.0,0.9914448613738105,0.0,-0.5235987755982988,0.7853981633974483,0.0,0.5235987755982988,0.0,0.0,-0.5235987755982988,0.7853981633974483,0.0,0.5235987755982988,0.0,0.0,-0.5235987755982988,0.7853981633974483,0.0,0.5235987755982988,0.0,0.0,0.0,0.0,0.0,0.0,0.0,0.0,0.0,0.0,0.0,0.0,0.0,0.0,0.0,0.0,0.0,False,False,False,False,1,False,,0.0,0,,,,True,True,0.0,0.010021199996117502,True,0.0,0.0,False,False,False,False,False,False,1.0,False,False,False,0.0,0.0,0.0,0.0
1.778581699996721,1786139944.5225718,0.010344800015445799,0.0025748999905772507,0.010344800015445799,HOLD,32,deadman released,0.010344800015445799,1.7682368999812752,232,-0.08608059882862218,0.0,0.0,0.0,0.0,0.0,1.0,-0.08608059882862218,0.0,0.0,0.0,0.0,0.0,1.0,-0.016000000000000007,-0.22496149868535165,0.2802328425555495,-0.1305261922200515,0.0,0.0,0.9914448613738105,-0.016000000000000007,-0.22496149868535165,0.2802328425555495,-0.1305261922200515,0.0,0.0,0.9914448613738105,-0.016000000000000007,-0.22496149868535165,0.2802328425555495,-0.1305261922200515,0.0,0.0,0.9914448613738105,-0.016000000000000007,-0.22496149868535165,0.2802328425555495,-0.1305261922200515,0.0,0.0,0.9914448613738105,-0.016000000000000007,-0.22496149868535165,0.2802328425555495,-0.1305261922200515,0.0,0.0,0.9914448613738105,0.0,-0.5235987755982988,0.7853981633974483,0.0,0.5235987755982988,0.0,0.0,-0.5235987755982988,0.7853981633974483,0.0,0.5235987755982988,0.0,0.0,-0.5235987755982988,0.7853981633974483,0.0,0.5235987755982988,0.0,0.0,0.0,0.0,0.0,0.0,0.0,0.0,0.0,0.0,0.0,0.0,0.0,0.0,0.0,0.0,0.0,False,False,False,False,1,False,,0.0,0,,,,True,True,0.0,0.010344800015445799,True,0.0,0.0,False,False,False,False,False,False,1.0,False,False,False,0.0,0.0,0.0,0.0
1.7882734999875538,1786139944.5329897,0.009691799990832806,0.0032999999821186066,0.009691799990832806,HOLD,32,deadman released,0.009691799990832806,1.778581699996721,233,-0.08608059882862218,0.0,0.0,0.0,0.0,0.0,1.0,-0.08608059882862218,0.0,0.0,0.0,0.0,0.0,1.0,-0.016000000000000007,-0.22496149868535165,0.2802328425555495,-0.1305261922200515,0.0,0.0,0.9914448613738105,-0.016000000000000007,-0.22496149868535165,0.2802328425555495,-0.1305261922200515,0.0,0.0,0.9914448613738105,-0.016000000000000007,-0.22496149868535165,0.2802328425555495,-0.1305261922200515,0.0,0.0,0.9914448613738105,-0.016000000000000007,-0.22496149868535165,0.2802328425555495,-0.1305261922200515,0.0,0.0,0.9914448613738105,-0.016000000000000007,-0.22496149868535165,0.2802328425555495,-0.1305261922200515,0.0,0.0,0.9914448613738105,0.0,-0.5235987755982988,0.7853981633974483,0.0,0.5235987755982988,0.0,0.0,-0.5235987755982988,0.7853981633974483,0.0,0.5235987755982988,0.0,0.0,-0.5235987755982988,0.7853981633974483,0.0,0.5235987755982988,0.0,0.0,0.0,0.0,0.0,0.0,0.0,0.0,0.0,0.0,0.0,0.0,0.0,0.0,0.0,0.0,0.0,False,False,False,False,1,False,,0.0,0,,,,True,True,0.0,0.009691799990832806,True,0.0,0.0,False,False,False,False,False,False,1.0,False,False,False,0.0,0.0,0.0,0.0
1.7980467999877874,1786139944.542353,0.009773300000233576,0.002887200011173263,0.009773300000233576,HOLD,32,deadman released,0.009773300000233576,1.7882734999875538,234,-0.08608059882862218,0.0,0.0,0.0,0.0,0.0,1.0,-0.08608059882862218,0.0,0.0,0.0,0.0,0.0,1.0,-0.016000000000000007,-0.22496149868535165,0.2802328425555495,-0.1305261922200515,0.0,0.0,0.9914448613738105,-0.016000000000000007,-0.22496149868535165,0.2802328425555495,-0.1305261922200515,0.0,0.0,0.9914448613738105,-0.016000000000000007,-0.22496149868535165,0.2802328425555495,-0.1305261922200515,0.0,0.0,0.9914448613738105,-0.016000000000000007,-0.22496149868535165,0.2802328425555495,-0.1305261922200515,0.0,0.0,0.9914448613738105,-0.016000000000000007,-0.22496149868535165,0.2802328425555495,-0.1305261922200515,0.0,0.0,0.9914448613738105,0.0,-0.5235987755982988,0.7853981633974483,0.0,0.5235987755982988,0.0,0.0,-0.5235987755982988,0.7853981633974483,0.0,0.5235987755982988,0.0,0.0,-0.5235987755982988,0.7853981633974483,0.0,0.5235987755982988,0.0,0.0,0.0,0.0,0.0,0.0,0.0,0.0,0.0,0.0,0.0,0.0,0.0,0.0,0.0,0.0,0.0,False,False,False,False,1,False,,0.0,0,,,,True,True,0.0,0.009773300000233576,True,0.0,0.0,False,False,False,False,False,False,1.0,False,False,False,0.0,0.0,0.0,0.0
1.808071099978406,1786139944.553342,0.010024299990618601,0.003854900016449392,0.010024299990618601,HOLD,32,deadman released,0.010024299990618601,1.7980467999877874,236,-0.09609287266925733,0.0,0.0,0.0,0.0,0.0,1.0,-0.09609287266925733,0.0,0.0,0.0,0.0,0.0,1.0,-0.016000000000000007,-0.22496149868535165,0.2802328425555495,-0.1305261922200515,0.0,0.0,0.9914448613738105,-0.016000000000000007,-0.22496149868535165,0.2802328425555495,-0.1305261922200515,0.0,0.0,0.9914448613738105,-0.016000000000000007,-0.22496149868535165,0.2802328425555495,-0.1305261922200515,0.0,0.0,0.9914448613738105,-0.016000000000000007,-0.22496149868535165,0.2802328425555495,-0.1305261922200515,0.0,0.0,0.9914448613738105,-0.016000000000000007,-0.22496149868535165,0.2802328425555495,-0.1305261922200515,0.0,0.0,0.9914448613738105,0.0,-0.5235987755982988,0.7853981633974483,0.0,0.5235987755982988,0.0,0.0,-0.5235987755982988,0.7853981633974483,0.0,0.5235987755982988,0.0,0.0,-0.5235987755982988,0.7853981633974483,0.0,0.5235987755982988,0.0,0.0,0.0,0.0,0.0,0.0,0.0,0.0,0.0,0.0,0.0,0.0,0.0,0.0,0.0,0.0,0.0,False,False,False,False,1,False,,0.0,0,,,,True,True,0.0,0.010024299990618601,True,0.0,0.0,False,False,False,False,False,False,1.0,False,False,False,0.0,0.0,0.0,0.0
1.8182223000039812,1786139944.5626664,0.010151200025575235,0.003029000014066696,0.010151200025575235,HOLD,32,deadman released,0.010151200025575235,1.808071099978406,238,-0.098342914758898,0.0,0.0,0.0,0.0,0.0,1.0,-0.098342914758898,0.0,0.0,0.0,0.0,0.0,1.0,-0.016000000000000007,-0.22496149868535165,0.2802328425555495,-0.1305261922200515,0.0,0.0,0.9914448613738105,-0.016000000000000007,-0.22496149868535165,0.2802328425555495,-0.1305261922200515,0.0,0.0,0.9914448613738105,-0.016000000000000007,-0.22496149868535165,0.2802328425555495,-0.1305261922200515,0.0,0.0,0.9914448613738105,-0.016000000000000007,-0.22496149868535165,0.2802328425555495,-0.1305261922200515,0.0,0.0,0.9914448613738105,-0.016000000000000007,-0.22496149868535165,0.2802328425555495,-0.1305261922200515,0.0,0.0,0.9914448613738105,0.0,-0.5235987755982988,0.7853981633974483,0.0,0.5235987755982988,0.0,0.0,-0.5235987755982988,0.7853981633974483,0.0,0.5235987755982988,0.0,0.0,-0.5235987755982988,0.7853981633974483,0.0,0.5235987755982988,0.0,0.0,0.0,0.0,0.0,0.0,0.0,0.0,0.0,0.0,0.0,0.0,0.0,0.0,0.0,0.0,0.0,False,False,False,False,1,False,,0.0,0,,,,True,True,0.0,0.010151200025575235,True,0.0,0.0,False,False,False,False,False,False,1.0,False,False,False,0.0,0.0,0.0,0.0
1.8282247000024654,1786139944.5729334,0.01000239999848418,0.003290199994808063,0.01000239999848418,HOLD,32,deadman released,0.01000239999848418,1.8182223000039812,239,-0.098342914758898,0.0,0.0,0.0,0.0,0.0,1.0,-0.098342914758898,0.0,0.0,0.0,0.0,0.0,1.0,-0.016000000000000007,-0.22496149868535165,0.2802328425555495,-0.1305261922200515,0.0,0.0,0.9914448613738105,-0.016000000000000007,-0.22496149868535165,0.2802328425555495,-0.1305261922200515,0.0,0.0,0.9914448613738105,-0.016000000000000007,-0.22496149868535165,0.2802328425555495,-0.1305261922200515,0.0,0.0,0.9914448613738105,-0.016000000000000007,-0.22496149868535165,0.2802328425555495,-0.1305261922200515,0.0,0.0,0.9914448613738105,-0.016000000000000007,-0.22496149868535165,0.2802328425555495,-0.1305261922200515,0.0,0.0,0.9914448613738105,0.0,-0.5235987755982988,0.7853981633974483,0.0,0.5235987755982988,0.0,0.0,-0.5235987755982988,0.7853981633974483,0.0,0.5235987755982988,0.0,0.0,-0.5235987755982988,0.7853981633974483,0.0,0.5235987755982988,0.0,0.0,0.0,0.0,0.0,0.0,0.0,0.0,0.0,0.0,0.0,0.0,0.0,0.0,0.0,0.0,0.0,False,False,False,False,1,False,,0.0,0,,,,True,True,0.0,0.01000239999848418,True,0.0,0.0,False,False,False,False,False,False,1.0,False,False,False,0.0,0.0,0.0,0.0
1.8390484999981709,1786139944.5832345,0.010823799995705485,0.0027709999994840473,0.010823799995705485,HOLD,32,deadman released,0.010823799995705485,1.8282247000024654,241,-0.09997917042499518,0.0,0.0,0.0,0.0,0.0,1.0,-0.09997917042499518,0.0,0.0,0.0,0.0,0.0,1.0,-0.016000000000000007,-0.22496149868535165,0.2802328425555495,-0.1305261922200515,0.0,0.0,0.9914448613738105,-0.016000000000000007,-0.22496149868535165,0.2802328425555495,-0.1305261922200515,0.0,0.0,0.9914448613738105,-0.016000000000000007,-0.22496149868535165,0.2802328425555495,-0.1305261922200515,0.0,0.0,0.9914448613738105,-0.016000000000000007,-0.22496149868535165,0.2802328425555495,-0.1305261922200515,0.0,0.0,0.9914448613738105,-0.016000000000000007,-0.22496149868535165,0.2802328425555495,-0.1305261922200515,0.0,0.0,0.9914448613738105,0.0,-0.5235987755982988,0.7853981633974483,0.0,0.5235987755982988,0.0,0.0,-0.5235987755982988,0.7853981633974483,0.0,0.5235987755982988,0.0,0.0,-0.5235987755982988,0.7853981633974483,0.0,0.5235987755982988,0.0,0.0,0.0,0.0,0.0,0.0,0.0,0.0,0.0,0.0,0.0,0.0,0.0,0.0,0.0,0.0,0.0,False,False,False,False,1,False,,0.0,0,,,,True,True,0.0,0.010823799995705485,True,0.0,0.0,False,False,False,False,False,False,1.0,False,False,False,0.0,0.0,0.0,0.0
1.8485660000005737,1786139944.5927405,0.009517500002402812,0.0027592999977059662,0.009517500002402812,HOLD,32,deadman released,0.009517500002402812,1.8390484999981709,243,-0.09906786128231801,0.0,0.0,0.0,0.0,0.0,1.0,-0.09906786128231801,0.0,0.0,0.0,0.0,0.0,1.0,-0.016000000000000007,-0.22496149868535165,0.2802328425555495,-0.1305261922200515,0.0,0.0,0.9914448613738105,-0.016000000000000007,-0.22496149868535165,0.2802328425555495,-0.1305261922200515,0.0,0.0,0.9914448613738105,-0.016000000000000007,-0.22496149868535165,0.2802328425555495,-0.1305261922200515,0.0,0.0,0.9914448613738105,-0.016000000000000007,-0.22496149868535165,0.2802328425555495,-0.1305261922200515,0.0,0.0,0.9914448613738105,-0.016000000000000007,-0.22496149868535165,0.2802328425555495,-0.1305261922200515,0.0,0.0,0.9914448613738105,0.0,-0.5235987755982988,0.7853981633974483,0.0,0.5235987755982988,0.0,0.0,-0.5235987755982988,0.7853981633974483,0.0,0.5235987755982988,0.0,0.0,-0.5235987755982988,0.7853981633974483,0.0,0.5235987755982988,0.0,0.0,0.0,0.0,0.0,0.0,0.0,0.0,0.0,0.0,0.0,0.0,0.0,0.0,0.0,0.0,0.0,False,False,False,False,1,False,,0.0,0,,,,True,True,0.0,0.009517500002402812,True,0.0,0.0,False,False,False,False,False,False,1.0,False,False,False,0.0,0.0,0.0,0.0
1.8584057999833021,1786139944.6030078,0.009839799982728437,0.0031796999974176288,0.009839799982728437,HOLD,32,deadman released,0.009839799982728437,1.8485660000005737,244,-0.09906786128231801,0.0,0.0,0.0,0.0,0.0,1.0,-0.09906786128231801,0.0,0.0,0.0,0.0,0.0,1.0,-0.016000000000000007,-0.22496149868535165,0.2802328425555495,-0.1305261922200515,0.0,0.0,0.9914448613738105,-0.016000000000000007,-0.22496149868535165,0.2802328425555495,-0.1305261922200515,0.0,0.0,0.9914448613738105,-0.016000000000000007,-0.22496149868535165,0.2802328425555495,-0.1305261922200515,0.0,0.0,0.9914448613738105,-0.016000000000000007,-0.22496149868535165,0.2802328425555495,-0.1305261922200515,0.0,0.0,0.9914448613738105,-0.016000000000000007,-0.22496149868535165,0.2802328425555495,-0.1305261922200515,0.0,0.0,0.9914448613738105,0.0,-0.5235987755982988,0.7853981633974483,0.0,0.5235987755982988,0.0,0.0,-0.5235987755982988,0.7853981633974483,0.0,0.5235987755982988,0.0,0.0,-0.5235987755982988,0.7853981633974483,0.0,0.5235987755982988,0.0,0.0,0.0,0.0,0.0,0.0,0.0,0.0,0.0,0.0,0.0,0.0,0.0,0.0,0.0,0.0,0.0,False,False,False,False,1,False,,0.0,0,,,,True,True,0.0,0.009839799982728437,True,0.0,0.0,False,False,False,False,False,False,1.0,False,False,False,0.0,0.0,0.0,0.0
1.8684423999802675,1786139944.6132395,0.010036599996965379,0.0033776999916881323,0.010036599996965379,HOLD,32,deadman released,0.010036599996965379,1.8584057999833021,245,-0.09906786128231801,0.0,0.0,0.0,0.0,0.0,1.0,-0.09906786128231801,0.0,0.0,0.0,0.0,0.0,1.0,-0.016000000000000007,-0.22496149868535165,0.2802328425555495,-0.1305261922200515,0.0,0.0,0.9914448613738105,-0.016000000000000007,-0.22496149868535165,0.2802328425555495,-0.1305261922200515,0.0,0.0,0.9914448613738105,-0.016000000000000007,-0.22496149868535165,0.2802328425555495,-0.1305261922200515,0.0,0.0,0.9914448613738105,-0.016000000000000007,-0.22496149868535165,0.2802328425555495,-0.1305261922200515,0.0,0.0,0.9914448613738105,-0.016000000000000007,-0.22496149868535165,0.2802328425555495,-0.1305261922200515,0.0,0.0,0.9914448613738105,0.0,-0.5235987755982988,0.7853981633974483,0.0,0.5235987755982988,0.0,0.0,-0.5235987755982988,0.7853981633974483,0.0,0.5235987755982988,0.0,0.0,-0.5235987755982988,0.7853981633974483,0.0,0.5235987755982988,0.0,0.0,0.0,0.0,0.0,0.0,0.0,0.0,0.0,0.0,0.0,0.0,0.0,0.0,0.0,0.0,0.0,False,False,False,False,1,False,,0.0,0,,,,True,True,0.0,0.010036599996965379,True,0.0,0.0,False,False,False,False,False,False,1.0,False,False,False,0.0,0.0,0.0,0.0
1.8784581999934744,1786139944.6227927,0.0100158000132069,0.0029183999868109822,0.0100158000132069,HOLD,32,deadman released,0.0100158000132069,1.8684423999802675,247,-0.09254795997747611,0.0,0.0,0.0,0.0,0.0,1.0,-0.09254795997747611,0.0,0.0,0.0,0.0,0.0,1.0,-0.016000000000000007,-0.22496149868535165,0.2802328425555495,-0.1305261922200515,0.0,0.0,0.9914448613738105,-0.016000000000000007,-0.22496149868535165,0.2802328425555495,-0.1305261922200515,0.0,0.0,0.9914448613738105,-0.016000000000000007,-0.22496149868535165,0.2802328425555495,-0.1305261922200515,0.0,0.0,0.9914448613738105,-0.016000000000000007,-0.22496149868535165,0.2802328425555495,-0.1305261922200515,0.0,0.0,0.9914448613738105,-0.016000000000000007,-0.22496149868535165,0.2802328425555495,-0.1305261922200515,0.0,0.0,0.9914448613738105,0.0,-0.5235987755982988,0.7853981633974483,0.0,0.5235987755982988,0.0,0.0,-0.5235987755982988,0.7853981633974483,0.0,0.5235987755982988,0.0,0.0,-0.5235987755982988,0.7853981633974483,0.0,0.5235987755982988,0.0,0.0,0.0,0.0,0.0,0.0,0.0,0.0,0.0,0.0,0.0,0.0,0.0,0.0,0.0,0.0,0.0,False,False,False,False,1,False,,0.0,0,,,,True,True,0.0,0.0100158000132069,True,0.0,0.0,False,False,False,False,False,False,1.0,False,False,False,0.0,0.0,0.0,0.0
1.8886637999967206,1786139944.633621,0.010205600003246218,0.0035417999897617847,0.010205600003246218,HOLD,32,deadman released,0.010205600003246218,1.8784581999934744,249,-0.0878653416010558,0.0,0.0,0.0,0.0,0.0,1.0,-0.0878653416010558,0.0,0.0,0.0,0.0,0.0,1.0,-0.016000000000000007,-0.22496149868535165,0.2802328425555495,-0.1305261922200515,0.0,0.0,0.9914448613738105,-0.016000000000000007,-0.22496149868535165,0.2802328425555495,-0.1305261922200515,0.0,0.0,0.9914448613738105,-0.016000000000000007,-0.22496149868535165,0.2802328425555495,-0.1305261922200515,0.0,0.0,0.9914448613738105,-0.016000000000000007,-0.22496149868535165,0.2802328425555495,-0.1305261922200515,0.0,0.0,0.9914448613738105,-0.016000000000000007,-0.22496149868535165,0.2802328425555495,-0.1305261922200515,0.0,0.0,0.9914448613738105,0.0,-0.5235987755982988,0.7853981633974483,0.0,0.5235987755982988,0.0,0.0,-0.5235987755982988,0.7853981633974483,0.0,0.5235987755982988,0.0,0.0,-0.5235987755982988,0.7853981633974483,0.0,0.5235987755982988,0.0,0.0,0.0,0.0,0.0,0.0,0.0,0.0,0.0,0.0,0.0,0.0,0.0,0.0,0.0,0.0,0.0,False,False,False,False,1,False,,0.0,0,,,,True,True,0.0,0.010205600003246218,True,0.0,0.0,False,False,False,False,False,False,1.0,False,False,False,0.0,0.0,0.0,0.0
1.8985225999786053,1786139944.643195,0.009858799981884658,0.0032555999932810664,0.009858799981884658,HOLD,32,deadman released,0.009858799981884658,1.8886637999967206,250,-0.0878653416010558,0.0,0.0,0.0,0.0,0.0,1.0,-0.0878653416010558,0.0,0.0,0.0,0.0,0.0,1.0,-0.016000000000000007,-0.22496149868535165,0.2802328425555495,-0.1305261922200515,0.0,0.0,0.9914448613738105,-0.016000000000000007,-0.22496149868535165,0.2802328425555495,-0.1305261922200515,0.0,0.0,0.9914448613738105,-0.016000000000000007,-0.22496149868535165,0.2802328425555495,-0.1305261922200515,0.0,0.0,0.9914448613738105,-0.016000000000000007,-0.22496149868535165,0.2802328425555495,-0.1305261922200515,0.0,0.0,0.9914448613738105,-0.016000000000000007,-0.22496149868535165,0.2802328425555495,-0.1305261922200515,0.0,0.0,0.9914448613738105,0.0,-0.5235987755982988,0.7853981633974483,0.0,0.5235987755982988,0.0,0.0,-0.5235987755982988,0.7853981633974483,0.0,0.5235987755982988,0.0,0.0,-0.5235987755982988,0.7853981633974483,0.0,0.5235987755982988,0.0,0.0,0.0,0.0,0.0,0.0,0.0,0.0,0.0,0.0,0.0,0.0,0.0,0.0,0.0,0.0,0.0,False,False,False,False,1,False,,0.0,0,,,,True,True,0.0,0.009858799981884658,True,0.0,0.0,False,False,False,False,False,False,1.0,False,False,False,0.0,0.0,0.0,0.0
1.908508399996208,1786139944.6531534,0.009985800017602742,0.0032294999982696027,0.009985800017602742,HOLD,32,deadman released,0.009985800017602742,1.8985225999786053,252,-0.07712586562209732,0.0,0.0,0.0,0.0,0.0,1.0,-0.07712586562209732,0.0,0.0,0.0,0.0,0.0,1.0,-0.016000000000000007,-0.22496149868535165,0.2802328425555495,-0.1305261922200515,0.0,0.0,0.9914448613738105,-0.016000000000000007,-0.22496149868535165,0.2802328425555495,-0.1305261922200515,0.0,0.0,0.9914448613738105,-0.016000000000000007,-0.22496149868535165,0.2802328425555495,-0.1305261922200515,0.0,0.0,0.9914448613738105,-0.016000000000000007,-0.22496149868535165,0.2802328425555495,-0.1305261922200515,0.0,0.0,0.9914448613738105,-0.016000000000000007,-0.22496149868535165,0.2802328425555495,-0.1305261922200515,0.0,0.0,0.9914448613738105,0.0,-0.5235987755982988,0.7853981633974483,0.0,0.5235987755982988,0.0,0.0,-0.5235987755982988,0.7853981633974483,0.0,0.5235987755982988,0.0,0.0,-0.5235987755982988,0.7853981633974483,0.0,0.5235987755982988,0.0,0.0,0.0,0.0,0.0,0.0,0.0,0.0,0.0,0.0,0.0,0.0,0.0,0.0,0.0,0.0,0.0,False,False,False,False,1,False,,0.0,0,,,,True,True,0.0,0.009985800017602742,True,0.0,0.0,False,False,False,False,False,False,1.0,False,False,False,0.0,0.0,0.0,0.0
1.9184806999983266,1786139944.663169,0.009972300002118573,0.0032661999866832048,0.009972300002118573,HOLD,32,deadman released,0.009972300002118573,1.908508399996208,253,-0.07712586562209732,0.0,0.0,0.0,0.0,0.0,1.0,-0.07712586562209732,0.0,0.0,0.0,0.0,0.0,1.0,-0.016000000000000007,-0.22496149868535165,0.2802328425555495,-0.1305261922200515,0.0,0.0,0.9914448613738105,-0.016000000000000007,-0.22496149868535165,0.2802328425555495,-0.1305261922200515,0.0,0.0,0.9914448613738105,-0.016000000000000007,-0.22496149868535165,0.2802328425555495,-0.1305261922200515,0.0,0.0,0.9914448613738105,-0.016000000000000007,-0.22496149868535165,0.2802328425555495,-0.1305261922200515,0.0,0.0,0.9914448613738105,-0.016000000000000007,-0.22496149868535165,0.2802328425555495,-0.1305261922200515,0.0,0.0,0.9914448613738105,0.0,-0.5235987755982988,0.7853981633974483,0.0,0.5235987755982988,0.0,0.0,-0.5235987755982988,0.7853981633974483,0.0,0.5235987755982988,0.0,0.0,-0.5235987755982988,0.7853981633974483,0.0,0.5235987755982988,0.0,0.0,0.0,0.0,0.0,0.0,0.0,0.0,0.0,0.0,0.0,0.0,0.0,0.0,0.0,0.0,0.0,False,False,False,False,1,False,,0.0,0,,,,True,True,0.0,0.009972300002118573,True,0.0,0.0,False,False,False,False,False,False,1.0,False,False,False,0.0,0.0,0.0,0.0
1.9292582999914885,1786139944.6736574,0.010777599993161857,0.002983799990033731,0.010777599993161857,HOLD,32,deadman released,0.010777599993161857,1.9184806999983266,255,-0.06663258299166608,0.0,0.0,0.0,0.0,0.0,1.0,-0.06663258299166608,0.0,0.0,0.0,0.0,0.0,1.0,-0.016000000000000007,-0.22496149868535165,0.2802328425555495,-0.1305261922200515,0.0,0.0,0.9914448613738105,-0.016000000000000007,-0.22496149868535165,0.2802328425555495,-0.1305261922200515,0.0,0.0,0.9914448613738105,-0.016000000000000007,-0.22496149868535165,0.2802328425555495,-0.1305261922200515,0.0,0.0,0.9914448613738105,-0.016000000000000007,-0.22496149868535165,0.2802328425555495,-0.1305261922200515,0.0,0.0,0.9914448613738105,-0.016000000000000007,-0.22496149868535165,0.2802328425555495,-0.1305261922200515,0.0,0.0,0.9914448613738105,0.0,-0.5235987755982988,0.7853981633974483,0.0,0.5235987755982988,0.0,0.0,-0.5235987755982988,0.7853981633974483,0.0,0.5235987755982988,0.0,0.0,-0.5235987755982988,0.7853981633974483,0.0,0.5235987755982988,0.0,0.0,0.0,0.0,0.0,0.0,0.0,0.0,0.0,0.0,0.0,0.0,0.0,0.0,0.0,0.0,0.0,False,False,False,False,1,False,,0.0,0,,,,True,True,0.0,0.010777599993161857,True,0.0,0.0,False,False,False,False,False,False,1.0,False,False,False,0.0,0.0,0.0,0.0
1.938513300003251,1786139944.6832533,0.009255000011762604,0.0033203000202775,0.009255000011762604,HOLD,32,deadman released,0.009255000011762604,1.9292582999914885,256,-0.06663258299166608,0.0,0.0,0.0,0.0,0.0,1.0,-0.06663258299166608,0.0,0.0,0.0,0.0,0.0,1.0,-0.016000000000000007,-0.22496149868535165,0.2802328425555495,-0.1305261922200515,0.0,0.0,0.9914448613738105,-0.016000000000000007,-0.22496149868535165,0.2802328425555495,-0.1305261922200515,0.0,0.0,0.9914448613738105,-0.016000000000000007,-0.22496149868535165,0.2802328425555495,-0.1305261922200515,0.0,0.0,0.9914448613738105,-0.016000000000000007,-0.22496149868535165,0.2802328425555495,-0.1305261922200515,0.0,0.0,0.9914448613738105,-0.016000000000000007,-0.22496149868535165,0.2802328425555495,-0.1305261922200515,0.0,0.0,0.9914448613738105,0.0,-0.5235987755982988,0.7853981633974483,0.0,0.5235987755982988,0.0,0.0,-0.5235987755982988,0.7853981633974483,0.0,0.5235987755982988,0.0,0.0,-0.5235987755982988,0.7853981633974483,0.0,0.5235987755982988,0.0,0.0,0.0,0.0,0.0,0.0,0.0,0.0,0.0,0.0,0.0,0.0,0.0,0.0,0.0,0.0,0.0,False,False,False,False,1,False,,0.0,0,,,,True,True,0.0,0.009255000011762604,True,0.0,0.0,False,False,False,False,False,False,1.0,False,False,False,0.0,0.0,0.0,0.0
1.9481192999810446,1786139944.6927197,0.009605999977793545,0.0031830999942030758,0.009605999977793545,HOLD,32,deadman released,0.009605999977793545,1.938513300003251,258,-0.050001995160108295,0.0,0.0,0.0,0.0,0.0,1.0,-0.050001995160108295,0.0,0.0,0.0,0.0,0.0,1.0,-0.016000000000000007,-0.22496149868535165,0.2802328425555495,-0.1305261922200515,0.0,0.0,0.9914448613738105,-0.016000000000000007,-0.22496149868535165,0.2802328425555495,-0.1305261922200515,0.0,0.0,0.9914448613738105,-0.016000000000000007,-0.22496149868535165,0.2802328425555495,-0.1305261922200515,0.0,0.0,0.9914448613738105,-0.016000000000000007,-0.22496149868535165,0.2802328425555495,-0.1305261922200515,0.0,0.0,0.9914448613738105,-0.016000000000000007,-0.22496149868535165,0.2802328425555495,-0.1305261922200515,0.0,0.0,0.9914448613738105,0.0,-0.5235987755982988,0.7853981633974483,0.0,0.5235987755982988,0.0,0.0,-0.5235987755982988,0.7853981633974483,0.0,0.5235987755982988,0.0,0.0,-0.5235987755982988,0.7853981633974483,0.0,0.5235987755982988,0.0,0.0,0.0,0.0,0.0,0.0,0.0,0.0,0.0,0.0,0.0,0.0,0.0,0.0,0.0,0.0,0.0,False,False,False,False,1,False,,0.0,0,,,,True,True,0.0,0.009605999977793545,True,0.0,0.0,False,False,False,False,False,False,1.0,False,False,False,0.0,0.0,0.0,0.0
1.9586888999911025,1786139944.7030241,0.010569600010057911,0.0029195999959483743,0.010569600010057911,HOLD,32,deadman released,0.010569600010057911,1.9481192999810446,260,-0.04012159274915833,0.0,0.0,0.0,0.0,0.0,1.0,-0.04012159274915833,0.0,0.0,0.0,0.0,0.0,1.0,-0.016000000000000007,-0.22496149868535165,0.2802328425555495,-0.1305261922200515,0.0,0.0,0.9914448613738105,-0.016000000000000007,-0.22496149868535165,0.2802328425555495,-0.1305261922200515,0.0,0.0,0.9914448613738105,-0.016000000000000007,-0.22496149868535165,0.2802328425555495,-0.1305261922200515,0.0,0.0,0.9914448613738105,-0.016000000000000007,-0.22496149868535165,0.2802328425555495,-0.1305261922200515,0.0,0.0,0.9914448613738105,-0.016000000000000007,-0.22496149868535165,0.2802328425555495,-0.1305261922200515,0.0,0.0,0.9914448613738105,0.0,-0.5235987755982988,0.7853981633974483,0.0,0.5235987755982988,0.0,0.0,-0.5235987755982988,0.7853981633974483,0.0,0.5235987755982988,0.0,0.0,-0.5235987755982988,0.7853981633974483,0.0,0.5235987755982988,0.0,0.0,0.0,0.0,0.0,0.0,0.0,0.0,0.0,0.0,0.0,0.0,0.0,0.0,0.0,0.0,0.0,False,False,False,False,1,False,,0.0,0,,,,True,True,0.0,0.010569600010057911,True,0.0,0.0,False,False,False,False,False,False,1.0,False,False,False,0.0,0.0,0.0,0.0
1.968392299982952,1786139944.7130816,0.009703399991849437,0.0032734000124037266,0.009703399991849437,HOLD,32,deadman released,0.009703399991849437,1.9586888999911025,261,-0.04012159274915833,0.0,0.0,0.0,0.0,0.0,1.0,-0.04012159274915833,0.0,0.0,0.0,0.0,0.0,1.0,-0.016000000000000007,-0.22496149868535165,0.2802328425555495,-0.1305261922200515,0.0,0.0,0.9914448613738105,-0.016000000000000007,-0.22496149868535165,0.2802328425555495,-0.1305261922200515,0.0,0.0,0.9914448613738105,-0.016000000000000007,-0.22496149868535165,0.2802328425555495,-0.1305261922200515,0.0,0.0,0.9914448613738105,-0.016000000000000007,-0.22496149868535165,0.2802328425555495,-0.1305261922200515,0.0,0.0,0.9914448613738105,-0.016000000000000007,-0.22496149868535165,0.2802328425555495,-0.1305261922200515,0.0,0.0,0.9914448613738105,0.0,-0.5235987755982988,0.7853981633974483,0.0,0.5235987755982988,0.0,0.0,-0.5235987755982988,0.7853981633974483,0.0,0.5235987755982988,0.0,0.0,-0.5235987755982988,0.7853981633974483,0.0,0.5235987755982988,0.0,0.0,0.0,0.0,0.0,0.0,0.0,0.0,0.0,0.0,0.0,0.0,0.0,0.0,0.0,0.0,0.0,False,False,False,False,1,False,,0.0,0,,,,True,True,0.0,0.009703399991849437,True,0.0,0.0,False,False,False,False,False,False,1.0,False,False,False,0.0,0.0,0.0,0.0
1.9785608999955002,1786139944.7229,0.010168600012548268,0.0029218000127002597,0.010168600012548268,HOLD,32,deadman released,0.010168600012548268,1.968392299982952,263,-0.02148442847866724,0.0,0.0,0.0,0.0,0.0,1.0,-0.02148442847866724,0.0,0.0,0.0,0.0,0.0,1.0,-0.016000000000000007,-0.22496149868535165,0.2802328425555495,-0.1305261922200515,0.0,0.0,0.9914448613738105,-0.016000000000000007,-0.22496149868535165,0.2802328425555495,-0.1305261922200515,0.0,0.0,0.9914448613738105,-0.016000000000000007,-0.22496149868535165,0.2802328425555495,-0.1305261922200515,0.0,0.0,0.9914448613738105,-0.016000000000000007,-0.22496149868535165,0.2802328425555495,-0.1305261922200515,0.0,0.0,0.9914448613738105,-0.016000000000000007,-0.22496149868535165,0.2802328425555495,-0.1305261922200515,0.0,0.0,0.9914448613738105,0.0,-0.5235987755982988,0.7853981633974483,0.0,0.5235987755982988,0.0,0.0,-0.5235987755982988,0.7853981633974483,0.0,0.5235987755982988,0.0,0.0,-0.5235987755982988,0.7853981633974483,0.0,0.5235987755982988,0.0,0.0,0.0,0.0,0.0,0.0,0.0,0.0,0.0,0.0,0.0,0.0,0.0,0.0,0.0,0.0,0.0,False,False,False,False,1,False,,0.0,0,,,,True,True,0.0,0.010168600012548268,True,0.0,0.0,False,False,False,False,False,False,1.0,False,False,False,0.0,0.0,0.0,0.0
1.9881504999939352,1786139944.7327635,0.009589599998435006,0.003192300006048754,0.009589599998435006,HOLD,32,deadman released,0.009589599998435006,1.9785608999955002,264,-0.02148442847866724,0.0,0.0,0.0,0.0,0.0,1.0,-0.02148442847866724,0.0,0.0,0.0,0.0,0.0,1.0,-0.016000000000000007,-0.22496149868535165,0.2802328425555495,-0.1305261922200515,0.0,0.0,0.9914448613738105,-0.016000000000000007,-0.22496149868535165,0.2802328425555495,-0.1305261922200515,0.0,0.0,0.9914448613738105,-0.016000000000000007,-0.22496149868535165,0.2802328425555495,-0.1305261922200515,0.0,0.0,0.9914448613738105,-0.016000000000000007,-0.22496149868535165,0.2802328425555495,-0.1305261922200515,0.0,0.0,0.9914448613738105,-0.016000000000000007,-0.22496149868535165,0.2802328425555495,-0.1305261922200515,0.0,0.0,0.9914448613738105,0.0,-0.5235987755982988,0.7853981633974483,0.0,0.5235987755982988,0.0,0.0,-0.5235987755982988,0.7853981633974483,0.0,0.5235987755982988,0.0,0.0,-0.5235987755982988,0.7853981633974483,0.0,0.5235987755982988,0.0,0.0,0.0,0.0,0.0,0.0,0.0,0.0,0.0,0.0,0.0,0.0,0.0,0.0,0.0,0.0,0.0,False,False,False,False,1,False,,0.0,0,,,,True,True,0.0,0.009589599998435006,True,0.0,0.0,False,False,False,False,False,False,1.0,False,False,False,0.0,0.0,0.0,0.0
1.9992707000055816,1786139944.7433167,0.011120200011646375,0.0026304000057280064,0.011120200011646375,HOLD,32,deadman released,0.011120200011646375,1.9881504999939352,266,-0.007450821440592345,0.0,0.0,0.0,0.0,0.0,1.0,-0.007450821440592345,0.0,0.0,0.0,0.0,0.0,1.0,-0.016000000000000007,-0.22496149868535165,0.2802328425555495,-0.1305261922200515,0.0,0.0,0.9914448613738105,-0.016000000000000007,-0.22496149868535165,0.2802328425555495,-0.1305261922200515,0.0,0.0,0.9914448613738105,-0.016000000000000007,-0.22496149868535165,0.2802328425555495,-0.1305261922200515,0.0,0.0,0.9914448613738105,-0.016000000000000007,-0.22496149868535165,0.2802328425555495,-0.1305261922200515,0.0,0.0,0.9914448613738105,-0.016000000000000007,-0.22496149868535165,0.2802328425555495,-0.1305261922200515,0.0,0.0,0.9914448613738105,0.0,-0.5235987755982988,0.7853981633974483,0.0,0.5235987755982988,0.0,0.0,-0.5235987755982988,0.7853981633974483,0.0,0.5235987755982988,0.0,0.0,-0.5235987755982988,0.7853981633974483,0.0,0.5235987755982988,0.0,0.0,0.0,0.0,0.0,0.0,0.0,0.0,0.0,0.0,0.0,0.0,0.0,0.0,0.0,0.0,0.0,False,False,False,False,1,False,,0.0,0,,,,True,True,0.0,0.011120200011646375,True,0.0,0.0,False,False,False,False,False,False,1.0,False,False,False,0.0,0.0,0.0,0.0
2.008187100000214,1786139944.752983,0.00891639999463223,0.0033742999949026853,0.00891639999463223,HOLD,32,deadman released,0.00891639999463223,1.9992707000055816,267,-0.007450821440592345,0.0,0.0,0.0,0.0,0.0,1.0,-0.007450821440592345,0.0,0.0,0.0,0.0,0.0,1.0,-0.016000000000000007,-0.22496149868535165,0.2802328425555495,-0.1305261922200515,0.0,0.0,0.9914448613738105,-0.016000000000000007,-0.22496149868535165,0.2802328425555495,-0.1305261922200515,0.0,0.0,0.9914448613738105,-0.016000000000000007,-0.22496149868535165,0.2802328425555495,-0.1305261922200515,0.0,0.0,0.9914448613738105,-0.016000000000000007,-0.22496149868535165,0.2802328425555495,-0.1305261922200515,0.0,0.0,0.9914448613738105,-0.016000000000000007,-0.22496149868535165,0.2802328425555495,-0.1305261922200515,0.0,0.0,0.9914448613738105,0.0,-0.5235987755982988,0.7853981633974483,0.0,0.5235987755982988,0.0,0.0,-0.5235987755982988,0.7853981633974483,0.0,0.5235987755982988,0.0,0.0,-0.5235987755982988,0.7853981633974483,0.0,0.5235987755982988,0.0,0.0,0.0,0.0,0.0,0.0,0.0,0.0,0.0,0.0,0.0,0.0,0.0,0.0,0.0,0.0,0.0,False,False,False,False,1,False,,0.0,0,,,,True,True,0.0,0.00891639999463223,True,0.0,0.0,False,False,False,False,False,False,1.0,False,False,False,0.0,0.0,0.0,0.0
2.0182044999965,1786139944.7627277,0.010017399996286258,0.003108000004431233,0.010017399996286258,HOLD,32,deadman released,0.010017399996286258,2.008187100000214,269,0.01322977371867337,0.0,0.0,0.0,0.0,0.0,1.0,0.01322977371867337,0.0,0.0,0.0,0.0,0.0,1.0,-0.016000000000000007,-0.22496149868535165,0.2802328425555495,-0.1305261922200515,0.0,0.0,0.9914448613738105,-0.016000000000000007,-0.22496149868535165,0.2802328425555495,-0.1305261922200515,0.0,0.0,0.9914448613738105,-0.016000000000000007,-0.22496149868535165,0.2802328425555495,-0.1305261922200515,0.0,0.0,0.9914448613738105,-0.016000000000000007,-0.22496149868535165,0.2802328425555495,-0.1305261922200515,0.0,0.0,0.9914448613738105,-0.016000000000000007,-0.22496149868535165,0.2802328425555495,-0.1305261922200515,0.0,0.0,0.9914448613738105,0.0,-0.5235987755982988,0.7853981633974483,0.0,0.5235987755982988,0.0,0.0,-0.5235987755982988,0.7853981633974483,0.0,0.5235987755982988,0.0,0.0,-0.5235987755982988,0.7853981633974483,0.0,0.5235987755982988,0.0,0.0,0.0,0.0,0.0,0.0,0.0,0.0,0.0,0.0,0.0,0.0,0.0,0.0,0.0,0.0,0.0,False,False,False,False,1,False,,0.0,0,,,,True,True,0.0,0.010017399996286258,True,0.0,0.0,False,False,False,False,False,False,1.0,False,False,False,0.0,0.0,0.0,0.0
2.0282168999838177,1786139944.7721124,0.010012399987317622,0.0024796999932732433,0.010012399987317622,HOLD,32,deadman released,0.010012399987317622,2.0182044999965,271,0.02092452560560551,0.0,0.0,0.0,0.0,0.0,1.0,0.02092452560560551,0.0,0.0,0.0,0.0,0.0,1.0,-0.016000000000000007,-0.22496149868535165,0.2802328425555495,-0.1305261922200515,0.0,0.0,0.9914448613738105,-0.016000000000000007,-0.22496149868535165,0.2802328425555495,-0.1305261922200515,0.0,0.0,0.9914448613738105,-0.016000000000000007,-0.22496149868535165,0.2802328425555495,-0.1305261922200515,0.0,0.0,0.9914448613738105,-0.016000000000000007,-0.22496149868535165,0.2802328425555495,-0.1305261922200515,0.0,0.0,0.9914448613738105,-0.016000000000000007,-0.22496149868535165,0.2802328425555495,-0.1305261922200515,0.0,0.0,0.9914448613738105,0.0,-0.5235987755982988,0.7853981633974483,0.0,0.5235987755982988,0.0,0.0,-0.5235987755982988,0.7853981633974483,0.0,0.5235987755982988,0.0,0.0,-0.5235987755982988,0.7853981633974483,0.0,0.5235987755982988,0.0,0.0,0.0,0.0,0.0,0.0,0.0,0.0,0.0,0.0,0.0,0.0,0.0,0.0,0.0,0.0,0.0,False,False,False,False,1,False,,0.0,0,,,,True,True,0.0,0.010012399987317622,True,0.0,0.0,False,False,False,False,False,False,1.0,False,False,False,0.0,0.0,0.0,0.0
2.0382500999839976,1786139944.7825727,0.010033200000179932,0.0029078000225126743,0.010033200000179932,HOLD,32,deadman released,0.010033200000179932,2.0282168999838177,272,0.02092452560560551,0.0,0.0,0.0,0.0,0.0,1.0,0.02092452560560551,0.0,0.0,0.0,0.0,0.0,1.0,-0.016000000000000007,-0.22496149868535165,0.2802328425555495,-0.1305261922200515,0.0,0.0,0.9914448613738105,-0.016000000000000007,-0.22496149868535165,0.2802328425555495,-0.1305261922200515,0.0,0.0,0.9914448613738105,-0.016000000000000007,-0.22496149868535165,0.2802328425555495,-0.1305261922200515,0.0,0.0,0.9914448613738105,-0.016000000000000007,-0.22496149868535165,0.2802328425555495,-0.1305261922200515,0.0,0.0,0.9914448613738105,-0.016000000000000007,-0.22496149868535165,0.2802328425555495,-0.1305261922200515,0.0,0.0,0.9914448613738105,0.0,-0.5235987755982988,0.7853981633974483,0.0,0.5235987755982988,0.0,0.0,-0.5235987755982988,0.7853981633974483,0.0,0.5235987755982988,0.0,0.0,-0.5235987755982988,0.7853981633974483,0.0,0.5235987755982988,0.0,0.0,0.0,0.0,0.0,0.0,0.0,0.0,0.0,0.0,0.0,0.0,0.0,0.0,0.0,0.0,0.0,False,False,False,False,1,False,,0.0,0,,,,True,True,0.0,0.010033200000179932,True,0.0,0.0,False,False,False,False,False,False,1.0,False,False,False,0.0,0.0,0.0,0.0
2.0493646999821067,1786139944.7935114,0.011114599998109043,0.00273060001200065,0.011114599998109043,HOLD,32,deadman released,0.011114599998109043,2.0382500999839976,274,0.038587702763331455,0.0,0.0,0.0,0.0,0.0,1.0,0.038587702763331455,0.0,0.0,0.0,0.0,0.0,1.0,-0.016000000000000007,-0.22496149868535165,0.2802328425555495,-0.1305261922200515,0.0,0.0,0.9914448613738105,-0.016000000000000007,-0.22496149868535165,0.2802328425555495,-0.1305261922200515,0.0,0.0,0.9914448613738105,-0.016000000000000007,-0.22496149868535165,0.2802328425555495,-0.1305261922200515,0.0,0.0,0.9914448613738105,-0.016000000000000007,-0.22496149868535165,0.2802328425555495,-0.1305261922200515,0.0,0.0,0.9914448613738105,-0.016000000000000007,-0.22496149868535165,0.2802328425555495,-0.1305261922200515,0.0,0.0,0.9914448613738105,0.0,-0.5235987755982988,0.7853981633974483,0.0,0.5235987755982988,0.0,0.0,-0.5235987755982988,0.7853981633974483,0.0,0.5235987755982988,0.0,0.0,-0.5235987755982988,0.7853981633974483,0.0,0.5235987755982988,0.0,0.0,0.0,0.0,0.0,0.0,0.0,0.0,0.0,0.0,0.0,0.0,0.0,0.0,0.0,0.0,0.0,False,False,False,False,1,False,,0.0,0,,,,True,True,0.0,0.011114599998109043,True,0.0,0.0,False,False,False,False,False,False,1.0,False,False,False,0.0,0.0,0.0,0.0
2.0582058999862056,1786139944.8029914,0.008841200004098937,0.0033628999954089522,0.008841200004098937,HOLD,32,deadman released,0.008841200004098937,2.0493646999821067,275,0.038587702763331455,0.0,0.0,0.0,0.0,0.0,1.0,0.038587702763331455,0.0,0.0,0.0,0.0,0.0,1.0,-0.016000000000000007,-0.22496149868535165,0.2802328425555495,-0.1305261922200515,0.0,0.0,0.9914448613738105,-0.016000000000000007,-0.22496149868535165,0.2802328425555495,-0.1305261922200515,0.0,0.0,0.9914448613738105,-0.016000000000000007,-0.22496149868535165,0.2802328425555495,-0.1305261922200515,0.0,0.0,0.9914448613738105,-0.016000000000000007,-0.22496149868535165,0.2802328425555495,-0.1305261922200515,0.0,0.0,0.9914448613738105,-0.016000000000000007,-0.22496149868535165,0.2802328425555495,-0.1305261922200515,0.0,0.0,0.9914448613738105,0.0,-0.5235987755982988,0.7853981633974483,0.0,0.5235987755982988,0.0,0.0,-0.5235987755982988,0.7853981633974483,0.0,0.5235987755982988,0.0,0.0,-0.5235987755982988,0.7853981633974483,0.0,0.5235987755982988,0.0,0.0,0.0,0.0,0.0,0.0,0.0,0.0,0.0,0.0,0.0,0.0,0.0,0.0,0.0,0.0,0.0,False,False,False,False,1,False,,0.0,0,,,,True,True,0.0,0.008841200004098937,True,0.0,0.0,False,False,False,False,False,False,1.0,False,False,False,0.0,0.0,0.0,0.0
2.0682557999971323,1786139944.8133714,0.010049900010926649,0.0036985000187996775,0.010049900010926649,HOLD,32,deadman released,0.010049900010926649,2.0582058999862056,277,0.05676034277260927,0.0,0.0,0.0,0.0,0.0,1.0,0.05676034277260927,0.0,0.0,0.0,0.0,0.0,1.0,-0.016000000000000007,-0.22496149868535165,0.2802328425555495,-0.1305261922200515,0.0,0.0,0.9914448613738105,-0.016000000000000007,-0.22496149868535165,0.2802328425555495,-0.1305261922200515,0.0,0.0,0.9914448613738105,-0.016000000000000007,-0.22496149868535165,0.2802328425555495,-0.1305261922200515,0.0,0.0,0.9914448613738105,-0.016000000000000007,-0.22496149868535165,0.2802328425555495,-0.1305261922200515,0.0,0.0,0.9914448613738105,-0.016000000000000007,-0.22496149868535165,0.2802328425555495,-0.1305261922200515,0.0,0.0,0.9914448613738105,0.0,-0.5235987755982988,0.7853981633974483,0.0,0.5235987755982988,0.0,0.0,-0.5235987755982988,0.7853981633974483,0.0,0.5235987755982988,0.0,0.0,-0.5235987755982988,0.7853981633974483,0.0,0.5235987755982988,0.0,0.0,0.0,0.0,0.0,0.0,0.0,0.0,0.0,0.0,0.0,0.0,0.0,0.0,0.0,0.0,0.0,False,False,False,False,1,False,,0.0,0,,,,True,True,0.0,0.010049900010926649,True,0.0,0.0,False,False,False,False,False,False,1.0,False,False,False,0.0,0.0,0.0,0.0
2.078275699983351,1786139944.82218,0.010019899986218661,0.0024880999990273267,0.010019899986218661,HOLD,32,deadman released,0.010019899986218661,2.0682557999971323,279,0.06341465177696638,0.0,0.0,0.0,0.0,0.0,1.0,0.06341465177696638,0.0,0.0,0.0,0.0,0.0,1.0,-0.016000000000000007,-0.22496149868535165,0.2802328425555495,-0.1305261922200515,0.0,0.0,0.9914448613738105,-0.016000000000000007,-0.22496149868535165,0.2802328425555495,-0.1305261922200515,0.0,0.0,0.9914448613738105,-0.016000000000000007,-0.22496149868535165,0.2802328425555495,-0.1305261922200515,0.0,0.0,0.9914448613738105,-0.016000000000000007,-0.22496149868535165,0.2802328425555495,-0.1305261922200515,0.0,0.0,0.9914448613738105,-0.016000000000000007,-0.22496149868535165,0.2802328425555495,-0.1305261922200515,0.0,0.0,0.9914448613738105,0.0,-0.5235987755982988,0.7853981633974483,0.0,0.5235987755982988,0.0,0.0,-0.5235987755982988,0.7853981633974483,0.0,0.5235987755982988,0.0,0.0,-0.5235987755982988,0.7853981633974483,0.0,0.5235987755982988,0.0,0.0,0.0,0.0,0.0,0.0,0.0,0.0,0.0,0.0,0.0,0.0,0.0,0.0,0.0,0.0,0.0,False,False,False,False,1,False,,0.0,0,,,,True,True,0.0,0.010019899986218661,True,0.0,0.0,False,False,False,False,False,False,1.0,False,False,False,0.0,0.0,0.0,0.0
2.0883571000013035,1786139944.8332348,0.010081400017952546,0.0034610000147949904,0.010081400017952546,HOLD,32,deadman released,0.010081400017952546,2.078275699983351,280,0.06341465177696638,0.0,0.0,0.0,0.0,0.0,1.0,0.06341465177696638,0.0,0.0,0.0,0.0,0.0,1.0,-0.016000000000000007,-0.22496149868535165,0.2802328425555495,-0.1305261922200515,0.0,0.0,0.9914448613738105,-0.016000000000000007,-0.22496149868535165,0.2802328425555495,-0.1305261922200515,0.0,0.0,0.9914448613738105,-0.016000000000000007,-0.22496149868535165,0.2802328425555495,-0.1305261922200515,0.0,0.0,0.9914448613738105,-0.016000000000000007,-0.22496149868535165,0.2802328425555495,-0.1305261922200515,0.0,0.0,0.9914448613738105,-0.016000000000000007,-0.22496149868535165,0.2802328425555495,-0.1305261922200515,0.0,0.0,0.9914448613738105,0.0,-0.5235987755982988,0.7853981633974483,0.0,0.5235987755982988,0.0,0.0,-0.5235987755982988,0.7853981633974483,0.0,0.5235987755982988,0.0,0.0,-0.5235987755982988,0.7853981633974483,0.0,0.5235987755982988,0.0,0.0,0.0,0.0,0.0,0.0,0.0,0.0,0.0,0.0,0.0,0.0,0.0,0.0,0.0,0.0,0.0,False,False,False,False,1,False,,0.0,0,,,,True,True,0.0,0.010081400017952546,True,0.0,0.0,False,False,False,False,False,False,1.0,False,False,False,0.0,0.0,0.0,0.0
2.1010783999809064,1786139944.8462324,0.012721299979602918,0.0037370999925769866,0.012721299979602918,HOLD,32,deadman released,0.012721299979602918,2.0883571000013035,282,0.07657651359273636,0.0,0.0,0.0,0.0,0.0,1.0,0.07657651359273636,0.0,0.0,0.0,0.0,0.0,1.0,-0.016000000000000007,-0.22496149868535165,0.2802328425555495,-0.1305261922200515,0.0,0.0,0.9914448613738105,-0.016000000000000007,-0.22496149868535165,0.2802328425555495,-0.1305261922200515,0.0,0.0,0.9914448613738105,-0.016000000000000007,-0.22496149868535165,0.2802328425555495,-0.1305261922200515,0.0,0.0,0.9914448613738105,-0.016000000000000007,-0.22496149868535165,0.2802328425555495,-0.1305261922200515,0.0,0.0,0.9914448613738105,-0.016000000000000007,-0.22496149868535165,0.2802328425555495,-0.1305261922200515,0.0,0.0,0.9914448613738105,0.0,-0.5235987755982988,0.7853981633974483,0.0,0.5235987755982988,0.0,0.0,-0.5235987755982988,0.7853981633974483,0.0,0.5235987755982988,0.0,0.0,-0.5235987755982988,0.7853981633974483,0.0,0.5235987755982988,0.0,0.0,0.0,0.0,0.0,0.0,0.0,0.0,0.0,0.0,0.0,0.0,0.0,0.0,0.0,0.0,0.0,False,False,False,False,1,False,,0.0,0,,,,True,True,0.0,0.012721299979602918,True,0.0,0.0,False,False,False,False,False,False,1.0,False,False,False,0.0,0.0,0.0,0.0
2.1082279999973252,1786139944.852523,0.0071496000164188445,0.0028714000072795898,0.0071496000164188445,HOLD,32,deadman released,0.0071496000164188445,2.1010783999809064,283,0.07657651359273636,0.0,0.0,0.0,0.0,0.0,1.0,0.07657651359273636,0.0,0.0,0.0,0.0,0.0,1.0,-0.016000000000000007,-0.22496149868535165,0.2802328425555495,-0.1305261922200515,0.0,0.0,0.9914448613738105,-0.016000000000000007,-0.22496149868535165,0.2802328425555495,-0.1305261922200515,0.0,0.0,0.9914448613738105,-0.016000000000000007,-0.22496149868535165,0.2802328425555495,-0.1305261922200515,0.0,0.0,0.9914448613738105,-0.016000000000000007,-0.22496149868535165,0.2802328425555495,-0.1305261922200515,0.0,0.0,0.9914448613738105,-0.016000000000000007,-0.22496149868535165,0.2802328425555495,-0.1305261922200515,0.0,0.0,0.9914448613738105,0.0,-0.5235987755982988,0.7853981633974483,0.0,0.5235987755982988,0.0,0.0,-0.5235987755982988,0.7853981633974483,0.0,0.5235987755982988,0.0,0.0,-0.5235987755982988,0.7853981633974483,0.0,0.5235987755982988,0.0,0.0,0.0,0.0,0.0,0.0,0.0,0.0,0.0,0.0,0.0,0.0,0.0,0.0,0.0,0.0,0.0,False,False,False,False,1,False,,0.0,0,,,,True,True,0.0,0.0071496000164188445,True,0.0,0.0,False,False,False,False,False,False,1.0,False,False,False,0.0,0.0,0.0,0.0
2.119199499982642,1786139944.8645394,0.010971499985316768,0.00392469999496825,0.010971499985316768,HOLD,32,deadman released,0.010971499985316768,2.1082279999973252,285,0.08907549391390404,0.0,0.0,0.0,0.0,0.0,1.0,0.08907549391390404,0.0,0.0,0.0,0.0,0.0,1.0,-0.016000000000000007,-0.22496149868535165,0.2802328425555495,-0.1305261922200515,0.0,0.0,0.9914448613738105,-0.016000000000000007,-0.22496149868535165,0.2802328425555495,-0.1305261922200515,0.0,0.0,0.9914448613738105,-0.016000000000000007,-0.22496149868535165,0.2802328425555495,-0.1305261922200515,0.0,0.0,0.9914448613738105,-0.016000000000000007,-0.22496149868535165,0.2802328425555495,-0.1305261922200515,0.0,0.0,0.9914448613738105,-0.016000000000000007,-0.22496149868535165,0.2802328425555495,-0.1305261922200515,0.0,0.0,0.9914448613738105,0.0,-0.5235987755982988,0.7853981633974483,0.0,0.5235987755982988,0.0,0.0,-0.5235987755982988,0.7853981633974483,0.0,0.5235987755982988,0.0,0.0,-0.5235987755982988,0.7853981633974483,0.0,0.5235987755982988,0.0,0.0,0.0,0.0,0.0,0.0,0.0,0.0,0.0,0.0,0.0,0.0,0.0,0.0,0.0,0.0,0.0,False,False,False,False,1,False,,0.0,0,,,,True,True,0.0,0.010971499985316768,True,0.0,0.0,False,False,False,False,False,False,1.0,False,False,False,0.0,0.0,0.0,0.0
2.128930399980163,1786139944.8732946,0.009730899997521192,0.002947800006950274,0.009730899997521192,HOLD,32,deadman released,0.009730899997521192,2.119199499982642,287,0.09345122257722692,0.0,0.0,0.0,0.0,0.0,1.0,0.09345122257722692,0.0,0.0,0.0,0.0,0.0,1.0,-0.016000000000000007,-0.22496149868535165,0.2802328425555495,-0.1305261922200515,0.0,0.0,0.9914448613738105,-0.016000000000000007,-0.22496149868535165,0.2802328425555495,-0.1305261922200515,0.0,0.0,0.9914448613738105,-0.016000000000000007,-0.22496149868535165,0.2802328425555495,-0.1305261922200515,0.0,0.0,0.9914448613738105,-0.016000000000000007,-0.22496149868535165,0.2802328425555495,-0.1305261922200515,0.0,0.0,0.9914448613738105,-0.016000000000000007,-0.22496149868535165,0.2802328425555495,-0.1305261922200515,0.0,0.0,0.9914448613738105,0.0,-0.5235987755982988,0.7853981633974483,0.0,0.5235987755982988,0.0,0.0,-0.5235987755982988,0.7853981633974483,0.0,0.5235987755982988,0.0,0.0,-0.5235987755982988,0.7853981633974483,0.0,0.5235987755982988,0.0,0.0,0.0,0.0,0.0,0.0,0.0,0.0,0.0,0.0,0.0,0.0,0.0,0.0,0.0,0.0,0.0,False,False,False,False,1,False,,0.0,0,,,,True,True,0.0,0.009730899997521192,True,0.0,0.0,False,False,False,False,False,False,1.0,False,False,False,0.0,0.0,0.0,0.0
2.139690999989398,1786139944.8843622,0.010760600009234622,0.003255799994803965,0.010760600009234622,HOLD,32,deadman released,0.010760600009234622,2.128930399980163,288,0.09345122257722692,0.0,0.0,0.0,0.0,0.0,1.0,0.09345122257722692,0.0,0.0,0.0,0.0,0.0,1.0,-0.016000000000000007,-0.22496149868535165,0.2802328425555495,-0.1305261922200515,0.0,0.0,0.9914448613738105,-0.016000000000000007,-0.22496149868535165,0.2802328425555495,-0.1305261922200515,0.0,0.0,0.9914448613738105,-0.016000000000000007,-0.22496149868535165,0.2802328425555495,-0.1305261922200515,0.0,0.0,0.9914448613738105,-0.016000000000000007,-0.22496149868535165,0.2802328425555495,-0.1305261922200515,0.0,0.0,0.9914448613738105,-0.016000000000000007,-0.22496149868535165,0.2802328425555495,-0.1305261922200515,0.0,0.0,0.9914448613738105,0.0,-0.5235987755982988,0.7853981633974483,0.0,0.5235987755982988,0.0,0.0,-0.5235987755982988,0.7853981633974483,0.0,0.5235987755982988,0.0,0.0,-0.5235987755982988,0.7853981633974483,0.0,0.5235987755982988,0.0,0.0,0.0,0.0,0.0,0.0,0.0,0.0,0.0,0.0,0.0,0.0,0.0,0.0,0.0,0.0,0.0,False,False,False,False,1,False,,0.0,0,,,,True,True,0.0,0.010760600009234622,True,0.0,0.0,False,False,False,False,False,False,1.0,False,False,False,0.0,0.0,0.0,0.0
2.148144000006141,1786139944.8928778,0.008453000016743317,0.003301299992017448,0.008453000016743317,HOLD,32,deadman released,0.008453000016743317,2.139690999989398,289,0.09345122257722692,0.0,0.0,0.0,0.0,0.0,1.0,0.09345122257722692,0.0,0.0,0.0,0.0,0.0,1.0,-0.016000000000000007,-0.22496149868535165,0.2802328425555495,-0.1305261922200515,0.0,0.0,0.9914448613738105,-0.016000000000000007,-0.22496149868535165,0.2802328425555495,-0.1305261922200515,0.0,0.0,0.9914448613738105,-0.016000000000000007,-0.22496149868535165,0.2802328425555495,-0.1305261922200515,0.0,0.0,0.9914448613738105,-0.016000000000000007,-0.22496149868535165,0.2802328425555495,-0.1305261922200515,0.0,0.0,0.9914448613738105,-0.016000000000000007,-0.22496149868535165,0.2802328425555495,-0.1305261922200515,0.0,0.0,0.9914448613738105,0.0,-0.5235987755982988,0.7853981633974483,0.0,0.5235987755982988,0.0,0.0,-0.5235987755982988,0.7853981633974483,0.0,0.5235987755982988,0.0,0.0,-0.5235987755982988,0.7853981633974483,0.0,0.5235987755982988,0.0,0.0,0.0,0.0,0.0,0.0,0.0,0.0,0.0,0.0,0.0,0.0,0.0,0.0,0.0,0.0,0.0,False,False,False,False,1,False,,0.0,0,,,,True,True,0.0,0.008453000016743317,True,0.0,0.0,False,False,False,False,False,False,1.0,False,False,False,0.0,0.0,0.0,0.0
2.1581399999849964,1786139944.9027789,0.009995999978855252,0.0032235000107903033,0.009995999978855252,HOLD,32,deadman released,0.009995999978855252,2.148144000006141,291,0.09956031416011918,0.0,0.0,0.0,0.0,0.0,1.0,0.09956031416011918,0.0,0.0,0.0,0.0,0.0,1.0,-0.016000000000000007,-0.22496149868535165,0.2802328425555495,-0.1305261922200515,0.0,0.0,0.9914448613738105,-0.016000000000000007,-0.22496149868535165,0.2802328425555495,-0.1305261922200515,0.0,0.0,0.9914448613738105,-0.016000000000000007,-0.22496149868535165,0.2802328425555495,-0.1305261922200515,0.0,0.0,0.9914448613738105,-0.016000000000000007,-0.22496149868535165,0.2802328425555495,-0.1305261922200515,0.0,0.0,0.9914448613738105,-0.016000000000000007,-0.22496149868535165,0.2802328425555495,-0.1305261922200515,0.0,0.0,0.9914448613738105,0.0,-0.5235987755982988,0.7853981633974483,0.0,0.5235987755982988,0.0,0.0,-0.5235987755982988,0.7853981633974483,0.0,0.5235987755982988,0.0,0.0,-0.5235987755982988,0.7853981633974483,0.0,0.5235987755982988,0.0,0.0,0.0,0.0,0.0,0.0,0.0,0.0,0.0,0.0,0.0,0.0,0.0,0.0,0.0,0.0,0.0,False,False,False,False,1,False,,0.0,0,,,,True,True,0.0,0.009995999978855252,True,0.0,0.0,False,False,False,False,False,False,1.0,False,False,False,0.0,0.0,0.0,0.0
2.168432099977508,1786139944.91263,0.010292099992511794,0.002781699993647635,0.010292099992511794,HOLD,32,deadman released,0.010292099992511794,2.1581399999849964,292,0.09956031416011918,0.0,0.0,0.0,0.0,0.0,1.0,0.09956031416011918,0.0,0.0,0.0,0.0,0.0,1.0,-0.016000000000000007,-0.22496149868535165,0.2802328425555495,-0.1305261922200515,0.0,0.0,0.9914448613738105,-0.016000000000000007,-0.22496149868535165,0.2802328425555495,-0.1305261922200515,0.0,0.0,0.9914448613738105,-0.016000000000000007,-0.22496149868535165,0.2802328425555495,-0.1305261922200515,0.0,0.0,0.9914448613738105,-0.016000000000000007,-0.22496149868535165,0.2802328425555495,-0.1305261922200515,0.0,0.0,0.9914448613738105,-0.016000000000000007,-0.22496149868535165,0.2802328425555495,-0.1305261922200515,0.0,0.0,0.9914448613738105,0.0,-0.5235987755982988,0.7853981633974483,0.0,0.5235987755982988,0.0,0.0,-0.5235987755982988,0.7853981633974483,0.0,0.5235987755982988,0.0,0.0,-0.5235987755982988,0.7853981633974483,0.0,0.5235987755982988,0.0,0.0,0.0,0.0,0.0,0.0,0.0,0.0,0.0,0.0,0.0,0.0,0.0,0.0,0.0,0.0,0.0,False,False,False,False,1,False,,0.0,0,,,,True,True,0.0,0.010292099992511794,True,0.0,0.0,False,False,False,False,False,False,1.0,False,False,False,0.0,0.0,0.0,0.0
2.1786010999931023,1786139944.9228168,0.010169000015594065,0.0027997999859508127,0.010169000015594065,HOLD,32,deadman released,0.010169000015594065,2.168432099977508,294,0.09998424561836933,0.0,0.0,0.0,0.0,0.0,1.0,0.09998424561836933,0.0,0.0,0.0,0.0,0.0,1.0,-0.016000000000000007,-0.22496149868535165,0.2802328425555495,-0.1305261922200515,0.0,0.0,0.9914448613738105,-0.016000000000000007,-0.22496149868535165,0.2802328425555495,-0.1305261922200515,0.0,0.0,0.9914448613738105,-0.016000000000000007,-0.22496149868535165,0.2802328425555495,-0.1305261922200515,0.0,0.0,0.9914448613738105,-0.016000000000000007,-0.22496149868535165,0.2802328425555495,-0.1305261922200515,0.0,0.0,0.9914448613738105,-0.016000000000000007,-0.22496149868535165,0.2802328425555495,-0.1305261922200515,0.0,0.0,0.9914448613738105,0.0,-0.5235987755982988,0.7853981633974483,0.0,0.5235987755982988,0.0,0.0,-0.5235987755982988,0.7853981633974483,0.0,0.5235987755982988,0.0,0.0,-0.5235987755982988,0.7853981633974483,0.0,0.5235987755982988,0.0,0.0,0.0,0.0,0.0,0.0,0.0,0.0,0.0,0.0,0.0,0.0,0.0,0.0,0.0,0.0,0.0,False,False,False,False,1,False,,0.0,0,,,,True,True,0.0,0.010169000015594065,True,0.0,0.0,False,False,False,False,False,False,1.0,False,False,False,0.0,0.0,0.0,0.0
2.188336099992739,1786139944.9331076,0.009734999999636784,0.0033478999976068735,0.009734999999636784,HOLD,32,deadman released,0.009734999999636784,2.1786010999931023,295,0.09998424561836933,0.0,0.0,0.0,0.0,0.0,1.0,0.09998424561836933,0.0,0.0,0.0,0.0,0.0,1.0,-0.016000000000000007,-0.22496149868535165,0.2802328425555495,-0.1305261922200515,0.0,0.0,0.9914448613738105,-0.016000000000000007,-0.22496149868535165,0.2802328425555495,-0.1305261922200515,0.0,0.0,0.9914448613738105,-0.016000000000000007,-0.22496149868535165,0.2802328425555495,-0.1305261922200515,0.0,0.0,0.9914448613738105,-0.016000000000000007,-0.22496149868535165,0.2802328425555495,-0.1305261922200515,0.0,0.0,0.9914448613738105,-0.016000000000000007,-0.22496149868535165,0.2802328425555495,-0.1305261922200515,0.0,0.0,0.9914448613738105,0.0,-0.5235987755982988,0.7853981633974483,0.0,0.5235987755982988,0.0,0.0,-0.5235987755982988,0.7853981633974483,0.0,0.5235987755982988,0.0,0.0,-0.5235987755982988,0.7853981633974483,0.0,0.5235987755982988,0.0,0.0,0.0,0.0,0.0,0.0,0.0,0.0,0.0,0.0,0.0,0.0,0.0,0.0,0.0,0.0,0.0,False,False,False,False,1,False,,0.0,0,,,,True,True,0.0,0.009734999999636784,True,0.0,0.0,False,False,False,False,False,False,1.0,False,False,False,0.0,0.0,0.0,0.0
2.198117399995681,1786139944.9425268,0.009781300002941862,0.002993000001879409,0.009781300002941862,HOLD,32,deadman released,0.009781300002941862,2.188336099992739,297,0.09664907544007312,0.0,0.0,0.0,0.0,0.0,1.0,0.09664907544007312,0.0,0.0,0.0,0.0,0.0,1.0,-0.016000000000000007,-0.22496149868535165,0.2802328425555495,-0.1305261922200515,0.0,0.0,0.9914448613738105,-0.016000000000000007,-0.22496149868535165,0.2802328425555495,-0.1305261922200515,0.0,0.0,0.9914448613738105,-0.016000000000000007,-0.22496149868535165,0.2802328425555495,-0.1305261922200515,0.0,0.0,0.9914448613738105,-0.016000000000000007,-0.22496149868535165,0.2802328425555495,-0.1305261922200515,0.0,0.0,0.9914448613738105,-0.016000000000000007,-0.22496149868535165,0.2802328425555495,-0.1305261922200515,0.0,0.0,0.9914448613738105,0.0,-0.5235987755982988,0.7853981633974483,0.0,0.5235987755982988,0.0,0.0,-0.5235987755982988,0.7853981633974483,0.0,0.5235987755982988,0.0,0.0,-0.5235987755982988,0.7853981633974483,0.0,0.5235987755982988,0.0,0.0,0.0,0.0,0.0,0.0,0.0,0.0,0.0,0.0,0.0,0.0,0.0,0.0,0.0,0.0,0.0,False,False,False,False,1,False,,0.0,0,,,,True,True,0.0,0.009781300002941862,True,0.0,0.0,False,False,False,False,False,False,1.0,False,False,False,0.0,0.0,0.0,0.0
2.2082066999864765,1786139944.9524045,0.010089299990795553,0.0027812999906018376,0.010089299990795553,HOLD,32,deadman released,0.010089299990795553,2.198117399995681,299,0.09446504157623974,0.0,0.0,0.0,0.0,0.0,1.0,0.09446504157623974,0.0,0.0,0.0,0.0,0.0,1.0,-0.016000000000000007,-0.22496149868535165,0.2802328425555495,-0.1305261922200515,0.0,0.0,0.9914448613738105,-0.016000000000000007,-0.22496149868535165,0.2802328425555495,-0.1305261922200515,0.0,0.0,0.9914448613738105,-0.016000000000000007,-0.22496149868535165,0.2802328425555495,-0.1305261922200515,0.0,0.0,0.9914448613738105,-0.016000000000000007,-0.22496149868535165,0.2802328425555495,-0.1305261922200515,0.0,0.0,0.9914448613738105,-0.016000000000000007,-0.22496149868535165,0.2802328425555495,-0.1305261922200515,0.0,0.0,0.9914448613738105,0.0,-0.5235987755982988,0.7853981633974483,0.0,0.5235987755982988,0.0,0.0,-0.5235987755982988,0.7853981633974483,0.0,0.5235987755982988,0.0,0.0,-0.5235987755982988,0.7853981633974483,0.0,0.5235987755982988,0.0,0.0,0.0,0.0,0.0,0.0,0.0,0.0,0.0,0.0,0.0,0.0,0.0,0.0,0.0,0.0,0.0,False,False,False,False,1,False,,0.0,0,,,,True,True,0.0,0.010089299990795553,True,0.0,0.0,False,False,False,False,False,False,1.0,False,False,False,0.0,0.0,0.0,0.0
2.218479799979832,1786139944.9628265,0.010273099993355572,0.0029317000007722527,0.010273099993355572,HOLD,32,deadman released,0.010273099993355572,2.2082066999864765,301,0.08963129403561194,0.0,0.0,0.0,0.0,0.0,1.0,0.08963129403561194,0.0,0.0,0.0,0.0,0.0,1.0,-0.016000000000000007,-0.22496149868535165,0.2802328425555495,-0.1305261922200515,0.0,0.0,0.9914448613738105,-0.016000000000000007,-0.22496149868535165,0.2802328425555495,-0.1305261922200515,0.0,0.0,0.9914448613738105,-0.016000000000000007,-0.22496149868535165,0.2802328425555495,-0.1305261922200515,0.0,0.0,0.9914448613738105,-0.016000000000000007,-0.22496149868535165,0.2802328425555495,-0.1305261922200515,0.0,0.0,0.9914448613738105,-0.016000000000000007,-0.22496149868535165,0.2802328425555495,-0.1305261922200515,0.0,0.0,0.9914448613738105,0.0,-0.5235987755982988,0.7853981633974483,0.0,0.5235987755982988,0.0,0.0,-0.5235987755982988,0.7853981633974483,0.0,0.5235987755982988,0.0,0.0,-0.5235987755982988,0.7853981633974483,0.0,0.5235987755982988,0.0,0.0,0.0,0.0,0.0,0.0,0.0,0.0,0.0,0.0,0.0,0.0,0.0,0.0,0.0,0.0,0.0,False,False,False,False,1,False,,0.0,0,,,,True,True,0.0,0.010273099993355572,True,0.0,0.0,False,False,False,False,False,False,1.0,False,False,False,0.0,0.0,0.0,0.0
2.2285322999814525,1786139944.9727051,0.010052500001620501,0.0027559000009205192,0.010052500001620501,HOLD,32,deadman released,0.010052500001620501,2.218479799979832,302,0.08963129403561194,0.0,0.0,0.0,0.0,0.0,1.0,0.08963129403561194,0.0,0.0,0.0,0.0,0.0,1.0,-0.016000000000000007,-0.22496149868535165,0.2802328425555495,-0.1305261922200515,0.0,0.0,0.9914448613738105,-0.016000000000000007,-0.22496149868535165,0.2802328425555495,-0.1305261922200515,0.0,0.0,0.9914448613738105,-0.016000000000000007,-0.22496149868535165,0.2802328425555495,-0.1305261922200515,0.0,0.0,0.9914448613738105,-0.016000000000000007,-0.22496149868535165,0.2802328425555495,-0.1305261922200515,0.0,0.0,0.9914448613738105,-0.016000000000000007,-0.22496149868535165,0.2802328425555495,-0.1305261922200515,0.0,0.0,0.9914448613738105,0.0,-0.5235987755982988,0.7853981633974483,0.0,0.5235987755982988,0.0,0.0,-0.5235987755982988,0.7853981633974483,0.0,0.5235987755982988,0.0,0.0,-0.5235987755982988,0.7853981633974483,0.0,0.5235987755982988,0.0,0.0,0.0,0.0,0.0,0.0,0.0,0.0,0.0,0.0,0.0,0.0,0.0,0.0,0.0,0.0,0.0,False,False,False,False,1,False,,0.0,0,,,,True,True,0.0,0.010052500001620501,True,0.0,0.0,False,False,False,False,False,False,1.0,False,False,False,0.0,0.0,0.0,0.0
2.2386554999975488,1786139944.9829135,0.010123200016096234,0.0028418999863788486,0.010123200016096234,HOLD,32,deadman released,0.010123200016096234,2.2285322999814525,304,0.07945029160826023,0.0,0.0,0.0,0.0,0.0,1.0,0.07945029160826023,0.0,0.0,0.0,0.0,0.0,1.0,-0.016000000000000007,-0.22496149868535165,0.2802328425555495,-0.1305261922200515,0.0,0.0,0.9914448613738105,-0.016000000000000007,-0.22496149868535165,0.2802328425555495,-0.1305261922200515,0.0,0.0,0.9914448613738105,-0.016000000000000007,-0.22496149868535165,0.2802328425555495,-0.1305261922200515,0.0,0.0,0.9914448613738105,-0.016000000000000007,-0.22496149868535165,0.2802328425555495,-0.1305261922200515,0.0,0.0,0.9914448613738105,-0.016000000000000007,-0.22496149868535165,0.2802328425555495,-0.1305261922200515,0.0,0.0,0.9914448613738105,0.0,-0.5235987755982988,0.7853981633974483,0.0,0.5235987755982988,0.0,0.0,-0.5235987755982988,0.7853981633974483,0.0,0.5235987755982988,0.0,0.0,-0.5235987755982988,0.7853981633974483,0.0,0.5235987755982988,0.0,0.0,0.0,0.0,0.0,0.0,0.0,0.0,0.0,0.0,0.0,0.0,0.0,0.0,0.0,0.0,0.0,False,False,False,False,1,False,,0.0,0,,,,True,True,0.0,0.010123200016096234,True,0.0,0.0,False,False,False,False,False,False,1.0,False,False,False,0.0,0.0,0.0,0.0
2.2485305999871343,1786139944.9928093,0.009875099989585578,0.002858899999409914,0.009875099989585578,HOLD,32,deadman released,0.009875099989585578,2.2386554999975488,305,0.07945029160826023,0.0,0.0,0.0,0.0,0.0,1.0,0.07945029160826023,0.0,0.0,0.0,0.0,0.0,1.0,-0.016000000000000007,-0.22496149868535165,0.2802328425555495,-0.1305261922200515,0.0,0.0,0.9914448613738105,-0.016000000000000007,-0.22496149868535165,0.2802328425555495,-0.1305261922200515,0.0,0.0,0.9914448613738105,-0.016000000000000007,-0.22496149868535165,0.2802328425555495,-0.1305261922200515,0.0,0.0,0.9914448613738105,-0.016000000000000007,-0.22496149868535165,0.2802328425555495,-0.1305261922200515,0.0,0.0,0.9914448613738105,-0.016000000000000007,-0.22496149868535165,0.2802328425555495,-0.1305261922200515,0.0,0.0,0.9914448613738105,0.0,-0.5235987755982988,0.7853981633974483,0.0,0.5235987755982988,0.0,0.0,-0.5235987755982988,0.7853981633974483,0.0,0.5235987755982988,0.0,0.0,-0.5235987755982988,0.7853981633974483,0.0,0.5235987755982988,0.0,0.0,0.0,0.0,0.0,0.0,0.0,0.0,0.0,0.0,0.0,0.0,0.0,0.0,0.0,0.0,0.0,False,False,False,False,1,False,,0.0,0,,,,True,True,0.0,0.009875099989585578,True,0.0,0.0,False,False,False,False,False,False,1.0,False,False,False,0.0,0.0,0.0,0.0
2.258990599977551,1786139945.0033689,0.01045999999041669,0.002962600003229454,0.01045999999041669,HOLD,32,deadman released,0.01045999999041669,2.2485305999871343,307,0.06918541664017139,0.0,0.0,0.0,0.0,0.0,1.0,0.06918541664017139,0.0,0.0,0.0,0.0,0.0,1.0,-0.016000000000000007,-0.22496149868535165,0.2802328425555495,-0.1305261922200515,0.0,0.0,0.9914448613738105,-0.016000000000000007,-0.22496149868535165,0.2802328425555495,-0.1305261922200515,0.0,0.0,0.9914448613738105,-0.016000000000000007,-0.22496149868535165,0.2802328425555495,-0.1305261922200515,0.0,0.0,0.9914448613738105,-0.016000000000000007,-0.22496149868535165,0.2802328425555495,-0.1305261922200515,0.0,0.0,0.9914448613738105,-0.016000000000000007,-0.22496149868535165,0.2802328425555495,-0.1305261922200515,0.0,0.0,0.9914448613738105,0.0,-0.5235987755982988,0.7853981633974483,0.0,0.5235987755982988,0.0,0.0,-0.5235987755982988,0.7853981633974483,0.0,0.5235987755982988,0.0,0.0,-0.5235987755982988,0.7853981633974483,0.0,0.5235987755982988,0.0,0.0,0.0,0.0,0.0,0.0,0.0,0.0,0.0,0.0,0.0,0.0,0.0,0.0,0.0,0.0,0.0,False,False,False,False,1,False,,0.0,0,,,,True,True,0.0,0.01045999999041669,True,0.0,0.0,False,False,False,False,False,False,1.0,False,False,False,0.0,0.0,0.0,0.0
2.268238899996504,1786139945.0132608,0.00924830001895316,0.003601899981731549,0.00924830001895316,HOLD,32,deadman released,0.00924830001895316,2.258990599977551,308,0.06918541664017139,0.0,0.0,0.0,0.0,0.0,1.0,0.06918541664017139,0.0,0.0,0.0,0.0,0.0,1.0,-0.016000000000000007,-0.22496149868535165,0.2802328425555495,-0.1305261922200515,0.0,0.0,0.9914448613738105,-0.016000000000000007,-0.22496149868535165,0.2802328425555495,-0.1305261922200515,0.0,0.0,0.9914448613738105,-0.016000000000000007,-0.22496149868535165,0.2802328425555495,-0.1305261922200515,0.0,0.0,0.9914448613738105,-0.016000000000000007,-0.22496149868535165,0.2802328425555495,-0.1305261922200515,0.0,0.0,0.9914448613738105,-0.016000000000000007,-0.22496149868535165,0.2802328425555495,-0.1305261922200515,0.0,0.0,0.9914448613738105,0.0,-0.5235987755982988,0.7853981633974483,0.0,0.5235987755982988,0.0,0.0,-0.5235987755982988,0.7853981633974483,0.0,0.5235987755982988,0.0,0.0,-0.5235987755982988,0.7853981633974483,0.0,0.5235987755982988,0.0,0.0,0.0,0.0,0.0,0.0,0.0,0.0,0.0,0.0,0.0,0.0,0.0,0.0,0.0,0.0,0.0,False,False,False,False,1,False,,0.0,0,,,,True,True,0.0,0.00924830001895316,True,0.0,0.0,False,False,False,False,False,False,1.0,False,False,False,0.0,0.0,0.0,0.0
2.2782584999804385,1786139945.022623,0.010019599983934313,0.0029479000077117234,0.010019599983934313,HOLD,32,deadman released,0.010019599983934313,2.268238899996504,310,0.0528157131644184,0.0,0.0,0.0,0.0,0.0,1.0,0.0528157131644184,0.0,0.0,0.0,0.0,0.0,1.0,-0.016000000000000007,-0.22496149868535165,0.2802328425555495,-0.1305261922200515,0.0,0.0,0.9914448613738105,-0.016000000000000007,-0.22496149868535165,0.2802328425555495,-0.1305261922200515,0.0,0.0,0.9914448613738105,-0.016000000000000007,-0.22496149868535165,0.2802328425555495,-0.1305261922200515,0.0,0.0,0.9914448613738105,-0.016000000000000007,-0.22496149868535165,0.2802328425555495,-0.1305261922200515,0.0,0.0,0.9914448613738105,-0.016000000000000007,-0.22496149868535165,0.2802328425555495,-0.1305261922200515,0.0,0.0,0.9914448613738105,0.0,-0.5235987755982988,0.7853981633974483,0.0,0.5235987755982988,0.0,0.0,-0.5235987755982988,0.7853981633974483,0.0,0.5235987755982988,0.0,0.0,-0.5235987755982988,0.7853981633974483,0.0,0.5235987755982988,0.0,0.0,0.0,0.0,0.0,0.0,0.0,0.0,0.0,0.0,0.0,0.0,0.0,0.0,0.0,0.0,0.0,False,False,False,False,1,False,,0.0,0,,,,True,True,0.0,0.010019599983934313,True,0.0,0.0,False,False,False,False,False,False,1.0,False,False,False,0.0,0.0,0.0,0.0
2.2882815999910235,1786139945.0327713,0.01002310001058504,0.0030744000105187297,0.01002310001058504,HOLD,32,deadman released,0.01002310001058504,2.2782584999804385,312,0.043086163346976146,0.0,0.0,0.0,0.0,0.0,1.0,0.043086163346976146,0.0,0.0,0.0,0.0,0.0,1.0,-0.016000000000000007,-0.22496149868535165,0.2802328425555495,-0.1305261922200515,0.0,0.0,0.9914448613738105,-0.016000000000000007,-0.22496149868535165,0.2802328425555495,-0.1305261922200515,0.0,0.0,0.9914448613738105,-0.016000000000000007,-0.22496149868535165,0.2802328425555495,-0.1305261922200515,0.0,0.0,0.9914448613738105,-0.016000000000000007,-0.22496149868535165,0.2802328425555495,-0.1305261922200515,0.0,0.0,0.9914448613738105,-0.016000000000000007,-0.22496149868535165,0.2802328425555495,-0.1305261922200515,0.0,0.0,0.9914448613738105,0.0,-0.5235987755982988,0.7853981633974483,0.0,0.5235987755982988,0.0,0.0,-0.5235987755982988,0.7853981633974483,0.0,0.5235987755982988,0.0,0.0,-0.5235987755982988,0.7853981633974483,0.0,0.5235987755982988,0.0,0.0,0.0,0.0,0.0,0.0,0.0,0.0,0.0,0.0,0.0,0.0,0.0,0.0,0.0,0.0,0.0,False,False,False,False,1,False,,0.0,0,,,,True,True,0.0,0.01002310001058504,True,0.0,0.0,False,False,False,False,False,False,1.0,False,False,False,0.0,0.0,0.0,0.0
2.298114000004716,1786139945.042792,0.009832400013692677,0.003262100013671443,0.009832400013692677,HOLD,32,deadman released,0.009832400013692677,2.2882815999910235,313,0.043086163346976146,0.0,0.0,0.0,0.0,0.0,1.0,0.043086163346976146,0.0,0.0,0.0,0.0,0.0,1.0,-0.016000000000000007,-0.22496149868535165,0.2802328425555495,-0.1305261922200515,0.0,0.0,0.9914448613738105,-0.016000000000000007,-0.22496149868535165,0.2802328425555495,-0.1305261922200515,0.0,0.0,0.9914448613738105,-0.016000000000000007,-0.22496149868535165,0.2802328425555495,-0.1305261922200515,0.0,0.0,0.9914448613738105,-0.016000000000000007,-0.22496149868535165,0.2802328425555495,-0.1305261922200515,0.0,0.0,0.9914448613738105,-0.016000000000000007,-0.22496149868535165,0.2802328425555495,-0.1305261922200515,0.0,0.0,0.9914448613738105,0.0,-0.5235987755982988,0.7853981633974483,0.0,0.5235987755982988,0.0,0.0,-0.5235987755982988,0.7853981633974483,0.0,0.5235987755982988,0.0,0.0,-0.5235987755982988,0.7853981633974483,0.0,0.5235987755982988,0.0,0.0,0.0,0.0,0.0,0.0,0.0,0.0,0.0,0.0,0.0,0.0,0.0,0.0,0.0,0.0,0.0,False,False,False,False,1,False,,0.0,0,,,,True,True,0.0,0.009832400013692677,True,0.0,0.0,False,False,False,False,False,False,1.0,False,False,False,0.0,0.0,0.0,0.0
2.3082743999839295,1786139945.053379,0.010160399979213253,0.0036884000001009554,0.010160399979213253,HOLD,32,deadman released,0.010160399979213253,2.298114000004716,315,0.024743326751076874,0.0,0.0,0.0,0.0,0.0,1.0,0.024743326751076874,0.0,0.0,0.0,0.0,0.0,1.0,-0.016000000000000007,-0.22496149868535165,0.2802328425555495,-0.1305261922200515,0.0,0.0,0.9914448613738105,-0.016000000000000007,-0.22496149868535165,0.2802328425555495,-0.1305261922200515,0.0,0.0,0.9914448613738105,-0.016000000000000007,-0.22496149868535165,0.2802328425555495,-0.1305261922200515,0.0,0.0,0.9914448613738105,-0.016000000000000007,-0.22496149868535165,0.2802328425555495,-0.1305261922200515,0.0,0.0,0.9914448613738105,-0.016000000000000007,-0.22496149868535165,0.2802328425555495,-0.1305261922200515,0.0,0.0,0.9914448613738105,0.0,-0.5235987755982988,0.7853981633974483,0.0,0.5235987755982988,0.0,0.0,-0.5235987755982988,0.7853981633974483,0.0,0.5235987755982988,0.0,0.0,-0.5235987755982988,0.7853981633974483,0.0,0.5235987755982988,0.0,0.0,0.0,0.0,0.0,0.0,0.0,0.0,0.0,0.0,0.0,0.0,0.0,0.0,0.0,0.0,0.0,False,False,False,False,1,False,,0.0,0,,,,True,True,0.0,0.010160399979213253,True,0.0,0.0,False,False,False,False,False,False,1.0,False,False,False,0.0,0.0,0.0,0.0
2.3181876000016928,1786139945.0628273,0.009913200017763302,0.003221299994038418,0.009913200017763302,HOLD,32,deadman released,0.009913200017763302,2.3082743999839295,316,0.024743326751076874,0.0,0.0,0.0,0.0,0.0,1.0,0.024743326751076874,0.0,0.0,0.0,0.0,0.0,1.0,-0.016000000000000007,-0.22496149868535165,0.2802328425555495,-0.1305261922200515,0.0,0.0,0.9914448613738105,-0.016000000000000007,-0.22496149868535165,0.2802328425555495,-0.1305261922200515,0.0,0.0,0.9914448613738105,-0.016000000000000007,-0.22496149868535165,0.2802328425555495,-0.1305261922200515,0.0,0.0,0.9914448613738105,-0.016000000000000007,-0.22496149868535165,0.2802328425555495,-0.1305261922200515,0.0,0.0,0.9914448613738105,-0.016000000000000007,-0.22496149868535165,0.2802328425555495,-0.1305261922200515,0.0,0.0,0.9914448613738105,0.0,-0.5235987755982988,0.7853981633974483,0.0,0.5235987755982988,0.0,0.0,-0.5235987755982988,0.7853981633974483,0.0,0.5235987755982988,0.0,0.0,-0.5235987755982988,0.7853981633974483,0.0,0.5235987755982988,0.0,0.0,0.0,0.0,0.0,0.0,0.0,0.0,0.0,0.0,0.0,0.0,0.0,0.0,0.0,0.0,0.0,False,False,False,False,1,False,,0.0,0,,,,True,True,0.0,0.009913200017763302,True,0.0,0.0,False,False,False,False,False,False,1.0,False,False,False,0.0,0.0,0.0,0.0
2.328820499998983,1786139945.0730402,0.010632899997290224,0.002803599985782057,0.010632899997290224,HOLD,32,deadman released,0.010632899997290224,2.3181876000016928,318,0.010501418811807238,0.0,0.0,0.0,0.0,0.0,1.0,0.010501418811807238,0.0,0.0,0.0,0.0,0.0,1.0,-0.016000000000000007,-0.22496149868535165,0.2802328425555495,-0.1305261922200515,0.0,0.0,0.9914448613738105,-0.016000000000000007,-0.22496149868535165,0.2802328425555495,-0.1305261922200515,0.0,0.0,0.9914448613738105,-0.016000000000000007,-0.22496149868535165,0.2802328425555495,-0.1305261922200515,0.0,0.0,0.9914448613738105,-0.016000000000000007,-0.22496149868535165,0.2802328425555495,-0.1305261922200515,0.0,0.0,0.9914448613738105,-0.016000000000000007,-0.22496149868535165,0.2802328425555495,-0.1305261922200515,0.0,0.0,0.9914448613738105,0.0,-0.5235987755982988,0.7853981633974483,0.0,0.5235987755982988,0.0,0.0,-0.5235987755982988,0.7853981633974483,0.0,0.5235987755982988,0.0,0.0,-0.5235987755982988,0.7853981633974483,0.0,0.5235987755982988,0.0,0.0,0.0,0.0,0.0,0.0,0.0,0.0,0.0,0.0,0.0,0.0,0.0,0.0,0.0,0.0,0.0,False,False,False,False,1,False,,0.0,0,,,,True,True,0.0,0.010632899997290224,True,0.0,0.0,False,False,False,False,False,False,1.0,False,False,False,0.0,0.0,0.0,0.0
2.3382558999874163,1786139945.083429,0.009435399988433346,0.003755000012461096,0.009435399988433346,HOLD,32,deadman released,0.009435399988433346,2.328820499998983,319,0.010501418811807238,0.0,0.0,0.0,0.0,0.0,1.0,0.010501418811807238,0.0,0.0,0.0,0.0,0.0,1.0,-0.016000000000000007,-0.22496149868535165,0.2802328425555495,-0.1305261922200515,0.0,0.0,0.9914448613738105,-0.016000000000000007,-0.22496149868535165,0.2802328425555495,-0.1305261922200515,0.0,0.0,0.9914448613738105,-0.016000000000000007,-0.22496149868535165,0.2802328425555495,-0.1305261922200515,0.0,0.0,0.9914448613738105,-0.016000000000000007,-0.22496149868535165,0.2802328425555495,-0.1305261922200515,0.0,0.0,0.9914448613738105,-0.016000000000000007,-0.22496149868535165,0.2802328425555495,-0.1305261922200515,0.0,0.0,0.9914448613738105,0.0,-0.5235987755982988,0.7853981633974483,0.0,0.5235987755982988,0.0,0.0,-0.5235987755982988,0.7853981633974483,0.0,0.5235987755982988,0.0,0.0,-0.5235987755982988,0.7853981633974483,0.0,0.5235987755982988,0.0,0.0,0.0,0.0,0.0,0.0,0.0,0.0,0.0,0.0,0.0,0.0,0.0,0.0,0.0,0.0,0.0,False,False,False,False,1,False,,0.0,0,,,,True,True,0.0,0.009435399988433346,True,0.0,0.0,False,False,False,False,False,False,1.0,False,False,False,0.0,0.0,0.0,0.0
2.34831000000122,1786139945.0924695,0.01005410001380369,0.002744400000665337,0.01005410001380369,HOLD,32,deadman released,0.01005410001380369,2.3382558999874163,321,-0.010540158369833012,0.0,0.0,0.0,0.0,0.0,1.0,-0.010540158369833012,0.0,0.0,0.0,0.0,0.0,1.0,-0.016000000000000007,-0.22496149868535165,0.2802328425555495,-0.1305261922200515,0.0,0.0,0.9914448613738105,-0.016000000000000007,-0.22496149868535165,0.2802328425555495,-0.1305261922200515,0.0,0.0,0.9914448613738105,-0.016000000000000007,-0.22496149868535165,0.2802328425555495,-0.1305261922200515,0.0,0.0,0.9914448613738105,-0.016000000000000007,-0.22496149868535165,0.2802328425555495,-0.1305261922200515,0.0,0.0,0.9914448613738105,-0.016000000000000007,-0.22496149868535165,0.2802328425555495,-0.1305261922200515,0.0,0.0,0.9914448613738105,0.0,-0.5235987755982988,0.7853981633974483,0.0,0.5235987755982988,0.0,0.0,-0.5235987755982988,0.7853981633974483,0.0,0.5235987755982988,0.0,0.0,-0.5235987755982988,0.7853981633974483,0.0,0.5235987755982988,0.0,0.0,0.0,0.0,0.0,0.0,0.0,0.0,0.0,0.0,0.0,0.0,0.0,0.0,0.0,0.0,0.0,False,False,False,False,1,False,,0.0,0,,,,True,True,0.0,0.01005410001380369,True,0.0,0.0,False,False,False,False,False,False,1.0,False,False,False,0.0,0.0,0.0,0.0
2.358314799988875,1786139945.1027906,0.010004799987655133,0.0030573999974876642,0.010004799987655133,HOLD,32,deadman released,0.010004799987655133,2.34831000000122,323,-0.018166949004982606,0.0,0.0,0.0,0.0,0.0,1.0,-0.018166949004982606,0.0,0.0,0.0,0.0,0.0,1.0,-0.016000000000000007,-0.22496149868535165,0.2802328425555495,-0.1305261922200515,0.0,0.0,0.9914448613738105,-0.016000000000000007,-0.22496149868535165,0.2802328425555495,-0.1305261922200515,0.0,0.0,0.9914448613738105,-0.016000000000000007,-0.22496149868535165,0.2802328425555495,-0.1305261922200515,0.0,0.0,0.9914448613738105,-0.016000000000000007,-0.22496149868535165,0.2802328425555495,-0.1305261922200515,0.0,0.0,0.9914448613738105,-0.016000000000000007,-0.22496149868535165,0.2802328425555495,-0.1305261922200515,0.0,0.0,0.9914448613738105,0.0,-0.5235987755982988,0.7853981633974483,0.0,0.5235987755982988,0.0,0.0,-0.5235987755982988,0.7853981633974483,0.0,0.5235987755982988,0.0,0.0,-0.5235987755982988,0.7853981633974483,0.0,0.5235987755982988,0.0,0.0,0.0,0.0,0.0,0.0,0.0,0.0,0.0,0.0,0.0,0.0,0.0,0.0,0.0,0.0,0.0,False,False,False,False,1,False,,0.0,0,,,,True,True,0.0,0.010004799987655133,True,0.0,0.0,False,False,False,False,False,False,1.0,False,False,False,0.0,0.0,0.0,0.0
2.368347999989055,1786139945.1126251,0.010033200000179932,0.0028620999946724623,0.010033200000179932,HOLD,32,deadman released,0.010033200000179932,2.358314799988875,324,-0.018166949004982606,0.0,0.0,0.0,0.0,0.0,1.0,-0.018166949004982606,0.0,0.0,0.0,0.0,0.0,1.0,-0.016000000000000007,-0.22496149868535165,0.2802328425555495,-0.1305261922200515,0.0,0.0,0.9914448613738105,-0.016000000000000007,-0.22496149868535165,0.2802328425555495,-0.1305261922200515,0.0,0.0,0.9914448613738105,-0.016000000000000007,-0.22496149868535165,0.2802328425555495,-0.1305261922200515,0.0,0.0,0.9914448613738105,-0.016000000000000007,-0.22496149868535165,0.2802328425555495,-0.1305261922200515,0.0,0.0,0.9914448613738105,-0.016000000000000007,-0.22496149868535165,0.2802328425555495,-0.1305261922200515,0.0,0.0,0.9914448613738105,0.0,-0.5235987755982988,0.7853981633974483,0.0,0.5235987755982988,0.0,0.0,-0.5235987755982988,0.7853981633974483,0.0,0.5235987755982988,0.0,0.0,-0.5235987755982988,0.7853981633974483,0.0,0.5235987755982988,0.0,0.0,0.0,0.0,0.0,0.0,0.0,0.0,0.0,0.0,0.0,0.0,0.0,0.0,0.0,0.0,0.0,False,False,False,False,1,False,,0.0,0,,,,True,True,0.0,0.010033200000179932,True,0.0,0.0,False,False,False,False,False,False,1.0,False,False,False,0.0,0.0,0.0,0.0
2.378378299996257,1786139945.1224182,0.010030300007201731,0.002622600004542619,0.010030300007201731,HOLD,32,deadman released,0.010030300007201731,2.368347999989055,325,-0.018166949004982606,0.0,0.0,0.0,0.0,0.0,1.0,-0.018166949004982606,0.0,0.0,0.0,0.0,0.0,1.0,-0.016000000000000007,-0.22496149868535165,0.2802328425555495,-0.1305261922200515,0.0,0.0,0.9914448613738105,-0.016000000000000007,-0.22496149868535165,0.2802328425555495,-0.1305261922200515,0.0,0.0,0.9914448613738105,-0.016000000000000007,-0.22496149868535165,0.2802328425555495,-0.1305261922200515,0.0,0.0,0.9914448613738105,-0.016000000000000007,-0.22496149868535165,0.2802328425555495,-0.1305261922200515,0.0,0.0,0.9914448613738105,-0.016000000000000007,-0.22496149868535165,0.2802328425555495,-0.1305261922200515,0.0,0.0,0.9914448613738105,0.0,-0.5235987755982988,0.7853981633974483,0.0,0.5235987755982988,0.0,0.0,-0.5235987755982988,0.7853981633974483,0.0,0.5235987755982988,0.0,0.0,-0.5235987755982988,0.7853981633974483,0.0,0.5235987755982988,0.0,0.0,0.0,0.0,0.0,0.0,0.0,0.0,0.0,0.0,0.0,0.0,0.0,0.0,0.0,0.0,0.0,False,False,False,False,1,False,,0.0,0,,,,True,True,0.0,0.010030300007201731,True,0.0,0.0,False,False,False,False,False,False,1.0,False,False,False,0.0,0.0,0.0,0.0
2.388825200003339,1786139945.133398,0.01044690000708215,0.0031556999892927706,0.01044690000708215,HOLD,32,deadman released,0.01044690000708215,2.378378299996257,327,-0.04773359072835114,0.0,0.0,0.0,0.0,0.0,1.0,-0.04773359072835114,0.0,0.0,0.0,0.0,0.0,1.0,-0.016000000000000007,-0.22496149868535165,0.2802328425555495,-0.1305261922200515,0.0,0.0,0.9914448613738105,-0.016000000000000007,-0.22496149868535165,0.2802328425555495,-0.1305261922200515,0.0,0.0,0.9914448613738105,-0.016000000000000007,-0.22496149868535165,0.2802328425555495,-0.1305261922200515,0.0,0.0,0.9914448613738105,-0.016000000000000007,-0.22496149868535165,0.2802328425555495,-0.1305261922200515,0.0,0.0,0.9914448613738105,-0.016000000000000007,-0.22496149868535165,0.2802328425555495,-0.1305261922200515,0.0,0.0,0.9914448613738105,0.0,-0.5235987755982988,0.7853981633974483,0.0,0.5235987755982988,0.0,0.0,-0.5235987755982988,0.7853981633974483,0.0,0.5235987755982988,0.0,0.0,-0.5235987755982988,0.7853981633974483,0.0,0.5235987755982988,0.0,0.0,0.0,0.0,0.0,0.0,0.0,0.0,0.0,0.0,0.0,0.0,0.0,0.0,0.0,0.0,0.0,False,False,False,False,1,False,,0.0,0,,,,True,True,0.0,0.01044690000708215,True,0.0,0.0,False,False,False,False,False,False,1.0,False,False,False,0.0,0.0,0.0,0.0
2.3989712999900803,1786139945.1435704,0.01014609998674132,0.003183199994964525,0.01014609998674132,HOLD,32,deadman released,0.01014609998674132,2.388825200003339,329,-0.05739566149429437,0.0,0.0,0.0,0.0,0.0,1.0,-0.05739566149429437,0.0,0.0,0.0,0.0,0.0,1.0,-0.016000000000000007,-0.22496149868535165,0.2802328425555495,-0.1305261922200515,0.0,0.0,0.9914448613738105,-0.016000000000000007,-0.22496149868535165,0.2802328425555495,-0.1305261922200515,0.0,0.0,0.9914448613738105,-0.016000000000000007,-0.22496149868535165,0.2802328425555495,-0.1305261922200515,0.0,0.0,0.9914448613738105,-0.016000000000000007,-0.22496149868535165,0.2802328425555495,-0.1305261922200515,0.0,0.0,0.9914448613738105,-0.016000000000000007,-0.22496149868535165,0.2802328425555495,-0.1305261922200515,0.0,0.0,0.9914448613738105,0.0,-0.5235987755982988,0.7853981633974483,0.0,0.5235987755982988,0.0,0.0,-0.5235987755982988,0.7853981633974483,0.0,0.5235987755982988,0.0,0.0,-0.5235987755982988,0.7853981633974483,0.0,0.5235987755982988,0.0,0.0,0.0,0.0,0.0,0.0,0.0,0.0,0.0,0.0,0.0,0.0,0.0,0.0,0.0,0.0,0.0,False,False,False,False,1,False,,0.0,0,,,,True,True,0.0,0.01014609998674132,True,0.0,0.0,False,False,False,False,False,False,1.0,False,False,False,0.0,0.0,0.0,0.0
2.408700100000715,1786139945.154132,0.009728800010634586,0.004016000020783395,0.009728800010634586,HOLD,32,deadman released,0.009728800010634586,2.3989712999900803,330,-0.05739566149429437,0.0,0.0,0.0,0.0,0.0,1.0,-0.05739566149429437,0.0,0.0,0.0,0.0,0.0,1.0,-0.016000000000000007,-0.22496149868535165,0.2802328425555495,-0.1305261922200515,0.0,0.0,0.9914448613738105,-0.016000000000000007,-0.22496149868535165,0.2802328425555495,-0.1305261922200515,0.0,0.0,0.9914448613738105,-0.016000000000000007,-0.22496149868535165,0.2802328425555495,-0.1305261922200515,0.0,0.0,0.9914448613738105,-0.016000000000000007,-0.22496149868535165,0.2802328425555495,-0.1305261922200515,0.0,0.0,0.9914448613738105,-0.016000000000000007,-0.22496149868535165,0.2802328425555495,-0.1305261922200515,0.0,0.0,0.9914448613738105,0.0,-0.5235987755982988,0.7853981633974483,0.0,0.5235987755982988,0.0,0.0,-0.5235987755982988,0.7853981633974483,0.0,0.5235987755982988,0.0,0.0,-0.5235987755982988,0.7853981633974483,0.0,0.5235987755982988,0.0,0.0,0.0,0.0,0.0,0.0,0.0,0.0,0.0,0.0,0.0,0.0,0.0,0.0,0.0,0.0,0.0,False,False,False,False,1,False,,0.0,0,,,,True,True,0.0,0.009728800010634586,True,0.0,0.0,False,False,False,False,False,False,1.0,False,False,False,0.0,0.0,0.0,0.0
2.418557900004089,1786139945.1629443,0.009857800003373995,0.002965699997730553,0.009857800003373995,HOLD,32,deadman released,0.009857800003373995,2.408700100000715,331,-0.05739566149429437,0.0,0.0,0.0,0.0,0.0,1.0,-0.05739566149429437,0.0,0.0,0.0,0.0,0.0,1.0,-0.016000000000000007,-0.22496149868535165,0.2802328425555495,-0.1305261922200515,0.0,0.0,0.9914448613738105,-0.016000000000000007,-0.22496149868535165,0.2802328425555495,-0.1305261922200515,0.0,0.0,0.9914448613738105,-0.016000000000000007,-0.22496149868535165,0.2802328425555495,-0.1305261922200515,0.0,0.0,0.9914448613738105,-0.016000000000000007,-0.22496149868535165,0.2802328425555495,-0.1305261922200515,0.0,0.0,0.9914448613738105,-0.016000000000000007,-0.22496149868535165,0.2802328425555495,-0.1305261922200515,0.0,0.0,0.9914448613738105,0.0,-0.5235987755982988,0.7853981633974483,0.0,0.5235987755982988,0.0,0.0,-0.5235987755982988,0.7853981633974483,0.0,0.5235987755982988,0.0,0.0,-0.5235987755982988,0.7853981633974483,0.0,0.5235987755982988,0.0,0.0,0.0,0.0,0.0,0.0,0.0,0.0,0.0,0.0,0.0,0.0,0.0,0.0,0.0,0.0,0.0,False,False,False,False,1,False,,0.0,0,,,,True,True,0.0,0.009857800003373995,True,0.0,0.0,False,False,False,False,False,False,1.0,False,False,False,0.0,0.0,0.0,0.0
2.4281664000009187,1786139945.1725674,0.009608499996829778,0.002986500010592863,0.009608499996829778,HOLD,32,deadman released,0.009608499996829778,2.418557900004089,333,-0.07569005514090213,0.0,0.0,0.0,0.0,0.0,1.0,-0.07569005514090213,0.0,0.0,0.0,0.0,0.0,1.0,-0.016000000000000007,-0.22496149868535165,0.2802328425555495,-0.1305261922200515,0.0,0.0,0.9914448613738105,-0.016000000000000007,-0.22496149868535165,0.2802328425555495,-0.1305261922200515,0.0,0.0,0.9914448613738105,-0.016000000000000007,-0.22496149868535165,0.2802328425555495,-0.1305261922200515,0.0,0.0,0.9914448613738105,-0.016000000000000007,-0.22496149868535165,0.2802328425555495,-0.1305261922200515,0.0,0.0,0.9914448613738105,-0.016000000000000007,-0.22496149868535165,0.2802328425555495,-0.1305261922200515,0.0,0.0,0.9914448613738105,0.0,-0.5235987755982988,0.7853981633974483,0.0,0.5235987755982988,0.0,0.0,-0.5235987755982988,0.7853981633974483,0.0,0.5235987755982988,0.0,0.0,-0.5235987755982988,0.7853981633974483,0.0,0.5235987755982988,0.0,0.0,0.0,0.0,0.0,0.0,0.0,0.0,0.0,0.0,0.0,0.0,0.0,0.0,0.0,0.0,0.0,False,False,False,False,1,False,,0.0,0,,,,True,True,0.0,0.009608499996829778,True,0.0,0.0,False,False,False,False,False,False,1.0,False,False,False,0.0,0.0,0.0,0.0
2.438163099985104,1786139945.1823745,0.009996699984185398,0.0027944999746978283,0.009996699984185398,HOLD,32,deadman released,0.009996699984185398,2.4281664000009187,335,-0.08049911433273992,0.0,0.0,0.0,0.0,0.0,1.0,-0.08049911433273992,0.0,0.0,0.0,0.0,0.0,1.0,-0.016000000000000007,-0.22496149868535165,0.2802328425555495,-0.1305261922200515,0.0,0.0,0.9914448613738105,-0.016000000000000007,-0.22496149868535165,0.2802328425555495,-0.1305261922200515,0.0,0.0,0.9914448613738105,-0.016000000000000007,-0.22496149868535165,0.2802328425555495,-0.1305261922200515,0.0,0.0,0.9914448613738105,-0.016000000000000007,-0.22496149868535165,0.2802328425555495,-0.1305261922200515,0.0,0.0,0.9914448613738105,-0.016000000000000007,-0.22496149868535165,0.2802328425555495,-0.1305261922200515,0.0,0.0,0.9914448613738105,0.0,-0.5235987755982988,0.7853981633974483,0.0,0.5235987755982988,0.0,0.0,-0.5235987755982988,0.7853981633974483,0.0,0.5235987755982988,0.0,0.0,-0.5235987755982988,0.7853981633974483,0.0,0.5235987755982988,0.0,0.0,0.0,0.0,0.0,0.0,0.0,0.0,0.0,0.0,0.0,0.0,0.0,0.0,0.0,0.0,0.0,False,False,False,False,1,False,,0.0,0,,,,True,True,0.0,0.009996699984185398,True,0.0,0.0,False,False,False,False,False,False,1.0,False,False,False,0.0,0.0,0.0,0.0
2.448200499988161,1786139945.1922197,0.010037400003056973,0.0026034000038634986,0.010037400003056973,HOLD,32,deadman released,0.010037400003056973,2.438163099985104,336,-0.08049911433273992,0.0,0.0,0.0,0.0,0.0,1.0,-0.08049911433273992,0.0,0.0,0.0,0.0,0.0,1.0,-0.016000000000000007,-0.22496149868535165,0.2802328425555495,-0.1305261922200515,0.0,0.0,0.9914448613738105,-0.016000000000000007,-0.22496149868535165,0.2802328425555495,-0.1305261922200515,0.0,0.0,0.9914448613738105,-0.016000000000000007,-0.22496149868535165,0.2802328425555495,-0.1305261922200515,0.0,0.0,0.9914448613738105,-0.016000000000000007,-0.22496149868535165,0.2802328425555495,-0.1305261922200515,0.0,0.0,0.9914448613738105,-0.016000000000000007,-0.22496149868535165,0.2802328425555495,-0.1305261922200515,0.0,0.0,0.9914448613738105,0.0,-0.5235987755982988,0.7853981633974483,0.0,0.5235987755982988,0.0,0.0,-0.5235987755982988,0.7853981633974483,0.0,0.5235987755982988,0.0,0.0,-0.5235987755982988,0.7853981633974483,0.0,0.5235987755982988,0.0,0.0,0.0,0.0,0.0,0.0,0.0,0.0,0.0,0.0,0.0,0.0,0.0,0.0,0.0,0.0,0.0,False,False,False,False,1,False,,0.0,0,,,,True,True,0.0,0.010037400003056973,True,0.0,0.0,False,False,False,False,False,False,1.0,False,False,False,0.0,0.0,0.0,0.0
2.4582406999834348,1786139945.2029226,0.010040199995273724,0.003261800011387095,0.010040199995273724,HOLD,32,deadman released,0.010040199995273724,2.448200499988161,337,-0.08049911433273992,0.0,0.0,0.0,0.0,0.0,1.0,-0.08049911433273992,0.0,0.0,0.0,0.0,0.0,1.0,-0.016000000000000007,-0.22496149868535165,0.2802328425555495,-0.1305261922200515,0.0,0.0,0.9914448613738105,-0.016000000000000007,-0.22496149868535165,0.2802328425555495,-0.1305261922200515,0.0,0.0,0.9914448613738105,-0.016000000000000007,-0.22496149868535165,0.2802328425555495,-0.1305261922200515,0.0,0.0,0.9914448613738105,-0.016000000000000007,-0.22496149868535165,0.2802328425555495,-0.1305261922200515,0.0,0.0,0.9914448613738105,-0.016000000000000007,-0.22496149868535165,0.2802328425555495,-0.1305261922200515,0.0,0.0,0.9914448613738105,0.0,-0.5235987755982988,0.7853981633974483,0.0,0.5235987755982988,0.0,0.0,-0.5235987755982988,0.7853981633974483,0.0,0.5235987755982988,0.0,0.0,-0.5235987755982988,0.7853981633974483,0.0,0.5235987755982988,0.0,0.0,0.0,0.0,0.0,0.0,0.0,0.0,0.0,0.0,0.0,0.0,0.0,0.0,0.0,0.0,0.0,False,False,False,False,1,False,,0.0,0,,,,True,True,0.0,0.010040199995273724,True,0.0,0.0,False,False,False,False,False,False,1.0,False,False,False,0.0,0.0,0.0,0.0
2.4682344000029843,1786139945.2131329,0.009993700019549578,0.0034826000046450645,0.009993700019549578,HOLD,32,deadman released,0.009993700019549578,2.4582406999834348,339,-0.09462723406059474,0.0,0.0,0.0,0.0,0.0,1.0,-0.09462723406059474,0.0,0.0,0.0,0.0,0.0,1.0,-0.016000000000000007,-0.22496149868535165,0.2802328425555495,-0.1305261922200515,0.0,0.0,0.9914448613738105,-0.016000000000000007,-0.22496149868535165,0.2802328425555495,-0.1305261922200515,0.0,0.0,0.9914448613738105,-0.016000000000000007,-0.22496149868535165,0.2802328425555495,-0.1305261922200515,0.0,0.0,0.9914448613738105,-0.016000000000000007,-0.22496149868535165,0.2802328425555495,-0.1305261922200515,0.0,0.0,0.9914448613738105,-0.016000000000000007,-0.22496149868535165,0.2802328425555495,-0.1305261922200515,0.0,0.0,0.9914448613738105,0.0,-0.5235987755982988,0.7853981633974483,0.0,0.5235987755982988,0.0,0.0,-0.5235987755982988,0.7853981633974483,0.0,0.5235987755982988,0.0,0.0,-0.5235987755982988,0.7853981633974483,0.0,0.5235987755982988,0.0,0.0,0.0,0.0,0.0,0.0,0.0,0.0,0.0,0.0,0.0,0.0,0.0,0.0,0.0,0.0,0.0,False,False,False,False,1,False,,0.0,0,,,,True,True,0.0,0.009993700019549578,True,0.0,0.0,False,False,False,False,False,False,1.0,False,False,False,0.0,0.0,0.0,0.0
2.478185499989195,1786139945.2224019,0.009951099986210465,0.0028008999943267554,0.009951099986210465,HOLD,32,deadman released,0.009951099986210465,2.4682344000029843,341,-0.09768269746936827,0.0,0.0,0.0,0.0,0.0,1.0,-0.09768269746936827,0.0,0.0,0.0,0.0,0.0,1.0,-0.016000000000000007,-0.22496149868535165,0.2802328425555495,-0.1305261922200515,0.0,0.0,0.9914448613738105,-0.016000000000000007,-0.22496149868535165,0.2802328425555495,-0.1305261922200515,0.0,0.0,0.9914448613738105,-0.016000000000000007,-0.22496149868535165,0.2802328425555495,-0.1305261922200515,0.0,0.0,0.9914448613738105,-0.016000000000000007,-0.22496149868535165,0.2802328425555495,-0.1305261922200515,0.0,0.0,0.9914448613738105,-0.016000000000000007,-0.22496149868535165,0.2802328425555495,-0.1305261922200515,0.0,0.0,0.9914448613738105,0.0,-0.5235987755982988,0.7853981633974483,0.0,0.5235987755982988,0.0,0.0,-0.5235987755982988,0.7853981633974483,0.0,0.5235987755982988,0.0,0.0,-0.5235987755982988,0.7853981633974483,0.0,0.5235987755982988,0.0,0.0,0.0,0.0,0.0,0.0,0.0,0.0,0.0,0.0,0.0,0.0,0.0,0.0,0.0,0.0,0.0,False,False,False,False,1,False,,0.0,0,,,,True,True,0.0,0.009951099986210465,True,0.0,0.0,False,False,False,False,False,False,1.0,False,False,False,0.0,0.0,0.0,0.0
2.4881264999858104,1786139945.232912,0.009940999996615574,0.0033693999866954982,0.009940999996615574,HOLD,32,deadman released,0.009940999996615574,2.478185499989195,342,-0.09768269746936827,0.0,0.0,0.0,0.0,0.0,1.0,-0.09768269746936827,0.0,0.0,0.0,0.0,0.0,1.0,-0.016000000000000007,-0.22496149868535165,0.2802328425555495,-0.1305261922200515,0.0,0.0,0.9914448613738105,-0.016000000000000007,-0.22496149868535165,0.2802328425555495,-0.1305261922200515,0.0,0.0,0.9914448613738105,-0.016000000000000007,-0.22496149868535165,0.2802328425555495,-0.1305261922200515,0.0,0.0,0.9914448613738105,-0.016000000000000007,-0.22496149868535165,0.2802328425555495,-0.1305261922200515,0.0,0.0,0.9914448613738105,-0.016000000000000007,-0.22496149868535165,0.2802328425555495,-0.1305261922200515,0.0,0.0,0.9914448613738105,0.0,-0.5235987755982988,0.7853981633974483,0.0,0.5235987755982988,0.0,0.0,-0.5235987755982988,0.7853981633974483,0.0,0.5235987755982988,0.0,0.0,-0.5235987755982988,0.7853981633974483,0.0,0.5235987755982988,0.0,0.0,0.0,0.0,0.0,0.0,0.0,0.0,0.0,0.0,0.0,0.0,0.0,0.0,0.0,0.0,0.0,False,False,False,False,1,False,,0.0,0,,,,True,True,0.0,0.009940999996615574,True,0.0,0.0,False,False,False,False,False,False,1.0,False,False,False,0.0,0.0,0.0,0.0
2.4981753999891225,1786139945.2428823,0.010048900003312156,0.003280000004451722,0.010048900003312156,HOLD,32,deadman released,0.010048900003312156,2.4881264999858104,343,-0.09768269746936827,0.0,0.0,0.0,0.0,0.0,1.0,-0.09768269746936827,0.0,0.0,0.0,0.0,0.0,1.0,-0.016000000000000007,-0.22496149868535165,0.2802328425555495,-0.1305261922200515,0.0,0.0,0.9914448613738105,-0.016000000000000007,-0.22496149868535165,0.2802328425555495,-0.1305261922200515,0.0,0.0,0.9914448613738105,-0.016000000000000007,-0.22496149868535165,0.2802328425555495,-0.1305261922200515,0.0,0.0,0.9914448613738105,-0.016000000000000007,-0.22496149868535165,0.2802328425555495,-0.1305261922200515,0.0,0.0,0.9914448613738105,-0.016000000000000007,-0.22496149868535165,0.2802328425555495,-0.1305261922200515,0.0,0.0,0.9914448613738105,0.0,-0.5235987755982988,0.7853981633974483,0.0,0.5235987755982988,0.0,0.0,-0.5235987755982988,0.7853981633974483,0.0,0.5235987755982988,0.0,0.0,-0.5235987755982988,0.7853981633974483,0.0,0.5235987755982988,0.0,0.0,0.0,0.0,0.0,0.0,0.0,0.0,0.0,0.0,0.0,0.0,0.0,0.0,0.0,0.0,0.0,False,False,False,False,1,False,,0.0,0,,,,True,True,0.0,0.010048900003312156,True,0.0,0.0,False,False,False,False,False,False,1.0,False,False,False,0.0,0.0,0.0,0.0
2.5081902999954764,1786139945.252794,0.010014900006353855,0.003181200008839369,0.010014900006353855,HOLD,32,deadman released,0.010014900006353855,2.4981753999891225,345,-0.0999262762303822,0.0,0.0,0.0,0.0,0.0,1.0,-0.0999262762303822,0.0,0.0,0.0,0.0,0.0,1.0,-0.016000000000000007,-0.22496149868535165,0.2802328425555495,-0.1305261922200515,0.0,0.0,0.9914448613738105,-0.016000000000000007,-0.22496149868535165,0.2802328425555495,-0.1305261922200515,0.0,0.0,0.9914448613738105,-0.016000000000000007,-0.22496149868535165,0.2802328425555495,-0.1305261922200515,0.0,0.0,0.9914448613738105,-0.016000000000000007,-0.22496149868535165,0.2802328425555495,-0.1305261922200515,0.0,0.0,0.9914448613738105,-0.016000000000000007,-0.22496149868535165,0.2802328425555495,-0.1305261922200515,0.0,0.0,0.9914448613738105,0.0,-0.5235987755982988,0.7853981633974483,0.0,0.5235987755982988,0.0,0.0,-0.5235987755982988,0.7853981633974483,0.0,0.5235987755982988,0.0,0.0,-0.5235987755982988,0.7853981633974483,0.0,0.5235987755982988,0.0,0.0,0.0,0.0,0.0,0.0,0.0,0.0,0.0,0.0,0.0,0.0,0.0,0.0,0.0,0.0,0.0,False,False,False,False,1,False,,0.0,0,,,,True,True,0.0,0.010014900006353855,True,0.0,0.0,False,False,False,False,False,False,1.0,False,False,False,0.0,0.0,0.0,0.0
2.518194799980847,1786139945.2620735,0.010004499985370785,0.0024639000184834003,0.010004499985370785,HOLD,32,deadman released,0.010004499985370785,2.5081902999954764,346,-0.0999262762303822,0.0,0.0,0.0,0.0,0.0,1.0,-0.0999262762303822,0.0,0.0,0.0,0.0,0.0,1.0,-0.016000000000000007,-0.22496149868535165,0.2802328425555495,-0.1305261922200515,0.0,0.0,0.9914448613738105,-0.016000000000000007,-0.22496149868535165,0.2802328425555495,-0.1305261922200515,0.0,0.0,0.9914448613738105,-0.016000000000000007,-0.22496149868535165,0.2802328425555495,-0.1305261922200515,0.0,0.0,0.9914448613738105,-0.016000000000000007,-0.22496149868535165,0.2802328425555495,-0.1305261922200515,0.0,0.0,0.9914448613738105,-0.016000000000000007,-0.22496149868535165,0.2802328425555495,-0.1305261922200515,0.0,0.0,0.9914448613738105,0.0,-0.5235987755982988,0.7853981633974483,0.0,0.5235987755982988,0.0,0.0,-0.5235987755982988,0.7853981633974483,0.0,0.5235987755982988,0.0,0.0,-0.5235987755982988,0.7853981633974483,0.0,0.5235987755982988,0.0,0.0,0.0,0.0,0.0,0.0,0.0,0.0,0.0,0.0,0.0,0.0,0.0,0.0,0.0,0.0,0.0,False,False,False,False,1,False,,0.0,0,,,,True,True,0.0,0.010004499985370785,True,0.0,0.0,False,False,False,False,False,False,1.0,False,False,False,0.0,0.0,0.0,0.0
2.5312630999833345,1786139945.2753763,0.013068300002487376,0.0026981999981217086,0.013068300002487376,HOLD,32,deadman released,0.013068300002487376,2.518194799980847,347,-0.0999262762303822,0.0,0.0,0.0,0.0,0.0,1.0,-0.0999262762303822,0.0,0.0,0.0,0.0,0.0,1.0,-0.016000000000000007,-0.22496149868535165,0.2802328425555495,-0.1305261922200515,0.0,0.0,0.9914448613738105,-0.016000000000000007,-0.22496149868535165,0.2802328425555495,-0.1305261922200515,0.0,0.0,0.9914448613738105,-0.016000000000000007,-0.22496149868535165,0.2802328425555495,-0.1305261922200515,0.0,0.0,0.9914448613738105,-0.016000000000000007,-0.22496149868535165,0.2802328425555495,-0.1305261922200515,0.0,0.0,0.9914448613738105,-0.016000000000000007,-0.22496149868535165,0.2802328425555495,-0.1305261922200515,0.0,0.0,0.9914448613738105,0.0,-0.5235987755982988,0.7853981633974483,0.0,0.5235987755982988,0.0,0.0,-0.5235987755982988,0.7853981633974483,0.0,0.5235987755982988,0.0,0.0,-0.5235987755982988,0.7853981633974483,0.0,0.5235987755982988,0.0,0.0,0.0,0.0,0.0,0.0,0.0,0.0,0.0,0.0,0.0,0.0,0.0,0.0,0.0,0.0,0.0,False,False,False,False,1,False,,0.0,0,,,,True,True,0.0,0.013068300002487376,True,0.0,0.0,False,False,False,False,False,False,1.0,False,False,False,0.0,0.0,0.0,0.0
2.5382151999801863,1786139945.2823944,0.006952099996851757,0.0027592999977059662,0.006952099996851757,HOLD,32,deadman released,0.006952099996851757,2.5312630999833345,348,-0.0999262762303822,0.0,0.0,0.0,0.0,0.0,1.0,-0.0999262762303822,0.0,0.0,0.0,0.0,0.0,1.0,-0.016000000000000007,-0.22496149868535165,0.2802328425555495,-0.1305261922200515,0.0,0.0,0.9914448613738105,-0.016000000000000007,-0.22496149868535165,0.2802328425555495,-0.1305261922200515,0.0,0.0,0.9914448613738105,-0.016000000000000007,-0.22496149868535165,0.2802328425555495,-0.1305261922200515,0.0,0.0,0.9914448613738105,-0.016000000000000007,-0.22496149868535165,0.2802328425555495,-0.1305261922200515,0.0,0.0,0.9914448613738105,-0.016000000000000007,-0.22496149868535165,0.2802328425555495,-0.1305261922200515,0.0,0.0,0.9914448613738105,0.0,-0.5235987755982988,0.7853981633974483,0.0,0.5235987755982988,0.0,0.0,-0.5235987755982988,0.7853981633974483,0.0,0.5235987755982988,0.0,0.0,-0.5235987755982988,0.7853981633974483,0.0,0.5235987755982988,0.0,0.0,0.0,0.0,0.0,0.0,0.0,0.0,0.0,0.0,0.0,0.0,0.0,0.0,0.0,0.0,0.0,False,False,False,False,1,False,,0.0,0,,,,True,True,0.0,0.006952099996851757,True,0.0,0.0,False,False,False,False,False,False,1.0,False,False,False,0.0,0.0,0.0,0.0
2.5482697999977972,1786139945.29297,0.010054600017610937,0.0032795000006444752,0.010054600017610937,HOLD,32,deadman released,0.010054600017610937,2.5382151999801863,349,-0.0999262762303822,0.0,0.0,0.0,0.0,0.0,1.0,-0.0999262762303822,0.0,0.0,0.0,0.0,0.0,1.0,-0.016000000000000007,-0.22496149868535165,0.2802328425555495,-0.1305261922200515,0.0,0.0,0.9914448613738105,-0.016000000000000007,-0.22496149868535165,0.2802328425555495,-0.1305261922200515,0.0,0.0,0.9914448613738105,-0.016000000000000007,-0.22496149868535165,0.2802328425555495,-0.1305261922200515,0.0,0.0,0.9914448613738105,-0.016000000000000007,-0.22496149868535165,0.2802328425555495,-0.1305261922200515,0.0,0.0,0.9914448613738105,-0.016000000000000007,-0.22496149868535165,0.2802328425555495,-0.1305261922200515,0.0,0.0,0.9914448613738105,0.0,-0.5235987755982988,0.7853981633974483,0.0,0.5235987755982988,0.0,0.0,-0.5235987755982988,0.7853981633974483,0.0,0.5235987755982988,0.0,0.0,-0.5235987755982988,0.7853981633974483,0.0,0.5235987755982988,0.0,0.0,0.0,0.0,0.0,0.0,0.0,0.0,0.0,0.0,0.0,0.0,0.0,0.0,0.0,0.0,0.0,False,False,False,False,1,False,,0.0,0,,,,True,True,0.0,0.010054600017610937,True,0.0,0.0,False,False,False,False,False,False,1.0,False,False,False,0.0,0.0,0.0,0.0
2.5583496000035666,1786139945.30354,0.010079800005769357,0.0037711000186391175,0.010079800005769357,HOLD,32,deadman released,0.010079800005769357,2.5482697999977972,350,-0.0999262762303822,0.0,0.0,0.0,0.0,0.0,1.0,-0.0999262762303822,0.0,0.0,0.0,0.0,0.0,1.0,-0.016000000000000007,-0.22496149868535165,0.2802328425555495,-0.1305261922200515,0.0,0.0,0.9914448613738105,-0.016000000000000007,-0.22496149868535165,0.2802328425555495,-0.1305261922200515,0.0,0.0,0.9914448613738105,-0.016000000000000007,-0.22496149868535165,0.2802328425555495,-0.1305261922200515,0.0,0.0,0.9914448613738105,-0.016000000000000007,-0.22496149868535165,0.2802328425555495,-0.1305261922200515,0.0,0.0,0.9914448613738105,-0.016000000000000007,-0.22496149868535165,0.2802328425555495,-0.1305261922200515,0.0,0.0,0.9914448613738105,0.0,-0.5235987755982988,0.7853981633974483,0.0,0.5235987755982988,0.0,0.0,-0.5235987755982988,0.7853981633974483,0.0,0.5235987755982988,0.0,0.0,-0.5235987755982988,0.7853981633974483,0.0,0.5235987755982988,0.0,0.0,0.0,0.0,0.0,0.0,0.0,0.0,0.0,0.0,0.0,0.0,0.0,0.0,0.0,0.0,0.0,False,False,False,False,1,False,,0.0,0,,,,True,True,0.0,0.010079800005769357,True,0.0,0.0,False,False,False,False,False,False,1.0,False,False,False,0.0,0.0,0.0,0.0
2.568420800002059,1786139945.3127506,0.010071199998492375,0.002914699987741187,0.010071199998492375,HOLD,32,deadman released,0.010071199998492375,2.5583496000035666,351,-0.0999262762303822,0.0,0.0,0.0,0.0,0.0,1.0,-0.0999262762303822,0.0,0.0,0.0,0.0,0.0,1.0,-0.016000000000000007,-0.22496149868535165,0.2802328425555495,-0.1305261922200515,0.0,0.0,0.9914448613738105,-0.016000000000000007,-0.22496149868535165,0.2802328425555495,-0.1305261922200515,0.0,0.0,0.9914448613738105,-0.016000000000000007,-0.22496149868535165,0.2802328425555495,-0.1305261922200515,0.0,0.0,0.9914448613738105,-0.016000000000000007,-0.22496149868535165,0.2802328425555495,-0.1305261922200515,0.0,0.0,0.9914448613738105,-0.016000000000000007,-0.22496149868535165,0.2802328425555495,-0.1305261922200515,0.0,0.0,0.9914448613738105,0.0,-0.5235987755982988,0.7853981633974483,0.0,0.5235987755982988,0.0,0.0,-0.5235987755982988,0.7853981633974483,0.0,0.5235987755982988,0.0,0.0,-0.5235987755982988,0.7853981633974483,0.0,0.5235987755982988,0.0,0.0,0.0,0.0,0.0,0.0,0.0,0.0,0.0,0.0,0.0,0.0,0.0,0.0,0.0,0.0,0.0,False,False,False,False,1,False,,0.0,0,,,,True,True,0.0,0.010071199998492375,True,0.0,0.0,False,False,False,False,False,False,1.0,False,False,False,0.0,0.0,0.0,0.0
2.5784282999811694,1786139945.3225615,0.010007499979110435,0.002717700001085177,0.010007499979110435,HOLD,32,deadman released,0.010007499979110435,2.568420800002059,352,-0.0999262762303822,0.0,0.0,0.0,0.0,0.0,1.0,-0.0999262762303822,0.0,0.0,0.0,0.0,0.0,1.0,-0.016000000000000007,-0.22496149868535165,0.2802328425555495,-0.1305261922200515,0.0,0.0,0.9914448613738105,-0.016000000000000007,-0.22496149868535165,0.2802328425555495,-0.1305261922200515,0.0,0.0,0.9914448613738105,-0.016000000000000007,-0.22496149868535165,0.2802328425555495,-0.1305261922200515,0.0,0.0,0.9914448613738105,-0.016000000000000007,-0.22496149868535165,0.2802328425555495,-0.1305261922200515,0.0,0.0,0.9914448613738105,-0.016000000000000007,-0.22496149868535165,0.2802328425555495,-0.1305261922200515,0.0,0.0,0.9914448613738105,0.0,-0.5235987755982988,0.7853981633974483,0.0,0.5235987755982988,0.0,0.0,-0.5235987755982988,0.7853981633974483,0.0,0.5235987755982988,0.0,0.0,-0.5235987755982988,0.7853981633974483,0.0,0.5235987755982988,0.0,0.0,0.0,0.0,0.0,0.0,0.0,0.0,0.0,0.0,0.0,0.0,0.0,0.0,0.0,0.0,0.0,False,False,False,False,1,False,,0.0,0,,,,True,True,0.0,0.010007499979110435,True,0.0,0.0,False,False,False,False,False,False,1.0,False,False,False,0.0,0.0,0.0,0.0
2.588454199983971,1786139945.3333037,0.01002590000280179,0.0034272000193595886,0.01002590000280179,HOLD,32,deadman released,0.01002590000280179,2.5784282999811694,353,-0.0999262762303822,0.0,0.0,0.0,0.0,0.0,1.0,-0.0999262762303822,0.0,0.0,0.0,0.0,0.0,1.0,-0.016000000000000007,-0.22496149868535165,0.2802328425555495,-0.1305261922200515,0.0,0.0,0.9914448613738105,-0.016000000000000007,-0.22496149868535165,0.2802328425555495,-0.1305261922200515,0.0,0.0,0.9914448613738105,-0.016000000000000007,-0.22496149868535165,0.2802328425555495,-0.1305261922200515,0.0,0.0,0.9914448613738105,-0.016000000000000007,-0.22496149868535165,0.2802328425555495,-0.1305261922200515,0.0,0.0,0.9914448613738105,-0.016000000000000007,-0.22496149868535165,0.2802328425555495,-0.1305261922200515,0.0,0.0,0.9914448613738105,0.0,-0.5235987755982988,0.7853981633974483,0.0,0.5235987755982988,0.0,0.0,-0.5235987755982988,0.7853981633974483,0.0,0.5235987755982988,0.0,0.0,-0.5235987755982988,0.7853981633974483,0.0,0.5235987755982988,0.0,0.0,0.0,0.0,0.0,0.0,0.0,0.0,0.0,0.0,0.0,0.0,0.0,0.0,0.0,0.0,0.0,False,False,False,False,1,False,,0.0,0,,,,True,True,0.0,0.01002590000280179,True,0.0,0.0,False,False,False,False,False,False,1.0,False,False,False,0.0,0.0,0.0,0.0
2.5984803999890573,1786139945.3426661,0.010026200005086139,0.0027642000059131533,0.010026200005086139,HOLD,32,deadman released,0.010026200005086139,2.588454199983971,354,-0.0999262762303822,0.0,0.0,0.0,0.0,0.0,1.0,-0.0999262762303822,0.0,0.0,0.0,0.0,0.0,1.0,-0.016000000000000007,-0.22496149868535165,0.2802328425555495,-0.1305261922200515,0.0,0.0,0.9914448613738105,-0.016000000000000007,-0.22496149868535165,0.2802328425555495,-0.1305261922200515,0.0,0.0,0.9914448613738105,-0.016000000000000007,-0.22496149868535165,0.2802328425555495,-0.1305261922200515,0.0,0.0,0.9914448613738105,-0.016000000000000007,-0.22496149868535165,0.2802328425555495,-0.1305261922200515,0.0,0.0,0.9914448613738105,-0.016000000000000007,-0.22496149868535165,0.2802328425555495,-0.1305261922200515,0.0,0.0,0.9914448613738105,0.0,-0.5235987755982988,0.7853981633974483,0.0,0.5235987755982988,0.0,0.0,-0.5235987755982988,0.7853981633974483,0.0,0.5235987755982988,0.0,0.0,-0.5235987755982988,0.7853981633974483,0.0,0.5235987755982988,0.0,0.0,0.0,0.0,0.0,0.0,0.0,0.0,0.0,0.0,0.0,0.0,0.0,0.0,0.0,0.0,0.0,False,False,False,False,1,False,,0.0,0,,,,True,True,0.0,0.010026200005086139,True,0.0,0.0,False,False,False,False,False,False,1.0,False,False,False,0.0,0.0,0.0,0.0
2.608479199989233,1786139945.352785,0.009998800000175834,0.0028870000096503645,0.009998800000175834,HOLD,32,deadman released,0.009998800000175834,2.5984803999890573,355,-0.0999262762303822,0.0,0.0,0.0,0.0,0.0,1.0,-0.0999262762303822,0.0,0.0,0.0,0.0,0.0,1.0,-0.016000000000000007,-0.22496149868535165,0.2802328425555495,-0.1305261922200515,0.0,0.0,0.9914448613738105,-0.016000000000000007,-0.22496149868535165,0.2802328425555495,-0.1305261922200515,0.0,0.0,0.9914448613738105,-0.016000000000000007,-0.22496149868535165,0.2802328425555495,-0.1305261922200515,0.0,0.0,0.9914448613738105,-0.016000000000000007,-0.22496149868535165,0.2802328425555495,-0.1305261922200515,0.0,0.0,0.9914448613738105,-0.016000000000000007,-0.22496149868535165,0.2802328425555495,-0.1305261922200515,0.0,0.0,0.9914448613738105,0.0,-0.5235987755982988,0.7853981633974483,0.0,0.5235987755982988,0.0,0.0,-0.5235987755982988,0.7853981633974483,0.0,0.5235987755982988,0.0,0.0,-0.5235987755982988,0.7853981633974483,0.0,0.5235987755982988,0.0,0.0,0.0,0.0,0.0,0.0,0.0,0.0,0.0,0.0,0.0,0.0,0.0,0.0,0.0,0.0,0.0,False,False,False,False,1,False,,0.0,0,,,,True,True,0.0,0.009998800000175834,True,0.0,0.0,False,False,False,False,False,False,1.0,False,False,False,0.0,0.0,0.0,0.0
2.618522299977485,1786139945.3626857,0.010043099988251925,0.0027470999921206385,0.010043099988251925,HOLD,32,deadman released,0.010043099988251925,2.608479199989233,356,-0.0999262762303822,0.0,0.0,0.0,0.0,0.0,1.0,-0.0999262762303822,0.0,0.0,0.0,0.0,0.0,1.0,-0.016000000000000007,-0.22496149868535165,0.2802328425555495,-0.1305261922200515,0.0,0.0,0.9914448613738105,-0.016000000000000007,-0.22496149868535165,0.2802328425555495,-0.1305261922200515,0.0,0.0,0.9914448613738105,-0.016000000000000007,-0.22496149868535165,0.2802328425555495,-0.1305261922200515,0.0,0.0,0.9914448613738105,-0.016000000000000007,-0.22496149868535165,0.2802328425555495,-0.1305261922200515,0.0,0.0,0.9914448613738105,-0.016000000000000007,-0.22496149868535165,0.2802328425555495,-0.1305261922200515,0.0,0.0,0.9914448613738105,0.0,-0.5235987755982988,0.7853981633974483,0.0,0.5235987755982988,0.0,0.0,-0.5235987755982988,0.7853981633974483,0.0,0.5235987755982988,0.0,0.0,-0.5235987755982988,0.7853981633974483,0.0,0.5235987755982988,0.0,0.0,0.0,0.0,0.0,0.0,0.0,0.0,0.0,0.0,0.0,0.0,0.0,0.0,0.0,0.0,0.0,False,False,False,False,1,False,,0.0,0,,,,True,True,0.0,0.010043099988251925,True,0.0,0.0,False,False,False,False,False,False,1.0,False,False,False,0.0,0.0,0.0,0.0
2.6282582999847364,1786139945.3729298,0.009736000007251278,0.003251199988881126,0.009736000007251278,HOLD,32,deadman released,0.009736000007251278,2.618522299977485,357,-0.0999262762303822,0.0,0.0,0.0,0.0,0.0,1.0,-0.0999262762303822,0.0,0.0,0.0,0.0,0.0,1.0,-0.016000000000000007,-0.22496149868535165,0.2802328425555495,-0.1305261922200515,0.0,0.0,0.9914448613738105,-0.016000000000000007,-0.22496149868535165,0.2802328425555495,-0.1305261922200515,0.0,0.0,0.9914448613738105,-0.016000000000000007,-0.22496149868535165,0.2802328425555495,-0.1305261922200515,0.0,0.0,0.9914448613738105,-0.016000000000000007,-0.22496149868535165,0.2802328425555495,-0.1305261922200515,0.0,0.0,0.9914448613738105,-0.016000000000000007,-0.22496149868535165,0.2802328425555495,-0.1305261922200515,0.0,0.0,0.9914448613738105,0.0,-0.5235987755982988,0.7853981633974483,0.0,0.5235987755982988,0.0,0.0,-0.5235987755982988,0.7853981633974483,0.0,0.5235987755982988,0.0,0.0,-0.5235987755982988,0.7853981633974483,0.0,0.5235987755982988,0.0,0.0,0.0,0.0,0.0,0.0,0.0,0.0,0.0,0.0,0.0,0.0,0.0,0.0,0.0,0.0,0.0,False,False,False,False,1,False,,0.0,0,,,,True,True,0.0,0.009736000007251278,True,0.0,0.0,False,False,False,False,False,False,1.0,False,False,False,0.0,0.0,0.0,0.0
2.6383441999787465,1786139945.3844042,0.010085899994010106,0.00461669999640435,0.010085899994010106,HOLD,32,deadman released,0.010085899994010106,2.6282582999847364,358,-0.0999262762303822,0.0,0.0,0.0,0.0,0.0,1.0,-0.0999262762303822,0.0,0.0,0.0,0.0,0.0,1.0,-0.016000000000000007,-0.22496149868535165,0.2802328425555495,-0.1305261922200515,0.0,0.0,0.9914448613738105,-0.016000000000000007,-0.22496149868535165,0.2802328425555495,-0.1305261922200515,0.0,0.0,0.9914448613738105,-0.016000000000000007,-0.22496149868535165,0.2802328425555495,-0.1305261922200515,0.0,0.0,0.9914448613738105,-0.016000000000000007,-0.22496149868535165,0.2802328425555495,-0.1305261922200515,0.0,0.0,0.9914448613738105,-0.016000000000000007,-0.22496149868535165,0.2802328425555495,-0.1305261922200515,0.0,0.0,0.9914448613738105,0.0,-0.5235987755982988,0.7853981633974483,0.0,0.5235987755982988,0.0,0.0,-0.5235987755982988,0.7853981633974483,0.0,0.5235987755982988,0.0,0.0,-0.5235987755982988,0.7853981633974483,0.0,0.5235987755982988,0.0,0.0,0.0,0.0,0.0,0.0,0.0,0.0,0.0,0.0,0.0,0.0,0.0,0.0,0.0,0.0,0.0,False,False,False,False,1,False,,0.0,0,,,,True,True,0.0,0.010085899994010106,True,0.0,0.0,False,False,False,False,False,False,1.0,False,False,False,0.0,0.0,0.0,0.0
2.648057799990056,1786139945.3923724,0.009713600011309609,0.002898999984608963,0.009713600011309609,HOLD,32,deadman released,0.009713600011309609,2.6383441999787465,359,-0.0999262762303822,0.0,0.0,0.0,0.0,0.0,1.0,-0.0999262762303822,0.0,0.0,0.0,0.0,0.0,1.0,-0.016000000000000007,-0.22496149868535165,0.2802328425555495,-0.1305261922200515,0.0,0.0,0.9914448613738105,-0.016000000000000007,-0.22496149868535165,0.2802328425555495,-0.1305261922200515,0.0,0.0,0.9914448613738105,-0.016000000000000007,-0.22496149868535165,0.2802328425555495,-0.1305261922200515,0.0,0.0,0.9914448613738105,-0.016000000000000007,-0.22496149868535165,0.2802328425555495,-0.1305261922200515,0.0,0.0,0.9914448613738105,-0.016000000000000007,-0.22496149868535165,0.2802328425555495,-0.1305261922200515,0.0,0.0,0.9914448613738105,0.0,-0.5235987755982988,0.7853981633974483,0.0,0.5235987755982988,0.0,0.0,-0.5235987755982988,0.7853981633974483,0.0,0.5235987755982988,0.0,0.0,-0.5235987755982988,0.7853981633974483,0.0,0.5235987755982988,0.0,0.0,0.0,0.0,0.0,0.0,0.0,0.0,0.0,0.0,0.0,0.0,0.0,0.0,0.0,0.0,0.0,False,False,False,False,1,False,,0.0,0,,,,True,True,0.0,0.009713600011309609,True,0.0,0.0,False,False,False,False,False,False,1.0,False,False,False,0.0,0.0,0.0,0.0
2.6581091999833006,1786139945.4032993,0.010051399993244559,0.0037711000186391175,0.010051399993244559,HOLD,32,deadman released,0.010051399993244559,2.648057799990056,360,-0.0999262762303822,0.0,0.0,0.0,0.0,0.0,1.0,-0.0999262762303822,0.0,0.0,0.0,0.0,0.0,1.0,-0.016000000000000007,-0.22496149868535165,0.2802328425555495,-0.1305261922200515,0.0,0.0,0.9914448613738105,-0.016000000000000007,-0.22496149868535165,0.2802328425555495,-0.1305261922200515,0.0,0.0,0.9914448613738105,-0.016000000000000007,-0.22496149868535165,0.2802328425555495,-0.1305261922200515,0.0,0.0,0.9914448613738105,-0.016000000000000007,-0.22496149868535165,0.2802328425555495,-0.1305261922200515,0.0,0.0,0.9914448613738105,-0.016000000000000007,-0.22496149868535165,0.2802328425555495,-0.1305261922200515,0.0,0.0,0.9914448613738105,0.0,-0.5235987755982988,0.7853981633974483,0.0,0.5235987755982988,0.0,0.0,-0.5235987755982988,0.7853981633974483,0.0,0.5235987755982988,0.0,0.0,-0.5235987755982988,0.7853981633974483,0.0,0.5235987755982988,0.0,0.0,0.0,0.0,0.0,0.0,0.0,0.0,0.0,0.0,0.0,0.0,0.0,0.0,0.0,0.0,0.0,False,False,False,False,1,False,,0.0,0,,,,True,True,0.0,0.010051399993244559,True,0.0,0.0,False,False,False,False,False,False,1.0,False,False,False,0.0,0.0,0.0,0.0
2.668317499978002,1786139945.4130476,0.01020829999470152,0.003307799983303994,0.01020829999470152,HOLD,32,deadman released,0.01020829999470152,2.6581091999833006,361,-0.0999262762303822,0.0,0.0,0.0,0.0,0.0,1.0,-0.0999262762303822,0.0,0.0,0.0,0.0,0.0,1.0,-0.016000000000000007,-0.22496149868535165,0.2802328425555495,-0.1305261922200515,0.0,0.0,0.9914448613738105,-0.016000000000000007,-0.22496149868535165,0.2802328425555495,-0.1305261922200515,0.0,0.0,0.9914448613738105,-0.016000000000000007,-0.22496149868535165,0.2802328425555495,-0.1305261922200515,0.0,0.0,0.9914448613738105,-0.016000000000000007,-0.22496149868535165,0.2802328425555495,-0.1305261922200515,0.0,0.0,0.9914448613738105,-0.016000000000000007,-0.22496149868535165,0.2802328425555495,-0.1305261922200515,0.0,0.0,0.9914448613738105,0.0,-0.5235987755982988,0.7853981633974483,0.0,0.5235987755982988,0.0,0.0,-0.5235987755982988,0.7853981633974483,0.0,0.5235987755982988,0.0,0.0,-0.5235987755982988,0.7853981633974483,0.0,0.5235987755982988,0.0,0.0,0.0,0.0,0.0,0.0,0.0,0.0,0.0,0.0,0.0,0.0,0.0,0.0,0.0,0.0,0.0,False,False,False,False,1,False,,0.0,0,,,,True,True,0.0,0.01020829999470152,True,0.0,0.0,False,False,False,False,False,False,1.0,False,False,False,0.0,0.0,0.0,0.0
2.678169799997704,1786139945.4220142,0.009852300019701943,0.0024290999863296747,0.009852300019701943,HOLD,32,deadman released,0.009852300019701943,2.668317499978002,362,-0.0999262762303822,0.0,0.0,0.0,0.0,0.0,1.0,-0.0999262762303822,0.0,0.0,0.0,0.0,0.0,1.0,-0.016000000000000007,-0.22496149868535165,0.2802328425555495,-0.1305261922200515,0.0,0.0,0.9914448613738105,-0.016000000000000007,-0.22496149868535165,0.2802328425555495,-0.1305261922200515,0.0,0.0,0.9914448613738105,-0.016000000000000007,-0.22496149868535165,0.2802328425555495,-0.1305261922200515,0.0,0.0,0.9914448613738105,-0.016000000000000007,-0.22496149868535165,0.2802328425555495,-0.1305261922200515,0.0,0.0,0.9914448613738105,-0.016000000000000007,-0.22496149868535165,0.2802328425555495,-0.1305261922200515,0.0,0.0,0.9914448613738105,0.0,-0.5235987755982988,0.7853981633974483,0.0,0.5235987755982988,0.0,0.0,-0.5235987755982988,0.7853981633974483,0.0,0.5235987755982988,0.0,0.0,-0.5235987755982988,0.7853981633974483,0.0,0.5235987755982988,0.0,0.0,0.0,0.0,0.0,0.0,0.0,0.0,0.0,0.0,0.0,0.0,0.0,0.0,0.0,0.0,0.0,False,False,False,False,1,False,,0.0,0,,,,True,True,0.0,0.009852300019701943,True,0.0,0.0,False,False,False,False,False,False,1.0,False,False,False,0.0,0.0,0.0,0.0
2.6881902999884915,1786139945.432447,0.010020499990787357,0.0028412000101525337,0.010020499990787357,HOLD,32,deadman released,0.010020499990787357,2.678169799997704,363,-0.0999262762303822,0.0,0.0,0.0,0.0,0.0,1.0,-0.0999262762303822,0.0,0.0,0.0,0.0,0.0,1.0,-0.016000000000000007,-0.22496149868535165,0.2802328425555495,-0.1305261922200515,0.0,0.0,0.9914448613738105,-0.016000000000000007,-0.22496149868535165,0.2802328425555495,-0.1305261922200515,0.0,0.0,0.9914448613738105,-0.016000000000000007,-0.22496149868535165,0.2802328425555495,-0.1305261922200515,0.0,0.0,0.9914448613738105,-0.016000000000000007,-0.22496149868535165,0.2802328425555495,-0.1305261922200515,0.0,0.0,0.9914448613738105,-0.016000000000000007,-0.22496149868535165,0.2802328425555495,-0.1305261922200515,0.0,0.0,0.9914448613738105,0.0,-0.5235987755982988,0.7853981633974483,0.0,0.5235987755982988,0.0,0.0,-0.5235987755982988,0.7853981633974483,0.0,0.5235987755982988,0.0,0.0,-0.5235987755982988,0.7853981633974483,0.0,0.5235987755982988,0.0,0.0,0.0,0.0,0.0,0.0,0.0,0.0,0.0,0.0,0.0,0.0,0.0,0.0,0.0,0.0,0.0,False,False,False,False,1,False,,0.0,0,,,,True,True,0.0,0.010020499990787357,True,0.0,0.0,False,False,False,False,False,False,1.0,False,False,False,0.0,0.0,0.0,0.0
2.6982061000016984,1786139945.442711,0.0100158000132069,0.003084099997067824,0.0100158000132069,HOLD,32,deadman released,0.0100158000132069,2.6881902999884915,364,-0.0999262762303822,0.0,0.0,0.0,0.0,0.0,1.0,-0.0999262762303822,0.0,0.0,0.0,0.0,0.0,1.0,-0.016000000000000007,-0.22496149868535165,0.2802328425555495,-0.1305261922200515,0.0,0.0,0.9914448613738105,-0.016000000000000007,-0.22496149868535165,0.2802328425555495,-0.1305261922200515,0.0,0.0,0.9914448613738105,-0.016000000000000007,-0.22496149868535165,0.2802328425555495,-0.1305261922200515,0.0,0.0,0.9914448613738105,-0.016000000000000007,-0.22496149868535165,0.2802328425555495,-0.1305261922200515,0.0,0.0,0.9914448613738105,-0.016000000000000007,-0.22496149868535165,0.2802328425555495,-0.1305261922200515,0.0,0.0,0.9914448613738105,0.0,-0.5235987755982988,0.7853981633974483,0.0,0.5235987755982988,0.0,0.0,-0.5235987755982988,0.7853981633974483,0.0,0.5235987755982988,0.0,0.0,-0.5235987755982988,0.7853981633974483,0.0,0.5235987755982988,0.0,0.0,0.0,0.0,0.0,0.0,0.0,0.0,0.0,0.0,0.0,0.0,0.0,0.0,0.0,0.0,0.0,False,False,False,False,1,False,,0.0,0,,,,True,True,0.0,0.0100158000132069,True,0.0,0.0,False,False,False,False,False,False,1.0,False,False,False,0.0,0.0,0.0,0.0
2.708107899990864,1786139945.452471,0.009901799989165738,0.0029446000116877258,0.009901799989165738,HOLD,32,deadman released,0.009901799989165738,2.6982061000016984,365,-0.0999262762303822,0.0,0.0,0.0,0.0,0.0,1.0,-0.0999262762303822,0.0,0.0,0.0,0.0,0.0,1.0,-0.016000000000000007,-0.22496149868535165,0.2802328425555495,-0.1305261922200515,0.0,0.0,0.9914448613738105,-0.016000000000000007,-0.22496149868535165,0.2802328425555495,-0.1305261922200515,0.0,0.0,0.9914448613738105,-0.016000000000000007,-0.22496149868535165,0.2802328425555495,-0.1305261922200515,0.0,0.0,0.9914448613738105,-0.016000000000000007,-0.22496149868535165,0.2802328425555495,-0.1305261922200515,0.0,0.0,0.9914448613738105,-0.016000000000000007,-0.22496149868535165,0.2802328425555495,-0.1305261922200515,0.0,0.0,0.9914448613738105,0.0,-0.5235987755982988,0.7853981633974483,0.0,0.5235987755982988,0.0,0.0,-0.5235987755982988,0.7853981633974483,0.0,0.5235987755982988,0.0,0.0,-0.5235987755982988,0.7853981633974483,0.0,0.5235987755982988,0.0,0.0,0.0,0.0,0.0,0.0,0.0,0.0,0.0,0.0,0.0,0.0,0.0,0.0,0.0,0.0,0.0,False,False,False,False,1,False,,0.0,0,,,,True,True,0.0,0.009901799989165738,True,0.0,0.0,False,False,False,False,False,False,1.0,False,False,False,0.0,0.0,0.0,0.0
2.718116399977589,1786139945.4622517,0.010008499986724928,0.002719500014791265,0.010008499986724928,HOLD,32,deadman released,0.010008499986724928,2.708107899990864,366,-0.0999262762303822,0.0,0.0,0.0,0.0,0.0,1.0,-0.0999262762303822,0.0,0.0,0.0,0.0,0.0,1.0,-0.016000000000000007,-0.22496149868535165,0.2802328425555495,-0.1305261922200515,0.0,0.0,0.9914448613738105,-0.016000000000000007,-0.22496149868535165,0.2802328425555495,-0.1305261922200515,0.0,0.0,0.9914448613738105,-0.016000000000000007,-0.22496149868535165,0.2802328425555495,-0.1305261922200515,0.0,0.0,0.9914448613738105,-0.016000000000000007,-0.22496149868535165,0.2802328425555495,-0.1305261922200515,0.0,0.0,0.9914448613738105,-0.016000000000000007,-0.22496149868535165,0.2802328425555495,-0.1305261922200515,0.0,0.0,0.9914448613738105,0.0,-0.5235987755982988,0.7853981633974483,0.0,0.5235987755982988,0.0,0.0,-0.5235987755982988,0.7853981633974483,0.0,0.5235987755982988,0.0,0.0,-0.5235987755982988,0.7853981633974483,0.0,0.5235987755982988,0.0,0.0,0.0,0.0,0.0,0.0,0.0,0.0,0.0,0.0,0.0,0.0,0.0,0.0,0.0,0.0,0.0,False,False,False,False,1,False,,0.0,0,,,,True,True,0.0,0.010008499986724928,True,0.0,0.0,False,False,False,False,False,False,1.0,False,False,False,0.0,0.0,0.0,0.0
2.728154199983692,1786139945.4722383,0.01003780000610277,0.00266689999261871,0.01003780000610277,HOLD,32,deadman released,0.01003780000610277,2.718116399977589,367,-0.0999262762303822,0.0,0.0,0.0,0.0,0.0,1.0,-0.0999262762303822,0.0,0.0,0.0,0.0,0.0,1.0,-0.016000000000000007,-0.22496149868535165,0.2802328425555495,-0.1305261922200515,0.0,0.0,0.9914448613738105,-0.016000000000000007,-0.22496149868535165,0.2802328425555495,-0.1305261922200515,0.0,0.0,0.9914448613738105,-0.016000000000000007,-0.22496149868535165,0.2802328425555495,-0.1305261922200515,0.0,0.0,0.9914448613738105,-0.016000000000000007,-0.22496149868535165,0.2802328425555495,-0.1305261922200515,0.0,0.0,0.9914448613738105,-0.016000000000000007,-0.22496149868535165,0.2802328425555495,-0.1305261922200515,0.0,0.0,0.9914448613738105,0.0,-0.5235987755982988,0.7853981633974483,0.0,0.5235987755982988,0.0,0.0,-0.5235987755982988,0.7853981633974483,0.0,0.5235987755982988,0.0,0.0,-0.5235987755982988,0.7853981633974483,0.0,0.5235987755982988,0.0,0.0,0.0,0.0,0.0,0.0,0.0,0.0,0.0,0.0,0.0,0.0,0.0,0.0,0.0,0.0,0.0,False,False,False,False,1,False,,0.0,0,,,,True,True,0.0,0.01003780000610277,True,0.0,0.0,False,False,False,False,False,False,1.0,False,False,False,0.0,0.0,0.0,0.0
2.738164099981077,1786139945.4826145,0.010009899997385219,0.0030328999855555594,0.010009899997385219,HOLD,32,deadman released,0.010009899997385219,2.728154199983692,368,-0.0999262762303822,0.0,0.0,0.0,0.0,0.0,1.0,-0.0999262762303822,0.0,0.0,0.0,0.0,0.0,1.0,-0.016000000000000007,-0.22496149868535165,0.2802328425555495,-0.1305261922200515,0.0,0.0,0.9914448613738105,-0.016000000000000007,-0.22496149868535165,0.2802328425555495,-0.1305261922200515,0.0,0.0,0.9914448613738105,-0.016000000000000007,-0.22496149868535165,0.2802328425555495,-0.1305261922200515,0.0,0.0,0.9914448613738105,-0.016000000000000007,-0.22496149868535165,0.2802328425555495,-0.1305261922200515,0.0,0.0,0.9914448613738105,-0.016000000000000007,-0.22496149868535165,0.2802328425555495,-0.1305261922200515,0.0,0.0,0.9914448613738105,0.0,-0.5235987755982988,0.7853981633974483,0.0,0.5235987755982988,0.0,0.0,-0.5235987755982988,0.7853981633974483,0.0,0.5235987755982988,0.0,0.0,-0.5235987755982988,0.7853981633974483,0.0,0.5235987755982988,0.0,0.0,0.0,0.0,0.0,0.0,0.0,0.0,0.0,0.0,0.0,0.0,0.0,0.0,0.0,0.0,0.0,False,False,False,False,1,False,,0.0,0,,,,True,True,0.0,0.010009899997385219,True,0.0,0.0,False,False,False,False,False,False,1.0,False,False,False,0.0,0.0,0.0,0.0
2.7482031999970786,1786139945.4929905,0.010039100016001612,0.003364799980772659,0.010039100016001612,HOLD,32,deadman released,0.010039100016001612,2.738164099981077,369,-0.0999262762303822,0.0,0.0,0.0,0.0,0.0,1.0,-0.0999262762303822,0.0,0.0,0.0,0.0,0.0,1.0,-0.016000000000000007,-0.22496149868535165,0.2802328425555495,-0.1305261922200515,0.0,0.0,0.9914448613738105,-0.016000000000000007,-0.22496149868535165,0.2802328425555495,-0.1305261922200515,0.0,0.0,0.9914448613738105,-0.016000000000000007,-0.22496149868535165,0.2802328425555495,-0.1305261922200515,0.0,0.0,0.9914448613738105,-0.016000000000000007,-0.22496149868535165,0.2802328425555495,-0.1305261922200515,0.0,0.0,0.9914448613738105,-0.016000000000000007,-0.22496149868535165,0.2802328425555495,-0.1305261922200515,0.0,0.0,0.9914448613738105,0.0,-0.5235987755982988,0.7853981633974483,0.0,0.5235987755982988,0.0,0.0,-0.5235987755982988,0.7853981633974483,0.0,0.5235987755982988,0.0,0.0,-0.5235987755982988,0.7853981633974483,0.0,0.5235987755982988,0.0,0.0,0.0,0.0,0.0,0.0,0.0,0.0,0.0,0.0,0.0,0.0,0.0,0.0,0.0,0.0,0.0,False,False,False,False,1,False,,0.0,0,,,,True,True,0.0,0.010039100016001612,True,0.0,0.0,False,False,False,False,False,False,1.0,False,False,False,0.0,0.0,0.0,0.0
2.758202800003346,1786139945.5025585,0.009999600006267428,0.0029390999989118427,0.009999600006267428,HOLD,32,deadman released,0.009999600006267428,2.7482031999970786,370,-0.0999262762303822,0.0,0.0,0.0,0.0,0.0,1.0,-0.0999262762303822,0.0,0.0,0.0,0.0,0.0,1.0,-0.016000000000000007,-0.22496149868535165,0.2802328425555495,-0.1305261922200515,0.0,0.0,0.9914448613738105,-0.016000000000000007,-0.22496149868535165,0.2802328425555495,-0.1305261922200515,0.0,0.0,0.9914448613738105,-0.016000000000000007,-0.22496149868535165,0.2802328425555495,-0.1305261922200515,0.0,0.0,0.9914448613738105,-0.016000000000000007,-0.22496149868535165,0.2802328425555495,-0.1305261922200515,0.0,0.0,0.9914448613738105,-0.016000000000000007,-0.22496149868535165,0.2802328425555495,-0.1305261922200515,0.0,0.0,0.9914448613738105,0.0,-0.5235987755982988,0.7853981633974483,0.0,0.5235987755982988,0.0,0.0,-0.5235987755982988,0.7853981633974483,0.0,0.5235987755982988,0.0,0.0,-0.5235987755982988,0.7853981633974483,0.0,0.5235987755982988,0.0,0.0,0.0,0.0,0.0,0.0,0.0,0.0,0.0,0.0,0.0,0.0,0.0,0.0,0.0,0.0,0.0,False,False,False,False,1,False,,0.0,0,,,,True,True,0.0,0.009999600006267428,True,0.0,0.0,False,False,False,False,False,False,1.0,False,False,False,0.0,0.0,0.0,0.0
2.7682637999823783,1786139945.5137231,0.010060999979032204,0.004041100008180365,0.010060999979032204,HOLD,32,deadman released,0.010060999979032204,2.758202800003346,371,-0.0999262762303822,0.0,0.0,0.0,0.0,0.0,1.0,-0.0999262762303822,0.0,0.0,0.0,0.0,0.0,1.0,-0.016000000000000007,-0.22496149868535165,0.2802328425555495,-0.1305261922200515,0.0,0.0,0.9914448613738105,-0.016000000000000007,-0.22496149868535165,0.2802328425555495,-0.1305261922200515,0.0,0.0,0.9914448613738105,-0.016000000000000007,-0.22496149868535165,0.2802328425555495,-0.1305261922200515,0.0,0.0,0.9914448613738105,-0.016000000000000007,-0.22496149868535165,0.2802328425555495,-0.1305261922200515,0.0,0.0,0.9914448613738105,-0.016000000000000007,-0.22496149868535165,0.2802328425555495,-0.1305261922200515,0.0,0.0,0.9914448613738105,0.0,-0.5235987755982988,0.7853981633974483,0.0,0.5235987755982988,0.0,0.0,-0.5235987755982988,0.7853981633974483,0.0,0.5235987755982988,0.0,0.0,-0.5235987755982988,0.7853981633974483,0.0,0.5235987755982988,0.0,0.0,0.0,0.0,0.0,0.0,0.0,0.0,0.0,0.0,0.0,0.0,0.0,0.0,0.0,0.0,0.0,False,False,False,False,1,False,,0.0,0,,,,True,True,0.0,0.010060999979032204,True,0.0,0.0,False,False,False,False,False,False,1.0,False,False,False,0.0,0.0,0.0,0.0
2.778128799982369,1786139945.522367,0.009864999999990687,0.002807100012432784,0.009864999999990687,HOLD,32,deadman released,0.009864999999990687,2.7682637999823783,372,-0.0999262762303822,0.0,0.0,0.0,0.0,0.0,1.0,-0.0999262762303822,0.0,0.0,0.0,0.0,0.0,1.0,-0.016000000000000007,-0.22496149868535165,0.2802328425555495,-0.1305261922200515,0.0,0.0,0.9914448613738105,-0.016000000000000007,-0.22496149868535165,0.2802328425555495,-0.1305261922200515,0.0,0.0,0.9914448613738105,-0.016000000000000007,-0.22496149868535165,0.2802328425555495,-0.1305261922200515,0.0,0.0,0.9914448613738105,-0.016000000000000007,-0.22496149868535165,0.2802328425555495,-0.1305261922200515,0.0,0.0,0.9914448613738105,-0.016000000000000007,-0.22496149868535165,0.2802328425555495,-0.1305261922200515,0.0,0.0,0.9914448613738105,0.0,-0.5235987755982988,0.7853981633974483,0.0,0.5235987755982988,0.0,0.0,-0.5235987755982988,0.7853981633974483,0.0,0.5235987755982988,0.0,0.0,-0.5235987755982988,0.7853981633974483,0.0,0.5235987755982988,0.0,0.0,0.0,0.0,0.0,0.0,0.0,0.0,0.0,0.0,0.0,0.0,0.0,0.0,0.0,0.0,0.0,False,False,False,False,1,False,,0.0,0,,,,True,True,0.0,0.009864999999990687,True,0.0,0.0,False,False,False,False,False,False,1.0,False,False,False,0.0,0.0,0.0,0.0
2.788127399981022,1786139945.5324082,0.009998599998652935,0.002865800022846088,0.009998599998652935,HOLD,32,deadman released,0.009998599998652935,2.778128799982369,373,-0.0999262762303822,0.0,0.0,0.0,0.0,0.0,1.0,-0.0999262762303822,0.0,0.0,0.0,0.0,0.0,1.0,-0.016000000000000007,-0.22496149868535165,0.2802328425555495,-0.1305261922200515,0.0,0.0,0.9914448613738105,-0.016000000000000007,-0.22496149868535165,0.2802328425555495,-0.1305261922200515,0.0,0.0,0.9914448613738105,-0.016000000000000007,-0.22496149868535165,0.2802328425555495,-0.1305261922200515,0.0,0.0,0.9914448613738105,-0.016000000000000007,-0.22496149868535165,0.2802328425555495,-0.1305261922200515,0.0,0.0,0.9914448613738105,-0.016000000000000007,-0.22496149868535165,0.2802328425555495,-0.1305261922200515,0.0,0.0,0.9914448613738105,0.0,-0.5235987755982988,0.7853981633974483,0.0,0.5235987755982988,0.0,0.0,-0.5235987755982988,0.7853981633974483,0.0,0.5235987755982988,0.0,0.0,-0.5235987755982988,0.7853981633974483,0.0,0.5235987755982988,0.0,0.0,0.0,0.0,0.0,0.0,0.0,0.0,0.0,0.0,0.0,0.0,0.0,0.0,0.0,0.0,0.0,False,False,False,False,1,False,,0.0,0,,,,True,True,0.0,0.009998599998652935,True,0.0,0.0,False,False,False,False,False,False,1.0,False,False,False,0.0,0.0,0.0,0.0
2.798175200005062,1786139945.5426478,0.010047800024040043,0.003055400011362508,0.010047800024040043,HOLD,32,deadman released,0.010047800024040043,2.788127399981022,374,-0.0999262762303822,0.0,0.0,0.0,0.0,0.0,1.0,-0.0999262762303822,0.0,0.0,0.0,0.0,0.0,1.0,-0.016000000000000007,-0.22496149868535165,0.2802328425555495,-0.1305261922200515,0.0,0.0,0.9914448613738105,-0.016000000000000007,-0.22496149868535165,0.2802328425555495,-0.1305261922200515,0.0,0.0,0.9914448613738105,-0.016000000000000007,-0.22496149868535165,0.2802328425555495,-0.1305261922200515,0.0,0.0,0.9914448613738105,-0.016000000000000007,-0.22496149868535165,0.2802328425555495,-0.1305261922200515,0.0,0.0,0.9914448613738105,-0.016000000000000007,-0.22496149868535165,0.2802328425555495,-0.1305261922200515,0.0,0.0,0.9914448613738105,0.0,-0.5235987755982988,0.7853981633974483,0.0,0.5235987755982988,0.0,0.0,-0.5235987755982988,0.7853981633974483,0.0,0.5235987755982988,0.0,0.0,-0.5235987755982988,0.7853981633974483,0.0,0.5235987755982988,0.0,0.0,0.0,0.0,0.0,0.0,0.0,0.0,0.0,0.0,0.0,0.0,0.0,0.0,0.0,0.0,0.0,False,False,False,False,1,False,,0.0,0,,,,True,True,0.0,0.010047800024040043,True,0.0,0.0,False,False,False,False,False,False,1.0,False,False,False,0.0,0.0,0.0,0.0
2.808287499996368,1786139945.553162,0.010112299991305918,0.0034476000000722706,0.010112299991305918,HOLD,32,deadman released,0.010112299991305918,2.798175200005062,375,-0.0999262762303822,0.0,0.0,0.0,0.0,0.0,1.0,-0.0999262762303822,0.0,0.0,0.0,0.0,0.0,1.0,-0.016000000000000007,-0.22496149868535165,0.2802328425555495,-0.1305261922200515,0.0,0.0,0.9914448613738105,-0.016000000000000007,-0.22496149868535165,0.2802328425555495,-0.1305261922200515,0.0,0.0,0.9914448613738105,-0.016000000000000007,-0.22496149868535165,0.2802328425555495,-0.1305261922200515,0.0,0.0,0.9914448613738105,-0.016000000000000007,-0.22496149868535165,0.2802328425555495,-0.1305261922200515,0.0,0.0,0.9914448613738105,-0.016000000000000007,-0.22496149868535165,0.2802328425555495,-0.1305261922200515,0.0,0.0,0.9914448613738105,0.0,-0.5235987755982988,0.7853981633974483,0.0,0.5235987755982988,0.0,0.0,-0.5235987755982988,0.7853981633974483,0.0,0.5235987755982988,0.0,0.0,-0.5235987755982988,0.7853981633974483,0.0,0.5235987755982988,0.0,0.0,0.0,0.0,0.0,0.0,0.0,0.0,0.0,0.0,0.0,0.0,0.0,0.0,0.0,0.0,0.0,False,False,False,False,1,False,,0.0,0,,,,True,True,0.0,0.010112299991305918,True,0.0,0.0,False,False,False,False,False,False,1.0,False,False,False,0.0,0.0,0.0,0.0
2.8182441999961156,1786139945.562512,0.009956699999747798,0.0028529000119306147,0.009956699999747798,HOLD,32,deadman released,0.009956699999747798,2.808287499996368,376,-0.0999262762303822,0.0,0.0,0.0,0.0,0.0,1.0,-0.0999262762303822,0.0,0.0,0.0,0.0,0.0,1.0,-0.016000000000000007,-0.22496149868535165,0.2802328425555495,-0.1305261922200515,0.0,0.0,0.9914448613738105,-0.016000000000000007,-0.22496149868535165,0.2802328425555495,-0.1305261922200515,0.0,0.0,0.9914448613738105,-0.016000000000000007,-0.22496149868535165,0.2802328425555495,-0.1305261922200515,0.0,0.0,0.9914448613738105,-0.016000000000000007,-0.22496149868535165,0.2802328425555495,-0.1305261922200515,0.0,0.0,0.9914448613738105,-0.016000000000000007,-0.22496149868535165,0.2802328425555495,-0.1305261922200515,0.0,0.0,0.9914448613738105,0.0,-0.5235987755982988,0.7853981633974483,0.0,0.5235987755982988,0.0,0.0,-0.5235987755982988,0.7853981633974483,0.0,0.5235987755982988,0.0,0.0,-0.5235987755982988,0.7853981633974483,0.0,0.5235987755982988,0.0,0.0,0.0,0.0,0.0,0.0,0.0,0.0,0.0,0.0,0.0,0.0,0.0,0.0,0.0,0.0,0.0,False,False,False,False,1,False,,0.0,0,,,,True,True,0.0,0.009956699999747798,True,0.0,0.0,False,False,False,False,False,False,1.0,False,False,False,0.0,0.0,0.0,0.0
2.8282502999936696,1786139945.5725238,0.010006099997553974,0.0028575999895110726,0.010006099997553974,HOLD,32,deadman released,0.010006099997553974,2.8182441999961156,377,-0.0999262762303822,0.0,0.0,0.0,0.0,0.0,1.0,-0.0999262762303822,0.0,0.0,0.0,0.0,0.0,1.0,-0.016000000000000007,-0.22496149868535165,0.2802328425555495,-0.1305261922200515,0.0,0.0,0.9914448613738105,-0.016000000000000007,-0.22496149868535165,0.2802328425555495,-0.1305261922200515,0.0,0.0,0.9914448613738105,-0.016000000000000007,-0.22496149868535165,0.2802328425555495,-0.1305261922200515,0.0,0.0,0.9914448613738105,-0.016000000000000007,-0.22496149868535165,0.2802328425555495,-0.1305261922200515,0.0,0.0,0.9914448613738105,-0.016000000000000007,-0.22496149868535165,0.2802328425555495,-0.1305261922200515,0.0,0.0,0.9914448613738105,0.0,-0.5235987755982988,0.7853981633974483,0.0,0.5235987755982988,0.0,0.0,-0.5235987755982988,0.7853981633974483,0.0,0.5235987755982988,0.0,0.0,-0.5235987755982988,0.7853981633974483,0.0,0.5235987755982988,0.0,0.0,0.0,0.0,0.0,0.0,0.0,0.0,0.0,0.0,0.0,0.0,0.0,0.0,0.0,0.0,0.0,False,False,False,False,1,False,,0.0,0,,,,True,True,0.0,0.010006099997553974,True,0.0,0.0,False,False,False,False,False,False,1.0,False,False,False,0.0,0.0,0.0,0.0
2.8382731000019703,1786139945.5830472,0.010022800008300692,0.003353800013428554,0.010022800008300692,HOLD,32,deadman released,0.010022800008300692,2.8282502999936696,378,-0.0999262762303822,0.0,0.0,0.0,0.0,0.0,1.0,-0.0999262762303822,0.0,0.0,0.0,0.0,0.0,1.0,-0.016000000000000007,-0.22496149868535165,0.2802328425555495,-0.1305261922200515,0.0,0.0,0.9914448613738105,-0.016000000000000007,-0.22496149868535165,0.2802328425555495,-0.1305261922200515,0.0,0.0,0.9914448613738105,-0.016000000000000007,-0.22496149868535165,0.2802328425555495,-0.1305261922200515,0.0,0.0,0.9914448613738105,-0.016000000000000007,-0.22496149868535165,0.2802328425555495,-0.1305261922200515,0.0,0.0,0.9914448613738105,-0.016000000000000007,-0.22496149868535165,0.2802328425555495,-0.1305261922200515,0.0,0.0,0.9914448613738105,0.0,-0.5235987755982988,0.7853981633974483,0.0,0.5235987755982988,0.0,0.0,-0.5235987755982988,0.7853981633974483,0.0,0.5235987755982988,0.0,0.0,-0.5235987755982988,0.7853981633974483,0.0,0.5235987755982988,0.0,0.0,0.0,0.0,0.0,0.0,0.0,0.0,0.0,0.0,0.0,0.0,0.0,0.0,0.0,0.0,0.0,False,False,False,False,1,False,,0.0,0,,,,True,True,0.0,0.010022800008300692,True,0.0,0.0,False,False,False,False,False,False,1.0,False,False,False,0.0,0.0,0.0,0.0
2.8483441999997012,1786139945.592374,0.010071099997730926,0.0026110000035259873,0.010071099997730926,HOLD,32,deadman released,0.010071099997730926,2.8382731000019703,379,-0.0999262762303822,0.0,0.0,0.0,0.0,0.0,1.0,-0.0999262762303822,0.0,0.0,0.0,0.0,0.0,1.0,-0.016000000000000007,-0.22496149868535165,0.2802328425555495,-0.1305261922200515,0.0,0.0,0.9914448613738105,-0.016000000000000007,-0.22496149868535165,0.2802328425555495,-0.1305261922200515,0.0,0.0,0.9914448613738105,-0.016000000000000007,-0.22496149868535165,0.2802328425555495,-0.1305261922200515,0.0,0.0,0.9914448613738105,-0.016000000000000007,-0.22496149868535165,0.2802328425555495,-0.1305261922200515,0.0,0.0,0.9914448613738105,-0.016000000000000007,-0.22496149868535165,0.2802328425555495,-0.1305261922200515,0.0,0.0,0.9914448613738105,0.0,-0.5235987755982988,0.7853981633974483,0.0,0.5235987755982988,0.0,0.0,-0.5235987755982988,0.7853981633974483,0.0,0.5235987755982988,0.0,0.0,-0.5235987755982988,0.7853981633974483,0.0,0.5235987755982988,0.0,0.0,0.0,0.0,0.0,0.0,0.0,0.0,0.0,0.0,0.0,0.0,0.0,0.0,0.0,0.0,0.0,False,False,False,False,1,False,,0.0,0,,,,True,True,0.0,0.010071099997730926,True,0.0,0.0,False,False,False,False,False,False,1.0,False,False,False,0.0,0.0,0.0,0.0
2.858354900003178,1786139945.6025174,0.010010700003476813,0.00274689999059774,0.010010700003476813,HOLD,32,deadman released,0.010010700003476813,2.8483441999997012,380,-0.0999262762303822,0.0,0.0,0.0,0.0,0.0,1.0,-0.0999262762303822,0.0,0.0,0.0,0.0,0.0,1.0,-0.016000000000000007,-0.22496149868535165,0.2802328425555495,-0.1305261922200515,0.0,0.0,0.9914448613738105,-0.016000000000000007,-0.22496149868535165,0.2802328425555495,-0.1305261922200515,0.0,0.0,0.9914448613738105,-0.016000000000000007,-0.22496149868535165,0.2802328425555495,-0.1305261922200515,0.0,0.0,0.9914448613738105,-0.016000000000000007,-0.22496149868535165,0.2802328425555495,-0.1305261922200515,0.0,0.0,0.9914448613738105,-0.016000000000000007,-0.22496149868535165,0.2802328425555495,-0.1305261922200515,0.0,0.0,0.9914448613738105,0.0,-0.5235987755982988,0.7853981633974483,0.0,0.5235987755982988,0.0,0.0,-0.5235987755982988,0.7853981633974483,0.0,0.5235987755982988,0.0,0.0,-0.5235987755982988,0.7853981633974483,0.0,0.5235987755982988,0.0,0.0,0.0,0.0,0.0,0.0,0.0,0.0,0.0,0.0,0.0,0.0,0.0,0.0,0.0,0.0,0.0,False,False,False,False,1,False,,0.0,0,,,,True,True,0.0,0.010010700003476813,True,0.0,0.0,False,False,False,False,False,False,1.0,False,False,False,0.0,0.0,0.0,0.0
2.8684236999833956,1786139945.6127346,0.010068799980217591,0.0028958000184502453,0.010068799980217591,HOLD,32,deadman released,0.010068799980217591,2.858354900003178,381,-0.0999262762303822,0.0,0.0,0.0,0.0,0.0,1.0,-0.0999262762303822,0.0,0.0,0.0,0.0,0.0,1.0,-0.016000000000000007,-0.22496149868535165,0.2802328425555495,-0.1305261922200515,0.0,0.0,0.9914448613738105,-0.016000000000000007,-0.22496149868535165,0.2802328425555495,-0.1305261922200515,0.0,0.0,0.9914448613738105,-0.016000000000000007,-0.22496149868535165,0.2802328425555495,-0.1305261922200515,0.0,0.0,0.9914448613738105,-0.016000000000000007,-0.22496149868535165,0.2802328425555495,-0.1305261922200515,0.0,0.0,0.9914448613738105,-0.016000000000000007,-0.22496149868535165,0.2802328425555495,-0.1305261922200515,0.0,0.0,0.9914448613738105,0.0,-0.5235987755982988,0.7853981633974483,0.0,0.5235987755982988,0.0,0.0,-0.5235987755982988,0.7853981633974483,0.0,0.5235987755982988,0.0,0.0,-0.5235987755982988,0.7853981633974483,0.0,0.5235987755982988,0.0,0.0,0.0,0.0,0.0,0.0,0.0,0.0,0.0,0.0,0.0,0.0,0.0,0.0,0.0,0.0,0.0,False,False,False,False,1,False,,0.0,0,,,,True,True,0.0,0.010068799980217591,True,0.0,0.0,False,False,False,False,False,False,1.0,False,False,False,0.0,0.0,0.0,0.0
2.878394700004719,1786139945.6225502,0.009971000021323562,0.002736399997957051,0.009971000021323562,HOLD,32,deadman released,0.009971000021323562,2.8684236999833956,382,-0.0999262762303822,0.0,0.0,0.0,0.0,0.0,1.0,-0.0999262762303822,0.0,0.0,0.0,0.0,0.0,1.0,-0.016000000000000007,-0.22496149868535165,0.2802328425555495,-0.1305261922200515,0.0,0.0,0.9914448613738105,-0.016000000000000007,-0.22496149868535165,0.2802328425555495,-0.1305261922200515,0.0,0.0,0.9914448613738105,-0.016000000000000007,-0.22496149868535165,0.2802328425555495,-0.1305261922200515,0.0,0.0,0.9914448613738105,-0.016000000000000007,-0.22496149868535165,0.2802328425555495,-0.1305261922200515,0.0,0.0,0.9914448613738105,-0.016000000000000007,-0.22496149868535165,0.2802328425555495,-0.1305261922200515,0.0,0.0,0.9914448613738105,0.0,-0.5235987755982988,0.7853981633974483,0.0,0.5235987755982988,0.0,0.0,-0.5235987755982988,0.7853981633974483,0.0,0.5235987755982988,0.0,0.0,-0.5235987755982988,0.7853981633974483,0.0,0.5235987755982988,0.0,0.0,0.0,0.0,0.0,0.0,0.0,0.0,0.0,0.0,0.0,0.0,0.0,0.0,0.0,0.0,0.0,False,False,False,False,1,False,,0.0,0,,,,True,True,0.0,0.009971000021323562,True,0.0,0.0,False,False,False,False,False,False,1.0,False,False,False,0.0,0.0,0.0,0.0
2.8884259999904316,1786139945.6327155,0.010031299985712394,0.0028611999878194183,0.010031299985712394,HOLD,32,deadman released,0.010031299985712394,2.878394700004719,383,-0.0999262762303822,0.0,0.0,0.0,0.0,0.0,1.0,-0.0999262762303822,0.0,0.0,0.0,0.0,0.0,1.0,-0.016000000000000007,-0.22496149868535165,0.2802328425555495,-0.1305261922200515,0.0,0.0,0.9914448613738105,-0.016000000000000007,-0.22496149868535165,0.2802328425555495,-0.1305261922200515,0.0,0.0,0.9914448613738105,-0.016000000000000007,-0.22496149868535165,0.2802328425555495,-0.1305261922200515,0.0,0.0,0.9914448613738105,-0.016000000000000007,-0.22496149868535165,0.2802328425555495,-0.1305261922200515,0.0,0.0,0.9914448613738105,-0.016000000000000007,-0.22496149868535165,0.2802328425555495,-0.1305261922200515,0.0,0.0,0.9914448613738105,0.0,-0.5235987755982988,0.7853981633974483,0.0,0.5235987755982988,0.0,0.0,-0.5235987755982988,0.7853981633974483,0.0,0.5235987755982988,0.0,0.0,-0.5235987755982988,0.7853981633974483,0.0,0.5235987755982988,0.0,0.0,0.0,0.0,0.0,0.0,0.0,0.0,0.0,0.0,0.0,0.0,0.0,0.0,0.0,0.0,0.0,False,False,False,False,1,False,,0.0,0,,,,True,True,0.0,0.010031299985712394,True,0.0,0.0,False,False,False,False,False,False,1.0,False,False,False,0.0,0.0,0.0,0.0
2.8984412999998312,1786139945.642391,0.010015300009399652,0.0025351000076625496,0.010015300009399652,HOLD,32,deadman released,0.010015300009399652,2.8884259999904316,384,-0.0999262762303822,0.0,0.0,0.0,0.0,0.0,1.0,-0.0999262762303822,0.0,0.0,0.0,0.0,0.0,1.0,-0.016000000000000007,-0.22496149868535165,0.2802328425555495,-0.1305261922200515,0.0,0.0,0.9914448613738105,-0.016000000000000007,-0.22496149868535165,0.2802328425555495,-0.1305261922200515,0.0,0.0,0.9914448613738105,-0.016000000000000007,-0.22496149868535165,0.2802328425555495,-0.1305261922200515,0.0,0.0,0.9914448613738105,-0.016000000000000007,-0.22496149868535165,0.2802328425555495,-0.1305261922200515,0.0,0.0,0.9914448613738105,-0.016000000000000007,-0.22496149868535165,0.2802328425555495,-0.1305261922200515,0.0,0.0,0.9914448613738105,0.0,-0.5235987755982988,0.7853981633974483,0.0,0.5235987755982988,0.0,0.0,-0.5235987755982988,0.7853981633974483,0.0,0.5235987755982988,0.0,0.0,-0.5235987755982988,0.7853981633974483,0.0,0.5235987755982988,0.0,0.0,0.0,0.0,0.0,0.0,0.0,0.0,0.0,0.0,0.0,0.0,0.0,0.0,0.0,0.0,0.0,False,False,False,False,1,False,,0.0,0,,,,True,True,0.0,0.010015300009399652,True,0.0,0.0,False,False,False,False,False,False,1.0,False,False,False,0.0,0.0,0.0,0.0
2.908450399991125,1786139945.6529703,0.010009099991293624,0.0031032000260893255,0.010009099991293624,HOLD,32,deadman released,0.010009099991293624,2.8984412999998312,385,-0.0999262762303822,0.0,0.0,0.0,0.0,0.0,1.0,-0.0999262762303822,0.0,0.0,0.0,0.0,0.0,1.0,-0.016000000000000007,-0.22496149868535165,0.2802328425555495,-0.1305261922200515,0.0,0.0,0.9914448613738105,-0.016000000000000007,-0.22496149868535165,0.2802328425555495,-0.1305261922200515,0.0,0.0,0.9914448613738105,-0.016000000000000007,-0.22496149868535165,0.2802328425555495,-0.1305261922200515,0.0,0.0,0.9914448613738105,-0.016000000000000007,-0.22496149868535165,0.2802328425555495,-0.1305261922200515,0.0,0.0,0.9914448613738105,-0.016000000000000007,-0.22496149868535165,0.2802328425555495,-0.1305261922200515,0.0,0.0,0.9914448613738105,0.0,-0.5235987755982988,0.7853981633974483,0.0,0.5235987755982988,0.0,0.0,-0.5235987755982988,0.7853981633974483,0.0,0.5235987755982988,0.0,0.0,-0.5235987755982988,0.7853981633974483,0.0,0.5235987755982988,0.0,0.0,0.0,0.0,0.0,0.0,0.0,0.0,0.0,0.0,0.0,0.0,0.0,0.0,0.0,0.0,0.0,False,False,False,False,1,False,,0.0,0,,,,True,True,0.0,0.010009099991293624,True,0.0,0.0,False,False,False,False,False,False,1.0,False,False,False,0.0,0.0,0.0,0.0
2.918494899990037,1786139945.6632733,0.010044499998912215,0.003359399997862056,0.010044499998912215,HOLD,32,deadman released,0.010044499998912215,2.908450399991125,386,-0.0999262762303822,0.0,0.0,0.0,0.0,0.0,1.0,-0.0999262762303822,0.0,0.0,0.0,0.0,0.0,1.0,-0.016000000000000007,-0.22496149868535165,0.2802328425555495,-0.1305261922200515,0.0,0.0,0.9914448613738105,-0.016000000000000007,-0.22496149868535165,0.2802328425555495,-0.1305261922200515,0.0,0.0,0.9914448613738105,-0.016000000000000007,-0.22496149868535165,0.2802328425555495,-0.1305261922200515,0.0,0.0,0.9914448613738105,-0.016000000000000007,-0.22496149868535165,0.2802328425555495,-0.1305261922200515,0.0,0.0,0.9914448613738105,-0.016000000000000007,-0.22496149868535165,0.2802328425555495,-0.1305261922200515,0.0,0.0,0.9914448613738105,0.0,-0.5235987755982988,0.7853981633974483,0.0,0.5235987755982988,0.0,0.0,-0.5235987755982988,0.7853981633974483,0.0,0.5235987755982988,0.0,0.0,-0.5235987755982988,0.7853981633974483,0.0,0.5235987755982988,0.0,0.0,0.0,0.0,0.0,0.0,0.0,0.0,0.0,0.0,0.0,0.0,0.0,0.0,0.0,0.0,0.0,False,False,False,False,1,False,,0.0,0,,,,True,True,0.0,0.010044499998912215,True,0.0,0.0,False,False,False,False,False,False,1.0,False,False,False,0.0,0.0,0.0,0.0
2.9281172000046354,1786139945.6719255,0.009622300014598295,0.002390699984971434,0.009622300014598295,HOLD,32,deadman released,0.009622300014598295,2.918494899990037,387,-0.0999262762303822,0.0,0.0,0.0,0.0,0.0,1.0,-0.0999262762303822,0.0,0.0,0.0,0.0,0.0,1.0,-0.016000000000000007,-0.22496149868535165,0.2802328425555495,-0.1305261922200515,0.0,0.0,0.9914448613738105,-0.016000000000000007,-0.22496149868535165,0.2802328425555495,-0.1305261922200515,0.0,0.0,0.9914448613738105,-0.016000000000000007,-0.22496149868535165,0.2802328425555495,-0.1305261922200515,0.0,0.0,0.9914448613738105,-0.016000000000000007,-0.22496149868535165,0.2802328425555495,-0.1305261922200515,0.0,0.0,0.9914448613738105,-0.016000000000000007,-0.22496149868535165,0.2802328425555495,-0.1305261922200515,0.0,0.0,0.9914448613738105,0.0,-0.5235987755982988,0.7853981633974483,0.0,0.5235987755982988,0.0,0.0,-0.5235987755982988,0.7853981633974483,0.0,0.5235987755982988,0.0,0.0,-0.5235987755982988,0.7853981633974483,0.0,0.5235987755982988,0.0,0.0,0.0,0.0,0.0,0.0,0.0,0.0,0.0,0.0,0.0,0.0,0.0,0.0,0.0,0.0,0.0,False,False,False,False,1,False,,0.0,0,,,,True,True,0.0,0.009622300014598295,True,0.0,0.0,False,False,False,False,False,False,1.0,False,False,False,0.0,0.0,0.0,0.0
2.938130499998806,1786139945.68271,0.010013299994170666,0.003164399997331202,0.010013299994170666,HOLD,32,deadman released,0.010013299994170666,2.9281172000046354,388,-0.0999262762303822,0.0,0.0,0.0,0.0,0.0,1.0,-0.0999262762303822,0.0,0.0,0.0,0.0,0.0,1.0,-0.016000000000000007,-0.22496149868535165,0.2802328425555495,-0.1305261922200515,0.0,0.0,0.9914448613738105,-0.016000000000000007,-0.22496149868535165,0.2802328425555495,-0.1305261922200515,0.0,0.0,0.9914448613738105,-0.016000000000000007,-0.22496149868535165,0.2802328425555495,-0.1305261922200515,0.0,0.0,0.9914448613738105,-0.016000000000000007,-0.22496149868535165,0.2802328425555495,-0.1305261922200515,0.0,0.0,0.9914448613738105,-0.016000000000000007,-0.22496149868535165,0.2802328425555495,-0.1305261922200515,0.0,0.0,0.9914448613738105,0.0,-0.5235987755982988,0.7853981633974483,0.0,0.5235987755982988,0.0,0.0,-0.5235987755982988,0.7853981633974483,0.0,0.5235987755982988,0.0,0.0,-0.5235987755982988,0.7853981633974483,0.0,0.5235987755982988,0.0,0.0,0.0,0.0,0.0,0.0,0.0,0.0,0.0,0.0,0.0,0.0,0.0,0.0,0.0,0.0,0.0,False,False,False,False,1,False,,0.0,0,,,,True,True,0.0,0.010013299994170666,True,0.0,0.0,False,False,False,False,False,False,1.0,False,False,False,0.0,0.0,0.0,0.0
2.9481545999879017,1786139945.692537,0.010024099989095703,0.002963400009321049,0.010024099989095703,HOLD,32,deadman released,0.010024099989095703,2.938130499998806,389,-0.0999262762303822,0.0,0.0,0.0,0.0,0.0,1.0,-0.0999262762303822,0.0,0.0,0.0,0.0,0.0,1.0,-0.016000000000000007,-0.22496149868535165,0.2802328425555495,-0.1305261922200515,0.0,0.0,0.9914448613738105,-0.016000000000000007,-0.22496149868535165,0.2802328425555495,-0.1305261922200515,0.0,0.0,0.9914448613738105,-0.016000000000000007,-0.22496149868535165,0.2802328425555495,-0.1305261922200515,0.0,0.0,0.9914448613738105,-0.016000000000000007,-0.22496149868535165,0.2802328425555495,-0.1305261922200515,0.0,0.0,0.9914448613738105,-0.016000000000000007,-0.22496149868535165,0.2802328425555495,-0.1305261922200515,0.0,0.0,0.9914448613738105,0.0,-0.5235987755982988,0.7853981633974483,0.0,0.5235987755982988,0.0,0.0,-0.5235987755982988,0.7853981633974483,0.0,0.5235987755982988,0.0,0.0,-0.5235987755982988,0.7853981633974483,0.0,0.5235987755982988,0.0,0.0,0.0,0.0,0.0,0.0,0.0,0.0,0.0,0.0,0.0,0.0,0.0,0.0,0.0,0.0,0.0,False,False,False,False,1,False,,0.0,0,,,,True,True,0.0,0.010024099989095703,True,0.0,0.0,False,False,False,False,False,False,1.0,False,False,False,0.0,0.0,0.0,0.0
2.9583417999965604,1786139945.7026322,0.010187200008658692,0.0028708000027108938,0.010187200008658692,HOLD,32,deadman released,0.010187200008658692,2.9481545999879017,390,-0.0999262762303822,0.0,0.0,0.0,0.0,0.0,1.0,-0.0999262762303822,0.0,0.0,0.0,0.0,0.0,1.0,-0.016000000000000007,-0.22496149868535165,0.2802328425555495,-0.1305261922200515,0.0,0.0,0.9914448613738105,-0.016000000000000007,-0.22496149868535165,0.2802328425555495,-0.1305261922200515,0.0,0.0,0.9914448613738105,-0.016000000000000007,-0.22496149868535165,0.2802328425555495,-0.1305261922200515,0.0,0.0,0.9914448613738105,-0.016000000000000007,-0.22496149868535165,0.2802328425555495,-0.1305261922200515,0.0,0.0,0.9914448613738105,-0.016000000000000007,-0.22496149868535165,0.2802328425555495,-0.1305261922200515,0.0,0.0,0.9914448613738105,0.0,-0.5235987755982988,0.7853981633974483,0.0,0.5235987755982988,0.0,0.0,-0.5235987755982988,0.7853981633974483,0.0,0.5235987755982988,0.0,0.0,-0.5235987755982988,0.7853981633974483,0.0,0.5235987755982988,0.0,0.0,0.0,0.0,0.0,0.0,0.0,0.0,0.0,0.0,0.0,0.0,0.0,0.0,0.0,0.0,0.0,False,False,False,False,1,False,,0.0,0,,,,True,True,0.0,0.010187200008658692,True,0.0,0.0,False,False,False,False,False,False,1.0,False,False,False,0.0,0.0,0.0,0.0
2.9683535999793094,1786139945.7127316,0.010011799982748926,0.002962600003229454,0.010011799982748926,HOLD,32,deadman released,0.010011799982748926,2.9583417999965604,391,-0.0999262762303822,0.0,0.0,0.0,0.0,0.0,1.0,-0.0999262762303822,0.0,0.0,0.0,0.0,0.0,1.0,-0.016000000000000007,-0.22496149868535165,0.2802328425555495,-0.1305261922200515,0.0,0.0,0.9914448613738105,-0.016000000000000007,-0.22496149868535165,0.2802328425555495,-0.1305261922200515,0.0,0.0,0.9914448613738105,-0.016000000000000007,-0.22496149868535165,0.2802328425555495,-0.1305261922200515,0.0,0.0,0.9914448613738105,-0.016000000000000007,-0.22496149868535165,0.2802328425555495,-0.1305261922200515,0.0,0.0,0.9914448613738105,-0.016000000000000007,-0.22496149868535165,0.2802328425555495,-0.1305261922200515,0.0,0.0,0.9914448613738105,0.0,-0.5235987755982988,0.7853981633974483,0.0,0.5235987755982988,0.0,0.0,-0.5235987755982988,0.7853981633974483,0.0,0.5235987755982988,0.0,0.0,-0.5235987755982988,0.7853981633974483,0.0,0.5235987755982988,0.0,0.0,0.0,0.0,0.0,0.0,0.0,0.0,0.0,0.0,0.0,0.0,0.0,0.0,0.0,0.0,0.0,False,False,False,False,1,False,,0.0,0,,,,True,True,0.0,0.010011799982748926,True,0.0,0.0,False,False,False,False,False,False,1.0,False,False,False,0.0,0.0,0.0,0.0
2.9783996999904048,1786139945.7221813,0.010046100011095405,0.002365799999097362,0.010046100011095405,HOLD,32,deadman released,0.010046100011095405,2.9683535999793094,392,-0.0999262762303822,0.0,0.0,0.0,0.0,0.0,1.0,-0.0999262762303822,0.0,0.0,0.0,0.0,0.0,1.0,-0.016000000000000007,-0.22496149868535165,0.2802328425555495,-0.1305261922200515,0.0,0.0,0.9914448613738105,-0.016000000000000007,-0.22496149868535165,0.2802328425555495,-0.1305261922200515,0.0,0.0,0.9914448613738105,-0.016000000000000007,-0.22496149868535165,0.2802328425555495,-0.1305261922200515,0.0,0.0,0.9914448613738105,-0.016000000000000007,-0.22496149868535165,0.2802328425555495,-0.1305261922200515,0.0,0.0,0.9914448613738105,-0.016000000000000007,-0.22496149868535165,0.2802328425555495,-0.1305261922200515,0.0,0.0,0.9914448613738105,0.0,-0.5235987755982988,0.7853981633974483,0.0,0.5235987755982988,0.0,0.0,-0.5235987755982988,0.7853981633974483,0.0,0.5235987755982988,0.0,0.0,-0.5235987755982988,0.7853981633974483,0.0,0.5235987755982988,0.0,0.0,0.0,0.0,0.0,0.0,0.0,0.0,0.0,0.0,0.0,0.0,0.0,0.0,0.0,0.0,0.0,False,False,False,False,1,False,,0.0,0,,,,True,True,0.0,0.010046100011095405,True,0.0,0.0,False,False,False,False,False,False,1.0,False,False,False,0.0,0.0,0.0,0.0
2.9882593999791425,1786139945.7334986,0.009859699988737702,0.0038207000179681927,0.009859699988737702,HOLD,32,deadman released,0.009859699988737702,2.9783996999904048,393,-0.0999262762303822,0.0,0.0,0.0,0.0,0.0,1.0,-0.0999262762303822,0.0,0.0,0.0,0.0,0.0,1.0,-0.016000000000000007,-0.22496149868535165,0.2802328425555495,-0.1305261922200515,0.0,0.0,0.9914448613738105,-0.016000000000000007,-0.22496149868535165,0.2802328425555495,-0.1305261922200515,0.0,0.0,0.9914448613738105,-0.016000000000000007,-0.22496149868535165,0.2802328425555495,-0.1305261922200515,0.0,0.0,0.9914448613738105,-0.016000000000000007,-0.22496149868535165,0.2802328425555495,-0.1305261922200515,0.0,0.0,0.9914448613738105,-0.016000000000000007,-0.22496149868535165,0.2802328425555495,-0.1305261922200515,0.0,0.0,0.9914448613738105,0.0,-0.5235987755982988,0.7853981633974483,0.0,0.5235987755982988,0.0,0.0,-0.5235987755982988,0.7853981633974483,0.0,0.5235987755982988,0.0,0.0,-0.5235987755982988,0.7853981633974483,0.0,0.5235987755982988,0.0,0.0,0.0,0.0,0.0,0.0,0.0,0.0,0.0,0.0,0.0,0.0,0.0,0.0,0.0,0.0,0.0,False,False,False,False,1,False,,0.0,0,,,,True,True,0.0,0.009859699988737702,True,0.0,0.0,False,False,False,False,False,False,1.0,False,False,False,0.0,0.0,0.0,0.0
2.9983825999952387,1786139945.7423377,0.010123200016096234,0.002533099992433563,0.010123200016096234,HOLD,32,deadman released,0.010123200016096234,2.9882593999791425,394,-0.0999262762303822,0.0,0.0,0.0,0.0,0.0,1.0,-0.0999262762303822,0.0,0.0,0.0,0.0,0.0,1.0,-0.016000000000000007,-0.22496149868535165,0.2802328425555495,-0.1305261922200515,0.0,0.0,0.9914448613738105,-0.016000000000000007,-0.22496149868535165,0.2802328425555495,-0.1305261922200515,0.0,0.0,0.9914448613738105,-0.016000000000000007,-0.22496149868535165,0.2802328425555495,-0.1305261922200515,0.0,0.0,0.9914448613738105,-0.016000000000000007,-0.22496149868535165,0.2802328425555495,-0.1305261922200515,0.0,0.0,0.9914448613738105,-0.016000000000000007,-0.22496149868535165,0.2802328425555495,-0.1305261922200515,0.0,0.0,0.9914448613738105,0.0,-0.5235987755982988,0.7853981633974483,0.0,0.5235987755982988,0.0,0.0,-0.5235987755982988,0.7853981633974483,0.0,0.5235987755982988,0.0,0.0,-0.5235987755982988,0.7853981633974483,0.0,0.5235987755982988,0.0,0.0,0.0,0.0,0.0,0.0,0.0,0.0,0.0,0.0,0.0,0.0,0.0,0.0,0.0,0.0,0.0,False,False,False,False,1,False,,0.0,0,,,,True,True,0.0,0.010123200016096234,True,0.0,0.0,False,False,False,False,False,False,1.0,False,False,False,0.0,0.0,0.0,0.0
3.008379099977901,1786139945.752982,0.009996499982662499,0.0031855999841354787,0.009996499982662499,HOLD,32,deadman released,0.020119699998758733,2.9882593999791425,394,-0.0999262762303822,0.0,0.0,0.0,0.0,0.0,1.0,-0.0999262762303822,0.0,0.0,0.0,0.0,0.0,1.0,-0.016000000000000007,-0.22496149868535165,0.2802328425555495,-0.1305261922200515,0.0,0.0,0.9914448613738105,-0.016000000000000007,-0.22496149868535165,0.2802328425555495,-0.1305261922200515,0.0,0.0,0.9914448613738105,-0.016000000000000007,-0.22496149868535165,0.2802328425555495,-0.1305261922200515,0.0,0.0,0.9914448613738105,-0.016000000000000007,-0.22496149868535165,0.2802328425555495,-0.1305261922200515,0.0,0.0,0.9914448613738105,-0.016000000000000007,-0.22496149868535165,0.2802328425555495,-0.1305261922200515,0.0,0.0,0.9914448613738105,0.0,-0.5235987755982988,0.7853981633974483,0.0,0.5235987755982988,0.0,0.0,-0.5235987755982988,0.7853981633974483,0.0,0.5235987755982988,0.0,0.0,-0.5235987755982988,0.7853981633974483,0.0,0.5235987755982988,0.0,0.0,0.0,0.0,0.0,0.0,0.0,0.0,0.0,0.0,0.0,0.0,0.0,0.0,0.0,0.0,0.0,False,False,False,False,1,False,,0.0,0,,,,True,True,0.0,0.009996499982662499,True,0.0,0.0,False,False,False,False,False,False,1.0,False,False,False,0.0,0.0,0.0,0.0
3.018360299989581,1786139945.763959,0.009981200011679903,0.004182799981208518,0.009981200011679903,HOLD,32,deadman released,0.030100900010438636,2.9882593999791425,394,-0.0999262762303822,0.0,0.0,0.0,0.0,0.0,1.0,-0.0999262762303822,0.0,0.0,0.0,0.0,0.0,1.0,-0.016000000000000007,-0.22496149868535165,0.2802328425555495,-0.1305261922200515,0.0,0.0,0.9914448613738105,-0.016000000000000007,-0.22496149868535165,0.2802328425555495,-0.1305261922200515,0.0,0.0,0.9914448613738105,-0.016000000000000007,-0.22496149868535165,0.2802328425555495,-0.1305261922200515,0.0,0.0,0.9914448613738105,-0.016000000000000007,-0.22496149868535165,0.2802328425555495,-0.1305261922200515,0.0,0.0,0.9914448613738105,-0.016000000000000007,-0.22496149868535165,0.2802328425555495,-0.1305261922200515,0.0,0.0,0.9914448613738105,0.0,-0.5235987755982988,0.7853981633974483,0.0,0.5235987755982988,0.0,0.0,-0.5235987755982988,0.7853981633974483,0.0,0.5235987755982988,0.0,0.0,-0.5235987755982988,0.7853981633974483,0.0,0.5235987755982988,0.0,0.0,0.0,0.0,0.0,0.0,0.0,0.0,0.0,0.0,0.0,0.0,0.0,0.0,0.0,0.0,0.0,False,False,False,False,1,False,,0.0,0,,,,True,True,0.0,0.009981200011679903,True,0.0,0.0,False,False,False,False,False,False,1.0,False,False,False,0.0,0.0,0.0,0.0
