# https://github.com/mikedh/trimesh
v 27.32969284 -29.60464478 2.49999619
v 27.28083420 -29.09160233 2.49999619
v 26.00000000 -29.49999619 2.49999619
v 26.00000000 -28.99999619 2.49999619
v -56.00000000 -28.99999619 2.49999619
v 28.53559303 -29.36455917 2.49999619
v 28.62664413 -29.91601562 2.49999619
v 29.73873520 -29.81330872 2.49999619
v 29.85891914 -30.42644119 2.49999619
v 30.86576653 -30.42871475 2.49999619
v 30.99617386 -31.12335205 2.49999619
v 31.89374733 -31.19824982 2.49999619
v 32.01040649 -31.98958778 2.49999619
v 32.80174637 -32.10625076 2.49999619
v 32.87664413 -33.00382233 2.49999619
v 33.57128143 -33.13422775 2.49999619
v 33.57355499 -34.14107513 2.49999619
v 34.18668747 -34.26126099 2.49999619
v 34.08398056 -35.37335205 2.49999619
v 34.63543701 -35.46440506 2.49999619
v 34.39535141 -36.67030334 2.49999619
v 34.90839386 -36.71916199 2.49999619
v 34.50000000 -37.99999619 2.49999619
v 35.00000000 -37.99999619 2.49999619
v 35.00000000 -119.99999237 2.49999619
v 34.50000000 -119.99999237 2.49999619
v 34.90839386 -121.28083038 2.49999619
v 34.39535141 -121.32968903 2.49999619
v 34.63543701 -122.53559113 2.49999619
v 34.08398056 -122.62664032 2.49999619
v 34.18668747 -123.73873138 2.49999619
v 33.57355499 -123.85891724 2.49999619
v 33.57128143 -124.86576080 2.49999619
v 32.87664413 -124.99617004 2.49999619
v 32.80174637 -125.89374542 2.49999619
v 32.01040649 -126.01040649 2.49999619
v 31.89374733 -126.80174255 2.49999619
v 30.99617386 -126.87664032 2.49999619
v 30.86576653 -127.57128143 2.49999619
v 29.85891914 -127.57355499 2.49999619
v 29.73873520 -128.18669128 2.49999619
v 28.62664413 -128.08396912 2.49999619
v 28.53559303 -128.63543701 2.49999619
v 27.32969284 -128.39533997 2.49999619
v 27.28083420 -128.90838623 2.49999619
v 26.00000000 -128.50000000 2.49999619
v 26.00000000 -129.00000000 2.49999619
v -56.00000000 -128.50000000 2.49999619
v -56.00000000 -129.00000000 2.49999619
v -57.28083420 -128.90838623 2.49999619
v -57.32969284 -128.39533997 2.49999619
v -58.53559113 -128.63543701 2.49999619
v -58.62664413 -128.08396912 2.49999619
v -59.73873520 -128.18669128 2.49999619
v -59.85892105 -127.57355499 2.49999619
v -60.86576843 -127.57128143 2.49999619
v -60.99617386 -126.87664032 2.49999619
v -61.89374542 -126.80174255 2.49999619
v -62.01040649 -126.01040649 2.49999619
v -62.80174637 -125.89374542 2.49999619
v -62.87664413 -124.99617004 2.49999619
v -63.57128143 -124.86576080 2.49999619
v -63.57355499 -123.85891724 2.49999619
v -64.18669128 -123.73873138 2.49999619
v -64.08397675 -122.62664032 2.49999619
v -64.63543701 -122.53559113 2.49999619
v -64.39534760 -121.32968903 2.49999619
v -64.90839386 -121.28083038 2.49999619
v -64.50000000 -119.99999237 2.49999619
v -65.00000000 -119.99999237 2.49999619
v -65.00000000 -37.99999619 2.49999619
v -64.50000000 -37.99999619 2.49999619
v -64.90839386 -36.71916199 2.49999619
v -64.39534760 -36.67030334 2.49999619
v -64.63543701 -35.46440506 2.49999619
v -64.08397675 -35.37335205 2.49999619
v -64.18669128 -34.26126099 2.49999619
v -63.57355499 -34.14107513 2.49999619
v -63.57128143 -33.13422775 2.49999619
v -62.87664413 -33.00382233 2.49999619
v -62.80174637 -32.10625076 2.49999619
v -62.01040649 -31.98958778 2.49999619
v -61.89374542 -31.19824982 2.49999619
v -60.99617386 -31.12335205 2.49999619
v -60.86576843 -30.42871475 2.49999619
v -59.85892105 -30.42644119 2.49999619
v -59.73873520 -29.81330872 2.49999619
v -58.62664413 -29.91601562 2.49999619
v -58.53559113 -29.36455917 2.49999619
v -57.32969284 -29.60464478 2.49999619
v -57.28083420 -29.09160233 2.49999619
v -56.00000000 -29.49999619 2.49999619
v -26.90146446 -127.64445496 2.49999619
v -27.50000000 -124.24999237 2.49999619
v -27.50000000 -127.74999237 2.49999619
v -28.09853554 -124.35553741 2.49999619
v -28.09853554 -127.64445496 2.49999619
v -28.62487793 -124.65941620 2.49999619
v -28.62487793 -127.34057617 2.49999619
v -29.01554489 -125.12499237 2.49999619
v -29.01554489 -126.87499237 2.49999619
v -29.22341347 -125.69611359 2.49999619
v -29.22341347 -126.30387878 2.49999619
v -26.90146446 -124.35553741 2.49999619
v -26.37512207 -127.34057617 2.49999619
v -26.37512207 -124.65941620 2.49999619
v -25.98445511 -126.87499237 2.49999619
v -25.77658653 -126.30387878 2.49999619
v -25.77658653 -125.69611359 2.49999619
v -25.98445511 -125.12499237 2.49999619
v -1.90146470 -127.64445496 2.49999619
v -2.50000000 -124.24999237 2.49999619
v -2.50000000 -127.74999237 2.49999619
v -3.09853530 -124.35553741 2.49999619
v -3.09853530 -127.64445496 2.49999619
v -3.62487841 -124.65941620 2.49999619
v -3.62487841 -127.34057617 2.49999619
v -4.01554441 -125.12499237 2.49999619
v -4.01554441 -126.87499237 2.49999619
v -4.22341347 -125.69611359 2.49999619
v -4.22341347 -126.30387878 2.49999619
v -1.90146470 -124.35553741 2.49999619
v -1.37512171 -127.34057617 2.49999619
v -1.37512171 -124.65941620 2.49999619
v -0.98445553 -126.87499237 2.49999619
v -0.77658641 -126.30387878 2.49999619
v -0.77658641 -125.69611359 2.49999619
v -0.98445553 -125.12499237 2.49999619
v -45.00000000 -43.99999619 -12.50000381
v -45.00000000 -43.99999619 2.49999619
v -45.97545242 -44.09606934 -12.50000381
v -45.97545242 -44.09606934 2.49999619
v -46.91341782 -44.38059998 -12.50000381
v -46.91341782 -44.38059998 2.49999619
v -47.77785110 -44.84264755 -12.50000381
v -47.77785110 -44.84264755 2.49999619
v -48.53553391 -45.46446228 -12.50000381
v -48.53553391 -45.46446228 2.49999619
v -49.15734863 -46.22214508 -12.50000381
v -49.15734863 -46.22214508 2.49999619
v -49.61939621 -47.08657837 -12.50000381
v -49.61939621 -47.08657837 2.49999619
v -49.90392685 -48.02454376 -12.50000381
v -49.90392685 -48.02454376 2.49999619
v -50.00000000 -48.99999619 -12.50000381
v -50.00000000 -48.99999619 2.49999619
v -50.00000000 -108.99999237 2.49999619
v -50.00000000 -108.99999237 -12.50000381
v -49.90392685 -109.97544861 -12.50000381
v -49.90392685 -109.97544861 2.49999619
v -49.61939621 -110.91341400 -12.50000381
v -49.61939621 -110.91341400 2.49999619
v -49.15734863 -111.77784729 -12.50000381
v -49.15734863 -111.77784729 2.49999619
v -48.53553391 -112.53553009 -12.50000381
v -48.53553391 -112.53553009 2.49999619
v -47.77785110 -113.15734100 -12.50000381
v -47.77785110 -113.15734100 2.49999619
v -46.91341782 -113.61939240 -12.50000381
v -46.91341782 -113.61939240 2.49999619
v -45.97545242 -113.90392303 -12.50000381
v -45.97545242 -113.90392303 2.49999619
v -45.00000000 -113.99999237 -12.50000381
v -45.00000000 -113.99999237 2.49999619
v 15.00000000 -113.99999237 2.49999619
v 15.00000000 -113.99999237 -12.50000381
v 15.97545147 -113.90392303 -12.50000381
v 15.97545147 -113.90392303 2.49999619
v 16.91341782 -113.61939240 -12.50000381
v 16.91341782 -113.61939240 2.49999619
v 17.77785110 -113.15734100 -12.50000381
v 17.77785110 -113.15734100 2.49999619
v 18.53553391 -112.53553009 -12.50000381
v 18.53553391 -112.53553009 2.49999619
v 19.15734863 -111.77784729 -12.50000381
v 19.15734863 -111.77784729 2.49999619
v 19.61939812 -110.91341400 -12.50000381
v 19.61939812 -110.91341400 2.49999619
v 19.90392685 -109.97544861 -12.50000381
v 19.90392685 -109.97544861 2.49999619
v 20.00000000 -108.99999237 -12.50000381
v 20.00000000 -108.99999237 2.49999619
v 15.00000000 -43.99999619 2.49999619
v 15.00000000 -43.99999619 -12.50000381
v 20.00000000 -48.99999619 -12.50000381
v 20.00000000 -48.99999619 2.49999619
v 19.90392685 -48.02454376 -12.50000381
v 19.90392685 -48.02454376 2.49999619
v 19.61939812 -47.08657837 -12.50000381
v 19.61939812 -47.08657837 2.49999619
v 19.15734863 -46.22214508 -12.50000381
v 19.15734863 -46.22214508 2.49999619
v 18.53553391 -45.46446228 -12.50000381
v 18.53553391 -45.46446228 2.49999619
v 17.77785110 -44.84264755 -12.50000381
v 17.77785110 -44.84264755 2.49999619
v 16.91341782 -44.38059998 -12.50000381
v 16.91341782 -44.38059998 2.49999619
v 15.97545147 -44.09606934 -12.50000381
v 15.97545147 -44.09606934 2.49999619
v -56.00000000 -28.99999619 -14.00000381
v 26.00000000 -28.99999619 -14.00000381
v -65.00000000 -37.99999619 -14.00000381
v -64.90839386 -36.71916199 -14.00000381
v -64.63543701 -35.46440506 -14.00000381
v -64.18669128 -34.26126099 -14.00000381
v -63.57128143 -33.13422775 -14.00000381
v -62.80174637 -32.10625076 -14.00000381
v -61.89374542 -31.19824982 -14.00000381
v -60.86576843 -30.42871475 -14.00000381
v -59.73873520 -29.81330872 -14.00000381
v -58.53559113 -29.36455917 -14.00000381
v -57.28083420 -29.09160233 -14.00000381
v -65.00000000 -119.99999237 -14.00000381
v -56.00000000 -129.00000000 -14.00000381
v -57.28083420 -128.90838623 -14.00000381
v -58.53559113 -128.63543701 -14.00000381
v -59.73873520 -128.18669128 -14.00000381
v -60.86576843 -127.57128143 -14.00000381
v -61.89374542 -126.80174255 -14.00000381
v -62.80174637 -125.89374542 -14.00000381
v -63.57128143 -124.86576080 -14.00000381
v -64.18669128 -123.73873138 -14.00000381
v -64.63543701 -122.53559113 -14.00000381
v -64.90839386 -121.28083038 -14.00000381
v 26.00000000 -129.00000000 -14.00000381
v 35.00000000 -119.99999237 -14.00000381
v 34.90839386 -121.28083038 -14.00000381
v 34.63543701 -122.53559113 -14.00000381
v 34.18668747 -123.73873138 -14.00000381
v 33.57128143 -124.86576080 -14.00000381
v 32.80174637 -125.89374542 -14.00000381
v 31.89374733 -126.80174255 -14.00000381
v 30.86576653 -127.57128143 -14.00000381
v 29.73873520 -128.18669128 -14.00000381
v 28.53559303 -128.63543701 -14.00000381
v 27.28083420 -128.90838623 -14.00000381
v 27.28083420 -29.09160233 -14.00000381
v 28.53559303 -29.36455917 -14.00000381
v 29.73873520 -29.81330872 -14.00000381
v 30.86576653 -30.42871475 -14.00000381
v 31.89374733 -31.19824982 -14.00000381
v 32.80174637 -32.10625076 -14.00000381
v 33.57128143 -33.13422775 -14.00000381
v 34.18668747 -34.26126099 -14.00000381
v 34.63543701 -35.46440506 -14.00000381
v 34.90839386 -36.71916199 -14.00000381
v 35.00000000 -37.99999619 -14.00000381
v -58.42246246 -55.39217377 -14.50000381
v -58.42246246 -55.39217377 -8.50000381
v -57.50000000 -55.49999619 -14.50000381
v -57.50000000 -55.49999619 -8.50000381
v -56.57753754 -55.39217377 -14.50000381
v -56.57753754 -55.39217377 -8.50000381
v -55.70480347 -55.07452774 -14.50000381
v -55.70480347 -55.07452774 -8.50000381
v -54.92884827 -54.56417465 -14.50000381
v -54.92884827 -54.56417465 -8.50000381
v -54.29150772 -53.88862991 -14.50000381
v -54.29150772 -53.88862991 -8.50000381
v -53.82713699 -53.08431625 -14.50000381
v -53.82713699 -53.08431625 -8.50000381
v -53.56076813 -52.19458771 -14.50000381
v -53.56076813 -52.19458771 -8.50000381
v -53.50676727 -51.26741791 -14.50000381
v -53.50676727 -51.26741791 -8.50000381
v -53.66804123 -50.35278320 -14.50000381
v -53.66804123 -50.35278320 -8.50000381
v -54.03590012 -49.49999619 -14.50000381
v -54.03590012 -49.49999619 -8.50000381
v -54.59050369 -48.75502777 -14.50000381
v -54.59050369 -48.75502777 -8.50000381
v -55.30196381 -48.15804672 -14.50000381
v -55.30196381 -48.15804672 -8.50000381
v -56.13191986 -47.74122620 -14.50000381
v -56.13191986 -47.74122620 -8.50000381
v -57.03562927 -47.52704239 -14.50000381
v -57.03562927 -47.52704239 -8.50000381
v -57.96437073 -47.52704239 -14.50000381
v -57.96437073 -47.52704239 -8.50000381
v -58.86808014 -47.74122620 -14.50000381
v -58.86808014 -47.74122620 -8.50000381
v -59.69803619 -48.15804672 -14.50000381
v -59.69803619 -48.15804672 -8.50000381
v -60.40949631 -48.75502777 -14.50000381
v -60.40949631 -48.75502777 -8.50000381
v -60.96409988 -49.49999619 -14.50000381
v -60.96409988 -49.49999619 -8.50000381
v -61.33195877 -50.35278320 -14.50000381
v -61.33195877 -50.35278320 -8.50000381
v -61.49323273 -51.26741791 -14.50000381
v -61.49323273 -51.26741791 -8.50000381
v -61.43923187 -52.19458771 -14.50000381
v -61.43923187 -52.19458771 -8.50000381
v -61.17286301 -53.08431625 -14.50000381
v -61.17286301 -53.08431625 -8.50000381
v -60.70849228 -53.88862991 -14.50000381
v -60.70849228 -53.88862991 -8.50000381
v -60.07115173 -54.56417465 -14.50000381
v -60.07115173 -54.56417465 -8.50000381
v -59.29519653 -55.07452774 -14.50000381
v -59.29519653 -55.07452774 -8.50000381
v -58.16320038 -53.65003586 -8.50000381
v -58.16320038 -53.65003586 2.49999619
v -57.50000000 -53.74999619 -8.50000381
v -57.50000000 -53.74999619 2.49999619
v -56.83679962 -53.65003586 -8.50000381
v -56.83679962 -53.65003586 2.49999619
v -56.23252869 -53.35903168 -8.50000381
v -56.23252869 -53.35903168 2.49999619
v -55.74087906 -52.90284729 -8.50000381
v -55.74087906 -52.90284729 2.49999619
v -55.40553284 -52.32201385 -8.50000381
v -55.40553284 -52.32201385 2.49999619
v -55.25629044 -51.66814041 -8.50000381
v -55.25629044 -51.66814041 2.49999619
v -55.30641174 -50.99932480 -8.50000381
v -55.30641174 -50.99932480 2.49999619
v -55.55144119 -50.37499619 -8.50000381
v -55.55144119 -50.37499619 2.49999619
v -55.96961212 -49.85062790 -8.50000381
v -55.96961212 -49.85062790 2.49999619
v -56.52376175 -49.47281647 -8.50000381
v -56.52376175 -49.47281647 2.49999619
v -57.16465378 -49.27512741 -8.50000381
v -57.16465378 -49.27512741 2.49999619
v -57.83534622 -49.27512741 -8.50000381
v -57.83534622 -49.27512741 2.49999619
v -58.47623825 -49.47281647 -8.50000381
v -58.47623825 -49.47281647 2.49999619
v -59.03038788 -49.85062790 -8.50000381
v -59.03038788 -49.85062790 2.49999619
v -59.44855881 -50.37499619 -8.50000381
v -59.44855881 -50.37499619 2.49999619
v -59.69358826 -50.99932480 -8.50000381
v -59.69358826 -50.99932480 2.49999619
v -59.74370956 -51.66814041 -8.50000381
v -59.74370956 -51.66814041 2.49999619
v -59.59446716 -52.32201385 -8.50000381
v -59.59446716 -52.32201385 2.49999619
v -59.25912094 -52.90284729 -8.50000381
v -59.25912094 -52.90284729 2.49999619
v -58.76747131 -53.35903168 -8.50000381
v -58.76747131 -53.35903168 2.49999619
v -58.42246246 -110.39217377 -14.50000381
v -58.42246246 -110.39217377 -8.50000381
v -57.50000000 -110.49999237 -14.50000381
v -57.50000000 -110.49999237 -8.50000381
v -56.57753754 -110.39217377 -14.50000381
v -56.57753754 -110.39217377 -8.50000381
v -55.70480347 -110.07452393 -14.50000381
v -55.70480347 -110.07452393 -8.50000381
v -54.92884827 -109.56417084 -14.50000381
v -54.92884827 -109.56417084 -8.50000381
v -54.29150772 -108.88863373 -14.50000381
v -54.29150772 -108.88863373 -8.50000381
v -53.82713699 -108.08431244 -14.50000381
v -53.82713699 -108.08431244 -8.50000381
v -53.56076813 -107.19458771 -14.50000381
v -53.56076813 -107.19458771 -8.50000381
v -53.50676727 -106.26741791 -14.50000381
v -53.50676727 -106.26741791 -8.50000381
v -53.66804123 -105.35278320 -14.50000381
v -53.66804123 -105.35278320 -8.50000381
v -54.03590012 -104.49999237 -14.50000381
v -54.03590012 -104.49999237 -8.50000381
v -54.59050369 -103.75502777 -14.50000381
v -54.59050369 -103.75502777 -8.50000381
v -55.30196381 -103.15804291 -14.50000381
v -55.30196381 -103.15804291 -8.50000381
v -56.13191986 -102.74122620 -14.50000381
v -56.13191986 -102.74122620 -8.50000381
v -57.03562927 -102.52704620 -14.50000381
v -57.03562927 -102.52704620 -8.50000381
v -57.96437073 -102.52704620 -14.50000381
v -57.96437073 -102.52704620 -8.50000381
v -58.86808014 -102.74122620 -14.50000381
v -58.86808014 -102.74122620 -8.50000381
v -59.69803619 -103.15804291 -14.50000381
v -59.69803619 -103.15804291 -8.50000381
v -60.40949631 -103.75502777 -14.50000381
v -60.40949631 -103.75502777 -8.50000381
v -60.96409988 -104.49999237 -14.50000381
v -60.96409988 -104.49999237 -8.50000381
v -61.33195877 -105.35278320 -14.50000381
v -61.33195877 -105.35278320 -8.50000381
v -61.49323273 -106.26741791 -14.50000381
v -61.49323273 -106.26741791 -8.50000381
v -61.43923187 -107.19458771 -14.50000381
v -61.43923187 -107.19458771 -8.50000381
v -61.17286301 -108.08431244 -14.50000381
v -61.17286301 -108.08431244 -8.50000381
v -60.70849228 -108.88863373 -14.50000381
v -60.70849228 -108.88863373 -8.50000381
v -60.07115173 -109.56417084 -14.50000381
v -60.07115173 -109.56417084 -8.50000381
v -59.29519653 -110.07452393 -14.50000381
v -59.29519653 -110.07452393 -8.50000381
v -58.16320038 -108.65003204 -8.50000381
v -58.16320038 -108.65003204 2.49999619
v -57.50000000 -108.74999237 -8.50000381
v -57.50000000 -108.74999237 2.49999619
v -56.83679962 -108.65003204 -8.50000381
v -56.83679962 -108.65003204 2.49999619
v -56.23252869 -108.35903168 -8.50000381
v -56.23252869 -108.35903168 2.49999619
v -55.74087906 -107.90284729 -8.50000381
v -55.74087906 -107.90284729 2.49999619
v -55.40553284 -107.32201385 -8.50000381
v -55.40553284 -107.32201385 2.49999619
v -55.25629044 -106.66813660 -8.50000381
v -55.25629044 -106.66813660 2.49999619
v -55.30641174 -105.99932098 -8.50000381
v -55.30641174 -105.99932098 2.49999619
v -55.55144119 -105.37499237 -8.50000381
v -55.55144119 -105.37499237 2.49999619
v -55.96961212 -104.85063171 -8.50000381
v -55.96961212 -104.85063171 2.49999619
v -56.52376175 -104.47281647 -8.50000381
v -56.52376175 -104.47281647 2.49999619
v -57.16465378 -104.27512360 -8.50000381
v -57.16465378 -104.27512360 2.49999619
v -57.83534622 -104.27512360 -8.50000381
v -57.83534622 -104.27512360 2.49999619
v -58.47623825 -104.47281647 -8.50000381
v -58.47623825 -104.47281647 2.49999619
v -59.03038788 -104.85063171 -8.50000381
v -59.03038788 -104.85063171 2.49999619
v -59.44855881 -105.37499237 -8.50000381
v -59.44855881 -105.37499237 2.49999619
v -59.69358826 -105.99932098 -8.50000381
v -59.69358826 -105.99932098 2.49999619
v -59.74370956 -106.66813660 -8.50000381
v -59.74370956 -106.66813660 2.49999619
v -59.59446716 -107.32201385 -8.50000381
v -59.59446716 -107.32201385 2.49999619
v -59.25912094 -107.90284729 -8.50000381
v -59.25912094 -107.90284729 2.49999619
v -58.76747131 -108.35903168 -8.50000381
v -58.76747131 -108.35903168 2.49999619
v 26.57753563 -110.39217377 -14.50000381
v 26.57753563 -110.39217377 -8.50000381
v 27.50000000 -110.49999237 -14.50000381
v 27.50000000 -110.49999237 -8.50000381
v 28.42246437 -110.39217377 -14.50000381
v 28.42246437 -110.39217377 -8.50000381
v 29.29519653 -110.07452393 -14.50000381
v 29.29519653 -110.07452393 -8.50000381
v 30.07114983 -109.56417084 -14.50000381
v 30.07114983 -109.56417084 -8.50000381
v 30.70849228 -108.88863373 -14.50000381
v 30.70849228 -108.88863373 -8.50000381
v 31.17286491 -108.08431244 -14.50000381
v 31.17286491 -108.08431244 -8.50000381
v 31.43923187 -107.19458771 -14.50000381
v 31.43923187 -107.19458771 -8.50000381
v 31.49323273 -106.26741791 -14.50000381
v 31.49323273 -106.26741791 -8.50000381
v 31.33195877 -105.35278320 -14.50000381
v 31.33195877 -105.35278320 -8.50000381
v 30.96410179 -104.49999237 -14.50000381
v 30.96410179 -104.49999237 -8.50000381
v 30.40949440 -103.75502777 -14.50000381
v 30.40949440 -103.75502777 -8.50000381
v 29.69803619 -103.15804291 -14.50000381
v 29.69803619 -103.15804291 -8.50000381
v 28.86808014 -102.74122620 -14.50000381
v 28.86808014 -102.74122620 -8.50000381
v 27.96437073 -102.52704620 -14.50000381
v 27.96437073 -102.52704620 -8.50000381
v 27.03562927 -102.52704620 -14.50000381
v 27.03562927 -102.52704620 -8.50000381
v 26.13191986 -102.74122620 -14.50000381
v 26.13191986 -102.74122620 -8.50000381
v 25.30196381 -103.15804291 -14.50000381
v 25.30196381 -103.15804291 -8.50000381
v 24.59050560 -103.75502777 -14.50000381
v 24.59050560 -103.75502777 -8.50000381
v 24.03589821 -104.49999237 -14.50000381
v 24.03589821 -104.49999237 -8.50000381
v 23.66804123 -105.35278320 -14.50000381
v 23.66804123 -105.35278320 -8.50000381
v 23.50676727 -106.26741791 -14.50000381
v 23.50676727 -106.26741791 -8.50000381
v 23.56076813 -107.19458771 -14.50000381
v 23.56076813 -107.19458771 -8.50000381
v 23.82713509 -108.08431244 -14.50000381
v 23.82713509 -108.08431244 -8.50000381
v 24.29150772 -108.88863373 -14.50000381
v 24.29150772 -108.88863373 -8.50000381
v 24.92885017 -109.56417084 -14.50000381
v 24.92885017 -109.56417084 -8.50000381
v 25.70480347 -110.07452393 -14.50000381
v 25.70480347 -110.07452393 -8.50000381
v 26.83680153 -108.65003204 -8.50000381
v 26.83680153 -108.65003204 2.49999619
v 27.50000000 -108.74999237 -8.50000381
v 27.50000000 -108.74999237 2.49999619
v 28.16319847 -108.65003204 -8.50000381
v 28.16319847 -108.65003204 2.49999619
v 28.76746941 -108.35903168 -8.50000381
v 28.76746941 -108.35903168 2.49999619
v 29.25912094 -107.90284729 -8.50000381
v 29.25912094 -107.90284729 2.49999619
v 29.59446526 -107.32201385 -8.50000381
v 29.59446526 -107.32201385 2.49999619
v 29.74370766 -106.66813660 -8.50000381
v 29.74370766 -106.66813660 2.49999619
v 29.69358826 -105.99932098 -8.50000381
v 29.69358826 -105.99932098 2.49999619
v 29.44855690 -105.37499237 -8.50000381
v 29.44855690 -105.37499237 2.49999619
v 29.03038788 -104.85063171 -8.50000381
v 29.03038788 -104.85063171 2.49999619
v 28.47623825 -104.47281647 -8.50000381
v 28.47623825 -104.47281647 2.49999619
v 27.83534431 -104.27512360 -8.50000381
v 27.83534431 -104.27512360 2.49999619
v 27.16465569 -104.27512360 -8.50000381
v 27.16465569 -104.27512360 2.49999619
v 26.52376175 -104.47281647 -8.50000381
v 26.52376175 -104.47281647 2.49999619
v 25.96961212 -104.85063171 -8.50000381
v 25.96961212 -104.85063171 2.49999619
v 25.55144310 -105.37499237 -8.50000381
v 25.55144310 -105.37499237 2.49999619
v 25.30641174 -105.99932098 -8.50000381
v 25.30641174 -105.99932098 2.49999619
v 25.25629234 -106.66813660 -8.50000381
v 25.25629234 -106.66813660 2.49999619
v 25.40553474 -107.32201385 -8.50000381
v 25.40553474 -107.32201385 2.49999619
v 25.74087906 -107.90284729 -8.50000381
v 25.74087906 -107.90284729 2.49999619
v 26.23253059 -108.35903168 -8.50000381
v 26.23253059 -108.35903168 2.49999619
v 26.57753563 -55.39217377 -14.50000381
v 26.57753563 -55.39217377 -8.50000381
v 27.50000000 -55.49999619 -14.50000381
v 27.50000000 -55.49999619 -8.50000381
v 28.42246437 -55.39217377 -14.50000381
v 28.42246437 -55.39217377 -8.50000381
v 29.29519653 -55.07452774 -14.50000381
v 29.29519653 -55.07452774 -8.50000381
v 30.07114983 -54.56417465 -14.50000381
v 30.07114983 -54.56417465 -8.50000381
v 30.70849228 -53.88862991 -14.50000381
v 30.70849228 -53.88862991 -8.50000381
v 31.17286491 -53.08431625 -14.50000381
v 31.17286491 -53.08431625 -8.50000381
v 31.43923187 -52.19458771 -14.50000381
v 31.43923187 -52.19458771 -8.50000381
v 31.49323273 -51.26741791 -14.50000381
v 31.49323273 -51.26741791 -8.50000381
v 31.33195877 -50.35278320 -14.50000381
v 31.33195877 -50.35278320 -8.50000381
v 30.96410179 -49.49999619 -14.50000381
v 30.96410179 -49.49999619 -8.50000381
v 30.40949440 -48.75502777 -14.50000381
v 30.40949440 -48.75502777 -8.50000381
v 29.69803619 -48.15804672 -14.50000381
v 29.69803619 -48.15804672 -8.50000381
v 28.86808014 -47.74122620 -14.50000381
v 28.86808014 -47.74122620 -8.50000381
v 27.96437073 -47.52704239 -14.50000381
v 27.96437073 -47.52704239 -8.50000381
v 27.03562927 -47.52704239 -14.50000381
v 27.03562927 -47.52704239 -8.50000381
v 26.13191986 -47.74122620 -14.50000381
v 26.13191986 -47.74122620 -8.50000381
v 25.30196381 -48.15804672 -14.50000381
v 25.30196381 -48.15804672 -8.50000381
v 24.59050560 -48.75502777 -14.50000381
v 24.59050560 -48.75502777 -8.50000381
v 24.03589821 -49.49999619 -14.50000381
v 24.03589821 -49.49999619 -8.50000381
v 23.66804123 -50.35278320 -14.50000381
v 23.66804123 -50.35278320 -8.50000381
v 23.50676727 -51.26741791 -14.50000381
v 23.50676727 -51.26741791 -8.50000381
v 23.56076813 -52.19458771 -14.50000381
v 23.56076813 -52.19458771 -8.50000381
v 23.82713509 -53.08431625 -14.50000381
v 23.82713509 -53.08431625 -8.50000381
v 24.29150772 -53.88862991 -14.50000381
v 24.29150772 -53.88862991 -8.50000381
v 24.92885017 -54.56417465 -14.50000381
v 24.92885017 -54.56417465 -8.50000381
v 25.70480347 -55.07452774 -14.50000381
v 25.70480347 -55.07452774 -8.50000381
v 26.83680153 -53.65003586 -8.50000381
v 26.83680153 -53.65003586 2.49999619
v 27.50000000 -53.74999619 -8.50000381
v 27.50000000 -53.74999619 2.49999619
v 28.16319847 -53.65003586 -8.50000381
v 28.16319847 -53.65003586 2.49999619
v 28.76746941 -53.35903168 -8.50000381
v 28.76746941 -53.35903168 2.49999619
v 29.25912094 -52.90284729 -8.50000381
v 29.25912094 -52.90284729 2.49999619
v 29.59446526 -52.32201385 -8.50000381
v 29.59446526 -52.32201385 2.49999619
v 29.74370766 -51.66814041 -8.50000381
v 29.74370766 -51.66814041 2.49999619
v 29.69358826 -50.99932480 -8.50000381
v 29.69358826 -50.99932480 2.49999619
v 29.44855690 -50.37499619 -8.50000381
v 29.44855690 -50.37499619 2.49999619
v 29.03038788 -49.85062790 -8.50000381
v 29.03038788 -49.85062790 2.49999619
v 28.47623825 -49.47281647 -8.50000381
v 28.47623825 -49.47281647 2.49999619
v 27.83534431 -49.27512741 -8.50000381
v 27.83534431 -49.27512741 2.49999619
v 27.16465569 -49.27512741 -8.50000381
v 27.16465569 -49.27512741 2.49999619
v 26.52376175 -49.47281647 -8.50000381
v 26.52376175 -49.47281647 2.49999619
v 25.96961212 -49.85062790 -8.50000381
v 25.96961212 -49.85062790 2.49999619
v 25.55144310 -50.37499619 -8.50000381
v 25.55144310 -50.37499619 2.49999619
v 25.30641174 -50.99932480 -8.50000381
v 25.30641174 -50.99932480 2.49999619
v 25.25629234 -51.66814041 -8.50000381
v 25.25629234 -51.66814041 2.49999619
v 25.40553474 -52.32201385 -8.50000381
v 25.40553474 -52.32201385 2.49999619
v 25.74087906 -52.90284729 -8.50000381
v 25.74087906 -52.90284729 2.49999619
v 26.23253059 -53.35903168 -8.50000381
v 26.23253059 -53.35903168 2.49999619
v -53.35197830 -119.25805664 2.49999619
v -53.35197830 -119.25805664 -14.50000381
v -53.25000000 -119.99999237 2.49999619
v -53.25000000 -119.99999237 -14.50000381
v -53.35197830 -120.74193573 2.49999619
v -53.35197830 -120.74193573 -14.50000381
v -53.65034485 -121.42884827 2.49999619
v -53.65034485 -121.42884827 -14.50000381
v -54.12297821 -122.00979614 2.49999619
v -54.12297821 -122.00979614 -14.50000381
v -54.73482132 -122.44168091 2.49999619
v -54.73482132 -122.44168091 -14.50000381
v -55.44049454 -122.69247437 2.49999619
v -55.44049454 -122.69247437 -14.50000381
v -56.18766785 -122.74358368 2.49999619
v -56.18766785 -122.74358368 -14.50000381
v -56.92091751 -122.59121704 2.49999619
v -56.92091751 -122.59121704 -14.50000381
v -57.58587265 -122.24666595 2.49999619
v -57.58587265 -122.24666595 -14.50000381
v -58.13320541 -121.73548889 2.49999619
v -58.13320541 -121.73548889 -14.50000381
v -58.52233124 -121.09559631 2.49999619
v -58.52233124 -121.09559631 -14.50000381
v -58.72438812 -120.37445068 2.49999619
v -58.72438812 -120.37445068 -14.50000381
v -58.72438812 -119.62554169 2.49999619
v -58.72438812 -119.62554169 -14.50000381
v -58.52233124 -118.90439606 2.49999619
v -58.52233124 -118.90439606 -14.50000381
v -58.13320541 -118.26450348 2.49999619
v -58.13320541 -118.26450348 -14.50000381
v -57.58587265 -117.75332642 2.49999619
v -57.58587265 -117.75332642 -14.50000381
v -56.92091751 -117.40877533 2.49999619
v -56.92091751 -117.40877533 -14.50000381
v -56.18766785 -117.25640869 2.49999619
v -56.18766785 -117.25640869 -14.50000381
v -55.44049454 -117.30751801 2.49999619
v -55.44049454 -117.30751801 -14.50000381
v -54.73482132 -117.55831146 2.49999619
v -54.73482132 -117.55831146 -14.50000381
v -54.12297821 -117.99019623 2.49999619
v -54.12297821 -117.99019623 -14.50000381
v -53.65034485 -118.57114410 2.49999619
v -53.65034485 -118.57114410 -14.50000381
v -53.35197830 -37.25805664 2.49999619
v -53.35197830 -37.25805664 -14.50000381
v -53.25000000 -37.99999619 2.49999619
v -53.25000000 -37.99999619 -14.50000381
v -53.35197830 -38.74193573 2.49999619
v -53.35197830 -38.74193573 -14.50000381
v -53.65034485 -39.42885208 2.49999619
v -53.65034485 -39.42885208 -14.50000381
v -54.12297821 -40.00979614 2.49999619
v -54.12297821 -40.00979614 -14.50000381
v -54.73482132 -40.44168091 2.49999619
v -54.73482132 -40.44168091 -14.50000381
v -55.44049454 -40.69247818 2.49999619
v -55.44049454 -40.69247818 -14.50000381
v -56.18766785 -40.74358368 2.49999619
v -56.18766785 -40.74358368 -14.50000381
v -56.92091751 -40.59121323 2.49999619
v -56.92091751 -40.59121323 -14.50000381
v -57.58587265 -40.24666214 2.49999619
v -57.58587265 -40.24666214 -14.50000381
v -58.13320541 -39.73548889 2.49999619
v -58.13320541 -39.73548889 -14.50000381
v -58.52233124 -39.09560013 2.49999619
v -58.52233124 -39.09560013 -14.50000381
v -58.72438812 -38.37445450 2.49999619
v -58.72438812 -38.37445450 -14.50000381
v -58.72438812 -37.62553787 2.49999619
v -58.72438812 -37.62553787 -14.50000381
v -58.52233124 -36.90439224 2.49999619
v -58.52233124 -36.90439224 -14.50000381
v -58.13320541 -36.26450348 2.49999619
v -58.13320541 -36.26450348 -14.50000381
v -57.58587265 -35.75333023 2.49999619
v -57.58587265 -35.75333023 -14.50000381
v -56.92091751 -35.40877914 2.49999619
v -56.92091751 -35.40877914 -14.50000381
v -56.18766785 -35.25640869 2.49999619
v -56.18766785 -35.25640869 -14.50000381
v -55.44049454 -35.30751419 2.49999619
v -55.44049454 -35.30751419 -14.50000381
v -54.73482132 -35.55831146 2.49999619
v -54.73482132 -35.55831146 -14.50000381
v -54.12297821 -35.99019623 2.49999619
v -54.12297821 -35.99019623 -14.50000381
v -53.65034485 -36.57114029 2.49999619
v -53.65034485 -36.57114029 -14.50000381
v 28.64802170 -37.25805664 2.49999619
v 28.64802170 -37.25805664 -14.50000381
v 28.75000000 -37.99999619 2.49999619
v 28.75000000 -37.99999619 -14.50000381
v 28.64802170 -38.74193573 2.49999619
v 28.64802170 -38.74193573 -14.50000381
v 28.34965324 -39.42885208 2.49999619
v 28.34965324 -39.42885208 -14.50000381
v 27.87702179 -40.00979614 2.49999619
v 27.87702179 -40.00979614 -14.50000381
v 27.26517868 -40.44168091 2.49999619
v 27.26517868 -40.44168091 -14.50000381
v 26.55950356 -40.69247818 2.49999619
v 26.55950356 -40.69247818 -14.50000381
v 25.81233406 -40.74358368 2.49999619
v 25.81233406 -40.74358368 -14.50000381
v 25.07908058 -40.59121323 2.49999619
v 25.07908058 -40.59121323 -14.50000381
v 24.41412926 -40.24666214 2.49999619
v 24.41412926 -40.24666214 -14.50000381
v 23.86679459 -39.73548889 2.49999619
v 23.86679459 -39.73548889 -14.50000381
v 23.47766876 -39.09560013 2.49999619
v 23.47766876 -39.09560013 -14.50000381
v 23.27561378 -38.37445450 2.49999619
v 23.27561378 -38.37445450 -14.50000381
v 23.27561378 -37.62553787 2.49999619
v 23.27561378 -37.62553787 -14.50000381
v 23.47766876 -36.90439224 2.49999619
v 23.47766876 -36.90439224 -14.50000381
v 23.86679459 -36.26450348 2.49999619
v 23.86679459 -36.26450348 -14.50000381
v 24.41412926 -35.75333023 2.49999619
v 24.41412926 -35.75333023 -14.50000381
v 25.07908058 -35.40877914 2.49999619
v 25.07908058 -35.40877914 -14.50000381
v 25.81233406 -35.25640869 2.49999619
v 25.81233406 -35.25640869 -14.50000381
v 26.55950356 -35.30751419 2.49999619
v 26.55950356 -35.30751419 -14.50000381
v 27.26517868 -35.55831146 2.49999619
v 27.26517868 -35.55831146 -14.50000381
v 27.87702179 -35.99019623 2.49999619
v 27.87702179 -35.99019623 -14.50000381
v 28.34965324 -36.57114029 2.49999619
v 28.34965324 -36.57114029 -14.50000381
v 28.64802170 -119.25805664 2.49999619
v 28.64802170 -119.25805664 -14.50000381
v 28.75000000 -119.99999237 2.49999619
v 28.75000000 -119.99999237 -14.50000381
v 28.64802170 -120.74193573 2.49999619
v 28.64802170 -120.74193573 -14.50000381
v 28.34965324 -121.42884827 2.49999619
v 28.34965324 -121.42884827 -14.50000381
v 27.87702179 -122.00979614 2.49999619
v 27.87702179 -122.00979614 -14.50000381
v 27.26517868 -122.44168091 2.49999619
v 27.26517868 -122.44168091 -14.50000381
v 26.55950356 -122.69247437 2.49999619
v 26.55950356 -122.69247437 -14.50000381
v 25.81233406 -122.74358368 2.49999619
v 25.81233406 -122.74358368 -14.50000381
v 25.07908058 -122.59121704 2.49999619
v 25.07908058 -122.59121704 -14.50000381
v 24.41412926 -122.24666595 2.49999619
v 24.41412926 -122.24666595 -14.50000381
v 23.86679459 -121.73548889 2.49999619
v 23.86679459 -121.73548889 -14.50000381
v 23.47766876 -121.09559631 2.49999619
v 23.47766876 -121.09559631 -14.50000381
v 23.27561378 -120.37445068 2.49999619
v 23.27561378 -120.37445068 -14.50000381
v 23.27561378 -119.62554169 2.49999619
v 23.27561378 -119.62554169 -14.50000381
v 23.47766876 -118.90439606 2.49999619
v 23.47766876 -118.90439606 -14.50000381
v 23.86679459 -118.26450348 2.49999619
v 23.86679459 -118.26450348 -14.50000381
v 24.41412926 -117.75332642 2.49999619
v 24.41412926 -117.75332642 -14.50000381
v 25.07908058 -117.40877533 2.49999619
v 25.07908058 -117.40877533 -14.50000381
v 25.81233406 -117.25640869 2.49999619
v 25.81233406 -117.25640869 -14.50000381
v 26.55950356 -117.30751801 2.49999619
v 26.55950356 -117.30751801 -14.50000381
v 27.26517868 -117.55831146 2.49999619
v 27.26517868 -117.55831146 -14.50000381
v 27.87702179 -117.99019623 2.49999619
v 27.87702179 -117.99019623 -14.50000381
v 28.34965324 -118.57114410 2.49999619
v 28.34965324 -118.57114410 -14.50000381
v 27.32969284 -29.60464478 -14.50000381
v 26.00000000 -29.49999619 -14.50000381
v 28.62664413 -29.91601562 -14.50000381
v 29.85891914 -30.42644119 -14.50000381
v 30.99617386 -31.12335205 -14.50000381
v 32.01040649 -31.98958778 -14.50000381
v 32.87664413 -33.00382233 -14.50000381
v 33.57355499 -34.14107513 -14.50000381
v 34.08398056 -35.37335205 -14.50000381
v 34.39535141 -36.67030334 -14.50000381
v 34.50000000 -37.99999619 -14.50000381
v 2.89777756 -40.27645493 -14.50000381
v 3.00000000 -39.49999619 -14.50000381
v 2.89777756 -38.72353745 -14.50000381
v 2.59807611 -37.99999619 -14.50000381
v 2.12132025 -37.37867737 -14.50000381
v 1.50000000 -36.90192032 -14.50000381
v 0.77645713 -36.60221863 -14.50000381
v 34.50000000 -119.99999237 -14.50000381
v 34.39535141 -121.32968903 -14.50000381
v 34.08398056 -122.62664032 -14.50000381
v 33.57355499 -123.85891724 -14.50000381
v 32.87664413 -124.99617004 -14.50000381
v 32.01040649 -126.01040649 -14.50000381
v 30.99617386 -126.87664032 -14.50000381
v 29.85891914 -127.57355499 -14.50000381
v 28.62664413 -128.08396912 -14.50000381
v 27.32969284 -128.39533997 -14.50000381
v 26.00000000 -128.50000000 -14.50000381
v -56.00000000 -128.50000000 -14.50000381
v -57.32969284 -128.39533997 -14.50000381
v -58.62664413 -128.08396912 -14.50000381
v -59.85892105 -127.57355499 -14.50000381
v -60.99617386 -126.87664032 -14.50000381
v -62.01040649 -126.01040649 -14.50000381
v -62.87664413 -124.99617004 -14.50000381
v -63.57355499 -123.85891724 -14.50000381
v -64.08397675 -122.62664032 -14.50000381
v -64.39534760 -121.32968903 -14.50000381
v -64.50000000 -119.99999237 -14.50000381
v -64.50000000 -37.99999619 -14.50000381
v -64.39534760 -36.67030334 -14.50000381
v -64.08397675 -35.37335205 -14.50000381
v -63.57355499 -34.14107513 -14.50000381
v -62.87664413 -33.00382233 -14.50000381
v -62.01040649 -31.98958778 -14.50000381
v -60.99617386 -31.12335205 -14.50000381
v -59.85892105 -30.42644119 -14.50000381
v -58.62664413 -29.91601562 -14.50000381
v -57.32969284 -29.60464478 -14.50000381
v -56.00000000 -29.49999619 -14.50000381
v -32.12131882 -37.37867737 -14.50000381
v -32.59807587 -37.99999619 -14.50000381
v -29.22354317 -36.60221863 -14.50000381
v -30.00000000 -36.49999619 -14.50000381
v -30.77645683 -36.60221863 -14.50000381
v -30.00000000 -42.49999619 -14.50000381
v -30.77645683 -42.39777374 -14.50000381
v -31.50000000 -42.09807205 -14.50000381
v -32.12131882 -41.62131500 -14.50000381
v -32.59807587 -40.99999619 -14.50000381
v -32.89777756 -40.27645493 -14.50000381
v -0.77645713 -42.39777374 -14.50000381
v -29.22354317 -42.39777374 -14.50000381
v -1.50000000 -42.09807205 -14.50000381
v -28.50000000 -42.09807205 -14.50000381
v -2.12132025 -41.62131500 -14.50000381
v -27.87867928 -41.62131500 -14.50000381
v -2.59807611 -40.99999619 -14.50000381
v -27.40192413 -40.99999619 -14.50000381
v -2.89777756 -40.27645493 -14.50000381
v -27.10222244 -40.27645493 -14.50000381
v -3.00000000 -39.49999619 -14.50000381
v -27.00000000 -39.49999619 -14.50000381
v -2.89777756 -38.72353745 -14.50000381
v -27.10222244 -38.72353745 -14.50000381
v -2.59807611 -37.99999619 -14.50000381
v -27.40192413 -37.99999619 -14.50000381
v -2.12132025 -37.37867737 -14.50000381
v -27.87867928 -37.37867737 -14.50000381
v -1.50000000 -36.90192032 -14.50000381
v -28.50000000 -36.90192032 -14.50000381
v -0.77645713 -36.60221863 -14.50000381
v -0.00000000 -42.49999619 -14.50000381
v 0.77645713 -42.39777374 -14.50000381
v 2.59807611 -40.99999619 -14.50000381
v 2.12132025 -41.62131500 -14.50000381
v 1.50000000 -42.09807205 -14.50000381
v -32.89777756 -38.72353745 -14.50000381
v -33.00000000 -39.49999619 -14.50000381
v -0.00000000 -36.49999619 -14.50000381
v -31.50000000 -36.90192032 -14.50000381
v -47.00000000 -42.49999619 2.49999619
v -30.00000000 -42.49999619 2.49999619
v -0.00000000 -42.49999619 2.49999619
v 17.00000000 -42.49999619 2.49999619
v -48.07299805 -42.60567856 2.49999619
v -49.10475922 -42.91865921 2.49999619
v -50.05563736 -43.42691422 2.49999619
v -50.88908768 -44.11090851 2.49999619
v -51.57308197 -44.94435883 2.49999619
v -52.08133698 -45.89523697 2.49999619
v -52.39431763 -46.92699814 2.49999619
v -52.50000000 -47.99999619 2.49999619
v -52.50000000 -110.99999237 2.49999619
v -52.39431763 -112.07299042 2.49999619
v -52.08133698 -113.10475159 2.49999619
v -51.57308197 -114.05563354 2.49999619
v -50.88908768 -114.88908386 2.49999619
v -50.05563736 -115.57308197 2.49999619
v -49.10475922 -116.08133698 2.49999619
v -48.07299805 -116.39431763 2.49999619
v -47.00000000 -116.49999237 2.49999619
v 17.00000000 -116.49999237 2.49999619
v 18.07299614 -116.39431763 2.49999619
v 19.10475922 -116.08133698 2.49999619
v 20.05563545 -115.57308197 2.49999619
v 20.88908768 -114.88908386 2.49999619
v 21.57308197 -114.05563354 2.49999619
v 22.08133698 -113.10475159 2.49999619
v 22.39431953 -112.07299042 2.49999619
v 22.50000000 -110.99999237 2.49999619
v 22.50000000 -47.99999619 2.49999619
v 22.39431953 -46.92699814 2.49999619
v 22.08133698 -45.89523697 2.49999619
v 21.57308197 -44.94435883 2.49999619
v 20.88908768 -44.11090851 2.49999619
v 20.05563545 -43.42691422 2.49999619
v 19.10475922 -42.91865921 2.49999619
v 18.07299614 -42.60567856 2.49999619
v 25.26749611 -117.50531769 2.49999619
v 26.00000000 -117.39999390 2.49999619
v 26.73250389 -117.50531769 2.49999619
v 27.40566635 -117.81273651 2.49999619
v 27.96494865 -118.29735565 2.49999619
v 28.36504364 -118.91991425 2.49999619
v 28.57353592 -119.62997437 2.49999619
v 28.57353592 -120.37001801 2.49999619
v 28.36504364 -121.08007812 2.49999619
v 27.96494865 -121.70263672 2.49999619
v 27.40566635 -122.18725586 2.49999619
v 26.73250389 -122.49467468 2.49999619
v 26.00000000 -122.59999847 2.49999619
v 25.26749611 -122.49467468 2.49999619
v 24.59433365 -122.18725586 2.49999619
v 24.03505135 -121.70263672 2.49999619
v 23.63495636 -121.08007812 2.49999619
v 23.42646408 -120.37001801 2.49999619
v 24.59433365 -117.81273651 2.49999619
v 24.03505135 -118.29735565 2.49999619
v 23.63495636 -118.91991425 2.49999619
v 23.42646408 -119.62997437 2.49999619
v 28.57353592 -38.37001419 2.49999619
v 28.57353592 -37.62997818 2.49999619
v 28.36504364 -36.91991806 2.49999619
v 27.96494865 -36.29735947 2.49999619
v 27.40566635 -35.81273651 2.49999619
v 26.73250389 -35.50531387 2.49999619
v 26.00000000 -35.39999771 2.49999619
v 25.26749611 -35.50531387 2.49999619
v 24.59433365 -35.81273651 2.49999619
v 24.03505135 -36.29735947 2.49999619
v 23.63495636 -36.91991806 2.49999619
v 23.42646408 -37.62997818 2.49999619
v 23.42646408 -38.37001419 2.49999619
v 23.63495636 -39.08007431 2.49999619
v 24.03505135 -39.70263290 2.49999619
v 24.59433365 -40.18725586 2.49999619
v 25.26749611 -40.49467850 2.49999619
v 26.00000000 -40.59999466 2.49999619
v 26.73250389 -40.49467850 2.49999619
v 27.40566635 -40.18725586 2.49999619
v 27.96494865 -39.70263290 2.49999619
v 28.36504364 -39.08007431 2.49999619
v -56.73250580 -35.50531387 2.49999619
v -56.00000000 -35.39999771 2.49999619
v -55.26749420 -35.50531387 2.49999619
v -54.59433365 -35.81273651 2.49999619
v -54.03504944 -36.29735947 2.49999619
v -53.63495636 -36.91991806 2.49999619
v -53.42646408 -37.62997818 2.49999619
v -53.42646408 -38.37001419 2.49999619
v -53.63495636 -39.08007431 2.49999619
v -54.03504944 -39.70263290 2.49999619
v -54.59433365 -40.18725586 2.49999619
v -55.26749420 -40.49467850 2.49999619
v -56.00000000 -40.59999466 2.49999619
v -56.73250580 -40.49467850 2.49999619
v -57.40566635 -40.18725586 2.49999619
v -57.96495056 -39.70263290 2.49999619
v -58.36504364 -39.08007431 2.49999619
v -58.57353592 -38.37001419 2.49999619
v -57.40566635 -35.81273651 2.49999619
v -57.96495056 -36.29735947 2.49999619
v -58.36504364 -36.91991806 2.49999619
v -58.57353592 -37.62997818 2.49999619
v -53.42646408 -120.37001801 2.49999619
v -53.42646408 -119.62997437 2.49999619
v -53.63495636 -118.91991425 2.49999619
v -54.03504944 -118.29735565 2.49999619
v -54.59433365 -117.81273651 2.49999619
v -55.26749420 -117.50531769 2.49999619
v -56.00000000 -117.39999390 2.49999619
v -56.73250580 -117.50531769 2.49999619
v -57.40566635 -117.81273651 2.49999619
v -57.96495056 -118.29735565 2.49999619
v -58.36504364 -118.91991425 2.49999619
v -58.57353592 -119.62997437 2.49999619
v -58.57353592 -120.37001801 2.49999619
v -58.36504364 -121.08007812 2.49999619
v -57.96495056 -121.70263672 2.49999619
v -57.40566635 -122.18725586 2.49999619
v -56.73250580 -122.49467468 2.49999619
v -56.00000000 -122.59999847 2.49999619
v -55.26749420 -122.49467468 2.49999619
v -54.59433365 -122.18725586 2.49999619
v -54.03504944 -121.70263672 2.49999619
v -53.63495636 -121.08007812 2.49999619
v 28.06433296 -53.05048752 2.49999619
v 27.50000000 -53.14999771 2.49999619
v 28.56060028 -52.76396942 2.49999619
v 28.92894173 -52.32499695 2.49999619
v 29.12493324 -51.78651428 2.49999619
v 29.12493324 -51.21347809 2.49999619
v 28.92894173 -50.67499542 2.49999619
v 28.56060028 -50.23602295 2.49999619
v 28.06433296 -49.94950485 2.49999619
v 27.50000000 -49.84999466 2.49999619
v 26.93566704 -49.94950485 2.49999619
v 26.43939972 -50.23602295 2.49999619
v 26.07105827 -50.67499542 2.49999619
v 25.87506676 -51.21347809 2.49999619
v 25.87506676 -51.78651428 2.49999619
v 26.07105827 -52.32499695 2.49999619
v 26.43939972 -52.76396942 2.49999619
v 26.93566704 -53.05048752 2.49999619
v 27.50000000 -108.14999390 2.49999619
v 26.93566704 -108.05049133 2.49999619
v 26.43939972 -107.76396942 2.49999619
v 26.07105827 -107.32499695 2.49999619
v 25.87506676 -106.78651428 2.49999619
v 25.87506676 -106.21347809 2.49999619
v 26.07105827 -105.67499542 2.49999619
v 26.43939972 -105.23602295 2.49999619
v 26.93566704 -104.94950104 2.49999619
v 27.50000000 -104.84999847 2.49999619
v 28.06433296 -104.94950104 2.49999619
v 28.56060028 -105.23602295 2.49999619
v 28.92894173 -105.67499542 2.49999619
v 29.12493324 -106.21347809 2.49999619
v 29.12493324 -106.78651428 2.49999619
v 28.92894173 -107.32499695 2.49999619
v 28.56060028 -107.76396942 2.49999619
v 28.06433296 -108.05049133 2.49999619
v -56.93566513 -108.05049133 2.49999619
v -57.50000000 -108.14999390 2.49999619
v -56.43939972 -107.76396942 2.49999619
v -56.07105637 -107.32499695 2.49999619
v -55.87506866 -106.78651428 2.49999619
v -55.87506866 -106.21347809 2.49999619
v -56.07105637 -105.67499542 2.49999619
v -56.43939972 -105.23602295 2.49999619
v -56.93566513 -104.94950104 2.49999619
v -57.50000000 -104.84999847 2.49999619
v -58.06433487 -104.94950104 2.49999619
v -58.56060028 -105.23602295 2.49999619
v -58.92894363 -105.67499542 2.49999619
v -59.12493134 -106.21347809 2.49999619
v -59.12493134 -106.78651428 2.49999619
v -58.92894363 -107.32499695 2.49999619
v -58.56060028 -107.76396942 2.49999619
v -58.06433487 -108.05049133 2.49999619
v -28.30238152 -62.37440109 82.50000000
v -28.84571075 -62.46953964 82.00000000
v -28.62956619 -63.28774261 82.50000000
v -29.21356773 -63.32232666 82.00000000
v -29.10346413 -63.86445236 82.38849640
v -29.76817513 -64.06729126 82.00000000
v -29.60175514 -64.39823914 82.34999847
v -30.47963333 -64.66427612 82.00000000
v -30.13554573 -64.89653015 82.38849640
v -30.71225357 -65.37042999 82.50000000
v -31.30958939 -65.08110046 82.00000000
v -31.62559509 -65.69761658 82.50000000
v -32.21329880 -65.29528046 82.00000000
v -32.58783722 -65.82142639 82.50000000
v -33.14204025 -65.29528046 82.00000000
v -33.55425644 -65.73612213 82.50000000
v -34.04574966 -65.08110046 82.00000000
v -34.47993088 -65.44565582 82.50000000
v -34.87570572 -64.66427612 82.00000000
v -35.32183075 -64.96353912 82.50000000
v -35.58716583 -64.06729126 82.00000000
v -36.04083252 -64.31216431 82.50000000
v -36.14176941 -63.32232666 82.00000000
v -36.60350800 -63.52182770 82.50000000
v -36.50962830 -62.46953964 82.00000000
v -36.98370743 -62.62925339 82.50000000
v -37.16375351 -61.67593002 82.50000000
v -36.67090225 -61.55490494 82.00000000
v -37.13528824 -60.70616913 82.50000000
v -36.61690140 -60.62773514 82.00000000
v -36.89962387 -59.76505280 82.50000000
v -36.35053253 -59.73800659 82.00000000
v -36.46772003 -58.89631653 82.50000000
v -35.88616180 -58.93369293 82.00000000
v -35.85964966 -58.14034653 82.50000000
v -35.24882126 -58.25814819 82.00000000
v -35.10367966 -57.53227615 82.50000000
v -34.47286606 -57.74779510 82.00000000
v -34.23494339 -57.10037231 82.50000000
v -33.60013199 -57.43014908 82.00000000
v -33.29382706 -56.86470795 82.50000000
v -32.67766953 -57.32232666 82.00000000
v -32.32406616 -56.83624268 82.50000000
v -31.75520515 -57.43014908 82.00000000
v -31.37074471 -57.01628876 82.50000000
v -30.88247299 -57.74779510 82.00000000
v -30.47817039 -57.39648819 82.50000000
v -30.10651970 -58.25814819 82.00000000
v -29.68782997 -57.95916367 82.50000000
v -29.46917725 -58.93369293 82.00000000
v -29.03646088 -58.67816544 82.50000000
v -29.00480461 -59.73800659 82.00000000
v -28.55433846 -59.52006531 82.50000000
v -28.26387405 -60.44573975 82.50000000
v -28.73843765 -60.62773514 82.00000000
v -28.17856598 -61.41215897 82.50000000
v -28.68443680 -61.55490494 82.00000000
v -3.04245114 -61.98068237 82.50000000
v -2.81564999 -62.76325989 82.00000000
v -1.37043405 -63.28774261 82.50000000
v -1.21075118 -64.10211945 82.00000000
v -0.91711879 -63.84318924 82.38923645
v -0.39824498 -64.39823914 82.34999847
v 0.24797820 -65.59890747 82.00000000
v 0.15680787 -64.91711426 82.38923645
v 0.71225423 -65.37042999 82.50000000
v 1.54507530 -67.23774719 82.00000000
v 2.02554512 -67.05132294 82.50000000
v 2.66679049 -69.00127411 82.00000000
v 3.15977645 -68.85787964 82.50000000
v 3.60123324 -70.87078094 82.00000000
v 4.10301876 -70.77110291 82.50000000
v 4.33849812 -72.82646179 82.00000000
v 4.84535217 -72.77087402 82.50000000
v 4.87077045 -74.84758759 82.00000000
v 5.37896967 -74.83615112 82.50000000
v 5.19240761 -76.91272736 82.00000000
v 5.69825888 -76.94522095 82.50000000
v 5.30000019 -79.00000000 82.00000000
v 5.79986143 -79.07590485 82.50000000
v 5.19240761 -81.08726501 82.00000000
v 5.68270922 -81.20578766 82.50000000
v 4.87077045 -83.15240479 81.99999237
v 5.34803486 -83.31247711 82.50000000
v 4.33849812 -85.17353058 81.99999237
v 4.79935694 -85.37380981 82.50000000
v 3.60123324 -87.12921143 81.99999237
v 4.04244661 -87.36810303 82.50000000
v 2.66679049 -88.99871826 81.99999237
v 3.08526492 -89.27439117 82.50000000
v 1.54507530 -90.76224518 81.99999237
v 1.93787777 -91.07262421 82.50000000
v 0.24797820 -92.40108490 81.99999237
v 0.61235285 -92.74388123 82.50000000
v 0.15362144 -93.13498688 82.42247772
v -0.30436644 -93.57198334 82.39551544
v -1.21075118 -93.89787292 81.99999237
v -0.73747671 -94.03364563 82.42247772
v -1.12469065 -94.49566650 82.50000000
v -2.81564999 -95.23673248 81.99999237
v -2.69686723 -95.77118683 82.50000000
v -4.54970598 -96.40348053 81.99999237
v -4.38560009 -96.88782501 82.50000000
v -6.39453793 -97.38574982 81.99999237
v -6.17489052 -97.83499908 82.50000000
v -8.04778767 -98.60373688 82.50000000
v -8.33058929 -98.17312622 81.99999237
v -9.98654747 -99.18675995 82.50000000
v -10.33733845 -98.75726318 81.99999237
v -11.97280312 -99.57852936 82.50000000
v -12.39351368 -99.13196564 81.99999237
v -13.98773766 -99.77535248 82.50000000
v -14.47731781 -99.29326630 81.99999237
v -16.01226234 -99.77535248 82.50000000
v -16.56666183 -99.23944855 81.99999237
v -18.02719688 -99.57852936 82.50000000
v -18.63939857 -98.97109222 81.99999237
v -20.01345253 -99.18675995 82.50000000
v -20.67355919 -98.49103546 81.99999237
v -21.95221329 -98.60373688 82.50000000
v -22.64757538 -97.80437469 81.99999237
v -23.82510948 -97.83499908 82.50000000
v -24.54052734 -96.91837311 81.99999237
v -25.61439896 -96.88782501 82.50000000
v -26.33234787 -95.84243774 81.99999237
v -27.30313301 -95.77118683 82.50000000
v -28.00404167 -94.58796692 81.99999237
v -28.87530899 -94.49566650 82.50000000
v -29.26252365 -94.03364563 82.42247772
v -29.53788948 -93.16826630 81.99999237
v -29.69563293 -93.57198334 82.39551544
v -30.15362167 -93.13498688 82.42247772
v -30.91763115 -91.59836578 81.99999237
v -30.61235237 -92.74388123 82.50000000
v -31.93787766 -91.07262421 82.50000000
v -32.12864304 -89.89492798 81.99999237
v -33.08526611 -89.27439117 82.50000000
v -33.15808868 -88.07599640 81.99999237
v -34.04244614 -87.36810303 82.50000000
v -33.99505234 -86.16086578 81.99999237
v -34.79935837 -85.37380981 82.50000000
v -34.63066101 -84.16982269 81.99999237
v -35.34803391 -83.31247711 82.50000000
v -35.05818558 -82.12397766 82.00000000
v -35.68270874 -81.20578766 82.50000000
v -35.27308273 -80.04501343 82.00000000
v -35.79986191 -79.07590485 82.50000000
v -35.27308273 -77.95497894 82.00000000
v -35.69825745 -76.94522095 82.50000000
v -35.05818558 -75.87601471 82.00000000
v -35.37897110 -74.83615112 82.50000000
v -34.63066101 -73.83016968 82.00000000
v -34.84535217 -72.77087402 82.50000000
v -33.99505234 -71.83912659 82.00000000
v -34.10301971 -70.77110291 82.50000000
v -33.15808868 -69.92399597 82.00000000
v -33.15977478 -68.85787964 82.50000000
v -32.12864304 -68.10506439 82.00000000
v -32.02554703 -67.05132294 82.50000000
v -30.91763115 -66.40162659 82.00000000
v -29.53788948 -64.83172607 82.00000000
v -28.00404167 -63.41202164 82.00000000
v -26.95754814 -61.98068237 82.50000000
v -26.33234787 -62.15755463 82.00000000
v -25.16104698 -60.85080338 82.50000000
v -24.54052734 -61.08161545 82.00000000
v -23.25876236 -59.90987015 82.50000000
v -22.64757538 -60.19562149 82.00000000
v -21.27049828 -59.16767883 82.50000000
v -20.67355919 -59.50895309 82.00000000
v -19.21695518 -58.63195038 82.50000000
v -18.63939857 -59.02889633 82.00000000
v -17.11951065 -58.30826569 82.50000000
v -16.56666183 -58.76054001 82.00000000
v -15.00000000 -58.19999695 82.50000000
v -14.47731781 -58.70672607 82.00000000
v -12.88049030 -58.30826569 82.50000000
v -12.39351368 -58.86802673 82.00000000
v -10.78304577 -58.63195038 82.50000000
v -10.33733845 -59.24272919 82.00000000
v -8.72950268 -59.16767883 82.50000000
v -8.33058929 -59.82686615 82.00000000
v -6.74123859 -59.90987015 82.50000000
v -6.39453793 -60.61423874 82.00000000
v -4.83895350 -60.85080338 82.50000000
v -4.54970598 -61.59650803 82.00000000
v -31.02164078 -93.09239197 82.00000000
v -31.52291298 -92.35696411 82.50000000
v -31.89437294 -92.77474213 82.00000000
v -32.49601746 -92.17837524 82.50000000
v -32.81683731 -92.66692352 82.00000000
v -33.48462677 -92.21675110 82.50000000
v -33.73929977 -92.77474213 82.00000000
v -34.44095993 -92.47023010 82.50000000
v -34.61203384 -93.09239197 82.00000000
v -35.31878662 -92.92657471 82.50000000
v -35.38798523 -93.60274506 82.00000000
v -36.07567978 -93.56370544 82.50000000
v -36.02532959 -94.27828979 82.00000000
v -36.67504501 -94.35084534 82.50000000
v -36.48970032 -95.08260345 82.00000000
v -37.08791733 -95.24993134 82.50000000
v -36.75606918 -95.97232819 82.00000000
v -37.29433823 -96.21751404 82.50000000
v -36.81007004 -96.89950562 82.00000000
v -37.28433228 -97.20682526 82.50000000
v -36.64879608 -97.81414032 82.00000000
v -37.05837631 -98.17002869 82.50000000
v -36.28093719 -98.66692352 82.00000000
v -36.62739944 -99.06058502 82.50000000
v -35.72632980 -99.41188812 82.00000000
v -36.01222992 -99.83543396 82.50000000
v -35.01487350 -100.00887299 82.00000000
v -35.24260712 -100.45713043 82.50000000
v -34.18491745 -100.42569733 82.00000000
v -34.35572815 -100.89561462 82.50000000
v -33.39446259 -101.12969971 82.50000000
v -33.28120804 -100.63987732 82.00000000
v -32.40527725 -101.14806366 82.50000000
v -32.35246658 -100.63987732 82.00000000
v -31.43598366 -100.94982910 82.50000000
v -31.44875526 -100.42569733 82.00000000
v -30.53343964 -100.54456329 82.50000000
v -30.61880112 -100.00887299 82.00000000
v -29.74126625 -99.95186615 82.50000000
v -29.90734291 -99.41188812 82.00000000
v -29.09775734 -99.20038605 82.50000000
v -29.35273552 -98.66692352 82.00000000
v -28.63401794 -98.32644653 82.50000000
v -28.98487854 -97.81414032 82.00000000
v -28.37246323 -97.37229156 82.50000000
v -28.82360458 -96.89950562 82.00000000
v -28.32573700 -96.38404083 82.50000000
v -28.87760544 -95.97232819 82.00000000
v -28.49609756 -95.40946198 82.50000000
v -29.14397240 -95.08260345 82.00000000
v -29.60834312 -94.27828979 82.00000000
v -30.24568558 -93.60274506 82.00000000
v -1.50390279 -95.40946198 82.50000000
v -0.85602778 -95.08260345 82.00000000
v -0.39165613 -94.27828979 82.00000000
v 0.24568620 -93.60274506 82.00000000
v 1.02163994 -93.09239197 82.00000000
v 1.52291250 -92.35696411 82.50000000
v 1.89437318 -92.77474213 82.00000000
v 2.49601674 -92.17837524 82.50000000
v 2.81683660 -92.66692352 82.00000000
v 3.48462844 -92.21675110 82.50000000
v 3.73930001 -92.77474213 82.00000000
v 4.44096088 -92.47023010 82.50000000
v 4.61203337 -93.09239197 82.00000000
v 5.31878805 -92.92657471 82.50000000
v 5.38798714 -93.60274506 82.00000000
v 6.07567835 -93.56370544 82.50000000
v 6.02532959 -94.27828979 82.00000000
v 6.67504549 -94.35084534 82.50000000
v 6.48970127 -95.08260345 82.00000000
v 7.08791828 -95.24993134 82.50000000
v 6.75606775 -95.97232819 82.00000000
v 7.29433966 -96.21751404 82.50000000
v 6.81006908 -96.89950562 82.00000000
v 7.28433132 -97.20682526 82.50000000
v 6.64879465 -97.81414032 82.00000000
v 7.05837774 -98.17002869 82.50000000
v 6.28093815 -98.66692352 82.00000000
v 6.62740040 -99.06058502 82.50000000
v 5.72633123 -99.41188812 82.00000000
v 6.01223135 -99.83543396 82.50000000
v 5.01487255 -100.00887299 82.00000000
v 5.24260664 -100.45713043 82.50000000
v 4.18491745 -100.42569733 82.00000000
v 4.35572720 -100.89561462 82.50000000
v 3.39446235 -101.12969971 82.50000000
v 3.28120828 -100.63987732 82.00000000
v 2.40527654 -101.14806366 82.50000000
v 2.35246491 -100.63987732 82.00000000
v 1.43598449 -100.94982910 82.50000000
v 1.44875610 -100.42569733 82.00000000
v 0.53343880 -100.54456329 82.50000000
v 0.61880076 -100.00887299 82.00000000
v -0.25873417 -99.95186615 82.50000000
v -0.09265792 -99.41188812 82.00000000
v -0.90224302 -99.20038605 82.50000000
v -0.64726496 -98.66692352 82.00000000
v -1.36598253 -98.32644653 82.50000000
v -1.01512146 -97.81414032 82.00000000
v -1.62753677 -97.37229156 82.50000000
v -1.17639601 -96.89950562 82.00000000
v -1.67426312 -96.38404083 82.50000000
v -1.12239432 -95.97232819 82.00000000
v 1.62559533 -65.69761658 82.50000000
v 1.30958891 -65.08110046 82.00000000
v 0.47963363 -64.66427612 82.00000000
v -0.23182504 -64.06729126 82.00000000
v -0.78643209 -63.32232666 82.00000000
v -1.15428853 -62.46953964 82.00000000
v -1.69761789 -62.37440109 82.50000000
v -1.31556308 -61.55490494 82.00000000
v -1.82143378 -61.41215897 82.50000000
v -1.26156151 -60.62773514 82.00000000
v -1.73612654 -60.44573975 82.50000000
v -0.99519491 -59.73800659 82.00000000
v -1.44566143 -59.52006531 82.50000000
v -0.96353960 -58.67816544 82.50000000
v -0.53082323 -58.93369293 82.00000000
v -0.31217048 -57.95916367 82.50000000
v 0.10651909 -58.25814819 82.00000000
v 0.47816956 -57.39648819 82.50000000
v 0.88247281 -57.74779510 82.00000000
v 1.37074471 -57.01628876 82.50000000
v 1.75520599 -57.43014908 82.00000000
v 2.32406712 -56.83624268 82.50000000
v 2.67766953 -57.32232666 82.00000000
v 3.29382515 -56.86470795 82.50000000
v 3.60013294 -57.43014908 82.00000000
v 4.23494387 -57.10037231 82.50000000
v 4.47286606 -57.74779510 82.00000000
v 5.10367870 -57.53227615 82.50000000
v 5.24881983 -58.25814819 82.00000000
v 5.85965014 -58.14034653 82.50000000
v 5.88616228 -58.93369293 82.00000000
v 6.46771955 -58.89631653 82.50000000
v 6.35053396 -59.73800659 82.00000000
v 6.89962387 -59.76505280 82.50000000
v 6.61690044 -60.62773514 82.00000000
v 7.13528681 -60.70616913 82.50000000
v 6.67090225 -61.55490494 82.00000000
v 7.16375542 -61.67593002 82.50000000
v 6.50962734 -62.46953964 82.00000000
v 6.98370552 -62.62925339 82.50000000
v 6.60350704 -63.52182770 82.50000000
v 6.14177132 -63.32232666 82.00000000
v 6.04083109 -64.31216431 82.50000000
v 5.58716393 -64.06729126 82.00000000
v 5.32183218 -64.96353912 82.50000000
v 4.87570524 -64.66427612 82.00000000
v 4.47992945 -65.44565582 82.50000000
v 4.04575014 -65.08110046 82.00000000
v 3.55425620 -65.73612213 82.50000000
v 3.14204121 -65.29528046 82.00000000
v 2.58783817 -65.82142639 82.50000000
v 2.21329784 -65.29528046 82.00000000
v -33.60013199 -57.43014908 66.00000000
v -32.67766953 -57.32232666 66.00000000
v -31.75520515 -57.43014908 66.00000000
v -30.88247299 -57.74779510 66.00000000
v -30.10651970 -58.25814819 66.00000000
v -29.46917725 -58.93369293 66.00000000
v -29.00480461 -59.73800659 66.00000000
v -28.73843765 -60.62773514 66.00000000
v -28.68443680 -61.55490494 66.00000000
v -28.84571075 -62.46953964 66.00000000
v -29.21356773 -63.32232666 66.00000000
v -29.76817513 -64.06729126 66.00000000
v -30.47963333 -64.66427612 66.00000000
v -31.30958939 -65.08110046 66.00000000
v -32.21329880 -65.29528046 66.00000000
v -33.14204025 -65.29528046 66.00000000
v -34.04574966 -65.08110046 66.00000000
v -34.87570572 -64.66427612 66.00000000
v -35.58716583 -64.06729126 66.00000000
v -36.14176941 -63.32232666 66.00000000
v -36.50962830 -62.46953964 66.00000000
v -36.67090225 -61.55490494 66.00000000
v -36.61690140 -60.62773514 66.00000000
v -36.35053253 -59.73800659 66.00000000
v -35.88616180 -58.93369293 66.00000000
v -35.24882126 -58.25814819 66.00000000
v -34.47286606 -57.74779510 66.00000000
v -33.34086990 -59.17228699 66.00000000
v -33.34086990 -59.17228699 55.99999619
v -32.67766953 -59.07232666 66.00000000
v -32.67766953 -59.07232666 55.99999619
v -32.01446915 -59.17228699 66.00000000
v -32.01446915 -59.17228699 55.99999619
v -31.41020012 -59.46329117 66.00000000
v -31.41020012 -59.46329117 55.99999619
v -30.91854858 -59.91947556 66.00000000
v -30.91854858 -59.91947556 55.99999619
v -30.58320427 -60.50030899 66.00000000
v -30.58320427 -60.50030899 55.99999619
v -30.43396187 -61.15418243 66.00000000
v -30.43396187 -61.15418243 55.99999619
v -30.48408127 -61.82299805 66.00000000
v -30.48408127 -61.82299805 55.99999619
v -30.72911263 -62.44732666 66.00000000
v -30.72911263 -62.44732666 55.99999619
v -31.14728165 -62.97169495 66.00000000
v -31.14728165 -62.97169495 55.99999619
v -31.70143127 -63.34950638 66.00000000
v -31.70143127 -63.34950638 55.99999619
v -32.34232330 -63.54719543 66.00000000
v -32.34232330 -63.54719543 55.99999619
v -33.01301575 -63.54719543 66.00000000
v -33.01301575 -63.54719543 55.99999619
v -33.65390778 -63.34950638 66.00000000
v -33.65390778 -63.34950638 55.99999619
v -34.20805740 -62.97169495 66.00000000
v -34.20805740 -62.97169495 55.99999619
v -34.62622833 -62.44732666 66.00000000
v -34.62622833 -62.44732666 55.99999619
v -34.87125778 -61.82299805 66.00000000
v -34.87125778 -61.82299805 55.99999619
v -34.92137909 -61.15418243 66.00000000
v -34.92137909 -61.15418243 55.99999619
v -34.77213669 -60.50030899 66.00000000
v -34.77213669 -60.50030899 55.99999619
v -34.43679047 -59.91947556 66.00000000
v -34.43679047 -59.91947556 55.99999619
v -33.94514084 -59.46329117 66.00000000
v -33.94514084 -59.46329117 55.99999619
v 1.89437318 -92.77474213 66.00000000
v 2.81683660 -92.66692352 66.00000000
v 3.73930001 -92.77474213 66.00000000
v 4.61203337 -93.09239197 66.00000000
v 5.38798714 -93.60274506 66.00000000
v 6.02532959 -94.27828979 66.00000000
v 6.48970127 -95.08260345 66.00000000
v 6.75606775 -95.97232819 66.00000000
v 6.81006908 -96.89950562 66.00000000
v 6.64879465 -97.81414032 66.00000000
v 6.28093815 -98.66692352 66.00000000
v 5.72633123 -99.41188812 66.00000000
v 5.01487255 -100.00887299 66.00000000
v 4.18491745 -100.42569733 66.00000000
v 3.28120828 -100.63987732 66.00000000
v 2.35246491 -100.63987732 66.00000000
v 1.44875610 -100.42569733 66.00000000
v 0.61880076 -100.00887299 66.00000000
v -0.09265792 -99.41188812 66.00000000
v -0.64726496 -98.66692352 66.00000000
v -1.01512146 -97.81414032 66.00000000
v -1.17639601 -96.89950562 66.00000000
v -1.12239432 -95.97232819 66.00000000
v -0.85602778 -95.08260345 66.00000000
v -0.39165613 -94.27828979 66.00000000
v 0.24568620 -93.60274506 66.00000000
v 1.02163994 -93.09239197 66.00000000
v 2.15363741 -94.51688385 66.00000000
v 2.15363741 -94.51688385 55.99999619
v 2.81683660 -94.41692352 66.00000000
v 2.81683660 -94.41692352 55.99999619
v 3.48003578 -94.51688385 66.00000000
v 3.48003578 -94.51688385 55.99999619
v 4.08430672 -94.80788422 66.00000000
v 4.08430672 -94.80788422 55.99999619
v 4.57595730 -95.26407623 66.00000000
v 4.57595730 -95.26407623 55.99999619
v 4.91130257 -95.84490967 66.00000000
v 4.91130257 -95.84490967 55.99999619
v 5.06054497 -96.49877930 66.00000000
v 5.06054497 -96.49877930 55.99999619
v 5.01042461 -97.16759491 66.00000000
v 5.01042461 -97.16759491 55.99999619
v 4.76539373 -97.79192352 66.00000000
v 4.76539373 -97.79192352 55.99999619
v 4.34722519 -98.31629181 66.00000000
v 4.34722519 -98.31629181 55.99999619
v 3.79307508 -98.69410706 66.00000000
v 3.79307508 -98.69410706 55.99999619
v 3.15218186 -98.89179230 66.00000000
v 3.15218186 -98.89179230 55.99999619
v 2.48149157 -98.89179230 66.00000000
v 2.48149157 -98.89179230 55.99999619
v 1.84059823 -98.69410706 66.00000000
v 1.84059823 -98.69410706 55.99999619
v 1.28644800 -98.31629181 66.00000000
v 1.28644800 -98.31629181 55.99999619
v 0.86827952 -97.79192352 66.00000000
v 0.86827952 -97.79192352 55.99999619
v 0.62324882 -97.16759491 66.00000000
v 0.62324882 -97.16759491 55.99999619
v 0.57312810 -96.49877930 66.00000000
v 0.57312810 -96.49877930 55.99999619
v 0.72237068 -95.84490967 66.00000000
v 0.72237068 -95.84490967 55.99999619
v 1.05771577 -95.26407623 66.00000000
v 1.05771577 -95.26407623 55.99999619
v 1.54936647 -94.80788422 66.00000000
v 1.54936647 -94.80788422 55.99999619
v -33.73929977 -92.77474213 66.00000000
v -32.81683731 -92.66692352 66.00000000
v -31.89437294 -92.77474213 66.00000000
v -31.02164078 -93.09239197 66.00000000
v -30.24568558 -93.60274506 66.00000000
v -29.60834312 -94.27828979 66.00000000
v -29.14397240 -95.08260345 66.00000000
v -28.87760544 -95.97232819 66.00000000
v -28.82360458 -96.89950562 66.00000000
v -28.98487854 -97.81414032 66.00000000
v -29.35273552 -98.66692352 66.00000000
v -29.90734291 -99.41188812 66.00000000
v -30.61880112 -100.00887299 66.00000000
v -31.44875526 -100.42569733 66.00000000
v -32.35246658 -100.63987732 66.00000000
v -33.28120804 -100.63987732 66.00000000
v -34.18491745 -100.42569733 66.00000000
v -35.01487350 -100.00887299 66.00000000
v -35.72632980 -99.41188812 66.00000000
v -36.28093719 -98.66692352 66.00000000
v -36.64879608 -97.81414032 66.00000000
v -36.81007004 -96.89950562 66.00000000
v -36.75606918 -95.97232819 66.00000000
v -36.48970032 -95.08260345 66.00000000
v -36.02532959 -94.27828979 66.00000000
v -35.38798523 -93.60274506 66.00000000
v -34.61203384 -93.09239197 66.00000000
v -33.48003769 -94.51688385 66.00000000
v -33.48003769 -94.51688385 55.99999619
v -32.81683731 -94.41692352 66.00000000
v -32.81683731 -94.41692352 55.99999619
v -32.15363693 -94.51688385 66.00000000
v -32.15363693 -94.51688385 55.99999619
v -31.54936600 -94.80788422 66.00000000
v -31.54936600 -94.80788422 55.99999619
v -31.05771637 -95.26407623 66.00000000
v -31.05771637 -95.26407623 55.99999619
v -30.72237015 -95.84490967 66.00000000
v -30.72237015 -95.84490967 55.99999619
v -30.57312775 -96.49877930 66.00000000
v -30.57312775 -96.49877930 55.99999619
v -30.62324905 -97.16759491 66.00000000
v -30.62324905 -97.16759491 55.99999619
v -30.86828041 -97.79192352 66.00000000
v -30.86828041 -97.79192352 55.99999619
v -31.28644753 -98.31629181 66.00000000
v -31.28644753 -98.31629181 55.99999619
v -31.84059906 -98.69410706 66.00000000
v -31.84059906 -98.69410706 55.99999619
v -32.48149109 -98.89179230 66.00000000
v -32.48149109 -98.89179230 55.99999619
v -33.15218353 -98.89179230 66.00000000
v -33.15218353 -98.89179230 55.99999619
v -33.79307556 -98.69410706 66.00000000
v -33.79307556 -98.69410706 55.99999619
v -34.34722519 -98.31629181 66.00000000
v -34.34722519 -98.31629181 55.99999619
v -34.76539230 -97.79192352 66.00000000
v -34.76539230 -97.79192352 55.99999619
v -35.01042557 -97.16759491 66.00000000
v -35.01042557 -97.16759491 55.99999619
v -35.06054688 -96.49877930 66.00000000
v -35.06054688 -96.49877930 55.99999619
v -34.91130447 -95.84490967 66.00000000
v -34.91130447 -95.84490967 55.99999619
v -34.57595825 -95.26407623 66.00000000
v -34.57595825 -95.26407623 55.99999619
v -34.08430862 -94.80788422 66.00000000
v -34.08430862 -94.80788422 55.99999619
v 1.75520599 -57.43014908 66.00000000
v 2.67766953 -57.32232666 66.00000000
v 3.60013294 -57.43014908 66.00000000
v 4.47286606 -57.74779510 66.00000000
v 5.24881983 -58.25814819 66.00000000
v 5.88616228 -58.93369293 66.00000000
v 6.35053396 -59.73800659 66.00000000
v 6.61690044 -60.62773514 66.00000000
v 6.67090225 -61.55490494 66.00000000
v 6.50962734 -62.46953964 66.00000000
v 6.14177132 -63.32232666 66.00000000
v 5.58716393 -64.06729126 66.00000000
v 4.87570524 -64.66427612 66.00000000
v 4.04575014 -65.08110046 66.00000000
v 3.14204121 -65.29528046 66.00000000
v 2.21329784 -65.29528046 66.00000000
v 1.30958891 -65.08110046 66.00000000
v 0.47963363 -64.66427612 66.00000000
v -0.23182504 -64.06729126 66.00000000
v -0.78643209 -63.32232666 66.00000000
v -1.15428853 -62.46953964 66.00000000
v -1.31556308 -61.55490494 66.00000000
v -1.26156151 -60.62773514 66.00000000
v -0.99519491 -59.73800659 66.00000000
v -0.53082323 -58.93369293 66.00000000
v 0.10651909 -58.25814819 66.00000000
v 0.88247281 -57.74779510 66.00000000
v 2.01447034 -59.17228699 66.00000000
v 2.01447034 -59.17228699 55.99999619
v 2.67766953 -59.07232666 66.00000000
v 2.67766953 -59.07232666 55.99999619
v 3.34086871 -59.17228699 66.00000000
v 3.34086871 -59.17228699 55.99999619
v 3.94513965 -59.46329117 66.00000000
v 3.94513965 -59.46329117 55.99999619
v 4.43679047 -59.91947556 66.00000000
v 4.43679047 -59.91947556 55.99999619
v 4.77213526 -60.50030899 66.00000000
v 4.77213526 -60.50030899 55.99999619
v 4.92137814 -61.15418243 66.00000000
v 4.92137814 -61.15418243 55.99999619
v 4.87125731 -61.82299805 66.00000000
v 4.87125731 -61.82299805 55.99999619
v 4.62622690 -62.44732666 66.00000000
v 4.62622690 -62.44732666 55.99999619
v 4.20805836 -62.97169495 66.00000000
v 4.20805836 -62.97169495 55.99999619
v 3.65390801 -63.34950638 66.00000000
v 3.65390801 -63.34950638 55.99999619
v 3.01301455 -63.54719543 66.00000000
v 3.01301455 -63.54719543 55.99999619
v 2.34232450 -63.54719543 66.00000000
v 2.34232450 -63.54719543 55.99999619
v 1.70143116 -63.34950638 66.00000000
v 1.70143116 -63.34950638 55.99999619
v 1.14728081 -62.97169495 66.00000000
v 1.14728081 -62.97169495 55.99999619
v 0.72911239 -62.44732666 66.00000000
v 0.72911239 -62.44732666 55.99999619
v 0.48408172 -61.82299805 66.00000000
v 0.48408172 -61.82299805 55.99999619
v 0.43396097 -61.15418243 66.00000000
v 0.43396097 -61.15418243 55.99999619
v 0.58320361 -60.50030899 66.00000000
v 0.58320361 -60.50030899 55.99999619
v 0.91854870 -59.91947556 66.00000000
v 0.91854870 -59.91947556 55.99999619
v 1.41019940 -59.46329117 66.00000000
v 1.41019940 -59.46329117 55.99999619
v 5.19240761 -76.91272736 55.99999619
v 5.30000019 -79.00000000 55.99999619
v 5.19240761 -81.08726501 55.99999619
v 4.87077045 -83.15240479 55.99999619
v 4.33849812 -85.17353058 55.99999619
v 3.60123324 -87.12921143 55.99999619
v 2.66679049 -88.99871826 55.99999619
v 1.54507530 -90.76224518 55.99999619
v 0.24797820 -92.40108490 55.99999619
v -1.21075118 -93.89787292 55.99999619
v -2.81564999 -95.23673248 55.99999619
v -4.54970598 -96.40348053 55.99999619
v -6.39453793 -97.38574982 55.99999619
v -8.33058929 -98.17312622 55.99999619
v -10.33733845 -98.75726318 55.99999619
v -12.39351368 -99.13196564 55.99999619
v -14.47731781 -99.29326630 55.99999619
v -16.56666183 -99.23944855 55.99999619
v -18.63939857 -98.97109222 55.99999619
v -20.67355919 -98.49103546 55.99999619
v -22.64757538 -97.80437469 55.99999619
v -24.54052734 -96.91837311 55.99999619
v -26.33234787 -95.84243774 55.99999619
v -28.00404167 -94.58796692 55.99999619
v -29.53788948 -93.16826630 55.99999619
v -30.91763115 -91.59836578 55.99999619
v -32.12864304 -89.89492798 55.99999619
v -33.15808868 -88.07599640 55.99999619
v -33.99505234 -86.16086578 55.99999619
v -34.63066101 -84.16982269 55.99999619
v -35.05818558 -82.12397766 55.99999619
v -35.27308273 -80.04501343 55.99999619
v -35.27308273 -77.95497894 55.99999619
v -35.05818558 -75.87601471 55.99999619
v -34.63066101 -73.83016968 55.99999619
v -33.99505234 -71.83912659 55.99999619
v -33.15808868 -69.92399597 55.99999619
v -32.12864304 -68.10506439 55.99999619
v -30.91763115 -66.40162659 55.99999619
v -29.53788948 -64.83172607 55.99999619
v -28.00404167 -63.41202164 55.99999619
v -26.33234787 -62.15755463 55.99999619
v -24.54052734 -61.08161545 55.99999619
v -22.64757538 -60.19562149 55.99999619
v -20.67355919 -59.50895309 55.99999619
v -18.63939857 -59.02889633 55.99999619
v -16.56666183 -58.76054001 55.99999619
v -14.47731781 -58.70672607 55.99999619
v -12.39351368 -58.86802673 55.99999619
v -10.33733845 -59.24272919 55.99999619
v -8.33058929 -59.82686615 55.99999619
v -6.39453793 -60.61423874 55.99999619
v -4.54970598 -61.59650803 55.99999619
v -2.81564999 -62.76325989 55.99999619
v -1.21075118 -64.10211945 55.99999619
v 0.24797820 -65.59890747 55.99999619
v 1.54507530 -67.23774719 55.99999619
v 2.66679049 -69.00127411 55.99999619
v 3.60123324 -70.87078094 55.99999619
v 4.33849812 -72.82646179 55.99999619
v 4.87077045 -74.84758759 55.99999619
v -12.00000000 -119.00000000 60.49999619
v -12.00000000 -116.00000000 60.49999619
v -11.22354317 -119.00000000 60.39777374
v -11.22354317 -116.00000000 60.39777374
v -10.50000000 -119.00000000 60.09807205
v -10.50000000 -116.00000000 60.09807205
v -9.87867928 -119.00000000 59.62131500
v -9.87867928 -116.00000000 59.62131500
v -9.40192413 -119.00000000 58.99999619
v -9.40192413 -116.00000000 58.99999619
v -9.10222244 -119.00000000 58.27645493
v -9.10222244 -116.00000000 58.27645493
v -9.00000000 -119.00000000 57.49999619
v -9.00000000 -116.00000000 57.49999619
v -9.10222244 -119.00000000 56.72353745
v -9.10222244 -116.00000000 56.72353745
v -9.40192413 -119.00000000 55.99999619
v -9.40192413 -116.00000000 55.99999619
v -9.87867928 -119.00000000 55.37867737
v -9.87867928 -116.00000000 55.37867737
v -10.50000000 -119.00000000 54.90192032
v -10.50000000 -116.00000000 54.90192032
v -11.22354317 -119.00000000 54.60221863
v -11.22354317 -116.00000000 54.60221863
v -12.00000000 -119.00000000 54.49999619
v -12.00000000 -116.00000000 54.49999619
v -12.00000000 -118.99999237 20.49999619
v -12.00000000 -115.99999237 20.49999619
v -11.22354317 -118.99999237 20.39777374
v -11.22354317 -115.99999237 20.39777374
v -10.50000000 -118.99999237 20.09807205
v -10.50000000 -115.99999237 20.09807205
v -9.87867928 -118.99999237 19.62131691
v -9.87867928 -115.99999237 19.62131691
v -9.40192413 -118.99999237 18.99999619
v -9.40192413 -115.99999237 18.99999619
v -9.10222244 -118.99999237 18.27645302
v -9.10222244 -115.99999237 18.27645302
v -9.00000000 -118.99999237 17.49999619
v -9.00000000 -115.99999237 17.49999619
v -9.10222244 -118.99999237 16.72353935
v -9.10222244 -115.99999237 16.72353935
v -9.40192413 -118.99999237 15.99999619
v -9.40192413 -115.99999237 15.99999619
v -9.87867928 -118.99999237 15.37867546
v -9.87867928 -115.99999237 15.37867546
v -10.50000000 -118.99999237 14.90192032
v -10.50000000 -115.99999237 14.90192032
v -11.22354317 -118.99999237 14.60221863
v -11.22354317 -115.99999237 14.60221863
v -12.00000000 -118.99999237 14.49999619
v -12.00000000 -115.99999237 14.49999619
v -2.50000000 -127.24999237 2.99999619
v -3.00842071 -127.14192963 2.99999619
v -3.42893100 -126.83641052 2.99999619
v -3.68882060 -126.38626862 2.99999619
v -3.74315238 -125.86933899 2.99999619
v -3.58253169 -125.37499237 2.99999619
v -3.23473167 -124.98872375 2.99999619
v -2.75988960 -124.77731323 2.99999619
v -2.24011040 -124.77731323 2.99999619
v -1.76526845 -124.98872375 2.99999619
v -1.41746819 -125.37499237 2.99999619
v -1.25684762 -125.86933899 2.99999619
v -1.31117940 -126.38626862 2.99999619
v -1.57106900 -126.83641052 2.99999619
v -1.99157917 -127.14192963 2.99999619
v -27.50000000 -127.24999237 2.99999619
v -28.00842094 -127.14192963 2.99999619
v -28.42893028 -126.83641052 2.99999619
v -28.68881989 -126.38626862 2.99999619
v -28.74315262 -125.86933899 2.99999619
v -28.58253098 -125.37499237 2.99999619
v -28.23473167 -124.98872375 2.99999619
v -27.75988960 -124.77731323 2.99999619
v -27.24011040 -124.77731323 2.99999619
v -26.76526833 -124.98872375 2.99999619
v -26.41746902 -125.37499237 2.99999619
v -26.25684738 -125.86933899 2.99999619
v -26.31118011 -126.38626862 2.99999619
v -26.57106972 -126.83641052 2.99999619
v -26.99157906 -127.14192963 2.99999619
v -28.00842094 -127.14192963 9.81040001
v -27.50000000 -127.24999237 9.81040001
v -26.99157906 -127.14192963 9.81040001
v -26.57106972 -126.83641052 9.81040001
v -26.31118011 -126.38626862 9.81040001
v -26.25684738 -125.86933899 9.81040001
v -26.41746902 -125.37499237 9.81040001
v -26.76526833 -124.98872375 9.81040001
v -27.24011040 -124.77731323 9.81040001
v -27.75988960 -124.77731323 9.81040001
v -28.23473167 -124.98872375 9.81040001
v -28.58253098 -125.37499237 9.81040001
v -28.74315262 -125.86933899 9.81040001
v -28.68881989 -126.38626862 9.81040001
v -28.42893028 -126.83641052 9.81040001
v -27.94936752 -127.16639709 16.11510277
v -27.50000000 -127.25000000 15.84936142
v -27.04547691 -127.16441345 15.59323025
v -26.63844299 -126.90557098 15.37429810
v -26.47864914 -126.72011566 15.29098511
v -26.35179901 -126.49406433 15.22587109
v -26.27392769 -126.24158478 15.18634129
v -26.25011444 -125.98355103 15.17434025
v -26.28096771 -125.72499847 15.18990040
v -26.36571312 -125.47488403 15.23296928
v -26.49778366 -125.25339508 15.30088425
v -26.66131020 -125.07328033 15.38634491
v -27.07457924 -124.82467651 15.60926342
v -27.52853966 -124.75033569 15.86586571
v -27.97771454 -124.84488678 16.13228989
v -28.37116432 -125.10363770 16.37626839
v -28.64958191 -125.50914764 16.55509567
v -28.72623634 -125.75924683 16.60523415
v -28.74988556 -126.01644135 16.62080383
v -28.71927071 -126.27392578 16.60066032
v -28.63595772 -126.52149963 16.54622269
v -28.34912682 -126.91719055 16.36234093
v -3.00842071 -127.14192963 9.81040001
v -2.50000000 -127.24999237 9.81040001
v -1.99157917 -127.14192963 9.81040001
v -1.57106900 -126.83641052 9.81040001
v -1.31117940 -126.38626862 9.81040001
v -1.25684762 -125.86933899 9.81040001
v -1.41746819 -125.37499237 9.81040001
v -1.76526845 -124.98872375 9.81040001
v -2.24011040 -124.77731323 9.81040001
v -2.75988960 -124.77731323 9.81040001
v -3.23473167 -124.98872375 9.81040001
v -3.58253169 -125.37499237 9.81040001
v -3.74315238 -125.86933899 9.81040001
v -3.68882060 -126.38626862 9.81040001
v -3.42893100 -126.83641052 9.81040001
v -2.95452332 -127.16441345 15.59323025
v -2.50000000 -127.24999237 15.84936142
v -2.05063200 -127.16639709 16.11510277
v -1.65087283 -126.91719055 16.36234093
v -1.36404312 -126.52149963 16.54622269
v -1.28072894 -126.27392578 16.60066032
v -1.25011456 -126.01644135 16.62080383
v -1.27376330 -125.75924683 16.60523415
v -1.35041726 -125.50914764 16.55509567
v -1.62883627 -125.10363770 16.37626839
v -2.02228522 -124.84488678 16.13228989
v -2.47146106 -124.75033569 15.86586571
v -2.92542076 -124.82467651 15.60926342
v -3.33869076 -125.07328033 15.38634491
v -3.50221705 -125.25339508 15.30088425
v -3.63428688 -125.47488403 15.23296928
v -3.71903181 -125.72499847 15.18990040
v -3.74988532 -125.98355103 15.17434025
v -3.72607231 -126.24158478 15.18634129
v -3.64820051 -126.49406433 15.22587109
v -3.52135134 -126.72011566 15.29098511
v -3.36155748 -126.90557098 15.37429810
v -22.77321434 -28.99999619 72.50000000
v -22.47670746 -29.29999542 72.45434570
v -22.77923012 -28.99999619 71.84159088
v -22.48193932 -29.29999542 71.88182068
v -22.59845734 -28.99999619 71.20846558
v -22.32474518 -29.29999542 71.33127594
v -22.24570847 -28.99999619 70.65249634
v -22.01800728 -29.29999542 70.84782410
v -21.74989510 -28.99999619 70.21925354
v -21.58686638 -29.29999542 70.47109222
v -21.15164948 -28.99999619 69.94424438
v -21.06665230 -29.29999542 70.23194885
v -20.50000000 -28.99999619 69.84999847
v -20.50000000 -29.29999542 70.14999390
v -29.17932320 -36.30367279 77.50000000
v -30.00000000 -36.19999695 77.50000000
v -30.00000000 -36.49999619 77.19999695
v -30.82067680 -36.30367279 77.50000000
v -30.77645683 -36.60221863 77.19999695
v -31.58978653 -36.60818481 77.50000000
v -31.50000000 -36.90192032 77.19999695
v -32.25900650 -37.09439850 77.50000000
v -32.12131882 -37.37867737 77.19999695
v -32.78628159 -37.73176956 77.50000000
v -32.59807587 -37.99999619 77.19999695
v -33.13848495 -38.48023987 77.50000000
v -32.89777756 -38.72353745 77.19999695
v -33.29348755 -39.29278564 77.50000000
v -33.00000000 -39.49999619 77.19999695
v -33.24154663 -40.11835480 77.50000000
v -32.89777756 -40.27645493 77.19999695
v -32.98592758 -40.90506744 77.50000000
v -32.59807587 -40.99999619 77.19999695
v -32.54269409 -41.60349655 77.50000000
v -32.12131882 -41.62131500 77.19999695
v -31.93969154 -42.16975403 77.50000000
v -31.50000000 -42.09807205 77.19999695
v -31.21481133 -42.56826019 77.50000000
v -30.77645683 -42.39777374 77.19999695
v -30.41359901 -42.77397537 77.50000000
v -30.00000000 -42.49999619 77.19999695
v -29.58640099 -42.77397537 77.50000000
v -29.22354317 -42.39777374 77.19999695
v -28.78518867 -42.56826019 77.50000000
v -28.50000000 -42.09807205 77.19999695
v -28.06030846 -42.16975403 77.50000000
v -27.87867928 -41.62131500 77.19999695
v -27.45730591 -41.60349655 77.50000000
v -27.40192413 -40.99999619 77.19999695
v -27.01407051 -40.90506744 77.50000000
v -27.10222244 -40.27645493 77.19999695
v -26.75845146 -40.11835480 77.50000000
v -27.00000000 -39.49999619 77.19999695
v -26.70651245 -39.29278564 77.50000000
v -27.10222244 -38.72353745 77.19999695
v -26.86151314 -38.48023987 77.50000000
v -27.40192413 -37.99999619 77.19999695
v -27.21371841 -37.73176956 77.50000000
v -27.87867928 -37.37867737 77.19999695
v -27.74099541 -37.09439850 77.50000000
v -28.50000000 -36.90192032 77.19999695
v -28.41021347 -36.60818481 77.50000000
v -29.22354317 -36.60221863 77.19999695
v 0.82067662 -36.30367279 77.50000000
v -0.00000000 -36.19999695 77.50000000
v -0.00000000 -36.49999619 77.19999695
v -0.82067662 -36.30367279 77.50000000
v -0.77645713 -36.60221863 77.19999695
v -1.58978713 -36.60818481 77.50000000
v -1.50000000 -36.90192032 77.19999695
v -2.25900555 -37.09439850 77.50000000
v -2.12132025 -37.37867737 77.19999695
v -2.78628206 -37.73176956 77.50000000
v -2.59807611 -37.99999619 77.19999695
v -3.13848639 -38.48023987 77.50000000
v -2.89777756 -38.72353745 77.19999695
v -3.29348826 -39.29278564 77.50000000
v -3.00000000 -39.49999619 77.19999695
v -3.24154782 -40.11835480 77.50000000
v -2.89777756 -40.27645493 77.19999695
v -2.98592925 -40.90506744 77.50000000
v -2.59807611 -40.99999619 77.19999695
v -2.54269361 -41.60349655 77.50000000
v -2.12132025 -41.62131500 77.19999695
v -1.93969131 -42.16975403 77.50000000
v -1.50000000 -42.09807205 77.19999695
v -1.21481097 -42.56826019 77.50000000
v -0.77645713 -42.39777374 77.19999695
v -0.41359967 -42.77397537 77.50000000
v -0.00000000 -42.49999619 77.19999695
v 0.41359967 -42.77397537 77.50000000
v 0.77645713 -42.39777374 77.19999695
v 1.21481097 -42.56826019 77.50000000
v 1.50000000 -42.09807205 77.19999695
v 1.93969131 -42.16975403 77.50000000
v 2.12132025 -41.62131500 77.19999695
v 2.54269361 -41.60349655 77.50000000
v 2.59807611 -40.99999619 77.19999695
v 2.98592925 -40.90506744 77.50000000
v 2.89777756 -40.27645493 77.19999695
v 3.24154782 -40.11835480 77.50000000
v 3.00000000 -39.49999619 77.19999695
v 3.29348826 -39.29278564 77.50000000
v 2.89777756 -38.72353745 77.19999695
v 3.13848639 -38.48023987 77.50000000
v 2.59807611 -37.99999619 77.19999695
v 2.78628206 -37.73176956 77.50000000
v 2.12132025 -37.37867737 77.19999695
v 2.25900555 -37.09439850 77.50000000
v 1.50000000 -36.90192032 77.19999695
v 1.58978713 -36.60818481 77.50000000
v 0.77645713 -36.60221863 77.19999695
v -14.39465046 -104.19272614 85.19999695
v -14.39945412 -103.99278259 85.00000000
v -14.79819965 -104.19918823 85.19999695
v -14.79980087 -103.99919128 85.00000000
v -15.20180035 -104.19918823 85.19999695
v -15.20019913 -103.99919128 85.00000000
v -15.60534954 -104.19272614 85.19999695
v -15.60054588 -103.99278259 85.00000000
v -16.11207962 -104.47082520 85.00000000
v -15.91227055 -104.47955322 85.19999695
v -16.03599930 -104.22675323 85.00000000
v -15.86662197 -104.33310699 85.19999695
v -15.84920883 -104.05218506 85.00000000
v -15.75454807 -104.22837067 85.19999695
v -14.15079117 -104.05218506 85.00000000
v -14.24545193 -104.22837067 85.19999695
v -13.96400070 -104.22675323 85.00000000
v -14.13337803 -104.33310699 85.19999695
v -13.88791943 -104.47082520 85.00000000
v -14.08772945 -104.47955322 85.19999695
v -20.50000000 -29.72360802 74.14999390
v -20.50000000 -36.99999619 74.14999390
v -20.85548592 -29.70709610 74.11814880
v -20.90590858 -37.03376389 74.10778046
v -21.19857788 -29.66046906 74.02402496
v -21.29594803 -37.13008881 73.98478699
v -21.51648903 -29.59198761 73.87242126
v -21.64309692 -37.27705765 73.79057312
v -21.80240440 -29.51194191 73.66780090
v -21.93037415 -37.44963074 73.54785919
v -22.04662895 -29.43252754 73.41804504
v -22.16412354 -37.63503265 73.25881958
v -22.24585724 -29.36384010 73.12569427
v -22.34525490 -37.81327438 72.92137909
v -22.39027596 -29.31716347 72.80333710
v -22.46010971 -37.94823074 72.54744720
v -22.50000000 -37.99999619 72.14999390
v -22.46010971 -37.94823074 71.75254059
v -22.34525490 -37.81327438 71.37861633
v -22.16412354 -37.63503265 71.04117584
v -21.93037415 -37.44963074 70.75213623
v -21.64309692 -37.27705765 70.50941467
v -21.29594803 -37.13008881 70.31520844
v -20.90590858 -37.03376389 70.19220734
v -20.50000000 -36.99999619 70.14999390
v -20.50000000 -41.99999619 77.21437836
v -20.50000000 -41.99999619 67.64999390
v -20.99295235 -41.95091248 77.20590210
v -21.20433235 -41.89872742 67.64999390
v -21.46657753 -41.80558014 77.19999695
v -21.85160255 -41.60313034 67.64999390
v -22.05528069 -41.45731735 77.19999695
v -22.38937378 -41.13714600 67.64999390
v -22.52755737 -40.96253204 77.19999695
v -22.77408028 -40.53853226 67.64999390
v -22.84805870 -40.35826111 77.19999695
v -22.97455406 -39.85578156 67.64999390
v -22.99278831 -39.68974686 77.19999695
v -22.97455406 -39.14420700 67.64999390
v -22.95091438 -39.00702667 77.19999695
v -22.77408028 -38.46145630 67.64999390
v -22.72557259 -38.36120987 77.19999695
v -22.38937378 -37.86284256 67.64999390
v -21.85160255 -37.39686203 67.64999390
v -21.20433235 -37.10126495 67.64999390
v -20.50000000 -36.99999619 67.64999390
v -22.33362770 -37.80064011 77.19999695
v -21.80442238 -37.36727905 77.19999695
v -21.17757225 -37.09356689 77.19999695
v -20.50000000 -36.99999619 77.19999695
v -2.89777756 -38.72353745 -4.25000381
v -3.00000000 -39.49999619 -4.25000381
v -2.89777756 -40.27645493 -4.25000381
v -2.59807611 -40.99999619 -4.25000381
v -2.12132025 -41.62131500 -4.25000381
v -1.50000000 -42.09807205 -4.25000381
v -0.77645713 -42.39777374 -4.25000381
v -0.00000000 -42.49999619 -4.25000381
v 0.77645713 -42.39777374 -4.25000381
v 1.50000000 -42.09807205 -4.25000381
v 2.12132025 -41.62131500 -4.25000381
v 2.59807611 -40.99999619 -4.25000381
v 2.89777756 -40.27645493 -4.25000381
v 3.00000000 -39.49999619 -4.25000381
v 2.89777756 -38.72353745 -4.25000381
v 2.59807611 -37.99999619 -4.25000381
v 2.12132025 -37.37867737 -4.25000381
v 1.50000000 -36.90192032 -4.25000381
v 0.77645713 -36.60221863 -4.25000381
v -0.00000000 -36.49999619 -4.25000381
v -0.77645713 -36.60221863 -4.25000381
v -1.50000000 -36.90192032 -4.25000381
v -2.12132025 -37.37867737 -4.25000381
v -2.59807611 -37.99999619 -4.25000381
v 0.77645713 -42.39777374 5.99999619
v -0.00000000 -42.49999619 5.99999619
v -0.77645713 -42.39777374 5.99999619
v -1.50000000 -42.09807205 5.99999619
v -2.12132025 -41.62131500 5.99999619
v -2.59807611 -40.99999619 5.99999619
v -2.89777756 -40.27645493 5.99999619
v -3.00000000 -39.49999619 5.99999619
v -2.89777756 -38.72353745 5.99999619
v -2.59807611 -37.99999619 5.99999619
v -2.12132025 -37.37867737 5.99999619
v -1.50000000 -36.90192032 5.99999619
v -0.77645713 -36.60221863 5.99999619
v -0.00000000 -36.49999619 5.99999619
v 0.77645713 -36.60221863 5.99999619
v 1.50000000 -36.90192032 5.99999619
v 2.12132025 -37.37867737 5.99999619
v 2.59807611 -37.99999619 5.99999619
v 2.89777756 -38.72353745 5.99999619
v 3.00000000 -39.49999619 5.99999619
v 2.89777756 -40.27645493 5.99999619
v 2.59807611 -40.99999619 5.99999619
v 2.12132025 -41.62131500 5.99999619
v 1.50000000 -42.09807205 5.99999619
v -0.58143425 -41.09747314 5.99999619
v -0.58143425 -41.09747314 7.34999609
v -0.00000000 -41.19999695 5.99999619
v -0.00000000 -41.19999695 7.34999609
v 0.58143425 -41.09747314 5.99999619
v 0.58143425 -41.09747314 7.34999609
v 1.09273899 -40.80227280 5.99999619
v 1.09273899 -40.80227280 7.34999609
v 1.47224319 -40.34999466 5.99999619
v 1.47224319 -40.34999466 7.34999609
v 1.67417324 -39.79519653 5.99999619
v 1.67417324 -39.79519653 7.34999609
v 1.67417324 -39.20479584 5.99999619
v 1.67417324 -39.20479584 7.34999609
v 1.47224319 -38.64999771 5.99999619
v 1.47224319 -38.64999771 7.34999609
v 1.09273899 -38.19771957 5.99999619
v 1.09273899 -38.19771957 7.34999609
v 0.58143425 -37.90251923 5.99999619
v 0.58143425 -37.90251923 7.34999609
v -0.00000000 -37.79999542 5.99999619
v -0.00000000 -37.79999542 7.34999609
v -0.58143425 -37.90251923 5.99999619
v -0.58143425 -37.90251923 7.34999609
v -1.09273899 -38.19771957 5.99999619
v -1.09273899 -38.19771957 7.34999609
v -1.47224319 -38.64999771 5.99999619
v -1.47224319 -38.64999771 7.34999609
v -1.67417324 -39.20479584 5.99999619
v -1.67417324 -39.20479584 7.34999609
v -1.67417324 -39.79519653 5.99999619
v -1.67417324 -39.79519653 7.34999609
v -1.47224319 -40.34999466 5.99999619
v -1.47224319 -40.34999466 7.34999609
v -1.09273899 -40.80227280 5.99999619
v -1.09273899 -40.80227280 7.34999609
v -30.58143425 -41.09747314 5.99999619
v -30.58143425 -41.09747314 7.34999609
v -30.00000000 -41.19999695 5.99999619
v -30.00000000 -41.19999695 7.34999609
v -29.41856575 -41.09747314 5.99999619
v -29.41856575 -41.09747314 7.34999609
v -28.90726089 -40.80227280 5.99999619
v -28.90726089 -40.80227280 7.34999609
v -28.52775764 -40.34999466 5.99999619
v -28.52775764 -40.34999466 7.34999609
v -28.32582664 -39.79519653 5.99999619
v -28.32582664 -39.79519653 7.34999609
v -28.32582664 -39.20479584 5.99999619
v -28.32582664 -39.20479584 7.34999609
v -28.52775764 -38.64999771 5.99999619
v -28.52775764 -38.64999771 7.34999609
v -28.90726089 -38.19771957 5.99999619
v -28.90726089 -38.19771957 7.34999609
v -29.41856575 -37.90251923 5.99999619
v -29.41856575 -37.90251923 7.34999609
v -30.00000000 -37.79999542 5.99999619
v -30.00000000 -37.79999542 7.34999609
v -30.58143425 -37.90251923 5.99999619
v -30.58143425 -37.90251923 7.34999609
v -31.09273911 -38.19771957 5.99999619
v -31.09273911 -38.19771957 7.34999609
v -31.47224236 -38.64999771 5.99999619
v -31.47224236 -38.64999771 7.34999609
v -31.67417336 -39.20479584 5.99999619
v -31.67417336 -39.20479584 7.34999609
v -31.67417336 -39.79519653 5.99999619
v -31.67417336 -39.79519653 7.34999609
v -31.47224236 -40.34999466 5.99999619
v -31.47224236 -40.34999466 7.34999609
v -31.09273911 -40.80227280 5.99999619
v -31.09273911 -40.80227280 7.34999609
v -32.89777756 -38.72353745 -4.25000381
v -33.00000000 -39.49999619 -4.25000381
v -32.89777756 -40.27645493 -4.25000381
v -32.59807587 -40.99999619 -4.25000381
v -32.12131882 -41.62131500 -4.25000381
v -31.50000000 -42.09807205 -4.25000381
v -30.77645683 -42.39777374 -4.25000381
v -30.00000000 -42.49999619 -4.25000381
v -29.22354317 -42.39777374 -4.25000381
v -28.50000000 -42.09807205 -4.25000381
v -27.87867928 -41.62131500 -4.25000381
v -27.40192413 -40.99999619 -4.25000381
v -27.10222244 -40.27645493 -4.25000381
v -27.00000000 -39.49999619 -4.25000381
v -27.10222244 -38.72353745 -4.25000381
v -27.40192413 -37.99999619 -4.25000381
v -27.87867928 -37.37867737 -4.25000381
v -28.50000000 -36.90192032 -4.25000381
v -29.22354317 -36.60221863 -4.25000381
v -30.00000000 -36.49999619 -4.25000381
v -30.77645683 -36.60221863 -4.25000381
v -31.50000000 -36.90192032 -4.25000381
v -32.12131882 -37.37867737 -4.25000381
v -32.59807587 -37.99999619 -4.25000381
v -29.22354317 -42.39777374 5.99999619
v -30.00000000 -42.49999619 5.99999619
v -30.77645683 -42.39777374 5.99999619
v -31.50000000 -42.09807205 5.99999619
v -32.12131882 -41.62131500 5.99999619
v -32.59807587 -40.99999619 5.99999619
v -32.89777756 -40.27645493 5.99999619
v -33.00000000 -39.49999619 5.99999619
v -32.89777756 -38.72353745 5.99999619
v -32.59807587 -37.99999619 5.99999619
v -32.12131882 -37.37867737 5.99999619
v -31.50000000 -36.90192032 5.99999619
v -30.77645683 -36.60221863 5.99999619
v -30.00000000 -36.49999619 5.99999619
v -29.22354317 -36.60221863 5.99999619
v -28.50000000 -36.90192032 5.99999619
v -27.87867928 -37.37867737 5.99999619
v -27.40192413 -37.99999619 5.99999619
v -27.10222244 -38.72353745 5.99999619
v -27.00000000 -39.49999619 5.99999619
v -27.10222244 -40.27645493 5.99999619
v -27.40192413 -40.99999619 5.99999619
v -27.87867928 -41.62131500 5.99999619
v -28.50000000 -42.09807205 5.99999619
v -0.77645713 -36.60221863 71.50000000
v -0.00000000 -36.49999619 71.50000000
v 0.77645713 -36.60221863 71.50000000
v 1.50000000 -36.90192032 71.50000000
v 2.12132025 -37.37867737 71.50000000
v 2.59807611 -37.99999619 71.50000000
v 2.89777756 -38.72353745 71.50000000
v 3.00000000 -39.49999619 71.50000000
v 2.89777756 -40.27645493 71.50000000
v 2.59807611 -40.99999619 71.50000000
v 2.12132025 -41.62131500 71.50000000
v 1.50000000 -42.09807205 71.50000000
v 0.77645713 -42.39777374 71.50000000
v -0.00000000 -42.49999619 71.50000000
v -0.77645713 -42.39777374 71.50000000
v -1.50000000 -42.09807205 71.50000000
v -2.12132025 -41.62131500 71.50000000
v -2.59807611 -40.99999619 71.50000000
v -2.89777756 -40.27645493 71.50000000
v -3.00000000 -39.49999619 71.50000000
v -2.89777756 -38.72353745 71.50000000
v -2.59807611 -37.99999619 71.50000000
v -2.12132025 -37.37867737 71.50000000
v -1.50000000 -36.90192032 71.50000000
v -0.58143425 -37.90251923 71.50000000
v -0.58143425 -37.90251923 67.64999390
v -0.00000000 -37.79999542 71.50000000
v -0.00000000 -37.79999542 67.64999390
v 0.58143425 -37.90251923 71.50000000
v 0.58143425 -37.90251923 67.64999390
v 1.09273899 -38.19771957 71.50000000
v 1.09273899 -38.19771957 67.64999390
v 1.47224319 -38.64999771 71.50000000
v 1.47224319 -38.64999771 67.64999390
v 1.67417324 -39.20479584 71.50000000
v 1.67417324 -39.20479584 67.64999390
v 1.67417324 -39.79519653 71.50000000
v 1.67417324 -39.79519653 67.64999390
v 1.47224319 -40.34999466 71.50000000
v 1.47224319 -40.34999466 67.64999390
v 1.09273899 -40.80227280 71.50000000
v 1.09273899 -40.80227280 67.64999390
v 0.58143425 -41.09747314 71.50000000
v 0.58143425 -41.09747314 67.64999390
v -0.00000000 -41.19999695 71.50000000
v -0.00000000 -41.19999695 67.64999390
v -0.58143425 -41.09747314 71.50000000
v -0.58143425 -41.09747314 67.64999390
v -1.09273899 -40.80227280 71.50000000
v -1.09273899 -40.80227280 67.64999390
v -1.47224319 -40.34999466 71.50000000
v -1.47224319 -40.34999466 67.64999390
v -1.67417324 -39.79519653 71.50000000
v -1.67417324 -39.79519653 67.64999390
v -1.67417324 -39.20479584 71.50000000
v -1.67417324 -39.20479584 67.64999390
v -1.47224319 -38.64999771 71.50000000
v -1.47224319 -38.64999771 67.64999390
v -1.09273899 -38.19771957 71.50000000
v -1.09273899 -38.19771957 67.64999390
v -30.77645683 -36.60221863 71.50000000
v -30.00000000 -36.49999619 71.50000000
v -29.22354317 -36.60221863 71.50000000
v -28.50000000 -36.90192032 71.50000000
v -27.87867928 -37.37867737 71.50000000
v -27.40192413 -37.99999619 71.50000000
v -27.10222244 -38.72353745 71.50000000
v -27.00000000 -39.49999619 71.50000000
v -27.10222244 -40.27645493 71.50000000
v -27.40192413 -40.99999619 71.50000000
v -27.87867928 -41.62131500 71.50000000
v -28.50000000 -42.09807205 71.50000000
v -29.22354317 -42.39777374 71.50000000
v -30.00000000 -42.49999619 71.50000000
v -30.77645683 -42.39777374 71.50000000
v -31.50000000 -42.09807205 71.50000000
v -32.12131882 -41.62131500 71.50000000
v -32.59807587 -40.99999619 71.50000000
v -32.89777756 -40.27645493 71.50000000
v -33.00000000 -39.49999619 71.50000000
v -32.89777756 -38.72353745 71.50000000
v -32.59807587 -37.99999619 71.50000000
v -32.12131882 -37.37867737 71.50000000
v -31.50000000 -36.90192032 71.50000000
v -30.58143425 -37.90251923 71.50000000
v -30.58143425 -37.90251923 67.64999390
v -30.00000000 -37.79999542 71.50000000
v -30.00000000 -37.79999542 67.64999390
v -29.41856575 -37.90251923 71.50000000
v -29.41856575 -37.90251923 67.64999390
v -28.90726089 -38.19771957 71.50000000
v -28.90726089 -38.19771957 67.64999390
v -28.52775764 -38.64999771 71.50000000
v -28.52775764 -38.64999771 67.64999390
v -28.32582664 -39.20479584 71.50000000
v -28.32582664 -39.20479584 67.64999390
v -28.32582664 -39.79519653 71.50000000
v -28.32582664 -39.79519653 67.64999390
v -28.52775764 -40.34999466 71.50000000
v -28.52775764 -40.34999466 67.64999390
v -28.90726089 -40.80227280 71.50000000
v -28.90726089 -40.80227280 67.64999390
v -29.41856575 -41.09747314 71.50000000
v -29.41856575 -41.09747314 67.64999390
v -30.00000000 -41.19999695 71.50000000
v -30.00000000 -41.19999695 67.64999390
v -30.58143425 -41.09747314 71.50000000
v -30.58143425 -41.09747314 67.64999390
v -31.09273911 -40.80227280 71.50000000
v -31.09273911 -40.80227280 67.64999390
v -31.47224236 -40.34999466 71.50000000
v -31.47224236 -40.34999466 67.64999390
v -31.67417336 -39.79519653 71.50000000
v -31.67417336 -39.79519653 67.64999390
v -31.67417336 -39.20479584 71.50000000
v -31.67417336 -39.20479584 67.64999390
v -31.47224236 -38.64999771 71.50000000
v -31.47224236 -38.64999771 67.64999390
v -31.09273911 -38.19771957 71.50000000
v -31.09273911 -38.19771957 67.64999390
v -13.66978741 -109.46687317 82.50000000
v -13.66978741 -109.46687317 85.00000000
v -13.70017052 -109.66161346 82.50000000
v -13.70017052 -109.66161346 85.00000000
v -13.80345440 -109.82949066 85.00000000
v -13.80345440 -109.82949066 82.50000000
v -13.96358967 -109.94439697 85.00000000
v -13.96358967 -109.94439697 82.50000000
v -14.15569401 -109.98849487 82.50000000
v -14.15569401 -109.98849487 85.00000000
v -58.06433487 -53.05048752 2.49999619
v -58.06433487 -53.05048752 11.04999638
v -57.50000000 -53.14999771 2.49999619
v -57.50000000 -53.14999771 11.04999638
v -56.93566513 -53.05048752 2.49999619
v -56.93566513 -53.05048752 11.04999638
v -56.43939972 -52.76396942 2.49999619
v -56.43939972 -52.76396942 11.04999638
v -56.07105637 -52.32499695 2.49999619
v -56.07105637 -52.32499695 11.04999638
v -55.87506866 -51.78651428 2.49999619
v -55.87506866 -51.78651428 11.04999638
v -55.87506866 -51.21347809 2.49999619
v -55.87506866 -51.21347809 11.04999638
v -56.07105637 -50.67499542 2.49999619
v -56.07105637 -50.67499542 11.04999638
v -56.43939972 -50.23602295 2.49999619
v -56.43939972 -50.23602295 11.04999638
v -56.93566513 -49.94950485 2.49999619
v -56.93566513 -49.94950485 11.04999638
v -57.50000000 -49.84999466 2.49999619
v -57.50000000 -49.84999466 11.04999638
v -58.06433487 -49.94950485 2.49999619
v -58.06433487 -49.94950485 11.04999638
v -58.56060028 -50.23602295 2.49999619
v -58.56060028 -50.23602295 11.04999638
v -58.92894363 -50.67499542 2.49999619
v -58.92894363 -50.67499542 11.04999638
v -59.12493134 -51.21347809 2.49999619
v -59.12493134 -51.21347809 11.04999638
v -59.12493134 -51.78651428 2.49999619
v -59.12493134 -51.78651428 11.04999638
v -58.92894363 -52.32499695 2.49999619
v -58.92894363 -52.32499695 11.04999638
v -58.56060028 -52.76396942 2.49999619
v -58.56060028 -52.76396942 11.04999638
v -56.93566513 -53.05048752 19.59999657
v -57.50000000 -53.14999771 19.59999657
v -58.06433487 -53.05048752 19.59999657
v -58.56060028 -52.76396942 19.59999657
v -58.92894363 -52.32499695 19.59999657
v -59.12493134 -51.78651428 19.59999657
v -59.12493134 -51.21347809 19.59999657
v -58.92894363 -50.67499542 19.59999657
v -58.56060028 -50.23602295 19.59999657
v -58.06433487 -49.94950485 19.59999657
v -57.50000000 -49.84999466 19.59999657
v -56.93566513 -49.94950485 19.59999657
v -56.43939972 -50.23602295 19.59999657
v -56.07105637 -50.67499542 19.59999657
v -55.87506866 -51.21347809 19.59999657
v -55.87506866 -51.78651428 19.59999657
v -56.07105637 -52.32499695 19.59999657
v -56.43939972 -52.76396942 19.59999657
v -57.50000000 -51.49999619 20.59141541
v 26.93566704 -53.05048752 11.04999638
v 27.50000000 -53.14999771 11.04999638
v 28.06433296 -53.05048752 11.04999638
v 28.56060028 -52.76396942 11.04999638
v 28.92894173 -52.32499695 11.04999638
v 29.12493324 -51.78651428 11.04999638
v 29.12493324 -51.21347809 11.04999638
v 28.92894173 -50.67499542 11.04999638
v 28.56060028 -50.23602295 11.04999638
v 28.06433296 -49.94950485 11.04999638
v 27.50000000 -49.84999466 11.04999638
v 26.93566704 -49.94950485 11.04999638
v 26.43939972 -50.23602295 11.04999638
v 26.07105827 -50.67499542 11.04999638
v 25.87506676 -51.21347809 11.04999638
v 25.87506676 -51.78651428 11.04999638
v 26.07105827 -52.32499695 11.04999638
v 26.43939972 -52.76396942 11.04999638
v 28.06433296 -53.05048752 19.59999657
v 27.50000000 -53.14999771 19.59999657
v 26.93566704 -53.05048752 19.59999657
v 26.43939972 -52.76396942 19.59999657
v 26.07105827 -52.32499695 19.59999657
v 25.87506676 -51.78651428 19.59999657
v 25.87506676 -51.21347809 19.59999657
v 26.07105827 -50.67499542 19.59999657
v 26.43939972 -50.23602295 19.59999657
v 26.93566704 -49.94950485 19.59999657
v 27.50000000 -49.84999466 19.59999657
v 28.06433296 -49.94950485 19.59999657
v 28.56060028 -50.23602295 19.59999657
v 28.92894173 -50.67499542 19.59999657
v 29.12493324 -51.21347809 19.59999657
v 29.12493324 -51.78651428 19.59999657
v 28.92894173 -52.32499695 19.59999657
v 28.56060028 -52.76396942 19.59999657
v 27.50000000 -51.49999619 20.59141541
v 26.93566704 -108.05049133 11.04999638
v 27.50000000 -108.14999390 11.04999638
v 28.06433296 -108.05049133 11.04999638
v 28.56060028 -107.76396942 11.04999638
v 28.92894173 -107.32499695 11.04999638
v 29.12493324 -106.78651428 11.04999638
v 29.12493324 -106.21347809 11.04999638
v 28.92894173 -105.67499542 11.04999638
v 28.56060028 -105.23602295 11.04999638
v 28.06433296 -104.94950104 11.04999638
v 27.50000000 -104.84999847 11.04999638
v 26.93566704 -104.94950104 11.04999638
v 26.43939972 -105.23602295 11.04999638
v 26.07105827 -105.67499542 11.04999638
v 25.87506676 -106.21347809 11.04999638
v 25.87506676 -106.78651428 11.04999638
v 26.07105827 -107.32499695 11.04999638
v 26.43939972 -107.76396942 11.04999638
v 28.06433296 -108.05049133 19.59999657
v 27.50000000 -108.14999390 19.59999657
v 26.93566704 -108.05049133 19.59999657
v 26.43939972 -107.76396942 19.59999657
v 26.07105827 -107.32499695 19.59999657
v 25.87506676 -106.78651428 19.59999657
v 25.87506676 -106.21347809 19.59999657
v 26.07105827 -105.67499542 19.59999657
v 26.43939972 -105.23602295 19.59999657
v 26.93566704 -104.94950104 19.59999657
v 27.50000000 -104.84999847 19.59999657
v 28.06433296 -104.94950104 19.59999657
v 28.56060028 -105.23602295 19.59999657
v 28.92894173 -105.67499542 19.59999657
v 29.12493324 -106.21347809 19.59999657
v 29.12493324 -106.78651428 19.59999657
v 28.92894173 -107.32499695 19.59999657
v 28.56060028 -107.76396942 19.59999657
v 27.50000000 -106.49999237 20.59141541
v -58.06433487 -108.05049133 11.04999638
v -57.50000000 -108.14999390 11.04999638
v -56.93566513 -108.05049133 11.04999638
v -56.43939972 -107.76396942 11.04999638
v -56.07105637 -107.32499695 11.04999638
v -55.87506866 -106.78651428 11.04999638
v -55.87506866 -106.21347809 11.04999638
v -56.07105637 -105.67499542 11.04999638
v -56.43939972 -105.23602295 11.04999638
v -56.93566513 -104.94950104 11.04999638
v -57.50000000 -104.84999847 11.04999638
v -58.06433487 -104.94950104 11.04999638
v -58.56060028 -105.23602295 11.04999638
v -58.92894363 -105.67499542 11.04999638
v -59.12493134 -106.21347809 11.04999638
v -59.12493134 -106.78651428 11.04999638
v -58.92894363 -107.32499695 11.04999638
v -58.56060028 -107.76396942 11.04999638
v -56.93566513 -108.05049133 19.59999657
v -57.50000000 -108.14999390 19.59999657
v -58.06433487 -108.05049133 19.59999657
v -58.56060028 -107.76396942 19.59999657
v -58.92894363 -107.32499695 19.59999657
v -59.12493134 -106.78651428 19.59999657
v -59.12493134 -106.21347809 19.59999657
v -58.92894363 -105.67499542 19.59999657
v -58.56060028 -105.23602295 19.59999657
v -58.06433487 -104.94950104 19.59999657
v -57.50000000 -104.84999847 19.59999657
v -56.93566513 -104.94950104 19.59999657
v -56.43939972 -105.23602295 19.59999657
v -56.07105637 -105.67499542 19.59999657
v -55.87506866 -106.21347809 19.59999657
v -55.87506866 -106.78651428 19.59999657
v -56.07105637 -107.32499695 19.59999657
v -56.43939972 -107.76396942 19.59999657
v -57.50000000 -106.49999237 20.59141541
v -40.39122009 -129.00000000 35.14715195
v -39.89335251 -128.50000000 35.19328690
v -40.50000000 -129.00000000 37.49999619
v -40.00000000 -128.50000000 37.49999619
v -40.39122009 -129.00000000 39.85284042
v -39.89335251 -128.50000000 39.80670547
v -40.06581497 -129.00000000 42.18560791
v -39.57432938 -128.50000000 42.09373474
v -39.52655411 -129.00000000 44.47840118
v -39.04564285 -128.50000000 44.34157181
v -38.77804184 -129.00000000 46.71165848
v -38.31180573 -128.50000000 46.53103638
v -37.82666397 -129.00000000 48.86632538
v -37.37908173 -128.50000000 48.64345551
v -36.68053818 -129.00000000 50.92401505
v -36.25542831 -128.50000000 50.66080093
v -35.34943771 -129.00000000 52.86717987
v -34.95043182 -128.50000000 52.56586075
v -33.84472656 -129.00000000 54.67923355
v -33.47522354 -128.50000000 54.34238815
v -32.17923737 -129.00000000 56.34472275
v -31.84239197 -128.50000000 55.97521973
v -30.36718369 -129.00000000 57.84943390
v -30.06586647 -128.50000000 57.45042801
v -28.42402077 -129.00000000 59.18053436
v -28.16080475 -128.50000000 58.75542450
v -26.36632729 -129.00000000 60.32666016
v -26.14345932 -128.50000000 59.87907791
v -24.21166229 -129.00000000 61.27803802
v -24.03104210 -128.50000000 60.81180191
v -21.97840691 -129.00000000 62.02655029
v -21.84157562 -128.50000000 61.54563904
v -19.68561363 -129.00000000 62.56581116
v -19.59373856 -128.50000000 62.07432556
v -17.35284233 -129.00000000 62.89121628
v -17.30670929 -128.50000000 62.39334869
v -15.00000000 -129.00000000 62.99999619
v -15.00000000 -128.50000000 62.49999619
v -12.64715672 -129.00000000 62.89121628
v -12.69329071 -128.50000000 62.39334869
v -10.31438732 -129.00000000 62.56581116
v -10.40626240 -128.50000000 62.07432556
v -8.02159405 -129.00000000 62.02655029
v -8.15842533 -128.50000000 61.54563904
v -5.78833771 -129.00000000 61.27803802
v -5.96895838 -128.50000000 60.81180191
v -3.63367200 -129.00000000 60.32666016
v -3.85654116 -128.50000000 59.87907791
v -1.57597983 -129.00000000 59.18053436
v -1.83919597 -128.50000000 58.75542450
v 0.36718324 -129.00000000 57.84943390
v 0.06586591 -128.50000000 57.45042801
v 2.17923880 -129.00000000 56.34472275
v 1.84239113 -128.50000000 55.97521973
v 3.84472728 -129.00000000 54.67923355
v 3.47522283 -128.50000000 54.34238815
v 5.34943914 -129.00000000 52.86717987
v 4.95043087 -128.50000000 52.56586075
v 6.68053675 -129.00000000 50.92401505
v 6.25542831 -128.50000000 50.66080093
v 7.82666397 -129.00000000 48.86632538
v 7.37908220 -128.50000000 48.64345551
v 8.77804184 -129.00000000 46.71165848
v 8.31180573 -128.50000000 46.53103638
v 9.52655411 -129.00000000 44.47840118
v 9.04564095 -128.50000000 44.34157181
v 10.06581402 -129.00000000 42.18560791
v 9.57432747 -128.50000000 42.09373474
v 10.39122105 -129.00000000 39.85284042
v 9.89335442 -128.50000000 39.80670547
v 10.50000000 -129.00000000 37.49999619
v 10.00000000 -128.50000000 37.49999619
v 10.39122105 -129.00000000 35.14715195
v 9.89335442 -128.50000000 35.19328690
v 10.06581402 -129.00000000 32.81438446
v 9.57432747 -128.50000000 32.90625763
v 9.52655411 -129.00000000 30.52158928
v 9.04564095 -128.50000000 30.65842056
v 8.77804184 -129.00000000 28.28833389
v 8.31180573 -128.50000000 28.46895409
v 7.82666397 -129.00000000 26.13366890
v 7.37908220 -128.50000000 26.35653687
v 6.68053675 -129.00000000 24.07597542
v 6.25542831 -128.50000000 24.33919144
v 5.34943914 -129.00000000 22.13281250
v 4.95043087 -128.50000000 22.43412971
v 3.84472728 -129.00000000 20.32075691
v 3.47522283 -128.50000000 20.65760422
v 2.17923880 -129.00000000 18.65526962
v 1.84239113 -128.50000000 19.02477264
v 0.36718324 -129.00000000 17.15055656
v 0.06586591 -128.50000000 17.54956627
v -1.57597983 -129.00000000 15.81945896
v -1.83919597 -128.50000000 16.24456787
v -3.63367200 -129.00000000 14.67333221
v -3.85654116 -128.50000000 15.12091351
v -5.78833771 -129.00000000 13.72195435
v -5.96895838 -128.50000000 14.18819046
v -8.02159405 -129.00000000 12.97344208
v -8.15842533 -128.50000000 13.45435524
v -10.31438732 -129.00000000 12.43418217
v -10.40626240 -128.50000000 12.92566872
v -12.64715672 -129.00000000 12.10877514
v -12.69329071 -128.50000000 12.60664177
v -15.00000000 -129.00000000 11.99999619
v -15.00000000 -128.50000000 12.49999619
v -17.35284233 -129.00000000 12.10877514
v -17.30670929 -128.50000000 12.60664177
v -19.68561363 -129.00000000 12.43418217
v -19.59373856 -128.50000000 12.92566872
v -21.97840691 -129.00000000 12.97344208
v -21.84157562 -128.50000000 13.45435524
v -24.21166229 -129.00000000 13.72195435
v -24.03104210 -128.50000000 14.18819046
v -26.36632729 -129.00000000 14.67333221
v -26.14345932 -128.50000000 15.12091351
v -28.42402077 -129.00000000 15.81945896
v -28.16080475 -128.50000000 16.24456787
v -30.36718369 -129.00000000 17.15055656
v -30.06586647 -128.50000000 17.54956627
v -32.17923737 -129.00000000 18.65526962
v -31.84239197 -128.50000000 19.02477264
v -33.84472656 -129.00000000 20.32075691
v -33.47522354 -128.50000000 20.65760422
v -35.34943771 -129.00000000 22.13281250
v -34.95043182 -128.50000000 22.43412971
v -36.68053818 -129.00000000 24.07597542
v -36.25542831 -128.50000000 24.33919144
v -37.82666397 -129.00000000 26.13366890
v -37.37908173 -128.50000000 26.35653687
v -38.77804184 -129.00000000 28.28833389
v -38.31180573 -128.50000000 28.46895409
v -39.52655411 -129.00000000 30.52158928
v -39.04564285 -128.50000000 30.65842056
v -40.06581497 -129.00000000 32.81438446
v -39.57432938 -128.50000000 32.90625763
v -0.60572135 -129.00000000 35.75221252
v -0.10936689 -128.50000000 35.69194412
v -0.50000000 -129.00000000 37.49999619
v 0.00000000 -128.50000000 37.49999619
v -0.60572135 -129.00000000 39.24777985
v -0.10936689 -128.50000000 39.30804825
v -0.92134362 -129.00000000 40.97007370
v -0.43587273 -128.50000000 41.08972931
v -1.44226444 -129.00000000 42.64176559
v -0.97475636 -128.50000000 42.81906891
v -2.16088772 -129.00000000 44.23848343
v -1.71815956 -128.50000000 44.47084427
v -3.06673384 -129.00000000 45.73693466
v -2.65524197 -128.50000000 46.02096558
v -4.14659405 -129.00000000 47.11527634
v -3.77233887 -128.50000000 47.44683456
v -5.38472128 -129.00000000 48.35340118
v -5.05316019 -128.50000000 48.72765732
v -6.76306105 -129.00000000 49.43326187
v -6.47902870 -128.50000000 49.84475327
v -8.26151371 -129.00000000 50.33910751
v -8.02915287 -128.50000000 50.78183746
v -9.85822868 -129.00000000 51.05773163
v -9.68092632 -128.50000000 51.52523804
v -11.52992249 -129.00000000 51.57865143
v -11.41026497 -128.50000000 52.06412506
v -13.25221825 -129.00000000 51.89427567
v -13.19194984 -128.50000000 52.39062881
v -15.00000000 -129.00000000 51.99999619
v -15.00000000 -128.50000000 52.49999619
v -16.74778175 -129.00000000 51.89427567
v -16.80805016 -128.50000000 52.39062881
v -18.47007751 -129.00000000 51.57865143
v -18.58973503 -128.50000000 52.06412506
v -20.14177132 -129.00000000 51.05773163
v -20.31907272 -128.50000000 51.52523804
v -21.73848534 -129.00000000 50.33910751
v -21.97084808 -128.50000000 50.78183746
v -23.23693848 -129.00000000 49.43326187
v -23.52097130 -128.50000000 49.84475327
v -24.61527824 -129.00000000 48.35340118
v -24.94684029 -128.50000000 48.72765732
v -25.85340500 -129.00000000 47.11527634
v -26.22766113 -128.50000000 47.44683456
v -26.93326569 -129.00000000 45.73693466
v -27.34475708 -128.50000000 46.02096558
v -27.83911324 -129.00000000 44.23848343
v -28.28184128 -128.50000000 44.47084427
v -28.55773544 -129.00000000 42.64176559
v -29.02524376 -128.50000000 42.81906891
v -29.07865715 -129.00000000 40.97007370
v -29.56412697 -128.50000000 41.08972931
v -29.39427948 -129.00000000 39.24777985
v -29.89063263 -128.50000000 39.30804825
v -29.50000000 -129.00000000 37.49999619
v -30.00000000 -128.50000000 37.49999619
v -29.39427948 -129.00000000 35.75221252
v -29.89063263 -128.50000000 35.69194412
v -29.07865715 -129.00000000 34.02991867
v -29.56412697 -128.50000000 33.91026306
v -28.55773544 -129.00000000 32.35822678
v -29.02524376 -128.50000000 32.18092346
v -27.83911324 -129.00000000 30.76151085
v -28.28184128 -128.50000000 30.52914810
v -26.93326569 -129.00000000 29.26305771
v -27.34475708 -128.50000000 28.97902489
v -25.85340500 -129.00000000 27.88471794
v -26.22766113 -128.50000000 27.55315590
v -24.61527824 -129.00000000 26.64659119
v -24.94684029 -128.50000000 26.27233505
v -23.23693848 -129.00000000 25.56673050
v -23.52097130 -128.50000000 25.15523911
v -21.73848534 -129.00000000 24.66088295
v -21.97084808 -128.50000000 24.21815491
v -20.14177132 -129.00000000 23.94226074
v -20.31907272 -128.50000000 23.47475243
v -18.47007751 -129.00000000 23.42133904
v -18.58973503 -128.50000000 22.93586922
v -16.74778175 -129.00000000 23.10571671
v -16.80805016 -128.50000000 22.60936356
v -15.00000000 -129.00000000 22.99999619
v -15.00000000 -128.50000000 22.49999619
v -13.25221825 -129.00000000 23.10571671
v -13.19194984 -128.50000000 22.60936356
v -11.52992249 -129.00000000 23.42133904
v -11.41026497 -128.50000000 22.93586922
v -9.85822868 -129.00000000 23.94226074
v -9.68092632 -128.50000000 23.47475243
v -8.26151371 -129.00000000 24.66088295
v -8.02915287 -128.50000000 24.21815491
v -6.76306105 -129.00000000 25.56673050
v -6.47902870 -128.50000000 25.15523911
v -5.38472128 -129.00000000 26.64659119
v -5.05316019 -128.50000000 26.27233505
v -4.14659405 -129.00000000 27.88471794
v -3.77233887 -128.50000000 27.55315590
v -3.06673384 -129.00000000 29.26305771
v -2.65524197 -128.50000000 28.97902489
v -2.16088772 -129.00000000 30.76151085
v -1.71815956 -128.50000000 30.52914810
v -1.44226444 -129.00000000 32.35822678
v -0.97475636 -128.50000000 32.18092346
v -0.92134362 -129.00000000 34.02991867
v -0.43587273 -128.50000000 33.91026306
v -29.89063263 -122.99999237 35.69194412
v -30.00000000 -122.99999237 37.49999619
v -29.89063263 -122.99999237 39.30804825
v -29.56412697 -122.99999237 41.08972931
v -29.02524376 -123.00000000 42.81906891
v -28.28184128 -123.00000000 44.47084427
v -27.34475708 -123.00000000 46.02096558
v -26.22766113 -123.00000000 47.44683456
v -24.94684029 -123.00000000 48.72765732
v -23.52097130 -123.00000000 49.84475327
v -21.97084808 -123.00000000 50.78183746
v -20.31907272 -123.00000000 51.52523804
v -18.58973503 -123.00000000 52.06412506
v -16.80805016 -123.00000000 52.39062881
v -15.00000000 -123.00000000 52.49999619
v -13.19194984 -123.00000000 52.39062881
v -11.41026497 -123.00000000 52.06412506
v -9.68092632 -123.00000000 51.52523804
v -8.02915287 -123.00000000 50.78183746
v -6.47902870 -123.00000000 49.84475327
v -5.05316019 -123.00000000 48.72765732
v -3.77233887 -123.00000000 47.44683456
v -2.65524197 -123.00000000 46.02096558
v -1.71815956 -123.00000000 44.47084427
v -0.97475636 -123.00000000 42.81906891
v -0.43587273 -122.99999237 41.08972931
v -0.10936689 -122.99999237 39.30804825
v 0.00000000 -122.99999237 37.49999619
v -0.10936689 -122.99999237 35.69194412
v -0.43587273 -122.99999237 33.91026306
v -0.97475636 -122.99999237 32.18092346
v -1.71815956 -122.99999237 30.52914810
v -2.65524197 -122.99999237 28.97902489
v -3.77233887 -122.99999237 27.55315590
v -5.05316019 -122.99999237 26.27233505
v -6.47902870 -122.99999237 25.15523911
v -8.02915287 -122.99999237 24.21815491
v -9.68092632 -122.99999237 23.47475243
v -11.41026497 -122.99999237 22.93586922
v -13.19194984 -122.99999237 22.60936356
v -15.00000000 -122.99999237 22.49999619
v -16.80805016 -122.99999237 22.60936356
v -18.58973503 -122.99999237 22.93586922
v -20.31907272 -122.99999237 23.47475243
v -21.97084808 -122.99999237 24.21815491
v -23.52097130 -122.99999237 25.15523911
v -24.94684029 -122.99999237 26.27233505
v -26.22766113 -122.99999237 27.55315590
v -27.34475708 -122.99999237 28.97902489
v -28.28184128 -122.99999237 30.52914810
v -29.02524376 -122.99999237 32.18092346
v -29.56412697 -122.99999237 33.91026306
v -30.79249001 -119.00000000 35.65411758
v -30.79249001 -122.99999237 35.65411758
v -30.89999962 -119.00000000 37.49999619
v -30.89999962 -122.99999237 37.49999619
v -30.79249001 -119.00000000 39.34587479
v -30.79249001 -122.99999237 39.34587479
v -30.47141266 -119.00000000 41.16679001
v -30.47141266 -122.99999237 41.16679001
v -29.94111252 -119.00000000 42.93811798
v -29.94111252 -123.00000000 42.93811798
v -29.20875931 -119.00000000 44.63590240
v -29.20875931 -123.00000000 44.63590240
v -28.28425598 -119.00000000 46.23719025
v -28.28425598 -123.00000000 46.23719025
v -27.18010712 -119.00000000 47.72031784
v -27.18010712 -123.00000000 47.72031784
v -25.91124153 -119.00000000 49.06523895
v -25.91124153 -123.00000000 49.06523895
v -24.49482155 -119.00000000 50.25375366
v -24.49482155 -123.00000000 50.25375366
v -22.95000076 -119.00000000 51.26979828
v -22.95000076 -123.00000000 51.26979828
v -21.29766846 -119.00000000 52.09963226
v -21.29766846 -123.00000000 52.09963226
v -19.56017113 -119.00000000 52.73202896
v -19.56017113 -123.00000000 52.73202896
v -17.76100540 -119.00000000 53.15843964
v -17.76100540 -123.00000000 53.15843964
v -15.92450237 -119.00000000 53.37309647
v -15.92450237 -123.00000000 53.37309647
v -14.07549763 -119.00000000 53.37309647
v -14.07549763 -123.00000000 53.37309647
v -12.23899364 -119.00000000 53.15843964
v -12.23899364 -123.00000000 53.15843964
v -10.43982887 -119.00000000 52.73202896
v -10.43982887 -123.00000000 52.73202896
v -8.70233154 -119.00000000 52.09963226
v -8.70233154 -123.00000000 52.09963226
v -7.05000019 -119.00000000 51.26979828
v -7.05000019 -123.00000000 51.26979828
v -5.50517845 -119.00000000 50.25375366
v -5.50517845 -123.00000000 50.25375366
v -4.08875799 -119.00000000 49.06523895
v -4.08875799 -123.00000000 49.06523895
v -2.81989336 -119.00000000 47.72031784
v -2.81989336 -123.00000000 47.72031784
v -1.71574378 -119.00000000 46.23719025
v -1.71574378 -123.00000000 46.23719025
v -0.79124099 -119.00000000 44.63590240
v -0.79124099 -123.00000000 44.63590240
v -0.05888733 -119.00000000 42.93811798
v -0.05888733 -123.00000000 42.93811798
v 0.47141343 -119.00000000 41.16679001
v 0.47141343 -122.99999237 41.16679001
v 0.79248989 -119.00000000 39.34587479
v 0.79248989 -122.99999237 39.34587479
v 0.89999998 -119.00000000 37.49999619
v 0.89999998 -122.99999237 37.49999619
v 0.79248989 -119.00000000 35.65411758
v 0.79248989 -122.99999237 35.65411758
v 0.47141343 -119.00000000 33.83320236
v 0.47141343 -122.99999237 33.83320236
v -0.05888733 -118.99999237 32.06187439
v -0.05888733 -122.99999237 32.06187439
v -0.79124099 -118.99999237 30.36408997
v -0.79124099 -122.99999237 30.36408997
v -1.71574378 -118.99999237 28.76280403
v -1.71574378 -122.99999237 28.76280403
v -2.81989336 -118.99999237 27.27967262
v -2.81989336 -122.99999237 27.27967262
v -4.08875799 -118.99999237 25.93475533
v -4.08875799 -122.99999237 25.93475533
v -5.50517845 -118.99999237 24.74623680
v -5.50517845 -122.99999237 24.74623680
v -7.05000019 -118.99999237 23.73019218
v -7.05000019 -122.99999237 23.73019218
v -8.70233154 -118.99999237 22.90036011
v -8.70233154 -122.99999237 22.90036011
v -10.43982887 -118.99999237 22.26796341
v -10.43982887 -122.99999237 22.26796341
v -12.23899364 -118.99999237 21.84155273
v -12.23899364 -122.99999237 21.84155273
v -14.07549763 -118.99999237 21.62689590
v -14.07549763 -122.99999237 21.62689590
v -15.92450237 -118.99999237 21.62689590
v -15.92450237 -122.99999237 21.62689590
v -17.76100540 -118.99999237 21.84155273
v -17.76100540 -122.99999237 21.84155273
v -19.56017113 -118.99999237 22.26796341
v -19.56017113 -122.99999237 22.26796341
v -21.29766846 -118.99999237 22.90036011
v -21.29766846 -122.99999237 22.90036011
v -22.95000076 -118.99999237 23.73019218
v -22.95000076 -122.99999237 23.73019218
v -24.49482155 -118.99999237 24.74623680
v -24.49482155 -122.99999237 24.74623680
v -25.91124153 -118.99999237 25.93475533
v -25.91124153 -122.99999237 25.93475533
v -27.18010712 -118.99999237 27.27967262
v -27.18010712 -122.99999237 27.27967262
v -28.28425598 -118.99999237 28.76280403
v -28.28425598 -122.99999237 28.76280403
v -29.20875931 -118.99999237 30.36408997
v -29.20875931 -122.99999237 30.36408997
v -29.94111252 -118.99999237 32.06187439
v -29.94111252 -122.99999237 32.06187439
v -30.47141266 -119.00000000 33.83320236
v -30.47141266 -122.99999237 33.83320236
v -38.89132690 -122.99999237 35.21865082
v -38.89132690 -119.00000000 35.21865082
v -39.00000000 -122.99999237 37.49999619
v -39.00000000 -119.00000000 37.49999619
v -38.89132690 -122.99999237 39.78134155
v -38.89132690 -119.00000000 39.78134155
v -38.56628799 -123.00000000 42.04202652
v -38.56628799 -119.00000000 42.04202652
v -38.02783203 -123.00000000 44.26157761
v -38.02783203 -119.00000000 44.26157761
v -37.28083038 -123.00000000 46.41989517
v -37.28083038 -119.00000000 46.41989517
v -36.33205032 -123.00000000 48.49743271
v -36.33205032 -119.00000000 48.49743271
v -35.19008636 -123.00000000 50.47537613
v -35.19008636 -119.00000000 50.47537613
v -33.86527252 -123.00000000 52.33581161
v -33.86527252 -119.00000000 52.33581161
v -32.36961746 -123.00000000 54.06189346
v -32.36961746 -119.00000000 54.06189346
v -30.71665764 -123.00000000 55.63798523
v -30.71665764 -119.00000000 55.63798523
v -28.92136574 -123.00000000 57.04981995
v -28.92136574 -119.00000000 57.04981995
v -27.00000000 -123.00000000 58.28460693
v -27.00000000 -119.00000000 58.28460693
v -24.96996117 -123.00000000 59.33116531
v -24.96996117 -119.00000000 59.33116531
v -22.84963036 -123.00000000 60.18001556
v -22.84963036 -119.00000000 60.18001556
v -20.65821457 -123.00000000 60.82347488
v -20.65821457 -119.00000000 60.82347488
v -18.41555595 -123.00000000 61.25571060
v -18.41555595 -119.00000000 61.25571060
v -16.14196587 -123.00000000 61.47281265
v -16.14196587 -119.00000000 61.47281265
v -13.85803413 -123.00000000 61.47281265
v -13.85803413 -119.00000000 61.47281265
v -11.58444405 -123.00000000 61.25571060
v -11.58444405 -119.00000000 61.25571060
v -9.34178543 -123.00000000 60.82347488
v -9.34178543 -119.00000000 60.82347488
v -7.15036869 -123.00000000 60.18001556
v -7.15036869 -119.00000000 60.18001556
v -5.03003979 -123.00000000 59.33116531
v -5.03003979 -119.00000000 59.33116531
v -3.00000000 -123.00000000 58.28460693
v -3.00000000 -119.00000000 58.28460693
v -1.07863414 -123.00000000 57.04981995
v -1.07863414 -119.00000000 57.04981995
v 0.71665764 -123.00000000 55.63798523
v 0.71665764 -119.00000000 55.63798523
v 2.36961699 -123.00000000 54.06189346
v 2.36961699 -119.00000000 54.06189346
v 3.86527419 -123.00000000 52.33581161
v 3.86527419 -119.00000000 52.33581161
v 5.19008493 -123.00000000 50.47537613
v 5.19008493 -119.00000000 50.47537613
v 6.33205080 -123.00000000 48.49743271
v 6.33205080 -119.00000000 48.49743271
v 7.28083038 -123.00000000 46.41989517
v 7.28083038 -119.00000000 46.41989517
v 8.02783108 -123.00000000 44.26157761
v 8.02783108 -119.00000000 44.26157761
v 8.56628895 -123.00000000 42.04202652
v 8.56628895 -119.00000000 42.04202652
v 8.89132595 -122.99999237 39.78134155
v 8.89132595 -119.00000000 39.78134155
v 9.00000000 -122.99999237 37.49999619
v 9.00000000 -119.00000000 37.49999619
v 8.89132595 -122.99999237 35.21865082
v 8.89132595 -119.00000000 35.21865082
v 8.56628895 -122.99999237 32.95796585
v 8.56628895 -118.99999237 32.95796585
v 8.02783108 -122.99999237 30.73841476
v 8.02783108 -118.99999237 30.73841476
v 7.28083038 -122.99999237 28.58009720
v 7.28083038 -118.99999237 28.58009720
v 6.33205080 -122.99999237 26.50255966
v 6.33205080 -118.99999237 26.50255966
v 5.19008493 -122.99999237 24.52461624
v 5.19008493 -118.99999237 24.52461624
v 3.86527419 -122.99999237 22.66418076
v 3.86527419 -118.99999237 22.66418076
v 2.36961699 -122.99999237 20.93810081
v 2.36961699 -118.99999237 20.93810081
v 0.71665764 -122.99999237 19.36200714
v 0.71665764 -118.99999237 19.36200714
v -1.07863414 -122.99999237 17.95017242
v -1.07863414 -118.99999237 17.95017242
v -3.00000000 -122.99999237 16.71538734
v -3.00000000 -118.99999237 16.71538734
v -5.03003979 -122.99999237 15.66882801
v -5.03003979 -118.99999237 15.66882801
v -7.15036869 -122.99999237 14.81997681
v -7.15036869 -118.99999237 14.81997681
v -9.34178543 -122.99999237 14.17651844
v -9.34178543 -118.99999237 14.17651844
v -11.58444405 -122.99999237 13.74428177
v -11.58444405 -118.99999237 13.74428177
v -13.85803413 -122.99999237 13.52717972
v -13.85803413 -118.99999237 13.52717972
v -16.14196587 -122.99999237 13.52717972
v -16.14196587 -118.99999237 13.52717972
v -18.41555595 -122.99999237 13.74428177
v -18.41555595 -118.99999237 13.74428177
v -20.65821457 -122.99999237 14.17651844
v -20.65821457 -118.99999237 14.17651844
v -22.84963036 -122.99999237 14.81997681
v -22.84963036 -118.99999237 14.81997681
v -24.96996117 -122.99999237 15.66882801
v -24.96996117 -118.99999237 15.66882801
v -27.00000000 -122.99999237 16.71538734
v -27.00000000 -118.99999237 16.71538734
v -28.92136574 -122.99999237 17.95017242
v -28.92136574 -118.99999237 17.95017242
v -30.71665764 -122.99999237 19.36200714
v -30.71665764 -118.99999237 19.36200714
v -32.36961746 -122.99999237 20.93810081
v -32.36961746 -118.99999237 20.93810081
v -33.86527252 -122.99999237 22.66418076
v -33.86527252 -118.99999237 22.66418076
v -35.19008636 -122.99999237 24.52461624
v -35.19008636 -118.99999237 24.52461624
v -36.33205032 -122.99999237 26.50255966
v -36.33205032 -118.99999237 26.50255966
v -37.28083038 -122.99999237 28.58009720
v -37.28083038 -118.99999237 28.58009720
v -38.02783203 -122.99999237 30.73841476
v -38.02783203 -118.99999237 30.73841476
v -38.56628799 -122.99999237 32.95796585
v -38.56628799 -118.99999237 32.95796585
v -39.89335251 -122.99999237 35.19328690
v -40.00000000 -122.99999237 37.49999619
v -39.89335251 -122.99999237 39.80670547
v -39.57432938 -123.00000000 42.09373474
v -39.57432938 -122.99999237 32.90625763
v -39.04564285 -122.99999237 30.65842056
v -38.31180573 -122.99999237 28.46895409
v -37.37908173 -122.99999237 26.35653687
v -36.25542831 -122.99999237 24.33919144
v -34.95043182 -122.99999237 22.43412971
v -33.47522354 -122.99999237 20.65760422
v -31.84239197 -122.99999237 19.02477264
v -30.06586647 -122.99999237 17.54956627
v -26.14345932 -122.99999237 15.12091351
v -28.16080475 -122.99999237 16.24456787
v -24.03104210 -122.99999237 14.18819046
v -21.84157562 -122.99999237 13.45435524
v -19.59373856 -122.99999237 12.92566872
v -17.30670929 -122.99999237 12.60664177
v -15.00000000 -122.99999237 12.49999619
v -12.69329071 -122.99999237 12.60664177
v -10.40626240 -122.99999237 12.92566872
v -8.15842533 -122.99999237 13.45435524
v -5.96895838 -122.99999237 14.18819046
v -3.85654116 -122.99999237 15.12091351
v 0.06586591 -122.99999237 17.54956627
v 1.84239113 -122.99999237 19.02477264
v 3.47522283 -122.99999237 20.65760422
v 4.95043087 -122.99999237 22.43412971
v 6.25542831 -122.99999237 24.33919144
v 7.37908220 -122.99999237 26.35653687
v 8.31180573 -122.99999237 28.46895409
v 9.04564095 -122.99999237 30.65842056
v 9.57432747 -122.99999237 32.90625763
v 9.89335442 -122.99999237 35.19328690
v 10.00000000 -122.99999237 37.49999619
v 9.89335442 -122.99999237 39.80670547
v 9.57432747 -123.00000000 42.09373474
v 9.04564095 -123.00000000 44.34157181
v 8.31180573 -123.00000000 46.53103638
v 7.37908220 -123.00000000 48.64345551
v 6.25542831 -123.00000000 50.66080093
v 4.95043087 -123.00000000 52.56586075
v 3.47522283 -123.00000000 54.34238815
v 1.84239113 -123.00000000 55.97521973
v 0.06586591 -123.00000000 57.45042801
v -1.83919597 -123.00000000 58.75542450
v -3.85654116 -123.00000000 59.87907791
v -5.96895838 -123.00000000 60.81180191
v -8.15842533 -123.00000000 61.54563904
v -10.40626240 -123.00000000 62.07432556
v -12.69329071 -123.00000000 62.39334869
v -15.00000000 -123.00000000 62.49999619
v -17.30670929 -123.00000000 62.39334869
v -19.59373856 -123.00000000 62.07432556
v -21.84157562 -123.00000000 61.54563904
v -24.03104210 -123.00000000 60.81180191
v -26.14345932 -123.00000000 59.87907791
v -28.16080475 -123.00000000 58.75542450
v -30.06586647 -123.00000000 57.45042801
v -31.84239197 -123.00000000 55.97521973
v -33.47522354 -123.00000000 54.34238815
v -34.95043182 -123.00000000 52.56586075
v -36.25542831 -123.00000000 50.66080093
v -37.37908173 -123.00000000 48.64345551
v -38.31180573 -123.00000000 46.53103638
v -39.04564285 -123.00000000 44.34157181
v -1.83919597 -122.99999237 16.24456787
v -56.73250580 -35.50531387 12.49999619
v -56.00000000 -35.39999771 12.49999619
v -55.26749420 -35.50531387 12.49999619
v -54.59433365 -35.81273651 12.49999619
v -54.03504944 -36.29735947 12.49999619
v -53.63495636 -36.91991806 12.49999619
v -53.42646408 -37.62997818 12.49999619
v -53.42646408 -38.37001419 12.49999619
v -53.63495636 -39.08007431 12.49999619
v -54.03504944 -39.70263290 12.49999619
v -54.59433365 -40.18725586 12.49999619
v -55.26749420 -40.49467850 12.49999619
v -56.00000000 -40.59999466 12.49999619
v -56.73250580 -40.49467850 12.49999619
v -57.40566635 -40.18725586 12.49999619
v -57.96495056 -39.70263290 12.49999619
v -58.36504364 -39.08007431 12.49999619
v -58.57353592 -38.37001419 12.49999619
v -58.57353592 -37.62997818 12.49999619
v -58.36504364 -36.91991806 12.49999619
v -57.96495056 -36.29735947 12.49999619
v -57.40566635 -35.81273651 12.49999619
v 25.26749611 -35.50531387 12.49999619
v 26.00000000 -35.39999771 12.49999619
v 26.73250389 -35.50531387 12.49999619
v 27.40566635 -35.81273651 12.49999619
v 27.96494865 -36.29735947 12.49999619
v 28.36504364 -36.91991806 12.49999619
v 28.57353592 -37.62997818 12.49999619
v 28.57353592 -38.37001419 12.49999619
v 28.36504364 -39.08007431 12.49999619
v 27.96494865 -39.70263290 12.49999619
v 27.40566635 -40.18725586 12.49999619
v 26.73250389 -40.49467850 12.49999619
v 26.00000000 -40.59999466 12.49999619
v 25.26749611 -40.49467850 12.49999619
v 24.59433365 -40.18725586 12.49999619
v 24.03505135 -39.70263290 12.49999619
v 23.63495636 -39.08007431 12.49999619
v 23.42646408 -38.37001419 12.49999619
v 23.42646408 -37.62997818 12.49999619
v 23.63495636 -36.91991806 12.49999619
v 24.03505135 -36.29735947 12.49999619
v 24.59433365 -35.81273651 12.49999619
v 25.26749611 -117.50531769 12.49999619
v 26.00000000 -117.39999390 12.49999619
v 26.73250389 -117.50531769 12.49999619
v 27.40566635 -117.81273651 12.49999619
v 27.96494865 -118.29735565 12.49999619
v 28.36504364 -118.91991425 12.49999619
v 28.57353592 -119.62997437 12.49999619
v 28.57353592 -120.37001801 12.49999619
v 28.36504364 -121.08007812 12.49999619
v 27.96494865 -121.70263672 12.49999619
v 27.40566635 -122.18725586 12.49999619
v 26.73250389 -122.49467468 12.49999619
v 26.00000000 -122.59999847 12.49999619
v 25.26749611 -122.49467468 12.49999619
v 24.59433365 -122.18725586 12.49999619
v 24.03505135 -121.70263672 12.49999619
v 23.63495636 -121.08007812 12.49999619
v 23.42646408 -120.37001801 12.49999619
v 23.42646408 -119.62997437 12.49999619
v 23.63495636 -118.91991425 12.49999619
v 24.03505135 -118.29735565 12.49999619
v 24.59433365 -117.81273651 12.49999619
v -56.73250580 -117.50531769 12.49999619
v -56.00000000 -117.39999390 12.49999619
v -55.26749420 -117.50531769 12.49999619
v -54.59433365 -117.81273651 12.49999619
v -54.03504944 -118.29735565 12.49999619
v -53.63495636 -118.91991425 12.49999619
v -53.42646408 -119.62997437 12.49999619
v -53.42646408 -120.37001801 12.49999619
v -53.63495636 -121.08007812 12.49999619
v -54.03504944 -121.70263672 12.49999619
v -54.59433365 -122.18725586 12.49999619
v -55.26749420 -122.49467468 12.49999619
v -56.00000000 -122.59999847 12.49999619
v -56.73250580 -122.49467468 12.49999619
v -57.40566635 -122.18725586 12.49999619
v -57.96495056 -121.70263672 12.49999619
v -58.36504364 -121.08007812 12.49999619
v -58.57353592 -120.37001801 12.49999619
v -58.57353592 -119.62997437 12.49999619
v -58.36504364 -118.91991425 12.49999619
v -57.96495056 -118.29735565 12.49999619
v -57.40566635 -117.81273651 12.49999619
v -21.05430412 -42.23107529 77.50556946
v -21.58256721 -42.08225250 77.50000000
v -22.76385117 -43.31014633 77.59606934
v -24.36767769 -42.68888855 77.50000000
v -25.29015350 -43.95494843 77.59606934
v -27.09866714 -43.50531769 77.50000000
v -27.76402092 -44.77833176 77.59606934
v -29.75975227 -44.52682114 77.50000000
v -30.17284584 -45.77610016 77.59606934
v -32.33555984 -45.74750137 77.50000000
v -32.50435257 -46.94316864 77.59606934
v -34.81121063 -47.16030502 77.50000000
v -34.74666214 -48.27359009 77.59606934
v -37.17239761 -48.75706863 77.50000000
v -36.88834763 -49.76058960 77.59606934
v -39.40547943 -50.52856445 77.50000000
v -38.91849136 -51.39658356 77.59606934
v -41.49755478 -52.46455765 77.50000000
v -40.82675552 -53.17324066 77.59606934
v -42.60341263 -55.08150482 77.59606934
v -41.89454651 -55.69573975 77.88059998
v -43.48852539 -57.67375183 77.88059998
v -42.79651260 -58.19178772 78.34265137
v -44.21012878 -60.22778702 78.34265137
v -43.57272720 -60.63742065 78.96446228
v -44.80989838 -62.72256088 78.96446228
v -44.26414490 -63.02056503 79.72214508
v -45.32954407 -65.14895630 79.72214508
v -44.90924835 -65.34089661 80.58657837
v -45.80747223 -67.50940704 80.58657837
v -45.54088211 -67.60883331 81.52454376
v -46.27570343 -69.81661987 81.52454376
v -46.02191925 -69.31027985 82.50000000
v -46.70748901 -71.86661530 82.50000000
v -46.85115051 -72.07120514 81.52454376
v -47.26429367 -74.36109161 81.52454376
v -47.12917709 -72.01071930 80.58657837
v -47.54592514 -74.32059479 80.58657837
v -47.58066940 -71.91250610 79.72214508
v -48.00327301 -74.25484467 79.72214508
v -48.18827057 -71.78032684 78.96446228
v -48.61875534 -74.16635132 78.96446228
v -48.92863846 -71.61927032 78.34265137
v -49.36872864 -74.05851746 78.34265137
v -49.77331924 -71.43552399 77.88059998
v -50.22436142 -73.93550110 77.88059998
v -50.68984985 -71.23614502 77.59606934
v -51.15278244 -73.80200958 77.59606934
v -51.90830231 -72.36469269 77.50000000
v -52.30567169 -75.18727112 77.50000000
v -43.43653870 -54.55386353 77.50000000
v -44.23940659 -57.11164856 77.59606934
v -44.93733978 -59.76043701 77.88059998
v -45.47489929 -62.35943985 78.34265137
v -45.89516449 -64.89064789 78.96446228
v -46.24038696 -67.34793091 79.72214508
v -46.54870605 -69.73645782 80.58657837
v -45.21121979 -56.78441238 77.50000000
v -45.72640610 -59.25333405 77.59606934
v -46.23359680 -61.94516373 77.88059998
v -46.58437729 -64.57589722 78.34265137
v -46.82299805 -67.13063049 78.96446228
v -46.99203873 -69.60628510 79.72214508
v -46.81135559 -59.14331818 77.50000000
v -47.05682755 -61.49564362 77.59606934
v -47.37069321 -64.21679688 77.88059998
v -47.53290939 -66.86585236 78.34265137
v -47.58866501 -69.43109894 78.96446228
v -48.22769165 -61.61694717 77.50000000
v -48.22389603 -63.82715225 77.59606934
v -48.34283829 -66.56375885 77.88059998
v -48.31565857 -69.21763611 78.34265137
v -49.45205307 -64.19100952 77.50000000
v -49.22166443 -66.23597717 77.59606934
v -49.14507675 -68.97409821 77.88059998
v -50.47735977 -66.85063171 77.50000000
v -50.04504776 -68.70983887 77.59606934
v -51.29768753 -69.58045197 77.50000000
v -51.43148804 -76.39436340 77.59606934
v -52.48750305 -78.03187561 77.50000000
v -51.52454758 -79.00000000 77.59606934
v -52.45273972 -80.88208008 77.50000000
v -51.43148804 -81.60562897 77.59606934
v -52.20159149 -83.72140503 77.50000000
v -51.15278244 -84.19798279 77.59606934
v -51.73550034 -86.53345490 77.50000000
v -50.68984985 -86.76384735 77.59606934
v -51.05716705 -89.30197906 77.50000000
v -50.04504776 -89.29015350 77.59606934
v -50.17050552 -92.01097870 77.50000000
v -49.22166443 -91.76401520 77.59606934
v -49.08063889 -94.64480591 77.50000000
v -48.22389603 -94.17284393 77.59606934
v -47.05682755 -96.50434875 77.59606934
v -46.23359680 -96.05483246 77.88059998
v -44.93733978 -98.23955536 77.88059998
v -44.21012878 -97.77220917 78.34265137
v -42.79651260 -99.80820465 78.34265137
v -42.18995667 -99.35414124 78.96446228
v -40.66863251 -101.24198914 78.96446228
v -40.19869614 -100.83479309 79.72214508
v -38.57681656 -102.57681274 79.72214508
v -38.25009537 -102.25009155 80.58657837
v -36.53221512 -103.84949493 80.58657837
v -36.34589005 -103.63446808 81.52454376
v -34.53409958 -105.09449768 81.52454376
v -34.71168518 -104.83988190 82.50000000
v -32.62276840 -106.42155457 81.52454376
v -32.54376984 -106.35810852 82.50000000
v -30.62163544 -107.60888672 81.52454376
v -30.25951004 -107.69490051 82.50000000
v -28.54089928 -108.65042877 81.52454376
v -27.87405205 -108.84139252 82.50000000
v -26.39116096 -109.54087830 81.52454376
v -25.40321541 -109.78997803 82.50000000
v -24.18337440 -110.27570343 81.52454376
v -22.86338806 -110.53437805 82.50000000
v -21.92879295 -110.85115051 81.52454376
v -20.27140999 -111.06964111 82.50000000
v -19.63890457 -111.26428986 81.52454376
v -17.64447403 -111.39222717 82.50000000
v -17.32537651 -111.51301575 81.52454376
v -15.00000000 -111.50000000 82.50000000
v -15.00000000 -111.59606934 81.52454376
v -12.67462254 -111.51301575 81.52454376
v -15.00000000 -111.88059998 80.58657837
v -12.65432453 -111.79682159 80.58657837
v -15.00000000 -112.34265137 79.72214508
v -12.62136269 -112.25769806 79.72214508
v -15.00000000 -112.96446228 78.96446228
v -12.57700253 -112.87792206 78.96446228
v -15.00000000 -113.72214508 78.34265137
v -12.52295017 -113.63367462 78.34265137
v -15.00000000 -114.58657837 77.88059998
v -12.46128178 -114.49591064 77.88059998
v -15.00000000 -115.52454376 77.59606934
v -12.39436817 -115.43148041 77.59606934
v -15.00000000 -116.50000000 77.50000000
v -12.15164661 -116.39166260 77.50000000
v -47.79386902 -97.18824005 77.50000000
v -45.72640610 -98.74665833 77.59606934
v -43.48852539 -100.32624054 77.88059998
v -41.24124908 -101.73816681 78.34265137
v -39.01650620 -103.01650238 78.96446228
v -36.83479309 -104.19869232 79.72214508
v -34.70460892 -105.32227325 80.58657837
v -46.31762314 -99.62659454 77.50000000
v -44.23940659 -100.88834381 77.59606934
v -41.89454651 -102.30425262 77.88059998
v -39.55226517 -103.55226135 78.34265137
v -37.24199677 -104.66862488 78.96446228
v -34.98150635 -105.69216156 79.72214508
v -32.77659607 -106.66091919 80.58657837
v -44.66043472 -101.94577026 77.50000000
v -42.60341263 -102.91848755 77.59606934
v -40.16351318 -104.16351318 77.88059998
v -37.73817062 -105.24124908 78.34265137
v -35.35414505 -106.18994904 78.96446228
v -33.02639771 -107.04962158 79.72214508
v -30.75799561 -107.85861206 80.58657837
v -42.83188248 -104.13237762 77.50000000
v -40.82675552 -104.82675171 77.59606934
v -38.30425644 -105.89453888 77.88059998
v -35.80820847 -106.79650879 78.34265137
v -33.36257553 -107.57272339 78.96446228
v -30.97943306 -108.26414490 79.72214508
v -28.65909576 -108.90924072 80.58657837
v -40.84252167 -106.17377472 77.50000000
v -38.91849136 -106.60340881 77.59606934
v -36.32624435 -107.48852539 77.88059998
v -33.77220917 -108.21012878 78.34265137
v -31.27743530 -108.80989075 78.96446228
v -28.85103798 -109.32953644 79.72214508
v -26.49059296 -109.80746460 80.58657837
v -38.70385361 -108.05816650 77.50000000
v -36.88834763 -108.23940277 77.59606934
v -34.23955917 -108.93733215 77.88059998
v -31.64055443 -109.47489929 78.34265137
v -29.10934830 -109.89516449 78.96446228
v -26.65206337 -110.24038696 79.72214508
v -24.26353645 -110.54870605 80.58657837
v -36.42823029 -109.77467346 77.50000000
v -34.74666214 -109.72640228 77.59606934
v -32.05483246 -110.23358917 77.88059998
v -29.42410278 -110.58437347 78.34265137
v -26.86936378 -110.82299042 78.96446228
v -24.39371109 -110.99203491 79.72214508
v -21.98927498 -111.12917328 80.58657837
v -34.02880478 -111.31337738 77.50000000
v -32.50435257 -111.05682373 77.59606934
v -29.78320122 -111.37068939 77.88059998
v -27.13414764 -111.53290558 78.34265137
v -24.56889534 -111.58866119 78.96446228
v -22.08749008 -111.58066559 79.72214508
v -19.67939758 -111.54592133 80.58657837
v -31.51943588 -112.66538239 77.50000000
v -30.17284584 -112.22389221 77.59606934
v -27.43623543 -112.34283447 77.88059998
v -24.78236008 -112.31565094 78.34265137
v -22.21966743 -112.18827057 78.96446228
v -19.74515343 -112.00326538 79.72214508
v -17.34567451 -111.79682159 80.58657837
v -28.91462135 -113.82288361 77.50000000
v -27.76402092 -113.22166443 77.59606934
v -25.02589989 -113.14507294 77.88059998
v -22.38072395 -112.92863464 78.34265137
v -19.83364677 -112.61875153 78.96446228
v -17.37863731 -112.25769806 79.72214508
v -26.22941589 -114.77918243 77.50000000
v -25.29015350 -114.04504395 77.59606934
v -22.56447220 -113.77331543 77.88059998
v -19.94147682 -113.36872101 78.34265137
v -17.42299652 -112.87792206 78.96446228
v -23.47932816 -115.52876282 77.50000000
v -22.76385117 -114.68984222 77.59606934
v -20.06449890 -114.22435760 77.88059998
v -17.47704887 -113.63367462 78.34265137
v -20.68025017 -116.06729889 77.50000000
v -20.19798470 -115.15277863 77.59606934
v -17.53871727 -114.49591064 77.88059998
v -17.84835434 -116.39166260 77.50000000
v -17.60563087 -115.43148041 77.59606934
v -9.80201435 -115.15277863 77.59606934
v -9.31974983 -116.06729889 77.50000000
v -7.23614883 -114.68984222 77.59606934
v -6.52067232 -115.52876282 77.50000000
v -4.70984554 -114.04504395 77.59606934
v -3.77058506 -114.77918243 77.50000000
v -2.23597860 -113.22166443 77.59606934
v -1.08537781 -113.82288361 77.50000000
v 0.17284575 -112.22389221 77.59606934
v 1.51943541 -112.66538239 77.50000000
v 2.50435281 -111.05682373 77.59606934
v 4.02880478 -111.31337738 77.50000000
v 4.74666166 -109.72640228 77.59606934
v 6.42823172 -109.77467346 77.50000000
v 6.88834620 -108.23940277 77.59606934
v 8.70385361 -108.05816650 77.50000000
v 8.91849232 -106.60340881 77.59606934
v 10.84252167 -106.17377472 77.50000000
v 10.82675552 -104.82675171 77.59606934
v 12.83188057 -104.13237762 77.50000000
v 12.60341167 -102.91848755 77.59606934
v 14.66043568 -101.94577026 77.50000000
v 14.23940754 -100.88834381 77.59606934
v 16.31762314 -99.62659454 77.50000000
v 15.72640514 -98.74665833 77.59606934
v 17.79386711 -97.18824005 77.50000000
v 17.05682945 -96.50434875 77.59606934
v 19.08063889 -94.64480591 77.50000000
v 18.22389793 -94.17284393 77.59606934
v 19.22166634 -91.76401520 77.59606934
v 18.34283829 -91.43623352 77.88059998
v 19.14507675 -89.02589417 77.88059998
v 18.31565857 -88.78235626 78.34265137
v 18.92863846 -86.38072205 78.34265137
v 18.18827248 -86.21966553 78.96446228
v 18.61875725 -83.83364105 78.96446228
v 18.00327110 -83.74514771 79.72214508
v 18.25769806 -81.37863159 79.72214508
v 17.79682541 -81.34567261 80.58657837
v 17.88060188 -79.00000000 80.58657837
v 17.59607315 -79.00000000 81.52454376
v 17.51302338 -76.67462158 81.52454376
v 17.44464493 -77.10394287 82.50000000
v 17.18278122 -74.47025299 82.50000000
v 17.26429176 -74.36109161 81.52454376
v 16.85115051 -72.07120514 81.52454376
v 17.54592514 -74.32059479 80.58657837
v 17.12917709 -72.01071930 80.58657837
v 18.00327110 -74.25484467 79.72214508
v 17.58066750 -71.91250610 79.72214508
v 18.61875725 -74.16635132 78.96446228
v 18.18827248 -71.78032684 78.96446228
v 19.36872673 -74.05851746 78.34265137
v 18.92863846 -71.61927032 78.34265137
v 20.22436333 -73.93550110 77.88059998
v 19.77331734 -71.43552399 77.88059998
v 21.15278053 -73.80200958 77.59606934
v 20.68984795 -71.23614502 77.59606934
v 21.90830231 -72.36469269 77.50000000
v 21.29768753 -69.58045197 77.50000000
v 20.17050362 -92.01097870 77.50000000
v 20.04504776 -89.29015350 77.59606934
v 19.77331734 -86.56446838 77.88059998
v 19.36872673 -83.94147491 78.34265137
v 18.87792778 -81.42299652 78.96446228
v 18.34265137 -79.00000000 79.72214508
v 17.79682541 -76.65431976 80.58657837
v 21.05716515 -89.30197906 77.50000000
v 20.68984795 -86.76384735 77.59606934
v 20.22436333 -84.06449127 77.88059998
v 19.63368034 -81.47704315 78.34265137
v 18.96446609 -79.00000000 78.96446228
v 18.25769806 -76.62136078 79.72214508
v 21.73550034 -86.53345490 77.50000000
v 21.15278053 -84.19798279 77.59606934
v 20.49591255 -81.53871155 77.88059998
v 19.72214890 -79.00000000 78.34265137
v 18.87792778 -76.57699585 78.96446228
v 22.20158958 -83.72140503 77.50000000
v 21.43148804 -81.60562897 77.59606934
v 20.58658218 -79.00000000 77.88059998
v 19.63368034 -76.52294922 78.34265137
v 22.45273972 -80.88208008 77.50000000
v 21.52454758 -79.00000000 77.59606934
v 20.49591255 -76.46128082 77.88059998
v 22.48750114 -78.03187561 77.50000000
v 21.43148804 -76.39436340 77.59606934
v 22.30567169 -75.18727112 77.50000000
v 20.04504776 -68.70983887 77.59606934
v 20.47735786 -66.85063171 77.50000000
v 19.22166634 -66.23597717 77.59606934
v 19.45205116 -64.19100952 77.50000000
v 18.22389793 -63.82715225 77.59606934
v 18.22769165 -61.61694717 77.50000000
v 17.05682945 -61.49564362 77.59606934
v 16.81135559 -59.14331818 77.50000000
v 15.72640514 -59.25333405 77.59606934
v 15.21122074 -56.78441238 77.50000000
v 14.23940754 -57.11164856 77.59606934
v 13.43653679 -54.55386353 77.50000000
v 12.60341167 -55.08150482 77.59606934
v 11.49755573 -52.46455765 77.50000000
v 10.82675552 -53.17324066 77.59606934
v 8.91849232 -51.39658356 77.59606934
v 8.30425549 -52.10544968 77.88059998
v 6.32624435 -50.51147079 77.88059998
v 5.80820847 -51.20348358 78.34265137
v 3.77221084 -49.78986740 78.34265137
v 3.36257672 -50.42726898 78.96446228
v 1.27743602 -49.19009781 78.96446228
v 0.97943217 -49.73585129 79.72214508
v -1.14896178 -48.67045212 79.72214508
v -1.34090412 -49.09074783 80.58657837
v -3.50940728 -48.19252396 80.58657837
v -3.60883999 -48.45911407 81.52454376
v -5.81662464 -47.72429276 81.52454376
v -5.68955946 -47.86214447 82.50000000
v -8.07120609 -47.14884567 81.52454376
v -8.25407028 -47.20782089 82.50000000
v -10.36109543 -46.73570251 81.52454376
v -10.86331844 -46.76433563 82.50000000
v -12.67462254 -46.48697281 81.52454376
v -13.50000000 -46.50872040 81.99545288
v -13.50000000 -46.42824554 81.47467041
v -13.50000000 -46.29340363 80.96760559
v -12.65432453 -46.20317078 80.58657837
v -13.50000000 -46.11676788 80.50000000
v -12.62136269 -45.74229813 79.72214508
v -14.49984646 -46.08637238 80.50000000
v -15.00000000 -45.65734482 79.72214508
v -15.50015354 -46.08637238 80.50000000
v -16.50000000 -46.11676788 80.50000000
v -17.34567451 -46.20317078 80.58657837
v -16.50000000 -46.29340363 80.96760559
v -17.32537651 -46.48697281 81.52454376
v -16.50000000 -46.42824554 81.47467041
v -16.50000000 -46.50872040 81.99545288
v -19.13668251 -46.76433563 82.50000000
v -16.50000000 -46.53462982 82.50000000
v 9.40548038 -50.52856445 77.50000000
v 6.88834620 -49.76058960 77.59606934
v 4.23955917 -49.06265640 77.88059998
v 1.64055467 -48.52509689 78.34265137
v -0.89065087 -48.10483170 78.96446228
v -3.34793758 -47.75960922 79.72214508
v -5.73646402 -47.45129013 80.58657837
v 7.17239857 -48.75706863 77.50000000
v 4.74666166 -48.27359009 77.59606934
v 2.05483365 -47.76639938 77.88059998
v -0.57589811 -47.41561890 78.34265137
v -3.13063574 -47.17699814 78.96446228
v -5.60628939 -47.00795746 79.72214508
v -8.01072502 -46.87081909 80.58657837
v 4.81121111 -47.16030502 77.50000000
v 2.50435281 -46.94316864 77.59606934
v -0.21679923 -46.62930298 77.88059998
v -2.86585283 -46.46708679 78.34265137
v -5.43110418 -46.41133118 78.96446228
v -7.91250944 -46.41932678 79.72214508
v -10.32060242 -46.45407104 80.58657837
v 2.33556151 -45.74750137 77.50000000
v 0.17284575 -45.77610016 77.59606934
v -2.56376410 -45.65715790 77.88059998
v -5.21764040 -45.68433762 78.34265137
v -7.78033352 -45.81172562 78.96446228
v -10.25484562 -45.99672318 79.72214508
v -0.24024752 -44.52682114 77.50000000
v -2.23597860 -44.77833176 77.59606934
v -4.97410107 -44.85491943 77.88059998
v -7.61927652 -45.07135773 78.34265137
v -10.16635227 -45.38124084 78.96446228
v -2.90133357 -43.50531769 77.50000000
v -4.70984554 -43.95494843 77.59606934
v -7.43552780 -44.22667694 77.88059998
v -10.05852318 -44.63126755 78.34265137
v -12.57700253 -45.12206650 78.96446228
v -5.63232183 -42.68888855 77.50000000
v -7.23614883 -43.31014633 77.59606934
v -9.93550110 -43.77563477 77.88059998
v -12.52295017 -44.36631393 78.34265137
v -15.00000000 -45.03553009 78.96446228
v -17.37863731 -45.74229813 79.72214508
v -19.67939758 -46.45407104 80.58657837
v -19.63890457 -46.73570251 81.52454376
v -21.92879295 -47.14884567 81.52454376
v -21.74592972 -47.20782089 82.50000000
v -24.18337440 -47.72429276 81.52454376
v -24.31044006 -47.86214447 82.50000000
v -26.39116096 -48.45911407 81.52454376
v -26.81320572 -48.72297287 82.50000000
v -28.54089928 -49.34956360 81.52454376
v -29.23762894 -49.78459167 82.50000000
v -30.62163544 -50.39110565 81.52454376
v -31.56762886 -51.03995895 82.50000000
v -32.62276840 -51.57843399 81.52454376
v -33.78775787 -52.48075485 82.50000000
v -34.53409958 -52.90549469 81.52454376
v -35.88328552 -54.09741974 82.50000000
v -36.34589005 -54.36552811 81.52454376
v -37.84032440 -55.87923431 82.50000000
v -38.04890442 -55.95109177 81.52454376
v -39.63446808 -57.65410614 81.52454376
v -38.25009537 -55.74990082 80.58657837
v -39.84950256 -57.46778107 80.58657837
v -38.57681656 -55.42317963 79.72214508
v -40.19869614 -57.16520309 79.72214508
v -39.01650620 -54.98348999 78.96446228
v -40.66863251 -56.75799942 78.96446228
v -39.55226517 -54.44773102 78.34265137
v -41.24124908 -56.26182556 78.34265137
v -40.16351318 -53.83648300 77.88059998
v -8.41743279 -42.08225250 77.50000000
v -8.94560242 -42.23105621 77.50556946
v -9.49672699 -42.27815628 77.51356506
v -16.37664032 -42.25618362 77.55361938
v -12.39436817 -42.56850815 77.59606934
v -9.80201435 -42.84721375 77.59606934
v -20.50327301 -42.27815628 77.51356506
v -17.60563087 -42.56850815 77.59606934
v -15.00000000 -42.47544861 77.59606934
v -15.00000000 -43.41341400 77.88059998
v -12.46128178 -43.50408554 77.88059998
v -15.00000000 -44.27784729 78.34265137
v -20.19798470 -42.84721375 77.59606934
v -20.06449890 -43.77563477 77.88059998
v -17.53871727 -43.50408554 77.88059998
v -19.94147682 -44.63126755 78.34265137
v -17.47704887 -44.36631393 78.34265137
v -19.83364677 -45.38124084 78.96446228
v -17.42299652 -45.12206650 78.96446228
v -19.74515343 -45.99672318 79.72214508
v -13.50000000 -46.53462982 82.50000000
v -3.18679404 -48.72297287 82.50000000
v -1.45910168 -49.34956360 81.52454376
v 0.75799537 -50.14138412 80.58657837
v 3.02639866 -50.95037079 79.72214508
v 5.35414600 -51.81003952 78.96446228
v 7.73817205 -52.75874710 78.34265137
v 10.16351414 -53.83648300 77.88059998
v -0.76237166 -49.78459167 82.50000000
v 0.62163526 -50.39110565 81.52454376
v 2.77659583 -51.33907318 80.58657837
v 4.98150682 -52.30782700 79.72214508
v 7.24199533 -53.33136368 78.96446228
v 9.55226707 -54.44773102 78.34265137
v 11.89454460 -55.69573975 77.88059998
v 1.56762934 -51.03995895 82.50000000
v 2.62276793 -51.57843399 81.52454376
v 4.70461082 -52.67771912 80.58657837
v 6.83479357 -53.80130005 79.72214508
v 9.01650429 -54.98348999 78.96446228
v 11.24124908 -56.26182556 78.34265137
v 13.48852730 -57.67375183 77.88059998
v 3.78775692 -52.48075485 82.50000000
v 4.53409910 -52.90549469 81.52454376
v 6.53221560 -54.15049362 80.58657837
v 8.57681561 -55.42317963 79.72214508
v 10.66863060 -56.75799942 78.96446228
v 12.79651165 -58.19178772 78.34265137
v 14.93733883 -59.76043701 77.88059998
v 5.88328743 -54.09741974 82.50000000
v 6.34588861 -54.36552811 81.52454376
v 8.25009727 -55.74990082 80.58657837
v 10.19869518 -57.16520309 79.72214508
v 12.18995571 -58.64585114 78.96446228
v 14.21013069 -60.22778702 78.34265137
v 16.23359680 -61.94516373 77.88059998
v 7.84032393 -55.87923431 82.50000000
v 8.04890442 -55.95109177 81.52454376
v 9.84950161 -57.46778107 80.58657837
v 11.69216824 -59.01848984 79.72214508
v 13.57272720 -60.63742065 78.96446228
v 15.47490025 -62.35943985 78.34265137
v 17.37069511 -64.21679688 77.88059998
v 9.64588737 -57.81438065 82.50000000
v 9.63446903 -57.65410614 81.52454376
v 11.32227802 -59.29538727 80.58657837
v 13.04962349 -60.97359848 79.72214508
v 14.80989838 -62.72256088 78.96446228
v 16.58437729 -64.57589722 78.34265137
v 18.34283829 -66.56375885 77.88059998
v 11.09450150 -59.46589661 81.52454376
v 11.28800392 -59.89002991 82.50000000
v 12.42156219 -61.37722778 81.52454376
v 12.75578308 -62.09241104 82.50000000
v 13.60888863 -63.37836075 81.52454376
v 14.03949165 -64.40692139 82.50000000
v 14.65043163 -65.45909882 81.52454376
v 15.13061523 -66.81820679 82.50000000
v 15.54088211 -67.60883331 81.52454376
v 16.02191734 -69.31027985 82.50000000
v 16.27570343 -69.81661987 81.52454376
v 16.70748901 -71.86661530 82.50000000
v 17.49134064 -79.75019836 82.50000000
v 17.51302338 -81.32537079 81.52454376
v 17.54592514 -83.67939758 80.58657837
v 17.58066750 -86.08748627 79.72214508
v 17.58866692 -88.56889343 78.96446228
v 17.53290749 -91.13414001 78.34265137
v 17.37069511 -93.78319550 77.88059998
v 17.32255936 -82.39147949 82.50000000
v 17.26429176 -83.63890076 81.52454376
v 17.12917709 -85.98927307 80.58657837
v 16.99204063 -88.39370728 79.72214508
v 16.82299805 -90.86936188 78.96446228
v 16.58437729 -93.42409515 78.34265137
v 16.23359680 -96.05483246 77.88059998
v 16.93942070 -85.01026917 82.50000000
v 16.85115051 -85.92878723 81.52454376
v 16.54870605 -88.26353455 80.58657837
v 16.24038887 -90.65206146 79.72214508
v 15.89516544 -93.10934448 78.96446228
v 15.47490025 -95.64054871 78.34265137
v 14.93733883 -98.23955536 77.88059998
v 16.34446716 -87.58919525 82.50000000
v 16.27570343 -88.18337250 81.52454376
v 15.80747128 -90.49058533 80.58657837
v 15.32954311 -92.85103607 79.72214508
v 14.80989838 -95.27743530 78.96446228
v 14.21013069 -97.77220917 78.34265137
v 13.48852730 -100.32624054 77.88059998
v 15.54164124 -90.11116791 82.50000000
v 15.54088211 -90.39115906 81.52454376
v 14.90924835 -92.65909576 80.58657837
v 14.26414490 -94.97943115 79.72214508
v 13.57272720 -97.36257172 78.96446228
v 12.79651165 -99.80820465 78.34265137
v 11.89454460 -102.30425262 77.88059998
v 14.53626919 -92.55944824 82.50000000
v 14.65043163 -92.54089355 81.52454376
v 13.85861397 -94.75798798 80.58657837
v 13.04962349 -97.02639771 79.72214508
v 12.18995571 -99.35414124 78.96446228
v 11.24124908 -101.73816681 78.34265137
v 10.16351414 -104.16351318 77.88059998
v 13.60888863 -94.62162781 81.52454376
v 13.33501911 -94.91780853 82.50000000
v 12.42156219 -96.62276459 81.52454376
v 11.94585514 -97.17060089 82.50000000
v 11.09450150 -98.53409576 81.52454376
v 10.37799168 -99.30289459 82.50000000
v 9.63446903 -100.34588623 81.52454376
v 8.64182568 -101.30053711 82.50000000
v 8.04890442 -102.04890442 81.52454376
v 6.74887180 -103.15028381 82.50000000
v 6.34588861 -103.63446808 81.52454376
v 4.71168327 -104.83988190 82.50000000
v 4.53409910 -105.09449768 81.52454376
v 2.54377055 -106.35810852 82.50000000
v 2.62276793 -106.42155457 81.52454376
v 0.62163526 -107.60888672 81.52454376
v 0.75799537 -107.85861206 80.58657837
v -1.34090412 -108.90924072 80.58657837
v -1.14896178 -109.32953644 79.72214508
v -3.34793758 -110.24038696 79.72214508
v -3.13063574 -110.82299042 78.96446228
v -5.43110418 -111.58866119 78.96446228
v -5.21764040 -112.31565094 78.34265137
v -7.61927652 -112.92863464 78.34265137
v -7.43552780 -113.77331543 77.88059998
v -9.93550110 -114.22435760 77.88059998
v 0.25951067 -107.69490051 82.50000000
v -1.45910168 -108.65042877 81.52454376
v -3.50940728 -109.80746460 80.58657837
v -5.60628939 -110.99203491 79.72214508
v -7.78033352 -112.18827057 78.96446228
v -10.05852318 -113.36872101 78.34265137
v -2.12594748 -108.84139252 82.50000000
v -3.60883999 -109.54087830 81.52454376
v -5.73646402 -110.54870605 80.58657837
v -7.91250944 -111.58066559 79.72214508
v -10.16635227 -112.61875153 78.96446228
v -4.59678411 -109.78997803 82.50000000
v -5.81662464 -110.27570343 81.52454376
v -8.01072502 -111.12917328 80.58657837
v -10.25484562 -112.00326538 79.72214508
v -7.13661242 -110.53437805 82.50000000
v -8.07120609 -110.85115051 81.52454376
v -10.32060242 -111.54592133 80.58657837
v -9.72859001 -111.06964111 82.50000000
v -10.36109543 -111.26428986 81.52454376
v -12.35552597 -111.39222717 82.50000000
v -36.74887085 -103.15028381 82.50000000
v -38.04890442 -102.04890442 81.52454376
v -39.84950256 -100.53221130 80.58657837
v -41.69216919 -98.98150635 79.72214508
v -43.57272720 -97.36257172 78.96446228
v -45.47489929 -95.64054871 78.34265137
v -47.37069321 -93.78319550 77.88059998
v -38.64182663 -101.30053711 82.50000000
v -39.63446808 -100.34588623 81.52454376
v -41.32227707 -98.70460510 80.58657837
v -43.04962540 -97.02639771 79.72214508
v -44.80989838 -95.27743530 78.96446228
v -46.58437729 -93.42409515 78.34265137
v -48.34283829 -91.43623352 77.88059998
v -40.37799072 -99.30289459 82.50000000
v -41.09450150 -98.53409576 81.52454376
v -42.66092300 -96.77658844 80.58657837
v -44.26414490 -94.97943115 79.72214508
v -45.89516449 -93.10934448 78.96446228
v -47.53290939 -91.13414001 78.34265137
v -49.14507675 -89.02589417 77.88059998
v -41.94585419 -97.17060089 82.50000000
v -42.42156219 -96.62276459 81.52454376
v -43.85861206 -94.75798798 80.58657837
v -45.32954407 -92.85103607 79.72214508
v -46.82299805 -90.86936188 78.96446228
v -48.31565857 -88.78235626 78.34265137
v -49.77331924 -86.56446838 77.88059998
v -43.33501816 -94.91780853 82.50000000
v -43.60889053 -94.62162781 81.52454376
v -44.90924835 -92.65909576 80.58657837
v -46.24038696 -90.65206146 79.72214508
v -47.58866501 -88.56889343 78.96446228
v -48.92863846 -86.38072205 78.34265137
v -50.22436142 -84.06449127 77.88059998
v -44.53627014 -92.55944824 82.50000000
v -44.65043259 -92.54089355 81.52454376
v -45.80747223 -90.49058533 80.58657837
v -46.99203873 -88.39370728 79.72214508
v -48.18827057 -86.21966553 78.96446228
v -49.36872864 -83.94147491 78.34265137
v -50.49591064 -81.53871155 77.88059998
v -45.54164124 -90.11116791 82.50000000
v -45.54088211 -90.39115906 81.52454376
v -46.54870605 -88.26353455 80.58657837
v -47.58066940 -86.08748627 79.72214508
v -48.61875534 -83.83364105 78.96446228
v -49.63368225 -81.47704315 78.34265137
v -50.58658218 -79.00000000 77.88059998
v -46.27570343 -88.18337250 81.52454376
v -46.34446716 -87.58919525 82.50000000
v -46.85115051 -85.92878723 81.52454376
v -46.93942261 -85.01026917 82.50000000
v -47.26429367 -83.63890076 81.52454376
v -47.32255936 -82.39147949 82.50000000
v -47.51302338 -81.32537079 81.52454376
v -47.49134064 -79.75019836 82.50000000
v -47.59607315 -79.00000000 81.52454376
v -47.44464493 -77.10394287 82.50000000
v -47.51302338 -76.67462158 81.52454376
v -47.18278122 -74.47025299 82.50000000
v -45.13061523 -66.81820679 82.50000000
v -44.65043259 -65.45909882 81.52454376
v -43.85861206 -63.24200058 80.58657837
v -43.04962540 -60.97359848 79.72214508
v -42.18995667 -58.64585114 78.96446228
v -44.03948975 -64.40692139 82.50000000
v -43.60889053 -63.37836075 81.52454376
v -42.66092300 -61.22340012 80.58657837
v -41.69216919 -59.01848984 79.72214508
v -42.75578308 -62.09241104 82.50000000
v -42.42156219 -61.37722778 81.52454376
v -41.32227707 -59.29538727 80.58657837
v -41.28800583 -59.89002991 82.50000000
v -41.09450150 -59.46589661 81.52454376
v -39.64588928 -57.81438065 82.50000000
v -22.56447220 -44.22667694 77.88059998
v -25.02589989 -44.85491943 77.88059998
v -27.43623543 -45.65715790 77.88059998
v -29.78320122 -46.62930298 77.88059998
v -32.05483246 -47.76639938 77.88059998
v -34.23955917 -49.06265640 77.88059998
v -36.32624435 -50.51147079 77.88059998
v -38.30425644 -52.10544968 77.88059998
v -22.38072395 -45.07135773 78.34265137
v -24.78236008 -45.68433762 78.34265137
v -27.13414764 -46.46708679 78.34265137
v -29.42410278 -47.41561890 78.34265137
v -31.64055443 -48.52509689 78.34265137
v -33.77220917 -49.78986740 78.34265137
v -35.80820847 -51.20348358 78.34265137
v -37.73817062 -52.75874710 78.34265137
v -22.21966743 -45.81172562 78.96446228
v -24.56889534 -46.41133118 78.96446228
v -26.86936378 -47.17699814 78.96446228
v -29.10934830 -48.10483170 78.96446228
v -31.27743530 -49.19009781 78.96446228
v -33.36257553 -50.42726898 78.96446228
v -35.35414505 -51.81003952 78.96446228
v -37.24199677 -53.33136368 78.96446228
v -22.08749008 -46.41932678 79.72214508
v -24.39371109 -47.00795746 79.72214508
v -26.65206337 -47.75960922 79.72214508
v -28.85103798 -48.67045212 79.72214508
v -30.97943306 -49.73585129 79.72214508
v -33.02639771 -50.95037079 79.72214508
v -34.98150635 -52.30782700 79.72214508
v -36.83479309 -53.80130005 79.72214508
v -21.98927498 -46.87081909 80.58657837
v -24.26353645 -47.45129013 80.58657837
v -26.49059296 -48.19252396 80.58657837
v -28.65909576 -49.09074783 80.58657837
v -30.75799561 -50.14138412 80.58657837
v -32.77659607 -51.33907318 80.58657837
v -34.70460892 -52.67771912 80.58657837
v -36.53221512 -54.15049362 80.58657837
v -50.49591064 -76.46128082 77.88059998
v -49.63368225 -76.52294922 78.34265137
v -49.72214890 -79.00000000 78.34265137
v -48.87792969 -76.57699585 78.96446228
v -48.96446609 -79.00000000 78.96446228
v -48.87792969 -81.42299652 78.96446228
v -48.25769806 -76.62136078 79.72214508
v -48.34265137 -79.00000000 79.72214508
v -48.25769806 -81.37863159 79.72214508
v -48.00327301 -83.74514771 79.72214508
v -47.79682541 -76.65431976 80.58657837
v -47.88060379 -79.00000000 80.58657837
v -47.79682541 -81.34567261 80.58657837
v -47.54592514 -83.67939758 80.58657837
v -47.12917709 -85.98927307 80.58657837
v -4.97410107 -113.14507294 77.88059998
v -2.86585283 -111.53290558 78.34265137
v -0.89065087 -109.89516449 78.96446228
v 0.97943217 -108.26414490 79.72214508
v 2.77659583 -106.66091919 80.58657837
v -2.56376410 -112.34283447 77.88059998
v -0.57589811 -110.58437347 78.34265137
v 1.27743602 -108.80989075 78.96446228
v 3.02639866 -107.04962158 79.72214508
v 4.70461082 -105.32227325 80.58657837
v -0.21679923 -111.37068939 77.88059998
v 1.64055467 -109.47489929 78.34265137
v 3.36257672 -107.57272339 78.96446228
v 4.98150682 -105.69216156 79.72214508
v 6.53221560 -103.84949493 80.58657837
v 2.05483365 -110.23358917 77.88059998
v 3.77221084 -108.21012878 78.34265137
v 5.35414600 -106.18994904 78.96446228
v 6.83479357 -104.19869232 79.72214508
v 8.25009727 -102.25009155 80.58657837
v 4.23955917 -108.93733215 77.88059998
v 5.80820847 -106.79650879 78.34265137
v 7.24199533 -104.66862488 78.96446228
v 8.57681561 -102.57681274 79.72214508
v 9.84950161 -100.53221130 80.58657837
v 6.32624435 -107.48852539 77.88059998
v 7.73817205 -105.24124908 78.34265137
v 9.01650429 -103.01650238 78.96446228
v 10.19869518 -100.83479309 79.72214508
v 11.32227802 -98.70460510 80.58657837
v 8.30425549 -105.89453888 77.88059998
v 9.55226707 -103.55226135 78.34265137
v 10.66863060 -101.24198914 78.96446228
v 11.69216824 -98.98150635 79.72214508
v 12.66092300 -96.77658844 80.58657837
v 19.14507675 -68.97409821 77.88059998
v 18.31565857 -69.21763611 78.34265137
v 17.53290749 -66.86585236 78.34265137
v 17.58866692 -69.43109894 78.96446228
v 16.82299805 -67.13063049 78.96446228
v 15.89516544 -64.89064789 78.96446228
v 16.99204063 -69.60628510 79.72214508
v 16.24038887 -67.34793091 79.72214508
v 15.32954311 -65.14895630 79.72214508
v 14.26414490 -63.02056503 79.72214508
v 16.54870605 -69.73645782 80.58657837
v 15.80747128 -67.50940704 80.58657837
v 14.90924835 -65.34089661 80.58657837
v 13.85861397 -63.24200058 80.58657837
v 12.66092300 -61.22340012 80.58657837
v 17.00000000 -42.99999619 69.00000000
v -38.00000000 -53.99999619 69.00000000
v -47.00000000 -42.99999619 69.00000000
v -38.61803436 -54.09788132 69.00000000
v -39.17557144 -54.38196182 69.00000000
v 17.97545242 -43.09606934 69.00000000
v 18.91341782 -43.38059998 69.00000000
v 19.77785110 -43.84264755 69.00000000
v 20.53553391 -44.46446228 69.00000000
v 21.15734863 -45.22214508 69.00000000
v 21.61939812 -46.08657837 69.00000000
v 21.90392685 -47.02454376 69.00000000
v 22.00000000 -47.99999619 69.00000000
v 9.61803436 -54.82442474 69.00000000
v 9.17557049 -54.38196182 69.00000000
v 22.00000000 -111.00000000 69.00000000
v 10.00000000 -102.00000000 69.00000000
v 10.00000000 -55.99999619 69.00000000
v 9.90211296 -55.38196182 69.00000000
v 21.90392685 -111.97544861 69.00000000
v 17.00000000 -116.00000000 69.00000000
v 9.17557049 -103.61802673 69.00000000
v 9.61803436 -103.17556763 69.00000000
v 21.61939812 -112.91341400 69.00000000
v 21.15734863 -113.77784729 69.00000000
v 20.53553391 -114.53553009 69.00000000
v 19.77785110 -115.15734100 69.00000000
v 18.91341782 -115.61939240 69.00000000
v 17.97545242 -115.90392303 69.00000000
v -47.00000000 -116.00000000 69.00000000
v 8.00000000 -104.00000000 69.00000000
v 8.61803436 -103.90210724 69.00000000
v -47.97545242 -115.90392303 69.00000000
v -48.91341782 -115.61939240 69.00000000
v -49.77785110 -115.15734100 69.00000000
v -50.53553391 -114.53553009 69.00000000
v -51.15734863 -113.77784729 69.00000000
v -51.61939621 -112.91341400 69.00000000
v -51.90392685 -111.97544861 69.00000000
v -52.00000000 -111.00000000 69.00000000
v -39.17557144 -103.61802673 69.00000000
v -38.61803436 -103.90210724 69.00000000
v -52.00000000 -47.99999619 69.00000000
v -40.00000000 -102.00000000 69.00000000
v -39.90211487 -102.61802673 69.00000000
v -39.61803436 -103.17556763 69.00000000
v -51.90392685 -47.02454376 69.00000000
v -39.61803436 -54.82442474 69.00000000
v -39.90211487 -55.38196182 69.00000000
v -51.61939621 -46.08657837 69.00000000
v -51.15734863 -45.22214508 69.00000000
v -50.53553391 -44.46446228 69.00000000
v -49.77785110 -43.84264755 69.00000000
v -48.91341782 -43.38059998 69.00000000
v -47.97545242 -43.09606934 69.00000000
v -40.00000000 -55.99999619 69.00000000
v -38.00000000 -104.00000000 69.00000000
v 9.90211296 -102.61802673 69.00000000
v 8.61803436 -54.09788132 69.00000000
v 8.00000000 -53.99999619 69.00000000
v -9.50000000 -36.99999619 70.14999390
v -9.50000000 -36.99999619 67.64999390
v -47.00000000 -42.99999619 2.99999619
v 17.00000000 -42.99999619 2.99999619
v -13.50000000 -49.49999619 82.50000000
v -13.59046078 -50.01302719 82.50000000
v -13.85093307 -50.46417618 82.50000000
v -14.25000000 -50.79903412 82.50000000
v -14.73952770 -50.97720718 82.50000000
v -15.26047230 -50.97720718 82.50000000
v -15.75000000 -50.79903412 82.50000000
v -16.14906693 -50.46417618 82.50000000
v -16.40953827 -50.01302719 82.50000000
v -16.50000000 -49.49999619 82.50000000
v -16.11207962 -104.47082520 82.50000000
v -16.33021164 -109.46687317 82.50000000
v -16.29982948 -109.66161346 82.50000000
v -16.19654655 -109.82949066 82.50000000
v -16.03640938 -109.94439697 82.50000000
v -15.84430599 -109.98849487 82.50000000
v -15.28146648 -109.99871826 82.50000000
v -14.71853352 -109.99871826 82.50000000
v -13.88791943 -104.47082520 82.50000000
v -16.03599930 -104.22675323 82.50000000
v -15.84920883 -104.05218506 82.50000000
v -15.60054588 -103.99278259 82.50000000
v -15.20019913 -103.99919128 82.50000000
v -14.79980087 -103.99919128 82.50000000
v -14.39945412 -103.99278259 82.50000000
v -14.15079117 -104.05218506 82.50000000
v -13.96400070 -104.22675323 82.50000000
v -65.00000000 -37.99999619 11.99999619
v -65.00000000 -37.99999619 2.99999619
v -65.00000000 -48.99999619 11.99999619
v -65.00000000 -77.51869202 10.15395737
v -65.00000000 -76.71592712 10.64589405
v -65.00000000 -119.99999237 2.99999619
v -65.00000000 -80.24263763 9.49999619
v -65.00000000 -79.30403137 9.57386589
v -65.00000000 -78.38853455 9.79365730
v -65.00000000 -119.99999237 11.99999619
v -65.00000000 -108.99999237 11.99999619
v -65.00000000 -101.49999237 10.30384350
v -65.00000000 -100.55211639 9.86184025
v -65.00000000 -109.00000000 72.50000000
v -65.00000000 -104.49999237 38.75735474
v -65.00000000 -104.49999237 15.49999619
v -65.00000000 -104.40884399 14.45810699
v -65.00000000 -48.99999619 72.50000000
v -65.00000000 -77.75735474 65.50000000
v -65.00000000 -78.69596100 65.42612457
v -65.00000000 -79.61145782 65.20633698
v -65.00000000 -53.49999619 36.24263763
v -65.00000000 -53.49999619 59.49999619
v -65.00000000 -53.59114838 60.54188538
v -65.00000000 -104.13815308 13.44787502
v -65.00000000 -103.69615173 12.49999619
v -65.00000000 -103.09626007 11.64327049
v -65.00000000 -102.35671997 10.90372944
v -65.00000000 -99.54188538 9.59114933
v -65.00000000 -98.49999237 9.49999619
v -65.00000000 -75.99999237 11.25735569
v -65.00000000 -55.25735474 31.99999619
v -65.00000000 -54.64589310 32.71592712
v -65.00000000 -54.15395737 33.51869202
v -65.00000000 -53.79365540 34.38853455
v -65.00000000 -53.57386780 35.30403137
v -65.00000000 -53.86183929 61.55211639
v -65.00000000 -54.30384445 62.49999619
v -65.00000000 -54.90372849 63.35671997
v -65.00000000 -55.64327240 64.09626007
v -65.00000000 -56.49999619 64.69615173
v -65.00000000 -57.44787598 65.13815308
v -65.00000000 -58.45810699 65.40884399
v -65.00000000 -59.49999619 65.50000000
v -65.00000000 -80.48130035 64.84603882
v -65.00000000 -81.28406525 64.35409546
v -65.00000000 -82.00000000 63.74263763
v -65.00000000 -102.74263763 42.99999619
v -65.00000000 -103.35409546 42.28406525
v -65.00000000 -103.84603882 41.48130035
v -65.00000000 -104.20633698 40.61145782
v -65.00000000 -104.42612457 39.69596100
v -35.00000000 -28.99999619 67.75000000
v -45.00000000 -28.99999619 72.50000000
v -36.02422333 -28.99999619 67.64911652
v -37.00908661 -28.99999619 67.35036469
v -9.50000000 -28.99999619 69.84999847
v 5.00000000 -28.99999619 67.75000000
v -8.84834957 -28.99999619 69.94424438
v -8.25010395 -28.99999619 70.21925354
v -7.75429106 -28.99999619 70.65249634
v -7.40154362 -28.99999619 71.20846558
v -7.22077036 -28.99999619 71.84159088
v -7.22678661 -28.99999619 72.50000000
v 15.00000000 -28.99999619 72.50000000
v 6.02422428 -28.99999619 67.64911652
v 7.00908804 -28.99999619 67.35036469
v 7.91674376 -28.99999619 66.86521149
v 8.71231079 -28.99999619 66.21230316
v 9.36521530 -28.99999619 65.41674042
v 9.85036755 -28.99999619 64.50908661
v 10.14912319 -28.99999619 63.52421951
v 10.25000000 -28.99999619 62.49999619
v 15.00000000 -28.99999619 11.99999619
v 10.25000000 -28.99999619 12.49999619
v 10.14912319 -28.99999619 11.47577190
v 9.85036755 -28.99999619 10.49090862
v 9.36521530 -28.99999619 9.58325291
v 8.71231079 -28.99999619 8.78768539
v 26.00000000 -28.99999619 2.99999619
v 7.91674376 -28.99999619 8.13478088
v 7.00908804 -28.99999619 7.64962864
v 6.02422428 -28.99999619 7.35087347
v 5.00000000 -28.99999619 7.24999619
v -56.00000000 -28.99999619 2.99999619
v -35.00000000 -28.99999619 7.24999619
v -36.02422333 -28.99999619 7.35087347
v -37.00908661 -28.99999619 7.64962864
v -37.91674423 -28.99999619 8.13478088
v -38.71231079 -28.99999619 8.78768539
v -45.00000000 -28.99999619 11.99999619
v -39.36521530 -28.99999619 9.58325291
v -39.85036850 -28.99999619 10.49090862
v -40.14912415 -28.99999619 11.47577190
v -40.25000000 -28.99999619 12.49999619
v -40.25000000 -28.99999619 62.49999619
v -40.14912415 -28.99999619 63.52421951
v -39.85036850 -28.99999619 64.50908661
v -39.36521530 -28.99999619 65.41674042
v -38.71231079 -28.99999619 66.21230316
v -37.91674423 -28.99999619 66.86521149
v 26.00000000 -28.99999619 11.99999619
v -56.00000000 -28.99999619 11.99999619
v 35.00000000 -119.99999237 11.99999619
v 35.00000000 -119.99999237 2.99999619
v 35.00000000 -108.99999237 11.99999619
v 35.00000000 -101.49999237 10.30384350
v 35.00000000 -102.35671997 10.90372944
v 35.00000000 -37.99999619 2.99999619
v 35.00000000 -80.24263763 9.49999619
v 35.00000000 -98.49999237 9.49999619
v 35.00000000 -99.54188538 9.59114933
v 35.00000000 -37.99999619 11.99999619
v 35.00000000 -48.99999619 11.99999619
v 35.00000000 -77.51869202 10.15395737
v 35.00000000 -78.38853455 9.79365730
v 35.00000000 -48.99999619 72.50000000
v 35.00000000 -53.49999619 36.24263763
v 35.00000000 -53.57386780 35.30403137
v 35.00000000 -53.79365540 34.38853455
v 35.00000000 -109.00000000 72.50000000
v 35.00000000 -77.75735474 65.50000000
v 35.00000000 -59.49999619 65.50000000
v 35.00000000 -58.45810699 65.40884399
v 35.00000000 -104.49999237 38.75735474
v 35.00000000 -104.42612457 39.69596100
v 35.00000000 -104.20633698 40.61145782
v 35.00000000 -100.55211639 9.86184025
v 35.00000000 -103.09626007 11.64327049
v 35.00000000 -103.69615173 12.49999619
v 35.00000000 -104.13815308 13.44787502
v 35.00000000 -104.40884399 14.45810699
v 35.00000000 -104.49999237 15.49999619
v 35.00000000 -103.84603882 41.48130035
v 35.00000000 -103.35409546 42.28406525
v 35.00000000 -102.74263763 42.99999619
v 35.00000000 -82.00000000 63.74263763
v 35.00000000 -81.28406525 64.35409546
v 35.00000000 -80.48130035 64.84603882
v 35.00000000 -79.61145782 65.20633698
v 35.00000000 -78.69596100 65.42612457
v 35.00000000 -57.44787598 65.13815308
v 35.00000000 -56.49999619 64.69615173
v 35.00000000 -55.64327240 64.09626007
v 35.00000000 -54.90372849 63.35671997
v 35.00000000 -54.30384445 62.49999619
v 35.00000000 -53.86183929 61.55211639
v 35.00000000 -53.59114838 60.54188538
v 35.00000000 -53.49999619 59.49999619
v 35.00000000 -54.15395737 33.51869202
v 35.00000000 -54.64589310 32.71592712
v 35.00000000 -55.25735474 31.99999619
v 35.00000000 -75.99999237 11.25735569
v 35.00000000 -76.71592712 10.64589405
v 35.00000000 -79.30403137 9.57386589
v -56.00000000 -129.00000000 11.99999619
v -56.00000000 -129.00000000 2.99999619
v -45.00000000 -129.00000000 11.99999619
v 26.00000000 -129.00000000 2.99999619
v 26.00000000 -129.00000000 11.99999619
v 15.00000000 -129.00000000 11.99999619
v 15.00000000 -129.00000000 72.50000000
v -45.00000000 -129.00000000 72.50000000
v -50.00000000 -37.99999619 12.49999619
v -50.00000000 -37.99999619 72.50000000
v -50.00000000 -33.99999619 12.49999619
v -50.00000000 -33.99999619 72.50000000
v -60.00000000 -43.99999619 12.49999619
v -60.00000000 -43.99999619 72.50000000
v -56.00000000 -43.99999619 12.49999619
v -56.00000000 -43.99999619 72.50000000
v 26.00000000 -43.99999619 12.49999619
v 26.00000000 -43.99999619 72.50000000
v 30.00000000 -43.99999619 12.49999619
v 30.00000000 -43.99999619 72.50000000
v 20.00000000 -33.99999619 12.49999619
v 20.00000000 -33.99999619 72.50000000
v 20.00000000 -37.99999619 12.49999619
v 20.00000000 -37.99999619 72.50000000
v 20.00000000 -120.00000000 72.50000000
v 20.00000000 -124.00000000 72.50000000
v 20.00000000 -119.99999237 12.49999619
v 20.00000000 -123.99999237 12.49999619
v 30.00000000 -113.99999237 12.49999619
v 30.00000000 -114.00000000 72.50000000
v 26.00000000 -113.99999237 12.49999619
v 26.00000000 -114.00000000 72.50000000
v -56.00000000 -113.99999237 12.49999619
v -56.00000000 -114.00000000 72.50000000
v -60.00000000 -113.99999237 12.49999619
v -60.00000000 -114.00000000 72.50000000
v -50.00000000 -124.00000000 72.50000000
v -50.00000000 -120.00000000 72.50000000
v -50.00000000 -123.99999237 12.49999619
v -50.00000000 -119.99999237 12.49999619
v 20.09115410 -39.04188538 12.49999619
v 20.09115410 -39.04188538 32.49999619
v 20.09115410 -39.04188538 52.49999619
v 20.09115410 -39.04188538 72.50000000
v 20.36184502 -40.05211639 52.49999619
v 20.36184502 -40.05211639 72.50000000
v 20.80384827 -40.99999619 52.49999619
v 20.80384827 -40.99999619 72.50000000
v 21.40373421 -41.85671997 52.49999619
v 21.40373421 -41.85671997 72.50000000
v 22.14327431 -42.59626389 52.49999619
v 22.14327431 -42.59626389 72.50000000
v 23.00000000 -43.19614792 52.49999619
v 23.00000000 -43.19614792 72.50000000
v 23.94787979 -43.63815308 52.49999619
v 23.94787979 -43.63815308 72.50000000
v 24.95811081 -43.90884399 52.49999619
v 24.95811081 -43.90884399 72.50000000
v 24.95811081 -43.90884399 32.49999619
v 23.94787979 -43.63815308 32.49999619
v 23.00000000 -43.19614792 32.49999619
v 22.14327431 -42.59626389 32.49999619
v 21.40373421 -41.85671997 32.49999619
v 20.80384827 -40.99999619 32.49999619
v 20.36184502 -40.05211639 32.49999619
v 24.95811081 -43.90884399 12.49999619
v 23.94787979 -43.63815308 12.49999619
v 23.00000000 -43.19614792 12.49999619
v 22.14327431 -42.59626389 12.49999619
v 21.40373421 -41.85671997 12.49999619
v 20.80384827 -40.99999619 12.49999619
v 20.36184502 -40.05211639 12.49999619
v 24.95811081 -114.09114838 12.49999619
v 24.95811081 -114.09114838 32.49999619
v 24.95811081 -114.09114838 52.49999619
v 24.95811081 -114.09114838 72.50000000
v 23.94787979 -114.36183929 52.49999619
v 23.94787979 -114.36183929 72.50000000
v 23.00000000 -114.80384064 52.49999619
v 23.00000000 -114.80384064 72.50000000
v 22.14327431 -115.40373230 52.49999619
v 22.14327431 -115.40373230 72.50000000
v 21.40373421 -116.14327240 52.49999619
v 21.40373421 -116.14327240 72.50000000
v 20.80384827 -117.00000000 52.49999619
v 20.80384827 -117.00000000 72.50000000
v 20.36184502 -117.94787598 52.49999619
v 20.36184502 -117.94787598 72.50000000
v 20.09115410 -118.95810699 52.49999619
v 20.09115410 -118.95810699 72.50000000
v 20.09115410 -118.95810699 32.49999619
v 20.36184502 -117.94787598 32.49999619
v 20.80384827 -116.99999237 32.49999619
v 21.40373421 -116.14327240 32.49999619
v 22.14327431 -115.40373230 32.49999619
v 23.00000000 -114.80384064 32.49999619
v 23.94787979 -114.36183929 32.49999619
v 20.09115410 -118.95810699 12.49999619
v 20.36184502 -117.94787598 12.49999619
v 20.80384827 -116.99999237 12.49999619
v 21.40373421 -116.14327240 12.49999619
v 22.14327431 -115.40373230 12.49999619
v 23.00000000 -114.80384064 12.49999619
v 23.94787979 -114.36183929 12.49999619
v -50.09115219 -118.95810699 12.49999619
v -50.09115219 -118.95810699 32.49999619
v -50.09115219 -118.95810699 52.49999619
v -50.09115219 -118.95810699 72.50000000
v -50.36184311 -117.94787598 52.49999619
v -50.36184311 -117.94787598 72.50000000
v -50.80384827 -117.00000000 52.49999619
v -50.80384827 -117.00000000 72.50000000
v -51.40373230 -116.14327240 52.49999619
v -51.40373230 -116.14327240 72.50000000
v -52.14327621 -115.40373230 52.49999619
v -52.14327621 -115.40373230 72.50000000
v -53.00000000 -114.80384064 52.49999619
v -53.00000000 -114.80384064 72.50000000
v -53.94787979 -114.36183929 52.49999619
v -53.94787979 -114.36183929 72.50000000
v -54.95811081 -114.09114838 52.49999619
v -54.95811081 -114.09114838 72.50000000
v -54.95811081 -114.09114838 32.49999619
v -53.94787979 -114.36183929 32.49999619
v -53.00000000 -114.80384064 32.49999619
v -52.14327621 -115.40373230 32.49999619
v -51.40373230 -116.14327240 32.49999619
v -50.80384827 -116.99999237 32.49999619
v -50.36184311 -117.94787598 32.49999619
v -54.95811081 -114.09114838 12.49999619
v -53.94787979 -114.36183929 12.49999619
v -53.00000000 -114.80384064 12.49999619
v -52.14327621 -115.40373230 12.49999619
v -51.40373230 -116.14327240 12.49999619
v -50.80384827 -116.99999237 12.49999619
v -50.36184311 -117.94787598 12.49999619
v -54.95811081 -43.90884399 12.49999619
v -54.95811081 -43.90884399 32.49999619
v -54.95811081 -43.90884399 52.49999619
v -54.95811081 -43.90884399 72.50000000
v -53.94787979 -43.63815308 52.49999619
v -53.94787979 -43.63815308 72.50000000
v -53.00000000 -43.19614792 52.49999619
v -53.00000000 -43.19614792 72.50000000
v -52.14327621 -42.59626389 52.49999619
v -52.14327621 -42.59626389 72.50000000
v -51.40373230 -41.85671997 52.49999619
v -51.40373230 -41.85671997 72.50000000
v -50.80384827 -40.99999619 52.49999619
v -50.80384827 -40.99999619 72.50000000
v -50.36184311 -40.05211639 52.49999619
v -50.36184311 -40.05211639 72.50000000
v -50.09115219 -39.04188538 52.49999619
v -50.09115219 -39.04188538 72.50000000
v -50.09115219 -39.04188538 32.49999619
v -50.36184311 -40.05211639 32.49999619
v -50.80384827 -40.99999619 32.49999619
v -51.40373230 -41.85671997 32.49999619
v -52.14327621 -42.59626389 32.49999619
v -53.00000000 -43.19614792 32.49999619
v -53.94787979 -43.63815308 32.49999619
v -50.09115219 -39.04188538 12.49999619
v -50.36184311 -40.05211639 12.49999619
v -50.80384827 -40.99999619 12.49999619
v -51.40373230 -41.85671997 12.49999619
v -52.14327621 -42.59626389 12.49999619
v -53.00000000 -43.19614792 12.49999619
v -53.94787979 -43.63815308 12.49999619
v -49.91317749 -33.07226181 12.49999619
v -49.65572357 -32.17674637 12.49999619
v -56.00000000 -29.49999619 12.49999619
v -49.23657990 -31.34455299 12.49999619
v -48.67030716 -30.60457993 12.49999619
v -47.97656631 -29.98252678 12.49999619
v -47.17945099 -29.49999619 12.49999619
v -57.32969284 -29.60464478 12.49999619
v -58.62664413 -29.91601562 12.49999619
v -59.85892105 -30.42644119 12.49999619
v -60.99617386 -31.12335205 12.49999619
v -62.01040649 -31.98958778 12.49999619
v -62.87664413 -33.00382233 12.49999619
v -63.57355499 -34.14107513 12.49999619
v -64.08397675 -35.37335205 12.49999619
v -64.39534760 -36.67030334 12.49999619
v -64.50000000 -37.99999619 12.49999619
v -64.50000000 -46.82054520 12.49999619
v -64.01747131 -46.02342987 12.49999619
v -63.39541626 -45.32968903 12.49999619
v -62.65544128 -44.76341629 12.49999619
v -61.82324982 -44.34427261 12.49999619
v -60.92773438 -44.08681870 12.49999619
v 30.92773438 -44.08681870 12.49999619
v 31.82324791 -44.34427261 12.49999619
v 34.50000000 -37.99999619 12.49999619
v 32.65544128 -44.76341629 12.49999619
v 33.39541626 -45.32968903 12.49999619
v 34.01747131 -46.02342987 12.49999619
v 34.50000000 -46.82054520 12.49999619
v 34.39535141 -36.67030334 12.49999619
v 34.08398056 -35.37335205 12.49999619
v 33.57355499 -34.14107513 12.49999619
v 32.87664413 -33.00382233 12.49999619
v 32.01040649 -31.98958778 12.49999619
v 30.99617386 -31.12335205 12.49999619
v 29.85891914 -30.42644119 12.49999619
v 28.62664413 -29.91601562 12.49999619
v 27.32969284 -29.60464478 12.49999619
v 26.00000000 -29.49999619 12.49999619
v 19.91317749 -33.07226181 12.49999619
v 17.17944908 -29.49999619 12.49999619
v 17.97656441 -29.98252678 12.49999619
v 18.67030716 -30.60457993 12.49999619
v 19.23658180 -31.34455299 12.49999619
v 19.65572357 -32.17674637 12.49999619
v 19.91317749 -124.92772675 12.49999619
v 19.65572357 -125.82324219 12.49999619
v 26.00000000 -128.50000000 12.49999619
v 19.23658180 -126.65544128 12.49999619
v 18.67030716 -127.39540863 12.49999619
v 17.97656441 -128.01747131 12.49999619
v 17.17944908 -128.50000000 12.49999619
v 27.32969284 -128.39533997 12.49999619
v 28.62664413 -128.08396912 12.49999619
v 29.85891914 -127.57355499 12.49999619
v 30.99617386 -126.87664032 12.49999619
v 32.01040649 -126.01040649 12.49999619
v 32.87664413 -124.99617004 12.49999619
v 33.57355499 -123.85891724 12.49999619
v 34.08398056 -122.62664032 12.49999619
v 34.39535141 -121.32968903 12.49999619
v 34.50000000 -119.99999237 12.49999619
v 34.50000000 -111.17944336 12.49999619
v 34.01747131 -111.97656250 12.49999619
v 33.39541626 -112.67030334 12.49999619
v 32.65544128 -113.23657990 12.49999619
v 31.82324791 -113.65572357 12.49999619
v 30.92773438 -113.91316986 12.49999619
v -60.92773438 -113.91316986 12.49999619
v -61.82324982 -113.65572357 12.49999619
v -64.50000000 -119.99999237 12.49999619
v -62.65544128 -113.23657990 12.49999619
v -63.39541626 -112.67030334 12.49999619
v -64.01747131 -111.97656250 12.49999619
v -64.50000000 -111.17944336 12.49999619
v -64.39534760 -121.32968903 12.49999619
v -64.08397675 -122.62664032 12.49999619
v -63.57355499 -123.85891724 12.49999619
v -62.87664413 -124.99617004 12.49999619
v -62.01040649 -126.01040649 12.49999619
v -60.99617386 -126.87664032 12.49999619
v -59.85892105 -127.57355499 12.49999619
v -58.62664413 -128.08396912 12.49999619
v -57.32969284 -128.39533997 12.49999619
v -56.00000000 -128.50000000 12.49999619
v -49.91317749 -124.92772675 12.49999619
v -47.17945099 -128.50000000 12.49999619
v -47.97656631 -128.01747131 12.49999619
v -48.67030716 -127.39540863 12.49999619
v -49.23657990 -126.65544128 12.49999619
v -49.65572357 -125.82324219 12.49999619
v -45.09410477 -39.43578339 77.50000000
v -45.00000000 -37.99999619 77.50000000
v -45.00000000 -33.99999619 77.50000000
v -45.37481689 -40.84700394 77.50000000
v -23.12982559 -40.46125412 77.50000000
v -23.29192352 -39.71251678 77.50000000
v -45.83732605 -42.20951462 77.50000000
v -46.47372055 -43.49999619 77.50000000
v -47.27311325 -44.69637299 77.50000000
v -48.22182465 -45.77817154 77.50000000
v -49.30362320 -46.72688293 77.50000000
v -50.50000000 -47.52627563 77.50000000
v -51.79048157 -48.16267014 77.50000000
v -53.15299225 -48.62517929 77.50000000
v -54.56421280 -48.90589142 77.50000000
v -56.00000000 -48.99999619 77.50000000
v -60.00000000 -48.99999619 77.50000000
v -60.00000000 -109.00000000 77.50000000
v -56.00000000 -109.00000000 77.50000000
v -54.56421280 -109.09410095 77.50000000
v -53.15299225 -109.37480927 77.50000000
v -51.79048157 -109.83731842 77.50000000
v -50.50000000 -110.47371674 77.50000000
v -49.30362320 -111.27310944 77.50000000
v -48.22182465 -112.22182465 77.50000000
v -47.27311325 -113.30361938 77.50000000
v -46.47372055 -114.50000000 77.50000000
v -45.83732605 -115.79048157 77.50000000
v -45.37481689 -117.15298462 77.50000000
v -45.09410477 -118.56420898 77.50000000
v -45.00000000 -120.00000000 77.50000000
v -45.00000000 -124.00000000 77.50000000
v 15.00000000 -124.00000000 77.50000000
v 15.00000000 -120.00000000 77.50000000
v 15.09410667 -118.56420898 77.50000000
v 15.37481594 -117.15298462 77.50000000
v 15.83732510 -115.79048157 77.50000000
v 16.47372055 -114.50000000 77.50000000
v 17.27311325 -113.30361938 77.50000000
v 18.22182465 -112.22182465 77.50000000
v 19.30362511 -111.27310944 77.50000000
v 20.50000000 -110.47371674 77.50000000
v 21.79048157 -109.83731842 77.50000000
v 23.15299034 -109.37480927 77.50000000
v 24.56421280 -109.09410095 77.50000000
v 26.00000000 -109.00000000 77.50000000
v 30.00000000 -109.00000000 77.50000000
v 30.00000000 -48.99999619 77.50000000
v 26.00000000 -48.99999619 77.50000000
v 24.56421280 -48.90589142 77.50000000
v 23.15299034 -48.62517929 77.50000000
v 21.79048157 -48.16267014 77.50000000
v 20.50000000 -47.52627563 77.50000000
v 19.30362511 -46.72688293 77.50000000
v 18.22182465 -45.77817154 77.50000000
v 17.27311325 -44.69637299 77.50000000
v 16.47372055 -43.49999619 77.50000000
v 15.83732510 -42.20951462 77.50000000
v 15.37481594 -40.84700394 77.50000000
v 15.09410667 -39.43578339 77.50000000
v 15.00000000 -37.99999619 77.50000000
v 15.00000000 -33.99999619 77.50000000
v -9.50000000 -36.69999695 77.50000000
v -8.74111938 -36.80479431 77.50000000
v -8.03904629 -37.11135101 77.50000000
v -7.44633722 -37.59671783 77.50000000
v -7.00735998 -38.22455597 77.50000000
v -6.75497532 -38.94787216 77.50000000
v -6.70807695 -39.71251678 77.50000000
v -6.87017488 -40.46125412 77.50000000
v -7.22913504 -41.13803482 77.50000000
v -7.75808620 -41.69219589 77.50000000
v -20.50000000 -36.69999695 77.49999237
v -21.25888062 -36.80479431 77.50000000
v -21.96095276 -37.11135101 77.50000000
v -22.55366325 -37.59671783 77.50000000
v -22.99263954 -38.22455597 77.50000000
v -23.24502373 -38.94787216 77.50000000
v -22.24191284 -41.69219589 77.50000000
v -22.77086449 -41.13803482 77.50000000
v -49.90392685 -33.02454376 32.16666412
v -49.61939621 -32.08657837 32.16666412
v -49.15734863 -31.22214508 32.16666412
v -48.53553391 -30.46446228 32.16666412
v -47.77785110 -29.84264755 32.16666412
v -46.91341782 -29.38059807 32.16666412
v -46.65927887 -29.28334618 12.28334522
v -45.97545242 -29.09606934 32.16666412
v -46.11803436 -29.12659836 12.12659931
v -45.56258774 -29.03174782 12.03174782
v -45.97545242 -29.09606934 52.33332825
v -45.97545242 -29.09606934 72.50000000
v -46.91341782 -29.38059807 72.50000000
v -46.91341782 -29.38059807 52.33332825
v -47.77785110 -29.84264755 72.50000000
v -47.77785110 -29.84264755 52.33332825
v -48.53553391 -30.46446228 72.50000000
v -48.53553391 -30.46446228 52.33332825
v -49.15734863 -31.22214508 72.50000000
v -49.15734863 -31.22214508 52.33332825
v -49.61939621 -32.08657837 72.50000000
v -49.61939621 -32.08657837 52.33332825
v -49.90392685 -33.02454376 72.50000000
v -49.90392685 -33.02454376 52.33332825
v -64.96824646 -48.43740845 12.03174782
v -64.90392303 -48.02454376 32.16666412
v -64.87339783 -47.88196182 12.12659931
v -64.71665192 -47.34071732 12.28334522
v -64.61940002 -47.08657837 32.16666412
v -64.15734863 -46.22214508 32.16666412
v -63.53553391 -45.46446228 32.16666412
v -62.77785110 -44.84264755 32.16666412
v -61.91341782 -44.38059998 32.16666412
v -60.97545242 -44.09606934 32.16666412
v -60.97545242 -44.09606934 52.33332825
v -60.97545242 -44.09606934 72.50000000
v -61.91341782 -44.38059998 72.50000000
v -61.91341782 -44.38059998 52.33332825
v -62.77785110 -44.84264755 72.50000000
v -62.77785110 -44.84264755 52.33332825
v -63.53553391 -45.46446228 72.50000000
v -63.53553391 -45.46446228 52.33332825
v -64.15734863 -46.22214508 72.50000000
v -64.15734863 -46.22214508 52.33332825
v -64.61940002 -47.08657837 72.50000000
v -64.61940002 -47.08657837 52.33332825
v -64.90392303 -48.02454376 72.50000000
v -64.90392303 -48.02454376 52.33332825
v -60.97545242 -113.90392303 32.16666412
v -61.91341782 -113.61939240 32.16666412
v -62.77785110 -113.15734100 32.16666412
v -63.53553391 -112.53553009 32.16666412
v -64.15734863 -111.77784729 32.16666412
v -64.61940002 -110.91341400 32.16666412
v -64.71665192 -110.65927124 12.28334522
v -64.90392303 -109.97544861 32.16666412
v -64.87339783 -110.11802673 12.12659931
v -64.96824646 -109.56258392 12.03174782
v -64.90392303 -109.97544861 52.33332825
v -64.90392303 -109.97544861 72.50000000
v -64.61940002 -110.91341400 72.50000000
v -64.61940002 -110.91341400 52.33332825
v -64.15734863 -111.77784729 72.50000000
v -64.15734863 -111.77784729 52.33332825
v -63.53553391 -112.53553009 72.50000000
v -63.53553391 -112.53553009 52.33332825
v -62.77785110 -113.15734100 72.50000000
v -62.77785110 -113.15734100 52.33332825
v -61.91341782 -113.61939240 72.50000000
v -61.91341782 -113.61939240 52.33332825
v -60.97545242 -113.90392303 72.50000000
v -60.97545242 -113.90392303 52.33332825
v -45.56258774 -128.96824646 12.03174782
v -45.97545242 -128.90391541 32.16666412
v -46.11803436 -128.87339783 12.12659931
v -46.65927887 -128.71664429 12.28334522
v -46.91341782 -128.61940002 32.16666412
v -47.77785110 -128.15734863 32.16666412
v -48.53553391 -127.53553009 32.16666412
v -49.15734863 -126.77784729 32.16666412
v -49.61939621 -125.91341400 32.16666412
v -49.90392685 -124.97544861 32.16666412
v -49.90392685 -124.97544861 52.33332825
v -49.90392685 -124.97544861 72.50000000
v -49.61939621 -125.91341400 72.50000000
v -49.61939621 -125.91341400 52.33332825
v -49.15734863 -126.77784729 72.50000000
v -49.15734863 -126.77784729 52.33332825
v -48.53553391 -127.53553009 72.50000000
v -48.53553391 -127.53553009 52.33332825
v -47.77785110 -128.15734863 72.50000000
v -47.77785110 -128.15734863 52.33332825
v -46.91341782 -128.61940002 72.50000000
v -46.91341782 -128.61940002 52.33332825
v -45.97545242 -128.90391541 72.50000000
v -45.97545242 -128.90391541 52.33332825
v 19.90392685 -124.97544861 32.16666412
v 19.61939812 -125.91341400 32.16666412
v 19.15734863 -126.77784729 32.16666412
v 18.53553391 -127.53553009 32.16666412
v 17.77785110 -128.15734863 32.16666412
v 16.91341782 -128.61940002 32.16666412
v 16.65927887 -128.71664429 12.28334522
v 15.97545147 -128.90391541 32.16666412
v 16.11803436 -128.87339783 12.12659931
v 15.56258965 -128.96824646 12.03174782
v 15.97545147 -128.90391541 52.33332825
v 15.97545147 -128.90391541 72.50000000
v 16.91341782 -128.61940002 72.50000000
v 16.91341782 -128.61940002 52.33332825
v 17.77785110 -128.15734863 72.50000000
v 17.77785110 -128.15734863 52.33332825
v 18.53553391 -127.53553009 72.50000000
v 18.53553391 -127.53553009 52.33332825
v 19.15734863 -126.77784729 72.50000000
v 19.15734863 -126.77784729 52.33332825
v 19.61939812 -125.91341400 72.50000000
v 19.61939812 -125.91341400 52.33332825
v 19.90392685 -124.97544861 72.50000000
v 19.90392685 -124.97544861 52.33332825
v 34.96825027 -109.56258392 12.03174782
v 34.90392685 -109.97544861 32.16666412
v 34.87339783 -110.11802673 12.12659931
v 34.71665192 -110.65927124 12.28334522
v 34.61939621 -110.91341400 32.16666412
v 34.15734863 -111.77784729 32.16666412
v 33.53553391 -112.53553009 32.16666412
v 32.77785110 -113.15734100 32.16666412
v 31.91341782 -113.61939240 32.16666412
v 30.97545242 -113.90392303 32.16666412
v 30.97545242 -113.90392303 52.33332825
v 30.97545242 -113.90392303 72.50000000
v 31.91341782 -113.61939240 72.50000000
v 31.91341782 -113.61939240 52.33332825
v 32.77785110 -113.15734100 72.50000000
v 32.77785110 -113.15734100 52.33332825
v 33.53553391 -112.53553009 72.50000000
v 33.53553391 -112.53553009 52.33332825
v 34.15734863 -111.77784729 72.50000000
v 34.15734863 -111.77784729 52.33332825
v 34.61939621 -110.91341400 72.50000000
v 34.61939621 -110.91341400 52.33332825
v 34.90392685 -109.97544861 72.50000000
v 34.90392685 -109.97544861 52.33332825
v 30.97545242 -44.09606934 32.16666412
v 31.91341782 -44.38059998 32.16666412
v 32.77785110 -44.84264755 32.16666412
v 33.53553391 -45.46446228 32.16666412
v 34.15734863 -46.22214508 32.16666412
v 34.61939621 -47.08657837 32.16666412
v 34.71665192 -47.34071732 12.28334522
v 34.90392685 -48.02454376 32.16666412
v 34.87339783 -47.88196182 12.12659931
v 34.96825027 -48.43740845 12.03174782
v 34.90392685 -48.02454376 52.33332825
v 34.90392685 -48.02454376 72.50000000
v 34.61939621 -47.08657837 72.50000000
v 34.61939621 -47.08657837 52.33332825
v 34.15734863 -46.22214508 72.50000000
v 34.15734863 -46.22214508 52.33332825
v 33.53553391 -45.46446228 72.50000000
v 33.53553391 -45.46446228 52.33332825
v 32.77785110 -44.84264755 72.50000000
v 32.77785110 -44.84264755 52.33332825
v 31.91341782 -44.38059998 72.50000000
v 31.91341782 -44.38059998 52.33332825
v 30.97545242 -44.09606934 72.50000000
v 30.97545242 -44.09606934 52.33332825
v 15.56258965 -29.03174782 12.03174782
v 15.97545147 -29.09606934 32.16666412
v 16.11803436 -29.12659836 12.12659931
v 16.65927887 -29.28334618 12.28334522
v 16.91341782 -29.38059807 32.16666412
v 17.77785110 -29.84264755 32.16666412
v 18.53553391 -30.46446228 32.16666412
v 19.15734863 -31.22214508 32.16666412
v 19.61939812 -32.08657837 32.16666412
v 19.90392685 -33.02454376 32.16666412
v 19.90392685 -33.02454376 52.33332825
v 19.90392685 -33.02454376 72.50000000
v 19.61939812 -32.08657837 72.50000000
v 19.61939812 -32.08657837 52.33332825
v 19.15734863 -31.22214508 72.50000000
v 19.15734863 -31.22214508 52.33332825
v 18.53553391 -30.46446228 72.50000000
v 18.53553391 -30.46446228 52.33332825
v 17.77785110 -29.84264755 72.50000000
v 17.77785110 -29.84264755 52.33332825
v 16.91341782 -29.38059807 72.50000000
v 16.91341782 -29.38059807 52.33332825
v 15.97545147 -29.09606934 72.50000000
v 15.97545147 -29.09606934 52.33332825
v 30.00000000 -109.97544861 77.40392303
v 30.97545242 -109.00000000 77.40392303
v 30.95670891 -109.97544861 77.30969238
v 31.91341782 -109.00000000 77.11939240
v 31.87665176 -109.97544861 77.03063202
v 32.77785110 -109.00000000 76.65734100
v 32.72447586 -109.97544861 76.57746124
v 33.53553391 -109.00000000 76.03553009
v 33.46759796 -109.97544861 75.96759796
v 34.15734863 -109.00000000 75.27784729
v 34.07746506 -109.97544861 75.22447205
v 34.61939621 -109.00000000 74.41341400
v 34.53063583 -109.97544861 74.37664795
v 34.90392685 -109.00000000 73.47544861
v 34.80970001 -109.97544861 73.45670319
v 34.53063583 -110.91341400 73.40119934
v 34.07746506 -111.77784729 73.31105804
v 33.46759796 -112.53553009 73.18974304
v 32.72447586 -113.15734100 73.04193115
v 31.87665176 -113.61939240 72.87328339
v 30.95670891 -113.90392303 72.69029999
v 30.00000000 -110.91341400 77.11939240
v 30.90119934 -110.91341400 77.03063202
v 31.76776695 -110.91341400 76.76776123
v 32.56639862 -110.91341400 76.34088135
v 33.26640701 -110.91341400 75.76640320
v 33.84088898 -110.91341400 75.06639862
v 34.26776886 -110.91341400 74.26776123
v 30.00000000 -111.77784729 76.65734100
v 30.81105804 -111.77784729 76.57746124
v 31.59094810 -111.77784729 76.34088135
v 32.30970001 -111.77784729 75.95670319
v 32.93968964 -111.77784729 75.43968201
v 33.45670700 -111.77784729 74.80969238
v 33.84088898 -111.77784729 74.09094238
v 30.00000000 -112.53553009 76.03553009
v 30.68974876 -112.53553009 75.96759796
v 31.35299110 -112.53553009 75.76640320
v 31.96423721 -112.53553009 75.43968201
v 32.50000000 -112.53553009 75.00000000
v 32.93968964 -112.53553009 74.46423340
v 33.26640701 -112.53553009 73.85298920
v 30.00000000 -113.15734100 75.27784729
v 30.54193115 -113.15734100 75.22447205
v 31.06303787 -113.15734100 75.06639862
v 31.54329109 -113.15734100 74.80969238
v 31.96423721 -113.15734100 74.46423340
v 32.30970001 -113.15734100 74.04328918
v 32.56639862 -113.15734100 73.56303406
v 30.00000000 -113.61939240 74.41341400
v 30.37328911 -113.61939240 74.37664795
v 30.73223305 -113.61939240 74.26776123
v 31.06303787 -113.61939240 74.09094238
v 31.35299110 -113.61939240 73.85298920
v 31.59094810 -113.61939240 73.56303406
v 31.76776695 -113.61939240 73.23223114
v 30.00000000 -113.90392303 73.47544861
v 30.19030190 -113.90392303 73.45670319
v 30.37328911 -113.90392303 73.40119934
v 30.54193115 -113.90392303 73.31105804
v 30.68974876 -113.90392303 73.18974304
v 30.81105804 -113.90392303 73.04193115
v 30.90119934 -113.90392303 72.87328339
v 30.97545242 -89.00000000 77.40392303
v 30.97545242 -69.00000000 77.40392303
v 30.97545242 -48.99999619 77.40392303
v 31.91341782 -48.99999619 77.11939240
v 31.91341782 -69.00000000 77.11939240
v 32.77785110 -48.99999619 76.65734100
v 32.77785110 -69.00000000 76.65734100
v 33.53553391 -48.99999619 76.03553009
v 33.53553391 -69.00000000 76.03553009
v 34.15734863 -48.99999619 75.27784729
v 34.15734863 -69.00000000 75.27784729
v 34.61939621 -48.99999619 74.41341400
v 34.61939621 -69.00000000 74.41341400
v 34.90392685 -48.99999619 73.47544861
v 34.90392685 -69.00000000 73.47544861
v 34.90392685 -89.00000000 73.47544861
v 34.61939621 -89.00000000 74.41341400
v 34.15734863 -89.00000000 75.27784729
v 33.53553391 -89.00000000 76.03553009
v 32.77785110 -89.00000000 76.65734100
v 31.91341782 -89.00000000 77.11939240
v 26.00000000 -113.90392303 73.47544861
v 26.00000000 -113.61939240 74.41341400
v 26.00000000 -113.15734100 75.27784729
v 26.00000000 -112.53553009 76.03553009
v 26.00000000 -111.77784729 76.65734100
v 26.00000000 -110.91341400 77.11939240
v 26.00000000 -109.97544861 77.40392303
v 30.00000000 -48.02454376 77.40392303
v 30.95670891 -48.02454376 77.30969238
v 31.87665176 -48.02454376 77.03063202
v 32.72447586 -48.02454376 76.57746124
v 33.46759796 -48.02454376 75.96759796
v 34.07746506 -48.02454376 75.22447205
v 34.53063583 -48.02454376 74.37664795
v 34.80970001 -48.02454376 73.45670319
v 34.53063583 -47.08657837 73.40119934
v 34.26776886 -47.08657837 74.26776123
v 33.84088898 -47.08657837 75.06639862
v 33.26640701 -47.08657837 75.76640320
v 32.56639862 -47.08657837 76.34088135
v 31.76776695 -47.08657837 76.76776123
v 30.90119934 -47.08657837 77.03063202
v 30.00000000 -47.08657837 77.11939240
v 30.81105804 -46.22214508 76.57746124
v 30.00000000 -46.22214508 76.65734100
v 30.68974876 -45.46446228 75.96759796
v 30.00000000 -45.46446228 76.03553009
v 30.54193115 -44.84264755 75.22447205
v 30.00000000 -44.84264755 75.27784729
v 30.37328911 -44.38059998 74.37664795
v 30.00000000 -44.38059998 74.41341400
v 30.19030190 -44.09606934 73.45670319
v 30.00000000 -44.09606934 73.47544861
v 34.07746506 -46.22214508 73.31105804
v 33.84088898 -46.22214508 74.09094238
v 33.45670700 -46.22214508 74.80969238
v 32.93968964 -46.22214508 75.43968201
v 32.30970001 -46.22214508 75.95670319
v 31.59094810 -46.22214508 76.34088135
v 33.46759796 -45.46446228 73.18974304
v 33.26640701 -45.46446228 73.85298920
v 32.93968964 -45.46446228 74.46423340
v 32.50000000 -45.46446228 75.00000000
v 31.96423721 -45.46446228 75.43968201
v 31.35299110 -45.46446228 75.76640320
v 32.72447586 -44.84264755 73.04193115
v 32.56639862 -44.84264755 73.56303406
v 32.30970001 -44.84264755 74.04328918
v 31.96423721 -44.84264755 74.46423340
v 31.54329109 -44.84264755 74.80969238
v 31.06303787 -44.84264755 75.06639862
v 31.87665176 -44.38059998 72.87328339
v 31.76776695 -44.38059998 73.23223114
v 31.59094810 -44.38059998 73.56303406
v 31.35299110 -44.38059998 73.85298920
v 31.06303787 -44.38059998 74.09094238
v 30.73223305 -44.38059998 74.26776123
v 30.95670891 -44.09606934 72.69029999
v 30.90119934 -44.09606934 72.87328339
v 30.81105804 -44.09606934 73.04193115
v 30.68974876 -44.09606934 73.18974304
v 30.54193115 -44.09606934 73.31105804
v 30.37328911 -44.09606934 73.40119934
v 25.31745720 -113.94225311 73.47544861
v 25.28559875 -113.65951538 74.41341400
v 25.23386574 -113.20037079 75.27784729
v 25.16424561 -112.58246613 76.03553009
v 25.07941055 -111.82954407 76.65734100
v 24.98262596 -110.97055054 77.11939240
v 24.87760735 -110.03848267 77.40392303
v 23.76932907 -110.22678375 77.40392303
v 22.68910217 -110.53799438 77.40392303
v 21.65051079 -110.96819305 77.40392303
v 20.66661835 -111.51197052 77.40392303
v 19.74979591 -112.16249084 77.40392303
v 18.91157341 -112.91156769 77.40392303
v 18.16249275 -113.74979401 77.40392303
v 18.89582253 -114.33460236 77.11939240
v 18.30616951 -115.16564178 77.11939240
v 19.03810692 -115.62554932 76.65734100
v 18.59210014 -116.43254089 76.65734100
v 19.27474785 -116.76128387 76.03553009
v 18.95441437 -117.53463745 76.03553009
v 19.54133415 -117.74001312 75.27784729
v 19.32890701 -118.47736359 75.27784729
v 19.77937317 -118.58017731 74.41341400
v 19.65951729 -119.28559875 74.41341400
v 19.94225693 -119.31745148 73.47544861
v 19.90392685 -120.00000000 73.47544861
v 17.51197243 -114.66661835 77.40392303
v 17.81327248 -116.05747223 77.11939240
v 18.23925018 -117.28439331 76.65734100
v 18.72268295 -118.33899689 76.03553009
v 19.20037270 -119.23386383 75.27784729
v 19.61939812 -120.00000000 74.41341400
v 16.96819305 -115.65050507 77.40392303
v 17.42332649 -116.99888611 77.11939240
v 17.98399734 -118.17039490 76.65734100
v 18.58246803 -119.16423798 76.03553009
v 19.15734863 -120.00000000 75.27784729
v 16.53799629 -116.68909454 77.40392303
v 17.14123726 -117.97804260 77.11939240
v 17.82954979 -119.07940674 76.65734100
v 18.53553391 -120.00000000 76.03553009
v 16.22678757 -117.76932526 77.40392303
v 16.97055244 -118.98262024 77.11939240
v 17.77785110 -120.00000000 76.65734100
v 16.03848457 -118.87760162 77.40392303
v 16.91341782 -120.00000000 77.11939240
v 15.97545147 -120.00000000 77.40392303
v 20.05676842 -118.64349365 73.47544861
v 19.97745514 -117.89261627 74.41341400
v 19.83498383 -117.03108215 75.27784729
v 19.67965508 -116.02866364 76.03553009
v 19.57166481 -114.87357330 76.65734100
v 19.57481575 -113.57481384 77.11939240
v 20.24601746 -117.98658752 73.47544861
v 20.25127602 -117.23155975 74.41341400
v 20.20616150 -116.35948944 75.27784729
v 20.16404533 -115.34597778 76.03553009
v 20.18606186 -114.18605804 76.65734100
v 20.33460808 -112.89582062 77.11939240
v 20.50762749 -117.35501099 73.47544861
v 20.83830643 -116.75669098 73.47544861
v 21.23389816 -116.19915771 73.47544861
v 21.68942451 -115.68942261 73.47544861
v 21.48823357 -115.48822784 74.41341400
v 22.02175903 -115.01144409 74.41341400
v 21.73367691 -114.65019226 75.27784729
v 22.35948944 -114.20615387 75.27784729
v 22.02866554 -113.67964935 76.03553009
v 22.76128960 -113.27474213 76.03553009
v 22.43254280 -112.59209442 76.65734100
v 23.28439713 -112.23925018 76.65734100
v 22.99889183 -111.42332458 77.11939240
v 23.97804451 -111.14123535 77.11939240
v 22.19915962 -115.23389435 73.47544861
v 22.60531425 -114.59738922 74.41341400
v 23.03108406 -113.83497620 75.27784729
v 23.53464317 -112.95441437 76.03553009
v 24.17040062 -111.98399353 76.65734100
v 22.75669289 -114.83830261 73.47544861
v 23.23155975 -114.25127411 74.41341400
v 23.74001503 -113.54132843 75.27784729
v 24.33900070 -112.72267914 76.03553009
v 23.35501289 -114.50762177 73.47544861
v 23.98659515 -114.24601746 73.47544861
v 24.64349556 -114.05676270 73.47544861
v 24.47736740 -113.32890320 75.27784729
v 24.58018303 -113.77936554 74.41341400
v 23.89262009 -113.97745514 74.41341400
v 22.05747986 -111.81327057 77.11939240
v 21.62555313 -113.03810120 76.65734100
v 21.34598160 -114.16403961 76.03553009
v 21.16151428 -115.16151428 75.27784729
v 21.01144409 -116.02175903 74.41341400
v 21.16564560 -112.30616760 77.11939240
v 20.87357330 -113.57166290 76.65734100
v 20.72182465 -114.72182465 76.03553009
v 20.65019989 -115.73367310 75.27784729
v 20.59738922 -116.60530853 74.41341400
v 26.00000000 -48.02454376 77.40392303
v 26.00000000 -47.08657837 77.11939240
v 26.00000000 -46.22214508 76.65734100
v 26.00000000 -45.46446228 76.03553009
v 26.00000000 -44.84264755 75.27784729
v 26.00000000 -44.38059998 74.41341400
v 26.00000000 -44.09606934 73.47544861
v 19.90392685 -124.00000000 73.47544861
v 19.61939812 -124.00000000 74.41341400
v 19.15734863 -124.00000000 75.27784729
v 18.53553391 -124.00000000 76.03553009
v 17.77785110 -124.00000000 76.65734100
v 16.91341782 -124.00000000 77.11939240
v 15.97545147 -124.00000000 77.40392303
v 24.87760735 -47.96151352 77.40392303
v 24.98262596 -47.02944565 77.11939240
v 25.07941055 -46.17044449 76.65734100
v 25.16424561 -45.41752625 76.03553009
v 25.23386574 -44.79962158 75.27784729
v 25.28559875 -44.34047699 74.41341400
v 25.31745720 -44.05773926 73.47544861
v 24.64349556 -43.94322968 73.47544861
v 23.98659515 -43.75397873 73.47544861
v 23.35501289 -43.49237061 73.47544861
v 23.23155975 -43.74872208 74.41341400
v 22.60531425 -43.40260696 74.41341400
v 22.35948944 -43.79383469 75.27784729
v 21.73367691 -43.34979630 75.27784729
v 21.34598160 -43.83594894 76.03553009
v 20.72182465 -43.27817154 76.03553009
v 20.18606186 -43.81393433 76.65734100
v 19.57166481 -43.12642288 76.65734100
v 18.89582253 -43.66538620 77.11939240
v 18.30616951 -42.83435059 77.11939240
v 17.51197243 -43.33337784 77.40392303
v 16.96819305 -42.34948349 77.40392303
v 16.53799629 -41.31089401 77.40392303
v 16.22678757 -40.23066711 77.40392303
v 16.03848457 -39.12239075 77.40392303
v 15.97545147 -37.99999619 77.40392303
v 16.97055244 -39.01737213 77.11939240
v 16.91341782 -37.99999619 77.11939240
v 17.82954979 -38.92058563 76.65734100
v 17.77785110 -37.99999619 76.65734100
v 18.58246803 -38.83575058 76.03553009
v 18.53553391 -37.99999619 76.03553009
v 19.20037270 -38.76612854 75.27784729
v 19.15734863 -37.99999619 75.27784729
v 19.65951729 -38.71439743 74.41341400
v 19.61939812 -37.99999619 74.41341400
v 19.94225693 -38.68254089 73.47544861
v 19.90392685 -37.99999619 73.47544861
v 20.05676842 -39.35649872 73.47544861
v 20.24601746 -40.01340103 73.47544861
v 19.77937317 -39.41981506 74.41341400
v 19.97745514 -40.10737610 74.41341400
v 19.32890701 -39.52262878 75.27784729
v 19.54133415 -40.25997925 75.27784729
v 18.72268295 -39.66099548 76.03553009
v 18.95441437 -40.46535492 76.03553009
v 17.98399734 -39.82959747 76.65734100
v 18.23925018 -40.71559906 76.65734100
v 17.14123726 -40.02194977 77.11939240
v 17.42332649 -41.00110245 77.11939240
v 22.75669289 -43.16168976 73.47544861
v 22.02175903 -42.98855209 74.41341400
v 21.16151428 -42.83848190 75.27784729
v 20.16404533 -42.65401459 76.03553009
v 19.03810692 -42.37444305 76.65734100
v 17.81327248 -41.94251633 77.11939240
v 22.19915962 -42.76609802 73.47544861
v 21.48823357 -42.51176453 74.41341400
v 20.65019989 -42.26631927 75.27784729
v 19.67965508 -41.97133255 76.03553009
v 18.59210014 -41.56745148 76.65734100
v 21.68942451 -42.31056976 73.47544861
v 21.23389816 -41.80083466 73.47544861
v 20.83830643 -41.24330139 73.47544861
v 20.50762749 -40.64498520 73.47544861
v 20.25127602 -40.76843643 74.41341400
v 18.16249275 -44.25019836 77.40392303
v 19.57481575 -44.42518234 77.11939240
v 20.87357330 -44.42832947 76.65734100
v 22.02866554 -44.32033920 76.03553009
v 23.03108406 -44.16501236 75.27784729
v 23.89262009 -44.02254105 74.41341400
v 18.91157341 -45.08842087 77.40392303
v 20.33460808 -45.10417175 77.11939240
v 21.62555313 -44.96188736 76.65734100
v 22.76128960 -44.72524643 76.03553009
v 23.74001503 -44.45866013 75.27784729
v 24.58018303 -44.22062302 74.41341400
v 19.74979591 -45.83750534 77.40392303
v 20.66661835 -46.48802567 77.40392303
v 21.65051079 -47.03180313 77.40392303
v 22.68910217 -47.46200180 77.40392303
v 23.76932907 -47.77320862 77.40392303
v 24.47736740 -44.67108917 75.27784729
v 24.33900070 -45.27731323 76.03553009
v 24.17040062 -46.01599884 76.65734100
v 23.97804451 -46.85876083 77.11939240
v 23.53464317 -45.04558182 76.03553009
v 23.28439713 -45.76074600 76.65734100
v 22.99889183 -46.57667160 77.11939240
v 22.43254280 -45.40789795 76.65734100
v 22.05747986 -46.18672562 77.11939240
v 21.16564560 -45.69382477 77.11939240
v 21.01144409 -41.97823715 74.41341400
v 20.20616150 -41.64050674 75.27784729
v 19.27474785 -41.23870850 76.03553009
v 20.59738922 -41.39468002 74.41341400
v 19.83498383 -40.96891022 75.27784729
v 15.95670891 -128.90391541 72.69029999
v 16.87665176 -128.61940002 72.87328339
v 17.72447586 -128.15734863 73.04193115
v 18.46759987 -127.53553009 73.18974304
v 19.07746506 -126.77784729 73.31105804
v 19.53063774 -125.91341400 73.40119934
v 19.80969810 -124.97544861 73.45670319
v 19.53063774 -124.97544861 74.37664795
v 19.07746506 -124.97544861 75.22447205
v 18.46759987 -124.97544861 75.96759796
v 17.72447586 -124.97544861 76.57746124
v 16.87665176 -124.97544861 77.03063202
v 15.95670891 -124.97544861 77.30969238
v 15.00000000 -124.97544861 77.40392303
v 15.00000000 -125.91341400 77.11939240
v 15.90119934 -125.91341400 77.03063202
v 16.76776695 -125.91341400 76.76776123
v 17.56640053 -125.91341400 76.34088135
v 18.26640701 -125.91341400 75.76640320
v 18.84088898 -125.91341400 75.06639862
v 19.26776695 -125.91341400 74.26776123
v 15.00000000 -126.77784729 76.65734100
v 15.81105804 -126.77784729 76.57746124
v 16.59094810 -126.77784729 76.34088135
v 17.30969810 -126.77784729 75.95670319
v 17.93968964 -126.77784729 75.43968201
v 18.45670891 -126.77784729 74.80969238
v 18.84088898 -126.77784729 74.09094238
v 15.00000000 -127.53553009 76.03553009
v 15.68974876 -127.53553009 75.96759796
v 16.35299110 -127.53553009 75.76640320
v 16.96423721 -127.53553009 75.43968201
v 17.50000000 -127.53553009 75.00000000
v 17.93968964 -127.53553009 74.46423340
v 18.26640701 -127.53553009 73.85298920
v 15.00000000 -128.15734863 75.27784729
v 15.54193211 -128.15734863 75.22447205
v 16.06303787 -128.15734863 75.06639862
v 16.54329109 -128.15734863 74.80969238
v 16.96423721 -128.15734863 74.46423340
v 17.30969810 -128.15734863 74.04328918
v 17.56640053 -128.15734863 73.56303406
v 15.00000000 -128.61940002 74.41341400
v 15.37328911 -128.61940002 74.37664795
v 15.73223305 -128.61940002 74.26776123
v 16.06303787 -128.61940002 74.09094238
v 16.35299110 -128.61940002 73.85298920
v 16.59094810 -128.61940002 73.56303406
v 16.76776695 -128.61940002 73.23223114
v 15.00000000 -128.90391541 73.47544861
v 15.19030094 -128.90391541 73.45670319
v 15.37328911 -128.90391541 73.40119934
v 15.54193211 -128.90391541 73.31105804
v 15.68974876 -128.90391541 73.18974304
v 15.81105804 -128.90391541 73.04193115
v 15.90119934 -128.90391541 72.87328339
v 15.97545147 -33.99999619 77.40392303
v 16.91341782 -33.99999619 77.11939240
v 17.77785110 -33.99999619 76.65734100
v 18.53553391 -33.99999619 76.03553009
v 19.15734863 -33.99999619 75.27784729
v 19.61939812 -33.99999619 74.41341400
v 19.90392685 -33.99999619 73.47544861
v -5.00000000 -128.90391541 73.47544861
v -25.00000000 -128.90391541 73.47544861
v -45.00000000 -128.90391541 73.47544861
v -45.00000000 -128.61940002 74.41341400
v -25.00000000 -128.61940002 74.41341400
v -45.00000000 -128.15734863 75.27784729
v -25.00000000 -128.15734863 75.27784729
v -45.00000000 -127.53553009 76.03553009
v -25.00000000 -127.53553009 76.03553009
v -45.00000000 -126.77784729 76.65734100
v -25.00000000 -126.77784729 76.65734100
v -45.00000000 -125.91341400 77.11939240
v -25.00000000 -125.91341400 77.11939240
v -45.00000000 -124.97544861 77.40392303
v -25.00000000 -124.97544861 77.40392303
v -5.00000000 -124.97544861 77.40392303
v -5.00000000 -125.91341400 77.11939240
v -5.00000000 -126.77784729 76.65734100
v -5.00000000 -127.53553009 76.03553009
v -5.00000000 -128.15734863 75.27784729
v -5.00000000 -128.61940002 74.41341400
v 15.00000000 -33.02454376 77.40392303
v 15.95670891 -33.02454376 77.30969238
v 16.87665176 -33.02454376 77.03063202
v 17.72447586 -33.02454376 76.57746124
v 18.46759987 -33.02454376 75.96759796
v 19.07746506 -33.02454376 75.22447205
v 19.53063774 -33.02454376 74.37664795
v 19.80969810 -33.02454376 73.45670319
v 19.53063774 -32.08657837 73.40119934
v 19.26776695 -32.08657837 74.26776123
v 18.84088898 -32.08657837 75.06639862
v 18.26640701 -32.08657837 75.76640320
v 17.56640053 -32.08657837 76.34088135
v 16.76776695 -32.08657837 76.76776123
v 15.90119934 -32.08657837 77.03063202
v 15.00000000 -32.08657837 77.11939240
v 15.81105804 -31.22214508 76.57746124
v 15.00000000 -31.22214508 76.65734100
v 15.68974876 -30.46446228 75.96759796
v 15.00000000 -30.46446228 76.03553009
v 15.54193211 -29.84264755 75.22447205
v 15.00000000 -29.84264755 75.27784729
v 15.37328911 -29.38059807 74.37664795
v 15.00000000 -29.38059807 74.41341400
v 15.19030094 -29.09606934 73.45670319
v 15.00000000 -29.09606934 73.47544861
v 19.07746506 -31.22214508 73.31105804
v 18.84088898 -31.22214508 74.09094238
v 18.45670891 -31.22214508 74.80969238
v 17.93968964 -31.22214508 75.43968201
v 17.30969810 -31.22214508 75.95670319
v 16.59094810 -31.22214508 76.34088135
v 18.46759987 -30.46446228 73.18974304
v 18.26640701 -30.46446228 73.85298920
v 17.93968964 -30.46446228 74.46423340
v 17.50000000 -30.46446228 75.00000000
v 16.96423721 -30.46446228 75.43968201
v 16.35299110 -30.46446228 75.76640320
v 17.72447586 -29.84264755 73.04193115
v 17.56640053 -29.84264755 73.56303406
v 17.30969810 -29.84264755 74.04328918
v 16.96423721 -29.84264755 74.46423340
v 16.54329109 -29.84264755 74.80969238
v 16.06303787 -29.84264755 75.06639862
v 16.87665176 -29.38059807 72.87328339
v 16.76776695 -29.38059807 73.23223114
v 16.59094810 -29.38059807 73.56303406
v 16.35299110 -29.38059807 73.85298920
v 16.06303787 -29.38059807 74.09094238
v 15.73223305 -29.38059807 74.26776123
v 15.95670891 -29.09606934 72.69029999
v 15.90119934 -29.09606934 72.87328339
v 15.81105804 -29.09606934 73.04193115
v 15.68974876 -29.09606934 73.18974304
v 15.54193211 -29.09606934 73.31105804
v 15.37328911 -29.09606934 73.40119934
v -49.90392685 -124.00000000 73.47544861
v -49.80970001 -124.97544861 73.45670319
v -49.61939621 -124.00000000 74.41341400
v -49.53063583 -124.97544861 74.37664795
v -49.15734863 -124.00000000 75.27784729
v -49.07746506 -124.97544861 75.22447205
v -48.53553391 -124.00000000 76.03553009
v -48.46759796 -124.97544861 75.96759796
v -47.77785110 -124.00000000 76.65734100
v -47.72447586 -124.97544861 76.57746124
v -46.91341782 -124.00000000 77.11939240
v -46.87665176 -124.97544861 77.03063202
v -45.97545242 -124.00000000 77.40392303
v -45.95670700 -124.97544861 77.30969238
v -45.90119934 -125.91341400 77.03063202
v -45.81105804 -126.77784729 76.57746124
v -45.68974686 -127.53553009 75.96759796
v -45.54193115 -128.15734863 75.22447205
v -45.37329102 -128.61940002 74.37664795
v -45.19029999 -128.90391541 73.45670319
v -49.53063583 -125.91341400 73.40119934
v -49.26776886 -125.91341400 74.26776123
v -48.84088898 -125.91341400 75.06639862
v -48.26640701 -125.91341400 75.76640320
v -47.56639862 -125.91341400 76.34088135
v -46.76776886 -125.91341400 76.76776123
v -49.07746506 -126.77784729 73.31105804
v -48.84088898 -126.77784729 74.09094238
v -48.45670700 -126.77784729 74.80969238
v -47.93968964 -126.77784729 75.43968201
v -47.30970001 -126.77784729 75.95670319
v -46.59095001 -126.77784729 76.34088135
v -48.46759796 -127.53553009 73.18974304
v -48.26640701 -127.53553009 73.85298920
v -47.93968964 -127.53553009 74.46423340
v -47.50000000 -127.53553009 75.00000000
v -46.96423721 -127.53553009 75.43968201
v -46.35298920 -127.53553009 75.76640320
v -47.72447586 -128.15734863 73.04193115
v -47.56639862 -128.15734863 73.56303406
v -47.30970001 -128.15734863 74.04328918
v -46.96423721 -128.15734863 74.46423340
v -46.54329300 -128.15734863 74.80969238
v -46.06303787 -128.15734863 75.06639862
v -46.87665176 -128.61940002 72.87328339
v -46.76776886 -128.61940002 73.23223114
v -46.59095001 -128.61940002 73.56303406
v -46.35298920 -128.61940002 73.85298920
v -46.06303787 -128.61940002 74.09094238
v -45.73223114 -128.61940002 74.26776123
v -45.95670700 -128.90391541 72.69029999
v -45.90119934 -128.90391541 72.87328339
v -45.81105804 -128.90391541 73.04193115
v -45.68974686 -128.90391541 73.18974304
v -45.54193115 -128.90391541 73.31105804
v -45.37329102 -128.90391541 73.40119934
v -7.32519245 -29.01799965 72.92389679
v -5.00000000 -29.09606934 73.47544861
v -7.71997595 -29.14054489 73.67716980
v -7.49219942 -29.06789589 73.32120514
v -8.00278759 -29.22562599 73.98505402
v -5.00000000 -29.38301849 74.41924286
v -5.00000000 -29.84264755 75.27784729
v -5.00000000 -30.46446228 76.03553009
v -5.00000000 -31.22214508 76.65734100
v -5.00000000 -32.08657837 77.11939240
v -5.00000000 -33.02454376 77.40392303
v -25.00000000 -33.02454376 77.40392303
v -45.00000000 -33.02454376 77.40392303
v -45.00000000 -32.08657837 77.11939240
v -25.00000000 -32.08657837 77.11939240
v -45.00000000 -31.22214508 76.65734100
v -25.00000000 -31.22214508 76.65734100
v -45.00000000 -30.46446228 76.03553009
v -25.00000000 -30.46446228 76.03553009
v -45.00000000 -29.84264755 75.27784729
v -25.00000000 -29.84264755 75.27784729
v -25.00000000 -29.38302803 74.41927338
v -20.50000000 -29.45064735 74.57446289
v -20.90880966 -29.43308067 74.53549957
v -8.32969475 -29.31031418 74.23403168
v -8.69656277 -29.38346672 74.42032623
v -9.08819294 -29.43282318 74.53492737
v -9.50000000 -29.45064735 74.57446289
v -21.30336380 -29.38347816 74.42034912
v -21.66871262 -29.31068611 74.23503876
v -21.99776649 -29.22546959 73.98455048
v -22.27884674 -29.14091492 73.67869568
v -45.00000000 -29.09606934 73.47544861
v -45.00000000 -29.38059807 74.41341400
v -25.00000000 -29.09606934 73.47544861
v -22.50775719 -29.06790924 73.32128143
v -22.67381859 -29.01825905 72.92695618
v -49.90392685 -120.00000000 73.47544861
v -49.61939621 -120.00000000 74.41341400
v -49.15734863 -120.00000000 75.27784729
v -48.53553391 -120.00000000 76.03553009
v -47.77785110 -120.00000000 76.65734100
v -46.91341782 -120.00000000 77.11939240
v -45.97545242 -120.00000000 77.40392303
v -45.97545242 -33.99999619 77.40392303
v -45.95670700 -33.02454376 77.30969238
v -46.91341782 -33.99999619 77.11939240
v -46.87665176 -33.02454376 77.03063202
v -47.77785110 -33.99999619 76.65734100
v -47.72447586 -33.02454376 76.57746124
v -48.53553391 -33.99999619 76.03553009
v -48.46759796 -33.02454376 75.96759796
v -49.15734863 -33.99999619 75.27784729
v -49.07746506 -33.02454376 75.22447205
v -49.61939621 -33.99999619 74.41341400
v -49.53063583 -33.02454376 74.37664795
v -49.90392685 -33.99999619 73.47544861
v -49.80970001 -33.02454376 73.45670319
v -49.53063583 -32.08657837 73.40119934
v -49.07746506 -31.22214508 73.31105804
v -48.46759796 -30.46446228 73.18974304
v -47.72447586 -29.84264755 73.04193115
v -46.87665176 -29.38059807 72.87328339
v -45.95670700 -29.09606934 72.69029999
v -45.90119934 -32.08657837 77.03063202
v -46.76776886 -32.08657837 76.76776123
v -47.56639862 -32.08657837 76.34088135
v -48.26640701 -32.08657837 75.76640320
v -48.84088898 -32.08657837 75.06639862
v -49.26776886 -32.08657837 74.26776123
v -45.81105804 -31.22214508 76.57746124
v -46.59095001 -31.22214508 76.34088135
v -47.30970001 -31.22214508 75.95670319
v -47.93968964 -31.22214508 75.43968201
v -48.45670700 -31.22214508 74.80969238
v -48.84088898 -31.22214508 74.09094238
v -45.68974686 -30.46446228 75.96759796
v -46.35298920 -30.46446228 75.76640320
v -46.96423721 -30.46446228 75.43968201
v -47.50000000 -30.46446228 75.00000000
v -47.93968964 -30.46446228 74.46423340
v -48.26640701 -30.46446228 73.85298920
v -45.54193115 -29.84264755 75.22447205
v -46.06303787 -29.84264755 75.06639862
v -46.54329300 -29.84264755 74.80969238
v -46.96423721 -29.84264755 74.46423340
v -47.30970001 -29.84264755 74.04328918
v -47.56639862 -29.84264755 73.56303406
v -45.37329102 -29.38059807 74.37664795
v -45.73223114 -29.38059807 74.26776123
v -46.06303787 -29.38059807 74.09094238
v -46.35298920 -29.38059807 73.85298920
v -46.59095001 -29.38059807 73.56303406
v -46.76776886 -29.38059807 73.23223114
v -45.19029999 -29.09606934 73.45670319
v -45.37329102 -29.09606934 73.40119934
v -45.54193115 -29.09606934 73.31105804
v -45.68974686 -29.09606934 73.18974304
v -45.81105804 -29.09606934 73.04193115
v -45.90119934 -29.09606934 72.87328339
v -49.94225693 -119.31745148 73.47544861
v -49.65951920 -119.28559875 74.41341400
v -49.20037460 -119.23386383 75.27784729
v -48.58246994 -119.16423798 76.03553009
v -47.82955170 -119.07940674 76.65734100
v -46.97055054 -118.98262024 77.11939240
v -46.03848267 -118.87760162 77.40392303
v -46.22678757 -117.76932526 77.40392303
v -46.53799438 -116.68909454 77.40392303
v -46.96819305 -115.65050507 77.40392303
v -47.51197052 -114.66661835 77.40392303
v -48.16249084 -113.74979401 77.40392303
v -48.91157532 -112.91156769 77.40392303
v -49.74979782 -112.16249084 77.40392303
v -50.33460999 -112.89582062 77.11939240
v -51.16564560 -112.30616760 77.11939240
v -51.62555313 -113.03810120 76.65734100
v -52.43254471 -112.59209442 76.65734100
v -52.76128769 -113.27474213 76.03553009
v -53.53464127 -112.95441437 76.03553009
v -53.74001694 -113.54132843 75.27784729
v -54.47736740 -113.32890320 75.27784729
v -54.58018112 -113.77936554 74.41341400
v -55.28559875 -113.65951538 74.41341400
v -55.31745529 -113.94225311 73.47544861
v -56.00000000 -113.90392303 73.47544861
v -50.66661835 -111.51197052 77.40392303
v -52.05747986 -111.81327057 77.11939240
v -53.28439713 -112.23925018 76.65734100
v -54.33900070 -112.72267914 76.03553009
v -55.23386765 -113.20037079 75.27784729
v -56.00000000 -113.61939240 74.41341400
v -51.65051270 -110.96819305 77.40392303
v -52.99889374 -111.42332458 77.11939240
v -54.17039871 -111.98399353 76.65734100
v -55.16424561 -112.58246613 76.03553009
v -56.00000000 -113.15734100 75.27784729
v -52.68910217 -110.53799438 77.40392303
v -53.97804642 -111.14123535 77.11939240
v -55.07941055 -111.82954407 76.65734100
v -56.00000000 -112.53553009 76.03553009
v -53.76932907 -110.22678375 77.40392303
v -54.98262405 -110.97055054 77.11939240
v -56.00000000 -111.77784729 76.65734100
v -54.87760544 -110.03848267 77.40392303
v -56.00000000 -110.91341400 77.11939240
v -56.00000000 -109.97544861 77.40392303
v -54.64349747 -114.05676270 73.47544861
v -53.89262009 -113.97745514 74.41341400
v -53.03108597 -113.83497620 75.27784729
v -52.02866364 -113.67964935 76.03553009
v -50.87357330 -113.57166290 76.65734100
v -49.57481384 -113.57481384 77.11939240
v -53.98659515 -114.24601746 73.47544861
v -53.23155975 -114.25127411 74.41341400
v -52.35948944 -114.20615387 75.27784729
v -51.34598160 -114.16403961 76.03553009
v -50.18606186 -114.18605804 76.65734100
v -48.89582443 -114.33460236 77.11939240
v -53.35501099 -114.50762177 73.47544861
v -52.75669479 -114.83830261 73.47544861
v -52.19916153 -115.23389435 73.47544861
v -51.68942642 -115.68942261 73.47544861
v -51.48823166 -115.48822784 74.41341400
v -51.01144409 -116.02175903 74.41341400
v -50.65019989 -115.73367310 75.27784729
v -50.20616150 -116.35948944 75.27784729
v -49.67965698 -116.02866364 76.03553009
v -49.27474976 -116.76128387 76.03553009
v -48.59209824 -116.43254089 76.65734100
v -48.23925018 -117.28439331 76.65734100
v -47.42332458 -116.99888611 77.11939240
v -47.14123535 -117.97804260 77.11939240
v -51.23389816 -116.19915771 73.47544861
v -50.59738922 -116.60530853 74.41341400
v -49.83498383 -117.03108215 75.27784729
v -48.95441437 -117.53463745 76.03553009
v -47.98399734 -118.17039490 76.65734100
v -50.83830643 -116.75669098 73.47544861
v -50.25127411 -117.23155975 74.41341400
v -49.54133606 -117.74001312 75.27784729
v -48.72268295 -118.33899689 76.03553009
v -50.50762558 -117.35501099 73.47544861
v -50.24601746 -117.98658752 73.47544861
v -50.05676651 -118.64349365 73.47544861
v -49.32890701 -118.47736359 75.27784729
v -49.77937317 -118.58017731 74.41341400
v -49.97745514 -117.89261627 74.41341400
v -47.81327057 -116.05747223 77.11939240
v -49.03810883 -115.62554932 76.65734100
v -50.16404724 -115.34597778 76.03553009
v -51.16151428 -115.16151428 75.27784729
v -52.02175903 -115.01144409 74.41341400
v -48.30617142 -115.16564178 77.11939240
v -49.57166672 -114.87357330 76.65734100
v -50.72182465 -114.72182465 76.03553009
v -51.73367691 -114.65019226 75.27784729
v -52.60531616 -114.59738922 74.41341400
v -45.97545242 -37.99999619 77.40392303
v -46.91341782 -37.99999619 77.11939240
v -47.77785110 -37.99999619 76.65734100
v -48.53553391 -37.99999619 76.03553009
v -49.15734863 -37.99999619 75.27784729
v -49.61939621 -37.99999619 74.41341400
v -49.90392685 -37.99999619 73.47544861
v -60.00000000 -113.90392303 73.47544861
v -60.00000000 -113.61939240 74.41341400
v -60.00000000 -113.15734100 75.27784729
v -60.00000000 -112.53553009 76.03553009
v -60.00000000 -111.77784729 76.65734100
v -60.00000000 -110.91341400 77.11939240
v -60.00000000 -109.97544861 77.40392303
v -46.03848267 -39.12239075 77.40392303
v -46.97055054 -39.01737213 77.11939240
v -47.82955170 -38.92058563 76.65734100
v -48.58246994 -38.83575058 76.03553009
v -49.20037460 -38.76612854 75.27784729
v -49.65951920 -38.71439743 74.41341400
v -49.94225693 -38.68254089 73.47544861
v -50.05676651 -39.35649872 73.47544861
v -50.24601746 -40.01340103 73.47544861
v -50.50762558 -40.64498520 73.47544861
v -50.25127411 -40.76843643 74.41341400
v -50.59738922 -41.39468002 74.41341400
v -50.20616150 -41.64050674 75.27784729
v -50.65019989 -42.26631927 75.27784729
v -50.16404724 -42.65401459 76.03553009
v -50.72182465 -43.27817154 76.03553009
v -50.18606186 -43.81393433 76.65734100
v -50.87357330 -44.42832947 76.65734100
v -50.33460999 -45.10417175 77.11939240
v -51.16564560 -45.69382477 77.11939240
v -50.66661835 -46.48802567 77.40392303
v -51.65051270 -47.03180313 77.40392303
v -52.68910217 -47.46200180 77.40392303
v -53.76932907 -47.77320862 77.40392303
v -54.87760544 -47.96151352 77.40392303
v -56.00000000 -48.02454376 77.40392303
v -54.98262405 -47.02944565 77.11939240
v -56.00000000 -47.08657837 77.11939240
v -55.07941055 -46.17044449 76.65734100
v -56.00000000 -46.22214508 76.65734100
v -55.16424561 -45.41752625 76.03553009
v -56.00000000 -45.46446228 76.03553009
v -55.23386765 -44.79962158 75.27784729
v -56.00000000 -44.84264755 75.27784729
v -55.28559875 -44.34047699 74.41341400
v -56.00000000 -44.38059998 74.41341400
v -55.31745529 -44.05773926 73.47544861
v -56.00000000 -44.09606934 73.47544861
v -54.64349747 -43.94322968 73.47544861
v -53.98659515 -43.75397873 73.47544861
v -54.58018112 -44.22062302 74.41341400
v -53.89262009 -44.02254105 74.41341400
v -54.47736740 -44.67108917 75.27784729
v -53.74001694 -44.45866013 75.27784729
v -54.33900070 -45.27731323 76.03553009
v -53.53464127 -45.04558182 76.03553009
v -54.17039871 -46.01599884 76.65734100
v -53.28439713 -45.76074600 76.65734100
v -53.97804642 -46.85876083 77.11939240
v -52.99889374 -46.57667160 77.11939240
v -50.83830643 -41.24330139 73.47544861
v -51.01144409 -41.97823715 74.41341400
v -51.16151428 -42.83848190 75.27784729
v -51.34598160 -43.83594894 76.03553009
v -51.62555313 -44.96188736 76.65734100
v -52.05747986 -46.18672562 77.11939240
v -51.23389816 -41.80083466 73.47544861
v -51.48823166 -42.51176453 74.41341400
v -51.73367691 -43.34979630 75.27784729
v -52.02866364 -44.32033920 76.03553009
v -52.43254471 -45.40789795 76.65734100
v -51.68942642 -42.31056976 73.47544861
v -52.19916153 -42.76609802 73.47544861
v -52.75669479 -43.16168976 73.47544861
v -53.35501099 -43.49237061 73.47544861
v -53.23155975 -43.74872208 74.41341400
v -49.74979782 -45.83750534 77.40392303
v -49.57481384 -44.42518234 77.11939240
v -49.57166672 -43.12642288 76.65734100
v -49.67965698 -41.97133255 76.03553009
v -49.83498383 -40.96891022 75.27784729
v -49.97745514 -40.10737610 74.41341400
v -48.91157532 -45.08842087 77.40392303
v -48.89582443 -43.66538620 77.11939240
v -49.03810883 -42.37444305 76.65734100
v -49.27474976 -41.23870850 76.03553009
v -49.54133606 -40.25997925 75.27784729
v -49.77937317 -39.41981506 74.41341400
v -48.16249084 -44.25019836 77.40392303
v -47.51197052 -43.33337784 77.40392303
v -46.96819305 -42.34948349 77.40392303
v -46.53799438 -41.31089401 77.40392303
v -46.22678757 -40.23066711 77.40392303
v -49.32890701 -39.52262878 75.27784729
v -48.72268295 -39.66099548 76.03553009
v -47.98399734 -39.82959747 76.65734100
v -47.14123535 -40.02194977 77.11939240
v -48.95441437 -40.46535492 76.03553009
v -48.23925018 -40.71559906 76.65734100
v -47.42332458 -41.00110245 77.11939240
v -48.59209824 -41.56745148 76.65734100
v -47.81327057 -41.94251633 77.11939240
v -48.30617142 -42.83435059 77.11939240
v -52.02175903 -42.98855209 74.41341400
v -52.35948944 -43.79383469 75.27784729
v -52.76128769 -44.72524643 76.03553009
v -52.60531616 -43.40260696 74.41341400
v -53.03108597 -44.16501236 75.27784729
v -64.90392303 -109.00000000 73.47544861
v -64.80970001 -109.97544861 73.45670319
v -64.61940002 -109.00000000 74.41341400
v -64.53063965 -109.97544861 74.37664795
v -64.15734863 -109.00000000 75.27784729
v -64.07746887 -109.97544861 75.22447205
v -63.53553391 -109.00000000 76.03553009
v -63.46759796 -109.97544861 75.96759796
v -62.77785110 -109.00000000 76.65734100
v -62.72447586 -109.97544861 76.57746124
v -61.91341782 -109.00000000 77.11939240
v -61.87665176 -109.97544861 77.03063202
v -60.97545242 -109.00000000 77.40392303
v -60.95670700 -109.97544861 77.30969238
v -60.90119934 -110.91341400 77.03063202
v -60.81105804 -111.77784729 76.57746124
v -60.68974686 -112.53553009 75.96759796
v -60.54193115 -113.15734100 75.22447205
v -60.37329102 -113.61939240 74.37664795
v -60.19029999 -113.90392303 73.45670319
v -64.53063965 -110.91341400 73.40119934
v -64.26776886 -110.91341400 74.26776123
v -63.84088898 -110.91341400 75.06639862
v -63.26640701 -110.91341400 75.76640320
v -62.56639862 -110.91341400 76.34088135
v -61.76776886 -110.91341400 76.76776123
v -64.07746887 -111.77784729 73.31105804
v -63.84088898 -111.77784729 74.09094238
v -63.45670700 -111.77784729 74.80969238
v -62.93968964 -111.77784729 75.43968201
v -62.30970001 -111.77784729 75.95670319
v -61.59095001 -111.77784729 76.34088135
v -63.46759796 -112.53553009 73.18974304
v -63.26640701 -112.53553009 73.85298920
v -62.93968964 -112.53553009 74.46423340
v -62.50000000 -112.53553009 75.00000000
v -61.96423721 -112.53553009 75.43968201
v -61.35298920 -112.53553009 75.76640320
v -62.72447586 -113.15734100 73.04193115
v -62.56639862 -113.15734100 73.56303406
v -62.30970001 -113.15734100 74.04328918
v -61.96423721 -113.15734100 74.46423340
v -61.54329300 -113.15734100 74.80969238
v -61.06303787 -113.15734100 75.06639862
v -61.87665176 -113.61939240 72.87328339
v -61.76776886 -113.61939240 73.23223114
v -61.59095001 -113.61939240 73.56303406
v -61.35298920 -113.61939240 73.85298920
v -61.06303787 -113.61939240 74.09094238
v -60.73223114 -113.61939240 74.26776123
v -60.95670700 -113.90392303 72.69029999
v -60.90119934 -113.90392303 72.87328339
v -60.81105804 -113.90392303 73.04193115
v -60.68974686 -113.90392303 73.18974304
v -60.54193115 -113.90392303 73.31105804
v -60.37329102 -113.90392303 73.40119934
v -60.00000000 -48.02454376 77.40392303
v -60.00000000 -47.08657837 77.11939240
v -60.00000000 -46.22214508 76.65734100
v -60.00000000 -45.46446228 76.03553009
v -60.00000000 -44.84264755 75.27784729
v -60.00000000 -44.38059998 74.41341400
v -60.00000000 -44.09606934 73.47544861
v -64.90392303 -89.00000000 73.47544861
v -64.90392303 -69.00000000 73.47544861
v -64.90392303 -48.99999619 73.47544861
v -64.61940002 -48.99999619 74.41341400
v -64.61940002 -69.00000000 74.41341400
v -64.15734863 -48.99999619 75.27784729
v -64.15734863 -69.00000000 75.27784729
v -63.53553391 -48.99999619 76.03553009
v -63.53553391 -69.00000000 76.03553009
v -62.77785110 -48.99999619 76.65734100
v -62.77785110 -69.00000000 76.65734100
v -61.91341782 -48.99999619 77.11939240
v -61.91341782 -69.00000000 77.11939240
v -60.97545242 -48.99999619 77.40392303
v -60.97545242 -69.00000000 77.40392303
v -60.97545242 -89.00000000 77.40392303
v -61.91341782 -89.00000000 77.11939240
v -62.77785110 -89.00000000 76.65734100
v -63.53553391 -89.00000000 76.03553009
v -64.15734863 -89.00000000 75.27784729
v -64.61940002 -89.00000000 74.41341400
v -60.95670700 -48.02454376 77.30969238
v -61.87665176 -48.02454376 77.03063202
v -62.72447586 -48.02454376 76.57746124
v -63.46759796 -48.02454376 75.96759796
v -64.07746887 -48.02454376 75.22447205
v -64.53063965 -48.02454376 74.37664795
v -64.80970001 -48.02454376 73.45670319
v -64.53063965 -47.08657837 73.40119934
v -64.07746887 -46.22214508 73.31105804
v -63.46759796 -45.46446228 73.18974304
v -62.72447586 -44.84264755 73.04193115
v -61.87665176 -44.38059998 72.87328339
v -60.95670700 -44.09606934 72.69029999
v -60.90119934 -47.08657837 77.03063202
v -61.76776886 -47.08657837 76.76776123
v -62.56639862 -47.08657837 76.34088135
v -63.26640701 -47.08657837 75.76640320
v -63.84088898 -47.08657837 75.06639862
v -64.26776886 -47.08657837 74.26776123
v -60.81105804 -46.22214508 76.57746124
v -61.59095001 -46.22214508 76.34088135
v -62.30970001 -46.22214508 75.95670319
v -62.93968964 -46.22214508 75.43968201
v -63.45670700 -46.22214508 74.80969238
v -63.84088898 -46.22214508 74.09094238
v -60.68974686 -45.46446228 75.96759796
v -61.35298920 -45.46446228 75.76640320
v -61.96423721 -45.46446228 75.43968201
v -62.50000000 -45.46446228 75.00000000
v -62.93968964 -45.46446228 74.46423340
v -63.26640701 -45.46446228 73.85298920
v -60.54193115 -44.84264755 75.22447205
v -61.06303787 -44.84264755 75.06639862
v -61.54329300 -44.84264755 74.80969238
v -61.96423721 -44.84264755 74.46423340
v -62.30970001 -44.84264755 74.04328918
v -62.56639862 -44.84264755 73.56303406
v -60.37329102 -44.38059998 74.37664795
v -60.73223114 -44.38059998 74.26776123
v -61.06303787 -44.38059998 74.09094238
v -61.35298920 -44.38059998 73.85298920
v -61.59095001 -44.38059998 73.56303406
v -61.76776886 -44.38059998 73.23223114
v -60.19029999 -44.09606934 73.45670319
v -60.37329102 -44.09606934 73.40119934
v -60.54193115 -44.09606934 73.31105804
v -60.68974686 -44.09606934 73.18974304
v -60.81105804 -44.09606934 73.04193115
v -60.90119934 -44.09606934 72.87328339
v 34.90839386 -36.71916199 11.99999619
v 34.90839386 -36.71916199 2.99999619
v 34.63543701 -35.46440506 2.99999619
v 34.63543701 -35.46440506 11.99999619
v 34.18668747 -34.26126099 2.99999619
v 34.18668747 -34.26126099 11.99999619
v 33.57128143 -33.13422775 2.99999619
v 33.57128143 -33.13422775 11.99999619
v 32.80174637 -32.10625076 2.99999619
v 32.80174637 -32.10625076 11.99999619
v 31.89374733 -31.19824982 2.99999619
v 31.89374733 -31.19824982 11.99999619
v 30.86576653 -30.42871475 2.99999619
v 30.86576653 -30.42871475 11.99999619
v 29.73873520 -29.81330872 2.99999619
v 29.73873520 -29.81330872 11.99999619
v 28.53559303 -29.36455917 2.99999619
v 28.53559303 -29.36455917 11.99999619
v 27.28083420 -29.09160233 2.99999619
v 27.28083420 -29.09160233 11.99999619
v 27.28083420 -128.90838623 11.99999619
v 27.28083420 -128.90838623 2.99999619
v 28.53559303 -128.63543701 2.99999619
v 28.53559303 -128.63543701 11.99999619
v 29.73873520 -128.18669128 2.99999619
v 29.73873520 -128.18669128 11.99999619
v 30.86576653 -127.57128143 2.99999619
v 30.86576653 -127.57128143 11.99999619
v 31.89374733 -126.80174255 2.99999619
v 31.89374733 -126.80174255 11.99999619
v 32.80174637 -125.89374542 2.99999619
v 32.80174637 -125.89374542 11.99999619
v 33.57128143 -124.86576080 2.99999619
v 33.57128143 -124.86576080 11.99999619
v 34.18668747 -123.73873138 2.99999619
v 34.18668747 -123.73873138 11.99999619
v 34.63543701 -122.53559113 2.99999619
v 34.63543701 -122.53559113 11.99999619
v 34.90839386 -121.28083038 2.99999619
v 34.90839386 -121.28083038 11.99999619
v -64.90839386 -121.28083038 11.99999619
v -64.90839386 -121.28083038 2.99999619
v -64.63543701 -122.53559113 2.99999619
v -64.63543701 -122.53559113 11.99999619
v -64.18669128 -123.73873138 2.99999619
v -64.18669128 -123.73873138 11.99999619
v -63.57128143 -124.86576080 2.99999619
v -63.57128143 -124.86576080 11.99999619
v -62.80174637 -125.89374542 2.99999619
v -62.80174637 -125.89374542 11.99999619
v -61.89374542 -126.80174255 2.99999619
v -61.89374542 -126.80174255 11.99999619
v -60.86576843 -127.57128143 2.99999619
v -60.86576843 -127.57128143 11.99999619
v -59.73873520 -128.18669128 2.99999619
v -59.73873520 -128.18669128 11.99999619
v -58.53559113 -128.63543701 2.99999619
v -58.53559113 -128.63543701 11.99999619
v -57.28083420 -128.90838623 2.99999619
v -57.28083420 -128.90838623 11.99999619
v -57.28083420 -29.09160233 11.99999619
v -57.28083420 -29.09160233 2.99999619
v -58.53559113 -29.36455917 2.99999619
v -58.53559113 -29.36455917 11.99999619
v -59.73873520 -29.81330872 2.99999619
v -59.73873520 -29.81330872 11.99999619
v -60.86576843 -30.42871475 2.99999619
v -60.86576843 -30.42871475 11.99999619
v -61.89374542 -31.19824982 2.99999619
v -61.89374542 -31.19824982 11.99999619
v -62.80174637 -32.10625076 2.99999619
v -62.80174637 -32.10625076 11.99999619
v -63.57128143 -33.13422775 2.99999619
v -63.57128143 -33.13422775 11.99999619
v -64.18669128 -34.26126099 2.99999619
v -64.18669128 -34.26126099 11.99999619
v -64.63543701 -35.46440506 2.99999619
v -64.63543701 -35.46440506 11.99999619
v -64.90839386 -36.71916199 2.99999619
v -64.90839386 -36.71916199 11.99999619
v -57.00000000 -56.49999619 36.24263763
v -62.00000000 -56.49999619 36.24263763
v -57.00000000 -56.60221863 35.46617889
v -62.00000000 -56.60221863 35.46617889
v -57.00000000 -56.90192032 34.74263763
v -62.00000000 -56.90192032 34.74263763
v -57.00000000 -57.37867737 34.12131500
v -62.00000000 -57.37867737 34.12131500
v -57.00000000 -56.49999619 59.49999619
v -62.00000000 -56.49999619 59.49999619
v -57.00000000 -59.49999619 62.49999619
v -62.00000000 -59.49999619 62.49999619
v -57.00000000 -58.72353745 62.39777374
v -62.00000000 -58.72353745 62.39777374
v -57.00000000 -57.99999619 62.09807205
v -62.00000000 -57.99999619 62.09807205
v -57.00000000 -57.37867737 61.62131500
v -62.00000000 -57.37867737 61.62131500
v -57.00000000 -56.90192032 60.99999619
v -62.00000000 -56.90192032 60.99999619
v -57.00000000 -56.60221863 60.27645493
v -62.00000000 -56.60221863 60.27645493
v -57.00000000 -77.75735474 62.49999619
v -62.00000000 -77.75735474 62.49999619
v -57.00000000 -79.87867737 61.62131500
v -62.00000000 -79.87867737 61.62131500
v -57.00000000 -79.25735474 62.09807205
v -62.00000000 -79.25735474 62.09807205
v -57.00000000 -78.53381348 62.39777374
v -62.00000000 -78.53381348 62.39777374
v -62.00000000 -100.62131500 40.87867737
v -57.00000000 -100.62131500 40.87867737
v -57.00000000 -101.50000000 38.75735474
v -62.00000000 -101.50000000 38.75735474
v -57.00000000 -101.39777374 39.53381348
v -62.00000000 -101.39777374 39.53381348
v -57.00000000 -101.09807587 40.25735474
v -62.00000000 -101.09807587 40.25735474
v -57.00000000 -101.49999237 15.49999619
v -62.00000000 -101.49999237 15.49999619
v -57.00000000 -98.49999237 12.49999619
v -62.00000000 -98.49999237 12.49999619
v -57.00000000 -99.27645111 12.60221863
v -62.00000000 -99.27645111 12.60221863
v -57.00000000 -99.99999237 12.90192032
v -62.00000000 -99.99999237 12.90192032
v -57.00000000 -100.62131500 13.37867546
v -62.00000000 -100.62131500 13.37867546
v -57.00000000 -101.09807587 13.99999619
v -62.00000000 -101.09807587 13.99999619
v -57.00000000 -101.39777374 14.72353935
v -62.00000000 -101.39777374 14.72353935
v -57.00000000 -80.24263763 12.49999619
v -62.00000000 -80.24263763 12.49999619
v -57.00000000 -78.12131500 13.37867546
v -62.00000000 -78.12131500 13.37867546
v -57.00000000 -78.74263763 12.90192032
v -62.00000000 -78.74263763 12.90192032
v -57.00000000 -79.46617889 12.60221863
v -62.00000000 -79.46617889 12.60221863
v 27.00000000 -56.49999619 59.49999619
v 32.00000000 -56.49999619 59.49999619
v 27.00000000 -56.60221863 60.27645493
v 32.00000000 -56.60221863 60.27645493
v 27.00000000 -56.90192032 60.99999619
v 32.00000000 -56.90192032 60.99999619
v 27.00000000 -57.37867737 61.62131500
v 32.00000000 -57.37867737 61.62131500
v 27.00000000 -57.99999619 62.09807205
v 32.00000000 -57.99999619 62.09807205
v 27.00000000 -58.72353745 62.39777374
v 32.00000000 -58.72353745 62.39777374
v 27.00000000 -59.49999619 62.49999619
v 32.00000000 -59.49999619 62.49999619
v 27.00000000 -56.49999619 36.24263763
v 32.00000000 -56.49999619 36.24263763
v 27.00000000 -57.37867737 34.12131500
v 32.00000000 -57.37867737 34.12131500
v 27.00000000 -56.90192032 34.74263763
v 32.00000000 -56.90192032 34.74263763
v 27.00000000 -56.60221863 35.46617889
v 32.00000000 -56.60221863 35.46617889
v 32.00000000 -78.12131500 13.37867546
v 27.00000000 -78.12131500 13.37867546
v 27.00000000 -80.24263763 12.49999619
v 32.00000000 -80.24263763 12.49999619
v 27.00000000 -79.46617889 12.60221863
v 32.00000000 -79.46617889 12.60221863
v 27.00000000 -78.74263763 12.90192032
v 32.00000000 -78.74263763 12.90192032
v 27.00000000 -98.49999237 12.49999619
v 32.00000000 -98.49999237 12.49999619
v 27.00000000 -101.49999237 15.49999619
v 32.00000000 -101.49999237 15.49999619
v 27.00000000 -101.39777374 14.72353935
v 32.00000000 -101.39777374 14.72353935
v 27.00000000 -101.09807587 13.99999619
v 32.00000000 -101.09807587 13.99999619
v 27.00000000 -100.62131500 13.37867546
v 32.00000000 -100.62131500 13.37867546
v 27.00000000 -99.99999237 12.90192032
v 32.00000000 -99.99999237 12.90192032
v 27.00000000 -99.27645111 12.60221863
v 32.00000000 -99.27645111 12.60221863
v 32.00000000 -101.50000000 38.75735474
v 27.00000000 -101.50000000 38.75735474
v 27.00000000 -100.62131500 40.87867737
v 32.00000000 -100.62131500 40.87867737
v 27.00000000 -101.09807587 40.25735474
v 32.00000000 -101.09807587 40.25735474
v 27.00000000 -101.39777374 39.53381348
v 32.00000000 -101.39777374 39.53381348
v 32.00000000 -79.87867737 61.62131500
v 27.00000000 -79.87867737 61.62131500
v 27.00000000 -77.75735474 62.49999619
v 32.00000000 -77.75735474 62.49999619
v 27.00000000 -78.53381348 62.39777374
v 32.00000000 -78.53381348 62.39777374
v 27.00000000 -79.25735474 62.09807205
v 32.00000000 -79.25735474 62.09807205
v -20.89777756 -118.99999237 18.27645302
v -21.00000000 -118.99999237 17.49999619
v -20.89777756 -118.99999237 16.72353935
v -20.59807587 -118.99999237 15.99999619
v -20.12132072 -118.99999237 15.37867546
v -19.50000000 -118.99999237 14.90192032
v -18.77645683 -118.99999237 14.60221863
v -18.00000000 -118.99999237 14.49999619
v -18.00000000 -119.00000000 60.49999619
v -18.77645683 -119.00000000 60.39777374
v -19.50000000 -119.00000000 60.09807205
v -20.12132072 -119.00000000 59.62131500
v -20.59807587 -119.00000000 58.99999619
v -20.89777756 -119.00000000 58.27645493
v -21.00000000 -119.00000000 57.49999619
v -20.89777756 -119.00000000 56.72353745
v -18.00000000 -119.00000000 54.49999619
v -18.77645683 -119.00000000 54.60221863
v -19.50000000 -119.00000000 54.90192032
v -20.12132072 -119.00000000 55.37867737
v -20.59807587 -119.00000000 55.99999619
v -18.00000000 -118.99999237 20.49999619
v -18.77645683 -118.99999237 20.39777374
v -19.50000000 -118.99999237 20.09807205
v -20.12132072 -118.99999237 19.62131691
v -20.59807587 -118.99999237 18.99999619
v 5.00000000 -42.99999619 7.34999609
v -35.00000000 -42.99999619 7.34999609
v -36.00471497 -42.99999619 7.44895220
v 10.14999962 -42.99999619 12.49999619
v 10.05104446 -42.99999619 11.49528122
v 9.75797939 -42.99999619 10.52917671
v 5.00000000 -42.99999619 67.64999390
v 6.00471497 -42.99999619 67.55104065
v 6.97081947 -42.99999619 67.25797272
v -40.15000153 -42.99999619 12.49999619
v -40.15000153 -42.99999619 62.49999619
v -40.05104446 -42.99999619 63.50471115
v -36.00471497 -42.99999619 67.55104065
v -35.00000000 -42.99999619 67.64999390
v 7.86118650 -42.99999619 66.78206635
v 8.64159966 -42.99999619 66.14159393
v 9.28206825 -42.99999619 65.36118317
v 9.75797939 -42.99999619 64.47081757
v 10.05104446 -42.99999619 63.50471115
v 10.14999962 -42.99999619 62.49999619
v 9.28206825 -42.99999619 9.63880920
v 8.64159966 -42.99999619 8.85839653
v 7.86118650 -42.99999619 8.21792793
v 6.97081947 -42.99999619 7.74201679
v 6.00471497 -42.99999619 7.44895220
v -36.97082138 -42.99999619 7.74201679
v -37.86118698 -42.99999619 8.21792793
v -38.64160156 -42.99999619 8.85839653
v -39.28207016 -42.99999619 9.63880920
v -39.75798035 -42.99999619 10.52917671
v -40.05104446 -42.99999619 11.49528122
v -39.75798035 -42.99999619 64.47081757
v -39.28207016 -42.99999619 65.36118317
v -38.64160156 -42.99999619 66.14159393
v -37.86118698 -42.99999619 66.78206635
v -36.97082138 -42.99999619 67.25797272
v 17.00000000 -115.99999237 2.99999619
v -47.00000000 -115.99999237 2.99999619
v -20.59807587 -115.99999237 18.99999619
v -20.89777756 -115.99999237 18.27645302
v -21.00000000 -115.99999237 17.49999619
v -18.00000000 -116.00000000 60.49999619
v -18.77645683 -116.00000000 60.39777374
v -19.50000000 -116.00000000 60.09807205
v -20.12132072 -116.00000000 59.62131500
v -20.59807587 -116.00000000 58.99999619
v -20.89777756 -116.00000000 58.27645493
v -21.00000000 -116.00000000 57.49999619
v -20.89777756 -116.00000000 56.72353745
v -20.59807587 -116.00000000 55.99999619
v -20.12132072 -116.00000000 55.37867737
v -20.12132072 -115.99999237 19.62131691
v -19.50000000 -115.99999237 20.09807205
v -19.50000000 -116.00000000 54.90192032
v -18.77645683 -116.00000000 54.60221863
v -18.77645683 -115.99999237 20.39777374
v -18.00000000 -116.00000000 54.49999619
v -18.00000000 -115.99999237 20.49999619
v -20.89777756 -115.99999237 16.72353935
v -20.59807587 -115.99999237 15.99999619
v -20.12132072 -115.99999237 15.37867546
v -19.50000000 -115.99999237 14.90192032
v -18.77645683 -115.99999237 14.60221863
v -18.00000000 -115.99999237 14.49999619
v -52.00000000 -47.99999619 2.99999619
v -51.90392685 -47.02454376 35.99999619
v -51.90392685 -47.02454376 52.49999619
v -51.61939621 -46.08657837 52.49999619
v -51.15734863 -45.22214508 52.49999619
v -50.53553391 -44.46446228 52.49999619
v -49.77785110 -43.84264755 52.49999619
v -48.91341782 -43.38059998 52.49999619
v -47.97545242 -43.09606934 52.49999619
v -47.97545242 -43.09606934 35.99999619
v -47.97545242 -43.09606934 19.49999619
v -47.97545242 -43.09606934 2.99999619
v -48.91341782 -43.38059998 2.99999619
v -48.91341782 -43.38059998 19.49999619
v -49.77785110 -43.84264755 2.99999619
v -49.77785110 -43.84264755 19.49999619
v -50.53553391 -44.46446228 2.99999619
v -50.53553391 -44.46446228 19.49999619
v -51.15734863 -45.22214508 2.99999619
v -51.15734863 -45.22214508 19.49999619
v -51.61939621 -46.08657837 2.99999619
v -51.61939621 -46.08657837 19.49999619
v -51.90392685 -47.02454376 2.99999619
v -51.90392685 -47.02454376 19.49999619
v -51.61939621 -46.08657837 35.99999619
v -51.15734863 -45.22214508 35.99999619
v -50.53553391 -44.46446228 35.99999619
v -49.77785110 -43.84264755 35.99999619
v -48.91341782 -43.38059998 35.99999619
v -52.00000000 -110.99999237 2.99999619
v -47.97545242 -115.90392303 35.99999619
v -47.97545242 -115.90392303 52.49999619
v -48.91341782 -115.61939240 52.49999619
v -49.77785110 -115.15734100 52.49999619
v -50.53553391 -114.53553009 52.49999619
v -51.15734863 -113.77784729 52.49999619
v -51.61939621 -112.91341400 52.49999619
v -51.90392685 -111.97544861 52.49999619
v -51.90392685 -111.97544861 35.99999619
v -51.90392685 -111.97544861 19.49999619
v -51.90392685 -111.97544861 2.99999619
v -51.61939621 -112.91341400 2.99999619
v -51.61939621 -112.91341400 19.49999619
v -51.15734863 -113.77784729 2.99999619
v -51.15734863 -113.77784729 19.49999619
v -50.53553391 -114.53553009 2.99999619
v -50.53553391 -114.53553009 19.49999619
v -49.77785110 -115.15734100 2.99999619
v -49.77785110 -115.15734100 19.49999619
v -48.91341782 -115.61939240 2.99999619
v -48.91341782 -115.61939240 19.49999619
v -47.97545242 -115.90392303 2.99999619
v -47.97545242 -115.90392303 19.49999619
v -48.91341782 -115.61939240 35.99999619
v -49.77785110 -115.15734100 35.99999619
v -50.53553391 -114.53553009 35.99999619
v -51.15734863 -113.77784729 35.99999619
v -51.61939621 -112.91341400 35.99999619
v 22.00000000 -110.99999237 2.99999619
v 21.90392685 -111.97544861 35.99999619
v 21.90392685 -111.97544861 52.49999619
v 21.61939812 -112.91341400 52.49999619
v 21.15734863 -113.77784729 52.49999619
v 20.53553391 -114.53553009 52.49999619
v 19.77785110 -115.15734100 52.49999619
v 18.91341782 -115.61939240 52.49999619
v 17.97545242 -115.90392303 52.49999619
v 17.97545242 -115.90392303 35.99999619
v 17.97545242 -115.90392303 19.49999619
v 17.97545242 -115.90392303 2.99999619
v 18.91341782 -115.61939240 2.99999619
v 18.91341782 -115.61939240 19.49999619
v 19.77785110 -115.15734100 2.99999619
v 19.77785110 -115.15734100 19.49999619
v 20.53553391 -114.53553009 2.99999619
v 20.53553391 -114.53553009 19.49999619
v 21.15734863 -113.77784729 2.99999619
v 21.15734863 -113.77784729 19.49999619
v 21.61939812 -112.91341400 2.99999619
v 21.61939812 -112.91341400 19.49999619
v 21.90392685 -111.97544861 2.99999619
v 21.90392685 -111.97544861 19.49999619
v 21.61939812 -112.91341400 35.99999619
v 21.15734863 -113.77784729 35.99999619
v 20.53553391 -114.53553009 35.99999619
v 19.77785110 -115.15734100 35.99999619
v 18.91341782 -115.61939240 35.99999619
v 22.00000000 -47.99999619 2.99999619
v 17.97545242 -43.09606934 35.99999619
v 17.97545242 -43.09606934 52.49999619
v 18.91341782 -43.38059998 52.49999619
v 19.77785110 -43.84264755 52.49999619
v 20.53553391 -44.46446228 52.49999619
v 21.15734863 -45.22214508 52.49999619
v 21.61939812 -46.08657837 52.49999619
v 21.90392685 -47.02454376 52.49999619
v 21.90392685 -47.02454376 35.99999619
v 21.90392685 -47.02454376 19.49999619
v 21.90392685 -47.02454376 2.99999619
v 21.61939812 -46.08657837 2.99999619
v 21.61939812 -46.08657837 19.49999619
v 21.15734863 -45.22214508 2.99999619
v 21.15734863 -45.22214508 19.49999619
v 20.53553391 -44.46446228 2.99999619
v 20.53553391 -44.46446228 19.49999619
v 19.77785110 -43.84264755 2.99999619
v 19.77785110 -43.84264755 19.49999619
v 18.91341782 -43.38059998 2.99999619
v 18.91341782 -43.38059998 19.49999619
v 17.97545242 -43.09606934 2.99999619
v 17.97545242 -43.09606934 19.49999619
v 18.91341782 -43.38059998 35.99999619
v 19.77785110 -43.84264755 35.99999619
v 20.53553391 -44.46446228 35.99999619
v 21.15734863 -45.22214508 35.99999619
v 21.61939812 -46.08657837 35.99999619
v -16.33021164 -109.46687317 85.00000000
v -15.84430599 -109.98849487 85.00000000
v -16.03640938 -109.94439697 85.00000000
v -16.19654655 -109.82949066 85.00000000
v -16.29982948 -109.66161346 85.00000000
v -14.71853352 -109.99871826 85.00000000
v -15.28146648 -109.99871826 85.00000000
v -14.72034931 -109.79872894 85.19999695
v -15.27965069 -109.79872894 85.19999695
v -15.83885956 -109.78857422 85.19999695
v -16.13040352 -109.47559357 85.19999695
v -15.95412159 -109.76211548 85.19999695
v -16.05020332 -109.69316864 85.19999695
v -16.11217308 -109.59244537 85.19999695
v -14.16114044 -109.78857422 85.19999695
v -13.86959743 -109.47559357 85.19999695
v -14.04587841 -109.76211548 85.19999695
v -13.94979668 -109.69316864 85.19999695
v -13.88782692 -109.59244537 85.19999695
v -35.00000000 -29.09999657 7.34999609
v -36.00471497 -29.09999657 7.44895220
v -36.97082138 -29.09999657 7.74201679
v -37.86118698 -29.09999657 8.21792793
v -38.64160156 -29.09999657 8.85839653
v -39.28207016 -29.09999657 9.63880920
v -39.75798035 -29.09999657 10.52917671
v -40.05104446 -29.09999657 11.49528122
v -40.15000153 -29.09999657 12.49999619
v 5.00000000 -29.09999657 7.34999609
v 10.14999962 -29.09999657 12.49999619
v 10.05104446 -29.09999657 11.49528122
v 9.75797939 -29.09999657 10.52917671
v 9.28206825 -29.09999657 9.63880920
v 8.64159966 -29.09999657 8.85839653
v 7.86118650 -29.09999657 8.21792793
v 6.97081947 -29.09999657 7.74201679
v 6.00471497 -29.09999657 7.44895220
v 10.14999962 -29.09999657 62.49999619
v 5.00000000 -29.09999657 67.64999390
v 6.00471497 -29.09999657 67.55104065
v 6.97081947 -29.09999657 67.25797272
v 7.86118650 -29.09999657 66.78206635
v 8.64159966 -29.09999657 66.14159393
v 9.28206825 -29.09999657 65.36118317
v 9.75797939 -29.09999657 64.47081757
v 10.05104446 -29.09999657 63.50471115
v -35.00000000 -29.09999657 67.64999390
v -9.50000000 -41.99999619 67.64999390
v -8.79566860 -41.89872742 67.64999390
v -8.14839745 -41.60313034 67.64999390
v -7.61062574 -41.13714600 67.64999390
v -8.79566860 -37.10126495 67.64999390
v -7.61062574 -37.86284256 67.64999390
v -8.14839745 -37.39686203 67.64999390
v -7.22591972 -38.46145630 67.64999390
v -7.02544641 -39.14420700 67.64999390
v -7.02544641 -39.85578156 67.64999390
v -7.22591972 -40.53853226 67.64999390
v -40.15000153 -29.09999657 62.49999619
v -40.05104446 -29.09999657 63.50471115
v -39.75798035 -29.09999657 64.47081757
v -39.28207016 -29.09999657 65.36118317
v -38.64160156 -29.09999657 66.14159393
v -37.86118698 -29.09999657 66.78206635
v -36.97082138 -29.09999657 67.25797272
v -36.00471497 -29.09999657 67.55104065
v -9.50000000 -36.99999619 77.19999695
v -9.50000000 -36.99999619 74.14999390
v -9.50000000 -41.99999619 77.21437836
v -9.00704670 -41.95091248 77.20590210
v -8.53342247 -41.80558014 77.19999695
v -7.94471979 -41.45731735 77.19999695
v -7.47244167 -40.96253204 77.19999695
v -7.15194178 -40.35826111 77.19999695
v -7.00721169 -39.68974686 77.19999695
v -7.04908514 -39.00702667 77.19999695
v -7.27442837 -38.36120987 77.19999695
v -7.50000000 -37.99999619 72.14999390
v -7.53989077 -37.94823074 72.54744720
v -7.66637230 -37.80064011 77.19999695
v -7.65474463 -37.81327438 72.92137909
v -7.83587646 -37.63503265 73.25881958
v -8.19557667 -37.36727905 77.19999695
v -8.06962585 -37.44963074 73.54785919
v -8.35690308 -37.27705765 73.79057312
v -8.82242775 -37.09356689 77.19999695
v -8.70405197 -37.13008881 73.98478699
v -9.09409142 -37.03376389 74.10778046
v -7.53989077 -37.94823074 71.75254059
v -7.65474463 -37.81327438 71.37861633
v -7.83587646 -37.63503265 71.04117584
v -8.06962585 -37.44963074 70.75213623
v -8.35690308 -37.27705765 70.50941467
v -8.70405197 -37.13008881 70.31520844
v -9.09409142 -37.03376389 70.19220734
v -15.00000000 -41.99999619 77.26071930
v -9.50000000 -29.29999542 70.14999390
v -9.50000000 -29.72360802 74.14999390
v -9.14190960 -29.70672226 74.11772919
v -8.80135918 -29.66045952 74.02400208
v -8.48234749 -29.59166908 73.87173462
v -8.19807625 -29.51208878 73.66821289
v -7.95215368 -29.43211174 73.41655731
v -7.75408268 -29.36383438 73.12558746
v -7.60885429 -29.31693649 72.80084229
v -7.52329254 -29.29999542 72.45434570
v -7.51806116 -29.29999542 71.88182068
v -7.67525530 -29.29999542 71.33127594
v -7.98199224 -29.29999542 70.84782410
v -8.41313362 -29.29999542 70.47109222
v -8.93334770 -29.29999542 70.23194885
v -19.12679863 -42.13399506 77.37975311
v -18.66840363 -42.13261414 77.38504028
v -17.75147438 -42.13032150 77.39473724
v -16.37582016 -42.12809753 77.40524292
v -13.62417984 -42.12809753 77.40524292
v -12.24852562 -42.13032150 77.39473724
v -10.87320137 -42.13399506 77.37975311
v -9.23467636 -42.12748718 77.36023712
v -8.72321415 -42.02992249 77.35176086
v -8.97632408 -42.09098434 77.35573578
v -20.76532364 -42.12748718 77.36023712
v -21.27678680 -42.02992249 77.35176086
v -21.02363014 -42.09099579 77.35573578
v -22.60802269 -29.15114403 72.57604218
v -22.58680153 -29.15454674 72.67395020
v -22.56138611 -29.16011810 72.77057648
v -22.53204727 -29.16771126 72.86514282
v -22.46193123 -29.18845749 73.04824066
v -22.37680626 -29.21587372 73.22349548
v -22.27666855 -29.24909210 73.39093018
v -22.16272926 -29.28672218 73.54838562
v -22.03729057 -29.32693863 73.69322205
v -21.75101852 -29.41082382 73.94708252
v -21.82703972 -29.38980103 73.88816833
v -21.90008545 -29.36870384 73.82617950
v -21.42587852 -29.48879242 74.14550018
v -21.59260941 -29.45133591 74.05371857
v -21.67276192 -29.43141365 74.00232697
v -21.06838417 -29.54959106 74.28312683
v -21.16030693 -29.53660202 74.25477600
v -21.25097084 -29.52197456 74.22219086
v -20.69271278 -29.58278275 74.35327911
v -20.88214874 -29.57008743 74.32682800
v -20.97566414 -29.56077766 74.30713654
v -9.40292358 -29.58602524 74.35996246
v -9.30611515 -29.58273125 74.35317230
v -9.20990276 -29.57729530 74.34189606
v -9.11505032 -29.56983948 74.32630157
v -8.92938900 -29.54929924 74.28249359
v -8.74896145 -29.52196312 74.22216034
v -8.57368088 -29.48870087 74.14527893
v -8.40601921 -29.45100594 74.05287933
v -8.24837685 -29.41066170 73.94663239
v -7.96218681 -29.32677650 73.69266510
v -8.03006744 -29.34777260 73.76140594
v -8.10043240 -29.36885834 73.82663727
v -7.72305632 -29.24900055 73.39051056
v -7.83606625 -29.28632927 73.54685974
v -7.89747286 -29.30622864 73.62107849
v -7.53712463 -29.18816566 73.04605865
v -7.57820654 -29.20121002 73.13568878
v -7.60024452 -29.20835686 73.17988586
v -7.62314367 -29.21585846 73.22339630
v -7.41292048 -29.15449333 72.67278290
v -7.46702719 -29.16745949 72.86236572
v -7.50007582 -29.17688751 72.95494843
v -13.50000000 -49.49999619 80.50000000
v -16.50000000 -49.49999619 80.50000000
v -14.25000000 -50.79903412 80.50000000
v -13.85093307 -50.46417618 80.50000000
v -14.73952770 -50.97720718 80.50000000
v -15.26047230 -50.97720718 80.50000000
v -15.75000000 -50.79903412 80.50000000
v -16.14906693 -50.46417618 80.50000000
v -16.40953827 -50.01302719 80.50000000
v -13.59046078 -50.01302719 80.50000000
v 10.00000000 -102.00000000 55.99999619
v 10.00000000 -55.99999619 55.99999619
v 9.90211296 -102.61802673 55.99999619
v 8.00000000 -104.00000000 55.99999619
v 9.61803436 -103.17556763 55.99999619
v 9.17557049 -103.61802673 55.99999619
v 8.61803436 -103.90210724 55.99999619
v -38.00000000 -104.00000000 55.99999619
v -38.61803436 -103.90210724 55.99999619
v -39.17557144 -103.61802673 55.99999619
v -39.61803436 -103.17556763 55.99999619
v -39.90211487 -102.61802673 55.99999619
v -40.00000000 -102.00000000 55.99999619
v -40.00000000 -55.99999619 55.99999619
v -39.90211487 -55.38196182 55.99999619
v -39.61803436 -54.82442474 55.99999619
v -39.17557144 -54.38196182 55.99999619
v -38.61803436 -54.09788132 55.99999619
v -38.00000000 -53.99999619 55.99999619
v 8.00000000 -53.99999619 55.99999619
v 8.61803436 -54.09788132 55.99999619
v 9.17557049 -54.38196182 55.99999619
v 9.61803436 -54.82442474 55.99999619
v 9.90211296 -55.38196182 55.99999619
f 1 2 3
f 3 2 4
f 3 4 5
f 2 1 6
f 6 1 7
f 6 7 8
f 8 7 9
f 8 9 10
f 10 9 11
f 10 11 12
f 12 11 13
f 12 13 14
f 14 13 15
f 14 15 16
f 16 15 17
f 16 17 18
f 18 17 19
f 18 19 20
f 20 19 21
f 20 21 22
f 22 21 23
f 22 23 24
f 24 23 25
f 25 23 26
f 25 26 27
f 27 26 28
f 27 28 29
f 29 28 30
f 29 30 31
f 31 30 32
f 31 32 33
f 33 32 34
f 33 34 35
f 35 34 36
f 35 36 37
f 37 36 38
f 37 38 39
f 39 38 40
f 39 40 41
f 41 40 42
f 41 42 43
f 43 42 44
f 43 44 45
f 45 44 46
f 45 46 47
f 47 46 48
f 47 48 49
f 49 48 50
f 50 48 51
f 50 51 52
f 52 51 53
f 52 53 54
f 54 53 55
f 54 55 56
f 56 55 57
f 56 57 58
f 58 57 59
f 58 59 60
f 60 59 61
f 60 61 62
f 62 61 63
f 62 63 64
f 64 63 65
f 64 65 66
f 66 65 67
f 66 67 68
f 68 67 69
f 68 69 70
f 70 69 71
f 71 69 72
f 71 72 73
f 73 72 74
f 73 74 75
f 75 74 76
f 75 76 77
f 77 76 78
f 77 78 79
f 79 78 80
f 79 80 81
f 81 80 82
f 81 82 83
f 83 82 84
f 83 84 85
f 85 84 86
f 85 86 87
f 87 86 88
f 87 88 89
f 89 88 90
f 89 90 91
f 91 90 92
f 91 92 5
f 5 92 3
f 93 94 95
f 95 94 96
f 95 96 97
f 97 96 98
f 97 98 99
f 99 98 100
f 99 100 101
f 101 100 102
f 101 102 103
f 94 93 104
f 104 93 105
f 104 105 106
f 106 105 107
f 106 107 108
f 108 109 106
f 106 109 110
f 111 112 113
f 113 112 114
f 113 114 115
f 115 114 116
f 115 116 117
f 117 116 118
f 117 118 119
f 119 118 120
f 119 120 121
f 112 111 122
f 122 111 123
f 122 123 124
f 124 123 125
f 124 125 126
f 126 127 124
f 124 127 128
f 129 130 131
f 131 130 132
f 131 132 133
f 133 132 134
f 133 134 135
f 135 134 136
f 135 136 137
f 137 136 138
f 137 138 139
f 139 138 140
f 139 140 141
f 141 140 142
f 141 142 143
f 143 142 144
f 143 144 145
f 145 144 146
f 147 148 146
f 146 148 145
f 148 147 149
f 149 147 150
f 149 150 151
f 151 150 152
f 151 152 153
f 153 152 154
f 153 154 155
f 155 154 156
f 155 156 157
f 157 156 158
f 157 158 159
f 159 158 160
f 159 160 161
f 161 160 162
f 161 162 163
f 163 162 164
f 164 165 163
f 163 165 166
f 166 165 167
f 167 165 168
f 167 168 169
f 169 168 170
f 169 170 171
f 171 170 172
f 171 172 173
f 173 172 174
f 173 174 175
f 175 174 176
f 175 176 177
f 177 176 178
f 177 178 179
f 179 178 180
f 179 180 181
f 181 180 182
f 130 129 183
f 183 129 184
f 185 186 187
f 187 186 188
f 187 188 189
f 189 188 190
f 189 190 191
f 191 190 192
f 191 192 193
f 193 192 194
f 193 194 195
f 195 194 196
f 195 196 197
f 197 196 198
f 197 198 199
f 199 198 200
f 199 200 184
f 184 200 183
f 5 4 201
f 201 4 202
f 203 71 204
f 204 71 73
f 204 73 75
f 204 75 205
f 205 75 77
f 205 77 206
f 206 77 79
f 206 79 207
f 207 79 81
f 207 81 208
f 208 81 83
f 208 83 209
f 209 83 85
f 209 85 210
f 210 85 87
f 210 87 211
f 211 87 89
f 211 89 212
f 212 89 91
f 212 91 213
f 213 91 201
f 201 91 5
f 71 203 70
f 70 203 214
f 215 49 216
f 216 49 50
f 216 50 52
f 216 52 217
f 217 52 54
f 217 54 218
f 218 54 56
f 218 56 219
f 219 56 58
f 219 58 220
f 220 58 60
f 220 60 221
f 221 60 62
f 221 62 222
f 222 62 64
f 222 64 223
f 223 64 66
f 223 66 224
f 224 66 68
f 224 68 225
f 225 68 214
f 214 68 70
f 47 49 226
f 226 49 215
f 227 25 228
f 228 25 27
f 228 27 29
f 228 29 229
f 229 29 31
f 229 31 230
f 230 31 33
f 230 33 231
f 231 33 35
f 231 35 232
f 232 35 37
f 232 37 233
f 233 37 39
f 233 39 234
f 234 39 41
f 234 41 235
f 235 41 43
f 235 43 236
f 236 43 45
f 236 45 237
f 237 45 226
f 226 45 47
f 202 4 238
f 238 4 2
f 238 2 6
f 238 6 239
f 239 6 8
f 239 8 240
f 240 8 10
f 240 10 241
f 241 10 12
f 241 12 242
f 242 12 14
f 242 14 243
f 243 14 16
f 243 16 244
f 244 16 18
f 244 18 245
f 245 18 20
f 245 20 246
f 246 20 22
f 246 22 247
f 247 22 248
f 248 22 24
f 25 227 24
f 24 227 248
f 249 250 251
f 251 250 252
f 251 252 253
f 253 252 254
f 253 254 255
f 255 254 256
f 255 256 257
f 257 256 258
f 257 258 259
f 259 258 260
f 259 260 261
f 261 260 262
f 261 262 263
f 263 262 264
f 263 264 265
f 265 264 266
f 265 266 267
f 267 266 268
f 267 268 269
f 269 268 270
f 269 270 271
f 271 270 272
f 271 272 273
f 273 272 274
f 273 274 275
f 275 274 276
f 275 276 277
f 277 276 278
f 277 278 279
f 279 278 280
f 279 280 281
f 281 280 282
f 281 282 283
f 283 282 284
f 283 284 285
f 285 284 286
f 285 286 287
f 287 286 288
f 287 288 289
f 289 288 290
f 289 290 291
f 291 290 292
f 291 292 293
f 293 292 294
f 293 294 295
f 295 294 296
f 295 296 297
f 297 296 298
f 297 298 299
f 299 298 300
f 299 300 301
f 301 300 302
f 301 302 249
f 249 302 250
f 303 304 305
f 305 304 306
f 305 306 307
f 307 306 308
f 307 308 309
f 309 308 310
f 309 310 311
f 311 310 312
f 311 312 313
f 313 312 314
f 313 314 315
f 315 314 316
f 315 316 317
f 317 316 318
f 317 318 319
f 319 318 320
f 319 320 321
f 321 320 322
f 321 322 323
f 323 322 324
f 323 324 325
f 325 324 326
f 325 326 327
f 327 326 328
f 327 328 329
f 329 328 330
f 329 330 331
f 331 330 332
f 331 332 333
f 333 332 334
f 333 334 335
f 335 334 336
f 335 336 337
f 337 336 338
f 337 338 339
f 339 338 340
f 339 340 341
f 341 340 342
f 341 342 343
f 343 342 344
f 343 344 303
f 303 344 304
f 345 346 347
f 347 346 348
f 347 348 349
f 349 348 350
f 349 350 351
f 351 350 352
f 351 352 353
f 353 352 354
f 353 354 355
f 355 354 356
f 355 356 357
f 357 356 358
f 357 358 359
f 359 358 360
f 359 360 361
f 361 360 362
f 361 362 363
f 363 362 364
f 363 364 365
f 365 364 366
f 365 366 367
f 367 366 368
f 367 368 369
f 369 368 370
f 369 370 371
f 371 370 372
f 371 372 373
f 373 372 374
f 373 374 375
f 375 374 376
f 375 376 377
f 377 376 378
f 377 378 379
f 379 378 380
f 379 380 381
f 381 380 382
f 381 382 383
f 383 382 384
f 383 384 385
f 385 384 386
f 385 386 387
f 387 386 388
f 387 388 389
f 389 388 390
f 389 390 391
f 391 390 392
f 391 392 393
f 393 392 394
f 393 394 395
f 395 394 396
f 395 396 397
f 397 396 398
f 397 398 345
f 345 398 346
f 399 400 401
f 401 400 402
f 401 402 403
f 403 402 404
f 403 404 405
f 405 404 406
f 405 406 407
f 407 406 408
f 407 408 409
f 409 408 410
f 409 410 411
f 411 410 412
f 411 412 413
f 413 412 414
f 413 414 415
f 415 414 416
f 415 416 417
f 417 416 418
f 417 418 419
f 419 418 420
f 419 420 421
f 421 420 422
f 421 422 423
f 423 422 424
f 423 424 425
f 425 424 426
f 425 426 427
f 427 426 428
f 427 428 429
f 429 428 430
f 429 430 431
f 431 430 432
f 431 432 433
f 433 432 434
f 433 434 435
f 435 434 436
f 435 436 437
f 437 436 438
f 437 438 439
f 439 438 440
f 439 440 399
f 399 440 400
f 441 442 443
f 443 442 444
f 443 444 445
f 445 444 446
f 445 446 447
f 447 446 448
f 447 448 449
f 449 448 450
f 449 450 451
f 451 450 452
f 451 452 453
f 453 452 454
f 453 454 455
f 455 454 456
f 455 456 457
f 457 456 458
f 457 458 459
f 459 458 460
f 459 460 461
f 461 460 462
f 461 462 463
f 463 462 464
f 463 464 465
f 465 464 466
f 465 466 467
f 467 466 468
f 467 468 469
f 469 468 470
f 469 470 471
f 471 470 472
f 471 472 473
f 473 472 474
f 473 474 475
f 475 474 476
f 475 476 477
f 477 476 478
f 477 478 479
f 479 478 480
f 479 480 481
f 481 480 482
f 481 482 483
f 483 482 484
f 483 484 485
f 485 484 486
f 485 486 487
f 487 486 488
f 487 488 489
f 489 488 490
f 489 490 491
f 491 490 492
f 491 492 493
f 493 492 494
f 493 494 441
f 441 494 442
f 495 496 497
f 497 496 498
f 497 498 499
f 499 498 500
f 499 500 501
f 501 500 502
f 501 502 503
f 503 502 504
f 503 504 505
f 505 504 506
f 505 506 507
f 507 506 508
f 507 508 509
f 509 508 510
f 509 510 511
f 511 510 512
f 511 512 513
f 513 512 514
f 513 514 515
f 515 514 516
f 515 516 517
f 517 516 518
f 517 518 519
f 519 518 520
f 519 520 521
f 521 520 522
f 521 522 523
f 523 522 524
f 523 524 525
f 525 524 526
f 525 526 527
f 527 526 528
f 527 528 529
f 529 528 530
f 529 530 531
f 531 530 532
f 531 532 533
f 533 532 534
f 533 534 535
f 535 534 536
f 535 536 495
f 495 536 496
f 537 538 539
f 539 538 540
f 539 540 541
f 541 540 542
f 541 542 543
f 543 542 544
f 543 544 545
f 545 544 546
f 545 546 547
f 547 546 548
f 547 548 549
f 549 548 550
f 549 550 551
f 551 550 552
f 551 552 553
f 553 552 554
f 553 554 555
f 555 554 556
f 555 556 557
f 557 556 558
f 557 558 559
f 559 558 560
f 559 560 561
f 561 560 562
f 561 562 563
f 563 562 564
f 563 564 565
f 565 564 566
f 565 566 567
f 567 566 568
f 567 568 569
f 569 568 570
f 569 570 571
f 571 570 572
f 571 572 573
f 573 572 574
f 573 574 575
f 575 574 576
f 575 576 577
f 577 576 578
f 577 578 579
f 579 578 580
f 579 580 581
f 581 580 582
f 581 582 583
f 583 582 584
f 583 584 585
f 585 584 586
f 585 586 587
f 587 586 588
f 587 588 589
f 589 588 590
f 589 590 537
f 537 590 538
f 591 592 593
f 593 592 594
f 593 594 595
f 595 594 596
f 595 596 597
f 597 596 598
f 597 598 599
f 599 598 600
f 599 600 601
f 601 600 602
f 601 602 603
f 603 602 604
f 603 604 605
f 605 604 606
f 605 606 607
f 607 606 608
f 607 608 609
f 609 608 610
f 609 610 611
f 611 610 612
f 611 612 613
f 613 612 614
f 613 614 615
f 615 614 616
f 615 616 617
f 617 616 618
f 617 618 619
f 619 618 620
f 619 620 621
f 621 620 622
f 621 622 623
f 623 622 624
f 623 624 625
f 625 624 626
f 625 626 627
f 627 626 628
f 627 628 629
f 629 628 630
f 629 630 631
f 631 630 632
f 631 632 591
f 591 632 592
f 633 634 635
f 635 634 636
f 635 636 637
f 637 636 638
f 637 638 639
f 639 638 640
f 639 640 641
f 641 640 642
f 641 642 643
f 643 642 644
f 643 644 645
f 645 644 646
f 645 646 647
f 647 646 648
f 647 648 649
f 649 648 650
f 649 650 651
f 651 650 652
f 651 652 653
f 653 652 654
f 653 654 655
f 655 654 656
f 655 656 657
f 657 656 658
f 657 658 659
f 659 658 660
f 659 660 661
f 661 660 662
f 661 662 663
f 663 662 664
f 663 664 665
f 665 664 666
f 665 666 667
f 667 666 668
f 667 668 669
f 669 668 670
f 669 670 671
f 671 670 672
f 671 672 673
f 673 672 674
f 673 674 675
f 675 674 676
f 675 676 677
f 677 676 678
f 677 678 633
f 633 678 634
f 679 680 681
f 681 680 682
f 681 682 683
f 683 682 684
f 683 684 685
f 685 684 686
f 685 686 687
f 687 686 688
f 687 688 689
f 689 688 690
f 689 690 691
f 691 690 692
f 691 692 693
f 693 692 694
f 693 694 695
f 695 694 696
f 695 696 697
f 697 696 698
f 697 698 699
f 699 698 700
f 699 700 701
f 701 700 702
f 701 702 703
f 703 702 704
f 703 704 705
f 705 704 706
f 705 706 707
f 707 706 708
f 707 708 709
f 709 708 710
f 709 710 711
f 711 710 712
f 711 712 713
f 713 712 714
f 713 714 715
f 715 714 716
f 715 716 717
f 717 716 718
f 717 718 719
f 719 718 720
f 719 720 721
f 721 720 722
f 721 722 723
f 723 722 724
f 723 724 679
f 679 724 680
f 725 726 727
f 727 726 728
f 727 728 729
f 729 728 730
f 729 730 731
f 731 730 732
f 731 732 733
f 733 732 734
f 733 734 735
f 735 734 736
f 735 736 737
f 737 736 738
f 737 738 739
f 739 738 740
f 739 740 741
f 741 740 742
f 741 742 743
f 743 742 744
f 743 744 745
f 745 744 746
f 745 746 747
f 747 746 748
f 747 748 749
f 749 748 750
f 749 750 751
f 751 750 752
f 751 752 753
f 753 752 754
f 753 754 755
f 755 754 756
f 755 756 757
f 757 756 758
f 757 758 759
f 759 758 760
f 759 760 761
f 761 760 762
f 761 762 763
f 763 762 764
f 763 764 765
f 765 764 766
f 765 766 767
f 767 766 768
f 767 768 769
f 769 768 770
f 769 770 725
f 725 770 726
f 771 772 773
f 773 772 774
f 773 774 775
f 775 774 776
f 775 776 777
f 777 776 778
f 777 778 779
f 779 778 780
f 779 780 781
f 781 780 782
f 781 782 783
f 783 782 784
f 783 784 785
f 785 784 786
f 785 786 787
f 787 786 788
f 787 788 789
f 789 788 790
f 789 790 791
f 791 790 792
f 791 792 793
f 793 792 794
f 793 794 795
f 795 794 796
f 795 796 797
f 797 796 798
f 797 798 799
f 799 798 800
f 799 800 801
f 801 800 802
f 801 802 803
f 803 802 804
f 803 804 805
f 805 804 806
f 805 806 807
f 807 806 808
f 807 808 809
f 809 808 810
f 809 810 811
f 811 810 812
f 811 812 813
f 813 812 814
f 813 814 815
f 815 814 816
f 815 816 771
f 771 816 772
f 817 764 818
f 818 764 762
f 818 762 760
f 817 819 764
f 764 819 766
f 766 819 820
f 766 820 821
f 766 821 768
f 768 821 822
f 768 822 823
f 768 823 770
f 770 823 824
f 770 824 726
f 726 824 825
f 726 825 826
f 726 826 728
f 728 826 827
f 728 827 730
f 730 827 732
f 732 827 561
f 732 561 734
f 734 561 563
f 734 563 736
f 736 563 565
f 736 565 738
f 738 565 567
f 738 567 740
f 740 567 569
f 740 569 742
f 742 569 571
f 742 571 744
f 744 571 573
f 744 573 746
f 746 573 575
f 746 575 748
f 748 575 828
f 748 828 750
f 750 828 829
f 750 829 752
f 752 829 830
f 752 830 754
f 754 830 831
f 754 831 756
f 756 831 832
f 756 832 818
f 818 832 833
f 818 833 834
f 835 457 827
f 827 457 551
f 827 551 553
f 836 774 835
f 835 774 772
f 835 772 816
f 774 836 776
f 776 836 837
f 776 837 838
f 776 838 778
f 778 838 839
f 778 839 780
f 780 839 840
f 780 840 841
f 780 841 782
f 782 841 842
f 782 842 843
f 782 843 784
f 784 843 844
f 784 844 845
f 846 640 845
f 845 640 794
f 845 794 792
f 847 648 846
f 846 648 646
f 846 646 644
f 648 847 650
f 650 847 848
f 650 848 849
f 650 849 652
f 652 849 850
f 652 850 851
f 652 851 654
f 654 851 852
f 654 852 853
f 654 853 656
f 656 853 854
f 656 854 658
f 658 854 855
f 658 855 856
f 857 387 856
f 856 387 389
f 856 389 391
f 858 706 857
f 857 706 704
f 857 704 702
f 858 859 706
f 706 859 708
f 708 859 860
f 708 860 710
f 710 860 861
f 710 861 862
f 710 862 712
f 712 862 863
f 712 863 864
f 712 864 714
f 714 864 865
f 714 865 866
f 714 866 716
f 716 866 867
f 716 867 718
f 718 867 720
f 720 867 722
f 722 867 724
f 724 867 868
f 724 868 869
f 818 870 867
f 867 870 871
f 867 871 872
f 253 373 251
f 251 373 375
f 251 375 249
f 249 375 377
f 249 377 301
f 301 377 379
f 301 379 299
f 299 379 381
f 299 381 297
f 297 381 383
f 297 383 295
f 295 383 385
f 295 385 293
f 293 385 387
f 293 387 857
f 373 253 371
f 371 253 255
f 371 255 369
f 369 255 257
f 369 257 367
f 367 257 259
f 367 259 873
f 873 259 874
f 874 259 261
f 874 261 875
f 875 261 263
f 875 263 876
f 876 263 265
f 876 265 267
f 876 267 877
f 877 267 269
f 877 269 878
f 878 269 686
f 878 686 684
f 686 269 688
f 688 269 271
f 688 271 690
f 690 271 273
f 690 273 692
f 692 273 275
f 692 275 694
f 694 275 277
f 694 277 696
f 696 277 279
f 696 279 698
f 698 279 281
f 698 281 700
f 700 281 283
f 700 283 857
f 857 283 285
f 857 285 287
f 287 289 857
f 857 289 291
f 857 291 293
f 349 670 347
f 347 670 668
f 347 668 345
f 345 668 666
f 345 666 397
f 397 666 664
f 397 664 856
f 856 664 662
f 856 662 660
f 670 349 672
f 672 349 351
f 672 351 674
f 674 351 353
f 674 353 676
f 676 353 355
f 676 355 678
f 678 355 357
f 678 357 634
f 634 357 359
f 634 359 485
f 485 359 483
f 483 359 361
f 483 361 481
f 481 361 363
f 481 363 479
f 479 363 365
f 479 365 879
f 879 365 880
f 879 880 881
f 881 880 882
f 881 882 883
f 883 882 884
f 883 884 885
f 885 884 886
f 885 886 887
f 887 886 888
f 887 888 889
f 889 888 890
f 889 890 891
f 891 890 892
f 891 892 893
f 893 892 894
f 893 894 895
f 895 894 896
f 895 896 897
f 897 896 898
f 897 898 899
f 899 898 870
f 899 870 818
f 365 367 880
f 880 367 873
f 391 393 856
f 856 393 395
f 856 395 397
f 445 812 443
f 443 812 810
f 443 810 441
f 441 810 808
f 441 808 493
f 493 808 806
f 493 806 491
f 491 806 804
f 491 804 489
f 489 804 802
f 489 802 487
f 487 802 800
f 487 800 485
f 485 800 798
f 485 798 634
f 634 798 636
f 636 798 796
f 636 796 638
f 638 796 794
f 638 794 640
f 812 445 814
f 814 445 447
f 814 447 816
f 816 447 835
f 447 449 835
f 835 449 451
f 835 451 453
f 453 455 835
f 835 455 457
f 457 459 551
f 551 459 549
f 549 459 461
f 549 461 547
f 547 461 463
f 547 463 545
f 545 463 465
f 545 465 543
f 543 465 467
f 543 467 541
f 541 467 469
f 541 469 539
f 539 469 471
f 539 471 537
f 537 471 473
f 537 473 589
f 589 473 475
f 589 475 587
f 587 475 477
f 587 477 585
f 585 477 900
f 585 900 901
f 900 477 879
f 879 477 479
f 553 555 827
f 827 555 557
f 827 557 559
f 559 561 827
f 828 575 902
f 902 575 577
f 902 577 903
f 903 577 579
f 903 579 581
f 903 581 904
f 904 581 583
f 904 583 901
f 901 583 585
f 680 905 682
f 682 905 906
f 682 906 684
f 684 906 878
f 905 680 869
f 869 680 724
f 702 700 857
f 792 790 845
f 845 790 788
f 845 788 786
f 786 784 845
f 760 758 818
f 818 758 756
f 660 658 856
f 644 642 846
f 846 642 640
f 834 907 818
f 818 907 899
f 872 908 867
f 867 908 868
f 909 130 910
f 910 130 183
f 910 183 911
f 911 183 912
f 912 183 200
f 912 200 198
f 913 134 909
f 909 134 132
f 909 132 130
f 134 913 136
f 136 913 914
f 136 914 138
f 138 914 915
f 138 915 916
f 138 916 140
f 140 916 917
f 140 917 142
f 142 917 918
f 142 918 919
f 142 919 144
f 144 919 920
f 144 920 146
f 146 920 147
f 147 920 921
f 147 921 150
f 150 921 152
f 152 921 922
f 152 922 154
f 154 922 923
f 154 923 924
f 154 924 156
f 156 924 925
f 156 925 926
f 156 926 158
f 158 926 927
f 158 927 160
f 160 927 928
f 160 928 929
f 930 164 929
f 929 164 162
f 929 162 160
f 931 170 930
f 930 170 168
f 930 168 165
f 931 932 170
f 170 932 172
f 172 932 933
f 172 933 174
f 174 933 934
f 174 934 935
f 174 935 176
f 176 935 936
f 176 936 937
f 176 937 178
f 178 937 938
f 178 938 180
f 180 938 182
f 182 938 939
f 182 939 186
f 186 939 188
f 188 939 940
f 188 940 190
f 190 940 941
f 190 941 942
f 190 942 192
f 192 942 943
f 192 943 194
f 194 943 944
f 194 944 945
f 194 945 196
f 196 945 946
f 196 946 198
f 198 946 912
f 165 164 930
f 186 185 182
f 182 185 181
f 149 163 148
f 148 163 166
f 148 166 145
f 145 166 181
f 145 181 129
f 129 181 185
f 129 185 184
f 184 185 199
f 199 185 197
f 197 185 195
f 195 185 193
f 193 185 191
f 191 185 189
f 189 185 187
f 149 151 163
f 163 151 153
f 163 153 155
f 155 157 163
f 163 157 159
f 163 159 161
f 167 169 166
f 166 169 171
f 166 171 173
f 173 175 166
f 166 175 177
f 166 177 179
f 179 181 166
f 129 131 145
f 145 131 133
f 145 133 135
f 135 137 145
f 145 137 139
f 145 139 141
f 141 143 145
f 542 540 593
f 593 540 538
f 593 538 591
f 591 538 590
f 591 590 631
f 631 590 588
f 631 588 629
f 629 588 586
f 629 586 584
f 629 584 627
f 627 584 582
f 627 582 625
f 625 582 580
f 625 580 623
f 623 580 578
f 623 578 621
f 621 578 576
f 621 576 574
f 621 574 619
f 619 574 572
f 619 572 617
f 617 572 570
f 617 570 615
f 615 570 568
f 615 568 613
f 613 568 566
f 613 566 564
f 613 564 611
f 611 564 562
f 611 562 609
f 609 562 560
f 609 560 607
f 607 560 558
f 607 558 556
f 607 556 605
f 605 556 554
f 605 554 603
f 603 554 552
f 603 552 601
f 601 552 550
f 601 550 599
f 599 550 548
f 599 548 546
f 599 546 597
f 597 546 544
f 597 544 595
f 595 544 542
f 595 542 593
f 446 444 497
f 497 444 442
f 497 442 495
f 495 442 494
f 495 494 535
f 535 494 492
f 535 492 533
f 533 492 490
f 533 490 488
f 533 488 531
f 531 488 486
f 531 486 529
f 529 486 484
f 529 484 527
f 527 484 482
f 527 482 525
f 525 482 480
f 525 480 478
f 525 478 523
f 523 478 476
f 523 476 521
f 521 476 474
f 521 474 519
f 519 474 472
f 519 472 517
f 517 472 470
f 517 470 468
f 517 468 515
f 515 468 466
f 515 466 513
f 513 466 464
f 513 464 511
f 511 464 462
f 511 462 460
f 511 460 509
f 509 460 458
f 509 458 507
f 507 458 456
f 507 456 505
f 505 456 454
f 505 454 503
f 503 454 452
f 503 452 450
f 503 450 501
f 501 450 448
f 501 448 499
f 499 448 446
f 499 446 497
f 350 348 401
f 401 348 346
f 401 346 399
f 399 346 398
f 399 398 439
f 439 398 396
f 439 396 437
f 437 396 394
f 437 394 392
f 437 392 435
f 435 392 390
f 435 390 433
f 433 390 388
f 433 388 431
f 431 388 386
f 431 386 429
f 429 386 384
f 429 384 382
f 429 382 427
f 427 382 380
f 427 380 425
f 425 380 378
f 425 378 423
f 423 378 376
f 423 376 421
f 421 376 374
f 421 374 372
f 421 372 419
f 419 372 370
f 419 370 417
f 417 370 368
f 417 368 415
f 415 368 366
f 415 366 364
f 415 364 413
f 413 364 362
f 413 362 411
f 411 362 360
f 411 360 409
f 409 360 358
f 409 358 407
f 407 358 356
f 407 356 354
f 407 354 405
f 405 354 352
f 405 352 403
f 403 352 350
f 403 350 401
f 254 252 305
f 305 252 250
f 305 250 303
f 303 250 302
f 303 302 343
f 343 302 300
f 343 300 341
f 341 300 298
f 341 298 296
f 341 296 339
f 339 296 294
f 339 294 337
f 337 294 292
f 337 292 335
f 335 292 290
f 335 290 333
f 333 290 288
f 333 288 286
f 333 286 331
f 331 286 284
f 331 284 329
f 329 284 282
f 329 282 327
f 327 282 280
f 327 280 325
f 325 280 278
f 325 278 276
f 325 276 323
f 323 276 274
f 323 274 321
f 321 274 272
f 321 272 319
f 319 272 270
f 319 270 268
f 319 268 317
f 317 268 266
f 317 266 315
f 315 266 264
f 315 264 313
f 313 264 262
f 313 262 311
f 311 262 260
f 311 260 258
f 311 258 309
f 309 258 256
f 309 256 307
f 307 256 254
f 307 254 305
f 214 203 856
f 856 203 857
f 203 204 857
f 857 204 858
f 858 204 205
f 858 205 859
f 859 205 206
f 859 206 860
f 860 206 207
f 860 207 861
f 861 207 208
f 861 208 862
f 862 208 209
f 862 209 863
f 863 209 210
f 863 210 864
f 864 210 211
f 864 211 865
f 865 211 212
f 865 212 866
f 866 212 213
f 866 213 867
f 867 213 201
f 214 856 225
f 225 856 855
f 225 855 224
f 224 855 854
f 224 854 223
f 223 854 853
f 223 853 222
f 222 853 852
f 222 852 221
f 221 852 851
f 221 851 220
f 220 851 850
f 220 850 219
f 219 850 849
f 219 849 218
f 218 849 848
f 218 848 217
f 217 848 847
f 217 847 216
f 216 847 846
f 216 846 215
f 201 202 867
f 867 202 818
f 846 845 215
f 215 845 226
f 202 238 818
f 818 238 817
f 817 238 239
f 817 239 819
f 819 239 240
f 819 240 820
f 820 240 241
f 820 241 821
f 821 241 242
f 821 242 822
f 822 242 243
f 822 243 823
f 823 243 244
f 823 244 824
f 824 244 245
f 824 245 825
f 825 245 246
f 825 246 826
f 826 246 247
f 826 247 827
f 827 247 248
f 226 845 237
f 237 845 844
f 237 844 236
f 236 844 843
f 236 843 235
f 235 843 842
f 235 842 234
f 234 842 841
f 234 841 233
f 233 841 840
f 233 840 232
f 232 840 839
f 232 839 231
f 231 839 838
f 231 838 230
f 230 838 837
f 230 837 229
f 229 837 836
f 229 836 228
f 228 836 835
f 228 835 227
f 248 227 827
f 827 227 835
f 947 807 948
f 948 807 809
f 948 809 949
f 949 809 811
f 949 811 950
f 950 811 813
f 950 813 951
f 951 813 815
f 951 815 952
f 952 815 771
f 952 771 953
f 953 771 773
f 953 773 954
f 954 773 775
f 954 775 955
f 955 775 777
f 955 777 956
f 956 777 779
f 956 779 957
f 957 779 781
f 957 781 958
f 958 781 783
f 958 783 959
f 959 783 785
f 959 785 960
f 960 785 787
f 960 787 961
f 961 787 789
f 961 789 962
f 962 789 791
f 962 791 963
f 963 791 793
f 963 793 964
f 964 793 795
f 964 795 797
f 807 947 805
f 805 947 965
f 805 965 803
f 803 965 966
f 803 966 801
f 801 966 967
f 801 967 799
f 799 967 968
f 799 968 797
f 797 968 964
f 729 969 727
f 727 969 970
f 727 970 725
f 725 970 971
f 725 971 769
f 769 971 972
f 769 972 767
f 767 972 973
f 767 973 765
f 765 973 974
f 765 974 763
f 763 974 975
f 763 975 761
f 761 975 976
f 761 976 759
f 759 976 977
f 759 977 757
f 757 977 978
f 757 978 755
f 755 978 979
f 755 979 753
f 753 979 980
f 753 980 751
f 751 980 981
f 751 981 749
f 749 981 747
f 747 981 982
f 747 982 745
f 745 982 983
f 745 983 743
f 743 983 984
f 743 984 741
f 741 984 985
f 741 985 739
f 739 985 986
f 739 986 737
f 737 986 987
f 737 987 735
f 735 987 988
f 735 988 733
f 733 988 989
f 733 989 731
f 731 989 990
f 731 990 729
f 729 990 969
f 991 715 992
f 992 715 717
f 992 717 993
f 993 717 719
f 993 719 994
f 994 719 721
f 994 721 995
f 995 721 723
f 995 723 996
f 996 723 679
f 996 679 997
f 997 679 681
f 997 681 998
f 998 681 683
f 998 683 999
f 999 683 685
f 999 685 1000
f 1000 685 687
f 1000 687 1001
f 1001 687 689
f 1001 689 1002
f 1002 689 691
f 1002 691 1003
f 1003 691 693
f 1003 693 1004
f 1004 693 695
f 1004 695 1005
f 1005 695 697
f 1005 697 1006
f 1006 697 699
f 1006 699 1007
f 1007 699 701
f 1007 701 1008
f 1008 701 703
f 1008 703 705
f 715 991 713
f 713 991 1009
f 713 1009 711
f 711 1009 1010
f 711 1010 709
f 709 1010 1011
f 709 1011 707
f 707 1011 1012
f 707 1012 705
f 705 1012 1008
f 637 1013 635
f 635 1013 1014
f 635 1014 633
f 633 1014 1015
f 633 1015 677
f 677 1015 1016
f 677 1016 675
f 675 1016 1017
f 675 1017 673
f 673 1017 1018
f 673 1018 671
f 671 1018 1019
f 671 1019 669
f 669 1019 1020
f 669 1020 667
f 667 1020 1021
f 667 1021 665
f 665 1021 1022
f 665 1022 663
f 663 1022 1023
f 663 1023 661
f 661 1023 1024
f 661 1024 659
f 659 1024 1025
f 659 1025 657
f 657 1025 655
f 655 1025 1026
f 655 1026 653
f 653 1026 1027
f 653 1027 651
f 651 1027 1028
f 651 1028 649
f 649 1028 1029
f 649 1029 647
f 647 1029 1030
f 647 1030 645
f 645 1030 1031
f 645 1031 643
f 643 1031 1032
f 643 1032 641
f 641 1032 1033
f 641 1033 639
f 639 1033 1034
f 639 1034 637
f 637 1034 1013
f 1035 596 1036
f 1036 596 594
f 1036 594 592
f 596 1035 598
f 598 1035 1037
f 598 1037 600
f 600 1037 1038
f 600 1038 602
f 602 1038 1039
f 602 1039 604
f 604 1039 1040
f 604 1040 606
f 606 1040 1041
f 606 1041 608
f 608 1041 610
f 610 1041 1042
f 610 1042 612
f 612 1042 1043
f 612 1043 614
f 614 1043 1044
f 614 1044 616
f 616 1044 1045
f 616 1045 618
f 618 1045 1046
f 618 1046 620
f 620 1046 1047
f 620 1047 622
f 622 1047 624
f 624 1047 1048
f 624 1048 626
f 626 1048 1049
f 626 1049 628
f 628 1049 1050
f 628 1050 630
f 630 1050 1051
f 630 1051 632
f 632 1051 1052
f 632 1052 592
f 592 1052 1036
f 500 498 1053
f 1053 498 496
f 1053 496 1054
f 1054 496 536
f 1054 536 1055
f 1055 536 534
f 1055 534 1056
f 1056 534 532
f 1056 532 1057
f 1057 532 530
f 1057 530 1058
f 1058 530 528
f 1058 528 1059
f 1059 528 526
f 1059 526 524
f 1059 524 1060
f 1060 524 522
f 1060 522 1061
f 1061 522 520
f 1061 520 1062
f 1062 520 518
f 1062 518 1063
f 1063 518 516
f 1063 516 1064
f 1064 516 514
f 1064 514 1065
f 1065 514 512
f 1065 512 510
f 1065 510 1066
f 1066 510 508
f 1066 508 1067
f 1067 508 506
f 1067 506 1068
f 1068 506 504
f 1068 504 1069
f 1069 504 502
f 1069 502 1070
f 1070 502 500
f 1070 500 1053
f 1071 404 1072
f 1072 404 402
f 1072 402 400
f 404 1071 406
f 406 1071 1073
f 406 1073 408
f 408 1073 1074
f 408 1074 410
f 410 1074 1075
f 410 1075 412
f 412 1075 1076
f 412 1076 414
f 414 1076 1077
f 414 1077 416
f 416 1077 418
f 418 1077 1078
f 418 1078 420
f 420 1078 1079
f 420 1079 422
f 422 1079 1080
f 422 1080 424
f 424 1080 1081
f 424 1081 426
f 426 1081 1082
f 426 1082 428
f 428 1082 1083
f 428 1083 430
f 430 1083 432
f 432 1083 1084
f 432 1084 434
f 434 1084 1085
f 434 1085 436
f 436 1085 1086
f 436 1086 438
f 438 1086 1087
f 438 1087 440
f 440 1087 1088
f 440 1088 400
f 400 1088 1072
f 1089 1090 1091
f 1091 1090 1092
f 1091 1092 1093
f 1093 1092 1094
f 1093 1094 1095
f 1095 1094 1096
f 1095 1096 1097
f 1097 1096 1098
f 1098 1096 1099
f 1098 1099 1100
f 1100 1099 1101
f 1100 1101 1102
f 1102 1101 1103
f 1102 1103 1104
f 1104 1103 1105
f 1104 1105 1106
f 1106 1105 1107
f 1106 1107 1108
f 1108 1107 1109
f 1108 1109 1110
f 1110 1109 1111
f 1110 1111 1112
f 1112 1111 1113
f 1112 1113 1114
f 1114 1113 1115
f 1115 1113 1116
f 1115 1116 1117
f 1117 1116 1118
f 1117 1118 1119
f 1119 1118 1120
f 1119 1120 1121
f 1121 1120 1122
f 1121 1122 1123
f 1123 1122 1124
f 1123 1124 1125
f 1125 1124 1126
f 1125 1126 1127
f 1127 1126 1128
f 1127 1128 1129
f 1129 1128 1130
f 1129 1130 1131
f 1131 1130 1132
f 1131 1132 1133
f 1133 1132 1134
f 1133 1134 1135
f 1135 1134 1136
f 1135 1136 1137
f 1137 1136 1138
f 1137 1138 1139
f 1139 1138 1140
f 1139 1140 1141
f 1141 1140 1142
f 1142 1140 1143
f 1142 1143 1144
f 1144 1143 1145
f 1144 1145 1089
f 1089 1145 1090
f 1146 1147 1148
f 1148 1147 1149
f 1148 1149 1150
f 1150 1149 1151
f 1151 1149 1152
f 1151 1152 1153
f 1153 1152 1154
f 1154 1152 1155
f 1154 1155 1156
f 1156 1155 1157
f 1156 1157 1158
f 1158 1157 1159
f 1158 1159 1160
f 1160 1159 1161
f 1160 1161 1162
f 1162 1161 1163
f 1162 1163 1164
f 1164 1163 1165
f 1164 1165 1166
f 1166 1165 1167
f 1166 1167 1168
f 1168 1167 1169
f 1168 1169 1170
f 1170 1169 1171
f 1170 1171 1172
f 1172 1171 1173
f 1172 1173 1174
f 1174 1173 1175
f 1174 1175 1176
f 1176 1175 1177
f 1176 1177 1178
f 1178 1177 1179
f 1178 1179 1180
f 1180 1179 1181
f 1180 1181 1182
f 1182 1181 1183
f 1183 1181 1184
f 1184 1181 1185
f 1184 1185 1186
f 1186 1185 1187
f 1187 1185 1188
f 1187 1188 1189
f 1189 1188 1190
f 1189 1190 1191
f 1191 1190 1192
f 1191 1192 1193
f 1193 1192 1194
f 1194 1192 1195
f 1194 1195 1196
f 1196 1195 1197
f 1196 1197 1198
f 1198 1197 1199
f 1198 1199 1200
f 1200 1199 1201
f 1200 1201 1202
f 1202 1201 1203
f 1202 1203 1204
f 1204 1203 1205
f 1204 1205 1206
f 1206 1205 1207
f 1206 1207 1208
f 1208 1207 1209
f 1208 1209 1210
f 1210 1209 1211
f 1210 1211 1212
f 1212 1211 1213
f 1212 1213 1214
f 1214 1213 1215
f 1214 1215 1216
f 1216 1215 1217
f 1217 1215 1218
f 1217 1218 1219
f 1219 1218 1220
f 1220 1218 1221
f 1220 1221 1222
f 1222 1221 1223
f 1223 1221 1224
f 1223 1224 1225
f 1225 1224 1226
f 1225 1226 1227
f 1227 1226 1228
f 1227 1228 1229
f 1229 1228 1230
f 1229 1230 1231
f 1231 1230 1232
f 1231 1232 1233
f 1233 1232 1234
f 1233 1234 1235
f 1235 1234 1236
f 1235 1236 1237
f 1237 1236 1238
f 1237 1238 1239
f 1239 1238 1240
f 1239 1240 1241
f 1241 1240 1242
f 1241 1242 1243
f 1243 1242 1244
f 1243 1244 1245
f 1245 1244 1246
f 1245 1246 1247
f 1247 1246 1248
f 1247 1248 1098
f 1098 1248 1249
f 1098 1249 1097
f 1097 1249 1095
f 1095 1249 1093
f 1093 1249 1250
f 1093 1250 1091
f 1091 1250 1251
f 1251 1250 1252
f 1251 1252 1253
f 1253 1252 1254
f 1253 1254 1255
f 1255 1254 1256
f 1255 1256 1257
f 1257 1256 1258
f 1257 1258 1259
f 1259 1258 1260
f 1259 1260 1261
f 1261 1260 1262
f 1261 1262 1263
f 1263 1262 1264
f 1263 1264 1265
f 1265 1264 1266
f 1265 1266 1267
f 1267 1266 1268
f 1267 1268 1269
f 1269 1268 1270
f 1269 1270 1271
f 1271 1270 1272
f 1271 1272 1273
f 1273 1272 1274
f 1273 1274 1146
f 1146 1274 1147
f 1220 1222 1275
f 1275 1222 1276
f 1275 1276 1277
f 1277 1276 1278
f 1277 1278 1279
f 1279 1278 1280
f 1279 1280 1281
f 1281 1280 1282
f 1281 1282 1283
f 1283 1282 1284
f 1283 1284 1285
f 1285 1284 1286
f 1285 1286 1287
f 1287 1286 1288
f 1287 1288 1289
f 1289 1288 1290
f 1289 1290 1291
f 1291 1290 1292
f 1291 1292 1293
f 1293 1292 1294
f 1293 1294 1295
f 1295 1294 1296
f 1295 1296 1297
f 1297 1296 1298
f 1297 1298 1299
f 1299 1298 1300
f 1299 1300 1301
f 1301 1300 1302
f 1301 1302 1303
f 1303 1302 1304
f 1303 1304 1305
f 1303 1305 1306
f 1306 1305 1307
f 1306 1307 1308
f 1308 1307 1309
f 1308 1309 1310
f 1310 1309 1311
f 1310 1311 1312
f 1312 1311 1313
f 1312 1313 1314
f 1314 1313 1315
f 1314 1315 1316
f 1316 1315 1317
f 1316 1317 1318
f 1318 1317 1319
f 1318 1319 1320
f 1320 1319 1321
f 1320 1321 1322
f 1322 1321 1323
f 1322 1323 1324
f 1324 1323 1216
f 1324 1216 1325
f 1325 1216 1217
f 1325 1217 1219
f 1325 1219 1326
f 1326 1219 1220
f 1326 1220 1275
f 1327 1328 1187
f 1187 1328 1329
f 1187 1329 1186
f 1186 1329 1184
f 1184 1329 1330
f 1184 1330 1183
f 1183 1330 1331
f 1183 1331 1182
f 1182 1331 1332
f 1332 1331 1333
f 1332 1333 1334
f 1334 1333 1335
f 1334 1335 1336
f 1336 1335 1337
f 1336 1337 1338
f 1338 1337 1339
f 1338 1339 1340
f 1340 1339 1341
f 1340 1341 1342
f 1342 1341 1343
f 1342 1343 1344
f 1344 1343 1345
f 1344 1345 1346
f 1346 1345 1347
f 1346 1347 1348
f 1348 1347 1349
f 1348 1349 1350
f 1350 1349 1351
f 1350 1351 1352
f 1352 1351 1353
f 1352 1353 1354
f 1354 1353 1355
f 1354 1355 1356
f 1356 1355 1357
f 1356 1357 1358
f 1358 1357 1359
f 1358 1359 1360
f 1360 1359 1361
f 1361 1359 1362
f 1361 1362 1363
f 1363 1362 1364
f 1363 1364 1365
f 1365 1364 1366
f 1365 1366 1367
f 1367 1366 1368
f 1367 1368 1369
f 1369 1368 1370
f 1369 1370 1371
f 1371 1370 1372
f 1371 1372 1373
f 1373 1372 1374
f 1373 1374 1375
f 1375 1374 1376
f 1375 1376 1377
f 1377 1376 1378
f 1377 1378 1327
f 1327 1378 1328
f 1379 1380 1154
f 1154 1380 1381
f 1154 1381 1153
f 1153 1381 1382
f 1153 1382 1151
f 1151 1382 1150
f 1150 1382 1383
f 1150 1383 1148
f 1148 1383 1384
f 1148 1384 1385
f 1385 1384 1386
f 1385 1386 1387
f 1387 1386 1388
f 1387 1388 1389
f 1389 1388 1390
f 1389 1390 1391
f 1391 1390 1392
f 1392 1390 1393
f 1392 1393 1394
f 1394 1393 1395
f 1394 1395 1396
f 1396 1395 1397
f 1396 1397 1398
f 1398 1397 1399
f 1398 1399 1400
f 1400 1399 1401
f 1400 1401 1402
f 1402 1401 1403
f 1402 1403 1404
f 1404 1403 1405
f 1404 1405 1406
f 1406 1405 1407
f 1406 1407 1408
f 1408 1407 1409
f 1408 1409 1410
f 1410 1409 1411
f 1410 1411 1412
f 1412 1411 1413
f 1412 1413 1414
f 1414 1413 1415
f 1414 1415 1416
f 1416 1415 1417
f 1416 1417 1418
f 1418 1417 1419
f 1419 1417 1420
f 1419 1420 1421
f 1421 1420 1422
f 1421 1422 1423
f 1423 1422 1424
f 1423 1424 1425
f 1425 1424 1426
f 1425 1426 1427
f 1427 1426 1428
f 1427 1428 1429
f 1429 1428 1430
f 1429 1430 1379
f 1379 1430 1380
f 1128 1431 1130
f 1130 1431 1432
f 1130 1432 1132
f 1132 1432 1433
f 1132 1433 1134
f 1134 1433 1434
f 1134 1434 1136
f 1136 1434 1435
f 1136 1435 1138
f 1138 1435 1436
f 1138 1436 1140
f 1140 1436 1437
f 1140 1437 1143
f 1143 1437 1438
f 1143 1438 1145
f 1145 1438 1439
f 1145 1439 1090
f 1090 1439 1440
f 1090 1440 1092
f 1092 1440 1441
f 1092 1441 1094
f 1094 1441 1442
f 1094 1442 1096
f 1096 1442 1443
f 1096 1443 1099
f 1099 1443 1444
f 1099 1444 1101
f 1101 1444 1445
f 1101 1445 1103
f 1103 1445 1446
f 1103 1446 1105
f 1105 1446 1447
f 1105 1447 1107
f 1107 1447 1448
f 1107 1448 1109
f 1109 1448 1449
f 1109 1449 1111
f 1111 1449 1450
f 1111 1450 1113
f 1113 1450 1451
f 1113 1451 1116
f 1116 1451 1452
f 1116 1452 1118
f 1118 1452 1453
f 1118 1453 1120
f 1120 1453 1454
f 1120 1454 1122
f 1122 1454 1455
f 1122 1455 1124
f 1124 1455 1456
f 1124 1456 1126
f 1126 1456 1457
f 1126 1457 1128
f 1128 1457 1431
f 1458 1459 1460
f 1460 1459 1461
f 1460 1461 1462
f 1462 1461 1463
f 1462 1463 1464
f 1464 1463 1465
f 1464 1465 1466
f 1466 1465 1467
f 1466 1467 1468
f 1468 1467 1469
f 1468 1469 1470
f 1470 1469 1471
f 1470 1471 1472
f 1472 1471 1473
f 1472 1473 1474
f 1474 1473 1475
f 1474 1475 1476
f 1476 1475 1477
f 1476 1477 1478
f 1478 1477 1479
f 1478 1479 1480
f 1480 1479 1481
f 1480 1481 1482
f 1482 1481 1483
f 1482 1483 1484
f 1484 1483 1485
f 1484 1485 1486
f 1486 1485 1487
f 1486 1487 1488
f 1488 1487 1489
f 1488 1489 1490
f 1490 1489 1491
f 1490 1491 1492
f 1492 1491 1493
f 1492 1493 1494
f 1494 1493 1495
f 1494 1495 1496
f 1496 1495 1497
f 1496 1497 1498
f 1498 1497 1499
f 1498 1499 1458
f 1458 1499 1459
f 1333 1500 1335
f 1335 1500 1501
f 1335 1501 1337
f 1337 1501 1502
f 1337 1502 1339
f 1339 1502 1503
f 1339 1503 1341
f 1341 1503 1504
f 1341 1504 1343
f 1343 1504 1505
f 1343 1505 1345
f 1345 1505 1506
f 1345 1506 1347
f 1347 1506 1507
f 1347 1507 1349
f 1349 1507 1508
f 1349 1508 1351
f 1351 1508 1509
f 1351 1509 1353
f 1353 1509 1510
f 1353 1510 1355
f 1355 1510 1511
f 1355 1511 1357
f 1357 1511 1512
f 1357 1512 1359
f 1359 1512 1513
f 1359 1513 1362
f 1362 1513 1514
f 1362 1514 1364
f 1364 1514 1515
f 1364 1515 1366
f 1366 1515 1516
f 1366 1516 1368
f 1368 1516 1517
f 1368 1517 1370
f 1370 1517 1518
f 1370 1518 1372
f 1372 1518 1519
f 1372 1519 1374
f 1374 1519 1520
f 1374 1520 1376
f 1376 1520 1521
f 1376 1521 1378
f 1378 1521 1522
f 1378 1522 1328
f 1328 1522 1523
f 1328 1523 1329
f 1329 1523 1524
f 1329 1524 1330
f 1330 1524 1525
f 1330 1525 1331
f 1331 1525 1526
f 1331 1526 1333
f 1333 1526 1500
f 1527 1528 1529
f 1529 1528 1530
f 1529 1530 1531
f 1531 1530 1532
f 1531 1532 1533
f 1533 1532 1534
f 1533 1534 1535
f 1535 1534 1536
f 1535 1536 1537
f 1537 1536 1538
f 1537 1538 1539
f 1539 1538 1540
f 1539 1540 1541
f 1541 1540 1542
f 1541 1542 1543
f 1543 1542 1544
f 1543 1544 1545
f 1545 1544 1546
f 1545 1546 1547
f 1547 1546 1548
f 1547 1548 1549
f 1549 1548 1550
f 1549 1550 1551
f 1551 1550 1552
f 1551 1552 1553
f 1553 1552 1554
f 1553 1554 1555
f 1555 1554 1556
f 1555 1556 1557
f 1557 1556 1558
f 1557 1558 1559
f 1559 1558 1560
f 1559 1560 1561
f 1561 1560 1562
f 1561 1562 1563
f 1563 1562 1564
f 1563 1564 1565
f 1565 1564 1566
f 1565 1566 1567
f 1567 1566 1568
f 1567 1568 1527
f 1527 1568 1528
f 1281 1569 1279
f 1279 1569 1570
f 1279 1570 1277
f 1277 1570 1571
f 1277 1571 1275
f 1275 1571 1572
f 1275 1572 1326
f 1326 1572 1573
f 1326 1573 1325
f 1325 1573 1574
f 1325 1574 1324
f 1324 1574 1575
f 1324 1575 1322
f 1322 1575 1576
f 1322 1576 1320
f 1320 1576 1577
f 1320 1577 1318
f 1318 1577 1578
f 1318 1578 1316
f 1316 1578 1579
f 1316 1579 1314
f 1314 1579 1580
f 1314 1580 1312
f 1312 1580 1581
f 1312 1581 1310
f 1310 1581 1582
f 1310 1582 1308
f 1308 1582 1583
f 1308 1583 1306
f 1306 1583 1584
f 1306 1584 1303
f 1303 1584 1585
f 1303 1585 1301
f 1301 1585 1586
f 1301 1586 1299
f 1299 1586 1587
f 1299 1587 1297
f 1297 1587 1588
f 1297 1588 1295
f 1295 1588 1589
f 1295 1589 1293
f 1293 1589 1590
f 1293 1590 1291
f 1291 1590 1591
f 1291 1591 1289
f 1289 1591 1592
f 1289 1592 1287
f 1287 1592 1593
f 1287 1593 1285
f 1285 1593 1594
f 1285 1594 1283
f 1283 1594 1595
f 1283 1595 1281
f 1281 1595 1569
f 1596 1597 1598
f 1598 1597 1599
f 1598 1599 1600
f 1600 1599 1601
f 1600 1601 1602
f 1602 1601 1603
f 1602 1603 1604
f 1604 1603 1605
f 1604 1605 1606
f 1606 1605 1607
f 1606 1607 1608
f 1608 1607 1609
f 1608 1609 1610
f 1610 1609 1611
f 1610 1611 1612
f 1612 1611 1613
f 1612 1613 1614
f 1614 1613 1615
f 1614 1615 1616
f 1616 1615 1617
f 1616 1617 1618
f 1618 1617 1619
f 1618 1619 1620
f 1620 1619 1621
f 1620 1621 1622
f 1622 1621 1623
f 1622 1623 1624
f 1624 1623 1625
f 1624 1625 1626
f 1626 1625 1627
f 1626 1627 1628
f 1628 1627 1629
f 1628 1629 1630
f 1630 1629 1631
f 1630 1631 1632
f 1632 1631 1633
f 1632 1633 1634
f 1634 1633 1635
f 1634 1635 1636
f 1636 1635 1637
f 1636 1637 1596
f 1596 1637 1597
f 1399 1638 1401
f 1401 1638 1639
f 1401 1639 1403
f 1403 1639 1640
f 1403 1640 1405
f 1405 1640 1641
f 1405 1641 1407
f 1407 1641 1642
f 1407 1642 1409
f 1409 1642 1643
f 1409 1643 1411
f 1411 1643 1644
f 1411 1644 1413
f 1413 1644 1645
f 1413 1645 1415
f 1415 1645 1646
f 1415 1646 1417
f 1417 1646 1647
f 1417 1647 1420
f 1420 1647 1648
f 1420 1648 1422
f 1422 1648 1649
f 1422 1649 1424
f 1424 1649 1650
f 1424 1650 1426
f 1426 1650 1651
f 1426 1651 1428
f 1428 1651 1652
f 1428 1652 1430
f 1430 1652 1653
f 1430 1653 1380
f 1380 1653 1654
f 1380 1654 1381
f 1381 1654 1655
f 1381 1655 1382
f 1382 1655 1656
f 1382 1656 1383
f 1383 1656 1657
f 1383 1657 1384
f 1384 1657 1658
f 1384 1658 1386
f 1386 1658 1659
f 1386 1659 1388
f 1388 1659 1660
f 1388 1660 1390
f 1390 1660 1661
f 1390 1661 1393
f 1393 1661 1662
f 1393 1662 1395
f 1395 1662 1663
f 1395 1663 1397
f 1397 1663 1664
f 1397 1664 1399
f 1399 1664 1638
f 1665 1666 1667
f 1667 1666 1668
f 1667 1668 1669
f 1669 1668 1670
f 1669 1670 1671
f 1671 1670 1672
f 1671 1672 1673
f 1673 1672 1674
f 1673 1674 1675
f 1675 1674 1676
f 1675 1676 1677
f 1677 1676 1678
f 1677 1678 1679
f 1679 1678 1680
f 1679 1680 1681
f 1681 1680 1682
f 1681 1682 1683
f 1683 1682 1684
f 1683 1684 1685
f 1685 1684 1686
f 1685 1686 1687
f 1687 1686 1688
f 1687 1688 1689
f 1689 1688 1690
f 1689 1690 1691
f 1691 1690 1692
f 1691 1692 1693
f 1693 1692 1694
f 1693 1694 1695
f 1695 1694 1696
f 1695 1696 1697
f 1697 1696 1698
f 1697 1698 1699
f 1699 1698 1700
f 1699 1700 1701
f 1701 1700 1702
f 1701 1702 1703
f 1703 1702 1704
f 1703 1704 1705
f 1705 1704 1706
f 1705 1706 1665
f 1665 1706 1666
f 1165 1707 1167
f 1167 1707 1708
f 1167 1708 1169
f 1169 1708 1709
f 1169 1709 1171
f 1171 1709 1710
f 1171 1710 1173
f 1173 1710 1711
f 1173 1711 1175
f 1175 1711 1712
f 1175 1712 1177
f 1177 1712 1713
f 1177 1713 1179
f 1179 1713 1714
f 1179 1714 1181
f 1181 1714 1715
f 1181 1715 1185
f 1185 1715 1716
f 1185 1716 1188
f 1188 1716 1717
f 1188 1717 1190
f 1190 1717 1718
f 1190 1718 1192
f 1192 1718 1719
f 1192 1719 1195
f 1195 1719 1720
f 1195 1720 1197
f 1197 1720 1721
f 1197 1721 1199
f 1199 1721 1722
f 1199 1722 1201
f 1201 1722 1723
f 1201 1723 1203
f 1203 1723 1724
f 1203 1724 1205
f 1205 1724 1725
f 1205 1725 1207
f 1207 1725 1726
f 1207 1726 1209
f 1209 1726 1727
f 1209 1727 1211
f 1211 1727 1728
f 1211 1728 1213
f 1213 1728 1729
f 1213 1729 1215
f 1215 1729 1730
f 1215 1730 1218
f 1218 1730 1731
f 1218 1731 1221
f 1221 1731 1732
f 1221 1732 1224
f 1224 1732 1733
f 1224 1733 1226
f 1226 1733 1734
f 1226 1734 1228
f 1228 1734 1735
f 1228 1735 1230
f 1230 1735 1736
f 1230 1736 1232
f 1232 1736 1737
f 1232 1737 1234
f 1234 1737 1738
f 1234 1738 1236
f 1236 1738 1739
f 1236 1739 1238
f 1238 1739 1740
f 1238 1740 1240
f 1240 1740 1741
f 1240 1741 1242
f 1242 1741 1742
f 1242 1742 1244
f 1244 1742 1743
f 1244 1743 1246
f 1246 1743 1744
f 1246 1744 1248
f 1248 1744 1745
f 1248 1745 1249
f 1249 1745 1746
f 1249 1746 1250
f 1250 1746 1747
f 1250 1747 1252
f 1252 1747 1748
f 1252 1748 1254
f 1254 1748 1749
f 1254 1749 1256
f 1256 1749 1750
f 1256 1750 1258
f 1258 1750 1751
f 1258 1751 1260
f 1260 1751 1752
f 1260 1752 1262
f 1262 1752 1753
f 1262 1753 1264
f 1264 1753 1754
f 1264 1754 1266
f 1266 1754 1755
f 1266 1755 1268
f 1268 1755 1756
f 1268 1756 1270
f 1270 1756 1757
f 1270 1757 1272
f 1272 1757 1758
f 1272 1758 1274
f 1274 1758 1759
f 1274 1759 1147
f 1147 1759 1760
f 1147 1760 1149
f 1149 1760 1761
f 1149 1761 1152
f 1152 1761 1762
f 1152 1762 1155
f 1155 1762 1763
f 1155 1763 1157
f 1157 1763 1764
f 1157 1764 1159
f 1159 1764 1765
f 1159 1765 1161
f 1161 1765 1766
f 1161 1766 1163
f 1163 1766 1767
f 1163 1767 1165
f 1165 1767 1707
f 1768 1769 1770
f 1770 1769 1771
f 1770 1771 1772
f 1772 1771 1773
f 1772 1773 1774
f 1774 1773 1775
f 1774 1775 1776
f 1776 1775 1777
f 1776 1777 1778
f 1778 1777 1779
f 1778 1779 1780
f 1780 1779 1781
f 1780 1781 1782
f 1782 1781 1783
f 1782 1783 1784
f 1784 1783 1785
f 1784 1785 1786
f 1786 1785 1787
f 1786 1787 1788
f 1788 1787 1789
f 1788 1789 1790
f 1790 1789 1791
f 1790 1791 1792
f 1792 1791 1793
f 1794 1795 1796
f 1796 1795 1797
f 1796 1797 1798
f 1798 1797 1799
f 1798 1799 1800
f 1800 1799 1801
f 1800 1801 1802
f 1802 1801 1803
f 1802 1803 1804
f 1804 1803 1805
f 1804 1805 1806
f 1806 1805 1807
f 1806 1807 1808
f 1808 1807 1809
f 1808 1809 1810
f 1810 1809 1811
f 1810 1811 1812
f 1812 1811 1813
f 1812 1813 1814
f 1814 1813 1815
f 1814 1815 1816
f 1816 1815 1817
f 1816 1817 1818
f 1818 1817 1819
f 111 113 1820
f 1820 113 115
f 1820 115 1821
f 1821 115 117
f 1821 117 1822
f 1822 117 119
f 1822 119 1823
f 1823 119 121
f 1823 121 1824
f 1824 121 120
f 1824 120 1825
f 1825 120 118
f 1825 118 116
f 1825 116 1826
f 1826 116 114
f 1826 114 1827
f 1827 114 112
f 1827 112 1828
f 1828 112 122
f 1828 122 1829
f 1829 122 124
f 1829 124 1830
f 1830 124 128
f 1830 128 127
f 1830 127 1831
f 1831 127 126
f 1831 126 1832
f 1832 126 125
f 1832 125 1833
f 1833 125 123
f 1833 123 1834
f 1834 123 111
f 1834 111 1820
f 93 95 1835
f 1835 95 97
f 1835 97 1836
f 1836 97 99
f 1836 99 1837
f 1837 99 101
f 1837 101 1838
f 1838 101 103
f 1838 103 1839
f 1839 103 102
f 1839 102 1840
f 1840 102 100
f 1840 100 98
f 1840 98 1841
f 1841 98 96
f 1841 96 1842
f 1842 96 94
f 1842 94 1843
f 1843 94 104
f 1843 104 1844
f 1844 104 106
f 1844 106 1845
f 1845 106 110
f 1845 110 109
f 1845 109 1846
f 1846 109 108
f 1846 108 1847
f 1847 108 107
f 1847 107 1848
f 1848 107 105
f 1848 105 1849
f 1849 105 93
f 1849 93 1835
f 1836 1850 1835
f 1835 1850 1851
f 1835 1851 1849
f 1849 1851 1852
f 1849 1852 1848
f 1848 1852 1853
f 1848 1853 1847
f 1847 1853 1854
f 1847 1854 1846
f 1846 1854 1855
f 1846 1855 1845
f 1845 1855 1856
f 1845 1856 1844
f 1844 1856 1857
f 1844 1857 1843
f 1843 1857 1858
f 1843 1858 1842
f 1842 1858 1859
f 1842 1859 1841
f 1841 1859 1860
f 1841 1860 1840
f 1840 1860 1861
f 1840 1861 1839
f 1839 1861 1862
f 1839 1862 1838
f 1838 1862 1863
f 1838 1863 1837
f 1837 1863 1864
f 1837 1864 1836
f 1836 1864 1850
f 1865 1866 1851
f 1851 1866 1867
f 1851 1867 1852
f 1852 1867 1868
f 1852 1868 1853
f 1853 1868 1869
f 1853 1869 1854
f 1854 1869 1870
f 1854 1870 1871
f 1854 1871 1855
f 1855 1871 1872
f 1855 1872 1873
f 1855 1873 1856
f 1856 1873 1874
f 1856 1874 1875
f 1856 1875 1857
f 1857 1875 1876
f 1857 1876 1877
f 1857 1877 1858
f 1858 1877 1878
f 1858 1878 1859
f 1859 1878 1879
f 1859 1879 1860
f 1860 1879 1880
f 1860 1880 1861
f 1861 1880 1881
f 1861 1881 1862
f 1862 1881 1882
f 1862 1882 1883
f 1862 1883 1863
f 1863 1883 1884
f 1863 1884 1885
f 1863 1885 1864
f 1864 1885 1886
f 1864 1886 1850
f 1850 1886 1865
f 1850 1865 1851
f 1821 1887 1820
f 1820 1887 1888
f 1820 1888 1834
f 1834 1888 1889
f 1834 1889 1833
f 1833 1889 1890
f 1833 1890 1832
f 1832 1890 1891
f 1832 1891 1831
f 1831 1891 1892
f 1831 1892 1830
f 1830 1892 1893
f 1830 1893 1829
f 1829 1893 1894
f 1829 1894 1828
f 1828 1894 1895
f 1828 1895 1827
f 1827 1895 1896
f 1827 1896 1826
f 1826 1896 1897
f 1826 1897 1825
f 1825 1897 1898
f 1825 1898 1824
f 1824 1898 1899
f 1824 1899 1823
f 1823 1899 1900
f 1823 1900 1822
f 1822 1900 1901
f 1822 1901 1821
f 1821 1901 1887
f 1902 1903 1888
f 1888 1903 1904
f 1888 1904 1889
f 1889 1904 1905
f 1889 1905 1890
f 1890 1905 1906
f 1890 1906 1891
f 1891 1906 1907
f 1891 1907 1908
f 1891 1908 1892
f 1892 1908 1909
f 1892 1909 1910
f 1892 1910 1893
f 1893 1910 1911
f 1893 1911 1894
f 1894 1911 1912
f 1894 1912 1895
f 1895 1912 1913
f 1895 1913 1896
f 1896 1913 1914
f 1896 1914 1897
f 1897 1914 1915
f 1897 1915 1916
f 1897 1916 1898
f 1898 1916 1917
f 1898 1917 1918
f 1898 1918 1899
f 1899 1918 1919
f 1899 1919 1920
f 1899 1920 1900
f 1900 1920 1921
f 1900 1921 1922
f 1900 1922 1901
f 1901 1922 1923
f 1901 1923 1887
f 1887 1923 1902
f 1887 1902 1888
f 1924 1925 1926
f 1926 1925 1927
f 1926 1927 1928
f 1928 1927 1929
f 1928 1929 1930
f 1930 1929 1931
f 1930 1931 1932
f 1932 1931 1933
f 1932 1933 1934
f 1934 1933 1935
f 1934 1935 1936
f 1936 1935 1937
f 1938 1939 1940
f 1940 1939 1941
f 1940 1941 1942
f 1942 1941 1943
f 1942 1943 1944
f 1944 1943 1945
f 1944 1945 1946
f 1946 1945 1947
f 1946 1947 1948
f 1948 1947 1949
f 1948 1949 1950
f 1950 1949 1951
f 1950 1951 1952
f 1952 1951 1953
f 1952 1953 1954
f 1954 1953 1955
f 1954 1955 1956
f 1956 1955 1957
f 1956 1957 1958
f 1958 1957 1959
f 1958 1959 1960
f 1960 1959 1961
f 1960 1961 1962
f 1962 1961 1963
f 1962 1963 1964
f 1964 1963 1965
f 1964 1965 1966
f 1966 1965 1967
f 1966 1967 1968
f 1968 1967 1969
f 1968 1969 1970
f 1970 1969 1971
f 1970 1971 1972
f 1972 1971 1973
f 1972 1973 1974
f 1974 1973 1975
f 1974 1975 1976
f 1976 1975 1977
f 1976 1977 1978
f 1978 1977 1979
f 1978 1979 1980
f 1980 1979 1981
f 1980 1981 1982
f 1982 1981 1983
f 1982 1983 1984
f 1984 1983 1985
f 1984 1985 1986
f 1986 1985 1938
f 1986 1938 1940
f 1987 1988 1989
f 1989 1988 1990
f 1989 1990 1991
f 1991 1990 1992
f 1991 1992 1993
f 1993 1992 1994
f 1993 1994 1995
f 1995 1994 1996
f 1995 1996 1997
f 1997 1996 1998
f 1997 1998 1999
f 1999 1998 2000
f 1999 2000 2001
f 2001 2000 2002
f 2001 2002 2003
f 2003 2002 2004
f 2003 2004 2005
f 2005 2004 2006
f 2005 2006 2007
f 2007 2006 2008
f 2007 2008 2009
f 2009 2008 2010
f 2009 2010 2011
f 2011 2010 2012
f 2011 2012 2013
f 2013 2012 2014
f 2013 2014 2015
f 2015 2014 2016
f 2015 2016 2017
f 2017 2016 2018
f 2017 2018 2019
f 2019 2018 2020
f 2019 2020 2021
f 2021 2020 2022
f 2021 2022 2023
f 2023 2022 2024
f 2023 2024 2025
f 2025 2024 2026
f 2025 2026 2027
f 2027 2026 2028
f 2027 2028 2029
f 2029 2028 2030
f 2029 2030 2031
f 2031 2030 2032
f 2031 2032 2033
f 2033 2032 2034
f 2033 2034 2035
f 2035 2034 1987
f 2035 1987 1989
f 2036 2037 2038
f 2038 2037 2039
f 2038 2039 2040
f 2040 2039 2041
f 2040 2041 2042
f 2042 2041 2043
f 2044 2045 2046
f 2046 2045 2047
f 2046 2047 2048
f 2048 2047 2049
f 2048 2049 2043
f 2043 2049 2042
f 2037 2036 2050
f 2050 2036 2051
f 2050 2051 2052
f 2052 2051 2053
f 2052 2053 2054
f 2054 2053 2055
f 2056 2057 2058
f 2058 2057 2059
f 2058 2059 2060
f 2060 2059 2061
f 2060 2061 2062
f 2062 2061 2063
f 2062 2063 2064
f 2064 2063 2065
f 2064 2065 2066
f 2066 2065 2067
f 2066 2067 2068
f 2068 2067 2069
f 2068 2069 2070
f 2070 2069 2071
f 2070 2071 1925
f 1925 2071 2072
f 1925 2072 1927
f 1927 2072 2073
f 1927 2073 1929
f 1929 2073 2074
f 1929 2074 2075
f 1929 2075 1931
f 1931 2075 2076
f 1931 2076 1933
f 1933 2076 2077
f 1933 2077 2078
f 1933 2078 1935
f 1935 2078 2079
f 1935 2079 1937
f 1937 2079 2080
f 2081 2082 2083
f 2083 2082 2084
f 2083 2084 2085
f 2085 2084 2086
f 2085 2086 2087
f 2087 2086 2088
f 2087 2088 2089
f 2089 2088 2090
f 2089 2090 2091
f 2091 2090 2092
f 2091 2092 2093
f 2093 2092 2094
f 2093 2094 2095
f 2095 2094 2096
f 2095 2096 2097
f 2097 2096 2072
f 2097 2072 2071
f 2096 2098 2072
f 2072 2098 2073
f 2073 2098 2074
f 2074 2098 2075
f 2075 2098 2099
f 2075 2099 2076
f 2076 2099 2077
f 2077 2099 2100
f 2077 2100 2078
f 2078 2100 2079
f 2079 2100 2101
f 2079 2101 2080
f 2097 2071 2102
f 2102 2071 2069
f 2102 2069 2067
f 2102 2067 2103
f 2103 2067 2065
f 2103 2065 2063
f 2103 2063 2104
f 2104 2063 2061
f 2104 2061 2059
f 2057 2105 2059
f 2059 2105 2104
f 891 2106 889
f 889 2106 2107
f 889 2107 887
f 887 2107 2108
f 887 2108 885
f 885 2108 2109
f 885 2109 883
f 883 2109 2110
f 883 2110 881
f 881 2110 2111
f 881 2111 879
f 879 2111 2112
f 879 2112 900
f 900 2112 2113
f 900 2113 901
f 901 2113 2114
f 901 2114 904
f 904 2114 2115
f 904 2115 903
f 903 2115 2116
f 903 2116 902
f 902 2116 2117
f 902 2117 828
f 828 2117 2118
f 828 2118 829
f 829 2118 2119
f 829 2119 830
f 830 2119 2120
f 830 2120 831
f 831 2120 2121
f 831 2121 832
f 832 2121 2122
f 832 2122 833
f 833 2122 2123
f 833 2123 834
f 834 2123 2124
f 834 2124 907
f 907 2124 2125
f 907 2125 899
f 899 2125 2126
f 899 2126 897
f 897 2126 2127
f 897 2127 895
f 895 2127 2128
f 895 2128 893
f 893 2128 2129
f 893 2129 891
f 891 2129 2106
f 2130 2114 2131
f 2131 2114 2113
f 2131 2113 2132
f 2132 2113 2112
f 2132 2112 2133
f 2133 2112 2111
f 2133 2111 2134
f 2134 2111 2110
f 2134 2110 2135
f 2135 2110 2109
f 2135 2109 2136
f 2136 2109 2108
f 2136 2108 2137
f 2137 2108 2107
f 2137 2107 2138
f 2138 2107 2106
f 2138 2106 2139
f 2139 2106 2129
f 2139 2129 2140
f 2140 2129 2128
f 2140 2128 2141
f 2141 2128 2127
f 2141 2127 2142
f 2142 2127 2126
f 2142 2126 2143
f 2143 2126 2125
f 2143 2125 2144
f 2144 2125 2124
f 2144 2124 2145
f 2145 2124 2123
f 2145 2123 2146
f 2146 2123 2122
f 2146 2122 2147
f 2147 2122 2121
f 2147 2121 2148
f 2148 2121 2120
f 2148 2120 2149
f 2149 2120 2119
f 2149 2119 2150
f 2150 2119 2118
f 2150 2118 2151
f 2151 2118 2117
f 2151 2117 2152
f 2152 2117 2116
f 2152 2116 2153
f 2153 2116 2115
f 2153 2115 2130
f 2130 2115 2114
f 2154 2155 2156
f 2156 2155 2157
f 2156 2157 2158
f 2158 2157 2159
f 2158 2159 2160
f 2160 2159 2161
f 2160 2161 2162
f 2162 2161 2163
f 2162 2163 2164
f 2164 2163 2165
f 2164 2165 2166
f 2166 2165 2167
f 2166 2167 2168
f 2168 2167 2169
f 2168 2169 2170
f 2170 2169 2171
f 2170 2171 2172
f 2172 2171 2173
f 2172 2173 2174
f 2174 2173 2175
f 2174 2175 2176
f 2176 2175 2177
f 2176 2177 2178
f 2178 2177 2179
f 2178 2179 2180
f 2180 2179 2181
f 2180 2181 2182
f 2182 2181 2183
f 2182 2183 2184
f 2184 2183 2185
f 2184 2185 2186
f 2186 2185 2187
f 2186 2187 2188
f 2188 2187 2189
f 2188 2189 2154
f 2154 2189 2155
f 2190 2191 2192
f 2192 2191 2193
f 2192 2193 2194
f 2194 2193 2195
f 2194 2195 2196
f 2196 2195 2197
f 2196 2197 2198
f 2198 2197 2199
f 2198 2199 2200
f 2200 2199 2201
f 2200 2201 2202
f 2202 2201 2203
f 2202 2203 2204
f 2204 2203 2205
f 2204 2205 2206
f 2206 2205 2207
f 2206 2207 2208
f 2208 2207 2209
f 2208 2209 2210
f 2210 2209 2211
f 2210 2211 2212
f 2212 2211 2213
f 2212 2213 2214
f 2214 2213 2215
f 2214 2215 2216
f 2216 2215 2217
f 2216 2217 2218
f 2218 2217 2219
f 2218 2219 2220
f 2220 2219 2221
f 2220 2221 2222
f 2222 2221 2223
f 2222 2223 2224
f 2224 2223 2225
f 2224 2225 2190
f 2190 2225 2191
f 905 2226 906
f 906 2226 2227
f 906 2227 878
f 878 2227 2228
f 878 2228 877
f 877 2228 2229
f 877 2229 876
f 876 2229 2230
f 876 2230 875
f 875 2230 2231
f 875 2231 874
f 874 2231 2232
f 874 2232 873
f 873 2232 2233
f 873 2233 880
f 880 2233 2234
f 880 2234 882
f 882 2234 2235
f 882 2235 884
f 884 2235 2236
f 884 2236 886
f 886 2236 2237
f 886 2237 888
f 888 2237 2238
f 888 2238 890
f 890 2238 2239
f 890 2239 892
f 892 2239 2240
f 892 2240 894
f 894 2240 2241
f 894 2241 896
f 896 2241 2242
f 896 2242 898
f 898 2242 2243
f 898 2243 870
f 870 2243 2244
f 870 2244 871
f 871 2244 2245
f 871 2245 872
f 872 2245 2246
f 872 2246 908
f 908 2246 2247
f 908 2247 868
f 868 2247 2248
f 868 2248 869
f 869 2248 2249
f 869 2249 905
f 905 2249 2226
f 2250 2234 2251
f 2251 2234 2233
f 2251 2233 2252
f 2252 2233 2232
f 2252 2232 2253
f 2253 2232 2231
f 2253 2231 2254
f 2254 2231 2230
f 2254 2230 2255
f 2255 2230 2229
f 2255 2229 2256
f 2256 2229 2228
f 2256 2228 2257
f 2257 2228 2227
f 2257 2227 2258
f 2258 2227 2226
f 2258 2226 2259
f 2259 2226 2249
f 2259 2249 2260
f 2260 2249 2248
f 2260 2248 2261
f 2261 2248 2247
f 2261 2247 2262
f 2262 2247 2246
f 2262 2246 2263
f 2263 2246 2245
f 2263 2245 2264
f 2264 2245 2244
f 2264 2244 2265
f 2265 2244 2243
f 2265 2243 2266
f 2266 2243 2242
f 2266 2242 2267
f 2267 2242 2241
f 2267 2241 2268
f 2268 2241 2240
f 2268 2240 2269
f 2269 2240 2239
f 2269 2239 2270
f 2270 2239 2238
f 2270 2238 2271
f 2271 2238 2237
f 2271 2237 2272
f 2272 2237 2236
f 2272 2236 2273
f 2273 2236 2235
f 2273 2235 2250
f 2250 2235 2234
f 1991 2274 1989
f 1989 2274 2275
f 1989 2275 2035
f 2035 2275 2276
f 2035 2276 2033
f 2033 2276 2277
f 2033 2277 2031
f 2031 2277 2278
f 2031 2278 2029
f 2029 2278 2279
f 2029 2279 2027
f 2027 2279 2280
f 2027 2280 2025
f 2025 2280 2281
f 2025 2281 2023
f 2023 2281 2282
f 2023 2282 2021
f 2021 2282 2283
f 2021 2283 2019
f 2019 2283 2284
f 2019 2284 2017
f 2017 2284 2285
f 2017 2285 2015
f 2015 2285 2286
f 2015 2286 2013
f 2013 2286 2287
f 2013 2287 2011
f 2011 2287 2288
f 2011 2288 2009
f 2009 2288 2289
f 2009 2289 2007
f 2007 2289 2290
f 2007 2290 2005
f 2005 2290 2291
f 2005 2291 2003
f 2003 2291 2292
f 2003 2292 2001
f 2001 2292 2293
f 2001 2293 1999
f 1999 2293 2294
f 1999 2294 1997
f 1997 2294 2295
f 1997 2295 1995
f 1995 2295 2296
f 1995 2296 1993
f 1993 2296 2297
f 1993 2297 1991
f 1991 2297 2274
f 2298 2299 2300
f 2300 2299 2301
f 2300 2301 2302
f 2302 2301 2303
f 2302 2303 2304
f 2304 2303 2305
f 2304 2305 2306
f 2306 2305 2307
f 2306 2307 2308
f 2308 2307 2309
f 2308 2309 2310
f 2310 2309 2311
f 2310 2311 2312
f 2312 2311 2313
f 2312 2313 2314
f 2314 2313 2315
f 2314 2315 2316
f 2316 2315 2317
f 2316 2317 2318
f 2318 2317 2319
f 2318 2319 2320
f 2320 2319 2321
f 2320 2321 2322
f 2322 2321 2323
f 2322 2323 2324
f 2324 2323 2325
f 2324 2325 2326
f 2326 2325 2327
f 2326 2327 2328
f 2328 2327 2329
f 2328 2329 2330
f 2330 2329 2331
f 2330 2331 2332
f 2332 2331 2333
f 2332 2333 2298
f 2298 2333 2299
f 1942 2334 1940
f 1940 2334 2335
f 1940 2335 1986
f 1986 2335 2336
f 1986 2336 1984
f 1984 2336 2337
f 1984 2337 1982
f 1982 2337 2338
f 1982 2338 1980
f 1980 2338 2339
f 1980 2339 1978
f 1978 2339 2340
f 1978 2340 1976
f 1976 2340 2341
f 1976 2341 1974
f 1974 2341 2342
f 1974 2342 1972
f 1972 2342 2343
f 1972 2343 1970
f 1970 2343 2344
f 1970 2344 1968
f 1968 2344 2345
f 1968 2345 1966
f 1966 2345 2346
f 1966 2346 1964
f 1964 2346 2347
f 1964 2347 1962
f 1962 2347 2348
f 1962 2348 1960
f 1960 2348 2349
f 1960 2349 1958
f 1958 2349 2350
f 1958 2350 1956
f 1956 2350 2351
f 1956 2351 1954
f 1954 2351 2352
f 1954 2352 1952
f 1952 2352 2353
f 1952 2353 1950
f 1950 2353 2354
f 1950 2354 1948
f 1948 2354 2355
f 1948 2355 1946
f 1946 2355 2356
f 1946 2356 1944
f 1944 2356 2357
f 1944 2357 1942
f 1942 2357 2334
f 2358 2359 2360
f 2360 2359 2361
f 2360 2361 2362
f 2362 2361 2363
f 2362 2363 2364
f 2364 2363 2365
f 2364 2365 2366
f 2366 2365 2367
f 2366 2367 2368
f 2368 2367 2369
f 2368 2369 2370
f 2370 2369 2371
f 2370 2371 2372
f 2372 2371 2373
f 2372 2373 2374
f 2374 2373 2375
f 2374 2375 2376
f 2376 2375 2377
f 2376 2377 2378
f 2378 2377 2379
f 2378 2379 2380
f 2380 2379 2381
f 2380 2381 2382
f 2382 2381 2383
f 2382 2383 2384
f 2384 2383 2385
f 2384 2385 2386
f 2386 2385 2387
f 2386 2387 2388
f 2388 2387 2389
f 2388 2389 2390
f 2390 2389 2391
f 2390 2391 2392
f 2392 2391 2393
f 2392 2393 2358
f 2358 2393 2359
f 2394 2395 2396
f 2396 2395 2397
f 2396 2397 2398
f 2396 2398 2399
f 2399 2398 2400
f 2399 2400 2401
f 2401 2400 2402
f 2402 2400 2403
f 2404 2405 2406
f 2406 2405 2407
f 2406 2407 2408
f 2408 2407 2409
f 2408 2409 2410
f 2410 2409 2411
f 2410 2411 2412
f 2412 2411 2413
f 2412 2413 2414
f 2414 2413 2415
f 2414 2415 2416
f 2416 2415 2417
f 2416 2417 2418
f 2418 2417 2419
f 2418 2419 2420
f 2420 2419 2421
f 2420 2421 2422
f 2422 2421 2423
f 2422 2423 2424
f 2424 2423 2425
f 2424 2425 2426
f 2426 2425 2427
f 2426 2427 2428
f 2428 2427 2429
f 2428 2429 2430
f 2430 2429 2431
f 2430 2431 2432
f 2432 2431 2433
f 2432 2433 2434
f 2434 2433 2435
f 2434 2435 2436
f 2436 2435 2437
f 2436 2437 2438
f 2438 2437 2439
f 2438 2439 2404
f 2404 2439 2405
f 2440 2409 2441
f 2441 2409 2407
f 2441 2407 2442
f 2442 2407 2405
f 2442 2405 2443
f 2443 2405 2439
f 2443 2439 2444
f 2444 2439 2437
f 2444 2437 2445
f 2445 2437 2435
f 2445 2435 2446
f 2446 2435 2433
f 2446 2433 2447
f 2447 2433 2431
f 2447 2431 2448
f 2448 2431 2429
f 2448 2429 2449
f 2449 2429 2427
f 2449 2427 2450
f 2450 2427 2425
f 2450 2425 2451
f 2451 2425 2423
f 2451 2423 2452
f 2452 2423 2421
f 2452 2421 2453
f 2453 2421 2419
f 2453 2419 2454
f 2454 2419 2417
f 2454 2417 2455
f 2455 2417 2415
f 2455 2415 2456
f 2456 2415 2413
f 2456 2413 2457
f 2457 2413 2411
f 2457 2411 2440
f 2440 2411 2409
f 2442 2458 2441
f 2444 2458 2443
f 2446 2458 2445
f 2448 2458 2447
f 2450 2458 2449
f 2452 2458 2451
f 2454 2458 2453
f 2456 2458 2455
f 2440 2458 2457
f 2441 2458 2440
f 2453 2458 2452
f 2447 2458 2446
f 2457 2458 2456
f 2455 2458 2454
f 2451 2458 2450
f 2449 2458 2448
f 2445 2458 2444
f 2443 2458 2442
f 1052 2459 1036
f 1036 2459 2460
f 1036 2460 1035
f 1035 2460 2461
f 1035 2461 1037
f 1037 2461 2462
f 1037 2462 1038
f 1038 2462 2463
f 1038 2463 1039
f 1039 2463 2464
f 1039 2464 1040
f 1040 2464 2465
f 1040 2465 1041
f 1041 2465 2466
f 1041 2466 1042
f 1042 2466 2467
f 1042 2467 1043
f 1043 2467 2468
f 1043 2468 1044
f 1044 2468 2469
f 1044 2469 1045
f 1045 2469 2470
f 1045 2470 1046
f 1046 2470 2471
f 1046 2471 1047
f 1047 2471 2472
f 1047 2472 1048
f 1048 2472 2473
f 1048 2473 1049
f 1049 2473 2474
f 1049 2474 1050
f 1050 2474 2475
f 1050 2475 1051
f 1051 2475 2476
f 1051 2476 1052
f 1052 2476 2459
f 2477 2461 2478
f 2478 2461 2460
f 2478 2460 2479
f 2479 2460 2459
f 2479 2459 2480
f 2480 2459 2476
f 2480 2476 2481
f 2481 2476 2475
f 2481 2475 2482
f 2482 2475 2474
f 2482 2474 2483
f 2483 2474 2473
f 2483 2473 2484
f 2484 2473 2472
f 2484 2472 2485
f 2485 2472 2471
f 2485 2471 2486
f 2486 2471 2470
f 2486 2470 2487
f 2487 2470 2469
f 2487 2469 2488
f 2488 2469 2468
f 2488 2468 2489
f 2489 2468 2467
f 2489 2467 2490
f 2490 2467 2466
f 2490 2466 2491
f 2491 2466 2465
f 2491 2465 2492
f 2492 2465 2464
f 2492 2464 2493
f 2493 2464 2463
f 2493 2463 2494
f 2494 2463 2462
f 2494 2462 2477
f 2477 2462 2461
f 2479 2495 2478
f 2481 2495 2480
f 2483 2495 2482
f 2485 2495 2484
f 2487 2495 2486
f 2489 2495 2488
f 2491 2495 2490
f 2493 2495 2492
f 2477 2495 2494
f 2478 2495 2477
f 2490 2495 2489
f 2484 2495 2483
f 2494 2495 2493
f 2492 2495 2491
f 2488 2495 2487
f 2486 2495 2485
f 2482 2495 2481
f 2480 2495 2479
f 1054 2496 1053
f 1053 2496 2497
f 1053 2497 1070
f 1070 2497 2498
f 1070 2498 1069
f 1069 2498 2499
f 1069 2499 1068
f 1068 2499 2500
f 1068 2500 1067
f 1067 2500 2501
f 1067 2501 1066
f 1066 2501 2502
f 1066 2502 1065
f 1065 2502 2503
f 1065 2503 1064
f 1064 2503 2504
f 1064 2504 1063
f 1063 2504 2505
f 1063 2505 1062
f 1062 2505 2506
f 1062 2506 1061
f 1061 2506 2507
f 1061 2507 1060
f 1060 2507 2508
f 1060 2508 1059
f 1059 2508 2509
f 1059 2509 1058
f 1058 2509 2510
f 1058 2510 1057
f 1057 2510 2511
f 1057 2511 1056
f 1056 2511 2512
f 1056 2512 1055
f 1055 2512 2513
f 1055 2513 1054
f 1054 2513 2496
f 2514 2498 2515
f 2515 2498 2497
f 2515 2497 2516
f 2516 2497 2496
f 2516 2496 2517
f 2517 2496 2513
f 2517 2513 2518
f 2518 2513 2512
f 2518 2512 2519
f 2519 2512 2511
f 2519 2511 2520
f 2520 2511 2510
f 2520 2510 2521
f 2521 2510 2509
f 2521 2509 2522
f 2522 2509 2508
f 2522 2508 2523
f 2523 2508 2507
f 2523 2507 2524
f 2524 2507 2506
f 2524 2506 2525
f 2525 2506 2505
f 2525 2505 2526
f 2526 2505 2504
f 2526 2504 2527
f 2527 2504 2503
f 2527 2503 2528
f 2528 2503 2502
f 2528 2502 2529
f 2529 2502 2501
f 2529 2501 2530
f 2530 2501 2500
f 2530 2500 2531
f 2531 2500 2499
f 2531 2499 2514
f 2514 2499 2498
f 2516 2532 2515
f 2518 2532 2517
f 2520 2532 2519
f 2522 2532 2521
f 2524 2532 2523
f 2526 2532 2525
f 2528 2532 2527
f 2530 2532 2529
f 2514 2532 2531
f 2515 2532 2514
f 2527 2532 2526
f 2521 2532 2520
f 2531 2532 2530
f 2529 2532 2528
f 2525 2532 2524
f 2523 2532 2522
f 2519 2532 2518
f 2517 2532 2516
f 1088 2533 1072
f 1072 2533 2534
f 1072 2534 1071
f 1071 2534 2535
f 1071 2535 1073
f 1073 2535 2536
f 1073 2536 1074
f 1074 2536 2537
f 1074 2537 1075
f 1075 2537 2538
f 1075 2538 1076
f 1076 2538 2539
f 1076 2539 1077
f 1077 2539 2540
f 1077 2540 1078
f 1078 2540 2541
f 1078 2541 1079
f 1079 2541 2542
f 1079 2542 1080
f 1080 2542 2543
f 1080 2543 1081
f 1081 2543 2544
f 1081 2544 1082
f 1082 2544 2545
f 1082 2545 1083
f 1083 2545 2546
f 1083 2546 1084
f 1084 2546 2547
f 1084 2547 1085
f 1085 2547 2548
f 1085 2548 1086
f 1086 2548 2549
f 1086 2549 1087
f 1087 2549 2550
f 1087 2550 1088
f 1088 2550 2533
f 2551 2535 2552
f 2552 2535 2534
f 2552 2534 2553
f 2553 2534 2533
f 2553 2533 2554
f 2554 2533 2550
f 2554 2550 2555
f 2555 2550 2549
f 2555 2549 2556
f 2556 2549 2548
f 2556 2548 2557
f 2557 2548 2547
f 2557 2547 2558
f 2558 2547 2546
f 2558 2546 2559
f 2559 2546 2545
f 2559 2545 2560
f 2560 2545 2544
f 2560 2544 2561
f 2561 2544 2543
f 2561 2543 2562
f 2562 2543 2542
f 2562 2542 2563
f 2563 2542 2541
f 2563 2541 2564
f 2564 2541 2540
f 2564 2540 2565
f 2565 2540 2539
f 2565 2539 2566
f 2566 2539 2538
f 2566 2538 2567
f 2567 2538 2537
f 2567 2537 2568
f 2568 2537 2536
f 2568 2536 2551
f 2551 2536 2535
f 2553 2569 2552
f 2555 2569 2554
f 2557 2569 2556
f 2559 2569 2558
f 2561 2569 2560
f 2563 2569 2562
f 2565 2569 2564
f 2567 2569 2566
f 2551 2569 2568
f 2552 2569 2551
f 2564 2569 2563
f 2558 2569 2557
f 2568 2569 2567
f 2566 2569 2565
f 2562 2569 2561
f 2560 2569 2559
f 2556 2569 2555
f 2554 2569 2553
f 2570 2571 2572
f 2572 2571 2573
f 2572 2573 2574
f 2574 2573 2575
f 2574 2575 2576
f 2576 2575 2577
f 2576 2577 2578
f 2578 2577 2579
f 2578 2579 2580
f 2580 2579 2581
f 2580 2581 2582
f 2582 2581 2583
f 2582 2583 2584
f 2584 2583 2585
f 2584 2585 2586
f 2586 2585 2587
f 2586 2587 2588
f 2588 2587 2589
f 2588 2589 2590
f 2590 2589 2591
f 2590 2591 2592
f 2592 2591 2593
f 2592 2593 2594
f 2594 2593 2595
f 2594 2595 2596
f 2596 2595 2597
f 2596 2597 2598
f 2598 2597 2599
f 2598 2599 2600
f 2600 2599 2601
f 2600 2601 2602
f 2602 2601 2603
f 2602 2603 2604
f 2604 2603 2605
f 2604 2605 2606
f 2606 2605 2607
f 2606 2607 2608
f 2608 2607 2609
f 2608 2609 2610
f 2610 2609 2611
f 2610 2611 2612
f 2612 2611 2613
f 2612 2613 2614
f 2614 2613 2615
f 2614 2615 2616
f 2616 2615 2617
f 2616 2617 2618
f 2618 2617 2619
f 2618 2619 2620
f 2620 2619 2621
f 2620 2621 2622
f 2622 2621 2623
f 2622 2623 2624
f 2624 2623 2625
f 2624 2625 2626
f 2626 2625 2627
f 2626 2627 2628
f 2628 2627 2629
f 2628 2629 2630
f 2630 2629 2631
f 2630 2631 2632
f 2632 2631 2633
f 2632 2633 2634
f 2634 2633 2635
f 2634 2635 2636
f 2636 2635 2637
f 2636 2637 2638
f 2638 2637 2639
f 2638 2639 2640
f 2640 2639 2641
f 2640 2641 2642
f 2642 2641 2643
f 2642 2643 2644
f 2644 2643 2645
f 2644 2645 2646
f 2646 2645 2647
f 2646 2647 2648
f 2648 2647 2649
f 2648 2649 2650
f 2650 2649 2651
f 2650 2651 2652
f 2652 2651 2653
f 2652 2653 2654
f 2654 2653 2655
f 2654 2655 2656
f 2656 2655 2657
f 2656 2657 2658
f 2658 2657 2659
f 2658 2659 2660
f 2660 2659 2661
f 2660 2661 2662
f 2662 2661 2663
f 2662 2663 2664
f 2664 2663 2665
f 2664 2665 2666
f 2666 2665 2667
f 2666 2667 2668
f 2668 2667 2669
f 2668 2669 2670
f 2670 2669 2671
f 2670 2671 2672
f 2672 2671 2673
f 2672 2673 2674
f 2674 2673 2675
f 2674 2675 2676
f 2676 2675 2677
f 2676 2677 2678
f 2678 2677 2679
f 2678 2679 2680
f 2680 2679 2681
f 2680 2681 2682
f 2682 2681 2683
f 2682 2683 2684
f 2684 2683 2685
f 2684 2685 2686
f 2686 2685 2687
f 2686 2687 2688
f 2688 2687 2689
f 2688 2689 2690
f 2690 2689 2691
f 2690 2691 2692
f 2692 2691 2693
f 2692 2693 2694
f 2694 2693 2695
f 2694 2695 2696
f 2696 2695 2697
f 2696 2697 2698
f 2698 2697 2699
f 2698 2699 2700
f 2700 2699 2701
f 2700 2701 2702
f 2702 2701 2703
f 2702 2703 2704
f 2704 2703 2705
f 2704 2705 2570
f 2570 2705 2571
f 2706 2707 2708
f 2708 2707 2709
f 2708 2709 2710
f 2710 2709 2711
f 2710 2711 2712
f 2712 2711 2713
f 2712 2713 2714
f 2714 2713 2715
f 2714 2715 2716
f 2716 2715 2717
f 2716 2717 2718
f 2718 2717 2719
f 2718 2719 2720
f 2720 2719 2721
f 2720 2721 2722
f 2722 2721 2723
f 2722 2723 2724
f 2724 2723 2725
f 2724 2725 2726
f 2726 2725 2727
f 2726 2727 2728
f 2728 2727 2729
f 2728 2729 2730
f 2730 2729 2731
f 2730 2731 2732
f 2732 2731 2733
f 2732 2733 2734
f 2734 2733 2735
f 2734 2735 2736
f 2736 2735 2737
f 2736 2737 2738
f 2738 2737 2739
f 2738 2739 2740
f 2740 2739 2741
f 2740 2741 2742
f 2742 2741 2743
f 2742 2743 2744
f 2744 2743 2745
f 2744 2745 2746
f 2746 2745 2747
f 2746 2747 2748
f 2748 2747 2749
f 2748 2749 2750
f 2750 2749 2751
f 2750 2751 2752
f 2752 2751 2753
f 2752 2753 2754
f 2754 2753 2755
f 2754 2755 2756
f 2756 2755 2757
f 2756 2757 2758
f 2758 2757 2759
f 2758 2759 2760
f 2760 2759 2761
f 2760 2761 2762
f 2762 2761 2763
f 2762 2763 2764
f 2764 2763 2765
f 2764 2765 2766
f 2766 2765 2767
f 2766 2767 2768
f 2768 2767 2769
f 2768 2769 2770
f 2770 2769 2771
f 2770 2771 2772
f 2772 2771 2773
f 2772 2773 2774
f 2774 2773 2775
f 2774 2775 2776
f 2776 2775 2777
f 2776 2777 2778
f 2778 2777 2779
f 2778 2779 2780
f 2780 2779 2781
f 2780 2781 2782
f 2782 2781 2783
f 2782 2783 2784
f 2784 2783 2785
f 2784 2785 2786
f 2786 2785 2787
f 2786 2787 2788
f 2788 2787 2789
f 2788 2789 2790
f 2790 2789 2791
f 2790 2791 2792
f 2792 2791 2793
f 2792 2793 2794
f 2794 2793 2795
f 2794 2795 2796
f 2796 2795 2797
f 2796 2797 2798
f 2798 2797 2799
f 2798 2799 2800
f 2800 2799 2801
f 2800 2801 2802
f 2802 2801 2803
f 2802 2803 2804
f 2804 2803 2805
f 2804 2805 2806
f 2806 2805 2807
f 2806 2807 2808
f 2808 2807 2809
f 2808 2809 2706
f 2706 2809 2707
f 2810 2763 2811
f 2811 2763 2761
f 2811 2761 2812
f 2812 2761 2759
f 2812 2759 2813
f 2813 2759 2757
f 2813 2757 2814
f 2814 2757 2755
f 2814 2755 2815
f 2815 2755 2753
f 2815 2753 2816
f 2816 2753 2751
f 2816 2751 2817
f 2817 2751 2749
f 2817 2749 2818
f 2818 2749 2747
f 2818 2747 2819
f 2819 2747 2745
f 2819 2745 2820
f 2820 2745 2743
f 2820 2743 2821
f 2821 2743 2741
f 2821 2741 2822
f 2822 2741 2739
f 2822 2739 2823
f 2823 2739 2737
f 2823 2737 2824
f 2824 2737 2735
f 2824 2735 2825
f 2825 2735 2733
f 2825 2733 2826
f 2826 2733 2731
f 2826 2731 2827
f 2827 2731 2729
f 2827 2729 2828
f 2828 2729 2727
f 2828 2727 2829
f 2829 2727 2725
f 2829 2725 2830
f 2830 2725 2723
f 2830 2723 2831
f 2831 2723 2721
f 2831 2721 2832
f 2832 2721 2719
f 2832 2719 2833
f 2833 2719 2717
f 2833 2717 2834
f 2834 2717 2715
f 2834 2715 2835
f 2835 2715 2713
f 2835 2713 2836
f 2836 2713 2711
f 2836 2711 2837
f 2837 2711 2709
f 2837 2709 2838
f 2838 2709 2707
f 2838 2707 2839
f 2839 2707 2809
f 2839 2809 2840
f 2840 2809 2807
f 2840 2807 2841
f 2841 2807 2805
f 2841 2805 2842
f 2842 2805 2803
f 2842 2803 2843
f 2843 2803 2801
f 2843 2801 2844
f 2844 2801 2799
f 2844 2799 2845
f 2845 2799 2797
f 2845 2797 2846
f 2846 2797 2795
f 2846 2795 2847
f 2847 2795 2793
f 2847 2793 2848
f 2848 2793 2791
f 2848 2791 2849
f 2849 2791 2789
f 2849 2789 2850
f 2850 2789 2787
f 2850 2787 2851
f 2851 2787 2785
f 2851 2785 2852
f 2852 2785 2783
f 2852 2783 2853
f 2853 2783 2781
f 2853 2781 2854
f 2854 2781 2779
f 2854 2779 2855
f 2855 2779 2777
f 2855 2777 2856
f 2856 2777 2775
f 2856 2775 2857
f 2857 2775 2773
f 2857 2773 2858
f 2858 2773 2771
f 2858 2771 2859
f 2859 2771 2769
f 2859 2769 2860
f 2860 2769 2767
f 2860 2767 2861
f 2861 2767 2765
f 2861 2765 2810
f 2810 2765 2763
f 2862 2863 2864
f 2864 2863 2865
f 2864 2865 2866
f 2866 2865 2867
f 2866 2867 2868
f 2868 2867 2869
f 2868 2869 2870
f 2870 2869 2871
f 2870 2871 2872
f 2872 2871 2873
f 2872 2873 2874
f 2874 2873 2875
f 2874 2875 2876
f 2876 2875 2877
f 2876 2877 2878
f 2878 2877 2879
f 2878 2879 2880
f 2880 2879 2881
f 2880 2881 2882
f 2882 2881 2883
f 2882 2883 2884
f 2884 2883 2885
f 2884 2885 2886
f 2886 2885 2887
f 2886 2887 2888
f 2888 2887 2889
f 2888 2889 2890
f 2890 2889 2891
f 2890 2891 2892
f 2892 2891 2893
f 2892 2893 2894
f 2894 2893 2895
f 2894 2895 2896
f 2896 2895 2897
f 2896 2897 2898
f 2898 2897 2899
f 2898 2899 2900
f 2900 2899 2901
f 2900 2901 2902
f 2902 2901 2903
f 2902 2903 2904
f 2904 2903 2905
f 2904 2905 2906
f 2906 2905 2907
f 2906 2907 2908
f 2908 2907 2909
f 2908 2909 2910
f 2910 2909 2911
f 2910 2911 2912
f 2912 2911 2913
f 2912 2913 2914
f 2914 2913 2915
f 2914 2915 2916
f 2916 2915 2917
f 2916 2917 2918
f 2918 2917 2919
f 2918 2919 2920
f 2920 2919 2921
f 2920 2921 2922
f 2922 2921 2923
f 2922 2923 2924
f 2924 2923 2925
f 2924 2925 2926
f 2926 2925 2927
f 2926 2927 2928
f 2928 2927 2929
f 2928 2929 2930
f 2930 2929 2931
f 2930 2931 2932
f 2932 2931 2933
f 2932 2933 2934
f 2934 2933 2935
f 2934 2935 2936
f 2936 2935 2937
f 2936 2937 2938
f 2938 2937 2939
f 2938 2939 2940
f 2940 2939 2941
f 2940 2941 2942
f 2942 2941 2943
f 2942 2943 2944
f 2944 2943 2945
f 2944 2945 2946
f 2946 2945 2947
f 2946 2947 2948
f 2948 2947 2949
f 2948 2949 2950
f 2950 2949 2951
f 2950 2951 2952
f 2952 2951 2953
f 2952 2953 2954
f 2954 2953 2955
f 2954 2955 2956
f 2956 2955 2957
f 2956 2957 2958
f 2958 2957 2959
f 2958 2959 2960
f 2960 2959 2961
f 2960 2961 2962
f 2962 2961 2963
f 2962 2963 2964
f 2964 2963 2965
f 2964 2965 2966
f 2966 2965 2967
f 2966 2967 2968
f 2968 2967 2969
f 2968 2969 2862
f 2862 2969 2863
f 2970 2971 2972
f 2972 2971 2973
f 2972 2973 2974
f 2974 2973 2975
f 2974 2975 2976
f 2976 2975 2977
f 2976 2977 2978
f 2978 2977 2979
f 2978 2979 2980
f 2980 2979 2981
f 2980 2981 2982
f 2982 2981 2983
f 2982 2983 2984
f 2984 2983 2985
f 2984 2985 2986
f 2986 2985 2987
f 2986 2987 2988
f 2988 2987 2989
f 2988 2989 2990
f 2990 2989 2991
f 2990 2991 2992
f 2992 2991 2993
f 2992 2993 2994
f 2994 2993 2995
f 2994 2995 2996
f 2996 2995 2997
f 2996 2997 2998
f 2998 2997 2999
f 2998 2999 3000
f 3000 2999 3001
f 3000 3001 3002
f 3002 3001 3003
f 3002 3003 3004
f 3004 3003 3005
f 3004 3005 3006
f 3006 3005 3007
f 3006 3007 3008
f 3008 3007 3009
f 3008 3009 3010
f 3010 3009 3011
f 3010 3011 3012
f 3012 3011 3013
f 3012 3013 3014
f 3014 3013 3015
f 3014 3015 3016
f 3016 3015 3017
f 3016 3017 3018
f 3018 3017 3019
f 3018 3019 3020
f 3020 3019 3021
f 3020 3021 3022
f 3022 3021 3023
f 3022 3023 3024
f 3024 3023 3025
f 3024 3025 3026
f 3026 3025 3027
f 3026 3027 3028
f 3028 3027 3029
f 3028 3029 3030
f 3030 3029 3031
f 3030 3031 3032
f 3032 3031 3033
f 3032 3033 3034
f 3034 3033 3035
f 3034 3035 3036
f 3036 3035 3037
f 3036 3037 3038
f 3038 3037 3039
f 3038 3039 3040
f 3040 3039 3041
f 3040 3041 3042
f 3042 3041 3043
f 3042 3043 3044
f 3044 3043 3045
f 3044 3045 3046
f 3046 3045 3047
f 3046 3047 3048
f 3048 3047 3049
f 3048 3049 3050
f 3050 3049 3051
f 3050 3051 3052
f 3052 3051 3053
f 3052 3053 3054
f 3054 3053 3055
f 3054 3055 3056
f 3056 3055 3057
f 3056 3057 3058
f 3058 3057 3059
f 3058 3059 3060
f 3060 3059 3061
f 3060 3061 3062
f 3062 3061 3063
f 3062 3063 3064
f 3064 3063 3065
f 3064 3065 3066
f 3066 3065 3067
f 3066 3067 3068
f 3068 3067 3069
f 3068 3069 3070
f 3070 3069 3071
f 3070 3071 3072
f 3072 3071 3073
f 3072 3073 3074
f 3074 3073 3075
f 3074 3075 3076
f 3076 3075 3077
f 3076 3077 3078
f 3078 3077 3079
f 3078 3079 3080
f 3080 3079 3081
f 3080 3081 3082
f 3082 3081 3083
f 3082 3083 3084
f 3084 3083 3085
f 3084 3085 3086
f 3086 3085 3087
f 3086 3087 3088
f 3088 3087 3089
f 3088 3089 3090
f 3090 3089 3091
f 3090 3091 3092
f 3092 3091 3093
f 3092 3093 3094
f 3094 3093 3095
f 3094 3095 3096
f 3096 3095 3097
f 3096 3097 3098
f 3098 3097 3099
f 3098 3099 3100
f 3100 3099 3101
f 3100 3101 2970
f 2970 3101 2971
f 2571 3102 2573
f 2573 3102 3103
f 2573 3103 2575
f 2575 3103 3104
f 2575 3104 3105
f 2571 2705 3102
f 3102 2705 3106
f 3106 2705 2703
f 3106 2703 3107
f 3107 2703 2701
f 3107 2701 3108
f 3108 2701 2699
f 3108 2699 3109
f 3109 2699 2697
f 3109 2697 3110
f 3110 2697 2695
f 3110 2695 3111
f 3111 2695 2693
f 3111 2693 3112
f 3112 2693 2691
f 3112 2691 3113
f 3113 2691 2689
f 3113 2689 3114
f 3114 2689 1883
f 3114 1883 1882
f 1883 2689 1884
f 1884 2689 2687
f 1884 2687 1885
f 1885 2687 1886
f 1886 2687 1865
f 1865 2687 1866
f 1866 2687 1867
f 1867 2687 2685
f 1867 2685 1868
f 1868 2685 1869
f 1869 2685 1870
f 1870 2685 1871
f 1871 2685 1872
f 1872 2685 3115
f 1872 3115 1873
f 1873 3115 1874
f 1874 3115 1875
f 1875 3115 1876
f 1876 3115 1877
f 1877 3115 3116
f 1877 3116 1878
f 1878 3116 1879
f 1879 3116 1880
f 1880 3116 1881
f 1881 3116 3114
f 1881 3114 1882
f 2685 2683 3115
f 3115 2683 3117
f 3117 2683 2681
f 3117 2681 3118
f 3118 2681 2679
f 3118 2679 3119
f 3119 2679 2677
f 3119 2677 3120
f 3120 2677 2675
f 3120 2675 3121
f 3121 2675 2673
f 3121 2673 3122
f 3122 2673 2671
f 3122 2671 3123
f 3123 2671 2669
f 3123 2669 3124
f 3124 2669 2667
f 3124 2667 3125
f 3125 2667 2665
f 3125 2665 3126
f 3126 2665 1919
f 3126 1919 1918
f 2663 1902 2665
f 2665 1902 1923
f 2665 1923 1922
f 2661 1907 2663
f 2663 1907 1906
f 2663 1906 1905
f 2659 3127 2661
f 2661 3127 1908
f 2661 1908 1907
f 3127 2659 3128
f 3128 2659 2657
f 3128 2657 3129
f 3129 2657 2655
f 3129 2655 3130
f 3130 2655 2653
f 3130 2653 3131
f 3131 2653 2651
f 3131 2651 3132
f 3132 2651 2649
f 3132 2649 3133
f 3133 2649 2647
f 3133 2647 3134
f 3134 2647 2645
f 3134 2645 3135
f 3135 2645 2643
f 3135 2643 3136
f 3136 2643 2641
f 3136 2641 3137
f 3137 2641 2639
f 3137 2639 3138
f 3138 2639 2637
f 3138 2637 3139
f 3139 2637 2635
f 3139 2635 3140
f 3140 2635 2633
f 3140 2633 3141
f 3141 2633 2631
f 3141 2631 3142
f 3142 2631 2629
f 3142 2629 3143
f 3143 2629 2627
f 3143 2627 3144
f 3144 2627 2625
f 3144 2625 3145
f 3145 2625 2623
f 3145 2623 3146
f 3146 2623 2621
f 3146 2621 3147
f 3147 2621 2619
f 3147 2619 3148
f 3148 2619 2617
f 3148 2617 3149
f 3149 2617 2615
f 3149 2615 3150
f 3150 2615 2613
f 3150 2613 3151
f 3151 2613 2611
f 3151 2611 3152
f 3152 2611 2609
f 3152 2609 3153
f 3153 2609 2607
f 3153 2607 3154
f 3154 2607 2605
f 3154 2605 3155
f 3155 2605 2603
f 3155 2603 3156
f 3156 2603 2601
f 3156 2601 3157
f 3157 2601 2599
f 3157 2599 3158
f 3158 2599 2597
f 3158 2597 3159
f 3159 2597 2595
f 3159 2595 3160
f 3160 2595 2593
f 3160 2593 3161
f 3161 2593 2591
f 3161 2591 3162
f 3162 2591 2589
f 3162 2589 3163
f 3163 2589 2587
f 3163 2587 3164
f 3164 2587 2585
f 3164 2585 3165
f 3165 2585 2583
f 3165 2583 3166
f 3166 2583 2581
f 3166 2581 3167
f 3167 2581 2579
f 3167 2579 3168
f 3168 2579 2577
f 3168 2577 3105
f 3105 2577 2575
f 1908 3127 1909
f 1909 3127 3169
f 1909 3169 1910
f 1910 3169 1911
f 1911 3169 1912
f 1912 3169 1913
f 1913 3169 1914
f 1914 3169 3126
f 1914 3126 1915
f 1915 3126 1916
f 1916 3126 1917
f 1917 3126 1918
f 1904 1903 2663
f 2663 1903 1902
f 1922 1921 2665
f 2665 1921 1920
f 2665 1920 1919
f 1905 1904 2663
f 3170 991 3171
f 3171 991 992
f 3171 992 3172
f 3172 992 993
f 3172 993 3173
f 3173 993 994
f 3173 994 3174
f 3174 994 995
f 3174 995 3175
f 3175 995 996
f 3175 996 3176
f 3176 996 997
f 3176 997 3177
f 3177 997 998
f 3177 998 3178
f 3178 998 999
f 3178 999 3179
f 3179 999 1000
f 3179 1000 3180
f 3180 1000 1001
f 3180 1001 3181
f 3181 1001 1002
f 3181 1002 3182
f 3182 1002 1003
f 3182 1003 3183
f 3183 1003 1004
f 3183 1004 3184
f 3184 1004 1005
f 3184 1005 3185
f 3185 1005 1006
f 3185 1006 3186
f 3186 1006 1007
f 3186 1007 3187
f 3187 1007 1008
f 3187 1008 3188
f 3188 1008 1012
f 3188 1012 3189
f 3189 1012 1011
f 3189 1011 3190
f 3190 1011 1010
f 3190 1010 3191
f 3191 1010 1009
f 3191 1009 3170
f 3170 1009 991
f 3192 976 3193
f 3193 976 975
f 3193 975 3194
f 3194 975 974
f 3194 974 3195
f 3195 974 973
f 3195 973 3196
f 3196 973 972
f 3196 972 3197
f 3197 972 971
f 3197 971 3198
f 3198 971 970
f 3198 970 3199
f 3199 970 969
f 3199 969 3200
f 3200 969 990
f 3200 990 3201
f 3201 990 989
f 3201 989 3202
f 3202 989 988
f 3202 988 3203
f 3203 988 987
f 3203 987 3204
f 3204 987 986
f 3204 986 3205
f 3205 986 985
f 3205 985 3206
f 3206 985 984
f 3206 984 3207
f 3207 984 983
f 3207 983 3208
f 3208 983 982
f 3208 982 3209
f 3209 982 981
f 3209 981 3210
f 3210 981 980
f 3210 980 3211
f 3211 980 979
f 3211 979 3212
f 3212 979 978
f 3212 978 3213
f 3213 978 977
f 3213 977 3192
f 3192 977 976
f 3214 947 3215
f 3215 947 948
f 3215 948 3216
f 3216 948 949
f 3216 949 3217
f 3217 949 950
f 3217 950 3218
f 3218 950 951
f 3218 951 3219
f 3219 951 952
f 3219 952 3220
f 3220 952 953
f 3220 953 3221
f 3221 953 954
f 3221 954 3222
f 3222 954 955
f 3222 955 3223
f 3223 955 956
f 3223 956 3224
f 3224 956 957
f 3224 957 3225
f 3225 957 958
f 3225 958 3226
f 3226 958 959
f 3226 959 3227
f 3227 959 960
f 3227 960 3228
f 3228 960 961
f 3228 961 3229
f 3229 961 962
f 3229 962 3230
f 3230 962 963
f 3230 963 3231
f 3231 963 964
f 3231 964 3232
f 3232 964 968
f 3232 968 3233
f 3233 968 967
f 3233 967 3234
f 3234 967 966
f 3234 966 3235
f 3235 966 965
f 3235 965 3214
f 3214 965 947
f 3236 1020 3237
f 3237 1020 1019
f 3237 1019 3238
f 3238 1019 1018
f 3238 1018 3239
f 3239 1018 1017
f 3239 1017 3240
f 3240 1017 1016
f 3240 1016 3241
f 3241 1016 1015
f 3241 1015 3242
f 3242 1015 1014
f 3242 1014 3243
f 3243 1014 1013
f 3243 1013 3244
f 3244 1013 1034
f 3244 1034 3245
f 3245 1034 1033
f 3245 1033 3246
f 3246 1033 1032
f 3246 1032 3247
f 3247 1032 1031
f 3247 1031 3248
f 3248 1031 1030
f 3248 1030 3249
f 3249 1030 1029
f 3249 1029 3250
f 3250 1029 1028
f 3250 1028 3251
f 3251 1028 1027
f 3251 1027 3252
f 3252 1027 1026
f 3252 1026 3253
f 3253 1026 1025
f 3253 1025 3254
f 3254 1025 1024
f 3254 1024 3255
f 3255 1024 1023
f 3255 1023 3256
f 3256 1023 1022
f 3256 1022 3257
f 3257 1022 1021
f 3257 1021 3236
f 3236 1021 1020
f 3258 3259 3260
f 3260 3259 3261
f 3260 3261 3262
f 3262 3261 3263
f 3262 3263 3264
f 3264 3263 3265
f 3264 3265 3266
f 3266 3265 3267
f 3266 3267 3268
f 3268 3267 3269
f 3268 3269 3270
f 3270 3269 3271
f 3270 3271 3272
f 3272 3271 3273
f 3272 3273 3274
f 3274 3273 3275
f 3274 3275 3276
f 3276 3275 3277
f 3276 3277 3278
f 3278 3277 3279
f 3278 3279 3280
f 3280 3279 3281
f 3280 3281 3282
f 3282 3281 3283
f 3282 3283 3284
f 3284 3283 3285
f 3284 3285 3286
f 3286 3285 3287
f 3286 3287 3288
f 3288 3287 3289
f 3288 3289 3290
f 3290 3289 3291
f 3291 3289 3292
f 3291 3292 3293
f 3293 3292 3294
f 3293 3294 3295
f 3295 3294 3296
f 3295 3296 3297
f 3297 3296 3298
f 3297 3298 3299
f 3299 3298 3300
f 3299 3300 3301
f 3301 3300 3302
f 3301 3302 3303
f 3303 3302 3304
f 3303 3304 3305
f 3305 3304 3306
f 3305 3306 3307
f 3275 3308 3277
f 3277 3308 3309
f 3277 3309 3279
f 3279 3309 3310
f 3279 3310 3281
f 3281 3310 3311
f 3281 3311 3283
f 3283 3311 3312
f 3283 3312 3285
f 3285 3312 3313
f 3285 3313 3287
f 3287 3313 3314
f 3287 3314 3289
f 3289 3314 3292
f 3308 3315 3309
f 3309 3315 3316
f 3309 3316 3310
f 3310 3316 3317
f 3310 3317 3311
f 3311 3317 3318
f 3311 3318 3312
f 3312 3318 3319
f 3312 3319 3313
f 3313 3319 3320
f 3313 3320 3314
f 3314 3320 3294
f 3314 3294 3292
f 3315 3321 3316
f 3316 3321 3322
f 3316 3322 3317
f 3317 3322 3323
f 3317 3323 3318
f 3318 3323 3324
f 3318 3324 3319
f 3319 3324 3325
f 3319 3325 3320
f 3320 3325 3296
f 3320 3296 3294
f 3321 3326 3322
f 3322 3326 3327
f 3322 3327 3323
f 3323 3327 3328
f 3323 3328 3324
f 3324 3328 3329
f 3324 3329 3325
f 3325 3329 3298
f 3325 3298 3296
f 3326 3330 3327
f 3327 3330 3331
f 3327 3331 3328
f 3328 3331 3332
f 3328 3332 3329
f 3329 3332 3300
f 3329 3300 3298
f 3330 3333 3331
f 3331 3333 3334
f 3331 3334 3332
f 3332 3334 3302
f 3332 3302 3300
f 3333 3335 3334
f 3334 3335 3304
f 3334 3304 3302
f 3335 3306 3304
f 3305 3307 3336
f 3336 3307 3337
f 3336 3337 3338
f 3338 3337 3339
f 3338 3339 3340
f 3340 3339 3341
f 3340 3341 3342
f 3342 3341 3343
f 3342 3343 3344
f 3344 3343 3345
f 3344 3345 3346
f 3346 3345 3347
f 3346 3347 3348
f 3348 3347 3349
f 3348 3349 3350
f 3350 3349 3351
f 3350 3351 3352
f 3352 3351 3353
f 3352 3353 3354
f 3354 3353 3355
f 3354 3355 3356
f 3356 3355 3357
f 3356 3357 3358
f 3358 3357 3359
f 3358 3359 3360
f 3360 3359 3361
f 3360 3361 3362
f 3362 3361 3363
f 3362 3363 3364
f 3364 3363 3365
f 3364 3365 3366
f 3366 3365 3367
f 3366 3367 3368
f 3368 3367 3369
f 3368 3369 3370
f 3370 3369 3371
f 3370 3371 3372
f 3372 3371 3373
f 3372 3373 3374
f 3374 3373 3375
f 3374 3375 3376
f 3376 3375 3377
f 3376 3377 3378
f 3378 3377 3379
f 3378 3379 3380
f 3380 3379 3381
f 3380 3381 3382
f 3382 3381 3383
f 3382 3383 3384
f 3384 3383 3385
f 3384 3385 3386
f 3386 3385 3387
f 3386 3387 3388
f 3388 3387 3389
f 3388 3389 3390
f 3390 3389 3391
f 3390 3391 3392
f 3392 3391 3393
f 3392 3393 3394
f 3394 3393 3395
f 3394 3395 3396
f 3349 3397 3351
f 3351 3397 3398
f 3351 3398 3353
f 3353 3398 3399
f 3353 3399 3355
f 3355 3399 3400
f 3355 3400 3357
f 3357 3400 3401
f 3357 3401 3359
f 3359 3401 3402
f 3359 3402 3361
f 3361 3402 3403
f 3361 3403 3363
f 3363 3403 3365
f 3397 3404 3398
f 3398 3404 3405
f 3398 3405 3399
f 3399 3405 3406
f 3399 3406 3400
f 3400 3406 3407
f 3400 3407 3401
f 3401 3407 3408
f 3401 3408 3402
f 3402 3408 3409
f 3402 3409 3403
f 3403 3409 3410
f 3403 3410 3365
f 3365 3410 3367
f 3404 3411 3405
f 3405 3411 3412
f 3405 3412 3406
f 3406 3412 3413
f 3406 3413 3407
f 3407 3413 3414
f 3407 3414 3408
f 3408 3414 3415
f 3408 3415 3409
f 3409 3415 3416
f 3409 3416 3410
f 3410 3416 3417
f 3410 3417 3367
f 3367 3417 3369
f 3411 3418 3412
f 3412 3418 3419
f 3412 3419 3413
f 3413 3419 3420
f 3413 3420 3414
f 3414 3420 3421
f 3414 3421 3415
f 3415 3421 3422
f 3415 3422 3416
f 3416 3422 3423
f 3416 3423 3417
f 3417 3423 3424
f 3417 3424 3369
f 3369 3424 3371
f 3418 3425 3419
f 3419 3425 3426
f 3419 3426 3420
f 3420 3426 3427
f 3420 3427 3421
f 3421 3427 3428
f 3421 3428 3422
f 3422 3428 3429
f 3422 3429 3423
f 3423 3429 3430
f 3423 3430 3424
f 3424 3430 3431
f 3424 3431 3371
f 3371 3431 3373
f 3425 3432 3426
f 3426 3432 3433
f 3426 3433 3427
f 3427 3433 3434
f 3427 3434 3428
f 3428 3434 3435
f 3428 3435 3429
f 3429 3435 3436
f 3429 3436 3430
f 3430 3436 3437
f 3430 3437 3431
f 3431 3437 3438
f 3431 3438 3373
f 3373 3438 3375
f 3432 3439 3433
f 3433 3439 3440
f 3433 3440 3434
f 3434 3440 3441
f 3434 3441 3435
f 3435 3441 3442
f 3435 3442 3436
f 3436 3442 3443
f 3436 3443 3437
f 3437 3443 3444
f 3437 3444 3438
f 3438 3444 3445
f 3438 3445 3375
f 3375 3445 3377
f 3439 3446 3440
f 3440 3446 3447
f 3440 3447 3441
f 3441 3447 3448
f 3441 3448 3442
f 3442 3448 3449
f 3442 3449 3443
f 3443 3449 3450
f 3443 3450 3444
f 3444 3450 3451
f 3444 3451 3445
f 3445 3451 3452
f 3445 3452 3377
f 3377 3452 3379
f 3446 3453 3447
f 3447 3453 3454
f 3447 3454 3448
f 3448 3454 3455
f 3448 3455 3449
f 3449 3455 3456
f 3449 3456 3450
f 3450 3456 3457
f 3450 3457 3451
f 3451 3457 3458
f 3451 3458 3452
f 3452 3458 3459
f 3452 3459 3379
f 3379 3459 3381
f 3453 3460 3454
f 3454 3460 3461
f 3454 3461 3455
f 3455 3461 3462
f 3455 3462 3456
f 3456 3462 3463
f 3456 3463 3457
f 3457 3463 3464
f 3457 3464 3458
f 3458 3464 3465
f 3458 3465 3459
f 3459 3465 3383
f 3459 3383 3381
f 3460 3466 3461
f 3461 3466 3467
f 3461 3467 3462
f 3462 3467 3468
f 3462 3468 3463
f 3463 3468 3469
f 3463 3469 3464
f 3464 3469 3470
f 3464 3470 3465
f 3465 3470 3385
f 3465 3385 3383
f 3466 3471 3467
f 3467 3471 3472
f 3467 3472 3468
f 3468 3472 3473
f 3468 3473 3469
f 3469 3473 3474
f 3469 3474 3470
f 3470 3474 3387
f 3470 3387 3385
f 3471 3475 3472
f 3472 3475 3476
f 3472 3476 3473
f 3473 3476 3477
f 3473 3477 3474
f 3474 3477 3389
f 3474 3389 3387
f 3475 3478 3476
f 3476 3478 3479
f 3476 3479 3477
f 3477 3479 3391
f 3477 3391 3389
f 3478 3395 3479
f 3479 3395 3393
f 3479 3393 3391
f 3394 3396 3480
f 3480 3396 3481
f 3480 3481 3482
f 3482 3481 3483
f 3482 3483 3484
f 3484 3483 3485
f 3484 3485 3486
f 3486 3485 3487
f 3486 3487 3488
f 3488 3487 3489
f 3488 3489 3490
f 3490 3489 3491
f 3490 3491 3492
f 3492 3491 3493
f 3492 3493 3494
f 3494 3493 3495
f 3494 3495 3496
f 3496 3495 3497
f 3496 3497 3498
f 3498 3497 3499
f 3498 3499 3500
f 3500 3499 3501
f 3500 3501 3502
f 3502 3501 3503
f 3502 3503 3504
f 3504 3503 3505
f 3504 3505 3506
f 3506 3505 3507
f 3506 3507 3508
f 3508 3507 3509
f 3508 3509 3510
f 3510 3509 3511
f 3510 3511 3512
f 3512 3511 3513
f 3512 3513 3514
f 3514 3513 3515
f 3514 3515 3516
f 3516 3515 3517
f 3516 3517 3518
f 3518 3517 3519
f 3518 3519 3520
f 3520 3519 3521
f 3520 3521 3522
f 3522 3521 3523
f 3523 3521 3524
f 3523 3524 3525
f 3525 3524 3526
f 3525 3526 3527
f 3527 3526 3528
f 3527 3528 3529
f 3529 3528 3530
f 3529 3530 3531
f 3531 3530 3532
f 3531 3532 3533
f 3533 3532 3534
f 3533 3534 3535
f 3535 3534 3536
f 3535 3536 3537
f 3537 3536 3538
f 3537 3538 3539
f 3507 3540 3509
f 3509 3540 3541
f 3509 3541 3511
f 3511 3541 3542
f 3511 3542 3513
f 3513 3542 3543
f 3513 3543 3515
f 3515 3543 3544
f 3515 3544 3517
f 3517 3544 3545
f 3517 3545 3519
f 3519 3545 3546
f 3519 3546 3521
f 3521 3546 3524
f 3540 3547 3541
f 3541 3547 3548
f 3541 3548 3542
f 3542 3548 3549
f 3542 3549 3543
f 3543 3549 3550
f 3543 3550 3544
f 3544 3550 3551
f 3544 3551 3545
f 3545 3551 3552
f 3545 3552 3546
f 3546 3552 3526
f 3546 3526 3524
f 3547 3553 3548
f 3548 3553 3554
f 3548 3554 3549
f 3549 3554 3555
f 3549 3555 3550
f 3550 3555 3556
f 3550 3556 3551
f 3551 3556 3557
f 3551 3557 3552
f 3552 3557 3528
f 3552 3528 3526
f 3553 3558 3554
f 3554 3558 3559
f 3554 3559 3555
f 3555 3559 3560
f 3555 3560 3556
f 3556 3560 3561
f 3556 3561 3557
f 3557 3561 3530
f 3557 3530 3528
f 3558 3562 3559
f 3559 3562 3563
f 3559 3563 3560
f 3560 3563 3564
f 3560 3564 3561
f 3561 3564 3532
f 3561 3532 3530
f 3562 3565 3563
f 3563 3565 3566
f 3563 3566 3564
f 3564 3566 3534
f 3564 3534 3532
f 3565 3567 3566
f 3566 3567 3536
f 3566 3536 3534
f 3567 3538 3536
f 3537 3539 3568
f 3568 3539 3569
f 3568 3569 3570
f 3570 3569 3571
f 3570 3571 3572
f 3572 3571 3573
f 3572 3573 3574
f 3574 3573 3575
f 3574 3575 3576
f 3576 3575 3577
f 3576 3577 3578
f 3578 3577 3579
f 3578 3579 3580
f 3580 3579 3581
f 3580 3581 3582
f 3582 3581 3583
f 3582 3583 3584
f 3584 3583 3585
f 3584 3585 3586
f 3586 3585 3587
f 3586 3587 3588
f 3588 3587 3589
f 3588 3589 3590
f 3590 3589 3591
f 3590 3591 3592
f 3592 3591 3593
f 3592 3593 3594
f 3594 3593 3595
f 3594 3595 3596
f 3596 3595 3597
f 3596 3597 3598
f 3598 3597 3599
f 3598 3599 3600
f 3600 3599 3601
f 3600 3601 3602
f 3602 3601 3603
f 3603 3601 3604
f 3604 3601 3605
f 3604 3605 3606
f 3606 3605 3607
f 3606 3607 3608
f 3608 3607 3609
f 3608 3609 3610
f 3610 3609 3611
f 3611 3609 3612
f 3611 3612 3613
f 3613 3612 3614
f 3613 3614 3615
f 3615 3614 3616
f 3616 3614 3617
f 3616 3617 3618
f 3581 3619 3583
f 3583 3619 3620
f 3583 3620 3585
f 3585 3620 3621
f 3585 3621 3587
f 3587 3621 3622
f 3587 3622 3589
f 3589 3622 3623
f 3589 3623 3591
f 3591 3623 3624
f 3591 3624 3593
f 3593 3624 3625
f 3593 3625 3595
f 3595 3625 3597
f 3619 3626 3620
f 3620 3626 3627
f 3620 3627 3621
f 3621 3627 3628
f 3621 3628 3622
f 3622 3628 3629
f 3622 3629 3623
f 3623 3629 3630
f 3623 3630 3624
f 3624 3630 3631
f 3624 3631 3625
f 3625 3631 3632
f 3625 3632 3597
f 3597 3632 3599
f 3626 3633 3627
f 3627 3633 3634
f 3627 3634 3628
f 3628 3634 3635
f 3628 3635 3629
f 3629 3635 3636
f 3629 3636 3630
f 3630 3636 3637
f 3630 3637 3631
f 3631 3637 3638
f 3631 3638 3632
f 3632 3638 3639
f 3632 3639 3599
f 3599 3639 3601
f 3633 3640 3634
f 3634 3640 3641
f 3634 3641 3635
f 3635 3641 3642
f 3635 3642 3636
f 3636 3642 3643
f 3636 3643 3637
f 3637 3643 3644
f 3637 3644 3638
f 3638 3644 3645
f 3638 3645 3639
f 3639 3645 3605
f 3639 3605 3601
f 3640 3646 3641
f 3641 3646 3647
f 3641 3647 3642
f 3642 3647 3648
f 3642 3648 3643
f 3643 3648 3649
f 3643 3649 3644
f 3644 3649 3650
f 3644 3650 3645
f 3645 3650 3607
f 3645 3607 3605
f 3646 3651 3647
f 3647 3651 3652
f 3647 3652 3648
f 3648 3652 3653
f 3648 3653 3649
f 3649 3653 3654
f 3649 3654 3650
f 3650 3654 3655
f 3650 3655 3607
f 3607 3655 3609
f 3651 3656 3652
f 3652 3656 3657
f 3652 3657 3653
f 3653 3657 3658
f 3653 3658 3654
f 3654 3658 3659
f 3654 3659 3655
f 3655 3659 3660
f 3655 3660 3609
f 3609 3660 3661
f 3609 3661 3612
f 3612 3661 3662
f 3612 3662 3663
f 3663 3662 3664
f 3663 3664 3665
f 3665 3664 3666
f 3665 3666 3667
f 3667 3666 3668
f 3667 3668 3669
f 3669 3668 3670
f 3669 3670 3671
f 3671 3670 3672
f 3671 3672 3673
f 3673 3672 3674
f 3673 3674 3675
f 3675 3674 3676
f 3675 3676 3677
f 3677 3676 3678
f 3677 3678 3679
f 3679 3678 3680
f 3679 3680 3681
f 3681 3680 3682
f 3681 3682 3683
f 3683 3682 3684
f 3683 3684 3685
f 3685 3684 3686
f 3685 3686 3687
f 3687 3686 3688
f 3687 3688 3689
f 3689 3688 3690
f 3689 3690 3278
f 3278 3690 3276
f 3656 3691 3657
f 3657 3691 3692
f 3657 3692 3693
f 3694 3695 3693
f 3693 3695 3696
f 3693 3696 3657
f 3657 3696 3658
f 3697 3698 3694
f 3694 3698 3699
f 3694 3699 3695
f 3695 3699 3700
f 3695 3700 3701
f 3701 3700 3702
f 3701 3702 3659
f 3659 3702 3660
f 3258 3260 3697
f 3697 3260 3703
f 3697 3703 3698
f 3698 3703 3704
f 3698 3704 3705
f 3705 3704 3706
f 3705 3706 3707
f 3707 3706 3708
f 3707 3708 3709
f 3709 3708 3710
f 3709 3710 3661
f 3661 3710 3662
f 3711 3600 3602
f 3596 3712 3594
f 3594 3712 3713
f 3594 3713 3592
f 3592 3713 3714
f 3592 3714 3590
f 3590 3714 3715
f 3590 3715 3588
f 3588 3715 3716
f 3588 3716 3586
f 3586 3716 3717
f 3586 3717 3584
f 3584 3717 3718
f 3584 3718 3582
f 3582 3718 3580
f 3712 3719 3713
f 3713 3719 3720
f 3713 3720 3714
f 3714 3720 3721
f 3714 3721 3715
f 3715 3721 3722
f 3715 3722 3716
f 3716 3722 3723
f 3716 3723 3717
f 3717 3723 3724
f 3717 3724 3718
f 3718 3724 3725
f 3718 3725 3580
f 3580 3725 3578
f 3719 3726 3720
f 3720 3726 3727
f 3720 3727 3721
f 3721 3727 3728
f 3721 3728 3722
f 3722 3728 3729
f 3722 3729 3723
f 3723 3729 3730
f 3723 3730 3724
f 3724 3730 3731
f 3724 3731 3725
f 3725 3731 3732
f 3725 3732 3578
f 3578 3732 3576
f 3726 3733 3727
f 3727 3733 3734
f 3727 3734 3728
f 3728 3734 3735
f 3728 3735 3729
f 3729 3735 3736
f 3729 3736 3730
f 3730 3736 3737
f 3730 3737 3731
f 3731 3737 3738
f 3731 3738 3732
f 3732 3738 3739
f 3732 3739 3576
f 3576 3739 3574
f 3733 3740 3734
f 3734 3740 3741
f 3734 3741 3735
f 3735 3741 3742
f 3735 3742 3736
f 3736 3742 3743
f 3736 3743 3737
f 3737 3743 3744
f 3737 3744 3738
f 3738 3744 3745
f 3738 3745 3739
f 3739 3745 3746
f 3739 3746 3574
f 3574 3746 3572
f 3740 3747 3741
f 3741 3747 3748
f 3741 3748 3742
f 3742 3748 3749
f 3742 3749 3743
f 3743 3749 3750
f 3743 3750 3744
f 3744 3750 3751
f 3744 3751 3745
f 3745 3751 3752
f 3745 3752 3746
f 3746 3752 3753
f 3746 3753 3572
f 3572 3753 3570
f 3747 3754 3748
f 3748 3754 3755
f 3748 3755 3749
f 3749 3755 3756
f 3749 3756 3750
f 3750 3756 3757
f 3750 3757 3751
f 3751 3757 3758
f 3751 3758 3752
f 3752 3758 3759
f 3752 3759 3753
f 3753 3759 3760
f 3753 3760 3570
f 3570 3760 3568
f 3755 3754 3761
f 3761 3754 3762
f 3761 3762 3763
f 3763 3762 3764
f 3763 3764 3765
f 3765 3764 3766
f 3765 3766 3767
f 3767 3766 3768
f 3767 3768 3769
f 3769 3768 3770
f 3769 3770 3771
f 3771 3770 3772
f 3771 3772 3525
f 3525 3772 3523
f 3522 3773 3520
f 3520 3773 3774
f 3520 3774 3518
f 3518 3774 3775
f 3518 3775 3516
f 3516 3775 3776
f 3516 3776 3514
f 3514 3776 3777
f 3514 3777 3512
f 3512 3777 3778
f 3512 3778 3510
f 3510 3778 3779
f 3510 3779 3508
f 3508 3779 3506
f 3773 3780 3774
f 3774 3780 3781
f 3774 3781 3775
f 3775 3781 3782
f 3775 3782 3776
f 3776 3782 3783
f 3776 3783 3777
f 3777 3783 3784
f 3777 3784 3778
f 3778 3784 3785
f 3778 3785 3779
f 3779 3785 3786
f 3779 3786 3506
f 3506 3786 3504
f 3780 3787 3781
f 3781 3787 3788
f 3781 3788 3782
f 3782 3788 3789
f 3782 3789 3783
f 3783 3789 3790
f 3783 3790 3784
f 3784 3790 3791
f 3784 3791 3785
f 3785 3791 3792
f 3785 3792 3786
f 3786 3792 3793
f 3786 3793 3504
f 3504 3793 3502
f 3787 3794 3788
f 3788 3794 3795
f 3788 3795 3789
f 3789 3795 3796
f 3789 3796 3790
f 3790 3796 3797
f 3790 3797 3791
f 3791 3797 3798
f 3791 3798 3792
f 3792 3798 3799
f 3792 3799 3793
f 3793 3799 3800
f 3793 3800 3502
f 3502 3800 3500
f 3794 3801 3795
f 3795 3801 3802
f 3795 3802 3796
f 3796 3802 3803
f 3796 3803 3797
f 3797 3803 3804
f 3797 3804 3798
f 3798 3804 3805
f 3798 3805 3799
f 3799 3805 3806
f 3799 3806 3800
f 3800 3806 3807
f 3800 3807 3500
f 3500 3807 3498
f 3801 3808 3802
f 3802 3808 3809
f 3802 3809 3803
f 3803 3809 3810
f 3803 3810 3804
f 3804 3810 3811
f 3804 3811 3805
f 3805 3811 3812
f 3805 3812 3806
f 3806 3812 3813
f 3806 3813 3807
f 3807 3813 3814
f 3807 3814 3498
f 3498 3814 3496
f 3809 3808 3815
f 3815 3808 3816
f 3815 3816 3817
f 3817 3816 3818
f 3817 3818 3819
f 3819 3818 3820
f 3819 3820 3821
f 3821 3820 3822
f 3821 3822 3823
f 3823 3822 3824
f 3823 3824 3825
f 3825 3824 3826
f 3825 3826 3827
f 3827 3826 3828
f 3827 3828 3829
f 3829 3828 3830
f 3829 3830 3831
f 3831 3830 3832
f 3831 3832 3833
f 3833 3832 3834
f 3833 3834 3835
f 3835 3834 3836
f 3835 3836 3837
f 3837 3836 3838
f 3837 3838 3839
f 3839 3838 3840
f 3839 3840 3480
f 3480 3840 3394
f 3828 3841 3830
f 3830 3841 3842
f 3830 3842 3832
f 3832 3842 3843
f 3832 3843 3834
f 3834 3843 3844
f 3834 3844 3836
f 3836 3844 3845
f 3836 3845 3838
f 3838 3845 3846
f 3838 3846 3840
f 3840 3846 3392
f 3840 3392 3394
f 3841 3847 3842
f 3842 3847 3848
f 3842 3848 3843
f 3843 3848 3849
f 3843 3849 3844
f 3844 3849 3850
f 3844 3850 3845
f 3845 3850 3851
f 3845 3851 3846
f 3846 3851 3390
f 3846 3390 3392
f 3847 3852 3848
f 3848 3852 3853
f 3848 3853 3849
f 3849 3853 3854
f 3849 3854 3850
f 3850 3854 3855
f 3850 3855 3851
f 3851 3855 3388
f 3851 3388 3390
f 3852 3856 3853
f 3853 3856 3857
f 3853 3857 3854
f 3854 3857 3858
f 3854 3858 3855
f 3855 3858 3386
f 3855 3386 3388
f 3856 3859 3857
f 3857 3859 3860
f 3857 3860 3858
f 3858 3860 3384
f 3858 3384 3386
f 3859 3861 3860
f 3860 3861 3382
f 3860 3382 3384
f 3861 3380 3382
f 3364 3862 3362
f 3362 3862 3863
f 3362 3863 3360
f 3360 3863 3864
f 3360 3864 3358
f 3358 3864 3865
f 3358 3865 3356
f 3356 3865 3866
f 3356 3866 3354
f 3354 3866 3867
f 3354 3867 3352
f 3352 3867 3868
f 3352 3868 3350
f 3350 3868 3348
f 3862 3869 3863
f 3863 3869 3870
f 3863 3870 3864
f 3864 3870 3871
f 3864 3871 3865
f 3865 3871 3872
f 3865 3872 3866
f 3866 3872 3873
f 3866 3873 3867
f 3867 3873 3874
f 3867 3874 3868
f 3868 3874 3875
f 3868 3875 3348
f 3348 3875 3346
f 3869 3876 3870
f 3870 3876 3877
f 3870 3877 3871
f 3871 3877 3878
f 3871 3878 3872
f 3872 3878 3879
f 3872 3879 3873
f 3873 3879 3880
f 3873 3880 3874
f 3874 3880 3881
f 3874 3881 3875
f 3875 3881 3882
f 3875 3882 3346
f 3346 3882 3344
f 3876 3883 3877
f 3877 3883 3884
f 3877 3884 3878
f 3878 3884 3885
f 3878 3885 3879
f 3879 3885 3886
f 3879 3886 3880
f 3880 3886 3887
f 3880 3887 3881
f 3881 3887 3888
f 3881 3888 3882
f 3882 3888 3889
f 3882 3889 3344
f 3344 3889 3342
f 3883 3890 3884
f 3884 3890 3891
f 3884 3891 3885
f 3885 3891 3892
f 3885 3892 3886
f 3886 3892 3893
f 3886 3893 3887
f 3887 3893 3894
f 3887 3894 3888
f 3888 3894 3895
f 3888 3895 3889
f 3889 3895 3896
f 3889 3896 3342
f 3342 3896 3340
f 3890 3897 3891
f 3891 3897 3898
f 3891 3898 3892
f 3892 3898 3899
f 3892 3899 3893
f 3893 3899 3900
f 3893 3900 3894
f 3894 3900 3901
f 3894 3901 3895
f 3895 3901 3902
f 3895 3902 3896
f 3896 3902 3903
f 3896 3903 3340
f 3340 3903 3338
f 3897 3904 3898
f 3898 3904 3905
f 3898 3905 3899
f 3899 3905 3906
f 3899 3906 3900
f 3900 3906 3907
f 3900 3907 3901
f 3901 3907 3908
f 3901 3908 3902
f 3902 3908 3909
f 3902 3909 3903
f 3903 3909 3910
f 3903 3910 3338
f 3338 3910 3336
f 3905 3904 3911
f 3911 3904 3912
f 3911 3912 3913
f 3913 3912 3914
f 3913 3914 3915
f 3915 3914 3916
f 3915 3916 3917
f 3917 3916 3918
f 3917 3918 3919
f 3919 3918 3920
f 3919 3920 3921
f 3921 3920 3922
f 3921 3922 3293
f 3293 3922 3291
f 3290 3923 3288
f 3288 3923 3924
f 3288 3924 3286
f 3286 3924 3925
f 3286 3925 3284
f 3284 3925 3926
f 3284 3926 3282
f 3282 3926 3927
f 3282 3927 3280
f 3280 3927 3689
f 3280 3689 3278
f 3923 3928 3924
f 3924 3928 3929
f 3924 3929 3925
f 3925 3929 3930
f 3925 3930 3926
f 3926 3930 3931
f 3926 3931 3927
f 3927 3931 3687
f 3927 3687 3689
f 3928 3932 3929
f 3929 3932 3933
f 3929 3933 3930
f 3930 3933 3934
f 3930 3934 3931
f 3931 3934 3685
f 3931 3685 3687
f 3932 3935 3933
f 3933 3935 3936
f 3933 3936 3934
f 3934 3936 3683
f 3934 3683 3685
f 3935 3937 3936
f 3936 3937 3681
f 3936 3681 3683
f 3937 3679 3681
f 3665 3617 3663
f 3663 3617 3614
f 3663 3614 3612
f 3704 3703 3938
f 3938 3703 3260
f 3938 3260 3939
f 3939 3260 3262
f 3939 3262 3940
f 3940 3262 3264
f 3940 3264 3941
f 3941 3264 3266
f 3941 3266 3942
f 3942 3266 3268
f 3942 3268 3943
f 3943 3268 3270
f 3943 3270 3944
f 3944 3270 3272
f 3944 3272 3945
f 3945 3272 3274
f 3945 3274 3690
f 3690 3274 3276
f 3706 3704 3946
f 3946 3704 3938
f 3946 3938 3947
f 3947 3938 3939
f 3947 3939 3948
f 3948 3939 3940
f 3948 3940 3949
f 3949 3940 3941
f 3949 3941 3950
f 3950 3941 3942
f 3950 3942 3951
f 3951 3942 3943
f 3951 3943 3952
f 3952 3943 3944
f 3952 3944 3953
f 3953 3944 3945
f 3953 3945 3688
f 3688 3945 3690
f 3708 3706 3954
f 3954 3706 3946
f 3954 3946 3955
f 3955 3946 3947
f 3955 3947 3956
f 3956 3947 3948
f 3956 3948 3957
f 3957 3948 3949
f 3957 3949 3958
f 3958 3949 3950
f 3958 3950 3959
f 3959 3950 3951
f 3959 3951 3960
f 3960 3951 3952
f 3960 3952 3961
f 3961 3952 3953
f 3961 3953 3686
f 3686 3953 3688
f 3710 3708 3962
f 3962 3708 3954
f 3962 3954 3963
f 3963 3954 3955
f 3963 3955 3964
f 3964 3955 3956
f 3964 3956 3965
f 3965 3956 3957
f 3965 3957 3966
f 3966 3957 3958
f 3966 3958 3967
f 3967 3958 3959
f 3967 3959 3968
f 3968 3959 3960
f 3968 3960 3969
f 3969 3960 3961
f 3969 3961 3684
f 3684 3961 3686
f 3662 3710 3970
f 3970 3710 3962
f 3970 3962 3971
f 3971 3962 3963
f 3971 3963 3972
f 3972 3963 3964
f 3972 3964 3973
f 3973 3964 3965
f 3973 3965 3974
f 3974 3965 3966
f 3974 3966 3975
f 3975 3966 3967
f 3975 3967 3976
f 3976 3967 3968
f 3976 3968 3977
f 3977 3968 3969
f 3977 3969 3682
f 3682 3969 3684
f 3666 3664 3970
f 3970 3664 3662
f 3666 3970 3971
f 3668 3666 3971
f 3668 3971 3972
f 3670 3668 3972
f 3670 3972 3973
f 3672 3670 3973
f 3672 3973 3974
f 3674 3672 3974
f 3674 3974 3975
f 3676 3674 3975
f 3676 3975 3976
f 3678 3676 3976
f 3678 3976 3977
f 3680 3678 3977
f 3680 3977 3682
f 3303 3305 3978
f 3978 3305 3336
f 3978 3336 3910
f 3301 3303 3979
f 3979 3303 3978
f 3979 3978 3980
f 3980 3978 3910
f 3980 3910 3909
f 3299 3301 3981
f 3981 3301 3979
f 3981 3979 3982
f 3982 3979 3980
f 3982 3980 3983
f 3983 3980 3909
f 3983 3909 3908
f 3297 3299 3984
f 3984 3299 3981
f 3984 3981 3985
f 3985 3981 3982
f 3985 3982 3986
f 3986 3982 3983
f 3986 3983 3987
f 3987 3983 3908
f 3987 3908 3907
f 3921 3293 3295
f 3295 3297 3988
f 3988 3297 3984
f 3988 3984 3989
f 3989 3984 3985
f 3989 3985 3990
f 3990 3985 3986
f 3990 3986 3991
f 3991 3986 3987
f 3991 3987 3992
f 3992 3987 3907
f 3992 3907 3906
f 3919 3921 3988
f 3988 3921 3295
f 3919 3988 3989
f 3917 3919 3989
f 3917 3989 3990
f 3915 3917 3990
f 3915 3990 3991
f 3913 3915 3991
f 3913 3991 3992
f 3911 3913 3992
f 3911 3992 3906
f 3905 3911 3906
f 3480 3482 3839
f 3839 3482 3993
f 3839 3993 3837
f 3837 3993 3994
f 3837 3994 3835
f 3835 3994 3995
f 3835 3995 3833
f 3833 3995 3996
f 3833 3996 3831
f 3831 3996 3997
f 3831 3997 3829
f 3829 3997 3827
f 3482 3484 3993
f 3993 3484 3998
f 3993 3998 3994
f 3994 3998 3999
f 3994 3999 3995
f 3995 3999 4000
f 3995 4000 3996
f 3996 4000 4001
f 3996 4001 3997
f 3997 4001 4002
f 3997 4002 3827
f 3827 4002 3825
f 3484 3486 3998
f 3998 3486 4003
f 3998 4003 3999
f 3999 4003 4004
f 3999 4004 4000
f 4000 4004 4005
f 4000 4005 4001
f 4001 4005 4006
f 4001 4006 4002
f 4002 4006 4007
f 4002 4007 3825
f 3825 4007 3823
f 3486 3488 4003
f 4003 3488 4008
f 4003 4008 4004
f 4004 4008 4009
f 4004 4009 4005
f 4005 4009 4010
f 4005 4010 4006
f 4006 4010 4011
f 4006 4011 4007
f 4007 4011 4012
f 4007 4012 3823
f 3823 4012 3821
f 3488 3490 4008
f 4008 3490 4013
f 4008 4013 4009
f 4009 4013 4014
f 4009 4014 4010
f 4010 4014 4015
f 4010 4015 4011
f 4011 4015 4016
f 4011 4016 4012
f 4012 4016 4017
f 4012 4017 3821
f 3821 4017 3819
f 3490 3492 4013
f 4013 3492 4018
f 4013 4018 4014
f 4014 4018 4019
f 4014 4019 4015
f 4015 4019 4020
f 4015 4020 4016
f 4016 4020 4021
f 4016 4021 4017
f 4017 4021 4022
f 4017 4022 3819
f 3819 4022 3817
f 3492 3494 4018
f 4018 3494 4023
f 4018 4023 4019
f 4019 4023 4024
f 4019 4024 4020
f 4020 4024 4025
f 4020 4025 4021
f 4021 4025 4026
f 4021 4026 4022
f 4022 4026 4027
f 4022 4027 3817
f 3817 4027 3815
f 3494 3496 4023
f 4023 3496 3814
f 4023 3814 4024
f 4024 3814 3813
f 4024 3813 4025
f 4025 3813 3812
f 4025 3812 4026
f 4026 3812 3811
f 4026 3811 4027
f 4027 3811 3810
f 4027 3810 3815
f 3815 3810 3809
f 3535 3537 4028
f 4028 3537 3568
f 4028 3568 3760
f 3533 3535 4029
f 4029 3535 4028
f 4029 4028 4030
f 4030 4028 3760
f 4030 3760 3759
f 3531 3533 4031
f 4031 3533 4029
f 4031 4029 4032
f 4032 4029 4030
f 4032 4030 4033
f 4033 4030 3759
f 4033 3759 3758
f 3529 3531 4034
f 4034 3531 4031
f 4034 4031 4035
f 4035 4031 4032
f 4035 4032 4036
f 4036 4032 4033
f 4036 4033 4037
f 4037 4033 3758
f 4037 3758 3757
f 3771 3525 3527
f 3527 3529 4038
f 4038 3529 4034
f 4038 4034 4039
f 4039 4034 4035
f 4039 4035 4040
f 4040 4035 4036
f 4040 4036 4041
f 4041 4036 4037
f 4041 4037 4042
f 4042 4037 3757
f 4042 3757 3756
f 3769 3771 4038
f 4038 3771 3527
f 3769 4038 4039
f 3767 3769 4039
f 3767 4039 4040
f 3765 3767 4040
f 3765 4040 4041
f 3763 3765 4041
f 3763 4041 4042
f 3761 3763 4042
f 3761 4042 3756
f 3755 3761 3756
f 3695 3701 3696
f 3696 3701 3658
f 3701 3659 3658
f 3700 3699 3705
f 3705 3699 3698
f 3702 3700 3707
f 3707 3700 3705
f 3660 3702 3709
f 3709 3702 3707
f 3709 3661 3660
f 4043 4044 4045
f 4045 4044 4046
f 4045 4046 4047
f 4048 4049 4043
f 4043 4049 4050
f 4043 4050 4051
f 4051 4052 4043
f 4043 4052 4053
f 4043 4053 4054
f 4054 4055 4043
f 4043 4055 4056
f 4043 4056 4057
f 4058 4059 4055
f 4055 4059 4060
f 4055 4060 4061
f 4062 4063 4058
f 4058 4063 4064
f 4058 4064 4065
f 4062 4066 4063
f 4063 4066 4067
f 4063 4067 4068
f 4068 4069 4063
f 4063 4069 4070
f 4063 4070 4071
f 4072 4073 4063
f 4063 4073 4074
f 4063 4074 4064
f 4075 4076 4072
f 4072 4076 4077
f 4072 4077 4078
f 4078 4079 4072
f 4072 4079 4080
f 4072 4080 4081
f 4081 4082 4072
f 4072 4082 4083
f 4072 4083 4084
f 4085 4086 4082
f 4082 4086 4087
f 4082 4087 4088
f 4089 4045 4085
f 4085 4045 4090
f 4085 4090 4091
f 4089 4092 4045
f 4045 4092 4093
f 4045 4093 4094
f 4094 4095 4045
f 4045 4095 4096
f 4045 4096 4097
f 4091 4098 4085
f 4085 4098 4086
f 4088 4083 4082
f 4084 4099 4072
f 4072 4099 4073
f 4065 4100 4058
f 4058 4100 4059
f 4061 4056 4055
f 4057 4101 4043
f 4043 4101 4102
f 4043 4102 4044
f 4047 4090 4045
f 4103 2080 4104
f 4104 2080 2101
f 909 910 4105
f 4105 910 911
f 4105 911 4106
f 4106 911 912
f 3711 4107 3600
f 3600 4107 3598
f 3598 4107 4108
f 3598 4108 1267
f 1267 4108 4109
f 1267 4109 4110
f 1267 4110 1265
f 1265 4110 4111
f 1265 4111 1263
f 1263 4111 4112
f 1263 4112 1261
f 1261 4112 4113
f 1261 4113 1259
f 1259 4113 4114
f 1259 4114 4115
f 1259 4115 3665
f 3665 4115 4116
f 3665 4116 3617
f 3617 4116 3618
f 3665 3667 1259
f 1259 3667 1257
f 1257 3667 3669
f 1257 3669 1255
f 1255 3669 1137
f 1255 1137 1139
f 3669 3671 1137
f 1137 3671 1135
f 1135 3671 3673
f 1135 3673 1133
f 1133 3673 3675
f 1133 3675 1131
f 1131 3675 1129
f 1129 3675 3677
f 1129 3677 1127
f 1127 3677 1125
f 1125 3677 3679
f 1125 3679 1123
f 1123 3679 1121
f 1121 3679 3937
f 1121 3937 1119
f 1119 3937 1117
f 1117 3937 3935
f 1117 3935 1115
f 1115 3935 3932
f 1115 3932 1114
f 1114 3932 1112
f 1112 3932 3928
f 1112 3928 1110
f 1110 3928 3923
f 1110 3923 1243
f 1243 3923 1241
f 1241 3923 3290
f 1241 3290 3291
f 1241 3291 1239
f 1239 3291 3922
f 1239 3922 1237
f 1237 3922 3920
f 1237 3920 1235
f 1235 3920 3918
f 1235 3918 1233
f 1233 3918 3916
f 1233 3916 3914
f 1233 3914 1231
f 1231 3914 3912
f 1231 3912 1229
f 1229 3912 3904
f 1229 3904 1227
f 1227 3904 3897
f 1227 3897 1286
f 1286 3897 1288
f 1288 3897 3890
f 1288 3890 1290
f 1290 3890 3883
f 1290 3883 1292
f 1292 3883 1294
f 1294 3883 3876
f 1294 3876 1296
f 1296 3876 1298
f 1298 3876 3869
f 1298 3869 1300
f 1300 3869 3862
f 1300 3862 1302
f 1302 3862 1304
f 1304 3862 3364
f 1304 3364 1305
f 1305 3364 1307
f 1307 3364 3366
f 1307 3366 1309
f 1309 3366 3368
f 1309 3368 1311
f 1311 3368 1313
f 1313 3368 3370
f 1313 3370 1210
f 1210 3370 1208
f 1208 3370 3372
f 1208 3372 1206
f 1206 3372 3374
f 1206 3374 4117
f 4117 3374 3376
f 4117 3376 4118
f 4118 3376 3378
f 4118 3378 4119
f 4119 3378 4120
f 4120 3378 4121
f 4121 3378 3380
f 4121 3380 4122
f 4122 3380 4123
f 4123 3380 4124
f 4124 3380 2402
f 2402 3380 2401
f 2401 3380 3861
f 2401 3861 2399
f 2399 3861 2396
f 2396 3861 2394
f 2394 3861 3859
f 2394 3859 4125
f 4125 3859 3856
f 4125 3856 1196
f 1196 3856 3852
f 1196 3852 1194
f 1194 3852 3847
f 1194 3847 1193
f 1193 3847 1369
f 1193 1369 1371
f 3847 3841 1369
f 1369 3841 1367
f 1367 3841 1365
f 1365 3841 3828
f 1365 3828 1363
f 1363 3828 3826
f 1363 3826 1361
f 1361 3826 1360
f 1360 3826 3824
f 1360 3824 1358
f 1358 3824 1356
f 1356 3824 3822
f 1356 3822 1354
f 1354 3822 3820
f 1354 3820 1352
f 1352 3820 1350
f 1350 3820 3818
f 1350 3818 1348
f 1348 3818 1346
f 1346 3818 3816
f 1346 3816 1344
f 1344 3816 3808
f 1344 3808 1342
f 1342 3808 1176
f 1342 1176 1340
f 1340 1176 1338
f 1338 1176 1178
f 1338 1178 1336
f 1336 1178 1180
f 1336 1180 1334
f 1334 1180 1332
f 1332 1180 1182
f 3808 3801 1176
f 1176 3801 1174
f 1174 3801 3794
f 1174 3794 1172
f 1172 3794 3787
f 1172 3787 1170
f 1170 3787 3780
f 1170 3780 3773
f 1170 3773 1168
f 1168 3773 3522
f 1168 3522 1166
f 1166 3522 3523
f 1166 3523 1164
f 1164 3523 3772
f 1164 3772 1162
f 1162 3772 3770
f 1162 3770 3768
f 3766 1421 3768
f 3768 1421 1160
f 3768 1160 1162
f 1421 3766 1419
f 1419 3766 3764
f 1419 3764 1418
f 1418 3764 1416
f 1416 3764 3762
f 1416 3762 1414
f 1414 3762 3754
f 1414 3754 1412
f 1412 3754 1410
f 1410 3754 3747
f 1410 3747 1408
f 1408 3747 1406
f 1406 3747 3740
f 1406 3740 1404
f 1404 3740 1402
f 1402 3740 3733
f 1402 3733 1400
f 1400 3733 1398
f 1398 3733 3726
f 1398 3726 1396
f 1396 3726 3719
f 1396 3719 1394
f 1394 3719 3712
f 1394 3712 1271
f 1271 3712 1269
f 1269 3712 3596
f 1269 3596 1267
f 1267 3596 3598
f 4117 4126 1206
f 1206 4126 1204
f 1204 4126 4127
f 1204 4127 1202
f 1202 4127 4128
f 1202 4128 4129
f 4129 4130 1202
f 1202 4130 1200
f 1200 4130 4131
f 1200 4131 4132
f 1200 4132 1198
f 1198 4132 4133
f 1198 4133 1196
f 1196 4133 4125
f 1222 1223 1276
f 1276 1223 1278
f 1278 1223 1280
f 1280 1223 1225
f 1280 1225 1282
f 1282 1225 1227
f 1282 1227 1284
f 1284 1227 1286
f 1245 1106 1243
f 1243 1106 1108
f 1243 1108 1110
f 1106 1245 1104
f 1104 1245 1247
f 1104 1247 1102
f 1102 1247 1100
f 1100 1247 1098
f 1139 1141 1255
f 1255 1141 1253
f 1253 1141 1142
f 1253 1142 1251
f 1251 1142 1144
f 1251 1144 1089
f 1089 1091 1251
f 1273 1391 1271
f 1271 1391 1392
f 1271 1392 1394
f 1391 1273 1389
f 1389 1273 1146
f 1389 1146 1387
f 1387 1146 1385
f 1385 1146 1148
f 1421 1423 1160
f 1160 1423 1425
f 1160 1425 1158
f 1158 1425 1427
f 1158 1427 1156
f 1156 1427 1429
f 1156 1429 1379
f 1379 1154 1156
f 1371 1373 1193
f 1193 1373 1191
f 1191 1373 1375
f 1191 1375 1377
f 1191 1377 1189
f 1189 1377 1327
f 1189 1327 1187
f 1212 1317 1210
f 1210 1317 1315
f 1210 1315 1313
f 1214 1321 1212
f 1212 1321 1319
f 1212 1319 1317
f 1216 1323 1214
f 1214 1323 1321
f 4134 4135 4136
f 4136 4135 4137
f 4136 4137 4138
f 4139 4140 4135
f 4135 4140 4141
f 4135 4141 4142
f 4143 4144 4139
f 4139 4144 4145
f 4139 4145 4146
f 4147 4148 4144
f 4144 4148 4149
f 4144 4149 4150
f 4151 4152 4147
f 4147 4152 4153
f 4147 4153 4154
f 4136 4155 4151
f 4151 4155 4156
f 4151 4156 4157
f 4150 4158 4144
f 4144 4158 4159
f 4144 4159 4160
f 4160 4161 4144
f 4144 4161 4145
f 4146 4162 4139
f 4139 4162 4163
f 4139 4163 4140
f 4142 4137 4135
f 4138 4164 4136
f 4136 4164 4165
f 4136 4165 4166
f 4166 4167 4136
f 4136 4167 4168
f 4136 4168 4169
f 4169 4155 4136
f 4157 4170 4151
f 4151 4170 4171
f 4151 4171 4172
f 4172 4173 4151
f 4151 4173 4174
f 4151 4174 4175
f 4175 4176 4151
f 4151 4176 4177
f 4151 4177 4152
f 4154 4178 4147
f 4147 4178 4179
f 4147 4179 4180
f 4180 4181 4147
f 4147 4181 4182
f 4147 4182 4183
f 4183 4184 4147
f 4147 4184 4185
f 4147 4185 4148
f 1924 4186 4187
f 4187 4186 4188
f 4187 4188 4189
f 1924 1926 4186
f 4186 1926 1928
f 4186 1928 1930
f 1930 1932 4186
f 4186 1932 1934
f 4186 1934 1936
f 1936 4190 4186
f 4186 4190 4191
f 4191 4190 4192
f 4191 4192 4193
f 4193 4194 4191
f 4191 4194 4195
f 4191 4195 4196
f 4196 4197 4191
f 4191 4197 4198
f 4191 4198 4199
f 4199 4198 4200
f 4200 4198 4201
f 4201 4198 4202
f 4202 4198 4203
f 4203 4198 4204
f 4204 4198 4205
f 4205 4198 4206
f 4206 4198 4207
f 4206 4207 4208
f 4208 4207 4209
f 4209 4207 4210
f 4210 4207 4211
f 4211 4207 4212
f 4212 4207 4213
f 4212 4213 4214
f 4214 4213 4215
f 4215 4213 4216
f 4216 4213 4217
f 4217 4213 4218
f 4217 4218 4219
f 4219 4218 4220
f 4220 4218 4221
f 4221 4218 4222
f 4222 4218 4223
f 4223 4218 4224
f 4223 4224 4225
f 4225 4224 4226
f 4226 4224 4227
f 4227 4224 4228
f 4228 4224 4229
f 4229 4224 4187
f 4229 4187 4230
f 4230 4187 4231
f 4231 4187 4232
f 4232 4187 4233
f 4233 4187 4234
f 4234 4187 4189
f 4207 4235 4213
f 4218 4236 4224
f 4237 4238 4239
f 4239 4238 4240
f 4239 4240 4241
f 4242 4243 4238
f 4238 4243 4244
f 4238 4244 4245
f 4246 4247 4242
f 4242 4247 4248
f 4242 4248 4249
f 4250 4251 4247
f 4247 4251 4252
f 4247 4252 4253
f 4254 4255 4250
f 4250 4255 4256
f 4250 4256 4257
f 4239 4258 4254
f 4254 4258 4259
f 4254 4259 4260
f 4245 4261 4238
f 4238 4261 4240
f 4241 4262 4239
f 4239 4262 4263
f 4239 4263 4264
f 4264 4265 4239
f 4239 4265 4266
f 4239 4266 4258
f 4260 4267 4254
f 4254 4267 4268
f 4254 4268 4269
f 4269 4270 4254
f 4254 4270 4271
f 4254 4271 4272
f 4272 4273 4254
f 4254 4273 4274
f 4254 4274 4255
f 4257 4275 4250
f 4250 4275 4276
f 4250 4276 4277
f 4277 4278 4250
f 4250 4278 4279
f 4250 4279 4280
f 4280 4281 4250
f 4250 4281 4282
f 4250 4282 4251
f 4253 4283 4247
f 4247 4283 4284
f 4247 4284 4285
f 4285 4286 4247
f 4247 4286 4287
f 4247 4287 4248
f 4249 4288 4242
f 4242 4288 4243
f 4289 4290 4291
f 4291 4290 2680
f 4291 2680 2682
f 4292 2674 4290
f 4290 2674 2676
f 4290 2676 2678
f 4293 4294 4292
f 4292 4294 2668
f 4292 2668 2670
f 4295 2640 4294
f 4294 2640 2642
f 4294 2642 2644
f 4296 2606 4295
f 4295 2606 2608
f 4295 2608 2610
f 4291 2572 4296
f 4296 2572 2574
f 4296 2574 2576
f 2576 2578 4296
f 4296 2578 2580
f 4296 2580 2582
f 2582 2584 4296
f 4296 2584 2586
f 4296 2586 2588
f 2588 2590 4296
f 4296 2590 2592
f 4296 2592 2594
f 2594 2596 4296
f 4296 2596 2598
f 4296 2598 2600
f 2600 2602 4296
f 4296 2602 2604
f 4296 2604 2606
f 2610 2612 4295
f 4295 2612 2614
f 4295 2614 2616
f 2616 2618 4295
f 4295 2618 2620
f 4295 2620 2622
f 2622 2624 4295
f 4295 2624 2626
f 4295 2626 2628
f 2628 2630 4295
f 4295 2630 2632
f 4295 2632 2634
f 2634 2636 4295
f 4295 2636 2638
f 4295 2638 2640
f 2644 2646 4294
f 4294 2646 2648
f 4294 2648 2650
f 2650 2652 4294
f 4294 2652 2654
f 4294 2654 2656
f 2656 2658 4294
f 4294 2658 2660
f 4294 2660 2662
f 2662 2664 4294
f 4294 2664 2666
f 4294 2666 2668
f 2670 2672 4292
f 4292 2672 2674
f 2678 2680 4290
f 2682 2684 4291
f 4291 2684 2686
f 4291 2686 2688
f 2688 2690 4291
f 4291 2690 2692
f 4291 2692 2694
f 2694 2696 4291
f 4291 2696 2698
f 4291 2698 2700
f 2700 2702 4291
f 4291 2702 2704
f 4291 2704 2570
f 2570 2572 4291
f 4297 4298 4299
f 4299 4298 4300
f 4301 4302 4303
f 4303 4302 4304
f 4305 4306 4307
f 4307 4306 4308
f 4309 4310 4311
f 4311 4310 4312
f 4313 4314 4315
f 4315 4314 4316
f 4317 4318 4319
f 4319 4318 4320
f 4321 4322 4323
f 4323 4322 4324
f 4325 4326 4327
f 4327 4326 4328
f 4329 4311 4330
f 4330 4311 4312
f 4330 4312 4331
f 4331 4312 4332
f 4331 4332 4333
f 4333 4332 4334
f 4333 4334 4335
f 4335 4334 4336
f 4335 4336 4337
f 4337 4336 4338
f 4337 4338 4339
f 4339 4338 4340
f 4339 4340 4341
f 4341 4340 4342
f 4341 4342 4343
f 4343 4342 4344
f 4343 4344 4345
f 4345 4344 4346
f 4345 4346 4306
f 4306 4305 4345
f 4345 4305 4347
f 4345 4347 4343
f 4343 4347 4348
f 4343 4348 4341
f 4341 4348 4349
f 4341 4349 4339
f 4339 4349 4350
f 4339 4350 4337
f 4337 4350 4351
f 4337 4351 4335
f 4335 4351 4352
f 4335 4352 4333
f 4333 4352 4353
f 4333 4353 4331
f 4331 4353 4330
f 4305 4354 4347
f 4347 4354 4348
f 4354 4355 4348
f 4348 4355 4349
f 4355 4356 4349
f 4349 4356 4350
f 4356 4357 4350
f 4350 4357 4351
f 4357 4358 4351
f 4351 4358 4352
f 4358 4359 4352
f 4352 4359 4353
f 4359 4360 4353
f 4353 4360 4330
f 4360 4329 4330
f 4361 4319 4362
f 4362 4319 4320
f 4362 4320 4363
f 4363 4320 4364
f 4363 4364 4365
f 4365 4364 4366
f 4365 4366 4367
f 4367 4366 4368
f 4367 4368 4369
f 4369 4368 4370
f 4369 4370 4371
f 4371 4370 4372
f 4371 4372 4373
f 4373 4372 4374
f 4373 4374 4375
f 4375 4374 4376
f 4375 4376 4377
f 4377 4376 4378
f 4377 4378 4313
f 4313 4315 4377
f 4377 4315 4379
f 4377 4379 4375
f 4375 4379 4380
f 4375 4380 4373
f 4373 4380 4381
f 4373 4381 4371
f 4371 4381 4382
f 4371 4382 4369
f 4369 4382 4383
f 4369 4383 4367
f 4367 4383 4384
f 4367 4384 4365
f 4365 4384 4385
f 4365 4385 4363
f 4363 4385 4362
f 4315 4386 4379
f 4379 4386 4380
f 4386 4387 4380
f 4380 4387 4381
f 4387 4388 4381
f 4381 4388 4382
f 4388 4389 4382
f 4382 4389 4383
f 4389 4390 4383
f 4383 4390 4384
f 4390 4391 4384
f 4384 4391 4385
f 4391 4392 4385
f 4385 4392 4362
f 4392 4361 4362
f 4393 4328 4394
f 4394 4328 4326
f 4394 4326 4395
f 4395 4326 4396
f 4395 4396 4397
f 4397 4396 4398
f 4397 4398 4399
f 4399 4398 4400
f 4399 4400 4401
f 4401 4400 4402
f 4401 4402 4403
f 4403 4402 4404
f 4403 4404 4405
f 4405 4404 4406
f 4405 4406 4407
f 4407 4406 4408
f 4407 4408 4409
f 4409 4408 4410
f 4409 4410 4322
f 4322 4321 4409
f 4409 4321 4411
f 4409 4411 4407
f 4407 4411 4412
f 4407 4412 4405
f 4405 4412 4413
f 4405 4413 4403
f 4403 4413 4414
f 4403 4414 4401
f 4401 4414 4415
f 4401 4415 4399
f 4399 4415 4416
f 4399 4416 4397
f 4397 4416 4417
f 4397 4417 4395
f 4395 4417 4394
f 4321 4418 4411
f 4411 4418 4412
f 4418 4419 4412
f 4412 4419 4413
f 4419 4420 4413
f 4413 4420 4414
f 4420 4421 4414
f 4414 4421 4415
f 4421 4422 4415
f 4415 4422 4416
f 4422 4423 4416
f 4416 4423 4417
f 4423 4424 4417
f 4417 4424 4394
f 4424 4393 4394
f 4425 4303 4426
f 4426 4303 4304
f 4426 4304 4427
f 4427 4304 4428
f 4427 4428 4429
f 4429 4428 4430
f 4429 4430 4431
f 4431 4430 4432
f 4431 4432 4433
f 4433 4432 4434
f 4433 4434 4435
f 4435 4434 4436
f 4435 4436 4437
f 4437 4436 4438
f 4437 4438 4439
f 4439 4438 4440
f 4439 4440 4441
f 4441 4440 4442
f 4441 4442 4298
f 4298 4297 4441
f 4441 4297 4443
f 4441 4443 4439
f 4439 4443 4444
f 4439 4444 4437
f 4437 4444 4445
f 4437 4445 4435
f 4435 4445 4446
f 4435 4446 4433
f 4433 4446 4447
f 4433 4447 4431
f 4431 4447 4448
f 4431 4448 4429
f 4429 4448 4449
f 4429 4449 4427
f 4427 4449 4426
f 4297 4450 4443
f 4443 4450 4444
f 4450 4451 4444
f 4444 4451 4445
f 4451 4452 4445
f 4445 4452 4446
f 4452 4453 4446
f 4446 4453 4447
f 4453 4454 4447
f 4447 4454 4448
f 4454 4455 4448
f 4448 4455 4449
f 4455 4456 4449
f 4449 4456 4426
f 4456 4425 4426
f 308 306 2406
f 2406 306 304
f 2406 304 2404
f 2404 304 344
f 2404 344 2438
f 2438 344 342
f 2438 342 2436
f 2436 342 340
f 2436 340 2434
f 2434 340 338
f 2434 338 2432
f 2432 338 336
f 2432 336 2430
f 2430 336 334
f 2430 334 332
f 2430 332 2428
f 2428 332 330
f 2428 330 2426
f 2426 330 328
f 2426 328 2424
f 2424 328 326
f 2424 326 2422
f 2422 326 324
f 2422 324 2420
f 2420 324 322
f 2420 322 2418
f 2418 322 320
f 2418 320 318
f 2418 318 2416
f 2416 318 316
f 2416 316 2414
f 2414 316 314
f 2414 314 2412
f 2412 314 312
f 2412 312 2410
f 2410 312 310
f 2410 310 2408
f 2408 310 308
f 2408 308 2406
f 4457 3173 4299
f 4299 3173 3174
f 4299 3174 3175
f 4458 4459 4457
f 4457 4459 3172
f 4457 3172 3173
f 4458 4460 4459
f 4459 4460 4461
f 4459 4461 4462
f 4462 4463 4459
f 3172 4459 3171
f 3171 4459 4464
f 3171 4464 3170
f 3170 4464 4465
f 3170 4465 4466
f 3170 4466 3191
f 3191 4466 4467
f 3191 4467 4468
f 3191 4468 3190
f 3190 4468 4469
f 3190 4469 3189
f 3189 4469 4470
f 3189 4470 4471
f 3189 4471 3188
f 3188 4471 4472
f 3188 4472 4473
f 4474 4475 4473
f 4473 4475 4476
f 4473 4476 4477
f 4477 4478 4473
f 4473 4478 4479
f 4473 4479 3186
f 3186 4479 3185
f 3185 4479 4301
f 3185 4301 3184
f 3184 4301 3183
f 3183 4301 4303
f 3183 4303 3182
f 3182 4303 4425
f 3182 4425 3181
f 3181 4425 4456
f 3181 4456 3180
f 3180 4456 4455
f 3180 4455 4454
f 3180 4454 3179
f 3179 4454 4453
f 3179 4453 4452
f 3179 4452 3178
f 3178 4452 4451
f 3178 4451 3177
f 3177 4451 4450
f 3177 4450 4297
f 4299 3175 4297
f 4297 3175 3176
f 4297 3176 3177
f 3186 3187 4473
f 4473 3187 3188
f 4480 3201 4307
f 4307 3201 3202
f 4307 3202 3203
f 4481 4482 4480
f 4480 4482 3200
f 4480 3200 3201
f 4481 4483 4482
f 4482 4483 4484
f 4482 4484 4485
f 4485 4486 4482
f 4487 3198 4482
f 4482 3198 3199
f 4482 3199 3200
f 4487 4488 3198
f 3198 4488 3197
f 3197 4488 4489
f 3197 4489 4490
f 3197 4490 3196
f 3196 4490 4491
f 3196 4491 3195
f 3195 4491 4492
f 3195 4492 4493
f 3195 4493 3194
f 3194 4493 4494
f 3194 4494 4495
f 3194 4495 3193
f 3193 4495 4496
f 3193 4496 3192
f 3192 4496 4497
f 3192 4497 3213
f 3213 4497 4309
f 3213 4309 3212
f 3212 4309 3211
f 3211 4309 4311
f 3211 4311 3210
f 3210 4311 3209
f 3209 4311 4329
f 3209 4329 4360
f 4498 4499 4496
f 4496 4499 4500
f 4496 4500 4501
f 4501 4502 4496
f 4496 4502 4497
f 3209 4360 3208
f 3208 4360 4359
f 3208 4359 3207
f 3207 4359 4358
f 3207 4358 4357
f 3207 4357 3206
f 3206 4357 4356
f 3206 4356 4355
f 3206 4355 3205
f 3205 4355 4354
f 3205 4354 3204
f 3204 4354 4305
f 3204 4305 3203
f 3203 4305 4307
f 4503 3228 4316
f 4316 3228 3229
f 4316 3229 3230
f 4504 4505 4503
f 4503 4505 3227
f 4503 3227 3228
f 4504 4506 4505
f 4505 4506 4507
f 4505 4507 4508
f 4508 4509 4505
f 3227 4505 3226
f 3226 4505 4510
f 3226 4510 3225
f 3225 4510 4511
f 3225 4511 4512
f 3225 4512 3224
f 3224 4512 4513
f 3224 4513 4514
f 3224 4514 3223
f 3223 4514 4515
f 3223 4515 3222
f 3222 4515 4516
f 3222 4516 4517
f 3222 4517 3221
f 3221 4517 4518
f 3221 4518 4519
f 4520 4521 4519
f 4519 4521 4522
f 4519 4522 4523
f 4523 4524 4519
f 4519 4524 4525
f 4519 4525 3219
f 3219 4525 3218
f 3218 4525 4317
f 3218 4317 3217
f 3217 4317 3216
f 3216 4317 4319
f 3216 4319 3215
f 3215 4319 4361
f 3215 4361 3214
f 3214 4361 4392
f 3214 4392 3235
f 3235 4392 4391
f 3235 4391 4390
f 3235 4390 3234
f 3234 4390 4389
f 3234 4389 4388
f 3234 4388 3233
f 3233 4388 4387
f 3233 4387 3232
f 3232 4387 4386
f 3232 4386 4315
f 4316 3230 4315
f 4315 3230 3231
f 4315 3231 3232
f 3219 3220 4519
f 4519 3220 3221
f 4526 3256 4323
f 4323 3256 3257
f 4323 3257 3236
f 4527 4528 4526
f 4526 4528 3255
f 4526 3255 3256
f 4527 4529 4528
f 4528 4529 4530
f 4528 4530 4531
f 4531 4532 4528
f 4533 3253 4528
f 4528 3253 3254
f 4528 3254 3255
f 4533 4534 3253
f 3253 4534 3252
f 3252 4534 4535
f 3252 4535 4536
f 3252 4536 3251
f 3251 4536 4537
f 3251 4537 3250
f 3250 4537 4538
f 3250 4538 4539
f 3250 4539 3249
f 3249 4539 4540
f 3249 4540 4541
f 3249 4541 3248
f 3248 4541 4542
f 3248 4542 3247
f 3247 4542 4543
f 3247 4543 3246
f 3246 4543 4327
f 3246 4327 3245
f 3245 4327 3244
f 3244 4327 4328
f 3244 4328 3243
f 3243 4328 3242
f 3242 4328 4393
f 3242 4393 4424
f 4544 4545 4542
f 4542 4545 4546
f 4542 4546 4547
f 4547 4548 4542
f 4542 4548 4543
f 3242 4424 3241
f 3241 4424 4423
f 3241 4423 3240
f 3240 4423 4422
f 3240 4422 4421
f 3240 4421 3239
f 3239 4421 4420
f 3239 4420 4419
f 3239 4419 3238
f 3238 4419 4418
f 3238 4418 3237
f 3237 4418 4321
f 3237 4321 3236
f 3236 4321 4323
f 4549 1951 4550
f 4550 1951 1949
f 4550 1949 4551
f 4551 1949 1947
f 4551 1947 1945
f 1951 4549 1953
f 1953 4549 4552
f 1953 4552 1955
f 1955 4552 3269
f 1955 3269 1957
f 1957 3269 3267
f 1957 3267 1959
f 1959 3267 1961
f 1961 3267 3265
f 1961 3265 1963
f 1963 3265 1965
f 1965 3265 1967
f 1967 3265 3263
f 1967 3263 1969
f 1969 3263 1971
f 1971 3263 3261
f 1971 3261 1973
f 1973 3261 1975
f 1975 3261 4553
f 1975 4553 4554
f 3269 4552 3271
f 3271 4552 4555
f 3271 4555 4556
f 3271 4556 3273
f 3273 4556 4557
f 3273 4557 3275
f 3275 4557 4558
f 3275 4558 4559
f 3275 4559 3308
f 3308 4559 4560
f 3308 4560 3315
f 3315 4560 4561
f 3315 4561 4562
f 3315 4562 3321
f 3321 4562 4563
f 3321 4563 3326
f 3326 4563 4564
f 3326 4564 3330
f 3330 4564 4565
f 3330 4565 3333
f 3333 4565 3335
f 3335 4565 3306
f 3306 4565 3307
f 3307 4565 3337
f 3337 4565 4566
f 3337 4566 3339
f 3339 4566 3341
f 3341 4566 3343
f 3343 4566 3345
f 3345 4566 3347
f 3347 4566 3349
f 3349 4566 4567
f 3349 4567 3397
f 3397 4567 4568
f 3397 4568 3404
f 3404 4568 4569
f 3404 4569 4570
f 3404 4570 3411
f 3411 4570 4571
f 3411 4571 3418
f 3418 4571 4572
f 3418 4572 4573
f 3418 4573 3425
f 3425 4573 4574
f 3425 4574 3432
f 3432 4574 4575
f 3432 4575 4576
f 3432 4576 3439
f 3439 4576 4577
f 3439 4577 3446
f 3446 4577 4578
f 3446 4578 4579
f 3446 4579 3453
f 3453 4579 4580
f 3453 4580 3460
f 3460 4580 3466
f 3466 4580 3471
f 3471 4580 3475
f 3475 4580 3478
f 3478 4580 3395
f 3395 4580 4581
f 3395 4581 3396
f 3396 4581 3481
f 3481 4581 3483
f 3483 4581 3485
f 3485 4581 3487
f 3487 4581 3489
f 3489 4581 4582
f 3489 4582 3491
f 3491 4582 4583
f 3491 4583 4584
f 3491 4584 3493
f 3493 4584 4585
f 3493 4585 3495
f 3495 4585 4586
f 3495 4586 4587
f 3495 4587 3497
f 3497 4587 4588
f 3497 4588 3499
f 3499 4588 4589
f 3499 4589 4590
f 3499 4590 3501
f 3501 4590 4591
f 3501 4591 3503
f 3503 4591 4592
f 3503 4592 4593
f 3503 4593 3505
f 3505 4593 4594
f 3505 4594 3507
f 3507 4594 4595
f 3507 4595 3540
f 3540 4595 3547
f 3547 4595 3553
f 3553 4595 3558
f 3558 4595 3562
f 3562 4595 3565
f 3565 4595 4596
f 3565 4596 3567
f 3567 4596 3538
f 3538 4596 3539
f 3539 4596 3569
f 3569 4596 3571
f 3571 4596 4597
f 3571 4597 3573
f 3573 4597 4598
f 3573 4598 3575
f 3575 4598 4599
f 3575 4599 3577
f 3577 4599 4600
f 3577 4600 4601
f 3577 4601 3579
f 3579 4601 4602
f 3579 4602 3581
f 3581 4602 4603
f 3581 4603 4604
f 3581 4604 3619
f 3619 4604 4605
f 3619 4605 3626
f 3626 4605 4606
f 3626 4606 4607
f 4608 2024 4607
f 4607 2024 2022
f 4607 2022 3633
f 3633 2022 2020
f 3633 2020 3640
f 3640 2020 2018
f 3640 2018 2016
f 2024 4608 2026
f 2026 4608 4609
f 2026 4609 2028
f 2028 4609 4610
f 2028 4610 2030
f 2030 4610 2032
f 2032 4610 2034
f 2034 4610 1987
f 1987 4610 1988
f 1988 4610 4611
f 1988 4611 1990
f 1990 4611 4612
f 1990 4612 1992
f 1992 4612 4613
f 1992 4613 1994
f 1994 4613 4614
f 1994 4614 1996
f 1996 4614 4615
f 1996 4615 1998
f 1998 4615 4616
f 1998 4616 2000
f 2000 4616 4617
f 2000 4617 2002
f 2002 4617 4618
f 2002 4618 3656
f 3656 4618 4619
f 3656 4619 4620
f 4610 4551 4611
f 4611 4551 4621
f 4621 4551 1939
f 4621 1939 1938
f 3640 2016 3646
f 3646 2016 2014
f 3646 2014 2012
f 2012 2010 3646
f 3646 2010 3651
f 3651 2010 2008
f 3651 2008 2006
f 3651 2006 3656
f 3656 2006 2004
f 3656 2004 2002
f 4621 1938 4622
f 4622 1938 1985
f 4622 1985 4623
f 4623 1985 1983
f 4623 1983 4624
f 4624 1983 1981
f 4624 1981 4625
f 4625 1981 1979
f 4625 1979 4626
f 4626 1979 1977
f 4626 1977 4554
f 4554 1977 1975
f 1945 1943 4551
f 4551 1943 1941
f 4551 1941 1939
f 3691 3656 4620
f 3633 3626 4607
f 3259 4627 3261
f 3261 4627 4628
f 3261 4628 4553
f 4299 4300 4457
f 4457 4300 4629
f 4457 4629 4458
f 4458 4629 4630
f 4458 4630 4460
f 4460 4630 4631
f 4460 4631 4461
f 4461 4631 4632
f 4461 4632 4462
f 4462 4632 4633
f 4462 4633 4463
f 4463 4633 4634
f 4463 4634 4635
f 4635 4634 4636
f 4635 4636 4637
f 4637 4636 4638
f 4638 4636 4224
f 4224 4636 4639
f 4224 4639 4187
f 4187 4639 4640
f 4640 4639 4641
f 4641 4639 4642
f 4641 4642 4643
f 4643 4642 4644
f 4643 4644 4645
f 4645 4644 4646
f 4645 4646 4647
f 4647 4646 4648
f 4647 4648 4649
f 4649 4648 4650
f 4649 4650 4651
f 4651 4650 4652
f 4651 4652 4300
f 4300 4652 4629
f 4630 4629 4652
f 4630 4652 4650
f 4631 4630 4650
f 4631 4650 4648
f 4632 4631 4648
f 4632 4648 4646
f 4633 4632 4646
f 4633 4646 4644
f 4634 4633 4644
f 4634 4644 4642
f 4636 4634 4642
f 4636 4642 4639
f 4136 4151 4653
f 4653 4151 4654
f 4653 4654 4655
f 4655 4654 4656
f 4656 4654 4657
f 4656 4657 4474
f 4474 4657 4658
f 4474 4658 4475
f 4475 4658 4659
f 4475 4659 4476
f 4476 4659 4660
f 4476 4660 4477
f 4477 4660 4661
f 4477 4661 4478
f 4478 4661 4662
f 4478 4662 4479
f 4479 4662 4301
f 4301 4662 4663
f 4301 4663 4302
f 4302 4663 4664
f 4664 4663 4665
f 4665 4663 4666
f 4665 4666 4667
f 4667 4666 4668
f 4667 4668 4669
f 4669 4668 4670
f 4669 4670 4671
f 4671 4670 4672
f 4671 4672 4673
f 4673 4672 4674
f 4673 4674 4675
f 4675 4674 4676
f 4675 4676 4151
f 4151 4676 4654
f 4657 4654 4676
f 4657 4676 4674
f 4658 4657 4674
f 4658 4674 4672
f 4659 4658 4672
f 4659 4672 4670
f 4660 4659 4670
f 4660 4670 4668
f 4661 4660 4668
f 4661 4668 4666
f 4662 4661 4666
f 4662 4666 4663
f 4323 4324 4526
f 4526 4324 4677
f 4526 4677 4527
f 4527 4677 4678
f 4527 4678 4529
f 4529 4678 4679
f 4529 4679 4530
f 4530 4679 4680
f 4530 4680 4531
f 4531 4680 4681
f 4531 4681 4532
f 4532 4681 4682
f 4532 4682 4683
f 4683 4682 4684
f 4683 4684 4685
f 4685 4684 4686
f 4686 4684 4144
f 4144 4684 4687
f 4144 4687 4147
f 4147 4687 4688
f 4688 4687 4689
f 4689 4687 4690
f 4689 4690 4691
f 4691 4690 4692
f 4691 4692 4693
f 4693 4692 4694
f 4693 4694 4695
f 4695 4694 4696
f 4695 4696 4697
f 4697 4696 4698
f 4697 4698 4699
f 4699 4698 4700
f 4699 4700 4324
f 4324 4700 4677
f 4678 4677 4700
f 4678 4700 4698
f 4679 4678 4698
f 4679 4698 4696
f 4680 4679 4696
f 4680 4696 4694
f 4681 4680 4694
f 4681 4694 4692
f 4682 4681 4692
f 4682 4692 4690
f 4684 4682 4690
f 4684 4690 4687
f 4291 4296 4701
f 4701 4296 4702
f 4701 4702 4703
f 4703 4702 4704
f 4704 4702 4705
f 4704 4705 4544
f 4544 4705 4706
f 4544 4706 4545
f 4545 4706 4707
f 4545 4707 4546
f 4546 4707 4708
f 4546 4708 4547
f 4547 4708 4709
f 4547 4709 4548
f 4548 4709 4710
f 4548 4710 4543
f 4543 4710 4327
f 4327 4710 4711
f 4327 4711 4325
f 4325 4711 4712
f 4712 4711 4713
f 4713 4711 4714
f 4713 4714 4715
f 4715 4714 4716
f 4715 4716 4717
f 4717 4716 4718
f 4717 4718 4719
f 4719 4718 4720
f 4719 4720 4721
f 4721 4720 4722
f 4721 4722 4723
f 4723 4722 4724
f 4723 4724 4296
f 4296 4724 4702
f 4705 4702 4724
f 4705 4724 4722
f 4706 4705 4722
f 4706 4722 4720
f 4707 4706 4720
f 4707 4720 4718
f 4708 4707 4718
f 4708 4718 4716
f 4709 4708 4716
f 4709 4716 4714
f 4710 4709 4714
f 4710 4714 4711
f 4316 4314 4503
f 4503 4314 4725
f 4503 4725 4504
f 4504 4725 4726
f 4504 4726 4506
f 4506 4726 4727
f 4506 4727 4507
f 4507 4727 4728
f 4507 4728 4508
f 4508 4728 4729
f 4508 4729 4509
f 4509 4729 4730
f 4509 4730 4731
f 4731 4730 4732
f 4731 4732 4733
f 4733 4732 4734
f 4734 4732 4294
f 4294 4732 4735
f 4294 4735 4295
f 4295 4735 4736
f 4736 4735 4737
f 4737 4735 4738
f 4737 4738 4739
f 4739 4738 4740
f 4739 4740 4741
f 4741 4740 4742
f 4741 4742 4743
f 4743 4742 4744
f 4743 4744 4745
f 4745 4744 4746
f 4745 4746 4747
f 4747 4746 4748
f 4747 4748 4314
f 4314 4748 4725
f 4726 4725 4748
f 4726 4748 4746
f 4727 4726 4746
f 4727 4746 4744
f 4728 4727 4744
f 4728 4744 4742
f 4729 4728 4742
f 4729 4742 4740
f 4730 4729 4740
f 4730 4740 4738
f 4732 4730 4738
f 4732 4738 4735
f 4239 4254 4749
f 4749 4254 4750
f 4749 4750 4751
f 4751 4750 4752
f 4752 4750 4753
f 4752 4753 4520
f 4520 4753 4754
f 4520 4754 4521
f 4521 4754 4755
f 4521 4755 4522
f 4522 4755 4756
f 4522 4756 4523
f 4523 4756 4757
f 4523 4757 4524
f 4524 4757 4758
f 4524 4758 4525
f 4525 4758 4317
f 4317 4758 4759
f 4317 4759 4318
f 4318 4759 4760
f 4760 4759 4761
f 4761 4759 4762
f 4761 4762 4763
f 4763 4762 4764
f 4763 4764 4765
f 4765 4764 4766
f 4765 4766 4767
f 4767 4766 4768
f 4767 4768 4769
f 4769 4768 4770
f 4769 4770 4771
f 4771 4770 4772
f 4771 4772 4254
f 4254 4772 4750
f 4753 4750 4772
f 4753 4772 4770
f 4754 4753 4770
f 4754 4770 4768
f 4755 4754 4768
f 4755 4768 4766
f 4756 4755 4766
f 4756 4766 4764
f 4757 4756 4764
f 4757 4764 4762
f 4758 4757 4762
f 4758 4762 4759
f 4307 4308 4480
f 4480 4308 4773
f 4480 4773 4481
f 4481 4773 4774
f 4481 4774 4483
f 4483 4774 4775
f 4483 4775 4484
f 4484 4775 4776
f 4484 4776 4485
f 4485 4776 4777
f 4485 4777 4486
f 4486 4777 4778
f 4486 4778 4779
f 4779 4778 4780
f 4779 4780 4781
f 4781 4780 4782
f 4782 4780 4247
f 4247 4780 4783
f 4247 4783 4250
f 4250 4783 4784
f 4784 4783 4785
f 4785 4783 4786
f 4785 4786 4787
f 4787 4786 4788
f 4787 4788 4789
f 4789 4788 4790
f 4789 4790 4791
f 4791 4790 4792
f 4791 4792 4793
f 4793 4792 4794
f 4793 4794 4795
f 4795 4794 4796
f 4795 4796 4308
f 4308 4796 4773
f 4774 4773 4796
f 4774 4796 4794
f 4775 4774 4794
f 4775 4794 4792
f 4776 4775 4792
f 4776 4792 4790
f 4777 4776 4790
f 4777 4790 4788
f 4778 4777 4788
f 4778 4788 4786
f 4780 4778 4786
f 4780 4786 4783
f 4207 4198 4797
f 4797 4198 4798
f 4797 4798 4799
f 4799 4798 4800
f 4800 4798 4801
f 4800 4801 4498
f 4498 4801 4802
f 4498 4802 4499
f 4499 4802 4803
f 4499 4803 4500
f 4500 4803 4804
f 4500 4804 4501
f 4501 4804 4805
f 4501 4805 4502
f 4502 4805 4806
f 4502 4806 4497
f 4497 4806 4309
f 4309 4806 4807
f 4309 4807 4310
f 4310 4807 4808
f 4808 4807 4809
f 4809 4807 4810
f 4809 4810 4811
f 4811 4810 4812
f 4811 4812 4813
f 4813 4812 4814
f 4813 4814 4815
f 4815 4814 4816
f 4815 4816 4817
f 4817 4816 4818
f 4817 4818 4819
f 4819 4818 4820
f 4819 4820 4198
f 4198 4820 4798
f 4801 4798 4820
f 4801 4820 4818
f 4802 4801 4818
f 4802 4818 4816
f 4803 4802 4816
f 4803 4816 4814
f 4804 4803 4814
f 4804 4814 4812
f 4805 4804 4812
f 4805 4812 4810
f 4806 4805 4810
f 4806 4810 4807
f 4595 4821 4822
f 4822 4821 4823
f 4822 4823 4824
f 4824 4823 4825
f 4824 4825 4826
f 4826 4825 4827
f 4826 4827 4828
f 4828 4827 4829
f 4828 4829 4830
f 4830 4829 4831
f 4830 4831 4832
f 4832 4831 4833
f 4832 4833 4834
f 4834 4833 4835
f 4834 4835 4254
f 4254 4835 4771
f 4771 4835 4836
f 4771 4836 4769
f 4769 4836 4837
f 4769 4837 4767
f 4767 4837 4838
f 4767 4838 4765
f 4765 4838 4839
f 4765 4839 4763
f 4763 4839 4840
f 4763 4840 4761
f 4761 4840 4841
f 4761 4841 4760
f 4760 4841 4318
f 4821 4842 4823
f 4823 4842 4843
f 4823 4843 4825
f 4825 4843 4844
f 4825 4844 4827
f 4827 4844 4845
f 4827 4845 4829
f 4829 4845 4846
f 4829 4846 4831
f 4831 4846 4847
f 4831 4847 4833
f 4833 4847 4848
f 4833 4848 4835
f 4835 4848 4836
f 4842 4849 4843
f 4843 4849 4850
f 4843 4850 4844
f 4844 4850 4851
f 4844 4851 4845
f 4845 4851 4852
f 4845 4852 4846
f 4846 4852 4853
f 4846 4853 4847
f 4847 4853 4854
f 4847 4854 4848
f 4848 4854 4855
f 4848 4855 4836
f 4836 4855 4837
f 4849 4856 4850
f 4850 4856 4857
f 4850 4857 4851
f 4851 4857 4858
f 4851 4858 4852
f 4852 4858 4859
f 4852 4859 4853
f 4853 4859 4860
f 4853 4860 4854
f 4854 4860 4861
f 4854 4861 4855
f 4855 4861 4862
f 4855 4862 4837
f 4837 4862 4838
f 4856 4863 4857
f 4857 4863 4864
f 4857 4864 4858
f 4858 4864 4865
f 4858 4865 4859
f 4859 4865 4866
f 4859 4866 4860
f 4860 4866 4867
f 4860 4867 4861
f 4861 4867 4868
f 4861 4868 4862
f 4862 4868 4869
f 4862 4869 4838
f 4838 4869 4839
f 4863 4870 4864
f 4864 4870 4871
f 4864 4871 4865
f 4865 4871 4872
f 4865 4872 4866
f 4866 4872 4873
f 4866 4873 4867
f 4867 4873 4874
f 4867 4874 4868
f 4868 4874 4875
f 4868 4875 4869
f 4869 4875 4876
f 4869 4876 4839
f 4839 4876 4840
f 4870 4877 4871
f 4871 4877 4878
f 4871 4878 4872
f 4872 4878 4879
f 4872 4879 4873
f 4873 4879 4880
f 4873 4880 4874
f 4874 4880 4881
f 4874 4881 4875
f 4875 4881 4882
f 4875 4882 4876
f 4876 4882 4883
f 4876 4883 4840
f 4840 4883 4841
f 4877 4318 4878
f 4878 4318 4879
f 4879 4318 4880
f 4880 4318 4881
f 4881 4318 4882
f 4882 4318 4883
f 4883 4318 4841
f 4822 4884 4595
f 4595 4884 4885
f 4595 4885 4596
f 4596 4885 4886
f 4886 4885 4887
f 4887 4885 4888
f 4887 4888 4889
f 4889 4888 4890
f 4889 4890 4891
f 4891 4890 4892
f 4891 4892 4893
f 4893 4892 4894
f 4893 4894 4895
f 4895 4894 4896
f 4895 4896 4897
f 4897 4896 4898
f 4897 4898 4250
f 4250 4898 4899
f 4250 4899 4254
f 4254 4899 4834
f 4834 4899 4832
f 4832 4899 4900
f 4832 4900 4830
f 4830 4900 4901
f 4830 4901 4828
f 4828 4901 4902
f 4828 4902 4826
f 4826 4902 4903
f 4826 4903 4824
f 4824 4903 4904
f 4824 4904 4822
f 4822 4904 4884
f 4888 4885 4884
f 4888 4884 4904
f 4890 4888 4904
f 4890 4904 4903
f 4892 4890 4903
f 4892 4903 4902
f 4894 4892 4902
f 4894 4902 4901
f 4896 4894 4901
f 4896 4901 4900
f 4898 4896 4900
f 4898 4900 4899
f 4320 4318 4905
f 4905 4318 4877
f 4905 4877 4906
f 4906 4877 4870
f 4906 4870 4907
f 4907 4870 4863
f 4907 4863 4908
f 4908 4863 4856
f 4908 4856 4909
f 4909 4856 4849
f 4909 4849 4910
f 4910 4849 4842
f 4910 4842 4911
f 4911 4842 4821
f 4911 4821 4594
f 4594 4821 4595
f 4912 4596 4913
f 4913 4596 4886
f 4913 4886 4914
f 4914 4886 4887
f 4914 4887 4915
f 4915 4887 4889
f 4915 4889 4916
f 4916 4889 4891
f 4916 4891 4917
f 4917 4891 4893
f 4917 4893 4918
f 4918 4893 4895
f 4918 4895 4919
f 4919 4895 4897
f 4919 4897 4784
f 4784 4897 4250
f 4784 4785 4919
f 4919 4785 4920
f 4919 4920 4918
f 4918 4920 4921
f 4918 4921 4917
f 4917 4921 4922
f 4917 4922 4916
f 4916 4922 4923
f 4916 4923 4915
f 4915 4923 4924
f 4915 4924 4914
f 4914 4924 4925
f 4914 4925 4913
f 4913 4925 4926
f 4913 4926 4912
f 4912 4926 4927
f 4927 4926 4928
f 4927 4928 4929
f 4929 4928 4930
f 4929 4930 4931
f 4931 4930 4932
f 4931 4932 4933
f 4933 4932 4934
f 4933 4934 4935
f 4935 4934 4936
f 4935 4936 4937
f 4937 4936 4308
f 4785 4787 4920
f 4920 4787 4938
f 4920 4938 4921
f 4921 4938 4939
f 4921 4939 4922
f 4922 4939 4940
f 4922 4940 4923
f 4923 4940 4941
f 4923 4941 4924
f 4924 4941 4942
f 4924 4942 4925
f 4925 4942 4943
f 4925 4943 4926
f 4926 4943 4928
f 4787 4789 4938
f 4938 4789 4944
f 4938 4944 4939
f 4939 4944 4945
f 4939 4945 4940
f 4940 4945 4946
f 4940 4946 4941
f 4941 4946 4947
f 4941 4947 4942
f 4942 4947 4948
f 4942 4948 4943
f 4943 4948 4949
f 4943 4949 4928
f 4928 4949 4930
f 4789 4791 4944
f 4944 4791 4950
f 4944 4950 4945
f 4945 4950 4951
f 4945 4951 4946
f 4946 4951 4952
f 4946 4952 4947
f 4947 4952 4953
f 4947 4953 4948
f 4948 4953 4954
f 4948 4954 4949
f 4949 4954 4955
f 4949 4955 4930
f 4930 4955 4932
f 4791 4793 4950
f 4950 4793 4956
f 4950 4956 4951
f 4951 4956 4957
f 4951 4957 4952
f 4952 4957 4958
f 4952 4958 4953
f 4953 4958 4959
f 4953 4959 4954
f 4954 4959 4960
f 4954 4960 4955
f 4955 4960 4961
f 4955 4961 4932
f 4932 4961 4934
f 4793 4795 4956
f 4956 4795 4962
f 4956 4962 4957
f 4957 4962 4963
f 4957 4963 4958
f 4958 4963 4964
f 4958 4964 4959
f 4959 4964 4965
f 4959 4965 4960
f 4960 4965 4966
f 4960 4966 4961
f 4961 4966 4967
f 4961 4967 4934
f 4934 4967 4936
f 4795 4308 4962
f 4962 4308 4963
f 4963 4308 4964
f 4964 4308 4965
f 4965 4308 4966
f 4966 4308 4967
f 4967 4308 4936
f 4364 4320 4968
f 4968 4320 4905
f 4968 4905 4906
f 4968 4906 4969
f 4969 4906 4907
f 4969 4907 4970
f 4970 4907 4908
f 4970 4908 4971
f 4971 4908 4909
f 4971 4909 4972
f 4972 4909 4910
f 4972 4910 4973
f 4973 4910 4911
f 4973 4911 4974
f 4974 4911 4594
f 4974 4594 4593
f 4974 4593 4975
f 4975 4593 4592
f 4975 4592 4976
f 4976 4592 4591
f 4976 4591 4977
f 4977 4591 4590
f 4977 4590 4978
f 4978 4590 4589
f 4978 4589 4979
f 4979 4589 4588
f 4979 4588 4980
f 4980 4588 4981
f 4980 4981 4982
f 4982 4981 4983
f 4982 4983 4984
f 4984 4983 4985
f 4984 4985 4986
f 4986 4985 4987
f 4986 4987 4988
f 4988 4987 4989
f 4988 4989 4990
f 4990 4989 4991
f 4990 4991 4992
f 4992 4991 4993
f 4992 4993 4313
f 4588 4587 4981
f 4981 4587 4994
f 4981 4994 4983
f 4983 4994 4995
f 4983 4995 4985
f 4985 4995 4996
f 4985 4996 4987
f 4987 4996 4997
f 4987 4997 4989
f 4989 4997 4998
f 4989 4998 4991
f 4991 4998 4999
f 4991 4999 4993
f 4587 4586 4994
f 4994 4586 5000
f 4994 5000 4995
f 4995 5000 5001
f 4995 5001 4996
f 4996 5001 5002
f 4996 5002 4997
f 4997 5002 5003
f 4997 5003 4998
f 4998 5003 5004
f 4998 5004 4999
f 4586 4585 5000
f 5000 4585 5005
f 5000 5005 5001
f 5001 5005 5006
f 5001 5006 5002
f 5002 5006 5007
f 5002 5007 5003
f 5003 5007 5008
f 5003 5008 5004
f 4585 4584 5005
f 5005 4584 5009
f 5005 5009 5006
f 5006 5009 5010
f 5006 5010 5007
f 5007 5010 5011
f 5007 5011 5008
f 4584 4583 5009
f 5009 4583 5012
f 5009 5012 5010
f 5010 5012 5013
f 5010 5013 5011
f 4583 4582 5012
f 5012 4582 5014
f 5012 5014 5013
f 4313 4378 4992
f 4992 4378 5015
f 4992 5015 4990
f 4990 5015 5016
f 4990 5016 4988
f 4988 5016 5017
f 4988 5017 4986
f 4986 5017 5018
f 4986 5018 4984
f 4984 5018 5019
f 4984 5019 4982
f 4982 5019 5020
f 4982 5020 4980
f 4980 5020 4979
f 4378 4376 5015
f 5015 4376 5021
f 5015 5021 5016
f 5016 5021 5022
f 5016 5022 5017
f 5017 5022 5023
f 5017 5023 5018
f 5018 5023 5024
f 5018 5024 5019
f 5019 5024 5025
f 5019 5025 5020
f 5020 5025 5026
f 5020 5026 4979
f 4979 5026 4978
f 5021 4376 5027
f 5027 4376 4374
f 5027 4374 5028
f 5028 4374 4372
f 5028 4372 5029
f 5029 4372 5030
f 5029 5030 5031
f 5031 5030 5032
f 5031 5032 5033
f 5033 5032 5034
f 5033 5034 5035
f 5035 5034 5036
f 5035 5036 5037
f 5037 5036 5038
f 5037 5038 5039
f 5039 5038 5040
f 5039 5040 4975
f 4975 5040 4974
f 4372 4370 5030
f 5030 4370 5041
f 5030 5041 5032
f 5032 5041 5042
f 5032 5042 5034
f 5034 5042 5043
f 5034 5043 5036
f 5036 5043 5044
f 5036 5044 5038
f 5038 5044 5045
f 5038 5045 5040
f 5040 5045 4973
f 5040 4973 4974
f 4370 4368 5041
f 5041 4368 5046
f 5041 5046 5042
f 5042 5046 5047
f 5042 5047 5043
f 5043 5047 5048
f 5043 5048 5044
f 5044 5048 5049
f 5044 5049 5045
f 5045 5049 4972
f 5045 4972 4973
f 5046 4368 5050
f 5050 4368 4366
f 5050 4366 5051
f 5051 4366 4364
f 5051 4364 5052
f 5052 4364 4968
f 5052 4968 4969
f 4972 5049 4971
f 4971 5049 5053
f 4971 5053 4970
f 4970 5053 5054
f 4970 5054 4969
f 4969 5054 5052
f 5049 5048 5053
f 5053 5048 5055
f 5053 5055 5054
f 5054 5055 5051
f 5054 5051 5052
f 4975 4976 5039
f 5039 4976 5056
f 5039 5056 5037
f 5037 5056 5057
f 5037 5057 5035
f 5035 5057 5058
f 5035 5058 5033
f 5033 5058 5059
f 5033 5059 5031
f 5031 5059 5060
f 5031 5060 5029
f 5029 5060 5028
f 5050 5051 5055
f 5050 5055 5047
f 5047 5055 5048
f 4976 4977 5056
f 5056 4977 5061
f 5056 5061 5057
f 5057 5061 5062
f 5057 5062 5058
f 5058 5062 5063
f 5058 5063 5059
f 5059 5063 5064
f 5059 5064 5060
f 5060 5064 5065
f 5060 5065 5028
f 5028 5065 5027
f 5046 5050 5047
f 4977 4978 5061
f 5061 4978 5026
f 5061 5026 5062
f 5062 5026 5025
f 5062 5025 5063
f 5063 5025 5024
f 5063 5024 5064
f 5064 5024 5023
f 5064 5023 5065
f 5065 5023 5022
f 5065 5022 5027
f 5027 5022 5021
f 4597 4596 5066
f 5066 4596 4912
f 5066 4912 5067
f 5067 4912 4927
f 5067 4927 5068
f 5068 4927 4929
f 5068 4929 5069
f 5069 4929 4931
f 5069 4931 5070
f 5070 4931 4933
f 5070 4933 5071
f 5071 4933 4935
f 5071 4935 5072
f 5072 4935 4937
f 5072 4937 4306
f 4306 4937 4308
f 4314 4313 5073
f 5073 4313 4993
f 5073 4993 5074
f 5074 4993 4999
f 5074 4999 5075
f 5075 4999 5004
f 5075 5004 5076
f 5076 5004 5008
f 5076 5008 5077
f 5077 5008 5011
f 5077 5011 5078
f 5078 5011 5013
f 5078 5013 5079
f 5079 5013 5014
f 5079 5014 4581
f 4581 5014 4582
f 4598 4597 5080
f 5080 4597 5066
f 5080 5066 5067
f 5080 5067 5081
f 5081 5067 5068
f 5081 5068 5082
f 5082 5068 5069
f 5082 5069 5083
f 5083 5069 5070
f 5083 5070 5084
f 5084 5070 5071
f 5084 5071 5085
f 5085 5071 5072
f 5085 5072 5086
f 5086 5072 4306
f 5086 4306 4346
f 5086 4346 5087
f 5087 4346 4344
f 5087 4344 5088
f 5088 4344 5089
f 5088 5089 5090
f 5090 5089 5091
f 5090 5091 5092
f 5092 5091 5093
f 5092 5093 5094
f 5094 5093 5095
f 5094 5095 5096
f 5096 5095 5097
f 5096 5097 5098
f 5098 5097 5099
f 5098 5099 5100
f 5100 5099 5101
f 5100 5101 4605
f 4605 5101 4606
f 4606 5101 5102
f 4606 5102 4607
f 4607 5102 5103
f 4607 5103 4608
f 4608 5103 5104
f 4608 5104 4609
f 4609 5104 5105
f 5105 5104 5106
f 5105 5106 5107
f 5107 5106 5108
f 5107 5108 5109
f 5109 5108 5110
f 5109 5110 5111
f 5111 5110 5112
f 5111 5112 5113
f 5113 5112 5114
f 5113 5114 5115
f 5115 5114 5116
f 5115 5116 5117
f 5117 5116 4312
f 4312 5116 4332
f 4332 5116 5118
f 4332 5118 5119
f 5119 5118 5120
f 5119 5120 5121
f 5121 5120 5122
f 5121 5122 5123
f 5123 5122 5124
f 5123 5124 5125
f 5125 5124 5126
f 5125 5126 5127
f 5127 5126 5128
f 5127 5128 5129
f 5129 5128 5103
f 5129 5103 5102
f 4344 4342 5089
f 5089 4342 5130
f 5089 5130 5091
f 5091 5130 5131
f 5091 5131 5093
f 5093 5131 5132
f 5093 5132 5095
f 5095 5132 5133
f 5095 5133 5097
f 5097 5133 5134
f 5097 5134 5099
f 5099 5134 5135
f 5099 5135 5101
f 5101 5135 5102
f 4342 4340 5130
f 5130 4340 5136
f 5130 5136 5131
f 5131 5136 5137
f 5131 5137 5132
f 5132 5137 5138
f 5132 5138 5133
f 5133 5138 5139
f 5133 5139 5134
f 5134 5139 5140
f 5134 5140 5135
f 5135 5140 5129
f 5135 5129 5102
f 5136 4340 5141
f 5141 4340 4338
f 5141 4338 5142
f 5142 4338 4336
f 5142 4336 5143
f 5143 4336 5144
f 5143 5144 5145
f 5145 5144 5121
f 5145 5121 5123
f 4336 4334 5144
f 5144 4334 5119
f 5144 5119 5121
f 4334 4332 5119
f 4605 4604 5100
f 5100 4604 5146
f 5100 5146 5098
f 5098 5146 5147
f 5098 5147 5096
f 5096 5147 5148
f 5096 5148 5094
f 5094 5148 5149
f 5094 5149 5092
f 5092 5149 5150
f 5092 5150 5090
f 5090 5150 5151
f 5090 5151 5088
f 5088 5151 5087
f 4604 4603 5146
f 5146 4603 5152
f 5146 5152 5147
f 5147 5152 5153
f 5147 5153 5148
f 5148 5153 5154
f 5148 5154 5149
f 5149 5154 5155
f 5149 5155 5150
f 5150 5155 5156
f 5150 5156 5151
f 5151 5156 5157
f 5151 5157 5087
f 5087 5157 5086
f 5152 4603 5158
f 5158 4603 4602
f 5158 4602 5159
f 5159 4602 4601
f 5159 4601 5160
f 5160 4601 4600
f 5160 4600 5161
f 5161 4600 4599
f 5161 4599 5162
f 5162 4599 4598
f 5162 4598 5080
f 5086 5157 5085
f 5085 5157 5163
f 5085 5163 5084
f 5084 5163 5164
f 5084 5164 5083
f 5083 5164 5165
f 5083 5165 5082
f 5082 5165 5166
f 5082 5166 5081
f 5081 5166 5162
f 5081 5162 5080
f 5157 5156 5163
f 5163 5156 5167
f 5163 5167 5164
f 5164 5167 5168
f 5164 5168 5165
f 5165 5168 5169
f 5165 5169 5166
f 5166 5169 5161
f 5166 5161 5162
f 5167 5156 5155
f 5168 5167 5170
f 5170 5167 5155
f 5170 5155 5154
f 5169 5168 5171
f 5171 5168 5170
f 5171 5170 5172
f 5172 5170 5154
f 5172 5154 5153
f 5161 5169 5160
f 5160 5169 5171
f 5160 5171 5159
f 5159 5171 5172
f 5159 5172 5158
f 5158 5172 5153
f 5158 5153 5152
f 5136 5141 5137
f 5137 5141 5173
f 5137 5173 5138
f 5138 5173 5174
f 5138 5174 5139
f 5139 5174 5175
f 5139 5175 5140
f 5140 5175 5127
f 5140 5127 5129
f 5141 5142 5173
f 5173 5142 5176
f 5173 5176 5174
f 5174 5176 5177
f 5174 5177 5175
f 5175 5177 5125
f 5175 5125 5127
f 5143 5145 5176
f 5176 5145 5177
f 5125 5177 5123
f 5123 5177 5145
f 5142 5143 5176
f 5120 5118 5114
f 5114 5118 5116
f 5122 5120 5112
f 5112 5120 5114
f 5124 5122 5110
f 5110 5122 5112
f 5126 5124 5108
f 5108 5124 5110
f 5128 5126 5106
f 5106 5126 5108
f 5103 5128 5104
f 5104 5128 5106
f 4295 4736 5178
f 5178 4736 4737
f 5178 4737 5179
f 5179 4737 4739
f 5179 4739 5180
f 5180 4739 4741
f 5180 4741 5181
f 5181 4741 4743
f 5181 4743 5182
f 5182 4743 4745
f 5182 4745 5183
f 5183 4745 4747
f 5183 4747 5184
f 5184 4747 4314
f 5184 4314 5073
f 5184 5073 5185
f 5185 5073 5074
f 5185 5074 5186
f 5186 5074 5075
f 5186 5075 5187
f 5187 5075 5076
f 5187 5076 5188
f 5188 5076 5077
f 5188 5077 5189
f 5189 5077 5078
f 5189 5078 5190
f 5190 5078 5079
f 5190 5079 5191
f 5191 5079 4581
f 5191 5192 5190
f 5190 5192 5193
f 5190 5193 5189
f 5189 5193 5194
f 5189 5194 5188
f 5188 5194 5195
f 5188 5195 5187
f 5187 5195 5196
f 5187 5196 5186
f 5186 5196 5197
f 5186 5197 5185
f 5185 5197 5198
f 5185 5198 5184
f 5184 5198 5183
f 5192 5199 5193
f 5193 5199 5200
f 5193 5200 5194
f 5194 5200 5201
f 5194 5201 5195
f 5195 5201 5202
f 5195 5202 5196
f 5196 5202 5203
f 5196 5203 5197
f 5197 5203 5204
f 5197 5204 5198
f 5198 5204 5205
f 5198 5205 5183
f 5183 5205 5182
f 5199 5206 5200
f 5200 5206 5207
f 5200 5207 5201
f 5201 5207 5208
f 5201 5208 5202
f 5202 5208 5209
f 5202 5209 5203
f 5203 5209 5210
f 5203 5210 5204
f 5204 5210 5211
f 5204 5211 5205
f 5205 5211 5212
f 5205 5212 5182
f 5182 5212 5181
f 5206 5213 5207
f 5207 5213 5214
f 5207 5214 5208
f 5208 5214 5215
f 5208 5215 5209
f 5209 5215 5216
f 5209 5216 5210
f 5210 5216 5217
f 5210 5217 5211
f 5211 5217 5218
f 5211 5218 5212
f 5212 5218 5219
f 5212 5219 5181
f 5181 5219 5180
f 5213 5220 5214
f 5214 5220 5221
f 5214 5221 5215
f 5215 5221 5222
f 5215 5222 5216
f 5216 5222 5223
f 5216 5223 5217
f 5217 5223 5224
f 5217 5224 5218
f 5218 5224 5225
f 5218 5225 5219
f 5219 5225 5226
f 5219 5226 5180
f 5180 5226 5179
f 5220 5227 5221
f 5221 5227 5228
f 5221 5228 5222
f 5222 5228 5229
f 5222 5229 5223
f 5223 5229 5230
f 5223 5230 5224
f 5224 5230 5231
f 5224 5231 5225
f 5225 5231 5232
f 5225 5232 5226
f 5226 5232 5233
f 5226 5233 5179
f 5179 5233 5178
f 5227 4295 5228
f 5228 4295 5229
f 5229 4295 5230
f 5230 4295 5231
f 5231 4295 5232
f 5232 4295 5233
f 5233 4295 5178
f 4610 4609 5234
f 5234 4609 5105
f 5234 5105 5235
f 5235 5105 5107
f 5235 5107 5236
f 5236 5107 5109
f 5236 5109 5237
f 5237 5109 5111
f 5237 5111 5238
f 5238 5111 5113
f 5238 5113 5239
f 5239 5113 5115
f 5239 5115 5240
f 5240 5115 5117
f 5240 5117 4310
f 4310 5117 4312
f 5227 5241 4295
f 4295 5241 5242
f 4295 5242 4296
f 4296 5242 5243
f 5243 5242 5244
f 5244 5242 5245
f 5244 5245 5246
f 5246 5245 5247
f 5246 5247 5248
f 5248 5247 5249
f 5248 5249 5250
f 5250 5249 5251
f 5250 5251 5252
f 5252 5251 5253
f 5252 5253 5254
f 5254 5253 5255
f 5254 5255 4580
f 4580 5255 5256
f 4580 5256 4581
f 4581 5256 5191
f 5191 5256 5192
f 5192 5256 5257
f 5192 5257 5199
f 5199 5257 5258
f 5199 5258 5206
f 5206 5258 5259
f 5206 5259 5213
f 5213 5259 5260
f 5213 5260 5220
f 5220 5260 5261
f 5220 5261 5227
f 5227 5261 5241
f 5245 5242 5241
f 5245 5241 5261
f 5247 5245 5261
f 5247 5261 5260
f 5249 5247 5260
f 5249 5260 5259
f 5251 5249 5259
f 5251 5259 5258
f 5253 5251 5258
f 5253 5258 5257
f 5255 5253 5257
f 5255 5257 5256
f 5262 4610 5263
f 5263 4610 5234
f 5263 5234 5264
f 5264 5234 5235
f 5264 5235 5265
f 5265 5235 5236
f 5265 5236 5266
f 5266 5236 5237
f 5266 5237 5267
f 5267 5237 5238
f 5267 5238 5268
f 5268 5238 5239
f 5268 5239 5269
f 5269 5239 5240
f 5269 5240 4808
f 4808 5240 4310
f 4808 4809 5269
f 5269 4809 5270
f 5269 5270 5268
f 5268 5270 5271
f 5268 5271 5267
f 5267 5271 5272
f 5267 5272 5266
f 5266 5272 5273
f 5266 5273 5265
f 5265 5273 5274
f 5265 5274 5264
f 5264 5274 5275
f 5264 5275 5263
f 5263 5275 5276
f 5263 5276 5262
f 5262 5276 5277
f 5277 5276 5278
f 5277 5278 5279
f 5279 5278 5280
f 5279 5280 5281
f 5281 5280 5282
f 5281 5282 5283
f 5283 5282 5284
f 5283 5284 5285
f 5285 5284 5286
f 5285 5286 5287
f 5287 5286 4198
f 4809 4811 5270
f 5270 4811 5288
f 5270 5288 5271
f 5271 5288 5289
f 5271 5289 5272
f 5272 5289 5290
f 5272 5290 5273
f 5273 5290 5291
f 5273 5291 5274
f 5274 5291 5292
f 5274 5292 5275
f 5275 5292 5293
f 5275 5293 5276
f 5276 5293 5278
f 4811 4813 5288
f 5288 4813 5294
f 5288 5294 5289
f 5289 5294 5295
f 5289 5295 5290
f 5290 5295 5296
f 5290 5296 5291
f 5291 5296 5297
f 5291 5297 5292
f 5292 5297 5298
f 5292 5298 5293
f 5293 5298 5299
f 5293 5299 5278
f 5278 5299 5280
f 4813 4815 5294
f 5294 4815 5300
f 5294 5300 5295
f 5295 5300 5301
f 5295 5301 5296
f 5296 5301 5302
f 5296 5302 5297
f 5297 5302 5303
f 5297 5303 5298
f 5298 5303 5304
f 5298 5304 5299
f 5299 5304 5305
f 5299 5305 5280
f 5280 5305 5282
f 4815 4817 5300
f 5300 4817 5306
f 5300 5306 5301
f 5301 5306 5307
f 5301 5307 5302
f 5302 5307 5308
f 5302 5308 5303
f 5303 5308 5309
f 5303 5309 5304
f 5304 5309 5310
f 5304 5310 5305
f 5305 5310 5311
f 5305 5311 5282
f 5282 5311 5284
f 4817 4819 5306
f 5306 4819 5312
f 5306 5312 5307
f 5307 5312 5313
f 5307 5313 5308
f 5308 5313 5314
f 5308 5314 5309
f 5309 5314 5315
f 5309 5315 5310
f 5310 5315 5316
f 5310 5316 5311
f 5311 5316 5317
f 5311 5317 5284
f 5284 5317 5286
f 4819 4198 5312
f 5312 4198 5313
f 5313 4198 5314
f 5314 4198 5315
f 5315 4198 5316
f 5316 4198 5317
f 5317 4198 5286
f 4325 4712 5318
f 5318 4712 5319
f 5318 5319 5320
f 5320 5319 5321
f 5320 5321 5322
f 5322 5321 5323
f 5322 5323 5324
f 5324 5323 5325
f 5324 5325 5326
f 5326 5325 5327
f 5326 5327 5328
f 5328 5327 5329
f 5328 5329 5330
f 5330 5329 5331
f 5330 5331 4580
f 4580 5331 5254
f 5254 5331 5332
f 5254 5332 5252
f 5252 5332 5333
f 5252 5333 5250
f 5250 5333 5334
f 5250 5334 5248
f 5248 5334 5335
f 5248 5335 5246
f 5246 5335 5336
f 5246 5336 5244
f 5244 5336 5337
f 5244 5337 5243
f 5243 5337 4296
f 4712 4713 5319
f 5319 4713 5338
f 5319 5338 5321
f 5321 5338 5339
f 5321 5339 5323
f 5323 5339 5340
f 5323 5340 5325
f 5325 5340 5341
f 5325 5341 5327
f 5327 5341 5342
f 5327 5342 5329
f 5329 5342 5343
f 5329 5343 5331
f 5331 5343 5332
f 4713 4715 5338
f 5338 4715 5344
f 5338 5344 5339
f 5339 5344 5345
f 5339 5345 5340
f 5340 5345 5346
f 5340 5346 5341
f 5341 5346 5347
f 5341 5347 5342
f 5342 5347 5348
f 5342 5348 5343
f 5343 5348 5349
f 5343 5349 5332
f 5332 5349 5333
f 4715 4717 5344
f 5344 4717 5350
f 5344 5350 5345
f 5345 5350 5351
f 5345 5351 5346
f 5346 5351 5352
f 5346 5352 5347
f 5347 5352 5353
f 5347 5353 5348
f 5348 5353 5354
f 5348 5354 5349
f 5349 5354 5355
f 5349 5355 5333
f 5333 5355 5334
f 4717 4719 5350
f 5350 4719 5356
f 5350 5356 5351
f 5351 5356 5357
f 5351 5357 5352
f 5352 5357 5358
f 5352 5358 5353
f 5353 5358 5359
f 5353 5359 5354
f 5354 5359 5360
f 5354 5360 5355
f 5355 5360 5361
f 5355 5361 5334
f 5334 5361 5335
f 4719 4721 5356
f 5356 4721 5362
f 5356 5362 5357
f 5357 5362 5363
f 5357 5363 5358
f 5358 5363 5364
f 5358 5364 5359
f 5359 5364 5365
f 5359 5365 5360
f 5360 5365 5366
f 5360 5366 5361
f 5361 5366 5367
f 5361 5367 5335
f 5335 5367 5336
f 4721 4723 5362
f 5362 4723 5368
f 5362 5368 5363
f 5363 5368 5369
f 5363 5369 5364
f 5364 5369 5370
f 5364 5370 5365
f 5365 5370 5371
f 5365 5371 5366
f 5366 5371 5372
f 5366 5372 5367
f 5367 5372 5373
f 5367 5373 5336
f 5336 5373 5337
f 4723 4296 5368
f 5368 4296 5369
f 5369 4296 5370
f 5370 4296 5371
f 5371 4296 5372
f 5372 4296 5373
f 5373 4296 5337
f 4197 5374 4198
f 4198 5374 5287
f 5287 5374 5375
f 5287 5375 5376
f 5376 5375 5377
f 5377 5375 5374
f 5376 5378 5287
f 5287 5378 5285
f 5285 5378 5379
f 5285 5379 5283
f 5283 5379 5380
f 5283 5380 5281
f 5281 5380 5381
f 5281 5381 5279
f 5279 5381 5382
f 5279 5382 5277
f 5277 5382 5383
f 5277 5383 5262
f 5262 5383 5384
f 5262 5384 4610
f 4610 5384 5385
f 4610 5385 4551
f 4551 5385 5386
f 5386 5385 5387
f 5387 5385 5388
f 5387 5388 5389
f 5389 5388 5390
f 5389 5390 5391
f 5391 5390 5392
f 5391 5392 5393
f 5393 5392 5394
f 5393 5394 5395
f 5395 5394 5396
f 5395 5396 5397
f 5378 5398 5379
f 5379 5398 5399
f 5379 5399 5400
f 5400 5401 5379
f 5379 5401 5380
f 5401 5396 5380
f 5380 5396 5394
f 5380 5394 5381
f 5381 5394 5392
f 5381 5392 5382
f 5382 5392 5390
f 5382 5390 5383
f 5383 5390 5388
f 5383 5388 5384
f 5384 5388 5385
f 5397 5402 5395
f 5395 5402 5403
f 5395 5403 5404
f 5405 5406 5404
f 5404 5406 5407
f 5404 5407 5395
f 5395 5407 5393
f 5406 5405 5408
f 5408 5405 5409
f 5408 5409 5410
f 1924 4187 5410
f 5410 4187 5406
f 5410 5406 5408
f 4326 4325 5411
f 5411 4325 5318
f 5411 5318 5412
f 5412 5318 5320
f 5412 5320 5413
f 5413 5320 5322
f 5413 5322 5414
f 5414 5322 5324
f 5414 5324 5415
f 5415 5324 5326
f 5415 5326 5416
f 5416 5326 5328
f 5416 5328 5417
f 5417 5328 5330
f 5417 5330 4579
f 4579 5330 4580
f 4551 5386 5418
f 5418 5386 5419
f 5418 5419 5420
f 5420 5419 5421
f 5420 5421 5422
f 5422 5421 5423
f 5422 5423 5424
f 5424 5423 5425
f 5424 5425 5426
f 5426 5425 5427
f 5426 5427 5428
f 5428 5427 5429
f 5428 5429 5430
f 5430 5429 5431
f 5430 5431 4300
f 4300 5431 4651
f 4651 5431 5432
f 4651 5432 4649
f 4649 5432 5433
f 4649 5433 4647
f 4647 5433 5434
f 4647 5434 4645
f 4645 5434 5435
f 4645 5435 4643
f 4643 5435 5436
f 4643 5436 4641
f 4641 5436 5437
f 4641 5437 4640
f 4640 5437 4187
f 5386 5387 5419
f 5419 5387 5438
f 5419 5438 5421
f 5421 5438 5439
f 5421 5439 5423
f 5423 5439 5440
f 5423 5440 5425
f 5425 5440 5441
f 5425 5441 5427
f 5427 5441 5442
f 5427 5442 5429
f 5429 5442 5443
f 5429 5443 5431
f 5431 5443 5432
f 5387 5389 5438
f 5438 5389 5444
f 5438 5444 5439
f 5439 5444 5445
f 5439 5445 5440
f 5440 5445 5446
f 5440 5446 5441
f 5441 5446 5447
f 5441 5447 5442
f 5442 5447 5448
f 5442 5448 5443
f 5443 5448 5449
f 5443 5449 5432
f 5432 5449 5433
f 5389 5391 5444
f 5444 5391 5450
f 5444 5450 5445
f 5445 5450 5451
f 5445 5451 5446
f 5446 5451 5452
f 5446 5452 5447
f 5447 5452 5453
f 5447 5453 5448
f 5448 5453 5454
f 5448 5454 5449
f 5449 5454 5455
f 5449 5455 5433
f 5433 5455 5434
f 5391 5393 5450
f 5450 5393 5456
f 5450 5456 5451
f 5451 5456 5457
f 5451 5457 5452
f 5452 5457 5458
f 5452 5458 5453
f 5453 5458 5459
f 5453 5459 5454
f 5454 5459 5460
f 5454 5460 5455
f 5455 5460 5461
f 5455 5461 5434
f 5434 5461 5435
f 5393 5407 5456
f 5456 5407 5462
f 5456 5462 5457
f 5457 5462 5463
f 5457 5463 5458
f 5458 5463 5464
f 5458 5464 5459
f 5459 5464 5465
f 5459 5465 5460
f 5460 5465 5466
f 5460 5466 5461
f 5461 5466 5467
f 5461 5467 5435
f 5435 5467 5436
f 5407 5406 5462
f 5462 5406 5468
f 5462 5468 5463
f 5463 5468 5469
f 5463 5469 5464
f 5464 5469 5470
f 5464 5470 5465
f 5465 5470 5471
f 5465 5471 5466
f 5466 5471 5472
f 5466 5472 5467
f 5467 5472 5473
f 5467 5473 5436
f 5436 5473 5437
f 5406 4187 5468
f 5468 4187 5469
f 5469 4187 5470
f 5470 4187 5471
f 5471 4187 5472
f 5472 4187 5473
f 5473 4187 5437
f 4396 4326 5474
f 5474 4326 5411
f 5474 5411 5412
f 5474 5412 5475
f 5475 5412 5413
f 5475 5413 5476
f 5476 5413 5414
f 5476 5414 5477
f 5477 5414 5415
f 5477 5415 5478
f 5478 5415 5416
f 5478 5416 5479
f 5479 5416 5417
f 5479 5417 5480
f 5480 5417 4579
f 5480 4579 4578
f 5480 4578 5481
f 5481 4578 4577
f 5481 4577 5482
f 5482 4577 4576
f 5482 4576 5483
f 5483 4576 4575
f 5483 4575 5484
f 5484 4575 4574
f 5484 4574 5485
f 5485 4574 4573
f 5485 4573 5486
f 5486 4573 5487
f 5486 5487 5488
f 5488 5487 5489
f 5488 5489 5490
f 5490 5489 5491
f 5490 5491 5492
f 5492 5491 5493
f 5492 5493 5494
f 5494 5493 5495
f 5494 5495 5496
f 5496 5495 5497
f 5496 5497 5498
f 5498 5497 5499
f 5498 5499 4322
f 4573 4572 5487
f 5487 4572 5500
f 5487 5500 5489
f 5489 5500 5501
f 5489 5501 5491
f 5491 5501 5502
f 5491 5502 5493
f 5493 5502 5503
f 5493 5503 5495
f 5495 5503 5504
f 5495 5504 5497
f 5497 5504 5505
f 5497 5505 5499
f 4572 4571 5500
f 5500 4571 5506
f 5500 5506 5501
f 5501 5506 5507
f 5501 5507 5502
f 5502 5507 5508
f 5502 5508 5503
f 5503 5508 5509
f 5503 5509 5504
f 5504 5509 5510
f 5504 5510 5505
f 4571 4570 5506
f 5506 4570 5511
f 5506 5511 5507
f 5507 5511 5512
f 5507 5512 5508
f 5508 5512 5513
f 5508 5513 5509
f 5509 5513 5514
f 5509 5514 5510
f 4570 4569 5511
f 5511 4569 5515
f 5511 5515 5512
f 5512 5515 5516
f 5512 5516 5513
f 5513 5516 5517
f 5513 5517 5514
f 4569 4568 5515
f 5515 4568 5518
f 5515 5518 5516
f 5516 5518 5519
f 5516 5519 5517
f 4568 4567 5518
f 5518 4567 5520
f 5518 5520 5519
f 4322 4410 5498
f 5498 4410 5521
f 5498 5521 5496
f 5496 5521 5522
f 5496 5522 5494
f 5494 5522 5523
f 5494 5523 5492
f 5492 5523 5524
f 5492 5524 5490
f 5490 5524 5525
f 5490 5525 5488
f 5488 5525 5526
f 5488 5526 5486
f 5486 5526 5485
f 4410 4408 5521
f 5521 4408 5527
f 5521 5527 5522
f 5522 5527 5528
f 5522 5528 5523
f 5523 5528 5529
f 5523 5529 5524
f 5524 5529 5530
f 5524 5530 5525
f 5525 5530 5531
f 5525 5531 5526
f 5526 5531 5532
f 5526 5532 5485
f 5485 5532 5484
f 5527 4408 5533
f 5533 4408 4406
f 5533 4406 5534
f 5534 4406 4404
f 5534 4404 5535
f 5535 4404 5536
f 5535 5536 5537
f 5537 5536 5538
f 5537 5538 5539
f 5539 5538 5540
f 5539 5540 5541
f 5541 5540 5542
f 5541 5542 5543
f 5543 5542 5544
f 5543 5544 5545
f 5545 5544 5546
f 5545 5546 5481
f 5481 5546 5480
f 4404 4402 5536
f 5536 4402 5547
f 5536 5547 5538
f 5538 5547 5548
f 5538 5548 5540
f 5540 5548 5549
f 5540 5549 5542
f 5542 5549 5550
f 5542 5550 5544
f 5544 5550 5551
f 5544 5551 5546
f 5546 5551 5479
f 5546 5479 5480
f 4402 4400 5547
f 5547 4400 5552
f 5547 5552 5548
f 5548 5552 5553
f 5548 5553 5549
f 5549 5553 5554
f 5549 5554 5550
f 5550 5554 5555
f 5550 5555 5551
f 5551 5555 5478
f 5551 5478 5479
f 5552 4400 5556
f 5556 4400 4398
f 5556 4398 5557
f 5557 4398 4396
f 5557 4396 5558
f 5558 4396 5474
f 5558 5474 5475
f 5478 5555 5477
f 5477 5555 5559
f 5477 5559 5476
f 5476 5559 5560
f 5476 5560 5475
f 5475 5560 5558
f 5555 5554 5559
f 5559 5554 5561
f 5559 5561 5560
f 5560 5561 5557
f 5560 5557 5558
f 5481 5482 5545
f 5545 5482 5562
f 5545 5562 5543
f 5543 5562 5563
f 5543 5563 5541
f 5541 5563 5564
f 5541 5564 5539
f 5539 5564 5565
f 5539 5565 5537
f 5537 5565 5566
f 5537 5566 5535
f 5535 5566 5534
f 5556 5557 5561
f 5556 5561 5553
f 5553 5561 5554
f 5482 5483 5562
f 5562 5483 5567
f 5562 5567 5563
f 5563 5567 5568
f 5563 5568 5564
f 5564 5568 5569
f 5564 5569 5565
f 5565 5569 5570
f 5565 5570 5566
f 5566 5570 5571
f 5566 5571 5534
f 5534 5571 5533
f 5552 5556 5553
f 5483 5484 5567
f 5567 5484 5532
f 5567 5532 5568
f 5568 5532 5531
f 5568 5531 5569
f 5569 5531 5530
f 5569 5530 5570
f 5570 5530 5529
f 5570 5529 5571
f 5571 5529 5528
f 5571 5528 5533
f 5533 5528 5527
f 4550 4551 5572
f 5572 4551 5418
f 5572 5418 5573
f 5573 5418 5420
f 5573 5420 5574
f 5574 5420 5422
f 5574 5422 5575
f 5575 5422 5424
f 5575 5424 5576
f 5576 5424 5426
f 5576 5426 5577
f 5577 5426 5428
f 5577 5428 5578
f 5578 5428 5430
f 5578 5430 4298
f 4298 5430 4300
f 4324 4322 5579
f 5579 4322 5499
f 5579 5499 5580
f 5580 5499 5505
f 5580 5505 5581
f 5581 5505 5510
f 5581 5510 5582
f 5582 5510 5514
f 5582 5514 5583
f 5583 5514 5517
f 5583 5517 5584
f 5584 5517 5519
f 5584 5519 5585
f 5585 5519 5520
f 5585 5520 4566
f 4566 5520 4567
f 4549 4550 5586
f 5586 4550 5572
f 5586 5572 5573
f 5586 5573 5587
f 5587 5573 5574
f 5587 5574 5588
f 5588 5574 5575
f 5588 5575 5589
f 5589 5575 5576
f 5589 5576 5590
f 5590 5576 5577
f 5590 5577 5591
f 5591 5577 5578
f 5591 5578 5592
f 5592 5578 4298
f 5592 4298 4442
f 5592 4442 5593
f 5593 4442 4440
f 5593 4440 5594
f 5594 4440 5595
f 5594 5595 5596
f 5596 5595 5597
f 5596 5597 5598
f 5598 5597 5599
f 5598 5599 5600
f 5600 5599 5601
f 5600 5601 5602
f 5602 5601 5603
f 5602 5603 5604
f 5604 5603 5605
f 5604 5605 5606
f 5606 5605 5607
f 5606 5607 4560
f 4560 5607 4561
f 4561 5607 5608
f 4561 5608 4562
f 4562 5608 5609
f 4562 5609 4563
f 4563 5609 5610
f 4563 5610 4564
f 4564 5610 5611
f 5611 5610 5612
f 5611 5612 5613
f 5613 5612 5614
f 5613 5614 5615
f 5615 5614 5616
f 5615 5616 5617
f 5617 5616 5618
f 5617 5618 5619
f 5619 5618 5620
f 5619 5620 5621
f 5621 5620 5622
f 5621 5622 5623
f 5623 5622 4304
f 4304 5622 4428
f 4428 5622 5624
f 4428 5624 5625
f 5625 5624 5626
f 5625 5626 5627
f 5627 5626 5628
f 5627 5628 5629
f 5629 5628 5630
f 5629 5630 5631
f 5631 5630 5632
f 5631 5632 5633
f 5633 5632 5634
f 5633 5634 5635
f 5635 5634 5609
f 5635 5609 5608
f 4440 4438 5595
f 5595 4438 5636
f 5595 5636 5597
f 5597 5636 5637
f 5597 5637 5599
f 5599 5637 5638
f 5599 5638 5601
f 5601 5638 5639
f 5601 5639 5603
f 5603 5639 5640
f 5603 5640 5605
f 5605 5640 5641
f 5605 5641 5607
f 5607 5641 5608
f 4438 4436 5636
f 5636 4436 5642
f 5636 5642 5637
f 5637 5642 5643
f 5637 5643 5638
f 5638 5643 5644
f 5638 5644 5639
f 5639 5644 5645
f 5639 5645 5640
f 5640 5645 5646
f 5640 5646 5641
f 5641 5646 5635
f 5641 5635 5608
f 5642 4436 5647
f 5647 4436 4434
f 5647 4434 5648
f 5648 4434 4432
f 5648 4432 5649
f 5649 4432 5650
f 5649 5650 5651
f 5651 5650 5627
f 5651 5627 5629
f 4432 4430 5650
f 5650 4430 5625
f 5650 5625 5627
f 4430 4428 5625
f 4560 4559 5606
f 5606 4559 5652
f 5606 5652 5604
f 5604 5652 5653
f 5604 5653 5602
f 5602 5653 5654
f 5602 5654 5600
f 5600 5654 5655
f 5600 5655 5598
f 5598 5655 5656
f 5598 5656 5596
f 5596 5656 5657
f 5596 5657 5594
f 5594 5657 5593
f 4559 4558 5652
f 5652 4558 5658
f 5652 5658 5653
f 5653 5658 5659
f 5653 5659 5654
f 5654 5659 5660
f 5654 5660 5655
f 5655 5660 5661
f 5655 5661 5656
f 5656 5661 5662
f 5656 5662 5657
f 5657 5662 5663
f 5657 5663 5593
f 5593 5663 5592
f 5658 4558 5664
f 5664 4558 4557
f 5664 4557 5665
f 5665 4557 4556
f 5665 4556 5666
f 5666 4556 4555
f 5666 4555 5667
f 5667 4555 4552
f 5667 4552 5668
f 5668 4552 4549
f 5668 4549 5586
f 5592 5663 5591
f 5591 5663 5669
f 5591 5669 5590
f 5590 5669 5670
f 5590 5670 5589
f 5589 5670 5671
f 5589 5671 5588
f 5588 5671 5672
f 5588 5672 5587
f 5587 5672 5668
f 5587 5668 5586
f 5663 5662 5669
f 5669 5662 5673
f 5669 5673 5670
f 5670 5673 5674
f 5670 5674 5671
f 5671 5674 5675
f 5671 5675 5672
f 5672 5675 5667
f 5672 5667 5668
f 5673 5662 5661
f 5674 5673 5676
f 5676 5673 5661
f 5676 5661 5660
f 5675 5674 5677
f 5677 5674 5676
f 5677 5676 5678
f 5678 5676 5660
f 5678 5660 5659
f 5667 5675 5666
f 5666 5675 5677
f 5666 5677 5665
f 5665 5677 5678
f 5665 5678 5664
f 5664 5678 5659
f 5664 5659 5658
f 5642 5647 5643
f 5643 5647 5679
f 5643 5679 5644
f 5644 5679 5680
f 5644 5680 5645
f 5645 5680 5681
f 5645 5681 5646
f 5646 5681 5633
f 5646 5633 5635
f 5647 5648 5679
f 5679 5648 5682
f 5679 5682 5680
f 5680 5682 5683
f 5680 5683 5681
f 5681 5683 5631
f 5681 5631 5633
f 5649 5651 5682
f 5682 5651 5683
f 5631 5683 5629
f 5629 5683 5651
f 5648 5649 5682
f 5626 5624 5620
f 5620 5624 5622
f 5628 5626 5618
f 5618 5626 5620
f 5630 5628 5616
f 5616 5628 5618
f 5632 5630 5614
f 5614 5630 5616
f 5634 5632 5612
f 5612 5632 5614
f 5609 5634 5610
f 5610 5634 5612
f 4147 4688 5684
f 5684 4688 5685
f 5684 5685 5686
f 5686 5685 5687
f 5686 5687 5688
f 5688 5687 5689
f 5688 5689 5690
f 5690 5689 5691
f 5690 5691 5692
f 5692 5691 5693
f 5692 5693 5694
f 5694 5693 5695
f 5694 5695 5696
f 5696 5695 5697
f 5696 5697 4566
f 4566 5697 5585
f 5585 5697 5698
f 5585 5698 5584
f 5584 5698 5699
f 5584 5699 5583
f 5583 5699 5700
f 5583 5700 5582
f 5582 5700 5701
f 5582 5701 5581
f 5581 5701 5702
f 5581 5702 5580
f 5580 5702 5703
f 5580 5703 5579
f 5579 5703 4324
f 4688 4689 5685
f 5685 4689 5704
f 5685 5704 5687
f 5687 5704 5705
f 5687 5705 5689
f 5689 5705 5706
f 5689 5706 5691
f 5691 5706 5707
f 5691 5707 5693
f 5693 5707 5708
f 5693 5708 5695
f 5695 5708 5709
f 5695 5709 5697
f 5697 5709 5698
f 4689 4691 5704
f 5704 4691 5710
f 5704 5710 5705
f 5705 5710 5711
f 5705 5711 5706
f 5706 5711 5712
f 5706 5712 5707
f 5707 5712 5713
f 5707 5713 5708
f 5708 5713 5714
f 5708 5714 5709
f 5709 5714 5715
f 5709 5715 5698
f 5698 5715 5699
f 4691 4693 5710
f 5710 4693 5716
f 5710 5716 5711
f 5711 5716 5717
f 5711 5717 5712
f 5712 5717 5718
f 5712 5718 5713
f 5713 5718 5719
f 5713 5719 5714
f 5714 5719 5720
f 5714 5720 5715
f 5715 5720 5721
f 5715 5721 5699
f 5699 5721 5700
f 4693 4695 5716
f 5716 4695 5722
f 5716 5722 5717
f 5717 5722 5723
f 5717 5723 5718
f 5718 5723 5724
f 5718 5724 5719
f 5719 5724 5725
f 5719 5725 5720
f 5720 5725 5726
f 5720 5726 5721
f 5721 5726 5727
f 5721 5727 5700
f 5700 5727 5701
f 4695 4697 5722
f 5722 4697 5728
f 5722 5728 5723
f 5723 5728 5729
f 5723 5729 5724
f 5724 5729 5730
f 5724 5730 5725
f 5725 5730 5731
f 5725 5731 5726
f 5726 5731 5732
f 5726 5732 5727
f 5727 5732 5733
f 5727 5733 5701
f 5701 5733 5702
f 4697 4699 5728
f 5728 4699 5734
f 5728 5734 5729
f 5729 5734 5735
f 5729 5735 5730
f 5730 5735 5736
f 5730 5736 5731
f 5731 5736 5737
f 5731 5737 5732
f 5732 5737 5738
f 5732 5738 5733
f 5733 5738 5739
f 5733 5739 5702
f 5702 5739 5703
f 4699 4324 5734
f 5734 4324 5735
f 5735 4324 5736
f 5736 4324 5737
f 5737 4324 5738
f 5738 4324 5739
f 5739 4324 5703
f 4565 4564 5740
f 5740 4564 5611
f 5740 5611 5741
f 5741 5611 5613
f 5741 5613 5742
f 5742 5613 5615
f 5742 5615 5743
f 5743 5615 5617
f 5743 5617 5744
f 5744 5617 5619
f 5744 5619 5745
f 5745 5619 5621
f 5745 5621 5746
f 5746 5621 5623
f 5746 5623 4302
f 4302 5623 4304
f 5684 5747 4147
f 4147 5747 5748
f 4147 5748 4151
f 4151 5748 5749
f 5749 5748 5750
f 5750 5748 5751
f 5750 5751 5752
f 5752 5751 5753
f 5752 5753 5754
f 5754 5753 5755
f 5754 5755 5756
f 5756 5755 5757
f 5756 5757 5758
f 5758 5757 5759
f 5758 5759 5760
f 5760 5759 5761
f 5760 5761 4565
f 4565 5761 5762
f 4565 5762 4566
f 4566 5762 5696
f 5696 5762 5694
f 5694 5762 5763
f 5694 5763 5692
f 5692 5763 5764
f 5692 5764 5690
f 5690 5764 5765
f 5690 5765 5688
f 5688 5765 5766
f 5688 5766 5686
f 5686 5766 5767
f 5686 5767 5684
f 5684 5767 5747
f 5751 5748 5747
f 5751 5747 5767
f 5753 5751 5767
f 5753 5767 5766
f 5755 5753 5766
f 5755 5766 5765
f 5757 5755 5765
f 5757 5765 5764
f 5759 5757 5764
f 5759 5764 5763
f 5761 5759 5763
f 5761 5763 5762
f 4565 5740 5760
f 5760 5740 5768
f 5760 5768 5758
f 5758 5768 5769
f 5758 5769 5756
f 5756 5769 5770
f 5756 5770 5754
f 5754 5770 5771
f 5754 5771 5752
f 5752 5771 5772
f 5752 5772 5750
f 5750 5772 5773
f 5750 5773 5749
f 5749 5773 5774
f 5749 5774 4151
f 4151 5774 4675
f 4675 5774 5775
f 4675 5775 4673
f 4673 5775 5776
f 4673 5776 4671
f 4671 5776 5777
f 4671 5777 4669
f 4669 5777 5778
f 4669 5778 4667
f 4667 5778 5779
f 4667 5779 4665
f 4665 5779 5780
f 4665 5780 4664
f 4664 5780 4302
f 5740 5741 5768
f 5768 5741 5781
f 5768 5781 5769
f 5769 5781 5782
f 5769 5782 5770
f 5770 5782 5783
f 5770 5783 5771
f 5771 5783 5784
f 5771 5784 5772
f 5772 5784 5785
f 5772 5785 5773
f 5773 5785 5786
f 5773 5786 5774
f 5774 5786 5775
f 5741 5742 5781
f 5781 5742 5787
f 5781 5787 5782
f 5782 5787 5788
f 5782 5788 5783
f 5783 5788 5789
f 5783 5789 5784
f 5784 5789 5790
f 5784 5790 5785
f 5785 5790 5791
f 5785 5791 5786
f 5786 5791 5792
f 5786 5792 5775
f 5775 5792 5776
f 5742 5743 5787
f 5787 5743 5793
f 5787 5793 5788
f 5788 5793 5794
f 5788 5794 5789
f 5789 5794 5795
f 5789 5795 5790
f 5790 5795 5796
f 5790 5796 5791
f 5791 5796 5797
f 5791 5797 5792
f 5792 5797 5798
f 5792 5798 5776
f 5776 5798 5777
f 5743 5744 5793
f 5793 5744 5799
f 5793 5799 5794
f 5794 5799 5800
f 5794 5800 5795
f 5795 5800 5801
f 5795 5801 5796
f 5796 5801 5802
f 5796 5802 5797
f 5797 5802 5803
f 5797 5803 5798
f 5798 5803 5804
f 5798 5804 5777
f 5777 5804 5778
f 5744 5745 5799
f 5799 5745 5805
f 5799 5805 5800
f 5800 5805 5806
f 5800 5806 5801
f 5801 5806 5807
f 5801 5807 5802
f 5802 5807 5808
f 5802 5808 5803
f 5803 5808 5809
f 5803 5809 5804
f 5804 5809 5810
f 5804 5810 5778
f 5778 5810 5779
f 5745 5746 5805
f 5805 5746 5811
f 5805 5811 5806
f 5806 5811 5812
f 5806 5812 5807
f 5807 5812 5813
f 5807 5813 5808
f 5808 5813 5814
f 5808 5814 5809
f 5809 5814 5815
f 5809 5815 5810
f 5810 5815 5816
f 5810 5816 5779
f 5779 5816 5780
f 5746 4302 5811
f 5811 4302 5812
f 5812 4302 5813
f 5813 4302 5814
f 5814 4302 5815
f 5815 4302 5816
f 5816 4302 5780
f 4246 4242 5817
f 5817 4242 5818
f 5817 5818 5819
f 5817 5819 5820
f 5820 5819 5821
f 5820 5821 5822
f 5822 5821 5823
f 5822 5823 5824
f 5824 5823 5825
f 5824 5825 5826
f 5826 5825 5827
f 5826 5827 5828
f 5828 5827 5829
f 5828 5829 5830
f 5830 5829 5831
f 5830 5831 5832
f 5832 5831 5833
f 5832 5833 5834
f 5834 5833 5835
f 5834 5835 5836
f 5836 5835 4235
f 4235 5835 4213
f 4293 4292 5837
f 5837 4292 5838
f 5837 5838 5839
f 5837 5839 5840
f 5840 5839 5841
f 5840 5841 5842
f 5842 5841 5843
f 5842 5843 5844
f 5844 5843 5845
f 5844 5845 5846
f 5846 5845 5847
f 5846 5847 5848
f 5848 5847 5849
f 5848 5849 5850
f 5850 5849 5851
f 5850 5851 5852
f 5852 5851 5853
f 5852 5853 5854
f 5854 5853 5855
f 5854 5855 5856
f 5856 5855 4237
f 4237 5855 4238
f 4143 4139 5857
f 5857 4139 5858
f 5857 5858 5859
f 5857 5859 5860
f 5860 5859 5861
f 5860 5861 5862
f 5862 5861 5863
f 5862 5863 5864
f 5864 5863 5865
f 5864 5865 5866
f 5866 5865 5867
f 5866 5867 5868
f 5868 5867 5869
f 5868 5869 5870
f 5870 5869 5871
f 5870 5871 5872
f 5872 5871 5873
f 5872 5873 5874
f 5874 5873 5875
f 5874 5875 5876
f 5876 5875 4289
f 4289 5875 4290
f 4236 4218 5877
f 5877 4218 5878
f 5877 5878 5879
f 5877 5879 5880
f 5880 5879 5881
f 5880 5881 5882
f 5882 5881 5883
f 5882 5883 5884
f 5884 5883 5885
f 5884 5885 5886
f 5886 5885 5887
f 5886 5887 5888
f 5888 5887 5889
f 5888 5889 5890
f 5890 5889 5891
f 5890 5891 5892
f 5892 5891 5893
f 5892 5893 5894
f 5894 5893 5895
f 5894 5895 5896
f 5896 5895 4134
f 4134 5895 4135
f 5897 5898 5899
f 5899 5898 5900
f 5899 5900 5901
f 5901 5900 5902
f 5901 5902 5903
f 5903 5902 5904
f 5905 5906 5897
f 5897 5906 5898
f 5907 5908 5909
f 5909 5908 5910
f 5909 5910 5911
f 5911 5910 5912
f 5911 5912 5913
f 5913 5912 5914
f 5913 5914 5915
f 5915 5914 5916
f 5915 5916 5917
f 5917 5916 5918
f 5917 5918 5905
f 5905 5918 5906
f 5919 5920 5907
f 5907 5920 5908
f 5921 5922 5923
f 5923 5922 5924
f 5923 5924 5925
f 5925 5924 5926
f 5925 5926 5919
f 5919 5926 5920
f 5927 5922 5928
f 5928 5922 5921
f 5929 5930 5931
f 5931 5930 5932
f 5931 5932 5933
f 5933 5932 5934
f 5933 5934 5928
f 5928 5934 5927
f 5935 5936 5929
f 5929 5936 5930
f 5937 5938 5939
f 5939 5938 5940
f 5939 5940 5941
f 5941 5940 5942
f 5941 5942 5943
f 5943 5942 5944
f 5943 5944 5945
f 5945 5944 5946
f 5945 5946 5947
f 5947 5946 5948
f 5947 5948 5935
f 5935 5948 5936
f 5949 5950 5937
f 5937 5950 5938
f 5951 5952 5953
f 5953 5952 5954
f 5953 5954 5955
f 5955 5954 5956
f 5955 5956 5949
f 5949 5956 5950
f 5904 5952 5903
f 5903 5952 5951
f 5899 5901 5897
f 5897 5901 5903
f 5897 5903 5921
f 5921 5903 5951
f 5921 5951 5928
f 5928 5951 5929
f 5928 5929 5933
f 5933 5929 5931
f 5953 5955 5951
f 5951 5955 5949
f 5951 5949 5929
f 5929 5949 5937
f 5929 5937 5935
f 5935 5937 5939
f 5935 5939 5941
f 5941 5943 5935
f 5935 5943 5945
f 5935 5945 5947
f 5923 5925 5921
f 5921 5925 5919
f 5921 5919 5897
f 5897 5919 5907
f 5897 5907 5905
f 5905 5907 5909
f 5905 5909 5911
f 5911 5913 5905
f 5905 5913 5915
f 5905 5915 5917
f 5957 5958 5959
f 5959 5958 5960
f 5959 5960 5961
f 5961 5960 5962
f 5961 5962 5963
f 5963 5962 5964
f 5963 5964 5965
f 5965 5964 5966
f 5965 5966 5967
f 5967 5966 5968
f 5967 5968 5969
f 5969 5968 5970
f 5971 5972 5957
f 5957 5972 5958
f 5973 5974 5975
f 5975 5974 5976
f 5975 5976 5977
f 5977 5976 5978
f 5977 5978 5971
f 5971 5978 5972
f 5979 5974 5980
f 5980 5974 5973
f 5981 5982 5983
f 5983 5982 5984
f 5983 5984 5985
f 5985 5984 5986
f 5985 5986 5980
f 5980 5986 5979
f 5987 5988 5981
f 5981 5988 5982
f 5989 5990 5991
f 5991 5990 5992
f 5991 5992 5993
f 5993 5992 5994
f 5993 5994 5995
f 5995 5994 5996
f 5995 5996 5997
f 5997 5996 5998
f 5997 5998 5999
f 5999 5998 6000
f 5999 6000 5987
f 5987 6000 5988
f 6001 5990 6002
f 6002 5990 5989
f 6003 6004 6005
f 6005 6004 6006
f 6005 6006 6007
f 6007 6006 6008
f 6007 6008 6002
f 6002 6008 6001
f 6009 6004 6010
f 6010 6004 6003
f 6011 6012 6013
f 6013 6012 6014
f 6013 6014 6015
f 6015 6014 6016
f 6015 6016 6010
f 6010 6016 6009
f 5969 5970 6011
f 6011 5970 6012
f 5959 5961 5957
f 5957 5961 5963
f 5957 5963 5965
f 5965 5967 5957
f 5957 5967 5969
f 5957 5969 5971
f 5971 5969 6011
f 5971 6011 6010
f 6010 6011 6013
f 6010 6013 6015
f 6003 5980 6010
f 6010 5980 5973
f 6010 5973 5971
f 5971 5973 5975
f 5971 5975 5977
f 5980 6003 6002
f 6002 6003 6005
f 6002 6005 6007
f 5989 5987 6002
f 6002 5987 5981
f 6002 5981 5980
f 5980 5981 5983
f 5980 5983 5985
f 5991 5993 5989
f 5989 5993 5995
f 5989 5995 5997
f 5997 5999 5989
f 5989 5999 5987
f 4152 4177 5920
f 5920 4177 5908
f 4177 4176 5908
f 5908 4176 5910
f 5910 4176 4175
f 5910 4175 5912
f 5912 4175 4174
f 5912 4174 4173
f 5912 4173 5914
f 5914 4173 4172
f 5914 4172 5916
f 5916 4172 4171
f 5916 4171 4170
f 5916 4170 5918
f 5918 4170 4157
f 5918 4157 5906
f 5906 4157 4156
f 4152 5920 4153
f 4153 5920 5926
f 4153 5926 4154
f 4154 5926 5924
f 4154 5924 4178
f 4178 5924 4179
f 4179 5924 5922
f 4179 5922 4180
f 4156 4155 5906
f 5906 4155 5898
f 5922 5927 4180
f 4180 5927 4181
f 4155 4169 5898
f 5898 4169 5900
f 5900 4169 4168
f 5900 4168 4167
f 5900 4167 5902
f 5902 4167 4166
f 5902 4166 5904
f 5904 4166 4165
f 4181 5927 4182
f 4182 5927 5934
f 4182 5934 4183
f 4183 5934 5932
f 4183 5932 4184
f 4184 5932 4185
f 4185 5932 5930
f 4185 5930 4148
f 4165 4164 5904
f 5904 4164 5952
f 5930 5936 4148
f 4148 5936 4149
f 4164 4138 5952
f 5952 4138 5954
f 5954 4138 4137
f 5954 4137 4142
f 5954 4142 5956
f 5956 4142 4141
f 5956 4141 5950
f 5950 4141 4140
f 4149 5936 4150
f 4150 5936 5948
f 4150 5948 4158
f 4158 5948 5946
f 4158 5946 4159
f 4159 5946 4160
f 4160 5946 5944
f 4160 5944 4161
f 4161 5944 5942
f 4161 5942 4145
f 4145 5942 4146
f 4146 5942 5940
f 4146 5940 4162
f 4162 5940 5938
f 4162 5938 4163
f 4140 4163 5950
f 5950 4163 5938
f 4251 4282 5972
f 5972 4282 5958
f 4282 4281 5958
f 5958 4281 5960
f 5960 4281 4280
f 5960 4280 5962
f 5962 4280 4279
f 5962 4279 4278
f 5962 4278 5964
f 5964 4278 4277
f 5964 4277 5966
f 5966 4277 4276
f 5966 4276 4275
f 5966 4275 5968
f 5968 4275 4257
f 5968 4257 5970
f 5970 4257 4256
f 4251 5972 4252
f 4252 5972 5978
f 4252 5978 4253
f 4253 5978 5976
f 4253 5976 4283
f 4283 5976 4284
f 4284 5976 5974
f 4284 5974 4285
f 4256 4255 5970
f 5970 4255 6012
f 5974 5979 4285
f 4285 5979 4286
f 4255 4274 6012
f 6012 4274 6014
f 6014 4274 4273
f 6014 4273 4272
f 6014 4272 6016
f 6016 4272 4271
f 6016 4271 6009
f 6009 4271 4270
f 4286 5979 4287
f 4287 5979 5986
f 4287 5986 4248
f 4248 5986 5984
f 4248 5984 4249
f 4249 5984 4288
f 4288 5984 5982
f 4288 5982 4243
f 4270 4269 6009
f 6009 4269 6004
f 5982 5988 4243
f 4243 5988 4244
f 4269 4268 6004
f 6004 4268 6006
f 6006 4268 4267
f 6006 4267 4260
f 6006 4260 6008
f 6008 4260 4259
f 6008 4259 6001
f 6001 4259 4258
f 4244 5988 4245
f 4245 5988 6000
f 4245 6000 4261
f 4261 6000 5998
f 4261 5998 4240
f 4240 5998 4241
f 4241 5998 5996
f 4241 5996 4262
f 4262 5996 5994
f 4262 5994 4263
f 4263 5994 4264
f 4264 5994 5992
f 4264 5992 4265
f 4265 5992 5990
f 4265 5990 4266
f 4258 4266 6001
f 6001 4266 5990
f 3104 3103 2972
f 2972 3103 3102
f 2972 3102 2970
f 2970 3102 3106
f 2970 3106 3100
f 3100 3106 3107
f 3100 3107 3098
f 3098 3107 3108
f 3098 3108 3096
f 3096 3108 3109
f 3096 3109 3094
f 3094 3109 3110
f 3094 3110 3092
f 3092 3110 3111
f 3092 3111 3090
f 3090 3111 3112
f 3090 3112 3088
f 3088 3112 3113
f 3088 3113 3086
f 3086 3113 3114
f 3086 3114 3084
f 3084 3114 3116
f 3084 3116 3082
f 3082 3116 3115
f 3082 3115 3080
f 3080 3115 3117
f 3080 3117 3078
f 3078 3117 3118
f 3078 3118 3076
f 3076 3118 3119
f 3076 3119 3074
f 3074 3119 3120
f 3074 3120 3072
f 3072 3120 3121
f 3072 3121 3070
f 3070 3121 3122
f 3070 3122 3068
f 3068 3122 3123
f 3068 3123 3066
f 3066 3123 3124
f 3066 3124 3064
f 3064 3124 3125
f 3064 3125 3062
f 3062 3125 3126
f 3062 3126 3060
f 3060 3126 3169
f 3060 3169 3058
f 3058 3169 3127
f 3058 3127 3056
f 3056 3127 3128
f 3056 3128 3054
f 3054 3128 3129
f 3054 3129 3052
f 3052 3129 3130
f 3052 3130 3050
f 3050 3130 3131
f 3050 3131 3048
f 3048 3131 3132
f 3048 3132 3046
f 3046 3132 3133
f 3046 3133 3044
f 3044 3133 3134
f 3044 3134 3042
f 3042 3134 3135
f 3042 3135 3040
f 3040 3135 3136
f 3040 3136 3038
f 3038 3136 3137
f 3038 3137 3138
f 3038 3138 3036
f 3036 3138 3139
f 3036 3139 3034
f 3034 3139 3140
f 3034 3140 3032
f 3032 3140 3141
f 3032 3141 3030
f 3030 3141 3142
f 3030 3142 3028
f 3028 3142 3143
f 3028 3143 3026
f 3026 3143 3144
f 3026 3144 3024
f 3024 3144 3145
f 3024 3145 3022
f 3022 3145 3146
f 3022 3146 3020
f 3020 3146 3147
f 3020 3147 3018
f 3018 3147 3148
f 3018 3148 3016
f 3016 3148 3149
f 3016 3149 3014
f 3014 3149 3150
f 3014 3150 3012
f 3012 3150 3151
f 3012 3151 3010
f 3010 3151 3152
f 3010 3152 3008
f 3008 3152 3153
f 3008 3153 3006
f 3006 3153 3154
f 3006 3154 3004
f 3004 3154 3155
f 3004 3155 3002
f 3002 3155 3156
f 3002 3156 3000
f 3000 3156 3157
f 3000 3157 2998
f 2998 3157 3158
f 2998 3158 2996
f 2996 3158 3159
f 2996 3159 2994
f 2994 3159 3160
f 2994 3160 2992
f 2992 3160 3161
f 2992 3161 2990
f 2990 3161 3162
f 2990 3162 2988
f 2988 3162 3163
f 2988 3163 2986
f 2986 3163 3164
f 2986 3164 2984
f 2984 3164 3165
f 2984 3165 2982
f 2982 3165 3166
f 2982 3166 2980
f 2980 3166 3167
f 2980 3167 2978
f 2978 3167 3168
f 2978 3168 2976
f 2976 3168 3105
f 2976 3105 2974
f 2974 3105 3104
f 2974 3104 2972
f 2975 2973 2864
f 2864 2973 2971
f 2864 2971 2862
f 2862 2971 3101
f 2862 3101 2968
f 2968 3101 3099
f 2968 3099 2966
f 2966 3099 3097
f 2966 3097 2964
f 2964 3097 3095
f 2964 3095 2962
f 2962 3095 3093
f 2962 3093 3091
f 2962 3091 2960
f 2960 3091 3089
f 2960 3089 2958
f 2958 3089 3087
f 2958 3087 2956
f 2956 3087 3085
f 2956 3085 2954
f 2954 3085 3083
f 2954 3083 6017
f 6017 3083 3081
f 6017 3081 6018
f 6018 3081 3079
f 6018 3079 6019
f 6019 3079 6020
f 6020 3079 3077
f 6020 3077 6021
f 6021 3077 6022
f 6022 3077 6023
f 6023 3077 3075
f 6023 3075 6024
f 6024 3075 3073
f 6024 3073 3071
f 6024 3071 1818
f 1818 3071 3069
f 1818 3069 1816
f 1816 3069 3067
f 1816 3067 1814
f 1814 3067 1812
f 1812 3067 1810
f 1810 3067 3065
f 1810 3065 1808
f 1808 3065 1806
f 1806 3065 3063
f 1806 3063 1804
f 1804 3063 3061
f 1804 3061 2936
f 2936 3061 3059
f 2936 3059 2934
f 2934 3059 3057
f 2934 3057 2932
f 2932 3057 3055
f 2932 3055 2930
f 2930 3055 3053
f 2930 3053 2928
f 2928 3053 3051
f 2928 3051 3049
f 2928 3049 2926
f 2926 3049 3047
f 2926 3047 2924
f 2924 3047 3045
f 2924 3045 2922
f 2922 3045 3043
f 2922 3043 2920
f 2920 3043 3041
f 2920 3041 2918
f 2918 3041 3039
f 2918 3039 3037
f 2918 3037 2916
f 2916 3037 3035
f 2916 3035 2914
f 2914 3035 3033
f 2914 3033 2912
f 2912 3033 3031
f 2912 3031 2910
f 2910 3031 3029
f 2910 3029 2908
f 2908 3029 3027
f 2908 3027 3025
f 2908 3025 2906
f 2906 3025 3023
f 2906 3023 2904
f 2904 3023 3021
f 2904 3021 2902
f 2902 3021 3019
f 2902 3019 2900
f 2900 3019 3017
f 2900 3017 1782
f 1782 3017 3015
f 1782 3015 1780
f 1780 3015 3013
f 1780 3013 1778
f 1778 3013 1776
f 1776 3013 3011
f 1776 3011 1774
f 1774 3011 1772
f 1772 3011 1770
f 1770 3011 3009
f 1770 3009 1768
f 1768 3009 3007
f 1768 3007 3005
f 1768 3005 6025
f 6025 3005 3003
f 6025 3003 6026
f 6026 3003 3001
f 6026 3001 6027
f 6027 3001 6028
f 6028 3001 6029
f 6029 3001 2999
f 6029 2999 6030
f 6030 2999 6031
f 6031 2999 2997
f 6031 2997 6032
f 6032 2997 2995
f 6032 2995 2882
f 2882 2995 2993
f 2882 2993 2880
f 2880 2993 2991
f 2880 2991 2878
f 2878 2991 2989
f 2878 2989 2876
f 2876 2989 2987
f 2876 2987 2874
f 2874 2987 2985
f 2874 2985 2983
f 2874 2983 2872
f 2872 2983 2981
f 2872 2981 2870
f 2870 2981 2979
f 2870 2979 2868
f 2868 2979 2977
f 2868 2977 2866
f 2866 2977 2975
f 2866 2975 2864
f 1782 1784 2900
f 2900 1784 2898
f 2898 1784 1786
f 2898 1786 1788
f 2898 1788 2896
f 2896 1788 1790
f 2896 1790 2894
f 2894 1790 1792
f 2894 1792 2892
f 2892 1792 6033
f 2892 6033 2890
f 2890 6033 2888
f 2888 6033 6034
f 2888 6034 2886
f 2886 6034 6035
f 2886 6035 2884
f 2884 6035 6036
f 2884 6036 6037
f 2884 6037 2882
f 2882 6037 6032
f 1794 2946 6038
f 6038 2946 2948
f 6038 2948 6039
f 6039 2948 2950
f 6039 2950 6040
f 6040 2950 2952
f 6040 2952 6041
f 6041 2952 6042
f 6042 2952 2954
f 6042 2954 6017
f 1796 2942 1794
f 1794 2942 2944
f 1794 2944 2946
f 2942 1796 2940
f 2940 1796 1798
f 2940 1798 2938
f 2938 1798 1800
f 2938 1800 1802
f 2938 1802 2936
f 2936 1802 1804
f 2710 2758 2708
f 2708 2758 2760
f 2708 2760 2706
f 2706 2760 2762
f 2706 2762 2808
f 2808 2762 2764
f 2808 2764 2806
f 2806 2764 2766
f 2806 2766 2804
f 2804 2766 2768
f 2804 2768 2802
f 2802 2768 2770
f 2802 2770 2800
f 2800 2770 2772
f 2800 2772 2798
f 2798 2772 2774
f 2798 2774 2796
f 2796 2774 2776
f 2796 2776 2794
f 2794 2776 2778
f 2794 2778 2792
f 2792 2778 2780
f 2792 2780 2790
f 2790 2780 2782
f 2790 2782 2788
f 2788 2782 2784
f 2788 2784 2786
f 2758 2710 2756
f 2756 2710 2712
f 2756 2712 2754
f 2754 2712 2714
f 2754 2714 2752
f 2752 2714 2716
f 2752 2716 2750
f 2750 2716 2718
f 2750 2718 2748
f 2748 2718 2720
f 2748 2720 2746
f 2746 2720 2722
f 2746 2722 2744
f 2744 2722 2724
f 2744 2724 2742
f 2742 2724 2726
f 2742 2726 2740
f 2740 2726 2728
f 2740 2728 2738
f 2738 2728 2730
f 2738 2730 2736
f 2736 2730 2732
f 2736 2732 2734
f 2867 2865 2811
f 2811 2865 2863
f 2811 2863 2810
f 2810 2863 2969
f 2810 2969 2861
f 2861 2969 2967
f 2861 2967 2860
f 2860 2967 2965
f 2860 2965 2859
f 2859 2965 2963
f 2859 2963 2858
f 2858 2963 2961
f 2858 2961 2857
f 2857 2961 2959
f 2857 2959 2856
f 2856 2959 2957
f 2856 2957 2855
f 2855 2957 2955
f 2855 2955 2854
f 2854 2955 2953
f 2854 2953 2853
f 2853 2953 2951
f 2853 2951 2852
f 2852 2951 2949
f 2852 2949 2851
f 2851 2949 2947
f 2851 2947 2850
f 2850 2947 2945
f 2850 2945 2849
f 2849 2945 2943
f 2849 2943 2848
f 2848 2943 2941
f 2848 2941 2847
f 2847 2941 2939
f 2847 2939 2846
f 2846 2939 2937
f 2846 2937 2845
f 2845 2937 2935
f 2845 2935 2844
f 2844 2935 2933
f 2844 2933 2843
f 2843 2933 2931
f 2843 2931 2842
f 2842 2931 2929
f 2842 2929 2841
f 2841 2929 2927
f 2841 2927 2840
f 2840 2927 2925
f 2840 2925 2839
f 2839 2925 2923
f 2839 2923 2838
f 2838 2923 2921
f 2838 2921 2837
f 2837 2921 2919
f 2837 2919 2917
f 2837 2917 2836
f 2836 2917 2915
f 2836 2915 2835
f 2835 2915 2913
f 2835 2913 2834
f 2834 2913 2911
f 2834 2911 2833
f 2833 2911 2909
f 2833 2909 2832
f 2832 2909 2907
f 2832 2907 2831
f 2831 2907 2905
f 2831 2905 2830
f 2830 2905 2903
f 2830 2903 2829
f 2829 2903 2901
f 2829 2901 2828
f 2828 2901 2899
f 2828 2899 2827
f 2827 2899 2897
f 2827 2897 2826
f 2826 2897 2895
f 2826 2895 2825
f 2825 2895 2893
f 2825 2893 2824
f 2824 2893 2891
f 2824 2891 2823
f 2823 2891 2889
f 2823 2889 2822
f 2822 2889 2887
f 2822 2887 2821
f 2821 2887 2885
f 2821 2885 2820
f 2820 2885 2883
f 2820 2883 2819
f 2819 2883 2881
f 2819 2881 2818
f 2818 2881 2879
f 2818 2879 2817
f 2817 2879 2877
f 2817 2877 2816
f 2816 2877 2875
f 2816 2875 2815
f 2815 2875 2873
f 2815 2873 2814
f 2814 2873 2871
f 2814 2871 2813
f 2813 2871 2869
f 2813 2869 2812
f 2812 2869 2867
f 2812 2867 2811
f 4207 4797 4235
f 4235 4797 4799
f 4235 4799 4800
f 4498 4496 4800
f 4800 4496 4235
f 4235 4496 5836
f 5836 4496 4495
f 5836 4495 5834
f 5834 4495 4494
f 5834 4494 5832
f 5832 4494 4493
f 5832 4493 5830
f 5830 4493 4492
f 5830 4492 5828
f 5828 4492 4491
f 5828 4491 5826
f 5826 4491 4490
f 5826 4490 5824
f 5824 4490 4489
f 5824 4489 5822
f 5822 4489 4488
f 5822 4488 5820
f 5820 4488 4487
f 5820 4487 5817
f 5817 4487 4482
f 5817 4482 4246
f 4486 4779 4482
f 4482 4779 4246
f 4246 4779 4781
f 4246 4781 4782
f 4782 4247 4246
f 4239 4749 4237
f 4237 4749 4751
f 4237 4751 4752
f 4520 4519 4752
f 4752 4519 4237
f 4237 4519 5856
f 5856 4519 4518
f 5856 4518 5854
f 5854 4518 4517
f 5854 4517 5852
f 5852 4517 4516
f 5852 4516 5850
f 5850 4516 4515
f 5850 4515 5848
f 5848 4515 4514
f 5848 4514 5846
f 5846 4514 4513
f 5846 4513 5844
f 5844 4513 4512
f 5844 4512 5842
f 5842 4512 4511
f 5842 4511 5840
f 5840 4511 4510
f 5840 4510 5837
f 5837 4510 4505
f 5837 4505 4293
f 4509 4731 4505
f 4505 4731 4293
f 4293 4731 4733
f 4293 4733 4734
f 4734 4294 4293
f 4291 4701 4289
f 4289 4701 4703
f 4289 4703 4704
f 4544 4542 4704
f 4704 4542 4289
f 4289 4542 5876
f 5876 4542 4541
f 5876 4541 5874
f 5874 4541 4540
f 5874 4540 5872
f 5872 4540 4539
f 5872 4539 5870
f 5870 4539 4538
f 5870 4538 5868
f 5868 4538 4537
f 5868 4537 5866
f 5866 4537 4536
f 5866 4536 5864
f 5864 4536 4535
f 5864 4535 5862
f 5862 4535 4534
f 5862 4534 5860
f 5860 4534 4533
f 5860 4533 5857
f 5857 4533 4528
f 5857 4528 4143
f 4532 4683 4528
f 4528 4683 4143
f 4143 4683 4685
f 4143 4685 4686
f 4686 4144 4143
f 4136 4653 4134
f 4134 4653 4655
f 4134 4655 4656
f 4474 4473 4656
f 4656 4473 4134
f 4134 4473 5896
f 5896 4473 4472
f 5896 4472 5894
f 5894 4472 4471
f 5894 4471 5892
f 5892 4471 4470
f 5892 4470 5890
f 5890 4470 4469
f 5890 4469 5888
f 5888 4469 4468
f 5888 4468 5886
f 5886 4468 4467
f 5886 4467 5884
f 5884 4467 4466
f 5884 4466 5882
f 5882 4466 4465
f 5882 4465 5880
f 5880 4465 4464
f 5880 4464 5877
f 5877 4464 4459
f 5877 4459 4236
f 4463 4635 4459
f 4459 4635 4236
f 4236 4635 4637
f 4236 4637 4638
f 4638 4224 4236
f 4213 5835 3
f 3 5835 1
f 1 5835 5833
f 1 5833 7
f 7 5833 5831
f 7 5831 9
f 9 5831 5829
f 9 5829 11
f 11 5829 5827
f 11 5827 13
f 13 5827 5825
f 13 5825 15
f 15 5825 5823
f 15 5823 17
f 17 5823 5821
f 17 5821 19
f 19 5821 5819
f 19 5819 21
f 21 5819 5818
f 21 5818 23
f 23 5818 4242
f 4242 4238 23
f 23 4238 26
f 3 92 4213
f 4213 92 4218
f 4238 5855 26
f 26 5855 28
f 28 5855 5853
f 28 5853 30
f 30 5853 5851
f 30 5851 32
f 32 5851 5849
f 32 5849 34
f 34 5849 5847
f 34 5847 36
f 36 5847 5845
f 36 5845 38
f 38 5845 5843
f 38 5843 40
f 40 5843 5841
f 40 5841 42
f 42 5841 5839
f 42 5839 44
f 44 5839 5838
f 44 5838 46
f 46 5838 4292
f 4218 92 5878
f 5878 92 90
f 5878 90 5879
f 5879 90 88
f 5879 88 5881
f 5881 88 86
f 5881 86 5883
f 5883 86 84
f 5883 84 5885
f 5885 84 82
f 5885 82 5887
f 5887 82 80
f 5887 80 5889
f 5889 80 78
f 5889 78 5891
f 5891 78 76
f 5891 76 5893
f 5893 76 74
f 5893 74 5895
f 5895 74 72
f 5895 72 4135
f 4292 4290 46
f 46 4290 48
f 72 69 4135
f 4135 69 4139
f 4290 5875 48
f 48 5875 51
f 51 5875 5873
f 51 5873 53
f 53 5873 5871
f 53 5871 55
f 55 5871 5869
f 55 5869 57
f 57 5869 5867
f 57 5867 59
f 59 5867 5865
f 59 5865 61
f 61 5865 5863
f 61 5863 63
f 63 5863 5861
f 63 5861 65
f 65 5861 5859
f 65 5859 67
f 67 5859 5858
f 67 5858 69
f 69 5858 4139
f 4106 6043 4105
f 4105 6043 6044
f 4105 6044 6045
f 4043 6046 4106
f 4106 6046 6047
f 4106 6047 6048
f 4045 6049 4043
f 4043 6049 6050
f 4043 6050 6051
f 4105 6052 4045
f 4045 6052 6053
f 4045 6053 6054
f 6055 6056 4045
f 4045 6056 6049
f 6051 6057 4043
f 4043 6057 6058
f 4043 6058 6059
f 6059 6060 4043
f 4043 6060 6061
f 4043 6061 6062
f 6062 6046 4043
f 6048 6063 4106
f 4106 6063 6064
f 4106 6064 6065
f 6065 6066 4106
f 4106 6066 6067
f 4106 6067 6043
f 6045 6068 4105
f 4105 6068 6069
f 4105 6069 6070
f 6070 6071 4105
f 4105 6071 6072
f 4105 6072 6073
f 6073 6052 4105
f 6054 6074 4045
f 4045 6074 6075
f 4045 6075 6076
f 6076 6077 4045
f 4045 6077 6078
f 4045 6078 6055
f 6079 1803 4063
f 4063 1803 1785
f 4063 1785 1783
f 6080 1819 6079
f 6079 1819 1817
f 6079 1817 1815
f 4072 6081 6080
f 6080 6081 6082
f 6080 6082 6083
f 4063 6084 4072
f 4072 6084 6085
f 4072 6085 6086
f 1771 1769 4063
f 4063 1769 6084
f 6086 6087 4072
f 4072 6087 6088
f 4072 6088 6089
f 6089 6090 4072
f 4072 6090 6091
f 4072 6091 6092
f 6093 6094 6092
f 6092 6094 6081
f 6092 6081 4072
f 6094 6093 6095
f 6095 6093 6096
f 6095 6096 6097
f 6095 6097 6098
f 6098 6097 6099
f 6098 6099 6100
f 6100 6099 1793
f 6100 1793 1795
f 1795 1793 1797
f 1797 1793 1791
f 1797 1791 1799
f 1799 1791 1789
f 1799 1789 1787
f 1799 1787 1801
f 1801 1787 1785
f 1801 1785 1803
f 1783 1781 4063
f 4063 1781 1779
f 4063 1779 1777
f 1777 1775 4063
f 4063 1775 1773
f 4063 1773 1771
f 6083 6101 6080
f 6080 6101 6102
f 6080 6102 6103
f 6103 6104 6080
f 6080 6104 6105
f 6080 6105 6106
f 6106 1819 6080
f 1815 1813 6079
f 6079 1813 1811
f 6079 1811 1809
f 1809 1807 6079
f 6079 1807 1805
f 6079 1805 1803
f 6107 6108 4085
f 4085 6108 6109
f 4085 6109 4089
f 4089 6109 4092
f 4092 6109 6110
f 4092 6110 4093
f 4093 6110 6111
f 4093 6111 4094
f 4094 6111 6112
f 4094 6112 4095
f 4095 6112 6113
f 4095 6113 4096
f 4096 6113 6114
f 4096 6114 4097
f 4097 6114 6115
f 4097 6115 4045
f 4045 6115 6116
f 4045 6116 4105
f 4105 6116 6117
f 4105 6117 6118
f 6118 6117 6119
f 6119 6117 6120
f 6119 6120 6121
f 6121 6120 6122
f 6121 6122 6123
f 6123 6122 6124
f 6123 6124 6125
f 6125 6124 6126
f 6125 6126 6127
f 6127 6126 6128
f 6127 6128 6129
f 6129 6128 6130
f 6129 6130 6107
f 6107 6130 6108
f 6110 6109 6108
f 6108 6130 6131
f 6131 6130 6128
f 6131 6128 6132
f 6132 6128 6126
f 6132 6126 6133
f 6133 6126 6124
f 6133 6124 6134
f 6134 6124 6122
f 6134 6122 6135
f 6135 6122 6120
f 6135 6120 6116
f 6116 6120 6117
f 6111 6110 6131
f 6131 6110 6108
f 6111 6131 6132
f 6112 6111 6132
f 6112 6132 6133
f 6113 6112 6133
f 6113 6133 6134
f 6114 6113 6134
f 6114 6134 6135
f 6115 6114 6135
f 6115 6135 6116
f 4082 6136 4085
f 4085 6136 6107
f 6080 6137 4072
f 4072 6137 6138
f 4072 6138 4075
f 4075 6138 4076
f 4076 6138 6139
f 4076 6139 4077
f 4077 6139 6140
f 4077 6140 4078
f 4078 6140 6141
f 4078 6141 4079
f 4079 6141 6142
f 4079 6142 4080
f 4080 6142 6143
f 4080 6143 4081
f 4081 6143 6144
f 4081 6144 4082
f 4082 6144 6145
f 4082 6145 6136
f 6136 6145 6146
f 6136 6146 6147
f 6147 6146 6148
f 6148 6146 6149
f 6148 6149 6150
f 6150 6149 6151
f 6150 6151 6152
f 6152 6151 6153
f 6152 6153 6154
f 6154 6153 6155
f 6154 6155 6156
f 6156 6155 6157
f 6156 6157 6158
f 6158 6157 6159
f 6158 6159 6080
f 6080 6159 6137
f 6139 6138 6137
f 6137 6159 6160
f 6160 6159 6157
f 6160 6157 6161
f 6161 6157 6155
f 6161 6155 6162
f 6162 6155 6153
f 6162 6153 6163
f 6163 6153 6151
f 6163 6151 6164
f 6164 6151 6149
f 6164 6149 6145
f 6145 6149 6146
f 6140 6139 6160
f 6160 6139 6137
f 6140 6160 6161
f 6141 6140 6161
f 6141 6161 6162
f 6142 6141 6162
f 6142 6162 6163
f 6143 6142 6163
f 6143 6163 6164
f 6144 6143 6164
f 6144 6164 6145
f 6165 6166 4058
f 4058 6166 6167
f 4058 6167 4062
f 4062 6167 4066
f 4066 6167 6168
f 4066 6168 4067
f 4067 6168 6169
f 4067 6169 4068
f 4068 6169 6170
f 4068 6170 4069
f 4069 6170 6171
f 4069 6171 4070
f 4070 6171 6172
f 4070 6172 4071
f 4071 6172 6173
f 4071 6173 4063
f 4063 6173 6174
f 4063 6174 6079
f 6079 6174 6175
f 6079 6175 6176
f 6176 6175 6177
f 6177 6175 6178
f 6177 6178 6179
f 6179 6178 6180
f 6179 6180 6181
f 6181 6180 6182
f 6181 6182 6183
f 6183 6182 6184
f 6183 6184 6185
f 6185 6184 6186
f 6185 6186 6187
f 6187 6186 6188
f 6187 6188 6165
f 6165 6188 6166
f 6168 6167 6166
f 6166 6188 6189
f 6189 6188 6186
f 6189 6186 6190
f 6190 6186 6184
f 6190 6184 6191
f 6191 6184 6182
f 6191 6182 6192
f 6192 6182 6180
f 6192 6180 6193
f 6193 6180 6178
f 6193 6178 6174
f 6174 6178 6175
f 6169 6168 6189
f 6189 6168 6166
f 6169 6189 6190
f 6170 6169 6190
f 6170 6190 6191
f 6171 6170 6191
f 6171 6191 6192
f 6172 6171 6192
f 6172 6192 6193
f 6173 6172 6193
f 6173 6193 6174
f 4055 6194 4058
f 4058 6194 6165
f 4106 6195 4043
f 4043 6195 6196
f 4043 6196 4048
f 4048 6196 4049
f 4049 6196 6197
f 4049 6197 4050
f 4050 6197 6198
f 4050 6198 4051
f 4051 6198 6199
f 4051 6199 4052
f 4052 6199 6200
f 4052 6200 4053
f 4053 6200 6201
f 4053 6201 4054
f 4054 6201 6202
f 4054 6202 4055
f 4055 6202 6203
f 4055 6203 6194
f 6194 6203 6204
f 6194 6204 6205
f 6205 6204 6206
f 6206 6204 6207
f 6206 6207 6208
f 6208 6207 6209
f 6208 6209 6210
f 6210 6209 6211
f 6210 6211 6212
f 6212 6211 6213
f 6212 6213 6214
f 6214 6213 6215
f 6214 6215 6216
f 6216 6215 6217
f 6216 6217 4106
f 4106 6217 6195
f 6197 6196 6195
f 6195 6217 6218
f 6218 6217 6215
f 6218 6215 6219
f 6219 6215 6213
f 6219 6213 6220
f 6220 6213 6211
f 6220 6211 6221
f 6221 6211 6209
f 6221 6209 6222
f 6222 6209 6207
f 6222 6207 6203
f 6203 6207 6204
f 6198 6197 6218
f 6218 6197 6195
f 6198 6218 6219
f 6199 6198 6219
f 6199 6219 6220
f 6200 6199 6220
f 6200 6220 6221
f 6201 6200 6221
f 6201 6221 6222
f 6202 6201 6222
f 6202 6222 6203
f 930 929 6079
f 6079 929 6080
f 6080 929 6158
f 6158 929 928
f 6158 928 6156
f 6156 928 927
f 6156 927 6154
f 6154 927 926
f 6154 926 6152
f 6152 926 925
f 6152 925 6150
f 6150 925 924
f 6150 924 6148
f 6148 924 923
f 6148 923 6147
f 6147 923 922
f 6147 922 6136
f 6136 922 921
f 930 6079 931
f 931 6079 6176
f 931 6176 932
f 932 6176 6177
f 932 6177 933
f 933 6177 6179
f 933 6179 934
f 934 6179 6181
f 934 6181 935
f 935 6181 6183
f 935 6183 936
f 936 6183 6185
f 936 6185 937
f 937 6185 6187
f 937 6187 938
f 938 6187 6165
f 921 920 6136
f 6136 920 6107
f 6165 6194 938
f 938 6194 939
f 6107 920 6129
f 6129 920 919
f 6129 919 6127
f 6127 919 918
f 6127 918 6125
f 6125 918 917
f 6125 917 6123
f 6123 917 916
f 6123 916 6121
f 6121 916 915
f 6121 915 6119
f 6119 915 914
f 6119 914 6118
f 6118 914 913
f 6118 913 4105
f 4105 913 909
f 939 6194 940
f 940 6194 6205
f 940 6205 941
f 941 6205 6206
f 941 6206 942
f 942 6206 6208
f 942 6208 943
f 943 6208 6210
f 943 6210 944
f 944 6210 6212
f 944 6212 945
f 945 6212 6214
f 945 6214 946
f 946 6214 6216
f 946 6216 912
f 912 6216 4106
f 4117 2044 4126
f 4126 2044 2046
f 4126 2046 4127
f 4127 2046 2048
f 4127 2048 4128
f 4128 2048 2043
f 6223 2044 4118
f 4118 2044 4117
f 4122 6224 4121
f 4121 6224 6225
f 4121 6225 6226
f 4121 6226 4120
f 4120 6226 6227
f 4120 6227 4119
f 4119 6227 4118
f 4118 6227 6223
f 2402 2403 4124
f 4124 2403 6228
f 4124 6228 4123
f 4123 6228 6229
f 4123 6229 4122
f 4122 6229 6224
f 2054 2395 4125
f 4125 2395 2394
f 4131 2037 4132
f 4132 2037 2050
f 4132 2050 4133
f 4133 2050 2052
f 4133 2052 4125
f 4125 2052 2054
f 4128 2043 4129
f 4129 2043 2041
f 4129 2041 4130
f 4130 2041 2039
f 4130 2039 4131
f 4131 2039 2037
f 2053 2051 2055
f 2055 2051 2036
f 2055 2036 6230
f 6230 2036 2038
f 6230 2038 2040
f 6230 2040 6231
f 6231 2040 2042
f 6231 2042 2045
f 2045 2042 2049
f 2045 2049 2047
f 6231 2045 6232
f 6232 2045 6233
f 6232 6233 6234
f 6234 6233 6235
f 6235 6233 6236
f 6230 6237 2055
f 2055 6237 6238
f 6238 6237 6239
f 6238 6239 6240
f 6240 6241 6238
f 6044 6242 6045
f 6045 6242 6243
f 6045 6243 6068
f 6068 6243 6244
f 6068 6244 6069
f 6069 6244 6245
f 6069 6245 6070
f 6070 6245 6246
f 6070 6246 6071
f 6071 6246 6247
f 6071 6247 6072
f 6072 6247 6248
f 6072 6248 6073
f 6073 6248 6249
f 6073 6249 6052
f 6052 6249 6250
f 6251 2169 6043
f 6043 2169 2167
f 6043 2167 2165
f 6242 2177 6251
f 6251 2177 2175
f 6251 2175 2173
f 6044 2217 6242
f 6242 2217 2215
f 6242 2215 2213
f 6043 2195 6044
f 6044 2195 2193
f 6044 2193 2191
f 2159 2157 6043
f 6043 2157 2155
f 6043 2155 2195
f 2195 2155 2197
f 2197 2155 2189
f 2197 2189 2199
f 2199 2189 2187
f 2199 2187 2201
f 2201 2187 2185
f 2201 2185 2203
f 2203 2185 2183
f 2203 2183 2205
f 2205 2183 2181
f 2205 2181 2207
f 2207 2181 2179
f 2207 2179 2209
f 2209 2179 2177
f 2209 2177 6242
f 2173 2171 6251
f 6251 2171 2169
f 2165 2163 6043
f 6043 2163 2161
f 6043 2161 2159
f 2191 2225 6044
f 6044 2225 2223
f 6044 2223 2221
f 2221 2219 6044
f 6044 2219 2217
f 2213 2211 6242
f 6242 2211 2209
f 6046 6252 6047
f 6047 6252 6253
f 6047 6253 6048
f 6048 6253 6254
f 6048 6254 6063
f 6063 6254 6255
f 6063 6255 6064
f 6064 6255 6256
f 6064 6256 6065
f 6065 6256 6257
f 6065 6257 6066
f 6066 6257 6258
f 6066 6258 6067
f 6067 6258 6259
f 6067 6259 6043
f 6043 6259 6251
f 6260 6252 6062
f 6062 6252 6046
f 6049 6261 6050
f 6050 6261 6262
f 6050 6262 6051
f 6051 6262 6263
f 6051 6263 6057
f 6057 6263 6264
f 6057 6264 6058
f 6058 6264 6265
f 6058 6265 6059
f 6059 6265 6266
f 6059 6266 6060
f 6060 6266 6267
f 6060 6267 6061
f 6061 6267 6268
f 6061 6268 6062
f 6062 6268 6260
f 6269 2391 6056
f 6056 2391 2389
f 6056 2389 2387
f 6261 2101 6269
f 6269 2101 2100
f 6269 2100 2361
f 2361 2100 2363
f 2363 2100 2099
f 2363 2099 2098
f 6049 2307 6261
f 6261 2307 2305
f 6261 2305 2303
f 6056 6270 6049
f 6049 6270 6271
f 6049 6271 2319
f 2319 6271 2321
f 2321 6271 6272
f 2321 6272 6273
f 2299 6274 2301
f 2301 6274 6261
f 2301 6261 2303
f 2333 6275 2299
f 2299 6275 6276
f 2299 6276 6274
f 6275 2333 6277
f 6277 2333 2331
f 6277 2331 6278
f 6278 2331 2329
f 6278 2329 6279
f 6279 2329 2327
f 6279 2327 2325
f 6279 2325 6280
f 6280 2325 2323
f 6280 2323 6273
f 6273 2323 2321
f 2319 2317 6049
f 6049 2317 2315
f 6049 2315 2313
f 2313 2311 6049
f 6049 2311 2309
f 6049 2309 2307
f 2361 2359 6269
f 6269 2359 2393
f 6269 2393 2391
f 2387 2385 6056
f 6056 2385 2383
f 6056 2383 2381
f 2381 2379 6056
f 6056 2379 2084
f 6056 2084 2082
f 2379 2377 2084
f 2084 2377 2086
f 2086 2377 2088
f 2088 2377 2375
f 2088 2375 2090
f 2090 2375 2373
f 2090 2373 2092
f 2092 2373 2371
f 2092 2371 2369
f 2092 2369 2094
f 2094 2369 2367
f 2094 2367 2096
f 2096 2367 2365
f 2096 2365 2098
f 2098 2365 2363
f 6274 4104 6261
f 6261 4104 2101
f 2082 6270 6056
f 6053 6281 6054
f 6054 6281 6282
f 6054 6282 6074
f 6074 6282 6283
f 6074 6283 6075
f 6075 6283 6284
f 6075 6284 6076
f 6076 6284 6285
f 6076 6285 6077
f 6077 6285 6286
f 6077 6286 6078
f 6078 6286 6287
f 6078 6287 6055
f 6055 6287 6288
f 6055 6288 6056
f 6056 6288 6269
f 6250 6281 6052
f 6052 6281 6053
f 2336 2335 2360
f 2360 2335 2334
f 2360 2334 2358
f 2358 2334 2357
f 2358 2357 2392
f 2392 2357 2356
f 2392 2356 2390
f 2390 2356 2355
f 2390 2355 2354
f 2390 2354 2388
f 2388 2354 2353
f 2388 2353 2386
f 2386 2353 2352
f 2386 2352 2384
f 2384 2352 2351
f 2384 2351 2350
f 2384 2350 2382
f 2382 2350 2349
f 2382 2349 2380
f 2380 2349 2348
f 2380 2348 2378
f 2378 2348 2347
f 2378 2347 2346
f 2378 2346 2376
f 2376 2346 2345
f 2376 2345 2374
f 2374 2345 2344
f 2374 2344 2372
f 2372 2344 2343
f 2372 2343 2342
f 2372 2342 2370
f 2370 2342 2341
f 2370 2341 2368
f 2368 2341 2340
f 2368 2340 2366
f 2366 2340 2339
f 2366 2339 2338
f 2366 2338 2364
f 2364 2338 2337
f 2364 2337 2362
f 2362 2337 2336
f 2362 2336 2360
f 2276 2275 2300
f 2300 2275 2274
f 2300 2274 2298
f 2298 2274 2297
f 2298 2297 2332
f 2332 2297 2296
f 2332 2296 2330
f 2330 2296 2295
f 2330 2295 2294
f 2330 2294 2328
f 2328 2294 2293
f 2328 2293 2326
f 2326 2293 2292
f 2326 2292 2324
f 2324 2292 2291
f 2324 2291 2290
f 2324 2290 2322
f 2322 2290 2289
f 2322 2289 2320
f 2320 2289 2288
f 2320 2288 2318
f 2318 2288 2287
f 2318 2287 2286
f 2318 2286 2316
f 2316 2286 2285
f 2316 2285 2314
f 2314 2285 2284
f 2314 2284 2312
f 2312 2284 2283
f 2312 2283 2282
f 2312 2282 2310
f 2310 2282 2281
f 2310 2281 2308
f 2308 2281 2280
f 2308 2280 2306
f 2306 2280 2279
f 2306 2279 2278
f 2306 2278 2304
f 2304 2278 2277
f 2304 2277 2302
f 2302 2277 2276
f 2302 2276 2300
f 2250 2251 2192
f 2192 2251 2252
f 2192 2252 2190
f 2190 2252 2253
f 2190 2253 2224
f 2224 2253 2254
f 2224 2254 2222
f 2222 2254 2255
f 2222 2255 2256
f 2222 2256 2220
f 2220 2256 2257
f 2220 2257 2218
f 2218 2257 2258
f 2218 2258 2216
f 2216 2258 2259
f 2216 2259 2260
f 2216 2260 2214
f 2214 2260 2261
f 2214 2261 2212
f 2212 2261 2262
f 2212 2262 2210
f 2210 2262 2263
f 2210 2263 2264
f 2210 2264 2208
f 2208 2264 2265
f 2208 2265 2206
f 2206 2265 2266
f 2206 2266 2204
f 2204 2266 2267
f 2204 2267 2268
f 2204 2268 2202
f 2202 2268 2269
f 2202 2269 2200
f 2200 2269 2270
f 2200 2270 2198
f 2198 2270 2271
f 2198 2271 2272
f 2198 2272 2196
f 2196 2272 2273
f 2196 2273 2194
f 2194 2273 2250
f 2194 2250 2192
f 2130 2131 2156
f 2156 2131 2132
f 2156 2132 2154
f 2154 2132 2133
f 2154 2133 2188
f 2188 2133 2134
f 2188 2134 2186
f 2186 2134 2135
f 2186 2135 2136
f 2186 2136 2184
f 2184 2136 2137
f 2184 2137 2182
f 2182 2137 2138
f 2182 2138 2180
f 2180 2138 2139
f 2180 2139 2140
f 2180 2140 2178
f 2178 2140 2141
f 2178 2141 2176
f 2176 2141 2142
f 2176 2142 2174
f 2174 2142 2143
f 2174 2143 2144
f 2174 2144 2172
f 2172 2144 2145
f 2172 2145 2170
f 2170 2145 2146
f 2170 2146 2168
f 2168 2146 2147
f 2168 2147 2148
f 2168 2148 2166
f 2166 2148 2149
f 2166 2149 2164
f 2164 2149 2150
f 2164 2150 2162
f 2162 2150 2151
f 2162 2151 2152
f 2162 2152 2160
f 2160 2152 2153
f 2160 2153 2158
f 2158 2153 2130
f 2158 2130 2156
f 6289 2105 6290
f 6290 2105 2057
f 6291 6292 6270
f 6270 6292 6271
f 6271 6292 6293
f 6271 6293 6272
f 6272 6293 6294
f 6272 6294 6273
f 6273 6294 6295
f 6273 6295 6280
f 6280 6295 6296
f 6280 6296 6279
f 6279 6296 6297
f 6279 6297 6278
f 6278 6297 6298
f 6278 6298 6277
f 6277 6298 6299
f 6277 6299 6300
f 6300 6299 6301
f 6301 6299 6302
f 6301 6302 6303
f 6303 6302 6304
f 6304 6302 6305
f 6304 6305 6306
f 6306 6305 6307
f 6307 6305 6308
f 6307 6308 6309
f 6309 6308 6310
f 6310 6308 6289
f 6310 6289 6290
f 6277 6300 6275
f 6275 6300 6311
f 6275 6311 6312
f 6312 6313 6275
f 6275 6313 6276
f 6276 6313 6314
f 6276 6314 6315
f 6276 6315 6274
f 6274 6315 6316
f 6274 6316 6317
f 4103 4104 6317
f 6317 4104 6274
f 2081 6318 2082
f 2082 6318 6270
f 6270 6318 6291
f 4103 6319 2080
f 2080 6319 1937
f 6320 6321 6290
f 6290 6321 6310
f 6310 6321 6322
f 6310 6322 6309
f 6309 6322 6323
f 6309 6323 6307
f 6307 6323 6324
f 6307 6324 6306
f 6306 6324 6325
f 6306 6325 6304
f 6304 6325 6326
f 6304 6326 6303
f 6303 6326 6327
f 6303 6327 6301
f 6301 6327 6328
f 6301 6328 6300
f 6300 6328 6329
f 6300 6329 6311
f 6311 6329 6330
f 6311 6330 6312
f 6312 6330 6313
f 6313 6330 6331
f 6313 6331 6314
f 6314 6331 6332
f 6314 6332 6315
f 6315 6332 6316
f 6316 6332 6333
f 6316 6333 6317
f 6317 6333 6319
f 6317 6319 4103
f 2056 6320 2057
f 2057 6320 6290
f 6232 6224 6231
f 6231 6224 6229
f 6231 6229 6230
f 6230 6229 6228
f 6230 6228 6237
f 6237 6228 2403
f 6237 2403 6239
f 6239 2403 2400
f 6239 2400 2398
f 6239 2398 6240
f 6240 2398 2397
f 6240 2397 6241
f 6241 2397 6238
f 6238 2397 2395
f 6224 6232 6225
f 6225 6232 6234
f 6225 6234 6235
f 6225 6235 6226
f 6226 6235 6236
f 6226 6236 6227
f 6227 6236 6223
f 6223 6236 6233
f 2395 2054 6238
f 6238 2054 2055
f 6233 2045 6223
f 6223 2045 2044
f 3697 6334 2081
f 2081 6334 6335
f 2081 6335 6336
f 6336 6335 3694
f 6336 3694 6337
f 6337 3694 6338
f 6337 6338 6318
f 6318 6338 6339
f 6318 6339 6291
f 6291 6339 6340
f 6291 6340 3693
f 3693 6340 6339
f 3693 6339 6338
f 6334 3697 6335
f 6335 3697 3694
f 3694 3693 6338
f 6318 2081 6337
f 6337 2081 6336
f 6292 6291 6341
f 6341 6291 3693
f 6341 3693 3692
f 3691 6342 3692
f 3692 6342 6343
f 3692 6343 6341
f 6341 6343 6292
f 3691 6293 6342
f 6342 6293 6292
f 6342 6292 6343
f 3258 3697 6344
f 6344 3697 2081
f 6344 2081 2083
f 2085 6345 2083
f 2083 6345 6346
f 2083 6346 6344
f 6344 6346 3258
f 2085 3259 6345
f 6345 3259 3258
f 6345 3258 6346
f 6293 3691 6294
f 6294 3691 4620
f 6294 4620 6295
f 6295 4620 4619
f 6295 4619 6296
f 6296 4619 4618
f 6296 4618 6297
f 6297 4618 4617
f 6297 4617 6298
f 6298 4617 4616
f 6298 4616 6299
f 6299 4616 4615
f 6299 4615 6302
f 6302 4615 4614
f 6302 4614 6305
f 6305 4614 4613
f 6305 4613 6308
f 6308 4613 4612
f 6308 4612 4611
f 4611 6289 6308
f 3259 2085 4627
f 4627 2085 2087
f 4627 2087 4628
f 4628 2087 2089
f 4628 2089 4553
f 4553 2089 2091
f 4553 2091 4554
f 4554 2091 2093
f 4554 2093 4626
f 4626 2093 2095
f 4626 2095 4625
f 4625 2095 2097
f 4625 2097 4624
f 4624 2097 2102
f 4624 2102 4623
f 4623 2102 2103
f 4623 2103 4622
f 4622 2103 2104
f 4622 2104 4621
f 4621 2104 2105
f 4611 4621 6289
f 6289 4621 2105
f 1924 6347 1925
f 1925 6347 6348
f 1925 6348 2070
f 2070 6348 6349
f 2070 6349 6350
f 6350 6349 5410
f 6350 5410 6351
f 6351 5410 5409
f 6351 5409 6352
f 6352 5409 6353
f 6352 6353 2068
f 2068 6353 2066
f 2066 6353 6354
f 2066 6354 6355
f 6355 6354 5405
f 6355 5405 5404
f 6347 1924 6348
f 6348 1924 5410
f 6348 5410 6349
f 5409 5405 6353
f 6353 5405 6354
f 5403 6356 5404
f 5404 6356 6357
f 5404 6357 6358
f 6358 6357 2064
f 6358 2064 6355
f 6355 2064 2066
f 5402 6359 5403
f 5403 6359 6360
f 5403 6360 6361
f 6361 6360 2062
f 6361 2062 6356
f 6356 2062 2064
f 6356 2064 6357
f 5397 6362 5402
f 5402 6362 6363
f 5402 6363 6364
f 6364 6363 2060
f 6364 2060 6359
f 6359 2060 2062
f 6359 2062 6360
f 5396 6365 5397
f 5397 6365 6366
f 5397 6366 6367
f 6367 6366 2058
f 6367 2058 6362
f 6362 2058 2060
f 6362 2060 6363
f 5396 2056 6365
f 6365 2056 2058
f 6365 2058 6366
f 6352 2068 6351
f 6351 2068 2070
f 6351 2070 6350
f 5404 6358 6355
f 6356 5403 6361
f 5402 6364 6359
f 6362 5397 6367
f 1937 6319 1936
f 1936 6319 4190
f 5396 5401 2056
f 2056 5401 6320
f 4190 6319 4192
f 4192 6319 6333
f 4192 6333 4193
f 4193 6333 6332
f 4193 6332 4194
f 4194 6332 6331
f 4194 6331 4195
f 4195 6331 6330
f 4195 6330 4196
f 4196 6330 6329
f 4196 6329 4197
f 4197 6329 6328
f 5401 6368 6320
f 6320 6368 6369
f 6320 6369 6321
f 6321 6369 6370
f 6321 6370 6371
f 6371 6370 5400
f 6371 5400 6372
f 6372 5400 5399
f 6372 5399 6373
f 6373 5399 6374
f 6373 6374 6322
f 6322 6374 6323
f 6323 6374 6375
f 6323 6375 6376
f 6376 6375 5398
f 6376 5398 5378
f 6368 5401 6369
f 6369 5401 5400
f 6369 5400 6370
f 5399 5398 6374
f 6374 5398 6375
f 5376 6377 5378
f 5378 6377 6378
f 5378 6378 6379
f 6379 6378 6324
f 6379 6324 6376
f 6376 6324 6323
f 5377 6380 5376
f 5376 6380 6381
f 5376 6381 6382
f 6382 6381 6325
f 6382 6325 6377
f 6377 6325 6324
f 6377 6324 6378
f 5374 6383 5377
f 5377 6383 6384
f 5377 6384 6385
f 6385 6384 6326
f 6385 6326 6386
f 6386 6326 6380
f 6386 6380 5377
f 4197 6387 5374
f 5374 6387 6388
f 5374 6388 6389
f 6389 6388 6327
f 6389 6327 6383
f 6383 6327 6326
f 6383 6326 6384
f 4197 6328 6387
f 6387 6328 6327
f 6387 6327 6388
f 6326 6325 6380
f 6380 6325 6381
f 6373 6322 6372
f 6372 6322 6321
f 6372 6321 6371
f 5378 6379 6376
f 6377 5376 6382
f 5377 6385 6386
f 5374 6389 6383
f 4206 4208 6260
f 6260 4208 6252
f 6252 4208 6253
f 6253 4208 4209
f 6253 4209 6254
f 6254 4209 4210
f 6254 4210 6255
f 6255 4210 4211
f 6255 4211 6256
f 6256 4211 4212
f 6256 4212 6257
f 6257 4212 4214
f 6257 4214 6258
f 6258 4214 4215
f 6258 4215 6259
f 6259 4215 4216
f 6259 4216 6251
f 6251 4216 4217
f 4206 6260 4205
f 4205 6260 6268
f 4205 6268 4204
f 4204 6268 6267
f 4204 6267 4203
f 4203 6267 6266
f 4203 6266 4202
f 4202 6266 6265
f 4202 6265 4201
f 4201 6265 6264
f 4201 6264 4200
f 4200 6264 6263
f 4200 6263 4199
f 4199 6263 6262
f 4199 6262 4191
f 4191 6262 6261
f 4217 4219 6251
f 6251 4219 6242
f 6261 6269 4191
f 4191 6269 4186
f 6242 4219 6243
f 6243 4219 4220
f 6243 4220 6244
f 6244 4220 4221
f 6244 4221 6245
f 6245 4221 4222
f 6245 4222 6246
f 6246 4222 4223
f 6246 4223 6247
f 6247 4223 4225
f 6247 4225 6248
f 6248 4225 4226
f 6248 4226 6249
f 6249 4226 4227
f 6249 4227 6250
f 6250 4227 4228
f 4186 6269 4188
f 4188 6269 6288
f 4188 6288 4189
f 4189 6288 6287
f 4189 6287 4234
f 4234 6287 6286
f 4234 6286 4233
f 4233 6286 6285
f 4233 6285 4232
f 4232 6285 6284
f 4232 6284 4231
f 4231 6284 6283
f 4231 6283 4230
f 4230 6283 6282
f 4230 6282 4229
f 4229 6282 6281
f 4228 4229 6250
f 6250 4229 6281
f 6024 6106 6023
f 6023 6106 6105
f 6023 6105 6022
f 6022 6105 6104
f 6022 6104 6021
f 6021 6104 6103
f 6021 6103 6020
f 6020 6103 6102
f 6020 6102 6019
f 6019 6102 6101
f 6019 6101 6018
f 6018 6101 6083
f 6018 6083 6017
f 6017 6083 6082
f 6017 6082 6042
f 6042 6082 6081
f 6042 6081 6041
f 6041 6081 6094
f 6041 6094 6040
f 6040 6094 6095
f 6040 6095 6039
f 6039 6095 6098
f 6039 6098 6038
f 6038 6098 6100
f 1795 1794 6100
f 6100 1794 6038
f 6106 6024 1819
f 1819 6024 1818
f 6033 6099 6034
f 6034 6099 6097
f 6034 6097 6035
f 6035 6097 6096
f 6035 6096 6036
f 6036 6096 6093
f 6036 6093 6037
f 6037 6093 6092
f 6037 6092 6032
f 6032 6092 6091
f 6032 6091 6031
f 6031 6091 6090
f 6031 6090 6030
f 6030 6090 6089
f 6030 6089 6029
f 6029 6089 6088
f 6029 6088 6028
f 6028 6088 6087
f 6028 6087 6027
f 6027 6087 6086
f 6027 6086 6026
f 6026 6086 6085
f 6026 6085 6025
f 6025 6085 6084
f 1769 1768 6084
f 6084 1768 6025
f 6099 6033 1793
f 1793 6033 1792
f 3606 6390 3604
f 3604 6390 3603
f 3603 6390 4107
f 3603 4107 3602
f 3602 4107 3711
f 3618 4116 3616
f 3616 4116 3615
f 3615 4116 6391
f 3615 6391 3613
f 3613 6391 3611
f 3606 3608 6390
f 6390 3608 6392
f 6390 6392 6393
f 6392 3608 6394
f 6394 3608 3610
f 6394 3610 6395
f 6395 3610 6396
f 6396 3610 6391
f 6396 6391 6397
f 6397 6391 6398
f 3610 3611 6391
f 6393 6399 6390
f 6391 4116 6398
f 6398 4116 4115
f 6398 4115 6397
f 6397 4115 4114
f 6397 4114 6396
f 6396 4114 4113
f 6396 4113 6395
f 6395 4113 4112
f 6395 4112 6394
f 6394 4112 4111
f 6394 4111 6392
f 6392 4111 4110
f 6392 4110 6393
f 6393 4110 4109
f 6393 4109 6399
f 6399 4109 4108
f 6399 4108 6390
f 6390 4108 4107
f 6400 1708 6401
f 6401 1708 1707
f 6401 1707 1767
f 6402 6403 6400
f 6400 6403 1546
f 6400 1546 1544
f 6402 6404 6403
f 6403 6404 6405
f 6403 6405 6406
f 6407 1723 6403
f 6403 1723 1722
f 6403 1722 1721
f 6408 6409 6407
f 6407 6409 6410
f 6407 6410 6411
f 6411 6412 6407
f 6407 6412 1625
f 6407 1625 1623
f 6413 1738 6412
f 6412 1738 1737
f 6412 1737 1736
f 6414 6415 6413
f 6413 6415 6416
f 6413 6416 6417
f 6417 6418 6413
f 6413 6418 1497
f 6413 1497 1495
f 6419 1754 6418
f 6418 1754 1753
f 6418 1753 1752
f 6420 6401 6419
f 6419 6401 1674
f 6419 1674 1672
f 6420 6421 6401
f 6401 6421 6422
f 6401 6422 6423
f 1767 1766 6401
f 6401 1766 1682
f 6401 1682 1680
f 1766 1765 1682
f 1682 1765 1684
f 1684 1765 1764
f 1684 1764 1686
f 1686 1764 1763
f 1686 1763 1688
f 1688 1763 1690
f 1690 1763 1762
f 1690 1762 1692
f 1692 1762 1694
f 1694 1762 1761
f 1694 1761 1696
f 1696 1761 1698
f 1698 1761 1760
f 1698 1760 1700
f 1700 1760 1702
f 1702 1760 1759
f 1702 1759 1704
f 1704 1759 1758
f 1704 1758 1706
f 1706 1758 1757
f 1706 1757 1666
f 1666 1757 6419
f 1666 6419 1668
f 1668 6419 1670
f 1670 6419 1672
f 1757 1756 6419
f 6419 1756 1755
f 6419 1755 1754
f 1752 1751 6418
f 6418 1751 1463
f 6418 1463 1461
f 1463 1751 1465
f 1465 1751 1750
f 1465 1750 1749
f 1748 1469 1749
f 1749 1469 1467
f 1749 1467 1465
f 1469 1748 1471
f 1471 1748 1747
f 1471 1747 1473
f 1473 1747 1475
f 1475 1747 1746
f 1475 1746 1477
f 1477 1746 1479
f 1479 1746 1745
f 1479 1745 1481
f 1481 1745 1483
f 1483 1745 1744
f 1483 1744 1485
f 1485 1744 1743
f 1485 1743 1487
f 1487 1743 1489
f 1489 1743 1742
f 1489 1742 6413
f 6413 1742 1741
f 6413 1741 1740
f 1740 1739 6413
f 6413 1739 1738
f 1736 1735 6412
f 6412 1735 1633
f 6412 1633 1631
f 1633 1735 1635
f 1635 1735 1734
f 1635 1734 1637
f 1637 1734 1733
f 1637 1733 1597
f 1597 1733 1599
f 1599 1733 1732
f 1599 1732 1601
f 1601 1732 1603
f 1603 1732 1731
f 1603 1731 1605
f 1605 1731 1730
f 1605 1730 1607
f 1607 1730 1609
f 1609 1730 1729
f 1609 1729 1611
f 1611 1729 1613
f 1613 1729 1728
f 1613 1728 1615
f 1615 1728 1727
f 1615 1727 1617
f 1617 1727 1726
f 1617 1726 6407
f 6407 1726 1725
f 6407 1725 1724
f 1724 1723 6407
f 1721 1720 6403
f 6403 1720 1554
f 6403 1554 1552
f 1720 1719 1554
f 1554 1719 1556
f 1556 1719 1718
f 1556 1718 1558
f 1558 1718 1560
f 1560 1718 1717
f 1560 1717 1562
f 1562 1717 1564
f 1564 1717 1716
f 1564 1716 1566
f 1566 1716 1568
f 1568 1716 1715
f 1568 1715 1528
f 1528 1715 1714
f 1528 1714 1530
f 1530 1714 1532
f 1532 1714 1713
f 1532 1713 1534
f 1534 1713 1712
f 1534 1712 1536
f 1536 1712 1711
f 1536 1711 1538
f 1538 1711 6400
f 1538 6400 1540
f 1540 6400 1542
f 1542 6400 1544
f 1711 1710 6400
f 6400 1710 1709
f 6400 1709 1708
f 1461 1459 6418
f 6418 1459 1499
f 6418 1499 1497
f 1495 1493 6413
f 6413 1493 1491
f 6413 1491 1489
f 1552 1550 6403
f 6403 1550 1548
f 6403 1548 1546
f 1631 1629 6412
f 6412 1629 1627
f 6412 1627 1625
f 1623 1621 6407
f 6407 1621 1619
f 6407 1619 1617
f 1680 1678 6401
f 6401 1678 1676
f 6401 1676 1674
f 4098 6413 4086
f 4086 6413 6412
f 4102 6419 4044
f 4044 6419 6418
f 4059 6400 4060
f 4060 6400 6401
f 6403 4073 6407
f 6407 4073 4099
f 4073 6403 4074
f 4074 6403 6406
f 4074 6406 4064
f 4064 6406 6405
f 4064 6405 4065
f 4065 6405 6404
f 4065 6404 4100
f 4100 6404 6402
f 4100 6402 4059
f 4059 6402 6400
f 4060 6401 4061
f 4061 6401 6423
f 4061 6423 4056
f 4056 6423 6422
f 4056 6422 4057
f 4057 6422 6421
f 4057 6421 4101
f 4101 6421 6420
f 4101 6420 4102
f 4102 6420 6419
f 4044 6418 4046
f 4046 6418 6417
f 4046 6417 4047
f 4047 6417 6416
f 4047 6416 4090
f 4090 6416 6415
f 4090 6415 4091
f 4091 6415 6414
f 4091 6414 4098
f 4098 6414 6413
f 4086 6412 4087
f 4087 6412 6411
f 4087 6411 4088
f 4088 6411 6410
f 4088 6410 4083
f 4083 6410 6409
f 4083 6409 4084
f 4084 6409 6408
f 4084 6408 4099
f 4099 6408 6407
f 1640 1639 1667
f 1667 1639 1638
f 1667 1638 1665
f 1665 1638 1664
f 1665 1664 1705
f 1705 1664 1663
f 1705 1663 1703
f 1703 1663 1662
f 1703 1662 1661
f 1703 1661 1701
f 1701 1661 1660
f 1701 1660 1699
f 1699 1660 1659
f 1699 1659 1697
f 1697 1659 1658
f 1697 1658 1695
f 1695 1658 1657
f 1695 1657 1656
f 1695 1656 1693
f 1693 1656 1655
f 1693 1655 1691
f 1691 1655 1654
f 1691 1654 1689
f 1689 1654 1653
f 1689 1653 1687
f 1687 1653 1652
f 1687 1652 1651
f 1687 1651 1685
f 1685 1651 1650
f 1685 1650 1683
f 1683 1650 1649
f 1683 1649 1681
f 1681 1649 1648
f 1681 1648 1647
f 1681 1647 1679
f 1679 1647 1646
f 1679 1646 1677
f 1677 1646 1645
f 1677 1645 1675
f 1675 1645 1644
f 1675 1644 1673
f 1673 1644 1643
f 1673 1643 1642
f 1673 1642 1671
f 1671 1642 1641
f 1671 1641 1669
f 1669 1641 1640
f 1669 1640 1667
f 1571 1570 1598
f 1598 1570 1569
f 1598 1569 1596
f 1596 1569 1595
f 1596 1595 1636
f 1636 1595 1594
f 1636 1594 1634
f 1634 1594 1593
f 1634 1593 1592
f 1634 1592 1632
f 1632 1592 1591
f 1632 1591 1630
f 1630 1591 1590
f 1630 1590 1628
f 1628 1590 1589
f 1628 1589 1626
f 1626 1589 1588
f 1626 1588 1587
f 1626 1587 1624
f 1624 1587 1586
f 1624 1586 1622
f 1622 1586 1585
f 1622 1585 1620
f 1620 1585 1584
f 1620 1584 1618
f 1618 1584 1583
f 1618 1583 1582
f 1618 1582 1616
f 1616 1582 1581
f 1616 1581 1614
f 1614 1581 1580
f 1614 1580 1612
f 1612 1580 1579
f 1612 1579 1578
f 1612 1578 1610
f 1610 1578 1577
f 1610 1577 1608
f 1608 1577 1576
f 1608 1576 1606
f 1606 1576 1575
f 1606 1575 1604
f 1604 1575 1574
f 1604 1574 1573
f 1604 1573 1602
f 1602 1573 1572
f 1602 1572 1600
f 1600 1572 1571
f 1600 1571 1598
f 1502 1501 1529
f 1529 1501 1500
f 1529 1500 1527
f 1527 1500 1526
f 1527 1526 1567
f 1567 1526 1525
f 1567 1525 1565
f 1565 1525 1524
f 1565 1524 1523
f 1565 1523 1563
f 1563 1523 1522
f 1563 1522 1561
f 1561 1522 1521
f 1561 1521 1559
f 1559 1521 1520
f 1559 1520 1557
f 1557 1520 1519
f 1557 1519 1518
f 1557 1518 1555
f 1555 1518 1517
f 1555 1517 1553
f 1553 1517 1516
f 1553 1516 1551
f 1551 1516 1515
f 1551 1515 1549
f 1549 1515 1514
f 1549 1514 1513
f 1549 1513 1547
f 1547 1513 1512
f 1547 1512 1545
f 1545 1512 1511
f 1545 1511 1543
f 1543 1511 1510
f 1543 1510 1509
f 1543 1509 1541
f 1541 1509 1508
f 1541 1508 1539
f 1539 1508 1507
f 1539 1507 1537
f 1537 1507 1506
f 1537 1506 1535
f 1535 1506 1505
f 1535 1505 1504
f 1535 1504 1533
f 1533 1504 1503
f 1533 1503 1531
f 1531 1503 1502
f 1531 1502 1529
f 1433 1432 1460
f 1460 1432 1431
f 1460 1431 1458
f 1458 1431 1457
f 1458 1457 1498
f 1498 1457 1456
f 1498 1456 1496
f 1496 1456 1455
f 1496 1455 1454
f 1496 1454 1494
f 1494 1454 1453
f 1494 1453 1492
f 1492 1453 1452
f 1492 1452 1490
f 1490 1452 1451
f 1490 1451 1488
f 1488 1451 1450
f 1488 1450 1449
f 1488 1449 1486
f 1486 1449 1448
f 1486 1448 1484
f 1484 1448 1447
f 1484 1447 1482
f 1482 1447 1446
f 1482 1446 1480
f 1480 1446 1445
f 1480 1445 1444
f 1480 1444 1478
f 1478 1444 1443
f 1478 1443 1476
f 1476 1443 1442
f 1476 1442 1474
f 1474 1442 1441
f 1474 1441 1440
f 1474 1440 1472
f 1472 1440 1439
f 1472 1439 1470
f 1470 1439 1438
f 1470 1438 1468
f 1468 1438 1437
f 1468 1437 1466
f 1466 1437 1436
f 1466 1436 1435
f 1466 1435 1464
f 1464 1435 1434
f 1464 1434 1462
f 1462 1434 1433
f 1462 1433 1460

