# https://github.com/mikedh/trimesh
v -31.00000000 -97.56731415 277.75000000
v -31.00000000 -97.43331146 278.38043213
v -31.00000000 -97.43331146 277.11956787
v -31.00000000 -97.05446625 276.59811401
v -31.00000000 -97.05446625 278.90185547
v -31.00000000 -96.49629211 276.27584839
v -31.00000000 -96.49629211 279.22412109
v -31.00000000 -95.85529327 276.20849609
v -31.00000000 -95.85529327 279.29150391
v -31.00000000 -95.24230957 276.40765381
v -31.00000000 -95.24230957 279.09234619
v -31.00000000 -94.76333618 276.83892822
v -31.00000000 -94.76333618 278.66107178
v -31.00000000 -94.50118256 277.42773438
v -31.00000000 -94.50118256 278.07226562
v -31.00000000 -133.56730652 277.75000000
v -31.00000000 -133.43330383 278.38043213
v -31.00000000 -133.43330383 277.11956787
v -31.00000000 -133.05445862 276.59811401
v -31.00000000 -133.05445862 278.90185547
v -31.00000000 -132.49629211 276.27584839
v -31.00000000 -132.49629211 279.22412109
v -31.00000000 -131.85530090 276.20849609
v -31.00000000 -131.85530090 279.29150391
v -31.00000000 -131.24230957 276.40765381
v -31.00000000 -131.24230957 279.09234619
v -31.00000000 -130.76333618 276.83892822
v -31.00000000 -130.76333618 278.66107178
v -31.00000000 -130.50119019 277.42773438
v -31.00000000 -130.50119019 278.07226562
v -31.00000000 -133.21939087 247.69090271
v -31.00000000 -133.96495056 247.54304504
v -31.00000000 -133.34498596 248.32232666
v -31.00000000 -134.09498596 248.32232666
v -31.00000000 -133.96495056 249.10160828
v -31.00000000 -133.58891296 246.84822083
v -31.00000000 -132.86170959 247.15559387
v -31.00000000 -133.00765991 246.31312561
v -31.00000000 -132.32641602 246.79792786
v -31.00000000 -132.28414917 245.99577332
v -31.00000000 -131.69497681 246.67233276
v -31.00000000 -131.49679565 245.93052673
v -31.00000000 -131.06355286 246.79792786
v -31.00000000 -130.73091125 246.12446594
v -31.00000000 -130.06950378 246.55659485
v -31.00000000 -130.52825928 247.15559387
v -31.00000000 -129.58424377 247.18005371
v -31.00000000 -130.17057800 247.69090271
v -31.00000000 -129.32771301 247.92730713
v -31.00000000 -130.04498291 248.32232666
v -31.00000000 -129.32771301 248.71734619
v -31.00000000 -130.17057800 248.95375061
v -31.00000000 -129.58424377 249.46459961
v -31.00000000 -130.52825928 249.48905945
v -31.00000000 -130.06950378 250.08805847
v -31.00000000 -131.06355286 249.84672546
v -31.00000000 -130.73091125 250.52018738
v -31.00000000 -131.49679565 250.71412659
v -31.00000000 -131.69497681 249.97232056
v -31.00000000 -132.28414917 250.64888000
v -31.00000000 -132.32641602 249.84672546
v -31.00000000 -133.00765991 250.33152771
v -31.00000000 -132.86170959 249.48905945
v -31.00000000 -133.58891296 249.79643250
v -31.00000000 -133.21939087 248.95375061
v -31.00000000 -97.86404419 283.04623413
v -31.00000000 -98.60960388 282.89837646
v -31.00000000 -97.98964691 283.67767334
v -31.00000000 -98.73964691 283.67767334
v -31.00000000 -98.60960388 284.45693970
v -31.00000000 -98.23358154 282.20355225
v -31.00000000 -97.50637054 282.51092529
v -31.00000000 -97.65232086 281.66845703
v -31.00000000 -96.97106934 282.15325928
v -31.00000000 -96.92881012 281.35110474
v -31.00000000 -96.33964539 282.02767944
v -31.00000000 -96.14145660 281.28585815
v -31.00000000 -95.70821381 282.15325928
v -31.00000000 -95.37557220 281.47979736
v -31.00000000 -94.71416473 281.91192627
v -31.00000000 -95.17292023 282.51092529
v -31.00000000 -94.22890472 282.53540039
v -31.00000000 -94.81523895 283.04623413
v -31.00000000 -93.97237396 283.28265381
v -31.00000000 -94.68964386 283.67767334
v -31.00000000 -93.97237396 284.07269287
v -31.00000000 -94.81523895 284.30908203
v -31.00000000 -94.22890472 284.81994629
v -31.00000000 -95.17292023 284.84439087
v -31.00000000 -94.71416473 285.44338989
v -31.00000000 -95.70821381 285.20205688
v -31.00000000 -95.37557220 285.87551880
v -31.00000000 -96.14145660 286.06945801
v -31.00000000 -96.33964539 285.32766724
v -31.00000000 -96.92881012 286.00421143
v -31.00000000 -96.97106934 285.20205688
v -31.00000000 -97.65232086 285.68685913
v -31.00000000 -97.50637054 284.84439087
v -31.00000000 -98.23358154 285.15176392
v -31.00000000 -97.86404419 284.30908203
v -31.00000000 -116.16786194 283.36734009
v -31.00000000 -115.66199493 283.74896240
v -31.00000000 -114.01731110 283.50000000
v -31.00000000 -113.46839142 283.81652832
v -31.00000000 -111.86676788 283.36734009
v -31.00000000 -111.28310394 283.61404419
v -31.00000000 -109.74882507 282.97143555
v -31.00000000 -109.13926697 283.14453125
v -31.00000000 -107.69558716 282.31826782
v -31.00000000 -107.06938171 282.41513062
v -31.00000000 -105.73817444 281.41772461
v -31.00000000 -105.10481262 281.43688965
v -31.00000000 -103.90627289 280.28344727
v -31.00000000 -103.27535248 280.22463989
v -31.00000000 -102.22763824 278.93264771
v -31.00000000 -101.60872650 278.79678345
v -31.00000000 -100.72772980 277.38580322
v -31.00000000 -100.13020325 277.17492676
v -31.00000000 -99.42926788 275.66638184
v -31.00000000 -98.86219025 275.38363647
v -31.00000000 -98.35195923 273.80041504
v -31.00000000 -97.82392120 273.45013428
v -31.00000000 -97.51210785 271.81619263
v -31.00000000 -97.03112030 271.40368652
v -31.00000000 -96.92247009 269.74383545
v -31.00000000 -96.49581909 269.27532959
v -31.00000000 -96.59196472 267.61468506
v -31.00000000 -96.22612000 267.09732056
v -31.00000000 -96.52561188 265.46109009
v -31.00000000 -96.22612000 264.90267944
v -31.00000000 -96.72441864 263.31564331
v -31.00000000 -96.49581909 262.72467041
v -31.00000000 -97.18536377 261.21090698
v -31.00000000 -97.03112030 260.59631348
v -31.00000000 -97.90146637 259.17874146
v -31.00000000 -97.82392120 258.54986572
v -31.00000000 -98.86186981 257.25000000
v -31.00000000 -98.86219025 256.61633301
v -31.00000000 -100.05200958 255.45388794
v -31.00000000 -100.13020325 254.82507324
v -31.00000000 -101.45385742 253.81765747
v -31.00000000 -101.60872650 253.20321655
v -31.00000000 -103.04615021 252.36608887
v -31.00000000 -103.27535248 251.77534485
v -31.00000000 -104.80474854 251.12120056
v -31.00000000 -105.10481262 250.56309509
v -31.00000000 -106.70301056 250.10185242
v -31.00000000 -107.06938171 249.58485413
v -31.00000000 -108.71214294 249.32351685
v -31.00000000 -109.13926697 248.85545349
v -31.00000000 -110.80169678 248.79797363
v -31.00000000 -111.28310394 248.38594055
v -31.00000000 -112.93999481 248.53318787
v -31.00000000 -113.46839142 248.18345642
v -31.00000000 -115.09462738 248.53318787
v -31.00000000 -115.66199493 248.25103760
v -31.00000000 -117.23293304 248.79797363
v -31.00000000 -117.83067322 248.58767700
v -31.00000000 -119.32248688 249.32351685
v -31.00000000 -119.94153595 249.18826294
v -31.00000000 -121.33161926 250.10185242
v -31.00000000 -121.96260071 250.04371643
v -31.00000000 -123.22987366 251.12120056
v -31.00000000 -123.86322021 251.14103699
v -31.00000000 -124.98847961 252.36608887
v -31.00000000 -125.61458588 252.46360779
v -31.00000000 -126.58077240 253.81765747
v -31.00000000 -127.19014740 253.99137878
v -31.00000000 -127.98261261 255.45388794
v -31.00000000 -128.56602478 255.70117188
v -31.00000000 -129.17276001 257.25000000
v -31.00000000 -129.72135925 257.56710815
v -31.00000000 -130.13316345 259.17874146
v -31.00000000 -130.63862610 259.56085205
v -31.00000000 -130.84925842 261.21090698
v -31.00000000 -131.30393982 261.65222168
v -31.00000000 -131.31021118 263.31564331
v -31.00000000 -131.70721436 263.80950928
v -31.00000000 -131.50901794 265.46109009
v -31.00000000 -131.84231567 266.00000000
v -31.00000000 -131.44265747 267.61468506
v -31.00000000 -131.70721436 268.19049072
v -31.00000000 -131.11215210 269.74383545
v -31.00000000 -131.30393982 270.34774780
v -31.00000000 -130.52252197 271.81619263
v -31.00000000 -130.63862610 272.43911743
v -31.00000000 -129.68267822 273.80041504
v -31.00000000 -129.72135925 274.43289185
v -31.00000000 -128.60536194 275.66638184
v -31.00000000 -128.56602478 276.29882812
v -31.00000000 -127.30690002 277.38580322
v -31.00000000 -127.19014740 278.00860596
v -31.00000000 -125.80698395 278.93264771
v -31.00000000 -125.61458588 279.53637695
v -31.00000000 -124.12835693 280.28344727
v -31.00000000 -123.86322021 280.85894775
v -31.00000000 -122.29644775 281.41772461
v -31.00000000 -121.96260071 281.95626831
v -31.00000000 -120.33904266 282.31826782
v -31.00000000 -119.94153595 282.81173706
v -31.00000000 -118.28580475 282.97143555
v -31.00000000 -117.83067322 283.41232300
v 0.00000000 -111.69545746 285.86477661
v -21.50000000 -111.69545746 285.86477661
v 0.00000000 -114.01731110 286.00000000
v -21.50000000 -114.01731110 286.00000000
v 0.00000000 -116.33917236 285.86477661
v -21.50000000 -116.33917236 285.86477661
v 0.00000000 -118.62963104 285.46090698
v -21.50000000 -118.62963104 285.46090698
v 0.00000000 -120.85771942 284.79385376
v -21.50000000 -120.85771942 284.79385376
v 0.00000000 -122.99329376 283.87265015
v -21.50000000 -122.99329376 283.87265015
v 0.00000000 -125.00749207 282.70974731
v -21.50000000 -125.00749207 282.70974731
v 0.00000000 -126.87306213 281.32089233
v -21.50000000 -126.87306213 281.32089233
v 0.00000000 -128.56478882 279.72482300
v -21.50000000 -128.56478882 279.72482300
v 0.00000000 -130.05978394 277.94317627
v -21.50000000 -130.05978394 277.94317627
v 0.00000000 -131.33781433 276.00000000
v -21.50000000 -131.33781433 276.00000000
v 0.00000000 -132.38163757 273.92160034
v -21.50000000 -132.38163757 273.92160034
v 0.00000000 -133.17710876 271.73605347
v -21.50000000 -133.17710876 271.73605347
v 0.00000000 -133.71347046 269.47296143
v -21.50000000 -133.71347046 269.47296143
v 0.00000000 -133.98347473 267.16290283
v -21.50000000 -133.98347473 267.16290283
v 0.00000000 -133.98347473 264.83709717
v -21.50000000 -133.98347473 264.83709717
v 0.00000000 -133.71347046 262.52703857
v -21.50000000 -133.71347046 262.52703857
v 0.00000000 -133.17710876 260.26394653
v -21.50000000 -133.17710876 260.26394653
v 0.00000000 -132.38163757 258.07839966
v -21.50000000 -132.38163757 258.07839966
v 0.00000000 -131.33781433 256.00000000
v -21.50000000 -131.33781433 256.00000000
v 0.00000000 -130.05978394 254.05682373
v -21.50000000 -130.05978394 254.05682373
v 0.00000000 -128.56478882 252.27516174
v -21.50000000 -128.56478882 252.27516174
v 0.00000000 -126.87306213 250.67910767
v -21.50000000 -126.87306213 250.67910767
v 0.00000000 -125.00749207 249.29023743
v -21.50000000 -125.00749207 249.29023743
v 0.00000000 -122.99329376 248.12734985
v -21.50000000 -122.99329376 248.12734985
v 0.00000000 -120.85771942 247.20614624
v -21.50000000 -120.85771942 247.20614624
v 0.00000000 -118.62963104 246.53909302
v -21.50000000 -118.62963104 246.53909302
v 0.00000000 -116.33917236 246.13522339
v -21.50000000 -116.33917236 246.13522339
v 0.00000000 -114.01731110 246.00000000
v -21.50000000 -114.01731110 246.00000000
v 0.00000000 -111.69545746 246.13522339
v -21.50000000 -111.69545746 246.13522339
v 0.00000000 -109.40499878 246.53909302
v -21.50000000 -109.40499878 246.53909302
v 0.00000000 -107.17691040 247.20614624
v -21.50000000 -107.17691040 247.20614624
v 0.00000000 -105.04132843 248.12734985
v -21.50000000 -105.04132843 248.12734985
v 0.00000000 -103.02713013 249.29023743
v -21.50000000 -103.02713013 249.29023743
v 0.00000000 -101.16156006 250.67910767
v -21.50000000 -101.16156006 250.67910767
v 0.00000000 -99.46984100 252.27516174
v -21.50000000 -99.46984100 252.27516174
v 0.00000000 -97.97484589 254.05682373
v -21.50000000 -97.97484589 254.05682373
v 0.00000000 -96.69680786 256.00000000
v -21.50000000 -96.69680786 256.00000000
v 0.00000000 -95.65299225 258.07839966
v -21.50000000 -95.65299225 258.07839966
v 0.00000000 -94.85752106 260.26394653
v -21.50000000 -94.85752106 260.26394653
v 0.00000000 -94.32115936 262.52703857
v -21.50000000 -94.32115936 262.52703857
v 0.00000000 -94.05114746 264.83709717
v -21.50000000 -94.05114746 264.83709717
v 0.00000000 -94.05114746 267.16290283
v -21.50000000 -94.05114746 267.16290283
v 0.00000000 -94.32115936 269.47296143
v -21.50000000 -94.32115936 269.47296143
v 0.00000000 -94.85752106 271.73605347
v -21.50000000 -94.85752106 271.73605347
v 0.00000000 -95.65299225 273.92160034
v -21.50000000 -95.65299225 273.92160034
v 0.00000000 -96.69680786 276.00000000
v -21.50000000 -96.69680786 276.00000000
v 0.00000000 -97.97484589 277.94317627
v -21.50000000 -97.97484589 277.94317627
v 0.00000000 -99.46984100 279.72482300
v -21.50000000 -99.46984100 279.72482300
v 0.00000000 -101.16156006 281.32089233
v -21.50000000 -101.16156006 281.32089233
v 0.00000000 -103.02713013 282.70974731
v -21.50000000 -103.02713013 282.70974731
v 0.00000000 -105.04132843 283.87265015
v -21.50000000 -105.04132843 283.87265015
v 0.00000000 -107.17691040 284.79385376
v -21.50000000 -107.17691040 284.79385376
v 0.00000000 -109.40499878 285.46090698
v -21.50000000 -109.40499878 285.46090698
v -21.75000000 -111.66643524 286.11306763
v -21.75000000 -114.01731110 286.25000000
v -21.75000000 -116.36819458 286.11306763
v -21.75000000 -118.68728638 285.70416260
v -21.75000000 -120.94322205 285.02877808
v -21.75000000 -123.10549927 284.09606934
v -21.75000000 -125.14486694 282.91860962
v -21.75000000 -127.03376007 281.51239014
v -21.75000000 -128.74662781 279.89639282
v -21.75000000 -130.26031494 278.09246826
v -21.75000000 -131.55432129 276.12500000
v -21.75000000 -132.61119080 274.02059937
v -21.75000000 -133.41659546 271.80776978
v -21.75000000 -133.95967102 269.51635742
v -21.75000000 -134.23304749 267.17742920
v -21.75000000 -134.23304749 264.82257080
v -21.75000000 -133.95967102 262.48361206
v -21.75000000 -133.41659546 260.19223022
v -21.75000000 -132.61119080 257.97937012
v -21.75000000 -131.55432129 255.87500000
v -21.75000000 -130.26031494 253.90753174
v -21.75000000 -128.74662781 252.10360718
v -21.75000000 -127.03376007 250.48759460
v -21.75000000 -125.14486694 249.08137512
v -21.75000000 -123.10549927 247.90393066
v -21.75000000 -120.94322205 246.97122192
v -21.75000000 -118.68728638 246.29583740
v -21.75000000 -116.36819458 245.88691711
v -21.75000000 -114.01731110 245.75000000
v -21.75000000 -111.66643524 245.88691711
v -21.75000000 -109.34734344 246.29583740
v -21.75000000 -107.09140778 246.97122192
v -21.75000000 -104.92913055 247.90393066
v -21.75000000 -102.88975525 249.08137512
v -21.75000000 -101.00086212 250.48759460
v -21.75000000 -99.28799438 252.10360718
v -21.75000000 -97.77431488 253.90753174
v -21.75000000 -96.48030090 255.87500000
v -21.75000000 -95.42343903 257.97937012
v -21.75000000 -94.61802673 260.19223022
v -21.75000000 -94.07495880 262.48361206
v -21.75000000 -93.80157471 264.82257080
v -21.75000000 -93.80157471 267.17742920
v -21.75000000 -94.07495880 269.51635742
v -21.75000000 -94.61802673 271.80776978
v -21.75000000 -95.42343903 274.02059937
v -21.75000000 -96.48030090 276.12500000
v -21.75000000 -97.77431488 278.09246826
v -21.75000000 -99.28799438 279.89639282
v -21.75000000 -101.00086212 281.51239014
v -21.75000000 -102.88975525 282.91860962
v -21.75000000 -104.92913055 284.09606934
v -21.75000000 -107.09140778 285.02877808
v -21.75000000 -109.34734344 285.70416260
v -24.50000000 -111.66643524 286.11306763
v -24.50000000 -114.01731110 286.25000000
v -24.50000000 -116.36819458 286.11306763
v -24.50000000 -118.68728638 285.70416260
v -24.50000000 -120.94322205 285.02877808
v -24.50000000 -123.10549927 284.09606934
v -24.50000000 -125.14486694 282.91860962
v -24.50000000 -127.03376007 281.51239014
v -24.50000000 -128.74662781 279.89639282
v -24.50000000 -130.26031494 278.09246826
v -24.50000000 -131.55432129 276.12500000
v -24.50000000 -132.61119080 274.02059937
v -24.50000000 -133.41659546 271.80776978
v -24.50000000 -133.95967102 269.51635742
v -24.50000000 -134.23304749 267.17742920
v -24.50000000 -134.23304749 264.82257080
v -24.50000000 -133.95967102 262.48361206
v -24.50000000 -133.41659546 260.19223022
v -24.50000000 -132.61119080 257.97937012
v -24.50000000 -131.55432129 255.87500000
v -24.50000000 -130.26031494 253.90753174
v -24.50000000 -128.74662781 252.10360718
v -24.50000000 -127.03376007 250.48759460
v -24.50000000 -125.14486694 249.08137512
v -24.50000000 -123.10549927 247.90393066
v -24.50000000 -120.94322205 246.97122192
v -24.50000000 -118.68728638 246.29583740
v -24.50000000 -116.36819458 245.88691711
v -24.50000000 -114.01731110 245.75000000
v -24.50000000 -111.66643524 245.88691711
v -24.50000000 -109.34734344 246.29583740
v -24.50000000 -107.09140778 246.97122192
v -24.50000000 -104.92913055 247.90393066
v -24.50000000 -102.88975525 249.08137512
v -24.50000000 -101.00086212 250.48759460
v -24.50000000 -99.28799438 252.10360718
v -24.50000000 -97.77431488 253.90753174
v -24.50000000 -96.48030090 255.87500000
v -24.50000000 -95.42343903 257.97937012
v -24.50000000 -94.61802673 260.19223022
v -24.50000000 -94.07495880 262.48361206
v -24.50000000 -93.80157471 264.82257080
v -24.50000000 -93.80157471 267.17742920
v -24.50000000 -94.07495880 269.51635742
v -24.50000000 -94.61802673 271.80776978
v -24.50000000 -95.42343903 274.02059937
v -24.50000000 -96.48030090 276.12500000
v -24.50000000 -97.77431488 278.09246826
v -24.50000000 -99.28799438 279.89639282
v -24.50000000 -101.00086212 281.51239014
v -24.50000000 -102.88975525 282.91860962
v -24.50000000 -104.92913055 284.09606934
v -24.50000000 -107.09140778 285.02877808
v -24.50000000 -109.34734344 285.70416260
v -11.50000000 -111.80532074 283.86355591
v 0.00000000 -111.80532074 283.86355591
v -11.50000000 -114.01731110 284.00000000
v 0.00000000 -114.01731110 284.00000000
v -11.50000000 -116.22930145 283.86355591
v 0.00000000 -116.22930145 283.86355591
v -11.50000000 -118.40776062 283.45632935
v 0.00000000 -118.40776062 283.45632935
v -11.50000000 -120.51966095 282.78448486
v 0.00000000 -120.51966095 282.78448486
v -11.50000000 -122.53299713 281.85821533
v 0.00000000 -122.53299713 281.85821533
v -11.50000000 -124.41724396 280.69152832
v 0.00000000 -124.41724396 280.69152832
v -11.50000000 -126.14383698 279.30215454
v 0.00000000 -126.14383698 279.30215454
v -11.50000000 -127.68659973 277.71112061
v 0.00000000 -127.68659973 277.71112061
v -11.50000000 -129.02215576 275.94256592
v 0.00000000 -129.02215576 275.94256592
v -11.50000000 -130.13024902 274.02328491
v 0.00000000 -130.13024902 274.02328491
v -11.50000000 -130.99409485 271.98239136
v 0.00000000 -130.99409485 271.98239136
v -11.50000000 -131.60058594 269.85079956
v 0.00000000 -131.60058594 269.85079956
v -11.50000000 -131.94052124 267.66082764
v 0.00000000 -131.94052124 267.66082764
v -11.50000000 -132.00877380 265.44567871
v 0.00000000 -132.00877380 265.44567871
v -11.50000000 -131.80429077 263.23895264
v 0.00000000 -131.80429077 263.23895264
v -11.50000000 -131.33016968 261.07406616
v 0.00000000 -131.33016968 261.07406616
v -11.50000000 -130.59361267 258.98385620
v 0.00000000 -130.59361267 258.98385620
v -11.50000000 -129.60577393 257.00000000
v 0.00000000 -129.60577393 257.00000000
v -11.50000000 -128.38162231 255.15257263
v 0.00000000 -128.38162231 255.15257263
v -11.50000000 -126.93972778 253.46958923
v 0.00000000 -126.93972778 253.46958923
v -11.50000000 -125.30194092 251.97654724
v 0.00000000 -125.30194092 251.97654724
v -11.50000000 -123.49309540 250.69609070
v 0.00000000 -123.49309540 250.69609070
v -11.50000000 -121.54059601 249.64762878
v 0.00000000 -121.54059601 249.64762878
v -11.50000000 -119.47406006 248.84704590
v 0.00000000 -119.47406006 248.84704590
v -11.50000000 -117.32480621 248.30647278
v 0.00000000 -117.32480621 248.30647278
v -11.50000000 -115.12541199 248.03413391
v 0.00000000 -115.12541199 248.03413391
v -11.50000000 -112.90921783 248.03413391
v 0.00000000 -112.90921783 248.03413391
v -11.50000000 -110.70982361 248.30647278
v 0.00000000 -110.70982361 248.30647278
v -11.50000000 -108.56056213 248.84704590
v 0.00000000 -108.56056213 248.84704590
v -11.50000000 -106.49402618 249.64762878
v 0.00000000 -106.49402618 249.64762878
v -11.50000000 -104.54153442 250.69609070
v 0.00000000 -104.54153442 250.69609070
v -11.50000000 -102.73268127 251.97654724
v 0.00000000 -102.73268127 251.97654724
v -11.50000000 -101.09490204 253.46958923
v 0.00000000 -101.09490204 253.46958923
v -11.50000000 -99.65299988 255.15257263
v 0.00000000 -99.65299988 255.15257263
v -11.50000000 -98.42885590 257.00000000
v 0.00000000 -98.42885590 257.00000000
v -11.50000000 -97.44101715 258.98385620
v 0.00000000 -97.44101715 258.98385620
v -11.50000000 -96.70445251 261.07406616
v 0.00000000 -96.70445251 261.07406616
v -11.50000000 -96.23033142 263.23895264
v 0.00000000 -96.23033142 263.23895264
v -11.50000000 -96.02584839 265.44567871
v 0.00000000 -96.02584839 265.44567871
v -11.50000000 -96.09410095 267.66082764
v 0.00000000 -96.09410095 267.66082764
v -11.50000000 -96.43404388 269.85079956
v 0.00000000 -96.43404388 269.85079956
v -11.50000000 -97.04053497 271.98239136
v 0.00000000 -97.04053497 271.98239136
v -11.50000000 -97.90437317 274.02328491
v 0.00000000 -97.90437317 274.02328491
v -11.50000000 -99.01246643 275.94256592
v 0.00000000 -99.01246643 275.94256592
v -11.50000000 -100.34802246 277.71112061
v 0.00000000 -100.34802246 277.71112061
v -11.50000000 -101.89079285 279.30215454
v 0.00000000 -101.89079285 279.30215454
v -11.50000000 -103.61738586 280.69152832
v 0.00000000 -103.61738586 280.69152832
v -11.50000000 -105.50163269 281.85821533
v 0.00000000 -105.50163269 281.85821533
v -11.50000000 -107.51496124 282.78448486
v 0.00000000 -107.51496124 282.78448486
v -11.50000000 -109.62686920 283.45632935
v 0.00000000 -109.62686920 283.45632935
v -31.00000000 -133.80929565 284.44720459
v -24.50000000 -133.80929565 284.44720459
v -31.00000000 -133.94497681 283.67767334
v -24.50000000 -133.94497681 283.67767334
v -31.00000000 -133.80929565 282.90811157
v -24.50000000 -133.80929565 282.90811157
v -31.00000000 -133.41857910 282.23138428
v -24.50000000 -133.41857910 282.23138428
v -31.00000000 -132.81997681 281.72909546
v -24.50000000 -132.81997681 281.72909546
v -31.00000000 -132.08569336 281.46185303
v -24.50000000 -132.08569336 281.46185303
v -31.00000000 -131.30427551 281.46185303
v -24.50000000 -131.30427551 281.46185303
v -31.00000000 -130.56997681 281.72909546
v -24.50000000 -130.56997681 281.72909546
v -31.00000000 -129.97138977 282.23138428
v -24.50000000 -129.97138977 282.23138428
v -31.00000000 -129.58067322 282.90811157
v -24.50000000 -129.58067322 282.90811157
v -31.00000000 -129.44497681 283.67767334
v -24.50000000 -129.44497681 283.67767334
v -31.00000000 -129.58067322 284.44720459
v -24.50000000 -129.58067322 284.44720459
v -31.00000000 -129.97138977 285.12393188
v -24.50000000 -129.97138977 285.12393188
v -31.00000000 -130.56997681 285.62622070
v -24.50000000 -130.56997681 285.62622070
v -31.00000000 -131.30427551 285.89349365
v -24.50000000 -131.30427551 285.89349365
v -31.00000000 -132.08569336 285.89349365
v -24.50000000 -132.08569336 285.89349365
v -31.00000000 -132.81997681 285.62622070
v -24.50000000 -132.81997681 285.62622070
v -31.00000000 -133.41857910 285.12393188
v -24.50000000 -133.41857910 285.12393188
v -24.50000000 -97.86404419 284.30908203
v -24.50000000 -97.98964691 283.67767334
v -24.50000000 -97.86404419 283.04623413
v -24.50000000 -97.50637054 282.51092529
v -24.50000000 -96.97106934 282.15325928
v -24.50000000 -96.33964539 282.02767944
v -24.50000000 -95.70821381 282.15325928
v -24.50000000 -95.17292023 282.51092529
v -24.50000000 -94.81523895 283.04623413
v -24.50000000 -94.68964386 283.67767334
v -24.50000000 -94.81523895 284.30908203
v -24.50000000 -95.17292023 284.84439087
v -24.50000000 -95.70821381 285.20205688
v -24.50000000 -96.33964539 285.32766724
v -24.50000000 -96.97106934 285.20205688
v -24.50000000 -97.50637054 284.84439087
v -31.00000000 -98.45394897 249.09187317
v -24.50000000 -98.45394897 249.09187317
v -31.00000000 -98.58964539 248.32232666
v -24.50000000 -98.58964539 248.32232666
v -31.00000000 -98.45394897 247.55278015
v -24.50000000 -98.45394897 247.55278015
v -31.00000000 -98.06324005 246.87605286
v -24.50000000 -98.06324005 246.87605286
v -31.00000000 -97.46464539 246.37376404
v -24.50000000 -97.46464539 246.37376404
v -31.00000000 -96.73035431 246.10650635
v -24.50000000 -96.73035431 246.10650635
v -31.00000000 -95.94893646 246.10650635
v -24.50000000 -95.94893646 246.10650635
v -31.00000000 -95.21464539 246.37376404
v -24.50000000 -95.21464539 246.37376404
v -31.00000000 -94.61604309 246.87605286
v -24.50000000 -94.61604309 246.87605286
v -31.00000000 -94.22533417 247.55278015
v -24.50000000 -94.22533417 247.55278015
v -31.00000000 -94.08964539 248.32232666
v -24.50000000 -94.08964539 248.32232666
v -31.00000000 -94.22533417 249.09187317
v -24.50000000 -94.22533417 249.09187317
v -31.00000000 -94.61604309 249.76860046
v -24.50000000 -94.61604309 249.76860046
v -31.00000000 -95.21464539 250.27088928
v -24.50000000 -95.21464539 250.27088928
v -31.00000000 -95.94893646 250.53814697
v -24.50000000 -95.94893646 250.53814697
v -31.00000000 -96.73035431 250.53814697
v -24.50000000 -96.73035431 250.53814697
v -31.00000000 -97.46464539 250.27088928
v -24.50000000 -97.46464539 250.27088928
v -31.00000000 -98.06324005 249.76860046
v -24.50000000 -98.06324005 249.76860046
v -24.50000000 -133.21939087 248.95375061
v -24.50000000 -133.34498596 248.32232666
v -24.50000000 -133.21939087 247.69090271
v -24.50000000 -132.86170959 247.15559387
v -24.50000000 -132.32641602 246.79792786
v -24.50000000 -131.69497681 246.67233276
v -24.50000000 -131.06355286 246.79792786
v -24.50000000 -130.52825928 247.15559387
v -24.50000000 -130.17057800 247.69090271
v -24.50000000 -130.04498291 248.32232666
v -24.50000000 -130.17057800 248.95375061
v -24.50000000 -130.52825928 249.48905945
v -24.50000000 -131.06355286 249.84672546
v -24.50000000 -131.69497681 249.97232056
v -24.50000000 -132.32641602 249.84672546
v -24.50000000 -132.86170959 249.48905945
v -12.55000019 -102.67237854 259.44998169
v -11.50000000 -102.67237854 259.44998169
v -12.55000019 -102.79296112 259.00000000
v -11.50000000 -102.79296112 259.00000000
v -12.55000019 -102.67237854 258.54998779
v -11.50000000 -102.67237854 258.54998779
v -12.55000019 -102.34295654 258.22058105
v -11.50000000 -102.34295654 258.22058105
v -12.55000019 -101.89295959 258.10000610
v -11.50000000 -101.89295959 258.10000610
v -12.55000019 -101.44295502 258.22058105
v -11.50000000 -101.44295502 258.22058105
v -12.55000019 -101.11353302 258.54998779
v -11.50000000 -101.11353302 258.54998779
v -12.55000019 -100.99295807 259.00000000
v -11.50000000 -100.99295807 259.00000000
v -12.55000019 -101.11353302 259.44998169
v -11.50000000 -101.11353302 259.44998169
v -12.55000019 -101.44295502 259.77941895
v -11.50000000 -101.44295502 259.77941895
v -12.55000019 -101.89295959 259.89999390
v -11.50000000 -101.89295959 259.89999390
v -12.55000019 -102.34295654 259.77941895
v -11.50000000 -102.34295654 259.77941895
v -12.55000019 -102.67237854 273.44998169
v -11.50000000 -102.67237854 273.44998169
v -12.55000019 -102.79296112 273.00000000
v -11.50000000 -102.79296112 273.00000000
v -12.55000019 -102.67237854 272.54998779
v -11.50000000 -102.67237854 272.54998779
v -12.55000019 -102.34295654 272.22058105
v -11.50000000 -102.34295654 272.22058105
v -12.55000019 -101.89295959 272.10000610
v -11.50000000 -101.89295959 272.10000610
v -12.55000019 -101.44295502 272.22058105
v -11.50000000 -101.44295502 272.22058105
v -12.55000019 -101.11353302 272.54998779
v -11.50000000 -101.11353302 272.54998779
v -12.55000019 -100.99295807 273.00000000
v -11.50000000 -100.99295807 273.00000000
v -12.55000019 -101.11353302 273.44998169
v -11.50000000 -101.11353302 273.44998169
v -12.55000019 -101.44295502 273.77941895
v -11.50000000 -101.44295502 273.77941895
v -12.55000019 -101.89295959 273.89999390
v -11.50000000 -101.89295959 273.89999390
v -12.55000019 -102.34295654 273.77941895
v -11.50000000 -102.34295654 273.77941895
v -12.55000019 -114.79673767 280.44998169
v -11.50000000 -114.79673767 280.44998169
v -12.55000019 -114.91731262 280.00000000
v -11.50000000 -114.91731262 280.00000000
v -12.55000019 -114.79673767 279.54998779
v -11.50000000 -114.79673767 279.54998779
v -12.55000019 -114.46731567 279.22058105
v -11.50000000 -114.46731567 279.22058105
v -12.55000019 -114.01731110 279.10000610
v -11.50000000 -114.01731110 279.10000610
v -12.55000019 -113.56731415 279.22058105
v -11.50000000 -113.56731415 279.22058105
v -12.55000019 -113.23789215 279.54998779
v -11.50000000 -113.23789215 279.54998779
v -12.55000019 -113.11730957 280.00000000
v -11.50000000 -113.11730957 280.00000000
v -12.55000019 -113.23789215 280.44998169
v -11.50000000 -113.23789215 280.44998169
v -12.55000019 -113.56731415 280.77941895
v -11.50000000 -113.56731415 280.77941895
v -12.55000019 -114.01731110 280.89999390
v -11.50000000 -114.01731110 280.89999390
v -12.55000019 -114.46731567 280.77941895
v -11.50000000 -114.46731567 280.77941895
v -12.55000019 -126.92108917 273.44998169
v -11.50000000 -126.92108917 273.44998169
v -12.55000019 -127.04167175 273.00000000
v -11.50000000 -127.04167175 273.00000000
v -12.55000019 -126.92108917 272.54998779
v -11.50000000 -126.92108917 272.54998779
v -12.55000019 -126.59166718 272.22058105
v -11.50000000 -126.59166718 272.22058105
v -12.55000019 -126.14167023 272.10000610
v -11.50000000 -126.14167023 272.10000610
v -12.55000019 -125.69166565 272.22058105
v -11.50000000 -125.69166565 272.22058105
v -12.55000019 -125.36224365 272.54998779
v -11.50000000 -125.36224365 272.54998779
v -12.55000019 -125.24166870 273.00000000
v -11.50000000 -125.24166870 273.00000000
v -12.55000019 -125.36224365 273.44998169
v -11.50000000 -125.36224365 273.44998169
v -12.55000019 -125.69166565 273.77941895
v -11.50000000 -125.69166565 273.77941895
v -12.55000019 -126.14167023 273.89999390
v -11.50000000 -126.14167023 273.89999390
v -12.55000019 -126.59166718 273.77941895
v -11.50000000 -126.59166718 273.77941895
v -12.55000019 -126.92108917 259.44998169
v -11.50000000 -126.92108917 259.44998169
v -12.55000019 -127.04167175 259.00000000
v -11.50000000 -127.04167175 259.00000000
v -12.55000019 -126.92108917 258.54998779
v -11.50000000 -126.92108917 258.54998779
v -12.55000019 -126.59166718 258.22058105
v -11.50000000 -126.59166718 258.22058105
v -12.55000019 -126.14167023 258.10000610
v -11.50000000 -126.14167023 258.10000610
v -12.55000019 -125.69166565 258.22058105
v -11.50000000 -125.69166565 258.22058105
v -12.55000019 -125.36224365 258.54998779
v -11.50000000 -125.36224365 258.54998779
v -12.55000019 -125.24166870 259.00000000
v -11.50000000 -125.24166870 259.00000000
v -12.55000019 -125.36224365 259.44998169
v -11.50000000 -125.36224365 259.44998169
v -12.55000019 -125.69166565 259.77941895
v -11.50000000 -125.69166565 259.77941895
v -12.55000019 -126.14167023 259.89999390
v -11.50000000 -126.14167023 259.89999390
v -12.55000019 -126.59166718 259.77941895
v -11.50000000 -126.59166718 259.77941895
v -12.55000019 -114.79673767 252.44999695
v -11.50000000 -114.79673767 252.44999695
v -12.55000019 -114.91731262 252.00000000
v -11.50000000 -114.91731262 252.00000000
v -12.55000019 -114.79673767 251.55000305
v -11.50000000 -114.79673767 251.55000305
v -12.55000019 -114.46731567 251.22056580
v -11.50000000 -114.46731567 251.22056580
v -12.55000019 -114.01731110 251.09999084
v -11.50000000 -114.01731110 251.09999084
v -12.55000019 -113.56731415 251.22056580
v -11.50000000 -113.56731415 251.22056580
v -12.55000019 -113.23789215 251.55000305
v -11.50000000 -113.23789215 251.55000305
v -12.55000019 -113.11730957 252.00000000
v -11.50000000 -113.11730957 252.00000000
v -12.55000019 -113.23789215 252.44999695
v -11.50000000 -113.23789215 252.44999695
v -12.55000019 -113.56731415 252.77941895
v -11.50000000 -113.56731415 252.77941895
v -12.55000019 -114.01731110 252.89999390
v -11.50000000 -114.01731110 252.89999390
v -12.55000019 -114.46731567 252.77941895
v -11.50000000 -114.46731567 252.77941895
v -13.50000000 -112.22880554 277.86596680
v -11.50000000 -112.22880554 277.86596680
v -13.50000000 -114.01731110 278.00000000
v -11.50000000 -114.01731110 278.00000000
v -13.50000000 -115.80581665 277.86596680
v -11.50000000 -115.80581665 277.86596680
v -13.50000000 -117.55437469 277.46685791
v -11.50000000 -117.55437469 277.46685791
v -13.50000000 -119.22391510 276.81161499
v -11.50000000 -119.22391510 276.81161499
v -13.50000000 -120.77715302 275.91485596
v -11.50000000 -120.77715302 275.91485596
v -13.50000000 -122.17938232 274.79663086
v -11.50000000 -122.17938232 274.79663086
v -13.50000000 -123.39929199 273.48187256
v -11.50000000 -123.39929199 273.48187256
v -13.50000000 -124.40961456 272.00000000
v -11.50000000 -124.40961456 272.00000000
v -13.50000000 -125.18779755 270.38409424
v -11.50000000 -125.18779755 270.38409424
v -13.50000000 -125.71644592 268.67025757
v -11.50000000 -125.71644592 268.67025757
v -13.50000000 -125.98375702 266.89675903
v -11.50000000 -125.98375702 266.89675903
v -13.50000000 -125.98375702 265.10324097
v -11.50000000 -125.98375702 265.10324097
v -13.50000000 -125.71644592 263.32974243
v -11.50000000 -125.71644592 263.32974243
v -13.50000000 -125.18779755 261.61590576
v -11.50000000 -125.18779755 261.61590576
v -13.50000000 -124.40961456 260.00000000
v -11.50000000 -124.40961456 260.00000000
v -13.50000000 -123.39929199 258.51812744
v -11.50000000 -123.39929199 258.51812744
v -13.50000000 -122.17938232 257.20336914
v -11.50000000 -122.17938232 257.20336914
v -13.50000000 -120.77715302 256.08514404
v -11.50000000 -120.77715302 256.08514404
v -13.50000000 -119.22391510 255.18836975
v -11.50000000 -119.22391510 255.18836975
v -13.50000000 -117.55437469 254.53312683
v -11.50000000 -117.55437469 254.53312683
v -13.50000000 -115.80581665 254.13403320
v -11.50000000 -115.80581665 254.13403320
v -13.50000000 -114.01731110 254.00000000
v -11.50000000 -114.01731110 254.00000000
v -13.50000000 -112.22880554 254.13403320
v -11.50000000 -112.22880554 254.13403320
v -13.50000000 -110.48024750 254.53312683
v -11.50000000 -110.48024750 254.53312683
v -13.50000000 -108.81070709 255.18836975
v -11.50000000 -108.81070709 255.18836975
v -13.50000000 -107.25746918 256.08514404
v -11.50000000 -107.25746918 256.08514404
v -13.50000000 -105.85523987 257.20336914
v -11.50000000 -105.85523987 257.20336914
v -13.50000000 -104.63533783 258.51812744
v -11.50000000 -104.63533783 258.51812744
v -13.50000000 -103.62500763 260.00000000
v -11.50000000 -103.62500763 260.00000000
v -13.50000000 -102.84682465 261.61590576
v -11.50000000 -102.84682465 261.61590576
v -13.50000000 -102.31817627 263.32974243
v -11.50000000 -102.31817627 263.32974243
v -13.50000000 -102.05086517 265.10324097
v -11.50000000 -102.05086517 265.10324097
v -13.50000000 -102.05086517 266.89675903
v -11.50000000 -102.05086517 266.89675903
v -13.50000000 -102.31817627 268.67025757
v -11.50000000 -102.31817627 268.67025757
v -13.50000000 -102.84682465 270.38409424
v -11.50000000 -102.84682465 270.38409424
v -13.50000000 -103.62500763 272.00000000
v -11.50000000 -103.62500763 272.00000000
v -13.50000000 -104.63533783 273.48187256
v -11.50000000 -104.63533783 273.48187256
v -13.50000000 -105.85523987 274.79663086
v -11.50000000 -105.85523987 274.79663086
v -13.50000000 -107.25746918 275.91485596
v -11.50000000 -107.25746918 275.91485596
v -13.50000000 -108.81070709 276.81161499
v -11.50000000 -108.81070709 276.81161499
v -13.50000000 -110.48024750 277.46685791
v -11.50000000 -110.48024750 277.46685791
v -13.50000000 -103.61803436 258.33169556
v -13.50000000 -103.74295807 259.00000000
v -13.50000000 -103.61803436 259.66830444
v -13.50000000 -103.26012421 260.24633789
v -13.50000000 -102.71757507 260.65603638
v -13.50000000 -102.06365204 260.84210205
v -13.50000000 -101.38668060 260.77938843
v -13.50000000 -100.77808380 260.47631836
v -13.50000000 -100.32005310 259.97390747
v -13.50000000 -100.07445526 259.33993530
v -13.50000000 -100.07445526 258.66006470
v -13.50000000 -100.32005310 258.02609253
v -13.50000000 -100.77808380 257.52365112
v -13.50000000 -101.38668060 257.22061157
v -13.50000000 -102.06365204 257.15789795
v -13.50000000 -102.71757507 257.34393311
v -13.50000000 -103.26012421 257.75366211
v -13.50000000 -103.61803436 272.33169556
v -13.50000000 -103.74295807 273.00000000
v -13.50000000 -103.61803436 273.66830444
v -13.50000000 -103.26012421 274.24633789
v -13.50000000 -102.71757507 274.65603638
v -13.50000000 -102.06365204 274.84210205
v -13.50000000 -101.38668060 274.77938843
v -13.50000000 -100.77808380 274.47631836
v -13.50000000 -100.32005310 273.97390747
v -13.50000000 -100.07445526 273.33993530
v -13.50000000 -100.07445526 272.66006470
v -13.50000000 -100.32005310 272.02609253
v -13.50000000 -100.77808380 271.52365112
v -13.50000000 -101.38668060 271.22061157
v -13.50000000 -102.06365204 271.15789795
v -13.50000000 -102.71757507 271.34393311
v -13.50000000 -103.26012421 271.75366211
v -13.50000000 -115.74238586 279.33169556
v -13.50000000 -115.86730957 280.00000000
v -13.50000000 -115.74238586 280.66830444
v -13.50000000 -115.38448334 281.24633789
v -13.50000000 -114.84192657 281.65603638
v -13.50000000 -114.18801117 281.84210205
v -13.50000000 -113.51103973 281.77938843
v -13.50000000 -112.90243530 281.47631836
v -13.50000000 -112.44441223 280.97390747
v -13.50000000 -112.19881439 280.33993530
v -13.50000000 -112.19881439 279.66006470
v -13.50000000 -112.44441223 279.02609253
v -13.50000000 -112.90243530 278.52365112
v -13.50000000 -113.51103973 278.22061157
v -13.50000000 -114.18801117 278.15789795
v -13.50000000 -114.84192657 278.34393311
v -13.50000000 -115.38448334 278.75366211
v -13.50000000 -127.86674500 272.33169556
v -13.50000000 -127.99166870 273.00000000
v -13.50000000 -127.86674500 273.66830444
v -13.50000000 -127.50883484 274.24633789
v -13.50000000 -126.96628571 274.65603638
v -13.50000000 -126.31236267 274.84210205
v -13.50000000 -125.63539124 274.77938843
v -13.50000000 -125.02679443 274.47631836
v -13.50000000 -124.56876373 273.97390747
v -13.50000000 -124.32316589 273.33993530
v -13.50000000 -124.32316589 272.66006470
v -13.50000000 -124.56876373 272.02609253
v -13.50000000 -125.02679443 271.52365112
v -13.50000000 -125.63539124 271.22061157
v -13.50000000 -126.31236267 271.15789795
v -13.50000000 -126.96628571 271.34393311
v -13.50000000 -127.50883484 271.75366211
v -13.50000000 -127.86674500 258.33169556
v -13.50000000 -127.99166870 259.00000000
v -13.50000000 -127.86674500 259.66830444
v -13.50000000 -127.50883484 260.24633789
v -13.50000000 -126.96628571 260.65603638
v -13.50000000 -126.31236267 260.84210205
v -13.50000000 -125.63539124 260.77938843
v -13.50000000 -125.02679443 260.47631836
v -13.50000000 -124.56876373 259.97390747
v -13.50000000 -124.32316589 259.33993530
v -13.50000000 -124.32316589 258.66006470
v -13.50000000 -124.56876373 258.02609253
v -13.50000000 -125.02679443 257.52365112
v -13.50000000 -125.63539124 257.22061157
v -13.50000000 -126.31236267 257.15789795
v -13.50000000 -126.96628571 257.34393311
v -13.50000000 -127.50883484 257.75366211
v -13.50000000 -115.74238586 251.33169556
v -13.50000000 -115.86730957 252.00000000
v -13.50000000 -115.74238586 252.66828918
v -13.50000000 -115.38448334 253.24633789
v -13.50000000 -114.84192657 253.65605164
v -13.50000000 -114.18801117 253.84210205
v -13.50000000 -113.51103973 253.77937317
v -13.50000000 -112.90243530 253.47633362
v -13.50000000 -112.44441223 252.97389221
v -13.50000000 -112.19881439 252.33993530
v -13.50000000 -112.19881439 251.66006470
v -13.50000000 -112.44441223 251.02609253
v -13.50000000 -112.90243530 250.52366638
v -13.50000000 -113.51103973 250.22061157
v -13.50000000 -114.18801117 250.15788269
v -13.50000000 -114.84192657 250.34394836
v -13.50000000 -115.38448334 250.75366211
v -23.00000000 -111.86676788 283.36734009
v -23.00000000 -114.01731110 283.50000000
v -23.00000000 -116.16786194 283.36734009
v -23.00000000 -118.28580475 282.97143555
v -23.00000000 -109.74882507 282.97143555
v -23.00000000 -107.69558716 282.31826782
v -23.00000000 -105.73817444 281.41772461
v -23.00000000 -103.90627289 280.28344727
v -23.00000000 -102.22763824 278.93264771
v -23.00000000 -100.72772980 277.38580322
v -23.00000000 -99.42926788 275.66638184
v -23.00000000 -98.35195923 273.80041504
v -23.00000000 -97.51210785 271.81619263
v -23.00000000 -96.92247009 269.74383545
v -23.00000000 -96.59196472 267.61468506
v -23.00000000 -96.52561188 265.46109009
v -23.00000000 -96.72441864 263.31564331
v -23.00000000 -97.18536377 261.21090698
v -23.00000000 -97.90146637 259.17874146
v -23.00000000 -98.86186981 257.25000000
v -23.00000000 -100.05200958 255.45388794
v -23.00000000 -101.45385742 253.81765747
v -23.00000000 -103.04615021 252.36608887
v -23.00000000 -104.80474854 251.12120056
v -23.00000000 -106.70301056 250.10185242
v -23.00000000 -108.71214294 249.32351685
v -23.00000000 -110.80169678 248.79797363
v -23.00000000 -112.93999481 248.53318787
v -23.00000000 -115.09462738 248.53318787
v -23.00000000 -117.23293304 248.79797363
v -23.00000000 -119.32248688 249.32351685
v -23.00000000 -121.33161926 250.10185242
v -23.00000000 -123.22987366 251.12120056
v -23.00000000 -124.98847961 252.36608887
v -23.00000000 -126.58077240 253.81765747
v -23.00000000 -127.98261261 255.45388794
v -23.00000000 -129.17276001 257.25000000
v -23.00000000 -130.13316345 259.17874146
v -23.00000000 -130.84925842 261.21090698
v -23.00000000 -131.31021118 263.31564331
v -23.00000000 -131.50901794 265.46109009
v -23.00000000 -131.44265747 267.61468506
v -23.00000000 -131.11215210 269.74383545
v -23.00000000 -130.52252197 271.81619263
v -23.00000000 -129.68267822 273.80041504
v -23.00000000 -128.60536194 275.66638184
v -23.00000000 -127.30690002 277.38580322
v -23.00000000 -125.80698395 278.93264771
v -23.00000000 -124.12835693 280.28344727
v -23.00000000 -122.29644775 281.41772461
v -23.00000000 -120.33904266 282.31826782
v -23.00000000 -111.92889404 281.86312866
v -13.50000000 -111.92889404 281.86312866
v -23.00000000 -114.01731110 282.00000000
v -13.50000000 -114.01731110 282.00000000
v -23.00000000 -116.10573578 281.86312866
v -13.50000000 -116.10573578 281.86312866
v -23.00000000 -118.15841675 281.45480347
v -13.50000000 -118.15841675 281.45480347
v -23.00000000 -120.14025116 280.78207397
v -13.50000000 -120.14025116 280.78207397
v -23.00000000 -122.01731110 279.85641479
v -13.50000000 -122.01731110 279.85641479
v -23.00000000 -123.75749969 278.69366455
v -13.50000000 -123.75749969 278.69366455
v -23.00000000 -125.33102417 277.31369019
v -13.50000000 -125.33102417 277.31369019
v -23.00000000 -126.71096802 275.74017334
v -13.50000000 -126.71096802 275.74017334
v -23.00000000 -127.87371826 274.00000000
v -13.50000000 -127.87371826 274.00000000
v -23.00000000 -128.79939270 272.12292480
v -13.50000000 -128.79939270 272.12292480
v -23.00000000 -129.47212219 270.14111328
v -13.50000000 -129.47212219 270.14111328
v -23.00000000 -129.88043213 268.08840942
v -13.50000000 -129.88043213 268.08840942
v -23.00000000 -130.01731873 266.00000000
v -13.50000000 -130.01731873 266.00000000
v -23.00000000 -129.88043213 263.91159058
v -13.50000000 -129.88043213 263.91159058
v -23.00000000 -129.47212219 261.85888672
v -13.50000000 -129.47212219 261.85888672
v -23.00000000 -128.79939270 259.87707520
v -13.50000000 -128.79939270 259.87707520
v -23.00000000 -127.87371826 258.00000000
v -13.50000000 -127.87371826 258.00000000
v -23.00000000 -126.71096802 256.25982666
v -13.50000000 -126.71096802 256.25982666
v -23.00000000 -125.33102417 254.68629456
v -13.50000000 -125.33102417 254.68629456
v -23.00000000 -123.75749969 253.30633545
v -13.50000000 -123.75749969 253.30633545
v -23.00000000 -122.01731110 252.14358521
v -13.50000000 -122.01731110 252.14358521
v -23.00000000 -120.14025116 251.21792603
v -13.50000000 -120.14025116 251.21792603
v -23.00000000 -118.15841675 250.54518127
v -13.50000000 -118.15841675 250.54518127
v -23.00000000 -116.10573578 250.13687134
v -13.50000000 -116.10573578 250.13687134
v -23.00000000 -114.01731110 250.00000000
v -13.50000000 -114.01731110 250.00000000
v -23.00000000 -111.92889404 250.13687134
v -13.50000000 -111.92889404 250.13687134
v -23.00000000 -109.87620544 250.54518127
v -13.50000000 -109.87620544 250.54518127
v -23.00000000 -107.89437866 251.21792603
v -13.50000000 -107.89437866 251.21792603
v -23.00000000 -106.01731110 252.14358521
v -13.50000000 -106.01731110 252.14358521
v -23.00000000 -104.27713013 253.30633545
v -13.50000000 -104.27713013 253.30633545
v -23.00000000 -102.70360565 254.68629456
v -13.50000000 -102.70360565 254.68629456
v -23.00000000 -101.32366180 256.25982666
v -13.50000000 -101.32366180 256.25982666
v -23.00000000 -100.16090393 258.00000000
v -13.50000000 -100.16090393 258.00000000
v -23.00000000 -99.23523712 259.87707520
v -13.50000000 -99.23523712 259.87707520
v -23.00000000 -98.56250000 261.85888672
v -13.50000000 -98.56250000 261.85888672
v -23.00000000 -98.15419769 263.91159058
v -13.50000000 -98.15419769 263.91159058
v -23.00000000 -98.01731110 266.00000000
v -13.50000000 -98.01731110 266.00000000
v -23.00000000 -98.15419769 268.08840942
v -13.50000000 -98.15419769 268.08840942
v -23.00000000 -98.56250000 270.14111328
v -13.50000000 -98.56250000 270.14111328
v -23.00000000 -99.23523712 272.12292480
v -13.50000000 -99.23523712 272.12292480
v -23.00000000 -100.16090393 274.00000000
v -13.50000000 -100.16090393 274.00000000
v -23.00000000 -101.32366180 275.74017334
v -13.50000000 -101.32366180 275.74017334
v -23.00000000 -102.70360565 277.31369019
v -13.50000000 -102.70360565 277.31369019
v -23.00000000 -104.27713013 278.69366455
v -13.50000000 -104.27713013 278.69366455
v -23.00000000 -106.01731110 279.85641479
v -13.50000000 -106.01731110 279.85641479
v -23.00000000 -107.89437866 280.78207397
v -13.50000000 -107.89437866 280.78207397
v -23.00000000 -109.87620544 281.45480347
v -13.50000000 -109.87620544 281.45480347
v -24.50000000 -134.18072510 286.84313965
v -24.50000000 -133.47882080 287.50000000
v -24.50000000 -134.86047363 286.16339111
v -24.50000000 -135.51731873 285.46148682
v -24.50000000 -135.51731873 246.53849792
v -24.50000000 -134.86047363 245.83659363
v -24.50000000 -134.18072510 245.15684509
v -24.50000000 -133.47882080 244.50000000
v -24.50000000 -94.55580902 244.50000000
v -24.50000000 -93.85390472 245.15684509
v -24.50000000 -93.17415619 245.83659363
v -24.50000000 -92.51731110 246.53849792
v -24.50000000 -92.51731110 285.46148682
v -24.50000000 -93.17415619 286.16339111
v -24.50000000 -93.85390472 286.84313965
v -24.50000000 -94.55580902 287.50000000
v -31.00000000 -135.51731873 246.53849792
v -31.00000000 -135.51731873 285.46148682
v -31.00000000 -134.86047363 286.16339111
v -31.00000000 -134.18072510 286.84313965
v -31.00000000 -133.47882080 287.50000000
v -31.00000000 -94.55580902 287.50000000
v -31.00000000 -93.85390472 286.84313965
v -31.00000000 -93.17415619 286.16339111
v -31.00000000 -92.51731110 285.46148682
v -31.00000000 -92.51731110 246.53849792
v -31.00000000 -94.55580902 244.50000000
v -31.00000000 -93.85390472 245.15684509
v -31.00000000 -93.17415619 245.83659363
v -31.00000000 -133.47882080 244.50000000
v -31.00000000 -134.18072510 245.15684509
v -31.00000000 -134.86047363 245.83659363
v -31.00000000 -98.15796661 249.02674866
v -31.00000000 -98.28964233 248.32232666
v -31.00000000 -97.78070831 249.63603210
v -31.00000000 -97.20883179 250.06790161
v -31.00000000 -96.51956940 250.26400757
v -31.00000000 -95.80599976 250.19789124
v -31.00000000 -95.16450500 249.87846375
v -31.00000000 -94.68171692 249.34887695
v -31.00000000 -94.42284393 248.68063354
v -31.00000000 -94.42284393 247.96401978
v -31.00000000 -94.68171692 247.29577637
v -31.00000000 -95.16450500 246.76618958
v -31.00000000 -95.80599976 246.44676208
v -31.00000000 -96.51956940 246.38064575
v -31.00000000 -97.20883179 246.57675171
v -31.00000000 -97.78070831 247.00862122
v -31.00000000 -98.15796661 247.61790466
v -31.00000000 -131.42224121 289.19628906
v -31.00000000 -120.85529327 289.45849609
v -31.00000000 -106.85529327 289.45849609
v -31.00000000 -96.61238098 289.19628906
v -31.00000000 -106.24230957 289.65765381
v -31.00000000 -105.76333618 290.08892822
v -31.00000000 -98.81602478 290.69656372
v -31.00000000 -105.50118256 290.67773438
v -31.00000000 -105.50118256 291.32226562
v -31.00000000 -101.14813232 291.98815918
v -31.00000000 -105.76333618 291.91107178
v -31.00000000 -106.24230957 292.34234619
v -31.00000000 -103.58898926 293.06011963
v -31.00000000 -106.85529327 292.54150391
v -31.00000000 -106.11796570 293.90341187
v -31.00000000 -107.49629211 292.47412109
v -31.00000000 -108.71369934 294.51089478
v -31.00000000 -119.32092285 294.51089478
v -31.00000000 -116.68037415 294.87747192
v -31.00000000 -111.35425568 294.87747192
v -31.00000000 -114.01731110 295.00000000
v -31.00000000 -120.85529327 292.54150391
v -31.00000000 -121.91665649 293.90341187
v -31.00000000 -124.44564056 293.06011963
v -31.00000000 -126.88649750 291.98815918
v -31.00000000 -122.05446625 292.15185547
v -31.00000000 -121.49629211 292.47412109
v -31.00000000 -129.21859741 290.69656372
v -31.00000000 -122.56731415 291.00000000
v -31.00000000 -122.43331146 291.63043213
v -31.00000000 -122.05446625 289.84811401
v -31.00000000 -122.43331146 290.36956787
v -31.00000000 -108.43331146 291.63043213
v -31.00000000 -119.50118256 291.32226562
v -31.00000000 -108.56731415 291.00000000
v -31.00000000 -119.50118256 290.67773438
v -31.00000000 -108.43331146 290.36956787
v -31.00000000 -119.76333618 290.08892822
v -31.00000000 -108.05446625 289.84811401
v -31.00000000 -120.24230957 289.65765381
v -31.00000000 -107.49629211 289.52584839
v -31.00000000 -119.76333618 291.91107178
v -31.00000000 -108.05446625 292.15185547
v -31.00000000 -120.24230957 292.34234619
v -31.00000000 -121.49629211 289.52584839
v -31.00000000 -103.71585846 239.76493835
v -31.00000000 -99.46731567 240.14544678
v -31.00000000 -104.34231567 240.25758362
v -31.00000000 -106.35317230 241.26747131
v -31.00000000 -108.46767426 242.03709412
v -31.00000000 -110.65721893 242.55603027
v -31.00000000 -112.89221191 242.81726074
v -31.00000000 -115.14241791 242.81726074
v -31.00000000 -117.37740326 242.55603027
v -31.00000000 -119.56695557 242.03709412
v -31.00000000 -121.68145752 241.26747131
v -31.00000000 -123.69231415 240.25758362
v -31.00000000 -128.56730652 240.14544678
v -31.00000000 -124.31877136 239.76493835
v -31.00000000 -128.06182861 239.72129822
v -31.00000000 -124.78105164 239.11575317
v -31.00000000 -127.73189545 239.14984131
v -31.00000000 -125.04170990 238.36262512
v -31.00000000 -127.61730957 238.50000000
v -31.00000000 -125.07963562 237.56655884
v -31.00000000 -127.61730957 235.50000000
v -31.00000000 -124.89174652 236.79206848
v -31.00000000 -127.73189545 234.85015869
v -31.00000000 -124.49326324 236.10186768
v -31.00000000 -124.24330902 228.42457581
v -31.00000000 -123.39512634 229.89367676
v -31.00000000 -99.97280121 239.72129822
v -31.00000000 -103.25357056 239.11575317
v -31.00000000 -100.30272675 239.14984131
v -31.00000000 -102.99291229 238.36262512
v -31.00000000 -100.41731262 238.50000000
v -31.00000000 -102.95499420 237.56655884
v -31.00000000 -100.41731262 235.50000000
v -31.00000000 -103.14288330 236.79206848
v -31.00000000 -100.30272675 234.85015869
v -31.00000000 -103.54136658 236.10186768
v -31.00000000 -103.79131317 228.42457581
v -31.00000000 -104.63950348 229.89367676
v -31.00000000 -104.11815643 235.55191040
v -31.00000000 -104.82652283 235.18672180
v -31.00000000 -105.69717407 231.21995544
v -31.00000000 -105.60908508 235.03588867
v -31.00000000 -106.94070435 232.37377930
v -31.00000000 -106.40243530 235.11164856
v -31.00000000 -107.14231110 235.40785217
v -31.00000000 -108.34231567 233.32939148
v -31.00000000 -108.75541687 236.20333862
v -31.00000000 -109.87068939 234.06541443
v -31.00000000 -110.45854950 236.78147888
v -31.00000000 -111.49169922 234.56542969
v -31.00000000 -112.22257996 237.13237000
v -31.00000000 -113.16912842 234.81825256
v -31.00000000 -114.01731110 237.25000000
v -31.00000000 -114.86550140 234.81825256
v -31.00000000 -115.81204987 237.13237000
v -31.00000000 -116.54292297 234.56542969
v -31.00000000 -117.57607269 236.78147888
v -31.00000000 -118.16393280 234.06541443
v -31.00000000 -119.27921295 236.20333862
v -31.00000000 -119.69231415 233.32939148
v -31.00000000 -120.89231110 235.40785217
v -31.00000000 -121.09392548 232.37377930
v -31.00000000 -121.63218689 235.11164856
v -31.00000000 -122.42554474 235.03588867
v -31.00000000 -122.33744812 231.21995544
v -31.00000000 -123.20810699 235.18672180
v -31.00000000 -123.91647339 235.55191040
v -31.00000000 -102.66731262 220.00000000
v -31.00000000 -97.05446625 226.59812927
v -31.00000000 -102.66731262 223.50000000
v -31.00000000 -97.43331146 227.11955261
v -31.00000000 -102.79408264 225.19161987
v -31.00000000 -97.56731415 227.75000000
v -31.00000000 -103.17156219 226.84547424
v -31.00000000 -99.46731567 233.85455322
v -31.00000000 -99.97280121 234.27870178
v -31.00000000 -102.79408264 218.30836487
v -31.00000000 -98.18737793 209.37112427
v -31.00000000 -96.49629211 226.27586365
v -31.00000000 -103.17156219 216.65452576
v -31.00000000 -99.46731567 209.14544678
v -31.00000000 -98.84724426 209.37112427
v -31.00000000 -99.97280121 208.72129822
v -31.00000000 -103.79131317 215.07540894
v -31.00000000 -100.30272675 208.14984131
v -31.00000000 -103.54136658 207.39811707
v -31.00000000 -103.14288330 206.70793152
v -31.00000000 -104.63950348 213.60630798
v -31.00000000 -104.11815643 207.94808960
v -31.00000000 -104.82652283 208.31327820
v -31.00000000 -105.69717407 212.28002930
v -31.00000000 -105.60908508 208.46411133
v -31.00000000 -106.94070435 211.12620544
v -31.00000000 -106.40243530 208.38835144
v -31.00000000 -107.14231110 208.09214783
v -31.00000000 -108.34231567 210.17060852
v -31.00000000 -108.75541687 207.29664612
v -31.00000000 -109.87068939 209.43458557
v -31.00000000 -110.45854950 206.71852112
v -31.00000000 -111.49169922 208.93457031
v -31.00000000 -112.22257996 206.36763000
v -31.00000000 -113.16912842 208.68173218
v -31.00000000 -114.01731110 206.25000000
v -31.00000000 -114.86550140 208.68173218
v -31.00000000 -115.81204987 206.36763000
v -31.00000000 -116.54292297 208.93457031
v -31.00000000 -117.57607269 206.71852112
v -31.00000000 -118.16393280 209.43458557
v -31.00000000 -119.27921295 207.29664612
v -31.00000000 -119.69231415 210.17060852
v -31.00000000 -120.89231110 208.09214783
v -31.00000000 -121.09392548 211.12620544
v -31.00000000 -121.63218689 208.38835144
v -31.00000000 -122.42554474 208.46411133
v -31.00000000 -122.33744812 212.28002930
v -31.00000000 -123.20810699 208.31327820
v -31.00000000 -123.39512634 213.60630798
v -31.00000000 -123.91647339 207.94808960
v -31.00000000 -124.49326324 207.39811707
v -31.00000000 -124.24330902 215.07540894
v -31.00000000 -127.73189545 208.14984131
v -31.00000000 -128.06182861 208.72129822
v -31.00000000 -124.86306763 216.65452576
v -31.00000000 -128.56730652 209.14544678
v -31.00000000 -125.24053955 218.30836487
v -31.00000000 -129.18737793 209.37112427
v -31.00000000 -129.84724426 209.37112427
v -31.00000000 -125.36730957 220.00000000
v -31.00000000 -131.24230957 226.40765381
v -31.00000000 -130.76333618 226.83892822
v -31.00000000 -125.36730957 223.50000000
v -31.00000000 -130.50119019 227.42773438
v -31.00000000 -125.24053955 225.19161987
v -31.00000000 -130.50119019 228.07226562
v -31.00000000 -124.86306763 226.84547424
v -31.00000000 -128.56730652 233.85455322
v -31.00000000 -128.06182861 234.27870178
v -31.00000000 -131.30273438 208.14984131
v -31.00000000 -136.24880981 197.81768799
v -31.00000000 -131.41731262 207.50000000
v -31.00000000 -135.36189270 198.43009949
v -31.00000000 -134.38294983 198.88102722
v -31.00000000 -130.97279358 208.72129822
v -31.00000000 -133.05445862 226.59812927
v -31.00000000 -133.43330383 227.11955261
v -31.00000000 -137.01731873 197.06201172
v -31.00000000 -133.56730652 227.75000000
v -31.00000000 -137.01731873 251.50862122
v -31.00000000 -136.11730957 253.00000000
v -31.00000000 -135.81730652 254.37477112
v -31.00000000 -136.04502869 253.66253662
v -31.00000000 -132.49629211 226.27586365
v -31.00000000 -130.46731567 209.14544678
v -31.00000000 -131.85530090 226.20848083
v -31.00000000 -124.89174652 206.70793152
v -31.00000000 -127.61730957 207.50000000
v -31.00000000 -125.07963562 205.93342590
v -31.00000000 -127.61730957 204.50000000
v -31.00000000 -125.04170990 205.13737488
v -31.00000000 -127.73189545 203.85015869
v -31.00000000 -124.78105164 204.38424683
v -31.00000000 -124.31877136 203.73506165
v -31.00000000 -128.06182861 203.27870178
v -31.00000000 -123.69231415 203.24240112
v -31.00000000 -128.56730652 202.85455322
v -31.00000000 -132.26731873 199.25000000
v -31.00000000 -129.18737793 202.62886047
v -31.00000000 -129.84724426 202.62886047
v -31.00000000 -130.46731567 202.85455322
v -31.00000000 -130.97279358 203.27870178
v -31.00000000 -131.30273438 203.85015869
v -31.00000000 -133.34109497 199.15705872
v -31.00000000 -131.41731262 204.50000000
v -31.00000000 -100.41731262 207.50000000
v -31.00000000 -102.95499420 205.93342590
v -31.00000000 -100.41731262 204.50000000
v -31.00000000 -102.99291229 205.13737488
v -31.00000000 -100.30272675 203.85015869
v -31.00000000 -103.25357056 204.38424683
v -31.00000000 -103.71585846 203.73506165
v -31.00000000 -99.97280121 203.27870178
v -31.00000000 -104.34231567 203.24240112
v -31.00000000 -99.46731567 202.85455322
v -31.00000000 -95.76731110 199.25000000
v -31.00000000 -98.84724426 202.62886047
v -31.00000000 -98.18737793 202.62886047
v -31.00000000 -97.56731415 202.85455322
v -31.00000000 -97.06182861 203.27870178
v -31.00000000 -96.73189545 203.85015869
v -31.00000000 -94.69352722 199.15705872
v -31.00000000 -96.61730957 204.50000000
v -31.00000000 -93.65167236 198.88102722
v -31.00000000 -96.61730957 207.50000000
v -31.00000000 -92.67272949 198.43009949
v -31.00000000 -91.78582001 197.81768799
v -31.00000000 -106.35317230 202.23251343
v -31.00000000 -108.46767426 201.46290588
v -31.00000000 -110.65721893 200.94396973
v -31.00000000 -112.89221191 200.68273926
v -31.00000000 -115.14241791 200.68273926
v -31.00000000 -117.37740326 200.94396973
v -31.00000000 -119.56695557 201.46290588
v -31.00000000 -121.68145752 202.23251343
v -31.00000000 -97.56731415 209.14544678
v -31.00000000 -95.85529327 226.20848083
v -31.00000000 -97.06182861 208.72129822
v -31.00000000 -95.24230957 226.40765381
v -31.00000000 -96.73189545 208.14984131
v -31.00000000 -94.76333618 226.83892822
v -31.00000000 -91.01731110 197.06201172
v -31.00000000 -131.30273438 239.14984131
v -31.00000000 -131.41731262 238.50000000
v -31.00000000 -131.41731262 235.50000000
v -31.00000000 -133.43330383 228.38043213
v -31.00000000 -133.05445862 228.90187073
v -31.00000000 -130.97279358 239.72129822
v -31.00000000 -130.46731567 240.14544678
v -31.00000000 -129.84724426 240.37112427
v -31.00000000 -129.18737793 240.37112427
v -31.00000000 -129.18737793 233.62886047
v -31.00000000 -130.76333618 228.66105652
v -31.00000000 -129.84724426 233.62886047
v -31.00000000 -131.24230957 229.09233093
v -31.00000000 -130.46731567 233.85455322
v -31.00000000 -131.85530090 229.29150391
v -31.00000000 -130.97279358 234.27870178
v -31.00000000 -132.49629211 229.22413635
v -31.00000000 -131.30273438 234.85015869
v -31.00000000 -98.84724426 240.37112427
v -31.00000000 -98.18738556 240.37112427
v -31.00000000 -97.56731415 240.14544678
v -31.00000000 -97.06182861 239.72129822
v -31.00000000 -96.73189545 239.14984131
v -31.00000000 -96.61731720 238.50000000
v -31.00000000 -96.61731720 235.50000000
v -31.00000000 -94.76333618 228.66105652
v -31.00000000 -95.24230957 229.09233093
v -31.00000000 -96.73189545 234.85015869
v -31.00000000 -95.85529327 229.29150391
v -31.00000000 -97.06182861 234.27870178
v -31.00000000 -96.49629211 229.22413635
v -31.00000000 -97.56731415 233.85455322
v -31.00000000 -97.05446625 228.90187073
v -31.00000000 -98.18738556 233.62886047
v -31.00000000 -97.43331146 228.38043213
v -31.00000000 -98.84724426 233.62886047
v -31.00000000 -94.50118256 228.07226562
v -31.00000000 -94.50118256 227.42773438
v -31.00000000 -91.01731110 282.06237793
v -31.00000000 -92.38362885 285.31277466
v -31.00000000 -135.81730652 269.21716309
v -31.00000000 -136.11730957 270.97500610
v -31.00000000 -137.11439514 279.06683350
v -31.00000000 -137.40385437 277.66860962
v -31.00000000 -137.01731873 280.49136353
v -31.00000000 -135.65100098 285.31277466
v -31.00000000 -135.78364563 285.16314697
v -31.00000000 -135.91526794 285.01260376
v -31.00000000 -137.01731873 282.06237793
v -31.00000000 -136.51571655 284.12701416
v -31.00000000 -136.89012146 283.12472534
v -31.00000000 -137.88032532 276.32263184
v -31.00000000 -138.57040405 274.55252075
v -31.00000000 -138.43554688 270.97500610
v -31.00000000 -139.12937927 272.73675537
v -31.00000000 -138.80987549 270.96496582
v -31.00000000 -139.18315125 270.93496704
v -31.00000000 -139.55427551 270.88500977
v -31.00000000 -136.04396057 270.11541748
v -31.00000000 -137.12376404 253.00000000
v -31.00000000 -137.06466675 252.50474548
v -31.00000000 -137.02915955 252.00724792
v -31.00000000 -91.14450836 283.12472534
v -31.00000000 -91.51891327 284.12701416
v -31.00000000 -92.11935425 285.01260376
v -31.00000000 -92.25097656 285.16314697
v -1.00000000 -130.46731567 108.24999237
v -1.00000000 -130.60131836 108.88043976
v -1.00000000 -130.60131836 107.61955261
v -1.00000000 -130.98016357 107.09812164
v -1.00000000 -130.98016357 109.40187073
v -1.00000000 -131.53833008 106.77585602
v -1.00000000 -131.53833008 109.72413635
v -1.00000000 -132.17933655 106.70848846
v -1.00000000 -132.17933655 109.79150391
v -1.00000000 -132.79231262 106.90765381
v -1.00000000 -132.79231262 109.59233856
v -1.00000000 -133.27128601 107.33892822
v -1.00000000 -133.27128601 109.16106415
v -1.00000000 -133.53344727 107.92773438
v -1.00000000 -133.53344727 108.57225800
v -1.00000000 -94.46731567 108.24999237
v -1.00000000 -94.60131836 108.88043976
v -1.00000000 -94.60131836 107.61955261
v -1.00000000 -94.98016357 107.09812164
v -1.00000000 -94.98016357 109.40187073
v -1.00000000 -95.53833771 106.77585602
v -1.00000000 -95.53833771 109.72413635
v -1.00000000 -96.17932892 106.70848846
v -1.00000000 -96.17932892 109.79150391
v -1.00000000 -96.79231262 106.90765381
v -1.00000000 -96.79231262 109.59233856
v -1.00000000 -97.27128601 107.33892822
v -1.00000000 -97.27128601 109.16106415
v -1.00000000 -97.53343964 107.92773438
v -1.00000000 -97.53343964 108.57225800
v -1.00000000 -97.86404419 102.95375061
v -1.00000000 -98.70690918 102.71735382
v -1.00000000 -97.98964691 102.32232666
v -1.00000000 -98.70690918 101.92729950
v -1.00000000 -97.86404419 101.69090271
v -1.00000000 -98.45037842 101.18005371
v -1.00000000 -97.50637054 101.15560150
v -1.00000000 -97.96511841 100.55658722
v -1.00000000 -96.97106934 100.79792786
v -1.00000000 -97.30371094 100.12447357
v -1.00000000 -96.53783417 99.93052673
v -1.00000000 -98.45037842 103.46459961
v -1.00000000 -97.50637054 103.48905182
v -1.00000000 -97.96511841 104.08806610
v -1.00000000 -96.97106934 103.84672546
v -1.00000000 -97.30371094 104.52017975
v -1.00000000 -96.53783417 104.71412659
v -1.00000000 -96.33964539 103.97232819
v -1.00000000 -95.75048065 104.64888763
v -1.00000000 -95.70821381 103.84672546
v -1.00000000 -95.02696991 104.33152771
v -1.00000000 -95.17292023 103.48905182
v -1.00000000 -94.44570923 103.79644012
v -1.00000000 -94.81523895 102.95375061
v -1.00000000 -94.06967926 103.10160828
v -1.00000000 -94.68964386 102.32232666
v -1.00000000 -93.93964386 102.32232666
v -1.00000000 -94.06967926 101.54304504
v -1.00000000 -94.81523895 101.69090271
v -1.00000000 -94.44570923 100.84821320
v -1.00000000 -95.17292023 101.15560150
v -1.00000000 -95.02696991 100.31312561
v -1.00000000 -95.70821381 100.79792786
v -1.00000000 -95.75048065 99.99576569
v -1.00000000 -96.33964539 100.67232513
v -1.00000000 -133.21939087 138.30909729
v -1.00000000 -134.06225586 138.07269287
v -1.00000000 -133.34498596 137.67767334
v -1.00000000 -134.06225586 137.28263855
v -1.00000000 -133.21939087 137.04623413
v -1.00000000 -133.80572510 136.53538513
v -1.00000000 -132.86170959 136.51094055
v -1.00000000 -133.32046509 135.91192627
v -1.00000000 -132.32641602 136.15325928
v -1.00000000 -132.65905762 135.47981262
v -1.00000000 -131.89317322 135.28585815
v -1.00000000 -133.80572510 138.81994629
v -1.00000000 -132.86170959 138.84439087
v -1.00000000 -133.32046509 139.44340515
v -1.00000000 -132.32641602 139.20207214
v -1.00000000 -132.65905762 139.87551880
v -1.00000000 -131.89317322 140.06947327
v -1.00000000 -131.69497681 139.32766724
v -1.00000000 -131.10581970 140.00422668
v -1.00000000 -131.06355286 139.20207214
v -1.00000000 -130.38230896 139.68685913
v -1.00000000 -130.52825928 138.84439087
v -1.00000000 -129.80104065 139.15177917
v -1.00000000 -130.17057800 138.30909729
v -1.00000000 -129.42501831 138.45693970
v -1.00000000 -130.04498291 137.67767334
v -1.00000000 -129.29498291 137.67767334
v -1.00000000 -129.42501831 136.89839172
v -1.00000000 -130.17057800 137.04623413
v -1.00000000 -129.80104065 136.20355225
v -1.00000000 -130.52825928 136.51094055
v -1.00000000 -130.38230896 135.66847229
v -1.00000000 -131.06355286 136.15325928
v -1.00000000 -131.10581970 135.35110474
v -1.00000000 -131.69497681 136.02766418
v -1.00000000 -116.16786194 102.63263702
v -1.00000000 -114.56623840 102.18344879
v -1.00000000 -114.01731110 102.49999237
v -1.00000000 -112.37262726 102.25103760
v -1.00000000 -111.86676788 102.63263702
v -1.00000000 -110.20395660 102.58767700
v -1.00000000 -109.74882507 103.02854919
v -1.00000000 -108.09308624 103.18827057
v -1.00000000 -107.69558716 103.68173218
v -1.00000000 -106.07202911 104.04370880
v -1.00000000 -105.73817444 104.58228302
v -1.00000000 -104.17140961 105.14103699
v -1.00000000 -103.90627289 105.71655273
v -1.00000000 -102.42004395 106.46360016
v -1.00000000 -102.22763824 107.06733704
v -1.00000000 -100.84448242 107.99137115
v -1.00000000 -100.72772980 108.61417389
v -1.00000000 -99.46860504 109.70117950
v -1.00000000 -99.42926788 110.33361053
v -1.00000000 -98.31327057 111.56710052
v -1.00000000 -98.35195923 112.19957733
v -1.00000000 -97.39599609 113.56085968
v -1.00000000 -97.51210785 114.18378448
v -1.00000000 -96.73068237 115.65223694
v -1.00000000 -96.92247009 116.25616455
v -1.00000000 -96.32741547 117.80950928
v -1.00000000 -96.59196472 118.38529968
v -1.00000000 -96.19231415 119.99999237
v -1.00000000 -96.52561188 120.53890991
v -1.00000000 -96.32741547 122.19048309
v -1.00000000 -96.72441864 122.68434906
v -1.00000000 -96.73068237 124.34775543
v -1.00000000 -97.18536377 124.78910065
v -1.00000000 -97.39599609 126.43913269
v -1.00000000 -97.90146637 126.82125092
v -1.00000000 -98.31327057 128.43289185
v -1.00000000 -98.86186981 128.75000000
v -1.00000000 -99.46860504 130.29881287
v -1.00000000 -100.05200958 130.54609680
v -1.00000000 -100.84448242 132.00862122
v -1.00000000 -101.45385742 132.18234253
v -1.00000000 -102.42004395 133.53639221
v -1.00000000 -103.04615021 133.63391113
v -1.00000000 -104.17140961 134.85896301
v -1.00000000 -104.80474854 134.87879944
v -1.00000000 -106.07202911 135.95628357
v -1.00000000 -106.70301056 135.89813232
v -1.00000000 -108.09308624 136.81172180
v -1.00000000 -108.71214294 136.67648315
v -1.00000000 -110.20395660 137.41232300
v -1.00000000 -110.80169678 137.20202637
v -1.00000000 -112.37262726 137.74896240
v -1.00000000 -112.93999481 137.46679688
v -1.00000000 -114.56623840 137.81654358
v -1.00000000 -115.09462738 137.46679688
v -1.00000000 -116.75151825 137.61404419
v -1.00000000 -117.23293304 137.20202637
v -1.00000000 -118.89535522 137.14453125
v -1.00000000 -119.32248688 136.67648315
v -1.00000000 -120.96524811 136.41513062
v -1.00000000 -121.33161926 135.89813232
v -1.00000000 -122.92980957 135.43690491
v -1.00000000 -123.22987366 134.87879944
v -1.00000000 -124.75927734 134.22465515
v -1.00000000 -124.98847961 133.63391113
v -1.00000000 -126.42590332 132.79678345
v -1.00000000 -126.58077240 132.18234253
v -1.00000000 -127.90442657 131.17491150
v -1.00000000 -127.98261261 130.54609680
v -1.00000000 -129.17243958 129.38365173
v -1.00000000 -129.17276001 128.75000000
v -1.00000000 -130.21070862 127.45014191
v -1.00000000 -130.13316345 126.82125092
v -1.00000000 -131.00350952 125.40369415
v -1.00000000 -130.84925842 124.78910065
v -1.00000000 -131.53880310 123.27532959
v -1.00000000 -131.31021118 122.68434906
v -1.00000000 -131.80850220 121.09732056
v -1.00000000 -131.50901794 120.53890991
v -1.00000000 -131.80850220 118.90267181
v -1.00000000 -131.44265747 118.38529968
v -1.00000000 -131.53880310 116.72466278
v -1.00000000 -131.11215210 116.25616455
v -1.00000000 -131.00350952 114.59629822
v -1.00000000 -130.52252197 114.18378448
v -1.00000000 -130.21070862 112.54985046
v -1.00000000 -129.68267822 112.19957733
v -1.00000000 -129.17243958 110.61634064
v -1.00000000 -128.60536194 110.33361053
v -1.00000000 -127.90442657 108.82508087
v -1.00000000 -127.30690002 108.61417389
v -1.00000000 -126.42590332 107.20321655
v -1.00000000 -125.80698395 107.06733704
v -1.00000000 -124.75927734 105.77533722
v -1.00000000 -124.12835693 105.71655273
v -1.00000000 -122.92980957 104.56309509
v -1.00000000 -122.29644775 104.58228302
v -1.00000000 -120.96524811 103.58485413
v -1.00000000 -120.33904266 103.68173218
v -1.00000000 -118.89535522 102.85545349
v -1.00000000 -118.28580475 103.02854919
v -1.00000000 -116.75151825 102.38594818
v -32.00000000 -111.69545746 100.13523102
v -10.50000000 -111.69545746 100.13523102
v -32.00000000 -114.01731110 99.99999237
v -10.50000000 -114.01731110 99.99999237
v -32.00000000 -116.33917236 100.13523102
v -10.50000000 -116.33917236 100.13523102
v -32.00000000 -118.62963104 100.53910065
v -10.50000000 -118.62963104 100.53910065
v -32.00000000 -120.85771942 101.20614624
v -10.50000000 -120.85771942 101.20614624
v -32.00000000 -122.99329376 102.12734222
v -10.50000000 -122.99329376 102.12734222
v -32.00000000 -125.00749207 103.29023743
v -10.50000000 -125.00749207 103.29023743
v -32.00000000 -126.87306213 104.67910767
v -10.50000000 -126.87306213 104.67910767
v -32.00000000 -128.56478882 106.27516174
v -10.50000000 -128.56478882 106.27516174
v -32.00000000 -130.05978394 108.05682373
v -10.50000000 -130.05978394 108.05682373
v -32.00000000 -131.33781433 109.99999237
v -10.50000000 -131.33781433 109.99999237
v -32.00000000 -132.38163757 112.07839966
v -10.50000000 -132.38163757 112.07839966
v -32.00000000 -133.17710876 114.26393127
v -10.50000000 -133.17710876 114.26393127
v -32.00000000 -133.71347046 116.52703094
v -10.50000000 -133.71347046 116.52703094
v -32.00000000 -133.98347473 118.83709717
v -10.50000000 -133.98347473 118.83709717
v -32.00000000 -133.98347473 121.16289520
v -10.50000000 -133.98347473 121.16289520
v -32.00000000 -133.71347046 123.47296143
v -10.50000000 -133.71347046 123.47296143
v -32.00000000 -133.17710876 125.73606110
v -10.50000000 -133.17710876 125.73606110
v -32.00000000 -132.38163757 127.92159271
v -10.50000000 -132.38163757 127.92159271
v -32.00000000 -131.33781433 130.00000000
v -10.50000000 -131.33781433 130.00000000
v -32.00000000 -130.05978394 131.94316101
v -10.50000000 -130.05978394 131.94316101
v -32.00000000 -128.56478882 133.72482300
v -10.50000000 -128.56478882 133.72482300
v -32.00000000 -126.87306213 135.32089233
v -10.50000000 -126.87306213 135.32089233
v -32.00000000 -125.00749207 136.70974731
v -10.50000000 -125.00749207 136.70974731
v -32.00000000 -122.99329376 137.87265015
v -10.50000000 -122.99329376 137.87265015
v -32.00000000 -120.85771942 138.79385376
v -10.50000000 -120.85771942 138.79385376
v -32.00000000 -118.62963104 139.46089172
v -10.50000000 -118.62963104 139.46089172
v -32.00000000 -116.33917236 139.86476135
v -10.50000000 -116.33917236 139.86476135
v -32.00000000 -114.01731110 140.00000000
v -10.50000000 -114.01731110 140.00000000
v -32.00000000 -111.69545746 139.86476135
v -10.50000000 -111.69545746 139.86476135
v -32.00000000 -109.40499878 139.46089172
v -10.50000000 -109.40499878 139.46089172
v -32.00000000 -107.17691040 138.79385376
v -10.50000000 -107.17691040 138.79385376
v -32.00000000 -105.04132843 137.87265015
v -10.50000000 -105.04132843 137.87265015
v -32.00000000 -103.02713013 136.70974731
v -10.50000000 -103.02713013 136.70974731
v -32.00000000 -101.16156006 135.32089233
v -10.50000000 -101.16156006 135.32089233
v -32.00000000 -99.46984100 133.72482300
v -10.50000000 -99.46984100 133.72482300
v -32.00000000 -97.97484589 131.94316101
v -10.50000000 -97.97484589 131.94316101
v -32.00000000 -96.69680786 130.00000000
v -10.50000000 -96.69680786 130.00000000
v -32.00000000 -95.65299225 127.92159271
v -10.50000000 -95.65299225 127.92159271
v -32.00000000 -94.85752106 125.73606110
v -10.50000000 -94.85752106 125.73606110
v -32.00000000 -94.32115936 123.47296143
v -10.50000000 -94.32115936 123.47296143
v -32.00000000 -94.05114746 121.16289520
v -10.50000000 -94.05114746 121.16289520
v -32.00000000 -94.05114746 118.83709717
v -10.50000000 -94.05114746 118.83709717
v -32.00000000 -94.32115936 116.52703094
v -10.50000000 -94.32115936 116.52703094
v -32.00000000 -94.85752106 114.26393127
v -10.50000000 -94.85752106 114.26393127
v -32.00000000 -95.65299225 112.07839966
v -10.50000000 -95.65299225 112.07839966
v -32.00000000 -96.69680786 109.99999237
v -10.50000000 -96.69680786 109.99999237
v -32.00000000 -97.97484589 108.05682373
v -10.50000000 -97.97484589 108.05682373
v -32.00000000 -99.46984100 106.27516174
v -10.50000000 -99.46984100 106.27516174
v -32.00000000 -101.16156006 104.67910767
v -10.50000000 -101.16156006 104.67910767
v -32.00000000 -103.02713013 103.29023743
v -10.50000000 -103.02713013 103.29023743
v -32.00000000 -105.04132843 102.12734222
v -10.50000000 -105.04132843 102.12734222
v -32.00000000 -107.17691040 101.20614624
v -10.50000000 -107.17691040 101.20614624
v -32.00000000 -109.40499878 100.53910065
v -10.50000000 -109.40499878 100.53910065
v -10.25000000 -111.66643524 99.88691711
v -10.25000000 -114.01731110 99.74999237
v -10.25000000 -116.36819458 99.88691711
v -10.25000000 -118.68728638 100.29583740
v -10.25000000 -120.94322205 100.97122192
v -10.25000000 -123.10549927 101.90393829
v -10.25000000 -125.14486694 103.08136749
v -10.25000000 -127.03376007 104.48759460
v -10.25000000 -128.74662781 106.10359955
v -10.25000000 -130.26031494 107.90753174
v -10.25000000 -131.55432129 109.87499237
v -10.25000000 -132.61119080 111.97937775
v -10.25000000 -133.41659546 114.19223022
v -10.25000000 -133.95967102 116.48361969
v -10.25000000 -134.23304749 118.82256317
v -10.25000000 -134.23304749 121.17742920
v -10.25000000 -133.95967102 123.51637268
v -10.25000000 -133.41659546 125.80776215
v -10.25000000 -132.61119080 128.02061462
v -10.25000000 -131.55432129 130.12500000
v -10.25000000 -130.26031494 132.09245300
v -10.25000000 -128.74662781 133.89639282
v -10.25000000 -127.03376007 135.51239014
v -10.25000000 -125.14486694 136.91862488
v -10.25000000 -123.10549927 138.09605408
v -10.25000000 -120.94322205 139.02877808
v -10.25000000 -118.68728638 139.70414734
v -10.25000000 -116.36819458 140.11306763
v -10.25000000 -114.01731110 140.25000000
v -10.25000000 -111.66643524 140.11306763
v -10.25000000 -109.34734344 139.70414734
v -10.25000000 -107.09140778 139.02877808
v -10.25000000 -104.92913055 138.09605408
v -10.25000000 -102.88975525 136.91862488
v -10.25000000 -101.00086212 135.51239014
v -10.25000000 -99.28799438 133.89639282
v -10.25000000 -97.77431488 132.09245300
v -10.25000000 -96.48030090 130.12500000
v -10.25000000 -95.42343903 128.02061462
v -10.25000000 -94.61802673 125.80776215
v -10.25000000 -94.07495880 123.51637268
v -10.25000000 -93.80157471 121.17742920
v -10.25000000 -93.80157471 118.82256317
v -10.25000000 -94.07495880 116.48361969
v -10.25000000 -94.61802673 114.19223022
v -10.25000000 -95.42343903 111.97937775
v -10.25000000 -96.48030090 109.87499237
v -10.25000000 -97.77431488 107.90753174
v -10.25000000 -99.28799438 106.10359955
v -10.25000000 -101.00086212 104.48759460
v -10.25000000 -102.88975525 103.08136749
v -10.25000000 -104.92913055 101.90393829
v -10.25000000 -107.09140778 100.97122192
v -10.25000000 -109.34734344 100.29583740
v -7.50000000 -111.66643524 99.88691711
v -7.50000000 -114.01731110 99.74999237
v -7.50000000 -116.36819458 99.88691711
v -7.50000000 -118.68728638 100.29583740
v -7.50000000 -120.94322205 100.97122192
v -7.50000000 -123.10549927 101.90393829
v -7.50000000 -125.14486694 103.08136749
v -7.50000000 -127.03376007 104.48759460
v -7.50000000 -128.74662781 106.10359955
v -7.50000000 -130.26031494 107.90753174
v -7.50000000 -131.55432129 109.87499237
v -7.50000000 -132.61119080 111.97937775
v -7.50000000 -133.41659546 114.19223022
v -7.50000000 -133.95967102 116.48361969
v -7.50000000 -134.23304749 118.82256317
v -7.50000000 -134.23304749 121.17742920
v -7.50000000 -133.95967102 123.51637268
v -7.50000000 -133.41659546 125.80776215
v -7.50000000 -132.61119080 128.02061462
v -7.50000000 -131.55432129 130.12500000
v -7.50000000 -130.26031494 132.09245300
v -7.50000000 -128.74662781 133.89639282
v -7.50000000 -127.03376007 135.51239014
v -7.50000000 -125.14486694 136.91862488
v -7.50000000 -123.10549927 138.09605408
v -7.50000000 -120.94322205 139.02877808
v -7.50000000 -118.68728638 139.70414734
v -7.50000000 -116.36819458 140.11306763
v -7.50000000 -114.01731110 140.25000000
v -7.50000000 -111.66643524 140.11306763
v -7.50000000 -109.34734344 139.70414734
v -7.50000000 -107.09140778 139.02877808
v -7.50000000 -104.92913055 138.09605408
v -7.50000000 -102.88975525 136.91862488
v -7.50000000 -101.00086212 135.51239014
v -7.50000000 -99.28799438 133.89639282
v -7.50000000 -97.77431488 132.09245300
v -7.50000000 -96.48030090 130.12500000
v -7.50000000 -95.42343903 128.02061462
v -7.50000000 -94.61802673 125.80776215
v -7.50000000 -94.07495880 123.51637268
v -7.50000000 -93.80157471 121.17742920
v -7.50000000 -93.80157471 118.82256317
v -7.50000000 -94.07495880 116.48361969
v -7.50000000 -94.61802673 114.19223022
v -7.50000000 -95.42343903 111.97937775
v -7.50000000 -96.48030090 109.87499237
v -7.50000000 -97.77431488 107.90753174
v -7.50000000 -99.28799438 106.10359955
v -7.50000000 -101.00086212 104.48759460
v -7.50000000 -102.88975525 103.08136749
v -7.50000000 -104.92913055 101.90393829
v -7.50000000 -107.09140778 100.97122192
v -7.50000000 -109.34734344 100.29583740
v -20.50000000 -111.80532074 102.13642883
v -32.00000000 -111.80532074 102.13642883
v -20.50000000 -114.01731110 101.99999237
v -32.00000000 -114.01731110 101.99999237
v -20.50000000 -116.22930145 102.13642883
v -32.00000000 -116.22930145 102.13642883
v -20.50000000 -118.40776062 102.54364777
v -32.00000000 -118.40776062 102.54364777
v -20.50000000 -120.51966095 103.21549225
v -32.00000000 -120.51966095 103.21549225
v -20.50000000 -122.53299713 104.14177704
v -32.00000000 -122.53299713 104.14177704
v -20.50000000 -124.41724396 105.30844879
v -32.00000000 -124.41724396 105.30844879
v -20.50000000 -126.14383698 106.69783783
v -32.00000000 -126.14383698 106.69783783
v -20.50000000 -127.68659973 108.28886414
v -32.00000000 -127.68659973 108.28886414
v -20.50000000 -129.02215576 110.05742645
v -32.00000000 -129.02215576 110.05742645
v -20.50000000 -130.13024902 111.97670746
v -32.00000000 -130.13024902 111.97670746
v -20.50000000 -130.99409485 114.01760864
v -32.00000000 -130.99409485 114.01760864
v -20.50000000 -131.60058594 116.14920044
v -32.00000000 -131.60058594 116.14920044
v -20.50000000 -131.94052124 118.33916473
v -32.00000000 -131.94052124 118.33916473
v -20.50000000 -132.00877380 120.55430603
v -32.00000000 -132.00877380 120.55430603
v -20.50000000 -131.80429077 122.76104736
v -32.00000000 -131.80429077 122.76104736
v -20.50000000 -131.33016968 124.92592621
v -32.00000000 -131.33016968 124.92592621
v -20.50000000 -130.59361267 127.01614380
v -32.00000000 -130.59361267 127.01614380
v -20.50000000 -129.60577393 129.00000000
v -32.00000000 -129.60577393 129.00000000
v -20.50000000 -128.38162231 130.84741211
v -32.00000000 -128.38162231 130.84741211
v -20.50000000 -126.93972778 132.53041077
v -32.00000000 -126.93972778 132.53041077
v -20.50000000 -125.30194092 134.02345276
v -32.00000000 -125.30194092 134.02345276
v -20.50000000 -123.49309540 135.30390930
v -32.00000000 -123.49309540 135.30390930
v -20.50000000 -121.54059601 136.35237122
v -32.00000000 -121.54059601 136.35237122
v -20.50000000 -119.47406006 137.15295410
v -32.00000000 -119.47406006 137.15295410
v -20.50000000 -117.32480621 137.69351196
v -32.00000000 -117.32480621 137.69351196
v -20.50000000 -115.12541199 137.96585083
v -32.00000000 -115.12541199 137.96585083
v -20.50000000 -112.90921783 137.96585083
v -32.00000000 -112.90921783 137.96585083
v -20.50000000 -110.70982361 137.69351196
v -32.00000000 -110.70982361 137.69351196
v -20.50000000 -108.56056213 137.15295410
v -32.00000000 -108.56056213 137.15295410
v -20.50000000 -106.49402618 136.35237122
v -32.00000000 -106.49402618 136.35237122
v -20.50000000 -104.54153442 135.30390930
v -32.00000000 -104.54153442 135.30390930
v -20.50000000 -102.73268127 134.02345276
v -32.00000000 -102.73268127 134.02345276
v -20.50000000 -101.09490204 132.53041077
v -32.00000000 -101.09490204 132.53041077
v -20.50000000 -99.65299988 130.84741211
v -32.00000000 -99.65299988 130.84741211
v -20.50000000 -98.42885590 129.00000000
v -32.00000000 -98.42885590 129.00000000
v -20.50000000 -97.44101715 127.01614380
v -32.00000000 -97.44101715 127.01614380
v -20.50000000 -96.70445251 124.92592621
v -32.00000000 -96.70445251 124.92592621
v -20.50000000 -96.23033142 122.76104736
v -32.00000000 -96.23033142 122.76104736
v -20.50000000 -96.02584839 120.55430603
v -32.00000000 -96.02584839 120.55430603
v -20.50000000 -96.09410095 118.33916473
v -32.00000000 -96.09410095 118.33916473
v -20.50000000 -96.43404388 116.14920044
v -32.00000000 -96.43404388 116.14920044
v -20.50000000 -97.04053497 114.01760864
v -32.00000000 -97.04053497 114.01760864
v -20.50000000 -97.90437317 111.97670746
v -32.00000000 -97.90437317 111.97670746
v -20.50000000 -99.01246643 110.05742645
v -32.00000000 -99.01246643 110.05742645
v -20.50000000 -100.34802246 108.28886414
v -32.00000000 -100.34802246 108.28886414
v -20.50000000 -101.89079285 106.69783783
v -32.00000000 -101.89079285 106.69783783
v -20.50000000 -103.61738586 105.30844879
v -32.00000000 -103.61738586 105.30844879
v -20.50000000 -105.50163269 104.14177704
v -32.00000000 -105.50163269 104.14177704
v -20.50000000 -107.51496124 103.21549225
v -32.00000000 -107.51496124 103.21549225
v -20.50000000 -109.62686920 102.54364777
v -32.00000000 -109.62686920 102.54364777
v -1.00000000 -133.80929565 101.55278015
v -7.50000000 -133.80929565 101.55278015
v -1.00000000 -133.94497681 102.32232666
v -7.50000000 -133.94497681 102.32232666
v -1.00000000 -133.80929565 103.09187317
v -7.50000000 -133.80929565 103.09187317
v -1.00000000 -133.41857910 103.76860046
v -7.50000000 -133.41857910 103.76860046
v -1.00000000 -132.81997681 104.27088165
v -7.50000000 -132.81997681 104.27088165
v -1.00000000 -132.08569336 104.53814697
v -7.50000000 -132.08569336 104.53814697
v -1.00000000 -131.30427551 104.53814697
v -7.50000000 -131.30427551 104.53814697
v -1.00000000 -130.56997681 104.27088165
v -7.50000000 -130.56997681 104.27088165
v -1.00000000 -129.97138977 103.76860046
v -7.50000000 -129.97138977 103.76860046
v -1.00000000 -129.58067322 103.09187317
v -7.50000000 -129.58067322 103.09187317
v -1.00000000 -129.44497681 102.32232666
v -7.50000000 -129.44497681 102.32232666
v -1.00000000 -129.58067322 101.55278015
v -7.50000000 -129.58067322 101.55278015
v -1.00000000 -129.97138977 100.87605286
v -7.50000000 -129.97138977 100.87605286
v -1.00000000 -130.56997681 100.37377167
v -7.50000000 -130.56997681 100.37377167
v -1.00000000 -131.30427551 100.10650635
v -7.50000000 -131.30427551 100.10650635
v -1.00000000 -132.08569336 100.10650635
v -7.50000000 -132.08569336 100.10650635
v -1.00000000 -132.81997681 100.37377167
v -7.50000000 -132.81997681 100.37377167
v -1.00000000 -133.41857910 100.87605286
v -7.50000000 -133.41857910 100.87605286
v -7.50000000 -97.86404419 101.69090271
v -7.50000000 -97.98964691 102.32232666
v -7.50000000 -97.86404419 102.95375061
v -7.50000000 -97.50637054 103.48905182
v -7.50000000 -96.97106934 103.84672546
v -7.50000000 -96.33964539 103.97232819
v -7.50000000 -95.70821381 103.84672546
v -7.50000000 -95.17292023 103.48905182
v -7.50000000 -94.81523895 102.95375061
v -7.50000000 -94.68964386 102.32232666
v -7.50000000 -94.81523895 101.69090271
v -7.50000000 -95.17292023 101.15560150
v -7.50000000 -95.70821381 100.79792786
v -7.50000000 -96.33964539 100.67232513
v -7.50000000 -96.97106934 100.79792786
v -7.50000000 -97.50637054 101.15560150
v -1.00000000 -98.45394897 136.90812683
v -7.50000000 -98.45394897 136.90812683
v -1.00000000 -98.58964539 137.67767334
v -7.50000000 -98.58964539 137.67767334
v -1.00000000 -98.45394897 138.44720459
v -7.50000000 -98.45394897 138.44720459
v -1.00000000 -98.06324005 139.12393188
v -7.50000000 -98.06324005 139.12393188
v -1.00000000 -97.46464539 139.62622070
v -7.50000000 -97.46464539 139.62622070
v -1.00000000 -96.73035431 139.89347839
v -7.50000000 -96.73035431 139.89347839
v -1.00000000 -95.94893646 139.89347839
v -7.50000000 -95.94893646 139.89347839
v -1.00000000 -95.21464539 139.62622070
v -7.50000000 -95.21464539 139.62622070
v -1.00000000 -94.61604309 139.12393188
v -7.50000000 -94.61604309 139.12393188
v -1.00000000 -94.22533417 138.44720459
v -7.50000000 -94.22533417 138.44720459
v -1.00000000 -94.08964539 137.67767334
v -7.50000000 -94.08964539 137.67767334
v -1.00000000 -94.22533417 136.90812683
v -7.50000000 -94.22533417 136.90812683
v -1.00000000 -94.61604309 136.23139954
v -7.50000000 -94.61604309 136.23139954
v -1.00000000 -95.21464539 135.72911072
v -7.50000000 -95.21464539 135.72911072
v -1.00000000 -95.94893646 135.46185303
v -7.50000000 -95.94893646 135.46185303
v -1.00000000 -96.73035431 135.46185303
v -7.50000000 -96.73035431 135.46185303
v -1.00000000 -97.46464539 135.72911072
v -7.50000000 -97.46464539 135.72911072
v -1.00000000 -98.06324005 136.23139954
v -7.50000000 -98.06324005 136.23139954
v -7.50000000 -133.21939087 137.04623413
v -7.50000000 -133.34498596 137.67767334
v -7.50000000 -133.21939087 138.30909729
v -7.50000000 -132.86170959 138.84439087
v -7.50000000 -132.32641602 139.20207214
v -7.50000000 -131.69497681 139.32766724
v -7.50000000 -131.06355286 139.20207214
v -7.50000000 -130.52825928 138.84439087
v -7.50000000 -130.17057800 138.30909729
v -7.50000000 -130.04498291 137.67767334
v -7.50000000 -130.17057800 137.04623413
v -7.50000000 -130.52825928 136.51094055
v -7.50000000 -131.06355286 136.15325928
v -7.50000000 -131.69497681 136.02766418
v -7.50000000 -132.32641602 136.15325928
v -7.50000000 -132.86170959 136.51094055
v -19.45000076 -102.67237854 126.54999542
v -20.50000000 -102.67237854 126.54999542
v -19.45000076 -102.79296112 126.99999237
v -20.50000000 -102.79296112 126.99999237
v -19.45000076 -102.67237854 127.44999695
v -20.50000000 -102.67237854 127.44999695
v -19.45000076 -102.34295654 127.77941895
v -20.50000000 -102.34295654 127.77941895
v -19.45000076 -101.89295959 127.89999390
v -20.50000000 -101.89295959 127.89999390
v -19.45000076 -101.44295502 127.77941895
v -20.50000000 -101.44295502 127.77941895
v -19.45000076 -101.11353302 127.44999695
v -20.50000000 -101.11353302 127.44999695
v -19.45000076 -100.99295807 127.00000000
v -20.50000000 -100.99295807 127.00000000
v -19.45000076 -101.11353302 126.54999542
v -20.50000000 -101.11353302 126.54999542
v -19.45000076 -101.44295502 126.22057343
v -20.50000000 -101.44295502 126.22057343
v -19.45000076 -101.89295959 126.09999847
v -20.50000000 -101.89295959 126.09999847
v -19.45000076 -102.34295654 126.22057343
v -20.50000000 -102.34295654 126.22057343
v -19.45000076 -102.67237854 112.54999542
v -20.50000000 -102.67237854 112.54999542
v -19.45000076 -102.79296112 112.99999237
v -20.50000000 -102.79296112 112.99999237
v -19.45000076 -102.67237854 113.44999695
v -20.50000000 -102.67237854 113.44999695
v -19.45000076 -102.34295654 113.77941895
v -20.50000000 -102.34295654 113.77941895
v -19.45000076 -101.89295959 113.89999390
v -20.50000000 -101.89295959 113.89999390
v -19.45000076 -101.44295502 113.77941895
v -20.50000000 -101.44295502 113.77941895
v -19.45000076 -101.11353302 113.44999695
v -20.50000000 -101.11353302 113.44999695
v -19.45000076 -100.99295807 112.99999237
v -20.50000000 -100.99295807 112.99999237
v -19.45000076 -101.11353302 112.54999542
v -20.50000000 -101.11353302 112.54999542
v -19.45000076 -101.44295502 112.22057343
v -20.50000000 -101.44295502 112.22057343
v -19.45000076 -101.89295959 112.09999847
v -20.50000000 -101.89295959 112.09999847
v -19.45000076 -102.34295654 112.22057343
v -20.50000000 -102.34295654 112.22057343
v -19.45000076 -114.79673767 105.54999542
v -20.50000000 -114.79673767 105.54999542
v -19.45000076 -114.91731262 105.99999237
v -20.50000000 -114.91731262 105.99999237
v -19.45000076 -114.79673767 106.44999695
v -20.50000000 -114.79673767 106.44999695
v -19.45000076 -114.46731567 106.77941895
v -20.50000000 -114.46731567 106.77941895
v -19.45000076 -114.01731110 106.89999390
v -20.50000000 -114.01731110 106.89999390
v -19.45000076 -113.56731415 106.77941895
v -20.50000000 -113.56731415 106.77941895
v -19.45000076 -113.23789215 106.44999695
v -20.50000000 -113.23789215 106.44999695
v -19.45000076 -113.11730957 105.99999237
v -20.50000000 -113.11730957 105.99999237
v -19.45000076 -113.23789215 105.54999542
v -20.50000000 -113.23789215 105.54999542
v -19.45000076 -113.56731415 105.22057343
v -20.50000000 -113.56731415 105.22057343
v -19.45000076 -114.01731110 105.09999847
v -20.50000000 -114.01731110 105.09999847
v -19.45000076 -114.46731567 105.22057343
v -20.50000000 -114.46731567 105.22057343
v -19.45000076 -126.92108917 112.54999542
v -20.50000000 -126.92108917 112.54999542
v -19.45000076 -127.04167175 112.99999237
v -20.50000000 -127.04167175 112.99999237
v -19.45000076 -126.92108917 113.44999695
v -20.50000000 -126.92108917 113.44999695
v -19.45000076 -126.59166718 113.77941895
v -20.50000000 -126.59166718 113.77941895
v -19.45000076 -126.14167023 113.89999390
v -20.50000000 -126.14167023 113.89999390
v -19.45000076 -125.69166565 113.77941895
v -20.50000000 -125.69166565 113.77941895
v -19.45000076 -125.36224365 113.44999695
v -20.50000000 -125.36224365 113.44999695
v -19.45000076 -125.24166870 112.99999237
v -20.50000000 -125.24166870 112.99999237
v -19.45000076 -125.36224365 112.54999542
v -20.50000000 -125.36224365 112.54999542
v -19.45000076 -125.69166565 112.22057343
v -20.50000000 -125.69166565 112.22057343
v -19.45000076 -126.14167023 112.09999847
v -20.50000000 -126.14167023 112.09999847
v -19.45000076 -126.59166718 112.22057343
v -20.50000000 -126.59166718 112.22057343
v -19.45000076 -126.92108917 126.54999542
v -20.50000000 -126.92108917 126.54999542
v -19.45000076 -127.04167175 126.99999237
v -20.50000000 -127.04167175 126.99999237
v -19.45000076 -126.92108917 127.44999695
v -20.50000000 -126.92108917 127.44999695
v -19.45000076 -126.59166718 127.77941895
v -20.50000000 -126.59166718 127.77941895
v -19.45000076 -126.14167023 127.89999390
v -20.50000000 -126.14167023 127.89999390
v -19.45000076 -125.69166565 127.77941895
v -20.50000000 -125.69166565 127.77941895
v -19.45000076 -125.36224365 127.44999695
v -20.50000000 -125.36224365 127.44999695
v -19.45000076 -125.24166870 126.99999237
v -20.50000000 -125.24166870 126.99999237
v -19.45000076 -125.36224365 126.54999542
v -20.50000000 -125.36224365 126.54999542
v -19.45000076 -125.69166565 126.22057343
v -20.50000000 -125.69166565 126.22057343
v -19.45000076 -126.14167023 126.09999847
v -20.50000000 -126.14167023 126.09999847
v -19.45000076 -126.59166718 126.22057343
v -20.50000000 -126.59166718 126.22057343
v -19.45000076 -114.79673767 133.55000305
v -20.50000000 -114.79673767 133.55000305
v -19.45000076 -114.91731262 134.00000000
v -20.50000000 -114.91731262 134.00000000
v -19.45000076 -114.79673767 134.44999695
v -20.50000000 -114.79673767 134.44999695
v -19.45000076 -114.46731567 134.77941895
v -20.50000000 -114.46731567 134.77941895
v -19.45000076 -114.01731110 134.89999390
v -20.50000000 -114.01731110 134.89999390
v -19.45000076 -113.56731415 134.77941895
v -20.50000000 -113.56731415 134.77941895
v -19.45000076 -113.23789215 134.44999695
v -20.50000000 -113.23789215 134.44999695
v -19.45000076 -113.11730957 134.00000000
v -20.50000000 -113.11730957 134.00000000
v -19.45000076 -113.23789215 133.55000305
v -20.50000000 -113.23789215 133.55000305
v -19.45000076 -113.56731415 133.22056580
v -20.50000000 -113.56731415 133.22056580
v -19.45000076 -114.01731110 133.09999084
v -20.50000000 -114.01731110 133.09999084
v -19.45000076 -114.46731567 133.22056580
v -20.50000000 -114.46731567 133.22056580
v -18.50000000 -112.22880554 108.13402557
v -20.50000000 -112.22880554 108.13402557
v -18.50000000 -114.01731110 107.99999237
v -20.50000000 -114.01731110 107.99999237
v -18.50000000 -115.80581665 108.13402557
v -20.50000000 -115.80581665 108.13402557
v -18.50000000 -117.55437469 108.53311920
v -20.50000000 -117.55437469 108.53311920
v -18.50000000 -119.22391510 109.18836975
v -20.50000000 -119.22391510 109.18836975
v -18.50000000 -120.77715302 110.08512878
v -20.50000000 -120.77715302 110.08512878
v -18.50000000 -122.17938232 111.20337677
v -20.50000000 -122.17938232 111.20337677
v -18.50000000 -123.39929199 112.51811981
v -20.50000000 -123.39929199 112.51811981
v -18.50000000 -124.40961456 113.99999237
v -20.50000000 -124.40961456 113.99999237
v -18.50000000 -125.18779755 115.61590576
v -20.50000000 -125.18779755 115.61590576
v -18.50000000 -125.71644592 117.32974243
v -20.50000000 -125.71644592 117.32974243
v -18.50000000 -125.98375702 119.10323334
v -20.50000000 -125.98375702 119.10323334
v -18.50000000 -125.98375702 120.89675903
v -20.50000000 -125.98375702 120.89675903
v -18.50000000 -125.71644592 122.67024994
v -20.50000000 -125.71644592 122.67024994
v -18.50000000 -125.18779755 124.38408661
v -20.50000000 -125.18779755 124.38408661
v -18.50000000 -124.40961456 125.99999237
v -20.50000000 -124.40961456 125.99999237
v -18.50000000 -123.39929199 127.48187256
v -20.50000000 -123.39929199 127.48187256
v -18.50000000 -122.17938232 128.79661560
v -20.50000000 -122.17938232 128.79661560
v -18.50000000 -120.77715302 129.91485596
v -20.50000000 -120.77715302 129.91485596
v -18.50000000 -119.22391510 130.81161499
v -20.50000000 -119.22391510 130.81161499
v -18.50000000 -117.55437469 131.46687317
v -20.50000000 -117.55437469 131.46687317
v -18.50000000 -115.80581665 131.86596680
v -20.50000000 -115.80581665 131.86596680
v -18.50000000 -114.01731110 132.00000000
v -20.50000000 -114.01731110 132.00000000
v -18.50000000 -112.22880554 131.86596680
v -20.50000000 -112.22880554 131.86596680
v -18.50000000 -110.48024750 131.46687317
v -20.50000000 -110.48024750 131.46687317
v -18.50000000 -108.81070709 130.81161499
v -20.50000000 -108.81070709 130.81161499
v -18.50000000 -107.25746918 129.91485596
v -20.50000000 -107.25746918 129.91485596
v -18.50000000 -105.85523987 128.79661560
v -20.50000000 -105.85523987 128.79661560
v -18.50000000 -104.63533783 127.48187256
v -20.50000000 -104.63533783 127.48187256
v -18.50000000 -103.62500763 125.99999237
v -20.50000000 -103.62500763 125.99999237
v -18.50000000 -102.84682465 124.38408661
v -20.50000000 -102.84682465 124.38408661
v -18.50000000 -102.31817627 122.67024994
v -20.50000000 -102.31817627 122.67024994
v -18.50000000 -102.05086517 120.89675903
v -20.50000000 -102.05086517 120.89675903
v -18.50000000 -102.05086517 119.10323334
v -20.50000000 -102.05086517 119.10323334
v -18.50000000 -102.31817627 117.32974243
v -20.50000000 -102.31817627 117.32974243
v -18.50000000 -102.84682465 115.61590576
v -20.50000000 -102.84682465 115.61590576
v -18.50000000 -103.62500763 113.99999237
v -20.50000000 -103.62500763 113.99999237
v -18.50000000 -104.63533783 112.51811981
v -20.50000000 -104.63533783 112.51811981
v -18.50000000 -105.85523987 111.20337677
v -20.50000000 -105.85523987 111.20337677
v -18.50000000 -107.25746918 110.08512878
v -20.50000000 -107.25746918 110.08512878
v -18.50000000 -108.81070709 109.18836975
v -20.50000000 -108.81070709 109.18836975
v -18.50000000 -110.48024750 108.53311920
v -20.50000000 -110.48024750 108.53311920
v -18.50000000 -103.61803436 127.66829681
v -18.50000000 -103.74295807 126.99999237
v -18.50000000 -103.61803436 126.33169556
v -18.50000000 -103.26012421 125.75366211
v -18.50000000 -102.71757507 125.34394073
v -18.50000000 -102.06365204 125.15789032
v -18.50000000 -101.38668060 125.22061920
v -18.50000000 -100.77808380 125.52366638
v -18.50000000 -100.32005310 126.02610016
v -18.50000000 -100.07445526 126.66005707
v -18.50000000 -100.07445526 127.33993530
v -18.50000000 -100.32005310 127.97389221
v -18.50000000 -100.77808380 128.47633362
v -18.50000000 -101.38668060 128.77937317
v -18.50000000 -102.06365204 128.84210205
v -18.50000000 -102.71757507 128.65605164
v -18.50000000 -103.26012421 128.24633789
v -18.50000000 -103.61803436 113.66829681
v -18.50000000 -103.74295807 112.99999237
v -18.50000000 -103.61803436 112.33169556
v -18.50000000 -103.26012421 111.75366211
v -18.50000000 -102.71757507 111.34394073
v -18.50000000 -102.06365204 111.15789032
v -18.50000000 -101.38668060 111.22061920
v -18.50000000 -100.77808380 111.52366638
v -18.50000000 -100.32005310 112.02610016
v -18.50000000 -100.07445526 112.66005707
v -18.50000000 -100.07445526 113.33993530
v -18.50000000 -100.32005310 113.97389221
v -18.50000000 -100.77808380 114.47632599
v -18.50000000 -101.38668060 114.77937317
v -18.50000000 -102.06365204 114.84210205
v -18.50000000 -102.71757507 114.65605164
v -18.50000000 -103.26012421 114.24633026
v -18.50000000 -115.74238586 106.66829681
v -18.50000000 -115.86730957 105.99999237
v -18.50000000 -115.74238586 105.33169556
v -18.50000000 -115.38448334 104.75366211
v -18.50000000 -114.84192657 104.34394073
v -18.50000000 -114.18801117 104.15789032
v -18.50000000 -113.51103973 104.22061920
v -18.50000000 -112.90243530 104.52366638
v -18.50000000 -112.44441223 105.02610016
v -18.50000000 -112.19881439 105.66005707
v -18.50000000 -112.19881439 106.33993530
v -18.50000000 -112.44441223 106.97389221
v -18.50000000 -112.90243530 107.47632599
v -18.50000000 -113.51103973 107.77937317
v -18.50000000 -114.18801117 107.84210205
v -18.50000000 -114.84192657 107.65605164
v -18.50000000 -115.38448334 107.24633026
v -18.50000000 -127.86674500 113.66829681
v -18.50000000 -127.99166870 112.99999237
v -18.50000000 -127.86674500 112.33169556
v -18.50000000 -127.50883484 111.75366211
v -18.50000000 -126.96628571 111.34394073
v -18.50000000 -126.31236267 111.15789032
v -18.50000000 -125.63539124 111.22061920
v -18.50000000 -125.02679443 111.52366638
v -18.50000000 -124.56876373 112.02610016
v -18.50000000 -124.32316589 112.66005707
v -18.50000000 -124.32316589 113.33993530
v -18.50000000 -124.56876373 113.97389221
v -18.50000000 -125.02679443 114.47632599
v -18.50000000 -125.63539124 114.77937317
v -18.50000000 -126.31236267 114.84210205
v -18.50000000 -126.96628571 114.65605164
v -18.50000000 -127.50883484 114.24633026
v -18.50000000 -127.86674500 127.66829681
v -18.50000000 -127.99166870 126.99999237
v -18.50000000 -127.86674500 126.33169556
v -18.50000000 -127.50883484 125.75366211
v -18.50000000 -126.96628571 125.34394073
v -18.50000000 -126.31236267 125.15789032
v -18.50000000 -125.63539124 125.22061920
v -18.50000000 -125.02679443 125.52366638
v -18.50000000 -124.56876373 126.02610016
v -18.50000000 -124.32316589 126.66005707
v -18.50000000 -124.32316589 127.33993530
v -18.50000000 -124.56876373 127.97389221
v -18.50000000 -125.02679443 128.47633362
v -18.50000000 -125.63539124 128.77937317
v -18.50000000 -126.31236267 128.84210205
v -18.50000000 -126.96628571 128.65605164
v -18.50000000 -127.50883484 128.24633789
v -18.50000000 -115.74238586 134.66828918
v -18.50000000 -115.86730957 134.00000000
v -18.50000000 -115.74238586 133.33169556
v -18.50000000 -115.38448334 132.75366211
v -18.50000000 -114.84192657 132.34394836
v -18.50000000 -114.18801117 132.15788269
v -18.50000000 -113.51103973 132.22061157
v -18.50000000 -112.90243530 132.52366638
v -18.50000000 -112.44441223 133.02609253
v -18.50000000 -112.19881439 133.66006470
v -18.50000000 -112.19881439 134.33993530
v -18.50000000 -112.44441223 134.97389221
v -18.50000000 -112.90243530 135.47633362
v -18.50000000 -113.51103973 135.77937317
v -18.50000000 -114.18801117 135.84210205
v -18.50000000 -114.84192657 135.65605164
v -18.50000000 -115.38448334 135.24633789
v -9.00000000 -111.86676788 102.63263702
v -9.00000000 -114.01731110 102.49999237
v -9.00000000 -116.16786194 102.63263702
v -9.00000000 -118.28580475 103.02854919
v -9.00000000 -109.74882507 103.02854919
v -9.00000000 -107.69558716 103.68173218
v -9.00000000 -105.73817444 104.58228302
v -9.00000000 -103.90627289 105.71655273
v -9.00000000 -102.22763824 107.06733704
v -9.00000000 -100.72772980 108.61417389
v -9.00000000 -99.42926788 110.33361053
v -9.00000000 -98.35195923 112.19957733
v -9.00000000 -97.51210785 114.18378448
v -9.00000000 -96.92247009 116.25616455
v -9.00000000 -96.59196472 118.38529968
v -9.00000000 -96.52561188 120.53890991
v -9.00000000 -96.72441864 122.68434906
v -9.00000000 -97.18536377 124.78910065
v -9.00000000 -97.90146637 126.82125092
v -9.00000000 -98.86186981 128.75000000
v -9.00000000 -100.05200958 130.54609680
v -9.00000000 -101.45385742 132.18234253
v -9.00000000 -103.04615021 133.63391113
v -9.00000000 -104.80474854 134.87879944
v -9.00000000 -106.70301056 135.89813232
v -9.00000000 -108.71214294 136.67648315
v -9.00000000 -110.80169678 137.20202637
v -9.00000000 -112.93999481 137.46679688
v -9.00000000 -115.09462738 137.46679688
v -9.00000000 -117.23293304 137.20202637
v -9.00000000 -119.32248688 136.67648315
v -9.00000000 -121.33161926 135.89813232
v -9.00000000 -123.22987366 134.87879944
v -9.00000000 -124.98847961 133.63391113
v -9.00000000 -126.58077240 132.18234253
v -9.00000000 -127.98261261 130.54609680
v -9.00000000 -129.17276001 128.75000000
v -9.00000000 -130.13316345 126.82125092
v -9.00000000 -130.84925842 124.78910065
v -9.00000000 -131.31021118 122.68434906
v -9.00000000 -131.50901794 120.53890991
v -9.00000000 -131.44265747 118.38529968
v -9.00000000 -131.11215210 116.25616455
v -9.00000000 -130.52252197 114.18378448
v -9.00000000 -129.68267822 112.19957733
v -9.00000000 -128.60536194 110.33361053
v -9.00000000 -127.30690002 108.61417389
v -9.00000000 -125.80698395 107.06733704
v -9.00000000 -124.12835693 105.71655273
v -9.00000000 -122.29644775 104.58228302
v -9.00000000 -120.33904266 103.68173218
v -9.00000000 -111.92889404 104.13687897
v -18.50000000 -111.92889404 104.13687897
v -9.00000000 -114.01731110 103.99999237
v -18.50000000 -114.01731110 103.99999237
v -9.00000000 -116.10573578 104.13687897
v -18.50000000 -116.10573578 104.13687897
v -9.00000000 -118.15841675 104.54518127
v -18.50000000 -118.15841675 104.54518127
v -9.00000000 -120.14025116 105.21792603
v -18.50000000 -120.14025116 105.21792603
v -9.00000000 -122.01731110 106.14359283
v -18.50000000 -122.01731110 106.14359283
v -9.00000000 -123.75749969 107.30634308
v -18.50000000 -123.75749969 107.30634308
v -9.00000000 -125.33102417 108.68628693
v -18.50000000 -125.33102417 108.68628693
v -9.00000000 -126.71096802 110.25981140
v -18.50000000 -126.71096802 110.25981140
v -9.00000000 -127.87371826 111.99999237
v -18.50000000 -127.87371826 111.99999237
v -9.00000000 -128.79939270 113.87705994
v -18.50000000 -128.79939270 113.87705994
v -9.00000000 -129.47212219 115.85889435
v -18.50000000 -129.47212219 115.85889435
v -9.00000000 -129.88043213 117.91157532
v -18.50000000 -129.88043213 117.91157532
v -9.00000000 -130.01731873 119.99999237
v -18.50000000 -130.01731873 119.99999237
v -9.00000000 -129.88043213 122.08841705
v -18.50000000 -129.88043213 122.08841705
v -9.00000000 -129.47212219 124.14109802
v -18.50000000 -129.47212219 124.14109802
v -9.00000000 -128.79939270 126.12293243
v -18.50000000 -128.79939270 126.12293243
v -9.00000000 -127.87371826 127.99999237
v -18.50000000 -127.87371826 127.99999237
v -9.00000000 -126.71096802 129.74017334
v -18.50000000 -126.71096802 129.74017334
v -9.00000000 -125.33102417 131.31370544
v -18.50000000 -125.33102417 131.31370544
v -9.00000000 -123.75749969 132.69364929
v -18.50000000 -123.75749969 132.69364929
v -9.00000000 -122.01731110 133.85639954
v -18.50000000 -122.01731110 133.85639954
v -9.00000000 -120.14025116 134.78207397
v -18.50000000 -120.14025116 134.78207397
v -9.00000000 -118.15841675 135.45480347
v -18.50000000 -118.15841675 135.45480347
v -9.00000000 -116.10573578 135.86311340
v -18.50000000 -116.10573578 135.86311340
v -9.00000000 -114.01731110 136.00000000
v -18.50000000 -114.01731110 136.00000000
v -9.00000000 -111.92889404 135.86311340
v -18.50000000 -111.92889404 135.86311340
v -9.00000000 -109.87620544 135.45480347
v -18.50000000 -109.87620544 135.45480347
v -9.00000000 -107.89437866 134.78207397
v -18.50000000 -107.89437866 134.78207397
v -9.00000000 -106.01731110 133.85639954
v -18.50000000 -106.01731110 133.85639954
v -9.00000000 -104.27713013 132.69364929
v -18.50000000 -104.27713013 132.69364929
v -9.00000000 -102.70360565 131.31370544
v -18.50000000 -102.70360565 131.31370544
v -9.00000000 -101.32366180 129.74017334
v -18.50000000 -101.32366180 129.74017334
v -9.00000000 -100.16090393 127.99999237
v -18.50000000 -100.16090393 127.99999237
v -9.00000000 -99.23523712 126.12293243
v -18.50000000 -99.23523712 126.12293243
v -9.00000000 -98.56250000 124.14109802
v -18.50000000 -98.56250000 124.14109802
v -9.00000000 -98.15419769 122.08841705
v -18.50000000 -98.15419769 122.08841705
v -9.00000000 -98.01731110 119.99999237
v -18.50000000 -98.01731110 119.99999237
v -9.00000000 -98.15419769 117.91157532
v -18.50000000 -98.15419769 117.91157532
v -9.00000000 -98.56250000 115.85889435
v -18.50000000 -98.56250000 115.85889435
v -9.00000000 -99.23523712 113.87705994
v -18.50000000 -99.23523712 113.87705994
v -9.00000000 -100.16090393 111.99999237
v -18.50000000 -100.16090393 111.99999237
v -9.00000000 -101.32366180 110.25981140
v -18.50000000 -101.32366180 110.25981140
v -9.00000000 -102.70360565 108.68628693
v -18.50000000 -102.70360565 108.68628693
v -9.00000000 -104.27713013 107.30634308
v -18.50000000 -104.27713013 107.30634308
v -9.00000000 -106.01731110 106.14359283
v -18.50000000 -106.01731110 106.14359283
v -9.00000000 -107.89437866 105.21792603
v -18.50000000 -107.89437866 105.21792603
v -9.00000000 -109.87620544 104.54518127
v -18.50000000 -109.87620544 104.54518127
v -7.50000000 -134.18072510 99.15684509
v -7.50000000 -133.47882080 98.49999237
v -7.50000000 -134.86047363 99.83659363
v -7.50000000 -135.51731873 100.53849792
v -7.50000000 -135.51731873 139.46150208
v -7.50000000 -134.86047363 140.16340637
v -7.50000000 -134.18072510 140.84315491
v -7.50000000 -133.47882080 141.50000000
v -7.50000000 -94.55580902 141.50000000
v -7.50000000 -93.85390472 140.84315491
v -7.50000000 -93.17415619 140.16340637
v -7.50000000 -92.51731110 139.46150208
v -7.50000000 -92.51731110 100.53849792
v -7.50000000 -93.17415619 99.83659363
v -7.50000000 -93.85390472 99.15684509
v -7.50000000 -94.55580902 98.49999237
v -1.00000000 -135.51731873 139.46150208
v -1.00000000 -135.51731873 100.53849792
v -1.00000000 -134.86047363 99.83659363
v -1.00000000 -134.18072510 99.15684509
v -1.00000000 -133.47882080 98.49999237
v -1.00000000 -94.55580902 98.49999237
v -1.00000000 -93.85390472 99.15684509
v -1.00000000 -93.17415619 99.83659363
v -1.00000000 -92.51731110 100.53849792
v -1.00000000 -92.51731110 139.46150208
v -1.00000000 -94.55580902 141.50000000
v -1.00000000 -93.85390472 140.84315491
v -1.00000000 -93.17415619 140.16340637
v -1.00000000 -133.47882080 141.50000000
v -1.00000000 -134.18072510 140.84315491
v -1.00000000 -134.86047363 140.16340637
v -1.00000000 -94.52132416 138.38208008
v -1.00000000 -94.38964081 137.67767334
v -1.00000000 -94.89857483 138.99137878
v -1.00000000 -95.47045135 139.42323303
v -1.00000000 -96.15972137 139.61935425
v -1.00000000 -96.87328339 139.55322266
v -1.00000000 -97.51477814 139.23379517
v -1.00000000 -97.99756622 138.70420837
v -1.00000000 -98.25643921 138.03598022
v -1.00000000 -98.25643921 137.31935120
v -1.00000000 -97.99756622 136.65112305
v -1.00000000 -97.51477814 136.12153625
v -1.00000000 -96.87328339 135.80210876
v -1.00000000 -96.15972137 135.73597717
v -1.00000000 -95.47045135 135.93209839
v -1.00000000 -94.89857483 136.36395264
v -1.00000000 -94.52132416 136.97325134
v -1.00000000 -107.17932892 96.54150391
v -1.00000000 -121.17932892 96.54150391
v -1.00000000 -131.42224121 96.80369568
v -1.00000000 -121.79231262 96.34233856
v -1.00000000 -122.27128601 95.91106415
v -1.00000000 -96.61238098 96.80369568
v -1.00000000 -106.53833771 96.47413635
v -1.00000000 -105.98016357 96.15187073
v -1.00000000 -98.81602478 95.30342102
v -1.00000000 -105.60131836 95.63043976
v -1.00000000 -105.46731567 94.99999237
v -1.00000000 -101.14813232 94.01184082
v -1.00000000 -105.60131836 94.36955261
v -1.00000000 -105.98016357 93.84812164
v -1.00000000 -103.58898926 92.93988037
v -1.00000000 -106.53833771 93.52585602
v -1.00000000 -107.17932892 93.45848846
v -1.00000000 -106.11796570 92.09658813
v -1.00000000 -108.71369934 91.48908997
v -1.00000000 -111.35425568 91.12252808
v -1.00000000 -116.68037415 91.12252808
v -1.00000000 -119.32092285 91.48908997
v -1.00000000 -120.53833771 93.52585602
v -1.00000000 -121.91665649 92.09658813
v -1.00000000 -121.17932892 93.45848846
v -1.00000000 -124.44564056 92.93988037
v -1.00000000 -121.79231262 93.65765381
v -1.00000000 -126.88649750 94.01184082
v -1.00000000 -122.27128601 94.08892822
v -1.00000000 -122.53343964 94.67773438
v -1.00000000 -129.21859741 95.30342102
v -1.00000000 -122.53343964 95.32225800
v -1.00000000 -114.01731110 90.99999237
v -1.00000000 -120.53833771 96.47413635
v -1.00000000 -107.79231262 96.34233856
v -1.00000000 -119.98016357 96.15187073
v -1.00000000 -108.27128601 95.91106415
v -1.00000000 -119.60131836 95.63043976
v -1.00000000 -108.53343964 95.32225800
v -1.00000000 -119.46731567 94.99999237
v -1.00000000 -108.53343964 94.67773438
v -1.00000000 -119.60131836 94.36955261
v -1.00000000 -108.27128601 94.08892822
v -1.00000000 -119.98016357 93.84812164
v -1.00000000 -107.79231262 93.65765381
v -1.00000000 -131.30273438 177.85015869
v -1.00000000 -136.24880981 188.18229675
v -1.00000000 -131.41731262 178.50000000
v -1.00000000 -135.36189270 187.56988525
v -1.00000000 -134.38294983 187.11895752
v -1.00000000 -130.97279358 177.27870178
v -1.00000000 -132.79231262 159.59233093
v -1.00000000 -133.27128601 159.16105652
v -1.00000000 -133.53344727 158.57226562
v -1.00000000 -137.01731873 188.93797302
v -1.00000000 -137.01731873 103.93761444
v -1.00000000 -135.65100098 100.68721008
v -1.00000000 -132.17933655 159.79150391
v -1.00000000 -130.46731567 176.85455322
v -1.00000000 -131.53833008 159.72413635
v -1.00000000 -129.84724426 176.62886047
v -1.00000000 -125.36730957 166.00000000
v -1.00000000 -125.24053955 167.69161987
v -1.00000000 -129.18737793 176.62886047
v -1.00000000 -128.56730652 176.85455322
v -1.00000000 -124.86306763 169.34547424
v -1.00000000 -128.06182861 177.27870178
v -1.00000000 -124.24330902 170.92457581
v -1.00000000 -127.73189545 177.85015869
v -1.00000000 -124.49326324 178.60186768
v -1.00000000 -124.89174652 179.29206848
v -1.00000000 -127.61730957 178.50000000
v -1.00000000 -125.07963562 180.06655884
v -1.00000000 -127.61730957 181.50000000
v -1.00000000 -125.04170990 180.86262512
v -1.00000000 -127.73189545 182.14984131
v -1.00000000 -124.78105164 181.61575317
v -1.00000000 -124.31877136 182.26493835
v -1.00000000 -128.06182861 182.72129822
v -1.00000000 -123.69231415 182.75758362
v -1.00000000 -128.56730652 183.14544678
v -1.00000000 -132.26731873 186.75000000
v -1.00000000 -129.18737793 183.37112427
v -1.00000000 -129.84724426 183.37112427
v -1.00000000 -130.46731567 183.14544678
v -1.00000000 -130.97279358 182.72129822
v -1.00000000 -131.30273438 182.14984131
v -1.00000000 -133.34109497 186.84292603
v -1.00000000 -131.41731262 181.50000000
v -1.00000000 -123.39512634 172.39367676
v -1.00000000 -123.91647339 178.05191040
v -1.00000000 -123.20810699 177.68672180
v -1.00000000 -122.33744812 173.71995544
v -1.00000000 -122.42554474 177.53588867
v -1.00000000 -121.09392548 174.87377930
v -1.00000000 -121.63218689 177.61164856
v -1.00000000 -120.89231110 177.90785217
v -1.00000000 -119.69231415 175.82939148
v -1.00000000 -119.27921295 178.70333862
v -1.00000000 -118.16393280 176.56541443
v -1.00000000 -117.57607269 179.28147888
v -1.00000000 -116.54292297 177.06542969
v -1.00000000 -115.81204987 179.63237000
v -1.00000000 -114.86550140 177.31825256
v -1.00000000 -114.01731110 179.75000000
v -1.00000000 -113.16912842 177.31825256
v -1.00000000 -112.22257996 179.63237000
v -1.00000000 -111.49169922 177.06542969
v -1.00000000 -110.45854950 179.28147888
v -1.00000000 -109.87068939 176.56541443
v -1.00000000 -108.75541687 178.70333862
v -1.00000000 -108.34231567 175.82939148
v -1.00000000 -107.14231110 177.90785217
v -1.00000000 -106.94070435 174.87377930
v -1.00000000 -106.40243530 177.61164856
v -1.00000000 -105.60908508 177.53588867
v -1.00000000 -105.69717407 173.71995544
v -1.00000000 -104.82652283 177.68672180
v -1.00000000 -104.63950348 172.39367676
v -1.00000000 -104.11815643 178.05191040
v -1.00000000 -103.54136658 178.60186768
v -1.00000000 -103.14288330 179.29206848
v -1.00000000 -100.30272675 177.85015869
v -1.00000000 -103.79131317 170.92457581
v -1.00000000 -100.41731262 178.50000000
v -1.00000000 -102.95499420 180.06655884
v -1.00000000 -100.41731262 181.50000000
v -1.00000000 -102.99291229 180.86262512
v -1.00000000 -100.30272675 182.14984131
v -1.00000000 -103.25357056 181.61575317
v -1.00000000 -103.71585846 182.26493835
v -1.00000000 -99.97280121 182.72129822
v -1.00000000 -104.34231567 182.75758362
v -1.00000000 -99.46731567 183.14544678
v -1.00000000 -95.76731110 186.75000000
v -1.00000000 -98.84724426 183.37112427
v -1.00000000 -98.18737793 183.37112427
v -1.00000000 -97.56731415 183.14544678
v -1.00000000 -97.06182861 182.72129822
v -1.00000000 -96.73189545 182.14984131
v -1.00000000 -94.69352722 186.84292603
v -1.00000000 -96.61730957 181.50000000
v -1.00000000 -93.65167236 187.11895752
v -1.00000000 -96.61730957 178.50000000
v -1.00000000 -92.67272949 187.56988525
v -1.00000000 -91.01731110 166.60064697
v -1.00000000 -91.78582001 188.18229675
v -1.00000000 -91.01731110 188.93797302
v -1.00000000 -106.35317230 183.76747131
v -1.00000000 -108.46767426 184.53709412
v -1.00000000 -110.65721893 185.05603027
v -1.00000000 -112.89221191 185.31726074
v -1.00000000 -115.14241791 185.31726074
v -1.00000000 -117.37740326 185.05603027
v -1.00000000 -119.56695557 184.53709412
v -1.00000000 -121.68145752 183.76747131
v -1.00000000 -99.97280121 177.27870178
v -1.00000000 -103.17156219 169.34547424
v -1.00000000 -99.46731567 176.85455322
v -1.00000000 -102.79408264 167.69161987
v -1.00000000 -98.84724426 176.62886047
v -1.00000000 -98.18737793 176.62886047
v -1.00000000 -97.56731415 176.85455322
v -1.00000000 -96.17932892 159.79150391
v -1.00000000 -96.79231262 159.59233093
v -1.00000000 -102.66731262 166.00000000
v -1.00000000 -97.27128601 159.16105652
v -1.00000000 -102.66731262 162.50000000
v -1.00000000 -97.53343964 158.57226562
v -1.00000000 -102.79408264 160.80836487
v -1.00000000 -97.53343964 157.92773438
v -1.00000000 -103.17156219 159.15452576
v -1.00000000 -99.46731567 152.14544678
v -1.00000000 -99.97280121 151.72129822
v -1.00000000 -97.06182861 177.27870178
v -1.00000000 -96.73189545 177.85015869
v -1.00000000 -125.36730957 162.50000000
v -1.00000000 -130.60131836 158.88043213
v -1.00000000 -125.24053955 160.80836487
v -1.00000000 -130.46731567 158.25000000
v -1.00000000 -124.86306763 159.15452576
v -1.00000000 -128.56730652 152.14544678
v -1.00000000 -128.06182861 151.72129822
v -1.00000000 -124.24330902 157.57540894
v -1.00000000 -127.73189545 151.14984131
v -1.00000000 -124.49326324 149.89811707
v -1.00000000 -124.89174652 149.20793152
v -1.00000000 -123.39512634 156.10630798
v -1.00000000 -123.91647339 150.44808960
v -1.00000000 -123.20810699 150.81327820
v -1.00000000 -122.33744812 154.78002930
v -1.00000000 -122.42554474 150.96411133
v -1.00000000 -121.09392548 153.62620544
v -1.00000000 -121.63218689 150.88835144
v -1.00000000 -120.89231110 150.59214783
v -1.00000000 -119.69231415 152.67060852
v -1.00000000 -119.27921295 149.79664612
v -1.00000000 -118.16393280 151.93458557
v -1.00000000 -117.57607269 149.21852112
v -1.00000000 -116.54292297 151.43457031
v -1.00000000 -115.81204987 148.86763000
v -1.00000000 -114.86550140 151.18173218
v -1.00000000 -114.01731110 148.75000000
v -1.00000000 -113.16912842 151.18173218
v -1.00000000 -112.22257996 148.86763000
v -1.00000000 -111.49169922 151.43457031
v -1.00000000 -110.45854950 149.21852112
v -1.00000000 -109.87068939 151.93458557
v -1.00000000 -108.75541687 149.79664612
v -1.00000000 -108.34231567 152.67060852
v -1.00000000 -107.14231110 150.59214783
v -1.00000000 -106.94070435 153.62620544
v -1.00000000 -106.40243530 150.88835144
v -1.00000000 -105.60908508 150.96411133
v -1.00000000 -105.69717407 154.78002930
v -1.00000000 -104.82652283 150.81327820
v -1.00000000 -104.63950348 156.10630798
v -1.00000000 -104.11815643 150.44808960
v -1.00000000 -103.54136658 149.89811707
v -1.00000000 -103.79131317 157.57540894
v -1.00000000 -100.30272675 151.14984131
v -1.00000000 -131.30273438 146.85015869
v -1.00000000 -131.41731262 147.50000000
v -1.00000000 -131.41731262 150.50000000
v -1.00000000 -133.27128601 157.33892822
v -1.00000000 -132.79231262 156.90765381
v -1.00000000 -130.97279358 146.27870178
v -1.00000000 -130.46731567 145.85455322
v -1.00000000 -129.84724426 145.62886047
v -1.00000000 -129.18737793 145.62886047
v -1.00000000 -128.56730652 145.85455322
v -1.00000000 -123.69231415 145.74240112
v -1.00000000 -124.31877136 146.23506165
v -1.00000000 -128.06182861 146.27870178
v -1.00000000 -124.78105164 146.88424683
v -1.00000000 -127.73189545 146.85015869
v -1.00000000 -125.04170990 147.63737488
v -1.00000000 -127.61730957 147.50000000
v -1.00000000 -125.07963562 148.43342590
v -1.00000000 -127.61730957 150.50000000
v -1.00000000 -130.60131836 157.61955261
v -1.00000000 -129.18737793 152.37112427
v -1.00000000 -129.84724426 152.37112427
v -1.00000000 -130.98016357 157.09812927
v -1.00000000 -130.46731567 152.14544678
v -1.00000000 -131.53833008 156.77586365
v -1.00000000 -130.97279358 151.72129822
v -1.00000000 -132.17933655 156.70848083
v -1.00000000 -131.30273438 151.14984131
v -1.00000000 -100.30272675 146.85015869
v -1.00000000 -102.99291229 147.63737488
v -1.00000000 -100.41731262 147.50000000
v -1.00000000 -102.95499420 148.43342590
v -1.00000000 -100.41731262 150.50000000
v -1.00000000 -103.14288330 149.20793152
v -1.00000000 -103.25357056 146.88424683
v -1.00000000 -99.97280121 146.27870178
v -1.00000000 -103.71585846 146.23506165
v -1.00000000 -99.46731567 145.85455322
v -1.00000000 -104.34231567 145.74240112
v -1.00000000 -106.35317230 144.73251343
v -1.00000000 -108.46767426 143.96290588
v -1.00000000 -110.65721893 143.44396973
v -1.00000000 -112.89221191 143.18273926
v -1.00000000 -115.14241791 143.18273926
v -1.00000000 -117.37740326 143.44396973
v -1.00000000 -119.56695557 143.96290588
v -1.00000000 -121.68145752 144.73251343
v -1.00000000 -98.84724426 145.62886047
v -1.00000000 -98.18738556 145.62886047
v -1.00000000 -97.56731415 145.85455322
v -1.00000000 -97.06182861 146.27870178
v -1.00000000 -96.73189545 146.85015869
v -1.00000000 -96.61731720 147.50000000
v -1.00000000 -96.61731720 150.50000000
v -1.00000000 -91.97509003 149.86444092
v -1.00000000 -91.91851807 149.08763123
v -1.00000000 -91.69155884 148.34255981
v -1.00000000 -91.85846710 150.63453674
v -1.00000000 -96.73189545 151.14984131
v -1.00000000 -94.98016357 157.09812927
v -1.00000000 -95.53833771 156.77586365
v -1.00000000 -97.06182861 151.72129822
v -1.00000000 -96.17932892 156.70848083
v -1.00000000 -97.56731415 152.14544678
v -1.00000000 -96.79231262 156.90765381
v -1.00000000 -98.18738556 152.37112427
v -1.00000000 -97.27128601 157.33892822
v -1.00000000 -98.84724426 152.37112427
v -1.00000000 -94.60131836 158.88043213
v -1.00000000 -89.10948181 160.89389038
v -1.00000000 -94.46731567 158.25000000
v -1.00000000 -94.60131836 157.61955261
v -1.00000000 -94.98016357 159.40187073
v -1.00000000 -90.80623627 165.40357971
v -1.00000000 -90.54840088 164.85064697
v -1.00000000 -89.35923004 162.79093933
v -1.00000000 -95.53833771 159.72413635
v -1.00000000 -90.96414185 165.99287415
v -1.00000000 -130.98016357 159.40187073
v -1.00000000 -133.53344727 157.92773438
v -1.00000000 -92.38362885 100.68721008
v -1.00000000 -91.01731110 103.93761444
v -1.00000000 -91.01731110 146.78219604
v -1.00000000 -91.30543518 147.66613770
v -1.00000000 -91.14775848 147.39401245
v -1.00000000 -91.05028534 147.09497070
v -1.00000000 -135.78364563 100.83684540
v -1.00000000 -135.91526794 100.98738861
v -1.00000000 -136.51571655 101.87296295
v -1.00000000 -136.89012146 102.87525940
v -1.00000000 -89.10948181 162.18798828
v -1.00000000 -89.02429199 161.54093933
v -1.00000000 -91.14450836 102.87525940
v -1.00000000 -91.51891327 101.87296295
v -1.00000000 -92.11935425 100.98738861
v -1.00000000 -92.25097656 100.83684540
v -31.29999924 -131.40948486 263.84637451
v -31.29999924 -131.54231262 266.00000000
v -31.29999924 -131.40948486 268.15362549
v -31.29999924 -131.01300049 270.27459717
v -31.29999924 -130.35888672 272.33074951
v -31.29999924 -129.45704651 274.29095459
v -31.29999924 -128.32116699 276.12548828
v -31.29999924 -126.96844482 277.80651855
v -31.29999924 -125.41939545 279.30856323
v -31.29999924 -123.69750977 280.60888672
v -31.29999924 -121.82888031 281.68774414
v -31.29999924 -119.84182739 282.52877808
v -31.29999924 -117.76648712 283.11926270
v -31.29999924 -115.63431549 283.45022583
v -31.29999924 -113.47763062 283.51669312
v -31.29999924 -111.32912445 283.31759644
v -31.29999924 -109.22136688 282.85598755
v -31.29999924 -107.18631744 282.13885498
v -31.29999924 -105.25481415 281.17709351
v -31.29999924 -103.45613861 279.98526001
v -31.29999924 -101.81756592 278.58139038
v -31.29999924 -100.36392975 276.98684692
v -31.29999924 -99.11725616 275.22570801
v -31.29999924 -98.09645844 273.32473755
v -31.29999924 -97.31700134 271.31274414
v -31.29999924 -96.79071045 269.22021484
v -31.29999924 -96.52555084 267.07885742
v -31.29999924 -96.52555084 264.92114258
v -31.29999924 -96.79071045 262.77978516
v -31.29999924 -97.31700134 260.68725586
v -31.29999924 -98.09645844 258.67523193
v -31.29999924 -99.11725616 256.77426147
v -31.29999924 -100.36392975 255.01315308
v -31.29999924 -101.81756592 253.41859436
v -31.29999924 -103.45613861 252.01473999
v -31.29999924 -105.25481415 250.82290649
v -31.29999924 -107.18631744 249.86112976
v -31.29999924 -109.22136688 249.14399719
v -31.29999924 -111.32912445 248.68240356
v -31.29999924 -113.47763062 248.48330688
v -31.29999924 -115.63431549 248.54975891
v -31.29999924 -117.76648712 248.88072205
v -31.29999924 -119.84182739 249.47122192
v -31.29999924 -121.82888031 250.31225586
v -31.29999924 -123.69750977 251.39111328
v -31.29999924 -125.41939545 252.69142151
v -31.29999924 -126.96844482 254.19348145
v -31.29999924 -128.32116699 255.87451172
v -31.29999924 -129.45704651 257.70904541
v -31.29999924 -130.35888672 259.66925049
v -31.29999924 -131.01300049 261.72540283
v -0.69999999 -96.62514496 117.84638214
v -0.69999999 -96.49230957 119.99999237
v -0.69999999 -96.62514496 122.15361023
v -0.69999999 -97.02162170 124.27458191
v -0.69999999 -97.67573547 126.33075714
v -0.69999999 -98.57757568 128.29095459
v -0.69999999 -99.71346283 130.12548828
v -0.69999999 -101.06618500 131.80651855
v -0.69999999 -102.61522675 133.30856323
v -0.69999999 -104.33712006 134.60887146
v -0.69999999 -106.20574951 135.68772888
v -0.69999999 -108.19279480 136.52877808
v -0.69999999 -110.26813507 137.11926270
v -0.69999999 -112.40030670 137.45024109
v -0.69999999 -114.55699921 137.51667786
v -0.69999999 -116.70550537 137.31759644
v -0.69999999 -118.81325531 136.85598755
v -0.69999999 -120.84831238 136.13887024
v -0.69999999 -122.77981567 135.17709351
v -0.69999999 -124.57848358 133.98524475
v -0.69999999 -126.21706390 132.58140564
v -0.69999999 -127.67070007 130.98683167
v -0.69999999 -128.91737366 129.22572327
v -0.69999999 -129.93817139 127.32475281
v -0.69999999 -130.71762085 125.31274414
v -0.69999999 -131.24391174 123.22020721
v -0.69999999 -131.50907898 121.07884979
v -0.69999999 -131.50907898 118.92114258
v -0.69999999 -131.24391174 116.77978516
v -0.69999999 -130.71762085 114.68724823
v -0.69999999 -129.93817139 112.67523956
v -0.69999999 -128.91737366 110.77426910
v -0.69999999 -127.67070007 109.01315308
v -0.69999999 -126.21706390 107.41858673
v -0.69999999 -124.57848358 106.01474762
v -0.69999999 -122.77981567 104.82289886
v -0.69999999 -120.84831238 103.86112976
v -0.69999999 -118.81325531 103.14400482
v -0.69999999 -116.70550537 102.68239594
v -0.69999999 -114.55699921 102.48330688
v -0.69999999 -112.40030670 102.54975128
v -0.69999999 -110.26813507 102.88072968
v -0.69999999 -108.19279480 103.47121429
v -0.69999999 -106.20574951 104.31225586
v -0.69999999 -104.33712006 105.39111328
v -0.69999999 -102.61522675 106.69142151
v -0.69999999 -101.06618500 108.19348145
v -0.69999999 -99.71346283 109.87451172
v -0.69999999 -98.57757568 111.70903015
v -0.69999999 -97.67573547 113.66923523
v -0.69999999 -97.02162170 115.72541046
v -31.29999924 -122.26731110 291.00000000
v -31.29999924 -122.14352417 290.45764160
v -31.29999924 -121.79667664 290.02270508
v -31.29999924 -121.29546356 289.78134155
v -31.29999924 -120.73915863 289.78134155
v -31.29999924 -120.23795319 290.02270508
v -31.29999924 -119.89110565 290.45764160
v -31.29999924 -119.76731110 291.00000000
v -31.29999924 -119.89110565 291.54235840
v -31.29999924 -120.23795319 291.97729492
v -31.29999924 -120.73915863 292.21865845
v -31.29999924 -121.29546356 292.21865845
v -31.29999924 -121.79667664 291.97729492
v -31.29999924 -122.14352417 291.54235840
v -41.00000000 -119.60131836 291.63043213
v -41.00000000 -119.46731567 291.00000000
v -40.70000076 -119.76731110 291.00000000
v -41.00000000 -119.60131836 290.36956787
v -40.70000076 -119.89110565 290.45764160
v -41.00000000 -119.98016357 289.84811401
v -40.70000076 -120.23795319 290.02270508
v -41.00000000 -120.53833771 289.52584839
v -40.70000076 -120.73915863 289.78134155
v -41.00000000 -121.17932892 289.45849609
v -40.70000076 -121.29546356 289.78134155
v -41.00000000 -121.79231262 289.65765381
v -40.70000076 -121.79667664 290.02270508
v -41.00000000 -122.27128601 290.08892822
v -40.70000076 -122.14352417 290.45764160
v -41.00000000 -122.53343964 290.67773438
v -40.70000076 -122.26731110 291.00000000
v -41.00000000 -122.53343964 291.32226562
v -40.70000076 -122.14352417 291.54235840
v -41.00000000 -122.27128601 291.91107178
v -40.70000076 -121.79667664 291.97729492
v -41.00000000 -121.79231262 292.34234619
v -40.70000076 -121.29546356 292.21865845
v -41.00000000 -121.17932892 292.54150391
v -40.70000076 -120.73915863 292.21865845
v -41.00000000 -120.53833771 292.47412109
v -40.70000076 -120.23795319 291.97729492
v -41.00000000 -119.98016357 292.15185547
v -40.70000076 -119.89110565 291.54235840
v -31.29999924 -108.26731110 291.00000000
v -31.29999924 -108.14352417 290.45764160
v -31.29999924 -107.79667664 290.02270508
v -31.29999924 -107.29546356 289.78134155
v -31.29999924 -106.73915863 289.78134155
v -31.29999924 -106.23795319 290.02270508
v -31.29999924 -105.89110565 290.45764160
v -31.29999924 -105.76731110 291.00000000
v -31.29999924 -105.89110565 291.54235840
v -31.29999924 -106.23795319 291.97729492
v -31.29999924 -106.73915863 292.21865845
v -31.29999924 -107.29546356 292.21865845
v -31.29999924 -107.79667664 291.97729492
v -31.29999924 -108.14352417 291.54235840
v -41.00000000 -105.60131836 291.63043213
v -41.00000000 -105.46731567 291.00000000
v -40.70000076 -105.76731110 291.00000000
v -41.00000000 -105.60131836 290.36956787
v -40.70000076 -105.89110565 290.45764160
v -41.00000000 -105.98016357 289.84811401
v -40.70000076 -106.23795319 290.02270508
v -41.00000000 -106.53833771 289.52584839
v -40.70000076 -106.73915863 289.78134155
v -41.00000000 -107.17932892 289.45849609
v -40.70000076 -107.29546356 289.78134155
v -41.00000000 -107.79231262 289.65765381
v -40.70000076 -107.79667664 290.02270508
v -41.00000000 -108.27128601 290.08892822
v -40.70000076 -108.14352417 290.45764160
v -41.00000000 -108.53343964 290.67773438
v -40.70000076 -108.26731110 291.00000000
v -41.00000000 -108.53343964 291.32226562
v -40.70000076 -108.14352417 291.54235840
v -41.00000000 -108.27128601 291.91107178
v -40.70000076 -107.79667664 291.97729492
v -41.00000000 -107.79231262 292.34234619
v -40.70000076 -107.29546356 292.21865845
v -41.00000000 -107.17932892 292.54150391
v -40.70000076 -106.73915863 292.21865845
v -41.00000000 -106.53833771 292.47412109
v -40.70000076 -106.23795319 291.97729492
v -41.00000000 -105.98016357 292.15185547
v -40.70000076 -105.89110565 291.54235840
v 9.00000000 -122.43331146 95.63043976
v 9.00000000 -122.56731415 94.99999237
v 8.69999981 -122.26731110 94.99999237
v 9.00000000 -122.43331146 94.36955261
v 8.69999981 -122.14352417 94.45764160
v 9.00000000 -122.05446625 93.84812164
v 8.69999981 -121.79667664 94.02270508
v 9.00000000 -121.49629211 93.52585602
v 8.69999981 -121.29546356 93.78133392
v 9.00000000 -120.85529327 93.45848846
v 8.69999981 -120.73915863 93.78133392
v 9.00000000 -120.24230957 93.65765381
v 8.69999981 -120.23795319 94.02270508
v 9.00000000 -119.76333618 94.08892822
v 8.69999981 -119.89110565 94.45764160
v 9.00000000 -119.50118256 94.67773438
v 8.69999981 -119.76731110 94.99999237
v 9.00000000 -119.50118256 95.32225800
v 8.69999981 -119.89110565 95.54235077
v 9.00000000 -119.76333618 95.91106415
v 8.69999981 -120.23795319 95.97728729
v 9.00000000 -120.24230957 96.34233856
v 8.69999981 -120.73915863 96.21865845
v 9.00000000 -120.85529327 96.54150391
v 8.69999981 -121.29546356 96.21865845
v 9.00000000 -121.49629211 96.47413635
v 8.69999981 -121.79667664 95.97728729
v 9.00000000 -122.05446625 96.15187073
v 8.69999981 -122.14352417 95.54235077
v -0.69999999 -119.76731110 94.99999237
v -0.69999999 -119.89110565 94.45764160
v -0.69999999 -120.23795319 94.02270508
v -0.69999999 -120.73915863 93.78133392
v -0.69999999 -121.29546356 93.78133392
v -0.69999999 -121.79667664 94.02270508
v -0.69999999 -122.14352417 94.45764160
v -0.69999999 -122.26731110 94.99999237
v -0.69999999 -122.14352417 95.54235077
v -0.69999999 -121.79667664 95.97728729
v -0.69999999 -121.29546356 96.21865845
v -0.69999999 -120.73915863 96.21865845
v -0.69999999 -120.23795319 95.97728729
v -0.69999999 -119.89110565 95.54235077
v 9.00000000 -108.43331146 95.63043976
v 9.00000000 -108.56731415 94.99999237
v 8.69999981 -108.26731110 94.99999237
v 9.00000000 -108.43331146 94.36955261
v 8.69999981 -108.14352417 94.45764160
v 9.00000000 -108.05446625 93.84812164
v 8.69999981 -107.79667664 94.02270508
v 9.00000000 -107.49629211 93.52585602
v 8.69999981 -107.29546356 93.78133392
v 9.00000000 -106.85529327 93.45848846
v 8.69999981 -106.73915863 93.78133392
v 9.00000000 -106.24230957 93.65765381
v 8.69999981 -106.23795319 94.02270508
v 9.00000000 -105.76333618 94.08892822
v 8.69999981 -105.89110565 94.45764160
v 9.00000000 -105.50118256 94.67773438
v 8.69999981 -105.76731110 94.99999237
v 9.00000000 -105.50118256 95.32225800
v 8.69999981 -105.89110565 95.54235077
v 9.00000000 -105.76333618 95.91106415
v 8.69999981 -106.23795319 95.97728729
v 9.00000000 -106.24230957 96.34233856
v 8.69999981 -106.73915863 96.21865845
v 9.00000000 -106.85529327 96.54150391
v 8.69999981 -107.29546356 96.21865845
v 9.00000000 -107.49629211 96.47413635
v 8.69999981 -107.79667664 95.97728729
v 9.00000000 -108.05446625 96.15187073
v 8.69999981 -108.14352417 95.54235077
v -0.69999999 -105.76731110 94.99999237
v -0.69999999 -105.89110565 94.45764160
v -0.69999999 -106.23795319 94.02270508
v -0.69999999 -106.73915863 93.78133392
v -0.69999999 -107.29546356 93.78133392
v -0.69999999 -107.79667664 94.02270508
v -0.69999999 -108.14352417 94.45764160
v -0.69999999 -108.26731110 94.99999237
v -0.69999999 -108.14352417 95.54235077
v -0.69999999 -107.79667664 95.97728729
v -0.69999999 -107.29546356 96.21865845
v -0.69999999 -106.73915863 96.21865845
v -0.69999999 -106.23795319 95.97728729
v -0.69999999 -105.89110565 95.54235077
v -0.69999999 -129.59498596 137.67767334
v -0.69999999 -129.72163391 136.95942688
v -0.69999999 -130.08628845 136.32780457
v -0.69999999 -130.64498901 135.85900879
v -0.69999999 -131.33032227 135.60957336
v -0.69999999 -132.05964661 135.60957336
v -0.69999999 -132.74497986 135.85900879
v -0.69999999 -133.30368042 136.32780457
v -0.69999999 -133.66833496 136.95942688
v -0.69999999 -133.79498291 137.67767334
v -0.69999999 -133.66833496 138.39590454
v -0.69999999 -133.30368042 139.02752686
v -0.69999999 -132.74497986 139.49632263
v -0.69999999 -132.05964661 139.74575806
v -0.69999999 -131.33032227 139.74575806
v -0.69999999 -130.64498901 139.49632263
v -0.69999999 -130.08628845 139.02752686
v -0.69999999 -129.72163391 138.39590454
v -0.69999999 -94.23964691 102.32232666
v -0.69999999 -94.36628723 101.60408783
v -0.69999999 -94.73094940 100.97247314
v -0.69999999 -95.28964233 100.50366974
v -0.69999999 -95.97498322 100.25422668
v -0.69999999 -96.70430756 100.25422668
v -0.69999999 -97.38964081 100.50366974
v -0.69999999 -97.94833374 100.97247314
v -0.69999999 -98.31299591 101.60408783
v -0.69999999 -98.43964386 102.32232666
v -0.69999999 -98.31299591 103.04056549
v -0.69999999 -97.94833374 103.67218018
v -0.69999999 -97.38964081 104.14098358
v -0.69999999 -96.70430756 104.39042664
v -0.69999999 -95.97498322 104.39042664
v -0.69999999 -95.28964233 104.14098358
v -0.69999999 -94.73094940 103.67218018
v -0.69999999 -94.36628723 103.04056549
v -31.29999924 -98.43964386 283.67767334
v -31.29999924 -98.31299591 282.95941162
v -31.29999924 -97.94833374 282.32781982
v -31.29999924 -97.38964081 281.85900879
v -31.29999924 -96.70430756 281.60955811
v -31.29999924 -95.97498322 281.60955811
v -31.29999924 -95.28964233 281.85900879
v -31.29999924 -94.73094940 282.32781982
v -31.29999924 -94.36628723 282.95941162
v -31.29999924 -94.23964691 283.67767334
v -31.29999924 -94.36628723 284.39590454
v -31.29999924 -94.73094940 285.02752686
v -31.29999924 -95.28964233 285.49630737
v -31.29999924 -95.97498322 285.74575806
v -31.29999924 -96.70430756 285.74575806
v -31.29999924 -97.38964081 285.49630737
v -31.29999924 -97.94833374 285.02752686
v -31.29999924 -98.31299591 284.39590454
v -31.29999924 -133.79498291 248.32232666
v -31.29999924 -133.66833496 247.60408020
v -31.29999924 -133.30368042 246.97247314
v -31.29999924 -132.74497986 246.50367737
v -31.29999924 -132.05964661 246.25422668
v -31.29999924 -131.33032227 246.25422668
v -31.29999924 -130.64498901 246.50367737
v -31.29999924 -130.08628845 246.97247314
v -31.29999924 -129.72163391 247.60408020
v -31.29999924 -129.59498596 248.32232666
v -31.29999924 -129.72163391 249.04057312
v -31.29999924 -130.08628845 249.67218018
v -31.29999924 -130.64498901 250.14097595
v -31.29999924 -131.33032227 250.39042664
v -31.29999924 -132.05964661 250.39042664
v -31.29999924 -132.74497986 250.14097595
v -31.29999924 -133.30368042 249.67218018
v -31.29999924 -133.66833496 249.04057312
v 9.00000000 -133.43330383 190.88043213
v 9.00000000 -133.56730652 190.25000000
v 8.69999981 -133.26731873 190.25000000
v 9.00000000 -133.43330383 189.61955261
v 8.69999981 -133.14352417 189.70764160
v 9.00000000 -133.05445862 189.09812927
v 8.69999981 -132.79667664 189.27270508
v 9.00000000 -132.49629211 188.77586365
v 8.69999981 -132.29547119 189.03134155
v 9.00000000 -131.85530090 188.70848083
v 8.69999981 -131.73916626 189.03134155
v 9.00000000 -131.24230957 188.90765381
v 8.69999981 -131.23794556 189.27270508
v 9.00000000 -130.76333618 189.33892822
v 8.69999981 -130.89109802 189.70764160
v 9.00000000 -130.50119019 189.92773438
v 8.69999981 -130.76731873 190.25000000
v 9.00000000 -130.50119019 190.57226562
v 8.69999981 -130.89109802 190.79235840
v 9.00000000 -130.76333618 191.16105652
v 8.69999981 -131.23794556 191.22727966
v 9.00000000 -131.24230957 191.59233093
v 8.69999981 -131.73916626 191.46865845
v 9.00000000 -131.85530090 191.79150391
v 8.69999981 -132.29547119 191.46865845
v 9.00000000 -132.49629211 191.72413635
v 8.69999981 -132.79667664 191.22727966
v 9.00000000 -133.05445862 191.40187073
v 8.69999981 -133.14352417 190.79235840
v 9.00000000 -97.43331146 190.88043213
v 9.00000000 -97.56731415 190.25000000
v 8.69999981 -97.26731110 190.25000000
v 9.00000000 -97.43331146 189.61955261
v 8.69999981 -97.14352417 189.70764160
v 9.00000000 -97.05446625 189.09812927
v 8.69999981 -96.79667664 189.27270508
v 9.00000000 -96.49629211 188.77586365
v 8.69999981 -96.29546356 189.03134155
v 9.00000000 -95.85529327 188.70848083
v 8.69999981 -95.73915863 189.03134155
v 9.00000000 -95.24230957 188.90765381
v 8.69999981 -95.23795319 189.27270508
v 9.00000000 -94.76333618 189.33892822
v 8.69999981 -94.89110565 189.70764160
v 9.00000000 -94.50118256 189.92773438
v 8.69999981 -94.76731110 190.25000000
v 9.00000000 -94.50118256 190.57226562
v 8.69999981 -94.89110565 190.79235840
v 9.00000000 -94.76333618 191.16105652
v 8.69999981 -95.23795319 191.22727966
v 9.00000000 -95.24230957 191.59233093
v 8.69999981 -95.73915863 191.46865845
v 9.00000000 -95.85529327 191.79150391
v 8.69999981 -96.29546356 191.46865845
v 9.00000000 -96.49629211 191.72413635
v 8.69999981 -96.79667664 191.22727966
v 9.00000000 -97.05446625 191.40187073
v 8.69999981 -97.14352417 190.79235840
v -41.00000000 -94.60131836 196.38043213
v -41.00000000 -94.46731567 195.75000000
v -40.70000076 -94.76731110 195.75000000
v -41.00000000 -94.60131836 195.11955261
v -40.70000076 -94.89110565 195.20764160
v -41.00000000 -94.98016357 194.59812927
v -40.70000076 -95.23795319 194.77270508
v -41.00000000 -95.53833771 194.27586365
v -40.70000076 -95.73915863 194.53134155
v -41.00000000 -96.17932892 194.20848083
v -40.70000076 -96.29546356 194.53134155
v -41.00000000 -96.79231262 194.40765381
v -40.70000076 -96.79667664 194.77270508
v -41.00000000 -97.27128601 194.83892822
v -40.70000076 -97.14352417 195.20764160
v -41.00000000 -97.53343964 195.42773438
v -40.70000076 -97.26731110 195.75000000
v -41.00000000 -97.53343964 196.07226562
v -40.70000076 -97.14352417 196.29235840
v -41.00000000 -97.27128601 196.66105652
v -40.70000076 -96.79667664 196.72727966
v -41.00000000 -96.79231262 197.09233093
v -40.70000076 -96.29546356 196.96865845
v -41.00000000 -96.17932892 197.29150391
v -40.70000076 -95.73915863 196.96865845
v -41.00000000 -95.53833771 197.22413635
v -40.70000076 -95.23795319 196.72727966
v -41.00000000 -94.98016357 196.90187073
v -40.70000076 -94.89110565 196.29235840
v -41.00000000 -130.60131836 196.38043213
v -41.00000000 -130.46731567 195.75000000
v -40.70000076 -130.76731873 195.75000000
v -41.00000000 -130.60131836 195.11955261
v -40.70000076 -130.89109802 195.20764160
v -41.00000000 -130.98016357 194.59812927
v -40.70000076 -131.23794556 194.77270508
v -41.00000000 -131.53833008 194.27586365
v -40.70000076 -131.73916626 194.53134155
v -41.00000000 -132.17933655 194.20848083
v -40.70000076 -132.29547119 194.53134155
v -41.00000000 -132.79231262 194.40765381
v -40.70000076 -132.79667664 194.77270508
v -41.00000000 -133.27128601 194.83892822
v -40.70000076 -133.14352417 195.20764160
v -41.00000000 -133.53344727 195.42773438
v -40.70000076 -133.26731873 195.75000000
v -41.00000000 -133.53344727 196.07226562
v -40.70000076 -133.14352417 196.29235840
v -41.00000000 -133.27128601 196.66105652
v -40.70000076 -132.79667664 196.72727966
v -41.00000000 -132.79231262 197.09233093
v -40.70000076 -132.29547119 196.96865845
v -41.00000000 -132.17933655 197.29150391
v -40.70000076 -131.73916626 196.96865845
v -41.00000000 -131.53833008 197.22413635
v -40.70000076 -131.23794556 196.72727966
v -41.00000000 -130.98016357 196.90187073
v -40.70000076 -130.89109802 196.29235840
v -31.29999924 -104.49230957 239.99778748
v -31.29999924 -103.88445282 239.50553894
v -31.29999924 -103.45845032 238.84956360
v -31.29999924 -103.25601196 238.09403992
v -31.29999924 -103.29694366 237.31294250
v -31.29999924 -103.57724762 236.58271790
v -31.29999924 -104.06948853 235.97485352
v -31.29999924 -104.72547150 235.54885864
v -31.29999924 -105.48099518 235.34640503
v -31.29999924 -106.26209259 235.38734436
v -31.29999924 -106.99230957 235.66764832
v -31.29999924 -106.99230957 207.83233643
v -31.29999924 -106.26209259 208.11264038
v -31.29999924 -105.48099518 208.15357971
v -31.29999924 -104.72547150 207.95114136
v -31.29999924 -104.06948853 207.52513123
v -31.29999924 -103.57724762 206.91728210
v -31.29999924 -103.29694366 206.18705750
v -31.29999924 -103.25601196 205.40596008
v -31.29999924 -103.45845032 204.65043640
v -31.29999924 -103.88445282 203.99444580
v -31.29999924 -104.49230957 203.50221252
v -36.00000000 -120.68665314 267.32659912
v -36.00000000 -120.81731415 266.00000000
v -36.29999924 -120.51731110 266.00000000
v -36.00000000 -120.68665314 264.67337036
v -36.29999924 -120.38425446 264.69155884
v -36.00000000 -120.29969025 263.39773560
v -36.29999924 -119.99053955 263.43667603
v -36.00000000 -119.67130280 262.22210693
v -36.29999924 -119.35227203 262.28674316
v -36.00000000 -118.82563782 261.19168091
v -36.29999924 -118.49559784 261.28884888
v -36.00000000 -117.79518890 260.34600830
v -36.29999924 -117.45558167 260.48379517
v -36.00000000 -116.61956024 259.71762085
v -36.29999924 -116.27479553 259.90460205
v -36.00000000 -115.34392548 259.33065796
v -36.29999924 -115.00159454 259.57495117
v -36.00000000 -114.01731110 259.19998169
v -36.29999924 -113.68809509 259.50833130
v -36.00000000 -112.69069672 259.33065796
v -36.29999924 -112.38806915 259.70748901
v -36.00000000 -111.41506195 259.71762085
v -36.29999924 -111.15475464 260.16427612
v -36.00000000 -110.23943329 260.34600830
v -36.29999924 -110.03862762 260.85995483
v -36.00000000 -109.20898438 261.19168091
v -36.29999924 -109.08538818 261.76608276
v -36.00000000 -108.36331940 262.22210693
v -36.29999924 -108.33406067 262.84552002
v -36.00000000 -107.73493195 263.39773560
v -36.29999924 -107.81540680 264.05413818
v -36.00000000 -107.34797668 264.67337036
v -36.29999924 -107.55065918 265.34240723
v -36.00000000 -107.21731567 266.00000000
v -36.29999924 -107.55065918 266.65759277
v -36.00000000 -107.34797668 267.32659912
v -36.29999924 -107.81540680 267.94586182
v -36.00000000 -107.73493195 268.60223389
v -36.29999924 -108.33406067 269.15444946
v -36.00000000 -108.36331940 269.77786255
v -36.29999924 -109.08538818 270.23391724
v -36.00000000 -109.20898438 270.80831909
v -36.29999924 -110.03862762 271.14004517
v -36.00000000 -110.23943329 271.65399170
v -36.29999924 -111.15475464 271.83572388
v -36.00000000 -111.41506195 272.28237915
v -36.29999924 -112.38806915 272.29251099
v -36.00000000 -112.69069672 272.66934204
v -36.29999924 -113.68809509 272.49166870
v -36.00000000 -114.01731110 272.79998779
v -36.29999924 -115.00159454 272.42504883
v -36.00000000 -115.34392548 272.66934204
v -36.29999924 -116.27479553 272.09539795
v -36.00000000 -116.61956024 272.28237915
v -36.29999924 -117.45558167 271.51617432
v -36.00000000 -117.79518890 271.65399170
v -36.29999924 -118.49559784 270.71115112
v -36.00000000 -118.82563782 270.80831909
v -36.29999924 -119.35227203 269.71322632
v -36.00000000 -119.67130280 269.77786255
v -36.29999924 -119.99053955 268.56332397
v -36.00000000 -120.29969025 268.60223389
v -36.29999924 -120.38425446 267.30844116
v 9.00000000 -135.85989380 138.74703979
v 9.00000000 -135.99497986 137.67767334
v 8.69999981 -135.69497681 137.67767334
v 9.00000000 -135.85989380 136.60829163
v 8.69999981 -135.55868530 136.64239502
v 9.00000000 -135.46310425 135.60612488
v 8.69999981 -135.15908813 135.67767334
v 9.00000000 -134.82954407 134.73411560
v 8.69999981 -134.52340698 134.84924316
v 9.00000000 -133.99903870 134.04705811
v 8.69999981 -133.69497681 134.21356201
v 9.00000000 -133.02375793 133.58811951
v 8.69999981 -132.73025513 133.81396484
v 9.00000000 -131.96498108 133.38615417
v 8.69999981 -131.69497681 133.67767334
v 9.00000000 -130.88923645 133.45382690
v 8.69999981 -130.65971375 133.81396484
v 9.00000000 -129.86413574 133.78691101
v 8.69999981 -129.69497681 134.21356201
v 9.00000000 -128.95405579 134.36445618
v 8.69999981 -128.86656189 134.84924316
v 9.00000000 -128.21621704 135.15019226
v 8.69999981 -128.23088074 135.67767334
v 9.00000000 -127.69694519 136.09472656
v 8.69999981 -127.83127594 136.64239502
v 9.00000000 -127.42888641 137.13873291
v 8.69999981 -127.69498444 137.67767334
v 9.00000000 -127.42888641 138.21659851
v 8.69999981 -127.83127594 138.71293640
v 9.00000000 -127.69694519 139.26060486
v 8.69999981 -128.23088074 139.67767334
v 9.00000000 -128.21621704 140.20513916
v 8.69999981 -128.86656189 140.50608826
v 9.00000000 -128.95405579 140.99087524
v 8.69999981 -129.69497681 141.14176941
v 9.00000000 -129.86413574 141.56842041
v 8.69999981 -130.65971375 141.54136658
v 9.00000000 -130.88923645 141.90150452
v 8.69999981 -131.69497681 141.67767334
v 9.00000000 -131.96498108 141.96917725
v 8.69999981 -132.73025513 141.54136658
v 9.00000000 -133.02375793 141.76721191
v 8.69999981 -133.69497681 141.14176941
v 9.00000000 -133.99903870 141.30827332
v 8.69999981 -134.52340698 140.50608826
v 9.00000000 -134.82954407 140.62121582
v 8.69999981 -135.15908813 139.67767334
v 9.00000000 -135.46310425 139.74920654
v 8.69999981 -135.55868530 138.71293640
v 8.69999981 -128.50619507 116.11771393
v 9.00000000 -128.21641541 116.19535828
v 8.69999981 -128.88899231 118.04210663
v 9.00000000 -128.59155273 118.08126068
v 8.69999981 -129.01731873 119.99999237
v 9.00000000 -128.71731567 119.99999237
v 8.69999981 -128.88899231 121.95788574
v 9.00000000 -128.59155273 121.91873169
v 8.69999981 -128.50619507 123.88227844
v 9.00000000 -128.21641541 123.80463409
v 8.69999981 -127.87550354 125.74024963
v 9.00000000 -127.59834290 125.62544250
v 8.69999981 -127.00769043 127.49999237
v 9.00000000 -126.74788666 127.34999847
v 9.00000000 -131.59762573 130.14999390
v 8.69999981 -131.33781433 130.00000000
v 9.00000000 -131.10498047 130.77645874
v 8.69999981 -130.84558105 130.60786438
v 9.00000000 -130.45579529 131.23873901
v 8.69999981 -130.18960571 131.03385925
v 9.00000000 -129.70266724 131.49938965
v 8.69999981 -129.43408203 131.23629761
v 9.00000000 -128.90660095 131.53732300
v 8.69999981 -128.65298462 131.19535828
v 9.00000000 -128.13209534 131.34942627
v 8.69999981 -127.92276001 130.91505432
v 9.00000000 -127.44190979 130.95094299
v 8.69999981 -127.31489563 130.42282104
v 9.00000000 -126.89194489 130.37416077
v 8.69999981 -126.88889313 129.76683044
v 9.00000000 -126.52675629 129.66578674
v 8.69999981 -126.68645477 129.01132202
v 9.00000000 -126.37593079 128.88322449
v 8.69999981 -126.72738647 128.23020935
v 9.00000000 -126.45168304 128.08987427
v 9.00000000 -128.12181091 115.40402985
v 8.69999981 -128.42443848 115.33982086
v 9.00000000 -128.25396729 114.61810303
v 8.69999981 -128.58706665 114.57474518
v 9.00000000 -128.60220337 113.90124512
v 8.69999981 -128.97814941 113.89736176
v 9.00000000 -129.13827515 113.31153107
v 8.69999981 -129.55941772 113.37398529
v 9.00000000 -129.81880188 112.89673615
v 8.69999981 -130.27397156 113.05584717
v 9.00000000 -130.58860779 112.69046783
v 8.69999981 -131.05184937 112.97409058
v 9.00000000 -131.38534546 112.70943451
v 8.69999981 -131.81694031 113.13671112
v 9.00000000 -132.14445496 112.95209503
v 8.69999981 -132.49430847 113.52780151
v 9.00000000 -132.80445862 113.39879608
v 8.69999981 -133.01768494 114.10906219
v 9.00000000 -133.31188965 114.01335144
v 8.69999981 -133.33583069 114.82361603
v 9.00000000 -133.62561035 114.74597168
v 9.00000000 -107.80482483 106.67726898
v 8.69999981 -107.67803955 106.40538025
v 9.00000000 -106.81937408 106.99892426
v 8.69999981 -106.68215942 106.71937561
v 9.00000000 -105.78558350 107.07540131
v 8.69999981 -105.63894653 106.76493073
v 9.00000000 -104.76353455 106.90225220
v 8.69999981 -104.61948395 106.53891754
v 9.00000000 -103.81261444 106.48954010
v 8.69999981 -103.69326019 106.05675507
v 9.00000000 -102.98809814 105.86125183
v 8.69999981 -102.92338562 105.35129547
v 9.00000000 -102.33790588 105.05390167
v 8.69999981 -102.36233521 104.47061920
v 9.00000000 -101.89981079 104.11441040
v 8.69999981 -102.04833221 103.47473907
v 9.00000000 -101.69928741 103.09737396
v 8.69999981 -102.00278473 102.43152618
v 9.00000000 -101.74797821 102.06190491
v 8.69999981 -102.22879791 101.41207123
v 9.00000000 -102.04306030 101.06817627
v 8.69999981 -102.71096039 100.48583984
v 9.00000000 -102.56738281 100.17394257
v 8.69999981 -103.41641235 99.71597290
v 9.00000000 -103.29047394 99.43116760
v 8.69999981 -104.29709625 99.15491486
v 9.00000000 -104.17031097 98.88302612
v 9.00000000 -96.43699646 130.14999390
v 8.69999981 -96.69680786 130.00000000
v 9.00000000 -95.41110229 128.11779785
v 8.69999981 -95.68606567 127.99783325
v 9.00000000 -94.61918640 125.98352814
v 8.69999981 -94.90585327 125.89510345
v 9.00000000 -94.07121277 123.77400208
v 8.69999981 -94.36598206 123.71823120
v 9.00000000 -93.77407837 121.51701355
v 8.69999981 -94.07323456 121.49459839
v 9.00000000 -93.73150635 119.24095154
v 8.69999981 -94.03129578 119.25217438
v 9.00000000 -93.94404602 116.97444153
v 8.69999981 -94.24069977 117.01914978
v 9.00000000 -94.40901947 114.74597168
v 8.69999981 -94.69879913 114.82361603
v 9.00000000 -92.07624817 101.76243591
v 8.69999981 -92.47593689 101.28704834
v 9.00000000 -92.34519958 100.73034668
v 8.69999981 -92.87554169 100.32232666
v 8.88740444 -92.84494019 100.01850128
v 8.69999981 -93.51121521 99.49389648
v 8.85000038 -93.40457153 99.38841248
v 8.88736153 -94.03544617 98.82791901
v 8.69999981 -94.33964539 98.85822296
v 9.00000000 -94.74766541 98.32788086
v 8.69999981 -95.30436707 98.45862579
v 9.00000000 -95.77975464 98.05892944
v 8.69999981 -96.33964539 98.32232666
v 9.00000000 -96.84629059 98.05227661
v 8.69999981 -97.37491608 98.45862579
v 9.00000000 -97.88166046 98.30832672
v 8.69999981 -98.33964539 98.85822296
v 9.00000000 -98.82215881 98.81132507
v 8.69999981 -99.16806793 99.49389648
v 9.00000000 -99.60993195 99.53033447
v 8.69999981 -99.80374146 100.32232666
v 9.00000000 -100.19650269 100.42110443
v 8.69999981 -100.20334625 101.28704834
v 9.00000000 -100.54579163 101.42884827
v 8.69999981 -100.33964539 102.32232666
v 9.00000000 -100.63631439 102.49156189
v 8.69999981 -100.20334625 103.35760498
v 9.00000000 -100.46248627 103.54386139
v 8.69999981 -99.80374146 104.32232666
v 9.00000000 -100.03501892 104.52100372
v 8.69999981 -99.16806793 105.15075684
v 9.00000000 -99.38020325 105.36288452
v 9.00000000 -98.53832245 106.01770020
v 8.69999981 -98.33964539 105.78643036
v 9.00000000 -97.56117249 106.44517517
v 8.69999981 -97.37491608 106.18602753
v 9.00000000 -96.50887299 106.61899567
v 8.69999981 -96.33964539 106.32232666
v 9.00000000 -95.44616699 106.52847290
v 8.69999981 -95.30436707 106.18602753
v 9.00000000 -94.43842316 106.17918396
v 8.69999981 -94.33964539 105.78643036
v 9.00000000 -93.54765320 105.59261322
v 8.69999981 -93.51121521 105.15075684
v 9.00000000 -92.82864380 104.80484009
v 8.69999981 -92.87554169 104.32232666
v 9.00000000 -92.32564545 103.86434174
v 8.69999981 -92.47593689 103.35760498
v 9.00000000 -92.06959534 102.82897949
v 8.69999981 -92.33964539 102.32232666
v -41.00000000 -133.62561035 271.25402832
v -40.70000076 -133.33583069 271.17639160
v -41.00000000 -134.09057617 269.02554321
v -40.70000076 -133.79393005 268.98083496
v -41.00000000 -134.30311584 266.75903320
v -40.70000076 -134.00332642 266.74783325
v -41.00000000 -134.26054382 264.48297119
v -40.70000076 -133.96139526 264.50540161
v -41.00000000 -133.96340942 262.22598267
v -40.70000076 -133.66864014 262.28176880
v -41.00000000 -133.41543579 260.01647949
v -40.70000076 -133.12876892 260.10488892
v -41.00000000 -132.62351990 257.88220215
v -40.70000076 -132.34855652 258.00216675
v -41.00000000 -131.59762573 255.84999084
v -40.70000076 -131.33781433 256.00000000
v -41.00000000 -123.86431885 287.11697388
v -40.70000076 -123.73753357 286.84506226
v -41.00000000 -124.74415588 286.56881714
v -40.70000076 -124.61820984 286.28402710
v -41.00000000 -125.46724701 285.82604980
v -40.70000076 -125.32366943 285.51416016
v -41.00000000 -125.99156952 284.93182373
v -40.70000076 -125.80583191 284.58792114
v -41.00000000 -126.28665161 283.93807983
v -40.70000076 -126.03183746 283.56848145
v -41.00000000 -126.33534241 282.90261841
v -40.70000076 -125.98628998 282.52523804
v -41.00000000 -126.13481903 281.88558960
v -40.70000076 -125.67229462 281.52935791
v -41.00000000 -125.69672394 280.94607544
v -40.70000076 -125.11123657 280.64868164
v -41.00000000 -125.04652405 280.13873291
v -40.70000076 -124.34136963 279.94323730
v -41.00000000 -124.22200775 279.51043701
v -40.70000076 -123.41513824 279.46105957
v -41.00000000 -123.27109528 279.09774780
v -40.70000076 -122.39568329 279.23507690
v -41.00000000 -122.24903870 278.92459106
v -40.70000076 -121.35247040 279.28060913
v -41.00000000 -121.21524811 279.00106812
v -40.70000076 -120.35659027 279.59460449
v -41.00000000 -120.22980499 279.32272339
v -41.00000000 -92.07624817 284.23754883
v -40.70000076 -92.47593689 284.71295166
v -41.00000000 -92.34519958 285.26965332
v -40.70000076 -92.87554169 285.67767334
v -40.88861847 -92.84120941 285.97546387
v -40.70000076 -93.51121521 286.50610352
v -40.84999847 -93.40515137 286.61215210
v -40.88861847 -94.04183960 287.17608643
v -40.70000076 -94.33964539 287.14175415
v -41.00000000 -94.74766541 287.67211914
v -40.70000076 -95.30436707 287.54138184
v -41.00000000 -95.77975464 287.94107056
v -40.70000076 -96.33964539 287.67767334
v -41.00000000 -96.84629059 287.94772339
v -40.70000076 -97.37491608 287.54138184
v -41.00000000 -97.88166046 287.69165039
v -40.70000076 -98.33964539 287.14175415
v -41.00000000 -98.82215881 287.18865967
v -40.70000076 -99.16806793 286.50610352
v -41.00000000 -99.60993195 286.46966553
v -40.70000076 -99.80374146 285.67767334
v -41.00000000 -100.19650269 285.57888794
v -40.70000076 -100.20334625 284.71295166
v -41.00000000 -100.54579163 284.57113647
v -40.70000076 -100.33964539 283.67767334
v -41.00000000 -100.63631439 283.50842285
v -40.70000076 -100.20334625 282.64239502
v -41.00000000 -100.46248627 282.45614624
v -40.70000076 -99.80374146 281.67767334
v -41.00000000 -100.03501892 281.47897339
v -40.70000076 -99.16806793 280.84924316
v -41.00000000 -99.38020325 280.63711548
v -41.00000000 -98.53832245 279.98229980
v -40.70000076 -98.33964539 280.21356201
v -41.00000000 -97.56117249 279.55480957
v -40.70000076 -97.37491608 279.81396484
v -41.00000000 -96.50887299 279.38101196
v -40.70000076 -96.33964539 279.67767334
v -41.00000000 -95.44616699 279.47152710
v -40.70000076 -95.30436707 279.81396484
v -41.00000000 -94.43842316 279.82080078
v -40.70000076 -94.33964539 280.21356201
v -41.00000000 -93.54765320 280.40737915
v -40.70000076 -93.51121521 280.84924316
v -41.00000000 -92.82864380 281.19515991
v -40.70000076 -92.87554169 281.67767334
v -41.00000000 -92.32564545 282.13565063
v -40.70000076 -92.47593689 282.64239502
v -41.00000000 -92.06959534 283.17102051
v -40.70000076 -92.33964539 283.67767334
v -41.00000000 -101.28674316 258.64999390
v -40.70000076 -101.02693176 258.50000000
v -41.00000000 -101.58293915 257.91012573
v -40.70000076 -101.30723572 257.76977539
v -41.00000000 -101.65869904 257.11676025
v -40.70000076 -101.34817505 256.98867798
v -41.00000000 -101.50787354 256.33419800
v -40.70000076 -101.14572906 256.23315430
v -41.00000000 -101.14268494 255.62583923
v -40.70000076 -100.71973419 255.57716370
v -41.00000000 -100.59271240 255.04904175
v -40.70000076 -100.11186981 255.08493042
v -41.00000000 -99.90252686 254.65055847
v -40.70000076 -99.38164520 254.80462646
v -41.00000000 -99.12802887 254.46267700
v -40.70000076 -98.60054779 254.76368713
v -41.00000000 -98.33196259 254.50059509
v -40.70000076 -97.84502411 254.96612549
v -41.00000000 -97.57883453 254.76126099
v -40.70000076 -97.18904114 255.39213562
v -41.00000000 -96.92964935 255.22354126
v -40.70000076 -96.69680786 256.00000000
v -41.00000000 -96.43699646 255.84999084
v -40.70000076 -100.15911865 260.25973511
v -41.00000000 -100.43628693 260.37454224
v -40.70000076 -99.52842712 262.11770630
v -41.00000000 -99.81820679 262.19534302
v -40.70000076 -99.14563751 264.04211426
v -41.00000000 -99.44307709 264.08126831
v -40.70000076 -99.01731110 266.00000000
v -41.00000000 -99.31731415 266.00000000
v -40.70000076 -99.14563751 267.95788574
v -41.00000000 -99.44307709 267.91873169
v -40.70000076 -99.52842712 269.88229370
v -41.00000000 -99.81820679 269.80462646
v -41.00000000 -94.40901947 271.25402832
v -40.70000076 -94.69879913 271.17639160
v -41.00000000 -94.72274017 271.98663330
v -40.70000076 -95.01693726 271.89093018
v -41.00000000 -95.23016357 272.60119629
v -40.70000076 -95.54031372 272.47219849
v -41.00000000 -95.89016724 273.04788208
v -40.70000076 -96.21768951 272.86328125
v -41.00000000 -96.64928436 273.29055786
v -40.70000076 -96.98277283 273.02590942
v -41.00000000 -97.44602203 273.30953979
v -40.70000076 -97.76065826 272.94415283
v -41.00000000 -98.21582794 273.10327148
v -40.70000076 -98.47521210 272.62600708
v -41.00000000 -98.89634705 272.68847656
v -40.70000076 -99.05647278 272.10263062
v -41.00000000 -99.43242645 272.09875488
v -40.70000076 -99.44756317 271.42526245
v -41.00000000 -99.78065491 271.38189697
v -40.70000076 -99.61018372 270.66015625
v -41.00000000 -99.91281891 270.59597778
v -0.69999999 -123.54231262 182.49778748
v -0.69999999 -124.15017700 182.00553894
v -0.69999999 -124.57617950 181.34956360
v -0.69999999 -124.77861786 180.59403992
v -0.69999999 -124.73767853 179.81294250
v -0.69999999 -124.45737457 179.08271790
v -0.69999999 -123.96514130 178.47485352
v -0.69999999 -123.30915833 178.04885864
v -0.69999999 -122.55363464 177.84640503
v -0.69999999 -121.77253723 177.88734436
v -0.69999999 -121.04231262 178.16764832
v -0.69999999 -121.04231262 150.33233643
v -0.69999999 -121.77253723 150.61264038
v -0.69999999 -122.55363464 150.65357971
v -0.69999999 -123.30915833 150.45114136
v -0.69999999 -123.96514130 150.02513123
v -0.69999999 -124.45737457 149.41728210
v -0.69999999 -124.73767853 148.68705750
v -0.69999999 -124.77861786 147.90596008
v -0.69999999 -124.57617950 147.15043640
v -0.69999999 -124.15017700 146.49444580
v -0.69999999 -123.54231262 146.00221252
v 9.00000000 -97.43331146 158.88043213
v 9.00000000 -97.56731415 158.25000000
v 8.69999981 -97.26731110 158.25000000
v 9.00000000 -97.43331146 157.61955261
v 8.69999981 -97.14352417 157.70764160
v 9.00000000 -97.05446625 157.09812927
v 8.69999981 -96.79667664 157.27270508
v 9.00000000 -96.49629211 156.77586365
v 8.69999981 -96.29546356 157.03134155
v 9.00000000 -95.85529327 156.70848083
v 8.69999981 -95.73915863 157.03134155
v 9.00000000 -95.24230957 156.90765381
v 8.69999981 -95.23795319 157.27270508
v 9.00000000 -94.76333618 157.33892822
v 8.69999981 -94.89110565 157.70764160
v 9.00000000 -94.50118256 157.92773438
v 8.69999981 -94.76731110 158.25000000
v 9.00000000 -94.50118256 158.57226562
v 8.69999981 -94.89110565 158.79235840
v 9.00000000 -94.76333618 159.16105652
v 8.69999981 -95.23795319 159.22727966
v 9.00000000 -95.24230957 159.59233093
v 8.69999981 -95.73915863 159.46865845
v 9.00000000 -95.85529327 159.79150391
v 8.69999981 -96.29546356 159.46865845
v 9.00000000 -96.49629211 159.72413635
v 8.69999981 -96.79667664 159.22727966
v 9.00000000 -97.05446625 159.40187073
v 8.69999981 -97.14352417 158.79235840
v -0.69999999 -94.76731110 158.25000000
v -0.69999999 -94.89110565 157.70764160
v -0.69999999 -95.23795319 157.27270508
v -0.69999999 -95.73915863 157.03134155
v -0.69999999 -96.29546356 157.03134155
v -0.69999999 -96.79667664 157.27270508
v -0.69999999 -97.14352417 157.70764160
v -0.69999999 -97.26731110 158.25000000
v -0.69999999 -97.14352417 158.79235840
v -0.69999999 -96.79667664 159.22727966
v -0.69999999 -96.29546356 159.46865845
v -0.69999999 -95.73915863 159.46865845
v -0.69999999 -95.23795319 159.22727966
v -0.69999999 -94.89110565 158.79235840
v 9.00000000 -133.43330383 158.88043213
v 9.00000000 -133.56730652 158.25000000
v 8.69999981 -133.26731873 158.25000000
v 9.00000000 -133.43330383 157.61955261
v 8.69999981 -133.14352417 157.70764160
v 9.00000000 -133.05445862 157.09812927
v 8.69999981 -132.79667664 157.27270508
v 9.00000000 -132.49629211 156.77586365
v 8.69999981 -132.29547119 157.03134155
v 9.00000000 -131.85530090 156.70848083
v 8.69999981 -131.73916626 157.03134155
v 9.00000000 -131.24230957 156.90765381
v 8.69999981 -131.23794556 157.27270508
v 9.00000000 -130.76333618 157.33892822
v 8.69999981 -130.89109802 157.70764160
v 9.00000000 -130.50119019 157.92773438
v 8.69999981 -130.76731873 158.25000000
v 9.00000000 -130.50119019 158.57226562
v 8.69999981 -130.89109802 158.79235840
v 9.00000000 -130.76333618 159.16105652
v 8.69999981 -131.23794556 159.22727966
v 9.00000000 -131.24230957 159.59233093
v 8.69999981 -131.73916626 159.46865845
v 9.00000000 -131.85530090 159.79150391
v 8.69999981 -132.29547119 159.46865845
v 9.00000000 -132.49629211 159.72413635
v 8.69999981 -132.79667664 159.22727966
v 9.00000000 -133.05445862 159.40187073
v 8.69999981 -133.14352417 158.79235840
v -0.69999999 -130.76731873 158.25000000
v -0.69999999 -130.89109802 157.70764160
v -0.69999999 -131.23794556 157.27270508
v -0.69999999 -131.73916626 157.03134155
v -0.69999999 -132.29547119 157.03134155
v -0.69999999 -132.79667664 157.27270508
v -0.69999999 -133.14352417 157.70764160
v -0.69999999 -133.26731873 158.25000000
v -0.69999999 -133.14352417 158.79235840
v -0.69999999 -132.79667664 159.22727966
v -0.69999999 -132.29547119 159.46865845
v -0.69999999 -131.73916626 159.46865845
v -0.69999999 -131.23794556 159.22727966
v -0.69999999 -130.89109802 158.79235840
v 9.00000000 -97.43331146 108.88043976
v 9.00000000 -97.56731415 108.24999237
v 8.69999981 -97.26731110 108.24999237
v 9.00000000 -97.43331146 107.61955261
v 8.69999981 -97.14352417 107.70764160
v 9.00000000 -97.05446625 107.09812164
v 8.69999981 -96.79667664 107.27270508
v 9.00000000 -96.49629211 106.77585602
v 8.69999981 -96.29546356 107.03133392
v 9.00000000 -95.85529327 106.70848846
v 8.69999981 -95.73915863 107.03133392
v 9.00000000 -95.24230957 106.90765381
v 8.69999981 -95.23795319 107.27270508
v 9.00000000 -94.76333618 107.33892822
v 8.69999981 -94.89110565 107.70764160
v 9.00000000 -94.50118256 107.92773438
v 8.69999981 -94.76731110 108.24999237
v 9.00000000 -94.50118256 108.57225800
v 8.69999981 -94.89110565 108.79235077
v 9.00000000 -94.76333618 109.16106415
v 8.69999981 -95.23795319 109.22728729
v 9.00000000 -95.24230957 109.59233856
v 8.69999981 -95.73915863 109.46865845
v 9.00000000 -95.85529327 109.79150391
v 8.69999981 -96.29546356 109.46865845
v 9.00000000 -96.49629211 109.72413635
v 8.69999981 -96.79667664 109.22728729
v 9.00000000 -97.05446625 109.40187073
v 8.69999981 -97.14352417 108.79235077
v -0.69999999 -94.76731110 108.24999237
v -0.69999999 -94.89110565 107.70764160
v -0.69999999 -95.23795319 107.27270508
v -0.69999999 -95.73915863 107.03133392
v -0.69999999 -96.29546356 107.03133392
v -0.69999999 -96.79667664 107.27270508
v -0.69999999 -97.14352417 107.70764160
v -0.69999999 -97.26731110 108.24999237
v -0.69999999 -97.14352417 108.79235077
v -0.69999999 -96.79667664 109.22728729
v -0.69999999 -96.29546356 109.46865845
v -0.69999999 -95.73915863 109.46865845
v -0.69999999 -95.23795319 109.22728729
v -0.69999999 -94.89110565 108.79235077
v 9.00000000 -133.43330383 108.88043976
v 9.00000000 -133.56730652 108.24999237
v 8.69999981 -133.26731873 108.24999237
v 9.00000000 -133.43330383 107.61955261
v 8.69999981 -133.14352417 107.70764160
v 9.00000000 -133.05445862 107.09812164
v 8.69999981 -132.79667664 107.27270508
v 9.00000000 -132.49629211 106.77585602
v 8.69999981 -132.29547119 107.03133392
v 9.00000000 -131.85530090 106.70848846
v 8.69999981 -131.73916626 107.03133392
v 9.00000000 -131.24230957 106.90765381
v 8.69999981 -131.23794556 107.27270508
v 9.00000000 -130.76333618 107.33892822
v 8.69999981 -130.89109802 107.70764160
v 9.00000000 -130.50119019 107.92773438
v 8.69999981 -130.76731873 108.24999237
v 9.00000000 -130.50119019 108.57225800
v 8.69999981 -130.89109802 108.79235077
v 9.00000000 -130.76333618 109.16106415
v 8.69999981 -131.23794556 109.22728729
v 9.00000000 -131.24230957 109.59233856
v 8.69999981 -131.73916626 109.46865845
v 9.00000000 -131.85530090 109.79150391
v 8.69999981 -132.29547119 109.46865845
v 9.00000000 -132.49629211 109.72413635
v 8.69999981 -132.79667664 109.22728729
v 9.00000000 -133.05445862 109.40187073
v 8.69999981 -133.14352417 108.79235077
v -0.69999999 -130.76731873 108.24999237
v -0.69999999 -130.89109802 107.70764160
v -0.69999999 -131.23794556 107.27270508
v -0.69999999 -131.73916626 107.03133392
v -0.69999999 -132.29547119 107.03133392
v -0.69999999 -132.79667664 107.27270508
v -0.69999999 -133.14352417 107.70764160
v -0.69999999 -133.26731873 108.24999237
v -0.69999999 -133.14352417 108.79235077
v -0.69999999 -132.79667664 109.22728729
v -0.69999999 -132.29547119 109.46865845
v -0.69999999 -131.73916626 109.46865845
v -0.69999999 -131.23794556 109.22728729
v -0.69999999 -130.89109802 108.79235077
v 9.00000000 -133.51330566 103.02674866
v 9.00000000 -133.64498901 102.32232666
v 8.69999981 -133.34498596 102.32232666
v 9.00000000 -133.51330566 101.61790466
v 8.69999981 -133.21939087 101.69090271
v 9.00000000 -133.13604736 101.00862122
v 8.69999981 -132.86170959 101.15560150
v 9.00000000 -132.56417847 100.57675934
v 8.69999981 -132.32641602 100.79792786
v 9.00000000 -131.87490845 100.38064575
v 8.69999981 -131.69497681 100.67232513
v 9.00000000 -131.16134644 100.44676971
v 8.69999981 -131.06355286 100.79792786
v 9.00000000 -130.51985168 100.76618958
v 8.69999981 -130.52825928 101.15560150
v 9.00000000 -130.03706360 101.29578400
v 8.69999981 -130.17057800 101.69090271
v 9.00000000 -129.77818298 101.96401215
v 8.69999981 -130.04498291 102.32232666
v 9.00000000 -129.77818298 102.68064117
v 8.69999981 -130.17057800 102.95375061
v 9.00000000 -130.03706360 103.34886932
v 8.69999981 -130.52825928 103.48905182
v 9.00000000 -130.51985168 103.87846375
v 8.69999981 -131.06355286 103.84672546
v 9.00000000 -131.16134644 104.19788361
v 8.69999981 -131.69497681 103.97232819
v 9.00000000 -131.87490845 104.26400757
v 8.69999981 -132.32641602 103.84672546
v 9.00000000 -132.56417847 104.06789398
v 8.69999981 -132.86170959 103.48905182
v 9.00000000 -133.13604736 103.63603210
v 8.69999981 -133.21939087 102.95375061
v -1.00000000 -129.87666321 103.02674866
v -1.00000000 -129.74497986 102.32232666
v -0.69999999 -130.04498291 102.32232666
v -1.00000000 -129.87666321 101.61790466
v -0.69999999 -130.17057800 101.69090271
v -1.00000000 -130.25392151 101.00862122
v -0.69999999 -130.52825928 101.15560150
v -1.00000000 -130.82579041 100.57675934
v -0.69999999 -131.06355286 100.79792786
v -1.00000000 -131.51506042 100.38064575
v -0.69999999 -131.69497681 100.67232513
v -1.00000000 -132.22862244 100.44676971
v -0.69999999 -132.32641602 100.79792786
v -1.00000000 -132.87011719 100.76618958
v -0.69999999 -132.86170959 101.15560150
v -1.00000000 -133.35290527 101.29578400
v -0.69999999 -133.21939087 101.69090271
v -1.00000000 -133.61178589 101.96401215
v -0.69999999 -133.34498596 102.32232666
v -1.00000000 -133.61178589 102.68064117
v -0.69999999 -133.21939087 102.95375061
v -1.00000000 -133.35290527 103.34886932
v -0.69999999 -132.86170959 103.48905182
v -1.00000000 -132.87011719 103.87846375
v -0.69999999 -132.32641602 103.84672546
v -1.00000000 -132.22862244 104.19788361
v -0.69999999 -131.69497681 103.97232819
v -1.00000000 -131.51506042 104.26400757
v -0.69999999 -131.06355286 103.84672546
v -1.00000000 -130.82579041 104.06789398
v -0.69999999 -130.52825928 103.48905182
v -1.00000000 -130.25392151 103.63603210
v -0.69999999 -130.17057800 102.95375061
v 9.00000000 -98.15796661 138.38208008
v 9.00000000 -98.28964233 137.67767334
v 8.69999981 -97.98964691 137.67767334
v 9.00000000 -98.15796661 136.97325134
v 8.69999981 -97.86404419 137.04623413
v 9.00000000 -97.78070831 136.36395264
v 8.69999981 -97.50637054 136.51094055
v 9.00000000 -97.20883179 135.93209839
v 8.69999981 -96.97106934 136.15325928
v 9.00000000 -96.51956940 135.73597717
v 8.69999981 -96.33964539 136.02766418
v 9.00000000 -95.80599976 135.80210876
v 8.69999981 -95.70821381 136.15325928
v 9.00000000 -95.16450500 136.12153625
v 8.69999981 -95.17292023 136.51094055
v 9.00000000 -94.68171692 136.65112305
v 8.69999981 -94.81523895 137.04623413
v 9.00000000 -94.42284393 137.31935120
v 8.69999981 -94.68964386 137.67767334
v 9.00000000 -94.42284393 138.03598022
v 8.69999981 -94.81523895 138.30909729
v 9.00000000 -94.68171692 138.70420837
v 8.69999981 -95.17292023 138.84439087
v 9.00000000 -95.16450500 139.23379517
v 8.69999981 -95.70821381 139.20207214
v 9.00000000 -95.80599976 139.55322266
v 8.69999981 -96.33964539 139.32766724
v 9.00000000 -96.51956940 139.61935425
v 8.69999981 -96.97106934 139.20207214
v 9.00000000 -97.20883179 139.42323303
v 8.69999981 -97.50637054 138.84439087
v 9.00000000 -97.78070831 138.99137878
v 8.69999981 -97.86404419 138.30909729
v -0.69999999 -94.68964386 137.67767334
v -0.69999999 -94.81523895 137.04623413
v -0.69999999 -95.17292023 136.51094055
v -0.69999999 -95.70821381 136.15325928
v -0.69999999 -96.33964539 136.02766418
v -0.69999999 -96.97106934 136.15325928
v -0.69999999 -97.50637054 136.51094055
v -0.69999999 -97.86404419 137.04623413
v -0.69999999 -97.98964691 137.67767334
v -0.69999999 -97.86404419 138.30909729
v -0.69999999 -97.50637054 138.84439087
v -0.69999999 -96.97106934 139.20207214
v -0.69999999 -96.33964539 139.32766724
v -0.69999999 -95.70821381 139.20207214
v -0.69999999 -95.17292023 138.84439087
v -0.69999999 -94.81523895 138.30909729
v -31.29999924 -133.26731873 277.75000000
v -31.29999924 -133.14352417 277.20764160
v -31.29999924 -132.79667664 276.77270508
v -31.29999924 -132.29547119 276.53134155
v -31.29999924 -131.73916626 276.53134155
v -31.29999924 -131.23794556 276.77270508
v -31.29999924 -130.89109802 277.20764160
v -31.29999924 -130.76731873 277.75000000
v -31.29999924 -130.89109802 278.29235840
v -31.29999924 -131.23794556 278.72729492
v -31.29999924 -131.73916626 278.96865845
v -31.29999924 -132.29547119 278.96865845
v -31.29999924 -132.79667664 278.72729492
v -31.29999924 -133.14352417 278.29235840
v -41.00000000 -130.60131836 278.38043213
v -41.00000000 -130.46731567 277.75000000
v -40.70000076 -130.76731873 277.75000000
v -41.00000000 -130.60131836 277.11956787
v -40.70000076 -130.89109802 277.20764160
v -41.00000000 -130.98016357 276.59811401
v -40.70000076 -131.23794556 276.77270508
v -41.00000000 -131.53833008 276.27584839
v -40.70000076 -131.73916626 276.53134155
v -41.00000000 -132.17933655 276.20849609
v -40.70000076 -132.29547119 276.53134155
v -41.00000000 -132.79231262 276.40765381
v -40.70000076 -132.79667664 276.77270508
v -41.00000000 -133.27128601 276.83892822
v -40.70000076 -133.14352417 277.20764160
v -41.00000000 -133.53344727 277.42773438
v -40.70000076 -133.26731873 277.75000000
v -41.00000000 -133.53344727 278.07226562
v -40.70000076 -133.14352417 278.29235840
v -41.00000000 -133.27128601 278.66107178
v -40.70000076 -132.79667664 278.72729492
v -41.00000000 -132.79231262 279.09234619
v -40.70000076 -132.29547119 278.96865845
v -41.00000000 -132.17933655 279.29150391
v -40.70000076 -131.73916626 278.96865845
v -41.00000000 -131.53833008 279.22412109
v -40.70000076 -131.23794556 278.72729492
v -41.00000000 -130.98016357 278.90185547
v -40.70000076 -130.89109802 278.29235840
v -41.00000000 -129.87666321 284.38208008
v -41.00000000 -129.74497986 283.67767334
v -40.70000076 -130.04498291 283.67767334
v -41.00000000 -129.87666321 282.97323608
v -40.70000076 -130.17057800 283.04623413
v -41.00000000 -130.25392151 282.36395264
v -40.70000076 -130.52825928 282.51092529
v -41.00000000 -130.82579041 281.93209839
v -40.70000076 -131.06355286 282.15325928
v -41.00000000 -131.51506042 281.73599243
v -40.70000076 -131.69497681 282.02767944
v -41.00000000 -132.22862244 281.80209351
v -40.70000076 -132.32641602 282.15325928
v -41.00000000 -132.87011719 282.12152100
v -40.70000076 -132.86170959 282.51092529
v -41.00000000 -133.35290527 282.65112305
v -40.70000076 -133.21939087 283.04623413
v -41.00000000 -133.61178589 283.31936646
v -40.70000076 -133.34498596 283.67767334
v -41.00000000 -133.61178589 284.03598022
v -40.70000076 -133.21939087 284.30908203
v -41.00000000 -133.35290527 284.70422363
v -40.70000076 -132.86170959 284.84439087
v -41.00000000 -132.87011719 285.23379517
v -40.70000076 -132.32641602 285.20205688
v -41.00000000 -132.22862244 285.55322266
v -40.70000076 -131.69497681 285.32766724
v -41.00000000 -131.51506042 285.61935425
v -40.70000076 -131.06355286 285.20205688
v -41.00000000 -130.82579041 285.42324829
v -40.70000076 -130.52825928 284.84439087
v -41.00000000 -130.25392151 284.99136353
v -40.70000076 -130.17057800 284.30908203
v -31.00000000 -133.51330566 284.38208008
v -31.00000000 -133.64498901 283.67767334
v -31.29999924 -133.34498596 283.67767334
v -31.00000000 -133.51330566 282.97323608
v -31.29999924 -133.21939087 283.04623413
v -31.00000000 -133.13604736 282.36395264
v -31.29999924 -132.86170959 282.51092529
v -31.00000000 -132.56417847 281.93209839
v -31.29999924 -132.32641602 282.15325928
v -31.00000000 -131.87490845 281.73599243
v -31.29999924 -131.69497681 282.02767944
v -31.00000000 -131.16134644 281.80209351
v -31.29999924 -131.06355286 282.15325928
v -31.00000000 -130.51985168 282.12152100
v -31.29999924 -130.52825928 282.51092529
v -31.00000000 -130.03706360 282.65112305
v -31.29999924 -130.17057800 283.04623413
v -31.00000000 -129.77818298 283.31936646
v -31.29999924 -130.04498291 283.67767334
v -31.00000000 -129.77818298 284.03598022
v -31.29999924 -130.17057800 284.30908203
v -31.00000000 -130.03706360 284.70422363
v -31.29999924 -130.52825928 284.84439087
v -31.00000000 -130.51985168 285.23379517
v -31.29999924 -131.06355286 285.20205688
v -31.00000000 -131.16134644 285.55322266
v -31.29999924 -131.69497681 285.32766724
v -31.00000000 -131.87490845 285.61935425
v -31.29999924 -132.32641602 285.20205688
v -31.00000000 -132.56417847 285.42324829
v -31.29999924 -132.86170959 284.84439087
v -31.00000000 -133.13604736 284.99136353
v -31.29999924 -133.21939087 284.30908203
v -31.29999924 -97.26731110 277.75000000
v -31.29999924 -97.14352417 277.20764160
v -31.29999924 -96.79667664 276.77270508
v -31.29999924 -96.29546356 276.53134155
v -31.29999924 -95.73915863 276.53134155
v -31.29999924 -95.23795319 276.77270508
v -31.29999924 -94.89110565 277.20764160
v -31.29999924 -94.76731110 277.75000000
v -31.29999924 -94.89110565 278.29235840
v -31.29999924 -95.23795319 278.72729492
v -31.29999924 -95.73915863 278.96865845
v -31.29999924 -96.29546356 278.96865845
v -31.29999924 -96.79667664 278.72729492
v -31.29999924 -97.14352417 278.29235840
v -41.00000000 -94.60131836 278.38043213
v -41.00000000 -94.46731567 277.75000000
v -40.70000076 -94.76731110 277.75000000
v -41.00000000 -94.60131836 277.11956787
v -40.70000076 -94.89110565 277.20764160
v -41.00000000 -94.98016357 276.59811401
v -40.70000076 -95.23795319 276.77270508
v -41.00000000 -95.53833771 276.27584839
v -40.70000076 -95.73915863 276.53134155
v -41.00000000 -96.17932892 276.20849609
v -40.70000076 -96.29546356 276.53134155
v -41.00000000 -96.79231262 276.40765381
v -40.70000076 -96.79667664 276.77270508
v -41.00000000 -97.27128601 276.83892822
v -40.70000076 -97.14352417 277.20764160
v -41.00000000 -97.53343964 277.42773438
v -40.70000076 -97.26731110 277.75000000
v -41.00000000 -97.53343964 278.07226562
v -40.70000076 -97.14352417 278.29235840
v -41.00000000 -97.27128601 278.66107178
v -40.70000076 -96.79667664 278.72729492
v -41.00000000 -96.79231262 279.09234619
v -40.70000076 -96.29546356 278.96865845
v -41.00000000 -96.17932892 279.29150391
v -40.70000076 -95.73915863 278.96865845
v -41.00000000 -95.53833771 279.22412109
v -40.70000076 -95.23795319 278.72729492
v -41.00000000 -94.98016357 278.90185547
v -40.70000076 -94.89110565 278.29235840
v -41.00000000 -94.52132416 249.02674866
v -41.00000000 -94.38964081 248.32232666
v -40.70000076 -94.68964386 248.32232666
v -41.00000000 -94.52132416 247.61790466
v -40.70000076 -94.81523895 247.69090271
v -41.00000000 -94.89857483 247.00862122
v -40.70000076 -95.17292023 247.15559387
v -41.00000000 -95.47045135 246.57675171
v -40.70000076 -95.70821381 246.79792786
v -41.00000000 -96.15972137 246.38064575
v -40.70000076 -96.33964539 246.67233276
v -41.00000000 -96.87328339 246.44676208
v -40.70000076 -96.97106934 246.79792786
v -41.00000000 -97.51477814 246.76618958
v -40.70000076 -97.50637054 247.15559387
v -41.00000000 -97.99756622 247.29577637
v -40.70000076 -97.86404419 247.69090271
v -41.00000000 -98.25643921 247.96401978
v -40.70000076 -97.98964691 248.32232666
v -41.00000000 -98.25643921 248.68063354
v -40.70000076 -97.86404419 248.95375061
v -41.00000000 -97.99756622 249.34887695
v -40.70000076 -97.50637054 249.48905945
v -41.00000000 -97.51477814 249.87846375
v -40.70000076 -96.97106934 249.84672546
v -41.00000000 -96.87328339 250.19789124
v -40.70000076 -96.33964539 249.97232056
v -41.00000000 -96.15972137 250.26400757
v -40.70000076 -95.70821381 249.84672546
v -41.00000000 -95.47045135 250.06790161
v -40.70000076 -95.17292023 249.48905945
v -41.00000000 -94.89857483 249.63603210
v -40.70000076 -94.81523895 248.95375061
v -31.29999924 -97.98964691 248.32232666
v -31.29999924 -97.86404419 247.69090271
v -31.29999924 -97.50637054 247.15559387
v -31.29999924 -96.97106934 246.79792786
v -31.29999924 -96.33964539 246.67233276
v -31.29999924 -95.70821381 246.79792786
v -31.29999924 -95.17292023 247.15559387
v -31.29999924 -94.81523895 247.69090271
v -31.29999924 -94.68964386 248.32232666
v -31.29999924 -94.81523895 248.95375061
v -31.29999924 -95.17292023 249.48905945
v -31.29999924 -95.70821381 249.84672546
v -31.29999924 -96.33964539 249.97232056
v -31.29999924 -96.97106934 249.84672546
v -31.29999924 -97.50637054 249.48905945
v -31.29999924 -97.86404419 248.95375061
v -31.29999924 -133.26731873 227.75000000
v -31.29999924 -133.14352417 227.20764160
v -31.29999924 -132.79667664 226.77270508
v -31.29999924 -132.29547119 226.53134155
v -31.29999924 -131.73916626 226.53134155
v -31.29999924 -131.23794556 226.77270508
v -31.29999924 -130.89109802 227.20764160
v -31.29999924 -130.76731873 227.75000000
v -31.29999924 -130.89109802 228.29235840
v -31.29999924 -131.23794556 228.72727966
v -31.29999924 -131.73916626 228.96865845
v -31.29999924 -132.29547119 228.96865845
v -31.29999924 -132.79667664 228.72727966
v -31.29999924 -133.14352417 228.29235840
v -41.00000000 -130.60131836 228.38043213
v -41.00000000 -130.46731567 227.75000000
v -40.70000076 -130.76731873 227.75000000
v -41.00000000 -130.60131836 227.11955261
v -40.70000076 -130.89109802 227.20764160
v -41.00000000 -130.98016357 226.59812927
v -40.70000076 -131.23794556 226.77270508
v -41.00000000 -131.53833008 226.27586365
v -40.70000076 -131.73916626 226.53134155
v -41.00000000 -132.17933655 226.20848083
v -40.70000076 -132.29547119 226.53134155
v -41.00000000 -132.79231262 226.40765381
v -40.70000076 -132.79667664 226.77270508
v -41.00000000 -133.27128601 226.83892822
v -40.70000076 -133.14352417 227.20764160
v -41.00000000 -133.53344727 227.42773438
v -40.70000076 -133.26731873 227.75000000
v -41.00000000 -133.53344727 228.07226562
v -40.70000076 -133.14352417 228.29235840
v -41.00000000 -133.27128601 228.66105652
v -40.70000076 -132.79667664 228.72727966
v -41.00000000 -132.79231262 229.09233093
v -40.70000076 -132.29547119 228.96865845
v -41.00000000 -132.17933655 229.29150391
v -40.70000076 -131.73916626 228.96865845
v -41.00000000 -131.53833008 229.22413635
v -40.70000076 -131.23794556 228.72727966
v -41.00000000 -130.98016357 228.90187073
v -40.70000076 -130.89109802 228.29235840
v -31.29999924 -97.26731110 227.75000000
v -31.29999924 -97.14352417 227.20764160
v -31.29999924 -96.79667664 226.77270508
v -31.29999924 -96.29546356 226.53134155
v -31.29999924 -95.73915863 226.53134155
v -31.29999924 -95.23795319 226.77270508
v -31.29999924 -94.89110565 227.20764160
v -31.29999924 -94.76731110 227.75000000
v -31.29999924 -94.89110565 228.29235840
v -31.29999924 -95.23795319 228.72727966
v -31.29999924 -95.73915863 228.96865845
v -31.29999924 -96.29546356 228.96865845
v -31.29999924 -96.79667664 228.72727966
v -31.29999924 -97.14352417 228.29235840
v -41.00000000 -94.60131836 228.38043213
v -41.00000000 -94.46731567 227.75000000
v -40.70000076 -94.76731110 227.75000000
v -41.00000000 -94.60131836 227.11955261
v -40.70000076 -94.89110565 227.20764160
v -41.00000000 -94.98016357 226.59812927
v -40.70000076 -95.23795319 226.77270508
v -41.00000000 -95.53833771 226.27586365
v -40.70000076 -95.73915863 226.53134155
v -41.00000000 -96.17932892 226.20848083
v -40.70000076 -96.29546356 226.53134155
v -41.00000000 -96.79231262 226.40765381
v -40.70000076 -96.79667664 226.77270508
v -41.00000000 -97.27128601 226.83892822
v -40.70000076 -97.14352417 227.20764160
v -41.00000000 -97.53343964 227.42773438
v -40.70000076 -97.26731110 227.75000000
v -41.00000000 -97.53343964 228.07226562
v -40.70000076 -97.14352417 228.29235840
v -41.00000000 -97.27128601 228.66105652
v -40.70000076 -96.79667664 228.72727966
v -41.00000000 -96.79231262 229.09233093
v -40.70000076 -96.29546356 228.96865845
v -41.00000000 -96.17932892 229.29150391
v -40.70000076 -95.73915863 228.96865845
v -41.00000000 -95.53833771 229.22413635
v -40.70000076 -95.23795319 228.72727966
v -41.00000000 -94.98016357 228.90187073
v -40.70000076 -94.89110565 228.29235840
v -36.29999924 -127.83127594 247.28704834
v -36.00000000 -128.12106323 247.36470032
v -36.29999924 -127.69498444 248.32232666
v -36.00000000 -127.99497986 248.32232666
v -36.29999924 -127.83127594 249.35760498
v -36.00000000 -128.12106323 249.27995300
v -36.29999924 -128.23088074 250.32232666
v -36.00000000 -128.49069214 250.17233276
v -36.29999924 -128.86656189 251.15075684
v -36.00000000 -129.07868958 250.93862915
v -36.29999924 -129.69497681 251.78642273
v -36.00000000 -129.84498596 251.52662659
v -36.29999924 -130.65971375 252.18603516
v -36.00000000 -130.73735046 251.89625549
v -36.29999924 -131.69497681 252.32232666
v -36.00000000 -131.69497681 252.02232361
v -36.29999924 -132.73025513 252.18603516
v -36.00000000 -132.65261841 251.89625549
v -36.29999924 -133.69497681 251.78642273
v -36.00000000 -133.54498291 251.52662659
v -36.29999924 -134.52340698 251.15075684
v -36.00000000 -134.31127930 250.93862915
v -36.29999924 -135.15908813 250.32232666
v -36.00000000 -134.89927673 250.17233276
v -36.29999924 -135.55868530 249.35760498
v -36.00000000 -135.26890564 249.27995300
v -36.29999924 -135.69497681 248.32232666
v -36.00000000 -135.39498901 248.32232666
v -36.29999924 -135.55868530 247.28704834
v -36.00000000 -135.26890564 247.36470032
v -36.29999924 -135.15908813 246.32232666
v -36.00000000 -134.89927673 246.47232056
v -36.29999924 -134.52340698 245.49389648
v -36.00000000 -134.31127930 245.70602417
v -36.29999924 -133.69497681 244.85823059
v -36.00000000 -133.54498291 245.11802673
v -36.29999924 -132.73025513 244.45861816
v -36.00000000 -132.65261841 244.74839783
v -36.29999924 -131.69497681 244.32232666
v -36.00000000 -131.69497681 244.62232971
v -36.29999924 -130.65971375 244.45861816
v -36.00000000 -130.73735046 244.74839783
v -36.29999924 -129.69497681 244.85823059
v -36.00000000 -129.84498596 245.11802673
v -36.29999924 -128.86656189 245.49389648
v -36.00000000 -129.07868958 245.70602417
v -36.29999924 -128.23088074 246.32232666
v -36.00000000 -128.49069214 246.47232056
v -41.00000000 -127.53007507 249.39169312
v -41.00000000 -127.39498138 248.32232666
v -40.70000076 -127.69498444 248.32232666
v -41.00000000 -127.53007507 247.25296021
v -40.70000076 -127.83127594 247.28704834
v -41.00000000 -127.92686462 246.25079346
v -40.70000076 -128.23088074 246.32232666
v -41.00000000 -128.56042480 245.37876892
v -40.70000076 -128.86656189 245.49389648
v -41.00000000 -129.39093018 244.69171143
v -40.70000076 -129.69497681 244.85823059
v -41.00000000 -130.36621094 244.23278809
v -40.70000076 -130.65971375 244.45861816
v -41.00000000 -131.42498779 244.03080750
v -40.70000076 -131.69497681 244.32232666
v -41.00000000 -132.50071716 244.09849548
v -40.70000076 -132.73025513 244.45861816
v -41.00000000 -133.52583313 244.43156433
v -40.70000076 -133.69497681 244.85823059
v -41.00000000 -134.43591309 245.00912476
v -40.70000076 -134.52340698 245.49389648
v -41.00000000 -135.17375183 245.79484558
v -40.70000076 -135.15908813 246.32232666
v -41.00000000 -135.69302368 246.73939514
v -40.70000076 -135.55868530 247.28704834
v -41.00000000 -135.96107483 247.78338623
v -40.70000076 -135.69497681 248.32232666
v -41.00000000 -135.96107483 248.86126709
v -40.70000076 -135.55868530 249.35760498
v -41.00000000 -135.69302368 249.90525818
v -40.70000076 -135.15908813 250.32232666
v -41.00000000 -135.17375183 250.84980774
v -40.70000076 -134.52340698 251.15075684
v -41.00000000 -134.43591309 251.63552856
v -40.70000076 -133.69497681 251.78642273
v -41.00000000 -133.52583313 252.21308899
v -40.70000076 -132.73025513 252.18603516
v -41.00000000 -132.50071716 252.54615784
v -40.70000076 -131.69497681 252.32232666
v -41.00000000 -131.42498779 252.61384583
v -40.70000076 -130.65971375 252.18603516
v -41.00000000 -130.36621094 252.41186523
v -40.70000076 -129.69497681 251.78642273
v -41.00000000 -129.39093018 251.95294189
v -40.70000076 -128.86656189 251.15075684
v -41.00000000 -128.56042480 251.26588440
v -40.70000076 -128.23088074 250.32232666
v -41.00000000 -127.92686462 250.39385986
v -40.70000076 -127.83127594 249.35760498
v -38.50000000 -101.02693176 258.50000000
v -38.50000000 -101.30723572 257.76977539
v -38.50000000 -101.34817505 256.98867798
v -38.50000000 -101.14572906 256.23315430
v -38.50000000 -100.71973419 255.57716370
v -38.50000000 -100.11186981 255.08493042
v -38.50000000 -99.38164520 254.80462646
v -38.50000000 -98.60054779 254.76368713
v -38.50000000 -97.84502411 254.96612549
v -38.50000000 -97.18904114 255.39213562
v -38.50000000 -96.69680786 256.00000000
v -38.50000000 -94.69879913 271.17639160
v -38.50000000 -95.01693726 271.89093018
v -38.50000000 -95.54031372 272.47219849
v -38.50000000 -96.21768951 272.86328125
v -38.50000000 -96.98277283 273.02590942
v -38.50000000 -97.76065826 272.94415283
v -38.50000000 -98.47521210 272.62600708
v -38.50000000 -99.05647278 272.10263062
v -38.50000000 -99.44756317 271.42526245
v -38.50000000 -99.61018372 270.66015625
v -38.50000000 -99.52842712 269.88229370
v -40.70000076 -127.00769043 258.50000000
v -38.50000000 -127.00769043 258.50000000
v -40.70000076 -127.87550354 260.25973511
v -38.50000000 -127.87550354 260.25973511
v -40.70000076 -128.50619507 262.11770630
v -38.50000000 -128.50619507 262.11770630
v -40.70000076 -128.88899231 264.04211426
v -38.50000000 -128.88899231 264.04211426
v -40.70000076 -129.01731873 266.00000000
v -38.50000000 -129.01731873 266.00000000
v -40.70000076 -128.88899231 267.95788574
v -38.50000000 -128.88899231 267.95788574
v -40.70000076 -128.50619507 269.88229370
v -38.50000000 -128.50619507 269.88229370
v -38.50000000 -133.33583069 271.17639160
v -38.50000000 -133.79393005 268.98083496
v -38.50000000 -134.00332642 266.74783325
v -38.50000000 -133.96139526 264.50540161
v -38.50000000 -133.66864014 262.28176880
v -38.50000000 -133.12876892 260.10488892
v -38.50000000 -132.34855652 258.00216675
v -38.50000000 -131.33781433 256.00000000
v 6.50000000 -96.69680786 130.00000000
v 6.50000000 -95.68606567 127.99783325
v 6.50000000 -94.90585327 125.89510345
v 6.50000000 -94.36598206 123.71823120
v 6.50000000 -94.07323456 121.49459839
v 6.50000000 -94.03129578 119.25217438
v 6.50000000 -94.24069977 117.01914978
v 6.50000000 -94.69879913 114.82361603
v 8.69999981 -99.52842712 116.11771393
v 6.50000000 -99.52842712 116.11771393
v 8.69999981 -99.14563751 118.04210663
v 6.50000000 -99.14563751 118.04210663
v 8.69999981 -99.01731110 119.99999237
v 6.50000000 -99.01731110 119.99999237
v 8.69999981 -99.14563751 121.95788574
v 6.50000000 -99.14563751 121.95788574
v 8.69999981 -99.52842712 123.88227844
v 6.50000000 -99.52842712 123.88227844
v 8.69999981 -100.15911865 125.74024963
v 6.50000000 -100.15911865 125.74024963
v 8.69999981 -101.02693176 127.49999237
v 6.50000000 -101.02693176 127.49999237
v 6.50000000 -131.33781433 130.00000000
v 6.50000000 -130.84558105 130.60786438
v 6.50000000 -130.18960571 131.03385925
v 6.50000000 -129.43408203 131.23629761
v 6.50000000 -128.65298462 131.19535828
v 6.50000000 -127.92276001 130.91505432
v 6.50000000 -127.31489563 130.42282104
v 6.50000000 -126.88889313 129.76683044
v 6.50000000 -126.68645477 129.01132202
v 6.50000000 -126.72738647 128.23020935
v 6.50000000 -127.00769043 127.49999237
v 6.50000000 -128.50619507 116.11771393
v 6.50000000 -128.42443848 115.33982086
v 6.50000000 -128.58706665 114.57474518
v 6.50000000 -128.97814941 113.89736176
v 6.50000000 -129.55941772 113.37398529
v 6.50000000 -130.27397156 113.05584717
v 6.50000000 -131.05184937 112.97409058
v 6.50000000 -131.81694031 113.13671112
v 6.50000000 -132.49430847 113.52780151
v 6.50000000 -133.01768494 114.10906219
v 6.50000000 -133.33583069 114.82361603
v 4.00000000 -107.65036774 118.69155884
v 8.00000000 -107.65036774 118.69155884
v 4.00000000 -107.51731110 119.99999237
v 8.00000000 -107.51731110 119.99999237
v 4.00000000 -107.65036774 121.30843353
v 8.00000000 -107.65036774 121.30843353
v 4.00000000 -108.04409027 122.56330872
v 8.00000000 -108.04409027 122.56330872
v 4.00000000 -108.68235016 123.71324158
v 8.00000000 -108.68235016 123.71324158
v 4.00000000 -109.53902435 124.71115112
v 8.00000000 -109.53902435 124.71115112
v 4.00000000 -110.57904816 125.51618195
v 8.00000000 -110.57904816 125.51618195
v 4.00000000 -111.75982666 126.09538269
v 8.00000000 -111.75982666 126.09538269
v 4.00000000 -113.03303528 126.42504120
v 8.00000000 -113.03303528 126.42504120
v 4.00000000 -114.34653473 126.49165344
v 8.00000000 -114.34653473 126.49165344
v 4.00000000 -115.64655304 126.29249573
v 8.00000000 -115.64655304 126.29249573
v 4.00000000 -116.87987518 125.83572388
v 8.00000000 -116.87987518 125.83572388
v 4.00000000 -117.99600220 125.14003754
v 8.00000000 -117.99600220 125.14003754
v 4.00000000 -118.94924164 124.23391724
v 8.00000000 -118.94924164 124.23391724
v 4.00000000 -119.70056915 123.15445709
v 8.00000000 -119.70056915 123.15445709
v 4.00000000 -120.21921539 121.94585419
v 8.00000000 -120.21921539 121.94585419
v 4.00000000 -120.48396301 120.65759277
v 8.00000000 -120.48396301 120.65759277
v 4.00000000 -120.48396301 119.34239960
v 8.00000000 -120.48396301 119.34239960
v 4.00000000 -120.21921539 118.05413818
v 8.00000000 -120.21921539 118.05413818
v 4.00000000 -119.70056915 116.84553528
v 8.00000000 -119.70056915 116.84553528
v 4.00000000 -118.94924164 115.76607513
v 8.00000000 -118.94924164 115.76607513
v 4.00000000 -117.99600220 114.85995483
v 8.00000000 -117.99600220 114.85995483
v 4.00000000 -116.87987518 114.16426849
v 8.00000000 -116.87987518 114.16426849
v 4.00000000 -115.64655304 113.70749664
v 8.00000000 -115.64655304 113.70749664
v 4.00000000 -114.34653473 113.50833893
v 8.00000000 -114.34653473 113.50833893
v 4.00000000 -113.03303528 113.57495117
v 8.00000000 -113.03303528 113.57495117
v 4.00000000 -111.75982666 113.90460968
v 8.00000000 -111.75982666 113.90460968
v 4.00000000 -110.57904816 114.48381042
v 8.00000000 -110.57904816 114.48381042
v 4.00000000 -109.53902435 115.28884125
v 8.00000000 -109.53902435 115.28884125
v 4.00000000 -108.68235016 116.28675079
v 8.00000000 -108.68235016 116.28675079
v 4.00000000 -108.04409027 117.43668365
v 8.00000000 -108.04409027 117.43668365
v -40.00000000 -120.38425446 264.69155884
v -40.00000000 -120.51731110 266.00000000
v -40.00000000 -120.38425446 267.30844116
v -40.00000000 -119.99053955 268.56332397
v -40.00000000 -119.35227203 269.71322632
v -40.00000000 -118.49559784 270.71115112
v -40.00000000 -117.45558167 271.51617432
v -40.00000000 -116.27479553 272.09539795
v -40.00000000 -115.00159454 272.42504883
v -40.00000000 -113.68809509 272.49166870
v -40.00000000 -112.38806915 272.29251099
v -40.00000000 -111.15475464 271.83572388
v -40.00000000 -110.03862762 271.14004517
v -40.00000000 -109.08538818 270.23391724
v -40.00000000 -108.33406067 269.15444946
v -40.00000000 -107.81540680 267.94586182
v -40.00000000 -107.55065918 266.65759277
v -40.00000000 -107.55065918 265.34240723
v -40.00000000 -107.81540680 264.05413818
v -40.00000000 -108.33406067 262.84552002
v -40.00000000 -109.08538818 261.76608276
v -40.00000000 -110.03862762 260.85995483
v -40.00000000 -111.15475464 260.16427612
v -40.00000000 -112.38806915 259.70748901
v -40.00000000 -113.68809509 259.50833130
v -40.00000000 -115.00159454 259.57495117
v -40.00000000 -116.27479553 259.90460205
v -40.00000000 -117.45558167 260.48379517
v -40.00000000 -118.49559784 261.28884888
v -40.00000000 -119.35227203 262.28674316
v -40.00000000 -119.99053955 263.43667603
v -27.50000000 -94.89110565 195.20764160
v -27.50000000 -94.76731110 195.75000000
v -27.50000000 -94.89110565 196.29235840
v -27.50000000 -95.23795319 196.72727966
v -27.50000000 -95.73915863 196.96865845
v -27.50000000 -96.29546356 196.96865845
v -27.50000000 -96.79667664 196.72727966
v -27.50000000 -97.14352417 196.29235840
v -27.50000000 -97.26731110 195.75000000
v -27.50000000 -97.14352417 195.20764160
v -27.50000000 -96.79667664 194.77270508
v -27.50000000 -96.29546356 194.53134155
v -27.50000000 -95.73915863 194.53134155
v -27.50000000 -95.23795319 194.77270508
v -26.74892426 -96.01731110 195.75000000
v -27.50000000 -130.89109802 195.20764160
v -27.50000000 -130.76731873 195.75000000
v -27.50000000 -130.89109802 196.29235840
v -27.50000000 -131.23794556 196.72727966
v -27.50000000 -131.73916626 196.96865845
v -27.50000000 -132.29547119 196.96865845
v -27.50000000 -132.79667664 196.72727966
v -27.50000000 -133.14352417 196.29235840
v -27.50000000 -133.26731873 195.75000000
v -27.50000000 -133.14352417 195.20764160
v -27.50000000 -132.79667664 194.77270508
v -27.50000000 -132.29547119 194.53134155
v -27.50000000 -131.73916626 194.53134155
v -27.50000000 -131.23794556 194.77270508
v -26.74892426 -132.01731873 195.75000000
v -4.50000000 -133.14352417 189.70764160
v -4.50000000 -133.26731873 190.25000000
v -4.50000000 -133.14352417 190.79235840
v -4.50000000 -132.79667664 191.22727966
v -4.50000000 -132.29547119 191.46865845
v -4.50000000 -131.73916626 191.46865845
v -4.50000000 -131.23794556 191.22727966
v -4.50000000 -130.89109802 190.79235840
v -4.50000000 -130.76731873 190.25000000
v -4.50000000 -130.89109802 189.70764160
v -4.50000000 -131.23794556 189.27270508
v -4.50000000 -131.73916626 189.03134155
v -4.50000000 -132.29547119 189.03134155
v -4.50000000 -132.79667664 189.27270508
v -5.25107574 -132.01731873 190.25000000
v -4.50000000 -97.14352417 189.70764160
v -4.50000000 -97.26731110 190.25000000
v -4.50000000 -97.14352417 190.79235840
v -4.50000000 -96.79667664 191.22727966
v -4.50000000 -96.29546356 191.46865845
v -4.50000000 -95.73915863 191.46865845
v -4.50000000 -95.23795319 191.22727966
v -4.50000000 -94.89110565 190.79235840
v -4.50000000 -94.76731110 190.25000000
v -4.50000000 -94.89110565 189.70764160
v -4.50000000 -95.23795319 189.27270508
v -4.50000000 -95.73915863 189.03134155
v -4.50000000 -96.29546356 189.03134155
v -4.50000000 -96.79667664 189.27270508
v -5.25107574 -96.01731110 190.25000000
v -37.00000000 -106.99230957 207.83233643
v -37.00000000 -106.26209259 208.11264038
v -37.00000000 -105.48099518 208.15357971
v -37.00000000 -104.72547150 207.95114136
v -37.00000000 -104.06948853 207.52513123
v -37.00000000 -103.57724762 206.91728210
v -37.00000000 -103.29694366 206.18705750
v -37.00000000 -103.25601196 205.40596008
v -37.00000000 -103.45845032 204.65043640
v -37.00000000 -103.88445282 203.99444580
v -37.00000000 -104.49230957 203.50221252
v -37.00000000 -104.49230957 239.99778748
v -37.00000000 -103.88445282 239.50553894
v -37.00000000 -103.45845032 238.84956360
v -37.00000000 -103.25601196 238.09403992
v -37.00000000 -103.29694366 237.31294250
v -37.00000000 -103.57724762 236.58271790
v -37.00000000 -104.06948853 235.97485352
v -37.00000000 -104.72547150 235.54885864
v -37.00000000 -105.48099518 235.34640503
v -37.00000000 -106.26209259 235.38734436
v -37.00000000 -106.99230957 235.66764832
v 5.00000000 -123.54231262 182.49778748
v 5.00000000 -124.15017700 182.00553894
v 5.00000000 -124.57617950 181.34956360
v 5.00000000 -124.77861786 180.59403992
v 5.00000000 -124.73767853 179.81294250
v 5.00000000 -124.45737457 179.08271790
v 5.00000000 -123.96514130 178.47485352
v 5.00000000 -123.30915833 178.04885864
v 5.00000000 -122.55363464 177.84640503
v 5.00000000 -121.77253723 177.88734436
v 5.00000000 -121.04231262 178.16764832
v 5.00000000 -121.04231262 150.33233643
v 5.00000000 -121.77253723 150.61264038
v 5.00000000 -122.55363464 150.65357971
v 5.00000000 -123.30915833 150.45114136
v 5.00000000 -123.96514130 150.02513123
v 5.00000000 -124.45737457 149.41728210
v 5.00000000 -124.73767853 148.68705750
v 5.00000000 -124.77861786 147.90596008
v 5.00000000 -124.57617950 147.15043640
v 5.00000000 -124.15017700 146.49444580
v 5.00000000 -123.54231262 146.00221252
v -38.50000000 -123.73753357 286.84506226
v -38.50000000 -124.61820984 286.28402710
v -38.50000000 -125.32366943 285.51416016
v -38.50000000 -125.80583191 284.58792114
v -38.50000000 -126.03183746 283.56848145
v -38.50000000 -125.98628998 282.52523804
v -38.50000000 -125.67229462 281.52935791
v -38.50000000 -125.11123657 280.64868164
v -38.50000000 -124.34136963 279.94323730
v -38.50000000 -123.41513824 279.46105957
v -38.50000000 -122.39568329 279.23507690
v -38.50000000 -121.35247040 279.28060913
v -38.50000000 -120.35659027 279.59460449
v 6.50000000 -107.67803955 106.40538025
v 6.50000000 -106.68215942 106.71937561
v 6.50000000 -105.63894653 106.76493073
v 6.50000000 -104.61948395 106.53891754
v 6.50000000 -103.69326019 106.05675507
v 6.50000000 -102.92338562 105.35129547
v 6.50000000 -102.36233521 104.47061920
v 6.50000000 -102.04833221 103.47473907
v 6.50000000 -102.00278473 102.43152618
v 6.50000000 -102.22879791 101.41207123
v 6.50000000 -102.71096039 100.48583984
v 6.50000000 -103.41641235 99.71597290
v 6.50000000 -104.29709625 99.15491486
v -0.93301272 -88.86799622 160.82919312
v -0.93301272 -88.77429199 161.54093933
v -0.93301272 -88.86799622 162.25270081
v -0.93301272 -89.14272308 162.91593933
v -0.75000000 -88.98423004 163.00744629
v -0.75000000 -88.69122314 162.30006409
v -0.75000000 -88.59127808 161.54093933
v -0.75000000 -88.69122314 160.78182983
v -0.50000000 -88.52429199 161.54093933
v -0.50000000 -88.62651825 160.76448059
v -0.50000000 -88.92621613 163.04093933
v -0.50000000 -88.62651825 162.31739807
v 8.50000000 -88.62651825 160.76448059
v 8.50000000 -88.52429199 161.54093933
v 8.50000000 -88.62651825 162.31739807
v 8.50000000 -88.92621613 163.04093933
v -27.09696579 -140.47073364 264.42935181
v -40.50000000 -140.49005127 264.79827881
v -26.31312180 -140.44172668 264.00000000
v -40.50000000 -140.27229309 262.40472412
v -9.51405907 -140.39842224 263.49261475
v -9.64399910 -140.28125000 262.47079468
v -9.82258701 -140.17327881 261.74374390
v -10.06734657 -140.04994202 261.04498291
v -40.50000000 -139.83856201 260.04074097
v -10.28950787 -139.95028687 260.54742432
v -10.74762917 -139.76722717 259.73968506
v -11.08872128 -139.64501953 259.25680542
v -11.66448975 -139.46002197 258.58926392
v -40.50000000 -139.19244385 257.72576904
v -12.20115280 -139.30828857 258.08691406
v -12.78980923 -139.16255188 257.63537598
v -13.46627426 -139.02014160 257.21887207
v -28.00000000 -138.68501282 256.31729126
v -14.08252716 -138.91293335 256.91937256
v -14.78500366 -138.81614685 256.65826416
v -15.50913239 -138.74435425 256.46984863
v -16.39409637 -138.69477844 256.34219360
v -17.00000000 -138.68501282 256.31729126
v -27.85662079 -140.49440002 264.89831543
v -28.58156967 -140.51091003 265.41744995
v -29.25901222 -140.51731873 266.00000000
v -40.50000000 -140.49005127 267.20172119
v -30.18824196 -140.49630737 267.05490112
v -30.57633591 -140.46612549 267.64624023
v -30.90047073 -140.42005920 268.26834106
v -40.50000000 -140.27229309 269.59527588
v -31.15851974 -140.35600281 268.91949463
v -31.34736824 -140.27206421 269.59689331
v -31.47621727 -140.14396667 270.43261719
v -31.50000000 -140.04537964 270.97897339
v -40.50000000 -139.83856201 271.95925903
v -31.50000000 -139.61230469 272.86630249
v -40.50000000 -139.19244385 274.27423096
v -31.50000000 -139.04258728 274.71697998
v -40.50000000 -138.33923340 276.52111816
v -31.50000000 -138.33923340 276.52111816
v -40.50000000 -138.33923340 255.47886658
v -28.61724663 -138.66299438 256.26138306
v -29.21295166 -138.59709167 256.09622192
v -29.76241112 -138.48898315 255.83203125
v -30.25425339 -138.33923340 255.47886658
v -9.50000000 -140.43879700 263.96154785
v -9.50000000 -140.43977356 263.97436523
v -9.50000000 -140.44076538 263.98718262
v -9.50000000 -140.44172668 264.00000000
v -14.07672310 -134.57722473 188.28459167
v -14.07672310 -134.57722473 197.71539307
v -16.00000000 -134.51731873 188.25657654
v -16.00000000 -134.51731873 197.74340820
v -17.92327690 -134.57722473 188.28459167
v -17.92327690 -134.57722473 197.71539307
v -19.92138863 -134.76245117 197.61926270
v -12.07861137 -134.76245117 188.38073730
v -12.07861137 -134.76245117 197.61926270
v -10.09313488 -135.07713318 188.56471252
v -10.09313488 -135.07713318 197.43528748
v -8.20432949 -135.49754333 197.13877869
v -8.20432949 -135.49754333 188.86120605
v -7.31630230 -135.73796082 189.06080627
v -6.40258312 -136.01507568 189.32347107
v -6.40258312 -136.01507568 196.67651367
v -7.31630230 -135.73796082 196.93919373
v -5.49858141 -136.31945801 196.33779907
v -5.49858141 -136.31945801 189.66220093
v -4.67193890 -136.62471008 190.07159424
v -3.89571548 -136.93617249 190.60133362
v -3.89571548 -136.93617249 195.39866638
v -4.67193890 -136.62471008 195.92840576
v -3.24080348 -137.21716309 194.74911499
v -3.24080348 -137.21716309 191.25088501
v -2.97084570 -137.33825684 194.35896301
v -2.97084570 -137.33825684 191.64102173
v -2.76065636 -137.43460083 193.92706299
v -2.76065636 -137.43460083 192.07292175
v -2.62899828 -137.49591064 193.46730042
v -2.62899828 -137.49591064 192.53268433
v -2.58359218 -137.51731873 193.00000000
v -19.92138863 -134.76245117 188.38073730
v -21.90686607 -135.07713318 197.43528748
v -21.90686607 -135.07713318 188.56471252
v -23.79567146 -135.49754333 188.86120605
v -23.79567146 -135.49754333 197.13877869
v -24.68369865 -135.73796082 196.93919373
v -25.59741783 -136.01507568 196.67651367
v -25.59741783 -136.01507568 189.32347107
v -24.68369865 -135.73796082 189.06080627
v -26.50141907 -136.31945801 189.66220093
v -26.50141907 -136.31945801 196.33779907
v -27.32806206 -136.62471008 195.92840576
v -28.10428429 -136.93617249 195.39866638
v -28.10428429 -136.93617249 190.60133362
v -27.32806206 -136.62471008 190.07159424
v -28.75919724 -137.21716309 191.25088501
v -28.75919724 -137.21716309 194.74911499
v -29.02915382 -137.33825684 191.64102173
v -29.02915382 -137.33825684 194.35896301
v -29.23934364 -137.43460083 192.07292175
v -29.23934364 -137.43460083 193.92706299
v -29.37100220 -137.49591064 192.53268433
v -29.37100220 -137.49591064 193.46730042
v -29.41640854 -137.51731873 193.00000000
v -0.50000000 -91.37550354 150.50512695
v 8.50000000 -91.37550354 150.50512695
v -0.50000000 -91.47583008 149.62210083
v 8.50000000 -91.47583008 149.62210083
v -0.50000000 -91.31306458 148.74842834
v 8.50000000 -91.31306458 148.74842834
v -0.50000000 -90.90148163 147.96078491
v 8.50000000 -90.90148163 147.96078491
v -36.00000000 -129.72163391 247.60408020
v -36.00000000 -129.59498596 248.32232666
v -36.00000000 -129.72163391 249.04057312
v -36.00000000 -130.08628845 249.67218018
v -36.00000000 -130.64498901 250.14097595
v -36.00000000 -131.33032227 250.39042664
v -36.00000000 -132.05964661 250.39042664
v -36.00000000 -132.74497986 250.14097595
v -36.00000000 -133.30368042 249.67218018
v -36.00000000 -133.66833496 249.04057312
v -36.00000000 -133.79498291 248.32232666
v -36.00000000 -133.66833496 247.60408020
v -36.00000000 -133.30368042 246.97247314
v -36.00000000 -132.74497986 246.50367737
v -36.00000000 -132.05964661 246.25422668
v -36.00000000 -131.33032227 246.25422668
v -36.00000000 -130.64498901 246.50367737
v -36.00000000 -130.08628845 246.97247314
v -36.00000000 -92.47593689 282.64239502
v -36.00000000 -92.33964539 283.67767334
v -36.00000000 -92.47593689 284.71295166
v -36.00000000 -92.87554169 285.67767334
v -36.00000000 -93.51121521 286.50610352
v -36.00000000 -94.33964539 287.14175415
v -36.00000000 -95.30436707 287.54138184
v -36.00000000 -96.33964539 287.67767334
v -36.00000000 -97.37491608 287.54138184
v -36.00000000 -98.33964539 287.14175415
v -36.00000000 -99.16806793 286.50610352
v -36.00000000 -99.80374146 285.67767334
v -36.00000000 -100.20334625 284.71295166
v -36.00000000 -100.33964539 283.67767334
v -36.00000000 -100.20334625 282.64239502
v -36.00000000 -99.80374146 281.67767334
v -36.00000000 -99.16806793 280.84924316
v -36.00000000 -98.33964539 280.21356201
v -36.00000000 -97.37491608 279.81396484
v -36.00000000 -96.33964539 279.67767334
v -36.00000000 -95.30436707 279.81396484
v -36.00000000 -94.33964539 280.21356201
v -36.00000000 -93.51121521 280.84924316
v -36.00000000 -92.87554169 281.67767334
v -36.00000000 -94.36628723 282.95941162
v -36.00000000 -94.23964691 283.67767334
v -36.00000000 -94.36628723 284.39590454
v -36.00000000 -94.73094940 285.02752686
v -36.00000000 -95.28964233 285.49630737
v -36.00000000 -95.97498322 285.74575806
v -36.00000000 -96.70430756 285.74575806
v -36.00000000 -97.38964081 285.49630737
v -36.00000000 -97.94833374 285.02752686
v -36.00000000 -98.31299591 284.39590454
v -36.00000000 -98.43964386 283.67767334
v -36.00000000 -98.31299591 282.95941162
v -36.00000000 -97.94833374 282.32781982
v -36.00000000 -97.38964081 281.85900879
v -36.00000000 -96.70430756 281.60955811
v -36.00000000 -95.97498322 281.60955811
v -36.00000000 -95.28964233 281.85900879
v -36.00000000 -94.73094940 282.32781982
v -36.00000000 -131.40948486 263.84637451
v -36.00000000 -131.54231262 266.00000000
v -36.00000000 -131.40948486 268.15362549
v -36.00000000 -131.01300049 270.27459717
v -36.00000000 -130.35888672 272.33074951
v -36.00000000 -129.45704651 274.29095459
v -36.00000000 -128.32116699 276.12548828
v -36.00000000 -126.96844482 277.80651855
v -36.00000000 -125.41939545 279.30856323
v -36.00000000 -123.69750977 280.60888672
v -36.00000000 -121.82888031 281.68774414
v -36.00000000 -119.84182739 282.52877808
v -36.00000000 -117.76648712 283.11926270
v -36.00000000 -115.63431549 283.45022583
v -36.00000000 -113.47763062 283.51669312
v -36.00000000 -111.32912445 283.31759644
v -36.00000000 -109.22136688 282.85598755
v -36.00000000 -107.18631744 282.13885498
v -36.00000000 -105.25481415 281.17709351
v -36.00000000 -103.45613861 279.98526001
v -36.00000000 -101.81756592 278.58139038
v -36.00000000 -100.36392975 276.98684692
v -36.00000000 -99.11725616 275.22570801
v -36.00000000 -98.09645844 273.32473755
v -36.00000000 -97.31700134 271.31274414
v -36.00000000 -96.79071045 269.22021484
v -36.00000000 -96.52555084 267.07885742
v -36.00000000 -96.52555084 264.92114258
v -36.00000000 -96.79071045 262.77978516
v -36.00000000 -97.31700134 260.68725586
v -36.00000000 -98.09645844 258.67523193
v -36.00000000 -99.11725616 256.77426147
v -36.00000000 -100.36392975 255.01315308
v -36.00000000 -101.81756592 253.41859436
v -36.00000000 -103.45613861 252.01473999
v -36.00000000 -105.25481415 250.82290649
v -36.00000000 -107.18631744 249.86112976
v -36.00000000 -109.22136688 249.14399719
v -36.00000000 -111.32912445 248.68240356
v -36.00000000 -113.47763062 248.48330688
v -36.00000000 -115.63431549 248.54975891
v -36.00000000 -117.76648712 248.88072205
v -36.00000000 -119.84182739 249.47122192
v -36.00000000 -121.82888031 250.31225586
v -36.00000000 -123.69750977 251.39111328
v -36.00000000 -125.41939545 252.69142151
v -36.00000000 -126.96844482 254.19348145
v -36.00000000 -128.32116699 255.87451172
v -36.00000000 -129.45704651 257.70904541
v -36.00000000 -130.35888672 259.66925049
v -36.00000000 -131.01300049 261.72540283
v 4.00000000 -135.55868530 136.64239502
v 4.00000000 -135.69497681 137.67767334
v 4.00000000 -135.55868530 138.71293640
v 4.00000000 -135.15908813 139.67767334
v 4.00000000 -134.52340698 140.50608826
v 4.00000000 -133.69497681 141.14176941
v 4.00000000 -132.73025513 141.54136658
v 4.00000000 -131.69497681 141.67767334
v 4.00000000 -130.65971375 141.54136658
v 4.00000000 -129.69497681 141.14176941
v 4.00000000 -128.86656189 140.50608826
v 4.00000000 -128.23088074 139.67767334
v 4.00000000 -127.83127594 138.71293640
v 4.00000000 -127.69498444 137.67767334
v 4.00000000 -127.83127594 136.64239502
v 4.00000000 -128.23088074 135.67767334
v 4.00000000 -128.86656189 134.84924316
v 4.00000000 -129.69497681 134.21356201
v 4.00000000 -130.65971375 133.81396484
v 4.00000000 -131.69497681 133.67767334
v 4.00000000 -132.73025513 133.81396484
v 4.00000000 -133.69497681 134.21356201
v 4.00000000 -134.52340698 134.84924316
v 4.00000000 -135.15908813 135.67767334
v 4.00000000 -133.66833496 136.95942688
v 4.00000000 -133.79498291 137.67767334
v 4.00000000 -133.66833496 138.39590454
v 4.00000000 -133.30368042 139.02752686
v 4.00000000 -132.74497986 139.49632263
v 4.00000000 -132.05964661 139.74575806
v 4.00000000 -131.33032227 139.74575806
v 4.00000000 -130.64498901 139.49632263
v 4.00000000 -130.08628845 139.02752686
v 4.00000000 -129.72163391 138.39590454
v 4.00000000 -129.59498596 137.67767334
v 4.00000000 -129.72163391 136.95942688
v 4.00000000 -130.08628845 136.32780457
v 4.00000000 -130.64498901 135.85900879
v 4.00000000 -131.33032227 135.60957336
v 4.00000000 -132.05964661 135.60957336
v 4.00000000 -132.74497986 135.85900879
v 4.00000000 -133.30368042 136.32780457
v 4.00000000 -100.20334625 101.28704834
v 4.00000000 -100.33964539 102.32232666
v 4.00000000 -100.20334625 103.35760498
v 4.00000000 -99.80374146 104.32232666
v 4.00000000 -99.16806793 105.15075684
v 4.00000000 -98.33964539 105.78643036
v 4.00000000 -97.37491608 106.18602753
v 4.00000000 -96.33964539 106.32232666
v 4.00000000 -95.30436707 106.18602753
v 4.00000000 -94.33964539 105.78643036
v 4.00000000 -93.51121521 105.15075684
v 4.00000000 -92.87554169 104.32232666
v 4.00000000 -92.47593689 103.35760498
v 4.00000000 -92.33964539 102.32232666
v 4.00000000 -92.47593689 101.28704834
v 4.00000000 -92.87554169 100.32232666
v 4.00000000 -93.51121521 99.49389648
v 4.00000000 -94.33964539 98.85822296
v 4.00000000 -95.30436707 98.45862579
v 4.00000000 -96.33964539 98.32232666
v 4.00000000 -97.37491608 98.45862579
v 4.00000000 -98.33964539 98.85822296
v 4.00000000 -99.16806793 99.49389648
v 4.00000000 -99.80374146 100.32232666
v 4.00000000 -98.31299591 101.60408783
v 4.00000000 -98.43964386 102.32232666
v 4.00000000 -98.31299591 103.04056549
v 4.00000000 -97.94833374 103.67218018
v 4.00000000 -97.38964081 104.14098358
v 4.00000000 -96.70430756 104.39042664
v 4.00000000 -95.97498322 104.39042664
v 4.00000000 -95.28964233 104.14098358
v 4.00000000 -94.73094940 103.67218018
v 4.00000000 -94.36628723 103.04056549
v 4.00000000 -94.23964691 102.32232666
v 4.00000000 -94.36628723 101.60408783
v 4.00000000 -94.73094940 100.97247314
v 4.00000000 -95.28964233 100.50366974
v 4.00000000 -95.97498322 100.25422668
v 4.00000000 -96.70430756 100.25422668
v 4.00000000 -97.38964081 100.50366974
v 4.00000000 -97.94833374 100.97247314
v 4.00000000 -96.62514496 117.84638214
v 4.00000000 -96.49230957 119.99999237
v 4.00000000 -96.62514496 122.15361023
v 4.00000000 -97.02162170 124.27458191
v 4.00000000 -97.67573547 126.33075714
v 4.00000000 -98.57757568 128.29095459
v 4.00000000 -99.71346283 130.12548828
v 4.00000000 -101.06618500 131.80651855
v 4.00000000 -102.61522675 133.30856323
v 4.00000000 -104.33712006 134.60887146
v 4.00000000 -106.20574951 135.68772888
v 4.00000000 -108.19279480 136.52877808
v 4.00000000 -110.26813507 137.11926270
v 4.00000000 -112.40030670 137.45024109
v 4.00000000 -114.55699921 137.51667786
v 4.00000000 -116.70550537 137.31759644
v 4.00000000 -118.81325531 136.85598755
v 4.00000000 -120.84831238 136.13887024
v 4.00000000 -122.77981567 135.17709351
v 4.00000000 -124.57848358 133.98524475
v 4.00000000 -126.21706390 132.58140564
v 4.00000000 -127.67070007 130.98683167
v 4.00000000 -128.91737366 129.22572327
v 4.00000000 -129.93817139 127.32475281
v 4.00000000 -130.71762085 125.31274414
v 4.00000000 -131.24391174 123.22020721
v 4.00000000 -131.50907898 121.07884979
v 4.00000000 -131.50907898 118.92114258
v 4.00000000 -131.24391174 116.77978516
v 4.00000000 -130.71762085 114.68724823
v 4.00000000 -129.93817139 112.67523956
v 4.00000000 -128.91737366 110.77426910
v 4.00000000 -127.67070007 109.01315308
v 4.00000000 -126.21706390 107.41858673
v 4.00000000 -124.57848358 106.01474762
v 4.00000000 -122.77981567 104.82289886
v 4.00000000 -120.84831238 103.86112976
v 4.00000000 -118.81325531 103.14400482
v 4.00000000 -116.70550537 102.68239594
v 4.00000000 -114.55699921 102.48330688
v 4.00000000 -112.40030670 102.54975128
v 4.00000000 -110.26813507 102.88072968
v 4.00000000 -108.19279480 103.47121429
v 4.00000000 -106.20574951 104.31225586
v 4.00000000 -104.33712006 105.39111328
v 4.00000000 -102.61522675 106.69142151
v 4.00000000 -101.06618500 108.19348145
v 4.00000000 -99.71346283 109.87451172
v 4.00000000 -98.57757568 111.70903015
v 4.00000000 -97.67573547 113.66923523
v 4.00000000 -97.02162170 115.72541046
v -41.00000000 -108.64589691 264.81765747
v -40.00000000 -108.64589691 264.81765747
v -41.00000000 -108.51731110 266.00000000
v -40.00000000 -108.51731110 266.00000000
v -41.00000000 -108.64589691 267.18234253
v -40.00000000 -108.64589691 267.18234253
v -40.00000000 -109.02565002 268.30938721
v -41.00000000 -109.02565002 263.69061279
v -40.00000000 -109.02565002 263.69061279
v -41.00000000 -109.63880157 262.67153931
v -40.00000000 -109.63880157 262.67153931
v -41.00000000 -110.45668793 261.80810547
v -40.00000000 -110.45668793 261.80810547
v -41.00000000 -111.44106293 261.14068604
v -40.00000000 -111.44106293 261.14068604
v -41.00000000 -112.54590607 260.70046997
v -40.00000000 -112.54590607 260.70046997
v -41.00000000 -113.71955109 260.50805664
v -40.00000000 -113.71955109 260.50805664
v -41.00000000 -114.90711212 260.57244873
v -40.00000000 -114.90711212 260.57244873
v -41.00000000 -116.05307007 260.89062500
v -40.00000000 -116.05307007 260.89062500
v -41.00000000 -117.10384369 261.44769287
v -40.00000000 -117.10384369 261.44769287
v -41.00000000 -118.01029205 262.21765137
v -40.00000000 -118.01029205 262.21765137
v -41.00000000 -118.73002625 263.16445923
v -40.00000000 -118.73002625 263.16445923
v -41.00000000 -119.22940826 264.24383545
v -40.00000000 -119.22940826 264.24383545
v -41.00000000 -119.48506927 265.40533447
v -40.00000000 -119.48506927 265.40533447
v -41.00000000 -119.48506927 266.59466553
v -40.00000000 -119.48506927 266.59466553
v -41.00000000 -119.22940826 267.75616455
v -40.00000000 -119.22940826 267.75616455
v -41.00000000 -118.73002625 268.83554077
v -40.00000000 -118.73002625 268.83554077
v -41.00000000 -118.01029205 269.78234863
v -40.00000000 -118.01029205 269.78234863
v -41.00000000 -117.10384369 270.55227661
v -40.00000000 -117.10384369 270.55227661
v -41.00000000 -116.05307007 271.10937500
v -40.00000000 -116.05307007 271.10937500
v -41.00000000 -114.90711212 271.42755127
v -40.00000000 -114.90711212 271.42755127
v -41.00000000 -113.71955109 271.49194336
v -40.00000000 -113.71955109 271.49194336
v -41.00000000 -112.54590607 271.29953003
v -40.00000000 -112.54590607 271.29953003
v -41.00000000 -111.44106293 270.85931396
v -40.00000000 -111.44106293 270.85931396
v -41.00000000 -110.45668793 270.19189453
v -40.00000000 -110.45668793 270.19189453
v -41.00000000 -109.63880157 269.32846069
v -40.00000000 -109.63880157 269.32846069
v -41.00000000 -109.02565002 268.30938721
v 9.00000000 -119.38872528 118.81765747
v 8.00000000 -119.38872528 118.81765747
v 9.00000000 -119.51731110 119.99999237
v 8.00000000 -119.51731110 119.99999237
v 9.00000000 -119.38872528 121.18233490
v 8.00000000 -119.38872528 121.18233490
v 8.00000000 -119.00897980 122.30938721
v 9.00000000 -119.00897980 117.69060516
v 8.00000000 -119.00897980 117.69060516
v 9.00000000 -118.39582825 116.67153931
v 8.00000000 -118.39582825 116.67153931
v 9.00000000 -117.57793427 115.80810547
v 8.00000000 -117.57793427 115.80810547
v 9.00000000 -116.59355927 115.14067841
v 8.00000000 -116.59355927 115.14067841
v 9.00000000 -115.48871613 114.70046997
v 8.00000000 -115.48871613 114.70046997
v 9.00000000 -114.31507874 114.50806427
v 8.00000000 -114.31507874 114.50806427
v 9.00000000 -113.12751007 114.57244873
v 8.00000000 -113.12751007 114.57244873
v 9.00000000 -111.98155212 114.89062500
v 8.00000000 -111.98155212 114.89062500
v 9.00000000 -110.93078613 115.44770813
v 8.00000000 -110.93078613 115.44770813
v 9.00000000 -110.02433777 116.21765137
v 8.00000000 -110.02433777 116.21765137
v 9.00000000 -109.30459595 117.16445160
v 8.00000000 -109.30459595 117.16445160
v 9.00000000 -108.80522156 118.24383545
v 8.00000000 -108.80522156 118.24383545
v 9.00000000 -108.54955292 119.40534210
v 8.00000000 -108.54955292 119.40534210
v 9.00000000 -108.54955292 120.59465027
v 8.00000000 -108.54955292 120.59465027
v 9.00000000 -108.80522156 121.75615692
v 8.00000000 -108.80522156 121.75615692
v 9.00000000 -109.30459595 122.83554077
v 8.00000000 -109.30459595 122.83554077
v 9.00000000 -110.02433777 123.78234100
v 8.00000000 -110.02433777 123.78234100
v 9.00000000 -110.93078613 124.55228424
v 8.00000000 -110.93078613 124.55228424
v 9.00000000 -111.98155212 125.10936737
v 8.00000000 -111.98155212 125.10936737
v 9.00000000 -113.12751007 125.42754364
v 8.00000000 -113.12751007 125.42754364
v 9.00000000 -114.31507874 125.49192810
v 8.00000000 -114.31507874 125.49192810
v 9.00000000 -115.48871613 125.29952240
v 8.00000000 -115.48871613 125.29952240
v 9.00000000 -116.59355927 124.85931396
v 8.00000000 -116.59355927 124.85931396
v 9.00000000 -117.57793427 124.19188690
v 8.00000000 -117.57793427 124.19188690
v 9.00000000 -118.39582825 123.32845306
v 8.00000000 -118.39582825 123.32845306
v 9.00000000 -119.00897980 122.30938721
v -24.00000000 -125.98969269 193.44921875
v -40.70000076 -125.98969269 193.44921875
v -24.00000000 -125.51007080 193.99252319
v -40.70000076 -125.51007080 193.99252319
v -24.00000000 -124.91415405 194.40495300
v -40.70000076 -124.91415405 194.40495300
v -24.00000000 -124.23672485 194.66246033
v -40.70000076 -124.23672485 194.66246033
v -24.00000000 -123.51731110 194.75000000
v -40.70000076 -123.51731110 194.75000000
v -8.00000000 -126.11538696 192.75000000
v 8.69999981 -126.11538696 192.75000000
v -8.00000000 -125.63863373 192.12867737
v 8.69999981 -125.63863373 192.12867737
v -8.00000000 -125.01731110 191.65191650
v 8.69999981 -125.01731110 191.65191650
v -8.00000000 -124.29376984 191.35221863
v 8.69999981 -124.29376984 191.35221863
v -8.00000000 -123.51731110 191.25000000
v 8.69999981 -123.51731110 191.25000000
v -9.00000000 -139.99710083 264.97500610
v -9.00000000 -139.98222351 264.64978027
v -9.00000000 -136.11730957 264.97500610
v -9.00000000 -139.96328735 264.32473755
v -9.00000000 -136.11730957 264.00000000
v -9.00000000 -139.94027710 264.00000000
v -10.00000000 -138.43554688 265.97500610
v -9.68603802 -138.88240051 265.92431641
v -10.00000000 -136.11730957 265.97500610
v -9.50000000 -136.11730957 265.84103394
v -9.38621140 -139.32879639 265.76416016
v -9.13397503 -136.11730957 265.47500610
v -9.14776611 -139.73173523 265.49789429
v -9.00776672 -140.08955383 265.09939575
v -31.50000000 -137.51731873 282.06237793
v -40.50000000 -137.51731873 282.06237793
v -31.50000000 -137.51731873 280.49136353
v -40.50000000 -137.51731873 280.49136353
v -0.50000000 -90.51731110 146.78219604
v 8.50000000 -90.51731110 146.78219604
v -0.50000000 -90.51731110 103.93761444
v 8.50000000 -90.51731110 103.93761444
v -41.00000000 -104.01731110 223.50000000
v -33.50000000 -104.01731110 223.50000000
v -41.00000000 -104.15370178 225.14593506
v -33.50000000 -104.15370178 225.14593506
v -41.00000000 -104.55914307 226.74699402
v -33.50000000 -104.55914307 226.74699402
v -41.00000000 -105.22257233 228.25947571
v -33.50000000 -105.22257233 228.25947571
v -41.00000000 -106.12590790 229.64212036
v -33.50000000 -106.12590790 229.64212036
v -41.00000000 -107.24449921 230.85723877
v -33.50000000 -107.24449921 230.85723877
v -41.00000000 -108.54782867 231.87165833
v -33.50000000 -108.54782867 231.87165833
v -41.00000000 -110.00035858 232.65773010
v -33.50000000 -110.00035858 232.65773010
v -41.00000000 -111.56246185 233.19400024
v -33.50000000 -111.56246185 233.19400024
v -41.00000000 -113.19152069 233.46583557
v -33.50000000 -113.19152069 233.46583557
v -41.00000000 -114.84310913 233.46583557
v -33.50000000 -114.84310913 233.46583557
v -41.00000000 -116.47216797 233.19400024
v -33.50000000 -116.47216797 233.19400024
v -41.00000000 -118.03426361 232.65773010
v -33.50000000 -118.03426361 232.65773010
v -41.00000000 -119.48679352 231.87165833
v -33.50000000 -119.48679352 231.87165833
v -41.00000000 -120.79013062 230.85723877
v -33.50000000 -120.79013062 230.85723877
v -41.00000000 -121.90872192 229.64212036
v -33.50000000 -121.90872192 229.64212036
v -41.00000000 -122.81204987 228.25947571
v -33.50000000 -122.81204987 228.25947571
v -41.00000000 -123.47548676 226.74699402
v -33.50000000 -123.47548676 226.74699402
v -41.00000000 -123.88092804 225.14593506
v -33.50000000 -123.88092804 225.14593506
v -41.00000000 -124.01731110 223.50000000
v -33.50000000 -124.01731110 223.50000000
v -31.50000000 -90.51731110 193.00000000
v -40.50000000 -90.51731110 193.00000000
v -31.50000000 -90.51731110 282.06237793
v -40.50000000 -90.51731110 282.06237793
v -0.50000000 -137.51731873 103.93761444
v 8.50000000 -137.51731873 103.93761444
v -0.50000000 -137.51731873 193.00000000
v 8.50000000 -137.51731873 193.00000000
v -31.50000000 -137.51731873 251.50862122
v -40.50000000 -137.51731873 251.50862122
v -31.50000000 -137.51731873 193.00000000
v -40.50000000 -137.51731873 193.00000000
v -0.50000000 -90.51731110 193.00000000
v 8.50000000 -90.51731110 193.00000000
v -0.50000000 -90.51731110 166.60064697
v 8.50000000 -90.51731110 166.60064697
v -40.50000000 -98.12796783 187.75000000
v -40.50000000 -95.76731110 187.75000000
v -24.00000000 -98.12796783 187.75000000
v -2.00000000 -95.76731110 187.75000000
v -23.41472816 -98.19791412 187.75000000
v -22.85194969 -98.40506744 187.75000000
v -22.33329010 -98.74145508 187.75000000
v -21.87867928 -99.19416809 187.75000000
v -21.50559044 -99.74578857 187.75000000
v -21.22836113 -100.37513733 187.75000000
v -21.05764389 -101.05801392 187.75000000
v -21.00000000 -101.76818848 187.75000000
v -2.00000000 -132.26731873 187.75000000
v -21.00000000 -126.26643372 187.75000000
v -21.05764389 -126.97660828 187.75000000
v -21.22836113 -127.65948486 187.75000000
v -21.50559044 -128.28883362 187.75000000
v -21.87867928 -128.84045410 187.75000000
v -22.33329010 -129.29316711 187.75000000
v -22.85194969 -129.62956238 187.75000000
v -23.41472816 -129.83671570 187.75000000
v -24.00000000 -129.90666199 187.75000000
v -40.50000000 -132.26731873 187.75000000
v -40.50000000 -129.90666199 187.75000000
v 8.50000000 -98.74381256 198.25000000
v 8.50000000 -95.76731110 198.25000000
v -8.00000000 -98.74381256 198.25000000
v -30.00000000 -95.76731110 198.25000000
v -8.58527088 -98.81037140 198.25000000
v -9.14805031 -99.00749969 198.25000000
v -9.66671085 -99.32761383 198.25000000
v -10.12132072 -99.75842285 198.25000000
v -10.49440861 -100.28336334 198.25000000
v -10.77163887 -100.88225555 198.25000000
v -10.94235611 -101.53209686 198.25000000
v -11.00000000 -102.20790863 198.25000000
v -30.00000000 -132.26731873 198.25000000
v -11.00000000 -125.82671356 198.25000000
v -10.94235611 -126.50252533 198.25000000
v -10.77163887 -127.15236664 198.25000000
v -10.49440861 -127.75126648 198.25000000
v -10.12132072 -128.27619934 198.25000000
v -9.66671085 -128.70701599 198.25000000
v -9.14805031 -129.02713013 198.25000000
v -8.58527088 -129.22425842 198.25000000
v -8.00000000 -129.29081726 198.25000000
v 8.50000000 -132.26731873 198.25000000
v 8.50000000 -129.29081726 198.25000000
v -31.50000000 -91.74180603 285.34042358
v -40.50000000 -91.74180603 285.34042358
v -31.50000000 -93.67874146 287.36801147
v -40.50000000 -93.67874146 287.36801147
v -31.50000000 -95.79945374 289.20257568
v -40.50000000 -95.79945374 289.20257568
v -31.50000000 -98.08476257 290.82748413
v -40.50000000 -98.08476257 290.82748413
v -31.50000000 -100.51403046 292.22805786
v -40.50000000 -100.51403046 292.22805786
v -31.50000000 -103.06529999 293.39166260
v -40.50000000 -103.06529999 293.39166260
v -31.50000000 -105.71553040 294.30776978
v -40.50000000 -105.71553040 294.30776978
v -31.50000000 -108.44076538 294.96810913
v -40.50000000 -108.44076538 294.96810913
v -31.50000000 -111.21638489 295.36672974
v -40.50000000 -111.21638489 295.36672974
v -31.50000000 -114.01731110 295.50000000
v -40.50000000 -114.01731110 295.50000000
v -31.50000000 -116.81824493 295.36672974
v -40.50000000 -116.81824493 295.36672974
v -31.50000000 -119.59386444 294.96810913
v -40.50000000 -119.59386444 294.96810913
v -31.50000000 -122.31909943 294.30776978
v -40.50000000 -122.31909943 294.30776978
v -31.50000000 -124.96932220 293.39166260
v -40.50000000 -124.96932220 293.39166260
v -31.50000000 -127.52059937 292.22805786
v -40.50000000 -127.52059937 292.22805786
v -31.50000000 -129.94985962 290.82748413
v -40.50000000 -129.94985962 290.82748413
v -31.50000000 -132.23516846 289.20257568
v -40.50000000 -132.23516846 289.20257568
v -31.50000000 -134.35588074 287.36801147
v -40.50000000 -134.35588074 287.36801147
v -31.50000000 -136.29281616 285.34042358
v -40.50000000 -136.29281616 285.34042358
v -0.50000000 -91.74180603 100.65958405
v 8.50000000 -91.74180603 100.65958405
v -0.50000000 -93.67874146 98.63196564
v 8.50000000 -93.67874146 98.63196564
v -0.50000000 -95.79945374 96.79741669
v 8.50000000 -95.79945374 96.79741669
v -0.50000000 -98.08476257 95.17251587
v 8.50000000 -98.08476257 95.17251587
v -0.50000000 -100.51403046 93.77193451
v 8.50000000 -100.51403046 93.77193451
v -0.50000000 -103.06529999 92.60832977
v 8.50000000 -103.06529999 92.60832977
v -0.50000000 -105.71553040 91.69221497
v 8.50000000 -105.71553040 91.69221497
v -0.50000000 -108.44076538 91.03187561
v 8.50000000 -108.44076538 91.03187561
v -0.50000000 -111.21638489 90.63327026
v 8.50000000 -111.21638489 90.63327026
v -0.50000000 -114.01731110 90.49999237
v 8.50000000 -114.01731110 90.49999237
v -0.50000000 -116.81824493 90.63327026
v 8.50000000 -116.81824493 90.63327026
v -0.50000000 -119.59386444 91.03187561
v 8.50000000 -119.59386444 91.03187561
v -0.50000000 -122.31909943 91.69221497
v 8.50000000 -122.31909943 91.69221497
v -0.50000000 -124.96932220 92.60832977
v 8.50000000 -124.96932220 92.60832977
v -0.50000000 -127.52059937 93.77193451
v 8.50000000 -127.52059937 93.77193451
v -0.50000000 -129.94985962 95.17251587
v 8.50000000 -129.94985962 95.17251587
v -0.50000000 -132.23516846 96.79741669
v 8.50000000 -132.23516846 96.79741669
v -0.50000000 -134.35588074 98.63196564
v 8.50000000 -134.35588074 98.63196564
v -0.50000000 -136.29281616 100.65958405
v 8.50000000 -136.29281616 100.65958405
v 8.50000000 -137.38568115 194.16822815
v 8.50000000 -136.99740601 195.27789307
v 8.50000000 -136.37193298 196.27331543
v 8.50000000 -135.54063416 197.10461426
v 8.50000000 -134.54519653 197.73008728
v 8.50000000 -133.43554688 198.11836243
v -16.00000000 -133.43554688 198.11836243
v -30.00000000 -133.39163208 198.12818909
v -30.00000000 -134.46379089 197.76843262
v -30.00000000 -135.43402100 197.18740845
v -30.00000000 -136.25730896 196.41209412
v -30.04392433 -136.55999756 196.02247620
v -30.15826607 -136.82064819 195.61335754
v -30.52159882 -137.21237183 194.76318359
v -30.98898888 -137.44194031 193.88639832
v -40.50000000 -137.38568115 191.83175659
v -40.50000000 -136.99740601 190.72210693
v -40.50000000 -136.37193298 189.72666931
v -40.50000000 -135.54063416 188.89538574
v -40.50000000 -134.54519653 188.26991272
v -40.50000000 -133.43554688 187.88162231
v -16.00000000 -133.43554688 187.88162231
v -2.00000000 -133.39163208 187.87179565
v -2.00000000 -134.46379089 188.23155212
v -2.00000000 -135.43402100 188.81257629
v -2.00000000 -136.25730896 189.58790588
v -1.95607531 -136.55999756 189.97752380
v -1.84173310 -136.82064819 190.38664246
v -1.47840095 -137.21237183 191.23681641
v -1.01101077 -137.44194031 192.11358643
v -1.01104283 -90.59269714 192.11352539
v -30.98895645 -90.59269714 193.88645935
v -16.00000000 -90.64894104 194.16822815
v -30.52159119 -90.82225037 194.76319885
v -16.00000000 -91.03722382 195.27789307
v -30.15826607 -91.21398163 195.61335754
v -16.00000000 -91.66269684 196.27331543
v -30.04392433 -91.47462463 196.02247620
v -30.00000000 -91.77731323 196.41209412
v -16.00000000 -90.64894104 191.83175659
v -1.47840822 -90.82225037 191.23680115
v -16.00000000 -91.03722382 190.72210693
v -1.84173310 -91.21398163 190.38664246
v -16.00000000 -91.66269684 189.72666931
v -1.95607543 -91.47462463 189.97752380
v -2.00000000 -91.77731323 189.58790588
v -16.00000000 -92.49398804 188.89538574
v -2.00000000 -92.60060883 188.81257629
v -16.00000000 -93.48942566 188.26991272
v -2.00000000 -93.57083893 188.23155212
v -16.00000000 -94.59907532 187.88162231
v -2.00000000 -94.64299011 187.87179565
v -40.50000000 -94.59907532 187.88162231
v -40.50000000 -93.48942566 188.26991272
v -40.50000000 -92.49398804 188.89538574
v -40.50000000 -91.66269684 189.72666931
v -40.50000000 -91.03722382 190.72210693
v -40.50000000 -90.64894104 191.83175659
v -16.00000000 -92.49398804 197.10461426
v -30.00000000 -92.60060883 197.18740845
v -16.00000000 -93.48942566 197.73008728
v -30.00000000 -93.57083893 197.76843262
v -16.00000000 -94.59907532 198.11836243
v -30.00000000 -94.64299011 198.12818909
v 8.50000000 -94.59907532 198.11836243
v 8.50000000 -93.48942566 197.73008728
v 8.50000000 -92.49398804 197.10461426
v 8.50000000 -91.66269684 196.27331543
v 8.50000000 -91.03722382 195.27789307
v 8.50000000 -90.64894104 194.16822815
v 9.00000000 -134.05305481 99.03408813
v 9.00000000 -135.91526794 100.98738861
v 9.00000000 -136.51571655 101.87296295
v 9.00000000 -137.01731873 103.93761444
v 9.00000000 -136.89012146 102.87525940
v 9.00000000 -132.01731873 97.26236725
v 9.00000000 -129.82569885 95.68755341
v 9.00000000 -127.49717712 94.32328796
v 9.00000000 -126.28665161 102.06190491
v 9.00000000 -125.05191040 93.18138885
v 9.00000000 -125.46724701 100.17394257
v 9.00000000 -125.99156952 101.06817627
v 9.00000000 -122.51109314 92.27175140
v 9.00000000 -123.86431885 98.88302612
v 9.00000000 -124.74415588 99.43116760
v 9.00000000 -119.89670563 91.60223389
v 9.00000000 -117.23141479 91.17865753
v 9.00000000 -114.53827667 91.00467682
v 9.00000000 -115.14648438 96.72737122
v 9.00000000 -117.39422607 96.94600677
v 9.00000000 -119.61023712 97.38121796
v 9.00000000 -121.77371216 98.02891541
v 9.00000000 -112.88813782 96.72737122
v 9.00000000 -111.84063721 91.08180237
v 9.00000000 -110.64040375 96.94600677
v 9.00000000 -109.16184235 91.40936279
v 9.00000000 -106.52510071 91.98451996
v 9.00000000 -103.95323944 92.80230713
v 9.00000000 -106.26091003 98.02891541
v 9.00000000 -108.42438507 97.38121796
v 9.00000000 -101.46853638 93.85562134
v 9.00000000 -99.09250641 95.13536072
v 9.00000000 -96.84573364 96.63042450
v 9.00000000 -99.43242645 113.90124512
v 9.00000000 -99.78065491 114.61810303
v 9.00000000 -98.89634705 113.31153107
v 9.00000000 -91.01731110 103.93761444
v 9.00000000 -91.01731110 146.78219604
v 9.00000000 -96.92964935 130.77645874
v 9.00000000 -97.57883453 131.23873901
v 9.00000000 -98.33196259 131.49938965
v 9.00000000 -99.12802887 131.53732300
v 9.00000000 -99.90252686 131.34942627
v 9.00000000 -100.59271240 130.95094299
v 9.00000000 -100.04211426 143.47943115
v 9.00000000 -100.95999146 143.96116638
v 9.00000000 -91.14450836 102.87525940
v 9.00000000 -91.51891327 101.87296295
v 9.00000000 -92.11935425 100.98738861
v 9.00000000 -92.19429779 100.90141296
v 9.00000000 -92.26957703 100.81572723
v 9.00000000 -91.05028534 147.09497070
v 9.00000000 -91.14775848 147.39401245
v 9.00000000 -91.30543518 147.66613770
v 9.00000000 -94.34226227 146.47093201
v 9.00000000 -91.69155884 148.34255981
v 9.00000000 -94.21731567 147.50000000
v 9.00000000 -91.91851807 149.08763123
v 9.00000000 -94.21731567 150.50000000
v 9.00000000 -91.97509003 149.86444092
v 9.00000000 -91.85846710 150.63453674
v 9.00000000 -89.10948181 160.89389038
v 9.00000000 -94.34226227 151.52905273
v 9.00000000 -89.02429199 161.54093933
v 9.00000000 -89.10948181 162.18798828
v 9.00000000 -89.35923004 162.79093933
v 9.00000000 -90.54840088 164.85064697
v 9.00000000 -90.80623627 165.40357971
v 9.00000000 -90.96414185 165.99287415
v 9.00000000 -91.01731110 166.60064697
v 9.00000000 -91.01731110 193.00000000
v 9.00000000 -94.21731567 178.50000000
v 9.00000000 -94.34226227 177.47093201
v 9.00000000 -94.70985413 176.50169373
v 9.00000000 -91.13640594 194.05697632
v 9.00000000 -91.48770905 195.06094360
v 9.00000000 -92.05361176 195.96157837
v 9.00000000 -92.80574036 196.71369934
v 9.00000000 -93.70636749 197.27960205
v 9.00000000 -94.71034241 197.63090515
v 9.00000000 -95.76731110 197.75000000
v 9.00000000 -98.68607330 197.75000000
v 9.00000000 -101.65943146 192.59999084
v 9.00000000 -99.03562164 185.76864624
v 9.00000000 -97.99900818 185.76864624
v 9.00000000 -96.99251556 185.52056885
v 9.00000000 -96.07463837 185.03883362
v 9.00000000 -95.29871368 184.35142517
v 9.00000000 -94.70985413 183.49830627
v 9.00000000 -94.34226227 182.52905273
v 9.00000000 -94.21731567 181.50000000
v 9.00000000 -102.18386078 191.91654968
v 9.00000000 -100.95999146 185.03883362
v 9.00000000 -100.04211426 185.52056885
v 9.00000000 -101.73590851 184.35142517
v 9.00000000 -102.86730957 191.39210510
v 9.00000000 -103.66320801 191.06243896
v 9.00000000 -102.32477570 183.49830627
v 9.00000000 -104.51731110 190.94999695
v 9.00000000 -102.69235992 182.52905273
v 9.00000000 -102.81731415 181.50000000
v 9.00000000 -108.54782867 174.37165833
v 9.00000000 -107.24449921 173.35723877
v 9.00000000 -123.51731110 190.94999695
v 9.00000000 -113.19152069 175.96583557
v 9.00000000 -111.56246185 175.69400024
v 9.00000000 -110.00035858 175.15773010
v 9.00000000 -124.37141418 191.06243896
v 9.00000000 -125.70985413 183.49830627
v 9.00000000 -125.34226227 182.52905273
v 9.00000000 -125.21731567 181.50000000
v 9.00000000 -126.29871368 184.35142517
v 9.00000000 -125.16731262 191.39210510
v 9.00000000 -125.85076904 191.91654968
v 9.00000000 -127.07463837 185.03883362
v 9.00000000 -126.37519836 192.59999084
v 9.00000000 -127.99251556 185.52056885
v 9.00000000 -128.99900818 185.76864624
v 9.00000000 -129.34855652 197.75000000
v 9.00000000 -132.26731873 197.75000000
v 9.00000000 -133.32429504 197.63090515
v 9.00000000 -134.32826233 197.27960205
v 9.00000000 -135.22889709 196.71369934
v 9.00000000 -135.98101807 195.96157837
v 9.00000000 -136.54692078 195.06094360
v 9.00000000 -137.01731873 193.00000000
v 9.00000000 -136.89822388 194.05697632
v 9.00000000 -133.81730652 150.50000000
v 9.00000000 -133.69236755 151.52905273
v 9.00000000 -104.15370178 160.85404968
v 9.00000000 -100.95999146 154.03883362
v 9.00000000 -104.01731110 162.50000000
v 9.00000000 -100.04211426 154.52056885
v 9.00000000 -99.03562164 154.76864624
v 9.00000000 -97.99900818 154.76864624
v 9.00000000 -101.73590851 153.35142517
v 9.00000000 -104.55914307 159.25300598
v 9.00000000 -102.32477570 152.49830627
v 9.00000000 -105.22257233 157.74052429
v 9.00000000 -102.69235992 151.52905273
v 9.00000000 -106.12590790 156.35786438
v 9.00000000 -102.81731415 150.50000000
v 9.00000000 -107.24449921 155.14276123
v 9.00000000 -102.81731415 147.50000000
v 9.00000000 -108.54782867 154.12832642
v 9.00000000 -102.69235992 146.47093201
v 9.00000000 -110.00035858 153.34226990
v 9.00000000 -111.56246185 152.80599976
v 9.00000000 -113.19152069 152.53414917
v 9.00000000 -114.84310913 152.53414917
v 9.00000000 -116.47216797 152.80599976
v 9.00000000 -118.03426361 153.34226990
v 9.00000000 -125.34226227 146.47093201
v 9.00000000 -125.70985413 145.50169373
v 9.00000000 -119.48679352 154.12832642
v 9.00000000 -125.21731567 147.50000000
v 9.00000000 -120.79013062 155.14276123
v 9.00000000 -125.21731567 150.50000000
v 9.00000000 -121.90872192 156.35786438
v 9.00000000 -125.34226227 151.52905273
v 9.00000000 -122.81204987 157.74052429
v 9.00000000 -125.70985413 152.49830627
v 9.00000000 -123.47548676 159.25300598
v 9.00000000 -126.29871368 153.35142517
v 9.00000000 -123.88092804 160.85404968
v 9.00000000 -127.07463074 154.03883362
v 9.00000000 -124.01731110 162.50000000
v 9.00000000 -127.99250793 154.52056885
v 9.00000000 -128.99900818 154.76864624
v 9.00000000 -130.03561401 154.76864624
v 9.00000000 -131.04211426 154.52056885
v 9.00000000 -124.01731110 166.00000000
v 9.00000000 -127.99251556 174.47943115
v 9.00000000 -128.99900818 174.23135376
v 9.00000000 -123.88092804 167.64593506
v 9.00000000 -127.07463837 174.96116638
v 9.00000000 -126.29871368 175.64857483
v 9.00000000 -123.47548676 169.24699402
v 9.00000000 -125.70985413 176.50169373
v 9.00000000 -122.81204987 170.75947571
v 9.00000000 -125.34226227 177.47093201
v 9.00000000 -121.90872192 172.14212036
v 9.00000000 -125.21731567 178.50000000
v 9.00000000 -120.79013062 173.35723877
v 9.00000000 -119.48679352 174.37165833
v 9.00000000 -118.03426361 175.15773010
v 9.00000000 -116.47216797 175.69400024
v 9.00000000 -114.84310913 175.96583557
v 9.00000000 -102.81731415 178.50000000
v 9.00000000 -106.12590790 172.14212036
v 9.00000000 -102.69235992 177.47093201
v 9.00000000 -105.22257233 170.75947571
v 9.00000000 -102.32477570 176.50169373
v 9.00000000 -104.55914307 169.24699402
v 9.00000000 -101.73590851 175.64857483
v 9.00000000 -104.15370178 167.64593506
v 9.00000000 -100.95999146 174.96116638
v 9.00000000 -100.04211426 174.47943115
v 9.00000000 -104.01731110 166.00000000
v 9.00000000 -132.62351990 128.11779785
v 9.00000000 -133.41543579 125.98352814
v 9.00000000 -133.96340942 123.77400208
v 9.00000000 -134.26054382 121.51701355
v 9.00000000 -102.32477570 145.50169373
v 9.00000000 -101.50787354 129.66578674
v 9.00000000 -101.73590851 144.64857483
v 9.00000000 -101.14268494 130.37416077
v 9.00000000 -101.65869904 128.88322449
v 9.00000000 -101.58293915 128.08987427
v 9.00000000 -101.28674316 127.34999847
v 9.00000000 -99.81820679 116.19535828
v 9.00000000 -99.91281891 115.40402985
v 9.00000000 -109.50963593 106.00818634
v 9.00000000 -111.28441620 105.55626678
v 9.00000000 -113.10160828 105.32854462
v 9.00000000 -114.93301392 105.32854462
v 9.00000000 -116.75021362 105.55626678
v 9.00000000 -118.52499390 106.00818634
v 9.00000000 -120.22980499 106.67726898
v 9.00000000 -122.24903870 107.07540131
v 9.00000000 -121.21524811 106.99892426
v 9.00000000 -123.27109528 106.90225220
v 9.00000000 -99.03562164 143.23135376
v 9.00000000 -97.99900818 143.23135376
v 9.00000000 -96.99251556 143.47943115
v 9.00000000 -96.07463837 143.96116638
v 9.00000000 -95.29872131 144.64857483
v 9.00000000 -94.70985413 145.50169373
v 9.00000000 -126.13481903 104.11441040
v 9.00000000 -126.33534241 103.09737396
v 9.00000000 -125.69672394 105.05390167
v 9.00000000 -125.04652405 105.86125183
v 9.00000000 -124.22200775 106.48954010
v 9.00000000 -98.21582794 112.89673615
v 9.00000000 -97.44602203 112.69046783
v 9.00000000 -96.64928436 112.70943451
v 9.00000000 -95.89016724 112.95209503
v 9.00000000 -95.23016357 113.39879608
v 9.00000000 -94.72274017 114.01335144
v 9.00000000 -133.69236755 177.47093201
v 9.00000000 -133.81730652 178.50000000
v 9.00000000 -133.81730652 181.50000000
v 9.00000000 -133.69236755 182.52905273
v 9.00000000 -133.32476807 176.50169373
v 9.00000000 -132.73591614 175.64857483
v 9.00000000 -131.95999146 174.96116638
v 9.00000000 -131.04211426 174.47943115
v 9.00000000 -130.03561401 174.23135376
v 9.00000000 -131.95999146 154.03883362
v 9.00000000 -132.73591614 153.35142517
v 9.00000000 -133.32476807 152.49830627
v 9.00000000 -99.03562164 174.23135376
v 9.00000000 -97.99900818 174.23135376
v 9.00000000 -96.99251556 174.47943115
v 9.00000000 -96.07463837 174.96116638
v 9.00000000 -94.70985413 152.49830627
v 9.00000000 -95.29872131 153.35142517
v 9.00000000 -96.07463837 154.03883362
v 9.00000000 -96.99251556 154.52056885
v 9.00000000 -133.32476807 183.49830627
v 9.00000000 -132.73591614 184.35142517
v 9.00000000 -131.95999146 185.03883362
v 9.00000000 -131.04211426 185.52056885
v 9.00000000 -130.03561401 185.76864624
v 9.00000000 -95.29871368 175.64857483
v 9.00000000 -99.44307709 118.08126068
v 9.00000000 -99.81820679 123.80463409
v 9.00000000 -100.43628693 125.62544250
v 9.00000000 -99.31731415 119.99999237
v 9.00000000 -99.44307709 121.91873169
v 9.00000000 -134.09057617 116.97444153
v 9.00000000 -134.30311584 119.24095154
v 9.00000000 -133.81730652 147.50000000
v 9.00000000 -133.69236755 146.47093201
v 9.00000000 -133.32476807 145.50169373
v 9.00000000 -132.73591614 144.64857483
v 9.00000000 -131.95999146 143.96116638
v 9.00000000 -131.04211426 143.47943115
v 9.00000000 -130.03561401 143.23135376
v 9.00000000 -128.99900818 143.23135376
v 9.00000000 -127.99250793 143.47943115
v 9.00000000 -127.07463074 143.96116638
v 9.00000000 -126.29871368 144.64857483
v 1.50000000 -124.01731110 166.00000000
v 1.50000000 -124.01731110 162.50000000
v 1.50000000 -104.01731110 166.00000000
v 1.50000000 -104.15370178 167.64593506
v 1.50000000 -104.55914307 169.24699402
v 1.50000000 -105.22257233 170.75947571
v 1.50000000 -106.12590790 172.14212036
v 1.50000000 -107.24449921 173.35723877
v 1.50000000 -108.54782867 174.37165833
v 1.50000000 -110.00035858 175.15773010
v 1.50000000 -111.56246185 175.69400024
v 1.50000000 -113.19152069 175.96583557
v 1.50000000 -114.84310913 175.96583557
v 1.50000000 -116.47216797 175.69400024
v 1.50000000 -118.03426361 175.15773010
v 1.50000000 -119.48679352 174.37165833
v 1.50000000 -120.79013062 173.35723877
v 1.50000000 -121.90872192 172.14212036
v 1.50000000 -122.81204987 170.75947571
v 1.50000000 -123.47548676 169.24699402
v 1.50000000 -123.88092804 167.64593506
v 1.50000000 -104.01731110 162.50000000
v 1.50000000 -102.96731567 162.50000000
v -0.69999999 -102.96731567 162.50000000
v 1.50000000 -103.10335541 160.77139282
v -0.69999999 -103.10335541 160.77139282
v 1.50000000 -103.50814056 159.08535767
v -0.69999999 -103.50814056 159.08535767
v 1.50000000 -104.17169189 157.48339844
v -0.69999999 -104.17169189 157.48339844
v 1.50000000 -105.07767487 156.00497437
v -0.69999999 -105.07767487 156.00497437
v 1.50000000 -106.20378113 154.68646240
v -0.69999999 -106.20378113 154.68646240
v 1.50000000 -107.52228546 153.56036377
v -0.69999999 -107.52228546 153.56036377
v 1.50000000 -109.00071716 152.65437317
v -0.69999999 -109.00071716 152.65437317
v 1.50000000 -110.60267639 151.99081421
v -0.69999999 -110.60267639 151.99081421
v 1.50000000 -112.28871155 151.58604431
v -0.69999999 -112.28871155 151.58604431
v 1.50000000 -114.01731110 151.44999695
v -0.69999999 -114.01731110 151.44999695
v 1.50000000 -115.74591064 151.58604431
v -0.69999999 -115.74591064 151.58604431
v 1.50000000 -117.43195343 151.99081421
v -0.69999999 -117.43195343 151.99081421
v 1.50000000 -119.03390503 152.65437317
v -0.69999999 -119.03390503 152.65437317
v 1.50000000 -120.51233673 153.56036377
v -0.69999999 -120.51233673 153.56036377
v 1.50000000 -121.83084106 154.68646240
v -0.69999999 -121.83084106 154.68646240
v 1.50000000 -122.95694733 156.00497437
v -0.69999999 -122.95694733 156.00497437
v 1.50000000 -123.86293793 157.48339844
v -0.69999999 -123.86293793 157.48339844
v 1.50000000 -124.52648926 159.08535767
v -0.69999999 -124.52648926 159.08535767
v 1.50000000 -124.93126678 160.77139282
v -0.69999999 -124.93126678 160.77139282
v 1.50000000 -125.06731415 162.50000000
v -0.69999999 -125.06731415 162.50000000
v 1.50000000 -102.96731567 166.00000000
v -0.69999999 -102.96731567 166.00000000
v 1.50000000 -125.06731415 166.00000000
v -0.69999999 -125.06731415 166.00000000
v 1.50000000 -124.93126678 167.72859192
v -0.69999999 -124.93126678 167.72859192
v 1.50000000 -124.52648926 169.41462708
v -0.69999999 -124.52648926 169.41462708
v 1.50000000 -123.86293793 171.01658630
v -0.69999999 -123.86293793 171.01658630
v 1.50000000 -122.95694733 172.49502563
v -0.69999999 -122.95694733 172.49502563
v 1.50000000 -121.83084106 173.81352234
v -0.69999999 -121.83084106 173.81352234
v 1.50000000 -120.51233673 174.93963623
v -0.69999999 -120.51233673 174.93963623
v 1.50000000 -119.03390503 175.84561157
v -0.69999999 -119.03390503 175.84561157
v 1.50000000 -117.43195343 176.50917053
v -0.69999999 -117.43195343 176.50917053
v 1.50000000 -115.74591064 176.91395569
v -0.69999999 -115.74591064 176.91395569
v 1.50000000 -114.01731110 177.05000305
v -0.69999999 -114.01731110 177.05000305
v 1.50000000 -112.28871155 176.91395569
v -0.69999999 -112.28871155 176.91395569
v 1.50000000 -110.60267639 176.50917053
v -0.69999999 -110.60267639 176.50917053
v 1.50000000 -109.00071716 175.84561157
v -0.69999999 -109.00071716 175.84561157
v 1.50000000 -107.52228546 174.93963623
v -0.69999999 -107.52228546 174.93963623
v 1.50000000 -106.20378113 173.81352234
v -0.69999999 -106.20378113 173.81352234
v 1.50000000 -105.07767487 172.49502563
v -0.69999999 -105.07767487 172.49502563
v 1.50000000 -104.17169189 171.01658630
v -0.69999999 -104.17169189 171.01658630
v 1.50000000 -103.50814056 169.41462708
v -0.69999999 -103.50814056 169.41462708
v 1.50000000 -103.10335541 167.72859192
v -0.69999999 -103.10335541 167.72859192
v 1.50000000 -104.15370178 160.85404968
v 1.50000000 -104.55914307 159.25300598
v 1.50000000 -105.22257233 157.74052429
v 1.50000000 -106.12590790 156.35786438
v 1.50000000 -107.24449921 155.14276123
v 1.50000000 -108.54782867 154.12832642
v 1.50000000 -110.00035858 153.34226990
v 1.50000000 -111.56246185 152.80599976
v 1.50000000 -113.19152069 152.53414917
v 1.50000000 -114.84310913 152.53414917
v 1.50000000 -116.47216797 152.80599976
v 1.50000000 -118.03426361 153.34226990
v 1.50000000 -119.48679352 154.12832642
v 1.50000000 -120.79013062 155.14276123
v 1.50000000 -121.90872192 156.35786438
v 1.50000000 -122.81204987 157.74052429
v 1.50000000 -123.47548676 159.25300598
v 1.50000000 -123.88092804 160.85404968
v 4.00000000 -94.51731110 178.50000000
v 4.00000000 -94.51731110 181.50000000
v 4.00000000 -96.91731262 181.50000000
v 4.00000000 -94.65361023 182.53527832
v 4.00000000 -97.03910828 182.11228943
v 4.00000000 -95.05321503 183.50000000
v 4.00000000 -95.68888855 184.32843018
v 4.00000000 -97.38594055 182.63136292
v 4.00000000 -96.51731110 184.96409607
v 4.00000000 -97.90502167 182.97821045
v 4.00000000 -97.48204041 185.36369324
v 4.00000000 -98.51731110 183.09999084
v 4.00000000 -98.51731110 185.50000000
v 4.00000000 -99.55258942 185.36369324
v 4.00000000 -99.12960815 182.97821045
v 4.00000000 -100.51731110 184.96409607
v 4.00000000 -99.64868164 182.63136292
v 4.00000000 -101.34574127 184.32843018
v 4.00000000 -99.99552155 182.11228943
v 4.00000000 -101.98141479 183.50000000
v 4.00000000 -102.38101959 182.53527832
v 4.00000000 -100.11730957 181.50000000
v 4.00000000 -102.51731110 181.50000000
v 4.00000000 -100.11730957 178.50000000
v 4.00000000 -102.51731110 178.50000000
v 4.00000000 -102.38101959 177.46472168
v 4.00000000 -99.99552155 177.88769531
v 4.00000000 -101.98141479 176.50000000
v 4.00000000 -101.34574127 175.67156982
v 4.00000000 -99.64868164 177.36862183
v 4.00000000 -100.51731110 175.03588867
v 4.00000000 -99.12960815 177.02178955
v 4.00000000 -99.55258942 174.63629150
v 4.00000000 -98.51731110 176.89999390
v 4.00000000 -98.51731110 174.50000000
v 4.00000000 -97.48204041 174.63629150
v 4.00000000 -97.90502167 177.02178955
v 4.00000000 -96.51731110 175.03588867
v 4.00000000 -97.38594055 177.36862183
v 4.00000000 -95.68888855 175.67156982
v 4.00000000 -97.03910828 177.88769531
v 4.00000000 -95.05321503 176.50000000
v 4.00000000 -94.65361023 177.46472168
v 4.00000000 -96.91731262 178.50000000
v 4.00000000 -94.51731110 147.50000000
v 4.00000000 -94.51731110 150.50000000
v 4.00000000 -96.91731262 150.50000000
v 4.00000000 -94.65361023 151.53527832
v 4.00000000 -97.03910828 151.11228943
v 4.00000000 -95.05321503 152.50000000
v 4.00000000 -95.68888855 153.32843018
v 4.00000000 -97.38594055 151.63136292
v 4.00000000 -96.51731110 153.96409607
v 4.00000000 -97.90502167 151.97821045
v 4.00000000 -97.48204041 154.36369324
v 4.00000000 -98.51731110 152.09999084
v 4.00000000 -98.51731110 154.50000000
v 4.00000000 -99.55258942 154.36369324
v 4.00000000 -99.12960815 151.97821045
v 4.00000000 -100.51731110 153.96409607
v 4.00000000 -99.64868164 151.63136292
v 4.00000000 -101.34574127 153.32843018
v 4.00000000 -99.99552155 151.11228943
v 4.00000000 -101.98141479 152.50000000
v 4.00000000 -102.38101959 151.53527832
v 4.00000000 -100.11731720 150.50000000
v 4.00000000 -102.51731110 150.50000000
v 4.00000000 -100.11731720 147.50000000
v 4.00000000 -102.51731110 147.50000000
v 4.00000000 -102.38101959 146.46472168
v 4.00000000 -99.99552155 146.88771057
v 4.00000000 -101.98141479 145.50000000
v 4.00000000 -101.34574127 144.67156982
v 4.00000000 -99.64868164 146.36862183
v 4.00000000 -100.51731110 144.03588867
v 4.00000000 -99.12960815 146.02178955
v 4.00000000 -99.55258942 143.63629150
v 4.00000000 -98.51731110 145.89999390
v 4.00000000 -98.51731110 143.50000000
v 4.00000000 -97.48204041 143.63629150
v 4.00000000 -97.90502167 146.02178955
v 4.00000000 -96.51731110 144.03588867
v 4.00000000 -97.38594055 146.36862183
v 4.00000000 -95.68888855 144.67156982
v 4.00000000 -97.03910828 146.88771057
v 4.00000000 -95.05321503 145.50000000
v 4.00000000 -94.65361023 146.46472168
v 4.00000000 -96.91731262 147.50000000
v 4.00000000 -125.51731110 147.50000000
v 4.00000000 -125.51731110 150.50000000
v 4.00000000 -127.91731262 150.50000000
v 4.00000000 -125.65361023 151.53527832
v 4.00000000 -128.03910828 151.11228943
v 4.00000000 -126.05320740 152.50000000
v 4.00000000 -126.68888855 153.32843018
v 4.00000000 -128.38594055 151.63136292
v 4.00000000 -127.51731110 153.96409607
v 4.00000000 -128.90501404 151.97821045
v 4.00000000 -128.48204041 154.36369324
v 4.00000000 -129.51731873 152.09999084
v 4.00000000 -129.51731873 154.50000000
v 4.00000000 -130.55258179 154.36369324
v 4.00000000 -130.12960815 151.97821045
v 4.00000000 -131.51731873 153.96409607
v 4.00000000 -130.64868164 151.63136292
v 4.00000000 -132.34573364 153.32843018
v 4.00000000 -130.99551392 151.11228943
v 4.00000000 -132.98141479 152.50000000
v 4.00000000 -133.38101196 151.53527832
v 4.00000000 -131.11730957 150.50000000
v 4.00000000 -133.51731873 150.50000000
v 4.00000000 -131.11730957 147.50000000
v 4.00000000 -133.51731873 147.50000000
v 4.00000000 -133.38101196 146.46472168
v 4.00000000 -130.99551392 146.88771057
v 4.00000000 -132.98141479 145.50000000
v 4.00000000 -132.34573364 144.67156982
v 4.00000000 -130.64868164 146.36862183
v 4.00000000 -131.51731873 144.03588867
v 4.00000000 -130.12960815 146.02178955
v 4.00000000 -130.55258179 143.63629150
v 4.00000000 -129.51731873 145.89999390
v 4.00000000 -129.51731873 143.50000000
v 4.00000000 -128.48204041 143.63629150
v 4.00000000 -128.90501404 146.02178955
v 4.00000000 -127.51731110 144.03588867
v 4.00000000 -128.38594055 146.36862183
v 4.00000000 -126.68888855 144.67156982
v 4.00000000 -128.03910828 146.88771057
v 4.00000000 -126.05320740 145.50000000
v 4.00000000 -125.65361023 146.46472168
v 4.00000000 -127.91731262 147.50000000
v 4.00000000 -125.51731110 178.50000000
v 4.00000000 -125.51731110 181.50000000
v 4.00000000 -127.91731262 181.50000000
v 4.00000000 -125.65361023 182.53527832
v 4.00000000 -128.03910828 182.11228943
v 4.00000000 -126.05321503 183.50000000
v 4.00000000 -126.68888855 184.32843018
v 4.00000000 -128.38594055 182.63136292
v 4.00000000 -127.51731110 184.96409607
v 4.00000000 -128.90501404 182.97821045
v 4.00000000 -128.48204041 185.36369324
v 4.00000000 -129.51731873 183.09999084
v 4.00000000 -129.51731873 185.50000000
v 4.00000000 -130.55258179 185.36369324
v 4.00000000 -130.12960815 182.97821045
v 4.00000000 -131.51731873 184.96409607
v 4.00000000 -130.64868164 182.63136292
v 4.00000000 -132.34573364 184.32843018
v 4.00000000 -130.99551392 182.11228943
v 4.00000000 -132.98141479 183.50000000
v 4.00000000 -133.38101196 182.53527832
v 4.00000000 -131.11730957 181.50000000
v 4.00000000 -133.51731873 181.50000000
v 4.00000000 -131.11730957 178.50000000
v 4.00000000 -133.51731873 178.50000000
v 4.00000000 -133.38101196 177.46472168
v 4.00000000 -130.99551392 177.88769531
v 4.00000000 -132.98141479 176.50000000
v 4.00000000 -132.34573364 175.67156982
v 4.00000000 -130.64868164 177.36862183
v 4.00000000 -131.51731873 175.03588867
v 4.00000000 -130.12960815 177.02178955
v 4.00000000 -130.55258179 174.63629150
v 4.00000000 -129.51731873 176.89999390
v 4.00000000 -129.51731873 174.50000000
v 4.00000000 -128.48204041 174.63629150
v 4.00000000 -128.90501404 177.02178955
v 4.00000000 -127.51731110 175.03588867
v 4.00000000 -128.38594055 177.36862183
v 4.00000000 -126.68888855 175.67156982
v 4.00000000 -128.03910828 177.88769531
v 4.00000000 -126.05321503 176.50000000
v 4.00000000 -125.65361023 177.46472168
v 4.00000000 -127.91731262 178.50000000
v -41.00000000 -134.05305481 286.96591187
v -41.00000000 -135.91526794 285.01260376
v -41.00000000 -136.51571655 284.12701416
v -41.00000000 -137.01731873 282.06237793
v -41.00000000 -136.89012146 283.12472534
v -41.00000000 -132.01731873 288.73764038
v -41.00000000 -129.82569885 290.31243896
v -41.00000000 -127.49717712 291.67669678
v -41.00000000 -125.05191040 292.81860352
v -41.00000000 -122.51109314 293.72824097
v -41.00000000 -121.77371216 287.97106934
v -41.00000000 -119.89670563 294.39776611
v -41.00000000 -117.23141479 294.82135010
v -41.00000000 -114.53827667 294.99533081
v -41.00000000 -115.14648438 289.27261353
v -41.00000000 -117.39422607 289.05398560
v -41.00000000 -119.61023712 288.61877441
v -41.00000000 -112.88813782 289.27261353
v -41.00000000 -111.84063721 294.91818237
v -41.00000000 -110.64040375 289.05398560
v -41.00000000 -109.16184235 294.59063721
v -41.00000000 -106.52510071 294.01547241
v -41.00000000 -103.95323944 293.19769287
v -41.00000000 -104.17031097 287.11697388
v -41.00000000 -106.26091003 287.97106934
v -41.00000000 -108.42438507 288.61877441
v -41.00000000 -103.29047394 286.56881714
v -41.00000000 -101.46853638 292.14437866
v -41.00000000 -102.56738281 285.82604980
v -41.00000000 -102.04306030 284.93182373
v -41.00000000 -101.74797821 283.93807983
v -41.00000000 -101.69928741 282.90261841
v -41.00000000 -101.89981079 281.88558960
v -41.00000000 -102.33790588 280.94607544
v -41.00000000 -99.09250641 290.86462402
v -41.00000000 -96.84573364 289.36956787
v -41.00000000 -91.01731110 282.06237793
v -41.00000000 -93.94404602 269.02554321
v -41.00000000 -93.73150635 266.75903320
v -41.00000000 -93.77407837 264.48297119
v -41.00000000 -94.07121277 262.22598267
v -41.00000000 -94.61918640 260.01647949
v -41.00000000 -95.41110229 257.88220215
v -41.00000000 -91.14450836 283.12472534
v -41.00000000 -91.51891327 284.12701416
v -41.00000000 -92.11935425 285.01260376
v -41.00000000 -92.19429779 285.09857178
v -41.00000000 -92.26957703 285.18426514
v -41.00000000 -94.21731567 238.50000000
v -41.00000000 -91.01731110 193.00000000
v -41.00000000 -94.21731567 235.50000000
v -41.00000000 -94.34226227 234.47093201
v -41.00000000 -94.70985413 233.50167847
v -41.00000000 -95.29872131 232.64857483
v -41.00000000 -96.07463837 231.96116638
v -41.00000000 -96.99251556 231.47943115
v -41.00000000 -91.13640594 191.94302368
v -41.00000000 -91.48770905 190.93904114
v -41.00000000 -92.05361176 190.03842163
v -41.00000000 -92.80574036 189.28630066
v -41.00000000 -93.70636749 188.72039795
v -41.00000000 -94.71034241 188.36909485
v -41.00000000 -95.76731110 188.25000000
v -41.00000000 -98.10758972 188.25000000
v -41.00000000 -101.79769897 193.61914062
v -41.00000000 -99.03562164 200.23135376
v -41.00000000 -100.04211426 200.47943115
v -41.00000000 -100.95999146 200.96116638
v -41.00000000 -102.32527924 194.21676636
v -41.00000000 -101.73590851 201.64857483
v -41.00000000 -102.98078156 194.67045593
v -41.00000000 -103.72595978 194.95370483
v -41.00000000 -102.32477570 202.50169373
v -41.00000000 -104.51731110 195.05000305
v -41.00000000 -102.69235992 203.47093201
v -41.00000000 -102.81731415 204.50000000
v -41.00000000 -108.54782867 211.62832642
v -41.00000000 -107.24449921 212.64276123
v -41.00000000 -123.51731110 195.05000305
v -41.00000000 -113.19152069 210.03414917
v -41.00000000 -111.56246185 210.30599976
v -41.00000000 -110.00035858 210.84226990
v -41.00000000 -124.30867004 194.95370483
v -41.00000000 -125.70985413 202.50169373
v -41.00000000 -125.34226227 203.47093201
v -41.00000000 -125.21731567 204.50000000
v -41.00000000 -126.29871368 201.64857483
v -41.00000000 -125.05384064 194.67045593
v -41.00000000 -125.70934296 194.21676636
v -41.00000000 -127.07463837 200.96116638
v -41.00000000 -126.23693085 193.61914062
v -41.00000000 -127.99251556 200.47943115
v -41.00000000 -128.99900818 200.23135376
v -41.00000000 -129.92703247 188.25000000
v -41.00000000 -132.26731873 188.25000000
v -41.00000000 -133.32429504 188.36909485
v -41.00000000 -134.32826233 188.72039795
v -41.00000000 -135.22889709 189.28630066
v -41.00000000 -135.98101807 190.03842163
v -41.00000000 -136.54692078 190.93904114
v -41.00000000 -136.89822388 191.94302368
v -41.00000000 -137.01731873 193.00000000
v -41.00000000 -137.01731873 251.50862122
v -41.00000000 -133.81730652 207.50000000
v -41.00000000 -133.81730652 204.50000000
v -41.00000000 -137.11439514 252.93316650
v -41.00000000 -137.40385437 254.33137512
v -41.00000000 -137.88032532 255.67736816
v -41.00000000 -138.80792236 258.16250610
v -41.00000000 -139.47746277 260.72924805
v -41.00000000 -139.88200378 263.35083008
v -41.00000000 -140.01731873 266.00000000
v -41.00000000 -139.88200378 268.64916992
v -41.00000000 -139.47746277 271.27075195
v -41.00000000 -138.80792236 273.83746338
v -41.00000000 -137.88032532 276.32263184
v -41.00000000 -137.40385437 277.66860962
v -41.00000000 -137.11439514 279.06683350
v -41.00000000 -137.01731873 280.49136353
v -41.00000000 -105.78558350 278.92459106
v -41.00000000 -104.76353455 279.09774780
v -41.00000000 -103.81261444 279.51043701
v -41.00000000 -102.98809814 280.13873291
v -41.00000000 -106.81937408 279.00106812
v -41.00000000 -107.80482483 279.32272339
v -41.00000000 -109.50963593 279.99182129
v -41.00000000 -111.28441620 280.44372559
v -41.00000000 -113.10160828 280.67144775
v -41.00000000 -114.93301392 280.67144775
v -41.00000000 -116.75021362 280.44372559
v -41.00000000 -118.52499390 279.99182129
v -41.00000000 -128.12181091 270.59597778
v -41.00000000 -128.25396729 271.38189697
v -41.00000000 -128.60220337 272.09875488
v -41.00000000 -129.13827515 272.68847656
v -41.00000000 -126.74788666 258.64999390
v -41.00000000 -127.59834290 260.37454224
v -41.00000000 -128.21641541 262.19534302
v -41.00000000 -126.45168304 257.91012573
v -41.00000000 -126.37593079 257.11676025
v -41.00000000 -125.34226227 239.52905273
v -41.00000000 -125.70985413 240.49830627
v -41.00000000 -126.29871368 241.35142517
v -41.00000000 -127.07463074 242.03883362
v -41.00000000 -127.99250793 242.52056885
v -41.00000000 -128.99900818 242.76864624
v -41.00000000 -130.03561401 242.76864624
v -41.00000000 -131.04211426 242.52056885
v -41.00000000 -131.95999146 242.03883362
v -41.00000000 -132.73591614 241.35142517
v -41.00000000 -133.32476807 240.49830627
v -41.00000000 -133.69236755 239.52905273
v -41.00000000 -133.81730652 238.50000000
v -41.00000000 -133.81730652 235.50000000
v -41.00000000 -133.69236755 234.47093201
v -41.00000000 -133.32476807 233.50167847
v -41.00000000 -125.21731567 238.50000000
v -41.00000000 -125.21731567 235.50000000
v -41.00000000 -125.34226227 234.47093201
v -41.00000000 -125.70985413 233.50167847
v -41.00000000 -126.29871368 232.64857483
v -41.00000000 -127.07463074 231.96116638
v -41.00000000 -127.99250793 231.47943115
v -41.00000000 -124.01731110 220.00000000
v -41.00000000 -127.99251556 211.52056885
v -41.00000000 -123.88092804 218.35404968
v -41.00000000 -127.07463837 211.03883362
v -41.00000000 -126.29871368 210.35142517
v -41.00000000 -123.47548676 216.75300598
v -41.00000000 -125.70985413 209.49830627
v -41.00000000 -122.81204987 215.24052429
v -41.00000000 -125.34226227 208.52905273
v -41.00000000 -121.90872192 213.85786438
v -41.00000000 -125.21731567 207.50000000
v -41.00000000 -120.79013062 212.64276123
v -41.00000000 -119.48679352 211.62832642
v -41.00000000 -118.03426361 210.84226990
v -41.00000000 -116.47216797 210.30599976
v -41.00000000 -102.69235992 239.52905273
v -41.00000000 -102.32477570 240.49830627
v -41.00000000 -100.04211426 231.47943115
v -41.00000000 -104.01731110 220.00000000
v -41.00000000 -100.04211426 211.52056885
v -41.00000000 -99.03562164 211.76864624
v -41.00000000 -97.99900818 211.76864624
v -41.00000000 -96.99251556 211.52056885
v -41.00000000 -96.07463837 211.03883362
v -41.00000000 -101.73590851 232.64857483
v -41.00000000 -100.95999146 231.96116638
v -41.00000000 -102.32477570 233.50167847
v -41.00000000 -102.69235992 234.47093201
v -41.00000000 -102.81731415 235.50000000
v -41.00000000 -102.81731415 238.50000000
v -41.00000000 -114.84310913 210.03414917
v -41.00000000 -102.81731415 207.50000000
v -41.00000000 -106.12590790 213.85786438
v -41.00000000 -102.69235992 208.52905273
v -41.00000000 -105.22257233 215.24052429
v -41.00000000 -102.32477570 209.49830627
v -41.00000000 -104.55914307 216.75300598
v -41.00000000 -101.73590851 210.35142517
v -41.00000000 -104.15370178 218.35404968
v -41.00000000 -100.95999146 211.03883362
v -41.00000000 -126.52675629 256.33419800
v -41.00000000 -126.89194489 255.62583923
v -41.00000000 -127.44190979 255.04904175
v -41.00000000 -128.13209534 254.65055847
v -41.00000000 -128.90660095 254.46267700
v -41.00000000 -129.70266724 254.50059509
v -41.00000000 -130.45579529 254.76126099
v -41.00000000 -131.10498047 255.22354126
v -41.00000000 -97.99900818 231.23135376
v -41.00000000 -99.03562164 231.23135376
v -41.00000000 -94.70985413 209.49830627
v -41.00000000 -95.29871368 210.35142517
v -41.00000000 -94.34226227 208.52905273
v -41.00000000 -94.21731567 207.50000000
v -41.00000000 -94.21731567 204.50000000
v -41.00000000 -94.34226227 203.47093201
v -41.00000000 -94.70985413 202.50169373
v -41.00000000 -95.29871368 201.64857483
v -41.00000000 -96.07463837 200.96116638
v -41.00000000 -96.99251556 200.47943115
v -41.00000000 -128.99900818 231.23135376
v -41.00000000 -130.03561401 231.23135376
v -41.00000000 -131.04211426 231.47943115
v -41.00000000 -131.95999146 231.96116638
v -41.00000000 -132.73591614 232.64857483
v -41.00000000 -133.32476807 209.49830627
v -41.00000000 -133.69236755 208.52905273
v -41.00000000 -132.73591614 210.35142517
v -41.00000000 -131.95999146 211.03883362
v -41.00000000 -131.04211426 211.52056885
v -41.00000000 -130.03561401 211.76864624
v -41.00000000 -128.99900818 211.76864624
v -41.00000000 -100.04211426 242.52056885
v -41.00000000 -100.95999146 242.03883362
v -41.00000000 -99.03562164 242.76864624
v -41.00000000 -97.99900818 242.76864624
v -41.00000000 -96.99251556 242.52056885
v -41.00000000 -96.07463837 242.03883362
v -41.00000000 -95.29872131 241.35142517
v -41.00000000 -94.70985413 240.49830627
v -41.00000000 -94.34226227 239.52905273
v -41.00000000 -129.81880188 273.10327148
v -41.00000000 -133.31188965 271.98663330
v -41.00000000 -132.80445862 272.60119629
v -41.00000000 -132.14445496 273.04788208
v -41.00000000 -131.38534546 273.29055786
v -41.00000000 -130.58860779 273.30953979
v -41.00000000 -97.99900818 200.23135376
v -41.00000000 -133.69236755 203.47093201
v -41.00000000 -133.32476807 202.50169373
v -41.00000000 -132.73591614 201.64857483
v -41.00000000 -131.95999146 200.96116638
v -41.00000000 -131.04211426 200.47943115
v -41.00000000 -130.03561401 200.23135376
v -41.00000000 -101.73590851 241.35142517
v -41.00000000 -128.59155273 264.08126831
v -41.00000000 -128.71731567 266.00000000
v -41.00000000 -128.59155273 267.91873169
v -41.00000000 -128.21641541 269.80462646
v -33.50000000 -124.01731110 220.00000000
v -33.50000000 -104.01731110 220.00000000
v -33.50000000 -104.15370178 218.35404968
v -33.50000000 -104.55914307 216.75300598
v -33.50000000 -105.22257233 215.24052429
v -33.50000000 -106.12590790 213.85786438
v -33.50000000 -107.24449921 212.64276123
v -33.50000000 -108.54782867 211.62832642
v -33.50000000 -110.00035858 210.84226990
v -33.50000000 -111.56246185 210.30599976
v -33.50000000 -113.19152069 210.03414917
v -33.50000000 -114.84310913 210.03414917
v -33.50000000 -116.47216797 210.30599976
v -33.50000000 -118.03426361 210.84226990
v -33.50000000 -119.48679352 211.62832642
v -33.50000000 -120.79013062 212.64276123
v -33.50000000 -121.90872192 213.85786438
v -33.50000000 -122.81204987 215.24052429
v -33.50000000 -123.47548676 216.75300598
v -33.50000000 -123.88092804 218.35404968
v -33.50000000 -102.96731567 220.00000000
v -31.29999924 -102.96731567 220.00000000
v -33.50000000 -102.96731567 223.50000000
v -31.29999924 -102.96731567 223.50000000
v -33.50000000 -125.06731415 220.00000000
v -31.29999924 -125.06731415 220.00000000
v -33.50000000 -124.93126678 218.27139282
v -31.29999924 -124.93126678 218.27139282
v -33.50000000 -124.52648926 216.58535767
v -31.29999924 -124.52648926 216.58535767
v -33.50000000 -123.86293793 214.98339844
v -31.29999924 -123.86293793 214.98339844
v -33.50000000 -122.95694733 213.50497437
v -31.29999924 -122.95694733 213.50497437
v -33.50000000 -121.83084106 212.18646240
v -31.29999924 -121.83084106 212.18646240
v -33.50000000 -120.51233673 211.06036377
v -31.29999924 -120.51233673 211.06036377
v -33.50000000 -119.03390503 210.15437317
v -31.29999924 -119.03390503 210.15437317
v -33.50000000 -117.43195343 209.49081421
v -31.29999924 -117.43195343 209.49081421
v -33.50000000 -115.74591064 209.08604431
v -31.29999924 -115.74591064 209.08604431
v -33.50000000 -114.01731110 208.94999695
v -31.29999924 -114.01731110 208.94999695
v -33.50000000 -112.28871155 209.08604431
v -31.29999924 -112.28871155 209.08604431
v -33.50000000 -110.60267639 209.49081421
v -31.29999924 -110.60267639 209.49081421
v -33.50000000 -109.00071716 210.15437317
v -31.29999924 -109.00071716 210.15437317
v -33.50000000 -107.52228546 211.06036377
v -31.29999924 -107.52228546 211.06036377
v -33.50000000 -106.20378113 212.18646240
v -31.29999924 -106.20378113 212.18646240
v -33.50000000 -105.07767487 213.50497437
v -31.29999924 -105.07767487 213.50497437
v -33.50000000 -104.17169189 214.98339844
v -31.29999924 -104.17169189 214.98339844
v -33.50000000 -103.50814056 216.58535767
v -31.29999924 -103.50814056 216.58535767
v -33.50000000 -103.10335541 218.27139282
v -31.29999924 -103.10335541 218.27139282
v -33.50000000 -125.06731415 223.50000000
v -31.29999924 -125.06731415 223.50000000
v -33.50000000 -103.10335541 225.22859192
v -33.50000000 -103.50814056 226.91462708
v -33.50000000 -104.17169189 228.51658630
v -33.50000000 -105.07767487 229.99502563
v -33.50000000 -106.20378113 231.31352234
v -33.50000000 -107.52228546 232.43963623
v -33.50000000 -109.00071716 233.34561157
v -33.50000000 -110.60267639 234.00917053
v -33.50000000 -112.28871155 234.41395569
v -33.50000000 -114.01731110 234.55000305
v -33.50000000 -115.74591064 234.41395569
v -33.50000000 -117.43195343 234.00917053
v -33.50000000 -119.03390503 233.34561157
v -33.50000000 -120.51233673 232.43963623
v -33.50000000 -121.83084106 231.31352234
v -33.50000000 -122.95694733 229.99502563
v -33.50000000 -123.86293793 228.51658630
v -33.50000000 -124.52648926 226.91462708
v -33.50000000 -124.93126678 225.22859192
v -36.00000000 -102.51731110 204.50000000
v -36.00000000 -102.51731110 207.50000000
v -36.00000000 -100.11730957 207.50000000
v -36.00000000 -102.38101959 208.53527832
v -36.00000000 -99.99552155 208.11228943
v -36.00000000 -101.98141479 209.50000000
v -36.00000000 -101.34574127 210.32843018
v -36.00000000 -99.64868164 208.63136292
v -36.00000000 -100.51731110 210.96409607
v -36.00000000 -99.12960815 208.97821045
v -36.00000000 -99.55258942 211.36369324
v -36.00000000 -98.51731110 209.09999084
v -36.00000000 -98.51731110 211.50000000
v -36.00000000 -97.48204041 211.36369324
v -36.00000000 -97.90502167 208.97821045
v -36.00000000 -96.51731110 210.96409607
v -36.00000000 -97.38594055 208.63136292
v -36.00000000 -95.68888855 210.32843018
v -36.00000000 -97.03910828 208.11228943
v -36.00000000 -95.05321503 209.50000000
v -36.00000000 -94.65361023 208.53527832
v -36.00000000 -96.91731262 207.50000000
v -36.00000000 -94.51731110 207.50000000
v -36.00000000 -96.91731262 204.50000000
v -36.00000000 -94.51731110 204.50000000
v -36.00000000 -94.65361023 203.46472168
v -36.00000000 -97.03910828 203.88769531
v -36.00000000 -95.05321503 202.50000000
v -36.00000000 -95.68888855 201.67156982
v -36.00000000 -97.38594055 203.36862183
v -36.00000000 -96.51731110 201.03588867
v -36.00000000 -97.90502167 203.02178955
v -36.00000000 -97.48204041 200.63629150
v -36.00000000 -98.51731110 202.89999390
v -36.00000000 -98.51731110 200.50000000
v -36.00000000 -99.55258942 200.63629150
v -36.00000000 -99.12960815 203.02178955
v -36.00000000 -100.51731110 201.03588867
v -36.00000000 -99.64868164 203.36862183
v -36.00000000 -101.34574127 201.67156982
v -36.00000000 -99.99552155 203.88769531
v -36.00000000 -101.98141479 202.50000000
v -36.00000000 -102.38101959 203.46472168
v -36.00000000 -100.11730957 204.50000000
v -36.00000000 -102.51731110 235.50000000
v -36.00000000 -102.51731110 238.50000000
v -36.00000000 -100.11731720 238.50000000
v -36.00000000 -102.38101959 239.53527832
v -36.00000000 -99.99552155 239.11228943
v -36.00000000 -101.98141479 240.50000000
v -36.00000000 -101.34574127 241.32843018
v -36.00000000 -99.64868164 239.63136292
v -36.00000000 -100.51731110 241.96409607
v -36.00000000 -99.12960815 239.97819519
v -36.00000000 -99.55258942 242.36369324
v -36.00000000 -98.51731110 240.09999084
v -36.00000000 -98.51731110 242.50000000
v -36.00000000 -97.48204041 242.36369324
v -36.00000000 -97.90502167 239.97819519
v -36.00000000 -96.51731110 241.96409607
v -36.00000000 -97.38594055 239.63136292
v -36.00000000 -95.68888855 241.32843018
v -36.00000000 -97.03910828 239.11228943
v -36.00000000 -95.05321503 240.50000000
v -36.00000000 -94.65361023 239.53527832
v -36.00000000 -96.91731262 238.50000000
v -36.00000000 -94.51731110 238.50000000
v -36.00000000 -96.91731262 235.50000000
v -36.00000000 -94.51731110 235.50000000
v -36.00000000 -94.65361023 234.46472168
v -36.00000000 -97.03910828 234.88769531
v -36.00000000 -95.05321503 233.50000000
v -36.00000000 -95.68888855 232.67156982
v -36.00000000 -97.38594055 234.36862183
v -36.00000000 -96.51731110 232.03588867
v -36.00000000 -97.90502167 234.02178955
v -36.00000000 -97.48204041 231.63629150
v -36.00000000 -98.51731110 233.89999390
v -36.00000000 -98.51731110 231.50000000
v -36.00000000 -99.55258942 231.63629150
v -36.00000000 -99.12960815 234.02178955
v -36.00000000 -100.51731110 232.03588867
v -36.00000000 -99.64868164 234.36862183
v -36.00000000 -101.34574127 232.67156982
v -36.00000000 -99.99552155 234.88769531
v -36.00000000 -101.98141479 233.50000000
v -36.00000000 -102.38101959 234.46472168
v -36.00000000 -100.11731720 235.50000000
v -36.00000000 -133.51731873 235.50000000
v -36.00000000 -133.51731873 238.50000000
v -36.00000000 -131.11730957 238.50000000
v -36.00000000 -133.38101196 239.53527832
v -36.00000000 -130.99551392 239.11228943
v -36.00000000 -132.98141479 240.50000000
v -36.00000000 -132.34573364 241.32843018
v -36.00000000 -130.64868164 239.63136292
v -36.00000000 -131.51731873 241.96409607
v -36.00000000 -130.12960815 239.97819519
v -36.00000000 -130.55258179 242.36369324
v -36.00000000 -129.51731873 240.09999084
v -36.00000000 -129.51731873 242.50000000
v -36.00000000 -128.48204041 242.36369324
v -36.00000000 -128.90501404 239.97819519
v -36.00000000 -127.51731110 241.96409607
v -36.00000000 -128.38594055 239.63136292
v -36.00000000 -126.68888855 241.32843018
v -36.00000000 -128.03910828 239.11228943
v -36.00000000 -126.05320740 240.50000000
v -36.00000000 -125.65361023 239.53527832
v -36.00000000 -127.91731262 238.50000000
v -36.00000000 -125.51731110 238.50000000
v -36.00000000 -127.91731262 235.50000000
v -36.00000000 -125.51731110 235.50000000
v -36.00000000 -125.65361023 234.46472168
v -36.00000000 -128.03910828 234.88769531
v -36.00000000 -126.05320740 233.50000000
v -36.00000000 -126.68888855 232.67156982
v -36.00000000 -128.38594055 234.36862183
v -36.00000000 -127.51731110 232.03588867
v -36.00000000 -128.90501404 234.02178955
v -36.00000000 -128.48204041 231.63629150
v -36.00000000 -129.51731873 233.89999390
v -36.00000000 -129.51731873 231.50000000
v -36.00000000 -130.55258179 231.63629150
v -36.00000000 -130.12960815 234.02178955
v -36.00000000 -131.51731873 232.03588867
v -36.00000000 -130.64868164 234.36862183
v -36.00000000 -132.34573364 232.67156982
v -36.00000000 -130.99551392 234.88769531
v -36.00000000 -132.98141479 233.50000000
v -36.00000000 -133.38101196 234.46472168
v -36.00000000 -131.11730957 235.50000000
v -36.00000000 -133.51731873 204.50000000
v -36.00000000 -133.51731873 207.50000000
v -36.00000000 -131.11730957 207.50000000
v -36.00000000 -133.38101196 208.53527832
v -36.00000000 -130.99551392 208.11228943
v -36.00000000 -132.98141479 209.50000000
v -36.00000000 -132.34573364 210.32843018
v -36.00000000 -130.64868164 208.63136292
v -36.00000000 -131.51731873 210.96409607
v -36.00000000 -130.12960815 208.97821045
v -36.00000000 -130.55258179 211.36369324
v -36.00000000 -129.51731873 209.09999084
v -36.00000000 -129.51731873 211.50000000
v -36.00000000 -128.48204041 211.36369324
v -36.00000000 -128.90501404 208.97821045
v -36.00000000 -127.51731110 210.96409607
v -36.00000000 -128.38594055 208.63136292
v -36.00000000 -126.68888855 210.32843018
v -36.00000000 -128.03910828 208.11228943
v -36.00000000 -126.05321503 209.50000000
v -36.00000000 -125.65361023 208.53527832
v -36.00000000 -127.91731262 207.50000000
v -36.00000000 -125.51731110 207.50000000
v -36.00000000 -127.91731262 204.50000000
v -36.00000000 -125.51731110 204.50000000
v -36.00000000 -125.65361023 203.46472168
v -36.00000000 -128.03910828 203.88769531
v -36.00000000 -126.05321503 202.50000000
v -36.00000000 -126.68888855 201.67156982
v -36.00000000 -128.38594055 203.36862183
v -36.00000000 -127.51731110 201.03588867
v -36.00000000 -128.90501404 203.02178955
v -36.00000000 -128.48204041 200.63629150
v -36.00000000 -129.51731873 202.89999390
v -36.00000000 -129.51731873 200.50000000
v -36.00000000 -130.55258179 200.63629150
v -36.00000000 -130.12960815 203.02178955
v -36.00000000 -131.51731873 201.03588867
v -36.00000000 -130.64868164 203.36862183
v -36.00000000 -132.34573364 201.67156982
v -36.00000000 -130.99551392 203.88769531
v -36.00000000 -132.98141479 202.50000000
v -36.00000000 -133.38101196 203.46472168
v -36.00000000 -131.11730957 204.50000000
v -0.69999999 -127.91731262 178.50000000
v -0.69999999 -128.03910828 177.88769531
v -0.69999999 -128.38594055 177.36862183
v -0.69999999 -128.90501404 177.02178955
v -0.69999999 -129.51731873 176.89999390
v -0.69999999 -130.12960815 177.02178955
v -0.69999999 -130.64868164 177.36862183
v -0.69999999 -130.99551392 177.88769531
v -0.69999999 -131.11730957 178.50000000
v -0.69999999 -131.11730957 181.50000000
v -0.69999999 -130.99551392 182.11228943
v -0.69999999 -130.64868164 182.63136292
v -0.69999999 -130.12960815 182.97821045
v -0.69999999 -129.51731873 183.09999084
v -0.69999999 -128.90501404 182.97821045
v -0.69999999 -128.38594055 182.63136292
v -0.69999999 -128.03910828 182.11228943
v -0.69999999 -127.91731262 181.50000000
v -0.69999999 -127.91731262 147.50000000
v -0.69999999 -128.03910828 146.88771057
v -0.69999999 -128.38594055 146.36862183
v -0.69999999 -128.90501404 146.02178955
v -0.69999999 -129.51731873 145.89999390
v -0.69999999 -130.12960815 146.02178955
v -0.69999999 -130.64868164 146.36862183
v -0.69999999 -130.99551392 146.88771057
v -0.69999999 -131.11730957 147.50000000
v -0.69999999 -131.11730957 150.50000000
v -0.69999999 -130.99551392 151.11228943
v -0.69999999 -130.64868164 151.63136292
v -0.69999999 -130.12960815 151.97821045
v -0.69999999 -129.51731873 152.09999084
v -0.69999999 -128.90501404 151.97821045
v -0.69999999 -128.38594055 151.63136292
v -0.69999999 -128.03910828 151.11228943
v -0.69999999 -127.91731262 150.50000000
v -0.69999999 -96.91731262 147.50000000
v -0.69999999 -97.03910828 146.88771057
v -0.69999999 -97.38594055 146.36862183
v -0.69999999 -97.90502167 146.02178955
v -0.69999999 -98.51731110 145.89999390
v -0.69999999 -99.12960815 146.02178955
v -0.69999999 -99.64868164 146.36862183
v -0.69999999 -99.99552155 146.88771057
v -0.69999999 -100.11731720 147.50000000
v -0.69999999 -100.11731720 150.50000000
v -0.69999999 -99.99552155 151.11228943
v -0.69999999 -99.64868164 151.63136292
v -0.69999999 -99.12960815 151.97821045
v -0.69999999 -98.51731110 152.09999084
v -0.69999999 -97.90502167 151.97821045
v -0.69999999 -97.38594055 151.63136292
v -0.69999999 -97.03910828 151.11228943
v -0.69999999 -96.91731262 150.50000000
v -0.69999999 -96.91731262 178.50000000
v -0.69999999 -97.03910828 177.88769531
v -0.69999999 -97.38594055 177.36862183
v -0.69999999 -97.90502167 177.02178955
v -0.69999999 -98.51731110 176.89999390
v -0.69999999 -99.12960815 177.02178955
v -0.69999999 -99.64868164 177.36862183
v -0.69999999 -99.99552155 177.88769531
v -0.69999999 -100.11730957 178.50000000
v -0.69999999 -100.11730957 181.50000000
v -0.69999999 -99.99552155 182.11228943
v -0.69999999 -99.64868164 182.63136292
v -0.69999999 -99.12960815 182.97821045
v -0.69999999 -98.51731110 183.09999084
v -0.69999999 -97.90502167 182.97821045
v -0.69999999 -97.38594055 182.63136292
v -0.69999999 -97.03910828 182.11228943
v -0.69999999 -96.91731262 181.50000000
v 8.69999981 -102.51731110 181.50000000
v 8.69999981 -102.51731110 178.50000000
v 8.69999981 -94.51731110 178.50000000
v 8.69999981 -94.51731110 181.50000000
v 8.69999981 -102.38101959 177.46472168
v 8.69999981 -101.98141479 176.50000000
v 8.69999981 -101.34574127 175.67156982
v 8.69999981 -100.51731110 175.03588867
v 8.69999981 -99.55258942 174.63629150
v 8.69999981 -98.51731110 174.50000000
v 8.69999981 -97.48204041 174.63629150
v 8.69999981 -96.51731110 175.03588867
v 8.69999981 -95.68888855 175.67156982
v 8.69999981 -95.05321503 176.50000000
v 8.69999981 -94.65361023 177.46472168
v 8.69999981 -94.65361023 182.53527832
v 8.69999981 -95.05321503 183.50000000
v 8.69999981 -95.68888855 184.32843018
v 8.69999981 -96.51731110 184.96409607
v 8.69999981 -97.48204041 185.36369324
v 8.69999981 -98.51731110 185.50000000
v 8.69999981 -99.55258942 185.36369324
v 8.69999981 -100.51731110 184.96409607
v 8.69999981 -101.34574127 184.32843018
v 8.69999981 -101.98141479 183.50000000
v 8.69999981 -102.38101959 182.53527832
v 8.69999981 -102.51731110 150.50000000
v 8.69999981 -102.51731110 147.50000000
v 8.69999981 -94.51731110 147.50000000
v 8.69999981 -94.51731110 150.50000000
v 8.69999981 -102.38101959 146.46472168
v 8.69999981 -101.98141479 145.50000000
v 8.69999981 -101.34574127 144.67156982
v 8.69999981 -100.51731110 144.03588867
v 8.69999981 -99.55258942 143.63629150
v 8.69999981 -98.51731110 143.50000000
v 8.69999981 -97.48204041 143.63629150
v 8.69999981 -96.51731110 144.03588867
v 8.69999981 -95.68888855 144.67156982
v 8.69999981 -95.05321503 145.50000000
v 8.69999981 -94.65361023 146.46472168
v 8.69999981 -94.65361023 151.53527832
v 8.69999981 -95.05321503 152.50000000
v 8.69999981 -95.68888855 153.32843018
v 8.69999981 -96.51731110 153.96409607
v 8.69999981 -97.48204041 154.36369324
v 8.69999981 -98.51731110 154.50000000
v 8.69999981 -99.55258942 154.36369324
v 8.69999981 -100.51731110 153.96409607
v 8.69999981 -101.34574127 153.32843018
v 8.69999981 -101.98141479 152.50000000
v 8.69999981 -102.38101959 151.53527832
v 8.69999981 -133.51731873 150.50000000
v 8.69999981 -133.51731873 147.50000000
v 8.69999981 -125.51731110 147.50000000
v 8.69999981 -125.51731110 150.50000000
v 8.69999981 -133.38101196 146.46472168
v 8.69999981 -132.98141479 145.50000000
v 8.69999981 -132.34573364 144.67156982
v 8.69999981 -131.51731873 144.03588867
v 8.69999981 -130.55258179 143.63629150
v 8.69999981 -129.51731873 143.50000000
v 8.69999981 -128.48204041 143.63629150
v 8.69999981 -127.51731110 144.03588867
v 8.69999981 -126.68888855 144.67156982
v 8.69999981 -126.05320740 145.50000000
v 8.69999981 -125.65361023 146.46472168
v 8.69999981 -125.65361023 151.53527832
v 8.69999981 -126.05320740 152.50000000
v 8.69999981 -126.68888855 153.32843018
v 8.69999981 -127.51731110 153.96409607
v 8.69999981 -128.48204041 154.36369324
v 8.69999981 -129.51731873 154.50000000
v 8.69999981 -130.55258179 154.36369324
v 8.69999981 -131.51731873 153.96409607
v 8.69999981 -132.34573364 153.32843018
v 8.69999981 -132.98141479 152.50000000
v 8.69999981 -133.38101196 151.53527832
v 8.69999981 -133.51731873 181.50000000
v 8.69999981 -133.51731873 178.50000000
v 8.69999981 -125.51731110 178.50000000
v 8.69999981 -125.51731110 181.50000000
v 8.69999981 -133.38101196 177.46472168
v 8.69999981 -132.98141479 176.50000000
v 8.69999981 -132.34573364 175.67156982
v 8.69999981 -131.51731873 175.03588867
v 8.69999981 -130.55258179 174.63629150
v 8.69999981 -129.51731873 174.50000000
v 8.69999981 -128.48204041 174.63629150
v 8.69999981 -127.51731110 175.03588867
v 8.69999981 -126.68888855 175.67156982
v 8.69999981 -126.05321503 176.50000000
v 8.69999981 -125.65361023 177.46472168
v 8.69999981 -125.65361023 182.53527832
v 8.69999981 -126.05321503 183.50000000
v 8.69999981 -126.68888855 184.32843018
v 8.69999981 -127.51731110 184.96409607
v 8.69999981 -128.48204041 185.36369324
v 8.69999981 -129.51731873 185.50000000
v 8.69999981 -130.55258179 185.36369324
v 8.69999981 -131.51731873 184.96409607
v 8.69999981 -132.34573364 184.32843018
v 8.69999981 -132.98141479 183.50000000
v 8.69999981 -133.38101196 182.53527832
v -31.29999924 -103.10335541 225.22859192
v -31.29999924 -103.50814056 226.91462708
v -31.29999924 -104.17169189 228.51658630
v -31.29999924 -105.07767487 229.99502563
v -31.29999924 -106.20378113 231.31352234
v -31.29999924 -107.52228546 232.43963623
v -31.29999924 -109.00071716 233.34561157
v -31.29999924 -110.60267639 234.00917053
v -31.29999924 -112.28871155 234.41395569
v -31.29999924 -114.01731110 234.55000305
v -31.29999924 -115.74591064 234.41395569
v -31.29999924 -117.43195343 234.00917053
v -31.29999924 -119.03390503 233.34561157
v -31.29999924 -120.51233673 232.43963623
v -31.29999924 -121.83084106 231.31352234
v -31.29999924 -122.95694733 229.99502563
v -31.29999924 -123.86293793 228.51658630
v -31.29999924 -124.52648926 226.91462708
v -31.29999924 -124.93126678 225.22859192
v -31.29999924 -127.91731262 207.50000000
v -31.29999924 -128.03910828 208.11228943
v -31.29999924 -128.38594055 208.63136292
v -31.29999924 -128.90501404 208.97821045
v -31.29999924 -129.51731873 209.09999084
v -31.29999924 -130.12960815 208.97821045
v -31.29999924 -130.64868164 208.63136292
v -31.29999924 -130.99551392 208.11228943
v -31.29999924 -131.11730957 207.50000000
v -31.29999924 -131.11730957 204.50000000
v -31.29999924 -130.99551392 203.88769531
v -31.29999924 -130.64868164 203.36862183
v -31.29999924 -130.12960815 203.02178955
v -31.29999924 -129.51731873 202.89999390
v -31.29999924 -128.90501404 203.02178955
v -31.29999924 -128.38594055 203.36862183
v -31.29999924 -128.03910828 203.88769531
v -31.29999924 -127.91731262 204.50000000
v -31.29999924 -127.91731262 238.50000000
v -31.29999924 -128.03910828 239.11228943
v -31.29999924 -128.38594055 239.63136292
v -31.29999924 -128.90501404 239.97819519
v -31.29999924 -129.51731873 240.09999084
v -31.29999924 -130.12960815 239.97819519
v -31.29999924 -130.64868164 239.63136292
v -31.29999924 -130.99551392 239.11228943
v -31.29999924 -131.11730957 238.50000000
v -31.29999924 -131.11730957 235.50000000
v -31.29999924 -130.99551392 234.88769531
v -31.29999924 -130.64868164 234.36862183
v -31.29999924 -130.12960815 234.02178955
v -31.29999924 -129.51731873 233.89999390
v -31.29999924 -128.90501404 234.02178955
v -31.29999924 -128.38594055 234.36862183
v -31.29999924 -128.03910828 234.88769531
v -31.29999924 -127.91731262 235.50000000
v -31.29999924 -96.91731262 238.50000000
v -31.29999924 -97.03910828 239.11228943
v -31.29999924 -97.38594055 239.63136292
v -31.29999924 -97.90502167 239.97819519
v -31.29999924 -98.51731110 240.09999084
v -31.29999924 -99.12960815 239.97819519
v -31.29999924 -99.64868164 239.63136292
v -31.29999924 -99.99552155 239.11228943
v -31.29999924 -100.11731720 238.50000000
v -31.29999924 -100.11731720 235.50000000
v -31.29999924 -99.99552155 234.88769531
v -31.29999924 -99.64868164 234.36862183
v -31.29999924 -99.12960815 234.02178955
v -31.29999924 -98.51731110 233.89999390
v -31.29999924 -97.90502167 234.02178955
v -31.29999924 -97.38594055 234.36862183
v -31.29999924 -97.03910828 234.88769531
v -31.29999924 -96.91731262 235.50000000
v -31.29999924 -96.91731262 207.50000000
v -31.29999924 -97.03910828 208.11228943
v -31.29999924 -97.38594055 208.63136292
v -31.29999924 -97.90502167 208.97821045
v -31.29999924 -98.51731110 209.09999084
v -31.29999924 -99.12960815 208.97821045
v -31.29999924 -99.64868164 208.63136292
v -31.29999924 -99.99552155 208.11228943
v -31.29999924 -100.11730957 207.50000000
v -31.29999924 -100.11730957 204.50000000
v -31.29999924 -99.99552155 203.88769531
v -31.29999924 -99.64868164 203.36862183
v -31.29999924 -99.12960815 203.02178955
v -31.29999924 -98.51731110 202.89999390
v -31.29999924 -97.90502167 203.02178955
v -31.29999924 -97.38594055 203.36862183
v -31.29999924 -97.03910828 203.88769531
v -31.29999924 -96.91731262 204.50000000
v -40.70000076 -94.51731110 207.50000000
v -40.70000076 -94.51731110 204.50000000
v -40.70000076 -102.51731110 204.50000000
v -40.70000076 -102.51731110 207.50000000
v -40.70000076 -94.65361023 203.46472168
v -40.70000076 -95.05321503 202.50000000
v -40.70000076 -95.68888855 201.67156982
v -40.70000076 -96.51731110 201.03588867
v -40.70000076 -97.48204041 200.63629150
v -40.70000076 -98.51731110 200.50000000
v -40.70000076 -99.55258942 200.63629150
v -40.70000076 -100.51731110 201.03588867
v -40.70000076 -101.34574127 201.67156982
v -40.70000076 -101.98141479 202.50000000
v -40.70000076 -102.38101959 203.46472168
v -40.70000076 -102.38101959 208.53527832
v -40.70000076 -101.98141479 209.50000000
v -40.70000076 -101.34574127 210.32843018
v -40.70000076 -100.51731110 210.96409607
v -40.70000076 -99.55258942 211.36369324
v -40.70000076 -98.51731110 211.50000000
v -40.70000076 -97.48204041 211.36369324
v -40.70000076 -96.51731110 210.96409607
v -40.70000076 -95.68888855 210.32843018
v -40.70000076 -95.05321503 209.50000000
v -40.70000076 -94.65361023 208.53527832
v -40.70000076 -94.51731110 238.50000000
v -40.70000076 -94.51731110 235.50000000
v -40.70000076 -102.51731110 235.50000000
v -40.70000076 -102.51731110 238.50000000
v -40.70000076 -94.65361023 234.46472168
v -40.70000076 -95.05321503 233.50000000
v -40.70000076 -95.68888855 232.67156982
v -40.70000076 -96.51731110 232.03588867
v -40.70000076 -97.48204041 231.63629150
v -40.70000076 -98.51731110 231.50000000
v -40.70000076 -99.55258942 231.63629150
v -40.70000076 -100.51731110 232.03588867
v -40.70000076 -101.34574127 232.67156982
v -40.70000076 -101.98141479 233.50000000
v -40.70000076 -102.38101959 234.46472168
v -40.70000076 -102.38101959 239.53527832
v -40.70000076 -101.98141479 240.50000000
v -40.70000076 -101.34574127 241.32843018
v -40.70000076 -100.51731110 241.96409607
v -40.70000076 -99.55258942 242.36369324
v -40.70000076 -98.51731110 242.50000000
v -40.70000076 -97.48204041 242.36369324
v -40.70000076 -96.51731110 241.96409607
v -40.70000076 -95.68888855 241.32843018
v -40.70000076 -95.05321503 240.50000000
v -40.70000076 -94.65361023 239.53527832
v -40.70000076 -125.51731110 238.50000000
v -40.70000076 -125.51731110 235.50000000
v -40.70000076 -133.51731873 235.50000000
v -40.70000076 -133.51731873 238.50000000
v -40.70000076 -125.65361023 234.46472168
v -40.70000076 -126.05320740 233.50000000
v -40.70000076 -126.68888855 232.67156982
v -40.70000076 -127.51731110 232.03588867
v -40.70000076 -128.48204041 231.63629150
v -40.70000076 -129.51731873 231.50000000
v -40.70000076 -130.55258179 231.63629150
v -40.70000076 -131.51731873 232.03588867
v -40.70000076 -132.34573364 232.67156982
v -40.70000076 -132.98141479 233.50000000
v -40.70000076 -133.38101196 234.46472168
v -40.70000076 -133.38101196 239.53527832
v -40.70000076 -132.98141479 240.50000000
v -40.70000076 -132.34573364 241.32843018
v -40.70000076 -131.51731873 241.96409607
v -40.70000076 -130.55258179 242.36369324
v -40.70000076 -129.51731873 242.50000000
v -40.70000076 -128.48204041 242.36369324
v -40.70000076 -127.51731110 241.96409607
v -40.70000076 -126.68888855 241.32843018
v -40.70000076 -126.05320740 240.50000000
v -40.70000076 -125.65361023 239.53527832
v -40.70000076 -125.51731110 207.50000000
v -40.70000076 -125.51731110 204.50000000
v -40.70000076 -133.51731873 204.50000000
v -40.70000076 -133.51731873 207.50000000
v -40.70000076 -125.65361023 203.46472168
v -40.70000076 -126.05321503 202.50000000
v -40.70000076 -126.68888855 201.67156982
v -40.70000076 -127.51731110 201.03588867
v -40.70000076 -128.48204041 200.63629150
v -40.70000076 -129.51731873 200.50000000
v -40.70000076 -130.55258179 200.63629150
v -40.70000076 -131.51731873 201.03588867
v -40.70000076 -132.34573364 201.67156982
v -40.70000076 -132.98141479 202.50000000
v -40.70000076 -133.38101196 203.46472168
v -40.70000076 -133.38101196 208.53527832
v -40.70000076 -132.98141479 209.50000000
v -40.70000076 -132.34573364 210.32843018
v -40.70000076 -131.51731873 210.96409607
v -40.70000076 -130.55258179 211.36369324
v -40.70000076 -129.51731873 211.50000000
v -40.70000076 -128.48204041 211.36369324
v -40.70000076 -127.51731110 210.96409607
v -40.70000076 -126.68888855 210.32843018
v -40.70000076 -126.05321503 209.50000000
v -40.70000076 -125.65361023 208.53527832
v -24.00000000 -104.51731110 194.75000000
v -40.70000076 -104.51731110 194.75000000
v -24.00000000 -103.79789734 194.66246033
v -40.70000076 -103.79789734 194.66246033
v -24.00000000 -103.12046814 194.40495300
v -40.70000076 -103.12046814 194.40495300
v -24.00000000 -102.52455902 193.99252319
v -40.70000076 -102.52455902 193.99252319
v -24.00000000 -102.04493713 193.44921875
v -40.70000076 -102.04493713 193.44921875
v -21.00000000 -123.51731110 191.75000000
v -21.00000000 -104.51731110 191.75000000
v -8.00000000 -104.51731110 191.25000000
v 8.69999981 -104.51731110 191.25000000
v -8.00000000 -103.74085236 191.35221863
v 8.69999981 -103.74085236 191.35221863
v -8.00000000 -103.01731110 191.65191650
v 8.69999981 -103.01731110 191.65191650
v -8.00000000 -102.39599609 192.12867737
v 8.69999981 -102.39599609 192.12867737
v -8.00000000 -101.91923523 192.75000000
v 8.69999981 -101.91923523 192.75000000
v -11.00000000 -104.51731110 194.25000000
v -11.00000000 -123.51731110 194.25000000
v -17.00000000 -138.21958923 256.00000000
v -28.00000000 -138.21958923 256.00000000
v -17.00000000 -136.11730957 256.00000000
v -28.00000000 -136.11730957 256.00000000
v -28.00000000 -135.81730652 256.29998779
v -26.00000000 -135.81730652 265.67498779
v -17.00000000 -135.81730652 256.29998779
v -11.10145760 -135.81730652 259.05053711
v -12.05053520 -135.81730652 258.10144043
v -27.08126259 -135.81730652 265.78646851
v -28.92868805 -135.81730652 256.16662598
v -28.11704445 -135.81730652 266.11618042
v -29.06377602 -135.81730652 266.65026855
v -29.78230858 -135.81730652 255.77729797
v -29.88163567 -135.81730652 267.36627197
v -30.49186516 -135.81730652 255.16346741
v -30.53622246 -135.81730652 268.23406982
v -10.00000000 -135.81730652 265.67498779
v -9.30000019 -135.81730652 264.00000000
v -9.41698074 -135.81730652 262.66290283
v -9.76436710 -135.81730652 261.36645508
v -9.64999962 -135.81730652 265.58120728
v -9.39378262 -135.81730652 265.32498169
v -9.30000019 -135.81730652 264.97500610
v -10.33160400 -135.81730652 260.14999390
v -13.14999962 -135.81730652 257.33160400
v -14.36644459 -135.81730652 256.76437378
v -15.66290951 -135.81730652 256.41696167
v -26.00000000 -136.11730957 265.97500610
v -26.00000000 -138.43554688 265.97500610
v -9.12153816 -136.11730957 262.61080933
v -9.15624905 -139.78404236 262.42660522
v -9.34985161 -139.67687988 261.66006470
v -9.48245907 -136.11730957 261.26382446
v -9.61479378 -139.55461121 260.92449951
v -10.07179642 -136.11730957 260.00000000
v -10.34980679 -139.27485657 259.55310059
v -10.87164402 -136.11730957 258.85769653
v -11.33596230 -138.97247314 258.35034180
v -11.85769939 -136.11730957 257.87164307
v -11.91132069 -138.82377625 257.82705688
v -12.54047680 -138.68150330 257.35824585
v -13.00000000 -136.11730957 257.07180786
v -13.91614437 -138.43916321 256.61828613
v -14.26383877 -136.11730957 256.48245239
v -14.66072655 -138.34570312 256.34963989
v -15.61081505 -136.11730957 256.12152100
v -15.42638493 -138.27659607 256.15628052
v -16.20605850 -138.23408508 256.03939819
v -28.52966309 -138.19793701 255.95286560
v -28.77645683 -136.11730957 255.89776611
v -29.04062843 -138.13316345 255.81373596
v -29.50000000 -136.11730957 255.59806824
v -29.51153755 -138.02716064 255.59161377
v -29.93221855 -137.88032532 255.29489136
v -30.12132072 -136.11730957 255.12132263
v -30.37675095 -137.66366577 254.83058167
v -30.59807587 -136.11730957 254.50000000
v -30.71351624 -137.45025635 254.27938843
v -30.89777756 -136.11730957 253.77645874
v -30.92547417 -137.26489258 253.66453552
v -30.76875496 -138.13476562 254.96804810
v -40.50000000 -137.88545227 254.19694519
v -31.16285324 -137.93138123 254.35639954
v -31.41219902 -137.75389099 253.67091370
v -40.50000000 -137.60977173 252.86532593
v -31.50000000 -137.61869812 252.92898560
v -31.50000000 -137.56240845 252.45730591
v -31.50000000 -137.52859497 251.98350525
v -31.50000000 -137.60977173 279.13467407
v -40.50000000 -137.60977173 279.13467407
v -31.50000000 -137.88545227 277.80303955
v -40.50000000 -137.88545227 277.80303955
v -26.00000000 -140.33137512 264.61203003
v -26.00000000 -140.43539429 264.00000000
v -17.50388336 -140.33137512 264.61203003
v -9.42070484 -140.43539429 264.00000000
v -9.16367340 -140.34800720 264.56011963
v -17.50388336 -140.04470825 265.16265869
v -26.00000000 -140.04470825 265.16265869
v -26.00000000 -139.60301208 265.59887695
v -17.50388336 -139.60301208 265.59887695
v -26.00000000 -139.04882812 265.87866211
v -17.50388336 -139.04882812 265.87866211
v -26.28465462 -140.44155884 264.00000000
v -26.25618553 -140.44110107 264.00000000
v -9.47346783 -140.44102478 264.00000000
v -26.20462608 -140.43954468 264.00000000
v -9.44701099 -140.43890381 264.00000000
v -26.19951630 -140.43936157 264.00012207
v -26.13304710 -140.43716431 264.00000000
v -26.06653023 -140.43583679 264.00000000
v -27.11260414 -138.43554688 266.10034180
v -27.11260414 -136.11730957 266.10034180
v -28.16941833 -138.43554688 266.47015381
v -28.16941833 -136.11730957 266.47015381
v -29.11744881 -138.43554688 267.06582642
v -29.11744881 -136.11730957 267.06582642
v -29.90915680 -138.43554688 267.85754395
v -29.90915680 -136.11730957 267.85754395
v -30.50484467 -138.43554688 268.80557251
v -30.50484467 -136.11730957 268.80557251
v -30.87463951 -138.43554688 269.86239624
v -30.87463951 -136.11730957 269.86239624
v -30.87463951 -139.26678467 269.80340576
v -30.50484467 -139.11758423 268.75717163
v -30.59512520 -139.94793701 268.77120972
v -30.50484467 -139.78594971 268.61297607
v -30.11641693 -140.08436584 267.79629517
v -29.90915680 -139.52091980 267.70275879
v -29.90915680 -140.03637695 267.51217651
v -29.11744881 -139.70994568 266.79089355
v -29.48560715 -140.19520569 266.90200806
v -29.11744881 -140.09475708 266.58273315
v -28.76694489 -140.28973389 266.12008667
v -28.16941833 -139.77497864 266.08016968
v -28.16941833 -140.05879211 265.86996460
v -27.11260414 -139.81822205 265.58911133
v -27.11260414 -140.03227234 265.37771606
v -27.11260414 -140.21432495 265.13821411
v -27.11260414 -140.36074829 264.87542725
v -27.92774773 -140.37681580 265.36322021
v -30.89701843 -139.77294922 269.81423950
v -28.16941833 -140.31008911 265.62179565
v -27.11260414 -139.57646179 265.76815796
v -28.16941833 -139.46432495 266.24819946
v -29.11744881 -139.29959106 266.94259644
v -29.90915680 -138.98371887 267.81866455
v -27.11260414 -139.31185913 265.91128540
v -28.16941833 -139.13307190 266.37066650
v -29.11744881 -138.87194824 267.03488159
v -27.11260414 -139.02969360 266.01562500
v -27.11260414 -138.73562622 266.07907104
v -28.16941833 -138.78784180 266.44515991
v -0.50000000 -90.59697723 103.04863739
v 8.50000000 -90.59697723 103.04863739
v 8.50000000 -90.83342743 102.18798065
v -0.50000000 -90.83342743 102.18798065
v 8.50000000 -91.21913147 101.38307953
v -0.50000000 -91.21913147 101.38307953
v -0.50000000 -136.81549072 101.38307953
v 8.50000000 -136.81549072 101.38307953
v 8.50000000 -137.20120239 102.18798065
v -0.50000000 -137.20120239 102.18798065
v 8.50000000 -137.43765259 103.04863739
v -0.50000000 -137.43765259 103.04863739
v -31.50000000 -136.81549072 284.61691284
v -40.50000000 -136.81549072 284.61691284
v -40.50000000 -137.20120239 283.81201172
v -31.50000000 -137.20120239 283.81201172
v -40.50000000 -137.43765259 282.95135498
v -31.50000000 -137.43765259 282.95135498
v -31.50000000 -90.59697723 282.95135498
v -40.50000000 -90.59697723 282.95135498
v -40.50000000 -90.83342743 283.81201172
v -31.50000000 -90.83342743 283.81201172
v -40.50000000 -91.21913147 284.61691284
v -31.50000000 -91.21913147 284.61691284
v -26.42043495 -140.44712830 264.07897949
v -26.67108917 -140.45683289 264.22698975
v -27.16580391 -140.47366333 264.53454590
v -28.12059975 -140.49609375 265.19354248
v -28.42517281 -140.50007629 265.43029785
v -29.00730133 -140.50186157 265.93548584
v -28.92803764 -140.45474243 266.02539062
v -29.68326187 -140.41714478 266.86169434
v -29.59842110 -140.31167603 266.93081665
v -30.21128082 -140.22193909 267.84280396
v -26.41057968 -140.44714355 264.09823608
v -26.65528297 -140.45549011 264.25640869
v -26.63964653 -140.45193481 264.28567505
v -27.11083221 -140.45401001 264.63079834
v -26.40077591 -140.44621277 264.11743164
v -28.30776596 -140.41412354 265.58944702
v -28.01867676 -140.42861938 265.34280396
v -27.13793755 -140.46694946 264.58312988
v -28.85959244 -140.37876892 266.10321045
v -30.66583443 -140.10087585 268.82327271
v -30.94586372 -139.93869019 269.86178589
v -31.06698799 -139.79981995 270.93200684
v -31.05681419 -140.09732056 269.86398315
v -31.25000000 -139.97958374 270.96636963
v -31.21861839 -140.20339966 269.84890747
v -30.91989708 -140.34466553 268.75039673
v -30.77229309 -140.24700928 268.79724121
v -30.43729210 -140.43569946 267.72055054
v -30.30896568 -140.35075378 267.79223633
v -29.78819275 -140.48497009 266.77459717
v -28.06757927 -140.47111511 265.27084351
v -28.36345863 -140.46784973 265.51361084
v -31.25000000 -139.54760742 272.84893799
v -31.25000000 -138.97932434 274.69494629
v -31.25000000 -138.27775574 276.49453735
v -31.06698799 -138.80648804 274.63476562
v -31.06698799 -138.10977173 276.42187500
v -31.06698799 -139.37084961 272.80154419
v -31.25000000 -137.82092285 277.78503418
v -31.25000000 -137.54341125 279.12557983
v -31.25000000 -137.45033264 280.49136353
v -31.06698799 -137.36209106 279.10073853
v -31.06698799 -137.26731873 280.49136353
v -31.06698799 -137.64465332 277.73583984
v -31.25000000 -137.45033264 282.06237793
v -31.06698799 -137.26731873 282.06237793
v -31.25000000 -137.31088257 283.22695923
v -31.25000000 -136.90046692 284.32571411
v -31.25000000 -136.24224854 285.29650879
v -31.06698799 -137.13304138 283.18374634
v -31.06698799 -136.73785400 284.24172974
v -31.06698799 -136.10404968 285.17651367
v -31.25000000 -134.30969238 287.31948853
v -31.25000000 -132.19380188 289.14987183
v -31.25000000 -129.91368103 290.77108765
v -31.25000000 -127.48993683 292.16848755
v -31.25000000 -124.94445801 293.32946777
v -31.25000000 -122.30024719 294.24349976
v -31.25000000 -119.58119965 294.90234375
v -31.25000000 -116.81188202 295.30004883
v -31.25000000 -114.01731110 295.43301392
v -31.25000000 -111.22274780 295.30004883
v -31.25000000 -108.45342255 294.90234375
v -31.25000000 -105.73437500 294.24349976
v -31.25000000 -103.09017181 293.32946777
v -31.25000000 -100.54469299 292.16848755
v -31.25000000 -98.12094116 290.77108765
v -31.25000000 -95.84082031 289.14987183
v -31.25000000 -93.72492981 287.31948853
v -31.25000000 -91.79238892 285.29650879
v -31.06698799 -93.85110474 287.18695068
v -31.06698799 -91.93058014 285.17651367
v -31.06698799 -134.18351746 287.18695068
v -31.06698799 -132.08078003 289.00595093
v -31.06698799 -129.81483459 290.61706543
v -31.06698799 -127.40616608 292.00579834
v -31.06698799 -124.87651062 293.15951538
v -31.06698799 -122.24874115 294.06787109
v -31.06698799 -119.54660797 294.72262573
v -31.06698799 -116.79450226 295.11785889
v -31.06698799 -114.01731110 295.25000000
v -31.06698799 -111.24011993 295.11785889
v -31.06698799 -108.48802185 294.72262573
v -31.06698799 -105.78588104 294.06787109
v -31.06698799 -103.15811157 293.15951538
v -31.06698799 -100.62846375 292.00579834
v -31.06698799 -98.21978760 290.61706543
v -31.06698799 -95.95384216 289.00595093
v -31.25000000 -91.13417053 284.32571411
v -31.25000000 -90.72373962 283.22695923
v -31.25000000 -90.58429718 282.06237793
v -31.06698799 -91.29678345 284.24172974
v -31.06698799 -90.90158081 283.18374634
v -31.06698799 -90.76731110 282.06237793
v -31.01312256 -90.90351868 196.62486267
v -31.06698799 -90.76731110 276.49597168
v -31.25000000 -90.58429718 276.49597168
v -31.25000000 -90.58429718 270.92956543
v -31.25000000 -90.58429718 265.36318970
v -31.06698799 -90.76731110 265.36318970
v -31.06698799 -90.76731110 259.79678345
v -31.06698799 -90.76731110 254.23037720
v -31.06698799 -90.76731110 248.66398621
v -31.25000000 -90.58429718 254.23037720
v -31.25000000 -90.58429718 248.66398621
v -31.25000000 -90.58429718 243.09757996
v -31.25000000 -90.58429718 237.53118896
v -31.06698799 -90.76731110 237.53118896
v -31.06698799 -90.76731110 231.96478271
v -31.06698799 -90.76731110 226.39839172
v -31.06698799 -90.76731110 220.83198547
v -31.25000000 -90.58429718 226.39839172
v -31.25000000 -90.58429718 220.83198547
v -31.32960701 -90.54724121 194.05560303
v -31.25000000 -90.58429718 215.26559448
v -31.25000000 -90.58429718 209.69918823
v -31.06698799 -90.76731110 209.69918823
v -31.06698799 -90.76731110 204.13279724
v -31.06698799 -90.76731110 198.56639099
v -31.05275536 -90.79376984 196.11114502
v -31.10402870 -90.71201324 195.63810730
v -31.17385483 -90.63832855 195.09910583
v -31.25000000 -90.58429718 198.56639099
v -31.25000000 -90.58429718 204.13279724
v -31.24357605 -90.58807373 194.61491394
v -31.06698799 -90.76731110 215.26559448
v -31.25000000 -90.58429718 231.96478271
v -31.06698799 -90.76731110 243.09757996
v -31.25000000 -90.58429718 259.79678345
v -31.06698799 -90.76731110 270.92956543
v -31.25000000 -137.45033264 224.91378784
v -31.25000000 -137.45033264 230.23275757
v -31.25000000 -137.45033264 235.55172729
v -31.06698799 -137.26731873 235.55172729
v -31.06698799 -137.26731873 240.87068176
v -31.06698799 -137.26731873 246.18965149
v -31.06698799 -137.26731873 251.50862122
v -31.25000000 -137.45033264 246.18965149
v -31.25000000 -137.45033264 251.50862122
v -31.32960701 -137.48738098 194.05560303
v -31.25000000 -137.45033264 198.31895447
v -31.25000000 -137.45033264 203.63792419
v -31.25000000 -137.45033264 208.95689392
v -31.06698799 -137.26731873 208.95689392
v -31.06698799 -137.26731873 214.27586365
v -31.01464081 -137.13742065 196.59817505
v -31.06698799 -137.26731873 219.59481812
v -31.06698799 -137.26731873 224.91378784
v -31.06698799 -137.26731873 230.23275757
v -31.24358368 -137.44656372 194.61485291
v -31.17385483 -137.39630127 195.09910583
v -31.06698799 -137.26731873 198.31895447
v -31.10403442 -137.32261658 195.63806152
v -31.05275536 -137.24085999 196.11114502
v -31.06698799 -137.26731873 203.63792419
v -31.25000000 -137.45033264 214.27586365
v -31.25000000 -137.45033264 219.59481812
v -31.25000000 -137.45033264 240.87068176
v -31.25000000 -137.55238342 252.93849182
v -31.06698799 -137.37123108 252.96449280
v -31.23894691 -137.71157837 253.63327026
v -31.07697678 -137.60142517 253.62097168
v -30.96690178 -137.43923950 253.63188171
v -30.76138306 -137.61482239 254.24888611
v -30.42686844 -137.81838989 254.80958557
v -30.00222969 -138.07705688 255.29293823
v -30.51953888 -137.96463013 254.82705688
v -30.86532784 -137.76939392 254.25198364
v -31.01119804 -137.87948608 254.28796387
v -30.11620331 -138.23945618 255.35804749
v -30.64303017 -138.07431030 254.88169861
v -29.68185616 -138.42073059 255.72615051
v -29.60669518 -138.31072998 255.64270020
v -29.54675865 -138.17276001 255.59706116
v -29.06378174 -138.27818298 255.82838440
v -29.10508347 -138.41592407 255.88496399
v -29.15642357 -138.52668762 255.97964478
v -28.58819580 -138.59112549 256.13757324
v -28.00000000 -138.57751465 256.15087891
v -28.56218338 -138.47990417 256.03588867
v -28.00000000 -138.41380310 256.03924561
v -28.54114914 -138.34230042 255.97250366
v -24.33333397 -138.57751465 256.15087891
v -20.66666603 -138.57751465 256.15087891
v -17.00000000 -138.57751465 256.15087891
v -17.00000000 -138.41380310 256.03924561
v -20.66666603 -138.41380310 256.03924561
v -24.33333397 -138.41380310 256.03924561
v -9.25000000 -140.37200928 263.96667480
v -9.06698704 -140.18952942 263.98077393
v -16.23853302 -138.62771606 256.22909546
v -15.49083424 -138.67195129 256.34231567
v -14.75658512 -138.74388123 256.52954102
v -14.71289062 -138.63233948 256.42901611
v -13.98461246 -138.72946167 256.69192505
v -13.93869877 -138.58839417 256.63375854
v -13.23685932 -138.70394897 256.96731567
v -16.22381973 -138.51632690 256.12545776
v -16.21191788 -138.37854004 256.06027222
v -15.43803215 -138.42204285 256.17605591
v -15.46158409 -138.56050110 256.23980713
v -14.67795563 -138.49278259 256.36761475
v -12.57206059 -138.83621216 257.36712646
v -11.94634533 -138.98167419 257.83203125
v -11.37350273 -139.13375854 258.35144043
v -10.85405445 -139.28874207 258.92343140
v -11.45616627 -139.28401184 258.38986206
v -10.94373798 -139.44180298 258.95571899
v -11.56708908 -139.39595032 258.46759033
v -11.06635475 -139.55369568 259.02603149
v -10.61866665 -139.71099854 259.63531494
v -10.23157787 -139.86222839 260.28613281
v -9.91004467 -140.00285339 260.97015381
v -9.65405369 -140.13049316 261.68780518
v -9.46694756 -140.24223328 262.43606567
v -9.35415268 -140.33364868 263.19570923
v -9.18623161 -140.22261047 263.19088745
v -9.07507706 -140.05480957 263.19766235
v -9.19256783 -139.96496582 262.41864014
v -9.38722992 -139.85522461 261.65142822
v -9.49516296 -140.01916504 261.65756226
v -9.75823498 -139.89134216 260.92840576
v -10.38940334 -139.44323730 259.54766846
v -10.48516273 -139.59918213 259.57351685
v -9.98743820 -139.59178162 260.21456909
v -9.65336514 -139.72985840 260.91567993
v -12.11955166 -139.24118042 257.96032715
v -12.02105904 -139.12925720 257.87619019
v -12.72326946 -139.09318542 257.50619507
v -12.63789368 -138.98132324 257.41659546
v -13.36494637 -138.95863342 257.11560059
v -13.29308128 -138.84686279 257.02145386
v -14.04260159 -138.84111023 256.78964233
v -10.08826828 -139.75056458 260.23385620
v -9.30259895 -140.13107300 262.41824341
v 8.50000000 -90.11538696 165.10064697
v -0.50000000 -90.11538696 165.10064697
v -0.50000000 -90.47173309 166.07971191
v 8.50000000 -90.47173309 166.07971191
v 8.50000000 -90.33638763 165.57458496
v -0.50000000 -90.33638763 165.57458496
v -0.50000000 -90.69123840 147.59794617
v 8.50000000 -90.69123840 147.59794617
v 8.50000000 -90.56127930 147.19923401
v -0.50000000 -90.56127930 147.19923401
v -0.98687828 -90.90351868 189.37513733
v -0.93301272 -90.76731110 166.60064697
v -0.93301272 -90.76731110 171.88052368
v -0.75000000 -90.58429718 166.60064697
v -0.75000000 -90.58429718 171.88052368
v -0.75000000 -90.58429718 177.16038513
v -0.75000000 -90.58429718 182.44026184
v -0.93301272 -90.76731110 182.44026184
v -0.93301272 -90.76731110 187.72012329
v -0.94724441 -90.79376984 189.88885498
v -0.89597106 -90.71201324 190.36189270
v -0.82614541 -90.63832855 190.90087891
v -0.75000000 -90.58429718 187.72012329
v -0.75642389 -90.58807373 191.38508606
v -0.67039305 -90.54724121 191.94439697
v -0.93301272 -90.76731110 177.16038513
v -0.93301272 -90.65657043 165.75949097
v -0.93301272 -90.33189392 164.97564697
v -0.75000000 -90.47979736 165.80685425
v -0.75000000 -90.17340088 165.06715393
v -0.93301272 -90.24249268 155.69950867
v -0.75000000 -90.06571198 155.65214539
v -0.75000000 -91.44020844 150.52246094
v -0.93301272 -91.61698151 150.56983948
v -0.93301272 -91.72528076 149.85475159
v -0.93301272 -91.67275238 149.13342285
v -0.93301272 -91.46199799 148.44157410
v -0.93301272 -91.10345459 147.81346130
v -0.75000000 -91.29394531 148.51405334
v -0.75000000 -90.95559692 147.92131042
v -0.75000000 -91.49283600 149.16694641
v -0.75000000 -91.54240417 149.84765625
v -0.93301272 -90.85346985 147.32452393
v -0.93301272 -90.76731110 146.78219604
v -0.75000000 -90.67946625 147.38124084
v -0.75000000 -90.58429718 146.78219604
v -0.93301272 -90.76731110 141.42662048
v -0.93301272 -90.76731110 136.07104492
v -0.93301272 -90.76731110 130.71548462
v -0.75000000 -90.58429718 130.71548462
v -0.75000000 -90.58429718 125.35990906
v -0.75000000 -90.58429718 141.42662048
v -0.75000000 -90.58429718 103.93761444
v -0.75000000 -90.58429718 109.29319000
v -0.75000000 -90.58429718 114.64876556
v -0.75000000 -90.58429718 120.00433350
v -0.93301272 -90.76731110 120.00433350
v -0.93301272 -90.76731110 125.35990906
v -0.93301272 -90.76731110 109.29319000
v -0.93301272 -90.76731110 103.93761444
v -0.75000000 -90.58429718 136.07104492
v -0.93301272 -90.76731110 114.64876556
v -0.93301272 -90.90158081 102.81624603
v -0.93301272 -91.29678345 101.75826263
v -0.93301272 -91.93058014 100.82348633
v -0.75000000 -91.13417053 101.67429352
v -0.75000000 -91.79238892 100.70349884
v -0.75000000 -90.72373962 102.77303314
v -0.93301272 -93.85110474 98.81304932
v -0.93301272 -95.95384216 96.99404907
v -0.93301272 -98.21978760 95.38291931
v -0.93301272 -100.62846375 93.99420166
v -0.93301272 -103.15811157 92.84046173
v -0.93301272 -105.78588104 91.93211365
v -0.93301272 -108.48802185 91.27736664
v -0.93301272 -111.24011993 90.88214111
v -0.93301272 -114.01731110 90.74999237
v -0.93301272 -116.79450226 90.88214111
v -0.93301272 -119.54660797 91.27736664
v -0.93301272 -122.24874115 91.93211365
v -0.93301272 -124.87651062 92.84046173
v -0.93301272 -127.40616608 93.99420166
v -0.93301272 -129.81483459 95.38291931
v -0.93301272 -132.08078003 96.99404907
v -0.93301272 -134.18351746 98.81304932
v -0.93301272 -136.10404968 100.82348633
v -0.75000000 -93.72492981 98.68048859
v -0.75000000 -95.84082031 96.85010529
v -0.75000000 -98.12094116 95.22888947
v -0.75000000 -100.54469299 93.83148956
v -0.75000000 -103.09017181 92.67053223
v -0.75000000 -105.73437500 91.75650024
v -0.75000000 -108.45342255 91.09765625
v -0.75000000 -111.22274780 90.69995117
v -0.75000000 -114.01731110 90.56698608
v -0.75000000 -116.81188202 90.69995117
v -0.75000000 -119.58119965 91.09765625
v -0.75000000 -122.30024719 91.75650024
v -0.75000000 -124.94445801 92.67053223
v -0.75000000 -127.48993683 93.83148956
v -0.75000000 -129.91368103 95.22888947
v -0.75000000 -132.19380188 96.85010529
v -0.75000000 -134.30969238 98.68048859
v -0.75000000 -136.24224854 100.70349884
v -0.93301272 -136.73785400 101.75826263
v -0.93301272 -137.13304138 102.81624603
v -0.93301272 -137.26731873 103.93761444
v -0.75000000 -137.31088257 102.77303314
v -0.75000000 -137.45033264 103.93761444
v -0.75000000 -136.90046692 101.67429352
v -0.75000000 -137.45033264 148.46881104
v -0.75000000 -137.45033264 142.90240479
v -0.75000000 -137.45033264 137.33601379
v -0.93301272 -137.26731873 137.33601379
v -0.93301272 -137.26731873 131.76960754
v -0.93301272 -137.26731873 126.20320892
v -0.93301272 -137.26731873 120.63681030
v -0.75000000 -137.45033264 126.20320892
v -0.75000000 -137.45033264 120.63681030
v -0.75000000 -137.45033264 115.07041168
v -0.75000000 -137.45033264 109.50401306
v -0.93301272 -137.26731873 109.50401306
v -0.93301272 -137.26731873 115.07041168
v -0.67039311 -137.48738098 191.94439697
v -0.75000000 -137.45033264 187.43359375
v -0.75000000 -137.45033264 181.86720276
v -0.75000000 -137.45033264 176.30079651
v -0.93301272 -137.26731873 176.30079651
v -0.93301272 -137.26731873 170.73440552
v -0.94724441 -137.24085999 189.88885498
v -0.98535997 -137.13742065 189.40180969
v -0.75641686 -137.44656372 191.38513184
v -0.82614541 -137.39630127 190.90087891
v -0.93301272 -137.26731873 187.43359375
v -0.89596540 -137.32261658 190.36193848
v -0.93301272 -137.26731873 154.03520203
v -0.93301272 -137.26731873 159.60160828
v -0.75000000 -137.45033264 159.60160828
v -0.75000000 -137.45033264 165.16799927
v -0.75000000 -137.45033264 170.73440552
v -0.93301272 -137.26731873 181.86720276
v -0.93301272 -137.26731873 165.16799927
v -0.75000000 -137.45033264 154.03520203
v -0.93301272 -137.26731873 148.46881104
v -0.93301272 -137.26731873 142.90240479
v -0.75000000 -137.45033264 131.76960754
v 8.69999981 -98.85928345 198.05000305
v 8.69999981 -129.17533875 198.05000305
v -40.70000076 -98.26542664 187.94999695
v -40.70000076 -129.76919556 187.94999695
v 6.50000000 -120.35659027 106.40538025
v 8.69999981 -120.35659027 106.40538025
v 6.50000000 -121.35247040 106.71937561
v 8.69999981 -121.35247040 106.71937561
v 6.50000000 -122.39568329 106.76493073
v 8.69999981 -122.39568329 106.76493073
v 6.50000000 -123.41513824 106.53891754
v 8.69999981 -123.41513824 106.53891754
v 6.50000000 -124.34136963 106.05675507
v 8.69999981 -124.34136963 106.05675507
v 6.50000000 -125.11123657 105.35129547
v 8.69999981 -125.11123657 105.35129547
v 6.50000000 -125.67229462 104.47061920
v 8.69999981 -125.67229462 104.47061920
v 6.50000000 -125.98628998 103.47473907
v 8.69999981 -125.98628998 103.47473907
v 6.50000000 -126.03183746 102.43152618
v 8.69999981 -126.03183746 102.43152618
v 6.50000000 -125.80583191 101.41207123
v 8.69999981 -125.80583191 101.41207123
v 6.50000000 -125.32366943 100.48583984
v 8.69999981 -125.32366943 100.48583984
v 6.50000000 -124.61820984 99.71597290
v 8.69999981 -124.61820984 99.71597290
v 6.50000000 -123.73753357 99.15491486
v 8.69999981 -123.73753357 99.15491486
v 6.50000000 -109.41764069 105.72263336
v 8.69999981 -109.41764069 105.72263336
v 6.50000000 -111.22863770 105.26149750
v 8.69999981 -111.22863770 105.26149750
v 6.50000000 -113.08292389 105.02912903
v 8.69999981 -113.08292389 105.02912903
v 6.50000000 -114.95170593 105.02912903
v 8.69999981 -114.95170593 105.02912903
v 6.50000000 -116.80598450 105.26149750
v 8.69999981 -116.80598450 105.26149750
v 6.50000000 -118.61698151 105.72263336
v 8.69999981 -118.61698151 105.72263336
v 6.50000000 -121.41042328 98.22060394
v 8.69999981 -121.41042328 98.22060394
v 6.50000000 -118.99542236 97.54518890
v 8.69999981 -118.99542236 97.54518890
v 6.50000000 -116.52124786 97.13670349
v 8.69999981 -116.52124786 97.13670349
v 6.50000000 -114.01731110 96.99999237
v 8.69999981 -114.01731110 96.99999237
v 6.50000000 -111.51337433 97.13670349
v 8.69999981 -111.51337433 97.13670349
v 6.50000000 -109.03919983 97.54518890
v 8.69999981 -109.03919983 97.54518890
v 6.50000000 -106.62420654 98.22060394
v 8.69999981 -106.62420654 98.22060394
v -38.50000000 -107.67803955 279.59460449
v -40.70000076 -107.67803955 279.59460449
v -38.50000000 -109.41764069 280.27734375
v -40.70000076 -109.41764069 280.27734375
v -38.50000000 -111.22863770 280.73849487
v -40.70000076 -111.22863770 280.73849487
v -38.50000000 -113.08292389 280.97085571
v -40.70000076 -113.08292389 280.97085571
v -38.50000000 -114.95170593 280.97085571
v -40.70000076 -114.95170593 280.97085571
v -38.50000000 -116.80598450 280.73849487
v -40.70000076 -116.80598450 280.73849487
v -38.50000000 -118.61698151 280.27734375
v -40.70000076 -118.61698151 280.27734375
v -38.50000000 -104.29709625 286.84506226
v -40.70000076 -104.29709625 286.84506226
v -38.50000000 -103.41641235 286.28402710
v -40.70000076 -103.41641235 286.28402710
v -38.50000000 -102.71096039 285.51416016
v -40.70000076 -102.71096039 285.51416016
v -38.50000000 -102.22879791 284.58792114
v -40.70000076 -102.22879791 284.58792114
v -38.50000000 -102.00278473 283.56848145
v -40.70000076 -102.00278473 283.56848145
v -38.50000000 -102.04833221 282.52523804
v -40.70000076 -102.04833221 282.52523804
v -38.50000000 -102.36233521 281.52935791
v -40.70000076 -102.36233521 281.52935791
v -38.50000000 -102.92338562 280.64868164
v -40.70000076 -102.92338562 280.64868164
v -38.50000000 -103.69326019 279.94323730
v -40.70000076 -103.69326019 279.94323730
v -38.50000000 -104.61948395 279.46105957
v -40.70000076 -104.61948395 279.46105957
v -38.50000000 -105.63894653 279.23507690
v -40.70000076 -105.63894653 279.23507690
v -38.50000000 -106.68215942 279.28060913
v -40.70000076 -106.68215942 279.28060913
v -38.50000000 -121.41042328 287.77938843
v -40.70000076 -121.41042328 287.77938843
v -38.50000000 -118.99542236 288.45480347
v -40.70000076 -118.99542236 288.45480347
v -38.50000000 -116.52124786 288.86328125
v -40.70000076 -116.52124786 288.86328125
v -38.50000000 -114.01731110 289.00000000
v -40.70000076 -114.01731110 289.00000000
v -38.50000000 -111.51337433 288.86328125
v -40.70000076 -111.51337433 288.86328125
v -38.50000000 -109.03919983 288.45480347
v -40.70000076 -109.03919983 288.45480347
v -38.50000000 -106.62420654 287.77938843
v -40.70000076 -106.62420654 287.77938843
v 5.00000000 -104.49230957 146.00221252
v -0.69999999 -104.49230957 146.00221252
v 5.00000000 -106.47199249 145.00798035
v -0.69999999 -106.47199249 145.00798035
v 5.00000000 -108.55371094 144.25028992
v -0.69999999 -108.55371094 144.25028992
v 5.00000000 -110.70931244 143.73941040
v -0.69999999 -110.70931244 143.73941040
v 5.00000000 -112.90965271 143.48222351
v -0.69999999 -112.90965271 143.48222351
v 5.00000000 -115.12496948 143.48222351
v -0.69999999 -115.12496948 143.48222351
v 5.00000000 -117.32530975 143.73941040
v -0.69999999 -117.32530975 143.73941040
v 5.00000000 -119.48091125 144.25028992
v -0.69999999 -119.48091125 144.25028992
v 5.00000000 -121.56262970 145.00798035
v -0.69999999 -121.56262970 145.00798035
v 5.00000000 -106.99230957 150.33233643
v -0.69999999 -106.99230957 150.33233643
v 5.00000000 -106.26209259 150.61264038
v -0.69999999 -106.26209259 150.61264038
v 5.00000000 -105.48099518 150.65357971
v -0.69999999 -105.48099518 150.65357971
v 5.00000000 -104.72547150 150.45114136
v -0.69999999 -104.72547150 150.45114136
v 5.00000000 -104.06948853 150.02513123
v -0.69999999 -104.06948853 150.02513123
v 5.00000000 -103.57724762 149.41728210
v -0.69999999 -103.57724762 149.41728210
v 5.00000000 -103.29694366 148.68705750
v -0.69999999 -103.29694366 148.68705750
v 5.00000000 -103.25601196 147.90596008
v -0.69999999 -103.25601196 147.90596008
v 5.00000000 -103.45845032 147.15043640
v -0.69999999 -103.45845032 147.15043640
v 5.00000000 -103.88445282 146.49444580
v -0.69999999 -103.88445282 146.49444580
v 5.00000000 -119.39401245 149.51948547
v -0.69999999 -119.39401245 149.51948547
v 5.00000000 -117.65371704 148.92874146
v -0.69999999 -117.65371704 148.92874146
v 5.00000000 -115.85120392 148.57019043
v -0.69999999 -115.85120392 148.57019043
v 5.00000000 -114.01731110 148.44999695
v -0.69999999 -114.01731110 148.44999695
v 5.00000000 -112.18341827 148.57019043
v -0.69999999 -112.18341827 148.57019043
v 5.00000000 -110.38090515 148.92874146
v -0.69999999 -110.38090515 148.92874146
v 5.00000000 -108.64060974 149.51948547
v -0.69999999 -108.64060974 149.51948547
v 5.00000000 -106.99230957 178.16764832
v -0.69999999 -106.99230957 178.16764832
v 5.00000000 -108.64060974 178.98049927
v -0.69999999 -108.64060974 178.98049927
v 5.00000000 -110.38090515 179.57125854
v -0.69999999 -110.38090515 179.57125854
v 5.00000000 -112.18341827 179.92979431
v -0.69999999 -112.18341827 179.92979431
v 5.00000000 -114.01731110 180.05000305
v -0.69999999 -114.01731110 180.05000305
v 5.00000000 -115.85120392 179.92979431
v -0.69999999 -115.85120392 179.92979431
v 5.00000000 -117.65371704 179.57125854
v -0.69999999 -117.65371704 179.57125854
v 5.00000000 -119.39401245 178.98049927
v -0.69999999 -119.39401245 178.98049927
v 5.00000000 -104.49230957 182.49778748
v -0.69999999 -104.49230957 182.49778748
v 5.00000000 -103.88445282 182.00553894
v -0.69999999 -103.88445282 182.00553894
v 5.00000000 -103.45845032 181.34956360
v -0.69999999 -103.45845032 181.34956360
v 5.00000000 -103.25601196 180.59403992
v -0.69999999 -103.25601196 180.59403992
v 5.00000000 -103.29694366 179.81294250
v -0.69999999 -103.29694366 179.81294250
v 5.00000000 -103.57724762 179.08271790
v -0.69999999 -103.57724762 179.08271790
v 5.00000000 -104.06948853 178.47485352
v -0.69999999 -104.06948853 178.47485352
v 5.00000000 -104.72547150 178.04885864
v -0.69999999 -104.72547150 178.04885864
v 5.00000000 -105.48099518 177.84640503
v -0.69999999 -105.48099518 177.84640503
v 5.00000000 -106.26209259 177.88734436
v -0.69999999 -106.26209259 177.88734436
v 5.00000000 -121.56262970 183.49201965
v -0.69999999 -121.56262970 183.49201965
v 5.00000000 -119.48091125 184.24969482
v -0.69999999 -119.48091125 184.24969482
v 5.00000000 -117.32530975 184.76058960
v -0.69999999 -117.32530975 184.76058960
v 5.00000000 -115.12496948 185.01776123
v -0.69999999 -115.12496948 185.01776123
v 5.00000000 -112.90965271 185.01776123
v -0.69999999 -112.90965271 185.01776123
v 5.00000000 -110.70931244 184.76058960
v -0.69999999 -110.70931244 184.76058960
v 5.00000000 -108.55371094 184.24969482
v -0.69999999 -108.55371094 184.24969482
v 5.00000000 -106.47199249 183.49201965
v -0.69999999 -106.47199249 183.49201965
v -37.00000000 -123.54231262 239.99778748
v -31.29999924 -123.54231262 239.99778748
v -37.00000000 -124.15017700 239.50553894
v -31.29999924 -124.15017700 239.50553894
v -37.00000000 -124.57617950 238.84956360
v -31.29999924 -124.57617950 238.84956360
v -37.00000000 -124.77861786 238.09403992
v -31.29999924 -124.77861786 238.09403992
v -37.00000000 -124.73767853 237.31294250
v -31.29999924 -124.73767853 237.31294250
v -37.00000000 -124.45737457 236.58271790
v -31.29999924 -124.45737457 236.58271790
v -37.00000000 -123.96514130 235.97485352
v -31.29999924 -123.96514130 235.97485352
v -37.00000000 -123.30915833 235.54885864
v -31.29999924 -123.30915833 235.54885864
v -37.00000000 -122.55363464 235.34640503
v -31.29999924 -122.55363464 235.34640503
v -37.00000000 -121.77253723 235.38734436
v -31.29999924 -121.77253723 235.38734436
v -37.00000000 -121.04231262 235.66764832
v -31.29999924 -121.04231262 235.66764832
v -37.00000000 -106.47199249 240.99201965
v -31.29999924 -106.47199249 240.99201965
v -37.00000000 -108.55371094 241.74969482
v -31.29999924 -108.55371094 241.74969482
v -37.00000000 -110.70931244 242.26058960
v -31.29999924 -110.70931244 242.26058960
v -37.00000000 -112.90965271 242.51776123
v -31.29999924 -112.90965271 242.51776123
v -37.00000000 -115.12496948 242.51776123
v -31.29999924 -115.12496948 242.51776123
v -37.00000000 -117.32530975 242.26058960
v -31.29999924 -117.32530975 242.26058960
v -37.00000000 -119.48091125 241.74969482
v -31.29999924 -119.48091125 241.74969482
v -37.00000000 -121.56262970 240.99201965
v -31.29999924 -121.56262970 240.99201965
v -37.00000000 -119.39401245 236.48049927
v -31.29999924 -119.39401245 236.48049927
v -37.00000000 -117.65371704 237.07125854
v -31.29999924 -117.65371704 237.07125854
v -37.00000000 -115.85120392 237.42979431
v -31.29999924 -115.85120392 237.42979431
v -37.00000000 -114.01731110 237.55000305
v -31.29999924 -114.01731110 237.55000305
v -37.00000000 -112.18341827 237.42979431
v -31.29999924 -112.18341827 237.42979431
v -37.00000000 -110.38090515 237.07125854
v -31.29999924 -110.38090515 237.07125854
v -37.00000000 -108.64060974 236.48049927
v -31.29999924 -108.64060974 236.48049927
v -37.00000000 -121.04231262 207.83233643
v -31.29999924 -121.04231262 207.83233643
v -37.00000000 -121.77253723 208.11264038
v -31.29999924 -121.77253723 208.11264038
v -37.00000000 -122.55363464 208.15357971
v -31.29999924 -122.55363464 208.15357971
v -37.00000000 -123.30915833 207.95114136
v -31.29999924 -123.30915833 207.95114136
v -37.00000000 -123.96514130 207.52513123
v -31.29999924 -123.96514130 207.52513123
v -37.00000000 -124.45737457 206.91728210
v -31.29999924 -124.45737457 206.91728210
v -37.00000000 -124.73767853 206.18705750
v -31.29999924 -124.73767853 206.18705750
v -37.00000000 -124.77861786 205.40596008
v -31.29999924 -124.77861786 205.40596008
v -37.00000000 -124.57617950 204.65043640
v -31.29999924 -124.57617950 204.65043640
v -37.00000000 -124.15017700 203.99444580
v -31.29999924 -124.15017700 203.99444580
v -37.00000000 -123.54231262 203.50221252
v -31.29999924 -123.54231262 203.50221252
v -37.00000000 -108.64060974 207.01948547
v -31.29999924 -108.64060974 207.01948547
v -37.00000000 -110.38090515 206.42874146
v -31.29999924 -110.38090515 206.42874146
v -37.00000000 -112.18341827 206.07019043
v -31.29999924 -112.18341827 206.07019043
v -37.00000000 -114.01731110 205.94999695
v -31.29999924 -114.01731110 205.94999695
v -37.00000000 -115.85120392 206.07019043
v -31.29999924 -115.85120392 206.07019043
v -37.00000000 -117.65371704 206.42874146
v -31.29999924 -117.65371704 206.42874146
v -37.00000000 -119.39401245 207.01948547
v -31.29999924 -119.39401245 207.01948547
v -37.00000000 -121.56262970 202.50798035
v -31.29999924 -121.56262970 202.50798035
v -37.00000000 -119.48091125 201.75028992
v -31.29999924 -119.48091125 201.75028992
v -37.00000000 -117.32530975 201.23941040
v -31.29999924 -117.32530975 201.23941040
v -37.00000000 -115.12496948 200.98222351
v -31.29999924 -115.12496948 200.98222351
v -37.00000000 -112.90965271 200.98222351
v -31.29999924 -112.90965271 200.98222351
v -37.00000000 -110.70931244 201.23941040
v -31.29999924 -110.70931244 201.23941040
v -37.00000000 -108.55371094 201.75028992
v -31.29999924 -108.55371094 201.75028992
v -37.00000000 -106.47199249 202.50798035
v -31.29999924 -106.47199249 202.50798035
v -10.89777756 -103.84487915 193.86177063
v -10.59807587 -103.21827698 193.50000000
v -10.12132072 -102.68019867 193.18933105
v -9.50000000 -102.26731110 192.95095825
v -8.77645683 -102.00776672 192.80110168
v -8.20096207 -103.76731110 191.35221863
v -8.38822842 -103.06842804 191.65191650
v -8.54903793 -102.46827698 192.12867737
v -8.67243195 -102.00776672 192.75000000
v -9.29903793 -102.26731110 192.75000000
v -9.83711720 -102.68019867 192.75000000
v -10.25000000 -103.21827698 192.75000000
v -10.50954914 -103.84487915 192.75000000
v -10.79903793 -103.76731110 193.47354126
v -10.59807587 -104.51731110 192.75000000
v -10.89777756 -104.51731110 193.47354126
v -10.12132072 -104.51731110 192.12867737
v -10.04903793 -103.96827698 192.12867737
v -9.83711720 -103.45664978 192.12867737
v -9.50000000 -103.01731110 192.12867737
v -9.06066036 -102.68019867 192.12867737
v -9.50000000 -104.51731110 191.65191650
v -9.44888878 -104.12908173 191.65191650
v -9.29903793 -103.76731110 191.65191650
v -9.06066036 -103.45664978 191.65191650
v -8.75000000 -103.21827698 191.65191650
v -8.77645683 -104.51731110 191.35221863
v -8.75000000 -104.31635284 191.35221863
v -8.67243195 -104.12908173 191.35221863
v -8.54903793 -103.96827698 191.35221863
v -8.38822842 -103.84487915 191.35221863
v -10.89777756 -114.01731110 193.47354126
v -10.89777756 -123.51731110 193.47354126
v -10.59807587 -114.01731110 192.75000000
v -10.59807587 -123.51731110 192.75000000
v -10.12132072 -114.01731110 192.12867737
v -10.12132072 -123.51731110 192.12867737
v -9.50000000 -114.01731110 191.65191650
v -9.50000000 -123.51731110 191.65191650
v -8.77645683 -114.01731110 191.35221863
v -8.77645683 -123.51731110 191.35221863
v -8.77645683 -126.02686310 192.80110168
v -8.67243195 -126.02686310 192.75000000
v -8.54903793 -125.56635284 192.12867737
v -8.38822842 -124.96620178 191.65191650
v -8.20096207 -124.26731110 191.35221863
v -8.75000000 -123.71827698 191.35221863
v -9.44888878 -123.90554047 191.65191650
v -10.04903793 -124.06635284 192.12867737
v -10.50954914 -124.18974304 192.75000000
v -10.79903793 -124.26731110 193.47354126
v -10.89777756 -124.18974304 193.86177063
v -10.59807587 -124.81635284 193.50000000
v -10.12132072 -125.35443115 193.18933105
v -10.25000000 -124.81635284 192.75000000
v -9.83711720 -125.35443115 192.75000000
v -9.50000000 -125.76731110 192.95095825
v -9.29903793 -125.76731110 192.75000000
v -8.38822842 -124.18974304 191.35221863
v -8.54903793 -124.06635284 191.35221863
v -8.67243195 -123.90554047 191.35221863
v -8.75000000 -124.81635284 191.65191650
v -9.06066036 -124.57797241 191.65191650
v -9.29903793 -124.26731110 191.65191650
v -9.06066036 -125.35443115 192.12867737
v -9.50000000 -125.01731110 192.12867737
v -9.83711720 -124.57797241 192.12867737
v -21.10222244 -124.15721130 192.18978882
v -21.40192413 -124.75350189 192.59960938
v -21.87867928 -125.26554871 192.95152283
v -22.50000000 -125.65845490 193.22155762
v -23.22354317 -125.90544891 193.39131165
v -21.10222244 -123.51731110 192.52645874
v -21.20096207 -124.26731110 192.52645874
v -21.49045181 -124.18974304 193.25000000
v -21.75000000 -124.81635284 193.25000000
v -22.16288185 -125.35443115 193.25000000
v -22.50000000 -125.01731110 193.87132263
v -22.93934059 -125.35443115 193.87132263
v -23.25000000 -124.81635284 194.34806824
v -23.61177063 -124.96620178 194.34806824
v -23.79903793 -124.26731110 194.64776611
v -23.45096207 -125.56635284 193.87132263
v -23.22354317 -123.51731110 194.64776611
v -23.25000000 -123.71827698 194.64776611
v -22.50000000 -123.51731110 194.34806824
v -22.55111122 -123.90554047 194.34806824
v -21.87867928 -123.51731110 193.87132263
v -21.95096207 -124.06635284 193.87132263
v -21.40192413 -123.51731110 193.25000000
v -23.61177063 -124.18974304 194.64776611
v -23.45096207 -124.06635284 194.64776611
v -23.32756805 -123.90554047 194.64776611
v -22.16288185 -124.57797241 193.87132263
v -22.70096207 -124.26731110 194.34806824
v -22.93934059 -124.57797241 194.34806824
v -21.10222244 -114.01731110 192.52645874
v -21.40192413 -114.01731110 193.25000000
v -21.87867928 -114.01731110 193.87132263
v -22.50000000 -114.01731110 194.34806824
v -23.22354317 -114.01731110 194.64776611
v -23.22354317 -104.51731110 194.64776611
v -22.50000000 -104.51731110 194.34806824
v -21.87867928 -104.51731110 193.87132263
v -21.40192413 -104.51731110 193.25000000
v -21.10222244 -104.51731110 192.52645874
v -21.10222244 -103.87741089 192.18978882
v -21.20096207 -103.76731110 192.52645874
v -21.40192413 -103.28112030 192.59960938
v -21.49045181 -103.84487915 193.25000000
v -21.75000000 -103.21827698 193.25000000
v -21.95096207 -103.96827698 193.87132263
v -22.16288185 -103.45664978 193.87132263
v -22.55111122 -104.12908173 194.34806824
v -22.70096207 -103.76731110 194.34806824
v -23.25000000 -104.31635284 194.64776611
v -23.32756805 -104.12908173 194.64776611
v -23.79903793 -103.76731110 194.64776611
v -23.61177063 -103.06842804 194.34806824
v -23.45096207 -102.46827698 193.87132263
v -23.22354317 -102.12918091 193.39131165
v -22.93934059 -102.68019867 193.87132263
v -22.50000000 -102.37616730 193.22155762
v -22.50000000 -103.01731110 193.87132263
v -22.16288185 -102.68019867 193.25000000
v -21.87867928 -102.76908112 192.95152283
v -23.45096207 -103.96827698 194.64776611
v -23.61177063 -103.84487915 194.64776611
v -23.25000000 -103.21827698 194.34806824
v -22.93934059 -103.45664978 194.34806824
v -1.47071695 -91.18591309 189.68966675
v -1.43761456 -91.09135437 189.91098022
v -1.39448881 -91.00387573 190.13774109
v -1.34297538 -90.92391205 190.36824036
v -1.28481448 -90.85195160 190.60009766
v -1.19860649 -90.76766205 190.91175842
v -1.15228152 -90.73029327 191.06884766
v -1.05417287 -90.66479492 191.38560486
v -1.00265360 -90.63656616 191.54548645
v -0.92278409 -90.59983063 191.78698730
v -0.84074074 -90.56997681 192.02897644
v -0.72900224 -90.54069519 192.35162354
v -0.67228723 -90.53047180 192.51329041
v -1.47071695 -136.84870911 189.68966675
v -1.43761456 -136.94326782 189.91098022
v -1.39448881 -137.03074646 190.13774109
v -1.34297538 -137.11071777 190.36824036
v -1.28481448 -137.18267822 190.60009766
v -1.19860649 -137.26696777 190.91175842
v -1.15227902 -137.30433655 191.06884766
v -1.05417287 -137.36982727 191.38560486
v -1.00265360 -137.39805603 191.54548645
v -0.92278409 -137.43479919 191.78698730
v -0.84072995 -137.46466064 192.02900696
v -0.72900224 -137.49392700 192.35162354
v -0.67228723 -137.50415039 192.51329041
v -30.52928352 -91.18591309 196.31033325
v -30.56238556 -91.09135437 196.08900452
v -30.60551071 -91.00387573 195.86224365
v -30.65702438 -90.92391205 195.63174438
v -30.71518517 -90.85195160 195.39988708
v -30.80139351 -90.76766205 195.08822632
v -30.84771919 -90.73029327 194.93115234
v -30.94582748 -90.66479492 194.61439514
v -30.99734688 -90.63656616 194.45451355
v -31.07721519 -90.59983063 194.21299744
v -31.15925980 -90.56997681 193.97102356
v -31.27099800 -90.54069519 193.64836121
v -31.32771301 -90.53047180 193.48669434
v -30.52928352 -136.84870911 196.31033325
v -30.56238556 -136.94326782 196.08900452
v -30.60551071 -137.03074646 195.86224365
v -30.65702438 -137.11071777 195.63174438
v -30.71518517 -137.18267822 195.39988708
v -30.80139351 -137.26696777 195.08822632
v -30.84772110 -137.30433655 194.93113708
v -30.94582748 -137.36982727 194.61439514
v -30.99734688 -137.39805603 194.45451355
v -31.07721519 -137.43479919 194.21299744
v -31.15926933 -137.46466064 193.97099304
v -31.27099800 -137.49392700 193.64836121
v -31.32771301 -137.50415039 193.48669434
v 6.50000000 -132.34855652 127.99783325
v 8.69999981 -132.34855652 127.99783325
v 6.50000000 -133.12876892 125.89510345
v 8.69999981 -133.12876892 125.89510345
v 6.50000000 -133.66864014 123.71823120
v 8.69999981 -133.66864014 123.71823120
v 6.50000000 -133.96139526 121.49459839
v 8.69999981 -133.96139526 121.49459839
v 6.50000000 -134.00332642 119.25217438
v 8.69999981 -134.00332642 119.25217438
v 6.50000000 -133.79393005 117.01914978
v 8.69999981 -133.79393005 117.01914978
v 6.50000000 -128.88899231 118.04210663
v 6.50000000 -129.01731873 119.99999237
v 6.50000000 -128.88899231 121.95788574
v 6.50000000 -128.50619507 123.88227844
v 6.50000000 -127.87550354 125.74024963
v 6.50000000 -99.61018372 115.33982086
v 8.69999981 -99.61018372 115.33982086
v 6.50000000 -99.44756317 114.57474518
v 8.69999981 -99.44756317 114.57474518
v 6.50000000 -99.05647278 113.89736176
v 8.69999981 -99.05647278 113.89736176
v 6.50000000 -98.47521210 113.37398529
v 8.69999981 -98.47521210 113.37398529
v 6.50000000 -97.76065826 113.05584717
v 8.69999981 -97.76065826 113.05584717
v 6.50000000 -96.98277283 112.97409058
v 8.69999981 -96.98277283 112.97409058
v 6.50000000 -96.21768951 113.13671112
v 8.69999981 -96.21768951 113.13671112
v 6.50000000 -95.54031372 113.52780151
v 8.69999981 -95.54031372 113.52780151
v 6.50000000 -95.01693726 114.10906219
v 8.69999981 -95.01693726 114.10906219
v 6.50000000 -97.18904114 130.60786438
v 8.69999981 -97.18904114 130.60786438
v 6.50000000 -97.84502411 131.03385925
v 8.69999981 -97.84502411 131.03385925
v 6.50000000 -98.60054779 131.23629761
v 8.69999981 -98.60054779 131.23629761
v 6.50000000 -99.38164520 131.19535828
v 8.69999981 -99.38164520 131.19535828
v 6.50000000 -100.11186981 130.91505432
v 8.69999981 -100.11186981 130.91505432
v 6.50000000 -100.71973419 130.42282104
v 8.69999981 -100.71973419 130.42282104
v 6.50000000 -101.14572906 129.76683044
v 8.69999981 -101.14572906 129.76683044
v 6.50000000 -101.34817505 129.01132202
v 8.69999981 -101.34817505 129.01132202
v 6.50000000 -101.30723572 128.23020935
v 8.69999981 -101.30723572 128.23020935
v -38.50000000 -133.01768494 271.89093018
v -40.70000076 -133.01768494 271.89093018
v -38.50000000 -132.49430847 272.47219849
v -40.70000076 -132.49430847 272.47219849
v -38.50000000 -131.81694031 272.86328125
v -40.70000076 -131.81694031 272.86328125
v -38.50000000 -131.05184937 273.02590942
v -40.70000076 -131.05184937 273.02590942
v -38.50000000 -130.27397156 272.94415283
v -40.70000076 -130.27397156 272.94415283
v -38.50000000 -129.55941772 272.62600708
v -40.70000076 -129.55941772 272.62600708
v -38.50000000 -128.97814941 272.10263062
v -40.70000076 -128.97814941 272.10263062
v -38.50000000 -128.58706665 271.42526245
v -40.70000076 -128.58706665 271.42526245
v -38.50000000 -128.42443848 270.66015625
v -40.70000076 -128.42443848 270.66015625
v -38.50000000 -126.72738647 257.76977539
v -40.70000076 -126.72738647 257.76977539
v -38.50000000 -126.68645477 256.98867798
v -40.70000076 -126.68645477 256.98867798
v -38.50000000 -126.88889313 256.23315430
v -40.70000076 -126.88889313 256.23315430
v -38.50000000 -127.31489563 255.57716370
v -40.70000076 -127.31489563 255.57716370
v -38.50000000 -127.92276001 255.08493042
v -40.70000076 -127.92276001 255.08493042
v -38.50000000 -128.65298462 254.80462646
v -40.70000076 -128.65298462 254.80462646
v -38.50000000 -129.43408203 254.76368713
v -40.70000076 -129.43408203 254.76368713
v -38.50000000 -130.18960571 254.96612549
v -40.70000076 -130.18960571 254.96612549
v -38.50000000 -130.84558105 255.39213562
v -40.70000076 -130.84558105 255.39213562
v -38.50000000 -100.15911865 260.25973511
v -38.50000000 -99.52842712 262.11770630
v -38.50000000 -99.14563751 264.04211426
v -38.50000000 -99.01731110 266.00000000
v -38.50000000 -99.14563751 267.95788574
v -38.50000000 -94.24069977 268.98083496
v -40.70000076 -94.24069977 268.98083496
v -38.50000000 -94.03129578 266.74783325
v -40.70000076 -94.03129578 266.74783325
v -38.50000000 -94.07323456 264.50540161
v -40.70000076 -94.07323456 264.50540161
v -38.50000000 -94.36598206 262.28176880
v -40.70000076 -94.36598206 262.28176880
v -38.50000000 -94.90585327 260.10488892
v -40.70000076 -94.90585327 260.10488892
v -38.50000000 -95.68606567 258.00216675
v -40.70000076 -95.68606567 258.00216675
f 1 2 3
f 3 2 4
f 4 2 5
f 4 5 6
f 6 5 7
f 6 7 8
f 8 7 9
f 8 9 10
f 10 9 11
f 10 11 12
f 12 11 13
f 12 13 14
f 14 13 15
f 16 17 18
f 18 17 19
f 19 17 20
f 19 20 21
f 21 20 22
f 21 22 23
f 23 22 24
f 23 24 25
f 25 24 26
f 25 26 27
f 27 26 28
f 27 28 29
f 29 28 30
f 31 32 33
f 33 32 34
f 33 34 35
f 32 31 36
f 36 31 37
f 36 37 38
f 38 37 39
f 38 39 40
f 40 39 41
f 40 41 42
f 42 41 43
f 42 43 44
f 44 43 45
f 45 43 46
f 45 46 47
f 47 46 48
f 47 48 49
f 49 48 50
f 49 50 51
f 51 50 52
f 51 52 53
f 53 52 54
f 53 54 55
f 55 54 56
f 55 56 57
f 57 56 58
f 58 56 59
f 58 59 60
f 60 59 61
f 60 61 62
f 62 61 63
f 62 63 64
f 64 63 65
f 64 65 35
f 35 65 33
f 66 67 68
f 68 67 69
f 68 69 70
f 67 66 71
f 71 66 72
f 71 72 73
f 73 72 74
f 73 74 75
f 75 74 76
f 75 76 77
f 77 76 78
f 77 78 79
f 79 78 80
f 80 78 81
f 80 81 82
f 82 81 83
f 82 83 84
f 84 83 85
f 84 85 86
f 86 85 87
f 86 87 88
f 88 87 89
f 88 89 90
f 90 89 91
f 90 91 92
f 92 91 93
f 93 91 94
f 93 94 95
f 95 94 96
f 95 96 97
f 97 96 98
f 97 98 99
f 99 98 100
f 99 100 70
f 70 100 68
f 101 102 103
f 103 102 104
f 103 104 105
f 105 104 106
f 105 106 107
f 107 106 108
f 107 108 109
f 109 108 110
f 109 110 111
f 111 110 112
f 111 112 113
f 113 112 114
f 113 114 115
f 115 114 116
f 115 116 117
f 117 116 118
f 117 118 119
f 119 118 120
f 119 120 121
f 121 120 122
f 121 122 123
f 123 122 124
f 123 124 125
f 125 124 126
f 125 126 127
f 127 126 128
f 127 128 129
f 129 128 130
f 129 130 131
f 131 130 132
f 131 132 133
f 133 132 134
f 133 134 135
f 135 134 136
f 135 136 137
f 137 136 138
f 137 138 139
f 139 138 140
f 139 140 141
f 141 140 142
f 141 142 143
f 143 142 144
f 143 144 145
f 145 144 146
f 145 146 147
f 147 146 148
f 147 148 149
f 149 148 150
f 149 150 151
f 151 150 152
f 151 152 153
f 153 152 154
f 153 154 155
f 155 154 156
f 155 156 157
f 157 156 158
f 157 158 159
f 159 158 160
f 159 160 161
f 161 160 162
f 161 162 163
f 163 162 164
f 163 164 165
f 165 164 166
f 165 166 167
f 167 166 168
f 167 168 169
f 169 168 170
f 169 170 171
f 171 170 172
f 171 172 173
f 173 172 174
f 173 174 175
f 175 174 176
f 175 176 177
f 177 176 178
f 177 178 179
f 179 178 180
f 179 180 181
f 181 180 182
f 181 182 183
f 183 182 184
f 183 184 185
f 185 184 186
f 185 186 187
f 187 186 188
f 187 188 189
f 189 188 190
f 189 190 191
f 191 190 192
f 191 192 193
f 193 192 194
f 193 194 195
f 195 194 196
f 195 196 197
f 197 196 198
f 197 198 199
f 199 198 200
f 199 200 201
f 201 200 202
f 201 202 101
f 101 202 102
f 203 204 205
f 205 204 206
f 205 206 207
f 207 206 208
f 207 208 209
f 209 208 210
f 209 210 211
f 211 210 212
f 211 212 213
f 213 212 214
f 213 214 215
f 215 214 216
f 215 216 217
f 217 216 218
f 217 218 219
f 219 218 220
f 219 220 221
f 221 220 222
f 221 222 223
f 223 222 224
f 223 224 225
f 225 224 226
f 225 226 227
f 227 226 228
f 227 228 229
f 229 228 230
f 229 230 231
f 231 230 232
f 231 232 233
f 233 232 234
f 233 234 235
f 235 234 236
f 235 236 237
f 237 236 238
f 237 238 239
f 239 238 240
f 239 240 241
f 241 240 242
f 241 242 243
f 243 242 244
f 243 244 245
f 245 244 246
f 245 246 247
f 247 246 248
f 247 248 249
f 249 248 250
f 249 250 251
f 251 250 252
f 251 252 253
f 253 252 254
f 253 254 255
f 255 254 256
f 255 256 257
f 257 256 258
f 257 258 259
f 259 258 260
f 259 260 261
f 261 260 262
f 261 262 263
f 263 262 264
f 263 264 265
f 265 264 266
f 265 266 267
f 267 266 268
f 267 268 269
f 269 268 270
f 269 270 271
f 271 270 272
f 271 272 273
f 273 272 274
f 273 274 275
f 275 274 276
f 275 276 277
f 277 276 278
f 277 278 279
f 279 278 280
f 279 280 281
f 281 280 282
f 281 282 283
f 283 282 284
f 283 284 285
f 285 284 286
f 285 286 287
f 287 286 288
f 287 288 289
f 289 288 290
f 289 290 291
f 291 290 292
f 291 292 293
f 293 292 294
f 293 294 295
f 295 294 296
f 295 296 297
f 297 296 298
f 297 298 299
f 299 298 300
f 299 300 301
f 301 300 302
f 301 302 303
f 303 302 304
f 303 304 305
f 305 304 306
f 305 306 307
f 307 306 308
f 307 308 309
f 309 308 310
f 309 310 203
f 203 310 204
f 204 311 206
f 206 311 312
f 206 312 208
f 208 312 313
f 208 313 210
f 210 313 314
f 210 314 212
f 212 314 315
f 212 315 214
f 214 315 316
f 214 316 216
f 216 316 317
f 216 317 218
f 218 317 318
f 218 318 220
f 220 318 319
f 220 319 222
f 222 319 320
f 222 320 224
f 224 320 321
f 224 321 226
f 226 321 322
f 226 322 228
f 228 322 323
f 228 323 230
f 230 323 324
f 230 324 232
f 232 324 325
f 232 325 234
f 234 325 326
f 234 326 236
f 236 326 327
f 236 327 238
f 238 327 328
f 238 328 240
f 240 328 329
f 240 329 242
f 242 329 330
f 242 330 244
f 244 330 331
f 244 331 246
f 246 331 332
f 246 332 248
f 248 332 333
f 248 333 250
f 250 333 334
f 250 334 252
f 252 334 335
f 252 335 254
f 254 335 336
f 254 336 256
f 256 336 337
f 256 337 258
f 258 337 338
f 258 338 260
f 260 338 339
f 260 339 262
f 262 339 340
f 262 340 264
f 264 340 341
f 264 341 266
f 266 341 342
f 266 342 268
f 268 342 343
f 268 343 270
f 270 343 344
f 270 344 272
f 272 344 345
f 272 345 274
f 274 345 346
f 274 346 276
f 276 346 347
f 276 347 278
f 278 347 348
f 278 348 280
f 280 348 349
f 280 349 282
f 282 349 350
f 282 350 284
f 284 350 351
f 284 351 286
f 286 351 352
f 286 352 288
f 288 352 353
f 288 353 290
f 290 353 354
f 290 354 292
f 292 354 355
f 292 355 294
f 294 355 356
f 294 356 296
f 296 356 357
f 296 357 298
f 298 357 358
f 298 358 300
f 300 358 359
f 300 359 302
f 302 359 360
f 302 360 304
f 304 360 361
f 304 361 306
f 306 361 362
f 306 362 308
f 308 362 363
f 308 363 310
f 310 363 364
f 310 364 204
f 204 364 311
f 311 365 312
f 312 365 366
f 312 366 313
f 313 366 367
f 313 367 314
f 314 367 368
f 314 368 315
f 315 368 369
f 315 369 316
f 316 369 370
f 316 370 317
f 317 370 371
f 317 371 318
f 318 371 372
f 318 372 319
f 319 372 373
f 319 373 320
f 320 373 374
f 320 374 321
f 321 374 375
f 321 375 322
f 322 375 376
f 322 376 323
f 323 376 377
f 323 377 324
f 324 377 378
f 324 378 325
f 325 378 379
f 325 379 326
f 326 379 380
f 326 380 327
f 327 380 381
f 327 381 328
f 328 381 382
f 328 382 329
f 329 382 383
f 329 383 330
f 330 383 384
f 330 384 331
f 331 384 385
f 331 385 332
f 332 385 386
f 332 386 333
f 333 386 387
f 333 387 334
f 334 387 388
f 334 388 335
f 335 388 389
f 335 389 336
f 336 389 390
f 336 390 337
f 337 390 391
f 337 391 338
f 338 391 392
f 338 392 339
f 339 392 393
f 339 393 340
f 340 393 394
f 340 394 341
f 341 394 395
f 341 395 342
f 342 395 396
f 342 396 343
f 343 396 397
f 343 397 344
f 344 397 398
f 344 398 345
f 345 398 399
f 345 399 346
f 346 399 400
f 346 400 347
f 347 400 401
f 347 401 348
f 348 401 402
f 348 402 349
f 349 402 403
f 349 403 350
f 350 403 404
f 350 404 351
f 351 404 405
f 351 405 352
f 352 405 406
f 352 406 353
f 353 406 407
f 353 407 354
f 354 407 408
f 354 408 355
f 355 408 409
f 355 409 356
f 356 409 410
f 356 410 357
f 357 410 411
f 357 411 358
f 358 411 412
f 358 412 359
f 359 412 413
f 359 413 360
f 360 413 414
f 360 414 361
f 361 414 415
f 361 415 362
f 362 415 416
f 362 416 363
f 363 416 417
f 363 417 364
f 364 417 418
f 364 418 311
f 311 418 365
f 419 420 421
f 421 420 422
f 421 422 423
f 423 422 424
f 423 424 425
f 425 424 426
f 425 426 427
f 427 426 428
f 427 428 429
f 429 428 430
f 429 430 431
f 431 430 432
f 431 432 433
f 433 432 434
f 433 434 435
f 435 434 436
f 435 436 437
f 437 436 438
f 437 438 439
f 439 438 440
f 439 440 441
f 441 440 442
f 441 442 443
f 443 442 444
f 443 444 445
f 445 444 446
f 445 446 447
f 447 446 448
f 447 448 449
f 449 448 450
f 449 450 451
f 451 450 452
f 451 452 453
f 453 452 454
f 453 454 455
f 455 454 456
f 455 456 457
f 457 456 458
f 457 458 459
f 459 458 460
f 459 460 461
f 461 460 462
f 461 462 463
f 463 462 464
f 463 464 465
f 465 464 466
f 465 466 467
f 467 466 468
f 467 468 469
f 469 468 470
f 469 470 471
f 471 470 472
f 471 472 473
f 473 472 474
f 473 474 475
f 475 474 476
f 475 476 477
f 477 476 478
f 477 478 479
f 479 478 480
f 479 480 481
f 481 480 482
f 481 482 483
f 483 482 484
f 483 484 485
f 485 484 486
f 485 486 487
f 487 486 488
f 487 488 489
f 489 488 490
f 489 490 491
f 491 490 492
f 491 492 493
f 493 492 494
f 493 494 495
f 495 494 496
f 495 496 497
f 497 496 498
f 497 498 499
f 499 498 500
f 499 500 501
f 501 500 502
f 501 502 503
f 503 502 504
f 503 504 505
f 505 504 506
f 505 506 507
f 507 506 508
f 507 508 509
f 509 508 510
f 509 510 511
f 511 510 512
f 511 512 513
f 513 512 514
f 513 514 515
f 515 514 516
f 515 516 517
f 517 516 518
f 517 518 519
f 519 518 520
f 519 520 419
f 419 520 420
f 521 522 523
f 523 522 524
f 523 524 525
f 525 524 526
f 525 526 527
f 527 526 528
f 527 528 529
f 529 528 530
f 529 530 531
f 531 530 532
f 531 532 533
f 533 532 534
f 533 534 535
f 535 534 536
f 535 536 537
f 537 536 538
f 537 538 539
f 539 538 540
f 539 540 541
f 541 540 542
f 541 542 543
f 543 542 544
f 543 544 545
f 545 544 546
f 545 546 547
f 547 546 548
f 547 548 549
f 549 548 550
f 549 550 551
f 551 550 552
f 551 552 553
f 553 552 554
f 553 554 555
f 555 554 556
f 555 556 521
f 521 556 522
f 100 557 68
f 68 557 558
f 68 558 66
f 66 558 559
f 66 559 72
f 72 559 560
f 72 560 74
f 74 560 561
f 74 561 76
f 76 561 562
f 76 562 78
f 78 562 563
f 78 563 81
f 81 563 564
f 81 564 83
f 83 564 565
f 83 565 85
f 85 565 566
f 85 566 87
f 87 566 567
f 87 567 89
f 89 567 568
f 89 568 91
f 91 568 569
f 91 569 94
f 94 569 570
f 94 570 96
f 96 570 571
f 96 571 98
f 98 571 572
f 98 572 100
f 100 572 557
f 573 574 575
f 575 574 576
f 575 576 577
f 577 576 578
f 577 578 579
f 579 578 580
f 579 580 581
f 581 580 582
f 581 582 583
f 583 582 584
f 583 584 585
f 585 584 586
f 585 586 587
f 587 586 588
f 587 588 589
f 589 588 590
f 589 590 591
f 591 590 592
f 591 592 593
f 593 592 594
f 593 594 595
f 595 594 596
f 595 596 597
f 597 596 598
f 597 598 599
f 599 598 600
f 599 600 601
f 601 600 602
f 601 602 603
f 603 602 604
f 603 604 605
f 605 604 606
f 605 606 607
f 607 606 608
f 607 608 573
f 573 608 574
f 65 609 33
f 33 609 610
f 33 610 31
f 31 610 611
f 31 611 37
f 37 611 612
f 37 612 39
f 39 612 613
f 39 613 41
f 41 613 614
f 41 614 43
f 43 614 615
f 43 615 46
f 46 615 616
f 46 616 48
f 48 616 617
f 48 617 50
f 50 617 618
f 50 618 52
f 52 618 619
f 52 619 54
f 54 619 620
f 54 620 56
f 56 620 621
f 56 621 59
f 59 621 622
f 59 622 61
f 61 622 623
f 61 623 63
f 63 623 624
f 63 624 65
f 65 624 609
f 625 626 627
f 627 626 628
f 627 628 629
f 629 628 630
f 629 630 631
f 631 630 632
f 631 632 633
f 633 632 634
f 633 634 635
f 635 634 636
f 635 636 637
f 637 636 638
f 637 638 639
f 639 638 640
f 639 640 641
f 641 640 642
f 641 642 643
f 643 642 644
f 643 644 645
f 645 644 646
f 645 646 647
f 647 646 648
f 647 648 625
f 625 648 626
f 649 650 651
f 651 650 652
f 651 652 653
f 653 652 654
f 653 654 655
f 655 654 656
f 655 656 657
f 657 656 658
f 657 658 659
f 659 658 660
f 659 660 661
f 661 660 662
f 661 662 663
f 663 662 664
f 663 664 665
f 665 664 666
f 665 666 667
f 667 666 668
f 667 668 669
f 669 668 670
f 669 670 671
f 671 670 672
f 671 672 649
f 649 672 650
f 673 674 675
f 675 674 676
f 675 676 677
f 677 676 678
f 677 678 679
f 679 678 680
f 679 680 681
f 681 680 682
f 681 682 683
f 683 682 684
f 683 684 685
f 685 684 686
f 685 686 687
f 687 686 688
f 687 688 689
f 689 688 690
f 689 690 691
f 691 690 692
f 691 692 693
f 693 692 694
f 693 694 695
f 695 694 696
f 695 696 673
f 673 696 674
f 697 698 699
f 699 698 700
f 699 700 701
f 701 700 702
f 701 702 703
f 703 702 704
f 703 704 705
f 705 704 706
f 705 706 707
f 707 706 708
f 707 708 709
f 709 708 710
f 709 710 711
f 711 710 712
f 711 712 713
f 713 712 714
f 713 714 715
f 715 714 716
f 715 716 717
f 717 716 718
f 717 718 719
f 719 718 720
f 719 720 697
f 697 720 698
f 721 722 723
f 723 722 724
f 723 724 725
f 725 724 726
f 725 726 727
f 727 726 728
f 727 728 729
f 729 728 730
f 729 730 731
f 731 730 732
f 731 732 733
f 733 732 734
f 733 734 735
f 735 734 736
f 735 736 737
f 737 736 738
f 737 738 739
f 739 738 740
f 739 740 741
f 741 740 742
f 741 742 743
f 743 742 744
f 743 744 721
f 721 744 722
f 745 746 747
f 747 746 748
f 747 748 749
f 749 748 750
f 749 750 751
f 751 750 752
f 751 752 753
f 753 752 754
f 753 754 755
f 755 754 756
f 755 756 757
f 757 756 758
f 757 758 759
f 759 758 760
f 759 760 761
f 761 760 762
f 761 762 763
f 763 762 764
f 763 764 765
f 765 764 766
f 765 766 767
f 767 766 768
f 767 768 745
f 745 768 746
f 769 770 771
f 771 770 772
f 771 772 773
f 773 772 774
f 773 774 775
f 775 774 776
f 775 776 777
f 777 776 778
f 777 778 779
f 779 778 780
f 779 780 781
f 781 780 782
f 781 782 783
f 783 782 784
f 783 784 785
f 785 784 786
f 785 786 787
f 787 786 788
f 787 788 789
f 789 788 790
f 789 790 791
f 791 790 792
f 791 792 793
f 793 792 794
f 793 794 795
f 795 794 796
f 795 796 797
f 797 796 798
f 797 798 799
f 799 798 800
f 799 800 801
f 801 800 802
f 801 802 803
f 803 802 804
f 803 804 805
f 805 804 806
f 805 806 807
f 807 806 808
f 807 808 809
f 809 808 810
f 809 810 811
f 811 810 812
f 811 812 813
f 813 812 814
f 813 814 815
f 815 814 816
f 815 816 817
f 817 816 818
f 817 818 819
f 819 818 820
f 819 820 821
f 821 820 822
f 821 822 823
f 823 822 824
f 823 824 825
f 825 824 826
f 825 826 827
f 827 826 828
f 827 828 829
f 829 828 830
f 829 830 831
f 831 830 832
f 831 832 833
f 833 832 834
f 833 834 835
f 835 834 836
f 835 836 837
f 837 836 838
f 837 838 839
f 839 838 840
f 839 840 841
f 841 840 842
f 841 842 843
f 843 842 844
f 843 844 845
f 845 844 846
f 845 846 847
f 847 846 848
f 847 848 849
f 849 848 850
f 849 850 851
f 851 850 852
f 851 852 769
f 769 852 770
f 853 854 627
f 627 854 855
f 627 855 625
f 625 855 856
f 625 856 647
f 647 856 857
f 647 857 858
f 647 858 645
f 645 858 859
f 645 859 643
f 643 859 860
f 643 860 641
f 641 860 861
f 641 861 862
f 641 862 639
f 639 862 863
f 639 863 637
f 637 863 864
f 637 864 865
f 637 865 635
f 635 865 866
f 635 866 633
f 633 866 867
f 633 867 631
f 631 867 868
f 631 868 869
f 631 869 629
f 629 869 853
f 629 853 627
f 870 871 651
f 651 871 872
f 651 872 649
f 649 872 873
f 649 873 671
f 671 873 874
f 671 874 875
f 671 875 669
f 669 875 876
f 669 876 667
f 667 876 877
f 667 877 665
f 665 877 878
f 665 878 879
f 665 879 663
f 663 879 880
f 663 880 661
f 661 880 881
f 661 881 882
f 661 882 659
f 659 882 883
f 659 883 657
f 657 883 884
f 657 884 655
f 655 884 885
f 655 885 886
f 655 886 653
f 653 886 870
f 653 870 651
f 887 888 675
f 675 888 889
f 675 889 673
f 673 889 890
f 673 890 695
f 695 890 891
f 695 891 892
f 695 892 693
f 693 892 893
f 693 893 691
f 691 893 894
f 691 894 689
f 689 894 895
f 689 895 896
f 689 896 687
f 687 896 897
f 687 897 685
f 685 897 898
f 685 898 899
f 685 899 683
f 683 899 900
f 683 900 681
f 681 900 901
f 681 901 679
f 679 901 902
f 679 902 903
f 679 903 677
f 677 903 887
f 677 887 675
f 904 905 699
f 699 905 906
f 699 906 697
f 697 906 907
f 697 907 719
f 719 907 908
f 719 908 909
f 719 909 717
f 717 909 910
f 717 910 715
f 715 910 911
f 715 911 713
f 713 911 912
f 713 912 913
f 713 913 711
f 711 913 914
f 711 914 709
f 709 914 915
f 709 915 916
f 709 916 707
f 707 916 917
f 707 917 705
f 705 917 918
f 705 918 703
f 703 918 919
f 703 919 920
f 703 920 701
f 701 920 904
f 701 904 699
f 921 922 723
f 723 922 923
f 723 923 721
f 721 923 924
f 721 924 743
f 743 924 925
f 743 925 926
f 743 926 741
f 741 926 927
f 741 927 739
f 739 927 928
f 739 928 737
f 737 928 929
f 737 929 930
f 737 930 735
f 735 930 931
f 735 931 733
f 733 931 932
f 733 932 933
f 733 933 731
f 731 933 934
f 731 934 729
f 729 934 935
f 729 935 727
f 727 935 936
f 727 936 937
f 727 937 725
f 725 937 921
f 725 921 723
f 938 939 747
f 747 939 940
f 747 940 745
f 745 940 941
f 745 941 767
f 767 941 942
f 767 942 943
f 767 943 765
f 765 943 944
f 765 944 763
f 763 944 945
f 763 945 761
f 761 945 946
f 761 946 947
f 761 947 759
f 759 947 948
f 759 948 757
f 757 948 949
f 757 949 950
f 757 950 755
f 755 950 951
f 755 951 753
f 753 951 952
f 753 952 751
f 751 952 953
f 751 953 954
f 751 954 749
f 749 954 938
f 749 938 747
f 105 955 103
f 103 955 956
f 103 956 101
f 101 956 957
f 101 957 958
f 105 107 955
f 955 107 959
f 959 107 109
f 959 109 960
f 960 109 111
f 960 111 961
f 961 111 113
f 961 113 962
f 962 113 115
f 962 115 963
f 963 115 117
f 963 117 964
f 964 117 119
f 964 119 965
f 965 119 121
f 965 121 966
f 966 121 123
f 966 123 967
f 967 123 125
f 967 125 968
f 968 125 127
f 968 127 969
f 969 127 129
f 969 129 970
f 970 129 131
f 970 131 971
f 971 131 133
f 971 133 972
f 972 133 135
f 972 135 973
f 973 135 137
f 973 137 974
f 974 137 139
f 974 139 975
f 975 139 141
f 975 141 976
f 976 141 143
f 976 143 977
f 977 143 145
f 977 145 978
f 978 145 147
f 978 147 979
f 979 147 149
f 979 149 980
f 980 149 151
f 980 151 981
f 981 151 153
f 981 153 982
f 982 153 155
f 982 155 983
f 983 155 157
f 983 157 984
f 984 157 159
f 984 159 985
f 985 159 161
f 985 161 986
f 986 161 163
f 986 163 987
f 987 163 165
f 987 165 988
f 988 165 167
f 988 167 989
f 989 167 169
f 989 169 990
f 990 169 171
f 990 171 991
f 991 171 173
f 991 173 992
f 992 173 175
f 992 175 993
f 993 175 177
f 993 177 994
f 994 177 179
f 994 179 995
f 995 179 181
f 995 181 996
f 996 181 183
f 996 183 997
f 997 183 185
f 997 185 998
f 998 185 187
f 998 187 999
f 999 187 189
f 999 189 1000
f 1000 189 191
f 1000 191 1001
f 1001 191 193
f 1001 193 1002
f 1002 193 195
f 1002 195 1003
f 1003 195 197
f 1003 197 1004
f 1004 197 199
f 1004 199 1005
f 1005 199 201
f 1005 201 958
f 958 201 101
f 1006 1007 1008
f 1008 1007 1009
f 1008 1009 1010
f 1010 1009 1011
f 1010 1011 1012
f 1012 1011 1013
f 1012 1013 1014
f 1014 1013 1015
f 1014 1015 1016
f 1016 1015 1017
f 1016 1017 1018
f 1018 1017 1019
f 1018 1019 1020
f 1020 1019 1021
f 1020 1021 1022
f 1022 1021 1023
f 1022 1023 1024
f 1024 1023 1025
f 1024 1025 1026
f 1026 1025 1027
f 1026 1027 1028
f 1028 1027 1029
f 1028 1029 1030
f 1030 1029 1031
f 1030 1031 1032
f 1032 1031 1033
f 1032 1033 1034
f 1034 1033 1035
f 1034 1035 1036
f 1036 1035 1037
f 1036 1037 1038
f 1038 1037 1039
f 1038 1039 1040
f 1040 1039 1041
f 1040 1041 1042
f 1042 1041 1043
f 1042 1043 1044
f 1044 1043 1045
f 1044 1045 1046
f 1046 1045 1047
f 1046 1047 1048
f 1048 1047 1049
f 1048 1049 1050
f 1050 1049 1051
f 1050 1051 1052
f 1052 1051 1053
f 1052 1053 1054
f 1054 1053 1055
f 1054 1055 1056
f 1056 1055 1057
f 1056 1057 1058
f 1058 1057 1059
f 1058 1059 1060
f 1060 1059 1061
f 1060 1061 1062
f 1062 1061 1063
f 1062 1063 1064
f 1064 1063 1065
f 1064 1065 1066
f 1066 1065 1067
f 1066 1067 1068
f 1068 1067 1069
f 1068 1069 1070
f 1070 1069 1071
f 1070 1071 1072
f 1072 1071 1073
f 1072 1073 1074
f 1074 1073 1075
f 1074 1075 1076
f 1076 1075 1077
f 1076 1077 1078
f 1078 1077 1079
f 1078 1079 1080
f 1080 1079 1081
f 1080 1081 1082
f 1082 1081 1083
f 1082 1083 1084
f 1084 1083 1085
f 1084 1085 1086
f 1086 1085 1087
f 1086 1087 1088
f 1088 1087 1089
f 1088 1089 1090
f 1090 1089 1091
f 1090 1091 1092
f 1092 1091 1093
f 1092 1093 1094
f 1094 1093 1095
f 1094 1095 1096
f 1096 1095 1097
f 1096 1097 1098
f 1098 1097 1099
f 1098 1099 1100
f 1100 1099 1101
f 1100 1101 1006
f 1006 1101 1007
f 203 205 422
f 422 205 207
f 422 207 424
f 424 207 209
f 424 209 426
f 426 209 211
f 426 211 428
f 428 211 213
f 428 213 430
f 430 213 215
f 430 215 432
f 432 215 217
f 432 217 434
f 434 217 219
f 434 219 436
f 436 219 221
f 436 221 438
f 438 221 223
f 438 223 440
f 440 223 225
f 440 225 442
f 442 225 227
f 442 227 444
f 444 227 229
f 444 229 446
f 446 229 231
f 446 231 448
f 448 231 233
f 448 233 450
f 450 233 235
f 450 235 452
f 452 235 237
f 452 237 454
f 454 237 239
f 454 239 456
f 456 239 241
f 456 241 243
f 456 243 458
f 458 243 245
f 458 245 460
f 460 245 247
f 460 247 462
f 462 247 249
f 462 249 464
f 464 249 251
f 464 251 466
f 466 251 253
f 466 253 468
f 468 253 255
f 468 255 470
f 470 255 257
f 470 257 472
f 472 257 259
f 472 259 474
f 474 259 261
f 474 261 476
f 476 261 263
f 476 263 478
f 478 263 265
f 478 265 480
f 480 265 267
f 480 267 482
f 482 267 269
f 482 269 484
f 484 269 271
f 484 271 486
f 486 271 273
f 486 273 488
f 488 273 275
f 488 275 490
f 490 275 277
f 490 277 279
f 490 279 492
f 492 279 281
f 492 281 494
f 494 281 283
f 494 283 496
f 496 283 285
f 496 285 498
f 498 285 287
f 498 287 500
f 500 287 289
f 500 289 502
f 502 289 291
f 502 291 504
f 504 291 293
f 504 293 506
f 506 293 295
f 506 295 508
f 508 295 297
f 508 297 510
f 510 297 299
f 510 299 512
f 512 299 301
f 512 301 514
f 514 301 303
f 514 303 516
f 516 303 305
f 516 305 518
f 518 305 307
f 518 307 520
f 520 307 309
f 520 309 420
f 420 309 203
f 420 203 422
f 1102 554 1103
f 1103 554 552
f 1103 552 550
f 554 1102 556
f 556 1102 1104
f 556 1104 522
f 522 1104 1105
f 522 1105 524
f 524 1105 526
f 526 1105 377
f 526 377 376
f 1106 379 1105
f 1105 379 378
f 1105 378 377
f 1107 611 1106
f 1106 611 610
f 1106 610 609
f 611 1107 612
f 612 1107 1108
f 612 1108 613
f 613 1108 1109
f 613 1109 614
f 614 1109 615
f 615 1109 389
f 615 389 616
f 616 389 388
f 616 388 617
f 617 388 618
f 618 388 387
f 618 387 619
f 619 387 620
f 620 387 386
f 620 386 621
f 621 386 385
f 621 385 622
f 622 385 623
f 623 385 384
f 623 384 624
f 624 384 383
f 624 383 609
f 609 383 1106
f 1110 393 1109
f 1109 393 392
f 1109 392 391
f 1111 588 1110
f 1110 588 586
f 1110 586 584
f 588 1111 590
f 590 1111 1112
f 590 1112 592
f 592 1112 1113
f 592 1113 594
f 594 1113 596
f 596 1113 404
f 596 404 403
f 1114 406 1113
f 1113 406 405
f 1113 405 404
f 1115 567 1114
f 1114 567 566
f 1114 566 565
f 567 1115 568
f 568 1115 1116
f 568 1116 569
f 569 1116 1117
f 569 1117 570
f 570 1117 571
f 571 1117 416
f 571 416 572
f 572 416 415
f 572 415 557
f 557 415 558
f 558 415 414
f 558 414 559
f 559 414 560
f 560 414 413
f 560 413 561
f 561 413 412
f 561 412 562
f 562 412 563
f 563 412 411
f 563 411 564
f 564 411 410
f 564 410 565
f 565 410 1114
f 1103 366 1117
f 1117 366 365
f 1117 365 418
f 550 548 1103
f 1103 548 369
f 1103 369 368
f 369 548 370
f 370 548 546
f 370 546 371
f 371 546 544
f 371 544 542
f 371 542 372
f 372 542 540
f 372 540 538
f 372 538 373
f 373 538 536
f 373 536 534
f 373 534 374
f 374 534 532
f 374 532 375
f 375 532 530
f 375 530 528
f 375 528 376
f 376 528 526
f 574 399 576
f 576 399 398
f 576 398 578
f 578 398 580
f 580 398 397
f 580 397 582
f 582 397 396
f 582 396 1110
f 1110 396 395
f 1110 395 394
f 574 608 399
f 399 608 400
f 400 608 606
f 400 606 604
f 400 604 401
f 401 604 602
f 401 602 402
f 402 602 600
f 402 600 598
f 402 598 403
f 403 598 596
f 584 582 1110
f 418 417 1117
f 1117 417 416
f 410 409 1114
f 1114 409 408
f 1114 408 407
f 407 406 1114
f 394 393 1110
f 391 390 1109
f 1109 390 389
f 383 382 1106
f 1106 382 381
f 1106 381 380
f 380 379 1106
f 368 367 1103
f 1103 367 366
f 423 696 421
f 421 696 694
f 421 694 692
f 696 423 674
f 674 423 425
f 674 425 676
f 676 425 776
f 676 776 774
f 425 427 776
f 776 427 778
f 778 427 429
f 778 429 780
f 780 429 431
f 780 431 782
f 782 431 433
f 782 433 716
f 716 433 435
f 716 435 718
f 718 435 720
f 720 435 437
f 720 437 698
f 698 437 439
f 698 439 700
f 700 439 441
f 700 441 702
f 702 441 704
f 704 441 443
f 704 443 790
f 790 443 445
f 790 445 792
f 792 445 447
f 792 447 794
f 794 447 449
f 794 449 796
f 796 449 451
f 796 451 744
f 744 451 722
f 722 451 453
f 722 453 724
f 724 453 455
f 724 455 726
f 726 455 728
f 728 455 457
f 728 457 730
f 730 457 459
f 730 459 732
f 732 459 804
f 732 804 802
f 459 461 804
f 804 461 806
f 806 461 463
f 806 463 808
f 808 463 465
f 808 465 810
f 810 465 467
f 810 467 748
f 748 467 469
f 748 469 750
f 750 469 752
f 752 469 471
f 752 471 754
f 754 471 473
f 754 473 756
f 756 473 475
f 756 475 758
f 758 475 760
f 760 475 477
f 760 477 818
f 818 477 479
f 818 479 820
f 820 479 481
f 820 481 822
f 822 481 483
f 822 483 824
f 824 483 485
f 824 485 632
f 632 485 634
f 634 485 487
f 634 487 636
f 636 487 489
f 636 489 638
f 638 489 640
f 640 489 491
f 640 491 642
f 642 491 493
f 642 493 644
f 644 493 832
f 644 832 830
f 493 495 832
f 832 495 834
f 834 495 497
f 834 497 836
f 836 497 499
f 836 499 838
f 838 499 501
f 838 501 660
f 660 501 503
f 660 503 662
f 662 503 664
f 664 503 505
f 664 505 666
f 666 505 507
f 666 507 668
f 668 507 509
f 668 509 670
f 670 509 672
f 672 509 511
f 672 511 846
f 846 511 513
f 846 513 848
f 848 513 515
f 848 515 850
f 850 515 517
f 850 517 852
f 852 517 519
f 852 519 688
f 688 519 690
f 690 519 419
f 690 419 692
f 692 419 421
f 626 828 628
f 628 828 826
f 628 826 630
f 630 826 632
f 632 826 824
f 626 648 828
f 828 648 830
f 830 648 646
f 830 646 644
f 650 844 652
f 652 844 842
f 652 842 654
f 654 842 656
f 656 842 840
f 656 840 658
f 658 840 660
f 660 840 838
f 650 672 844
f 844 672 846
f 852 688 770
f 770 688 686
f 770 686 684
f 770 684 772
f 772 684 682
f 772 682 680
f 772 680 774
f 774 680 678
f 774 678 676
f 782 716 784
f 784 716 714
f 784 714 712
f 784 712 786
f 786 712 710
f 786 710 708
f 786 708 788
f 788 708 706
f 788 706 704
f 796 744 798
f 798 744 742
f 798 742 740
f 798 740 800
f 800 740 738
f 800 738 736
f 800 736 802
f 802 736 734
f 802 734 732
f 810 748 812
f 812 748 746
f 812 746 768
f 812 768 814
f 814 768 766
f 814 766 764
f 814 764 816
f 816 764 762
f 816 762 760
f 818 816 760
f 790 788 704
f 1118 1106 1119
f 1119 1106 1105
f 1119 1105 1120
f 1120 1105 1104
f 1120 1104 1121
f 1121 1104 1102
f 1121 1102 1122
f 1122 1102 1103
f 1122 1103 1123
f 1123 1103 1117
f 1123 1117 1124
f 1124 1117 1116
f 1124 1116 1125
f 1125 1116 1115
f 1125 1115 1126
f 1126 1115 1114
f 1126 1114 1127
f 1127 1114 1113
f 1110 1128 1111
f 1111 1128 1129
f 1111 1129 1112
f 1112 1129 1130
f 1112 1130 1113
f 1113 1130 1127
f 1128 1110 1131
f 1131 1110 1109
f 1131 1109 1132
f 1132 1109 1108
f 1132 1108 1133
f 1133 1108 1107
f 1133 1107 1118
f 1118 1107 1106
f 1007 893 1009
f 1009 893 892
f 1009 892 891
f 1101 896 1007
f 1007 896 895
f 1007 895 894
f 1099 851 1101
f 1101 851 897
f 1101 897 896
f 851 1099 849
f 849 1099 1097
f 849 1097 847
f 847 1097 1095
f 847 1095 845
f 845 1095 1093
f 845 1093 873
f 873 1093 874
f 874 1093 875
f 875 1093 1091
f 875 1091 876
f 876 1091 877
f 877 1091 1089
f 877 1089 878
f 878 1089 879
f 879 1089 1087
f 879 1087 880
f 880 1087 881
f 881 1087 1085
f 881 1085 882
f 882 1085 883
f 883 1085 837
f 883 837 884
f 884 837 839
f 884 839 885
f 885 839 886
f 886 839 841
f 886 841 870
f 870 841 843
f 870 843 871
f 871 843 872
f 872 843 873
f 873 843 845
f 1085 1083 837
f 837 1083 835
f 835 1083 1081
f 835 1081 833
f 833 1081 1079
f 833 1079 831
f 831 1079 1077
f 831 1077 859
f 859 1077 860
f 860 1077 861
f 861 1077 1075
f 861 1075 862
f 862 1075 863
f 863 1075 1073
f 863 1073 864
f 864 1073 865
f 865 1073 1071
f 865 1071 866
f 866 1071 867
f 867 1071 1069
f 867 1069 868
f 868 1069 869
f 869 1069 823
f 869 823 825
f 1069 1067 823
f 823 1067 821
f 821 1067 1065
f 821 1065 819
f 819 1065 1063
f 819 1063 817
f 817 1063 1061
f 817 1061 947
f 947 1061 948
f 948 1061 1059
f 948 1059 949
f 949 1059 950
f 950 1059 951
f 951 1059 1057
f 951 1057 952
f 952 1057 953
f 953 1057 1055
f 953 1055 954
f 954 1055 938
f 938 1055 1053
f 938 1053 939
f 939 1053 809
f 939 809 940
f 940 809 811
f 940 811 941
f 941 811 942
f 942 811 813
f 942 813 943
f 943 813 944
f 944 813 815
f 944 815 945
f 945 815 946
f 946 815 817
f 946 817 947
f 1053 1051 809
f 809 1051 807
f 807 1051 1049
f 807 1049 805
f 805 1049 1047
f 805 1047 803
f 803 1047 1045
f 803 1045 933
f 933 1045 934
f 934 1045 1043
f 934 1043 935
f 935 1043 936
f 936 1043 937
f 937 1043 1041
f 937 1041 921
f 921 1041 1039
f 921 1039 922
f 922 1039 923
f 923 1039 924
f 924 1039 1037
f 924 1037 925
f 925 1037 795
f 925 795 926
f 926 795 797
f 926 797 927
f 927 797 928
f 928 797 799
f 928 799 929
f 929 799 930
f 930 799 801
f 930 801 931
f 931 801 932
f 932 801 803
f 932 803 933
f 1037 1035 795
f 795 1035 793
f 793 1035 1033
f 793 1033 791
f 791 1033 1031
f 791 1031 789
f 789 1031 1029
f 789 1029 919
f 919 1029 920
f 920 1029 1027
f 920 1027 904
f 904 1027 905
f 905 1027 906
f 906 1027 1025
f 906 1025 907
f 907 1025 1023
f 907 1023 908
f 908 1023 909
f 909 1023 910
f 910 1023 1021
f 910 1021 911
f 911 1021 781
f 911 781 912
f 912 781 783
f 912 783 913
f 913 783 914
f 914 783 785
f 914 785 915
f 915 785 916
f 916 785 787
f 916 787 917
f 917 787 918
f 918 787 789
f 918 789 919
f 1021 1019 781
f 781 1019 779
f 779 1019 1017
f 779 1017 777
f 777 1017 1015
f 777 1015 775
f 775 1015 1013
f 775 1013 888
f 888 1013 889
f 889 1013 1011
f 889 1011 890
f 890 1011 891
f 891 1011 1009
f 773 902 771
f 771 902 901
f 771 901 900
f 775 887 773
f 773 887 903
f 773 903 902
f 827 855 825
f 825 855 854
f 825 854 853
f 855 827 856
f 856 827 829
f 856 829 857
f 857 829 858
f 858 829 831
f 858 831 859
f 897 851 898
f 898 851 769
f 898 769 899
f 899 769 900
f 900 769 771
f 853 869 825
f 888 887 775
f 894 893 1007
f 957 956 1008
f 1008 956 955
f 1008 955 1006
f 1006 955 959
f 1006 959 1100
f 1100 959 960
f 1100 960 1098
f 1098 960 961
f 1098 961 1096
f 1096 961 962
f 1096 962 1094
f 1094 962 963
f 1094 963 1092
f 1092 963 964
f 1092 964 1090
f 1090 964 965
f 1090 965 1088
f 1088 965 966
f 1088 966 1086
f 1086 966 967
f 1086 967 1084
f 1084 967 968
f 1084 968 1082
f 1082 968 969
f 1082 969 1080
f 1080 969 970
f 1080 970 1078
f 1078 970 971
f 1078 971 1076
f 1076 971 972
f 1076 972 1074
f 1074 972 973
f 1074 973 1072
f 1072 973 974
f 1072 974 975
f 1072 975 1070
f 1070 975 976
f 1070 976 1068
f 1068 976 977
f 1068 977 1066
f 1066 977 978
f 1066 978 1064
f 1064 978 979
f 1064 979 1062
f 1062 979 980
f 1062 980 1060
f 1060 980 981
f 1060 981 1058
f 1058 981 982
f 1058 982 1056
f 1056 982 983
f 1056 983 1054
f 1054 983 984
f 1054 984 1052
f 1052 984 985
f 1052 985 1050
f 1050 985 986
f 1050 986 1048
f 1048 986 987
f 1048 987 1046
f 1046 987 988
f 1046 988 1044
f 1044 988 989
f 1044 989 1042
f 1042 989 990
f 1042 990 1040
f 1040 990 991
f 1040 991 992
f 1040 992 1038
f 1038 992 993
f 1038 993 1036
f 1036 993 994
f 1036 994 1034
f 1034 994 995
f 1034 995 1032
f 1032 995 996
f 1032 996 1030
f 1030 996 997
f 1030 997 1028
f 1028 997 998
f 1028 998 1026
f 1026 998 999
f 1026 999 1024
f 1024 999 1000
f 1024 1000 1022
f 1022 1000 1001
f 1022 1001 1020
f 1020 1001 1002
f 1020 1002 1018
f 1018 1002 1003
f 1018 1003 1016
f 1016 1003 1004
f 1016 1004 1014
f 1014 1004 1005
f 1014 1005 1012
f 1012 1005 958
f 1012 958 1010
f 1010 958 957
f 1010 957 1008
f 1134 573 1135
f 1135 573 575
f 1135 575 577
f 573 1134 607
f 607 1134 1136
f 607 1136 605
f 605 1136 1137
f 605 1137 603
f 603 1137 1138
f 603 1138 601
f 601 1138 1139
f 601 1139 599
f 599 1139 1140
f 599 1140 597
f 597 1140 1141
f 597 1141 595
f 595 1141 1142
f 595 1142 593
f 593 1142 1143
f 593 1143 591
f 591 1143 1144
f 591 1144 589
f 589 1144 1145
f 589 1145 587
f 587 1145 1146
f 587 1146 585
f 585 1146 1147
f 585 1147 583
f 583 1147 1148
f 583 1148 581
f 581 1148 1149
f 581 1149 579
f 579 1149 1150
f 579 1150 577
f 577 1150 1135
f 1151 1122 1152
f 1152 1122 1123
f 1152 1123 1153
f 1153 1123 1154
f 1153 1154 1155
f 1155 1154 1156
f 1156 1154 1157
f 1156 1157 1158
f 1158 1157 1159
f 1159 1157 1160
f 1159 1160 1161
f 1161 1160 1162
f 1162 1160 1163
f 1162 1163 1164
f 1164 1163 1165
f 1164 1165 1166
f 1166 1165 1167
f 1166 1167 1168
f 1168 1167 1169
f 1169 1167 1170
f 1169 1170 1171
f 1166 1168 1172
f 1172 1168 1173
f 1172 1173 1174
f 1175 1176 1174
f 1174 1176 1177
f 1174 1177 1172
f 1178 1179 1175
f 1175 1179 1180
f 1175 1180 1176
f 1151 1181 1178
f 1178 1181 1182
f 1178 1182 1179
f 1183 1184 1185
f 1185 1184 1186
f 1185 1186 1187
f 1187 1186 1188
f 1187 1188 1189
f 1189 1188 1190
f 1189 1190 1191
f 1191 1190 1152
f 1191 1152 1153
f 1184 1183 1192
f 1192 1183 1193
f 1192 1193 1194
f 1194 1193 1166
f 1194 1166 1172
f 1152 1195 1151
f 1151 1195 1181
f 1196 1197 1198
f 1198 1197 1128
f 1198 1128 1199
f 1199 1128 1200
f 1200 1128 1201
f 1201 1128 1202
f 1202 1128 1131
f 1202 1131 1203
f 1203 1131 1204
f 1204 1131 1205
f 1205 1131 1206
f 1206 1131 1207
f 1207 1131 1208
f 1207 1208 1209
f 1209 1208 1210
f 1209 1210 1211
f 1211 1210 1212
f 1211 1212 1213
f 1213 1212 1214
f 1213 1214 1215
f 1215 1214 1216
f 1215 1216 1217
f 1217 1216 1218
f 1217 1218 1219
f 1219 1218 1220
f 1219 1220 1221
f 1197 1196 1222
f 1222 1196 1223
f 1222 1223 1224
f 1224 1223 1225
f 1224 1225 1226
f 1226 1225 1227
f 1226 1227 1228
f 1228 1227 1229
f 1228 1229 1230
f 1230 1229 1231
f 1230 1231 1232
f 1232 1231 1233
f 1233 1231 1234
f 1233 1234 1235
f 1233 1235 1236
f 1236 1235 1237
f 1236 1237 1238
f 1238 1237 1239
f 1238 1239 1240
f 1238 1240 1241
f 1241 1240 1242
f 1241 1242 1243
f 1243 1242 1244
f 1243 1244 1245
f 1245 1244 1246
f 1245 1246 1247
f 1247 1246 1248
f 1247 1248 1249
f 1249 1248 1250
f 1249 1250 1251
f 1251 1250 1252
f 1251 1252 1253
f 1253 1252 1254
f 1253 1254 1255
f 1255 1254 1256
f 1255 1256 1257
f 1257 1256 1258
f 1257 1258 1259
f 1257 1259 1260
f 1260 1259 1261
f 1260 1261 1221
f 1221 1261 1262
f 1221 1262 1219
f 1263 1264 1265
f 1265 1264 1266
f 1265 1266 1267
f 1267 1266 1268
f 1267 1268 1269
f 1269 1268 1270
f 1269 1270 1271
f 1272 1273 1263
f 1263 1273 1274
f 1263 1274 1264
f 1275 1276 1272
f 1272 1276 1277
f 1272 1277 1273
f 1276 1275 1278
f 1278 1275 1279
f 1278 1279 1280
f 1280 1279 1281
f 1280 1281 1282
f 1279 1283 1281
f 1281 1283 1284
f 1284 1283 1285
f 1285 1283 1286
f 1285 1286 1287
f 1287 1286 1288
f 1287 1288 1289
f 1289 1288 1290
f 1290 1288 1291
f 1290 1291 1292
f 1292 1291 1293
f 1292 1293 1294
f 1294 1293 1295
f 1294 1295 1296
f 1296 1295 1297
f 1296 1297 1298
f 1298 1297 1299
f 1298 1299 1300
f 1300 1299 1301
f 1300 1301 1302
f 1302 1301 1303
f 1302 1303 1304
f 1304 1303 1305
f 1304 1305 1306
f 1306 1305 1307
f 1306 1307 1308
f 1308 1307 1309
f 1309 1307 1310
f 1309 1310 1311
f 1311 1310 1312
f 1311 1312 1313
f 1313 1312 1314
f 1314 1312 1315
f 1314 1315 1316
f 1316 1315 1317
f 1317 1315 1318
f 1317 1318 1319
f 1319 1318 1320
f 1319 1320 1321
f 1321 1320 1322
f 1322 1320 1323
f 1322 1323 1324
f 1324 1323 1325
f 1325 1323 1326
f 1325 1326 1327
f 1327 1326 1328
f 1327 1328 1329
f 1329 1328 1330
f 1329 1330 1331
f 1331 1330 1332
f 1332 1330 1220
f 1332 1220 1218
f 1230 1232 1271
f 1271 1232 1269
f 1333 1334 1335
f 1335 1334 1336
f 1335 1336 1337
f 1338 1339 1333
f 1333 1339 1340
f 1333 1340 1334
f 1334 1340 1341
f 1341 1340 1342
f 1341 1342 1343
f 1343 1342 1118
f 1343 1118 1344
f 1344 1118 1345
f 1344 1345 1346
f 1339 1338 1347
f 1347 1338 1348
f 1347 1348 1349
f 1349 1348 1322
f 1349 1322 1324
f 1314 1316 1350
f 1350 1316 1351
f 1350 1351 1352
f 1352 1351 1353
f 1352 1353 1354
f 1354 1353 1355
f 1354 1355 1356
f 1356 1355 1357
f 1357 1355 1358
f 1357 1358 1359
f 1359 1358 1360
f 1359 1360 1361
f 1361 1360 1362
f 1361 1362 1363
f 1363 1364 1361
f 1361 1364 1365
f 1361 1365 1366
f 1361 1366 1367
f 1367 1366 1368
f 1367 1368 1337
f 1337 1368 1335
f 1280 1282 1369
f 1369 1282 1370
f 1369 1370 1371
f 1371 1370 1372
f 1371 1372 1373
f 1373 1372 1374
f 1373 1374 1375
f 1373 1375 1376
f 1376 1375 1377
f 1376 1377 1378
f 1378 1377 1379
f 1378 1379 1380
f 1380 1379 1381
f 1381 1379 1382
f 1382 1379 1383
f 1383 1379 1384
f 1384 1379 1385
f 1384 1385 1386
f 1386 1385 1387
f 1386 1387 1388
f 1388 1387 1389
f 1388 1389 1390
f 1377 1391 1379
f 1379 1391 1392
f 1379 1392 1393
f 1393 1394 1379
f 1379 1394 1395
f 1379 1395 1361
f 1361 1395 1396
f 1361 1396 1397
f 1397 1398 1361
f 1361 1398 1359
f 1273 1399 1274
f 1274 1399 1400
f 1400 1399 1401
f 1400 1401 1402
f 1402 1401 1403
f 1402 1403 1404
f 1404 1403 1390
f 1404 1390 1405
f 1403 1388 1390
f 1406 1131 1407
f 1407 1131 1132
f 1407 1132 1408
f 1408 1132 1409
f 1408 1409 1410
f 1406 1411 1131
f 1131 1411 1412
f 1131 1412 1413
f 1413 1414 1131
f 1131 1414 1208
f 1331 1415 1329
f 1329 1415 1416
f 1416 1415 1417
f 1416 1417 1418
f 1418 1417 1419
f 1418 1419 1420
f 1420 1419 1421
f 1420 1421 1422
f 1422 1421 1423
f 1422 1423 1410
f 1410 1423 1408
f 1197 1424 1128
f 1128 1424 1425
f 1128 1425 1426
f 1426 1427 1128
f 1128 1427 1428
f 1128 1428 1429
f 1128 1429 1129
f 1129 1429 1430
f 1129 1430 1431
f 1431 1430 1432
f 1432 1430 1433
f 1432 1433 1434
f 1434 1433 1435
f 1434 1435 1436
f 1436 1435 1437
f 1436 1437 1438
f 1438 1437 1439
f 1438 1439 1440
f 1440 1439 1441
f 1440 1441 1270
f 1342 1409 1118
f 1118 1409 1133
f 1133 1409 1132
f 1268 1440 1270
f 1442 1127 1431
f 1431 1127 1130
f 1431 1130 1129
f 1442 1443 1127
f 1127 1443 1405
f 1127 1405 1444
f 1443 1404 1405
f 1445 1126 1444
f 1444 1126 1127
f 1345 1118 1446
f 1446 1118 1119
f 1446 1119 1447
f 1447 1119 1448
f 1447 1448 1449
f 1448 1119 1450
f 1450 1119 1451
f 1450 1451 1452
f 1452 1453 1450
f 1450 1453 1454
f 1454 1453 1455
f 1454 1455 1456
f 1449 1457 1447
f 1447 1457 1458
f 1447 1458 1459
f 1459 1458 1460
f 1459 1460 1461
f 1461 1460 1462
f 1462 1460 1463
f 1447 1464 1446
f 1465 1466 1344
f 1344 1466 1467
f 1344 1467 1343
f 1468 1469 1444
f 1444 1469 1470
f 1444 1470 1471
f 1471 1445 1444
f 1472 1473 1474
f 1474 1473 1475
f 1475 1473 1476
f 1475 1476 1477
f 1477 1476 1478
f 1477 1478 1479
f 1479 1478 1480
f 1479 1480 1481
f 1481 1480 1482
f 1481 1482 1483
f 1483 1482 1484
f 1483 1484 1485
f 1485 1484 1486
f 1487 1488 1489
f 1489 1488 1490
f 1490 1488 1491
f 1490 1491 1492
f 1492 1491 1493
f 1492 1493 1494
f 1494 1493 1495
f 1494 1495 1496
f 1496 1495 1497
f 1496 1497 1498
f 1498 1497 1499
f 1498 1499 1500
f 1500 1499 1501
f 1502 1503 1504
f 1504 1503 1505
f 1504 1505 1506
f 1506 1505 1507
f 1506 1507 1508
f 1508 1507 1509
f 1508 1509 1510
f 1510 1509 1511
f 1510 1511 1512
f 1503 1502 1513
f 1513 1502 1514
f 1513 1514 1515
f 1515 1514 1516
f 1515 1516 1517
f 1517 1516 1518
f 1518 1516 1519
f 1518 1519 1520
f 1520 1519 1521
f 1520 1521 1522
f 1522 1521 1523
f 1522 1523 1524
f 1524 1523 1525
f 1524 1525 1526
f 1526 1525 1527
f 1526 1527 1528
f 1528 1527 1529
f 1529 1527 1530
f 1529 1530 1531
f 1531 1530 1532
f 1531 1532 1533
f 1533 1532 1534
f 1533 1534 1535
f 1535 1534 1536
f 1535 1536 1512
f 1512 1536 1510
f 1537 1538 1539
f 1539 1538 1540
f 1539 1540 1541
f 1541 1540 1542
f 1541 1542 1543
f 1543 1542 1544
f 1543 1544 1545
f 1545 1544 1546
f 1545 1546 1547
f 1538 1537 1548
f 1548 1537 1549
f 1548 1549 1550
f 1550 1549 1551
f 1550 1551 1552
f 1552 1551 1553
f 1553 1551 1554
f 1553 1554 1555
f 1555 1554 1556
f 1555 1556 1557
f 1557 1556 1558
f 1557 1558 1559
f 1559 1558 1560
f 1559 1560 1561
f 1561 1560 1562
f 1561 1562 1563
f 1563 1562 1564
f 1564 1562 1565
f 1564 1565 1566
f 1566 1565 1567
f 1566 1567 1568
f 1568 1567 1569
f 1568 1569 1570
f 1570 1569 1571
f 1570 1571 1547
f 1547 1571 1545
f 1572 1573 1574
f 1574 1573 1575
f 1574 1575 1576
f 1576 1575 1577
f 1576 1577 1578
f 1578 1577 1579
f 1578 1579 1580
f 1580 1579 1581
f 1580 1581 1582
f 1582 1581 1583
f 1582 1583 1584
f 1584 1583 1585
f 1584 1585 1586
f 1586 1585 1587
f 1586 1587 1588
f 1588 1587 1589
f 1588 1589 1590
f 1590 1589 1591
f 1590 1591 1592
f 1592 1591 1593
f 1592 1593 1594
f 1594 1593 1595
f 1594 1595 1596
f 1596 1595 1597
f 1596 1597 1598
f 1598 1597 1599
f 1598 1599 1600
f 1600 1599 1601
f 1600 1601 1602
f 1602 1601 1603
f 1602 1603 1604
f 1604 1603 1605
f 1604 1605 1606
f 1606 1605 1607
f 1606 1607 1608
f 1608 1607 1609
f 1608 1609 1610
f 1610 1609 1611
f 1610 1611 1612
f 1612 1611 1613
f 1612 1613 1614
f 1614 1613 1615
f 1614 1615 1616
f 1616 1615 1617
f 1616 1617 1618
f 1618 1617 1619
f 1618 1619 1620
f 1620 1619 1621
f 1620 1621 1622
f 1622 1621 1623
f 1622 1623 1624
f 1624 1623 1625
f 1624 1625 1626
f 1626 1625 1627
f 1626 1627 1628
f 1628 1627 1629
f 1628 1629 1630
f 1630 1629 1631
f 1630 1631 1632
f 1632 1631 1633
f 1632 1633 1634
f 1634 1633 1635
f 1634 1635 1636
f 1636 1635 1637
f 1636 1637 1638
f 1638 1637 1639
f 1638 1639 1640
f 1640 1639 1641
f 1640 1641 1642
f 1642 1641 1643
f 1642 1643 1644
f 1644 1643 1645
f 1644 1645 1646
f 1646 1645 1647
f 1646 1647 1648
f 1648 1647 1649
f 1648 1649 1650
f 1650 1649 1651
f 1650 1651 1652
f 1652 1651 1653
f 1652 1653 1654
f 1654 1653 1655
f 1654 1655 1656
f 1656 1655 1657
f 1656 1657 1658
f 1658 1657 1659
f 1658 1659 1660
f 1660 1659 1661
f 1660 1661 1662
f 1662 1661 1663
f 1662 1663 1664
f 1664 1663 1665
f 1664 1665 1666
f 1666 1665 1667
f 1666 1667 1668
f 1668 1667 1669
f 1668 1669 1670
f 1670 1669 1671
f 1670 1671 1672
f 1672 1671 1673
f 1672 1673 1572
f 1572 1673 1573
f 1674 1675 1676
f 1676 1675 1677
f 1676 1677 1678
f 1678 1677 1679
f 1678 1679 1680
f 1680 1679 1681
f 1680 1681 1682
f 1682 1681 1683
f 1682 1683 1684
f 1684 1683 1685
f 1684 1685 1686
f 1686 1685 1687
f 1686 1687 1688
f 1688 1687 1689
f 1688 1689 1690
f 1690 1689 1691
f 1690 1691 1692
f 1692 1691 1693
f 1692 1693 1694
f 1694 1693 1695
f 1694 1695 1696
f 1696 1695 1697
f 1696 1697 1698
f 1698 1697 1699
f 1698 1699 1700
f 1700 1699 1701
f 1700 1701 1702
f 1702 1701 1703
f 1702 1703 1704
f 1704 1703 1705
f 1704 1705 1706
f 1706 1705 1707
f 1706 1707 1708
f 1708 1707 1709
f 1708 1709 1710
f 1710 1709 1711
f 1710 1711 1712
f 1712 1711 1713
f 1712 1713 1714
f 1714 1713 1715
f 1714 1715 1716
f 1716 1715 1717
f 1716 1717 1718
f 1718 1717 1719
f 1718 1719 1720
f 1720 1719 1721
f 1720 1721 1722
f 1722 1721 1723
f 1722 1723 1724
f 1724 1723 1725
f 1724 1725 1726
f 1726 1725 1727
f 1726 1727 1728
f 1728 1727 1729
f 1728 1729 1730
f 1730 1729 1731
f 1730 1731 1732
f 1732 1731 1733
f 1732 1733 1734
f 1734 1733 1735
f 1734 1735 1736
f 1736 1735 1737
f 1736 1737 1738
f 1738 1737 1739
f 1738 1739 1740
f 1740 1739 1741
f 1740 1741 1742
f 1742 1741 1743
f 1742 1743 1744
f 1744 1743 1745
f 1744 1745 1746
f 1746 1745 1747
f 1746 1747 1748
f 1748 1747 1749
f 1748 1749 1750
f 1750 1749 1751
f 1750 1751 1752
f 1752 1751 1753
f 1752 1753 1754
f 1754 1753 1755
f 1754 1755 1756
f 1756 1755 1757
f 1756 1757 1758
f 1758 1757 1759
f 1758 1759 1760
f 1760 1759 1761
f 1760 1761 1762
f 1762 1761 1763
f 1762 1763 1764
f 1764 1763 1765
f 1764 1765 1766
f 1766 1765 1767
f 1766 1767 1768
f 1768 1767 1769
f 1768 1769 1770
f 1770 1769 1771
f 1770 1771 1772
f 1772 1771 1773
f 1772 1773 1774
f 1774 1773 1775
f 1774 1775 1776
f 1776 1775 1777
f 1776 1777 1778
f 1778 1777 1779
f 1778 1779 1780
f 1780 1779 1781
f 1780 1781 1674
f 1674 1781 1675
f 1675 1782 1677
f 1677 1782 1783
f 1677 1783 1679
f 1679 1783 1784
f 1679 1784 1681
f 1681 1784 1785
f 1681 1785 1683
f 1683 1785 1786
f 1683 1786 1685
f 1685 1786 1787
f 1685 1787 1687
f 1687 1787 1788
f 1687 1788 1689
f 1689 1788 1789
f 1689 1789 1691
f 1691 1789 1790
f 1691 1790 1693
f 1693 1790 1791
f 1693 1791 1695
f 1695 1791 1792
f 1695 1792 1697
f 1697 1792 1793
f 1697 1793 1699
f 1699 1793 1794
f 1699 1794 1701
f 1701 1794 1795
f 1701 1795 1703
f 1703 1795 1796
f 1703 1796 1705
f 1705 1796 1797
f 1705 1797 1707
f 1707 1797 1798
f 1707 1798 1709
f 1709 1798 1799
f 1709 1799 1711
f 1711 1799 1800
f 1711 1800 1713
f 1713 1800 1801
f 1713 1801 1715
f 1715 1801 1802
f 1715 1802 1717
f 1717 1802 1803
f 1717 1803 1719
f 1719 1803 1804
f 1719 1804 1721
f 1721 1804 1805
f 1721 1805 1723
f 1723 1805 1806
f 1723 1806 1725
f 1725 1806 1807
f 1725 1807 1727
f 1727 1807 1808
f 1727 1808 1729
f 1729 1808 1809
f 1729 1809 1731
f 1731 1809 1810
f 1731 1810 1733
f 1733 1810 1811
f 1733 1811 1735
f 1735 1811 1812
f 1735 1812 1737
f 1737 1812 1813
f 1737 1813 1739
f 1739 1813 1814
f 1739 1814 1741
f 1741 1814 1815
f 1741 1815 1743
f 1743 1815 1816
f 1743 1816 1745
f 1745 1816 1817
f 1745 1817 1747
f 1747 1817 1818
f 1747 1818 1749
f 1749 1818 1819
f 1749 1819 1751
f 1751 1819 1820
f 1751 1820 1753
f 1753 1820 1821
f 1753 1821 1755
f 1755 1821 1822
f 1755 1822 1757
f 1757 1822 1823
f 1757 1823 1759
f 1759 1823 1824
f 1759 1824 1761
f 1761 1824 1825
f 1761 1825 1763
f 1763 1825 1826
f 1763 1826 1765
f 1765 1826 1827
f 1765 1827 1767
f 1767 1827 1828
f 1767 1828 1769
f 1769 1828 1829
f 1769 1829 1771
f 1771 1829 1830
f 1771 1830 1773
f 1773 1830 1831
f 1773 1831 1775
f 1775 1831 1832
f 1775 1832 1777
f 1777 1832 1833
f 1777 1833 1779
f 1779 1833 1834
f 1779 1834 1781
f 1781 1834 1835
f 1781 1835 1675
f 1675 1835 1782
f 1782 1836 1783
f 1783 1836 1837
f 1783 1837 1784
f 1784 1837 1838
f 1784 1838 1785
f 1785 1838 1839
f 1785 1839 1786
f 1786 1839 1840
f 1786 1840 1787
f 1787 1840 1841
f 1787 1841 1788
f 1788 1841 1842
f 1788 1842 1789
f 1789 1842 1843
f 1789 1843 1790
f 1790 1843 1844
f 1790 1844 1791
f 1791 1844 1845
f 1791 1845 1792
f 1792 1845 1846
f 1792 1846 1793
f 1793 1846 1847
f 1793 1847 1794
f 1794 1847 1848
f 1794 1848 1795
f 1795 1848 1849
f 1795 1849 1796
f 1796 1849 1850
f 1796 1850 1797
f 1797 1850 1851
f 1797 1851 1798
f 1798 1851 1852
f 1798 1852 1799
f 1799 1852 1853
f 1799 1853 1800
f 1800 1853 1854
f 1800 1854 1801
f 1801 1854 1855
f 1801 1855 1802
f 1802 1855 1856
f 1802 1856 1803
f 1803 1856 1857
f 1803 1857 1804
f 1804 1857 1858
f 1804 1858 1805
f 1805 1858 1859
f 1805 1859 1806
f 1806 1859 1860
f 1806 1860 1807
f 1807 1860 1861
f 1807 1861 1808
f 1808 1861 1862
f 1808 1862 1809
f 1809 1862 1863
f 1809 1863 1810
f 1810 1863 1864
f 1810 1864 1811
f 1811 1864 1865
f 1811 1865 1812
f 1812 1865 1866
f 1812 1866 1813
f 1813 1866 1867
f 1813 1867 1814
f 1814 1867 1868
f 1814 1868 1815
f 1815 1868 1869
f 1815 1869 1816
f 1816 1869 1870
f 1816 1870 1817
f 1817 1870 1871
f 1817 1871 1818
f 1818 1871 1872
f 1818 1872 1819
f 1819 1872 1873
f 1819 1873 1820
f 1820 1873 1874
f 1820 1874 1821
f 1821 1874 1875
f 1821 1875 1822
f 1822 1875 1876
f 1822 1876 1823
f 1823 1876 1877
f 1823 1877 1824
f 1824 1877 1878
f 1824 1878 1825
f 1825 1878 1879
f 1825 1879 1826
f 1826 1879 1880
f 1826 1880 1827
f 1827 1880 1881
f 1827 1881 1828
f 1828 1881 1882
f 1828 1882 1829
f 1829 1882 1883
f 1829 1883 1830
f 1830 1883 1884
f 1830 1884 1831
f 1831 1884 1885
f 1831 1885 1832
f 1832 1885 1886
f 1832 1886 1833
f 1833 1886 1887
f 1833 1887 1834
f 1834 1887 1888
f 1834 1888 1835
f 1835 1888 1889
f 1835 1889 1782
f 1782 1889 1836
f 1890 1891 1892
f 1892 1891 1893
f 1892 1893 1894
f 1894 1893 1895
f 1894 1895 1896
f 1896 1895 1897
f 1896 1897 1898
f 1898 1897 1899
f 1898 1899 1900
f 1900 1899 1901
f 1900 1901 1902
f 1902 1901 1903
f 1902 1903 1904
f 1904 1903 1905
f 1904 1905 1906
f 1906 1905 1907
f 1906 1907 1908
f 1908 1907 1909
f 1908 1909 1910
f 1910 1909 1911
f 1910 1911 1912
f 1912 1911 1913
f 1912 1913 1914
f 1914 1913 1915
f 1914 1915 1916
f 1916 1915 1917
f 1916 1917 1918
f 1918 1917 1919
f 1918 1919 1920
f 1920 1919 1921
f 1920 1921 1922
f 1922 1921 1923
f 1922 1923 1924
f 1924 1923 1925
f 1924 1925 1926
f 1926 1925 1927
f 1926 1927 1928
f 1928 1927 1929
f 1928 1929 1930
f 1930 1929 1931
f 1930 1931 1932
f 1932 1931 1933
f 1932 1933 1934
f 1934 1933 1935
f 1934 1935 1936
f 1936 1935 1937
f 1936 1937 1938
f 1938 1937 1939
f 1938 1939 1940
f 1940 1939 1941
f 1940 1941 1942
f 1942 1941 1943
f 1942 1943 1944
f 1944 1943 1945
f 1944 1945 1946
f 1946 1945 1947
f 1946 1947 1948
f 1948 1947 1949
f 1948 1949 1950
f 1950 1949 1951
f 1950 1951 1952
f 1952 1951 1953
f 1952 1953 1954
f 1954 1953 1955
f 1954 1955 1956
f 1956 1955 1957
f 1956 1957 1958
f 1958 1957 1959
f 1958 1959 1960
f 1960 1959 1961
f 1960 1961 1962
f 1962 1961 1963
f 1962 1963 1964
f 1964 1963 1965
f 1964 1965 1966
f 1966 1965 1967
f 1966 1967 1968
f 1968 1967 1969
f 1968 1969 1970
f 1970 1969 1971
f 1970 1971 1972
f 1972 1971 1973
f 1972 1973 1974
f 1974 1973 1975
f 1974 1975 1976
f 1976 1975 1977
f 1976 1977 1978
f 1978 1977 1979
f 1978 1979 1980
f 1980 1979 1981
f 1980 1981 1982
f 1982 1981 1983
f 1982 1983 1984
f 1984 1983 1985
f 1984 1985 1986
f 1986 1985 1987
f 1986 1987 1988
f 1988 1987 1989
f 1988 1989 1990
f 1990 1989 1991
f 1990 1991 1890
f 1890 1991 1891
f 1992 1993 1994
f 1994 1993 1995
f 1994 1995 1996
f 1996 1995 1997
f 1996 1997 1998
f 1998 1997 1999
f 1998 1999 2000
f 2000 1999 2001
f 2000 2001 2002
f 2002 2001 2003
f 2002 2003 2004
f 2004 2003 2005
f 2004 2005 2006
f 2006 2005 2007
f 2006 2007 2008
f 2008 2007 2009
f 2008 2009 2010
f 2010 2009 2011
f 2010 2011 2012
f 2012 2011 2013
f 2012 2013 2014
f 2014 2013 2015
f 2014 2015 2016
f 2016 2015 2017
f 2016 2017 2018
f 2018 2017 2019
f 2018 2019 2020
f 2020 2019 2021
f 2020 2021 2022
f 2022 2021 2023
f 2022 2023 2024
f 2024 2023 2025
f 2024 2025 2026
f 2026 2025 2027
f 2026 2027 1992
f 1992 2027 1993
f 1506 2028 1504
f 1504 2028 2029
f 1504 2029 1502
f 1502 2029 2030
f 1502 2030 1514
f 1514 2030 2031
f 1514 2031 1516
f 1516 2031 2032
f 1516 2032 1519
f 1519 2032 2033
f 1519 2033 1521
f 1521 2033 2034
f 1521 2034 1523
f 1523 2034 2035
f 1523 2035 1525
f 1525 2035 2036
f 1525 2036 1527
f 1527 2036 2037
f 1527 2037 1530
f 1530 2037 2038
f 1530 2038 1532
f 1532 2038 2039
f 1532 2039 1534
f 1534 2039 2040
f 1534 2040 1536
f 1536 2040 2041
f 1536 2041 1510
f 1510 2041 2042
f 1510 2042 1508
f 1508 2042 2043
f 1508 2043 1506
f 1506 2043 2028
f 2044 2045 2046
f 2046 2045 2047
f 2046 2047 2048
f 2048 2047 2049
f 2048 2049 2050
f 2050 2049 2051
f 2050 2051 2052
f 2052 2051 2053
f 2052 2053 2054
f 2054 2053 2055
f 2054 2055 2056
f 2056 2055 2057
f 2056 2057 2058
f 2058 2057 2059
f 2058 2059 2060
f 2060 2059 2061
f 2060 2061 2062
f 2062 2061 2063
f 2062 2063 2064
f 2064 2063 2065
f 2064 2065 2066
f 2066 2065 2067
f 2066 2067 2068
f 2068 2067 2069
f 2068 2069 2070
f 2070 2069 2071
f 2070 2071 2072
f 2072 2071 2073
f 2072 2073 2074
f 2074 2073 2075
f 2074 2075 2076
f 2076 2075 2077
f 2076 2077 2078
f 2078 2077 2079
f 2078 2079 2044
f 2044 2079 2045
f 1541 2080 1539
f 1539 2080 2081
f 1539 2081 1537
f 1537 2081 2082
f 1537 2082 1549
f 1549 2082 2083
f 1549 2083 1551
f 1551 2083 2084
f 1551 2084 1554
f 1554 2084 2085
f 1554 2085 1556
f 1556 2085 2086
f 1556 2086 1558
f 1558 2086 2087
f 1558 2087 1560
f 1560 2087 2088
f 1560 2088 1562
f 1562 2088 2089
f 1562 2089 1565
f 1565 2089 2090
f 1565 2090 1567
f 1567 2090 2091
f 1567 2091 1569
f 1569 2091 2092
f 1569 2092 1571
f 1571 2092 2093
f 1571 2093 1545
f 1545 2093 2094
f 1545 2094 1543
f 1543 2094 2095
f 1543 2095 1541
f 1541 2095 2080
f 2096 2097 2098
f 2098 2097 2099
f 2098 2099 2100
f 2100 2099 2101
f 2100 2101 2102
f 2102 2101 2103
f 2102 2103 2104
f 2104 2103 2105
f 2104 2105 2106
f 2106 2105 2107
f 2106 2107 2108
f 2108 2107 2109
f 2108 2109 2110
f 2110 2109 2111
f 2110 2111 2112
f 2112 2111 2113
f 2112 2113 2114
f 2114 2113 2115
f 2114 2115 2116
f 2116 2115 2117
f 2116 2117 2118
f 2118 2117 2119
f 2118 2119 2096
f 2096 2119 2097
f 2120 2121 2122
f 2122 2121 2123
f 2122 2123 2124
f 2124 2123 2125
f 2124 2125 2126
f 2126 2125 2127
f 2126 2127 2128
f 2128 2127 2129
f 2128 2129 2130
f 2130 2129 2131
f 2130 2131 2132
f 2132 2131 2133
f 2132 2133 2134
f 2134 2133 2135
f 2134 2135 2136
f 2136 2135 2137
f 2136 2137 2138
f 2138 2137 2139
f 2138 2139 2140
f 2140 2139 2141
f 2140 2141 2142
f 2142 2141 2143
f 2142 2143 2120
f 2120 2143 2121
f 2144 2145 2146
f 2146 2145 2147
f 2146 2147 2148
f 2148 2147 2149
f 2148 2149 2150
f 2150 2149 2151
f 2150 2151 2152
f 2152 2151 2153
f 2152 2153 2154
f 2154 2153 2155
f 2154 2155 2156
f 2156 2155 2157
f 2156 2157 2158
f 2158 2157 2159
f 2158 2159 2160
f 2160 2159 2161
f 2160 2161 2162
f 2162 2161 2163
f 2162 2163 2164
f 2164 2163 2165
f 2164 2165 2166
f 2166 2165 2167
f 2166 2167 2144
f 2144 2167 2145
f 2168 2169 2170
f 2170 2169 2171
f 2170 2171 2172
f 2172 2171 2173
f 2172 2173 2174
f 2174 2173 2175
f 2174 2175 2176
f 2176 2175 2177
f 2176 2177 2178
f 2178 2177 2179
f 2178 2179 2180
f 2180 2179 2181
f 2180 2181 2182
f 2182 2181 2183
f 2182 2183 2184
f 2184 2183 2185
f 2184 2185 2186
f 2186 2185 2187
f 2186 2187 2188
f 2188 2187 2189
f 2188 2189 2190
f 2190 2189 2191
f 2190 2191 2168
f 2168 2191 2169
f 2192 2193 2194
f 2194 2193 2195
f 2194 2195 2196
f 2196 2195 2197
f 2196 2197 2198
f 2198 2197 2199
f 2198 2199 2200
f 2200 2199 2201
f 2200 2201 2202
f 2202 2201 2203
f 2202 2203 2204
f 2204 2203 2205
f 2204 2205 2206
f 2206 2205 2207
f 2206 2207 2208
f 2208 2207 2209
f 2208 2209 2210
f 2210 2209 2211
f 2210 2211 2212
f 2212 2211 2213
f 2212 2213 2214
f 2214 2213 2215
f 2214 2215 2192
f 2192 2215 2193
f 2216 2217 2218
f 2218 2217 2219
f 2218 2219 2220
f 2220 2219 2221
f 2220 2221 2222
f 2222 2221 2223
f 2222 2223 2224
f 2224 2223 2225
f 2224 2225 2226
f 2226 2225 2227
f 2226 2227 2228
f 2228 2227 2229
f 2228 2229 2230
f 2230 2229 2231
f 2230 2231 2232
f 2232 2231 2233
f 2232 2233 2234
f 2234 2233 2235
f 2234 2235 2236
f 2236 2235 2237
f 2236 2237 2238
f 2238 2237 2239
f 2238 2239 2216
f 2216 2239 2217
f 2240 2241 2242
f 2242 2241 2243
f 2242 2243 2244
f 2244 2243 2245
f 2244 2245 2246
f 2246 2245 2247
f 2246 2247 2248
f 2248 2247 2249
f 2248 2249 2250
f 2250 2249 2251
f 2250 2251 2252
f 2252 2251 2253
f 2252 2253 2254
f 2254 2253 2255
f 2254 2255 2256
f 2256 2255 2257
f 2256 2257 2258
f 2258 2257 2259
f 2258 2259 2260
f 2260 2259 2261
f 2260 2261 2262
f 2262 2261 2263
f 2262 2263 2264
f 2264 2263 2265
f 2264 2265 2266
f 2266 2265 2267
f 2266 2267 2268
f 2268 2267 2269
f 2268 2269 2270
f 2270 2269 2271
f 2270 2271 2272
f 2272 2271 2273
f 2272 2273 2274
f 2274 2273 2275
f 2274 2275 2276
f 2276 2275 2277
f 2276 2277 2278
f 2278 2277 2279
f 2278 2279 2280
f 2280 2279 2281
f 2280 2281 2282
f 2282 2281 2283
f 2282 2283 2284
f 2284 2283 2285
f 2284 2285 2286
f 2286 2285 2287
f 2286 2287 2288
f 2288 2287 2289
f 2288 2289 2290
f 2290 2289 2291
f 2290 2291 2292
f 2292 2291 2293
f 2292 2293 2294
f 2294 2293 2295
f 2294 2295 2296
f 2296 2295 2297
f 2296 2297 2298
f 2298 2297 2299
f 2298 2299 2300
f 2300 2299 2301
f 2300 2301 2302
f 2302 2301 2303
f 2302 2303 2304
f 2304 2303 2305
f 2304 2305 2306
f 2306 2305 2307
f 2306 2307 2308
f 2308 2307 2309
f 2308 2309 2310
f 2310 2309 2311
f 2310 2311 2312
f 2312 2311 2313
f 2312 2313 2314
f 2314 2313 2315
f 2314 2315 2316
f 2316 2315 2317
f 2316 2317 2318
f 2318 2317 2319
f 2318 2319 2320
f 2320 2319 2321
f 2320 2321 2322
f 2322 2321 2323
f 2322 2323 2240
f 2240 2323 2241
f 2324 2325 2098
f 2098 2325 2326
f 2098 2326 2096
f 2096 2326 2327
f 2096 2327 2118
f 2118 2327 2328
f 2118 2328 2329
f 2118 2329 2116
f 2116 2329 2330
f 2116 2330 2114
f 2114 2330 2331
f 2114 2331 2112
f 2112 2331 2332
f 2112 2332 2333
f 2112 2333 2110
f 2110 2333 2334
f 2110 2334 2108
f 2108 2334 2335
f 2108 2335 2336
f 2108 2336 2106
f 2106 2336 2337
f 2106 2337 2104
f 2104 2337 2338
f 2104 2338 2102
f 2102 2338 2339
f 2102 2339 2340
f 2102 2340 2100
f 2100 2340 2324
f 2100 2324 2098
f 2341 2342 2122
f 2122 2342 2343
f 2122 2343 2120
f 2120 2343 2344
f 2120 2344 2142
f 2142 2344 2345
f 2142 2345 2346
f 2142 2346 2140
f 2140 2346 2347
f 2140 2347 2138
f 2138 2347 2348
f 2138 2348 2136
f 2136 2348 2349
f 2136 2349 2350
f 2136 2350 2134
f 2134 2350 2351
f 2134 2351 2132
f 2132 2351 2352
f 2132 2352 2353
f 2132 2353 2130
f 2130 2353 2354
f 2130 2354 2128
f 2128 2354 2355
f 2128 2355 2126
f 2126 2355 2356
f 2126 2356 2357
f 2126 2357 2124
f 2124 2357 2341
f 2124 2341 2122
f 2358 2359 2146
f 2146 2359 2360
f 2146 2360 2144
f 2144 2360 2361
f 2144 2361 2166
f 2166 2361 2362
f 2166 2362 2363
f 2166 2363 2164
f 2164 2363 2364
f 2164 2364 2162
f 2162 2364 2365
f 2162 2365 2160
f 2160 2365 2366
f 2160 2366 2367
f 2160 2367 2158
f 2158 2367 2368
f 2158 2368 2156
f 2156 2368 2369
f 2156 2369 2370
f 2156 2370 2154
f 2154 2370 2371
f 2154 2371 2152
f 2152 2371 2372
f 2152 2372 2150
f 2150 2372 2373
f 2150 2373 2374
f 2150 2374 2148
f 2148 2374 2358
f 2148 2358 2146
f 2375 2376 2170
f 2170 2376 2377
f 2170 2377 2168
f 2168 2377 2378
f 2168 2378 2190
f 2190 2378 2379
f 2190 2379 2380
f 2190 2380 2188
f 2188 2380 2381
f 2188 2381 2186
f 2186 2381 2382
f 2186 2382 2184
f 2184 2382 2383
f 2184 2383 2384
f 2184 2384 2182
f 2182 2384 2385
f 2182 2385 2180
f 2180 2385 2386
f 2180 2386 2387
f 2180 2387 2178
f 2178 2387 2388
f 2178 2388 2176
f 2176 2388 2389
f 2176 2389 2174
f 2174 2389 2390
f 2174 2390 2391
f 2174 2391 2172
f 2172 2391 2375
f 2172 2375 2170
f 2392 2393 2194
f 2194 2393 2394
f 2194 2394 2192
f 2192 2394 2395
f 2192 2395 2214
f 2214 2395 2396
f 2214 2396 2397
f 2214 2397 2212
f 2212 2397 2398
f 2212 2398 2210
f 2210 2398 2399
f 2210 2399 2208
f 2208 2399 2400
f 2208 2400 2401
f 2208 2401 2206
f 2206 2401 2402
f 2206 2402 2204
f 2204 2402 2403
f 2204 2403 2404
f 2204 2404 2202
f 2202 2404 2405
f 2202 2405 2200
f 2200 2405 2406
f 2200 2406 2198
f 2198 2406 2407
f 2198 2407 2408
f 2198 2408 2196
f 2196 2408 2392
f 2196 2392 2194
f 2409 2410 2218
f 2218 2410 2411
f 2218 2411 2216
f 2216 2411 2412
f 2216 2412 2238
f 2238 2412 2413
f 2238 2413 2414
f 2238 2414 2236
f 2236 2414 2415
f 2236 2415 2234
f 2234 2415 2416
f 2234 2416 2232
f 2232 2416 2417
f 2232 2417 2418
f 2232 2418 2230
f 2230 2418 2419
f 2230 2419 2228
f 2228 2419 2420
f 2228 2420 2421
f 2228 2421 2226
f 2226 2421 2422
f 2226 2422 2224
f 2224 2422 2423
f 2224 2423 2222
f 2222 2423 2424
f 2222 2424 2425
f 2222 2425 2220
f 2220 2425 2409
f 2220 2409 2218
f 1576 2426 1574
f 1574 2426 2427
f 1574 2427 1572
f 1572 2427 2428
f 1572 2428 2429
f 1576 1578 2426
f 2426 1578 2430
f 2430 1578 1580
f 2430 1580 2431
f 2431 1580 1582
f 2431 1582 2432
f 2432 1582 1584
f 2432 1584 2433
f 2433 1584 1586
f 2433 1586 2434
f 2434 1586 1588
f 2434 1588 2435
f 2435 1588 1590
f 2435 1590 2436
f 2436 1590 1592
f 2436 1592 2437
f 2437 1592 1594
f 2437 1594 2438
f 2438 1594 1596
f 2438 1596 2439
f 2439 1596 1598
f 2439 1598 2440
f 2440 1598 1600
f 2440 1600 2441
f 2441 1600 1602
f 2441 1602 2442
f 2442 1602 1604
f 2442 1604 2443
f 2443 1604 1606
f 2443 1606 2444
f 2444 1606 1608
f 2444 1608 2445
f 2445 1608 1610
f 2445 1610 2446
f 2446 1610 1612
f 2446 1612 2447
f 2447 1612 1614
f 2447 1614 2448
f 2448 1614 1616
f 2448 1616 2449
f 2449 1616 1618
f 2449 1618 2450
f 2450 1618 1620
f 2450 1620 2451
f 2451 1620 1622
f 2451 1622 2452
f 2452 1622 1624
f 2452 1624 2453
f 2453 1624 1626
f 2453 1626 2454
f 2454 1626 1628
f 2454 1628 2455
f 2455 1628 1630
f 2455 1630 2456
f 2456 1630 1632
f 2456 1632 2457
f 2457 1632 1634
f 2457 1634 2458
f 2458 1634 1636
f 2458 1636 2459
f 2459 1636 1638
f 2459 1638 2460
f 2460 1638 1640
f 2460 1640 2461
f 2461 1640 1642
f 2461 1642 2462
f 2462 1642 1644
f 2462 1644 2463
f 2463 1644 1646
f 2463 1646 2464
f 2464 1646 1648
f 2464 1648 2465
f 2465 1648 1650
f 2465 1650 2466
f 2466 1650 1652
f 2466 1652 2467
f 2467 1652 1654
f 2467 1654 2468
f 2468 1654 1656
f 2468 1656 2469
f 2469 1656 1658
f 2469 1658 2470
f 2470 1658 1660
f 2470 1660 2471
f 2471 1660 1662
f 2471 1662 2472
f 2472 1662 1664
f 2472 1664 2473
f 2473 1664 1666
f 2473 1666 2474
f 2474 1666 1668
f 2474 1668 2475
f 2475 1668 1670
f 2475 1670 2476
f 2476 1670 1672
f 2476 1672 2429
f 2429 1672 1572
f 2477 2478 2479
f 2479 2478 2480
f 2479 2480 2481
f 2481 2480 2482
f 2481 2482 2483
f 2483 2482 2484
f 2483 2484 2485
f 2485 2484 2486
f 2485 2486 2487
f 2487 2486 2488
f 2487 2488 2489
f 2489 2488 2490
f 2489 2490 2491
f 2491 2490 2492
f 2491 2492 2493
f 2493 2492 2494
f 2493 2494 2495
f 2495 2494 2496
f 2495 2496 2497
f 2497 2496 2498
f 2497 2498 2499
f 2499 2498 2500
f 2499 2500 2501
f 2501 2500 2502
f 2501 2502 2503
f 2503 2502 2504
f 2503 2504 2505
f 2505 2504 2506
f 2505 2506 2507
f 2507 2506 2508
f 2507 2508 2509
f 2509 2508 2510
f 2509 2510 2511
f 2511 2510 2512
f 2511 2512 2513
f 2513 2512 2514
f 2513 2514 2515
f 2515 2514 2516
f 2515 2516 2517
f 2517 2516 2518
f 2517 2518 2519
f 2519 2518 2520
f 2519 2520 2521
f 2521 2520 2522
f 2521 2522 2523
f 2523 2522 2524
f 2523 2524 2525
f 2525 2524 2526
f 2525 2526 2527
f 2527 2526 2528
f 2527 2528 2529
f 2529 2528 2530
f 2529 2530 2531
f 2531 2530 2532
f 2531 2532 2533
f 2533 2532 2534
f 2533 2534 2535
f 2535 2534 2536
f 2535 2536 2537
f 2537 2536 2538
f 2537 2538 2539
f 2539 2538 2540
f 2539 2540 2541
f 2541 2540 2542
f 2541 2542 2543
f 2543 2542 2544
f 2543 2544 2545
f 2545 2544 2546
f 2545 2546 2547
f 2547 2546 2548
f 2547 2548 2549
f 2549 2548 2550
f 2549 2550 2551
f 2551 2550 2552
f 2551 2552 2553
f 2553 2552 2554
f 2553 2554 2555
f 2555 2554 2556
f 2555 2556 2557
f 2557 2556 2558
f 2557 2558 2559
f 2559 2558 2560
f 2559 2560 2561
f 2561 2560 2562
f 2561 2562 2563
f 2563 2562 2564
f 2563 2564 2565
f 2565 2564 2566
f 2565 2566 2567
f 2567 2566 2568
f 2567 2568 2569
f 2569 2568 2570
f 2569 2570 2571
f 2571 2570 2572
f 2571 2572 2477
f 2477 2572 2478
f 1674 1676 1893
f 1893 1676 1678
f 1893 1678 1895
f 1895 1678 1680
f 1895 1680 1897
f 1897 1680 1682
f 1897 1682 1899
f 1899 1682 1684
f 1899 1684 1901
f 1901 1684 1686
f 1901 1686 1903
f 1903 1686 1688
f 1903 1688 1905
f 1905 1688 1690
f 1905 1690 1907
f 1907 1690 1692
f 1907 1692 1909
f 1909 1692 1694
f 1909 1694 1911
f 1911 1694 1696
f 1911 1696 1913
f 1913 1696 1698
f 1913 1698 1915
f 1915 1698 1700
f 1915 1700 1917
f 1917 1700 1702
f 1917 1702 1919
f 1919 1702 1704
f 1919 1704 1921
f 1921 1704 1706
f 1921 1706 1923
f 1923 1706 1708
f 1923 1708 1925
f 1925 1708 1710
f 1925 1710 1927
f 1927 1710 1712
f 1927 1712 1714
f 1927 1714 1929
f 1929 1714 1716
f 1929 1716 1931
f 1931 1716 1718
f 1931 1718 1933
f 1933 1718 1720
f 1933 1720 1935
f 1935 1720 1722
f 1935 1722 1937
f 1937 1722 1724
f 1937 1724 1939
f 1939 1724 1726
f 1939 1726 1941
f 1941 1726 1728
f 1941 1728 1943
f 1943 1728 1730
f 1943 1730 1945
f 1945 1730 1732
f 1945 1732 1947
f 1947 1732 1734
f 1947 1734 1949
f 1949 1734 1736
f 1949 1736 1951
f 1951 1736 1738
f 1951 1738 1953
f 1953 1738 1740
f 1953 1740 1955
f 1955 1740 1742
f 1955 1742 1957
f 1957 1742 1744
f 1957 1744 1959
f 1959 1744 1746
f 1959 1746 1961
f 1961 1746 1748
f 1961 1748 1750
f 1961 1750 1963
f 1963 1750 1752
f 1963 1752 1965
f 1965 1752 1754
f 1965 1754 1967
f 1967 1754 1756
f 1967 1756 1969
f 1969 1756 1758
f 1969 1758 1971
f 1971 1758 1760
f 1971 1760 1973
f 1973 1760 1762
f 1973 1762 1975
f 1975 1762 1764
f 1975 1764 1977
f 1977 1764 1766
f 1977 1766 1979
f 1979 1766 1768
f 1979 1768 1981
f 1981 1768 1770
f 1981 1770 1983
f 1983 1770 1772
f 1983 1772 1985
f 1985 1772 1774
f 1985 1774 1987
f 1987 1774 1776
f 1987 1776 1989
f 1989 1776 1778
f 1989 1778 1991
f 1991 1778 1780
f 1991 1780 1891
f 1891 1780 1674
f 1891 1674 1893
f 2573 2025 2574
f 2574 2025 2023
f 2574 2023 2021
f 2025 2573 2027
f 2027 2573 2575
f 2027 2575 1993
f 1993 2575 2576
f 1993 2576 1995
f 1995 2576 1997
f 1997 2576 1848
f 1997 1848 1847
f 2577 1850 2576
f 2576 1850 1849
f 2576 1849 1848
f 2578 2082 2577
f 2577 2082 2081
f 2577 2081 2080
f 2082 2578 2083
f 2083 2578 2579
f 2083 2579 2084
f 2084 2579 2580
f 2084 2580 2085
f 2085 2580 2086
f 2086 2580 1860
f 2086 1860 2087
f 2087 1860 1859
f 2087 1859 2088
f 2088 1859 2089
f 2089 1859 1858
f 2089 1858 2090
f 2090 1858 2091
f 2091 1858 1857
f 2091 1857 2092
f 2092 1857 1856
f 2092 1856 2093
f 2093 1856 2094
f 2094 1856 1855
f 2094 1855 2095
f 2095 1855 1854
f 2095 1854 2080
f 2080 1854 2577
f 2581 1864 2580
f 2580 1864 1863
f 2580 1863 1862
f 2582 2059 2581
f 2581 2059 2057
f 2581 2057 2055
f 2059 2582 2061
f 2061 2582 2583
f 2061 2583 2063
f 2063 2583 2584
f 2063 2584 2065
f 2065 2584 2067
f 2067 2584 1875
f 2067 1875 1874
f 2585 1877 2584
f 2584 1877 1876
f 2584 1876 1875
f 2586 2038 2585
f 2585 2038 2037
f 2585 2037 2036
f 2038 2586 2039
f 2039 2586 2587
f 2039 2587 2040
f 2040 2587 2588
f 2040 2588 2041
f 2041 2588 2042
f 2042 2588 1887
f 2042 1887 2043
f 2043 1887 1886
f 2043 1886 2028
f 2028 1886 2029
f 2029 1886 1885
f 2029 1885 2030
f 2030 1885 2031
f 2031 1885 1884
f 2031 1884 2032
f 2032 1884 1883
f 2032 1883 2033
f 2033 1883 2034
f 2034 1883 1882
f 2034 1882 2035
f 2035 1882 1881
f 2035 1881 2036
f 2036 1881 2585
f 2574 1837 2588
f 2588 1837 1836
f 2588 1836 1889
f 2021 2019 2574
f 2574 2019 1840
f 2574 1840 1839
f 1840 2019 1841
f 1841 2019 2017
f 1841 2017 1842
f 1842 2017 2015
f 1842 2015 2013
f 1842 2013 1843
f 1843 2013 2011
f 1843 2011 2009
f 1843 2009 1844
f 1844 2009 2007
f 1844 2007 2005
f 1844 2005 1845
f 1845 2005 2003
f 1845 2003 1846
f 1846 2003 2001
f 1846 2001 1999
f 1846 1999 1847
f 1847 1999 1997
f 2045 1870 2047
f 2047 1870 1869
f 2047 1869 2049
f 2049 1869 2051
f 2051 1869 1868
f 2051 1868 2053
f 2053 1868 1867
f 2053 1867 2581
f 2581 1867 1866
f 2581 1866 1865
f 2045 2079 1870
f 1870 2079 1871
f 1871 2079 2077
f 1871 2077 2075
f 1871 2075 1872
f 1872 2075 2073
f 1872 2073 1873
f 1873 2073 2071
f 1873 2071 2069
f 1873 2069 1874
f 1874 2069 2067
f 2055 2053 2581
f 1889 1888 2588
f 2588 1888 1887
f 1881 1880 2585
f 2585 1880 1879
f 2585 1879 1878
f 1878 1877 2585
f 1865 1864 2581
f 1862 1861 2580
f 2580 1861 1860
f 1854 1853 2577
f 2577 1853 1852
f 2577 1852 1851
f 1851 1850 2577
f 1839 1838 2574
f 2574 1838 1837
f 1894 2167 1892
f 1892 2167 2165
f 1892 2165 2163
f 2167 1894 2145
f 2145 1894 1896
f 2145 1896 2147
f 2147 1896 2247
f 2147 2247 2245
f 1896 1898 2247
f 2247 1898 2249
f 2249 1898 1900
f 2249 1900 2251
f 2251 1900 1902
f 2251 1902 2253
f 2253 1902 1904
f 2253 1904 2187
f 2187 1904 1906
f 2187 1906 2189
f 2189 1906 2191
f 2191 1906 1908
f 2191 1908 2169
f 2169 1908 1910
f 2169 1910 2171
f 2171 1910 1912
f 2171 1912 2173
f 2173 1912 2175
f 2175 1912 1914
f 2175 1914 2261
f 2261 1914 1916
f 2261 1916 2263
f 2263 1916 1918
f 2263 1918 2265
f 2265 1918 1920
f 2265 1920 2267
f 2267 1920 1922
f 2267 1922 2215
f 2215 1922 2193
f 2193 1922 1924
f 2193 1924 2195
f 2195 1924 1926
f 2195 1926 2197
f 2197 1926 2199
f 2199 1926 1928
f 2199 1928 2201
f 2201 1928 1930
f 2201 1930 2203
f 2203 1930 2275
f 2203 2275 2273
f 1930 1932 2275
f 2275 1932 2277
f 2277 1932 1934
f 2277 1934 2279
f 2279 1934 1936
f 2279 1936 2281
f 2281 1936 1938
f 2281 1938 2219
f 2219 1938 1940
f 2219 1940 2221
f 2221 1940 2223
f 2223 1940 1942
f 2223 1942 2225
f 2225 1942 1944
f 2225 1944 2227
f 2227 1944 1946
f 2227 1946 2229
f 2229 1946 2231
f 2231 1946 1948
f 2231 1948 2289
f 2289 1948 1950
f 2289 1950 2291
f 2291 1950 1952
f 2291 1952 2293
f 2293 1952 1954
f 2293 1954 2295
f 2295 1954 1956
f 2295 1956 2103
f 2103 1956 2105
f 2105 1956 1958
f 2105 1958 2107
f 2107 1958 1960
f 2107 1960 2109
f 2109 1960 2111
f 2111 1960 1962
f 2111 1962 2113
f 2113 1962 1964
f 2113 1964 2115
f 2115 1964 2303
f 2115 2303 2301
f 1964 1966 2303
f 2303 1966 2305
f 2305 1966 1968
f 2305 1968 2307
f 2307 1968 1970
f 2307 1970 2309
f 2309 1970 1972
f 2309 1972 2131
f 2131 1972 1974
f 2131 1974 2133
f 2133 1974 2135
f 2135 1974 1976
f 2135 1976 2137
f 2137 1976 1978
f 2137 1978 2139
f 2139 1978 1980
f 2139 1980 2141
f 2141 1980 2143
f 2143 1980 1982
f 2143 1982 2317
f 2317 1982 1984
f 2317 1984 2319
f 2319 1984 1986
f 2319 1986 2321
f 2321 1986 1988
f 2321 1988 2323
f 2323 1988 1990
f 2323 1990 2159
f 2159 1990 2161
f 2161 1990 1890
f 2161 1890 2163
f 2163 1890 1892
f 2097 2299 2099
f 2099 2299 2297
f 2099 2297 2101
f 2101 2297 2103
f 2103 2297 2295
f 2097 2119 2299
f 2299 2119 2301
f 2301 2119 2117
f 2301 2117 2115
f 2121 2315 2123
f 2123 2315 2313
f 2123 2313 2125
f 2125 2313 2127
f 2127 2313 2311
f 2127 2311 2129
f 2129 2311 2131
f 2131 2311 2309
f 2121 2143 2315
f 2315 2143 2317
f 2323 2159 2241
f 2241 2159 2157
f 2241 2157 2155
f 2241 2155 2243
f 2243 2155 2153
f 2243 2153 2151
f 2243 2151 2245
f 2245 2151 2149
f 2245 2149 2147
f 2253 2187 2255
f 2255 2187 2185
f 2255 2185 2183
f 2255 2183 2257
f 2257 2183 2181
f 2257 2181 2179
f 2257 2179 2259
f 2259 2179 2177
f 2259 2177 2175
f 2267 2215 2269
f 2269 2215 2213
f 2269 2213 2211
f 2269 2211 2271
f 2271 2211 2209
f 2271 2209 2207
f 2271 2207 2273
f 2273 2207 2205
f 2273 2205 2203
f 2281 2219 2283
f 2283 2219 2217
f 2283 2217 2239
f 2283 2239 2285
f 2285 2239 2237
f 2285 2237 2235
f 2285 2235 2287
f 2287 2235 2233
f 2287 2233 2231
f 2289 2287 2231
f 2261 2259 2175
f 2589 2577 2590
f 2590 2577 2576
f 2590 2576 2591
f 2591 2576 2575
f 2591 2575 2592
f 2592 2575 2573
f 2592 2573 2593
f 2593 2573 2574
f 2593 2574 2594
f 2594 2574 2588
f 2594 2588 2595
f 2595 2588 2587
f 2595 2587 2596
f 2596 2587 2586
f 2596 2586 2597
f 2597 2586 2585
f 2597 2585 2598
f 2598 2585 2584
f 2581 2599 2582
f 2582 2599 2600
f 2582 2600 2583
f 2583 2600 2601
f 2583 2601 2584
f 2584 2601 2598
f 2599 2581 2602
f 2602 2581 2580
f 2602 2580 2603
f 2603 2580 2579
f 2603 2579 2604
f 2604 2579 2578
f 2604 2578 2589
f 2589 2578 2577
f 2478 2364 2480
f 2480 2364 2363
f 2480 2363 2362
f 2572 2367 2478
f 2478 2367 2366
f 2478 2366 2365
f 2570 2322 2572
f 2572 2322 2368
f 2572 2368 2367
f 2322 2570 2320
f 2320 2570 2568
f 2320 2568 2318
f 2318 2568 2566
f 2318 2566 2316
f 2316 2566 2564
f 2316 2564 2344
f 2344 2564 2345
f 2345 2564 2346
f 2346 2564 2562
f 2346 2562 2347
f 2347 2562 2348
f 2348 2562 2560
f 2348 2560 2349
f 2349 2560 2350
f 2350 2560 2558
f 2350 2558 2351
f 2351 2558 2352
f 2352 2558 2556
f 2352 2556 2353
f 2353 2556 2354
f 2354 2556 2308
f 2354 2308 2355
f 2355 2308 2310
f 2355 2310 2356
f 2356 2310 2357
f 2357 2310 2312
f 2357 2312 2341
f 2341 2312 2314
f 2341 2314 2342
f 2342 2314 2343
f 2343 2314 2344
f 2344 2314 2316
f 2556 2554 2308
f 2308 2554 2306
f 2306 2554 2552
f 2306 2552 2304
f 2304 2552 2550
f 2304 2550 2302
f 2302 2550 2548
f 2302 2548 2330
f 2330 2548 2331
f 2331 2548 2332
f 2332 2548 2546
f 2332 2546 2333
f 2333 2546 2334
f 2334 2546 2544
f 2334 2544 2335
f 2335 2544 2336
f 2336 2544 2542
f 2336 2542 2337
f 2337 2542 2338
f 2338 2542 2540
f 2338 2540 2339
f 2339 2540 2340
f 2340 2540 2294
f 2340 2294 2296
f 2540 2538 2294
f 2294 2538 2292
f 2292 2538 2536
f 2292 2536 2290
f 2290 2536 2534
f 2290 2534 2288
f 2288 2534 2532
f 2288 2532 2418
f 2418 2532 2419
f 2419 2532 2530
f 2419 2530 2420
f 2420 2530 2421
f 2421 2530 2422
f 2422 2530 2528
f 2422 2528 2423
f 2423 2528 2424
f 2424 2528 2526
f 2424 2526 2425
f 2425 2526 2409
f 2409 2526 2524
f 2409 2524 2410
f 2410 2524 2280
f 2410 2280 2411
f 2411 2280 2282
f 2411 2282 2412
f 2412 2282 2413
f 2413 2282 2284
f 2413 2284 2414
f 2414 2284 2415
f 2415 2284 2286
f 2415 2286 2416
f 2416 2286 2417
f 2417 2286 2288
f 2417 2288 2418
f 2524 2522 2280
f 2280 2522 2278
f 2278 2522 2520
f 2278 2520 2276
f 2276 2520 2518
f 2276 2518 2274
f 2274 2518 2516
f 2274 2516 2404
f 2404 2516 2405
f 2405 2516 2514
f 2405 2514 2406
f 2406 2514 2407
f 2407 2514 2408
f 2408 2514 2512
f 2408 2512 2392
f 2392 2512 2510
f 2392 2510 2393
f 2393 2510 2394
f 2394 2510 2395
f 2395 2510 2508
f 2395 2508 2396
f 2396 2508 2266
f 2396 2266 2397
f 2397 2266 2268
f 2397 2268 2398
f 2398 2268 2399
f 2399 2268 2270
f 2399 2270 2400
f 2400 2270 2401
f 2401 2270 2272
f 2401 2272 2402
f 2402 2272 2403
f 2403 2272 2274
f 2403 2274 2404
f 2508 2506 2266
f 2266 2506 2264
f 2264 2506 2504
f 2264 2504 2262
f 2262 2504 2502
f 2262 2502 2260
f 2260 2502 2500
f 2260 2500 2390
f 2390 2500 2391
f 2391 2500 2498
f 2391 2498 2375
f 2375 2498 2376
f 2376 2498 2377
f 2377 2498 2496
f 2377 2496 2378
f 2378 2496 2494
f 2378 2494 2379
f 2379 2494 2380
f 2380 2494 2381
f 2381 2494 2492
f 2381 2492 2382
f 2382 2492 2252
f 2382 2252 2383
f 2383 2252 2254
f 2383 2254 2384
f 2384 2254 2385
f 2385 2254 2256
f 2385 2256 2386
f 2386 2256 2387
f 2387 2256 2258
f 2387 2258 2388
f 2388 2258 2389
f 2389 2258 2260
f 2389 2260 2390
f 2492 2490 2252
f 2252 2490 2250
f 2250 2490 2488
f 2250 2488 2248
f 2248 2488 2486
f 2248 2486 2246
f 2246 2486 2484
f 2246 2484 2359
f 2359 2484 2360
f 2360 2484 2482
f 2360 2482 2361
f 2361 2482 2362
f 2362 2482 2480
f 2244 2373 2242
f 2242 2373 2372
f 2242 2372 2371
f 2246 2358 2244
f 2244 2358 2374
f 2244 2374 2373
f 2298 2326 2296
f 2296 2326 2325
f 2296 2325 2324
f 2326 2298 2327
f 2327 2298 2300
f 2327 2300 2328
f 2328 2300 2329
f 2329 2300 2302
f 2329 2302 2330
f 2368 2322 2369
f 2369 2322 2240
f 2369 2240 2370
f 2370 2240 2371
f 2371 2240 2242
f 2324 2340 2296
f 2359 2358 2246
f 2365 2364 2478
f 2428 2427 2479
f 2479 2427 2426
f 2479 2426 2477
f 2477 2426 2430
f 2477 2430 2571
f 2571 2430 2431
f 2571 2431 2569
f 2569 2431 2432
f 2569 2432 2567
f 2567 2432 2433
f 2567 2433 2565
f 2565 2433 2434
f 2565 2434 2563
f 2563 2434 2435
f 2563 2435 2561
f 2561 2435 2436
f 2561 2436 2559
f 2559 2436 2437
f 2559 2437 2557
f 2557 2437 2438
f 2557 2438 2555
f 2555 2438 2439
f 2555 2439 2553
f 2553 2439 2440
f 2553 2440 2551
f 2551 2440 2441
f 2551 2441 2549
f 2549 2441 2442
f 2549 2442 2547
f 2547 2442 2443
f 2547 2443 2545
f 2545 2443 2444
f 2545 2444 2543
f 2543 2444 2445
f 2543 2445 2446
f 2543 2446 2541
f 2541 2446 2447
f 2541 2447 2539
f 2539 2447 2448
f 2539 2448 2537
f 2537 2448 2449
f 2537 2449 2535
f 2535 2449 2450
f 2535 2450 2533
f 2533 2450 2451
f 2533 2451 2531
f 2531 2451 2452
f 2531 2452 2529
f 2529 2452 2453
f 2529 2453 2527
f 2527 2453 2454
f 2527 2454 2525
f 2525 2454 2455
f 2525 2455 2523
f 2523 2455 2456
f 2523 2456 2521
f 2521 2456 2457
f 2521 2457 2519
f 2519 2457 2458
f 2519 2458 2517
f 2517 2458 2459
f 2517 2459 2515
f 2515 2459 2460
f 2515 2460 2513
f 2513 2460 2461
f 2513 2461 2511
f 2511 2461 2462
f 2511 2462 2463
f 2511 2463 2509
f 2509 2463 2464
f 2509 2464 2507
f 2507 2464 2465
f 2507 2465 2505
f 2505 2465 2466
f 2505 2466 2503
f 2503 2466 2467
f 2503 2467 2501
f 2501 2467 2468
f 2501 2468 2499
f 2499 2468 2469
f 2499 2469 2497
f 2497 2469 2470
f 2497 2470 2495
f 2495 2470 2471
f 2495 2471 2493
f 2493 2471 2472
f 2493 2472 2491
f 2491 2472 2473
f 2491 2473 2489
f 2489 2473 2474
f 2489 2474 2487
f 2487 2474 2475
f 2487 2475 2485
f 2485 2475 2476
f 2485 2476 2483
f 2483 2476 2429
f 2483 2429 2481
f 2481 2429 2428
f 2481 2428 2479
f 2605 2062 2606
f 2606 2062 2064
f 2606 2064 2066
f 2062 2605 2060
f 2060 2605 2607
f 2060 2607 2058
f 2058 2607 2608
f 2058 2608 2056
f 2056 2608 2609
f 2056 2609 2054
f 2054 2609 2610
f 2054 2610 2052
f 2052 2610 2611
f 2052 2611 2050
f 2050 2611 2612
f 2050 2612 2048
f 2048 2612 2613
f 2048 2613 2046
f 2046 2613 2614
f 2046 2614 2044
f 2044 2614 2615
f 2044 2615 2078
f 2078 2615 2616
f 2078 2616 2076
f 2076 2616 2617
f 2076 2617 2074
f 2074 2617 2618
f 2074 2618 2072
f 2072 2618 2619
f 2072 2619 2070
f 2070 2619 2620
f 2070 2620 2068
f 2068 2620 2621
f 2068 2621 2066
f 2066 2621 2606
f 2594 2622 2593
f 2593 2622 2623
f 2593 2623 2624
f 2624 2623 2625
f 2624 2625 2626
f 2594 2627 2622
f 2622 2627 2628
f 2628 2627 2629
f 2629 2627 2630
f 2629 2630 2631
f 2631 2630 2632
f 2632 2630 2633
f 2632 2633 2634
f 2634 2633 2635
f 2635 2633 2636
f 2635 2636 2637
f 2637 2636 2638
f 2638 2636 2639
f 2638 2639 2640
f 2641 2642 2640
f 2640 2642 2643
f 2640 2643 2644
f 2644 2643 2645
f 2644 2645 2646
f 2646 2645 2647
f 2646 2647 2648
f 2648 2647 2649
f 2648 2649 2650
f 2650 2649 2651
f 2651 2649 2652
f 2651 2652 2653
f 2653 2652 2626
f 2626 2652 2624
f 2641 2654 2642
f 2623 2622 2655
f 2655 2622 2656
f 2655 2656 2657
f 2657 2656 2658
f 2657 2658 2659
f 2659 2658 2660
f 2659 2660 2661
f 2661 2660 2662
f 2661 2662 2663
f 2663 2662 2664
f 2663 2664 2665
f 2665 2664 2666
f 2665 2666 2644
f 2644 2666 2638
f 2644 2638 2640
f 2667 2668 2669
f 2669 2668 2670
f 2669 2670 2671
f 2672 2673 2667
f 2667 2673 2674
f 2667 2674 2668
f 2668 2674 2675
f 2668 2675 2676
f 2676 2675 2589
f 2676 2589 2677
f 2677 2589 2590
f 2677 2590 2678
f 2673 2672 2679
f 2679 2672 2680
f 2679 2680 2681
f 2681 2680 2682
f 2681 2682 2683
f 2683 2682 2684
f 2684 2682 2685
f 2684 2685 2686
f 2684 2686 2687
f 2687 2686 2688
f 2687 2688 2689
f 2689 2688 2690
f 2689 2690 2691
f 2691 2690 2692
f 2692 2690 2693
f 2692 2693 2694
f 2694 2693 2695
f 2694 2695 2696
f 2696 2695 2697
f 2696 2697 2698
f 2698 2697 2699
f 2699 2697 2700
f 2699 2700 2701
f 2701 2700 2702
f 2701 2702 2703
f 2703 2702 2704
f 2703 2704 2705
f 2705 2706 2703
f 2703 2706 2707
f 2703 2707 2708
f 2703 2708 2709
f 2709 2708 2710
f 2709 2710 2671
f 2671 2710 2669
f 2689 2691 2711
f 2711 2691 2712
f 2711 2712 2713
f 2711 2713 2714
f 2714 2713 2715
f 2714 2715 2716
f 2716 2715 2717
f 2716 2717 2718
f 2716 2718 2719
f 2719 2718 2720
f 2719 2720 2721
f 2721 2720 2722
f 2721 2722 2723
f 2723 2722 2724
f 2723 2724 2725
f 2725 2724 2726
f 2725 2726 2727
f 2727 2726 2728
f 2727 2728 2729
f 2729 2728 2730
f 2729 2730 2731
f 2731 2730 2732
f 2731 2732 2733
f 2733 2732 2734
f 2733 2734 2735
f 2735 2734 2736
f 2735 2736 2737
f 2735 2737 2738
f 2738 2737 2739
f 2738 2739 2740
f 2740 2739 2741
f 2740 2741 2742
f 2743 2744 2742
f 2742 2744 2745
f 2742 2745 2740
f 2744 2743 2746
f 2746 2743 2747
f 2746 2747 2748
f 2748 2747 2749
f 2748 2749 2750
f 2750 2749 2751
f 2750 2751 2752
f 2750 2752 2753
f 2753 2752 2754
f 2753 2754 2755
f 2755 2754 2756
f 2755 2756 2757
f 2757 2756 2758
f 2758 2756 2759
f 2759 2756 2760
f 2760 2756 2761
f 2761 2756 2762
f 2761 2762 2763
f 2763 2762 2764
f 2763 2764 2765
f 2765 2764 2766
f 2765 2766 2767
f 2767 2766 2768
f 2767 2768 2769
f 2754 2770 2756
f 2756 2770 2771
f 2756 2771 2772
f 2772 2773 2756
f 2756 2773 2774
f 2756 2774 2703
f 2703 2774 2775
f 2703 2775 2776
f 2776 2777 2703
f 2703 2777 2701
f 2744 2778 2745
f 2745 2778 2779
f 2779 2778 2780
f 2779 2780 2781
f 2781 2780 2782
f 2781 2782 2783
f 2784 2785 2783
f 2783 2785 2786
f 2783 2786 2787
f 2787 2786 2788
f 2787 2788 2789
f 2789 2788 2790
f 2789 2790 2791
f 2791 2790 2792
f 2791 2792 2793
f 2793 2792 2794
f 2793 2794 2795
f 2785 2784 2767
f 2767 2784 2796
f 2767 2796 2797
f 2797 2765 2767
f 2683 2798 2799
f 2799 2798 2800
f 2799 2800 2801
f 2801 2800 2802
f 2801 2802 2803
f 2803 2802 2804
f 2804 2802 2805
f 2804 2805 2806
f 2806 2805 2807
f 2806 2807 2808
f 2805 2809 2807
f 2807 2809 2810
f 2810 2809 2811
f 2811 2809 2812
f 2811 2812 2813
f 2813 2812 2814
f 2813 2814 2815
f 2815 2814 2816
f 2816 2814 2817
f 2816 2817 2818
f 2818 2817 2819
f 2818 2819 2820
f 2820 2819 2821
f 2820 2821 2822
f 2822 2821 2823
f 2822 2823 2824
f 2824 2823 2825
f 2824 2825 2826
f 2826 2825 2827
f 2826 2827 2828
f 2828 2827 2829
f 2828 2829 2830
f 2830 2829 2831
f 2830 2831 2832
f 2832 2831 2833
f 2832 2833 2834
f 2834 2833 2835
f 2835 2833 2836
f 2835 2836 2837
f 2837 2836 2838
f 2837 2838 2839
f 2839 2838 2840
f 2840 2838 2841
f 2840 2841 2842
f 2842 2841 2795
f 2795 2841 2793
f 2787 2781 2783
f 2843 2602 2844
f 2844 2602 2603
f 2844 2603 2845
f 2845 2603 2846
f 2845 2846 2847
f 2843 2848 2602
f 2602 2848 2849
f 2602 2849 2850
f 2850 2851 2602
f 2602 2851 2852
f 2602 2852 2853
f 2853 2852 2854
f 2854 2852 2855
f 2854 2855 2856
f 2856 2855 2857
f 2856 2857 2858
f 2858 2857 2859
f 2858 2859 2860
f 2860 2859 2861
f 2860 2861 2808
f 2808 2861 2806
f 2801 2803 2862
f 2862 2803 2863
f 2862 2863 2864
f 2862 2864 2865
f 2865 2864 2866
f 2865 2866 2867
f 2867 2866 2868
f 2867 2868 2869
f 2869 2868 2870
f 2869 2870 2847
f 2847 2870 2845
f 2871 2872 2873
f 2873 2872 2874
f 2873 2874 2875
f 2875 2874 2876
f 2875 2876 2842
f 2842 2876 2840
f 2872 2871 2877
f 2877 2871 2878
f 2877 2878 2879
f 2879 2878 2880
f 2879 2880 2881
f 2881 2880 2599
f 2881 2599 2882
f 2882 2599 2883
f 2883 2599 2884
f 2884 2599 2885
f 2885 2599 2602
f 2885 2602 2886
f 2886 2602 2887
f 2887 2602 2888
f 2888 2602 2889
f 2889 2602 2853
f 2880 2890 2599
f 2599 2890 2891
f 2599 2891 2892
f 2892 2893 2599
f 2599 2893 2894
f 2599 2894 2895
f 2896 2897 2895
f 2895 2897 2898
f 2895 2898 2899
f 2897 2896 2900
f 2900 2896 2901
f 2900 2901 2902
f 2902 2901 2903
f 2903 2901 2904
f 2903 2904 2905
f 2905 2904 2906
f 2905 2906 2907
f 2907 2906 2908
f 2907 2908 2909
f 2909 2908 2910
f 2909 2910 2792
f 2792 2910 2794
f 2911 2912 2913
f 2913 2912 2900
f 2913 2900 2914
f 2914 2900 2902
f 2915 2916 2911
f 2911 2916 2917
f 2911 2917 2918
f 2919 2767 2915
f 2915 2767 2920
f 2915 2920 2916
f 2919 2785 2767
f 2799 2921 2683
f 2683 2921 2681
f 2675 2922 2589
f 2589 2922 2604
f 2604 2922 2846
f 2604 2846 2603
f 2923 2597 2924
f 2924 2597 2598
f 2924 2598 2925
f 2925 2598 2601
f 2925 2601 2600
f 2599 2899 2600
f 2600 2899 2926
f 2600 2926 2925
f 2925 2926 2927
f 2925 2927 2928
f 2678 2929 2677
f 2677 2929 2930
f 2677 2930 2931
f 2931 2932 2677
f 2911 2918 2912
f 2912 2918 2933
f 2912 2933 2934
f 2935 2936 2924
f 2924 2936 2937
f 2924 2937 2938
f 2938 2923 2924
f 2599 2895 2899
f 178 2939 180
f 180 2939 2940
f 180 2940 182
f 182 2940 2941
f 182 2941 184
f 184 2941 2942
f 184 2942 186
f 186 2942 2943
f 186 2943 188
f 188 2943 2944
f 188 2944 190
f 190 2944 2945
f 190 2945 192
f 192 2945 2946
f 192 2946 194
f 194 2946 2947
f 194 2947 196
f 196 2947 2948
f 196 2948 198
f 198 2948 2949
f 198 2949 200
f 200 2949 2950
f 200 2950 202
f 202 2950 2951
f 202 2951 102
f 102 2951 2952
f 102 2952 104
f 104 2952 2953
f 104 2953 106
f 106 2953 2954
f 106 2954 108
f 108 2954 2955
f 108 2955 110
f 110 2955 2956
f 110 2956 112
f 112 2956 2957
f 112 2957 114
f 114 2957 2958
f 114 2958 116
f 116 2958 2959
f 116 2959 118
f 118 2959 2960
f 118 2960 120
f 120 2960 2961
f 120 2961 122
f 122 2961 2962
f 122 2962 124
f 124 2962 2963
f 124 2963 126
f 126 2963 2964
f 126 2964 128
f 128 2964 2965
f 128 2965 130
f 130 2965 2966
f 130 2966 132
f 132 2966 2967
f 132 2967 134
f 134 2967 2968
f 134 2968 136
f 136 2968 2969
f 136 2969 138
f 138 2969 2970
f 138 2970 140
f 140 2970 2971
f 140 2971 142
f 142 2971 2972
f 142 2972 144
f 144 2972 2973
f 144 2973 146
f 146 2973 2974
f 146 2974 148
f 148 2974 2975
f 148 2975 150
f 150 2975 2976
f 150 2976 152
f 152 2976 2977
f 152 2977 154
f 154 2977 2978
f 154 2978 156
f 156 2978 2979
f 156 2979 158
f 158 2979 2980
f 158 2980 160
f 160 2980 2981
f 160 2981 162
f 162 2981 2982
f 162 2982 164
f 164 2982 2983
f 164 2983 166
f 166 2983 2984
f 166 2984 168
f 168 2984 2985
f 168 2985 170
f 170 2985 2986
f 170 2986 172
f 172 2986 2987
f 172 2987 174
f 174 2987 2988
f 174 2988 176
f 176 2988 2989
f 176 2989 178
f 178 2989 2939
f 1597 2990 1599
f 1599 2990 2991
f 1599 2991 1601
f 1601 2991 2992
f 1601 2992 1603
f 1603 2992 2993
f 1603 2993 1605
f 1605 2993 2994
f 1605 2994 1607
f 1607 2994 2995
f 1607 2995 1609
f 1609 2995 2996
f 1609 2996 1611
f 1611 2996 2997
f 1611 2997 1613
f 1613 2997 2998
f 1613 2998 1615
f 1615 2998 2999
f 1615 2999 1617
f 1617 2999 3000
f 1617 3000 1619
f 1619 3000 3001
f 1619 3001 1621
f 1621 3001 3002
f 1621 3002 1623
f 1623 3002 3003
f 1623 3003 1625
f 1625 3003 3004
f 1625 3004 1627
f 1627 3004 3005
f 1627 3005 1629
f 1629 3005 3006
f 1629 3006 1631
f 1631 3006 3007
f 1631 3007 1633
f 1633 3007 3008
f 1633 3008 1635
f 1635 3008 3009
f 1635 3009 1637
f 1637 3009 3010
f 1637 3010 1639
f 1639 3010 3011
f 1639 3011 1641
f 1641 3011 3012
f 1641 3012 1643
f 1643 3012 3013
f 1643 3013 1645
f 1645 3013 3014
f 1645 3014 1647
f 1647 3014 3015
f 1647 3015 1649
f 1649 3015 3016
f 1649 3016 1651
f 1651 3016 3017
f 1651 3017 1653
f 1653 3017 3018
f 1653 3018 1655
f 1655 3018 3019
f 1655 3019 1657
f 1657 3019 3020
f 1657 3020 1659
f 1659 3020 3021
f 1659 3021 1661
f 1661 3021 3022
f 1661 3022 1663
f 1663 3022 3023
f 1663 3023 1665
f 1665 3023 3024
f 1665 3024 1667
f 1667 3024 3025
f 1667 3025 1669
f 1669 3025 3026
f 1669 3026 1671
f 1671 3026 3027
f 1671 3027 1673
f 1673 3027 3028
f 1673 3028 1573
f 1573 3028 3029
f 1573 3029 1575
f 1575 3029 3030
f 1575 3030 1577
f 1577 3030 3031
f 1577 3031 1579
f 1579 3031 3032
f 1579 3032 1581
f 1581 3032 3033
f 1581 3033 1583
f 1583 3033 3034
f 1583 3034 1585
f 1585 3034 3035
f 1585 3035 1587
f 1587 3035 3036
f 1587 3036 1589
f 1589 3036 3037
f 1589 3037 1591
f 1591 3037 3038
f 1591 3038 1593
f 1593 3038 3039
f 1593 3039 1595
f 1595 3039 3040
f 1595 3040 1597
f 1597 3040 2990
f 1180 1179 3041
f 3041 1179 1182
f 3041 1182 3042
f 3042 1182 1181
f 3042 1181 3043
f 3043 1181 1195
f 3043 1195 3044
f 3044 1195 1152
f 3044 1152 3045
f 3045 1152 1190
f 3045 1190 3046
f 3046 1190 1188
f 3046 1188 3047
f 3047 1188 1186
f 3047 1186 3048
f 3048 1186 1184
f 3048 1184 3049
f 3049 1184 1192
f 3049 1192 3050
f 3050 1192 1194
f 3050 1194 3051
f 3051 1194 1172
f 3051 1172 3052
f 3052 1172 1177
f 3052 1177 3053
f 3053 1177 1176
f 3053 1176 3054
f 3054 1176 1180
f 3054 1180 3041
f 3055 3056 3057
f 3057 3056 3058
f 3057 3058 3059
f 3059 3058 3060
f 3059 3060 3061
f 3061 3060 3062
f 3061 3062 3063
f 3063 3062 3064
f 3063 3064 3065
f 3065 3064 3066
f 3065 3066 3067
f 3067 3066 3068
f 3067 3068 3069
f 3069 3068 3070
f 3069 3070 3071
f 3071 3070 3072
f 3071 3072 3073
f 3073 3072 3074
f 3073 3074 3075
f 3075 3074 3076
f 3075 3076 3077
f 3077 3076 3078
f 3077 3078 3079
f 3079 3078 3080
f 3079 3080 3081
f 3081 3080 3082
f 3081 3082 3083
f 3083 3082 3055
f 3083 3055 3057
f 1183 1185 3084
f 3084 1185 1187
f 3084 1187 3085
f 3085 1187 1189
f 3085 1189 3086
f 3086 1189 1191
f 3086 1191 3087
f 3087 1191 1153
f 3087 1153 3088
f 3088 1153 1155
f 3088 1155 3089
f 3089 1155 1156
f 3089 1156 3090
f 3090 1156 1158
f 3090 1158 3091
f 3091 1158 1159
f 3091 1159 3092
f 3092 1159 1161
f 3092 1161 3093
f 3093 1161 1162
f 3093 1162 3094
f 3094 1162 1164
f 3094 1164 3095
f 3095 1164 1166
f 3095 1166 3096
f 3096 1166 1193
f 3096 1193 3097
f 3097 1193 1183
f 3097 1183 3084
f 3098 3099 3100
f 3100 3099 3101
f 3100 3101 3102
f 3102 3101 3103
f 3102 3103 3104
f 3104 3103 3105
f 3104 3105 3106
f 3106 3105 3107
f 3106 3107 3108
f 3108 3107 3109
f 3108 3109 3110
f 3110 3109 3111
f 3110 3111 3112
f 3112 3111 3113
f 3112 3113 3114
f 3114 3113 3115
f 3114 3115 3116
f 3116 3115 3117
f 3116 3117 3118
f 3118 3117 3119
f 3118 3119 3120
f 3120 3119 3121
f 3120 3121 3122
f 3122 3121 3123
f 3122 3123 3124
f 3124 3123 3125
f 3124 3125 3126
f 3126 3125 3098
f 3126 3098 3100
f 3127 3128 3129
f 3129 3128 3130
f 3129 3130 3131
f 3131 3130 3132
f 3131 3132 3133
f 3133 3132 3134
f 3133 3134 3135
f 3135 3134 3136
f 3135 3136 3137
f 3137 3136 3138
f 3137 3138 3139
f 3139 3138 3140
f 3139 3140 3141
f 3141 3140 3142
f 3141 3142 3143
f 3143 3142 3144
f 3143 3144 3145
f 3145 3144 3146
f 3145 3146 3147
f 3147 3146 3148
f 3147 3148 3149
f 3149 3148 3150
f 3149 3150 3151
f 3151 3150 3152
f 3151 3152 3153
f 3153 3152 3154
f 3153 3154 3155
f 3155 3154 3127
f 3155 3127 3129
f 2659 2661 3156
f 3156 2661 2663
f 3156 2663 3157
f 3157 2663 2665
f 3157 2665 3158
f 3158 2665 2644
f 3158 2644 3159
f 3159 2644 2646
f 3159 2646 3160
f 3160 2646 2648
f 3160 2648 3161
f 3161 2648 2650
f 3161 2650 3162
f 3162 2650 2651
f 3162 2651 3163
f 3163 2651 2653
f 3163 2653 3164
f 3164 2653 2626
f 3164 2626 3165
f 3165 2626 2625
f 3165 2625 3166
f 3166 2625 2623
f 3166 2623 3167
f 3167 2623 2655
f 3167 2655 3168
f 3168 2655 2657
f 3168 2657 3169
f 3169 2657 2659
f 3169 2659 3156
f 3170 3171 3172
f 3172 3171 3173
f 3172 3173 3174
f 3174 3173 3175
f 3174 3175 3176
f 3176 3175 3177
f 3176 3177 3178
f 3178 3177 3179
f 3178 3179 3180
f 3180 3179 3181
f 3180 3181 3182
f 3182 3181 3183
f 3182 3183 3184
f 3184 3183 3185
f 3184 3185 3186
f 3186 3185 3187
f 3186 3187 3188
f 3188 3187 3189
f 3188 3189 3190
f 3190 3189 3191
f 3190 3191 3192
f 3192 3191 3193
f 3192 3193 3194
f 3194 3193 3195
f 3194 3195 3196
f 3196 3195 3197
f 3196 3197 3198
f 3198 3197 3170
f 3198 3170 3172
f 2631 2632 3199
f 3199 2632 2634
f 3199 2634 3200
f 3200 2634 2635
f 3200 2635 3201
f 3201 2635 2637
f 3201 2637 3202
f 3202 2637 2638
f 3202 2638 3203
f 3203 2638 2666
f 3203 2666 3204
f 3204 2666 2664
f 3204 2664 3205
f 3205 2664 2662
f 3205 2662 3206
f 3206 2662 2660
f 3206 2660 3207
f 3207 2660 2658
f 3207 2658 3208
f 3208 2658 2656
f 3208 2656 3209
f 3209 2656 2622
f 3209 2622 3210
f 3210 2622 2628
f 3210 2628 3211
f 3211 2628 2629
f 3211 2629 3212
f 3212 2629 2631
f 3212 2631 3199
f 3200 3184 3199
f 3199 3184 3186
f 3199 3186 3212
f 3212 3186 3188
f 3212 3188 3211
f 3211 3188 3190
f 3211 3190 3210
f 3210 3190 3192
f 3210 3192 3209
f 3209 3192 3194
f 3209 3194 3208
f 3208 3194 3196
f 3208 3196 3207
f 3207 3196 3198
f 3207 3198 3206
f 3206 3198 3172
f 3206 3172 3205
f 3205 3172 3174
f 3205 3174 3204
f 3204 3174 3176
f 3204 3176 3203
f 3203 3176 3178
f 3203 3178 3202
f 3202 3178 3180
f 3202 3180 3201
f 3201 3180 3182
f 3201 3182 3200
f 3200 3182 3184
f 3157 3141 3156
f 3156 3141 3143
f 3156 3143 3169
f 3169 3143 3145
f 3169 3145 3168
f 3168 3145 3147
f 3168 3147 3167
f 3167 3147 3149
f 3167 3149 3166
f 3166 3149 3151
f 3166 3151 3165
f 3165 3151 3153
f 3165 3153 3164
f 3164 3153 3155
f 3164 3155 3163
f 3163 3155 3129
f 3163 3129 3162
f 3162 3129 3131
f 3162 3131 3161
f 3161 3131 3133
f 3161 3133 3160
f 3160 3133 3135
f 3160 3135 3159
f 3159 3135 3137
f 3159 3137 3158
f 3158 3137 3139
f 3158 3139 3157
f 3157 3139 3141
f 3059 3047 3057
f 3057 3047 3048
f 3057 3048 3083
f 3083 3048 3049
f 3083 3049 3081
f 3081 3049 3050
f 3081 3050 3079
f 3079 3050 3051
f 3079 3051 3077
f 3077 3051 3052
f 3077 3052 3075
f 3075 3052 3053
f 3075 3053 3073
f 3073 3053 3054
f 3073 3054 3071
f 3071 3054 3041
f 3071 3041 3069
f 3069 3041 3042
f 3069 3042 3067
f 3067 3042 3043
f 3067 3043 3065
f 3065 3043 3044
f 3065 3044 3063
f 3063 3044 3045
f 3063 3045 3061
f 3061 3045 3046
f 3061 3046 3059
f 3059 3046 3047
f 3102 3090 3100
f 3100 3090 3091
f 3100 3091 3126
f 3126 3091 3092
f 3126 3092 3124
f 3124 3092 3093
f 3124 3093 3122
f 3122 3093 3094
f 3122 3094 3120
f 3120 3094 3095
f 3120 3095 3118
f 3118 3095 3096
f 3118 3096 3116
f 3116 3096 3097
f 3116 3097 3114
f 3114 3097 3084
f 3114 3084 3112
f 3112 3084 3085
f 3112 3085 3110
f 3110 3085 3086
f 3110 3086 3108
f 3108 3086 3087
f 3108 3087 3106
f 3106 3087 3088
f 3106 3088 3104
f 3104 3088 3089
f 3104 3089 3102
f 3102 3089 3090
f 1561 1563 3213
f 3213 1563 1564
f 3213 1564 3214
f 3214 1564 1566
f 3214 1566 3215
f 3215 1566 1568
f 3215 1568 3216
f 3216 1568 1570
f 3216 1570 3217
f 3217 1570 1547
f 3217 1547 3218
f 3218 1547 1546
f 3218 1546 3219
f 3219 1546 1544
f 3219 1544 3220
f 3220 1544 1542
f 3220 1542 3221
f 3221 1542 1540
f 3221 1540 3222
f 3222 1540 1538
f 3222 1538 3223
f 3223 1538 1548
f 3223 1548 3224
f 3224 1548 1550
f 3224 1550 3225
f 3225 1550 1552
f 3225 1552 3226
f 3226 1552 1553
f 3226 1553 3227
f 3227 1553 1555
f 3227 1555 3228
f 3228 1555 1557
f 3228 1557 3229
f 3229 1557 1559
f 3229 1559 3230
f 3230 1559 1561
f 3230 1561 3213
f 1526 1528 3231
f 3231 1528 1529
f 3231 1529 3232
f 3232 1529 1531
f 3232 1531 3233
f 3233 1531 1533
f 3233 1533 3234
f 3234 1533 1535
f 3234 1535 3235
f 3235 1535 1512
f 3235 1512 3236
f 3236 1512 1511
f 3236 1511 3237
f 3237 1511 1509
f 3237 1509 3238
f 3238 1509 1507
f 3238 1507 3239
f 3239 1507 1505
f 3239 1505 3240
f 3240 1505 1503
f 3240 1503 3241
f 3241 1503 1513
f 3241 1513 3242
f 3242 1513 1515
f 3242 1515 3243
f 3243 1515 1517
f 3243 1517 3244
f 3244 1517 1518
f 3244 1518 3245
f 3245 1518 1520
f 3245 1520 3246
f 3246 1520 1522
f 3246 1522 3247
f 3247 1522 1524
f 3247 1524 3248
f 3248 1524 1526
f 3248 1526 3231
f 70 69 3249
f 3249 69 67
f 3249 67 3250
f 3250 67 71
f 3250 71 3251
f 3251 71 73
f 3251 73 3252
f 3252 73 75
f 3252 75 3253
f 3253 75 77
f 3253 77 3254
f 3254 77 79
f 3254 79 3255
f 3255 79 80
f 3255 80 3256
f 3256 80 82
f 3256 82 3257
f 3257 82 84
f 3257 84 3258
f 3258 84 86
f 3258 86 3259
f 3259 86 88
f 3259 88 3260
f 3260 88 90
f 3260 90 3261
f 3261 90 92
f 3261 92 3262
f 3262 92 93
f 3262 93 3263
f 3263 93 95
f 3263 95 3264
f 3264 95 97
f 3264 97 3265
f 3265 97 99
f 3265 99 3266
f 3266 99 70
f 3266 70 3249
f 35 34 3267
f 3267 34 32
f 3267 32 3268
f 3268 32 36
f 3268 36 3269
f 3269 36 38
f 3269 38 3270
f 3270 38 40
f 3270 40 3271
f 3271 40 42
f 3271 42 3272
f 3272 42 44
f 3272 44 3273
f 3273 44 45
f 3273 45 3274
f 3274 45 47
f 3274 47 3275
f 3275 47 49
f 3275 49 3276
f 3276 49 51
f 3276 51 3277
f 3277 51 53
f 3277 53 3278
f 3278 53 55
f 3278 55 3279
f 3279 55 57
f 3279 57 3280
f 3280 57 58
f 3280 58 3281
f 3281 58 60
f 3281 60 3282
f 3282 60 62
f 3282 62 3283
f 3283 62 64
f 3283 64 3284
f 3284 64 35
f 3284 35 3267
f 3285 3286 3287
f 3287 3286 3288
f 3287 3288 3289
f 3289 3288 3290
f 3289 3290 3291
f 3291 3290 3292
f 3291 3292 3293
f 3293 3292 3294
f 3293 3294 3295
f 3295 3294 3296
f 3295 3296 3297
f 3297 3296 3298
f 3297 3298 3299
f 3299 3298 3300
f 3299 3300 3301
f 3301 3300 3302
f 3301 3302 3303
f 3303 3302 3304
f 3303 3304 3305
f 3305 3304 3306
f 3305 3306 3307
f 3307 3306 3308
f 3307 3308 3309
f 3309 3308 3310
f 3309 3310 3311
f 3311 3310 3312
f 3311 3312 3313
f 3313 3312 3285
f 3313 3285 3287
f 3314 3315 3316
f 3316 3315 3317
f 3316 3317 3318
f 3318 3317 3319
f 3318 3319 3320
f 3320 3319 3321
f 3320 3321 3322
f 3322 3321 3323
f 3322 3323 3324
f 3324 3323 3325
f 3324 3325 3326
f 3326 3325 3327
f 3326 3327 3328
f 3328 3327 3329
f 3328 3329 3330
f 3330 3329 3331
f 3330 3331 3332
f 3332 3331 3333
f 3332 3333 3334
f 3334 3333 3335
f 3334 3335 3336
f 3336 3335 3337
f 3336 3337 3338
f 3338 3337 3339
f 3338 3339 3340
f 3340 3339 3341
f 3340 3341 3342
f 3342 3341 3314
f 3342 3314 3316
f 3343 3344 3345
f 3345 3344 3346
f 3345 3346 3347
f 3347 3346 3348
f 3347 3348 3349
f 3349 3348 3350
f 3349 3350 3351
f 3351 3350 3352
f 3351 3352 3353
f 3353 3352 3354
f 3353 3354 3355
f 3355 3354 3356
f 3355 3356 3357
f 3357 3356 3358
f 3357 3358 3359
f 3359 3358 3360
f 3359 3360 3361
f 3361 3360 3362
f 3361 3362 3363
f 3363 3362 3364
f 3363 3364 3365
f 3365 3364 3366
f 3365 3366 3367
f 3367 3366 3368
f 3367 3368 3369
f 3369 3368 3370
f 3369 3370 3371
f 3371 3370 3343
f 3371 3343 3345
f 3372 3373 3374
f 3374 3373 3375
f 3374 3375 3376
f 3376 3375 3377
f 3376 3377 3378
f 3378 3377 3379
f 3378 3379 3380
f 3380 3379 3381
f 3380 3381 3382
f 3382 3381 3383
f 3382 3383 3384
f 3384 3383 3385
f 3384 3385 3386
f 3386 3385 3387
f 3386 3387 3388
f 3388 3387 3389
f 3388 3389 3390
f 3390 3389 3391
f 3390 3391 3392
f 3392 3391 3393
f 3392 3393 3394
f 3394 3393 3395
f 3394 3395 3396
f 3396 3395 3397
f 3396 3397 3398
f 3398 3397 3399
f 3398 3399 3400
f 3400 3399 3372
f 3400 3372 3374
f 1198 3401 1196
f 1196 3401 3402
f 1196 3402 1223
f 1223 3402 3403
f 1223 3403 1225
f 1225 3403 3404
f 1225 3404 1227
f 1227 3404 3405
f 1227 3405 1229
f 1229 3405 3406
f 1229 3406 1231
f 1231 3406 3407
f 1231 3407 1234
f 1234 3407 3408
f 1234 3408 1235
f 1235 3408 3409
f 1235 3409 1237
f 1237 3409 3410
f 1237 3410 1239
f 1239 3410 3411
f 1239 3411 1240
f 1290 3412 1289
f 1289 3412 3413
f 1289 3413 1287
f 1287 3413 3414
f 1287 3414 1285
f 1285 3414 3415
f 1285 3415 1284
f 1284 3415 3416
f 1284 3416 1281
f 1281 3416 3417
f 1281 3417 1282
f 1282 3417 3418
f 1282 3418 1370
f 1370 3418 3419
f 1370 3419 1372
f 1372 3419 3420
f 1372 3420 1374
f 1374 3420 3421
f 1374 3421 1375
f 1375 3421 3422
f 1375 3422 1377
f 3423 3424 3425
f 3425 3424 3426
f 3425 3426 3427
f 3427 3426 3428
f 3427 3428 3429
f 3429 3428 3430
f 3429 3430 3431
f 3431 3430 3432
f 3431 3432 3433
f 3433 3432 3434
f 3433 3434 3435
f 3435 3434 3436
f 3435 3436 3437
f 3437 3436 3438
f 3437 3438 3439
f 3439 3438 3440
f 3439 3440 3441
f 3441 3440 3442
f 3441 3442 3443
f 3443 3442 3444
f 3443 3444 3445
f 3445 3444 3446
f 3445 3446 3447
f 3447 3446 3448
f 3447 3448 3449
f 3449 3448 3450
f 3449 3450 3451
f 3451 3450 3452
f 3451 3452 3453
f 3453 3452 3454
f 3453 3454 3455
f 3455 3454 3456
f 3455 3456 3457
f 3457 3456 3458
f 3457 3458 3459
f 3459 3458 3460
f 3459 3460 3461
f 3461 3460 3462
f 3461 3462 3463
f 3463 3462 3464
f 3463 3464 3465
f 3465 3464 3466
f 3465 3466 3467
f 3467 3466 3468
f 3467 3468 3469
f 3469 3468 3470
f 3469 3470 3471
f 3471 3470 3472
f 3471 3472 3473
f 3473 3472 3474
f 3473 3474 3475
f 3475 3474 3476
f 3475 3476 3477
f 3477 3476 3478
f 3477 3478 3479
f 3479 3478 3480
f 3479 3480 3481
f 3481 3480 3482
f 3481 3482 3483
f 3483 3482 3484
f 3483 3484 3485
f 3485 3484 3423
f 3485 3423 3425
f 3486 3487 3488
f 3488 3487 3489
f 3488 3489 3490
f 3490 3489 3491
f 3490 3491 3492
f 3492 3491 3493
f 3492 3493 3494
f 3494 3493 3495
f 3494 3495 3496
f 3496 3495 3497
f 3496 3497 3498
f 3498 3497 3499
f 3498 3499 3500
f 3500 3499 3501
f 3500 3501 3502
f 3502 3501 3503
f 3502 3503 3504
f 3504 3503 3505
f 3504 3505 3506
f 3506 3505 3507
f 3506 3507 3508
f 3508 3507 3509
f 3508 3509 3510
f 3510 3509 3511
f 3510 3511 3512
f 3512 3511 3513
f 3512 3513 3514
f 3514 3513 3515
f 3514 3515 3516
f 3516 3515 3517
f 3516 3517 3518
f 3518 3517 3519
f 3518 3519 3520
f 3520 3519 3521
f 3520 3521 3522
f 3522 3521 3523
f 3522 3523 3524
f 3524 3523 3525
f 3524 3525 3526
f 3526 3525 3527
f 3526 3527 3528
f 3528 3527 3529
f 3528 3529 3530
f 3530 3529 3531
f 3530 3531 3532
f 3532 3531 3533
f 3532 3533 3534
f 3534 3533 3486
f 3534 3486 3488
f 3535 3536 3537
f 3537 3536 3538
f 3537 3538 3539
f 3539 3538 3540
f 3539 3540 3541
f 3541 3540 3542
f 3541 3542 3543
f 3543 3542 3544
f 3543 3544 3545
f 3545 3544 3546
f 3545 3546 3547
f 3547 3546 3548
f 3549 3550 3551
f 3551 3550 3552
f 3551 3552 3553
f 3553 3552 3554
f 3553 3554 3555
f 3555 3554 3556
f 3555 3556 3557
f 3557 3556 3558
f 3557 3558 3559
f 3559 3558 3560
f 3559 3560 3561
f 3561 3560 3562
f 3561 3562 3563
f 3563 3562 3564
f 3563 3564 3565
f 3565 3564 3566
f 3565 3566 3567
f 3567 3566 3568
f 3567 3568 3569
f 3569 3568 3547
f 3569 3547 3548
f 3536 3535 3570
f 3570 3535 3571
f 3570 3571 3572
f 3572 3571 3573
f 3572 3573 3574
f 3574 3573 3575
f 3574 3575 3576
f 3576 3575 3577
f 3576 3577 3578
f 3578 3577 3579
f 3578 3579 3580
f 3580 3579 3581
f 3580 3581 3582
f 3582 3581 3583
f 3582 3583 3584
f 3584 3583 3585
f 3584 3585 3586
f 3586 3585 3587
f 3586 3587 3588
f 3588 3587 3589
f 3588 3589 3590
f 3591 3592 3593
f 3593 3592 3594
f 3593 3594 3595
f 3595 3594 3596
f 3595 3596 3597
f 3597 3596 3598
f 3597 3598 3599
f 3599 3598 3600
f 3599 3600 3601
f 3601 3600 3602
f 3601 3602 3603
f 3603 3602 3604
f 3603 3604 3605
f 3605 3604 3606
f 3605 3606 3607
f 3607 3606 3608
f 3607 3608 3609
f 3609 3608 3610
f 3609 3610 3611
f 3611 3610 3612
f 3611 3612 3613
f 3613 3612 3614
f 3613 3614 3615
f 3615 3614 3616
f 3615 3616 3617
f 3618 3619 3620
f 3620 3619 3621
f 3620 3621 3622
f 3622 3621 3623
f 3622 3623 3624
f 3624 3623 3625
f 3624 3625 3626
f 3626 3625 3627
f 3626 3627 3628
f 3628 3627 3629
f 3628 3629 3630
f 3630 3629 3631
f 3630 3631 3632
f 3632 3631 3633
f 3634 3635 3636
f 3636 3635 3637
f 3636 3637 3638
f 3638 3637 3639
f 3638 3639 3640
f 3640 3639 3641
f 3641 3639 3642
f 3641 3642 3643
f 3643 3642 3644
f 3643 3644 3645
f 3645 3644 3646
f 3645 3646 3647
f 3647 3646 3648
f 3647 3648 3649
f 3649 3648 3650
f 3649 3650 3651
f 3651 3650 3652
f 3651 3652 3653
f 3653 3652 3654
f 3653 3654 3655
f 3655 3654 3656
f 3655 3656 3657
f 3657 3656 3658
f 3657 3658 3659
f 3659 3658 3660
f 3659 3660 3661
f 3661 3660 3662
f 3661 3662 3663
f 3663 3662 3664
f 3663 3664 3665
f 3665 3664 3666
f 3666 3664 3667
f 3666 3667 3668
f 3668 3667 3669
f 3668 3669 3670
f 3670 3669 3671
f 3670 3671 3672
f 3672 3671 3673
f 3672 3673 3674
f 3674 3673 3675
f 3674 3675 3676
f 3676 3675 3677
f 3676 3677 3678
f 3678 3677 3679
f 3678 3679 3680
f 3680 3679 3681
f 3680 3681 3682
f 3682 3681 3683
f 3682 3683 3634
f 3634 3683 3635
f 3684 3685 3686
f 3686 3685 3687
f 3686 3687 3688
f 3688 3687 3689
f 3688 3689 3690
f 3690 3689 3691
f 3690 3691 3692
f 3692 3691 3693
f 3692 3693 3694
f 3694 3693 3695
f 3694 3695 3696
f 3696 3695 3697
f 3696 3697 3698
f 3698 3697 3699
f 3700 3701 3702
f 3702 3701 3703
f 3702 3703 3704
f 3704 3703 3705
f 3704 3705 3706
f 3706 3705 3707
f 3706 3707 3708
f 3708 3707 3709
f 3708 3709 3710
f 3710 3709 3711
f 3710 3711 3712
f 3712 3711 3713
f 3712 3713 3714
f 3714 3713 3715
f 3714 3715 3716
f 3716 3715 3717
f 3716 3717 3718
f 3718 3717 3719
f 3718 3719 3720
f 3720 3719 3721
f 3720 3721 3722
f 3722 3721 3723
f 3722 3723 3724
f 3724 3723 3725
f 3724 3725 3726
f 3727 3728 3729
f 3729 3728 3730
f 3729 3730 3731
f 3731 3730 3732
f 3731 3732 3733
f 3733 3732 3734
f 3734 3732 3735
f 3734 3735 3736
f 3736 3735 3737
f 3736 3737 3738
f 3738 3737 3739
f 3738 3739 3740
f 3740 3739 3741
f 3740 3741 3742
f 3742 3741 3743
f 3742 3743 3744
f 3744 3743 3745
f 3744 3745 3746
f 3746 3745 3747
f 3746 3747 3748
f 3748 3747 3749
f 3748 3749 3750
f 3750 3749 3751
f 3750 3751 3752
f 3752 3751 3753
f 3752 3753 3754
f 3754 3753 3755
f 3754 3755 3756
f 3756 3755 3757
f 3756 3757 3758
f 3758 3757 3759
f 3759 3757 3760
f 3759 3760 3761
f 3761 3760 3762
f 3761 3762 3763
f 3763 3762 3764
f 3763 3764 3765
f 3765 3764 3766
f 3765 3766 3767
f 3767 3766 3768
f 3767 3768 3769
f 3769 3768 3770
f 3769 3770 3771
f 3771 3770 3772
f 3771 3772 3773
f 3773 3772 3774
f 3773 3774 3775
f 3775 3774 3776
f 3775 3776 3727
f 3727 3776 3728
f 3777 3778 3779
f 3779 3778 3780
f 3779 3780 3781
f 3781 3780 3782
f 3781 3782 3783
f 3783 3782 3784
f 3783 3784 3785
f 3785 3784 3786
f 3785 3786 3787
f 3787 3786 3788
f 3787 3788 3789
f 3789 3788 3790
f 3789 3790 3791
f 3791 3790 3792
f 3791 3792 3793
f 3793 3792 3794
f 3793 3794 3795
f 3795 3794 3796
f 3795 3796 3797
f 3797 3796 3798
f 3797 3798 3799
f 3778 3777 3800
f 3800 3777 3801
f 3800 3801 3802
f 3802 3801 3803
f 3802 3803 3804
f 3804 3803 3805
f 3804 3805 3806
f 3806 3805 3807
f 3806 3807 3808
f 3808 3807 3809
f 3808 3809 3810
f 3810 3809 3811
f 3812 3813 3814
f 3814 3813 3815
f 3814 3815 3816
f 3816 3815 3817
f 3816 3817 3818
f 3818 3817 3819
f 3818 3819 3820
f 3820 3819 3821
f 3820 3821 3822
f 3822 3821 3823
f 3822 3823 3824
f 3824 3823 3825
f 3824 3825 3826
f 3826 3825 3827
f 3826 3827 3828
f 3828 3827 3829
f 3828 3829 3830
f 3830 3829 3831
f 3830 3831 3832
f 3832 3831 3810
f 3832 3810 3811
f 2701 3833 2699
f 2699 3833 3834
f 2699 3834 2698
f 2698 3834 3835
f 2698 3835 2696
f 2696 3835 3836
f 2696 3836 2694
f 2694 3836 3837
f 2694 3837 2692
f 2692 3837 3838
f 2692 3838 2691
f 2691 3838 3839
f 2691 3839 2712
f 2712 3839 3840
f 2712 3840 2713
f 2713 3840 3841
f 2713 3841 2715
f 2715 3841 3842
f 2715 3842 2717
f 2717 3842 3843
f 2717 3843 2718
f 2816 3844 2815
f 2815 3844 3845
f 2815 3845 2813
f 2813 3845 3846
f 2813 3846 2811
f 2811 3846 3847
f 2811 3847 2810
f 2810 3847 3848
f 2810 3848 2807
f 2807 3848 3849
f 2807 3849 2808
f 2808 3849 3850
f 2808 3850 2860
f 2860 3850 3851
f 2860 3851 2858
f 2858 3851 3852
f 2858 3852 2856
f 2856 3852 3853
f 2856 3853 2854
f 2854 3853 3854
f 2854 3854 2853
f 3855 3856 3857
f 3857 3856 3858
f 3857 3858 3859
f 3859 3858 3860
f 3859 3860 3861
f 3861 3860 3862
f 3861 3862 3863
f 3863 3862 3864
f 3863 3864 3865
f 3865 3864 3866
f 3865 3866 3867
f 3867 3866 3868
f 3867 3868 3869
f 3869 3868 3870
f 3869 3870 3871
f 3871 3870 3872
f 3871 3872 3873
f 3873 3872 3874
f 3873 3874 3875
f 3875 3874 3876
f 3875 3876 3877
f 3877 3876 3878
f 3877 3878 3879
f 3879 3878 3880
f 3879 3880 3881
f 3881 3880 3882
f 3881 3882 3883
f 3883 3882 3855
f 3883 3855 3857
f 2911 2913 3884
f 3884 2913 2914
f 3884 2914 3885
f 3885 2914 2902
f 3885 2902 3886
f 3886 2902 2903
f 3886 2903 3887
f 3887 2903 2905
f 3887 2905 3888
f 3888 2905 2907
f 3888 2907 3889
f 3889 2907 2909
f 3889 2909 3890
f 3890 2909 2792
f 3890 2792 3891
f 3891 2792 2790
f 3891 2790 3892
f 3892 2790 2788
f 3892 2788 3893
f 3893 2788 2786
f 3893 2786 3894
f 3894 2786 2785
f 3894 2785 3895
f 3895 2785 2919
f 3895 2919 3896
f 3896 2919 2915
f 3896 2915 3897
f 3897 2915 2911
f 3897 2911 3884
f 3898 3899 3900
f 3900 3899 3901
f 3900 3901 3902
f 3902 3901 3903
f 3902 3903 3904
f 3904 3903 3905
f 3904 3905 3906
f 3906 3905 3907
f 3906 3907 3908
f 3908 3907 3909
f 3908 3909 3910
f 3910 3909 3911
f 3910 3911 3912
f 3912 3911 3913
f 3912 3913 3914
f 3914 3913 3915
f 3914 3915 3916
f 3916 3915 3917
f 3916 3917 3918
f 3918 3917 3919
f 3918 3919 3920
f 3920 3919 3921
f 3920 3921 3922
f 3922 3921 3923
f 3922 3923 3924
f 3924 3923 3925
f 3924 3925 3926
f 3926 3925 3898
f 3926 3898 3900
f 2799 2801 3927
f 3927 2801 2862
f 3927 2862 3928
f 3928 2862 2865
f 3928 2865 3929
f 3929 2865 2867
f 3929 2867 3930
f 3930 2867 2869
f 3930 2869 3931
f 3931 2869 2847
f 3931 2847 3932
f 3932 2847 2846
f 3932 2846 3933
f 3933 2846 2922
f 3933 2922 3934
f 3934 2922 2675
f 3934 2675 3935
f 3935 2675 2674
f 3935 2674 3936
f 3936 2674 2673
f 3936 2673 3937
f 3937 2673 2679
f 3937 2679 3938
f 3938 2679 2681
f 3938 2681 3939
f 3939 2681 2921
f 3939 2921 3940
f 3940 2921 2799
f 3940 2799 3927
f 3941 3942 3943
f 3943 3942 3944
f 3943 3944 3945
f 3945 3944 3946
f 3945 3946 3947
f 3947 3946 3948
f 3947 3948 3949
f 3949 3948 3950
f 3949 3950 3951
f 3951 3950 3952
f 3951 3952 3953
f 3953 3952 3954
f 3953 3954 3955
f 3955 3954 3956
f 3955 3956 3957
f 3957 3956 3958
f 3957 3958 3959
f 3959 3958 3960
f 3959 3960 3961
f 3961 3960 3962
f 3961 3962 3963
f 3963 3962 3964
f 3963 3964 3965
f 3965 3964 3966
f 3965 3966 3967
f 3967 3966 3968
f 3967 3968 3969
f 3969 3968 3941
f 3969 3941 3943
f 1488 1487 3970
f 3970 1487 1489
f 3970 1489 3971
f 3971 1489 1490
f 3971 1490 3972
f 3972 1490 1492
f 3972 1492 3973
f 3973 1492 1494
f 3973 1494 3974
f 3974 1494 1496
f 3974 1496 3975
f 3975 1496 1498
f 3975 1498 3976
f 3976 1498 1500
f 3976 1500 3977
f 3977 1500 1501
f 3977 1501 3978
f 3978 1501 1499
f 3978 1499 3979
f 3979 1499 1497
f 3979 1497 3980
f 3980 1497 1495
f 3980 1495 3981
f 3981 1495 1493
f 3981 1493 3982
f 3982 1493 1491
f 3982 1491 3983
f 3983 1491 1488
f 3983 1488 3970
f 3984 3985 3986
f 3986 3985 3987
f 3986 3987 3988
f 3988 3987 3989
f 3988 3989 3990
f 3990 3989 3991
f 3990 3991 3992
f 3992 3991 3993
f 3992 3993 3994
f 3994 3993 3995
f 3994 3995 3996
f 3996 3995 3997
f 3996 3997 3998
f 3998 3997 3999
f 3998 3999 4000
f 4000 3999 4001
f 4000 4001 4002
f 4002 4001 4003
f 4002 4003 4004
f 4004 4003 4005
f 4004 4005 4006
f 4006 4005 4007
f 4006 4007 4008
f 4008 4007 4009
f 4008 4009 4010
f 4010 4009 4011
f 4010 4011 4012
f 4012 4011 3984
f 4012 3984 3986
f 1473 1472 4013
f 4013 1472 1474
f 4013 1474 4014
f 4014 1474 1475
f 4014 1475 4015
f 4015 1475 1477
f 4015 1477 4016
f 4016 1477 1479
f 4016 1479 4017
f 4017 1479 1481
f 4017 1481 4018
f 4018 1481 1483
f 4018 1483 4019
f 4019 1483 1485
f 4019 1485 4020
f 4020 1485 1486
f 4020 1486 4021
f 4021 1486 1484
f 4021 1484 4022
f 4022 1484 1482
f 4022 1482 4023
f 4023 1482 1480
f 4023 1480 4024
f 4024 1480 1478
f 4024 1478 4025
f 4025 1478 1476
f 4025 1476 4026
f 4026 1476 1473
f 4026 1473 4013
f 4027 4028 4029
f 4029 4028 4030
f 4029 4030 4031
f 4031 4030 4032
f 4031 4032 4033
f 4033 4032 4034
f 4033 4034 4035
f 4035 4034 4036
f 4035 4036 4037
f 4037 4036 4038
f 4037 4038 4039
f 4039 4038 4040
f 4039 4040 4041
f 4041 4040 4042
f 4041 4042 4043
f 4043 4042 4044
f 4043 4044 4045
f 4045 4044 4046
f 4045 4046 4047
f 4047 4046 4048
f 4047 4048 4049
f 4049 4048 4050
f 4049 4050 4051
f 4051 4050 4052
f 4051 4052 4053
f 4053 4052 4054
f 4053 4054 4055
f 4055 4054 4056
f 4055 4056 4057
f 4057 4056 4058
f 4057 4058 4059
f 4059 4058 4027
f 4059 4027 4029
f 4060 4061 4062
f 4062 4061 4063
f 4062 4063 4064
f 4064 4063 4065
f 4064 4065 4066
f 4066 4065 4067
f 4066 4067 4068
f 4068 4067 4069
f 4068 4069 4070
f 4070 4069 4071
f 4070 4071 4072
f 4072 4071 4073
f 4072 4073 4074
f 4074 4073 4075
f 4074 4075 4076
f 4076 4075 4077
f 4076 4077 4078
f 4078 4077 4079
f 4078 4079 4080
f 4080 4079 4081
f 4080 4081 4082
f 4082 4081 4083
f 4082 4083 4084
f 4084 4083 4085
f 4084 4085 4086
f 4086 4085 4087
f 4086 4087 4088
f 4088 4087 4089
f 4088 4089 4090
f 4090 4089 4091
f 4090 4091 4092
f 4092 4091 4060
f 4092 4060 4062
f 4093 4094 4095
f 4095 4094 4096
f 4095 4096 4097
f 4097 4096 4098
f 4097 4098 4099
f 4099 4098 4100
f 4099 4100 4101
f 4101 4100 4102
f 4101 4102 4103
f 4103 4102 4104
f 4103 4104 4105
f 4105 4104 4106
f 4105 4106 4107
f 4107 4106 4108
f 4107 4108 4109
f 4109 4108 4110
f 4109 4110 4111
f 4111 4110 4112
f 4111 4112 4113
f 4113 4112 4114
f 4113 4114 4115
f 4115 4114 4116
f 4115 4116 4117
f 4117 4116 4118
f 4117 4118 4119
f 4119 4118 4120
f 4119 4120 4121
f 4121 4120 4122
f 4121 4122 4123
f 4123 4122 4124
f 4123 4124 4125
f 4125 4124 4093
f 4125 4093 4095
f 2605 2606 4126
f 4126 2606 2621
f 4126 2621 4127
f 4127 2621 2620
f 4127 2620 4128
f 4128 2620 2619
f 4128 2619 4129
f 4129 2619 2618
f 4129 2618 4130
f 4130 2618 2617
f 4130 2617 4131
f 4131 2617 2616
f 4131 2616 4132
f 4132 2616 2615
f 4132 2615 4133
f 4133 2615 2614
f 4133 2614 4134
f 4134 2614 2613
f 4134 2613 4135
f 4135 2613 2612
f 4135 2612 4136
f 4136 2612 2611
f 4136 2611 4137
f 4137 2611 2610
f 4137 2610 4138
f 4138 2610 2609
f 4138 2609 4139
f 4139 2609 2608
f 4139 2608 4140
f 4140 2608 2607
f 4140 2607 4141
f 4141 2607 2605
f 4141 2605 4126
f 17 16 4142
f 4142 16 18
f 4142 18 4143
f 4143 18 19
f 4143 19 4144
f 4144 19 21
f 4144 21 4145
f 4145 21 23
f 4145 23 4146
f 4146 23 25
f 4146 25 4147
f 4147 25 27
f 4147 27 4148
f 4148 27 29
f 4148 29 4149
f 4149 29 30
f 4149 30 4150
f 4150 30 28
f 4150 28 4151
f 4151 28 26
f 4151 26 4152
f 4152 26 24
f 4152 24 4153
f 4153 24 22
f 4153 22 4154
f 4154 22 20
f 4154 20 4155
f 4155 20 17
f 4155 17 4142
f 4156 4157 4158
f 4158 4157 4159
f 4158 4159 4160
f 4160 4159 4161
f 4160 4161 4162
f 4162 4161 4163
f 4162 4163 4164
f 4164 4163 4165
f 4164 4165 4166
f 4166 4165 4167
f 4166 4167 4168
f 4168 4167 4169
f 4168 4169 4170
f 4170 4169 4171
f 4170 4171 4172
f 4172 4171 4173
f 4172 4173 4174
f 4174 4173 4175
f 4174 4175 4176
f 4176 4175 4177
f 4176 4177 4178
f 4178 4177 4179
f 4178 4179 4180
f 4180 4179 4181
f 4180 4181 4182
f 4182 4181 4183
f 4182 4183 4184
f 4184 4183 4156
f 4184 4156 4158
f 4185 4186 4187
f 4187 4186 4188
f 4187 4188 4189
f 4189 4188 4190
f 4189 4190 4191
f 4191 4190 4192
f 4191 4192 4193
f 4193 4192 4194
f 4193 4194 4195
f 4195 4194 4196
f 4195 4196 4197
f 4197 4196 4198
f 4197 4198 4199
f 4199 4198 4200
f 4199 4200 4201
f 4201 4200 4202
f 4201 4202 4203
f 4203 4202 4204
f 4203 4204 4205
f 4205 4204 4206
f 4205 4206 4207
f 4207 4206 4208
f 4207 4208 4209
f 4209 4208 4210
f 4209 4210 4211
f 4211 4210 4212
f 4211 4212 4213
f 4213 4212 4214
f 4213 4214 4215
f 4215 4214 4216
f 4215 4216 4217
f 4217 4216 4185
f 4217 4185 4187
f 4218 4219 4220
f 4220 4219 4221
f 4220 4221 4222
f 4222 4221 4223
f 4222 4223 4224
f 4224 4223 4225
f 4224 4225 4226
f 4226 4225 4227
f 4226 4227 4228
f 4228 4227 4229
f 4228 4229 4230
f 4230 4229 4231
f 4230 4231 4232
f 4232 4231 4233
f 4232 4233 4234
f 4234 4233 4235
f 4234 4235 4236
f 4236 4235 4237
f 4236 4237 4238
f 4238 4237 4239
f 4238 4239 4240
f 4240 4239 4241
f 4240 4241 4242
f 4242 4241 4243
f 4242 4243 4244
f 4244 4243 4245
f 4244 4245 4246
f 4246 4245 4247
f 4246 4247 4248
f 4248 4247 4249
f 4248 4249 4250
f 4250 4249 4218
f 4250 4218 4220
f 2 1 4251
f 4251 1 3
f 4251 3 4252
f 4252 3 4
f 4252 4 4253
f 4253 4 6
f 4253 6 4254
f 4254 6 8
f 4254 8 4255
f 4255 8 10
f 4255 10 4256
f 4256 10 12
f 4256 12 4257
f 4257 12 14
f 4257 14 4258
f 4258 14 15
f 4258 15 4259
f 4259 15 13
f 4259 13 4260
f 4260 13 11
f 4260 11 4261
f 4261 11 9
f 4261 9 4262
f 4262 9 7
f 4262 7 4263
f 4263 7 5
f 4263 5 4264
f 4264 5 2
f 4264 2 4251
f 4265 4266 4267
f 4267 4266 4268
f 4267 4268 4269
f 4269 4268 4270
f 4269 4270 4271
f 4271 4270 4272
f 4271 4272 4273
f 4273 4272 4274
f 4273 4274 4275
f 4275 4274 4276
f 4275 4276 4277
f 4277 4276 4278
f 4277 4278 4279
f 4279 4278 4280
f 4279 4280 4281
f 4281 4280 4282
f 4281 4282 4283
f 4283 4282 4284
f 4283 4284 4285
f 4285 4284 4286
f 4285 4286 4287
f 4287 4286 4288
f 4287 4288 4289
f 4289 4288 4290
f 4289 4290 4291
f 4291 4290 4292
f 4291 4292 4293
f 4293 4292 4265
f 4293 4265 4267
f 4294 4295 4296
f 4296 4295 4297
f 4296 4297 4298
f 4298 4297 4299
f 4298 4299 4300
f 4300 4299 4301
f 4300 4301 4302
f 4302 4301 4303
f 4302 4303 4304
f 4304 4303 4305
f 4304 4305 4306
f 4306 4305 4307
f 4306 4307 4308
f 4308 4307 4309
f 4308 4309 4310
f 4310 4309 4311
f 4310 4311 4312
f 4312 4311 4313
f 4312 4313 4314
f 4314 4313 4315
f 4314 4315 4316
f 4316 4315 4317
f 4316 4317 4318
f 4318 4317 4319
f 4318 4319 4320
f 4320 4319 4321
f 4320 4321 4322
f 4322 4321 4323
f 4322 4323 4324
f 4324 4323 4325
f 4324 4325 4326
f 4326 4325 4294
f 4326 4294 4296
f 1134 1135 4327
f 4327 1135 1150
f 4327 1150 4328
f 4328 1150 1149
f 4328 1149 4329
f 4329 1149 1148
f 4329 1148 4330
f 4330 1148 1147
f 4330 1147 4331
f 4331 1147 1146
f 4331 1146 4332
f 4332 1146 1145
f 4332 1145 4333
f 4333 1145 1144
f 4333 1144 4334
f 4334 1144 1143
f 4334 1143 4335
f 4335 1143 1142
f 4335 1142 4336
f 4336 1142 1141
f 4336 1141 4337
f 4337 1141 1140
f 4337 1140 4338
f 4338 1140 1139
f 4338 1139 4339
f 4339 1139 1138
f 4339 1138 4340
f 4340 1138 1137
f 4340 1137 4341
f 4341 1137 1136
f 4341 1136 4342
f 4342 1136 1134
f 4342 1134 4327
f 1409 1342 4343
f 4343 1342 1340
f 4343 1340 4344
f 4344 1340 1339
f 4344 1339 4345
f 4345 1339 1347
f 4345 1347 4346
f 4346 1347 1349
f 4346 1349 4347
f 4347 1349 1324
f 4347 1324 4348
f 4348 1324 1325
f 4348 1325 4349
f 4349 1325 1327
f 4349 1327 4350
f 4350 1327 1329
f 4350 1329 4351
f 4351 1329 1416
f 4351 1416 4352
f 4352 1416 1418
f 4352 1418 4353
f 4353 1418 1420
f 4353 1420 4354
f 4354 1420 1422
f 4354 1422 4355
f 4355 1422 1410
f 4355 1410 4356
f 4356 1410 1409
f 4356 1409 4343
f 4357 4358 4359
f 4359 4358 4360
f 4359 4360 4361
f 4361 4360 4362
f 4361 4362 4363
f 4363 4362 4364
f 4363 4364 4365
f 4365 4364 4366
f 4365 4366 4367
f 4367 4366 4368
f 4367 4368 4369
f 4369 4368 4370
f 4369 4370 4371
f 4371 4370 4372
f 4371 4372 4373
f 4373 4372 4374
f 4373 4374 4375
f 4375 4374 4376
f 4375 4376 4377
f 4377 4376 4378
f 4377 4378 4379
f 4379 4378 4380
f 4379 4380 4381
f 4381 4380 4382
f 4381 4382 4383
f 4383 4382 4384
f 4383 4384 4385
f 4385 4384 4357
f 4385 4357 4359
f 1440 1268 4386
f 4386 1268 1266
f 4386 1266 4387
f 4387 1266 1264
f 4387 1264 4388
f 4388 1264 1274
f 4388 1274 4389
f 4389 1274 1400
f 4389 1400 4390
f 4390 1400 1402
f 4390 1402 4391
f 4391 1402 1404
f 4391 1404 4392
f 4392 1404 1443
f 4392 1443 4393
f 4393 1443 1442
f 4393 1442 4394
f 4394 1442 1431
f 4394 1431 4395
f 4395 1431 1432
f 4395 1432 4396
f 4396 1432 1434
f 4396 1434 4397
f 4397 1434 1436
f 4397 1436 4398
f 4398 1436 1438
f 4398 1438 4399
f 4399 1438 1440
f 4399 1440 4386
f 4400 4401 4402
f 4402 4401 4403
f 4402 4403 4404
f 4404 4403 4405
f 4404 4405 4406
f 4406 4405 4407
f 4406 4407 4408
f 4408 4407 4409
f 4408 4409 4410
f 4410 4409 4411
f 4410 4411 4412
f 4412 4411 4413
f 4412 4413 4414
f 4414 4413 4415
f 4414 4415 4416
f 4416 4415 4417
f 4416 4417 4418
f 4418 4417 4419
f 4418 4419 4420
f 4420 4419 4421
f 4420 4421 4422
f 4422 4421 4423
f 4422 4423 4424
f 4424 4423 4425
f 4424 4425 4426
f 4426 4425 4427
f 4426 4427 4428
f 4428 4427 4400
f 4428 4400 4402
f 4429 4430 4431
f 4431 4430 4432
f 4431 4432 4433
f 4433 4432 4434
f 4433 4434 4435
f 4435 4434 4436
f 4435 4436 4437
f 4437 4436 4438
f 4437 4438 4439
f 4439 4438 4440
f 4439 4440 4441
f 4441 4440 4442
f 4441 4442 4443
f 4443 4442 4444
f 4443 4444 4445
f 4445 4444 4446
f 4445 4446 4447
f 4447 4446 4448
f 4447 4448 4449
f 4449 4448 4450
f 4449 4450 4451
f 4451 4450 4452
f 4451 4452 4453
f 4453 4452 4454
f 4453 4454 4455
f 4455 4454 4456
f 4455 4456 4457
f 4457 4456 4458
f 4457 4458 4459
f 4459 4458 4460
f 4459 4460 4461
f 4461 4460 4462
f 4461 4462 4463
f 4463 4462 4464
f 4463 4464 4465
f 4465 4464 4466
f 4465 4466 4467
f 4467 4466 4468
f 4467 4468 4469
f 4469 4468 4470
f 4469 4470 4471
f 4471 4470 4472
f 4471 4472 4473
f 4473 4472 4474
f 4473 4474 4475
f 4475 4474 4476
f 4475 4476 4429
f 4429 4476 4430
f 4477 4478 4479
f 4479 4478 4480
f 4479 4480 4481
f 4481 4480 4482
f 4481 4482 4483
f 4483 4482 4484
f 4483 4484 4485
f 4485 4484 4486
f 4485 4486 4487
f 4487 4486 4488
f 4487 4488 4489
f 4489 4488 4490
f 4489 4490 4491
f 4491 4490 4492
f 4491 4492 4493
f 4493 4492 4494
f 4493 4494 4495
f 4495 4494 4496
f 4495 4496 4497
f 4497 4496 4498
f 4497 4498 4499
f 4499 4498 4500
f 4499 4500 4501
f 4501 4500 4502
f 4501 4502 4503
f 4503 4502 4504
f 4503 4504 4505
f 4505 4504 4506
f 4505 4506 4507
f 4507 4506 4508
f 4507 4508 4509
f 4509 4508 4510
f 4509 4510 4511
f 4511 4510 4512
f 4511 4512 4513
f 4513 4512 4514
f 4513 4514 4515
f 4515 4514 4516
f 4515 4516 4517
f 4517 4516 4518
f 4517 4518 4519
f 4519 4518 4520
f 4519 4520 4521
f 4521 4520 4522
f 4521 4522 4523
f 4523 4522 4524
f 4523 4524 4525
f 4525 4524 4477
f 4525 4477 4479
f 3778 4526 3780
f 3780 4526 4527
f 3780 4527 3782
f 3782 4527 4528
f 3782 4528 3784
f 3784 4528 4529
f 3784 4529 3786
f 3786 4529 4530
f 3786 4530 3788
f 3788 4530 4531
f 3788 4531 3790
f 3790 4531 4532
f 3790 4532 3792
f 3792 4532 4533
f 3792 4533 3794
f 3794 4533 4534
f 3794 4534 3796
f 3796 4534 4535
f 3796 4535 3798
f 3798 4535 4536
f 3813 4537 3815
f 3815 4537 4538
f 3815 4538 3817
f 3817 4538 4539
f 3817 4539 3819
f 3819 4539 4540
f 3819 4540 3821
f 3821 4540 4541
f 3821 4541 3823
f 3823 4541 4542
f 3823 4542 3825
f 3825 4542 4543
f 3825 4543 3827
f 3827 4543 4544
f 3827 4544 3829
f 3829 4544 4545
f 3829 4545 3831
f 3831 4545 4546
f 3831 4546 3810
f 3810 4546 4547
f 4548 4549 4550
f 4550 4549 4551
f 4550 4551 4552
f 4552 4551 4553
f 4552 4553 4554
f 4554 4553 4555
f 4554 4555 4556
f 4556 4555 4557
f 4556 4557 4558
f 4558 4557 4559
f 4558 4559 4560
f 4560 4559 4561
f 3685 4562 3687
f 3687 4562 4563
f 3687 4563 3689
f 3689 4563 4564
f 3689 4564 3691
f 3691 4564 4565
f 3691 4565 3693
f 3693 4565 4566
f 3693 4566 3695
f 3695 4566 4567
f 3695 4567 3697
f 3697 4567 4568
f 3697 4568 3699
f 3699 4568 4569
f 3619 4570 3621
f 3621 4570 4571
f 3621 4571 3623
f 3623 4571 4572
f 3623 4572 3625
f 3625 4572 4573
f 3625 4573 3627
f 3627 4573 4574
f 3627 4574 3629
f 3629 4574 4575
f 3629 4575 3631
f 3631 4575 4576
f 3631 4576 3633
f 3633 4576 4577
f 4578 4579 4580
f 4580 4579 4581
f 4580 4581 4582
f 4582 4581 4583
f 4582 4583 4584
f 4584 4583 4585
f 4584 4585 4586
f 4586 4585 4587
f 4586 4587 4588
f 4588 4587 4589
f 4588 4589 4590
f 4590 4589 4591
f 3550 4592 3552
f 3552 4592 4593
f 3552 4593 3554
f 3554 4593 4594
f 3554 4594 3556
f 3556 4594 4595
f 3556 4595 3558
f 3558 4595 4596
f 3558 4596 3560
f 3560 4596 4597
f 3560 4597 3562
f 3562 4597 4598
f 3562 4598 3564
f 3564 4598 4599
f 3564 4599 3566
f 3566 4599 4600
f 3566 4600 3568
f 3568 4600 4601
f 3568 4601 3547
f 3547 4601 4602
f 3535 4603 3571
f 3571 4603 4604
f 3571 4604 3573
f 3573 4604 4605
f 3573 4605 3575
f 3575 4605 4606
f 3575 4606 3577
f 3577 4606 4607
f 3577 4607 3579
f 3579 4607 4608
f 3579 4608 3581
f 3581 4608 4609
f 3581 4609 3583
f 3583 4609 4610
f 3583 4610 3585
f 3585 4610 4611
f 3585 4611 3587
f 3587 4611 4612
f 3587 4612 3589
f 3589 4612 4613
f 4614 4615 4616
f 4616 4615 4617
f 4616 4617 4618
f 4618 4617 4619
f 4618 4619 4620
f 4620 4619 4621
f 4620 4621 4622
f 4622 4621 4623
f 4622 4623 4624
f 4624 4623 4625
f 4624 4625 4626
f 4626 4625 4627
f 4626 4627 4628
f 4628 4627 4629
f 4628 4629 4630
f 4630 4629 4631
f 4630 4631 4632
f 4632 4631 4633
f 4632 4633 4634
f 4634 4633 4635
f 4634 4635 4636
f 4636 4635 4637
f 4636 4637 4638
f 4638 4637 4639
f 4638 4639 4640
f 4640 4639 4641
f 4640 4641 4642
f 4642 4641 4643
f 4642 4643 4644
f 4644 4643 4645
f 4644 4645 4646
f 4646 4645 4647
f 4646 4647 4648
f 4648 4647 4649
f 4648 4649 4650
f 4650 4649 4651
f 4650 4651 4652
f 4652 4651 4653
f 4652 4653 4654
f 4654 4653 4655
f 4654 4655 4656
f 4656 4655 4657
f 4656 4657 4658
f 4658 4657 4659
f 4658 4659 4660
f 4660 4659 4661
f 4660 4661 4662
f 4662 4661 4663
f 4662 4663 4664
f 4664 4663 4665
f 4664 4665 4666
f 4666 4665 4667
f 4666 4667 4668
f 4668 4667 4669
f 4668 4669 4670
f 4670 4669 4671
f 4670 4671 4672
f 4672 4671 4673
f 4672 4673 4674
f 4674 4673 4675
f 4674 4675 4614
f 4614 4675 4615
f 3427 4676 3425
f 3425 4676 4677
f 3425 4677 3485
f 3485 4677 4678
f 3485 4678 3483
f 3483 4678 4679
f 3483 4679 3481
f 3481 4679 4680
f 3481 4680 3479
f 3479 4680 4681
f 3479 4681 3477
f 3477 4681 4682
f 3477 4682 3475
f 3475 4682 4683
f 3475 4683 3473
f 3473 4683 4684
f 3473 4684 3471
f 3471 4684 4685
f 3471 4685 3469
f 3469 4685 4686
f 3469 4686 3467
f 3467 4686 4687
f 3467 4687 3465
f 3465 4687 4688
f 3465 4688 3463
f 3463 4688 4689
f 3463 4689 3461
f 3461 4689 4690
f 3461 4690 3459
f 3459 4690 4691
f 3459 4691 3457
f 3457 4691 4692
f 3457 4692 3455
f 3455 4692 4693
f 3455 4693 3453
f 3453 4693 4694
f 3453 4694 3451
f 3451 4694 4695
f 3451 4695 3449
f 3449 4695 4696
f 3449 4696 3447
f 3447 4696 4697
f 3447 4697 3445
f 3445 4697 4698
f 3445 4698 3443
f 3443 4698 4699
f 3443 4699 3441
f 3441 4699 4700
f 3441 4700 3439
f 3439 4700 4701
f 3439 4701 3437
f 3437 4701 4702
f 3437 4702 3435
f 3435 4702 4703
f 3435 4703 3433
f 3433 4703 4704
f 3433 4704 3431
f 3431 4704 4705
f 3431 4705 3429
f 3429 4705 4706
f 3429 4706 3427
f 3427 4706 4676
f 3347 4707 3345
f 3345 4707 4708
f 3345 4708 3371
f 3371 4708 4709
f 3371 4709 3369
f 3369 4709 4710
f 3369 4710 3367
f 3367 4710 4711
f 3367 4711 3365
f 3365 4711 4712
f 3365 4712 3363
f 3363 4712 4713
f 3363 4713 3361
f 3361 4713 4714
f 3361 4714 3359
f 3359 4714 4715
f 3359 4715 3357
f 3357 4715 4716
f 3357 4716 3355
f 3355 4716 4717
f 3355 4717 3353
f 3353 4717 4718
f 3353 4718 3351
f 3351 4718 4719
f 3351 4719 3349
f 3349 4719 4720
f 3349 4720 3347
f 3347 4720 4707
f 4707 4721 4708
f 4719 4721 4720
f 4717 4721 4718
f 4715 4721 4716
f 4713 4721 4714
f 4712 4721 4713
f 4710 4721 4711
f 4708 4721 4709
f 4709 4721 4710
f 4711 4721 4712
f 4714 4721 4715
f 4716 4721 4717
f 4718 4721 4719
f 4720 4721 4707
f 4404 4392 4402
f 4402 4392 4393
f 4402 4393 4428
f 4428 4393 4394
f 4428 4394 4426
f 4426 4394 4395
f 4426 4395 4424
f 4424 4395 4396
f 4424 4396 4422
f 4422 4396 4397
f 4422 4397 4420
f 4420 4397 4398
f 4420 4398 4418
f 4418 4398 4399
f 4418 4399 4416
f 4416 4399 4386
f 4416 4386 4414
f 4414 4386 4387
f 4414 4387 4412
f 4412 4387 4388
f 4412 4388 4410
f 4410 4388 4389
f 4410 4389 4408
f 4408 4389 4390
f 4408 4390 4406
f 4406 4390 4391
f 4406 4391 4404
f 4404 4391 4392
f 4269 4257 4267
f 4267 4257 4258
f 4267 4258 4293
f 4293 4258 4259
f 4293 4259 4291
f 4291 4259 4260
f 4291 4260 4289
f 4289 4260 4261
f 4289 4261 4287
f 4287 4261 4262
f 4287 4262 4285
f 4285 4262 4263
f 4285 4263 4283
f 4283 4263 4264
f 4283 4264 4281
f 4281 4264 4251
f 4281 4251 4279
f 4279 4251 4252
f 4279 4252 4277
f 4277 4252 4253
f 4277 4253 4275
f 4275 4253 4254
f 4275 4254 4273
f 4273 4254 4255
f 4273 4255 4271
f 4271 4255 4256
f 4271 4256 4269
f 4269 4256 4257
f 4160 4148 4158
f 4158 4148 4149
f 4158 4149 4184
f 4184 4149 4150
f 4184 4150 4182
f 4182 4150 4151
f 4182 4151 4180
f 4180 4151 4152
f 4180 4152 4178
f 4178 4152 4153
f 4178 4153 4176
f 4176 4153 4154
f 4176 4154 4174
f 4174 4154 4155
f 4174 4155 4172
f 4172 4155 4142
f 4172 4142 4170
f 4170 4142 4143
f 4170 4143 4168
f 4168 4143 4144
f 4168 4144 4166
f 4166 4144 4145
f 4166 4145 4164
f 4164 4145 4146
f 4164 4146 4162
f 4162 4146 4147
f 4162 4147 4160
f 4160 4147 4148
f 4361 4349 4359
f 4359 4349 4350
f 4359 4350 4385
f 4385 4350 4351
f 4385 4351 4383
f 4383 4351 4352
f 4383 4352 4381
f 4381 4352 4353
f 4381 4353 4379
f 4379 4353 4354
f 4379 4354 4377
f 4377 4354 4355
f 4377 4355 4375
f 4375 4355 4356
f 4375 4356 4373
f 4373 4356 4343
f 4373 4343 4371
f 4371 4343 4344
f 4371 4344 4369
f 4369 4344 4345
f 4369 4345 4367
f 4367 4345 4346
f 4367 4346 4365
f 4365 4346 4347
f 4365 4347 4363
f 4363 4347 4348
f 4363 4348 4361
f 4361 4348 4349
f 3376 4722 3374
f 3374 4722 4723
f 3374 4723 3400
f 3400 4723 4724
f 3400 4724 3398
f 3398 4724 4725
f 3398 4725 3396
f 3396 4725 4726
f 3396 4726 3394
f 3394 4726 4727
f 3394 4727 3392
f 3392 4727 4728
f 3392 4728 3390
f 3390 4728 4729
f 3390 4729 3388
f 3388 4729 4730
f 3388 4730 3386
f 3386 4730 4731
f 3386 4731 3384
f 3384 4731 4732
f 3384 4732 3382
f 3382 4732 4733
f 3382 4733 3380
f 3380 4733 4734
f 3380 4734 3378
f 3378 4734 4735
f 3378 4735 3376
f 3376 4735 4722
f 4722 4736 4723
f 4734 4736 4735
f 4732 4736 4733
f 4730 4736 4731
f 4728 4736 4729
f 4727 4736 4728
f 4725 4736 4726
f 4723 4736 4724
f 4724 4736 4725
f 4726 4736 4727
f 4729 4736 4730
f 4731 4736 4732
f 4733 4736 4734
f 4735 4736 4722
f 3289 4737 3287
f 3287 4737 4738
f 3287 4738 3313
f 3313 4738 4739
f 3313 4739 3311
f 3311 4739 4740
f 3311 4740 3309
f 3309 4740 4741
f 3309 4741 3307
f 3307 4741 4742
f 3307 4742 3305
f 3305 4742 4743
f 3305 4743 3303
f 3303 4743 4744
f 3303 4744 3301
f 3301 4744 4745
f 3301 4745 3299
f 3299 4745 4746
f 3299 4746 3297
f 3297 4746 4747
f 3297 4747 3295
f 3295 4747 4748
f 3295 4748 3293
f 3293 4748 4749
f 3293 4749 3291
f 3291 4749 4750
f 3291 4750 3289
f 3289 4750 4737
f 4737 4751 4738
f 4749 4751 4750
f 4747 4751 4748
f 4745 4751 4746
f 4743 4751 4744
f 4742 4751 4743
f 4740 4751 4741
f 4738 4751 4739
f 4739 4751 4740
f 4741 4751 4742
f 4744 4751 4745
f 4746 4751 4747
f 4748 4751 4749
f 4750 4751 4737
f 3902 3933 3900
f 3900 3933 3934
f 3900 3934 3926
f 3926 3934 3935
f 3926 3935 3924
f 3924 3935 3936
f 3924 3936 3922
f 3922 3936 3937
f 3922 3937 3920
f 3920 3937 3938
f 3920 3938 3918
f 3918 3938 3939
f 3918 3939 3916
f 3916 3939 3940
f 3916 3940 3914
f 3914 3940 3927
f 3914 3927 3912
f 3912 3927 3928
f 3912 3928 3910
f 3910 3928 3929
f 3910 3929 3908
f 3908 3929 3930
f 3908 3930 3906
f 3906 3930 3931
f 3906 3931 3904
f 3904 3931 3932
f 3904 3932 3902
f 3902 3932 3933
f 3988 4019 3986
f 3986 4019 4020
f 3986 4020 4012
f 4012 4020 4021
f 4012 4021 4010
f 4010 4021 4022
f 4010 4022 4008
f 4008 4022 4023
f 4008 4023 4006
f 4006 4023 4024
f 4006 4024 4004
f 4004 4024 4025
f 4004 4025 4002
f 4002 4025 4026
f 4002 4026 4000
f 4000 4026 4013
f 4000 4013 3998
f 3998 4013 4014
f 3998 4014 3996
f 3996 4014 4015
f 3996 4015 3994
f 3994 4015 4016
f 3994 4016 3992
f 3992 4016 4017
f 3992 4017 3990
f 3990 4017 4018
f 3990 4018 3988
f 3988 4018 4019
f 3945 3976 3943
f 3943 3976 3977
f 3943 3977 3969
f 3969 3977 3978
f 3969 3978 3967
f 3967 3978 3979
f 3967 3979 3965
f 3965 3979 3980
f 3965 3980 3963
f 3963 3980 3981
f 3963 3981 3961
f 3961 3981 3982
f 3961 3982 3959
f 3959 3982 3983
f 3959 3983 3957
f 3957 3983 3970
f 3957 3970 3955
f 3955 3970 3971
f 3955 3971 3953
f 3953 3971 3972
f 3953 3972 3951
f 3951 3972 3973
f 3951 3973 3949
f 3949 3973 3974
f 3949 3974 3947
f 3947 3974 3975
f 3947 3975 3945
f 3945 3975 3976
f 3859 3890 3857
f 3857 3890 3891
f 3857 3891 3883
f 3883 3891 3892
f 3883 3892 3881
f 3881 3892 3893
f 3881 3893 3879
f 3879 3893 3894
f 3879 3894 3877
f 3877 3894 3895
f 3877 3895 3875
f 3875 3895 3896
f 3875 3896 3873
f 3873 3896 3897
f 3873 3897 3871
f 3871 3897 3884
f 3871 3884 3869
f 3869 3884 3885
f 3869 3885 3867
f 3867 3885 3886
f 3867 3886 3865
f 3865 3886 3887
f 3865 3887 3863
f 3863 3887 3888
f 3863 3888 3861
f 3861 3888 3889
f 3861 3889 3859
f 3859 3889 3890
f 3318 4752 3316
f 3316 4752 4753
f 3316 4753 3342
f 3342 4753 4754
f 3342 4754 3340
f 3340 4754 4755
f 3340 4755 3338
f 3338 4755 4756
f 3338 4756 3336
f 3336 4756 4757
f 3336 4757 3334
f 3334 4757 4758
f 3334 4758 3332
f 3332 4758 4759
f 3332 4759 3330
f 3330 4759 4760
f 3330 4760 3328
f 3328 4760 4761
f 3328 4761 3326
f 3326 4761 4762
f 3326 4762 3324
f 3324 4762 4763
f 3324 4763 3322
f 3322 4763 4764
f 3322 4764 3320
f 3320 4764 4765
f 3320 4765 3318
f 3318 4765 4752
f 4752 4766 4753
f 4764 4766 4765
f 4762 4766 4763
f 4760 4766 4761
f 4758 4766 4759
f 4757 4766 4758
f 4755 4766 4756
f 4753 4766 4754
f 4754 4766 4755
f 4756 4766 4757
f 4759 4766 4760
f 4761 4766 4762
f 4763 4766 4764
f 4765 4766 4752
f 3412 4767 3413
f 3413 4767 4768
f 3413 4768 3414
f 3414 4768 4769
f 3414 4769 3415
f 3415 4769 4770
f 3415 4770 3416
f 3416 4770 4771
f 3416 4771 3417
f 3417 4771 4772
f 3417 4772 3418
f 3418 4772 4773
f 3418 4773 3419
f 3419 4773 4774
f 3419 4774 3420
f 3420 4774 4775
f 3420 4775 3421
f 3421 4775 4776
f 3421 4776 3422
f 3422 4776 4777
f 3401 4778 3402
f 3402 4778 4779
f 3402 4779 3403
f 3403 4779 4780
f 3403 4780 3404
f 3404 4780 4781
f 3404 4781 3405
f 3405 4781 4782
f 3405 4782 3406
f 3406 4782 4783
f 3406 4783 3407
f 3407 4783 4784
f 3407 4784 3408
f 3408 4784 4785
f 3408 4785 3409
f 3409 4785 4786
f 3409 4786 3410
f 3410 4786 4787
f 3410 4787 3411
f 3411 4787 4788
f 3833 4789 3834
f 3834 4789 4790
f 3834 4790 3835
f 3835 4790 4791
f 3835 4791 3836
f 3836 4791 4792
f 3836 4792 3837
f 3837 4792 4793
f 3837 4793 3838
f 3838 4793 4794
f 3838 4794 3839
f 3839 4794 4795
f 3839 4795 3840
f 3840 4795 4796
f 3840 4796 3841
f 3841 4796 4797
f 3841 4797 3842
f 3842 4797 4798
f 3842 4798 3843
f 3843 4798 4799
f 3844 4800 3845
f 3845 4800 4801
f 3845 4801 3846
f 3846 4801 4802
f 3846 4802 3847
f 3847 4802 4803
f 3847 4803 3848
f 3848 4803 4804
f 3848 4804 3849
f 3849 4804 4805
f 3849 4805 3850
f 3850 4805 4806
f 3850 4806 3851
f 3851 4806 4807
f 3851 4807 3852
f 3852 4807 4808
f 3852 4808 3853
f 3853 4808 4809
f 3853 4809 3854
f 3854 4809 4810
f 3701 4811 3703
f 3703 4811 4812
f 3703 4812 3705
f 3705 4812 4813
f 3705 4813 3707
f 3707 4813 4814
f 3707 4814 3709
f 3709 4814 4815
f 3709 4815 3711
f 3711 4815 4816
f 3711 4816 3713
f 3713 4816 4817
f 3713 4817 3715
f 3715 4817 4818
f 3715 4818 3717
f 3717 4818 4819
f 3717 4819 3719
f 3719 4819 4820
f 3719 4820 3721
f 3721 4820 4821
f 3721 4821 3723
f 3723 4821 4822
f 3723 4822 3725
f 3725 4822 4823
f 3592 4824 3594
f 3594 4824 4825
f 3594 4825 3596
f 3596 4825 4826
f 3596 4826 3598
f 3598 4826 4827
f 3598 4827 3600
f 3600 4827 4828
f 3600 4828 3602
f 3602 4828 4829
f 3602 4829 3604
f 3604 4829 4830
f 3604 4830 3606
f 3606 4830 4831
f 3606 4831 3608
f 3608 4831 4832
f 3608 4832 3610
f 3610 4832 4833
f 3610 4833 3612
f 3612 4833 4834
f 3612 4834 3614
f 3614 4834 4835
f 3614 4835 3616
f 3616 4835 4836
f 4837 2912 4838
f 4838 2912 2934
f 4838 2934 4839
f 4839 2934 2933
f 4839 2933 4840
f 4840 2933 2918
f 4840 4841 4839
f 4839 4841 4842
f 4839 4842 4838
f 4838 4842 4843
f 4838 4843 4837
f 4837 4843 4844
f 4844 4843 4845
f 4844 4845 4846
f 4841 4847 4842
f 4842 4847 4848
f 4842 4848 4843
f 4843 4848 4845
f 4849 4846 4850
f 4850 4846 4845
f 4850 4845 4851
f 4851 4845 4848
f 4851 4848 4852
f 4852 4848 4847
f 4853 4854 4855
f 4855 4854 4856
f 4855 4856 4857
f 4857 4856 4858
f 4858 4856 4859
f 4859 4856 4860
f 4860 4856 4861
f 4860 4861 4862
f 4862 4861 4863
f 4863 4861 4864
f 4864 4861 4865
f 4865 4861 4866
f 4865 4866 4867
f 4867 4866 4868
f 4868 4866 4869
f 4869 4866 4870
f 4869 4870 4871
f 4871 4870 4872
f 4872 4870 4873
f 4873 4870 4874
f 4874 4870 4875
f 4853 4876 4854
f 4854 4876 4877
f 4854 4877 4878
f 4854 4878 4879
f 4879 4878 4880
f 4879 4880 4881
f 4881 4882 4879
f 4879 4882 4883
f 4883 4882 4884
f 4883 4884 4885
f 4885 4886 4883
f 4883 4886 4887
f 4883 4887 4888
f 4888 4887 4889
f 4888 4889 4890
f 4890 4889 4891
f 4890 4891 4892
f 4892 4891 4893
f 4866 4894 4870
f 4870 4894 4895
f 4895 4894 4896
f 4896 4894 4897
f 4897 4894 4898
f 4857 4899 4855
f 4855 4899 4900
f 4855 4900 4901
f 4901 4902 4855
f 4903 4904 4905
f 4905 4904 4906
f 4905 4906 4907
f 4907 4906 4908
f 4907 4908 4909
f 4903 4910 4904
f 4904 4910 4911
f 4911 4910 4912
f 4911 4912 4913
f 4913 4912 4914
f 4914 4912 4915
f 4914 4915 4916
f 4917 4918 4916
f 4916 4918 4919
f 4916 4919 4914
f 4918 4917 4920
f 4920 4917 4921
f 4920 4921 4922
f 4923 4924 4922
f 4922 4924 4925
f 4922 4925 4920
f 4924 4923 4926
f 4926 4923 4927
f 4926 4927 4928
f 4928 4927 4929
f 4928 4929 4930
f 4930 4929 4931
f 4930 4931 4932
f 4932 4931 4933
f 4932 4933 4934
f 4907 4909 4935
f 4935 4909 4936
f 4935 4936 4937
f 4937 4936 4938
f 4938 4936 4939
f 4938 4939 4940
f 4941 4942 4940
f 4940 4942 4943
f 4940 4943 4938
f 4942 4941 4944
f 4944 4941 4945
f 4944 4945 4946
f 4947 4948 4946
f 4946 4948 4949
f 4946 4949 4944
f 4948 4947 4950
f 4950 4947 4951
f 4950 4951 4952
f 4952 4951 4953
f 4952 4953 4954
f 4954 4953 4955
f 4954 4955 4956
f 4956 4955 4957
f 4956 4957 4958
f 4959 4960 4961
f 4961 4960 4962
f 4961 4962 4963
f 4963 4962 4964
f 4963 4964 4965
f 4965 4964 4966
f 4328 4310 4327
f 4327 4310 4312
f 4327 4312 4342
f 4342 4312 4314
f 4342 4314 4341
f 4341 4314 4316
f 4341 4316 4340
f 4340 4316 4318
f 4340 4318 4339
f 4339 4318 4320
f 4339 4320 4338
f 4338 4320 4322
f 4338 4322 4337
f 4337 4322 4324
f 4337 4324 4336
f 4336 4324 4326
f 4336 4326 4335
f 4335 4326 4296
f 4335 4296 4334
f 4334 4296 4298
f 4334 4298 4333
f 4333 4298 4300
f 4333 4300 4332
f 4332 4300 4302
f 4332 4302 4331
f 4331 4302 4304
f 4331 4304 4330
f 4330 4304 4306
f 4330 4306 4329
f 4329 4306 4308
f 4329 4308 4328
f 4328 4308 4310
f 4222 4201 4220
f 4220 4201 4203
f 4220 4203 4250
f 4250 4203 4205
f 4250 4205 4248
f 4248 4205 4207
f 4248 4207 4246
f 4246 4207 4209
f 4246 4209 4244
f 4244 4209 4211
f 4244 4211 4242
f 4242 4211 4213
f 4242 4213 4240
f 4240 4213 4215
f 4240 4215 4238
f 4238 4215 4217
f 4238 4217 4236
f 4236 4217 4187
f 4236 4187 4234
f 4234 4187 4189
f 4234 4189 4232
f 4232 4189 4191
f 4232 4191 4230
f 4230 4191 4193
f 4230 4193 4228
f 4228 4193 4195
f 4228 4195 4226
f 4226 4195 4197
f 4226 4197 4224
f 4224 4197 4199
f 4224 4199 4222
f 4222 4199 4201
f 4481 4429 4479
f 4479 4429 4431
f 4479 4431 4525
f 4525 4431 4433
f 4525 4433 4523
f 4523 4433 4435
f 4523 4435 4521
f 4521 4435 4437
f 4521 4437 4519
f 4519 4437 4439
f 4519 4439 4517
f 4517 4439 4441
f 4517 4441 4515
f 4515 4441 4443
f 4515 4443 4513
f 4513 4443 4445
f 4513 4445 4511
f 4511 4445 4447
f 4511 4447 4509
f 4509 4447 4449
f 4509 4449 4507
f 4507 4449 4451
f 4507 4451 4505
f 4505 4451 4453
f 4505 4453 4503
f 4503 4453 4455
f 4503 4455 4501
f 4501 4455 4457
f 4501 4457 4499
f 4499 4457 4459
f 4499 4459 4497
f 4497 4459 4461
f 4497 4461 4495
f 4495 4461 4463
f 4495 4463 4493
f 4493 4463 4465
f 4493 4465 4491
f 4491 4465 4467
f 4491 4467 4489
f 4489 4467 4469
f 4489 4469 4487
f 4487 4469 4471
f 4487 4471 4485
f 4485 4471 4473
f 4485 4473 4483
f 4483 4473 4475
f 4483 4475 4481
f 4481 4475 4429
f 4967 3275 4968
f 4968 3275 3276
f 4968 3276 4969
f 4969 3276 3277
f 4969 3277 4970
f 4970 3277 3278
f 4970 3278 4971
f 4971 3278 3279
f 4971 3279 4972
f 4972 3279 3280
f 4972 3280 4973
f 4973 3280 3281
f 4973 3281 4974
f 4974 3281 3282
f 4974 3282 4975
f 4975 3282 3283
f 4975 3283 4976
f 4976 3283 3284
f 4976 3284 4977
f 4977 3284 3267
f 4977 3267 4978
f 4978 3267 3268
f 4978 3268 4979
f 4979 3268 3269
f 4979 3269 4980
f 4980 3269 3270
f 4980 3270 4981
f 4981 3270 3271
f 4981 3271 4982
f 4982 3271 3272
f 4982 3272 4983
f 4983 3272 3273
f 4983 3273 4984
f 4984 3273 3274
f 4984 3274 4967
f 4967 3274 3275
f 3774 4985 3776
f 3776 4985 4986
f 3776 4986 3728
f 3728 4986 4987
f 3728 4987 3730
f 3730 4987 4988
f 3730 4988 3732
f 3732 4988 4989
f 3732 4989 3735
f 3735 4989 4990
f 3735 4990 3737
f 3737 4990 4991
f 3737 4991 3739
f 3739 4991 4992
f 3739 4992 3741
f 3741 4992 4993
f 3741 4993 3743
f 3743 4993 4994
f 3743 4994 3745
f 3745 4994 4995
f 3745 4995 3747
f 3747 4995 4996
f 3747 4996 3749
f 3749 4996 4997
f 3749 4997 3751
f 3751 4997 4998
f 3751 4998 3753
f 3753 4998 4999
f 3753 4999 3755
f 3755 4999 5000
f 3755 5000 3757
f 3757 5000 5001
f 3757 5001 3760
f 3760 5001 5002
f 3760 5002 3762
f 3762 5002 5003
f 3762 5003 3764
f 3764 5003 5004
f 3764 5004 3766
f 3766 5004 5005
f 3766 5005 3768
f 3768 5005 5006
f 3768 5006 3770
f 3770 5006 5007
f 3770 5007 3772
f 3772 5007 5008
f 3772 5008 3774
f 3774 5008 4985
f 5009 3257 5010
f 5010 3257 3258
f 5010 3258 5011
f 5011 3258 3259
f 5011 3259 5012
f 5012 3259 3260
f 5012 3260 5013
f 5013 3260 3261
f 5013 3261 5014
f 5014 3261 3262
f 5014 3262 5015
f 5015 3262 3263
f 5015 3263 5016
f 5016 3263 3264
f 5016 3264 5017
f 5017 3264 3265
f 5017 3265 5018
f 5018 3265 3266
f 5018 3266 5019
f 5019 3266 3249
f 5019 3249 5020
f 5020 3249 3250
f 5020 3250 5021
f 5021 3250 3251
f 5021 3251 5022
f 5022 3251 3252
f 5022 3252 5023
f 5023 3252 3253
f 5023 3253 5024
f 5024 3253 3254
f 5024 3254 5025
f 5025 3254 3255
f 5025 3255 5026
f 5026 3255 3256
f 5026 3256 5009
f 5009 3256 3257
f 2939 5027 2940
f 2940 5027 5028
f 2940 5028 2941
f 2941 5028 5029
f 2941 5029 2942
f 2942 5029 5030
f 2942 5030 2943
f 2943 5030 5031
f 2943 5031 2944
f 2944 5031 5032
f 2944 5032 2945
f 2945 5032 5033
f 2945 5033 2946
f 2946 5033 5034
f 2946 5034 2947
f 2947 5034 5035
f 2947 5035 2948
f 2948 5035 5036
f 2948 5036 2949
f 2949 5036 5037
f 2949 5037 2950
f 2950 5037 5038
f 2950 5038 2951
f 2951 5038 5039
f 2951 5039 2952
f 2952 5039 5040
f 2952 5040 2953
f 2953 5040 5041
f 2953 5041 2954
f 2954 5041 5042
f 2954 5042 2955
f 2955 5042 5043
f 2955 5043 2956
f 2956 5043 5044
f 2956 5044 2957
f 2957 5044 5045
f 2957 5045 2958
f 2958 5045 5046
f 2958 5046 2959
f 2959 5046 5047
f 2959 5047 2960
f 2960 5047 5048
f 2960 5048 2961
f 2961 5048 5049
f 2961 5049 2962
f 2962 5049 5050
f 2962 5050 2963
f 2963 5050 5051
f 2963 5051 2964
f 2964 5051 5052
f 2964 5052 2965
f 2965 5052 5053
f 2965 5053 2966
f 2966 5053 5054
f 2966 5054 2967
f 2967 5054 5055
f 2967 5055 2968
f 2968 5055 5056
f 2968 5056 2969
f 2969 5056 5057
f 2969 5057 2970
f 2970 5057 5058
f 2970 5058 2971
f 2971 5058 5059
f 2971 5059 2972
f 2972 5059 5060
f 2972 5060 2973
f 2973 5060 5061
f 2973 5061 2974
f 2974 5061 5062
f 2974 5062 2975
f 2975 5062 5063
f 2975 5063 2976
f 2976 5063 5064
f 2976 5064 2977
f 2977 5064 5065
f 2977 5065 2978
f 2978 5065 5066
f 2978 5066 2979
f 2979 5066 5067
f 2979 5067 2980
f 2980 5067 5068
f 2980 5068 2981
f 2981 5068 5069
f 2981 5069 2982
f 2982 5069 5070
f 2982 5070 2983
f 2983 5070 5071
f 2983 5071 2984
f 2984 5071 5072
f 2984 5072 2985
f 2985 5072 5073
f 2985 5073 2986
f 2986 5073 5074
f 2986 5074 2987
f 2987 5074 5075
f 2987 5075 2988
f 2988 5075 5076
f 2988 5076 2989
f 2989 5076 5077
f 2989 5077 2939
f 2939 5077 5027
f 4127 4109 4126
f 4126 4109 4111
f 4126 4111 4141
f 4141 4111 4113
f 4141 4113 4140
f 4140 4113 4115
f 4140 4115 4139
f 4139 4115 4117
f 4139 4117 4138
f 4138 4117 4119
f 4138 4119 4137
f 4137 4119 4121
f 4137 4121 4136
f 4136 4121 4123
f 4136 4123 4135
f 4135 4123 4125
f 4135 4125 4134
f 4134 4125 4095
f 4134 4095 4133
f 4133 4095 4097
f 4133 4097 4132
f 4132 4097 4099
f 4132 4099 4131
f 4131 4099 4101
f 4131 4101 4130
f 4130 4101 4103
f 4130 4103 4129
f 4129 4103 4105
f 4129 4105 4128
f 4128 4105 4107
f 4128 4107 4127
f 4127 4107 4109
f 4064 4043 4062
f 4062 4043 4045
f 4062 4045 4092
f 4092 4045 4047
f 4092 4047 4090
f 4090 4047 4049
f 4090 4049 4088
f 4088 4049 4051
f 4088 4051 4086
f 4086 4051 4053
f 4086 4053 4084
f 4084 4053 4055
f 4084 4055 4082
f 4082 4055 4057
f 4082 4057 4080
f 4080 4057 4059
f 4080 4059 4078
f 4078 4059 4029
f 4078 4029 4076
f 4076 4029 4031
f 4076 4031 4074
f 4074 4031 4033
f 4074 4033 4072
f 4072 4033 4035
f 4072 4035 4070
f 4070 4035 4037
f 4070 4037 4068
f 4068 4037 4039
f 4068 4039 4066
f 4066 4039 4041
f 4066 4041 4064
f 4064 4041 4043
f 3490 5078 3488
f 3488 5078 5079
f 3488 5079 3534
f 3534 5079 5080
f 3534 5080 3532
f 3532 5080 5081
f 3532 5081 3530
f 3530 5081 5082
f 3530 5082 3528
f 3528 5082 5083
f 3528 5083 3526
f 3526 5083 5084
f 3526 5084 3524
f 3524 5084 5085
f 3524 5085 3522
f 3522 5085 5086
f 3522 5086 3520
f 3520 5086 5087
f 3520 5087 3518
f 3518 5087 5088
f 3518 5088 3516
f 3516 5088 5089
f 3516 5089 3514
f 3514 5089 5090
f 3514 5090 3512
f 3512 5090 5091
f 3512 5091 3510
f 3510 5091 5092
f 3510 5092 3508
f 3508 5092 5093
f 3508 5093 3506
f 3506 5093 5094
f 3506 5094 3504
f 3504 5094 5095
f 3504 5095 3502
f 3502 5095 5096
f 3502 5096 3500
f 3500 5096 5097
f 3500 5097 3498
f 3498 5097 5098
f 3498 5098 3496
f 3496 5098 5099
f 3496 5099 3494
f 3494 5099 5100
f 3494 5100 3492
f 3492 5100 5101
f 3492 5101 3490
f 3490 5101 5078
f 5102 3221 5103
f 5103 3221 3222
f 5103 3222 5104
f 5104 3222 3223
f 5104 3223 5105
f 5105 3223 3224
f 5105 3224 5106
f 5106 3224 3225
f 5106 3225 5107
f 5107 3225 3226
f 5107 3226 5108
f 5108 3226 3227
f 5108 3227 5109
f 5109 3227 3228
f 5109 3228 5110
f 5110 3228 3229
f 5110 3229 5111
f 5111 3229 3230
f 5111 3230 5112
f 5112 3230 3213
f 5112 3213 5113
f 5113 3213 3214
f 5113 3214 5114
f 5114 3214 3215
f 5114 3215 5115
f 5115 3215 3216
f 5115 3216 5116
f 5116 3216 3217
f 5116 3217 5117
f 5117 3217 3218
f 5117 3218 5118
f 5118 3218 3219
f 5118 3219 5119
f 5119 3219 3220
f 5119 3220 5102
f 5102 3220 3221
f 3656 5120 3658
f 3658 5120 5121
f 3658 5121 3660
f 3660 5121 5122
f 3660 5122 3662
f 3662 5122 5123
f 3662 5123 3664
f 3664 5123 5124
f 3664 5124 3667
f 3667 5124 5125
f 3667 5125 3669
f 3669 5125 5126
f 3669 5126 3671
f 3671 5126 5127
f 3671 5127 3673
f 3673 5127 5128
f 3673 5128 3675
f 3675 5128 5129
f 3675 5129 3677
f 3677 5129 5130
f 3677 5130 3679
f 3679 5130 5131
f 3679 5131 3681
f 3681 5131 5132
f 3681 5132 3683
f 3683 5132 5133
f 3683 5133 3635
f 3635 5133 5134
f 3635 5134 3637
f 3637 5134 5135
f 3637 5135 3639
f 3639 5135 5136
f 3639 5136 3642
f 3642 5136 5137
f 3642 5137 3644
f 3644 5137 5138
f 3644 5138 3646
f 3646 5138 5139
f 3646 5139 3648
f 3648 5139 5140
f 3648 5140 3650
f 3650 5140 5141
f 3650 5141 3652
f 3652 5141 5142
f 3652 5142 3654
f 3654 5142 5143
f 3654 5143 3656
f 3656 5143 5120
f 5144 3239 5145
f 5145 3239 3240
f 5145 3240 5146
f 5146 3240 3241
f 5146 3241 5147
f 5147 3241 3242
f 5147 3242 5148
f 5148 3242 3243
f 5148 3243 5149
f 5149 3243 3244
f 5149 3244 5150
f 5150 3244 3245
f 5150 3245 5151
f 5151 3245 3246
f 5151 3246 5152
f 5152 3246 3247
f 5152 3247 5153
f 5153 3247 3248
f 5153 3248 5154
f 5154 3248 3231
f 5154 3231 5155
f 5155 3231 3232
f 5155 3232 5156
f 5156 3232 3233
f 5156 3233 5157
f 5157 3233 3234
f 5157 3234 5158
f 5158 3234 3235
f 5158 3235 5159
f 5159 3235 3236
f 5159 3236 5160
f 5160 3236 3237
f 5160 3237 5161
f 5161 3237 3238
f 5161 3238 5144
f 5144 3238 3239
f 2990 5162 2991
f 2991 5162 5163
f 2991 5163 2992
f 2992 5163 5164
f 2992 5164 2993
f 2993 5164 5165
f 2993 5165 2994
f 2994 5165 5166
f 2994 5166 2995
f 2995 5166 5167
f 2995 5167 2996
f 2996 5167 5168
f 2996 5168 2997
f 2997 5168 5169
f 2997 5169 2998
f 2998 5169 5170
f 2998 5170 2999
f 2999 5170 5171
f 2999 5171 3000
f 3000 5171 5172
f 3000 5172 3001
f 3001 5172 5173
f 3001 5173 3002
f 3002 5173 5174
f 3002 5174 3003
f 3003 5174 5175
f 3003 5175 3004
f 3004 5175 5176
f 3004 5176 3005
f 3005 5176 5177
f 3005 5177 3006
f 3006 5177 5178
f 3006 5178 3007
f 3007 5178 5179
f 3007 5179 3008
f 3008 5179 5180
f 3008 5180 3009
f 3009 5180 5181
f 3009 5181 3010
f 3010 5181 5182
f 3010 5182 3011
f 3011 5182 5183
f 3011 5183 3012
f 3012 5183 5184
f 3012 5184 3013
f 3013 5184 5185
f 3013 5185 3014
f 3014 5185 5186
f 3014 5186 3015
f 3015 5186 5187
f 3015 5187 3016
f 3016 5187 5188
f 3016 5188 3017
f 3017 5188 5189
f 3017 5189 3018
f 3018 5189 5190
f 3018 5190 3019
f 3019 5190 5191
f 3019 5191 3020
f 3020 5191 5192
f 3020 5192 3021
f 3021 5192 5193
f 3021 5193 3022
f 3022 5193 5194
f 3022 5194 3023
f 3023 5194 5195
f 3023 5195 3024
f 3024 5195 5196
f 3024 5196 3025
f 3025 5196 5197
f 3025 5197 3026
f 3026 5197 5198
f 3026 5198 3027
f 3027 5198 5199
f 3027 5199 3028
f 3028 5199 5200
f 3028 5200 3029
f 3029 5200 5201
f 3029 5201 3030
f 3030 5201 5202
f 3030 5202 3031
f 3031 5202 5203
f 3031 5203 3032
f 3032 5203 5204
f 3032 5204 3033
f 3033 5204 5205
f 3033 5205 3034
f 3034 5205 5206
f 3034 5206 3035
f 3035 5206 5207
f 3035 5207 3036
f 3036 5207 5208
f 3036 5208 3037
f 3037 5208 5209
f 3037 5209 3038
f 3038 5209 5210
f 3038 5210 3039
f 3039 5210 5211
f 3039 5211 3040
f 3040 5211 5212
f 3040 5212 2990
f 2990 5212 5162
f 5213 5214 5215
f 5215 5214 5216
f 5215 5216 5217
f 5217 5216 5218
f 5217 5218 5219
f 5213 5220 5214
f 5214 5220 5221
f 5221 5220 5222
f 5221 5222 5223
f 5223 5222 5224
f 5223 5224 5225
f 5225 5224 5226
f 5225 5226 5227
f 5227 5226 5228
f 5227 5228 5229
f 5229 5228 5230
f 5229 5230 5231
f 5231 5230 5232
f 5231 5232 5233
f 5233 5232 5234
f 5233 5234 5235
f 5235 5234 5236
f 5235 5236 5237
f 5237 5236 5238
f 5237 5238 5239
f 5239 5238 5240
f 5239 5240 5241
f 5241 5240 5242
f 5241 5242 5243
f 5243 5242 5244
f 5243 5244 5245
f 5245 5244 5246
f 5245 5246 5247
f 5247 5246 5248
f 5247 5248 5249
f 5249 5248 5250
f 5249 5250 5251
f 5251 5250 5252
f 5251 5252 5253
f 5253 5252 5254
f 5253 5254 5255
f 5255 5254 5256
f 5255 5256 5257
f 5257 5256 5258
f 5257 5258 5259
f 5259 5258 5260
f 5259 5260 5261
f 5261 5260 5262
f 5261 5262 5263
f 5263 5262 5264
f 5263 5264 5265
f 5265 5264 5266
f 5265 5266 5267
f 5267 5266 5268
f 5267 5268 5269
f 5269 5268 5270
f 5269 5270 5219
f 5219 5270 5217
f 5271 5272 5273
f 5273 5272 5274
f 5273 5274 5275
f 5275 5274 5276
f 5275 5276 5277
f 5271 5278 5272
f 5272 5278 5279
f 5279 5278 5280
f 5279 5280 5281
f 5281 5280 5282
f 5281 5282 5283
f 5283 5282 5284
f 5283 5284 5285
f 5285 5284 5286
f 5285 5286 5287
f 5287 5286 5288
f 5287 5288 5289
f 5289 5288 5290
f 5289 5290 5291
f 5291 5290 5292
f 5291 5292 5293
f 5293 5292 5294
f 5293 5294 5295
f 5295 5294 5296
f 5295 5296 5297
f 5297 5296 5298
f 5297 5298 5299
f 5299 5298 5300
f 5299 5300 5301
f 5301 5300 5302
f 5301 5302 5303
f 5303 5302 5304
f 5303 5304 5305
f 5305 5304 5306
f 5305 5306 5307
f 5307 5306 5308
f 5307 5308 5309
f 5309 5308 5310
f 5309 5310 5311
f 5311 5310 5312
f 5311 5312 5313
f 5313 5312 5314
f 5313 5314 5315
f 5315 5314 5316
f 5315 5316 5317
f 5317 5316 5318
f 5317 5318 5319
f 5319 5318 5320
f 5319 5320 5321
f 5321 5320 5322
f 5321 5322 5323
f 5323 5322 5324
f 5323 5324 5325
f 5325 5324 5326
f 5325 5326 5327
f 5327 5326 5328
f 5327 5328 5277
f 5277 5328 5275
f 5329 5330 5331
f 5331 5330 5332
f 5331 5332 5333
f 5333 5332 5334
f 5333 5334 5335
f 5335 5334 5336
f 5335 5336 5337
f 5337 5336 5338
f 5339 5340 5341
f 5341 5340 5342
f 5341 5342 5343
f 5343 5342 5344
f 5343 5344 5345
f 5345 5344 5346
f 5345 5346 5347
f 5347 5346 5348
f 521 523 4219
f 4219 523 525
f 4219 525 4221
f 4221 525 527
f 4221 527 4223
f 4223 527 529
f 4223 529 4225
f 4225 529 531
f 4225 531 4227
f 4227 531 533
f 4227 533 4229
f 4229 533 535
f 4229 535 4231
f 4231 535 537
f 4231 537 4233
f 4233 537 539
f 4233 539 4235
f 4235 539 541
f 4235 541 4237
f 4237 541 543
f 4237 543 4239
f 4239 543 545
f 4239 545 4241
f 4241 545 547
f 4241 547 4243
f 4243 547 549
f 4243 549 4245
f 4245 549 551
f 4245 551 4247
f 4247 551 553
f 4247 553 4249
f 4249 553 555
f 4249 555 4218
f 4218 555 521
f 4218 521 4219
f 1996 4079 1994
f 1994 4079 4077
f 1994 4077 1992
f 1992 4077 4075
f 1992 4075 2026
f 2026 4075 4073
f 2026 4073 2024
f 2024 4073 4071
f 2024 4071 2022
f 2022 4071 4069
f 2022 4069 2020
f 2020 4069 4067
f 2020 4067 2018
f 2018 4067 4065
f 2018 4065 2016
f 2016 4065 4063
f 2016 4063 2014
f 2014 4063 4061
f 2014 4061 2012
f 2012 4061 2010
f 2010 4061 4060
f 2010 4060 2008
f 2008 4060 4091
f 2008 4091 2006
f 2006 4091 4089
f 2006 4089 2004
f 2004 4089 4087
f 2004 4087 2002
f 2002 4087 4085
f 2002 4085 2000
f 2000 4085 4083
f 2000 4083 1998
f 1998 4083 4081
f 1998 4081 1996
f 1996 4081 4079
f 5349 5350 5351
f 5351 5350 5352
f 5351 5352 5353
f 5353 5352 5354
f 5355 5356 5357
f 5357 5356 5358
f 5358 5356 5359
f 5358 5359 5360
f 5360 5359 5361
f 5360 5361 5362
f 5349 5351 5362
f 5362 5351 5360
f 5363 5364 5365
f 5365 5364 5366
f 5367 5368 5369
f 5369 5368 5370
f 5371 5372 5373
f 5373 5372 5374
f 5373 5374 5375
f 5375 5374 5376
f 5375 5376 5377
f 5377 5376 5378
f 5377 5378 5379
f 5379 5378 5380
f 5379 5380 5381
f 5381 5380 5382
f 5381 5382 5383
f 5383 5382 5384
f 5383 5384 5385
f 5385 5384 5386
f 5385 5386 5387
f 5387 5386 5388
f 5387 5388 5389
f 5389 5388 5390
f 5389 5390 5391
f 5391 5390 5392
f 5391 5392 5393
f 5393 5392 5394
f 5393 5394 5395
f 5395 5394 5396
f 5395 5396 5397
f 5397 5396 5398
f 5397 5398 5399
f 5399 5398 5400
f 5399 5400 5401
f 5401 5400 5402
f 5401 5402 5403
f 5403 5402 5404
f 5403 5404 5405
f 5405 5404 5406
f 5405 5406 5407
f 5407 5406 5408
f 5407 5408 5409
f 5409 5408 5410
f 5411 5412 5413
f 5413 5412 5414
f 5415 5416 5417
f 5417 5416 5418
f 5419 5420 5421
f 5421 5420 5422
f 5423 5424 5425
f 5425 5424 5426
f 5427 5428 5429
f 5429 5428 5430
f 5429 5430 5431
f 5431 5430 5432
f 5432 5430 5433
f 5433 5430 5434
f 5434 5430 5435
f 5435 5430 5436
f 5436 5430 5437
f 5437 5430 5438
f 5438 5430 5439
f 5438 5439 5440
f 5440 5439 5441
f 5441 5439 5442
f 5442 5439 5443
f 5443 5439 5444
f 5444 5439 5445
f 5445 5439 5446
f 5446 5439 5447
f 5447 5439 5448
f 5448 5439 5449
f 5448 5449 5450
f 5451 5452 5453
f 5453 5452 5454
f 5453 5454 5455
f 5455 5454 5456
f 5456 5454 5457
f 5457 5454 5458
f 5458 5454 5459
f 5459 5454 5460
f 5460 5454 5461
f 5461 5454 5462
f 5462 5454 5463
f 5462 5463 5464
f 5464 5463 5465
f 5465 5463 5466
f 5466 5463 5467
f 5467 5463 5468
f 5468 5463 5469
f 5469 5463 5470
f 5470 5463 5471
f 5471 5463 5472
f 5472 5463 5473
f 5472 5473 5474
f 5475 5476 5477
f 5477 5476 5478
f 5477 5478 5479
f 5479 5478 5480
f 5479 5480 5481
f 5481 5480 5482
f 5481 5482 5483
f 5483 5482 5484
f 5483 5484 5485
f 5485 5484 5486
f 5485 5486 5487
f 5487 5486 5488
f 5487 5488 5489
f 5489 5488 5490
f 5489 5490 5491
f 5491 5490 5492
f 5491 5492 5493
f 5493 5492 5494
f 5493 5494 5495
f 5495 5494 5496
f 5495 5496 5497
f 5497 5496 5498
f 5497 5498 5499
f 5499 5498 5500
f 5499 5500 5501
f 5501 5500 5502
f 5501 5502 5503
f 5503 5502 5504
f 5503 5504 5505
f 5505 5504 5506
f 5505 5506 5507
f 5507 5506 5508
f 5507 5508 5509
f 5509 5508 5510
f 5509 5510 5511
f 5511 5510 5512
f 5513 5514 5515
f 5515 5514 5516
f 5515 5516 5517
f 5517 5516 5518
f 5517 5518 5519
f 5519 5518 5520
f 5519 5520 5521
f 5521 5520 5522
f 5521 5522 5523
f 5523 5522 5524
f 5523 5524 5525
f 5525 5524 5526
f 5525 5526 5527
f 5527 5526 5528
f 5527 5528 5529
f 5529 5528 5530
f 5529 5530 5531
f 5531 5530 5532
f 5531 5532 5533
f 5533 5532 5534
f 5533 5534 5535
f 5535 5534 5536
f 5535 5536 5537
f 5537 5536 5538
f 5537 5538 5539
f 5539 5538 5540
f 5539 5540 5541
f 5541 5540 5542
f 5541 5542 5543
f 5543 5542 5544
f 5543 5544 5545
f 5545 5544 5546
f 5545 5546 5547
f 5547 5546 5548
f 5547 5548 5549
f 5549 5548 5550
f 5418 4932 5417
f 5417 4932 4934
f 5417 4934 4933
f 5418 5551 4932
f 4932 5551 4930
f 4930 5551 4928
f 4928 5551 4926
f 4926 5551 5552
f 4926 5552 4924
f 4924 5552 4925
f 4925 5552 5553
f 4925 5553 4920
f 4920 5553 4918
f 4918 5553 5554
f 4918 5554 4919
f 4919 5554 4914
f 4914 5554 4913
f 4913 5554 5555
f 4913 5555 4911
f 4911 5555 4904
f 4904 5555 4906
f 4906 5555 5556
f 4906 5556 5557
f 5557 5556 5473
f 5557 5473 5463
f 5463 5558 5557
f 5557 5558 5559
f 5557 5559 4906
f 4906 5559 4908
f 4908 5559 4909
f 4909 5559 4936
f 4936 5559 5560
f 4936 5560 4939
f 4939 5560 4940
f 4940 5560 5561
f 4940 5561 4941
f 4941 5561 4945
f 4945 5561 5562
f 4945 5562 4946
f 4946 5562 5563
f 4946 5563 4947
f 4947 5563 5564
f 4947 5564 4951
f 4951 5564 4953
f 4953 5564 5565
f 4953 5565 4955
f 4955 5565 4957
f 4957 5565 5421
f 4957 5421 4958
f 4958 5421 4956
f 4956 5421 5422
f 4956 5422 5566
f 5567 4950 5566
f 5566 4950 4952
f 5566 4952 4954
f 5568 4949 5567
f 5567 4949 4948
f 5567 4948 4950
f 5569 4942 5568
f 5568 4942 4944
f 5568 4944 4949
f 5570 4937 5569
f 5569 4937 4938
f 5569 4938 4943
f 5571 4905 5570
f 5570 4905 4907
f 5570 4907 4935
f 4905 5571 5572
f 5572 5571 5449
f 5572 5449 5439
f 5439 5573 5572
f 5572 5573 5574
f 5572 5574 4905
f 4905 5574 4903
f 4903 5574 4910
f 4910 5574 4912
f 4912 5574 5575
f 4912 5575 4915
f 4915 5575 4916
f 4916 5575 5576
f 4916 5576 4917
f 4917 5576 4921
f 4921 5576 5577
f 4921 5577 4922
f 4922 5577 5578
f 4922 5578 4923
f 4923 5578 5579
f 4923 5579 4927
f 4927 5579 4929
f 4929 5579 5580
f 4929 5580 4931
f 4931 5580 4933
f 4933 5580 5417
f 4935 4937 5570
f 4943 4942 5569
f 4954 4956 5566
f 5581 5411 5423
f 5423 5411 5582
f 5423 5582 5583
f 5583 5582 5584
f 5583 5584 5585
f 5585 5584 5586
f 5585 5586 5587
f 5587 5586 5588
f 5587 5588 5589
f 5411 5581 5590
f 5590 5581 5591
f 5590 5591 5592
f 5592 5591 5593
f 5592 5593 5594
f 5594 5593 5595
f 5594 5595 5596
f 5594 5596 5597
f 5597 5596 5598
f 5597 5598 5599
f 5599 5598 5600
f 5599 5600 5601
f 5601 5600 5602
f 5601 5602 5428
f 5428 5602 5430
f 5428 5603 5601
f 5601 5603 5599
f 5603 5604 5599
f 5599 5604 5597
f 5604 5605 5597
f 5597 5605 5594
f 5605 5606 5594
f 5594 5606 5592
f 5606 5607 5592
f 5592 5607 5590
f 5607 5608 5590
f 5590 5608 5411
f 5608 5412 5411
f 5587 5589 5609
f 5609 5589 5610
f 5609 5610 5611
f 5611 5610 5612
f 5611 5612 5613
f 5613 5612 5614
f 5613 5614 5452
f 5452 5614 5454
f 5452 5615 5613
f 5613 5615 5611
f 5615 5616 5611
f 5611 5616 5609
f 5616 5617 5609
f 5609 5617 5587
f 5617 5618 5587
f 5587 5618 5585
f 5618 5619 5585
f 5585 5619 5583
f 5619 5620 5583
f 5583 5620 5423
f 5620 5424 5423
f 5164 5163 4616
f 4616 5163 5162
f 4616 5162 4614
f 4614 5162 5212
f 4614 5212 4674
f 4674 5212 5211
f 4674 5211 5210
f 4674 5210 4672
f 4672 5210 5209
f 4672 5209 5208
f 4672 5208 4670
f 4670 5208 5207
f 4670 5207 4668
f 4668 5207 5206
f 4668 5206 5205
f 4668 5205 4666
f 4666 5205 5204
f 4666 5204 5203
f 4666 5203 4664
f 4664 5203 5202
f 4664 5202 4662
f 4662 5202 5201
f 4662 5201 5200
f 4662 5200 4660
f 4660 5200 5199
f 4660 5199 5198
f 4660 5198 4658
f 4658 5198 5197
f 4658 5197 4656
f 4656 5197 5196
f 4656 5196 5195
f 4656 5195 4654
f 4654 5195 5194
f 4654 5194 5193
f 4654 5193 4652
f 4652 5193 5192
f 4652 5192 4650
f 4650 5192 5191
f 4650 5191 5190
f 4650 5190 4648
f 4648 5190 5189
f 4648 5189 4646
f 4646 5189 5188
f 4646 5188 5187
f 4646 5187 4644
f 4644 5187 5186
f 4644 5186 5185
f 4644 5185 4642
f 4642 5185 5184
f 4642 5184 4640
f 4640 5184 5183
f 4640 5183 5182
f 4640 5182 4638
f 4638 5182 5181
f 4638 5181 5180
f 4638 5180 4636
f 4636 5180 5179
f 4636 5179 4634
f 4634 5179 5178
f 4634 5178 5177
f 4634 5177 4632
f 4632 5177 5176
f 4632 5176 5175
f 4632 5175 4630
f 4630 5175 5174
f 4630 5174 4628
f 4628 5174 5173
f 4628 5173 5172
f 4628 5172 4626
f 4626 5172 5171
f 4626 5171 5170
f 4626 5170 4624
f 4624 5170 5169
f 4624 5169 4622
f 4622 5169 5168
f 4622 5168 5167
f 4622 5167 4620
f 4620 5167 5166
f 4620 5166 5165
f 4620 5165 4618
f 4618 5165 5164
f 4618 5164 4616
f 5122 5121 5145
f 5145 5121 5120
f 5145 5120 5144
f 5144 5120 5143
f 5144 5143 5161
f 5161 5143 5142
f 5161 5142 5160
f 5160 5142 5141
f 5160 5141 5140
f 5160 5140 5159
f 5159 5140 5139
f 5159 5139 5158
f 5158 5139 5138
f 5158 5138 5157
f 5157 5138 5137
f 5157 5137 5136
f 5157 5136 5156
f 5156 5136 5135
f 5156 5135 5155
f 5155 5135 5134
f 5155 5134 5154
f 5154 5134 5133
f 5154 5133 5132
f 5154 5132 5153
f 5153 5132 5131
f 5153 5131 5152
f 5152 5131 5130
f 5152 5130 5151
f 5151 5130 5129
f 5151 5129 5128
f 5151 5128 5150
f 5150 5128 5127
f 5150 5127 5149
f 5149 5127 5126
f 5149 5126 5148
f 5148 5126 5125
f 5148 5125 5124
f 5148 5124 5147
f 5147 5124 5123
f 5147 5123 5146
f 5146 5123 5122
f 5146 5122 5145
f 5080 5079 5103
f 5103 5079 5078
f 5103 5078 5102
f 5102 5078 5101
f 5102 5101 5119
f 5119 5101 5100
f 5119 5100 5118
f 5118 5100 5099
f 5118 5099 5098
f 5118 5098 5117
f 5117 5098 5097
f 5117 5097 5116
f 5116 5097 5096
f 5116 5096 5115
f 5115 5096 5095
f 5115 5095 5094
f 5115 5094 5114
f 5114 5094 5093
f 5114 5093 5113
f 5113 5093 5092
f 5113 5092 5112
f 5112 5092 5091
f 5112 5091 5090
f 5112 5090 5111
f 5111 5090 5089
f 5111 5089 5110
f 5110 5089 5088
f 5110 5088 5109
f 5109 5088 5087
f 5109 5087 5086
f 5109 5086 5108
f 5108 5086 5085
f 5108 5085 5107
f 5107 5085 5084
f 5107 5084 5106
f 5106 5084 5083
f 5106 5083 5082
f 5106 5082 5105
f 5105 5082 5081
f 5105 5081 5104
f 5104 5081 5080
f 5104 5080 5103
f 5621 4028 5622
f 5622 4028 4027
f 5622 4027 5623
f 5623 4027 5624
f 5623 5624 5625
f 5626 4034 5621
f 5621 4034 4032
f 5621 4032 4030
f 5627 4038 5626
f 5626 4038 4036
f 5626 4036 4034
f 5628 5629 5627
f 5627 5629 4044
f 5627 4044 4042
f 5630 5631 5628
f 5628 5631 5632
f 5628 5632 5629
f 5633 3128 5630
f 5630 3128 5634
f 5630 5634 5635
f 5636 3134 5633
f 5633 3134 3132
f 5633 3132 3130
f 5637 3142 5636
f 5636 3142 3140
f 5636 3140 3138
f 5638 5639 5637
f 5637 5639 5640
f 5637 5640 3142
f 3142 5640 3144
f 3144 5640 5641
f 3144 5641 3146
f 3146 5641 3148
f 3148 5641 3150
f 3150 5641 5642
f 3150 5642 3152
f 3152 5642 3154
f 3154 5642 3127
f 3127 5642 5634
f 3127 5634 3128
f 5639 5638 5643
f 5643 5638 5644
f 5643 5644 5645
f 5645 5644 5646
f 5645 5646 3171
f 3171 5646 3173
f 3173 5646 3175
f 3175 5646 3177
f 3177 5646 5647
f 3177 5647 3179
f 3179 5647 3181
f 3181 5647 3183
f 3183 5647 5648
f 3183 5648 3185
f 3185 5648 3187
f 3187 5648 3617
f 3187 3617 3189
f 3189 3617 5649
f 3189 5649 3191
f 3191 5649 3193
f 3193 5649 3195
f 3195 5649 5650
f 3195 5650 3197
f 3197 5650 3170
f 3170 5650 5645
f 3170 5645 3171
f 3617 5648 3615
f 3615 5648 5651
f 3615 5651 3613
f 3613 5651 3611
f 3611 5651 3655
f 3611 3655 3657
f 3655 5651 3653
f 3653 5651 5652
f 3653 5652 3651
f 3651 5652 3649
f 3649 5652 5653
f 3649 5653 3647
f 3647 5653 3645
f 3645 5653 3643
f 3611 3657 3609
f 3609 3657 3659
f 3609 3659 3607
f 3607 3659 3661
f 3607 3661 3605
f 3605 3661 3663
f 3605 3663 3603
f 3603 3663 5654
f 3603 5654 5655
f 3663 3665 5654
f 5654 3665 5656
f 5656 3665 3666
f 5656 3666 3942
f 3942 3666 3944
f 3944 3666 3668
f 3944 3668 3946
f 3946 3668 3670
f 3946 3670 3948
f 3948 3670 3950
f 3950 3670 3672
f 3950 3672 3952
f 3952 3672 3674
f 3952 3674 3954
f 3954 3674 3956
f 3956 3674 3676
f 3956 3676 3958
f 3958 3676 3678
f 3958 3678 3632
f 3632 3678 5657
f 3632 5657 3630
f 3630 5657 3628
f 3628 5657 3626
f 3626 5657 5658
f 3626 5658 3624
f 3624 5658 4110
f 3624 4110 3622
f 3622 4110 4108
f 3622 4108 3620
f 3620 4108 4106
f 3620 4106 3618
f 3618 4106 4104
f 3618 4104 5659
f 5659 4104 4102
f 5659 4102 5660
f 5660 4102 4100
f 5660 4100 5661
f 5661 4100 4098
f 5661 4098 5662
f 5662 4098 4096
f 5662 4096 5663
f 5663 4096 4094
f 5663 4094 5664
f 5664 4094 5665
f 5664 5665 5666
f 3678 3680 5657
f 5657 3680 3682
f 5657 3682 5667
f 5667 3682 5668
f 5668 3682 3634
f 5668 3634 5669
f 5669 3634 5670
f 5670 3634 5671
f 5671 3634 3636
f 5672 5673 5658
f 5658 5673 5674
f 5658 5674 5675
f 5675 5674 5676
f 5675 5676 5677
f 5677 5676 5678
f 5677 5678 5679
f 5679 5678 5680
f 5679 5680 5681
f 5682 3870 5681
f 5681 3870 5683
f 5681 5683 5679
f 5684 5685 5682
f 5682 5685 5686
f 5682 5686 5687
f 5682 5687 3872
f 3872 5687 5688
f 3872 5688 3874
f 3874 5688 5689
f 3874 5689 5690
f 5691 5692 5690
f 5690 5692 5693
f 5690 5693 5694
f 5695 5696 5691
f 5691 5696 3331
f 5691 3331 3329
f 5696 5697 3331
f 3331 5697 5698
f 3331 5698 3333
f 3333 5698 5699
f 3333 5699 5700
f 3333 5700 3335
f 3335 5700 5701
f 3335 5701 3337
f 3337 5701 3339
f 3339 5701 5702
f 3339 5702 3341
f 3341 5702 3314
f 3314 5702 5703
f 3314 5703 3315
f 3315 5703 5704
f 3315 5704 3317
f 3317 5704 5705
f 3317 5705 3319
f 3319 5705 5706
f 3319 5706 3321
f 3321 5706 5707
f 3321 5707 3323
f 3323 5707 3325
f 3325 5707 5708
f 3325 5708 3327
f 3327 5708 5709
f 3327 5709 3329
f 3329 5709 5710
f 3329 5710 5691
f 5691 5710 5711
f 5691 5711 5692
f 5712 5713 5703
f 5703 5713 5714
f 5703 5714 5704
f 5713 5712 5715
f 5715 5712 5716
f 5715 5716 5717
f 5715 5717 5718
f 5718 5717 5719
f 5718 5719 5720
f 5720 5719 5721
f 5721 5719 5722
f 5721 5722 5723
f 5724 5725 5719
f 5719 5725 5726
f 5719 5726 5727
f 5728 5729 5724
f 5724 5729 5730
f 5724 5730 5731
f 5729 5728 5732
f 5732 5728 5733
f 5732 5733 5734
f 5732 5734 5735
f 5735 5734 5736
f 5735 5736 5737
f 5737 5736 5738
f 5738 5736 3302
f 5738 3302 3300
f 5736 5739 3302
f 3302 5739 3304
f 3304 5739 3306
f 3306 5739 5740
f 3306 5740 3308
f 3308 5740 3310
f 3310 5740 5741
f 3310 5741 3312
f 3312 5741 5742
f 3312 5742 3285
f 3285 5742 5743
f 3285 5743 5744
f 3285 5744 3286
f 3286 5744 5745
f 3286 5745 5746
f 5746 5745 5747
f 5624 3487 5746
f 5746 3487 3486
f 5746 3486 3899
f 3899 3486 5748
f 3899 5748 5749
f 3138 3136 5636
f 5636 3136 3134
f 3130 3128 5633
f 5750 5751 5752
f 5752 5751 5753
f 5752 5753 3855
f 3855 5753 3856
f 3856 5753 5754
f 3856 5754 5755
f 5751 5750 5756
f 5756 5750 5757
f 5756 5757 5758
f 5758 5757 5759
f 5758 5759 5760
f 5760 5759 5761
f 5760 5761 5762
f 5762 5761 5763
f 5762 5763 5764
f 5764 5763 5765
f 5764 5765 5766
f 5766 5765 5767
f 5766 5767 5312
f 5312 5767 5768
f 5312 5768 5314
f 5314 5768 5316
f 5316 5768 5769
f 5316 5769 5318
f 5318 5769 5770
f 5318 5770 5320
f 5320 5770 5771
f 5320 5771 5322
f 5322 5771 5772
f 5322 5772 5324
f 5324 5772 5773
f 5324 5773 5774
f 5772 5775 5773
f 5773 5775 5776
f 5776 5775 5777
f 5776 5777 5778
f 5778 5777 5779
f 5778 5779 5780
f 5780 5779 5781
f 5780 5781 5782
f 5782 5781 5783
f 5782 5783 5784
f 5784 5783 5785
f 5784 5785 5786
f 5786 5785 5787
f 5786 5787 5788
f 5788 5787 3915
f 5788 3915 5789
f 5789 3915 3913
f 5789 3913 5790
f 5790 3913 3911
f 5790 3911 5791
f 5791 3911 3909
f 5791 3909 3907
f 5787 5792 3915
f 3915 5792 3917
f 3917 5792 5793
f 3917 5793 5794
f 5792 5795 5793
f 5793 5795 5796
f 5796 5795 5797
f 5797 5795 5798
f 5797 5798 5799
f 5799 5798 5800
f 5799 5800 5801
f 5801 5800 5802
f 5801 5802 5803
f 5803 5802 5804
f 5803 5804 5731
f 5731 5804 5805
f 5731 5805 5724
f 5724 5805 5806
f 5724 5806 5807
f 5807 5808 5724
f 5724 5808 5725
f 5727 5722 5719
f 5721 5723 5809
f 5809 5723 5810
f 5809 5810 5811
f 5811 5810 5812
f 5811 5812 5813
f 5813 5812 5814
f 5813 5814 5815
f 5815 5814 5816
f 5815 5816 5817
f 5817 5816 5818
f 5818 5816 5819
f 5818 5819 3855
f 3855 5819 5752
f 5275 3569 5273
f 5273 3569 3548
f 5273 3548 3536
f 3536 3548 3546
f 3536 3546 3544
f 3569 5275 3567
f 3567 5275 5328
f 3567 5328 5326
f 5324 5774 5326
f 5326 5774 3511
f 5326 3511 3565
f 3565 3511 3563
f 3563 3511 3509
f 3563 3509 3561
f 3561 3509 3507
f 3561 3507 3559
f 3559 3507 3505
f 3559 3505 3557
f 3557 3505 3555
f 3555 3505 3503
f 3555 3503 3553
f 3553 3503 3501
f 3553 3501 3551
f 3551 3501 3499
f 3551 3499 3549
f 3549 3499 3497
f 3549 3497 5820
f 5820 3497 3495
f 5820 3495 5821
f 5821 3495 3493
f 5821 3493 5822
f 5822 3493 3491
f 5822 3491 5823
f 5823 3491 3489
f 5823 3489 5624
f 5624 3489 3487
f 5312 5310 5766
f 5766 5310 5824
f 5824 5310 5825
f 5824 5825 5826
f 5826 5825 5827
f 5826 5827 5666
f 5666 5827 5664
f 5825 5310 5828
f 5828 5310 5308
f 5828 5308 5306
f 5828 5306 5829
f 5829 5306 5304
f 5829 5304 5830
f 5830 5304 5302
f 5830 5302 5831
f 5831 5302 5832
f 5832 5302 3597
f 5832 3597 3599
f 3597 5302 3595
f 3595 5302 5300
f 3595 5300 3593
f 3593 5300 5298
f 3593 5298 3591
f 3591 5298 5296
f 3591 5296 5833
f 5833 5296 5294
f 5833 5294 5834
f 5834 5294 5292
f 5834 5292 5290
f 5834 5290 5835
f 5835 5290 5288
f 5835 5288 5836
f 5836 5288 5286
f 5836 5286 5837
f 5837 5286 5284
f 5837 5284 5838
f 5838 5284 5282
f 5838 5282 5839
f 5839 5282 5280
f 5839 5280 5278
f 5271 5840 5278
f 5278 5840 5841
f 5278 5841 5839
f 5273 3570 5271
f 5271 3570 5842
f 5271 5842 5840
f 4094 4093 5665
f 5665 4093 5843
f 5843 4093 4124
f 5843 4124 5844
f 5844 4124 4122
f 5844 4122 5845
f 5845 4122 4120
f 5845 4120 5846
f 5846 4120 4118
f 5846 4118 5847
f 5847 4118 4116
f 5847 4116 4114
f 4112 5658 4114
f 4114 5658 5848
f 4114 5848 5847
f 4112 4110 5658
f 5624 4027 3987
f 3987 4027 4058
f 3987 4058 3989
f 3989 4058 4056
f 3989 4056 3991
f 3991 4056 4054
f 3991 4054 3993
f 3993 4054 4052
f 3993 4052 3995
f 3995 4052 4050
f 3995 4050 3997
f 3997 4050 3999
f 3999 4050 4048
f 3999 4048 5849
f 5849 4048 4046
f 5849 4046 5850
f 5850 4046 4044
f 5850 4044 5629
f 4042 4040 5627
f 5627 4040 4038
f 4030 4028 5621
f 3984 3590 3985
f 3985 3590 5624
f 3985 5624 3987
f 3590 3984 3588
f 3588 3984 4011
f 3588 4011 3586
f 3586 4011 4009
f 3586 4009 3584
f 3584 4009 4007
f 3584 4007 3582
f 3582 4007 4005
f 3582 4005 3580
f 3580 4005 4003
f 3580 4003 3578
f 3578 4003 4001
f 3578 4001 3576
f 3576 4001 5849
f 3576 5849 3574
f 3574 5849 5851
f 3574 5851 3572
f 3572 5851 5852
f 3572 5852 5853
f 4001 3999 5849
f 5656 3942 5854
f 5854 3942 3941
f 5854 3941 5855
f 5855 3941 3968
f 5855 3968 5856
f 5856 3968 3966
f 5856 3966 3964
f 5856 3964 5857
f 5857 3964 3962
f 5857 3962 5858
f 5858 3962 3960
f 5858 3960 5859
f 5859 3960 3958
f 5859 3958 3632
f 3898 5860 3899
f 3899 5860 5861
f 3899 5861 5746
f 5746 5861 5862
f 5746 5862 5863
f 5860 3898 5864
f 5864 3898 3925
f 5864 3925 5865
f 5865 3925 3923
f 5865 3923 5866
f 5866 3923 3921
f 5866 3921 5867
f 5867 3921 3919
f 5867 3919 5868
f 5868 3919 3917
f 5868 3917 5794
f 5791 3907 5869
f 5869 3907 3905
f 5869 3905 5870
f 5870 3905 3903
f 5870 3903 5871
f 5871 3903 3901
f 5871 3901 5749
f 5749 3901 3899
f 5818 3855 5872
f 5872 3855 3882
f 5872 3882 5873
f 5873 3882 3880
f 5873 3880 5874
f 5874 3880 3878
f 5874 3878 5875
f 5875 3878 3876
f 5875 3876 5690
f 5690 3876 3874
f 3872 3870 5682
f 5683 3870 5876
f 5876 3870 3868
f 5876 3868 5877
f 5877 3868 3866
f 5877 3866 3864
f 5877 3864 5878
f 5878 3864 3862
f 5878 3862 5879
f 5879 3862 3860
f 5879 3860 5755
f 5755 3860 3858
f 5755 3858 3856
f 5746 5863 3288
f 3288 5863 5880
f 3288 5880 3290
f 3290 5880 5881
f 3290 5881 3292
f 3292 5881 5882
f 3292 5882 3294
f 3294 5882 5883
f 3294 5883 3296
f 3296 5883 3298
f 3298 5883 5884
f 3298 5884 3300
f 3300 5884 5738
f 5694 5885 5690
f 5690 5885 5875
f 5675 5848 5658
f 5832 3599 5655
f 5655 3599 3601
f 5655 3601 3603
f 5886 5887 5831
f 5831 5887 5888
f 5831 5888 5830
f 5889 5890 5886
f 5886 5890 5887
f 5635 5631 5630
f 3572 5853 3570
f 3570 5853 5842
f 3565 3567 5326
f 3536 3544 3538
f 3538 3544 3542
f 3538 3542 3540
f 3536 3570 5273
f 3590 5891 5624
f 5624 5891 5892
f 5624 5892 5823
f 3486 3533 5748
f 5748 3533 5893
f 5893 3533 3531
f 5893 3531 5894
f 5894 3531 3529
f 5894 3529 5895
f 5895 3529 3527
f 5895 3527 5896
f 5896 3527 5897
f 5897 3527 3525
f 5897 3525 5898
f 5898 3525 3523
f 5898 3523 5899
f 5899 3523 3521
f 5899 3521 5900
f 5900 3521 3519
f 5900 3519 5901
f 5901 3519 3517
f 5901 3517 5902
f 5902 3517 3515
f 5902 3515 5903
f 5903 3515 3513
f 5903 3513 5774
f 5774 3513 3511
f 3288 3286 5746
f 5904 5792 5905
f 5905 5792 5787
f 5906 5819 5907
f 5907 5819 5816
f 5907 5816 5908
f 5908 5816 5814
f 5908 5814 5909
f 5909 5814 5812
f 5909 5812 5910
f 5910 5812 5810
f 5910 5810 5911
f 5911 5810 5723
f 5911 5723 5912
f 5912 5723 5722
f 5912 5722 5913
f 5913 5722 5727
f 5913 5727 5914
f 5914 5727 5726
f 5914 5726 5915
f 5915 5726 5725
f 5915 5725 5916
f 5916 5725 5808
f 5916 5808 5917
f 5917 5808 5807
f 5917 5807 5918
f 5918 5807 5806
f 5918 5806 5919
f 5919 5806 5805
f 5919 5805 5920
f 5920 5805 5804
f 5920 5804 5921
f 5921 5804 5802
f 5921 5802 5922
f 5922 5802 5800
f 5922 5800 5923
f 5923 5800 5798
f 5923 5798 5924
f 5924 5798 5795
f 5924 5795 5904
f 5904 5795 5792
f 5925 5752 5906
f 5906 5752 5819
f 5926 5927 5928
f 5928 5927 5929
f 5928 5929 5930
f 5930 5929 5931
f 5930 5931 5932
f 5932 5931 5933
f 5932 5933 5934
f 5934 5933 5935
f 5934 5935 5936
f 5936 5935 5937
f 5936 5937 5938
f 5938 5937 5939
f 5938 5939 5940
f 5940 5939 5941
f 5940 5941 5942
f 5942 5941 5943
f 5942 5943 5944
f 5944 5943 5945
f 5944 5945 5946
f 5946 5945 5947
f 5946 5947 5948
f 5948 5947 5949
f 5948 5949 5950
f 5950 5949 5951
f 5950 5951 5952
f 5952 5951 5953
f 5952 5953 5954
f 5954 5953 5955
f 5954 5955 5956
f 5956 5955 5957
f 5956 5957 5958
f 5958 5957 5959
f 5958 5959 5960
f 5960 5959 5961
f 5960 5961 5962
f 5962 5961 5963
f 5962 5963 5964
f 5964 5963 5965
f 5964 5965 5966
f 5966 5965 5967
f 5968 5969 5926
f 5926 5969 5927
f 5970 5971 5972
f 5972 5971 5973
f 5972 5973 5974
f 5974 5973 5975
f 5974 5975 5976
f 5976 5975 5977
f 5976 5977 5978
f 5978 5977 5979
f 5978 5979 5980
f 5980 5979 5981
f 5980 5981 5982
f 5982 5981 5983
f 5982 5983 5984
f 5984 5983 5985
f 5984 5985 5986
f 5986 5985 5987
f 5986 5987 5988
f 5988 5987 5989
f 5988 5989 5990
f 5990 5989 5991
f 5990 5991 5992
f 5992 5991 5993
f 5992 5993 5994
f 5994 5993 5995
f 5994 5995 5996
f 5996 5995 5997
f 5996 5997 5998
f 5998 5997 5999
f 5998 5999 6000
f 6000 5999 6001
f 6000 6001 6002
f 6002 6001 6003
f 6002 6003 6004
f 6004 6003 6005
f 6004 6005 6006
f 6006 6005 6007
f 6006 6007 6008
f 6008 6007 6009
f 6008 6009 5968
f 5968 6009 5969
f 5966 5967 5970
f 5970 5967 5971
f 5968 5926 5925
f 5925 5926 5928
f 5925 5928 6010
f 6010 5928 5930
f 6010 5930 6011
f 6011 5930 5932
f 6011 5932 6012
f 6012 5932 5934
f 6012 5934 6013
f 6013 5934 5936
f 6013 5936 6014
f 6014 5936 5938
f 6014 5938 6015
f 6015 5938 5940
f 6015 5940 6016
f 6016 5940 5942
f 6016 5942 6017
f 6017 5942 5944
f 6017 5944 6018
f 6018 5944 5946
f 6018 5946 6019
f 6019 5946 5948
f 6019 5948 6020
f 6020 5948 5950
f 6020 5950 6021
f 6021 5950 5952
f 6021 5952 6022
f 6022 5952 5954
f 6022 5954 6023
f 6023 5954 5956
f 6023 5956 6024
f 6024 5956 5958
f 6024 5958 6025
f 6025 5958 5960
f 6025 5960 6026
f 6026 5960 5962
f 6026 5962 6027
f 6027 5962 5964
f 6027 5964 5905
f 5905 5964 5966
f 5905 5966 5904
f 5904 5966 5970
f 5904 5970 5972
f 5904 5972 5924
f 5924 5972 5974
f 5924 5974 5923
f 5923 5974 5976
f 5923 5976 5922
f 5922 5976 5978
f 5922 5978 5921
f 5921 5978 5980
f 5921 5980 5920
f 5920 5980 5982
f 5920 5982 5919
f 5919 5982 5984
f 5919 5984 5918
f 5918 5984 5986
f 5918 5986 5917
f 5917 5986 5988
f 5917 5988 5916
f 5916 5988 5990
f 5916 5990 5915
f 5915 5990 5992
f 5915 5992 5914
f 5914 5992 5994
f 5914 5994 5913
f 5913 5994 5996
f 5913 5996 5912
f 5912 5996 5998
f 5912 5998 5911
f 5911 5998 6000
f 5911 6000 5910
f 5910 6000 6002
f 5910 6002 5909
f 5909 6002 6004
f 5909 6004 5908
f 5908 6004 6006
f 5908 6006 5907
f 5907 6006 6008
f 5907 6008 5906
f 5906 6008 5968
f 5906 5968 5925
f 5752 5925 5750
f 5750 5925 6010
f 5750 6010 5757
f 5757 6010 6011
f 5757 6011 5759
f 5759 6011 6012
f 5759 6012 5761
f 5761 6012 6013
f 5761 6013 5763
f 5763 6013 6014
f 5763 6014 5765
f 5765 6014 6015
f 5765 6015 5767
f 5767 6015 6016
f 5767 6016 5768
f 5768 6016 6017
f 5768 6017 5769
f 5769 6017 6018
f 5769 6018 5770
f 5770 6018 6019
f 5770 6019 5771
f 5771 6019 6020
f 5771 6020 5772
f 5772 6020 6021
f 5772 6021 5775
f 5775 6021 6022
f 5775 6022 5777
f 5777 6022 6023
f 5777 6023 5779
f 5779 6023 6024
f 5779 6024 5781
f 5781 6024 6025
f 5781 6025 5783
f 5783 6025 6026
f 5783 6026 5785
f 5785 6026 6027
f 5785 6027 5787
f 5787 6027 5905
f 6028 6029 6030
f 6030 6029 6031
f 6030 6031 6032
f 6032 6031 6033
f 6032 6033 6034
f 6032 6034 6035
f 6035 6034 6036
f 6035 6036 6037
f 6037 6036 6038
f 6037 6038 6039
f 6039 6038 6040
f 6039 6040 6041
f 6039 6041 6042
f 6042 6041 6043
f 6042 6043 6044
f 6044 6043 6045
f 6044 6045 6046
f 6046 6045 6047
f 6046 6047 6048
f 6046 6048 6049
f 6049 6048 6050
f 6049 6050 6051
f 6051 6050 6052
f 6051 6052 6053
f 6051 6053 6054
f 6054 6053 6055
f 6054 6055 6056
f 6054 6056 6057
f 6057 6056 6058
f 6057 6058 6059
f 6059 6058 6060
f 6059 6060 6061
f 6061 6060 6062
f 6061 6062 6063
f 6061 6063 6064
f 6064 6063 6065
f 6064 6065 6066
f 6066 6065 6067
f 6066 6067 6068
f 6068 6067 6069
f 6068 6069 6070
f 6068 6070 6071
f 6071 6070 6028
f 6071 6028 6030
f 6072 6073 6074
f 6074 6073 6075
f 6074 6075 6076
f 6076 6075 6077
f 6076 6077 6078
f 6076 6078 6079
f 6079 6078 6080
f 6079 6080 6081
f 6081 6080 6082
f 6081 6082 6083
f 6083 6082 6084
f 6083 6084 6085
f 6083 6085 6086
f 6086 6085 6087
f 6086 6087 6088
f 6088 6087 6089
f 6088 6089 6090
f 6090 6089 6091
f 6090 6091 6092
f 6090 6092 6093
f 6093 6092 6094
f 6093 6094 6095
f 6095 6094 6096
f 6095 6096 6097
f 6095 6097 6098
f 6098 6097 6099
f 6098 6099 6100
f 6098 6100 6101
f 6101 6100 6102
f 6101 6102 6103
f 6103 6102 6104
f 6103 6104 6105
f 6105 6104 6106
f 6105 6106 6107
f 6105 6107 6108
f 6108 6107 6109
f 6108 6109 6110
f 6110 6109 6111
f 6110 6111 6112
f 6112 6111 6113
f 6112 6113 6114
f 6112 6114 6115
f 6115 6114 6072
f 6115 6072 6074
f 6116 6117 6118
f 6118 6117 6119
f 6118 6119 6120
f 6120 6119 6121
f 6120 6121 6122
f 6120 6122 6123
f 6123 6122 6124
f 6123 6124 6125
f 6125 6124 6126
f 6125 6126 6127
f 6127 6126 6128
f 6127 6128 6129
f 6127 6129 6130
f 6130 6129 6131
f 6130 6131 6132
f 6132 6131 6133
f 6132 6133 6134
f 6134 6133 6135
f 6134 6135 6136
f 6134 6136 6137
f 6137 6136 6138
f 6137 6138 6139
f 6139 6138 6140
f 6139 6140 6141
f 6139 6141 6142
f 6142 6141 6143
f 6142 6143 6144
f 6142 6144 6145
f 6145 6144 6146
f 6145 6146 6147
f 6147 6146 6148
f 6147 6148 6149
f 6149 6148 6150
f 6149 6150 6151
f 6149 6151 6152
f 6152 6151 6153
f 6152 6153 6154
f 6154 6153 6155
f 6154 6155 6156
f 6156 6155 6157
f 6156 6157 6158
f 6156 6158 6159
f 6159 6158 6116
f 6159 6116 6118
f 6160 6161 6162
f 6162 6161 6163
f 6162 6163 6164
f 6164 6163 6165
f 6164 6165 6166
f 6164 6166 6167
f 6167 6166 6168
f 6167 6168 6169
f 6169 6168 6170
f 6169 6170 6171
f 6171 6170 6172
f 6171 6172 6173
f 6171 6173 6174
f 6174 6173 6175
f 6174 6175 6176
f 6176 6175 6177
f 6176 6177 6178
f 6178 6177 6179
f 6178 6179 6180
f 6178 6180 6181
f 6181 6180 6182
f 6181 6182 6183
f 6183 6182 6184
f 6183 6184 6185
f 6183 6185 6186
f 6186 6185 6187
f 6186 6187 6188
f 6186 6188 6189
f 6189 6188 6190
f 6189 6190 6191
f 6191 6190 6192
f 6191 6192 6193
f 6193 6192 6194
f 6193 6194 6195
f 6193 6195 6196
f 6196 6195 6197
f 6196 6197 6198
f 6198 6197 6199
f 6198 6199 6200
f 6200 6199 6201
f 6200 6201 6202
f 6200 6202 6203
f 6203 6202 6160
f 6203 6160 6162
f 5029 5028 3424
f 3424 5028 5027
f 3424 5027 3426
f 3426 5027 5077
f 3426 5077 3428
f 3428 5077 5076
f 3428 5076 5075
f 3428 5075 3430
f 3430 5075 5074
f 3430 5074 5073
f 3430 5073 3432
f 3432 5073 5072
f 3432 5072 3434
f 3434 5072 5071
f 3434 5071 5070
f 3434 5070 3436
f 3436 5070 5069
f 3436 5069 3438
f 3438 5069 5068
f 3438 5068 5067
f 3438 5067 3440
f 3440 5067 5066
f 3440 5066 5065
f 3440 5065 3442
f 3442 5065 5064
f 3442 5064 3444
f 3444 5064 5063
f 3444 5063 5062
f 3444 5062 3446
f 3446 5062 5061
f 3446 5061 3448
f 3448 5061 5060
f 3448 5060 5059
f 3448 5059 3450
f 3450 5059 5058
f 3450 5058 5057
f 3450 5057 3452
f 3452 5057 5056
f 3452 5056 3454
f 3454 5056 5055
f 3454 5055 5054
f 3454 5054 3456
f 3456 5054 5053
f 3456 5053 3458
f 3458 5053 5052
f 3458 5052 5051
f 3458 5051 3460
f 3460 5051 5050
f 3460 5050 3462
f 3462 5050 5049
f 3462 5049 5048
f 3462 5048 3464
f 3464 5048 5047
f 3464 5047 5046
f 3464 5046 3466
f 3466 5046 5045
f 3466 5045 3468
f 3468 5045 5044
f 3468 5044 5043
f 3468 5043 3470
f 3470 5043 5042
f 3470 5042 3472
f 3472 5042 5041
f 3472 5041 5040
f 3472 5040 3474
f 3474 5040 5039
f 3474 5039 5038
f 3474 5038 3476
f 3476 5038 5037
f 3476 5037 3478
f 3478 5037 5036
f 3478 5036 5035
f 3478 5035 3480
f 3480 5035 5034
f 3480 5034 3482
f 3482 5034 5033
f 3482 5033 5032
f 3482 5032 3484
f 3484 5032 5031
f 3484 5031 5030
f 3484 5030 3423
f 3423 5030 5029
f 3423 5029 3424
f 4987 4986 5010
f 5010 4986 4985
f 5010 4985 5009
f 5009 4985 5008
f 5009 5008 5026
f 5026 5008 5007
f 5026 5007 5025
f 5025 5007 5006
f 5025 5006 5005
f 5025 5005 5024
f 5024 5005 5004
f 5024 5004 5023
f 5023 5004 5003
f 5023 5003 5022
f 5022 5003 5002
f 5022 5002 5001
f 5022 5001 5021
f 5021 5001 5000
f 5021 5000 5020
f 5020 5000 4999
f 5020 4999 5019
f 5019 4999 4998
f 5019 4998 4997
f 5019 4997 5018
f 5018 4997 4996
f 5018 4996 5017
f 5017 4996 4995
f 5017 4995 5016
f 5016 4995 4994
f 5016 4994 4993
f 5016 4993 5015
f 5015 4993 4992
f 5015 4992 5014
f 5014 4992 4991
f 5014 4991 5013
f 5013 4991 4990
f 5013 4990 4989
f 5013 4989 5012
f 5012 4989 4988
f 5012 4988 5011
f 5011 4988 4987
f 5011 4987 5010
f 4434 4432 4968
f 4968 4432 4430
f 4968 4430 4967
f 4967 4430 4476
f 4967 4476 4984
f 4984 4476 4474
f 4984 4474 4983
f 4983 4474 4472
f 4983 4472 4470
f 4983 4470 4982
f 4982 4470 4468
f 4982 4468 4981
f 4981 4468 4466
f 4981 4466 4980
f 4980 4466 4464
f 4980 4464 4462
f 4980 4462 4979
f 4979 4462 4460
f 4979 4460 4978
f 4978 4460 4458
f 4978 4458 4977
f 4977 4458 4456
f 4977 4456 4454
f 4977 4454 4976
f 4976 4454 4452
f 4976 4452 4975
f 4975 4452 4450
f 4975 4450 4974
f 4974 4450 4448
f 4974 4448 4446
f 4974 4446 4973
f 4973 4446 4444
f 4973 4444 4972
f 4972 4444 4442
f 4972 4442 4971
f 4971 4442 4440
f 4971 4440 4438
f 4971 4438 4970
f 4970 4438 4436
f 4970 4436 4969
f 4969 4436 4434
f 4969 4434 4968
f 6204 4204 6205
f 6205 4204 4202
f 6205 4202 6206
f 6206 4202 6207
f 6206 6207 6208
f 6209 4208 6204
f 6204 4208 4206
f 6204 4206 4204
f 6210 4214 6209
f 6209 4214 4212
f 6209 4212 4210
f 6211 3708 6210
f 6210 3708 4185
f 6210 4185 4216
f 6212 3704 6211
f 6211 3704 3706
f 6211 3706 3708
f 6213 3072 6212
f 6212 3072 3070
f 6212 3070 3700
f 3700 3070 3068
f 3700 3068 6214
f 6214 3068 3066
f 6214 3066 3064
f 6215 3078 6213
f 6213 3078 3076
f 6213 3076 3074
f 6216 3055 6215
f 6215 3055 3082
f 6215 3082 3080
f 6217 6218 6216
f 6216 6218 6219
f 6216 6219 3056
f 3056 6219 3058
f 3058 6219 6220
f 3058 6220 3060
f 3060 6220 3062
f 3062 6220 6214
f 3062 6214 3064
f 6218 6217 6221
f 6221 6217 6222
f 6221 6222 6223
f 6223 6222 6224
f 6223 6224 3115
f 3115 6224 3117
f 3117 6224 3119
f 3119 6224 6225
f 3119 6225 3121
f 3121 6225 3123
f 3123 6225 3125
f 3125 6225 6226
f 3125 6226 3098
f 3098 6226 3099
f 3099 6226 6227
f 3099 6227 3101
f 3101 6227 3103
f 3103 6227 6228
f 3103 6228 3105
f 3105 6228 3107
f 3107 6228 6229
f 3107 6229 3109
f 3109 6229 3111
f 3111 6229 3113
f 3113 6229 6223
f 3113 6223 3115
f 6227 6226 6230
f 6230 6226 6231
f 6230 6231 6232
f 6232 6231 3748
f 6232 3748 6233
f 6233 3748 3750
f 6233 3750 6234
f 6234 3750 3752
f 6234 3752 6235
f 6235 3752 3754
f 6235 3754 6236
f 6236 3754 3756
f 6236 3756 6237
f 6237 3756 3828
f 6237 3828 3830
f 3748 6231 3746
f 3746 6231 6238
f 3746 6238 3744
f 3744 6238 3742
f 3742 6238 6239
f 3742 6239 3740
f 3740 6239 3738
f 3738 6239 3736
f 3756 3758 3828
f 3828 3758 3826
f 3826 3758 3759
f 3826 3759 4280
f 4280 3759 4282
f 4282 3759 3761
f 4282 3761 4284
f 4284 3761 4286
f 4286 3761 3763
f 4286 3763 4288
f 4288 3763 3765
f 4288 3765 4290
f 4290 3765 4292
f 4292 3765 3767
f 4292 3767 4265
f 4265 3767 3769
f 4265 3769 4266
f 4266 3769 3771
f 4266 3771 3812
f 3812 3771 6240
f 3812 6240 6241
f 6241 6240 6242
f 6242 6240 6243
f 6243 6240 4295
f 6243 4295 6244
f 6244 4295 4294
f 6244 4294 6245
f 6245 4294 6246
f 6246 4294 4325
f 6246 4325 4323
f 3771 3773 6240
f 6240 3773 3775
f 6240 3775 6247
f 6247 3775 6248
f 6248 3775 3727
f 6248 3727 6249
f 6249 3727 6250
f 6250 3727 6251
f 6251 3727 3729
f 4295 6240 6252
f 6252 6240 6253
f 6252 6253 6254
f 6254 6253 4401
f 6254 4401 6255
f 6255 4401 4400
f 6255 4400 6256
f 6256 4400 4427
f 6256 4427 6257
f 6257 4427 4425
f 6257 4425 6258
f 6258 4425 4423
f 6258 4423 6259
f 6259 4423 4421
f 6259 4421 4419
f 6260 6261 6253
f 6253 6261 3346
f 6253 3346 3344
f 6261 6262 3346
f 3346 6262 6263
f 3346 6263 6264
f 3346 6264 3348
f 3348 6264 6265
f 3348 6265 3350
f 3350 6265 6266
f 3350 6266 3352
f 3352 6266 3354
f 3354 6266 6267
f 3354 6267 3356
f 3356 6267 3358
f 3358 6267 6268
f 3358 6268 6269
f 6269 6268 6270
f 6270 6268 6271
f 6271 6268 6272
f 6271 6272 6273
f 6273 6272 6274
f 6273 6274 6275
f 6273 6275 6276
f 6276 6275 6277
f 6276 6277 6278
f 6278 6277 6279
f 6279 6277 6280
f 6279 6280 6281
f 6282 6283 6277
f 6277 6283 6284
f 6277 6284 6285
f 6286 6287 6282
f 6282 6287 6288
f 6282 6288 6289
f 6287 6286 6290
f 6290 6286 6291
f 6290 6291 6292
f 6290 6292 6293
f 6293 6292 6294
f 6293 6294 6295
f 6295 6294 6296
f 6296 6294 3373
f 6296 3373 3372
f 3373 6294 3375
f 3375 6294 6297
f 3375 6297 3377
f 3377 6297 3379
f 3379 6297 6298
f 3379 6298 3381
f 3381 6298 3383
f 3383 6298 6299
f 3383 6299 6300
f 3383 6300 3385
f 3385 6300 6301
f 3385 6301 3387
f 3387 6301 6302
f 3387 6302 6303
f 6304 6305 6303
f 6303 6305 3387
f 6306 4372 6305
f 6305 4372 6307
f 6305 6307 6308
f 6309 4508 6306
f 6306 4508 4506
f 6306 4506 4504
f 4508 6309 4510
f 4510 6309 6310
f 4510 6310 3694
f 3694 6310 6311
f 3694 6311 3692
f 3692 6311 6312
f 3692 6312 3690
f 3690 6312 6313
f 3690 6313 6314
f 6314 6315 3690
f 3690 6315 3688
f 3688 6315 6316
f 3688 6316 6317
f 3688 6317 3686
f 3686 6317 6318
f 3686 6318 6319
f 3686 6319 3684
f 3684 6319 6320
f 3684 6320 4171
f 4171 6320 6321
f 4171 6321 4173
f 4173 6321 6322
f 4173 6322 4202
f 4202 6322 6207
f 3056 3055 6216
f 3080 3078 6215
f 3074 3072 6213
f 5217 3832 5215
f 5215 3832 3811
f 5215 3811 3809
f 5270 6323 5217
f 5217 6323 6324
f 5217 6324 3832
f 3832 6324 6325
f 3832 6325 3830
f 3830 6325 6326
f 3830 6326 6237
f 6323 5270 6327
f 6327 5270 5268
f 6327 5268 6328
f 6328 5268 5266
f 6328 5266 6329
f 6329 5266 5264
f 6329 5264 6330
f 6330 5264 5262
f 6330 5262 6331
f 6331 5262 5260
f 6331 5260 6332
f 6332 5260 5258
f 6332 5258 6333
f 6333 5258 5256
f 6333 5256 5254
f 6333 5254 6334
f 6334 5254 5252
f 6334 5252 3726
f 3726 5252 5250
f 3726 5250 3724
f 3724 5250 5248
f 3724 5248 3722
f 3722 5248 5246
f 3722 5246 3720
f 3720 5246 6335
f 3720 6335 3718
f 3718 6335 6336
f 3718 6336 3716
f 3716 6336 3714
f 3714 6336 6337
f 3714 6337 6338
f 5244 6339 5246
f 5246 6339 6340
f 5246 6340 6341
f 6339 5244 6342
f 6342 5244 5242
f 6342 5242 6343
f 6343 5242 5240
f 6343 5240 5238
f 5236 6344 5238
f 5238 6344 6345
f 5238 6345 4478
f 4478 6345 6346
f 4478 6346 4480
f 4480 6346 6347
f 4480 6347 4482
f 4482 6347 6348
f 4482 6348 4484
f 4484 6348 6349
f 4484 6349 4486
f 4486 6349 6350
f 4486 6350 4488
f 4488 6350 6351
f 4488 6351 4490
f 4490 6351 6352
f 4490 6352 4492
f 4492 6352 6353
f 4492 6353 4494
f 4494 6353 6354
f 4494 6354 4496
f 4496 6354 6355
f 4496 6355 4498
f 4498 6355 6356
f 4498 6356 4500
f 4500 6356 6357
f 4500 6357 4374
f 4374 6357 6358
f 4374 6358 6359
f 5234 5393 5236
f 5236 5393 5395
f 5236 5395 6344
f 6344 5395 5397
f 6344 5397 6360
f 6360 5397 5399
f 6360 5399 6361
f 6361 5399 5401
f 6361 5401 6362
f 6362 5401 5403
f 6362 5403 6363
f 6363 5403 5405
f 6363 5405 6364
f 6364 5405 5407
f 6364 5407 6365
f 6365 5407 6366
f 6366 5407 5409
f 6366 5409 4360
f 4360 5409 6367
f 4360 6367 6368
f 6368 6367 6369
f 6368 6369 6370
f 6370 6369 6371
f 6371 6369 6372
f 6371 6372 6373
f 6373 6372 6374
f 6373 6374 6375
f 6375 6374 6376
f 6375 6376 6377
f 6377 6376 6378
f 6377 6378 6289
f 6289 6378 6379
f 6289 6379 6282
f 6282 6379 6380
f 6282 6380 6381
f 5234 5232 5393
f 5393 5232 5391
f 5391 5232 5230
f 5391 5230 5389
f 5389 5230 5228
f 5389 5228 5387
f 5387 5228 5226
f 5387 5226 5385
f 5385 5226 5224
f 5385 5224 6382
f 6382 5224 6383
f 6383 5224 5222
f 6383 5222 3783
f 3783 5222 3781
f 3781 5222 5220
f 3781 5220 5213
f 3781 5213 3779
f 3779 5213 5215
f 3779 5215 3777
f 3777 5215 3801
f 3801 5215 3803
f 3803 5215 3805
f 3805 5215 3807
f 3807 5215 3809
f 5373 6384 5371
f 5371 6384 4415
f 5371 4415 6385
f 6385 4415 4413
f 6385 4413 6386
f 6386 4413 6387
f 6387 4413 6388
f 6388 4413 4411
f 6388 4411 6389
f 6389 4411 4409
f 6389 4409 6390
f 6390 4409 4407
f 6390 4407 4405
f 5375 6391 5373
f 5373 6391 6392
f 5373 6392 6384
f 6391 5375 6393
f 6393 5375 5377
f 6393 5377 6394
f 6394 5377 5379
f 6394 5379 6395
f 6395 5379 5381
f 6395 5381 6396
f 6396 5381 5383
f 6396 5383 6382
f 6382 5383 5385
f 6381 6397 6282
f 6282 6397 6283
f 6285 6280 6277
f 6279 6281 6398
f 6398 6281 6399
f 6398 6399 6400
f 6400 6399 6401
f 6400 6401 6402
f 6402 6401 6403
f 6402 6403 6404
f 6404 6403 6405
f 6404 6405 6406
f 6406 6405 6386
f 6386 6405 6385
f 5238 4478 6407
f 6407 4478 4477
f 6407 4477 6408
f 6408 4477 6409
f 6409 4477 4524
f 6409 4524 6410
f 6410 4524 4522
f 6410 4522 6411
f 6411 4522 4520
f 6411 4520 6412
f 6412 4520 4518
f 6412 4518 6413
f 6413 4518 4516
f 6413 4516 6414
f 6414 4516 3698
f 3698 4516 4514
f 3698 4514 3696
f 3696 4514 4512
f 3696 4512 3694
f 3694 4512 4510
f 4504 4502 6306
f 6306 4502 4372
f 4372 4502 4374
f 4374 4502 4500
f 6259 4419 6415
f 6415 4419 4417
f 6415 4417 6416
f 6416 4417 4415
f 6416 4415 6384
f 4403 6417 4405
f 4405 6417 6418
f 4405 6418 6390
f 6417 4403 6419
f 6419 4403 4401
f 6419 4401 6420
f 6420 4401 6253
f 6420 6253 6421
f 6421 6253 6422
f 6422 6253 3343
f 6422 3343 6423
f 6423 3343 3370
f 6423 3370 6424
f 6424 3370 3368
f 6424 3368 6425
f 6425 3368 3366
f 6425 3366 6426
f 6426 3366 3364
f 6426 3364 3362
f 4357 6427 4358
f 4358 6427 6366
f 4358 6366 4360
f 6427 4357 6428
f 6428 4357 4384
f 6428 4384 6429
f 6429 4384 4382
f 6429 4382 6430
f 6430 4382 4380
f 6430 4380 6431
f 6431 4380 4378
f 6431 4378 4376
f 6431 4376 6359
f 6359 4376 4374
f 4370 6432 4372
f 4372 6432 6433
f 4372 6433 6307
f 6432 4370 6434
f 6434 4370 4368
f 6434 4368 6435
f 6435 4368 4366
f 6435 4366 6436
f 6436 4366 4364
f 6436 4364 6437
f 6437 4364 4362
f 6437 4362 6438
f 6438 4362 4360
f 6438 4360 6368
f 6246 4323 3799
f 3799 4323 4321
f 3799 4321 3797
f 3797 4321 4319
f 3797 4319 3795
f 3795 4319 4317
f 3795 4317 3793
f 3793 4317 4315
f 3793 4315 3791
f 3791 4315 4313
f 3791 4313 3789
f 3789 4313 3787
f 3787 4313 6439
f 3787 6439 6440
f 4313 4311 6439
f 6439 4311 6441
f 6441 4311 4309
f 6441 4309 6442
f 6442 4309 4307
f 6442 4307 4305
f 6442 4305 6443
f 6443 4305 4303
f 6443 4303 6444
f 6444 4303 4301
f 6444 4301 6445
f 6445 4301 4299
f 6445 4299 6446
f 6446 4299 4297
f 6446 4297 6447
f 6447 4297 4295
f 6447 4295 6252
f 3826 4280 3824
f 3824 4280 4278
f 3824 4278 3822
f 3822 4278 4276
f 3822 4276 3820
f 3820 4276 4274
f 3820 4274 3818
f 3818 4274 4272
f 3818 4272 3816
f 3816 4272 4270
f 3816 4270 3814
f 3814 4270 4268
f 3814 4268 3812
f 3812 4268 4266
f 4185 3708 4186
f 4186 3708 3710
f 4186 3710 4188
f 4188 3710 3712
f 4188 3712 4157
f 4157 3712 6338
f 4157 6338 6448
f 4216 4214 6210
f 4210 4208 6209
f 4202 4200 4173
f 4173 4200 4175
f 4175 4200 4198
f 4175 4198 4177
f 4177 4198 4196
f 4177 4196 4179
f 4179 4196 4194
f 4179 4194 4181
f 4181 4194 4192
f 4181 4192 4183
f 4183 4192 4156
f 4156 4192 4190
f 4156 4190 4188
f 4157 4156 4188
f 3684 4171 6449
f 6449 4171 4169
f 6449 4169 6450
f 6450 4169 4167
f 6450 4167 6451
f 6451 4167 4165
f 6451 4165 6452
f 6452 4165 4163
f 6452 4163 4161
f 6452 4161 6453
f 6453 4161 4159
f 6453 4159 6448
f 6448 4159 4157
f 3358 6269 3360
f 3360 6269 6454
f 3360 6454 3362
f 3362 6454 6426
f 6308 6455 6305
f 6305 6455 3389
f 6305 3389 3387
f 6455 6456 3389
f 3389 6456 3391
f 3391 6456 6457
f 3391 6457 3393
f 3393 6457 6458
f 3393 6458 3395
f 3395 6458 3397
f 3397 6458 6459
f 3397 6459 3399
f 3399 6459 6460
f 3399 6460 3372
f 3372 6460 6296
f 3787 6440 3785
f 3785 6440 6461
f 3785 6461 3783
f 3783 6461 6383
f 3700 3702 6212
f 6212 3702 3704
f 3712 3714 6338
f 6407 6343 5238
f 6341 6462 5246
f 5246 6462 6463
f 5246 6463 6464
f 6464 6465 5246
f 5246 6465 6335
f 3344 3343 6253
f 6466 6367 5410
f 5410 6367 5409
f 6467 6385 6468
f 6468 6385 6405
f 6468 6405 6469
f 6469 6405 6403
f 6469 6403 6470
f 6470 6403 6401
f 6470 6401 6471
f 6471 6401 6399
f 6471 6399 6472
f 6472 6399 6281
f 6472 6281 6473
f 6473 6281 6280
f 6473 6280 6474
f 6474 6280 6285
f 6474 6285 6475
f 6475 6285 6284
f 6475 6284 6476
f 6476 6284 6283
f 6476 6283 6477
f 6477 6283 6397
f 6477 6397 6478
f 6478 6397 6381
f 6478 6381 6479
f 6479 6381 6380
f 6479 6380 6480
f 6480 6380 6379
f 6480 6379 6481
f 6481 6379 6378
f 6481 6378 6482
f 6482 6378 6376
f 6482 6376 6483
f 6483 6376 6374
f 6483 6374 6484
f 6484 6374 6372
f 6484 6372 6485
f 6485 6372 6369
f 6485 6369 6466
f 6466 6369 6367
f 5372 5371 6467
f 6467 5371 6385
f 6486 6487 6488
f 6488 6487 6489
f 6490 6491 6492
f 6492 6491 6493
f 6492 6493 6494
f 6494 6493 6495
f 6494 6495 6496
f 6496 6495 6497
f 6496 6497 6498
f 6498 6497 6499
f 6498 6499 6500
f 6500 6499 6501
f 6500 6501 6502
f 6502 6501 6503
f 6502 6503 6504
f 6504 6503 6505
f 6504 6505 6506
f 6506 6505 6507
f 6506 6507 6508
f 6508 6507 6509
f 6508 6509 6510
f 6510 6509 6511
f 6510 6511 6512
f 6512 6511 6513
f 6512 6513 6514
f 6514 6513 6515
f 6514 6515 6516
f 6516 6515 6517
f 6516 6517 6518
f 6518 6517 6519
f 6518 6519 6520
f 6520 6519 6521
f 6520 6521 6522
f 6522 6521 6523
f 6522 6523 6524
f 6524 6523 6525
f 6524 6525 6526
f 6526 6525 6527
f 6526 6527 6528
f 6528 6527 6529
f 6528 6529 6486
f 6486 6529 6487
f 6530 6531 6490
f 6490 6531 6491
f 6486 6488 5372
f 5372 6488 6532
f 5372 6532 5374
f 5374 6532 6533
f 5374 6533 5376
f 5376 6533 6534
f 5376 6534 5378
f 5378 6534 6535
f 5378 6535 5380
f 5380 6535 6536
f 5380 6536 5382
f 5382 6536 6537
f 5382 6537 5384
f 5384 6537 6538
f 5384 6538 5386
f 5386 6538 6539
f 5386 6539 5388
f 5388 6539 6540
f 5388 6540 5390
f 5390 6540 6541
f 5390 6541 5392
f 5392 6541 6542
f 5392 6542 5394
f 5394 6542 6543
f 5394 6543 5396
f 5396 6543 6544
f 5396 6544 5398
f 5398 6544 6545
f 5398 6545 5400
f 5400 6545 6546
f 5400 6546 5402
f 5402 6546 6547
f 5402 6547 5404
f 5404 6547 6548
f 5404 6548 5406
f 5406 6548 6549
f 5406 6549 5408
f 5408 6549 6550
f 5408 6550 5410
f 5410 6550 6530
f 5410 6530 6466
f 6466 6530 6490
f 6466 6490 6492
f 6466 6492 6485
f 6485 6492 6494
f 6485 6494 6484
f 6484 6494 6496
f 6484 6496 6483
f 6483 6496 6498
f 6483 6498 6482
f 6482 6498 6500
f 6482 6500 6481
f 6481 6500 6502
f 6481 6502 6480
f 6480 6502 6504
f 6480 6504 6479
f 6479 6504 6506
f 6479 6506 6478
f 6478 6506 6508
f 6478 6508 6477
f 6477 6508 6510
f 6477 6510 6476
f 6476 6510 6512
f 6476 6512 6475
f 6475 6512 6514
f 6475 6514 6474
f 6474 6514 6516
f 6474 6516 6473
f 6473 6516 6518
f 6473 6518 6472
f 6472 6518 6520
f 6472 6520 6471
f 6471 6520 6522
f 6471 6522 6470
f 6470 6522 6524
f 6470 6524 6469
f 6469 6524 6526
f 6469 6526 6468
f 6468 6526 6528
f 6468 6528 6467
f 6467 6528 6486
f 6467 6486 5372
f 6551 6552 6553
f 6553 6552 6554
f 6553 6554 6555
f 6555 6554 6556
f 6555 6556 6557
f 6555 6557 6558
f 6558 6557 6559
f 6558 6559 6560
f 6560 6559 6561
f 6560 6561 6562
f 6562 6561 6563
f 6562 6563 6564
f 6562 6564 6565
f 6565 6564 6566
f 6565 6566 6567
f 6567 6566 6568
f 6567 6568 6569
f 6569 6568 6570
f 6569 6570 6571
f 6569 6571 6572
f 6572 6571 6573
f 6572 6573 6574
f 6574 6573 6575
f 6574 6575 6576
f 6574 6576 6577
f 6577 6576 6578
f 6577 6578 6579
f 6577 6579 6580
f 6580 6579 6581
f 6580 6581 6582
f 6582 6581 6583
f 6582 6583 6584
f 6584 6583 6585
f 6584 6585 6586
f 6584 6586 6587
f 6587 6586 6588
f 6587 6588 6589
f 6589 6588 6590
f 6589 6590 6591
f 6591 6590 6592
f 6591 6592 6593
f 6591 6593 6594
f 6594 6593 6551
f 6594 6551 6553
f 6595 6596 6597
f 6597 6596 6598
f 6597 6598 6599
f 6599 6598 6600
f 6599 6600 6601
f 6599 6601 6602
f 6602 6601 6603
f 6602 6603 6604
f 6604 6603 6605
f 6604 6605 6606
f 6606 6605 6607
f 6606 6607 6608
f 6606 6608 6609
f 6609 6608 6610
f 6609 6610 6611
f 6611 6610 6612
f 6611 6612 6613
f 6613 6612 6614
f 6613 6614 6615
f 6613 6615 6616
f 6616 6615 6617
f 6616 6617 6618
f 6618 6617 6619
f 6618 6619 6620
f 6618 6620 6621
f 6621 6620 6622
f 6621 6622 6623
f 6621 6623 6624
f 6624 6623 6625
f 6624 6625 6626
f 6626 6625 6627
f 6626 6627 6628
f 6628 6627 6629
f 6628 6629 6630
f 6628 6630 6631
f 6631 6630 6632
f 6631 6632 6633
f 6633 6632 6634
f 6633 6634 6635
f 6635 6634 6636
f 6635 6636 6637
f 6635 6637 6638
f 6638 6637 6595
f 6638 6595 6597
f 6639 6640 6641
f 6641 6640 6642
f 6641 6642 6643
f 6643 6642 6644
f 6643 6644 6645
f 6643 6645 6646
f 6646 6645 6647
f 6646 6647 6648
f 6648 6647 6649
f 6648 6649 6650
f 6650 6649 6651
f 6650 6651 6652
f 6650 6652 6653
f 6653 6652 6654
f 6653 6654 6655
f 6655 6654 6656
f 6655 6656 6657
f 6657 6656 6658
f 6657 6658 6659
f 6657 6659 6660
f 6660 6659 6661
f 6660 6661 6662
f 6662 6661 6663
f 6662 6663 6664
f 6662 6664 6665
f 6665 6664 6666
f 6665 6666 6667
f 6665 6667 6668
f 6668 6667 6669
f 6668 6669 6670
f 6670 6669 6671
f 6670 6671 6672
f 6672 6671 6673
f 6672 6673 6674
f 6672 6674 6675
f 6675 6674 6676
f 6675 6676 6677
f 6677 6676 6678
f 6677 6678 6679
f 6679 6678 6680
f 6679 6680 6681
f 6679 6681 6682
f 6682 6681 6639
f 6682 6639 6641
f 6683 6684 6685
f 6685 6684 6686
f 6685 6686 6687
f 6687 6686 6688
f 6687 6688 6689
f 6687 6689 6690
f 6690 6689 6691
f 6690 6691 6692
f 6692 6691 6693
f 6692 6693 6694
f 6694 6693 6695
f 6694 6695 6696
f 6694 6696 6697
f 6697 6696 6698
f 6697 6698 6699
f 6699 6698 6700
f 6699 6700 6701
f 6701 6700 6702
f 6701 6702 6703
f 6701 6703 6704
f 6704 6703 6705
f 6704 6705 6706
f 6706 6705 6707
f 6706 6707 6708
f 6706 6708 6709
f 6709 6708 6710
f 6709 6710 6711
f 6709 6711 6712
f 6712 6711 6713
f 6712 6713 6714
f 6714 6713 6715
f 6714 6715 6716
f 6716 6715 6717
f 6716 6717 6718
f 6716 6718 6719
f 6719 6718 6720
f 6719 6720 6721
f 6721 6720 6722
f 6721 6722 6723
f 6723 6722 6724
f 6723 6724 6725
f 6723 6725 6726
f 6726 6725 6683
f 6726 6683 6685
f 6203 6727 6200
f 6200 6727 6728
f 6200 6728 6198
f 6198 6728 6729
f 6198 6729 6196
f 6196 6729 6730
f 6196 6730 6193
f 6193 6730 6731
f 6193 6731 6191
f 6191 6731 6732
f 6191 6732 6189
f 6189 6732 6733
f 6189 6733 6186
f 6186 6733 6734
f 6186 6734 6183
f 6183 6734 6735
f 6183 6735 6181
f 6181 6735 6736
f 6181 6736 6178
f 6178 6736 6737
f 6178 6737 6176
f 6176 6737 6738
f 6176 6738 6174
f 6174 6738 6739
f 6174 6739 6171
f 6171 6739 6740
f 6171 6740 6169
f 6169 6740 6741
f 6169 6741 6167
f 6167 6741 6742
f 6167 6742 6164
f 6164 6742 6743
f 6164 6743 6162
f 6162 6743 6744
f 6744 6727 6162
f 6162 6727 6203
f 6159 6745 6156
f 6156 6745 6746
f 6156 6746 6154
f 6154 6746 6747
f 6154 6747 6152
f 6152 6747 6748
f 6152 6748 6149
f 6149 6748 6749
f 6149 6749 6147
f 6147 6749 6750
f 6147 6750 6145
f 6145 6750 6751
f 6145 6751 6142
f 6142 6751 6752
f 6142 6752 6139
f 6139 6752 6753
f 6139 6753 6137
f 6137 6753 6754
f 6137 6754 6134
f 6134 6754 6755
f 6134 6755 6132
f 6132 6755 6756
f 6132 6756 6130
f 6130 6756 6757
f 6130 6757 6127
f 6127 6757 6758
f 6127 6758 6125
f 6125 6758 6759
f 6125 6759 6123
f 6123 6759 6760
f 6123 6760 6120
f 6120 6760 6761
f 6120 6761 6118
f 6118 6761 6762
f 6118 6762 6159
f 6159 6762 6745
f 6115 6763 6112
f 6112 6763 6764
f 6112 6764 6110
f 6110 6764 6765
f 6110 6765 6108
f 6108 6765 6766
f 6108 6766 6105
f 6105 6766 6767
f 6105 6767 6103
f 6103 6767 6768
f 6103 6768 6101
f 6101 6768 6769
f 6101 6769 6098
f 6098 6769 6770
f 6098 6770 6095
f 6095 6770 6771
f 6771 6772 6095
f 6095 6772 6093
f 6093 6772 6090
f 6090 6772 6773
f 6090 6773 6088
f 6088 6773 6774
f 6088 6774 6086
f 6086 6774 6775
f 6086 6775 6083
f 6083 6775 6776
f 6083 6776 6081
f 6081 6776 6777
f 6081 6777 6079
f 6079 6777 6778
f 6079 6778 6076
f 6076 6778 6779
f 6076 6779 6074
f 6074 6779 6780
f 6780 6763 6074
f 6074 6763 6115
f 6071 6781 6068
f 6068 6781 6782
f 6068 6782 6066
f 6066 6782 6783
f 6066 6783 6064
f 6064 6783 6784
f 6064 6784 6061
f 6061 6784 6785
f 6061 6785 6059
f 6059 6785 6786
f 6059 6786 6057
f 6057 6786 6787
f 6057 6787 6054
f 6054 6787 6788
f 6054 6788 6051
f 6051 6788 6789
f 6789 6790 6051
f 6051 6790 6049
f 6049 6790 6046
f 6046 6790 6791
f 6046 6791 6044
f 6044 6791 6792
f 6044 6792 6042
f 6042 6792 6793
f 6042 6793 6039
f 6039 6793 6794
f 6039 6794 6037
f 6037 6794 6795
f 6037 6795 6035
f 6035 6795 6796
f 6035 6796 6032
f 6032 6796 6797
f 6032 6797 6030
f 6030 6797 6798
f 6798 6781 6030
f 6030 6781 6071
f 6799 6800 6050
f 6050 6800 6052
f 6801 6802 6028
f 6028 6802 6029
f 6052 6800 6053
f 6053 6800 6803
f 6053 6803 6055
f 6055 6803 6804
f 6055 6804 6056
f 6056 6804 6805
f 6056 6805 6058
f 6058 6805 6806
f 6058 6806 6060
f 6060 6806 6807
f 6060 6807 6062
f 6062 6807 6808
f 6062 6808 6063
f 6063 6808 6809
f 6063 6809 6065
f 6065 6809 6810
f 6065 6810 6067
f 6067 6810 6811
f 6067 6811 6069
f 6069 6811 6812
f 6069 6812 6070
f 6070 6812 6813
f 6070 6813 6028
f 6028 6813 6801
f 6029 6802 6031
f 6031 6802 6814
f 6031 6814 6033
f 6033 6814 6815
f 6033 6815 6034
f 6034 6815 6816
f 6034 6816 6036
f 6036 6816 6817
f 6036 6817 6038
f 6038 6817 6818
f 6038 6818 6040
f 6040 6818 6819
f 6040 6819 6041
f 6041 6819 6820
f 6041 6820 6043
f 6043 6820 6821
f 6043 6821 6045
f 6045 6821 6822
f 6045 6822 6047
f 6047 6822 6823
f 6047 6823 6048
f 6048 6823 6824
f 6048 6824 6050
f 6050 6824 6799
f 6094 6825 6096
f 6096 6825 6826
f 6072 6827 6073
f 6073 6827 6828
f 6096 6826 6097
f 6097 6826 6829
f 6097 6829 6099
f 6099 6829 6830
f 6099 6830 6100
f 6100 6830 6831
f 6100 6831 6102
f 6102 6831 6832
f 6102 6832 6104
f 6104 6832 6833
f 6104 6833 6106
f 6106 6833 6834
f 6106 6834 6107
f 6107 6834 6835
f 6107 6835 6109
f 6109 6835 6836
f 6109 6836 6111
f 6111 6836 6837
f 6111 6837 6113
f 6113 6837 6838
f 6113 6838 6114
f 6114 6838 6839
f 6114 6839 6072
f 6072 6839 6827
f 6073 6828 6075
f 6075 6828 6840
f 6075 6840 6077
f 6077 6840 6841
f 6077 6841 6078
f 6078 6841 6842
f 6078 6842 6080
f 6080 6842 6843
f 6080 6843 6082
f 6082 6843 6844
f 6082 6844 6084
f 6084 6844 6845
f 6084 6845 6085
f 6085 6845 6846
f 6085 6846 6087
f 6087 6846 6847
f 6087 6847 6089
f 6089 6847 6848
f 6089 6848 6091
f 6091 6848 6849
f 6091 6849 6092
f 6092 6849 6850
f 6092 6850 6094
f 6094 6850 6825
f 6138 6851 6140
f 6140 6851 6852
f 6116 6853 6117
f 6117 6853 6854
f 6140 6852 6141
f 6141 6852 6855
f 6141 6855 6143
f 6143 6855 6856
f 6143 6856 6144
f 6144 6856 6857
f 6144 6857 6146
f 6146 6857 6858
f 6146 6858 6148
f 6148 6858 6859
f 6148 6859 6150
f 6150 6859 6860
f 6150 6860 6151
f 6151 6860 6861
f 6151 6861 6153
f 6153 6861 6862
f 6153 6862 6155
f 6155 6862 6863
f 6155 6863 6157
f 6157 6863 6864
f 6157 6864 6158
f 6158 6864 6865
f 6158 6865 6116
f 6116 6865 6853
f 6117 6854 6119
f 6119 6854 6866
f 6119 6866 6121
f 6121 6866 6867
f 6121 6867 6122
f 6122 6867 6868
f 6122 6868 6124
f 6124 6868 6869
f 6124 6869 6126
f 6126 6869 6870
f 6126 6870 6128
f 6128 6870 6871
f 6128 6871 6129
f 6129 6871 6872
f 6129 6872 6131
f 6131 6872 6873
f 6131 6873 6133
f 6133 6873 6874
f 6133 6874 6135
f 6135 6874 6875
f 6135 6875 6136
f 6136 6875 6876
f 6136 6876 6138
f 6138 6876 6851
f 6182 6877 6184
f 6184 6877 6878
f 6160 6879 6161
f 6161 6879 6880
f 6184 6878 6185
f 6185 6878 6881
f 6185 6881 6187
f 6187 6881 6882
f 6187 6882 6188
f 6188 6882 6883
f 6188 6883 6190
f 6190 6883 6884
f 6190 6884 6192
f 6192 6884 6885
f 6192 6885 6194
f 6194 6885 6886
f 6194 6886 6195
f 6195 6886 6887
f 6195 6887 6197
f 6197 6887 6888
f 6197 6888 6199
f 6199 6888 6889
f 6199 6889 6201
f 6201 6889 6890
f 6201 6890 6202
f 6202 6890 6891
f 6202 6891 6160
f 6160 6891 6879
f 6161 6880 6163
f 6163 6880 6892
f 6163 6892 6165
f 6165 6892 6893
f 6165 6893 6166
f 6166 6893 6894
f 6166 6894 6168
f 6168 6894 6895
f 6168 6895 6170
f 6170 6895 6896
f 6170 6896 6172
f 6172 6896 6897
f 6172 6897 6173
f 6173 6897 6898
f 6173 6898 6175
f 6175 6898 6899
f 6175 6899 6177
f 6177 6899 6900
f 6177 6900 6179
f 6179 6900 6901
f 6179 6901 6180
f 6180 6901 6902
f 6180 6902 6182
f 6182 6902 6877
f 6488 6489 6532
f 6532 6489 6903
f 6532 6903 6533
f 6533 6903 6904
f 6533 6904 6534
f 6534 6904 6905
f 6534 6905 6535
f 6535 6905 6906
f 6535 6906 6536
f 6536 6906 6907
f 6536 6907 6537
f 6537 6907 6908
f 6537 6908 6538
f 6538 6908 6909
f 6538 6909 6539
f 6539 6909 6910
f 6539 6910 6540
f 6540 6910 6911
f 6540 6911 6541
f 6541 6911 6912
f 6541 6912 6542
f 6542 6912 6913
f 6542 6913 6543
f 6543 6913 6914
f 6543 6914 6544
f 6544 6914 6915
f 6544 6915 6545
f 6545 6915 6916
f 6545 6916 6546
f 6546 6916 6917
f 6546 6917 6547
f 6547 6917 6918
f 6547 6918 6548
f 6548 6918 6919
f 6548 6919 6549
f 6549 6919 6920
f 6549 6920 6550
f 6550 6920 6921
f 6550 6921 6530
f 6530 6921 6531
f 6704 6922 6701
f 6701 6922 6923
f 6701 6923 6699
f 6699 6923 6924
f 6699 6924 6697
f 6697 6924 6925
f 6697 6925 6694
f 6694 6925 6926
f 6694 6926 6692
f 6692 6926 6927
f 6692 6927 6690
f 6690 6927 6928
f 6690 6928 6687
f 6687 6928 6929
f 6687 6929 6685
f 6685 6929 6930
f 6930 6931 6685
f 6685 6931 6726
f 6726 6931 6723
f 6723 6931 6932
f 6723 6932 6721
f 6721 6932 6933
f 6721 6933 6719
f 6719 6933 6934
f 6719 6934 6716
f 6716 6934 6935
f 6716 6935 6714
f 6714 6935 6936
f 6714 6936 6712
f 6712 6936 6937
f 6712 6937 6709
f 6709 6937 6938
f 6709 6938 6706
f 6706 6938 6939
f 6939 6922 6706
f 6706 6922 6704
f 6660 6940 6657
f 6657 6940 6941
f 6657 6941 6655
f 6655 6941 6942
f 6655 6942 6653
f 6653 6942 6943
f 6653 6943 6650
f 6650 6943 6944
f 6650 6944 6648
f 6648 6944 6945
f 6648 6945 6646
f 6646 6945 6946
f 6646 6946 6643
f 6643 6946 6947
f 6643 6947 6641
f 6641 6947 6948
f 6641 6948 6682
f 6682 6948 6949
f 6682 6949 6679
f 6679 6949 6950
f 6679 6950 6677
f 6677 6950 6951
f 6677 6951 6675
f 6675 6951 6952
f 6675 6952 6672
f 6672 6952 6953
f 6672 6953 6670
f 6670 6953 6954
f 6670 6954 6668
f 6668 6954 6955
f 6668 6955 6665
f 6665 6955 6956
f 6665 6956 6662
f 6662 6956 6957
f 6662 6957 6660
f 6660 6957 6940
f 6616 6958 6613
f 6613 6958 6959
f 6613 6959 6611
f 6611 6959 6960
f 6611 6960 6609
f 6609 6960 6961
f 6609 6961 6606
f 6606 6961 6962
f 6606 6962 6604
f 6604 6962 6963
f 6604 6963 6602
f 6602 6963 6964
f 6602 6964 6599
f 6599 6964 6965
f 6599 6965 6597
f 6597 6965 6966
f 6966 6967 6597
f 6597 6967 6638
f 6638 6967 6635
f 6635 6967 6968
f 6635 6968 6633
f 6633 6968 6969
f 6633 6969 6631
f 6631 6969 6970
f 6631 6970 6628
f 6628 6970 6971
f 6628 6971 6626
f 6626 6971 6972
f 6626 6972 6624
f 6624 6972 6973
f 6624 6973 6621
f 6621 6973 6974
f 6621 6974 6618
f 6618 6974 6975
f 6975 6958 6618
f 6618 6958 6616
f 6572 6976 6569
f 6569 6976 6977
f 6569 6977 6567
f 6567 6977 6978
f 6567 6978 6565
f 6565 6978 6979
f 6565 6979 6562
f 6562 6979 6980
f 6562 6980 6560
f 6560 6980 6981
f 6560 6981 6558
f 6558 6981 6982
f 6558 6982 6555
f 6555 6982 6983
f 6555 6983 6553
f 6553 6983 6984
f 6984 6985 6553
f 6553 6985 6594
f 6594 6985 6591
f 6591 6985 6986
f 6591 6986 6589
f 6589 6986 6987
f 6589 6987 6587
f 6587 6987 6988
f 6587 6988 6584
f 6584 6988 6989
f 6584 6989 6582
f 6582 6989 6990
f 6582 6990 6580
f 6580 6990 6991
f 6580 6991 6577
f 6577 6991 6992
f 6577 6992 6574
f 6574 6992 6993
f 6993 6976 6574
f 6574 6976 6572
f 6994 6995 6573
f 6573 6995 6575
f 6996 6997 6551
f 6551 6997 6552
f 6575 6995 6576
f 6576 6995 6998
f 6576 6998 6578
f 6578 6998 6999
f 6578 6999 6579
f 6579 6999 7000
f 6579 7000 6581
f 6581 7000 7001
f 6581 7001 6583
f 6583 7001 7002
f 6583 7002 6585
f 6585 7002 7003
f 6585 7003 6586
f 6586 7003 7004
f 6586 7004 6588
f 6588 7004 7005
f 6588 7005 6590
f 6590 7005 7006
f 6590 7006 6592
f 6592 7006 7007
f 6592 7007 6593
f 6593 7007 7008
f 6593 7008 6551
f 6551 7008 6996
f 6552 6997 6554
f 6554 6997 7009
f 6554 7009 6556
f 6556 7009 7010
f 6556 7010 6557
f 6557 7010 7011
f 6557 7011 6559
f 6559 7011 7012
f 6559 7012 6561
f 6561 7012 7013
f 6561 7013 6563
f 6563 7013 7014
f 6563 7014 6564
f 6564 7014 7015
f 6564 7015 6566
f 6566 7015 7016
f 6566 7016 6568
f 6568 7016 7017
f 6568 7017 6570
f 6570 7017 7018
f 6570 7018 6571
f 6571 7018 7019
f 6571 7019 6573
f 6573 7019 6994
f 6617 7020 6619
f 6619 7020 7021
f 6595 7022 6596
f 6596 7022 7023
f 6619 7021 6620
f 6620 7021 7024
f 6620 7024 6622
f 6622 7024 7025
f 6622 7025 6623
f 6623 7025 7026
f 6623 7026 6625
f 6625 7026 7027
f 6625 7027 6627
f 6627 7027 7028
f 6627 7028 6629
f 6629 7028 7029
f 6629 7029 6630
f 6630 7029 7030
f 6630 7030 6632
f 6632 7030 7031
f 6632 7031 6634
f 6634 7031 7032
f 6634 7032 6636
f 6636 7032 7033
f 6636 7033 6637
f 6637 7033 7034
f 6637 7034 6595
f 6595 7034 7022
f 6596 7023 6598
f 6598 7023 7035
f 6598 7035 6600
f 6600 7035 7036
f 6600 7036 6601
f 6601 7036 7037
f 6601 7037 6603
f 6603 7037 7038
f 6603 7038 6605
f 6605 7038 7039
f 6605 7039 6607
f 6607 7039 7040
f 6607 7040 6608
f 6608 7040 7041
f 6608 7041 6610
f 6610 7041 7042
f 6610 7042 6612
f 6612 7042 7043
f 6612 7043 6614
f 6614 7043 7044
f 6614 7044 6615
f 6615 7044 7045
f 6615 7045 6617
f 6617 7045 7020
f 6661 7046 6663
f 6663 7046 7047
f 6639 7048 6640
f 6640 7048 7049
f 6663 7047 6664
f 6664 7047 7050
f 6664 7050 6666
f 6666 7050 7051
f 6666 7051 6667
f 6667 7051 7052
f 6667 7052 6669
f 6669 7052 7053
f 6669 7053 6671
f 6671 7053 7054
f 6671 7054 6673
f 6673 7054 7055
f 6673 7055 6674
f 6674 7055 7056
f 6674 7056 6676
f 6676 7056 7057
f 6676 7057 6678
f 6678 7057 7058
f 6678 7058 6680
f 6680 7058 7059
f 6680 7059 6681
f 6681 7059 7060
f 6681 7060 6639
f 6639 7060 7048
f 6640 7049 6642
f 6642 7049 7061
f 6642 7061 6644
f 6644 7061 7062
f 6644 7062 6645
f 6645 7062 7063
f 6645 7063 6647
f 6647 7063 7064
f 6647 7064 6649
f 6649 7064 7065
f 6649 7065 6651
f 6651 7065 7066
f 6651 7066 6652
f 6652 7066 7067
f 6652 7067 6654
f 6654 7067 7068
f 6654 7068 6656
f 6656 7068 7069
f 6656 7069 6658
f 6658 7069 7070
f 6658 7070 6659
f 6659 7070 7071
f 6659 7071 6661
f 6661 7071 7046
f 7072 7073 6705
f 6705 7073 6707
f 6683 7074 6684
f 6684 7074 7075
f 6707 7073 6708
f 6708 7073 7076
f 6708 7076 6710
f 6710 7076 7077
f 6710 7077 6711
f 6711 7077 7078
f 6711 7078 6713
f 6713 7078 7079
f 6713 7079 6715
f 6715 7079 7080
f 6715 7080 6717
f 6717 7080 7081
f 6717 7081 6718
f 6718 7081 7082
f 6718 7082 6720
f 6720 7082 7083
f 6720 7083 6722
f 6722 7083 7084
f 6722 7084 6724
f 6724 7084 7085
f 6724 7085 6725
f 6725 7085 7086
f 6725 7086 6683
f 6683 7086 7074
f 6684 7075 6686
f 6686 7075 7087
f 6686 7087 6688
f 6688 7087 7088
f 6688 7088 6689
f 6689 7088 7089
f 6689 7089 6691
f 6691 7089 7090
f 6691 7090 6693
f 6693 7090 7091
f 6693 7091 6695
f 6695 7091 7092
f 6695 7092 6696
f 6696 7092 7093
f 6696 7093 6698
f 6698 7093 7094
f 6698 7094 6700
f 6700 7094 7095
f 6700 7095 6702
f 6702 7095 7096
f 6702 7096 6703
f 6703 7096 7097
f 6703 7097 6705
f 6705 7097 7072
f 4849 4960 4846
f 4846 4960 4959
f 7098 7099 7100
f 7100 7099 7101
f 7100 7101 7102
f 7102 7101 7103
f 7102 7103 7104
f 7104 7103 7105
f 7104 7105 7106
f 7106 7105 7107
f 5338 7099 5337
f 5337 7099 7098
f 7108 7109 5440
f 5440 7109 5438
f 7110 7111 7112
f 7112 7111 7113
f 7112 7113 7114
f 7114 7113 7115
f 7114 7115 7116
f 7116 7115 7117
f 7116 7117 7118
f 7118 7117 7119
f 5347 5348 7110
f 7110 5348 7111
f 5462 5464 7120
f 7120 5464 7121
f 7122 7123 7124
f 7124 7123 7125
f 7126 7127 7128
f 7128 7127 7129
f 7128 7129 7130
f 7127 7126 7131
f 7131 7126 7132
f 7131 7132 7133
f 7133 7132 7134
f 7134 7132 7135
f 7134 7135 7136
f 7136 7135 7137
f 7136 7137 7138
f 7138 7137 1345
f 7138 1345 1446
f 7139 7140 7127
f 7127 7140 7141
f 7127 7141 7142
f 7143 7144 7139
f 7139 7144 7145
f 7139 7145 7140
f 7142 7146 7127
f 7127 7146 7129
f 7130 7147 7128
f 7128 7147 7148
f 7128 7148 7149
f 5357 7150 5355
f 5355 7150 7151
f 5353 5354 7152
f 7152 5354 7153
f 7152 7153 7154
f 7152 7154 7155
f 7155 7154 7156
f 7155 7156 7157
f 7157 7156 7158
f 7157 7158 7159
f 7159 7158 7160
f 7159 7160 7161
f 7161 7160 7162
f 7161 7162 7163
f 7161 7163 7164
f 7164 7163 7165
f 7164 7165 7166
f 7166 7165 7167
f 7166 7167 7168
f 7168 7167 7169
f 7168 7169 7170
f 7122 7124 7170
f 7170 7124 7168
f 7123 7171 7125
f 7125 7171 7172
f 7172 7171 7173
f 7172 7173 7174
f 7174 7173 7175
f 7174 7175 7176
f 7174 7176 7177
f 7177 7176 7178
f 7177 7178 7179
f 7179 7178 7180
f 7179 7180 7181
f 7181 7180 7182
f 7181 7182 1344
f 1344 7182 1465
f 4898 4894 7183
f 7183 4894 7184
f 7183 7184 7185
f 7185 7184 7186
f 7186 7184 7187
f 7186 7187 7188
f 7188 7187 7189
f 7189 7187 7190
f 7190 7187 5420
f 7190 5420 5419
f 5365 5366 7191
f 7191 5366 7192
f 7191 7192 7193
f 7193 7192 7194
f 7193 7194 4893
f 4893 7194 4892
f 7195 7196 7197
f 7197 7196 7198
f 7197 7198 7199
f 7199 5362 7197
f 7197 5362 7200
f 7197 7200 7201
f 7201 7200 7202
f 7202 7200 7203
f 7202 7203 7204
f 7204 7203 7205
f 7204 7205 7151
f 7151 7205 5356
f 7151 5356 5355
f 5362 5361 7200
f 7200 5361 7203
f 5361 5359 7203
f 7203 5359 7205
f 5359 5356 7205
f 7201 7195 7197
f 4855 4902 7206
f 7206 4902 7207
f 7207 4902 7208
f 7207 7208 7209
f 7209 7208 7210
f 7209 7210 7211
f 7211 7210 7212
f 7212 7210 7198
f 7212 7198 7213
f 7213 7198 7196
f 7151 7150 7214
f 7214 7150 7215
f 7214 7215 7216
f 7216 7215 7217
f 7216 7217 7218
f 7218 7217 7219
f 7218 7219 7220
f 7220 7219 7221
f 7220 7221 7222
f 7222 7221 7223
f 7222 7223 7224
f 7224 7223 7225
f 7224 7225 1459
f 1459 7225 1447
f 1459 1461 7224
f 7224 1461 7226
f 7224 7226 7227
f 7227 7226 7228
f 7227 7228 7229
f 7229 7228 7230
f 7229 7230 7231
f 7231 7230 7232
f 7231 7232 7233
f 7233 7232 7234
f 7233 7234 7235
f 7235 7234 7236
f 7235 7236 7237
f 7237 7236 7238
f 7237 7238 7239
f 7239 7238 7240
f 7239 7240 7201
f 7201 7240 7241
f 7201 7241 7242
f 7242 7241 7243
f 7242 7243 7211
f 1461 1462 7226
f 7226 1462 1463
f 7226 1463 7244
f 7244 7228 7226
f 7230 7234 7232
f 7238 7236 7245
f 7245 7236 7243
f 7245 7243 7240
f 7240 7243 7241
f 7212 7213 7211
f 7211 7213 7196
f 7211 7196 7195
f 7211 7195 7242
f 7242 7195 7201
f 7201 7202 7239
f 7239 7202 7246
f 7239 7246 7237
f 7237 7246 7247
f 7237 7247 7233
f 7233 7247 7248
f 7233 7248 7231
f 7231 7248 7249
f 7231 7249 7227
f 7227 7249 7222
f 7227 7222 7224
f 7202 7204 7246
f 7246 7204 7250
f 7246 7250 7247
f 7247 7250 7251
f 7247 7251 7248
f 7248 7251 7252
f 7248 7252 7249
f 7249 7252 7220
f 7249 7220 7222
f 7250 7204 7253
f 7253 7204 7151
f 7253 7151 7254
f 7254 7151 7214
f 7254 7214 7216
f 7254 7216 7255
f 7255 7216 7218
f 7255 7218 7252
f 7252 7218 7220
f 7229 7231 7227
f 7253 7254 7255
f 7253 7255 7251
f 7251 7255 7252
f 7250 7253 7251
f 7235 7237 7233
f 7245 7240 7238
f 1464 7225 1446
f 1446 7225 7223
f 1446 7223 7138
f 7138 7223 7221
f 7138 7221 7136
f 7136 7221 7219
f 7136 7219 7134
f 7134 7219 7217
f 7134 7217 7133
f 7133 7217 7215
f 7133 7215 7131
f 7131 7215 7150
f 7131 7150 7127
f 1464 1447 7225
f 7150 5357 7127
f 7127 5357 7139
f 7139 5357 7143
f 7143 5357 5358
f 7143 5358 7144
f 7144 5358 5360
f 7144 5360 7145
f 7145 5360 5351
f 5351 5353 7145
f 7145 5353 7140
f 7140 5353 7141
f 7141 5353 7152
f 7141 7152 7142
f 7142 7152 7155
f 7142 7155 7146
f 7146 7155 7157
f 7146 7157 7129
f 7129 7157 7159
f 7129 7159 7130
f 7130 7159 7161
f 7130 7161 7147
f 7147 7161 7164
f 7147 7164 7148
f 7148 7164 7166
f 7148 7166 7149
f 7149 7166 7168
f 7149 7168 7128
f 7128 7168 7124
f 7124 7125 7128
f 7128 7125 7126
f 7125 7172 7126
f 7126 7172 7132
f 7132 7172 7174
f 7132 7174 7135
f 7135 7174 7177
f 7135 7177 7137
f 7137 7177 7179
f 7137 7179 1345
f 1345 7179 7181
f 1345 7181 1346
f 1346 7181 1344
f 5369 5370 7256
f 7256 5370 7257
f 7256 7257 7258
f 7256 7258 7259
f 7259 7258 7260
f 7259 7260 7261
f 7261 7260 5513
f 5513 7260 5514
f 5549 5550 7262
f 7262 5550 7263
f 7262 7263 7264
f 7262 7264 7265
f 7265 7264 7266
f 7265 7266 7267
f 7267 7266 5415
f 5415 7266 5416
f 5511 5512 7268
f 7268 5512 7269
f 7268 7269 7270
f 7268 7270 7271
f 7271 7270 7272
f 7271 7272 7273
f 7273 7272 5363
f 5363 7272 5364
f 5413 5414 7274
f 7274 5414 7275
f 7274 7275 7276
f 7274 7276 7277
f 7277 7276 7278
f 7277 7278 7279
f 7279 7278 5475
f 5475 7278 5476
f 7206 7280 4855
f 4855 7280 7281
f 4855 7281 4853
f 4853 7281 7282
f 4853 7282 4876
f 4876 7282 7283
f 4876 7283 4877
f 4877 7283 7284
f 4877 7284 7285
f 7285 7284 7286
f 7285 7286 7287
f 7287 7286 7288
f 7287 7288 7289
f 7289 7288 7230
f 7289 7230 7228
f 7206 7207 7280
f 7280 7207 7290
f 7280 7290 7291
f 7291 7290 7292
f 7291 7292 7293
f 7293 7292 7211
f 7293 7211 7243
f 7207 7209 7290
f 7290 7209 7294
f 7290 7294 7292
f 7292 7294 7209
f 7292 7209 7211
f 7236 7295 7243
f 7243 7295 7296
f 7243 7296 7293
f 7293 7296 7297
f 7293 7297 7291
f 7291 7297 7281
f 7291 7281 7280
f 7295 7236 7298
f 7298 7236 7234
f 7298 7234 7288
f 7288 7234 7230
f 7289 7228 7299
f 7299 7228 7244
f 7299 7244 7300
f 7300 7244 1463
f 7300 1463 7301
f 7300 7301 7302
f 7302 7301 7303
f 7302 7303 7304
f 7304 7303 4886
f 7304 4886 4885
f 7303 4887 4886
f 4885 4884 7304
f 7304 4884 7305
f 7304 7305 7302
f 7302 7305 7306
f 7302 7306 7300
f 7300 7306 7299
f 4884 4882 7305
f 7305 4882 7307
f 7305 7307 7306
f 7306 7307 7308
f 7306 7308 7299
f 7299 7308 7289
f 4882 4881 7307
f 7307 4881 4880
f 7307 4880 7309
f 7309 4880 4878
f 7309 4878 7285
f 7285 4878 4877
f 7281 7297 7282
f 7282 7297 7310
f 7282 7310 7283
f 7283 7310 7311
f 7283 7311 7284
f 7284 7311 7286
f 7308 7307 7309
f 7308 7309 7287
f 7287 7309 7285
f 7297 7296 7310
f 7310 7296 7295
f 7310 7295 7311
f 7311 7295 7298
f 7311 7298 7286
f 7286 7298 7288
f 7289 7308 7287
f 4887 7303 4889
f 4889 7303 7312
f 4889 7312 4891
f 4891 7312 7313
f 4891 7313 4893
f 4893 7313 7314
f 7314 7313 7315
f 7314 7315 7316
f 7316 7315 1458
f 7316 1458 1457
f 7303 7301 7312
f 7312 7301 7317
f 7312 7317 7313
f 7313 7317 7315
f 7301 1463 7317
f 7317 1463 1460
f 7317 1460 7315
f 7315 1460 1458
f 4893 7314 7193
f 7193 7314 7318
f 7193 7318 7191
f 7191 7318 7319
f 7191 7319 5365
f 5365 7319 7320
f 7320 7319 7321
f 7320 7321 7322
f 7322 7321 1448
f 7322 1448 1450
f 7314 7316 7318
f 7318 7316 7323
f 7318 7323 7319
f 7319 7323 7321
f 7316 1457 7323
f 7323 1457 1449
f 7323 1449 7321
f 7321 1449 1448
f 5363 5365 7324
f 7324 5365 7320
f 7324 7320 7325
f 7325 7320 7322
f 7325 7322 1454
f 1454 7322 1450
f 5363 7324 7273
f 7273 7324 7326
f 7273 7326 7271
f 7271 7326 7327
f 7271 7327 7268
f 7268 7327 7328
f 7268 7328 5511
f 7324 7325 7326
f 7326 7325 7329
f 7326 7329 7327
f 7327 7329 7330
f 7327 7330 7328
f 7328 7330 7331
f 7331 7330 1455
f 7331 1455 1453
f 7325 1454 7329
f 7329 1454 1456
f 7329 1456 7330
f 7330 1456 1455
f 5511 7328 5509
f 5509 7328 7332
f 5509 7332 5507
f 5507 7332 7333
f 5507 7333 5505
f 5505 7333 7334
f 5505 7334 5503
f 5503 7334 7335
f 5503 7335 5501
f 5501 7335 7336
f 5501 7336 5499
f 5499 7336 7337
f 5499 7337 5497
f 5497 7337 7338
f 5497 7338 5495
f 5495 7338 7339
f 5495 7339 5493
f 5493 7339 7340
f 5493 7340 5491
f 5491 7340 7341
f 5491 7341 5489
f 5489 7341 7342
f 5489 7342 5487
f 5487 7342 7343
f 5487 7343 5485
f 5485 7343 7344
f 5485 7344 5483
f 5483 7344 7345
f 5483 7345 5481
f 5481 7345 7346
f 5481 7346 5479
f 5479 7346 7347
f 5479 7347 5477
f 5477 7347 7348
f 5477 7348 5475
f 5475 7348 7349
f 7349 7348 7350
f 7349 7350 7351
f 7351 7350 1125
f 7351 1125 1126
f 7328 7331 7332
f 7332 7331 7352
f 7332 7352 7333
f 7333 7352 7353
f 7333 7353 7334
f 7334 7353 7354
f 7334 7354 7335
f 7335 7354 7355
f 7335 7355 7336
f 7336 7355 7356
f 7336 7356 7337
f 7337 7356 7357
f 7337 7357 7338
f 7338 7357 7358
f 7338 7358 7339
f 7339 7358 7359
f 7339 7359 7340
f 7340 7359 7360
f 7340 7360 7341
f 7341 7360 7361
f 7341 7361 7342
f 7342 7361 7362
f 7342 7362 7343
f 7343 7362 7363
f 7343 7363 7344
f 7344 7363 7364
f 7344 7364 7345
f 7345 7364 7365
f 7345 7365 7346
f 7346 7365 7366
f 7346 7366 7347
f 7347 7366 7367
f 7347 7367 7348
f 7348 7367 7350
f 1453 1452 7331
f 7331 1452 1451
f 7331 1451 1119
f 1119 1120 7331
f 7331 1120 7352
f 1120 1121 7352
f 7352 1121 1122
f 7352 1122 7353
f 7353 1122 1151
f 7353 1151 7354
f 7354 1151 1178
f 7354 1178 7355
f 7355 1178 1175
f 7355 1175 7356
f 7356 1175 1174
f 7356 1174 7357
f 7357 1174 1173
f 7357 1173 7358
f 7358 1173 1168
f 7358 1168 7359
f 7359 1168 1169
f 7359 1169 7360
f 7360 1169 1171
f 7360 1171 1170
f 7360 1170 7361
f 7361 1170 1167
f 7361 1167 7362
f 7362 1167 1165
f 7362 1165 7363
f 7363 1165 1163
f 7363 1163 7364
f 7364 1163 1160
f 7364 1160 7365
f 7365 1160 1157
f 7365 1157 7366
f 7366 1157 1154
f 7366 1154 7367
f 7367 1154 1123
f 7367 1123 7350
f 7350 1123 1124
f 7350 1124 1125
f 1126 1445 7351
f 7351 1445 1471
f 7351 1471 1470
f 5475 7349 7279
f 7279 7349 7368
f 7279 7368 7277
f 7277 7368 7369
f 7277 7369 7274
f 7274 7369 7370
f 7274 7370 5413
f 7349 7351 7368
f 7368 7351 7371
f 7368 7371 7369
f 7369 7371 7372
f 7369 7372 7370
f 7370 7372 7373
f 7373 7372 1468
f 7373 1468 1444
f 7351 1470 7371
f 7371 1470 1469
f 7371 1469 7372
f 7372 1469 1468
f 1405 7374 1444
f 1444 7374 7373
f 7373 7374 7375
f 7373 7375 7370
f 7370 7375 7376
f 7370 7376 5413
f 5413 7376 7377
f 5413 7377 7378
f 7378 7377 7379
f 7378 7379 7380
f 7380 7379 7374
f 7380 7374 7381
f 7381 7374 7382
f 7381 7382 7383
f 7383 7382 7384
f 7383 7384 5413
f 5413 7384 7385
f 5413 7385 7386
f 7386 7385 7387
f 7386 7387 7388
f 7388 7387 7374
f 7388 7374 7389
f 7389 7374 7390
f 7389 7390 7391
f 7391 7390 7392
f 7391 7392 7393
f 7393 7392 7394
f 7393 7394 7395
f 7395 7394 7396
f 7395 7396 7397
f 7397 7396 7374
f 7397 7374 7398
f 7398 7374 7399
f 7398 7399 7400
f 7400 7401 7398
f 7398 7401 7402
f 7398 7402 7403
f 7403 7402 7393
f 7403 7393 7395
f 7401 7404 7402
f 7402 7404 7393
f 5411 5413 7393
f 7393 5413 7391
f 7395 7397 7403
f 7403 7397 7398
f 7390 7374 7405
f 7405 7374 7396
f 7405 7396 7394
f 7392 7390 7405
f 7392 7405 7394
f 7388 7389 7406
f 7406 7389 7391
f 7406 7391 5413
f 7382 7374 7407
f 7407 7374 7387
f 7407 7387 7385
f 7384 7382 7407
f 7384 7407 7385
f 7380 7381 7408
f 7408 7381 7383
f 7408 7383 5413
f 7375 7374 7409
f 7409 7374 7379
f 7409 7379 7377
f 7376 7375 7409
f 7376 7409 7377
f 5413 7386 7406
f 7406 7386 7388
f 5413 7378 7408
f 7408 7378 7380
f 5421 7410 5419
f 5419 7410 7411
f 5419 7411 7412
f 7412 7411 7413
f 7412 7413 7414
f 7414 7413 1343
f 7414 1343 7415
f 7415 1343 7416
f 7415 7416 7417
f 7417 7416 7418
f 7417 7418 5419
f 7419 7420 5421
f 5421 7420 7421
f 5421 7421 7422
f 7422 7421 7423
f 7422 7423 7424
f 7424 7423 7425
f 7424 7425 7426
f 7426 7425 1343
f 7426 1343 7427
f 7427 1343 7428
f 7427 7428 7410
f 7410 7428 7411
f 7419 7429 7420
f 7420 7429 7430
f 7420 7430 7431
f 7431 7430 7432
f 7431 7432 7433
f 7433 7425 7431
f 7431 7425 7434
f 7431 7434 7420
f 7420 7434 7421
f 7425 1341 1343
f 7423 7421 7434
f 7422 7435 5421
f 5421 7435 7436
f 5421 7436 7410
f 7410 7436 7427
f 7422 7424 7435
f 7435 7424 7426
f 7435 7426 7436
f 7436 7426 7427
f 7413 7411 7428
f 7417 5419 7437
f 7437 5419 7412
f 7437 7412 7414
f 7415 7417 7437
f 7415 7437 7414
f 7425 7423 7434
f 1343 7413 7428
f 5419 7418 7190
f 7190 7418 7189
f 7189 7418 7188
f 7188 7418 7438
f 7438 7418 7416
f 7438 7416 7439
f 7439 7416 1466
f 7439 1466 1465
f 1343 1467 7416
f 7416 1467 1466
f 7186 7188 7440
f 7440 7188 7438
f 7440 7438 7441
f 7441 7438 7439
f 7441 7439 7442
f 7442 7439 1465
f 7442 1465 7182
f 7442 7182 7443
f 7443 7182 7180
f 7443 7180 7444
f 7444 7180 7178
f 7444 7178 7176
f 7176 7445 7444
f 7444 7445 7446
f 7444 7446 7447
f 7447 7446 7448
f 7447 7448 7440
f 7440 7448 7186
f 7445 7449 7446
f 7446 7449 7450
f 7446 7450 7448
f 7448 7450 7185
f 7448 7185 7186
f 7449 4898 7450
f 7450 4898 7183
f 7450 7183 7185
f 7440 7441 7447
f 7447 7441 7443
f 7447 7443 7444
f 7442 7443 7441
f 4897 4898 7451
f 7451 4898 7449
f 7451 7449 7452
f 7452 7449 7445
f 7452 7445 7453
f 7453 7445 7176
f 7453 7176 7175
f 7175 7173 7453
f 7453 7173 7454
f 7453 7454 7452
f 7452 7454 7455
f 7452 7455 7451
f 7451 7455 7456
f 7451 7456 4897
f 4897 7456 4896
f 4896 7456 7457
f 4896 7457 4895
f 4895 7457 4870
f 4870 7457 7458
f 7458 7457 7459
f 7458 7459 7460
f 7460 7459 7461
f 7460 7461 7171
f 7171 7461 7173
f 7173 7461 7454
f 7171 7123 7460
f 7459 7457 7456
f 7459 7456 7455
f 7461 7459 7455
f 7461 7455 7454
f 7458 7462 4870
f 4870 7462 7463
f 4870 7463 4875
f 4875 7463 7464
f 7464 7463 7465
f 7465 7463 7466
f 7465 7466 7122
f 7122 7466 7467
f 7122 7467 7123
f 7123 7467 7460
f 7460 7467 7458
f 7458 7467 7462
f 7466 7463 7462
f 7466 7462 7467
f 7210 4899 7198
f 7198 4899 7468
f 7198 7468 7199
f 7199 7468 7469
f 7199 7469 5362
f 5362 7469 5352
f 5362 5352 5350
f 7210 7208 4899
f 4899 7208 4900
f 4900 7208 4901
f 4901 7208 4902
f 7469 5354 5352
f 5350 5349 5362
f 4875 7464 4874
f 4874 7464 7470
f 4874 7470 4873
f 4873 7470 7471
f 4873 7471 7472
f 7472 7471 7473
f 7472 7473 7474
f 7474 7473 7475
f 7474 7475 7476
f 7476 7475 7165
f 7476 7165 7163
f 7470 7464 7477
f 7477 7464 7465
f 7477 7465 7478
f 7478 7465 7122
f 7478 7122 7170
f 7170 7169 7478
f 7478 7169 7479
f 7478 7479 7477
f 7477 7479 7480
f 7477 7480 7470
f 7470 7480 7471
f 7169 7167 7479
f 7479 7167 7481
f 7479 7481 7480
f 7480 7481 7473
f 7480 7473 7471
f 7167 7165 7481
f 7481 7165 7475
f 7481 7475 7473
f 7476 7163 7482
f 7482 7163 7162
f 7482 7162 7483
f 7483 7162 7160
f 7483 7160 7484
f 7484 7160 7485
f 7484 7485 7486
f 7486 7485 7487
f 7486 7487 7488
f 7488 7487 7489
f 7488 7489 4865
f 4865 7489 4864
f 4864 7489 7490
f 4864 7490 4863
f 4863 7490 7491
f 4863 7491 4862
f 4862 7491 7492
f 4862 7492 4860
f 4860 7492 7493
f 4860 7493 4859
f 4859 7493 7494
f 4859 7494 4858
f 4858 7494 7495
f 4858 7495 4857
f 4857 7495 4899
f 4899 7495 7468
f 7468 7495 7496
f 7468 7496 7469
f 7469 7496 7497
f 7469 7497 5354
f 5354 7497 7153
f 7153 7497 7498
f 7153 7498 7499
f 7499 7498 7500
f 7499 7500 7501
f 7501 7500 7492
f 7501 7492 7491
f 7160 7158 7485
f 7485 7158 7502
f 7485 7502 7487
f 7487 7502 7503
f 7487 7503 7489
f 7489 7503 7490
f 7502 7158 7504
f 7504 7158 7156
f 7504 7156 7505
f 7505 7156 7154
f 7505 7154 7499
f 7499 7154 7153
f 4865 4867 7488
f 7488 4867 7506
f 7488 7506 7486
f 7486 7506 7507
f 7486 7507 7484
f 7484 7507 7483
f 4867 4868 7506
f 7506 4868 7508
f 7506 7508 7507
f 7507 7508 7509
f 7507 7509 7483
f 7483 7509 7482
f 4868 4869 7508
f 7508 4869 7510
f 7508 7510 7509
f 7509 7510 7511
f 7509 7511 7482
f 7482 7511 7476
f 7510 4869 7512
f 7512 4869 4871
f 7512 4871 4872
f 7512 4872 7472
f 7472 4872 4873
f 7511 7510 7512
f 7511 7512 7474
f 7474 7512 7472
f 7491 7490 7513
f 7513 7490 7503
f 7513 7503 7504
f 7504 7503 7502
f 7492 7500 7493
f 7493 7500 7514
f 7493 7514 7494
f 7494 7514 7496
f 7494 7496 7495
f 7476 7511 7474
f 7491 7513 7501
f 7501 7513 7505
f 7501 7505 7499
f 7505 7513 7504
f 7497 7496 7514
f 7497 7514 7498
f 7498 7514 7500
f 7515 4852 7516
f 7516 4852 4847
f 5425 5426 7517
f 7517 5426 7518
f 7517 7518 7519
f 7515 7516 7519
f 7519 7516 7520
f 7519 7520 7517
f 4965 4966 7521
f 7521 4966 7522
f 7521 7522 7523
f 5368 5367 7523
f 7523 5367 7524
f 7523 7524 7521
f 2769 7525 2767
f 2767 7525 7526
f 7526 7525 7527
f 7526 7527 7528
f 7528 7527 7529
f 7528 7529 5425
f 5425 7529 7530
f 5425 7530 7531
f 7531 7530 7532
f 7531 7532 7533
f 7533 7532 7525
f 7533 7525 7534
f 7534 7535 7533
f 7533 7535 7536
f 7533 7536 7537
f 7537 7536 7538
f 7537 7538 7539
f 5423 5425 7539
f 7539 5425 7531
f 7539 7531 7537
f 7537 7531 7533
f 7527 7525 7540
f 7540 7525 7532
f 7540 7532 7530
f 7529 7527 7540
f 7529 7540 7530
f 2767 7526 2920
f 2920 7526 7541
f 2920 7541 2916
f 2916 7541 7542
f 2916 7542 2917
f 7526 7528 7541
f 7541 7528 7543
f 7541 7543 7542
f 7542 7543 7544
f 7544 7543 7520
f 7544 7520 7516
f 5425 7517 7528
f 7528 7517 7543
f 7517 7520 7543
f 2918 2917 4840
f 4840 2917 7542
f 4840 7542 4841
f 4841 7542 7544
f 4841 7544 4847
f 4847 7544 7516
f 2900 2912 7545
f 7545 2912 4837
f 7545 4837 7546
f 7546 4837 4844
f 7546 4844 4846
f 4846 4959 7546
f 7546 4959 7547
f 7546 7547 7545
f 7545 7547 7548
f 7545 7548 2900
f 2900 7548 2897
f 2897 7548 7549
f 2897 7549 2898
f 2898 7549 7550
f 2898 7550 2899
f 2899 7550 7551
f 2899 7551 2926
f 2926 7551 7552
f 7552 7551 7553
f 7552 7553 7554
f 7554 7553 4965
f 4965 7553 4963
f 4963 7553 7555
f 4963 7555 4961
f 4961 7555 7556
f 4961 7556 4959
f 4959 7556 7547
f 7547 7556 7549
f 7547 7549 7548
f 7550 7549 7556
f 7551 7550 7555
f 7555 7550 7556
f 7553 7551 7555
f 2926 7552 2927
f 2927 7552 7557
f 2927 7557 2928
f 2928 7557 7558
f 2928 7558 2925
f 7552 7554 7557
f 7557 7554 7559
f 7557 7559 7558
f 7558 7559 7560
f 7560 7559 7524
f 7560 7524 5367
f 4965 7521 7554
f 7554 7521 7559
f 7521 7524 7559
f 7558 7561 2925
f 2925 7561 7562
f 2925 7562 7563
f 7563 7562 7564
f 7563 7564 7565
f 7565 7564 5367
f 7565 5367 5369
f 7561 7558 7566
f 7566 7558 7560
f 7566 7560 5367
f 7567 7568 5369
f 5369 7568 7569
f 5369 7569 7570
f 7570 7569 7571
f 7570 7571 7572
f 7572 7571 2924
f 7572 2924 2925
f 7568 7567 7573
f 7573 7567 7574
f 7573 7574 2924
f 7572 2925 7563
f 7562 7561 7575
f 7575 7561 7566
f 7575 7566 5367
f 7570 7572 7565
f 7565 7572 7563
f 7573 2924 7576
f 7576 2924 7571
f 7576 7571 7569
f 7568 7573 7576
f 7568 7576 7569
f 5367 7564 7575
f 7575 7564 7562
f 5369 7570 7565
f 2924 7574 2935
f 2935 7574 7577
f 2935 7577 2936
f 2936 7577 7578
f 2936 7578 2937
f 2937 7578 7579
f 7579 7578 7580
f 7579 7580 7581
f 7581 7580 7261
f 7581 7261 5513
f 7574 7567 7577
f 7577 7567 7582
f 7577 7582 7578
f 7578 7582 7580
f 5369 7256 7567
f 7567 7256 7582
f 7256 7259 7582
f 7582 7259 7580
f 7259 7261 7580
f 2937 7579 2938
f 2938 7579 2923
f 2923 7579 2597
f 2597 7579 2596
f 2596 7579 7583
f 2596 7583 2595
f 2595 7583 2594
f 2594 7583 7584
f 2594 7584 2627
f 2627 7584 7585
f 2627 7585 2630
f 2630 7585 7586
f 2630 7586 2633
f 2633 7586 7587
f 2633 7587 2636
f 2636 7587 7588
f 2636 7588 2639
f 2639 7588 7589
f 2639 7589 2640
f 2640 7589 7590
f 2640 7590 2641
f 2641 7590 7591
f 2641 7591 2654
f 2654 7591 2642
f 2642 7591 7592
f 2642 7592 2643
f 2643 7592 7593
f 2643 7593 2645
f 2645 7593 7594
f 2645 7594 2647
f 2647 7594 7595
f 2647 7595 2649
f 2649 7595 7596
f 2649 7596 2652
f 2652 7596 7597
f 2652 7597 2624
f 2624 7597 7598
f 2624 7598 2593
f 2593 7598 7599
f 2593 7599 2592
f 2592 7599 2591
f 2591 7599 7600
f 2591 7600 2590
f 2590 7600 2678
f 2678 7600 2929
f 2929 7600 2930
f 7579 7581 7583
f 7583 7581 7601
f 7583 7601 7584
f 7584 7601 7602
f 7584 7602 7585
f 7585 7602 7603
f 7585 7603 7586
f 7586 7603 7604
f 7586 7604 7587
f 7587 7604 7605
f 7587 7605 7588
f 7588 7605 7606
f 7588 7606 7589
f 7589 7606 7607
f 7589 7607 7590
f 7590 7607 7608
f 7590 7608 7591
f 7591 7608 7609
f 7591 7609 7592
f 7592 7609 7610
f 7592 7610 7593
f 7593 7610 7611
f 7593 7611 7594
f 7594 7611 7612
f 7594 7612 7595
f 7595 7612 7613
f 7595 7613 7596
f 7596 7613 7614
f 7596 7614 7597
f 7597 7614 7615
f 7597 7615 7598
f 7598 7615 7616
f 7598 7616 7599
f 7599 7616 7617
f 7599 7617 7600
f 7600 7617 7618
f 7618 7617 5547
f 7618 5547 5549
f 7581 5513 7601
f 7601 5513 5515
f 7601 5515 7602
f 7602 5515 5517
f 7602 5517 7603
f 7603 5517 5519
f 7603 5519 7604
f 7604 5519 5521
f 7604 5521 7605
f 7605 5521 5523
f 7605 5523 7606
f 7606 5523 5525
f 7606 5525 7607
f 7607 5525 5527
f 7607 5527 7608
f 7608 5527 5529
f 7608 5529 7609
f 7609 5529 5531
f 7609 5531 7610
f 7610 5531 5533
f 7610 5533 7611
f 7611 5533 5535
f 7611 5535 7612
f 7612 5535 5537
f 7612 5537 7613
f 7613 5537 5539
f 7613 5539 7614
f 7614 5539 5541
f 7614 5541 7615
f 7615 5541 5543
f 7615 5543 7616
f 7616 5543 5545
f 7616 5545 7617
f 7617 5545 5547
f 2930 7600 2931
f 2931 7600 7619
f 2931 7619 2932
f 2932 7619 7620
f 2932 7620 2677
f 2677 7620 7621
f 7621 7620 7622
f 7621 7622 7623
f 7623 7622 7267
f 7623 7267 5415
f 7600 7618 7619
f 7619 7618 7624
f 7619 7624 7620
f 7620 7624 7622
f 5549 7262 7618
f 7618 7262 7624
f 7262 7265 7624
f 7624 7265 7622
f 7265 7267 7622
f 5417 7625 5415
f 5415 7625 7626
f 5415 7626 7627
f 7627 7626 7628
f 7627 7628 7629
f 7629 7628 2677
f 7629 2677 7630
f 7630 2677 7631
f 7630 7631 7632
f 7632 7631 7633
f 7632 7633 5415
f 5415 7633 7634
f 5415 7634 7635
f 7635 7634 7636
f 7635 7636 7621
f 7621 7636 2677
f 2677 7636 7637
f 2677 7637 7631
f 7631 7637 7633
f 7638 7639 5417
f 5417 7639 7640
f 5417 7640 7641
f 7641 7640 7642
f 7641 7642 7643
f 7643 7642 7644
f 7643 7644 7645
f 7638 7646 7639
f 7639 7646 7647
f 7639 7647 7648
f 7648 7647 7649
f 7648 7649 7644
f 2676 2677 7645
f 7645 2677 7650
f 7645 7650 7651
f 7651 7650 7652
f 7651 7652 7653
f 7653 7652 5417
f 7653 5417 7654
f 7654 5417 7641
f 7654 7641 7643
f 7621 7623 7635
f 7635 7623 5415
f 7640 7639 7655
f 7655 7639 7648
f 7655 7648 7644
f 7653 7654 7656
f 7656 7654 7643
f 7656 7643 7645
f 7625 5417 7657
f 7657 5417 7652
f 7657 7652 7650
f 7625 7657 7658
f 7658 7657 7650
f 7658 7650 2677
f 7626 7625 7659
f 7659 7625 7658
f 7659 7658 2677
f 7632 5415 7660
f 7660 5415 7627
f 7660 7627 7629
f 7630 7632 7660
f 7630 7660 7629
f 7636 7634 7637
f 7637 7634 7633
f 7644 7642 7655
f 7655 7642 7640
f 7645 7651 7656
f 7656 7651 7653
f 2677 7628 7659
f 7659 7628 7626
f 5451 7661 5452
f 5452 7661 5701
f 5701 7661 5702
f 5452 5701 5615
f 5615 5701 5700
f 5615 5700 5616
f 5616 5700 5699
f 5616 5699 5617
f 5617 5699 5698
f 5617 5698 5618
f 5618 5698 5697
f 5618 5697 5619
f 5619 5697 5696
f 5619 5696 5620
f 5620 5696 5695
f 5620 5695 5424
f 5424 5695 5691
f 5691 5690 5424
f 5424 5690 5426
f 5426 5690 7518
f 7518 5690 5689
f 7518 5689 5688
f 5687 7515 5688
f 5688 7515 7519
f 5688 7519 7518
f 5687 5686 7515
f 7515 5686 4852
f 4852 5686 4851
f 4851 5686 5685
f 4851 5685 4850
f 4850 5685 5684
f 4850 5684 4849
f 4849 5684 5682
f 5682 5681 4849
f 4849 5681 4960
f 5681 5680 4960
f 4960 5680 4962
f 4962 5680 5678
f 4962 5678 4964
f 4964 5678 5676
f 4964 5676 4966
f 4966 5676 5674
f 4966 5674 7522
f 7522 5674 5673
f 7522 5673 5672
f 5658 5368 5672
f 5672 5368 7523
f 5672 7523 7522
f 5658 5657 5368
f 5368 5657 5370
f 5370 5657 7257
f 7257 5657 5667
f 7257 5667 7258
f 7258 5667 5668
f 7258 5668 7260
f 7260 5668 5669
f 7260 5669 5514
f 5671 3636 5514
f 5514 3636 3638
f 5514 3638 3640
f 5514 3640 5516
f 5516 3640 3641
f 5516 3641 3643
f 5516 3643 5518
f 5518 3643 5653
f 5518 5653 5520
f 5520 5653 5652
f 5520 5652 5522
f 5522 5652 5651
f 5522 5651 5524
f 5524 5651 5648
f 5524 5648 5526
f 5526 5648 5647
f 5526 5647 5528
f 5528 5647 5646
f 5528 5646 5530
f 5530 5646 5644
f 5530 5644 5532
f 5532 5644 5638
f 5532 5638 5534
f 5534 5638 5637
f 5534 5637 5536
f 5536 5637 5636
f 5536 5636 5538
f 5538 5636 5633
f 5538 5633 5540
f 5540 5633 5630
f 5540 5630 5542
f 5542 5630 5628
f 5542 5628 5544
f 5544 5628 5627
f 5544 5627 5546
f 5546 5627 5626
f 5546 5626 5548
f 5548 5626 5621
f 5548 5621 5550
f 5550 5621 5622
f 5669 5670 5514
f 5514 5670 5671
f 5739 7662 5740
f 5740 7662 5473
f 5473 7662 5474
f 5550 5622 7263
f 7263 5622 5623
f 7263 5623 7264
f 7264 5623 5625
f 7264 5625 7266
f 7266 5625 5624
f 7266 5624 5416
f 5740 5473 5741
f 5741 5473 5556
f 5741 5556 5742
f 5742 5556 5555
f 5742 5555 5743
f 5743 5555 5554
f 5743 5554 5744
f 5744 5554 5553
f 5744 5553 5745
f 5745 5553 5552
f 5745 5552 5747
f 5747 5552 5551
f 5747 5551 5746
f 5746 5551 5418
f 5624 5746 5416
f 5416 5746 5418
f 5427 7663 5428
f 5428 7663 6266
f 6266 7663 6267
f 5428 6266 5603
f 5603 6266 6265
f 5603 6265 5604
f 5604 6265 6264
f 5604 6264 5605
f 5605 6264 6263
f 5605 6263 5606
f 5606 6263 6262
f 5606 6262 5607
f 5607 6262 6261
f 5607 6261 5608
f 5608 6261 6260
f 5608 6260 5412
f 5412 6260 6253
f 6253 6240 5412
f 5412 6240 5414
f 5414 6240 7275
f 7275 6240 6247
f 7275 6247 7276
f 7276 6247 6248
f 7276 6248 7278
f 7278 6248 6249
f 7278 6249 5476
f 6251 3729 5476
f 5476 3729 3731
f 5476 3731 3733
f 5476 3733 5478
f 5478 3733 3734
f 5478 3734 3736
f 5478 3736 5480
f 5480 3736 6239
f 5480 6239 5482
f 5482 6239 6238
f 5482 6238 5484
f 5484 6238 6231
f 5484 6231 5486
f 5486 6231 6226
f 5486 6226 5488
f 5488 6226 6225
f 5488 6225 5490
f 5490 6225 6224
f 5490 6224 5492
f 5492 6224 6222
f 5492 6222 5494
f 5494 6222 6217
f 5494 6217 5496
f 5496 6217 6216
f 5496 6216 5498
f 5498 6216 6215
f 5498 6215 5500
f 5500 6215 6213
f 5500 6213 5502
f 5502 6213 6212
f 5502 6212 5504
f 5504 6212 6211
f 5504 6211 5506
f 5506 6211 6210
f 5506 6210 5508
f 5508 6210 6209
f 5508 6209 5510
f 5510 6209 6204
f 5510 6204 5512
f 5512 6204 6205
f 6249 6250 5476
f 5476 6250 6251
f 5512 6205 7269
f 7269 6205 6206
f 7269 6206 7270
f 7270 6206 6208
f 7270 6208 7272
f 7272 6208 6207
f 7272 6207 5364
f 6207 6322 5364
f 5364 6322 5366
f 5366 6322 7192
f 7192 6322 6321
f 7192 6321 7194
f 7194 6321 6320
f 7194 6320 4892
f 4892 6320 6319
f 4892 6319 4890
f 4890 6319 6318
f 4890 6318 4888
f 4888 6318 6317
f 4888 6317 4883
f 4883 6317 6316
f 4883 6316 4879
f 4879 6316 6315
f 4879 6315 4854
f 4854 6315 6314
f 4854 6314 4856
f 4856 6314 6313
f 4856 6313 4861
f 4861 6313 6312
f 4861 6312 4866
f 4866 6312 6311
f 4866 6311 4894
f 4894 6311 7184
f 7184 6311 6310
f 7184 6310 7187
f 7187 6310 6309
f 7187 6309 5420
f 5420 6309 6306
f 6306 6305 5420
f 5420 6305 5422
f 5422 6305 5566
f 5566 6305 6304
f 5566 6304 5567
f 5567 6304 6303
f 5567 6303 5568
f 5568 6303 6302
f 5568 6302 5569
f 5569 6302 6301
f 5569 6301 5570
f 5570 6301 6300
f 5570 6300 5571
f 5571 6300 6299
f 5571 6299 5449
f 5449 6299 6298
f 6297 7664 6298
f 6298 7664 5449
f 5449 7664 5450
f 7665 7666 7667
f 7667 7666 7668
f 7667 7668 7669
f 7669 7668 7670
f 7669 7670 7671
f 7671 7670 7672
f 7671 7672 7673
f 7673 7672 7674
f 7673 7674 7675
f 7675 7674 7676
f 7675 7676 7677
f 7677 7676 7678
f 7677 7678 7679
f 7679 7678 7680
f 7679 7680 7681
f 7681 7680 7682
f 7681 7682 7683
f 7683 7682 7684
f 7683 7684 7685
f 7685 7684 7686
f 7685 7686 7687
f 7687 7686 7688
f 7687 7688 7689
f 7689 7688 7690
f 4824 3592 7691
f 7691 3592 7692
f 7691 7692 7693
f 7693 7692 7694
f 7693 7694 7695
f 7695 7694 7696
f 7695 7696 7697
f 7697 7696 7698
f 7697 7698 7699
f 7699 7698 7700
f 7699 7700 7701
f 7701 7700 7702
f 7701 7702 7665
f 7665 7702 7666
f 7689 7690 7703
f 7703 7690 7704
f 7703 7704 7705
f 7705 7704 7706
f 7705 7706 7707
f 7707 7706 7708
f 7707 7708 7709
f 7709 7708 7710
f 7709 7710 7711
f 7711 7710 7712
f 7711 7712 7713
f 7713 7712 7714
f 7713 7714 7715
f 7715 7714 7716
f 7715 7716 4836
f 4836 7716 3616
f 7667 7671 7665
f 7665 7671 7673
f 7665 7673 7701
f 7701 7673 7675
f 7701 7675 7677
f 7667 7669 7671
f 7677 7679 7701
f 7701 7679 7699
f 7699 7679 7681
f 7699 7681 7683
f 7699 7683 7697
f 7697 7683 7685
f 7697 7685 7687
f 7687 7689 7697
f 7697 7689 7703
f 7697 7703 7705
f 7705 7707 7697
f 7697 7707 7709
f 7697 7709 7711
f 7697 7711 7695
f 7695 7711 7713
f 7695 7713 7715
f 7715 4836 7695
f 7695 4836 4835
f 7695 4835 4834
f 4834 4833 7695
f 7695 4833 7693
f 7693 4833 4832
f 7693 4832 4831
f 7693 4831 7691
f 7691 4831 4830
f 7691 4830 4829
f 4829 4828 7691
f 7691 4828 4824
f 4824 4828 4827
f 4824 4827 4825
f 4825 4827 4826
f 7717 7718 7719
f 7719 7718 7720
f 7719 7720 7721
f 7721 7720 7722
f 7721 7722 7723
f 7723 7722 7724
f 7723 7724 7725
f 7725 7724 7726
f 7725 7726 7727
f 7727 7726 7728
f 7727 7728 7729
f 7729 7728 7730
f 7729 7730 4823
f 4823 7730 3725
f 7731 7732 7733
f 7733 7732 7734
f 7733 7734 7735
f 7735 7734 7736
f 7735 7736 7737
f 7737 7736 7738
f 7737 7738 7739
f 7739 7738 7740
f 7739 7740 7741
f 7741 7740 7742
f 7741 7742 7743
f 7743 7742 7744
f 7743 7744 7745
f 7745 7744 7746
f 7745 7746 7747
f 7747 7746 7748
f 7747 7748 7749
f 7749 7748 7750
f 7749 7750 7751
f 7751 7750 7752
f 7751 7752 7753
f 7753 7752 7754
f 7753 7754 7717
f 7717 7754 7718
f 4811 3701 7755
f 7755 3701 7756
f 7755 7756 7757
f 7757 7756 7758
f 7757 7758 7759
f 7759 7758 7760
f 7759 7760 7761
f 7761 7760 7762
f 7761 7762 7763
f 7763 7762 7764
f 7763 7764 7765
f 7765 7764 7766
f 7765 7766 7767
f 7767 7766 7768
f 7767 7768 7731
f 7731 7768 7732
f 4822 4820 4823
f 4823 4820 4819
f 4823 4819 7729
f 7729 4819 4818
f 7729 4818 4817
f 4822 4821 4820
f 4817 4816 7729
f 7729 4816 7727
f 7727 4816 4815
f 7727 4815 4814
f 7727 4814 7725
f 7725 4814 4813
f 7725 4813 4812
f 4812 4811 7725
f 7725 4811 7755
f 7725 7755 7757
f 7757 7759 7725
f 7725 7759 7761
f 7725 7761 7763
f 7725 7763 7723
f 7723 7763 7765
f 7723 7765 7767
f 7767 7731 7723
f 7723 7731 7733
f 7723 7733 7735
f 7735 7737 7723
f 7723 7737 7721
f 7721 7737 7739
f 7721 7739 7741
f 7721 7741 7719
f 7719 7741 7743
f 7719 7743 7745
f 7745 7747 7719
f 7719 7747 7717
f 7717 7747 7749
f 7717 7749 7753
f 7753 7749 7751
f 7769 7770 7771
f 7771 7770 7772
f 7771 7772 7773
f 7773 7772 7774
f 7773 7774 7775
f 7775 7774 7776
f 7775 7776 7777
f 7777 7776 7778
f 7777 7778 7779
f 7779 7778 7780
f 7779 7780 7781
f 7781 7780 7782
f 7781 7782 7783
f 7783 7782 7784
f 7783 7784 7785
f 7785 7784 7786
f 7785 7786 4810
f 4810 7786 3854
f 7787 7788 7789
f 7789 7788 7790
f 7789 7790 7791
f 7791 7790 7792
f 7791 7792 7793
f 7793 7792 7794
f 7793 7794 7795
f 7795 7794 7796
f 7795 7796 7797
f 7797 7796 7798
f 7797 7798 7799
f 7799 7798 7800
f 7799 7800 7801
f 7801 7800 7802
f 7801 7802 7803
f 7803 7802 7804
f 7803 7804 7805
f 7805 7804 7806
f 7805 7806 7769
f 7769 7806 7770
f 4800 3844 7807
f 7807 3844 7808
f 7807 7808 7809
f 7809 7808 7810
f 7809 7810 7811
f 7811 7810 7812
f 7811 7812 7813
f 7813 7812 7814
f 7813 7814 7815
f 7815 7814 7816
f 7815 7816 7817
f 7817 7816 7818
f 7817 7818 7819
f 7819 7818 7820
f 7819 7820 7787
f 7787 7820 7788
f 7785 4810 7811
f 7811 4810 4809
f 7811 4809 4808
f 7811 4808 7809
f 7809 4808 4807
f 7809 4807 4806
f 7809 4806 7807
f 7807 4806 4805
f 7807 4805 4804
f 7807 4804 4800
f 4800 4804 4803
f 4800 4803 4801
f 4801 4803 4802
f 7811 7813 7785
f 7785 7813 7783
f 7783 7813 7781
f 7781 7813 7779
f 7779 7813 7777
f 7777 7813 7775
f 7775 7813 7773
f 7773 7813 7771
f 7771 7813 7815
f 7771 7815 7769
f 7769 7815 7805
f 7805 7815 7803
f 7803 7815 7817
f 7803 7817 7801
f 7801 7817 7799
f 7799 7817 7819
f 7799 7819 7797
f 7797 7819 7795
f 7795 7819 7787
f 7795 7787 7793
f 7793 7787 7789
f 7793 7789 7791
f 7821 7822 7823
f 7823 7822 7824
f 7823 7824 7825
f 7825 7824 7826
f 7825 7826 7827
f 7827 7826 7828
f 7827 7828 7829
f 7829 7828 7830
f 7829 7830 7831
f 7831 7830 7832
f 7831 7832 7833
f 7833 7832 7834
f 7833 7834 7835
f 7835 7834 7836
f 7835 7836 4799
f 4799 7836 3843
f 7837 7838 7839
f 7839 7838 7840
f 7839 7840 7841
f 7841 7840 7842
f 7841 7842 7843
f 7843 7842 7844
f 7843 7844 7845
f 7845 7844 7846
f 7845 7846 7847
f 7847 7846 7848
f 7847 7848 7849
f 7849 7848 7850
f 7849 7850 7851
f 7851 7850 7852
f 7851 7852 7853
f 7853 7852 7854
f 7853 7854 7855
f 7855 7854 7856
f 7855 7856 7821
f 7821 7856 7822
f 4789 3833 7857
f 7857 3833 7858
f 7857 7858 7859
f 7859 7858 7860
f 7859 7860 7861
f 7861 7860 7862
f 7861 7862 7863
f 7863 7862 7864
f 7863 7864 7865
f 7865 7864 7866
f 7865 7866 7867
f 7867 7866 7868
f 7867 7868 7869
f 7869 7868 7870
f 7869 7870 7871
f 7871 7870 7872
f 7871 7872 7837
f 7837 7872 7838
f 4798 4796 4799
f 4799 4796 4795
f 4799 4795 7835
f 7835 4795 4794
f 7835 4794 4793
f 4798 4797 4796
f 7835 4793 7833
f 7833 4793 4792
f 7833 4792 4791
f 7833 4791 7831
f 7831 4791 4790
f 7831 4790 4789
f 4789 7857 7831
f 7831 7857 7829
f 7829 7857 7859
f 7829 7859 7861
f 7861 7863 7829
f 7829 7863 7865
f 7829 7865 7867
f 7867 7869 7829
f 7829 7869 7871
f 7829 7871 7827
f 7827 7871 7837
f 7827 7837 7839
f 7839 7841 7827
f 7827 7841 7825
f 7825 7841 7843
f 7825 7843 7845
f 7825 7845 7823
f 7823 7845 7847
f 7823 7847 7849
f 7823 7849 7821
f 7821 7849 7851
f 7821 7851 7855
f 7855 7851 7853
f 7873 7874 7875
f 7875 7874 7876
f 7875 7876 7877
f 7877 7876 7878
f 7877 7878 7879
f 7879 7878 7880
f 7879 7880 7881
f 7881 7880 7882
f 7881 7882 7883
f 7883 7882 7884
f 7883 7884 7885
f 7885 7884 7886
f 7885 7886 7887
f 7887 7886 7888
f 7887 7888 7889
f 7889 7888 7890
f 7889 7890 7891
f 7891 7890 7892
f 7891 7892 7893
f 7893 7892 7894
f 4778 3401 7895
f 7895 3401 7896
f 7895 7896 7897
f 7897 7896 7898
f 7897 7898 7899
f 7899 7898 7900
f 7899 7900 7901
f 7901 7900 7902
f 7901 7902 7903
f 7903 7902 7904
f 7903 7904 7905
f 7905 7904 7906
f 7905 7906 7907
f 7907 7906 7908
f 7907 7908 7909
f 7909 7908 7910
f 7909 7910 7873
f 7873 7910 7874
f 7893 7894 7911
f 7911 7894 7912
f 7911 7912 7913
f 7913 7912 7914
f 7913 7914 7915
f 7915 7914 7916
f 7915 7916 7917
f 7917 7916 7918
f 7917 7918 7919
f 7919 7918 7920
f 7919 7920 7921
f 7921 7920 7922
f 7921 7922 7923
f 7923 7922 7924
f 7923 7924 4788
f 4788 7924 3411
f 7909 7873 7915
f 7915 7873 7875
f 7915 7875 7877
f 7915 7877 7913
f 7913 7877 7879
f 7913 7879 7881
f 7913 7881 7911
f 7911 7881 7883
f 7911 7883 7885
f 7911 7885 7893
f 7893 7885 7887
f 7893 7887 7891
f 7891 7887 7889
f 7915 7917 7909
f 7909 7917 7907
f 7907 7917 7905
f 7905 7917 7903
f 7903 7917 7901
f 7901 7917 7899
f 7899 7917 7897
f 7897 7917 7895
f 7895 7917 7919
f 7895 7919 4778
f 4778 7919 4779
f 4779 7919 4780
f 4780 7919 7921
f 4780 7921 4781
f 4781 7921 4782
f 4782 7921 7923
f 4782 7923 4783
f 4783 7923 4784
f 4784 7923 4788
f 4784 4788 4785
f 4785 4788 4787
f 4785 4787 4786
f 7925 7926 7927
f 7927 7926 7928
f 7927 7928 7929
f 7929 7928 7930
f 7929 7930 7931
f 7931 7930 7932
f 7931 7932 7933
f 7933 7932 7934
f 7933 7934 7935
f 7935 7934 7936
f 7935 7936 7937
f 7937 7936 7938
f 7937 7938 7939
f 7939 7938 7940
f 7939 7940 7941
f 7941 7940 7942
f 7941 7942 7943
f 7943 7942 7944
f 7943 7944 7945
f 7945 7944 7946
f 4767 3412 7947
f 7947 3412 7948
f 7947 7948 7949
f 7949 7948 7950
f 7949 7950 7951
f 7951 7950 7952
f 7951 7952 7953
f 7953 7952 7954
f 7953 7954 7955
f 7955 7954 7956
f 7955 7956 7957
f 7957 7956 7958
f 7957 7958 7959
f 7959 7958 7960
f 7959 7960 7925
f 7925 7960 7926
f 7945 7946 7961
f 7961 7946 7962
f 7961 7962 7963
f 7963 7962 7964
f 7963 7964 7965
f 7965 7964 7966
f 7965 7966 7967
f 7967 7966 7968
f 7967 7968 7969
f 7969 7968 7970
f 7969 7970 7971
f 7971 7970 7972
f 7971 7972 7973
f 7973 7972 7974
f 7973 7974 7975
f 7975 7974 7976
f 7975 7976 4777
f 4777 7976 3422
f 7927 7931 7925
f 7925 7931 7933
f 7925 7933 7959
f 7959 7933 7935
f 7959 7935 7937
f 7927 7929 7931
f 7959 7937 7957
f 7957 7937 7939
f 7957 7939 7941
f 7957 7941 7955
f 7955 7941 7943
f 7955 7943 7945
f 7945 7961 7955
f 7955 7961 7953
f 7953 7961 7963
f 7953 7963 7965
f 7965 7967 7953
f 7953 7967 7969
f 7953 7969 7971
f 7971 7973 7953
f 7953 7973 7975
f 7953 7975 7951
f 7951 7975 4777
f 7951 4777 4776
f 4776 4775 7951
f 7951 4775 7949
f 7949 4775 4774
f 7949 4774 4773
f 7949 4773 7947
f 7947 4773 4772
f 7947 4772 4771
f 7947 4771 4767
f 4767 4771 4770
f 4767 4770 4768
f 4768 4770 4769
f 4676 5245 4677
f 4677 5245 5247
f 4677 5247 4678
f 4678 5247 5249
f 4678 5249 4679
f 4679 5249 5251
f 4679 5251 4680
f 4680 5251 5253
f 4680 5253 4681
f 4681 5253 5255
f 4681 5255 4682
f 4682 5255 5257
f 4682 5257 4683
f 4683 5257 5259
f 4683 5259 4684
f 4684 5259 5261
f 4684 5261 4685
f 4685 5261 4686
f 4686 5261 5263
f 4686 5263 4687
f 4687 5263 5265
f 4687 5265 4688
f 4688 5265 5267
f 4688 5267 4689
f 4689 5267 5269
f 4689 5269 4690
f 4690 5269 5219
f 4690 5219 4691
f 4691 5219 5218
f 4691 5218 4692
f 4692 5218 5216
f 4692 5216 4693
f 4693 5216 5214
f 4693 5214 4694
f 4694 5214 5221
f 4694 5221 4695
f 4695 5221 5223
f 4695 5223 4696
f 4696 5223 5225
f 4696 5225 4697
f 4697 5225 5227
f 4697 5227 4698
f 4698 5227 5229
f 4698 5229 4699
f 4699 5229 5231
f 4699 5231 4700
f 4700 5231 4701
f 4701 5231 5233
f 4701 5233 4702
f 4702 5233 5235
f 4702 5235 4703
f 4703 5235 5237
f 4703 5237 4704
f 4704 5237 5239
f 4704 5239 4705
f 4705 5239 5241
f 4705 5241 4706
f 4706 5241 5243
f 4706 5243 4676
f 4676 5243 5245
f 4615 5303 4617
f 4617 5303 5305
f 4617 5305 4619
f 4619 5305 5307
f 4619 5307 4621
f 4621 5307 5309
f 4621 5309 4623
f 4623 5309 5311
f 4623 5311 4625
f 4625 5311 5313
f 4625 5313 4627
f 4627 5313 5315
f 4627 5315 4629
f 4629 5315 5317
f 4629 5317 4631
f 4631 5317 5319
f 4631 5319 4633
f 4633 5319 4635
f 4635 5319 5321
f 4635 5321 4637
f 4637 5321 5323
f 4637 5323 4639
f 4639 5323 5325
f 4639 5325 4641
f 4641 5325 5327
f 4641 5327 4643
f 4643 5327 5277
f 4643 5277 4645
f 4645 5277 5276
f 4645 5276 4647
f 4647 5276 5274
f 4647 5274 4649
f 4649 5274 5272
f 4649 5272 4651
f 4651 5272 5279
f 4651 5279 4653
f 4653 5279 5281
f 4653 5281 4655
f 4655 5281 5283
f 4655 5283 4657
f 4657 5283 5285
f 4657 5285 4659
f 4659 5285 5287
f 4659 5287 4661
f 4661 5287 5289
f 4661 5289 4663
f 4663 5289 4665
f 4665 5289 5291
f 4665 5291 4667
f 4667 5291 5293
f 4667 5293 4669
f 4669 5293 5295
f 4669 5295 4671
f 4671 5295 5297
f 4671 5297 4673
f 4673 5297 5299
f 4673 5299 4675
f 4675 5299 5301
f 4675 5301 4615
f 4615 5301 5303
f 7119 7661 7118
f 7118 7661 5453
f 5453 7661 5451
f 5474 7662 5472
f 5472 7662 5339
f 5339 7662 5340
f 5450 7664 5448
f 5448 7664 5329
f 5329 7664 5330
f 7107 7663 7106
f 7106 7663 5429
f 5429 7663 5427
f 5462 7120 5461
f 5461 7120 7977
f 5461 7977 5460
f 5460 7977 7978
f 5460 7978 5459
f 5459 7978 7979
f 5459 7979 5458
f 5458 7979 5457
f 5457 7979 7980
f 5457 7980 5456
f 5456 7980 7981
f 5456 7981 5455
f 5455 7981 7118
f 5455 7118 5453
f 7110 7112 7982
f 7982 7112 7114
f 7982 7114 7983
f 7983 7114 7116
f 7983 7116 7984
f 7984 7116 7118
f 7984 7118 7985
f 7985 7118 7981
f 7985 7981 7986
f 7986 7981 7980
f 7986 7980 7987
f 7987 7980 7979
f 7987 7979 7988
f 7988 7979 7978
f 7988 7978 7989
f 7989 7978 7990
f 7989 7990 7991
f 7991 7990 7992
f 7992 7990 7977
f 7992 7977 7120
f 7978 7977 7990
f 7991 7993 7989
f 7989 7993 7994
f 7989 7994 7988
f 7988 7994 7995
f 7988 7995 7987
f 7987 7995 7996
f 7987 7996 7986
f 7986 7996 7997
f 7986 7997 7985
f 7985 7997 7984
f 7993 7998 7994
f 7994 7998 7999
f 7994 7999 7995
f 7995 7999 8000
f 7995 8000 7996
f 7996 8000 8001
f 7996 8001 7997
f 7997 8001 8002
f 7997 8002 7984
f 7984 8002 7983
f 7998 8003 7999
f 7999 8003 8004
f 7999 8004 8000
f 8000 8004 8005
f 8000 8005 8001
f 8001 8005 8006
f 8001 8006 8002
f 8002 8006 8007
f 8002 8007 7983
f 7983 8007 7982
f 8003 7110 8004
f 8004 7110 8005
f 8005 7110 8006
f 8006 7110 8007
f 8007 7110 7982
f 7120 7121 8008
f 8008 7121 8009
f 8008 8009 8010
f 8010 8009 8011
f 8010 8011 8012
f 8012 8011 8013
f 8012 8013 8014
f 8014 8013 8015
f 8014 8015 8016
f 8016 8015 8017
f 8016 8017 5347
f 5347 7110 8016
f 8016 7110 8003
f 8016 8003 8014
f 8014 8003 7998
f 8014 7998 8012
f 8012 7998 7993
f 8012 7993 8010
f 8010 7993 7991
f 8010 7991 8008
f 8008 7991 7992
f 8008 7992 7120
f 8018 5339 8019
f 8019 5339 5341
f 8019 5341 8020
f 8020 5341 5343
f 8020 5343 8021
f 8021 5343 5345
f 8021 5345 8022
f 8022 5345 5347
f 5347 8017 8023
f 8023 8017 8015
f 8023 8015 8024
f 8024 8015 8013
f 8024 8013 8025
f 8025 8013 8011
f 8025 8011 8026
f 8026 8011 8009
f 8026 8009 8027
f 8027 8009 8028
f 8027 8028 8029
f 8009 7121 8028
f 8030 8031 8029
f 8029 8031 8026
f 8029 8026 8027
f 8031 8030 8032
f 8032 8030 8033
f 8032 8033 8034
f 8034 8033 8018
f 8034 8018 8019
f 8022 5347 8035
f 8035 5347 8036
f 8036 5347 8037
f 8037 5347 8023
f 8021 8022 8038
f 8038 8022 8035
f 8038 8035 8039
f 8039 8035 8036
f 8039 8036 8040
f 8040 8036 8037
f 8040 8037 8024
f 8024 8037 8023
f 8034 8019 8020
f 8020 8021 8041
f 8041 8021 8038
f 8041 8038 8042
f 8042 8038 8039
f 8042 8039 8043
f 8043 8039 8040
f 8043 8040 8025
f 8025 8040 8024
f 8043 8025 8026
f 8042 8043 8031
f 8031 8043 8026
f 8041 8042 8032
f 8032 8042 8031
f 8020 8041 8034
f 8034 8041 8032
f 5464 5465 7121
f 7121 5465 8028
f 8028 5465 5466
f 8028 5466 8029
f 8029 5466 5467
f 8029 5467 8030
f 8030 5467 5468
f 8030 5468 5469
f 8030 5469 8033
f 8033 5469 5470
f 8033 5470 8018
f 8018 5470 5471
f 8018 5471 5339
f 5339 5471 5472
f 5440 5441 7108
f 7108 5441 8044
f 8044 5441 5442
f 8044 5442 8045
f 8045 5442 5443
f 8045 5443 8046
f 8046 5443 5444
f 8046 5444 5445
f 8046 5445 8047
f 8047 5445 5446
f 8047 5446 8048
f 8048 5446 5447
f 8048 5447 5329
f 5329 5447 5448
f 7108 8044 8049
f 8049 8044 8050
f 8049 8050 8051
f 8051 8050 8045
f 8051 8045 8052
f 8052 8045 8046
f 8052 8046 8053
f 8053 8046 8047
f 8053 8047 8054
f 8054 8047 8055
f 8054 8055 8056
f 8056 8055 8057
f 8056 8057 8058
f 8058 8057 5333
f 8058 5333 5335
f 8044 8045 8050
f 8047 8048 8055
f 8055 8048 8059
f 8055 8059 8057
f 8057 8059 5331
f 8057 5331 5333
f 8048 5329 8059
f 8059 5329 5331
f 5335 5337 8058
f 5337 8060 8061
f 8061 8060 8062
f 8061 8062 8063
f 8063 8062 8064
f 8063 8064 8065
f 8065 8064 8066
f 8065 8066 8051
f 8051 8066 8049
f 8058 5337 8067
f 8067 5337 8068
f 8068 5337 8069
f 8069 5337 8061
f 8065 8051 8070
f 8070 8051 8052
f 8070 8052 8054
f 8054 8052 8053
f 8069 8061 8063
f 8063 8065 8071
f 8071 8065 8070
f 8071 8070 8072
f 8072 8070 8054
f 8072 8054 8056
f 8068 8069 8071
f 8071 8069 8063
f 8068 8071 8072
f 8067 8068 8072
f 8067 8072 8056
f 8058 8067 8056
f 7109 7108 8073
f 8073 7108 8049
f 8073 8049 8074
f 8074 8049 8066
f 8074 8066 8075
f 8075 8066 8064
f 8075 8064 8076
f 8076 8064 8062
f 8076 8062 8077
f 8077 8062 8060
f 8077 8060 5337
f 5337 7098 8077
f 8077 7098 8078
f 8077 8078 8076
f 8076 8078 8079
f 8076 8079 8075
f 8075 8079 8080
f 8075 8080 8074
f 8074 8080 8081
f 8074 8081 8073
f 8073 8081 8082
f 8073 8082 7109
f 7109 8082 8083
f 8083 8082 8084
f 8083 8084 8085
f 8085 8084 8086
f 8085 8086 8087
f 8087 8086 8088
f 8087 8088 8089
f 8089 8088 8090
f 8089 8090 8091
f 8091 8090 8092
f 8091 8092 8093
f 8093 8092 7098
f 8082 8081 8084
f 8084 8081 8086
f 8081 8080 8086
f 8086 8080 8088
f 8080 8079 8088
f 8088 8079 8090
f 8079 8078 8090
f 8090 8078 8092
f 8078 7098 8092
f 7098 7100 8094
f 8094 7100 7102
f 8094 7102 8095
f 8095 7102 7104
f 8095 7104 8096
f 8096 7104 7106
f 8096 7106 8097
f 8096 8097 8098
f 8098 8097 8099
f 8098 8099 8100
f 8100 8099 8101
f 8100 8101 8089
f 8089 8101 8087
f 8099 8102 8101
f 8101 8102 8087
f 8102 8085 8087
f 8093 7098 8103
f 8103 7098 8104
f 8104 7098 8094
f 8104 8094 8095
f 8095 8096 8105
f 8105 8096 8098
f 8105 8098 8106
f 8106 8098 8100
f 8106 8100 8091
f 8091 8100 8089
f 8103 8104 8105
f 8105 8104 8095
f 8103 8105 8106
f 8093 8103 8106
f 8093 8106 8091
f 5429 5431 7106
f 7106 5431 8097
f 8097 5431 5432
f 8097 5432 8099
f 8099 5432 5433
f 8099 5433 8102
f 8102 5433 5434
f 8102 5434 5435
f 8102 5435 8085
f 8085 5435 5436
f 8085 5436 8083
f 8083 5436 5437
f 8083 5437 7109
f 7109 5437 5438
f 2769 5596 8107
f 8107 5596 5595
f 8107 5595 8108
f 8108 5595 5593
f 8108 5593 8109
f 8109 5593 8110
f 8109 8110 7534
f 7534 8110 7535
f 7535 8110 8111
f 7535 8111 8112
f 8112 8111 5591
f 8112 5591 8113
f 8113 5591 8114
f 8113 8114 7536
f 7536 8114 7538
f 7538 8114 8115
f 7538 8115 8116
f 8116 8115 5581
f 8116 5581 8117
f 8117 5581 8118
f 8117 8118 7539
f 7539 8118 8119
f 7539 8119 5423
f 5593 5591 8110
f 8110 5591 8111
f 5591 5581 8114
f 8114 5581 8115
f 8118 5581 8119
f 8119 5581 5423
f 8117 7539 8116
f 8116 7539 7538
f 8113 7536 8112
f 8112 7536 7535
f 8109 7534 8108
f 8108 7534 7525
f 8108 7525 8107
f 8107 7525 2769
f 2769 2768 5596
f 5596 2768 5598
f 5598 2768 2766
f 5598 2766 5600
f 5600 2766 2764
f 5600 2764 5602
f 5602 2764 2762
f 5602 2762 5430
f 5430 2762 2756
f 2756 2703 5430
f 5430 2703 5439
f 2703 2709 5439
f 5439 2709 5573
f 5573 2709 2671
f 5573 2671 5574
f 5574 2671 2670
f 5574 2670 5575
f 5575 2670 2668
f 5575 2668 5576
f 5576 2668 2676
f 5577 5576 8120
f 8120 5576 2676
f 8120 2676 7645
f 8120 7645 8121
f 8121 7645 7644
f 8121 7644 8122
f 8122 7644 8123
f 8122 8123 5578
f 5578 8123 8124
f 5578 8124 5579
f 5579 8124 8125
f 5579 8125 8126
f 8126 8125 7647
f 8126 7647 8127
f 8127 7647 7646
f 8127 7646 8128
f 8128 7646 8129
f 8128 8129 5580
f 5580 8129 8130
f 5580 8130 8131
f 8131 8130 7638
f 8131 7638 8132
f 8132 7638 5417
f 7644 7649 8123
f 8123 7649 8124
f 8124 7649 8125
f 8125 7649 7647
f 7646 7638 8129
f 8129 7638 8130
f 5580 5579 8128
f 8128 5579 8127
f 8122 5578 8121
f 8121 5578 5577
f 8121 5577 8120
f 8127 5579 8126
f 5417 5580 8132
f 8132 5580 8131
f 1405 5589 8133
f 8133 5589 5588
f 8133 5588 8134
f 8134 5588 5586
f 8134 5586 8135
f 8135 5586 8136
f 8135 8136 7399
f 7399 8136 7400
f 7400 8136 8137
f 7400 8137 8138
f 8138 8137 5584
f 8138 5584 8139
f 8139 5584 8140
f 8139 8140 7401
f 7401 8140 7404
f 7404 8140 8141
f 7404 8141 8142
f 8142 8141 5582
f 8142 5582 8143
f 8143 5582 8144
f 8143 8144 7393
f 7393 8144 8145
f 7393 8145 5411
f 5586 5584 8136
f 8136 5584 8137
f 5584 5582 8140
f 8140 5582 8141
f 8144 5582 8145
f 8145 5582 5411
f 8143 7393 8142
f 8142 7393 7404
f 8139 7401 8138
f 8138 7401 7400
f 8135 7399 8134
f 8134 7399 7374
f 8134 7374 8133
f 8133 7374 1405
f 1405 1390 5589
f 5589 1390 5610
f 5610 1390 1389
f 5610 1389 5612
f 5612 1389 1387
f 5612 1387 5614
f 5614 1387 1385
f 5614 1385 5454
f 5454 1385 1379
f 1379 1361 5454
f 5454 1361 5463
f 1361 1367 5463
f 5463 1367 5558
f 5558 1367 1337
f 5558 1337 5559
f 5559 1337 1336
f 5559 1336 5560
f 5560 1336 1334
f 5560 1334 5561
f 5561 1334 1341
f 5562 5561 8146
f 8146 5561 1341
f 8146 1341 7425
f 8146 7425 8147
f 8147 7425 7433
f 8147 7433 8148
f 8148 7433 8149
f 8148 8149 5563
f 5563 8149 8150
f 5563 8150 5564
f 5564 8150 8151
f 5564 8151 8152
f 8152 8151 7430
f 8152 7430 8153
f 8153 7430 7429
f 8153 7429 8154
f 8154 7429 8155
f 8154 8155 5565
f 5565 8155 8156
f 5565 8156 8157
f 8157 8156 7419
f 8157 7419 8158
f 8158 7419 5421
f 7433 7432 8149
f 8149 7432 8150
f 8150 7432 8151
f 8151 7432 7430
f 7429 7419 8155
f 8155 7419 8156
f 5565 5564 8154
f 8154 5564 8153
f 8148 5563 8147
f 8147 5563 5562
f 8147 5562 8146
f 8153 5564 8152
f 5421 5565 8158
f 8158 5565 8157
f 4592 3550 8159
f 8159 3550 8160
f 8159 8160 8161
f 8161 8160 8162
f 8161 8162 8163
f 8163 8162 8164
f 8163 8164 8165
f 8165 8164 8166
f 8165 8166 8167
f 8167 8166 8168
f 8167 8168 8169
f 8169 8168 8170
f 8169 8170 4613
f 4613 8170 3589
f 4603 3535 8171
f 8171 3535 3537
f 8171 3537 8172
f 8172 3537 3539
f 8172 3539 8173
f 8173 3539 3541
f 8173 3541 8174
f 8174 3541 3543
f 8174 3543 8175
f 8175 3543 3545
f 8175 3545 4602
f 4602 3545 3547
f 4612 4611 4613
f 4613 4611 8172
f 4613 8172 8169
f 8169 8172 8167
f 8167 8172 8165
f 8165 8172 8163
f 8163 8172 8161
f 8161 8172 8173
f 8161 8173 8159
f 8159 8173 4592
f 4592 8173 8174
f 4592 8174 4593
f 4593 8174 4594
f 4594 8174 4595
f 4595 8174 8175
f 4595 8175 4596
f 4596 8175 4597
f 4597 8175 4598
f 4598 8175 4602
f 4598 4602 4599
f 4599 4602 4601
f 4599 4601 4600
f 4611 4610 8172
f 8172 4610 4609
f 8172 4609 8171
f 8171 4609 4608
f 8171 4608 4607
f 4607 4606 8171
f 8171 4606 4603
f 4603 4606 4605
f 4603 4605 4604
f 4579 4578 8176
f 8176 4578 8177
f 8176 8177 8178
f 8178 8177 8179
f 8178 8179 8180
f 8180 8179 8181
f 8180 8181 8182
f 8182 8181 8183
f 8182 8183 8184
f 8184 8183 8185
f 8184 8185 8186
f 8186 8185 8187
f 8186 8187 8188
f 8188 8187 8189
f 8188 8189 8190
f 8190 8189 8191
f 8190 8191 8192
f 8192 8191 8193
f 8192 8193 4577
f 4577 8193 3633
f 4570 3619 8194
f 8194 3619 8195
f 8194 8195 8196
f 8196 8195 8197
f 8196 8197 8198
f 8198 8197 8199
f 8198 8199 8200
f 8200 8199 8201
f 8200 8201 8202
f 8202 8201 8203
f 8202 8203 8204
f 8204 8203 8205
f 8204 8205 8206
f 8206 8205 8207
f 8206 8207 8208
f 8208 8207 8209
f 8208 8209 8210
f 8210 8209 8211
f 8210 8211 4591
f 4591 8211 4590
f 8176 8178 4579
f 4579 8178 8180
f 4579 8180 4581
f 4581 8180 8182
f 4581 8182 8184
f 8184 8186 4581
f 4581 8186 4583
f 4583 8186 8188
f 4583 8188 8190
f 8192 4577 8190
f 8190 4577 4583
f 4577 4576 4583
f 4583 4576 4575
f 4583 4575 4574
f 4574 4573 4583
f 4583 4573 4572
f 4583 4572 4585
f 4585 4572 4571
f 4585 4571 4570
f 4585 4570 4587
f 4587 4570 8194
f 4587 8194 8196
f 8196 8198 4587
f 4587 8198 4589
f 4589 8198 8200
f 4589 8200 8202
f 8202 8204 4589
f 4589 8204 4591
f 4591 8204 8206
f 4591 8206 8210
f 8210 8206 8208
f 4562 3685 8212
f 8212 3685 8213
f 8212 8213 8214
f 8214 8213 8215
f 8214 8215 8216
f 8216 8215 8217
f 8216 8217 8218
f 8218 8217 8219
f 8218 8219 8220
f 8220 8219 8221
f 8220 8221 8222
f 8222 8221 8223
f 8222 8223 8224
f 8224 8223 8225
f 8224 8225 8226
f 8226 8225 8227
f 8226 8227 8228
f 8228 8227 8229
f 8228 8229 4561
f 4561 8229 4560
f 4549 4548 8230
f 8230 4548 8231
f 8230 8231 8232
f 8232 8231 8233
f 8232 8233 8234
f 8234 8233 8235
f 8234 8235 8236
f 8236 8235 8237
f 8236 8237 8238
f 8238 8237 8239
f 8238 8239 8240
f 8240 8239 8241
f 8240 8241 8242
f 8242 8241 8243
f 8242 8243 8244
f 8244 8243 8245
f 8244 8245 8246
f 8246 8245 8247
f 8246 8247 4569
f 4569 8247 3699
f 8212 8214 4562
f 4562 8214 4557
f 4562 4557 4563
f 4563 4557 4564
f 4564 4557 4565
f 4565 4557 4566
f 4566 4557 4567
f 4567 4557 4555
f 4567 4555 4568
f 4568 4555 4569
f 4569 4555 4553
f 4569 4553 8246
f 8246 4553 8244
f 8244 4553 8242
f 8242 4553 4551
f 8242 4551 8240
f 8240 4551 8238
f 8238 4551 8236
f 8236 4551 4549
f 8236 4549 8234
f 8234 4549 8230
f 8234 8230 8232
f 8214 8216 4557
f 4557 8216 8218
f 4557 8218 4559
f 4559 8218 8220
f 4559 8220 8222
f 8222 8224 4559
f 4559 8224 4561
f 4561 8224 8226
f 4561 8226 8228
f 4526 3778 8248
f 8248 3778 3800
f 8248 3800 8249
f 8249 3800 3802
f 8249 3802 8250
f 8250 3802 3804
f 8250 3804 8251
f 8251 3804 3806
f 8251 3806 8252
f 8252 3806 3808
f 8252 3808 4547
f 4547 3808 3810
f 4537 3813 8253
f 8253 3813 8254
f 8253 8254 8255
f 8255 8254 8256
f 8255 8256 8257
f 8257 8256 8258
f 8257 8258 8259
f 8259 8258 8260
f 8259 8260 8261
f 8261 8260 8262
f 8261 8262 8263
f 8263 8262 8264
f 8263 8264 4536
f 4536 8264 3798
f 4546 4545 4547
f 4547 4545 4544
f 4547 4544 8252
f 8252 4544 4543
f 8252 4543 4542
f 4542 4541 8252
f 8252 4541 8251
f 8251 4541 4540
f 8251 4540 4539
f 4538 4537 4539
f 4539 4537 8251
f 4537 8253 8251
f 8251 8253 8255
f 8251 8255 8257
f 8257 8259 8251
f 8251 8259 8261
f 8251 8261 8250
f 8250 8261 8263
f 8250 8263 4536
f 8250 4536 8249
f 8249 4536 4535
f 8249 4535 4534
f 4534 4533 8249
f 8249 4533 8248
f 8248 4533 4532
f 8248 4532 4531
f 4531 4530 8248
f 8248 4530 4526
f 4526 4530 4529
f 4526 4529 4527
f 4527 4529 4528
f 3844 2816 7808
f 7808 2816 2818
f 7808 2818 7810
f 7810 2818 2820
f 7810 2820 7812
f 7812 2820 2822
f 7812 2822 7814
f 7814 2822 2824
f 7814 2824 7816
f 7816 2824 2826
f 7816 2826 7818
f 7818 2826 2828
f 7818 2828 7820
f 7820 2828 2830
f 7820 2830 7788
f 7788 2830 2832
f 2832 2834 7788
f 7788 2834 7790
f 7790 2834 2835
f 7790 2835 7792
f 7792 2835 2837
f 7792 2837 7794
f 7794 2837 2839
f 7794 2839 7796
f 7796 2839 2840
f 7796 2840 7798
f 7798 2840 2876
f 7798 2876 7800
f 7800 2876 2874
f 7800 2874 7802
f 7802 2874 2872
f 7802 2872 7804
f 7804 2872 2877
f 7804 2877 7806
f 7806 2877 2879
f 7806 2879 7770
f 7770 2879 2881
f 7770 2881 7772
f 7772 2881 2882
f 7772 2882 7774
f 7774 2882 2883
f 7774 2883 7776
f 7776 2883 2884
f 7776 2884 7778
f 7778 2884 2885
f 7778 2885 7780
f 7780 2885 2886
f 7780 2886 7782
f 7782 2886 2887
f 7782 2887 7784
f 7784 2887 2888
f 7784 2888 7786
f 7786 2888 2889
f 7786 2889 3854
f 3854 2889 2853
f 6772 6771 2875
f 2875 6771 2873
f 2873 6771 2871
f 2871 6771 6770
f 2871 6770 2878
f 2878 6770 6769
f 2878 6769 2880
f 2880 6769 6768
f 2880 6768 2890
f 2890 6768 6767
f 2890 6767 2891
f 2891 6767 6766
f 2891 6766 2892
f 2892 6766 6765
f 2892 6765 2893
f 2893 6765 6764
f 2893 6764 2894
f 2894 6764 6763
f 2894 6763 2895
f 2875 2842 6772
f 6772 2842 6773
f 6773 2842 2795
f 6773 2795 6774
f 6774 2795 2794
f 6774 2794 6775
f 6775 2794 2910
f 6775 2910 6776
f 6776 2910 2908
f 6776 2908 6777
f 6777 2908 2906
f 6777 2906 6778
f 6778 2906 2904
f 6778 2904 6779
f 6779 2904 2901
f 6779 2901 6780
f 6780 2901 2896
f 6763 6780 2895
f 2895 6780 2896
f 6754 6753 2845
f 2845 6753 2844
f 2844 6753 2843
f 2843 6753 6752
f 2843 6752 2848
f 2848 6752 6751
f 2848 6751 2849
f 2849 6751 6750
f 2849 6750 2850
f 2850 6750 6749
f 2850 6749 2851
f 2851 6749 6748
f 2851 6748 2852
f 2852 6748 6747
f 2852 6747 2855
f 2855 6747 6746
f 2855 6746 2857
f 2857 6746 6745
f 2857 6745 2859
f 2845 2870 6754
f 6754 2870 6755
f 6755 2870 2868
f 6755 2868 6756
f 6756 2868 2866
f 6756 2866 6757
f 6757 2866 2864
f 6757 2864 6758
f 6758 2864 2863
f 6758 2863 6759
f 6759 2863 2803
f 6759 2803 6760
f 6760 2803 2804
f 6760 2804 6761
f 6761 2804 2806
f 6761 2806 6762
f 6762 2806 2861
f 6745 6762 2859
f 2859 6762 2861
f 2798 2683 5967
f 5967 2683 5971
f 2683 2684 5971
f 5971 2684 5973
f 5973 2684 2687
f 5973 2687 5975
f 5975 2687 2689
f 5975 2689 5977
f 5977 2689 2711
f 5977 2711 5979
f 5979 2711 2714
f 5979 2714 5981
f 5981 2714 2716
f 5981 2716 5983
f 5983 2716 2719
f 5983 2719 5985
f 5985 2719 2721
f 5985 2721 5987
f 5987 2721 2723
f 5987 2723 5989
f 5989 2723 2725
f 5989 2725 5991
f 5991 2725 2727
f 5991 2727 5993
f 5993 2727 2729
f 5993 2729 5995
f 5995 2729 2731
f 5995 2731 5997
f 5997 2731 2733
f 5997 2733 5999
f 5999 2733 2735
f 5999 2735 6001
f 6001 2735 2738
f 6001 2738 6003
f 6003 2738 2740
f 6003 2740 6005
f 6005 2740 2745
f 6005 2745 6007
f 6007 2745 2779
f 6007 2779 6009
f 6009 2779 2781
f 6009 2781 5969
f 5969 2781 2787
f 2798 5967 2800
f 2800 5967 5965
f 2800 5965 2802
f 2802 5965 5963
f 2802 5963 2805
f 2805 5963 5961
f 2805 5961 2809
f 2809 5961 5959
f 2809 5959 2812
f 2812 5959 5957
f 2812 5957 2814
f 2814 5957 5955
f 2814 5955 2817
f 2817 5955 5953
f 2817 5953 2819
f 2819 5953 5951
f 2819 5951 2821
f 2821 5951 5949
f 2821 5949 2823
f 2823 5949 5947
f 2823 5947 2825
f 2825 5947 5945
f 2825 5945 2827
f 2827 5945 5943
f 2827 5943 2829
f 2829 5943 5941
f 2829 5941 2831
f 2831 5941 5939
f 2831 5939 2833
f 2833 5939 5937
f 2833 5937 2836
f 2836 5937 5935
f 2836 5935 2838
f 2838 5935 5933
f 2838 5933 2841
f 2841 5933 5931
f 2841 5931 2793
f 2793 5931 5929
f 2793 5929 2791
f 2791 5929 5927
f 2791 5927 2789
f 2787 2789 5969
f 5969 2789 5927
f 6790 6789 2748
f 2748 6789 2746
f 2746 6789 2744
f 2744 6789 6788
f 2744 6788 2778
f 2778 6788 6787
f 2778 6787 2780
f 2780 6787 6786
f 2780 6786 2782
f 2782 6786 6785
f 2782 6785 2783
f 2783 6785 6784
f 2783 6784 2784
f 2784 6784 6783
f 2784 6783 2796
f 2796 6783 6782
f 2796 6782 2797
f 2797 6782 6781
f 2797 6781 2765
f 2748 2750 6790
f 6790 2750 6791
f 6791 2750 2753
f 6791 2753 6792
f 6792 2753 2755
f 6792 2755 6793
f 6793 2755 2757
f 6793 2757 6794
f 6794 2757 2758
f 6794 2758 6795
f 6795 2758 2759
f 6795 2759 6796
f 6796 2759 2760
f 6796 2760 6797
f 6797 2760 2761
f 6797 2761 6798
f 6798 2761 2763
f 6781 6798 2765
f 2765 6798 2763
f 3833 2701 7858
f 7858 2701 2777
f 7858 2777 7860
f 7860 2777 2776
f 7860 2776 7862
f 7862 2776 2775
f 7862 2775 7864
f 7864 2775 2774
f 7864 2774 7866
f 7866 2774 2773
f 7866 2773 7868
f 7868 2773 2772
f 7868 2772 7870
f 7870 2772 2771
f 7870 2771 7872
f 7872 2771 2770
f 7872 2770 7838
f 7838 2770 2754
f 2754 2752 7838
f 7838 2752 7840
f 7840 2752 2751
f 7840 2751 7842
f 7842 2751 2749
f 7842 2749 7844
f 7844 2749 2747
f 7844 2747 7846
f 7846 2747 2743
f 7846 2743 7848
f 7848 2743 2742
f 7848 2742 7850
f 7850 2742 2741
f 7850 2741 7852
f 7852 2741 2739
f 7852 2739 7854
f 7854 2739 2737
f 7854 2737 7856
f 7856 2737 2736
f 7856 2736 7822
f 7822 2736 2734
f 7822 2734 7824
f 7824 2734 2732
f 7824 2732 7826
f 7826 2732 2730
f 7826 2730 7828
f 7828 2730 2728
f 7828 2728 7830
f 7830 2728 2726
f 7830 2726 7832
f 7832 2726 2724
f 7832 2724 7834
f 7834 2724 2722
f 7834 2722 7836
f 7836 2722 2720
f 7836 2720 3843
f 3843 2720 2718
f 6736 6735 2710
f 2710 6735 2669
f 2669 6735 2667
f 2667 6735 6734
f 2667 6734 2672
f 2672 6734 6733
f 2672 6733 2680
f 2680 6733 6732
f 2680 6732 2682
f 2682 6732 6731
f 2682 6731 2685
f 2685 6731 6730
f 2685 6730 2686
f 2686 6730 6729
f 2686 6729 2688
f 2688 6729 6728
f 2688 6728 2690
f 2690 6728 6727
f 2690 6727 2693
f 2710 2708 6736
f 6736 2708 6737
f 6737 2708 2707
f 6737 2707 6738
f 6738 2707 2706
f 6738 2706 6739
f 6739 2706 2705
f 6739 2705 6740
f 6740 2705 2704
f 6740 2704 6741
f 6741 2704 2702
f 6741 2702 6742
f 6742 2702 2700
f 6742 2700 6743
f 6743 2700 2697
f 6743 2697 6744
f 6744 2697 2695
f 6727 6744 2693
f 2693 6744 2695
f 6279 6398 6996
f 6996 6398 6997
f 6398 6400 6997
f 6997 6400 7009
f 7009 6400 6402
f 7009 6402 7010
f 7010 6402 6404
f 7010 6404 7011
f 7011 6404 6406
f 7011 6406 7012
f 7012 6406 6386
f 7012 6386 7013
f 7013 6386 6387
f 7013 6387 7014
f 7014 6387 6388
f 7014 6388 7015
f 7015 6388 6389
f 7015 6389 7016
f 7016 6389 6390
f 7016 6390 7017
f 7017 6390 6418
f 7017 6418 7018
f 7018 6418 6417
f 7018 6417 7019
f 7019 6417 6419
f 7019 6419 6994
f 6994 6419 6420
f 6279 6996 6278
f 6278 6996 7008
f 6278 7008 6276
f 6276 7008 7007
f 6276 7007 6273
f 6273 7007 7006
f 6273 7006 6271
f 6271 7006 7005
f 6271 7005 6270
f 6270 7005 7004
f 6270 7004 6269
f 6269 7004 7003
f 6269 7003 6454
f 6454 7003 7002
f 6454 7002 6426
f 6426 7002 7001
f 6426 7001 6425
f 6425 7001 7000
f 6425 7000 6424
f 6424 7000 6999
f 6424 6999 6423
f 6423 6999 6998
f 6423 6998 6422
f 6422 6998 6995
f 6422 6995 6421
f 6420 6421 6994
f 6994 6421 6995
f 6308 6307 7074
f 7074 6307 7075
f 6307 6433 7075
f 7075 6433 7087
f 7087 6433 6432
f 7087 6432 7088
f 7088 6432 6434
f 7088 6434 7089
f 7089 6434 6435
f 7089 6435 7090
f 7090 6435 6436
f 7090 6436 7091
f 7091 6436 6437
f 7091 6437 7092
f 7092 6437 6438
f 7092 6438 7093
f 7093 6438 6368
f 7093 6368 7094
f 7094 6368 6370
f 7094 6370 7095
f 7095 6370 6371
f 7095 6371 7096
f 7096 6371 6373
f 7096 6373 7097
f 7097 6373 6375
f 7097 6375 7072
f 7072 6375 6377
f 6308 7074 6455
f 6455 7074 7086
f 6455 7086 6456
f 6456 7086 7085
f 6456 7085 6457
f 6457 7085 7084
f 6457 7084 6458
f 6458 7084 7083
f 6458 7083 6459
f 6459 7083 7082
f 6459 7082 6460
f 6460 7082 7081
f 6460 7081 6296
f 6296 7081 7080
f 6296 7080 6295
f 6295 7080 7079
f 6295 7079 6293
f 6293 7079 7078
f 6293 7078 6290
f 6290 7078 7077
f 6290 7077 6287
f 6287 7077 7076
f 6287 7076 6288
f 6288 7076 7073
f 6288 7073 6289
f 6377 6289 7072
f 7072 6289 7073
f 6357 6356 7048
f 7048 6356 7049
f 6356 6355 7049
f 7049 6355 7061
f 7061 6355 6354
f 7061 6354 7062
f 7062 6354 6353
f 7062 6353 7063
f 7063 6353 6352
f 7063 6352 7064
f 7064 6352 6351
f 7064 6351 7065
f 7065 6351 6350
f 7065 6350 7066
f 7066 6350 6349
f 7066 6349 7067
f 7067 6349 6348
f 7067 6348 7068
f 7068 6348 6347
f 7068 6347 7069
f 7069 6347 6346
f 7069 6346 7070
f 7070 6346 6345
f 7070 6345 7071
f 7071 6345 6344
f 7071 6344 7046
f 7046 6344 6360
f 6357 7048 6358
f 6358 7048 7060
f 6358 7060 6359
f 6359 7060 7059
f 6359 7059 6431
f 6431 7059 7058
f 6431 7058 6430
f 6430 7058 7057
f 6430 7057 6429
f 6429 7057 7056
f 6429 7056 6428
f 6428 7056 7055
f 6428 7055 6427
f 6427 7055 7054
f 6427 7054 6366
f 6366 7054 7053
f 6366 7053 6365
f 6365 7053 7052
f 6365 7052 6364
f 6364 7052 7051
f 6364 7051 6363
f 6363 7051 7050
f 6363 7050 6362
f 6362 7050 7047
f 6362 7047 6361
f 6360 6361 7046
f 7046 6361 7047
f 6395 6396 7022
f 7022 6396 7023
f 6396 6382 7023
f 7023 6382 7035
f 7035 6382 6383
f 7035 6383 7036
f 7036 6383 6461
f 7036 6461 7037
f 7037 6461 6440
f 7037 6440 7038
f 7038 6440 6439
f 7038 6439 7039
f 7039 6439 6441
f 7039 6441 7040
f 7040 6441 6442
f 7040 6442 7041
f 7041 6442 6443
f 7041 6443 7042
f 7042 6443 6444
f 7042 6444 7043
f 7043 6444 6445
f 7043 6445 7044
f 7044 6445 6446
f 7044 6446 7045
f 7045 6446 6447
f 7045 6447 7020
f 7020 6447 6252
f 6395 7022 6394
f 6394 7022 7034
f 6394 7034 6393
f 6393 7034 7033
f 6393 7033 6391
f 6391 7033 7032
f 6391 7032 6392
f 6392 7032 7031
f 6392 7031 6384
f 6384 7031 7030
f 6384 7030 6416
f 6416 7030 7029
f 6416 7029 6415
f 6415 7029 7028
f 6415 7028 6259
f 6259 7028 7027
f 6259 7027 6258
f 6258 7027 7026
f 6258 7026 6257
f 6257 7026 7025
f 6257 7025 6256
f 6256 7025 7024
f 6256 7024 6255
f 6255 7024 7021
f 6255 7021 6254
f 6252 6254 7020
f 7020 6254 7021
f 3813 3812 8254
f 8254 3812 6241
f 8254 6241 8256
f 8256 6241 6242
f 8256 6242 8258
f 8258 6242 6243
f 8258 6243 8260
f 8260 6243 6244
f 8260 6244 8262
f 8262 6244 6245
f 8262 6245 8264
f 8264 6245 6246
f 8264 6246 3798
f 3798 6246 3799
f 3700 6214 3701
f 3701 6214 7756
f 7756 6214 6220
f 7756 6220 7758
f 7758 6220 6219
f 7758 6219 7760
f 7760 6219 6218
f 7760 6218 7762
f 7762 6218 6221
f 7762 6221 7764
f 7764 6221 6223
f 7764 6223 7766
f 7766 6223 6229
f 7766 6229 7768
f 7768 6229 6228
f 7768 6228 7732
f 7732 6228 6227
f 6227 6230 7732
f 7732 6230 7734
f 7734 6230 6232
f 7734 6232 7736
f 7736 6232 6233
f 7736 6233 7738
f 7738 6233 6234
f 7738 6234 7740
f 7740 6234 6235
f 7740 6235 7742
f 7742 6235 6236
f 7742 6236 7744
f 7744 6236 6237
f 7744 6237 7746
f 7746 6237 6326
f 7746 6326 7748
f 7748 6326 6325
f 7748 6325 7750
f 7750 6325 6324
f 7750 6324 7752
f 7752 6324 6323
f 7752 6323 7754
f 7754 6323 6327
f 7754 6327 7718
f 7718 6327 6328
f 7718 6328 7720
f 7720 6328 6329
f 7720 6329 7722
f 7722 6329 6330
f 7722 6330 7724
f 7724 6330 6331
f 7724 6331 7726
f 7726 6331 6332
f 7726 6332 7728
f 7728 6332 6333
f 7728 6333 7730
f 7730 6333 6334
f 7730 6334 3725
f 3725 6334 3726
f 3684 6449 3685
f 3685 6449 8213
f 8213 6449 6450
f 8213 6450 8215
f 8215 6450 6451
f 8215 6451 8217
f 8217 6451 6452
f 8217 6452 8219
f 8219 6452 6453
f 8219 6453 8221
f 8221 6453 6448
f 8221 6448 8223
f 8223 6448 6338
f 8223 6338 8225
f 8225 6338 6337
f 8225 6337 8227
f 8227 6337 6336
f 8227 6336 8229
f 8229 6336 6335
f 8229 6335 4560
f 4560 6335 6465
f 3698 3699 6414
f 6414 3699 8247
f 6414 8247 6413
f 6413 8247 8245
f 6413 8245 6412
f 6412 8245 8243
f 6412 8243 6411
f 6411 8243 8241
f 6411 8241 6410
f 6410 8241 8239
f 6410 8239 6409
f 6409 8239 8237
f 6409 8237 6408
f 6408 8237 8235
f 6408 8235 6407
f 6407 8235 8233
f 6407 8233 6343
f 6343 8233 8231
f 6343 8231 6342
f 6342 8231 4548
f 6342 4548 6339
f 4560 6465 4558
f 4558 6465 6464
f 4558 6464 4556
f 4556 6464 6463
f 4556 6463 4554
f 4554 6463 6462
f 4554 6462 4552
f 4552 6462 6341
f 4552 6341 4550
f 4550 6341 6340
f 4550 6340 4548
f 4548 6340 6339
f 1226 1228 6966
f 6966 1228 6967
f 1228 1230 6967
f 6967 1230 6968
f 6968 1230 1271
f 6968 1271 6969
f 6969 1271 1270
f 6969 1270 6970
f 6970 1270 1441
f 6970 1441 6971
f 6971 1441 1439
f 6971 1439 6972
f 6972 1439 1437
f 6972 1437 6973
f 6973 1437 1435
f 6973 1435 6974
f 6974 1435 1433
f 6974 1433 6975
f 6975 1433 1430
f 1226 6966 1224
f 1224 6966 6965
f 1224 6965 1222
f 1222 6965 6964
f 1222 6964 1197
f 1197 6964 6963
f 1197 6963 1424
f 1424 6963 6962
f 1424 6962 1425
f 1425 6962 6961
f 1425 6961 1426
f 1426 6961 6960
f 1426 6960 1427
f 1427 6960 6959
f 1427 6959 1428
f 1428 6959 6958
f 1428 6958 1429
f 1430 1429 6975
f 6975 1429 6958
f 5862 5861 6877
f 6877 5861 6878
f 5861 5860 6878
f 6878 5860 6881
f 6881 5860 5864
f 6881 5864 6882
f 6882 5864 5865
f 6882 5865 6883
f 6883 5865 5866
f 6883 5866 6884
f 6884 5866 5867
f 6884 5867 6885
f 6885 5867 5868
f 6885 5868 6886
f 6886 5868 5794
f 6886 5794 6887
f 6887 5794 5793
f 6887 5793 6888
f 6888 5793 5796
f 6888 5796 6889
f 6889 5796 5797
f 6889 5797 6890
f 6890 5797 5799
f 6890 5799 6891
f 6891 5799 5801
f 6891 5801 6879
f 6879 5801 5803
f 5862 6877 5863
f 5863 6877 6902
f 5863 6902 5880
f 5880 6902 6901
f 5880 6901 5881
f 5881 6901 6900
f 5881 6900 5882
f 5882 6900 6899
f 5882 6899 5883
f 5883 6899 6898
f 5883 6898 5884
f 5884 6898 6897
f 5884 6897 5738
f 5738 6897 6896
f 5738 6896 5737
f 5737 6896 6895
f 5737 6895 5735
f 5735 6895 6894
f 5735 6894 5732
f 5732 6894 6893
f 5732 6893 5729
f 5729 6893 6892
f 5729 6892 5730
f 5730 6892 6880
f 5730 6880 5731
f 5803 5731 6879
f 6879 5731 6880
f 5721 5809 6799
f 6799 5809 6800
f 5809 5811 6800
f 6800 5811 6803
f 6803 5811 5813
f 6803 5813 6804
f 6804 5813 5815
f 6804 5815 6805
f 6805 5815 5817
f 6805 5817 6806
f 6806 5817 5818
f 6806 5818 6807
f 6807 5818 5872
f 6807 5872 6808
f 6808 5872 5873
f 6808 5873 6809
f 6809 5873 5874
f 6809 5874 6810
f 6810 5874 5875
f 6810 5875 6811
f 6811 5875 5885
f 6811 5885 6812
f 6812 5885 5694
f 6812 5694 6813
f 6813 5694 5693
f 6813 5693 6801
f 6801 5693 5692
f 5721 6799 5720
f 5720 6799 6824
f 5720 6824 5718
f 5718 6824 6823
f 5718 6823 5715
f 5715 6823 6822
f 5715 6822 5713
f 5713 6822 6821
f 5713 6821 5714
f 5714 6821 6820
f 5714 6820 5704
f 5704 6820 6819
f 5704 6819 5705
f 5705 6819 6818
f 5705 6818 5706
f 5706 6818 6817
f 5706 6817 5707
f 5707 6817 6816
f 5707 6816 5708
f 5708 6816 6815
f 5708 6815 5709
f 5709 6815 6814
f 5709 6814 5710
f 5710 6814 6802
f 5710 6802 5711
f 5692 5711 6801
f 6801 5711 6802
f 5762 5764 6825
f 6825 5764 6826
f 5764 5766 6826
f 6826 5766 6829
f 6829 5766 5824
f 6829 5824 6830
f 6830 5824 5826
f 6830 5826 6831
f 6831 5826 5666
f 6831 5666 6832
f 6832 5666 5665
f 6832 5665 6833
f 6833 5665 5843
f 6833 5843 6834
f 6834 5843 5844
f 6834 5844 6835
f 6835 5844 5845
f 6835 5845 6836
f 6836 5845 5846
f 6836 5846 6837
f 6837 5846 5847
f 6837 5847 6838
f 6838 5847 5848
f 6838 5848 6839
f 6839 5848 5675
f 6839 5675 6827
f 6827 5675 5677
f 5762 6825 5760
f 5760 6825 6850
f 5760 6850 5758
f 5758 6850 6849
f 5758 6849 5756
f 5756 6849 6848
f 5756 6848 5751
f 5751 6848 6847
f 5751 6847 5753
f 5753 6847 6846
f 5753 6846 5754
f 5754 6846 6845
f 5754 6845 5755
f 5755 6845 6844
f 5755 6844 5879
f 5879 6844 6843
f 5879 6843 5878
f 5878 6843 6842
f 5878 6842 5877
f 5877 6842 6841
f 5877 6841 5876
f 5876 6841 6840
f 5876 6840 5683
f 5683 6840 6828
f 5683 6828 5679
f 5677 5679 6827
f 6827 5679 6828
f 4590 5830 4588
f 4588 5830 5888
f 4588 5888 4586
f 4586 5888 5887
f 4586 5887 4584
f 4584 5887 5890
f 4584 5890 4582
f 4582 5890 5889
f 4582 5889 4580
f 4580 5889 5886
f 4580 5886 4578
f 4578 5886 5831
f 5831 5832 4578
f 4578 5832 8177
f 8177 5832 5655
f 8177 5655 8179
f 8179 5655 5654
f 8179 5654 8181
f 8181 5654 5656
f 8181 5656 8183
f 8183 5656 5854
f 8183 5854 8185
f 8185 5854 5855
f 8185 5855 8187
f 8187 5855 5856
f 8187 5856 8189
f 8189 5856 5857
f 8189 5857 8191
f 8191 5857 5858
f 8191 5858 8193
f 8193 5858 5859
f 8193 5859 3633
f 3633 5859 3632
f 5830 4590 5829
f 5829 4590 8211
f 5829 8211 5828
f 5828 8211 8209
f 5828 8209 5825
f 5825 8209 8207
f 5825 8207 5827
f 5827 8207 8205
f 5827 8205 5664
f 5664 8205 8203
f 5664 8203 5663
f 5663 8203 8201
f 5663 8201 5662
f 5662 8201 8199
f 5662 8199 5661
f 5661 8199 8197
f 5661 8197 5660
f 5660 8197 8195
f 5660 8195 5659
f 5659 8195 3619
f 5659 3619 3618
f 5634 5642 7690
f 7690 5642 7704
f 7704 5642 5641
f 7704 5641 7706
f 7706 5641 5640
f 7706 5640 7708
f 7708 5640 5639
f 7708 5639 7710
f 7710 5639 5643
f 7710 5643 7712
f 7712 5643 5645
f 7712 5645 7714
f 7714 5645 5650
f 7714 5650 7716
f 7716 5650 5649
f 7716 5649 3616
f 3616 5649 3617
f 5634 7690 5635
f 5635 7690 7688
f 5635 7688 5631
f 5631 7688 7686
f 5631 7686 5632
f 5632 7686 7684
f 5632 7684 5629
f 5629 7684 7682
f 5629 7682 5850
f 5850 7682 7680
f 5850 7680 5849
f 5849 7680 7678
f 5849 7678 5851
f 5851 7678 7676
f 5851 7676 5852
f 5852 7676 7674
f 5852 7674 5853
f 5853 7674 7672
f 5853 7672 5842
f 5842 7672 7670
f 5842 7670 5840
f 5840 7670 7668
f 5840 7668 5841
f 5841 7668 7666
f 5841 7666 5839
f 3592 3591 7692
f 7692 3591 5833
f 7692 5833 7694
f 7694 5833 5834
f 7694 5834 7696
f 7696 5834 5835
f 7696 5835 7698
f 7698 5835 5836
f 7698 5836 7700
f 7700 5836 5837
f 7700 5837 7702
f 7702 5837 5838
f 7702 5838 7666
f 7666 5838 5839
f 3550 3549 8160
f 8160 3549 5820
f 8160 5820 8162
f 8162 5820 5821
f 8162 5821 8164
f 8164 5821 5822
f 8164 5822 8166
f 8166 5822 5823
f 8166 5823 8168
f 8168 5823 5892
f 8168 5892 8170
f 8170 5892 5891
f 8170 5891 3589
f 3589 5891 3590
f 5748 5893 6851
f 6851 5893 6852
f 5893 5894 6852
f 6852 5894 6855
f 6855 5894 5895
f 6855 5895 6856
f 6856 5895 5896
f 6856 5896 6857
f 6857 5896 5897
f 6857 5897 6858
f 6858 5897 5898
f 6858 5898 6859
f 6859 5898 5899
f 6859 5899 6860
f 6860 5899 5900
f 6860 5900 6861
f 6861 5900 5901
f 6861 5901 6862
f 6862 5901 5902
f 6862 5902 6863
f 6863 5902 5903
f 6863 5903 6864
f 6864 5903 5774
f 6864 5774 6865
f 6865 5774 5773
f 6865 5773 6853
f 6853 5773 5776
f 5748 6851 5749
f 5749 6851 6876
f 5749 6876 5871
f 5871 6876 6875
f 5871 6875 5870
f 5870 6875 6874
f 5870 6874 5869
f 5869 6874 6873
f 5869 6873 5791
f 5791 6873 6872
f 5791 6872 5790
f 5790 6872 6871
f 5790 6871 5789
f 5789 6871 6870
f 5789 6870 5788
f 5788 6870 6869
f 5788 6869 5786
f 5786 6869 6868
f 5786 6868 5784
f 5784 6868 6867
f 5784 6867 5782
f 5782 6867 6866
f 5782 6866 5780
f 5780 6866 6854
f 5780 6854 5778
f 5776 5778 6853
f 6853 5778 6854
f 1407 1408 6948
f 6948 1408 6949
f 1408 1423 6949
f 6949 1423 6950
f 6950 1423 1421
f 6950 1421 6951
f 6951 1421 1419
f 6951 1419 6952
f 6952 1419 1417
f 6952 1417 6953
f 6953 1417 1415
f 6953 1415 6954
f 6954 1415 1331
f 6954 1331 6955
f 6955 1331 1332
f 6955 1332 6956
f 6956 1332 1218
f 6956 1218 6957
f 6957 1218 1216
f 1407 6948 1406
f 1406 6948 6947
f 1406 6947 1411
f 1411 6947 6946
f 1411 6946 1412
f 1412 6946 6945
f 1412 6945 1413
f 1413 6945 6944
f 1413 6944 1414
f 1414 6944 6943
f 1414 6943 1208
f 1208 6943 6942
f 1208 6942 1210
f 1210 6942 6941
f 1210 6941 1212
f 1212 6941 6940
f 1212 6940 1214
f 1216 1214 6957
f 6957 1214 6940
f 1369 1371 6984
f 6984 1371 6985
f 1371 1373 6985
f 6985 1373 6986
f 6986 1373 1376
f 6986 1376 6987
f 6987 1376 1378
f 6987 1378 6988
f 6988 1378 1380
f 6988 1380 6989
f 6989 1380 1381
f 6989 1381 6990
f 6990 1381 1382
f 6990 1382 6991
f 6991 1382 1383
f 6991 1383 6992
f 6992 1383 1384
f 6992 1384 6993
f 6993 1384 1386
f 1369 6984 1280
f 1280 6984 6983
f 1280 6983 1278
f 1278 6983 6982
f 1278 6982 1276
f 1276 6982 6981
f 1276 6981 1277
f 1277 6981 6980
f 1277 6980 1273
f 1273 6980 6979
f 1273 6979 1399
f 1399 6979 6978
f 1399 6978 1401
f 1401 6978 6977
f 1401 6977 1403
f 1403 6977 6976
f 1403 6976 1388
f 1386 1388 6993
f 6993 1388 6976
f 7946 1359 7962
f 7962 1359 1398
f 7962 1398 7964
f 7964 1398 1397
f 7964 1397 7966
f 7966 1397 1396
f 7966 1396 7968
f 7968 1396 1395
f 7968 1395 7970
f 7970 1395 1394
f 7970 1394 7972
f 7972 1394 1393
f 7972 1393 7974
f 7974 1393 1392
f 7974 1392 7976
f 7976 1392 1391
f 7976 1391 3422
f 3422 1391 1377
f 1359 7946 1357
f 1357 7946 7944
f 1357 7944 1356
f 1356 7944 7942
f 1356 7942 1354
f 1354 7942 7940
f 1354 7940 1352
f 1352 7940 7938
f 1352 7938 1350
f 1350 7938 7936
f 1350 7936 1314
f 1314 7936 7934
f 1314 7934 1313
f 1313 7934 7932
f 1313 7932 1311
f 1311 7932 7930
f 1311 7930 1309
f 1309 7930 7928
f 1309 7928 1308
f 1308 7928 7926
f 1308 7926 1306
f 3412 1290 7948
f 7948 1290 1292
f 7948 1292 7950
f 7950 1292 1294
f 7950 1294 7952
f 7952 1294 1296
f 7952 1296 7954
f 7954 1296 1298
f 7954 1298 7956
f 7956 1298 1300
f 7956 1300 7958
f 7958 1300 1302
f 7958 1302 7960
f 7960 1302 1304
f 7960 1304 7926
f 7926 1304 1306
f 1335 1368 6930
f 6930 1368 6931
f 1368 1366 6931
f 6931 1366 6932
f 6932 1366 1365
f 6932 1365 6933
f 6933 1365 1364
f 6933 1364 6934
f 6934 1364 1363
f 6934 1363 6935
f 6935 1363 1362
f 6935 1362 6936
f 6936 1362 1360
f 6936 1360 6937
f 6937 1360 1358
f 6937 1358 6938
f 6938 1358 1355
f 6938 1355 6939
f 6939 1355 1353
f 1335 6930 1333
f 1333 6930 6929
f 1333 6929 1338
f 1338 6929 6928
f 1338 6928 1348
f 1348 6928 6927
f 1348 6927 1322
f 1322 6927 6926
f 1322 6926 1321
f 1321 6926 6925
f 1321 6925 1319
f 1319 6925 6924
f 1319 6924 1317
f 1317 6924 6923
f 1317 6923 1316
f 1316 6923 6922
f 1316 6922 1351
f 1353 1351 6939
f 6939 1351 6922
f 1265 1267 6489
f 6489 1267 6903
f 6903 1267 1269
f 6903 1269 6904
f 6904 1269 1232
f 6904 1232 6905
f 6905 1232 1233
f 6905 1233 6906
f 6906 1233 1236
f 6906 1236 6907
f 6907 1236 1238
f 6907 1238 6908
f 6908 1238 1241
f 6908 1241 6909
f 6909 1241 1243
f 6909 1243 6910
f 6910 1243 1245
f 6910 1245 6911
f 6911 1245 1247
f 6911 1247 6912
f 6912 1247 1249
f 6912 1249 6913
f 6913 1249 1251
f 6913 1251 6914
f 6914 1251 1253
f 6914 1253 6915
f 6915 1253 1255
f 6915 1255 6916
f 6916 1255 1257
f 6916 1257 6917
f 6917 1257 1260
f 6917 1260 6918
f 6918 1260 1221
f 6918 1221 6919
f 6919 1221 1220
f 6919 1220 6920
f 6920 1220 1330
f 6920 1330 6921
f 6921 1330 1328
f 6921 1328 6531
f 6531 1328 1326
f 1326 1323 6531
f 6531 1323 6491
f 6489 6487 1265
f 1265 6487 1263
f 1323 1320 6491
f 6491 1320 6493
f 6493 1320 1318
f 6493 1318 6495
f 6495 1318 1315
f 6495 1315 6497
f 6497 1315 1312
f 6497 1312 6499
f 6499 1312 1310
f 6499 1310 6501
f 6501 1310 1307
f 6501 1307 6503
f 6503 1307 1305
f 6503 1305 6505
f 6505 1305 1303
f 6505 1303 6507
f 6507 1303 1301
f 6507 1301 6509
f 6509 1301 1299
f 6509 1299 6511
f 6511 1299 1297
f 6511 1297 6513
f 6513 1297 1295
f 6513 1295 6515
f 6515 1295 1293
f 6515 1293 6517
f 6517 1293 1291
f 6517 1291 6519
f 6519 1291 1288
f 6519 1288 6521
f 6521 1288 1286
f 6521 1286 6523
f 6523 1286 1283
f 6523 1283 6525
f 6525 1283 1279
f 6525 1279 6527
f 6527 1279 1275
f 6527 1275 6529
f 6529 1275 1272
f 6529 1272 6487
f 6487 1272 1263
f 3401 1198 7896
f 7896 1198 1199
f 7896 1199 7898
f 7898 1199 1200
f 7898 1200 7900
f 7900 1200 1201
f 7900 1201 7902
f 7902 1201 1202
f 7902 1202 7904
f 7904 1202 1203
f 7904 1203 7906
f 7906 1203 1204
f 7906 1204 7908
f 7908 1204 1205
f 7908 1205 7910
f 7910 1205 1206
f 7910 1206 7874
f 7874 1206 1207
f 1207 1209 7874
f 7874 1209 7876
f 7876 1209 1211
f 7876 1211 7878
f 7878 1211 1213
f 7878 1213 7880
f 7880 1213 1215
f 7880 1215 7882
f 7882 1215 1217
f 7882 1217 7884
f 7884 1217 1219
f 7884 1219 7886
f 7886 1219 1262
f 7886 1262 7888
f 7888 1262 1261
f 7888 1261 7890
f 7890 1261 1259
f 7890 1259 7892
f 7892 1259 1258
f 7892 1258 7894
f 7894 1258 1256
f 7894 1256 7912
f 7912 1256 1254
f 7912 1254 7914
f 7914 1254 1252
f 7914 1252 7916
f 7916 1252 1250
f 7916 1250 7918
f 7918 1250 1248
f 7918 1248 7920
f 7920 1248 1246
f 7920 1246 7922
f 7922 1246 1244
f 7922 1244 7924
f 7924 1244 1242
f 7924 1242 3411
f 3411 1242 1240
f 7661 7119 5702
f 5702 7119 5703
f 5703 7119 5712
f 5712 7119 7117
f 5712 7117 5716
f 5716 7117 7115
f 5716 7115 5717
f 5717 7115 7113
f 5717 7113 5719
f 5719 7113 7111
f 7111 5348 5719
f 5719 5348 5724
f 5724 5348 5728
f 5728 5348 5346
f 5728 5346 5733
f 5733 5346 5344
f 5733 5344 5734
f 5734 5344 5342
f 5734 5342 5736
f 5736 5342 5340
f 7662 5739 5340
f 5340 5739 5736
f 7663 7107 6267
f 6267 7107 6268
f 6268 7107 6272
f 6272 7107 7105
f 6272 7105 6274
f 6274 7105 7103
f 6274 7103 6275
f 6275 7103 7101
f 6275 7101 6277
f 6277 7101 7099
f 7099 5338 6277
f 6277 5338 6282
f 6282 5338 6286
f 6286 5338 5336
f 6286 5336 6291
f 6291 5336 5334
f 6291 5334 6292
f 6292 5334 5332
f 6292 5332 6294
f 6294 5332 5330
f 7664 6297 5330
f 5330 6297 6294

