# https://github.com/mikedh/trimesh
v -27.76572990 -290.51730347 331.67642212
v -27.70825195 -290.51730347 331.25823975
v -28.00825310 -290.81732178 331.25823975
v -27.76572990 -290.51730347 330.84005737
v -28.06943130 -290.81732178 330.87197876
v -27.93390274 -290.51730347 330.45288086
v -28.24698067 -290.81732178 330.52352905
v -28.20029449 -290.51730347 330.12545776
v -28.52352142 -290.81732178 330.24697876
v -28.54515076 -290.51730347 329.88201904
v -28.87198067 -290.81732178 330.06942749
v -28.94289589 -290.51730347 329.74066162
v -29.25825310 -290.81732178 330.00823975
v -29.36402702 -290.51730347 329.71185303
v -29.64452362 -290.81732178 330.06942749
v -29.77731514 -290.51730347 329.79772949
v -29.99298286 -290.81732178 330.24697876
v -30.15210724 -290.51730347 329.99194336
v -30.46060371 -290.51730347 330.28005981
v -30.26952362 -290.81732178 330.52352905
v -30.67992973 -290.51730347 330.64071655
v -30.44707298 -290.81732178 330.87197876
v -30.79381561 -290.51730347 331.04718018
v -30.50825310 -290.81732178 331.25823975
v -30.79381561 -290.51730347 331.46929932
v -30.44707298 -290.81732178 331.64453125
v -30.67992973 -290.51730347 331.87576294
v -30.26952362 -290.81732178 331.99298096
v -30.46060371 -290.51730347 332.23641968
v -29.99298286 -290.81732178 332.26953125
v -30.15210724 -290.51730347 332.52456665
v -29.77731514 -290.51730347 332.71875000
v -29.64452362 -290.81732178 332.44708252
v -29.36402702 -290.51730347 332.80462646
v -29.25825310 -290.81732178 332.50823975
v -28.94289589 -290.51730347 332.77581787
v -28.87198067 -290.81732178 332.44708252
v -28.54515076 -290.51730347 332.63446045
v -28.52352142 -290.81732178 332.26953125
v -28.20029449 -290.51730347 332.39105225
v -28.24698067 -290.81732178 331.99298096
v -27.93390274 -290.51730347 332.06359863
v -28.06943130 -290.81732178 331.64453125
v -30.75077438 -296.51730347 331.67642212
v -30.80825233 -296.51730347 331.25823975
v -30.50825310 -296.21731567 331.25823975
v -30.75077438 -296.51730347 330.84005737
v -30.44707298 -296.21731567 330.87197876
v -30.58260155 -296.51730347 330.45288086
v -30.26952362 -296.21731567 330.52352905
v -30.31620979 -296.51730347 330.12545776
v -29.99298286 -296.21731567 330.24697876
v -29.97135353 -296.51730347 329.88201904
v -29.64452362 -296.21731567 330.06942749
v -29.57360840 -296.51730347 329.74066162
v -29.25825310 -296.21731567 330.00823975
v -29.15247726 -296.51730347 329.71185303
v -28.87198067 -296.21731567 330.06942749
v -28.73918915 -296.51730347 329.79772949
v -28.52352142 -296.21731567 330.24697876
v -28.36439705 -296.51730347 329.99194336
v -28.05590057 -296.51730347 330.28005981
v -28.24698067 -296.21731567 330.52352905
v -27.83657455 -296.51730347 330.64071655
v -28.06943130 -296.21731567 330.87197876
v -27.72268867 -296.51730347 331.04718018
v -28.00825310 -296.21731567 331.25823975
v -27.72268867 -296.51730347 331.46929932
v -28.06943130 -296.21731567 331.64453125
v -27.83657455 -296.51730347 331.87576294
v -28.24698067 -296.21731567 331.99298096
v -28.05590057 -296.51730347 332.23641968
v -28.52352142 -296.21731567 332.26953125
v -28.36439705 -296.51730347 332.52456665
v -28.73918915 -296.51730347 332.71875000
v -28.87198067 -296.21731567 332.44708252
v -29.15247726 -296.51730347 332.80462646
v -29.25825310 -296.21731567 332.50823975
v -29.57360840 -296.51730347 332.77581787
v -29.64452362 -296.21731567 332.44708252
v -29.97135353 -296.51730347 332.63446045
v -29.99298286 -296.21731567 332.26953125
v -30.31620979 -296.51730347 332.39105225
v -30.26952362 -296.21731567 331.99298096
v -30.58260155 -296.51730347 332.06359863
v -30.44707298 -296.21731567 331.64453125
v -1.24922609 -290.51730347 305.15994263
v -1.19174790 -290.51730347 304.74172974
v -1.49174786 -290.81732178 304.74172974
v -1.24922609 -290.51730347 304.32354736
v -1.55292726 -290.81732178 304.35546875
v -1.41739774 -290.51730347 303.93640137
v -1.73047662 -290.81732178 304.00701904
v -1.68379045 -290.51730347 303.60894775
v -2.00701618 -290.81732178 303.73046875
v -2.02864695 -290.51730347 303.36550903
v -2.35547662 -290.81732178 303.55291748
v -2.42639112 -290.51730347 303.22415161
v -2.74174786 -290.81732178 303.49172974
v -2.84752369 -290.51730347 303.19534302
v -3.12801909 -290.81732178 303.55291748
v -3.26081133 -290.51730347 303.28125000
v -3.47647953 -290.81732178 303.73046875
v -3.63560224 -290.51730347 303.47543335
v -3.94410038 -290.51730347 303.76354980
v -3.75301909 -290.81732178 304.00701904
v -4.16342545 -290.51730347 304.12423706
v -3.93056846 -290.81732178 304.35546875
v -4.27731085 -290.51730347 304.53070068
v -3.99174786 -290.81732178 304.74172974
v -4.27731085 -290.51730347 304.95278931
v -3.93056846 -290.81732178 305.12802124
v -4.16342545 -290.51730347 305.35925293
v -3.75301909 -290.81732178 305.47647095
v -3.94410038 -290.51730347 305.71994019
v -3.47647953 -290.81732178 305.75302124
v -3.63560224 -290.51730347 306.00805664
v -3.26081133 -290.51730347 306.20223999
v -3.12801909 -290.81732178 305.93057251
v -2.84752369 -290.51730347 306.28811646
v -2.74174786 -290.81732178 305.99172974
v -2.42639112 -290.51730347 306.25933838
v -2.35547662 -290.81732178 305.93057251
v -2.02864695 -290.51730347 306.11798096
v -2.00701618 -290.81732178 305.75302124
v -1.68379045 -290.51730347 305.87454224
v -1.73047662 -290.81732178 305.47647095
v -1.41739774 -290.51730347 305.54708862
v -1.55292726 -290.81732178 305.12802124
v -4.23426962 -296.51730347 305.15994263
v -4.29174805 -296.51730347 304.74172974
v -3.99174786 -296.21731567 304.74172974
v -4.23426962 -296.51730347 304.32354736
v -3.93056846 -296.21731567 304.35546875
v -4.06609774 -296.51730347 303.93640137
v -3.75301909 -296.21731567 304.00701904
v -3.79970527 -296.51730347 303.60894775
v -3.47647953 -296.21731567 303.73046875
v -3.45484877 -296.51730347 303.36550903
v -3.12801909 -296.21731567 303.55291748
v -3.05710459 -296.51730347 303.22415161
v -2.74174786 -296.21731567 303.49172974
v -2.63597202 -296.51730347 303.19534302
v -2.35547662 -296.21731567 303.55291748
v -2.22268438 -296.51730347 303.28125000
v -2.00701618 -296.21731567 303.73046875
v -1.84789336 -296.51730347 303.47543335
v -1.53939533 -296.51730347 303.76354980
v -1.73047662 -296.21731567 304.00701904
v -1.32007039 -296.51730347 304.12423706
v -1.55292726 -296.21731567 304.35546875
v -1.20618463 -296.51730347 304.53070068
v -1.49174786 -296.21731567 304.74172974
v -1.20618463 -296.51730347 304.95278931
v -1.55292726 -296.21731567 305.12802124
v -1.32007039 -296.51730347 305.35925293
v -1.73047662 -296.21731567 305.47647095
v -1.53939533 -296.51730347 305.71994019
v -2.00701618 -296.21731567 305.75302124
v -1.84789336 -296.51730347 306.00805664
v -2.22268438 -296.51730347 306.20223999
v -2.35547662 -296.21731567 305.93057251
v -2.63597202 -296.51730347 306.28811646
v -2.74174786 -296.21731567 305.99172974
v -3.05710459 -296.51730347 306.25933838
v -3.12801909 -296.21731567 305.93057251
v -3.45484877 -296.51730347 306.11798096
v -3.47647953 -296.21731567 305.75302124
v -3.79970527 -296.51730347 305.87454224
v -3.75301909 -296.21731567 305.47647095
v -4.06609774 -296.51730347 305.54708862
v -3.93056846 -296.21731567 305.12802124
v -34.59999847 -223.77983093 316.86691284
v -34.79999924 -223.53271484 317.43154907
v -34.59999847 -223.71731567 318.00000000
v -34.79999924 -223.53271484 318.56845093
v -34.59999847 -223.77983093 319.13308716
v -34.79999924 -223.65563965 319.69869995
v -34.59999847 -223.96661377 320.25241089
v -34.79999924 -223.90003967 320.80905151
v -34.59999847 -224.27539062 321.34439087
v -34.79999924 -224.26306152 321.88644409
v -34.59999847 -224.70243835 322.39578247
v -34.79999924 -224.74043274 322.91827393
v -34.59999847 -225.24253845 323.39382935
v -34.79999924 -225.32658386 323.89245605
v -34.59999847 -225.88916016 324.32638550
v -34.79999924 -226.01461792 324.79754639
v -34.59999847 -226.63446045 325.18215942
v -34.79999924 -226.79646301 325.62295532
v -34.59999847 -227.46936035 325.95074463
v -34.79999924 -227.66297913 326.35897827
v -34.59999847 -228.38374329 326.62280273
v -34.79999924 -228.60400391 326.99700928
v -34.59999847 -229.36651611 327.19021606
v -34.79999924 -229.60847473 327.52954102
v -34.59999847 -230.40574646 327.64605713
v -34.79999924 -230.66464233 327.95034790
v -34.59999847 -231.48881531 327.98483276
v -34.79999924 -231.76011658 328.25451660
v -34.59999847 -232.60256958 328.20236206
v -34.79999924 -232.88206482 328.43844604
v -34.59999847 -233.73350525 328.29608154
v -34.79999924 -234.01731873 328.50000000
v -34.59999847 -234.86787415 328.26483154
v -34.79999924 -235.15255737 328.43844604
v -34.59999847 -235.99192810 328.10894775
v -34.79999924 -236.27450562 328.25451660
v -34.59999847 -237.09201050 327.83035278
v -34.79999924 -237.36997986 327.95034790
v -34.59999847 -238.15476990 327.43246460
v -34.79999924 -238.42614746 327.52954102
v -34.59999847 -239.16731262 326.92004395
v -34.79999924 -239.43063354 326.99700928
v -34.59999847 -240.11734009 326.29937744
v -34.79999924 -240.37164307 326.35897827
v -34.59999847 -240.99331665 325.57794189
v -34.79999924 -241.23815918 325.62295532
v -34.59999847 -241.78460693 324.76455688
v -34.79999924 -242.02001953 324.79754639
v -34.59999847 -242.48162842 323.86901855
v -34.79999924 -242.70805359 323.89245605
v -34.59999847 -243.07589722 322.90225220
v -34.79999924 -243.29418945 322.91827393
v -34.59999847 -243.56019592 321.87597656
v -34.79999924 -243.77157593 321.88644409
v -34.59999847 -243.92868042 320.80267334
v -34.79999924 -244.13458252 320.80905151
v -34.59999847 -244.17683411 319.69531250
v -34.79999924 -244.37899780 319.69869995
v -34.59999847 -244.30166626 318.56741333
v -34.79999924 -244.50190735 318.56845093
v -34.79999924 -244.50190735 317.43154907
v -34.79999924 -223.65563965 316.30130005
v -34.59999847 -223.96661377 315.74758911
v -34.79999924 -223.90003967 315.19094849
v -34.59999847 -224.27539062 314.65557861
v -34.79999924 -224.26306152 314.11355591
v -34.59999847 -224.70243835 313.60418701
v -34.79999924 -224.74043274 313.08169556
v -34.59999847 -225.24253845 312.60617065
v -34.79999924 -225.32658386 312.10754395
v -34.59999847 -225.88916016 311.67361450
v -34.79999924 -226.01461792 311.20245361
v -34.59999847 -226.63446045 310.81784058
v -34.79999924 -226.79646301 310.37704468
v -34.59999847 -227.46936035 310.04925537
v -34.79999924 -227.66297913 309.64102173
v -34.59999847 -228.38374329 309.37716675
v -34.79999924 -228.60400391 309.00299072
v -34.59999847 -229.36651611 308.80978394
v -34.79999924 -229.60847473 308.47045898
v -34.59999847 -230.40574646 308.35394287
v -34.79999924 -230.66464233 308.04965210
v -34.59999847 -231.48881531 308.01516724
v -34.79999924 -231.76011658 307.74548340
v -34.59999847 -232.60256958 307.79760742
v -34.79999924 -232.88206482 307.56155396
v -34.59999847 -233.73350525 307.70391846
v -34.79999924 -234.01731873 307.50000000
v -34.59999847 -234.86787415 307.73516846
v -34.79999924 -235.15255737 307.56155396
v -34.59999847 -235.99192810 307.89105225
v -34.79999924 -236.27450562 307.74548340
v -34.59999847 -237.09201050 308.16961670
v -34.79999924 -237.36997986 308.04965210
v -34.59999847 -238.15476990 308.56753540
v -34.79999924 -238.42614746 308.47045898
v -34.59999847 -239.16731262 309.07992554
v -34.79999924 -239.43063354 309.00299072
v -34.59999847 -240.11734009 309.70062256
v -34.79999924 -240.37164307 309.64102173
v -34.59999847 -240.99331665 310.42202759
v -34.79999924 -241.23815918 310.37704468
v -34.59999847 -241.78460693 311.23544312
v -34.79999924 -242.02001953 311.20245361
v -34.59999847 -242.48162842 312.13098145
v -34.79999924 -242.70805359 312.10754395
v -34.59999847 -243.07589722 313.09774780
v -34.79999924 -243.29418945 313.08169556
v -34.59999847 -243.56019592 314.12402344
v -34.79999924 -243.77157593 314.11355591
v -34.59999847 -243.92868042 315.19732666
v -34.79999924 -244.13458252 315.19094849
v -34.59999847 -244.17683411 316.30465698
v -34.79999924 -244.37899780 316.30130005
v -34.59999847 -244.30166626 317.43258667
v -33.09999847 -229.90237427 317.29440308
v -33.40000153 -229.55760193 317.63046265
v -33.09999847 -229.84231567 318.00000000
v -33.40000153 -229.55760193 318.36953735
v -33.09999847 -229.90237427 318.70556641
v -33.40000153 -229.67924500 319.09854126
v -33.09999847 -230.08079529 319.39086914
v -33.40000153 -229.91921997 319.79757690
v -33.09999847 -230.37248230 320.03613281
v -33.40000153 -230.27099609 320.44760132
v -33.09999847 -230.76901245 320.62280273
v -33.40000153 -230.72494507 321.03082275
v -33.09999847 -231.25900269 321.13406372
v -33.40000153 -231.26870728 321.53140259
v -33.09999847 -231.82832336 321.55514526
v -33.40000153 -231.88745117 321.93563843
v -33.09999847 -232.46063232 321.87393188
v -33.40000153 -232.56428528 322.23251343
v -33.09999847 -233.13772583 322.08129883
v -33.40000153 -233.28074646 322.41397095
v -33.09999847 -233.84011841 322.17123413
v -33.40000153 -234.01731873 322.47500610
v -33.09999847 -234.54760742 322.14117432
v -33.40000153 -234.75387573 322.41397095
v -33.09999847 -235.23985291 321.99200439
v -33.40000153 -235.47033691 322.23251343
v -33.09999847 -235.89691162 321.72796631
v -33.40000153 -236.14717102 321.93563843
v -33.09999847 -236.49990845 321.35668945
v -33.40000153 -236.76591492 321.53140259
v -33.09999847 -237.03147888 320.88885498
v -33.40000153 -237.30967712 321.03082275
v -33.09999847 -237.47633362 320.33789062
v -33.40000153 -237.76362610 320.44760132
v -33.09999847 -237.82168579 319.71969604
v -33.40000153 -238.11540222 319.79757690
v -33.09999847 -238.05760193 319.05200195
v -33.40000153 -238.35537720 319.09854126
v -33.09999847 -238.17727661 318.35406494
v -33.40000153 -238.47703552 318.36953735
v -33.40000153 -238.47703552 317.63046265
v -33.40000153 -229.67924500 316.90145874
v -33.09999847 -230.08079529 316.60913086
v -33.40000153 -229.91921997 316.20242310
v -33.09999847 -230.37248230 315.96386719
v -33.40000153 -230.27099609 315.55239868
v -33.09999847 -230.76901245 315.37716675
v -33.40000153 -230.72494507 314.96914673
v -33.09999847 -231.25900269 314.86593628
v -33.40000153 -231.26870728 314.46859741
v -33.09999847 -231.82832336 314.44485474
v -33.40000153 -231.88745117 314.06436157
v -33.09999847 -232.46063232 314.12606812
v -33.40000153 -232.56428528 313.76745605
v -33.09999847 -233.13772583 313.91870117
v -33.40000153 -233.28074646 313.58602905
v -33.09999847 -233.84011841 313.82876587
v -33.40000153 -234.01731873 313.52499390
v -33.09999847 -234.54760742 313.85882568
v -33.40000153 -234.75387573 313.58602905
v -33.09999847 -235.23985291 314.00799561
v -33.40000153 -235.47033691 313.76745605
v -33.09999847 -235.89691162 314.27203369
v -33.40000153 -236.14717102 314.06436157
v -33.09999847 -236.49990845 314.64331055
v -33.40000153 -236.76591492 314.46859741
v -33.09999847 -237.03147888 315.11114502
v -33.40000153 -237.30967712 314.96914673
v -33.09999847 -237.47633362 315.66210938
v -33.40000153 -237.76362610 315.55239868
v -33.09999847 -237.82168579 316.28030396
v -33.40000153 -238.11540222 316.20242310
v -33.09999847 -238.05760193 316.94799805
v -33.40000153 -238.35537720 316.90145874
v -33.09999847 -238.17727661 317.64593506
v -34.59999847 -233.28074646 322.41397095
v -34.59999847 -234.01731873 322.47500610
v -34.59999847 -234.75387573 322.41397095
v -34.59999847 -235.47033691 322.23251343
v -34.59999847 -236.14717102 321.93563843
v -34.59999847 -236.76591492 321.53140259
v -34.59999847 -237.30967712 321.03082275
v -34.59999847 -237.76362610 320.44760132
v -34.59999847 -238.11540222 319.79757690
v -34.59999847 -238.35537720 319.09854126
v -34.59999847 -238.47703552 318.36953735
v -34.59999847 -238.47703552 317.63046265
v -34.59999847 -238.35537720 316.90145874
v -34.59999847 -238.11540222 316.20242310
v -34.59999847 -237.76362610 315.55239868
v -34.59999847 -237.30967712 314.96914673
v -34.59999847 -236.76591492 314.46859741
v -34.59999847 -236.14717102 314.06436157
v -34.59999847 -235.47033691 313.76745605
v -34.59999847 -234.75387573 313.58602905
v -34.59999847 -234.01731873 313.52499390
v -34.59999847 -233.28074646 313.58602905
v -34.59999847 -232.56428528 313.76745605
v -34.59999847 -231.88745117 314.06436157
v -34.59999847 -231.26870728 314.46859741
v -34.59999847 -230.72494507 314.96914673
v -34.59999847 -230.27099609 315.55239868
v -34.59999847 -229.91921997 316.20242310
v -34.59999847 -229.67924500 316.90145874
v -34.59999847 -229.55760193 317.63046265
v -34.59999847 -229.55760193 318.36953735
v -34.59999847 -229.67924500 319.09854126
v -34.59999847 -229.91921997 319.79757690
v -34.59999847 -230.27099609 320.44760132
v -34.59999847 -230.72494507 321.03082275
v -34.59999847 -231.26870728 321.53140259
v -34.59999847 -231.88745117 321.93563843
v -34.59999847 -232.56428528 322.23251343
v -5.93859005 -296.51730347 330.39608765
v -5.93859005 -292.51730347 330.39608765
v -6.00000000 -296.51730347 331.00000000
v -6.00000000 -292.51730347 331.00000000
v -5.93859005 -296.51730347 331.60388184
v -5.93859005 -292.51730347 331.60388184
v -5.75687361 -296.51730347 332.18307495
v -5.75687361 -292.51730347 332.18307495
v -5.46229029 -296.51730347 332.71380615
v -5.46229029 -292.51730347 332.71380615
v -5.06690073 -296.51730347 333.17437744
v -5.06690073 -292.51730347 333.17437744
v -4.58689213 -296.51730347 333.54592896
v -4.58689213 -292.51730347 333.54592896
v -4.04191589 -296.51730347 333.81326294
v -4.04191589 -292.51730347 333.81326294
v -3.45428324 -296.51730347 333.96539307
v -3.45428324 -292.51730347 333.96539307
v -2.84805250 -296.51730347 333.99615479
v -2.84805250 -292.51730347 333.99615479
v -2.24804235 -296.51730347 333.90423584
v -2.24804235 -292.51730347 333.90423584
v -1.67881751 -296.51730347 333.69342041
v -1.67881751 -292.51730347 333.69342041
v -1.16368210 -296.51730347 333.37231445
v -1.16368210 -292.51730347 333.37231445
v -0.72372562 -296.51730347 332.95410156
v -0.72372562 -292.51730347 332.95410156
v -0.37696016 -296.51730347 332.45590210
v -0.37696016 -292.51730347 332.45590210
v -0.13758223 -296.51730347 331.89807129
v -0.13758223 -292.51730347 331.89807129
v -0.01539203 -296.51730347 331.30349731
v -0.01539203 -292.51730347 331.30349731
v -0.01539203 -296.51730347 330.69650269
v -0.01539203 -292.51730347 330.69650269
v -0.13758223 -296.51730347 330.10189819
v -0.13758223 -292.51730347 330.10189819
v -0.37696016 -296.51730347 329.54409790
v -0.37696016 -292.51730347 329.54409790
v -0.72372562 -296.51730347 329.04586792
v -0.72372562 -292.51730347 329.04586792
v -1.16368210 -296.51730347 328.62765503
v -1.16368210 -292.51730347 328.62765503
v -1.67881751 -296.51730347 328.30657959
v -1.67881751 -292.51730347 328.30657959
v -2.24804235 -296.51730347 328.09576416
v -2.24804235 -292.51730347 328.09576416
v -2.84805250 -296.51730347 328.00384521
v -2.84805250 -292.51730347 328.00384521
v -3.45428324 -296.51730347 328.03457642
v -3.45428324 -292.51730347 328.03457642
v -4.04191589 -296.51730347 328.18673706
v -4.04191589 -292.51730347 328.18673706
v -4.58689213 -296.51730347 328.45407104
v -4.58689213 -292.51730347 328.45407104
v -5.06690073 -296.51730347 328.82562256
v -5.06690073 -292.51730347 328.82562256
v -5.46229029 -296.51730347 329.28619385
v -5.46229029 -292.51730347 329.28619385
v -5.75687361 -296.51730347 329.81692505
v -5.75687361 -292.51730347 329.81692505
v -4.64207411 -292.51730347 330.55999756
v -4.64207411 -290.51730347 330.55999756
v -4.69999981 -292.51730347 331.00000000
v -4.69999981 -290.51730347 331.00000000
v -4.64207411 -292.51730347 331.44000244
v -4.64207411 -290.51730347 331.44000244
v -4.47224331 -290.51730347 331.85000610
v -4.47224331 -292.51730347 330.14999390
v -4.47224331 -290.51730347 330.14999390
v -4.20208168 -292.51730347 329.79791260
v -4.20208168 -290.51730347 329.79791260
v -3.84999990 -292.51730347 329.52774048
v -3.84999990 -290.51730347 329.52774048
v -3.43999243 -292.51730347 329.35791016
v -3.43999243 -290.51730347 329.35791016
v -3.00000000 -292.51730347 329.29998779
v -3.00000000 -290.51730347 329.29998779
v -2.56000757 -292.51730347 329.35791016
v -2.56000757 -290.51730347 329.35791016
v -2.15000010 -292.51730347 329.52774048
v -2.15000010 -290.51730347 329.52774048
v -1.79791844 -292.51730347 329.79791260
v -1.79791844 -290.51730347 329.79791260
v -1.52775681 -292.51730347 330.14999390
v -1.52775681 -290.51730347 330.14999390
v -1.35792613 -292.51730347 330.55999756
v -1.35792613 -290.51730347 330.55999756
v -1.29999995 -292.51730347 331.00000000
v -1.29999995 -290.51730347 331.00000000
v -1.35792613 -292.51730347 331.44000244
v -1.35792613 -290.51730347 331.44000244
v -1.52775681 -292.51730347 331.85000610
v -1.52775681 -290.51730347 331.85000610
v -1.79791844 -292.51730347 332.20208740
v -1.79791844 -290.51730347 332.20208740
v -2.15000010 -292.51730347 332.47222900
v -2.15000010 -290.51730347 332.47222900
v -2.56000757 -292.51730347 332.64205933
v -2.56000757 -290.51730347 332.64205933
v -3.00000000 -292.51730347 332.69998169
v -3.00000000 -290.51730347 332.69998169
v -3.43999243 -292.51730347 332.64205933
v -3.43999243 -290.51730347 332.64205933
v -3.84999990 -292.51730347 332.47222900
v -3.84999990 -290.51730347 332.47222900
v -4.20208168 -292.51730347 332.20208740
v -4.20208168 -290.51730347 332.20208740
v -4.47224331 -292.51730347 331.85000610
v -31.93858910 -296.51730347 304.39608765
v -31.93858910 -292.51730347 304.39608765
v -32.00000000 -296.51730347 305.00000000
v -32.00000000 -292.51730347 305.00000000
v -31.93858910 -296.51730347 305.60388184
v -31.93858910 -292.51730347 305.60388184
v -31.75687408 -296.51730347 306.18307495
v -31.75687408 -292.51730347 306.18307495
v -31.46228981 -296.51730347 306.71380615
v -31.46228981 -292.51730347 306.71380615
v -31.06690025 -296.51730347 307.17437744
v -31.06690025 -292.51730347 307.17437744
v -30.58689117 -296.51730347 307.54592896
v -30.58689117 -292.51730347 307.54592896
v -30.04191589 -296.51730347 307.81326294
v -30.04191589 -292.51730347 307.81326294
v -29.45428276 -296.51730347 307.96539307
v -29.45428276 -292.51730347 307.96539307
v -28.84805298 -296.51730347 307.99615479
v -28.84805298 -292.51730347 307.99615479
v -28.24804306 -296.51730347 307.90423584
v -28.24804306 -292.51730347 307.90423584
v -27.67881775 -296.51730347 307.69342041
v -27.67881775 -292.51730347 307.69342041
v -27.16368294 -296.51730347 307.37231445
v -27.16368294 -292.51730347 307.37231445
v -26.72372627 -296.51730347 306.95410156
v -26.72372627 -292.51730347 306.95410156
v -26.37696075 -296.51730347 306.45590210
v -26.37696075 -292.51730347 306.45590210
v -26.13758278 -296.51730347 305.89807129
v -26.13758278 -292.51730347 305.89807129
v -26.01539230 -296.51730347 305.30349731
v -26.01539230 -292.51730347 305.30349731
v -26.01539230 -296.51730347 304.69650269
v -26.01539230 -292.51730347 304.69650269
v -26.13758278 -296.51730347 304.10189819
v -26.13758278 -292.51730347 304.10189819
v -26.37696075 -296.51730347 303.54409790
v -26.37696075 -292.51730347 303.54409790
v -26.72372627 -296.51730347 303.04586792
v -26.72372627 -292.51730347 303.04586792
v -27.16368294 -296.51730347 302.62765503
v -27.16368294 -292.51730347 302.62765503
v -27.67881775 -296.51730347 302.30657959
v -27.67881775 -292.51730347 302.30657959
v -28.24804306 -296.51730347 302.09576416
v -28.24804306 -292.51730347 302.09576416
v -28.84805298 -296.51730347 302.00384521
v -28.84805298 -292.51730347 302.00384521
v -29.45428276 -296.51730347 302.03457642
v -29.45428276 -292.51730347 302.03457642
v -30.04191589 -296.51730347 302.18673706
v -30.04191589 -292.51730347 302.18673706
v -30.58689117 -296.51730347 302.45407104
v -30.58689117 -292.51730347 302.45407104
v -31.06690025 -296.51730347 302.82562256
v -31.06690025 -292.51730347 302.82562256
v -31.46228981 -296.51730347 303.28619385
v -31.46228981 -292.51730347 303.28619385
v -31.75687408 -296.51730347 303.81692505
v -31.75687408 -292.51730347 303.81692505
v -30.64207458 -292.51730347 304.55999756
v -30.64207458 -290.51730347 304.55999756
v -30.70000076 -292.51730347 305.00000000
v -30.70000076 -290.51730347 305.00000000
v -30.64207458 -292.51730347 305.44000244
v -30.64207458 -290.51730347 305.44000244
v -30.47224236 -290.51730347 305.85000610
v -30.47224236 -292.51730347 304.14999390
v -30.47224236 -290.51730347 304.14999390
v -30.20208168 -292.51730347 303.79791260
v -30.20208168 -290.51730347 303.79791260
v -29.85000038 -292.51730347 303.52774048
v -29.85000038 -290.51730347 303.52774048
v -29.43999290 -292.51730347 303.35791016
v -29.43999290 -290.51730347 303.35791016
v -29.00000000 -292.51730347 303.29998779
v -29.00000000 -290.51730347 303.29998779
v -28.56000710 -292.51730347 303.35791016
v -28.56000710 -290.51730347 303.35791016
v -28.14999962 -292.51730347 303.52774048
v -28.14999962 -290.51730347 303.52774048
v -27.79791832 -292.51730347 303.79791260
v -27.79791832 -290.51730347 303.79791260
v -27.52775764 -292.51730347 304.14999390
v -27.52775764 -290.51730347 304.14999390
v -27.35792542 -292.51730347 304.55999756
v -27.35792542 -290.51730347 304.55999756
v -27.29999924 -292.51730347 305.00000000
v -27.29999924 -290.51730347 305.00000000
v -27.35792542 -292.51730347 305.44000244
v -27.35792542 -290.51730347 305.44000244
v -27.52775764 -292.51730347 305.85000610
v -27.52775764 -290.51730347 305.85000610
v -27.79791832 -292.51730347 306.20208740
v -27.79791832 -290.51730347 306.20208740
v -28.14999962 -292.51730347 306.47222900
v -28.14999962 -290.51730347 306.47222900
v -28.56000710 -292.51730347 306.64205933
v -28.56000710 -290.51730347 306.64205933
v -29.00000000 -292.51730347 306.69998169
v -29.00000000 -290.51730347 306.69998169
v -29.43999290 -292.51730347 306.64205933
v -29.43999290 -290.51730347 306.64205933
v -29.85000038 -292.51730347 306.47222900
v -29.85000038 -290.51730347 306.47222900
v -30.20208168 -292.51730347 306.20208740
v -30.20208168 -290.51730347 306.20208740
v -30.47224236 -292.51730347 305.85000610
v -37.00000000 -239.05960083 318.35363770
v -34.59999847 -239.05960083 318.35363770
v -37.00000000 -239.21827698 318.75000000
v -34.59999847 -239.21827698 318.75000000
v -37.00000000 -239.48219299 319.08560181
v -34.59999847 -239.48219299 319.08560181
v -37.00000000 -239.82997131 319.33325195
v -34.59999847 -239.82997131 319.33325195
v -37.00000000 -240.23342896 319.47290039
v -34.59999847 -240.23342896 319.47290039
v -37.00000000 -240.65989685 319.49319458
v -34.59999847 -240.65989685 319.49319458
v -37.00000000 -241.07481384 319.39254761
v -34.59999847 -241.07481384 319.39254761
v -37.00000000 -241.44454956 319.17907715
v -34.59999847 -241.44454956 319.17907715
v -37.00000000 -241.73918152 318.87008667
v -34.59999847 -241.73918152 318.87008667
v -37.00000000 -241.93481445 318.49060059
v -34.59999847 -241.93481445 318.49060059
v -37.00000000 -242.01560974 318.07138062
v -34.59999847 -242.01560974 318.07138062
v -37.00000000 -241.97503662 317.64636230
v -34.59999847 -241.97503662 317.64636230
v -37.00000000 -241.81634521 317.25000000
v -34.59999847 -241.81634521 317.25000000
v -37.00000000 -241.55242920 316.91439819
v -34.59999847 -241.55242920 316.91439819
v -37.00000000 -241.20465088 316.66674805
v -34.59999847 -241.20465088 316.66674805
v -37.00000000 -240.80119324 316.52709961
v -34.59999847 -240.80119324 316.52709961
v -37.00000000 -240.37472534 316.50677490
v -34.59999847 -240.37472534 316.50677490
v -37.00000000 -239.95982361 316.60745239
v -34.59999847 -239.95982361 316.60745239
v -37.00000000 -239.59007263 316.82092285
v -34.59999847 -239.59007263 316.82092285
v -37.00000000 -239.29545593 317.12991333
v -34.59999847 -239.29545593 317.12991333
v -37.00000000 -239.09980774 317.50939941
v -34.59999847 -239.09980774 317.50939941
v -37.00000000 -239.01901245 317.92861938
v -34.59999847 -239.01901245 317.92861938
v -37.00000000 -229.30960083 323.98278809
v -34.59999847 -229.30960083 323.98278809
v -37.00000000 -229.46827698 324.37915039
v -34.59999847 -229.46827698 324.37915039
v -37.00000000 -229.73219299 324.71475220
v -34.59999847 -229.73219299 324.71475220
v -37.00000000 -230.07997131 324.96240234
v -34.59999847 -230.07997131 324.96240234
v -37.00000000 -230.48342896 325.10205078
v -34.59999847 -230.48342896 325.10205078
v -37.00000000 -230.90989685 325.12237549
v -34.59999847 -230.90989685 325.12237549
v -37.00000000 -231.32481384 325.02169800
v -34.59999847 -231.32481384 325.02169800
v -37.00000000 -231.69454956 324.80822754
v -34.59999847 -231.69454956 324.80822754
v -37.00000000 -231.98918152 324.49923706
v -34.59999847 -231.98918152 324.49923706
v -37.00000000 -232.18481445 324.11975098
v -34.59999847 -232.18481445 324.11975098
v -37.00000000 -232.26560974 323.70053101
v -34.59999847 -232.26560974 323.70053101
v -37.00000000 -232.22503662 323.27551270
v -34.59999847 -232.22503662 323.27551270
v -37.00000000 -232.06634521 322.87915039
v -34.59999847 -232.06634521 322.87915039
v -37.00000000 -231.80242920 322.54354858
v -34.59999847 -231.80242920 322.54354858
v -37.00000000 -231.45465088 322.29589844
v -34.59999847 -231.45465088 322.29589844
v -37.00000000 -231.05119324 322.15628052
v -34.59999847 -231.05119324 322.15628052
v -37.00000000 -230.62472534 322.13595581
v -34.59999847 -230.62472534 322.13595581
v -37.00000000 -230.20982361 322.23660278
v -34.59999847 -230.20982361 322.23660278
v -37.00000000 -229.84007263 322.45007324
v -34.59999847 -229.84007263 322.45007324
v -37.00000000 -229.54545593 322.75906372
v -34.59999847 -229.54545593 322.75906372
v -37.00000000 -229.34980774 323.13854980
v -34.59999847 -229.34980774 323.13854980
v -37.00000000 -229.26901245 323.55780029
v -34.59999847 -229.26901245 323.55780029
v -37.00000000 -229.30960083 312.72445679
v -34.59999847 -229.30960083 312.72445679
v -37.00000000 -229.46827698 313.12081909
v -34.59999847 -229.46827698 313.12081909
v -37.00000000 -229.73219299 313.45642090
v -34.59999847 -229.73219299 313.45642090
v -37.00000000 -230.07997131 313.70407104
v -34.59999847 -230.07997131 313.70407104
v -37.00000000 -230.48342896 313.84371948
v -34.59999847 -230.48342896 313.84371948
v -37.00000000 -230.90989685 313.86404419
v -34.59999847 -230.90989685 313.86404419
v -37.00000000 -231.32481384 313.76339722
v -34.59999847 -231.32481384 313.76339722
v -37.00000000 -231.69454956 313.54989624
v -34.59999847 -231.69454956 313.54989624
v -37.00000000 -231.98918152 313.24090576
v -34.59999847 -231.98918152 313.24090576
v -37.00000000 -232.18481445 312.86141968
v -34.59999847 -232.18481445 312.86141968
v -37.00000000 -232.26560974 312.44219971
v -34.59999847 -232.26560974 312.44219971
v -37.00000000 -232.22503662 312.01718140
v -34.59999847 -232.22503662 312.01718140
v -37.00000000 -232.06634521 311.62081909
v -34.59999847 -232.06634521 311.62081909
v -37.00000000 -231.80242920 311.28521729
v -34.59999847 -231.80242920 311.28521729
v -37.00000000 -231.45465088 311.03756714
v -34.59999847 -231.45465088 311.03756714
v -37.00000000 -231.05119324 310.89794922
v -34.59999847 -231.05119324 310.89794922
v -37.00000000 -230.62472534 310.87762451
v -34.59999847 -230.62472534 310.87762451
v -37.00000000 -230.20982361 310.97827148
v -34.59999847 -230.20982361 310.97827148
v -37.00000000 -229.84007263 311.19174194
v -34.59999847 -229.84007263 311.19174194
v -37.00000000 -229.54545593 311.50073242
v -34.59999847 -229.54545593 311.50073242
v -37.00000000 -229.34980774 311.88021851
v -34.59999847 -229.34980774 311.88021851
v -37.00000000 -229.26901245 312.29946899
v -34.59999847 -229.26901245 312.29946899
v -35.50000000 -232.88206482 328.43844604
v -35.50000000 -234.01731873 328.50000000
v -35.50000000 -235.15255737 328.43844604
v -35.50000000 -236.27450562 328.25451660
v -35.50000000 -237.36997986 327.95034790
v -35.50000000 -238.42614746 327.52954102
v -35.50000000 -239.43063354 326.99700928
v -35.50000000 -240.37164307 326.35897827
v -35.50000000 -241.23815918 325.62295532
v -35.50000000 -242.02001953 324.79754639
v -35.50000000 -242.70805359 323.89245605
v -35.50000000 -243.29418945 322.91827393
v -35.50000000 -243.77157593 321.88644409
v -35.50000000 -244.13458252 320.80905151
v -35.50000000 -244.37899780 319.69869995
v -35.50000000 -244.50190735 318.56845093
v -35.50000000 -244.50190735 317.43154907
v -35.50000000 -244.37899780 316.30130005
v -35.50000000 -244.13458252 315.19094849
v -35.50000000 -243.77157593 314.11355591
v -35.50000000 -243.29418945 313.08169556
v -35.50000000 -242.70805359 312.10754395
v -35.50000000 -242.02001953 311.20245361
v -35.50000000 -241.23815918 310.37704468
v -35.50000000 -240.37164307 309.64102173
v -35.50000000 -239.43063354 309.00299072
v -35.50000000 -238.42614746 308.47045898
v -35.50000000 -237.36997986 308.04965210
v -35.50000000 -236.27450562 307.74548340
v -35.50000000 -235.15255737 307.56155396
v -35.50000000 -234.01731873 307.50000000
v -35.50000000 -232.88206482 307.56155396
v -35.50000000 -231.76011658 307.74548340
v -35.50000000 -230.66464233 308.04965210
v -35.50000000 -229.60847473 308.47045898
v -35.50000000 -228.60400391 309.00299072
v -35.50000000 -227.66297913 309.64102173
v -35.50000000 -226.79646301 310.37704468
v -35.50000000 -226.01461792 311.20245361
v -35.50000000 -225.32658386 312.10754395
v -35.50000000 -224.74043274 313.08169556
v -35.50000000 -224.26306152 314.11355591
v -35.50000000 -223.90003967 315.19094849
v -35.50000000 -223.65563965 316.30130005
v -35.50000000 -223.53271484 317.43154907
v -35.50000000 -223.53271484 318.56845093
v -35.50000000 -223.65563965 319.69869995
v -35.50000000 -223.90003967 320.80905151
v -35.50000000 -224.26306152 321.88644409
v -35.50000000 -224.74043274 322.91827393
v -35.50000000 -225.32658386 323.89245605
v -35.50000000 -226.01461792 324.79754639
v -35.50000000 -226.79646301 325.62295532
v -35.50000000 -227.66297913 326.35897827
v -35.50000000 -228.60400391 326.99700928
v -35.50000000 -229.60847473 327.52954102
v -35.50000000 -230.66464233 327.95034790
v -35.50000000 -231.76011658 328.25451660
v -28.98716164 -296.51730347 316.72088623
v -28.98716164 -294.51730347 316.72088623
v -29.04999924 -296.51730347 318.00000000
v -29.04999924 -294.51730347 318.00000000
v -28.98716164 -296.51730347 319.27911377
v -28.98716164 -294.51730347 319.27911377
v -28.79924774 -296.51730347 320.54592896
v -28.79924774 -294.51730347 320.54592896
v -28.48807144 -296.51730347 321.78820801
v -28.48807144 -294.51730347 321.78820801
v -28.05662727 -296.51730347 322.99401855
v -28.05662727 -294.51730347 322.99401855
v -27.50907326 -296.51730347 324.15173340
v -27.50907326 -294.51730347 324.15173340
v -26.85067749 -296.51730347 325.25018311
v -26.85067749 -294.51730347 325.25018311
v -26.08778572 -296.51730347 326.27883911
v -26.08778572 -294.51730347 326.27883911
v -25.22774315 -296.51730347 327.22775269
v -25.22774315 -294.51730347 327.22775269
v -24.27883148 -296.51730347 328.08776855
v -24.27883148 -294.51730347 328.08776855
v -23.25019073 -296.51730347 328.85067749
v -23.25019073 -294.51730347 328.85067749
v -22.15172768 -296.51730347 329.50906372
v -22.15172768 -294.51730347 329.50906372
v -20.99401855 -296.51730347 330.05661011
v -20.99401855 -294.51730347 330.05661011
v -19.78821564 -296.51730347 330.48806763
v -19.78821564 -294.51730347 330.48806763
v -18.54592896 -296.51730347 330.79925537
v -18.54592896 -294.51730347 330.79925537
v -17.27912331 -296.51730347 330.98715210
v -17.27912331 -294.51730347 330.98715210
v -16.00000000 -296.51730347 331.04998779
v -16.00000000 -294.51730347 331.04998779
v -14.72087669 -296.51730347 330.98715210
v -14.72087669 -294.51730347 330.98715210
v -13.45407104 -296.51730347 330.79925537
v -13.45407104 -294.51730347 330.79925537
v -12.21178532 -296.51730347 330.48806763
v -12.21178532 -294.51730347 330.48806763
v -11.00598145 -296.51730347 330.05661011
v -11.00598145 -294.51730347 330.05661011
v -9.84827232 -296.51730347 329.50906372
v -9.84827232 -294.51730347 329.50906372
v -8.74980831 -296.51730347 328.85067749
v -8.74980831 -294.51730347 328.85067749
v -7.72116756 -296.51730347 328.08776855
v -7.72116756 -294.51730347 328.08776855
v -6.77225637 -296.51730347 327.22775269
v -6.77225637 -294.51730347 327.22775269
v -5.91221380 -296.51730347 326.27883911
v -5.91221380 -294.51730347 326.27883911
v -5.14932156 -296.51730347 325.25018311
v -5.14932156 -294.51730347 325.25018311
v -4.49092770 -296.51730347 324.15173340
v -4.49092770 -294.51730347 324.15173340
v -3.94337201 -296.51730347 322.99401855
v -3.94337201 -294.51730347 322.99401855
v -3.51192856 -296.51730347 321.78820801
v -3.51192856 -294.51730347 321.78820801
v -3.20075202 -296.51730347 320.54592896
v -3.20075202 -294.51730347 320.54592896
v -3.01283932 -296.51730347 319.27911377
v -3.01283932 -294.51730347 319.27911377
v -2.95000005 -296.51730347 318.00000000
v -2.95000005 -294.51730347 318.00000000
v -3.01283932 -296.51730347 316.72088623
v -3.01283932 -294.51730347 316.72088623
v -3.20075202 -296.51730347 315.45407104
v -3.20075202 -294.51730347 315.45407104
v -3.51192856 -296.51730347 314.21179199
v -3.51192856 -294.51730347 314.21179199
v -3.94337201 -296.51730347 313.00598145
v -3.94337201 -294.51730347 313.00598145
v -4.49092770 -296.51730347 311.84826660
v -4.49092770 -294.51730347 311.84826660
v -5.14932156 -296.51730347 310.74981689
v -5.14932156 -294.51730347 310.74981689
v -5.91221380 -296.51730347 309.72116089
v -5.91221380 -294.51730347 309.72116089
v -6.77225637 -296.51730347 308.77224731
v -6.77225637 -294.51730347 308.77224731
v -7.72116756 -296.51730347 307.91220093
v -7.72116756 -294.51730347 307.91220093
v -8.74980831 -296.51730347 307.14932251
v -8.74980831 -294.51730347 307.14932251
v -9.84827232 -296.51730347 306.49093628
v -9.84827232 -294.51730347 306.49093628
v -11.00598145 -296.51730347 305.94335938
v -11.00598145 -294.51730347 305.94335938
v -12.21178532 -296.51730347 305.51193237
v -12.21178532 -294.51730347 305.51193237
v -13.45407104 -296.51730347 305.20074463
v -13.45407104 -294.51730347 305.20074463
v -14.72087669 -296.51730347 305.01284790
v -14.72087669 -294.51730347 305.01284790
v -16.00000000 -296.51730347 304.94998169
v -16.00000000 -294.51730347 304.94998169
v -17.27912331 -296.51730347 305.01284790
v -17.27912331 -294.51730347 305.01284790
v -18.54592896 -296.51730347 305.20074463
v -18.54592896 -294.51730347 305.20074463
v -19.78821564 -296.51730347 305.51193237
v -19.78821564 -294.51730347 305.51193237
v -20.99401855 -296.51730347 305.94335938
v -20.99401855 -294.51730347 305.94335938
v -22.15172768 -296.51730347 306.49093628
v -22.15172768 -294.51730347 306.49093628
v -23.25019073 -296.51730347 307.14932251
v -23.25019073 -294.51730347 307.14932251
v -24.27883148 -296.51730347 307.91220093
v -24.27883148 -294.51730347 307.91220093
v -25.22774315 -296.51730347 308.77224731
v -25.22774315 -294.51730347 308.77224731
v -26.08778572 -296.51730347 309.72116089
v -26.08778572 -294.51730347 309.72116089
v -26.85067749 -296.51730347 310.74981689
v -26.85067749 -294.51730347 310.74981689
v -27.50907326 -296.51730347 311.84826660
v -27.50907326 -294.51730347 311.84826660
v -28.05662727 -296.51730347 313.00598145
v -28.05662727 -294.51730347 313.00598145
v -28.48807144 -296.51730347 314.21179199
v -28.48807144 -294.51730347 314.21179199
v -28.79924774 -296.51730347 315.45407104
v -28.79924774 -294.51730347 315.45407104
v -26.98740005 -294.51730347 316.82543945
v -26.98740005 -290.51730347 316.82543945
v -27.04999924 -294.51730347 318.00000000
v -27.04999924 -290.51730347 318.00000000
v -26.98740005 -294.51730347 319.17453003
v -26.98740005 -290.51730347 319.17453003
v -26.80030823 -294.51730347 320.33578491
v -26.80030823 -290.51730347 320.33578491
v -26.49084282 -294.51730347 321.47055054
v -26.49084282 -290.51730347 321.47055054
v -26.06251335 -294.51730347 322.56597900
v -26.06251335 -290.51730347 322.56597900
v -25.52017212 -294.51730347 323.60971069
v -25.52017212 -290.51730347 323.60971069
v -24.86996269 -294.51730347 324.58984375
v -24.86996269 -290.51730347 324.58984375
v -24.11925507 -294.51730347 325.49533081
v -24.11925507 -290.51730347 325.49533081
v -23.27655029 -294.51730347 326.31591797
v -23.27655029 -290.51730347 326.31591797
v -22.35140038 -294.51730347 327.04223633
v -22.35140038 -290.51730347 327.04223633
v -21.35428619 -294.51730347 327.66613770
v -21.35428619 -290.51730347 327.66613770
v -20.29650688 -294.51730347 328.18048096
v -20.29650688 -290.51730347 328.18048096
v -19.19004631 -294.51730347 328.57949829
v -19.19004631 -290.51730347 328.57949829
v -18.04743958 -294.51730347 328.85864258
v -18.04743958 -290.51730347 328.85864258
v -16.88163567 -294.51730347 329.01477051
v -16.88163567 -290.51730347 329.01477051
v -15.70584297 -294.51730347 329.04608154
v -15.70584297 -290.51730347 329.04608154
v -14.53338337 -294.51730347 328.95223999
v -14.53338337 -290.51730347 328.95223999
v -13.37753963 -294.51730347 328.73428345
v -13.37753963 -290.51730347 328.73428345
v -12.25141048 -294.51730347 328.39474487
v -12.25141048 -290.51730347 328.39474487
v -11.16775417 -294.51730347 327.93740845
v -11.16775417 -290.51730347 327.93740845
v -10.13884926 -294.51730347 327.36746216
v -10.13884926 -290.51730347 327.36746216
v -9.17635345 -294.51730347 326.69137573
v -9.17635345 -290.51730347 326.69137573
v -8.29117203 -294.51730347 325.91683960
v -8.29117203 -290.51730347 325.91683960
v -7.49333429 -294.51730347 325.05258179
v -7.49333429 -290.51730347 325.05258179
v -6.79188108 -294.51730347 324.10842896
v -6.79188108 -290.51730347 324.10842896
v -6.19475937 -294.51730347 323.09506226
v -6.19475937 -290.51730347 323.09506226
v -5.70873547 -294.51730347 322.02395630
v -5.70873547 -290.51730347 322.02395630
v -5.33931494 -294.51730347 320.90728760
v -5.33931494 -290.51730347 320.90728760
v -5.09068489 -294.51730347 319.75765991
v -5.09068489 -290.51730347 319.75765991
v -4.96566105 -294.51730347 318.58810425
v -4.96566105 -290.51730347 318.58810425
v -4.96566105 -294.51730347 317.41189575
v -4.96566105 -290.51730347 317.41189575
v -5.09068489 -294.51730347 316.24234009
v -5.09068489 -290.51730347 316.24234009
v -5.33931494 -294.51730347 315.09271240
v -5.33931494 -290.51730347 315.09271240
v -5.70873547 -294.51730347 313.97601318
v -5.70873547 -290.51730347 313.97601318
v -6.19475937 -294.51730347 312.90493774
v -6.19475937 -290.51730347 312.90493774
v -6.79188108 -294.51730347 311.89154053
v -6.79188108 -290.51730347 311.89154053
v -7.49333429 -294.51730347 310.94738770
v -7.49333429 -290.51730347 310.94738770
v -8.29117203 -294.51730347 310.08316040
v -8.29117203 -290.51730347 310.08316040
v -9.17635345 -294.51730347 309.30859375
v -9.17635345 -290.51730347 309.30859375
v -10.13884926 -294.51730347 308.63253784
v -10.13884926 -290.51730347 308.63253784
v -11.16775417 -294.51730347 308.06259155
v -11.16775417 -290.51730347 308.06259155
v -12.25141048 -294.51730347 307.60525513
v -12.25141048 -290.51730347 307.60525513
v -13.37753963 -294.51730347 307.26568604
v -13.37753963 -290.51730347 307.26568604
v -14.53338337 -294.51730347 307.04776001
v -14.53338337 -290.51730347 307.04776001
v -15.70584297 -294.51730347 306.95391846
v -15.70584297 -290.51730347 306.95391846
v -16.88163567 -294.51730347 306.98522949
v -16.88163567 -290.51730347 306.98522949
v -18.04743958 -294.51730347 307.14132690
v -18.04743958 -290.51730347 307.14132690
v -19.19004631 -294.51730347 307.42047119
v -19.19004631 -290.51730347 307.42047119
v -20.29650688 -294.51730347 307.81948853
v -20.29650688 -290.51730347 307.81948853
v -21.35428619 -294.51730347 308.33386230
v -21.35428619 -290.51730347 308.33386230
v -22.35140038 -294.51730347 308.95776367
v -22.35140038 -290.51730347 308.95776367
v -23.27655029 -294.51730347 309.68408203
v -23.27655029 -290.51730347 309.68408203
v -24.11925507 -294.51730347 310.50463867
v -24.11925507 -290.51730347 310.50463867
v -24.86996269 -294.51730347 311.41012573
v -24.86996269 -290.51730347 311.41012573
v -25.52017212 -294.51730347 312.39028931
v -25.52017212 -290.51730347 312.39028931
v -26.06251335 -294.51730347 313.43399048
v -26.06251335 -290.51730347 313.43399048
v -26.49084282 -294.51730347 314.52944946
v -26.49084282 -290.51730347 314.52944946
v -26.80030823 -294.51730347 315.66421509
v -26.80030823 -290.51730347 315.66421509
v -45.93474197 -238.26159668 319.97741699
v -45.96247482 -237.91923523 319.50000000
v -37.00000000 -237.91923523 319.50000000
v -45.98476410 -237.67350769 318.95455933
v -37.00000000 -237.67047119 318.94628906
v -45.99753189 -237.54165649 318.37634277
v -37.00000000 -237.53825378 318.35385132
v -45.99930954 -237.52406311 317.80297852
v -37.00000000 -237.52799988 317.74694824
v -45.98983002 -237.62031555 317.22305298
v -37.00000000 -237.64013672 317.15039062
v -45.97019196 -237.83178711 316.66342163
v -37.00000000 -237.87005615 316.58859253
v -45.94358444 -238.14732361 316.16168213
v -37.00000000 -238.20835876 316.08459473
v -45.91506577 -238.53990173 315.74426270
v -37.00000000 -238.64118958 315.65902710
v -45.88731384 -239.01763916 315.40246582
v -37.00000000 -239.15083313 315.32928467
v -45.86492538 -239.56275940 315.15618896
v -37.00000000 -239.71641541 315.10888672
v -45.85210419 -240.14094543 315.02432251
v -37.00000000 -240.31478882 315.00683594
v -45.85031891 -240.71434021 315.00674438
v -37.00000000 -240.92144775 315.02734375
v -45.85984039 -241.29425049 315.10299683
v -37.00000000 -241.51156616 315.16955566
v -45.87955093 -241.85386658 315.31445312
v -37.00000000 -242.06097412 315.42761230
v -45.90621567 -242.35560608 315.63000488
v -37.00000000 -242.54719543 315.79101562
v -45.93474197 -242.77302551 316.02258301
v -37.00000000 -242.95030212 316.24484253
v -45.96244812 -243.11485291 316.50030518
v -37.00000000 -243.25381470 316.77053833
v -45.98476410 -243.36112976 317.04544067
v -37.00000000 -243.44528198 317.34655762
v -45.99753189 -243.49298096 317.62362671
v -37.00000000 -243.51689148 317.94934082
v -45.99930954 -243.51057434 318.19702148
v -37.00000000 -243.46568298 318.55416870
v -45.98983002 -243.41430664 318.77694702
v -37.00000000 -243.29377747 319.13632202
v -45.97019196 -243.20283508 319.33654785
v -37.00000000 -243.00819397 319.67196655
v -45.94358444 -242.88731384 319.83828735
v -37.00000000 -242.62063599 320.13916016
v -45.91506577 -242.49472046 320.25570679
v -37.00000000 -242.14697266 320.51876831
v -45.88731384 -242.01699829 320.59753418
v -37.00000000 -241.60659790 320.79525757
v -45.86492538 -241.47186279 320.84381104
v -37.00000000 -241.02162170 320.95730591
v -45.85210419 -240.89367676 320.97564697
v -37.00000000 -240.41598511 320.99829102
v -45.85031891 -240.32029724 320.99325562
v -37.00000000 -239.81451416 320.91650391
v -45.85984039 -239.74037170 320.89700317
v -37.00000000 -239.24180603 320.71533203
v -45.87955093 -239.18075562 320.68551636
v -37.00000000 -238.72132874 320.40298462
v -45.90621567 -238.67901611 320.36999512
v -37.00000000 -238.27436829 319.99227905
v -44.49293518 -228.50968933 325.60354614
v -44.54776764 -228.16923523 325.12915039
v -37.00000000 -228.16923523 325.12915039
v -44.62479401 -227.92944336 324.59954834
v -37.00000000 -227.92047119 324.57546997
v -44.72319031 -227.79281616 324.01943970
v -37.00000000 -227.78825378 323.98303223
v -44.83723831 -227.77499390 323.42605591
v -37.00000000 -227.77799988 323.37609863
v -44.95812988 -227.86782837 322.85906982
v -37.00000000 -227.89013672 322.77954102
v -45.08469009 -228.06791687 322.32205200
v -37.00000000 -228.12005615 322.21777344
v -45.21624374 -228.37542725 321.81838989
v -37.00000000 -228.45835876 321.71377563
v -45.34417725 -228.77752686 321.38507080
v -37.00000000 -228.89118958 321.28817749
v -45.46070480 -229.24307251 321.04522705
v -37.00000000 -229.40083313 320.95843506
v -45.56458664 -229.76553345 320.80221558
v -37.00000000 -229.96641541 320.73803711
v -45.65536880 -230.34468079 320.65908813
v -37.00000000 -230.56478882 320.63601685
v -45.72549057 -230.94383240 320.63519287
v -37.00000000 -231.17144775 320.65649414
v -45.77156067 -231.52246094 320.72576904
v -37.00000000 -231.76156616 320.79870605
v -45.79317093 -232.07101440 320.92816162
v -37.00000000 -232.31097412 321.05679321
v -45.78982925 -232.58528137 321.24273682
v -37.00000000 -232.79719543 321.42019653
v -45.75991440 -233.02499390 321.65484619
v -37.00000000 -233.20030212 321.87402344
v -45.70727921 -233.36558533 322.12948608
v -37.00000000 -233.50381470 322.39968872
v -45.63301086 -233.60540771 322.65942383
v -37.00000000 -233.69528198 322.97570801
v -45.53756714 -233.74194336 323.23986816
v -37.00000000 -233.76689148 323.57849121
v -45.42612457 -233.75953674 323.83364868
v -37.00000000 -233.71568298 324.18334961
v -45.30704117 -233.66629028 324.40109253
v -37.00000000 -233.54377747 324.76550293
v -45.18141174 -233.46586609 324.93801880
v -37.00000000 -233.25819397 325.30114746
v -45.04971313 -233.15802002 325.44149780
v -37.00000000 -232.87063599 325.76831055
v -44.92050552 -232.75572205 325.87448120
v -37.00000000 -232.39697266 326.14791870
v -44.80191422 -232.29028320 326.21383667
v -37.00000000 -231.85659790 326.42440796
v -44.69535446 -231.76802063 326.45648193
v -37.00000000 -231.27162170 326.58645630
v -44.60160828 -231.18908691 326.59936523
v -37.00000000 -230.66598511 326.62744141
v -44.52879333 -230.59020996 326.62310791
v -37.00000000 -230.06451416 326.54568481
v -44.48075867 -230.01200867 326.53253174
v -37.00000000 -229.49180603 326.34451294
v -44.45816422 -229.46333313 326.33001709
v -37.00000000 -228.97132874 326.03216553
v -44.46166611 -228.94920349 326.01547241
v -37.00000000 -228.52436829 325.62145996
v -45.26030350 -228.50256348 314.33706665
v -45.13331604 -228.16923523 313.87081909
v -37.00000000 -228.16923523 313.87081909
v -45.00582123 -227.93222046 313.34933472
v -37.00000000 -227.92047119 313.31713867
v -44.87862396 -227.79463196 312.77474976
v -37.00000000 -227.78825378 312.72470093
v -44.76058197 -227.77404785 312.18228149
v -37.00000000 -227.77799988 312.11776733
v -44.65880203 -227.86526489 311.61053467
v -37.00000000 -227.89013672 311.52120972
v -44.57474136 -228.06628418 311.06713867
v -37.00000000 -228.12005615 310.95944214
v -44.50940704 -228.37905884 310.55526733
v -37.00000000 -228.45835876 310.45544434
v -44.46942520 -228.79032898 310.11547852
v -37.00000000 -228.89118958 310.02984619
v -44.45610809 -229.26637268 309.77328491
v -37.00000000 -229.40083313 309.70010376
v -44.46932602 -229.80046082 309.53176880
v -37.00000000 -229.96641541 309.47970581
v -44.50920486 -230.38685608 309.39505005
v -37.00000000 -230.56478882 309.37768555
v -44.57445526 -230.98657227 309.37966919
v -37.00000000 -231.17144775 309.39816284
v -44.65845490 -231.55783081 309.47686768
v -37.00000000 -231.76156616 309.54037476
v -44.76016235 -232.09866333 309.68331909
v -37.00000000 -232.31097412 309.79846191
v -44.87815475 -232.60166931 309.99697876
v -37.00000000 -232.79719543 310.16186523
v -45.00533295 -233.03080750 310.40313721
v -37.00000000 -233.20030212 310.61569214
v -45.13284302 -233.36433411 310.86898804
v -37.00000000 -233.50381470 311.14135742
v -45.25981903 -233.60179138 311.39053345
v -37.00000000 -233.69528198 311.71737671
v -45.38552094 -233.73982239 311.96557617
v -37.00000000 -233.76689148 312.32015991
v -45.50119019 -233.76063538 312.55859375
v -37.00000000 -233.71568298 312.92501831
v -45.60010147 -233.66955566 313.13040161
v -37.00000000 -233.54377747 313.50717163
v -45.68138123 -233.46830750 313.67459106
v -37.00000000 -233.25819397 314.04281616
v -45.74415970 -233.15541077 314.18658447
v -37.00000000 -232.87063599 314.50997925
v -45.78241730 -232.74418640 314.62628174
v -37.00000000 -232.39697266 314.88958740
v -45.79513550 -232.26824951 314.96835327
v -37.00000000 -231.85659790 315.16607666
v -45.78251266 -231.73428345 315.20983887
v -37.00000000 -231.27162170 315.32815552
v -45.74435425 -231.14804077 315.34658813
v -37.00000000 -230.66598511 315.36911011
v -45.68165588 -230.54814148 315.36199951
v -37.00000000 -230.06451416 315.28735352
v -45.60043716 -229.97605896 315.26458740
v -37.00000000 -229.49180603 315.08618164
v -45.50159836 -229.43524170 315.05798340
v -37.00000000 -228.97132874 314.77383423
v -45.38598251 -228.93188477 314.74386597
v -37.00000000 -228.52436829 314.36312866
v -45.20715332 -250.98881531 313.73168945
v -40.50000000 -250.98881531 313.73168945
v -45.31861877 -251.19122314 314.63729858
v -40.50000000 -251.28175354 315.13836670
v -45.40385056 -251.34484863 315.54916382
v -40.50000000 -251.45832825 316.56436157
v -45.47553253 -251.47352600 316.76199341
v -40.50000000 -251.51731873 318.00000000
v -45.49999619 -251.51730347 317.98583984
v -45.49562454 -251.50958252 318.52017212
v -40.50000000 -251.45832825 319.43563843
v -45.47132111 -251.46612549 319.33694458
v -45.42602921 -251.38484192 320.14916992
v -40.50000000 -251.28175354 320.86160278
v -45.33421326 -251.21948242 321.21505737
v -40.50000000 -250.98881531 322.26828003
v -45.20715332 -250.98881531 322.26828003
v -44.24889374 -253.89820862 310.00000000
v -40.50000000 -253.89820862 310.00000000
v -44.25379181 -253.60897827 310.01379395
v -40.50000000 -253.29658508 310.06094360
v -44.27692795 -253.20846558 310.07992554
v -44.30374908 -252.93699646 310.15783691
v -40.50000000 -252.71940613 310.24130249
v -44.35634232 -252.56321716 310.31338501
v -40.50000000 -252.19012451 310.53372192
v -44.47642136 -251.99287415 310.68273926
v -40.50000000 -251.73023987 310.92636108
v -44.50461197 -251.88848877 310.77273560
v -44.62386322 -251.52175903 311.16900635
v -40.50000000 -251.35842896 311.40325928
v -44.65190887 -251.44987488 311.26626587
v -44.78232956 -251.17462158 311.74218750
v -40.50000000 -251.08982849 311.94503784
v -44.81211090 -251.12443542 311.85705566
v -44.94004059 -250.96246338 312.38241577
v -40.50000000 -250.93530273 312.52966309
v -44.97371674 -250.93518066 312.53085327
v -45.08471680 -250.89877319 313.05786133
v -40.50000000 -250.90116882 313.13339233
v -45.13336945 -250.91444397 322.68826294
v -40.50000000 -250.90116882 322.86660767
v -45.08376694 -250.89868164 322.94692993
v -45.01417160 -250.91165161 323.28439331
v -40.50000000 -250.93530273 323.47033691
v -44.93994904 -250.96253967 323.61798096
v -44.92183685 -250.98002625 323.69583130
v -40.50000000 -251.08982849 324.05496216
v -44.78239441 -251.17449951 324.25753784
v -44.74398422 -251.24600220 324.40206909
v -40.50000000 -251.35842896 324.59674072
v -44.62304688 -251.52392578 324.83377075
v -40.50000000 -251.73023987 325.07360840
v -44.60337448 -251.57737732 324.90097046
v -44.47625351 -251.99351501 325.31777954
v -40.50000000 -252.19012451 325.46624756
v -44.45972824 -252.05879211 325.36993408
v -44.35594559 -252.56561279 325.68777466
v -40.50000000 -252.71940613 325.75869751
v -44.32039642 -252.80374146 325.79321289
v -40.50000000 -253.29658508 325.93905640
v -44.27656555 -253.21302795 325.92071533
v -44.24889374 -253.89820862 326.00000000
v -40.50000000 -253.89820862 326.00000000
v -35.70000076 -234.01731873 335.50000000
v -35.70000076 -232.57217407 335.44021606
v -40.36698532 -234.01731873 335.50000000
v -40.36698532 -232.54747009 335.43817139
v -35.70000076 -231.13690186 335.26132202
v -40.36698532 -231.08801270 335.25308228
v -35.70000076 -229.72131348 334.96450806
v -40.36698532 -229.64926147 334.94607544
v -35.70000076 -228.33506775 334.55178833
v -40.36698532 -228.24137878 334.51934814
v -35.70000076 -226.98764038 334.02603149
v -40.36698532 -226.87429810 333.97583008
v -35.70000076 -225.68823242 333.39077759
v -40.36698532 -225.55772400 333.31942749
v -35.70000076 -224.44572449 332.65042114
v -40.36698532 -224.30091858 332.55477905
v -35.70000076 -223.26858521 331.80996704
v -40.36698532 -223.11277771 331.68725586
v -35.70000076 -222.16488647 330.87515259
v -40.36698532 -222.00169373 330.72299194
v -35.70000076 -221.14215088 329.85241699
v -40.36698532 -220.97554016 329.66885376
v -35.70000076 -220.20735168 328.74871826
v -40.36698532 -220.04153442 328.53222656
v -35.70000076 -219.36689758 327.57159424
v -40.36698532 -219.20631409 327.32116699
v -35.70000076 -218.62652588 326.32907104
v -40.36698532 -218.47575378 326.04425049
v -35.70000076 -217.99128723 325.02966309
v -40.36698532 -217.85502625 324.71044922
v -35.70000076 -217.46551514 323.68225098
v -40.36698532 -217.34851074 323.32925415
v -35.70000076 -217.05281067 322.29598999
v -40.36698532 -216.95979309 321.91040039
v -35.70000076 -216.75599670 320.88040161
v -40.36698532 -216.69163513 320.46389771
v -35.70000076 -216.57708740 319.44512939
v -40.36698532 -216.54591370 319.00000000
v -38.00000000 -216.54591370 319.00000000
v -35.70000076 -216.51731873 318.00000000
v -38.00000000 -216.52049255 318.33349609
v -38.00000000 -216.52049255 317.66650391
v -38.00000000 -216.54591370 317.00000000
v -35.70000076 -216.57708740 316.55487061
v -40.36698532 -216.54591370 317.00000000
v -40.36698532 -216.69163513 315.53610229
v -35.70000076 -216.75599670 315.11959839
v -40.36698532 -216.95979309 314.08959961
v -35.70000076 -217.05281067 313.70401001
v -40.36698532 -217.34851074 312.67074585
v -35.70000076 -217.46551514 312.31774902
v -40.36698532 -217.85502625 311.28952026
v -35.70000076 -217.99128723 310.97033691
v -40.36698532 -218.47575378 309.95574951
v -35.70000076 -218.62652588 309.67092896
v -40.36698532 -219.20631409 308.67883301
v -35.70000076 -219.36689758 308.42840576
v -40.36698532 -220.04153442 307.46777344
v -35.70000076 -220.20735168 307.25128174
v -40.36698532 -220.97554016 306.33114624
v -35.70000076 -221.14215088 306.14758301
v -40.36698532 -222.00169373 305.27697754
v -35.70000076 -222.16488647 305.12481689
v -40.36698532 -223.11277771 304.31274414
v -35.70000076 -223.26858521 304.19003296
v -40.36698532 -224.30091858 303.44522095
v -35.70000076 -224.44572449 303.34957886
v -40.36698532 -225.55772400 302.68054199
v -35.70000076 -225.68823242 302.60919189
v -40.36698532 -226.87429810 302.02416992
v -35.70000076 -226.98764038 301.97396851
v -40.36698532 -228.24137878 301.48065186
v -35.70000076 -228.33506775 301.44818115
v -40.36698532 -229.64926147 301.05389404
v -35.70000076 -229.72131348 301.03549194
v -40.36698532 -231.08801270 300.74691772
v -35.70000076 -231.13690186 300.73867798
v -40.36698532 -232.54747009 300.56182861
v -35.70000076 -232.57217407 300.55975342
v -40.36698532 -234.01731873 300.50000000
v -35.70000076 -234.01731873 300.50000000
v -34.13290787 -296.51730347 334.27722168
v -32.95582581 -296.51730347 335.50000000
v -35.22201538 -296.51730347 332.97543335
v -36.21786118 -296.51730347 331.60101318
v -37.11561584 -296.51730347 330.16061401
v -37.91092300 -296.51730347 328.66122437
v -38.59992218 -296.51730347 327.11007690
v -39.17927170 -296.51730347 325.51473999
v -39.64616013 -296.51730347 323.88293457
v -39.99832153 -296.51730347 322.22262573
v -40.23405075 -296.51730347 320.54177856
v -40.35220337 -296.51730347 318.84863281
v -40.35220337 -296.51730347 317.15136719
v -40.23405075 -296.51730347 315.45819092
v -39.99832153 -296.51730347 313.77737427
v -39.64616013 -296.51730347 312.11703491
v -39.17927170 -296.51730347 310.48526001
v -38.59992218 -296.51730347 308.88992310
v -37.91092300 -296.51730347 307.33877563
v -37.11561584 -296.51730347 305.83938599
v -36.21786118 -296.51730347 304.39895630
v -35.22201538 -296.51730347 303.02453613
v -34.13290787 -296.51730347 301.72277832
v -32.95582581 -296.51730347 300.50000000
v -1.00000000 -296.51730347 300.50000000
v -0.44369766 -296.51730347 300.56268311
v 0.08470935 -296.51730347 300.74758911
v 0.55872452 -296.51730347 301.04541016
v 0.95457870 -296.51730347 301.44128418
v 1.25242221 -296.51730347 301.91528320
v 1.43731976 -296.51730347 302.44369507
v 1.50000000 -296.51730347 303.00000000
v 1.50000000 -296.51730347 333.00000000
v 1.43731976 -296.51730347 333.55630493
v 1.25242221 -296.51730347 334.08471680
v 0.95457870 -296.51730347 334.55871582
v 0.55872452 -296.51730347 334.95458984
v 0.08470935 -296.51730347 335.25241089
v -0.44369766 -296.51730347 335.43731689
v -1.00000000 -296.51730347 335.50000000
v -35.64484024 -289.00686646 300.50000000
v -37.75387955 -289.99542236 300.50000000
v -35.70000076 -288.51730347 300.50000000
v -38.43782806 -288.51962280 300.50000000
v -39.02179718 -287.00149536 300.50000000
v -36.97299194 -291.42230225 300.50000000
v -35.48213196 -289.47186279 300.50000000
v -35.22002792 -289.88897705 300.50000000
v -36.09865189 -292.79388428 300.50000000
v -34.87167740 -290.23733521 300.50000000
v -34.45454407 -290.49945068 300.50000000
v -35.13475037 -294.10409546 300.50000000
v -33.98954773 -290.66213989 300.50000000
v -33.50000000 -290.71731567 300.50000000
v -1.00000000 -290.71731567 300.50000000
v -34.08558273 -295.34710693 300.50000000
v -39.50317764 -285.44775391 300.50000000
v -39.87982559 -283.86538696 300.50000000
v -40.15006638 -282.26141357 300.50000000
v -40.31269455 -280.64297485 300.50000000
v -40.36698532 -279.01730347 300.50000000
v -1.00000000 -290.71731567 335.50000000
v -33.50000000 -290.71731567 335.50000000
v -34.08558273 -295.34710693 335.50000000
v -35.13475037 -294.10409546 335.50000000
v -33.98954773 -290.66213989 335.50000000
v -34.45454407 -290.49945068 335.50000000
v -36.09865189 -292.79388428 335.50000000
v -34.87167740 -290.23733521 335.50000000
v -35.22002792 -289.88897705 335.50000000
v -36.97299194 -291.42230225 335.50000000
v -35.48213196 -289.47186279 335.50000000
v -35.64484024 -289.00686646 335.50000000
v -37.75387955 -289.99542236 335.50000000
v -35.70000076 -288.51730347 335.50000000
v -38.43782806 -288.51962280 335.50000000
v -39.02179718 -287.00149536 335.50000000
v -39.50317764 -285.44775391 335.50000000
v -39.87982559 -283.86538696 335.50000000
v -40.15006638 -282.26141357 335.50000000
v -40.31269455 -280.64297485 335.50000000
v -40.36698532 -279.01730347 335.50000000
v -35.50000000 -282.01730347 326.00000000
v -35.50000000 -285.26412964 326.00000000
v -37.50000000 -282.01730347 326.00000000
v -38.08526993 -281.95965576 326.00000000
v -38.64804840 -281.78894043 326.00000000
v -43.54954147 -285.26412964 326.00000000
v -39.16670990 -281.51171875 326.00000000
v -39.62131882 -281.13864136 326.00000000
v -39.99440765 -280.68402100 326.00000000
v -40.27163696 -280.16537476 326.00000000
v -40.44235611 -279.60256958 326.00000000
v -40.50000000 -279.01730347 326.00000000
v -43.85479355 -283.71948242 326.00000000
v -44.07350922 -282.16024780 326.00000000
v -44.20501328 -280.59121704 326.00000000
v -44.24889374 -279.01730347 326.00000000
v -35.50000000 -282.01730347 310.00000000
v -37.50000000 -282.01730347 310.00000000
v -35.50000000 -285.26412964 310.00000000
v -38.08526993 -281.95965576 310.00000000
v -38.64804840 -281.78894043 310.00000000
v -43.54954147 -285.26412964 310.00000000
v -39.16670990 -281.51171875 310.00000000
v -39.62131882 -281.13864136 310.00000000
v -39.99440765 -280.68402100 310.00000000
v -40.27163696 -280.16537476 310.00000000
v -40.44235611 -279.60256958 310.00000000
v -40.50000000 -279.01730347 310.00000000
v -43.85479355 -283.71948242 310.00000000
v -44.07350922 -282.16024780 310.00000000
v -44.20501328 -280.59121704 310.00000000
v -44.24889374 -279.01730347 310.00000000
v -35.50000000 -247.01731873 305.00000000
v -35.50000000 -279.01730347 305.00000000
v -35.50000000 -288.51730347 300.69998169
v -35.50000000 -279.60256958 305.05764771
v -35.50000000 -280.16537476 305.22836304
v -35.50000000 -280.68402100 305.50558472
v -35.50000000 -281.13864136 305.87866211
v -35.50000000 -281.51171875 306.33328247
v -35.50000000 -281.78894043 306.85195923
v -35.50000000 -286.34170532 310.20019531
v -35.50000000 -286.83502197 310.44415283
v -35.50000000 -285.81216431 310.05047607
v -35.50000000 -281.95965576 307.41473389
v -35.50000000 -282.01730347 308.00000000
v -35.50000000 -287.27548218 310.77410889
v -35.50000000 -287.64822388 311.17898560
v -35.50000000 -287.94076538 311.64511108
v -35.50000000 -288.14321899 312.15686035
v -35.50000000 -288.24880981 312.69696045
v -35.50000000 -288.39791870 314.46127319
v -35.50000000 -288.48745728 316.22964478
v -35.50000000 -288.51730347 318.00000000
v -35.50000000 -234.01731873 300.69998169
v -35.50000000 -246.43203735 305.05764771
v -35.50000000 -245.86926270 305.22836304
v -35.50000000 -245.35060120 305.50558472
v -35.50000000 -244.89599609 305.87866211
v -35.50000000 -232.55017090 300.76232910
v -35.50000000 -231.09359741 300.94885254
v -35.50000000 -229.65809631 301.25820923
v -35.50000000 -228.25399780 301.68820190
v -35.50000000 -226.89141846 302.23574829
v -35.50000000 -225.58018494 302.89685059
v -35.50000000 -224.32974243 303.66677856
v -35.50000000 -223.14910889 304.53997803
v -35.50000000 -222.04676819 305.51016235
v -35.50000000 -221.03068542 306.57031250
v -35.50000000 -220.10816956 307.71282959
v -35.50000000 -219.28585815 308.92947388
v -35.50000000 -218.56970215 310.21145630
v -35.50000000 -217.96482849 311.54959106
v -35.50000000 -217.47563171 312.93417358
v -35.50000000 -217.10560608 314.35525513
v -35.50000000 -216.85743713 315.80258179
v -35.50000000 -216.73289490 317.26577759
v -35.50000000 -216.73289490 318.73422241
v -35.50000000 -216.85743713 320.19741821
v -35.50000000 -217.10560608 321.64474487
v -35.50000000 -217.47563171 323.06582642
v -35.50000000 -217.96482849 324.45040894
v -35.50000000 -218.56970215 325.78851318
v -35.50000000 -219.28585815 327.07052612
v -35.50000000 -220.10816956 328.28713989
v -35.50000000 -221.03068542 329.42965698
v -35.50000000 -222.04676819 330.48983765
v -35.50000000 -223.14910889 331.46002197
v -35.50000000 -224.32974243 332.33322144
v -35.50000000 -225.58018494 333.10314941
v -35.50000000 -226.89141846 333.76425171
v -35.50000000 -228.25399780 334.31176758
v -35.50000000 -229.65809631 334.74179077
v -35.50000000 -231.09359741 335.05114746
v -35.50000000 -232.55017090 335.23767090
v -35.50000000 -234.01731873 335.29998779
v -35.50000000 -244.89599609 330.12130737
v -35.50000000 -244.52290344 329.66671753
v -35.50000000 -244.24568176 329.14804077
v -35.50000000 -244.07495117 328.58526611
v -35.50000000 -288.51730347 335.29998779
v -35.50000000 -247.01731873 331.00000000
v -35.50000000 -246.43203735 330.94235229
v -35.50000000 -245.86926270 330.77163696
v -35.50000000 -288.48745728 319.77035522
v -35.50000000 -288.39791870 321.53869629
v -35.50000000 -288.24880981 323.30303955
v -35.50000000 -288.14321899 323.84313965
v -35.50000000 -287.94076538 324.35485840
v -35.50000000 -287.64822388 324.82101440
v -35.50000000 -287.27548218 325.22589111
v -35.50000000 -286.83502197 325.55584717
v -35.50000000 -286.34170532 325.79977417
v -35.50000000 -281.78894043 329.14804077
v -35.50000000 -285.81216431 325.94952393
v -35.50000000 -281.95965576 328.58526611
v -35.50000000 -282.01730347 328.00000000
v -35.50000000 -281.51171875 329.66671753
v -35.50000000 -281.13864136 330.12130737
v -35.50000000 -280.68402100 330.49441528
v -35.50000000 -280.16537476 330.77163696
v -35.50000000 -279.60256958 330.94235229
v -35.50000000 -279.01730347 331.00000000
v -35.50000000 -245.35060120 330.49441528
v -35.50000000 -244.01731873 328.00000000
v -35.50000000 -244.01731873 326.44097900
v -35.50000000 -244.07241821 325.86862183
v -35.50000000 -244.23570251 325.31729126
v -35.50000000 -244.50119019 324.80722046
v -35.50000000 -245.10530090 323.77117920
v -35.50000000 -245.60733032 322.68203735
v -35.50000000 -246.00268555 321.54974365
v -35.50000000 -246.28770447 320.38482666
v -35.50000000 -246.45977783 319.19790649
v -35.50000000 -246.51731873 318.00000000
v -35.50000000 -246.45977783 316.80206299
v -35.50000000 -246.28770447 315.61517334
v -35.50000000 -246.00268555 314.45022583
v -35.50000000 -245.60733032 313.31796265
v -35.50000000 -245.10530090 312.22879028
v -35.50000000 -244.50119019 311.19274902
v -35.50000000 -244.23570251 310.68270874
v -35.50000000 -244.07241821 310.13137817
v -35.50000000 -244.01731873 309.55902100
v -35.50000000 -244.01731873 308.00000000
v -35.50000000 -244.07495117 307.41473389
v -35.50000000 -244.24568176 306.85195923
v -35.50000000 -244.52290344 306.33328247
v 1.24233425 -290.51730347 302.48818970
v 1.29999995 -290.51730347 303.00000000
v 1.07222843 -290.51730347 302.00207520
v 0.79821241 -290.51730347 301.56597900
v 0.43402654 -290.51730347 301.20178223
v -0.00206740 -290.51730347 300.92776489
v -0.48820186 -290.51730347 300.75765991
v -1.00000000 -290.51730347 300.69998169
v -33.50000000 -290.51730347 300.69998169
v -33.50000000 -290.51730347 335.29998779
v -1.00000000 -290.51730347 335.29998779
v -0.48820186 -290.51730347 335.24234009
v -0.00206740 -290.51730347 335.07223511
v 0.43402654 -290.51730347 334.79821777
v 0.79821241 -290.51730347 334.43402100
v 1.07222843 -290.51730347 333.99792480
v 1.24233425 -290.51730347 333.51177979
v 1.29999995 -290.51730347 333.00000000
v 1.50000000 -290.71731567 303.00000000
v 1.50000000 -290.71731567 333.00000000
v -0.44369766 -290.71731567 300.56268311
v 0.08470935 -290.71731567 300.74758911
v 0.55872452 -290.71731567 301.04541016
v 0.95457870 -290.71731567 301.44128418
v 1.25242221 -290.71731567 301.91528320
v 1.43731976 -290.71731567 302.44369507
v 1.43731976 -290.71731567 333.55630493
v 1.25242221 -290.71731567 334.08471680
v 0.95457870 -290.71731567 334.55871582
v 0.55872452 -290.71731567 334.95458984
v 0.08470935 -290.71731567 335.25241089
v -0.44369766 -290.71731567 335.43731689
v -33.94504166 -290.46716309 318.00000000
v -33.94504166 -290.46716309 326.64999390
v -33.94504166 -290.46716309 335.29998779
v -34.36776733 -290.31924438 335.29998779
v -34.36776733 -290.31924438 326.64999390
v -34.74697876 -290.08096313 335.29998779
v -34.74697876 -290.08096313 326.64999390
v -35.06366348 -289.76428223 335.29998779
v -35.06366348 -289.76428223 326.64999390
v -35.30193710 -289.38507080 335.29998779
v -35.30193710 -289.38507080 326.64999390
v -35.44985580 -288.96234131 335.29998779
v -35.44985580 -288.96234131 326.64999390
v -35.44985580 -288.96234131 318.00000000
v -35.44985580 -288.96234131 309.35000610
v -35.30193710 -289.38507080 309.35000610
v -35.30193710 -289.38507080 300.69998169
v -35.06366348 -289.76428223 300.69998169
v -35.06366348 -289.76428223 309.35000610
v -34.74697876 -290.08096313 300.69998169
v -34.74697876 -290.08096313 309.35000610
v -34.36776733 -290.31924438 300.69998169
v -34.36776733 -290.31924438 309.35000610
v -33.94504166 -290.46716309 300.69998169
v -33.94504166 -290.46716309 309.35000610
v -35.44985580 -288.96234131 300.69998169
v -34.36776733 -290.31924438 318.00000000
v -34.74697876 -290.08096313 318.00000000
v -35.06366348 -289.76428223 318.00000000
v -35.30193710 -289.38507080 318.00000000
v -41.40898132 -256.51730347 302.05059814
v -41.29362488 -279.01730347 301.86828613
v -42.14352036 -279.01730347 303.28549194
v -42.35244370 -256.51730347 303.66302490
v -42.91408539 -279.01730347 304.74737549
v -43.19371796 -256.51730347 305.33105469
v -43.60298538 -279.01730347 306.24945068
v -43.92953491 -256.51730347 307.04821777
v -44.20813370 -279.01730347 307.78720093
v -44.55704498 -256.51730347 308.80786133
v -44.72768784 -279.01730347 309.35592651
v -44.72768784 -253.89820862 309.35592651
v -44.73499298 -253.49124146 309.37997437
v -44.55704498 -234.01731873 308.80786133
v -43.92953491 -234.01731873 307.04821777
v -43.19371796 -234.01731873 305.33105469
v -42.35244370 -234.01731873 303.66302490
v -41.40898132 -234.01731873 302.05059814
v -44.75661850 -253.08956909 309.45217896
v -44.79115295 -252.70385742 309.56945801
v -44.83800888 -252.33351135 309.73141479
v -45.07381439 -234.01731873 310.60314941
v -44.90748215 -251.92178345 309.97769165
v -44.96099091 -251.66687012 310.17306519
v -45.03366852 -251.37652588 310.44714355
v -45.11154175 -251.11801147 310.75305176
v -45.18154907 -250.92311096 311.04028320
v -45.27329636 -250.71438599 311.43692017
v -45.47784042 -234.01731873 312.42712402
v -45.33159637 -250.60755920 311.70257568
v -45.43264771 -250.47100830 312.19317627
v -45.50188446 -250.41622925 312.55599976
v -45.57772064 -250.39886475 312.98419189
v -45.65874863 -250.44374084 313.48794556
v -45.76755142 -234.01731873 314.27270508
v -45.70219040 -250.50390625 313.78338623
v -45.83131409 -250.72801208 314.82263184
v -45.92440796 -250.88832092 315.87039185
v -45.97936630 -250.98226929 316.88610840
v -45.99999619 -251.01730347 317.98635864
v -45.99066544 -251.00138855 318.74548340
v -45.92476273 -250.88861084 320.12335205
v -45.85994720 -250.77720642 320.89550781
v -45.70219040 -250.50390625 322.21661377
v -45.76755142 -234.01731873 321.72729492
v -45.94183350 -234.01731873 319.86727905
v -46.00000000 -234.01731873 318.00000000
v -45.94183350 -234.01731873 316.13272095
v -45.64314651 -250.42916870 322.61328125
v -45.47784042 -234.01731873 323.57287598
v -45.57769394 -250.39886475 323.01599121
v -45.51366806 -250.41020203 323.37991333
v -45.43242645 -250.47122192 323.80795288
v -45.34654617 -250.58349609 324.22732544
v -45.27279663 -250.71537781 324.56530762
v -45.07381439 -234.01731873 325.39685059
v -45.18885422 -250.90475464 324.92889404
v -45.11072922 -251.12048340 325.25018311
v -45.03318405 -251.37803650 325.55474854
v -44.96084213 -251.66752625 325.82748413
v -44.89467239 -251.98974609 326.06832886
v -44.55704498 -234.01731873 327.19213867
v -44.83758926 -252.33636475 326.27001953
v -44.79293823 -252.68754578 326.42419434
v -44.75611877 -253.09478760 326.54901123
v -44.72873306 -253.74336243 326.64059448
v -44.72768784 -253.89820862 326.64407349
v -44.55704498 -256.51730347 327.19213867
v -44.72768784 -279.01730347 326.64407349
v -44.20813370 -279.01730347 328.21279907
v -43.92953491 -256.51730347 328.95175171
v -43.60298538 -279.01730347 329.75051880
v -43.19371796 -256.51730347 330.66891479
v -42.91408539 -279.01730347 331.25262451
v -42.35244370 -256.51730347 332.33697510
v -42.14352036 -279.01730347 332.71447754
v -41.40898132 -256.51730347 333.94940186
v -41.29362488 -279.01730347 334.13171387
v -41.40898132 -234.01731873 333.94940186
v -42.35244370 -234.01731873 332.33697510
v -43.19371796 -234.01731873 330.66891479
v -43.92953491 -234.01731873 328.95175171
v -41.37650681 -218.09474182 319.58255005
v -41.25142288 -217.85050964 319.00000000
v -42.06608200 -219.19978333 319.00000000
v -42.31476593 -219.70507812 319.64108276
v -42.80871201 -220.58999634 319.00000000
v -43.15136337 -221.37071228 319.69323730
v -43.47726440 -222.01731873 319.00000000
v -43.55778885 -222.20196533 318.98254395
v -43.88306808 -223.08520508 319.73889160
v -43.63813019 -222.38673401 318.92926025
v -43.71306992 -222.55957031 318.83990479
v -43.77840805 -222.71064758 318.72058105
v -43.83256531 -222.83613586 318.57360840
v -43.87528229 -222.93528748 318.39663696
v -43.90172958 -222.99674988 318.20037842
v -43.93723679 -223.08520508 318.00000000
v -44.56243134 -224.84193420 318.00000000
v -44.50704956 -224.84193420 316.22219849
v -45.02090073 -226.63410950 316.19015503
v -44.85207367 -226.63410950 314.38806152
v -45.25148773 -228.45480347 314.33816528
v -43.91057205 -223.01731873 318.00000000
v -43.90172958 -222.99674988 317.79962158
v -43.87528229 -222.93528748 317.60336304
v -43.88306808 -223.08520508 316.26110840
v -43.83256531 -222.83613586 317.42639160
v -43.77840805 -222.71064758 317.27941895
v -43.71306992 -222.55957031 317.16009521
v -43.63813019 -222.38673401 317.07073975
v -43.55778885 -222.20196533 317.01745605
v -43.15136337 -221.37071228 316.30673218
v -43.47726440 -222.01731873 317.00000000
v -42.80871201 -220.58999634 317.00000000
v -42.31476593 -219.70507812 316.35891724
v -42.06608200 -219.19978333 317.00000000
v -41.37650681 -218.09474182 316.41741943
v -41.25142288 -217.85050964 317.00000000
v -41.22881317 -218.09474182 314.84109497
v -42.16162491 -219.70507812 314.72442627
v -41.90697861 -219.70507812 313.10220337
v -42.73061371 -221.37071228 312.94650269
v -42.36424255 -221.37071228 311.29251099
v -43.07473373 -223.08520508 311.11175537
v -42.59349442 -223.08520508 309.43991089
v -43.18862152 -224.84193420 309.24835205
v -42.59117889 -224.84193420 307.57302856
v -43.07049942 -226.63410950 307.38507080
v -42.35731125 -226.63410950 305.72073364
v -42.72217560 -228.45480347 305.55075073
v -41.89549255 -228.45480347 303.91162109
v -42.14902878 -230.29699707 303.77368164
v -41.21284866 -230.29699707 302.17370605
v -41.35990143 -232.15354919 302.08139038
v -40.98326111 -218.09474182 313.27682495
v -41.55189514 -219.70507812 311.49917603
v -41.89563370 -221.37071228 309.66455078
v -42.00913239 -223.08520508 307.80126953
v -41.89062119 -224.84193420 305.93814087
v -41.54191589 -226.63410950 304.10400391
v -40.96838760 -228.45480347 302.32714844
v -40.64083862 -218.09474182 311.73095703
v -41.09772873 -219.70507812 309.92138672
v -40.54623032 -219.70507812 308.37490845
v -41.32660294 -221.37071228 308.06890869
v -40.65936279 -221.37071228 306.51174927
v -41.32390976 -223.08520508 306.20217896
v -40.54048157 -223.08520508 304.64883423
v -41.08966446 -224.84193420 304.35003662
v -40.62747192 -226.63410950 302.54113770
v -42.30154037 -232.15354919 303.69073486
v -43.14118958 -232.15354919 305.35552979
v -43.87558365 -232.15354919 307.06939697
v -44.50188065 -232.15354919 308.82562256
v -45.85465622 -232.15354919 315.71398926
v -45.88399506 -232.15354919 316.13632202
v -45.71070862 -230.29699707 316.14712524
v -45.76842499 -230.29699707 318.00000000
v -45.47979736 -228.45480347 318.00000000
v -45.42263794 -228.45480347 319.83489990
v -45.02090073 -226.63410950 319.80984497
v -44.85198593 -226.63410950 321.61267090
v -44.34112167 -224.84193420 321.54867554
v -44.06529236 -224.84193420 323.30581665
v -43.45097733 -223.08520508 323.18969727
v -43.07473373 -223.08520508 324.88824463
v -42.36424255 -221.37071228 324.70748901
v -41.89563370 -221.37071228 326.33544922
v -41.09772873 -219.70507812 326.07861328
v -40.54623032 -219.70507812 327.62509155
v -41.32660294 -221.37071228 327.93109131
v -40.65936279 -221.37071228 329.48822021
v -42.00913239 -223.08520508 328.19873047
v -41.32390976 -223.08520508 329.79782104
v -42.59117889 -224.84193420 328.42697144
v -41.89062119 -224.84193420 330.06185913
v -43.07049942 -226.63410950 328.61489868
v -42.35731125 -226.63410950 330.27926636
v -43.44523621 -228.45480347 328.76184082
v -42.72217560 -228.45480347 330.44924927
v -43.71394348 -230.29699707 328.86721802
v -42.98380661 -230.29699707 330.57113647
v -43.87558365 -232.15354919 328.93060303
v -43.14118958 -232.15354919 330.64443970
v -45.94205093 -232.15354919 318.00000000
v -45.88399506 -232.15354919 319.86364746
v -44.58963013 -232.15354919 326.89715576
v -44.50188065 -232.15354919 327.17437744
v -44.33660889 -230.29699707 327.12115479
v -42.30154037 -232.15354919 332.30926514
v -41.35990143 -232.15354919 333.91860962
v -41.21284866 -230.29699707 333.82629395
v -42.14902878 -230.29699707 332.22628784
v -40.96838760 -228.45480347 333.67285156
v -41.89549255 -228.45480347 332.08834839
v -40.62747192 -226.63410950 333.45883179
v -41.54191589 -226.63410950 331.89599609
v -41.08966446 -224.84193420 331.64996338
v -40.54048157 -223.08520508 331.35116577
v -41.55189514 -219.70507812 324.50082397
v -42.73061371 -221.37071228 323.05349731
v -43.72077179 -223.08520508 321.47100830
v -44.50704956 -224.84193420 319.77780151
v -45.07728195 -226.63410950 318.00000000
v -45.42263794 -228.45480347 316.16510010
v -40.64083862 -218.09474182 324.26901245
v -41.90697861 -219.70507812 322.89779663
v -40.98326111 -218.09474182 322.72317505
v -42.16159821 -219.70507812 321.27578735
v -41.22880173 -218.09474182 321.15899658
v -44.17958450 -226.63410950 325.16934204
v -43.67870712 -226.63410950 326.90939331
v -44.06186295 -228.45480347 327.03274536
v -45.71070862 -230.29699707 319.85284424
v -45.25138092 -228.45480347 321.66265869
v -44.57118225 -226.63410950 323.40145874
v -43.68062592 -224.84193420 325.04238892
v -42.59349442 -223.08520508 326.56008911
v -42.99332428 -221.37071228 321.37991333
v -44.33660889 -230.29699707 308.87881470
v -44.06186295 -228.45480347 308.96725464
v -43.71394348 -230.29699707 307.13278198
v -43.44523621 -228.45480347 307.23812866
v -42.98380661 -230.29699707 305.42886353
v -43.67870712 -226.63410950 309.09060669
v -44.17958450 -226.63410950 310.83065796
v -43.68062592 -224.84193420 310.95761108
v -44.06529236 -224.84193420 312.69415283
v -43.45097733 -223.08520508 312.81030273
v -43.72082901 -223.08520508 314.52941895
v -42.99336624 -221.37071228 314.62039185
v -44.57118225 -226.63410950 312.59851074
v -44.34119415 -224.84193420 314.45187378
v -43.18862152 -224.84193420 326.75164795
v -43.70485687 -288.78643799 311.91680908
v -43.22969437 -289.96908569 311.78689575
v -43.79338455 -288.91113281 312.55572510
v -43.57173920 -289.96908569 313.54376221
v -43.98292923 -289.03195190 313.91677856
v -43.79966354 -289.96908569 315.30972290
v -44.11728668 -289.11807251 315.27786255
v -44.19729233 -289.16964722 316.63891602
v -43.91519165 -289.96908569 317.10507202
v -44.22377396 -289.18679810 318.00000000
v -43.91519165 -289.96908569 318.89492798
v -44.19729233 -289.16964722 319.36105347
v -43.79966354 -289.96908569 320.69024658
v -44.11728668 -289.11807251 320.72213745
v -43.98292923 -289.03195190 322.08319092
v -43.57173920 -289.96908569 322.45623779
v -43.79338455 -288.91113281 323.44427490
v -43.22969437 -289.96908569 324.21310425
v -43.70426941 -288.78488159 324.08831787
v -43.64799118 -288.54391479 324.69570923
v -42.77582169 -289.96908569 325.94442749
v -43.63265610 -288.38116455 324.98239136
v -43.62619019 -288.19250488 325.25323486
v -43.37741089 -288.20944214 326.12292480
v -43.62870789 -287.98110962 325.50366211
v -43.64011383 -287.74740601 325.73367310
v -43.68921280 -287.21987915 326.12557983
v -43.77064133 -286.63565063 326.41143799
v -42.80091095 -288.20944214 327.85980225
v -43.28590012 -286.41415405 328.03823853
v -42.58691025 -286.41415405 329.76531982
v -42.95637512 -284.59017944 329.92883301
v -42.13696671 -284.59017944 331.63092041
v -42.39384460 -282.74462891 331.76489258
v -41.45798874 -282.74462891 333.42718506
v -41.60703659 -280.88458252 333.51751709
v -40.56053925 -280.88458252 335.12579346
v -40.41757965 -282.74462891 335.02612305
v -40.17993546 -284.59017944 334.86041260
v -39.84852600 -286.41415405 334.62933350
v -39.42462921 -288.20944214 334.33374023
v -38.90990067 -289.96908569 333.97482300
v -37.83964539 -289.96908569 335.40942383
v -38.30632782 -291.68624878 333.55395508
v -37.26427078 -291.68624878 334.95077515
v -37.61625290 -293.35427856 333.07278442
v -36.60643387 -293.35427856 334.42639160
v -36.84235382 -294.96673584 332.53314209
v -35.86868668 -294.96673584 333.83828735
v -43.64815521 -288.54513550 311.30670166
v -43.62985611 -288.32977295 310.93820190
v -42.77582169 -289.96908569 310.05554199
v -43.37741089 -288.20944214 309.87704468
v -42.21199036 -289.96908569 308.35684204
v -42.80091095 -288.20944214 308.14016724
v -41.54050827 -289.96908569 306.69772339
v -42.11434174 -288.20944214 306.44378662
v -40.76413727 -289.96908569 305.08502197
v -41.32052994 -288.20944214 304.79486084
v -39.88606644 -289.96908569 303.52536011
v -40.42272949 -288.20944214 303.20016479
v -38.90990067 -289.96908569 302.02514648
v -39.42462921 -288.20944214 301.66622925
v -39.84852600 -286.41415405 301.37066650
v -40.17993546 -284.59017944 301.13958740
v -40.41757965 -282.74462891 300.97387695
v -40.56053925 -280.88458252 300.87417603
v -41.60703659 -280.88458252 302.48248291
v -42.54837036 -280.88458252 304.15451050
v -43.38068008 -280.88458252 305.88342285
v -44.10054016 -280.88458252 307.66204834
v -44.68306351 -280.61788940 309.35592651
v -43.62623215 -288.19668579 310.75219727
v -43.62878799 -287.97991943 310.49523926
v -43.63998032 -287.74945068 310.26818848
v -43.68856812 -287.22537231 309.87774658
v -43.77021027 -286.63836670 309.58956909
v -43.28590012 -286.41415405 307.96176147
v -42.58691025 -286.41415405 306.23468018
v -41.77873230 -286.41415405 304.55590820
v -40.86468506 -286.41415405 302.93234253
v -43.86166382 -286.11404419 309.43472290
v -43.96843719 -285.58709717 309.36260986
v -43.66508102 -284.59017944 307.82226562
v -44.01647949 -285.37002563 309.35592651
v -44.32690811 -283.79919434 309.35592651
v -43.93697739 -282.74462891 307.72222900
v -44.54933167 -282.21350098 309.35592651
v -37.83964539 -289.96908569 300.59054565
v -37.26427078 -291.68624878 301.04922485
v -36.60643387 -293.35427856 301.57360840
v -35.86868668 -294.96673584 302.16171265
v -34.81342697 -294.96673584 300.92160034
v -36.84235382 -294.96673584 303.46682739
v -37.61625290 -293.35427856 302.92721558
v -38.53730011 -293.35427856 304.34271240
v -39.25677490 -291.68624878 303.90670776
v -40.11171341 -291.68624878 305.42529297
v -37.73042297 -294.96673584 304.83166504
v -39.36578751 -293.35427856 305.81430054
v -40.86763000 -291.68624878 306.99548340
v -38.52925110 -294.96673584 306.25057983
v -40.09832001 -293.35427856 307.33593750
v -41.52141953 -291.68624878 308.61090088
v -39.23555756 -294.96673584 307.71771240
v -40.73188400 -293.35427856 308.90136719
v -42.07040024 -291.68624878 310.26486206
v -39.84643936 -294.96673584 309.22711182
v -41.26388168 -293.35427856 310.50415039
v -42.51231384 -291.68624878 311.95059204
v -40.35939026 -294.96673584 310.77252197
v -41.69212341 -293.35427856 312.13772583
v -42.84534836 -291.68624878 313.66116333
v -40.77230072 -294.96673584 312.34759521
v -42.01485062 -293.35427856 313.79537964
v -43.06748581 -291.68624878 315.38284302
v -41.08347702 -294.96673584 313.94592285
v -42.23032761 -293.35427856 315.46597290
v -43.17975235 -291.68624878 317.12866211
v -41.29143906 -294.96673584 315.55877686
v -42.33891296 -293.35427856 317.15560913
v -43.17975235 -291.68624878 318.87133789
v -43.06748581 -291.68624878 320.61715698
v -42.84534836 -291.68624878 322.33883667
v -41.39593506 -294.96673584 317.18585205
v -42.33891296 -293.35427856 318.84439087
v -42.23032761 -293.35427856 320.53402710
v -42.01485062 -293.35427856 322.20462036
v -42.51231384 -291.68624878 324.04940796
v -41.39593506 -294.96673584 318.81414795
v -41.29143906 -294.96673584 320.44122314
v -41.08347702 -294.96673584 322.05407715
v -41.69212341 -293.35427856 323.86227417
v -42.07040024 -291.68624878 325.73513794
v -42.21199036 -289.96908569 327.64315796
v -42.11434174 -288.20944214 329.55621338
v -41.77873230 -286.41415405 331.44409180
v -41.21021652 -284.59017944 333.27703857
v -40.77230072 -294.96673584 323.65237427
v -40.35939026 -294.96673584 325.22747803
v -39.84643936 -294.96673584 326.77288818
v -39.23555756 -294.96673584 328.28225708
v -38.52925110 -294.96673584 329.74942017
v -37.73042297 -294.96673584 331.16833496
v -34.81342697 -294.96673584 335.07839966
v -42.54837036 -280.88458252 331.84545898
v -43.22130585 -282.74462891 330.04605103
v -43.66508102 -284.59017944 328.17773438
v -44.01647949 -285.37002563 326.64407349
v -43.88146591 -286.01052856 326.58596802
v -43.38068008 -280.88458252 330.11657715
v -43.93697739 -282.74462891 328.27777100
v -44.32690811 -283.79919434 326.64407349
v -44.10054016 -280.88458252 328.33792114
v -44.54933167 -282.21350098 326.64407349
v -44.68306351 -280.61788940 326.64407349
v -43.22130585 -282.74462891 305.95391846
v -42.39384460 -282.74462891 304.23510742
v -41.45798874 -282.74462891 302.57281494
v -42.95637512 -284.59017944 306.07116699
v -42.13696671 -284.59017944 304.36907959
v -41.21021652 -284.59017944 302.72296143
v -38.30632782 -291.68624878 302.44601440
v -41.26388168 -293.35427856 325.49584961
v -41.52141953 -291.68624878 327.38909912
v -41.54050827 -289.96908569 329.30227661
v -41.32052994 -288.20944214 331.20513916
v -40.86468506 -286.41415405 333.06765747
v -40.73188400 -293.35427856 327.09863281
v -40.86763000 -291.68624878 329.00451660
v -40.76413727 -289.96908569 330.91494751
v -40.42272949 -288.20944214 332.79983521
v -40.09832001 -293.35427856 328.66406250
v -40.11171341 -291.68624878 330.57470703
v -39.88606644 -289.96908569 332.47460938
v -39.36578751 -293.35427856 330.18569946
v -39.25677490 -291.68624878 332.09329224
v -38.53730011 -293.35427856 331.65728760
v -43.41661072 -285.80487061 310.04928589
v -43.30805588 -286.32949829 310.19552612
v -43.22756195 -286.82452393 310.43771362
v -43.17948914 -287.26733398 310.76678467
v -43.16578293 -287.64556885 311.17550659
v -43.18735123 -287.94030762 311.64422607
v -43.24315262 -288.14379883 312.15878296
v -43.33016205 -288.24880981 312.69696045
v -43.47278214 -288.33874512 313.67376709
v -43.58582687 -288.41036987 314.65054321
v -43.66986847 -288.46383667 315.63079834
v -43.72478485 -288.49893188 316.61102295
v -43.75337982 -288.51730347 318.00000000
v -43.73915482 -288.50814819 318.98046875
v -43.69626236 -288.48068237 319.96093750
v -43.62463379 -288.43502808 320.93844604
v -43.52384949 -288.37106323 321.91595459
v -43.33016205 -288.24880981 323.30303955
v -43.24255371 -288.14248657 323.84564209
v -43.18716049 -287.93908691 324.35818481
v -43.16574097 -287.64196777 324.82916260
v -43.17962265 -287.26556396 325.23480225
v -43.22820663 -286.81982422 325.56512451
v -43.30849075 -286.32714844 325.80535889
v -43.41736221 -285.80142212 325.95150757
v -38.00000000 -222.01731873 317.00000000
v -38.00000000 -222.35932922 317.06030273
v -38.00000000 -222.66009521 317.23394775
v -38.00000000 -222.88333130 317.50000000
v -38.00000000 -223.00212097 317.82635498
v -38.00000000 -223.00212097 318.17364502
v -38.00000000 -222.88333130 318.50000000
v -38.00000000 -222.66009521 318.76605225
v -38.00000000 -222.35932922 318.93969727
v -38.00000000 -222.01731873 319.00000000
v -43.73363113 -288.68487549 311.94314575
v -43.81996155 -288.67520142 312.57543945
v -43.73849487 -288.57058716 311.97595215
v -43.71275711 -288.45211792 312.01358032
v -43.66074753 -288.23217773 311.46441650
v -43.60255432 -288.12753296 311.52133179
v -43.58853149 -287.98587036 311.27279663
v -43.50100708 -287.90277100 311.32849121
v -43.49500275 -287.74356079 311.10000610
v -43.38821411 -287.68719482 311.14401245
v -43.39047623 -287.50906372 310.93222046
v -43.40113449 -287.31237793 310.73730469
v -43.44684982 -286.87350464 310.40740967
v -43.52379990 -286.38116455 310.16128540
v -43.55242538 -286.91915894 310.35290527
v -43.62785339 -286.42010498 310.10253906
v -43.63940811 -286.97793579 310.27340698
v -43.71408081 -286.46640015 310.01708984
v -43.69779968 -287.04437256 310.17584229
v -43.77285385 -286.51571655 309.91226196
v -43.72322464 -287.11154175 310.07077026
v -43.79982758 -286.56317139 309.79907227
v -43.71788406 -287.17318726 309.96881104
v -43.79684830 -286.60479736 309.68872070
v -43.90382767 -286.00021362 309.51806641
v -43.96684647 -285.68869019 309.47439575
v -43.96504974 -285.67785645 309.58901978
v -44.02984238 -285.37304688 309.58630371
v -43.93498993 -285.66079712 309.70629883
v -43.94087601 -285.35287476 309.79830933
v -43.87545776 -285.63830566 309.81524658
v -43.79074478 -285.61224365 309.90505981
v -43.81554031 -285.92044067 309.85772705
v -43.73028564 -285.88751221 309.94668579
v -43.73532486 -288.45538330 312.61126709
v -43.65428543 -288.34124756 312.05279541
v -43.51517868 -288.04110718 311.57104492
v -43.39434433 -287.84426880 311.36947632
v -43.56745529 -288.24984741 312.08963013
v -43.55868912 -288.30160522 312.65509033
v -43.46218872 -288.18597412 312.12057495
v -43.40882111 -287.98059082 311.60885620
v -43.62817001 -285.85626221 310.00878906
v -43.68971252 -285.58517456 309.96838379
v -43.76853561 -285.31381226 309.94674683
v -43.67093277 -287.68032837 310.34732056
v -43.67772675 -287.60043335 310.43667603
v -43.65325928 -287.51544189 310.52947998
v -43.59510803 -287.43359375 310.61636353
v -43.50765228 -287.36376953 310.68774414
v -43.65998459 -287.90753174 310.57171631
v -43.66712189 -287.81945801 310.65328979
v -43.64287949 -287.72647095 310.73849487
v -43.58478546 -287.63778687 310.81881714
v -43.49721909 -287.56301880 310.88537598
v -43.65765762 -288.11306763 310.81591797
v -43.66487122 -288.01770020 310.88885498
v -43.64067459 -287.91757202 310.96566772
v -43.58259201 -287.82272339 311.03872681
v -43.66395950 -288.29400635 311.07614136
v -43.67097473 -288.19232178 311.13980103
v -43.64664841 -288.08602905 311.20755005
v -43.67882919 -288.45059204 311.35253906
v -43.68537903 -288.34359741 311.40628052
v -43.90375519 -285.97912598 309.63229370
v -43.87480545 -285.95193481 309.74926758
v -44.34041595 -283.80148315 309.58630371
v -44.56294632 -282.21502686 309.58630371
v -44.69674301 -280.61865234 309.58630371
v -44.74138641 -279.01730347 309.58630371
v -44.60565948 -280.61358643 309.79830933
v -44.65016174 -279.01730347 309.79830933
v -44.42921829 -280.60372925 309.94674683
v -44.47344971 -279.01730347 309.94674683
v -44.25046539 -283.78628540 309.79830933
v -44.47229004 -282.20489502 309.79830933
v -44.07621384 -283.75686646 309.94674683
v -44.29667282 -282.18521118 309.94674683
v -43.73685074 -288.41687012 314.02645874
v -43.84092331 -288.48382568 314.00918579
v -43.92738724 -288.57818604 313.99188232
v -43.98670578 -288.69183350 313.97634888
v -44.12158203 -288.77862549 315.36230469
v -44.14969635 -288.89996338 315.35415649
v -44.22803879 -288.95062256 316.74438477
v -44.24617004 -288.96240234 317.43948364
v -44.25040817 -288.96514893 318.13458252
v -44.24158478 -288.95941162 318.79602051
v -44.22208786 -288.84375000 318.13415527
v -44.21328354 -288.83801270 318.79357910
v -44.16223145 -288.72970581 318.13363647
v -44.15344620 -288.72396851 318.79049683
v -44.07522583 -288.63473511 318.13305664
v -44.06645966 -288.62902832 318.78710938
v -43.97060776 -288.56692505 318.13247681
v -43.96186447 -288.56124878 318.78369141
v -43.94062805 -288.54754639 319.43490601
v -43.86030960 -288.49584961 320.73733521
v -43.72891998 -288.41180420 322.03976440
v -43.55868912 -288.30160522 323.34487915
v -43.83297729 -288.47875977 322.05734253
v -43.73532486 -288.45538330 323.38873291
v -43.91942215 -288.57308960 322.07492065
v -43.97872543 -288.68673706 322.09072876
v -44.05141068 -288.65792847 320.76113892
v -44.11101913 -288.77182007 320.77185059
v -44.13210297 -288.71011353 319.44738770
v -44.19189453 -288.82412720 319.45300293
v -44.01452637 -288.81304932 313.96392822
v -44.22015381 -288.94549561 319.45748901
v -44.13911057 -288.89312744 320.78039551
v -44.00652695 -288.80792236 322.10336304
v -43.81996155 -288.67520142 323.42456055
v -43.96640778 -288.56420898 317.44815063
v -44.07101440 -288.63198853 317.44577026
v -44.15800858 -288.72692871 317.44335938
v -44.21785736 -288.84097290 317.44119263
v -43.94844055 -288.55258179 316.76382446
v -43.87080002 -288.50259399 315.39514160
v -43.97517776 -288.57003784 315.38381958
v -44.06195068 -288.66473389 315.37249756
v -44.05300140 -288.62030029 316.75845337
v -44.13995361 -288.71520996 316.75308228
v -44.19976044 -288.82922363 316.74822998
v -44.04516983 -288.61523438 319.44113159
v -43.96466446 -288.56326294 320.74923706
v -44.74138641 -273.99349976 309.58630371
v -44.74138641 -268.96966553 309.58630371
v -44.74138641 -263.94586182 309.58630371
v -44.65016174 -263.94586182 309.79830933
v -44.65016174 -258.92202759 309.79830933
v -44.47344971 -258.92202759 309.94674683
v -44.47344971 -253.89820862 309.94674683
v -44.47344971 -263.94586182 309.94674683
v -44.47344971 -268.96966553 309.94674683
v -44.65016174 -268.96966553 309.79830933
v -44.65016174 -273.99349976 309.79830933
v -44.47344971 -273.99349976 309.94674683
v -44.65016174 -253.89820862 309.79830933
v -44.74138641 -258.92202759 309.58630371
v -44.74138641 -253.89820862 309.58630371
v -43.49990082 -288.25222778 323.61578369
v -43.46167374 -288.18487549 323.88323975
v -43.43119049 -288.09375000 324.14288330
v -43.40865326 -287.97955322 324.39315796
v -43.51501465 -288.04003906 324.43099976
v -43.49799347 -287.84939575 324.75296021
v -43.58556366 -287.93118286 324.81063843
v -43.58255386 -287.81909180 324.96603394
v -43.64063263 -287.91381836 325.03921509
v -43.64293289 -287.72363281 325.26470947
v -43.66718292 -287.81652832 325.35006714
v -43.67785263 -287.59851074 325.56506348
v -43.67106247 -287.67831421 325.65447998
v -43.71850967 -287.16787720 326.03442383
v -43.60441971 -288.31744385 323.64303589
v -43.69088745 -288.41036987 323.67321777
v -43.74954224 -288.52291870 323.70339966
v -43.71225739 -288.45092773 323.99047852
v -43.73799515 -288.56936646 324.02825928
v -43.70765305 -288.46884155 324.31732178
v -43.70182419 -288.58001709 324.36087036
v -43.67867279 -288.44940186 324.64981079
v -43.77604675 -288.64321899 323.73065186
v -43.73312378 -288.68359375 324.06124878
v -43.77235031 -288.75939941 323.75289917
v -43.66081238 -288.23339844 325.01663208
v -43.65761566 -288.10903931 325.18933105
v -43.66004562 -287.90444946 325.43173218
v -43.79726410 -286.60214233 326.31228638
v -43.72383118 -287.10641479 325.93237305
v -43.80023193 -286.56063843 326.20190430
v -43.69838715 -287.03942871 325.82717896
v -43.77325058 -286.51327515 326.08868408
v -43.63999939 -286.97314453 325.72952271
v -43.71447754 -286.46401978 325.98382568
v -43.55300522 -286.91448975 325.64996338
v -43.62824249 -286.41778564 325.89834595
v -43.44744110 -286.86889648 325.59542847
v -43.52419281 -286.37887573 325.83959961
v -43.62890244 -285.85275269 325.99197388
v -43.76853561 -285.31381226 326.05325317
v -43.73100662 -285.88397217 326.05407715
v -43.94087601 -285.35287476 326.20169067
v -43.81626892 -285.91680908 326.14306641
v -43.87552643 -285.94818115 326.25152588
v -43.90459061 -285.99615479 326.48281860
v -44.02984238 -285.37304688 326.41369629
v -43.90449524 -285.97521973 326.36853027
v -43.40124512 -287.31060791 325.26425171
v -43.50776291 -287.36199951 325.31381226
v -43.59523010 -287.43179321 325.38525391
v -43.65337753 -287.51354980 325.47216797
v -43.39052200 -287.50640869 325.07077026
v -43.49726486 -287.56033325 325.11767578
v -43.58484268 -287.63504028 325.18432617
v -43.38815689 -287.68368530 324.86056519
v -43.39126587 -287.79159546 324.71090698
v -43.56694412 -288.24874878 323.91421509
v -43.65379333 -288.34011841 323.95114136
v -43.53708267 -288.15603638 324.17739868
v -43.62424088 -288.24520874 324.22085571
v -43.68254852 -288.35339355 324.26919556
v -43.49494934 -287.73999023 324.90460205
v -43.60240555 -288.12646484 324.48074341
v -43.64365768 -288.02957153 324.87869263
v -43.66482925 -288.01379395 325.11624146
v -43.66059494 -288.23104858 324.53775024
v -43.68522644 -288.34243774 324.59594727
v -43.66792297 -288.13378906 324.94967651
v -44.75009537 -253.51840210 309.59497070
v -44.71789169 -253.53076172 309.71063232
v -44.65652466 -253.54118347 309.81842041
v -44.46809769 -253.55250549 309.97201538
v -44.51935577 -252.88720703 310.12585449
v -44.48762894 -253.21495056 310.02999878
v -44.56254196 -252.57086182 310.25875854
v -44.70574951 -252.85368347 309.97796631
v -44.74731827 -252.52644348 310.11599731
v -44.76736832 -252.82356262 309.87609863
v -44.80913162 -252.48724365 310.01907349
v -44.80081558 -252.78800964 309.76736450
v -44.84357452 -252.44116211 309.91607666
v -44.89610291 -252.11402893 310.10263062
v -44.95665359 -251.81193542 310.32385254
v -45.02432632 -251.53468323 310.57958984
v -45.09694290 -251.28759766 310.86492920
v -45.17230606 -251.07499695 311.17465210
v -45.24964142 -250.89692688 311.50894165
v -45.32682800 -250.75683594 311.86187744
v -45.40188980 -250.65737915 312.22695923
v -45.47436142 -250.59880066 312.60421753
v -45.54265213 -250.58255005 312.98657227
v -45.49680328 -250.67193604 312.99261475
v -45.55889130 -250.69703674 313.36242676
v -45.49471664 -250.77572632 313.36193848
v -45.55134964 -250.84104919 313.72000122
v -45.39277649 -250.94723511 313.71582031
v -45.32870865 -250.88674927 313.37298584
v -45.26589203 -250.86320496 313.02807617
v -45.19743347 -250.87910461 312.68151855
v -45.36541748 -250.76884460 312.64025879
v -45.29401779 -250.82626343 312.28381348
v -45.35770798 -250.74690247 312.25451660
v -45.28365326 -250.84489441 311.90014648
v -44.61557007 -252.27209473 310.42572021
v -44.67665863 -251.99578857 310.62399292
v -44.74488831 -251.74180603 310.85360718
v -44.85747910 -251.93066406 310.49557495
v -44.92356873 -251.66711426 310.73449707
v -44.91976547 -251.87580872 310.41177368
v -44.98611450 -251.60574341 310.65856934
v -44.81805420 -251.51506042 311.11022949
v -44.89392853 -251.31959534 311.38922119
v -44.97172928 -251.15551758 311.69082642
v -45.04932022 -251.02610779 312.00967407
v -45.14431763 -251.05751038 311.60678101
v -45.22016525 -250.92260742 311.93930054
v -45.20759201 -250.98242188 311.55789185
v -45.12471008 -250.93386841 312.33990479
v -45.65975189 -250.68572998 313.74368286
v -45.60538101 -250.60919189 313.36688232
v -44.76941681 -253.14768982 309.65997314
v -44.73672485 -253.17193604 309.77297974
v -44.67525864 -253.19242859 309.87850952
v -44.86048889 -252.16958618 310.19857788
v -44.79844666 -252.21705627 310.28942871
v -45.05739594 -251.36463928 310.93432617
v -44.99459839 -251.43157959 311.00170898
v -45.13147354 -251.15684509 311.23403931
v -45.06843185 -251.22833252 311.29238892
v -45.42928696 -250.68876648 312.62097168
v -45.43277359 -250.75178528 313.00192261
v -44.07621384 -283.75686646 326.05325317
v -44.29667282 -282.18521118 326.05325317
v -44.42921829 -280.60372925 326.05325317
v -44.47344971 -279.01730347 326.05325317
v -44.60565948 -280.61358643 326.20169067
v -44.65016174 -279.01730347 326.20169067
v -44.69674301 -280.61865234 326.41369629
v -44.74138641 -279.01730347 326.41369629
v -44.25046539 -283.78628540 326.20169067
v -44.47229004 -282.20489502 326.20169067
v -44.34041595 -283.80148315 326.41369629
v -44.56294632 -282.21502686 326.41369629
v -45.73260880 -250.80102539 314.26724243
v -45.62128448 -250.96472168 314.24520874
v -45.45498276 -251.07431030 314.24188232
v -45.56620407 -251.27343750 315.30032349
v -45.51508331 -251.18209839 314.76995850
v -45.64112091 -251.40655518 316.36785889
v -45.60824203 -251.34825134 315.83294678
v -45.73407364 -251.16300964 315.30255127
v -45.68223190 -251.07206726 314.77273560
v -45.79355240 -250.90682983 314.79177856
v -45.66475677 -251.44830322 316.90496826
v -45.68403625 -251.48220825 317.98577881
v -45.66531372 -251.44912720 319.07403564
v -45.60871506 -251.34875488 320.15786743
v -45.51525879 -251.18223572 321.22756958
v -45.39277649 -250.94723511 322.28417969
v -45.68239594 -251.07217407 321.22479248
v -45.55134964 -250.84104919 322.27999878
v -45.65975189 -250.68572998 322.25631714
v -45.79373169 -250.90696716 321.20574951
v -45.88850021 -251.07038879 320.14328003
v -45.94590378 -251.16889954 319.06674194
v -45.96488571 -251.20137024 317.98587036
v -45.94533539 -251.16809082 316.91238403
v -45.92136383 -251.12712097 316.37890625
v -45.88801956 -251.06991577 315.84762573
v -45.84539032 -250.99647522 315.31857300
v -45.77671051 -251.23753357 315.83468628
v -45.81004715 -251.29557800 316.36911011
v -45.83401108 -251.33712769 316.90582275
v -45.85354996 -251.37086487 317.98577881
v -45.83456421 -251.33792114 319.07318115
v -45.77716064 -251.23796082 320.15609741
v -44.47344971 -273.99349976 326.05325317
v -44.47344971 -268.96966553 326.05325317
v -44.47344971 -263.94586182 326.05325317
v -44.65016174 -263.94586182 326.20169067
v -44.65016174 -258.92202759 326.20169067
v -44.74138641 -258.92202759 326.41369629
v -44.74138641 -253.89820862 326.41369629
v -44.74138641 -263.94586182 326.41369629
v -44.74138641 -268.96966553 326.41369629
v -44.65016174 -268.96966553 326.20169067
v -44.65016174 -273.99349976 326.20169067
v -44.74138641 -273.99349976 326.41369629
v -44.65016174 -253.89820862 326.20169067
v -44.47344971 -258.92202759 326.05325317
v -44.47344971 -253.89820862 326.05325317
v -45.63268280 -250.51788330 322.62744141
v -45.60502625 -250.60910034 322.63519287
v -45.55854416 -250.69696045 322.63961792
v -45.49588776 -250.67187500 323.01263428
v -45.43185806 -250.75173950 323.00317383
v -45.36490250 -250.76893616 323.36251831
v -45.19691086 -250.87919617 323.32113647
v -45.12448502 -250.93409729 323.66110229
v -45.49436951 -250.77565002 322.64004517
v -45.26496124 -250.86315918 322.97683716
v -45.32835388 -250.88667297 322.62890625
v -45.04860306 -251.02723694 323.99331665
v -45.29380035 -250.82650757 323.71725464
v -45.21946335 -250.92378235 324.06381226
v -45.35748672 -250.74714661 323.74655151
v -45.28295135 -250.84608459 324.10302734
v -45.40166473 -250.65762329 323.77416992
v -45.32611465 -250.75805664 324.14141846
v -45.42541885 -250.56440735 323.79849243
v -45.34814453 -250.66627502 324.17657471
v -45.26934433 -250.80857849 324.53878784
v -45.19012833 -250.99031067 324.88269043
v -45.11211014 -251.20938110 325.20458984
v -45.03767014 -251.46150208 325.49804688
v -44.96806717 -251.74557495 325.76168823
v -44.90504837 -252.05885315 325.99243164
v -44.85080338 -252.39526367 326.18539429
v -44.80662537 -252.75303650 326.33901978
v -44.77391815 -253.12664795 326.45077515
v -44.75397873 -253.50854492 326.51815796
v -44.97129059 -251.15635681 324.31091309
v -45.14389038 -251.05838013 324.39501953
v -45.20716095 -250.98330688 324.44396973
v -45.24920273 -250.89782715 324.49298096
v -44.89365387 -251.32037354 324.61172485
v -44.81727219 -251.51727295 324.89257812
v -44.67650223 -251.99641418 325.37649536
v -44.74448013 -251.74299622 325.14785767
v -44.99383545 -251.43388367 325.00122070
v -45.06816864 -251.22912598 324.70858765
v -45.13121033 -251.15765381 324.76699829
v -44.61503220 -252.27496338 325.57598877
v -44.56217957 -252.57316589 325.74237061
v -44.51918793 -252.88941956 325.87445068
v -44.48738480 -253.21899414 325.97030640
v -44.70559692 -252.85598755 326.02227783
v -44.67504883 -253.19665527 326.12173462
v -44.76721191 -252.82591248 326.12417603
v -44.73650742 -253.17625427 326.22729492
v -44.80064774 -252.79042053 326.23297119
v -44.76917648 -253.15211487 326.34039307
v -44.46800995 -253.55531311 326.02804565
v -44.65645218 -253.54408264 326.18161011
v -44.71781540 -253.53375244 326.28939819
v -44.75000763 -253.52148438 326.40512085
v -45.49910355 -250.50532532 323.41229248
v -45.56828690 -250.48957825 323.02166748
v -45.54172516 -250.58247375 323.01882935
v -45.47384262 -250.59889221 323.39871216
v -45.42877197 -250.68885803 323.38186646
v -45.17203522 -251.07583618 324.82641602
v -45.09616470 -251.28999329 325.13818359
v -45.05663300 -251.36698914 325.06869507
v -45.02391815 -251.53598022 325.42202759
v -44.98571014 -251.60699463 325.34298706
v -44.92316818 -251.66835022 325.26702881
v -44.95650101 -251.81262207 325.67669678
v -44.91961670 -251.87648010 325.58877563
v -44.85733032 -251.93132019 325.50494385
v -44.89556885 -252.11717224 325.89926147
v -44.85996628 -252.17263794 325.80325317
v -44.79792786 -252.22003174 325.71234131
v -44.84321594 -252.44369507 326.08517456
v -44.80878067 -252.48970032 325.98214722
v -44.74697113 -252.52882385 325.88516235
v -37.50000000 -282.01730347 308.00000000
v -38.08526993 -281.95965576 308.00000000
v -38.64804840 -281.78894043 308.00000000
v -39.16670990 -281.51171875 308.00000000
v -39.62131882 -281.13864136 308.00000000
v -39.99440765 -280.68402100 308.00000000
v -40.27163696 -280.16537476 308.00000000
v -40.44235611 -279.60256958 308.00000000
v -40.50000000 -279.01730347 308.00000000
v -40.50000000 -247.01731873 308.00000000
v -40.50000000 -247.01731873 309.55902100
v -40.50000000 -247.71319580 310.74240112
v -40.50000000 -248.30165100 311.98269653
v -40.50000000 -248.77804565 313.27020264
v -40.50000000 -249.13865662 314.59481812
v -40.50000000 -249.38063049 315.94613647
v -40.50000000 -249.50210571 317.31359863
v -40.50000000 -249.50210571 318.68640137
v -40.50000000 -249.38063049 320.05383301
v -40.50000000 -249.13865662 321.40515137
v -40.50000000 -248.77804565 322.72976685
v -40.50000000 -248.30165100 324.01727295
v -40.50000000 -247.71319580 325.25759888
v -40.50000000 -247.01731873 326.44097900
v -40.50000000 -247.01731873 328.00000000
v -40.50000000 -279.01730347 328.00000000
v -37.50000000 -247.01731873 331.00000000
v -37.50000000 -279.01730347 331.00000000
v -37.50000000 -244.01731873 326.44097900
v -37.50000000 -244.01731873 328.00000000
v -37.50000000 -244.50119019 311.19274902
v -37.50000000 -245.10530090 312.22879028
v -37.50000000 -245.60733032 313.31796265
v -37.50000000 -246.00268555 314.45022583
v -37.50000000 -246.28770447 315.61517334
v -37.50000000 -246.45977783 316.80206299
v -37.50000000 -246.51731873 318.00000000
v -37.50000000 -246.45977783 319.19790649
v -37.50000000 -246.28770447 320.38482666
v -37.50000000 -246.00268555 321.54974365
v -37.50000000 -245.60733032 322.68203735
v -37.50000000 -245.10530090 323.77117920
v -37.50000000 -244.50119019 324.80722046
v -37.50000000 -244.01731873 308.00000000
v -37.50000000 -244.01731873 309.55902100
v -37.50000000 -279.01730347 305.00000000
v -37.50000000 -247.01731873 305.00000000
v -37.50000000 -282.01730347 328.00000000
v -37.50000000 -279.60256958 330.94235229
v -37.50000000 -280.16537476 330.77163696
v -37.50000000 -280.68402100 330.49441528
v -37.50000000 -281.13864136 330.12130737
v -37.50000000 -281.51171875 329.66671753
v -37.50000000 -281.78894043 329.14804077
v -37.50000000 -281.95965576 328.58526611
v -37.50000000 -244.07495117 328.58526611
v -37.50000000 -244.24568176 329.14804077
v -37.50000000 -244.52290344 329.66671753
v -37.50000000 -244.89599609 330.12130737
v -37.50000000 -245.35060120 330.49441528
v -37.50000000 -245.86926270 330.77163696
v -37.50000000 -246.43203735 330.94235229
v -37.50000000 -246.43203735 305.05764771
v -37.50000000 -245.86926270 305.22836304
v -37.50000000 -245.35060120 305.50558472
v -37.50000000 -244.89599609 305.87866211
v -37.50000000 -244.52290344 306.33328247
v -37.50000000 -244.24568176 306.85195923
v -37.50000000 -244.07495117 307.41473389
v -37.50000000 -281.95965576 307.41473389
v -37.50000000 -281.78894043 306.85195923
v -37.50000000 -281.51171875 306.33328247
v -37.50000000 -281.13864136 305.87866211
v -37.50000000 -280.68402100 305.50558472
v -37.50000000 -280.16537476 305.22836304
v -37.50000000 -279.60256958 305.05764771
v -37.50000000 -244.07241821 310.13137817
v -37.50000000 -244.23570251 310.68270874
v -37.50000000 -244.23570251 325.31729126
v -37.50000000 -244.07241821 325.86862183
v -38.08526993 -244.07495117 326.44097900
v -38.07402420 -244.07495117 326.32678223
v -38.64804840 -244.24568176 326.44097900
v -38.62599182 -244.24568176 326.21697998
v -39.16670990 -244.52290344 326.44097900
v -39.13468552 -244.52290344 326.11581421
v -39.62131882 -244.89599609 326.44097900
v -39.58055878 -244.89599609 326.02713013
v -39.99440765 -245.35060120 326.44097900
v -39.94647980 -245.35060120 325.95434570
v -40.27163696 -245.86926270 326.44097900
v -40.21838379 -245.86926270 325.90023804
v -40.27163696 -246.05442810 325.81576538
v -39.99440765 -245.61943054 325.53332520
v -40.44235611 -246.52644348 326.12225342
v -40.44235611 -246.43203735 326.44097900
v -39.62131882 -245.23814392 325.28573608
v -39.80453491 -245.35060120 325.48638916
v -39.16670990 -244.92523193 325.08258057
v -39.26381302 -244.89599609 325.26242065
v -39.45984268 -244.89599609 325.62918091
v -38.88581848 -244.52290344 325.51498413
v -38.64804840 -244.69271851 324.93157959
v -38.67854309 -244.52290344 325.26242065
v -38.42597580 -244.52290344 325.05514526
v -38.13782120 -244.24568176 325.48638916
v -37.93933868 -244.24568176 325.38031006
v -37.72397232 -244.07495117 325.90023804
v -37.61418152 -244.07495117 325.86694336
v -38.08526993 -244.54953003 324.83862305
v -38.13782120 -244.52290344 324.90112305
v -37.72397232 -244.24568176 325.31497192
v -37.82516098 -244.52290344 324.80627441
v -37.82516098 -244.07495117 325.95434570
v -37.91384888 -244.07495117 326.02713013
v -37.98663330 -244.07495117 326.11581421
v -38.04071808 -244.07495117 326.21697998
v -39.03984070 -244.52290344 325.80313110
v -38.56066132 -244.24568176 326.00161743
v -38.45457077 -244.24568176 325.80313110
v -38.31179428 -244.24568176 325.62918091
v -38.08526993 -245.07588196 323.94998169
v -38.64804840 -245.22622681 324.03088379
v -39.16670990 -245.47035217 324.16223145
v -39.62131882 -245.79890442 324.33901978
v -39.99440765 -246.19924927 324.55441284
v -40.27163696 -246.65599060 324.80017090
v -40.44235611 -247.15159607 325.06680298
v -40.44235611 -247.68789673 323.96356201
v -40.44235611 -248.13172913 322.82000732
v -40.44235611 -248.48008728 321.64382935
v -40.44235611 -248.73060608 320.44299316
v -40.44235611 -248.88159180 319.22564697
v -40.44235611 -248.93203735 318.00000000
v -40.44235611 -248.88159180 316.77435303
v -40.44235611 -248.73060608 315.55700684
v -40.44235611 -248.48008728 314.35617065
v -40.44235611 -248.13172913 313.17999268
v -40.44235611 -247.68789673 312.03640747
v -40.44235611 -247.15159607 310.93319702
v -40.44235611 -246.52644348 309.87774658
v -40.27163696 -246.05442810 310.18423462
v -40.27163696 -246.65599060 311.19982910
v -40.27163696 -247.17205811 312.26144409
v -40.27163696 -247.59915161 313.36187744
v -40.27163696 -247.93435669 314.49365234
v -40.27163696 -248.17543030 315.64916992
v -40.27163696 -248.32072449 316.82058716
v -40.27163696 -248.36926270 318.00000000
v -40.27163696 -248.32072449 319.17938232
v -40.27163696 -248.17543030 320.35079956
v -40.27163696 -247.93435669 321.50631714
v -40.27163696 -247.59915161 322.63812256
v -40.27163696 -247.17205811 323.73855591
v -39.99440765 -245.61943054 310.46667480
v -39.99440765 -246.19924927 311.44558716
v -39.99440765 -246.69667053 312.46881104
v -39.99440765 -247.10832214 313.52947998
v -39.99440765 -247.43141174 314.62039185
v -39.99440765 -247.66377258 315.73413086
v -39.99440765 -247.80381775 316.86322021
v -39.99440765 -247.85060120 318.00000000
v -39.99440765 -247.80381775 319.13677979
v -39.99440765 -247.66377258 320.26586914
v -39.99440765 -247.43141174 321.37960815
v -39.99440765 -247.10832214 322.47052002
v -39.99440765 -246.69667053 323.53115845
v -39.62131882 -245.23814392 310.71426392
v -39.62131882 -245.79890442 311.66098022
v -39.62131882 -246.27998352 312.65060425
v -39.62131882 -246.67810059 313.67639160
v -39.62131882 -246.99058533 314.73144531
v -39.62131882 -247.21530151 315.80859375
v -39.62131882 -247.35073853 316.90057373
v -39.62131882 -247.39599609 318.00000000
v -39.62131882 -247.35073853 319.09942627
v -39.62131882 -247.21530151 320.19140625
v -39.62131882 -246.99058533 321.26855469
v -39.62131882 -246.67810059 322.32360840
v -39.62131882 -246.27998352 323.34939575
v -39.16670990 -244.92523193 310.91741943
v -39.16670990 -245.47035217 311.83776855
v -39.16670990 -245.93801880 312.79977417
v -39.16670990 -246.32502747 313.79696655
v -39.16670990 -246.62879944 314.82260132
v -39.16670990 -246.84724426 315.86972046
v -39.16670990 -246.97891235 316.93124390
v -39.16670990 -247.02290344 318.00000000
v -39.16670990 -246.97891235 319.06875610
v -39.16670990 -246.84724426 320.13027954
v -39.16670990 -246.62879944 321.17739868
v -39.16670990 -246.32502747 322.20303345
v -39.16670990 -245.93801880 323.20022583
v -38.64804840 -244.69271851 311.06838989
v -38.64804840 -245.22622681 311.96911621
v -38.64804840 -245.68391418 312.91061401
v -38.64804840 -246.06268311 313.88656616
v -38.64804840 -246.35997009 314.89031982
v -38.64804840 -246.57376099 315.91513062
v -38.64804840 -246.70262146 316.95401001
v -38.64804840 -246.74568176 318.00000000
v -38.64804840 -246.70262146 319.04595947
v -38.64804840 -246.57376099 320.08486938
v -38.64804840 -246.35997009 321.10968018
v -38.64804840 -246.06268311 322.11343384
v -38.64804840 -245.68391418 323.08935547
v -38.08526993 -244.54953003 311.16137695
v -38.08526993 -245.07588196 312.04998779
v -38.08526993 -245.52743530 312.97888184
v -38.08526993 -245.90112305 313.94174194
v -38.08526993 -246.19442749 314.93203735
v -38.08526993 -246.40534973 315.94308472
v -38.08526993 -246.53248596 316.96804810
v -38.08526993 -246.57495117 318.00000000
v -38.08526993 -246.53248596 319.03195190
v -38.08526993 -246.40534973 320.05691528
v -38.08526993 -246.19442749 321.06796265
v -38.08526993 -245.90112305 322.05825806
v -38.08526993 -245.52743530 323.02111816
v -40.44235611 -246.43203735 328.00000000
v -40.27163696 -245.86926270 328.00000000
v -39.99440765 -245.35060120 328.00000000
v -39.62131882 -244.89599609 328.00000000
v -39.16670990 -244.52290344 328.00000000
v -38.64804840 -244.24568176 328.00000000
v -38.08526993 -244.07495117 328.00000000
v -37.82516098 -244.52290344 311.19369507
v -37.72397232 -244.24568176 310.68502808
v -37.61418152 -244.07495117 310.13305664
v -38.13782120 -244.52290344 311.09887695
v -38.42597580 -244.52290344 310.94485474
v -38.67854309 -244.52290344 310.73757935
v -38.31179428 -244.24568176 310.37081909
v -38.45457077 -244.24568176 310.19683838
v -37.98663330 -244.07495117 309.88418579
v -38.04071808 -244.07495117 309.78298950
v -38.88581848 -244.52290344 310.48498535
v -38.56066132 -244.24568176 309.99835205
v -38.07402420 -244.07495117 309.67321777
v -39.26381302 -244.89599609 310.73757935
v -39.45984268 -244.89599609 310.37081909
v -39.80453491 -245.35060120 310.51358032
v -39.58055878 -244.89599609 309.97286987
v -39.94647980 -245.35060120 310.04565430
v -39.62131882 -244.89599609 309.55902100
v -39.99440765 -245.35060120 309.55902100
v -40.21838379 -245.86926270 310.09973145
v -40.27163696 -245.86926270 309.55902100
v -40.44235611 -246.43203735 309.55902100
v -39.16670990 -244.52290344 309.55902100
v -39.13468552 -244.52290344 309.88418579
v -39.03984070 -244.52290344 310.19683838
v -38.64804840 -244.24568176 309.55902100
v -38.62599182 -244.24568176 309.78298950
v -38.08526993 -244.07495117 309.55902100
v -37.91384888 -244.07495117 309.97286987
v -37.82516098 -244.07495117 310.04565430
v -37.72397232 -244.07495117 310.09973145
v -37.93933868 -244.24568176 310.61968994
v -38.13782120 -244.24568176 310.51358032
v -37.61418152 -244.07495117 328.57403564
v -37.72397232 -244.24568176 329.12597656
v -37.82516098 -244.52290344 329.63467407
v -37.91384888 -244.89599609 330.08056641
v -37.98663330 -245.35060120 330.44647217
v -38.04071808 -245.86926270 330.71838379
v -38.07402420 -246.43203735 330.88580322
v -38.08526993 -247.01731873 330.94235229
v -38.62599182 -246.43203735 330.71838379
v -38.64804840 -247.01731873 330.77163696
v -39.13468552 -246.43203735 330.44647217
v -39.16670990 -247.01731873 330.49441528
v -39.58055878 -246.43203735 330.08056641
v -39.62131882 -247.01731873 330.12130737
v -39.94647980 -246.43203735 329.63467407
v -39.99440765 -247.01731873 329.66671753
v -40.21838379 -246.43203735 329.12597656
v -40.27163696 -247.01731873 329.14804077
v -40.38581848 -246.43203735 328.57403564
v -40.44235611 -247.01731873 328.58526611
v -40.21838379 -245.86926270 328.54071045
v -40.06066132 -245.86926270 329.06066895
v -39.80453491 -245.86926270 329.53982544
v -39.45984268 -245.86926270 329.95983887
v -39.03984070 -245.86926270 330.30453491
v -38.56066132 -245.86926270 330.56066895
v -39.94647980 -245.35060120 328.48663330
v -39.80453491 -245.35060120 328.95455933
v -39.57402420 -245.35060120 329.38580322
v -39.26381302 -245.35060120 329.76382446
v -38.88581848 -245.35060120 330.07403564
v -38.45457077 -245.35060120 330.30453491
v -39.58055878 -244.89599609 328.41384888
v -39.45984268 -244.89599609 328.81179810
v -39.26381302 -244.89599609 329.17852783
v -39.00000000 -244.89599609 329.50000000
v -38.67854309 -244.89599609 329.76382446
v -38.31179428 -244.89599609 329.95983887
v -39.13468552 -244.52290344 328.32516479
v -39.03984070 -244.52290344 328.63781738
v -38.88581848 -244.52290344 328.92596436
v -38.67854309 -244.52290344 329.17852783
v -38.42597580 -244.52290344 329.38580322
v -38.13782120 -244.52290344 329.53982544
v -38.62599182 -244.24568176 328.22396851
v -38.56066132 -244.24568176 328.43933105
v -38.45457077 -244.24568176 328.63781738
v -38.31179428 -244.24568176 328.81179810
v -38.13782120 -244.24568176 328.95455933
v -37.93933868 -244.24568176 329.06066895
v -38.07402420 -244.07495117 328.11416626
v -38.04071808 -244.07495117 328.22396851
v -37.98663330 -244.07495117 328.32516479
v -37.91384888 -244.07495117 328.41384888
v -37.82516098 -244.07495117 328.48663330
v -37.72397232 -244.07495117 328.54071045
v -38.08526993 -244.07495117 308.00000000
v -38.64804840 -244.24568176 308.00000000
v -39.16670990 -244.52290344 308.00000000
v -39.62131882 -244.89599609 308.00000000
v -39.99440765 -245.35060120 308.00000000
v -40.27163696 -245.86926270 308.00000000
v -40.44235611 -246.43203735 308.00000000
v -40.44235611 -257.68399048 328.58526611
v -40.44235611 -268.35064697 328.58526611
v -40.44235611 -279.01730347 328.58526611
v -40.27163696 -279.01730347 329.14804077
v -40.27163696 -268.35064697 329.14804077
v -39.99440765 -279.01730347 329.66671753
v -39.99440765 -268.35064697 329.66671753
v -39.62131882 -279.01730347 330.12130737
v -39.62131882 -268.35064697 330.12130737
v -39.16670990 -279.01730347 330.49441528
v -39.16670990 -268.35064697 330.49441528
v -38.64804840 -279.01730347 330.77163696
v -38.64804840 -268.35064697 330.77163696
v -38.08526993 -279.01730347 330.94235229
v -38.08526993 -268.35064697 330.94235229
v -38.08526993 -257.68399048 330.94235229
v -38.64804840 -257.68399048 330.77163696
v -39.16670990 -257.68399048 330.49441528
v -39.62131882 -257.68399048 330.12130737
v -39.99440765 -257.68399048 329.66671753
v -40.27163696 -257.68399048 329.14804077
v -38.07402420 -244.07495117 307.88580322
v -38.62599182 -244.24568176 307.77603149
v -39.13468552 -244.52290344 307.67483521
v -39.58055878 -244.89599609 307.58615112
v -39.94647980 -245.35060120 307.51336670
v -40.21838379 -245.86926270 307.45928955
v -40.38581848 -246.43203735 307.42596436
v -40.44235611 -247.01731873 307.41473389
v -40.21838379 -246.43203735 306.87399292
v -40.27163696 -247.01731873 306.85195923
v -39.94647980 -246.43203735 306.36532593
v -39.99440765 -247.01731873 306.33328247
v -39.58055878 -246.43203735 305.91943359
v -39.62131882 -247.01731873 305.87866211
v -39.13468552 -246.43203735 305.55352783
v -39.16670990 -247.01731873 305.50558472
v -38.62599182 -246.43203735 305.28161621
v -38.64804840 -247.01731873 305.22836304
v -38.07402420 -246.43203735 305.11416626
v -38.08526993 -247.01731873 305.05764771
v -38.04071808 -245.86926270 305.28161621
v -38.56066132 -245.86926270 305.43933105
v -39.03984070 -245.86926270 305.69546509
v -39.45984268 -245.86926270 306.04016113
v -39.80453491 -245.86926270 306.46014404
v -40.06066132 -245.86926270 306.93933105
v -37.98663330 -245.35060120 305.55352783
v -38.45457077 -245.35060120 305.69546509
v -38.88581848 -245.35060120 305.92596436
v -39.26381302 -245.35060120 306.23617554
v -39.57402420 -245.35060120 306.61416626
v -39.80453491 -245.35060120 307.04544067
v -37.91384888 -244.89599609 305.91943359
v -38.31179428 -244.89599609 306.04016113
v -38.67854309 -244.89599609 306.23617554
v -39.00000000 -244.89599609 306.50000000
v -39.26381302 -244.89599609 306.82144165
v -39.45984268 -244.89599609 307.18820190
v -37.82516098 -244.52290344 306.36532593
v -38.13782120 -244.52290344 306.46014404
v -38.42597580 -244.52290344 306.61416626
v -38.67854309 -244.52290344 306.82144165
v -38.88581848 -244.52290344 307.07403564
v -39.03984070 -244.52290344 307.36218262
v -37.72397232 -244.24568176 306.87399292
v -37.93933868 -244.24568176 306.93933105
v -38.13782120 -244.24568176 307.04544067
v -38.31179428 -244.24568176 307.18820190
v -38.45457077 -244.24568176 307.36218262
v -38.56066132 -244.24568176 307.56066895
v -37.61418152 -244.07495117 307.42596436
v -37.72397232 -244.07495117 307.45928955
v -37.82516098 -244.07495117 307.51336670
v -37.91384888 -244.07495117 307.58615112
v -37.98663330 -244.07495117 307.67483521
v -38.04071808 -244.07495117 307.77603149
v -38.07402420 -279.60256958 330.88580322
v -38.62599182 -279.60256958 330.71838379
v -39.13468552 -279.60256958 330.44647217
v -39.58055878 -279.60256958 330.08056641
v -39.94647980 -279.60256958 329.63467407
v -40.21838379 -279.60256958 329.12597656
v -40.38581848 -279.60256958 328.57403564
v -40.44235611 -279.60256958 328.00000000
v -40.21838379 -280.16537476 328.54071045
v -40.27163696 -280.16537476 328.00000000
v -39.94647980 -280.68402100 328.48663330
v -39.99440765 -280.68402100 328.00000000
v -39.58055878 -281.13864136 328.41384888
v -39.62131882 -281.13864136 328.00000000
v -39.13468552 -281.51171875 328.32516479
v -39.16670990 -281.51171875 328.00000000
v -38.62599182 -281.78894043 328.22396851
v -38.64804840 -281.78894043 328.00000000
v -38.07402420 -281.95965576 328.11416626
v -38.08526993 -281.95965576 328.00000000
v -38.04071808 -280.16537476 330.71838379
v -38.56066132 -280.16537476 330.56066895
v -39.03984070 -280.16537476 330.30453491
v -39.45984268 -280.16537476 329.95983887
v -39.80453491 -280.16537476 329.53982544
v -40.06066132 -280.16537476 329.06066895
v -37.98663330 -280.68402100 330.44647217
v -38.45457077 -280.68402100 330.30453491
v -38.88581848 -280.68402100 330.07403564
v -39.26381302 -280.68402100 329.76382446
v -39.57402420 -280.68402100 329.38580322
v -39.80453491 -280.68402100 328.95455933
v -37.91384888 -281.13864136 330.08056641
v -38.31179428 -281.13864136 329.95983887
v -38.67854309 -281.13864136 329.76382446
v -39.00000000 -281.13864136 329.50000000
v -39.26381302 -281.13864136 329.17852783
v -39.45984268 -281.13864136 328.81179810
v -37.82516098 -281.51171875 329.63467407
v -38.13782120 -281.51171875 329.53982544
v -38.42597580 -281.51171875 329.38580322
v -38.67854309 -281.51171875 329.17852783
v -38.88581848 -281.51171875 328.92596436
v -39.03984070 -281.51171875 328.63781738
v -37.72397232 -281.78894043 329.12597656
v -37.93933868 -281.78894043 329.06066895
v -38.13782120 -281.78894043 328.95455933
v -38.31179428 -281.78894043 328.81179810
v -38.45457077 -281.78894043 328.63781738
v -38.56066132 -281.78894043 328.43933105
v -37.61418152 -281.95965576 328.57403564
v -37.72397232 -281.95965576 328.54071045
v -37.82516098 -281.95965576 328.48663330
v -37.91384888 -281.95965576 328.41384888
v -37.98663330 -281.95965576 328.32516479
v -38.04071808 -281.95965576 328.22396851
v -38.08526993 -257.68399048 305.05764771
v -38.08526993 -268.35064697 305.05764771
v -38.08526993 -279.01730347 305.05764771
v -38.64804840 -279.01730347 305.22836304
v -38.64804840 -268.35064697 305.22836304
v -39.16670990 -279.01730347 305.50558472
v -39.16670990 -268.35064697 305.50558472
v -39.62131882 -279.01730347 305.87866211
v -39.62131882 -268.35064697 305.87866211
v -39.99440765 -279.01730347 306.33328247
v -39.99440765 -268.35064697 306.33328247
v -40.27163696 -279.01730347 306.85195923
v -40.27163696 -268.35064697 306.85195923
v -40.44235611 -279.01730347 307.41473389
v -40.44235611 -268.35064697 307.41473389
v -40.44235611 -257.68399048 307.41473389
v -40.27163696 -257.68399048 306.85195923
v -39.99440765 -257.68399048 306.33328247
v -39.62131882 -257.68399048 305.87866211
v -39.16670990 -257.68399048 305.50558472
v -38.64804840 -257.68399048 305.22836304
v -38.07402420 -279.60256958 305.11416626
v -38.62599182 -279.60256958 305.28161621
v -39.13468552 -279.60256958 305.55352783
v -39.58055878 -279.60256958 305.91943359
v -39.94647980 -279.60256958 306.36532593
v -40.21838379 -279.60256958 306.87399292
v -40.38581848 -279.60256958 307.42596436
v -40.21838379 -280.16537476 307.45928955
v -40.06066132 -280.16537476 306.93933105
v -39.80453491 -280.16537476 306.46014404
v -39.45984268 -280.16537476 306.04016113
v -39.03984070 -280.16537476 305.69546509
v -38.56066132 -280.16537476 305.43933105
v -38.04071808 -280.16537476 305.28161621
v -37.98663330 -280.68402100 305.55352783
v -37.91384888 -281.13864136 305.91943359
v -37.82516098 -281.51171875 306.36532593
v -37.72397232 -281.78894043 306.87399292
v -37.61418152 -281.95965576 307.42596436
v -39.94647980 -280.68402100 307.51336670
v -39.80453491 -280.68402100 307.04544067
v -39.57402420 -280.68402100 306.61416626
v -39.26381302 -280.68402100 306.23617554
v -38.88581848 -280.68402100 305.92596436
v -38.45457077 -280.68402100 305.69546509
v -39.58055878 -281.13864136 307.58615112
v -39.45984268 -281.13864136 307.18820190
v -39.26381302 -281.13864136 306.82144165
v -39.00000000 -281.13864136 306.50000000
v -38.67854309 -281.13864136 306.23617554
v -38.31179428 -281.13864136 306.04016113
v -39.13468552 -281.51171875 307.67483521
v -39.03984070 -281.51171875 307.36218262
v -38.88581848 -281.51171875 307.07403564
v -38.67854309 -281.51171875 306.82144165
v -38.42597580 -281.51171875 306.61416626
v -38.13782120 -281.51171875 306.46014404
v -38.62599182 -281.78894043 307.77603149
v -38.56066132 -281.78894043 307.56066895
v -38.45457077 -281.78894043 307.36218262
v -38.31179428 -281.78894043 307.18820190
v -38.13782120 -281.78894043 307.04544067
v -37.93933868 -281.78894043 306.93933105
v -38.07402420 -281.95965576 307.88580322
v -38.04071808 -281.95965576 307.77603149
v -37.98663330 -281.95965576 307.67483521
v -37.91384888 -281.95965576 307.58615112
v -37.82516098 -281.95965576 307.51336670
v -37.72397232 -281.95965576 307.45928955
f 1 2 3
f 3 2 4
f 3 4 5
f 5 4 6
f 5 6 7
f 7 6 8
f 7 8 9
f 9 8 10
f 9 10 11
f 11 10 12
f 11 12 13
f 13 12 14
f 13 14 15
f 15 14 16
f 15 16 17
f 17 16 18
f 17 18 19
f 17 19 20
f 20 19 21
f 20 21 22
f 22 21 23
f 22 23 24
f 24 23 25
f 24 25 26
f 26 25 27
f 26 27 28
f 28 27 29
f 28 29 30
f 30 29 31
f 30 31 32
f 30 32 33
f 33 32 34
f 33 34 35
f 35 34 36
f 35 36 37
f 37 36 38
f 37 38 39
f 39 38 40
f 39 40 41
f 41 40 42
f 41 42 43
f 43 42 1
f 43 1 3
f 44 45 46
f 46 45 47
f 46 47 48
f 48 47 49
f 48 49 50
f 50 49 51
f 50 51 52
f 52 51 53
f 52 53 54
f 54 53 55
f 54 55 56
f 56 55 57
f 56 57 58
f 58 57 59
f 58 59 60
f 60 59 61
f 60 61 62
f 60 62 63
f 63 62 64
f 63 64 65
f 65 64 66
f 65 66 67
f 67 66 68
f 67 68 69
f 69 68 70
f 69 70 71
f 71 70 72
f 71 72 73
f 73 72 74
f 73 74 75
f 73 75 76
f 76 75 77
f 76 77 78
f 78 77 79
f 78 79 80
f 80 79 81
f 80 81 82
f 82 81 83
f 82 83 84
f 84 83 85
f 84 85 86
f 86 85 44
f 86 44 46
f 87 88 89
f 89 88 90
f 89 90 91
f 91 90 92
f 91 92 93
f 93 92 94
f 93 94 95
f 95 94 96
f 95 96 97
f 97 96 98
f 97 98 99
f 99 98 100
f 99 100 101
f 101 100 102
f 101 102 103
f 103 102 104
f 103 104 105
f 103 105 106
f 106 105 107
f 106 107 108
f 108 107 109
f 108 109 110
f 110 109 111
f 110 111 112
f 112 111 113
f 112 113 114
f 114 113 115
f 114 115 116
f 116 115 117
f 116 117 118
f 116 118 119
f 119 118 120
f 119 120 121
f 121 120 122
f 121 122 123
f 123 122 124
f 123 124 125
f 125 124 126
f 125 126 127
f 127 126 128
f 127 128 129
f 129 128 87
f 129 87 89
f 130 131 132
f 132 131 133
f 132 133 134
f 134 133 135
f 134 135 136
f 136 135 137
f 136 137 138
f 138 137 139
f 138 139 140
f 140 139 141
f 140 141 142
f 142 141 143
f 142 143 144
f 144 143 145
f 144 145 146
f 146 145 147
f 146 147 148
f 146 148 149
f 149 148 150
f 149 150 151
f 151 150 152
f 151 152 153
f 153 152 154
f 153 154 155
f 155 154 156
f 155 156 157
f 157 156 158
f 157 158 159
f 159 158 160
f 159 160 161
f 159 161 162
f 162 161 163
f 162 163 164
f 164 163 165
f 164 165 166
f 166 165 167
f 166 167 168
f 168 167 169
f 168 169 170
f 170 169 171
f 170 171 172
f 172 171 130
f 172 130 132
f 173 174 175
f 175 174 176
f 175 176 177
f 177 176 178
f 177 178 179
f 179 178 180
f 179 180 181
f 181 180 182
f 181 182 183
f 183 182 184
f 183 184 185
f 185 184 186
f 185 186 187
f 187 186 188
f 187 188 189
f 189 188 190
f 189 190 191
f 191 190 192
f 191 192 193
f 193 192 194
f 193 194 195
f 195 194 196
f 195 196 197
f 197 196 198
f 197 198 199
f 199 198 200
f 199 200 201
f 201 200 202
f 201 202 203
f 203 202 204
f 203 204 205
f 205 204 206
f 205 206 207
f 207 206 208
f 207 208 209
f 209 208 210
f 209 210 211
f 211 210 212
f 211 212 213
f 213 212 214
f 213 214 215
f 215 214 216
f 215 216 217
f 217 216 218
f 217 218 219
f 219 218 220
f 219 220 221
f 221 220 222
f 221 222 223
f 223 222 224
f 223 224 225
f 225 224 226
f 225 226 227
f 227 226 228
f 227 228 229
f 229 228 230
f 229 230 231
f 231 230 232
f 231 232 233
f 174 173 234
f 234 173 235
f 234 235 236
f 236 235 237
f 236 237 238
f 238 237 239
f 238 239 240
f 240 239 241
f 240 241 242
f 242 241 243
f 242 243 244
f 244 243 245
f 244 245 246
f 246 245 247
f 246 247 248
f 248 247 249
f 248 249 250
f 250 249 251
f 250 251 252
f 252 251 253
f 252 253 254
f 254 253 255
f 254 255 256
f 256 255 257
f 256 257 258
f 258 257 259
f 258 259 260
f 260 259 261
f 260 261 262
f 262 261 263
f 262 263 264
f 264 263 265
f 264 265 266
f 266 265 267
f 266 267 268
f 268 267 269
f 268 269 270
f 270 269 271
f 270 271 272
f 272 271 273
f 272 273 274
f 274 273 275
f 274 275 276
f 276 275 277
f 276 277 278
f 278 277 279
f 278 279 280
f 280 279 281
f 280 281 282
f 282 281 283
f 282 283 284
f 284 283 285
f 284 285 286
f 286 285 287
f 286 287 233
f 233 287 231
f 288 289 290
f 290 289 291
f 290 291 292
f 292 291 293
f 292 293 294
f 294 293 295
f 294 295 296
f 296 295 297
f 296 297 298
f 298 297 299
f 298 299 300
f 300 299 301
f 300 301 302
f 302 301 303
f 302 303 304
f 304 303 305
f 304 305 306
f 306 305 307
f 306 307 308
f 308 307 309
f 308 309 310
f 310 309 311
f 310 311 312
f 312 311 313
f 312 313 314
f 314 313 315
f 314 315 316
f 316 315 317
f 316 317 318
f 318 317 319
f 318 319 320
f 320 319 321
f 320 321 322
f 322 321 323
f 322 323 324
f 324 323 325
f 324 325 326
f 326 325 327
f 326 327 328
f 289 288 329
f 329 288 330
f 329 330 331
f 331 330 332
f 331 332 333
f 333 332 334
f 333 334 335
f 335 334 336
f 335 336 337
f 337 336 338
f 337 338 339
f 339 338 340
f 339 340 341
f 341 340 342
f 341 342 343
f 343 342 344
f 343 344 345
f 345 344 346
f 345 346 347
f 347 346 348
f 347 348 349
f 349 348 350
f 349 350 351
f 351 350 352
f 351 352 353
f 353 352 354
f 353 354 355
f 355 354 356
f 355 356 357
f 357 356 358
f 357 358 359
f 359 358 360
f 359 360 361
f 361 360 362
f 361 362 328
f 328 362 326
f 307 363 309
f 309 363 364
f 309 364 311
f 311 364 365
f 311 365 313
f 313 365 366
f 313 366 315
f 315 366 367
f 315 367 317
f 317 367 368
f 317 368 319
f 319 368 369
f 319 369 321
f 321 369 370
f 321 370 323
f 323 370 371
f 323 371 325
f 325 371 372
f 325 372 327
f 327 372 373
f 327 373 328
f 328 373 374
f 328 374 361
f 361 374 375
f 361 375 359
f 359 375 376
f 359 376 357
f 357 376 377
f 357 377 355
f 355 377 378
f 355 378 353
f 353 378 379
f 353 379 351
f 351 379 380
f 351 380 349
f 349 380 381
f 349 381 347
f 347 381 382
f 347 382 345
f 345 382 383
f 345 383 343
f 343 383 384
f 343 384 341
f 341 384 385
f 341 385 339
f 339 385 386
f 339 386 337
f 337 386 387
f 337 387 335
f 335 387 388
f 335 388 333
f 333 388 389
f 333 389 331
f 331 389 390
f 331 390 329
f 329 390 391
f 329 391 289
f 289 391 392
f 289 392 291
f 291 392 393
f 291 393 293
f 293 393 394
f 293 394 295
f 295 394 395
f 295 395 297
f 297 395 396
f 297 396 299
f 299 396 397
f 299 397 301
f 301 397 398
f 301 398 303
f 303 398 399
f 303 399 305
f 305 399 400
f 305 400 307
f 307 400 363
f 401 402 403
f 403 402 404
f 403 404 405
f 405 404 406
f 405 406 407
f 407 406 408
f 407 408 409
f 409 408 410
f 409 410 411
f 411 410 412
f 411 412 413
f 413 412 414
f 413 414 415
f 415 414 416
f 415 416 417
f 417 416 418
f 417 418 419
f 419 418 420
f 419 420 421
f 421 420 422
f 421 422 423
f 423 422 424
f 423 424 425
f 425 424 426
f 425 426 427
f 427 426 428
f 427 428 429
f 429 428 430
f 429 430 431
f 431 430 432
f 431 432 433
f 433 432 434
f 433 434 435
f 435 434 436
f 435 436 437
f 437 436 438
f 437 438 439
f 439 438 440
f 439 440 441
f 441 440 442
f 441 442 443
f 443 442 444
f 443 444 445
f 445 444 446
f 445 446 447
f 447 446 448
f 447 448 449
f 449 448 450
f 449 450 451
f 451 450 452
f 451 452 453
f 453 452 454
f 453 454 455
f 455 454 456
f 455 456 457
f 457 456 458
f 457 458 459
f 459 458 460
f 459 460 461
f 461 460 462
f 461 462 401
f 401 462 402
f 463 464 465
f 465 464 466
f 465 466 467
f 467 466 468
f 467 468 469
f 463 470 464
f 464 470 471
f 471 470 472
f 471 472 473
f 473 472 474
f 473 474 475
f 475 474 476
f 475 476 477
f 477 476 478
f 477 478 479
f 479 478 480
f 479 480 481
f 481 480 482
f 481 482 483
f 483 482 484
f 483 484 485
f 485 484 486
f 485 486 487
f 487 486 488
f 487 488 489
f 489 488 490
f 489 490 491
f 491 490 492
f 491 492 493
f 493 492 494
f 493 494 495
f 495 494 496
f 495 496 497
f 497 496 498
f 497 498 499
f 499 498 500
f 499 500 501
f 501 500 502
f 501 502 503
f 503 502 504
f 503 504 505
f 505 504 506
f 505 506 507
f 507 506 508
f 507 508 509
f 509 508 510
f 509 510 469
f 469 510 467
f 511 512 513
f 513 512 514
f 513 514 515
f 515 514 516
f 515 516 517
f 517 516 518
f 517 518 519
f 519 518 520
f 519 520 521
f 521 520 522
f 521 522 523
f 523 522 524
f 523 524 525
f 525 524 526
f 525 526 527
f 527 526 528
f 527 528 529
f 529 528 530
f 529 530 531
f 531 530 532
f 531 532 533
f 533 532 534
f 533 534 535
f 535 534 536
f 535 536 537
f 537 536 538
f 537 538 539
f 539 538 540
f 539 540 541
f 541 540 542
f 541 542 543
f 543 542 544
f 543 544 545
f 545 544 546
f 545 546 547
f 547 546 548
f 547 548 549
f 549 548 550
f 549 550 551
f 551 550 552
f 551 552 553
f 553 552 554
f 553 554 555
f 555 554 556
f 555 556 557
f 557 556 558
f 557 558 559
f 559 558 560
f 559 560 561
f 561 560 562
f 561 562 563
f 563 562 564
f 563 564 565
f 565 564 566
f 565 566 567
f 567 566 568
f 567 568 569
f 569 568 570
f 569 570 571
f 571 570 572
f 571 572 511
f 511 572 512
f 573 574 575
f 575 574 576
f 575 576 577
f 577 576 578
f 577 578 579
f 573 580 574
f 574 580 581
f 581 580 582
f 581 582 583
f 583 582 584
f 583 584 585
f 585 584 586
f 585 586 587
f 587 586 588
f 587 588 589
f 589 588 590
f 589 590 591
f 591 590 592
f 591 592 593
f 593 592 594
f 593 594 595
f 595 594 596
f 595 596 597
f 597 596 598
f 597 598 599
f 599 598 600
f 599 600 601
f 601 600 602
f 601 602 603
f 603 602 604
f 603 604 605
f 605 604 606
f 605 606 607
f 607 606 608
f 607 608 609
f 609 608 610
f 609 610 611
f 611 610 612
f 611 612 613
f 613 612 614
f 613 614 615
f 615 614 616
f 615 616 617
f 617 616 618
f 617 618 619
f 619 618 620
f 619 620 579
f 579 620 577
f 134 108 132
f 132 108 110
f 132 110 172
f 172 110 112
f 172 112 170
f 170 112 114
f 170 114 168
f 168 114 116
f 168 116 166
f 166 116 119
f 166 119 164
f 164 119 121
f 164 121 162
f 162 121 123
f 162 123 159
f 159 123 125
f 159 125 157
f 157 125 127
f 157 127 155
f 155 127 129
f 155 129 153
f 153 129 89
f 153 89 151
f 151 89 91
f 151 91 149
f 149 91 93
f 149 93 146
f 146 93 95
f 146 95 144
f 144 95 97
f 144 97 142
f 142 97 99
f 142 99 140
f 140 99 101
f 140 101 138
f 138 101 103
f 138 103 136
f 136 103 106
f 136 106 134
f 134 106 108
f 48 22 46
f 46 22 24
f 46 24 86
f 86 24 26
f 86 26 84
f 84 26 28
f 84 28 82
f 82 28 30
f 82 30 80
f 80 30 33
f 80 33 78
f 78 33 35
f 78 35 76
f 76 35 37
f 76 37 73
f 73 37 39
f 73 39 71
f 71 39 41
f 71 41 69
f 69 41 43
f 69 43 67
f 67 43 3
f 67 3 65
f 65 3 5
f 65 5 63
f 63 5 7
f 63 7 60
f 60 7 9
f 60 9 58
f 58 9 11
f 58 11 56
f 56 11 13
f 56 13 54
f 54 13 15
f 54 15 52
f 52 15 17
f 52 17 50
f 50 17 20
f 50 20 48
f 48 20 22
f 621 622 623
f 623 622 624
f 623 624 625
f 625 624 626
f 625 626 627
f 627 626 628
f 627 628 629
f 629 628 630
f 629 630 631
f 631 630 632
f 631 632 633
f 633 632 634
f 633 634 635
f 635 634 636
f 635 636 637
f 637 636 638
f 637 638 639
f 639 638 640
f 639 640 641
f 641 640 642
f 641 642 643
f 643 642 644
f 643 644 645
f 645 644 646
f 645 646 647
f 647 646 648
f 647 648 649
f 649 648 650
f 649 650 651
f 651 650 652
f 651 652 653
f 653 652 654
f 653 654 655
f 655 654 656
f 655 656 657
f 657 656 658
f 657 658 659
f 659 658 660
f 659 660 661
f 661 660 662
f 661 662 663
f 663 662 664
f 663 664 621
f 621 664 622
f 665 666 667
f 667 666 668
f 667 668 669
f 669 668 670
f 669 670 671
f 671 670 672
f 671 672 673
f 673 672 674
f 673 674 675
f 675 674 676
f 675 676 677
f 677 676 678
f 677 678 679
f 679 678 680
f 679 680 681
f 681 680 682
f 681 682 683
f 683 682 684
f 683 684 685
f 685 684 686
f 685 686 687
f 687 686 688
f 687 688 689
f 689 688 690
f 689 690 691
f 691 690 692
f 691 692 693
f 693 692 694
f 693 694 695
f 695 694 696
f 695 696 697
f 697 696 698
f 697 698 699
f 699 698 700
f 699 700 701
f 701 700 702
f 701 702 703
f 703 702 704
f 703 704 705
f 705 704 706
f 705 706 707
f 707 706 708
f 707 708 665
f 665 708 666
f 709 710 711
f 711 710 712
f 711 712 713
f 713 712 714
f 713 714 715
f 715 714 716
f 715 716 717
f 717 716 718
f 717 718 719
f 719 718 720
f 719 720 721
f 721 720 722
f 721 722 723
f 723 722 724
f 723 724 725
f 725 724 726
f 725 726 727
f 727 726 728
f 727 728 729
f 729 728 730
f 729 730 731
f 731 730 732
f 731 732 733
f 733 732 734
f 733 734 735
f 735 734 736
f 735 736 737
f 737 736 738
f 737 738 739
f 739 738 740
f 739 740 741
f 741 740 742
f 741 742 743
f 743 742 744
f 743 744 745
f 745 744 746
f 745 746 747
f 747 746 748
f 747 748 749
f 749 748 750
f 749 750 751
f 751 750 752
f 751 752 709
f 709 752 710
f 202 753 204
f 204 753 754
f 204 754 206
f 206 754 755
f 206 755 208
f 208 755 756
f 208 756 210
f 210 756 757
f 210 757 212
f 212 757 758
f 212 758 214
f 214 758 759
f 214 759 216
f 216 759 760
f 216 760 218
f 218 760 761
f 218 761 220
f 220 761 762
f 220 762 222
f 222 762 763
f 222 763 224
f 224 763 764
f 224 764 226
f 226 764 765
f 226 765 228
f 228 765 766
f 228 766 230
f 230 766 767
f 230 767 232
f 232 767 768
f 232 768 233
f 233 768 769
f 233 769 286
f 286 769 770
f 286 770 284
f 284 770 771
f 284 771 282
f 282 771 772
f 282 772 280
f 280 772 773
f 280 773 278
f 278 773 774
f 278 774 276
f 276 774 775
f 276 775 274
f 274 775 776
f 274 776 272
f 272 776 777
f 272 777 270
f 270 777 778
f 270 778 268
f 268 778 779
f 268 779 266
f 266 779 780
f 266 780 264
f 264 780 781
f 264 781 262
f 262 781 782
f 262 782 260
f 260 782 783
f 260 783 258
f 258 783 784
f 258 784 256
f 256 784 785
f 256 785 254
f 254 785 786
f 254 786 252
f 252 786 787
f 252 787 250
f 250 787 788
f 250 788 248
f 248 788 789
f 248 789 246
f 246 789 790
f 246 790 244
f 244 790 791
f 244 791 242
f 242 791 792
f 242 792 240
f 240 792 793
f 240 793 238
f 238 793 794
f 238 794 236
f 236 794 795
f 236 795 234
f 234 795 796
f 234 796 174
f 174 796 797
f 174 797 176
f 176 797 798
f 176 798 178
f 178 798 799
f 178 799 180
f 180 799 800
f 180 800 182
f 182 800 801
f 182 801 184
f 184 801 802
f 184 802 186
f 186 802 803
f 186 803 188
f 188 803 804
f 188 804 190
f 190 804 805
f 190 805 192
f 192 805 806
f 192 806 194
f 194 806 807
f 194 807 196
f 196 807 808
f 196 808 198
f 198 808 809
f 198 809 200
f 200 809 810
f 200 810 202
f 202 810 753
f 811 812 813
f 813 812 814
f 813 814 815
f 815 814 816
f 815 816 817
f 817 816 818
f 817 818 819
f 819 818 820
f 819 820 821
f 821 820 822
f 821 822 823
f 823 822 824
f 823 824 825
f 825 824 826
f 825 826 827
f 827 826 828
f 827 828 829
f 829 828 830
f 829 830 831
f 831 830 832
f 831 832 833
f 833 832 834
f 833 834 835
f 835 834 836
f 835 836 837
f 837 836 838
f 837 838 839
f 839 838 840
f 839 840 841
f 841 840 842
f 841 842 843
f 843 842 844
f 843 844 845
f 845 844 846
f 845 846 847
f 847 846 848
f 847 848 849
f 849 848 850
f 849 850 851
f 851 850 852
f 851 852 853
f 853 852 854
f 853 854 855
f 855 854 856
f 855 856 857
f 857 856 858
f 857 858 859
f 859 858 860
f 859 860 861
f 861 860 862
f 861 862 863
f 863 862 864
f 863 864 865
f 865 864 866
f 865 866 867
f 867 866 868
f 867 868 869
f 869 868 870
f 869 870 871
f 871 870 872
f 871 872 873
f 873 872 874
f 873 874 875
f 875 874 876
f 875 876 877
f 877 876 878
f 877 878 879
f 879 878 880
f 879 880 881
f 881 880 882
f 881 882 883
f 883 882 884
f 883 884 885
f 885 884 886
f 885 886 887
f 887 886 888
f 887 888 889
f 889 888 890
f 889 890 891
f 891 890 892
f 891 892 893
f 893 892 894
f 893 894 895
f 895 894 896
f 895 896 897
f 897 896 898
f 897 898 899
f 899 898 900
f 899 900 901
f 901 900 902
f 901 902 903
f 903 902 904
f 903 904 905
f 905 904 906
f 905 906 907
f 907 906 908
f 907 908 909
f 909 908 910
f 909 910 911
f 911 910 912
f 911 912 913
f 913 912 914
f 913 914 915
f 915 914 916
f 915 916 917
f 917 916 918
f 917 918 919
f 919 918 920
f 919 920 921
f 921 920 922
f 921 922 923
f 923 922 924
f 923 924 925
f 925 924 926
f 925 926 927
f 927 926 928
f 927 928 929
f 929 928 930
f 929 930 931
f 931 930 932
f 931 932 933
f 933 932 934
f 933 934 935
f 935 934 936
f 935 936 937
f 937 936 938
f 937 938 811
f 811 938 812
f 939 940 941
f 941 940 942
f 941 942 943
f 943 942 944
f 943 944 945
f 945 944 946
f 945 946 947
f 947 946 948
f 947 948 949
f 949 948 950
f 949 950 951
f 951 950 952
f 951 952 953
f 953 952 954
f 953 954 955
f 955 954 956
f 955 956 957
f 957 956 958
f 957 958 959
f 959 958 960
f 959 960 961
f 961 960 962
f 961 962 963
f 963 962 964
f 963 964 965
f 965 964 966
f 965 966 967
f 967 966 968
f 967 968 969
f 969 968 970
f 969 970 971
f 971 970 972
f 971 972 973
f 973 972 974
f 973 974 975
f 975 974 976
f 975 976 977
f 977 976 978
f 977 978 979
f 979 978 980
f 979 980 981
f 981 980 982
f 981 982 983
f 983 982 984
f 983 984 985
f 985 984 986
f 985 986 987
f 987 986 988
f 987 988 989
f 989 988 990
f 989 990 991
f 991 990 992
f 991 992 993
f 993 992 994
f 993 994 995
f 995 994 996
f 995 996 997
f 997 996 998
f 997 998 999
f 999 998 1000
f 999 1000 1001
f 1001 1000 1002
f 1001 1002 1003
f 1003 1002 1004
f 1003 1004 1005
f 1005 1004 1006
f 1005 1006 1007
f 1007 1006 1008
f 1007 1008 1009
f 1009 1008 1010
f 1009 1010 1011
f 1011 1010 1012
f 1011 1012 1013
f 1013 1012 1014
f 1013 1014 1015
f 1015 1014 1016
f 1015 1016 1017
f 1017 1016 1018
f 1017 1018 1019
f 1019 1018 1020
f 1019 1020 1021
f 1021 1020 1022
f 1021 1022 1023
f 1023 1022 1024
f 1023 1024 1025
f 1025 1024 1026
f 1025 1026 1027
f 1027 1026 1028
f 1027 1028 1029
f 1029 1028 1030
f 1029 1030 1031
f 1031 1030 1032
f 1031 1032 1033
f 1033 1032 1034
f 1033 1034 1035
f 1035 1034 1036
f 1035 1036 1037
f 1037 1036 1038
f 1037 1038 1039
f 1039 1038 1040
f 1039 1040 1041
f 1041 1040 1042
f 1041 1042 1043
f 1043 1042 1044
f 1043 1044 1045
f 1045 1044 1046
f 1045 1046 1047
f 1047 1046 1048
f 1047 1048 1049
f 1049 1048 1050
f 1049 1050 1051
f 1051 1050 1052
f 1051 1052 1053
f 1053 1052 1054
f 1053 1054 1055
f 1055 1054 1056
f 1055 1056 939
f 939 1056 940
f 1057 1058 1059
f 1059 1058 1060
f 1059 1060 1061
f 1061 1060 1062
f 1061 1062 1063
f 1063 1062 1064
f 1063 1064 1065
f 1065 1064 1066
f 1065 1066 1067
f 1067 1066 1068
f 1067 1068 1069
f 1069 1068 1070
f 1069 1070 1071
f 1071 1070 1072
f 1071 1072 1073
f 1073 1072 1074
f 1073 1074 1075
f 1075 1074 1076
f 1075 1076 1077
f 1077 1076 1078
f 1077 1078 1079
f 1079 1078 1080
f 1079 1080 1081
f 1081 1080 1082
f 1081 1082 1083
f 1083 1082 1084
f 1083 1084 1085
f 1085 1084 1086
f 1085 1086 1087
f 1087 1086 1088
f 1087 1088 1089
f 1089 1088 1090
f 1089 1090 1091
f 1091 1090 1092
f 1091 1092 1093
f 1093 1092 1094
f 1093 1094 1095
f 1095 1094 1096
f 1095 1096 1097
f 1097 1096 1098
f 1097 1098 1099
f 1099 1098 1100
f 1099 1100 1101
f 1101 1100 1102
f 1101 1102 1103
f 1103 1102 1104
f 1103 1104 1105
f 1105 1104 1106
f 1105 1106 1107
f 1107 1106 1108
f 1107 1108 1109
f 1109 1108 1110
f 1109 1110 1111
f 1111 1110 1112
f 1111 1112 1113
f 1113 1112 1114
f 1113 1114 1115
f 1115 1114 1116
f 1115 1116 1117
f 1117 1116 1118
f 1117 1118 1119
f 1119 1118 1057
f 1119 1057 1059
f 1120 1121 1122
f 1122 1121 1123
f 1122 1123 1124
f 1124 1123 1125
f 1124 1125 1126
f 1126 1125 1127
f 1126 1127 1128
f 1128 1127 1129
f 1128 1129 1130
f 1130 1129 1131
f 1130 1131 1132
f 1132 1131 1133
f 1132 1133 1134
f 1134 1133 1135
f 1134 1135 1136
f 1136 1135 1137
f 1136 1137 1138
f 1138 1137 1139
f 1138 1139 1140
f 1140 1139 1141
f 1140 1141 1142
f 1142 1141 1143
f 1142 1143 1144
f 1144 1143 1145
f 1144 1145 1146
f 1146 1145 1147
f 1146 1147 1148
f 1148 1147 1149
f 1148 1149 1150
f 1150 1149 1151
f 1150 1151 1152
f 1152 1151 1153
f 1152 1153 1154
f 1154 1153 1155
f 1154 1155 1156
f 1156 1155 1157
f 1156 1157 1158
f 1158 1157 1159
f 1158 1159 1160
f 1160 1159 1161
f 1160 1161 1162
f 1162 1161 1163
f 1162 1163 1164
f 1164 1163 1165
f 1164 1165 1166
f 1166 1165 1167
f 1166 1167 1168
f 1168 1167 1169
f 1168 1169 1170
f 1170 1169 1171
f 1170 1171 1172
f 1172 1171 1173
f 1172 1173 1174
f 1174 1173 1175
f 1174 1175 1176
f 1176 1175 1177
f 1176 1177 1178
f 1178 1177 1179
f 1178 1179 1180
f 1180 1179 1181
f 1180 1181 1182
f 1182 1181 1120
f 1182 1120 1122
f 1183 1184 1185
f 1185 1184 1186
f 1185 1186 1187
f 1187 1186 1188
f 1187 1188 1189
f 1189 1188 1190
f 1189 1190 1191
f 1191 1190 1192
f 1191 1192 1193
f 1193 1192 1194
f 1193 1194 1195
f 1195 1194 1196
f 1195 1196 1197
f 1197 1196 1198
f 1197 1198 1199
f 1199 1198 1200
f 1199 1200 1201
f 1201 1200 1202
f 1201 1202 1203
f 1203 1202 1204
f 1203 1204 1205
f 1205 1204 1206
f 1205 1206 1207
f 1207 1206 1208
f 1207 1208 1209
f 1209 1208 1210
f 1209 1210 1211
f 1211 1210 1212
f 1211 1212 1213
f 1213 1212 1214
f 1213 1214 1215
f 1215 1214 1216
f 1215 1216 1217
f 1217 1216 1218
f 1217 1218 1219
f 1219 1218 1220
f 1219 1220 1221
f 1221 1220 1222
f 1221 1222 1223
f 1223 1222 1224
f 1223 1224 1225
f 1225 1224 1226
f 1225 1226 1227
f 1227 1226 1228
f 1227 1228 1229
f 1229 1228 1230
f 1229 1230 1231
f 1231 1230 1232
f 1231 1232 1233
f 1233 1232 1234
f 1233 1234 1235
f 1235 1234 1236
f 1235 1236 1237
f 1237 1236 1238
f 1237 1238 1239
f 1239 1238 1240
f 1239 1240 1241
f 1241 1240 1242
f 1241 1242 1243
f 1243 1242 1244
f 1243 1244 1245
f 1245 1244 1183
f 1245 1183 1185
f 1246 1247 1248
f 1248 1247 1249
f 1248 1249 1250
f 1250 1249 1251
f 1250 1251 1252
f 1252 1251 1253
f 1252 1253 1254
f 1254 1253 1255
f 1255 1253 1256
f 1255 1256 1257
f 1257 1256 1258
f 1258 1256 1259
f 1258 1259 1260
f 1260 1259 1261
f 1260 1261 1262
f 1263 1264 1265
f 1265 1264 1266
f 1265 1266 1267
f 1267 1266 1268
f 1268 1266 1269
f 1268 1269 1270
f 1270 1269 1271
f 1270 1271 1272
f 1272 1271 1273
f 1272 1273 1274
f 1274 1273 1275
f 1275 1273 1276
f 1275 1276 1277
f 1277 1276 1278
f 1278 1276 1279
f 1278 1279 1280
f 1280 1279 1281
f 1281 1279 1282
f 1281 1282 1283
f 1283 1282 1284
f 1284 1282 1285
f 1284 1285 1246
f 1246 1285 1247
f 1262 1261 1286
f 1286 1261 1287
f 1286 1287 1288
f 1288 1287 1289
f 1289 1287 1290
f 1289 1290 1291
f 1291 1290 1292
f 1292 1290 1293
f 1292 1293 1294
f 1294 1293 1295
f 1295 1293 1296
f 1295 1296 1297
f 1297 1296 1298
f 1297 1298 1299
f 1299 1298 1300
f 1300 1298 1301
f 1300 1301 1302
f 1302 1301 1303
f 1303 1301 1304
f 1303 1304 1305
f 1305 1304 1306
f 1305 1306 1307
f 1307 1306 1308
f 1308 1306 1309
f 1310 1311 1312
f 1312 1311 1313
f 1313 1311 1314
f 1313 1314 1315
f 1315 1314 1316
f 1315 1316 1317
f 1317 1316 1318
f 1317 1318 1319
f 1319 1318 1320
f 1319 1320 1321
f 1321 1320 1322
f 1321 1322 1323
f 1323 1322 1324
f 1323 1324 1325
f 1325 1324 1326
f 1325 1326 1327
f 1327 1326 1328
f 1327 1328 1329
f 1329 1328 1330
f 1329 1330 1331
f 1331 1330 1332
f 1331 1332 1333
f 1333 1332 1334
f 1333 1334 1335
f 1335 1334 1336
f 1335 1336 1337
f 1337 1336 1338
f 1337 1338 1339
f 1339 1338 1340
f 1339 1340 1341
f 1341 1340 1342
f 1341 1342 1343
f 1343 1342 1344
f 1343 1344 1345
f 1345 1344 1346
f 1345 1346 1347
f 1347 1346 1348
f 1348 1346 1349
f 1348 1349 1350
f 1350 1349 1351
f 1351 1349 1352
f 1352 1349 1353
f 1352 1353 1354
f 1354 1353 1355
f 1355 1353 1356
f 1355 1356 1357
f 1357 1356 1358
f 1357 1358 1359
f 1359 1358 1360
f 1359 1360 1361
f 1361 1360 1362
f 1361 1362 1363
f 1363 1362 1364
f 1363 1364 1365
f 1365 1364 1366
f 1365 1366 1367
f 1367 1366 1368
f 1367 1368 1369
f 1369 1368 1370
f 1369 1370 1371
f 1371 1370 1372
f 1371 1372 1373
f 1373 1372 1374
f 1373 1374 1375
f 1375 1374 1376
f 1375 1376 1377
f 1377 1376 1378
f 1377 1378 1379
f 1379 1378 1380
f 1379 1380 1381
f 1381 1380 1382
f 1381 1382 1383
f 1383 1382 1384
f 1383 1384 1385
f 1385 1384 1386
f 1385 1386 1387
f 1387 1386 1388
f 1387 1388 1389
f 1389 1388 1390
f 1391 83 1392
f 1392 83 81
f 1392 81 79
f 83 1391 85
f 85 1391 1393
f 85 1393 44
f 44 1393 45
f 45 1393 1394
f 45 1394 47
f 47 1394 49
f 49 1394 1395
f 49 1395 51
f 51 1395 1396
f 51 1396 53
f 53 1396 1397
f 53 1397 823
f 823 1397 821
f 821 1397 1398
f 821 1398 819
f 819 1398 1399
f 819 1399 1400
f 819 1400 817
f 817 1400 1401
f 817 1401 815
f 815 1401 1402
f 815 1402 813
f 813 1402 1403
f 813 1403 811
f 811 1403 1404
f 811 1404 937
f 937 1404 1405
f 937 1405 935
f 935 1405 1406
f 935 1406 1407
f 1408 523 1407
f 1407 523 933
f 1407 933 935
f 523 1408 521
f 521 1408 1409
f 521 1409 519
f 519 1409 1410
f 519 1410 517
f 517 1410 515
f 515 1410 1411
f 515 1411 513
f 513 1411 511
f 511 1411 1412
f 511 1412 571
f 571 1412 1413
f 571 1413 569
f 569 1413 567
f 567 1413 1414
f 567 1414 565
f 565 1414 563
f 563 1414 561
f 561 1414 559
f 559 1414 557
f 557 1414 1415
f 557 1415 555
f 555 1415 909
f 555 909 911
f 1416 147 1415
f 1415 147 145
f 1415 145 143
f 1416 1417 147
f 147 1417 1418
f 147 1418 1419
f 1419 1420 147
f 147 1420 1421
f 147 1421 148
f 148 1421 1422
f 148 1422 150
f 150 1422 152
f 152 1422 154
f 154 1422 156
f 156 1422 158
f 158 1422 883
f 158 883 885
f 1423 439 1422
f 1422 439 877
f 1422 877 879
f 1424 427 1423
f 1423 427 429
f 1423 429 431
f 1424 1425 427
f 427 1425 425
f 425 1425 1426
f 425 1426 1427
f 1427 1428 425
f 425 1428 1429
f 425 1429 423
f 423 1429 1430
f 423 1430 421
f 421 1430 419
f 419 1430 417
f 417 1430 415
f 415 1430 1392
f 415 1392 845
f 845 1392 843
f 843 1392 75
f 843 75 74
f 130 897 131
f 131 897 899
f 131 899 133
f 133 899 901
f 133 901 135
f 135 901 903
f 135 903 137
f 137 903 905
f 137 905 1415
f 1415 905 907
f 1415 907 909
f 897 130 895
f 895 130 171
f 895 171 169
f 895 169 893
f 893 169 167
f 893 167 891
f 891 167 165
f 891 165 163
f 891 163 889
f 889 163 161
f 889 161 887
f 887 161 160
f 887 160 885
f 885 160 158
f 143 141 1415
f 1415 141 139
f 1415 139 137
f 79 77 1392
f 1392 77 75
f 72 839 74
f 74 839 841
f 74 841 843
f 839 72 837
f 837 72 70
f 837 70 835
f 835 70 68
f 835 68 833
f 833 68 66
f 833 66 64
f 833 64 831
f 831 64 62
f 831 62 829
f 829 62 61
f 829 61 59
f 829 59 827
f 827 59 57
f 827 57 825
f 825 57 55
f 825 55 823
f 823 55 53
f 401 403 855
f 855 403 405
f 855 405 853
f 853 405 407
f 853 407 851
f 851 407 409
f 851 409 849
f 849 409 411
f 849 411 847
f 847 411 413
f 847 413 845
f 845 413 415
f 431 433 1423
f 1423 433 435
f 1423 435 437
f 437 439 1423
f 877 439 875
f 875 439 441
f 875 441 873
f 873 441 443
f 873 443 871
f 871 443 869
f 869 443 445
f 869 445 447
f 869 447 867
f 867 447 449
f 867 449 865
f 865 449 451
f 865 451 863
f 863 451 453
f 863 453 455
f 863 455 861
f 861 455 457
f 861 457 859
f 859 457 459
f 859 459 461
f 859 461 857
f 857 461 401
f 857 401 855
f 523 525 933
f 933 525 931
f 931 525 527
f 931 527 929
f 929 527 529
f 929 529 531
f 929 531 927
f 927 531 533
f 927 533 925
f 925 533 535
f 925 535 537
f 925 537 923
f 923 537 539
f 923 539 921
f 921 539 541
f 921 541 543
f 921 543 919
f 919 543 545
f 919 545 917
f 917 545 547
f 917 547 549
f 917 549 915
f 915 549 551
f 915 551 913
f 913 551 553
f 913 553 911
f 911 553 555
f 879 881 1422
f 1422 881 883
f 1431 1432 1433
f 1433 1432 1434
f 1433 1434 1435
f 1432 1431 1436
f 1436 1431 1437
f 1436 1437 1438
f 1436 1438 1439
f 1439 1438 1440
f 1439 1440 1441
f 1439 1441 1442
f 1442 1441 1443
f 1442 1443 1444
f 1445 1414 1444
f 1444 1414 1446
f 1444 1446 1442
f 1445 1415 1414
f 1435 1447 1433
f 1433 1447 1448
f 1433 1448 1449
f 1449 1450 1433
f 1433 1450 1451
f 1433 1451 1390
f 1390 1451 1389
f 1430 1452 1392
f 1392 1452 1453
f 1392 1453 1454
f 1454 1453 1455
f 1455 1453 1456
f 1455 1456 1457
f 1455 1457 1458
f 1458 1457 1459
f 1458 1459 1460
f 1458 1460 1461
f 1461 1460 1462
f 1461 1462 1463
f 1461 1463 1464
f 1464 1463 1465
f 1464 1465 1466
f 1466 1465 1467
f 1467 1465 1468
f 1468 1465 1469
f 1469 1465 1470
f 1470 1465 1471
f 1471 1465 1472
f 1472 1465 1310
f 1472 1310 1312
f 1473 1474 1475
f 1475 1474 1476
f 1476 1474 1477
f 1477 1474 1478
f 1477 1478 1479
f 1479 1478 1480
f 1480 1478 1481
f 1481 1478 1482
f 1482 1478 1483
f 1483 1478 1484
f 1484 1478 1485
f 1484 1485 1486
f 1486 1487 1484
f 1484 1487 1488
f 1484 1488 1309
f 1309 1488 1308
f 1489 1490 1491
f 1491 1490 1492
f 1491 1492 1493
f 1491 1493 1494
f 1494 1493 1495
f 1494 1495 1496
f 1496 1497 1494
f 1494 1497 1498
f 1494 1498 1499
f 1499 1500 1494
f 1494 1500 1501
f 1501 1500 1502
f 1502 1500 1503
f 1503 1500 1504
f 1504 1500 1263
f 1263 1500 1264
f 1505 1506 1507
f 1507 1506 1508
f 1507 1508 1509
f 1509 1510 1507
f 1507 1510 1511
f 1507 1511 1512
f 1512 1513 1507
f 1507 1513 1514
f 1507 1514 1515
f 1514 1513 1516
f 1516 1513 1517
f 1516 1517 1518
f 1489 1491 1518
f 1518 1491 1516
f 1515 1519 1507
f 1507 1519 1520
f 1507 1520 1521
f 1521 1522 1507
f 1507 1522 1523
f 1507 1523 1524
f 1524 1525 1507
f 1507 1525 1526
f 1507 1527 1505
f 1505 1527 1528
f 1528 1527 1529
f 1529 1527 1530
f 1530 1527 1531
f 1531 1527 782
f 1531 782 781
f 782 1527 783
f 783 1527 1532
f 783 1532 1533
f 1533 1534 783
f 783 1534 784
f 784 1534 1535
f 784 1535 1536
f 1536 1537 784
f 784 1537 785
f 785 1537 1538
f 785 1538 786
f 786 1538 1539
f 786 1539 1540
f 786 1540 787
f 787 1540 1541
f 787 1541 788
f 788 1541 1542
f 788 1542 789
f 789 1542 1543
f 789 1543 790
f 790 1543 791
f 791 1543 1544
f 791 1544 792
f 792 1544 1545
f 792 1545 793
f 793 1545 1546
f 793 1546 794
f 794 1546 1547
f 794 1547 795
f 795 1547 1548
f 795 1548 796
f 796 1548 1549
f 796 1549 797
f 797 1549 1550
f 797 1550 798
f 798 1550 799
f 799 1550 1551
f 799 1551 800
f 800 1551 1552
f 800 1552 801
f 801 1552 1553
f 801 1553 802
f 802 1553 1554
f 802 1554 803
f 803 1554 1555
f 803 1555 804
f 804 1555 1556
f 804 1556 805
f 805 1556 806
f 806 1556 1557
f 806 1557 807
f 807 1557 1558
f 807 1558 808
f 808 1558 1559
f 808 1559 809
f 809 1559 1560
f 809 1560 1561
f 809 1561 810
f 810 1561 1562
f 810 1562 753
f 753 1562 1563
f 753 1563 1564
f 1564 1565 753
f 753 1565 754
f 754 1565 1566
f 754 1566 1567
f 1567 1568 754
f 754 1568 755
f 755 1568 1569
f 755 1569 756
f 756 1569 1570
f 756 1570 757
f 757 1570 1571
f 757 1571 1572
f 1573 1574 1568
f 1568 1574 1575
f 1568 1575 1576
f 1526 1577 1573
f 1573 1577 1578
f 1573 1578 1579
f 1579 1580 1573
f 1573 1580 1581
f 1573 1581 1582
f 1582 1583 1573
f 1573 1583 1584
f 1573 1584 1585
f 1573 1585 1586
f 1586 1585 1587
f 1586 1587 1588
f 1588 1587 1589
f 1589 1587 1474
f 1589 1474 1473
f 1586 1590 1573
f 1573 1590 1591
f 1573 1591 1592
f 1592 1593 1573
f 1573 1593 1594
f 1573 1594 1595
f 1595 1574 1573
f 1576 1596 1568
f 1568 1596 1569
f 757 1572 758
f 758 1572 1597
f 758 1597 759
f 759 1597 760
f 760 1597 1598
f 760 1598 761
f 761 1598 1599
f 761 1599 1600
f 761 1600 762
f 762 1600 1601
f 762 1601 763
f 763 1601 1602
f 763 1602 764
f 764 1602 1603
f 764 1603 765
f 765 1603 1604
f 765 1604 766
f 766 1604 1605
f 766 1605 767
f 767 1605 1606
f 767 1606 768
f 768 1606 1607
f 768 1607 769
f 769 1607 1608
f 769 1608 770
f 770 1608 1609
f 770 1609 771
f 771 1609 1610
f 771 1610 772
f 772 1610 1611
f 772 1611 773
f 773 1611 1612
f 773 1612 774
f 774 1612 1613
f 774 1613 775
f 775 1613 1614
f 775 1614 776
f 776 1614 1615
f 776 1615 1616
f 776 1616 777
f 777 1616 1617
f 777 1617 778
f 778 1617 779
f 779 1617 1618
f 779 1618 780
f 780 1618 1619
f 780 1619 1620
f 780 1620 781
f 781 1620 1531
f 1621 92 1622
f 1622 92 90
f 1622 90 88
f 92 1621 94
f 94 1621 1623
f 94 1623 1624
f 1624 1625 94
f 94 1625 1626
f 94 1626 1627
f 1627 1628 94
f 94 1628 96
f 96 1628 98
f 98 1628 100
f 100 1628 102
f 102 1628 104
f 104 1628 1028
f 104 1028 105
f 105 1028 1026
f 105 1026 107
f 107 1026 1024
f 107 1024 1022
f 1629 591 1628
f 1628 591 593
f 1628 593 1030
f 1030 593 1032
f 1032 593 595
f 1032 595 1034
f 1034 595 597
f 1034 597 1036
f 1036 597 1038
f 1038 597 599
f 1038 599 1040
f 1040 599 601
f 1040 601 1042
f 1042 601 603
f 1042 603 605
f 1630 21 1629
f 1629 21 579
f 1629 579 578
f 1631 38 1630
f 1630 38 36
f 1630 36 34
f 1632 497 1631
f 1631 497 499
f 1631 499 501
f 1632 1633 497
f 497 1633 1634
f 497 1634 1635
f 1635 1636 497
f 497 1636 1637
f 497 1637 1638
f 1622 1000 1638
f 1638 1000 487
f 1638 487 489
f 88 87 1622
f 1622 87 128
f 1622 128 126
f 124 1006 126
f 126 1006 1004
f 126 1004 1002
f 1006 124 1008
f 1008 124 122
f 1008 122 1010
f 1010 122 120
f 1010 120 1012
f 1012 120 118
f 1012 118 1014
f 1014 118 117
f 1014 117 1016
f 1016 117 115
f 1016 115 1018
f 1018 115 113
f 1018 113 1020
f 1020 113 111
f 1020 111 109
f 1020 109 1022
f 1022 109 107
f 1 962 2
f 2 962 960
f 2 960 4
f 4 960 6
f 6 960 958
f 6 958 8
f 8 958 956
f 8 956 10
f 10 956 954
f 10 954 12
f 12 954 952
f 12 952 14
f 14 952 950
f 14 950 16
f 16 950 948
f 16 948 18
f 18 948 946
f 18 946 19
f 19 946 944
f 19 944 942
f 42 966 1
f 1 966 964
f 1 964 962
f 966 42 968
f 968 42 40
f 968 40 970
f 970 40 38
f 970 38 972
f 972 38 1631
f 972 1631 507
f 507 1631 505
f 505 1631 503
f 503 1631 501
f 34 32 1630
f 1630 32 31
f 1630 31 29
f 29 27 1630
f 1630 27 25
f 1630 25 23
f 23 21 1630
f 21 19 579
f 579 19 942
f 579 942 940
f 464 982 466
f 466 982 980
f 466 980 468
f 468 980 978
f 468 978 469
f 469 978 976
f 469 976 509
f 509 976 974
f 509 974 972
f 982 464 984
f 984 464 471
f 984 471 986
f 986 471 473
f 986 473 988
f 988 473 475
f 988 475 477
f 988 477 990
f 990 477 479
f 990 479 992
f 992 479 481
f 992 481 994
f 994 481 483
f 994 483 996
f 996 483 485
f 996 485 998
f 998 485 1000
f 1000 485 487
f 489 491 1638
f 1638 491 493
f 1638 493 495
f 495 497 1638
f 507 509 972
f 578 576 1629
f 1629 576 574
f 1629 574 581
f 581 583 1629
f 1629 583 585
f 1629 585 587
f 587 589 1629
f 1629 589 591
f 1042 605 1044
f 1044 605 607
f 1044 607 1046
f 1046 607 609
f 1046 609 1048
f 1048 609 611
f 1048 611 1050
f 1050 611 613
f 1050 613 1052
f 1052 613 615
f 1052 615 1054
f 1054 615 617
f 1054 617 1056
f 1056 617 619
f 1056 619 940
f 940 619 579
f 1030 1028 1628
f 126 1002 1622
f 1622 1002 1000
f 1422 1639 1423
f 1423 1639 1640
f 816 814 941
f 941 814 812
f 941 812 939
f 939 812 938
f 939 938 1055
f 1055 938 936
f 1055 936 1053
f 1053 936 934
f 1053 934 1051
f 1051 934 932
f 1051 932 1049
f 1049 932 930
f 1049 930 1047
f 1047 930 928
f 1047 928 1045
f 1045 928 926
f 1045 926 1043
f 1043 926 924
f 1043 924 1041
f 1041 924 922
f 1041 922 1039
f 1039 922 920
f 1039 920 1037
f 1037 920 918
f 1037 918 1035
f 1035 918 916
f 1035 916 914
f 1035 914 1033
f 1033 914 912
f 1033 912 1031
f 1031 912 910
f 1031 910 1029
f 1029 910 908
f 1029 908 1027
f 1027 908 906
f 1027 906 1025
f 1025 906 904
f 1025 904 1023
f 1023 904 902
f 1023 902 1021
f 1021 902 900
f 1021 900 1019
f 1019 900 898
f 1019 898 1017
f 1017 898 896
f 1017 896 1015
f 1015 896 894
f 1015 894 1013
f 1013 894 892
f 1013 892 1011
f 1011 892 890
f 1011 890 888
f 1011 888 1009
f 1009 888 886
f 1009 886 1007
f 1007 886 884
f 1007 884 1005
f 1005 884 882
f 1005 882 1003
f 1003 882 880
f 1003 880 1001
f 1001 880 878
f 1001 878 999
f 999 878 876
f 999 876 997
f 997 876 874
f 997 874 995
f 995 874 872
f 995 872 993
f 993 872 870
f 993 870 991
f 991 870 868
f 991 868 989
f 989 868 866
f 989 866 864
f 989 864 987
f 987 864 862
f 987 862 985
f 985 862 860
f 985 860 983
f 983 860 858
f 983 858 981
f 981 858 856
f 981 856 979
f 979 856 854
f 979 854 977
f 977 854 852
f 977 852 975
f 975 852 850
f 975 850 973
f 973 850 848
f 973 848 971
f 971 848 846
f 971 846 969
f 969 846 844
f 969 844 967
f 967 844 842
f 967 842 965
f 965 842 840
f 965 840 838
f 965 838 963
f 963 838 836
f 963 836 961
f 961 836 834
f 961 834 959
f 959 834 832
f 959 832 957
f 957 832 830
f 957 830 955
f 955 830 828
f 955 828 953
f 953 828 826
f 953 826 951
f 951 826 824
f 951 824 949
f 949 824 822
f 949 822 947
f 947 822 820
f 947 820 945
f 945 820 818
f 945 818 943
f 943 818 816
f 943 816 941
f 177 393 175
f 175 393 392
f 175 392 173
f 173 392 235
f 235 392 391
f 235 391 237
f 237 391 390
f 237 390 239
f 239 390 712
f 239 712 241
f 241 712 710
f 241 710 243
f 243 710 752
f 243 752 245
f 245 752 750
f 245 750 247
f 247 750 748
f 247 748 249
f 249 748 746
f 249 746 251
f 251 746 744
f 251 744 742
f 177 179 393
f 393 179 394
f 394 179 181
f 394 181 395
f 395 181 183
f 395 183 704
f 704 183 185
f 704 185 706
f 706 185 187
f 706 187 708
f 708 187 189
f 708 189 666
f 666 189 191
f 666 191 668
f 668 191 670
f 670 191 193
f 670 193 672
f 672 193 195
f 672 195 674
f 674 195 197
f 674 197 676
f 676 197 199
f 676 199 678
f 678 199 201
f 678 201 680
f 680 201 203
f 680 203 682
f 682 203 205
f 682 205 684
f 684 205 365
f 684 365 364
f 205 207 365
f 365 207 366
f 366 207 209
f 366 209 211
f 366 211 367
f 367 211 213
f 367 213 368
f 368 213 215
f 368 215 217
f 368 217 369
f 369 217 219
f 369 219 370
f 370 219 221
f 370 221 630
f 630 221 632
f 632 221 223
f 632 223 634
f 634 223 225
f 634 225 636
f 636 225 227
f 636 227 638
f 638 227 229
f 638 229 640
f 640 229 231
f 640 231 642
f 642 231 287
f 642 287 644
f 644 287 285
f 644 285 646
f 646 285 648
f 648 285 283
f 648 283 650
f 650 283 281
f 650 281 652
f 652 281 279
f 652 279 654
f 654 279 277
f 654 277 377
f 377 277 275
f 377 275 378
f 378 275 273
f 378 273 379
f 379 273 271
f 379 271 269
f 379 269 380
f 380 269 267
f 380 267 381
f 381 267 265
f 381 265 263
f 381 263 382
f 382 263 261
f 382 261 734
f 734 261 259
f 734 259 736
f 736 259 257
f 736 257 738
f 738 257 255
f 738 255 740
f 740 255 253
f 740 253 742
f 742 253 251
f 684 364 686
f 686 364 363
f 686 363 688
f 688 363 690
f 690 363 400
f 690 400 692
f 692 400 399
f 692 399 694
f 694 399 398
f 694 398 696
f 696 398 698
f 698 398 397
f 698 397 700
f 700 397 396
f 700 396 702
f 702 396 395
f 702 395 704
f 712 390 714
f 714 390 389
f 714 389 716
f 716 389 388
f 716 388 718
f 718 388 720
f 720 388 387
f 720 387 722
f 722 387 386
f 722 386 724
f 724 386 385
f 724 385 726
f 726 385 728
f 728 385 384
f 728 384 730
f 730 384 383
f 730 383 732
f 732 383 382
f 732 382 734
f 654 377 656
f 656 377 376
f 656 376 658
f 658 376 375
f 658 375 660
f 660 375 662
f 662 375 374
f 662 374 664
f 664 374 373
f 664 373 622
f 622 373 624
f 624 373 372
f 624 372 626
f 626 372 371
f 626 371 628
f 628 371 370
f 628 370 630
f 1245 1185 711
f 711 1185 1187
f 711 1187 709
f 709 1187 1189
f 709 1189 751
f 751 1189 1191
f 751 1191 1193
f 751 1193 749
f 749 1193 1195
f 749 1195 747
f 747 1195 1197
f 747 1197 745
f 745 1197 1199
f 745 1199 1201
f 745 1201 743
f 743 1201 1203
f 743 1203 741
f 741 1203 1205
f 741 1205 1207
f 741 1207 739
f 739 1207 1209
f 739 1209 737
f 737 1209 1211
f 737 1211 735
f 735 1211 1213
f 735 1213 1215
f 735 1215 733
f 733 1215 1217
f 733 1217 731
f 731 1217 1219
f 731 1219 1221
f 731 1221 729
f 729 1221 1223
f 729 1223 727
f 727 1223 1225
f 727 1225 725
f 725 1225 1227
f 725 1227 1229
f 725 1229 723
f 723 1229 1231
f 723 1231 721
f 721 1231 1233
f 721 1233 1235
f 721 1235 719
f 719 1235 1237
f 719 1237 717
f 717 1237 1239
f 717 1239 715
f 715 1239 1241
f 715 1241 1243
f 715 1243 713
f 713 1243 1245
f 713 1245 711
f 1182 1122 667
f 667 1122 1124
f 667 1124 665
f 665 1124 1126
f 665 1126 707
f 707 1126 1128
f 707 1128 1130
f 707 1130 705
f 705 1130 1132
f 705 1132 703
f 703 1132 1134
f 703 1134 701
f 701 1134 1136
f 701 1136 1138
f 701 1138 699
f 699 1138 1140
f 699 1140 697
f 697 1140 1142
f 697 1142 1144
f 697 1144 695
f 695 1144 1146
f 695 1146 693
f 693 1146 1148
f 693 1148 691
f 691 1148 1150
f 691 1150 1152
f 691 1152 689
f 689 1152 1154
f 689 1154 687
f 687 1154 1156
f 687 1156 1158
f 687 1158 685
f 685 1158 1160
f 685 1160 683
f 683 1160 1162
f 683 1162 681
f 681 1162 1164
f 681 1164 1166
f 681 1166 679
f 679 1166 1168
f 679 1168 677
f 677 1168 1170
f 677 1170 1172
f 677 1172 675
f 675 1172 1174
f 675 1174 673
f 673 1174 1176
f 673 1176 671
f 671 1176 1178
f 671 1178 1180
f 671 1180 669
f 669 1180 1182
f 669 1182 667
f 1119 1059 623
f 623 1059 1061
f 623 1061 621
f 621 1061 1063
f 621 1063 663
f 663 1063 1065
f 663 1065 1067
f 663 1067 661
f 661 1067 1069
f 661 1069 659
f 659 1069 1071
f 659 1071 657
f 657 1071 1073
f 657 1073 1075
f 657 1075 655
f 655 1075 1077
f 655 1077 653
f 653 1077 1079
f 653 1079 1081
f 653 1081 651
f 651 1081 1083
f 651 1083 649
f 649 1083 1085
f 649 1085 647
f 647 1085 1087
f 647 1087 1089
f 647 1089 645
f 645 1089 1091
f 645 1091 643
f 643 1091 1093
f 643 1093 1095
f 643 1095 641
f 641 1095 1097
f 641 1097 639
f 639 1097 1099
f 639 1099 637
f 637 1099 1101
f 637 1101 1103
f 637 1103 635
f 635 1103 1105
f 635 1105 633
f 633 1105 1107
f 633 1107 1109
f 633 1109 631
f 631 1109 1111
f 631 1111 629
f 629 1111 1113
f 629 1113 627
f 627 1113 1115
f 627 1115 1117
f 627 1117 625
f 625 1117 1119
f 625 1119 623
f 1415 1445 1416
f 1416 1445 1641
f 1416 1641 1417
f 1417 1641 1642
f 1417 1642 1418
f 1418 1642 1643
f 1418 1643 1419
f 1419 1643 1644
f 1419 1644 1420
f 1420 1644 1645
f 1420 1645 1421
f 1421 1645 1646
f 1421 1646 1422
f 1422 1646 1639
f 1423 1640 1424
f 1424 1640 1647
f 1424 1647 1425
f 1425 1647 1648
f 1425 1648 1426
f 1426 1648 1649
f 1426 1649 1427
f 1427 1649 1650
f 1427 1650 1428
f 1428 1650 1651
f 1428 1651 1429
f 1429 1651 1652
f 1429 1652 1430
f 1430 1652 1452
f 1629 1653 1630
f 1630 1653 1654
f 1630 1654 1655
f 1655 1654 1656
f 1656 1654 1657
f 1656 1657 1658
f 1658 1657 1659
f 1658 1659 1660
f 1660 1659 1661
f 1660 1661 1662
f 1662 1661 1663
f 1662 1663 1664
f 1664 1663 1665
f 1664 1665 1573
f 1573 1665 1526
f 1526 1665 1666
f 1526 1666 1667
f 1667 1666 1668
f 1667 1668 1669
f 1669 1668 1670
f 1670 1668 1671
f 1670 1671 1672
f 1672 1671 1673
f 1672 1673 1674
f 1674 1673 1675
f 1674 1675 1676
f 1676 1675 1677
f 1676 1677 1629
f 1629 1677 1653
f 1669 1678 1667
f 1667 1678 1507
f 1667 1507 1526
f 1657 1654 1653
f 1653 1677 1679
f 1679 1677 1675
f 1679 1675 1680
f 1680 1675 1673
f 1680 1673 1681
f 1681 1673 1671
f 1681 1671 1682
f 1682 1671 1668
f 1682 1668 1666
f 1659 1657 1679
f 1679 1657 1653
f 1659 1679 1680
f 1661 1659 1680
f 1661 1680 1681
f 1663 1661 1681
f 1663 1681 1682
f 1665 1663 1682
f 1665 1682 1666
f 1389 1451 1683
f 1683 1451 1684
f 1683 1684 1685
f 1683 1685 1686
f 1686 1685 1687
f 1686 1687 1688
f 1688 1687 1689
f 1688 1689 1690
f 1690 1689 1691
f 1690 1691 1692
f 1692 1691 1693
f 1692 1693 1694
f 1694 1695 1692
f 1692 1695 1696
f 1692 1696 1690
f 1690 1696 1697
f 1690 1697 1688
f 1688 1697 1698
f 1688 1698 1686
f 1686 1698 1699
f 1686 1699 1683
f 1683 1699 1700
f 1683 1700 1389
f 1695 1701 1696
f 1696 1701 1702
f 1696 1702 1703
f 1696 1703 1704
f 1704 1703 1705
f 1704 1705 1706
f 1706 1707 1704
f 1704 1707 1708
f 1704 1708 1709
f 1709 1710 1704
f 1704 1710 1711
f 1711 1710 1712
f 1711 1712 1713
f 1713 1714 1711
f 1711 1714 1715
f 1711 1715 1716
f 1711 1716 1717
f 1717 1716 1718
f 1717 1718 1080
f 1080 1718 1719
f 1080 1719 1082
f 1082 1719 1084
f 1084 1719 1720
f 1084 1720 1086
f 1086 1720 1088
f 1088 1720 1090
f 1090 1720 1721
f 1090 1721 1092
f 1092 1721 1094
f 1094 1721 1722
f 1094 1722 1096
f 1096 1722 1723
f 1096 1723 1098
f 1098 1723 1100
f 1100 1723 1724
f 1100 1724 1102
f 1102 1724 1104
f 1104 1724 1106
f 1106 1724 1725
f 1106 1725 1108
f 1108 1725 1110
f 1110 1725 1726
f 1110 1726 1112
f 1112 1726 1727
f 1112 1727 1114
f 1114 1727 1116
f 1116 1727 1728
f 1116 1728 1118
f 1118 1728 1057
f 1057 1728 1058
f 1058 1728 1060
f 1060 1728 1729
f 1060 1729 1062
f 1062 1729 1064
f 1064 1729 1066
f 1066 1729 1730
f 1066 1730 1068
f 1068 1730 1070
f 1070 1730 1072
f 1072 1730 1074
f 1074 1730 1076
f 1076 1730 1717
f 1076 1717 1078
f 1078 1717 1080
f 1726 1731 1727
f 1727 1731 1732
f 1732 1731 1733
f 1732 1733 1734
f 1734 1735 1732
f 1732 1735 1736
f 1732 1736 1737
f 1732 1737 1738
f 1738 1737 1739
f 1738 1739 1740
f 1740 1741 1738
f 1738 1741 1742
f 1738 1742 1743
f 1738 1743 1744
f 1744 1743 1745
f 1744 1745 1746
f 1746 1747 1744
f 1744 1747 1748
f 1744 1748 1749
f 1744 1749 1750
f 1750 1749 1751
f 1750 1751 1752
f 1750 1752 1753
f 1753 1752 1754
f 1753 1754 1755
f 1755 1754 1756
f 1755 1756 1757
f 1757 1756 1758
f 1757 1758 1759
f 1759 1758 1760
f 1759 1760 1312
f 1312 1760 1472
f 1312 1761 1759
f 1759 1761 1757
f 1761 1762 1757
f 1757 1762 1755
f 1762 1763 1755
f 1755 1763 1753
f 1763 1764 1753
f 1753 1764 1750
f 1764 1744 1750
f 1345 1347 1765
f 1765 1347 1766
f 1765 1766 1767
f 1765 1767 1768
f 1768 1767 1769
f 1768 1769 1770
f 1770 1769 1771
f 1770 1771 1772
f 1770 1772 1773
f 1773 1772 1774
f 1773 1774 1775
f 1775 1776 1773
f 1773 1776 1777
f 1773 1777 1778
f 1778 1779 1773
f 1773 1779 1780
f 1773 1780 1781
f 1781 1780 1782
f 1781 1782 1783
f 1783 1782 1784
f 1783 1784 1785
f 1785 1784 1184
f 1785 1184 1183
f 1779 1786 1780
f 1780 1786 1787
f 1780 1787 1788
f 1780 1788 1789
f 1789 1788 1790
f 1789 1790 1791
f 1791 1792 1789
f 1789 1792 1793
f 1789 1793 1794
f 1789 1794 1795
f 1795 1794 1796
f 1795 1796 1797
f 1795 1797 1798
f 1798 1797 1799
f 1798 1799 1800
f 1800 1799 1801
f 1800 1801 1354
f 1354 1355 1800
f 1800 1355 1802
f 1800 1802 1803
f 1803 1802 1804
f 1803 1804 1805
f 1805 1804 1806
f 1805 1806 1807
f 1807 1806 1808
f 1807 1808 1809
f 1809 1808 1810
f 1809 1810 1811
f 1811 1810 1812
f 1811 1812 1813
f 1813 1812 1814
f 1813 1814 1815
f 1815 1814 1816
f 1815 1816 1817
f 1817 1816 1385
f 1817 1385 1387
f 1355 1357 1802
f 1802 1357 1818
f 1802 1818 1804
f 1804 1818 1819
f 1804 1819 1806
f 1806 1819 1820
f 1806 1820 1808
f 1808 1820 1821
f 1808 1821 1810
f 1810 1821 1822
f 1810 1822 1812
f 1812 1822 1823
f 1812 1823 1814
f 1814 1823 1824
f 1814 1824 1816
f 1816 1824 1383
f 1816 1383 1385
f 1357 1359 1818
f 1818 1359 1825
f 1818 1825 1819
f 1819 1825 1363
f 1819 1363 1826
f 1826 1363 1365
f 1826 1365 1827
f 1827 1365 1367
f 1827 1367 1828
f 1828 1367 1829
f 1828 1829 1830
f 1830 1829 1371
f 1830 1371 1831
f 1831 1371 1373
f 1831 1373 1832
f 1832 1373 1375
f 1832 1375 1377
f 1359 1361 1825
f 1825 1361 1363
f 1367 1369 1829
f 1829 1369 1371
f 1379 1833 1377
f 1377 1833 1823
f 1377 1823 1832
f 1832 1823 1822
f 1832 1822 1830
f 1830 1822 1821
f 1830 1821 1828
f 1828 1821 1820
f 1828 1820 1826
f 1826 1820 1819
f 1833 1379 1824
f 1824 1379 1381
f 1824 1381 1383
f 1389 1700 1387
f 1387 1700 1817
f 1817 1700 1834
f 1834 1700 1699
f 1834 1699 1835
f 1835 1699 1698
f 1835 1698 1836
f 1836 1698 1697
f 1836 1697 1837
f 1837 1697 1696
f 1837 1696 1212
f 1212 1696 1704
f 1212 1704 1214
f 1214 1704 1216
f 1216 1704 1218
f 1218 1704 1711
f 1218 1711 1220
f 1220 1711 1222
f 1222 1711 1224
f 1224 1711 1717
f 1224 1717 1226
f 1226 1717 1228
f 1228 1717 1230
f 1230 1717 1730
f 1230 1730 1232
f 1232 1730 1838
f 1232 1838 1234
f 1234 1838 1236
f 1236 1838 1839
f 1236 1839 1840
f 1840 1839 1841
f 1840 1841 1842
f 1842 1841 1843
f 1842 1843 1844
f 1844 1843 1845
f 1844 1845 1846
f 1846 1845 1847
f 1846 1847 1848
f 1848 1847 1849
f 1848 1849 1850
f 1850 1849 1851
f 1850 1851 1852
f 1852 1851 1853
f 1852 1853 1335
f 1335 1853 1333
f 1333 1853 1854
f 1333 1854 1855
f 1855 1854 1856
f 1855 1856 1857
f 1857 1856 1858
f 1857 1858 1859
f 1859 1858 1860
f 1859 1860 1861
f 1861 1860 1862
f 1861 1862 1863
f 1863 1862 1864
f 1863 1864 1865
f 1865 1864 1866
f 1865 1866 1867
f 1867 1866 1764
f 1867 1764 1763
f 1729 1868 1730
f 1730 1868 1839
f 1730 1839 1838
f 1868 1729 1869
f 1869 1729 1728
f 1869 1728 1149
f 1149 1728 1727
f 1149 1727 1151
f 1151 1727 1153
f 1153 1727 1155
f 1155 1727 1732
f 1155 1732 1157
f 1157 1732 1159
f 1159 1732 1161
f 1161 1732 1738
f 1161 1738 1163
f 1163 1738 1165
f 1165 1738 1744
f 1165 1744 1167
f 1167 1744 1169
f 1169 1744 1870
f 1169 1870 1171
f 1171 1870 1173
f 1173 1870 1871
f 1173 1871 1872
f 1872 1871 1864
f 1872 1864 1862
f 1764 1866 1744
f 1744 1866 1871
f 1744 1871 1870
f 1867 1763 1873
f 1873 1763 1762
f 1873 1762 1874
f 1874 1762 1761
f 1874 1761 1313
f 1313 1761 1312
f 1313 1315 1874
f 1874 1315 1875
f 1874 1875 1873
f 1873 1875 1876
f 1873 1876 1867
f 1867 1876 1865
f 1315 1317 1875
f 1875 1317 1877
f 1875 1877 1876
f 1876 1877 1878
f 1876 1878 1865
f 1865 1878 1863
f 1317 1319 1877
f 1877 1319 1321
f 1877 1321 1879
f 1879 1321 1323
f 1879 1323 1880
f 1880 1323 1881
f 1880 1881 1861
f 1861 1881 1859
f 1323 1325 1881
f 1881 1325 1882
f 1881 1882 1859
f 1859 1882 1857
f 1325 1327 1882
f 1882 1327 1329
f 1882 1329 1857
f 1857 1329 1855
f 1329 1331 1855
f 1855 1331 1333
f 1335 1337 1852
f 1852 1337 1883
f 1852 1883 1850
f 1850 1883 1884
f 1850 1884 1848
f 1848 1884 1885
f 1848 1885 1846
f 1846 1885 1886
f 1846 1886 1844
f 1844 1886 1887
f 1844 1887 1842
f 1842 1887 1888
f 1842 1888 1840
f 1840 1888 1240
f 1840 1240 1238
f 1337 1339 1883
f 1883 1339 1889
f 1883 1889 1890
f 1890 1889 1891
f 1890 1891 1892
f 1892 1891 1893
f 1892 1893 1768
f 1768 1893 1765
f 1339 1341 1889
f 1889 1341 1891
f 1341 1343 1891
f 1891 1343 1893
f 1343 1345 1893
f 1893 1345 1765
f 1123 1121 1894
f 1894 1121 1120
f 1894 1120 1895
f 1895 1120 1896
f 1895 1896 1860
f 1860 1896 1862
f 1120 1181 1896
f 1896 1181 1179
f 1896 1179 1872
f 1872 1179 1177
f 1872 1177 1175
f 1175 1173 1872
f 1149 1147 1869
f 1869 1147 1145
f 1869 1145 1143
f 1869 1143 1897
f 1897 1143 1141
f 1897 1141 1139
f 1139 1137 1897
f 1897 1137 1843
f 1897 1843 1841
f 1137 1135 1843
f 1843 1135 1898
f 1843 1898 1845
f 1845 1898 1133
f 1845 1133 1131
f 1135 1133 1898
f 1131 1129 1845
f 1845 1129 1899
f 1845 1899 1847
f 1847 1899 1900
f 1847 1900 1849
f 1849 1900 1901
f 1849 1901 1851
f 1851 1901 1854
f 1851 1854 1853
f 1129 1127 1899
f 1899 1127 1125
f 1899 1125 1894
f 1894 1125 1123
f 1183 1244 1785
f 1785 1244 1888
f 1785 1888 1783
f 1783 1888 1887
f 1783 1887 1781
f 1781 1887 1886
f 1781 1886 1773
f 1773 1886 1885
f 1773 1885 1902
f 1902 1885 1884
f 1902 1884 1890
f 1890 1884 1883
f 1244 1242 1888
f 1888 1242 1240
f 1238 1236 1840
f 1212 1210 1837
f 1837 1210 1208
f 1837 1208 1206
f 1837 1206 1903
f 1903 1206 1204
f 1903 1204 1202
f 1202 1200 1903
f 1903 1200 1904
f 1903 1904 1905
f 1905 1904 1906
f 1905 1906 1907
f 1907 1906 1813
f 1907 1813 1815
f 1200 1198 1904
f 1904 1198 1196
f 1904 1196 1908
f 1908 1196 1909
f 1908 1909 1910
f 1910 1909 1911
f 1910 1911 1912
f 1912 1911 1913
f 1912 1913 1914
f 1914 1913 1795
f 1914 1795 1798
f 1196 1194 1909
f 1909 1194 1192
f 1909 1192 1915
f 1915 1192 1190
f 1915 1190 1188
f 1188 1186 1915
f 1915 1186 1784
f 1915 1784 1916
f 1916 1784 1782
f 1916 1782 1789
f 1789 1782 1780
f 1186 1184 1784
f 1869 1897 1868
f 1868 1897 1841
f 1868 1841 1839
f 1892 1768 1770
f 1892 1770 1902
f 1902 1770 1773
f 1914 1798 1803
f 1803 1798 1800
f 1916 1789 1913
f 1913 1789 1795
f 1912 1914 1805
f 1805 1914 1803
f 1915 1916 1911
f 1911 1916 1913
f 1910 1912 1807
f 1807 1912 1805
f 1909 1915 1911
f 1908 1910 1809
f 1809 1910 1807
f 1827 1828 1826
f 1906 1904 1908
f 1906 1908 1811
f 1811 1908 1809
f 1836 1837 1903
f 1836 1903 1905
f 1813 1906 1811
f 1835 1836 1905
f 1835 1905 1907
f 1831 1832 1830
f 1834 1835 1907
f 1834 1907 1815
f 1833 1824 1823
f 1817 1834 1815
f 1890 1892 1902
f 1866 1864 1871
f 1896 1872 1862
f 1860 1858 1895
f 1895 1858 1917
f 1895 1917 1894
f 1894 1917 1900
f 1894 1900 1899
f 1858 1856 1917
f 1917 1856 1901
f 1917 1901 1900
f 1856 1854 1901
f 1880 1861 1863
f 1880 1863 1878
f 1879 1880 1878
f 1879 1878 1877
f 1918 1919 1920
f 1920 1919 1921
f 1920 1921 1922
f 1922 1921 1923
f 1922 1923 1924
f 1924 1923 1925
f 1925 1923 1926
f 1925 1926 1927
f 1927 1926 1928
f 1927 1928 1929
f 1929 1928 1930
f 1929 1930 1931
f 1931 1930 1932
f 1932 1930 1933
f 1932 1933 1934
f 1934 1933 1935
f 1934 1935 1936
f 1936 1935 1937
f 1937 1935 1938
f 1937 1938 1939
f 1939 1938 1940
f 1940 1938 1941
f 1940 1941 1942
f 1942 1941 1943
f 1943 1941 1944
f 1944 1941 1945
f 1945 1941 1946
f 1945 1946 1947
f 1947 1946 1948
f 1947 1948 1949
f 1949 1948 1950
f 1949 1950 1951
f 1951 1950 1952
f 1951 1952 1953
f 1953 1952 1954
f 1953 1954 1760
f 1760 1954 1472
f 1472 1954 1471
f 1471 1954 1470
f 1470 1954 1955
f 1470 1955 1469
f 1469 1955 1956
f 1469 1956 1468
f 1468 1956 1957
f 1468 1957 1467
f 1467 1957 1958
f 1467 1958 1466
f 1466 1958 1959
f 1466 1959 1960
f 1960 1959 1961
f 1960 1961 1962
f 1962 1961 1963
f 1962 1963 1964
f 1964 1963 1965
f 1964 1965 1966
f 1966 1965 1393
f 1966 1393 1391
f 1918 1967 1919
f 1919 1967 1968
f 1919 1968 1969
f 1969 1968 1970
f 1969 1970 1971
f 1971 1970 1972
f 1971 1972 1973
f 1973 1972 1974
f 1973 1974 1975
f 1975 1974 1976
f 1975 1976 1977
f 1977 1976 1978
f 1977 1978 1979
f 1979 1978 1980
f 1979 1980 1434
f 1434 1980 1435
f 1435 1980 1981
f 1435 1981 1447
f 1447 1981 1982
f 1447 1982 1448
f 1448 1982 1983
f 1448 1983 1449
f 1449 1983 1984
f 1449 1984 1450
f 1450 1984 1451
f 1451 1984 1684
f 1684 1984 1985
f 1684 1985 1685
f 1685 1985 1986
f 1685 1986 1687
f 1687 1986 1987
f 1687 1987 1689
f 1689 1987 1988
f 1689 1988 1691
f 1691 1988 1989
f 1691 1989 1693
f 1968 1990 1970
f 1970 1990 1991
f 1970 1991 1992
f 1992 1993 1970
f 1970 1993 1994
f 1970 1994 1972
f 1972 1994 1995
f 1972 1995 1974
f 1974 1995 1996
f 1974 1996 1976
f 1976 1996 1997
f 1976 1997 1978
f 1978 1997 1998
f 1978 1998 1980
f 1980 1998 1981
f 1994 1999 1995
f 1995 1999 2000
f 1995 2000 2001
f 2001 2000 2002
f 2001 2002 2003
f 2001 2003 2004
f 2004 2003 2005
f 2004 2005 1988
f 1988 2005 1989
f 1979 1434 2006
f 2006 1434 1432
f 2006 1432 2007
f 2007 1432 1436
f 2007 1436 1439
f 2007 1439 2008
f 2008 1439 1442
f 2008 1442 2009
f 2009 1442 2010
f 2009 2010 1413
f 1413 2010 1446
f 1413 1446 1414
f 1442 1446 2010
f 1413 1412 2009
f 2009 1412 2011
f 2009 2011 2012
f 2012 2011 2013
f 2012 2013 2014
f 2014 2013 2015
f 2014 2015 1975
f 1975 2015 1973
f 1412 1411 2011
f 2011 1411 2016
f 2011 2016 2013
f 2013 2016 2017
f 2013 2017 2015
f 2015 2017 2018
f 2015 2018 1973
f 1973 2018 1971
f 1411 1410 2016
f 2016 1410 2019
f 2016 2019 2017
f 2017 2019 2020
f 2017 2020 2018
f 2018 2020 2021
f 2018 2021 1971
f 1971 2021 1969
f 1410 1409 2019
f 2019 1409 2022
f 2019 2022 2020
f 2020 2022 2023
f 2020 2023 2021
f 2021 2023 2024
f 2021 2024 1969
f 1969 2024 1919
f 1409 1408 2022
f 2022 1408 2025
f 2022 2025 2023
f 2023 2025 2026
f 2023 2026 2024
f 2024 2026 2027
f 2024 2027 1919
f 1919 2027 1921
f 1408 1407 2025
f 2025 1407 2028
f 2025 2028 2026
f 2026 2028 2029
f 2026 2029 2027
f 2027 2029 2030
f 2027 2030 1921
f 1921 2030 1923
f 1407 1406 2028
f 2028 1406 2031
f 2028 2031 2029
f 2029 2031 2032
f 2029 2032 2030
f 2030 2032 2033
f 2030 2033 1923
f 1923 2033 1926
f 1406 1405 2031
f 2031 1405 2034
f 2031 2034 2032
f 2032 2034 2035
f 2032 2035 2033
f 2033 2035 2036
f 2033 2036 1926
f 1926 2036 1928
f 1405 1404 2034
f 2034 1404 2037
f 2034 2037 2035
f 2035 2037 2038
f 2035 2038 2036
f 2036 2038 2039
f 2036 2039 1928
f 1928 2039 2040
f 1928 2040 1930
f 1930 2040 2041
f 1930 2041 1933
f 1933 2041 1935
f 1404 1403 2037
f 2037 1403 2042
f 2037 2042 2038
f 2038 2042 2043
f 2038 2043 2039
f 2039 2043 2044
f 2039 2044 2040
f 2040 2044 2045
f 2040 2045 2041
f 2041 2045 2046
f 2041 2046 1935
f 1935 2046 1938
f 1403 1402 2042
f 2042 1402 2047
f 2042 2047 2043
f 2043 2047 2048
f 2043 2048 2044
f 2044 2048 2049
f 2044 2049 2045
f 2045 2049 2050
f 2045 2050 2046
f 2046 2050 2051
f 2046 2051 1938
f 1938 2051 2052
f 1938 2052 1946
f 1946 2052 2053
f 1946 2053 1948
f 1948 2053 2054
f 1948 2054 1950
f 1950 2054 2055
f 1950 2055 1952
f 1952 2055 1955
f 1952 1955 1954
f 2047 1402 2048
f 2048 1402 1401
f 2048 1401 2049
f 2049 1401 1400
f 2049 1400 2056
f 2056 1400 1399
f 2056 1399 2057
f 2057 1399 1398
f 2057 1398 2058
f 2058 1398 1397
f 2058 1397 2059
f 2059 1397 1396
f 2059 1396 2060
f 2060 1396 1395
f 2060 1395 2061
f 2061 1395 1394
f 2061 1394 1965
f 1965 1394 1393
f 1392 1454 1391
f 1391 1454 2062
f 1391 2062 1966
f 1966 2062 1455
f 1966 1455 1964
f 1964 1455 1458
f 1964 1458 1962
f 1962 1458 1461
f 1962 1461 1464
f 1454 1455 2062
f 1962 1464 1960
f 1960 1464 1466
f 1760 1758 1953
f 1953 1758 2063
f 1953 2063 1951
f 1951 2063 2064
f 1951 2064 1949
f 1949 2064 2065
f 1949 2065 1947
f 1947 2065 2066
f 1947 2066 2067
f 1758 1756 2063
f 2063 1756 2068
f 2063 2068 2064
f 2064 2068 2069
f 2064 2069 2065
f 2065 2069 2070
f 2065 2070 2066
f 1756 1754 2068
f 2068 1754 2071
f 2068 2071 2069
f 2069 2071 2072
f 2069 2072 2070
f 1754 1752 2071
f 2071 1752 2073
f 2071 2073 2072
f 1752 1751 2073
f 2067 1945 1947
f 2004 1988 2074
f 2074 1988 1987
f 2074 1987 2075
f 2075 1987 1986
f 2075 1986 2076
f 2076 1986 1985
f 2076 1985 1983
f 1983 1985 1984
f 1996 1995 2001
f 2001 2004 2077
f 2077 2004 2074
f 2077 2074 2078
f 2078 2074 2075
f 2078 2075 2079
f 2079 2075 2076
f 2079 2076 1982
f 1982 2076 1983
f 1997 1996 2077
f 2077 1996 2001
f 1997 2077 2078
f 1998 1997 2078
f 1998 2078 2079
f 2014 1975 1977
f 1981 1998 2079
f 1981 2079 1982
f 2014 1977 2080
f 2080 1977 1979
f 2080 1979 2007
f 2007 1979 2006
f 2014 2080 2012
f 2012 2080 2008
f 2012 2008 2009
f 2008 2080 2007
f 2049 2056 2050
f 2050 2056 2081
f 2050 2081 2051
f 2051 2081 2082
f 2051 2082 2052
f 2052 2082 2083
f 2052 2083 2053
f 2053 2083 2084
f 2053 2084 2054
f 2054 2084 2085
f 2054 2085 2055
f 2055 2085 1956
f 2055 1956 1955
f 2056 2057 2081
f 2081 2057 2086
f 2081 2086 2082
f 2082 2086 2087
f 2082 2087 2083
f 2083 2087 2088
f 2083 2088 2084
f 2084 2088 2089
f 2084 2089 2085
f 2085 2089 1957
f 2085 1957 1956
f 1946 1941 1938
f 2057 2058 2086
f 2086 2058 2090
f 2086 2090 2087
f 2087 2090 2091
f 2087 2091 2088
f 2088 2091 2092
f 2088 2092 2089
f 2089 2092 1958
f 2089 1958 1957
f 2058 2059 2090
f 2090 2059 2093
f 2090 2093 2091
f 2091 2093 2094
f 2091 2094 2092
f 2092 2094 1959
f 2092 1959 1958
f 2059 2060 2093
f 2093 2060 2095
f 2093 2095 2094
f 2094 2095 1961
f 2094 1961 1959
f 2060 2061 2095
f 2095 2061 1963
f 2095 1963 1961
f 1965 1963 2061
f 516 514 575
f 575 514 512
f 575 512 573
f 573 512 572
f 573 572 580
f 580 572 570
f 580 570 582
f 582 570 568
f 582 568 566
f 582 566 584
f 584 566 564
f 584 564 586
f 586 564 562
f 586 562 588
f 588 562 560
f 588 560 590
f 590 560 558
f 590 558 556
f 590 556 592
f 592 556 554
f 592 554 594
f 594 554 552
f 594 552 596
f 596 552 550
f 596 550 548
f 596 548 598
f 598 548 546
f 598 546 600
f 600 546 544
f 600 544 602
f 602 544 542
f 602 542 604
f 604 542 540
f 604 540 538
f 604 538 606
f 606 538 536
f 606 536 608
f 608 536 534
f 608 534 610
f 610 534 532
f 610 532 530
f 610 530 612
f 612 530 528
f 612 528 614
f 614 528 526
f 614 526 616
f 616 526 524
f 616 524 618
f 618 524 522
f 618 522 520
f 618 520 620
f 620 520 518
f 620 518 577
f 577 518 516
f 577 516 575
f 406 404 465
f 465 404 402
f 465 402 463
f 463 402 462
f 463 462 470
f 470 462 460
f 470 460 472
f 472 460 458
f 472 458 456
f 472 456 474
f 474 456 454
f 474 454 476
f 476 454 452
f 476 452 478
f 478 452 450
f 478 450 480
f 480 450 448
f 480 448 446
f 480 446 482
f 482 446 444
f 482 444 484
f 484 444 442
f 484 442 486
f 486 442 440
f 486 440 438
f 486 438 488
f 488 438 436
f 488 436 490
f 490 436 434
f 490 434 492
f 492 434 432
f 492 432 494
f 494 432 430
f 494 430 428
f 494 428 496
f 496 428 426
f 496 426 498
f 498 426 424
f 498 424 500
f 500 424 422
f 500 422 420
f 500 420 502
f 502 420 418
f 502 418 504
f 504 418 416
f 504 416 506
f 506 416 414
f 506 414 508
f 508 414 412
f 508 412 410
f 508 410 510
f 510 410 408
f 510 408 467
f 467 408 406
f 467 406 465
f 1494 2096 1491
f 1491 2096 1516
f 1516 2096 2097
f 1516 2097 1514
f 1514 2097 2098
f 1514 2098 1515
f 1515 2098 2099
f 1515 2099 1519
f 1519 2099 2100
f 1519 2100 1520
f 1520 2100 2101
f 1520 2101 1521
f 1521 2101 1522
f 1522 2101 2102
f 1522 2102 1523
f 1523 2102 2103
f 2103 2104 1523
f 1523 2104 1524
f 1524 2104 2105
f 1524 2105 2106
f 1524 2106 1525
f 1525 2106 2107
f 1525 2107 1526
f 1526 2107 2108
f 1526 2108 2109
f 1526 2109 1577
f 1577 2109 2110
f 1577 2110 2111
f 1577 2111 1578
f 1578 2111 2112
f 1578 2112 1579
f 1579 2112 2113
f 1579 2113 1580
f 1580 2113 2114
f 1580 2114 1581
f 1581 2114 2115
f 1581 2115 1582
f 1582 2115 2116
f 1582 2116 1583
f 1583 2116 2117
f 1583 2117 1584
f 1584 2117 2118
f 1584 2118 1585
f 1585 2118 2119
f 1585 2119 1587
f 1587 2119 2120
f 1587 2120 1474
f 1474 2120 1478
f 290 292 288
f 288 292 330
f 330 292 294
f 330 294 332
f 332 294 296
f 332 296 334
f 334 296 298
f 334 298 336
f 336 298 300
f 336 300 338
f 338 300 302
f 338 302 340
f 340 302 304
f 340 304 342
f 342 304 306
f 342 306 344
f 344 306 308
f 344 308 346
f 346 308 310
f 346 310 348
f 348 310 312
f 348 312 350
f 350 312 314
f 350 314 352
f 352 314 316
f 352 316 354
f 354 316 318
f 354 318 356
f 356 318 320
f 356 320 358
f 358 320 322
f 358 322 360
f 360 322 324
f 360 324 362
f 362 324 326
f 1796 1794 2121
f 2121 1794 2122
f 2122 1794 1793
f 2122 1793 1792
f 2122 1792 2123
f 2123 1792 1791
f 2123 1791 1790
f 2123 1790 2124
f 2124 1790 1788
f 2124 1788 2125
f 2125 1788 1787
f 2125 1787 1786
f 2125 1786 2126
f 2126 1786 1779
f 2126 1779 1778
f 2126 1778 2127
f 2127 1778 1777
f 2127 1777 2128
f 2128 1777 1776
f 2128 1776 1775
f 2128 1775 2129
f 2129 1775 1774
f 2129 1774 1772
f 1771 2130 1772
f 1772 2130 2129
f 1347 1348 1766
f 1766 1348 2130
f 1766 2130 1767
f 1767 2130 1769
f 1769 2130 1771
f 1354 1801 1352
f 1352 1801 2121
f 2121 1801 1799
f 2121 1799 1797
f 1797 1796 2121
f 1348 1350 2130
f 2130 1350 2127
f 2130 2127 2128
f 2127 1350 2126
f 2126 1350 1351
f 2126 1351 2125
f 2125 1351 2124
f 2124 1351 2121
f 2124 2121 2123
f 2123 2121 2122
f 1351 1352 2121
f 2128 2129 2130
f 1310 1465 1568
f 1568 1465 1573
f 1573 1465 1664
f 1664 1465 1463
f 1664 1463 1662
f 1662 1463 1462
f 1662 1462 1660
f 1660 1462 1460
f 1660 1460 1658
f 1658 1460 1459
f 1658 1459 1656
f 1656 1459 1457
f 1656 1457 1655
f 1655 1457 1456
f 1655 1456 1630
f 1630 1456 1453
f 1310 1568 1311
f 1311 1568 1567
f 1311 1567 1314
f 1314 1567 1566
f 1314 1566 1316
f 1316 1566 1565
f 1316 1565 1318
f 1318 1565 1564
f 1318 1564 1320
f 1320 1564 1563
f 1320 1563 1322
f 1322 1563 1562
f 1322 1562 1324
f 1324 1562 1561
f 1324 1561 1326
f 1326 1561 1560
f 1326 1560 1328
f 1328 1560 1559
f 1328 1559 1330
f 1330 1559 1558
f 1330 1558 1332
f 1332 1558 1557
f 1332 1557 1334
f 1334 1557 1556
f 1334 1556 1336
f 1336 1556 1555
f 1336 1555 1338
f 1338 1555 1554
f 1338 1554 1340
f 1340 1554 1553
f 1340 1553 1342
f 1342 1553 1552
f 1342 1552 1344
f 1344 1552 1551
f 1344 1551 1346
f 1346 1551 1550
f 1346 1550 1349
f 1349 1550 1549
f 1349 1549 1353
f 1353 1549 1548
f 1353 1548 1356
f 1356 1548 1547
f 1356 1547 1358
f 1358 1547 1546
f 1358 1546 1360
f 1360 1546 1545
f 1360 1545 1362
f 1362 1545 1544
f 1362 1544 1364
f 1364 1544 1543
f 1364 1543 1366
f 1366 1543 1542
f 1366 1542 1368
f 1368 1542 1541
f 1368 1541 1370
f 1370 1541 1540
f 1370 1540 1372
f 1372 1540 1539
f 1372 1539 1374
f 1374 1539 1538
f 1374 1538 1376
f 1376 1538 1537
f 1376 1537 1378
f 1378 1537 1536
f 1378 1536 1380
f 1380 1536 1535
f 1380 1535 1382
f 1382 1535 1534
f 1382 1534 1384
f 1384 1534 1533
f 1384 1533 1386
f 1386 1533 1532
f 1386 1532 1388
f 1388 1532 1527
f 1388 1527 1390
f 1453 1452 1630
f 1630 1452 1631
f 1527 1507 1390
f 1390 1507 1433
f 1631 1452 1632
f 1632 1452 1652
f 1632 1652 1633
f 1633 1652 1651
f 1633 1651 1634
f 1634 1651 1650
f 1634 1650 1635
f 1635 1650 1649
f 1635 1649 1636
f 1636 1649 1648
f 1636 1648 1637
f 1637 1648 1647
f 1637 1647 1638
f 1638 1647 1640
f 1433 1507 1431
f 1431 1507 1678
f 1431 1678 1437
f 1437 1678 1669
f 1437 1669 1438
f 1438 1669 1670
f 1438 1670 1440
f 1440 1670 1672
f 1440 1672 1441
f 1441 1672 1674
f 1441 1674 1443
f 1443 1674 1676
f 1443 1676 1444
f 1444 1676 1629
f 1640 1639 1638
f 1638 1639 1622
f 1629 1628 1444
f 1444 1628 1445
f 1622 1639 1621
f 1621 1639 1646
f 1621 1646 1623
f 1623 1646 1645
f 1623 1645 1624
f 1624 1645 1644
f 1624 1644 1625
f 1625 1644 1643
f 1625 1643 1626
f 1626 1643 1642
f 1626 1642 1627
f 1627 1642 1641
f 1627 1641 1628
f 1628 1641 1445
f 1918 1920 2131
f 2131 1920 2132
f 2131 2132 2133
f 2133 2132 2134
f 2133 2134 2135
f 2135 2134 2136
f 2135 2136 2137
f 2137 2136 2138
f 2137 2138 2139
f 2139 2138 2140
f 2139 2140 2141
f 2141 2140 2099
f 2141 2099 2142
f 2142 2099 2098
f 2142 2098 2143
f 2143 2098 2144
f 2143 2144 2145
f 2145 2144 2146
f 2145 2146 2147
f 2147 2146 2148
f 2147 2148 2149
f 2149 2148 2150
f 2149 2150 2151
f 2151 2150 2152
f 2151 2152 2153
f 2153 2152 2154
f 2153 2154 1993
f 1993 2154 1994
f 1994 2154 1999
f 1999 2154 2155
f 1999 2155 2156
f 2156 2155 2157
f 2156 2157 2158
f 2158 2157 2159
f 2158 2159 2160
f 2160 2159 2161
f 2160 2161 2162
f 2162 2161 2163
f 2162 2163 2164
f 2164 2163 2148
f 2164 2148 2146
f 2132 2165 2134
f 2134 2165 2166
f 2134 2166 2136
f 2136 2166 2167
f 2136 2167 2138
f 2138 2167 2168
f 2138 2168 2140
f 2140 2168 2100
f 2140 2100 2099
f 2166 2165 2169
f 2169 2165 2170
f 2169 2170 2171
f 2171 2170 2103
f 2171 2103 2102
f 2102 2101 2171
f 2171 2101 2172
f 2171 2172 2169
f 2169 2172 2167
f 2169 2167 2166
f 2101 2100 2172
f 2172 2100 2168
f 2172 2168 2167
f 2098 2097 2144
f 2144 2097 2096
f 2144 2096 2173
f 2173 2096 1494
f 2173 1494 2174
f 2174 1494 2175
f 2174 2175 2162
f 2162 2175 2160
f 2158 2002 2156
f 2156 2002 2000
f 2156 2000 1999
f 1993 1992 2153
f 2153 1992 2176
f 2153 2176 2151
f 2151 2176 2177
f 2151 2177 2149
f 2149 2177 2178
f 2149 2178 2147
f 2147 2178 2179
f 2147 2179 2145
f 2145 2179 2180
f 2145 2180 2143
f 2143 2180 2142
f 1992 1991 2176
f 2176 1991 2181
f 2176 2181 2177
f 2177 2181 2182
f 2177 2182 2178
f 2178 2182 2183
f 2178 2183 2179
f 2179 2183 2184
f 2179 2184 2180
f 2180 2184 2185
f 2180 2185 2142
f 2142 2185 2141
f 1991 1990 2181
f 2181 1990 2186
f 2181 2186 2182
f 2182 2186 2187
f 2182 2187 2183
f 2183 2187 2188
f 2183 2188 2184
f 2184 2188 2189
f 2184 2189 2185
f 2185 2189 2139
f 2185 2139 2141
f 1990 1968 2186
f 2186 1968 2190
f 2186 2190 2187
f 2187 2190 2191
f 2187 2191 2188
f 2188 2191 2192
f 2188 2192 2189
f 2189 2192 2137
f 2189 2137 2139
f 1968 1967 2190
f 2190 1967 2193
f 2190 2193 2191
f 2191 2193 2194
f 2191 2194 2192
f 2192 2194 2135
f 2192 2135 2137
f 1967 1918 2193
f 2193 1918 2131
f 2193 2131 2194
f 2194 2131 2133
f 2194 2133 2135
f 2155 2154 2195
f 2195 2154 2152
f 2195 2152 2196
f 2196 2152 2150
f 2196 2150 2163
f 2163 2150 2148
f 2196 2159 2195
f 2195 2159 2157
f 2195 2157 2155
f 2163 2161 2196
f 2196 2161 2159
f 2174 2162 2164
f 2144 2173 2146
f 2146 2173 2164
f 2173 2174 2164
f 2002 2158 2003
f 2003 2158 2197
f 2003 2197 2005
f 2005 2197 2198
f 2005 2198 1989
f 1989 2198 2199
f 1989 2199 1693
f 1693 2199 2200
f 2200 2199 2201
f 2200 2201 2202
f 2202 2201 2203
f 2202 2203 2204
f 2204 2203 1503
f 2204 1503 1504
f 2158 2160 2197
f 2197 2160 2205
f 2197 2205 2198
f 2198 2205 2206
f 2198 2206 2199
f 2199 2206 2201
f 2160 2175 2205
f 2205 2175 2207
f 2205 2207 2206
f 2206 2207 2208
f 2206 2208 2201
f 2201 2208 2203
f 2175 1494 2207
f 2207 1494 1501
f 2207 1501 2208
f 2208 1501 1502
f 2208 1502 2203
f 2203 1502 1503
f 2104 2103 2209
f 2209 2103 2170
f 2209 2170 2210
f 2210 2170 2165
f 2210 2165 2211
f 2211 2165 2212
f 2211 2212 2213
f 2213 2212 2214
f 2213 2214 2215
f 2215 2214 1925
f 2215 1925 2216
f 2216 1925 1927
f 2216 1927 2217
f 2217 1927 2218
f 2217 2218 2219
f 2219 2218 2220
f 2219 2220 2221
f 2221 2220 2222
f 2221 2222 2223
f 2223 2222 2224
f 2223 2224 2225
f 2225 2224 2226
f 2225 2226 2108
f 2108 2226 2227
f 2108 2227 2109
f 2109 2227 2228
f 2109 2228 2110
f 2110 2228 2111
f 2111 2228 2229
f 2111 2229 2112
f 2112 2229 2113
f 2113 2229 2230
f 2230 2229 2231
f 2230 2231 2232
f 2232 2231 2233
f 2232 2233 2234
f 2234 2233 2235
f 2234 2235 2236
f 2236 2235 2237
f 2236 2237 2238
f 2238 2237 2222
f 2238 2222 2220
f 2165 2132 2212
f 2212 2132 2239
f 2212 2239 2214
f 2214 2239 1924
f 2214 1924 1925
f 2132 1920 2239
f 2239 1920 1922
f 2239 1922 1924
f 1927 1929 2218
f 2218 1929 2240
f 2218 2240 2220
f 2220 2240 2238
f 1929 1931 2240
f 2240 1931 2241
f 2240 2241 2238
f 2238 2241 2236
f 1931 1932 2241
f 2241 1932 2242
f 2241 2242 2236
f 2236 2242 2234
f 1932 1934 2242
f 2242 1934 2243
f 2242 2243 2234
f 2234 2243 2232
f 2108 2107 2225
f 2225 2107 2244
f 2225 2244 2223
f 2223 2244 2245
f 2223 2245 2221
f 2221 2245 2246
f 2221 2246 2219
f 2219 2246 2247
f 2219 2247 2217
f 2217 2247 2216
f 2244 2107 2248
f 2248 2107 2106
f 2248 2106 2249
f 2249 2106 2105
f 2249 2105 2104
f 2249 2104 2209
f 2249 2209 2250
f 2250 2209 2210
f 2250 2210 2251
f 2251 2210 2211
f 2251 2211 2213
f 2245 2244 2248
f 2248 2249 2252
f 2252 2249 2250
f 2252 2250 2253
f 2253 2250 2251
f 2253 2251 2254
f 2254 2251 2213
f 2254 2213 2215
f 2227 2226 2255
f 2255 2226 2224
f 2255 2224 2237
f 2237 2224 2222
f 2231 2229 2228
f 2228 2227 2256
f 2256 2227 2255
f 2256 2255 2235
f 2235 2255 2237
f 2246 2245 2252
f 2252 2245 2248
f 2246 2252 2253
f 2233 2231 2256
f 2256 2231 2228
f 2233 2256 2235
f 2246 2253 2247
f 2247 2253 2254
f 2247 2254 2216
f 2216 2254 2215
f 2200 2257 1693
f 1693 2257 2258
f 1693 2258 2259
f 2259 2258 2260
f 2259 2260 2261
f 2261 2260 2262
f 2261 2262 2263
f 2263 2262 1263
f 1263 2262 2264
f 1263 2264 2265
f 2265 2264 2266
f 2265 2266 2267
f 2267 2266 2257
f 2267 2257 2200
f 2200 2202 2267
f 2267 2202 2268
f 2267 2268 2265
f 2265 2268 1504
f 2265 1504 1263
f 2202 2204 2268
f 2268 2204 1504
f 2263 2269 2261
f 2261 2269 2270
f 2261 2270 2259
f 2259 2270 1694
f 2259 1694 1693
f 2269 2271 2270
f 2270 2271 1694
f 2260 2258 2266
f 2266 2258 2257
f 2262 2260 2264
f 2264 2260 2266
f 2230 2272 2113
f 2113 2272 2273
f 2113 2273 2114
f 2114 2273 2274
f 2114 2274 2275
f 2275 2274 2276
f 2275 2276 2277
f 2277 2276 2278
f 2277 2278 2279
f 2279 2278 2280
f 2279 2280 2281
f 2281 2280 2282
f 2281 2282 2283
f 2283 2282 2284
f 2283 2284 2285
f 2285 2284 1943
f 2285 1943 1944
f 2272 2230 2286
f 2286 2230 2232
f 2286 2232 2287
f 2287 2232 2288
f 2287 2288 2289
f 2289 2288 2290
f 2289 2290 2291
f 2291 2290 2292
f 2291 2292 2293
f 2293 2292 1937
f 2293 1937 1939
f 2232 2243 2288
f 2288 2243 2294
f 2288 2294 2290
f 2290 2294 2295
f 2290 2295 2292
f 2292 2295 1936
f 2292 1936 1937
f 2294 2243 2296
f 2296 2243 1934
f 2296 1934 1936
f 2293 1939 2297
f 2297 1939 1940
f 2297 1940 2298
f 2298 1940 1942
f 2298 1942 2299
f 2299 1942 2284
f 2299 2284 2282
f 1942 1943 2284
f 1944 1945 2285
f 2285 1945 2300
f 2285 2300 2301
f 2301 2300 2302
f 2301 2302 2303
f 2303 2302 2304
f 2303 2304 2305
f 2305 2304 2306
f 2305 2306 2307
f 2307 2306 2308
f 2307 2308 2309
f 2309 2308 2310
f 2309 2310 2118
f 2118 2310 2119
f 2119 2310 2311
f 2119 2311 2120
f 2120 2311 1478
f 1478 2311 2312
f 2312 2311 2313
f 2312 2313 2314
f 2314 2313 2315
f 2314 2315 2316
f 2316 2315 2306
f 2316 2306 2304
f 2300 1945 2317
f 2317 1945 2067
f 2317 2067 2066
f 2066 2318 2317
f 2317 2318 2319
f 2317 2319 2302
f 2302 2319 2304
f 2319 2318 2316
f 2316 2318 2314
f 2118 2117 2309
f 2309 2117 2320
f 2309 2320 2307
f 2307 2320 2321
f 2307 2321 2305
f 2305 2321 2322
f 2305 2322 2303
f 2303 2322 2323
f 2303 2323 2301
f 2301 2323 2283
f 2301 2283 2285
f 2117 2116 2320
f 2320 2116 2324
f 2320 2324 2321
f 2321 2324 2325
f 2321 2325 2322
f 2322 2325 2326
f 2322 2326 2323
f 2323 2326 2281
f 2323 2281 2283
f 2324 2116 2327
f 2327 2116 2115
f 2327 2115 2328
f 2328 2115 2275
f 2328 2275 2277
f 2115 2114 2275
f 2273 2272 2329
f 2329 2272 2286
f 2329 2286 2330
f 2330 2286 2287
f 2330 2287 2289
f 2274 2273 2331
f 2331 2273 2329
f 2331 2329 2332
f 2332 2329 2330
f 2332 2330 2333
f 2333 2330 2289
f 2333 2289 2291
f 2325 2324 2327
f 2327 2328 2334
f 2334 2328 2277
f 2334 2277 2279
f 2313 2311 2310
f 2313 2310 2308
f 2274 2331 2276
f 2276 2331 2335
f 2276 2335 2278
f 2278 2335 2336
f 2278 2336 2280
f 2280 2336 2337
f 2280 2337 2282
f 2282 2337 2299
f 2335 2331 2332
f 2326 2325 2334
f 2334 2325 2327
f 2326 2334 2279
f 2315 2313 2308
f 2315 2308 2306
f 2335 2332 2338
f 2338 2332 2333
f 2338 2333 2339
f 2339 2333 2291
f 2339 2291 2293
f 2335 2338 2336
f 2336 2338 2340
f 2336 2340 2337
f 2337 2340 2298
f 2337 2298 2299
f 2340 2338 2339
f 2326 2279 2281
f 2319 2316 2304
f 2293 2297 2339
f 2339 2297 2340
f 2297 2298 2340
f 2317 2302 2300
f 2296 1936 2295
f 2294 2296 2295
f 1695 1694 2341
f 2341 1694 2271
f 2341 2271 2342
f 2342 2271 2269
f 2342 2269 2343
f 2343 2269 2263
f 2343 2263 2344
f 2344 2263 1265
f 2344 1265 1267
f 2263 1263 1265
f 1268 2345 1267
f 1267 2345 2346
f 1267 2346 2344
f 2344 2346 2343
f 1268 1270 2345
f 2345 1270 2347
f 2345 2347 2348
f 2348 2347 2349
f 2348 2349 2350
f 2350 2349 2351
f 2350 2351 2352
f 2352 2351 2353
f 2352 2353 1702
f 1702 2353 1703
f 1703 2353 2354
f 1703 2354 1705
f 1705 2354 2355
f 1705 2355 1706
f 1706 2355 2356
f 1706 2356 1707
f 1707 2356 2357
f 1707 2357 1708
f 1708 2357 1709
f 1709 2357 2358
f 1709 2358 1710
f 1710 2358 2359
f 1710 2359 1712
f 1712 2359 2360
f 1712 2360 1713
f 1713 2360 2361
f 1713 2361 1714
f 1714 2361 2362
f 1714 2362 2363
f 2363 2362 2364
f 2363 2364 2365
f 2365 2364 2366
f 2365 2366 2367
f 2367 2366 2368
f 2368 2366 2369
f 2368 2369 1246
f 1246 2369 1284
f 1284 2369 2370
f 1284 2370 2371
f 2371 2370 2372
f 2371 2372 2373
f 2373 2372 2374
f 2373 2374 2375
f 2375 2374 2360
f 2375 2360 2359
f 2347 1270 2376
f 2376 1270 1272
f 2376 1272 2377
f 2377 1272 2378
f 2377 2378 2379
f 2379 2378 2380
f 2379 2380 2381
f 2381 2380 2382
f 2381 2382 2355
f 2355 2382 2356
f 1272 1274 2378
f 2378 1274 1275
f 2378 1275 2383
f 2383 1275 1277
f 2383 1277 2384
f 2384 1277 1278
f 2384 1278 2385
f 2385 1278 2386
f 2385 2386 2387
f 2387 2386 2388
f 2387 2388 2389
f 2389 2388 2375
f 2389 2375 2359
f 1278 1280 2386
f 2386 1280 1281
f 2386 1281 2390
f 2390 1281 1283
f 2390 1283 2371
f 2371 1283 1284
f 2367 2391 2365
f 2365 2391 2392
f 2365 2392 2363
f 2363 2392 1715
f 2363 1715 1714
f 2391 1718 2392
f 2392 1718 1716
f 2392 1716 1715
f 1702 1701 2352
f 2352 1701 2393
f 2352 2393 2350
f 2350 2393 2394
f 2350 2394 2348
f 2348 2394 2395
f 2348 2395 2345
f 2345 2395 2346
f 1701 1695 2393
f 2393 1695 2341
f 2393 2341 2394
f 2394 2341 2342
f 2394 2342 2395
f 2395 2342 2343
f 2395 2343 2346
f 2381 2355 2354
f 2354 2353 2396
f 2396 2353 2351
f 2396 2351 2397
f 2397 2351 2349
f 2397 2349 2376
f 2376 2349 2347
f 2357 2356 2398
f 2398 2356 2382
f 2398 2382 2399
f 2399 2382 2380
f 2399 2380 2383
f 2383 2380 2378
f 2389 2359 2358
f 2358 2357 2400
f 2400 2357 2398
f 2400 2398 2401
f 2401 2398 2399
f 2401 2399 2384
f 2384 2399 2383
f 2360 2374 2361
f 2361 2374 2402
f 2361 2402 2362
f 2362 2402 2364
f 2379 2381 2396
f 2396 2381 2354
f 2379 2396 2397
f 2387 2389 2400
f 2400 2389 2358
f 2387 2400 2401
f 2373 2375 2388
f 2374 2372 2402
f 2402 2372 2403
f 2402 2403 2364
f 2364 2403 2366
f 2379 2397 2377
f 2377 2397 2376
f 2387 2401 2385
f 2385 2401 2384
f 2373 2388 2390
f 2390 2388 2386
f 2390 2371 2373
f 2403 2372 2370
f 2366 2403 2369
f 2369 2403 2370
f 1478 2312 1485
f 1485 2312 2404
f 1485 2404 1486
f 1486 2404 2405
f 1486 2405 1487
f 1487 2405 2406
f 1487 2406 1488
f 1488 2406 2407
f 2407 2406 2408
f 2407 2408 2409
f 2409 2408 2410
f 2409 2410 2411
f 2411 2410 2073
f 2411 2073 1751
f 2312 2314 2404
f 2404 2314 2412
f 2404 2412 2405
f 2405 2412 2413
f 2405 2413 2406
f 2406 2413 2408
f 2314 2318 2412
f 2412 2318 2414
f 2412 2414 2413
f 2413 2414 2415
f 2413 2415 2408
f 2408 2415 2410
f 2318 2066 2414
f 2414 2066 2070
f 2414 2070 2415
f 2415 2070 2072
f 2415 2072 2410
f 2410 2072 2073
f 1719 1718 2416
f 2416 1718 2391
f 2416 2391 2417
f 2417 2391 2367
f 2417 2367 2368
f 2417 2368 2418
f 2418 2368 1246
f 2418 1246 1248
f 1250 2419 1248
f 1248 2419 2420
f 1248 2420 2418
f 2418 2420 2417
f 1252 2421 1250
f 1250 2421 2422
f 1250 2422 2419
f 2419 2422 2423
f 2419 2423 2424
f 2424 2423 2425
f 2424 2425 2416
f 2416 2425 1719
f 2421 1252 2426
f 2426 1252 1254
f 2426 1254 2427
f 2427 1254 1255
f 2427 1255 2428
f 2428 1255 1257
f 2428 1257 2429
f 2429 1257 1258
f 2429 1258 1260
f 2429 1260 2430
f 2430 1260 1262
f 2430 1262 2431
f 2430 2431 2432
f 2432 2431 2433
f 2432 2433 2434
f 2432 2434 2435
f 2435 2434 1726
f 2435 1726 1725
f 2435 1725 2436
f 2436 1725 1724
f 2436 1724 2437
f 2437 1724 1723
f 2437 1723 2438
f 2438 1723 1722
f 2438 1722 2439
f 2439 1722 1721
f 2439 1721 2440
f 2440 1721 1720
f 2440 1720 2441
f 2441 1720 2442
f 2441 2442 2443
f 2443 2442 2423
f 2443 2423 2422
f 1720 1719 2442
f 2442 1719 2425
f 2442 2425 2423
f 2440 2441 2444
f 2444 2441 2443
f 2444 2443 2421
f 2421 2443 2422
f 2439 2440 2445
f 2445 2440 2444
f 2445 2444 2426
f 2426 2444 2421
f 2438 2439 2446
f 2446 2439 2445
f 2446 2445 2427
f 2427 2445 2426
f 2437 2438 2447
f 2447 2438 2446
f 2447 2446 2428
f 2428 2446 2427
f 2432 2435 2436
f 2436 2437 2448
f 2448 2437 2447
f 2448 2447 2429
f 2429 2447 2428
f 2416 2417 2424
f 2424 2417 2420
f 2424 2420 2419
f 2430 2432 2448
f 2448 2432 2436
f 2430 2448 2429
f 2407 2449 1488
f 1488 2449 2450
f 1488 2450 2451
f 2451 2450 2452
f 2451 2452 2453
f 2453 2452 2454
f 2453 2454 2455
f 2455 2454 1749
f 1749 2454 2456
f 1749 2456 2457
f 2457 2456 2458
f 2457 2458 2459
f 2459 2458 2449
f 2459 2449 2407
f 2407 2409 2459
f 2459 2409 2460
f 2459 2460 2457
f 2457 2460 1751
f 2457 1751 1749
f 2409 2411 2460
f 2460 2411 1751
f 2455 2461 2453
f 2453 2461 2462
f 2453 2462 2451
f 2451 2462 1308
f 2451 1308 1488
f 2461 2463 2462
f 2462 2463 1308
f 2452 2450 2458
f 2458 2450 2449
f 2454 2452 2456
f 2456 2452 2458
f 1731 1726 2464
f 2464 1726 2434
f 2464 2434 2465
f 2465 2434 2466
f 2465 2466 2467
f 2467 2466 2468
f 2467 2468 2469
f 2469 2468 2470
f 2469 2470 2471
f 2471 2470 1289
f 2471 1289 1291
f 2434 2433 2466
f 2466 2433 2472
f 2466 2472 2468
f 2468 2472 2473
f 2468 2473 2470
f 2470 2473 1288
f 2470 1288 1289
f 2433 2431 2472
f 2472 2431 2474
f 2472 2474 2473
f 2473 2474 1288
f 2431 1262 2474
f 2474 1262 1286
f 2474 1286 1288
f 1291 1292 2471
f 2471 1292 2475
f 2471 2475 2476
f 2476 2475 2477
f 2476 2477 2478
f 2478 2477 2479
f 2478 2479 2480
f 2480 2479 2481
f 2480 2481 2482
f 2482 2481 2483
f 2482 2483 1735
f 1735 2483 1736
f 1736 2483 2484
f 1736 2484 1737
f 1737 2484 2485
f 1737 2485 1739
f 1739 2485 2486
f 1739 2486 1740
f 1740 2486 2487
f 1740 2487 1741
f 1741 2487 2488
f 1741 2488 1742
f 1742 2488 2489
f 1742 2489 1743
f 1743 2489 2490
f 1743 2490 1745
f 1745 2490 2491
f 1745 2491 1746
f 1746 2491 2492
f 1746 2492 1747
f 1747 2492 2493
f 1747 2493 1748
f 1748 2493 2455
f 1748 2455 1749
f 1292 1294 2475
f 2475 1294 2494
f 2475 2494 2477
f 2477 2494 2495
f 2477 2495 2479
f 2479 2495 2496
f 2479 2496 2481
f 2481 2496 2497
f 2481 2497 2483
f 2483 2497 2484
f 2494 1294 2498
f 2498 1294 1295
f 2498 1295 1297
f 2498 1297 2499
f 2499 1297 1299
f 2499 1299 1300
f 1302 2500 1300
f 1300 2500 2501
f 1300 2501 2499
f 2499 2501 2502
f 2499 2502 2503
f 2503 2502 2504
f 2503 2504 2496
f 2496 2504 2497
f 2500 1302 2505
f 2505 1302 1303
f 2505 1303 1305
f 2505 1305 2506
f 2506 1305 1307
f 2506 1307 2507
f 2507 1307 2508
f 2507 2508 2509
f 2509 2508 2510
f 2509 2510 2511
f 2511 2510 2512
f 2511 2512 2513
f 2513 2512 2514
f 2513 2514 2491
f 2491 2514 2492
f 2508 1307 2515
f 2515 1307 1308
f 2515 1308 2463
f 2515 2463 2516
f 2516 2463 2461
f 2516 2461 2517
f 2517 2461 2455
f 2517 2455 2518
f 2518 2455 2493
f 2518 2493 2492
f 2482 1735 2519
f 2519 1735 1734
f 2519 1734 2520
f 2520 1734 1733
f 2520 1733 2464
f 2464 1733 1731
f 2520 2464 2521
f 2521 2464 2465
f 2521 2465 2467
f 2480 2482 2519
f 2519 2520 2522
f 2522 2520 2521
f 2522 2521 2523
f 2523 2521 2467
f 2523 2467 2469
f 2485 2484 2524
f 2524 2484 2497
f 2524 2497 2504
f 2486 2485 2525
f 2525 2485 2524
f 2525 2524 2526
f 2526 2524 2504
f 2526 2504 2502
f 2487 2486 2527
f 2527 2486 2525
f 2527 2525 2528
f 2528 2525 2526
f 2528 2526 2529
f 2529 2526 2502
f 2529 2502 2501
f 2488 2487 2530
f 2530 2487 2527
f 2530 2527 2531
f 2531 2527 2528
f 2531 2528 2532
f 2532 2528 2529
f 2532 2529 2500
f 2500 2529 2501
f 2489 2488 2533
f 2533 2488 2530
f 2533 2530 2534
f 2534 2530 2531
f 2534 2531 2535
f 2535 2531 2532
f 2535 2532 2505
f 2505 2532 2500
f 2513 2491 2490
f 2490 2489 2536
f 2536 2489 2533
f 2536 2533 2537
f 2537 2533 2534
f 2537 2534 2538
f 2538 2534 2535
f 2538 2535 2506
f 2506 2535 2505
f 2518 2492 2514
f 2523 2478 2522
f 2522 2478 2480
f 2522 2480 2519
f 2478 2523 2476
f 2476 2523 2469
f 2476 2469 2471
f 2503 2496 2495
f 2537 2511 2536
f 2536 2511 2513
f 2536 2513 2490
f 2511 2537 2509
f 2509 2537 2538
f 2509 2538 2507
f 2507 2538 2506
f 2518 2514 2517
f 2517 2514 2512
f 2517 2512 2516
f 2516 2512 2510
f 2516 2510 2515
f 2515 2510 2508
f 2503 2495 2498
f 2498 2495 2494
f 2498 2499 2503
f 1490 2539 1492
f 1492 2539 2540
f 1492 2540 1493
f 1493 2540 2541
f 1493 2541 1495
f 1495 2541 2542
f 1495 2542 1496
f 1496 2542 2543
f 1496 2543 1497
f 1497 2543 2544
f 1497 2544 1498
f 1498 2544 2545
f 1498 2545 1499
f 1499 2545 2546
f 1499 2546 1500
f 1500 2546 2547
f 1500 2547 1264
f 1264 2547 2548
f 1264 2548 1266
f 1266 2548 1269
f 1269 2548 1271
f 1271 2548 2549
f 1271 2549 2550
f 2551 1276 2550
f 2550 1276 1273
f 2550 1273 1271
f 2552 1282 2551
f 2551 1282 1279
f 2551 1279 1276
f 2553 1247 2552
f 2552 1247 1285
f 2552 1285 1282
f 1247 2553 1249
f 1249 2553 2554
f 1249 2554 1251
f 1251 2554 2555
f 1251 2555 1253
f 1253 2555 2556
f 1253 2556 1256
f 1256 2556 2557
f 1256 2557 1259
f 1259 2557 2558
f 1259 2558 1261
f 1261 2558 2559
f 1261 2559 1287
f 1287 2559 1290
f 1290 2559 2560
f 1290 2560 1293
f 1293 2560 1296
f 1296 2560 2561
f 1296 2561 1298
f 1298 2561 1301
f 1301 2561 2562
f 1301 2562 2563
f 2564 1309 2563
f 2563 1309 1306
f 2563 1306 1304
f 2564 1484 1309
f 1304 1301 2563
f 1518 2539 1489
f 1489 2539 1490
f 2565 1574 2566
f 2566 1574 1595
f 2567 1598 2568
f 2568 1598 1597
f 2569 1613 2570
f 2570 1613 1612
f 2570 1612 2571
f 2571 1612 1611
f 2571 1611 2572
f 2572 1611 1610
f 2572 1610 2573
f 2573 1610 1609
f 2573 1609 2574
f 2574 1609 1608
f 2574 1608 2575
f 2575 1608 1607
f 2575 1607 2576
f 2576 1607 1606
f 2576 1606 2577
f 2577 1606 1605
f 2577 1605 2578
f 2578 1605 1604
f 2578 1604 2579
f 2579 1604 1603
f 2579 1603 2580
f 2580 1603 1602
f 2580 1602 2581
f 2581 1602 1601
f 1617 1616 2582
f 2582 1616 2583
f 2584 1506 2585
f 2585 1506 1505
f 1473 1475 1589
f 1589 1475 2586
f 2566 1595 2587
f 2587 1595 1594
f 2587 1594 2588
f 2588 1594 1593
f 2588 1593 2589
f 2589 1593 1592
f 2589 1592 2590
f 2590 1592 1591
f 2590 1591 2591
f 2591 1591 1590
f 2591 1590 2592
f 2592 1590 1586
f 2592 1586 2593
f 2593 1586 1588
f 2593 1588 2586
f 2586 1588 1589
f 2568 1597 2594
f 2594 1597 1572
f 2594 1572 2595
f 2595 1572 1571
f 2595 1571 2596
f 2596 1571 1570
f 2596 1570 2597
f 2597 1570 1569
f 2597 1569 2598
f 2598 1569 1596
f 2598 1596 2599
f 2599 1596 1576
f 2599 1576 2600
f 2600 1576 1575
f 2600 1575 2565
f 2565 1575 1574
f 2585 1505 2601
f 2601 1505 1528
f 2601 1528 2602
f 2602 1528 1529
f 2602 1529 2603
f 2603 1529 1530
f 2603 1530 2604
f 2604 1530 1531
f 2604 1531 2605
f 2605 1531 1620
f 2605 1620 2606
f 2606 1620 1619
f 2606 1619 2607
f 2607 1619 1618
f 2607 1618 2582
f 2582 1618 1617
f 2539 1518 2608
f 2608 1518 1517
f 2608 1517 2609
f 2609 1517 1513
f 2609 1513 2610
f 2610 1513 1512
f 2610 1512 2611
f 2611 1512 1511
f 2611 1511 2612
f 2612 1511 1510
f 2612 1510 2613
f 2613 1510 1509
f 2613 1509 2614
f 2614 1509 1508
f 2614 1508 2584
f 2584 1508 1506
f 2583 1616 2615
f 2615 1616 1615
f 2615 1615 2616
f 2616 1615 1614
f 2616 1614 2569
f 2569 1614 1613
f 2581 1601 2617
f 2617 1601 1600
f 2617 1600 2618
f 2618 1600 1599
f 2618 1599 2567
f 2567 1599 1598
f 2567 2619 2620
f 2620 2619 2621
f 2620 2621 2622
f 2622 2621 2623
f 2622 2623 2624
f 2624 2623 2625
f 2624 2625 2626
f 2626 2625 2627
f 2626 2627 2628
f 2628 2627 2629
f 2628 2629 2630
f 2630 2629 2631
f 2630 2631 2632
f 2631 2629 2633
f 2633 2629 2634
f 2633 2634 2562
f 2635 2636 2632
f 2632 2636 2628
f 2632 2628 2630
f 2637 2638 2635
f 2635 2638 2639
f 2635 2639 2636
f 2636 2639 2628
f 2638 2637 2640
f 2640 2637 2641
f 2640 2641 2642
f 2642 2641 2643
f 2642 2643 2644
f 2644 2643 2645
f 2644 2645 2646
f 2646 2645 2647
f 2646 2647 2567
f 2641 2648 2643
f 2643 2648 2649
f 2643 2649 2645
f 2645 2649 2650
f 2645 2650 2647
f 2647 2650 2617
f 2647 2617 2618
f 2649 2648 2651
f 2651 2648 2581
f 2651 2581 2650
f 2650 2581 2617
f 2618 2567 2647
f 2646 2567 2652
f 2652 2567 2653
f 2653 2567 2654
f 2654 2567 2655
f 2655 2567 2620
f 2628 2639 2626
f 2626 2639 2656
f 2626 2656 2624
f 2624 2656 2657
f 2624 2657 2622
f 2622 2657 2655
f 2622 2655 2620
f 2638 2640 2639
f 2639 2640 2656
f 2654 2655 2657
f 2657 2656 2658
f 2658 2656 2640
f 2658 2640 2659
f 2659 2640 2642
f 2659 2642 2644
f 2653 2654 2658
f 2658 2654 2657
f 2653 2658 2659
f 2652 2653 2659
f 2652 2659 2644
f 2646 2652 2644
f 2651 2650 2649
f 2580 2581 2660
f 2660 2581 2648
f 2660 2648 2641
f 2660 2641 2661
f 2661 2641 2637
f 2661 2637 2662
f 2662 2637 2635
f 2662 2635 2663
f 2663 2635 2632
f 2663 2632 2664
f 2664 2632 2631
f 2664 2631 2665
f 2665 2631 2633
f 2665 2633 2666
f 2666 2633 2562
f 2666 2562 2561
f 2666 2561 2667
f 2667 2561 2560
f 2667 2560 2668
f 2668 2560 2559
f 2668 2559 2669
f 2669 2559 2558
f 2669 2558 2670
f 2670 2558 2557
f 2670 2557 2671
f 2671 2557 2556
f 2671 2556 2672
f 2672 2556 2555
f 2672 2555 2673
f 2673 2555 2554
f 2673 2554 2674
f 2674 2554 2553
f 2674 2553 2675
f 2675 2553 2552
f 2675 2552 2676
f 2676 2552 2551
f 2676 2551 2677
f 2677 2551 2550
f 2677 2550 2678
f 2678 2550 2549
f 2678 2549 2679
f 2679 2680 2678
f 2678 2680 2681
f 2678 2681 2677
f 2677 2681 2682
f 2677 2682 2676
f 2676 2682 2683
f 2676 2683 2675
f 2675 2683 2684
f 2675 2684 2674
f 2674 2684 2685
f 2674 2685 2673
f 2673 2685 2686
f 2673 2686 2672
f 2672 2686 2687
f 2672 2687 2671
f 2671 2687 2688
f 2671 2688 2670
f 2670 2688 2689
f 2670 2689 2669
f 2669 2689 2690
f 2669 2690 2668
f 2668 2690 2691
f 2668 2691 2667
f 2667 2691 2692
f 2667 2692 2666
f 2666 2692 2665
f 2680 2693 2681
f 2681 2693 2694
f 2681 2694 2682
f 2682 2694 2695
f 2682 2695 2683
f 2683 2695 2696
f 2683 2696 2684
f 2684 2696 2697
f 2684 2697 2685
f 2685 2697 2698
f 2685 2698 2686
f 2686 2698 2699
f 2686 2699 2687
f 2687 2699 2700
f 2687 2700 2688
f 2688 2700 2701
f 2688 2701 2689
f 2689 2701 2702
f 2689 2702 2690
f 2690 2702 2703
f 2690 2703 2691
f 2691 2703 2704
f 2691 2704 2692
f 2692 2704 2705
f 2692 2705 2665
f 2665 2705 2664
f 2693 2706 2694
f 2694 2706 2707
f 2694 2707 2695
f 2695 2707 2708
f 2695 2708 2696
f 2696 2708 2709
f 2696 2709 2697
f 2697 2709 2710
f 2697 2710 2698
f 2698 2710 2711
f 2698 2711 2699
f 2699 2711 2712
f 2699 2712 2700
f 2700 2712 2713
f 2700 2713 2701
f 2701 2713 2714
f 2701 2714 2702
f 2702 2714 2715
f 2702 2715 2703
f 2703 2715 2716
f 2703 2716 2704
f 2704 2716 2717
f 2704 2717 2705
f 2705 2717 2718
f 2705 2718 2664
f 2664 2718 2663
f 2706 2719 2707
f 2707 2719 2720
f 2707 2720 2708
f 2708 2720 2721
f 2708 2721 2709
f 2709 2721 2722
f 2709 2722 2710
f 2710 2722 2723
f 2710 2723 2711
f 2711 2723 2724
f 2711 2724 2712
f 2712 2724 2725
f 2712 2725 2713
f 2713 2725 2726
f 2713 2726 2714
f 2714 2726 2727
f 2714 2727 2715
f 2715 2727 2728
f 2715 2728 2716
f 2716 2728 2729
f 2716 2729 2717
f 2717 2729 2730
f 2717 2730 2718
f 2718 2730 2731
f 2718 2731 2663
f 2663 2731 2662
f 2719 2732 2720
f 2720 2732 2733
f 2720 2733 2721
f 2721 2733 2734
f 2721 2734 2722
f 2722 2734 2735
f 2722 2735 2723
f 2723 2735 2736
f 2723 2736 2724
f 2724 2736 2737
f 2724 2737 2725
f 2725 2737 2738
f 2725 2738 2726
f 2726 2738 2739
f 2726 2739 2727
f 2727 2739 2740
f 2727 2740 2728
f 2728 2740 2741
f 2728 2741 2729
f 2729 2741 2742
f 2729 2742 2730
f 2730 2742 2743
f 2730 2743 2731
f 2731 2743 2744
f 2731 2744 2662
f 2662 2744 2661
f 2732 2745 2733
f 2733 2745 2746
f 2733 2746 2734
f 2734 2746 2747
f 2734 2747 2735
f 2735 2747 2748
f 2735 2748 2736
f 2736 2748 2749
f 2736 2749 2737
f 2737 2749 2750
f 2737 2750 2738
f 2738 2750 2751
f 2738 2751 2739
f 2739 2751 2752
f 2739 2752 2740
f 2740 2752 2753
f 2740 2753 2741
f 2741 2753 2754
f 2741 2754 2742
f 2742 2754 2755
f 2742 2755 2743
f 2743 2755 2756
f 2743 2756 2744
f 2744 2756 2757
f 2744 2757 2661
f 2661 2757 2660
f 2745 2569 2746
f 2746 2569 2570
f 2746 2570 2747
f 2747 2570 2571
f 2747 2571 2748
f 2748 2571 2572
f 2748 2572 2749
f 2749 2572 2573
f 2749 2573 2750
f 2750 2573 2574
f 2750 2574 2751
f 2751 2574 2575
f 2751 2575 2752
f 2752 2575 2753
f 2575 2576 2753
f 2753 2576 2754
f 2576 2577 2754
f 2754 2577 2755
f 2577 2578 2755
f 2755 2578 2756
f 2578 2579 2756
f 2756 2579 2757
f 2579 2580 2757
f 2757 2580 2660
f 2563 2562 2758
f 2758 2562 2634
f 2758 2634 2759
f 2759 2634 2629
f 2759 2629 2760
f 2760 2629 2627
f 2760 2627 2761
f 2761 2627 2625
f 2761 2625 2762
f 2762 2625 2623
f 2762 2623 2763
f 2763 2623 2621
f 2763 2621 2764
f 2764 2621 2619
f 2764 2619 2568
f 2568 2619 2567
f 2745 2765 2569
f 2569 2765 2766
f 2569 2766 2616
f 2616 2766 2767
f 2616 2767 2615
f 2615 2767 2583
f 2765 2745 2768
f 2768 2745 2732
f 2768 2732 2769
f 2769 2732 2770
f 2769 2770 2771
f 2771 2770 2772
f 2771 2772 2773
f 2773 2772 2774
f 2773 2774 2583
f 2732 2719 2770
f 2770 2719 2775
f 2770 2775 2772
f 2772 2775 2776
f 2772 2776 2774
f 2774 2776 2777
f 2774 2777 2583
f 2775 2719 2778
f 2778 2719 2706
f 2778 2706 2779
f 2779 2706 2780
f 2779 2780 2781
f 2781 2780 2782
f 2781 2782 2783
f 2783 2782 2784
f 2784 2782 2785
f 2784 2785 2786
f 2786 2785 2680
f 2786 2680 2679
f 2706 2693 2780
f 2780 2693 2782
f 2782 2693 2785
f 2785 2693 2680
f 2549 2787 2679
f 2679 2787 2786
f 2783 2788 2781
f 2781 2788 2789
f 2781 2789 2779
f 2779 2789 2790
f 2779 2790 2778
f 2778 2790 2775
f 2788 2791 2789
f 2789 2791 2792
f 2789 2792 2790
f 2790 2792 2776
f 2790 2776 2775
f 2791 2793 2792
f 2792 2793 2777
f 2792 2777 2776
f 2793 2583 2777
f 2773 2583 2794
f 2794 2583 2795
f 2795 2583 2796
f 2796 2583 2767
f 2796 2767 2766
f 2766 2765 2797
f 2797 2765 2768
f 2797 2768 2798
f 2798 2768 2769
f 2798 2769 2771
f 2795 2796 2797
f 2797 2796 2766
f 2795 2797 2798
f 2795 2798 2794
f 2794 2798 2771
f 2794 2771 2773
f 2568 2594 2799
f 2799 2594 2595
f 2799 2595 2800
f 2800 2595 2596
f 2800 2596 2801
f 2801 2596 2597
f 2801 2597 2802
f 2802 2597 2598
f 2802 2598 2803
f 2803 2598 2599
f 2803 2599 2804
f 2804 2599 2600
f 2804 2600 2805
f 2805 2600 2565
f 2805 2565 2806
f 2805 2806 2807
f 2807 2806 2808
f 2807 2808 2809
f 2809 2808 2810
f 2809 2810 2811
f 2811 2810 2812
f 2811 2812 2813
f 2813 2812 2814
f 2813 2814 2815
f 2815 2814 2816
f 2815 2816 2817
f 2817 2816 2818
f 2817 2818 2758
f 2758 2818 2563
f 2758 2759 2817
f 2817 2759 2819
f 2817 2819 2815
f 2815 2819 2820
f 2815 2820 2813
f 2813 2820 2821
f 2813 2821 2811
f 2811 2821 2822
f 2811 2822 2809
f 2809 2822 2823
f 2809 2823 2807
f 2807 2823 2824
f 2807 2824 2805
f 2805 2824 2804
f 2759 2760 2819
f 2819 2760 2825
f 2819 2825 2820
f 2820 2825 2826
f 2820 2826 2821
f 2821 2826 2827
f 2821 2827 2822
f 2822 2827 2828
f 2822 2828 2823
f 2823 2828 2829
f 2823 2829 2824
f 2824 2829 2830
f 2824 2830 2804
f 2804 2830 2803
f 2760 2761 2825
f 2825 2761 2831
f 2825 2831 2826
f 2826 2831 2832
f 2826 2832 2827
f 2827 2832 2833
f 2827 2833 2828
f 2828 2833 2834
f 2828 2834 2829
f 2829 2834 2835
f 2829 2835 2830
f 2830 2835 2836
f 2830 2836 2803
f 2803 2836 2802
f 2761 2762 2831
f 2831 2762 2837
f 2831 2837 2832
f 2832 2837 2838
f 2832 2838 2833
f 2833 2838 2839
f 2833 2839 2834
f 2834 2839 2840
f 2834 2840 2835
f 2835 2840 2841
f 2835 2841 2836
f 2836 2841 2842
f 2836 2842 2802
f 2802 2842 2801
f 2762 2763 2837
f 2837 2763 2843
f 2837 2843 2838
f 2838 2843 2844
f 2838 2844 2839
f 2839 2844 2845
f 2839 2845 2840
f 2840 2845 2846
f 2840 2846 2841
f 2841 2846 2847
f 2841 2847 2842
f 2842 2847 2848
f 2842 2848 2801
f 2801 2848 2800
f 2763 2764 2843
f 2843 2764 2849
f 2843 2849 2844
f 2844 2849 2850
f 2844 2850 2845
f 2845 2850 2851
f 2845 2851 2846
f 2846 2851 2852
f 2846 2852 2847
f 2847 2852 2853
f 2847 2853 2848
f 2848 2853 2854
f 2848 2854 2800
f 2800 2854 2799
f 2764 2568 2849
f 2849 2568 2850
f 2850 2568 2851
f 2851 2568 2852
f 2852 2568 2853
f 2853 2568 2854
f 2854 2568 2799
f 2582 2583 2855
f 2855 2583 2793
f 2855 2793 2856
f 2856 2793 2791
f 2856 2791 2857
f 2857 2791 2788
f 2857 2788 2858
f 2858 2788 2783
f 2858 2783 2859
f 2859 2783 2784
f 2859 2784 2860
f 2860 2784 2786
f 2860 2786 2861
f 2861 2786 2787
f 2861 2787 2548
f 2548 2787 2549
f 2818 2862 2563
f 2563 2862 2863
f 2563 2863 2564
f 2564 2863 2864
f 2864 2863 2865
f 2865 2863 2866
f 2865 2866 2867
f 2867 2866 2868
f 2867 2868 2869
f 2869 2868 2870
f 2869 2870 2871
f 2871 2870 2872
f 2871 2872 2873
f 2873 2872 2874
f 2873 2874 2875
f 2875 2874 2876
f 2875 2876 2566
f 2566 2876 2877
f 2566 2877 2565
f 2565 2877 2806
f 2806 2877 2808
f 2808 2877 2878
f 2808 2878 2810
f 2810 2878 2879
f 2810 2879 2812
f 2812 2879 2880
f 2812 2880 2814
f 2814 2880 2881
f 2814 2881 2816
f 2816 2881 2882
f 2816 2882 2818
f 2818 2882 2862
f 2866 2863 2862
f 2866 2862 2882
f 2868 2866 2882
f 2868 2882 2881
f 2870 2868 2881
f 2870 2881 2880
f 2872 2870 2880
f 2872 2880 2879
f 2874 2872 2879
f 2874 2879 2878
f 2876 2874 2878
f 2876 2878 2877
f 2582 2855 2883
f 2883 2855 2856
f 2883 2856 2884
f 2884 2856 2857
f 2884 2857 2885
f 2885 2857 2858
f 2885 2858 2886
f 2886 2858 2859
f 2886 2859 2887
f 2887 2859 2860
f 2887 2860 2888
f 2888 2860 2861
f 2888 2861 2889
f 2889 2861 2548
f 2889 2548 2890
f 2889 2890 2891
f 2891 2890 2892
f 2891 2892 2893
f 2893 2892 2894
f 2893 2894 2895
f 2895 2894 2896
f 2895 2896 2897
f 2897 2896 2898
f 2897 2898 2899
f 2899 2898 2900
f 2899 2900 2901
f 2901 2900 2902
f 2901 2902 2601
f 2601 2902 2585
f 2601 2602 2901
f 2901 2602 2903
f 2901 2903 2899
f 2899 2903 2904
f 2899 2904 2897
f 2897 2904 2905
f 2897 2905 2895
f 2895 2905 2906
f 2895 2906 2893
f 2893 2906 2907
f 2893 2907 2891
f 2891 2907 2908
f 2891 2908 2889
f 2889 2908 2888
f 2602 2603 2903
f 2903 2603 2909
f 2903 2909 2904
f 2904 2909 2910
f 2904 2910 2905
f 2905 2910 2911
f 2905 2911 2906
f 2906 2911 2912
f 2906 2912 2907
f 2907 2912 2913
f 2907 2913 2908
f 2908 2913 2914
f 2908 2914 2888
f 2888 2914 2887
f 2603 2604 2909
f 2909 2604 2915
f 2909 2915 2910
f 2910 2915 2916
f 2910 2916 2911
f 2911 2916 2917
f 2911 2917 2912
f 2912 2917 2918
f 2912 2918 2913
f 2913 2918 2919
f 2913 2919 2914
f 2914 2919 2920
f 2914 2920 2887
f 2887 2920 2886
f 2604 2605 2915
f 2915 2605 2921
f 2915 2921 2916
f 2916 2921 2922
f 2916 2922 2917
f 2917 2922 2923
f 2917 2923 2918
f 2918 2923 2924
f 2918 2924 2919
f 2919 2924 2925
f 2919 2925 2920
f 2920 2925 2926
f 2920 2926 2886
f 2886 2926 2885
f 2605 2606 2921
f 2921 2606 2927
f 2921 2927 2922
f 2922 2927 2928
f 2922 2928 2923
f 2923 2928 2929
f 2923 2929 2924
f 2924 2929 2930
f 2924 2930 2925
f 2925 2930 2931
f 2925 2931 2926
f 2926 2931 2932
f 2926 2932 2885
f 2885 2932 2884
f 2606 2607 2927
f 2927 2607 2933
f 2927 2933 2928
f 2928 2933 2934
f 2928 2934 2929
f 2929 2934 2935
f 2929 2935 2930
f 2930 2935 2936
f 2930 2936 2931
f 2931 2936 2937
f 2931 2937 2932
f 2932 2937 2938
f 2932 2938 2884
f 2884 2938 2883
f 2607 2582 2933
f 2933 2582 2934
f 2934 2582 2935
f 2935 2582 2936
f 2936 2582 2937
f 2937 2582 2938
f 2938 2582 2883
f 2566 2587 2875
f 2875 2587 2939
f 2875 2939 2873
f 2873 2939 2940
f 2873 2940 2871
f 2871 2940 2941
f 2871 2941 2869
f 2869 2941 2942
f 2869 2942 2867
f 2867 2942 2943
f 2867 2943 2865
f 2865 2943 2944
f 2865 2944 2864
f 2864 2944 2945
f 2864 2945 2564
f 2564 2945 2946
f 2946 2945 2947
f 2946 2947 2948
f 2948 2947 2949
f 2948 2949 2950
f 2950 2949 2951
f 2950 2951 2952
f 2952 2951 2953
f 2952 2953 2954
f 2954 2953 2955
f 2954 2955 2956
f 2956 2955 2957
f 2956 2957 2958
f 2958 2957 2586
f 2587 2588 2939
f 2939 2588 2959
f 2939 2959 2940
f 2940 2959 2960
f 2940 2960 2941
f 2941 2960 2961
f 2941 2961 2942
f 2942 2961 2962
f 2942 2962 2943
f 2943 2962 2963
f 2943 2963 2944
f 2944 2963 2964
f 2944 2964 2945
f 2945 2964 2947
f 2588 2589 2959
f 2959 2589 2965
f 2959 2965 2960
f 2960 2965 2966
f 2960 2966 2961
f 2961 2966 2967
f 2961 2967 2962
f 2962 2967 2968
f 2962 2968 2963
f 2963 2968 2969
f 2963 2969 2964
f 2964 2969 2970
f 2964 2970 2947
f 2947 2970 2949
f 2589 2590 2965
f 2965 2590 2971
f 2965 2971 2966
f 2966 2971 2972
f 2966 2972 2967
f 2967 2972 2973
f 2967 2973 2968
f 2968 2973 2974
f 2968 2974 2969
f 2969 2974 2975
f 2969 2975 2970
f 2970 2975 2976
f 2970 2976 2949
f 2949 2976 2951
f 2590 2591 2971
f 2971 2591 2977
f 2971 2977 2972
f 2972 2977 2978
f 2972 2978 2973
f 2973 2978 2979
f 2973 2979 2974
f 2974 2979 2980
f 2974 2980 2975
f 2975 2980 2981
f 2975 2981 2976
f 2976 2981 2982
f 2976 2982 2951
f 2951 2982 2953
f 2591 2592 2977
f 2977 2592 2983
f 2977 2983 2978
f 2978 2983 2984
f 2978 2984 2979
f 2979 2984 2985
f 2979 2985 2980
f 2980 2985 2986
f 2980 2986 2981
f 2981 2986 2987
f 2981 2987 2982
f 2982 2987 2988
f 2982 2988 2953
f 2953 2988 2955
f 2592 2593 2983
f 2983 2593 2989
f 2983 2989 2984
f 2984 2989 2990
f 2984 2990 2985
f 2985 2990 2991
f 2985 2991 2986
f 2986 2991 2992
f 2986 2992 2987
f 2987 2992 2993
f 2987 2993 2988
f 2988 2993 2994
f 2988 2994 2955
f 2955 2994 2957
f 2593 2586 2989
f 2989 2586 2990
f 2990 2586 2991
f 2991 2586 2992
f 2992 2586 2993
f 2993 2586 2994
f 2994 2586 2957
f 2902 2995 2585
f 2585 2995 2996
f 2585 2996 2584
f 2584 2996 2997
f 2997 2996 2998
f 2998 2996 2999
f 2998 2999 3000
f 3000 2999 3001
f 3000 3001 3002
f 3002 3001 3003
f 3002 3003 3004
f 3004 3003 3005
f 3004 3005 3006
f 3006 3005 3007
f 3006 3007 3008
f 3008 3007 3009
f 3008 3009 2547
f 2547 3009 3010
f 2547 3010 2548
f 2548 3010 2890
f 2890 3010 2892
f 2892 3010 3011
f 2892 3011 2894
f 2894 3011 3012
f 2894 3012 2896
f 2896 3012 3013
f 2896 3013 2898
f 2898 3013 3014
f 2898 3014 2900
f 2900 3014 3015
f 2900 3015 2902
f 2902 3015 2995
f 2999 2996 2995
f 2999 2995 3015
f 3001 2999 3015
f 3001 3015 3014
f 3003 3001 3014
f 3003 3014 3013
f 3005 3003 3013
f 3005 3013 3012
f 3007 3005 3012
f 3007 3012 3011
f 3009 3007 3011
f 3009 3011 3010
f 2586 1475 2958
f 2958 1475 1476
f 2958 1476 2956
f 2956 1476 1477
f 2956 1477 2954
f 2954 1477 1479
f 2954 1479 2952
f 2952 1479 1480
f 2952 1480 2950
f 2950 1480 1481
f 2950 1481 2948
f 2948 1481 1482
f 2948 1482 2946
f 2946 1482 1483
f 2946 1483 2564
f 2564 1483 1484
f 2614 2584 3016
f 3016 2584 2997
f 3016 2997 3017
f 3017 2997 2998
f 3017 2998 3018
f 3018 2998 3000
f 3018 3000 3019
f 3019 3000 3002
f 3019 3002 3020
f 3020 3002 3004
f 3020 3004 3021
f 3021 3004 3006
f 3021 3006 3022
f 3022 3006 3008
f 3022 3008 2546
f 2546 3008 2547
f 2546 2545 3022
f 3022 2545 3023
f 3022 3023 3021
f 3021 3023 3024
f 3021 3024 3020
f 3020 3024 3025
f 3020 3025 3019
f 3019 3025 3026
f 3019 3026 3018
f 3018 3026 3027
f 3018 3027 3017
f 3017 3027 3028
f 3017 3028 3016
f 3016 3028 3029
f 3016 3029 2614
f 2614 3029 2613
f 2613 3029 3030
f 2613 3030 2612
f 2612 3030 3031
f 2612 3031 2611
f 2611 3031 3032
f 2611 3032 2610
f 2610 3032 3033
f 2610 3033 2609
f 2609 3033 3034
f 2609 3034 2608
f 2608 3034 2539
f 2545 2544 3023
f 3023 2544 3035
f 3023 3035 3024
f 3024 3035 3036
f 3024 3036 3025
f 3025 3036 3037
f 3025 3037 3026
f 3026 3037 3038
f 3026 3038 3027
f 3027 3038 3039
f 3027 3039 3028
f 3028 3039 3040
f 3028 3040 3029
f 3029 3040 3030
f 2544 2543 3035
f 3035 2543 3041
f 3035 3041 3036
f 3036 3041 3042
f 3036 3042 3037
f 3037 3042 3043
f 3037 3043 3038
f 3038 3043 3044
f 3038 3044 3039
f 3039 3044 3045
f 3039 3045 3040
f 3040 3045 3046
f 3040 3046 3030
f 3030 3046 3031
f 2543 2542 3041
f 3041 2542 3047
f 3041 3047 3042
f 3042 3047 3048
f 3042 3048 3043
f 3043 3048 3049
f 3043 3049 3044
f 3044 3049 3050
f 3044 3050 3045
f 3045 3050 3051
f 3045 3051 3046
f 3046 3051 3052
f 3046 3052 3031
f 3031 3052 3032
f 2542 2541 3047
f 3047 2541 3053
f 3047 3053 3048
f 3048 3053 3054
f 3048 3054 3049
f 3049 3054 3055
f 3049 3055 3050
f 3050 3055 3056
f 3050 3056 3051
f 3051 3056 3057
f 3051 3057 3052
f 3052 3057 3058
f 3052 3058 3032
f 3032 3058 3033
f 2541 2540 3053
f 3053 2540 3059
f 3053 3059 3054
f 3054 3059 3060
f 3054 3060 3055
f 3055 3060 3061
f 3055 3061 3056
f 3056 3061 3062
f 3056 3062 3057
f 3057 3062 3063
f 3057 3063 3058
f 3058 3063 3064
f 3058 3064 3033
f 3033 3064 3034
f 2540 2539 3059
f 3059 2539 3060
f 3060 2539 3061
f 3061 2539 3062
f 3062 2539 3063
f 3063 2539 3064
f 3064 2539 3034

