# https://github.com/mikedh/trimesh
v 0.00000000 -110.08959961 265.24298096
v 11.00000000 -110.08959961 265.24298096
v 0.00000000 -110.01731110 266.00000000
v 11.00000000 -110.01731110 266.00000000
v 0.00000000 -110.08959961 266.75698853
v 11.00000000 -110.08959961 266.75698853
v 0.00000000 -110.30384064 267.48663330
v 11.00000000 -110.30384064 267.48663330
v 0.00000000 -110.65229797 268.16256714
v 11.00000000 -110.65229797 268.16256714
v 0.00000000 -111.12237549 268.76031494
v 11.00000000 -111.12237549 268.76031494
v 0.00000000 -111.69708252 269.25830078
v 11.00000000 -111.69708252 269.25830078
v 0.00000000 -112.35565186 269.63851929
v 11.00000000 -112.35565186 269.63851929
v 0.00000000 -113.07427979 269.88723755
v 11.00000000 -113.07427979 269.88723755
v 0.00000000 -113.82698822 269.99545288
v 11.00000000 -113.82698822 269.99545288
v 0.00000000 -114.58657074 269.95928955
v 11.00000000 -114.58657074 269.95928955
v 0.00000000 -115.32558441 269.77999878
v 11.00000000 -115.32558441 269.77999878
v 0.00000000 -116.01731110 269.46411133
v 11.00000000 -116.01731110 269.46411133
v 0.00000000 -116.63675690 269.02297974
v 11.00000000 -116.63675690 269.02297974
v 0.00000000 -117.16152191 268.47262573
v 11.00000000 -117.16152191 268.47262573
v 0.00000000 -117.57265472 267.83291626
v 11.00000000 -117.57265472 267.83291626
v 0.00000000 -117.85528564 267.12692261
v 11.00000000 -117.85528564 267.12692261
v 0.00000000 -117.99919891 266.38021851
v 11.00000000 -117.99919891 266.38021851
v 0.00000000 -117.99919891 265.61978149
v 11.00000000 -117.99919891 265.61978149
v 0.00000000 -117.85528564 264.87307739
v 11.00000000 -117.85528564 264.87307739
v 0.00000000 -117.57265472 264.16708374
v 11.00000000 -117.57265472 264.16708374
v 0.00000000 -117.16152191 263.52737427
v 11.00000000 -117.16152191 263.52737427
v 0.00000000 -116.63675690 262.97698975
v 11.00000000 -116.63675690 262.97698975
v 0.00000000 -116.01731110 262.53588867
v 11.00000000 -116.01731110 262.53588867
v 0.00000000 -115.32558441 262.22000122
v 11.00000000 -115.32558441 262.22000122
v 0.00000000 -114.58657074 262.04071045
v 11.00000000 -114.58657074 262.04071045
v 0.00000000 -113.82698822 262.00451660
v 11.00000000 -113.82698822 262.00451660
v 0.00000000 -113.07427979 262.11276245
v 11.00000000 -113.07427979 262.11276245
v 0.00000000 -112.35565186 262.36148071
v 11.00000000 -112.35565186 262.36148071
v 0.00000000 -111.69708252 262.74169922
v 11.00000000 -111.69708252 262.74169922
v 0.00000000 -111.12237549 263.23968506
v 11.00000000 -111.12237549 263.23968506
v 0.00000000 -110.65229797 263.83743286
v 11.00000000 -110.65229797 263.83743286
v 0.00000000 -110.30384064 264.51333618
v 11.00000000 -110.30384064 264.51333618
v 3.07740951 -126.51731110 316.29116821
v 3.07740951 -127.81731415 316.29116821
v 3.15000010 -126.51731110 318.00000000
v 3.15000010 -127.81731415 318.00000000
v 3.07740951 -126.51731110 319.70883179
v 3.07740951 -127.81731415 319.70883179
v 2.86016059 -126.51731110 321.40536499
v 2.86016059 -127.81731415 321.40536499
v 2.49981880 -126.51731110 323.07736206
v 2.49981880 -127.81731415 323.07736206
v 1.99898052 -126.51731110 324.71276855
v 1.99898052 -127.81731415 324.71276855
v 1.36125410 -126.51731110 326.29980469
v 1.36125410 -127.81731415 326.29980469
v 0.59123439 -126.51731110 327.82705688
v 0.59123439 -127.81731415 327.82705688
v -0.30553058 -126.51731110 329.28347778
v -0.30553058 -127.81731415 329.28347778
v -1.32257950 -126.51731110 330.65863037
v -1.32257950 -127.81731415 330.65863037
v -2.45258474 -126.51731110 331.94256592
v -2.45258474 -127.81731415 331.94256592
v -3.68740439 -126.51731110 333.12603760
v -3.68740439 -127.81731415 333.12603760
v -5.01814127 -126.51731110 334.20053101
v -5.01814127 -127.81731415 334.20053101
v -6.43520832 -126.51731110 335.15829468
v -6.43520832 -127.81731415 335.15829468
v -7.92839432 -126.51731110 335.99246216
v -7.92839432 -127.81731415 335.99246216
v -9.48694229 -126.51731110 336.69696045
v -9.48694229 -127.81731415 336.69696045
v -11.09962082 -126.51731110 337.26675415
v -11.09962082 -127.81731415 337.26675415
v -12.75481224 -126.51731110 337.69772339
v -12.75481224 -127.81731415 337.69772339
v -14.44059086 -126.51731110 337.98678589
v -14.44059086 -127.81731415 337.98678589
v -16.14480972 -126.51731110 338.13183594
v -16.14480972 -127.81731415 338.13183594
v -17.85519028 -126.51731110 338.13183594
v -17.85519028 -127.81731415 338.13183594
v -19.55940819 -126.51731110 337.98678589
v -19.55940819 -127.81731415 337.98678589
v -21.24518776 -126.51731110 337.69772339
v -21.24518776 -127.81731415 337.69772339
v -22.90037918 -126.51731110 337.26675415
v -22.90037918 -127.81731415 337.26675415
v -24.51305771 -126.51731110 336.69696045
v -24.51305771 -127.81731415 336.69696045
v -26.07160568 -126.51731110 335.99246216
v -26.07160568 -127.81731415 335.99246216
v -27.56479263 -126.51731110 335.15829468
v -27.56479263 -127.81731415 335.15829468
v -28.98185921 -126.51731110 334.20053101
v -28.98185921 -127.81731415 334.20053101
v -30.31259537 -126.51731110 333.12603760
v -30.31259537 -127.81731415 333.12603760
v -31.54741478 -126.51731110 331.94256592
v -31.54741478 -127.81731415 331.94256592
v -32.67742157 -126.51731110 330.65863037
v -32.67742157 -127.81731415 330.65863037
v -33.69446945 -126.51731110 329.28347778
v -33.69446945 -127.81731415 329.28347778
v -34.59123611 -126.51731110 327.82705688
v -34.59123611 -127.81731415 327.82705688
v -35.36125565 -126.51731110 326.29980469
v -35.36125565 -127.81731415 326.29980469
v -35.99898148 -126.51731110 324.71276855
v -35.99898148 -127.81731415 324.71276855
v -36.49982071 -126.51731110 323.07736206
v -36.49982071 -127.81731415 323.07736206
v -36.86016083 -126.51731110 321.40536499
v -36.86016083 -127.81731415 321.40536499
v -37.07740784 -126.51731110 319.70883179
v -37.07740784 -127.81731415 319.70883179
v -37.15000153 -126.51731110 318.00000000
v -37.15000153 -127.81731415 318.00000000
v -37.07740784 -126.51731110 316.29116821
v -37.07740784 -127.81731415 316.29116821
v -36.86016083 -126.51731110 314.59463501
v -36.86016083 -127.81731415 314.59463501
v -36.49982071 -126.51731110 312.92263794
v -36.49982071 -127.81731415 312.92263794
v -35.99898148 -126.51731110 311.28723145
v -35.99898148 -127.81731415 311.28723145
v -35.36125565 -126.51731110 309.70019531
v -35.36125565 -127.81731415 309.70019531
v -34.59123611 -126.51731110 308.17294312
v -34.59123611 -127.81731415 308.17294312
v -33.69446945 -126.51731110 306.71649170
v -33.69446945 -127.81731415 306.71649170
v -32.67742157 -126.51731110 305.34136963
v -32.67742157 -127.81731415 305.34136963
v -31.54741478 -126.51731110 304.05743408
v -31.54741478 -127.81731415 304.05743408
v -30.31259537 -126.51731110 302.87396240
v -30.31259537 -127.81731415 302.87396240
v -28.98185921 -126.51731110 301.79946899
v -28.98185921 -127.81731415 301.79946899
v -27.56479263 -126.51731110 300.84167480
v -27.56479263 -127.81731415 300.84167480
v -26.07160568 -126.51731110 300.00753784
v -26.07160568 -127.81731415 300.00753784
v -24.51305771 -126.51731110 299.30303955
v -24.51305771 -127.81731415 299.30303955
v -22.90037918 -126.51731110 298.73324585
v -22.90037918 -127.81731415 298.73324585
v -21.24518776 -126.51731110 298.30224609
v -21.24518776 -127.81731415 298.30224609
v -19.55940819 -126.51731110 298.01321411
v -19.55940819 -127.81731415 298.01321411
v -17.85519028 -126.51731110 297.86816406
v -17.85519028 -127.81731415 297.86816406
v -16.14480972 -126.51731110 297.86816406
v -16.14480972 -127.81731415 297.86816406
v -14.44059086 -126.51731110 298.01321411
v -14.44059086 -127.81731415 298.01321411
v -12.75481224 -126.51731110 298.30224609
v -12.75481224 -127.81731415 298.30224609
v -11.09962082 -126.51731110 298.73324585
v -11.09962082 -127.81731415 298.73324585
v -9.48694229 -126.51731110 299.30303955
v -9.48694229 -127.81731415 299.30303955
v -7.92839432 -126.51731110 300.00753784
v -7.92839432 -127.81731415 300.00753784
v -6.43520832 -126.51731110 300.84167480
v -6.43520832 -127.81731415 300.84167480
v -5.01814127 -126.51731110 301.79946899
v -5.01814127 -127.81731415 301.79946899
v -3.68740439 -126.51731110 302.87396240
v -3.68740439 -127.81731415 302.87396240
v -2.45258474 -126.51731110 304.05743408
v -2.45258474 -127.81731415 304.05743408
v -1.32257950 -126.51731110 305.34136963
v -1.32257950 -127.81731415 305.34136963
v -0.30553058 -126.51731110 306.71649170
v -0.30553058 -127.81731415 306.71649170
v 0.59123439 -126.51731110 308.17294312
v 0.59123439 -127.81731415 308.17294312
v 1.36125410 -126.51731110 309.70019531
v 1.36125410 -127.81731415 309.70019531
v 1.99898052 -126.51731110 311.28723145
v 1.99898052 -127.81731415 311.28723145
v 2.49981880 -126.51731110 312.92263794
v 2.49981880 -127.81731415 312.92263794
v 2.86016059 -126.51731110 314.59463501
v 2.86016059 -127.81731415 314.59463501
v 0.87204522 -96.81731415 339.69998169
v 0.87204522 -96.51731110 340.00000000
v 1.10857332 -96.81731415 339.75949097
v 0.96665645 -96.51731110 340.02380371
v 1.28882289 -96.81731415 339.92376709
v 1.03875625 -96.51731110 340.08950806
v 1.36990643 -96.81731415 340.15380859
v 1.07118964 -96.51731110 340.18151855
v 1.33253109 -96.81731415 340.39480591
v 1.05623960 -96.51731110 340.27792358
v 1.18558991 -96.81731415 340.58947754
v 0.99746305 -96.51731110 340.35577393
v 13.00000000 -122.57067108 274.17221069
v 12.93301296 -122.33358002 274.26168823
v 13.00000000 -122.64231110 274.87677002
v 12.93301296 -122.39231110 274.87677002
v 12.93301296 -122.33358002 275.49182129
v 12.75000000 -122.20929718 274.87677002
v 12.75000000 -122.15387726 275.45718384
v 12.50000000 -122.12472534 275.20111084
v 12.50000000 -121.98527527 275.83465576
v 12.93301296 -122.15950775 273.66885376
v 13.00000000 -122.35866547 273.49652100
v 12.93301296 -121.87638855 273.11965942
v 13.00000000 -122.01498413 272.87731934
v 12.93301296 -121.49444580 272.63400269
v 13.00000000 -121.55369568 272.33999634
v 12.93301296 -121.02749634 272.22937012
v 13.00000000 -120.99369049 271.90649414
v 12.93301296 -120.49240875 271.92044067
v 13.00000000 -120.35787964 271.59463501
v 12.93301296 -119.90853119 271.71838379
v 13.00000000 -119.67230988 271.41711426
v 12.93301296 -119.29695129 271.63043213
v 13.00000000 -118.96504211 271.38125610
v 12.93301296 -118.67978668 271.65985107
v 13.00000000 -118.26502991 271.48849487
v 12.93301296 -118.07934570 271.80551147
v 13.00000000 -117.60093689 271.73443604
v 12.93301296 -117.51731110 272.06216431
v 13.00000000 -116.99993896 272.10903931
v 12.93301296 -117.01401520 272.42056274
v 13.00000000 -116.48665619 272.59695435
v 12.93301296 -116.58763885 272.86773682
v 13.00000000 -116.08209991 273.17819214
v 12.93301296 -116.25360107 273.38751221
v 13.00000000 -115.80282593 273.82897949
v 12.93301296 -116.02396393 273.96112061
v 13.00000000 -115.66027069 274.52267456
v 12.93301296 -115.90702820 274.56781006
v 13.00000000 -115.66027069 275.23083496
v 12.93301296 -115.90702820 275.18569946
v 12.93301296 -116.02396393 275.79238892
v 12.75000000 -116.19956207 275.74081421
v 12.75000000 -116.41626740 276.28213501
v 12.50000000 -116.41958618 276.13641357
v 12.50000000 -116.75403595 276.69229126
v 12.75000000 -116.73149872 276.77264404
v 12.75000000 -117.13386536 277.19464111
v 12.93301296 -116.58763885 276.88577271
v 12.93301296 -117.01401520 277.33294678
v 13.00000000 -116.48665619 277.15655518
v 13.00000000 -116.99993896 277.64447021
v 13.00000000 -115.80282593 275.92453003
v 12.93301296 -116.25360107 276.36599731
v 13.00000000 -116.08209991 276.57531738
v 12.93301296 -117.51731110 277.69134521
v 13.00000000 -117.60093689 278.01907349
v 12.93301296 -118.07934570 277.94799805
v 13.00000000 -118.26502991 278.26501465
v 12.93301296 -118.67978668 278.09368896
v 13.00000000 -118.96504211 278.37225342
v 12.93301296 -119.29695129 278.12307739
v 13.00000000 -119.67230988 278.33639526
v 12.93301296 -119.90853119 278.03515625
v 13.00000000 -120.35787964 278.15887451
v 12.93301296 -120.49240875 277.83306885
v 13.00000000 -120.99369049 277.84701538
v 12.93301296 -121.02749634 277.52413940
v 13.00000000 -121.55369568 277.41354370
v 12.93301296 -121.49444580 277.11950684
v 13.00000000 -122.01498413 276.87619019
v 12.93301296 -121.87638855 276.63385010
v 13.00000000 -122.35866547 276.25698853
v 12.93301296 -122.15950775 276.08465576
v 13.00000000 -122.57067108 275.58129883
v 12.50000000 -116.21244812 274.23184204
v 12.75000000 -116.08921051 274.58523560
v 12.50000000 -116.14231110 274.87677002
v 12.75000000 -116.08921051 275.16830444
v 12.50000000 -116.21244812 275.52166748
v 12.75000000 -116.19956207 274.01269531
v 12.50000000 -116.41958618 273.61709595
v 12.75000000 -116.41626740 273.47137451
v 12.50000000 -116.75403595 273.06124878
v 12.75000000 -116.73149872 272.98086548
v 12.50000000 -117.20015717 272.59027100
v 12.75000000 -117.13386536 272.55886841
v 12.75000000 -117.60881805 272.22067261
v 12.50000000 -117.73709106 272.22622681
v 12.75000000 -118.13919830 271.97845459
v 12.50000000 -118.33972931 271.98611450
v 12.75000000 -118.70583344 271.84097290
v 12.50000000 -118.97989655 271.88116455
v 12.75000000 -119.28824615 271.81323242
v 12.50000000 -119.62766266 271.91629028
v 12.75000000 -119.86537933 271.89620972
v 12.50000000 -120.25273132 272.08981323
v 12.75000000 -120.41638947 272.08691406
v 12.50000000 -120.82587433 272.39367676
v 12.75000000 -120.92134094 272.37844849
v 12.50000000 -121.32029724 272.81365967
v 12.75000000 -121.36199951 272.76028442
v 12.75000000 -121.72242737 273.21862793
v 12.50000000 -121.71288300 273.33010864
v 12.75000000 -121.98960876 273.73687744
v 12.50000000 -121.98527527 273.91885376
v 12.75000000 -122.15387726 274.29632568
v 12.50000000 -122.12472534 274.55239868
v 12.75000000 -121.98960876 276.01663208
v 12.50000000 -121.71288300 276.42343140
v 12.75000000 -121.72242737 276.53488159
v 12.50000000 -121.32029724 276.93984985
v 12.75000000 -121.36199951 276.99322510
v 12.50000000 -120.82587433 277.35983276
v 12.75000000 -120.92134094 277.37506104
v 12.75000000 -120.41638947 277.66659546
v 12.50000000 -120.25273132 277.66369629
v 12.75000000 -119.86537933 277.85729980
v 12.50000000 -119.62766266 277.83724976
v 12.75000000 -119.28824615 277.94027710
v 12.50000000 -118.97989655 277.87234497
v 12.75000000 -118.70583344 277.91253662
v 12.50000000 -118.33972931 277.76739502
v 12.75000000 -118.13919830 277.77505493
v 12.50000000 -117.73709106 277.52728271
v 12.75000000 -117.60881805 277.53283691
v 12.50000000 -117.20015717 277.16323853
v 12.91017532 -127.45481110 265.58822632
v 12.75000000 -127.33429718 266.00000000
v 12.90704632 -127.47694397 266.00000000
v 12.75000000 -127.27887726 266.58041382
v 12.91905403 -127.41339874 266.71917725
v 12.75000000 -127.11460876 267.13989258
v 12.93301296 -127.28450775 267.20788574
v 12.93301296 -127.00138855 267.75708008
v 12.94955540 -127.22666168 267.41641235
v 12.98318386 -126.92705536 268.07174683
v 12.93301296 -126.61944580 268.24276733
v 12.99999332 -126.52550507 268.67065430
v 12.93301296 -126.15249634 268.64736938
v 13.00000000 -126.51731110 268.68093872
v 13.00000000 -125.93795776 269.07553101
v 12.93301296 -125.61740875 268.95629883
v 13.00000000 -125.29160309 269.34677124
v 12.93301296 -125.03353119 269.15838623
v 13.00000000 -124.60415649 269.48376465
v 12.93301296 -124.42195129 269.24630737
v 13.00000000 -123.90319824 269.48101807
v 12.93301296 -123.80478668 269.21691895
v 13.00000000 -123.21684265 269.33862305
v 12.93301296 -123.20434570 269.07125854
v 13.00000000 -122.57262421 269.06234741
v 12.93301296 -122.64231110 268.81457520
v 13.00000000 -121.99638367 268.66323853
v 12.93301296 -122.13901520 268.45617676
v 13.00000000 -121.51123047 268.15731812
v 12.93301296 -121.71263885 268.00900269
v 12.93301296 -121.37860107 267.48922729
v 12.75000000 -121.85649872 267.89587402
v 12.75000000 -121.54126740 267.40536499
v 12.50000000 -121.87903595 267.81552124
v 12.50000000 -121.54458618 267.25967407
v 12.75000000 -127.27887726 265.41955566
v 12.91897774 -127.38896179 265.18185425
v 12.75000000 -127.11460876 264.86010742
v 12.93255615 -127.28030396 264.78390503
v 12.75000000 -126.84742737 264.34185791
v 12.93301296 -127.00138855 264.24291992
v 12.75000000 -126.48699951 263.88354492
v 12.93301296 -126.61944580 263.75723267
v 12.75000000 -126.04634094 263.50170898
v 12.93301296 -126.15249634 263.35263062
v 12.75000000 -125.54138947 263.21017456
v 12.93301296 -125.61740875 263.04370117
v 12.75000000 -124.99037933 263.01947021
v 12.93301296 -125.03353119 262.84161377
v 12.75000000 -124.41324615 262.93649292
v 12.93301296 -124.42195129 262.75366211
v 12.75000000 -123.83083344 262.96423340
v 12.93301296 -123.80478668 262.78308105
v 12.75000000 -123.26419830 263.10168457
v 12.93301296 -123.20434570 262.92874146
v 12.75000000 -122.73381805 263.34390259
v 12.93301296 -122.64231110 263.18542480
v 12.75000000 -122.25886536 263.68212891
v 12.93301296 -122.13901520 263.54382324
v 12.75000000 -121.85649872 264.10409546
v 12.93301296 -121.71263885 263.99096680
v 12.75000000 -121.54126740 264.59463501
v 12.93301296 -121.37860107 264.51077271
v 12.75000000 -121.32456207 265.13592529
v 12.93301296 -121.14896393 265.08435059
v 12.75000000 -121.21421051 265.70846558
v 12.93301296 -121.03202820 265.69107056
v 12.75000000 -121.21421051 266.29153442
v 12.93301296 -121.03202820 266.30892944
v 12.75000000 -121.32456207 266.86407471
v 12.93301296 -121.14896393 266.91561890
v 12.94934845 -127.13110352 264.40017700
v 12.96698380 -126.94379425 264.03417969
v 12.98304272 -126.72065735 263.68850708
v 12.99505234 -126.46408081 263.36599731
v 12.99999428 -126.17711639 263.06991577
v 13.00000000 -126.16670227 263.06021118
v 13.00000000 -125.54280853 262.74069214
v 13.00000000 -124.86775208 262.55187988
v 13.00000000 -124.16860962 262.50137329
v 13.00000000 -123.47342682 262.59121704
v 13.00000000 -122.81008911 262.81777954
v 13.00000000 -122.20520020 263.17196655
v 13.00000000 -121.68302155 263.63961792
v 13.00000000 -121.26449585 264.20190430
v 13.00000000 -120.96641541 264.83633423
v 13.00000000 -120.80073547 265.51742554
v 13.00000000 -120.77410126 266.21789551
v 13.00000000 -120.88758087 266.90960693
v 13.00000000 -121.13661957 267.56484985
v 12.50000000 -121.33744812 265.35507202
v 12.50000000 -121.26731110 266.00000000
v 12.50000000 -121.33744812 266.64489746
v 12.50000000 -121.54458618 264.74032593
v 12.50000000 -121.87903595 264.18447876
v 12.50000000 -122.32515717 263.71350098
v 12.50000000 -122.86209106 263.34945679
v 12.50000000 -123.46472931 263.10934448
v 12.50000000 -124.10489655 263.00439453
v 12.50000000 -124.75266266 263.03952026
v 12.50000000 -125.37773132 263.21307373
v 12.50000000 -125.95087433 263.51693726
v 12.50000000 -126.44529724 263.93688965
v 12.50000000 -126.83788300 264.45333862
v 12.50000000 -127.11027527 265.04208374
v 12.50000000 -127.24972534 265.67562866
v 12.50000000 -127.24972534 266.32434082
v 12.50000000 -127.11027527 266.95788574
v 12.50000000 -126.83788300 267.54666138
v 12.75000000 -126.84742737 267.65814209
v 12.50000000 -126.44529724 268.06307983
v 12.75000000 -126.48699951 268.11645508
v 12.50000000 -125.95087433 268.48306274
v 12.75000000 -126.04634094 268.49829102
v 12.75000000 -125.54138947 268.78982544
v 12.50000000 -125.37773132 268.78692627
v 12.75000000 -124.99037933 268.98052979
v 12.50000000 -124.75266266 268.96047974
v 12.75000000 -124.41324615 269.06350708
v 12.50000000 -124.10489655 268.99560547
v 12.75000000 -123.83083344 269.03576660
v 12.50000000 -123.46472931 268.89065552
v 12.75000000 -123.26419830 268.89831543
v 12.50000000 -122.86209106 268.65054321
v 12.75000000 -122.73381805 268.65609741
v 12.50000000 -122.32515717 268.28646851
v 12.75000000 -122.25886536 268.31787109
v 12.99999428 -117.55970001 254.00427246
v 13.00000000 -117.54608154 254.00842285
v 12.93301296 -117.51731110 254.30865479
v 13.00000000 -116.97293091 254.37663269
v 12.93301296 -117.01401520 254.66705322
v 13.00000000 -116.48197174 254.84890747
v 12.93301296 -116.58763885 255.11421204
v 13.00000000 -116.09178925 255.40733337
v 12.93301296 -116.25360107 255.63400269
v 13.00000000 -115.81717682 256.03076172
v 12.93301296 -116.02396393 256.20761108
v 13.00000000 -115.66853333 256.69558716
v 12.93301296 -115.90702820 256.81430054
v 13.00000000 -115.65149689 257.37661743
v 12.93301296 -115.90702820 257.43215942
v 13.00000000 -115.76670837 258.04803467
v 12.93301296 -116.02396393 258.03887939
v 13.00000000 -116.00979614 258.68444824
v 12.93301296 -116.25360107 258.61245728
v 13.00000000 -116.37155914 259.26168823
v 12.93301296 -116.58763885 259.13226318
v 13.00000000 -116.83829498 259.75790405
v 12.93301296 -117.01401520 259.57940674
v 13.00000000 -117.39231110 260.15432739
v 12.93301296 -117.51731110 259.93780518
v 12.93301296 -118.07934570 260.19448853
v 12.75000000 -118.13919830 260.02154541
v 12.75000000 -118.70583344 260.15899658
v 12.50000000 -118.33972931 260.01388550
v 12.50000000 -118.97989655 260.11883545
v 12.75000000 -119.28824615 260.18673706
v 12.50000000 -119.62766266 260.08370972
v 12.75000000 -119.86537933 260.10375977
v 12.50000000 -120.25273132 259.91015625
v 12.75000000 -120.41638947 259.91305542
v 12.50000000 -120.82587433 259.60629272
v 12.75000000 -120.92134094 259.62152100
v 12.75000000 -121.36199951 259.23968506
v 12.93301296 -121.02749634 259.77059937
v 12.93301296 -121.49444580 259.36599731
v 13.00000000 -121.24954987 259.91778564
v 13.00000000 -121.75097656 259.45666504
v 13.00000000 -118.01262665 260.43591309
v 12.93301296 -118.67978668 260.34014893
v 13.00000000 -118.67574310 260.59201050
v 12.93301296 -119.29695129 260.36956787
v 13.00000000 -119.35653687 260.61666870
v 12.93301296 -119.90853119 260.28161621
v 13.00000000 -120.02920532 260.50900269
v 12.93301296 -120.49240875 260.07952881
v 13.00000000 -120.66828156 260.27307129
v 12.93301296 -121.87638855 258.88031006
v 13.00000000 -122.15358734 258.90710449
v 12.93301296 -122.15950775 258.33114624
v 13.00000000 -122.44210815 258.29000854
v 12.93301296 -122.33358002 257.73831177
v 13.00000000 -122.60562134 257.62866211
v 12.93301296 -122.39231110 257.12322998
v 13.00000000 -122.63793182 256.94821167
v 12.99999428 -122.63472748 256.93432617
v 12.99505234 -122.52179718 256.53778076
v 12.93301296 -122.33358002 256.50817871
v 12.75000000 -122.15387726 256.54281616
v 12.75000000 -121.98960876 255.98335266
v 12.50000000 -121.98527527 256.16534424
v 12.50000000 -121.71288300 255.57656860
v 12.75000000 -121.72242737 255.46510315
v 12.50000000 -121.32029724 255.06013489
v 12.75000000 -121.36199951 255.00677490
v 12.75000000 -120.92134094 254.62493896
v 12.91017532 -121.09266663 254.56866455
v 12.90704632 -120.74713135 254.34361267
v 12.98304272 -122.37078094 256.15432739
v 12.93301296 -122.15950775 255.91532898
v 12.96698380 -122.18300629 255.78825378
v 12.94934845 -121.95967865 255.44302368
v 12.93301296 -121.87638855 255.36614990
v 12.93255615 -121.70198059 255.12196350
v 12.91897774 -121.41167450 254.82888794
v 12.75000000 -120.41638947 254.33340454
v 12.91017532 -120.37945557 254.15689087
v 12.75000000 -119.86537933 254.14270020
v 12.91897774 -119.99459839 254.01072693
v 12.93255615 -119.59563446 253.90585327
v 12.94934845 -119.18873596 253.84321594
v 12.93301296 -119.29695129 253.87692261
v 12.75000000 -119.28824615 254.05972290
v 12.50000000 -119.62766266 254.16275024
v 12.50000000 -120.25273132 254.33630371
v 12.96698380 -118.77809906 253.82241821
v 12.93301296 -118.67978668 253.90631104
v 12.75000000 -118.70583344 254.08746338
v 12.75000000 -118.13919830 254.22492981
v 12.50000000 -118.33972931 254.23258972
v 12.50000000 -117.73709106 254.47270203
v 12.75000000 -117.60881805 254.46714783
v 12.50000000 -117.20015717 254.83674622
v 12.75000000 -117.13386536 254.80535889
v 12.75000000 -116.73149872 255.22735596
v 12.98304272 -118.36718750 253.84283447
v 12.93301296 -118.07934570 254.05198669
v 12.99505234 -117.95959473 253.90379333
v 12.50000000 -116.21244812 256.47833252
v 12.75000000 -116.08921051 256.83169556
v 12.50000000 -116.14231110 257.12322998
v 12.75000000 -116.08921051 257.41476440
v 12.50000000 -116.21244812 257.76815796
v 12.75000000 -116.19956207 257.98730469
v 12.50000000 -116.41958618 258.38290405
v 12.75000000 -116.41626740 258.52862549
v 12.50000000 -116.75403595 258.93875122
v 12.75000000 -116.73149872 259.01913452
v 12.75000000 -117.13386536 259.44110107
v 12.75000000 -116.19956207 256.25915527
v 12.50000000 -116.41958618 255.86357117
v 12.75000000 -116.41626740 255.71786499
v 12.50000000 -116.75403595 255.30770874
v 12.50000000 -118.97989655 254.12763977
v 12.50000000 -120.82587433 254.64016724
v 12.50000000 -122.12472534 256.79888916
v 12.75000000 -122.20929718 257.12322998
v 12.50000000 -122.12472534 257.44760132
v 12.75000000 -122.15387726 257.70367432
v 12.50000000 -121.98527527 258.08114624
v 12.75000000 -121.98960876 258.26312256
v 12.50000000 -121.71288300 258.66989136
v 12.75000000 -121.72242737 258.78137207
v 12.50000000 -121.32029724 259.18634033
v 12.50000000 -117.73709106 259.77377319
v 12.75000000 -117.60881805 259.77932739
v 12.50000000 -117.20015717 259.40972900
v 13.00000000 -105.42900085 257.62866211
v 12.93301296 -105.65702820 257.43215942
v 13.00000000 -105.39669037 256.94821167
v 12.93301296 -105.65702820 256.81430054
v 12.99999428 -105.39989471 256.93432617
v 12.99505234 -105.51282501 256.53778076
v 12.93301296 -105.77396393 256.20761108
v 12.98304272 -105.66384125 256.15432739
v 12.96698380 -105.85162354 255.78825378
v 12.93301296 -106.00360107 255.63400269
v 12.94934845 -106.07494354 255.44302368
v 12.93255615 -106.33264160 255.12196350
v 12.75000000 -106.16626740 255.71786499
v 12.75000000 -106.48149872 255.22735596
v 12.50000000 -106.50403595 255.30770874
v 12.50000000 -106.95015717 254.83674622
v 12.93301296 -105.77396393 258.03887939
v 13.00000000 -105.59251404 258.29000854
v 12.93301296 -106.00360107 258.61245728
v 13.00000000 -105.88104248 258.90710449
v 12.93301296 -106.33763885 259.13226318
v 13.00000000 -106.28364563 259.45666504
v 12.93301296 -106.76401520 259.57940674
v 13.00000000 -106.78507996 259.91778564
v 12.93301296 -107.26731110 259.93780518
v 13.00000000 -107.36634064 260.27307129
v 12.93301296 -107.82934570 260.19448853
v 13.00000000 -108.00541687 260.50900269
v 12.93301296 -108.42978668 260.34014893
v 13.00000000 -108.67809296 260.61666870
v 12.93301296 -109.04695129 260.36956787
v 13.00000000 -109.35887909 260.59201050
v 12.93301296 -109.65853119 260.28161621
v 13.00000000 -110.02199554 260.43591309
v 12.93301296 -110.24240875 260.07952881
v 13.00000000 -110.64231110 260.15432739
v 12.93301296 -110.77749634 259.77059937
v 13.00000000 -111.19633484 259.75790405
v 12.93301296 -111.24444580 259.36599731
v 13.00000000 -111.66306305 259.26168823
v 12.93301296 -111.62638855 258.88031006
v 13.00000000 -112.02482605 258.68444824
v 12.93301296 -111.90950775 258.33114624
v 13.00000000 -112.26792145 258.04803467
v 12.93301296 -112.08358002 257.73831177
v 13.00000000 -112.38312531 257.37661743
v 12.93301296 -112.14231110 257.12322998
v 13.00000000 -112.36608887 256.69558716
v 12.93301296 -112.08358002 256.50817871
v 13.00000000 -112.21744537 256.03076172
v 12.93301296 -111.90950775 255.91532898
v 13.00000000 -111.94284058 255.40733337
v 12.93301296 -111.62638855 255.36614990
v 13.00000000 -111.55265808 254.84890747
v 12.93301296 -111.24444580 254.88047791
v 13.00000000 -111.06169128 254.37663269
v 12.93301296 -110.77749634 254.47586060
v 13.00000000 -110.48854065 254.00842285
v 12.99999428 -110.47492981 254.00427246
v 12.93301296 -110.24240875 254.16693115
v 12.99505234 -110.07503510 253.90379333
v 12.93301296 -109.65853119 253.96484375
v 12.98304272 -109.66743469 253.84283447
v 12.96698380 -109.25652313 253.82241821
v 12.93301296 -109.04695129 253.87692261
v 12.94934845 -108.84588623 253.84321594
v 12.93255615 -108.43898773 253.90585327
v 12.91897774 -108.04002380 254.01072693
v 12.75000000 -108.45583344 254.08746338
v 12.75000000 -109.03824615 254.05972290
v 12.75000000 -107.88919830 254.22492981
v 12.91017532 -107.65516663 254.15689087
v 12.75000000 -107.35881805 254.46714783
v 12.90704632 -107.28749847 254.34361267
v 12.91017532 -106.94195557 254.56866455
v 12.75000000 -106.88386536 254.80535889
v 12.91897774 -106.62294769 254.82888794
v 12.50000000 -105.96244812 256.47833252
v 12.75000000 -105.83921051 256.83169556
v 12.50000000 -105.89231110 257.12322998
v 12.75000000 -105.83921051 257.41476440
v 12.50000000 -105.96244812 257.76815796
v 12.75000000 -105.94956207 257.98730469
v 12.50000000 -106.16958618 258.38290405
v 12.75000000 -106.16626740 258.52862549
v 12.50000000 -106.50403595 258.93875122
v 12.75000000 -106.48149872 259.01913452
v 12.75000000 -106.88386536 259.44110107
v 12.75000000 -105.94956207 256.25915527
v 12.50000000 -106.16958618 255.86357117
v 12.50000000 -107.48709106 254.47270203
v 12.50000000 -108.08972931 254.23258972
v 12.50000000 -108.72989655 254.12763977
v 12.50000000 -109.37766266 254.16275024
v 12.75000000 -109.61537933 254.14270020
v 12.50000000 -110.00273132 254.33630371
v 12.75000000 -110.16638947 254.33340454
v 12.50000000 -110.57587433 254.64016724
v 12.75000000 -110.67134094 254.62493896
v 12.50000000 -111.07029724 255.06013489
v 12.75000000 -111.11199951 255.00677490
v 12.75000000 -111.47242737 255.46510315
v 12.50000000 -111.46288300 255.57656860
v 12.75000000 -111.73960876 255.98335266
v 12.50000000 -111.73527527 256.16534424
v 12.75000000 -111.90387726 256.54281616
v 12.50000000 -111.87472534 256.79888916
v 12.75000000 -111.95929718 257.12322998
v 12.50000000 -111.87472534 257.44760132
v 12.75000000 -111.90387726 257.70367432
v 12.50000000 -111.73527527 258.08114624
v 12.75000000 -111.73960876 258.26312256
v 12.50000000 -111.46288300 258.66989136
v 12.75000000 -111.47242737 258.78137207
v 12.50000000 -111.07029724 259.18634033
v 12.75000000 -111.11199951 259.23968506
v 12.50000000 -110.57587433 259.60629272
v 12.75000000 -110.67134094 259.62152100
v 12.75000000 -110.16638947 259.91305542
v 12.50000000 -110.00273132 259.91015625
v 12.75000000 -109.61537933 260.10375977
v 12.50000000 -109.37766266 260.08370972
v 12.75000000 -109.03824615 260.18673706
v 12.50000000 -108.72989655 260.11883545
v 12.75000000 -108.45583344 260.15899658
v 12.50000000 -108.08972931 260.01388550
v 12.75000000 -107.88919830 260.02154541
v 12.50000000 -107.48709106 259.77377319
v 12.75000000 -107.35881805 259.77932739
v 12.50000000 -106.95015717 259.40972900
v 13.00000000 -102.09666443 269.07553101
v 12.93301296 -102.14231110 268.81457520
v 13.00000000 -101.51731110 268.68093872
v 12.93301296 -101.63901520 268.45617676
v 12.99999332 -101.50911713 268.67065430
v 12.98318386 -101.10756683 268.07174683
v 12.93301296 -101.21263885 268.00900269
v 12.93301296 -100.87860107 267.48922729
v 12.75000000 -101.35649872 267.89587402
v 12.75000000 -101.04126740 267.40536499
v 12.50000000 -101.37903595 267.81552124
v 12.50000000 -101.04458618 267.25967407
v 12.93301296 -102.70434570 269.07125854
v 13.00000000 -102.74302673 269.34677124
v 12.93301296 -103.30478668 269.21691895
v 13.00000000 -103.43047333 269.48376465
v 12.93301296 -103.92195129 269.24630737
v 13.00000000 -104.13143158 269.48101807
v 12.93301296 -104.53353119 269.15838623
v 13.00000000 -104.81777954 269.33862305
v 12.93301296 -105.11740875 268.95629883
v 13.00000000 -105.46199799 269.06234741
v 12.93301296 -105.65249634 268.64736938
v 13.00000000 -106.03823853 268.66323853
v 12.93301296 -106.11944580 268.24276733
v 13.00000000 -106.52339935 268.15731812
v 12.93301296 -106.50138855 267.75708008
v 13.00000000 -106.89801025 267.56484985
v 12.93301296 -106.78450775 267.20788574
v 13.00000000 -107.14704895 266.90960693
v 12.93301296 -106.95858002 266.61505127
v 13.00000000 -107.26052094 266.21789551
v 12.93301296 -107.01731110 266.00000000
v 13.00000000 -107.23388672 265.51742554
v 12.93301296 -106.95858002 265.38491821
v 13.00000000 -107.06820679 264.83633423
v 12.93301296 -106.78450775 264.79208374
v 13.00000000 -106.77012634 264.20190430
v 12.93301296 -106.50138855 264.24291992
v 13.00000000 -106.35160828 263.63961792
v 12.93301296 -106.11944580 263.75723267
v 13.00000000 -105.82942963 263.17196655
v 12.93301296 -105.65249634 263.35263062
v 13.00000000 -105.22454071 262.81777954
v 12.93301296 -105.11943817 263.04461670
v 12.93301296 -104.53353119 262.84161377
v 12.75000000 -104.49037933 263.01947021
v 12.75000000 -103.91324615 262.93649292
v 12.50000000 -104.25266266 263.03952026
v 12.50000000 -103.60489655 263.00439453
v 12.75000000 -103.33083344 262.96423340
v 12.50000000 -102.96472931 263.10934448
v 12.75000000 -102.76419830 263.10168457
v 12.50000000 -102.36209106 263.34945679
v 12.75000000 -102.23381805 263.34390259
v 12.50000000 -101.82515717 263.71350098
v 12.75000000 -101.75886536 263.68212891
v 12.75000000 -101.35649872 264.10409546
v 12.93301296 -101.63901520 263.54382324
v 12.93301296 -101.21263885 263.99096680
v 12.98304272 -101.31396484 263.68850708
v 12.96698380 -101.09083557 264.03417969
v 13.00000000 -104.56120300 262.59121704
v 12.93301296 -103.92195129 262.75366211
v 13.00000000 -103.86602020 262.50137329
v 12.93301296 -103.30478668 262.78308105
v 13.00000000 -103.16687775 262.55187988
v 12.93301296 -102.70434570 262.92874146
v 13.00000000 -102.49182129 262.74069214
v 12.93301296 -102.14231110 263.18542480
v 13.00000000 -101.86791992 263.06021118
v 12.99999428 -101.85751343 263.06991577
v 12.99505234 -101.57054901 263.36599731
v 12.94934845 -100.90351868 264.40017700
v 12.93301296 -100.87860107 264.51077271
v 12.75000000 -101.04126740 264.59463501
v 12.93255615 -100.75431824 264.78390503
v 12.75000000 -100.82456207 265.13592529
v 12.91897774 -100.64566040 265.18185425
v 12.91017532 -100.57981110 265.58822632
v 12.75000000 -100.71421051 265.70846558
v 12.90704632 -100.55767822 266.00000000
v 12.75000000 -100.71421051 266.29153442
v 12.91905403 -100.62122345 266.71917725
v 12.75000000 -100.82456207 266.86407471
v 12.94955540 -100.80796814 267.41641235
v 12.50000000 -100.83744812 265.35507202
v 12.50000000 -100.76731110 266.00000000
v 12.50000000 -100.83744812 266.64489746
v 12.50000000 -101.04458618 264.74032593
v 12.50000000 -101.37903595 264.18447876
v 12.50000000 -104.87773132 263.21307373
v 12.75000000 -105.04234314 263.21060181
v 12.75000000 -105.54634094 263.50170898
v 12.50000000 -105.45087433 263.51693726
v 12.50000000 -105.94529724 263.93688965
v 12.75000000 -105.98699951 263.88354492
v 12.75000000 -106.34742737 264.34185791
v 12.50000000 -106.33788300 264.45333862
v 12.75000000 -106.61460876 264.86010742
v 12.50000000 -106.61027527 265.04208374
v 12.75000000 -106.77887726 265.41955566
v 12.50000000 -106.74972534 265.67562866
v 12.75000000 -106.83429718 266.00000000
v 12.50000000 -106.74972534 266.32434082
v 12.75000000 -106.77887726 266.58041382
v 12.50000000 -106.61027527 266.95788574
v 12.75000000 -106.61460876 267.13989258
v 12.50000000 -106.33788300 267.54666138
v 12.75000000 -106.34742737 267.65814209
v 12.50000000 -105.94529724 268.06307983
v 12.75000000 -105.98699951 268.11645508
v 12.50000000 -105.45087433 268.48306274
v 12.75000000 -105.54634094 268.49829102
v 12.75000000 -105.04138947 268.78982544
v 12.50000000 -104.87773132 268.78692627
v 12.75000000 -104.49037933 268.98052979
v 12.50000000 -104.25266266 268.96047974
v 12.75000000 -103.91324615 269.06350708
v 12.50000000 -103.60489655 268.99560547
v 12.75000000 -103.33083344 269.03576660
v 12.50000000 -102.96472931 268.89065552
v 12.75000000 -102.76419830 268.89831543
v 12.50000000 -102.36209106 268.65054321
v 12.75000000 -102.23381805 268.65609741
v 12.50000000 -101.82515717 268.28646851
v 12.75000000 -101.75886536 268.31787109
v 13.00000000 -112.32067108 274.17221069
v 12.93301296 -112.08358002 274.26168823
v 13.00000000 -112.39231110 274.87677002
v 12.93301296 -112.14231110 274.87677002
v 12.93301296 -112.08358002 275.49182129
v 12.75000000 -111.95929718 274.87677002
v 12.75000000 -111.90387726 275.45718384
v 12.50000000 -111.87472534 275.20111084
v 12.50000000 -111.73527527 275.83465576
v 12.93301296 -111.90950775 273.66885376
v 13.00000000 -112.10866547 273.49652100
v 12.93301296 -111.62638855 273.11965942
v 13.00000000 -111.76498413 272.87731934
v 12.93301296 -111.24444580 272.63400269
v 13.00000000 -111.30369568 272.33999634
v 12.93301296 -110.77749634 272.22937012
v 13.00000000 -110.74369049 271.90649414
v 12.93301296 -110.24240875 271.92044067
v 13.00000000 -110.10787964 271.59463501
v 12.93301296 -109.65853119 271.71838379
v 13.00000000 -109.42230988 271.41711426
v 12.93301296 -109.04695129 271.63043213
v 13.00000000 -108.71504211 271.38125610
v 12.93301296 -108.42978668 271.65985107
v 13.00000000 -108.01502991 271.48849487
v 12.93301296 -107.82934570 271.80551147
v 13.00000000 -107.35093689 271.73443604
v 12.93301296 -107.26731110 272.06216431
v 13.00000000 -106.74993896 272.10903931
v 12.93301296 -106.76401520 272.42056274
v 13.00000000 -106.23665619 272.59695435
v 12.93301296 -106.33763885 272.86773682
v 13.00000000 -105.83209991 273.17819214
v 12.93301296 -106.00360107 273.38751221
v 13.00000000 -105.55282593 273.82897949
v 12.93301296 -105.77396393 273.96112061
v 13.00000000 -105.41027069 274.52267456
v 12.93301296 -105.65702820 274.56781006
v 13.00000000 -105.41027069 275.23083496
v 12.93301296 -105.65702820 275.18569946
v 12.93301296 -105.77396393 275.79238892
v 12.75000000 -105.94956207 275.74081421
v 12.75000000 -106.16626740 276.28213501
v 12.50000000 -106.16958618 276.13641357
v 12.50000000 -106.50403595 276.69229126
v 12.75000000 -106.48149872 276.77264404
v 12.75000000 -106.88386536 277.19464111
v 12.93301296 -106.33763885 276.88577271
v 12.93301296 -106.76401520 277.33294678
v 13.00000000 -106.23665619 277.15655518
v 13.00000000 -106.74993896 277.64447021
v 13.00000000 -105.55282593 275.92453003
v 12.93301296 -106.00360107 276.36599731
v 13.00000000 -105.83209991 276.57531738
v 12.93301296 -107.26731110 277.69134521
v 13.00000000 -107.35093689 278.01907349
v 12.93301296 -107.82934570 277.94799805
v 13.00000000 -108.01502991 278.26501465
v 12.93301296 -108.42978668 278.09368896
v 13.00000000 -108.71504211 278.37225342
v 12.93301296 -109.04695129 278.12307739
v 13.00000000 -109.42230988 278.33639526
v 12.93301296 -109.65853119 278.03515625
v 13.00000000 -110.10787964 278.15887451
v 12.93301296 -110.24240875 277.83306885
v 13.00000000 -110.74369049 277.84701538
v 12.93301296 -110.77749634 277.52413940
v 13.00000000 -111.30369568 277.41354370
v 12.93301296 -111.24444580 277.11950684
v 13.00000000 -111.76498413 276.87619019
v 12.93301296 -111.62638855 276.63385010
v 13.00000000 -112.10866547 276.25698853
v 12.93301296 -111.90950775 276.08465576
v 13.00000000 -112.32067108 275.58129883
v 12.50000000 -105.96244812 274.23184204
v 12.75000000 -105.83921051 274.58523560
v 12.50000000 -105.89231110 274.87677002
v 12.75000000 -105.83921051 275.16830444
v 12.50000000 -105.96244812 275.52166748
v 12.75000000 -105.94956207 274.01269531
v 12.50000000 -106.16958618 273.61709595
v 12.75000000 -106.16626740 273.47137451
v 12.50000000 -106.50403595 273.06124878
v 12.75000000 -106.48149872 272.98086548
v 12.50000000 -106.95015717 272.59027100
v 12.75000000 -106.88386536 272.55886841
v 12.75000000 -107.35881805 272.22067261
v 12.50000000 -107.48709106 272.22622681
v 12.75000000 -107.88919830 271.97845459
v 12.50000000 -108.08972931 271.98611450
v 12.75000000 -108.45583344 271.84097290
v 12.50000000 -108.72989655 271.88116455
v 12.75000000 -109.03824615 271.81323242
v 12.50000000 -109.37766266 271.91629028
v 12.75000000 -109.61537933 271.89620972
v 12.50000000 -110.00273132 272.08981323
v 12.75000000 -110.16638947 272.08691406
v 12.50000000 -110.57587433 272.39367676
v 12.75000000 -110.67134094 272.37844849
v 12.50000000 -111.07029724 272.81365967
v 12.75000000 -111.11199951 272.76028442
v 12.75000000 -111.47242737 273.21862793
v 12.50000000 -111.46288300 273.33010864
v 12.75000000 -111.73960876 273.73687744
v 12.50000000 -111.73527527 273.91885376
v 12.75000000 -111.90387726 274.29632568
v 12.50000000 -111.87472534 274.55239868
v 12.75000000 -111.73960876 276.01663208
v 12.50000000 -111.46288300 276.42343140
v 12.75000000 -111.47242737 276.53488159
v 12.50000000 -111.07029724 276.93984985
v 12.75000000 -111.11199951 276.99322510
v 12.50000000 -110.57587433 277.35983276
v 12.75000000 -110.67134094 277.37506104
v 12.75000000 -110.16638947 277.66659546
v 12.50000000 -110.00273132 277.66369629
v 12.75000000 -109.61537933 277.85729980
v 12.50000000 -109.37766266 277.83724976
v 12.75000000 -109.03824615 277.94027710
v 12.50000000 -108.72989655 277.87234497
v 12.75000000 -108.45583344 277.91253662
v 12.50000000 -108.08972931 277.76739502
v 12.75000000 -107.88919830 277.77505493
v 12.50000000 -107.48709106 277.52728271
v 12.75000000 -107.35881805 277.53283691
v 12.50000000 -106.95015717 277.16323853
v 0.00000000 -112.58395386 275.80786133
v 3.00000000 -112.58395386 275.80786133
v 0.00000000 -112.51731110 276.25000000
v 3.00000000 -112.51731110 276.25000000
v 0.00000000 -112.58395386 276.69213867
v 3.00000000 -112.58395386 276.69213867
v 0.00000000 -112.77795410 277.09497070
v 3.00000000 -112.77795410 277.09497070
v 0.00000000 -113.08207703 277.42272949
v 3.00000000 -113.08207703 277.42272949
v 0.00000000 -113.46929932 277.64630127
v 3.00000000 -113.46929932 277.64630127
v 0.00000000 -113.90522003 277.74578857
v 3.00000000 -113.90522003 277.74578857
v 0.00000000 -114.35109711 277.71240234
v 3.00000000 -114.35109711 277.71240234
v 0.00000000 -114.76731110 277.54904175
v 3.00000000 -114.76731110 277.54904175
v 0.00000000 -115.11688995 277.27026367
v 3.00000000 -115.11688995 277.27026367
v 0.00000000 -115.36876678 276.90081787
v 3.00000000 -115.36876678 276.90081787
v 0.00000000 -115.50055695 276.47357178
v 3.00000000 -115.50055695 276.47357178
v 0.00000000 -115.50055695 276.02642822
v 3.00000000 -115.50055695 276.02642822
v 0.00000000 -115.36876678 275.59918213
v 3.00000000 -115.36876678 275.59918213
v 0.00000000 -115.11688995 275.22973633
v 3.00000000 -115.11688995 275.22973633
v 0.00000000 -114.76731110 274.95095825
v 3.00000000 -114.76731110 274.95095825
v 0.00000000 -114.35109711 274.78759766
v 3.00000000 -114.35109711 274.78759766
v 0.00000000 -113.90522003 274.75418091
v 3.00000000 -113.90522003 274.75418091
v 0.00000000 -113.46929932 274.85369873
v 3.00000000 -113.46929932 274.85369873
v 0.00000000 -113.08207703 275.07723999
v 3.00000000 -113.08207703 275.07723999
v 0.00000000 -112.77795410 275.40502930
v 3.00000000 -112.77795410 275.40502930
v 0.00000000 -112.58395386 255.30786133
v 3.00000000 -112.58395386 255.30786133
v 0.00000000 -112.51731110 255.75000000
v 3.00000000 -112.51731110 255.75000000
v 0.00000000 -112.58395386 256.19213867
v 3.00000000 -112.58395386 256.19213867
v 0.00000000 -112.77795410 256.59497070
v 3.00000000 -112.77795410 256.59497070
v 0.00000000 -113.08207703 256.92272949
v 3.00000000 -113.08207703 256.92272949
v 0.00000000 -113.46929932 257.14630127
v 3.00000000 -113.46929932 257.14630127
v 0.00000000 -113.90522003 257.24578857
v 3.00000000 -113.90522003 257.24578857
v 0.00000000 -114.35109711 257.21240234
v 3.00000000 -114.35109711 257.21240234
v 0.00000000 -114.76731110 257.04904175
v 3.00000000 -114.76731110 257.04904175
v 0.00000000 -115.11688995 256.77026367
v 3.00000000 -115.11688995 256.77026367
v 0.00000000 -115.36876678 256.40081787
v 3.00000000 -115.36876678 256.40081787
v 0.00000000 -115.50055695 255.97355652
v 3.00000000 -115.50055695 255.97355652
v 0.00000000 -115.50055695 255.52642822
v 3.00000000 -115.50055695 255.52642822
v 0.00000000 -115.36876678 255.09916687
v 3.00000000 -115.36876678 255.09916687
v 0.00000000 -115.11688995 254.72973633
v 3.00000000 -115.11688995 254.72973633
v 0.00000000 -114.76731110 254.45095825
v 3.00000000 -114.76731110 254.45095825
v 0.00000000 -114.35109711 254.28759766
v 3.00000000 -114.35109711 254.28759766
v 0.00000000 -113.90522003 254.25419617
v 3.00000000 -113.90522003 254.25419617
v 0.00000000 -113.46929932 254.35368347
v 3.00000000 -113.46929932 254.35368347
v 0.00000000 -113.08207703 254.57725525
v 3.00000000 -113.08207703 254.57725525
v 0.00000000 -112.77795410 254.90501404
v 3.00000000 -112.77795410 254.90501404
v -30.80630493 -117.65944672 297.15808105
v -30.80630493 -126.51731110 297.15808105
v -31.06904793 -122.08837891 297.41229248
v -31.06904793 -126.51731110 297.41229248
v -31.22286034 -122.08837891 297.74392700
v -31.22286034 -126.51731110 297.74392700
v -31.24718666 -122.08837891 298.10870361
v -31.24718666 -126.51731110 298.10870361
v -31.13877487 -126.51731110 298.45785522
v -31.13877487 -117.65944672 298.45785522
v -31.24718666 -117.65944672 298.10870361
v -31.22286034 -117.65944672 297.74392700
v -31.06904793 -117.65944672 297.41229248
v -37.50609589 -112.12258911 303.15075684
v -37.50609589 -107.51731110 303.15075684
v -37.10750580 -113.44657135 303.49972534
v -36.93821335 -107.51731110 303.62231445
v -36.80115128 -114.81984711 303.71212769
v -36.29335403 -107.51731110 303.98150635
v -36.60789108 -116.23220825 303.82577515
v -36.55867767 -116.94417572 303.85250854
v -36.54213333 -117.65944672 303.86120605
v -36.29335403 -119.01735687 303.98150635
v -36.50728226 -127.14206696 303.87948608
v -36.38058472 -127.83685303 303.94174194
v -36.17116165 -128.46298218 304.03305054
v -35.86384201 -129.04548645 304.14236450
v -35.59347153 -119.01735687 304.21606445
v -35.45235443 -129.55616760 304.24658203
v -35.28371048 -129.71250916 304.27615356
v -34.86240387 -119.01735687 304.31805420
v -34.93263626 -129.97019958 304.31417847
v -34.51822662 -130.18585205 304.31915283
v -34.12504578 -119.01735687 304.28396606
v -34.33298492 -130.25827026 304.30740356
v -34.04911041 -130.34619141 304.27264404
v -33.69495010 -130.42340088 304.19973755
v -33.40650558 -119.01735687 304.11495972
v -33.06545258 -130.49531555 303.98306274
v -32.73125076 -119.01735687 303.81680298
v -32.47896576 -130.51528931 303.66384888
v -32.12228394 -119.01735687 303.39965820
v -32.10543060 -130.51739502 303.38562012
v -31.85008621 -130.51731873 303.15161133
v -31.60033417 -119.01735687 302.87771606
v -31.50492096 -130.51708984 302.75802612
v -31.18317986 -119.01735687 302.26873779
v -31.24361992 -130.51289368 302.37353516
v -31.06940460 -130.50186157 302.04885864
v -30.88502693 -119.01735687 301.59350586
v -30.88269424 -130.46417236 301.58645630
v -30.72713280 -130.34577942 300.94943237
v -30.71602821 -119.01735687 300.87493896
v -30.70243263 -130.29205322 300.76654053
v -30.67766953 -130.11238098 300.32232666
v -30.68193817 -119.01735687 300.13760376
v -30.70373535 -129.83271790 299.86642456
v -30.78391647 -119.01735687 299.40652466
v -30.76961136 -129.47500610 299.46963501
v -30.85493851 -129.05862427 299.14474487
v -31.01849365 -119.01735687 298.70663452
v -30.94403648 -128.59431458 298.88705444
v -31.02366447 -128.10021973 298.69497681
v -31.08607864 -127.58230591 298.56152344
v -31.12016487 -127.14959717 298.49362183
v -35.59347153 -107.51731110 304.21606445
v -34.86240387 -107.51731110 304.31805420
v -34.12504578 -107.51731110 304.28396606
v -33.40650558 -107.51731110 304.11495972
v -32.73125076 -107.51731110 303.81680298
v -32.12228394 -107.51731110 303.39965820
v -31.60033417 -107.51731110 302.87771606
v -31.18317986 -107.51731110 302.26873779
v -30.88502693 -107.51731110 301.59350586
v -30.71602821 -107.51731110 300.87493896
v -30.68193817 -107.51731110 300.13760376
v -30.78391647 -107.51731110 299.40652466
v -31.01849365 -107.51731110 298.70663452
v -31.14437485 -117.08466339 298.44726562
v -31.19013214 -115.94695282 298.36349487
v -31.37767982 -107.51731110 298.06176758
v -31.28660583 -114.83090973 298.20083618
v -31.40762711 -113.95314789 298.01867676
v -31.49947357 -113.45051575 297.89352417
v -31.67793274 -112.68961334 297.67626953
v -31.84924316 -107.51731110 297.49389648
v -31.84924316 -112.12258911 297.49389648
v -36.54213333 -126.51731110 303.86120605
v -34.13414764 -107.51731110 298.29388428
v -34.13414764 -103.01731110 298.29388428
v -34.67766953 -107.51731110 298.22232056
v -34.67766953 -103.01731110 298.22232056
v -35.22119141 -107.51731110 298.29388428
v -35.22119141 -103.01731110 298.29388428
v -35.72766876 -107.51731110 298.50366211
v -35.72766876 -103.01731110 298.50366211
v -36.16259384 -107.51731110 298.83740234
v -36.16259384 -103.01731110 298.83740234
v -36.49632263 -107.51731110 299.27233887
v -36.49632263 -103.01731110 299.27233887
v -36.70611191 -107.51731110 299.77880859
v -36.70611191 -103.01731110 299.77880859
v -36.77766800 -107.51731110 300.32232666
v -36.77766800 -103.01731110 300.32232666
v -36.70611191 -107.51731110 300.86584473
v -36.70611191 -103.01731110 300.86584473
v -36.49632263 -107.51731110 301.37231445
v -36.49632263 -103.01731110 301.37231445
v -36.16259384 -107.51731110 301.80725098
v -36.16259384 -103.01731110 301.80725098
v -35.72766876 -107.51731110 302.14099121
v -35.72766876 -103.01731110 302.14099121
v -35.22119141 -107.51731110 302.35076904
v -35.22119141 -103.01731110 302.35076904
v -34.67766953 -107.51731110 302.42233276
v -34.67766953 -103.01731110 302.42233276
v -34.13414764 -107.51731110 302.35076904
v -34.13414764 -103.01731110 302.35076904
v -33.62767029 -107.51731110 302.14099121
v -33.62767029 -103.01731110 302.14099121
v -33.19274521 -107.51731110 301.80725098
v -33.19274521 -103.01731110 301.80725098
v -32.85901642 -107.51731110 301.37231445
v -32.85901642 -103.01731110 301.37231445
v -32.64922714 -107.51731110 300.86584473
v -32.64922714 -103.01731110 300.86584473
v -32.57767105 -107.51731110 300.32232666
v -32.57767105 -103.01731110 300.32232666
v -32.64922714 -107.51731110 299.77880859
v -32.64922714 -103.01731110 299.77880859
v -32.85901642 -107.51731110 299.27233887
v -32.85901642 -103.01731110 299.27233887
v -33.19274521 -107.51731110 298.83740234
v -33.19274521 -103.01731110 298.83740234
v -33.62767029 -107.51731110 298.50366211
v -33.62767029 -103.01731110 298.50366211
v 1.22118950 -107.51731110 333.64923096
v 1.22118950 -103.01731110 333.64923096
v 0.67766953 -107.51731110 333.57766724
v 0.67766953 -103.01731110 333.57766724
v 0.13414954 -107.51731110 333.64923096
v 0.13414954 -103.01731110 333.64923096
v -0.37233046 -107.51731110 333.85900879
v -0.37233046 -103.01731110 333.85900879
v -0.80725473 -107.51731110 334.19274902
v -0.80725473 -103.01731110 334.19274902
v -1.14098382 -107.51731110 334.62765503
v -1.14098382 -103.01731110 334.62765503
v -1.35077477 -107.51731110 335.13415527
v -1.35077477 -103.01731110 335.13415527
v -1.42233050 -107.51731110 335.67767334
v -1.42233050 -103.01731110 335.67767334
v -1.35077477 -107.51731110 336.22119141
v -1.35077477 -103.01731110 336.22119141
v -1.14098382 -107.51731110 336.72766113
v -1.14098382 -103.01731110 336.72766113
v -0.80725473 -107.51731110 337.16259766
v -0.80725473 -103.01731110 337.16259766
v -0.37233046 -107.51731110 337.49630737
v -0.37233046 -103.01731110 337.49630737
v 0.13414954 -107.51731110 337.70611572
v 0.13414954 -103.01731110 337.70611572
v 0.67766953 -107.51731110 337.77767944
v 0.67766953 -103.01731110 337.77767944
v 1.22118950 -107.51731110 337.70611572
v 1.22118950 -103.01731110 337.70611572
v 1.72766948 -107.51731110 337.49630737
v 1.72766948 -103.01731110 337.49630737
v 2.16259384 -107.51731110 337.16259766
v 2.16259384 -103.01731110 337.16259766
v 2.49632287 -107.51731110 336.72766113
v 2.49632287 -103.01731110 336.72766113
v 2.70611382 -107.51731110 336.22119141
v 2.70611382 -103.01731110 336.22119141
v 2.77766943 -107.51731110 335.67767334
v 2.77766943 -103.01731110 335.67767334
v 2.70611382 -107.51731110 335.13415527
v 2.70611382 -103.01731110 335.13415527
v 2.49632287 -107.51731110 334.62765503
v 2.49632287 -103.01731110 334.62765503
v 2.16259384 -107.51731110 334.19274902
v 2.16259384 -103.01731110 334.19274902
v 1.72766948 -107.51731110 333.85900879
v 1.72766948 -103.01731110 333.85900879
v -35.18558884 -96.81731415 295.41052246
v -35.18558884 -103.01731110 295.41052246
v -35.33253098 -99.91731262 295.60519409
v -35.33253098 -103.01731110 295.60519409
v -35.36990738 -99.91731262 295.84619141
v -35.36990738 -103.01731110 295.84619141
v -35.28882217 -99.91731262 296.07620239
v -35.28882217 -103.01731110 296.07620239
v -35.10857391 -99.91731262 296.24050903
v -35.10857391 -103.01731110 296.24050903
v -34.87204361 -103.01731110 296.29998779
v -34.87204361 -96.81731415 296.29998779
v -35.10857391 -96.81731415 296.24050903
v -35.28882217 -96.81731415 296.07620239
v -35.36990738 -96.81731415 295.84619141
v -35.33253098 -96.81731415 295.60519409
v -34.87204361 -96.81731415 339.69998169
v -34.87204361 -103.01731110 339.69998169
v -35.10857391 -99.91731262 339.75949097
v -35.10857391 -103.01731110 339.75949097
v -35.28882217 -99.91731262 339.92376709
v -35.28882217 -103.01731110 339.92376709
v -35.36990738 -99.91731262 340.15380859
v -35.36990738 -103.01731110 340.15380859
v -35.33253098 -99.91731262 340.39480591
v -35.33253098 -103.01731110 340.39480591
v -35.18558884 -103.01731110 340.58947754
v -35.18558884 -96.81731415 340.58947754
v -35.33253098 -96.81731415 340.39480591
v -35.36990738 -96.81731415 340.15380859
v -35.28882217 -96.81731415 339.92376709
v -35.10857391 -96.81731415 339.75949097
v 4.68785095 -130.82632446 299.76339722
v 4.63937569 -130.51731873 299.77017212
v 4.55592346 -130.82632446 299.15908813
v 4.46933842 -130.51731873 299.04824829
v 4.33348799 -130.82632446 298.58193970
v 4.16894770 -130.51731873 298.37014771
v 4.02573586 -130.82632446 298.04541016
v 3.74853110 -130.51731873 297.75915527
v 3.63984895 -130.82632446 297.56198120
v 3.22254229 -130.51731873 297.23629761
v 3.18483281 -130.82632446 297.14300537
v 2.60906363 -130.51731873 296.81951904
v 2.67130613 -130.82632446 296.79821777
v 2.11125326 -130.82632446 296.53567505
v 2.16154432 -131.10510254 296.40283203
v 1.54721510 -131.10510254 296.22253418
v 1.59311628 -131.32632446 296.00613403
v 0.92499393 -131.32632446 295.91705322
v 0.94062012 -131.46836853 295.63873291
v 0.22414860 -131.46836853 295.65332031
v 0.29255310 -131.51731873 295.33718872
v -0.53420126 -131.51731873 295.47140503
v -0.48173898 -131.46836853 295.77688599
v -1.16056907 -131.46836853 296.00653076
v -0.41283950 -131.32632446 296.04699707
v -1.05132926 -131.32632446 296.26300049
v -0.35816056 -131.10510254 296.26135254
v -0.96463591 -131.10510254 296.46652222
v -0.32305452 -130.82632446 296.39898682
v -0.90897542 -130.82632446 296.59719849
v -0.26856530 -130.51731873 296.43585205
v -0.96980697 -130.51731873 296.67736816
v 1.92918611 -130.51731873 296.52316284
v 1.51774466 -130.82632446 296.36148071
v 0.91259289 -131.10510254 296.13793945
v 0.25109974 -131.32632446 295.93078613
v 1.20628297 -130.51731873 296.35742188
v 0.90463096 -130.82632446 296.27975464
v 0.27248824 -131.10510254 296.15097046
v 0.46520674 -130.51731873 296.32797241
v 0.28622052 -130.82632446 296.29235840
v -1.45786822 -130.82632446 296.88235474
v -1.61441040 -130.51731873 297.04415894
v -1.95692348 -130.82632446 297.24777222
v -2.18021488 -130.51731873 297.52368164
v -2.39449453 -130.82632446 297.68493652
v -2.64776874 -130.51731873 298.09939575
v -2.76036930 -130.82632446 298.18368530
v -3.00099802 -130.51731873 298.75152588
v -3.04600978 -130.82632446 298.73229980
v -3.24474978 -130.82632446 299.31805420
v -3.38235068 -131.10510254 299.28280640
v -3.49331260 -131.10510254 299.91336060
v -3.71348858 -131.32632446 299.89178467
v -3.72783017 -131.32632446 300.56567383
v -4.00617409 -131.46836853 300.58102417
v -3.91211367 -131.46836853 301.29144287
v -4.23845053 -131.51731873 301.23434448
v -4.01723337 -131.51731873 302.04217529
v -3.71093988 -131.46836853 301.97924805
v -3.66426969 -131.51731873 302.80175781
v -3.40734816 -131.46836853 302.62838745
v -3.00842285 -131.46836853 303.22372437
v -3.16459012 -131.32632446 302.49136353
v -2.78937173 -131.32632446 303.05130005
v -2.97193646 -131.10510254 302.38259888
v -2.61553168 -131.10510254 302.91445923
v -2.84824514 -130.82632446 302.31277466
v -2.50391936 -130.82632446 302.82659912
v -2.78393888 -130.51731873 302.32662964
v -2.35440636 -130.51731873 302.93124390
v -3.22775936 -130.51731873 299.45767212
v -3.35195088 -130.82632446 299.92721558
v -3.50693512 -131.10510254 300.55346680
v -3.63935924 -131.32632446 301.23385620
v -3.32025671 -130.51731873 300.19354248
v -3.36511159 -130.82632446 300.54562378
v -3.42290020 -131.10510254 301.18817139
v -3.45014071 -131.32632446 301.88079834
v -3.27531028 -130.51731873 300.93383789
v -3.28392482 -130.82632446 301.15881348
v -3.24316907 -131.10510254 301.80264282
v -3.09446526 -130.51731873 301.65310669
v -3.11028528 -130.82632446 301.75247192
v -2.08534431 -130.82632446 303.28201294
v -1.82063496 -130.51731873 303.44619751
v -1.60228777 -130.82632446 303.66833496
v -1.20097494 -130.51731873 303.85369873
v -1.06602323 -130.82632446 303.97656250
v -0.51672930 -130.51731873 304.13983154
v -0.48906571 -130.82632446 304.19952393
v 0.11512029 -130.82632446 304.33200073
v 0.09538571 -131.10510254 304.47265625
v 0.73435587 -131.10510254 304.51293945
v 0.73734820 -131.32632446 304.73413086
v 1.40865529 -131.32632446 304.67355347
v 1.45483971 -131.46836853 304.94848633
v 2.15042377 -131.46836853 304.77612305
v 2.10627437 -131.51731873 305.11389160
v 2.88607359 -131.51731873 304.80819702
v 2.81163740 -131.46836853 304.49981689
v 3.60390139 -131.51731873 304.37661743
v 3.42305040 -131.46836853 304.12603760
v 2.68482351 -131.32632446 304.25158691
v 3.25990224 -131.32632446 303.89999390
v 2.58418322 -131.10510254 304.05456543
v 3.13042712 -131.10510254 303.72061157
v 2.51956820 -130.82632446 303.92807007
v 3.04729891 -130.82632446 303.60543823
v 3.01865506 -130.51731873 303.56573486
v 2.37962508 -130.51731873 303.94216919
v 1.94885266 -130.82632446 304.16653442
v 1.68208420 -130.51731873 304.19415283
v 1.34847105 -130.82632446 304.31530762
v 0.95001262 -130.51731873 304.31304932
v 0.73243469 -130.82632446 304.37091064
v 0.20857827 -130.51731873 304.29473877
v 1.28638625 -131.51731873 305.28512573
v 0.74111879 -131.46836853 305.01287842
v 0.06464837 -131.32632446 304.69174194
v -0.52999556 -131.10510254 304.33554077
v 0.44941649 -131.51731873 305.31710815
v 0.02591706 -131.46836853 304.96780396
v -0.59374523 -131.32632446 304.54739380
v -1.12719309 -131.10510254 304.10476685
v -0.38114813 -131.51731873 305.20892334
v -0.67407453 -131.46836853 304.81433105
v -1.22246742 -131.32632446 304.30441284
v -1.68227017 -131.10510254 303.78570557
v -1.18200064 -131.51731873 304.96362305
v -1.34252000 -131.46836853 304.55603027
v -1.80684555 -131.32632446 303.96853638
v -2.18227243 -131.10510254 303.38583374
v -1.93066764 -131.51731873 304.58807373
v -1.96381986 -131.46836853 304.19891357
v -2.33324194 -131.32632446 303.54754639
v -2.60614038 -131.51731873 304.09280396
v -2.52347445 -131.46836853 303.75131226
v -3.18946409 -131.51731873 303.49176025
v -4.32171297 -131.51731873 300.40090942
v -3.99092650 -131.46836853 299.86456299
v -3.59666920 -131.32632446 299.22793579
v -3.17663884 -131.10510254 298.67654419
v -4.26468468 -131.51731873 299.56527710
v -3.86672640 -131.46836853 299.15881348
v -3.38009834 -131.32632446 298.58966064
v -2.88097811 -131.10510254 298.10864258
v -4.06896591 -131.51731873 298.75088501
v -3.63647223 -131.46836853 298.48019409
v -3.06883025 -131.32632446 297.99179077
v -2.50226784 -131.10510254 297.59243774
v -3.74004841 -131.51731873 297.98059082
v -3.30553794 -131.46836853 297.84454346
v -2.67012906 -131.32632446 297.44833374
v -2.04934669 -131.10510254 297.13992310
v -3.28716278 -131.51731873 297.27600098
v -2.88164639 -131.46836853 297.26675415
v -2.19329929 -131.32632446 296.97192383
v -1.53278434 -131.10510254 296.76168823
v -2.72301722 -131.51731873 296.65689087
v -2.37469006 -131.46836853 296.76025391
v -1.64946878 -131.32632446 296.57373047
v -2.06344295 -131.51731873 296.14065552
v -1.79649973 -131.46836853 296.33688354
v -1.32694852 -131.51731873 295.74176025
v 1.13011444 -131.51731873 295.34283447
v 1.65095508 -131.46836853 295.73342896
v 2.23987460 -131.32632446 296.19592285
v 2.74124408 -131.10510254 296.67459106
v 1.95497954 -131.51731873 295.48822021
v 2.33857632 -131.46836853 295.93521118
v 2.85017514 -131.32632446 296.48202515
v 3.27278566 -131.10510254 297.03146362
v 2.74400115 -131.51731873 295.76928711
v 2.98743629 -131.46836853 296.23941040
v 3.40977550 -131.32632446 296.85775757
v 3.74376416 -131.10510254 297.46514893
v 3.47503805 -131.51731873 296.17810059
v 3.58239269 -131.46836853 296.63885498
v 3.90561581 -131.32632446 297.31433105
v 4.14318848 -131.10510254 297.96551514
v 4.12757635 -131.51731873 296.70318604
v 4.10956049 -131.46836853 297.12429810
v 4.32612467 -131.32632446 297.84112549
v 4.46173668 -131.10510254 298.52090454
v 4.68330431 -131.51731873 297.32986450
v 4.55663776 -131.46836853 297.68435669
v 4.66148806 -131.32632446 298.42578125
v 4.69197512 -131.10510254 299.11828613
v 5.12662792 -131.51731873 298.04049683
v 4.91318989 -131.46836853 298.30596924
v 4.90388060 -131.32632446 299.05474854
v 4.82853031 -131.10510254 299.74380493
v 5.44510603 -131.51731873 298.81515503
v 5.17089701 -131.46836853 298.97463989
v 5.04764414 -131.32632446 299.71325684
v 5.62980223 -131.51731873 299.63211060
v 5.32374382 -131.46836853 299.67477417
v 1.37200308 -131.10510254 304.45538330
v 2.06290317 -131.32632446 304.51144409
v 1.99344659 -131.10510254 304.30139160
v 2.67766953 -119.01731110 303.78643799
v 3.29711246 -119.01731110 303.34533691
v 3.36931610 -130.50421143 303.28121948
v 3.71283078 -130.47135925 302.92767334
v 3.82188201 -119.01731110 302.79495239
v 4.11022568 -130.42742920 302.37600708
v 4.23301125 -119.01731110 302.15524292
v 4.23917103 -130.41772461 302.14324951
v 4.42854500 -130.41596985 301.71191406
v 4.51564121 -119.01731110 301.44924927
v 4.56686211 -130.43400574 301.25729370
v 4.65955734 -119.01731110 300.70254517
v 4.64228535 -130.46093750 300.85317993
v 4.67766953 -130.49836731 300.32232666
v 4.65955734 -119.01731110 299.94210815
v 4.67672110 -130.50344849 300.23394775
v 4.66439724 -130.51368713 299.99658203
v 4.65349913 -130.51637268 299.88323975
v 4.51564121 -119.01731110 299.19540405
v 4.23301125 -119.01731110 298.48941040
v 3.82188201 -119.01731110 297.84970093
v 3.29711246 -119.01731110 297.29931641
v 2.67766953 -119.01731110 296.85821533
v 1.98594141 -119.01731110 296.54232788
v 1.24692893 -119.01731110 296.36303711
v 0.48734188 -119.01731110 296.32684326
v -0.26696584 -119.01731110 296.43545532
v -0.98399055 -119.01731110 296.68380737
v -1.64255810 -119.01731110 297.06402588
v -2.21726656 -119.01731110 297.56201172
v -2.68734455 -119.01731110 298.15975952
v -3.03580213 -119.01731110 298.83566284
v -3.25004530 -119.01731110 299.56530762
v -3.32233047 -119.01731110 300.32232666
v -3.25004530 -119.01731110 301.07934570
v -3.03580213 -119.01731110 301.80899048
v -2.68734455 -119.01731110 302.48489380
v -2.21726656 -119.01731110 303.08264160
v -1.64255810 -119.01731110 303.58062744
v -0.98399055 -119.01731110 303.96084595
v -0.26536623 -119.01731110 304.20956421
v 0.48734188 -119.01731110 304.31781006
v 1.24692893 -119.01731110 304.28161621
v 1.98594141 -119.01731110 304.10232544
v -3.25004530 -107.51731110 301.07934570
v -3.32233047 -107.51731110 300.32232666
v -3.25004530 -107.51731110 299.56530762
v -3.03580213 -107.51731110 298.83566284
v -2.68734455 -107.51731110 298.15975952
v -2.21726656 -107.51731110 297.56201172
v -1.64255810 -107.51731110 297.06402588
v -0.98399055 -107.51731110 296.68380737
v -3.03580213 -107.51731110 301.80899048
v -2.68734455 -107.51731110 302.48489380
v -2.21726656 -107.51731110 303.08264160
v -1.64255810 -107.51731110 303.58062744
v -0.98399055 -107.51731110 303.96084595
v -0.26536623 -107.51731110 304.20956421
v 0.48734188 -107.51731110 304.31781006
v 1.24692893 -107.51731110 304.28161621
v 1.98594141 -107.51731110 304.10232544
v 2.67766953 -107.51731110 303.78643799
v 3.29711246 -107.51731110 303.34533691
v 3.82188201 -107.51731110 302.79495239
v 4.23301125 -107.51731110 302.15524292
v 4.51564121 -107.51731110 301.44924927
v 4.65955734 -107.51731110 300.70254517
v 4.65955734 -107.51731110 299.94210815
v 4.51564121 -107.51731110 299.19540405
v 4.23301125 -107.51731110 298.48941040
v 3.82188201 -107.51731110 297.84970093
v 3.29711246 -107.51731110 297.29931641
v 2.67766953 -107.51731110 296.85821533
v 1.98594141 -107.51731110 296.54232788
v 1.24692893 -107.51731110 296.36303711
v 0.48734188 -107.51731110 296.32684326
v -0.26536623 -107.51731110 296.43508911
v -31.84924316 -112.12258911 338.50610352
v -31.84924316 -107.51731110 338.50610352
v -31.50026703 -113.44657135 338.10751343
v -31.37767982 -107.51731110 337.93820190
v -31.28785706 -114.81984711 337.80114746
v -31.01849365 -107.51731110 337.29333496
v -31.17420769 -116.23220825 337.60787964
v -31.14748955 -116.94417572 337.55868530
v -31.13877487 -117.65944672 337.54214478
v -31.01849365 -119.01734924 337.29333496
v -31.12952995 -126.96346283 337.52447510
v -31.08597946 -127.58332825 337.43829346
v -31.02347755 -128.10153198 337.30459595
v -30.94392967 -128.59490967 337.11264038
v -30.86752319 -128.99578857 336.89535522
v -30.78391647 -119.01734924 336.59347534
v -30.76952362 -129.47544861 336.52993774
v -30.70379448 -129.83232117 336.13409424
v -30.68193817 -119.01734924 335.86239624
v -30.67766953 -130.11238098 335.67767334
v -30.71602821 -119.01734924 335.12503052
v -30.69409180 -130.26438904 335.31558228
v -30.72659874 -130.34489441 335.05392456
v -30.88502693 -119.01734924 334.40649414
v -30.88172913 -130.46383667 334.41638184
v -31.14351082 -130.50807190 333.80422974
v -31.18317986 -119.01734924 333.73126221
v -31.50495148 -130.51710510 333.24172974
v -31.60033417 -119.01734924 333.12228394
v -31.95182800 -130.51739502 332.75024414
v -32.12228394 -119.01734924 332.60034180
v -32.47720337 -130.51530457 332.33731079
v -32.73125076 -119.01734924 332.18316650
v -33.05890656 -130.49574280 332.01986694
v -33.40650558 -119.01734924 331.88500977
v -33.68671036 -130.42481995 331.80236816
v -34.12504578 -119.01734924 331.71603394
v -34.09900284 -130.33258057 331.71975708
v -34.32177734 -130.26225281 331.69354248
v -34.58038712 -130.15850830 331.67886353
v -34.86240387 -119.01734924 331.68194580
v -34.92692566 -129.97373962 331.68542480
v -35.27542877 -129.71958923 331.72259521
v -35.59347153 -119.01734924 331.78390503
v -35.44767380 -129.56083679 331.75247192
v -35.86131668 -129.04939270 331.85681152
v -36.29335403 -119.01734924 332.01849365
v -36.17003632 -128.46563721 331.96649170
v -36.38025665 -127.83811951 332.05810547
v -36.54213333 -126.51731110 332.13876343
v -36.47055435 -127.40646362 332.10198975
v -36.52433777 -126.96523285 332.12945557
v -30.78391647 -107.51731110 336.59347534
v -30.68193817 -107.51731110 335.86239624
v -30.71602821 -107.51731110 335.12503052
v -30.88502693 -107.51731110 334.40649414
v -31.18317986 -107.51731110 333.73126221
v -31.60033417 -107.51731110 333.12228394
v -32.12228394 -107.51731110 332.60034180
v -32.73125076 -107.51731110 332.18316650
v -33.40650558 -107.51731110 331.88500977
v -34.12504578 -107.51731110 331.71603394
v -34.86240387 -107.51731110 331.68194580
v -35.59347153 -107.51731110 331.78390503
v -36.29335403 -107.51731110 332.01849365
v -36.54213333 -117.65944672 332.13876343
v -36.55272293 -117.08466339 332.14437866
v -36.63651657 -115.94695282 332.19012451
v -36.93821335 -107.51731110 332.37768555
v -36.79915237 -114.83090973 332.28659058
v -36.98132324 -113.95314789 332.40762329
v -37.10647202 -113.45051575 332.49948120
v -37.32371902 -112.68961334 332.67791748
v -37.50609589 -107.51731110 332.84924316
v -37.50609589 -112.12258911 332.84924316
v -31.13877487 -126.51731110 337.54214478
v -34.13414764 -107.51731110 333.64923096
v -34.13414764 -103.01731110 333.64923096
v -34.67766953 -107.51731110 333.57766724
v -34.67766953 -103.01731110 333.57766724
v -35.22119141 -107.51731110 333.64923096
v -35.22119141 -103.01731110 333.64923096
v -35.72766876 -107.51731110 333.85900879
v -35.72766876 -103.01731110 333.85900879
v -36.16259384 -107.51731110 334.19274902
v -36.16259384 -103.01731110 334.19274902
v -36.49632263 -107.51731110 334.62765503
v -36.49632263 -103.01731110 334.62765503
v -36.70611191 -107.51731110 335.13415527
v -36.70611191 -103.01731110 335.13415527
v -36.77766800 -107.51731110 335.67767334
v -36.77766800 -103.01731110 335.67767334
v -36.70611191 -107.51731110 336.22119141
v -36.70611191 -103.01731110 336.22119141
v -36.49632263 -107.51731110 336.72766113
v -36.49632263 -103.01731110 336.72766113
v -36.16259384 -107.51731110 337.16259766
v -36.16259384 -103.01731110 337.16259766
v -35.72766876 -107.51731110 337.49630737
v -35.72766876 -103.01731110 337.49630737
v -35.22119141 -107.51731110 337.70611572
v -35.22119141 -103.01731110 337.70611572
v -34.67766953 -107.51731110 337.77767944
v -34.67766953 -103.01731110 337.77767944
v -34.13414764 -107.51731110 337.70611572
v -34.13414764 -103.01731110 337.70611572
v -33.62767029 -107.51731110 337.49630737
v -33.62767029 -103.01731110 337.49630737
v -33.19274521 -107.51731110 337.16259766
v -33.19274521 -103.01731110 337.16259766
v -32.85901642 -107.51731110 336.72766113
v -32.85901642 -103.01731110 336.72766113
v -32.64922714 -107.51731110 336.22119141
v -32.64922714 -103.01731110 336.22119141
v -32.57767105 -107.51731110 335.67767334
v -32.57767105 -103.01731110 335.67767334
v -32.64922714 -107.51731110 335.13415527
v -32.64922714 -103.01731110 335.13415527
v -32.85901642 -107.51731110 334.62765503
v -32.85901642 -103.01731110 334.62765503
v -33.19274521 -107.51731110 334.19274902
v -33.19274521 -103.01731110 334.19274902
v -33.62767029 -107.51731110 333.85900879
v -33.62767029 -103.01731110 333.85900879
v 1.22118950 -107.51731110 298.29388428
v 1.22118950 -103.01731110 298.29388428
v 0.67766953 -107.51731110 298.22232056
v 0.67766953 -103.01731110 298.22232056
v 0.13414954 -107.51731110 298.29388428
v 0.13414954 -103.01731110 298.29388428
v -0.37233046 -107.51731110 298.50366211
v -0.37233046 -103.01731110 298.50366211
v -0.80725473 -107.51731110 298.83740234
v -0.80725473 -103.01731110 298.83740234
v -1.14098382 -107.51731110 299.27233887
v -1.14098382 -103.01731110 299.27233887
v -1.35077477 -107.51731110 299.77880859
v -1.35077477 -103.01731110 299.77880859
v -1.42233050 -107.51731110 300.32232666
v -1.42233050 -103.01731110 300.32232666
v -1.35077477 -107.51731110 300.86584473
v -1.35077477 -103.01731110 300.86584473
v -1.14098382 -107.51731110 301.37231445
v -1.14098382 -103.01731110 301.37231445
v -0.80725473 -107.51731110 301.80725098
v -0.80725473 -103.01731110 301.80725098
v -0.37233046 -107.51731110 302.14099121
v -0.37233046 -103.01731110 302.14099121
v 0.13414954 -107.51731110 302.35076904
v 0.13414954 -103.01731110 302.35076904
v 0.67766953 -107.51731110 302.42233276
v 0.67766953 -103.01731110 302.42233276
v 1.22118950 -107.51731110 302.35076904
v 1.22118950 -103.01731110 302.35076904
v 1.72766948 -107.51731110 302.14099121
v 1.72766948 -103.01731110 302.14099121
v 2.16259384 -107.51731110 301.80725098
v 2.16259384 -103.01731110 301.80725098
v 2.49632287 -107.51731110 301.37231445
v 2.49632287 -103.01731110 301.37231445
v 2.70611382 -107.51731110 300.86584473
v 2.70611382 -103.01731110 300.86584473
v 2.77766943 -107.51731110 300.32232666
v 2.77766943 -103.01731110 300.32232666
v 2.70611382 -107.51731110 299.77880859
v 2.70611382 -103.01731110 299.77880859
v 2.49632287 -107.51731110 299.27233887
v 2.49632287 -103.01731110 299.27233887
v 2.16259384 -107.51731110 298.83740234
v 2.16259384 -103.01731110 298.83740234
v 1.72766948 -107.51731110 298.50366211
v 1.72766948 -103.01731110 298.50366211
v -34.00000000 -131.51731873 319.00000000
v -34.00000000 -128.01731873 319.00000000
v -33.65797806 -131.51731873 318.93969727
v -33.65797806 -128.01731873 318.93969727
v -33.35721207 -131.51731873 318.76605225
v -33.35721207 -128.01731873 318.76605225
v -33.13397598 -131.51731873 318.50000000
v -33.13397598 -128.01731873 318.50000000
v -33.01519394 -131.51731873 318.17364502
v -33.01519394 -128.01731873 318.17364502
v -33.01519394 -131.51731873 317.82635498
v -33.01519394 -128.01731873 317.82635498
v -33.13397598 -131.51731873 317.50000000
v -33.13397598 -128.01731873 317.50000000
v -33.35721207 -131.51731873 317.23394775
v -33.35721207 -128.01731873 317.23394775
v -33.65797806 -131.51731873 317.06030273
v -33.65797806 -128.01731873 317.06030273
v -34.00000000 -131.51731873 317.00000000
v -34.00000000 -128.01731873 317.00000000
v -32.45252228 -131.51731873 316.50161743
v -31.50694466 -130.51731873 317.27597046
v -32.52500153 -131.51731873 318.00000000
v -31.50694466 -130.51731873 318.72399902
v -32.45252228 -131.51731873 319.49838257
v -31.36276817 -130.51731873 320.16482544
v -32.23577118 -131.51731873 320.98275757
v -31.07584763 -130.51731873 321.58413696
v -31.87676620 -131.51731873 322.43930054
v -30.64903450 -130.51731873 322.96783447
v -31.37886047 -131.51731873 323.85440063
v -30.08657265 -130.51731873 324.30215454
v -30.74670410 -131.51731873 325.21481323
v -29.39405060 -130.51731873 325.57385254
v -29.98619843 -131.51731873 326.50790405
v -28.57835007 -130.51731873 326.77026367
v -29.10444450 -131.51731873 327.72152710
v -27.64757919 -130.51731873 327.87951660
v -28.10967445 -131.51731873 328.84439087
v -26.61098671 -130.51731873 328.89056396
v -27.01117516 -131.51731873 329.86599731
v -25.47887611 -130.51731873 329.79339600
v -25.81920433 -131.51731873 330.77682495
v -24.26250076 -130.51731873 330.57901001
v -24.54489326 -131.51731873 331.56835938
v -22.97394562 -130.51731873 331.23962402
v -23.20013428 -131.51731873 332.23318481
v -21.62601852 -130.51731873 331.76864624
v -21.79748917 -131.51731873 332.76513672
v -20.23211670 -130.51731873 332.16082764
v -20.35004997 -131.51731873 333.15924072
v -18.80609322 -130.51731873 332.41226196
v -18.87133217 -131.51731873 333.41180420
v -17.36211777 -130.51731873 332.52047729
v -17.37514305 -131.51731873 333.52047729
v -15.87545013 -131.51731873 333.48422241
v -15.91454506 -130.51731873 332.48437500
v -14.38625717 -131.51731873 333.30340576
v -14.47776031 -130.51731873 332.30432129
v -12.92146778 -131.51731873 332.97967529
v -13.06604195 -130.51731873 331.98211670
v -11.49475956 -131.51731873 332.51611328
v -11.69342136 -130.51731873 331.52093506
v -10.11945152 -131.51731873 331.91702271
v -10.37353992 -130.51731873 330.92538452
v -8.80838490 -131.51731873 331.18798828
v -9.11951542 -130.51731873 330.20138550
v -7.57380199 -131.51731873 330.33581543
v -7.94381046 -130.51731873 329.35610962
v -6.42722893 -131.51731873 329.36846924
v -6.85811043 -130.51731873 328.39794922
v -5.37937069 -131.51731873 328.29498291
v -5.87320423 -130.51731873 327.33648682
v -4.44001102 -131.51731873 327.12536621
v -4.99888182 -130.51731873 326.18222046
v -3.61792088 -131.51731873 325.87054443
v -4.24383163 -130.51731873 324.94662476
v -2.92077565 -131.51731873 324.54223633
v -3.61555791 -130.51731873 323.64199829
v -2.35508418 -131.51731873 323.15286255
v -3.12030506 -130.51731873 322.28131104
v -1.92612827 -131.51731873 321.71536255
v -2.76299453 -130.51731873 320.87808228
v -1.63791311 -131.51731873 320.24319458
v -2.54717803 -130.51731873 319.44622803
v -1.49312973 -131.51731873 318.75006104
v -2.47499990 -130.51731873 318.00000000
v -1.49312973 -131.51731873 317.24993896
v -2.54717803 -130.51731873 316.55377197
v -1.63791311 -131.51731873 315.75680542
v -2.76299453 -130.51731873 315.12191772
v -1.92612827 -131.51731873 314.28460693
v -3.12030506 -130.51731873 313.71868896
v -2.35508418 -131.51731873 312.84713745
v -3.61555791 -130.51731873 312.35797119
v -2.92077565 -131.51731873 311.45773315
v -4.24383163 -130.51731873 311.05334473
v -3.61792088 -131.51731873 310.12945557
v -4.99888182 -130.51731873 309.81777954
v -4.44001102 -131.51731873 308.87463379
v -5.87320423 -130.51731873 308.66351318
v -5.37937069 -131.51731873 307.70501709
v -6.85811043 -130.51731873 307.60202026
v -6.42722893 -131.51731873 306.63153076
v -7.94381046 -130.51731873 306.64389038
v -7.57380199 -131.51731873 305.66418457
v -9.11951542 -130.51731873 305.79861450
v -8.80838490 -131.51731873 304.81201172
v -10.37353992 -130.51731873 305.07461548
v -10.11945152 -131.51731873 304.08297729
v -11.69342136 -130.51731873 304.47906494
v -11.49475956 -131.51731873 303.48385620
v -13.06604195 -130.51731873 304.01788330
v -12.92146778 -131.51731873 303.02029419
v -14.47776031 -130.51731873 303.69567871
v -14.38625717 -131.51731873 302.69659424
v -15.91454506 -130.51731873 303.51562500
v -15.87545013 -131.51731873 302.51577759
v -17.36211777 -130.51731873 303.47952271
v -17.37514305 -131.51731873 302.47952271
v -18.87133217 -131.51731873 302.58819580
v -18.80609322 -130.51731873 303.58770752
v -20.35004997 -131.51731873 302.84075928
v -20.23211670 -130.51731873 303.83917236
v -21.79748917 -131.51731873 303.23483276
v -21.62601852 -130.51731873 304.23135376
v -23.20013428 -131.51731873 303.76678467
v -22.97394562 -130.51731873 304.76037598
v -24.54489326 -131.51731873 304.43164062
v -24.26250076 -130.51731873 305.42098999
v -25.81920433 -131.51731873 305.22317505
v -25.47887611 -130.51731873 306.20660400
v -27.01117516 -131.51731873 306.13400269
v -26.61098671 -130.51731873 307.10943604
v -28.10967445 -131.51731873 307.15560913
v -27.64757919 -130.51731873 308.12048340
v -29.10444450 -131.51731873 308.27847290
v -28.57835007 -130.51731873 309.22973633
v -29.98619843 -131.51731873 309.49209595
v -29.39405060 -130.51731873 310.42614746
v -30.74670410 -131.51731873 310.78515625
v -30.08657265 -130.51731873 311.69784546
v -31.37886047 -131.51731873 312.14559937
v -30.64903450 -130.51731873 313.03216553
v -31.87676620 -131.51731873 313.56069946
v -31.07584763 -130.51731873 314.41583252
v -32.23577118 -131.51731873 315.01724243
v -31.36276817 -130.51731873 315.83514404
v 7.50000000 -105.96244812 275.52166748
v 7.50000000 -105.89231110 274.87677002
v 7.50000000 -105.96244812 274.23184204
v 7.50000000 -106.16958618 273.61709595
v 7.50000000 -106.50403595 273.06124878
v 7.50000000 -106.95015717 272.59027100
v 7.50000000 -107.48709106 272.22622681
v 7.50000000 -108.08972931 271.98611450
v 7.50000000 -108.72989655 271.88116455
v 7.50000000 -109.37766266 271.91629028
v 7.50000000 -110.00273132 272.08981323
v 7.50000000 -110.57587433 272.39367676
v 7.50000000 -111.07029724 272.81365967
v 7.50000000 -111.46288300 273.33010864
v 7.50000000 -111.73527527 273.91885376
v 7.50000000 -111.87472534 274.55239868
v 7.50000000 -111.87472534 275.20111084
v 7.50000000 -111.73527527 275.83465576
v 7.50000000 -111.46288300 276.42343140
v 7.50000000 -111.07029724 276.93984985
v 7.50000000 -110.57587433 277.35983276
v 7.50000000 -110.00273132 277.66369629
v 7.50000000 -109.37766266 277.83724976
v 7.50000000 -108.72989655 277.87234497
v 7.50000000 -108.08972931 277.76739502
v 7.50000000 -107.48709106 277.52728271
v 7.50000000 -106.95015717 277.16323853
v 7.50000000 -106.50403595 276.69229126
v 7.50000000 -106.16958618 276.13641357
v 7.50000000 -107.45895386 275.31887817
v 0.00000000 -107.45895386 275.31887817
v 7.50000000 -107.39231110 274.87677002
v 0.00000000 -107.39231110 274.87677002
v 7.50000000 -107.45895386 274.43463135
v 0.00000000 -107.45895386 274.43463135
v 7.50000000 -107.65295410 274.03176880
v 0.00000000 -107.65295410 274.03176880
v 7.50000000 -107.95707703 273.70401001
v 0.00000000 -107.95707703 273.70401001
v 7.50000000 -108.34429932 273.48043823
v 0.00000000 -108.34429932 273.48043823
v 7.50000000 -108.78022003 273.38095093
v 0.00000000 -108.78022003 273.38095093
v 7.50000000 -109.22609711 273.41436768
v 0.00000000 -109.22609711 273.41436768
v 7.50000000 -109.64231110 273.57772827
v 0.00000000 -109.64231110 273.57772827
v 7.50000000 -109.99188995 273.85650635
v 0.00000000 -109.99188995 273.85650635
v 7.50000000 -110.24376678 274.22592163
v 0.00000000 -110.24376678 274.22592163
v 7.50000000 -110.37555695 274.65319824
v 0.00000000 -110.37555695 274.65319824
v 7.50000000 -110.37555695 275.10031128
v 0.00000000 -110.37555695 275.10031128
v 7.50000000 -110.24376678 275.52758789
v 0.00000000 -110.24376678 275.52758789
v 7.50000000 -109.99188995 275.89700317
v 0.00000000 -109.99188995 275.89700317
v 7.50000000 -109.64231110 276.17578125
v 0.00000000 -109.64231110 276.17578125
v 7.50000000 -109.22609711 276.33914185
v 0.00000000 -109.22609711 276.33914185
v 7.50000000 -108.78022003 276.37255859
v 0.00000000 -108.78022003 276.37255859
v 7.50000000 -108.34429932 276.27307129
v 0.00000000 -108.34429932 276.27307129
v 7.50000000 -107.95707703 276.04949951
v 0.00000000 -107.95707703 276.04949951
v 7.50000000 -107.65295410 275.72174072
v 0.00000000 -107.65295410 275.72174072
v 7.50000000 -100.83744812 266.64489746
v 7.50000000 -100.76731110 266.00000000
v 7.50000000 -100.83744812 265.35507202
v 7.50000000 -101.04458618 264.74032593
v 7.50000000 -101.37903595 264.18447876
v 7.50000000 -101.82515717 263.71350098
v 7.50000000 -102.36209106 263.34945679
v 7.50000000 -102.96472931 263.10934448
v 7.50000000 -103.60489655 263.00439453
v 7.50000000 -104.25266266 263.03952026
v 7.50000000 -104.87773132 263.21307373
v 7.50000000 -105.45087433 263.51693726
v 7.50000000 -105.94529724 263.93688965
v 7.50000000 -106.33788300 264.45333862
v 7.50000000 -106.61027527 265.04208374
v 7.50000000 -106.74972534 265.67562866
v 7.50000000 -106.74972534 266.32434082
v 7.50000000 -106.61027527 266.95788574
v 7.50000000 -106.33788300 267.54666138
v 7.50000000 -105.94529724 268.06307983
v 7.50000000 -105.45087433 268.48306274
v 7.50000000 -104.87773132 268.78692627
v 7.50000000 -104.25266266 268.96047974
v 7.50000000 -103.60489655 268.99560547
v 7.50000000 -102.96472931 268.89065552
v 7.50000000 -102.36209106 268.65054321
v 7.50000000 -101.82515717 268.28646851
v 7.50000000 -101.37903595 267.81552124
v 7.50000000 -101.04458618 267.25967407
v 7.50000000 -102.33395386 266.44213867
v 0.00000000 -102.33395386 266.44213867
v 7.50000000 -102.26731110 266.00000000
v 0.00000000 -102.26731110 266.00000000
v 7.50000000 -102.33395386 265.55786133
v 0.00000000 -102.33395386 265.55786133
v 7.50000000 -102.52795410 265.15502930
v 0.00000000 -102.52795410 265.15502930
v 7.50000000 -102.83207703 264.82723999
v 0.00000000 -102.83207703 264.82723999
v 7.50000000 -103.21929932 264.60369873
v 0.00000000 -103.21929932 264.60369873
v 7.50000000 -103.65522003 264.50418091
v 0.00000000 -103.65522003 264.50418091
v 7.50000000 -104.10109711 264.53759766
v 0.00000000 -104.10109711 264.53759766
v 7.50000000 -104.51731110 264.70095825
v 0.00000000 -104.51731110 264.70095825
v 7.50000000 -104.86688995 264.97973633
v 0.00000000 -104.86688995 264.97973633
v 7.50000000 -105.11876678 265.34918213
v 0.00000000 -105.11876678 265.34918213
v 7.50000000 -105.25055695 265.77642822
v 0.00000000 -105.25055695 265.77642822
v 7.50000000 -105.25055695 266.22357178
v 0.00000000 -105.25055695 266.22357178
v 7.50000000 -105.11876678 266.65081787
v 0.00000000 -105.11876678 266.65081787
v 7.50000000 -104.86688995 267.02026367
v 0.00000000 -104.86688995 267.02026367
v 7.50000000 -104.51731110 267.29904175
v 0.00000000 -104.51731110 267.29904175
v 7.50000000 -104.10109711 267.46240234
v 0.00000000 -104.10109711 267.46240234
v 7.50000000 -103.65522003 267.49578857
v 0.00000000 -103.65522003 267.49578857
v 7.50000000 -103.21929932 267.39630127
v 0.00000000 -103.21929932 267.39630127
v 7.50000000 -102.83207703 267.17272949
v 0.00000000 -102.83207703 267.17272949
v 7.50000000 -102.52795410 266.84497070
v 0.00000000 -102.52795410 266.84497070
v 7.50000000 -105.96244812 257.76815796
v 7.50000000 -105.89231110 257.12322998
v 7.50000000 -105.96244812 256.47833252
v 7.50000000 -106.16958618 255.86357117
v 7.50000000 -106.50403595 255.30770874
v 7.50000000 -106.95015717 254.83674622
v 7.50000000 -107.48709106 254.47270203
v 7.50000000 -108.08972931 254.23258972
v 7.50000000 -108.72989655 254.12763977
v 7.50000000 -109.37766266 254.16275024
v 7.50000000 -110.00273132 254.33630371
v 7.50000000 -110.57587433 254.64016724
v 7.50000000 -111.07029724 255.06013489
v 7.50000000 -111.46288300 255.57656860
v 7.50000000 -111.73527527 256.16534424
v 7.50000000 -111.87472534 256.79888916
v 7.50000000 -111.87472534 257.44760132
v 7.50000000 -111.73527527 258.08114624
v 7.50000000 -111.46288300 258.66989136
v 7.50000000 -111.07029724 259.18634033
v 7.50000000 -110.57587433 259.60629272
v 7.50000000 -110.00273132 259.91015625
v 7.50000000 -109.37766266 260.08370972
v 7.50000000 -108.72989655 260.11883545
v 7.50000000 -108.08972931 260.01388550
v 7.50000000 -107.48709106 259.77377319
v 7.50000000 -106.95015717 259.40972900
v 7.50000000 -106.50403595 258.93875122
v 7.50000000 -106.16958618 258.38290405
v 7.50000000 -107.45895386 257.56536865
v 0.00000000 -107.45895386 257.56536865
v 7.50000000 -107.39231110 257.12322998
v 0.00000000 -107.39231110 257.12322998
v 7.50000000 -107.45895386 256.68109131
v 0.00000000 -107.45895386 256.68109131
v 7.50000000 -107.65295410 256.27825928
v 0.00000000 -107.65295410 256.27825928
v 7.50000000 -107.95707703 255.95048523
v 0.00000000 -107.95707703 255.95048523
v 7.50000000 -108.34429932 255.72692871
v 0.00000000 -108.34429932 255.72692871
v 7.50000000 -108.78022003 255.62742615
v 0.00000000 -108.78022003 255.62742615
v 7.50000000 -109.22609711 255.66084290
v 0.00000000 -109.22609711 255.66084290
v 7.50000000 -109.64231110 255.82420349
v 0.00000000 -109.64231110 255.82420349
v 7.50000000 -109.99188995 256.10296631
v 0.00000000 -109.99188995 256.10296631
v 7.50000000 -110.24376678 256.47241211
v 0.00000000 -110.24376678 256.47241211
v 7.50000000 -110.37555695 256.89965820
v 0.00000000 -110.37555695 256.89965820
v 7.50000000 -110.37555695 257.34680176
v 0.00000000 -110.37555695 257.34680176
v 7.50000000 -110.24376678 257.77404785
v 0.00000000 -110.24376678 257.77404785
v 7.50000000 -109.99188995 258.14349365
v 0.00000000 -109.99188995 258.14349365
v 7.50000000 -109.64231110 258.42227173
v 0.00000000 -109.64231110 258.42227173
v 7.50000000 -109.22609711 258.58563232
v 0.00000000 -109.22609711 258.58563232
v 7.50000000 -108.78022003 258.61904907
v 0.00000000 -108.78022003 258.61904907
v 7.50000000 -108.34429932 258.51953125
v 0.00000000 -108.34429932 258.51953125
v 7.50000000 -107.95707703 258.29598999
v 0.00000000 -107.95707703 258.29598999
v 7.50000000 -107.65295410 257.96820068
v 0.00000000 -107.65295410 257.96820068
v 7.50000000 -116.21244812 257.76815796
v 7.50000000 -116.14231110 257.12322998
v 7.50000000 -116.21244812 256.47833252
v 7.50000000 -116.41958618 255.86357117
v 7.50000000 -116.75403595 255.30770874
v 7.50000000 -117.20015717 254.83674622
v 7.50000000 -117.73709106 254.47270203
v 7.50000000 -118.33972931 254.23258972
v 7.50000000 -118.97989655 254.12763977
v 7.50000000 -119.62766266 254.16275024
v 7.50000000 -120.25273132 254.33630371
v 7.50000000 -120.82587433 254.64016724
v 7.50000000 -121.32029724 255.06013489
v 7.50000000 -121.71288300 255.57656860
v 7.50000000 -121.98527527 256.16534424
v 7.50000000 -122.12472534 256.79888916
v 7.50000000 -122.12472534 257.44760132
v 7.50000000 -121.98527527 258.08114624
v 7.50000000 -121.71288300 258.66989136
v 7.50000000 -121.32029724 259.18634033
v 7.50000000 -120.82587433 259.60629272
v 7.50000000 -120.25273132 259.91015625
v 7.50000000 -119.62766266 260.08370972
v 7.50000000 -118.97989655 260.11883545
v 7.50000000 -118.33972931 260.01388550
v 7.50000000 -117.73709106 259.77377319
v 7.50000000 -117.20015717 259.40972900
v 7.50000000 -116.75403595 258.93875122
v 7.50000000 -116.41958618 258.38290405
v 7.50000000 -117.70895386 257.56536865
v 0.00000000 -117.70895386 257.56536865
v 7.50000000 -117.64231110 257.12322998
v 0.00000000 -117.64231110 257.12322998
v 7.50000000 -117.70895386 256.68109131
v 0.00000000 -117.70895386 256.68109131
v 7.50000000 -117.90295410 256.27825928
v 0.00000000 -117.90295410 256.27825928
v 7.50000000 -118.20707703 255.95048523
v 0.00000000 -118.20707703 255.95048523
v 7.50000000 -118.59429932 255.72692871
v 0.00000000 -118.59429932 255.72692871
v 7.50000000 -119.03022003 255.62742615
v 0.00000000 -119.03022003 255.62742615
v 7.50000000 -119.47609711 255.66084290
v 0.00000000 -119.47609711 255.66084290
v 7.50000000 -119.89231110 255.82420349
v 0.00000000 -119.89231110 255.82420349
v 7.50000000 -120.24188995 256.10296631
v 0.00000000 -120.24188995 256.10296631
v 7.50000000 -120.49376678 256.47241211
v 0.00000000 -120.49376678 256.47241211
v 7.50000000 -120.62555695 256.89965820
v 0.00000000 -120.62555695 256.89965820
v 7.50000000 -120.62555695 257.34680176
v 0.00000000 -120.62555695 257.34680176
v 7.50000000 -120.49376678 257.77404785
v 0.00000000 -120.49376678 257.77404785
v 7.50000000 -120.24188995 258.14349365
v 0.00000000 -120.24188995 258.14349365
v 7.50000000 -119.89231110 258.42227173
v 0.00000000 -119.89231110 258.42227173
v 7.50000000 -119.47609711 258.58563232
v 0.00000000 -119.47609711 258.58563232
v 7.50000000 -119.03022003 258.61904907
v 0.00000000 -119.03022003 258.61904907
v 7.50000000 -118.59429932 258.51953125
v 0.00000000 -118.59429932 258.51953125
v 7.50000000 -118.20707703 258.29598999
v 0.00000000 -118.20707703 258.29598999
v 7.50000000 -117.90295410 257.96820068
v 0.00000000 -117.90295410 257.96820068
v 7.50000000 -121.33744812 266.64489746
v 7.50000000 -121.26731110 266.00000000
v 7.50000000 -121.33744812 265.35507202
v 7.50000000 -121.54458618 264.74032593
v 7.50000000 -121.87903595 264.18447876
v 7.50000000 -122.32515717 263.71350098
v 7.50000000 -122.86209106 263.34945679
v 7.50000000 -123.46472931 263.10934448
v 7.50000000 -124.10489655 263.00439453
v 7.50000000 -124.75266266 263.03952026
v 7.50000000 -125.37773132 263.21307373
v 7.50000000 -125.95087433 263.51693726
v 7.50000000 -126.44529724 263.93688965
v 7.50000000 -126.83788300 264.45333862
v 7.50000000 -127.11027527 265.04208374
v 7.50000000 -127.24972534 265.67562866
v 7.50000000 -127.24972534 266.32434082
v 7.50000000 -127.11027527 266.95788574
v 7.50000000 -126.83788300 267.54666138
v 7.50000000 -126.44529724 268.06307983
v 7.50000000 -125.95087433 268.48306274
v 7.50000000 -125.37773132 268.78692627
v 7.50000000 -124.75266266 268.96047974
v 7.50000000 -124.10489655 268.99560547
v 7.50000000 -123.46472931 268.89065552
v 7.50000000 -122.86209106 268.65054321
v 7.50000000 -122.32515717 268.28646851
v 7.50000000 -121.87903595 267.81552124
v 7.50000000 -121.54458618 267.25967407
v 7.50000000 -122.83395386 266.44213867
v 0.00000000 -122.83395386 266.44213867
v 7.50000000 -122.76731110 266.00000000
v 0.00000000 -122.76731110 266.00000000
v 7.50000000 -122.83395386 265.55786133
v 0.00000000 -122.83395386 265.55786133
v 7.50000000 -123.02795410 265.15502930
v 0.00000000 -123.02795410 265.15502930
v 7.50000000 -123.33207703 264.82723999
v 0.00000000 -123.33207703 264.82723999
v 7.50000000 -123.71929932 264.60369873
v 0.00000000 -123.71929932 264.60369873
v 7.50000000 -124.15522003 264.50418091
v 0.00000000 -124.15522003 264.50418091
v 7.50000000 -124.60109711 264.53759766
v 0.00000000 -124.60109711 264.53759766
v 7.50000000 -125.01731110 264.70095825
v 0.00000000 -125.01731110 264.70095825
v 7.50000000 -125.36688995 264.97973633
v 0.00000000 -125.36688995 264.97973633
v 7.50000000 -125.61876678 265.34918213
v 0.00000000 -125.61876678 265.34918213
v 7.50000000 -125.75055695 265.77642822
v 0.00000000 -125.75055695 265.77642822
v 7.50000000 -125.75055695 266.22357178
v 0.00000000 -125.75055695 266.22357178
v 7.50000000 -125.61876678 266.65081787
v 0.00000000 -125.61876678 266.65081787
v 7.50000000 -125.36688995 267.02026367
v 0.00000000 -125.36688995 267.02026367
v 7.50000000 -125.01731110 267.29904175
v 0.00000000 -125.01731110 267.29904175
v 7.50000000 -124.60109711 267.46240234
v 0.00000000 -124.60109711 267.46240234
v 7.50000000 -124.15522003 267.49578857
v 0.00000000 -124.15522003 267.49578857
v 7.50000000 -123.71929932 267.39630127
v 0.00000000 -123.71929932 267.39630127
v 7.50000000 -123.33207703 267.17272949
v 0.00000000 -123.33207703 267.17272949
v 7.50000000 -123.02795410 266.84497070
v 0.00000000 -123.02795410 266.84497070
v 7.50000000 -116.21244812 275.52166748
v 7.50000000 -116.14231110 274.87677002
v 7.50000000 -116.21244812 274.23184204
v 7.50000000 -116.41958618 273.61709595
v 7.50000000 -116.75403595 273.06124878
v 7.50000000 -117.20015717 272.59027100
v 7.50000000 -117.73709106 272.22622681
v 7.50000000 -118.33972931 271.98611450
v 7.50000000 -118.97989655 271.88116455
v 7.50000000 -119.62766266 271.91629028
v 7.50000000 -120.25273132 272.08981323
v 7.50000000 -120.82587433 272.39367676
v 7.50000000 -121.32029724 272.81365967
v 7.50000000 -121.71288300 273.33010864
v 7.50000000 -121.98527527 273.91885376
v 7.50000000 -122.12472534 274.55239868
v 7.50000000 -122.12472534 275.20111084
v 7.50000000 -121.98527527 275.83465576
v 7.50000000 -121.71288300 276.42343140
v 7.50000000 -121.32029724 276.93984985
v 7.50000000 -120.82587433 277.35983276
v 7.50000000 -120.25273132 277.66369629
v 7.50000000 -119.62766266 277.83724976
v 7.50000000 -118.97989655 277.87234497
v 7.50000000 -118.33972931 277.76739502
v 7.50000000 -117.73709106 277.52728271
v 7.50000000 -117.20015717 277.16323853
v 7.50000000 -116.75403595 276.69229126
v 7.50000000 -116.41958618 276.13641357
v 7.50000000 -117.70895386 275.31887817
v 0.00000000 -117.70895386 275.31887817
v 7.50000000 -117.64231110 274.87677002
v 0.00000000 -117.64231110 274.87677002
v 7.50000000 -117.70895386 274.43463135
v 0.00000000 -117.70895386 274.43463135
v 7.50000000 -117.90295410 274.03176880
v 0.00000000 -117.90295410 274.03176880
v 7.50000000 -118.20707703 273.70401001
v 0.00000000 -118.20707703 273.70401001
v 7.50000000 -118.59429932 273.48043823
v 0.00000000 -118.59429932 273.48043823
v 7.50000000 -119.03022003 273.38095093
v 0.00000000 -119.03022003 273.38095093
v 7.50000000 -119.47609711 273.41436768
v 0.00000000 -119.47609711 273.41436768
v 7.50000000 -119.89231110 273.57772827
v 0.00000000 -119.89231110 273.57772827
v 7.50000000 -120.24188995 273.85650635
v 0.00000000 -120.24188995 273.85650635
v 7.50000000 -120.49376678 274.22592163
v 0.00000000 -120.49376678 274.22592163
v 7.50000000 -120.62555695 274.65319824
v 0.00000000 -120.62555695 274.65319824
v 7.50000000 -120.62555695 275.10031128
v 0.00000000 -120.62555695 275.10031128
v 7.50000000 -120.49376678 275.52758789
v 0.00000000 -120.49376678 275.52758789
v 7.50000000 -120.24188995 275.89700317
v 0.00000000 -120.24188995 275.89700317
v 7.50000000 -119.89231110 276.17578125
v 0.00000000 -119.89231110 276.17578125
v 7.50000000 -119.47609711 276.33914185
v 0.00000000 -119.47609711 276.33914185
v 7.50000000 -119.03022003 276.37255859
v 0.00000000 -119.03022003 276.37255859
v 7.50000000 -118.59429932 276.27307129
v 0.00000000 -118.59429932 276.27307129
v 7.50000000 -118.20707703 276.04949951
v 0.00000000 -118.20707703 276.04949951
v 7.50000000 -117.90295410 275.72174072
v 0.00000000 -117.90295410 275.72174072
v 3.27862978 -103.01731110 316.29714966
v 3.27862978 -126.51731110 316.29714966
v 3.34999990 -103.01731110 318.00000000
v 3.34999990 -126.51731110 318.00000000
v 3.27862978 -103.01731110 319.70285034
v 3.27862978 -126.51731110 319.70285034
v 3.06501937 -103.01731110 321.39373779
v 3.06501937 -126.51731110 321.39373779
v 2.71066737 -103.01731110 323.06082153
v 2.71066737 -126.51731110 323.06082153
v 2.21805906 -103.01731110 324.69244385
v 2.21805906 -126.51731110 324.69244385
v 1.59065008 -103.01731110 326.27709961
v 1.59065008 -126.51731110 326.27709961
v 0.83284092 -103.01731110 327.80368042
v 0.83284092 -126.51731110 327.80368042
v -0.05005275 -103.01731110 329.26150513
v -0.05005275 -126.51731110 329.26150513
v -1.05183816 -103.01731110 330.64035034
v -1.05183816 -126.51731110 330.64035034
v -2.16548848 -103.01731110 331.93054199
v -2.16548848 -126.51731110 331.93054199
v -3.38319206 -103.01731110 333.12298584
v -3.38319206 -126.51731110 333.12298584
v -4.69640779 -103.01731110 334.20938110
v -4.69640779 -126.51731110 334.20938110
v -6.09592485 -103.01731110 335.18206787
v -6.09592485 -126.51731110 335.18206787
v -7.57192564 -103.01731110 336.03424072
v -7.57192564 -126.51731110 336.03424072
v -9.11405754 -103.01731110 336.75991821
v -9.11405754 -126.51731110 336.75991821
v -10.71150398 -103.01731110 337.35400391
v -10.71150398 -126.51731110 337.35400391
v -12.35305977 -103.01731110 337.81231689
v -12.35305977 -126.51731110 337.81231689
v -14.02721024 -103.01731110 338.13168335
v -14.02721024 -126.51731110 338.13168335
v -15.72221279 -103.01731110 338.30984497
v -15.72221279 -126.51731110 338.30984497
v -17.42617798 -103.01731110 338.34552002
v -17.42617798 -126.51731110 338.34552002
v -19.12715340 -103.01731110 338.23852539
v -19.12715340 -126.51731110 338.23852539
v -20.81320953 -103.01731110 337.98953247
v -20.81320953 -126.51731110 337.98953247
v -22.47251892 -103.01731110 337.60034180
v -22.47251892 -126.51731110 337.60034180
v -24.09344101 -103.01731110 337.07366943
v -24.09344101 -126.51731110 337.07366943
v -25.66460800 -103.01731110 336.41323853
v -25.66460800 -126.51731110 336.41323853
v -27.17499924 -103.01731110 335.62362671
v -27.17499924 -126.51731110 335.62362671
v -28.61402130 -103.01731110 334.71038818
v -28.61402130 -126.51731110 334.71038818
v -29.97157860 -103.01731110 333.67993164
v -29.97157860 -126.51731110 333.67993164
v -31.23814964 -103.01731110 332.53952026
v -31.23814964 -126.51731110 332.53952026
v -32.40485001 -103.01731110 331.29711914
v -32.40485001 -126.51731110 331.29711914
v -33.46349716 -103.01731110 329.96142578
v -33.46349716 -126.51731110 329.96142578
v -34.40666199 -103.01731110 328.54183960
v -34.40666199 -126.51731110 328.54183960
v -35.22773361 -103.01731110 327.04830933
v -35.22773361 -126.51731110 327.04830933
v -35.92095184 -103.01731110 325.49133301
v -35.92095184 -126.51731110 325.49133301
v -36.48145294 -103.01731110 323.88180542
v -36.48145294 -126.51731110 323.88180542
v -36.90530396 -103.01731110 322.23098755
v -36.90530396 -126.51731110 322.23098755
v -37.18953323 -103.01731110 320.55053711
v -37.18953323 -126.51731110 320.55053711
v -37.33214951 -103.01731110 318.85217285
v -37.33214951 -126.51731110 318.85217285
v -37.33214951 -103.01731110 317.14782715
v -37.33214951 -126.51731110 317.14782715
v -37.18953323 -103.01731110 315.44946289
v -37.18953323 -126.51731110 315.44946289
v -36.90530396 -103.01731110 313.76898193
v -36.90530396 -126.51731110 313.76898193
v -36.48145294 -103.01731110 312.11819458
v -36.48145294 -126.51731110 312.11819458
v -35.92095184 -103.01731110 310.50866699
v -35.92095184 -126.51731110 310.50866699
v -35.22773361 -103.01731110 308.95166016
v -35.22773361 -126.51731110 308.95166016
v -34.40666199 -103.01731110 307.45816040
v -34.40666199 -126.51731110 307.45816040
v -33.46349716 -103.01731110 306.03857422
v -33.46349716 -126.51731110 306.03857422
v -32.40485001 -103.01731110 304.70288086
v -32.40485001 -126.51731110 304.70288086
v -31.23814964 -103.01731110 303.46047974
v -31.23814964 -126.51731110 303.46047974
v -29.97157860 -103.01731110 302.32003784
v -29.97157860 -126.51731110 302.32003784
v -28.61402130 -103.01731110 301.28961182
v -28.61402130 -126.51731110 301.28961182
v -27.17499924 -103.01731110 300.37637329
v -27.17499924 -126.51731110 300.37637329
v -25.66460800 -103.01731110 299.58676147
v -25.66460800 -126.51731110 299.58676147
v -24.09344101 -103.01731110 298.92630005
v -24.09344101 -126.51731110 298.92630005
v -22.47251892 -103.01731110 298.39962769
v -22.47251892 -126.51731110 298.39962769
v -20.81320953 -103.01731110 298.01043701
v -20.81320953 -126.51731110 298.01043701
v -19.12715340 -103.01731110 297.76147461
v -19.12715340 -126.51731110 297.76147461
v -17.42617798 -103.01731110 297.65444946
v -17.42617798 -126.51731110 297.65444946
v -15.72221279 -103.01731110 297.69015503
v -15.72221279 -126.51731110 297.69015503
v -14.02721024 -103.01731110 297.86831665
v -14.02721024 -126.51731110 297.86831665
v -12.35305977 -103.01731110 298.18765259
v -12.35305977 -126.51731110 298.18765259
v -10.71150398 -103.01731110 298.64599609
v -10.71150398 -126.51731110 298.64599609
v -9.11405754 -103.01731110 299.24008179
v -9.11405754 -126.51731110 299.24008179
v -7.57192564 -103.01731110 299.96575928
v -7.57192564 -126.51731110 299.96575928
v -6.09592485 -103.01731110 300.81793213
v -6.09592485 -126.51731110 300.81793213
v -4.69640779 -103.01731110 301.79061890
v -4.69640779 -126.51731110 301.79061890
v -3.38319206 -103.01731110 302.87701416
v -3.38319206 -126.51731110 302.87701416
v -2.16548848 -103.01731110 304.06945801
v -2.16548848 -126.51731110 304.06945801
v -1.05183816 -103.01731110 305.35964966
v -1.05183816 -126.51731110 305.35964966
v -0.05005275 -103.01731110 306.73846436
v -0.05005275 -126.51731110 306.73846436
v 0.83284092 -103.01731110 308.19631958
v 0.83284092 -126.51731110 308.19631958
v 1.59065008 -103.01731110 309.72290039
v 1.59065008 -126.51731110 309.72290039
v 2.21805906 -103.01731110 311.30755615
v 2.21805906 -126.51731110 311.30755615
v 2.71066737 -103.01731110 312.93914795
v 2.71066737 -126.51731110 312.93914795
v 3.06501937 -103.01731110 314.60626221
v 3.06501937 -126.51731110 314.60626221
v -41.76745224 -128.01731873 317.66659546
v -41.92100143 -127.29948425 317.06750488
v -41.74950027 -128.01731873 317.00000000
v -41.78163528 -127.29948425 315.20776367
v -41.59962845 -128.06239319 315.22827148
v -41.32371140 -128.06239319 313.39770508
v -41.02869415 -128.78726196 313.45352173
v -40.62174606 -128.78726196 311.67056274
v -40.22576904 -129.45623779 311.77667236
v -39.69575500 -129.45623779 310.05841064
v -39.21479797 -130.05284119 310.22671509
v -38.57178116 -130.05284119 308.58831787
v -38.02495575 -130.56239319 308.82690430
v -37.28065872 -130.56239319 307.28134155
v -36.68920898 -130.97235107 307.59393311
v -35.85650635 -130.97235107 306.15167236
v -35.24274445 -131.27259827 306.53732300
v -35.12395477 -130.97210693 305.05795288
v -34.54101944 -131.19068909 305.09371948
v -41.76745224 -128.01731873 318.33340454
v -41.92100143 -127.29948425 318.93246460
v -42.00000000 -126.51731110 318.00000000
v -41.93317413 -126.51731110 319.82669067
v -41.78163528 -127.29948425 320.79220581
v -41.73305511 -126.51731110 321.64361572
v -41.50367737 -127.29948425 322.63635254
v -41.40071106 -126.51731110 323.44107056
v -41.08868408 -127.29948425 324.45452881
v -40.93792343 -126.51731110 325.20944214
v -40.53897858 -127.29948425 326.23663330
v -40.34715652 -126.51731110 326.93923950
v -39.85763550 -127.29948425 327.97268677
v -39.63158035 -126.51731110 328.62127686
v -39.04846191 -127.29948425 329.65295410
v -38.79501343 -126.51731110 330.24652100
v -38.11598206 -127.29948425 331.26803589
v -37.84192657 -126.51731110 331.80630493
v -37.83195877 -126.85587311 331.80078125
v -37.78695297 -127.30570221 331.77636719
v -37.70554352 -127.74864960 331.73336792
v -37.96089554 -128.06239319 331.17059326
v -37.53351212 -128.34342957 331.64636230
v -37.70666885 -128.78726196 331.01086426
v -37.29332733 -128.90631104 331.53393555
v -37.09012604 -129.26856995 331.44674683
v -37.35955429 -129.45623779 330.79275513
v -36.84721756 -129.62080383 331.35162354
v -36.92810440 -130.05284119 330.52166748
v -36.60633087 -129.90969849 331.26681519
v -36.16621399 -130.32933044 331.13549805
v -36.42294312 -130.56239319 330.20425415
v -35.66631699 -130.68663025 331.02227783
v -35.85650635 -130.97235107 329.84832764
v -35.12329102 -130.97233582 330.94207764
v -35.24274445 -131.27259827 329.46267700
v -34.53982925 -131.19102478 330.90628052
v -34.33512878 -131.27259827 330.79391479
v -33.94506454 -131.34196472 330.92626953
v -33.72129059 -131.45574951 330.34088135
v -33.32842636 -131.43927002 331.01358032
v -32.72472000 -131.49085999 331.17526245
v -33.25451660 -131.51731873 329.65292358
v -32.24920273 -131.51731873 330.94070435
v -41.74950027 -128.01731873 319.00000000
v -41.59962845 -128.06239319 320.77169800
v -41.45320892 -128.75035095 319.00000000
v -41.30126572 -128.78726196 320.73809814
v -41.04499435 -129.42753601 319.00000000
v -40.89389420 -129.45623779 320.69219971
v -40.53506088 -130.03196716 319.00000000
v -40.38754654 -130.05284119 320.63513184
v -39.93614197 -130.54852295 319.00000000
v -39.79469299 -130.56239319 320.56832886
v -39.26319504 -130.96430969 319.00000000
v -39.12992477 -130.97235107 320.49343872
v -38.53303528 -131.26895142 319.00000000
v -38.40961456 -131.27259827 320.41229248
v -37.76389313 -131.45483398 319.00000000
v -37.65149689 -131.45574951 320.32687378
v -36.97498322 -131.51731873 319.00000000
v -36.82672501 -131.51731873 320.62698364
v -37.41986465 -131.45574951 321.86364746
v -36.54616928 -131.51731873 322.23641968
v -37.07403564 -131.45574951 323.37881470
v -36.13518906 -131.51731873 323.81759644
v -36.61594772 -131.45574951 324.86392212
v -35.59653091 -131.51731873 325.35995483
v -36.04815292 -131.45574951 326.31060791
v -34.93378448 -131.51731873 326.85321045
v -35.37384033 -131.45574951 327.71084595
v -34.15137100 -131.51731873 328.28738403
v -34.59676743 -131.45574951 329.05679321
v -31.14213562 -131.51731873 332.14212036
v -31.62023163 -131.51710510 331.73690796
v -32.15298843 -131.51171875 331.41439819
v -41.93317413 -126.51731110 316.17330933
v -41.73305511 -126.51731110 314.35638428
v -41.50367737 -127.29948425 313.36364746
v -40.91176605 -128.06239319 311.59286499
v -40.08269882 -128.78726196 309.92300415
v -39.03881836 -129.45623779 308.38455200
v -37.80812836 -130.05284119 307.00259399
v -36.42294312 -130.56239319 305.79574585
v -35.67044830 -130.68408203 304.97692871
v -41.40071106 -126.51731110 312.55892944
v -41.08868408 -127.29948425 311.54544067
v -40.36610031 -128.06239319 309.82385254
v -39.41455841 -128.78726196 308.22061157
v -38.25862885 -129.45623779 306.76449585
v -36.92810440 -130.05284119 305.47833252
v -36.16975403 -130.32647705 304.86358643
v -40.93792343 -126.51731110 310.79055786
v -40.53897858 -127.29948425 309.76333618
v -39.68975830 -128.06239319 308.10055542
v -38.62107086 -128.78726196 306.57293701
v -37.35955429 -129.45623779 305.20724487
v -36.60780334 -129.90806580 304.73269653
v -40.34715652 -126.51731110 309.06076050
v -39.85763550 -127.29948425 308.02731323
v -38.88652802 -128.06239319 306.43261719
v -37.70666885 -128.78726196 304.98913574
v -37.29367447 -128.90560913 304.46591187
v -36.98556900 -129.42915344 304.59539795
v -39.63158035 -126.51731110 307.37872314
v -39.04846191 -127.29948425 306.34704590
v -37.96089554 -128.06239319 304.82940674
v -37.53339386 -128.34382629 304.35369873
v -38.79501343 -126.51731110 305.75347900
v -38.11598206 -127.29948425 304.73193359
v -37.70547104 -127.74897766 304.26669312
v -37.84192657 -126.51731110 304.19369507
v -37.80784988 -127.13961029 304.21237183
v -34.33512878 -131.27259827 305.20608521
v -33.93571091 -131.34384155 305.07299805
v -33.72129059 -131.45574951 305.65911865
v -33.32495880 -131.43969727 304.98574829
v -32.72408295 -131.49085999 304.82458496
v -32.15016937 -131.51171875 304.58419800
v -32.24920273 -131.51731873 305.05929565
v -33.25451660 -131.51731873 306.34707642
v -34.59676743 -131.45574951 306.94320679
v -36.04833984 -131.27259827 307.93264771
v -37.41179657 -130.97235107 309.09442139
v -38.65166855 -130.56239319 310.42373657
v -39.73358154 -130.05284119 311.90853882
v -40.62589264 -129.45623779 313.52972412
v -41.30126572 -128.78726196 315.26190186
v -41.46158981 -128.73283386 317.00000000
v -31.61507797 -131.51695251 304.25964355
v -31.14213562 -131.51731873 303.85784912
v -34.15137100 -131.51731873 307.71261597
v -35.37384033 -131.45574951 308.28915405
v -36.74740982 -131.27259827 309.38427734
v -38.02023697 -130.97235107 310.64468384
v -39.15730286 -130.56239319 312.06295776
v -40.12522507 -130.05284119 313.62448120
v -40.89389420 -129.45623779 315.30780029
v -41.04674149 -129.42492676 317.00000000
v -34.93378448 -131.51731873 309.14678955
v -36.04815292 -131.45574951 309.68936157
v -37.33604813 -131.27259827 310.88409424
v -38.51112366 -130.97235107 312.23611450
v -39.53902054 -130.56239319 313.73538208
v -40.38754654 -130.05284119 315.36483765
v -40.53785706 -130.02912903 317.00000000
v -35.59653091 -131.51731873 310.64004517
v -36.61594772 -131.45574951 311.13607788
v -37.81095505 -131.27259827 312.42370605
v -38.88171005 -130.97235107 313.85974121
v -39.79469299 -130.56239319 315.43164062
v -39.94441223 -130.54222107 317.00000000
v -36.13518906 -131.51731873 312.18240356
v -37.07403564 -131.45574951 312.62118530
v -38.16947937 -131.27259827 313.99450684
v -39.12992477 -130.97235107 315.50656128
v -39.25630951 -130.96746826 317.00000000
v -36.54616928 -131.51731873 313.76358032
v -37.41986465 -131.45574951 314.13635254
v -38.40961456 -131.27259827 315.58770752
v -38.54495621 -131.26469421 317.00000000
v -36.82672501 -131.51731873 315.37301636
v -37.65149689 -131.45574951 315.67312622
v -37.75973129 -131.45535278 317.00000000
v -36.97498322 -131.51731873 317.00000000
v -38.16947937 -131.27259827 322.00546265
v -37.81095505 -131.27259827 323.57626343
v -37.33604813 -131.27259827 325.11587524
v -36.74740982 -131.27259827 326.61569214
v -36.04833984 -131.27259827 328.06735229
v -38.88171005 -130.97235107 322.14022827
v -38.51112366 -130.97235107 323.76388550
v -38.02023697 -130.97235107 325.35528564
v -37.41179657 -130.97235107 326.90557861
v -36.68920898 -130.97235107 328.40603638
v -39.53902054 -130.56239319 322.26461792
v -39.15730286 -130.56239319 323.93704224
v -38.65166855 -130.56239319 325.57623291
v -38.02495575 -130.56239319 327.17309570
v -37.28065872 -130.56239319 328.71862793
v -40.12522507 -130.05284119 322.37551880
v -39.73358154 -130.05284119 324.09143066
v -39.21479797 -130.05284119 325.77328491
v -38.57178116 -130.05284119 327.41168213
v -37.80812836 -130.05284119 328.99740601
v -40.62589264 -129.45623779 322.47024536
v -40.22576904 -129.45623779 324.22332764
v -39.69575500 -129.45623779 325.94158936
v -39.03881836 -129.45623779 327.61544800
v -38.25862885 -129.45623779 329.23550415
v -41.02869415 -128.78726196 322.54647827
v -40.62174606 -128.78726196 324.32943726
v -40.08269882 -128.78726196 326.07699585
v -39.41455841 -128.78726196 327.77935791
v -38.62107086 -128.78726196 329.42706299
v -41.32371140 -128.06239319 322.60229492
v -40.91176605 -128.06239319 324.40713501
v -40.36610031 -128.06239319 326.17614746
v -39.68975830 -128.06239319 327.89944458
v -38.88652802 -128.06239319 329.56735229
v -2.54717803 -127.81731415 319.44622803
v -2.47499990 -127.81731415 318.00000000
v -2.54717803 -127.81731415 316.55377197
v -2.76299453 -127.81731415 315.12191772
v -3.12030506 -127.81731415 313.71868896
v -3.61555791 -127.81731415 312.35797119
v -4.24383163 -127.81731415 311.05334473
v -4.99888182 -127.81731415 309.81777954
v -5.87320423 -127.81731415 308.66351318
v -6.85811043 -127.81731415 307.60202026
v -7.94381046 -127.81731415 306.64389038
v -9.11951542 -127.81731415 305.79861450
v -10.37353992 -127.81731415 305.07461548
v -11.69342136 -127.81731415 304.47906494
v -13.06604195 -127.81731415 304.01788330
v -14.47776031 -127.81731415 303.69567871
v -15.91454506 -127.81731415 303.51562500
v -17.36211777 -127.81731415 303.47952271
v -18.80609322 -127.81731415 303.58770752
v -20.23211670 -127.81731415 303.83917236
v -21.62601852 -127.81731415 304.23135376
v -22.97394562 -127.81731415 304.76037598
v -24.26250076 -127.81731415 305.42098999
v -25.47887611 -127.81731415 306.20660400
v -26.61098671 -127.81731415 307.10943604
v -27.64757919 -127.81731415 308.12048340
v -28.57835007 -127.81731415 309.22973633
v -29.39405060 -127.81731415 310.42614746
v -30.08657265 -127.81731415 311.69784546
v -30.64903450 -127.81731415 313.03216553
v -31.07584763 -127.81731415 314.41583252
v -31.36276817 -127.81731415 315.83514404
v -31.50694466 -127.81731415 317.27597046
v -31.50694466 -127.81731415 318.72399902
v -31.36276817 -127.81731415 320.16482544
v -31.07584763 -127.81731415 321.58413696
v -30.64903450 -127.81731415 322.96783447
v -30.08657265 -127.81731415 324.30215454
v -29.39405060 -127.81731415 325.57385254
v -28.57835007 -127.81731415 326.77026367
v -27.64757919 -127.81731415 327.87951660
v -26.61098671 -127.81731415 328.89056396
v -25.47887611 -127.81731415 329.79339600
v -24.26250076 -127.81731415 330.57901001
v -22.97394562 -127.81731415 331.23962402
v -21.62601852 -127.81731415 331.76864624
v -20.23211670 -127.81731415 332.16082764
v -18.80609322 -127.81731415 332.41226196
v -17.36211777 -127.81731415 332.52047729
v -15.91454506 -127.81731415 332.48437500
v -14.47776031 -127.81731415 332.30432129
v -13.06604195 -127.81731415 331.98211670
v -11.69342136 -127.81731415 331.52093506
v -10.37353992 -127.81731415 330.92538452
v -9.11951542 -127.81731415 330.20138550
v -7.94381046 -127.81731415 329.35610962
v -6.85811043 -127.81731415 328.39794922
v -5.87320423 -127.81731415 327.33648682
v -4.99888182 -127.81731415 326.18222046
v -4.24383163 -127.81731415 324.94662476
v -3.61555791 -127.81731415 323.64199829
v -3.12030506 -127.81731415 322.28131104
v -2.76299453 -127.81731415 320.87808228
v 7.93844175 -127.29948425 318.00000000
v 8.00000000 -126.51731110 318.00000000
v 7.87490129 -127.29948425 319.77908325
v 7.93317461 -126.51731110 319.82669067
v 7.68460417 -127.29948425 321.54910278
v 7.73305511 -126.51731110 321.64361572
v 7.36852026 -127.29948425 323.30105591
v 7.40071201 -126.51731110 323.44107056
v 6.92825937 -127.29948425 325.02597046
v 6.93792200 -126.51731110 325.20944214
v 6.36606598 -127.29948425 326.71508789
v 6.34715843 -126.51731110 326.93923950
v 5.68480444 -127.29948425 328.35980225
v 5.63158035 -126.51731110 328.62127686
v 4.88794613 -127.29948425 329.95172119
v 4.79501247 -126.51731110 330.24652100
v 3.97955227 -127.29948425 331.48272705
v 3.80785131 -127.13961029 331.78762817
v 3.70546961 -127.74897766 331.73330688
v 3.84192801 -126.51731110 331.80630493
v 3.82546902 -128.06239319 331.38369751
v 3.53339314 -128.34382629 331.64630127
v 3.57288265 -128.78726196 331.22137451
v 3.29367495 -128.90560913 331.53408813
v 3.22801256 -129.45623779 330.99975586
v 2.98556852 -129.42915344 331.40460205
v 2.60780311 -129.90806580 331.26730347
v 2.79935098 -130.05284119 330.72427368
v 2.16975284 -130.32647705 331.13641357
v 2.29745269 -130.56239319 330.40170288
v 1.67044890 -130.68408203 331.02307129
v 1.73467624 -130.97235107 330.04003906
v 1.12395644 -130.97210693 330.94204712
v 0.54101855 -131.19068909 330.90628052
v 1.12487888 -131.27259827 329.64816284
v -0.06428862 -131.34384155 330.92700195
v 0.48307589 -131.45574951 329.23568726
v -0.36604095 -131.45574951 330.45834351
v -0.81966013 -131.51731873 329.75570679
v -1.27591777 -131.49085999 331.17538452
v -1.79188073 -131.51731873 330.98895264
v -1.84982955 -131.51171875 331.41580200
v -2.38492203 -131.51695251 331.74035645
v -0.67504120 -131.43969727 331.01425171
v -2.85786438 -131.51731873 332.14212036
v 0.05280329 -131.51731873 328.44998169
v 1.24007607 -131.45574951 327.95983887
v 1.90966845 -131.27259827 328.32546997
v 2.59809852 -131.27259827 326.95013428
v 3.25746131 -130.97235107 327.25128174
v 3.86582589 -130.97235107 325.78253174
v 4.49262047 -130.56239319 326.01632690
v 5.00973845 -130.56239319 324.46264648
v 5.58217955 -130.05284119 324.63073730
v 5.99767303 -130.05284119 323.00283813
v 6.49557924 -129.45623779 323.11114502
v 6.80034065 -129.45623779 321.42196655
v 7.20611572 -128.78726196 321.48031616
v 7.39272404 -128.78726196 319.74459839
v 7.69220877 -128.06239319 319.76602173
v 7.75528240 -128.06239319 318.00000000
v 0.82013047 -131.51731873 327.07980347
v 1.90412891 -131.45574951 326.63320923
v 3.18666148 -131.27259827 325.52923584
v 4.36786318 -130.97235107 324.27416992
v 5.41470003 -130.56239319 322.87600708
v 6.29597616 -130.05284119 321.34945679
v 6.98382092 -129.45623779 319.71536255
v 7.45503283 -128.78726196 318.00000000
v 1.47759068 -131.51731873 325.65365601
v 2.47185063 -131.45574951 325.26263428
v 3.67235756 -131.27259827 324.06994629
v 4.76101446 -130.97235107 322.73382568
v 5.70544100 -130.56239319 321.26455688
v 6.47556829 -130.05284119 319.67901611
v 7.04508495 -129.45623779 318.00000000
v 2.02113032 -131.51731873 324.18032837
v 2.94034839 -131.45574951 323.85501099
v 4.05271244 -131.27259827 322.57974243
v 5.04327631 -130.97235107 321.16934204
v 5.88048029 -130.56239319 319.63644409
v 6.53553391 -130.05284119 318.00000000
v 2.44739842 -131.51731873 322.66891479
v 3.30723453 -131.45574951 322.41757202
v 4.32578707 -131.27259827 321.06619263
v 5.21321106 -130.97235107 319.58871460
v 5.93892622 -130.56239319 318.00000000
v 2.75376678 -131.51731873 321.12869263
v 3.57063985 -131.45574951 320.95761108
v 4.49019051 -131.27259827 319.53701782
v 5.26995230 -130.97235107 318.00000000
v 2.93834662 -131.51731873 319.56918335
v 3.72922182 -131.45574951 319.48257446
v 4.54508495 -131.27259827 318.00000000
v 3.00000000 -131.51731873 318.00000000
v 3.78217244 -131.45574951 318.00000000
v 7.50330973 -128.06239319 321.52304077
v 7.18954659 -128.06239319 323.26211548
v 6.75251961 -128.06239319 324.97436523
v 6.19445515 -128.06239319 326.65109253
v 5.51819706 -128.06239319 328.28372192
v 4.72719145 -128.06239319 329.86395264
v 6.89615870 -128.78726196 323.19827271
v 6.07109022 -129.45623779 324.77429199
v 5.05161190 -130.05284119 326.22482300
v 3.86598134 -130.56239319 327.52917480
v 2.54586935 -130.97235107 328.67285156
v 6.46443176 -128.78726196 324.88977051
v 5.91313601 -128.78726196 326.54614258
v 5.24507999 -128.78726196 328.15899658
v 4.46366835 -128.78726196 329.72003174
v 5.52903557 -129.45623779 326.40289307
v 4.40867472 -130.05284119 327.77700806
v 3.13301373 -130.56239319 328.99343872
v 4.87217855 -129.45623779 327.98867798
v 4.10386610 -129.45623779 329.52359009
v 3.65664363 -130.05284119 329.27938843
v -29.67240143 -116.62830353 296.38793945
v -29.38216209 -117.65944672 296.28176880
v -30.12750053 -116.66574097 296.66583252
v -29.86335182 -117.65944672 296.56323242
v -30.33814430 -117.65944672 296.85540771
v -30.82892418 -116.66403198 297.11361694
v -30.90022469 -115.68527985 296.98422241
v -30.20505905 -115.68186951 296.53979492
v -30.08934784 -115.63218689 296.45693970
v -31.02807617 -114.72296143 296.77618408
v -31.22782898 -113.78240204 296.49908447
v -30.61389923 -114.68094635 296.49264526
v 6.50000000 -110.58837891 333.09222412
v 6.50000000 -109.94641876 334.24948120
v 6.34900331 -110.58837891 333.32479858
v 6.19570494 -110.58837891 333.55584717
v 6.04012012 -110.58837891 333.78536987
v -11.20120430 -117.65944672 342.31817627
v -9.50984955 -117.65944672 341.85156250
v -11.18664837 -117.64663696 342.31469727
v -8.66965580 -116.53980255 341.63796997
v -9.53016663 -116.20278168 341.96960449
v -8.60722065 -115.43424225 341.81512451
v -7.81777382 -114.76002502 341.71368408
v -7.37210083 -115.43424225 341.34313965
v -7.25373030 -114.35665894 341.63012695
v -6.03014898 -114.35665894 341.08755493
v -6.05380678 -113.35479736 341.55456543
v -5.84597731 -113.32061005 341.47518921
v -5.15383816 -112.67765808 341.51370239
v -4.63243771 -113.32061005 340.85913086
v -4.37431288 -112.33912659 341.33621216
v -3.17006493 -112.33912659 340.64331055
v -4.24264908 -112.02350616 341.50000000
v -2.83181810 -111.42455292 341.19711304
v -3.10196686 -111.27649689 341.50000000
v -1.90777504 -110.58837891 341.50000000
v -1.54097259 -111.05896759 340.72875977
v -1.67520642 -110.58837891 341.34899902
v -1.44414830 -110.58837891 341.19570923
v -1.21462357 -110.58837891 341.04013062
v -7.85538721 -117.65944672 341.26748657
v -7.44372368 -116.53980255 341.16949463
v -6.16338015 -115.43424225 340.80715942
v -4.83664751 -114.35665894 340.48168945
v -3.45280981 -113.32061005 340.18038940
v -2.37855792 -112.62593842 339.93215942
v -2.12361622 -112.07861328 340.17422485
v -6.24596643 -117.65944672 340.56878662
v -6.24399519 -116.53980255 340.63748169
v -4.98437405 -115.43424225 340.20864868
v -3.67649722 -114.35665894 339.81414795
v -2.77874017 -113.80768585 339.49255371
v -2.63408518 -113.30724335 339.66683960
v -5.07375956 -116.53980255 340.04342651
v -4.68951368 -117.65944672 339.75894165
v -3.93622518 -116.53980255 339.38891602
v -3.19369578 -117.65944672 338.84191895
v -3.16515613 -116.53787994 338.89871216
v -3.12747693 -115.98173523 338.96807861
v -3.83831406 -115.43424225 339.54922485
v -3.02421498 -115.05946350 339.14215088
v -2.88391900 -114.25756836 339.35211182
v -1.84437108 -111.55637360 340.43978882
v -23.35365868 -126.51731110 293.82086182
v -24.92547226 -126.51731110 294.28952026
v -23.91891289 -126.16441345 293.97671509
v -24.48421097 -125.76468658 294.14685059
v -25.03627777 -125.32386017 294.32687378
v -25.56168175 -124.84864807 294.51181030
v -26.46317291 -126.51731110 294.86022949
v -26.05115891 -124.35024261 294.69610596
v -26.49733543 -123.84204102 294.87426758
v -26.90088654 -123.32734680 295.04415894
v -27.96014023 -126.51731110 295.53057861
v -27.28128624 -122.78417206 295.21212769
v -27.97150421 -121.61717987 295.53640747
v -28.55818748 -120.35989380 295.83236694
v -29.40993118 -126.51731110 296.29760742
v -29.03004646 -119.03295898 296.08474731
v -11.20120430 -96.81731415 342.31817627
v -11.55892944 -126.51731110 342.40069580
v -9.79056835 -126.51731110 341.93792725
v -8.06075001 -126.51731110 341.34716797
v -6.37872028 -126.51731110 340.63156128
v -4.75347281 -126.51731110 339.79501343
v -3.19369578 -126.51731110 338.84191895
v -12.83938217 -96.81731415 342.65133667
v -13.35637856 -126.51731110 342.73306274
v -14.49616432 -96.81731415 342.87429810
v -15.17330647 -126.51731110 342.93316650
v -16.16414261 -96.81731415 342.98602295
v -17.00000000 -126.51731110 343.00000000
v -17.83585739 -96.81731415 342.98602295
v -18.82669449 -126.51731110 342.93316650
v -19.50383568 -96.81731415 342.87429810
v -20.64362144 -126.51731110 342.73306274
v -21.16061783 -96.81731415 342.65133667
v -22.44107056 -126.51731110 342.40069580
v -22.79879570 -96.81731415 342.31817627
v -22.79879570 -117.65944672 342.31817627
v -24.20943069 -126.51731110 341.93792725
v -24.49015045 -117.65944672 341.85156250
v -25.93925095 -126.51731110 341.34716797
v -26.14461327 -117.65944672 341.26748657
v -27.62127876 -126.51731110 340.63156128
v -27.75403404 -117.65944672 340.56878662
v -29.24652672 -126.51731110 339.79501343
v -29.31048584 -117.65944672 339.75894165
v -30.80630493 -126.51731110 338.84191895
v -30.80630493 -117.65944672 338.84191895
v -17.00000000 -126.51731110 293.00000000
v -17.00000000 -125.85225677 293.00000000
v -5.00000000 -126.51731110 293.00000000
v -16.84924316 -124.68772888 293.00000000
v -16.71244049 -124.15454865 293.00000000
v -17.00000000 -125.18719482 293.00000000
v -16.58965302 -123.58766174 293.00000000
v -16.48093987 -122.98704529 293.00000000
v -16.47304726 -122.93881989 293.00000000
v -16.32495689 -121.86508942 293.00000000
v -16.21044922 -120.67378235 293.00000000
v -5.00000000 -116.01731110 293.00000000
v -16.20788574 -120.64081573 293.00000000
v -16.13854790 -119.55964661 293.00000000
v -16.08778572 -118.35117340 293.00000000
v -16.08713531 -118.33112335 293.00000000
v -16.05922890 -117.24601746 293.00000000
v -16.04101372 -116.01731110 293.00000000
v -17.00000000 -96.81731415 293.00000000
v -5.00000000 -96.81731415 293.00000000
v -17.00000000 -102.84742737 293.00000000
v -16.82822037 -103.42361450 293.00000000
v -16.65763283 -104.12105560 293.00000000
v -5.00000000 -108.01731110 293.00000000
v -16.44971085 -105.24310303 293.00000000
v -16.30366135 -106.35771942 293.00000000
v -16.24902725 -106.90388489 293.00000000
v -16.16459656 -108.01731110 293.00000000
v -41.31818008 -96.81731415 323.79879761
v -41.31818008 -117.65944672 323.79879761
v -40.85157394 -117.65944672 325.49014282
v -40.26749039 -117.65944672 327.14462280
v -39.56880188 -117.65944672 328.75402832
v -38.75894928 -117.65944672 330.31048584
v -37.84192657 -117.65944672 331.80630493
v -41.65135574 -96.81731415 322.16061401
v -41.87430191 -96.81731415 320.50384521
v -41.98602295 -96.81731415 318.83584595
v -41.98602295 -96.81731415 317.16412354
v -41.87430191 -96.81731415 315.49615479
v -41.65135574 -96.81731415 313.83938599
v -41.31818008 -96.81731415 312.20120239
v -41.31818008 -117.65944672 312.20120239
v -40.85157394 -117.65944672 310.50985718
v -40.26749039 -117.65944672 308.85537720
v -39.56880188 -117.65944672 307.24597168
v -38.75894928 -117.65944672 305.68951416
v -37.84192657 -117.65944672 304.19369507
v -33.33248138 -103.15453339 294.50000000
v -33.33248138 -96.81731415 294.50000000
v -29.75735092 -103.15453339 294.50000000
v -29.75735092 -96.81731415 294.50000000
v -40.50000000 -110.58837891 302.90777588
v -40.50000000 -109.94641876 301.75051880
v -40.34900284 -110.58837891 302.67520142
v -40.19570541 -110.58837891 302.44415283
v -40.04011917 -110.58837891 302.21463013
v -22.79879570 -101.21235657 293.68182373
v -22.79879570 -96.81731415 293.68182373
v -22.14024734 -100.89975739 293.53491211
v -21.36655807 -96.81731415 293.38427734
v -21.44995689 -100.61983490 293.39984131
v -20.73424149 -100.37845612 293.28057861
v -19.91937065 -96.81731415 293.17105103
v -20.00000000 -100.18032837 293.18066406
v -19.73993111 -100.14625549 293.15060425
v -19.47702980 -100.16841125 293.12301636
v -19.03139877 -100.31716156 293.08267212
v -18.46218872 -96.81731415 293.04278564
v -18.62727547 -100.55779266 293.05300903
v -18.25056648 -100.87663269 293.03128052
v -17.94565010 -101.21078491 293.01788330
v -17.66708374 -101.58448792 293.00891113
v -17.41330719 -101.99423218 293.00341797
v -5.00000000 -131.51731873 298.00000000
v -17.00000000 -131.51731873 298.00000000
v -5.00000000 -131.45574951 297.21783447
v -17.00000000 -131.45574951 297.21783447
v -5.00000000 -131.27259827 296.45492554
v -17.00000000 -131.27259827 296.45492554
v -5.00000000 -130.97235107 295.73004150
v -17.00000000 -130.97235107 295.73004150
v -5.00000000 -130.56239319 295.06106567
v -17.00000000 -130.56239319 295.06106567
v -5.00000000 -130.05284119 294.46444702
v -17.00000000 -130.05284119 294.46444702
v -5.00000000 -129.45623779 293.95492554
v -17.00000000 -129.45623779 293.95492554
v -5.00000000 -128.78726196 293.54495239
v -17.00000000 -128.78726196 293.54495239
v -5.00000000 -128.06239319 293.24472046
v -17.00000000 -128.06239319 293.24472046
v -5.00000000 -127.29948425 293.06155396
v -17.00000000 -127.29948425 293.06155396
v -18.48258400 -131.45574951 297.27078247
v -18.56918144 -131.51731873 298.06164551
v -19.95761108 -131.45574951 297.42935181
v -20.12868881 -131.51731873 298.24621582
v -21.41756821 -131.45574951 297.69274902
v -21.66890717 -131.51731873 298.55261230
v -22.85501480 -131.45574951 298.05966187
v -23.18033981 -131.51731873 298.97885132
v -24.26262474 -131.45574951 298.52813721
v -24.65366936 -131.51731873 299.52239990
v -25.63322639 -131.45574951 299.09585571
v -26.07980919 -131.51731873 300.17987061
v -26.95983505 -131.45574951 299.75991821
v -27.44997215 -131.51731873 300.94720459
v -28.23569107 -131.45574951 300.51690674
v -28.75570488 -131.51731873 301.81964111
v -29.45817566 -131.45574951 301.36590576
v -30.17525482 -131.49085999 302.27526855
v -30.01357269 -131.43927002 301.67156982
v -29.98896027 -131.51731873 302.79187012
v -30.41440582 -131.51171875 302.84701538
v -30.73692513 -131.51710510 303.37976074
v -29.92628670 -131.34196472 301.05493164
v -28.64815140 -131.27259827 299.87512207
v -29.90629387 -131.19102478 300.46017456
v -29.94208527 -130.97233582 299.87670898
v -29.04004478 -130.97235107 299.26531982
v -30.02229500 -130.68663025 299.33367920
v -29.40172005 -130.56239319 298.70254517
v -30.13550568 -130.32933044 298.83377075
v -29.72426987 -130.05284119 298.20065308
v -30.26681900 -129.90969849 298.39367676
v -30.35163307 -129.62080383 298.15277100
v -29.99975395 -129.45623779 297.77197266
v -30.44674492 -129.26856995 297.90988159
v -30.22138977 -128.78726196 297.42712402
v -30.53394508 -128.90631104 297.70666504
v -30.64635086 -128.34342957 297.46649170
v -30.38371658 -128.06239319 297.17453003
v -30.73336792 -127.74864960 297.29446411
v -30.48274040 -127.29948425 297.02044678
v -30.77637863 -127.30570221 297.21304321
v -30.80078125 -126.85587311 297.16802979
v -28.95172310 -127.29948425 296.11206055
v -27.35980225 -127.29948425 295.31518555
v -25.71509171 -127.29948425 294.63394165
v -24.02597046 -127.29948425 294.07174683
v -22.91867828 -126.74771118 293.71618652
v -22.30104637 -127.29948425 293.63146973
v -22.43122101 -126.96084595 293.61727905
v -21.89408112 -127.15516663 293.52536011
v -21.31005096 -127.32910919 293.44168091
v -22.26211357 -128.06239319 293.81045532
v -23.97436905 -128.06239319 294.24746704
v -25.65108490 -128.06239319 294.80554199
v -27.28371620 -128.06239319 295.48181152
v -28.86394501 -128.06239319 296.27279663
v -20.52304459 -128.06239319 293.49667358
v -20.03386879 -127.60602570 293.30563354
v -18.76602173 -128.06239319 293.30780029
v -18.72165489 -127.77547455 293.22061157
v -18.29549408 -127.77940369 293.19570923
v -17.87682343 -127.70751190 293.15917969
v -17.48677826 -127.54393005 293.11126709
v -17.31898689 -127.42243195 293.08465576
v -17.20547104 -127.30349731 293.06304932
v -17.09502220 -127.11788940 293.03637695
v -17.03538513 -126.92513275 293.01669312
v -18.74460220 -128.78726196 293.60726929
v -20.48031425 -128.78726196 293.79388428
v -22.19829178 -128.78726196 294.10385132
v -23.88977814 -128.78726196 294.53555298
v -25.54615784 -128.78726196 295.08685303
v -27.15898705 -128.78726196 295.75491333
v -28.72004890 -128.78726196 296.53631592
v -18.71535683 -129.45623779 294.01617432
v -20.42197227 -129.45623779 294.19964600
v -22.11115074 -129.45623779 294.50442505
v -23.77428246 -129.45623779 294.92889404
v -25.40289497 -129.45623779 295.47094727
v -26.98868942 -129.45623779 296.12780762
v -28.52358246 -129.45623779 296.89611816
v -18.67900658 -130.05284119 294.52441406
v -20.34945488 -130.05284119 294.70401001
v -22.00283813 -130.05284119 295.00231934
v -23.63072586 -130.05284119 295.41781616
v -25.22482681 -130.05284119 295.94839478
v -26.77701378 -130.05284119 296.59130859
v -28.27938080 -130.05284119 297.34335327
v -18.63644409 -130.56239319 295.11950684
v -20.26454926 -130.56239319 295.29455566
v -21.87602043 -130.56239319 295.58529663
v -23.46264267 -130.56239319 295.99026489
v -25.01633263 -130.56239319 296.50738525
v -26.52917480 -130.56239319 297.13400269
v -27.99345779 -130.56239319 297.86697388
v -18.58872032 -130.97235107 295.78677368
v -20.16934395 -130.97235107 295.95672607
v -21.73381805 -130.97235107 296.23898315
v -23.27416992 -130.97235107 296.63214111
v -24.78255081 -130.97235107 297.13415527
v -26.25127220 -130.97235107 297.74252319
v -27.67285156 -130.97235107 298.45413208
v -18.53700829 -131.27259827 296.50979614
v -20.06618500 -131.27259827 296.67419434
v -21.57973671 -131.27259827 296.94729614
v -23.06995201 -131.27259827 297.32763672
v -24.52923584 -131.27259827 297.81332397
v -25.95015144 -131.27259827 298.40188599
v -27.32546043 -131.27259827 299.09033203
v -39.72937012 -111.05794525 302.54034424
v -40.19712448 -111.42455292 303.83181763
v -40.50000000 -111.27649689 304.10195923
v -40.50000000 -112.02350616 305.24264526
v -39.64332581 -112.33912659 304.17007446
v -40.33622360 -112.33912659 305.37429810
v -39.18039322 -113.32061005 304.45281982
v -39.85912704 -113.32061005 305.63244629
v -38.81415939 -114.35665894 304.67648315
v -39.48168182 -114.35665894 305.83663940
v -38.54922104 -115.43424225 304.83831787
v -39.20863724 -115.43424225 305.98437500
v -38.38891220 -116.53980255 304.93621826
v -39.04342651 -116.53980255 306.07376099
v -39.44093323 -111.55426788 302.84317017
v -39.17478180 -112.07753754 303.12304688
v -38.93216324 -112.62593842 303.37854004
v -38.70434952 -113.20590210 303.60073853
v -38.49425888 -113.80249023 303.77740479
v -38.14563751 -115.04432678 304.02203369
v -37.91972351 -116.34094238 304.15304565
v -39.63749695 -116.53980255 307.24398804
v -40.16949463 -116.53980255 308.44372559
v -40.63796234 -116.53980255 309.66964722
v -40.81512451 -115.43424225 309.60720825
v -40.96961975 -116.20278168 310.53015137
v -40.71368408 -114.76002502 308.81777954
v -41.31471634 -117.64663696 312.18664551
v -40.55456161 -113.35479736 307.05380249
v -40.63013840 -114.35665894 308.25372314
v -40.34314728 -115.43424225 308.37210083
v -40.47517776 -113.32061005 306.84597778
v -40.51369476 -112.67765808 306.15383911
v -39.80715942 -115.43424225 307.16339111
v -40.08756256 -114.35665894 307.03015137
v -39.08284760 -107.51731110 299.20245361
v -40.09259415 -107.51731110 300.45770264
v -39.58947372 -103.01731110 299.81439209
v -40.09259415 -96.81731415 300.45770264
v -39.92690277 -96.81731415 300.24169922
v -39.75918961 -96.81731415 300.02725220
v -39.58947372 -96.81731415 299.81439209
v -38.57899857 -103.01731110 298.62612915
v -38.00495911 -107.51731110 298.00521851
v -37.50609589 -103.01731110 297.49389648
v -36.86225128 -107.51731110 296.86965942
v -36.37386703 -103.01731110 296.42098999
v -35.65824890 -107.51731110 295.79931641
v -35.42541504 -106.68576050 295.60571289
v -35.16170120 -105.86904144 295.39129639
v -34.97273636 -96.81731415 295.24081421
v -34.86711884 -105.06973267 295.15774536
v -34.75829697 -96.81731415 295.07308960
v -34.54229736 -104.29045105 294.90740967
v -34.54229736 -96.81731415 294.90740967
v -28.84979057 -103.11805725 294.48626709
v -28.00272369 -96.81731415 294.44863892
v -27.95244598 -103.01200867 294.44567871
v -27.06567574 -102.84146881 294.37902832
v -26.25410652 -96.81731415 294.29473877
v -26.18983841 -102.61151123 294.28713989
v -25.32524300 -102.32736206 294.17080688
v -24.51748085 -96.81731415 294.03884888
v -24.47177696 -101.99555206 294.03073120
v -23.62953568 -101.62204742 293.86752319
v -4.21782780 -126.51731110 292.93844604
v -4.21782780 -116.01731110 292.93844604
v -3.45491505 -126.51731110 292.75527954
v -3.45491505 -116.01731110 292.75527954
v -2.73004746 -126.51731110 292.45501709
v -2.73004746 -116.01731110 292.45501709
v -2.06107378 -126.51731110 292.04507446
v -2.06107378 -116.01731110 292.04507446
v -1.46446609 -126.51731110 291.53552246
v -1.46446609 -116.01731110 291.53552246
v -0.95491505 -126.51731110 290.93893433
v -0.95491505 -116.01731110 290.93893433
v -0.54496735 -126.51731110 290.26995850
v -0.54496735 -116.01731110 290.26995850
v -0.24471742 -126.51731110 289.54507446
v -0.24471742 -116.01731110 289.54507446
v -0.06155830 -126.51731110 288.78216553
v -0.06155830 -116.01731110 288.78216553
v 0.00000000 -126.51731110 288.00000000
v 0.00000000 -116.01731110 288.00000000
v -4.21782780 -108.01731110 292.93844604
v -4.21782780 -96.81731415 292.93844604
v -3.45491505 -108.01731110 292.75527954
v -3.45491505 -96.81731415 292.75527954
v -2.73004746 -108.01731110 292.45501709
v -2.73004746 -96.81731415 292.45501709
v -2.06107378 -108.01731110 292.04507446
v -2.06107378 -96.81731415 292.04507446
v -1.46446609 -108.01731110 291.53552246
v -1.46446609 -96.81731415 291.53552246
v -0.95491505 -108.01731110 290.93893433
v -0.95491505 -96.81731415 290.93893433
v -0.54496735 -108.01731110 290.26995850
v -0.54496735 -96.81731415 290.26995850
v -0.24471742 -108.01731110 289.54507446
v -0.24471742 -96.81731415 289.54507446
v -0.06155830 -108.01731110 288.78216553
v -0.06155830 -96.81731415 288.78216553
v 0.00000000 -108.01731110 288.00000000
v 0.00000000 -96.81731415 288.00000000
v -29.92598534 -131.51731873 333.26168823
v -30.74036217 -131.51695251 332.61508179
v -30.41581345 -131.51171875 333.15017700
v -30.17539978 -131.49085999 333.72409058
v -28.62153625 -131.51731873 334.27697754
v -29.34087372 -131.45574951 334.72128296
v -28.05678177 -131.45574951 335.59677124
v -28.46267700 -131.27259827 336.24273682
v -27.06734276 -131.27259827 337.04833984
v -27.40604973 -130.97235107 337.68920898
v -25.90557671 -130.97235107 338.41180420
v -26.17309380 -130.56239319 339.02496338
v -24.57624626 -130.56239319 339.65167236
v -24.77329445 -130.05284119 340.21478271
v -23.09144402 -130.05284119 340.73358154
v -23.22332573 -129.45623779 341.22576904
v -21.47026062 -129.45623779 341.62588501
v -21.54647446 -128.78726196 342.02868652
v -19.73809433 -128.78726196 342.30126953
v -19.77171135 -128.06239319 342.59960938
v -17.92562866 -128.06239319 342.73797607
v -17.93247795 -127.29948425 342.92098999
v -16.06752205 -127.29948425 342.92098999
v -14.20778084 -127.29948425 342.78161621
v -12.36365414 -127.29948425 342.50366211
v -10.54545593 -127.29948425 342.08868408
v -8.76335526 -127.29948425 341.53897095
v -7.02731609 -127.29948425 340.85763550
v -5.34704876 -127.29948425 340.04846191
v -3.73194909 -127.29948425 339.11596680
v -3.19921851 -126.85587311 338.83193970
v -3.22362137 -127.30570221 338.78695679
v -3.26663256 -127.74864960 338.70553589
v -3.82939553 -128.06239319 338.96090698
v -3.35364890 -128.34342957 338.53350830
v -3.98913813 -128.78726196 338.70666504
v -3.46605587 -128.90631104 338.29333496
v -3.55325437 -129.26856995 338.09011841
v -4.20724344 -129.45623779 338.35955811
v -3.64836788 -129.62080383 337.84719849
v -4.47834110 -130.05284119 337.92810059
v -3.73318195 -129.90969849 337.60632324
v -3.86449385 -130.32933044 337.16619873
v -4.79575539 -130.56239319 337.42294312
v -3.97770429 -130.68663025 336.66632080
v -5.15167093 -130.97235107 336.85650635
v -4.05791473 -130.97233582 336.12329102
v -5.53732347 -131.27259827 336.24273682
v -4.09370708 -131.19102478 335.53982544
v -4.20609379 -131.27259827 335.33511353
v -4.07371283 -131.34196472 334.94506836
v -4.65912676 -131.45574951 334.72128296
v -3.98642755 -131.43927002 334.32843018
v -3.82474470 -131.49085999 333.72470093
v -5.37846375 -131.51731873 334.27697754
v -4.07401514 -131.51731873 333.26168823
v -27.23770142 -131.51731873 335.18106079
v -26.71085739 -131.45574951 336.37384033
v -25.61570740 -131.27259827 337.74740601
v -24.35529900 -130.97235107 339.02023315
v -22.93703079 -130.56239319 340.15728760
v -21.37552834 -130.05284119 341.12521362
v -19.69219589 -129.45623779 341.89389038
v -17.91440201 -128.78726196 342.43792725
v -16.07437134 -128.06239319 342.73797607
v -25.78393173 -131.51731873 335.96780396
v -25.31062508 -131.45574951 337.04815674
v -24.11589050 -131.27259827 338.33602905
v -22.76388741 -130.97235107 339.51110840
v -21.26461220 -130.56239319 340.53900146
v -19.63514328 -130.05284119 341.38754272
v -17.89907455 -129.45623779 342.02825928
v -16.08559799 -128.78726196 342.43792725
v -14.22828770 -128.06239319 342.59960938
v -24.27015877 -131.51731873 336.63180542
v -23.86391640 -131.45574951 337.61593628
v -22.57627869 -131.27259827 338.81094360
v -21.14024353 -130.97235107 339.88171387
v -19.56834412 -130.56239319 340.79467773
v -17.88002205 -130.05284119 341.51907349
v -16.10092545 -129.45623779 342.02825928
v -14.26190472 -128.78726196 342.30126953
v -12.39770603 -128.06239319 342.32369995
v -22.70672417 -131.51731873 337.16854858
v -22.37882233 -131.45574951 338.07403564
v -21.00548172 -131.27259827 339.16946411
v -19.49344444 -130.97235107 340.12991333
v -17.85771370 -130.56239319 340.92288208
v -16.11997795 -130.05284119 341.51907349
v -14.30780506 -129.45623779 341.89389038
v -12.45352554 -128.78726196 342.02868652
v -10.59286118 -128.06239319 341.91177368
v -21.10430717 -131.51731873 337.57434082
v -20.86364746 -131.45574951 338.41986084
v -19.41228485 -131.27259827 339.40960693
v -17.83270073 -130.97235107 340.25436401
v -16.14228630 -130.56239319 340.92288208
v -14.36485672 -130.05284119 341.38754272
v -12.52973938 -129.45623779 341.62588501
v -10.67057228 -128.78726196 341.62173462
v -8.82384872 -128.06239319 341.36608887
v -19.47385216 -131.51731873 337.84640503
v -19.32686424 -131.45574951 338.65148926
v -17.80559731 -131.27259827 339.53002930
v -16.16729927 -130.97235107 340.25436401
v -14.43165493 -130.56239319 340.79467773
v -12.62447071 -130.05284119 341.12521362
v -10.77667427 -129.45623779 341.22576904
v -8.92301464 -128.78726196 341.08270264
v -7.10055971 -128.06239319 340.68975830
v -17.82649994 -131.51731873 337.98291016
v -17.77707100 -131.45574951 338.76763916
v -16.19440269 -131.27259827 339.53002930
v -14.50655651 -130.97235107 340.12991333
v -12.73538780 -130.56239319 340.53900146
v -10.90855598 -130.05284119 340.73358154
v -9.05841160 -129.45623779 340.69573975
v -7.22062731 -128.78726196 340.41455078
v -5.43263292 -128.06239319 339.88653564
v -16.17350006 -131.51731873 337.98291016
v -16.22292900 -131.45574951 338.76763916
v -14.58771610 -131.27259827 339.40960693
v -12.85975742 -130.97235107 339.88171387
v -11.06296921 -130.56239319 340.15728760
v -9.22670555 -130.05284119 340.21478271
v -7.38456249 -129.45623779 340.03881836
v -5.57293034 -128.78726196 339.62106323
v -14.67313480 -131.45574951 338.65148926
v -14.52614784 -131.51731873 337.84640503
v -13.13635254 -131.45574951 338.41986084
v -12.89569283 -131.51731873 337.57434082
v -11.62117767 -131.45574951 338.07403564
v -11.29327583 -131.51731873 337.16854858
v -10.13608360 -131.45574951 337.61593628
v -9.72984028 -131.51731873 336.63180542
v -8.68937492 -131.45574951 337.04815674
v -8.21606827 -131.51731873 335.96780396
v -7.28914261 -131.45574951 336.37384033
v -6.76229906 -131.51731873 335.18106079
v -5.94321775 -131.45574951 335.59677124
v -3.26307535 -131.51710510 332.62023926
v -3.58559394 -131.51171875 333.15298462
v -19.79221916 -127.29948425 342.78161621
v -21.60229492 -128.06239319 342.32369995
v -23.32942772 -128.78726196 341.62173462
v -24.94158745 -129.45623779 340.69573975
v -26.41167259 -130.05284119 339.57177734
v -27.71864128 -130.56239319 338.28063965
v -28.84832954 -130.97235107 336.85650635
v -29.94205666 -130.97210693 336.12396240
v -29.90627861 -131.19068909 335.54101562
v -21.63634491 -127.29948425 342.50366211
v -23.40713882 -128.06239319 341.91177368
v -25.07698441 -128.78726196 341.08270264
v -26.61543846 -129.45623779 340.03881836
v -27.99741745 -130.05284119 338.80813599
v -29.20424461 -130.56239319 337.42294312
v -30.02307510 -130.68408203 336.67044067
v -23.45454407 -127.29948425 342.08868408
v -25.17615128 -128.06239319 341.36608887
v -26.77937317 -128.78726196 340.41455078
v -28.23551369 -129.45623779 339.25863647
v -29.52165985 -130.05284119 337.92810059
v -30.13642502 -130.32647705 337.16973877
v -25.23664474 -127.29948425 341.53897095
v -26.89944077 -128.06239319 340.68975830
v -28.42706871 -128.78726196 339.62106323
v -29.79275703 -129.45623779 338.35955811
v -30.26730728 -129.90806580 337.60778809
v -26.97268486 -127.29948425 340.85763550
v -28.56736755 -128.06239319 339.88653564
v -30.01086235 -128.78726196 338.70666504
v -30.53409576 -128.90560913 338.29367065
v -30.40459633 -129.42915344 337.98556519
v -28.65295219 -127.29948425 340.04846191
v -30.17060471 -128.06239319 338.96090698
v -30.64629555 -128.34382629 338.53338623
v -30.26805115 -127.29948425 339.11596680
v -30.73330307 -127.74897766 338.70547485
v -30.78762627 -127.13961029 338.80786133
v -29.79390717 -131.27259827 335.33511353
v -29.92699242 -131.34384155 334.93569946
v -30.01424026 -131.43969727 334.32495117
v -12.99451828 -131.27259827 339.16946411
v -11.23611259 -130.97235107 339.51110840
v -9.42375278 -130.56239319 339.65167236
v -7.58832788 -130.05284119 339.57177734
v -5.76448631 -129.45623779 339.25863647
v -11.42372131 -131.27259827 338.81094360
v -9.64470100 -130.97235107 339.02023315
v -7.82690620 -130.56239319 339.02496338
v -6.00258350 -130.05284119 338.80813599
v -9.88410950 -131.27259827 338.33602905
v -8.09442329 -130.97235107 338.41180420
v -6.28135920 -130.56239319 338.28063965
v -8.38429260 -131.27259827 337.74740601
v -6.59394979 -130.97235107 337.68920898
v -6.93265772 -131.27259827 337.04833984
v -32.09222412 -110.58837891 341.50000000
v -33.24948883 -109.94641876 341.50000000
v -32.32479477 -110.58837891 341.34899902
v -32.55585098 -110.58837891 341.19570923
v -32.78537750 -110.58837891 341.04013062
v -32.45965576 -111.05794525 340.72937012
v -31.16818237 -111.42455292 341.19711304
v -30.89803314 -111.27649689 341.50000000
v -29.75735092 -112.02350616 341.50000000
v -30.82993507 -112.33912659 340.64331055
v -29.62568665 -112.33912659 341.33621216
v -30.54718971 -113.32061005 340.18038940
v -29.36756325 -113.32061005 340.85913086
v -30.32350349 -114.35665894 339.81414795
v -29.16335297 -114.35665894 340.48168945
v -30.16168594 -115.43424225 339.54922485
v -29.01562691 -115.43424225 340.20864868
v -30.06377411 -116.53980255 339.38891602
v -28.92624092 -116.53980255 340.04342651
v -32.15682983 -111.55426788 340.44091797
v -31.87695694 -112.07753754 340.17477417
v -31.62144279 -112.62593842 339.93215942
v -31.39924622 -113.20590210 339.70434570
v -31.22260475 -113.80249023 339.49426270
v -30.97795105 -115.04432678 339.14562988
v -30.84695053 -116.34094238 338.91970825
v -27.75600433 -116.53980255 340.63748169
v -26.55627632 -116.53980255 341.16949463
v -25.33034515 -116.53980255 341.63796997
v -25.39278030 -115.43424225 341.81512451
v -24.46983337 -116.20278168 341.96960449
v -26.18222618 -114.76002502 341.71368408
v -22.81335068 -117.64663696 342.31469727
v -27.94619370 -113.35479736 341.55456543
v -26.74626923 -114.35665894 341.63012695
v -26.62789917 -115.43424225 341.34313965
v -28.15402222 -113.32061005 341.47518921
v -28.84616089 -112.67765808 341.51370239
v -27.83662033 -115.43424225 340.80715942
v -27.96985054 -114.35665894 341.08755493
v -34.87204361 -96.51731110 340.00000000
v -6.01482153 -96.51731110 341.25186157
v -34.96665573 -96.51731110 340.02380371
v -35.03875732 -96.51731110 340.08950806
v -35.07118988 -96.51731110 340.18151855
v -27.98517799 -96.51731110 341.25186157
v -7.78092670 -96.51731110 341.40728760
v -26.21907234 -96.51731110 341.40728760
v -9.53491783 -96.51731110 341.66574097
v -24.46508217 -96.51731110 341.66574097
v -11.27079010 -96.51731110 342.02636719
v -22.72920990 -96.51731110 342.02636719
v -12.88930988 -96.51731110 342.35552979
v -21.11069107 -96.51731110 342.35552979
v -14.52621078 -96.51731110 342.57580566
v -19.47378922 -96.51731110 342.57580566
v -16.17417336 -96.51731110 342.68618774
v -17.82582664 -96.51731110 342.68618774
v -35.05624008 -96.51731110 340.27792358
v -34.99746323 -96.51731110 340.35577393
v -34.78681183 -96.51731110 340.52374268
v -34.57459259 -96.51731110 340.68972778
v -29.75735092 -96.51731110 341.19998169
v -34.36082458 -96.51731110 340.85369873
v -34.04594803 -96.51731110 341.04302979
v -33.69774628 -96.51731110 341.16027832
v -33.33248138 -96.51731110 341.19998169
v -4.24264908 -96.51731110 341.19998169
v 0.57459229 -96.51731110 340.68972778
v 0.78681141 -96.51731110 340.52374268
v -0.66751701 -96.51731110 341.19998169
v -0.30225319 -96.51731110 341.16027832
v 0.04594893 -96.51731110 341.04302979
v 0.36082450 -96.51731110 340.85369873
v -40.20000076 -96.51731110 334.33248901
v -40.16029739 -96.51731110 334.69775391
v -40.20000076 -96.51731110 330.75735474
v -40.04303741 -96.51731110 335.04595947
v -39.85370255 -96.51731110 335.36080933
v -39.68972778 -96.51731110 335.57458496
v -40.25186920 -96.51731110 328.98516846
v -39.52375031 -96.51731110 335.78680420
v -39.35578918 -96.51731110 335.99746704
v -39.27792740 -96.51731110 336.05624390
v -39.18152237 -96.51731110 336.07119751
v -40.25186920 -96.51731110 307.01483154
v -39.00000000 -96.51731110 335.87203979
v -39.00000000 -96.51731110 300.12796021
v -39.08951187 -96.51731110 336.03875732
v -39.02379227 -96.51731110 335.96664429
v -39.02379227 -96.51731110 300.03332520
v -39.08951187 -96.51731110 299.96124268
v -39.18152237 -96.51731110 299.92880249
v -39.27792740 -96.51731110 299.94375610
v -39.35578918 -96.51731110 300.00253296
v -39.52375031 -96.51731110 300.21319580
v -39.68972778 -96.51731110 300.42541504
v -40.20000076 -96.51731110 305.24264526
v -39.85370255 -96.51731110 300.63916016
v -40.04303741 -96.51731110 300.95404053
v -40.16029739 -96.51731110 301.30224609
v -40.20000076 -96.51731110 301.66751099
v -40.40729904 -96.51731110 327.21905518
v -40.40729904 -96.51731110 308.78091431
v -40.66576004 -96.51731110 325.46508789
v -40.66576004 -96.51731110 310.53491211
v -41.02636337 -96.51731110 312.27078247
v -41.35553741 -96.51731110 313.88931274
v -41.35553741 -96.51731110 322.11068726
v -41.02636337 -96.51731110 323.72921753
v -41.57580948 -96.51731110 320.47378540
v -41.57580948 -96.51731110 315.52621460
v -41.68619156 -96.51731110 318.82583618
v -41.68619156 -96.51731110 317.17416382
v 7.69999981 -96.51731110 309.00000000
v 5.00000000 -96.51731110 298.29998779
v 7.69999981 -96.51731110 318.00000000
v 6.66575956 -96.51731110 325.46508789
v 7.02636385 -96.51731110 323.72921753
v 7.73344517 -96.51731110 308.05737305
v 7.83361340 -96.51731110 307.11950684
v 8.00000000 -96.51731110 306.19107056
v 4.94233418 -96.51731110 297.78820801
v 8.00000000 -96.51731110 266.00000000
v 4.77222824 -96.51731110 297.30206299
v 4.49821234 -96.51731110 296.86596680
v 0.30000001 -96.51731110 288.00000000
v 4.13402653 -96.51731110 296.50177002
v 3.69793248 -96.51731110 296.22775269
v 0.23474820 -96.51731110 288.82910156
v 3.21179819 -96.51731110 296.05764771
v 2.70000005 -96.51731110 296.00000000
v 0.04059954 -96.51731110 289.63778687
v -0.27766544 -96.51731110 290.40615845
v 0.30000001 -96.51731110 266.00000000
v -0.71220994 -96.51731110 291.11526489
v -1.25233412 -96.51731110 291.74765015
v -1.88473821 -96.51731110 292.28778076
v -2.59385037 -96.51731110 292.72232056
v -3.36221004 -96.51731110 293.04058838
v -4.17089748 -96.51731110 293.23474121
v -5.00000000 -96.51731110 293.29998779
v -17.00000000 -96.51731110 293.29998779
v -24.46508217 -96.51731110 294.33422852
v -22.72920990 -96.51731110 293.97363281
v -18.44464302 -96.51731110 293.34228516
v -19.88433838 -96.51731110 293.46899414
v -21.31415939 -96.51731110 293.67968750
v -26.21907234 -96.51731110 294.59268188
v -34.87204361 -96.51731110 296.00000000
v -27.98517799 -96.51731110 294.74813843
v -29.75735092 -96.51731110 294.79998779
v -33.33248138 -96.51731110 294.79998779
v -33.69774628 -96.51731110 294.83969116
v -34.04594803 -96.51731110 294.95697021
v -34.36082458 -96.51731110 295.14630127
v -34.57459259 -96.51731110 295.31027222
v -34.78681183 -96.51731110 295.47625732
v -34.99746323 -96.51731110 295.64419556
v -34.96665573 -96.51731110 295.97619629
v -35.03875732 -96.51731110 295.91049194
v -35.05624008 -96.51731110 295.72207642
v -35.07118988 -96.51731110 295.81848145
v 6.40730000 -96.51731110 327.21905518
v 5.00000000 -96.51731110 335.87203979
v 6.25186920 -96.51731110 328.98516846
v 6.19999981 -96.51731110 330.75735474
v 6.19999981 -96.51731110 334.33248901
v 5.85370350 -96.51731110 335.36080933
v 6.04303789 -96.51731110 335.04595947
v 5.02379370 -96.51731110 335.96664429
v 5.08951283 -96.51731110 336.03875732
v 5.18152094 -96.51731110 336.07119751
v 5.27792597 -96.51731110 336.05624390
v 5.35578966 -96.51731110 335.99746704
v 5.52375078 -96.51731110 335.78680420
v 5.68972683 -96.51731110 335.57458496
v 6.16029596 -96.51731110 334.69775391
v 7.32032108 -96.51731110 322.31414795
v 7.53101301 -96.51731110 320.88433838
v 7.65771723 -96.51731110 319.44464111
v -40.50000000 -96.81731415 305.24264526
v -40.50000000 -96.81731415 301.66751099
v -40.50000000 -109.89675903 301.66751099
v -40.50000000 -109.89675903 334.33248901
v -40.50000000 -96.81731415 334.33248901
v -40.50000000 -109.94641876 334.24948120
v -40.50000000 -110.58837891 333.09222412
v -40.50000000 -96.81731415 330.75735474
v -40.50000000 -111.27649689 331.89804077
v -40.50000000 -112.02350616 330.75735474
v -29.75735092 -96.81731415 341.50000000
v -33.33248138 -96.81731415 341.50000000
v -33.33248138 -109.89675903 341.50000000
v 6.50000000 -112.02350616 330.75735474
v 6.50000000 -96.81731415 330.75735474
v 6.50000000 -111.27649689 331.89804077
v 6.50000000 -96.81731415 334.33248901
v 6.50000000 -109.89675903 334.33248901
v -0.66751695 -109.89675903 341.50000000
v -0.66751701 -96.81731415 341.50000000
v -0.75051200 -109.94641876 341.50000000
v -4.24264908 -96.81731415 341.50000000
v -40.34900284 -110.58837891 333.32479858
v -40.19570541 -110.58837891 333.55584717
v -40.04011917 -110.58837891 333.78536987
v 8.00000000 -96.81731415 318.00000000
v 7.95720339 -96.81731415 319.46218872
v 7.82896042 -96.81731415 320.91937256
v 7.61570978 -96.81731415 322.36654663
v 7.31818199 -96.81731415 323.79879761
v 7.31818199 -117.65944672 323.79879761
v 6.85157537 -117.65944672 325.49014282
v 6.26748943 -117.65944672 327.14462280
v 5.56880045 -117.65944672 328.75402832
v 4.75895071 -117.65944672 330.31048584
v 3.84192801 -117.65944672 331.80630493
v -4.03807783 -131.51731873 297.08612061
v -3.10157728 -131.51731873 296.14813232
v -2.21539545 -131.51731873 295.16183472
v -1.40756869 -131.51731873 294.10641479
v -1.04617667 -131.51731873 293.55279541
v -0.71827382 -131.51731873 292.98052979
v -0.42729992 -131.51730347 292.38769531
v -0.17711122 -131.51731873 291.77212524
v 0.02594147 -131.51731873 291.13739014
v 0.17527080 -131.51730347 290.49295044
v 0.26795372 -131.51731873 289.83850098
v 0.30000001 -131.51731873 289.17333984
v 0.30000001 -131.51731873 266.00000000
v 8.00000000 -131.51731873 266.00000000
v 8.00000000 -131.51731873 296.55010986
v 7.13644218 -131.51731873 297.51950073
v 6.34500408 -131.51731873 298.54861450
v 3.00000000 -131.51731873 309.00000000
v 3.06743670 -131.51731873 307.44332886
v 3.26924109 -131.51731873 305.89834595
v 0.00000000 -96.88655853 264.45819092
v 0.00000000 -96.81731415 266.00000000
v 0.00000000 -97.09372711 262.92880249
v 0.00000000 -97.43714905 261.42416382
v 0.00000000 -97.91407013 259.95635986
v 0.00000000 -98.52064514 258.53720093
v 0.00000000 -99.25199127 257.17813110
v 0.00000000 -100.10221863 255.89009094
v 0.00000000 -101.06448364 254.68345642
v 0.00000000 -102.13103485 253.56793213
v 0.00000000 -103.29328918 252.55249023
v 0.00000000 -104.54188538 251.64533997
v 0.00000000 -105.86677551 250.85375977
v 0.00000000 -107.25728607 250.18411255
v 0.00000000 -108.70221710 249.64183044
v 0.00000000 -110.18995667 249.23123169
v 0.00000000 -111.70850372 248.95565796
v 0.00000000 -113.24563599 248.81732178
v 0.00000000 -114.78898621 248.81732178
v 0.00000000 -116.32612610 248.95565796
v 0.00000000 -117.84467316 249.23123169
v 0.00000000 -119.33240509 249.64183044
v 0.00000000 -120.77734375 250.18411255
v 0.00000000 -122.16785431 250.85375977
v 0.00000000 -123.49274445 251.64533997
v 0.00000000 -124.74134064 252.55249023
v 0.00000000 -125.90358734 253.56793213
v 0.00000000 -126.97013855 254.68345642
v 0.00000000 -127.93240356 255.89009094
v 0.00000000 -128.78263855 257.17813110
v 0.00000000 -129.51397705 258.53720093
v 0.00000000 -130.12055969 259.95635986
v 0.00000000 -130.59747314 261.42416382
v 0.00000000 -130.94090271 262.92880249
v 0.00000000 -131.14807129 264.45819092
v 0.00000000 -131.21731567 266.00000000
v 0.00000000 -128.46200562 288.19091797
v 0.00000000 -127.49433136 288.04785156
v 0.00000000 -116.01731110 285.19998169
v 0.00000000 -131.21731567 289.17333984
v 0.00000000 -130.33244324 288.75634766
v 0.00000000 -129.41107178 288.42782593
v 0.00000000 -108.01731110 285.19998169
v 8.00000000 -131.44686890 264.43130493
v 0.30000001 -131.44686890 264.43130493
v 8.00000000 -131.23608398 262.87524414
v 0.30000001 -131.23608398 262.87524414
v 8.00000000 -130.88665771 261.34436035
v 0.30000001 -130.88665771 261.34436035
v 8.00000000 -130.40142822 259.85092163
v 0.30000001 -130.40142822 259.85092163
v 8.00000000 -129.78427124 258.40704346
v 0.30000001 -129.78427124 258.40704346
v 8.00000000 -129.04016113 257.02426147
v 0.30000001 -129.04016113 257.02426147
v 8.00000000 -128.17510986 255.71376038
v 0.30000001 -128.17510986 255.71376038
v 8.00000000 -127.19606018 254.48606873
v 0.30000001 -127.19606018 254.48606873
v 8.00000000 -126.11090851 253.35108948
v 0.30000001 -126.11090851 253.35108948
v 8.00000000 -124.92838287 252.31794739
v 0.30000001 -124.92838287 252.31794739
v 8.00000000 -123.65801239 251.39495850
v 0.30000001 -123.65801239 251.39495850
v 8.00000000 -122.31001282 250.58956909
v 0.30000001 -122.31001282 250.58956909
v 8.00000000 -120.89524841 249.90826416
v 0.30000001 -120.89524841 249.90826416
v 8.00000000 -119.42510986 249.35650635
v 0.30000001 -119.42510986 249.35650635
v 8.00000000 -117.91143036 248.93875122
v 0.30000001 -117.91143036 248.93875122
v 8.00000000 -116.36639404 248.65837097
v 0.30000001 -116.36639404 248.65837097
v 8.00000000 -114.80244446 248.51762390
v 0.30000001 -114.80244446 248.51762390
v 8.00000000 -113.23217773 248.51762390
v 0.30000001 -113.23217773 248.51762390
v 8.00000000 -111.66822815 248.65837097
v 0.30000001 -111.66822815 248.65837097
v 8.00000000 -110.12319946 248.93875122
v 0.30000001 -110.12319946 248.93875122
v 8.00000000 -108.60951233 249.35650635
v 0.30000001 -108.60951233 249.35650635
v 8.00000000 -107.13937378 249.90826416
v 0.30000001 -107.13937378 249.90826416
v 8.00000000 -105.72460938 250.58956909
v 0.30000001 -105.72460938 250.58956909
v 8.00000000 -104.37661743 251.39495850
v 0.30000001 -104.37661743 251.39495850
v 8.00000000 -103.10623932 252.31794739
v 0.30000001 -103.10623932 252.31794739
v 8.00000000 -101.92371368 253.35108948
v 0.30000001 -101.92371368 253.35108948
v 8.00000000 -100.83856201 254.48606873
v 0.30000001 -100.83856201 254.48606873
v 8.00000000 -99.85951233 255.71376038
v 0.30000001 -99.85951233 255.71376038
v 8.00000000 -98.99446106 257.02426147
v 0.30000001 -98.99446106 257.02426147
v 8.00000000 -98.25035858 258.40704346
v 0.30000001 -98.25035858 258.40704346
v 8.00000000 -97.63320160 259.85092163
v 0.30000001 -97.63320160 259.85092163
v 8.00000000 -97.14796448 261.34436035
v 0.30000001 -97.14796448 261.34436035
v 8.00000000 -96.79854584 262.87524414
v 0.30000001 -96.79854584 262.87524414
v 8.00000000 -96.58776093 264.43130493
v 0.30000001 -96.58776093 264.43130493
v 13.00000000 -104.57367706 257.81051636
v 13.00000000 -103.83654785 258.74728394
v 13.00000000 -103.19199371 259.75000000
v 13.00000000 -102.64588928 260.80957031
v 13.00000000 -102.20318604 261.91632080
v 13.00000000 -101.51731110 296.55010986
v 13.00000000 -126.51731110 296.55010986
v 13.00000000 -114.01731110 253.50000000
v 13.00000000 -115.20797729 253.55683899
v 13.00000000 -116.38780975 253.72682190
v 13.00000000 -124.19808197 258.74728394
v 13.00000000 -124.84262848 259.75000000
v 13.00000000 -125.38874054 260.80957031
v 13.00000000 -125.83143616 261.91632080
v 13.00000000 -123.46094513 257.81051636
v 13.00000000 -112.82665253 253.55683899
v 13.00000000 -111.64682007 253.72682190
v 10.79671574 -126.51731110 300.94436646
v 11.61111069 -126.51731110 300.00839233
v 10.79671574 -111.66731262 300.94436646
v 11.61111069 -98.26650238 300.00839233
v 11.07763672 -97.77869415 300.60107422
v 11.34513092 -98.00413513 300.29476929
v 10.54708576 -97.42182922 301.27105713
v 10.07525349 -111.66731262 301.95373535
v 10.07525349 -126.51731110 301.95373535
v 9.45329666 -126.51731110 303.02725220
v 9.45329666 -111.66731262 303.02725220
v 8.93651009 -126.51731110 304.15518188
v 8.93651009 -111.66731262 304.15518188
v 8.52960110 -126.51731110 305.32723999
v 8.52960110 -111.66731262 305.32723999
v 8.23627472 -126.51731110 306.53274536
v 8.23627472 -111.66731262 306.53274536
v 8.05920315 -126.51731110 307.76074219
v 8.05920315 -111.66731262 307.76074219
v 8.00000000 -126.51731110 309.00000000
v 8.03269100 -96.81731415 308.07864380
v 8.00000000 -96.81731415 309.00000000
v 10.03782558 -97.16920471 302.01232910
v 9.57472515 -97.00387573 302.79812622
v 9.16475773 -96.90266418 303.62161255
v 8.81076241 -96.84719849 304.48089600
v 8.51974487 -96.82300568 305.36087036
v 8.29323292 -96.81731415 306.25445557
v 8.13059902 -96.81731415 307.16192627
v 7.93844175 -127.29948425 309.00000000
v 7.75528240 -128.06239319 309.00000000
v 7.45503283 -128.78726196 309.00000000
v 7.04508495 -129.45623779 309.00000000
v 6.53553391 -130.05284119 309.00000000
v 5.93892622 -130.56239319 309.00000000
v 5.26995230 -130.97235107 309.00000000
v 4.54508495 -131.27259827 309.00000000
v 3.78217244 -131.45574951 309.00000000
v 3.83236980 -131.45574951 307.68618774
v 3.98266912 -131.45574951 306.38006592
v 4.23219442 -131.45574951 305.08920288
v 4.18773413 -131.49630737 303.99423218
v 4.57949018 -131.45574951 303.82113647
v 4.70611048 -131.45059204 303.53503418
v 5.73048496 -131.27259827 302.86761475
v 5.14757347 -131.40647888 302.99114990
v 5.48160982 -131.38838196 302.37884521
v 6.24293041 -131.27259827 301.72036743
v 5.69629288 -131.40638733 301.70690918
v 5.78391457 -131.45010376 301.01715088
v 5.75768471 -131.49597168 300.32403564
v 6.18497610 -131.45574951 300.22680664
v 6.84142208 -131.27259827 300.61553955
v 7.46513176 -130.97235107 300.98489380
v 6.89300489 -130.97235107 302.04104614
v 8.04074860 -130.56239319 301.32577515
v 7.49295282 -130.56239319 302.33700562
v 8.55409718 -130.05284119 301.62976074
v 8.02800179 -130.05284119 302.60092163
v 8.99253845 -129.45623779 301.88940430
v 8.48497581 -129.45623779 302.82635498
v 9.34527683 -128.78726196 302.09829712
v 8.85262489 -128.78726196 303.00772095
v 9.60362625 -128.06239319 302.25128174
v 9.12189484 -128.06239319 303.14053345
v 9.76122475 -127.29948425 302.34460449
v 9.28615475 -127.29948425 303.22158813
v 6.89760065 -131.45574951 299.12194824
v 7.52247047 -131.27259827 299.55963135
v 8.28210449 -131.27259827 298.55877686
v 8.84235001 -130.97235107 299.01870728
v 9.63941002 -130.97235107 298.12014771
v 10.12255764 -130.56239319 298.58282471
v 7.69245434 -131.45574951 298.07467651
v 9.11589432 -131.27259827 297.61877441
v 8.56490231 -131.45574951 297.09109497
v 9.35939503 -130.56239319 299.44320679
v 10.55344105 -130.05284119 298.99548340
v 9.82050896 -130.05284119 299.82177734
v 10.92145061 -129.45623779 299.34793091
v 10.21433830 -129.45623779 300.14511108
v 11.21752357 -128.78726196 299.63146973
v 10.53118420 -128.78726196 300.40524292
v 11.43437099 -128.06239319 299.83914185
v 10.76324463 -128.06239319 300.59573364
v 11.56665230 -127.29948425 299.96582031
v 10.90480709 -127.29948425 300.71197510
v 10.30182648 -127.29948425 301.50643921
v 8.54329205 -127.29948425 305.07128906
v 8.87938690 -127.29948425 304.13223267
v 8.70942211 -128.06239319 304.06399536
v 8.43080235 -128.78726196 303.95208740
v 8.05038643 -129.45623779 303.79931641
v 7.57754374 -130.05284119 303.60940552
v 7.02391529 -130.56239319 303.38705444
v 6.40313387 -130.97235107 303.13775635
v 8.27983189 -127.29948425 306.03323364
v 8.09053993 -127.29948425 307.01251221
v 7.97652197 -127.29948425 308.00335693
v 7.79389668 -128.06239319 307.98937988
v 7.90951347 -128.06239319 306.98461914
v 8.10145950 -128.06239319 305.99163818
v 8.36861515 -128.06239319 305.01620483
v 7.49452209 -128.78726196 307.96646118
v 7.61276007 -128.78726196 306.93893433
v 7.80905724 -128.78726196 305.92343140
v 8.08226871 -128.78726196 304.92587280
v 7.08576965 -129.45623779 307.93518066
v 7.20758629 -129.45623779 306.87655640
v 7.40982437 -129.45623779 305.83032227
v 7.69130516 -129.45623779 304.80258179
v 6.57770395 -130.05284119 307.89630127
v 6.70396852 -130.05284119 306.79904175
v 6.91359138 -130.05284119 305.71459961
v 7.20534992 -130.05284119 304.64932251
v 5.98283577 -130.56239319 307.85076904
v 6.11430836 -130.56239319 306.70825195
v 6.33257723 -130.56239319 305.57907104
v 6.63637018 -130.56239319 304.46987915
v 5.31581259 -130.97235107 307.79971313
v 5.45312452 -130.97235107 306.60644531
v 5.68108845 -130.97235107 305.42712402
v 5.99837494 -130.97235107 304.26864624
v 4.59305811 -131.27259827 307.74441528
v 4.73669815 -131.27259827 306.49615479
v 4.97516680 -131.27259827 305.26248169
v 5.30707455 -131.27259827 304.05062866
v 8.11617851 -130.97235107 299.97549438
v 8.66410732 -130.56239319 300.35928345
v 9.15276337 -130.05284119 300.70156860
v 9.57011509 -129.45623779 300.99389648
v 9.90588665 -128.78726196 301.22909546
v 10.15180874 -128.06239319 301.40136719
v 8.78217220 -131.45574951 281.27505493
v 8.76238728 -131.45884705 266.00000000
v 9.50694561 -131.28482056 266.00000000
v 9.54508495 -131.27259827 281.27505493
v 10.21626282 -130.99929810 266.00000000
v 10.26995277 -130.97235107 281.27505493
v 10.87374973 -130.60896301 266.00000000
v 10.93892670 -130.56239319 281.27505493
v 11.46403027 -130.12294006 266.00000000
v 11.53553391 -130.05284119 281.27505493
v 11.97330093 -129.55258179 266.00000000
v 12.04508495 -129.45623779 281.27505493
v 12.38965225 -128.91125488 266.00000000
v 12.45503235 -128.78726196 281.27505493
v 12.70334530 -128.21394348 266.00000000
v 12.75528240 -128.06239319 281.27505493
v 12.93844128 -127.29948425 281.27505493
v 12.93844128 -127.29948425 296.55010986
v 12.75528240 -128.06239319 296.55010986
v 12.45503235 -128.78726196 296.55010986
v 12.04508495 -129.45623779 296.55010986
v 11.53553391 -130.05284119 296.55010986
v 10.93892670 -130.56239319 296.55010986
v 10.26995277 -130.97235107 296.55010986
v 9.54508495 -131.27259827 296.55010986
v 8.78217220 -131.45574951 296.55010986
v 8.76238728 -96.57577515 266.00000000
v 8.78217220 -96.64907074 264.43682861
v 8.78217220 -96.85926819 262.88540649
v 8.78217220 -97.20730591 261.36071777
v 8.78217220 -97.69083405 259.87255859
v 8.78217220 -98.30581665 258.43374634
v 8.78217220 -99.04730225 257.05584717
v 8.78217220 -99.90931702 255.74993896
v 8.78217220 -100.88491821 254.52656555
v 8.78217220 -101.96625519 253.39558411
v 8.78217220 -103.14462280 252.36607361
v 8.78217220 -104.41053009 251.44633484
v 8.78217220 -105.75502777 250.64311218
v 8.78217220 -107.16356659 249.96485901
v 8.78217220 -108.62700653 249.41554260
v 9.54508495 -108.68211365 249.59022522
v 9.54508495 -110.17765045 249.17733765
v 10.26995277 -110.24446106 249.47006226
v 9.54508495 -111.70108032 248.90087891
v 10.26995277 -111.74138641 249.19841003
v 9.54508495 -113.24315643 248.76208496
v 10.26995277 -113.25662994 249.06204224
v 9.54508495 -114.79146576 248.76208496
v 10.26995277 -114.77799988 249.06204224
v 9.54508495 -116.33354950 248.90087891
v 10.26995277 -116.29324341 249.19841003
v 9.54508495 -117.85697174 249.17733765
v 10.26995277 -117.79016113 249.47006226
v 9.54508495 -119.35251617 249.59022522
v 10.26995277 -119.26116180 249.87625122
v 9.54508495 -120.79907227 250.13328552
v 10.26995277 -120.68106842 250.40937805
v 10.26995277 -122.04813385 251.06752014
v 10.93892670 -121.85277557 251.42791748
v 10.93892670 -123.13195038 252.19190979
v 11.53553391 -122.85124207 252.61717224
v 10.93892670 -124.33300781 253.06452942
v 11.53553391 -124.01530457 253.46290588
v 10.93892670 -125.45100403 254.04129028
v 11.53553391 -125.09886932 254.40959167
v 10.93892670 -126.47694397 255.11434937
v 11.53553391 -126.09321594 255.44960022
v 10.93892670 -127.40256500 256.27502441
v 11.53553391 -126.99033356 256.57455444
v 10.93892670 -128.22042847 257.51403809
v 11.53553391 -127.78299713 257.77539062
v 10.93892670 -128.92391968 258.82135010
v 11.53553391 -128.46482849 259.04244995
v 10.93892670 -129.50740051 260.18646240
v 11.53553391 -129.03033447 260.36550903
v 10.93892670 -129.96615601 261.59838867
v 11.53553391 -129.47497559 261.73394775
v 11.53553391 -129.79443359 263.13284302
v 12.04508495 -129.20730591 263.23876953
v 12.04508495 -129.39408875 264.61605835
v 12.45503235 -128.72781372 264.67602539
v 12.75528240 -128.00585938 264.74099731
v 12.75528240 -127.83569336 263.48666382
v 12.93844128 -127.08497620 263.62255859
v 12.75528240 -127.55625153 262.26348877
v 12.93844128 -126.82083130 262.46646118
v 12.93844128 -126.45254517 261.33297729
v 12.93844128 -125.98413849 260.23709106
v 12.93844128 -125.41938019 259.18759155
v 12.93844128 -124.76281738 258.19293213
v 12.93844128 -124.01973724 257.26113892
v 12.93844128 -123.19612885 256.39971924
v 12.93844128 -122.29861450 255.61557007
v 12.75528240 -122.77427673 255.01910400
v 12.75528240 -121.75470734 254.27835083
v 12.75528240 -120.66480255 253.62763977
v 12.75528240 -119.53738403 253.08514404
v 12.93844128 -119.23754120 253.78666687
v 12.93844128 -118.13220978 253.37130737
v 12.93844128 -116.97287750 253.05084229
v 12.93844128 -115.80022430 252.83802795
v 12.93844128 -114.61321259 252.73120117
v 12.93844128 -113.42140961 252.73120117
v 12.93844128 -112.23440552 252.83802795
v 12.93844128 -111.06175232 253.05084229
v 12.93844128 -109.90242004 253.37130737
v 12.93844128 -108.79708862 253.78666687
v 12.75528240 -108.49724579 253.08514404
v 12.75528240 -107.36982727 253.62763977
v 12.75528240 -106.27991486 254.27835083
v 12.75528240 -105.26034546 255.01910400
v 12.93844128 -105.73601532 255.61557007
v 12.93844128 -104.83850098 256.39971924
v 12.93844128 -104.01488495 257.26113892
v 12.93844128 -103.27181244 258.19293213
v 12.93844128 -102.61524963 259.18759155
v 12.93844128 -102.05049133 260.23709106
v 12.93844128 -101.58207703 261.33297729
v 12.93844128 -101.21379089 262.46646118
v 12.93844128 -100.94964600 263.62255859
v 12.75528240 -100.19893646 263.48666382
v 12.75528240 -100.02877045 264.74099731
v 12.70334530 -99.82068634 266.00000000
v 12.45503235 -99.30682373 264.67602539
v 12.38965225 -99.12337494 266.00000000
v 12.04508495 -98.64054108 264.61605835
v 11.97330093 -98.48204041 266.00000000
v 11.53553391 -98.04633331 264.56259155
v 11.46403027 -97.91168976 266.00000000
v 10.93892670 -97.53883362 264.51690674
v 10.87374973 -97.42566681 266.00000000
v 10.26995277 -97.13053894 264.48016357
v 10.21626282 -97.03533173 266.00000000
v 9.54508495 -96.83149719 264.45324707
v 9.50694561 -96.74980927 266.00000000
v 11.53553391 -129.98829651 264.56259155
v 10.93892670 -130.29592896 263.04254150
v 10.26995277 -130.36132812 261.48931885
v 10.26995277 -129.89120483 260.04241943
v 10.26995277 -129.29327393 258.64349365
v 10.26995277 -128.57234192 257.30377197
v 10.26995277 -127.73422241 256.03408813
v 10.26995277 -126.78566742 254.84461975
v 10.26995277 -125.73430634 253.74497986
v 10.26995277 -124.58860016 252.74401855
v 10.26995277 -123.35778809 251.84977722
v 9.54508495 -122.19158173 250.80374146
v 8.78217220 -120.87105560 249.96485901
v 8.78217220 -119.40761566 249.41554260
v 8.78217220 -117.89772797 248.99877930
v 8.78217220 -116.35813141 248.71937561
v 8.78217220 -114.79968262 248.57911682
v 8.78217220 -113.23493958 248.57911682
v 8.78217220 -111.67649078 248.71937561
v 8.78217220 -110.13689423 248.99877930
v 10.93892670 -130.49578857 264.51690674
v 10.26995277 -130.69941711 262.97009277
v 9.54508495 -130.65077209 261.40945435
v 9.54508495 -130.17231750 259.93692017
v 9.54508495 -129.56378174 258.51321411
v 9.54508495 -128.83009338 257.14978027
v 9.54508495 -127.97712708 255.85758972
v 9.54508495 -127.01177216 254.64707947
v 9.54508495 -125.94179535 253.52796936
v 9.54508495 -124.77580261 252.50927734
v 9.54508495 -123.52319336 251.59919739
v 8.78217220 -122.27959442 250.64311218
v 10.26995277 -130.90408325 264.48016357
v 9.54508495 -130.99499512 262.91726685
v 8.78217220 -130.82731628 261.36071777
v 8.78217220 -130.34379578 259.87255859
v 8.78217220 -129.72880554 258.43374634
v 8.78217220 -128.98731995 257.05584717
v 8.78217220 -128.12530518 255.74993896
v 8.78217220 -127.14970398 254.52656555
v 8.78217220 -126.06836700 253.39558411
v 8.78217220 -124.89000702 252.36607361
v 8.78217220 -123.62409973 251.44633484
v 9.54508495 -131.20312500 264.45324707
v 8.78217220 -131.17535400 262.88540649
v 8.78217220 -131.38555908 264.43682861
v 12.45503235 -99.48563385 263.35766602
v 12.45503235 -99.77962494 262.07064819
v 12.75528240 -100.47837067 262.26348877
v 12.45503235 -100.18917084 260.81021118
v 12.75528240 -100.86781311 261.06491089
v 12.45503235 -100.71004486 259.59155273
v 12.75528240 -101.36312866 259.90606689
v 12.45503235 -101.33806610 258.42449951
v 12.75528240 -101.96032715 258.79629517
v 12.45503235 -102.06816864 257.31845093
v 12.75528240 -102.65460205 257.74450684
v 12.45503235 -102.89448547 256.28228760
v 12.75528240 -103.44036102 256.75918579
v 12.45503235 -103.81034851 255.32435608
v 12.75528240 -104.31127930 255.84828186
v 12.45503235 -104.80839539 254.45237732
v 12.45503235 -105.88059235 253.67338562
v 12.45503235 -107.02568817 252.98966980
v 12.45503235 -108.21234894 252.41860962
v 12.75528240 -109.66729736 252.64553833
v 12.04508495 -98.82731628 263.23876953
v 12.04508495 -99.13475800 261.89266968
v 12.04508495 -99.56285095 260.57513428
v 12.04508495 -100.10732269 259.30130005
v 12.04508495 -100.76378632 258.08139038
v 12.04508495 -101.52696228 256.92523193
v 12.04508495 -102.39070129 255.84213257
v 12.04508495 -103.34804535 254.84082031
v 12.04508495 -104.39129639 253.92935181
v 12.04508495 -105.51205444 253.11508179
v 12.04508495 -106.70791626 252.40098572
v 12.04508495 -107.94943237 251.80348206
v 12.45503235 -109.44408417 251.95588684
v 12.75528240 -110.89199066 252.30705261
v 12.75528240 -112.13199615 252.08201599
v 12.75528240 -113.38718414 251.96905518
v 12.75528240 -114.64744568 251.96905518
v 12.75528240 -115.90263367 252.08201599
v 12.75528240 -117.14263916 252.30705261
v 12.75528240 -118.36733246 252.64553833
v 11.53553391 -98.24018860 263.13284302
v 11.53553391 -98.55965424 261.73394775
v 11.53553391 -99.00428772 260.36550903
v 11.53553391 -99.56979370 259.04244995
v 11.53553391 -100.25162506 257.77539062
v 11.53553391 -101.04429626 256.57455444
v 11.53553391 -101.94141388 255.44960022
v 11.53553391 -102.93575287 254.40959167
v 11.53553391 -104.01931763 253.46290588
v 11.53553391 -105.18338776 252.61717224
v 11.53553391 -106.42430878 251.87609863
v 11.53553391 -107.71495056 251.25488281
v 12.04508495 -109.23830414 251.31935120
v 12.45503235 -110.73069000 251.60035706
v 12.45503235 -112.03469086 251.36370850
v 12.45503235 -113.35466003 251.24491882
v 12.45503235 -114.67996216 251.24491882
v 12.45503235 -115.99993134 251.36370850
v 12.45503235 -117.30393982 251.60035706
v 12.45503235 -118.59054565 251.95588684
v 12.45503235 -119.82227325 252.41860962
v 10.93892670 -97.73870087 263.04254150
v 10.93892670 -98.06846619 261.59838867
v 10.93892670 -98.52722931 260.18646240
v 10.93892670 -99.11071014 258.82135010
v 10.93892670 -99.81420135 257.51403809
v 10.93892670 -100.63205719 256.27502441
v 10.93892670 -101.55767822 255.11434937
v 10.93892670 -102.58362579 254.04129028
v 10.93892670 -103.70162201 253.06452942
v 10.93892670 -104.90267944 252.19190979
v 10.93892670 -106.18184662 251.42791748
v 10.93892670 -107.51467896 250.78633118
v 11.53553391 -109.05503082 250.75158691
v 12.04508495 -110.58182526 250.94815063
v 12.04508495 -111.94489288 250.70079041
v 12.04508495 -113.32464600 250.57661438
v 12.04508495 -114.70997620 250.57661438
v 12.04508495 -116.08972931 250.70079041
v 12.04508495 -117.45279694 250.94815063
v 12.04508495 -118.79632568 251.31935120
v 12.04508495 -120.08519745 251.80348206
v 12.45503235 -121.00893402 252.98966980
v 10.26995277 -97.33520508 262.97009277
v 10.26995277 -97.67329407 261.48931885
v 10.26995277 -98.14341736 260.04241943
v 10.26995277 -98.74135590 258.64349365
v 10.26995277 -99.46228790 257.30377197
v 10.26995277 -100.30039978 256.03408813
v 10.26995277 -101.24896240 254.84461975
v 10.26995277 -102.30032349 253.74497986
v 10.26995277 -103.44602203 252.74401855
v 10.26995277 -104.67683411 251.84977722
v 10.26995277 -105.98649597 251.06752014
v 10.26995277 -107.35356140 250.40937805
v 10.93892670 -108.89879608 250.26657104
v 11.53553391 -110.44907379 250.36650085
v 11.53553391 -111.86481476 250.10958862
v 11.53553391 -113.29788208 249.98060608
v 11.53553391 -114.73674774 249.98060608
v 11.53553391 -116.16981506 250.10958862
v 11.53553391 -117.58555603 250.36650085
v 11.53553391 -118.97959137 250.75158691
v 11.53553391 -120.31967926 251.25488281
v 12.04508495 -121.32671356 252.40098572
v 12.45503235 -122.15403748 253.67338562
v 12.45503235 -123.22622681 254.45237732
v 12.45503235 -124.22427368 255.32435608
v 12.75528240 -123.72335052 255.84828186
v 12.45503235 -125.14014435 256.28228760
v 12.75528240 -124.59426880 256.75918579
v 12.45503235 -125.96645355 257.31845093
v 12.75528240 -125.38002777 257.74450684
v 12.45503235 -126.69656372 258.42449951
v 12.75528240 -126.07430267 258.79629517
v 12.45503235 -127.32457733 259.59155273
v 12.75528240 -126.67150116 259.90606689
v 12.45503235 -127.84545898 260.81021118
v 12.75528240 -127.16680908 261.06491089
v 12.45503235 -128.25500488 262.07064819
v 9.54508495 -97.03963470 262.91726685
v 9.54508495 -97.38386536 261.40945435
v 9.54508495 -97.86231232 259.93692017
v 9.54508495 -98.47084045 258.51321411
v 9.54508495 -99.20453644 257.14978027
v 9.54508495 -100.05749512 255.85758972
v 9.54508495 -101.02285004 254.64707947
v 9.54508495 -102.09283447 253.52796936
v 9.54508495 -103.25881958 252.50927734
v 9.54508495 -104.51142883 251.59919739
v 9.54508495 -105.84304047 250.80374146
v 9.54508495 -107.23555756 250.13328552
v 10.26995277 -108.77346039 249.87625122
v 10.93892670 -110.33568573 249.86973572
v 10.93892670 -111.79640961 249.60464478
v 10.93892670 -113.27502441 249.47157288
v 10.93892670 -114.75960541 249.47157288
v 10.93892670 -116.23821259 249.60464478
v 10.93892670 -117.69894409 249.86973572
v 10.93892670 -119.13582611 250.26657104
v 10.93892670 -120.51994324 250.78633118
v 11.53553391 -121.61031342 251.87609863
v 12.04508495 -122.52256775 253.11508179
v 12.04508495 -123.64332581 253.92935181
v 12.04508495 -124.68657684 254.84082031
v 12.04508495 -125.64392853 255.84213257
v 12.04508495 -126.50766754 256.92523193
v 12.04508495 -127.27084351 258.08139038
v 12.04508495 -127.92730713 259.30130005
v 12.04508495 -128.47177124 260.57513428
v 12.04508495 -128.89987183 261.89266968
v 12.45503235 -128.54899597 263.35766602
v 12.09529018 -126.51731110 299.41864014
v 12.04487038 -127.15795898 299.41864014
v 11.89485264 -127.78282928 299.41864014
v 11.64892960 -128.37654114 299.41864014
v 11.31315899 -128.92446899 299.41864014
v 11.62770653 -129.15299988 298.76208496
v 11.17073154 -129.68804932 298.76208496
v 11.37181187 -129.88912964 298.05401611
v 10.80283165 -130.37507629 298.05401611
v 10.90470314 -130.51528931 297.31091309
v 10.24351978 -130.92047119 297.31091309
v 9.52709293 -131.21722412 297.31091309
v 10.63568306 -130.14501953 298.76208496
v 10.16483593 -130.76603699 298.05401611
v 11.49436378 -130.01167297 297.31091309
v 11.85776615 -129.32014465 298.05401611
v 11.99535465 -128.55305481 298.76208496
v 11.99798107 -129.42201233 297.31091309
v 12.24873066 -128.68214417 298.05401611
v 12.26462460 -127.90297699 298.76208496
v 12.40315533 -128.76083374 297.31091309
v 12.53507614 -127.99085236 298.05401611
v 12.42888546 -127.21878052 298.76208496
v 12.69990826 -128.04440308 297.31091309
v 12.70975399 -127.26326752 298.05401611
v 12.48409176 -126.51731110 298.76208496
v 12.88093472 -127.29037476 297.31091309
v 12.76846123 -126.51731110 298.05401611
v 12.94177628 -126.51731110 297.31091309
v 8.24652863 -96.52339172 305.27688599
v 8.78217220 -96.57887268 279.39703369
v 9.54508495 -96.76203156 279.39703369
v 10.26995277 -97.06227875 279.39703369
v 10.93892670 -97.47222900 279.39703369
v 11.53553391 -97.98178101 279.39703369
v 12.04508495 -98.57838440 279.39703369
v 12.45503235 -99.24736023 279.39703369
v 12.75528240 -99.97222900 279.39703369
v 12.93844128 -100.73513794 279.39703369
v 12.97722912 -101.04067230 296.99813843
v 8.78217220 -96.57887268 292.79406738
v 8.56325817 -96.54914093 304.37661743
v 8.94861317 -96.60799408 303.49752808
v 9.39475060 -96.71578217 302.65502930
v 9.54508495 -96.76203156 292.79406738
v 9.89876556 -96.89170074 301.85107422
v 10.26995277 -97.06227875 292.79406738
v 10.45304775 -97.16041565 301.09268188
v 10.74007320 -97.33496094 300.74026489
v 10.93892670 -97.47222900 292.79406738
v 11.03028679 -97.54020691 300.40719604
v 11.32150841 -97.77999115 300.09387207
v 11.53553391 -97.98178101 292.79406738
v 11.61111069 -98.05900574 299.80090332
v 11.92434025 -98.41899872 299.46252441
v 12.04508495 -98.57838440 292.79406738
v 12.20182514 -98.80721283 299.09759521
v 12.45503235 -99.24736023 292.79406738
v 12.44104004 -99.22010803 298.70947266
v 12.63980389 -99.65392303 298.30169678
v 12.75528240 -99.97222900 292.79406738
v 12.79630756 -100.10471344 297.87792969
v 12.90912533 -100.56837463 297.44210815
v 12.93844128 -100.73513794 292.79406738
v 12.94177628 -112.39190674 297.31091309
v 12.97722912 -101.06926727 297.02673340
v 12.90912533 -100.62530518 297.49902344
v 12.76846123 -112.39190674 298.05401611
v 12.48409176 -112.39190674 298.76208496
v 12.09529018 -112.39190674 299.41864014
v 11.92434025 -98.60489655 299.64840698
v 12.79630756 -100.18946838 297.96270752
v 12.63980389 -99.76572418 298.41348267
v 12.44104004 -99.35794067 298.84729004
v 12.20182514 -98.96981812 299.26019287
v -0.06155830 -127.41820526 288.82629395
v -0.24471742 -127.34391022 289.58557129
v -0.54496735 -127.27328491 290.30700684
v -0.95491505 -127.20808411 290.97277832
v -1.46446609 -127.14992523 291.56655884
v -0.95491505 -127.89222717 291.07406616
v -1.46446609 -127.77645874 291.65933228
v -0.95491505 -128.56318665 291.24179077
v -1.46446609 -128.39091492 291.81298828
v -0.95491505 -129.21946716 291.47640991
v -1.46446609 -128.99114990 292.02761841
v -1.46446609 -129.56463623 292.29885864
v -2.06107378 -129.32444763 292.74822998
v -2.06107378 -129.82568359 293.04867554
v -2.73004746 -129.59793091 293.38952637
v -2.73004746 -130.03500366 293.71368408
v -3.45491505 -129.84452820 293.94577026
v -3.45491505 -130.22589111 294.29141235
v -4.21782780 -130.09637451 294.42092896
v -4.21782780 -130.42994690 294.78897095
v -4.21782780 -130.72584534 295.18795776
v -4.21782780 -130.98121643 295.61398315
v -3.45491505 -130.87814331 295.08618164
v -3.45491505 -131.14274597 295.52764893
v -2.73004746 -131.12779236 294.91937256
v -2.73004746 -131.40753174 295.38610840
v -2.37301397 -131.43582153 295.02990723
v -3.20894051 -131.47790527 296.04534912
v -0.06155830 -128.31047058 288.95825195
v -0.24471742 -128.16258240 289.70669556
v -0.54496735 -128.02200317 290.41781616
v -0.06155830 -129.18556213 289.17678833
v -0.24471742 -128.96549988 289.90728760
v -0.54496735 -128.75630188 290.60131836
v -0.06155830 -130.04483032 289.48382568
v -0.24471742 -129.75286865 290.18865967
v -0.54496735 -129.47547913 290.85836792
v -0.06155830 -130.86256409 289.87060547
v -0.24471742 -130.50292969 290.54342651
v -0.11766661 -131.25164795 290.43811035
v -0.24471742 -131.21461487 290.97000122
v -0.25854379 -131.27111816 291.05883789
v -0.45010415 -131.29225159 291.67282104
v -0.03023066 -131.23374939 289.80996704
v -0.54496735 -130.81190491 291.57269287
v -0.68612665 -131.31469727 292.27139282
v -0.95491505 -130.44023132 292.12893677
v -0.95491505 -130.99681091 292.54171753
v -1.46446609 -130.61833191 293.00289917
v -1.46446609 -131.08837891 293.42892456
v -2.06107378 -130.72807312 293.78924561
v -1.61091280 -131.38716125 293.96569824
v -2.06107378 -131.12052917 294.22222900
v -0.96063483 -131.33816528 292.85147095
v -3.45491505 -131.36279297 295.99291992
v -4.09252596 -131.50691223 297.02981567
v -4.21782780 -131.36091614 296.53070068
v -4.21782780 -131.48161316 297.01254272
v -4.21782780 -131.19358826 296.06301880
v -4.21782780 -129.72833252 294.08737183
v -4.21782780 -129.32936096 293.79147339
v -4.21782780 -128.90332031 293.53610229
v -4.21782780 -128.45428467 293.32373047
v -3.45491505 -128.52438354 293.15451050
v -4.21782780 -127.98614502 293.15625000
v -3.45491505 -128.03881836 292.98083496
v -4.21782780 -127.50446320 293.03564453
v -3.45491505 -127.53985596 292.85592651
v -4.21782780 -127.01327515 292.96279907
v -3.45491505 -127.03105164 292.78048706
v -2.73004746 -127.06028748 292.48168945
v -2.06107378 -127.10024261 292.07366943
v -2.06107378 -127.67758179 292.15921021
v -2.73004746 -127.59805298 292.56137085
v -2.06107378 -128.24377441 292.30084229
v -2.73004746 -128.12542725 292.69332886
v -2.06107378 -128.79615784 292.49838257
v -2.73004746 -128.63928223 292.87710571
v -0.54496735 -130.16123962 291.18270874
v -0.95491505 -129.84588623 291.77267456
v -2.73004746 -129.13119507 293.10977173
v -3.45491505 -128.98965454 293.37457275
v -1.46446609 -130.10877991 292.62500000
v -3.45491505 -129.43112183 293.63916016
v -2.06107378 -130.29507446 293.39678955
v -2.73004746 -130.43820190 294.07910156
v -3.45491505 -130.57153320 294.67279053
v -2.73004746 -130.80363464 294.48229980
v 5.72936964 -111.05794525 333.45965576
v 6.19712543 -111.42455292 332.16818237
v 5.64332438 -112.33912659 331.82992554
v 6.33622217 -112.33912659 330.62567139
v 5.18039513 -113.32061005 331.54718018
v 5.85912704 -113.32061005 330.36755371
v 4.81415844 -114.35665894 331.32348633
v 5.48168373 -114.35665894 330.16336060
v 4.54922104 -115.43424225 331.16168213
v 5.20863867 -115.43424225 330.01562500
v 4.38891411 -116.53980255 331.06378174
v 5.04342604 -116.53980255 329.92623901
v 5.44093418 -111.55426788 333.15682983
v 5.17478323 -112.07753754 332.87695312
v 4.93216324 -112.62593842 332.62142944
v 4.70434904 -113.20590210 332.39923096
v 4.49426031 -113.80249023 332.22259521
v 4.14563704 -115.04432678 331.97793579
v 3.91972208 -116.34094238 331.84695435
v 5.63749552 -116.53980255 328.75601196
v 6.16949368 -116.53980255 327.55627441
v 6.63796091 -116.53980255 326.33035278
v 6.81512451 -115.43424225 326.39276123
v 6.96961832 -116.20278168 325.46981812
v 6.71368408 -114.76002502 327.18222046
v 7.31471491 -117.64663696 323.81335449
v 6.55456161 -113.35479736 328.94619751
v 6.63013887 -114.35665894 327.74627686
v 6.34314585 -115.43424225 327.62789917
v 6.47517967 -113.32061005 329.15402222
v 6.51369572 -112.67765808 329.84616089
v 5.80716085 -115.43424225 328.83660889
v 6.08756399 -114.35665894 328.96984863
v -38.38891220 -116.53980255 331.06378174
v -37.89870453 -116.53787994 331.83483887
v -37.96807480 -115.98173523 331.87252808
v -38.54922104 -115.43424225 331.16168213
v -38.14216614 -115.05946350 331.97576904
v -38.81415939 -114.35665894 331.32348633
v -38.35212708 -114.25756836 332.11608887
v -38.49254608 -113.80768585 332.22125244
v -39.18039322 -113.32061005 331.54718018
v -38.66684341 -113.30724335 332.36590576
v -38.93216324 -112.62593842 332.62142944
v -39.64332581 -112.33912659 331.82992554
v -39.17423630 -112.07861328 332.87637329
v -40.19712448 -111.42455292 332.16818237
v -39.43979263 -111.55637360 333.15563965
v -39.72877121 -111.05896759 333.45901489
v -40.51369476 -112.67765808 329.84616089
v -40.33622360 -112.33912659 330.62567139
v -40.55456161 -113.35479736 328.94619751
v -40.47517776 -113.32061005 329.15402222
v -39.85912704 -113.32061005 330.36755371
v -40.71368408 -114.76002502 327.18222046
v -40.63013840 -114.35665894 327.74627686
v -40.08756256 -114.35665894 328.96984863
v -40.96961975 -116.20278168 325.46981812
v -40.81512451 -115.43424225 326.39276123
v -40.34314728 -115.43424225 327.62789917
v -40.63796234 -116.53980255 326.33035278
v -41.31471634 -117.64663696 323.81335449
v -40.16949463 -116.53980255 327.55627441
v -39.80715942 -115.43424225 328.83660889
v -39.48168182 -114.35665894 330.16336060
v -39.63749695 -116.53980255 328.75601196
v -39.20863724 -115.43424225 330.01562500
v -39.04342651 -116.53980255 329.92623901
v -36.06810379 -107.51731110 339.84963989
v -34.54229736 -107.51731110 341.09259033
v -34.54229736 -96.81731415 341.09259033
v -34.75829697 -96.81731415 340.92691040
v -34.97273636 -96.81731415 340.75918579
v -36.37386703 -103.01731110 339.57901001
v -37.50609589 -107.51731110 338.50610352
v -37.50609589 -103.01731110 338.50610352
v -38.57899857 -103.01731110 337.37387085
v -38.84965515 -107.51731110 337.06808472
v -39.58947372 -103.01731110 336.18557739
v -40.09259415 -107.51731110 335.54229736
v -39.92690277 -96.81731415 335.75830078
v -40.09259415 -96.81731415 335.54229736
v -39.58947372 -96.81731415 336.18557739
v -39.75918961 -96.81731415 335.97271729
v 0.97273624 -96.81731415 340.75918579
v 1.18558991 -103.01731110 340.58947754
v 0.75829881 -96.81731415 340.92691040
v 0.54229653 -107.51731110 341.09259033
v 0.54229653 -96.81731415 341.09259033
v 2.06810284 -107.51731110 339.84963989
v 2.37386823 -103.01731110 339.57901001
v 3.50609660 -107.51731110 338.50610352
v 3.50609660 -103.01731110 338.50610352
v 4.57900000 -103.01731110 337.37387085
v 4.84965563 -107.51731110 337.06808472
v 5.58947372 -103.01731110 336.18557739
v 6.09259272 -107.51731110 335.54229736
v 6.09259272 -96.81731415 335.54229736
v 5.92690182 -96.81731415 335.75830078
v 5.75919056 -96.81731415 335.97271729
v 5.58947372 -96.81731415 336.18557739
v 6.96114826 -96.81731415 325.51748657
v 6.70524740 -96.81731415 327.25408936
v 6.55135584 -96.81731415 329.00271606
v -40.96114731 -96.81731415 310.48251343
v -40.70524597 -96.81731415 308.74588013
v -40.55135727 -96.81731415 306.99728394
v -40.55135727 -96.81731415 329.00271606
v -40.70524597 -96.81731415 327.25408936
v -40.96114731 -96.81731415 325.51748657
v -24.51748085 -96.81731415 341.96115112
v -26.25410652 -96.81731415 341.70523071
v -28.00272369 -96.81731415 341.55136108
v -5.99727535 -96.81731415 341.55136108
v -7.74589443 -96.81731415 341.70523071
v -9.48251915 -96.81731415 341.96115112
v 4.69999981 -103.01731110 335.87203979
v 4.69999981 -96.81731415 335.87203979
v 4.69999981 -103.01731110 298.29998779
v 4.69999981 -96.81731415 298.29998779
v 0.87204522 -103.01731110 339.69998169
v -38.70000076 -103.01731110 300.12796021
v -38.70000076 -96.81731415 300.12796021
v -38.70000076 -103.01731110 335.87203979
v -38.70000076 -96.81731415 335.87203979
v 2.70000005 -103.01731110 296.29998779
v 2.70000005 -96.81731415 296.29998779
v 4.63185167 -103.01731110 297.78234863
v 4.43205070 -103.01731110 297.29998779
v 4.11421347 -103.01731110 296.88577271
v 3.70000005 -103.01731110 296.56793213
v 3.21763802 -103.01731110 296.36813354
v -38.75948334 -103.01731110 299.89141846
v -39.39481354 -103.01731110 299.66744995
v -39.15380096 -103.01731110 299.63009644
v -38.92378235 -103.01731110 299.71118164
v -38.75948334 -103.01731110 336.10858154
v -38.92378235 -103.01731110 336.28881836
v -39.15380096 -103.01731110 336.36990356
v -39.39481354 -103.01731110 336.33251953
v 1.10857332 -103.01731110 339.75949097
v 1.28882289 -103.01731110 339.92376709
v 1.36990643 -103.01731110 340.15380859
v 1.33253109 -103.01731110 340.39480591
v 4.75948381 -103.01731110 336.10858154
v 5.39481449 -103.01731110 336.33251953
v 5.15380239 -103.01731110 336.36990356
v 4.92378187 -103.01731110 336.28881836
v -34.48070145 -107.51731110 341.13754272
v -34.50142288 -107.51731110 341.12283325
v -34.52195740 -107.51731110 341.10784912
v -40.10784149 -107.51731110 335.52194214
v -40.12282944 -107.51731110 335.50143433
v -40.13755798 -107.51731110 335.48071289
v -32.74289322 -110.39978790 339.39974976
v -33.09282684 -109.88127136 339.74966431
v -33.55562210 -109.23765564 340.21246338
v -34.01824570 -108.59379578 340.67510986
v -34.48070145 -107.94968414 341.13754272
v -32.12098312 -111.52065277 338.77783203
v -32.41890717 -110.94631195 339.07574463
v -39.67510223 -108.59379578 335.01824951
v -39.21247482 -109.23765564 334.55560303
v -38.74968338 -109.88127136 334.09283447
v -40.13755798 -107.94968414 335.48071289
v -38.39974976 -110.39978790 333.74288940
v -38.07575989 -110.94631195 333.41891479
v -37.77783966 -111.52065277 333.12097168
v -33.58082962 -109.72815704 341.48452759
v -33.01790237 -110.57875824 340.79421997
v -33.72051239 -109.64349365 341.40310669
v -33.17796326 -110.48918915 340.50964355
v -33.82271576 -109.58448792 341.21878052
v -33.88900757 -109.49286652 341.02499390
v -34.01168442 -109.32525635 341.38116455
v -34.18000412 -109.08698273 341.31155396
v -33.80991364 -109.53881836 341.44216919
v -34.31182098 -108.82522583 341.24389648
v -33.91302872 -109.37433624 340.83599854
v -33.24721146 -110.32992554 340.21899414
v -33.89456940 -109.23847961 340.66540527
v -33.21770477 -110.11923981 339.95559692
v -33.83926773 -109.09642029 340.52297974
v -34.46187592 -108.25050354 341.15072632
v -34.40547943 -108.54509735 341.18780518
v -32.60000229 -111.06754303 340.59243774
v -32.72906494 -111.04505920 340.42779541
v -32.83141327 -110.99084473 340.23965454
v -32.89594650 -110.90541840 340.03994751
v -32.59157181 -111.41993713 339.74111938
v -32.60795975 -111.31666565 339.53833008
v -32.32795715 -111.85890198 339.26119995
v -32.29406738 -111.74943542 339.06909180
v -32.07455826 -112.45021820 339.06072998
v -32.01424026 -112.29685974 338.75598145
v -32.22087860 -111.63475800 338.90551758
v -32.51122665 -111.07318115 339.19561768
v -32.83074570 -110.53240967 339.51486206
v -32.89239883 -110.66625214 339.66500854
v -32.91622925 -110.79415131 339.84359741
v -32.31510544 -111.95375824 339.46987915
v -32.02295303 -112.56424713 339.38378906
v -32.25468445 -112.02592468 339.67929077
v -32.15309525 -112.07077789 339.87347412
v -32.42733383 -111.54841614 340.13720703
v -32.29729843 -111.56822205 340.30297852
v -31.86561775 -112.62525940 339.68637085
v -32.02202225 -112.08804321 340.04016113
v -32.52922821 -111.49885559 339.94589233
v -32.57888412 -111.19772339 339.35275269
v -31.54769516 -113.20789337 339.57946777
v -31.67967033 -113.19107056 339.42025757
v -31.78213310 -113.15356445 339.23205566
v -31.84400558 -113.09584808 339.02578735
v -31.66557312 -113.69937134 338.84170532
v -31.68510818 -113.63623047 338.63662720
v -31.54516602 -114.27085876 338.47451782
v -31.52614021 -114.21217346 338.27975464
v -31.42100143 -114.87844086 338.14135742
v -31.37066841 -114.83036041 337.96340942
v -31.29641914 -115.52644348 337.85098267
v -31.24535561 -116.23239136 337.76843262
v -31.21554756 -116.94322205 337.71823120
v -31.24718666 -117.65944672 337.89126587
v -31.85916328 -113.02148438 338.81616211
v -31.66060829 -113.56468201 338.44009399
v -31.47008896 -114.15113068 338.10223389
v -31.82819366 -112.93640900 338.61837769
v -31.75789070 -112.84748077 338.44461060
v -31.59784126 -113.49008942 338.26382446
v -31.22286034 -117.65944672 338.25604248
v -31.26327515 -116.96622467 338.08404541
v -31.25605011 -116.95491791 337.89559937
v -31.28783798 -116.25587463 337.94604492
v -31.34220123 -115.56203461 338.02886963
v -31.06904793 -117.65944672 338.58770752
v -31.16889000 -116.98506165 338.45483398
v -31.23401833 -116.97647095 338.27398682
v -31.26794815 -116.29907990 338.32684326
v -31.29650497 -116.27856445 338.13546753
v -31.32597923 -115.62728882 338.41354370
v -31.35330391 -115.59636688 338.21978760
v -31.41007233 -114.96623993 338.53106689
v -31.43555450 -114.92475128 338.33410645
v -31.52223969 -114.32307434 338.67529297
v -30.95191574 -116.99583435 338.75387573
v -31.07238197 -116.99156952 338.61712646
v -31.10548019 -116.32907104 338.67321777
v -31.20273590 -116.31620026 338.50936890
v -31.16229439 -115.67184448 338.76528931
v -31.26070404 -115.65288544 338.59881592
v -31.24510956 -115.02483368 338.89031982
v -31.34489441 -115.00020599 338.72018433
v -31.35633469 -114.39488220 339.04415894
v -31.45748901 -114.36519623 338.86920166
v -31.49965096 -113.78345490 339.22232056
v -31.60182762 -113.74942780 339.04135132
v -30.98385429 -116.33734894 338.81121826
v -31.03883553 -115.68366241 338.90536499
v -31.11937523 -115.03951263 339.03344727
v -31.22813988 -114.41146088 339.19140625
v -31.36922646 -113.80082703 339.37484741
v -31.06904793 -122.08837891 338.58770752
v -31.22286034 -122.08837891 338.25604248
v -31.24718666 -122.08837891 337.89126587
v -31.24718666 -126.51731110 337.89126587
v -31.22286034 -126.51731110 338.25604248
v -31.06904793 -126.51731110 338.58770752
v -30.91959190 -127.18161011 338.69604492
v -31.03968811 -127.17283630 338.56100464
v -31.13635063 -127.15959167 338.40097046
v -31.07460022 -127.78593445 338.29446411
v -31.14313507 -127.75160217 338.12252808
v -31.05024338 -128.34045410 337.95465088
v -31.09116936 -128.28092957 337.78512573
v -30.98326302 -128.81101990 337.56729126
v -31.00098038 -128.72744751 337.41259766
v -30.89299965 -129.19816589 337.14935303
v -30.89326286 -129.09523010 337.01770020
v -30.80111694 -129.49827576 336.71801758
v -31.20231628 -127.14222717 338.22277832
v -31.17786598 -127.71102905 337.94207764
v -31.09904099 -128.21583557 337.61624146
v -30.98888779 -128.64132690 337.26504517
v -31.23314476 -127.12158966 338.03558350
v -31.22814178 -127.09885406 337.84963989
v -31.19029427 -127.07534027 337.67428589
v -31.14575195 -127.62042999 337.59292603
v -31.07584763 -128.14866638 337.45596313
v -30.72508240 -129.84066772 336.37133789
v -30.67660141 -130.12110901 335.98199463
v -30.66650581 -130.33401489 335.56826782
v -30.70108986 -130.48713684 335.13778687
v -30.78254128 -130.58738708 334.70913696
v -30.91116142 -130.64761353 334.28839111
v -31.08337021 -130.67936707 333.88745117
v -31.29738617 -130.69332886 333.50912476
v -31.03704071 -130.85757446 333.87051392
v -31.25322342 -130.87577820 333.48281860
v -30.95893860 -131.02964783 333.83749390
v -31.17750931 -131.05165100 333.43618774
v -30.85082817 -131.18511963 333.78887939
v -31.07197762 -131.20954895 333.37017822
v -30.71802711 -131.31460571 333.72702026
v -30.94211006 -131.33938599 333.28826904
v -30.56863785 -131.41157532 333.65570068
v -30.79627419 -131.43431091 333.19567871
v -30.41194344 -131.47348022 333.57949829
v -30.64399910 -131.49192810 333.09854126
v -30.93119621 -131.49916077 332.66055298
v -31.26972961 -131.50064087 332.27175903
v -31.66011238 -131.49914551 331.93182373
v -32.09763718 -131.49194336 331.64450073
v -32.57496262 -131.47373962 331.41378784
v -33.09115982 -131.43414307 331.23904419
v -33.64114761 -131.36082458 331.12167358
v -34.20677185 -131.24072266 331.06420898
v -34.78191757 -131.05839539 331.06445312
v -35.34004974 -130.80599976 331.11770630
v -35.86710739 -130.47669983 331.21459961
v -36.34909058 -130.06774902 331.34317017
v -36.76590347 -129.59060669 331.48608398
v -37.11406326 -129.04911804 331.62908936
v -37.38481140 -128.46134949 331.75595093
v -37.57969284 -127.83209991 331.85620117
v -37.69593048 -127.18254089 331.91952515
v -37.58771896 -126.51731110 332.06903076
v -37.56089020 -127.17375946 332.03961182
v -37.40088272 -127.16049194 332.13629150
v -37.44869614 -127.81419373 331.97644043
v -37.29405212 -127.78768921 332.07437134
v -37.26081467 -128.43374634 331.87680054
v -37.11517334 -128.39396667 331.97695923
v -37.00015259 -129.01148987 331.75131226
v -36.86700058 -128.95881653 331.85485840
v -36.66544342 -129.54293823 331.61083984
v -36.54829788 -129.47799683 331.71896362
v -36.26525497 -130.01084900 331.47171021
v -36.16716385 -129.93490601 331.58557129
v -35.80298233 -130.41209412 331.34817505
v -35.72677612 -130.32682800 331.46871948
v -35.29786301 -130.73599243 331.25711060
v -35.24542999 -130.64363098 331.38482666
v -34.76325226 -130.98567200 331.20999146
v -34.73586655 -130.88856506 331.34490967
v -34.21257401 -131.16799927 331.21539307
v -34.21093750 -131.06846619 331.35684204
v -33.67121506 -131.29042053 331.27716064
v -33.69491196 -131.19047546 331.42367554
v -33.14502335 -131.36769104 331.39660645
v -33.19339752 -131.26882935 331.54602051
v -32.65136337 -131.41188049 331.57046509
v -32.72288132 -131.31492615 331.71981812
v -32.19480896 -131.43434143 331.79678345
v -32.28742599 -131.33941650 331.94259644
v -31.77598953 -131.44453430 332.07565308
v -31.88727760 -131.35115051 332.21386719
v -31.40140343 -131.44712830 332.40335083
v -31.52811623 -131.35432434 332.52999878
v -31.07505989 -131.44454956 332.77639771
v -31.21331978 -131.35118103 332.88766479
v -31.54986000 -130.69839478 333.15780640
v -31.50844765 -130.88359070 333.12472534
v -31.43682098 -131.06187439 333.06732178
v -31.33664894 -131.22126770 332.98684692
v -31.83658981 -130.69927979 332.83828735
v -32.15741348 -130.69837952 332.55035400
v -32.50841522 -130.69334412 332.29785156
v -32.88391113 -130.67956543 332.08511353
v -32.48209000 -130.87580872 332.25369263
v -32.86689758 -130.85781860 332.03881836
v -32.43542099 -131.05168152 332.17797852
v -32.83373642 -131.02993774 331.96072388
v -32.36939621 -131.20959473 332.07244873
v -32.78495026 -131.18544006 331.85263062
v -33.28361511 -130.64811707 331.91290283
v -33.27890015 -130.82090759 331.86535645
v -33.26212311 -130.98811340 331.78668213
v -33.23321533 -131.14027405 331.67858887
v -33.70396805 -130.58833313 331.78381348
v -33.71477890 -130.75463867 331.73638916
v -33.71723175 -130.91593933 331.65899658
v -33.71057510 -131.06376648 331.55325317
v -34.13146210 -130.48896790 331.70193481
v -34.16047287 -130.64793396 331.65655518
v -34.18428040 -130.80241394 331.58251953
v -34.20141983 -130.94487000 331.48126221
v -34.56182098 -130.33677673 331.66668701
v -34.61127853 -130.48741150 331.62579346
v -34.65821457 -130.63397217 331.55734253
v -34.70039368 -130.76976013 331.46252441
v -34.97552109 -130.12504578 331.67611694
v -35.36262512 -129.84802246 331.72357178
v -35.71340942 -129.50357056 331.79989624
v -36.01405334 -129.10162354 331.89190674
v -36.26305008 -128.64564514 331.98803711
v -36.14550400 -129.20477295 331.89147949
v -36.41048431 -128.73191833 332.00003052
v -36.28236771 -129.30503845 331.86248779
v -36.56503677 -128.81565857 331.98220825
v -36.41871643 -129.39758301 331.80432129
v -36.71969604 -128.89257812 331.93328857
v -36.45519638 -128.15104675 332.07546997
v -36.61542130 -128.21832275 332.09860229
v -36.78425980 -128.28350830 332.09069824
v -36.95370865 -128.34312439 332.04974365
v -36.59262085 -127.62195587 332.14556885
v -36.76226044 -127.66806030 332.17767334
v -36.94171524 -127.71267700 332.17764282
v -37.12216187 -127.75331116 332.14291382
v -36.67422485 -127.07612610 332.19024658
v -36.84957504 -127.09967041 332.22808838
v -37.03551483 -127.12243652 332.23309326
v -37.22267532 -127.14310455 332.20227051
v -36.89128113 -126.51731110 332.24719238
v -37.25606155 -126.51731110 332.22286987
v -30.23733711 -131.43351746 334.09735107
v -30.39490509 -131.36701965 334.15093994
v -30.54431343 -131.26812744 334.19903564
v -30.67683601 -131.13958740 334.23858643
v -30.78492737 -130.98747253 334.26727295
v -30.86361122 -130.82032776 334.28381348
v -30.12063599 -131.35966492 334.64794922
v -30.27606964 -131.28923035 334.67773438
v -30.42254066 -131.18927002 334.70111084
v -30.55205345 -131.06259155 334.71649170
v -30.65775490 -130.91482544 334.72286987
v -30.73512459 -130.75361633 334.72015381
v -30.06379128 -131.23852539 335.21520996
v -30.21490669 -131.16578674 335.22064209
v -30.35627174 -131.06626892 335.21862793
v -30.48061562 -130.94273376 335.20874023
v -30.58178902 -130.80036926 335.19122314
v -30.65576172 -130.64599609 335.16708374
v -30.06490326 -131.05509949 335.79058838
v -30.21033287 -130.98239136 335.77154541
v -30.34513474 -130.88534546 335.74377441
v -30.46265602 -130.76661682 335.70791626
v -30.55736923 -130.63095093 335.66534424
v -30.62571526 -130.48451233 335.61804199
v -30.11893845 -130.80133057 336.34881592
v -30.25824547 -130.73138428 336.30624390
v -30.38586235 -130.63911438 336.25341797
v -30.49556351 -130.52703857 336.19192505
v -30.58229256 -130.39950562 336.12420654
v -30.64292717 -130.26216125 336.05322266
v -30.21733284 -130.46797180 336.87902832
v -30.35076141 -130.40351868 336.81442261
v -30.47114182 -130.31845093 336.73767090
v -30.57246399 -130.21508789 336.65130615
v -30.65000153 -130.09747314 336.55883789
v -30.70102501 -129.97077942 336.46420288
v -30.34513092 -130.06144714 337.35546875
v -30.47360611 -130.00468445 337.27136230
v -30.58736801 -129.92889404 337.17297363
v -30.68041992 -129.83615112 337.06369019
v -30.74823189 -129.73019409 336.94808960
v -30.78844643 -129.61581421 336.83123779
v -30.48810196 -129.58300781 337.77102661
v -30.61281013 -129.53550720 337.67031860
v -30.72087097 -129.47076416 337.55291748
v -30.80613708 -129.39054871 337.42309570
v -30.86417389 -129.29821777 337.28646851
v -30.63031960 -129.04400635 338.11685181
v -30.75253487 -129.00645447 338.00283813
v -30.85604095 -128.95390320 337.86956787
v -30.93441772 -128.88780212 337.72210693
v -30.75649071 -128.45851135 338.38589478
v -30.87733269 -128.43095398 338.26184082
v -30.97749710 -128.39123535 338.11614990
v -30.85642815 -127.83028412 338.58013916
v -30.97668266 -127.81240845 338.44912720
v -31.64122963 -131.22442627 332.64303589
v -31.73310471 -131.06451416 332.73486328
v -31.79873848 -130.88540649 332.80044556
v -31.98646736 -131.22123718 332.33718872
v -32.06693649 -131.06184387 332.43734741
v -32.12435913 -130.88357544 332.50894165
v -35.18434143 -130.53143311 331.49465942
v -35.11702347 -130.40374756 331.58154297
v -35.04640198 -130.26625061 331.64230347
v -35.64098358 -130.22323608 331.57022095
v -35.54906082 -130.10536194 331.64801025
v -35.45497131 -129.97839355 331.69924927
v -36.05819702 -129.84201050 331.67871094
v -35.94290161 -129.73587036 331.74667358
v -35.82633972 -129.62130737 331.78704834
v -31.17787552 -127.66646576 337.76257324
v -37.58771896 -122.08837891 332.06903076
v -37.25606155 -122.08837891 332.22286987
v -36.89128113 -122.08837891 332.24719238
v -36.89128113 -117.65944672 332.24719238
v -37.25606155 -117.65944672 332.22286987
v -37.58771896 -117.65944672 332.06903076
v -37.75399399 -116.99664307 331.95147705
v -37.61729050 -116.99243164 332.07199097
v -37.45503616 -116.98595428 332.16854858
v -37.50940323 -116.32046509 332.20184326
v -37.32689667 -116.30341339 332.26708984
v -37.41210175 -115.63794708 332.32452393
v -37.21836853 -115.60718536 332.35186768
v -37.33110046 -114.94050598 332.43328857
v -37.13837051 -114.89447784 332.41882324
v -37.27693558 -114.22489929 332.52389526
v -37.09938431 -114.16410828 332.46795654
v -37.26231003 -113.49583435 332.59658813
v -37.27416992 -116.97738647 332.23370361
v -37.13549805 -116.28294373 332.29565430
v -37.02743530 -115.57301331 332.34082031
v -36.96041107 -114.84671021 332.36862183
v -37.08424759 -116.96714020 332.26296997
v -36.89574432 -116.95581818 332.25573730
v -36.71831512 -116.94409180 332.21520996
v -36.76827621 -116.23678589 332.24444580
v -36.84948730 -115.53759003 332.29507446
v -37.44421387 -112.84882355 332.75750732
v -37.75597382 -112.29685974 333.01425171
v -37.61798859 -112.93772125 332.82781982
v -37.43860245 -113.57030487 332.65927124
v -37.63512421 -113.64174652 332.68371582
v -37.47164536 -114.28334808 332.54284668
v -37.67235184 -114.33535767 332.51983643
v -37.52796555 -114.98174286 332.40774536
v -37.71696472 -115.01551056 332.34255981
v -37.59732819 -115.66340637 332.25921631
v -37.76369476 -115.68224335 332.16079712
v -37.67316818 -116.33324432 332.10449219
v -37.81104279 -116.34143066 331.98278809
v -38.06072998 -112.45021820 333.07455444
v -37.81579208 -113.02276611 332.85876465
v -37.84016418 -113.70478821 332.66415405
v -37.86616135 -114.37731934 332.45507812
v -37.88702011 -115.04000854 332.24282837
v -37.90367889 -115.69398499 332.03732300
v -38.02540588 -113.09710693 332.84359741
v -38.38379288 -112.56424713 333.02294922
v -38.23165131 -113.15480042 332.78170776
v -38.68637466 -112.62525940 332.86560059
v -38.41982651 -113.19230652 332.67926025
v -38.57901382 -113.20912933 332.54727173
v -38.37312317 -113.80612946 332.36782837
v -38.18817520 -114.42345428 332.22579956
v -38.22065353 -113.78876495 332.49822998
v -38.04103088 -114.40690613 332.35394287
v -38.03975677 -113.75477600 332.60040283
v -38.03006363 -115.05463409 332.11712646
v -36.94600296 -116.26027679 332.28698730
v -39.04320526 -112.08160400 333.02520752
v -38.87651825 -112.06431580 333.15628052
v -38.68237305 -112.01940155 333.25784302
v -38.47301865 -111.94715118 333.31829834
v -38.74797058 -111.40734100 333.59854126
v -38.54534531 -111.30387878 333.61502075
v -38.84737778 -110.78807831 333.92004395
v -38.66889954 -110.66007996 333.89630127
v -39.21899414 -110.32992554 334.24719238
v -38.95561600 -110.11923981 334.21771240
v -38.51882172 -110.52612305 333.83471680
v -38.20293427 -111.05993652 333.51855469
v -37.90887070 -111.62780762 333.22424316
v -38.07237244 -111.74260712 333.29736328
v -38.26440811 -111.85219574 333.33117676
v -39.04366302 -110.89943695 333.89971924
v -39.50963593 -110.48918915 334.17794800
v -39.24332428 -110.98493958 333.83517456
v -39.79421616 -110.57875824 334.01791382
v -39.43142319 -111.03920746 333.73281860
v -39.59603882 -111.06172180 333.60375977
v -39.30961609 -111.55596924 333.30422974
v -39.14387894 -111.53610229 333.43426514
v -38.95262909 -111.48642731 333.53616333
v -38.35990524 -111.18471527 333.58605957
v -39.52298737 -109.09642029 334.83926392
v -40.15071869 -108.25050354 335.46188354
v -39.66539764 -109.23847961 334.89456177
v -40.18780518 -108.54509735 335.40548706
v -39.83600235 -109.37433624 334.91302490
v -40.24391556 -108.82522583 335.31182861
v -40.31154633 -109.08698273 335.17999268
v -40.02499008 -109.49286652 334.88900757
v -40.38115692 -109.32525635 335.01168823
v -40.21878815 -109.58448792 334.82272339
v -40.44218063 -109.53881836 334.80990601
v -40.40311050 -109.64349365 334.72052002
v -40.48452377 -109.72815704 334.58081055
v 4.68569565 -130.69821167 300.04650879
v 4.74215841 -130.88877869 300.04806519
v 4.83997822 -131.07177734 300.04650879
v 4.97671080 -131.23393250 300.04162598
v 5.00108099 -131.23442078 300.34838867
v 5.17688608 -131.36352539 300.35427856
v 5.18583012 -131.35725403 300.66873169
v 5.38714504 -131.44013977 300.68676758
v 5.37793350 -131.42749023 301.00805664
v 5.58593988 -131.45846558 301.03771973
v 5.53717375 -131.43580627 301.47335815
v 5.14442158 -131.36358643 300.03366089
v 5.37166548 -131.44990540 300.35809326
v 5.59160185 -131.47656250 300.70236206
v 5.33115768 -131.45333862 300.02322388
v 5.57086182 -131.49209595 300.35983276
v 5.52358818 -131.50134277 300.01116943
v 5.49466276 -131.42657471 301.68670654
v 5.29586601 -131.41390991 302.29782104
v 4.99295998 -131.42668152 302.86041260
v 5.09387350 -131.39462280 302.21142578
v 4.80611897 -131.40420532 302.74960327
v 4.89029360 -131.32255554 302.12432861
v 4.61759377 -131.33006287 302.64004517
v 4.70269680 -131.19705200 302.04409790
v 4.44324684 -131.20396423 302.54125977
v 4.54790497 -131.02661133 301.97793579
v 4.29832363 -131.03431702 302.46197510
v 4.43735886 -130.82714844 301.93069458
v 4.19334984 -130.83657837 302.40783691
v 4.37447166 -130.61744690 301.90380859
v 4.13173342 -130.62889099 302.38003540
v 3.82265353 -130.65783691 302.82556152
v 3.45488906 -130.68893433 303.22662354
v 3.50213838 -130.88369751 303.26290894
v 3.57924223 -131.07032776 303.33105469
v 3.68386436 -131.23446655 303.42962646
v 3.97366476 -131.05314636 302.91717529
v 4.10153151 -131.22055054 303.00714111
v 4.58522940 -131.45875549 303.37670898
v 4.08563900 -131.49226379 303.83349609
v 4.42014742 -131.42770386 303.24685669
v 3.94679308 -131.45001221 303.69073486
v 4.25453424 -131.34811401 303.12017822
v 3.80950642 -131.36358643 303.55261230
v 4.55210495 -130.62879944 301.39636230
v 4.61478281 -130.83650208 301.42166138
v 4.72649813 -131.03425598 301.46008301
v 4.88399315 -131.20390320 301.51000977
v 5.07592630 -131.33000183 301.56771851
v 5.28542805 -131.40412903 301.62826538
v 4.59616899 -130.63708496 301.22134399
v 4.65860224 -130.84330750 301.24542236
v 4.76984215 -131.03977966 301.28012085
v 4.92669964 -131.20883179 301.32385254
v 5.11807728 -131.33534241 301.37338257
v 5.32743168 -131.41098022 301.42453003
v 4.66019344 -130.65757751 300.86706543
v 4.72179508 -130.85986328 300.88711548
v 4.83084011 -131.05297852 300.91296387
v 4.98430395 -131.22041321 300.94329834
v 5.17183065 -131.34796143 300.97583008
v 4.68726683 -130.67416382 300.59689331
v 4.69596100 -130.68876648 300.32308960
v 4.75487232 -130.88357544 300.33218384
v 4.85747242 -131.07025146 300.34085083
v 4.74781895 -130.87289429 300.61221313
v 4.85413837 -131.06295776 300.63003540
v 5.00335264 -131.22888184 300.64935303
v 3.87968040 -130.86007690 302.85623169
v 5.39481449 -99.91731262 336.33251953
v 5.39481449 -96.81731415 336.33251953
v 5.15380239 -99.91731262 336.36990356
v 5.15380239 -96.81731415 336.36990356
v 4.92378187 -99.91731262 336.28881836
v 4.92378187 -96.81731415 336.28881836
v 4.75948381 -99.91731262 336.10858154
v 4.75948381 -96.81731415 336.10858154
v 1.10857332 -99.91731262 339.75949097
v 1.28882289 -99.91731262 339.92376709
v 1.36990643 -99.91731262 340.15380859
v 1.33253109 -99.91731262 340.39480591
v -38.75948334 -99.91731262 336.10858154
v -38.75948334 -96.81731415 336.10858154
v -38.92378235 -99.91731262 336.28881836
v -38.92378235 -96.81731415 336.28881836
v -39.15380096 -99.91731262 336.36990356
v -39.15380096 -96.81731415 336.36990356
v -39.39481354 -99.91731262 336.33251953
v -39.39481354 -96.81731415 336.33251953
v -39.39481354 -99.91731262 299.66744995
v -39.39481354 -96.81731415 299.66744995
v -39.15380096 -99.91731262 299.63009644
v -39.15380096 -96.81731415 299.63009644
v -38.92378235 -99.91731262 299.71118164
v -38.92378235 -96.81731415 299.71118164
v -38.75948334 -99.91731262 299.89141846
v -38.75948334 -96.81731415 299.89141846
v 4.63185167 -96.81731415 297.78234863
v 4.43205070 -96.81731415 297.29998779
v 4.11421347 -96.81731415 296.88577271
v 3.70000005 -96.81731415 296.56793213
v 3.21763802 -96.81731415 296.36813354
v -16.00000000 -114.01731110 291.00000000
v -16.00000000 -114.01731110 289.19998169
v -5.00000000 -114.01731110 291.00000000
v -3.19734979 -114.01731110 290.39801025
v -3.75010419 -114.01731110 290.72723389
v -15.95105648 -114.01731110 288.89099121
v -2.36216784 -114.01731110 289.42892456
v -2.72750139 -114.01731110 289.95849609
v -2.11815119 -114.01731110 288.83361816
v -15.80901718 -114.01731110 288.61221313
v -15.00000000 -114.01731110 288.19998169
v -15.58778572 -114.01731110 288.39099121
v -15.30901718 -114.01731110 288.24893188
v -2.00667405 -114.01731110 288.19998169
v -4.36034298 -114.01731110 290.93099976
v -15.30901718 -110.01731110 288.24893188
v -15.58778572 -110.01731110 288.39099121
v -15.00000000 -110.01731110 288.19998169
v -15.80901718 -110.01731110 288.61221313
v -2.11815119 -110.01731110 288.83361816
v -15.95105648 -110.01731110 288.89099121
v -2.36216784 -110.01731110 289.42892456
v -16.00000000 -110.01731110 289.19998169
v -2.72750139 -110.01731110 289.95849609
v -3.19734979 -110.01731110 290.39801025
v -5.00000000 -110.01731110 291.00000000
v -3.75010419 -110.01731110 290.72723389
v -4.36034298 -110.01731110 290.93099976
v -16.00000000 -110.01731110 291.00000000
v -2.00667405 -110.01731110 288.19998169
v -2.00000000 -111.01730347 287.19998169
v -2.00000000 -113.01731873 287.19998169
v -2.00667405 -111.01731110 287.19998169
v -2.00667405 -113.01731110 287.19998169
v -15.00000000 -113.01731110 287.19998169
v -15.00000000 -111.01731110 287.19998169
v -17.00000000 -111.01731110 289.19998169
v -17.00000000 -113.01731110 289.19998169
v -17.00000000 -111.01731110 291.00000000
v -17.00000000 -113.01731110 291.00000000
v -17.00000000 -113.07520294 291.58651733
v -17.00000000 -110.95313263 291.61721802
v -17.00000000 -113.24664307 292.15039062
v -17.00000000 -110.76334381 292.20800781
v -17.00000000 -111.47591400 293.38232422
v -17.00000000 -110.45606232 292.74713135
v -17.00000000 -110.04443359 293.21151733
v -17.00000000 -112.91437531 293.47787476
v -17.00000000 -113.52501678 292.66986084
v -17.00000000 -113.89957428 293.12487793
v -17.00000000 -114.35586548 293.49792480
v -0.01514113 -108.38575745 285.44561768
v -0.02755111 -115.52108765 285.53082275
v -0.08985800 -108.90644073 285.79275513
v -0.08985800 -115.12818146 285.79275513
v -0.16913715 -109.22470856 286.00494385
v -0.23480542 -114.60694885 286.14025879
v -0.35135755 -109.71568298 286.33224487
v -0.35135755 -114.31894684 286.33224487
v -0.51707482 -110.03025055 286.54199219
v -0.57175124 -113.91729736 286.60003662
v -0.76100081 -110.37230682 286.76998901
v -0.76100081 -113.66232300 286.76998901
v -1.00755990 -110.62184906 286.93640137
v -1.02559912 -113.39749908 286.94656372
v -1.28197801 -110.81731415 287.06665039
v -1.28197801 -113.21731567 287.06665039
v -1.39022672 -113.16033936 287.10467529
v -1.47229552 -110.91056061 287.12890625
v -1.61209047 -113.07503510 287.16171265
v -1.62246716 -110.96261597 287.16372681
v -1.75878823 -113.03992462 287.18518066
v -1.77261364 -110.99716949 287.18682861
v -16.00000000 -109.97452545 291.41146851
v -5.00000000 -109.94916534 291.51763916
v -16.00000000 -109.84799957 291.80535889
v -5.00000000 -109.74936676 292.00000000
v -16.00000000 -109.64314270 292.16476440
v -5.00000000 -109.43152618 292.41421509
v -16.00000000 -109.36872864 292.47433472
v -5.00000000 -109.01731110 292.73205566
v -16.02007103 -109.07265472 292.69888306
v -16.03910637 -108.92699432 292.78112793
v -16.06670189 -108.74144745 292.86428833
v -5.00000000 -108.53495026 292.93185425
v -16.07613373 -108.68080139 292.88674927
v -16.09375000 -108.56665039 292.92306519
v -16.12026787 -108.38766479 292.96539307
v -0.05766573 -108.49411011 288.00000000
v -0.12886763 -108.53495026 288.77151489
v -0.30953035 -108.53495026 289.52401733
v -0.60568798 -108.53495026 290.23901367
v -1.01004815 -108.53495026 290.89886475
v -1.51265430 -108.53495026 291.48733521
v -2.10113025 -108.53495026 291.98995972
v -2.76098609 -108.53495026 292.39431763
v -3.47597408 -108.53495026 292.69046021
v -4.22848845 -108.53495026 292.87112427
v -4.25974417 -109.01731110 292.67379761
v -4.30946493 -109.43152618 292.35986328
v -4.37426233 -109.74936676 291.95074463
v -4.44972038 -109.94916534 291.47433472
v -3.91299009 -109.94916534 291.34545898
v -3.40302563 -109.94916534 291.13424683
v -2.93238425 -109.94916534 290.84582520
v -2.51265430 -109.94916534 290.48733521
v -2.64885902 -109.74936676 291.23605347
v -2.17157292 -109.74936676 290.82843018
v -2.40539026 -109.43152618 291.57116699
v -1.87867963 -109.43152618 291.12130737
v -2.21857023 -109.01731110 291.82830811
v -1.65393484 -109.01731110 291.34606934
v -0.22733758 -108.94342041 288.00000000
v -0.32620859 -109.01731110 288.74026489
v -0.49955225 -109.01731110 289.46228027
v -0.78371185 -109.01731110 290.14831543
v -1.17169046 -109.01731110 290.78143311
v -0.49923131 -109.33931732 288.00000000
v -0.64013273 -109.43152618 288.69052124
v -0.80183345 -109.43152618 289.36407471
v -1.06690693 -109.43152618 290.00399780
v -1.42882621 -109.43152618 290.59460449
v -0.85766798 -109.65898132 288.00000000
v -1.04924667 -109.74936676 288.62573242
v -1.19577396 -109.74936676 289.23605347
v -1.43597388 -109.74936676 289.81594849
v -1.76393199 -109.74936676 290.35113525
v -1.28197801 -109.88397980 288.00000000
v -1.52566981 -109.94916534 288.55026245
v -1.65452743 -109.94916534 289.08700562
v -1.86576152 -109.94916534 289.59698486
v -2.15417099 -109.94916534 290.06762695
v -1.50590813 -109.95481873 288.09963989
v -1.62432957 -109.98099518 288.13845825
v -1.76155436 -110.00237274 288.17181396
v -2.00221491 -110.01731110 288.19985962
v -3.18403792 -109.74936676 291.56402588
v -3.76393199 -109.74936676 291.80422974
v -2.99598908 -109.43152618 291.93307495
v -3.63593292 -109.43152618 292.19815063
v -2.85169387 -109.01731110 292.21627808
v -3.53771591 -109.01731110 292.50045776
v -0.02755111 -108.34813690 285.69622803
v -0.08985800 -108.61006927 286.08914185
v -0.23480542 -108.95757294 286.61035156
v -0.35135755 -109.14955902 286.89837646
v -0.57175124 -109.41735077 287.30001831
v -0.76100081 -109.58731079 287.55499268
v -1.02559912 -109.76389313 287.81979370
v -16.03418732 -115.76387024 292.98376465
v -5.00000000 -115.49967194 292.93185425
v -16.01944733 -115.43727112 292.91403198
v -16.01130104 -115.27468109 292.85708618
v -5.00000000 -115.01731110 292.73205566
v -16.00623512 -115.16484070 292.80935669
v -16.00000000 -114.90968323 292.66528320
v -5.00000000 -114.60309601 292.41421509
v -16.00000000 -114.53753662 292.34545898
v -5.00000000 -114.28526306 292.00000000
v -16.00000000 -114.25446320 291.94464111
v -5.00000000 -114.08546448 291.51763916
v -16.00000000 -114.07750702 291.48696899
v -4.44972038 -114.08546448 291.47433472
v -3.91299009 -114.08546448 291.34545898
v -3.40302563 -114.08546448 291.13424683
v -2.93238425 -114.08546448 290.84582520
v -2.51265430 -114.08546448 290.48733521
v -2.17157292 -114.28526306 290.82843018
v -1.76393199 -114.28526306 290.35113525
v -1.42882621 -114.60309601 290.59460449
v -1.06690693 -114.60309601 290.00399780
v -0.78371185 -115.01731110 290.14831543
v -0.49955225 -115.01731110 289.46228027
v -0.30953035 -115.49967194 289.52401733
v -0.12886763 -115.49967194 288.77151489
v -0.05766573 -115.54051208 288.00000000
v -2.15417099 -114.08546448 290.06762695
v -1.43597388 -114.28526306 289.81594849
v -0.80183345 -114.60309601 289.36407471
v -0.32620859 -115.01731110 288.74026489
v -0.22733758 -115.09120941 288.00000000
v -1.86576152 -114.08546448 289.59698486
v -1.19577396 -114.28526306 289.23605347
v -0.64013273 -114.60309601 288.69052124
v -0.49923131 -114.69531250 288.00000000
v -1.65452743 -114.08546448 289.08700562
v -1.52566981 -114.08546448 288.55026245
v -1.86559153 -114.02227783 288.18878174
v -1.62432957 -114.05362701 288.13845825
v -2.00221491 -114.01731873 288.19985962
v -1.39470851 -114.11129761 288.05459595
v -1.04924667 -114.28526306 288.62573242
v -1.28197801 -114.15065002 288.00000000
v -0.85766798 -114.37564087 288.00000000
v -0.60568798 -115.49967194 290.23901367
v -1.17169046 -115.01731110 290.78143311
v -1.87867963 -114.60309601 291.12130737
v -2.64885902 -114.28526306 291.23605347
v -1.01004815 -115.49967194 290.89886475
v -1.65393484 -115.01731110 291.34606934
v -2.40539026 -114.60309601 291.57116699
v -3.18403792 -114.28526306 291.56402588
v -1.51265430 -115.49967194 291.48733521
v -2.21857023 -115.01731110 291.82830811
v -2.99598908 -114.60309601 291.93307495
v -3.76393199 -114.28526306 291.80422974
v -2.10113025 -115.49967194 291.98995972
v -2.85169387 -115.01731110 292.21627808
v -3.63593292 -114.60309601 292.19815063
v -4.37426233 -114.28526306 291.95074463
v -2.76098609 -115.49967194 292.39431763
v -3.53771591 -115.01731110 292.50045776
v -4.30946493 -114.60309601 292.35986328
v -3.47597408 -115.49967194 292.69046021
v -4.25974417 -115.01731110 292.67379761
v -4.22848845 -115.49967194 292.87112427
v -0.01514113 -115.77168274 285.56845093
v -0.08985800 -115.42456055 286.08914185
v -0.16913715 -115.21236420 286.40740967
v -0.35135755 -114.88507080 286.89837646
v -0.51707482 -114.67532349 287.21295166
v -0.76100081 -114.44731903 287.55499268
v -1.00755990 -114.28092194 287.80453491
v -15.51763821 -111.01731110 287.26815796
v -15.51763821 -113.01731110 287.26815796
v -16.00000000 -111.01731110 287.46795654
v -16.00000000 -113.01731110 287.46795654
v -16.41421318 -111.01731110 287.78579712
v -16.41421318 -113.01731110 287.78579712
v -16.73204994 -111.01731110 288.19998169
v -16.73204994 -113.01731110 288.19998169
v -16.93185234 -111.01731110 288.68237305
v -16.93185234 -113.01731110 288.68237305
v -1.37012589 -113.54920959 287.16940308
v -1.10665309 -113.69374847 287.05172729
v -1.13337398 -113.83262634 287.14358521
v -0.85284567 -113.90354919 286.89483643
v -0.87777221 -114.02227783 286.98199463
v -0.54301274 -114.26409912 286.61636353
v -0.56146026 -114.35522461 286.69183350
v -0.40716329 -114.47505951 286.45001221
v -0.42168391 -114.55250549 286.51748657
v -0.23473901 -114.82425690 286.17089844
v -0.24354604 -114.88169098 286.22402954
v -0.10608023 -115.20417023 285.86370850
v -0.11017846 -115.24208832 285.90036011
v -0.02692825 -115.60542297 285.53680420
v -0.02800460 -115.62427521 285.55545044
v -0.02692825 -115.68051910 285.61187744
v -0.10608023 -115.35360718 286.01315308
v -0.23473901 -115.04640198 286.39306641
v -0.40716329 -114.76728058 286.74224854
v -0.54301274 -114.60094452 286.95321655
v -0.42168391 -114.69980621 286.66479492
v -0.56146026 -114.52548981 286.86209106
v -0.42657691 -114.62783813 286.58947754
v -0.56769925 -114.44300842 286.77429199
v -0.85284567 -114.32247162 287.31375122
v -1.10665309 -114.16557312 287.52355957
v -1.37012589 -114.04791260 287.66809082
v -1.13337398 -114.07372284 287.38467407
v -1.40082312 -113.83846283 287.37884521
v -1.14254367 -113.96124268 287.25607300
v -0.02836364 -115.64308929 285.57421875
v -0.02800460 -115.66184235 285.59304810
v -0.87777221 -114.23532867 287.19503784
v -0.88627183 -114.13418579 287.08312988
v -0.24354604 -114.99328613 286.33560181
v -0.24650006 -114.93821716 286.27908325
v -0.11017846 -115.31696320 285.97521973
v -0.11154836 -115.27973938 285.93756104
v -1.64089441 -113.24954224 287.18374634
v -1.66479123 -113.42745972 287.24029541
v -1.68031394 -113.59904480 287.33282471
v -2.00068426 -113.32630920 287.24893188
v -2.00130177 -113.60505676 287.39093018
v -1.68576992 -113.75340271 287.45904541
v -2.00179172 -113.82628632 287.61215210
v -1.68053305 -113.88079834 287.61242676
v -1.66521668 -113.97463226 287.78332520
v -1.64150321 -114.03250122 287.96078491
v -2.00210643 -113.96833801 287.89086914
v -2.00667405 -113.32633209 287.24893188
v -2.00667405 -113.60509491 287.39099121
v -2.00667405 -113.82633209 287.61221313
v -2.00667405 -113.96836853 287.89099121
v -8.50333691 -113.32633209 287.24893188
v -8.50333691 -113.60509491 287.39099121
v -8.50333691 -113.82633209 287.61221313
v -8.50333691 -113.96836853 287.89099121
v -15.00000000 -113.96836853 287.89099121
v -15.00000000 -113.82633209 287.61221313
v -15.00000000 -113.60509491 287.39099121
v -15.00000000 -113.32633209 287.24893188
v -1.37012589 -109.98671722 287.66809082
v -1.10665309 -109.86905670 287.52355957
v -1.13337398 -109.96090698 287.38467407
v -0.85284567 -109.71215057 287.31375122
v -0.87777221 -109.79930115 287.19503784
v -0.54301274 -109.43367767 286.95321655
v -0.56146026 -109.50914001 286.86209106
v -0.40716329 -109.26734161 286.74224854
v -0.42168391 -109.33481598 286.66479492
v -0.23473901 -108.98822021 286.39306641
v -0.24354604 -109.04133606 286.33560181
v -0.10608023 -108.68102264 286.01315308
v -0.11017846 -108.71766663 285.97521973
v -0.02692825 -108.35410309 285.61187744
v -0.02800460 -108.37277985 285.59304810
v -0.02692825 -108.42920685 285.53680420
v -0.10608023 -108.83045197 285.86370850
v -0.23473901 -109.21036530 286.17089844
v -0.40716329 -109.55957031 286.45001221
v -0.54301274 -109.77053070 286.61636353
v -0.42168391 -109.48212433 286.51748657
v -0.56146026 -109.67939758 286.69183350
v -0.42657691 -109.40679169 286.58947754
v -0.56769925 -109.59161377 286.77429199
v -0.85284567 -110.13107300 286.89483643
v -1.10665309 -110.34088135 287.05172729
v -1.37012589 -110.48542023 287.16940308
v -1.13337398 -110.20199585 287.14358521
v -1.40082312 -110.19616699 287.37884521
v -1.14254367 -110.07337952 287.25607300
v -0.02836364 -108.39153290 285.57421875
v -0.02800460 -108.41034698 285.55545044
v -0.87777221 -110.01234436 286.98199463
v -0.88627183 -109.90043640 287.08312988
v -0.24354604 -109.15293121 286.22402954
v -0.24650006 -109.09641266 286.27908325
v -0.11017846 -108.79254150 285.90036011
v -0.11154836 -108.75489044 285.93756104
v -1.64150321 -110.00212860 287.96078491
v -1.66521668 -110.05999756 287.78332520
v -1.68053305 -110.15383148 287.61242676
v -1.84159815 -110.17479706 287.64080811
v -1.84425116 -110.30403900 287.48327637
v -2.00179172 -110.20834351 287.61215210
v -2.00130177 -110.42957306 287.39093018
v -1.84112740 -110.46227264 287.35485840
v -1.83258986 -110.63906097 287.26248169
v -1.68031394 -110.43557739 287.33282471
v -1.66479123 -110.60717010 287.24029541
v -1.64089441 -110.78507996 287.18374634
v -1.68576992 -110.28122711 287.45904541
v -1.81959677 -110.82262421 287.20831299
v -2.00068426 -110.70832062 287.24893188
v -1.83350289 -110.08146667 287.81710815
v -2.00210643 -110.06629181 287.89086914
v -1.82090080 -110.02632141 288.00036621
v -2.00667405 -110.06625366 287.89099121
v -2.00667405 -110.20829773 287.61221313
v -2.00667405 -110.42952728 287.39099121
v -2.00667405 -110.70829773 287.24893188
v -8.50333691 -110.06625366 287.89099121
v -8.50333691 -110.20829773 287.61221313
v -8.50333691 -110.42952728 287.39099121
v -8.50333691 -110.70829773 287.24893188
v -15.00000000 -110.70829773 287.24893188
v -15.00000000 -110.42952728 287.39099121
v -15.00000000 -110.20829773 287.61221313
v -15.00000000 -110.06625366 287.89099121
v -20.00000000 -102.00830078 294.03628540
v -20.00000000 -103.88886261 294.76916504
v -34.08081818 -103.54382324 294.64532471
v -33.92241287 -103.39100647 294.58898926
v -20.00000000 -105.81377411 295.37603760
v -34.33464050 -103.89029694 294.76956177
v -20.00000000 -107.77461243 295.85427856
v -33.54381561 -107.51731110 295.79931641
v -33.31591034 -108.66801453 296.02722168
v -20.00000000 -109.76277924 296.20181274
v -33.13241577 -109.82662201 296.21072388
v -33.06063461 -110.17613983 296.25689697
v -32.94828033 -110.53959656 296.30062866
v -20.00000000 -111.76958466 296.41705322
v -32.65766525 -111.25019836 296.37420654
v -31.96025848 -112.60055542 296.46707153
v -20.00000000 -113.78623199 296.49911499
v -31.61609077 -113.19389343 296.48889160
v -20.00000000 -115.80389404 296.44763184
v -20.00000000 -117.81372833 296.26278687
v -20.00000000 -119.80693817 295.94546509
v -19.99347305 -120.84974670 295.72488403
v -19.98433495 -121.35006714 295.60540771
v -19.96819878 -121.90554810 295.46228027
v -19.91294670 -122.98995209 295.15029907
v -19.82773781 -123.95906830 294.83416748
v -19.65442657 -125.15027618 294.39553833
v -19.56838226 -125.57221222 294.22647095
v -19.41108894 -126.18981171 293.96569824
v -19.26708221 -126.63774872 293.76641846
v -19.08023071 -127.10784912 293.54785156
v -18.84567451 -127.57221985 293.32241821
v -33.74256897 -103.26670074 294.54251099
v -33.54434204 -103.18411255 294.51126099
v -38.39974976 -110.39978790 302.25711060
v -38.74968338 -109.88127136 301.90716553
v -39.21247482 -109.23765564 301.44436646
v -39.67510223 -108.59379578 300.98175049
v -40.13755798 -107.94968414 300.51928711
v -40.13755798 -107.51731110 300.51928711
v -37.77783966 -111.52065277 302.87899780
v -38.07575989 -110.94631195 302.58108521
v -32.77053070 -110.35626984 296.57260132
v -32.43595505 -110.91562653 296.90719604
v -32.12882233 -111.50447083 297.21432495
v -40.12282944 -107.51731110 300.49856567
v -40.10784149 -107.51731110 300.47802734
v 2.54213452 -126.51731110 332.13876343
v 2.54213452 -117.65944672 332.13876343
v 2.53561449 -126.78933716 332.13534546
v 2.29335356 -119.01734161 332.01849365
v 2.46374559 -127.44692993 332.09857178
v 2.38218880 -127.83057404 332.05902100
v 2.21979666 -128.34248352 331.98687744
v 2.03002024 -128.76182556 331.91320801
v 1.59347177 -119.01734161 331.78390503
v 1.78844845 -129.15650940 331.83499146
v 1.47060943 -129.53776550 331.75704956
v 1.15012872 -129.82025146 331.70565796
v 0.86240339 -119.01734161 331.68194580
v 0.76952600 -130.06497192 331.67871094
v 0.32934356 -130.25956726 331.69287109
v 0.12504411 -119.01734161 331.71603394
v 0.04221639 -130.34803772 331.72845459
v -0.59349614 -119.01734161 331.88500977
v -0.56459981 -130.46156311 331.87545776
v -1.03083539 -130.50093079 332.06088257
v -1.26874840 -119.01734161 332.18316650
v -1.41215742 -130.51367188 332.26699829
v -1.59550869 -130.51611328 332.38635254
v -1.87771773 -119.01734161 332.60034180
v -2.14622712 -130.51731873 332.84472656
v -2.39966631 -119.01734161 333.12228394
v -2.24995995 -130.51736450 332.95205688
v -2.72669387 -130.51385498 333.57760620
v -2.81682014 -119.01734161 333.73126221
v -2.89414310 -130.50529480 333.87707520
v -3.11497307 -119.01734161 334.40649414
v -3.11974740 -130.46331787 334.42083740
v -3.21403050 -130.41287231 334.75317383
v -3.28397226 -119.01734161 335.12503052
v -3.30561161 -130.26556396 335.31231689
v -3.31806231 -119.01734161 335.86239624
v -3.32175660 -130.07774353 335.74542236
v -3.29555845 -129.82814026 336.13967896
v -3.21608257 -119.01734161 336.59347534
v -3.23912096 -129.51847839 336.48928833
v -3.16634536 -129.16302490 336.78381348
v -3.09107828 -128.78436279 337.01800537
v -2.98150587 -119.01734161 337.29333496
v -3.01384044 -128.34701538 337.21804810
v -2.94183707 -127.83773041 337.38037109
v -2.86122441 -126.51731110 337.54214478
v -2.90160847 -127.44903564 337.46337891
v -2.88162899 -127.17934418 337.50286865
v 2.29335356 -107.51731110 332.01849365
v 2.55867815 -116.94417572 332.14749146
v 2.60789204 -116.23220825 332.17419434
v 2.80115008 -114.81984711 332.28784180
v 2.93821526 -107.51731110 332.37768555
v 3.10750771 -113.44657135 332.50027466
v 3.50609660 -107.51731110 332.84924316
v 3.50609660 -112.12258911 332.84924316
v 1.59347177 -107.51731110 331.78390503
v 0.86240339 -107.51731110 331.68194580
v 0.12504411 -107.51731110 331.71603394
v -0.59349614 -107.51731110 331.88500977
v -1.26874840 -107.51731110 332.18316650
v -1.87771773 -107.51731110 332.60034180
v -2.39966631 -107.51731110 333.12228394
v -2.81682014 -107.51731110 333.73126221
v -3.11497307 -107.51731110 334.40649414
v -3.28397226 -107.51731110 335.12503052
v -3.31806231 -107.51731110 335.86239624
v -3.21608257 -107.51731110 336.59347534
v -2.98150587 -107.51731110 337.29333496
v -2.86122441 -117.65944672 337.54214478
v -2.85562611 -117.08466339 337.55270386
v -2.80986810 -115.94695282 337.63650513
v -2.62232041 -107.51731110 337.93820190
v -2.71339393 -114.83090973 337.79913330
v -2.59237218 -113.95314789 337.98132324
v -2.50052547 -113.45051575 338.10647583
v -2.32206774 -112.68961334 338.32369995
v -2.15075755 -107.51731110 338.50610352
v -2.15075755 -112.12258911 338.50610352
v 4.39974880 -110.39978790 333.74288940
v 4.74968195 -109.88127136 334.09283447
v 5.21247625 -109.23765564 334.55560303
v 5.67510128 -108.59379578 335.01824951
v 6.13755655 -107.94968414 335.48071289
v 6.13755655 -107.51731110 335.48071289
v 3.77783799 -111.52065277 333.12097168
v 4.07575989 -110.94631195 333.41891479
v 0.48070246 -107.51731110 341.13754272
v 0.01824692 -108.59379578 340.67510986
v -0.44437799 -109.23765564 340.21246338
v -0.90717214 -109.88127136 339.74966431
v 0.48070246 -107.94968414 341.13754272
v -1.25710559 -110.39978790 339.39974976
v -1.58109450 -110.94631195 339.07574463
v -1.87901616 -111.52065277 338.77783203
v 6.12282991 -107.51731110 335.50143433
v 6.10784101 -107.51731110 335.52194214
v 0.52195626 -107.51731110 341.10784912
v 0.50142378 -107.51731110 341.12283325
v -40.48452377 -109.72815704 301.41915894
v -39.79421616 -110.57875824 301.98208618
v -40.40311050 -109.64349365 301.27947998
v -39.50963593 -110.48918915 301.82202148
v -40.21878815 -109.58448029 301.17727661
v -40.02499008 -109.49286652 301.11099243
v -40.38115692 -109.32525635 300.98831177
v -40.31155014 -109.08698273 300.81997681
v -40.44218063 -109.53881836 301.19009399
v -40.24391556 -108.82522583 300.68817139
v -39.83600235 -109.37433624 301.08697510
v -39.21899414 -110.32992554 301.75277710
v -39.66539764 -109.23847961 301.10543823
v -38.95561600 -110.11923981 301.78228760
v -39.52298737 -109.09642029 301.16073608
v -40.15071869 -108.25050354 300.53811646
v -40.18780518 -108.54509735 300.59451294
v -39.59244156 -111.06754303 302.39999390
v -39.42781067 -111.04505920 302.27093506
v -39.23967361 -110.99084473 302.16857910
v -39.03995132 -110.90541840 302.10406494
v -38.74111557 -111.41993713 302.40841675
v -38.53834534 -111.31666565 302.39202881
v -38.26119995 -111.85890198 302.67202759
v -38.06909180 -111.74943542 302.70593262
v -38.06072998 -112.45021820 302.92544556
v -37.75597382 -112.29685974 302.98574829
v -37.90551376 -111.63475800 302.77911377
v -38.19561005 -111.07318115 302.48876953
v -38.51485443 -110.53240967 302.16925049
v -38.66501999 -110.66625214 302.10760498
v -38.84358597 -110.79415131 302.08377075
v -38.46988297 -111.95375824 302.68490601
v -38.38379288 -112.56424713 302.97705078
v -38.67928696 -112.02592468 302.74530029
v -38.87346649 -112.07077789 302.84689331
v -39.13721466 -111.54841614 302.57266235
v -39.30297852 -111.56822205 302.70269775
v -38.68637466 -112.62525940 303.13436890
v -39.04016495 -112.08804321 302.97796631
v -38.94589615 -111.49885559 302.47076416
v -38.35274124 -111.19772339 302.42111206
v -38.57946777 -113.20789337 303.45230103
v -38.42026138 -113.19107056 303.32031250
v -38.23206711 -113.15356445 303.21786499
v -38.02580261 -113.09584808 303.15597534
v -37.84170532 -113.69937134 303.33441162
v -37.63662720 -113.63623047 303.31488037
v -37.47450638 -114.27085876 303.45483398
v -37.27976608 -114.21217346 303.47384644
v -37.14134979 -114.87844086 303.57901001
v -36.96339798 -114.83036041 303.62933350
v -36.85097885 -115.52644348 303.70358276
v -36.76844406 -116.23239136 303.75463867
v -36.71823502 -116.94322205 303.78445435
v -36.89128113 -117.65944672 303.75280762
v -37.81618118 -113.02148438 303.14083862
v -37.44009399 -113.56468201 303.33938599
v -37.10223007 -114.15113068 303.52990723
v -37.61838150 -112.93640900 303.17181396
v -37.44461441 -112.84748077 303.24209595
v -37.26382065 -113.49008942 303.40216064
v -37.25606155 -117.65944672 303.77713013
v -37.08406067 -116.96622467 303.73672485
v -36.89560318 -116.95491791 303.74395752
v -36.94605637 -116.25587463 303.71215820
v -37.02886200 -115.56203461 303.65780640
v -37.58771896 -117.65944672 303.93093872
v -37.45484543 -116.98506165 303.83111572
v -37.27397919 -116.97647095 303.76599121
v -37.32685471 -116.29907990 303.73205566
v -37.13547134 -116.27856445 303.70349121
v -37.41354752 -115.62728882 303.67401123
v -37.21978378 -115.59636688 303.64669800
v -37.53107452 -114.96623993 303.58993530
v -37.33412170 -114.92475128 303.56445312
v -37.67529297 -114.32307434 303.47775269
v -37.75389099 -116.99583435 304.04809570
v -37.61713409 -116.99156952 303.92761230
v -37.67322540 -116.32907104 303.89453125
v -37.50938416 -116.31620026 303.79727173
v -37.76528549 -115.67184448 303.83770752
v -37.59883118 -115.65288544 303.73928833
v -37.89033508 -115.02483368 303.75488281
v -37.72017670 -115.00020599 303.65509033
v -38.04417801 -114.39488220 303.64367676
v -37.86920166 -114.36519623 303.54251099
v -38.22230911 -113.78345490 303.50033569
v -38.04135132 -113.74942780 303.39816284
v -37.81121063 -116.33734894 304.01614380
v -37.90536499 -115.68366241 303.96115112
v -38.03346634 -115.03951263 303.88061523
v -38.19141006 -114.41146088 303.77185059
v -38.37483597 -113.80082703 303.63076782
v -37.58771896 -122.08837891 303.93093872
v -37.25606155 -122.08837891 303.77713013
v -36.89128113 -122.08837891 303.75280762
v -36.89128113 -126.51731110 303.75280762
v -37.25606155 -126.51731110 303.77713013
v -37.58771896 -126.51731110 303.93093872
v -37.69604111 -127.18161011 304.08041382
v -37.56099319 -127.17283630 303.96029663
v -37.40098190 -127.15959167 303.86364746
v -37.29445648 -127.78593445 303.92538452
v -37.12254333 -127.75160217 303.85687256
v -36.95464706 -128.34045410 303.94973755
v -36.78513718 -128.28092957 303.90881348
v -36.56730270 -128.81101990 304.01672363
v -36.41260529 -128.72744751 303.99902344
v -36.14936829 -129.19816589 304.10699463
v -36.01771545 -129.09523010 304.10671997
v -35.71801758 -129.49827576 304.19888306
v -37.22276688 -127.14222717 303.79766846
v -36.94207001 -127.71102905 303.82214355
v -36.61623764 -128.21583557 303.90097046
v -36.26503754 -128.64132690 304.01110840
v -37.03560257 -127.12158966 303.76684570
v -36.84965515 -127.09885406 303.77185059
v -36.67429733 -127.07534027 303.80969238
v -36.59292603 -127.62042999 303.85424805
v -36.45595932 -128.14866638 303.92416382
v -35.37134933 -129.84066772 304.27490234
v -35.83123016 -129.61581421 304.21154785
v -35.46419525 -129.97077942 304.29898071
v -35.94809341 -129.73019409 304.25177002
v -35.55883408 -130.09747314 304.35000610
v -36.06370544 -129.83615112 304.31958008
v -35.65132141 -130.21508789 304.42752075
v -36.17298126 -129.92887878 304.41262817
v -35.73767853 -130.31845093 304.52883911
v -36.27136612 -130.00468445 304.52639771
v -35.81442642 -130.40351868 304.64923096
v -36.35545731 -130.06144714 304.65487671
v -35.87904358 -130.46797180 304.78265381
v -35.34880829 -130.80133057 304.88104248
v -34.79058075 -131.05509949 304.93508911
v -34.21520615 -131.23852539 304.93621826
v -33.64795685 -131.35966492 304.87936401
v -33.09736252 -131.43351746 304.76266479
v -32.57949066 -131.47348022 304.58804321
v -32.09854889 -131.49192810 304.35598755
v -31.66055489 -131.49916077 304.06878662
v -31.77641106 -131.44454956 303.92492676
v -31.40335846 -131.44712830 303.59860229
v -31.52999496 -131.35432434 303.47189331
v -31.21388245 -131.35115051 303.11273193
v -31.33718681 -131.22123718 303.01351929
v -31.07246017 -131.20959473 302.63058472
v -31.17798424 -131.05168152 302.56457520
v -30.96072197 -131.02993774 302.16625977
v -31.03880882 -130.85781860 302.13308716
v -30.86537170 -130.82090759 301.72109985
v -30.91291428 -130.64811707 301.71636963
v -30.78382111 -130.58833313 301.29602051
v -34.98198318 -130.12110901 304.32339478
v -35.05321121 -130.26216125 304.35705566
v -35.12421417 -130.39950562 304.41769409
v -35.19193649 -130.52703857 304.50442505
v -35.25342941 -130.63911438 304.61413574
v -35.30625534 -130.73138428 304.74176025
v -34.56827164 -130.33401489 304.33349609
v -34.61804962 -130.48451233 304.37426758
v -34.66534424 -130.63095093 304.44262695
v -34.70790863 -130.76661682 304.53735352
v -34.74377823 -130.88534546 304.65487671
v -34.77154922 -130.98239136 304.78967285
v -34.13780212 -130.48713684 304.29891968
v -34.16709900 -130.64599609 304.34423828
v -34.19123840 -130.80036926 304.41821289
v -34.20873642 -130.94273376 304.51937866
v -34.21863174 -131.06626892 304.64373779
v -34.22064590 -131.16578674 304.78509521
v -33.70914078 -130.58738708 304.21746826
v -33.72015762 -130.75361633 304.26486206
v -33.72285843 -130.91482544 304.34225464
v -33.71648407 -131.06259155 304.44793701
v -33.70111847 -131.18927002 304.57745361
v -33.67772675 -131.28923035 304.72393799
v -33.28838348 -130.64759827 304.08883667
v -33.28382874 -130.82032776 304.13638306
v -33.26726151 -130.98747253 304.21505737
v -33.23860168 -131.13958740 304.32315063
v -33.19905090 -131.26812744 304.45568848
v -33.15095901 -131.36701965 304.60510254
v -32.88744354 -130.67936707 303.91662598
v -32.87052536 -130.85757446 303.96295166
v -32.83750534 -131.02964783 304.04104614
v -32.78888702 -131.18511963 304.14916992
v -32.72701263 -131.31460571 304.28198242
v -32.65569305 -131.41157532 304.43136597
v -32.50913620 -130.69332886 303.70260620
v -32.48283005 -130.87577820 303.74676514
v -32.43618393 -131.05165100 303.82247925
v -32.37019348 -131.20954895 303.92800903
v -32.28826141 -131.33938599 304.05789185
v -32.19568253 -131.43431091 304.20373535
v -32.15779877 -130.69839478 303.45013428
v -31.83828545 -130.69926453 303.16339111
v -31.55036354 -130.69837952 302.84259033
v -31.29784966 -130.69334412 302.49157715
v -31.08512306 -130.67956543 302.11608887
v -30.70194626 -130.48896790 300.86853027
v -30.66668320 -130.33677673 300.43817139
v -30.67611885 -130.12504578 300.02447510
v -30.72357368 -129.84802246 299.63735962
v -30.79989433 -129.50357056 299.28659058
v -30.89192009 -129.10162354 298.98593140
v -30.98804283 -128.64564514 298.73693848
v -31.07547379 -128.15104675 298.54479980
v -31.14558601 -127.62195587 298.40737915
v -31.19025040 -127.07612610 298.32577515
v -31.23309135 -127.12243652 297.96447754
v -31.22809219 -127.09967041 298.15042114
v -31.17769051 -127.66805267 298.23773193
v -31.09861946 -128.21832275 298.38458252
v -31.00002861 -128.73191833 298.58950806
v -30.89148521 -129.20477295 298.85449219
v -30.78705406 -129.62130737 299.17364502
v -30.69926643 -129.97839355 299.54501343
v -30.64230919 -130.26625061 299.95358276
v -30.62580490 -130.48741150 300.38873291
v -30.65657234 -130.64793396 300.83953857
v -30.73639297 -130.75463867 301.28521729
v -31.13629150 -127.16049194 297.59912109
v -31.20225906 -127.14310455 297.77731323
v -31.14291573 -127.75331116 297.87783813
v -31.17765999 -127.71267700 298.05828857
v -31.04974747 -128.34312439 298.04629517
v -31.09070587 -128.28350830 298.21572876
v -30.93328857 -128.89257812 298.28030396
v -30.98221397 -128.81565857 298.43496704
v -30.80433464 -129.39758301 298.58126831
v -30.86250305 -129.30503845 298.71762085
v -30.67872810 -129.84201050 298.94180298
v -30.74667931 -129.73587036 299.05709839
v -30.57023811 -130.22323608 299.35900879
v -30.64799881 -130.10536194 299.45092773
v -30.49466705 -130.53143311 299.81564331
v -30.58153534 -130.40374756 299.88296509
v -30.46253395 -130.76976013 300.29959106
v -30.55735779 -130.63397217 300.34179688
v -30.48127747 -130.94487000 300.79858398
v -30.58253479 -130.80241394 300.81570435
v -30.55324936 -131.06376648 301.28942871
v -30.65899467 -130.91593933 301.28277588
v -30.67857742 -131.14027405 301.76678467
v -30.78668404 -130.98811340 301.73788452
v -30.85262108 -131.18544006 302.21505737
v -30.91953087 -127.18254089 297.30407715
v -31.03962517 -127.17375946 297.43911743
v -30.97644806 -127.81419373 297.55130005
v -31.07437134 -127.78768921 297.70593262
v -30.87679863 -128.43374634 297.73919678
v -30.97697639 -128.39396667 297.88482666
v -30.75131416 -129.01148987 297.99984741
v -30.85485458 -128.95881653 298.13299561
v -30.61083412 -129.54293823 298.33456421
v -30.71896744 -129.47799683 298.45169067
v -30.47171021 -130.01084900 298.73474121
v -30.58556175 -129.93490601 298.83282471
v -30.34817123 -130.41209412 299.19702148
v -30.46871758 -130.32682800 299.27322388
v -30.25710106 -130.73599243 299.70214844
v -30.38483620 -130.64363098 299.75457764
v -30.20999146 -130.98567200 300.23675537
v -30.34489822 -130.88856506 300.26412964
v -30.21539307 -131.16799927 300.78741455
v -30.35684586 -131.06846619 300.78906250
v -30.27716637 -131.29042053 301.32879639
v -30.42368889 -131.19047546 301.30508423
v -30.39661026 -131.36769104 301.85498047
v -30.54603577 -131.26882935 301.80661011
v -30.57045746 -131.41188049 302.34863281
v -30.71983337 -131.31492615 302.27713013
v -30.79677582 -131.43434143 302.80517578
v -30.94260216 -131.33941650 302.71255493
v -31.07565117 -131.44453430 303.22399902
v -30.85619354 -127.83209991 297.42028809
v -30.75595284 -128.46134949 297.61517334
v -30.62908173 -129.04911804 297.88592529
v -30.48608208 -129.59060669 298.23410034
v -30.34317207 -130.06774902 298.65090942
v -30.21461296 -130.47669983 299.13290405
v -30.11769676 -130.80599976 299.65994263
v -30.06447029 -131.05839539 300.21807861
v -30.06420326 -131.24072266 300.79321289
v -30.12169075 -131.36082458 301.35885620
v -30.23903275 -131.43414307 301.90884399
v -30.41378593 -131.47373962 302.42501831
v -30.64451408 -131.49194336 302.90234375
v -30.93181801 -131.49914551 303.33987427
v -31.27176285 -131.50064087 303.73025513
v -36.77101898 -129.58300781 304.51190186
v -36.67033386 -129.53550720 304.38717651
v -36.55293274 -129.47076416 304.27911377
v -36.42308807 -129.39054871 304.19384766
v -36.28647995 -129.29821777 304.13583374
v -37.11685944 -129.04400635 304.36968994
v -37.00284195 -129.00645447 304.24746704
v -36.86956024 -128.95390320 304.14395142
v -36.72211456 -128.88780212 304.06558228
v -37.38589859 -128.45851135 304.24349976
v -37.26185989 -128.43095398 304.12265015
v -37.11616898 -128.39123535 304.02249146
v -37.58013153 -127.83028412 304.14355469
v -37.44911957 -127.81240845 304.02331543
v -31.88768196 -131.35118103 303.78668213
v -31.98685837 -131.22126770 303.66336060
v -32.06731796 -131.06185913 303.56317139
v -32.12474060 -130.88359070 303.49154663
v -31.64304161 -131.22442627 303.35876465
v -31.43733978 -131.06184387 302.93307495
v -31.25369263 -130.87580872 302.51791382
v -36.76258850 -127.66646576 303.82211304
v -31.73486137 -131.06451416 303.26690674
v -31.80045509 -130.88540649 303.20126343
v -31.50895500 -130.88356018 302.87564087
v -30.95148468 -116.99664307 297.24600220
v -31.07199860 -116.99243164 297.38269043
v -31.16854477 -116.98595428 297.54495239
v -31.20182800 -116.32046509 297.49057007
v -31.26709557 -116.30341339 297.67309570
v -31.32452202 -115.63794708 297.58789062
v -31.35187912 -115.60718536 297.78161621
v -31.43329239 -114.94050598 297.66888428
v -31.41883659 -114.89448547 297.86160278
v -31.52390862 -114.22490692 297.72305298
v -31.46797562 -114.16410828 297.90060425
v -31.59658432 -113.49584198 297.73767090
v -31.23370552 -116.97738647 297.72583008
v -31.29566574 -116.28294373 297.86447144
v -31.34081268 -115.57302094 297.97256470
v -31.36862564 -114.84671021 298.03958130
v -31.26296806 -116.96714020 297.91574097
v -31.25573349 -116.95581818 298.10424805
v -31.21520233 -116.94409180 298.28167725
v -31.24446297 -116.23678589 298.23171997
v -31.29506493 -115.53759003 298.15051270
v -31.75752449 -112.84882355 297.55578613
v -31.99830055 -112.27481842 297.28054810
v -31.82781219 -112.93772125 297.38198853
v -31.65928841 -113.57031250 297.56137085
v -31.68373108 -113.64174652 297.36486816
v -31.54283714 -114.28335571 297.52832031
v -31.51984978 -114.33535767 297.32763672
v -31.40775681 -114.98174286 297.47201538
v -31.34256363 -115.01551056 297.28302002
v -31.25921440 -115.66340637 297.40264893
v -31.16078568 -115.68224335 297.23629761
v -31.10450172 -116.33324432 297.32681274
v -30.98278236 -116.34143066 297.18896484
v -32.06952667 -112.41320801 297.02233887
v -31.85876274 -113.02277374 297.18417358
v -31.66415596 -113.70479584 297.15982056
v -31.45508194 -114.37732697 297.13381958
v -31.24281502 -115.04000854 297.11297607
v -31.03731346 -115.69398499 297.09631348
v -32.05644989 -112.52518463 296.74270630
v -31.84358788 -113.09711456 296.97457886
v -31.60039330 -113.75477600 296.96023560
v -31.35395241 -114.40690613 296.95895386
v -31.11714172 -115.05463409 296.96994019
v -31.78170395 -113.15480804 296.76834106
v -31.67924309 -113.19230652 296.58016968
v -31.36782074 -113.80612946 296.62686157
v -31.22581100 -114.42345428 296.81182861
v -31.49822235 -113.78876495 296.77932739
v -31.28698921 -116.26027679 298.05398560
v -32.32260513 -111.93840027 296.49359131
v -32.33616257 -111.80755615 296.77557373
v -32.26515198 -111.65190125 297.02389526
v -32.56752396 -111.07189941 296.72207642
v -32.63105392 -111.24143982 296.48315430
v -32.89077759 -110.53110504 296.39935303
v -0.78229558 -110.11923981 339.95559692
v -0.16073143 -109.09642029 340.52297974
v 0.46187675 -108.25050354 341.15072632
v -0.10543016 -109.23847961 340.66540527
v 0.40547943 -108.54509735 341.18780518
v -0.08697129 -109.37433624 340.83599854
v 0.31182298 -108.82522583 341.24389648
v 0.18000476 -109.08698273 341.31155396
v -0.11099313 -109.49286652 341.02499390
v 0.01168595 -109.32525635 341.38116455
v -0.17728563 -109.58448792 341.21878052
v -0.19008702 -109.53881836 341.44216919
v -0.27948669 -109.64349365 341.40310669
v -0.41917083 -109.72815704 341.48452759
v -0.98209584 -110.57875824 340.79421997
v -0.82203507 -110.48918915 340.50964355
v -0.75278914 -110.32992554 340.21899414
v -1.16528773 -110.52612305 339.51882935
v -1.10370731 -110.66007996 339.66888428
v -1.07994294 -110.78807831 339.84738159
v -1.10027373 -110.89943695 340.04367065
v -1.40144718 -111.40734100 339.74795532
v -1.46384168 -111.48642731 339.95263672
v -1.74213970 -112.01940155 339.68237305
v -1.84373069 -112.06431580 339.87652588
v -1.97704828 -112.56424713 339.38378906
v -2.13438201 -112.62525940 339.68637085
v -1.97478998 -112.08160400 340.04321289
v -1.69575560 -111.55596924 340.30960083
v -1.39624023 -111.06172180 340.59603882
v -1.26719046 -111.03920746 340.43142700
v -1.16483200 -110.98493958 340.24331665
v -1.68169606 -111.94715118 339.47302246
v -1.92544246 -112.45021820 339.06072998
v -1.66880441 -111.85219574 339.26440430
v -1.70263708 -111.74260712 339.07235718
v -1.41392303 -111.18471527 339.35989380
v -1.48144257 -111.05993652 339.20294189
v -1.98575890 -112.29685974 338.75598145
v -1.77576220 -111.62780762 338.90887451
v -1.38496995 -111.30387878 339.54534912
v -1.56574190 -111.53610229 340.14385986
v -2.24247742 -112.84882355 338.44421387
v -2.17219114 -112.93772125 338.61798096
v -2.14123845 -113.02276611 338.81579590
v -2.15640879 -113.09710693 339.02539062
v -2.33584070 -113.70478821 338.84014893
v -2.39960027 -113.75477600 339.03976440
v -2.54491162 -114.37731934 338.86614990
v -2.64604044 -114.40690613 339.04101562
v -2.75717807 -115.04000854 338.88702393
v -2.88285446 -115.05463409 339.03005981
v -2.96268320 -115.69398499 338.90368652
v -2.21828794 -113.15480042 339.23165894
v -2.50177073 -113.78876495 339.22064209
v -2.77418590 -114.42345428 339.18817139
v -2.32074952 -113.19230652 339.41983032
v -2.63217568 -113.80612946 339.37310791
v -2.45271945 -113.20912933 339.57901001
v -3.01721382 -116.34143066 338.81103516
v -3.04851079 -116.99664307 338.75399780
v -2.93095279 -117.65944672 338.58770752
v -2.77713919 -117.65944672 338.25604248
v -2.83144784 -116.98595428 338.45504761
v -2.92799520 -116.99243164 338.61727905
v -2.89549279 -116.33324432 338.67315674
v -2.83920717 -115.68224335 338.76370239
v -2.75281239 -117.65944672 337.89126587
v -2.73703170 -116.96714020 338.08422852
v -2.76629376 -116.97738647 338.27416992
v -2.73290300 -116.30341339 338.32690430
v -2.79816437 -116.32046509 338.50939941
v -2.67547584 -115.63794708 338.41210938
v -2.74077868 -115.66340637 338.59732056
v -2.59224129 -114.98174286 338.52795410
v -2.65742826 -115.01551056 338.71694946
v -2.48014665 -114.33535767 338.67233276
v -2.78479934 -116.94409180 337.71832275
v -2.74426770 -116.95581818 337.89575195
v -2.71301270 -116.26027679 337.94601440
v -2.70433259 -116.28294373 338.13549805
v -2.65918946 -115.57301331 338.02743530
v -2.64812064 -115.60718536 338.21835327
v -2.58116531 -114.89447784 338.13836670
v -2.56670713 -114.94050598 338.33108521
v -2.47609305 -114.22489929 338.27694702
v -2.45716310 -114.28334808 338.47164917
v -2.34071493 -113.57030487 338.43859863
v -2.31626844 -113.64174652 338.63513184
v -2.75553846 -116.23678589 337.76828003
v -2.70493579 -115.53759003 337.84948730
v -2.63137603 -114.84671021 337.96041870
v -2.53202558 -114.16410828 338.09939575
v -2.40341854 -113.49583435 338.26229858
v -2.75281239 -122.08837891 337.89126587
v -2.77713919 -122.08837891 338.25604248
v -2.93095279 -122.08837891 338.58770752
v -2.93095279 -126.51731110 338.58770752
v -2.77713919 -126.51731110 338.25604248
v -2.75281239 -126.51731110 337.89126587
v -3.08047938 -127.18254089 338.69592285
v -3.14381599 -127.83209991 338.57971191
v -3.24405694 -128.46134949 338.38482666
v -3.37092781 -129.04911804 338.11407471
v -3.51392841 -129.59062195 337.76589966
v -3.65683794 -130.06774902 337.34909058
v -3.78539896 -130.47669983 336.86709595
v -3.88231444 -130.80599976 336.34005737
v -3.93554187 -131.05839539 335.78192139
v -3.93580890 -131.24072266 335.20675659
v -3.87832117 -131.36082458 334.64114380
v -3.76097918 -131.43415833 334.09115601
v -3.58622575 -131.47373962 333.57495117
v -3.35549784 -131.49195862 333.09762573
v -3.06819320 -131.49916077 332.66009521
v -2.72824764 -131.50064087 332.26971436
v -2.33945370 -131.49917603 331.93118286
v -1.90145731 -131.49192810 331.64398193
v -1.42051709 -131.47348022 331.41192627
v -1.80433369 -131.43431091 331.79623413
v -1.34431911 -131.41159058 331.56860352
v -1.71176088 -131.33941650 331.94207764
v -1.27300513 -131.31463623 331.71798706
v -1.62980688 -131.20954895 332.07196045
v -1.21111119 -131.18511963 331.85083008
v -1.56382895 -131.05169678 332.17749023
v -1.16250455 -131.02969360 331.95892334
v -1.51717734 -130.87580872 332.25320435
v -1.12947726 -130.85760498 332.03701782
v -1.49086356 -130.69334412 332.29739380
v -1.11255896 -130.67938232 332.08337402
v -0.71161586 -130.64762878 331.91116333
v -0.29085913 -130.58740234 331.78253174
v 0.13780683 -130.48715210 331.70108032
v 0.56827575 -130.33403015 331.66650391
v 0.98199129 -130.12112427 331.67660522
v 1.37135983 -129.84068298 331.72506714
v 1.71803033 -129.49829102 331.80111694
v 2.01772738 -129.09523010 331.89324951
v 2.26505256 -128.64134216 331.98889160
v 2.41263223 -128.72746277 332.00097656
v 2.61626720 -128.21585083 332.09902954
v 2.78517818 -128.28094482 332.09115601
v 2.94211364 -127.71103668 332.17785645
v 3.12254167 -127.75160217 332.14312744
v 3.22276831 -127.14222717 332.20230103
v 3.40102363 -127.15959167 332.13632202
v 3.25606036 -126.51731110 332.22286987
v 3.58771896 -126.51731110 332.06903076
v 3.56101704 -127.17283630 332.03967285
v 3.69604921 -127.18161011 331.91958618
v 3.44914079 -127.81240845 331.97665405
v 3.58014226 -127.83028412 331.85641479
v 3.26188016 -128.43095398 331.87731934
v 3.38590670 -128.45851135 331.75646973
v 3.00286007 -129.00646973 331.75250244
v 3.11686707 -129.04400635 331.63031006
v 2.67035031 -129.53552246 331.61279297
v 2.77102637 -129.58302307 331.48809814
v 2.27138042 -130.00468445 331.47357178
v 2.35546398 -130.06146240 331.34512329
v 1.81443751 -130.40353394 331.35073853
v 1.87905002 -130.46797180 331.21731567
v 1.30626261 -130.73139954 331.25820923
v 1.34881091 -130.80133057 331.11892700
v 0.77155334 -130.98240662 331.21029663
v 0.79058164 -131.05509949 331.06488037
v 0.22064485 -131.16580200 331.21487427
v 0.21520443 -131.23852539 331.06378174
v -0.32227582 -131.28924561 331.27603149
v -0.35204518 -131.35966492 331.12060547
v -0.84905088 -131.36703491 331.39486694
v -0.90264368 -131.43351746 331.23733521
v 3.03564763 -127.12159729 332.23312378
v 2.89128065 -126.51731110 332.24719238
v 2.84968734 -127.09886169 332.22814941
v 2.67431474 -127.07534790 332.19030762
v 2.59294271 -127.62043762 332.14575195
v 2.45597672 -128.14866638 332.07583618
v 2.76261854 -127.66647339 332.17788696
v -1.84220266 -130.69841003 332.54986572
v -1.87526679 -130.88362122 332.50842285
v -1.93269777 -131.06190491 332.43679810
v -2.01314187 -131.22126770 332.33663940
v -2.11234331 -131.35119629 332.21328735
v -2.22360706 -131.44456482 332.07504272
v -2.16171646 -130.69929504 332.83657837
v -2.19955325 -130.88543701 332.79873657
v -2.26515794 -131.06455994 332.73309326
v -2.35695839 -131.22442627 332.64123535
v -2.47003341 -131.35435486 332.52807617
v -2.59666204 -131.44712830 332.40136719
v -2.44963837 -130.69841003 333.15740967
v -2.49105382 -130.88360596 333.12435913
v -2.56268072 -131.06188965 333.06692505
v -2.66281319 -131.22123718 332.98645020
v -2.78614998 -131.35118103 332.88723755
v -2.92437077 -131.44454956 332.77597046
v -2.70215416 -130.69335938 333.50842285
v -2.74631810 -130.87583923 333.48208618
v -2.82203841 -131.05172729 333.43539429
v -2.92754054 -131.20959473 333.36938477
v -3.05743194 -131.33944702 333.28741455
v -3.20324779 -131.43434143 333.19479370
v -2.91488051 -130.67958069 333.88391113
v -3.08708906 -130.64813232 334.28359985
v -3.21618223 -130.58834839 334.70394897
v -3.29805613 -130.48898315 335.13146973
v -3.33331966 -130.33679199 335.56182861
v -3.32388377 -130.12506104 335.97552490
v -3.27642655 -129.84803772 336.36264038
v -3.20010471 -129.50358582 336.71340942
v -3.10807776 -129.10163879 337.01406860
v -3.01195526 -128.64566040 337.26306152
v -2.92452288 -128.15106201 337.45520020
v -2.85440874 -127.62196350 337.59262085
v -2.80974436 -127.07612610 337.67422485
v -2.77190447 -127.09967804 337.84960938
v -2.82230735 -127.66806793 337.76229858
v -2.82234359 -127.71268463 337.94174194
v -2.90929961 -128.28352356 337.78430176
v -2.95025277 -128.34312439 337.95370483
v -3.06671119 -128.89257812 337.71969604
v -3.14516640 -128.95883179 337.86703491
v -3.28105545 -129.47801208 337.54830933
v -3.38918376 -129.54295349 337.66546631
v -3.52830839 -130.01086426 337.26525879
v -2.76691151 -127.12244415 338.03555298
v -2.79774070 -127.14310455 338.22265625
v -2.86372852 -127.16049957 338.40090942
v -2.92564845 -127.78769684 338.29409790
v -3.02356911 -127.81420135 338.44869995
v -3.12321854 -128.43374634 338.26083374
v -2.96039128 -127.17375946 338.56091309
v -3.42956662 -131.41189575 333.65133667
v -3.28020144 -131.31494141 333.72286987
v -3.14737988 -131.18544006 333.78494263
v -3.03930187 -131.02998352 333.83370972
v -2.96120262 -130.85784912 333.86688232
v -3.60341406 -131.36770630 334.14501953
v -3.45399761 -131.26885986 334.19338989
v -3.32142162 -131.14027405 334.23321533
v -3.21333838 -130.98815918 334.26211548
v -3.13463998 -130.82093811 334.27890015
v -3.72285819 -131.29043579 334.67120361
v -3.57634497 -131.19049072 334.69491577
v -3.44674969 -131.06376648 334.71057129
v -3.34102726 -130.91596985 334.71722412
v -3.26361847 -130.75466919 334.71478271
v -3.78462958 -131.16801453 335.21255493
v -3.64318633 -131.06848145 335.21093750
v -3.51872182 -130.94487000 335.20141602
v -3.41748714 -130.80244446 335.18429565
v -3.34343815 -130.64796448 335.16046143
v -3.79003191 -130.98568726 335.76324463
v -3.65513158 -130.88859558 335.73587036
v -3.53746653 -130.76976013 335.70037842
v -3.44266295 -130.63401794 335.65823364
v -3.37420487 -130.48742676 335.61126709
v -3.74291945 -130.73600769 336.29785156
v -3.61519313 -130.64364624 336.24545288
v -3.50533295 -130.53143311 336.18432617
v -3.41848302 -130.40379333 336.11703491
v -3.35769963 -130.26628113 336.04641724
v -3.65184832 -130.41209412 336.80297852
v -3.53130889 -130.32684326 336.72677612
v -3.42976189 -130.22323608 336.64099121
v -3.35201621 -130.10539246 336.54907227
v -3.30074072 -129.97842407 336.45498657
v -3.24870348 -129.01148987 338.00015259
v 3.29449487 -127.78594208 332.07458496
v 3.11620545 -128.39125061 331.97747803
v 2.95464826 -128.34045410 332.05023193
v 2.86959386 -128.95391846 331.85601807
v 2.72211337 -128.88780212 331.93441772
v 2.56734204 -128.81103516 331.98324585
v 2.55296206 -129.47077942 331.72085571
v 2.42308760 -129.39054871 331.80612183
v 2.28651237 -129.29824829 331.86416626
v 2.14939356 -129.19819641 331.89300537
v 2.17300773 -129.92890930 331.58734131
v 2.06370640 -129.83615112 331.68041992
v 1.94812310 -129.73022461 331.74822998
v 1.83124864 -129.61582947 331.78845215
v 1.73769903 -130.31846619 331.47109985
v 1.65132070 -130.21508789 331.57244873
v 1.55885565 -130.09750366 331.64999390
v 1.46421123 -129.97079468 331.70101929
v 1.25344253 -130.63914490 331.38583374
v 1.19193530 -130.52703857 331.49554443
v 1.12423062 -130.39953613 331.58227539
v 1.05322349 -130.26217651 331.64291382
v 0.74378431 -130.88537598 331.34509277
v 0.70790941 -130.76661682 331.46264648
v 0.66535640 -130.63098145 331.55734253
v 0.61805779 -130.48454285 331.62570190
v 0.21863258 -131.06629944 331.35623169
v 0.20873643 -130.94273376 331.48062134
v 0.19124360 -130.80039978 331.58175659
v 0.16710413 -130.64602661 331.65576172
v -0.29888457 -131.18930054 331.42251587
v -0.28351599 -131.06259155 331.55206299
v -0.27714065 -130.91485596 331.65771484
v -0.27984017 -130.75364685 331.73510742
v -0.80095947 -131.26815796 331.54428101
v -0.76139915 -131.13958740 331.67681885
v -0.73274350 -130.98751831 331.78491211
v -0.71617174 -130.82035828 331.86358643
v -3.41446400 -129.93493652 337.16717529
v -3.19566464 -129.39758301 337.41870117
v -3.01779389 -128.81567383 337.56506348
v -2.90137935 -128.21833801 337.61544800
v -3.32127190 -129.84201050 337.05819702
v -3.25333405 -129.73590088 336.94293213
v -3.21295047 -129.62132263 336.82635498
v -3.02304387 -128.39398193 338.11520386
v -2.85708356 -127.75331116 338.12216187
v -3.13750744 -129.30506897 337.28240967
v -2.99997211 -128.73193359 337.41052246
v -3.10851765 -129.20480347 337.14550781
v 2.89128065 -122.08837891 332.24719238
v 3.25606036 -122.08837891 332.22286987
v 3.58771896 -122.08837891 332.06903076
v 3.58771896 -117.65944672 332.06903076
v 3.25606036 -117.65944672 332.22286987
v 2.89128065 -117.65944672 332.24719238
v 2.71823430 -116.94322205 332.21554565
v 2.89560199 -116.95491791 332.25604248
v 3.08406067 -116.96622467 332.26327515
v 3.13547277 -116.27856445 332.29650879
v 3.32685328 -116.29907990 332.26794434
v 3.41354680 -115.62728882 332.32598877
v 3.59883285 -115.65288544 332.26071167
v 3.72017527 -115.00020599 332.34487915
v 3.89033413 -115.02483368 332.24511719
v 4.04417610 -114.39488220 332.35632324
v 4.19140816 -114.41146088 332.22814941
v 4.37483692 -113.80082703 332.36923218
v 4.57946634 -113.20789337 332.54769897
v 3.27397776 -116.97647095 332.23400879
v 3.50938296 -116.31620026 332.20272827
v 3.76528668 -115.67184448 332.16229248
v 4.03346586 -115.03951263 332.11938477
v 3.45484543 -116.98506165 332.16888428
v 3.61713338 -116.99156952 332.07238770
v 3.75389075 -116.99583435 331.95190430
v 3.81121135 -116.33734894 331.98385620
v 3.90536451 -115.68366241 332.03881836
v 4.68637562 -112.62525940 332.86560059
v 4.42026091 -113.19107056 332.67965698
v 4.22231102 -113.78345490 332.49963379
v 4.04135227 -113.74942780 332.60183716
v 3.86920094 -114.36519623 332.45748901
v 3.67529321 -114.32307434 332.52224731
v 3.53107476 -114.96623993 332.41006470
v 3.33412313 -114.92475128 332.43554688
v 3.21978235 -115.59636688 332.35330200
v 3.02886295 -115.56203461 332.34219360
v 2.94605494 -116.25587463 332.28784180
v 2.76844525 -116.23239136 332.24536133
v 4.38379145 -112.56424713 333.02294922
v 4.23206568 -113.15356445 332.78213501
v 3.84170651 -113.69937134 332.66555786
v 3.47450638 -114.27085876 332.54516602
v 3.14135146 -114.87844086 332.42098999
v 2.85097718 -115.52644348 332.29641724
v 4.02580357 -113.09584808 332.84399414
v 4.06073093 -112.45021820 333.07455444
v 3.81617928 -113.02148438 332.85916138
v 3.61838007 -112.93640900 332.82818604
v 3.44009519 -113.56468201 332.66061401
v 3.26382041 -113.49008942 332.59783936
v 3.10222983 -114.15113068 332.47009277
v 3.75597215 -112.29685974 333.01425171
v 3.44461608 -112.84748077 332.75787354
v 2.96339893 -114.83036041 332.37066650
v 3.27976489 -114.21217346 332.52612305
v 3.63662601 -113.63623047 332.68508911
v 3.67322564 -116.32907104 332.10546875
v 3.90551281 -111.63475800 333.22088623
v 4.06908989 -111.74943542 333.29406738
v 4.26120043 -111.85890198 333.32794189
v 4.46988106 -111.95375824 333.31509399
v 4.74111748 -111.41993713 333.59155273
v 4.94589424 -111.49885559 333.52923584
v 5.23967218 -110.99084473 333.83142090
v 5.42781210 -111.04505920 333.72906494
v 5.50963593 -110.48918915 334.17794800
v 5.79421759 -110.57875824 334.01791382
v 5.59244204 -111.06754303 333.60000610
v 5.30297947 -111.56822205 333.29730225
v 5.04016447 -112.08804321 333.02203369
v 4.87346792 -112.07077789 333.15307617
v 4.67928886 -112.02592468 333.25466919
v 5.03995180 -110.90541840 333.89593506
v 5.21899605 -110.32992554 334.24719238
v 4.84358740 -110.79415131 333.91622925
v 4.66501951 -110.66625214 333.89239502
v 4.35274267 -111.19772339 333.57888794
v 4.19560862 -111.07318115 333.51123047
v 4.95561409 -110.11923981 334.21771240
v 4.51485586 -110.53240967 333.83074951
v 4.53834677 -111.31666565 333.60794067
v 5.13721561 -111.54841614 333.42733765
v 6.48452282 -109.72815704 334.58081055
v 6.40311098 -109.64349365 334.72052002
v 6.21878672 -109.58448792 334.82272339
v 6.02499104 -109.49286652 334.88900757
v 6.38115692 -109.32525635 335.01168823
v 6.31154823 -109.08698273 335.17999268
v 6.44217968 -109.53881836 334.80990601
v 6.24391413 -108.82522583 335.31182861
v 5.83600140 -109.37433624 334.91302490
v 5.66539574 -109.23847961 334.89456177
v 5.52298689 -109.09642029 334.83926392
v 6.15071774 -108.25050354 335.46188354
v 6.18780470 -108.54509735 335.40548706
v -34.17185593 -96.81731415 294.68466187
v -33.76220703 -96.81731415 294.54669189
v -40.45328903 -103.35703278 301.23779297
v -40.45328903 -96.81731415 301.23779297
v -40.31533813 -103.35703278 300.82815552
v -40.31533813 -96.81731415 300.82815552
v -33.76220703 -103.35703278 341.45327759
v -33.76220703 -96.81731415 341.45327759
v -34.17185593 -103.35703278 341.31533813
v -34.17185593 -96.81731415 341.31533813
v -40.31533813 -103.35703278 335.17184448
v -40.45328903 -103.35703278 334.76220703
v -40.45328903 -96.81731415 334.76220703
v -40.31533813 -96.81731415 335.17184448
v 6.45328903 -103.35703278 334.76220703
v 6.45328903 -96.81731415 334.76220703
v 6.31533861 -103.35703278 335.17184448
v 6.31533861 -96.81731415 335.17184448
v 0.17185469 -103.35703278 341.31533813
v -0.23779485 -103.35703278 341.45327759
v -0.23779485 -96.81731415 341.45327759
v 0.17185469 -96.81731415 341.31533813
v -17.05764389 -113.79389191 294.08438110
v -17.00285530 -114.64305878 293.62377930
v -17.01497269 -115.15838623 293.77590942
v -17.05764389 -115.65472412 294.03750610
v -17.02538872 -115.61258698 293.84381104
v -17.03075981 -116.00713348 293.85751343
v -17.03719902 -116.68570709 293.84362793
v -17.05764389 -117.50918579 293.86734009
v -17.22836113 -115.68865967 294.59924316
v -17.22836113 -117.57973480 294.42568970
v -17.50559044 -115.72006226 295.11697388
v -17.50559044 -117.64482117 294.94024658
v -17.87867928 -115.74776459 295.57073975
v -17.87867928 -117.70195770 295.39126587
v -18.33329010 -115.77074432 295.94311523
v -18.33329010 -117.74897766 295.76138306
v -18.85194969 -115.78813934 296.21978760
v -18.85194969 -117.78408051 296.03637695
v -19.41472816 -115.79931641 296.39013672
v -19.41472816 -117.80593872 296.20568848
v -19.34856224 -119.79335022 295.87518311
v -18.72821045 -119.75323486 295.66769409
v -18.16855240 -119.68850708 295.33288574
v -17.69629478 -119.60224915 294.88674927
v -17.33397293 -119.49858856 294.35058594
v -17.09887886 -119.38246918 293.74996948
v -17.06575012 -118.31570435 293.79421997
v -17.04648399 -117.36415100 293.82580566
v -19.41472816 -113.78502655 296.44146729
v -18.85194969 -113.78469086 296.27075195
v -18.33329010 -113.78519440 295.99349976
v -17.87867928 -113.78648376 295.62042236
v -17.50559044 -113.78844452 295.16580200
v -17.22836113 -113.79096222 294.64715576
v -19.41472816 -111.77164459 296.35940552
v -18.85194969 -111.78205872 296.18899536
v -18.33329010 -111.80036926 295.91235352
v -17.87867928 -111.82581329 295.54013062
v -17.50559044 -111.85735321 295.08660889
v -17.22836113 -111.89369965 294.56921387
v -17.05764389 -111.93339539 294.00784302
v -17.05764389 -110.07955170 293.80783081
v -17.01653099 -109.59200287 293.46020508
v -17.05262184 -109.10261536 293.62567139
v -17.22836113 -110.00064850 294.36505127
v -17.09062195 -108.61415100 293.70993042
v -17.22836113 -108.12938690 294.03646851
v -17.12344742 -108.07679749 293.72238159
v -17.27429390 -105.95246124 293.59899902
v -17.50559044 -108.02278900 294.54403687
v -17.50559044 -106.14401245 294.08395386
v -17.87867928 -107.92935181 294.98895264
v -17.87867928 -106.02129364 294.52166748
v -18.33329010 -107.85267639 295.35406494
v -18.33329010 -105.92058563 294.88092041
v -18.85194969 -107.79570007 295.62539673
v -18.85194969 -105.84574890 295.14785767
v -19.41472816 -107.76061249 295.79244995
v -19.41472816 -105.79965973 295.31222534
v -19.41472816 -109.74907684 296.14166260
v -18.85194969 -109.77301025 295.97262573
v -18.33329010 -109.81188202 295.69812012
v -17.87867928 -109.86418915 295.32873535
v -17.50559044 -109.92793274 294.87860107
v -19.41472816 -103.87486267 294.70309448
v -19.41472816 -101.99465942 293.96771240
v -19.24513054 -100.30603790 293.13616943
v -19.03778839 -100.47647095 293.15237427
v -18.85194969 -102.06208038 293.81088257
v -18.85194969 -103.93173981 294.54211426
v -18.68671799 -100.88103485 293.19039917
v -18.61081696 -100.99029541 293.20056152
v -18.33329010 -102.17156982 293.55618286
v -18.26551056 -101.61150360 293.25738525
v -18.17564201 -101.81243134 293.27539062
v -17.82529449 -102.81565094 293.36248779
v -18.33329010 -104.02410126 294.28073120
v -17.87867928 -104.14839935 293.92895508
v -17.57810974 -103.84651184 293.44659424
v -17.50559044 -104.29986572 293.50033569
v -17.40965652 -104.83190918 293.52133179
v -17.28729820 -105.82521820 293.59060669
v -19.46759415 -120.96487427 295.65081787
v -18.93292809 -120.92230988 295.50991821
v -18.41661644 -120.85565186 295.26492310
v -17.95012283 -120.76665497 294.92102051
v -17.56160355 -120.65979004 294.49505615
v -17.27053070 -120.54150391 294.01303101
v -17.12035561 -121.48942566 293.46560669
v -17.09408569 -122.27722931 293.29757690
v -17.15459442 -122.54908752 293.41635132
v -17.04428864 -123.72699738 293.09130859
v -17.18350601 -123.59005737 293.35684204
v -17.19124031 -123.93172455 293.33462524
v -17.42943001 -123.75012970 293.69284058
v -17.43980408 -124.09498596 293.64694214
v -17.73457718 -123.90663910 293.99423218
v -17.74220657 -124.25486755 293.92474365
v -18.09120560 -124.05381012 294.24835205
v -18.09107780 -124.40586853 294.15707397
v -18.48754501 -124.18623352 294.44531250
v -18.47564507 -124.54285431 294.33547974
v -18.90905380 -124.29954529 294.57922363
v -18.88281059 -124.66159821 294.45501709
v -19.34013176 -124.39086151 294.64877319
v -19.29860306 -124.75919342 294.51477051
v -19.19006538 -125.48261261 294.23590088
v -18.94667625 -126.52513885 293.79632568
v -18.83733559 -126.86006165 293.64532471
v -18.56281281 -127.49929810 293.34365845
v -18.31562996 -127.35007477 293.37167358
v -17.90925026 -127.58643341 293.20578003
v -17.71067619 -127.41162109 293.20684814
v -18.07076454 -127.18942261 293.37374878
v -17.83180809 -127.01943207 293.34924316
v -18.24151993 -126.57288361 293.62176514
v -17.95472145 -126.41043091 293.55889893
v -18.30547142 -126.24963379 293.74584961
v -17.99826622 -126.09117889 293.66345215
v -18.43239594 -125.24259949 294.10675049
v -18.07469177 -125.09673309 293.96627808
v -17.01529121 -124.44972229 293.02499390
v -17.20260239 -124.60321045 293.28692627
v -17.45218658 -124.77233887 293.54946899
v -17.74503326 -124.93846130 293.77856445
v -17.20570946 -125.57188416 293.20779419
v -17.20177650 -125.88333893 293.17956543
v -17.18381119 -126.47808838 293.12182617
v -17.16123772 -126.86142731 293.08172607
v -17.38531685 -126.66113281 293.22201538
v -17.33459091 -127.04696655 293.14422607
v -17.60225105 -126.84246826 293.29837036
v -17.51839066 -127.23108673 293.18621826
v -19.42422676 -123.26766968 295.02508545
v -19.46142197 -122.12282562 295.36013794
v -18.95540619 -122.06588745 295.23947144
v -18.46486092 -121.98436737 295.02743530
v -18.01587868 -121.88053131 294.72781372
v -17.63211250 -121.75905609 294.35351562
v -17.33081055 -121.62633514 293.92474365
v -18.95240784 -123.19438171 294.92825317
v -18.49307823 -123.09722900 294.75341797
v -18.06696510 -122.97888184 294.50308228
v -17.69312096 -122.84395599 294.18640137
v -17.38619614 -122.69850922 293.81811523
v -18.80782318 -125.37217712 294.19674683
v -18.62389565 -126.39514923 293.79006958
v -18.53761482 -126.72357178 293.65045166
v -17.70886421 -125.92297363 293.54418945
v -17.44310760 -125.74861908 293.39089966
v -17.68269157 -126.23915863 293.46264648
v -17.43035126 -126.06233215 293.33514404
v -16.93815994 -124.04206085 293.03073120
v -16.74404716 -122.94367218 293.03619385
v -16.56864929 -121.41855621 293.04318237
v -16.51042938 -120.65033722 293.04632568
v -16.41219139 -118.33696747 293.05416870
v -16.39640999 -117.56327820 293.05615234
v -16.39042282 -116.01371765 293.06301880
v -16.70636940 -117.55609894 293.23196411
v -16.69577980 -116.01058197 293.24420166
v -16.91858864 -116.00829315 293.52062988
v -16.93499756 -117.55078888 293.50537109
v -16.94598007 -118.31960297 293.48764038
v -17.02051353 -120.61048126 293.41708374
v -17.06675911 -121.36810303 293.38858032
v -16.84445953 -121.39064026 293.17687988
v -16.99706650 -122.90195465 293.14773560
v -16.79543114 -120.62806702 293.19024658
v -16.71750450 -118.32703400 293.22354126
v -16.20211983 -115.71920013 292.99215698
v -16.28852654 -115.71424866 293.01043701
v -16.37470627 -115.70810699 293.03683472
v -16.36816406 -115.40953064 292.97128296
v -16.45460510 -115.39616394 293.00579834
v -16.45402908 -115.35482025 292.99325562
v -16.53798676 -115.33805847 293.03604126
v -16.53855133 -115.06843567 292.93389893
v -16.69569206 -115.01171112 293.04257202
v -16.58778572 -114.80390930 292.82427979
v -16.80901718 -114.68138885 293.00851440
v -16.82540512 -114.94305420 293.17745972
v -16.92098236 -114.86679840 293.32992554
v -16.82182312 -115.24893951 293.28054810
v -16.91947937 -115.19561005 293.43444824
v -16.82172203 -115.29682159 293.29315186
v -16.91963196 -115.24694824 293.44711304
v -16.82261467 -115.64899445 293.35833740
v -16.92189598 -115.62370300 293.51220703
v -16.98900032 -115.59783173 293.67572021
v -16.54175949 -115.69231415 293.11434937
v -16.45951462 -115.70077515 293.07150269
v -16.69388580 -115.67229462 293.22317505
v -16.69250870 -115.34218597 293.15762329
v -16.53831100 -115.38037872 293.04861450
v -16.69253540 -115.29737091 293.14505005
v -16.98359489 -115.19550323 293.61010742
v -16.97997093 -114.78777313 293.49014282
v -16.98288345 -115.14055634 293.59722900
v -16.95105743 -114.52700043 293.24060059
v -16.45271301 -115.09133911 292.89123535
v -16.30901718 -114.88257599 292.70602417
v -16.36387253 -115.11029816 292.85687256
v -16.27343559 -115.12524414 292.83093262
v -16.27910614 -115.38047028 292.93264771
v -16.19066811 -115.38929749 292.91476440
v -16.19212151 -115.42884064 292.92718506
v -16.18275070 -115.13622284 292.81320190
v -16.28026009 -115.42042542 292.94512939
v -16.36730576 -115.36898041 292.95877075
v -15.50497055 -113.32633209 287.31542969
v -15.97552872 -113.32633209 287.51034546
v -16.37960434 -113.32633209 287.82040405
v -16.68966484 -113.32633209 288.22445679
v -16.88457680 -113.32633209 288.69503784
v -16.95105743 -113.32633209 289.19998169
v -16.74737549 -113.60509491 288.73178101
v -16.80901718 -113.60509491 289.19998169
v -16.53368187 -113.82633209 288.78903198
v -16.58778572 -113.82633209 289.19998169
v -16.26441383 -113.96836853 288.86120605
v -16.30901718 -113.96836853 289.19998169
v -16.13364220 -113.96836853 288.54550171
v -15.92561436 -113.96836853 288.27438354
v -15.65450859 -113.96836853 288.06634521
v -15.33879852 -113.96836853 287.93557739
v -15.41094875 -113.82633209 287.66632080
v -15.46820831 -113.60509491 287.45260620
v -15.79389286 -113.82633209 287.82492065
v -16.12273407 -113.82633209 288.07727051
v -16.37506294 -113.82633209 288.40609741
v -15.90450859 -113.60509491 287.63333130
v -16.27916908 -113.60509491 287.92083740
v -16.56665421 -113.60509491 288.29550171
v -16.30901718 -114.61930084 292.49789429
v -16.58778572 -114.52238464 292.60174561
v -16.80901718 -114.37143707 292.76348877
v -16.95105743 -114.18122864 292.96728516
v -16.95105743 -113.88471985 292.64117432
v -16.95105743 -113.64541626 292.27102661
v -16.95105743 -113.46974945 291.86676025
v -16.95105743 -113.36242676 291.43927002
v -16.95105743 -113.32633209 291.00000000
v -16.80901718 -113.60509491 291.00000000
v -16.80901718 -113.63745880 291.39376831
v -16.80901718 -113.73365784 291.77697754
v -16.80901718 -113.89112854 292.13934326
v -16.80901718 -114.10563660 292.47116089
v -16.58778572 -113.82633209 291.00000000
v -16.58778572 -113.85572052 291.35766602
v -16.58778572 -113.94309998 291.70571899
v -16.58778572 -114.08612823 292.03485107
v -16.58778572 -114.28096771 292.33621216
v -16.30901718 -113.96836853 291.00000000
v -16.30901718 -113.99585724 291.33447266
v -16.30901718 -114.07756805 291.65997314
v -16.30901718 -114.21132660 291.96777344
v -16.30901718 -114.39353180 292.24960327
v -15.33879852 -110.06625366 287.93557739
v -15.41094875 -110.20829773 287.66632080
v -15.46820831 -110.42952728 287.45260620
v -15.50497055 -110.70829773 287.31542969
v -15.97552872 -110.70829773 287.51034546
v -16.37960434 -110.70829773 287.82040405
v -16.68966484 -110.70829773 288.22445679
v -16.88457680 -110.70829773 288.69503784
v -16.95105743 -110.70829773 289.19998169
v -16.80901718 -110.42952728 289.19998169
v -16.74737549 -110.42952728 288.73178101
v -16.56665421 -110.42952728 288.29550171
v -16.27916908 -110.42952728 287.92083740
v -15.90450859 -110.42952728 287.63333130
v -16.58778572 -110.20829773 289.19998169
v -16.53368187 -110.20829773 288.78903198
v -16.37506294 -110.20829773 288.40609741
v -16.12273407 -110.20829773 288.07727051
v -15.79389286 -110.20829773 287.82492065
v -16.30901718 -110.06625366 289.19998169
v -16.26441383 -110.06625366 288.86120605
v -16.13364220 -110.06625366 288.54550171
v -15.92561436 -110.06625366 288.27438354
v -15.65450859 -110.06625366 288.06634521
v -16.30901718 -110.06625366 291.00000000
v -16.58778572 -110.20829773 291.00000000
v -16.80901718 -110.42952728 291.00000000
v -16.95105743 -110.70829773 291.00000000
v -16.30901718 -110.03816986 291.33810425
v -16.58778572 -110.17826080 291.36154175
v -16.80901718 -110.39646149 291.39804077
v -16.95105743 -110.67140198 291.44406128
v -16.95105743 -110.56174469 291.87594604
v -16.95105743 -110.38231659 292.28378296
v -16.95105743 -110.13804626 292.65646362
v -16.95105743 -109.83563232 292.98370361
v -16.80901718 -109.64726257 292.77819824
v -16.80901718 -109.91835022 292.48486328
v -16.80901718 -110.13732147 292.15081787
v -16.80901718 -110.29815674 291.78518677
v -16.58778572 -109.49777985 292.61511230
v -16.58778572 -109.74400330 292.34869385
v -16.58778572 -109.94288635 292.04525757
v -16.58778572 -110.08897400 291.71316528
v -16.30901718 -109.40180206 292.51040649
v -16.30901718 -109.63206482 292.26126099
v -16.30901718 -109.81805420 291.97750854
v -16.30901718 -109.95466614 291.66693115
v -16.19409943 -109.09128571 292.70538330
v -16.37178040 -109.12702179 292.74069214
v -16.54337502 -109.18117523 292.80639648
v -16.69845200 -109.25222015 292.90133667
v -16.56407928 -108.83503723 292.97149658
v -16.71350861 -108.88685608 293.06521606
v -16.59527969 -108.45305634 293.07644653
v -16.73961067 -108.48394012 293.16815186
v -16.76443863 -108.05452728 293.20074463
v -16.86522865 -108.51751709 293.28347778
v -16.98627090 -108.06829071 293.43231201
v -16.96699142 -108.55223846 293.41671753
v -17.04207420 -108.58654785 293.56106567
v -16.94101143 -109.00943756 293.32028198
v -17.01054001 -109.07378387 293.46737671
v -16.92457962 -109.42918396 293.15774536
v -16.98659515 -109.52446747 293.30325317
v -16.82767296 -109.33657074 293.02087402
v -16.84107399 -108.94602203 293.18362427
v -16.48080635 -108.03693390 293.05151367
v -16.43904877 -108.42617035 293.01184082
v -16.40071869 -108.79295349 292.90652466
v -16.23217201 -108.76190948 292.87127686
v -16.27835274 -108.40417480 292.97537231
v -16.51808929 -107.26820374 293.04586792
v -16.80179024 -107.29126740 293.18829346
v -17.02653313 -107.30955505 293.41293335
v -17.13919067 -105.80530548 293.35351562
v -17.27388382 -104.69050598 293.30435181
v -17.36296082 -104.14048004 293.27877808
v -17.46941757 -103.59794617 293.25277710
v -17.16132736 -104.09442139 293.12597656
v -17.27564812 -103.54526520 293.11404419
v -16.92838097 -104.04124451 293.03097534
v -17.05521965 -103.48532867 293.02807617
v -17.15225029 -103.11926270 293.02615356
v -17.38226128 -102.40023804 293.02224731
v -17.59255028 -101.87460327 293.01934814
v -17.84351921 -101.36480713 293.01647949
v -17.99704361 -101.45455933 293.06655884
v -18.27029037 -100.98370361 293.05554199
v -18.39379501 -101.07550049 293.12411499
v -18.69653320 -100.65588379 293.10180664
v -17.55123901 -103.24126434 293.23529053
v -17.36357689 -103.18388367 293.10604858
v -17.92536354 -102.03192902 293.17416382
v -17.74620438 -102.54199982 293.20025635
v -18.13999939 -101.53813171 293.14846802
v -17.76601410 -101.95660400 293.07818604
v -16.82155037 -104.60374451 293.03381348
v -16.65811157 -105.74063873 293.03927612
v -16.92165184 -105.77606201 293.16055298
v -17.06577873 -104.65055847 293.13778687
v -17.57323647 -102.47463226 293.09005737
v 0.11880618 -131.37547302 289.82421875
v -0.03711608 -131.38919067 290.78286743
v 0.02874815 -131.38442993 290.46551514
v -0.16088714 -131.39672852 291.25497437
v -0.11635375 -131.39416504 291.09808350
v -0.42999467 -131.41027832 292.02871704
v -0.31365877 -131.40473938 291.72244263
v -0.25960699 -131.40202332 291.56723022
v -0.83949959 -131.42770386 292.91598511
v -0.55675954 -131.41596985 292.32952881
v -1.15811825 -131.43983459 293.48413086
v -1.50927854 -131.45220947 294.03604126
v -1.88983607 -131.46458435 294.57363892
v -2.71706986 -131.48768616 295.60253906
v -2.29423428 -131.47654724 295.09585571
v -3.60565782 -131.50587463 296.58096313
v -3.15527749 -131.49760437 296.09674072
v -4.94136953 -131.51728821 297.94134521
v -4.88269806 -131.51722717 297.88265991
v -4.76539707 -131.51698303 297.76525879
v -4.53113413 -131.51599121 297.53018188
v -4.06531191 -131.51211548 297.05795288
v -0.20864911 -131.39935303 291.41134644
v 8.38312912 -96.67320251 305.31887817
v 8.52657032 -96.68254089 304.87207031
v 8.68700027 -96.69818115 304.42874146
v 8.77364922 -96.70891571 304.20843506
v 8.86426640 -96.72188568 303.98986816
v 8.95861435 -96.73729706 303.77355957
v 9.05664825 -96.75537872 303.55953979
v 9.26359081 -96.80062103 303.13839722
v 9.48473263 -96.85982513 302.72656250
v 9.71971798 -96.93550873 302.32424927
v 10.22966003 -97.14843750 301.54916382
v 10.16310692 -97.11663818 301.64379883
v 10.09732342 -97.08643341 301.73910522
v 9.96817112 -97.03058624 301.93167114
v 10.77542686 -97.46042633 300.83340454
v 10.50006485 -97.29111481 301.18185425
v 10.36413288 -97.21662903 301.36315918
v 11.33325958 -97.89209747 300.19430542
v 11.05386734 -97.65951538 300.50408936
v 11.92433071 -98.51195526 299.55545044
v 12.20182514 -98.88851166 299.17889404
v 12.44104004 -99.28902435 298.77838135
v 12.63980389 -99.70982361 298.35757446
v 12.79630756 -100.14709473 297.92031860
v 12.90912533 -100.59683990 297.47058105
v 12.97721958 -101.05496979 297.01245117
f 1 2 3
f 3 2 4
f 3 4 5
f 5 4 6
f 5 6 7
f 7 6 8
f 7 8 9
f 9 8 10
f 9 10 11
f 11 10 12
f 11 12 13
f 13 12 14
f 13 14 15
f 15 14 16
f 15 16 17
f 17 16 18
f 17 18 19
f 19 18 20
f 19 20 21
f 21 20 22
f 21 22 23
f 23 22 24
f 23 24 25
f 25 24 26
f 25 26 27
f 27 26 28
f 27 28 29
f 29 28 30
f 29 30 31
f 31 30 32
f 31 32 33
f 33 32 34
f 33 34 35
f 35 34 36
f 35 36 37
f 37 36 38
f 37 38 39
f 39 38 40
f 39 40 41
f 41 40 42
f 41 42 43
f 43 42 44
f 43 44 45
f 45 44 46
f 45 46 47
f 47 46 48
f 47 48 49
f 49 48 50
f 49 50 51
f 51 50 52
f 51 52 53
f 53 52 54
f 53 54 55
f 55 54 56
f 55 56 57
f 57 56 58
f 57 58 59
f 59 58 60
f 59 60 61
f 61 60 62
f 61 62 63
f 63 62 64
f 63 64 65
f 65 64 66
f 65 66 1
f 1 66 2
f 67 68 69
f 69 68 70
f 69 70 71
f 71 70 72
f 71 72 73
f 73 72 74
f 73 74 75
f 75 74 76
f 75 76 77
f 77 76 78
f 77 78 79
f 79 78 80
f 79 80 81
f 81 80 82
f 81 82 83
f 83 82 84
f 83 84 85
f 85 84 86
f 85 86 87
f 87 86 88
f 87 88 89
f 89 88 90
f 89 90 91
f 91 90 92
f 91 92 93
f 93 92 94
f 93 94 95
f 95 94 96
f 95 96 97
f 97 96 98
f 97 98 99
f 99 98 100
f 99 100 101
f 101 100 102
f 101 102 103
f 103 102 104
f 103 104 105
f 105 104 106
f 105 106 107
f 107 106 108
f 107 108 109
f 109 108 110
f 109 110 111
f 111 110 112
f 111 112 113
f 113 112 114
f 113 114 115
f 115 114 116
f 115 116 117
f 117 116 118
f 117 118 119
f 119 118 120
f 119 120 121
f 121 120 122
f 121 122 123
f 123 122 124
f 123 124 125
f 125 124 126
f 125 126 127
f 127 126 128
f 127 128 129
f 129 128 130
f 129 130 131
f 131 130 132
f 131 132 133
f 133 132 134
f 133 134 135
f 135 134 136
f 135 136 137
f 137 136 138
f 137 138 139
f 139 138 140
f 139 140 141
f 141 140 142
f 141 142 143
f 143 142 144
f 143 144 145
f 145 144 146
f 145 146 147
f 147 146 148
f 147 148 149
f 149 148 150
f 149 150 151
f 151 150 152
f 151 152 153
f 153 152 154
f 153 154 155
f 155 154 156
f 155 156 157
f 157 156 158
f 157 158 159
f 159 158 160
f 159 160 161
f 161 160 162
f 161 162 163
f 163 162 164
f 163 164 165
f 165 164 166
f 165 166 167
f 167 166 168
f 167 168 169
f 169 168 170
f 169 170 171
f 171 170 172
f 171 172 173
f 173 172 174
f 173 174 175
f 175 174 176
f 175 176 177
f 177 176 178
f 177 178 179
f 179 178 180
f 179 180 181
f 181 180 182
f 181 182 183
f 183 182 184
f 183 184 185
f 185 184 186
f 185 186 187
f 187 186 188
f 187 188 189
f 189 188 190
f 189 190 191
f 191 190 192
f 191 192 193
f 193 192 194
f 193 194 195
f 195 194 196
f 195 196 197
f 197 196 198
f 197 198 199
f 199 198 200
f 199 200 201
f 201 200 202
f 201 202 203
f 203 202 204
f 203 204 205
f 205 204 206
f 205 206 207
f 207 206 208
f 207 208 209
f 209 208 210
f 209 210 211
f 211 210 212
f 211 212 213
f 213 212 214
f 213 214 67
f 67 214 68
f 215 216 217
f 217 216 218
f 217 218 219
f 219 218 220
f 219 220 221
f 221 220 222
f 221 222 223
f 223 222 224
f 223 224 225
f 225 224 226
f 227 228 229
f 229 228 230
f 229 230 231
f 231 230 232
f 231 232 233
f 233 232 234
f 233 234 235
f 228 227 236
f 236 227 237
f 236 237 238
f 238 237 239
f 238 239 240
f 240 239 241
f 240 241 242
f 242 241 243
f 242 243 244
f 244 243 245
f 244 245 246
f 246 245 247
f 246 247 248
f 248 247 249
f 248 249 250
f 250 249 251
f 250 251 252
f 252 251 253
f 252 253 254
f 254 253 255
f 254 255 256
f 256 255 257
f 256 257 258
f 258 257 259
f 258 259 260
f 260 259 261
f 260 261 262
f 262 261 263
f 262 263 264
f 264 263 265
f 264 265 266
f 266 265 267
f 266 267 268
f 268 267 269
f 268 269 270
f 270 269 271
f 271 269 272
f 271 272 273
f 273 272 274
f 273 274 275
f 275 274 276
f 275 276 277
f 265 278 267
f 267 278 279
f 267 279 269
f 269 279 272
f 278 280 279
f 279 280 274
f 279 274 272
f 280 276 274
f 275 277 281
f 281 277 282
f 281 282 283
f 283 282 284
f 283 284 285
f 285 284 286
f 285 286 287
f 287 286 288
f 287 288 289
f 289 288 290
f 289 290 291
f 291 290 292
f 291 292 293
f 293 292 294
f 293 294 295
f 295 294 296
f 295 296 297
f 297 296 298
f 297 298 299
f 299 298 300
f 299 300 231
f 231 300 229
f 301 302 303
f 303 302 304
f 303 304 305
f 305 304 268
f 305 268 270
f 302 301 306
f 306 301 307
f 306 307 308
f 308 307 309
f 308 309 310
f 310 309 311
f 310 311 312
f 312 311 313
f 312 313 254
f 254 313 252
f 311 314 313
f 313 314 315
f 313 315 252
f 252 315 250
f 314 316 315
f 315 316 317
f 315 317 250
f 250 317 248
f 316 318 317
f 317 318 319
f 317 319 248
f 248 319 246
f 318 320 319
f 319 320 321
f 319 321 246
f 246 321 244
f 320 322 321
f 321 322 323
f 321 323 244
f 244 323 242
f 322 324 323
f 323 324 325
f 323 325 242
f 242 325 240
f 324 326 325
f 325 326 327
f 325 327 240
f 240 327 238
f 327 326 328
f 328 326 329
f 328 329 330
f 330 329 331
f 330 331 332
f 332 331 333
f 332 333 232
f 232 333 234
f 233 235 334
f 334 235 335
f 334 335 336
f 336 335 337
f 336 337 338
f 338 337 339
f 338 339 340
f 340 339 341
f 340 341 291
f 291 341 289
f 339 342 341
f 341 342 343
f 341 343 289
f 289 343 287
f 342 344 343
f 343 344 345
f 343 345 287
f 287 345 285
f 344 346 345
f 345 346 347
f 345 347 285
f 285 347 283
f 346 348 347
f 347 348 349
f 347 349 283
f 283 349 281
f 348 350 349
f 349 350 351
f 349 351 281
f 281 351 275
f 350 352 351
f 351 352 273
f 351 273 275
f 352 271 273
f 332 232 230
f 332 230 228
f 330 332 228
f 328 330 236
f 236 330 228
f 327 328 238
f 238 328 236
f 310 312 256
f 256 312 254
f 308 310 258
f 258 310 256
f 306 308 260
f 260 308 258
f 302 306 262
f 262 306 260
f 304 302 264
f 264 302 262
f 264 266 304
f 304 266 268
f 338 340 293
f 293 340 291
f 336 338 295
f 295 338 293
f 334 336 297
f 297 336 295
f 233 334 299
f 299 334 297
f 231 233 299
f 353 354 355
f 355 354 356
f 355 356 357
f 357 356 358
f 357 358 359
f 359 358 360
f 359 360 361
f 361 360 362
f 362 360 363
f 362 363 364
f 364 363 365
f 364 365 366
f 366 365 367
f 367 365 368
f 367 368 369
f 369 368 370
f 369 370 371
f 371 370 372
f 371 372 373
f 373 372 374
f 373 374 375
f 375 374 376
f 375 376 377
f 377 376 378
f 377 378 379
f 379 378 380
f 379 380 381
f 381 380 382
f 381 382 383
f 383 382 384
f 383 384 385
f 385 384 386
f 385 386 387
f 354 353 388
f 388 353 389
f 388 389 390
f 390 389 391
f 390 391 392
f 392 391 393
f 392 393 394
f 394 393 395
f 394 395 396
f 396 395 397
f 396 397 398
f 398 397 399
f 398 399 400
f 400 399 401
f 400 401 402
f 402 401 403
f 402 403 404
f 404 403 405
f 404 405 406
f 406 405 407
f 406 407 408
f 408 407 409
f 408 409 410
f 410 409 411
f 410 411 412
f 412 411 413
f 412 413 414
f 414 413 415
f 414 415 416
f 416 415 417
f 416 417 418
f 418 417 419
f 418 419 420
f 420 419 421
f 420 421 422
f 422 421 423
f 422 423 385
f 385 423 383
f 391 424 393
f 393 424 425
f 393 425 395
f 395 425 426
f 395 426 427
f 395 427 397
f 397 427 428
f 397 428 429
f 397 429 399
f 399 429 430
f 399 430 401
f 401 430 431
f 401 431 403
f 403 431 432
f 403 432 405
f 405 432 433
f 405 433 407
f 407 433 434
f 407 434 409
f 409 434 435
f 409 435 411
f 411 435 436
f 411 436 413
f 413 436 437
f 413 437 415
f 415 437 438
f 415 438 417
f 417 438 439
f 417 439 419
f 419 439 440
f 419 440 421
f 421 440 441
f 421 441 423
f 423 441 442
f 423 442 383
f 383 442 381
f 361 357 359
f 443 418 444
f 444 418 420
f 444 420 445
f 445 420 422
f 445 422 387
f 387 422 385
f 418 443 416
f 416 443 446
f 416 446 414
f 414 446 447
f 414 447 412
f 412 447 448
f 412 448 410
f 410 448 408
f 448 449 408
f 408 449 406
f 449 450 406
f 406 450 404
f 450 451 404
f 404 451 402
f 451 452 402
f 402 452 400
f 452 453 400
f 400 453 398
f 453 454 398
f 398 454 396
f 454 455 396
f 396 455 394
f 394 455 392
f 392 455 456
f 392 456 390
f 390 456 457
f 390 457 388
f 388 457 458
f 388 458 354
f 354 458 459
f 354 459 356
f 356 459 460
f 356 460 358
f 358 460 461
f 358 461 462
f 462 461 463
f 462 463 464
f 464 463 465
f 464 465 466
f 466 465 467
f 466 467 368
f 368 467 370
f 465 468 467
f 467 468 469
f 467 469 370
f 370 469 372
f 468 470 469
f 469 470 471
f 469 471 372
f 372 471 374
f 470 472 471
f 471 472 473
f 471 473 374
f 374 473 376
f 472 474 473
f 473 474 475
f 473 475 376
f 376 475 378
f 474 476 475
f 475 476 477
f 475 477 378
f 378 477 380
f 476 478 477
f 477 478 479
f 477 479 380
f 380 479 382
f 478 386 479
f 479 386 384
f 479 384 382
f 464 466 365
f 365 466 368
f 462 464 363
f 363 464 365
f 358 462 360
f 360 462 363
f 480 481 482
f 482 481 483
f 482 483 484
f 484 483 485
f 484 485 486
f 486 485 487
f 486 487 488
f 488 487 489
f 488 489 490
f 490 489 491
f 490 491 492
f 492 491 493
f 492 493 494
f 494 493 495
f 494 495 496
f 496 495 497
f 496 497 498
f 498 497 499
f 498 499 500
f 500 499 501
f 500 501 502
f 502 501 503
f 502 503 504
f 504 503 505
f 504 505 506
f 506 505 507
f 506 507 508
f 508 507 509
f 509 507 510
f 509 510 511
f 511 510 512
f 511 512 513
f 513 512 514
f 513 514 515
f 515 514 516
f 515 516 517
f 517 516 518
f 517 518 519
f 519 518 520
f 519 520 521
f 503 522 505
f 505 522 523
f 505 523 507
f 507 523 510
f 522 524 523
f 523 524 525
f 523 525 510
f 510 525 512
f 524 526 525
f 525 526 527
f 525 527 512
f 512 527 514
f 526 528 527
f 527 528 529
f 527 529 514
f 514 529 516
f 528 530 529
f 529 530 518
f 529 518 516
f 530 520 518
f 519 521 531
f 531 521 532
f 531 532 533
f 533 532 534
f 533 534 535
f 535 534 536
f 535 536 537
f 537 536 538
f 537 538 539
f 539 540 537
f 537 540 541
f 537 541 542
f 542 541 543
f 542 543 544
f 544 543 545
f 545 543 546
f 545 546 547
f 547 546 548
f 547 548 549
f 549 548 550
f 549 550 551
f 540 552 541
f 541 552 553
f 541 553 543
f 543 553 546
f 552 554 553
f 553 554 555
f 553 555 556
f 556 555 557
f 556 557 546
f 546 557 548
f 557 558 548
f 548 558 550
f 549 551 559
f 559 551 560
f 559 560 561
f 561 560 562
f 561 562 563
f 564 565 563
f 563 565 566
f 563 566 561
f 561 566 567
f 561 567 568
f 564 569 565
f 565 569 570
f 565 570 571
f 571 570 572
f 571 572 573
f 573 572 574
f 574 572 575
f 574 575 576
f 576 575 577
f 576 577 578
f 578 577 484
f 578 484 486
f 569 579 570
f 570 579 580
f 570 580 572
f 572 580 575
f 579 581 580
f 580 581 482
f 580 482 575
f 575 482 577
f 581 480 482
f 582 583 584
f 584 583 585
f 584 585 586
f 586 585 587
f 586 587 588
f 588 587 589
f 588 589 590
f 590 589 591
f 590 591 592
f 592 591 500
f 592 500 502
f 583 582 593
f 593 582 594
f 593 594 595
f 595 594 596
f 595 596 578
f 578 596 576
f 573 597 571
f 571 597 566
f 571 566 565
f 597 567 566
f 561 568 559
f 559 568 598
f 559 598 549
f 549 598 547
f 544 599 542
f 542 599 600
f 542 600 537
f 537 600 535
f 599 601 600
f 600 601 602
f 600 602 535
f 535 602 533
f 601 603 602
f 602 603 604
f 602 604 533
f 533 604 531
f 603 605 604
f 604 605 606
f 604 606 531
f 531 606 519
f 605 607 606
f 606 607 517
f 606 517 519
f 607 515 517
f 508 608 506
f 506 608 609
f 506 609 504
f 504 609 502
f 608 610 609
f 609 610 592
f 609 592 502
f 610 590 592
f 484 577 482
f 595 578 486
f 593 595 488
f 488 595 486
f 583 593 490
f 490 593 488
f 585 583 492
f 492 583 490
f 587 585 494
f 494 585 492
f 589 587 496
f 496 587 494
f 591 589 498
f 498 589 496
f 500 591 498
f 556 546 553
f 611 612 613
f 613 612 614
f 613 614 615
f 615 614 616
f 616 614 617
f 616 617 618
f 618 617 619
f 619 617 620
f 619 620 621
f 621 620 622
f 622 620 623
f 622 623 624
f 624 623 625
f 624 625 626
f 612 611 627
f 627 611 628
f 627 628 629
f 629 628 630
f 629 630 631
f 631 630 632
f 631 632 633
f 633 632 634
f 633 634 635
f 635 634 636
f 635 636 637
f 637 636 638
f 637 638 639
f 639 638 640
f 639 640 641
f 641 640 642
f 641 642 643
f 643 642 644
f 643 644 645
f 645 644 646
f 645 646 647
f 647 646 648
f 647 648 649
f 649 648 650
f 649 650 651
f 651 650 652
f 651 652 653
f 653 652 654
f 653 654 655
f 655 654 656
f 655 656 657
f 657 656 658
f 657 658 659
f 659 658 660
f 659 660 661
f 661 660 662
f 661 662 663
f 663 662 664
f 663 664 665
f 665 664 666
f 665 666 667
f 667 666 668
f 667 668 669
f 667 669 670
f 670 669 671
f 670 671 672
f 672 671 673
f 672 673 674
f 672 674 675
f 675 674 676
f 675 676 677
f 678 679 677
f 677 679 680
f 677 680 675
f 675 680 672
f 679 678 681
f 681 678 682
f 681 682 683
f 683 682 684
f 683 684 685
f 683 685 686
f 686 685 687
f 686 687 624
f 624 687 622
f 688 689 690
f 690 689 691
f 690 691 692
f 692 691 693
f 692 693 694
f 694 693 695
f 694 695 696
f 696 695 697
f 696 697 698
f 698 697 631
f 698 631 633
f 689 688 699
f 699 688 700
f 699 700 623
f 623 700 625
f 701 683 626
f 626 683 686
f 626 686 624
f 683 701 681
f 681 701 702
f 681 702 679
f 679 702 703
f 679 703 680
f 680 703 704
f 680 704 705
f 705 704 706
f 705 706 707
f 707 706 708
f 707 708 709
f 709 708 710
f 709 710 711
f 711 710 712
f 711 712 663
f 663 712 661
f 710 713 712
f 712 713 714
f 712 714 661
f 661 714 659
f 713 715 714
f 714 715 716
f 714 716 659
f 659 716 657
f 715 717 716
f 716 717 718
f 716 718 657
f 657 718 655
f 717 719 718
f 718 719 720
f 718 720 655
f 655 720 653
f 719 721 720
f 720 721 722
f 720 722 653
f 653 722 651
f 721 723 722
f 722 723 724
f 722 724 651
f 651 724 649
f 723 725 724
f 724 725 726
f 724 726 649
f 649 726 647
f 725 727 726
f 726 727 728
f 726 728 647
f 647 728 645
f 728 727 729
f 729 727 730
f 729 730 731
f 731 730 732
f 731 732 733
f 733 732 734
f 733 734 735
f 735 734 736
f 735 736 737
f 737 736 738
f 737 738 739
f 739 738 740
f 739 740 698
f 698 740 696
f 612 691 614
f 614 691 689
f 614 689 617
f 617 689 699
f 617 699 620
f 620 699 623
f 691 612 693
f 693 612 627
f 693 627 695
f 695 627 629
f 695 629 697
f 697 629 631
f 739 698 633
f 737 739 635
f 635 739 633
f 735 737 637
f 637 737 635
f 733 735 639
f 639 735 637
f 731 733 641
f 641 733 639
f 729 731 643
f 643 731 641
f 728 729 645
f 645 729 643
f 709 711 665
f 665 711 663
f 707 709 667
f 667 709 665
f 705 707 670
f 670 707 667
f 680 705 672
f 672 705 670
f 741 742 743
f 743 742 744
f 743 744 745
f 745 744 746
f 746 744 747
f 746 747 748
f 748 747 749
f 748 749 750
f 750 749 751
f 750 751 752
f 742 741 753
f 753 741 754
f 753 754 755
f 755 754 756
f 755 756 757
f 757 756 758
f 757 758 759
f 759 758 760
f 759 760 761
f 761 760 762
f 761 762 763
f 763 762 764
f 763 764 765
f 765 764 766
f 765 766 767
f 767 766 768
f 767 768 769
f 769 768 770
f 769 770 771
f 771 770 772
f 771 772 773
f 773 772 774
f 773 774 775
f 775 774 776
f 775 776 777
f 777 776 778
f 777 778 779
f 779 778 780
f 779 780 781
f 781 780 782
f 781 782 783
f 783 782 784
f 783 784 785
f 785 784 786
f 785 786 787
f 787 786 788
f 787 788 789
f 789 788 790
f 790 788 791
f 790 791 792
f 792 791 793
f 792 793 794
f 794 793 795
f 794 795 796
f 796 795 797
f 796 797 798
f 798 797 799
f 798 799 800
f 800 799 801
f 800 801 802
f 784 803 786
f 786 803 804
f 786 804 788
f 788 804 791
f 803 805 804
f 804 805 806
f 804 806 791
f 791 806 793
f 805 807 806
f 806 807 808
f 806 808 793
f 793 808 795
f 807 809 808
f 808 809 810
f 808 810 795
f 795 810 797
f 809 811 810
f 810 811 812
f 810 812 813
f 810 813 799
f 799 813 801
f 802 814 800
f 800 814 815
f 800 815 816
f 816 815 817
f 816 817 818
f 818 817 819
f 818 819 820
f 814 817 815
f 818 820 821
f 821 820 822
f 821 822 823
f 823 822 824
f 823 824 825
f 825 824 826
f 825 826 748
f 748 826 746
f 827 821 828
f 828 821 823
f 828 823 829
f 829 823 825
f 829 825 752
f 752 825 750
f 821 827 818
f 818 827 830
f 818 830 816
f 816 830 831
f 816 831 798
f 798 831 796
f 789 832 787
f 787 832 833
f 787 833 785
f 785 833 834
f 785 834 783
f 783 834 781
f 832 835 833
f 833 835 834
f 835 836 834
f 834 836 837
f 834 837 781
f 781 837 779
f 837 836 838
f 838 836 839
f 838 839 840
f 840 839 841
f 840 841 842
f 842 841 843
f 842 843 844
f 844 843 845
f 844 845 846
f 846 845 847
f 846 847 848
f 848 847 849
f 848 849 850
f 850 849 851
f 850 851 852
f 852 851 853
f 852 853 854
f 854 853 855
f 854 855 761
f 761 855 759
f 853 856 855
f 855 856 857
f 855 857 759
f 759 857 757
f 856 858 857
f 857 858 859
f 857 859 757
f 757 859 755
f 858 860 859
f 859 860 861
f 859 861 755
f 755 861 753
f 860 862 861
f 861 862 863
f 861 863 753
f 753 863 742
f 862 864 863
f 863 864 865
f 863 865 742
f 742 865 744
f 864 866 865
f 865 866 867
f 865 867 744
f 744 867 747
f 866 751 867
f 867 751 749
f 867 749 747
f 773 844 771
f 771 844 846
f 771 846 769
f 769 846 848
f 769 848 767
f 767 848 850
f 767 850 765
f 765 850 852
f 765 852 763
f 763 852 854
f 763 854 761
f 844 773 842
f 842 773 775
f 842 775 840
f 840 775 777
f 840 777 838
f 838 777 779
f 838 779 837
f 799 797 810
f 816 798 800
f 748 750 825
f 868 869 870
f 870 869 871
f 870 871 872
f 872 871 873
f 872 873 874
f 874 873 875
f 874 875 876
f 869 868 877
f 877 868 878
f 877 878 879
f 879 878 880
f 879 880 881
f 881 880 882
f 881 882 883
f 883 882 884
f 883 884 885
f 885 884 886
f 885 886 887
f 887 886 888
f 887 888 889
f 889 888 890
f 889 890 891
f 891 890 892
f 891 892 893
f 893 892 894
f 893 894 895
f 895 894 896
f 895 896 897
f 897 896 898
f 897 898 899
f 899 898 900
f 899 900 901
f 901 900 902
f 901 902 903
f 903 902 904
f 903 904 905
f 905 904 906
f 905 906 907
f 907 906 908
f 907 908 909
f 909 908 910
f 909 910 911
f 911 910 912
f 912 910 913
f 912 913 914
f 914 913 915
f 914 915 916
f 916 915 917
f 916 917 918
f 906 919 908
f 908 919 920
f 908 920 910
f 910 920 913
f 919 921 920
f 920 921 915
f 920 915 913
f 921 917 915
f 916 918 922
f 922 918 923
f 922 923 924
f 924 923 925
f 924 925 926
f 926 925 927
f 926 927 928
f 928 927 929
f 928 929 930
f 930 929 931
f 930 931 932
f 932 931 933
f 932 933 934
f 934 933 935
f 934 935 936
f 936 935 937
f 936 937 938
f 938 937 939
f 938 939 940
f 940 939 941
f 940 941 872
f 872 941 870
f 942 943 944
f 944 943 945
f 944 945 946
f 946 945 909
f 946 909 911
f 943 942 947
f 947 942 948
f 947 948 949
f 949 948 950
f 949 950 951
f 951 950 952
f 951 952 953
f 953 952 954
f 953 954 895
f 895 954 893
f 952 955 954
f 954 955 956
f 954 956 893
f 893 956 891
f 955 957 956
f 956 957 958
f 956 958 891
f 891 958 889
f 957 959 958
f 958 959 960
f 958 960 889
f 889 960 887
f 959 961 960
f 960 961 962
f 960 962 887
f 887 962 885
f 961 963 962
f 962 963 964
f 962 964 885
f 885 964 883
f 963 965 964
f 964 965 966
f 964 966 883
f 883 966 881
f 965 967 966
f 966 967 968
f 966 968 881
f 881 968 879
f 968 967 969
f 969 967 970
f 969 970 971
f 971 970 972
f 971 972 973
f 973 972 974
f 973 974 873
f 873 974 875
f 874 876 975
f 975 876 976
f 975 976 977
f 977 976 978
f 977 978 979
f 979 978 980
f 979 980 981
f 981 980 982
f 981 982 932
f 932 982 930
f 980 983 982
f 982 983 984
f 982 984 930
f 930 984 928
f 983 985 984
f 984 985 986
f 984 986 928
f 928 986 926
f 985 987 986
f 986 987 988
f 986 988 926
f 926 988 924
f 987 989 988
f 988 989 990
f 988 990 924
f 924 990 922
f 989 991 990
f 990 991 992
f 990 992 922
f 922 992 916
f 991 993 992
f 992 993 914
f 992 914 916
f 993 912 914
f 973 873 871
f 973 871 869
f 971 973 869
f 969 971 877
f 877 971 869
f 968 969 879
f 879 969 877
f 951 953 897
f 897 953 895
f 949 951 899
f 899 951 897
f 947 949 901
f 901 949 899
f 943 947 903
f 903 947 901
f 945 943 905
f 905 943 903
f 905 907 945
f 945 907 909
f 979 981 934
f 934 981 932
f 977 979 936
f 936 979 934
f 975 977 938
f 938 977 936
f 874 975 940
f 940 975 938
f 872 874 940
f 994 995 996
f 996 995 997
f 996 997 998
f 998 997 999
f 998 999 1000
f 1000 999 1001
f 1000 1001 1002
f 1002 1001 1003
f 1002 1003 1004
f 1004 1003 1005
f 1004 1005 1006
f 1006 1005 1007
f 1006 1007 1008
f 1008 1007 1009
f 1008 1009 1010
f 1010 1009 1011
f 1010 1011 1012
f 1012 1011 1013
f 1012 1013 1014
f 1014 1013 1015
f 1014 1015 1016
f 1016 1015 1017
f 1016 1017 1018
f 1018 1017 1019
f 1018 1019 1020
f 1020 1019 1021
f 1020 1021 1022
f 1022 1021 1023
f 1022 1023 1024
f 1024 1023 1025
f 1024 1025 1026
f 1026 1025 1027
f 1026 1027 1028
f 1028 1027 1029
f 1028 1029 1030
f 1030 1029 1031
f 1030 1031 1032
f 1032 1031 1033
f 1032 1033 1034
f 1034 1033 1035
f 1034 1035 994
f 994 1035 995
f 1036 1037 1038
f 1038 1037 1039
f 1038 1039 1040
f 1040 1039 1041
f 1040 1041 1042
f 1042 1041 1043
f 1042 1043 1044
f 1044 1043 1045
f 1044 1045 1046
f 1046 1045 1047
f 1046 1047 1048
f 1048 1047 1049
f 1048 1049 1050
f 1050 1049 1051
f 1050 1051 1052
f 1052 1051 1053
f 1052 1053 1054
f 1054 1053 1055
f 1054 1055 1056
f 1056 1055 1057
f 1056 1057 1058
f 1058 1057 1059
f 1058 1059 1060
f 1060 1059 1061
f 1060 1061 1062
f 1062 1061 1063
f 1062 1063 1064
f 1064 1063 1065
f 1064 1065 1066
f 1066 1065 1067
f 1066 1067 1068
f 1068 1067 1069
f 1068 1069 1070
f 1070 1069 1071
f 1070 1071 1072
f 1072 1071 1073
f 1072 1073 1074
f 1074 1073 1075
f 1074 1075 1076
f 1076 1075 1077
f 1076 1077 1036
f 1036 1077 1037
f 1078 1079 1080
f 1080 1079 1081
f 1080 1081 1082
f 1082 1081 1083
f 1082 1083 1084
f 1084 1083 1085
f 1084 1085 1086
f 1086 1087 1084
f 1084 1087 1088
f 1084 1088 1082
f 1082 1088 1089
f 1082 1089 1080
f 1080 1089 1090
f 1080 1090 1078
f 1091 1092 1093
f 1093 1092 1094
f 1093 1094 1095
f 1095 1094 1096
f 1095 1096 1097
f 1097 1096 1098
f 1098 1096 1099
f 1099 1096 1100
f 1099 1100 1101
f 1101 1100 1102
f 1102 1100 1103
f 1103 1100 1104
f 1104 1100 1105
f 1104 1105 1106
f 1106 1105 1107
f 1107 1105 1108
f 1107 1108 1109
f 1109 1108 1110
f 1110 1108 1111
f 1110 1111 1112
f 1112 1111 1113
f 1113 1111 1114
f 1114 1111 1115
f 1114 1115 1116
f 1116 1115 1117
f 1116 1117 1118
f 1118 1117 1119
f 1118 1119 1120
f 1120 1119 1121
f 1121 1119 1122
f 1121 1122 1123
f 1123 1122 1124
f 1123 1124 1125
f 1125 1124 1126
f 1126 1124 1127
f 1126 1127 1128
f 1128 1127 1129
f 1129 1127 1130
f 1129 1130 1131
f 1131 1130 1132
f 1132 1130 1133
f 1132 1133 1134
f 1134 1133 1135
f 1134 1135 1136
f 1136 1135 1137
f 1137 1135 1138
f 1137 1138 1139
f 1139 1138 1140
f 1140 1138 1141
f 1141 1138 1086
f 1141 1086 1142
f 1100 1096 1105
f 1105 1096 1143
f 1105 1143 1108
f 1108 1143 1144
f 1108 1144 1111
f 1111 1144 1145
f 1111 1145 1115
f 1115 1145 1146
f 1115 1146 1117
f 1117 1146 1147
f 1117 1147 1119
f 1119 1147 1148
f 1119 1148 1122
f 1122 1148 1149
f 1122 1149 1124
f 1124 1149 1150
f 1124 1150 1127
f 1127 1150 1151
f 1127 1151 1130
f 1130 1151 1152
f 1130 1152 1133
f 1133 1152 1153
f 1133 1153 1135
f 1135 1153 1154
f 1135 1154 1138
f 1138 1154 1155
f 1138 1155 1087
f 1087 1155 1156
f 1156 1155 1157
f 1157 1155 1158
f 1157 1158 1159
f 1159 1158 1160
f 1160 1158 1161
f 1161 1158 1162
f 1162 1158 1163
f 1162 1163 1164
f 1087 1086 1138
f 1101 1165 1099
f 1166 1167 1168
f 1168 1167 1169
f 1168 1169 1170
f 1170 1169 1171
f 1170 1171 1172
f 1172 1171 1173
f 1172 1173 1174
f 1174 1173 1175
f 1174 1175 1176
f 1176 1175 1177
f 1176 1177 1178
f 1178 1177 1179
f 1178 1179 1180
f 1180 1179 1181
f 1180 1181 1182
f 1182 1181 1183
f 1182 1183 1184
f 1184 1183 1185
f 1184 1185 1186
f 1186 1185 1187
f 1186 1187 1188
f 1188 1187 1189
f 1188 1189 1190
f 1190 1189 1191
f 1190 1191 1192
f 1192 1191 1193
f 1192 1193 1194
f 1194 1193 1195
f 1194 1195 1196
f 1196 1195 1197
f 1196 1197 1198
f 1198 1197 1199
f 1198 1199 1200
f 1200 1199 1201
f 1200 1201 1202
f 1202 1201 1203
f 1202 1203 1204
f 1204 1203 1205
f 1204 1205 1206
f 1206 1205 1207
f 1206 1207 1208
f 1208 1207 1209
f 1208 1209 1210
f 1210 1209 1211
f 1210 1211 1212
f 1212 1211 1213
f 1212 1213 1166
f 1166 1213 1167
f 1214 1215 1216
f 1216 1215 1217
f 1216 1217 1218
f 1218 1217 1219
f 1218 1219 1220
f 1220 1219 1221
f 1220 1221 1222
f 1222 1221 1223
f 1222 1223 1224
f 1224 1223 1225
f 1224 1225 1226
f 1226 1225 1227
f 1226 1227 1228
f 1228 1227 1229
f 1228 1229 1230
f 1230 1229 1231
f 1230 1231 1232
f 1232 1231 1233
f 1232 1233 1234
f 1234 1233 1235
f 1234 1235 1236
f 1236 1235 1237
f 1236 1237 1238
f 1238 1237 1239
f 1238 1239 1240
f 1240 1239 1241
f 1240 1241 1242
f 1242 1241 1243
f 1242 1243 1244
f 1244 1243 1245
f 1244 1245 1246
f 1246 1245 1247
f 1246 1247 1248
f 1248 1247 1249
f 1248 1249 1250
f 1250 1249 1251
f 1250 1251 1252
f 1252 1251 1253
f 1252 1253 1254
f 1254 1253 1255
f 1254 1255 1256
f 1256 1255 1257
f 1256 1257 1258
f 1258 1257 1259
f 1258 1259 1260
f 1260 1259 1261
f 1260 1261 1214
f 1214 1261 1215
f 1262 1263 1264
f 1264 1263 1265
f 1264 1265 1266
f 1266 1265 1267
f 1266 1267 1268
f 1268 1267 1269
f 1268 1269 1270
f 1270 1269 1271
f 1270 1271 1272
f 1272 1273 1270
f 1270 1273 1274
f 1270 1274 1268
f 1268 1274 1275
f 1268 1275 1266
f 1266 1275 1276
f 1266 1276 1264
f 1264 1276 1277
f 1264 1277 1262
f 1278 1279 1280
f 1280 1279 1281
f 1280 1281 1282
f 1282 1281 1283
f 1282 1283 1284
f 1284 1283 1285
f 1284 1285 1286
f 1286 1285 1287
f 1286 1287 1288
f 1288 1289 1286
f 1286 1289 1290
f 1286 1290 1284
f 1284 1290 1291
f 1284 1291 1282
f 1282 1291 1292
f 1282 1292 1280
f 1280 1292 1293
f 1280 1293 1278
f 1294 1295 1296
f 1296 1295 1297
f 1296 1297 1298
f 1298 1297 1299
f 1298 1299 1300
f 1300 1299 1301
f 1300 1301 1302
f 1302 1301 1303
f 1302 1303 1304
f 1304 1303 1305
f 1304 1305 1306
f 1306 1305 1307
f 1306 1307 1308
f 1308 1307 1309
f 1308 1309 1310
f 1310 1309 1311
f 1310 1311 1312
f 1312 1311 1313
f 1312 1313 1314
f 1314 1313 1315
f 1315 1313 1316
f 1315 1316 1317
f 1317 1316 1318
f 1317 1318 1319
f 1319 1318 1320
f 1319 1320 1321
f 1321 1320 1322
f 1321 1322 1323
f 1323 1322 1324
f 1323 1324 1325
f 1305 1326 1307
f 1307 1326 1327
f 1307 1327 1309
f 1309 1327 1328
f 1309 1328 1311
f 1311 1328 1329
f 1311 1329 1313
f 1313 1329 1316
f 1326 1330 1327
f 1327 1330 1331
f 1327 1331 1328
f 1328 1331 1332
f 1328 1332 1329
f 1329 1332 1318
f 1329 1318 1316
f 1330 1333 1331
f 1331 1333 1334
f 1331 1334 1332
f 1332 1334 1320
f 1332 1320 1318
f 1333 1324 1334
f 1334 1324 1322
f 1334 1322 1320
f 1323 1325 1335
f 1335 1325 1336
f 1335 1336 1337
f 1337 1336 1338
f 1337 1338 1339
f 1339 1338 1340
f 1339 1340 1341
f 1341 1340 1342
f 1341 1342 1343
f 1343 1342 1344
f 1343 1344 1345
f 1345 1344 1346
f 1345 1346 1347
f 1347 1346 1348
f 1347 1348 1349
f 1349 1348 1350
f 1349 1350 1351
f 1351 1350 1352
f 1352 1350 1353
f 1352 1353 1354
f 1354 1353 1355
f 1354 1355 1356
f 1356 1355 1357
f 1356 1357 1358
f 1358 1357 1359
f 1358 1359 1360
f 1360 1359 1361
f 1360 1361 1362
f 1362 1361 1363
f 1362 1363 1364
f 1342 1365 1344
f 1344 1365 1366
f 1344 1366 1346
f 1346 1366 1367
f 1346 1367 1348
f 1348 1367 1368
f 1348 1368 1350
f 1350 1368 1353
f 1365 1369 1366
f 1366 1369 1370
f 1366 1370 1367
f 1367 1370 1371
f 1367 1371 1368
f 1368 1371 1372
f 1368 1372 1353
f 1353 1372 1355
f 1369 1373 1370
f 1370 1373 1374
f 1370 1374 1371
f 1371 1374 1375
f 1371 1375 1372
f 1372 1375 1357
f 1372 1357 1355
f 1373 1376 1374
f 1374 1376 1377
f 1374 1377 1375
f 1375 1377 1359
f 1375 1359 1357
f 1376 1363 1377
f 1377 1363 1361
f 1377 1361 1359
f 1362 1364 1378
f 1378 1364 1379
f 1378 1379 1380
f 1380 1379 1381
f 1380 1381 1382
f 1382 1381 1383
f 1382 1383 1384
f 1384 1383 1385
f 1384 1385 1386
f 1386 1385 1387
f 1386 1387 1388
f 1388 1387 1389
f 1388 1389 1390
f 1390 1389 1391
f 1390 1391 1392
f 1392 1391 1393
f 1393 1391 1394
f 1393 1394 1395
f 1395 1394 1396
f 1396 1394 1397
f 1396 1397 1398
f 1398 1397 1399
f 1398 1399 1400
f 1400 1399 1401
f 1400 1401 1402
f 1402 1401 1403
f 1403 1401 1404
f 1404 1401 1405
f 1404 1405 1406
f 1406 1405 1407
f 1406 1407 1408
f 1408 1407 1409
f 1408 1409 1410
f 1410 1409 1385
f 1410 1385 1383
f 1392 1411 1390
f 1390 1411 1412
f 1390 1412 1388
f 1388 1412 1413
f 1388 1413 1386
f 1386 1413 1414
f 1386 1414 1384
f 1384 1414 1382
f 1411 1415 1412
f 1412 1415 1416
f 1412 1416 1413
f 1413 1416 1417
f 1413 1417 1414
f 1414 1417 1418
f 1414 1418 1382
f 1382 1418 1380
f 1415 1419 1416
f 1416 1419 1420
f 1416 1420 1417
f 1417 1420 1421
f 1417 1421 1418
f 1418 1421 1422
f 1418 1422 1380
f 1380 1422 1378
f 1419 1423 1420
f 1420 1423 1424
f 1420 1424 1421
f 1421 1424 1425
f 1421 1425 1422
f 1422 1425 1426
f 1422 1426 1378
f 1378 1426 1362
f 1423 1427 1424
f 1424 1427 1428
f 1424 1428 1425
f 1425 1428 1429
f 1425 1429 1426
f 1426 1429 1360
f 1426 1360 1362
f 1427 1430 1428
f 1428 1430 1431
f 1428 1431 1429
f 1429 1431 1358
f 1429 1358 1360
f 1430 1432 1431
f 1431 1432 1356
f 1431 1356 1358
f 1432 1354 1356
f 1351 1433 1349
f 1349 1433 1434
f 1349 1434 1347
f 1347 1434 1435
f 1347 1435 1345
f 1345 1435 1436
f 1345 1436 1343
f 1343 1436 1341
f 1433 1437 1434
f 1434 1437 1438
f 1434 1438 1435
f 1435 1438 1439
f 1435 1439 1436
f 1436 1439 1440
f 1436 1440 1341
f 1341 1440 1339
f 1437 1441 1438
f 1438 1441 1442
f 1438 1442 1439
f 1439 1442 1443
f 1439 1443 1440
f 1440 1443 1444
f 1440 1444 1339
f 1339 1444 1337
f 1441 1445 1442
f 1442 1445 1446
f 1442 1446 1443
f 1443 1446 1447
f 1443 1447 1444
f 1444 1447 1448
f 1444 1448 1337
f 1337 1448 1335
f 1445 1449 1446
f 1446 1449 1450
f 1446 1450 1447
f 1447 1450 1451
f 1447 1451 1448
f 1448 1451 1452
f 1448 1452 1335
f 1335 1452 1323
f 1449 1453 1450
f 1450 1453 1454
f 1450 1454 1451
f 1451 1454 1455
f 1451 1455 1452
f 1452 1455 1321
f 1452 1321 1323
f 1453 1456 1454
f 1454 1456 1457
f 1454 1457 1455
f 1455 1457 1319
f 1455 1319 1321
f 1456 1458 1457
f 1457 1458 1317
f 1457 1317 1319
f 1458 1315 1317
f 1314 1459 1312
f 1312 1459 1460
f 1312 1460 1310
f 1310 1460 1461
f 1310 1461 1308
f 1308 1461 1462
f 1308 1462 1306
f 1306 1462 1304
f 1459 1463 1460
f 1460 1463 1464
f 1460 1464 1461
f 1461 1464 1465
f 1461 1465 1462
f 1462 1465 1466
f 1462 1466 1304
f 1304 1466 1302
f 1463 1467 1464
f 1464 1467 1468
f 1464 1468 1465
f 1465 1468 1469
f 1465 1469 1466
f 1466 1469 1470
f 1466 1470 1302
f 1302 1470 1300
f 1467 1471 1468
f 1468 1471 1472
f 1468 1472 1469
f 1469 1472 1473
f 1469 1473 1470
f 1470 1473 1474
f 1470 1474 1300
f 1300 1474 1298
f 1471 1475 1472
f 1472 1475 1476
f 1472 1476 1473
f 1473 1476 1477
f 1473 1477 1474
f 1474 1477 1478
f 1474 1478 1298
f 1298 1478 1296
f 1475 1479 1476
f 1476 1479 1480
f 1476 1480 1477
f 1477 1480 1481
f 1477 1481 1478
f 1478 1481 1482
f 1478 1482 1296
f 1296 1482 1294
f 1479 1483 1480
f 1480 1483 1484
f 1480 1484 1481
f 1481 1484 1485
f 1481 1485 1482
f 1482 1485 1486
f 1482 1486 1294
f 1483 1487 1484
f 1484 1487 1488
f 1484 1488 1485
f 1485 1488 1489
f 1485 1489 1486
f 1487 1490 1488
f 1488 1490 1491
f 1488 1491 1489
f 1385 1409 1387
f 1387 1409 1492
f 1387 1492 1389
f 1389 1492 1493
f 1389 1493 1391
f 1391 1493 1394
f 1409 1407 1492
f 1492 1407 1494
f 1492 1494 1493
f 1493 1494 1397
f 1493 1397 1394
f 1407 1405 1494
f 1494 1405 1399
f 1494 1399 1397
f 1401 1399 1405
f 1404 1495 1403
f 1403 1495 1496
f 1403 1496 1497
f 1497 1496 1498
f 1498 1496 1499
f 1498 1499 1500
f 1500 1499 1501
f 1500 1501 1502
f 1502 1501 1503
f 1503 1501 1504
f 1503 1504 1505
f 1505 1504 1506
f 1505 1506 1507
f 1507 1506 1508
f 1508 1506 1509
f 1508 1509 1510
f 1510 1509 1511
f 1511 1509 1512
f 1512 1509 1295
f 1295 1509 1513
f 1295 1513 1297
f 1297 1513 1514
f 1297 1514 1299
f 1299 1514 1515
f 1299 1515 1301
f 1301 1515 1516
f 1301 1516 1303
f 1303 1516 1517
f 1303 1517 1305
f 1305 1517 1518
f 1305 1518 1326
f 1326 1518 1519
f 1326 1519 1330
f 1330 1519 1520
f 1330 1520 1333
f 1333 1520 1521
f 1333 1521 1324
f 1324 1521 1325
f 1325 1521 1522
f 1325 1522 1336
f 1336 1522 1523
f 1336 1523 1338
f 1338 1523 1524
f 1338 1524 1340
f 1340 1524 1525
f 1340 1525 1342
f 1342 1525 1526
f 1342 1526 1365
f 1365 1526 1527
f 1365 1527 1369
f 1369 1527 1528
f 1369 1528 1373
f 1373 1528 1529
f 1373 1529 1376
f 1376 1529 1530
f 1376 1530 1363
f 1363 1530 1531
f 1363 1531 1364
f 1364 1531 1532
f 1364 1532 1379
f 1379 1532 1533
f 1379 1533 1381
f 1381 1533 1534
f 1381 1534 1383
f 1383 1534 1535
f 1383 1535 1410
f 1410 1535 1536
f 1410 1536 1408
f 1408 1536 1537
f 1408 1537 1406
f 1406 1537 1538
f 1406 1538 1404
f 1404 1538 1495
f 1539 1529 1540
f 1540 1529 1528
f 1540 1528 1541
f 1541 1528 1527
f 1541 1527 1542
f 1542 1527 1526
f 1542 1526 1543
f 1543 1526 1525
f 1543 1525 1544
f 1544 1525 1524
f 1544 1524 1545
f 1545 1524 1523
f 1545 1523 1546
f 1546 1523 1522
f 1546 1522 1521
f 1529 1539 1530
f 1530 1539 1547
f 1530 1547 1531
f 1531 1547 1548
f 1531 1548 1532
f 1532 1548 1549
f 1532 1549 1533
f 1533 1549 1550
f 1533 1550 1534
f 1534 1550 1551
f 1534 1551 1535
f 1535 1551 1552
f 1535 1552 1536
f 1536 1552 1553
f 1536 1553 1537
f 1537 1553 1554
f 1537 1554 1538
f 1538 1554 1555
f 1538 1555 1495
f 1495 1555 1556
f 1495 1556 1496
f 1496 1556 1557
f 1496 1557 1499
f 1499 1557 1558
f 1499 1558 1501
f 1501 1558 1559
f 1501 1559 1504
f 1504 1559 1560
f 1504 1560 1506
f 1506 1560 1561
f 1506 1561 1509
f 1509 1561 1562
f 1509 1562 1513
f 1513 1562 1563
f 1513 1563 1514
f 1514 1563 1564
f 1514 1564 1515
f 1515 1564 1565
f 1515 1565 1516
f 1516 1565 1566
f 1516 1566 1517
f 1517 1566 1567
f 1517 1567 1518
f 1518 1567 1568
f 1518 1568 1519
f 1519 1568 1569
f 1519 1569 1520
f 1520 1569 1570
f 1520 1570 1571
f 1520 1571 1521
f 1521 1571 1546
f 1572 1573 1574
f 1574 1573 1575
f 1574 1575 1576
f 1576 1575 1577
f 1576 1577 1578
f 1578 1577 1579
f 1579 1577 1580
f 1580 1577 1581
f 1580 1581 1582
f 1582 1581 1583
f 1583 1581 1584
f 1584 1581 1585
f 1585 1581 1586
f 1586 1581 1587
f 1586 1587 1588
f 1588 1587 1589
f 1589 1587 1590
f 1589 1590 1591
f 1591 1590 1592
f 1591 1592 1593
f 1593 1592 1594
f 1594 1592 1595
f 1594 1595 1596
f 1596 1595 1597
f 1597 1595 1598
f 1597 1598 1599
f 1599 1598 1600
f 1599 1600 1601
f 1601 1600 1602
f 1601 1602 1603
f 1603 1602 1604
f 1603 1604 1605
f 1605 1604 1606
f 1605 1606 1607
f 1607 1606 1608
f 1607 1608 1609
f 1609 1608 1610
f 1610 1608 1611
f 1611 1608 1612
f 1611 1612 1613
f 1613 1612 1614
f 1614 1612 1615
f 1614 1615 1616
f 1616 1615 1617
f 1617 1615 1618
f 1617 1618 1619
f 1619 1618 1620
f 1620 1618 1621
f 1620 1621 1622
f 1622 1621 1623
f 1581 1577 1587
f 1587 1577 1624
f 1587 1624 1590
f 1590 1624 1625
f 1590 1625 1592
f 1592 1625 1626
f 1592 1626 1595
f 1595 1626 1627
f 1595 1627 1598
f 1598 1627 1628
f 1598 1628 1600
f 1600 1628 1629
f 1600 1629 1602
f 1602 1629 1630
f 1602 1630 1604
f 1604 1630 1631
f 1604 1631 1606
f 1606 1631 1632
f 1606 1632 1608
f 1608 1632 1633
f 1608 1633 1612
f 1612 1633 1634
f 1612 1634 1615
f 1615 1634 1635
f 1615 1635 1618
f 1618 1635 1636
f 1618 1636 1637
f 1637 1636 1638
f 1638 1636 1639
f 1639 1636 1640
f 1639 1640 1641
f 1641 1640 1642
f 1642 1640 1643
f 1643 1640 1644
f 1644 1640 1645
f 1644 1645 1646
f 1637 1621 1618
f 1582 1647 1580
f 1648 1649 1650
f 1650 1649 1651
f 1650 1651 1652
f 1652 1651 1653
f 1652 1653 1654
f 1654 1653 1655
f 1654 1655 1656
f 1656 1655 1657
f 1656 1657 1658
f 1658 1657 1659
f 1658 1659 1660
f 1660 1659 1661
f 1660 1661 1662
f 1662 1661 1663
f 1662 1663 1664
f 1664 1663 1665
f 1664 1665 1666
f 1666 1665 1667
f 1666 1667 1668
f 1668 1667 1669
f 1668 1669 1670
f 1670 1669 1671
f 1670 1671 1672
f 1672 1671 1673
f 1672 1673 1674
f 1674 1673 1675
f 1674 1675 1676
f 1676 1675 1677
f 1676 1677 1678
f 1678 1677 1679
f 1678 1679 1680
f 1680 1679 1681
f 1680 1681 1682
f 1682 1681 1683
f 1682 1683 1684
f 1684 1683 1685
f 1684 1685 1686
f 1686 1685 1687
f 1686 1687 1688
f 1688 1687 1689
f 1688 1689 1690
f 1690 1689 1691
f 1690 1691 1692
f 1692 1691 1693
f 1692 1693 1694
f 1694 1693 1695
f 1694 1695 1648
f 1648 1695 1649
f 1696 1697 1698
f 1698 1697 1699
f 1698 1699 1700
f 1700 1699 1701
f 1700 1701 1702
f 1702 1701 1703
f 1702 1703 1704
f 1704 1703 1705
f 1704 1705 1706
f 1706 1705 1707
f 1706 1707 1708
f 1708 1707 1709
f 1708 1709 1710
f 1710 1709 1711
f 1710 1711 1712
f 1712 1711 1713
f 1712 1713 1714
f 1714 1713 1715
f 1714 1715 1716
f 1716 1715 1717
f 1716 1717 1718
f 1718 1717 1719
f 1718 1719 1720
f 1720 1719 1721
f 1720 1721 1722
f 1722 1721 1723
f 1722 1723 1724
f 1724 1723 1725
f 1724 1725 1726
f 1726 1725 1727
f 1726 1727 1728
f 1728 1727 1729
f 1728 1729 1730
f 1730 1729 1731
f 1730 1731 1732
f 1732 1731 1733
f 1732 1733 1734
f 1734 1733 1735
f 1734 1735 1736
f 1736 1735 1737
f 1736 1737 1738
f 1738 1737 1739
f 1738 1739 1740
f 1740 1739 1741
f 1740 1741 1742
f 1742 1741 1743
f 1742 1743 1696
f 1696 1743 1697
f 1744 1745 1746
f 1746 1745 1747
f 1746 1747 1748
f 1748 1747 1749
f 1748 1749 1750
f 1750 1749 1751
f 1750 1751 1752
f 1752 1751 1753
f 1752 1753 1754
f 1754 1753 1755
f 1754 1755 1756
f 1756 1755 1757
f 1756 1757 1758
f 1758 1757 1759
f 1758 1759 1760
f 1760 1759 1761
f 1760 1761 1762
f 1762 1761 1763
f 1764 1765 1766
f 1766 1765 1767
f 1766 1767 1768
f 1768 1767 1769
f 1768 1769 1770
f 1770 1769 1771
f 1770 1771 1772
f 1772 1771 1773
f 1772 1773 1774
f 1774 1773 1775
f 1774 1775 1776
f 1776 1775 1777
f 1776 1777 1778
f 1778 1777 1779
f 1778 1779 1780
f 1780 1779 1781
f 1780 1781 1782
f 1782 1781 1783
f 1782 1783 1784
f 1784 1783 1785
f 1784 1785 1786
f 1786 1785 1787
f 1786 1787 1788
f 1788 1787 1789
f 1788 1789 1790
f 1790 1789 1791
f 1790 1791 1792
f 1792 1791 1793
f 1792 1793 1794
f 1794 1793 1795
f 1794 1795 1796
f 1796 1795 1797
f 1796 1797 1798
f 1798 1797 1799
f 1799 1797 1800
f 1799 1800 1801
f 1801 1800 1802
f 1801 1802 1803
f 1803 1802 1804
f 1803 1804 1805
f 1805 1804 1806
f 1805 1806 1807
f 1807 1806 1808
f 1807 1808 1809
f 1809 1808 1810
f 1809 1810 1811
f 1811 1810 1812
f 1811 1812 1813
f 1813 1812 1814
f 1813 1814 1815
f 1815 1814 1816
f 1815 1816 1817
f 1817 1816 1818
f 1817 1818 1819
f 1819 1818 1820
f 1819 1820 1821
f 1821 1820 1822
f 1821 1822 1823
f 1823 1822 1824
f 1823 1824 1825
f 1825 1824 1826
f 1825 1826 1827
f 1827 1826 1828
f 1827 1828 1829
f 1829 1828 1830
f 1829 1830 1831
f 1831 1830 1832
f 1831 1832 1833
f 1833 1832 1834
f 1833 1834 1835
f 1835 1834 1836
f 1835 1836 1837
f 1837 1836 1838
f 1837 1838 1839
f 1839 1838 1840
f 1839 1840 1841
f 1841 1840 1842
f 1841 1842 1843
f 1843 1842 1844
f 1843 1844 1845
f 1845 1844 1846
f 1845 1846 1847
f 1847 1846 1848
f 1847 1848 1849
f 1849 1848 1850
f 1849 1850 1851
f 1851 1850 1852
f 1851 1852 1853
f 1853 1852 1854
f 1853 1854 1855
f 1855 1854 1856
f 1855 1856 1857
f 1857 1856 1858
f 1857 1858 1859
f 1859 1858 1860
f 1859 1860 1861
f 1861 1860 1862
f 1861 1862 1863
f 1863 1862 1864
f 1864 1862 1865
f 1864 1865 1866
f 1866 1865 1867
f 1866 1867 1868
f 1868 1867 1869
f 1868 1869 1870
f 1870 1869 1871
f 1870 1871 1872
f 1872 1871 1873
f 1872 1873 1874
f 1874 1873 1875
f 1874 1875 1876
f 1876 1875 1877
f 1876 1877 1878
f 1878 1877 1879
f 1878 1879 1880
f 1880 1879 1881
f 1880 1881 1882
f 1882 1881 1883
f 1882 1883 1884
f 1884 1883 1885
f 1884 1885 1886
f 1886 1885 1887
f 1886 1887 1888
f 1888 1887 1889
f 1888 1889 1890
f 1890 1889 1891
f 1890 1891 1764
f 1764 1891 1765
f 946 1892 944
f 944 1892 1893
f 944 1893 942
f 942 1893 1894
f 942 1894 948
f 948 1894 1895
f 948 1895 950
f 950 1895 1896
f 950 1896 952
f 952 1896 1897
f 952 1897 955
f 955 1897 1898
f 955 1898 957
f 957 1898 1899
f 957 1899 959
f 959 1899 1900
f 959 1900 961
f 961 1900 1901
f 961 1901 963
f 963 1901 1902
f 963 1902 965
f 965 1902 1903
f 965 1903 967
f 967 1903 1904
f 967 1904 970
f 970 1904 1905
f 970 1905 972
f 972 1905 1906
f 972 1906 974
f 974 1906 1907
f 974 1907 875
f 875 1907 1908
f 875 1908 876
f 876 1908 1909
f 876 1909 976
f 976 1909 1910
f 976 1910 978
f 978 1910 1911
f 978 1911 980
f 980 1911 1912
f 980 1912 983
f 983 1912 1913
f 983 1913 985
f 985 1913 1914
f 985 1914 987
f 987 1914 1915
f 987 1915 989
f 989 1915 1916
f 989 1916 991
f 991 1916 1917
f 991 1917 993
f 993 1917 1918
f 993 1918 912
f 912 1918 1919
f 912 1919 911
f 911 1919 1920
f 911 1920 946
f 946 1920 1892
f 1921 1922 1923
f 1923 1922 1924
f 1923 1924 1925
f 1925 1924 1926
f 1925 1926 1927
f 1927 1926 1928
f 1927 1928 1929
f 1929 1928 1930
f 1929 1930 1931
f 1931 1930 1932
f 1931 1932 1933
f 1933 1932 1934
f 1933 1934 1935
f 1935 1934 1936
f 1935 1936 1937
f 1937 1936 1938
f 1937 1938 1939
f 1939 1938 1940
f 1939 1940 1941
f 1941 1940 1942
f 1941 1942 1943
f 1943 1942 1944
f 1943 1944 1945
f 1945 1944 1946
f 1945 1946 1947
f 1947 1946 1948
f 1947 1948 1949
f 1949 1948 1950
f 1949 1950 1951
f 1951 1950 1952
f 1951 1952 1953
f 1953 1952 1954
f 1953 1954 1955
f 1955 1954 1956
f 1955 1956 1957
f 1957 1956 1958
f 1957 1958 1959
f 1959 1958 1960
f 1959 1960 1961
f 1961 1960 1962
f 1961 1962 1921
f 1921 1962 1922
f 829 1963 828
f 828 1963 1964
f 828 1964 827
f 827 1964 1965
f 827 1965 830
f 830 1965 1966
f 830 1966 831
f 831 1966 1967
f 831 1967 796
f 796 1967 1968
f 796 1968 794
f 794 1968 1969
f 794 1969 792
f 792 1969 1970
f 792 1970 790
f 790 1970 1971
f 790 1971 789
f 789 1971 1972
f 789 1972 832
f 832 1972 1973
f 832 1973 835
f 835 1973 1974
f 835 1974 836
f 836 1974 1975
f 836 1975 839
f 839 1975 1976
f 839 1976 841
f 841 1976 1977
f 841 1977 843
f 843 1977 1978
f 843 1978 845
f 845 1978 1979
f 845 1979 847
f 847 1979 1980
f 847 1980 849
f 849 1980 1981
f 849 1981 851
f 851 1981 1982
f 851 1982 853
f 853 1982 1983
f 853 1983 856
f 856 1983 1984
f 856 1984 858
f 858 1984 1985
f 858 1985 860
f 860 1985 1986
f 860 1986 862
f 862 1986 1987
f 862 1987 864
f 864 1987 1988
f 864 1988 866
f 866 1988 1989
f 866 1989 751
f 751 1989 1990
f 751 1990 752
f 752 1990 1991
f 752 1991 829
f 829 1991 1963
f 1992 1993 1994
f 1994 1993 1995
f 1994 1995 1996
f 1996 1995 1997
f 1996 1997 1998
f 1998 1997 1999
f 1998 1999 2000
f 2000 1999 2001
f 2000 2001 2002
f 2002 2001 2003
f 2002 2003 2004
f 2004 2003 2005
f 2004 2005 2006
f 2006 2005 2007
f 2006 2007 2008
f 2008 2007 2009
f 2008 2009 2010
f 2010 2009 2011
f 2010 2011 2012
f 2012 2011 2013
f 2012 2013 2014
f 2014 2013 2015
f 2014 2015 2016
f 2016 2015 2017
f 2016 2017 2018
f 2018 2017 2019
f 2018 2019 2020
f 2020 2019 2021
f 2020 2021 2022
f 2022 2021 2023
f 2022 2023 2024
f 2024 2023 2025
f 2024 2025 2026
f 2026 2025 2027
f 2026 2027 2028
f 2028 2027 2029
f 2028 2029 2030
f 2030 2029 2031
f 2030 2031 2032
f 2032 2031 2033
f 2032 2033 1992
f 1992 2033 1993
f 692 2034 690
f 690 2034 2035
f 690 2035 688
f 688 2035 2036
f 688 2036 700
f 700 2036 2037
f 700 2037 625
f 625 2037 2038
f 625 2038 626
f 626 2038 2039
f 626 2039 701
f 701 2039 2040
f 701 2040 702
f 702 2040 2041
f 702 2041 703
f 703 2041 2042
f 703 2042 704
f 704 2042 2043
f 704 2043 706
f 706 2043 2044
f 706 2044 708
f 708 2044 2045
f 708 2045 710
f 710 2045 2046
f 710 2046 713
f 713 2046 2047
f 713 2047 715
f 715 2047 2048
f 715 2048 717
f 717 2048 2049
f 717 2049 719
f 719 2049 2050
f 719 2050 721
f 721 2050 2051
f 721 2051 723
f 723 2051 2052
f 723 2052 725
f 725 2052 2053
f 725 2053 727
f 727 2053 2054
f 727 2054 730
f 730 2054 2055
f 730 2055 732
f 732 2055 2056
f 732 2056 734
f 734 2056 2057
f 734 2057 736
f 736 2057 2058
f 736 2058 738
f 738 2058 2059
f 738 2059 740
f 740 2059 2060
f 740 2060 696
f 696 2060 2061
f 696 2061 694
f 694 2061 2062
f 694 2062 692
f 692 2062 2034
f 2063 2064 2065
f 2065 2064 2066
f 2065 2066 2067
f 2067 2066 2068
f 2067 2068 2069
f 2069 2068 2070
f 2069 2070 2071
f 2071 2070 2072
f 2071 2072 2073
f 2073 2072 2074
f 2073 2074 2075
f 2075 2074 2076
f 2075 2076 2077
f 2077 2076 2078
f 2077 2078 2079
f 2079 2078 2080
f 2079 2080 2081
f 2081 2080 2082
f 2081 2082 2083
f 2083 2082 2084
f 2083 2084 2085
f 2085 2084 2086
f 2085 2086 2087
f 2087 2086 2088
f 2087 2088 2089
f 2089 2088 2090
f 2089 2090 2091
f 2091 2090 2092
f 2091 2092 2093
f 2093 2092 2094
f 2093 2094 2095
f 2095 2094 2096
f 2095 2096 2097
f 2097 2096 2098
f 2097 2098 2099
f 2099 2098 2100
f 2099 2100 2101
f 2101 2100 2102
f 2101 2102 2103
f 2103 2102 2104
f 2103 2104 2063
f 2063 2104 2064
f 586 2105 584
f 584 2105 2106
f 584 2106 582
f 582 2106 2107
f 582 2107 594
f 594 2107 2108
f 594 2108 596
f 596 2108 2109
f 596 2109 576
f 576 2109 2110
f 576 2110 574
f 574 2110 2111
f 574 2111 573
f 573 2111 2112
f 573 2112 597
f 597 2112 2113
f 597 2113 567
f 567 2113 2114
f 567 2114 568
f 568 2114 2115
f 568 2115 598
f 598 2115 2116
f 598 2116 547
f 547 2116 2117
f 547 2117 545
f 545 2117 2118
f 545 2118 544
f 544 2118 2119
f 544 2119 599
f 599 2119 2120
f 599 2120 601
f 601 2120 2121
f 601 2121 603
f 603 2121 2122
f 603 2122 605
f 605 2122 2123
f 605 2123 607
f 607 2123 2124
f 607 2124 515
f 515 2124 2125
f 515 2125 513
f 513 2125 2126
f 513 2126 511
f 511 2126 2127
f 511 2127 509
f 509 2127 2128
f 509 2128 508
f 508 2128 2129
f 508 2129 608
f 608 2129 2130
f 608 2130 610
f 610 2130 2131
f 610 2131 590
f 590 2131 2132
f 590 2132 588
f 588 2132 2133
f 588 2133 586
f 586 2133 2105
f 2134 2135 2136
f 2136 2135 2137
f 2136 2137 2138
f 2138 2137 2139
f 2138 2139 2140
f 2140 2139 2141
f 2140 2141 2142
f 2142 2141 2143
f 2142 2143 2144
f 2144 2143 2145
f 2144 2145 2146
f 2146 2145 2147
f 2146 2147 2148
f 2148 2147 2149
f 2148 2149 2150
f 2150 2149 2151
f 2150 2151 2152
f 2152 2151 2153
f 2152 2153 2154
f 2154 2153 2155
f 2154 2155 2156
f 2156 2155 2157
f 2156 2157 2158
f 2158 2157 2159
f 2158 2159 2160
f 2160 2159 2161
f 2160 2161 2162
f 2162 2161 2163
f 2162 2163 2164
f 2164 2163 2165
f 2164 2165 2166
f 2166 2165 2167
f 2166 2167 2168
f 2168 2167 2169
f 2168 2169 2170
f 2170 2169 2171
f 2170 2171 2172
f 2172 2171 2173
f 2172 2173 2174
f 2174 2173 2175
f 2174 2175 2134
f 2134 2175 2135
f 445 2176 444
f 444 2176 2177
f 444 2177 443
f 443 2177 2178
f 443 2178 446
f 446 2178 2179
f 446 2179 447
f 447 2179 2180
f 447 2180 448
f 448 2180 2181
f 448 2181 449
f 449 2181 2182
f 449 2182 450
f 450 2182 2183
f 450 2183 451
f 451 2183 2184
f 451 2184 452
f 452 2184 2185
f 452 2185 453
f 453 2185 2186
f 453 2186 454
f 454 2186 2187
f 454 2187 455
f 455 2187 2188
f 455 2188 456
f 456 2188 2189
f 456 2189 457
f 457 2189 2190
f 457 2190 458
f 458 2190 2191
f 458 2191 459
f 459 2191 2192
f 459 2192 460
f 460 2192 2193
f 460 2193 461
f 461 2193 2194
f 461 2194 463
f 463 2194 2195
f 463 2195 465
f 465 2195 2196
f 465 2196 468
f 468 2196 2197
f 468 2197 470
f 470 2197 2198
f 470 2198 472
f 472 2198 2199
f 472 2199 474
f 474 2199 2200
f 474 2200 476
f 476 2200 2201
f 476 2201 478
f 478 2201 2202
f 478 2202 386
f 386 2202 2203
f 386 2203 387
f 387 2203 2204
f 387 2204 445
f 445 2204 2176
f 2205 2206 2207
f 2207 2206 2208
f 2207 2208 2209
f 2209 2208 2210
f 2209 2210 2211
f 2211 2210 2212
f 2211 2212 2213
f 2213 2212 2214
f 2213 2214 2215
f 2215 2214 2216
f 2215 2216 2217
f 2217 2216 2218
f 2217 2218 2219
f 2219 2218 2220
f 2219 2220 2221
f 2221 2220 2222
f 2221 2222 2223
f 2223 2222 2224
f 2223 2224 2225
f 2225 2224 2226
f 2225 2226 2227
f 2227 2226 2228
f 2227 2228 2229
f 2229 2228 2230
f 2229 2230 2231
f 2231 2230 2232
f 2231 2232 2233
f 2233 2232 2234
f 2233 2234 2235
f 2235 2234 2236
f 2235 2236 2237
f 2237 2236 2238
f 2237 2238 2239
f 2239 2238 2240
f 2239 2240 2241
f 2241 2240 2242
f 2241 2242 2243
f 2243 2242 2244
f 2243 2244 2245
f 2245 2244 2246
f 2245 2246 2205
f 2205 2246 2206
f 305 2247 303
f 303 2247 2248
f 303 2248 301
f 301 2248 2249
f 301 2249 307
f 307 2249 2250
f 307 2250 309
f 309 2250 2251
f 309 2251 311
f 311 2251 2252
f 311 2252 314
f 314 2252 2253
f 314 2253 316
f 316 2253 2254
f 316 2254 318
f 318 2254 2255
f 318 2255 320
f 320 2255 2256
f 320 2256 322
f 322 2256 2257
f 322 2257 324
f 324 2257 2258
f 324 2258 326
f 326 2258 2259
f 326 2259 329
f 329 2259 2260
f 329 2260 331
f 331 2260 2261
f 331 2261 333
f 333 2261 2262
f 333 2262 234
f 234 2262 2263
f 234 2263 235
f 235 2263 2264
f 235 2264 335
f 335 2264 2265
f 335 2265 337
f 337 2265 2266
f 337 2266 339
f 339 2266 2267
f 339 2267 342
f 342 2267 2268
f 342 2268 344
f 344 2268 2269
f 344 2269 346
f 346 2269 2270
f 346 2270 348
f 348 2270 2271
f 348 2271 350
f 350 2271 2272
f 350 2272 352
f 352 2272 2273
f 352 2273 271
f 271 2273 2274
f 271 2274 270
f 270 2274 2275
f 270 2275 305
f 305 2275 2247
f 2276 2277 2278
f 2278 2277 2279
f 2278 2279 2280
f 2280 2279 2281
f 2280 2281 2282
f 2282 2281 2283
f 2282 2283 2284
f 2284 2283 2285
f 2284 2285 2286
f 2286 2285 2287
f 2286 2287 2288
f 2288 2287 2289
f 2288 2289 2290
f 2290 2289 2291
f 2290 2291 2292
f 2292 2291 2293
f 2292 2293 2294
f 2294 2293 2295
f 2294 2295 2296
f 2296 2295 2297
f 2296 2297 2298
f 2298 2297 2299
f 2298 2299 2300
f 2300 2299 2301
f 2300 2301 2302
f 2302 2301 2303
f 2302 2303 2304
f 2304 2303 2305
f 2304 2305 2306
f 2306 2305 2307
f 2306 2307 2308
f 2308 2307 2309
f 2308 2309 2310
f 2310 2309 2311
f 2310 2311 2312
f 2312 2311 2313
f 2312 2313 2314
f 2314 2313 2315
f 2314 2315 2316
f 2316 2315 2317
f 2316 2317 2276
f 2276 2317 2277
f 2318 2319 2320
f 2320 2319 2321
f 2320 2321 2322
f 2322 2321 2323
f 2322 2323 2324
f 2324 2323 2325
f 2324 2325 2326
f 2326 2325 2327
f 2326 2327 2328
f 2328 2327 2329
f 2328 2329 2330
f 2330 2329 2331
f 2330 2331 2332
f 2332 2331 2333
f 2332 2333 2334
f 2334 2333 2335
f 2334 2335 2336
f 2336 2335 2337
f 2336 2337 2338
f 2338 2337 2339
f 2338 2339 2340
f 2340 2339 2341
f 2340 2341 2342
f 2342 2341 2343
f 2342 2343 2344
f 2344 2343 2345
f 2344 2345 2346
f 2346 2345 2347
f 2346 2347 2348
f 2348 2347 2349
f 2348 2349 2350
f 2350 2349 2351
f 2350 2351 2352
f 2352 2351 2353
f 2352 2353 2354
f 2354 2353 2355
f 2354 2355 2356
f 2356 2355 2357
f 2356 2357 2358
f 2358 2357 2359
f 2358 2359 2360
f 2360 2359 2361
f 2360 2361 2362
f 2362 2361 2363
f 2362 2363 2364
f 2364 2363 2365
f 2364 2365 2366
f 2366 2365 2367
f 2366 2367 2368
f 2368 2367 2369
f 2368 2369 2370
f 2370 2369 2371
f 2370 2371 2372
f 2372 2371 2373
f 2372 2373 2374
f 2374 2373 2375
f 2374 2375 2376
f 2376 2375 2377
f 2376 2377 2378
f 2378 2377 2379
f 2378 2379 2380
f 2380 2379 2381
f 2380 2381 2382
f 2382 2381 2383
f 2382 2383 2384
f 2384 2383 2385
f 2384 2385 2386
f 2386 2385 2387
f 2386 2387 2388
f 2388 2387 2389
f 2388 2389 2390
f 2390 2389 2391
f 2390 2391 2392
f 2392 2391 2393
f 2392 2393 2394
f 2394 2393 2395
f 2394 2395 2396
f 2396 2395 2397
f 2396 2397 2398
f 2398 2397 2399
f 2398 2399 2400
f 2400 2399 2401
f 2400 2401 2402
f 2402 2401 2403
f 2402 2403 2404
f 2404 2403 2405
f 2404 2405 2406
f 2406 2405 2407
f 2406 2407 2408
f 2408 2407 2409
f 2408 2409 2410
f 2410 2409 2411
f 2410 2411 2412
f 2412 2411 2413
f 2412 2413 2414
f 2414 2413 2415
f 2414 2415 2416
f 2416 2415 2417
f 2416 2417 2418
f 2418 2417 2419
f 2418 2419 2420
f 2420 2419 2421
f 2420 2421 2422
f 2422 2421 2423
f 2422 2423 2424
f 2424 2423 2425
f 2424 2425 2426
f 2426 2425 2427
f 2426 2427 2428
f 2428 2427 2429
f 2428 2429 2430
f 2430 2429 2431
f 2430 2431 2432
f 2432 2431 2433
f 2432 2433 2434
f 2434 2433 2435
f 2434 2435 2436
f 2436 2435 2437
f 2436 2437 2438
f 2438 2437 2439
f 2438 2439 2440
f 2440 2439 2441
f 2440 2441 2442
f 2442 2441 2443
f 2442 2443 2444
f 2444 2443 2445
f 2444 2445 2446
f 2446 2445 2447
f 2446 2447 2448
f 2448 2447 2449
f 2448 2449 2450
f 2450 2449 2451
f 2450 2451 2452
f 2452 2451 2453
f 2452 2453 2454
f 2454 2453 2455
f 2454 2455 2456
f 2456 2455 2457
f 2456 2457 2458
f 2458 2457 2459
f 2458 2459 2460
f 2460 2459 2461
f 2460 2461 2462
f 2462 2461 2463
f 2462 2463 2464
f 2464 2463 2465
f 2464 2465 2466
f 2466 2465 2467
f 2466 2467 2318
f 2318 2467 2319
f 2468 2469 2470
f 2470 2469 2471
f 2470 2471 2472
f 2472 2471 2473
f 2472 2473 2474
f 2474 2473 2475
f 2474 2475 2476
f 2476 2475 2477
f 2476 2477 2478
f 2478 2477 2479
f 2478 2479 2480
f 2480 2479 2481
f 2480 2481 2482
f 2482 2481 2483
f 2482 2483 2484
f 2484 2483 2485
f 2484 2485 2486
f 2468 2487 2469
f 2469 2487 2488
f 2469 2488 2489
f 2489 2488 2490
f 2490 2488 2491
f 2490 2491 2492
f 2492 2491 2493
f 2492 2493 2494
f 2494 2493 2495
f 2494 2495 2496
f 2496 2495 2497
f 2496 2497 2498
f 2498 2497 2499
f 2498 2499 2500
f 2500 2499 2501
f 2500 2501 2502
f 2502 2501 2503
f 2502 2503 2504
f 2504 2503 2505
f 2505 2503 2506
f 2506 2503 2507
f 2507 2503 2508
f 2507 2508 2509
f 2509 2508 2510
f 2509 2510 2511
f 2511 2510 2512
f 2512 2510 2513
f 2512 2513 2514
f 2514 2513 2515
f 2514 2515 2516
f 2516 2515 2517
f 2517 2515 2518
f 2517 2518 2519
f 2519 2518 2520
f 2519 2520 2521
f 2521 2520 2522
f 2521 2522 2523
f 2523 2522 2524
f 2523 2524 2525
f 2525 2524 2526
f 2525 2526 2527
f 2527 2526 2528
f 2528 2526 2529
f 2528 2529 2530
f 2487 2531 2488
f 2488 2531 2491
f 2491 2531 2532
f 2532 2531 2533
f 2532 2533 2534
f 2534 2533 2535
f 2534 2535 2536
f 2536 2535 2537
f 2536 2537 2538
f 2538 2537 2539
f 2538 2539 2540
f 2540 2539 2541
f 2540 2541 2542
f 2542 2541 2543
f 2542 2543 2544
f 2544 2543 2545
f 2544 2545 2546
f 2546 2545 2547
f 2546 2547 2548
f 2546 2548 2549
f 2549 2548 2550
f 2549 2550 2551
f 2551 2550 2552
f 2551 2552 2553
f 2553 2552 2554
f 2553 2554 2555
f 2555 2554 2556
f 2555 2556 2557
f 2557 2556 2558
f 2557 2558 2559
f 2559 2558 2529
f 2559 2529 2526
f 2560 2561 2530
f 2530 2561 2562
f 2530 2562 2528
f 2489 2563 2469
f 2469 2563 2471
f 2563 2564 2471
f 2471 2564 2565
f 2471 2565 2473
f 2473 2565 2566
f 2473 2566 2475
f 2475 2566 2567
f 2475 2567 2477
f 2477 2567 2568
f 2477 2568 2479
f 2479 2568 2569
f 2479 2569 2481
f 2481 2569 2570
f 2481 2570 2483
f 2483 2570 2571
f 2483 2571 2485
f 2564 2572 2565
f 2565 2572 2573
f 2565 2573 2566
f 2566 2573 2574
f 2566 2574 2567
f 2567 2574 2575
f 2567 2575 2568
f 2568 2575 2576
f 2568 2576 2569
f 2569 2576 2577
f 2569 2577 2570
f 2570 2577 2578
f 2570 2578 2571
f 2572 2579 2573
f 2573 2579 2580
f 2573 2580 2574
f 2574 2580 2581
f 2574 2581 2575
f 2575 2581 2582
f 2575 2582 2576
f 2576 2582 2583
f 2576 2583 2577
f 2577 2583 2584
f 2577 2584 2578
f 2579 2585 2580
f 2580 2585 2586
f 2580 2586 2581
f 2581 2586 2587
f 2581 2587 2582
f 2582 2587 2588
f 2582 2588 2583
f 2583 2588 2589
f 2583 2589 2590
f 2585 2591 2586
f 2586 2591 2592
f 2586 2592 2587
f 2587 2592 2593
f 2587 2593 2588
f 2588 2593 2594
f 2588 2594 2589
f 2591 2595 2592
f 2592 2595 2596
f 2592 2596 2593
f 2593 2596 2597
f 2593 2597 2594
f 2598 2599 2595
f 2595 2599 2596
f 2599 2597 2596
f 2590 2584 2583
f 2484 2486 2600
f 2600 2486 2601
f 2600 2601 2602
f 2602 2601 2603
f 2602 2603 2604
f 2605 2606 2604
f 2604 2606 2607
f 2604 2607 2602
f 2602 2607 2608
f 2602 2608 2484
f 2484 2608 2609
f 2484 2609 2482
f 2482 2609 2610
f 2482 2610 2480
f 2480 2610 2611
f 2480 2611 2478
f 2478 2611 2612
f 2478 2612 2476
f 2476 2612 2613
f 2476 2613 2474
f 2474 2613 2614
f 2474 2614 2472
f 2472 2614 2615
f 2472 2615 2470
f 2605 2616 2606
f 2606 2616 2617
f 2607 2618 2608
f 2608 2618 2619
f 2608 2619 2609
f 2609 2619 2620
f 2609 2620 2610
f 2610 2620 2621
f 2610 2621 2611
f 2611 2621 2622
f 2611 2622 2612
f 2612 2622 2623
f 2612 2623 2613
f 2613 2623 2624
f 2613 2624 2614
f 2614 2624 2625
f 2614 2625 2615
f 2618 2626 2619
f 2619 2626 2627
f 2619 2627 2620
f 2620 2627 2628
f 2620 2628 2621
f 2621 2628 2629
f 2621 2629 2622
f 2622 2629 2630
f 2622 2630 2623
f 2623 2630 2631
f 2623 2631 2624
f 2624 2631 2632
f 2624 2632 2625
f 2626 2633 2627
f 2627 2633 2634
f 2627 2634 2628
f 2628 2634 2635
f 2628 2635 2629
f 2629 2635 2636
f 2629 2636 2630
f 2630 2636 2637
f 2630 2637 2631
f 2631 2637 2638
f 2631 2638 2632
f 2633 2639 2634
f 2634 2639 2640
f 2634 2640 2635
f 2635 2640 2641
f 2635 2641 2636
f 2636 2641 2642
f 2636 2642 2637
f 2637 2642 2643
f 2637 2643 2638
f 2639 2644 2640
f 2640 2644 2645
f 2640 2645 2641
f 2641 2645 2646
f 2641 2646 2642
f 2642 2646 2647
f 2642 2647 2643
f 2644 2648 2645
f 2645 2648 2649
f 2645 2649 2646
f 2646 2649 2650
f 2646 2650 2647
f 2648 2651 2649
f 2649 2651 2650
f 2544 2546 2652
f 2652 2546 2549
f 2652 2549 2653
f 2653 2549 2551
f 2653 2551 2654
f 2654 2551 2553
f 2654 2553 2655
f 2655 2553 2555
f 2655 2555 2656
f 2656 2555 2557
f 2656 2557 2522
f 2522 2557 2559
f 2522 2559 2524
f 2524 2559 2526
f 2542 2544 2657
f 2657 2544 2652
f 2657 2652 2658
f 2658 2652 2653
f 2658 2653 2659
f 2659 2653 2654
f 2659 2654 2660
f 2660 2654 2655
f 2660 2655 2661
f 2661 2655 2656
f 2661 2656 2520
f 2520 2656 2522
f 2540 2542 2662
f 2662 2542 2657
f 2662 2657 2663
f 2663 2657 2658
f 2663 2658 2664
f 2664 2658 2659
f 2664 2659 2665
f 2665 2659 2660
f 2665 2660 2666
f 2666 2660 2661
f 2666 2661 2518
f 2518 2661 2520
f 2538 2540 2667
f 2667 2540 2662
f 2667 2662 2668
f 2668 2662 2663
f 2668 2663 2669
f 2669 2663 2664
f 2669 2664 2670
f 2670 2664 2665
f 2670 2665 2671
f 2671 2665 2666
f 2671 2666 2515
f 2515 2666 2518
f 2536 2538 2672
f 2672 2538 2667
f 2672 2667 2673
f 2673 2667 2668
f 2673 2668 2674
f 2674 2668 2669
f 2674 2669 2675
f 2675 2669 2670
f 2675 2670 2676
f 2676 2670 2671
f 2676 2671 2513
f 2513 2671 2515
f 2534 2536 2677
f 2677 2536 2672
f 2677 2672 2678
f 2678 2672 2673
f 2678 2673 2679
f 2679 2673 2674
f 2679 2674 2680
f 2680 2674 2675
f 2680 2675 2681
f 2681 2675 2676
f 2681 2676 2510
f 2510 2676 2513
f 2493 2491 2532
f 2532 2534 2682
f 2682 2534 2677
f 2682 2677 2683
f 2683 2677 2678
f 2683 2678 2684
f 2684 2678 2679
f 2684 2679 2685
f 2685 2679 2680
f 2685 2680 2686
f 2686 2680 2681
f 2686 2681 2508
f 2508 2681 2510
f 2495 2493 2682
f 2682 2493 2532
f 2495 2682 2683
f 2497 2495 2683
f 2497 2683 2684
f 2499 2497 2684
f 2499 2684 2685
f 2501 2499 2685
f 2501 2685 2686
f 2503 2501 2686
f 2503 2686 2508
f 2600 2602 2484
f 1828 2687 1830
f 1830 2687 2688
f 1830 2688 1832
f 1832 2688 2689
f 1832 2689 1834
f 1834 2689 2690
f 1834 2690 1836
f 1836 2690 2691
f 1836 2691 1838
f 1838 2691 2692
f 1838 2692 1840
f 1840 2692 2693
f 1840 2693 1842
f 1842 2693 2694
f 1842 2694 1844
f 1844 2694 2695
f 1844 2695 1846
f 1846 2695 2696
f 1846 2696 1848
f 1848 2696 2697
f 1848 2697 1850
f 1850 2697 2698
f 1850 2698 1852
f 1852 2698 2699
f 1852 2699 1854
f 1854 2699 2700
f 1854 2700 1856
f 1856 2700 2701
f 1856 2701 1858
f 1858 2701 2702
f 1858 2702 1860
f 1860 2702 2703
f 1860 2703 1862
f 1862 2703 2704
f 1862 2704 1865
f 1865 2704 2705
f 1865 2705 1867
f 1867 2705 2706
f 1867 2706 1869
f 1869 2706 2707
f 1869 2707 1871
f 1871 2707 2708
f 1871 2708 1873
f 1873 2708 2709
f 1873 2709 1875
f 1875 2709 2710
f 1875 2710 1877
f 1877 2710 2711
f 1877 2711 1879
f 1879 2711 2712
f 1879 2712 1881
f 1881 2712 2713
f 1881 2713 1883
f 1883 2713 2714
f 1883 2714 1885
f 1885 2714 2715
f 1885 2715 1887
f 1887 2715 2716
f 1887 2716 1889
f 1889 2716 2717
f 1889 2717 1891
f 1891 2717 2718
f 1891 2718 1765
f 1765 2718 2719
f 1765 2719 1767
f 1767 2719 2720
f 1767 2720 1769
f 1769 2720 2721
f 1769 2721 1771
f 1771 2721 2722
f 1771 2722 1773
f 1773 2722 2723
f 1773 2723 1775
f 1775 2723 2724
f 1775 2724 1777
f 1777 2724 2725
f 1777 2725 1779
f 1779 2725 2726
f 1779 2726 1781
f 1781 2726 2727
f 1781 2727 1783
f 1783 2727 2728
f 1783 2728 1785
f 1785 2728 2729
f 1785 2729 1787
f 1787 2729 2730
f 1787 2730 1789
f 1789 2730 2731
f 1789 2731 1791
f 1791 2731 2732
f 1791 2732 1793
f 1793 2732 2733
f 1793 2733 1795
f 1795 2733 2734
f 1795 2734 1797
f 1797 2734 2735
f 1797 2735 1800
f 1800 2735 2736
f 1800 2736 1802
f 1802 2736 2737
f 1802 2737 1804
f 1804 2737 2738
f 1804 2738 1806
f 1806 2738 2739
f 1806 2739 1808
f 1808 2739 2740
f 1808 2740 1810
f 1810 2740 2741
f 1810 2741 1812
f 1812 2741 2742
f 1812 2742 1814
f 1814 2742 2743
f 1814 2743 1816
f 1816 2743 2744
f 1816 2744 1818
f 1818 2744 2745
f 1818 2745 1820
f 1820 2745 2746
f 1820 2746 1822
f 1822 2746 2747
f 1822 2747 1824
f 1824 2747 2748
f 1824 2748 1826
f 1826 2748 2749
f 1826 2749 1828
f 1828 2749 2687
f 2750 2751 2752
f 2752 2751 2753
f 2752 2753 2754
f 2754 2753 2755
f 2754 2755 2756
f 2756 2755 2757
f 2756 2757 2758
f 2758 2757 2759
f 2758 2759 2760
f 2760 2759 2761
f 2760 2761 2762
f 2762 2761 2763
f 2762 2763 2764
f 2764 2763 2765
f 2764 2765 2766
f 2766 2765 2767
f 2766 2767 2768
f 2765 2769 2767
f 2766 2768 2770
f 2770 2768 2771
f 2770 2771 2772
f 2772 2771 2773
f 2772 2773 2774
f 2774 2773 2775
f 2774 2775 2776
f 2774 2776 2777
f 2777 2776 2778
f 2777 2778 2779
f 2779 2778 2780
f 2779 2780 2781
f 2781 2780 2782
f 2781 2782 2783
f 2781 2783 2784
f 2784 2783 2785
f 2784 2785 2786
f 2786 2785 2787
f 2786 2787 2788
f 2788 2787 2789
f 2788 2789 2790
f 2790 2789 2791
f 2790 2791 2792
f 2785 2793 2787
f 2787 2793 2789
f 2792 2794 2790
f 2788 2795 2786
f 2786 2795 2796
f 2786 2796 2797
f 2797 2796 2798
f 2797 2798 2799
f 2799 2798 2800
f 2799 2800 2801
f 2801 2800 2802
f 2801 2802 2803
f 2803 2802 2804
f 2803 2804 2805
f 2805 2804 2806
f 2805 2806 2807
f 2807 2806 2808
f 2807 2808 2809
f 2809 2808 2810
f 2809 2810 2750
f 2795 2811 2796
f 2796 2811 2812
f 2796 2812 2798
f 2798 2812 2813
f 2798 2813 2800
f 2800 2813 2814
f 2800 2814 2802
f 2802 2814 2815
f 2802 2815 2804
f 2804 2815 2816
f 2804 2816 2806
f 2806 2816 2817
f 2806 2817 2808
f 2808 2817 2818
f 2808 2818 2810
f 2811 2819 2812
f 2812 2819 2820
f 2812 2820 2813
f 2813 2820 2821
f 2813 2821 2814
f 2814 2821 2822
f 2814 2822 2815
f 2815 2822 2823
f 2815 2823 2816
f 2816 2823 2824
f 2816 2824 2817
f 2817 2824 2825
f 2817 2825 2818
f 2819 2826 2820
f 2820 2826 2827
f 2820 2827 2821
f 2821 2827 2828
f 2821 2828 2822
f 2822 2828 2829
f 2822 2829 2823
f 2823 2829 2830
f 2823 2830 2824
f 2824 2830 2831
f 2824 2831 2825
f 2826 2832 2827
f 2827 2832 2833
f 2827 2833 2828
f 2828 2833 2834
f 2828 2834 2829
f 2829 2834 2835
f 2829 2835 2830
f 2830 2835 2836
f 2830 2836 2831
f 2832 2837 2833
f 2833 2837 2838
f 2833 2838 2834
f 2834 2838 2839
f 2834 2839 2835
f 2835 2839 2840
f 2835 2840 2836
f 2837 2841 2838
f 2838 2841 2842
f 2838 2842 2839
f 2839 2842 2843
f 2839 2843 2840
f 2841 2844 2842
f 2842 2844 2845
f 2842 2845 2843
f 2809 2750 2752
f 2809 2752 2846
f 2846 2752 2754
f 2846 2754 2847
f 2847 2754 2756
f 2847 2756 2848
f 2848 2756 2758
f 2848 2758 2849
f 2849 2758 2760
f 2849 2760 2850
f 2850 2760 2762
f 2850 2762 2851
f 2851 2762 2764
f 2851 2764 2770
f 2770 2764 2766
f 2809 2846 2807
f 2807 2846 2852
f 2807 2852 2805
f 2805 2852 2853
f 2805 2853 2803
f 2803 2853 2854
f 2803 2854 2801
f 2801 2854 2855
f 2801 2855 2799
f 2799 2855 2856
f 2799 2856 2797
f 2797 2856 2784
f 2797 2784 2786
f 2852 2846 2847
f 2852 2847 2857
f 2857 2847 2848
f 2857 2848 2858
f 2858 2848 2849
f 2858 2849 2859
f 2859 2849 2850
f 2859 2850 2860
f 2860 2850 2851
f 2860 2851 2772
f 2772 2851 2770
f 2852 2857 2853
f 2853 2857 2861
f 2853 2861 2854
f 2854 2861 2862
f 2854 2862 2855
f 2855 2862 2863
f 2855 2863 2856
f 2856 2863 2781
f 2856 2781 2784
f 2861 2857 2858
f 2861 2858 2864
f 2864 2858 2859
f 2864 2859 2865
f 2865 2859 2860
f 2865 2860 2774
f 2774 2860 2772
f 2861 2864 2862
f 2862 2864 2866
f 2862 2866 2863
f 2863 2866 2779
f 2863 2779 2781
f 2866 2864 2865
f 2774 2777 2865
f 2865 2777 2866
f 2777 2779 2866
f 2867 2868 2869
f 2869 2868 2870
f 2869 2870 2871
f 1078 2872 2871
f 2871 2872 2869
f 2872 2873 2869
f 2869 2873 2874
f 2869 2874 2867
f 2867 2874 2875
f 2875 2874 2873
f 2875 2873 2876
f 2877 2878 2876
f 2876 2878 2875
f 2879 2880 2881
f 2881 2880 2882
f 2882 2880 2883
f 2884 2885 2886
f 2886 2885 2887
f 2886 2887 2888
f 2888 2887 2889
f 2888 2889 2890
f 2890 2889 2891
f 2890 2891 2892
f 2892 2891 2893
f 2892 2893 2894
f 2894 2893 2895
f 2894 2895 2896
f 2896 2895 2897
f 2896 2897 2898
f 2898 2897 2899
f 2898 2899 2900
f 2900 2899 2901
f 2900 2901 2902
f 2902 2901 2903
f 2903 2901 2904
f 2903 2904 2905
f 2905 2904 2906
f 2906 2904 2907
f 2885 2908 2887
f 2887 2908 2909
f 2887 2909 2891
f 2891 2909 2910
f 2891 2910 2893
f 2893 2910 2911
f 2893 2911 2897
f 2897 2911 2912
f 2897 2912 2899
f 2899 2912 2913
f 2899 2913 2914
f 2908 2915 2909
f 2909 2915 2916
f 2909 2916 2910
f 2910 2916 2917
f 2910 2917 2911
f 2911 2917 2918
f 2911 2918 2912
f 2912 2918 2919
f 2912 2919 2920
f 2916 2915 2921
f 2921 2915 2922
f 2921 2922 2923
f 2923 2922 2924
f 2923 2924 2925
f 2925 2926 2923
f 2923 2926 2927
f 2923 2927 2921
f 2921 2927 2917
f 2921 2917 2916
f 2926 2928 2927
f 2927 2928 2918
f 2927 2918 2917
f 2928 2929 2918
f 2918 2929 2919
f 2920 2913 2912
f 2899 2914 2901
f 2901 2914 2930
f 2901 2930 2904
f 2900 2896 2898
f 2894 2890 2892
f 2891 2889 2887
f 2895 2893 2897
f 2931 2932 2933
f 2933 2932 2934
f 2934 2932 2935
f 2935 2932 2936
f 2936 2932 2937
f 2936 2937 2938
f 2938 2937 2939
f 2939 2937 2940
f 2940 2937 2941
f 2940 2941 2942
f 2942 2941 2943
f 2943 2941 2944
f 2944 2941 2945
f 2944 2945 2946
f 2946 2945 2868
f 2868 2945 2870
f 2870 2945 2871
f 2871 2945 1079
f 2871 1079 1078
f 2947 2948 2884
f 2884 2948 2949
f 2884 2949 2885
f 2885 2949 2950
f 2885 2950 2908
f 2908 2950 2951
f 2908 2951 2915
f 2915 2951 2952
f 2915 2952 2922
f 2922 2952 2953
f 2922 2953 2924
f 2947 2954 2948
f 2948 2954 2955
f 2955 2954 2956
f 2955 2956 2957
f 2957 2956 2958
f 2957 2958 2959
f 2959 2958 2960
f 2959 2960 2961
f 2961 2960 2962
f 2961 2962 2963
f 2963 2962 2964
f 2963 2964 2965
f 2965 2964 2966
f 2965 2966 2967
f 2965 2967 2968
f 2968 2967 2969
f 2968 2969 2970
f 2970 2969 2971
f 2970 2971 2972
f 2972 2971 2973
f 2972 2973 2974
f 2974 2973 2975
f 2974 2975 2976
f 2976 2975 2977
f 2978 2979 2980
f 2980 2979 2981
f 2980 2981 2982
f 2979 2983 2981
f 2982 2984 2980
f 2980 2984 2985
f 2980 2985 2986
f 2986 2987 2980
f 2980 2987 2988
f 2980 2988 2989
f 2989 2988 2990
f 2989 2990 2991
f 2991 2992 2989
f 2989 2992 2993
f 2989 2993 2994
f 2994 2995 2989
f 2996 2997 2998
f 2998 2997 2999
f 2999 2997 3000
f 3000 2997 3001
f 3000 3001 3002
f 3002 3001 3003
f 3003 3001 3004
f 3004 3001 3005
f 3006 2494 3007
f 3007 2494 2496
f 3007 2496 3008
f 3008 2496 2498
f 3008 2498 3009
f 3009 2498 2500
f 3009 2500 3010
f 3010 2500 2502
f 3010 2502 3011
f 3011 2502 2504
f 3011 2504 3012
f 3006 3013 2494
f 2494 3013 2492
f 2492 3013 3014
f 2492 3014 2490
f 2490 3014 3015
f 2490 3015 2489
f 2489 3015 3016
f 2489 3016 2563
f 2563 3016 3017
f 2563 3017 2564
f 2564 3017 3018
f 2564 3018 2572
f 2572 3018 3019
f 2572 3019 3020
f 2572 3020 2579
f 2579 3020 3021
f 2579 3021 2585
f 2585 3021 3022
f 2585 3022 2591
f 2591 3022 3023
f 2591 3023 2595
f 2595 3023 3024
f 2595 3024 2598
f 2598 3024 3025
f 3026 3027 3028
f 3028 3027 3029
f 3030 3031 3032
f 3032 3031 3033
f 3033 3031 3034
f 3035 3036 3037
f 3037 3036 3038
f 3037 3038 3039
f 3039 3038 3040
f 3040 3038 3041
f 3040 3041 3042
f 3042 3041 3043
f 3043 3041 3044
f 3044 3041 3045
f 3045 3041 3046
f 3045 3046 3047
f 3047 3046 3048
f 3048 3046 3049
f 3049 3046 3050
f 3050 3046 2996
f 3050 2996 3051
f 3051 2996 2998
f 3052 3053 3054
f 3054 3053 3055
f 3054 3055 3056
f 3056 3055 3057
f 3056 3057 3058
f 3058 3057 3059
f 3058 3059 3060
f 3060 3059 3061
f 3060 3061 3062
f 3062 3061 3063
f 3062 3063 3064
f 3064 3063 3065
f 3064 3065 3066
f 3066 3065 3067
f 3066 3067 3068
f 3068 3067 3069
f 3068 3069 3070
f 3070 3069 3071
f 3070 3071 2980
f 2980 3071 2978
f 3055 3053 3072
f 3072 3053 3073
f 3072 3073 3074
f 3074 3073 3075
f 3074 3075 3076
f 3076 3075 3077
f 3076 3077 3078
f 3078 3077 3079
f 3078 3079 3080
f 3080 3079 3081
f 3080 3081 3082
f 3082 3081 3083
f 3082 3083 3084
f 3084 3083 3085
f 3084 3085 3086
f 3086 3085 3087
f 3086 3087 3088
f 3088 3087 3089
f 3088 3089 3090
f 3087 3091 3089
f 3089 3091 3092
f 3092 3091 3093
f 3093 3091 2617
f 3090 3094 3088
f 3088 3094 3086
f 3086 3094 3095
f 3095 3094 3096
f 3095 3096 3097
f 3095 3097 3098
f 3098 3097 3099
f 3098 3099 3100
f 3100 3099 3101
f 3100 3101 3102
f 3102 3101 3103
f 3102 3103 3104
f 3102 3104 3105
f 3105 3104 3106
f 3105 3106 3107
f 3107 3106 3108
f 3107 3108 3109
f 3107 3109 3110
f 3110 3109 3111
f 3110 3111 3112
f 3112 3111 3113
f 3112 3113 3114
f 3114 1079 3112
f 3112 1079 2945
f 3112 2945 3115
f 3115 2945 2941
f 3115 2941 3116
f 3116 2941 2937
f 3116 2937 3117
f 3117 2937 2932
f 3117 2932 3118
f 3118 2932 2931
f 3118 2931 3119
f 3118 3119 3120
f 3120 3119 3121
f 3120 3121 3122
f 3122 3123 3120
f 3120 3123 3124
f 3120 3124 3118
f 3118 3124 3125
f 3118 3125 3117
f 3117 3125 3126
f 3117 3126 3116
f 3116 3126 3127
f 3116 3127 3115
f 3115 3127 3128
f 3115 3128 3112
f 3112 3128 3110
f 3124 3123 3129
f 3129 3123 3130
f 3129 3130 3131
f 3131 3130 3132
f 3131 3132 3133
f 3131 3133 3069
f 3069 3133 3134
f 3069 3134 3135
f 3135 3136 3069
f 3069 3136 3071
f 3071 3136 3137
f 3071 3137 3138
f 3138 3139 3071
f 3071 3139 2978
f 3069 3067 3131
f 3131 3067 3140
f 3131 3140 3129
f 3129 3140 3141
f 3129 3141 3124
f 3124 3141 3142
f 3124 3142 3125
f 3125 3142 3143
f 3125 3143 3126
f 3126 3143 3144
f 3126 3144 3127
f 3127 3144 3145
f 3127 3145 3128
f 3128 3145 3146
f 3128 3146 3110
f 3110 3146 3107
f 3067 3065 3140
f 3140 3065 3147
f 3140 3147 3141
f 3141 3147 3148
f 3141 3148 3142
f 3142 3148 3149
f 3142 3149 3143
f 3143 3149 3150
f 3143 3150 3144
f 3144 3150 3151
f 3144 3151 3145
f 3145 3151 3152
f 3145 3152 3146
f 3146 3152 3153
f 3146 3153 3107
f 3107 3153 3105
f 3065 3063 3147
f 3147 3063 3154
f 3147 3154 3148
f 3148 3154 3155
f 3148 3155 3149
f 3149 3155 3156
f 3149 3156 3150
f 3150 3156 3157
f 3150 3157 3151
f 3151 3157 3158
f 3151 3158 3152
f 3152 3158 3159
f 3152 3159 3153
f 3153 3159 3160
f 3153 3160 3105
f 3105 3160 3102
f 3063 3061 3154
f 3154 3061 3161
f 3154 3161 3155
f 3155 3161 3162
f 3155 3162 3156
f 3156 3162 3163
f 3156 3163 3157
f 3157 3163 3164
f 3157 3164 3158
f 3158 3164 3165
f 3158 3165 3159
f 3159 3165 3166
f 3159 3166 3160
f 3160 3166 3167
f 3160 3167 3102
f 3102 3167 3100
f 3061 3059 3161
f 3161 3059 3168
f 3161 3168 3162
f 3162 3168 3169
f 3162 3169 3163
f 3163 3169 3170
f 3163 3170 3164
f 3164 3170 3171
f 3164 3171 3165
f 3165 3171 3172
f 3165 3172 3166
f 3166 3172 3173
f 3166 3173 3167
f 3167 3173 3174
f 3167 3174 3100
f 3100 3174 3098
f 3059 3057 3168
f 3168 3057 3175
f 3168 3175 3169
f 3169 3175 3176
f 3169 3176 3170
f 3170 3176 3177
f 3170 3177 3171
f 3171 3177 3178
f 3171 3178 3172
f 3172 3178 3179
f 3172 3179 3173
f 3173 3179 3180
f 3173 3180 3174
f 3174 3180 3181
f 3174 3181 3098
f 3098 3181 3095
f 3057 3055 3175
f 3175 3055 3072
f 3175 3072 3176
f 3176 3072 3074
f 3176 3074 3177
f 3177 3074 3076
f 3177 3076 3178
f 3178 3076 3078
f 3178 3078 3179
f 3179 3078 3080
f 3179 3080 3180
f 3180 3080 3082
f 3180 3082 3181
f 3181 3082 3084
f 3181 3084 3095
f 3095 3084 3086
f 3032 3182 3030
f 3030 3182 3183
f 3030 3183 3184
f 3184 3183 3185
f 3185 3183 3186
f 3185 3186 3187
f 3187 3186 3188
f 3187 3188 3189
f 3189 3188 3190
f 3189 3190 3191
f 3191 3190 3192
f 3191 3192 3193
f 3193 3192 3194
f 3193 3194 3195
f 3195 3194 3024
f 3195 3024 3023
f 3032 3033 3182
f 3182 3033 3034
f 3182 3196 3183
f 3183 3196 3197
f 3183 3197 3186
f 3186 3197 3198
f 3186 3198 3188
f 3188 3198 3199
f 3188 3199 3200
f 3188 3200 3190
f 3190 3200 3201
f 3190 3201 3192
f 3192 3201 3202
f 3192 3202 3194
f 3194 3202 3025
f 3194 3025 3024
f 3195 3023 3203
f 3203 3023 3022
f 3203 3022 3204
f 3204 3022 3205
f 3204 3205 3206
f 3206 3205 3207
f 3206 3207 3208
f 3022 3021 3205
f 3205 3021 3207
f 3020 3209 3021
f 3021 3209 3207
f 3210 3211 3208
f 3208 3211 3212
f 3208 3212 3206
f 3206 3212 3204
f 3211 3210 3213
f 3213 3210 3214
f 3213 3214 3189
f 3189 3214 3187
f 3214 3185 3187
f 3193 3195 3215
f 3215 3195 3203
f 3215 3203 3212
f 3212 3203 3204
f 3213 3189 3191
f 3191 3193 3216
f 3216 3193 3215
f 3216 3215 3211
f 3211 3215 3212
f 3211 3213 3216
f 3216 3213 3191
f 3217 3218 3219
f 3219 3218 3220
f 3219 3220 3221
f 3221 3222 3219
f 3219 3222 3223
f 3219 3224 3217
f 3217 3224 3225
f 3225 3224 3226
f 3225 3226 3227
f 3227 3226 3228
f 3227 3228 3229
f 3229 3228 1263
f 3229 1263 3230
f 3230 1263 3231
f 3231 1263 1262
f 3231 1262 3232
f 3231 3232 3233
f 3233 3232 3234
f 3233 3234 3235
f 3235 3234 3236
f 3028 3029 3237
f 3237 3029 3238
f 3237 3238 3239
f 3239 3238 3240
f 3240 3238 3241
f 3240 3241 3242
f 3242 3241 3243
f 3243 3241 3244
f 3243 3244 3245
f 3245 3244 3246
f 3246 3244 3036
f 3246 3036 3035
f 2980 2989 3247
f 3247 2989 3248
f 3247 3248 3249
f 3249 3248 3250
f 3249 3250 3251
f 3251 3250 3252
f 3251 3252 3253
f 3253 3252 3254
f 3253 3254 3255
f 3255 3254 3256
f 3255 3256 3257
f 3257 3256 3258
f 3257 3258 3259
f 3259 3258 3260
f 3259 3260 3261
f 3261 3260 3262
f 3261 3262 3263
f 3263 3262 3264
f 3263 3264 3265
f 3265 3264 3266
f 3001 2997 3267
f 3267 2997 3268
f 3267 3268 3269
f 3269 3268 3270
f 3269 3270 3271
f 3271 3270 3272
f 3271 3272 3273
f 3273 3272 3274
f 3273 3274 3275
f 3275 3274 3276
f 3275 3276 3277
f 3277 3276 3278
f 3277 3278 3279
f 3279 3278 3280
f 3279 3280 3281
f 3281 3280 3282
f 3281 3282 3283
f 3283 3282 3284
f 3283 3284 3285
f 3285 3284 3286
f 2560 3287 3288
f 3288 3287 3289
f 3289 3287 3290
f 3290 3287 3291
f 3290 3291 3292
f 3292 3291 3293
f 3292 3293 3294
f 3294 3293 3295
f 3294 3295 3296
f 3296 3295 3297
f 3296 3297 3298
f 3298 3297 3299
f 3298 3299 3300
f 3300 3299 3301
f 3300 3301 3302
f 3302 3301 3303
f 3302 3303 3304
f 3304 3303 3305
f 3304 3305 3306
f 3306 3305 3307
f 3306 3307 3308
f 3308 3307 3309
f 3308 3309 2959
f 2959 3309 2957
f 2957 3309 3310
f 2957 3310 2955
f 2955 3310 3311
f 2955 3311 2948
f 2948 3311 3312
f 2948 3312 2949
f 2949 3312 3313
f 2949 3313 2950
f 2950 3313 3314
f 2950 3314 2951
f 2951 3314 3315
f 2951 3315 2952
f 2952 3315 3316
f 2952 3316 2953
f 2953 3316 3317
f 3317 3316 3318
f 3318 3316 3319
f 3319 3316 3320
f 3319 3320 3321
f 3321 3320 3322
f 3321 3322 3323
f 3323 3322 3324
f 3324 3322 3325
f 3324 3325 3326
f 3326 3325 3327
f 3326 3327 3328
f 3328 3327 3329
f 3329 3327 3330
f 3329 3330 3331
f 3331 3330 3332
f 3331 3332 3333
f 3333 3332 3334
f 3333 3334 3335
f 3335 3334 3336
f 3335 3336 3337
f 3337 3336 3338
f 3337 3338 3339
f 3339 3338 3340
f 3340 3338 3341
f 3340 3341 3342
f 3291 3343 3293
f 3293 3343 3344
f 3293 3344 3295
f 3295 3344 3345
f 3295 3345 3297
f 3297 3345 3346
f 3297 3346 3299
f 3299 3346 3347
f 3299 3347 3301
f 3301 3347 3348
f 3301 3348 3303
f 3303 3348 3349
f 3303 3349 3305
f 3305 3349 3350
f 3305 3350 3307
f 3307 3350 3351
f 3307 3351 3309
f 3309 3351 3310
f 3343 3352 3344
f 3344 3352 3353
f 3344 3353 3345
f 3345 3353 3354
f 3345 3354 3346
f 3346 3354 3355
f 3346 3355 3347
f 3347 3355 3356
f 3347 3356 3348
f 3348 3356 3357
f 3348 3357 3349
f 3349 3357 3358
f 3349 3358 3350
f 3350 3358 3359
f 3350 3359 3351
f 3351 3359 3360
f 3351 3360 3310
f 3310 3360 3311
f 3352 3361 3353
f 3353 3361 3362
f 3353 3362 3354
f 3354 3362 3363
f 3354 3363 3355
f 3355 3363 3364
f 3355 3364 3356
f 3356 3364 3365
f 3356 3365 3357
f 3357 3365 3366
f 3357 3366 3358
f 3358 3366 3367
f 3358 3367 3359
f 3359 3367 3368
f 3359 3368 3360
f 3360 3368 3369
f 3360 3369 3311
f 3311 3369 3312
f 3361 3370 3362
f 3362 3370 3371
f 3362 3371 3363
f 3363 3371 3372
f 3363 3372 3364
f 3364 3372 3373
f 3364 3373 3365
f 3365 3373 3374
f 3365 3374 3366
f 3366 3374 3375
f 3366 3375 3367
f 3367 3375 3376
f 3367 3376 3368
f 3368 3376 3377
f 3368 3377 3369
f 3369 3377 3378
f 3369 3378 3312
f 3312 3378 3313
f 3370 3379 3371
f 3371 3379 3380
f 3371 3380 3372
f 3372 3380 3381
f 3372 3381 3373
f 3373 3381 3382
f 3373 3382 3374
f 3374 3382 3383
f 3374 3383 3375
f 3375 3383 3384
f 3375 3384 3376
f 3376 3384 3385
f 3376 3385 3377
f 3377 3385 3386
f 3377 3386 3378
f 3378 3386 3387
f 3378 3387 3313
f 3313 3387 3314
f 3379 3388 3380
f 3380 3388 3389
f 3380 3389 3381
f 3381 3389 3390
f 3381 3390 3382
f 3382 3390 3391
f 3382 3391 3383
f 3383 3391 3392
f 3383 3392 3384
f 3384 3392 3393
f 3384 3393 3385
f 3385 3393 3394
f 3385 3394 3386
f 3386 3394 3395
f 3386 3395 3387
f 3387 3395 3396
f 3387 3396 3314
f 3314 3396 3315
f 3388 3397 3389
f 3389 3397 3398
f 3389 3398 3390
f 3390 3398 3399
f 3390 3399 3391
f 3391 3399 3400
f 3391 3400 3392
f 3392 3400 3401
f 3392 3401 3393
f 3393 3401 3402
f 3393 3402 3394
f 3394 3402 3403
f 3394 3403 3395
f 3395 3403 3404
f 3395 3404 3396
f 3396 3404 3405
f 3396 3405 3315
f 3315 3405 3316
f 3397 3406 3398
f 3398 3406 3407
f 3398 3407 3399
f 3399 3407 3408
f 3399 3408 3400
f 3400 3408 3409
f 3400 3409 3401
f 3401 3409 3410
f 3401 3410 3402
f 3402 3410 3411
f 3402 3411 3403
f 3403 3411 3412
f 3403 3412 3404
f 3404 3412 3413
f 3404 3413 3405
f 3405 3413 3320
f 3405 3320 3316
f 3407 3406 3414
f 3414 3406 3415
f 3414 3415 3416
f 3416 3415 3417
f 3416 3417 3418
f 3418 3417 3419
f 3418 3419 3420
f 3420 3419 3421
f 3420 3421 3422
f 3422 3421 3423
f 3422 3423 3424
f 3424 3423 3425
f 3424 3425 3426
f 3426 3425 3341
f 3426 3341 3338
f 2794 3427 3342
f 3342 3427 3428
f 3342 3428 3340
f 2959 2961 3308
f 3308 2961 3429
f 3308 3429 3306
f 3306 3429 3430
f 3306 3430 3304
f 3304 3430 3431
f 3304 3431 3302
f 3302 3431 3432
f 3302 3432 3300
f 3300 3432 3433
f 3300 3433 3298
f 3298 3433 3434
f 3298 3434 3296
f 3296 3434 3435
f 3296 3435 3294
f 3294 3435 3436
f 3294 3436 3437
f 2961 2963 3429
f 3429 2963 3438
f 3429 3438 3430
f 3430 3438 3439
f 3430 3439 3431
f 3431 3439 3440
f 3431 3440 3432
f 3432 3440 3441
f 3432 3441 3433
f 3433 3441 3442
f 3433 3442 3434
f 3434 3442 3443
f 3434 3443 3435
f 3435 3443 3444
f 3435 3444 3436
f 2963 2965 3438
f 3438 2965 3445
f 3438 3445 3439
f 3439 3445 3446
f 3439 3446 3440
f 3440 3446 3447
f 3440 3447 3441
f 3441 3447 3448
f 3441 3448 3442
f 3442 3448 3449
f 3442 3449 3443
f 3443 3449 3450
f 3443 3450 3444
f 2965 2968 3445
f 3445 2968 3451
f 3445 3451 3446
f 3446 3451 3452
f 3446 3452 3447
f 3447 3452 3453
f 3447 3453 3448
f 3448 3453 3454
f 3448 3454 3449
f 3449 3454 3455
f 3449 3455 3450
f 2968 2970 3451
f 3451 2970 3456
f 3451 3456 3452
f 3452 3456 3457
f 3452 3457 3453
f 3453 3457 3458
f 3453 3458 3454
f 3454 3458 3459
f 3454 3459 3460
f 2970 2972 3456
f 3456 2972 3461
f 3456 3461 3457
f 3457 3461 3462
f 3457 3462 3458
f 3458 3462 3463
f 3458 3463 3459
f 2972 2974 3461
f 3461 2974 3464
f 3461 3464 3462
f 3462 3464 3465
f 3462 3465 3463
f 2976 3466 2974
f 2974 3466 3464
f 3466 3465 3464
f 3460 3455 3454
f 3294 3437 3467
f 3467 3437 3468
f 3467 3468 3292
f 3292 3468 3469
f 3292 3469 3290
f 3294 3467 3292
f 3407 3414 3408
f 3408 3414 3470
f 3408 3470 3409
f 3409 3470 3471
f 3409 3471 3410
f 3410 3471 3472
f 3410 3472 3411
f 3411 3472 3473
f 3411 3473 3412
f 3412 3473 3474
f 3412 3474 3413
f 3413 3474 3322
f 3413 3322 3320
f 3414 3416 3470
f 3470 3416 3475
f 3470 3475 3471
f 3471 3475 3476
f 3471 3476 3472
f 3472 3476 3477
f 3472 3477 3473
f 3473 3477 3478
f 3473 3478 3474
f 3474 3478 3325
f 3474 3325 3322
f 3416 3418 3475
f 3475 3418 3479
f 3475 3479 3476
f 3476 3479 3480
f 3476 3480 3477
f 3477 3480 3481
f 3477 3481 3478
f 3478 3481 3327
f 3478 3327 3325
f 3418 3420 3479
f 3479 3420 3482
f 3479 3482 3480
f 3480 3482 3483
f 3480 3483 3481
f 3481 3483 3330
f 3481 3330 3327
f 3420 3422 3482
f 3482 3422 3484
f 3482 3484 3483
f 3483 3484 3332
f 3483 3332 3330
f 3422 3424 3484
f 3484 3424 3334
f 3484 3334 3332
f 3336 3334 3426
f 3426 3334 3424
f 3338 3336 3426
f 3485 3486 3487
f 3487 3486 3488
f 3488 3486 3489
f 3487 3490 3485
f 3485 3490 3491
f 3485 3491 3492
f 3492 3491 3493
f 3493 3491 3494
f 3493 3494 3495
f 3495 3494 3496
f 3495 3496 3497
f 3497 3496 3498
f 3497 3498 3499
f 3499 3498 3500
f 3499 3500 3501
f 3501 3500 3502
f 3501 3502 3503
f 3503 3502 2975
f 3503 2975 2973
f 3487 3488 3490
f 3490 3488 3489
f 3490 3504 3491
f 3491 3504 3505
f 3491 3505 3494
f 3494 3505 3506
f 3494 3506 3496
f 3496 3506 3507
f 3496 3507 3508
f 3496 3508 3498
f 3498 3508 3509
f 3498 3509 3500
f 3500 3509 3510
f 3500 3510 3502
f 3502 3510 2977
f 3502 2977 2975
f 3503 2973 3511
f 3511 2973 2971
f 3511 2971 3512
f 3512 2971 3513
f 3512 3513 3514
f 3514 3513 3515
f 3514 3515 3516
f 2971 2969 3513
f 3513 2969 3515
f 2967 3517 2969
f 2969 3517 3515
f 3518 3519 3516
f 3516 3519 3520
f 3516 3520 3514
f 3514 3520 3512
f 3519 3518 3521
f 3521 3518 3522
f 3521 3522 3497
f 3497 3522 3495
f 3522 3493 3495
f 3501 3503 3523
f 3523 3503 3511
f 3523 3511 3520
f 3520 3511 3512
f 3521 3497 3499
f 3499 3501 3524
f 3524 3501 3523
f 3524 3523 3519
f 3519 3523 3520
f 3519 3521 3524
f 3524 3521 3499
f 3525 3526 216
f 216 3526 222
f 216 222 220
f 3527 3528 3525
f 3525 3528 3529
f 3525 3529 3526
f 3526 3529 3530
f 3526 3530 3531
f 3531 3530 3532
f 3531 3532 3533
f 3533 3532 3534
f 3533 3534 3535
f 3535 3534 3536
f 3535 3536 3537
f 3537 3536 3538
f 3537 3538 3539
f 3539 3538 3540
f 3539 3540 3541
f 3541 3540 3542
f 3529 3543 3530
f 3530 3543 3544
f 3530 3544 3545
f 3545 3546 3530
f 3530 3546 3547
f 3547 3546 3548
f 3547 3548 3549
f 3549 3550 3547
f 3547 3550 3551
f 3552 3553 3526
f 3526 3553 3554
f 3526 3554 226
f 3555 3556 3552
f 3552 3556 3557
f 3552 3557 3558
f 3558 3553 3552
f 226 224 3526
f 3526 224 222
f 220 218 216
f 3559 3560 3561
f 3561 3560 3562
f 3561 3562 3563
f 3563 3564 3561
f 3561 3564 3565
f 3565 3564 3566
f 3565 3566 3567
f 3567 3568 3565
f 3565 3568 3569
f 3565 3569 3570
f 3570 3569 3571
f 3570 3571 3572
f 3569 3573 3571
f 3571 3573 3574
f 3575 3576 3572
f 3572 3576 3577
f 3572 3577 3570
f 3570 3577 3578
f 3570 3578 3579
f 3579 3580 3570
f 3570 3580 3581
f 3570 3581 3582
f 3582 3581 3583
f 3582 3583 3584
f 3584 3585 3582
f 3582 3585 3586
f 3565 3570 3587
f 3587 3570 3588
f 3587 3588 3589
f 3589 3588 3590
f 3589 3590 3591
f 3592 3593 3591
f 3591 3593 3594
f 3591 3594 3589
f 3593 3592 3595
f 3595 3592 3596
f 3595 3596 3597
f 3597 3596 3598
f 3599 3600 3601
f 3601 3600 3602
f 3601 3602 3603
f 3599 3604 3600
f 3600 3604 3605
f 3600 3605 3606
f 3600 3606 3607
f 3607 3606 3608
f 3607 3608 3609
f 3609 3608 3610
f 3610 3608 3611
f 3610 3611 3612
f 3612 3611 3613
f 3613 3611 3614
f 3613 3614 3615
f 3615 3614 3616
f 3616 3614 3617
f 3616 3617 3618
f 3608 3619 3611
f 3618 3620 3616
f 3616 3620 3621
f 3616 3621 3622
f 3622 3623 3616
f 3616 3623 3624
f 3616 3624 3625
f 3625 3626 3616
f 3616 3626 3627
f 3616 3627 3628
f 3628 3627 3629
f 3629 3627 3630
f 3629 3630 3631
f 3631 3632 3629
f 3628 3633 3616
f 3616 3633 3634
f 3634 3633 3635
f 3634 3635 3636
f 3636 3637 3634
f 3634 3637 3638
f 3634 3638 3639
f 3639 3640 3634
f 3634 3640 3641
f 3634 3641 3642
f 3642 3643 3634
f 3634 3643 3644
f 3644 3643 3645
f 3645 3643 3646
f 3645 3646 3647
f 3602 3600 3648
f 3648 3600 3649
f 3648 3649 3650
f 3650 3649 3651
f 3651 3649 3652
f 3652 3649 3653
f 3652 3653 3654
f 3655 3656 3649
f 3649 3656 3657
f 3649 3657 3658
f 3658 3659 3649
f 3649 3659 3660
f 3649 3660 3661
f 3661 3653 3649
f 3654 3662 3652
f 3603 3663 3601
f 3601 3663 3664
f 3601 3664 3665
f 3185 3666 3184
f 3184 3666 3030
f 3030 3666 3667
f 3030 3667 3031
f 3031 3667 3668
f 3669 3670 3671
f 3671 3670 3672
f 3672 3670 3673
f 3672 3673 3674
f 3674 3673 3675
f 3493 3676 3492
f 3492 3676 3485
f 3485 3676 3677
f 3485 3677 3486
f 3486 3677 3678
f 3679 3680 3681
f 3681 3680 2879
f 2879 3680 3682
f 2879 3682 2880
f 2880 3682 3683
f 3684 3685 3686
f 3686 3685 2903
f 2903 3685 3687
f 2903 3687 2902
f 2902 3687 2900
f 2903 2905 3686
f 3686 2905 2906
f 3686 2906 2907
f 3672 3688 3671
f 3671 3688 3689
f 3671 3689 3690
f 3691 3692 2751
f 2751 3692 2753
f 2753 3692 3693
f 2753 3693 2755
f 2755 3693 3694
f 2755 3694 2757
f 2757 3694 3695
f 2757 3695 3696
f 2757 3696 2759
f 2759 3696 3697
f 2759 3697 2761
f 2761 3697 3698
f 2761 3698 2763
f 2763 3698 3699
f 2763 3699 2765
f 2765 3699 3700
f 2765 3700 2769
f 2769 3700 3701
f 3052 1857 3053
f 3053 1857 1859
f 3053 1859 1861
f 3702 1445 3052
f 3052 1445 1441
f 3052 1441 1437
f 1445 3702 1449
f 1449 3702 3703
f 1449 3703 1453
f 1453 3703 3704
f 1453 3704 1456
f 1456 3704 1458
f 1458 3704 3705
f 1458 3705 1315
f 1315 3705 3706
f 1315 3706 3707
f 1315 3707 1314
f 1314 3707 3708
f 1314 3708 1459
f 1459 3708 3709
f 1459 3709 3710
f 1459 3710 1463
f 1463 3710 3711
f 1463 3711 1467
f 1467 3711 3712
f 1467 3712 3713
f 3714 3715 3713
f 3713 3715 3716
f 3713 3716 1471
f 1471 3716 1475
f 1475 3716 1479
f 1479 3716 3717
f 1479 3717 1483
f 1483 3717 3718
f 1483 3718 1487
f 1487 3718 1490
f 1471 1467 3713
f 1437 1433 3052
f 3052 1433 1849
f 3052 1849 1851
f 1433 1351 1849
f 1849 1351 1352
f 1849 1352 1847
f 1847 1352 1354
f 1847 1354 1845
f 1845 1354 1432
f 1845 1432 1843
f 1843 1432 1430
f 1843 1430 1427
f 1843 1427 1841
f 1841 1427 1423
f 1841 1423 1839
f 1839 1423 1419
f 1839 1419 1837
f 1837 1419 1415
f 1837 1415 3719
f 3719 1415 1411
f 3719 1411 3720
f 3720 1411 1392
f 3720 1392 3721
f 3721 1392 1393
f 3721 1393 1395
f 2844 1833 3719
f 3719 1833 1835
f 3719 1835 1837
f 2841 1829 2844
f 2844 1829 1831
f 2844 1831 1833
f 2841 2837 1829
f 1829 2837 1827
f 1827 2837 2832
f 1827 2832 1825
f 1825 2832 2826
f 1825 2826 2819
f 1825 2819 1823
f 1823 2819 2811
f 1823 2811 1821
f 1821 2811 2795
f 1821 2795 2788
f 1821 2788 1819
f 1819 2788 2790
f 1819 2790 1817
f 1817 2790 2794
f 1817 2794 1815
f 1815 2794 3342
f 1815 3342 1813
f 1813 3342 3341
f 1813 3341 1811
f 1811 3341 3425
f 1811 3425 1809
f 1809 3425 3423
f 1809 3423 1807
f 1807 3423 3421
f 1807 3421 1805
f 1805 3421 3419
f 1805 3419 1803
f 1803 3419 3417
f 1803 3417 1801
f 1801 3417 3415
f 1801 3415 1799
f 1799 3415 3406
f 1799 3406 1798
f 1798 3406 3397
f 1798 3397 1796
f 1796 3397 3388
f 1796 3388 1794
f 1794 3388 3379
f 1794 3379 1792
f 1792 3379 3370
f 1792 3370 1790
f 1790 3370 3361
f 1790 3361 1788
f 1788 3361 3352
f 1788 3352 1786
f 1786 3352 3343
f 1786 3343 1784
f 1784 3343 3291
f 1784 3291 1782
f 1782 3291 3287
f 1782 3287 1780
f 1780 3287 2560
f 1780 2560 1778
f 1778 2560 2530
f 1778 2530 2529
f 1778 2529 1776
f 1776 2529 2558
f 1776 2558 1774
f 1774 2558 2556
f 1774 2556 1772
f 1772 2556 2554
f 1772 2554 2552
f 2550 1744 2552
f 2552 1744 1770
f 2552 1770 1772
f 2550 2548 1744
f 1744 2548 2547
f 1744 1746 1770
f 1770 1746 1768
f 1768 1746 1748
f 1768 1748 1750
f 1768 1750 1766
f 1766 1750 1752
f 1766 1752 1754
f 1754 1756 1766
f 1766 1756 1764
f 1764 1756 1758
f 1764 1758 1760
f 1764 1760 1890
f 1890 1760 1762
f 1890 1762 2639
f 2639 1762 2644
f 2644 1762 2648
f 2648 1762 2651
f 1890 2639 1888
f 1888 2639 2633
f 1888 2633 2626
f 1888 2626 1886
f 1886 2626 2618
f 1886 2618 1884
f 1884 2618 2607
f 1884 2607 1882
f 1882 2607 2606
f 1882 2606 2617
f 1882 2617 1880
f 1880 2617 3091
f 1880 3091 1878
f 1878 3091 3087
f 1878 3087 1876
f 1876 3087 3085
f 1876 3085 1874
f 1874 3085 3083
f 1874 3083 1872
f 1872 3083 3081
f 1872 3081 1870
f 1870 3081 3079
f 1870 3079 1868
f 1868 3079 3077
f 1868 3077 1866
f 1866 3077 3075
f 1866 3075 1864
f 1864 3075 3073
f 1864 3073 1863
f 1863 3073 3053
f 1863 3053 1861
f 1851 1853 3052
f 3052 1853 1855
f 3052 1855 1857
f 3722 1995 3723
f 3723 1995 1993
f 3723 1993 2033
f 1995 3722 1997
f 1997 3722 3724
f 1997 3724 1999
f 1999 3724 3725
f 1999 3725 2001
f 2001 3725 3726
f 2001 3726 3727
f 2001 3727 2003
f 2003 3727 3728
f 2003 3728 2005
f 2005 3728 3729
f 2005 3729 2064
f 2064 3729 3730
f 2064 3730 2066
f 2066 3730 3731
f 2066 3731 2068
f 2068 3731 3732
f 2068 3732 2070
f 2070 3732 3733
f 2070 3733 2072
f 2072 3733 3734
f 2072 3734 2074
f 2074 3734 3735
f 2074 3735 2076
f 2076 3735 3736
f 2076 3736 2078
f 2078 3736 3737
f 2078 3737 2080
f 2080 3737 1076
f 2080 1076 1036
f 1076 3737 1074
f 1074 3737 3738
f 1074 3738 1072
f 1072 3738 3739
f 1072 3739 1070
f 1070 3739 3740
f 1070 3740 1068
f 1068 3740 1066
f 1066 3740 3741
f 1066 3741 1064
f 1064 3741 3742
f 1064 3742 2145
f 2145 3742 3743
f 2145 3743 2147
f 2147 3743 3744
f 2147 3744 2149
f 2149 3744 2151
f 2151 3744 3745
f 2151 3745 2153
f 2153 3745 3746
f 2153 3746 2155
f 2155 3746 3747
f 2155 3747 2157
f 2157 3747 3748
f 2157 3748 2159
f 2159 3748 3749
f 2159 3749 3750
f 3751 2220 3750
f 3750 2220 2161
f 3750 2161 2159
f 3751 3752 2220
f 2220 3752 2222
f 2222 3752 3753
f 2222 3753 2224
f 2224 3753 3754
f 2224 3754 2226
f 2226 3754 3755
f 2226 3755 3756
f 2226 3756 2228
f 2228 3756 3757
f 2228 3757 2230
f 2230 3757 2232
f 2232 3757 2234
f 2234 3757 2236
f 2236 3757 3758
f 2236 3758 2301
f 2301 3758 3759
f 2301 3759 2303
f 2303 3759 3265
f 2303 3265 2305
f 2305 3265 2307
f 2307 3265 3760
f 2307 3760 2309
f 2309 3760 2311
f 2311 3760 2313
f 2313 3760 1012
f 2313 1012 1014
f 3761 3762 3757
f 3757 3762 3763
f 3757 3763 3758
f 3265 3266 3760
f 3764 1004 3760
f 3760 1004 1006
f 3760 1006 1008
f 3285 3286 3764
f 3764 3286 1962
f 3764 1962 1960
f 3723 2031 3286
f 3286 2031 1924
f 3286 1924 1922
f 998 1950 996
f 996 1950 1948
f 996 1948 994
f 994 1948 1946
f 994 1946 1034
f 1034 1946 1944
f 1034 1944 1032
f 1032 1944 1942
f 1032 1942 17
f 17 1942 15
f 15 1942 1940
f 15 1940 13
f 13 1940 1938
f 13 1938 1936
f 1950 998 1952
f 1952 998 1000
f 1952 1000 1954
f 1954 1000 1002
f 1954 1002 3764
f 3764 1002 1004
f 1008 1010 3760
f 3760 1010 1012
f 2313 1014 2315
f 2315 1014 1016
f 2315 1016 2317
f 2317 1016 1018
f 2317 1018 2277
f 2277 1018 1020
f 2277 1020 2279
f 2279 1020 1022
f 2279 1022 2281
f 2281 1022 1024
f 2281 1024 2283
f 2283 1024 23
f 2283 23 25
f 23 1024 21
f 21 1024 1026
f 21 1026 19
f 19 1026 1028
f 19 1028 1030
f 19 1030 17
f 17 1030 1032
f 1040 2084 1038
f 1038 2084 2082
f 1038 2082 1036
f 1036 2082 2080
f 2084 1040 2086
f 2086 1040 1042
f 2086 1042 2088
f 2088 1042 1044
f 2088 1044 2090
f 2090 1044 55
f 2090 55 57
f 1044 1046 55
f 55 1046 53
f 53 1046 1048
f 53 1048 1050
f 53 1050 51
f 51 1050 1052
f 51 1052 49
f 49 1052 2175
f 49 2175 47
f 47 2175 2173
f 47 2173 45
f 45 2173 2171
f 45 2171 2169
f 2175 1052 2135
f 2135 1052 1054
f 2135 1054 2137
f 2137 1054 1056
f 2137 1056 2139
f 2139 1056 1058
f 2139 1058 2141
f 2141 1058 1060
f 2141 1060 2143
f 2143 1060 1062
f 2143 1062 2145
f 2145 1062 1064
f 1922 1962 3286
f 1960 1958 3764
f 3764 1958 1956
f 3764 1956 1954
f 13 1936 11
f 11 1936 1934
f 11 1934 9
f 9 1934 1932
f 9 1932 7
f 7 1932 2021
f 7 2021 2019
f 1932 1930 2021
f 2021 1930 2023
f 2023 1930 1928
f 2023 1928 2025
f 2025 1928 1926
f 2025 1926 2027
f 2027 1926 2029
f 2029 1926 1924
f 2029 1924 2031
f 2033 2031 3723
f 7 2019 5
f 5 2019 2017
f 5 2017 3
f 3 2017 2015
f 3 2015 1
f 1 2015 2013
f 1 2013 65
f 65 2013 2011
f 65 2011 2100
f 2100 2011 2102
f 2102 2011 2009
f 2102 2009 2104
f 2104 2009 2007
f 2104 2007 2064
f 2064 2007 2005
f 65 2100 63
f 63 2100 2098
f 63 2098 61
f 61 2098 2096
f 61 2096 59
f 59 2096 2094
f 59 2094 2092
f 59 2092 57
f 57 2092 2090
f 45 2169 43
f 43 2169 2167
f 43 2167 41
f 41 2167 2212
f 41 2212 39
f 39 2212 2210
f 39 2210 37
f 37 2210 2208
f 37 2208 35
f 35 2208 2206
f 35 2206 33
f 33 2206 2246
f 33 2246 31
f 31 2246 2291
f 31 2291 29
f 29 2291 2289
f 29 2289 27
f 27 2289 2287
f 27 2287 2285
f 2167 2165 2212
f 2212 2165 2214
f 2214 2165 2163
f 2214 2163 2216
f 2216 2163 2161
f 2216 2161 2218
f 2218 2161 2220
f 2291 2246 2293
f 2293 2246 2244
f 2293 2244 2295
f 2295 2244 2242
f 2295 2242 2297
f 2297 2242 2240
f 2297 2240 2238
f 2297 2238 2299
f 2299 2238 2236
f 2299 2236 2301
f 27 2285 25
f 25 2285 2283
f 3715 3714 3765
f 3765 3714 3766
f 3765 3766 3767
f 3767 3766 3768
f 3767 3768 3769
f 3769 3768 3770
f 3769 3770 3771
f 3771 3770 3772
f 3771 3772 3773
f 3773 3772 3774
f 3773 3774 3775
f 3775 3774 3776
f 3775 3776 3777
f 3777 3776 3778
f 3777 3778 3779
f 3779 3778 3780
f 3779 3780 3781
f 3781 3780 3782
f 3781 3782 3783
f 3783 3782 3784
f 3783 3784 3785
f 3785 3784 3786
f 3785 3786 3787
f 3787 3786 3788
f 3787 3788 3789
f 3789 3788 3790
f 3789 3790 3791
f 3791 3790 3792
f 3791 3792 3793
f 3793 3792 3794
f 3793 3794 3795
f 3795 3794 3796
f 3795 3796 3797
f 3797 3796 3798
f 3797 3798 3799
f 3799 3798 3800
f 3799 3800 3801
f 3801 3800 3802
f 3801 3802 3803
f 3803 3802 3804
f 3803 3804 3805
f 3805 3804 3806
f 3805 3806 3807
f 3807 3806 3808
f 3807 3808 3809
f 3809 3808 3810
f 3809 3810 3811
f 3811 3810 3812
f 3811 3812 3813
f 3813 3812 3814
f 3813 3814 3815
f 3815 3814 3816
f 3815 3816 3817
f 3817 3816 3818
f 3817 3818 3819
f 3819 3818 3820
f 3819 3820 3821
f 3821 3820 3822
f 3821 3822 3823
f 3823 3822 3824
f 3823 3824 3825
f 3825 3824 3826
f 3825 3826 3827
f 3827 3826 3828
f 3827 3828 3829
f 3829 3828 3830
f 3829 3830 3831
f 3831 3830 3832
f 3831 3832 3608
f 3608 3832 3619
f 613 3833 611
f 611 3833 628
f 628 3833 3834
f 628 3834 630
f 630 3834 803
f 630 803 784
f 803 3834 805
f 805 3834 3835
f 805 3835 807
f 807 3835 3836
f 807 3836 3837
f 811 809 3837
f 3837 809 807
f 630 784 632
f 632 784 782
f 632 782 634
f 634 782 780
f 634 780 636
f 636 780 778
f 636 778 638
f 638 778 776
f 638 776 640
f 640 776 774
f 640 774 642
f 642 774 644
f 644 774 772
f 644 772 886
f 886 772 888
f 888 772 770
f 888 770 890
f 890 770 768
f 890 768 892
f 892 768 766
f 892 766 894
f 894 766 764
f 894 764 896
f 896 764 762
f 896 762 898
f 898 762 760
f 898 760 900
f 900 760 758
f 900 758 902
f 902 758 756
f 902 756 904
f 904 756 754
f 904 754 906
f 906 754 741
f 906 741 743
f 906 743 919
f 919 743 3838
f 919 3838 921
f 921 3838 917
f 917 3838 918
f 918 3838 923
f 923 3838 925
f 925 3838 927
f 927 3838 929
f 929 3838 931
f 931 3838 933
f 933 3838 282
f 933 282 277
f 3838 3839 282
f 282 3839 284
f 284 3839 286
f 286 3839 288
f 288 3839 290
f 290 3839 292
f 292 3839 294
f 294 3839 296
f 296 3839 298
f 298 3839 300
f 300 3839 366
f 300 366 367
f 300 367 229
f 229 367 369
f 229 369 371
f 229 371 227
f 227 371 373
f 227 373 237
f 237 373 375
f 237 375 239
f 239 375 377
f 239 377 241
f 241 377 379
f 241 379 243
f 243 379 381
f 243 381 245
f 245 381 442
f 245 442 247
f 247 442 441
f 247 441 249
f 249 441 440
f 249 440 251
f 251 440 522
f 251 522 253
f 253 522 503
f 253 503 255
f 255 503 501
f 255 501 257
f 257 501 499
f 257 499 650
f 650 499 652
f 652 499 497
f 652 497 654
f 654 497 495
f 654 495 656
f 656 495 493
f 656 493 658
f 658 493 491
f 658 491 3840
f 3840 491 489
f 3840 489 3841
f 3841 489 487
f 3841 487 3842
f 3842 487 485
f 3842 485 483
f 440 439 522
f 522 439 524
f 524 439 526
f 526 439 438
f 526 438 528
f 528 438 437
f 528 437 530
f 530 437 436
f 530 436 520
f 520 436 435
f 520 435 521
f 521 435 434
f 521 434 532
f 532 434 433
f 532 433 3843
f 3843 433 432
f 3843 432 3844
f 3844 432 431
f 3844 431 3845
f 3845 431 3846
f 3846 431 430
f 3846 430 429
f 532 3843 534
f 534 3843 3847
f 534 3847 536
f 536 3847 538
f 483 481 3842
f 658 3840 660
f 660 3840 3848
f 660 3848 662
f 662 3848 3849
f 662 3849 664
f 664 3849 666
f 666 3849 668
f 257 650 882
f 882 650 648
f 882 648 884
f 884 648 646
f 884 646 886
f 886 646 644
f 941 265 870
f 870 265 263
f 870 263 868
f 868 263 261
f 868 261 878
f 878 261 259
f 878 259 880
f 880 259 257
f 880 257 882
f 265 941 278
f 278 941 939
f 278 939 280
f 280 939 937
f 280 937 276
f 276 937 935
f 276 935 277
f 277 935 933
f 3850 3851 3852
f 3852 3851 3853
f 3852 3853 3854
f 3854 3853 3855
f 3854 3856 3852
f 3852 3856 3857
f 3852 3857 3858
f 3858 3857 3859
f 3859 3857 3860
f 3859 3860 3861
f 3861 3860 3862
f 3861 3862 3863
f 3863 3862 3864
f 3863 3864 3865
f 3865 3864 3866
f 3865 3866 3867
f 3867 3866 3868
f 3867 3868 3869
f 3869 3868 3870
f 3869 3870 3871
f 3856 3872 3857
f 3857 3872 3873
f 3857 3873 3860
f 3860 3873 3874
f 3860 3874 3862
f 3862 3874 3875
f 3862 3875 3864
f 3864 3875 3876
f 3864 3876 3877
f 3864 3877 3866
f 3866 3877 3878
f 3866 3878 3868
f 3868 3878 3870
f 3858 3850 3852
f 3871 3691 3869
f 3869 3691 2751
f 2249 2248 2278
f 2278 2248 2247
f 2278 2247 2276
f 2276 2247 2275
f 2276 2275 2316
f 2316 2275 2274
f 2316 2274 2314
f 2314 2274 2273
f 2314 2273 2272
f 2314 2272 2312
f 2312 2272 2271
f 2312 2271 2310
f 2310 2271 2270
f 2310 2270 2269
f 2310 2269 2308
f 2308 2269 2268
f 2308 2268 2306
f 2306 2268 2267
f 2306 2267 2304
f 2304 2267 2266
f 2304 2266 2265
f 2304 2265 2302
f 2302 2265 2264
f 2302 2264 2300
f 2300 2264 2263
f 2300 2263 2298
f 2298 2263 2262
f 2298 2262 2261
f 2298 2261 2296
f 2296 2261 2260
f 2296 2260 2294
f 2294 2260 2259
f 2294 2259 2258
f 2294 2258 2292
f 2292 2258 2257
f 2292 2257 2290
f 2290 2257 2256
f 2290 2256 2288
f 2288 2256 2255
f 2288 2255 2254
f 2288 2254 2286
f 2286 2254 2253
f 2286 2253 2284
f 2284 2253 2252
f 2284 2252 2251
f 2284 2251 2282
f 2282 2251 2250
f 2282 2250 2280
f 2280 2250 2249
f 2280 2249 2278
f 2178 2177 2207
f 2207 2177 2176
f 2207 2176 2205
f 2205 2176 2204
f 2205 2204 2245
f 2245 2204 2203
f 2245 2203 2243
f 2243 2203 2202
f 2243 2202 2201
f 2243 2201 2241
f 2241 2201 2200
f 2241 2200 2239
f 2239 2200 2199
f 2239 2199 2198
f 2239 2198 2237
f 2237 2198 2197
f 2237 2197 2235
f 2235 2197 2196
f 2235 2196 2233
f 2233 2196 2195
f 2233 2195 2194
f 2233 2194 2231
f 2231 2194 2193
f 2231 2193 2229
f 2229 2193 2192
f 2229 2192 2227
f 2227 2192 2191
f 2227 2191 2190
f 2227 2190 2225
f 2225 2190 2189
f 2225 2189 2223
f 2223 2189 2188
f 2223 2188 2187
f 2223 2187 2221
f 2221 2187 2186
f 2221 2186 2219
f 2219 2186 2185
f 2219 2185 2217
f 2217 2185 2184
f 2217 2184 2183
f 2217 2183 2215
f 2215 2183 2182
f 2215 2182 2213
f 2213 2182 2181
f 2213 2181 2180
f 2213 2180 2211
f 2211 2180 2179
f 2211 2179 2209
f 2209 2179 2178
f 2209 2178 2207
f 2107 2106 2136
f 2136 2106 2105
f 2136 2105 2134
f 2134 2105 2133
f 2134 2133 2174
f 2174 2133 2132
f 2174 2132 2172
f 2172 2132 2131
f 2172 2131 2130
f 2172 2130 2170
f 2170 2130 2129
f 2170 2129 2168
f 2168 2129 2128
f 2168 2128 2127
f 2168 2127 2166
f 2166 2127 2126
f 2166 2126 2164
f 2164 2126 2125
f 2164 2125 2162
f 2162 2125 2124
f 2162 2124 2123
f 2162 2123 2160
f 2160 2123 2122
f 2160 2122 2158
f 2158 2122 2121
f 2158 2121 2156
f 2156 2121 2120
f 2156 2120 2119
f 2156 2119 2154
f 2154 2119 2118
f 2154 2118 2152
f 2152 2118 2117
f 2152 2117 2116
f 2152 2116 2150
f 2150 2116 2115
f 2150 2115 2148
f 2148 2115 2114
f 2148 2114 2146
f 2146 2114 2113
f 2146 2113 2112
f 2146 2112 2144
f 2144 2112 2111
f 2144 2111 2142
f 2142 2111 2110
f 2142 2110 2109
f 2142 2109 2140
f 2140 2109 2108
f 2140 2108 2138
f 2138 2108 2107
f 2138 2107 2136
f 2036 2035 2065
f 2065 2035 2034
f 2065 2034 2063
f 2063 2034 2062
f 2063 2062 2103
f 2103 2062 2061
f 2103 2061 2101
f 2101 2061 2060
f 2101 2060 2059
f 2101 2059 2099
f 2099 2059 2058
f 2099 2058 2097
f 2097 2058 2057
f 2097 2057 2056
f 2097 2056 2095
f 2095 2056 2055
f 2095 2055 2093
f 2093 2055 2054
f 2093 2054 2091
f 2091 2054 2053
f 2091 2053 2052
f 2091 2052 2089
f 2089 2052 2051
f 2089 2051 2087
f 2087 2051 2050
f 2087 2050 2085
f 2085 2050 2049
f 2085 2049 2048
f 2085 2048 2083
f 2083 2048 2047
f 2083 2047 2081
f 2081 2047 2046
f 2081 2046 2045
f 2081 2045 2079
f 2079 2045 2044
f 2079 2044 2077
f 2077 2044 2043
f 2077 2043 2075
f 2075 2043 2042
f 2075 2042 2041
f 2075 2041 2073
f 2073 2041 2040
f 2073 2040 2071
f 2071 2040 2039
f 2071 2039 2038
f 2071 2038 2069
f 2069 2038 2037
f 2069 2037 2067
f 2067 2037 2036
f 2067 2036 2065
f 1965 1964 1994
f 1994 1964 1963
f 1994 1963 1992
f 1992 1963 1991
f 1992 1991 2032
f 2032 1991 1990
f 2032 1990 2030
f 2030 1990 1989
f 2030 1989 1988
f 2030 1988 2028
f 2028 1988 1987
f 2028 1987 2026
f 2026 1987 1986
f 2026 1986 1985
f 2026 1985 2024
f 2024 1985 1984
f 2024 1984 2022
f 2022 1984 1983
f 2022 1983 2020
f 2020 1983 1982
f 2020 1982 1981
f 2020 1981 2018
f 2018 1981 1980
f 2018 1980 2016
f 2016 1980 1979
f 2016 1979 2014
f 2014 1979 1978
f 2014 1978 1977
f 2014 1977 2012
f 2012 1977 1976
f 2012 1976 2010
f 2010 1976 1975
f 2010 1975 1974
f 2010 1974 2008
f 2008 1974 1973
f 2008 1973 2006
f 2006 1973 1972
f 2006 1972 2004
f 2004 1972 1971
f 2004 1971 1970
f 2004 1970 2002
f 2002 1970 1969
f 2002 1969 2000
f 2000 1969 1968
f 2000 1968 1967
f 2000 1967 1998
f 1998 1967 1966
f 1998 1966 1996
f 1996 1966 1965
f 1996 1965 1994
f 1894 1893 1923
f 1923 1893 1892
f 1923 1892 1921
f 1921 1892 1920
f 1921 1920 1961
f 1961 1920 1919
f 1961 1919 1959
f 1959 1919 1918
f 1959 1918 1917
f 1959 1917 1957
f 1957 1917 1916
f 1957 1916 1955
f 1955 1916 1915
f 1955 1915 1914
f 1955 1914 1953
f 1953 1914 1913
f 1953 1913 1951
f 1951 1913 1912
f 1951 1912 1949
f 1949 1912 1911
f 1949 1911 1910
f 1949 1910 1947
f 1947 1910 1909
f 1947 1909 1945
f 1945 1909 1908
f 1945 1908 1943
f 1943 1908 1907
f 1943 1907 1906
f 1943 1906 1941
f 1941 1906 1905
f 1941 1905 1939
f 1939 1905 1904
f 1939 1904 1903
f 1939 1903 1937
f 1937 1903 1902
f 1937 1902 1935
f 1935 1902 1901
f 1935 1901 1933
f 1933 1901 1900
f 1933 1900 1899
f 1933 1899 1931
f 1931 1899 1898
f 1931 1898 1929
f 1929 1898 1897
f 1929 1897 1896
f 1929 1896 1927
f 1927 1896 1895
f 1927 1895 1925
f 1925 1895 1894
f 1925 1894 1923
f 3869 2751 3879
f 3879 2751 2750
f 3879 2750 3880
f 3880 2750 2810
f 3880 2810 3881
f 3881 2810 2818
f 3881 2818 3882
f 3882 2818 2825
f 3882 2825 3883
f 3883 2825 2831
f 3883 2831 3884
f 3884 2831 2836
f 3884 2836 3885
f 3885 2836 2840
f 3885 2840 3886
f 3886 2840 2843
f 3886 2843 3887
f 3887 2843 2845
f 3887 2845 3719
f 3719 2845 2844
f 3887 3719 3888
f 3888 3719 3720
f 3888 3720 3889
f 3889 3720 3721
f 3889 3721 3890
f 3890 3721 1395
f 3890 1395 3891
f 3890 3891 3892
f 3892 3891 3893
f 3892 3893 3894
f 3894 3893 3895
f 3894 3895 3896
f 3894 3896 3897
f 3897 3896 3898
f 3897 3898 3899
f 3900 3901 3899
f 3899 3901 3902
f 3899 3902 3897
f 3897 3902 3903
f 3897 3903 3904
f 3904 3903 3905
f 3904 3905 3906
f 3906 3905 3907
f 3906 3907 3908
f 3908 3907 3909
f 3908 3909 3910
f 3910 3909 3911
f 3910 3911 3912
f 3912 3911 3913
f 3912 3913 3914
f 3914 3913 3915
f 3914 3915 3916
f 3916 3915 3859
f 3916 3859 3861
f 3900 1490 3901
f 3901 1490 3917
f 3901 3917 3918
f 3918 3917 3919
f 3918 3919 3920
f 3920 3919 3921
f 3920 3921 3922
f 1490 3718 3917
f 3917 3718 3923
f 3917 3923 3919
f 3919 3923 3924
f 3919 3924 3921
f 3718 3717 3923
f 3923 3717 3925
f 3923 3925 3924
f 3717 3716 3925
f 3920 3922 3926
f 3926 3922 3927
f 3926 3927 3928
f 3928 3927 3929
f 3928 3929 3930
f 3930 3929 3931
f 3930 3931 3932
f 3932 3931 3933
f 3932 3933 3934
f 3934 3933 3935
f 3934 3935 3936
f 3936 3935 3851
f 3936 3851 3850
f 3936 3850 3937
f 3937 3850 3858
f 3937 3858 3915
f 3915 3858 3859
f 3863 3938 3861
f 3861 3938 3939
f 3861 3939 3916
f 3916 3939 3940
f 3916 3940 3914
f 3914 3940 3941
f 3914 3941 3912
f 3912 3941 3942
f 3912 3942 3910
f 3910 3942 3943
f 3910 3943 3908
f 3908 3943 3944
f 3908 3944 3906
f 3906 3944 3945
f 3906 3945 3904
f 3904 3945 3894
f 3904 3894 3897
f 3938 3863 3946
f 3946 3863 3865
f 3946 3865 3947
f 3947 3865 3867
f 3947 3867 3948
f 3948 3867 3869
f 3948 3869 3879
f 3879 3880 3948
f 3948 3880 3949
f 3948 3949 3947
f 3947 3949 3950
f 3947 3950 3946
f 3946 3950 3951
f 3946 3951 3938
f 3938 3951 3952
f 3938 3952 3939
f 3939 3952 3940
f 3880 3881 3949
f 3949 3881 3953
f 3949 3953 3950
f 3950 3953 3954
f 3950 3954 3951
f 3951 3954 3955
f 3951 3955 3952
f 3952 3955 3956
f 3952 3956 3940
f 3940 3956 3941
f 3881 3882 3953
f 3953 3882 3957
f 3953 3957 3954
f 3954 3957 3958
f 3954 3958 3955
f 3955 3958 3959
f 3955 3959 3956
f 3956 3959 3960
f 3956 3960 3941
f 3941 3960 3942
f 3882 3883 3957
f 3957 3883 3961
f 3957 3961 3958
f 3958 3961 3962
f 3958 3962 3959
f 3959 3962 3963
f 3959 3963 3960
f 3960 3963 3964
f 3960 3964 3942
f 3942 3964 3943
f 3883 3884 3961
f 3961 3884 3965
f 3961 3965 3962
f 3962 3965 3966
f 3962 3966 3963
f 3963 3966 3967
f 3963 3967 3964
f 3964 3967 3968
f 3964 3968 3943
f 3943 3968 3944
f 3884 3885 3965
f 3965 3885 3969
f 3965 3969 3966
f 3966 3969 3970
f 3966 3970 3967
f 3967 3970 3971
f 3967 3971 3968
f 3968 3971 3972
f 3968 3972 3944
f 3944 3972 3945
f 3885 3886 3969
f 3969 3886 3973
f 3969 3973 3970
f 3970 3973 3974
f 3970 3974 3971
f 3971 3974 3975
f 3971 3975 3972
f 3972 3975 3976
f 3972 3976 3945
f 3945 3976 3894
f 3886 3887 3973
f 3973 3887 3888
f 3973 3888 3974
f 3974 3888 3889
f 3974 3889 3975
f 3975 3889 3890
f 3975 3890 3976
f 3976 3890 3892
f 3976 3892 3894
f 3901 3918 3902
f 3902 3918 3977
f 3902 3977 3903
f 3903 3977 3978
f 3903 3978 3905
f 3905 3978 3979
f 3905 3979 3907
f 3907 3979 3980
f 3907 3980 3909
f 3909 3980 3981
f 3909 3981 3911
f 3911 3981 3982
f 3911 3982 3913
f 3913 3982 3937
f 3913 3937 3915
f 3918 3920 3977
f 3977 3920 3926
f 3977 3926 3978
f 3978 3926 3928
f 3978 3928 3979
f 3979 3928 3930
f 3979 3930 3980
f 3980 3930 3932
f 3980 3932 3981
f 3981 3932 3934
f 3981 3934 3982
f 3982 3934 3936
f 3982 3936 3937
f 3716 3715 3983
f 3983 3715 3984
f 3983 3984 3985
f 3983 3985 3986
f 3986 3985 3987
f 3986 3987 3988
f 3988 3987 3989
f 3988 3989 3990
f 3990 3989 3991
f 3990 3991 3992
f 3992 3991 3993
f 3992 3993 3994
f 3994 3993 3995
f 3994 3995 3996
f 3996 3995 3997
f 3996 3997 3998
f 3998 3997 355
f 3998 355 357
f 3998 357 3999
f 3999 357 361
f 3999 361 362
f 362 364 3999
f 3999 364 3839
f 3999 3839 4000
f 364 366 3839
f 3999 4000 3998
f 3998 4000 4001
f 3998 4001 3996
f 3996 4001 4002
f 3996 4002 3994
f 3994 4002 4003
f 3994 4003 3992
f 3992 4003 4004
f 3992 4004 3990
f 3990 4004 4005
f 3990 4005 3988
f 3988 4005 4006
f 3988 4006 3986
f 3986 4006 4007
f 3986 4007 3983
f 3983 4007 4008
f 3983 4008 3716
f 3608 4009 3831
f 3831 4009 4010
f 3831 4010 3829
f 3829 4010 4011
f 3829 4011 3827
f 3827 4011 4012
f 3827 4012 3825
f 3825 4012 4013
f 3825 4013 3823
f 3823 4013 4014
f 3823 4014 3821
f 3821 4014 4015
f 3821 4015 3819
f 3819 4015 4016
f 3819 4016 3817
f 3817 4016 4017
f 3817 4017 3815
f 3815 4017 4018
f 3815 4018 3813
f 3813 4018 4019
f 3813 4019 3811
f 3811 4019 4020
f 3811 4020 3809
f 3809 4020 4021
f 3809 4021 3807
f 3807 4021 4022
f 3807 4022 4023
f 4023 4022 4024
f 4023 4024 4025
f 4025 4024 4026
f 4025 4026 4027
f 4027 4026 4028
f 4027 4028 4029
f 4029 4028 4030
f 4029 4030 4031
f 4031 4030 4032
f 4031 4032 4033
f 4033 4032 4034
f 4033 4034 4035
f 4035 4034 4036
f 4035 4036 4037
f 4037 4036 4038
f 4037 4038 4039
f 4039 4038 4040
f 4039 4040 4041
f 4041 4040 4042
f 4041 4042 4043
f 4043 4042 4044
f 4043 4044 4045
f 4045 4044 4046
f 4045 4046 4047
f 4047 4046 4048
f 4047 4048 4049
f 4049 4048 4050
f 4049 4050 4051
f 4051 4050 4052
f 4051 4052 4053
f 4053 4052 4054
f 4053 4054 4055
f 4055 4054 4056
f 4055 4056 4057
f 4057 4056 4058
f 4057 4058 4059
f 4059 4058 4060
f 4059 4060 4061
f 4061 4060 4062
f 4061 4062 4063
f 4063 4062 4064
f 4063 4064 3995
f 3995 4064 3997
f 3997 4064 4065
f 3997 4065 353
f 353 4065 389
f 389 4065 391
f 391 4065 4066
f 391 4066 4067
f 4067 4066 4068
f 4067 4068 4069
f 4069 4068 4070
f 4069 4070 3846
f 3846 4070 3845
f 3845 4070 4071
f 3845 4071 3844
f 3844 4071 4072
f 3844 4072 3843
f 3843 4072 4073
f 3843 4073 3847
f 3847 4073 4074
f 3847 4074 538
f 538 4074 4075
f 538 4075 539
f 539 4075 540
f 540 4075 552
f 552 4075 554
f 554 4075 4076
f 554 4076 555
f 555 4076 4077
f 555 4077 557
f 557 4077 4078
f 557 4078 558
f 558 4078 550
f 550 4078 551
f 551 4078 4079
f 551 4079 560
f 560 4079 562
f 562 4079 4080
f 562 4080 563
f 563 4080 4081
f 563 4081 564
f 564 4081 569
f 569 4081 4082
f 569 4082 579
f 579 4082 581
f 581 4082 480
f 480 4082 481
f 481 4082 4083
f 481 4083 3842
f 3842 4083 4084
f 3842 4084 3841
f 3841 4084 4085
f 3841 4085 3840
f 3840 4085 4086
f 3840 4086 3848
f 3848 4086 4087
f 3848 4087 3849
f 3849 4087 4088
f 3849 4088 668
f 668 4088 669
f 669 4088 671
f 671 4088 4089
f 671 4089 673
f 673 4089 674
f 674 4089 4090
f 674 4090 676
f 676 4090 677
f 677 4090 4091
f 677 4091 678
f 678 4091 4092
f 678 4092 682
f 682 4092 684
f 684 4092 4093
f 684 4093 685
f 685 4093 687
f 687 4093 622
f 622 4093 4094
f 622 4094 4095
f 4095 4094 4096
f 4095 4096 618
f 618 4096 616
f 616 4096 615
f 615 4096 613
f 613 4096 4097
f 613 4097 3833
f 3833 4097 4098
f 3833 4098 3834
f 3834 4098 4099
f 3834 4099 3835
f 3835 4099 4100
f 3835 4100 3836
f 3836 4100 4101
f 3836 4101 3837
f 3837 4101 4102
f 3837 4102 811
f 811 4102 812
f 812 4102 813
f 813 4102 801
f 801 4102 4103
f 801 4103 802
f 802 4103 814
f 814 4103 4104
f 814 4104 817
f 817 4104 4105
f 817 4105 819
f 819 4105 820
f 820 4105 822
f 822 4105 4106
f 4106 4105 4107
f 4106 4107 4108
f 4108 4107 4109
f 4108 4109 4110
f 4110 4109 4111
f 4110 4111 4112
f 4112 4111 4113
f 4112 4113 4114
f 4114 4113 4115
f 4114 4115 4116
f 4116 4115 4117
f 4116 4117 4118
f 4118 4117 4010
f 4118 4010 4009
f 618 619 4095
f 4095 619 621
f 4095 621 622
f 3846 429 4069
f 4069 429 428
f 4069 428 427
f 427 426 4069
f 4069 426 4067
f 426 425 4067
f 4067 425 424
f 4067 424 391
f 353 355 3997
f 3995 3993 4063
f 4063 3993 4119
f 4063 4119 4061
f 4061 4119 4120
f 4061 4120 4059
f 4059 4120 4121
f 4059 4121 4057
f 4057 4121 4122
f 4057 4122 4055
f 4055 4122 4123
f 4055 4123 4053
f 4053 4123 4124
f 4053 4124 4051
f 4051 4124 4125
f 4051 4125 4049
f 4049 4125 4126
f 4049 4126 4047
f 4047 4126 4127
f 4047 4127 4045
f 4045 4127 4128
f 4045 4128 4043
f 4043 4128 4129
f 4043 4129 4041
f 4041 4129 4130
f 4041 4130 4039
f 4039 4130 4131
f 4039 4131 4037
f 4037 4131 4132
f 4037 4132 4035
f 4035 4132 4133
f 4035 4133 4033
f 4033 4133 4134
f 4033 4134 4031
f 4031 4134 4135
f 4031 4135 4029
f 4029 4135 4136
f 4029 4136 4027
f 4027 4136 4137
f 4027 4137 4025
f 4025 4137 4138
f 4025 4138 4023
f 4023 4138 3805
f 4023 3805 3807
f 3993 3991 4119
f 4119 3991 4139
f 4119 4139 4120
f 4120 4139 4140
f 4120 4140 4121
f 4121 4140 4141
f 4121 4141 4122
f 4122 4141 4142
f 4122 4142 4123
f 4123 4142 4143
f 4123 4143 4124
f 4124 4143 4144
f 4124 4144 4125
f 4125 4144 4145
f 4125 4145 4126
f 4126 4145 4146
f 4126 4146 4127
f 4127 4146 4147
f 4127 4147 4128
f 4128 4147 4148
f 4128 4148 4129
f 4129 4148 4149
f 4129 4149 4130
f 4130 4149 4150
f 4130 4150 4131
f 4131 4150 3789
f 4131 3789 4132
f 4132 3789 3791
f 4132 3791 4133
f 4133 3791 3793
f 4133 3793 4134
f 4134 3793 3795
f 4134 3795 4135
f 4135 3795 3797
f 4135 3797 4136
f 4136 3797 3799
f 4136 3799 4137
f 4137 3799 3801
f 4137 3801 4138
f 4138 3801 3803
f 4138 3803 3805
f 3991 3989 4139
f 4139 3989 4151
f 4139 4151 4140
f 4140 4151 4152
f 4140 4152 4141
f 4141 4152 4153
f 4141 4153 4142
f 4142 4153 4154
f 4142 4154 4143
f 4143 4154 4155
f 4143 4155 4144
f 4144 4155 4156
f 4144 4156 4145
f 4145 4156 4157
f 4145 4157 4146
f 4146 4157 4158
f 4146 4158 4147
f 4147 4158 4159
f 4147 4159 4148
f 4148 4159 4160
f 4148 4160 4149
f 4149 4160 4161
f 4149 4161 4150
f 4150 4161 3787
f 4150 3787 3789
f 3989 3987 4151
f 4151 3987 4162
f 4151 4162 4152
f 4152 4162 4163
f 4152 4163 4153
f 4153 4163 3769
f 4153 3769 4154
f 4154 3769 3771
f 4154 3771 4155
f 4155 3771 3773
f 4155 3773 4156
f 4156 3773 3775
f 4156 3775 4157
f 4157 3775 3777
f 4157 3777 4158
f 4158 3777 3779
f 4158 3779 4159
f 4159 3779 3781
f 4159 3781 4160
f 4160 3781 3783
f 4160 3783 4161
f 4161 3783 3785
f 4161 3785 3787
f 3987 3985 4162
f 4162 3985 4164
f 4162 4164 4163
f 4163 4164 3767
f 4163 3767 3769
f 3985 3984 4164
f 4164 3984 3765
f 4164 3765 3767
f 3984 3715 3765
f 4107 4105 4165
f 4165 4105 4104
f 4165 4104 4166
f 4166 4104 4167
f 4166 4167 4168
f 4168 4167 4169
f 4168 4169 4170
f 4170 4169 4171
f 4170 4171 4172
f 4172 4171 4173
f 4172 4173 4174
f 4174 4173 4175
f 4174 4175 4176
f 4176 4175 4177
f 4176 4177 4178
f 4178 4177 4179
f 4178 4179 4180
f 4180 4179 4094
f 4180 4094 4181
f 4181 4094 4093
f 4181 4093 4182
f 4182 4093 4092
f 4182 4092 4183
f 4183 4092 4091
f 4183 4091 4184
f 4184 4091 4089
f 4184 4089 4088
f 4109 4107 4185
f 4185 4107 4165
f 4185 4165 4186
f 4186 4165 4166
f 4186 4166 4187
f 4187 4166 4168
f 4187 4168 4188
f 4188 4168 4170
f 4188 4170 4189
f 4189 4170 4172
f 4189 4172 4190
f 4190 4172 4174
f 4190 4174 4191
f 4191 4174 4176
f 4191 4176 4192
f 4192 4176 4178
f 4192 4178 4193
f 4193 4178 4180
f 4193 4180 4194
f 4194 4180 4181
f 4194 4181 4195
f 4195 4181 4182
f 4195 4182 4196
f 4196 4182 4183
f 4196 4183 4197
f 4197 4183 4184
f 4197 4184 4198
f 4198 4184 4088
f 4198 4088 4199
f 4199 4088 4087
f 4199 4087 4200
f 4200 4087 4086
f 4200 4086 4201
f 4201 4086 4085
f 4201 4085 4202
f 4202 4085 4084
f 4202 4084 4203
f 4203 4084 4083
f 4203 4083 4204
f 4204 4083 4082
f 4204 4082 4080
f 4080 4082 4081
f 4111 4109 4205
f 4205 4109 4185
f 4205 4185 4206
f 4206 4185 4186
f 4206 4186 4207
f 4207 4186 4187
f 4207 4187 4208
f 4208 4187 4188
f 4208 4188 4209
f 4209 4188 4189
f 4209 4189 4210
f 4210 4189 4190
f 4210 4190 4211
f 4211 4190 4191
f 4211 4191 4212
f 4212 4191 4192
f 4212 4192 4213
f 4213 4192 4193
f 4213 4193 4214
f 4214 4193 4194
f 4214 4194 4215
f 4215 4194 4195
f 4215 4195 4216
f 4216 4195 4196
f 4216 4196 4217
f 4217 4196 4197
f 4217 4197 4218
f 4218 4197 4198
f 4218 4198 4219
f 4219 4198 4199
f 4219 4199 4220
f 4220 4199 4200
f 4220 4200 4221
f 4221 4200 4201
f 4221 4201 4222
f 4222 4201 4202
f 4222 4202 4223
f 4223 4202 4203
f 4223 4203 4224
f 4224 4203 4204
f 4224 4204 4225
f 4225 4204 4080
f 4225 4080 4079
f 4113 4111 4226
f 4226 4111 4205
f 4226 4205 4227
f 4227 4205 4206
f 4227 4206 4228
f 4228 4206 4207
f 4228 4207 4229
f 4229 4207 4208
f 4229 4208 4230
f 4230 4208 4209
f 4230 4209 4231
f 4231 4209 4210
f 4231 4210 4232
f 4232 4210 4211
f 4232 4211 4233
f 4233 4211 4212
f 4233 4212 4234
f 4234 4212 4213
f 4234 4213 4235
f 4235 4213 4214
f 4235 4214 4236
f 4236 4214 4215
f 4236 4215 4237
f 4237 4215 4216
f 4237 4216 4238
f 4238 4216 4217
f 4238 4217 4239
f 4239 4217 4218
f 4239 4218 4240
f 4240 4218 4219
f 4240 4219 4241
f 4241 4219 4220
f 4241 4220 4242
f 4242 4220 4221
f 4242 4221 4243
f 4243 4221 4222
f 4243 4222 4244
f 4244 4222 4223
f 4244 4223 4245
f 4245 4223 4224
f 4245 4224 4246
f 4246 4224 4225
f 4246 4225 4247
f 4247 4225 4079
f 4247 4079 4078
f 4115 4113 4248
f 4248 4113 4226
f 4248 4226 4249
f 4249 4226 4227
f 4249 4227 4250
f 4250 4227 4228
f 4250 4228 4251
f 4251 4228 4229
f 4251 4229 4252
f 4252 4229 4230
f 4252 4230 4253
f 4253 4230 4231
f 4253 4231 4254
f 4254 4231 4232
f 4254 4232 4255
f 4255 4232 4233
f 4255 4233 4256
f 4256 4233 4234
f 4256 4234 4257
f 4257 4234 4235
f 4257 4235 4258
f 4258 4235 4236
f 4258 4236 4259
f 4259 4236 4237
f 4259 4237 4260
f 4260 4237 4238
f 4260 4238 4261
f 4261 4238 4239
f 4261 4239 4262
f 4262 4239 4240
f 4262 4240 4263
f 4263 4240 4241
f 4263 4241 4264
f 4264 4241 4242
f 4264 4242 4265
f 4265 4242 4243
f 4265 4243 4266
f 4266 4243 4244
f 4266 4244 4267
f 4267 4244 4245
f 4267 4245 4268
f 4268 4245 4246
f 4268 4246 4269
f 4269 4246 4247
f 4269 4247 4270
f 4270 4247 4078
f 4270 4078 4271
f 4271 4078 4077
f 4271 4077 4272
f 4272 4077 4273
f 4272 4273 4274
f 4274 4273 4275
f 4274 4275 4276
f 4276 4275 4277
f 4276 4277 4278
f 4278 4277 4279
f 4278 4279 4280
f 4280 4279 4281
f 4280 4281 4282
f 4282 4281 4283
f 4282 4283 4284
f 4284 4283 4068
f 4284 4068 4066
f 4011 4010 4117
f 4117 4115 4285
f 4285 4115 4248
f 4285 4248 4286
f 4286 4248 4249
f 4286 4249 4287
f 4287 4249 4250
f 4287 4250 4288
f 4288 4250 4251
f 4288 4251 4289
f 4289 4251 4252
f 4289 4252 4290
f 4290 4252 4253
f 4290 4253 4291
f 4291 4253 4254
f 4291 4254 4292
f 4292 4254 4255
f 4292 4255 4293
f 4293 4255 4256
f 4293 4256 4294
f 4294 4256 4257
f 4294 4257 4295
f 4295 4257 4258
f 4295 4258 4296
f 4296 4258 4259
f 4296 4259 4297
f 4297 4259 4260
f 4297 4260 4298
f 4298 4260 4261
f 4298 4261 4299
f 4299 4261 4262
f 4299 4262 4300
f 4300 4262 4263
f 4300 4263 4301
f 4301 4263 4264
f 4301 4264 4302
f 4302 4264 4265
f 4302 4265 4303
f 4303 4265 4266
f 4303 4266 4304
f 4304 4266 4267
f 4304 4267 4305
f 4305 4267 4268
f 4305 4268 4306
f 4306 4268 4269
f 4306 4269 4307
f 4307 4269 4270
f 4307 4270 4308
f 4308 4270 4271
f 4308 4271 4309
f 4309 4271 4272
f 4309 4272 4310
f 4310 4272 4274
f 4310 4274 4311
f 4311 4274 4276
f 4311 4276 4312
f 4312 4276 4278
f 4312 4278 4313
f 4313 4278 4280
f 4313 4280 4314
f 4314 4280 4282
f 4314 4282 4315
f 4315 4282 4284
f 4315 4284 4316
f 4316 4284 4066
f 4316 4066 4065
f 4167 4104 4103
f 4167 4103 4102
f 4012 4011 4285
f 4285 4011 4117
f 4012 4285 4286
f 4169 4167 4102
f 4013 4012 4286
f 4013 4286 4287
f 4171 4169 4101
f 4101 4169 4102
f 4014 4013 4287
f 4014 4287 4288
f 4173 4171 4100
f 4100 4171 4101
f 4015 4014 4288
f 4015 4288 4289
f 4175 4173 4099
f 4099 4173 4100
f 4016 4015 4289
f 4016 4289 4290
f 4177 4175 4098
f 4098 4175 4099
f 4017 4016 4290
f 4017 4290 4291
f 4179 4177 4097
f 4097 4177 4098
f 4018 4017 4291
f 4018 4291 4292
f 4018 4292 4019
f 4019 4292 4293
f 4019 4293 4020
f 4020 4293 4294
f 4020 4294 4021
f 4021 4294 4295
f 4021 4295 4022
f 4022 4295 4296
f 4022 4296 4024
f 4024 4296 4297
f 4024 4297 4026
f 4026 4297 4298
f 4026 4298 4028
f 4028 4298 4299
f 4028 4299 4030
f 4030 4299 4300
f 4030 4300 4032
f 4032 4300 4301
f 4032 4301 4034
f 4034 4301 4302
f 4034 4302 4036
f 4036 4302 4303
f 4036 4303 4038
f 4038 4303 4304
f 4038 4304 4040
f 4040 4304 4305
f 4040 4305 4042
f 4042 4305 4306
f 4042 4306 4044
f 4044 4306 4307
f 4044 4307 4046
f 4046 4307 4308
f 4046 4308 4048
f 4048 4308 4309
f 4048 4309 4050
f 4050 4309 4310
f 4050 4310 4052
f 4052 4310 4311
f 4052 4311 4054
f 4054 4311 4312
f 4054 4312 4056
f 4056 4312 4313
f 4056 4313 4058
f 4058 4313 4314
f 4058 4314 4060
f 4060 4314 4315
f 4060 4315 4062
f 4062 4315 4316
f 4062 4316 4064
f 4064 4316 4065
f 4097 4096 4179
f 4179 4096 4094
f 4089 4091 4090
f 4273 4077 4076
f 4275 4273 4075
f 4075 4273 4076
f 4073 4277 4074
f 4074 4277 4275
f 4074 4275 4075
f 4277 4073 4279
f 4279 4073 4072
f 4279 4072 4281
f 4281 4072 4071
f 4281 4071 4283
f 4283 4071 4070
f 4283 4070 4068
f 4317 3851 4318
f 4318 3851 3935
f 4318 3935 4319
f 4319 3935 3933
f 4319 3933 4320
f 4320 3933 3931
f 4320 3931 4321
f 4321 3931 3929
f 4321 3929 4322
f 4322 3929 4323
f 4322 4323 4324
f 4324 4323 4325
f 4324 4325 4326
f 4326 4325 4327
f 4326 4327 4006
f 4006 4327 4007
f 4007 4327 4328
f 4007 4328 4008
f 4008 4328 3925
f 4008 3925 3716
f 3929 3927 4323
f 4323 3927 4329
f 4323 4329 4325
f 4325 4329 3922
f 4325 3922 4330
f 4330 3922 3921
f 4330 3921 4327
f 4327 3921 4328
f 3927 3922 4329
f 3921 3924 4328
f 4328 3924 3925
f 4006 4005 4326
f 4326 4005 4331
f 4326 4331 4324
f 4324 4331 4332
f 4324 4332 4322
f 4322 4332 4333
f 4322 4333 4320
f 4320 4333 4319
f 4005 4004 4331
f 4331 4004 4334
f 4331 4334 4332
f 4332 4334 4335
f 4332 4335 4333
f 4333 4335 4336
f 4333 4336 4319
f 4319 4336 4318
f 4004 4003 4334
f 4334 4003 4337
f 4334 4337 4335
f 4335 4337 4338
f 4335 4338 4336
f 4336 4338 4339
f 4336 4339 4318
f 4318 4339 4317
f 4003 4002 4337
f 4337 4002 4340
f 4337 4340 4338
f 4338 4340 4341
f 4338 4341 4339
f 4339 4341 4342
f 4339 4342 4317
f 4002 4001 4340
f 4340 4001 4343
f 4340 4343 4341
f 4341 4343 4344
f 4341 4344 4342
f 4001 4000 4343
f 4343 4000 4345
f 4343 4345 4344
f 4000 3839 4345
f 4321 4322 4320
f 4330 4327 4325
f 3606 4346 3608
f 3608 4346 4009
f 4009 4346 4347
f 4009 4347 4118
f 4118 4347 4348
f 4118 4348 4116
f 4116 4348 4349
f 4116 4349 4114
f 4114 4349 4350
f 4114 4350 4112
f 4112 4350 4351
f 4112 4351 4110
f 4110 4351 4352
f 4110 4352 4108
f 4108 4352 4353
f 4108 4353 4106
f 4106 4353 4354
f 4106 4354 822
f 822 4354 824
f 824 4354 4355
f 824 4355 826
f 826 4355 746
f 746 4355 745
f 745 4355 743
f 743 4355 4356
f 743 4356 3838
f 4347 4346 4357
f 4357 4346 4358
f 4357 4358 4359
f 4359 4360 4357
f 4357 4360 4361
f 4357 4361 4348
f 4348 4361 4349
f 4360 4362 4361
f 4361 4362 4363
f 4361 4363 4349
f 4349 4363 4350
f 4362 4364 4363
f 4363 4364 4365
f 4363 4365 4366
f 4366 4365 4367
f 4366 4367 4368
f 4366 4368 4369
f 4369 4368 4370
f 4369 4370 4371
f 4369 4371 4372
f 4372 4371 4373
f 4372 4373 4374
f 4374 4373 4375
f 4374 4375 4376
f 4374 4376 4377
f 4377 4376 4378
f 4377 4378 4379
f 4377 4379 4380
f 4380 4379 4356
f 4380 4356 4355
f 4348 4347 4357
f 4351 4350 4366
f 4366 4350 4363
f 4352 4351 4369
f 4369 4351 4366
f 4353 4352 4372
f 4372 4352 4369
f 4354 4353 4374
f 4374 4353 4372
f 4355 4354 4377
f 4377 4354 4374
f 4380 4355 4377
f 4345 3839 4381
f 4381 3839 3838
f 4381 3838 4382
f 4382 4383 4381
f 4381 4383 4384
f 4381 4384 4344
f 4344 4384 4342
f 4342 4384 4385
f 4342 4385 4317
f 4317 4385 4386
f 4317 4386 3851
f 3851 4386 4387
f 3851 4387 3853
f 4383 4388 4384
f 4384 4388 4389
f 4384 4389 4385
f 4385 4389 4390
f 4385 4390 4391
f 4385 4391 4386
f 4386 4391 4387
f 4344 4345 4381
f 3265 3759 3263
f 3263 3759 4392
f 3263 4392 3261
f 3261 4392 4393
f 3261 4393 3259
f 3259 4393 4394
f 3259 4394 3257
f 3257 4394 4395
f 3257 4395 4396
f 4396 4395 4397
f 4396 4397 4398
f 4398 4397 4399
f 4398 4399 4400
f 4400 4399 4401
f 4400 4401 4402
f 4402 4401 4403
f 4402 4403 4404
f 4404 4403 4405
f 4404 4405 4406
f 4406 4405 4407
f 4406 4407 4408
f 4408 4407 4409
f 4408 4409 4410
f 4410 4409 4411
f 4410 4411 3062
f 3062 4411 3060
f 3060 4411 4412
f 3060 4412 4413
f 4413 4412 4414
f 4413 4414 4415
f 4415 4414 4416
f 4415 4416 4417
f 4417 4416 4418
f 4417 4418 4419
f 3759 3758 4392
f 4392 3758 4420
f 4392 4420 4393
f 4393 4420 4421
f 4393 4421 4394
f 4394 4421 4422
f 4394 4422 4395
f 4395 4422 4397
f 3758 3763 4420
f 4420 3763 4423
f 4420 4423 4421
f 4421 4423 4424
f 4421 4424 4422
f 4422 4424 4425
f 4422 4425 4397
f 4397 4425 4399
f 3763 3762 4423
f 4423 3762 4426
f 4423 4426 4424
f 4424 4426 4427
f 4424 4427 4425
f 4425 4427 4428
f 4425 4428 4399
f 4399 4428 4401
f 3762 3761 4426
f 4426 3761 4429
f 4426 4429 4430
f 4430 4429 4431
f 4430 4431 4432
f 4432 4431 4433
f 4432 4433 4434
f 3761 4435 4429
f 4429 4435 4431
f 4432 4434 4436
f 4436 4434 4437
f 4436 4437 4438
f 4438 4437 4439
f 4438 4439 4440
f 4440 4439 4441
f 4440 4441 4442
f 4442 4441 4443
f 4442 4443 4444
f 4444 4443 4418
f 4444 4418 4416
f 4437 4445 4439
f 4439 4445 4441
f 4445 4443 4441
f 4417 4419 4446
f 4446 4419 4447
f 4446 4447 4448
f 4448 4447 4449
f 4448 4449 3056
f 3056 4449 3054
f 3054 4449 3052
f 3052 4449 4447
f 4448 3056 4450
f 4450 3056 3058
f 4450 3058 4413
f 4413 3058 3060
f 4410 3062 4451
f 4451 3062 3064
f 4451 3064 4452
f 4452 3064 3066
f 4452 3066 4453
f 4453 3066 4454
f 4453 4454 4455
f 4455 4454 4456
f 4455 4456 4457
f 4457 4456 4458
f 4457 4458 4459
f 4459 4458 4460
f 4459 4460 4461
f 4461 4460 3249
f 4461 3249 3251
f 3066 3068 4454
f 4454 3068 4456
f 3068 3070 4456
f 4456 3070 4458
f 3070 2980 4458
f 4458 2980 4460
f 2980 3247 4460
f 4460 3247 3249
f 4461 3251 4462
f 4462 3251 3253
f 4462 3253 4463
f 4463 3253 3255
f 4463 3255 4396
f 4396 3255 3257
f 4396 4398 4463
f 4463 4398 4464
f 4463 4464 4462
f 4462 4464 4465
f 4462 4465 4461
f 4461 4465 4459
f 4398 4400 4464
f 4464 4400 4466
f 4464 4466 4465
f 4465 4466 4467
f 4465 4467 4459
f 4459 4467 4457
f 4400 4402 4466
f 4466 4402 4468
f 4466 4468 4467
f 4467 4468 4469
f 4467 4469 4457
f 4457 4469 4455
f 4426 4430 4427
f 4427 4430 4470
f 4427 4470 4428
f 4428 4470 4471
f 4428 4471 4401
f 4401 4471 4403
f 4402 4404 4468
f 4468 4404 4472
f 4468 4472 4469
f 4469 4472 4473
f 4469 4473 4455
f 4455 4473 4453
f 4432 4436 4430
f 4430 4436 4470
f 4436 4438 4470
f 4470 4438 4471
f 4403 4471 4474
f 4474 4471 4438
f 4474 4438 4440
f 4404 4406 4472
f 4472 4406 4475
f 4472 4475 4473
f 4473 4475 4452
f 4473 4452 4453
f 4403 4474 4405
f 4405 4474 4476
f 4405 4476 4407
f 4407 4476 4477
f 4407 4477 4409
f 4409 4477 4478
f 4409 4478 4411
f 4411 4478 4412
f 4476 4474 4440
f 4451 4452 4475
f 4451 4475 4408
f 4408 4475 4406
f 4477 4476 4442
f 4442 4476 4440
f 4410 4451 4408
f 4477 4442 4479
f 4479 4442 4444
f 4479 4444 4416
f 4477 4479 4478
f 4478 4479 4414
f 4478 4414 4412
f 4414 4479 4416
f 4450 4413 4415
f 4450 4415 4446
f 4446 4415 4417
f 4450 4446 4448
f 2470 2615 1763
f 1763 2615 2625
f 1763 2625 2632
f 2632 2638 1763
f 1763 2638 2643
f 1763 2643 2651
f 2651 2643 2647
f 2651 2647 2650
f 2651 1762 1763
f 2545 2543 2547
f 2547 2543 2541
f 2547 2541 1745
f 1745 2541 2539
f 1745 2539 2537
f 2537 2535 1745
f 1745 2535 2533
f 1745 2533 2531
f 1745 1744 2547
f 2470 1763 2468
f 2468 1763 1759
f 2468 1759 1757
f 1763 1761 1759
f 1757 1755 2468
f 2468 1755 1753
f 2468 1753 2487
f 2487 1753 1751
f 2487 1751 1749
f 1747 1745 1749
f 1749 1745 2487
f 1745 2531 2487
f 2323 2321 69
f 69 2321 2319
f 69 2319 67
f 67 2319 2467
f 67 2467 213
f 213 2467 2465
f 213 2465 211
f 211 2465 2463
f 211 2463 209
f 209 2463 2461
f 209 2461 207
f 207 2461 2459
f 207 2459 205
f 205 2459 2457
f 205 2457 203
f 203 2457 2455
f 203 2455 201
f 201 2455 2453
f 201 2453 199
f 199 2453 2451
f 199 2451 197
f 197 2451 2449
f 197 2449 195
f 195 2449 2447
f 195 2447 193
f 193 2447 2445
f 193 2445 191
f 191 2445 2443
f 191 2443 189
f 189 2443 2441
f 189 2441 187
f 187 2441 2439
f 187 2439 185
f 185 2439 2437
f 185 2437 183
f 183 2437 2435
f 183 2435 181
f 181 2435 2433
f 181 2433 179
f 179 2433 2431
f 179 2431 177
f 177 2431 2429
f 177 2429 175
f 175 2429 2427
f 175 2427 173
f 173 2427 2425
f 173 2425 171
f 171 2425 2423
f 171 2423 169
f 169 2423 2421
f 169 2421 167
f 167 2421 2419
f 167 2419 165
f 165 2419 2417
f 165 2417 163
f 163 2417 2415
f 163 2415 161
f 161 2415 2413
f 161 2413 159
f 159 2413 2411
f 159 2411 157
f 157 2411 2409
f 157 2409 155
f 155 2409 2407
f 155 2407 153
f 153 2407 2405
f 153 2405 151
f 151 2405 2403
f 151 2403 149
f 149 2403 2401
f 149 2401 147
f 147 2401 2399
f 147 2399 145
f 145 2399 2397
f 145 2397 143
f 143 2397 2395
f 143 2395 141
f 141 2395 2393
f 141 2393 139
f 139 2393 2391
f 139 2391 137
f 137 2391 2389
f 137 2389 135
f 135 2389 2387
f 135 2387 133
f 133 2387 2385
f 133 2385 131
f 131 2385 2383
f 131 2383 129
f 129 2383 2381
f 129 2381 127
f 127 2381 2379
f 127 2379 125
f 125 2379 2377
f 125 2377 123
f 123 2377 2375
f 123 2375 121
f 121 2375 2373
f 121 2373 119
f 119 2373 2371
f 119 2371 117
f 117 2371 2369
f 117 2369 115
f 115 2369 2367
f 115 2367 113
f 113 2367 2365
f 113 2365 111
f 111 2365 2363
f 111 2363 109
f 109 2363 2361
f 109 2361 107
f 107 2361 2359
f 107 2359 105
f 105 2359 2357
f 105 2357 103
f 103 2357 2355
f 103 2355 101
f 101 2355 2353
f 101 2353 99
f 99 2353 2351
f 99 2351 97
f 97 2351 2349
f 97 2349 95
f 95 2349 2347
f 95 2347 93
f 93 2347 2345
f 93 2345 91
f 91 2345 2343
f 91 2343 89
f 89 2343 2341
f 89 2341 87
f 87 2341 2339
f 87 2339 85
f 85 2339 2337
f 85 2337 83
f 83 2337 2335
f 83 2335 81
f 81 2335 2333
f 81 2333 79
f 79 2333 2331
f 79 2331 77
f 77 2331 2329
f 77 2329 75
f 75 2329 2327
f 75 2327 73
f 73 2327 2325
f 73 2325 71
f 71 2325 2323
f 71 2323 69
f 2881 4480 2879
f 2879 4480 4481
f 2879 4481 3681
f 3681 4481 3679
f 3679 4481 4482
f 3679 4482 4483
f 4483 4482 4484
f 4483 4484 4485
f 4485 4484 4486
f 4485 4486 4487
f 4487 4486 4488
f 4487 4488 4489
f 4489 4488 4490
f 4489 4490 4491
f 4491 4490 3700
f 4491 3700 3699
f 2881 2882 4480
f 4480 2882 2883
f 4480 4492 4481
f 4481 4492 4493
f 4481 4493 4482
f 4482 4493 4494
f 4482 4494 4484
f 4484 4494 4495
f 4484 4495 4496
f 4484 4496 4486
f 4486 4496 4497
f 4486 4497 4488
f 4488 4497 4498
f 4488 4498 4490
f 4490 4498 3701
f 4490 3701 3700
f 4491 3699 4499
f 4499 3699 3698
f 4499 3698 4500
f 4500 3698 4501
f 4500 4501 4502
f 4502 4501 4503
f 4502 4503 4504
f 3698 3697 4501
f 4501 3697 4503
f 3696 4505 3697
f 3697 4505 4503
f 4506 4507 4504
f 4504 4507 4508
f 4504 4508 4502
f 4502 4508 4500
f 4507 4506 4509
f 4509 4506 4510
f 4509 4510 4485
f 4485 4510 4483
f 4510 3679 4483
f 4489 4491 4511
f 4511 4491 4499
f 4511 4499 4508
f 4508 4499 4500
f 4509 4485 4487
f 4487 4489 4512
f 4512 4489 4511
f 4512 4511 4507
f 4507 4511 4508
f 4507 4509 4512
f 4512 4509 4487
f 3011 3012 4513
f 4513 3012 4514
f 4513 4514 4515
f 4513 4515 4516
f 4516 4515 4517
f 4516 4517 4518
f 4518 4517 4519
f 4518 4519 4520
f 4518 4520 4521
f 4521 4520 4522
f 4521 4522 4523
f 4521 4523 4524
f 4524 4523 4525
f 4524 4525 4526
f 4526 4525 4527
f 4526 4527 4528
f 3690 3689 4528
f 4528 3689 3688
f 4528 3688 3672
f 4528 3672 4526
f 4526 3672 3674
f 4526 3674 3675
f 4529 4530 3675
f 3675 4530 4524
f 3675 4524 4526
f 4531 4532 4529
f 4529 4532 4533
f 4529 4533 4530
f 4530 4533 4524
f 4534 4535 4531
f 4531 4535 4536
f 4531 4536 4532
f 4532 4536 4533
f 4537 4538 4534
f 4534 4538 4539
f 4534 4539 4535
f 4535 4539 4536
f 4538 4537 4540
f 4540 4537 4541
f 4540 4541 3008
f 3008 4541 3007
f 3008 3009 4540
f 4540 3009 4542
f 4540 4542 4539
f 4539 4542 4543
f 4539 4543 4536
f 4536 4543 4544
f 4536 4544 4533
f 4533 4544 4521
f 4533 4521 4524
f 3009 3010 4542
f 4542 3010 4545
f 4542 4545 4543
f 4543 4545 4546
f 4543 4546 4544
f 4544 4546 4518
f 4544 4518 4521
f 4545 3010 4547
f 4547 3010 3011
f 4547 3011 4513
f 4547 4513 4516
f 4547 4516 4546
f 4546 4516 4518
f 4545 4547 4546
f 4538 4540 4539
f 4548 4549 1288
f 1288 4549 4550
f 1288 4550 4551
f 4551 4552 1288
f 1288 4552 1289
f 1288 4553 4548
f 4548 4553 4554
f 4554 4553 4555
f 4554 4555 4556
f 4554 4556 4557
f 4557 4556 4558
f 4557 4558 4559
f 4559 4558 4560
f 4559 4560 4561
f 4562 4563 4558
f 4558 4563 4560
f 225 4564 4565
f 4565 4564 4566
f 4565 4566 4567
f 4567 4566 4568
f 4567 4569 4565
f 4565 4569 4570
f 4570 4569 4571
f 4570 4571 4572
f 4572 4571 4573
f 4573 4571 4574
f 4573 4574 4575
f 4575 4574 4576
f 4575 4576 4577
f 4577 4578 4575
f 4575 4578 4579
f 4575 4579 4580
f 3696 3695 4505
f 4505 3695 4503
f 4503 3695 4581
f 4503 4581 4504
f 4504 4581 4582
f 4504 4582 4506
f 4506 4582 4583
f 4506 4583 4510
f 4510 4583 3680
f 4510 3680 3679
f 3020 3019 3209
f 3209 3019 3207
f 3207 3019 4584
f 3207 4584 3208
f 3208 4584 4585
f 3208 4585 3210
f 3210 4585 4586
f 3210 4586 3214
f 3214 4586 3666
f 3214 3666 3185
f 3675 3673 4529
f 4529 3673 4587
f 4529 4587 4531
f 4531 4587 4588
f 4531 4588 4534
f 4534 4588 4589
f 4534 4589 4537
f 4537 4589 3006
f 4537 3006 4541
f 4541 3006 3007
f 2967 2966 3517
f 3517 2966 3515
f 3515 2966 4590
f 3515 4590 3516
f 3516 4590 4591
f 3516 4591 3518
f 3518 4591 4592
f 3518 4592 3522
f 3522 4592 3676
f 3522 3676 3493
f 2900 3687 2896
f 2896 3687 4593
f 2896 4593 2894
f 2894 4593 4594
f 2894 4594 2890
f 2890 4594 4595
f 2890 4595 2888
f 2888 4595 2947
f 2888 2947 2886
f 2886 2947 2884
f 4596 4597 4598
f 4598 4597 4599
f 1279 1278 4600
f 4600 1278 215
f 4601 4602 4603
f 4603 4602 4604
f 4605 4606 1272
f 1272 4606 1273
f 4598 2320 4596
f 4596 2320 2322
f 4596 2322 2324
f 4607 1741 4598
f 4598 1741 1739
f 4598 1739 1737
f 4607 4608 1741
f 1741 4608 4609
f 1741 4609 4610
f 4610 4611 1741
f 1741 4611 4605
f 1741 4605 1743
f 1743 4605 1697
f 1697 4605 1699
f 1699 4605 1701
f 1701 4605 1703
f 1703 4605 2442
f 1703 2442 1705
f 1705 2442 2444
f 1705 2444 1707
f 1707 2444 2446
f 1707 2446 1709
f 1709 2446 2448
f 1709 2448 1711
f 1711 2448 1713
f 1713 2448 2450
f 1713 2450 1715
f 1715 2450 1717
f 1717 2450 2452
f 1717 2452 1719
f 1719 2452 1721
f 1721 2452 2454
f 1721 2454 1723
f 1723 2454 2456
f 1723 2456 1725
f 1725 2456 1727
f 1727 2456 2458
f 1727 2458 1729
f 1729 2458 2460
f 1729 2460 1731
f 1731 2460 2462
f 1731 2462 4598
f 4598 2462 2464
f 4598 2464 2466
f 1272 2432 4605
f 4605 2432 2434
f 4605 2434 2436
f 1271 1171 1272
f 1272 1171 1169
f 1272 1169 1167
f 1171 1271 3228
f 3228 1271 1269
f 3228 1269 1267
f 1267 1265 3228
f 3228 1265 1263
f 1171 3228 1173
f 1173 3228 3226
f 1173 3226 1175
f 1175 3226 1177
f 1177 3226 3224
f 1177 3224 1179
f 1179 3224 4612
f 1179 4612 4601
f 3219 4613 3224
f 3224 4613 4614
f 3224 4614 4615
f 4615 4612 3224
f 4603 2394 4601
f 4601 2394 2396
f 4601 2396 2398
f 4616 1665 4603
f 4603 1665 1663
f 4603 1663 1661
f 1665 4616 4556
f 4556 4616 4617
f 4556 4617 4618
f 4618 4619 4556
f 4556 4619 4558
f 1665 4556 1667
f 1667 4556 4555
f 1667 4555 1669
f 1669 4555 1671
f 1671 4555 4553
f 1671 4553 1673
f 1673 4553 1281
f 1673 1281 1279
f 1288 1287 4553
f 4553 1287 1285
f 4553 1285 1283
f 1283 1281 4553
f 4600 2358 1279
f 1279 2358 2360
f 1279 2360 2362
f 4620 1243 4600
f 4600 1243 1241
f 4600 1241 1239
f 1243 4620 4570
f 4570 4620 4621
f 4570 4621 4622
f 4622 4623 4570
f 4570 4623 4565
f 1243 4570 1245
f 1245 4570 4572
f 1245 4572 1247
f 1247 4572 1249
f 1249 4572 4573
f 1249 4573 1251
f 1251 4573 4624
f 1251 4624 4596
f 4575 4625 4573
f 4573 4625 4626
f 4573 4626 4627
f 4627 4624 4573
f 1167 1213 1272
f 1272 1213 1211
f 1272 1211 2422
f 2422 1211 2420
f 2420 1211 1209
f 2420 1209 2418
f 2418 1209 1207
f 2418 1207 1205
f 2418 1205 2416
f 2416 1205 1203
f 2416 1203 1201
f 2416 1201 2414
f 2414 1201 1199
f 2414 1199 1197
f 2414 1197 2412
f 2412 1197 1195
f 2412 1195 1193
f 2412 1193 2410
f 2410 1193 1191
f 2410 1191 2408
f 2408 1191 1189
f 2408 1189 1187
f 1185 4601 1187
f 1187 4601 2406
f 1187 2406 2408
f 1185 1183 4601
f 4601 1183 1181
f 4601 1181 1179
f 1215 2334 1217
f 1217 2334 2336
f 1217 2336 1219
f 1219 2336 2338
f 1219 2338 1221
f 1221 2338 1223
f 1223 2338 2340
f 1223 2340 1225
f 1225 2340 1227
f 1227 2340 2342
f 1227 2342 1229
f 1229 2342 1231
f 1231 2342 2344
f 1231 2344 1233
f 1233 2344 2346
f 1233 2346 1235
f 1235 2346 4600
f 1235 4600 1237
f 1237 4600 1239
f 1215 1261 2334
f 2334 1261 2332
f 2332 1261 1259
f 2332 1259 4596
f 4596 1259 1257
f 4596 1257 1255
f 1255 1253 4596
f 4596 1253 1251
f 1649 2378 1651
f 1651 2378 2380
f 1651 2380 1653
f 1653 2380 2382
f 1653 2382 1655
f 1655 2382 1657
f 1657 2382 2384
f 1657 2384 4603
f 4603 2384 2386
f 4603 2386 2388
f 1649 1695 2378
f 2378 1695 2376
f 2376 1695 1693
f 2376 1693 1691
f 2376 1691 2374
f 2374 1691 1689
f 2374 1689 1687
f 2374 1687 2372
f 2372 1687 1685
f 2372 1685 1683
f 2372 1683 2370
f 2370 1683 1681
f 2370 1681 2368
f 2368 1681 1279
f 2368 1279 2366
f 2366 1279 2364
f 2364 1279 2362
f 1681 1679 1279
f 1279 1679 1677
f 1279 1677 1675
f 1675 1673 1279
f 1661 1659 4603
f 4603 1659 1657
f 1737 1735 4598
f 4598 1735 1733
f 4598 1733 1731
f 2324 2326 4596
f 4596 2326 2328
f 4596 2328 2330
f 2330 2332 4596
f 2346 2348 4600
f 4600 2348 2350
f 4600 2350 2352
f 2352 2354 4600
f 4600 2354 2356
f 4600 2356 2358
f 2388 2390 4603
f 4603 2390 2392
f 4603 2392 2394
f 2398 2400 4601
f 4601 2400 2402
f 4601 2402 2404
f 2404 2406 4601
f 2422 2424 1272
f 1272 2424 2426
f 1272 2426 2428
f 2428 2430 1272
f 1272 2430 2432
f 2436 2438 4605
f 4605 2438 2440
f 4605 2440 2442
f 2466 2318 4598
f 4598 2318 2320
f 1539 1540 1710
f 1710 1540 1541
f 1710 1541 1708
f 1708 1541 1542
f 1708 1542 1706
f 1706 1542 1543
f 1706 1543 1704
f 1704 1543 1544
f 1704 1544 1545
f 1704 1545 1702
f 1702 1545 1546
f 1702 1546 1700
f 1700 1546 1571
f 1700 1571 1570
f 1700 1570 1698
f 1698 1570 1569
f 1698 1569 1696
f 1696 1569 1568
f 1696 1568 1742
f 1742 1568 1567
f 1742 1567 1566
f 1742 1566 1740
f 1740 1566 1565
f 1740 1565 1738
f 1738 1565 1564
f 1738 1564 1736
f 1736 1564 1563
f 1736 1563 1562
f 1736 1562 1734
f 1734 1562 1561
f 1734 1561 1732
f 1732 1561 1560
f 1732 1560 1559
f 1732 1559 1730
f 1730 1559 1558
f 1730 1558 1728
f 1728 1558 1557
f 1728 1557 1726
f 1726 1557 1556
f 1726 1556 1555
f 1726 1555 1724
f 1724 1555 1554
f 1724 1554 1722
f 1722 1554 1553
f 1722 1553 1720
f 1720 1553 1552
f 1720 1552 1551
f 1720 1551 1718
f 1718 1551 1550
f 1718 1550 1716
f 1716 1550 1549
f 1716 1549 1548
f 1716 1548 1714
f 1714 1548 1547
f 1714 1547 1712
f 1712 1547 1539
f 1712 1539 1710
f 4628 4629 1573
f 1573 4629 4630
f 1573 4630 4549
f 4548 1674 4549
f 4549 1674 1676
f 4549 1676 1573
f 1573 1676 1678
f 1573 1678 1680
f 4554 1670 4548
f 4548 1670 1672
f 4548 1672 1674
f 4557 1666 4554
f 4554 1666 1668
f 4554 1668 1670
f 4559 1662 4557
f 4557 1662 1664
f 4557 1664 1666
f 4631 1645 4559
f 4559 1645 1660
f 4559 1660 1662
f 4631 4632 1645
f 1645 4632 4633
f 1640 1656 1645
f 1645 1656 1658
f 1645 1658 1660
f 1656 1640 1654
f 1654 1640 1636
f 1654 1636 1652
f 1652 1636 1635
f 1652 1635 1634
f 1652 1634 1650
f 1650 1634 1633
f 1650 1633 1648
f 1648 1633 1632
f 1648 1632 1694
f 1694 1632 1631
f 1694 1631 1630
f 1694 1630 1692
f 1692 1630 1629
f 1692 1629 1690
f 1690 1629 1628
f 1690 1628 1627
f 1690 1627 1688
f 1688 1627 1626
f 1688 1626 1686
f 1686 1626 1625
f 1686 1625 1684
f 1684 1625 1624
f 1684 1624 1577
f 1684 1577 1682
f 1682 1577 1575
f 1682 1575 1680
f 1680 1575 1573
f 4634 4635 1573
f 1573 4635 4636
f 1573 4636 4637
f 4638 4628 4637
f 4637 4628 1573
f 1572 4639 1573
f 1573 4639 4640
f 1573 4640 4634
f 4633 4641 1645
f 1645 4641 4642
f 1645 4642 4643
f 4633 4644 4641
f 4643 4645 1645
f 1645 4645 4646
f 1645 4646 4647
f 4647 1646 1645
f 3486 3678 3489
f 3489 3678 4648
f 3489 4648 4649
f 4649 4648 4650
f 4649 4650 4651
f 4651 4650 4652
f 4651 4652 4653
f 4653 4652 4654
f 4653 4654 4655
f 4648 4656 4650
f 4650 4656 4652
f 4656 4654 4652
f 4655 4657 4653
f 4653 4657 4658
f 4653 4658 4659
f 4659 4658 4660
f 4659 4660 4661
f 4661 4660 4662
f 4661 4662 4635
f 4635 4662 4636
f 4636 4662 4637
f 4637 4662 4638
f 4638 4662 4663
f 4663 4662 4660
f 4663 4660 4664
f 4664 4660 4658
f 4664 4658 4657
f 4659 4651 4653
f 3490 3489 4665
f 4665 3489 4649
f 4665 4649 4666
f 4666 4649 4651
f 4666 4651 4667
f 4667 4651 4668
f 4667 4668 4669
f 4669 4668 4670
f 4669 4670 4671
f 4671 4670 4672
f 4671 4672 4673
f 4673 4672 4674
f 4674 4672 4675
f 4674 4675 1572
f 1572 4675 4639
f 4639 4675 4676
f 4639 4676 4677
f 4677 4676 4678
f 4677 4678 4661
f 4661 4678 4659
f 4659 4678 4679
f 4659 4679 4668
f 4668 4679 4670
f 4651 4659 4668
f 4661 4635 4677
f 4677 4635 4634
f 4677 4634 4640
f 4640 4639 4677
f 4671 4673 4680
f 4680 4673 4681
f 4680 4681 4682
f 4682 4681 4683
f 4682 4683 4684
f 4684 4683 4685
f 4684 4685 4665
f 4665 4685 3504
f 4665 3504 3490
f 4681 4686 4683
f 4683 4686 4687
f 4683 4687 4685
f 4685 4687 3505
f 4685 3505 3504
f 4686 3506 4687
f 4687 3506 3505
f 4665 4666 4684
f 4684 4666 4688
f 4684 4688 4682
f 4682 4688 4680
f 4667 4669 4688
f 4688 4669 4680
f 4680 4669 4671
f 4666 4667 4688
f 4670 4679 4689
f 4689 4679 4678
f 4689 4678 4676
f 4676 4675 4689
f 4689 4675 4672
f 4689 4672 4670
f 3507 3506 4690
f 4690 3506 4686
f 4690 4686 4691
f 4691 4686 4681
f 4691 4681 4692
f 4692 4681 4693
f 4692 4693 4694
f 4694 4693 4695
f 4694 4695 4696
f 4696 4695 4697
f 4696 4697 4698
f 4698 4697 4699
f 4698 4699 4700
f 4700 4699 1578
f 4700 1578 4701
f 4701 1578 1579
f 4701 1579 4702
f 4702 1579 1580
f 4702 1580 4703
f 4681 4673 4693
f 4693 4673 4704
f 4693 4704 4695
f 4695 4704 4705
f 4695 4705 4697
f 4697 4705 4706
f 4697 4706 4699
f 4699 4706 1576
f 4699 1576 1578
f 4704 4673 4707
f 4707 4673 4674
f 4707 4674 4708
f 4708 4674 1572
f 4708 1572 1574
f 1576 4706 1574
f 1574 4706 4709
f 1574 4709 4708
f 4708 4709 4707
f 4710 4711 4703
f 4703 4711 4712
f 4703 4712 4702
f 4702 4712 4713
f 4702 4713 4701
f 4701 4713 4714
f 4701 4714 4700
f 4700 4714 4698
f 4715 4716 4710
f 4710 4716 4717
f 4710 4717 4711
f 4711 4717 4718
f 4711 4718 4719
f 4719 4718 4720
f 4719 4720 4721
f 4721 4720 4722
f 4721 4722 4723
f 4723 4722 4724
f 4723 4724 4696
f 4696 4724 4694
f 2977 4725 4715
f 4715 4725 4726
f 4715 4726 4716
f 4716 4726 4727
f 4716 4727 4728
f 4728 4727 4729
f 4728 4729 4730
f 4730 4729 4731
f 4730 4731 4732
f 4732 4731 4733
f 4732 4733 4734
f 4734 4733 4735
f 4734 4735 4736
f 4736 4735 4691
f 4736 4691 4692
f 2977 3510 4725
f 4725 3510 4737
f 4725 4737 4726
f 4726 4737 4727
f 4737 3510 4738
f 4738 3510 3509
f 4738 3509 4739
f 4739 3509 4740
f 4739 4740 4731
f 4731 4740 4733
f 3509 3508 4740
f 4740 3508 4741
f 4740 4741 4733
f 4733 4741 4735
f 4741 3508 4690
f 4690 3508 3507
f 4735 4741 4690
f 4691 4735 4690
f 4727 4737 4738
f 4731 4729 4739
f 4739 4729 4738
f 4729 4727 4738
f 4736 4692 4694
f 4734 4736 4724
f 4724 4736 4694
f 4732 4734 4722
f 4722 4734 4724
f 4730 4732 4720
f 4720 4732 4722
f 4728 4730 4718
f 4718 4730 4720
f 4716 4728 4717
f 4717 4728 4718
f 4696 4698 4723
f 4723 4698 4714
f 4723 4714 4721
f 4721 4714 4713
f 4721 4713 4719
f 4719 4713 4712
f 4719 4712 4711
f 4707 4709 4705
f 4705 4709 4706
f 4704 4707 4705
f 2976 2977 4742
f 4742 2977 4715
f 4742 4715 4743
f 4743 4715 4710
f 4743 4710 4744
f 4744 4710 4703
f 4744 4703 1580
f 1580 1647 4744
f 4744 1647 4745
f 4744 4745 4743
f 4743 4745 4746
f 4743 4746 4742
f 4742 4746 4747
f 4742 4747 2976
f 3466 2976 4748
f 4748 2976 4747
f 4748 4747 4749
f 4749 4747 4750
f 4749 4750 4751
f 4751 4750 4752
f 4751 4752 4753
f 4753 4752 4754
f 4753 4754 4755
f 4755 4754 4756
f 4755 4756 4757
f 4757 4756 4758
f 4757 4758 4759
f 4759 4758 1586
f 4759 1586 1588
f 4747 4746 4750
f 4750 4746 4760
f 4750 4760 4752
f 4752 4760 4761
f 4752 4761 4754
f 4754 4761 4762
f 4754 4762 4756
f 4756 4762 4763
f 4756 4763 4758
f 4758 4763 1586
f 4760 4746 4764
f 4764 4746 4745
f 4764 4745 4765
f 4765 4745 4766
f 4765 4766 4767
f 4767 4766 1583
f 4767 1583 1584
f 4745 1647 4766
f 4766 1647 1582
f 4766 1582 1583
f 4767 1584 4768
f 4768 1584 1585
f 4768 1585 4763
f 4763 1585 1586
f 4759 1588 4769
f 4769 1588 1589
f 4769 1589 4770
f 4770 1589 1591
f 4770 1591 4771
f 4771 1591 1593
f 4771 1593 4772
f 4772 1593 1594
f 4772 1594 4773
f 4773 1594 1596
f 4773 1596 4774
f 4774 1596 1597
f 4774 1597 4775
f 4775 1597 4776
f 4775 4776 4777
f 4777 4776 4778
f 4777 4778 4779
f 4779 4778 4780
f 4779 4780 4781
f 4781 4780 4782
f 4781 4782 4783
f 4783 4782 4784
f 4783 4784 4785
f 4785 4784 4786
f 4785 4786 4787
f 4787 4786 4788
f 4787 4788 3289
f 3289 4788 4789
f 3289 4789 3288
f 3288 4789 4790
f 3288 4790 2560
f 2560 4790 4791
f 2560 4791 2561
f 2561 4791 4792
f 2561 4792 2562
f 2562 4792 4793
f 2562 4793 2528
f 2528 4793 4794
f 2528 4794 2527
f 2527 4794 4795
f 2527 4795 2525
f 2525 4795 4796
f 2525 4796 2523
f 2523 4796 4797
f 2523 4797 2521
f 2521 4797 4798
f 2521 4798 2519
f 2519 4798 4799
f 2519 4799 2517
f 2517 4799 4800
f 2517 4800 2516
f 2516 4800 4801
f 2516 4801 2514
f 2514 4801 2512
f 2512 4801 4802
f 2512 4802 2511
f 2511 4802 4803
f 2511 4803 2509
f 2509 4803 4804
f 2509 4804 2507
f 2507 4804 2506
f 2506 4804 4805
f 2506 4805 2505
f 2505 4805 2504
f 2504 4805 4806
f 4806 4805 4807
f 4806 4807 4808
f 4808 4807 4809
f 4808 4809 4810
f 4810 4809 4811
f 4810 4811 4812
f 4812 4811 4813
f 4812 4813 4814
f 4814 4813 4815
f 4814 4815 4816
f 4816 4815 4817
f 4816 4817 4818
f 4818 4817 4819
f 4818 4819 4820
f 4820 4819 4821
f 4820 4821 4822
f 4822 4821 4823
f 4822 4823 4824
f 4824 4823 4825
f 4824 4825 4826
f 4826 4825 4827
f 4826 4827 4828
f 4828 4827 4829
f 4828 4829 4830
f 4830 4829 4831
f 4830 4831 4832
f 4832 4831 4833
f 4832 4833 4834
f 4834 4833 4835
f 4834 4835 4836
f 4836 4835 4837
f 4836 4837 4838
f 4838 4837 4839
f 4838 4839 4840
f 4840 4839 4786
f 4840 4786 4784
f 1597 1599 4776
f 4776 1599 4841
f 4776 4841 4778
f 4778 4841 4842
f 4778 4842 4780
f 4780 4842 4843
f 4780 4843 4782
f 4782 4843 4844
f 4782 4844 4784
f 4784 4844 4840
f 4841 1599 4845
f 4845 1599 1601
f 4845 1601 4846
f 4846 1601 1603
f 4846 1603 4847
f 4847 1603 4848
f 4847 4848 4849
f 4849 4848 4850
f 4849 4850 4851
f 4851 4850 4852
f 4851 4852 4853
f 4853 4852 4854
f 4853 4854 4834
f 4834 4854 4832
f 1603 1605 4848
f 4848 1605 4855
f 4848 4855 4850
f 4850 4855 4856
f 4850 4856 4852
f 4852 4856 4857
f 4852 4857 4854
f 4854 4857 4858
f 4854 4858 4832
f 4832 4858 4830
f 1605 1607 4855
f 4855 1607 4859
f 4855 4859 4856
f 4856 4859 4860
f 4856 4860 4857
f 4857 4860 4861
f 4857 4861 4858
f 4858 4861 4862
f 4858 4862 4830
f 4830 4862 4828
f 1607 1609 4859
f 4859 1609 4863
f 4859 4863 4860
f 4860 4863 4864
f 4860 4864 4861
f 4861 4864 4865
f 4861 4865 4862
f 4862 4865 4866
f 4862 4866 4828
f 4828 4866 4826
f 1609 1610 4863
f 4863 1610 4867
f 4863 4867 4864
f 4864 4867 4868
f 4864 4868 4865
f 4865 4868 4869
f 4865 4869 4866
f 4866 4869 4870
f 4866 4870 4826
f 4826 4870 4824
f 1610 1611 4867
f 4867 1611 1613
f 4867 1613 4871
f 4871 1613 1614
f 4871 1614 4872
f 4872 1614 1616
f 4872 1616 4873
f 4873 1616 1617
f 4873 1617 4874
f 4874 1617 4875
f 4874 4875 4876
f 4876 4875 4877
f 4876 4877 4878
f 4878 4877 4879
f 4878 4879 4880
f 4880 4879 4881
f 4880 4881 4816
f 4816 4881 4814
f 1617 1619 4875
f 4875 1619 4882
f 4875 4882 4877
f 4877 4882 4883
f 4877 4883 4879
f 4879 4883 4884
f 4879 4884 4881
f 4881 4884 4885
f 4881 4885 4814
f 4814 4885 4812
f 1619 1620 4882
f 4882 1620 4886
f 4882 4886 4883
f 4883 4886 4887
f 4883 4887 4884
f 4884 4887 4888
f 4884 4888 4885
f 4885 4888 4889
f 4885 4889 4812
f 4812 4889 4810
f 1620 1622 4886
f 4886 1622 4890
f 4886 4890 4887
f 4887 4890 4891
f 4887 4891 4888
f 4888 4891 4892
f 4888 4892 4889
f 4889 4892 4893
f 4889 4893 4810
f 4810 4893 4808
f 1622 1623 4890
f 4890 1623 1621
f 4890 1621 4894
f 4895 4892 4894
f 4894 4892 4891
f 4894 4891 4890
f 4806 4808 4895
f 4895 4808 4893
f 4895 4893 4892
f 3289 3290 4787
f 4787 3290 4896
f 4787 4896 4785
f 4785 4896 4897
f 4785 4897 4783
f 4783 4897 4898
f 4783 4898 4781
f 4781 4898 4899
f 4781 4899 4779
f 4779 4899 4900
f 4779 4900 4777
f 4777 4900 4901
f 4777 4901 4775
f 4775 4901 4774
f 3290 3469 4896
f 4896 3469 4902
f 4896 4902 4897
f 4897 4902 4903
f 4897 4903 4898
f 4898 4903 4904
f 4898 4904 4899
f 4899 4904 4905
f 4899 4905 4900
f 4900 4905 4906
f 4900 4906 4901
f 4901 4906 4907
f 4901 4907 4774
f 4774 4907 4773
f 3469 3468 4902
f 4902 3468 4908
f 4902 4908 4903
f 4903 4908 4909
f 4903 4909 4904
f 4904 4909 4910
f 4904 4910 4905
f 4905 4910 4911
f 4905 4911 4906
f 4906 4911 4912
f 4906 4912 4907
f 4907 4912 4913
f 4907 4913 4773
f 4773 4913 4772
f 3468 3437 4908
f 4908 3437 4914
f 4908 4914 4909
f 4909 4914 4915
f 4909 4915 4910
f 4910 4915 4916
f 4910 4916 4911
f 4911 4916 4917
f 4911 4917 4912
f 4912 4917 4918
f 4912 4918 4913
f 4913 4918 4919
f 4913 4919 4772
f 4772 4919 4771
f 3437 3436 4914
f 4914 3436 4920
f 4914 4920 4915
f 4915 4920 4921
f 4915 4921 4916
f 4916 4921 4922
f 4916 4922 4917
f 4917 4922 4923
f 4917 4923 4918
f 4918 4923 4924
f 4918 4924 4919
f 4919 4924 4925
f 4919 4925 4771
f 4771 4925 4770
f 3436 3444 4920
f 4920 3444 4926
f 4920 4926 4921
f 4921 4926 4927
f 4921 4927 4922
f 4922 4927 4928
f 4922 4928 4923
f 4923 4928 4929
f 4923 4929 4924
f 4924 4929 4930
f 4924 4930 4925
f 4925 4930 4931
f 4925 4931 4770
f 4770 4931 4769
f 3444 3450 4926
f 4926 3450 4932
f 4926 4932 4927
f 4927 4932 4933
f 4927 4933 4928
f 4928 4933 4934
f 4928 4934 4929
f 4929 4934 4935
f 4929 4935 4930
f 4930 4935 4936
f 4930 4936 4931
f 4931 4936 4937
f 4931 4937 4769
f 4769 4937 4759
f 3450 3455 4932
f 4932 3455 4938
f 4932 4938 4933
f 4933 4938 4939
f 4933 4939 4934
f 4934 4939 4940
f 4934 4940 4935
f 4935 4940 4941
f 4935 4941 4936
f 4936 4941 4942
f 4936 4942 4937
f 4937 4942 4757
f 4937 4757 4759
f 3455 3460 4938
f 4938 3460 4943
f 4938 4943 4939
f 4939 4943 4944
f 4939 4944 4940
f 4940 4944 4945
f 4940 4945 4941
f 4941 4945 4946
f 4941 4946 4942
f 4942 4946 4755
f 4942 4755 4757
f 3460 3459 4943
f 4943 3459 4947
f 4943 4947 4944
f 4944 4947 4948
f 4944 4948 4945
f 4945 4948 4949
f 4945 4949 4946
f 4946 4949 4753
f 4946 4753 4755
f 3459 3463 4947
f 4947 3463 4950
f 4947 4950 4948
f 4948 4950 4951
f 4948 4951 4949
f 4949 4951 4751
f 4949 4751 4753
f 3463 3465 4950
f 4950 3465 4748
f 4950 4748 4951
f 4951 4748 4749
f 4951 4749 4751
f 3465 3466 4748
f 4786 4839 4788
f 4788 4839 4789
f 4839 4837 4789
f 4789 4837 4790
f 4837 4835 4790
f 4790 4835 4791
f 4835 4833 4791
f 4791 4833 4792
f 4833 4831 4792
f 4792 4831 4793
f 4831 4829 4793
f 4793 4829 4794
f 4829 4827 4794
f 4794 4827 4795
f 4827 4825 4795
f 4795 4825 4796
f 4825 4823 4796
f 4796 4823 4797
f 4823 4821 4797
f 4797 4821 4798
f 4821 4819 4798
f 4798 4819 4799
f 4819 4817 4799
f 4799 4817 4800
f 4817 4815 4800
f 4800 4815 4801
f 4815 4813 4801
f 4801 4813 4802
f 4813 4811 4802
f 4802 4811 4803
f 4807 4805 4804
f 4811 4809 4803
f 4803 4809 4804
f 4809 4807 4804
f 4838 4840 4952
f 4952 4840 4844
f 4952 4844 4953
f 4953 4844 4843
f 4953 4843 4954
f 4954 4843 4842
f 4954 4842 4845
f 4845 4842 4841
f 4853 4834 4836
f 4836 4838 4955
f 4955 4838 4952
f 4955 4952 4956
f 4956 4952 4953
f 4956 4953 4957
f 4957 4953 4954
f 4957 4954 4846
f 4846 4954 4845
f 4822 4824 4958
f 4958 4824 4870
f 4958 4870 4959
f 4959 4870 4869
f 4959 4869 4960
f 4960 4869 4868
f 4960 4868 4871
f 4871 4868 4867
f 4820 4822 4961
f 4961 4822 4958
f 4961 4958 4962
f 4962 4958 4959
f 4962 4959 4963
f 4963 4959 4960
f 4963 4960 4872
f 4872 4960 4871
f 4880 4816 4818
f 4818 4820 4964
f 4964 4820 4961
f 4964 4961 4965
f 4965 4961 4962
f 4965 4962 4966
f 4966 4962 4963
f 4966 4963 4873
f 4873 4963 4872
f 4760 4764 4761
f 4761 4764 4967
f 4761 4967 4762
f 4762 4967 4768
f 4762 4768 4763
f 4956 4851 4955
f 4955 4851 4853
f 4955 4853 4836
f 4851 4956 4849
f 4849 4956 4957
f 4849 4957 4847
f 4847 4957 4846
f 4965 4878 4964
f 4964 4878 4880
f 4964 4880 4818
f 4878 4965 4876
f 4876 4965 4966
f 4876 4966 4874
f 4874 4966 4873
f 4764 4765 4967
f 4967 4765 4767
f 4967 4767 4768
f 3012 2504 4968
f 4968 2504 4806
f 4968 4806 4969
f 4969 4806 4895
f 4969 4895 4970
f 4970 4895 4894
f 4970 4894 1621
f 1621 1637 4970
f 4970 1637 4971
f 4970 4971 4969
f 4969 4971 4972
f 4969 4972 4968
f 4968 4972 4973
f 4968 4973 3012
f 4514 3012 4974
f 4974 3012 4973
f 4974 4973 4975
f 4975 4973 4976
f 4975 4976 4977
f 4977 4976 4978
f 4977 4978 4979
f 4979 4978 4980
f 4979 4980 4981
f 4981 4980 4982
f 4981 4982 4983
f 4983 4982 4984
f 4983 4984 4985
f 4985 4984 1642
f 4985 1642 1643
f 4973 4972 4976
f 4976 4972 4986
f 4976 4986 4978
f 4978 4986 4987
f 4978 4987 4980
f 4980 4987 4988
f 4980 4988 4982
f 4982 4988 4989
f 4982 4989 4984
f 4984 4989 1641
f 4984 1641 1642
f 4986 4972 4990
f 4990 4972 4971
f 4990 4971 4991
f 4991 4971 4992
f 4991 4992 4993
f 4993 4992 1638
f 4993 1638 1639
f 4971 1637 4992
f 4992 1637 1638
f 4993 1639 4994
f 4994 1639 1641
f 4994 1641 4989
f 4985 1643 4995
f 4995 1643 1644
f 4995 1644 1646
f 1646 4996 4995
f 4995 4996 4997
f 4995 4997 4998
f 4998 4997 4999
f 4998 4999 5000
f 5000 4999 5001
f 5000 5001 5002
f 5002 5001 5003
f 5002 5003 5004
f 5004 5003 5005
f 5004 5005 5006
f 5006 5005 5007
f 5006 5007 4974
f 4974 5007 4514
f 4996 5008 4997
f 4997 5008 5009
f 4997 5009 4999
f 4999 5009 5010
f 4999 5010 5001
f 5001 5010 5011
f 5001 5011 5003
f 5003 5011 5012
f 5003 5012 5005
f 5005 5012 5013
f 5005 5013 5007
f 5007 5013 4515
f 5007 4515 4514
f 5009 5008 5014
f 5014 5008 5015
f 5014 5015 5016
f 5016 5015 5017
f 5016 5017 5018
f 5018 5017 5019
f 5018 5019 5020
f 5020 5019 4522
f 5020 4522 4520
f 5017 4523 5019
f 5019 4523 4522
f 4520 4519 5020
f 5020 4519 5021
f 5020 5021 5022
f 5022 5021 5023
f 5022 5023 5024
f 5024 5023 5011
f 5024 5011 5010
f 4519 4517 5021
f 5021 4517 5025
f 5021 5025 5023
f 5023 5025 5012
f 5023 5012 5011
f 5025 4517 5013
f 5013 4517 4515
f 5006 4974 4975
f 5012 5025 5013
f 5018 5020 5022
f 5006 4975 4977
f 5006 4977 5004
f 5004 4977 4979
f 5004 4979 5002
f 5002 4979 4981
f 5002 4981 5000
f 5000 4981 4983
f 5000 4983 4998
f 4998 4983 4985
f 4998 4985 4995
f 5018 5022 5016
f 5016 5022 5024
f 5016 5024 5014
f 5014 5024 5010
f 5014 5010 5009
f 4986 4990 4987
f 4987 4990 5026
f 4987 5026 4988
f 4988 5026 4994
f 4988 4994 4989
f 4990 4991 5026
f 5026 4991 4993
f 5026 4993 4994
f 4525 4523 5027
f 5027 4523 5017
f 5027 5017 5028
f 5028 5017 5015
f 5028 5015 5029
f 5029 5015 5030
f 5029 5030 5031
f 5031 5030 5032
f 5031 5032 5033
f 5033 5032 5034
f 5033 5034 5035
f 5035 5034 5036
f 5036 5034 5037
f 5036 5037 4643
f 4643 5037 4645
f 4645 5037 5038
f 4645 5038 4646
f 4646 5038 5039
f 4646 5039 4647
f 4647 5039 1646
f 1646 5039 4996
f 4996 5039 5040
f 4996 5040 5008
f 5008 5040 5041
f 5008 5041 5030
f 5030 5041 5032
f 5015 5008 5030
f 5033 5035 5042
f 5042 5035 5043
f 5042 5043 5044
f 5044 5043 5045
f 5044 5045 5046
f 5046 5045 5047
f 5046 5047 5048
f 5048 5047 4527
f 5048 4527 5027
f 5027 4527 4525
f 5045 3690 5047
f 5047 3690 4528
f 5047 4528 4527
f 5048 5027 5049
f 5049 5027 5028
f 5049 5028 5050
f 5050 5028 5029
f 5050 5029 5031
f 5044 5046 5049
f 5049 5046 5048
f 5044 5049 5050
f 5044 5050 5042
f 5042 5050 5031
f 5042 5031 5033
f 5032 5041 5051
f 5051 5041 5040
f 5051 5040 5038
f 5038 5040 5039
f 5038 5037 5051
f 5051 5037 5034
f 5051 5034 5032
f 5036 4643 5052
f 5052 4643 4642
f 5052 4642 4641
f 4641 4644 5052
f 5052 4644 5053
f 5052 5053 5054
f 5054 5053 5055
f 5054 5055 5056
f 5056 5055 5057
f 5056 5057 5058
f 5056 5058 5059
f 5059 5058 5060
f 5059 5060 5061
f 5061 5060 5062
f 5061 5062 5063
f 5063 5062 5064
f 5063 5064 5045
f 5045 5064 3669
f 5045 3669 3690
f 3690 3669 3671
f 5045 5043 5063
f 5063 5043 5061
f 5061 5043 5059
f 5059 5043 5035
f 5059 5035 5056
f 5056 5035 5054
f 5035 5036 5054
f 5054 5036 5052
f 1512 1295 5065
f 5065 1295 1294
f 5065 1294 5066
f 5066 1294 1486
f 5066 1486 5067
f 5067 1486 5068
f 5067 5068 5069
f 5069 5068 5070
f 5069 5070 5071
f 5071 5070 5072
f 5071 5072 5073
f 5073 5072 5074
f 5073 5074 5075
f 5075 5074 3899
f 5075 3899 3898
f 1486 1489 5068
f 5068 1489 5076
f 5068 5076 5070
f 5070 5076 5077
f 5070 5077 5072
f 5072 5077 5078
f 5072 5078 5074
f 5074 5078 3899
f 1489 1491 5076
f 5076 1491 5079
f 5076 5079 5077
f 5077 5079 5080
f 5077 5080 5078
f 5078 5080 3900
f 5078 3900 3899
f 5079 1491 5081
f 5081 1491 1490
f 5081 1490 3900
f 5075 3898 5082
f 5082 3898 3896
f 5082 3896 5083
f 5083 3896 5084
f 5083 5084 5085
f 5085 5084 5086
f 5085 5086 5087
f 5087 5086 5088
f 5087 5088 5089
f 5089 5088 5090
f 5089 5090 5091
f 5091 5090 5092
f 5091 5092 5093
f 5093 5092 5094
f 5093 5094 5095
f 5095 5094 5096
f 5095 5096 1502
f 1502 5096 1500
f 1500 5096 5097
f 1500 5097 1498
f 1498 5097 5098
f 1498 5098 1497
f 1497 5098 1403
f 1403 5098 1402
f 1402 5098 5099
f 1402 5099 1400
f 1400 5099 5100
f 1400 5100 5101
f 5101 5100 5102
f 5101 5102 5103
f 5103 5102 5092
f 5103 5092 5090
f 3896 3895 5084
f 5084 3895 3893
f 5084 3893 5104
f 5104 3893 5105
f 5104 5105 5106
f 5106 5105 5107
f 5106 5107 5108
f 5108 5107 5109
f 5108 5109 5103
f 5103 5109 5101
f 3893 3891 5105
f 5105 3891 1395
f 5105 1395 1396
f 5105 1396 5107
f 5107 1396 1398
f 5107 1398 5109
f 5109 1398 5101
f 1398 1400 5101
f 1502 1503 5095
f 5095 1503 5110
f 5095 5110 5093
f 5093 5110 5111
f 5093 5111 5091
f 5091 5111 5112
f 5091 5112 5089
f 5089 5112 5113
f 5089 5113 5087
f 5087 5113 5114
f 5087 5114 5085
f 5085 5114 5115
f 5085 5115 5083
f 5083 5115 5082
f 1503 1505 5110
f 5110 1505 5116
f 5110 5116 5111
f 5111 5116 5117
f 5111 5117 5112
f 5112 5117 5118
f 5112 5118 5113
f 5113 5118 5119
f 5113 5119 5114
f 5114 5119 5120
f 5114 5120 5115
f 5115 5120 5121
f 5115 5121 5082
f 5082 5121 5075
f 1505 1507 5116
f 5116 1507 5122
f 5116 5122 5117
f 5117 5122 5123
f 5117 5123 5118
f 5118 5123 5124
f 5118 5124 5119
f 5119 5124 5125
f 5119 5125 5120
f 5120 5125 5126
f 5120 5126 5121
f 5121 5126 5073
f 5121 5073 5075
f 5122 1507 5127
f 5127 1507 1508
f 5127 1508 1510
f 5127 1510 5128
f 5128 1510 1511
f 5128 1511 5065
f 5065 1511 1512
f 5128 5065 5129
f 5129 5065 5066
f 5129 5066 5130
f 5130 5066 5067
f 5130 5067 5069
f 5123 5122 5127
f 5127 5128 5131
f 5131 5128 5129
f 5131 5129 5132
f 5132 5129 5130
f 5132 5130 5133
f 5133 5130 5069
f 5133 5069 5071
f 5099 5098 5097
f 5097 5096 5134
f 5134 5096 5094
f 5134 5094 5102
f 5102 5094 5092
f 5124 5123 5131
f 5131 5123 5127
f 5124 5131 5132
f 5100 5099 5134
f 5134 5099 5097
f 5100 5134 5102
f 5124 5132 5125
f 5125 5132 5133
f 5125 5133 5126
f 5126 5133 5071
f 5126 5071 5073
f 5108 5103 5090
f 5108 5090 5088
f 5106 5108 5088
f 5106 5088 5086
f 3900 5080 5081
f 5081 5080 5079
f 5106 5086 5104
f 5104 5086 5084
f 4625 4575 5135
f 5135 4575 4580
f 5135 4580 5136
f 5135 5136 5137
f 5137 5136 5138
f 5137 5138 5139
f 5139 5138 5140
f 5139 5140 5141
f 5141 5140 5142
f 5141 5142 4597
f 4597 4596 5141
f 5141 4596 4624
f 5141 4624 5139
f 5139 4624 4627
f 5139 4627 5137
f 5137 4627 4626
f 5137 4626 5135
f 5135 4626 4625
f 4620 4600 5143
f 5143 4600 215
f 5143 215 217
f 5143 217 5144
f 5144 217 219
f 5144 219 5145
f 5145 219 221
f 5145 221 5146
f 5146 221 223
f 5146 223 225
f 225 4565 5146
f 5146 4565 4623
f 5146 4623 5145
f 5145 4623 4622
f 5145 4622 5144
f 5144 4622 4621
f 5144 4621 5143
f 5143 4621 4620
f 4616 4603 5147
f 5147 4603 4604
f 5147 4604 5148
f 5147 5148 5149
f 5149 5148 5150
f 5149 5150 5151
f 5151 5150 5152
f 5151 5152 5153
f 5153 5152 5154
f 5153 5154 4562
f 4562 4558 5153
f 5153 4558 4619
f 5153 4619 5151
f 5151 4619 4618
f 5151 4618 5149
f 5149 4618 4617
f 5149 4617 5147
f 5147 4617 4616
f 4613 3219 5155
f 5155 3219 3223
f 5155 3223 5156
f 5155 5156 5157
f 5157 5156 5158
f 5157 5158 5159
f 5159 5158 5160
f 5159 5160 5161
f 5161 5160 5162
f 5161 5162 4602
f 4602 4601 5161
f 5161 4601 4612
f 5161 4612 5159
f 5159 4612 4615
f 5159 4615 5157
f 5157 4615 4614
f 5157 4614 5155
f 5155 4614 4613
f 4598 4599 4607
f 4607 4599 5163
f 4607 5163 4608
f 4608 5163 5164
f 4608 5164 4609
f 4609 5164 5165
f 4609 5165 4610
f 4610 5165 5166
f 4610 5166 4611
f 4611 5166 5167
f 4611 5167 4605
f 4605 5167 4606
f 5168 5169 5170
f 5170 5169 5171
f 5170 5171 5172
f 5173 5174 5169
f 5169 5174 5175
f 5169 5175 5171
f 5174 5173 5176
f 5176 5173 5177
f 5176 5177 5178
f 5178 5177 5179
f 5178 5179 5180
f 5178 5181 5176
f 5172 5182 5170
f 5183 5184 5185
f 5185 5184 5186
f 5185 5186 5187
f 5187 5186 5188
f 5187 5188 5189
f 5189 5188 5190
f 5189 5190 5191
f 5191 5190 5192
f 5192 5190 5193
f 5192 5193 5194
f 5194 5193 5195
f 5190 5196 5193
f 5187 5197 5185
f 5198 5199 5200
f 5200 5199 5201
f 5200 5201 5202
f 5202 5203 5200
f 5204 5205 5206
f 5206 5205 5207
f 5206 5207 5208
f 5206 5208 5209
f 5209 5208 5210
f 5209 5210 5211
f 5211 5210 5212
f 5211 5212 5213
f 5213 5212 5214
f 5212 5210 5215
f 5215 5210 5216
f 5215 5216 5217
f 5217 5218 5215
f 3764 3760 5219
f 5219 3760 5220
f 5219 5220 5221
f 5221 5220 5222
f 5221 5222 5223
f 5223 5222 5224
f 5223 5224 5225
f 5225 5224 5226
f 5225 5226 5227
f 5227 5226 5228
f 5227 5228 5229
f 5229 5228 5230
f 5229 5230 5231
f 5231 5230 5232
f 5231 5232 5233
f 5233 5232 5234
f 5233 5234 5235
f 5233 5235 5236
f 5236 5235 5237
f 5236 5237 5238
f 5238 5237 5239
f 5238 5239 5240
f 5240 5239 5199
f 5240 5199 5198
f 5196 5241 5193
f 5193 5241 5242
f 5242 5241 5243
f 5242 5243 5244
f 5244 5243 5245
f 5244 5245 5246
f 5246 5245 5247
f 5246 5247 5248
f 5248 5247 5249
f 5248 5249 5250
f 5250 5251 5248
f 5248 5251 5252
f 5252 5251 5253
f 5252 5253 5254
f 5254 5255 5252
f 5252 5255 3001
f 3001 5255 3005
f 3285 5256 3283
f 3283 5256 5257
f 3283 5257 3281
f 3281 5257 5258
f 3281 5258 3279
f 3279 5258 5259
f 3279 5259 3277
f 3277 5259 5260
f 3277 5260 3275
f 3275 5260 5261
f 3275 5261 3273
f 3273 5261 5262
f 3273 5262 3271
f 3271 5262 5263
f 3271 5263 3269
f 3269 5263 5264
f 3269 5264 3267
f 3267 5264 5265
f 3267 5265 3001
f 3001 5265 5252
f 5252 5265 5266
f 5252 5266 5248
f 5248 5266 5267
f 5248 5267 5246
f 5246 5267 5268
f 5246 5268 5244
f 5244 5268 5269
f 5244 5269 5242
f 5242 5269 5193
f 5193 5269 5195
f 5195 5269 5270
f 5195 5270 5194
f 5194 5270 5271
f 5194 5271 5192
f 5192 5271 5272
f 5192 5272 5273
f 5273 5272 5274
f 5273 5274 5275
f 5275 5274 5276
f 5275 5276 5277
f 5277 5276 5278
f 5277 5278 5279
f 5279 5278 5262
f 5279 5262 5261
f 5256 5280 5257
f 5257 5280 5281
f 5257 5281 5258
f 5258 5281 5282
f 5258 5282 5259
f 5259 5282 5283
f 5259 5283 5260
f 5260 5283 5284
f 5260 5284 5261
f 5261 5284 5279
f 5280 5285 5281
f 5281 5285 5286
f 5281 5286 5282
f 5282 5286 5287
f 5282 5287 5283
f 5283 5287 5288
f 5283 5288 5284
f 5284 5288 5289
f 5284 5289 5279
f 5279 5289 5277
f 5285 5290 5286
f 5286 5290 5291
f 5286 5291 5287
f 5287 5291 5292
f 5287 5292 5288
f 5288 5292 5293
f 5288 5293 5289
f 5289 5293 5294
f 5289 5294 5277
f 5277 5294 5275
f 5290 5295 5291
f 5291 5295 5296
f 5291 5296 5292
f 5292 5296 5297
f 5292 5297 5293
f 5293 5297 5298
f 5293 5298 5294
f 5294 5298 5299
f 5294 5299 5275
f 5275 5299 5273
f 5295 5300 5296
f 5296 5300 5301
f 5296 5301 5302
f 5302 5303 5296
f 5296 5303 5187
f 5296 5187 5297
f 5297 5187 5189
f 5297 5189 5298
f 5298 5189 5299
f 5303 5197 5187
f 5189 5191 5299
f 5299 5191 5273
f 5191 5192 5273
f 5274 5272 5304
f 5304 5272 5271
f 5304 5271 5305
f 5305 5271 5270
f 5305 5270 5268
f 5268 5270 5269
f 5276 5274 5306
f 5306 5274 5304
f 5306 5304 5307
f 5307 5304 5305
f 5307 5305 5267
f 5267 5305 5268
f 5263 5262 5278
f 5278 5276 5308
f 5308 5276 5306
f 5308 5306 5309
f 5309 5306 5307
f 5309 5307 5266
f 5266 5307 5267
f 5309 5264 5308
f 5308 5264 5263
f 5308 5263 5278
f 5266 5265 5309
f 5309 5265 5264
f 3764 5310 3285
f 3285 5310 5256
f 5256 5310 5311
f 5256 5311 5280
f 5280 5311 5312
f 5280 5312 5313
f 5280 5313 5285
f 5285 5313 5314
f 5285 5314 5315
f 5285 5315 5290
f 5290 5315 5316
f 5290 5316 5295
f 2995 5317 2989
f 2989 5317 5318
f 5318 5317 5319
f 5318 5319 5320
f 5318 5320 5321
f 5321 5320 5322
f 5321 5322 5323
f 5321 5323 5324
f 5324 5323 5325
f 5324 5325 5326
f 5326 5325 5327
f 5326 5327 5328
f 5328 5327 5329
f 5328 5329 5170
f 5170 5329 5168
f 5328 5170 5330
f 5330 5170 5182
f 5330 5182 5331
f 5331 5182 5172
f 5331 5172 5332
f 5332 5172 5171
f 5332 5171 5333
f 5333 5171 5334
f 5333 5334 5335
f 5335 5334 5336
f 5335 5336 5337
f 5337 5336 5338
f 5337 5338 5339
f 5339 5338 5340
f 5339 5340 5341
f 5341 5340 5342
f 5341 5342 3264
f 3264 5342 5343
f 3264 5343 3266
f 5171 5175 5334
f 5334 5175 5344
f 5334 5344 5336
f 5336 5344 5345
f 5336 5345 5338
f 5338 5345 5346
f 5338 5346 5340
f 5340 5346 5347
f 5340 5347 5342
f 5342 5347 5348
f 5342 5348 5343
f 5175 5174 5344
f 5344 5174 5349
f 5344 5349 5345
f 5345 5349 5350
f 5345 5350 5346
f 5346 5350 5351
f 5346 5351 5347
f 5347 5351 5352
f 5347 5352 5348
f 5349 5174 5353
f 5353 5174 5176
f 5353 5176 5354
f 5354 5176 5355
f 5354 5355 5356
f 5181 5357 5176
f 5176 5357 5355
f 5356 5358 5354
f 5354 5358 5359
f 5354 5359 5353
f 5353 5359 5350
f 5353 5350 5349
f 5358 5360 5359
f 5359 5360 5361
f 5359 5361 5351
f 5351 5361 5352
f 3264 3262 5341
f 5341 3262 5362
f 5341 5362 5339
f 5339 5362 5363
f 5339 5363 5337
f 5337 5363 5364
f 5337 5364 5335
f 5335 5364 5365
f 5335 5365 5333
f 5333 5365 5332
f 3262 3260 5362
f 5362 3260 5366
f 5362 5366 5363
f 5363 5366 5367
f 5363 5367 5364
f 5364 5367 5368
f 5364 5368 5365
f 5365 5368 5369
f 5365 5369 5332
f 5332 5369 5331
f 3260 3258 5366
f 5366 3258 5370
f 5366 5370 5367
f 5367 5370 5371
f 5367 5371 5368
f 5368 5371 5372
f 5368 5372 5369
f 5369 5372 5373
f 5369 5373 5331
f 5331 5373 5330
f 3258 3256 5370
f 5370 3256 5374
f 5370 5374 5371
f 5371 5374 5375
f 5371 5375 5372
f 5372 5375 5376
f 5372 5376 5373
f 5373 5376 5377
f 5373 5377 5330
f 5330 5377 5328
f 3256 3254 5374
f 5374 3254 5378
f 5374 5378 5375
f 5375 5378 5379
f 5375 5379 5376
f 5376 5379 5380
f 5376 5380 5377
f 5377 5380 5326
f 5377 5326 5328
f 3254 3252 5378
f 5378 3252 5381
f 5378 5381 5379
f 5379 5381 5382
f 5379 5382 5380
f 5380 5382 5324
f 5380 5324 5326
f 3252 3250 5381
f 5381 3250 5383
f 5381 5383 5382
f 5382 5383 5321
f 5382 5321 5324
f 3250 3248 5383
f 5383 3248 5318
f 5383 5318 5321
f 3248 2989 5318
f 5359 5351 5350
f 3760 3266 5384
f 5384 3266 5343
f 5384 5343 5385
f 5385 5343 5386
f 5386 5343 5348
f 5386 5348 5387
f 5387 5348 5352
f 5387 5352 5388
f 5388 5352 5389
f 5389 5352 5361
f 5389 5361 5390
f 5390 5361 5360
f 5203 5202 5391
f 5391 5202 5392
f 5391 5392 5393
f 5393 5392 5394
f 5393 5394 5395
f 5395 5394 5396
f 5395 5396 5397
f 5397 5396 5398
f 5397 5398 5399
f 5399 5398 5400
f 5399 5400 5204
f 5204 5400 5205
f 5234 5232 5401
f 5401 5232 5402
f 5401 5402 5403
f 5403 5402 5404
f 5403 5404 5405
f 5405 5404 5406
f 5405 5406 5407
f 5407 5406 5408
f 5407 5408 5409
f 5409 5408 5410
f 5409 5410 5411
f 5411 5410 5412
f 5411 5412 5413
f 5413 5412 5414
f 5413 5414 5415
f 5415 5414 3760
f 5232 5230 5402
f 5402 5230 5404
f 5230 5228 5404
f 5404 5228 5406
f 5228 5226 5406
f 5406 5226 5408
f 5226 5224 5408
f 5408 5224 5410
f 5224 5222 5410
f 5410 5222 5412
f 5222 5220 5412
f 5412 5220 5414
f 5220 3760 5414
f 3760 5384 5416
f 5416 5384 5385
f 5416 5385 5417
f 5417 5385 5386
f 5417 5386 5418
f 5418 5386 5387
f 5418 5387 5419
f 5419 5387 5420
f 5419 5420 5421
f 5421 5420 5422
f 5421 5422 5423
f 5423 5422 5424
f 5423 5424 5409
f 5409 5424 5407
f 5387 5388 5420
f 5420 5388 5389
f 5420 5389 5425
f 5425 5389 5390
f 5425 5390 5360
f 5425 5360 5426
f 5426 5360 5427
f 5426 5427 5428
f 5428 5427 5429
f 5428 5429 5430
f 5430 5429 5403
f 5430 5403 5405
f 5429 5401 5403
f 5415 3760 5431
f 5431 3760 5432
f 5432 3760 5416
f 5422 5420 5425
f 5425 5426 5433
f 5433 5426 5428
f 5433 5428 5434
f 5434 5428 5430
f 5434 5430 5405
f 5418 5419 5435
f 5435 5419 5421
f 5435 5421 5436
f 5436 5421 5423
f 5436 5423 5411
f 5411 5423 5409
f 5432 5416 5417
f 5417 5418 5437
f 5437 5418 5435
f 5437 5435 5438
f 5438 5435 5436
f 5438 5436 5413
f 5413 5436 5411
f 5424 5422 5433
f 5433 5422 5425
f 5424 5433 5434
f 5431 5432 5437
f 5437 5432 5417
f 5431 5437 5438
f 5424 5434 5407
f 5407 5434 5405
f 5431 5438 5415
f 5415 5438 5413
f 5235 5234 5439
f 5439 5234 5401
f 5439 5401 5440
f 5440 5401 5441
f 5440 5441 5442
f 5442 5441 5443
f 5443 5441 5444
f 5443 5444 5445
f 5445 5444 5446
f 5445 5446 5447
f 5447 5446 5427
f 5447 5427 5448
f 5448 5427 5360
f 5448 5360 5358
f 5401 5429 5441
f 5441 5429 5444
f 5444 5429 5446
f 5446 5429 5427
f 5358 5356 5448
f 5448 5356 5355
f 5448 5355 5357
f 5357 5449 5448
f 5448 5449 5447
f 5449 5445 5447
f 5440 5442 5439
f 5439 5442 5199
f 5439 5199 5239
f 5239 5237 5439
f 5439 5237 5235
f 5199 5442 5201
f 5201 5442 5450
f 5450 5442 5443
f 5450 5443 5451
f 5451 5443 5445
f 5451 5445 5452
f 5452 5445 5449
f 5452 5449 5453
f 5453 5449 5357
f 5453 5357 5181
f 5202 5201 5454
f 5454 5201 5450
f 5454 5450 5455
f 5455 5450 5451
f 5455 5451 5456
f 5456 5451 5452
f 5456 5452 5457
f 5457 5452 5453
f 5457 5453 5181
f 5181 5178 5457
f 5457 5178 5458
f 5457 5458 5456
f 5456 5458 5459
f 5456 5459 5455
f 5455 5459 5460
f 5455 5460 5454
f 5454 5460 5461
f 5454 5461 5202
f 5295 5316 5462
f 5462 5316 5463
f 5462 5463 5464
f 5464 5463 5465
f 5464 5465 5466
f 5466 5465 5467
f 5466 5467 5468
f 5468 5467 5469
f 5468 5469 5470
f 5470 5469 5471
f 5470 5471 5472
f 5472 5471 5473
f 5472 5473 5474
f 5474 5473 5475
f 5474 5475 5476
f 5476 5475 3764
f 5316 5315 5463
f 5463 5315 5465
f 5315 5314 5465
f 5465 5314 5467
f 5314 5313 5467
f 5467 5313 5469
f 5313 5312 5469
f 5469 5312 5471
f 5312 5311 5471
f 5471 5311 5473
f 5311 5310 5473
f 5473 5310 5475
f 5310 3764 5475
f 3764 5219 5477
f 5477 5219 5221
f 5477 5221 5478
f 5478 5221 5223
f 5478 5223 5479
f 5479 5223 5225
f 5479 5225 5480
f 5480 5225 5481
f 5480 5481 5482
f 5482 5481 5483
f 5482 5483 5484
f 5484 5483 5485
f 5484 5485 5470
f 5470 5485 5468
f 5225 5227 5481
f 5481 5227 5229
f 5481 5229 5486
f 5486 5229 5231
f 5486 5231 5233
f 5486 5233 5487
f 5487 5233 5488
f 5487 5488 5489
f 5489 5488 5490
f 5489 5490 5491
f 5491 5490 5464
f 5491 5464 5466
f 5490 5462 5464
f 5476 3764 5492
f 5492 3764 5493
f 5493 3764 5477
f 5483 5481 5486
f 5486 5487 5494
f 5494 5487 5489
f 5494 5489 5495
f 5495 5489 5491
f 5495 5491 5466
f 5479 5480 5496
f 5496 5480 5482
f 5496 5482 5497
f 5497 5482 5484
f 5497 5484 5472
f 5472 5484 5470
f 5493 5477 5478
f 5478 5479 5498
f 5498 5479 5496
f 5498 5496 5499
f 5499 5496 5497
f 5499 5497 5474
f 5474 5497 5472
f 5485 5483 5494
f 5494 5483 5486
f 5485 5494 5495
f 5492 5493 5498
f 5498 5493 5478
f 5492 5498 5499
f 5485 5495 5468
f 5468 5495 5466
f 5492 5499 5476
f 5476 5499 5474
f 5300 5295 5500
f 5500 5295 5462
f 5500 5462 5501
f 5501 5462 5502
f 5501 5502 5503
f 5503 5502 5504
f 5503 5504 5505
f 5505 5504 5506
f 5506 5504 5507
f 5506 5507 5508
f 5508 5507 5509
f 5508 5509 5510
f 5510 5509 5488
f 5510 5488 5511
f 5511 5488 5236
f 5511 5236 5238
f 5462 5490 5502
f 5502 5490 5512
f 5502 5512 5504
f 5504 5512 5507
f 5512 5490 5509
f 5509 5490 5488
f 5488 5233 5236
f 5238 5240 5511
f 5511 5240 5513
f 5511 5513 5510
f 5510 5513 5508
f 5240 5198 5513
f 5513 5198 5514
f 5513 5514 5508
f 5508 5514 5506
f 5503 5505 5515
f 5515 5505 5516
f 5515 5516 5517
f 5517 5516 5303
f 5517 5303 5302
f 5302 5301 5517
f 5517 5301 5300
f 5517 5300 5500
f 5515 5517 5500
f 5500 5501 5515
f 5515 5501 5503
f 5509 5507 5512
f 5197 5303 5518
f 5518 5303 5516
f 5518 5516 5505
f 5518 5505 5519
f 5519 5505 5506
f 5519 5506 5520
f 5520 5506 5514
f 5520 5514 5521
f 5521 5514 5198
f 5521 5198 5200
f 5185 5197 5522
f 5522 5197 5518
f 5522 5518 5523
f 5523 5518 5519
f 5523 5519 5524
f 5524 5519 5520
f 5524 5520 5525
f 5525 5520 5521
f 5525 5521 5200
f 5200 5203 5525
f 5525 5203 5526
f 5525 5526 5524
f 5524 5526 5527
f 5524 5527 5523
f 5523 5527 5528
f 5523 5528 5522
f 5522 5528 5529
f 5522 5529 5185
f 3037 3042 3035
f 3035 3042 5530
f 3035 5530 3246
f 3246 5530 3245
f 3245 5530 3243
f 3243 5530 3242
f 3242 5530 5531
f 3242 5531 3240
f 3240 5531 3239
f 3239 5531 3237
f 3237 5531 5532
f 3237 5532 5533
f 3037 3039 3042
f 3042 3039 3040
f 5534 3233 5531
f 5531 3233 3235
f 5531 3235 5535
f 5536 5537 5534
f 5534 5537 3230
f 5534 3230 3231
f 5537 5536 5538
f 5538 5536 5539
f 5538 5539 5540
f 5540 5539 5541
f 5541 5539 5542
f 5542 5539 5543
f 5542 5543 5544
f 5544 5543 5545
f 5545 5543 5546
f 5545 5546 5547
f 5547 5546 2877
f 2877 5546 2878
f 2878 5546 5548
f 2878 5548 2875
f 2875 5548 2867
f 2867 5548 5549
f 2867 5549 2868
f 2868 5549 2946
f 2946 5549 5550
f 2946 5550 2944
f 2944 5550 5551
f 2944 5551 2943
f 2943 5551 5552
f 2943 5552 5553
f 2943 5553 2942
f 2942 5553 5554
f 2942 5554 2940
f 2940 5554 5555
f 2940 5555 2939
f 2939 5555 2938
f 2938 5555 5556
f 2938 5556 2936
f 2936 5556 2935
f 2935 5556 5557
f 2935 5557 2934
f 2934 5557 5558
f 2934 5558 2933
f 2933 5558 2931
f 2931 5558 5559
f 2931 5559 3119
f 3119 5559 3121
f 3121 5559 5560
f 3121 5560 3122
f 3122 5560 3123
f 3123 5560 5561
f 3123 5561 3130
f 3130 5561 3132
f 5537 3229 3230
f 3231 3233 5534
f 5535 5532 5531
f 3237 5533 3028
f 3028 5533 5562
f 3028 5562 5563
f 5563 3026 3028
f 5564 5565 1092
f 1092 5565 5566
f 1092 5566 5567
f 5568 5569 5567
f 5567 5569 1092
f 1091 5570 1092
f 1092 5570 5571
f 1092 5571 5564
f 5537 5538 1163
f 1163 5538 5540
f 1163 5540 5572
f 5572 5573 1163
f 1163 5573 5574
f 1163 5574 1164
f 5569 1182 1092
f 1092 1182 1184
f 1092 1184 1186
f 5569 5575 1182
f 1182 5575 5576
f 1182 5576 3218
f 1182 3218 1180
f 1180 3218 3217
f 1180 3217 1178
f 1178 3217 3225
f 1178 3225 1176
f 1176 3225 1174
f 1174 3225 3227
f 1174 3227 1172
f 1172 3227 1170
f 1170 3227 3229
f 1170 3229 1168
f 1168 3229 5537
f 1168 5537 1166
f 1166 5537 1163
f 1166 1163 1212
f 1212 1163 1210
f 1210 1163 1158
f 1210 1158 1208
f 1208 1158 1155
f 1208 1155 1206
f 1206 1155 1154
f 1206 1154 1153
f 1206 1153 1204
f 1204 1153 1152
f 1204 1152 1202
f 1202 1152 1151
f 1202 1151 1200
f 1200 1151 1150
f 1200 1150 1198
f 1198 1150 1149
f 1198 1149 1148
f 1198 1148 1196
f 1196 1148 1147
f 1196 1147 1194
f 1194 1147 1146
f 1194 1146 1145
f 1194 1145 1192
f 1192 1145 1144
f 1192 1144 1143
f 1192 1143 1190
f 1190 1143 1096
f 1190 1096 1188
f 1188 1096 1094
f 1188 1094 1092
f 1186 1188 1092
f 5577 5578 5579
f 5579 5578 5580
f 5579 5580 5581
f 5581 5580 5582
f 5582 5580 5583
f 5583 5580 5584
f 5584 5580 5585
f 5584 5585 5586
f 5586 5585 5587
f 5587 5585 5588
f 5588 5585 5589
f 5588 5589 5590
f 5590 5589 5591
f 5591 5589 5592
f 5591 5592 5593
f 5593 5592 5594
f 5593 5594 5595
f 5595 5594 5596
f 5596 5594 5597
f 5596 5597 5598
f 5598 5597 5599
f 5599 5597 5600
f 5599 5600 5601
f 5601 5600 5602
f 5601 5602 5603
f 5603 5602 5604
f 5604 5602 5605
f 5604 5605 5606
f 5606 5605 5607
f 5606 5607 5608
f 5608 5607 5609
f 5609 5607 5610
f 5609 5610 5611
f 5611 5610 5612
f 5611 5612 5613
f 5613 5612 5614
f 5614 5612 5615
f 5614 5615 5616
f 5616 5615 5617
f 5617 5615 5618
f 5618 5615 5619
f 5618 5619 5620
f 5620 5619 5621
f 5621 5619 5622
f 5621 5622 5623
f 5623 5622 5624
f 5580 5578 5625
f 5625 5578 5626
f 5625 5626 5627
f 5627 5628 5625
f 5625 5628 5629
f 5629 5628 5630
f 5629 5630 5631
f 5631 5630 5632
f 5580 5625 5585
f 5585 5625 5633
f 5585 5633 5589
f 5589 5633 5634
f 5589 5634 5592
f 5592 5634 5635
f 5592 5635 5594
f 5594 5635 5636
f 5594 5636 5597
f 5597 5636 5637
f 5597 5637 5600
f 5600 5637 5638
f 5600 5638 5602
f 5602 5638 5639
f 5602 5639 5605
f 5605 5639 5640
f 5605 5640 5607
f 5607 5640 5641
f 5607 5641 5610
f 5610 5641 5642
f 5610 5642 5612
f 5612 5642 5643
f 5612 5643 5615
f 5615 5643 5644
f 5615 5644 5619
f 5619 5644 5645
f 5619 5645 5646
f 5646 5645 5647
f 5647 5645 5648
f 5648 5645 5649
f 5648 5649 5650
f 5650 5649 5651
f 5651 5649 5652
f 5652 5649 5653
f 5653 5649 5654
f 5653 5654 5655
f 5646 5622 5619
f 5656 5657 5631
f 5631 5657 5658
f 5631 5658 5659
f 5660 5661 5659
f 5659 5661 5631
f 5632 5662 5631
f 5631 5662 5663
f 5631 5663 5656
f 5664 5665 5654
f 5654 5665 5666
f 5654 5666 5667
f 5664 5668 5665
f 5667 5669 5654
f 5654 5669 5670
f 5654 5670 5671
f 5671 5655 5654
f 5661 5672 5631
f 5631 5672 5673
f 5631 5673 4576
f 4574 1252 4576
f 4576 1252 1254
f 4576 1254 5631
f 5631 1254 1256
f 5631 1256 1258
f 4571 1248 4574
f 4574 1248 1250
f 4574 1250 1252
f 4569 1244 4571
f 4571 1244 1246
f 4571 1246 1248
f 4567 1240 4569
f 4569 1240 1242
f 4569 1242 1244
f 5674 5654 4567
f 4567 5654 1238
f 4567 1238 1240
f 5674 5675 5654
f 5654 5675 5664
f 5649 1234 5654
f 5654 1234 1236
f 5654 1236 1238
f 1234 5649 1232
f 1232 5649 5645
f 1232 5645 1230
f 1230 5645 5644
f 1230 5644 5643
f 1230 5643 1228
f 1228 5643 5642
f 1228 5642 1226
f 1226 5642 5641
f 1226 5641 1224
f 1224 5641 5640
f 1224 5640 5639
f 1224 5639 1222
f 1222 5639 5638
f 1222 5638 1220
f 1220 5638 5637
f 1220 5637 5636
f 1220 5636 1218
f 1218 5636 5635
f 1218 5635 1216
f 1216 5635 5634
f 1216 5634 1214
f 1214 5634 5633
f 1214 5633 5625
f 1214 5625 1260
f 1260 5625 5629
f 1260 5629 1258
f 1258 5629 5631
f 3031 3668 3034
f 3034 3668 5676
f 3034 5676 5677
f 5677 5676 5678
f 5677 5678 5679
f 5679 5678 5680
f 5679 5680 5681
f 5681 5680 5682
f 5681 5682 5683
f 5676 5684 5678
f 5678 5684 5680
f 5684 5682 5680
f 5683 5685 5681
f 5681 5685 5686
f 5681 5686 5687
f 5687 5686 5688
f 5687 5688 5689
f 5689 5688 5690
f 5689 5690 5565
f 5565 5690 5566
f 5566 5690 5567
f 5567 5690 5568
f 5568 5690 5691
f 5691 5690 5688
f 5691 5688 5692
f 5692 5688 5686
f 5692 5686 5685
f 5687 5679 5681
f 3182 3034 5693
f 5693 3034 5677
f 5693 5677 5694
f 5694 5677 5679
f 5694 5679 5695
f 5695 5679 5696
f 5695 5696 5697
f 5697 5696 5698
f 5697 5698 5699
f 5699 5698 5700
f 5699 5700 5701
f 5701 5700 5702
f 5702 5700 5703
f 5702 5703 1091
f 1091 5703 5570
f 5570 5703 5704
f 5570 5704 5705
f 5705 5704 5706
f 5705 5706 5689
f 5689 5706 5687
f 5687 5706 5707
f 5687 5707 5696
f 5696 5707 5698
f 5679 5687 5696
f 5689 5565 5705
f 5705 5565 5564
f 5705 5564 5571
f 5571 5570 5705
f 5699 5701 5708
f 5708 5701 5709
f 5708 5709 5710
f 5710 5709 5711
f 5710 5711 5712
f 5712 5711 5713
f 5712 5713 5693
f 5693 5713 3196
f 5693 3196 3182
f 5709 5714 5711
f 5711 5714 5715
f 5711 5715 5713
f 5713 5715 3197
f 5713 3197 3196
f 5714 3198 5715
f 5715 3198 3197
f 5693 5694 5712
f 5712 5694 5716
f 5712 5716 5710
f 5710 5716 5708
f 5695 5697 5716
f 5716 5697 5708
f 5708 5697 5699
f 5694 5695 5716
f 5698 5707 5717
f 5717 5707 5706
f 5717 5706 5704
f 5704 5703 5717
f 5717 5703 5700
f 5717 5700 5698
f 3199 3198 5718
f 5718 3198 5714
f 5718 5714 5719
f 5719 5714 5709
f 5719 5709 5720
f 5720 5709 5721
f 5720 5721 5722
f 5722 5721 5723
f 5722 5723 5724
f 5724 5723 5725
f 5724 5725 5726
f 5726 5725 5727
f 5726 5727 5728
f 5728 5727 1097
f 5728 1097 5729
f 5729 1097 1098
f 5729 1098 5730
f 5730 1098 1099
f 5730 1099 5731
f 5709 5701 5721
f 5721 5701 5732
f 5721 5732 5723
f 5723 5732 5733
f 5723 5733 5725
f 5725 5733 5734
f 5725 5734 5727
f 5727 5734 1095
f 5727 1095 1097
f 5732 5701 5735
f 5735 5701 5702
f 5735 5702 5736
f 5736 5702 1091
f 5736 1091 1093
f 1095 5734 1093
f 1093 5734 5737
f 1093 5737 5736
f 5736 5737 5735
f 5738 5739 5731
f 5731 5739 5740
f 5731 5740 5730
f 5730 5740 5741
f 5730 5741 5729
f 5729 5741 5742
f 5729 5742 5728
f 5728 5742 5726
f 5743 5744 5738
f 5738 5744 5745
f 5738 5745 5739
f 5739 5745 5746
f 5739 5746 5747
f 5747 5746 5748
f 5747 5748 5749
f 5749 5748 5750
f 5749 5750 5751
f 5751 5750 5752
f 5751 5752 5724
f 5724 5752 5722
f 3025 5753 5743
f 5743 5753 5754
f 5743 5754 5744
f 5744 5754 5755
f 5744 5755 5756
f 5756 5755 5757
f 5756 5757 5758
f 5758 5757 5759
f 5758 5759 5760
f 5760 5759 5761
f 5760 5761 5762
f 5762 5761 5763
f 5762 5763 5764
f 5764 5763 5719
f 5764 5719 5720
f 3025 3202 5753
f 5753 3202 5765
f 5753 5765 5754
f 5754 5765 5755
f 5765 3202 5766
f 5766 3202 3201
f 5766 3201 5767
f 5767 3201 5768
f 5767 5768 5759
f 5759 5768 5761
f 3201 3200 5768
f 5768 3200 5769
f 5768 5769 5761
f 5761 5769 5763
f 5769 3200 5718
f 5718 3200 3199
f 5763 5769 5718
f 5719 5763 5718
f 5755 5765 5766
f 5759 5757 5767
f 5767 5757 5766
f 5757 5755 5766
f 5764 5720 5722
f 5762 5764 5752
f 5752 5764 5722
f 5760 5762 5750
f 5750 5762 5752
f 5758 5760 5748
f 5748 5760 5750
f 5756 5758 5746
f 5746 5758 5748
f 5744 5756 5745
f 5745 5756 5746
f 5724 5726 5751
f 5751 5726 5742
f 5751 5742 5749
f 5749 5742 5741
f 5749 5741 5747
f 5747 5741 5740
f 5747 5740 5739
f 5735 5737 5733
f 5733 5737 5734
f 5732 5735 5733
f 2598 3025 5770
f 5770 3025 5743
f 5770 5743 5771
f 5771 5743 5738
f 5771 5738 5772
f 5772 5738 5731
f 5772 5731 1099
f 1099 1165 5772
f 5772 1165 5773
f 5772 5773 5771
f 5771 5773 5774
f 5771 5774 5770
f 5770 5774 5775
f 5770 5775 2598
f 2599 2598 5776
f 5776 2598 5775
f 5776 5775 5777
f 5777 5775 5778
f 5777 5778 5779
f 5779 5778 5780
f 5779 5780 5781
f 5781 5780 5782
f 5781 5782 5783
f 5783 5782 5784
f 5783 5784 5785
f 5785 5784 5786
f 5785 5786 5787
f 5787 5786 1104
f 5787 1104 1106
f 5775 5774 5778
f 5778 5774 5788
f 5778 5788 5780
f 5780 5788 5789
f 5780 5789 5782
f 5782 5789 5790
f 5782 5790 5784
f 5784 5790 5791
f 5784 5791 5786
f 5786 5791 1104
f 5788 5774 5792
f 5792 5774 5773
f 5792 5773 5793
f 5793 5773 5794
f 5793 5794 5795
f 5795 5794 1102
f 5795 1102 5796
f 5796 1102 1103
f 5796 1103 5791
f 5791 1103 1104
f 5773 1165 5794
f 5794 1165 1101
f 5794 1101 1102
f 1106 1107 5787
f 5787 1107 5797
f 5787 5797 5798
f 5798 5797 5799
f 5798 5799 5800
f 5800 5799 5801
f 5800 5801 5802
f 5802 5801 5803
f 5802 5803 5804
f 5804 5803 5805
f 5804 5805 5806
f 5806 5805 5807
f 5806 5807 5808
f 5808 5807 5809
f 5808 5809 2578
f 2578 5809 2571
f 2571 5809 5810
f 2571 5810 2485
f 2485 5810 5811
f 2485 5811 2486
f 2486 5811 5812
f 2486 5812 2601
f 2601 5812 5813
f 2601 5813 2603
f 2603 5813 5814
f 2603 5814 2604
f 2604 5814 5815
f 2604 5815 2605
f 2605 5815 5816
f 2605 5816 5817
f 5817 5816 5818
f 5817 5818 5819
f 5819 5818 5820
f 5819 5820 5821
f 5821 5820 5822
f 5821 5822 5823
f 5823 5822 5824
f 5823 5824 5825
f 5825 5824 5826
f 5825 5826 5827
f 5827 5826 5828
f 5827 5828 5829
f 5829 5828 1128
f 5829 1128 1129
f 1107 1109 5797
f 5797 1109 5830
f 5797 5830 5799
f 5799 5830 5831
f 5799 5831 5801
f 5801 5831 5832
f 5801 5832 5803
f 5803 5832 5833
f 5803 5833 5805
f 5805 5833 5834
f 5805 5834 5807
f 5807 5834 5835
f 5807 5835 5809
f 5809 5835 5810
f 1109 1110 5830
f 5830 1110 5836
f 5830 5836 5831
f 5831 5836 5837
f 5831 5837 5832
f 5832 5837 5838
f 5832 5838 5833
f 5833 5838 5839
f 5833 5839 5834
f 5834 5839 5840
f 5834 5840 5835
f 5835 5840 5841
f 5835 5841 5810
f 5810 5841 5811
f 1110 1112 5836
f 5836 1112 5842
f 5836 5842 5837
f 5837 5842 5843
f 5837 5843 5838
f 5838 5843 5844
f 5838 5844 5839
f 5839 5844 5845
f 5839 5845 5840
f 5840 5845 5846
f 5840 5846 5841
f 5841 5846 5847
f 5841 5847 5811
f 5811 5847 5812
f 1112 1113 5842
f 5842 1113 5848
f 5842 5848 5843
f 5843 5848 5849
f 5843 5849 5844
f 5844 5849 5850
f 5844 5850 5845
f 5845 5850 5851
f 5845 5851 5846
f 5846 5851 5852
f 5846 5852 5847
f 5847 5852 5853
f 5847 5853 5812
f 5812 5853 5813
f 1113 1114 5848
f 5848 1114 5854
f 5848 5854 5849
f 5849 5854 5855
f 5849 5855 5850
f 5850 5855 5856
f 5850 5856 5851
f 5851 5856 5857
f 5851 5857 5852
f 5852 5857 5858
f 5852 5858 5853
f 5853 5858 5859
f 5853 5859 5813
f 5813 5859 5814
f 1114 1116 5854
f 5854 1116 5860
f 5854 5860 5855
f 5855 5860 5861
f 5855 5861 5856
f 5856 5861 5862
f 5856 5862 5857
f 5857 5862 5863
f 5857 5863 5858
f 5858 5863 5864
f 5858 5864 5859
f 5859 5864 5865
f 5859 5865 5814
f 5814 5865 5815
f 1116 1118 5860
f 5860 1118 5866
f 5860 5866 5861
f 5861 5866 5867
f 5861 5867 5862
f 5862 5867 5868
f 5862 5868 5863
f 5863 5868 5869
f 5863 5869 5864
f 5864 5869 5870
f 5864 5870 5865
f 5865 5870 5871
f 5865 5871 5815
f 5815 5871 5816
f 5866 1118 5872
f 5872 1118 1120
f 5872 1120 5873
f 5873 1120 1121
f 5873 1121 5874
f 5874 1121 1123
f 5874 1123 5875
f 5875 1123 1125
f 5875 1125 5876
f 5876 1125 1126
f 5876 1126 5828
f 5828 1126 1128
f 5829 1129 5877
f 5877 1129 1131
f 5877 1131 5878
f 5878 1131 1132
f 5878 1132 5879
f 5879 1132 1134
f 5879 1134 5880
f 5880 1134 1136
f 5880 1136 5881
f 5881 1136 1137
f 5881 1137 5882
f 5882 1137 1139
f 5882 1139 5883
f 5883 1139 1140
f 5883 1140 5884
f 5884 1140 1141
f 5884 1141 5885
f 5885 1141 1142
f 5885 1142 5886
f 5886 1142 1086
f 5886 1086 1085
f 1083 5887 1085
f 1085 5887 5888
f 1085 5888 5886
f 5886 5888 5889
f 5886 5889 5885
f 5885 5889 5890
f 5885 5890 5884
f 5884 5890 5891
f 5884 5891 5883
f 5883 5891 5892
f 5883 5892 5882
f 5882 5892 5893
f 5882 5893 5881
f 5881 5893 5894
f 5881 5894 5880
f 5880 5894 5895
f 5880 5895 5879
f 5879 5895 5896
f 5879 5896 5878
f 5878 5896 5897
f 5878 5897 5877
f 5877 5897 5898
f 5877 5898 5829
f 5829 5898 5827
f 1081 5899 1083
f 1083 5899 5900
f 1083 5900 5887
f 5887 5900 5901
f 5887 5901 5902
f 5902 5901 5903
f 5902 5903 5904
f 5904 5903 5905
f 5904 5905 5906
f 5906 5905 5907
f 5906 5907 5908
f 5908 5907 5909
f 5908 5909 5910
f 5910 5909 5911
f 5910 5911 5912
f 5912 5911 5913
f 5912 5913 5914
f 5914 5913 5915
f 5914 5915 5916
f 5916 5915 5917
f 5916 5917 5918
f 5918 5917 5919
f 5918 5919 5920
f 5920 5919 5921
f 5920 5921 5922
f 5922 5921 5923
f 5922 5923 5825
f 5825 5923 5823
f 1079 5924 1081
f 1081 5924 5925
f 1081 5925 5899
f 5899 5925 5926
f 5899 5926 5927
f 5927 5926 5928
f 5927 5928 5929
f 5929 5928 5930
f 5929 5930 5931
f 5931 5930 5932
f 5931 5932 5933
f 5933 5932 5934
f 5933 5934 5935
f 5935 5934 5936
f 5935 5936 5937
f 5937 5936 5938
f 5937 5938 5939
f 5939 5938 5940
f 5939 5940 5941
f 5941 5940 5942
f 5941 5942 5943
f 5943 5942 5944
f 5943 5944 5945
f 5945 5944 5946
f 5945 5946 5947
f 5947 5946 5948
f 5947 5948 5949
f 5949 5948 5950
f 5949 5950 5951
f 5951 5950 5952
f 5951 5952 5821
f 5821 5952 5819
f 1079 3114 5924
f 5924 3114 3113
f 5924 3113 5953
f 5953 3113 3111
f 5953 3111 3109
f 5953 3109 5954
f 5954 3109 3108
f 5954 3108 5955
f 5955 3108 3106
f 5955 3106 5956
f 5956 3106 3104
f 5956 3104 3103
f 5956 3103 5957
f 5957 3103 3101
f 5957 3101 5958
f 5958 3101 3099
f 5958 3099 5959
f 5959 3099 3097
f 5959 3097 5960
f 5960 3097 3096
f 5960 3096 5961
f 5961 3096 3094
f 5961 3094 5962
f 5962 3094 3090
f 5962 3090 5963
f 5963 3090 3089
f 5963 3089 5964
f 5964 3089 3092
f 5964 3092 5965
f 5965 3092 3093
f 5965 3093 5966
f 5966 3093 2617
f 5966 2617 5967
f 5967 2617 2616
f 5967 2616 5817
f 5817 2616 2605
f 2578 2584 5808
f 5808 2584 5968
f 5808 5968 5806
f 5806 5968 5969
f 5806 5969 5804
f 5804 5969 5970
f 5804 5970 5802
f 5802 5970 5971
f 5802 5971 5800
f 5800 5971 5972
f 5800 5972 5798
f 5798 5972 5785
f 5798 5785 5787
f 2584 2590 5968
f 5968 2590 5973
f 5968 5973 5969
f 5969 5973 5974
f 5969 5974 5970
f 5970 5974 5975
f 5970 5975 5971
f 5971 5975 5976
f 5971 5976 5972
f 5972 5976 5783
f 5972 5783 5785
f 2590 2589 5973
f 5973 2589 5977
f 5973 5977 5974
f 5974 5977 5978
f 5974 5978 5975
f 5975 5978 5979
f 5975 5979 5976
f 5976 5979 5781
f 5976 5781 5783
f 2589 2594 5977
f 5977 2594 5980
f 5977 5980 5978
f 5978 5980 5981
f 5978 5981 5979
f 5979 5981 5779
f 5979 5779 5781
f 2594 2597 5980
f 5980 2597 5776
f 5980 5776 5981
f 5981 5776 5777
f 5981 5777 5779
f 2597 2599 5776
f 5818 5816 5871
f 5817 5819 5967
f 5967 5819 5952
f 5967 5952 5966
f 5966 5952 5950
f 5966 5950 5965
f 5965 5950 5948
f 5965 5948 5964
f 5964 5948 5946
f 5964 5946 5963
f 5963 5946 5944
f 5963 5944 5962
f 5962 5944 5942
f 5962 5942 5961
f 5961 5942 5940
f 5961 5940 5960
f 5960 5940 5938
f 5960 5938 5959
f 5959 5938 5936
f 5959 5936 5958
f 5958 5936 5934
f 5958 5934 5957
f 5957 5934 5932
f 5957 5932 5956
f 5956 5932 5930
f 5956 5930 5955
f 5955 5930 5928
f 5955 5928 5954
f 5954 5928 5926
f 5954 5926 5953
f 5953 5926 5925
f 5953 5925 5924
f 5818 5871 5982
f 5982 5871 5870
f 5982 5870 5983
f 5983 5870 5869
f 5983 5869 5984
f 5984 5869 5868
f 5984 5868 5985
f 5985 5868 5867
f 5985 5867 5872
f 5872 5867 5866
f 5818 5982 5820
f 5820 5982 5986
f 5820 5986 5822
f 5822 5986 5987
f 5822 5987 5824
f 5824 5987 5988
f 5824 5988 5826
f 5826 5988 5876
f 5826 5876 5828
f 5986 5982 5983
f 5821 5823 5951
f 5951 5823 5923
f 5951 5923 5949
f 5949 5923 5921
f 5949 5921 5947
f 5947 5921 5919
f 5947 5919 5945
f 5945 5919 5917
f 5945 5917 5943
f 5943 5917 5915
f 5943 5915 5941
f 5941 5915 5913
f 5941 5913 5939
f 5939 5913 5911
f 5939 5911 5937
f 5937 5911 5909
f 5937 5909 5935
f 5935 5909 5907
f 5935 5907 5933
f 5933 5907 5905
f 5933 5905 5931
f 5931 5905 5903
f 5931 5903 5929
f 5929 5903 5901
f 5929 5901 5927
f 5927 5901 5900
f 5927 5900 5899
f 5788 5792 5789
f 5789 5792 5989
f 5789 5989 5790
f 5790 5989 5796
f 5790 5796 5791
f 5986 5983 5990
f 5990 5983 5984
f 5990 5984 5991
f 5991 5984 5985
f 5991 5985 5873
f 5873 5985 5872
f 5986 5990 5987
f 5987 5990 5992
f 5987 5992 5988
f 5988 5992 5875
f 5988 5875 5876
f 5992 5990 5991
f 5825 5827 5922
f 5922 5827 5898
f 5922 5898 5920
f 5920 5898 5897
f 5920 5897 5918
f 5918 5897 5896
f 5918 5896 5916
f 5916 5896 5895
f 5916 5895 5914
f 5914 5895 5894
f 5914 5894 5912
f 5912 5894 5893
f 5912 5893 5910
f 5910 5893 5892
f 5910 5892 5908
f 5908 5892 5891
f 5908 5891 5906
f 5906 5891 5890
f 5906 5890 5904
f 5904 5890 5889
f 5904 5889 5902
f 5902 5889 5888
f 5902 5888 5887
f 5792 5793 5989
f 5989 5793 5795
f 5989 5795 5796
f 5873 5874 5991
f 5991 5874 5992
f 5874 5875 5992
f 2872 1078 5993
f 5993 1078 1090
f 5993 1090 5994
f 5994 1090 5995
f 5994 5995 5996
f 5996 5995 5997
f 5996 5997 5998
f 5998 5997 5999
f 5998 5999 6000
f 6000 5999 6001
f 6000 6001 6002
f 6002 6001 6003
f 6002 6003 6004
f 6004 6003 1160
f 6004 1160 1161
f 1090 1089 5995
f 5995 1089 6005
f 5995 6005 5997
f 5997 6005 6006
f 5997 6006 5999
f 5999 6006 6007
f 5999 6007 6001
f 6001 6007 6008
f 6001 6008 6003
f 6003 6008 1159
f 6003 1159 1160
f 6005 1089 6009
f 6009 1089 1088
f 6009 1088 6010
f 6010 1088 6011
f 6010 6011 6012
f 6012 6011 1156
f 6012 1156 1157
f 1088 1087 6011
f 6011 1087 1156
f 6012 1157 6013
f 6013 1157 1159
f 6013 1159 6008
f 6004 1161 6014
f 6014 1161 1162
f 6014 1162 1164
f 1164 6015 6014
f 6014 6015 6016
f 6014 6016 6017
f 6017 6016 6018
f 6017 6018 6019
f 6019 6018 6020
f 6019 6020 6021
f 6021 6020 6022
f 6021 6022 6023
f 6023 6022 6024
f 6023 6024 6025
f 6025 6024 6026
f 6025 6026 5993
f 5993 6026 2872
f 6015 6027 6016
f 6016 6027 6028
f 6016 6028 6018
f 6018 6028 6029
f 6018 6029 6020
f 6020 6029 6030
f 6020 6030 6022
f 6022 6030 6031
f 6022 6031 6024
f 6024 6031 6032
f 6024 6032 6026
f 6026 6032 2873
f 6026 2873 2872
f 6027 6033 6028
f 6028 6033 6034
f 6028 6034 6029
f 6029 6034 6035
f 6029 6035 6030
f 6030 6035 6036
f 6030 6036 6031
f 6031 6036 6037
f 6031 6037 6032
f 6032 6037 2873
f 6034 6033 6038
f 6038 6033 5545
f 6038 5545 6039
f 6039 5545 5547
f 6039 5547 6040
f 6040 5547 2877
f 6040 2877 6041
f 6041 2877 2876
f 6041 2876 6037
f 6037 2876 2873
f 6025 5993 5994
f 6037 6036 6041
f 6041 6036 6042
f 6041 6042 6040
f 6040 6042 6039
f 6025 5994 5996
f 6025 5996 6023
f 6023 5996 5998
f 6023 5998 6021
f 6021 5998 6000
f 6021 6000 6019
f 6019 6000 6002
f 6019 6002 6017
f 6017 6002 6004
f 6017 6004 6014
f 6042 6036 6035
f 6039 6042 6038
f 6038 6042 6035
f 6038 6035 6034
f 6005 6009 6006
f 6006 6009 6043
f 6006 6043 6007
f 6007 6043 6013
f 6007 6013 6008
f 6009 6010 6043
f 6043 6010 6012
f 6043 6012 6013
f 5544 5545 6044
f 6044 5545 6033
f 6044 6033 6027
f 6044 6027 6045
f 6045 6027 6015
f 6045 6015 6046
f 6046 6015 1164
f 6046 1164 5574
f 5574 5573 6046
f 6046 5573 6047
f 6046 6047 6045
f 6045 6047 6048
f 6045 6048 5544
f 5544 6048 5542
f 5542 6048 6047
f 5542 6047 6049
f 6049 6047 5572
f 6049 5572 5541
f 5541 5572 5540
f 5573 5572 6047
f 5541 5542 6049
f 6045 5544 6044
f 6050 5667 6051
f 6051 5667 5666
f 6051 5666 5665
f 5665 5668 6051
f 6051 5668 6052
f 6051 6052 6053
f 6053 6052 6054
f 6053 6054 6055
f 6055 6054 6056
f 6055 6056 6057
f 6055 6057 6058
f 6058 6057 6059
f 6058 6059 6060
f 6060 6059 6061
f 6060 6061 6062
f 6062 6061 6063
f 6062 6063 6064
f 6064 6063 3684
f 6064 3684 2907
f 2907 3684 3686
f 6064 6065 6062
f 6062 6065 6060
f 6060 6065 6058
f 6058 6065 6066
f 6058 6066 6055
f 6055 6066 6053
f 6066 6050 6053
f 6053 6050 6051
f 5669 5667 6067
f 6067 5667 6050
f 6067 6050 6068
f 6068 6050 6066
f 6068 6066 6069
f 6069 6066 6070
f 6069 6070 6071
f 6071 6070 6072
f 6071 6072 6073
f 6073 6072 6074
f 6073 6074 6075
f 6075 6074 6076
f 6076 6074 6077
f 6076 6077 2913
f 2913 6077 2914
f 2914 6077 2930
f 2930 6077 6078
f 2930 6078 6079
f 6079 6078 6080
f 6079 6080 6064
f 6064 6080 6081
f 6064 6081 6065
f 6065 6081 6070
f 6065 6070 6066
f 6064 2907 6079
f 6079 2907 2904
f 6079 2904 2930
f 6073 6075 6082
f 6082 6075 6083
f 6082 6083 6084
f 6084 6083 6085
f 6084 6085 6086
f 6086 6085 6087
f 6086 6087 6067
f 6067 6087 5669
f 6083 6088 6085
f 6085 6088 6089
f 6085 6089 6087
f 6087 6089 5670
f 6087 5670 5669
f 6088 5655 6089
f 6089 5655 5671
f 6089 5671 5670
f 6067 6068 6086
f 6086 6068 6090
f 6086 6090 6084
f 6084 6090 6082
f 6069 6071 6090
f 6090 6071 6082
f 6082 6071 6073
f 6068 6069 6090
f 6070 6081 6072
f 6072 6081 6091
f 6072 6091 6074
f 6074 6091 6077
f 6080 6078 6091
f 6091 6078 6077
f 6081 6080 6091
f 5653 5655 6092
f 6092 5655 6088
f 6092 6088 6093
f 6093 6088 6083
f 6093 6083 6094
f 6094 6083 6095
f 6094 6095 6096
f 6096 6095 6097
f 6096 6097 6098
f 6098 6097 6099
f 6098 6099 6100
f 6100 6099 6101
f 6100 6101 6102
f 6102 6101 2928
f 6102 2928 2926
f 6083 6075 6095
f 6095 6075 6103
f 6095 6103 6097
f 6097 6103 6104
f 6097 6104 6099
f 6099 6104 6105
f 6099 6105 6101
f 6101 6105 2928
f 6075 6076 6103
f 6103 6076 6106
f 6103 6106 6104
f 6104 6106 6107
f 6104 6107 6105
f 6105 6107 2929
f 6105 2929 2928
f 6106 6076 6108
f 6108 6076 2913
f 6108 2913 2920
f 6108 2920 6107
f 6107 2920 2919
f 6107 2919 2929
f 6102 2926 6109
f 6109 2926 2925
f 6109 2925 6110
f 6110 2925 2924
f 6110 2924 6111
f 6112 6113 6111
f 6111 6113 6114
f 6111 6114 6110
f 6110 6114 6115
f 6110 6115 6109
f 6109 6115 6116
f 6109 6116 6102
f 6102 6116 6100
f 6117 6118 6112
f 6112 6118 6119
f 6112 6119 6113
f 6113 6119 6120
f 6113 6120 6121
f 6121 6120 6122
f 6121 6122 6123
f 6123 6122 6124
f 6123 6124 6125
f 6125 6124 6126
f 6125 6126 6098
f 6098 6126 6096
f 5646 6127 6117
f 6117 6127 6128
f 6117 6128 6118
f 6118 6128 6129
f 6118 6129 6130
f 6130 6129 6131
f 6130 6131 6132
f 6132 6131 6133
f 6132 6133 6134
f 6134 6133 6135
f 6134 6135 6136
f 6136 6135 6137
f 6136 6137 6138
f 6138 6137 6093
f 6138 6093 6094
f 5646 5647 6127
f 6127 5647 6139
f 6127 6139 6128
f 6128 6139 6129
f 5647 5648 6139
f 6139 5648 6140
f 6139 6140 6129
f 6129 6140 6131
f 5648 5650 6140
f 6140 5650 6141
f 6140 6141 6131
f 6131 6141 6133
f 6141 5650 6142
f 6142 5650 5651
f 6142 5651 6143
f 6143 5651 5652
f 6143 5652 6092
f 6092 5652 5653
f 6093 6137 6092
f 6092 6137 6143
f 6133 6141 6142
f 6137 6135 6143
f 6143 6135 6142
f 6135 6133 6142
f 6138 6094 6096
f 6136 6138 6126
f 6126 6138 6096
f 6134 6136 6124
f 6124 6136 6126
f 6132 6134 6122
f 6122 6134 6124
f 6130 6132 6120
f 6120 6132 6122
f 6118 6130 6119
f 6119 6130 6120
f 6098 6100 6125
f 6125 6100 6116
f 6125 6116 6123
f 6123 6116 6115
f 6123 6115 6121
f 6121 6115 6114
f 6121 6114 6113
f 6108 6107 6106
f 5622 5646 6144
f 6144 5646 6117
f 6144 6117 6145
f 6145 6117 6112
f 6145 6112 6146
f 6146 6112 6111
f 6146 6111 2924
f 2924 2953 6146
f 6146 2953 6147
f 6146 6147 6145
f 6145 6147 6148
f 6145 6148 6144
f 6144 6148 6149
f 6144 6149 5622
f 6147 2953 6150
f 6150 2953 3317
f 6150 3317 3318
f 6150 3318 6151
f 6151 3318 3319
f 6151 3319 3321
f 6151 3321 6152
f 6152 3321 3323
f 6152 3323 6153
f 6153 3323 3324
f 6153 3324 6154
f 6154 3324 3326
f 6154 3326 3328
f 6154 3328 6155
f 6155 3328 3329
f 6155 3329 6156
f 6156 3329 3331
f 6156 3331 6157
f 6157 3331 3333
f 6157 3333 6158
f 6158 3333 3335
f 6158 3335 6159
f 6159 3335 3337
f 6159 3337 6160
f 6160 3337 3339
f 6160 3339 6161
f 6161 3339 3340
f 6161 3340 6162
f 6162 3340 3428
f 6162 3428 6163
f 6163 3428 3427
f 6163 3427 6164
f 6164 3427 2794
f 6164 2794 6165
f 6165 2794 2792
f 6165 2792 6166
f 6166 2792 2791
f 6166 2791 6167
f 6167 2791 6168
f 6167 6168 6169
f 6169 6168 6170
f 6169 6170 6171
f 6171 6170 6172
f 6171 6172 6173
f 6173 6172 6174
f 6173 6174 6175
f 6175 6174 6176
f 6175 6176 6177
f 6177 6176 6178
f 6177 6178 6179
f 6179 6178 6180
f 6179 6180 5598
f 5598 6180 5596
f 5596 6180 6181
f 5596 6181 5595
f 5595 6181 6182
f 5595 6182 5593
f 5593 6182 6183
f 5593 6183 5591
f 5591 6183 6184
f 5591 6184 5590
f 5590 6184 6185
f 5590 6185 5588
f 5588 6185 6186
f 5588 6186 5587
f 5587 6186 6187
f 5587 6187 5586
f 5586 6187 6188
f 5586 6188 6189
f 6189 6188 6190
f 6189 6190 6191
f 6191 6190 6192
f 6191 6192 6193
f 6193 6192 6194
f 6193 6194 6195
f 6195 6194 6196
f 6195 6196 6197
f 6197 6196 6198
f 6198 6196 6199
f 6198 6199 6200
f 6200 6199 6201
f 6200 6201 6202
f 6202 6201 6203
f 6202 6203 6204
f 6204 6203 6205
f 6204 6205 6206
f 6206 6205 6207
f 6206 6207 6208
f 6208 6207 6209
f 6208 6209 6210
f 6210 6209 6211
f 6210 6211 6212
f 6212 6211 6213
f 6212 6213 6214
f 6214 6213 6215
f 6214 6215 6216
f 6216 6215 6217
f 6216 6217 6218
f 6218 6217 6219
f 6218 6219 6220
f 6220 6219 6221
f 6220 6221 6222
f 6222 6221 6170
f 6222 6170 6168
f 2791 2789 6168
f 6168 2789 6222
f 2789 2793 6222
f 6222 2793 6220
f 2793 2785 6220
f 6220 2785 6218
f 2785 2783 6218
f 6218 2783 6216
f 2783 2782 6216
f 6216 2782 6214
f 2782 2780 6214
f 6214 2780 6212
f 2780 2778 6212
f 6212 2778 6210
f 2778 2776 6210
f 6210 2776 6208
f 2776 2775 6208
f 6208 2775 6206
f 2775 2773 6206
f 6206 2773 6204
f 2773 2771 6204
f 6204 2771 6202
f 2771 2768 6202
f 6202 2768 6200
f 2768 2767 6200
f 6200 2767 2769
f 6200 2769 6198
f 6195 6197 6223
f 6223 6197 6224
f 6223 6224 6225
f 6225 6224 6226
f 6225 6226 6227
f 6227 6226 5581
f 6227 5581 5582
f 6224 5577 6226
f 6226 5577 5579
f 6226 5579 5581
f 5582 5583 6227
f 6227 5583 6228
f 6227 6228 6229
f 6229 6228 6191
f 6229 6191 6193
f 5583 5584 6228
f 6228 5584 6189
f 6228 6189 6191
f 5584 5586 6189
f 5598 5599 6179
f 6179 5599 6230
f 6179 6230 6177
f 6177 6230 6231
f 6177 6231 6175
f 6175 6231 6232
f 6175 6232 6173
f 6173 6232 6233
f 6173 6233 6171
f 6171 6233 6234
f 6171 6234 6169
f 6169 6234 6235
f 6169 6235 6167
f 6167 6235 6166
f 5599 5601 6230
f 6230 5601 6236
f 6230 6236 6231
f 6231 6236 6237
f 6231 6237 6232
f 6232 6237 6238
f 6232 6238 6233
f 6233 6238 6239
f 6233 6239 6234
f 6234 6239 6240
f 6234 6240 6235
f 6235 6240 6241
f 6235 6241 6166
f 6166 6241 6165
f 5601 5603 6236
f 6236 5603 6242
f 6236 6242 6237
f 6237 6242 6243
f 6237 6243 6238
f 6238 6243 6244
f 6238 6244 6239
f 6239 6244 6245
f 6239 6245 6240
f 6240 6245 6246
f 6240 6246 6241
f 6241 6246 6247
f 6241 6247 6165
f 6165 6247 6164
f 5603 5604 6242
f 6242 5604 6248
f 6242 6248 6243
f 6243 6248 6249
f 6243 6249 6244
f 6244 6249 6250
f 6244 6250 6245
f 6245 6250 6251
f 6245 6251 6246
f 6246 6251 6252
f 6246 6252 6247
f 6247 6252 6253
f 6247 6253 6164
f 6164 6253 6163
f 6248 5604 6254
f 6254 5604 5606
f 6254 5606 6255
f 6255 5606 5608
f 6255 5608 6256
f 6256 5608 5609
f 6256 5609 6257
f 6257 5609 5611
f 6257 5611 6258
f 6258 5611 5613
f 6258 5613 6259
f 6259 5613 5614
f 6259 5614 6260
f 6260 5614 5616
f 6260 5616 6261
f 6261 5616 5617
f 6261 5617 6262
f 6262 5617 5618
f 6262 5618 6263
f 6263 5618 5620
f 6263 5620 6264
f 6264 5620 5621
f 6264 5621 6265
f 6265 5621 5623
f 6265 5623 6266
f 6266 5623 5624
f 6266 5624 5622
f 5622 6149 6266
f 6266 6149 6267
f 6266 6267 6268
f 6268 6267 6269
f 6268 6269 6270
f 6270 6269 6271
f 6270 6271 6272
f 6272 6271 6273
f 6272 6273 6274
f 6274 6273 6275
f 6274 6275 6276
f 6276 6275 6155
f 6276 6155 6156
f 6267 6149 6277
f 6277 6149 6148
f 6277 6148 6278
f 6278 6148 6279
f 6278 6279 6280
f 6280 6279 6281
f 6280 6281 6282
f 6282 6281 6152
f 6282 6152 6153
f 6148 6147 6279
f 6279 6147 6283
f 6279 6283 6281
f 6281 6283 6151
f 6281 6151 6152
f 6283 6147 6150
f 6162 6163 6284
f 6284 6163 6253
f 6284 6253 6285
f 6285 6253 6252
f 6285 6252 6286
f 6286 6252 6251
f 6286 6251 6287
f 6287 6251 6250
f 6287 6250 6288
f 6288 6250 6249
f 6288 6249 6254
f 6254 6249 6248
f 6161 6162 6289
f 6289 6162 6284
f 6289 6284 6290
f 6290 6284 6285
f 6290 6285 6291
f 6291 6285 6286
f 6291 6286 6292
f 6292 6286 6287
f 6292 6287 6293
f 6293 6287 6288
f 6293 6288 6255
f 6255 6288 6254
f 6160 6161 6294
f 6294 6161 6289
f 6294 6289 6295
f 6295 6289 6290
f 6295 6290 6296
f 6296 6290 6291
f 6296 6291 6297
f 6297 6291 6292
f 6297 6292 6298
f 6298 6292 6293
f 6298 6293 6256
f 6256 6293 6255
f 6159 6160 6299
f 6299 6160 6294
f 6299 6294 6300
f 6300 6294 6295
f 6300 6295 6301
f 6301 6295 6296
f 6301 6296 6302
f 6302 6296 6297
f 6302 6297 6303
f 6303 6297 6298
f 6303 6298 6257
f 6257 6298 6256
f 6158 6159 6304
f 6304 6159 6299
f 6304 6299 6305
f 6305 6299 6300
f 6305 6300 6306
f 6306 6300 6301
f 6306 6301 6307
f 6307 6301 6302
f 6307 6302 6308
f 6308 6302 6303
f 6308 6303 6258
f 6258 6303 6257
f 6157 6158 6309
f 6309 6158 6304
f 6309 6304 6310
f 6310 6304 6305
f 6310 6305 6311
f 6311 6305 6306
f 6311 6306 6312
f 6312 6306 6307
f 6312 6307 6313
f 6313 6307 6308
f 6313 6308 6259
f 6259 6308 6258
f 6156 6157 6314
f 6314 6157 6309
f 6314 6309 6315
f 6315 6309 6310
f 6315 6310 6316
f 6316 6310 6311
f 6316 6311 6317
f 6317 6311 6312
f 6317 6312 6318
f 6318 6312 6313
f 6318 6313 6260
f 6260 6313 6259
f 6155 6275 6154
f 6154 6275 6319
f 6154 6319 6153
f 6153 6319 6282
f 6283 6150 6151
f 6201 6199 6320
f 6320 6199 6196
f 6320 6196 6194
f 6203 6201 6321
f 6321 6201 6320
f 6321 6320 6322
f 6322 6320 6194
f 6322 6194 6192
f 6205 6203 6323
f 6323 6203 6321
f 6323 6321 6324
f 6324 6321 6322
f 6324 6322 6325
f 6325 6322 6192
f 6325 6192 6190
f 6207 6205 6326
f 6326 6205 6323
f 6326 6323 6327
f 6327 6323 6324
f 6327 6324 6328
f 6328 6324 6325
f 6328 6325 6329
f 6329 6325 6190
f 6329 6190 6188
f 6209 6207 6330
f 6330 6207 6326
f 6330 6326 6331
f 6331 6326 6327
f 6331 6327 6332
f 6332 6327 6328
f 6332 6328 6333
f 6333 6328 6329
f 6333 6329 6187
f 6187 6329 6188
f 6211 6209 6334
f 6334 6209 6330
f 6334 6330 6335
f 6335 6330 6331
f 6335 6331 6336
f 6336 6331 6332
f 6336 6332 6337
f 6337 6332 6333
f 6337 6333 6186
f 6186 6333 6187
f 6213 6211 6338
f 6338 6211 6334
f 6338 6334 6339
f 6339 6334 6335
f 6339 6335 6340
f 6340 6335 6336
f 6340 6336 6341
f 6341 6336 6337
f 6341 6337 6185
f 6185 6337 6186
f 6215 6213 6342
f 6342 6213 6338
f 6342 6338 6343
f 6343 6338 6339
f 6343 6339 6344
f 6344 6339 6340
f 6344 6340 6345
f 6345 6340 6341
f 6345 6341 6184
f 6184 6341 6185
f 6217 6215 6346
f 6346 6215 6342
f 6346 6342 6347
f 6347 6342 6343
f 6347 6343 6348
f 6348 6343 6344
f 6348 6344 6349
f 6349 6344 6345
f 6349 6345 6183
f 6183 6345 6184
f 6219 6217 6350
f 6350 6217 6346
f 6350 6346 6351
f 6351 6346 6347
f 6351 6347 6352
f 6352 6347 6348
f 6352 6348 6353
f 6353 6348 6349
f 6353 6349 6182
f 6182 6349 6183
f 6221 6219 6354
f 6354 6219 6350
f 6354 6350 6355
f 6355 6350 6351
f 6355 6351 6356
f 6356 6351 6352
f 6356 6352 6357
f 6357 6352 6353
f 6357 6353 6181
f 6181 6353 6182
f 6170 6221 6172
f 6172 6221 6354
f 6172 6354 6174
f 6174 6354 6355
f 6174 6355 6176
f 6176 6355 6356
f 6176 6356 6178
f 6178 6356 6357
f 6178 6357 6180
f 6180 6357 6181
f 6315 6358 6314
f 6314 6358 6276
f 6314 6276 6156
f 6276 6358 6274
f 6274 6358 6359
f 6274 6359 6272
f 6272 6359 6360
f 6272 6360 6270
f 6270 6360 6361
f 6270 6361 6268
f 6268 6361 6265
f 6268 6265 6266
f 6358 6315 6362
f 6362 6315 6316
f 6362 6316 6363
f 6363 6316 6317
f 6363 6317 6364
f 6364 6317 6318
f 6364 6318 6261
f 6261 6318 6260
f 6319 6275 6273
f 6282 6319 6365
f 6365 6319 6273
f 6365 6273 6271
f 6282 6365 6280
f 6280 6365 6366
f 6280 6366 6278
f 6278 6366 6277
f 6366 6365 6271
f 6229 6193 6223
f 6223 6193 6195
f 6363 6367 6362
f 6362 6367 6359
f 6362 6359 6358
f 6359 6367 6360
f 6360 6367 6368
f 6360 6368 6361
f 6361 6368 6264
f 6361 6264 6265
f 6367 6363 6369
f 6369 6363 6364
f 6369 6364 6262
f 6262 6364 6261
f 6366 6271 6269
f 6267 6277 6269
f 6269 6277 6366
f 6227 6229 6225
f 6225 6229 6223
f 6367 6369 6368
f 6368 6369 6263
f 6368 6263 6264
f 6263 6369 6262
f 5578 5577 6370
f 6370 5577 6224
f 6370 6224 6371
f 6371 6224 6197
f 6371 6197 6372
f 6372 6197 6198
f 6372 6198 2769
f 2769 3701 6372
f 6372 3701 6373
f 6372 6373 6371
f 6371 6373 6374
f 6371 6374 6370
f 6370 6374 6375
f 6370 6375 5578
f 5626 5578 6376
f 6376 5578 6375
f 6376 6375 6377
f 6377 6375 6378
f 6377 6378 6379
f 6379 6378 6380
f 6379 6380 6381
f 6381 6380 6382
f 6381 6382 6383
f 6383 6382 6384
f 6383 6384 6385
f 6385 6384 6386
f 6385 6386 6387
f 6387 6386 4496
f 6387 4496 6388
f 6388 4496 4495
f 6388 4495 4494
f 6375 6374 6378
f 6378 6374 6389
f 6378 6389 6380
f 6380 6389 6390
f 6380 6390 6382
f 6382 6390 6391
f 6382 6391 6384
f 6384 6391 6392
f 6384 6392 6386
f 6386 6392 4497
f 6386 4497 4496
f 6389 6374 6393
f 6393 6374 6373
f 6393 6373 6394
f 6394 6373 6395
f 6394 6395 6396
f 6396 6395 4498
f 6396 4498 6397
f 6397 4498 4497
f 6397 4497 6392
f 6373 3701 6395
f 6395 3701 4498
f 4494 6398 6388
f 6388 6398 6399
f 6388 6399 6400
f 6400 6399 6401
f 6400 6401 6402
f 6402 6401 6403
f 6402 6403 6404
f 6404 6403 6405
f 6404 6405 6406
f 6406 6405 6407
f 6406 6407 6408
f 6408 6407 6409
f 6408 6409 6376
f 6376 6409 5626
f 6398 6410 6399
f 6399 6410 6411
f 6399 6411 6401
f 6401 6411 6412
f 6401 6412 6403
f 6403 6412 6413
f 6403 6413 6405
f 6405 6413 6414
f 6405 6414 6407
f 6407 6414 6415
f 6407 6415 6409
f 6409 6415 5627
f 6409 5627 5626
f 6411 6410 6416
f 6416 6410 6417
f 6416 6417 6418
f 6418 6417 6419
f 6418 6419 6420
f 6420 6419 6421
f 6420 6421 6422
f 6422 6421 5630
f 6422 5630 5628
f 6417 6423 6419
f 6419 6423 6424
f 6419 6424 6421
f 6421 6424 5630
f 6423 5632 6424
f 6424 5632 5630
f 6422 5628 6425
f 6425 5628 5627
f 6425 5627 6415
f 6408 6376 6377
f 6415 6414 6425
f 6425 6414 6426
f 6425 6426 6422
f 6422 6426 6420
f 6408 6377 6379
f 6408 6379 6406
f 6406 6379 6381
f 6406 6381 6404
f 6404 6381 6383
f 6404 6383 6402
f 6402 6383 6385
f 6402 6385 6400
f 6400 6385 6387
f 6400 6387 6388
f 6426 6414 6413
f 6420 6426 6427
f 6427 6426 6413
f 6427 6413 6412
f 6416 6418 6427
f 6427 6418 6420
f 6416 6427 6412
f 6389 6393 6390
f 6390 6393 6428
f 6390 6428 6391
f 6391 6428 6397
f 6391 6397 6392
f 6416 6412 6411
f 6393 6394 6428
f 6428 6394 6396
f 6428 6396 6397
f 5662 5632 6429
f 6429 5632 6423
f 6429 6423 6430
f 6430 6423 6417
f 6430 6417 6431
f 6431 6417 6432
f 6431 6432 6433
f 6433 6432 6434
f 6433 6434 6435
f 6435 6434 6436
f 6435 6436 6437
f 6437 6436 6438
f 6438 6436 6439
f 6438 6439 2883
f 2883 6439 4480
f 4480 6439 4492
f 4492 6439 6440
f 4492 6440 4493
f 4493 6440 6441
f 4493 6441 4494
f 4494 6441 6398
f 6398 6441 6442
f 6398 6442 6410
f 6410 6442 6443
f 6410 6443 6432
f 6432 6443 6434
f 6417 6410 6432
f 6435 6437 6444
f 6444 6437 6445
f 6444 6445 6446
f 6446 6445 6447
f 6446 6447 6448
f 6448 6447 6449
f 6448 6449 6429
f 6429 6449 5662
f 6445 6450 6447
f 6447 6450 6451
f 6447 6451 6449
f 6449 6451 5662
f 6450 5657 6451
f 6451 5657 5656
f 6451 5656 5663
f 5663 5662 6451
f 6429 6430 6448
f 6448 6430 6452
f 6448 6452 6446
f 6446 6452 6444
f 6431 6433 6452
f 6452 6433 6444
f 6444 6433 6435
f 6430 6431 6452
f 6434 6443 6453
f 6453 6443 6442
f 6453 6442 6440
f 6440 6442 6441
f 6440 6439 6453
f 6453 6439 6436
f 6453 6436 6434
f 2880 3683 2883
f 2883 3683 6454
f 2883 6454 6438
f 6438 6454 6455
f 6438 6455 6437
f 6437 6455 6456
f 6437 6456 6457
f 6457 6456 6458
f 6457 6458 6459
f 6454 6460 6455
f 6455 6460 6456
f 6460 6458 6456
f 6459 6461 6457
f 6457 6461 6462
f 6457 6462 6445
f 6445 6462 6463
f 6445 6463 6450
f 6450 6463 6464
f 6450 6464 5657
f 5657 6464 5658
f 5658 6464 5659
f 5659 6464 5660
f 5660 6464 6465
f 6465 6464 6463
f 6465 6463 6466
f 6466 6463 6462
f 6466 6462 6461
f 6445 6437 6457
f 1041 1039 1069
f 1069 1039 1037
f 1069 1037 1077
f 1077 1075 1069
f 1069 1075 1073
f 1069 1073 1071
f 1067 1051 1069
f 1069 1051 1049
f 1069 1049 1047
f 1051 1067 1053
f 1053 1067 1065
f 1053 1065 1055
f 1055 1065 1063
f 1055 1063 1057
f 1057 1063 1061
f 1057 1061 1059
f 1047 1045 1069
f 1069 1045 1043
f 1069 1043 1041
f 999 997 1027
f 1027 997 995
f 1027 995 1035
f 1035 1033 1027
f 1027 1033 1031
f 1027 1031 1029
f 1025 1009 1027
f 1027 1009 1007
f 1027 1007 1005
f 1009 1025 1011
f 1011 1025 1023
f 1011 1023 1013
f 1013 1023 1021
f 1013 1021 1015
f 1015 1021 1019
f 1015 1019 1017
f 1005 1003 1027
f 1027 1003 1001
f 1027 1001 999
f 3235 3236 5535
f 5535 3236 6467
f 5535 6467 5532
f 5532 6467 5533
f 5533 6467 6468
f 5533 6468 5562
f 5562 6468 5563
f 5563 6468 3027
f 5563 3027 3026
f 5676 3668 6469
f 6469 3668 3667
f 6469 3667 6470
f 6469 6470 6471
f 6471 6470 6472
f 6471 6472 5569
f 5569 6472 3220
f 5569 3220 5575
f 5575 3220 5576
f 5576 3220 3218
f 5568 5691 5569
f 5569 5691 5692
f 5569 5692 5685
f 5569 5685 6471
f 6471 5685 5683
f 6471 5683 5682
f 6471 5682 6469
f 6469 5682 5684
f 6469 5684 5676
f 4648 3678 6473
f 6473 3678 3677
f 6473 3677 6474
f 6473 6474 6475
f 6475 6474 6476
f 6475 6476 4628
f 4628 6476 4550
f 4628 4550 4629
f 4629 4550 4630
f 4630 4550 4549
f 4638 4663 4628
f 4628 4663 4664
f 4628 4664 4657
f 4628 4657 6475
f 6475 4657 4655
f 6475 4655 4654
f 6475 4654 6473
f 6473 4654 4656
f 6473 4656 4648
f 4559 4561 4631
f 4631 4561 4632
f 4632 4561 4633
f 4633 4561 6477
f 4633 6477 5055
f 5055 6477 5057
f 5057 6477 5058
f 5058 6477 5060
f 5060 6477 6478
f 5060 6478 5062
f 5062 6478 5064
f 5064 6478 3669
f 3669 6478 3670
f 3670 6478 6479
f 6479 6478 6480
f 6480 6478 6477
f 6480 6477 4561
f 5055 5053 4633
f 4633 5053 4644
f 6454 3683 6481
f 6481 3683 3682
f 6481 3682 6482
f 6481 6482 6483
f 6483 6482 6484
f 6483 6484 5661
f 5661 6484 4577
f 5661 4577 5672
f 5672 4577 5673
f 5673 4577 4576
f 5660 6465 5661
f 5661 6465 6466
f 5661 6466 6461
f 5661 6461 6483
f 6483 6461 6459
f 6483 6459 6458
f 6483 6458 6481
f 6481 6458 6460
f 6481 6460 6454
f 4567 4568 5674
f 5674 4568 5675
f 5675 4568 5664
f 5664 4568 6485
f 5664 6485 6054
f 6054 6485 6056
f 6056 6485 6057
f 6057 6485 6059
f 6059 6485 6486
f 6059 6486 6061
f 6061 6486 6063
f 6063 6486 3684
f 3684 6486 3685
f 3685 6486 6487
f 6487 6486 6488
f 6488 6486 6485
f 6488 6485 4568
f 6054 6052 5664
f 5664 6052 5668
f 5215 5218 6489
f 6489 5218 6490
f 6489 6490 6491
f 6489 6491 6492
f 6492 6491 6493
f 6492 6493 6494
f 6494 6495 6492
f 6492 6495 6496
f 6492 6496 6497
f 6497 6496 6498
f 6497 6498 6499
f 6499 6498 6500
f 6499 6500 6501
f 6501 6500 6502
f 6501 6502 6503
f 6503 6502 6504
f 6503 6504 6505
f 6505 6504 6506
f 6505 6506 6507
f 6507 6506 6508
f 6507 6508 5548
f 5548 6508 5549
f 5549 6508 5550
f 5550 6508 6509
f 6509 6508 6506
f 6509 6506 6510
f 6510 6506 6504
f 6510 6504 6511
f 6511 6504 6502
f 6511 6502 6512
f 6512 6502 6500
f 6512 6500 6513
f 6513 6500 6498
f 6513 6498 6514
f 6514 6498 6515
f 6515 6498 6496
f 6515 6496 6516
f 6516 6496 6495
f 5548 5546 6507
f 6507 5546 6517
f 6507 6517 6505
f 6505 6517 6518
f 6505 6518 6503
f 6503 6518 6519
f 6503 6519 6501
f 6501 6519 6520
f 6501 6520 6499
f 6499 6520 6521
f 6499 6521 6497
f 6497 6521 6522
f 6497 6522 6492
f 6492 6522 6489
f 5546 5543 6517
f 6517 5543 6523
f 6517 6523 6518
f 6518 6523 6524
f 6518 6524 6519
f 6519 6524 6525
f 6519 6525 6520
f 6520 6525 6526
f 6520 6526 6521
f 6521 6526 6527
f 6521 6527 6522
f 6522 6527 6528
f 6522 6528 6489
f 6489 6528 6529
f 6489 6529 5215
f 5215 6529 5212
f 5212 6529 6530
f 5212 6530 6531
f 6531 6530 6532
f 6532 6530 6533
f 6532 6533 6534
f 6534 6533 6535
f 6534 6535 6536
f 6536 6535 6537
f 6537 6535 6538
f 6537 6538 6539
f 6539 6538 6540
f 6539 6540 6541
f 6541 6540 6542
f 6541 6542 6543
f 6543 6542 6544
f 6543 6544 6545
f 6545 6544 6546
f 6545 6546 6547
f 6547 6546 5534
f 6547 5534 5531
f 5543 5539 6523
f 6523 5539 6548
f 6523 6548 6524
f 6524 6548 6549
f 6524 6549 6525
f 6525 6549 6550
f 6525 6550 6526
f 6526 6550 6551
f 6526 6551 6527
f 6527 6551 6552
f 6527 6552 6528
f 6528 6552 6533
f 6528 6533 6529
f 6529 6533 6530
f 5539 5536 6548
f 6548 5536 6546
f 6548 6546 6544
f 5536 5534 6546
f 6547 5531 6553
f 6553 5531 5530
f 6553 5530 6554
f 6554 5530 3043
f 6554 3043 6555
f 6555 3043 3044
f 5530 3042 3043
f 6555 6556 6554
f 6554 6556 6557
f 6554 6557 6553
f 6553 6557 6558
f 6553 6558 6547
f 6547 6558 6545
f 6556 6559 6557
f 6557 6559 6560
f 6557 6560 6561
f 6561 6560 6562
f 6561 6562 6563
f 6563 6564 6561
f 6561 6564 6565
f 6561 6565 6558
f 6558 6565 6545
f 6565 6564 6566
f 6566 6564 6567
f 6566 6567 6568
f 6568 6567 6569
f 6568 6569 6539
f 6539 6569 6570
f 6539 6570 6537
f 6531 5214 5212
f 6548 6544 6549
f 6549 6544 6542
f 6549 6542 6550
f 6550 6542 6540
f 6550 6540 6551
f 6551 6540 6538
f 6551 6538 6552
f 6552 6538 6535
f 6552 6535 6533
f 6545 6565 6543
f 6543 6565 6566
f 6543 6566 6541
f 6541 6566 6568
f 6541 6568 6539
f 6561 6558 6557
f 5551 5550 6571
f 6571 5550 6509
f 6571 6509 6572
f 6572 6509 6510
f 6572 6510 6573
f 6573 6510 6511
f 6573 6511 6574
f 6574 6511 6512
f 6574 6512 6575
f 6575 6512 6513
f 6575 6513 6576
f 6576 6513 6514
f 6576 6514 6577
f 6577 6514 6578
f 6577 6578 6579
f 6579 6578 6580
f 6579 6580 6581
f 6581 6580 6582
f 6581 6582 6583
f 6583 6582 6584
f 6583 6584 6585
f 6585 6584 6586
f 6585 6586 6587
f 6587 6586 6588
f 6587 6588 6589
f 6589 6588 6590
f 6589 6590 6591
f 6591 6590 6592
f 6591 6592 6593
f 6593 6592 6594
f 6593 6594 5555
f 5555 6594 5556
f 5556 6594 6595
f 5556 6595 5557
f 5557 6595 5558
f 5558 6595 6596
f 5558 6596 5559
f 5559 6596 6597
f 5559 6597 5560
f 5560 6597 6598
f 5560 6598 5561
f 5561 6598 3132
f 3132 6598 3133
f 3133 6598 6599
f 3133 6599 3134
f 3134 6599 6600
f 3134 6600 6601
f 6601 6600 6602
f 6601 6602 6603
f 6603 6602 6604
f 6603 6604 6605
f 6605 6604 6606
f 6605 6606 6607
f 6607 6606 6608
f 6607 6608 6609
f 6609 6608 6590
f 6609 6590 6588
f 6580 6610 6582
f 6582 6610 6611
f 6582 6611 6584
f 6584 6611 6612
f 6584 6612 6586
f 6586 6612 6613
f 6586 6613 6588
f 6588 6613 6609
f 2983 2979 6610
f 6610 2979 6614
f 6610 6614 6611
f 6611 6614 6612
f 6614 2979 6615
f 6615 2979 2978
f 6615 2978 6616
f 6616 2978 6617
f 6616 6617 6618
f 6618 6617 6619
f 6618 6619 6620
f 6620 6619 6621
f 6620 6621 6603
f 6603 6621 6601
f 2978 3139 6617
f 6617 3139 3138
f 6617 3138 3137
f 6617 3137 6619
f 6619 3137 3136
f 6619 3136 6621
f 6621 3136 3135
f 6621 3135 6601
f 6601 3135 3134
f 6593 5555 6622
f 6622 5555 5554
f 6622 5554 6623
f 6623 5554 5553
f 6623 5553 5552
f 6623 5552 6571
f 6571 5552 5551
f 6623 6571 6624
f 6624 6571 6572
f 6624 6572 6625
f 6625 6572 6573
f 6625 6573 6626
f 6626 6573 6574
f 6626 6574 6627
f 6627 6574 6575
f 6627 6575 6628
f 6628 6575 6576
f 6628 6576 6577
f 6591 6593 6622
f 6622 6623 6629
f 6629 6623 6624
f 6629 6624 6630
f 6630 6624 6625
f 6630 6625 6631
f 6631 6625 6626
f 6631 6626 6632
f 6632 6626 6627
f 6632 6627 6633
f 6633 6627 6628
f 6633 6628 6579
f 6579 6628 6577
f 6595 6594 6634
f 6634 6594 6592
f 6634 6592 6608
f 6608 6592 6590
f 6596 6595 6635
f 6635 6595 6634
f 6635 6634 6606
f 6606 6634 6608
f 6599 6598 6597
f 6597 6596 6636
f 6636 6596 6635
f 6636 6635 6604
f 6604 6635 6606
f 6589 6591 6629
f 6629 6591 6622
f 6589 6629 6630
f 6597 6636 6599
f 6599 6636 6602
f 6599 6602 6600
f 6602 6636 6604
f 6587 6589 6630
f 6587 6630 6631
f 6585 6587 6631
f 6585 6631 6632
f 6607 6609 6637
f 6637 6609 6613
f 6637 6613 6638
f 6638 6613 6612
f 6638 6612 6614
f 6620 6603 6605
f 6605 6607 6639
f 6639 6607 6637
f 6639 6637 6640
f 6640 6637 6638
f 6640 6638 6615
f 6615 6638 6614
f 6583 6585 6632
f 6583 6632 6633
f 6618 6620 6639
f 6639 6620 6605
f 6618 6639 6640
f 6581 6583 6633
f 6581 6633 6579
f 6616 6618 6640
f 6616 6640 6615
f 2983 6610 2981
f 2981 6610 2982
f 2982 6610 6641
f 2982 6641 2984
f 2984 6641 6642
f 2984 6642 2985
f 2985 6642 2986
f 2986 6642 2987
f 2987 6642 6643
f 2987 6643 2988
f 2988 6643 6644
f 2988 6644 2990
f 2990 6644 2991
f 2991 6644 6645
f 2991 6645 2992
f 2992 6645 2993
f 2993 6645 6646
f 2993 6646 2994
f 2994 6646 2995
f 2995 6646 6647
f 6647 6646 6648
f 6647 6648 6649
f 6649 6648 6650
f 6650 6648 6651
f 6650 6651 6495
f 6495 6651 6516
f 6516 6651 6515
f 6515 6651 6652
f 6515 6652 6514
f 6514 6652 6653
f 6514 6653 6654
f 6654 6653 6655
f 6654 6655 6578
f 6578 6655 6656
f 6578 6656 6580
f 6580 6656 6642
f 6580 6642 6641
f 6610 6580 6641
f 6578 6514 6654
f 6495 6494 6650
f 6656 6655 6642
f 6642 6655 6643
f 6644 6643 6657
f 6657 6643 6655
f 6657 6655 6653
f 6648 6646 6645
f 6645 6644 6658
f 6658 6644 6657
f 6658 6657 6652
f 6652 6657 6653
f 6651 6648 6658
f 6658 6648 6645
f 6651 6658 6652
f 5317 2995 6659
f 6659 2995 6647
f 6659 6647 6660
f 6660 6647 6661
f 6660 6661 6662
f 6662 6661 6663
f 6662 6663 6664
f 6664 6663 6665
f 6664 6665 6666
f 6666 6665 6667
f 6666 6667 6668
f 6668 6667 6669
f 6669 6667 6670
f 6669 6670 6671
f 6671 6670 6672
f 6671 6672 6673
f 6673 6672 6674
f 6673 6674 6675
f 6675 6674 6676
f 6675 6676 6677
f 6677 6676 6650
f 6677 6650 6678
f 6678 6650 6494
f 6678 6494 6493
f 6649 6679 6647
f 6647 6679 6680
f 6647 6680 6661
f 6661 6680 6663
f 6650 6676 6649
f 6649 6676 6681
f 6649 6681 6679
f 6679 6681 6682
f 6679 6682 6683
f 6683 6682 6684
f 6683 6684 6665
f 6665 6684 6667
f 6493 6491 6678
f 6678 6491 6685
f 6678 6685 6677
f 6677 6685 6675
f 6490 6686 6491
f 6491 6686 6687
f 6491 6687 6685
f 6685 6687 6675
f 6490 5218 6686
f 6686 5218 6688
f 6686 6688 6671
f 6671 6688 6669
f 6666 6668 6689
f 6689 6668 6690
f 6689 6690 6691
f 6691 6690 6692
f 6691 6692 6693
f 6693 6692 6694
f 6693 6694 6695
f 6695 6694 5319
f 6695 5319 6659
f 6659 5319 5317
f 6692 6690 6696
f 6696 6690 5323
f 6696 5323 5322
f 5322 5320 6696
f 6696 5320 6694
f 6696 6694 6692
f 5320 5319 6694
f 6695 6659 6697
f 6697 6659 6660
f 6697 6660 6662
f 6679 6683 6680
f 6680 6683 6663
f 6664 6689 6698
f 6698 6689 6691
f 6698 6691 6693
f 6683 6665 6663
f 6689 6664 6666
f 6697 6662 6698
f 6698 6662 6664
f 6697 6698 6693
f 6682 6681 6674
f 6674 6681 6676
f 6684 6682 6672
f 6672 6682 6674
f 6667 6684 6670
f 6670 6684 6672
f 6686 6671 6673
f 6686 6673 6687
f 6687 6673 6675
f 6695 6697 6693
f 5202 5461 5392
f 5392 5461 6699
f 5392 6699 5394
f 5394 6699 6700
f 5394 6700 5396
f 5396 6700 6701
f 5396 6701 5398
f 5398 6701 6702
f 5398 6702 5400
f 5400 6702 6703
f 5400 6703 5205
f 5205 6703 6704
f 6704 6703 6705
f 6704 6705 6706
f 6706 6705 6707
f 6706 6707 6708
f 6708 6707 6709
f 6708 6709 6710
f 6710 6709 5169
f 5169 6709 5173
f 5173 6709 6711
f 5173 6711 5177
f 5177 6711 6712
f 5177 6712 5179
f 5179 6712 6713
f 5179 6713 5180
f 5180 6713 6714
f 5180 6714 5178
f 5178 6714 5458
f 5458 6714 6715
f 5458 6715 5459
f 5459 6715 6716
f 5459 6716 5460
f 5460 6716 6699
f 5460 6699 5461
f 6715 6714 6717
f 6717 6714 6713
f 6717 6713 6718
f 6718 6713 6712
f 6718 6712 6719
f 6719 6712 6711
f 6719 6711 6707
f 6707 6711 6709
f 6700 6699 6716
f 6716 6715 6720
f 6720 6715 6717
f 6720 6717 6721
f 6721 6717 6718
f 6721 6718 6722
f 6722 6718 6719
f 6722 6719 6705
f 6705 6719 6707
f 6701 6700 6720
f 6720 6700 6716
f 6701 6720 6721
f 6702 6701 6721
f 6702 6721 6722
f 6703 6702 6722
f 6703 6722 6705
f 5325 5323 6723
f 6723 5323 6690
f 6723 6690 6668
f 6723 6668 6724
f 6724 6668 6669
f 6724 6669 6725
f 6725 6669 6688
f 6725 6688 6726
f 6726 6688 5218
f 6726 5218 5217
f 6726 5217 6727
f 6727 5217 5216
f 6727 5216 6728
f 6728 5216 5210
f 6728 5210 6729
f 6729 5210 5208
f 6729 5208 6730
f 6730 5208 5207
f 6730 5207 6731
f 6731 6732 6730
f 6730 6732 6733
f 6730 6733 6729
f 6729 6733 6734
f 6729 6734 6728
f 6728 6734 6735
f 6728 6735 6727
f 6727 6735 6736
f 6727 6736 6726
f 6726 6736 6725
f 6732 6737 6733
f 6733 6737 6738
f 6733 6738 6734
f 6734 6738 6739
f 6734 6739 6735
f 6735 6739 6740
f 6735 6740 6736
f 6736 6740 6741
f 6736 6741 6725
f 6725 6741 6724
f 6737 6742 6738
f 6738 6742 6743
f 6738 6743 6739
f 6739 6743 6744
f 6739 6744 6740
f 6740 6744 6745
f 6740 6745 6741
f 6741 6745 6746
f 6741 6746 6724
f 6724 6746 6723
f 6742 5168 6743
f 6743 5168 5329
f 6743 5329 6744
f 6744 5329 5327
f 6744 5327 6745
f 6745 5327 6746
f 5327 5325 6746
f 6746 5325 6723
f 5207 5205 6731
f 6731 5205 6704
f 6731 6704 6732
f 6732 6704 6706
f 6732 6706 6737
f 6737 6706 6708
f 6737 6708 6742
f 6742 6708 6710
f 6742 6710 5168
f 5168 6710 5169
f 5183 5185 6747
f 6747 5185 5529
f 6747 5529 5528
f 6747 5528 6748
f 6748 5528 5527
f 6748 5527 6749
f 6749 5527 5526
f 6749 5526 6750
f 6750 5526 5203
f 6750 5203 5391
f 6750 5391 6751
f 6751 5391 5393
f 6751 5393 6752
f 6752 5393 5395
f 6752 5395 6753
f 6753 5395 5397
f 6753 5397 6754
f 6754 5397 5399
f 6754 5399 6755
f 6755 5399 5204
f 6755 6756 6754
f 6754 6756 6757
f 6754 6757 6753
f 6753 6757 6758
f 6753 6758 6752
f 6752 6758 6759
f 6752 6759 6751
f 6751 6759 6760
f 6751 6760 6750
f 6750 6760 6749
f 6756 6761 6757
f 6757 6761 6762
f 6757 6762 6758
f 6758 6762 6763
f 6758 6763 6759
f 6759 6763 6764
f 6759 6764 6760
f 6760 6764 6765
f 6760 6765 6749
f 6749 6765 6748
f 6761 6766 6762
f 6762 6766 6767
f 6762 6767 6763
f 6763 6767 6768
f 6763 6768 6764
f 6764 6768 6769
f 6764 6769 6765
f 6765 6769 6770
f 6765 6770 6748
f 6748 6770 6747
f 6766 5190 6767
f 6767 5190 5188
f 6767 5188 6768
f 6768 5188 5186
f 6768 5186 6769
f 6769 5186 5184
f 6769 5184 6770
f 6770 5184 5183
f 6770 5183 6747
f 5196 5190 6771
f 6771 5190 6766
f 6771 6766 6772
f 6772 6766 6761
f 6772 6761 6773
f 6773 6761 6756
f 6773 6756 6774
f 6774 6756 6755
f 6774 6755 5206
f 5206 6755 5204
f 5241 5196 6775
f 6775 5196 6771
f 6775 6771 6772
f 6775 6772 6776
f 6776 6772 6773
f 6776 6773 6777
f 6777 6773 6774
f 6777 6774 6778
f 6778 6774 5206
f 6778 5206 5209
f 6778 5209 6779
f 6779 5209 5211
f 6779 5211 6780
f 6780 5211 5213
f 6780 5213 6781
f 6781 5213 5214
f 6781 5214 6782
f 6782 6783 6781
f 6781 6783 6784
f 6781 6784 6780
f 6780 6784 6785
f 6780 6785 6779
f 6779 6785 6786
f 6779 6786 6778
f 6778 6786 6777
f 6783 6787 6784
f 6784 6787 6788
f 6784 6788 6785
f 6785 6788 6789
f 6785 6789 6786
f 6786 6789 6790
f 6786 6790 6777
f 6777 6790 6776
f 6787 6791 6788
f 6788 6791 6792
f 6788 6792 6789
f 6789 6792 6793
f 6789 6793 6790
f 6790 6793 6794
f 6790 6794 6776
f 6776 6794 6775
f 6791 5247 6792
f 6792 5247 5245
f 6792 5245 6793
f 6793 5245 5243
f 6793 5243 6794
f 6794 5243 5241
f 6794 5241 6775
f 5249 5247 6795
f 6795 5247 6791
f 6795 6791 6796
f 6796 6791 6787
f 6796 6787 6797
f 6797 6787 6798
f 6797 6798 6799
f 6799 6798 6800
f 6799 6800 6801
f 6801 6800 6802
f 6801 6802 6803
f 6803 6802 6804
f 6803 6804 6805
f 6805 6804 6806
f 6805 6806 6807
f 6807 6806 6808
f 6807 6808 6809
f 6809 6808 6810
f 6809 6810 6811
f 6811 6810 6782
f 6811 6782 5214
f 6787 6783 6798
f 6798 6783 6812
f 6798 6812 6800
f 6800 6812 6813
f 6800 6813 6802
f 6802 6813 6804
f 6812 6783 6810
f 6810 6783 6782
f 5214 6531 6811
f 6811 6531 6809
f 6531 6532 6809
f 6809 6532 6534
f 6809 6534 6807
f 6807 6534 6536
f 6807 6536 6805
f 6803 6814 6801
f 6801 6814 6815
f 6801 6815 6816
f 6816 6815 6817
f 6816 6817 6795
f 6795 6817 5250
f 6795 5250 5249
f 6814 3005 6815
f 6815 3005 6818
f 6815 6818 6817
f 6817 6818 5254
f 6817 5254 5253
f 3005 5255 6818
f 6818 5255 5254
f 5253 5251 6817
f 6817 5251 5250
f 6795 6796 6816
f 6816 6796 6799
f 6816 6799 6801
f 6797 6799 6796
f 6806 6804 6813
f 6810 6808 6812
f 6812 6808 6813
f 6808 6806 6813
f 3004 3005 6819
f 6819 3005 6814
f 6819 6814 6820
f 6820 6814 6803
f 6820 6803 6821
f 6821 6803 6805
f 6821 6805 6536
f 6536 6537 6821
f 6821 6537 6570
f 6821 6570 6822
f 6822 6570 6569
f 6822 6569 6823
f 6823 6569 6567
f 6823 6567 6824
f 6824 6567 6825
f 6824 6825 6826
f 6826 6825 6827
f 6826 6827 6828
f 6828 6827 6829
f 6828 6829 3000
f 3000 6829 2999
f 2999 6829 6830
f 2999 6830 2998
f 2998 6830 6831
f 2998 6831 3051
f 3051 6831 6832
f 3051 6832 3050
f 3050 6832 6833
f 3050 6833 3049
f 3049 6833 6834
f 3049 6834 3048
f 3048 6834 6835
f 3048 6835 3047
f 3047 6835 6836
f 3047 6836 6837
f 6837 6836 6559
f 6837 6559 6556
f 6567 6564 6825
f 6825 6564 6838
f 6825 6838 6827
f 6827 6838 6839
f 6827 6839 6829
f 6829 6839 6830
f 6563 6840 6564
f 6564 6840 6841
f 6564 6841 6838
f 6838 6841 6839
f 6563 6562 6840
f 6840 6562 6842
f 6840 6842 6843
f 6843 6842 6834
f 6843 6834 6832
f 6832 6834 6833
f 6842 6562 6836
f 6836 6562 6560
f 6836 6560 6559
f 6837 6556 3045
f 3045 6556 6555
f 3045 6555 3044
f 3045 3047 6837
f 6828 3000 6844
f 6844 3000 3002
f 6844 3002 6845
f 6845 3002 3003
f 6845 3003 6819
f 6819 3003 3004
f 6845 6819 6846
f 6846 6819 6820
f 6846 6820 6822
f 6822 6820 6821
f 6826 6828 6844
f 6844 6845 6847
f 6847 6845 6846
f 6847 6846 6823
f 6823 6846 6822
f 6843 6832 6831
f 6831 6830 6848
f 6848 6830 6839
f 6848 6839 6841
f 6824 6826 6847
f 6847 6826 6844
f 6824 6847 6823
f 6840 6843 6848
f 6848 6843 6831
f 6840 6848 6841
f 6836 6835 6834
f 6836 6834 6842
f 3535 2947 3533
f 3533 2947 4595
f 3533 4595 3531
f 3531 4595 4594
f 3531 4594 3526
f 3526 4594 4593
f 3526 4593 3552
f 3552 4593 3687
f 3687 3685 3552
f 3552 3685 3555
f 2947 3535 2954
f 2954 3535 3537
f 2954 3537 2956
f 2956 3537 3539
f 2956 3539 2958
f 2958 3539 3541
f 2958 3541 2960
f 2960 3541 3542
f 2960 3542 2962
f 2962 3542 3540
f 2962 3540 2964
f 2964 3540 3538
f 2964 3538 2966
f 2966 3538 3536
f 3555 3685 3556
f 3556 3685 6487
f 3556 6487 3557
f 3557 6487 6488
f 3557 6488 3558
f 3558 6488 4568
f 2966 3536 4590
f 4590 3536 3534
f 4590 3534 4591
f 4591 3534 3532
f 4591 3532 4592
f 4592 3532 3530
f 4592 3530 3676
f 3676 3530 3547
f 3558 4568 3553
f 3553 4568 4566
f 3553 4566 3554
f 3554 4566 4564
f 3554 4564 226
f 226 4564 225
f 3547 3551 3676
f 3676 3551 3677
f 3677 3551 6474
f 6474 3551 3550
f 6474 3550 6476
f 6476 3550 3549
f 6476 3549 4550
f 4550 3549 3548
f 215 1278 216
f 216 1278 3525
f 4550 3548 4551
f 4551 3548 3546
f 4551 3546 4552
f 4552 3546 3545
f 4552 3545 1289
f 1289 3545 3544
f 3525 1278 3527
f 3527 1278 1293
f 3527 1293 3528
f 3528 1293 1292
f 3528 1292 3529
f 3529 1292 1291
f 3529 1291 3543
f 3543 1291 1290
f 3543 1290 3544
f 3544 1290 1289
f 3667 3666 3586
f 3586 3666 3582
f 3582 3666 3570
f 3570 3666 4586
f 3570 4586 3588
f 3588 4586 4585
f 3588 4585 3590
f 3590 4585 4584
f 3590 4584 3591
f 3591 4584 3019
f 3667 3586 6470
f 6470 3586 3585
f 6470 3585 6472
f 6472 3585 3584
f 6472 3584 3220
f 3220 3584 3583
f 3591 3019 3592
f 3592 3019 3018
f 3592 3018 3596
f 3596 3018 3017
f 3596 3017 3598
f 3598 3017 3016
f 3598 3016 3597
f 3597 3016 3015
f 3597 3015 3595
f 3595 3015 3014
f 3595 3014 3593
f 3593 3014 3013
f 3593 3013 3594
f 3594 3013 3006
f 3220 3583 3221
f 3221 3583 3581
f 3221 3581 3222
f 3222 3581 3580
f 3222 3580 3223
f 3223 3580 3579
f 3594 3006 3589
f 3589 3006 4589
f 3589 4589 3587
f 3587 4589 4588
f 3587 4588 3565
f 3565 4588 4587
f 3565 4587 3561
f 3561 4587 3673
f 3223 3579 5156
f 5156 3579 3578
f 5156 3578 5158
f 5158 3578 3577
f 5158 3577 5160
f 5160 3577 3576
f 5160 3576 5162
f 5162 3576 3575
f 5162 3575 4602
f 4602 3575 3572
f 3673 3670 3561
f 3561 3670 3559
f 3572 3571 4602
f 4602 3571 4604
f 3559 3670 3560
f 3560 3670 6479
f 3560 6479 3562
f 3562 6479 6480
f 3562 6480 3563
f 3563 6480 4561
f 4604 3571 5148
f 5148 3571 3574
f 5148 3574 5150
f 5150 3574 3573
f 5150 3573 5152
f 5152 3573 3569
f 5152 3569 5154
f 5154 3569 3568
f 5154 3568 4562
f 4562 3568 3567
f 3563 4561 3564
f 3564 4561 4560
f 3564 4560 3566
f 3566 4560 4563
f 3566 4563 3567
f 3567 4563 4562
f 3761 3713 6849
f 6849 3713 3712
f 6849 3712 3711
f 3710 6850 3711
f 3711 6850 6851
f 3711 6851 6849
f 6849 6851 4431
f 6849 4431 4435
f 3709 6852 3710
f 3710 6852 6853
f 3710 6853 6850
f 6850 6853 4433
f 6850 4433 4431
f 3708 6854 3709
f 3709 6854 6855
f 3709 6855 6856
f 6856 6855 4434
f 6856 4434 4433
f 3707 6857 3708
f 3708 6857 6858
f 3708 6858 6854
f 6854 6858 4437
f 6854 4437 4434
f 3707 3706 6857
f 6857 3706 6859
f 6857 6859 4445
f 4445 6859 4443
f 4443 6859 6860
f 4443 6860 6861
f 6861 6860 3705
f 6861 3705 3704
f 6859 3706 6860
f 6860 3706 3705
f 3703 6862 3704
f 3704 6862 6863
f 3704 6863 6861
f 6861 6863 4418
f 6861 4418 4443
f 3702 6864 3703
f 3703 6864 6865
f 3703 6865 6862
f 6862 6865 4419
f 6862 4419 4418
f 3052 6866 3702
f 3702 6866 6867
f 3702 6867 6868
f 6868 6867 4447
f 6868 4447 6869
f 6869 4447 6870
f 6869 6870 3702
f 3702 6870 6864
f 6870 4447 6864
f 6864 4447 4419
f 6864 4419 6865
f 4445 4437 6857
f 6857 4437 6858
f 4435 3761 6849
f 4431 6851 6850
f 6853 6852 4433
f 4433 6852 6871
f 4433 6871 6856
f 6856 6871 3709
f 3709 6871 6852
f 4434 6855 6854
f 4418 6863 6862
f 3702 6868 6869
f 3052 4447 6866
f 6866 4447 6867
f 3761 3757 3713
f 3713 3757 3714
f 3714 3757 3766
f 3766 3757 3756
f 3766 3756 3768
f 3768 3756 3755
f 3768 3755 3770
f 3770 3755 3754
f 3770 3754 3772
f 3772 3754 3753
f 3772 3753 3774
f 3774 3753 3752
f 3774 3752 3776
f 3776 3752 3751
f 3776 3751 3778
f 3778 3751 3750
f 3778 3750 3780
f 3780 3750 3749
f 3780 3749 3782
f 3782 3749 3748
f 3782 3748 3784
f 3784 3748 3747
f 3784 3747 3786
f 3786 3747 3746
f 3786 3746 3788
f 3788 3746 3745
f 3788 3745 3790
f 3790 3745 3744
f 3790 3744 3792
f 3792 3744 3743
f 3792 3743 3794
f 3794 3743 3742
f 3794 3742 3796
f 3796 3742 3741
f 3796 3741 3798
f 3798 3741 3740
f 3798 3740 3800
f 3800 3740 3739
f 3800 3739 3802
f 3802 3739 3738
f 3802 3738 3804
f 3804 3738 3737
f 3804 3737 3806
f 3806 3737 3736
f 3806 3736 3808
f 3808 3736 3735
f 3808 3735 3810
f 3810 3735 3734
f 3810 3734 3812
f 3812 3734 3733
f 3812 3733 3814
f 3814 3733 3732
f 3814 3732 3816
f 3816 3732 3731
f 3816 3731 3818
f 3818 3731 3730
f 3818 3730 3820
f 3820 3730 3729
f 3820 3729 3822
f 3822 3729 3728
f 3822 3728 3824
f 3824 3728 3727
f 3824 3727 3826
f 3826 3727 3726
f 3826 3726 3828
f 3828 3726 3725
f 3828 3725 3830
f 3830 3725 3724
f 3830 3724 3832
f 3832 3724 3722
f 3832 3722 3619
f 3619 3722 3723
f 3723 3286 3619
f 3619 3286 3611
f 3611 3286 3614
f 3614 3286 3284
f 3614 3284 3617
f 3617 3284 3282
f 3617 3282 3618
f 3618 3282 3280
f 3618 3280 3620
f 3620 3280 3278
f 3620 3278 3621
f 3621 3278 3276
f 3621 3276 3622
f 3622 3276 3274
f 3622 3274 3623
f 3623 3274 3272
f 3623 3272 3624
f 3624 3272 3270
f 3624 3270 3625
f 3625 3270 3268
f 3625 3268 3626
f 3626 3268 2997
f 2997 2996 3626
f 3626 2996 3627
f 3627 2996 3630
f 3630 2996 3046
f 3630 3046 3041
f 3630 3041 3631
f 3631 3041 3038
f 3631 3038 3632
f 3632 3038 3629
f 3629 3038 3036
f 3629 3036 3628
f 3628 3036 3244
f 3628 3244 3633
f 3633 3244 3241
f 3633 3241 3635
f 3635 3241 3238
f 3635 3238 3636
f 3636 3238 3029
f 3029 3027 3636
f 3636 3027 3637
f 3637 3027 3638
f 3638 3027 6468
f 3638 6468 3639
f 3639 6468 6467
f 3639 6467 3640
f 3640 6467 3236
f 3640 3236 3641
f 3641 3236 3234
f 3641 3234 3642
f 3642 3234 3232
f 3642 3232 3643
f 3643 3232 1262
f 3643 1262 3646
f 3646 1262 1277
f 3646 1277 3647
f 3647 1277 1276
f 3647 1276 3645
f 3645 1276 1275
f 3645 1275 3644
f 3644 1275 1274
f 3644 1274 3634
f 3634 1274 1273
f 1273 4606 3634
f 3634 4606 3616
f 3616 4606 3615
f 3615 4606 5167
f 3615 5167 3613
f 3613 5167 5166
f 3613 5166 3612
f 3612 5166 5165
f 3612 5165 3610
f 3610 5165 5164
f 3610 5164 3609
f 3609 5164 5163
f 3609 5163 3607
f 3607 5163 4599
f 3607 4599 3600
f 4599 4597 3600
f 3600 4597 3649
f 3649 4597 3655
f 3655 4597 5142
f 3655 5142 3656
f 3656 5142 5140
f 3656 5140 3657
f 3657 5140 5138
f 3657 5138 3658
f 3658 5138 5136
f 3658 5136 3659
f 3659 5136 4580
f 3659 4580 3660
f 3660 4580 4579
f 3660 4579 3661
f 3661 4579 4578
f 3661 4578 3653
f 3653 4578 4577
f 3653 4577 3654
f 3654 4577 6484
f 3654 6484 3662
f 3662 6484 6482
f 3662 6482 3652
f 3652 6482 3682
f 3682 3680 3652
f 3652 3680 3651
f 3651 3680 3650
f 3650 3680 4583
f 3650 4583 3648
f 3648 4583 4582
f 3648 4582 3602
f 3602 4582 4581
f 3602 4581 3603
f 3603 4581 3695
f 3603 3695 3663
f 3663 3695 3694
f 3663 3694 3693
f 3663 3693 3664
f 3664 3693 3692
f 3664 3692 3665
f 3665 3692 3601
f 3601 3692 3691
f 3691 3871 3601
f 3601 3871 3599
f 3599 3871 3604
f 3604 3871 3870
f 3604 3870 3878
f 3877 3606 3878
f 3878 3606 3605
f 3878 3605 3604
f 4346 3606 6872
f 6872 3606 3877
f 6872 3877 3876
f 6872 3876 6873
f 6873 3876 3875
f 6873 3875 6874
f 6874 3875 6875
f 6874 6875 4358
f 4358 6875 6876
f 4358 6876 6877
f 6877 6876 3874
f 6877 3874 6878
f 6878 3874 6879
f 6878 6879 4359
f 4359 6879 4360
f 4360 6879 6880
f 4360 6880 6881
f 6881 6880 3873
f 6881 3873 3872
f 3875 3874 6875
f 6875 3874 6876
f 3874 3873 6879
f 6879 3873 6880
f 3856 6882 3872
f 3872 6882 6883
f 3872 6883 6884
f 6884 6883 4362
f 6884 4362 6885
f 6885 4362 6881
f 6885 6881 3872
f 3854 6886 3856
f 3856 6886 6887
f 3856 6887 6888
f 6888 6887 4364
f 6888 4364 6882
f 6882 4364 4362
f 6882 4362 6883
f 3855 6889 3854
f 3854 6889 6890
f 3854 6890 6886
f 6886 6890 4367
f 6886 4367 4365
f 3853 4370 3855
f 3855 4370 6889
f 4370 4368 6889
f 6889 4368 6890
f 4368 4367 6890
f 6886 4365 6887
f 6887 4365 4364
f 4362 4360 6881
f 6878 4359 6877
f 6877 4359 4358
f 6874 4358 6873
f 6873 4358 4346
f 6873 4346 6872
f 6882 3856 6888
f 6885 3872 6884
f 4370 3853 6891
f 6891 3853 4387
f 6891 4387 4391
f 6891 4391 6892
f 6892 4391 4390
f 6892 4390 6893
f 6893 4390 4389
f 6893 4389 6894
f 6894 4389 4388
f 6894 4388 6895
f 6895 4388 4383
f 6895 4383 6896
f 6896 4383 6897
f 6896 6897 4356
f 4356 6897 3838
f 4383 4382 6897
f 6897 4382 3838
f 4356 4379 6896
f 6896 4379 6895
f 4379 4378 6895
f 6895 4378 6894
f 4378 4376 6894
f 6894 4376 6893
f 4376 4375 6893
f 6893 4375 6892
f 4375 4373 6892
f 6892 4373 6891
f 4373 4371 6891
f 6891 4371 4370
f 72 70 2688
f 2688 70 68
f 2688 68 2689
f 2689 68 214
f 2689 214 2690
f 2690 214 212
f 2690 212 2691
f 2691 212 210
f 2691 210 2692
f 2692 210 208
f 2692 208 2693
f 2693 208 206
f 2693 206 2694
f 2694 206 204
f 2694 204 202
f 2694 202 2695
f 2695 202 200
f 2695 200 2696
f 2696 200 198
f 2696 198 2697
f 2697 198 196
f 2697 196 2698
f 2698 196 194
f 2698 194 2699
f 2699 194 192
f 2699 192 190
f 2699 190 2700
f 2700 190 188
f 2700 188 2701
f 2701 188 186
f 2701 186 2702
f 2702 186 184
f 2702 184 2703
f 2703 184 182
f 2703 182 2704
f 2704 182 180
f 2704 180 2705
f 2705 180 178
f 2705 178 176
f 2705 176 2706
f 2706 176 174
f 2706 174 2707
f 2707 174 172
f 2707 172 2708
f 2708 172 170
f 2708 170 2709
f 2709 170 168
f 2709 168 2710
f 2710 168 166
f 2710 166 2711
f 2711 166 164
f 2711 164 162
f 2711 162 2712
f 2712 162 160
f 2712 160 2713
f 2713 160 158
f 2713 158 2714
f 2714 158 156
f 2714 156 2715
f 2715 156 154
f 2715 154 2716
f 2716 154 152
f 2716 152 2717
f 2717 152 150
f 2717 150 148
f 2717 148 2718
f 2718 148 146
f 2718 146 2719
f 2719 146 144
f 2719 144 2720
f 2720 144 142
f 2720 142 2721
f 2721 142 140
f 2721 140 2722
f 2722 140 138
f 2722 138 136
f 2722 136 2723
f 2723 136 134
f 2723 134 2724
f 2724 134 132
f 2724 132 2725
f 2725 132 130
f 2725 130 2726
f 2726 130 128
f 2726 128 2727
f 2727 128 126
f 2727 126 2728
f 2728 126 124
f 2728 124 122
f 2728 122 2729
f 2729 122 120
f 2729 120 2730
f 2730 120 118
f 2730 118 2731
f 2731 118 116
f 2731 116 2732
f 2732 116 114
f 2732 114 2733
f 2733 114 112
f 2733 112 2734
f 2734 112 110
f 2734 110 108
f 2734 108 2735
f 2735 108 106
f 2735 106 2736
f 2736 106 104
f 2736 104 2737
f 2737 104 102
f 2737 102 2738
f 2738 102 100
f 2738 100 2739
f 2739 100 98
f 2739 98 2740
f 2740 98 96
f 2740 96 94
f 2740 94 2741
f 2741 94 92
f 2741 92 2742
f 2742 92 90
f 2742 90 2743
f 2743 90 88
f 2743 88 2744
f 2744 88 86
f 2744 86 2745
f 2745 86 84
f 2745 84 82
f 2745 82 2746
f 2746 82 80
f 2746 80 2747
f 2747 80 78
f 2747 78 2748
f 2748 78 76
f 2748 76 2749
f 2749 76 74
f 2749 74 2687
f 2687 74 72
f 2687 72 2688
f 6 4 46
f 46 4 2
f 46 2 66
f 66 64 46
f 46 64 62
f 46 62 60
f 46 60 48
f 48 60 58
f 48 58 50
f 50 58 56
f 50 56 52
f 52 56 54
f 46 44 6
f 6 44 8
f 8 44 10
f 10 44 12
f 12 44 14
f 14 44 16
f 16 44 18
f 18 44 20
f 20 44 22
f 22 44 24
f 24 44 26
f 26 44 28
f 28 44 30
f 30 44 42
f 30 42 32
f 32 42 40
f 32 40 34
f 34 40 38
f 34 38 36

