time_s,wall_time_s,cycle_period_s,compute_time_s,dt_s,state,fault_bits,fault_reason,message_age_s,input_timestamp_s,master_sequence,master_raw.position[0],master_raw.position[1],master_raw.position[2],master_raw.orientation_xyzw[0],master_raw.orientation_xyzw[1],master_raw.orientation_xyzw[2],master_raw.orientation_xyzw[3],master_filtered.position[0],master_filtered.position[1],master_filtered.position[2],master_filtered.orientation_xyzw[0],master_filtered.orientation_xyzw[1],master_filtered.orientation_xyzw[2],master_filtered.orientation_xyzw[3],mapped_flange.position[0],mapped_flange.position[1],mapped_flange.position[2],mapped_flange.orientation_xyzw[0],mapped_flange.orientation_xyzw[1],mapped_flange.orientation_xyzw[2],mapped_flange.orientation_xyzw[3],limited_flange.position[0],limited_flange.position[1],limited_flange.position[2],limited_flange.orientation_xyzw[0],limited_flange.orientation_xyzw[1],limited_flange.orientation_xyzw[2],limited_flange.orientation_xyzw[3],target_flange.position[0],target_flange.position[1],target_flange.position[2],target_flange.orientation_xyzw[0],target_flange.orientation_xyzw[1],target_flange.orientation_xyzw[2],target_flange.orientation_xyzw[3],actual_flange.position[0],actual_flange.position[1],actual_flange.position[2],actual_flange.orientation_xyzw[0],actual_flange.orientation_xyzw[1],actual_flange.orientation_xyzw[2],actual_flange.orientation_xyzw[3],true_flange.position[0],true_flange.position[1],true_flange.position[2],true_flange.orientation_xyzw[0],true_flange.orientation_xyzw[1],true_flange.orientation_xyzw[2],true_flange.orientation_xyzw[3],target_joints_rad[0],target_joints_rad[1],target_joints_rad[2],target_joints_rad[3],target_joints_rad[4],target_joints_rad[5],actual_joints_rad[0],actual_joints_rad[1],actual_joints_rad[2],actual_joints_rad[3],actual_joints_rad[4],actual_joints_rad[5],true_joints_rad[0],true_joints_rad[1],true_joints_rad[2],true_joints_rad[3],true_joints_rad[4],true_joints_rad[5],actual_joint_velocity_rad_s[0],actual_joint_velocity_rad_s[1],actual_joint_velocity_rad_s[2],actual_joint_velocity_rad_s[3],actual_joint_velocity_rad_s[4],actual_joint_velocity_rad_s[5],actual_joint_acceleration_rad_s2[0],actual_joint_acceleration_rad_s2[1],actual_joint_acceleration_rad_s2[2],actual_joint_acceleration_rad_s2[3],actual_joint_acceleration_rad_s2[4],actual_joint_acceleration_rad_s2[5],grasp,openrst_pitch_rad,openrst_yaw_rad,openrst_grasp,openrst_command_accepted,openrst_command_clipped,deadman,clutch,validity_flags,ik_attempted,ik_success,ik_time_s,ik_evaluations,ik_position_error_m,ik_orientation_error_rad,ik_message,command_accepted,feedback_available,feedback_age_s,safety_feedback_age_s,safety_feedback_fresh,joint_tracking_error_rad,safety_joint_tracking_error_rad,safety_stalled_joint_mask[0],safety_stalled_joint_mask[1],safety_stalled_joint_mask[2],safety_stalled_joint_mask[3],safety_stalled_joint_mask[4],safety_stalled_joint_mask[5],joint_target_scale,unreachable_target_injected,fatal_fault_injected,clear_fault_injected,position_error_m,orientation_error_rad,mapped_position_error_m,mapped_orientation_error_rad
0.01,1786138860.134138,1.069999416358769e-05,0.0023166000028140843,0.01,READY,0,waiting for deadman,0.0,0.01,1,0.0,0.0,0.0,0.0,0.0,0.0,1.0,0.0,0.0,0.0,0.0,0.0,0.0,1.0,-0.016000000000000007,-0.22496149868535165,0.2802328425555495,-0.1305261922200515,0.0,0.0,0.9914448613738105,-0.016000000000000007,-0.22496149868535165,0.2802328425555495,-0.1305261922200515,0.0,0.0,0.9914448613738105,-0.016000000000000007,-0.22496149868535165,0.2802328425555495,-0.1305261922200515,0.0,0.0,0.9914448613738105,-0.016000000000000007,-0.22496149868535165,0.2802328425555495,-0.1305261922200515,0.0,0.0,0.9914448613738105,-0.016000000000000007,-0.22496149868535165,0.2802328425555495,-0.1305261922200515,0.0,0.0,0.9914448613738105,0.0,-0.5235987755982988,0.7853981633974483,0.0,0.5235987755982988,0.0,0.0,-0.5235987755982988,0.7853981633974483,0.0,0.5235987755982988,0.0,0.0,-0.5235987755982988,0.7853981633974483,0.0,0.5235987755982988,0.0,0.0,0.0,0.0,0.0,0.0,0.0,0.0,0.0,0.0,0.0,0.0,0.0,0.5,0.0,0.0,0.0,False,False,False,False,1,False,,0.0,0,,,,True,True,0.0,0.01,True,0.0,0.0,False,False,False,False,False,False,1.0,False,False,False,0.0,0.0,0.0,0.0
0.02,1786138860.1366992,0.0027335000049788505,0.002144800004316494,0.01,READY,0,waiting for deadman,0.0,0.02,2,0.0,0.0,0.0,0.0,0.0,0.0,1.0,0.0,0.0,0.0,0.0,0.0,0.0,1.0,-0.016000000000000007,-0.22496149868535165,0.2802328425555495,-0.1305261922200515,0.0,0.0,0.9914448613738105,-0.016000000000000007,-0.22496149868535165,0.2802328425555495,-0.1305261922200515,0.0,0.0,0.9914448613738105,-0.016000000000000007,-0.22496149868535165,0.2802328425555495,-0.1305261922200515,0.0,0.0,0.9914448613738105,-0.016000000000000007,-0.22496149868535165,0.2802328425555495,-0.1305261922200515,0.0,0.0,0.9914448613738105,-0.016000000000000007,-0.22496149868535165,0.2802328425555495,-0.1305261922200515,0.0,0.0,0.9914448613738105,0.0,-0.5235987755982988,0.7853981633974483,0.0,0.5235987755982988,0.0,0.0,-0.5235987755982988,0.7853981633974483,0.0,0.5235987755982988,0.0,0.0,-0.5235987755982988,0.7853981633974483,0.0,0.5235987755982988,0.0,0.0,0.0,0.0,0.0,0.0,0.0,0.0,0.0,0.0,0.0,0.0,0.0,0.5,0.0,0.0,0.0,False,False,False,False,1,False,,0.0,0,,,,True,True,0.0,0.01,True,0.0,0.0,False,False,False,False,False,False,1.0,False,False,False,0.0,0.0,0.0,0.0
0.03,1786138860.139598,0.0023455000191461295,0.0026981999981217086,0.01,READY,0,waiting for deadman,0.0,0.03,3,0.0,0.0,0.0,0.0,0.0,0.0,1.0,0.0,0.0,0.0,0.0,0.0,0.0,1.0,-0.016000000000000007,-0.22496149868535165,0.2802328425555495,-0.1305261922200515,0.0,0.0,0.9914448613738105,-0.016000000000000007,-0.22496149868535165,0.2802328425555495,-0.1305261922200515,0.0,0.0,0.9914448613738105,-0.016000000000000007,-0.22496149868535165,0.2802328425555495,-0.1305261922200515,0.0,0.0,0.9914448613738105,-0.016000000000000007,-0.22496149868535165,0.2802328425555495,-0.1305261922200515,0.0,0.0,0.9914448613738105,-0.016000000000000007,-0.22496149868535165,0.2802328425555495,-0.1305261922200515,0.0,0.0,0.9914448613738105,0.0,-0.5235987755982988,0.7853981633974483,0.0,0.5235987755982988,0.0,0.0,-0.5235987755982988,0.7853981633974483,0.0,0.5235987755982988,0.0,0.0,-0.5235987755982988,0.7853981633974483,0.0,0.5235987755982988,0.0,0.0,0.0,0.0,0.0,0.0,0.0,0.0,0.0,0.0,0.0,0.0,0.0,0.5,0.0,0.0,0.0,False,False,False,False,1,False,,0.0,0,,,,True,True,0.0,0.009999999999999998,True,0.0,0.0,False,False,False,False,False,False,1.0,False,False,False,0.0,0.0,0.0,0.0
0.04,1786138860.1418285,0.0028839999868068844,0.0020451000018510967,0.01,READY,0,waiting for deadman,0.0,0.04,4,0.0,0.0,0.0,0.0,0.0,0.0,1.0,0.0,0.0,0.0,0.0,0.0,0.0,1.0,-0.016000000000000007,-0.22496149868535165,0.2802328425555495,-0.1305261922200515,0.0,0.0,0.9914448613738105,-0.016000000000000007,-0.22496149868535165,0.2802328425555495,-0.1305261922200515,0.0,0.0,0.9914448613738105,-0.016000000000000007,-0.22496149868535165,0.2802328425555495,-0.1305261922200515,0.0,0.0,0.9914448613738105,-0.016000000000000007,-0.22496149868535165,0.2802328425555495,-0.1305261922200515,0.0,0.0,0.9914448613738105,-0.016000000000000007,-0.22496149868535165,0.2802328425555495,-0.1305261922200515,0.0,0.0,0.9914448613738105,0.0,-0.5235987755982988,0.7853981633974483,0.0,0.5235987755982988,0.0,0.0,-0.5235987755982988,0.7853981633974483,0.0,0.5235987755982988,0.0,0.0,-0.5235987755982988,0.7853981633974483,0.0,0.5235987755982988,0.0,0.0,0.0,0.0,0.0,0.0,0.0,0.0,0.0,0.0,0.0,0.0,0.0,0.5,0.0,0.0,0.0,False,False,False,False,1,False,,0.0,0,,,,True,True,0.0,0.010000000000000002,True,0.0,0.0,False,False,False,False,False,False,1.0,False,False,False,0.0,0.0,0.0,0.0
0.05,1786138860.144329,0.0022262000129558146,0.002319200022611767,0.01,READY,0,waiting for deadman,0.0,0.05,5,0.0,0.0,0.0,0.0,0.0,0.0,1.0,0.0,0.0,0.0,0.0,0.0,0.0,1.0,-0.016000000000000007,-0.22496149868535165,0.2802328425555495,-0.1305261922200515,0.0,0.0,0.9914448613738105,-0.016000000000000007,-0.22496149868535165,0.2802328425555495,-0.1305261922200515,0.0,0.0,0.9914448613738105,-0.016000000000000007,-0.22496149868535165,0.2802328425555495,-0.1305261922200515,0.0,0.0,0.9914448613738105,-0.016000000000000007,-0.22496149868535165,0.2802328425555495,-0.1305261922200515,0.0,0.0,0.9914448613738105,-0.016000000000000007,-0.22496149868535165,0.2802328425555495,-0.1305261922200515,0.0,0.0,0.9914448613738105,0.0,-0.5235987755982988,0.7853981633974483,0.0,0.5235987755982988,0.0,0.0,-0.5235987755982988,0.7853981633974483,0.0,0.5235987755982988,0.0,0.0,-0.5235987755982988,0.7853981633974483,0.0,0.5235987755982988,0.0,0.0,0.0,0.0,0.0,0.0,0.0,0.0,0.0,0.0,0.0,0.0,0.0,0.5,0.0,0.0,0.0,False,False,False,False,1,False,,0.0,0,,,,True,True,0.0,0.010000000000000002,True,0.0,0.0,False,False,False,False,False,False,1.0,False,False,False,0.0,0.0,0.0,0.0
0.060000000000000005,1786138860.1467643,0.002616799989482388,0.002137599978595972,0.01,READY,0,waiting for deadman,0.0,0.060000000000000005,6,0.0,0.0,0.0,0.0,0.0,0.0,1.0,0.0,0.0,0.0,0.0,0.0,0.0,1.0,-0.016000000000000007,-0.22496149868535165,0.2802328425555495,-0.1305261922200515,0.0,0.0,0.9914448613738105,-0.016000000000000007,-0.22496149868535165,0.2802328425555495,-0.1305261922200515,0.0,0.0,0.9914448613738105,-0.016000000000000007,-0.22496149868535165,0.2802328425555495,-0.1305261922200515,0.0,0.0,0.9914448613738105,-0.016000000000000007,-0.22496149868535165,0.2802328425555495,-0.1305261922200515,0.0,0.0,0.9914448613738105,-0.016000000000000007,-0.22496149868535165,0.2802328425555495,-0.1305261922200515,0.0,0.0,0.9914448613738105,0.0,-0.5235987755982988,0.7853981633974483,0.0,0.5235987755982988,0.0,0.0,-0.5235987755982988,0.7853981633974483,0.0,0.5235987755982988,0.0,0.0,-0.5235987755982988,0.7853981633974483,0.0,0.5235987755982988,0.0,0.0,0.0,0.0,0.0,0.0,0.0,0.0,0.0,0.0,0.0,0.0,0.0,0.5,0.0,0.0,0.0,False,False,False,False,1,False,,0.0,0,,,,True,True,0.0,0.010000000000000002,True,0.0,0.0,False,False,False,False,False,False,1.0,False,False,False,0.0,0.0,0.0,0.0
0.07,1786138860.1492858,0.0023213000094983727,0.00233800002024509,0.01,READY,0,waiting for deadman,0.0,0.07,7,0.0,0.0,0.0,0.0,0.0,0.0,1.0,0.0,0.0,0.0,0.0,0.0,0.0,1.0,-0.016000000000000007,-0.22496149868535165,0.2802328425555495,-0.1305261922200515,0.0,0.0,0.9914448613738105,-0.016000000000000007,-0.22496149868535165,0.2802328425555495,-0.1305261922200515,0.0,0.0,0.9914448613738105,-0.016000000000000007,-0.22496149868535165,0.2802328425555495,-0.1305261922200515,0.0,0.0,0.9914448613738105,-0.016000000000000007,-0.22496149868535165,0.2802328425555495,-0.1305261922200515,0.0,0.0,0.9914448613738105,-0.016000000000000007,-0.22496149868535165,0.2802328425555495,-0.1305261922200515,0.0,0.0,0.9914448613738105,0.0,-0.5235987755982988,0.7853981633974483,0.0,0.5235987755982988,0.0,0.0,-0.5235987755982988,0.7853981633974483,0.0,0.5235987755982988,0.0,0.0,-0.5235987755982988,0.7853981633974483,0.0,0.5235987755982988,0.0,0.0,0.0,0.0,0.0,0.0,0.0,0.0,0.0,0.0,0.0,0.0,0.0,0.5,0.0,0.0,0.0,False,False,False,False,1,False,,0.0,0,,,,True,True,0.0,0.010000000000000002,True,0.0,0.0,False,False,False,False,False,False,1.0,False,False,False,0.0,0.0,0.0,0.0
0.08,1786138860.1514826,0.0025178999931085855,0.0020167999900877476,0.01,READY,0,waiting for deadman,0.0,0.08,8,0.0,0.0,0.0,0.0,0.0,0.0,1.0,0.0,0.0,0.0,0.0,0.0,0.0,1.0,-0.016000000000000007,-0.22496149868535165,0.2802328425555495,-0.1305261922200515,0.0,0.0,0.9914448613738105,-0.016000000000000007,-0.22496149868535165,0.2802328425555495,-0.1305261922200515,0.0,0.0,0.9914448613738105,-0.016000000000000007,-0.22496149868535165,0.2802328425555495,-0.1305261922200515,0.0,0.0,0.9914448613738105,-0.016000000000000007,-0.22496149868535165,0.2802328425555495,-0.1305261922200515,0.0,0.0,0.9914448613738105,-0.016000000000000007,-0.22496149868535165,0.2802328425555495,-0.1305261922200515,0.0,0.0,0.9914448613738105,0.0,-0.5235987755982988,0.7853981633974483,0.0,0.5235987755982988,0.0,0.0,-0.5235987755982988,0.7853981633974483,0.0,0.5235987755982988,0.0,0.0,-0.5235987755982988,0.7853981633974483,0.0,0.5235987755982988,0.0,0.0,0.0,0.0,0.0,0.0,0.0,0.0,0.0,0.0,0.0,0.0,0.0,0.5,0.0,0.0,0.0,False,False,False,False,1,False,,0.0,0,,,,True,True,0.0,0.009999999999999995,True,0.0,0.0,False,False,False,False,False,False,1.0,False,False,False,0.0,0.0,0.0,0.0
0.09,1786138860.1543279,0.002201800001785159,0.002660099999047816,0.01,READY,0,waiting for deadman,0.0,0.09,9,0.0,0.0,0.0,0.0,0.0,0.0,1.0,0.0,0.0,0.0,0.0,0.0,0.0,1.0,-0.016000000000000007,-0.22496149868535165,0.2802328425555495,-0.1305261922200515,0.0,0.0,0.9914448613738105,-0.016000000000000007,-0.22496149868535165,0.2802328425555495,-0.1305261922200515,0.0,0.0,0.9914448613738105,-0.016000000000000007,-0.22496149868535165,0.2802328425555495,-0.1305261922200515,0.0,0.0,0.9914448613738105,-0.016000000000000007,-0.22496149868535165,0.2802328425555495,-0.1305261922200515,0.0,0.0,0.9914448613738105,-0.016000000000000007,-0.22496149868535165,0.2802328425555495,-0.1305261922200515,0.0,0.0,0.9914448613738105,0.0,-0.5235987755982988,0.7853981633974483,0.0,0.5235987755982988,0.0,0.0,-0.5235987755982988,0.7853981633974483,0.0,0.5235987755982988,0.0,0.0,-0.5235987755982988,0.7853981633974483,0.0,0.5235987755982988,0.0,0.0,0.0,0.0,0.0,0.0,0.0,0.0,0.0,0.0,0.0,0.0,0.0,0.5,0.0,0.0,0.0,False,False,False,False,1,False,,0.0,0,,,,True,True,0.0,0.009999999999999995,True,0.0,0.0,False,False,False,False,False,False,1.0,False,False,False,0.0,0.0,0.0,0.0
0.09999999999999999,1786138860.1566541,0.0028648999868892133,0.0021212999999988824,0.01,READY,0,waiting for deadman,0.0,0.09999999999999999,10,0.0,0.0,0.0,0.0,0.0,0.0,1.0,0.0,0.0,0.0,0.0,0.0,0.0,1.0,-0.016000000000000007,-0.22496149868535165,0.2802328425555495,-0.1305261922200515,0.0,0.0,0.9914448613738105,-0.016000000000000007,-0.22496149868535165,0.2802328425555495,-0.1305261922200515,0.0,0.0,0.9914448613738105,-0.016000000000000007,-0.22496149868535165,0.2802328425555495,-0.1305261922200515,0.0,0.0,0.9914448613738105,-0.016000000000000007,-0.22496149868535165,0.2802328425555495,-0.1305261922200515,0.0,0.0,0.9914448613738105,-0.016000000000000007,-0.22496149868535165,0.2802328425555495,-0.1305261922200515,0.0,0.0,0.9914448613738105,0.0,-0.5235987755982988,0.7853981633974483,0.0,0.5235987755982988,0.0,0.0,-0.5235987755982988,0.7853981633974483,0.0,0.5235987755982988,0.0,0.0,-0.5235987755982988,0.7853981633974483,0.0,0.5235987755982988,0.0,0.0,0.0,0.0,0.0,0.0,0.0,0.0,0.0,0.0,0.0,0.0,0.0,0.5,0.0,0.0,0.0,False,False,False,False,1,False,,0.0,0,,,,True,True,0.0,0.009999999999999995,True,0.0,0.0,False,False,False,False,False,False,1.0,False,False,False,0.0,0.0,0.0,0.0
0.10999999999999999,1786138860.158853,0.002306600013980642,0.0020143000001553446,0.01,READY,0,waiting for deadman,0.0,0.10999999999999999,11,0.0,0.0,0.0,0.0,0.0,0.0,1.0,0.0,0.0,0.0,0.0,0.0,0.0,1.0,-0.016000000000000007,-0.22496149868535165,0.2802328425555495,-0.1305261922200515,0.0,0.0,0.9914448613738105,-0.016000000000000007,-0.22496149868535165,0.2802328425555495,-0.1305261922200515,0.0,0.0,0.9914448613738105,-0.016000000000000007,-0.22496149868535165,0.2802328425555495,-0.1305261922200515,0.0,0.0,0.9914448613738105,-0.016000000000000007,-0.22496149868535165,0.2802328425555495,-0.1305261922200515,0.0,0.0,0.9914448613738105,-0.016000000000000007,-0.22496149868535165,0.2802328425555495,-0.1305261922200515,0.0,0.0,0.9914448613738105,0.0,-0.5235987755982988,0.7853981633974483,0.0,0.5235987755982988,0.0,0.0,-0.5235987755982988,0.7853981633974483,0.0,0.5235987755982988,0.0,0.0,-0.5235987755982988,0.7853981633974483,0.0,0.5235987755982988,0.0,0.0,0.0,0.0,0.0,0.0,0.0,0.0,0.0,0.0,0.0,0.0,0.0,0.5,0.0,0.0,0.0,False,False,False,False,1,False,,0.0,0,,,,True,True,0.0,0.009999999999999995,True,0.0,0.0,False,False,False,False,False,False,1.0,False,False,False,0.0,0.0,0.0,0.0
0.11999999999999998,1786138860.1613479,0.0021912999800406396,0.002317400008905679,0.01,READY,0,waiting for deadman,0.0,0.11999999999999998,12,0.0,0.0,0.0,0.0,0.0,0.0,1.0,0.0,0.0,0.0,0.0,0.0,0.0,1.0,-0.016000000000000007,-0.22496149868535165,0.2802328425555495,-0.1305261922200515,0.0,0.0,0.9914448613738105,-0.016000000000000007,-0.22496149868535165,0.2802328425555495,-0.1305261922200515,0.0,0.0,0.9914448613738105,-0.016000000000000007,-0.22496149868535165,0.2802328425555495,-0.1305261922200515,0.0,0.0,0.9914448613738105,-0.016000000000000007,-0.22496149868535165,0.2802328425555495,-0.1305261922200515,0.0,0.0,0.9914448613738105,-0.016000000000000007,-0.22496149868535165,0.2802328425555495,-0.1305261922200515,0.0,0.0,0.9914448613738105,0.0,-0.5235987755982988,0.7853981633974483,0.0,0.5235987755982988,0.0,0.0,-0.5235987755982988,0.7853981633974483,0.0,0.5235987755982988,0.0,0.0,-0.5235987755982988,0.7853981633974483,0.0,0.5235987755982988,0.0,0.0,0.0,0.0,0.0,0.0,0.0,0.0,0.0,0.0,0.0,0.0,0.0,0.5,0.0,0.0,0.0,False,False,False,False,1,False,,0.0,0,,,,True,True,0.0,0.009999999999999995,True,0.0,0.0,False,False,False,False,False,False,1.0,False,False,False,0.0,0.0,0.0,0.0
0.12999999999999998,1786138860.1635606,0.0024966000055428594,0.0020337000023573637,0.01,READY,0,waiting for deadman,0.0,0.12999999999999998,13,0.0,0.0,0.0,0.0,0.0,0.0,1.0,0.0,0.0,0.0,0.0,0.0,0.0,1.0,-0.016000000000000007,-0.22496149868535165,0.2802328425555495,-0.1305261922200515,0.0,0.0,0.9914448613738105,-0.016000000000000007,-0.22496149868535165,0.2802328425555495,-0.1305261922200515,0.0,0.0,0.9914448613738105,-0.016000000000000007,-0.22496149868535165,0.2802328425555495,-0.1305261922200515,0.0,0.0,0.9914448613738105,-0.016000000000000007,-0.22496149868535165,0.2802328425555495,-0.1305261922200515,0.0,0.0,0.9914448613738105,-0.016000000000000007,-0.22496149868535165,0.2802328425555495,-0.1305261922200515,0.0,0.0,0.9914448613738105,0.0,-0.5235987755982988,0.7853981633974483,0.0,0.5235987755982988,0.0,0.0,-0.5235987755982988,0.7853981633974483,0.0,0.5235987755982988,0.0,0.0,-0.5235987755982988,0.7853981633974483,0.0,0.5235987755982988,0.0,0.0,0.0,0.0,0.0,0.0,0.0,0.0,0.0,0.0,0.0,0.0,0.0,0.5,0.0,0.0,0.0,False,False,False,False,1,False,,0.0,0,,,,True,True,0.0,0.009999999999999995,True,0.0,0.0,False,False,False,False,False,False,1.0,False,False,False,0.0,0.0,0.0,0.0
0.13999999999999999,1786138860.1661713,0.002302300010342151,0.0023422999947797507,0.01,READY,0,waiting for deadman,0.0,0.13999999999999999,14,0.0,0.0,0.0,0.0,0.0,0.0,1.0,0.0,0.0,0.0,0.0,0.0,0.0,1.0,-0.016000000000000007,-0.22496149868535165,0.2802328425555495,-0.1305261922200515,0.0,0.0,0.9914448613738105,-0.016000000000000007,-0.22496149868535165,0.2802328425555495,-0.1305261922200515,0.0,0.0,0.9914448613738105,-0.016000000000000007,-0.22496149868535165,0.2802328425555495,-0.1305261922200515,0.0,0.0,0.9914448613738105,-0.016000000000000007,-0.22496149868535165,0.2802328425555495,-0.1305261922200515,0.0,0.0,0.9914448613738105,-0.016000000000000007,-0.22496149868535165,0.2802328425555495,-0.1305261922200515,0.0,0.0,0.9914448613738105,0.0,-0.5235987755982988,0.7853981633974483,0.0,0.5235987755982988,0.0,0.0,-0.5235987755982988,0.7853981633974483,0.0,0.5235987755982988,0.0,0.0,-0.5235987755982988,0.7853981633974483,0.0,0.5235987755982988,0.0,0.0,0.0,0.0,0.0,0.0,0.0,0.0,0.0,0.0,0.0,0.0,0.0,0.5,0.0,0.0,0.0,False,False,False,False,1,False,,0.0,0,,,,True,True,0.0,0.010000000000000009,True,0.0,0.0,False,False,False,False,False,False,1.0,False,False,False,0.0,0.0,0.0,0.0
0.15,1786138860.1683712,0.002521999995224178,0.0020212999952491373,0.01,READY,0,waiting for deadman,0.0,0.15,15,0.0,0.0,0.0,0.0,0.0,0.0,1.0,0.0,0.0,0.0,0.0,0.0,0.0,1.0,-0.016000000000000007,-0.22496149868535165,0.2802328425555495,-0.1305261922200515,0.0,0.0,0.9914448613738105,-0.016000000000000007,-0.22496149868535165,0.2802328425555495,-0.1305261922200515,0.0,0.0,0.9914448613738105,-0.016000000000000007,-0.22496149868535165,0.2802328425555495,-0.1305261922200515,0.0,0.0,0.9914448613738105,-0.016000000000000007,-0.22496149868535165,0.2802328425555495,-0.1305261922200515,0.0,0.0,0.9914448613738105,-0.016000000000000007,-0.22496149868535165,0.2802328425555495,-0.1305261922200515,0.0,0.0,0.9914448613738105,0.0,-0.5235987755982988,0.7853981633974483,0.0,0.5235987755982988,0.0,0.0,-0.5235987755982988,0.7853981633974483,0.0,0.5235987755982988,0.0,0.0,-0.5235987755982988,0.7853981633974483,0.0,0.5235987755982988,0.0,0.0,0.0,0.0,0.0,0.0,0.0,0.0,0.0,0.0,0.0,0.0,0.0,0.5,0.0,0.0,0.0,False,False,False,False,1,False,,0.0,0,,,,True,True,0.0,0.010000000000000009,True,0.0,0.0,False,False,False,False,False,False,1.0,False,False,False,0.0,0.0,0.0,0.0
0.16,1786138860.1714468,0.0022047999955248088,0.0028910000110045075,0.01,READY,0,waiting for deadman,0.0,0.16,16,0.0,0.0,0.0,0.0,0.0,0.0,1.0,0.0,0.0,0.0,0.0,0.0,0.0,1.0,-0.016000000000000007,-0.22496149868535165,0.2802328425555495,-0.1305261922200515,0.0,0.0,0.9914448613738105,-0.016000000000000007,-0.22496149868535165,0.2802328425555495,-0.1305261922200515,0.0,0.0,0.9914448613738105,-0.016000000000000007,-0.22496149868535165,0.2802328425555495,-0.1305261922200515,0.0,0.0,0.9914448613738105,-0.016000000000000007,-0.22496149868535165,0.2802328425555495,-0.1305261922200515,0.0,0.0,0.9914448613738105,-0.016000000000000007,-0.22496149868535165,0.2802328425555495,-0.1305261922200515,0.0,0.0,0.9914448613738105,0.0,-0.5235987755982988,0.7853981633974483,0.0,0.5235987755982988,0.0,0.0,-0.5235987755982988,0.7853981633974483,0.0,0.5235987755982988,0.0,0.0,-0.5235987755982988,0.7853981633974483,0.0,0.5235987755982988,0.0,0.0,0.0,0.0,0.0,0.0,0.0,0.0,0.0,0.0,0.0,0.0,0.0,0.5,0.0,0.0,0.0,False,False,False,False,1,False,,0.0,0,,,,True,True,0.0,0.010000000000000009,True,0.0,0.0,False,False,False,False,False,False,1.0,False,False,False,0.0,0.0,0.0,0.0
0.17,1786138860.1736796,0.0030716999899595976,0.002051800023764372,0.01,READY,0,waiting for deadman,0.0,0.17,17,0.0,0.0,0.0,0.0,0.0,0.0,1.0,0.0,0.0,0.0,0.0,0.0,0.0,1.0,-0.016000000000000007,-0.22496149868535165,0.2802328425555495,-0.1305261922200515,0.0,0.0,0.9914448613738105,-0.016000000000000007,-0.22496149868535165,0.2802328425555495,-0.1305261922200515,0.0,0.0,0.9914448613738105,-0.016000000000000007,-0.22496149868535165,0.2802328425555495,-0.1305261922200515,0.0,0.0,0.9914448613738105,-0.016000000000000007,-0.22496149868535165,0.2802328425555495,-0.1305261922200515,0.0,0.0,0.9914448613738105,-0.016000000000000007,-0.22496149868535165,0.2802328425555495,-0.1305261922200515,0.0,0.0,0.9914448613738105,0.0,-0.5235987755982988,0.7853981633974483,0.0,0.5235987755982988,0.0,0.0,-0.5235987755982988,0.7853981633974483,0.0,0.5235987755982988,0.0,0.0,-0.5235987755982988,0.7853981633974483,0.0,0.5235987755982988,0.0,0.0,0.0,0.0,0.0,0.0,0.0,0.0,0.0,0.0,0.0,0.0,0.0,0.5,0.0,0.0,0.0,False,False,False,False,1,False,,0.0,0,,,,True,True,0.0,0.010000000000000009,True,0.0,0.0,False,False,False,False,False,False,1.0,False,False,False,0.0,0.0,0.0,0.0
0.18000000000000002,1786138860.1761692,0.0022299000120256096,0.0023114999930839986,0.01,READY,0,waiting for deadman,0.0,0.18000000000000002,18,0.0,0.0,0.0,0.0,0.0,0.0,1.0,0.0,0.0,0.0,0.0,0.0,0.0,1.0,-0.016000000000000007,-0.22496149868535165,0.2802328425555495,-0.1305261922200515,0.0,0.0,0.9914448613738105,-0.016000000000000007,-0.22496149868535165,0.2802328425555495,-0.1305261922200515,0.0,0.0,0.9914448613738105,-0.016000000000000007,-0.22496149868535165,0.2802328425555495,-0.1305261922200515,0.0,0.0,0.9914448613738105,-0.016000000000000007,-0.22496149868535165,0.2802328425555495,-0.1305261922200515,0.0,0.0,0.9914448613738105,-0.016000000000000007,-0.22496149868535165,0.2802328425555495,-0.1305261922200515,0.0,0.0,0.9914448613738105,0.0,-0.5235987755982988,0.7853981633974483,0.0,0.5235987755982988,0.0,0.0,-0.5235987755982988,0.7853981633974483,0.0,0.5235987755982988,0.0,0.0,-0.5235987755982988,0.7853981633974483,0.0,0.5235987755982988,0.0,0.0,0.0,0.0,0.0,0.0,0.0,0.0,0.0,0.0,0.0,0.0,0.0,0.5,0.0,0.0,0.0,False,False,False,False,1,False,,0.0,0,,,,True,True,0.0,0.010000000000000009,True,0.0,0.0,False,False,False,False,False,False,1.0,False,False,False,0.0,0.0,0.0,0.0
0.19000000000000003,1786138860.178365,0.0024914999958127737,0.002015900012338534,0.01,READY,0,waiting for deadman,0.0,0.19000000000000003,19,0.0,0.0,0.0,0.0,0.0,0.0,1.0,0.0,0.0,0.0,0.0,0.0,0.0,1.0,-0.016000000000000007,-0.22496149868535165,0.2802328425555495,-0.1305261922200515,0.0,0.0,0.9914448613738105,-0.016000000000000007,-0.22496149868535165,0.2802328425555495,-0.1305261922200515,0.0,0.0,0.9914448613738105,-0.016000000000000007,-0.22496149868535165,0.2802328425555495,-0.1305261922200515,0.0,0.0,0.9914448613738105,-0.016000000000000007,-0.22496149868535165,0.2802328425555495,-0.1305261922200515,0.0,0.0,0.9914448613738105,-0.016000000000000007,-0.22496149868535165,0.2802328425555495,-0.1305261922200515,0.0,0.0,0.9914448613738105,0.0,-0.5235987755982988,0.7853981633974483,0.0,0.5235987755982988,0.0,0.0,-0.5235987755982988,0.7853981633974483,0.0,0.5235987755982988,0.0,0.0,-0.5235987755982988,0.7853981633974483,0.0,0.5235987755982988,0.0,0.0,0.0,0.0,0.0,0.0,0.0,0.0,0.0,0.0,0.0,0.0,0.0,0.5,0.0,0.0,0.0,False,False,False,False,1,False,,0.0,0,,,,True,True,0.0,0.010000000000000009,True,0.0,0.0,False,False,False,False,False,False,1.0,False,False,False,0.0,0.0,0.0,0.0
0.20000000000000004,1786138860.1809478,0.0022028000093996525,0.002394999988609925,0.01,READY,0,waiting for deadman,0.0,0.20000000000000004,20,0.0,0.0,0.0,0.0,0.0,0.0,1.0,0.0,0.0,0.0,0.0,0.0,0.0,1.0,-0.016000000000000007,-0.22496149868535165,0.2802328425555495,-0.1305261922200515,0.0,0.0,0.9914448613738105,-0.016000000000000007,-0.22496149868535165,0.2802328425555495,-0.1305261922200515,0.0,0.0,0.9914448613738105,-0.016000000000000007,-0.22496149868535165,0.2802328425555495,-0.1305261922200515,0.0,0.0,0.9914448613738105,-0.016000000000000007,-0.22496149868535165,0.2802328425555495,-0.1305261922200515,0.0,0.0,0.9914448613738105,-0.016000000000000007,-0.22496149868535165,0.2802328425555495,-0.1305261922200515,0.0,0.0,0.9914448613738105,0.0,-0.5235987755982988,0.7853981633974483,0.0,0.5235987755982988,0.0,0.0,-0.5235987755982988,0.7853981633974483,0.0,0.5235987755982988,0.0,0.0,-0.5235987755982988,0.7853981633974483,0.0,0.5235987755982988,0.0,0.0,0.0,0.0,0.0,0.0,0.0,0.0,0.0,0.0,0.0,0.0,0.0,0.5,0.0,0.0,0.0,False,False,False,False,1,False,,0.0,0,,,,True,True,0.0,0.010000000000000009,True,0.0,0.0,False,False,False,False,False,False,1.0,False,False,False,0.0,0.0,0.0,0.0
0.21000000000000005,1786138860.1832106,0.0025836999993771315,0.0020748999959323555,0.01,READY,0,waiting for deadman,0.0,0.21000000000000005,21,0.0,0.0,0.0,0.0,0.0,0.0,1.0,0.0,0.0,0.0,0.0,0.0,0.0,1.0,-0.016000000000000007,-0.22496149868535165,0.2802328425555495,-0.1305261922200515,0.0,0.0,0.9914448613738105,-0.016000000000000007,-0.22496149868535165,0.2802328425555495,-0.1305261922200515,0.0,0.0,0.9914448613738105,-0.016000000000000007,-0.22496149868535165,0.2802328425555495,-0.1305261922200515,0.0,0.0,0.9914448613738105,-0.016000000000000007,-0.22496149868535165,0.2802328425555495,-0.1305261922200515,0.0,0.0,0.9914448613738105,-0.016000000000000007,-0.22496149868535165,0.2802328425555495,-0.1305261922200515,0.0,0.0,0.9914448613738105,0.0,-0.5235987755982988,0.7853981633974483,0.0,0.5235987755982988,0.0,0.0,-0.5235987755982988,0.7853981633974483,0.0,0.5235987755982988,0.0,0.0,-0.5235987755982988,0.7853981633974483,0.0,0.5235987755982988,0.0,0.0,0.0,0.0,0.0,0.0,0.0,0.0,0.0,0.0,0.0,0.0,0.0,0.5,0.0,0.0,0.0,False,False,False,False,1,False,,0.0,0,,,,True,True,0.0,0.010000000000000009,True,0.0,0.0,False,False,False,False,False,False,1.0,False,False,False,0.0,0.0,0.0,0.0
0.22000000000000006,1786138860.1854806,0.002300299995113164,0.00204459999804385,0.01,READY,0,waiting for deadman,0.0,0.22000000000000006,22,0.0,0.0,0.0,0.0,0.0,0.0,1.0,0.0,0.0,0.0,0.0,0.0,0.0,1.0,-0.016000000000000007,-0.22496149868535165,0.2802328425555495,-0.1305261922200515,0.0,0.0,0.9914448613738105,-0.016000000000000007,-0.22496149868535165,0.2802328425555495,-0.1305261922200515,0.0,0.0,0.9914448613738105,-0.016000000000000007,-0.22496149868535165,0.2802328425555495,-0.1305261922200515,0.0,0.0,0.9914448613738105,-0.016000000000000007,-0.22496149868535165,0.2802328425555495,-0.1305261922200515,0.0,0.0,0.9914448613738105,-0.016000000000000007,-0.22496149868535165,0.2802328425555495,-0.1305261922200515,0.0,0.0,0.9914448613738105,0.0,-0.5235987755982988,0.7853981633974483,0.0,0.5235987755982988,0.0,0.0,-0.5235987755982988,0.7853981633974483,0.0,0.5235987755982988,0.0,0.0,-0.5235987755982988,0.7853981633974483,0.0,0.5235987755982988,0.0,0.0,0.0,0.0,0.0,0.0,0.0,0.0,0.0,0.0,0.0,0.0,0.0,0.5,0.0,0.0,0.0,False,False,False,False,1,False,,0.0,0,,,,True,True,0.0,0.010000000000000009,True,0.0,0.0,False,False,False,False,False,False,1.0,False,False,False,0.0,0.0,0.0,0.0
0.23000000000000007,1786138860.1887949,0.002361999999266118,0.002996399998664856,0.01,READY,0,waiting for deadman,0.0,0.23000000000000007,23,0.0,0.0,0.0,0.0,0.0,0.0,1.0,0.0,0.0,0.0,0.0,0.0,0.0,1.0,-0.016000000000000007,-0.22496149868535165,0.2802328425555495,-0.1305261922200515,0.0,0.0,0.9914448613738105,-0.016000000000000007,-0.22496149868535165,0.2802328425555495,-0.1305261922200515,0.0,0.0,0.9914448613738105,-0.016000000000000007,-0.22496149868535165,0.2802328425555495,-0.1305261922200515,0.0,0.0,0.9914448613738105,-0.016000000000000007,-0.22496149868535165,0.2802328425555495,-0.1305261922200515,0.0,0.0,0.9914448613738105,-0.016000000000000007,-0.22496149868535165,0.2802328425555495,-0.1305261922200515,0.0,0.0,0.9914448613738105,0.0,-0.5235987755982988,0.7853981633974483,0.0,0.5235987755982988,0.0,0.0,-0.5235987755982988,0.7853981633974483,0.0,0.5235987755982988,0.0,0.0,-0.5235987755982988,0.7853981633974483,0.0,0.5235987755982988,0.0,0.0,0.0,0.0,0.0,0.0,0.0,0.0,0.0,0.0,0.0,0.0,0.0,0.5,0.0,0.0,0.0,False,False,False,False,1,False,,0.0,0,,,,True,True,0.0,0.010000000000000009,True,0.0,0.0,False,False,False,False,False,False,1.0,False,False,False,0.0,0.0,0.0,0.0
0.24000000000000007,1786138860.190985,0.0031756999960634857,0.0020115000079385936,0.01,READY,0,waiting for deadman,0.0,0.24000000000000007,24,0.0,0.0,0.0,0.0,0.0,0.0,1.0,0.0,0.0,0.0,0.0,0.0,0.0,1.0,-0.016000000000000007,-0.22496149868535165,0.2802328425555495,-0.1305261922200515,0.0,0.0,0.9914448613738105,-0.016000000000000007,-0.22496149868535165,0.2802328425555495,-0.1305261922200515,0.0,0.0,0.9914448613738105,-0.016000000000000007,-0.22496149868535165,0.2802328425555495,-0.1305261922200515,0.0,0.0,0.9914448613738105,-0.016000000000000007,-0.22496149868535165,0.2802328425555495,-0.1305261922200515,0.0,0.0,0.9914448613738105,-0.016000000000000007,-0.22496149868535165,0.2802328425555495,-0.1305261922200515,0.0,0.0,0.9914448613738105,0.0,-0.5235987755982988,0.7853981633974483,0.0,0.5235987755982988,0.0,0.0,-0.5235987755982988,0.7853981633974483,0.0,0.5235987755982988,0.0,0.0,-0.5235987755982988,0.7853981633974483,0.0,0.5235987755982988,0.0,0.0,0.0,0.0,0.0,0.0,0.0,0.0,0.0,0.0,0.0,0.0,0.0,0.5,0.0,0.0,0.0,False,False,False,False,1,False,,0.0,0,,,,True,True,0.0,0.010000000000000009,True,0.0,0.0,False,False,False,False,False,False,1.0,False,False,False,0.0,0.0,0.0,0.0
0.25000000000000006,1786138860.1934435,0.0021878000115975738,0.002282300003571436,0.01,READY,0,waiting for deadman,0.0,0.25000000000000006,25,0.0,0.0,0.0,0.0,0.0,0.0,1.0,0.0,0.0,0.0,0.0,0.0,0.0,1.0,-0.016000000000000007,-0.22496149868535165,0.2802328425555495,-0.1305261922200515,0.0,0.0,0.9914448613738105,-0.016000000000000007,-0.22496149868535165,0.2802328425555495,-0.1305261922200515,0.0,0.0,0.9914448613738105,-0.016000000000000007,-0.22496149868535165,0.2802328425555495,-0.1305261922200515,0.0,0.0,0.9914448613738105,-0.016000000000000007,-0.22496149868535165,0.2802328425555495,-0.1305261922200515,0.0,0.0,0.9914448613738105,-0.016000000000000007,-0.22496149868535165,0.2802328425555495,-0.1305261922200515,0.0,0.0,0.9914448613738105,0.0,-0.5235987755982988,0.7853981633974483,0.0,0.5235987755982988,0.0,0.0,-0.5235987755982988,0.7853981633974483,0.0,0.5235987755982988,0.0,0.0,-0.5235987755982988,0.7853981633974483,0.0,0.5235987755982988,0.0,0.0,0.0,0.0,0.0,0.0,0.0,0.0,0.0,0.0,0.0,0.0,0.0,0.5,0.0,0.0,0.0,False,False,False,False,1,False,,0.0,0,,,,True,True,0.0,0.009999999999999981,True,0.0,0.0,False,False,False,False,False,False,1.0,False,False,False,0.0,0.0,0.0,0.0
0.26000000000000006,1786138860.1956332,0.002459699986502528,0.0020123000140301883,0.01,READY,0,waiting for deadman,0.0,0.26000000000000006,26,0.0,0.0,0.0,0.0,0.0,0.0,1.0,0.0,0.0,0.0,0.0,0.0,0.0,1.0,-0.016000000000000007,-0.22496149868535165,0.2802328425555495,-0.1305261922200515,0.0,0.0,0.9914448613738105,-0.016000000000000007,-0.22496149868535165,0.2802328425555495,-0.1305261922200515,0.0,0.0,0.9914448613738105,-0.016000000000000007,-0.22496149868535165,0.2802328425555495,-0.1305261922200515,0.0,0.0,0.9914448613738105,-0.016000000000000007,-0.22496149868535165,0.2802328425555495,-0.1305261922200515,0.0,0.0,0.9914448613738105,-0.016000000000000007,-0.22496149868535165,0.2802328425555495,-0.1305261922200515,0.0,0.0,0.9914448613738105,0.0,-0.5235987755982988,0.7853981633974483,0.0,0.5235987755982988,0.0,0.0,-0.5235987755982988,0.7853981633974483,0.0,0.5235987755982988,0.0,0.0,-0.5235987755982988,0.7853981633974483,0.0,0.5235987755982988,0.0,0.0,0.0,0.0,0.0,0.0,0.0,0.0,0.0,0.0,0.0,0.0,0.0,0.5,0.0,0.0,0.0,False,False,False,False,1,False,,0.0,0,,,,True,True,0.0,0.010000000000000009,True,0.0,0.0,False,False,False,False,False,False,1.0,False,False,False,0.0,0.0,0.0,0.0
0.2700000000000001,1786138860.198212,0.002193799999076873,0.0023972000053618103,0.01,READY,0,waiting for deadman,0.0,0.2700000000000001,27,0.0,0.0,0.0,0.0,0.0,0.0,1.0,0.0,0.0,0.0,0.0,0.0,0.0,1.0,-0.016000000000000007,-0.22496149868535165,0.2802328425555495,-0.1305261922200515,0.0,0.0,0.9914448613738105,-0.016000000000000007,-0.22496149868535165,0.2802328425555495,-0.1305261922200515,0.0,0.0,0.9914448613738105,-0.016000000000000007,-0.22496149868535165,0.2802328425555495,-0.1305261922200515,0.0,0.0,0.9914448613738105,-0.016000000000000007,-0.22496149868535165,0.2802328425555495,-0.1305261922200515,0.0,0.0,0.9914448613738105,-0.016000000000000007,-0.22496149868535165,0.2802328425555495,-0.1305261922200515,0.0,0.0,0.9914448613738105,0.0,-0.5235987755982988,0.7853981633974483,0.0,0.5235987755982988,0.0,0.0,-0.5235987755982988,0.7853981633974483,0.0,0.5235987755982988,0.0,0.0,-0.5235987755982988,0.7853981633974483,0.0,0.5235987755982988,0.0,0.0,0.0,0.0,0.0,0.0,0.0,0.0,0.0,0.0,0.0,0.0,0.0,0.5,0.0,0.0,0.0,False,False,False,False,1,False,,0.0,0,,,,True,True,0.0,0.010000000000000009,True,0.0,0.0,False,False,False,False,False,False,1.0,False,False,False,0.0,0.0,0.0,0.0
0.2800000000000001,1786138860.200404,0.002580400003353134,0.0020089000172447413,0.01,READY,0,waiting for deadman,0.0,0.2800000000000001,28,0.0,0.0,0.0,0.0,0.0,0.0,1.0,0.0,0.0,0.0,0.0,0.0,0.0,1.0,-0.016000000000000007,-0.22496149868535165,0.2802328425555495,-0.1305261922200515,0.0,0.0,0.9914448613738105,-0.016000000000000007,-0.22496149868535165,0.2802328425555495,-0.1305261922200515,0.0,0.0,0.9914448613738105,-0.016000000000000007,-0.22496149868535165,0.2802328425555495,-0.1305261922200515,0.0,0.0,0.9914448613738105,-0.016000000000000007,-0.22496149868535165,0.2802328425555495,-0.1305261922200515,0.0,0.0,0.9914448613738105,-0.016000000000000007,-0.22496149868535165,0.2802328425555495,-0.1305261922200515,0.0,0.0,0.9914448613738105,0.0,-0.5235987755982988,0.7853981633974483,0.0,0.5235987755982988,0.0,0.0,-0.5235987755982988,0.7853981633974483,0.0,0.5235987755982988,0.0,0.0,-0.5235987755982988,0.7853981633974483,0.0,0.5235987755982988,0.0,0.0,0.0,0.0,0.0,0.0,0.0,0.0,0.0,0.0,0.0,0.0,0.0,0.5,0.0,0.0,0.0,False,False,False,False,1,False,,0.0,0,,,,True,True,0.0,0.010000000000000009,True,0.0,0.0,False,False,False,False,False,False,1.0,False,False,False,0.0,0.0,0.0,0.0
0.2900000000000001,1786138860.2032325,0.0022615000198129565,0.002575800026534125,0.01,READY,0,waiting for deadman,0.0,0.2900000000000001,29,0.0,0.0,0.0,0.0,0.0,0.0,1.0,0.0,0.0,0.0,0.0,0.0,0.0,1.0,-0.016000000000000007,-0.22496149868535165,0.2802328425555495,-0.1305261922200515,0.0,0.0,0.9914448613738105,-0.016000000000000007,-0.22496149868535165,0.2802328425555495,-0.1305261922200515,0.0,0.0,0.9914448613738105,-0.016000000000000007,-0.22496149868535165,0.2802328425555495,-0.1305261922200515,0.0,0.0,0.9914448613738105,-0.016000000000000007,-0.22496149868535165,0.2802328425555495,-0.1305261922200515,0.0,0.0,0.9914448613738105,-0.016000000000000007,-0.22496149868535165,0.2802328425555495,-0.1305261922200515,0.0,0.0,0.9914448613738105,0.0,-0.5235987755982988,0.7853981633974483,0.0,0.5235987755982988,0.0,0.0,-0.5235987755982988,0.7853981633974483,0.0,0.5235987755982988,0.0,0.0,-0.5235987755982988,0.7853981633974483,0.0,0.5235987755982988,0.0,0.0,0.0,0.0,0.0,0.0,0.0,0.0,0.0,0.0,0.0,0.0,0.0,0.5,0.0,0.0,0.0,False,False,False,False,1,False,,0.0,0,,,,True,True,0.0,0.010000000000000009,True,0.0,0.0,False,False,False,False,False,False,1.0,False,False,False,0.0,0.0,0.0,0.0
0.3000000000000001,1786138860.2054596,0.0027683999796863645,0.0020345000084489584,0.01,READY,0,waiting for deadman,0.0,0.3000000000000001,30,0.0,0.0,0.0,0.0,0.0,0.0,1.0,0.0,0.0,0.0,0.0,0.0,0.0,1.0,-0.016000000000000007,-0.22496149868535165,0.2802328425555495,-0.1305261922200515,0.0,0.0,0.9914448613738105,-0.016000000000000007,-0.22496149868535165,0.2802328425555495,-0.1305261922200515,0.0,0.0,0.9914448613738105,-0.016000000000000007,-0.22496149868535165,0.2802328425555495,-0.1305261922200515,0.0,0.0,0.9914448613738105,-0.016000000000000007,-0.22496149868535165,0.2802328425555495,-0.1305261922200515,0.0,0.0,0.9914448613738105,-0.016000000000000007,-0.22496149868535165,0.2802328425555495,-0.1305261922200515,0.0,0.0,0.9914448613738105,0.0,-0.5235987755982988,0.7853981633974483,0.0,0.5235987755982988,0.0,0.0,-0.5235987755982988,0.7853981633974483,0.0,0.5235987755982988,0.0,0.0,-0.5235987755982988,0.7853981633974483,0.0,0.5235987755982988,0.0,0.0,0.0,0.0,0.0,0.0,0.0,0.0,0.0,0.0,0.0,0.0,0.0,0.5,0.0,0.0,0.0,False,False,False,False,1,False,,0.0,0,,,,True,True,0.0,0.010000000000000009,True,0.0,0.0,False,False,False,False,False,False,1.0,False,False,False,0.0,0.0,0.0,0.0
0.3100000000000001,1786138860.20765,0.0022151000157464296,0.0020098999957554042,0.01,READY,0,waiting for deadman,0.0,0.3100000000000001,31,0.0,0.0,0.0,0.0,0.0,0.0,1.0,0.0,0.0,0.0,0.0,0.0,0.0,1.0,-0.016000000000000007,-0.22496149868535165,0.2802328425555495,-0.1305261922200515,0.0,0.0,0.9914448613738105,-0.016000000000000007,-0.22496149868535165,0.2802328425555495,-0.1305261922200515,0.0,0.0,0.9914448613738105,-0.016000000000000007,-0.22496149868535165,0.2802328425555495,-0.1305261922200515,0.0,0.0,0.9914448613738105,-0.016000000000000007,-0.22496149868535165,0.2802328425555495,-0.1305261922200515,0.0,0.0,0.9914448613738105,-0.016000000000000007,-0.22496149868535165,0.2802328425555495,-0.1305261922200515,0.0,0.0,0.9914448613738105,0.0,-0.5235987755982988,0.7853981633974483,0.0,0.5235987755982988,0.0,0.0,-0.5235987755982988,0.7853981633974483,0.0,0.5235987755982988,0.0,0.0,-0.5235987755982988,0.7853981633974483,0.0,0.5235987755982988,0.0,0.0,0.0,0.0,0.0,0.0,0.0,0.0,0.0,0.0,0.0,0.0,0.0,0.5,0.0,0.0,0.0,False,False,False,False,1,False,,0.0,0,,,,True,True,0.0,0.010000000000000009,True,0.0,0.0,False,False,False,False,False,False,1.0,False,False,False,0.0,0.0,0.0,0.0
0.3200000000000001,1786138860.2101457,0.002186700003221631,0.0023188000195659697,0.01,READY,0,waiting for deadman,0.0,0.3200000000000001,32,0.0,0.0,0.0,0.0,0.0,0.0,1.0,0.0,0.0,0.0,0.0,0.0,0.0,1.0,-0.016000000000000007,-0.22496149868535165,0.2802328425555495,-0.1305261922200515,0.0,0.0,0.9914448613738105,-0.016000000000000007,-0.22496149868535165,0.2802328425555495,-0.1305261922200515,0.0,0.0,0.9914448613738105,-0.016000000000000007,-0.22496149868535165,0.2802328425555495,-0.1305261922200515,0.0,0.0,0.9914448613738105,-0.016000000000000007,-0.22496149868535165,0.2802328425555495,-0.1305261922200515,0.0,0.0,0.9914448613738105,-0.016000000000000007,-0.22496149868535165,0.2802328425555495,-0.1305261922200515,0.0,0.0,0.9914448613738105,0.0,-0.5235987755982988,0.7853981633974483,0.0,0.5235987755982988,0.0,0.0,-0.5235987755982988,0.7853981633974483,0.0,0.5235987755982988,0.0,0.0,-0.5235987755982988,0.7853981633974483,0.0,0.5235987755982988,0.0,0.0,0.0,0.0,0.0,0.0,0.0,0.0,0.0,0.0,0.0,0.0,0.0,0.5,0.0,0.0,0.0,False,False,False,False,1,False,,0.0,0,,,,True,True,0.0,0.010000000000000009,True,0.0,0.0,False,False,False,False,False,False,1.0,False,False,False,0.0,0.0,0.0,0.0
0.3300000000000001,1786138860.2123547,0.0024970999802462757,0.0020305000070948154,0.01,READY,0,waiting for deadman,0.0,0.3300000000000001,33,0.0,0.0,0.0,0.0,0.0,0.0,1.0,0.0,0.0,0.0,0.0,0.0,0.0,1.0,-0.016000000000000007,-0.22496149868535165,0.2802328425555495,-0.1305261922200515,0.0,0.0,0.9914448613738105,-0.016000000000000007,-0.22496149868535165,0.2802328425555495,-0.1305261922200515,0.0,0.0,0.9914448613738105,-0.016000000000000007,-0.22496149868535165,0.2802328425555495,-0.1305261922200515,0.0,0.0,0.9914448613738105,-0.016000000000000007,-0.22496149868535165,0.2802328425555495,-0.1305261922200515,0.0,0.0,0.9914448613738105,-0.016000000000000007,-0.22496149868535165,0.2802328425555495,-0.1305261922200515,0.0,0.0,0.9914448613738105,0.0,-0.5235987755982988,0.7853981633974483,0.0,0.5235987755982988,0.0,0.0,-0.5235987755982988,0.7853981633974483,0.0,0.5235987755982988,0.0,0.0,-0.5235987755982988,0.7853981633974483,0.0,0.5235987755982988,0.0,0.0,0.0,0.0,0.0,0.0,0.0,0.0,0.0,0.0,0.0,0.0,0.0,0.5,0.0,0.0,0.0,False,False,False,False,1,False,,0.0,0,,,,True,True,0.0,0.010000000000000009,True,0.0,0.0,False,False,False,False,False,False,1.0,False,False,False,0.0,0.0,0.0,0.0
0.34000000000000014,1786138860.2149212,0.002208899997640401,0.0023883999965619296,0.01,READY,0,waiting for deadman,0.0,0.34000000000000014,34,0.0,0.0,0.0,0.0,0.0,0.0,1.0,0.0,0.0,0.0,0.0,0.0,0.0,1.0,-0.016000000000000007,-0.22496149868535165,0.2802328425555495,-0.1305261922200515,0.0,0.0,0.9914448613738105,-0.016000000000000007,-0.22496149868535165,0.2802328425555495,-0.1305261922200515,0.0,0.0,0.9914448613738105,-0.016000000000000007,-0.22496149868535165,0.2802328425555495,-0.1305261922200515,0.0,0.0,0.9914448613738105,-0.016000000000000007,-0.22496149868535165,0.2802328425555495,-0.1305261922200515,0.0,0.0,0.9914448613738105,-0.016000000000000007,-0.22496149868535165,0.2802328425555495,-0.1305261922200515,0.0,0.0,0.9914448613738105,0.0,-0.5235987755982988,0.7853981633974483,0.0,0.5235987755982988,0.0,0.0,-0.5235987755982988,0.7853981633974483,0.0,0.5235987755982988,0.0,0.0,-0.5235987755982988,0.7853981633974483,0.0,0.5235987755982988,0.0,0.0,0.0,0.0,0.0,0.0,0.0,0.0,0.0,0.0,0.0,0.0,0.0,0.5,0.0,0.0,0.0,False,False,False,False,1,False,,0.0,0,,,,True,True,0.0,0.010000000000000009,True,0.0,0.0,False,False,False,False,False,False,1.0,False,False,False,0.0,0.0,0.0,0.0
0.35000000000000014,1786138860.2174273,0.002581600012490526,0.0023127000022213906,0.01,READY,0,waiting for deadman,0.0,0.35000000000000014,35,0.0,0.0,0.0,0.0,0.0,0.0,1.0,0.0,0.0,0.0,0.0,0.0,0.0,1.0,-0.016000000000000007,-0.22496149868535165,0.2802328425555495,-0.1305261922200515,0.0,0.0,0.9914448613738105,-0.016000000000000007,-0.22496149868535165,0.2802328425555495,-0.1305261922200515,0.0,0.0,0.9914448613738105,-0.016000000000000007,-0.22496149868535165,0.2802328425555495,-0.1305261922200515,0.0,0.0,0.9914448613738105,-0.016000000000000007,-0.22496149868535165,0.2802328425555495,-0.1305261922200515,0.0,0.0,0.9914448613738105,-0.016000000000000007,-0.22496149868535165,0.2802328425555495,-0.1305261922200515,0.0,0.0,0.9914448613738105,0.0,-0.5235987755982988,0.7853981633974483,0.0,0.5235987755982988,0.0,0.0,-0.5235987755982988,0.7853981633974483,0.0,0.5235987755982988,0.0,0.0,-0.5235987755982988,0.7853981633974483,0.0,0.5235987755982988,0.0,0.0,0.0,0.0,0.0,0.0,0.0,0.0,0.0,0.0,0.0,0.0,0.0,0.5,0.0,0.0,0.0,False,False,False,False,1,False,,0.0,0,,,,True,True,0.0,0.010000000000000009,True,0.0,0.0,False,False,False,False,False,False,1.0,False,False,False,0.0,0.0,0.0,0.0
0.36000000000000015,1786138860.2200553,0.002546000003349036,0.0023942999832797796,0.01,READY,0,waiting for deadman,0.0,0.36000000000000015,36,0.0,0.0,0.0,0.0,0.0,0.0,1.0,0.0,0.0,0.0,0.0,0.0,0.0,1.0,-0.016000000000000007,-0.22496149868535165,0.2802328425555495,-0.1305261922200515,0.0,0.0,0.9914448613738105,-0.016000000000000007,-0.22496149868535165,0.2802328425555495,-0.1305261922200515,0.0,0.0,0.9914448613738105,-0.016000000000000007,-0.22496149868535165,0.2802328425555495,-0.1305261922200515,0.0,0.0,0.9914448613738105,-0.016000000000000007,-0.22496149868535165,0.2802328425555495,-0.1305261922200515,0.0,0.0,0.9914448613738105,-0.016000000000000007,-0.22496149868535165,0.2802328425555495,-0.1305261922200515,0.0,0.0,0.9914448613738105,0.0,-0.5235987755982988,0.7853981633974483,0.0,0.5235987755982988,0.0,0.0,-0.5235987755982988,0.7853981633974483,0.0,0.5235987755982988,0.0,0.0,-0.5235987755982988,0.7853981633974483,0.0,0.5235987755982988,0.0,0.0,0.0,0.0,0.0,0.0,0.0,0.0,0.0,0.0,0.0,0.0,0.0,0.5,0.0,0.0,0.0,False,False,False,False,1,False,,0.0,0,,,,True,True,0.0,0.010000000000000009,True,0.0,0.0,False,False,False,False,False,False,1.0,False,False,False,0.0,0.0,0.0,0.0
0.37000000000000016,1786138860.2222505,0.0025772000080905855,0.0020129000185988843,0.01,READY,0,waiting for deadman,0.0,0.37000000000000016,37,0.0,0.0,0.0,0.0,0.0,0.0,1.0,0.0,0.0,0.0,0.0,0.0,0.0,1.0,-0.016000000000000007,-0.22496149868535165,0.2802328425555495,-0.1305261922200515,0.0,0.0,0.9914448613738105,-0.016000000000000007,-0.22496149868535165,0.2802328425555495,-0.1305261922200515,0.0,0.0,0.9914448613738105,-0.016000000000000007,-0.22496149868535165,0.2802328425555495,-0.1305261922200515,0.0,0.0,0.9914448613738105,-0.016000000000000007,-0.22496149868535165,0.2802328425555495,-0.1305261922200515,0.0,0.0,0.9914448613738105,-0.016000000000000007,-0.22496149868535165,0.2802328425555495,-0.1305261922200515,0.0,0.0,0.9914448613738105,0.0,-0.5235987755982988,0.7853981633974483,0.0,0.5235987755982988,0.0,0.0,-0.5235987755982988,0.7853981633974483,0.0,0.5235987755982988,0.0,0.0,-0.5235987755982988,0.7853981633974483,0.0,0.5235987755982988,0.0,0.0,0.0,0.0,0.0,0.0,0.0,0.0,0.0,0.0,0.0,0.0,0.0,0.5,0.0,0.0,0.0,False,False,False,False,1,False,,0.0,0,,,,True,True,0.0,0.010000000000000009,True,0.0,0.0,False,False,False,False,False,False,1.0,False,False,False,0.0,0.0,0.0,0.0
0.38000000000000017,1786138860.224737,0.0021935999975539744,0.002305700007127598,0.01,READY,0,waiting for deadman,0.0,0.38000000000000017,38,0.0,0.0,0.0,0.0,0.0,0.0,1.0,0.0,0.0,0.0,0.0,0.0,0.0,1.0,-0.016000000000000007,-0.22496149868535165,0.2802328425555495,-0.1305261922200515,0.0,0.0,0.9914448613738105,-0.016000000000000007,-0.22496149868535165,0.2802328425555495,-0.1305261922200515,0.0,0.0,0.9914448613738105,-0.016000000000000007,-0.22496149868535165,0.2802328425555495,-0.1305261922200515,0.0,0.0,0.9914448613738105,-0.016000000000000007,-0.22496149868535165,0.2802328425555495,-0.1305261922200515,0.0,0.0,0.9914448613738105,-0.016000000000000007,-0.22496149868535165,0.2802328425555495,-0.1305261922200515,0.0,0.0,0.9914448613738105,0.0,-0.5235987755982988,0.7853981633974483,0.0,0.5235987755982988,0.0,0.0,-0.5235987755982988,0.7853981633974483,0.0,0.5235987755982988,0.0,0.0,-0.5235987755982988,0.7853981633974483,0.0,0.5235987755982988,0.0,0.0,0.0,0.0,0.0,0.0,0.0,0.0,0.0,0.0,0.0,0.0,0.0,0.5,0.0,0.0,0.0,False,False,False,False,1,False,,0.0,0,,,,True,True,0.0,0.010000000000000009,True,0.0,0.0,False,False,False,False,False,False,1.0,False,False,False,0.0,0.0,0.0,0.0
0.3900000000000002,1786138860.226936,0.002483899996150285,0.0020207999914418906,0.01,READY,0,waiting for deadman,0.0,0.3900000000000002,39,0.0,0.0,0.0,0.0,0.0,0.0,1.0,0.0,0.0,0.0,0.0,0.0,0.0,1.0,-0.016000000000000007,-0.22496149868535165,0.2802328425555495,-0.1305261922200515,0.0,0.0,0.9914448613738105,-0.016000000000000007,-0.22496149868535165,0.2802328425555495,-0.1305261922200515,0.0,0.0,0.9914448613738105,-0.016000000000000007,-0.22496149868535165,0.2802328425555495,-0.1305261922200515,0.0,0.0,0.9914448613738105,-0.016000000000000007,-0.22496149868535165,0.2802328425555495,-0.1305261922200515,0.0,0.0,0.9914448613738105,-0.016000000000000007,-0.22496149868535165,0.2802328425555495,-0.1305261922200515,0.0,0.0,0.9914448613738105,0.0,-0.5235987755982988,0.7853981633974483,0.0,0.5235987755982988,0.0,0.0,-0.5235987755982988,0.7853981633974483,0.0,0.5235987755982988,0.0,0.0,-0.5235987755982988,0.7853981633974483,0.0,0.5235987755982988,0.0,0.0,0.0,0.0,0.0,0.0,0.0,0.0,0.0,0.0,0.0,0.0,0.0,0.5,0.0,0.0,0.0,False,False,False,False,1,False,,0.0,0,,,,True,True,0.0,0.010000000000000009,True,0.0,0.0,False,False,False,False,False,False,1.0,False,False,False,0.0,0.0,0.0,0.0
0.4000000000000002,1786138860.2294667,0.002199399983510375,0.0023520000104326755,0.01,READY,0,waiting for deadman,0.0,0.4000000000000002,40,0.0,0.0,0.0,0.0,0.0,0.0,1.0,0.0,0.0,0.0,0.0,0.0,0.0,1.0,-0.016000000000000007,-0.22496149868535165,0.2802328425555495,-0.1305261922200515,0.0,0.0,0.9914448613738105,-0.016000000000000007,-0.22496149868535165,0.2802328425555495,-0.1305261922200515,0.0,0.0,0.9914448613738105,-0.016000000000000007,-0.22496149868535165,0.2802328425555495,-0.1305261922200515,0.0,0.0,0.9914448613738105,-0.016000000000000007,-0.22496149868535165,0.2802328425555495,-0.1305261922200515,0.0,0.0,0.9914448613738105,-0.016000000000000007,-0.22496149868535165,0.2802328425555495,-0.1305261922200515,0.0,0.0,0.9914448613738105,0.0,-0.5235987755982988,0.7853981633974483,0.0,0.5235987755982988,0.0,0.0,-0.5235987755982988,0.7853981633974483,0.0,0.5235987755982988,0.0,0.0,-0.5235987755982988,0.7853981633974483,0.0,0.5235987755982988,0.0,0.0,0.0,0.0,0.0,0.0,0.0,0.0,0.0,0.0,0.0,0.0,0.0,0.5,0.0,0.0,0.0,False,False,False,False,1,False,,0.0,0,,,,True,True,0.0,0.010000000000000009,True,0.0,0.0,False,False,False,False,False,False,1.0,False,False,False,0.0,0.0,0.0,0.0
0.4100000000000002,1786138860.2317586,0.0025331000215373933,0.002111000008881092,0.01,READY,0,waiting for deadman,0.0,0.4100000000000002,41,0.0,0.0,0.0,0.0,0.0,0.0,1.0,0.0,0.0,0.0,0.0,0.0,0.0,1.0,-0.016000000000000007,-0.22496149868535165,0.2802328425555495,-0.1305261922200515,0.0,0.0,0.9914448613738105,-0.016000000000000007,-0.22496149868535165,0.2802328425555495,-0.1305261922200515,0.0,0.0,0.9914448613738105,-0.016000000000000007,-0.22496149868535165,0.2802328425555495,-0.1305261922200515,0.0,0.0,0.9914448613738105,-0.016000000000000007,-0.22496149868535165,0.2802328425555495,-0.1305261922200515,0.0,0.0,0.9914448613738105,-0.016000000000000007,-0.22496149868535165,0.2802328425555495,-0.1305261922200515,0.0,0.0,0.9914448613738105,0.0,-0.5235987755982988,0.7853981633974483,0.0,0.5235987755982988,0.0,0.0,-0.5235987755982988,0.7853981633974483,0.0,0.5235987755982988,0.0,0.0,-0.5235987755982988,0.7853981633974483,0.0,0.5235987755982988,0.0,0.0,0.0,0.0,0.0,0.0,0.0,0.0,0.0,0.0,0.0,0.0,0.0,0.5,0.0,0.0,0.0,False,False,False,False,1,False,,0.0,0,,,,True,True,0.0,0.010000000000000009,True,0.0,0.0,False,False,False,False,False,False,1.0,False,False,False,0.0,0.0,0.0,0.0
0.4200000000000002,1786138860.2342637,0.002296899998327717,0.0023188999912235886,0.01,READY,0,waiting for deadman,0.0,0.4200000000000002,42,0.0,0.0,0.0,0.0,0.0,0.0,1.0,0.0,0.0,0.0,0.0,0.0,0.0,1.0,-0.016000000000000007,-0.22496149868535165,0.2802328425555495,-0.1305261922200515,0.0,0.0,0.9914448613738105,-0.016000000000000007,-0.22496149868535165,0.2802328425555495,-0.1305261922200515,0.0,0.0,0.9914448613738105,-0.016000000000000007,-0.22496149868535165,0.2802328425555495,-0.1305261922200515,0.0,0.0,0.9914448613738105,-0.016000000000000007,-0.22496149868535165,0.2802328425555495,-0.1305261922200515,0.0,0.0,0.9914448613738105,-0.016000000000000007,-0.22496149868535165,0.2802328425555495,-0.1305261922200515,0.0,0.0,0.9914448613738105,0.0,-0.5235987755982988,0.7853981633974483,0.0,0.5235987755982988,0.0,0.0,-0.5235987755982988,0.7853981633974483,0.0,0.5235987755982988,0.0,0.0,-0.5235987755982988,0.7853981633974483,0.0,0.5235987755982988,0.0,0.0,0.0,0.0,0.0,0.0,0.0,0.0,0.0,0.0,0.0,0.0,0.0,0.5,0.0,0.0,0.0,False,False,False,False,1,False,,0.0,0,,,,True,True,0.0,0.010000000000000009,True,0.0,0.0,False,False,False,False,False,False,1.0,False,False,False,0.0,0.0,0.0,0.0
0.4300000000000002,1786138860.2368944,0.002588899980764836,0.0023607999901287258,0.01,READY,0,waiting for deadman,0.0,0.4300000000000002,43,0.0,0.0,0.0,0.0,0.0,0.0,1.0,0.0,0.0,0.0,0.0,0.0,0.0,1.0,-0.016000000000000007,-0.22496149868535165,0.2802328425555495,-0.1305261922200515,0.0,0.0,0.9914448613738105,-0.016000000000000007,-0.22496149868535165,0.2802328425555495,-0.1305261922200515,0.0,0.0,0.9914448613738105,-0.016000000000000007,-0.22496149868535165,0.2802328425555495,-0.1305261922200515,0.0,0.0,0.9914448613738105,-0.016000000000000007,-0.22496149868535165,0.2802328425555495,-0.1305261922200515,0.0,0.0,0.9914448613738105,-0.016000000000000007,-0.22496149868535165,0.2802328425555495,-0.1305261922200515,0.0,0.0,0.9914448613738105,0.0,-0.5235987755982988,0.7853981633974483,0.0,0.5235987755982988,0.0,0.0,-0.5235987755982988,0.7853981633974483,0.0,0.5235987755982988,0.0,0.0,-0.5235987755982988,0.7853981633974483,0.0,0.5235987755982988,0.0,0.0,0.0,0.0,0.0,0.0,0.0,0.0,0.0,0.0,0.0,0.0,0.0,0.5,0.0,0.0,0.0,False,False,False,False,1,False,,0.0,0,,,,True,True,0.0,0.010000000000000009,True,0.0,0.0,False,False,False,False,False,False,1.0,False,False,False,0.0,0.0,0.0,0.0
0.4400000000000002,1786138860.2390988,0.0025428000080864877,0.0020226000051479787,0.01,READY,0,waiting for deadman,0.0,0.4400000000000002,44,0.0,0.0,0.0,0.0,0.0,0.0,1.0,0.0,0.0,0.0,0.0,0.0,0.0,1.0,-0.016000000000000007,-0.22496149868535165,0.2802328425555495,-0.1305261922200515,0.0,0.0,0.9914448613738105,-0.016000000000000007,-0.22496149868535165,0.2802328425555495,-0.1305261922200515,0.0,0.0,0.9914448613738105,-0.016000000000000007,-0.22496149868535165,0.2802328425555495,-0.1305261922200515,0.0,0.0,0.9914448613738105,-0.016000000000000007,-0.22496149868535165,0.2802328425555495,-0.1305261922200515,0.0,0.0,0.9914448613738105,-0.016000000000000007,-0.22496149868535165,0.2802328425555495,-0.1305261922200515,0.0,0.0,0.9914448613738105,0.0,-0.5235987755982988,0.7853981633974483,0.0,0.5235987755982988,0.0,0.0,-0.5235987755982988,0.7853981633974483,0.0,0.5235987755982988,0.0,0.0,-0.5235987755982988,0.7853981633974483,0.0,0.5235987755982988,0.0,0.0,0.0,0.0,0.0,0.0,0.0,0.0,0.0,0.0,0.0,0.0,0.0,0.5,0.0,0.0,0.0,False,False,False,False,1,False,,0.0,0,,,,True,True,0.0,0.010000000000000009,True,0.0,0.0,False,False,False,False,False,False,1.0,False,False,False,0.0,0.0,0.0,0.0
0.45000000000000023,1786138860.2415738,0.002201199997216463,0.0022963999945204705,0.01,READY,0,waiting for deadman,0.0,0.45000000000000023,45,0.0,0.0,0.0,0.0,0.0,0.0,1.0,0.0,0.0,0.0,0.0,0.0,0.0,1.0,-0.016000000000000007,-0.22496149868535165,0.2802328425555495,-0.1305261922200515,0.0,0.0,0.9914448613738105,-0.016000000000000007,-0.22496149868535165,0.2802328425555495,-0.1305261922200515,0.0,0.0,0.9914448613738105,-0.016000000000000007,-0.22496149868535165,0.2802328425555495,-0.1305261922200515,0.0,0.0,0.9914448613738105,-0.016000000000000007,-0.22496149868535165,0.2802328425555495,-0.1305261922200515,0.0,0.0,0.9914448613738105,-0.016000000000000007,-0.22496149868535165,0.2802328425555495,-0.1305261922200515,0.0,0.0,0.9914448613738105,0.0,-0.5235987755982988,0.7853981633974483,0.0,0.5235987755982988,0.0,0.0,-0.5235987755982988,0.7853981633974483,0.0,0.5235987755982988,0.0,0.0,-0.5235987755982988,0.7853981633974483,0.0,0.5235987755982988,0.0,0.0,0.0,0.0,0.0,0.0,0.0,0.0,0.0,0.0,0.0,0.0,0.0,0.5,0.0,0.0,0.0,False,False,False,False,1,False,,0.0,0,,,,True,True,0.0,0.010000000000000009,True,0.0,0.0,False,False,False,False,False,False,1.0,False,False,False,0.0,0.0,0.0,0.0
0.46000000000000024,1786138860.243773,0.0024730000004637986,0.0020225000043865293,0.01,READY,0,waiting for deadman,0.0,0.46000000000000024,46,0.0,0.0,0.0,0.0,0.0,0.0,1.0,0.0,0.0,0.0,0.0,0.0,0.0,1.0,-0.016000000000000007,-0.22496149868535165,0.2802328425555495,-0.1305261922200515,0.0,0.0,0.9914448613738105,-0.016000000000000007,-0.22496149868535165,0.2802328425555495,-0.1305261922200515,0.0,0.0,0.9914448613738105,-0.016000000000000007,-0.22496149868535165,0.2802328425555495,-0.1305261922200515,0.0,0.0,0.9914448613738105,-0.016000000000000007,-0.22496149868535165,0.2802328425555495,-0.1305261922200515,0.0,0.0,0.9914448613738105,-0.016000000000000007,-0.22496149868535165,0.2802328425555495,-0.1305261922200515,0.0,0.0,0.9914448613738105,0.0,-0.5235987755982988,0.7853981633974483,0.0,0.5235987755982988,0.0,0.0,-0.5235987755982988,0.7853981633974483,0.0,0.5235987755982988,0.0,0.0,-0.5235987755982988,0.7853981633974483,0.0,0.5235987755982988,0.0,0.0,0.0,0.0,0.0,0.0,0.0,0.0,0.0,0.0,0.0,0.0,0.0,0.5,0.0,0.0,0.0,False,False,False,False,1,False,,0.0,0,,,,True,True,0.0,0.010000000000000009,True,0.0,0.0,False,False,False,False,False,False,1.0,False,False,False,0.0,0.0,0.0,0.0
0.47000000000000025,1786138860.2462769,0.002207699988503009,0.0023185000172816217,0.01,READY,0,waiting for deadman,0.0,0.47000000000000025,47,0.0,0.0,0.0,0.0,0.0,0.0,1.0,0.0,0.0,0.0,0.0,0.0,0.0,1.0,-0.016000000000000007,-0.22496149868535165,0.2802328425555495,-0.1305261922200515,0.0,0.0,0.9914448613738105,-0.016000000000000007,-0.22496149868535165,0.2802328425555495,-0.1305261922200515,0.0,0.0,0.9914448613738105,-0.016000000000000007,-0.22496149868535165,0.2802328425555495,-0.1305261922200515,0.0,0.0,0.9914448613738105,-0.016000000000000007,-0.22496149868535165,0.2802328425555495,-0.1305261922200515,0.0,0.0,0.9914448613738105,-0.016000000000000007,-0.22496149868535165,0.2802328425555495,-0.1305261922200515,0.0,0.0,0.9914448613738105,0.0,-0.5235987755982988,0.7853981633974483,0.0,0.5235987755982988,0.0,0.0,-0.5235987755982988,0.7853981633974483,0.0,0.5235987755982988,0.0,0.0,-0.5235987755982988,0.7853981633974483,0.0,0.5235987755982988,0.0,0.0,0.0,0.0,0.0,0.0,0.0,0.0,0.0,0.0,0.0,0.0,0.0,0.5,0.0,0.0,0.0,False,False,False,False,1,False,,0.0,0,,,,True,True,0.0,0.010000000000000009,True,0.0,0.0,False,False,False,False,False,False,1.0,False,False,False,0.0,0.0,0.0,0.0
0.48000000000000026,1786138860.2486541,0.002498800022294745,0.00219719999586232,0.01,READY,0,waiting for deadman,0.0,0.48000000000000026,48,0.0,0.0,0.0,0.0,0.0,0.0,1.0,0.0,0.0,0.0,0.0,0.0,0.0,1.0,-0.016000000000000007,-0.22496149868535165,0.2802328425555495,-0.1305261922200515,0.0,0.0,0.9914448613738105,-0.016000000000000007,-0.22496149868535165,0.2802328425555495,-0.1305261922200515,0.0,0.0,0.9914448613738105,-0.016000000000000007,-0.22496149868535165,0.2802328425555495,-0.1305261922200515,0.0,0.0,0.9914448613738105,-0.016000000000000007,-0.22496149868535165,0.2802328425555495,-0.1305261922200515,0.0,0.0,0.9914448613738105,-0.016000000000000007,-0.22496149868535165,0.2802328425555495,-0.1305261922200515,0.0,0.0,0.9914448613738105,0.0,-0.5235987755982988,0.7853981633974483,0.0,0.5235987755982988,0.0,0.0,-0.5235987755982988,0.7853981633974483,0.0,0.5235987755982988,0.0,0.0,-0.5235987755982988,0.7853981633974483,0.0,0.5235987755982988,0.0,0.0,0.0,0.0,0.0,0.0,0.0,0.0,0.0,0.0,0.0,0.0,0.0,0.5,0.0,0.0,0.0,False,False,False,False,1,False,,0.0,0,,,,True,True,0.0,0.010000000000000009,True,0.0,0.0,False,False,False,False,False,False,1.0,False,False,False,0.0,0.0,0.0,0.0
0.49000000000000027,1786138860.2512128,0.002382000006036833,0.0023734999995213,0.01,READY,0,waiting for deadman,0.0,0.49000000000000027,49,0.0,0.0,0.0,0.0,0.0,0.0,1.0,0.0,0.0,0.0,0.0,0.0,0.0,1.0,-0.016000000000000007,-0.22496149868535165,0.2802328425555495,-0.1305261922200515,0.0,0.0,0.9914448613738105,-0.016000000000000007,-0.22496149868535165,0.2802328425555495,-0.1305261922200515,0.0,0.0,0.9914448613738105,-0.016000000000000007,-0.22496149868535165,0.2802328425555495,-0.1305261922200515,0.0,0.0,0.9914448613738105,-0.016000000000000007,-0.22496149868535165,0.2802328425555495,-0.1305261922200515,0.0,0.0,0.9914448613738105,-0.016000000000000007,-0.22496149868535165,0.2802328425555495,-0.1305261922200515,0.0,0.0,0.9914448613738105,0.0,-0.5235987755982988,0.7853981633974483,0.0,0.5235987755982988,0.0,0.0,-0.5235987755982988,0.7853981633974483,0.0,0.5235987755982988,0.0,0.0,-0.5235987755982988,0.7853981633974483,0.0,0.5235987755982988,0.0,0.0,0.0,0.0,0.0,0.0,0.0,0.0,0.0,0.0,0.0,0.0,0.0,0.5,0.0,0.0,0.0,False,False,False,False,1,False,,0.0,0,,,,True,True,0.0,0.010000000000000009,True,0.0,0.0,False,False,False,False,False,False,1.0,False,False,False,0.0,0.0,0.0,0.0
0.5000000000000002,1786138860.2534351,0.0025797999987844378,0.0020163000153843313,0.01,READY,0,waiting for deadman,0.0,0.5000000000000002,50,0.0,0.0,0.0,0.0,0.0,0.0,1.0,0.0,0.0,0.0,0.0,0.0,0.0,1.0,-0.016000000000000007,-0.22496149868535165,0.2802328425555495,-0.1305261922200515,0.0,0.0,0.9914448613738105,-0.016000000000000007,-0.22496149868535165,0.2802328425555495,-0.1305261922200515,0.0,0.0,0.9914448613738105,-0.016000000000000007,-0.22496149868535165,0.2802328425555495,-0.1305261922200515,0.0,0.0,0.9914448613738105,-0.016000000000000007,-0.22496149868535165,0.2802328425555495,-0.1305261922200515,0.0,0.0,0.9914448613738105,-0.016000000000000007,-0.22496149868535165,0.2802328425555495,-0.1305261922200515,0.0,0.0,0.9914448613738105,0.0,-0.5235987755982988,0.7853981633974483,0.0,0.5235987755982988,0.0,0.0,-0.5235987755982988,0.7853981633974483,0.0,0.5235987755982988,0.0,0.0,-0.5235987755982988,0.7853981633974483,0.0,0.5235987755982988,0.0,0.0,0.0,0.0,0.0,0.0,0.0,0.0,0.0,0.0,0.0,0.0,0.0,0.5,0.0,0.0,0.0,False,False,False,False,1,False,,0.0,0,,,,True,True,0.0,0.009999999999999953,True,0.0,0.0,False,False,False,False,False,False,1.0,False,False,False,0.0,0.0,0.0,0.0
0.5100000000000002,1786138860.2556293,0.0021958999859634787,0.0020146000024396926,0.01,READY,0,waiting for deadman,0.0,0.5100000000000002,51,0.0,0.0,0.0,0.0,0.0,0.0,1.0,0.0,0.0,0.0,0.0,0.0,0.0,1.0,-0.016000000000000007,-0.22496149868535165,0.2802328425555495,-0.1305261922200515,0.0,0.0,0.9914448613738105,-0.016000000000000007,-0.22496149868535165,0.2802328425555495,-0.1305261922200515,0.0,0.0,0.9914448613738105,-0.016000000000000007,-0.22496149868535165,0.2802328425555495,-0.1305261922200515,0.0,0.0,0.9914448613738105,-0.016000000000000007,-0.22496149868535165,0.2802328425555495,-0.1305261922200515,0.0,0.0,0.9914448613738105,-0.016000000000000007,-0.22496149868535165,0.2802328425555495,-0.1305261922200515,0.0,0.0,0.9914448613738105,0.0,-0.5235987755982988,0.7853981633974483,0.0,0.5235987755982988,0.0,0.0,-0.5235987755982988,0.7853981633974483,0.0,0.5235987755982988,0.0,0.0,-0.5235987755982988,0.7853981633974483,0.0,0.5235987755982988,0.0,0.0,0.0,0.0,0.0,0.0,0.0,0.0,0.0,0.0,0.0,0.0,0.0,0.5,0.0,0.0,0.0,False,False,False,False,1,False,,0.0,0,,,,True,True,0.0,0.010000000000000009,True,0.0,0.0,False,False,False,False,False,False,1.0,False,False,False,0.0,0.0,0.0,0.0
0.5200000000000002,1786138860.258105,0.0021924999891780317,0.00229800000670366,0.01,READY,0,waiting for deadman,0.0,0.5200000000000002,52,0.0,0.0,0.0,0.0,0.0,0.0,1.0,0.0,0.0,0.0,0.0,0.0,0.0,1.0,-0.016000000000000007,-0.22496149868535165,0.2802328425555495,-0.1305261922200515,0.0,0.0,0.9914448613738105,-0.016000000000000007,-0.22496149868535165,0.2802328425555495,-0.1305261922200515,0.0,0.0,0.9914448613738105,-0.016000000000000007,-0.22496149868535165,0.2802328425555495,-0.1305261922200515,0.0,0.0,0.9914448613738105,-0.016000000000000007,-0.22496149868535165,0.2802328425555495,-0.1305261922200515,0.0,0.0,0.9914448613738105,-0.016000000000000007,-0.22496149868535165,0.2802328425555495,-0.1305261922200515,0.0,0.0,0.9914448613738105,0.0,-0.5235987755982988,0.7853981633974483,0.0,0.5235987755982988,0.0,0.0,-0.5235987755982988,0.7853981633974483,0.0,0.5235987755982988,0.0,0.0,-0.5235987755982988,0.7853981633974483,0.0,0.5235987755982988,0.0,0.0,0.0,0.0,0.0,0.0,0.0,0.0,0.0,0.0,0.0,0.0,0.0,0.5,0.0,0.0,0.0,False,False,False,False,1,False,,0.0,0,,,,True,True,0.0,0.010000000000000009,True,0.0,0.0,False,False,False,False,False,False,1.0,False,False,False,0.0,0.0,0.0,0.0
0.5300000000000002,1786138860.2602804,0.002477400004863739,0.0019958000048063695,0.01,READY,0,waiting for deadman,0.0,0.5300000000000002,53,0.0,0.0,0.0,0.0,0.0,0.0,1.0,0.0,0.0,0.0,0.0,0.0,0.0,1.0,-0.016000000000000007,-0.22496149868535165,0.2802328425555495,-0.1305261922200515,0.0,0.0,0.9914448613738105,-0.016000000000000007,-0.22496149868535165,0.2802328425555495,-0.1305261922200515,0.0,0.0,0.9914448613738105,-0.016000000000000007,-0.22496149868535165,0.2802328425555495,-0.1305261922200515,0.0,0.0,0.9914448613738105,-0.016000000000000007,-0.22496149868535165,0.2802328425555495,-0.1305261922200515,0.0,0.0,0.9914448613738105,-0.016000000000000007,-0.22496149868535165,0.2802328425555495,-0.1305261922200515,0.0,0.0,0.9914448613738105,0.0,-0.5235987755982988,0.7853981633974483,0.0,0.5235987755982988,0.0,0.0,-0.5235987755982988,0.7853981633974483,0.0,0.5235987755982988,0.0,0.0,-0.5235987755982988,0.7853981633974483,0.0,0.5235987755982988,0.0,0.0,0.0,0.0,0.0,0.0,0.0,0.0,0.0,0.0,0.0,0.0,0.0,0.5,0.0,0.0,0.0,False,False,False,False,1,False,,0.0,0,,,,True,True,0.0,0.010000000000000009,True,0.0,0.0,False,False,False,False,False,False,1.0,False,False,False,0.0,0.0,0.0,0.0
0.5400000000000003,1786138860.2627766,0.0021752000029664487,0.002316800004336983,0.01,READY,0,waiting for deadman,0.0,0.5400000000000003,54,0.0,0.0,0.0,0.0,0.0,0.0,1.0,0.0,0.0,0.0,0.0,0.0,0.0,1.0,-0.016000000000000007,-0.22496149868535165,0.2802328425555495,-0.1305261922200515,0.0,0.0,0.9914448613738105,-0.016000000000000007,-0.22496149868535165,0.2802328425555495,-0.1305261922200515,0.0,0.0,0.9914448613738105,-0.016000000000000007,-0.22496149868535165,0.2802328425555495,-0.1305261922200515,0.0,0.0,0.9914448613738105,-0.016000000000000007,-0.22496149868535165,0.2802328425555495,-0.1305261922200515,0.0,0.0,0.9914448613738105,-0.016000000000000007,-0.22496149868535165,0.2802328425555495,-0.1305261922200515,0.0,0.0,0.9914448613738105,0.0,-0.5235987755982988,0.7853981633974483,0.0,0.5235987755982988,0.0,0.0,-0.5235987755982988,0.7853981633974483,0.0,0.5235987755982988,0.0,0.0,-0.5235987755982988,0.7853981633974483,0.0,0.5235987755982988,0.0,0.0,0.0,0.0,0.0,0.0,0.0,0.0,0.0,0.0,0.0,0.0,0.0,0.5,0.0,0.0,0.0,False,False,False,False,1,False,,0.0,0,,,,True,True,0.0,0.010000000000000009,True,0.0,0.0,False,False,False,False,False,False,1.0,False,False,False,0.0,0.0,0.0,0.0
0.5500000000000003,1786138860.2657993,0.0024966000055428594,0.0028430999955162406,0.01,READY,0,waiting for deadman,0.0,0.5500000000000003,55,0.0,0.0,0.0,0.0,0.0,0.0,1.0,0.0,0.0,0.0,0.0,0.0,0.0,1.0,-0.016000000000000007,-0.22496149868535165,0.2802328425555495,-0.1305261922200515,0.0,0.0,0.9914448613738105,-0.016000000000000007,-0.22496149868535165,0.2802328425555495,-0.1305261922200515,0.0,0.0,0.9914448613738105,-0.016000000000000007,-0.22496149868535165,0.2802328425555495,-0.1305261922200515,0.0,0.0,0.9914448613738105,-0.016000000000000007,-0.22496149868535165,0.2802328425555495,-0.1305261922200515,0.0,0.0,0.9914448613738105,-0.016000000000000007,-0.22496149868535165,0.2802328425555495,-0.1305261922200515,0.0,0.0,0.9914448613738105,0.0,-0.5235987755982988,0.7853981633974483,0.0,0.5235987755982988,0.0,0.0,-0.5235987755982988,0.7853981633974483,0.0,0.5235987755982988,0.0,0.0,-0.5235987755982988,0.7853981633974483,0.0,0.5235987755982988,0.0,0.0,0.0,0.0,0.0,0.0,0.0,0.0,0.0,0.0,0.0,0.0,0.0,0.5,0.0,0.0,0.0,False,False,False,False,1,False,,0.0,0,,,,True,True,0.0,0.010000000000000009,True,0.0,0.0,False,False,False,False,False,False,1.0,False,False,False,0.0,0.0,0.0,0.0
0.5600000000000003,1786138860.2687078,0.003165900008752942,0.0025849000085145235,0.01,READY,0,waiting for deadman,0.0,0.5600000000000003,56,0.0,0.0,0.0,0.0,0.0,0.0,1.0,0.0,0.0,0.0,0.0,0.0,0.0,1.0,-0.016000000000000007,-0.22496149868535165,0.2802328425555495,-0.1305261922200515,0.0,0.0,0.9914448613738105,-0.016000000000000007,-0.22496149868535165,0.2802328425555495,-0.1305261922200515,0.0,0.0,0.9914448613738105,-0.016000000000000007,-0.22496149868535165,0.2802328425555495,-0.1305261922200515,0.0,0.0,0.9914448613738105,-0.016000000000000007,-0.22496149868535165,0.2802328425555495,-0.1305261922200515,0.0,0.0,0.9914448613738105,-0.016000000000000007,-0.22496149868535165,0.2802328425555495,-0.1305261922200515,0.0,0.0,0.9914448613738105,0.0,-0.5235987755982988,0.7853981633974483,0.0,0.5235987755982988,0.0,0.0,-0.5235987755982988,0.7853981633974483,0.0,0.5235987755982988,0.0,0.0,-0.5235987755982988,0.7853981633974483,0.0,0.5235987755982988,0.0,0.0,0.0,0.0,0.0,0.0,0.0,0.0,0.0,0.0,0.0,0.0,0.0,0.5,0.0,0.0,0.0,False,False,False,False,1,False,,0.0,0,,,,True,True,0.0,0.010000000000000009,True,0.0,0.0,False,False,False,False,False,False,1.0,False,False,False,0.0,0.0,0.0,0.0
0.5700000000000003,1786138860.2709575,0.002802699978929013,0.0020324999932199717,0.01,READY,0,waiting for deadman,0.0,0.5700000000000003,57,0.0,0.0,0.0,0.0,0.0,0.0,1.0,0.0,0.0,0.0,0.0,0.0,0.0,1.0,-0.016000000000000007,-0.22496149868535165,0.2802328425555495,-0.1305261922200515,0.0,0.0,0.9914448613738105,-0.016000000000000007,-0.22496149868535165,0.2802328425555495,-0.1305261922200515,0.0,0.0,0.9914448613738105,-0.016000000000000007,-0.22496149868535165,0.2802328425555495,-0.1305261922200515,0.0,0.0,0.9914448613738105,-0.016000000000000007,-0.22496149868535165,0.2802328425555495,-0.1305261922200515,0.0,0.0,0.9914448613738105,-0.016000000000000007,-0.22496149868535165,0.2802328425555495,-0.1305261922200515,0.0,0.0,0.9914448613738105,0.0,-0.5235987755982988,0.7853981633974483,0.0,0.5235987755982988,0.0,0.0,-0.5235987755982988,0.7853981633974483,0.0,0.5235987755982988,0.0,0.0,-0.5235987755982988,0.7853981633974483,0.0,0.5235987755982988,0.0,0.0,0.0,0.0,0.0,0.0,0.0,0.0,0.0,0.0,0.0,0.0,0.0,0.5,0.0,0.0,0.0,False,False,False,False,1,False,,0.0,0,,,,True,True,0.0,0.010000000000000009,True,0.0,0.0,False,False,False,False,False,False,1.0,False,False,False,0.0,0.0,0.0,0.0
0.5800000000000003,1786138860.273489,0.002211300015915185,0.0023526999866589904,0.01,READY,0,waiting for deadman,0.0,0.5800000000000003,58,0.0,0.0,0.0,0.0,0.0,0.0,1.0,0.0,0.0,0.0,0.0,0.0,0.0,1.0,-0.016000000000000007,-0.22496149868535165,0.2802328425555495,-0.1305261922200515,0.0,0.0,0.9914448613738105,-0.016000000000000007,-0.22496149868535165,0.2802328425555495,-0.1305261922200515,0.0,0.0,0.9914448613738105,-0.016000000000000007,-0.22496149868535165,0.2802328425555495,-0.1305261922200515,0.0,0.0,0.9914448613738105,-0.016000000000000007,-0.22496149868535165,0.2802328425555495,-0.1305261922200515,0.0,0.0,0.9914448613738105,-0.016000000000000007,-0.22496149868535165,0.2802328425555495,-0.1305261922200515,0.0,0.0,0.9914448613738105,0.0,-0.5235987755982988,0.7853981633974483,0.0,0.5235987755982988,0.0,0.0,-0.5235987755982988,0.7853981633974483,0.0,0.5235987755982988,0.0,0.0,-0.5235987755982988,0.7853981633974483,0.0,0.5235987755982988,0.0,0.0,0.0,0.0,0.0,0.0,0.0,0.0,0.0,0.0,0.0,0.0,0.0,0.5,0.0,0.0,0.0,False,False,False,False,1,False,,0.0,0,,,,True,True,0.0,0.010000000000000009,True,0.0,0.0,False,False,False,False,False,False,1.0,False,False,False,0.0,0.0,0.0,0.0
0.5900000000000003,1786138860.2756994,0.0025405999913346022,0.002022700005909428,0.01,READY,0,waiting for deadman,0.0,0.5900000000000003,59,0.0,0.0,0.0,0.0,0.0,0.0,1.0,0.0,0.0,0.0,0.0,0.0,0.0,1.0,-0.016000000000000007,-0.22496149868535165,0.2802328425555495,-0.1305261922200515,0.0,0.0,0.9914448613738105,-0.016000000000000007,-0.22496149868535165,0.2802328425555495,-0.1305261922200515,0.0,0.0,0.9914448613738105,-0.016000000000000007,-0.22496149868535165,0.2802328425555495,-0.1305261922200515,0.0,0.0,0.9914448613738105,-0.016000000000000007,-0.22496149868535165,0.2802328425555495,-0.1305261922200515,0.0,0.0,0.9914448613738105,-0.016000000000000007,-0.22496149868535165,0.2802328425555495,-0.1305261922200515,0.0,0.0,0.9914448613738105,0.0,-0.5235987755982988,0.7853981633974483,0.0,0.5235987755982988,0.0,0.0,-0.5235987755982988,0.7853981633974483,0.0,0.5235987755982988,0.0,0.0,-0.5235987755982988,0.7853981633974483,0.0,0.5235987755982988,0.0,0.0,0.0,0.0,0.0,0.0,0.0,0.0,0.0,0.0,0.0,0.0,0.0,0.5,0.0,0.0,0.0,False,False,False,False,1,False,,0.0,0,,,,True,True,0.0,0.010000000000000009,True,0.0,0.0,False,False,False,False,False,False,1.0,False,False,False,0.0,0.0,0.0,0.0
0.6000000000000003,1786138860.27818,0.002200599992647767,0.0023021000088192523,0.01,READY,0,waiting for deadman,0.0,0.6000000000000003,60,0.0,0.0,0.0,0.0,0.0,0.0,1.0,0.0,0.0,0.0,0.0,0.0,0.0,1.0,-0.016000000000000007,-0.22496149868535165,0.2802328425555495,-0.1305261922200515,0.0,0.0,0.9914448613738105,-0.016000000000000007,-0.22496149868535165,0.2802328425555495,-0.1305261922200515,0.0,0.0,0.9914448613738105,-0.016000000000000007,-0.22496149868535165,0.2802328425555495,-0.1305261922200515,0.0,0.0,0.9914448613738105,-0.016000000000000007,-0.22496149868535165,0.2802328425555495,-0.1305261922200515,0.0,0.0,0.9914448613738105,-0.016000000000000007,-0.22496149868535165,0.2802328425555495,-0.1305261922200515,0.0,0.0,0.9914448613738105,0.0,-0.5235987755982988,0.7853981633974483,0.0,0.5235987755982988,0.0,0.0,-0.5235987755982988,0.7853981633974483,0.0,0.5235987755982988,0.0,0.0,-0.5235987755982988,0.7853981633974483,0.0,0.5235987755982988,0.0,0.0,0.0,0.0,0.0,0.0,0.0,0.0,0.0,0.0,0.0,0.0,0.0,0.5,0.0,0.0,0.0,False,False,False,False,1,False,,0.0,0,,,,True,True,0.0,0.010000000000000009,True,0.0,0.0,False,False,False,False,False,False,1.0,False,False,False,0.0,0.0,0.0,0.0
0.6100000000000003,1786138860.2806838,0.0024775000056251884,0.00232910001068376,0.01,READY,0,waiting for deadman,0.0,0.6100000000000003,61,0.0,0.0,0.0,0.0,0.0,0.0,1.0,0.0,0.0,0.0,0.0,0.0,0.0,1.0,-0.016000000000000007,-0.22496149868535165,0.2802328425555495,-0.1305261922200515,0.0,0.0,0.9914448613738105,-0.016000000000000007,-0.22496149868535165,0.2802328425555495,-0.1305261922200515,0.0,0.0,0.9914448613738105,-0.016000000000000007,-0.22496149868535165,0.2802328425555495,-0.1305261922200515,0.0,0.0,0.9914448613738105,-0.016000000000000007,-0.22496149868535165,0.2802328425555495,-0.1305261922200515,0.0,0.0,0.9914448613738105,-0.016000000000000007,-0.22496149868535165,0.2802328425555495,-0.1305261922200515,0.0,0.0,0.9914448613738105,0.0,-0.5235987755982988,0.7853981633974483,0.0,0.5235987755982988,0.0,0.0,-0.5235987755982988,0.7853981633974483,0.0,0.5235987755982988,0.0,0.0,-0.5235987755982988,0.7853981633974483,0.0,0.5235987755982988,0.0,0.0,0.0,0.0,0.0,0.0,0.0,0.0,0.0,0.0,0.0,0.0,0.0,0.5,0.0,0.0,0.0,False,False,False,False,1,False,,0.0,0,,,,True,True,0.0,0.010000000000000009,True,0.0,0.0,False,False,False,False,False,False,1.0,False,False,False,0.0,0.0,0.0,0.0
0.6200000000000003,1786138860.2830637,0.0025381000014021993,0.002170099993236363,0.01,READY,0,waiting for deadman,0.0,0.6200000000000003,62,0.0,0.0,0.0,0.0,0.0,0.0,1.0,0.0,0.0,0.0,0.0,0.0,0.0,1.0,-0.016000000000000007,-0.22496149868535165,0.2802328425555495,-0.1305261922200515,0.0,0.0,0.9914448613738105,-0.016000000000000007,-0.22496149868535165,0.2802328425555495,-0.1305261922200515,0.0,0.0,0.9914448613738105,-0.016000000000000007,-0.22496149868535165,0.2802328425555495,-0.1305261922200515,0.0,0.0,0.9914448613738105,-0.016000000000000007,-0.22496149868535165,0.2802328425555495,-0.1305261922200515,0.0,0.0,0.9914448613738105,-0.016000000000000007,-0.22496149868535165,0.2802328425555495,-0.1305261922200515,0.0,0.0,0.9914448613738105,0.0,-0.5235987755982988,0.7853981633974483,0.0,0.5235987755982988,0.0,0.0,-0.5235987755982988,0.7853981633974483,0.0,0.5235987755982988,0.0,0.0,-0.5235987755982988,0.7853981633974483,0.0,0.5235987755982988,0.0,0.0,0.0,0.0,0.0,0.0,0.0,0.0,0.0,0.0,0.0,0.0,0.0,0.5,0.0,0.0,0.0,False,False,False,False,1,False,,0.0,0,,,,True,True,0.0,0.010000000000000009,True,0.0,0.0,False,False,False,False,False,False,1.0,False,False,False,0.0,0.0,0.0,0.0
0.6300000000000003,1786138860.2855809,0.002362400002311915,0.0023253000108525157,0.01,READY,0,waiting for deadman,0.0,0.6300000000000003,63,0.0,0.0,0.0,0.0,0.0,0.0,1.0,0.0,0.0,0.0,0.0,0.0,0.0,1.0,-0.016000000000000007,-0.22496149868535165,0.2802328425555495,-0.1305261922200515,0.0,0.0,0.9914448613738105,-0.016000000000000007,-0.22496149868535165,0.2802328425555495,-0.1305261922200515,0.0,0.0,0.9914448613738105,-0.016000000000000007,-0.22496149868535165,0.2802328425555495,-0.1305261922200515,0.0,0.0,0.9914448613738105,-0.016000000000000007,-0.22496149868535165,0.2802328425555495,-0.1305261922200515,0.0,0.0,0.9914448613738105,-0.016000000000000007,-0.22496149868535165,0.2802328425555495,-0.1305261922200515,0.0,0.0,0.9914448613738105,0.0,-0.5235987755982988,0.7853981633974483,0.0,0.5235987755982988,0.0,0.0,-0.5235987755982988,0.7853981633974483,0.0,0.5235987755982988,0.0,0.0,-0.5235987755982988,0.7853981633974483,0.0,0.5235987755982988,0.0,0.0,0.0,0.0,0.0,0.0,0.0,0.0,0.0,0.0,0.0,0.0,0.0,0.5,0.0,0.0,0.0,False,False,False,False,1,False,,0.0,0,,,,True,True,0.0,0.010000000000000009,True,0.0,0.0,False,False,False,False,False,False,1.0,False,False,False,0.0,0.0,0.0,0.0
0.6400000000000003,1786138860.2878633,0.0025489999970886856,0.0020586999889928848,0.01,READY,0,waiting for deadman,0.0,0.6400000000000003,64,0.0,0.0,0.0,0.0,0.0,0.0,1.0,0.0,0.0,0.0,0.0,0.0,0.0,1.0,-0.016000000000000007,-0.22496149868535165,0.2802328425555495,-0.1305261922200515,0.0,0.0,0.9914448613738105,-0.016000000000000007,-0.22496149868535165,0.2802328425555495,-0.1305261922200515,0.0,0.0,0.9914448613738105,-0.016000000000000007,-0.22496149868535165,0.2802328425555495,-0.1305261922200515,0.0,0.0,0.9914448613738105,-0.016000000000000007,-0.22496149868535165,0.2802328425555495,-0.1305261922200515,0.0,0.0,0.9914448613738105,-0.016000000000000007,-0.22496149868535165,0.2802328425555495,-0.1305261922200515,0.0,0.0,0.9914448613738105,0.0,-0.5235987755982988,0.7853981633974483,0.0,0.5235987755982988,0.0,0.0,-0.5235987755982988,0.7853981633974483,0.0,0.5235987755982988,0.0,0.0,-0.5235987755982988,0.7853981633974483,0.0,0.5235987755982988,0.0,0.0,0.0,0.0,0.0,0.0,0.0,0.0,0.0,0.0,0.0,0.0,0.0,0.5,0.0,0.0,0.0,False,False,False,False,1,False,,0.0,0,,,,True,True,0.0,0.010000000000000009,True,0.0,0.0,False,False,False,False,False,False,1.0,False,False,False,0.0,0.0,0.0,0.0
0.6500000000000004,1786138860.2903407,0.002241400012280792,0.002294499980052933,0.01,READY,0,waiting for deadman,0.0,0.6500000000000004,65,0.0,0.0,0.0,0.0,0.0,0.0,1.0,0.0,0.0,0.0,0.0,0.0,0.0,1.0,-0.016000000000000007,-0.22496149868535165,0.2802328425555495,-0.1305261922200515,0.0,0.0,0.9914448613738105,-0.016000000000000007,-0.22496149868535165,0.2802328425555495,-0.1305261922200515,0.0,0.0,0.9914448613738105,-0.016000000000000007,-0.22496149868535165,0.2802328425555495,-0.1305261922200515,0.0,0.0,0.9914448613738105,-0.016000000000000007,-0.22496149868535165,0.2802328425555495,-0.1305261922200515,0.0,0.0,0.9914448613738105,-0.016000000000000007,-0.22496149868535165,0.2802328425555495,-0.1305261922200515,0.0,0.0,0.9914448613738105,0.0,-0.5235987755982988,0.7853981633974483,0.0,0.5235987755982988,0.0,0.0,-0.5235987755982988,0.7853981633974483,0.0,0.5235987755982988,0.0,0.0,-0.5235987755982988,0.7853981633974483,0.0,0.5235987755982988,0.0,0.0,0.0,0.0,0.0,0.0,0.0,0.0,0.0,0.0,0.0,0.0,0.0,0.5,0.0,0.0,0.0,False,False,False,False,1,False,,0.0,0,,,,True,True,0.0,0.010000000000000009,True,0.0,0.0,False,False,False,False,False,False,1.0,False,False,False,0.0,0.0,0.0,0.0
0.6600000000000004,1786138860.2925227,0.0024741999804973602,0.002002499997615814,0.01,READY,0,waiting for deadman,0.0,0.6600000000000004,66,0.0,0.0,0.0,0.0,0.0,0.0,1.0,0.0,0.0,0.0,0.0,0.0,0.0,1.0,-0.016000000000000007,-0.22496149868535165,0.2802328425555495,-0.1305261922200515,0.0,0.0,0.9914448613738105,-0.016000000000000007,-0.22496149868535165,0.2802328425555495,-0.1305261922200515,0.0,0.0,0.9914448613738105,-0.016000000000000007,-0.22496149868535165,0.2802328425555495,-0.1305261922200515,0.0,0.0,0.9914448613738105,-0.016000000000000007,-0.22496149868535165,0.2802328425555495,-0.1305261922200515,0.0,0.0,0.9914448613738105,-0.016000000000000007,-0.22496149868535165,0.2802328425555495,-0.1305261922200515,0.0,0.0,0.9914448613738105,0.0,-0.5235987755982988,0.7853981633974483,0.0,0.5235987755982988,0.0,0.0,-0.5235987755982988,0.7853981633974483,0.0,0.5235987755982988,0.0,0.0,-0.5235987755982988,0.7853981633974483,0.0,0.5235987755982988,0.0,0.0,0.0,0.0,0.0,0.0,0.0,0.0,0.0,0.0,0.0,0.0,0.0,0.5,0.0,0.0,0.0,False,False,False,False,1,False,,0.0,0,,,,True,True,0.0,0.010000000000000009,True,0.0,0.0,False,False,False,False,False,False,1.0,False,False,False,0.0,0.0,0.0,0.0
0.6700000000000004,1786138860.2955134,0.0021778000227641314,0.0028155000181868672,0.01,READY,0,waiting for deadman,0.0,0.6700000000000004,67,0.0,0.0,0.0,0.0,0.0,0.0,1.0,0.0,0.0,0.0,0.0,0.0,0.0,1.0,-0.016000000000000007,-0.22496149868535165,0.2802328425555495,-0.1305261922200515,0.0,0.0,0.9914448613738105,-0.016000000000000007,-0.22496149868535165,0.2802328425555495,-0.1305261922200515,0.0,0.0,0.9914448613738105,-0.016000000000000007,-0.22496149868535165,0.2802328425555495,-0.1305261922200515,0.0,0.0,0.9914448613738105,-0.016000000000000007,-0.22496149868535165,0.2802328425555495,-0.1305261922200515,0.0,0.0,0.9914448613738105,-0.016000000000000007,-0.22496149868535165,0.2802328425555495,-0.1305261922200515,0.0,0.0,0.9914448613738105,0.0,-0.5235987755982988,0.7853981633974483,0.0,0.5235987755982988,0.0,0.0,-0.5235987755982988,0.7853981633974483,0.0,0.5235987755982988,0.0,0.0,-0.5235987755982988,0.7853981633974483,0.0,0.5235987755982988,0.0,0.0,0.0,0.0,0.0,0.0,0.0,0.0,0.0,0.0,0.0,0.0,0.0,0.5,0.0,0.0,0.0,False,False,False,False,1,False,,0.0,0,,,,True,True,0.0,0.010000000000000009,True,0.0,0.0,False,False,False,False,False,False,1.0,False,False,False,0.0,0.0,0.0,0.0
0.6800000000000004,1786138860.2978334,0.003009999985806644,0.002125700004398823,0.01,READY,0,waiting for deadman,0.0,0.6800000000000004,68,0.0,0.0,0.0,0.0,0.0,0.0,1.0,0.0,0.0,0.0,0.0,0.0,0.0,1.0,-0.016000000000000007,-0.22496149868535165,0.2802328425555495,-0.1305261922200515,0.0,0.0,0.9914448613738105,-0.016000000000000007,-0.22496149868535165,0.2802328425555495,-0.1305261922200515,0.0,0.0,0.9914448613738105,-0.016000000000000007,-0.22496149868535165,0.2802328425555495,-0.1305261922200515,0.0,0.0,0.9914448613738105,-0.016000000000000007,-0.22496149868535165,0.2802328425555495,-0.1305261922200515,0.0,0.0,0.9914448613738105,-0.016000000000000007,-0.22496149868535165,0.2802328425555495,-0.1305261922200515,0.0,0.0,0.9914448613738105,0.0,-0.5235987755982988,0.7853981633974483,0.0,0.5235987755982988,0.0,0.0,-0.5235987755982988,0.7853981633974483,0.0,0.5235987755982988,0.0,0.0,-0.5235987755982988,0.7853981633974483,0.0,0.5235987755982988,0.0,0.0,0.0,0.0,0.0,0.0,0.0,0.0,0.0,0.0,0.0,0.0,0.0,0.5,0.0,0.0,0.0,False,False,False,False,1,False,,0.0,0,,,,True,True,0.0,0.010000000000000009,True,0.0,0.0,False,False,False,False,False,False,1.0,False,False,False,0.0,0.0,0.0,0.0
0.6900000000000004,1786138860.300332,0.0023070000170264393,0.0023173000081442297,0.01,READY,0,waiting for deadman,0.0,0.6900000000000004,69,0.0,0.0,0.0,0.0,0.0,0.0,1.0,0.0,0.0,0.0,0.0,0.0,0.0,1.0,-0.016000000000000007,-0.22496149868535165,0.2802328425555495,-0.1305261922200515,0.0,0.0,0.9914448613738105,-0.016000000000000007,-0.22496149868535165,0.2802328425555495,-0.1305261922200515,0.0,0.0,0.9914448613738105,-0.016000000000000007,-0.22496149868535165,0.2802328425555495,-0.1305261922200515,0.0,0.0,0.9914448613738105,-0.016000000000000007,-0.22496149868535165,0.2802328425555495,-0.1305261922200515,0.0,0.0,0.9914448613738105,-0.016000000000000007,-0.22496149868535165,0.2802328425555495,-0.1305261922200515,0.0,0.0,0.9914448613738105,0.0,-0.5235987755982988,0.7853981633974483,0.0,0.5235987755982988,0.0,0.0,-0.5235987755982988,0.7853981633974483,0.0,0.5235987755982988,0.0,0.0,-0.5235987755982988,0.7853981633974483,0.0,0.5235987755982988,0.0,0.0,0.0,0.0,0.0,0.0,0.0,0.0,0.0,0.0,0.0,0.0,0.0,0.5,0.0,0.0,0.0,False,False,False,False,1,False,,0.0,0,,,,True,True,0.0,0.010000000000000009,True,0.0,0.0,False,False,False,False,False,False,1.0,False,False,False,0.0,0.0,0.0,0.0
0.7000000000000004,1786138860.3025532,0.0025010999816004187,0.00203719999990426,0.01,READY,0,waiting for deadman,0.0,0.7000000000000004,70,0.0,0.0,0.0,0.0,0.0,0.0,1.0,0.0,0.0,0.0,0.0,0.0,0.0,1.0,-0.016000000000000007,-0.22496149868535165,0.2802328425555495,-0.1305261922200515,0.0,0.0,0.9914448613738105,-0.016000000000000007,-0.22496149868535165,0.2802328425555495,-0.1305261922200515,0.0,0.0,0.9914448613738105,-0.016000000000000007,-0.22496149868535165,0.2802328425555495,-0.1305261922200515,0.0,0.0,0.9914448613738105,-0.016000000000000007,-0.22496149868535165,0.2802328425555495,-0.1305261922200515,0.0,0.0,0.9914448613738105,-0.016000000000000007,-0.22496149868535165,0.2802328425555495,-0.1305261922200515,0.0,0.0,0.9914448613738105,0.0,-0.5235987755982988,0.7853981633974483,0.0,0.5235987755982988,0.0,0.0,-0.5235987755982988,0.7853981633974483,0.0,0.5235987755982988,0.0,0.0,-0.5235987755982988,0.7853981633974483,0.0,0.5235987755982988,0.0,0.0,0.0,0.0,0.0,0.0,0.0,0.0,0.0,0.0,0.0,0.0,0.0,0.5,0.0,0.0,0.0,False,False,False,False,1,False,,0.0,0,,,,True,True,0.0,0.010000000000000009,True,0.0,0.0,False,False,False,False,False,False,1.0,False,False,False,0.0,0.0,0.0,0.0
0.7100000000000004,1786138860.304818,0.002250699995784089,0.0020511000184342265,0.01,READY,0,waiting for deadman,0.0,0.7100000000000004,71,0.0,0.0,0.0,0.0,0.0,0.0,1.0,0.0,0.0,0.0,0.0,0.0,0.0,1.0,-0.016000000000000007,-0.22496149868535165,0.2802328425555495,-0.1305261922200515,0.0,0.0,0.9914448613738105,-0.016000000000000007,-0.22496149868535165,0.2802328425555495,-0.1305261922200515,0.0,0.0,0.9914448613738105,-0.016000000000000007,-0.22496149868535165,0.2802328425555495,-0.1305261922200515,0.0,0.0,0.9914448613738105,-0.016000000000000007,-0.22496149868535165,0.2802328425555495,-0.1305261922200515,0.0,0.0,0.9914448613738105,-0.016000000000000007,-0.22496149868535165,0.2802328425555495,-0.1305261922200515,0.0,0.0,0.9914448613738105,0.0,-0.5235987755982988,0.7853981633974483,0.0,0.5235987755982988,0.0,0.0,-0.5235987755982988,0.7853981633974483,0.0,0.5235987755982988,0.0,0.0,-0.5235987755982988,0.7853981633974483,0.0,0.5235987755982988,0.0,0.0,0.0,0.0,0.0,0.0,0.0,0.0,0.0,0.0,0.0,0.0,0.0,0.5,0.0,0.0,0.0,False,False,False,False,1,False,,0.0,0,,,,True,True,0.0,0.010000000000000009,True,0.0,0.0,False,False,False,False,False,False,1.0,False,False,False,0.0,0.0,0.0,0.0
0.7200000000000004,1786138860.3073301,0.0022307000181172043,0.0023324999783653766,0.01,READY,0,waiting for deadman,0.0,0.7200000000000004,72,0.0,0.0,0.0,0.0,0.0,0.0,1.0,0.0,0.0,0.0,0.0,0.0,0.0,1.0,-0.016000000000000007,-0.22496149868535165,0.2802328425555495,-0.1305261922200515,0.0,0.0,0.9914448613738105,-0.016000000000000007,-0.22496149868535165,0.2802328425555495,-0.1305261922200515,0.0,0.0,0.9914448613738105,-0.016000000000000007,-0.22496149868535165,0.2802328425555495,-0.1305261922200515,0.0,0.0,0.9914448613738105,-0.016000000000000007,-0.22496149868535165,0.2802328425555495,-0.1305261922200515,0.0,0.0,0.9914448613738105,-0.016000000000000007,-0.22496149868535165,0.2802328425555495,-0.1305261922200515,0.0,0.0,0.9914448613738105,0.0,-0.5235987755982988,0.7853981633974483,0.0,0.5235987755982988,0.0,0.0,-0.5235987755982988,0.7853981633974483,0.0,0.5235987755982988,0.0,0.0,-0.5235987755982988,0.7853981633974483,0.0,0.5235987755982988,0.0,0.0,0.0,0.0,0.0,0.0,0.0,0.0,0.0,0.0,0.0,0.0,0.0,0.5,0.0,0.0,0.0,False,False,False,False,1,False,,0.0,0,,,,True,True,0.0,0.010000000000000009,True,0.0,0.0,False,False,False,False,False,False,1.0,False,False,False,0.0,0.0,0.0,0.0
0.7300000000000004,1786138860.3095257,0.002511999977286905,0.0020164000161457807,0.01,READY,0,waiting for deadman,0.0,0.7300000000000004,73,0.0,0.0,0.0,0.0,0.0,0.0,1.0,0.0,0.0,0.0,0.0,0.0,0.0,1.0,-0.016000000000000007,-0.22496149868535165,0.2802328425555495,-0.1305261922200515,0.0,0.0,0.9914448613738105,-0.016000000000000007,-0.22496149868535165,0.2802328425555495,-0.1305261922200515,0.0,0.0,0.9914448613738105,-0.016000000000000007,-0.22496149868535165,0.2802328425555495,-0.1305261922200515,0.0,0.0,0.9914448613738105,-0.016000000000000007,-0.22496149868535165,0.2802328425555495,-0.1305261922200515,0.0,0.0,0.9914448613738105,-0.016000000000000007,-0.22496149868535165,0.2802328425555495,-0.1305261922200515,0.0,0.0,0.9914448613738105,0.0,-0.5235987755982988,0.7853981633974483,0.0,0.5235987755982988,0.0,0.0,-0.5235987755982988,0.7853981633974483,0.0,0.5235987755982988,0.0,0.0,-0.5235987755982988,0.7853981633974483,0.0,0.5235987755982988,0.0,0.0,0.0,0.0,0.0,0.0,0.0,0.0,0.0,0.0,0.0,0.0,0.0,0.5,0.0,0.0,0.0,False,False,False,False,1,False,,0.0,0,,,,True,True,0.0,0.010000000000000009,True,0.0,0.0,False,False,False,False,False,False,1.0,False,False,False,0.0,0.0,0.0,0.0
0.7400000000000004,1786138860.312297,0.0021940000005997717,0.0025938000180758536,0.01,READY,0,waiting for deadman,0.0,0.7400000000000004,74,0.0,0.0,0.0,0.0,0.0,0.0,1.0,0.0,0.0,0.0,0.0,0.0,0.0,1.0,-0.016000000000000007,-0.22496149868535165,0.2802328425555495,-0.1305261922200515,0.0,0.0,0.9914448613738105,-0.016000000000000007,-0.22496149868535165,0.2802328425555495,-0.1305261922200515,0.0,0.0,0.9914448613738105,-0.016000000000000007,-0.22496149868535165,0.2802328425555495,-0.1305261922200515,0.0,0.0,0.9914448613738105,-0.016000000000000007,-0.22496149868535165,0.2802328425555495,-0.1305261922200515,0.0,0.0,0.9914448613738105,-0.016000000000000007,-0.22496149868535165,0.2802328425555495,-0.1305261922200515,0.0,0.0,0.9914448613738105,0.0,-0.5235987755982988,0.7853981633974483,0.0,0.5235987755982988,0.0,0.0,-0.5235987755982988,0.7853981633974483,0.0,0.5235987755982988,0.0,0.0,-0.5235987755982988,0.7853981633974483,0.0,0.5235987755982988,0.0,0.0,0.0,0.0,0.0,0.0,0.0,0.0,0.0,0.0,0.0,0.0,0.0,0.5,0.0,0.0,0.0,False,False,False,False,1,False,,0.0,0,,,,True,True,0.0,0.010000000000000009,True,0.0,0.0,False,False,False,False,False,False,1.0,False,False,False,0.0,0.0,0.0,0.0
0.7500000000000004,1786138860.3146071,0.002786100027151406,0.002117500000167638,0.01,READY,0,waiting for deadman,0.0,0.7500000000000004,75,0.0,0.0,0.0,0.0,0.0,0.0,1.0,0.0,0.0,0.0,0.0,0.0,0.0,1.0,-0.016000000000000007,-0.22496149868535165,0.2802328425555495,-0.1305261922200515,0.0,0.0,0.9914448613738105,-0.016000000000000007,-0.22496149868535165,0.2802328425555495,-0.1305261922200515,0.0,0.0,0.9914448613738105,-0.016000000000000007,-0.22496149868535165,0.2802328425555495,-0.1305261922200515,0.0,0.0,0.9914448613738105,-0.016000000000000007,-0.22496149868535165,0.2802328425555495,-0.1305261922200515,0.0,0.0,0.9914448613738105,-0.016000000000000007,-0.22496149868535165,0.2802328425555495,-0.1305261922200515,0.0,0.0,0.9914448613738105,0.0,-0.5235987755982988,0.7853981633974483,0.0,0.5235987755982988,0.0,0.0,-0.5235987755982988,0.7853981633974483,0.0,0.5235987755982988,0.0,0.0,-0.5235987755982988,0.7853981633974483,0.0,0.5235987755982988,0.0,0.0,0.0,0.0,0.0,0.0,0.0,0.0,0.0,0.0,0.0,0.0,0.0,0.5,0.0,0.0,0.0,False,False,False,False,1,False,,0.0,0,,,,True,True,0.0,0.010000000000000009,True,0.0,0.0,False,False,False,False,False,False,1.0,False,False,False,0.0,0.0,0.0,0.0
0.7600000000000005,1786138860.3171322,0.002303399989614263,0.0023392000002786517,0.01,READY,0,waiting for deadman,0.0,0.7600000000000005,76,0.0,0.0,0.0,0.0,0.0,0.0,1.0,0.0,0.0,0.0,0.0,0.0,0.0,1.0,-0.016000000000000007,-0.22496149868535165,0.2802328425555495,-0.1305261922200515,0.0,0.0,0.9914448613738105,-0.016000000000000007,-0.22496149868535165,0.2802328425555495,-0.1305261922200515,0.0,0.0,0.9914448613738105,-0.016000000000000007,-0.22496149868535165,0.2802328425555495,-0.1305261922200515,0.0,0.0,0.9914448613738105,-0.016000000000000007,-0.22496149868535165,0.2802328425555495,-0.1305261922200515,0.0,0.0,0.9914448613738105,-0.016000000000000007,-0.22496149868535165,0.2802328425555495,-0.1305261922200515,0.0,0.0,0.9914448613738105,0.0,-0.5235987755982988,0.7853981633974483,0.0,0.5235987755982988,0.0,0.0,-0.5235987755982988,0.7853981633974483,0.0,0.5235987755982988,0.0,0.0,-0.5235987755982988,0.7853981633974483,0.0,0.5235987755982988,0.0,0.0,0.0,0.0,0.0,0.0,0.0,0.0,0.0,0.0,0.0,0.0,0.0,0.5,0.0,0.0,0.0,False,False,False,False,1,False,,0.0,0,,,,True,True,0.0,0.010000000000000009,True,0.0,0.0,False,False,False,False,False,False,1.0,False,False,False,0.0,0.0,0.0,0.0
0.7700000000000005,1786138860.3193374,0.002517999993870035,0.002026400004979223,0.01,READY,0,waiting for deadman,0.0,0.7700000000000005,77,0.0,0.0,0.0,0.0,0.0,0.0,1.0,0.0,0.0,0.0,0.0,0.0,0.0,1.0,-0.016000000000000007,-0.22496149868535165,0.2802328425555495,-0.1305261922200515,0.0,0.0,0.9914448613738105,-0.016000000000000007,-0.22496149868535165,0.2802328425555495,-0.1305261922200515,0.0,0.0,0.9914448613738105,-0.016000000000000007,-0.22496149868535165,0.2802328425555495,-0.1305261922200515,0.0,0.0,0.9914448613738105,-0.016000000000000007,-0.22496149868535165,0.2802328425555495,-0.1305261922200515,0.0,0.0,0.9914448613738105,-0.016000000000000007,-0.22496149868535165,0.2802328425555495,-0.1305261922200515,0.0,0.0,0.9914448613738105,0.0,-0.5235987755982988,0.7853981633974483,0.0,0.5235987755982988,0.0,0.0,-0.5235987755982988,0.7853981633974483,0.0,0.5235987755982988,0.0,0.0,-0.5235987755982988,0.7853981633974483,0.0,0.5235987755982988,0.0,0.0,0.0,0.0,0.0,0.0,0.0,0.0,0.0,0.0,0.0,0.0,0.0,0.5,0.0,0.0,0.0,False,False,False,False,1,False,,0.0,0,,,,True,True,0.0,0.010000000000000009,True,0.0,0.0,False,False,False,False,False,False,1.0,False,False,False,0.0,0.0,0.0,0.0
0.7800000000000005,1786138860.321874,0.0022393999970518053,0.002323599997907877,0.01,READY,0,waiting for deadman,0.0,0.7800000000000005,78,0.0,0.0,0.0,0.0,0.0,0.0,1.0,0.0,0.0,0.0,0.0,0.0,0.0,1.0,-0.016000000000000007,-0.22496149868535165,0.2802328425555495,-0.1305261922200515,0.0,0.0,0.9914448613738105,-0.016000000000000007,-0.22496149868535165,0.2802328425555495,-0.1305261922200515,0.0,0.0,0.9914448613738105,-0.016000000000000007,-0.22496149868535165,0.2802328425555495,-0.1305261922200515,0.0,0.0,0.9914448613738105,-0.016000000000000007,-0.22496149868535165,0.2802328425555495,-0.1305261922200515,0.0,0.0,0.9914448613738105,-0.016000000000000007,-0.22496149868535165,0.2802328425555495,-0.1305261922200515,0.0,0.0,0.9914448613738105,0.0,-0.5235987755982988,0.7853981633974483,0.0,0.5235987755982988,0.0,0.0,-0.5235987755982988,0.7853981633974483,0.0,0.5235987755982988,0.0,0.0,-0.5235987755982988,0.7853981633974483,0.0,0.5235987755982988,0.0,0.0,0.0,0.0,0.0,0.0,0.0,0.0,0.0,0.0,0.0,0.0,0.0,0.5,0.0,0.0,0.0,False,False,False,False,1,False,,0.0,0,,,,True,True,0.0,0.010000000000000009,True,0.0,0.0,False,False,False,False,False,False,1.0,False,False,False,0.0,0.0,0.0,0.0
0.7900000000000005,1786138860.3240578,0.0025009000091813505,0.002006700000492856,0.01,READY,0,waiting for deadman,0.0,0.7900000000000005,79,0.0,0.0,0.0,0.0,0.0,0.0,1.0,0.0,0.0,0.0,0.0,0.0,0.0,1.0,-0.016000000000000007,-0.22496149868535165,0.2802328425555495,-0.1305261922200515,0.0,0.0,0.9914448613738105,-0.016000000000000007,-0.22496149868535165,0.2802328425555495,-0.1305261922200515,0.0,0.0,0.9914448613738105,-0.016000000000000007,-0.22496149868535165,0.2802328425555495,-0.1305261922200515,0.0,0.0,0.9914448613738105,-0.016000000000000007,-0.22496149868535165,0.2802328425555495,-0.1305261922200515,0.0,0.0,0.9914448613738105,-0.016000000000000007,-0.22496149868535165,0.2802328425555495,-0.1305261922200515,0.0,0.0,0.9914448613738105,0.0,-0.5235987755982988,0.7853981633974483,0.0,0.5235987755982988,0.0,0.0,-0.5235987755982988,0.7853981633974483,0.0,0.5235987755982988,0.0,0.0,-0.5235987755982988,0.7853981633974483,0.0,0.5235987755982988,0.0,0.0,0.0,0.0,0.0,0.0,0.0,0.0,0.0,0.0,0.0,0.0,0.0,0.5,0.0,0.0,0.0,False,False,False,False,1,False,,0.0,0,,,,True,True,0.0,0.010000000000000009,True,0.0,0.0,False,False,False,False,False,False,1.0,False,False,False,0.0,0.0,0.0,0.0
0.8000000000000005,1786138860.32673,0.002184899989515543,0.0024941000156104565,0.01,READY,0,waiting for deadman,0.0,0.8000000000000005,80,0.0,0.0,0.0,0.0,0.0,0.0,1.0,0.0,0.0,0.0,0.0,0.0,0.0,1.0,-0.016000000000000007,-0.22496149868535165,0.2802328425555495,-0.1305261922200515,0.0,0.0,0.9914448613738105,-0.016000000000000007,-0.22496149868535165,0.2802328425555495,-0.1305261922200515,0.0,0.0,0.9914448613738105,-0.016000000000000007,-0.22496149868535165,0.2802328425555495,-0.1305261922200515,0.0,0.0,0.9914448613738105,-0.016000000000000007,-0.22496149868535165,0.2802328425555495,-0.1305261922200515,0.0,0.0,0.9914448613738105,-0.016000000000000007,-0.22496149868535165,0.2802328425555495,-0.1305261922200515,0.0,0.0,0.9914448613738105,0.0,-0.5235987755982988,0.7853981633974483,0.0,0.5235987755982988,0.0,0.0,-0.5235987755982988,0.7853981633974483,0.0,0.5235987755982988,0.0,0.0,-0.5235987755982988,0.7853981633974483,0.0,0.5235987755982988,0.0,0.0,0.0,0.0,0.0,0.0,0.0,0.0,0.0,0.0,0.0,0.0,0.0,0.5,0.0,0.0,0.0,False,False,False,False,1,False,,0.0,0,,,,True,True,0.0,0.010000000000000009,True,0.0,0.0,False,False,False,False,False,False,1.0,False,False,False,0.0,0.0,0.0,0.0
0.8100000000000005,1786138860.3294556,0.0027791000029537827,0.0024400000111199915,0.01,READY,0,waiting for deadman,0.0,0.8100000000000005,81,0.0,0.0,0.0,0.0,0.0,0.0,1.0,0.0,0.0,0.0,0.0,0.0,0.0,1.0,-0.016000000000000007,-0.22496149868535165,0.2802328425555495,-0.1305261922200515,0.0,0.0,0.9914448613738105,-0.016000000000000007,-0.22496149868535165,0.2802328425555495,-0.1305261922200515,0.0,0.0,0.9914448613738105,-0.016000000000000007,-0.22496149868535165,0.2802328425555495,-0.1305261922200515,0.0,0.0,0.9914448613738105,-0.016000000000000007,-0.22496149868535165,0.2802328425555495,-0.1305261922200515,0.0,0.0,0.9914448613738105,-0.016000000000000007,-0.22496149868535165,0.2802328425555495,-0.1305261922200515,0.0,0.0,0.9914448613738105,0.0,-0.5235987755982988,0.7853981633974483,0.0,0.5235987755982988,0.0,0.0,-0.5235987755982988,0.7853981633974483,0.0,0.5235987755982988,0.0,0.0,-0.5235987755982988,0.7853981633974483,0.0,0.5235987755982988,0.0,0.0,0.0,0.0,0.0,0.0,0.0,0.0,0.0,0.0,0.0,0.0,0.0,0.5,0.0,0.0,0.0,False,False,False,False,1,False,,0.0,0,,,,True,True,0.0,0.010000000000000009,True,0.0,0.0,False,False,False,False,False,False,1.0,False,False,False,0.0,0.0,0.0,0.0
0.8200000000000005,1786138860.331785,0.0026271000097040087,0.002142699988326058,0.01,READY,0,waiting for deadman,0.0,0.8200000000000005,82,0.0,0.0,0.0,0.0,0.0,0.0,1.0,0.0,0.0,0.0,0.0,0.0,0.0,1.0,-0.016000000000000007,-0.22496149868535165,0.2802328425555495,-0.1305261922200515,0.0,0.0,0.9914448613738105,-0.016000000000000007,-0.22496149868535165,0.2802328425555495,-0.1305261922200515,0.0,0.0,0.9914448613738105,-0.016000000000000007,-0.22496149868535165,0.2802328425555495,-0.1305261922200515,0.0,0.0,0.9914448613738105,-0.016000000000000007,-0.22496149868535165,0.2802328425555495,-0.1305261922200515,0.0,0.0,0.9914448613738105,-0.016000000000000007,-0.22496149868535165,0.2802328425555495,-0.1305261922200515,0.0,0.0,0.9914448613738105,0.0,-0.5235987755982988,0.7853981633974483,0.0,0.5235987755982988,0.0,0.0,-0.5235987755982988,0.7853981633974483,0.0,0.5235987755982988,0.0,0.0,-0.5235987755982988,0.7853981633974483,0.0,0.5235987755982988,0.0,0.0,0.0,0.0,0.0,0.0,0.0,0.0,0.0,0.0,0.0,0.0,0.0,0.5,0.0,0.0,0.0,False,False,False,False,1,False,,0.0,0,,,,True,True,0.0,0.010000000000000009,True,0.0,0.0,False,False,False,False,False,False,1.0,False,False,False,0.0,0.0,0.0,0.0
0.8300000000000005,1786138860.3343353,0.002338699996471405,0.0023542999988421798,0.01,READY,0,waiting for deadman,0.0,0.8300000000000005,83,0.0,0.0,0.0,0.0,0.0,0.0,1.0,0.0,0.0,0.0,0.0,0.0,0.0,1.0,-0.016000000000000007,-0.22496149868535165,0.2802328425555495,-0.1305261922200515,0.0,0.0,0.9914448613738105,-0.016000000000000007,-0.22496149868535165,0.2802328425555495,-0.1305261922200515,0.0,0.0,0.9914448613738105,-0.016000000000000007,-0.22496149868535165,0.2802328425555495,-0.1305261922200515,0.0,0.0,0.9914448613738105,-0.016000000000000007,-0.22496149868535165,0.2802328425555495,-0.1305261922200515,0.0,0.0,0.9914448613738105,-0.016000000000000007,-0.22496149868535165,0.2802328425555495,-0.1305261922200515,0.0,0.0,0.9914448613738105,0.0,-0.5235987755982988,0.7853981633974483,0.0,0.5235987755982988,0.0,0.0,-0.5235987755982988,0.7853981633974483,0.0,0.5235987755982988,0.0,0.0,-0.5235987755982988,0.7853981633974483,0.0,0.5235987755982988,0.0,0.0,0.0,0.0,0.0,0.0,0.0,0.0,0.0,0.0,0.0,0.0,0.0,0.5,0.0,0.0,0.0,False,False,False,False,1,False,,0.0,0,,,,True,True,0.0,0.010000000000000009,True,0.0,0.0,False,False,False,False,False,False,1.0,False,False,False,0.0,0.0,0.0,0.0
0.8400000000000005,1786138860.3365335,0.002536599989980459,0.002015900012338534,0.01,READY,0,waiting for deadman,0.0,0.8400000000000005,84,0.0,0.0,0.0,0.0,0.0,0.0,1.0,0.0,0.0,0.0,0.0,0.0,0.0,1.0,-0.016000000000000007,-0.22496149868535165,0.2802328425555495,-0.1305261922200515,0.0,0.0,0.9914448613738105,-0.016000000000000007,-0.22496149868535165,0.2802328425555495,-0.1305261922200515,0.0,0.0,0.9914448613738105,-0.016000000000000007,-0.22496149868535165,0.2802328425555495,-0.1305261922200515,0.0,0.0,0.9914448613738105,-0.016000000000000007,-0.22496149868535165,0.2802328425555495,-0.1305261922200515,0.0,0.0,0.9914448613738105,-0.016000000000000007,-0.22496149868535165,0.2802328425555495,-0.1305261922200515,0.0,0.0,0.9914448613738105,0.0,-0.5235987755982988,0.7853981633974483,0.0,0.5235987755982988,0.0,0.0,-0.5235987755982988,0.7853981633974483,0.0,0.5235987755982988,0.0,0.0,-0.5235987755982988,0.7853981633974483,0.0,0.5235987755982988,0.0,0.0,0.0,0.0,0.0,0.0,0.0,0.0,0.0,0.0,0.0,0.0,0.0,0.5,0.0,0.0,0.0,False,False,False,False,1,False,,0.0,0,,,,True,True,0.0,0.010000000000000009,True,0.0,0.0,False,False,False,False,False,False,1.0,False,False,False,0.0,0.0,0.0,0.0
0.8500000000000005,1786138860.3391197,0.002275200007716194,0.0023265999916475266,0.01,READY,0,waiting for deadman,0.0,0.8500000000000005,85,0.0,0.0,0.0,0.0,0.0,0.0,1.0,0.0,0.0,0.0,0.0,0.0,0.0,1.0,-0.016000000000000007,-0.22496149868535165,0.2802328425555495,-0.1305261922200515,0.0,0.0,0.9914448613738105,-0.016000000000000007,-0.22496149868535165,0.2802328425555495,-0.1305261922200515,0.0,0.0,0.9914448613738105,-0.016000000000000007,-0.22496149868535165,0.2802328425555495,-0.1305261922200515,0.0,0.0,0.9914448613738105,-0.016000000000000007,-0.22496149868535165,0.2802328425555495,-0.1305261922200515,0.0,0.0,0.9914448613738105,-0.016000000000000007,-0.22496149868535165,0.2802328425555495,-0.1305261922200515,0.0,0.0,0.9914448613738105,0.0,-0.5235987755982988,0.7853981633974483,0.0,0.5235987755982988,0.0,0.0,-0.5235987755982988,0.7853981633974483,0.0,0.5235987755982988,0.0,0.0,-0.5235987755982988,0.7853981633974483,0.0,0.5235987755982988,0.0,0.0,0.0,0.0,0.0,0.0,0.0,0.0,0.0,0.0,0.0,0.0,0.0,0.5,0.0,0.0,0.0,False,False,False,False,1,False,,0.0,0,,,,True,True,0.0,0.010000000000000009,True,0.0,0.0,False,False,False,False,False,False,1.0,False,False,False,0.0,0.0,0.0,0.0
0.8600000000000005,1786138860.341317,0.0025067999958992004,0.002016899990849197,0.01,READY,0,waiting for deadman,0.0,0.8600000000000005,86,0.0,0.0,0.0,0.0,0.0,0.0,1.0,0.0,0.0,0.0,0.0,0.0,0.0,1.0,-0.016000000000000007,-0.22496149868535165,0.2802328425555495,-0.1305261922200515,0.0,0.0,0.9914448613738105,-0.016000000000000007,-0.22496149868535165,0.2802328425555495,-0.1305261922200515,0.0,0.0,0.9914448613738105,-0.016000000000000007,-0.22496149868535165,0.2802328425555495,-0.1305261922200515,0.0,0.0,0.9914448613738105,-0.016000000000000007,-0.22496149868535165,0.2802328425555495,-0.1305261922200515,0.0,0.0,0.9914448613738105,-0.016000000000000007,-0.22496149868535165,0.2802328425555495,-0.1305261922200515,0.0,0.0,0.9914448613738105,0.0,-0.5235987755982988,0.7853981633974483,0.0,0.5235987755982988,0.0,0.0,-0.5235987755982988,0.7853981633974483,0.0,0.5235987755982988,0.0,0.0,-0.5235987755982988,0.7853981633974483,0.0,0.5235987755982988,0.0,0.0,0.0,0.0,0.0,0.0,0.0,0.0,0.0,0.0,0.0,0.0,0.0,0.5,0.0,0.0,0.0,False,False,False,False,1,False,,0.0,0,,,,True,True,0.0,0.010000000000000009,True,0.0,0.0,False,False,False,False,False,False,1.0,False,False,False,0.0,0.0,0.0,0.0
0.8700000000000006,1786138860.3440256,0.0021954000112600625,0.002530799974920228,0.01,READY,0,waiting for deadman,0.0,0.8700000000000006,87,0.0,0.0,0.0,0.0,0.0,0.0,1.0,0.0,0.0,0.0,0.0,0.0,0.0,1.0,-0.016000000000000007,-0.22496149868535165,0.2802328425555495,-0.1305261922200515,0.0,0.0,0.9914448613738105,-0.016000000000000007,-0.22496149868535165,0.2802328425555495,-0.1305261922200515,0.0,0.0,0.9914448613738105,-0.016000000000000007,-0.22496149868535165,0.2802328425555495,-0.1305261922200515,0.0,0.0,0.9914448613738105,-0.016000000000000007,-0.22496149868535165,0.2802328425555495,-0.1305261922200515,0.0,0.0,0.9914448613738105,-0.016000000000000007,-0.22496149868535165,0.2802328425555495,-0.1305261922200515,0.0,0.0,0.9914448613738105,0.0,-0.5235987755982988,0.7853981633974483,0.0,0.5235987755982988,0.0,0.0,-0.5235987755982988,0.7853981633974483,0.0,0.5235987755982988,0.0,0.0,-0.5235987755982988,0.7853981633974483,0.0,0.5235987755982988,0.0,0.0,0.0,0.0,0.0,0.0,0.0,0.0,0.0,0.0,0.0,0.0,0.0,0.5,0.0,0.0,0.0,False,False,False,False,1,False,,0.0,0,,,,True,True,0.0,0.010000000000000009,True,0.0,0.0,False,False,False,False,False,False,1.0,False,False,False,0.0,0.0,0.0,0.0
0.8800000000000006,1786138860.3462973,0.0027174999995622784,0.002084899984765798,0.01,READY,0,waiting for deadman,0.0,0.8800000000000006,88,0.0,0.0,0.0,0.0,0.0,0.0,1.0,0.0,0.0,0.0,0.0,0.0,0.0,1.0,-0.016000000000000007,-0.22496149868535165,0.2802328425555495,-0.1305261922200515,0.0,0.0,0.9914448613738105,-0.016000000000000007,-0.22496149868535165,0.2802328425555495,-0.1305261922200515,0.0,0.0,0.9914448613738105,-0.016000000000000007,-0.22496149868535165,0.2802328425555495,-0.1305261922200515,0.0,0.0,0.9914448613738105,-0.016000000000000007,-0.22496149868535165,0.2802328425555495,-0.1305261922200515,0.0,0.0,0.9914448613738105,-0.016000000000000007,-0.22496149868535165,0.2802328425555495,-0.1305261922200515,0.0,0.0,0.9914448613738105,0.0,-0.5235987755982988,0.7853981633974483,0.0,0.5235987755982988,0.0,0.0,-0.5235987755982988,0.7853981633974483,0.0,0.5235987755982988,0.0,0.0,-0.5235987755982988,0.7853981633974483,0.0,0.5235987755982988,0.0,0.0,0.0,0.0,0.0,0.0,0.0,0.0,0.0,0.0,0.0,0.0,0.0,0.5,0.0,0.0,0.0,False,False,False,False,1,False,,0.0,0,,,,True,True,0.0,0.010000000000000009,True,0.0,0.0,False,False,False,False,False,False,1.0,False,False,False,0.0,0.0,0.0,0.0
0.8900000000000006,1786138860.3488019,0.0022724999871570617,0.002316800004336983,0.01,READY,0,waiting for deadman,0.0,0.8900000000000006,89,0.0,0.0,0.0,0.0,0.0,0.0,1.0,0.0,0.0,0.0,0.0,0.0,0.0,1.0,-0.016000000000000007,-0.22496149868535165,0.2802328425555495,-0.1305261922200515,0.0,0.0,0.9914448613738105,-0.016000000000000007,-0.22496149868535165,0.2802328425555495,-0.1305261922200515,0.0,0.0,0.9914448613738105,-0.016000000000000007,-0.22496149868535165,0.2802328425555495,-0.1305261922200515,0.0,0.0,0.9914448613738105,-0.016000000000000007,-0.22496149868535165,0.2802328425555495,-0.1305261922200515,0.0,0.0,0.9914448613738105,-0.016000000000000007,-0.22496149868535165,0.2802328425555495,-0.1305261922200515,0.0,0.0,0.9914448613738105,0.0,-0.5235987755982988,0.7853981633974483,0.0,0.5235987755982988,0.0,0.0,-0.5235987755982988,0.7853981633974483,0.0,0.5235987755982988,0.0,0.0,-0.5235987755982988,0.7853981633974483,0.0,0.5235987755982988,0.0,0.0,0.0,0.0,0.0,0.0,0.0,0.0,0.0,0.0,0.0,0.0,0.0,0.5,0.0,0.0,0.0,False,False,False,False,1,False,,0.0,0,,,,True,True,0.0,0.010000000000000009,True,0.0,0.0,False,False,False,False,False,False,1.0,False,False,False,0.0,0.0,0.0,0.0
0.9000000000000006,1786138860.350976,0.002495900000212714,0.001994999998714775,0.01,READY,0,waiting for deadman,0.0,0.9000000000000006,90,0.0,0.0,0.0,0.0,0.0,0.0,1.0,0.0,0.0,0.0,0.0,0.0,0.0,1.0,-0.016000000000000007,-0.22496149868535165,0.2802328425555495,-0.1305261922200515,0.0,0.0,0.9914448613738105,-0.016000000000000007,-0.22496149868535165,0.2802328425555495,-0.1305261922200515,0.0,0.0,0.9914448613738105,-0.016000000000000007,-0.22496149868535165,0.2802328425555495,-0.1305261922200515,0.0,0.0,0.9914448613738105,-0.016000000000000007,-0.22496149868535165,0.2802328425555495,-0.1305261922200515,0.0,0.0,0.9914448613738105,-0.016000000000000007,-0.22496149868535165,0.2802328425555495,-0.1305261922200515,0.0,0.0,0.9914448613738105,0.0,-0.5235987755982988,0.7853981633974483,0.0,0.5235987755982988,0.0,0.0,-0.5235987755982988,0.7853981633974483,0.0,0.5235987755982988,0.0,0.0,-0.5235987755982988,0.7853981633974483,0.0,0.5235987755982988,0.0,0.0,0.0,0.0,0.0,0.0,0.0,0.0,0.0,0.0,0.0,0.0,0.0,0.5,0.0,0.0,0.0,False,False,False,False,1,False,,0.0,0,,,,True,True,0.0,0.010000000000000009,True,0.0,0.0,False,False,False,False,False,False,1.0,False,False,False,0.0,0.0,0.0,0.0
0.9100000000000006,1786138860.3530967,0.002172200009226799,0.001943699986441061,0.01,READY,0,waiting for deadman,0.0,0.9100000000000006,91,0.0,0.0,0.0,0.0,0.0,0.0,1.0,0.0,0.0,0.0,0.0,0.0,0.0,1.0,-0.016000000000000007,-0.22496149868535165,0.2802328425555495,-0.1305261922200515,0.0,0.0,0.9914448613738105,-0.016000000000000007,-0.22496149868535165,0.2802328425555495,-0.1305261922200515,0.0,0.0,0.9914448613738105,-0.016000000000000007,-0.22496149868535165,0.2802328425555495,-0.1305261922200515,0.0,0.0,0.9914448613738105,-0.016000000000000007,-0.22496149868535165,0.2802328425555495,-0.1305261922200515,0.0,0.0,0.9914448613738105,-0.016000000000000007,-0.22496149868535165,0.2802328425555495,-0.1305261922200515,0.0,0.0,0.9914448613738105,0.0,-0.5235987755982988,0.7853981633974483,0.0,0.5235987755982988,0.0,0.0,-0.5235987755982988,0.7853981633974483,0.0,0.5235987755982988,0.0,0.0,-0.5235987755982988,0.7853981633974483,0.0,0.5235987755982988,0.0,0.0,0.0,0.0,0.0,0.0,0.0,0.0,0.0,0.0,0.0,0.0,0.0,0.5,0.0,0.0,0.0,False,False,False,False,1,False,,0.0,0,,,,True,True,0.0,0.010000000000000009,True,0.0,0.0,False,False,False,False,False,False,1.0,False,False,False,0.0,0.0,0.0,0.0
0.9200000000000006,1786138860.3555644,0.002150199987227097,0.002261100016767159,0.01,READY,0,waiting for deadman,0.0,0.9200000000000006,92,0.0,0.0,0.0,0.0,0.0,0.0,1.0,0.0,0.0,0.0,0.0,0.0,0.0,1.0,-0.016000000000000007,-0.22496149868535165,0.2802328425555495,-0.1305261922200515,0.0,0.0,0.9914448613738105,-0.016000000000000007,-0.22496149868535165,0.2802328425555495,-0.1305261922200515,0.0,0.0,0.9914448613738105,-0.016000000000000007,-0.22496149868535165,0.2802328425555495,-0.1305261922200515,0.0,0.0,0.9914448613738105,-0.016000000000000007,-0.22496149868535165,0.2802328425555495,-0.1305261922200515,0.0,0.0,0.9914448613738105,-0.016000000000000007,-0.22496149868535165,0.2802328425555495,-0.1305261922200515,0.0,0.0,0.9914448613738105,0.0,-0.5235987755982988,0.7853981633974483,0.0,0.5235987755982988,0.0,0.0,-0.5235987755982988,0.7853981633974483,0.0,0.5235987755982988,0.0,0.0,-0.5235987755982988,0.7853981633974483,0.0,0.5235987755982988,0.0,0.0,0.0,0.0,0.0,0.0,0.0,0.0,0.0,0.0,0.0,0.0,0.0,0.5,0.0,0.0,0.0,False,False,False,False,1,False,,0.0,0,,,,True,True,0.0,0.010000000000000009,True,0.0,0.0,False,False,False,False,False,False,1.0,False,False,False,0.0,0.0,0.0,0.0
0.9300000000000006,1786138860.3577101,0.0024369000166188926,0.001969899982213974,0.01,READY,0,waiting for deadman,0.0,0.9300000000000006,93,0.0,0.0,0.0,0.0,0.0,0.0,1.0,0.0,0.0,0.0,0.0,0.0,0.0,1.0,-0.016000000000000007,-0.22496149868535165,0.2802328425555495,-0.1305261922200515,0.0,0.0,0.9914448613738105,-0.016000000000000007,-0.22496149868535165,0.2802328425555495,-0.1305261922200515,0.0,0.0,0.9914448613738105,-0.016000000000000007,-0.22496149868535165,0.2802328425555495,-0.1305261922200515,0.0,0.0,0.9914448613738105,-0.016000000000000007,-0.22496149868535165,0.2802328425555495,-0.1305261922200515,0.0,0.0,0.9914448613738105,-0.016000000000000007,-0.22496149868535165,0.2802328425555495,-0.1305261922200515,0.0,0.0,0.9914448613738105,0.0,-0.5235987755982988,0.7853981633974483,0.0,0.5235987755982988,0.0,0.0,-0.5235987755982988,0.7853981633974483,0.0,0.5235987755982988,0.0,0.0,-0.5235987755982988,0.7853981633974483,0.0,0.5235987755982988,0.0,0.0,0.0,0.0,0.0,0.0,0.0,0.0,0.0,0.0,0.0,0.0,0.0,0.5,0.0,0.0,0.0,False,False,False,False,1,False,,0.0,0,,,,True,True,0.0,0.010000000000000009,True,0.0,0.0,False,False,False,False,False,False,1.0,False,False,False,0.0,0.0,0.0,0.0
0.9400000000000006,1786138860.3609927,0.002147599996533245,0.0031051999831106514,0.01,READY,0,waiting for deadman,0.0,0.9400000000000006,94,0.0,0.0,0.0,0.0,0.0,0.0,1.0,0.0,0.0,0.0,0.0,0.0,0.0,1.0,-0.016000000000000007,-0.22496149868535165,0.2802328425555495,-0.1305261922200515,0.0,0.0,0.9914448613738105,-0.016000000000000007,-0.22496149868535165,0.2802328425555495,-0.1305261922200515,0.0,0.0,0.9914448613738105,-0.016000000000000007,-0.22496149868535165,0.2802328425555495,-0.1305261922200515,0.0,0.0,0.9914448613738105,-0.016000000000000007,-0.22496149868535165,0.2802328425555495,-0.1305261922200515,0.0,0.0,0.9914448613738105,-0.016000000000000007,-0.22496149868535165,0.2802328425555495,-0.1305261922200515,0.0,0.0,0.9914448613738105,0.0,-0.5235987755982988,0.7853981633974483,0.0,0.5235987755982988,0.0,0.0,-0.5235987755982988,0.7853981633974483,0.0,0.5235987755982988,0.0,0.0,-0.5235987755982988,0.7853981633974483,0.0,0.5235987755982988,0.0,0.0,0.0,0.0,0.0,0.0,0.0,0.0,0.0,0.0,0.0,0.0,0.0,0.5,0.0,0.0,0.0,False,False,False,False,1,False,,0.0,0,,,,True,True,0.0,0.010000000000000009,True,0.0,0.0,False,False,False,False,False,False,1.0,False,False,False,0.0,0.0,0.0,0.0
0.9500000000000006,1786138860.363279,0.0032976999937091023,0.0020935999928042293,0.01,READY,0,waiting for deadman,0.0,0.9500000000000006,95,0.0,0.0,0.0,0.0,0.0,0.0,1.0,0.0,0.0,0.0,0.0,0.0,0.0,1.0,-0.016000000000000007,-0.22496149868535165,0.2802328425555495,-0.1305261922200515,0.0,0.0,0.9914448613738105,-0.016000000000000007,-0.22496149868535165,0.2802328425555495,-0.1305261922200515,0.0,0.0,0.9914448613738105,-0.016000000000000007,-0.22496149868535165,0.2802328425555495,-0.1305261922200515,0.0,0.0,0.9914448613738105,-0.016000000000000007,-0.22496149868535165,0.2802328425555495,-0.1305261922200515,0.0,0.0,0.9914448613738105,-0.016000000000000007,-0.22496149868535165,0.2802328425555495,-0.1305261922200515,0.0,0.0,0.9914448613738105,0.0,-0.5235987755982988,0.7853981633974483,0.0,0.5235987755982988,0.0,0.0,-0.5235987755982988,0.7853981633974483,0.0,0.5235987755982988,0.0,0.0,-0.5235987755982988,0.7853981633974483,0.0,0.5235987755982988,0.0,0.0,0.0,0.0,0.0,0.0,0.0,0.0,0.0,0.0,0.0,0.0,0.0,0.5,0.0,0.0,0.0,False,False,False,False,1,False,,0.0,0,,,,True,True,0.0,0.010000000000000009,True,0.0,0.0,False,False,False,False,False,False,1.0,False,False,False,0.0,0.0,0.0,0.0
0.9600000000000006,1786138860.3657193,0.002272200013976544,0.002261400019051507,0.01,READY,0,waiting for deadman,0.0,0.9600000000000006,96,0.0,0.0,0.0,0.0,0.0,0.0,1.0,0.0,0.0,0.0,0.0,0.0,0.0,1.0,-0.016000000000000007,-0.22496149868535165,0.2802328425555495,-0.1305261922200515,0.0,0.0,0.9914448613738105,-0.016000000000000007,-0.22496149868535165,0.2802328425555495,-0.1305261922200515,0.0,0.0,0.9914448613738105,-0.016000000000000007,-0.22496149868535165,0.2802328425555495,-0.1305261922200515,0.0,0.0,0.9914448613738105,-0.016000000000000007,-0.22496149868535165,0.2802328425555495,-0.1305261922200515,0.0,0.0,0.9914448613738105,-0.016000000000000007,-0.22496149868535165,0.2802328425555495,-0.1305261922200515,0.0,0.0,0.9914448613738105,0.0,-0.5235987755982988,0.7853981633974483,0.0,0.5235987755982988,0.0,0.0,-0.5235987755982988,0.7853981633974483,0.0,0.5235987755982988,0.0,0.0,-0.5235987755982988,0.7853981633974483,0.0,0.5235987755982988,0.0,0.0,0.0,0.0,0.0,0.0,0.0,0.0,0.0,0.0,0.0,0.0,0.0,0.5,0.0,0.0,0.0,False,False,False,False,1,False,,0.0,0,,,,True,True,0.0,0.010000000000000009,True,0.0,0.0,False,False,False,False,False,False,1.0,False,False,False,0.0,0.0,0.0,0.0
0.9700000000000006,1786138860.3678956,0.002438900002744049,0.0019988999993074685,0.01,READY,0,waiting for deadman,0.0,0.9700000000000006,97,0.0,0.0,0.0,0.0,0.0,0.0,1.0,0.0,0.0,0.0,0.0,0.0,0.0,1.0,-0.016000000000000007,-0.22496149868535165,0.2802328425555495,-0.1305261922200515,0.0,0.0,0.9914448613738105,-0.016000000000000007,-0.22496149868535165,0.2802328425555495,-0.1305261922200515,0.0,0.0,0.9914448613738105,-0.016000000000000007,-0.22496149868535165,0.2802328425555495,-0.1305261922200515,0.0,0.0,0.9914448613738105,-0.016000000000000007,-0.22496149868535165,0.2802328425555495,-0.1305261922200515,0.0,0.0,0.9914448613738105,-0.016000000000000007,-0.22496149868535165,0.2802328425555495,-0.1305261922200515,0.0,0.0,0.9914448613738105,0.0,-0.5235987755982988,0.7853981633974483,0.0,0.5235987755982988,0.0,0.0,-0.5235987755982988,0.7853981633974483,0.0,0.5235987755982988,0.0,0.0,-0.5235987755982988,0.7853981633974483,0.0,0.5235987755982988,0.0,0.0,0.0,0.0,0.0,0.0,0.0,0.0,0.0,0.0,0.0,0.0,0.0,0.5,0.0,0.0,0.0,False,False,False,False,1,False,,0.0,0,,,,True,True,0.0,0.010000000000000009,True,0.0,0.0,False,False,False,False,False,False,1.0,False,False,False,0.0,0.0,0.0,0.0
0.9800000000000006,1786138860.370355,0.002175999979954213,0.002282300003571436,0.01,READY,0,waiting for deadman,0.0,0.9800000000000006,98,0.0,0.0,0.0,0.0,0.0,0.0,1.0,0.0,0.0,0.0,0.0,0.0,0.0,1.0,-0.016000000000000007,-0.22496149868535165,0.2802328425555495,-0.1305261922200515,0.0,0.0,0.9914448613738105,-0.016000000000000007,-0.22496149868535165,0.2802328425555495,-0.1305261922200515,0.0,0.0,0.9914448613738105,-0.016000000000000007,-0.22496149868535165,0.2802328425555495,-0.1305261922200515,0.0,0.0,0.9914448613738105,-0.016000000000000007,-0.22496149868535165,0.2802328425555495,-0.1305261922200515,0.0,0.0,0.9914448613738105,-0.016000000000000007,-0.22496149868535165,0.2802328425555495,-0.1305261922200515,0.0,0.0,0.9914448613738105,0.0,-0.5235987755982988,0.7853981633974483,0.0,0.5235987755982988,0.0,0.0,-0.5235987755982988,0.7853981633974483,0.0,0.5235987755982988,0.0,0.0,-0.5235987755982988,0.7853981633974483,0.0,0.5235987755982988,0.0,0.0,0.0,0.0,0.0,0.0,0.0,0.0,0.0,0.0,0.0,0.0,0.0,0.5,0.0,0.0,0.0,False,False,False,False,1,False,,0.0,0,,,,True,True,0.0,0.010000000000000009,True,0.0,0.0,False,False,False,False,False,False,1.0,False,False,False,0.0,0.0,0.0,0.0
0.9900000000000007,1786138860.37258,0.002501600014511496,0.002005899994401261,0.01,READY,0,waiting for deadman,0.0,0.9900000000000007,99,0.0,0.0,0.0,0.0,0.0,0.0,1.0,0.0,0.0,0.0,0.0,0.0,0.0,1.0,-0.016000000000000007,-0.22496149868535165,0.2802328425555495,-0.1305261922200515,0.0,0.0,0.9914448613738105,-0.016000000000000007,-0.22496149868535165,0.2802328425555495,-0.1305261922200515,0.0,0.0,0.9914448613738105,-0.016000000000000007,-0.22496149868535165,0.2802328425555495,-0.1305261922200515,0.0,0.0,0.9914448613738105,-0.016000000000000007,-0.22496149868535165,0.2802328425555495,-0.1305261922200515,0.0,0.0,0.9914448613738105,-0.016000000000000007,-0.22496149868535165,0.2802328425555495,-0.1305261922200515,0.0,0.0,0.9914448613738105,0.0,-0.5235987755982988,0.7853981633974483,0.0,0.5235987755982988,0.0,0.0,-0.5235987755982988,0.7853981633974483,0.0,0.5235987755982988,0.0,0.0,-0.5235987755982988,0.7853981633974483,0.0,0.5235987755982988,0.0,0.0,0.0,0.0,0.0,0.0,0.0,0.0,0.0,0.0,0.0,0.0,0.0,0.5,0.0,0.0,0.0,False,False,False,False,1,False,,0.0,0,,,,True,True,0.0,0.010000000000000009,True,0.0,0.0,False,False,False,False,False,False,1.0,False,False,False,0.0,0.0,0.0,0.0
1.0000000000000007,1786138860.3787577,0.0021821999980602413,0.006001499976264313,0.01,TELEOP,0,,0.0,1.0000000000000007,100,0.0,2.0927210988051792e-17,0.0,1.8262436750051972e-17,1.8262436750051972e-17,3.6524873500103944e-17,1.0,0.0,1.9657800413974617e-18,0.0,1.7154667046188069e-18,1.7154667046188069e-18,3.4309334092376137e-18,1.0,-0.016000000000000007,-0.22496149868535165,0.2802328425555495,-0.1305261922200515,0.0,0.0,0.9914448613738105,-0.016000000000000007,-0.22496149868535165,0.2802328425555495,-0.1305261922200515,0.0,0.0,0.9914448613738105,-0.016000000003234992,-0.2249614987478198,0.28023284266373977,-0.1305261922149475,2.7679866963934608e-14,2.1024262930809239e-13,0.9914448613744824,-0.01600000000005055,-0.22496149868632773,0.28023284255724,-0.13052619221997186,4.3249781558578526e-16,3.2850413453498827e-15,0.9914448613738209,-0.01600000000005055,-0.22496149868632773,0.28023284255724,-0.13052619221997186,4.3249781558578526e-16,3.2850413453498827e-15,0.9914448613738209,-3.5667778686604274e-11,-0.5235987750264068,0.7853981623071083,-6.975308495199925e-11,0.5235987750695548,-6.963944221540624e-11,-5.573090419781918e-13,-0.523598775589363,0.7853981633804117,-1.0898919523749882e-12,0.5235987755900372,-1.0881162846157227e-12,-5.573090419781918e-13,-0.523598775589363,0.7853981633804117,-1.0898919523749882e-12,0.5235987755900372,-1.0881162846157227e-12,-5.573090419781918e-11,8.93581215966055e-10,-1.7036561397731909e-09,-1.0898919523749883e-10,-8.261625758509972e-10,-1.0881162846157226e-10,-5.573090419781918e-09,8.93581215966055e-08,-1.7036561397731909e-07,-1.0898919523749882e-08,-8.261625758509972e-08,-1.0881162846157225e-08,0.5,0.0,0.0,0.5,True,False,True,False,1,True,True,0.0031020999886095524,2,1.2497148766328844e-10,1.0304791736750348e-11,`gtol` termination condition is satisfied.,True,True,0.0,0.010000000000000009,True,1.0733033350973642e-09,0.0,False,False,False,False,False,False,1.0,False,False,False,1.230187456461879e-10,1.0144042702398773e-11,1.9527420171936013e-12,1.607304268624938e-13
1.0100000000000007,1786138860.3850284,0.006290399993304163,0.0059806999925058335,0.01,TELEOP,0,,0.0,1.0100000000000007,101,-9.869571931442335e-07,0.00031415719827796877,0.0,0.0002740034983134356,0.0002743041396696914,0.0005482325188607093,0.9999997745601882,-9.27090005097177e-08,2.951039432988384e-05,0.0,2.5739413196460116e-05,2.576765492381121e-05,5.150001156025379e-05,0.9999999980106297,-0.01600002781270016,-0.2249529472297435,0.2802305511999252,-0.13051343255065467,1.6134654744080752e-05,2.3848033983089115e-05,0.9914465407145208,-0.01600002781270016,-0.2249529472297435,0.2802305511999252,-0.13051343255065467,1.6134654744080752e-05,2.3848033983089115e-05,0.9914465407145208,-0.01600002765192068,-0.22495294739160676,0.28023055131933905,-0.13051343254882933,1.613465484381469e-05,2.384802254215687e-05,0.9914465407147613,-0.01600000042908805,-0.22496136507236666,0.2802328067682312,-0.13052599289524106,2.520873352336352e-07,3.7268981865793063e-07,0.9914448876152971,-0.01600000042908805,-0.22496136507236666,0.2802328067682312,-0.13052599289524106,2.520873352336352e-07,3.7268981865793063e-07,0.9914448876152971,-3.215131249580411e-05,-0.5236640579577017,0.785432225604979,-0.0001651275992838215,0.5235418218268194,-0.00012556164996820025,-5.023652939934392e-07,-0.5235997956185494,0.7853986955877635,-2.58012076532756e-06,0.523597885680258,-1.9619028039693453e-06,-5.023652939934392e-07,-0.5235997956185494,0.7853986955877635,-2.58012076532756e-06,0.523597885680258,-1.9619028039693453e-06,-5.023647366843972e-05,-0.00010200291864564339,5.3220735187387194e-05,-0.0002580119675435607,-8.899097792005543e-05,-0.00019619017158530608,-0.005023641793753552,-0.010200381222685935,0.005322243884352697,-0.02580118585543655,-0.008899015175747958,-0.019619006277367762,0.5,0.0,0.0,0.5,True,False,True,False,1,True,True,0.003460000007180497,4,2.5750617868928596e-10,2.3177117120602928e-11,`gtol` termination condition is satisfied.,True,True,0.0,0.010000000000000009,True,0.00016254747851849395,1.0733033350973642e-09,False,False,False,False,False,False,1.0,False,False,False,8.714650891652286e-06,6.209161737440876e-05,8.71483864875859e-06,6.209163307191797e-05
1.0200000000000007,1786138860.3912294,0.006217799993464723,0.005964700016193092,0.01,TELEOP,0,,0.0,1.0200000000000007,102,-3.947789809194413e-06,0.0006283019941676518,0.0,0.0005476952264013386,0.0005488977439900991,0.0010962926707530068,0.9999990984413865,-4.5483283406165983e-07,8.57584952184373e-05,0.0,7.477305867532101e-05,7.491161438662789e-05,0.00014965006862045763,0.9999999832010482,-0.016000136449850225,-0.2249366477817451,0.2802261837759969,-0.1304891249893236,4.6901994578643195e-05,6.929593217054688e-05,0.9914497371313371,-0.016000136449850225,-0.2249366477817451,0.2802261837759969,-0.1304891249893236,4.6901994578643195e-05,6.929593217054688e-05,0.9914497371313371,-0.016000136138838203,-0.2249366480336838,0.2802261839055482,-0.13048912499047058,4.690199474584069e-05,6.929591006498671e-05,0.9914497371311877,-0.016000002899742908,-0.22496086194954373,0.2802326720541988,-0.13052524280011035,1.2014310222929736e-06,1.77625178812874e-06,0.9914449863645355,-0.016000002899742908,-0.22496086194954373,0.2802326720541988,-0.13052524280011035,1.2014310222929736e-06,1.77625178812874e-06,0.9914449863645355,-9.405227152564459e-05,-0.5237884780241576,0.7854971338671433,-0.00048113102754254906,0.5234333198356615,-0.0003661300076414134,-2.403651723461836e-06,-0.5236036363066752,0.7854006993673117,-1.2315083399727803e-05,0.5235945356678794,-9.368693443425835e-06,-2.403651723461836e-06,-0.5236036363066752,0.7854006993673117,-1.2315083399727803e-05,0.5235945356678794,-9.368693443425835e-06,-0.00019012864294683967,-0.00038406881257776495,0.00020037795481977637,-0.0009734962634400243,-0.00033500123786200746,-0.0007406790639456491,-0.013989216927839995,-0.028206589393212154,0.014715721963238917,-0.07154842958964636,-0.024601025994195204,-0.05444888923603429,0.5,0.0,0.0,0.5,True,False,True,False,1,True,True,0.0032521999964956194,4,4.2069600095547624e-10,4.427286126242827e-11,`gtol` termination condition is satisfied.,True,True,0.0,0.010000000000000009,True,0.00046881594414282125,0.00016254747851849395,False,False,False,False,False,False,1.0,False,False,False,2.5068457209020733e-05,0.00017860024345706641,2.506873574467535e-05,0.00017860027765759695
1.0300000000000007,1786138860.397494,0.006190600019181147,0.006038599996827543,0.01,TELEOP,0,,0.0,1.0300000000000007,103,-8.882380959551739e-06,0.0009424219857704305,0.0,0.0008210641037846582,0.0008237695889811659,0.0016441584344447351,0.9999979719981658,-1.2464677315374822e-06,0.00016623078211632728,0.0,0.0001448839676494289,0.00014526367558684314,0.0002900528520580089,0.9999999368882198,-0.01600037394031947,-0.22491332870368053,0.2802199354478613,-0.13045436792687246,9.094021094812143e-05,0.00013430534974780657,0.9914543013073025,-0.01600037394031947,-0.22491332870368053,0.2802199354478613,-0.13045436792687246,9.094021094812143e-05,0.00013430534974780657,0.9914543013073025,-0.016000373491422856,-0.22491332903726344,0.2802199355865324,-0.1304543679307163,9.094021117880465e-05,0.00013430531786280946,0.991454301306801,-0.016000010760790294,-0.22495967899039038,0.28023235547647335,-0.13052348041706438,3.433774982965292e-06,5.077075928961196e-06,0.9914452183667279,-0.016000010760790294,-0.22495967899039038,0.28023235547647335,-0.13052348041706438,3.433774982965292e-06,5.077075928961196e-06,0.9914452183667279,-0.0001835362960724841,-0.5239664600230518,0.7855899555460716,-0.0009351826355158394,0.5232781855466108,-0.0007122341432282787,-6.8974749172001556e-06,-0.5236126660293536,0.7854054098022095,-3.525298120664226e-05,0.5235866614364033,-2.683190790583859e-05,-6.8974749172001556e-06,-0.5236126660293536,0.7854054098022095,-3.525298120664226e-05,0.5235866614364033,-2.683190790583859e-05,-0.000449382319373832,-0.0009029722678440393,0.00047104348977959615,-0.0022937897806914456,-0.0007874231476114863,-0.0017463214462412756,-0.02592536764269923,-0.051890345526627434,0.027066553495981978,-0.13202935172514213,-0.04524219097494788,-0.10056423822956265,0.5,0.0,0.0,0.5,True,False,True,False,1,True,True,0.003247400018153712,4,5.762077849110073e-10,6.424119489558979e-11,`gtol` termination condition is satisfied.,True,True,0.0,0.010000000000000009,True,0.0008999296543091972,0.00046881594414282125,False,False,False,False,False,False,1.0,False,False,False,4.7986491792236245e-05,0.00034185582065970465,4.798685328483658e-05,0.00034185587179784167
1.0400000000000007,1786138860.4033444,0.006252799998037517,0.005636400019284338,0.01,TELEOP,0,,0.0,1.0400000000000007,104,-1.5790535835003006e-05,0.001256504772166896,0.0,0.001094099098920593,0.0010989084039576885,0.0021918078147846174,0.9999963956564967,-2.612653255805529e-06,0.00026864857784823293,0.0,0.0002340620274216213,0.00023485789266302248,0.0004687213246751538,0.9999998351785152,-0.016000783795976747,-0.22488365030548982,0.2802119831450334,-0.13041015703972517,0.00014701453633579855,0.00021702813010441167,0.9914600961341768,-0.016000783795976747,-0.22488365030548982,0.2802119831450334,-0.13041015703972517,0.00014701453633579855,0.00021702813010441167,0.9914600961341768,-0.01600078322026823,-0.22488365071308875,0.2802119832918748,-0.1304101570460181,0.00014701453662651455,0.0002170280892348145,0.991460096133358,-0.016000029481560003,-0.22495745589711574,0.2802317609184013,-0.13052017109955197,7.629273329281721e-06,1.1281894879824403e-05,0.9914456539572185,-0.016000029481560003,-0.22495745589711574,0.2802317609184013,-0.13052017109955197,7.629273329281721e-06,1.1281894879824403e-05,0.9914456539572185,-0.0002986492902686479,-0.5241929470495396,0.7857080222046433,-0.0015157301026186214,0.5230808903188611,-0.0011553691560012114,-1.5388192326587557e-05,-0.5236296339276377,0.7854142597515331,-7.845609680975457e-05,0.5235718688101502,-5.9745615061939956e-05,-1.5388192326587557e-05,-0.5236296339276377,0.7854142597515331,-7.845609680975457e-05,0.5235718688101502,-5.9745615061939956e-05,-0.0008490717409387401,-0.001696789828404041,0.000884994932359941,-0.004320311560311232,-0.0014792626253198034,-0.0032913707156101363,-0.03996894215649081,-0.07938175605600017,0.041395144258034484,-0.2026521779619786,-0.06918394777083171,-0.15450492693688606,0.5,0.0,0.0,0.5,True,False,True,False,1,True,True,0.003205099987098947,4,7.205134091122393e-10,8.272072646931063e-11,`gtol` termination condition is satisfied.,True,True,0.0,0.010000000000000009,True,0.0014372740058088667,0.0008999296543091972,False,False,False,False,False,False,1.0,False,False,False,7.641287733308376e-05,0.0005443212911500291,7.641331470943325e-05,0.0005443213578193541
1.0500000000000007,1786138860.4098837,0.005888399988180026,0.006287199998041615,0.01,TELEOP,0,,0.0,1.0500000000000007,105,-2.4671981713425553e-05,0.0015705379539064368,0.0,0.0013667892297407832,0.0013743028721064138,0.00273921884370968,0.9999943699136228,-4.68477935019611e-06,0.0003909460063211836,0.0,0.00034048461868035397,0.0003419116359119974,0.0006820403204241224,0.9999996509937688,-0.016001405433805065,-0.22484821123209459,0.28020248727393665,-0.13035739495392681,0.0002140053488894836,0.0003157885010644991,0.9914669959510297,-0.01600123429395953,-0.22485796777725722,0.2802051015323339,-0.13035739495392681,0.0002140053488894836,0.0003157885010644991,0.9914669959510297,-0.01600123360315052,-0.22485796815053882,0.2802051016251376,-0.13035739496228618,0.00021400534920781077,0.0003157884520714937,0.9914669959499463,-0.016000064193046955,-0.22495395611893165,0.28023082554580364,-0.1305147389990793,1.4522579859442476e-05,2.147847293720839e-05,0.9914463688126414,-0.016000064193046955,-0.22495395611893165,0.28023082554580364,-0.1305147389990793,1.4522579859442476e-05,2.147847293720839e-05,0.9914463688126414,-0.000435706009611062,-0.5243894578969549,0.7857965907996087,-0.002208561211133735,0.5228670750951868,-0.0016840762600430594,-2.9385035954871446e-05,-0.5236563530881568,0.7854279773798174,-0.00014954171537379004,0.5235479128603823,-0.00011392527515135864,-2.9385035954871446e-05,-0.5236563530881568,0.7854279773798174,-0.00014954171537379004,0.5235479128603823,-0.00011392527515135864,-0.0013996843628283889,-0.0026719160519116216,0.001371762828433093,-0.007108561856403547,-0.0023955949767850587,-0.005417966008941869,-0.055061262188964885,-0.09751262235075805,0.0486767896073152,-0.27882502960923156,-0.09163323514652552,-0.21265952933317323,0.5,0.0,0.0,0.5,True,False,True,False,1,True,True,0.003540900012012571,4,7.906761477609498e-10,9.94277385987864e-11,`gtol` termination condition is satisfied.,True,True,0.0,0.010000000000000009,True,0.002059019495759945,0.0014372740058088667,False,False,False,False,False,False,1.0,False,False,False,9.938197870139727e-05,0.0007787024225151502,9.93823713872012e-05,0.000778702503127579
1.0600000000000007,1786138860.4158137,0.0065088999981526285,0.005707899981644005,0.01,TELEOP,0,,0.0,1.0600000000000007,106,-3.5526367970539766e-05,0.0018845091334967494,0.0,0.0016391235641815113,0.0016499416310707022,0.003286369581248361,0.9999918953379228,-7.581861208098967e-06,0.0005312500179875566,0.0,0.00046249906108359446,0.0004648084198690762,0.0009267317207992123,0.9999993556078269,-0.016002274558362437,-0.22480755425157442,0.28019159326883963,-0.13029689999684974,0.00029089738792696933,0.0004290669337724267,0.9914748857795074,-0.01600192878917887,-0.22482431099492475,0.28019608322468814,-0.13029689999684974,0.00029089738792696933,0.0004290669337724267,0.9914748857795074,-0.016001927991528914,-0.2248243114577143,0.28019608334134694,-0.1302969000072743,0.00029089738830612085,0.0004290668772150027,0.9914748857781617,-0.01600012283779578,-0.22494886800547964,0.28022946666032417,-0.13050659424542116,2.4868510342569765e-05,3.6785305425140875e-05,0.9914474403047595,-0.01600012283779578,-0.22494886800547964,0.28022946666032417,-0.13050659424542116,2.4868510342569765e-05,3.6785305425140875e-05,0.9914474403047595,-0.0005949804538384239,-0.5246466008185258,0.7859205925572038,-0.003007946510380391,0.5226128081925563,-0.0022951451897071547,-5.046970253405036e-05,-0.523695204974398,0.7854476774167128,-0.00025640420653929923,0.5235123403939006,-0.0001954140388945343,-5.046970253405036e-05,-0.523695204974398,0.7854476774167128,-0.00025640420653929923,0.5235123403939006,-0.0001954140388945343,-0.002108466657917891,-0.0038851886241241247,0.0019700036895452266,-0.010686249116550917,-0.0035572466481650217,-0.008148876374317566,-0.07087822950895022,-0.1213272572212503,0.05982408611121335,-0.35776872601473697,-0.11616516713799632,-0.2730910365375698,0.5,0.0,0.0,0.5,True,False,True,False,1,True,True,0.0032785000221338123,4,9.295315492401537e-10,1.1505423445664459e-10,`gtol` termination condition is satisfied.,True,True,0.0,0.010000000000000009,True,0.0027515423038410917,0.002059019495759945,False,False,False,False,False,False,1.0,False,False,False,0.00012896525949709483,0.0010380387835642972,0.0001289657478310932,0.0010380388772350839
1.0700000000000007,1786138860.4224916,0.005919599992921576,0.006466999999247491,0.01,TELEOP,0,,0.0,1.0700000000000007,107,-4.8353266093764674e-05,0.002198405915893268,0.0,0.0019110912207058782,0.001925813273542703,0.003833238116519254,0.9999889725687598,-1.1411694382073437e-05,0.0006878622892665539,0.0,0.0005986066990609102,0.0006020823358522616,0.0011998228849947317,0.9999989197953792,-0.01600342350831463,-0.22476217150031177,0.2801794329972885,-0.13022941412327801,0.00037676997700793234,0.0005554855096020105,0.9914836605700271,-0.016002874019540016,-0.22478501522655642,0.2801855539552879,-0.13024865104668032,0.00035229237352756747,0.000519450451097007,0.991481162182032,-0.01600287337570362,-0.2247850157378618,0.2801855541481815,-0.13024865105418448,0.00035229237388250827,0.0005194504054383784,0.9914811621810699,-0.01600021605778297,-0.22494185549183884,0.2802275948889029,-0.13049545331367923,3.9031587700981e-05,5.7742531946607555e-05,0.9914489052930527,-0.01600021605778297,-0.22494185549183884,0.2802275948889029,-0.13049545331367923,3.9031587700981e-05,5.7742531946607555e-05,0.9914489052930527,-0.0007265373590238027,-0.5249459568098004,0.7860861010095213,-0.0036551252736759087,0.5223825708062272,-0.0027920366287897407,-7.948234292348428e-05,-0.5237487433722873,0.785474890317634,-0.00040301390298312927,0.5234635618359218,-0.00030728893513692565,-7.948234292348428e-05,-0.5237487433722873,0.785474890317634,-0.00040301390298312927,0.5234635618359218,-0.00030728893513692565,-0.0029012640389433925,-0.005353839788924786,0.0027212900921152177,-0.014660969644383005,-0.004877855797884101,-0.011187489624239131,-0.07927973810255017,-0.14686511648006606,0.07512864025699913,-0.3974720527832088,-0.13206091497190794,-0.3038613249921564,0.5,0.0,0.0,0.5,True,False,True,False,1,True,True,0.003171799995470792,4,8.444918375990746e-10,9.2565117926542e-11,`gtol` termination condition is satisfied.,True,True,0.0,0.010000000000000009,True,0.0032521113706927797,0.0027515423038410917,False,False,False,False,False,False,1.0,False,False,False,0.00016239825629147972,0.0012218974659598488,0.00016239881056765148,0.0012218975407708287
1.0800000000000007,1786138860.4283507,0.0067214000155217946,0.005603899975540116,0.01,TELEOP,0,,0.0,1.0800000000000007,108,-6.315216969912663e-05,0.0025122159089885007,0.0,0.0021826813688178904,0.0022019063478629784,0.004379802568725407,0.9999856023163216,-1.6271901384001433e-05,0.0008592428202658078,0.0,0.0007474484752269475,0.0007524039396961442,0.001498618031101021,0.9999983146751226,-0.016004881570415207,-0.2247125092360072,0.28016612603367375,-0.13015561009421275,0.00047078816079833025,0.0006937946547360788,0.991493224469279,-0.01600409064575498,-0.22474107477656122,0.28017378014719657,-0.1301870155136188,0.00043079160298053776,0.0006349472629353525,0.9914891589181523,-0.01600408981854476,-0.22474107534757412,0.28017378032383294,-0.13018701552454773,0.0004307916034123084,0.0006349472043192068,0.9914891589167546,-0.016000356726048645,-0.22493258200557514,0.2802251209679927,-0.1304809077401137,5.753776029933267e-05,8.512942040939568e-05,0.9914508168122632,-0.016000356726048645,-0.22493258200557514,0.2802251209679927,-0.1304809077401137,5.753776029933267e-05,8.512942040939568e-05,0.9914508168122632,-0.0008948406631862126,-0.5252809228886715,0.7862638180514943,-0.00448315912407878,0.5221024570314847,-0.003427969164800743,-0.00011760837701834409,-0.5238195297753838,0.7855110286017816,-0.0005950496564511001,0.523399613335121,-0.0004539400979375152,-0.00011760837701834409,-0.5238195297753838,0.7855110286017816,-0.0005950496564511001,0.523399613335121,-0.0004539400979375152,-0.0038126034094859815,-0.007078640309659469,0.003613828414757535,-0.019203575346797085,-0.0063948500800815175,-0.014665116280058954,-0.09113393705425889,-0.1724800520734683,0.08925383226423175,-0.4542605702414078,-0.1516994282197416,-0.34776266558198227,0.5,0.0,0.0,0.5,True,False,True,False,1,True,True,0.003190599993104115,4,1.0205551885745473e-09,1.1928844245037273e-10,`gtol` termination condition is satisfied.,True,True,0.0,0.010000000000000009,True,0.0038881094676276795,0.0032521113706927797,False,False,False,False,False,False,1.0,False,False,False,0.00019830430600731265,0.001455281143435774,0.00019830491875136107,0.0014552812405511843
1.0900000000000007,1786138860.4344554,0.005856899981154129,0.005851900001289323,0.01,TELEOP,0,,0.0,1.0900000000000007,109,-7.99224945512489e-05,0.0028259267241012498,0.0,0.002453883229568406,0.0024782093586274982,0.004926041088144075,0.9999817853614477,-2.2250879970624483e-05,0.0010439950715887669,0.0,0.000907791852874995,0.0009145674591680444,0.0018206722935315742,0.9999975123132627,-0.016006675263991195,-0.22465897214470182,0.2801517808132934,-0.13007609797921899,0.0005721946706239249,0.000842861115040754,0.9915034901163486,-0.016005601851407154,-0.22469307002306,0.28016091731226306,-0.13011683438418725,0.0005202633844168512,0.0007665032683677891,0.9914982356053834,-0.01600560090270199,-0.22469307064379285,0.28016091748508853,-0.1301168343973432,0.0005202633849063583,0.0007665032011837725,0.9914982356037086,-0.016000559878003147,-0.22492072485473114,0.28022195947412454,-0.13046252128554323,8.095034464727147e-05,0.00011978021931606362,0.9914532311912448,-0.016000559878003147,-0.22492072485473114,0.28022195947412454,-0.13046252128554323,8.095034464727147e-05,0.00011978021931606362,0.9914532311912448,-0.0010880924476963842,-0.5256469028028717,0.7864550897478719,-0.0054302837164686875,0.5217882239389104,-0.004156223023486855,-0.0001661324704556908,-0.5239100205816478,0.7855574005558184,-0.0008386314729233494,0.5233184804376044,-0.0006401080360997395,-0.0001661324704556908,-0.5239100205816478,0.7855574005558184,-0.0008386314729233494,0.5233184804376044,-0.0006401080360997395,-0.004852409343734671,-0.009049080626401914,0.004637195403679028,-0.02435818164722493,-0.008113289751650276,-0.01861679381622243,-0.10398059342486901,-0.19704403167424442,0.10233669889214926,-0.5154606300427844,-0.17184396715687594,-0.39516775361634743,0.5,0.0,0.0,0.5,True,False,True,False,1,True,True,0.003166299982694909,4,1.1468301563999918e-09,1.3696443684059995e-10,`gtol` termination condition is satisfied.,True,True,0.0,0.010000000000000009,True,0.004591652243545338,0.0038881094676276795,False,False,False,False,False,False,1.0,False,False,False,0.0002357498167834297,0.001712041388726723,0.00023575048123757034,0.0017120415005409076
1.1000000000000008,1786138860.440508,0.006062200001906604,0.005842400016263127,0.01,TELEOP,0,,0.0,1.1000000000000008,110,-9.866357858642206e-05,0.0031395259764656924,0.0,0.0027246860760528862,0.0027547107673019373,0.005471931857111844,0.9999775225554456,-2.942866235096776e-05,0.0012408524959213146,0.0,0.0010785189618231056,0.0010874791980823911,0.002163768207272719,0.9999964861403203,-0.016008828598705296,-0.22460192724362396,0.28013649567811727,-0.12999143104635483,0.0006803026414881739,0.0010016570556511447,0.9915143779723922,-0.01600743063751785,-0.22464141408792712,0.28014707614615997,-0.13004012380496827,0.0006181630471926696,0.0009103522020642253,0.9915081216682514,-0.01600742959236529,-0.22464141475247842,0.28014707631920804,-0.1300401238198543,0.0006181630477323897,0.0009103521280935407,0.9915081216663665,-0.016000842596721753,-0.22490598499344178,0.2802180313256429,-0.13043987132533427,0.00010981693438078967,0.000162504843783335,0.9914562025127721,-0.016000842596721753,-0.22490598499344178,0.2802180313256429,-0.13043987132533427,0.00010981693438078967,0.000162504843783335,0.9914562025127721,-0.0013015552941320354,-0.5260406750439847,0.786659530118643,-0.006471272856812893,0.5214468507154981,-0.004957826246142525,-0.00022633203383331206,-0.5240224915131029,0.7856151967900197,-0.0011397755839598416,0.5232182449378696,-0.0008704693290236044,-0.00022633203383331206,-0.5240224915131029,0.7856151967900197,-0.0011397755839598416,0.5232182449378696,-0.0008704693290236044,-0.0060199563377621255,-0.011247093145502995,0.005779623420132629,-0.030114411103649225,-0.010023549973485093,-0.02303612929238648,-0.11675469940274545,-0.2198012519101081,0.11424280164536019,-0.5756229456424296,-0.1910260221834817,-0.4419335476164048,0.5,0.0,0.0,0.5,True,False,True,False,1,True,True,0.0034229999873787165,4,1.2505670505743413e-09,1.509582814879856e-10,`gtol` termination condition is satisfied.,True,True,0.0,0.010000000000000009,True,0.005331497272853052,0.004591652243545338,False,False,False,False,False,False,1.0,False,False,False,0.0002739989303869302,0.001980085935832898,0.0002739996420104009,0.001980086059247623
1.1100000000000008,1786138860.4463425,0.006057799997506663,0.005619200004730374,0.01,TELEOP,0,,0.0,1.1100000000000008,111,-0.00011937468193873869,0.0034530012857203135,0.0,0.002995079233900889,0.003031398992843199,0.006017453091005039,0.9999728148198962,-3.78776936843278e-05,0.0014486663336057194,0.0,0.0012586158535259275,0.0012701470255153315,0.0025258943926386953,0.9999952112236259,-0.016011363308105306,-0.22454170741776006,0.2801203598244087,-0.12990211109760103,0.0007944890104868756,0.0011692501803974536,0.9915258156869212,-0.01600959900135677,-0.22458643863720437,0.2801323455185353,-0.12995797749995325,0.000723116079069759,0.001064453885514792,0.9915186675626352,-0.016009597872816046,-0.22458643934128703,0.2801323456932623,-0.12995797751630214,0.0007231160796559637,0.0010644538056894443,0.9915186675605776,-0.016001223866236355,-0.2248880939273187,0.28021326551702924,-0.13041257039112017,0.00014464149685014286,0.00021404674881402654,0.9914597796919489,-0.016001223866236355,-0.2248880939273187,0.28021326551702924,-0.13041257039112017,0.00014464149685014286,0.00021404674881402654,0.9914597796919489,-0.001532787840529262,-0.5264596707467436,0.7868763327169603,-0.0075928047196339565,0.5210823901005286,-0.005822842992449394,-0.00029942002376835485,-0.5241589845036516,0.7856854737438043,-0.0015041052613616805,0.5230971661437681,-0.001149416298823014,-0.00029942002376835485,-0.5241589845036516,0.7856854737438043,-0.0015041052613616805,0.5230971661437681,-0.001149416298823014,-0.007308798993504281,-0.01364929905487876,0.007027695378460832,-0.036432967740183876,-0.012107879410144804,-0.027894696979940965,-0.12888426557421556,-0.24022059093757653,0.12480719583282021,-0.6318556636534652,-0.20843294366597112,-0.4858567687554486,0.5,0.0,0.0,0.5,True,False,True,False,1,True,True,0.0032088000152725726,4,1.3415908770878272e-09,1.6302083188223552e-10,`gtol` termination condition is satisfied.,True,True,0.0,0.010000000000000009,True,0.0060886994582722755,0.005331497272853052,False,False,False,False,False,False,1.0,False,False,False,0.0003124318023803213,0.002252063588993062,0.00031243255768007174,0.00225206372237867
1.1200000000000008,1786138860.452393,0.005832300026668236,0.005837100005010143,0.01,TELEOP,0,,0.0,1.1200000000000008,112,-0.00014205498696930331,0.0037663402763966607,0.0,0.0032650520817572725,0.0033082624123280933,0.00656258303921535,0.999967663146448,-4.766353745122886e-05,0.001666394553661286,0.0,0.0014471627619438779,0.0014616708488688211,0.002905226235199466,0.9999936644293265,-0.016014299061235377,-0.22447861462450097,0.2801034541614067,-0.12980859330218536,0.0009141885330522956,0.0013447947759297684,0.9915377375023327,-0.016012127668771043,-0.2245284285108568,0.2801168017520276,-0.12987110534473328,0.0008342342175264616,0.001227486061205935,0.9915297743022028,-0.016012126464947426,-0.22452842925099045,0.2801168019289007,-0.12987110536237284,0.0008342342181569809,0.0012274859761068578,0.9915297742999971,-0.016001724395720694,-0.22486681854817026,0.28020760030158726,-0.13038027841803634,0.00018586825609247695,0.00027505825009556503,0.9914640047906862,-0.016001724395720694,-0.22486681854817026,0.28020760030158726,-0.13038027841803634,0.00018586825609247695,0.00027505825009556503,0.9914640047906862,-0.0017802939736600203,-0.5269016907930774,0.7871045867987785,-0.008786485512296027,0.5206976487681002,-0.0067450730530097735,-0.0003865106704285746,-0.5243212706561541,0.7857691397198497,-0.0019366809205091386,0.5229537297399345,-0.0014809270341816655,-0.0003865106704285746,-0.5243212706561541,0.7857691397198497,-0.0019366809205091386,0.5229537297399345,-0.0014809270341816655,-0.008709064666021973,-0.01622861525024664,0.008366597604550444,-0.043257565914745805,-0.014343640383357802,-0.033151073535865154,-0.1400265672517692,-0.25793161953678817,0.13389022260896136,-0.6824598174561931,-0.22357609732129988,-0.5256376555924189,0.5,0.0,0.0,0.5,True,False,True,False,1,True,True,0.0031487999949604273,4,1.424174575861515e-09,1.7387661754469942e-10,`gtol` termination condition is satisfied.,True,True,0.0,0.010000000000000009,True,0.006849804591786888,0.0060886994582722755,False,False,False,False,False,False,1.0,False,False,False,0.00035051371438584914,0.002522760419832906,0.0003505145104632629,0.002522760562166817
1.1300000000000008,1786138860.4589334,0.006077400001231581,0.006300500012002885,0.01,TELEOP,0,,0.0,1.1300000000000008,113,-0.00016670359829850658,0.004079530578407902,0.0,0.0035345940517550294,0.003585289361589081,0.007107299986120535,0.9999620685965995,-5.884551456736525e-05,0.0018930918328167578,0.0,0.0016433252762709449,0.0016612339789331629,0.003300108374611293,0.9999918245007904,-0.016017653654370217,-0.22441292279749525,0.28008585208941117,-0.1297112905752079,0.0010388883593620936,0.0015275235942343404,0.991550083697218,-0.01601503602033189,-0.2244676373242508,0.28010051280266957,-0.1297800320291625,0.0009508632881189648,0.001398472576913261,0.9915413674779124,-0.016015034746971468,-0.22446763809743409,0.280100512981735,-0.1297800320479669,0.0009508632887923656,0.0013984724869540541,0.9915413674755774,-0.01600236641854121,-0.22484196432433096,0.28020098394403264,-0.1303427097925125,0.0002338721913640688,0.0003460857202855807,0.9914689120352778,-0.01600236641854121,-0.22484196432433096,0.28020098394403264,-0.1303427097925125,0.0002338721913640688,0.0003460857202855807,0.9914689120352778,-0.0020430247663972274,-0.5273647800532266,0.7873433788812256,-0.010046276143392843,0.5202948132843346,-0.007720096387981011,-0.000488598019005777,-0.524510825873923,0.785866944935786,-0.002441897047620722,0.5227866773169614,-0.0018684859487736003,-0.000488598019005777,-0.524510825873923,0.785866944935786,-0.002441897047620722,0.5227866773169614,-0.0018684859487736003,-0.010208734857720246,-0.018955521776891658,0.009780521593631467,-0.05052161271115836,-0.016705242297312923,-0.03875589145919349,-0.14996701916982733,-0.27269065266450154,0.14139239890810223,-0.726404679641256,-0.2361601913955122,-0.5604817923328332,0.5,0.0,0.0,0.5,True,False,True,False,1,True,True,0.0037309000035747886,4,1.5004411339791907e-09,1.8387137298982828e-10,`gtol` termination condition is satisfied.,True,True,0.0,0.010000000000000009,True,0.007604379095772121,0.006849804591786888,False,False,False,False,False,False,1.0,False,False,False,0.00038778218751391876,0.0027881538624948865,0.0003877830218631942,0.0027881540130448067
1.1400000000000008,1786138860.4651783,0.006536499975482002,0.006008399999700487,0.01,TELEOP,0,,0.0,1.1400000000000008,114,-0.0001933195428413803,0.004392559827537184,0.0,0.003803694629979734,0.0038624681358570287,0.007651582252050198,0.9999560323014715,-7.147728246510263e-05,0.0021279004751864157,0.0,0.0018463463403492893,0.001868095303633312,0.0037090388333917692,0.9999896720746972,-0.01602144318473954,-0.22434488047792506,0.28006762020483117,-0.12961057754446484,0.0011681231186073335,0.0017167404952550033,0.9915628000681762,-0.01601834209438995,-0.22440429522792468,0.2800835403391121,-0.12968518106658747,0.001072476622041502,0.001576626184828024,0.9915533862861319,-0.016018340755977075,-0.22440429603148426,0.2800835405202285,-0.12968518108645644,0.001072476622756732,0.0015766260903326427,0.9915533862836826,-0.01600317347070706,-0.22481337712289157,0.2801933751242262,-0.13029963708128164,0.00028895379630020665,0.00042756124250426035,0.9914745272943596,-0.01600317347070706,-0.22481337712289157,0.2801933751242262,-0.13029963708128164,0.00028895379630020665,0.00042756124250426035,0.9914745272943596,-0.002320168159999979,-0.5278471654232542,0.7875918295249436,-0.011367404164859474,0.519875717196516,-0.008744446204206691,-0.0006065427324638636,-0.524728816994929,0.7859794758214359,-0.0030234222075502136,0.5225950226949779,-0.0023150368780326855,-0.0006065427324638636,-0.524728816994929,0.7859794758214359,-0.0030234222075502136,0.5225950226949779,-0.0023150368780326855,-0.011794471345808657,-0.02179911210061022,0.011253088564986188,-0.058152515992949114,-0.019165462198344647,-0.04465509292590851,-0.15857364880884098,-0.28435903237185634,0.147256697135472,-0.7630903281790755,-0.24602199010317258,-0.5899201466715018,0.5,0.0,0.0,0.5,True,False,True,False,1,True,True,0.0032580999832134694,4,1.5715788777513457e-09,1.9319071692314368e-10,`gtol` termination condition is satisfied.,True,True,0.0,0.010000000000000009,True,0.00834398195730926,0.007604379095772121,False,False,False,False,False,False,1.0,False,False,False,0.0004238408028078327,0.003045017833537373,0.00042384167321677296,0.0030450179917272126
1.1500000000000008,1786138860.471616,0.006231500010471791,0.006214799999725074,0.01,TELEOP,0,,0.0,1.1500000000000008,115,-0.0002219017698460002,0.004705415665925742,0.0,0.004072343356925533,0.004139786990410874,0.008195408194246488,0.9999495554615678,-8.560735978231217e-05,0.0023700421843468574,0.0,0.0020555390015219704,0.0020815821948944914,0.0041306546323983005,0.999987189651591,-0.0160256822079347,-0.2242747131987751,0.28004881893904787,-0.12950679414429858,0.0013014704636784087,0.0019118137786142456,0.9915758374492465,-0.016022062623563697,-0.22433861317588213,0.2800659408863101,-0.1295869137402105,0.0011986256754040682,0.0017612756819093262,0.9915657784492918,-0.0160220612238291,-0.22433861400739594,0.28006594106925226,-0.12958691376105866,0.0011986256761602901,0.0017612755831480711,0.9915657784467417,-0.01600417015351067,-0.22478094387250228,0.2801847430538343,-0.1302508924359067,0.0003513368655546007,0.000519798946911181,0.9914808678895987,-0.01600417015351067,-0.22478094387250228,0.2801847430538343,-0.1302508924359067,0.0003513368655546007,0.000519798946911181,0.9914808678895987,-0.002611051796697188,-0.5283472220302372,0.7878491068166895,-0.012745859743920618,0.5194419662066837,-0.009815225903687932,-0.000741064810868335,-0.5249760968044861,0.7861071533306804,-0.0036841698089943057,0.5223780583931128,-0.0028229593946602484,-0.000741064810868335,-0.5249760968044861,0.7861071533306804,-0.0036841698089943057,0.5223780583931128,-0.0028229593946602484,-0.013452207840447143,-0.024727980955702993,0.012767750924446684,-0.06607476014440923,-0.021696430186511295,-0.05079225166275627,-0.16577364946384868,-0.2928868855092772,0.15146623594604963,-0.7922244151460115,-0.2530967988166647,-0.6137158736847759,0.5,0.0,0.0,0.5,True,False,True,False,1,True,True,0.0037474999844562262,4,1.638334512810545e-09,2.019455874314758e-10,`gtol` termination condition is satisfied.,True,True,0.0,0.010000000000000009,True,0.009061689934926311,0.00834398195730926,False,False,False,False,False,False,1.0,False,False,False,0.0004583554423182511,0.003290738920686093,0.00045835634681490296,0.003290739086033023
1.1600000000000008,1786138860.4777558,0.006435299990698695,0.005919599992921576,0.01,TELEOP,0,,0.0,1.1600000000000008,116,-0.0002524491509349969,0.00501808574256077,0.0,0.004340529827942641,0.004417234141234129,0.008738756207819671,0.999942639346525,-0.00010127960176846965,0.002618810607842543,0.0,0.0022702798388670297,0.0023010840800976647,0.004563718754035814,0.999984361534041,-0.016030383880530547,-0.2242026256452692,0.2800295031373016,-0.12940024887161766,0.0014385470332429174,0.0021121701400367335,0.9915891512676488,-0.016026213086609554,-0.224270785536049,0.2800477665249923,-0.12948554857864636,0.0013289153593285452,0.0019518294888112065,0.9915784976767605,-0.016026211628783888,-0.2242707863933025,0.28004776670950093,-0.1294855486003992,0.0013289153601250625,0.0019518293860186725,0.9915784976741212,-0.016005381885259736,-0.22474459224164872,0.2801750673567458,-0.1301963672723826,0.00042116857002984606,0.0006229949697246996,0.9914879426616232,-0.016005381885259736,-0.22474459224164872,0.2801750673567458,-0.1301963672723826,0.00042116857002984606,0.0006229949697246996,0.9914879426616232,-0.0029150947759514273,-0.5288634527302064,0.7881144305547011,-0.014178144208185256,0.518995001737964,-0.010929918068598079,-0.0008927408476766708,-0.5252532065741878,0.7862502348578946,-0.004426292310245245,0.5221353543687441,-0.0033940628259896445,-0.0008927408476766708,-0.5252532065741878,0.7862502348578946,-0.004426292310245245,0.5221353543687441,-0.0033940628259896445,-0.015167603680833582,-0.02771097697017811,0.014308152721423224,-0.07421225012509394,-0.024270402436867414,-0.0571103431329396,-0.1715395840386439,-0.2982996014475118,0.15404017969765402,-0.8137489980684707,-0.25739722503561185,-0.6318091470183325,0.5,0.0,0.0,0.5,True,False,True,False,1,True,True,0.0031940999906510115,4,1.7012297473553618e-09,2.1021029309083275e-10,`gtol` termination condition is satisfied.,True,True,0.0,0.010000000000000009,True,0.00975185189794001,0.009061689934926311,False,False,False,False,False,False,1.0,False,False,False,0.0004910512345278497,0.0035232197422854824,0.0004910521713484828,0.003523219914369723
1.1700000000000008,1786138860.4837568,0.006170300010126084,0.0057502999843563884,0.01,TELEOP,0,,0.0,1.1700000000000008,117,-0.00028496048015005937,0.0053305577137630214,0.0,0.004608243693676308,0.004694797765678156,0.00928160472669851,0.9999352852948517,-0.00011853363103787797,0.002873564581645061,0.0,0.0024900030072831183,0.002526046615979992,0.005007108327167181,0.9999811737426448,-0.01603556008931137,-0.2241288036124755,0.2800097225832309,-0.1292912217359058,0.0015790047921963892,0.0023172891940752,0.9916027011342265,-0.016030807767436445,-0.2242009918660545,0.28002906536748046,-0.12938137183345436,0.0014629907879990084,0.0021477560665761463,0.9915915022953384,-0.016030806254385768,-0.22420099274701327,0.28002906555328555,-0.12938137185604526,0.001462990788835211,0.0021477559599608126,0.9915915022926205,-0.01600683464702045,-0.22470428948788457,0.28016433775676297,-0.13013601063219266,0.0004985213187842101,0.0007372303060894333,0.99149575223735,-0.01600683464702045,-0.22470428948788457,0.28016433775676297,-0.13013601063219266,0.0004985213187842101,0.0007372303060894333,0.99149575223735,-0.0032317820392557374,-0.5293944742619527,0.788387072482704,-0.01566113547382555,0.5185361359108176,-0.012086282366106661,-0.0010620048985023876,-0.5255603849302982,0.7864088192820947,-0.00525119392327076,0.5218667505590164,-0.004029594258717194,-0.0010620048985023876,-0.5255603849302982,0.7864088192820947,-0.00525119392327076,0.5218667505590164,-0.004029594258717194,-0.016926405082571677,-0.03071783561103851,0.015858442420010055,-0.08249016130255143,-0.026860380972769216,-0.06355314327275499,-0.1758801401738094,-0.30068586408604,0.15502896985868297,-0.8277911177457485,-0.25899785359018,-0.6442800139815389,0.5,0.0,0.0,0.5,True,False,True,False,1,True,True,0.003281399986008182,4,1.7606630157935043e-09,2.1803912270955628e-10,`gtol` termination condition is satisfied.,True,True,0.0,0.010000000000000009,True,0.010409941550554792,0.00975185189794001,False,False,False,False,False,False,1.0,False,False,False,0.0005217095133932115,0.003740819564939483,0.0005217104809609325,0.003740819743387513
1.1800000000000008,1786138860.4911747,0.005963200004771352,0.007204900000942871,0.01,TELEOP,0,,0.0,1.1800000000000008,118,-0.00031943447399958026,0.00564281924367411,0.0,0.0048754746604971816,0.004972466003132091,0.009823932224575302,0.9999274947136565,-0.00013740522786492967,0.003133722008886053,0.0,0.002714194839819411,0.0027559664086288026,0.005459803919448598,0.9999776139177753,-0.016041221568359486,-0.22405341577911358,0.2799895224741625,-0.129179966932026,0.001722527715102541,0.0025266985101803276,0.9916164504667871,-0.01603585981718234,-0.22412939824351077,0.2800098819141366,-0.12927464357115542,0.001600529590886724,0.0023485725389508676,0.9916047544468556,-0.016035858251485784,-0.22412939914630198,0.2800098821009698,-0.1292746435945243,0.0016005295917620721,0.0023485724287006116,0.9916047544440687,-0.01600855472722492,-0.22466004062017245,0.2801525536104275,-0.13006982652673169,0.0005833960297667159,0.0008624759939110261,0.9915042894569536,-0.01600855472722492,-0.22466004062017245,0.2801525536104275,-0.13006982652673169,0.0005833960297667159,0.0008624759939110261,0.9915042894569536,-0.003560649793499269,-0.5299390069336186,0.7886663547897302,-0.017192010548379544,0.5180665725220428,-0.01328229690678693,-0.0012491522694592161,-0.5258975819606967,0.7865828546455766,-0.00615955809443541,0.521572344443677,-0.00473025774122989,-0.0012491522694592161,-0.5258975819606967,0.7865828546455766,-0.00615955809443541,0.521572344443677,-0.00473025774122989,-0.018714737095682846,-0.03371970303984682,0.0174035363481893,-0.09083641711646498,-0.029440611533944366,-0.07006634825126958,-0.1788332013111167,-0.30018674288083086,0.1545093928179246,-0.8346255813913545,-0.2580230561175151,-0.6513204978514587,0.5,0.0,0.0,0.5,True,False,True,False,1,True,True,0.004051500000059605,4,1.816960177939808e-09,2.2547511125318063e-10,`gtol` termination condition is satisfied.,True,True,0.0,0.010000000000000009,True,0.011032452453944134,0.010409941550554792,False,False,False,False,False,False,1.0,False,False,False,0.0005501645352432637,0.003942310826814126,0.0005501655321530533,0.003942311011289494
1.1900000000000008,1786138860.4969542,0.0074155000038445,0.005568900000071153,0.01,TELEOP,0,,0.0,1.1900000000000008,119,-0.00035586977150932065,0.005954858004743513,0.0,0.005142212490923084,0.0052502269556994,0.010365717215845614,0.9999192690783657,-0.00015792668382222418,0.0033987543133424045,0.0,0.0029423889560159836,0.002990386228473871,0.005920879833471655,0.9999736712131144,-0.016047378005146676,-0.223976615314811,0.2799689438517743,-0.12906671526190594,0.0018688287805386436,0.002739969114093733,0.9916303661444344,-0.016041381317174596,-0.2240561583430816,0.2799902573419629,-0.12916560152620063,0.0017412370651511868,0.002553837503481622,0.9916182195733717,-0.016041379701172635,-0.224056159265979,0.27999025752956347,-0.12916560155029316,0.0017412370660651946,0.0025538373897671432,0.9916182195705247,-0.01601056846983833,-0.22461188600559417,0.2801397233180553,-0.12999787050399,0.0006757265035239666,0.000998600156398272,0.9915135399256271,-0.01601056846983833,-0.22461188600559417,0.2801397233180553,-0.12999787050399,0.0006757265035239666,0.000998600156398272,0.9915135399256271,-0.0039012765729772195,-0.5304958663053048,0.7889516478519135,-0.018768197239151803,0.517587420836191,-0.014516121859889498,-0.0014543456612889098,-0.5262644775551798,0.7867721479824723,-0.007151386730840672,0.521252474661388,-0.005496242415282555,-0.0014543456612889098,-0.5262644775551798,0.7867721479824723,-0.007151386730840672,0.521252474661388,-0.005496242415282555,-0.02051933918296937,-0.036689559448316075,0.018929333689567,-0.09918286364052623,-0.03198697822889808,-0.07659846740526652,-0.1804602087286524,-0.2969856408469261,0.15257973413777,-0.8346446524061243,-0.25463666949537106,-0.6532119153996941,0.5,0.0,0.0,0.5,True,False,True,False,1,True,True,0.0031774000090081245,4,1.8703999326616645e-09,2.3255427881564839e-10,`gtol` termination condition is satisfied.,True,True,0.0,0.010000000000000009,True,0.011616810508311131,0.011032452453944134,False,False,False,False,False,False,1.0,False,False,False,0.0005762998898396073,0.004126842163669047,0.0005763009148456324,0.004126842353866544
1.2000000000000008,1786138860.5037127,0.005777599988505244,0.006549799989443272,0.01,TELEOP,0,,0.0,1.2000000000000008,120,-0.0003942649342761118,0.00626666167821524,0.0,0.005408447004032084,0.0055280686888809025,0.010906938256542511,0.9999106099324298,-0.0001801271222052936,0.003668181413734132,0.0,0.0031741618288954583,0.00322889067395115,0.006389495312763797,0.9999693361855392,-0.016054038136661595,-0.22389854133643985,0.2799480239923198,-0.128951676328726,0.0020176472472543,0.002956711411022425,0.9916444181909305,-0.016047383341531544,-0.22398141435910482,0.27997022975181723,-0.12905446375863433,0.0018848428435823648,0.0027631460782189233,0.9916318660547254,-0.01604738167735826,-0.22398141530051735,0.27997022993993503,-0.12905446378340044,0.001884842844534587,0.002763145961196045,0.9916318660518265,-0.016012902030528908,-0.22455989854165448,0.2801258636418064,-0.12992024563391968,0.0007753846409955141,0.001145376487506106,0.9915234826597817,-0.016012902030528908,-0.22455989854165448,0.2801258636418064,-0.12992024563391968,0.0007753846409955141,0.001145376487506106,0.9915234826597817,-0.004253277309518468,-0.5310639560815174,0.7892423676661462,-0.0203873414877551,0.5170997055080205,-0.015786074989332502,-0.0016776231861434787,-0.5266605030523266,0.7869763768348135,-0.008226048580772064,0.5209077015838638,-0.006327257639048168,-0.0016776231861434787,-0.5266605030523266,0.7869763768348135,-0.008226048580772064,0.5209077015838638,-0.006327257639048168,-0.022327752485456882,-0.03960254971467899,0.02042288523411158,-0.10746618499313924,-0.03447730775242252,-0.08310152237656124,-0.1808413302487513,-0.2912990266362917,0.14935515445445796,-0.8283321352613014,-0.2490329523524437,-0.6503054971294726,0.5,0.0,0.0,0.5,True,False,True,False,1,True,True,0.0038028999988455325,4,1.921228404908724e-09,2.3930752283620094e-10,`gtol` termination condition is satisfied.,True,True,0.0,0.010000000000000009,True,0.012161292906983036,0.011616810508311131,False,False,False,False,False,False,1.0,False,False,False,0.0006000446279071121,0.004293903826734756,0.0006000456799125994,0.004293904022375835
1.2100000000000009,1786138860.5095387,0.00679020001552999,0.005585500010056421,0.01,TELEOP,0,,0.0,1.2100000000000009,121,-0.00043461844652467607,0.006578217954614152,0.0,0.005674168075866905,0.005805979232264247,0.011447573945265285,0.9999015188870197,-0.0002040327883641834,0.003941567169954332,0.0,0.0034091287676684527,0.003471102241836424,0.006864886572470425,0.999964600684754,-0.01606120983650926,-0.22381932022769804,0.279926796760209,-0.12883504052500386,0.0021687461857668876,0.0031765714911165376,0.9916585794851291,-0.016053876018651676,-0.2239052978263184,0.2799498343883265,-0.1289414306430047,0.002031098409754519,0.0029761261987205846,0.9916456649306921,-0.016053874308258317,-0.22390529878477983,0.27994983457672334,-0.12894143066839897,0.0020310984107445476,0.0029761260785319305,0.9916456649277489,-0.01601558114493326,-0.2245041805055279,0.280110998955815,-0.12983709807741103,0.0008821862809746222,0.0013024938057941992,0.9915340908007593,-0.01601558114493326,-0.2245041805055279,0.280110998955815,-0.12983709807741103,0.0008821862809746222,0.0013024938057941992,0.9915340908007593,-0.004616299080150445,-0.5316422617968918,0.7895379731905563,-0.02204728345925587,0.5166043743130722,-0.017090613874237524,-0.0019189078312350852,-0.5270848653427138,0.7871951020236704,-0.009382334494438342,0.520538785652424,-0.007222573401017913,-0.0019189078312350852,-0.5270848653427138,0.7871951020236704,-0.009382334494438342,0.520538785652424,-0.007222573401017913,-0.024128464509160657,-0.04243622903872723,0.021872518885695795,-0.11562859136662779,-0.03689159314398163,-0.08953157619697445,-0.18007120237037744,-0.28336793240482355,0.14496336515842143,-0.8162406373488541,-0.24142853915591145,-0.6430053820413214,0.5,0.0,0.0,0.5,True,False,True,False,1,True,True,0.003178700018906966,4,1.969666751110743e-09,2.4576268275147577e-10,`gtol` termination condition is satisfied.,True,True,0.0,0.010000000000000009,True,0.012664948964817528,0.012161292906983036,False,False,False,False,False,False,1.0,False,False,False,0.0006213691647415404,0.00444329381867467,0.0006213702427892713,0.004443294019505448
1.2200000000000009,1786138860.5153193,0.005792499985545874,0.005573700007516891,0.01,TELEOP,0,,0.0,1.2200000000000009,122,-0.0004769287151674406,0.006889514534231929,0.0,0.005939365639830584,0.006083946580219718,0.011987602924102591,0.9998919976207128,-0.0002296673127690006,0.004218515256935469,0.0,0.003646940277225891,0.0037166777661704637,0.007346359577497734,0.9999594577451404,-0.01606890019383071,-0.22373906683477113,0.27990529292838434,-0.1287169808339517,0.0023219102414795,0.003399227781457986,0.9916728254965508,-0.016060868591107766,-0.22382793036760665,0.2799291038402442,-0.12882668646282042,0.0021797751121864955,0.0031924356520984087,0.9916595896728261,-0.016060866836280968,-0.22382793134176673,0.2799291040286941,-0.12882668648880113,0.002179775113213947,0.003192435528874699,0.9916595896698454,-0.016018630912671257,-0.224444860181662,0.28009516044999844,-0.12974861237874588,0.0009958974606887406,0.0014695663373817153,0.9915453323720594,-0.016018630912671257,-0.224444860181662,0.28009516044999844,-0.12974861237874588,0.0009958974606887406,0.0014695663373817153,0.9915453323720594,-0.004990017836498469,-0.5322298450670053,0.7898379636975854,-0.0237460387905403,0.5161023045611827,-0.018428322069906113,-0.0021780179895224813,-0.5275365726549948,0.7874277812775752,-0.010618517548522928,0.5201466641953635,-0.008181064515692817,-0.0021780179895224813,-0.5275365726549948,0.7874277812775752,-0.010618517548522928,0.5201466641953635,-0.008181064515692817,-0.02591101582873961,-0.04517073122809181,0.023267925390476056,-0.12361830540845863,-0.03921214570604843,-0.09584911146749046,-0.17825513195789552,-0.273450218936458,0.1395406504780262,-0.7989714041830835,-0.23205525620668027,-0.6317535270516006,0.5,0.0,0.0,0.5,True,False,True,False,1,True,True,0.0031848000071477145,4,2.015916247136882e-09,2.5194460148926634e-10,`gtol` termination condition is satisfied.,True,True,0.0,0.010000000000000009,True,0.013127521242017373,0.012664948964817528,False,False,False,False,False,False,1.0,False,False,False,0.0006402810334486539,0.004575084220288827,0.0006402821367125009,0.004575084426077417
1.2300000000000009,1786138860.5216548,0.005845900013810024,0.006063300010282546,0.01,TELEOP,0,,0.0,1.2300000000000009,123,-0.0005211940698674533,0.007200539127612636,0.0,0.006204029687073357,0.006361958692602288,0.012527003879549903,0.9998820478791672,-0.00025705194937097105,0.004498665426011562,0.0,0.0038872787591285427,0.0039653051912552605,0.007833283498110829,0.9999539014815769,-0.0160771155848113,-0.22365788554970617,0.2798835404686107,-0.12859765446165627,0.0024769436076408705,0.0036243880121107266,0.9916871340442321,-0.016068369473622574,-0.22374942438523246,0.27990806822566605,-0.1287104007576757,0.002330662490717331,0.0034117595728433035,0.9916736159875235,-0.016068367675999305,-0.2237494253738486,0.27990806841395527,-0.12871040078420487,0.0023306624917818555,0.0034117594467044507,0.9916736159845116,-0.016022075600248792,-0.2243820883591124,0.28007838530614787,-0.12965500660055804,0.0011162409271032994,0.001646144421833171,0.9915571710588071,-0.016022075600248792,-0.2243820883591124,0.28007838530614787,-0.12965500660055804,0.0011162409271032994,0.001646144421833171,0.9915571710588071,-0.005374135740735872,-0.5328258382750056,0.7901418761927618,-0.025481783057672538,0.5155943086625551,-0.019797897725098764,-0.002454678717886662,-0.5280144613285532,0.7876737833577916,-0.011932416244427403,0.5197324273652354,-0.009201257259930326,-0.002454678717886662,-0.5280144613285532,0.7876737833577916,-0.011932416244427403,0.5197324273652354,-0.009201257259930326,-0.027666072836418084,-0.04778886735584731,0.0246002080216456,-0.13138986959044757,-0.04142368301280553,-0.10201927442375094,-0.1755057007678472,-0.2618136127755498,0.13322826311695452,-0.7771564181988938,-0.22115373067570968,-0.6170162956260485,0.5,0.0,0.0,0.5,True,False,True,False,1,True,True,0.0032241999870166183,4,2.060161184442001e-09,2.5787602157563053e-10,`gtol` termination condition is satisfied.,True,True,0.0,0.010000000000000009,True,0.013549366813245135,0.013127521242017373,False,False,False,False,False,False,1.0,False,False,False,0.0006568205637511415,0.004689587717858069,0.0006568216915277493,0.004689587928392918
1.2400000000000009,1786138860.5274854,0.006271899997955188,0.005622200027573854,0.01,TELEOP,0,,0.0,1.2400000000000009,124,-0.0005674127631043025,0.00751127945603788,0.0,0.006468150266870748,0.006640003495459826,0.0130657555434212,0.9998716714747874,-0.0002862057915799066,0.004781690117401615,0.0,0.004129855522102713,0.004216700647427578,0.008325084779525177,0.999947926990416,-0.016085861737473978,-0.22357587129203882,0.27986156481450086,-0.12847720431597964,0.002633668188492487,0.003851786466815299,0.9917014850770554,-0.01607638630890251,-0.22366988370529098,0.2798867553647103,-0.12859272950419565,0.0024835668120560313,0.0036338082486202803,0.9916877216403173,-0.01607638446998289,-0.22366988470722032,0.27988675555263703,-0.12859272953123888,0.002483566813157302,0.0036338081196762803,0.9916877216372801,-0.016025938465412476,-0.22431603477990458,0.2800607158622506,-0.12955652740254545,0.001242902748352613,0.0018317253676923225,0.9915695669908032,-0.016025938465412476,-0.22431603477990458,0.2800607158622506,-0.12955652740254545,0.001242902748352613,0.0018317253676923225,0.9915695669908032,-0.005768378899657335,-0.5334294396180591,0.7904492829261717,-0.027252838383259936,0.5150811391056714,-0.02119814382780806,-0.002748533420545487,-0.5285172229536904,0.787932402358737,-0.013321459199263077,0.5192972937598177,-0.010281377263761236,-0.002748533420545487,-0.5285172229536904,0.787932402358737,-0.013321459199263077,0.5192972937598177,-0.010281377263761236,-0.0293854702658825,-0.05027616251371933,0.025861900094533777,-0.13890429548356745,-0.04351336054177352,-0.10801200038309103,-0.1719397429464416,-0.24872951578720215,0.12616920728881748,-0.7514425893119885,-0.20896775289679917,-0.5992725959340091,0.5,0.0,0.0,0.5,True,False,True,False,1,True,True,0.0031790999928489327,4,2.102570864387685e-09,2.635778981105445e-10,`gtol` termination condition is satisfied.,True,True,0.0,0.010000000000000009,True,0.013931379183996858,0.013549366813245135,False,False,False,False,False,False,1.0,False,False,False,0.0006710565588144166,0.004787324580441851,0.0006710577105149638,0.004787324795530477
1.2500000000000009,1786138860.534426,0.005852200003573671,0.0067103000183124095,0.01,TELEOP,0,,0.0,1.2500000000000009,125,-0.0006155829702431171,0.007821723252011572,0.0,0.0067317174869928244,0.0069180688817473985,0.013603836693754884,0.9998608702863776,-0.00031714596796096644,0.005067291390852504,0.0,0.004374408073042229,0.004470605801242073,0.0088212417679632,0.9999415302563703,-0.016095143790388296,-0.22349311039822464,0.27983938909983846,-0.12835576034658183,0.0027919219347852732,0.004081181491659969,0.9917158604738522,-0.01608492602117261,-0.22358940418139941,0.2798651909412763,-0.1284738161768671,0.002638309756015023,0.0038583151498790503,0.9917018862958709,-0.016084924142331244,-0.2235894051955924,0.27986519112864994,-0.12847381620439238,0.0026383097571527326,0.0038583150182308307,0.9917018862928141,-0.016030241604907618,-0.22424688460971848,0.28004219877868936,-0.1294534451497932,0.0013755388948138456,0.0020257642175088423,0.9915824775130576,-0.016030241604907618,-0.22424688460971848,0.28004219877868936,-0.1294534451497932,0.0013755388948138456,0.0020257642175088423,0.9915824775130576,-0.006172495377493534,-0.5340399084669566,0.790759789010116,-0.029057661564971117,0.5145634929943586,-0.022627959602949478,-0.0030591556909492722,-0.5290434313368303,0.7882028719009919,-0.01478274994670848,0.5188425862181169,-0.0114193976161631,-0.0030591556909492722,-0.5290434313368303,0.7882028719009919,-0.01478274994670848,0.5188425862181169,-0.0114193976161631,-0.03106222704037851,-0.052620838313982815,0.02704695422549682,-0.14612907474454032,-0.045470754170081756,-0.11380203524018628,-0.16767567744960105,-0.23446758002634882,0.1185054130963042,-0.7224779260972879,-0.19573936283082327,-0.5790034857095249,0.5,0.0,0.0,0.5,True,False,True,False,1,True,True,0.003706499992404133,4,2.1433014615792e-09,2.6906899081935764e-10,`gtol` termination condition is satisfied.,True,True,0.0,0.010000000000000009,True,0.014274911618262637,0.013931379183996858,False,False,False,False,False,False,1.0,False,False,False,0.0006830820361209486,0.004868990426181699,0.0006830832112638259,0.00486899064564832
1.260000000000001,1786138860.5401762,0.00691899997764267,0.005541799997445196,0.01,TELEOP,0,,0.0,1.260000000000001,126,-0.0006657027896066037,0.008131858259744208,0.0,0.006994721514064587,0.007196142712047533,0.01414122615571376,0.999849646258787,-0.0003498878195560504,0.005355198144572311,0.0,0.004620697662229226,0.00472678545434945,0.009321279841028469,0.9999347080657358,-0.016104966345866823,-0.22340968142753034,0.2798170343745156,-0.12823344075911047,0.0029515573355141976,0.004312353237554331,0.9917302438616711,-0.016093994867304368,-0.22350807426154612,0.27984339865493113,-0.12835379271575234,0.0027947272181581624,0.004085035132807671,0.9917160913705201,-0.016093992949800472,-0.2235080752870391,0.27984339884157206,-0.12835379274373113,0.0027947272193320286,0.0040850349985477935,0.9917160913674485,-0.016035005826960814,-0.22417483499236016,0.2800228842179619,-0.12934604912316505,0.0015137816780746933,0.002227684215476502,0.9915958579301827,-0.016035005826960814,-0.22417483499236016,0.2800228842179619,-0.12934604912316505,0.0015137816780746933,0.002227684215476502,0.9915958579301827,-0.006586253416776487,-0.5346565610086423,0.791073030149355,-0.030894833358111887,0.5140420162305959,-0.024086332778028026,-0.0033860610795186344,-0.5295915688231997,0.7884843789730956,-0.016313130654026387,0.5183697082130736,-0.012613086286418869,-0.0033860610795186344,-0.5295915688231997,0.7884843789730956,-0.016313130654026387,0.5183697082130736,-0.012613086286418869,-0.03269053885693622,-0.05481374863694129,0.02815070721037709,-0.1530380707317906,-0.047287800504323074,-0.11936886702557695,-0.1628311816557709,-0.21929103229584682,0.11037529848802714,-0.6908995987250283,-0.18170463342413212,-0.5566831785390663,0.5,0.0,0.0,0.5,True,False,True,False,1,True,True,0.003166299982694909,4,2.1824967013106334e-09,2.7436719112543283e-10,`gtol` termination condition is satisfied.,True,True,0.0,0.010000000000000009,True,0.0145817027040855,0.014274911618262637,False,False,False,False,False,False,1.0,False,False,False,0.000693010090574836,0.00493542512992771,0.0006930112887773137,0.0049354253536131945
1.270000000000001,1786138860.5462124,0.005746700015151873,0.0058311999891884625,0.01,TELEOP,0,,0.0,1.270000000000001,127,-0.0007177702425501032,0.008441672235636721,0.0,0.007257152573917472,0.007474212815296387,0.014677902802479097,0.999838001402543,-0.0003844450605561772,0.005645163595388047,0.0,0.004868507058945506,0.004985025367760824,0.009824766995128503,0.9999274579261195,-0.01611533351816686,-0.223325655892228,0.2797945198001877,-0.12811035311537808,0.003112440051229841,0.004545101614592219,0.9917446204506953,-0.016103598485465033,-0.22342597552082855,0.2798214003636562,-0.12823278041752142,0.0029526682080169586,0.004313742784920461,0.9917303198955,-0.016103596530451694,-0.22342597655673815,0.2798214005493949,-0.12823278044592745,0.0029526682092267053,0.00431374264813381,0.9917303198924184,-0.01604025054918345,-0.22410009173996398,0.28000282504783536,-0.12923464289246142,0.0016572459535429951,0.0024368868038264634,0.99160966221342,-0.01604025054918345,-0.22410009173996398,0.28000282504783536,-0.12923464289246142,0.0016572459535429951,0.0024368868038264634,0.99160966221342,-0.0070094398237884725,-0.5352787661507427,0.7913886704863601,-0.03276304868599709,0.5135173073960615,-0.025572332540972492,-0.0037287185873960426,-0.5301600515820157,0.7887760772160812,-0.017909243742179098,0.517880121195895,-0.013860052095620067,-0.0037287185873960426,-0.5301600515820157,0.7887760772160812,-0.017909243742179098,0.517880121195895,-0.013860052095620067,-0.034265750787740815,-0.05684827588160952,0.029169824298555632,-0.159611308815271,-0.0489587017178641,-0.12469658092011987,-0.1575211930804594,-0.20345272446682297,0.1019117088178542,-0.6573238083480395,-0.16709012135410276,-0.5327713894542917,0.5,0.0,0.0,0.5,True,False,True,False,1,True,True,0.0031359000131487846,4,2.2202893361441653e-09,2.794884636253029e-10,`gtol` termination condition is satisfied.,True,True,0.0,0.010000000000000009,True,0.01485380494381799,0.0145817027040855,False,False,False,False,False,False,1.0,False,False,False,0.0007009699296209443,0.004987583198744722,0.0007009711505918701,0.004987583426504514
1.280000000000001,1786138860.5522718,0.006041199987521395,0.005849500012118369,0.01,TELEOP,0,,0.0,1.280000000000001,128,-0.0007717832735397335,0.008751152948763831,0.0,0.0075190009519319305,0.007752266989515706,0.015213845556138637,0.9998259377934753,-0.0004208299238890374,0.005936962995601653,0.0,0.005117638535876156,0.005245130290370675,0.01033130984710072,0.999919777992663,-0.01612624897716672,-0.2232410989191994,0.2797718628275503,-0.12798659533023252,0.0032744476756557607,0.0047792444384410415,0.9917589768844003,-0.01611374194124728,-0.22334318316212412,0.2797992162180019,-0.12811089076028873,0.0031119938295920643,0.004544230893700334,0.9917445563896959,-0.016113739949779878,-0.22334318420764146,0.27979921640267846,-0.12811089078909849,0.003111993830837456,0.004544230754464721,0.9917445563866085,-0.016045993721991166,-0.22402286620174336,0.2799820760763351,-0.1291195399026848,0.0018055350087676373,0.0026527610063827828,0.9916238436613423,-0.016045993721991166,-0.22402286620174336,0.2799820760763351,-0.1291195399026848,0.0018055350087676373,0.0026527610063827828,0.9916238436613423,-0.0074418584906661015,-0.5359059416724977,0.7917064005617052,-0.03466110763227179,0.5129899213666147,-0.027085103076371263,-0.0040865617177773695,-0.5307472535286436,0.7890770994809689,-0.019567590567595418,0.5173753231835312,-0.015157788600245354,-0.0040865617177773695,-0.5307472535286436,0.7890770994809689,-0.019567590567595418,0.5173753231835312,-0.015157788600245354,-0.03578431303813268,-0.05872019466278643,0.03010222648877357,-0.16583468254163194,-0.05047980123638155,-0.12977365046252862,-0.15185622503918655,-0.18719187811769142,0.09324021902179379,-0.6223373726360951,-0.15210995185174483,-0.507706954240876,0.5,0.0,0.0,0.5,True,False,True,False,1,True,True,0.0034481000038795173,4,2.2568017954184646e-09,2.844478251611777e-10,`gtol` termination condition is satisfied.,True,True,0.0,0.010000000000000009,True,0.01509351706467637,0.01485380494381799,False,False,False,False,False,False,1.0,False,False,False,0.000707103121712623,0.005026505896877907,0.0007071043652446548,0.005026506128581461
1.290000000000001,1786138860.5583746,0.0060978000110480934,0.005854299990460277,0.01,TELEOP,0,,0.0,1.290000000000001,129,-0.0008277397502335194,0.009060288181356896,0.0,0.007780256993371082,0.008030293002550506,0.01574903338856853,0.9998134575723294,-0.0004590532931389675,0.006230391564320034,0.0,0.0053679120427287215,0.005506922172588406,0.010840550011206432,0.9999116670006113,-0.016137715987941698,-0.22315606984939057,0.27974907935696186,-0.1278622565748236,0.0034374686135824712,0.005014615750753417,0.9917733011036327,-0.016124429771263514,-0.22325976648634296,0.2797768647870911,-0.12798822616934083,0.003272576335182188,0.004776309025073863,0.9917587867411376,-0.01612442774430757,-0.2232597675407278,0.27977686497055426,-0.12798822619853237,0.0032725763364629774,0.004776308883460589,0.9917587867380481,-0.016052251777074547,-0.2239433723454687,0.27996069332564366,-0.12900105931456107,0.0019582460747092616,0.002874692088661927,0.9916383555074034,-0.016052251777074547,-0.2239433723454687,0.27996069332564366,-0.12900105931456107,0.0019582460747092616,0.002874692088661927,0.9916383555074034,-0.007883329035294241,-0.5365375506095427,0.792025935388317,-0.036587907116205874,0.5124603726832467,-0.028623857602749245,-0.004458998946197231,-0.5313515286238321,0.789386569523798,-0.021284586485906736,0.5168568288211459,-0.016503715369956602,-0.004458998946197231,-0.5313515286238321,0.789386569523798,-0.021284586485906736,0.5168568288211459,-0.016503715369956602,-0.03724372284198621,-0.06042750951884292,0.030947004282908232,-0.1716995918311318,-0.051849436238528314,-0.13459267697112487,-0.14594098038535264,-0.1707314856056485,0.08447777941346608,-0.5864909289499846,-0.13696350021467654,-0.48190265085962525,0.5,0.0,0.0,0.5,True,False,True,False,1,True,True,0.0031521999917458743,4,2.2921467026942707e-09,2.892587208797096e-10,`gtol` termination condition is satisfied.,True,True,0.0,0.010000000000000009,True,0.015303320630299138,0.01509351706467637,False,False,False,False,False,False,1.0,False,False,False,0.0007115600912402017,0.005053295348460584,0.000711561357201593,0.005053295583989567
1.300000000000001,1786138860.5646951,0.006059100007405505,0.006116500007919967,0.01,TELEOP,0,,0.0,1.300000000000001,130,-0.0008856374635655695,0.009369065729286261,0.0,0.008040911103705382,0.008308278592812336,0.016283445322309093,0.9998005629443715,-0.0004991248220834653,0.006525262613120779,0.0,0.005619163551324096,0.0057702385477213635,0.011352160816293729,0.9999031242039836,-0.016149737446625047,-0.22307062278095208,0.27972618388397813,-0.127737418095054,0.003601401064134913,0.005251064297282549,0.9917875822233966,-0.016135666024211414,-0.22317578933368415,0.2797543631768535,-0.12786488072887608,0.0034342982460886353,0.005009802202177014,0.9917729980966624,-0.016135663962649822,-0.22317579039625993,0.27975436335896064,-0.12786488075843006,0.0034342982474046034,0.0050098020582514035,0.9917729980935746,-0.016059039599952637,-0.2238618240777782,0.27993873335079583,-0.12887952213225135,0.002114975411226614,0.0031020694131004365,0.9916531514694686,-0.016059039599952637,-0.2238618240777782,0.27993873335079583,-0.12887952213225135,0.002114975411226614,0.0031020694131004365,0.9916531514694686,-0.008333685545520438,-0.5371730978616996,0.7923470126373905,-0.03854243317984806,0.5119291386969781,-0.030187872855355444,-0.0048454234991790355,-0.5319712313514636,0.7897036127349234,-0.023056611769021972,0.5163261510958687,-0.0178952162541633,-0.0048454234991790355,-0.5319712313514636,0.7897036127349234,-0.023056611769021972,0.5163261510958687,-0.0178952162541633,-0.038642455298180445,-0.06197027276315566,0.0317043211125329,-0.17720252831152364,-0.0530677725277245,-0.13915008842066995,-0.1398732456194235,-0.15427632443127376,0.07573168296246711,-0.5502936480391848,-0.12183362891961909,-0.4557411449545079,0.5,0.0,0.0,0.5,True,False,True,False,1,True,True,0.0031768000044394284,4,2.326427840533486e-09,2.9393391353972115e-10,`gtol` termination condition is satisfied.,True,True,0.0,0.010000000000000009,True,0.015485821410826089,0.015303320630299138,False,False,False,False,False,False,1.0,False,False,False,0.000714496885245524,0.005069090790708048,0.000714498173572467,0.005069091029956075
1.310000000000001,1786138860.5709054,0.0064523999753873795,0.0058732000179588795,0.01,TELEOP,0,,0.0,1.310000000000001,131,-0.0009454741278333012,0.009677473402543043,0.0,0.008300953748928332,0.00858621147002811,0.016817060431434376,0.9997872561789811,-0.0005410530430097431,0.006821405847805451,0.0,0.005871243556076906,0.006034931065377585,0.011865844331226257,0.9998941493200411,-0.01616231591290293,-0.2229848070613533,0.27970318963121377,-0.12761215395317835,0.0037661520995311564,0.005488452148910525,0.9918018104212165,-0.01614745429943662,-0.2230913104971895,0.2797317271408372,-0.1277409408437216,0.003597051535214963,0.005244549677026318,0.9917871787592836,-0.016147452204076318,-0.22309131156733886,0.27973172732145335,-0.1277409408736205,0.0035970515365659167,0.005244549530848186,0.9917871787562007,-0.016066370525203277,-0.22377843282196647,0.27991625260796976,-0.12875524764377014,0.0022753229309357787,0.003334293435017428,0.99166818623824,-0.016066370525203277,-0.22377843282196647,0.27991625260796976,-0.12875524764377014,0.0022753229309357787,0.003334293435017428,0.99166818623824,-0.008792775417519797,-0.5378121270139271,0.7926693909331508,-0.040523753832874675,0.511396662501659,-0.031776483972365106,-0.005245222356762189,-0.5326047352328672,0.7900273658290053,-0.024880057986495504,0.5157847848269665,-0.019329674335941065,-0.005245222356762189,-0.5326047352328672,0.7900273658290053,-0.024880057986495504,0.5157847848269665,-0.019329674335941065,-0.03997988575831533,-0.0633503881403604,0.03237530940819661,-0.18234462174735303,-0.05413662689021145,-0.14344580817777652,-0.13374304601348846,-0.13801153772047392,0.06709882956637139,-0.5142093435829393,-0.10688543624869494,-0.42957197571065786,0.5,0.0,0.0,0.5,True,False,True,False,1,True,True,0.0033631999976933002,4,2.359740797407169e-09,2.984849674080533e-10,`gtol` termination condition is satisfied.,True,True,0.0,0.010000000000000009,True,0.01564369584637917,0.015485821410826089,False,False,False,False,False,False,1.0,False,False,False,0.0007160722299976835,0.00507504709613165,0.0007160735406865084,0.005075047339003006
1.320000000000001,1786138860.5769706,0.006090800015954301,0.00584789999993518,0.01,TELEOP,0,,0.0,1.320000000000001,132,-0.0010072473807876626,0.009985499025720379,0.0,0.008560375455863153,0.00886407931599432,0.017349857842415405,0.999773539609237,-0.0005848454648655163,0.007118665829705281,0.0,0.00612401571528949,0.006300864162630023,0.012381328669663098,0.9998847424792003,-0.01617545363945966,-0.2228986677332615,0.279680108667815,-0.12748653169976631,0.003931636830375648,0.00572665345218416,0.9918159768360445,-0.01615979778303555,-0.22300638410981607,0.2797089711839244,-0.12761648585430696,0.0037607368674581086,0.005480403788993203,0.9918013180928532,-0.016159795654613777,-0.22300638518697585,0.2797089713629214,-0.12761648588453495,0.003760736868843835,0.005480403640617323,0.9918013180897783,-0.016074256352600652,-0.2236934053650986,0.2798933068761786,-0.1286285501929053,0.0024388963373612764,0.0035707818094465344,0.9916834159030775,-0.016074256352600652,-0.2236934053650986,0.2798933068761786,-0.1286285501929053,0.0024388963373612764,0.0035707818094465344,0.9916834159030775,-0.009260458280201037,-0.5384542173610907,0.7929928482531707,-0.042531012411508105,0.5108633556666254,-0.03338907975086309,-0.005657784418451181,-0.5332504492873489,0.7903569854492046,-0.026751369589675666,0.5152341920110469,-0.020804503367104765,-0.005657784418451181,-0.5332504492873489,0.7903569854492046,-0.026751369589675666,0.5152341920110469,-0.020804503367104765,-0.041256206168899114,-0.06457140544816449,0.03296196201993046,-0.18713116031801608,-0.055059281591968004,-0.14748290311637013,-0.12763204105837841,-0.12210173078040891,0.058665261173384324,-0.4786538570663062,-0.09226547017565472,-0.40370949385935967,0.5,0.0,0.0,0.5,True,False,True,False,1,True,True,0.0031438999867532402,4,2.392173143376191e-09,3.029224905195326e-10,`gtol` termination condition is satisfied.,True,True,0.0,0.010000000000000009,True,0.01577964282183244,0.01564369584637917,False,False,False,False,False,False,1.0,False,False,False,0.0007164448888675947,0.005072315631470463,0.0007164462219662094,0.0050723158778791305
1.330000000000001,1786138860.5831394,0.006091099989134818,0.005925900011789054,0.01,TELEOP,0,,0.0,1.330000000000001,133,-0.0010709547837264022,0.010293130438494094,0.0,0.008819166812460482,0.009141869785336593,0.017881816734977116,0.9997594156314902,-0.0006305086621992051,0.007416900581556296,0.0,0.006377355620049062,0.006567913860019699,0.012898365547983678,0.9998749041800247,-0.01618915259865977,-0.22281224593852855,0.27965695201770785,-0.1273606129825675,0.0040977776493692645,0.005965553297208627,0.991830073476752,-0.016172699281556176,-0.22292106000620984,0.2796861086592682,-0.12749158860775786,0.003925262894321069,0.0057172289047582835,0.9918154064336425,-0.01617269712074626,-0.22292106108986748,0.27968610883652484,-0.12749158863830082,0.003925262895741396,0.005717228754234809,0.9918154064305784,-0.01608270738210499,-0.22360694198017395,0.279869950735215,-0.12849973629526434,0.0026053147639391624,0.003810974600787963,0.9916987983151035,-0.01608270738210499,-0.22360694198017395,0.279869950735215,-0.12849973629526434,0.0026053147639391624,0.003810974600787963,0.9916987983151035,-0.009736604998889883,-0.5390989811274906,0.7933171804306162,-0.0445634214146603,0.5103296007799814,-0.03502509824450526,-0.006082507793998403,-0.5339068323950226,0.7906916556634636,-0.02866708055222369,0.5146757890591318,-0.022317175564332388,-0.006082507793998403,-0.5339068323950226,0.7906916556634636,-0.02866708055222369,0.5146757890591318,-0.022317175564332388,-0.0424723375547222,-0.06563831076736529,0.03346702142589467,-0.19157109625480256,-0.05584029519151196,-0.15126721972276214,-0.12161313858230832,-0.10669053192007959,0.05050594059642158,-0.4439935936786477,-0.07810135995439514,-0.37843166063920053,0.5,0.0,0.0,0.5,True,False,True,False,1,True,True,0.0034325000015087426,4,2.4238055383867953e-09,3.072562090325832e-10,`gtol` termination condition is satisfied.,True,True,0.0,0.010000000000000009,True,0.015896340862436607,0.01577964282183244,False,False,False,False,False,False,1.0,False,False,False,0.0007157713269350147,0.005062027474751755,0.0007157726825355613,0.0050620277246205625
1.340000000000001,1786138860.589363,0.006169600004795939,0.00597969998489134,0.01,TELEOP,0,,0.0,1.340000000000001,134,-0.0011365938215903316,0.010600355496102762,0.0,0.009077318468086995,0.009419570506274495,0.018412916342948865,0.9997448867049302,-0.0006780483557549964,0.0077159803243674815,0.0,0.006631149678755482,0.006835966670686092,0.013416728072607182,0.9998646352489126,-0.016203414506726507,-0.22272557928421818,0.2796337297576747,-0.12723445409820072,0.00426450354607907,0.00620504669188759,0.991844093139335,-0.016186161253367286,-0.2228353840603402,0.27966315185876167,-0.1273663159877095,0.004090545599512777,0.005954900434911265,0.9918294350084734,-0.016186159060783935,-0.22283538515002935,0.2796631520341627,-0.1273663160185545,0.004090545600967528,0.005954900282286092,0.9918294350054229,-0.016091732465441485,-0.2235192348236443,0.2798462371018125,-0.1283691021054187,0.002774211909965099,0.004054338606213572,0.9917142933886722,-0.016091732465441485,-0.2235192348236443,0.2798462371018125,-0.1283691021054187,0.002774211909965099,0.004054338606213572,0.9917142933886722,-0.010221096752427493,-0.5397460608722714,0.7936421997545711,-0.04662025678495719,0.509795753812568,-0.036684022678479124,-0.006518806200077676,-0.534572405559194,0.7910305943523637,-0.030623846023089676,0.5141109359254785,-0.0238652457230651,-0.006518806200077676,-0.534572405559194,0.7910305943523637,-0.030623846023089676,0.5141109359254785,-0.0238652457230651,-0.04362984060792738,-0.06655731641714592,0.03389386889001332,-0.19567654708659832,-0.05648531336532886,-0.15480701587327114,-0.11575030532051779,-0.09190056497806291,0.04268474641186499,-0.4105450831795768,-0.06450181738169025,-0.3539796150509006,0.5,0.0,0.0,0.5,True,False,True,False,1,True,True,0.0032168000179808587,4,2.454711735196128e-09,3.11494976245529e-10,`gtol` termination condition is satisfied.,True,True,0.0,0.010000000000000009,True,0.015996410761867513,0.015896340862436607,False,False,False,False,False,False,1.0,False,False,False,0.000714203682437707,0.0050452789707896165,0.0007142050606679552,0.005045279224049065
1.350000000000001,1786138860.5951526,0.006197400012752041,0.005571800022153184,0.01,TELEOP,0,,0.0,1.350000000000001,135,-0.0012041619030626395,0.010907162069827158,0.0,0.009334821133804976,0.009697169081391429,0.018943135955108464,0.9997299553511404,-0.0007274694855069256,0.008015786332980165,0.0,0.006885294106429029,0.00710491861201058,0.013936208735181687,0.9998539368041085,-0.016218240845652085,-0.2226387021742395,0.27961045110621513,-0.12710810649203744,0.004431749486100155,0.0064450376325304246,0.9918580293320293,-0.01620018583777744,-0.22274939850014108,0.2796401120973456,-0.12724072940526848,0.004256507692523243,0.0061933039226857505,0.9918433958590439,-0.016200183613981765,-0.22274939959543838,0.2796401122707813,-0.12724072943640422,0.0042565076940122605,0.006193303768000906,0.9918433958560091,-0.016101339071875467,-0.22343046660385812,0.2798222168251216,-0.1282369312369121,0.0029452386780221013,0.004300370819872658,0.9917298633432798,-0.016101339071875467,-0.22343046660385812,0.2798222168251216,-0.1282369312369121,0.0029452386780221013,0.004300370819872658,0.9917298633432798,-0.010713824178464856,-0.5403951270718794,0.7939677336643497,-0.04870085260544779,0.5092621463122318,-0.038365377660021814,-0.00696611446130934,-0.5352457621014798,0.7913730585069011,-0.032618469037946754,0.5135409270958249,-0.025446371673471174,-0.00696611446130934,-0.5352457621014798,0.7913730585069011,-0.032618469037946754,0.5135409270958249,-0.025446371673471174,-0.04473082612316642,-0.06733565422857357,0.03424641545373982,-0.1994623014857081,-0.0570008829653608,-0.15811259504060712,-0.11009855152390463,-0.07783378114276494,0.035254656372649996,-0.3785754399109765,-0.051556960003194124,-0.3305579167335971,0.5,0.0,0.0,0.5,True,False,True,False,1,True,True,0.003173800010699779,4,2.484959420376358e-09,3.1564703381216033e-10,`gtol` termination condition is satisfied.,True,True,0.0,0.010000000000000009,True,0.016082383567501038,0.015996410761867513,False,False,False,False,False,False,1.0,False,False,False,0.0007118880404765259,0.005023119569757742,0.0007118894414924174,0.005023119826345643
1.360000000000001,1786138860.602054,0.005795399978524074,0.006678000005194917,0.01,TELEOP,0,,0.0,1.360000000000001,136,-0.0012736563606711494,0.01121353804746909,0.0,0.00959166558264288,0.009974653088409632,0.019472454916019708,0.9997146241536433,-0.0007787762768424657,0.00831620989917179,0.0,0.00713969400896468,0.007374674310153661,0.014456617596135804,0.9998428102236655,-0.016233632883052747,-0.2225516461098164,0.27958712450405676,-0.12698161721114037,0.004599455848566756,0.006685438261782422,0.991871876207602,-0.016214774881993514,-0.22266314220029354,0.2796169997914593,-0.12711488525342537,0.00442307804732065,0.0064323342005491585,0.9918572817720948,-0.016214772627497594,-0.22266314330081483,0.2796169999628252,-0.12711488528484186,0.004423078048843795,0.00643233404384312,0.9918572817690778,-0.016111533365730596,-0.22334080951195207,0.27979793834178573,-0.12810349293212753,0.003118065324794986,0.004548601078237597,0.9917454728888102,-0.016111533365730596,-0.22334080951195207,0.27979793834178573,-0.12810349293212753,0.003118065324794986,0.004548601078237597,0.9917454728888102,-0.011214686582209313,-0.5410458758708611,0.7942936235336261,-0.0508045961851043,0.508729087437674,-0.0400687256646939,-0.007423893129276109,-0.5359255758536264,0.7917183484706639,-0.03464792241262104,0.5129669843752194,-0.02705833116118934,-0.007423893129276109,-0.5359255758536264,0.7917183484706639,-0.03464792241262104,0.5129669843752194,-0.02705833116118934,-0.04577786679667683,-0.06798137521466012,0.03452899637628015,-0.20294533746742824,-0.05739427206055149,-0.16119594877181673,-0.10470406735104054,-0.06457209860865482,0.028258092254033074,-0.34830359817201556,-0.039338909519069216,-0.30833537312096143,0.5,0.0,0.0,0.5,True,False,True,False,1,True,True,0.0032116999791469425,4,2.5146103498689266e-09,3.197198634476379e-10,`gtol` termination condition is satisfied.,True,True,0.0,0.010000000000000009,True,0.01615667377248326,0.016082383567501038,False,False,False,False,False,False,1.0,False,False,False,0.0007089630003520413,0.004996541863260265,0.0007089644243295878,0.0049965421231206834
1.370000000000001,1786138860.6079679,0.006973700015805662,0.005617799994070083,0.01,TELEOP,0,,0.0,1.370000000000001,137,-0.0013450744508936797,0.01151947133382956,0.0,0.009847842649856746,0.010252010080970044,0.02000085262686334,0.9996988957574385,-0.0008319723005393924,0.008617151392203828,0.0,0.007394262553421193,0.0076451461887684065,0.014977780638914334,0.9998312571170078,-0.016249591690161824,-0.2224644399617199,0.27956375768709923,-0.1268550293146665,0.004767567916536571,0.006926168105681937,0.9918856285021516,-0.016229929966015584,-0.2225766509542724,0.2795938245319356,-0.12698883532712477,0.0045901911834417015,0.006671894610550049,0.9918710862150715,-0.016229927681286817,-0.22257665205967003,0.2795938247011317,-0.12698883535881275,0.0045901911849988005,0.006671894451858046,0.9918710862120746,-0.016122320293204727,-0.22325042440332282,0.2797734473901223,-0.1279690405746524,0.0032923831435087455,0.0047985939375058415,0.9917610893576448,-0.016122320293204727,-0.22325042440332282,0.2797734473901223,-0.1279690405746524,0.0032923831435087455,0.0047985939375058415,0.9917610893576448,-0.011723591204255472,-0.5416980269923377,0.7946197235401008,-0.052930923508021664,0.5081968658409338,-0.04179366378012312,-0.007891632246168583,-0.536610607435797,0.7920658111744163,-0.03670936600757667,0.5123902513925913,-0.028699035285113576,-0.007891632246168583,-0.536610607435797,0.7920658111744163,-0.03670936600757667,0.5123902513925913,-0.028699035285113576,-0.04677391168924748,-0.06850315821706397,0.034746270375240265,-0.20614435949556317,-0.05767329826280373,-0.16407041239242368,-0.09960448925706517,-0.05217830024038545,0.0217273998960113,-0.3199022028134945,-0.027902620225223572,-0.2874463620606938,0.5,0.0,0.0,0.5,True,False,True,False,1,True,True,0.003176400001393631,4,2.5437210521795877e-09,3.237201562931631e-10,`gtol` termination condition is satisfied.,True,True,0.0,0.010000000000000009,True,0.016221557500444996,0.01615667377248326,False,False,False,False,False,False,1.0,False,False,False,0.0007055585244623073,0.00496647370738879,0.0007055599715905915,0.004966473970470991
1.380000000000001,1786138860.6149359,0.005825200001709163,0.006760899996152148,0.01,TELEOP,0,,0.0,1.380000000000001,138,-0.0014184133542663126,0.011824949851186265,0.0,0.010103343233182594,0.010529227589417071,0.02052830854626132,0.9996827728685297,-0.0008870605271191994,0.008918519407661911,0.0,0.007648920216268882,0.007916253733989936,0.015499538278876936,0.9998192792997573,-0.016266118158135768,-0.22237711021691536,0.2795403577525037,-0.12672838224572633,0.004936035415285381,0.007167153382416674,0.9918992814798048,-0.016245652425569874,-0.22248995772676575,0.27957059515163596,-0.1268626272111141,0.004757786786853649,0.006911896284482543,0.9918848032769417,-0.01624565011103491,-0.22248995883672534,0.279570595318567,-0.1268626272430661,0.0047577867884445795,0.006911896123836875,0.9918848032739669,-0.01613370367610131,-0.2231594602150534,0.27974878678218273,-0.1278338105328706,0.003467905701549384,0.005049949842000835,0.991776682787655,-0.01613370367610131,-0.2231594602150534,0.27974878678218273,-0.1278338105328706,0.003467905701549384,0.005049949842000835,0.991776682787655,-0.012240452543443098,-0.5423513217996225,0.7949458996163888,-0.05507931502271338,0.5076657514072916,-0.043539820690170324,-0.008368854290594413,-0.5372997087321311,0.7924148424221055,-0.03880015960652436,0.5118117897205214,-0.030366538665501295,-0.008368854290594413,-0.5372997087321311,0.7924148424221055,-0.03880015960652436,0.5118117897205214,-0.030366538665501295,-0.047722204442582974,-0.06891012963340833,0.03490312476891729,-0.2090793598947689,-0.057846167206983996,-0.16675033803877187,-0.09482927533354954,-0.04069714163443556,0.015685439367702468,-0.293500039920571,-0.017286894418026576,-0.26799256463482074,0.5,0.0,0.0,0.5,True,False,True,False,1,True,True,0.004040500003611669,4,2.572342972398528e-09,3.2765432645127286e-10,`gtol` termination condition is satisfied.,True,True,0.0,0.010000000000000009,True,0.016279155416189017,0.016221557500444996,False,False,False,False,False,False,1.0,False,False,False,0.0007017950538319777,0.00493377230235245,0.000701796524305904,0.004933772568610949
1.390000000000001,1786138860.6206324,0.006965999986277893,0.005491399992024526,0.01,TELEOP,0,,0.0,1.390000000000001,139,-0.0014936701754947159,0.012129961539770404,0.0,0.010358158293079688,0.01080629312158804,0.02105480219109449,0.9996662582534431,-0.000944043376105568,0.00922022999629565,0.0,0.007903594102277306,0.00818792282854155,0.01602174401234119,0.9998068787715072,-0.016283213012831678,-0.2222896812020275,0.2795169312185694,-0.12660171216831836,0.005104812094014691,0.007408326376048046,0.9919128308827551,-0.01626194337318489,-0.22240309288755844,0.2795473197881197,-0.12673630463761285,0.004925809268066353,0.007152257480075087,0.9918984276138336,-0.016261941029233274,-0.22240309400179636,0.27954731995269394,-0.12673630466982164,0.004925809269690985,0.007152257317505349,0.9918984276108824,-0.016145686310208407,-0.22306805360250032,0.2797239962317934,-0.12769802132002248,0.003644369661177264,0.0053023056481899256,0.9917922259604262,-0.016145686310208407,-0.22306805360250032,0.2797239962317934,-0.12769802132002248,0.003644369661177264,0.0053023056481899256,0.9917922259604262,-0.012765191730952277,-0.5430055215005607,0.7952720284778165,-0.057249291749193916,0.5071359968611618,-0.04530685388352679,-0.008855116351972605,-0.5379918256909301,0.7927648882959539,-0.0409178716953328,0.5112325764940329,-0.0320590465486222,-0.008855116351972605,-0.5379918256909301,0.7927648882959539,-0.0409178716953328,0.5112325764940329,-0.0320590465486222,-0.04862620613781926,-0.06921169587990358,0.03500458738485116,-0.21177120888084397,-0.057921322648860366,-0.16925078831209023,-0.09040016952362893,-0.030156624649525614,0.010146261593386736,-0.2691848986075069,-0.007515544187636832,-0.2500450273318348,0.5,0.0,0.0,0.5,True,False,True,False,1,True,True,0.003129399992758408,4,2.6005230266031453e-09,3.3152782563265117e-10,`gtol` termination condition is satisfied.,True,True,0.0,0.010000000000000009,True,0.016331420053861116,0.016279155416189017,False,False,False,False,False,False,1.0,False,False,False,0.000697782873005878,0.0048992200830306415,0.0006977843670197212,0.004899220352423513
1.400000000000001,1786138860.6266108,0.005693500017514452,0.005776200006948784,0.01,TELEOP,0,,0.0,1.400000000000001,140,-0.0015708419435684518,0.01243449435824277,0.0,0.010612278852964743,0.011083194163607347,0.02158031313731343,0.9996493547387375,-0.0010029227606667412,0.009522205965344248,0.0,0.008158217327410506,0.008460085148469566,0.016544263192613113,0.9997940576962503,-0.016300876828200028,-0.2222021752858007,0.2794934840789835,-0.12647505227261718,0.00527385534689677,0.007649624869103788,0.9919262728861358,-0.01627880371751767,-0.2223160844279487,0.27952400594163257,-0.12660990781576711,0.0050942073550704825,0.007392902969556152,0.9919119543991742,-0.016278801344505295,-0.2223160855462094,0.2795240061037622,-0.126609907848227,0.0050942073567287,0.00739290280508951,0.9919119543962481,-0.016158270066210605,-0.2229763287766431,0.2796991122360649,-0.12756187305296082,0.003821535214670686,0.005555334572492417,0.9918076943992777,-0.016158270066210605,-0.2229763287766431,0.2796991122360649,-0.12756187305296082,0.003821535214670686,0.005555334572492417,0.9918076943992777,-0.013297735952085443,-0.5436604054863455,0.7955979967228303,-0.059440411682716555,0.5066078392462785,-0.04709444707169412,-0.009350011586930287,-0.5386859995891826,0.7931154457547414,-0.04306028446034305,0.5106535034013592,-0.033774919079525983,-0.009350011586930287,-0.5386859995891826,0.7931154457547414,-0.04306028446034305,0.5106535034013592,-0.033774919079525983,-0.04948952349576816,-0.0694173898252523,0.035055745878739046,-0.2142412765010256,-0.05790730926736901,-0.17158725309037884,-0.08633173579489012,-0.020569394534871235,0.005115849388788712,-0.24700676201816207,0.0014013381491354351,-0.23364647782886,0.5,0.0,0.0,0.5,True,False,True,False,1,True,True,0.0031279000104404986,4,2.6283037817428365e-09,3.353459909412327e-10,`gtol` termination condition is satisfied.,True,True,0.0,0.010000000000000009,True,0.016380127222373503,0.016331420053861116,False,False,False,False,False,False,1.0,False,False,False,0.0006936217052189892,0.004863522263832424,0.0006936232229605267,0.004863522536321685
1.410000000000001,1786138860.63276,0.006053699995391071,0.005871799978194758,0.01,TELEOP,0,,0.0,1.410000000000001,141,-0.0016499256118782557,0.01273853628416914,0.0,0.010865695999436998,0.01135991818068508,0.022104821020742575,0.9996320652105039,-0.0010637001280756739,0.009824376245539602,0.0,0.008412728459719465,0.008732677616627448,0.017066971921082124,0.999780818385186,-0.01631911003842271,-0.2221146130625274,0.27947002185196995,-0.1263484330515869,0.0054431258697638625,0.00789099162851121,0.9919396040572699,-0.01629623418103761,-0.22222895816074206,0.27950066052869504,-0.1264834737347742,0.005262933718776464,0.007633763477096324,0.9919253792780143,-0.016296231779289783,-0.22222895928279596,0.27950066068829527,-0.1264834737674798,0.005262933720468131,0.007633763310757722,0.9919253792751149,-0.016171455991203936,-0.2228843975226898,0.2796741680073181,-0.1274255471892759,0.003999186167792526,0.005808745632729607,0.991823066331734,-0.016171455991203936,-0.2228843975226898,0.2796741680073181,-0.1274255471892759,0.003999186167792526,0.005808745632729607,0.991823066331734,-0.013838017912402861,-0.5443157697967599,0.7959237000018031,-0.06165226647412846,0.5060815012882155,-0.04890230780215038,-0.009853170016353767,-0.539381366909647,0.7934660625037907,-0.045225395348692424,0.5100753769122518,-0.035512672992857805,-0.009853170016353767,-0.539381366909647,0.7934660625037907,-0.045225395348692424,0.5100753769122518,-0.035512672992857805,-0.05031584294234804,-0.06953673204643523,0.03506167490493068,-0.21651108883493708,-0.057812648910734885,-0.1737753913331821,-0.08263194465798754,-0.01193422211829432,0.0005929026191634802,-0.22698123339115056,0.009466035663412576,-0.21881382428032628,0.5,0.0,0.0,0.5,True,False,True,False,1,True,True,0.00332469999557361,4,2.6557239697729444e-09,3.3911327181289573e-10,`gtol` termination condition is satisfied.,True,True,0.0,0.010000000000000009,True,0.01642687112543604,0.016380127222373503,False,False,False,False,False,False,1.0,False,False,False,0.0006894005173787305,0.004827305874169445,0.0006894020590241537,0.004827306149719495
1.420000000000001,1786138860.6385052,0.006080999999539927,0.005535999982384965,0.01,TELEOP,0,,0.0,1.420000000000001,142,-0.0017309180583363116,0.013042075314494878,0.0,0.011118400882494238,0.011636452617920137,0.022628305537877435,0.9996143926138576,-0.0011263764963810794,0.01012667531761796,0.0,0.008667071012785426,0.009005641907581383,0.01758975604257619,0.9997671632816586,-0.016337912948914332,-0.22202701351823229,0.27944654962481874,-0.12622188255161124,0.005612587349094741,0.008132373939862008,0.9919528213188762,-0.016314235316174534,-0.22214173790483746,0.2794772899315618,-0.12635703644248178,0.005431944628729024,0.007874775161776407,0.991938698325242,-0.01631423288598897,-0.2221417390304785,0.27947729008855104,-0.126357036475429,0.0054319446304540555,0.007874774993588799,0.9919386983223707,-0.016185244409089795,-0.22279235937980107,0.27964919345191513,-0.12728920652039574,0.004177129707212638,0.006062282653122907,0.9918383226211068,-0.016185244409089795,-0.22279235937980107,0.27964919345191513,-0.12728920652039574,0.004177129707212638,0.006062282653122907,0.9918383226211068,-0.01438597534508598,-0.5449714257040105,0.7962490422500851,-0.06388447836786555,0.5055571926469803,-0.05073016525331919,-0.010364258725360754,-0.5400771579837153,0.7938163362177447,-0.0474114155481727,0.509498919605138,-0.037270980983592855,-0.010364258725360754,-0.5400771579837153,0.7938163362177447,-0.0474114155481727,0.509498919605138,-0.037270980983592855,-0.051108870900698614,-0.06957910740682376,0.03502737139539931,-0.21860201994802797,-0.05764573071137975,-0.17583079907350524,-0.07930279583505769,-0.0042375360388521854,-0.003430350953136877,-0.20909311130908775,0.01669181993551299,-0.20554077403231555,0.5,0.0,0.0,0.5,True,False,True,False,1,True,True,0.003157999977702275,4,2.6828185322591278e-09,3.4283412250798716e-10,`gtol` termination condition is satisfied.,True,True,0.0,0.010000000000000009,True,0.016473062819692852,0.01642687112543604,False,False,False,False,False,False,1.0,False,False,False,0.0006851975134669328,0.004791120117204876,0.0006851990791764431,0.0047911203957828365
1.430000000000001,1786138860.644751,0.005739899992477149,0.006042099994374439,0.01,TELEOP,0,,0.0,1.430000000000001,143,-0.0018138160854995256,0.013345099466018813,0.0,0.011370384715739663,0.011912784901107632,0.023150746446674995,0.9995963399524219,-0.001190952487645564,0.010429042692750499,0.0,0.00892119298677855,0.009278923999109253,0.018112510235186313,0.9997530949479936,-0.016357285746293675,-0.22193939418123196,0.2794230720942281,-0.12609542659957998,0.005782206180265862,0.008373723185469641,0.991965921915855,-0.016332807520035936,-0.2220544456553878,0.2794539000438162,-0.1262306273011836,0.005601199636974408,0.008115879142884495,0.9919519080073966,-0.016332805061685406,-0.2220544467844321,0.2794539001981155,-0.12623062733436846,0.00560119963873269,0.008115878972869016,0.9919519080045548,-0.01619963501834462,-0.22270030196155924,0.2796242151920977,-0.1271529953966806,0.004355195888506836,0.0063157229014254995,0.9918534466717636,-0.01619963501834462,-0.22270030196155924,0.2796242151920977,-0.1271529953966806,0.004355195888506836,0.0063157229014254995,0.9918534466717636,-0.014941550556583874,-0.5456271984075782,0.7965739349812655,-0.06613669737959876,0.5050351110671181,-0.05257776819869305,-0.010882981530604728,-0.5407726945551479,0.7941659131981345,-0.049616765751333974,0.5089247724530069,-0.03904866902572197,-0.010882981530604728,-0.5407726945551479,0.7941659131981345,-0.049616765751333974,0.5089247724530069,-0.03904866902572197,-0.051872280524397414,-0.06955365714325669,0.03495769803897561,-0.2205350203161277,-0.0574147152131135,-0.17776880421291114,-0.07634096236987988,0.002545026356706552,-0.006967335642370405,-0.19330003680997285,0.023101549826625746,-0.1938005139405903,0.5,0.0,0.0,0.5,True,False,True,False,1,True,True,0.0031451999966520816,4,2.709619279232876e-09,3.4651213026179786e-10,`gtol` termination condition is satisfied.,True,True,0.0,0.010000000000000009,True,0.01651993162826479,0.016473062819692852,False,False,False,False,False,False,1.0,False,False,False,0.0006810802944150377,0.004755437883984891,0.0006810818843298454,0.004755438165559253
1.440000000000001,1786138860.650571,0.006247400015126914,0.005614599998807535,0.01,TELEOP,0,,0.0,1.440000000000001,144,-0.0018986164206957147,0.013647596775866295,0.0,0.01162163877657971,0.012188902437550567,0.02367212356733713,0.9995779102878012,-0.0012574283580735772,0.010731422441828117,0.0,0.009175046452659605,0.009552473765918026,0.01863513718568839,0.9997386160540233,-0.01637722850742208,-0.2218517712585377,0.27939959360285377,-0.12596908900864268,0.005951951212318947,0.00861499446210618,0.9919789033853073,-0.01635195104779571,-0.22196710174048181,0.2794304963123534,-0.12610427522224976,0.005770661288061128,0.008357021064501037,0.9919650051478112,-0.01635194856153054,-0.22196710287276517,0.2794304964638863,-0.12610427525566936,0.0057706612898525585,0.008357020892677192,0.9919650051449999,-0.016214626985888148,-0.22260830139695786,0.27959925662665014,-0.12701704015942208,0.004533236881654891,0.006568875424317626,0.9918684243125065,-0.016214626985888148,-0.22260830139695786,0.27959925662665014,-0.12701704015942208,0.004533236881654891,0.006568875424317626,0.9918684243125065,-0.015504690007795812,-0.5462829258327827,0.7968982966367405,-0.06840859869656116,0.5045154434324454,-0.054444883128219754,-0.011409078180149317,-0.5414673864188644,0.7945144865472037,-0.05184006956886927,0.5083534979289459,-0.04084471190793647,-0.011409078180149317,-0.5414673864188644,0.7945144865472037,-0.05184006956886927,0.5083534979289459,-0.04084471190793647,-0.052609664954458804,-0.06946918637165403,0.03485733490692561,-0.2223303817535292,-0.057127452406101766,-0.17960428822145003,-0.07373844300613916,0.008447077160265472,-0.01003631320500055,-0.17953614374015095,0.028726280701173428,-0.1835484008538897,0.5,0.0,0.0,0.5,True,False,True,False,1,True,True,0.003198599995812401,4,2.736154655234335e-09,3.5015091373673904e-10,`gtol` termination condition is satisfied.,True,True,0.0,0.010000000000000009,True,0.01656852912769189,0.01651993162826479,False,False,False,False,False,False,1.0,False,False,False,0.0006771061623555675,0.004720658257160695,0.0006771077765949311,0.0047206585417018275
1.450000000000001,1786138860.6566508,0.005858699994860217,0.005835299991304055,0.01,TELEOP,0,,0.0,1.450000000000001,145,-0.001985315716152858,0.013949555301961495,0.0,0.01187215440641277,0.012464792616875615,0.024192416783087062,0.9995591067390472,-0.0013258040253216056,0.011033762769011425,0.0,0.009428587175472021,0.009826244611615072,0.019157546842522872,0.9997237293671106,-0.01639774120759649,-0.22176415975943117,0.2793761181724205,-0.1258428917646321,0.00612179351675467,0.008856146234691407,0.9919917635294777,-0.016371666024853206,-0.2218797249652571,0.27940708377599466,-0.12597800688114535,0.0059402948532597715,0.008598150696488364,0.9919779868948257,-0.016371663510903547,-0.22187972610063345,0.27940708392468694,-0.12597800691479727,0.005940294855084268,0.00859815052287421,0.991977986892046,-0.01623021903599878,-0.22251642287213083,0.2795743380259922,-0.12688144975401502,0.004711126010646582,0.006821579143833051,0.991883243662285,-0.01623021903599878,-0.22251642287213083,0.2795743380259922,-0.12688144975401502,0.004711126010646582,0.006821579143833051,0.991883243662285,-0.016075343928195398,-0.5469384575260426,0.7972220519878094,-0.07069988028450273,0.5039983667321845,-0.056331292515716266,-0.011942323150814052,-0.542160727285666,0.7948617939376488,-0.05408014495164442,0.5077855837954431,-0.04265822725187071,-0.011942323150814052,-0.542160727285666,0.7948617939376488,-0.05408014495164442,0.5077855837954431,-0.04265822725187071,-0.05332449706647346,-0.0693340866801633,0.03473073904450629,-0.22400753827751535,-0.05679141335027881,-0.18135153439342472,-0.07148321120146504,0.013509969149072196,-0.01265958624193167,-0.16771565239861416,0.033603905582295104,-0.17472461719746818,0.5,0.0,0.0,0.5,True,False,True,False,1,True,True,0.003146699978969991,4,2.7624503140939175e-09,3.537534899058351e-10,`gtol` termination condition is satisfied.,True,True,0.0,0.010000000000000009,True,0.016619735332858314,0.01656852912769189,False,False,False,False,False,False,1.0,False,False,False,0.0006733225473127313,0.0046871098429703125,0.0006733241859725626,0.004687110130449441
1.460000000000001,1786138860.6627526,0.0060431000019889325,0.005894299974897876,0.01,TELEOP,0,,0.0,1.460000000000001,146,-0.002073910549131214,0.01425096312349884,0.0,0.012121923010808796,0.012740442811852938,0.024711606040938805,0.9995399324821173,-0.0013960790932555508,0.01133601562538785,0.0,0.009681774273052024,0.010100193135341,0.019679655739047317,0.9997084377434988,-0.01641882372797667,-0.22167657360741808,0.2793526495337204,-0.12571685519497264,0.006291706178095975,0.009097140022557097,0.9920045003913364,-0.01639195245785765,-0.2217923327443134,0.279383667100968,-0.12585184691430476,0.006110068087192194,0.00883922156915917,0.9919908506928276,-0.01639194991643564,-0.22179233388265387,0.2793836672467476,-0.12585184694818696,0.006110068089049655,0.008839221393771426,0.9919908506900803,-0.01624640953344434,-0.22242472125376767,0.27954947665718805,-0.12674631649837195,0.004888756622948711,0.007073700773523958,0.9918978949822118,-0.01624640953344434,-0.22242472125376767,0.27954947665718805,-0.12674631649837195,0.004888756622948711,0.007073700773523958,0.9918978949822118,-0.016653465960481624,-0.5475936536401264,0.7975451315866797,-0.07301026068618421,0.5034840489449397,-0.05823679322177409,-0.01248252410654675,-0.5428522900184058,0.7952076150550543,-0.056335993969924864,0.507221447446589,-0.044488468271092915,-0.01248252410654675,-0.5428522900184058,0.7952076150550543,-0.056335993969924864,0.507221447446589,-0.044488468271092915,-0.05402009557326986,-0.0691562732739872,0.03458211174055386,-0.22558490182804436,-0.056413634885405586,-0.18302410192222066,-0.06955985067963995,0.0177813406176109,-0.01486273039524302,-0.15773635505290096,0.03777784648732246,-0.16725675287959338,0.5,0.0,0.0,0.5,True,False,True,False,1,True,True,0.0034478000015951693,4,2.7885294640845725e-09,3.573226005134416e-10,`gtol` termination condition is satisfied.,True,True,0.0,0.010000000000000009,True,0.01667426671625935,0.016619735332858314,False,False,False,False,False,False,1.0,False,False,False,0.0006697675349074966,0.004655054776585214,0.000669769198060386,0.00465505506697444
1.470000000000001,1786138860.6688418,0.006106799992267042,0.005876699986401945,0.01,TELEOP,0,,0.0,1.470000000000001,147,-0.002164397422058484,0.014551808341413626,0.0,0.01237093605967985,0.013015840379219885,0.025229671352459494,0.9995203907493219,-0.0014682528743953625,0.01163813635896834,0.0,0.009934569906829211,0.010374278829808776,0.020201386380460578,0.9996927441208299,-0.016440475862318615,-0.22158902574165124,0.2793291911537891,-0.12559099812171856,0.006461664104176199,0.00933794011522602,0.9920171122325461,-0.016412810244688474,-0.2217049412232557,0.2793602506134753,-0.12572581809924632,0.006279951005164541,0.009080190639055234,0.992003594255891,-0.016412807675990165,-0.22170494236444646,0.2793602507562719,-0.12572581813335726,0.006279951007054876,0.009080190461909459,0.9920035942531773,-0.016263196560205688,-0.2223332417761003,0.2795246869343216,-0.12661171698086057,0.005066040823259019,0.007325132608502684,0.9919123705175793,-0.016263196560205688,-0.2223332417761003,0.2795246869343216,-0.12661171698086057,0.005066040823259019,0.007325132608502684,0.9919123705175793,-0.017239012833487336,-0.5482483840030089,0.7978674712629296,-0.07533947699720482,0.5029726498466052,-0.06016119502224138,-0.013029520079171308,-0.5435417213780627,0.7955517687860322,-0.0586067912832215,0.506661440678842,-0.04633481551839904,-0.013029520079171308,-0.5435417213780627,0.7955517687860322,-0.0586067912832215,0.506661440678842,-0.04633481551839904,-0.05469959726245579,-0.06894313596568108,0.03441537309778968,-0.22707973132966375,-0.05600067677470468,-0.18463472473061254,-0.06795016891859322,0.021313730830612408,-0.01667386427641809,-0.1494829501619388,0.04129581107009065,-0.16106228083918975,0.5,0.0,0.0,0.5,True,False,True,False,1,True,True,0.0031651000026613474,4,2.814412587339694e-09,3.6086073853841577e-10,`gtol` termination condition is satisfied.,True,True,0.0,0.010000000000000009,True,0.01673268571398332,0.01667426671625935,False,False,False,False,False,False,1.0,False,False,False,0.0006664704744416165,0.004624693254069339,0.0006664721621364308,0.004624693547341189
1.480000000000001,1786138860.6746006,0.006086499983211979,0.005549100023927167,0.01,TELEOP,0,,0.0,1.480000000000001,148,-0.0022567727626678635,0.014852079078851776,0.0,0.012619185087441613,0.013290972660508603,0.0257465927945247,0.9995004848287666,-0.0015423244102644347,0.01194008339760997,0.0,0.010186939001702346,0.01064846380779944,0.020722666688417074,0.9996766515116927,-0.01646269732307934,-0.2215015282088126,0.2793057462605253,-0.1254653380002118,0.006631643854299344,0.00957851331493288,0.9920295975135813,-0.016434239183477518,-0.22161756539015431,0.2793368383295578,-0.12559994151922788,0.0064499156796012595,0.00932101798342263,0.9920162155438011,-0.01643423658768466,-0.2216175665340954,0.27933683846930274,-0.12559994155356685,0.006449915681524401,0.009321017804533344,0.9920162155411218,-0.016280577985364707,-0.22224202077447042,0.2794999805897223,-0.12647771306264008,0.005242908104250959,0.007575790238590865,0.991926664333264,-0.016280577985364707,-0.22224202077447042,0.2794999805897223,-0.12647771306264008,0.005242908104250959,0.007575790238590865,0.991926664333264,-0.01783194406122884,-0.5489025272642571,0.7981890116621317,-0.07768728300584422,0.5024643217479651,-0.062104319252993076,-0.013583179429937444,-0.5442287364097341,0.7958941102205769,-0.060891871615522036,0.5061058547737683,-0.04819676785564493,-0.013583179429937444,-0.5442287364097341,0.7958941102205769,-0.060891871615522036,0.5061058547737683,-0.04819676785564493,-0.055365935076613707,-0.06870150316714982,0.03423414345447154,-0.22850803323005378,-0.0555585905073618,-0.18619523372458915,-0.06663378141579211,0.024163279853126746,-0.01812296433181381,-0.14283019003900366,0.04420862673428808,-0.15605089939766115,0.5,0.0,0.0,0.5,True,False,True,False,1,True,True,0.0031620000081602484,4,2.8401180270909865e-09,3.643702418812806e-10,`gtol` termination condition is satisfied.,True,True,0.0,0.010000000000000009,True,0.016795411390322187,0.01673268571398332,False,False,False,False,False,False,1.0,False,False,False,0.0006634526477784678,0.004596168453718109,0.0006634543600417584,0.004596168749845873
1.490000000000001,1786138860.6813467,0.0058979000023100525,0.006396300013875589,0.01,TELEOP,0,,0.0,1.490000000000001,149,-0.0023510329241390685,0.015151763481638731,0.0,0.012866661693165775,0.013565826982877253,0.026262350510066524,0.9994802180637847,-0.0016182924898408468,0.012241817961771402,0.0,0.010438848992258143,0.010922712554441598,0.021243429497911116,0.9996601629980747,-0.01648548774695226,-0.22141409224635034,0.27928231786499413,-0.12533989104471066,0.006801623483593513,0.009818828703374466,0.9920419548757912,-0.0164562389807541,-0.22153021917766735,0.27931343398246,-0.1254742367136611,0.006619936054077642,0.009561666521121148,0.9920287127402629,-0.016456236358035878,-0.22153022032427205,0.27931343411908643,-0.12547423674822722,0.006619936056033502,0.00956166634050195,0.9920287127376187,-0.01629855152790633,-0.22215108644974108,0.2794753668616436,-0.12634435296020202,0.0054193039049655065,0.007825610228705728,0.9919407721455964,-0.01629855152790633,-0.22215108644974108,0.2794753668616436,-0.12634435296020202,0.0054193039049655065,0.007825610228705728,0.9919407721455964,-0.018432221666120754,-0.5495559701131935,0.7985096978234975,-0.08005344748444873,0.5019592101673713,-0.06406599756229657,-0.014143397646798178,-0.5449131125890633,0.7962345275320991,-0.06319071652923698,0.505554925784854,-0.05007393286490152,-0.014143397646798178,-0.5449131125890633,0.7962345275320991,-0.06319071652923698,0.505554925784854,-0.05007393286490152,-0.05602182168607341,-0.0684376179329113,0.034041731152226,-0.22988449137149503,-0.055092898891436926,-0.1877165009256587,-0.06558866094597089,0.026388523423851937,-0.019241230224554054,-0.13764581414412377,0.046569161592488036,-0.1521267201069539,0.5,0.0,0.0,0.5,True,False,True,False,1,True,True,0.0032952000037766993,4,2.865662226839205e-09,3.6785284973777967e-10,`gtol` termination condition is satisfied.,True,True,0.0,0.010000000000000009,True,0.01686273095521175,0.016795411390322187,False,False,False,False,False,False,1.0,False,False,False,0.000660727980730332,0.004569571720178516,0.0006607297175688179,0.004569572019135349
1.500000000000001,1786138860.687189,0.006617200007895008,0.005622199998470023,0.01,TELEOP,0,,0.0,1.500000000000001,150,-0.002447174185242335,0.015450849718747406,0.0,0.013113357540723425,0.0138403906599449,0.026776924708814525,0.9994595938523617,-0.0016961556662890254,0.012543303804298647,0.0,0.010690269592857442,0.011196991702852864,0.021763612101520072,0.9996432817266032,-0.016508846699886715,-0.22132672835788306,0.2792589087816317,-0.12521467234221173,0.006971582402036432,0.010058857430412347,0.9920541831252156,-0.01647880925878907,-0.2214429155565292,0.27929004104767974,-0.12534872181542506,0.006789987773546384,0.009802101757853263,0.9920410842331093,-0.016478806609303565,-0.2214429167057222,0.2792900411811219,-0.12534872185021836,0.006789987775534888,0.00980210157551692,0.992041084230501,-0.01631711481234301,-0.22206045964917753,0.27945085269415626,-0.12621167238513398,0.0055951881252042845,0.00807454780544639,0.9919546911534461,-0.01631711481234301,-0.22206045964917753,0.27945085269415626,-0.12621167238513398,0.0055951881252042845,0.00807454780544639,0.9919546911534461,-0.01903980992450817,-0.5502086065634463,0.7988294787936353,-0.08243775262068975,0.5014574544436021,-0.06604607076263012,-0.01471009502839054,-0.545594683839326,0.7965729387931426,-0.06550294076766651,0.5050088399298468,-0.051966016902653046,-0.01471009502839054,-0.545594683839326,0.7965729387931426,-0.06550294076766651,0.5050088399298468,-0.051966016902653046,-0.056669738159236094,-0.06815712502627083,0.03384112610434806,-0.2312224238429531,-0.054608585500713284,-0.1892084037751523,-0.06479164731626845,0.028049290664046954,-0.020060504787794767,-0.13379324714580773,0.048431339072364105,-0.1491902849493607,0.5,0.0,0.0,0.5,True,False,True,False,1,True,True,0.003205699991667643,4,2.8910594568202472e-09,3.713104999992607e-10,`gtol` termination condition is satisfied.,True,True,0.0,0.010000000000000009,True,0.016934811853023243,0.01686273095521175,False,False,False,False,False,False,1.0,False,False,False,0.0006583037801351472,0.0045449478961804455,0.0006583055415373917,0.00454494819794014
1.5100000000000011,1786138860.6932251,0.005827399989357218,0.005830900016007945,0.01,TELEOP,0,,0.0,1.5100000000000011,151,-0.0025451927504852815,0.015749325982765273,0.0,0.013359264358919393,0.014114650992629877,0.02729029566802943,0.999438615646552,-0.0017759122721336116,0.012844506974701813,0.0,0.010941172589345485,0.011471269830948722,0.022283155836556368,0.999626010904478,-0.016532773681640092,-0.22123944638150728,0.27923552164654797,-0.12508969595557534,0.007141501246774602,0.010298572522665238,0.9920662812179837,-0.016501949562208868,-0.221355666621067,0.27926666276588213,-0.12522341367614107,0.00696004802944804,0.010042291553740543,0.992053328596337,-0.01650194688610455,-0.22135566777278382,0.2792666628960757,-0.12522341371116139,0.006960048031469108,0.010042291369699119,0.9920533285937652,-0.016336265417209166,-0.22197015465084197,0.27942644294525903,-0.12607969571959923,0.005770533621787632,0.008322574583715705,0.9919684198709512,-0.016336265417209166,-0.22197015465084197,0.27942644294525903,-0.12607969571959923,0.005770533621787632,0.008322574583715705,0.9919684198709512,-0.019654675132804937,-0.550860337298747,0.7991483072735798,-0.08483999257783217,0.5009591882936129,-0.06804438777438337,-0.01528321430141533,-0.5462733345186093,0.7969092887790625,-0.06782827841082618,0.5044677389998994,-0.05387281498055642,-0.01528321430141533,-0.5462733345186093,0.7969092887790625,-0.06782827841082618,0.5044677389998994,-0.05387281498055642,-0.05731192730247908,-0.06786506792833226,0.03363499859198761,-0.2325337643159678,-0.05411009299473966,-0.19067980779033689,-0.06421891432429848,0.02920570979385688,-0.02061275123604496,-0.13113404730147118,0.049849250597362636,-0.14714040151845992,0.5,0.0,0.0,0.5,True,False,True,False,1,True,True,0.0033703999943099916,4,2.9163223903470467e-09,3.747445337310336e-10,`gtol` termination condition is satisfied.,True,True,0.0,0.010000000000000009,True,0.01701171416700599,0.016934811853023243,False,False,False,False,False,False,1.0,False,False,False,0.0006561814814195924,0.0045223006987201945,0.0006561832673595883,0.004522301003256318
1.5200000000000011,1786138860.699368,0.006039000028977171,0.005934700020588934,0.01,TELEOP,0,,0.0,1.5200000000000011,152,-0.0026450847502627996,0.016047180490360507,0.0,0.013604373941617592,0.014388595269991568,0.027802443733229664,0.9994172869518887,-0.0018575604330221419,0.013145395605622053,0.0,0.011191531650353744,0.011745517277430388,0.02280200571109609,0.9996083537960034,-0.01655726812990665,-0.2211522555516745,0.2792121589341069,-0.12496497501695836,0.0073113617664871695,0.010537948710121769,0.9920782482471397,-0.016525659363945736,-0.22126848366736637,0.2792433021638443,-0.12509832798039755,0.007130095418486198,0.01028220591141252,0.9920654445738081,-0.016525656661362662,-0.22126848482155234,0.2792433022907262,-0.1250983280156457,0.007130095420539759,0.01028220572567747,0.9920654445712737,-0.01635600091659261,-0.2218801799400048,0.27940214059946716,-0.12594843720767473,0.0059453247099238785,0.008569676362212945,0.9919819579639969,-0.01635600091659261,-0.2218801799400048,0.27940214059946716,-0.12594843720767473,0.0059453247099238785,0.008569676362212945,0.9919819579639969,-0.020276785392633803,-0.551511069075222,0.7994661392965395,-0.08725997217386199,0.5004645403196478,-0.07006080465434954,-0.01586271821361231,-0.5469489934654292,0.797243545806078,-0.07016656906363834,0.5039317257068164,-0.055794200637374884,-0.01586271821361231,-0.5469489934654292,0.797243545806078,-0.07016656906363834,0.5039317257068164,-0.055794200637374884,-0.05795039121969806,-0.06756589468199806,0.03342570270154698,-0.23382906528121528,-0.053601329308290264,-0.1921385656818465,-0.06384639172189775,0.029917324633419763,-0.020929589044063092,-0.1295300965247461,0.05087636864493901,-0.1458757891509635,0.5,0.0,0.0,0.5,True,False,True,False,1,True,True,0.003230200003599748,4,2.941462142871511e-09,3.7815646926901424e-10,`gtol` termination condition is satisfied.,True,True,0.0,0.010000000000000009,True,0.017093403110223643,0.01701171416700599,False,False,False,False,False,False,1.0,False,False,False,0.0006543573931696266,0.004501598048784704,0.0006543592036100255,0.004501598356071484
1.5300000000000011,1786138860.7052186,0.006175399990752339,0.0056099999928846955,0.01,TELEOP,0,,0.0,1.5300000000000011,153,-0.0027468462410097706,0.016344401482747156,0.0,0.013848678147857337,0.014662210770075453,0.028313349318910434,0.9993956113267841,-0.0019410980802093613,0.013445939719404023,0.0,0.011441322156351618,0.012019705975149954,0.023320110065230607,0.9995903137196415,-0.016582329424062816,-0.22106516455524214,0.2791888229719448,-0.12484052181246448,0.007481146716662869,0.01077696226908013,0.9920900834307569,-0.016549938070585385,-0.22118137726466802,0.2792199620735857,-0.12497347934984321,0.007300109813935097,0.010521816782904205,0.9920774310644739,-0.016549935341656535,-0.22118137842127744,0.2792199621970939,-0.12497347938531954,0.007300109816021086,0.01052181659548644,0.9920774310619772,-0.016376318914969844,-0.22179053896753725,0.27937794698145424,-0.12581790214450186,0.0061195556902495845,0.008815851011829226,0.9919953060922455,-0.016376318914969844,-0.22179053896753725,0.27937794698145424,-0.12581790214450186,0.0061195556902495845,0.008815851011829226,0.9919953060922455,-0.020906110413488832,-0.552160714175688,0.7997829339338762,-0.08969750567006876,0.4999736344698,-0.0720951837024473,-0.01644858713990774,-0.5476216281799945,0.7975756986442134,-0.07251774426932445,0.5034008688997905,-0.0577301159474828,-0.01644858713990774,-0.5476216281799945,0.7975756986442134,-0.07251774426932445,0.5034008688997905,-0.0577301159474828,-0.05858689262954287,-0.06726347145652763,0.033215283813538284,-0.2351175205686109,-0.053085680702592196,-0.19359153101079135,-0.06365014098448077,0.030242322547042663,-0.021041888800869737,-0.12884552873956184,0.051564860569806595,-0.14529653289448372,0.5,0.0,0.0,0.5,True,False,True,False,1,True,True,0.003186299989465624,4,2.966488209154361e-09,3.815472404901724e-10,`gtol` termination condition is satisfied.,True,True,0.0,0.010000000000000009,True,0.017179761400744314,0.017093403110223643,False,False,False,False,False,False,1.0,False,False,False,0.0006528234269880303,0.004482777276024466,0.0006528252618836321,0.004482777586035841
1.5400000000000011,1786138860.7117412,0.005815899989102036,0.006316699989838526,0.01,TELEOP,0,,0.0,1.5400000000000011,154,-0.0028504732053567907,0.016640977226149364,0.0,0.014092168901960729,0.014935484760761378,0.028822992909255676,0.9993735923819244,-0.002026522961883526,0.013746111052884974,0.0,0.01169052104477922,0.012293809300220252,0.023837420264230844,0.9995718940455148,-0.016607956888565065,-0.2209781815822459,0.2791655159545752,-0.12471634785883798,0.007650839764764674,0.011015590879879897,0.9921017861012117,-0.016574785027168696,-0.2210943573205384,0.2791966451498308,-0.12484888143799885,0.007470072248430211,0.010761097893783225,0.99208928710898,-0.01657478227202097,-0.22109435847953376,0.27919664526990445,-0.1248488814737046,0.007470072250548558,0.010761097704693202,0.9920892871065218,-0.016397217075692506,-0.22170123088169258,0.2793538619676498,-0.12568808804710788,0.00629322941939723,0.009061106476426337,0.9920084657582113,-0.016397217075692506,-0.22170123088169258,0.2793538619676498,-0.12568808804710788,0.00629322941939723,0.009061106476426337,0.9920084657582113,-0.021542621331536917,-0.5528091899117716,0.8000986530270504,-0.09215241566032313,0.4994865904558816,-0.07414739264054432,-0.017040816734660444,-0.5482912392072982,0.7979057535398137,-0.07488181431478415,0.5028752085929568,-0.05968056179215631,-0.017040816734660444,-0.5482912392072982,0.7979057535398137,-0.07488181431478415,0.5028752085929568,-0.05968056179215631,-0.059222959475270606,-0.06696110273036346,0.03300548956002882,-0.23640700454597,-0.052566030683375835,-0.19504458446735107,-0.06360668457277328,0.030236872616416256,-0.020979425350946355,-0.128948397735908,0.05196500192163637,-0.14530534565597059,0.5,0.0,0.0,0.5,True,False,True,False,1,True,True,0.0035623000003397465,4,2.9914088559010157e-09,3.849180037584057e-10,`gtol` termination condition is satisfied.,True,True,0.0,0.010000000000000009,True,0.017270601345538983,0.017179761400744314,False,False,False,False,False,False,1.0,False,False,False,0.0006515678026875791,0.004465750131864397,0.0006515696619890658,0.004465750444575032
1.5500000000000012,1786138860.7177255,0.006549900019308552,0.005751100019551814,0.01,TELEOP,0,,0.0,1.5500000000000012,155,-0.0029559615522887386,0.016936896012264602,0.0,0.014334838193631032,0.015208404500614841,0.029331355058842542,0.9993512337796558,-0.002113832653443734,0.014045882898689046,0.0,0.011939106669749316,0.01256780193539028,0.02435389042062463,0.9995530981932983,-0.01663414979603313,-0.22089131437188894,0.2791422399557113,-0.1245924639729477,0.0078204254043531,0.011253813498035715,0.9921133556955053,-0.0166001995214996,-0.22100743314032023,0.27917335388593856,-0.12472454701657565,0.007639964807270823,0.011000024583046077,0.9921010118775336,-0.016600196740254917,-0.22100743430167136,0.27917335400251747,-0.12472454705251193,0.0076399648094214595,0.011000024392293875,0.9921010118751142,-0.016418693143535744,-0.22161225122609118,0.2793298841930488,-0.1255589857927243,0.006466355939271979,0.009305458901221648,0.9920214391646014,-0.016418693143535744,-0.22161225122609118,0.2793298841930488,-0.1255589857927243,0.006466355939271979,0.009305458901221648,0.9920214391646014,-0.022186290543282052,-0.5534564181699595,0.8004132609433983,-0.09462453205295027,0.4990035241321444,-0.07621730385771741,-0.017639415658328775,-0.5489578547774804,0.798233731376645,-0.07725885556922023,0.502354760754777,-0.061645588501020025,-0.017639415658328775,-0.5489578547774804,0.798233731376645,-0.07725885556922023,0.502354760754777,-0.061645588501020025,-0.05985989236683304,-0.06666155701822636,0.03279778368312603,-0.2377041254436083,-0.05204478381797319,-0.1965026708863714,-0.06369328915624364,0.029954571213710104,-0.020770587690279157,-0.12971208976383097,0.0521246865402644,-0.1458086419020333,0.5,0.0,0.0,0.5,True,False,True,False,1,True,True,0.0032654000096954405,4,3.016230937037095e-09,3.882694854279715e-10,`gtol` termination condition is satisfied.,True,True,0.0,0.010000000000000009,True,0.01736567648373004,0.017270601345538983,False,False,False,False,False,False,1.0,False,False,False,0.0006505757206001753,0.004450407556253956,0.0006505776042573502,0.0044504078716385825
1.5600000000000012,1786138860.7241619,0.005970300000626594,0.006217400019522756,0.01,TELEOP,0,,0.0,1.5600000000000012,156,-0.003063307117306308,0.017232146158725887,0.0,0.014576678078042181,0.015480957239741333,0.029838416393338524,0.9993285392333635,-0.0022030245668270905,0.014345229961476077,0.0,0.012187058674948346,0.012841659746345829,0.02486947714246934,0.9995339296304416,-0.016660907370048134,-0.220804570254198,0.2791189969394279,-0.12446888033473862,0.007989888877326334,0.011491610237513016,0.992124791746529,-0.016626180788006973,-0.22092061348133357,0.27915009062842594,-0.12460048805402568,0.007809770531337623,0.011238573657434567,0.9921126046589132,-0.016626177980783193,-0.22092061464501725,0.2791500907414509,-0.12460048809019393,0.007809770533520469,0.011238573465029943,0.9921126046565332,-0.016440744961765816,-0.22152359259807142,0.27930601125084376,-0.1254305807124052,0.006638951177614394,0.009548930900065818,0.9920342290808699,-0.016440744961765816,-0.22152359259807142,0.27930601125084376,-0.1254305807124052,0.006638951177614394,0.009548930900065818,0.9920342290808699,-0.022837091552906027,-0.55410232499796,0.800726724353751,-0.09711369113769196,0.49852454783813843,-0.0783047937166897,-0.018244403402391335,-0.5496215257485848,0.7985596649991397,-0.07964899847260917,0.5018395218195473,-0.06362528695277062,-0.018244403402391335,-0.5496215257485848,0.7985596649991397,-0.07964899847260917,0.5018395218195473,-0.06362528695277062,-0.06049877440625587,-0.06636709711044743,0.03259336224946346,-0.23901429033889435,-0.05152389352297435,-0.19796984517505886,-0.06388820394228256,0.0294459907778934,-0.020442143366257524,-0.13101648952860387,0.052089029499884,-0.1467174288687447,0.5,0.0,0.0,0.5,True,False,True,False,1,True,True,0.0032177000248339027,4,3.040960324680598e-09,3.916024109767268e-10,`gtol` termination condition is satisfied.,True,True,0.0,0.010000000000000009,True,0.017464692665082784,0.01736567648373004,False,False,False,False,False,False,1.0,False,False,False,0.0006498299944297855,0.004436624154357765,0.0006498319023954205,0.004436624472391607
1.5700000000000012,1786138860.7302194,0.006479199975728989,0.005795400007627904,0.01,TELEOP,0,,0.0,1.5700000000000012,157,-0.003172505662590397,0.017526716009562984,0.0,0.01481768067591934,0.015753130220643466,0.030344157610191217,0.9993055125068439,-0.002294095958975228,0.014644128227739922,0.0,0.012434357878495304,0.01311535966972096,0.02538413930535732,0.9995143918706773,-0.016688228787692577,-0.2207179561877528,0.27909578877027075,-0.12434560654426521,0.008159216103514505,0.011728962265004167,0.9921360938751805,-0.016652728011204317,-0.22083390660226385,0.279126857590201,-0.12447671578699565,0.00797947332879823,0.011476723258928756,0.9921240648505188,-0.016652725178116116,-0.2208339077682629,0.27912685769961365,-0.12447671582339755,0.007979473331013261,0.011476723064881227,0.9921240648481786,-0.01646337048421573,-0.2214352452628439,0.2792822398828516,-0.12530285362971372,0.006811035729924853,0.009791549969306345,0.9920468387196921,-0.01646337048421573,-0.2214352452628439,0.2792822398828516,-0.12530285362971372,0.006811035729924853,0.009791549969306345,0.9920468387196921,-0.02349499883218903,-0.5547468402280192,0.8010390120300772,-0.09961973473081988,0.4980497707087628,-0.08040974191657803,-0.018855808232036662,-0.5502823208870424,0.7988835967161809,-0.08205241626710905,0.5013294728901152,-0.06561978020686188,-0.018855808232036662,-0.5502823208870424,0.7988835967161809,-0.08205241626710905,0.5013294728901152,-0.06561978020686188,-0.06114048296453278,-0.06607951384575779,0.03239317170412045,-0.24034177944998678,-0.05100489294320334,-0.19944932540912558,-0.06417085582769137,0.028758326468963404,-0.020019054534300886,-0.1327489111092435,0.05190005797710119,-0.1479480234066726,0.5,0.0,0.0,0.5,True,False,True,False,1,True,True,0.0032617000106256455,4,3.0656016804285287e-09,3.9491733379202057e-10,`gtol` termination condition is satisfied.,True,True,0.0,0.010000000000000009,True,0.017567318463710832,0.017464692665082784,False,False,False,False,False,False,1.0,False,False,False,0.0006493116396298865,0.004424262349897713,0.0006493135718624638,0.0044242626705564185
1.5800000000000012,1786138860.7364073,0.006015899998601526,0.005967300006886944,0.01,TELEOP,0,,0.0,1.5800000000000012,158,-0.0032835528771694104,0.01782059393566257,0.0,0.015057838173610585,0.016024910679080916,0.030848559479310627,0.9992821574136688,-0.00238704393952129,0.014942554847883231,0.0,0.01268098616863374,0.013388879611719954,0.025897837845922925,0.999494488472768,-0.016716113181856396,-0.22063147879385825,0.2790726172224131,-0.12422265167336222,0.008328393616936996,0.011965851704170994,0.9921472617832464,-0.016679840328787218,-0.22074732030814107,0.2791036568626152,-0.12435324078530045,0.008149057894838883,0.011714452744271357,0.992135391949366,-0.016679837469946876,-0.22074732147644407,0.27910365696835804,-0.12435324082193769,0.008149057897086002,0.011714452548590215,0.9921353919470659,-0.01648656778287656,-0.22134719772008415,0.27925856615906397,-0.12517578183615333,0.006982633730457281,0.010033347052687932,0.9920592716238352,-0.01648656778287656,-0.22134719772008415,0.27925856615906397,-0.12517578183615333,0.006982633730457281,0.010033347052687932,0.9920592716238352,-0.02415998769199406,-0.5553898971340824,0.801350094661435,-0.10214250939199405,0.49757929895430203,-0.08253203090745104,-0.01947366526203816,-0.5509403225120528,0.7992055759989866,-0.08446931454237276,0.5008245836091151,-0.06762921572138843,-0.01947366526203816,-0.5509403225120528,0.7992055759989866,-0.08446931454237276,0.5008245836091151,-0.06762921572138843,-0.06178570300014962,-0.06580016250103798,0.03219792828056494,-0.24168982752637125,-0.050488928100011,-0.20094355145265544,-0.0645220035616836,0.027935134471980712,-0.019524342355551044,-0.1348048076384476,0.05159648431923352,-0.1494226043529865,0.5,0.0,0.0,0.5,True,False,True,False,1,True,True,0.003201999992597848,4,3.0901588265900426e-09,3.9821468985377894e-10,`gtol` termination condition is satisfied.,True,True,0.0,0.010000000000000009,True,0.017673194849621293,0.017567318463710832,False,False,False,False,False,False,1.0,False,False,False,0.0006490004137049198,0.004413176191427486,0.0006490023701717782,0.004413176514687235
1.5900000000000012,1786138860.742503,0.006186500017065555,0.005876399984117597,0.01,TELEOP,0,,0.0,1.5900000000000012,159,-0.003396444377089464,0.018113768335227317,0.0,0.01529714282314975,0.016296285844932958,0.03135160284374396,0.999258477816544,-0.0024818654777708725,0.015240488029415246,0.0,0.012926926409237904,0.01366219835635278,0.026410535574829565,0.9994742230394602,-0.01674455964333127,-0.22054514438749317,0.2790494839879486,-0.12410002431245715,0.008497408508096674,0.012202261548916517,0.9921582952469762,-0.016707516834405023,-0.2206608619912844,0.2790804904264345,-0.12423007301098388,0.008318509638721721,0.011951742575470697,0.9921465855439335,-0.016707513949923182,-0.22066086316188493,0.2790804905284508,-0.12423007304785855,0.008318509641000909,0.01195174237816512,0.992146585541674,-0.016510335051518586,-0.22125943722069977,0.27923498564498855,-0.12504933999685738,0.007153771817776317,0.01027435525885404,0.9920715315636995,-0.016510335051518586,-0.22125943722069977,0.27923498564498855,-0.12504933999685738,0.007153771817776317,0.01027435525885404,0.9920715315636995,-0.024832034164379863,-0.5560314321199213,0.801659944686658,-0.10468186570696696,0.4971132361130335,-0.0846715453525505,-0.02009801467738856,-0.5515956225215598,0.7995256573821864,-0.0868999216451753,0.5003248156836138,-0.06965375819708607,-0.02009801467738856,-0.5515956225215598,0.7995256573821864,-0.0868999216451753,0.5003248156836138,-0.06965375819708607,-0.06243494153503983,-0.0655300009507028,0.03200813831998098,-0.24306071028025328,-0.04997679255013712,-0.20245424756976427,-0.06492385348902092,0.0270161550335192,-0.018978996058396144,-0.1370882753882023,0.05121355498738812,-0.15106961171088146,0.5,0.0,0.0,0.5,True,False,True,False,1,True,True,0.0034185000113211572,4,3.114634556557858e-09,4.0149486140383625e-10,`gtol` termination condition is satisfied.,True,True,0.0,0.010000000000000009,True,0.017781944061791663,0.017673194849621293,False,False,False,False,False,False,1.0,False,False,False,0.0006488753061229311,0.004403214796512569,0.0006488772868023603,0.0044032151223501945
1.6000000000000012,1786138860.7486582,0.0060996999964118,0.005932200001552701,0.01,TELEOP,0,,0.0,1.6000000000000012,160,-0.003511175705587444,0.018406227634233933,0.0,0.01553558694231049,0.01656724294306365,0.03185326862034316,0.9992344776266598,-0.002578557409043516,0.015537906940227523,0.0,0.013172162354209675,0.01393529548238071,0.026922197007405068,0.9994535992166058,-0.016773567222713063,-0.22045895900533907,0.27902639068440105,-0.12397773261298095,0.008666248371743658,0.012438175584836859,0.9921691941112787,-0.01673575658013982,-0.2205745386685569,0.2790573601618217,-0.12410722187198767,0.008487814617524216,0.012188574220315334,0.9921576453067887,-0.01673575367012617,-0.22057453984145342,0.2790573602600553,-0.1241072219091016,0.008487814619835348,0.012188574021394387,0.9921576453045702,-0.016534670605853282,-0.2211719502325134,0.2792114935557793,-0.1249235009817757,0.007324478198332883,0.010514608730479758,0.99208362244562,-0.016534670605853282,-0.2211719502325134,0.2792114935557793,-0.1249235009817757,0.007324478198332883,0.010514608730479758,0.99208362244562,-0.025511114894473504,-0.5566713844355815,0.8019685361423384,-0.10723765763068446,0.4966516832787912,-0.0868281716343357,-0.02072890010671211,-0.5522483188097851,0.7998438985731136,-0.0893444799849011,0.4998301260549747,-0.07169358307327853,-0.02072890010671211,-0.5522483188097851,0.7998438985731136,-0.0893444799849011,0.4998301260549747,-0.07169358307327853,-0.06308854293235508,-0.06526962882252386,0.03182411909272091,-0.2444558339725797,-0.04946896286390519,-0.20398248761924628,-0.0653601397315246,0.0260372128178938,-0.018401922726006895,-0.13951236923264165,0.05078296862319337,-0.1528240049482026,0.5,0.0,0.0,0.5,True,False,True,False,1,True,True,0.003206800000043586,4,3.1390309893218067e-09,4.047579613140794e-10,`gtol` termination condition is satisfied.,True,True,0.0,0.010000000000000009,True,0.017893177645783367,0.017781944061791663,False,False,False,False,False,False,1.0,False,False,False,0.0006489149766607008,0.004394225426542942,0.0006489169815443402,0.0043942257549357275
1.6100000000000012,1786138860.7545257,0.006174599984660745,0.005625300022074953,0.01,TELEOP,0,,0.0,1.6100000000000012,161,-0.003627742333266948,0.018697960286890056,0.0,0.015773162914651445,0.0168377691941893,0.032353537800424596,0.9992101608030353,-0.0026771164404350706,0.01583479162100065,0.0,0.013416678569929818,0.014208151288153663,0.027432788210265843,0.9994326206924281,-0.01680313493213053,-0.22037292843116257,0.27900333886152606,-0.1238557843257906,0.008834901259594677,0.012673578318084144,0.9921799582844797,-0.016764558578722766,-0.22048835701524871,0.2790342678574154,-0.12398469627090651,0.008656959475970267,0.012424930062013381,0.9921685709879127,-0.01676455564328667,-0.22048835819044374,0.27903426795181085,-0.1239846963082619,0.00865695947831331,0.012424929861486075,0.9921685709857353,-0.01655957288073543,-0.2210847228545081,0.2791880848964607,-0.12479823661921911,0.007494781809657847,0.010754141661876061,0.9920955482308523,-0.01655957288073543,-0.2210847228545081,0.2791880848964607,-0.12479823661921911,0.007494781809657847,0.010754141661876061,0.9920955482308523,-0.0261972070413058,-0.5573096959196976,0.8022758445247523,-0.10980974188578634,0.49619473930566044,-0.089001797400828,-0.021366367153223244,-0.5528985120793245,0.8001603587706693,-0.0918032382493625,0.49934046971195745,-0.07374887068881489,-0.021366367153223244,-0.5528985120793245,0.8001603587706693,-0.0918032382493625,0.49934046971195745,-0.07374887068881489,-0.06374670465111333,-0.06501932695394666,0.03164601975556636,-0.24587582644614042,-0.04896563430172054,-0.20552876155363656,-0.06581617187582552,0.02503018685771994,-0.017809933715455355,-0.14199924735607272,0.05033285621846486,-0.15462739343902707,0.5,0.0,0.0,0.5,True,False,True,False,1,True,True,0.003216099983546883,4,3.1633493192339858e-09,4.0800420574806513e-10,`gtol` termination condition is satisfied.,True,True,0.0,0.010000000000000009,True,0.018006503636423837,0.017893177645783367,False,False,False,False,False,False,1.0,False,False,False,0.0006490981420009838,0.00438605619173553,0.0006491001710949887,0.004386056522661544
1.6200000000000012,1786138860.7607539,0.0058772000193130225,0.005975899985060096,0.01,TELEOP,0,,0.0,1.6200000000000012,162,-0.0037461396582771146,0.01898895477609009,0.0,0.016009863189552814,0.017107851815748424,0.03285239145042159,0.9991855313518558,-0.0027775391560556115,0.016131122905883997,0.0,0.013660460365005572,0.014480746723597629,0.027942276662426158,0.9994112911969044,-0.01683326174681669,-0.22028705821880068,0.2789803300074698,-0.12373418683597842,0.009003355637542183,0.012908454910943326,0.9921905877335843,-0.016793921805514953,-0.22040232339588176,0.27901121521858413,-0.12386250464926704,0.008825931391811872,0.01266079331714381,0.9921793624086616,-0.016793918844766068,-0.2204023245733817,0.27901121530908696,-0.12386250468686645,0.008825931394186774,0.012660793115019163,0.9921793624065257,-0.016585040424886097,-0.22099774118008134,0.2791647545878326,-0.12467351837009807,0.007664711583112447,0.010992987460047845,0.9921073128650306,-0.016585040424886097,-0.22099774118008134,0.2791647545878326,-0.12467351837009807,0.007664711583112447,0.010992987460047845,0.9921073128650306,-0.02689028818687236,-0.5579463107654316,0.802581846664515,-0.11239797741190181,0.4957425009918155,-0.09119231114900267,-0.022010462085071254,-0.5535463030446419,0.8004750971918718,-0.0942764445301809,0.4988558021505652,-0.07581980110959964,-0.022010462085071254,-0.5535463030446419,0.8004750971918718,-0.0942764445301809,0.4988558021505652,-0.07581980110959964,-0.06440949318480091,-0.0647790965317456,0.031473842120254586,-0.24732062808184055,-0.048466756139227275,-0.2070930420784754,-0.06627885336875777,0.02402304222010633,-0.0172177635311771,-0.1444801635700127,0.04988781624932657,-0.15642805248388367,0.5,0.0,0.0,0.5,True,False,True,False,1,True,True,0.003305599995655939,4,3.1875901364885405e-09,4.112337087147597e-10,`gtol` termination condition is satisfied.,True,True,0.0,0.010000000000000009,True,0.018121532881720914,0.018006503636423837,False,False,False,False,False,False,1.0,False,False,False,0.0006494039112470533,0.004378558391782822,0.0006494059645735989,0.00437855872522104
1.6300000000000012,1786138860.7668872,0.006193000008352101,0.005916299996897578,0.01,TELEOP,0,,0.0,1.6300000000000012,163,-0.0038663630064942724,0.01927919961386986,0.0,0.01624568028224405,0.01737747802277381,0.03334981071252918,0.9991605933258045,-0.0028798220217924283,0.016426882350671135,0.0,0.013903493726627867,0.014753063328680323,0.028450631129530137,0.9993896145012441,-0.016863946606537734,-0.22020135371297406,0.27895736555434586,-0.12361294719440817,0.00917160034693136,0.013142791123491582,0.9922010824799945,-0.016823845200277406,-0.22031644389220453,0.27898820387492745,-0.12374065502773188,0.008994718026265853,0.01289614796117575,0.9921900194563033,-0.016823842214326132,-0.22031644507201933,0.2789882039614836,-0.12374065506557758,0.008994718028672568,0.012896147757462778,0.9921900194542093,-0.016611071893592223,-0.22091099161045114,0.2791414975779035,-0.12454931792253589,0.0078342958046695,0.011231178042647623,0.9921189202177582,-0.016611071893592223,-0.22091099161045114,0.2791414975779035,-0.12454931792253589,0.0078342958046695,0.011231178042647623,0.9921189202177582,-0.027590336252740075,-0.5585811753079628,0.8028865206128256,-0.11500222486151258,0.4952950632443374,-0.09339960184223606,-0.022661230684308087,-0.5541917900184091,0.8007881718013764,-0.09676434034357406,0.49837608148893714,-0.07790654961423374,-0.022661230684308087,-0.5541917900184091,0.8007881718013764,-0.09676434034357406,0.49837608148893714,-0.07790654961423374,-0.06507685992368333,-0.06454869737671629,0.031307460950463065,-0.24878958133931622,-0.04797206616280475,-0.2086748504634104,-0.06673667388824196,0.02303991550293115,-0.016638116979151782,-0.1468953257475685,0.04946899764225231,-0.15818083849349768,0.5,0.0,0.0,0.5,True,False,True,False,1,True,True,0.0032057999924290925,4,3.2117534068176847e-09,4.144463612962493e-10,`gtol` termination condition is satisfied.,True,True,0.0,0.010000000000000009,True,0.01823788451793852,0.018121532881720914,False,False,False,False,False,False,1.0,False,False,False,0.0006498120717419328,0.0043715885026192275,0.0006498141493397185,0.004371588838549029
1.6400000000000012,1786138860.7729404,0.006127199972979724,0.005842500017024577,0.01,TELEOP,0,,0.0,1.6400000000000012,164,-0.003988407631706498,0.019568683341860158,0.0,0.016480606773822987,0.01764663502876674,0.033845776805341385,0.9991353508233863,-0.0029839613896429674,0.016722052167766562,0.0,0.01414576526291603,0.015025083177746236,0.02895782154997222,0.9993675944174438,-0.016895188416892897,-0.220115820068132,0.2789344468832847,-0.1234920721462853,0.009339624569522614,0.013376573260768075,0.9922114425956376,-0.01685432766875243,-0.22023072432862514,0.2789652353870908,-0.12361915504259496,0.009163307479052358,0.013130978660875262,0.9922005420790734,-0.016854324657710498,-0.22023072551076772,0.2789652354696469,-0.12361915508068945,0.009163307481490803,0.013130978455583062,0.9922005420770215,-0.01663766603981105,-0.22082446111995535,0.2791183089389304,-0.12442560770772933,0.00800356157093092,0.011468743265025125,0.9921303740318929,-0.01663766603981105,-0.22082446111995535,0.2791183089389304,-0.12442560770772933,0.00800356157093092,0.011468743265025125,0.9921303740318929,-0.028297329423578856,-0.5592142378316289,0.8031898455382657,-0.11762234613851628,0.49485251922669454,-0.09562355855907204,-0.023318717251441422,-0.5548350668675369,0.8010996382368318,-0.09926715552083905,0.4979012702496651,-0.08000928282055168,-0.023318717251441422,-0.5548350668675369,0.8010996382368318,-0.09926715552083905,0.4979012702496651,-0.08000928282055168,-0.06574865671333349,-0.0643276849127827,0.03114664354554466,-0.2502815177264989,-0.04748112392720821,-0.21027332063179394,-0.067179678965016,0.022101246393358212,-0.01608174049184067,-0.1491936387182695,0.04909422355965365,-0.1598470168383541,0.5,0.0,0.0,0.5,True,False,True,False,1,True,True,0.0033334999752696604,4,3.235838394127537e-09,4.1764210666195287e-10,`gtol` termination condition is satisfied.,True,True,0.0,0.010000000000000009,True,0.018355190617677236,0.01823788451793852,False,False,False,False,False,False,1.0,False,False,False,0.00065030332716817,0.004365009823943202,0.000650305429092687,0.004365010162344842
1.6500000000000012,1786138860.779177,0.006085200002416968,0.005993900005705655,0.01,TELEOP,0,,0.0,1.6500000000000012,165,-0.00411226871580096,0.01985739453173907,0.0,0.016714635311266286,0.01791531004657324,0.034340271024480985,0.999109807988247,-0.0030899535016583866,0.0170166151673056,0.0,0.014387262150686204,0.015296788829169527,0.029463818931787608,0.9993452347979042,-0.016926986050497524,-0.22003046226551481,0.27891157532900573,-0.12337156815704046,0.009507417795793217,0.013609788124935686,0.992221668199462,-0.01688536808407627,-0.22014517029530847,0.2789423112529543,-0.12349801197890362,0.009331688247620783,0.013365270712977695,0.9922109302817002,-0.01688536504805718,-0.22014517147979462,0.2789423113314576,-0.12349801201724928,0.009331688250090899,0.013365270506115441,0.9922109302796905,-0.016664821704074063,-0.22073813747548165,0.2790951839503484,-0.1243023613389774,0.008172534336512636,0.011705710467611015,0.9921416778820056,-0.016664821704074063,-0.22073813747548165,0.2790951839503484,-0.1243023613389774,0.008172534336512636,0.011705710467611015,0.9921416778820056,-0.02901124607703752,-0.5598454483949841,0.8034918016332112,-0.12025820397592302,0.49441496049042816,-0.097864070170772,-0.02398296376058303,-0.5554762213218901,0.8014095489209238,-0.1017851039330566,0.49743133682531393,-0.08212815542842707,-0.02398296376058303,-0.5554762213218901,0.8014095489209238,-0.1017851039330566,0.49743133682531393,-0.08212815542842707,-0.06642465091416071,-0.06411544543532104,0.030991068409194352,-0.2517948412217553,-0.04699334243511487,-0.21188726078753894,-0.06759942008272152,0.02122394774616669,-0.015557513635030672,-0.1513323495256333,0.04877814920933449,-0.16139401557450117,0.5,0.0,0.0,0.5,True,False,True,False,1,True,True,0.003229599999031052,4,3.2598438806116352e-09,4.208207294665202e-10,`gtol` termination condition is satisfied.,True,True,0.0,0.010000000000000009,True,0.01847310004286641,0.018355190617677236,False,False,False,False,False,False,1.0,False,False,False,0.0006508594903839857,0.004358693805519425,0.0006508616167075367,0.004358694146373707
1.6600000000000013,1786138860.7849953,0.00620500001241453,0.005607400002190843,0.01,TELEOP,0,,0.0,1.6600000000000013,166,-0.00423794136895414,0.02014532178568317,0.0,0.016947758607431276,0.018183490289262184,0.03483327474322163,0.9990839690084853,-0.003197794493534567,0.017310554703849183,0.0,0.014627972088132815,0.015568163279824958,0.029968595259299555,0.9993225395350922,-0.016959338348060377,-0.21994528512860034,0.2788887521839559,-0.12325144143577903,0.00967496979626416,0.013842422971965175,0.9922317594542664,-0.01691696528804114,-0.22005978716914598,0.27891943291325183,-0.12337723280051305,0.00949984919018459,0.013599009988557747,0.9922211841213546,-0.016916962227160548,-0.2200597883559941,0.2789194329876505,-0.12337723283911266,0.009499849192686342,0.01359900978013475,0.9922211841193875,-0.016692537803552322,-0.22065200941266983,0.2790721181680475,-0.12417955397668894,0.008341237548039112,0.01194210413416879,0.9921528351414244,-0.016692537803552322,-0.22065200941266983,0.2790721181680475,-0.12417955397668894,0.008341237548039112,0.01194210413416879,0.9921528351414244,-0.029732064719440305,-0.5604747586721618,0.8037923700289626,-0.12290966154944069,0.4939824770924464,-0.10012102504534805,-0.02465400915856408,-0.5561153336155472,0.8017179523493173,-0.10431838000650297,0.4969662566456806,-0.08426330754808242,-0.02465400915856408,-0.5561153336155472,0.8017179523493173,-0.10431838000650297,0.4969662566456806,-0.08426330754808242,-0.06710453979810511,-0.0639112293657054,0.030840342839355824,-0.253327607344636,-0.046508017963331004,-0.2135152119655356,-0.06798888839444038,0.020421606961564497,-0.015072556983852748,-0.15327661228807243,0.0485324471783866,-0.1627951177996665,0.5,0.0,0.0,0.5,True,False,True,False,1,True,True,0.003215400007320568,4,3.2837682027488506e-09,4.2398208726118764e-10,`gtol` termination condition is satisfied.,True,True,0.0,0.010000000000000009,True,0.018591281542937724,0.01847310004286641,False,False,False,False,False,False,1.0,False,False,False,0.0006514636338237649,0.004352521072925041,0.0006514657846352417,0.004352521416213642
1.6700000000000013,1786138860.791403,0.005813499999931082,0.0062012999842409045,0.01,TELEOP,0,,0.0,1.6700000000000013,167,-0.004365420629824874,0.02043245373681749,0.0,0.017179969441049298,0.018451162971005262,0.0353247694131024,0.9990578381159587,-0.003307480397883958,0.017603854628129707,0.0,0.014867883251960303,0.015839189923924087,0.03047212340860538,0.9992995125612394,-0.016992244119365195,-0.219860293337087,0.27886597870205665,-0.12313169795652544,0.009842270595568,0.01407446547241617,0.9922417165638283,-0.016949118092222767,-0.21997458013278776,0.2788966017566702,-0.12325682417735263,0.009667779492219654,0.01383218288257899,0.9922313037039832,-0.01694911500659894,-0.21997458132201855,0.2788966018269128,-0.12325682421620869,0.009667779494752943,0.013832182672604698,0.9922313037020588,-0.01672081332060842,-0.2205660667718429,0.27904910748060857,-0.12405716262294088,0.008509692359280537,0.012177945650980921,0.9921638489572262,-0.01672081332060842,-0.2205660667718429,0.27904910748060857,-0.12405716262294088,0.008509692359280537,0.012177945650980921,0.9921638489572262,-0.030459763926816718,-0.5611021218091083,0.8040915327188471,-0.12557658212396225,0.49355515769923247,-0.10239431077595051,-0.025331888800051446,-0.5567524754380215,0.8020248925424356,-0.10686715597885384,0.4965060130674632,-0.0864148625782163,-0.025331888800051446,-0.5567524754380215,0.8020248925424356,-0.10686715597885384,0.4965060130674632,-0.0864148625782163,-0.06778796414873672,-0.06371418224743149,0.030694019311826717,-0.25487759723508663,-0.04602435782173985,-0.21515550301338754,-0.06834243506316072,0.019704711827390683,-0.014632352752910706,-0.15499898904506315,0.048366014159115144,-0.1640291047851943,0.5,0.0,0.0,0.5,True,False,True,False,1,True,True,0.0034650000161491334,4,3.30760915243123e-09,4.271258173228646e-10,`gtol` termination condition is satisfied.,True,True,0.0,0.010000000000000009,True,0.018709426145108413,0.018591281542937724,False,False,False,False,False,False,1.0,False,False,False,0.0006521002005744248,0.004346382175397335,0.000652102375978342,0.004346382521102399
1.6800000000000013,1786138860.7972937,0.006414800009224564,0.005677299981471151,0.01,TELEOP,0,,0.0,1.6800000000000013,168,-0.004494701465750234,0.020718779049664245,0.0,0.017411260656710382,0.01871831530795851,0.0358147365645347,0.999031419585585,-0.0034190071472185077,0.017896499243373182,0.0,0.015106984258545932,0.016109852515806447,0.030974377071069453,0.9992761578480647,-0.017025702144165558,-0.21977549143955058,0.27884325610209515,-0.1230123434774701,0.010009310448999898,0.014305903675929502,0.9922515397703001,-0.016981825278988057,-0.2198895541919113,0.2788738191244767,-0.12313679251015872,0.009835468636110943,0.014064776268150227,0.9922412891809861,-0.016981822168742146,-0.2198895553835472,0.27887381919051274,-0.12313679254927404,0.009835468638675763,0.014064776056634254,0.9922412891791046,-0.01674964729112494,-0.22048030059685608,0.27902614815322524,-0.12393516634975968,0.008677917421423651,0.01241325315677994,0.9921747222325059,-0.01674964729112494,-0.22048030059685608,0.27902614815322524,-0.12393516634975968,0.008677917421423651,0.01241325315677994,0.9921747222325059,-0.031194322290817738,-0.561727492293324,0.8043892724885048,-0.12825882873023184,0.4931330896791154,-0.10468381393167274,-0.026016634009646114,-0.5573877091710506,0.8023304086480714,-0.10943157984140113,0.4960505980085801,-0.08858292559448121,-0.026016634009646114,-0.5573877091710506,0.8023304086480714,-0.10943157984140113,0.4960505980085801,-0.08858292559448121,-0.06847452095946696,-0.0635233733029126,0.030551610563581494,-0.2564423862547289,-0.04554150588831585,-0.21680630162648978,-0.06865568107302412,0.01908089445188752,-0.014240874824522241,-0.15647890196422987,0.04828519334240033,-0.16507986131022376,0.5,0.0,0.0,0.5,True,False,True,False,1,True,True,0.0032321999897249043,4,3.331364061873913e-09,4.302517113697494e-10,`gtol` termination condition is satisfied.,True,True,0.0,0.010000000000000009,True,0.018827248888830708,0.018709426145108413,False,False,False,False,False,False,1.0,False,False,False,0.0006527550794325375,0.004340178079803187,0.0006527572795479372,0.004340178427907572
1.6900000000000013,1786138860.8037195,0.0059883999929297715,0.00611459999345243,0.01,TELEOP,0,,0.0,1.6900000000000013,169,-0.004625778772944167,0.02100428642059035,0.0,0.017641625164839695,0.0189849345191456,0.03630315780740175,0.9990047177346352,-0.003532370576671064,0.018188473265767648,0.0,0.015345264128753821,0.01638013513631401,0.031475330684069665,0.9992524794065129,-0.017059711173001327,-0.21969088386489968,0.27882058557079387,-0.12289338355840645,0.010176079821318582,0.014536725979081627,0.9922612293518506,-0.01701508560239589,-0.21980471419088596,0.27885108631471606,-0.12301714395290564,0.010002906373660282,0.0142967774550579,0.9922511407462077,-0.01701508246765236,-0.21980471538495142,0.2788510863764955,-0.12301714399228281,0.010002906376256563,0.014296777242010091,0.9922511407443693,-0.016779038792862567,-0.22039470320020696,0.2790032368601424,-0.12381354646578595,0.008845928742081245,0.012648041473170349,0.9921854576152321,-0.016779038792862567,-0.22039470320020696,0.2790032368601424,-0.12381354646578595,0.008845928742081245,0.012648041473170349,0.9921854576152321,-0.031935718369111354,-0.5623508258359058,0.8046855728527464,-0.13095626386919731,0.49271635918370466,-0.10698941982899311,-0.026708271761158094,-0.5580210873853395,0.8026345346812007,-0.11201177390906432,0.4956000123504187,-0.09076758220612724,-0.026708271761158094,-0.5580210873853395,0.8026345346812007,-0.11201177390906432,0.4956000123504187,-0.09076758220612724,-0.06916377515119802,-0.06333782142888472,0.030412603312938612,-0.25801940676631935,-0.04505856581614423,-0.21846566116460342,-0.0689254191731067,0.018555187402788734,-0.013900725064288147,-0.15770205115904212,0.04829400721716136,-0.16593595381136292,0.5,0.0,0.0,0.5,True,False,True,False,1,True,True,0.0031977000180631876,4,3.3550299586550845e-09,4.3335920884963086e-10,`gtol` termination condition is satisfied.,True,True,0.0,0.010000000000000009,True,0.018944489960132996,0.018827248888830708,False,False,False,False,False,False,1.0,False,False,False,0.0006534156473732878,0.004333820435596427,0.0006534178723328341,0.004333820786083342
1.7000000000000013,1786138860.809609,0.006327099981717765,0.005676900007529184,0.01,TELEOP,0,,0.0,1.7000000000000013,170,-0.004758647376699038,0.021288964578253668,0.0,0.017871055941665336,0.019251007827342393,0.036790014831650134,0.998977736922024,-0.003647566426480099,0.018479761788688147,0.0,0.015582712256056086,0.016650022162412105,0.031974959368314494,0.9992284812865029,-0.017094269927944036,-0.21960647493274252,0.2787979682655884,-0.1227748235765291,0.01034256936758563,0.01476692109628467,0.9922707856205205,-0.01704889778900274,-0.21972006482697778,0.27882840458601704,-0.12289788443314704,0.01017008270119346,0.014528174152182194,0.9922608586332082,-0.01704889462988961,-0.2197200660234988,0.27882840464349085,-0.1228978844727887,0.010170082703821127,0.014528173937612555,0.992260858631413,-0.016808986934065854,-0.22030926819783683,0.27898037070651327,-0.12369228662632911,0.009013739606403535,0.012882322105389041,0.9921960574929892,-0.016808986934065854,-0.22030926819783683,0.27898037070651327,-0.12369228662632911,0.009013739606403535,0.012882322105389041,0.9921960574929892,-0.03268393063987862,-0.5629720792647788,0.8049804179983465,-0.13366874924177027,0.4923050512194444,-0.10931101232222677,-0.027406824463711083,-0.5586526525709585,0.8029372993870193,-0.11460783395784314,0.4951542661318559,-0.09296889783688157,-0.027406824463711083,-0.5586526525709585,0.8029372993870193,-0.11460783395784314,0.4951542661318559,-0.09296889783688157,-0.0698552702552991,-0.06315651856189797,0.030276470581861604,-0.2596060048778825,-0.044574621856273505,-0.22013156307543352,-0.06914951041010735,0.018130286698674752,-0.013613273107700987,-0.15865981115631353,0.04839439598707286,-0.16659019108300926,0.5,0.0,0.0,0.5,True,False,True,False,1,True,True,0.0032402999931946397,4,3.378603490127178e-09,4.3644801879854704e-10,`gtol` termination condition is satisfied.,True,True,0.0,0.010000000000000009,True,0.01906091528392713,0.018944489960132996,False,False,False,False,False,False,1.0,False,False,False,0.0006540707829208233,0.004327231635968374,0.0006540730328693318,0.00432723198882159
1.7100000000000013,1786138860.8155327,0.005890100001124665,0.005710700002964586,0.01,TELEOP,0,,0.0,1.7100000000000013,171,-0.004893302031589875,0.02157280228404799,0.0,0.018099546029177925,0.01951652245996307,0.03727528940787403,0.9989504815475924,-0.0037645903442602266,0.018770350250325182,0.0,0.015819318377649317,0.016919498239751717,0.03247323887111217,0.9992041675766776,-0.017129377103278075,-0.2195222688627675,0.2787754053171408,-0.12265666874074652,0.01050876991585151,0.014996478033445379,0.9922802089202781,-0.017083260538583625,-0.21963561066322815,0.2788057751610429,-0.12277901967045876,0.010336987837028223,0.014758954433439447,0.9922704431127887,-0.017083257355232778,-0.21963561186223207,0.2788057752141628,-0.12277901971036784,0.01033698783968723,0.014758954217358239,0.9922704431110367,-0.01683949084250082,-0.220223990517078,0.27895754724062544,-0.12357137289206287,0.009181360553541434,0.013116103303498857,0.9922065239929078,-0.01683949084250082,-0.220223990517078,0.27895754724062544,-0.12357137289206287,0.009181360553541434,0.013116103303498857,0.9922065239929078,-0.033438937460068915,-0.563591210428092,0.8052737927322373,-0.13639614550191928,0.4918992497101946,-0.11164847361150396,-0.028112309844013042,-0.5592824370748929,0.8032387262131296,-0.11721982886840081,0.4947133785590251,-0.09518691738527009,-0.028112309844013042,-0.5592824370748929,0.8032387262131296,-0.11721982886840081,0.4947133785590251,-0.09518691738527009,-0.07054853803019583,-0.06297845039343179,0.030142682611032052,-0.2611994910557661,-0.044088757283085124,-0.22180195483885182,-0.06932677748967257,0.0178068168466175,-0.013378797082955066,-0.15934861778836504,0.04858645731883812,-0.16703917634182835,0.5,0.0,0.0,0.5,True,False,True,False,1,True,True,0.0032910000008996576,4,3.402080943627246e-09,4.3951774899677814e-10,`gtol` termination condition is satisfied.,True,True,0.0,0.010000000000000009,True,0.019176316633518473,0.01906091528392713,False,False,False,False,False,False,1.0,False,False,False,0.0006547108539075745,0.004320344700332114,0.0006547131290003964,0.004320345055535962
1.7200000000000013,1786138860.822171,0.005926300014834851,0.00642269998206757,0.01,TELEOP,0,,0.0,1.7200000000000013,172,-0.005029737421681469,0.021855788332546686,0.0,0.018327088535081793,0.01978146564994734,0.03775896338789163,0.9989229560513859,-0.003883437887078914,0.019060224404396753,0.0,0.016055072548283946,0.01718854825789663,0.03297014551503152,0.9991795424041533,-0.01716503136612368,-0.21943826978323006,0.2787528978316138,-0.12253892410464928,0.010674672451514763,0.01522538606412327,0.9922894996252486,-0.017118172524777757,-0.2195513561401263,0.2787831992296191,-0.12266055519316026,0.010503612201086275,0.01498910670692585,0.9922798944907447,-0.017118169317325224,-0.2195513573416416,0.27878319927833733,-0.12266055523333945,0.010503612203776552,0.014989106489343604,0.9922798944890362,-0.016870549655074812,-0.22013886638116845,0.27893476445748233,-0.12345079374174062,0.00934879940171464,0.013349390174478773,0.992216858986104,-0.016870549655074812,-0.22013886638116845,0.27893476445748233,-0.12345079374174062,0.00934879940171464,0.013349390174478773,0.992216858986104,-0.03420071702709704,-0.5642081781068564,0.8055656824345984,-0.13913831203119412,0.4914990375516519,-0.11400168406691238,-0.028824740914012943,-0.5599104632194598,0.8035388333769367,-0.1198478007145574,0.4942773778545579,-0.0974216652195107,-0.028824740914012943,-0.5599104632194598,0.8035388333769367,-0.1198478007145574,0.4942773778545579,-0.0974216652195107,-0.07124310699999009,-0.06280261445669583,0.030010716380697924,-0.26279718461565993,-0.043600070446720054,-0.22347478342406144,-0.06945689697942653,0.017583593673596402,-0.01319662303341262,-0.15976935598937814,0.04886868363650669,-0.16728285852096075,0.5,0.0,0.0,0.5,True,False,True,False,1,True,True,0.003668899997137487,4,3.4254582530461374e-09,4.4256776849178556e-10,`gtol` termination condition is satisfied.,True,True,0.0,0.010000000000000009,True,0.019290511316636713,0.019176316633518473,False,False,False,False,False,False,1.0,False,False,False,0.0006553276830624608,0.004313103002831438,0.0006553299834637188,0.00431310336037036
1.7300000000000013,1786138860.828039,0.006671799987088889,0.005618900002446026,0.01,TELEOP,0,,0.0,1.7300000000000013,173,-0.005167948160738223,0.022137911551945114,0.0,0.018553676632737926,0.0200458246366489,0.03824101870531397,0.9988951649129274,-0.004004104523357841,0.01934937029365411,0.0,0.01628996511655059,0.017457157327964937,0.033465656151446636,0.9991546099342592,-0.01720123135700736,-0.21935448173863034,0.2787304468927279,-0.12242159457825937,0.010840268103197033,0.015453634707952591,0.9922986581381033,-0.01715363239566725,-0.21946730558618646,0.2787606779515675,-0.12254249635347207,0.010669946396451656,0.015218619686966455,0.9922892131058262,-0.01715362916425339,-0.21946730679024268,0.2787606779958373,-0.12254249639392402,0.010669946399173128,0.015218619467893973,0.9922892131041612,-0.01690216250815914,-0.2200538932736773,0.2789120207947343,-0.12333054004435107,0.009516061315242297,0.013582184836145489,0.992227064095961,-0.01690216250815914,-0.2200538932736773,0.2789120207947343,-0.12333054004435107,0.009516061315242297,0.013582184836145489,0.992227064095961,-0.03496924734369229,-0.5648229419359747,0.8058560730163701,-0.14189510673295513,0.49110449665833855,-0.11637052206756622,-0.029544126013226597,-0.5605367435759014,0.8038376340146339,-0.12249176523648189,0.49384630096945814,-0.09967314546272212,-0.029544126013226597,-0.5605367435759014,0.8038376340146339,-0.12249176523648189,0.49384630096945814,-0.09967314546272212,-0.07193850992136532,-0.06262803564416339,0.029880063769725407,-0.2643964521924489,-0.04310768850997276,-0.2251480243211405,-0.06954029213752204,0.017457881253244573,-0.01306526109725193,-0.15992675767889653,0.04923819367472961,-0.16732408970790633,0.5,0.0,0.0,0.5,True,False,True,False,1,True,True,0.0031835999980103225,4,3.44873117765406e-09,4.45597537904153e-10,`gtol` termination condition is satisfied.,True,True,0.0,0.010000000000000009,True,0.019403341496473242,0.019290511316636713,False,False,False,False,False,False,1.0,False,False,False,0.0006559144947730622,0.004305459870809952,0.00065591682065412,0.0043054602306685725
1.7400000000000013,1786138860.8350132,0.005830700014485046,0.006762299977708608,0.01,TELEOP,0,,0.0,1.7400000000000013,174,-0.005307928792436828,0.022419160804501653,0.0,0.018779303561098738,0.020309586666724954,0.038721437376106255,0.9988671126504843,-0.004126585634615649,0.019637774225918614,0.0,0.016523986703391513,0.017725310762458042,0.03395974811850553,0.9991293743702706,-0.017237975690384703,-0.21927090869665705,0.27870805356362216,-0.122304684938676,0.01100554812999144,0.015681213711115003,0.9923076848885914,-0.01718963877429644,-0.21938346322752975,0.27873821245927394,-0.12242484834125562,0.01083598119269604,0.01544748236880063,0.9922983993278826,-0.017189635519066236,-0.21938346443415704,0.2787382124990494,-0.1224248483819832,0.010835981195448676,0.01544748214824899,0.9922983993262611,-0.016934328528705706,-0.21996906988606538,0.2788893151219533,-0.12321060499608773,0.009683148907085855,0.013814486604393165,0.992237140709618,-0.016934328528705706,-0.21996906988606538,0.2788893151219533,-0.12321060499608773,0.009683148907085855,0.013814486604393165,0.992237140709618,-0.03574450618563766,-0.5654354623329012,0.8061449508807986,-0.14466638584473093,0.49071570800385084,-0.11875486385447116,-0.030270468915232468,-0.561161281368366,0.8041351363986529,-0.12515171264016972,0.49342019317990826,-0.10194134252540317,-0.030270468915232468,-0.561161281368366,0.8041351363986529,-0.12515171264016972,0.49342019317990826,-0.10194134252540317,-0.07263429020058694,-0.06245377924645509,0.029750238401892073,-0.2659947403687819,-0.04261077895498758,-0.22681970626810583,-0.06957802792216215,0.0174256397708291,-0.012982536783333332,-0.1598288176333014,0.049690955498518215,-0.16716819469653232,0.5,0.0,0.0,0.5,True,False,True,False,1,True,True,0.003296999988378957,4,3.471895044666026e-09,4.486065749973008e-10,`gtol` termination condition is satisfied.,True,True,0.0,0.010000000000000009,True,0.01951467320456121,0.019403341496473242,False,False,False,False,False,False,1.0,False,False,False,0.0006564658462404238,0.00429737807615441,0.0006564681977778234,0.004297378438317673
1.7500000000000013,1786138860.8410199,0.006995100004132837,0.005773899989435449,0.01,TELEOP,0,,0.0,1.7500000000000013,175,-0.0054496737905816274,0.022699524986977377,0.0,0.019003962624634593,0.020572738995026582,0.03920020149914133,0.9988388038203316,-0.0042508765170672265,0.01992542275241176,0.0,0.01675712818262722,0.017992994057071363,0.03445239920310578,0.9991038399531267,-0.017275262955120177,-0.21918755455446695,0.2786857188885365,-0.12218819983972236,0.011170503909955163,0.01590811302866959,0.9923165803322007,-0.017226190259138408,-0.21929983319656216,0.27871580386001316,-0.12230761619646631,0.011001707510807547,0.015675684005659295,0.9923074535561744,-0.017226186980241604,-0.21929983440579148,0.27871580389524897,-0.12230761623747208,0.011001707513591297,0.01567568378363986,0.9923074535545967,-0.01696704682622229,-0.21988439605144844,0.27886664672422357,-0.12309098402738518,0.009850062370720055,0.014046292205853305,0.9922470899920699,-0.01696704682622229,-0.21988439605144844,0.27886664672422357,-0.12309098402738518,0.009850062370720055,0.014046292205853305,0.9922470899920699,-0.036526471072152004,-0.5660457004332199,0.8064323028886158,-0.14745200376726106,0.49033275165497475,-0.12115458339614649,-0.031003768988189472,-0.5617840709846608,0.8044313442110751,-0.12782760866725737,0.492999107590225,-0.10422622184385447,-0.031003768988189472,-0.5617840709846608,0.8044313442110751,-0.12782760866725737,0.492999107590225,-0.10422622184385447,-0.07333000729570036,-0.062278961629482474,0.02962078124222263,-0.26758960270876436,-0.04210855896832274,-0.22848793184512903,-0.06957170951134087,0.017481761697262302,-0.012945715966944556,-0.15948623399824752,0.05022199866648383,-0.16682255770232057,0.5,0.0,0.0,0.5,True,False,True,False,1,True,True,0.0033158000151161104,4,3.494945117876483e-09,4.51594246239073e-10,`gtol` termination condition is satisfied.,True,True,0.0,0.010000000000000009,True,0.01962439510000369,0.01951467320456121,False,False,False,False,False,False,1.0,False,False,False,0.0006569775460785402,0.004288829241184117,0.0006569799234524233,0.004288829605636818
1.7600000000000013,1786138860.8470988,0.0059908999828621745,0.005862299993168563,0.01,TELEOP,0,,0.0,1.7600000000000013,176,-0.005593177559322793,0.02297899303107443,0.0,0.01922764719325233,0.02083526888549004,0.03967729325674567,0.9988102430160092,-0.00437697238309327,0.020212302648162737,0.0,0.016989380663307848,0.018260192874300613,0.034943587606499765,0.9990780109611348,-0.017313091714927988,-0.21910442314436224,0.2786634438943333,-0.12207214382068624,0.011335126929729277,0.016134322808565478,0.9923253449489324,-0.017263285424514805,-0.21921641953983217,0.27869345323805467,-0.1221908048204399,0.01116711640957468,0.0159032140880118,0.9923163762178366,-0.017263282122106156,-0.21921642075169512,0.2786934532687067,-0.12219080486172638,0.011167116412389499,0.015903213864536258,0.9923163762163025,-0.017000316485647364,-0.2197998726674525,0.2788440152809931,-0.12297167468509249,0.010016799635475464,0.014277596008736787,0.9922569129023077,-0.017000316485647364,-0.2197998726674525,0.2788440152809931,-0.12297167468509249,0.010016799635475464,0.014277596008736787,0.9922569129023077,-0.037315119238697354,-0.5666536180325141,0.8067181163265152,-0.15025181290892492,0.48995570680022166,-0.12356955226607269,-0.031744021399691034,-0.5624050985715414,0.8047262568612483,-0.1305193958822351,0.4925831045619084,-0.10652773078534651,-0.031744021399691034,-0.5624050985715414,0.8047262568612483,-0.1305193958822351,0.4925831045619084,-0.10652773078534651,-0.07402524115015638,-0.06210275868806804,0.029491265017320037,-0.2691787214977744,-0.04160030283166266,-0.23015089414920387,-0.06952338544560215,0.01762029414144311,-0.012951622490259447,-0.15891187890100036,0.05082561366600768,-0.16629623040748456,0.5,0.0,0.0,0.5,True,False,True,False,1,True,True,0.0031204000115394592,4,3.517876379759495e-09,4.545598762084778e-10,`gtol` termination condition is satisfied.,True,True,0.0,0.010000000000000009,True,0.01973241702668982,0.01962439510000369,False,False,False,False,False,False,1.0,False,False,False,0.0006574465632299398,0.004279793179343588,0.0006574489666223496,0.004279793546070472
1.7700000000000014,1786138860.8532443,0.0061169000109657645,0.005890700005693361,0.01,TELEOP,0,,0.0,1.7700000000000014,177,-0.00573843443337726,0.023257553903872956,0.0,0.019450350702205726,0.021097163612028732,0.040152694915237805,0.9987814348675753,-0.004504868362592569,0.02049840089429822,0.0,0.01722073547371693,0.018526893028674673,0.03543329191318721,0.9990518917096565,-0.01735146050877778,-0.21902151823892277,0.2786412295918722,-0.12195652131424152,0.011499408775179791,0.016359833377178327,0.992333979242181,-0.017300922820974205,-0.2191332262251436,0.2786711616565682,-0.12207441898612093,0.011332199073290385,0.0161300623247805,0.9923251677664752,-0.017300919495213583,-0.21913322743967198,0.27867116168259304,-0.12207441902769083,0.011332199076136208,0.016130062099860846,0.9923251677649849,-0.01703413656114309,-0.21971550161084577,0.278821420841088,-0.1228526764946206,0.010183356539871078,0.014508390265309225,0.9922666102109854,-0.01703413656114309,-0.21971550161084577,0.278821420841088,-0.1228526764946206,0.010183356539871078,0.014508390265309225,0.9922666102109854,-0.038110427612006836,-0.5672591775339373,0.8070023788786187,-0.15306566354435752,0.4895846517733116,-0.12599963953109986,-0.03249121735682234,-0.5630243426938495,0.8050198698366713,-0.13322699512756128,0.49217225108730955,-0.10884579968330443,-0.03249121735682234,-0.5630243426938495,0.8050198698366713,-0.13322699512756128,0.49217225108730955,-0.10884579968330443,-0.07471959571313028,-0.06192441223080308,0.029361297542296244,-0.2707599245326189,-0.0410853474598873,-0.23180688979579298,-0.06943545629738926,0.017834645726495964,-0.012996747502379453,-0.15812030348444847,0.0514955371775358,-0.1655995646589116,0.5,0.0,0.0,0.5,True,False,True,False,1,True,True,0.003453299985267222,4,3.5406835723744255e-09,4.575029117959889e-10,`gtol` termination condition is satisfied.,True,True,0.0,0.010000000000000009,True,0.01983866841679624,0.01973241702668982,False,False,False,False,False,False,1.0,False,False,False,0.0006578709288599148,0.004270257189416423,0.0006578733584527017,0.004270257558402278
1.7800000000000014,1786138860.85932,0.006105300009949133,0.005860500008566305,0.01,TELEOP,0,,0.0,1.7800000000000014,178,-0.005885438678252359,0.023535196608266667,0.0,0.019672066651997895,0.02135841045942581,0.04062638882545894,0.9987523840408536,-0.004634559504228286,0.020783704662037376,0.0,0.017451184146871492,0.01879308047346229,0.03592149106278541,0.9990254865507768,-0.017390367851268494,-0.21893884355564372,0.2786190769772531,-0.12184133665362647,0.01166334112296401,0.016584635226227138,0.9923424837377064,-0.01733910097563376,-0.21905025714799212,0.27864893015934866,-0.12195846334733201,0.011496946800653853,0.01635621862633966,0.9923338286808869,-0.01733909762668637,-0.21905025836521788,0.27864893018070414,-0.12195846338918812,0.011496946803530618,0.016356218399988225,0.9923338286794403,-0.017068506070806903,-0.21963128564641377,0.27879886379474167,-0.12273399080661643,0.010349727017868716,0.01473866536015439,0.9922761825191303,-0.017068506070806903,-0.21963128564641377,0.27879886379474167,-0.12273399080661643,0.010349727017868716,0.01473866536015439,0.9922761825191303,-0.038912372787147174,-0.5678623419009655,0.8072850786006355,-0.1558934036861743,0.4892196640720446,-0.128444711650041,-0.03324534437291105,-0.5636417750384802,0.8053121750771033,-0.13595030710095002,0.491766620124922,-0.11118034296849788,-0.03324534437291105,-0.5636417750384802,0.8053121750771033,-0.13595030710095002,0.491766620124922,-0.11118034296849788,-0.07541270160887155,-0.06174323446307149,0.029230524043203258,-0.27233119733887434,-0.04056309623875289,-0.23345432851934475,-0.06931058957412722,0.018117776773159122,-0.013077349909298638,-0.15712728062554776,0.0522251221134409,-0.16474387235517785,0.5,0.0,0.0,0.5,True,False,True,False,1,True,True,0.003165300004184246,4,3.563361227951035e-09,4.604227303130445e-10,`gtol` termination condition is satisfied.,True,True,0.0,0.010000000000000009,True,0.01994309658522428,0.01983866841679624,False,False,False,False,False,False,1.0,False,False,False,0.0006582496336691029,0.004260215320335988,0.0006582520896423613,0.004260215691565506
1.7900000000000014,1786138860.8653085,0.0060656999994535,0.005783800006611273,0.01,TELEOP,0,,0.0,1.7900000000000014,179,-0.006034184490472206,0.023811910183396994,0.0,0.019892788608275907,0.021618996724227315,0.04109835742329607,0.9987230952366785,-0.004766040776578431,0.021068201298231757,0.0,0.017680718407376818,0.019058741288713883,0.03640816432459592,0.9989987998729539,-0.017429812232973536,-0.21885640276112597,0.27859698703293867,-0.1217265940791501,0.011826915732934956,0.01680871900094115,0.9923508589826904,-0.017377818392488427,-0.21896751613738868,0.27862675977237655,-0.12184294244717349,0.01166135099475854,0.016581673089132117,0.9923423594638884,-0.017377815020524916,-0.21896751735734404,0.2786267597890212,-0.12184294248931807,0.01166135099766617,0.016581672861361578,0.9923423594624855,-0.017103423992284254,-0.21954722833231743,0.2787763448434354,-0.12261562063240761,0.010515903293419985,0.014968410059085478,0.9922856302774701,-0.017103423992284254,-0.21954722833231743,0.2787763448434354,-0.12261562063240761,0.010515903293419985,0.014968410059085478,0.9922856302774701,-0.03972093100644601,-0.5684630746148419,0.8075662038964726,-0.1587348789688114,0.4888608203730076,-0.1309046323817336,-0.03400638655313766,-0.5642573611459127,0.805603161362784,-0.1386892140131005,0.4913662899117093,-0.11353126036512395,-0.03400638655313766,-0.5642573611459127,0.805603161362784,-0.1386892140131005,0.4913662899117093,-0.11353126036512395,-0.07610421802266099,-0.06155861074325268,0.029098628568067404,-0.27389069121504844,-0.04003302132127504,-0.2350917396626075,-0.06915164137894295,0.01846237198188088,-0.013189547513585463,-0.15594938761740937,0.053007491747785164,-0.16374111432627333,0.5,0.0,0.0,0.5,True,False,True,False,1,True,True,0.003210199996829033,4,3.5859037964883633e-09,4.6331848971282275e-10,`gtol` termination condition is satisfied.,True,True,0.0,0.010000000000000009,True,0.02004566495571089,0.01994309658522428,False,False,False,False,False,False,1.0,False,False,False,0.000658582522838002,0.004249667621976446,0.0006585850053684737,0.004249667995433679
1.8000000000000014,1786138860.8714926,0.006022999994456768,0.005944699980318546,0.01,TELEOP,0,,0.0,1.8000000000000014,180,-0.006184665997806838,0.0240876837050858,0.0,0.020112510201717466,0.021878909715635723,0.04156858323019753,0.9986935731901329,-0.004899307069199812,0.02135187831230472,0.0,0.017909330159507828,0.019323861670512997,0.03689329127461375,0.9989718361006497,-0.017469792120759952,-0.21877419947486068,0.2785749607287687,-0.12161229774408926,0.011990124441305315,0.017032075489359096,0.9923591055448677,-0.017417073552691478,-0.2188850069611264,0.2786046515052289,-0.12172786072563511,0.011825403154065486,0.016806415981752643,0.9923507606412426,-0.01741707015788807,-0.21888500818384354,0.27860465151712227,-0.12172786076807067,0.01182540315700394,0.01680641575257601,0.9923507606398834,-0.017138889259252055,-0.21946333392393633,0.2787538649682845,-0.12249757047212062,0.010681876079130383,0.015197611754258615,0.9922949538059864,-0.017138889259252055,-0.21946333392393633,0.2787538649682845,-0.12249757047212062,0.010681876079130383,0.015197611754258615,0.9922949538059864,-0.04053607814012915,-0.5690613396362888,0.8078457434970484,-0.1615899325435918,0.48850819654248134,-0.13337926270192765,-0.03477432489188269,-0.5648710611538283,0.8058928147086024,-0.1414435812882711,0.4909713432662539,-0.11589843812368433,-0.03477432489188269,-0.5648710611538283,0.8058928147086024,-0.1414435812882711,0.4909713432662539,-0.11589843812368433,-0.07679383387450256,-0.06137000079155869,0.028965334581847142,-0.27543672751706005,-0.039494664545534304,-0.23671777585603734,-0.06896158518415757,0.0188609951693992,-0.013329398622026001,-0.15460363020116039,0.05383567757407366,-0.16260361934298423,0.5,0.0,0.0,0.5,True,False,True,False,1,True,True,0.0032041000085882843,4,3.6083055377522127e-09,4.661896047470595e-10,`gtol` termination condition is satisfied.,True,True,0.0,0.010000000000000009,True,0.020146351255320716,0.02004566495571089,False,False,False,False,False,False,1.0,False,False,False,0.0006588701905744087,0.0042386193955868895,0.0006588726998338955,0.004238619771255731
1.8100000000000014,1786138860.8772888,0.00618569998187013,0.005555300012929365,0.01,TELEOP,0,,0.0,1.8100000000000014,181,-0.006336877259504015,0.024362506286266655,0.0,0.020331225127909826,0.022138136756403807,0.04203704885368089,0.9986638226697843,-0.0050343531936138195,0.021634723364458822,0.0,0.018137011476400913,0.01958842792132359,0.03737685177474829,0.9989445996939393,-0.017510305958084154,-0.21869223727264656,0.27855299902287556,-0.12149845172003429,0.012152959154499252,0.017254695612653793,0.9923672240117255,-0.017456864914809696,-0.2188027333305426,0.2785826063523556,-0.12161322252649338,0.011989094864270076,0.01703043773236059,0.9923590327606745,-0.01745686149734829,-0.21880273455605342,0.2785826063594584,-0.12161322256922227,0.011989094867239248,0.01703043750179125,0.9923590327593591,-0.017174900758729836,-0.21937960727796885,0.2787314253976384,-0.12237984613901969,0.010847634775329433,0.01542625670171826,0.9923041533133597,-0.017174900758729836,-0.21937960727796885,0.2787314253976384,-0.12237984613901969,0.010847634775329433,0.01542625670171826,0.9923041533133597,-0.04135778966852792,-0.5696571013710837,0.8081236864411101,-0.1644584049842027,0.4881618676439076,-0.13586846072841424,-0.035549137575419665,-0.565482830539149,0.806181118757014,-0.1442132592742943,0.4905818668948813,-0.11828175026562357,-0.035549137575419665,-0.565482830539149,0.806181118757014,-0.1442132592742943,0.4905818668948813,-0.11828175026562357,-0.07748126835369791,-0.06117693853207537,0.028830404841159514,-0.2769677986023207,-0.038947637137258594,-0.23833121419392317,-0.06874344791953542,0.019306225948331757,-0.013492974068762906,-0.15310710852606269,0.054702740827570775,-0.16134383378858147,0.5,0.0,0.0,0.5,True,False,True,False,1,True,True,0.003159100015182048,4,3.630560521111937e-09,4.690352770060509e-10,`gtol` termination condition is satisfied.,True,True,0.0,0.010000000000000009,True,0.020245145709908402,0.020146351255320716,False,False,False,False,False,False,1.0,False,False,False,0.000659113876001096,0.00422708045581682,0.0006591164121548333,0.004227080833680645
1.8200000000000014,1786138860.883507,0.005762100015999749,0.006011699995724484,0.01,TELEOP,0,,0.0,1.8200000000000014,182,-0.006490812266523738,0.02463636707741462,0.0,0.020548927147220983,0.022396665183728664,0.04250373698783325,0.9986338484769156,-0.005171173884221652,0.021916724255031803,0.0,0.018363754590251014,0.01985242644133011,0.037858825954047326,0.9989170951481019,-0.017551352165266505,-0.21861051968967427,0.2785311028625107,-0.12138506000173595,0.012315411843627534,0.01747657041638551,0.9923752149897628,-0.017497190915056204,-0.2187206989048231,0.27856062529423253,-0.12149903210356201,0.012152417790978995,0.017253728917297557,0.9923671763909665,-0.017497187475124538,-0.21872070013315942,0.27856062529650666,-0.12149903214658661,0.012152417793978878,0.01725372868534925,0.9923671763896948,-0.017211457329166246,-0.219296053758323,0.2787090275744955,-0.12226245458324399,0.011013167666295344,0.015654330248250407,0.9923132289160077,-0.017211457329166246,-0.219296053758323,0.2787090275744955,-0.12226245458324399,0.011013167666295344,0.015654330248250407,0.9923132289160077,-0.04218604066572303,-0.5702503246391354,0.8084000220578463,-0.16734013420183655,0.4878219079422348,-0.1383720816538508,-0.03633080028430051,-0.566092620846617,0.8064680551634497,-0.14699808493280744,0.4901979507112952,-0.12068105981776145,-0.03633080028430051,-0.566092620846617,0.8064680551634497,-0.14699808493280744,0.4901979507112952,-0.12068105981776145,-0.07816627088808469,-0.0609790307467946,0.02869364064356504,-0.27848256585131537,-0.03839161835861146,-0.2399309552137878,-0.0685002534386775,0.01979077852807716,-0.013676419759447393,-0.1514767248994693,0.05560187786471304,-0.15997410198646325,0.5,0.0,0.0,0.5,True,False,True,False,1,True,True,0.0035287000064272434,4,3.6526627488137247e-09,4.718548498916743e-10,`gtol` termination condition is satisfied.,True,True,0.0,0.010000000000000009,True,0.020342049269029105,0.020245145709908402,False,False,False,False,False,False,1.0,False,False,False,0.0006593153618796611,0.004215064414588394,0.0006593179250852249,0.004215064794630028
1.8300000000000014,1786138860.8898826,0.006239299982553348,0.006147600011900067,0.01,TELEOP,0,,0.0,1.8300000000000014,183,-0.006646464941775521,0.02490925526697458,0.0,0.020765610084663214,0.02265448235014589,0.04296863041380401,0.9986036554447518,-0.005309763799155865,0.02219786891489318,0.0,0.018589551883418695,0.020115843720676988,0.03833919419173497,0.9988893269931898,-0.017592929139746766,-0.21852905022330926,0.2785092731847904,-0.12127212651149955,0.012477474539527227,0.01769769106259633,0.9923830791038042,-0.01753804996750359,-0.21863890729489138,0.2785387092984037,-0.12138529362635607,0.012315363673121716,0.01747628025079686,0.992375192121124,-0.017538046505295266,-0.21863890852608464,0.27853870929581226,-0.12138529366967858,0.012315363676152238,0.01747628001748369,0.9923751921198961,-0.017248557759241213,-0.2192126791451091,0.2786866731242657,-0.1221454037177541,0.011178462110839588,0.015881817045031305,0.9923221806564698,-0.017248557759241213,-0.2192126791451091,0.2786866731242657,-0.1221454037177541,0.011178462110839588,0.015881817045031305,0.9923221806564698,-0.04302080578450991,-0.570840974646748,0.8086747399511457,-0.17023495536932814,0.487488390905433,-0.1408899776858035,-0.03711928649051202,-0.5667003803937786,0.8067536039688886,-0.1497978834845771,0.48981968717869073,-0.12309622001757024,-0.03711928649051202,-0.5667003803937786,0.8067536039688886,-0.1497978834845771,0.48981968717869073,-0.12309622001757024,-0.07884862062115129,-0.060775954716149876,0.028554880543894462,-0.27997985517696455,-0.03782635326044469,-0.24151601998088001,-0.06823497330666027,0.020307603064472456,-0.013876009967057727,-0.14972893256491732,0.056526509816677215,-0.15850647670922235,0.5,0.0,0.0,0.5,True,False,True,False,1,True,True,0.003402500005904585,4,3.6746061074535744e-09,4.746475277529722e-10,`gtol` termination condition is satisfied.,True,True,0.0,0.010000000000000009,True,0.02043707188475105,0.020342049269029105,False,False,False,False,False,False,1.0,False,False,False,0.0006594768774401982,0.004202587995435692,0.0006594794678461426,0.004202588377637403
1.8400000000000014,1786138860.8959913,0.006374500022502616,0.005882199999177828,0.01,TELEOP,0,,0.0,1.8400000000000014,184,-0.006803829140358259,0.02518116008178808,0.0,0.02098126782974906,0.022911575624423766,0.04343171200029005,0.998573248437683,-0.0054501175210744735,0.022478145396783476,0.0,0.018814395880360827,0.020378666332522867,0.03881793710189209,0.9988612997935792,-0.01763503525632235,-0.21844783233560147,0.2784875109173681,-0.12115965510317048,0.01263913932831293,0.017918048822666087,0.9923908169963631,-0.017579440464279707,-0.21855736206692114,0.2785168593204224,-0.12127201118522495,0.012477924317027954,0.01769808257568244,0.9923830805596061,-0.01757943697999434,-0.21855736330100212,0.27851685931292947,-0.1212720112288477,0.01247792432008905,0.017698082341018873,0.9923830805584217,-0.017286200787318726,-0.21912948954782321,0.2786643638233425,-0.12202870224892856,0.011343504724894852,0.01610870124612967,0.9923310085209278,-0.017286200787318726,-0.21912948954782321,0.2786643638233425,-0.12202870224892856,0.011343504724894852,0.01610870124612967,0.9923310085209278,-0.0438620592425772,-0.5714290169617605,0.8089478299853136,-0.17314270085367944,0.4871613892034383,-0.143421997993567,-0.037914567745198115,-0.5673060549439196,0.8070377439551544,-0.15261246998876776,0.48944717068179855,-0.1255270754732779,-0.037914567745198115,-0.5673060549439196,0.8070377439551544,-0.15261246998876776,0.48944717068179855,-0.1255270754732779,-0.07952812546860923,-0.06056745501410293,0.02841399862657162,-0.2814586504190664,-0.03725164968922099,-0.24308554557076495,-0.06795048474579346,0.020849970204694143,-0.014088191732284164,-0.14787952421018505,0.05747035712236944,-0.15695255898849347,0.5,0.0,0.0,0.5,True,False,True,False,1,True,True,0.0031956000020727515,4,3.6963842495419857e-09,4.774126490884405e-10,`gtol` termination condition is satisfied.,True,True,0.0,0.010000000000000009,True,0.02053023086491168,0.02043707188475105,False,False,False,False,False,False,1.0,False,False,False,0.0006596010063581368,0.004189670385365076,0.0006596036241025568,0.004189670769708612
1.8500000000000014,1786138860.9022598,0.006145599996671081,0.006004599999869242,0.01,TELEOP,0,,0.0,1.8500000000000014,185,-0.00696289864980284,0.0254520707875186,0.0,0.021195894336339748,0.023167932392457243,0.04389296470401337,0.9985426323504839,-0.005592229557903252,0.02275754186750735,0.0,0.01903827924030673,0.02064088092683297,0.03929503551962403,0.9988330181475,-0.017677668867370985,-0.21836686945554762,0.2784658169790408,-0.1210476495657489,0.01280039834739136,0.018137635070857996,0.9923984293270481,-0.017621360775748215,-0.21847606674550776,0.2784950763047013,-0.12115918879600444,0.012640091591108833,0.01791912685496417,0.9923908423336132,-0.017621357269591405,-0.218476067982507,0.27849507629227216,-0.12115918883992921,0.012640091594200417,0.017919126618965067,0.9923908423324724,-0.01732438510148147,-0.21904649132360623,0.2786421015688816,-0.12191235951388664,0.011508281554174432,0.01633496669044753,0.9923397124556936,-0.01732438510148147,-0.21904649132360623,0.2786421015688816,-0.12191235951388664,0.011508281554174432,0.01633496669044753,0.9923397124556936,-0.0447097748097978,-0.5720144174912971,0.8092192822721215,-0.1760632001564094,0.48684097470477344,-0.14596798866135235,-0.038716613953432816,-0.5679095883400958,0.8073204529793395,-0.15544165083880399,0.4890804969348769,-0.12797346326558576,-0.038716613953432816,-0.5679095883400958,0.8073204529793395,-0.15544165083880399,0.4890804969348769,-0.12797346326558576,-0.08020462082347007,-0.06035333961761741,0.028270902418511264,-0.28291808500362314,-0.036667374692170095,-0.24463877923078564,-0.06764953548608534,0.02141153964855258,-0.014309620806035551,-0.14594345845567389,0.058427499705089675,-0.15532336600207058,0.5,0.0,0.0,0.5,True,False,True,False,1,True,True,0.003248099994380027,4,3.7179910082992774e-09,4.801492396847194e-10,`gtol` termination condition is satisfied.,True,True,0.0,0.010000000000000009,True,0.020621549317605403,0.02053023086491168,False,False,False,False,False,False,1.0,False,False,False,0.0006596906007097728,0.0041763326298009384,0.0006596932459198726,0.004176333016267019
1.8600000000000014,1786138860.9080927,0.00622270000167191,0.005615200003376231,0.01,TELEOP,0,,0.0,1.8600000000000014,186,-0.007123667190317412,0.02572197668907536,0.0,0.02140948362248626,0.023423540058161902,0.044352371570191285,0.9985118121075293,-0.005736094343531357,0.023036046600900306,0.0,0.019261194750608893,0.020902474224840113,0.03977047048857496,0.998804486686547,-0.017720828303059415,-0.2182861649811292,0.2784441922802948,-0.12093611362666959,0.01296124378189571,0.01835644127848872,0.9924059167720097,-0.017663809250675736,-0.21839502481653034,0.2784733611852787,-0.12104683040423338,0.012801857421085304,0.018139404164245324,0.9923984780884265,-0.017663805722859256,-0.21839502605647718,0.27847336116788,-0.12104683044846236,0.012801857424207358,0.018139403926925913,0.9923984780873293,-0.017363109340076614,-0.2189636910012665,0.27861988835011686,-0.12179638532626982,0.011672778235369396,0.016560597066162717,0.9923482923825359,-0.017363109340076614,-0.2189636910012665,0.27861988835011686,-0.12179638532626982,0.011672778235369396,0.016560597066162717,0.9923482923825359,-0.04556392579654654,-0.5725971424618975,0.8094890871590696,-0.1789962798612345,0.4865272184710683,-0.148527792647488,-0.03952539363318683,-0.568510923094903,0.8076017082845598,-0.15828522516106117,0.4887197624303234,-0.13043521398044736,-0.03952539363318683,-0.568510923094903,0.8076017082845598,-0.15828522516106117,0.4887197624303234,-0.13043521398044736,-0.0808779679754015,-0.0601334754807305,0.028125530522025672,-0.28435743222571797,-0.036073450455349765,-0.2461750714861597,-0.06733471519314374,0.021986413688690476,-0.014537189648559197,-0.14393472220948014,0.05939242368203324,-0.153629225537405,0.5,0.0,0.0,0.5,True,False,True,False,1,True,True,0.003192000003764406,4,3.73941974050123e-09,4.828567403314637e-10,`gtol` termination condition is satisfied.,True,True,0.0,0.010000000000000009,True,0.020711054700173342,0.020621549317605403,False,False,False,False,False,False,1.0,False,False,False,0.0006597487015410355,0.004162597074798603,0.0006597513743314325,0.00416259746336745
1.8700000000000014,1786138860.9150443,0.00582570000551641,0.006741200020769611,0.01,TELEOP,0,,0.0,1.8700000000000014,187,-0.007286128415035265,0.025990867131035513,0.0,0.0216220297702629,0.023678386044367346,0.04480991573299887,0.9984807926620067,-0.005881706238464898,0.023313647971496085,0.0,0.019483135320704142,0.021163433014111378,0.040244223249661384,0.9987757100751719,-0.017764511871539476,-0.2182057222811477,0.2784226377237978,-0.12082505095477745,0.013121667861500218,0.018574459008663863,0.9924132800234202,-0.017706784216387272,-0.2183142397297332,0.27845171488651094,-0.12093493988897559,0.012963213785712547,0.018358905684865614,0.9924059884867936,-0.01770678066712902,-0.21831424097265673,0.27845171486411063,-0.12093493993351043,0.012963213788864976,0.018358905446241518,0.9924059884857399,-0.0174023720927022,-0.21888109521157145,0.2785977262214786,-0.12168078983187365,0.011836980144723131,0.016785576057166338,0.9923567482127453,-0.0174023720927022,-0.21888109521157145,0.2785977262214786,-0.12168078983187365,0.011836980144723131,0.016785576057166338,0.9923567482127453,-0.04642448504295675,-0.5731771584017725,0.8097572352187069,-0.1819417635886125,0.4862201907496708,-0.15110124974929257,-0.04034087415624925,-0.5691100009320292,0.8078814867849735,-0.1611429861059667,0.4883650639313289,-0.13291215266483947,-0.04034087415624925,-0.5691100009320292,0.8078814867849735,-0.1611429861059667,0.4883650639313289,-0.13291215266483947,-0.08154805230624182,-0.05990778371262277,0.027977850041377324,-0.2857760944905522,-0.03546984989945068,-0.24769386843921037,-0.06700843308403148,0.02256917681077303,-0.014768048064834694,-0.14186622648342112,0.0603600555899083,-0.1518796953050676,0.5,0.0,0.0,0.5,True,False,True,False,1,True,True,0.0040320999978575855,4,3.760664140029805e-09,4.855341727233445e-10,`gtol` termination condition is satisfied.,True,True,0.0,0.010000000000000009,True,0.020798777482645803,0.020711054700173342,False,False,False,False,False,False,1.0,False,False,False,0.0006597784664875028,0.004148486859428554,0.0006597811669603494,0.004148487250079342
1.8800000000000014,1786138860.920866,0.006953199976123869,0.005609600018942729,0.01,TELEOP,0,,0.0,1.8800000000000014,188,-0.007450275910265431,0.026258731498064826,0.0,0.02183352692559376,0.023932457793710483,0.04526558041602428,0.9984495789951249,-0.006029059530442663,0.023590334448828763,0.0,0.019704093976627098,0.021423744144163488,0.040716275230909524,0.9987466930101578,-0.017808717859132808,-0.21812554469687553,0.278401154204841,-0.12071446516302942,0.01328166285757924,0.018791679911525402,0.9924205197889875,-0.017750283978911385,-0.21823371490105345,0.27843013832369556,-0.12082352106628512,0.013124152712953968,0.018577622697710558,0.9924133742083556,-0.017750280408435466,-0.21823371614698167,0.2784301382962631,-0.1208235211111279,0.013124152716136756,0.018577622457797784,0.9924133742073451,-0.01744217190156355,-0.21879871062415263,0.27857561727772523,-0.1215655833752118,0.01200087253316909,0.01700988747136805,0.9923650798598762,-0.01744217190156355,-0.21879871062415263,0.27857561727772523,-0.1215655833752118,0.01200087253316909,0.01700988747136805,0.9923650798598762,-0.04729142490904662,-0.5737544321250314,0.8100237172389522,-0.18489947195674447,0.4859199609645401,-0.15368819657332944,-0.04116302196944132,-0.5697067632769054,0.808159765323679,-0.16401472202417744,0.4880164980108526,-0.1354040996997527,-0.04116302196944132,-0.5697067632769054,0.808159765323679,-0.16401472202417744,0.4880164980108526,-0.1354040996997527,-0.08221478131920748,-0.05967623448761082,0.027827853870546808,-0.28717359182107344,-0.03485659204762683,-0.24919470349132467,-0.0666729012965668,0.023154922501194934,-0.014999617083051673,-0.13974973305212468,0.06132578518238466,-0.1500835052114284,0.5,0.0,0.0,0.5,True,False,True,False,1,True,True,0.003193699987605214,4,3.781717593440625e-09,4.881809613170915e-10,`gtol` termination condition is satisfied.,True,True,0.0,0.010000000000000009,True,0.02088474993256703,0.020798777482645803,False,False,False,False,False,False,1.0,False,False,False,0.0006597831047304682,0.004134025460064764,0.0006597858329742504,0.004134025852776157
1.8900000000000015,1786138860.9272292,0.005846200016094372,0.006127000000560656,0.01,TELEOP,0,,0.0,1.8900000000000015,189,-0.0076161031957458665,0.026525559215336742,0.0,0.022043969298071807,0.024185742769528028,0.045719348932716265,0.9984181761153192,-0.006178148435017793,0.023866094592309775,0.0,0.01992406385602328,0.02168339452257513,0.04118660803829178,0.9987174402200752,-0.017853444530505344,-0.21804563554354067,0.2783797426117371,-0.1206043598109469,0.013441221080678283,0.019008095719962592,0.9924276367914956,-0.017794306823116345,-0.21815345371471798,0.27840863240363345,-0.12071257769234789,0.013284666276562579,0.0187955465776243,0.9924206359491109,-0.017794303231653125,-0.21815345496367783,0.2784086323711392,-0.12071257773750003,0.013284666279775623,0.01879554633643923,0.9924206359481437,-0.017482507263132288,-0.21871654389121414,0.27855356363123784,-0.12145077637779404,0.012164440647530889,0.017233515351073106,0.9923732872511272,-0.017482507263132288,-0.21871654389121414,0.27855356363123784,-0.12145077637779404,0.012164440647530889,0.017233515351073106,0.9923732872511272,-0.04816471726564362,-0.5743289307176461,0.8102885242142779,-0.18786922254865016,0.4856265977055934,-0.15628846651076048,-0.04199180279498755,-0.5703011516949336,0.8084365209027118,-0.16690021752330672,0.4876741606381662,-0.1379108715867238,-0.04199180279498755,-0.5703011516949336,0.8084365209027118,-0.16690021752330672,0.4876741606381662,-0.1379108715867238,-0.08287808255462265,-0.05943884180281686,0.027675557903289294,-0.28854954991292786,-0.03423373726864099,-0.25067718869710875,-0.06633012354151593,0.023739268479395885,-0.0152295967257513,-0.13759580918544373,0.062285477898584275,-0.1482485205784069,0.5,0.0,0.0,0.5,True,False,True,False,1,True,True,0.003162500011967495,4,3.802573424943475e-09,4.907961442041251e-10,`gtol` termination condition is satisfied.,True,True,0.0,0.010000000000000009,True,0.020969005025343435,0.02088474993256703,False,False,False,False,False,False,1.0,False,False,False,0.0006597658194038388,0.00411923628726922,0.0006597685754926898,0.004119236682018659
1.9000000000000015,1786138860.933711,0.006482600001618266,0.006125799991423264,0.01,TELEOP,0,,0.0,1.9000000000000015,190,-0.007783603724899269,0.026791339748949868,0.0,0.022253351160770922,0.024438228456748562,0.04617120468682441,0.9983865890574546,-0.00632896709610886,0.02414091704662568,0.0,0.020143038203614155,0.021942371111549456,0.04165520344746772,0.9986879564647212,-0.017898690128832665,-0.21796599811166031,0.27835840382617744,-0.12049473840684388,0.013600334878267702,0.01922369824574237,0.9924346317683709,-0.01783885101283853,-0.21807345952513196,0.2783871980251347,-0.12060211346633119,0.01344474659303163,0.019012668788368898,0.9924277744209133,-0.017838847400624597,-0.21807346077714956,0.2783871979875509,-0.12060211351179449,0.013444746596274943,0.019012668545928334,0.9924277744199892,-0.01752337663004259,-0.21863460159810266,0.2785315673915804,-0.12133637922863205,0.012327669837567855,0.017456444065916146,0.9923813703373493,-0.01752337663004259,-0.21863460159810266,0.2785315673915804,-0.12133637922863205,0.012327669837567855,0.017456444065916146,0.9923813703373493,-0.04904433348604424,-0.57490062152503,0.8105516473376922,-0.1908508298849766,0.4853401687166479,-0.1589018897175549,-0.04282718180938826,-0.5708931082768035,0.8087117308849121,-0.16979925440319593,0.48733814681329185,-0.14043228164611773,-0.04282718180938826,-0.5708931082768035,0.8087117308849121,-0.16979925440319593,0.48733814681329185,-0.14043228164611773,-0.0835379014400709,-0.05919565818699038,0.027520998220035106,-0.2899036879889211,-0.03360138248743319,-0.25214100593939376,-0.06598188854482506,0.02431836158264776,-0.01545596832541879,-0.13541380759931887,0.06323547812078023,-0.146381724228499,0.5,0.0,0.0,0.5,True,False,True,False,1,True,True,0.003479000006336719,4,3.823225093917132e-09,4.933790269237499e-10,`gtol` termination condition is satisfied.,True,True,0.0,0.010000000000000009,True,0.02105157548178066,0.020969005025343435,False,False,False,False,False,False,1.0,False,False,False,0.000659729757439634,0.004104142335031026,0.0006597325414334795,0.0041041427317952675
1.9100000000000015,1786138860.9396734,0.006367599999066442,0.005719999986467883,0.01,TELEOP,0,,0.0,1.9100000000000015,191,-0.00795277088509157,0.027056062606343835,0.0,0.02246166685005089,0.024689902362783837,0.04662113117283199,0.9983548228820248,-0.006481509586523457,0.024414790537607572,0.0,0.02036101036707095,0.022200660924884267,0.04212204339634371,0.9986582465345424,-0.017944452875957046,-0.2178866356682377,0.278337138723553,-0.12038560440985127,0.013758996632752313,0.01943847937601962,0.992441505471271,-0.01788391479100398,-0.21799373565857813,0.27836583607947407,-0.12049213203296821,0.013604385818879757,0.01922898087807838,0.992434790350999,-0.01788391115828222,-0.2179937369136784,0.2783658360367745,-0.12049213207874387,0.01360438582215317,0.019228980634399453,0.992434790350118,-0.017564778413163715,-0.21855289022067953,0.27850963064737916,-0.12122240218723662,0.012490545648900344,0.017678658389073308,0.9923893291016944,-0.017564778413163715,-0.21855289022067953,0.27850963064737916,-0.12122240218723662,0.012490545648900344,0.017678658389073308,0.9923893291016944,-0.04993024443835706,-0.5754694721410543,0.8108130779934312,-0.1938441054022359,0.4850607408821087,-0.16152829309933317,-0.04366912380056651,-0.5714825759713186,0.808985373167908,-0.172711612469959,0.4870085502488521,-0.1429681406270439,-0.04366912380056651,-0.5714825759713186,0.808985373167908,-0.172711612469959,0.4870085502488521,-0.1429681406270439,-0.08419419911782579,-0.05894676945150838,0.027364228299591745,-0.2912358066763059,-0.0329596564439777,-0.25358589809261867,-0.06562976777548887,0.024888873548199394,-0.015676992044335973,-0.1332118687384816,0.06417260434554914,-0.14448921532248943,0.5,0.0,0.0,0.5,True,False,True,False,1,True,True,0.0032485999981872737,4,3.8436658708895255e-09,4.959287236059369e-10,`gtol` termination condition is satisfied.,True,True,0.0,0.010000000000000009,True,0.021132492932276897,0.02105157548178066,False,False,False,False,False,False,1.0,False,False,False,0.0006596779667202106,0.004088765881317812,0.000659680778664061,0.0040887662800725985
1.9200000000000015,1786138860.9472308,0.005942799994954839,0.007335000002058223,0.01,TELEOP,0,,0.0,1.9200000000000015,192,-0.00812359799789294,0.02731971733671349,0.0,0.022668910765355377,0.024940752018419235,0.04706911197638123,0.9983228826743495,-0.006635769908457142,0.024687703868527654,0.0,0.02057797379325807,0.02245825102531151,0.04258710997837346,0.9986283152500424,-0.01799073097253715,-0.21780755145783542,0.2783159481732416,-0.12027696123175749,0.013917198759712946,0.019652431070191153,0.9924482586656941,-0.017929496379744066,-0.2179142854147448,0.27834454745080045,-0.12038263698490304,0.0137635761482393,0.019444474475160792,0.9924416844815406,-0.017929492726763686,-0.21791428667295137,0.27834454740295983,-0.12038263703099246,0.013763576151542795,0.019444474230261084,0.9924416844807022,-0.01760671098379214,-0.21847141608933343,0.278487755450531,-0.12110885529914923,0.01265305390206882,0.017900143557664283,0.9923971635669341,-0.01760671098379214,-0.21847141608933343,0.278487755450531,-0.12110885529914923,0.01265305390206882,0.017900143557664283,0.9923971635669341,-0.05082242047847019,-0.5760354503983794,0.8110728077503019,-0.19684885743617345,0.4847883802125365,-0.16416750030062371,-0.04451759330343973,-0.5720694988669421,0.8092574263308793,-0.17563707023097377,0.48668546309814986,-0.145518257230254,-0.04451759330343973,-0.5720694988669421,0.8092574263308793,-0.17563707023097377,0.48668546309814986,-0.145518257230254,-0.08484695028732206,-0.058692289562352444,0.027205316297133263,-0.2925457761014777,-0.032308715070223586,-0.25501166032100975,-0.06527511694962677,0.025447988915593654,-0.01589120024584837,-0.13099694251718294,0.06509413737541139,-0.14257622283911087,0.5,0.0,0.0,0.5,True,False,True,False,1,True,True,0.004263600014382973,4,3.86388899246369e-09,4.984444477107314e-10,`gtol` termination condition is satisfied.,True,True,0.0,0.010000000000000009,True,0.021211787205199673,0.021132492932276897,False,False,False,False,False,False,1.0,False,False,False,0.0006596133602976134,0.004073128238202894,0.0006596162002211921,0.004073128638923036
1.9300000000000015,1786138860.9531636,0.007589799992274493,0.005677800014382228,0.01,TELEOP,0,,0.0,1.9300000000000015,193,-0.008296078319341467,0.027582293531421553,0.0,0.022875077369003082,0.02519076497870337,0.04751513077469147,0.9982907735437676,-0.006791741993970277,0.02495964591678272,0.0,0.020793922024810722,0.02271512852217115,0.043050385436528865,0.9985981674611734,-0.01803752259819109,-0.21772874870353637,0.2782948330388659,-0.12016881223868227,0.014074933706357907,0.019865545357060803,0.9924548921306059,-0.01797559398050608,-0.2178351120680986,0.2783233330165046,-0.1202736318648191,0.013922309810719279,0.01965914128460581,0.9924484575692243,-0.017975590307522545,-0.2178351133294339,0.2783233329634997,-0.12027363191122359,0.01392230981405278,0.019659141038503244,0.9924484575684287,-0.01764917267591129,-0.21839018535938617,0.2784659438027194,-0.1209957483238529,0.012815180758168811,0.018120885318406086,0.9924048738014962,-0.01764917267591129,-0.21839018535938617,0.2784659438027194,-0.1209957483238529,0.012815180758168811,0.018120885318406086,0.9924048738014962,-0.05172083144360139,-0.5765985243599682,0.8113308283555836,-0.1998648912100272,0.4845231518291912,-0.1668193316983662,-0.045372554714393824,-0.5726538224239413,0.8095278697551151,-0.17857540547465942,0.48636897572770793,-0.1480824385466271,-0.045372554714393824,-0.5726538224239413,0.8095278697551151,-0.17857540547465942,0.48636897572770793,-0.1480824385466271,-0.08549614109540939,-0.05843235569991156,0.027044342423592067,-0.29383352436856397,-0.03164873704419355,-0.25641813163730887,-0.06491908080873271,0.02599338624408856,-0.016097387354119513,-0.1287748267086275,0.06599780260300404,-0.14064713162991252,0.5,0.0,0.0,0.5,True,False,True,False,1,True,True,0.0032312999828718603,4,3.8838877780529835e-09,5.009255233452917e-10,`gtol` termination condition is satisfied.,True,True,0.0,0.010000000000000009,True,0.02128948573536779,0.021211787205199673,False,False,False,False,False,False,1.0,False,False,False,0.0006595386873603309,0.004057249549260248,0.0006595415552783472,0.004057249951919708
1.9400000000000015,1786138860.959598,0.005889199994271621,0.006223700009286404,0.01,TELEOP,0,,0.0,1.9400000000000015,194,-0.008470205040209395,0.02784378082440944,0.0,0.023080161185971965,0.025439928823836607,0.047959171336969704,0.9982585006228292,-0.006949419705445102,0.02523060563092797,0.0,0.021008848697014613,0.022971280569387947,0.04351185215787779,0.9985678080467142,-0.01808482591163354,-0.21765023060780334,0.27827379417852294,-0.12006116075260047,0.014232193950164698,0.02007781433228614,0.9924614066580834,-0.018022205774159427,-0.21775621886911672,0.27830219364754905,-0.12016512016737163,0.014080579069517202,0.01987297308465944,0.99245511038485,-0.018022202081434468,-0.2177562201336016,0.278302193589358,-0.12016512021409216,0.014080579072880689,0.01987297283737235,0.9924551103840971,-0.017692161788472438,-0.21830920398757267,0.2784441976441738,-0.12088309067473517,0.01297691277166168,0.018340869959690413,0.9924124599242808,-0.017692161788472438,-0.21830920398757267,0.2784441976441738,-0.12088309067473517,0.01297691277166168,0.018340869959690413,0.9924124599242808,-0.05262544664638752,-0.5771586623116798,0.811587131729472,-0.20289200882743363,0.4842651199476942,-0.16948360439947638,-0.04623397238541606,-0.5732354936595614,0.809796683719671,-0.18152639574027143,0.48605917653200853,-0.1506604904149043,-0.04623397238541606,-0.5732354936595614,0.809796683719671,-0.18152639574027143,0.48605917653200853,-0.1506604904149043,-0.08614176710222336,-0.05816712356201407,0.026881396455575725,-0.2950990265612032,-0.030979919569940773,-0.25780518682772224,-0.06456260068139745,0.026523213789748836,-0.016294596801634052,-0.12655021926392188,0.06688174742527746,-0.13870551904134054,0.5,0.0,0.0,0.5,True,False,True,False,1,True,True,0.003153900004690513,4,3.903655444607669e-09,5.033710024485029e-10,`gtol` termination condition is satisfied.,True,True,0.0,0.010000000000000009,True,0.0213656130871622,0.02128948573536779,False,False,False,False,False,False,1.0,False,False,False,0.0006594565105564459,0.004041148631454478,0.0006594594064681202,0.004041149036026052
1.9500000000000015,1786138860.9659574,0.00654420000500977,0.0060381999937817454,0.01,TELEOP,0,,0.0,1.9500000000000015,195,-0.008645971286271937,0.02810416889260657,0.0,0.023284156803676972,0.02568823116005862,0.048401217524814064,0.998226069066484,-0.007108796836025119,0.025500572028028093,0.0,0.02122274753495866,0.02322669436372241,0.04397149266871045,0.998537241913634,-0.018132639050807545,-0.21757200035324656,0.27825283244499077,-0.11995401005272908,0.014388971997693853,0.02028923015607981,0.9924678030529721,-0.018069329921098047,-0.21767760904539174,0.27828113020876477,-0.12005710534094277,0.014238376219756306,0.02008596172383092,0.9924616437129484,-0.018069326208899672,-0.21767761031304578,0.2782811301453675,-0.12005710538798015,0.014238376223149656,0.020085961475378025,0.992461643712238,-0.01773567658765542,-0.21822847771421905,0.27842251884459157,-0.12077089137063264,0.0131382369310907,0.01856008433133316,0.9924199221083277,-0.01773567658765542,-0.21822847771421905,0.27842251884459157,-0.12077089137063264,0.0131382369310907,0.01856008433133316,0.9924199221083277,-0.05353623486947104,-0.5777158327558323,0.8118417099599671,-0.20593000926977045,0.484014347860875,-0.17216013224232402,-0.04710181069887387,-0.5738144612891083,0.8100638494736618,-0.18448981868408038,0.4857561517877851,-0.15325221770320033,-0.04710181069887387,-0.5738144612891083,0.8100638494736618,-0.18448981868408038,0.4857561517877851,-0.15325221770320033,-0.08678383134578135,-0.05789676295468556,0.02671657539909145,-0.296342294380895,-0.030302474422344326,-0.25917272882960024,-0.06420642435579857,0.027036060732850854,-0.016482105648427548,-0.12432678196918207,0.06774451475964464,-0.1367542001878004,0.5,0.0,0.0,0.5,True,False,True,False,1,True,True,0.003414100006921217,4,3.923185281157995e-09,5.057800933249032e-10,`gtol` termination condition is satisfied.,True,True,0.0,0.010000000000000009,True,0.021440190585690078,0.0213656130871622,False,False,False,False,False,False,1.0,False,False,False,0.000659369189225662,0.004024842858389048,0.0006593721131151302,0.00402484326484466
1.9600000000000015,1786138860.9721549,0.0062655000074300915,0.0059701999998651445,0.01,TELEOP,0,,0.0,1.9600000000000015,196,-0.008823370118578656,0.028363447456337867,0.0,0.023487058871740848,0.025935659620534544,0.04884125329260976,0.9981934840512686,-0.007269867110038713,0.025769534191295688,0.0,0.0214356123509344,0.023481357143270102,0.044429289630162426,0.9985064739964433,-0.018180960133011622,-0.21749406110330813,0.2782319486859111,-0.11984736337679197,0.014545260383558842,0.020499785051141563,0.9924740821325576,-0.018116964561339648,-0.21759928580262114,0.2782601435591158,-0.11994959078923646,0.014395693587026975,0.02029809911820032,0.9924680583514167,-0.018116960829942134,-0.21759928707346238,0.2782601434904936,-0.11994959083659151,0.01439569359045016,0.020298098868600727,0.9924680583507485,-0.017779715309073366,-0.21814801205069873,0.2784009091961086,-0.12065915899835847,0.013299140688532855,0.018778515853287537,0.9924272605834159,-0.017779715309073366,-0.21814801205069873,0.2784009091961086,-0.12065915899835847,0.013299140688532855,0.018778515853287537,0.9924272605834159,-0.054453164360550615,-0.5782700044056462,0.8120945552981919,-0.20897868839773967,0.4837708979209228,-0.1748487258019767,-0.04797603412411316,-0.5743906758261577,0.8103293492869121,-0.18746545234918913,0.48545998554491987,-0.1558574245195027,-0.04797603412411316,-0.5743906758261577,0.8103293492869121,-0.18746545234918913,0.48545998554491987,-0.1558574245195027,-0.0874223425239286,-0.057621453704940415,0.026549981325033178,-0.2975633665108758,-0.02961662428652358,-0.2605206816302383,-0.06385111781472465,0.027530924974514433,-0.01665940740582729,-0.12210721299807728,0.06858501358207457,-0.13479528006380345,0.5,0.0,0.0,0.5,True,False,True,False,1,True,True,0.00320909998845309,4,3.9424705283992595e-09,5.081520399965862e-10,`gtol` termination condition is satisfied.,True,True,0.0,0.010000000000000009,True,0.021513236048550544,0.021440190585690078,False,False,False,False,False,False,1.0,False,False,False,0.0006592788680568833,0.00400834808151342,0.0006592818198930206,0.004008348489824057
1.9700000000000015,1786138860.9783866,0.006215500005055219,0.0059868999815080315,0.01,TELEOP,0,,0.0,1.9700000000000015,197,-0.00900239453372741,0.028621606279729584,0.0,0.023688862101758634,0.02618220186623999,0.04927926268791805,0.9981607507744905,-0.007432624183408714,0.02603748126798979,0.0,0.021647437042058213,0.02373525618618571,0.04488522583428671,0.9984755092565323,-0.018229787255022622,-0.2174164160028709,0.2782111437439527,-0.11974122392217296,0.014701051669537094,0.020709471300798678,0.992480244726247,-0.018165107814622196,-0.21752125232549246,0.2782392345519366,-0.11984257987272862,0.014552523526113166,0.020509377248998203,0.9924743551111681,-0.01816510406430599,-0.21752125359953706,0.27823923447807236,-0.1198425799204018,0.014552523529566068,0.020509376998271354,0.992474355110542,-0.017824276159891156,-0.2180678122717174,0.2783793704081933,-0.12054790168552376,0.013459611978692573,0.01899615251462878,0.9924344756376823,-0.017824276159891156,-0.2180678122717174,0.2783793704081933,-0.12054790168552376,0.013459611978692573,0.01899615251462878,0.9924344756376823,-0.05537620282786229,-0.5788211461804914,0.8123456601540849,-0.21203783895701517,0.4835348315209107,-0.17754919239908318,-0.04885660725719361,-0.5749640896453624,0.8105931664808057,-0.19045307534690656,0.48517075955078764,-0.15847591435688574,-0.04885660725719361,-0.5749640896453624,0.8105931664808057,-0.19045307534690656,0.48517075955078764,-0.15847591435688574,-0.08805731330804555,-0.05734138192046934,0.02638171938936153,-0.2987622997717445,-0.028922599413222456,-0.26184898373830295,-0.0634970784116947,0.02800717844710695,-0.01682619356716485,-0.11989332608687148,0.06940248733011226,-0.13283021080646926,0.5,0.0,0.0,0.5,True,False,True,False,1,True,True,0.0035300999879837036,4,3.961504411373842e-09,5.104860378719857e-10,`gtol` termination condition is satisfied.,True,True,0.0,0.010000000000000009,True,0.02158476361010861,0.021513236048550544,False,False,False,False,False,False,1.0,False,False,False,0.0006591874706593058,0.003991678585713472,0.0006591904503957145,0.003991678995849177
1.9800000000000015,1786138860.984507,0.0062003000057302415,0.005906999984290451,0.01,TELEOP,0,,0.0,1.9800000000000015,198,-0.009183037464140831,0.028878635171113422,0.0,0.02388956126705561,0.026427845586844627,0.04971522985185777,0.9981278744534102,-0.007597061644049463,0.026304402467549934,0.0,0.02185821558809487,0.02398837880961066,0.0453392842005319,0.9984443526814974,-0.018279118493214848,-0.21733906817879914,0.27819041845695636,-0.11963559484696877,0.014856338443808924,0.02091828124733506,0.9924862916752616,-0.018213757780498125,-0.21744351177847376,0.2782184040351438,-0.11973607590998635,0.014708858419886306,0.020719788160431362,0.9924805348157961,-0.018213754011549878,-0.21744351305573661,0.27821840395602293,-0.11973607595797833,0.014708858423368885,0.020719787908597156,0.992480534815212,-0.017869357320832703,-0.2179878834119504,0.2783579041043175,-0.12043712708287874,0.013619639228596723,0.019212982864109173,0.9924415676183505,-0.017869357320832703,-0.2179878834119504,0.2783579041043175,-0.12043712708287874,0.013619639228596723,0.019212982864109173,0.9924415676183505,-0.05630531743606233,-0.5793692272018446,0.8125950170924153,-0.21510725058779534,0.4833062090757759,-0.1802613361122782,-0.04974349484518383,-0.5755346570114865,0.8108552854412691,-0.1934524669580482,0.4848885532047499,-0.1611074901795239,-0.04974349484518383,-0.5755346570114865,0.8108552854412691,-0.1934524669580482,0.4848885532047499,-0.1611074901795239,-0.08868875879902223,-0.05705673661241411,0.026211896046331375,-0.2999391611141652,-0.028220634603775458,-0.2631575822638158,-0.06314454909766859,0.0284645308055235,-0.016982334303015455,-0.11768613424206556,0.07019648094469992,-0.13085985255128635,0.5,0.0,0.0,0.5,True,False,True,False,1,True,True,0.0031866999925114214,4,3.980280316028792e-09,5.127813036349846e-10,`gtol` termination condition is satisfied.,True,True,0.0,0.010000000000000009,True,0.021654783629747126,0.02158476361010861,False,False,False,False,False,False,1.0,False,False,False,0.0006590966975152288,0.003974847075609758,0.0006590997050911568,0.003974847487539701
1.9900000000000015,1786138860.990287,0.006119600002421066,0.005567300016991794,0.01,TELEOP,0,,0.0,1.9900000000000015,199,-0.00936529177834533,0.02913452398342884,0.0,0.024089151202438864,0.026672578501594196,0.050149139019479705,0.998094860324422,-0.007763173012252796,0.026570287059943437,0.0,0.022067942049462726,0.024240712368784903,0.04579144777258753,0.9984130092844573,-0.018328951903675846,-0.21726202074041756,0.27816977365806317,-0.11953047927095092,0.015011113320312144,0.02112620729049086,0.9924922238323386,-0.018262912538426636,-0.2173660673065185,0.27819765285142517,-0.11963008217886872,0.014864690678350934,0.02092932395773121,0.9924865983012499,-0.018262908751139076,-0.21736606858701238,0.27819765276703406,-0.11963008222717961,0.014864690681863128,0.02092932370480986,0.9924865983007076,-0.017914956948056587,-0.21790823026655498,0.2783365118202525,-0.12032684235534906,0.013779211358879868,0.019428995993552474,0.9924485369316642,-0.017914956948056587,-0.21790823026655498,0.2783365118202525,-0.12032684235534906,0.013779211358879868,0.019428995993552474,0.9924485369316642,-0.057240474802484086,-0.5799142167899147,0.8128426188291235,-0.21818670983810146,0.48308509000283956,-0.1829849577939891,-0.050636661796508095,-0.5761023340783831,0.8111156916158597,-0.196463407162798,0.48461344353943697,-0.16375195445580829,-0.050636661796508095,-0.5761023340783831,0.8111156916158597,-0.196463407162798,0.48461344353943697,-0.16375195445580829,-0.0893166951324261,-0.05676770668965639,0.026040617459062446,-0.30109402047497774,-0.02751096653128841,-0.26444642762844073,-0.06279363334038678,0.028902992275771974,-0.01712785872689292,-0.11548593608125407,0.07096680724870465,-0.12888453646249173,0.5,0.0,0.0,0.5,True,False,True,False,1,True,True,0.0031718999962322414,4,3.9987915038147565e-09,5.150370214961006e-10,`gtol` termination condition is satisfied.,True,True,0.0,0.010000000000000009,True,0.021723302675303452,0.021654783629747126,False,False,False,False,False,False,1.0,False,False,False,0.0006590080277914118,0.003957864688867172,0.000659011063131016,0.003957865102559453
2.0,1786138860.9972992,0.005775400000857189,0.006804100004956126,0.009999999999998455,TELEOP,0,,0.0,2.0,200,-0.009549150281252628,0.029389262614623657,0.0,0.024287626803942603,0.02691638836019104,0.05058097452013397,0.9980617136422324,-0.007930951741064203,0.02683512437420568,0.0,0.022276610565402893,0.024492244256325374,0.04624169971556134,0.998381484103357,-0.01837928552231927,-0.2171852767799343,0.27814921017582767,-0.11942588027644614,0.015165368938201494,0.021333241886116468,0.9924980420614404,-0.018312570147864412,-0.217288922035693,0.27817698183840756,-0.11952460191762095,0.015020012737827689,0.021137976805403566,0.9924925464155204,-0.018312566342536436,-0.21728892331942906,0.2781769817487346,-0.1195246019662509,0.01502001274136943,0.02113797655141568,0.9924925464150198,-0.017961073174885572,-0.21782885739507088,0.27831519500382845,-0.12021705418090485,0.01393831777766062,0.019644181515308654,0.9924553840421181,-0.017961073174885572,-0.21782885739507088,0.27831519500382845,-0.12021705418090485,0.01393831777766062,0.019644181515308654,0.9924553840421181,-0.05818164099374562,-0.5804560844608438,0.8130884582279037,-0.2212760001806989,0.4828715327019165,-0.18571985508955668,-0.05153607317887352,-0.5766670788616435,0.8113743714969397,-0.1994856766078583,0.484345505225452,-0.16640910914495904,-0.05153607317887352,-0.5766670788616435,0.8113743714969397,-0.1994856766078583,0.484345505225452,-0.16640910914495904,-0.08994113823655638,-0.056474478326044346,0.02586798810799831,-0.3022269445060755,-0.026793831398503182,-0.2657154689151173,-0.06244431041303698,0.02932283636120879,-0.01726293510641648,-0.11329240310979302,0.07171351327853402,-0.1269041286676785,0.5,0.0,0.0,0.5,True,False,True,False,1,True,True,0.003555600007530302,4,4.01703130676193e-09,5.172524201307606e-10,`gtol` termination condition is satisfied.,True,True,0.0,0.009999999999998455,True,0.02179032357284061,0.021723302675303452,False,False,False,False,False,False,1.0,False,False,False,0.0006589227244738607,0.003940741032856429,0.0006589257874870825,0.003940741448278365
