# https://github.com/mikedh/trimesh
v -32.00000000 -97.09429169 118.38404083
v -32.50000000 -96.53654480 119.17973328
v -32.00000000 -97.01731110 120.00000000
v -32.50000000 -96.53654480 120.82025909
v -32.00000000 -97.09429169 121.61595154
v -32.50000000 -96.69017029 122.45358276
v -32.00000000 -97.32452393 123.21726990
v -32.50000000 -96.99606323 124.06533813
v -32.00000000 -97.70593262 124.78945160
v -32.50000000 -97.45153809 125.64137268
v -32.00000000 -98.23506165 126.31826019
v -32.50000000 -98.05259705 127.16782379
v -32.00000000 -98.90711212 127.78984833
v -32.50000000 -98.79395294 128.63128662
v -32.00000000 -99.71600342 129.19088745
v -32.50000000 -99.66909027 130.01890564
v -32.00000000 -100.65441132 130.50869751
v -32.50000000 -100.67032623 131.31846619
v -32.00000000 -101.71383667 131.73133850
v -32.50000000 -101.78884888 132.51856995
v -32.00000000 -102.88468170 132.84773254
v -32.50000000 -103.01483917 133.60865784
v -32.00000000 -104.15634918 133.84779358
v -32.50000000 -104.33751678 134.57914734
v -32.00000000 -105.51731110 134.72242737
v -32.50000000 -105.74526215 135.42150879
v -32.00000000 -106.95526123 135.46374512
v -32.50000000 -107.22570801 136.12835693
v -32.00000000 -108.45716095 136.06501770
v -32.50000000 -108.76583099 136.69346619
v -32.00000000 -110.00941467 136.52079773
v -32.50000000 -110.35211182 137.11187744
v -32.00000000 -111.59796143 136.82696533
v -32.50000000 -111.97059631 137.37989807
v -32.00000000 -113.20841980 136.98074341
v -32.50000000 -113.60707092 137.49519348
v -32.00000000 -114.82620239 136.98074341
v -32.50000000 -115.24714661 137.45672607
v -32.00000000 -116.43666840 136.82696533
v -32.50000000 -116.87641907 137.26486206
v -32.00000000 -118.02521515 136.52079773
v -32.50000000 -118.48056030 136.92126465
v -32.00000000 -119.57746887 136.06501770
v -32.50000000 -120.04548645 136.42897034
v -32.00000000 -121.07936859 135.46374512
v -32.50000000 -121.55742645 135.79229736
v -32.00000000 -122.51731110 134.72242737
v -32.50000000 -123.00311279 135.01683044
v -32.00000000 -123.87828064 133.84779358
v -32.50000000 -124.36982727 134.10940552
v -32.00000000 -125.14994812 132.84773254
v -32.50000000 -125.64556122 133.07798767
v -32.00000000 -126.32079315 131.73133850
v -32.50000000 -126.81911469 131.93164062
v -32.00000000 -127.38021851 130.50869751
v -32.50000000 -127.88015747 130.68041992
v -32.00000000 -128.31861877 129.19088745
v -32.50000000 -128.81938171 129.33535767
v -32.00000000 -129.12751770 127.78984833
v -32.50000000 -129.62850952 127.90824890
v -32.00000000 -129.79956055 126.31826019
v -32.50000000 -130.30046082 126.41164398
v -32.00000000 -130.32868958 124.78945160
v -32.50000000 -130.82929993 124.85869598
v -32.00000000 -130.71009827 123.21726990
v -32.50000000 -131.21040344 123.26304626
v -32.00000000 -130.94033813 121.61595154
v -32.50000000 -131.44041443 121.63872528
v -32.00000000 -131.01731873 120.00000000
v -32.50000000 -131.51731873 120.00000000
v -32.50000000 -131.44041443 118.36126709
v -32.50000000 -96.69017029 117.54640961
v -32.00000000 -97.32452393 116.78272247
v -32.50000000 -96.99606323 115.93465424
v -32.00000000 -97.70593262 115.21054077
v -32.50000000 -97.45153809 114.35861969
v -32.00000000 -98.23506165 113.68173218
v -32.50000000 -98.05259705 112.83216858
v -32.00000000 -98.90711212 112.21014404
v -32.50000000 -98.79395294 111.36869812
v -32.00000000 -99.71600342 110.80910492
v -32.50000000 -99.66909027 109.98108673
v -32.00000000 -100.65441132 109.49129486
v -32.50000000 -100.67032623 108.68152618
v -32.00000000 -101.71383667 108.26865387
v -32.50000000 -101.78884888 107.48142242
v -32.00000000 -102.88468170 107.15225220
v -32.50000000 -103.01483917 106.39134216
v -32.00000000 -104.15634918 106.15220642
v -32.50000000 -104.33751678 105.42084503
v -32.00000000 -105.51731110 105.27756500
v -32.50000000 -105.74526215 104.57847595
v -32.00000000 -106.95526123 104.53625488
v -32.50000000 -107.22570801 103.87163544
v -32.00000000 -108.45716095 103.93498230
v -32.50000000 -108.76583099 103.30652618
v -32.00000000 -110.00941467 103.47920227
v -32.50000000 -110.35211182 102.88812256
v -32.00000000 -111.59796143 103.17303467
v -32.50000000 -111.97059631 102.62009430
v -32.00000000 -113.20841980 103.01924896
v -32.50000000 -113.60707092 102.50480652
v -32.00000000 -114.82620239 103.01924896
v -32.50000000 -115.24714661 102.54326630
v -32.00000000 -116.43666840 103.17303467
v -32.50000000 -116.87641907 102.73513031
v -32.00000000 -118.02521515 103.47920227
v -32.50000000 -118.48056030 103.07872772
v -32.00000000 -119.57746887 103.93498230
v -32.50000000 -120.04548645 103.57102203
v -32.00000000 -121.07936859 104.53625488
v -32.50000000 -121.55742645 104.20769501
v -32.00000000 -122.51731110 105.27756500
v -32.50000000 -123.00311279 104.98315430
v -32.00000000 -123.87828064 106.15220642
v -32.50000000 -124.36982727 105.89058685
v -32.00000000 -125.14994812 107.15225220
v -32.50000000 -125.64556122 106.92200470
v -32.00000000 -126.32079315 108.26865387
v -32.50000000 -126.81911469 108.06835938
v -32.00000000 -127.38021851 109.49129486
v -32.50000000 -127.88015747 109.31956482
v -32.00000000 -128.31861877 110.80910492
v -32.50000000 -128.81938171 110.66463470
v -32.00000000 -129.12751770 112.21014404
v -32.50000000 -129.62850952 112.09174347
v -32.00000000 -129.79956055 113.68173218
v -32.50000000 -130.30046082 113.58834839
v -32.00000000 -130.32868958 115.21054077
v -32.50000000 -130.82929993 115.14129639
v -32.00000000 -130.71009827 116.78272247
v -32.50000000 -131.21040344 116.73694611
v -32.00000000 -130.94033813 118.38404083
v -30.00000000 -108.61698151 119.09883881
v -30.50000000 -108.11968994 119.04154205
v -30.00000000 -108.54231262 120.00000000
v -30.50000000 -108.04231262 120.00000000
v -30.50000000 -108.11968994 120.95845032
v -30.50000000 -108.34980774 118.10790253
v -30.00000000 -108.83896637 118.22226715
v -30.50000000 -108.72671509 117.22327423
v -30.00000000 -109.20219421 117.39418793
v -30.50000000 -109.24064636 116.41056061
v -30.00000000 -109.69676971 116.63718414
v -30.50000000 -109.87828827 115.69081116
v -30.00000000 -110.30919647 115.97190857
v -30.50000000 -110.62312317 115.08266449
v -30.00000000 -111.02277374 115.41651154
v -30.50000000 -111.45587158 114.60188293
v -30.00000000 -111.81803131 114.98613739
v -30.50000000 -112.35496521 114.26090240
v -30.00000000 -112.67327881 114.69252777
v -30.50000000 -113.29710388 114.06855774
v -30.00000000 -113.56519318 114.54369354
v -30.50000000 -114.25790405 114.02983856
v -30.00000000 -114.46943665 114.54369354
v -30.50000000 -115.21246338 114.14574432
v -30.00000000 -115.36134338 114.69252777
v -30.50000000 -116.13607788 114.41327667
v -30.00000000 -116.21659851 114.98613739
v -30.50000000 -117.00481415 114.82549286
v -30.00000000 -117.01185608 115.41651154
v -30.50000000 -117.79617310 115.37173462
v -30.00000000 -117.72543335 115.97190857
v -30.50000000 -118.48966217 116.03784180
v -30.00000000 -118.33786011 116.63718414
v -30.50000000 -119.06732178 116.80656433
v -30.00000000 -118.83243561 117.39418793
v -30.50000000 -119.51419067 117.65799713
v -30.00000000 -119.19566345 118.22226715
v -30.50000000 -119.81868744 118.57008362
v -30.00000000 -119.41764069 119.09883881
v -30.50000000 -119.97293854 119.51921082
v -30.00000000 -119.49230957 120.00000000
v -30.50000000 -119.97293854 120.48078156
v -30.00000000 -119.41764069 120.90115356
v -30.50000000 -119.81868744 121.42990875
v -30.00000000 -119.19566345 121.77772522
v -30.50000000 -119.51419067 122.34199524
v -30.00000000 -118.83243561 122.60580444
v -30.50000000 -119.06732178 123.19342804
v -30.00000000 -118.33786011 123.36280823
v -30.50000000 -118.48966217 123.96215057
v -30.00000000 -117.72543335 124.02808380
v -30.50000000 -117.79617310 124.62825775
v -30.00000000 -117.01185608 124.58348083
v -30.50000000 -117.00481415 125.17449951
v -30.00000000 -116.21659851 125.01385498
v -30.50000000 -116.13607788 125.58671570
v -30.00000000 -115.36134338 125.30746460
v -30.50000000 -115.21246338 125.85424805
v -30.00000000 -114.46943665 125.45629883
v -30.50000000 -114.25790405 125.97015381
v -30.00000000 -113.56519318 125.45629883
v -30.50000000 -113.29710388 125.93143463
v -30.00000000 -112.67327881 125.30746460
v -30.50000000 -112.35496521 125.73908997
v -30.00000000 -111.81803131 125.01385498
v -30.50000000 -111.45587158 125.39810944
v -30.00000000 -111.02277374 124.58348083
v -30.50000000 -110.62312317 124.91732788
v -30.00000000 -110.30919647 124.02808380
v -30.50000000 -109.87828827 124.30918121
v -30.00000000 -109.69676971 123.36280823
v -30.50000000 -109.24064636 123.58943176
v -30.00000000 -109.20219421 122.60580444
v -30.50000000 -108.72671509 122.77671814
v -30.00000000 -108.83896637 121.77772522
v -30.50000000 -108.34980774 121.89208984
v -30.00000000 -108.61698151 120.90115356
v -16.63872528 -61.59420776 82.50000000
v -16.66082954 -61.09409714 83.00000000
v -15.00000000 -61.51731491 82.50000000
v -15.00000000 -61.01731491 83.00000000
v -13.33916950 -61.09409714 83.00000000
v -18.30749130 -61.32379913 83.00000000
v -18.26305008 -61.82421875 82.50000000
v -19.92593384 -61.70445251 83.00000000
v -19.85869980 -62.20532227 82.50000000
v -21.50234985 -62.23281479 83.00000000
v -21.41165161 -62.73416901 82.50000000
v -23.02329063 -62.90437317 83.00000000
v -22.90825462 -63.40611649 82.50000000
v -24.47577858 -63.71340561 83.00000000
v -24.33536148 -64.21525574 82.50000000
v -25.84742355 -64.65299988 83.00000000
v -25.68042946 -65.15447235 82.50000000
v -27.12652206 -65.71514893 83.00000000
v -26.93163681 -66.21551514 82.50000000
v -28.30216026 -66.89079285 83.00000000
v -28.07798767 -67.38906097 82.50000000
v -29.36430931 -68.16989136 83.00000000
v -29.10941124 -68.66480255 82.50000000
v -30.30390930 -69.54153442 83.00000000
v -30.01683807 -70.03151703 82.50000000
v -31.11293983 -70.99402618 83.00000000
v -30.79229736 -71.47719574 82.50000000
v -31.78450012 -72.51496124 83.00000000
v -31.42897415 -72.98914337 82.50000000
v -32.31286240 -74.09137726 83.00000000
v -31.92127037 -74.55406189 82.50000000
v -32.69351578 -75.70982361 83.00000000
v -32.26486206 -76.15821075 82.50000000
v -32.92321396 -77.35648346 83.00000000
v -32.45673370 -77.78748322 82.50000000
v -33.00000000 -79.01731110 83.00000000
v -32.49518967 -79.42755890 82.50000000
v -32.92321396 -80.67814636 83.00000000
v -32.37990189 -81.06403351 82.50000000
v -32.69351578 -82.32480621 83.00000000
v -32.11187363 -82.68251801 82.50000000
v -32.31286240 -83.94324493 83.00000000
v -31.69347000 -84.26879120 82.50000000
v -31.78450012 -85.51966095 83.00000000
v -31.12836266 -85.80892181 82.50000000
v -31.11293983 -87.04060364 83.00000000
v -30.42151833 -87.28936005 82.50000000
v -30.30390930 -88.49309540 83.00000000
v -29.57914925 -88.69710541 82.50000000
v -29.36430931 -89.86473846 83.00000000
v -28.60865593 -90.01979065 82.50000000
v -28.30216026 -91.14383698 83.00000000
v -27.51857185 -91.24578094 82.50000000
v -27.12652206 -92.31947327 83.00000000
v -26.31847382 -92.36430359 82.50000000
v -25.84742355 -93.38162231 83.00000000
v -25.01890755 -93.36553192 82.50000000
v -24.47577858 -94.32122040 83.00000000
v -23.63129616 -94.24067688 82.50000000
v -23.02329063 -95.13024902 83.00000000
v -22.16783142 -94.98203278 82.50000000
v -21.50234985 -95.80181122 83.00000000
v -20.64137650 -95.58308411 82.50000000
v -19.92593384 -96.33017731 83.00000000
v -19.06534386 -96.03856659 82.50000000
v -18.30749130 -96.71083069 83.00000000
v -17.45358467 -96.34445953 82.50000000
v -16.66082954 -96.94052887 83.00000000
v -15.82026482 -96.49807739 82.50000000
v -15.00000000 -97.01731110 83.00000000
v -14.17973518 -96.49807739 82.50000000
v -13.33916950 -96.94052887 83.00000000
v -12.54641438 -96.34445953 82.50000000
v -11.69250870 -96.71083069 83.00000000
v -10.93465614 -96.03856659 82.50000000
v -10.07406616 -96.33017731 83.00000000
v -9.35862446 -95.58308411 82.50000000
v -8.49765015 -95.80181122 83.00000000
v -7.83216858 -94.98203278 82.50000000
v -6.97670937 -95.13024902 83.00000000
v -6.36870432 -94.24067688 82.50000000
v -5.52422094 -94.32122040 83.00000000
v -4.98109198 -93.36553192 82.50000000
v -4.15257645 -93.38162231 83.00000000
v -3.68152642 -92.36430359 82.50000000
v -2.87347841 -92.31947327 83.00000000
v -2.48142815 -91.24578094 82.50000000
v -1.69783950 -91.14383698 83.00000000
v -1.39134324 -90.01979065 82.50000000
v -0.63568991 -89.86473846 83.00000000
v -0.42085171 -88.69710541 82.50000000
v 0.30390844 -88.49309540 83.00000000
v 0.42151770 -87.28936005 82.50000000
v 1.11293924 -87.04060364 83.00000000
v 1.12836230 -85.80892181 82.50000000
v 1.78450012 -85.51966095 83.00000000
v 1.69347012 -84.26879120 82.50000000
v 2.31286168 -83.94324493 83.00000000
v 2.11187530 -82.68251801 82.50000000
v 2.69351578 -82.32480621 83.00000000
v 2.37990069 -81.06403351 82.50000000
v 2.92321515 -80.67814636 83.00000000
v 2.49519062 -79.42755890 82.50000000
v 3.00000000 -79.01731110 83.00000000
v 2.45673251 -77.78748322 82.50000000
v 2.92321515 -77.35648346 83.00000000
v 2.26486397 -76.15821075 82.50000000
v 2.69351578 -75.70982361 83.00000000
v 1.92127109 -74.55406189 82.50000000
v 2.31286168 -74.09137726 83.00000000
v 1.42897344 -72.98914337 82.50000000
v 1.78450012 -72.51496124 83.00000000
v 0.79229742 -71.47719574 82.50000000
v 1.11293924 -70.99402618 83.00000000
v 0.01683813 -70.03151703 82.50000000
v 0.30390844 -69.54153442 83.00000000
v -0.89058965 -68.66480255 82.50000000
v -0.63568991 -68.16989136 83.00000000
v -1.92201149 -67.38906097 82.50000000
v -1.69783950 -66.89079285 83.00000000
v -3.06836319 -66.21551514 82.50000000
v -2.87347841 -65.71514893 83.00000000
v -4.31957054 -65.15447235 82.50000000
v -4.15257645 -64.65299988 83.00000000
v -5.66463757 -64.21525574 82.50000000
v -5.52422094 -63.71340561 83.00000000
v -7.09174442 -63.40611649 82.50000000
v -6.97670937 -62.90437317 83.00000000
v -8.58834934 -62.73416901 82.50000000
v -8.49765015 -62.23281479 83.00000000
v -10.14130020 -62.20532227 82.50000000
v -10.07406616 -61.70445251 83.00000000
v -11.73694897 -61.82421875 82.50000000
v -11.69250870 -61.32379913 83.00000000
v -13.36127377 -61.59420776 82.50000000
v -15.90115547 -73.61698151 80.50000000
v -15.24058914 -73.04715729 81.00000000
v -15.00000000 -73.54231262 80.50000000
v -14.27979374 -73.08587646 81.00000000
v -14.09884453 -73.61698151 80.50000000
v -13.33765030 -73.27822113 81.00000000
v -13.22227001 -73.83896637 80.50000000
v -12.43856239 -73.61919403 81.00000000
v -12.39418793 -74.20219421 80.50000000
v -11.60581303 -74.09998322 81.00000000
v -11.63718510 -74.69676971 80.50000000
v -10.86097240 -74.70812988 81.00000000
v -10.97191143 -75.30919647 80.50000000
v -10.22332954 -75.42787933 81.00000000
v -10.41651344 -76.02277374 80.50000000
v -9.70940018 -76.24059296 81.00000000
v -9.98614120 -76.81803131 80.50000000
v -9.33249474 -77.12522125 81.00000000
v -9.69253349 -77.67327881 80.50000000
v -9.10237503 -78.05885315 81.00000000
v -9.54370022 -78.56519318 80.50000000
v -9.02499962 -79.01731110 81.00000000
v -9.54370022 -79.46943665 80.50000000
v -9.10237503 -79.97576904 81.00000000
v -9.69253349 -80.36134338 80.50000000
v -9.33249474 -80.90940094 81.00000000
v -9.98614120 -81.21659851 80.50000000
v -9.70940018 -81.79403687 81.00000000
v -10.41651344 -82.01185608 80.50000000
v -10.22332954 -82.60675049 81.00000000
v -10.97191143 -82.72543335 80.50000000
v -10.86097240 -83.32649994 81.00000000
v -11.63718510 -83.33786011 80.50000000
v -11.60581303 -83.93463898 81.00000000
v -12.39418793 -83.83243561 80.50000000
v -12.43856239 -84.41542816 81.00000000
v -13.22227001 -84.19566345 80.50000000
v -13.33765030 -84.75640869 81.00000000
v -14.09884453 -84.41764069 80.50000000
v -14.27979374 -84.94874573 81.00000000
v -15.00000000 -84.49230957 80.50000000
v -15.24058914 -84.98746490 81.00000000
v -15.90115547 -84.41764069 80.50000000
v -16.19515419 -84.87155914 81.00000000
v -16.77772903 -84.19566345 80.50000000
v -17.11876488 -84.60403442 81.00000000
v -17.60581207 -83.83243561 80.50000000
v -17.98749924 -84.19181824 81.00000000
v -18.36281395 -83.33786011 80.50000000
v -18.77886200 -83.64557648 81.00000000
v -19.02808762 -82.72543335 80.50000000
v -19.47235107 -82.97946930 81.00000000
v -19.58348656 -82.01185608 80.50000000
v -20.05001068 -82.21074677 81.00000000
v -20.01385880 -81.21659851 80.50000000
v -20.49687767 -81.35931396 81.00000000
v -20.30746651 -80.36134338 80.50000000
v -20.80137825 -80.44722748 81.00000000
v -20.45630074 -79.46943665 80.50000000
v -20.95562553 -79.49810028 81.00000000
v -20.95562553 -78.53652191 81.00000000
v -16.19515419 -73.16306305 81.00000000
v -16.77772903 -73.83896637 80.50000000
v -17.11876488 -73.43058777 81.00000000
v -17.60581207 -74.20219421 80.50000000
v -17.98749924 -73.84281158 81.00000000
v -18.36281395 -74.69676971 80.50000000
v -18.77886200 -74.38904572 81.00000000
v -19.02808762 -75.30919647 80.50000000
v -19.47235107 -75.05515289 81.00000000
v -19.58348656 -76.02277374 80.50000000
v -20.05001068 -75.82388306 81.00000000
v -20.01385880 -76.81803131 80.50000000
v -20.49687767 -76.67531586 81.00000000
v -20.30746651 -77.67327881 80.50000000
v -20.80137825 -77.58740234 81.00000000
v -20.45630074 -78.56519318 80.50000000
v -9.10237503 -78.05885315 82.50000000
v -9.02499962 -79.01731110 82.50000000
v -9.10237503 -79.97576904 82.50000000
v -9.33249474 -80.90940094 82.50000000
v -9.70940018 -81.79403687 82.50000000
v -10.22332954 -82.60675049 82.50000000
v -10.86097240 -83.32649994 82.50000000
v -11.60581303 -83.93463898 82.50000000
v -12.43856239 -84.41542816 82.50000000
v -13.33765030 -84.75640869 82.50000000
v -14.27979374 -84.94874573 82.50000000
v -15.24058914 -84.98746490 82.50000000
v -16.19515419 -84.87155914 82.50000000
v -17.11876488 -84.60403442 82.50000000
v -17.98749924 -84.19181824 82.50000000
v -18.77886200 -83.64557648 82.50000000
v -19.47235107 -82.97946930 82.50000000
v -20.05001068 -82.21074677 82.50000000
v -20.49687767 -81.35931396 82.50000000
v -20.80137825 -80.44722748 82.50000000
v -20.95562553 -79.49810028 82.50000000
v -20.95562553 -78.53652191 82.50000000
v -20.80137825 -77.58740234 82.50000000
v -20.49687767 -76.67531586 82.50000000
v -20.05001068 -75.82388306 82.50000000
v -19.47235107 -75.05515289 82.50000000
v -18.77886200 -74.38904572 82.50000000
v -17.98749924 -73.84281158 82.50000000
v -17.11876488 -73.43058777 82.50000000
v -16.19515419 -73.16306305 82.50000000
v -15.24058914 -73.04715729 82.50000000
v -14.27979374 -73.08587646 82.50000000
v -13.33765030 -73.27822113 82.50000000
v -12.43856239 -73.61919403 82.50000000
v -11.60581303 -74.09998322 82.50000000
v -10.86097240 -74.70812988 82.50000000
v -10.22332954 -75.42787933 82.50000000
v -9.70940018 -76.24059296 82.50000000
v -9.33249474 -77.12522125 82.50000000
v -14.39945412 -54.02452850 84.00000000
v -14.39465046 -53.82458496 83.79999542
v -14.15079117 -53.96512222 84.00000000
v -14.24545193 -53.78894043 83.79999542
v -13.96400070 -53.79055786 84.00000000
v -14.13337803 -53.68420410 83.79999542
v -13.88791943 -53.54648209 84.00000000
v -14.08772945 -53.53775787 83.79999542
v -14.79819965 -53.81812286 83.79999542
v -14.79980087 -54.01811600 84.00000000
v -15.20180035 -53.81812286 83.79999542
v -15.20019913 -54.01811600 84.00000000
v -15.60534954 -53.82458496 83.79999542
v -15.60054588 -54.02452850 84.00000000
v -16.11207962 -53.54648209 84.00000000
v -15.91227055 -53.53775787 83.79999542
v -16.03599930 -53.79055786 84.00000000
v -15.86662197 -53.68420410 83.79999542
v -15.84920883 -53.96512222 84.00000000
v -15.75454807 -53.78894043 83.79999542
v -47.49527359 -118.16322327 132.02320862
v -47.50000000 -117.82965851 131.90444946
v -47.20000076 -117.84066010 131.57966614
v -47.50000000 -117.22634125 131.56358337
v -47.20000076 -117.27184296 131.22224426
v -47.50000000 -116.70751190 131.10424805
v -47.20000076 -116.79682159 130.74722290
v -47.50000000 -116.29603577 130.54669189
v -47.20000076 -116.43940735 130.17840576
v -47.50000000 -116.01006317 129.91551208
v -47.20000076 -116.21752930 129.54432678
v -47.50000000 -115.86220551 129.23852539
v -47.20000076 -116.14231110 128.87675476
v -47.50000000 -115.85897064 128.54557800
v -47.20000076 -116.21752930 128.20919800
v -47.50000000 -116.00051880 127.86724854
v -47.20000076 -116.43940735 127.57510376
v -47.50000000 -116.28059387 127.23342133
v -47.20000076 -116.79682159 127.00628662
v -47.50000000 -116.68685150 126.67205811
v -47.20000076 -117.27184296 126.53126526
v -47.50000000 -117.20137787 126.20790863
v -47.20000076 -117.84066010 126.17385101
v -47.50000000 -117.80149078 125.86143494
v -47.20000076 -118.47474670 125.95197296
v -47.50000000 -118.46071625 125.64791107
v -47.20000076 -119.14231110 125.87675476
v -47.50000000 -119.15000153 125.57676697
v -47.50000000 -119.83895111 125.65112305
v -47.20000076 -119.80987549 125.95197296
v -47.50000000 -120.49717712 125.86771393
v -47.20000076 -120.44396210 126.17385101
v -47.50000000 -121.09566498 126.21697998
v -47.20000076 -121.01277924 126.53126526
v -47.50000000 -121.60802460 126.68352509
v -47.20000076 -121.48780823 127.00628662
v -47.50000000 -122.01166534 127.24678040
v -47.20000076 -121.84522247 127.57510376
v -47.50000000 -122.28878021 127.88190460
v -47.20000076 -122.06710052 128.20919800
v -47.50000000 -122.42716217 128.56089783
v -47.20000076 -122.14231110 128.87675476
v -47.50000000 -122.42070007 129.25381470
v -47.20000076 -122.06710052 129.54432678
v -47.49528503 -122.35711670 129.60061646
v -47.48345566 -122.24809265 129.94212341
v -47.20000076 -121.84522247 130.17840576
v -47.46730423 -122.09407043 130.27752686
v -47.44948196 -121.89585876 130.60218811
v -47.20000076 -121.48780823 130.74722290
v -47.43272400 -121.65645599 130.90885925
v -47.41928482 -121.38387299 131.18739319
v -47.20000076 -121.01277924 131.22224426
v -47.41057968 -121.08232880 131.43490601
v -47.40747070 -120.75592804 131.64878845
v -47.20000076 -120.44396210 131.57966614
v -47.41025162 -120.40866852 131.82666016
v -47.41860580 -120.04452515 131.96632385
v -47.20000076 -119.80987549 131.80154419
v -47.43185043 -119.66763306 132.06558228
v -47.20000076 -119.14231110 131.87675476
v -47.44845963 -119.28259277 132.12216187
v -47.46652985 -118.89514160 132.13391113
v -47.20000076 -118.47474670 131.80154419
v -47.48313904 -118.51981354 132.10032654
v -47.50000000 -125.63619232 123.00269318
v -47.20000076 -125.56896210 122.70290375
v -47.50000000 -126.23304749 122.65063477
v -47.20000076 -126.13777924 122.34548950
v -47.49527359 -126.50267029 122.42113495
v -47.20000076 -126.61280823 121.87046814
v -47.48313904 -126.74775696 122.15087891
v -47.46652985 -126.96450806 121.84263611
v -47.20000076 -126.97022247 121.30165100
v -47.44845963 -127.14805603 121.50122070
v -47.43185043 -127.29157257 121.13946533
v -47.20000076 -127.19210052 120.66755676
v -47.41860580 -127.39406586 120.76344299
v -47.41025162 -127.45518494 120.37825775
v -47.20000076 -127.26731110 120.00000000
v -47.40747070 -127.47476196 119.98857880
v -47.41057968 -127.45274353 119.59896851
v -47.20000076 -127.19210052 119.33243561
v -47.41928482 -127.38916779 119.21406555
v -47.43272400 -127.28424072 118.83873749
v -47.20000076 -126.97022247 118.69834137
v -47.44948196 -127.13835144 118.47806549
v -47.20000076 -126.61280823 118.12952423
v -47.46730423 -126.95629883 118.14408112
v -47.48345566 -126.74283600 117.84298706
v -47.49528503 -126.50158691 117.57782745
v -47.20000076 -126.13777924 117.65450287
v -47.50000000 -126.23304749 117.34935760
v -47.20000076 -125.56896210 117.29708862
v -47.50000000 -125.63619232 116.99729919
v -47.20000076 -124.93487549 117.07521057
v -47.50000000 -124.97898102 116.77764893
v -47.20000076 -124.26731110 117.00000000
v -47.50000000 -124.29039001 116.70007324
v -47.50000000 -123.60077667 116.76801300
v -47.20000076 -123.59974670 117.07521057
v -47.50000000 -122.94055939 116.97845459
v -47.20000076 -122.96566010 117.29708862
v -47.50000000 -122.33883667 117.32212830
v -47.20000076 -122.39684296 117.65450287
v -47.50000000 -121.82215118 117.78387451
v -47.20000076 -121.92182159 118.12952423
v -47.50000000 -121.41328430 118.34333801
v -47.20000076 -121.56440735 118.69834137
v -47.50000000 -121.13025665 118.97585297
v -47.20000076 -121.34252930 119.33243561
v -47.50000000 -120.98554993 119.65351868
v -47.20000076 -121.26731110 120.00000000
v -47.50000000 -120.98554993 120.34647369
v -47.20000076 -121.34252930 120.66755676
v -47.50000000 -121.13025665 121.02413940
v -47.20000076 -121.56440735 121.30165100
v -47.50000000 -121.41328430 121.65665436
v -47.20000076 -121.92182159 121.87046814
v -47.50000000 -121.82215118 122.21611786
v -47.20000076 -122.39684296 122.34548950
v -47.50000000 -122.33883667 122.67786407
v -47.20000076 -122.96566010 122.70290375
v -47.50000000 -122.94055939 123.02153778
v -47.20000076 -123.59974670 122.92478180
v -47.50000000 -123.60077667 123.23197937
v -47.20000076 -124.26731110 123.00000000
v -47.50000000 -124.29039001 123.29991913
v -47.50000000 -124.97898102 123.22234344
v -47.20000076 -124.93487549 122.92478180
v -47.50000000 -115.91946411 111.83264160
v -47.50000000 -115.84231567 111.12323761
v -47.20000076 -116.14231110 111.12323761
v -47.50000000 -115.91946411 110.41383362
v -47.20000076 -116.21752930 110.45567322
v -47.50000000 -116.14731598 109.73760223
v -47.20000076 -116.43940735 109.82158661
v -47.50000000 -116.51520538 109.12615967
v -47.20000076 -116.79682159 109.25276947
v -47.50000000 -117.00593567 108.60810089
v -47.20000076 -117.27184296 108.77774048
v -47.50000000 -117.59656525 108.20764923
v -47.20000076 -117.84066010 108.42032623
v -47.50000000 -118.25946808 107.94351959
v -47.20000076 -118.47474670 108.19845581
v -47.50000000 -118.96365356 107.82807922
v -47.20000076 -119.14231110 108.12323761
v -47.50000000 -119.67619324 107.86670685
v -47.20000076 -119.80987549 108.19845581
v -47.50000000 -120.36376953 108.05760956
v -47.20000076 -120.44396210 108.42032623
v -47.50000000 -120.99423218 108.39186096
v -47.20000076 -121.01277924 108.77774048
v -47.50000000 -121.53810120 108.85382843
v -47.20000076 -121.48780823 109.25276947
v -47.50000000 -121.96994019 109.42190552
v -47.20000076 -121.84522247 109.82158661
v -47.50000000 -122.26956940 110.06954193
v -47.20000076 -122.06710052 110.45567322
v -47.50000000 -122.42296600 110.76644135
v -47.20000076 -122.14231110 111.12323761
v -47.50000000 -122.42296600 111.48002625
v -47.20000076 -122.06710052 111.79080200
v -47.50000000 -122.26956940 112.17693329
v -47.20000076 -121.84522247 112.42488861
v -47.50000000 -121.96994019 112.82456207
v -47.20000076 -121.48780823 112.99370575
v -47.50000000 -121.53810120 113.39264679
v -47.20000076 -121.01277924 113.46872711
v -47.50000000 -120.99423218 113.85460663
v -47.20000076 -120.44396210 113.82614136
v -47.50000000 -120.36376953 114.18885803
v -47.20000076 -119.80987549 114.04801941
v -47.50000000 -119.67619324 114.37976074
v -47.20000076 -119.14231110 114.12323761
v -47.50000000 -118.96365356 114.41839600
v -47.20000076 -118.47474670 114.04801941
v -47.50000000 -118.25946808 114.30294800
v -47.20000076 -117.84066010 113.82614136
v -47.50000000 -117.59656525 114.03882599
v -47.20000076 -117.27184296 113.46872711
v -47.50000000 -117.00593567 113.63837433
v -47.20000076 -116.79682159 112.99370575
v -47.50000000 -116.51520538 113.12030792
v -47.20000076 -116.43940735 112.42488861
v -47.50000000 -116.14731598 112.50887299
v -47.20000076 -116.21752930 111.79080200
v -47.50000000 -108.79354858 120.89569855
v -47.50000000 -108.71731567 120.00000000
v -47.20000076 -109.01731110 120.00000000
v -47.50000000 -108.79354858 119.10429382
v -47.20000076 -109.09327698 119.13175201
v -47.50000000 -109.02006531 118.23435211
v -47.20000076 -109.31884766 118.28989410
v -47.50000000 -109.39033508 117.41521454
v -47.20000076 -109.68718719 117.50000000
v -47.50000000 -109.89372253 116.67043304
v -47.20000076 -110.18708801 116.78605652
v -47.50000000 -110.51573944 116.02143097
v -47.20000076 -110.80337524 116.16977692
v -47.50000000 -111.23848724 115.48689270
v -47.20000076 -111.51731110 115.66986847
v -47.50000000 -112.04117584 115.08218384
v -47.20000076 -112.30721283 115.30153656
v -47.50000000 -112.90071106 114.81895447
v -47.20000076 -113.14907074 115.07595825
v -47.50000000 -113.79237366 114.70477295
v -47.20000076 -114.01731110 115.00000000
v -47.50000000 -114.69050598 114.74292755
v -47.20000076 -114.88555145 115.07595825
v -47.50000000 -115.56927490 114.93231201
v -47.20000076 -115.72741699 115.30153656
v -47.50000000 -116.40339661 115.26748657
v -47.20000076 -116.51731110 115.66986847
v -47.50000000 -117.16886902 115.73880768
v -47.20000076 -117.23125458 116.16977692
v -47.50000000 -117.84368134 116.33271790
v -47.20000076 -117.84753418 116.78605652
v -47.50000000 -118.40841675 117.03212738
v -47.20000076 -118.34744263 117.50000000
v -47.50000000 -118.84682465 117.81691742
v -47.20000076 -118.71577454 118.28989410
v -47.50000000 -119.14630127 118.66451263
v -47.20000076 -118.94135284 119.13175201
v -47.50000000 -119.29821777 119.55052185
v -47.20000076 -119.01731110 120.00000000
v -47.50000000 -119.29821777 120.44947052
v -47.20000076 -118.94135284 120.86824036
v -47.50000000 -119.14630127 121.33547974
v -47.20000076 -118.71577454 121.71009827
v -47.50000000 -118.84682465 122.18307495
v -47.20000076 -118.34744263 122.50000000
v -47.50000000 -118.40841675 122.96786499
v -47.20000076 -117.84753418 123.21393585
v -47.50000000 -117.84368134 123.66727448
v -47.20000076 -117.23125458 123.83021545
v -47.50000000 -117.16886902 124.26118469
v -47.20000076 -116.51731110 124.33012390
v -47.50000000 -116.40339661 124.73250580
v -47.20000076 -115.72741699 124.69845581
v -47.50000000 -115.56927490 125.06768036
v -47.20000076 -114.88555145 124.92403412
v -47.50000000 -114.69050598 125.25706482
v -47.20000076 -114.01731110 125.00000000
v -47.50000000 -113.79237366 125.29521942
v -47.20000076 -113.14907074 124.92403412
v -47.50000000 -112.90071106 125.18103790
v -47.20000076 -112.30721283 124.69845581
v -47.50000000 -112.04117584 124.91780853
v -47.20000076 -111.51731110 124.33012390
v -47.50000000 -111.23848724 124.51309967
v -47.20000076 -110.80337524 123.83021545
v -47.50000000 -110.51573944 123.97856140
v -47.20000076 -110.18708801 123.21393585
v -47.50000000 -109.89372253 123.32955933
v -47.20000076 -109.68718719 122.50000000
v -47.50000000 -109.39033508 122.58477783
v -47.20000076 -109.31884766 121.71009827
v -47.50000000 -109.02006531 121.76564026
v -47.20000076 -109.09327698 120.86824036
v -47.50000000 -104.47671509 123.22284698
v -47.50000000 -103.76731110 123.29999542
v -47.20000076 -103.76731110 123.00000000
v -47.50000000 -103.05790710 123.22284698
v -47.20000076 -103.09974670 122.92478180
v -47.50000000 -102.38167572 122.99499512
v -47.20000076 -102.46566010 122.70290375
v -47.50000000 -101.77024078 122.62710571
v -47.20000076 -101.89684296 122.34548950
v -47.50000000 -101.25218201 122.13636780
v -47.20000076 -101.42182159 121.87046814
v -47.50000000 -100.85172272 121.54574585
v -47.20000076 -101.06440735 121.30165100
v -47.50000000 -100.58760071 120.88284302
v -47.20000076 -100.84252930 120.66755676
v -47.50000000 -100.47215271 120.17865753
v -47.20000076 -100.76731110 120.00000000
v -47.50000000 -100.51078796 119.46611786
v -47.20000076 -100.84252930 119.33243561
v -47.50000000 -100.70169067 118.77854156
v -47.20000076 -101.06440735 118.69834137
v -47.50000000 -101.03594208 118.14807892
v -47.20000076 -101.42182159 118.12952423
v -47.50000000 -101.49790192 117.60420990
v -47.20000076 -101.89684296 117.65450287
v -47.50000000 -102.06598663 117.17237091
v -47.20000076 -102.46566010 117.29708862
v -47.50000000 -102.71361542 116.87274170
v -47.20000076 -103.09974670 117.07521057
v -47.50000000 -103.41052246 116.71933746
v -47.20000076 -103.76731110 117.00000000
v -47.50000000 -104.12410736 116.71933746
v -47.20000076 -104.43487549 117.07521057
v -47.50000000 -104.82100677 116.87274170
v -47.20000076 -105.06896210 117.29708862
v -47.50000000 -105.46864319 117.17237091
v -47.20000076 -105.63777924 117.65450287
v -47.50000000 -106.03672028 117.60420990
v -47.20000076 -106.11280823 118.12952423
v -47.50000000 -106.49868774 118.14807892
v -47.20000076 -106.47022247 118.69834137
v -47.50000000 -106.83293915 118.77854156
v -47.20000076 -106.69210052 119.33243561
v -47.50000000 -107.02384186 119.46611786
v -47.20000076 -106.76731110 120.00000000
v -47.50000000 -107.06247711 120.17865753
v -47.20000076 -106.69210052 120.66755676
v -47.50000000 -106.94702911 120.88284302
v -47.20000076 -106.47022247 121.30165100
v -47.50000000 -106.68289948 121.54574585
v -47.20000076 -106.11280823 121.87046814
v -47.50000000 -106.28244781 122.13636780
v -47.20000076 -105.63777924 122.34548950
v -47.50000000 -105.76438904 122.62710571
v -47.20000076 -105.06896210 122.70290375
v -47.50000000 -105.15294647 122.99499512
v -47.20000076 -104.43487549 122.92478180
v -47.50000000 -105.60746765 128.56089783
v -47.20000076 -105.89231110 128.87675476
v -47.50000000 -105.61392212 129.25381470
v -47.20000076 -105.96752930 129.54432678
v -47.49527359 -105.67786407 129.60206604
v -47.48313904 -105.78937531 129.94944763
v -47.20000076 -106.18940735 130.17840576
v -47.46652985 -105.94794464 130.29127502
v -47.44845963 -106.15184784 130.62094116
v -47.20000076 -106.54682159 130.74722290
v -47.43185043 -106.39337158 130.92610168
v -47.41860580 -106.66777802 131.20288086
v -47.20000076 -107.02184296 131.22224426
v -47.41025162 -106.97079468 131.44841003
v -47.40747070 -107.29847717 131.66020203
v -47.20000076 -107.59066010 131.57966614
v -47.41057968 -107.64689636 131.83593750
v -47.20000076 -108.22474670 131.80154419
v -47.41928482 -108.01202393 131.97332764
v -47.43272400 -108.38952637 132.07011414
v -47.20000076 -108.89231110 131.87675476
v -47.44948196 -108.77482605 132.12411499
v -47.46730423 -109.15508270 132.13343811
v -47.20000076 -109.55987549 131.80154419
v -47.48345566 -109.52257538 132.09912109
v -47.49528503 -109.87284088 132.02278137
v -47.20000076 -110.19396210 131.57966614
v -47.50000000 -110.20497131 131.90444946
v -47.50000000 -110.80828094 131.56358337
v -47.20000076 -110.76277924 131.22224426
v -47.50000000 -111.32711792 131.10424805
v -47.20000076 -111.23780823 130.74722290
v -47.50000000 -111.73859406 130.54669189
v -47.20000076 -111.59522247 130.17840576
v -47.50000000 -112.02455902 129.91551208
v -47.20000076 -111.81710052 129.54432678
v -47.50000000 -112.17242432 129.23852539
v -47.20000076 -111.89231110 128.87675476
v -47.50000000 -112.17565155 128.54557800
v -47.20000076 -111.81710052 128.20919800
v -47.50000000 -112.03411102 127.86724854
v -47.20000076 -111.59522247 127.57510376
v -47.50000000 -111.75403595 127.23342133
v -47.20000076 -111.23780823 127.00628662
v -47.50000000 -111.34777832 126.67205811
v -47.20000076 -110.76277924 126.53126526
v -47.50000000 -110.83325195 126.20790863
v -47.20000076 -110.19396210 126.17385101
v -47.50000000 -110.23313904 125.86143494
v -47.20000076 -109.55987549 125.95197296
v -47.50000000 -109.57390594 125.64791107
v -47.20000076 -108.89231110 125.87675476
v -47.50000000 -108.88462067 125.57676697
v -47.50000000 -108.19567871 125.65112305
v -47.20000076 -108.22474670 125.95197296
v -47.50000000 -107.53744507 125.86771393
v -47.20000076 -107.59066010 126.17385101
v -47.50000000 -106.93895721 126.21697998
v -47.20000076 -107.02184296 126.53126526
v -47.50000000 -106.42659760 126.68352509
v -47.20000076 -106.54682159 127.00628662
v -47.50000000 -106.02296448 127.24678040
v -47.20000076 -106.18940735 127.57510376
v -47.50000000 -105.74584198 127.88190460
v -47.20000076 -105.96752930 128.20919800
v -47.50000000 -105.66946411 111.83264160
v -47.50000000 -105.59231567 111.12323761
v -47.20000076 -105.89231110 111.12323761
v -47.50000000 -105.66946411 110.41383362
v -47.20000076 -105.96752930 110.45567322
v -47.50000000 -105.89731598 109.73760223
v -47.20000076 -106.18940735 109.82158661
v -47.50000000 -106.26520538 109.12615967
v -47.20000076 -106.54682159 109.25276947
v -47.50000000 -106.75593567 108.60810089
v -47.20000076 -107.02184296 108.77774048
v -47.50000000 -107.34656525 108.20764923
v -47.20000076 -107.59066010 108.42032623
v -47.50000000 -108.00946808 107.94351959
v -47.20000076 -108.22474670 108.19845581
v -47.50000000 -108.71365356 107.82807922
v -47.20000076 -108.89231110 108.12323761
v -47.50000000 -109.42619324 107.86670685
v -47.20000076 -109.55987549 108.19845581
v -47.50000000 -110.11376953 108.05760956
v -47.20000076 -110.19396210 108.42032623
v -47.50000000 -110.74423218 108.39186096
v -47.20000076 -110.76277924 108.77774048
v -47.50000000 -111.28810120 108.85382843
v -47.20000076 -111.23780823 109.25276947
v -47.50000000 -111.71994019 109.42190552
v -47.20000076 -111.59522247 109.82158661
v -47.50000000 -112.01956940 110.06954193
v -47.20000076 -111.81710052 110.45567322
v -47.50000000 -112.17296600 110.76644135
v -47.20000076 -111.89231110 111.12323761
v -47.50000000 -112.17296600 111.48002625
v -47.20000076 -111.81710052 111.79080200
v -47.50000000 -112.01956940 112.17693329
v -47.20000076 -111.59522247 112.42488861
v -47.50000000 -111.71994019 112.82456207
v -47.20000076 -111.23780823 112.99370575
v -47.50000000 -111.28810120 113.39264679
v -47.20000076 -110.76277924 113.46872711
v -47.50000000 -110.74423218 113.85460663
v -47.20000076 -110.19396210 113.82614136
v -47.50000000 -110.11376953 114.18885803
v -47.20000076 -109.55987549 114.04801941
v -47.50000000 -109.42619324 114.37976074
v -47.20000076 -108.89231110 114.12323761
v -47.50000000 -108.71365356 114.41839600
v -47.20000076 -108.22474670 114.04801941
v -47.50000000 -108.00946808 114.30294800
v -47.20000076 -107.59066010 113.82614136
v -47.50000000 -107.34656525 114.03882599
v -47.20000076 -107.02184296 113.46872711
v -47.50000000 -106.75593567 113.63837433
v -47.20000076 -106.54682159 112.99370575
v -47.50000000 -106.26520538 113.12030792
v -47.20000076 -106.18940735 112.42488861
v -47.50000000 -105.89731598 112.50887299
v -47.20000076 -105.96752930 111.79080200
v -39.33706665 -76.19634247 99.99999237
v -39.03525925 -74.26796722 100.00000000
v -40.43373108 -75.96810913 98.88413239
v -46.95325089 -73.08100128 92.00000000
v -41.37986374 -75.84414673 97.92996979
v -47.28364944 -75.27350616 92.00000000
v -42.43765259 -75.79601288 96.87389374
v -43.45767212 -75.85227203 95.86685944
v -44.49517822 -76.03031158 94.85395813
v -45.52484894 -76.35070038 93.85889435
v -46.07102966 -76.59009552 93.33430481
v -46.62157440 -76.88922882 92.80689240
v -47.16483688 -77.25117493 92.28670502
v -47.46373367 -77.48341370 92.00004578
v -46.47412872 -70.91613007 92.00000000
v -38.58091736 -72.36972809 100.00000000
v -45.84851456 -68.78896332 92.00000000
v -37.97690964 -70.51368713 100.00000000
v -45.07931519 -66.70940399 92.00000000
v -37.22706985 -68.71161652 100.00000000
v -44.17011642 -64.68712616 92.00000000
v -36.33615494 -66.97495270 100.00000000
v -43.12514877 -62.73155212 92.00000000
v -35.30982590 -65.31472015 100.00000000
v -41.94927216 -60.85177612 92.00000000
v -40.64796448 -59.05655289 92.00000000
v -34.15459061 -63.74145889 100.00000000
v -39.22727585 -57.35423279 92.00000000
v -32.87778091 -62.26515198 100.00000000
v -37.69382858 -55.75274277 92.00000000
v -31.48750687 -60.89516830 100.00000000
v -36.05475235 -54.25953674 92.00000000
v -29.99258614 -59.64020538 100.00000000
v -34.31767654 -52.88156509 92.00000000
v -28.40250969 -58.50822449 100.00000000
v -32.49068832 -51.62523651 92.00000000
v -26.72736931 -57.50641251 100.00000000
v -30.58229256 -50.49640656 92.00000000
v -28.60136986 -49.50032425 92.00000000
v -24.97779655 -56.64112854 100.00000000
v -26.55714035 -48.64162445 92.00000000
v -23.16489410 -55.91786575 100.00000000
v -24.45911980 -47.92430496 92.00000000
v -21.30017090 -55.34120941 100.00000000
v -22.31707191 -47.35171127 92.00000000
v -19.39546204 -54.91482544 100.00000000
v -20.14096642 -46.92649841 92.00000000
v -17.46285629 -54.64141464 100.00000000
v -17.94093513 -46.65065002 92.00000000
v -15.51461697 -54.52271652 100.00000000
v -15.72721291 -46.52545166 92.00000000
v -13.51010704 -46.55148315 92.00000000
v -13.56311226 -54.55948639 100.00000000
v -11.29993534 -46.72862244 92.00000000
v -11.62072754 -54.75148392 100.00000000
v -9.10698605 -47.05604935 92.00000000
v -9.69979095 -55.09749222 100.00000000
v -6.94146442 -47.53223801 92.00000000
v -7.81249332 -55.59532166 100.00000000
v -4.81345129 -48.15496826 92.00000000
v -5.97081470 -56.24180222 100.00000000
v -2.73285031 -48.92134857 92.00000000
v -4.18644333 -57.03284073 100.00000000
v -0.70934606 -49.82780838 92.00000000
v 1.24764347 -50.87012863 92.00000000
v -2.47070432 -57.96341324 100.00000000
v 3.12900949 -52.04345322 92.00000000
v -0.83448732 -59.02761078 100.00000000
v 4.92599535 -53.34233093 92.00000000
v 0.71182263 -60.21867752 100.00000000
v 6.63023710 -54.76070786 92.00000000
v 2.15841126 -61.52906036 100.00000000
v 8.23380280 -56.29198837 92.00000000
v 3.49609756 -62.95043945 100.00000000
v 9.72922802 -57.92903900 92.00000000
v 4.71639109 -64.47379303 100.00000000
v 11.10955334 -59.66424561 92.00000000
v 12.36835384 -61.48952866 92.00000000
v 5.81154633 -66.08945465 100.00000000
v 13.49977016 -63.39639282 92.00000000
v 6.77461338 -67.78716278 100.00000000
v 14.49853611 -65.37596893 92.00000000
v 7.59947920 -69.55615234 100.00000000
v 15.36000347 -67.41902924 92.00000000
v 8.28090858 -71.38519287 100.00000000
v 16.08016205 -69.51607513 92.00000000
v 8.81457615 -73.26266479 100.00000000
v 16.65566063 -71.65734863 92.00000000
v 9.19709587 -75.17666626 100.00000000
v 17.08382034 -73.83287048 92.00000000
v 17.36264992 -76.03253174 92.00000000
v 9.42603874 -77.11504364 100.00000000
v 17.49084854 -78.24607849 92.00000000
v 9.49995232 -79.06549835 100.00000000
v 17.46782112 -80.46321869 92.00000000
v 9.41836739 -81.01564026 100.00000000
v 17.29367447 -82.67362976 92.00000000
v 9.18180180 -82.95310211 100.00000000
v 16.96921921 -84.86701965 92.00000000
v 8.79175663 -84.86558533 100.00000000
v 16.49596405 -87.03318787 92.00000000
v 8.25070858 -86.74095154 100.00000000
v 15.87611580 -89.16204071 92.00000000
v 8.09974766 -87.26325226 99.97256470
v 15.11255550 -91.24367523 92.00000000
v 7.99605656 -87.78701019 99.88821411
v 7.94345284 -88.29975128 99.74967957
v 7.94458389 -88.78875732 99.56135559
v 8.00213623 -89.24774933 99.32543182
v 8.11561012 -89.67860413 99.04432678
v 14.20883942 -93.26840973 92.00000000
v 8.28195667 -90.07413483 98.72596741
v 8.49807262 -90.42694855 98.37837219
v 8.98967171 -91.14717102 97.61968994
v 9.43638897 -91.89596558 96.87841034
v 9.83524895 -92.67396545 96.15768433
v 13.16917229 -95.22680664 92.00000000
v 10.18475723 -93.48643494 95.45471954
v 10.49034691 -94.36796570 94.74429321
v 10.73864841 -95.31143951 94.03726959
v 11.99839401 -97.10976410 92.00000000
v 10.91298866 -96.30113983 93.35169983
v 11.00275326 -97.31855011 92.70253754
v -30.50000000 -101.22083282 86.50000000
v -30.50000000 -101.76502228 86.57545471
v -30.52886391 -101.56184387 86.50000000
v -30.61801338 -101.91795349 86.50000000
v -30.50000000 -102.26815033 86.79614258
v -30.77569962 -102.30655670 86.50000000
v -31.01789474 -102.75046539 86.50000000
v -30.50000000 -102.69225311 87.14540863
v -31.17880440 -103.00296021 86.50000000
v -31.37277222 -103.28306580 86.50000000
v -31.60676765 -103.59822083 86.50000000
v -31.89026642 -103.95832825 86.50000000
v -30.50000000 -103.00531769 87.59688568
v -32.23640823 -104.37689209 86.50000000
v -32.66389847 -104.87295532 86.50000000
v -32.91625595 -105.15825653 86.50000000
v -33.20019531 -105.47428131 86.50000000
v -33.52145004 -105.82679749 86.50000000
v -33.88726044 -106.22308350 86.50000000
v -30.50000000 -103.18372345 88.11651611
v -34.93838120 -107.35452271 86.54272461
v -36.00000000 -108.49490356 86.67303467
v -35.50000000 -108.08341980 87.11982727
v -35.50000000 -108.20817566 88.07935333
v -30.50000000 -103.21400452 88.66507721
v -35.50000000 -108.19943237 89.04692078
v -35.50000000 -108.05734253 90.00402832
v -30.50000000 -103.09387970 89.20118713
v -35.50000000 -107.78462219 90.93240356
v -35.50000000 -107.38648987 91.81430054
v -30.50000000 -102.83242035 89.68438721
v -35.50000000 -106.87055206 92.63287354
v -35.50000000 -106.24665833 93.37247467
v -30.50000000 -102.44934082 90.07820892
v -35.50000000 -105.52673340 94.01898193
v -35.50000000 -104.72454071 94.56002808
v -30.50000000 -101.97356415 90.35293579
v -35.50000000 -103.85540009 94.98529053
v -43.36824036 -129.10697937 111.28797913
v -42.50000000 -129.17276001 111.25000000
v -43.36824036 -129.84645081 112.71743774
v -42.50000000 -129.91545105 112.68569183
v -43.36824036 -130.45086670 114.20903015
v -42.50000000 -130.52252197 114.18378448
v -43.36824036 -130.91510010 115.75003052
v -42.50000000 -130.98875427 115.73150635
v -43.36824036 -131.23515320 117.32729340
v -42.50000000 -131.31021118 117.31564331
v -43.36824036 -131.40830994 118.92735291
v -42.50000000 -131.48411560 118.92268372
v -43.36824036 -131.43309021 120.53656769
v -42.50000000 -131.50901794 120.53890991
v -43.36824036 -131.30928040 122.14120483
v -42.50000000 -131.38467407 122.15054321
v -43.36824036 -131.03794861 123.72757721
v -42.50000000 -131.11215210 123.74382782
v -43.36824036 -130.62141418 125.28214264
v -42.50000000 -130.69380188 125.30516815
v -43.36824036 -130.06320190 126.79164124
v -42.50000000 -130.13316345 126.82125092
v -43.36824036 -129.36810303 128.24319458
v -42.50000000 -129.43502808 128.27912903
v -43.36824036 -128.54203796 129.62442017
v -42.50000000 -128.60536194 129.66638184
v -43.36824036 -127.59204102 130.92353821
v -42.50000000 -127.65122223 130.97116089
v -43.36824036 -126.52623749 132.12945557
v -42.50000000 -126.58077240 132.18234253
v -43.36824036 -125.35371399 133.23190308
v -42.50000000 -125.40312958 133.28958130
v -43.36824036 -124.08446503 134.22143555
v -42.50000000 -124.12835693 134.28344727
v -43.36824036 -122.73095703 135.08871460
v -42.50000000 -122.76731110 135.15544128
v -43.36824036 -121.29987335 135.82913208
v -42.50000000 -121.33161926 135.89813232
v -43.36824036 -119.80827332 136.43356323
v -42.50000000 -119.83351898 136.50520325
v -43.36824036 -118.26727295 136.89778137
v -42.50000000 -118.28580475 136.97143555
v -43.36824036 -116.69001770 137.21783447
v -42.50000000 -116.70166779 137.29289246
v -43.36824036 -115.08995056 137.39099121
v -42.50000000 -115.09462738 137.46679688
v -43.36824036 -113.48073578 137.41577148
v -42.50000000 -113.47840118 137.49169922
v -43.36824036 -111.87610626 137.29197693
v -42.50000000 -111.86676788 137.36735535
v -43.36824036 -110.28973389 137.02064514
v -42.50000000 -110.27348328 137.09484863
v -43.36824036 -108.73516846 136.60409546
v -42.50000000 -108.71214294 136.67648315
v -43.36824036 -107.22566986 136.04588318
v -42.50000000 -107.19606018 136.11584473
v -43.36824036 -105.77410889 135.35078430
v -42.50000000 -105.73817444 135.41770935
v -43.36824036 -104.39288330 134.52471924
v -42.50000000 -104.35092926 134.58804321
v -43.36824036 -103.09376526 133.57472229
v -42.50000000 -103.04615021 133.63391113
v -43.36824036 -101.88784790 132.50892639
v -42.50000000 -101.83496857 132.56346130
v -43.36824036 -100.78541565 131.33639526
v -42.50000000 -100.72772980 131.38581848
v -43.36824036 -99.79586792 130.06715393
v -42.50000000 -99.73386383 130.11103821
v -43.36824036 -98.92765045 128.71202087
v -42.50000000 -98.86186981 128.75000000
v -44.21010208 -99.12300873 128.59922791
v -44.21010208 -99.97998047 129.93681335
v -44.21010208 -100.95671844 131.18963623
v -44.21010208 -102.04487610 132.34698486
v -44.21010208 -103.23518372 133.39898682
v -44.21010208 -104.51748657 134.33666992
v -44.21010208 -105.88082886 135.15205383
v -44.21010208 -107.31359863 135.83815002
v -44.21010208 -108.80355072 136.38912964
v -44.21010208 -110.33798981 136.80029297
v -44.21010208 -111.90382385 137.06809998
v -44.21010208 -113.48768616 137.19030762
v -44.21010208 -115.07606506 137.16583252
v -44.21010208 -116.65541077 136.99491882
v -44.21010208 -118.21225739 136.67901611
v -44.21010208 -119.73330688 136.22080994
v -44.21010208 -121.20558929 135.62420654
v -44.21010208 -122.61974335 134.89245605
v -44.21010208 -123.95413208 134.03732300
v -44.21010208 -125.20694733 133.06059265
v -44.21010208 -126.36429596 131.97242737
v -44.21010208 -127.41629791 130.78211975
v -44.21010208 -128.35398865 129.49983215
v -44.21010208 -129.16937256 128.13647461
v -44.21010208 -129.85546875 126.70371246
v -44.21010208 -130.40644836 125.21375275
v -44.21010208 -130.81759644 123.67931366
v -44.21010208 -131.08541870 122.11348724
v -44.21010208 -131.20762634 120.52962494
v -44.21010208 -131.18315125 118.94124603
v -44.21010208 -131.01223755 117.36189270
v -44.21010208 -130.69633484 115.80505371
v -44.21010208 -130.23811340 114.28400421
v -44.21010208 -129.64152527 112.81172180
v -44.21010208 -128.91162109 111.40076447
v -45.00000000 -129.30690002 112.96566772
v -45.00000000 -128.59263611 111.58493042
v -45.71393967 -128.85275269 113.17461395
v -45.71393967 -128.15969849 111.83488464
v -46.33022308 -128.29287720 113.43218994
v -46.33022308 -127.62598419 112.14302826
v -46.83012772 -127.64429474 113.73059082
v -46.83012772 -127.00769043 112.50000000
v -47.19846344 -126.92669678 114.06073761
v -47.19846344 -126.32362366 112.89494324
v -47.42403793 -126.16189575 114.41260529
v -47.42403793 -125.59455109 113.31587219
v -47.50000000 -124.84262848 113.75000000
v -47.50000000 -125.42944336 114.89967346
v -47.42403793 -126.62562561 115.55699921
v -47.50000000 -125.89456940 116.10374451
v -47.42403793 -126.98178864 116.73929596
v -47.42403793 -127.22734833 117.94941711
v -47.19846344 -128.05924988 117.82028198
v -47.19846344 -128.20045471 119.12520599
v -46.83012772 -128.83979797 117.69911957
v -46.83012772 -128.98886108 119.07658386
v -46.33022308 -129.54528809 117.58960724
v -46.33022308 -129.70144653 119.03263092
v -45.71393967 -130.15428162 117.49507904
v -45.71393967 -130.31655884 118.99468994
v -45.00000000 -130.64826965 117.41839600
v -45.00000000 -130.81552124 118.96392059
v -45.00000000 -99.44199371 128.41505432
v -45.00000000 -100.28061676 129.72399902
v -45.00000000 -101.23643494 130.94998169
v -45.00000000 -102.30129242 132.08255005
v -45.00000000 -103.46610260 133.11201477
v -45.00000000 -104.72093964 134.02963257
v -45.00000000 -106.05509186 134.82754517
v -45.00000000 -107.45716858 135.49894714
v -45.00000000 -108.91521454 136.03813171
v -45.00000000 -110.41679382 136.44047546
v -45.00000000 -111.94908905 136.70256042
v -45.00000000 -113.49903107 136.82214355
v -45.00000000 -115.05339050 136.79820251
v -45.00000000 -116.59891510 136.63095093
v -45.00000000 -118.12241364 136.32180786
v -45.00000000 -119.61088562 135.87339783
v -45.00000000 -121.05163574 135.28958130
v -45.00000000 -122.43707275 134.57260132
v -45.00000000 -123.74131775 133.73669434
v -45.00000000 -124.96730042 132.78088379
v -45.00000000 -126.09986115 131.71601868
v -45.00000000 -127.12934113 130.55120850
v -45.00000000 -128.04695129 129.29637146
v -45.00000000 -128.84486389 127.96221924
v -45.00000000 -129.51626587 126.56014252
v -45.00000000 -130.05545044 125.10209656
v -45.00000000 -130.45779419 123.60051727
v -45.00000000 -130.71987915 122.06822205
v -45.00000000 -130.83946228 120.51828003
v -45.71393967 -99.87492371 128.16510010
v -45.71393967 -100.68863678 129.43516541
v -45.71393967 -101.61605835 130.62474060
v -45.71393967 -102.64929199 131.72366333
v -45.71393967 -103.77951050 132.72254944
v -45.71393967 -104.99707031 133.61291504
v -45.71393967 -106.29158783 134.38711548
v -45.71393967 -107.65202332 135.03858948
v -45.71393967 -109.06676483 135.56175232
v -45.71393967 -110.52373505 135.95214844
v -45.71393967 -112.01052094 136.20643616
v -45.71393967 -113.51441956 136.32247925
v -45.71393967 -115.02261353 136.29924011
v -45.71393967 -116.52223206 136.13696289
v -45.71393967 -118.00048065 135.83699036
v -45.71393967 -119.44474030 135.40191650
v -45.71393967 -120.84269714 134.83543396
v -45.71393967 -122.18849945 134.13887024
v -45.71393967 -123.45249176 133.32867432
v -45.71393967 -124.64205170 132.40124512
v -45.71393967 -125.74097443 131.36801147
v -45.71393967 -126.73987579 130.23780823
v -45.71393967 -127.63022614 129.02023315
v -45.71393967 -128.40443420 127.72571564
v -45.71393967 -129.05590820 126.36528778
v -45.71393967 -129.57907104 124.95054626
v -45.71393967 -129.96946716 123.49356842
v -45.71393967 -130.22375488 122.00679016
v -45.71393967 -130.33978271 120.50288391
v -46.33022308 -100.40864563 127.85696411
v -46.33022308 -101.19164276 129.07910156
v -46.33022308 -102.08406830 130.22377014
v -46.33022308 -103.07830811 131.28121948
v -46.33022308 -104.16587067 132.24241638
v -46.33022308 -105.33748627 133.09916687
v -46.33022308 -106.58315277 133.84416199
v -46.33022308 -107.89224243 134.47105408
v -46.33022308 -109.25359344 134.97447205
v -46.33022308 -110.65557861 135.35012817
v -46.33022308 -112.08625031 135.59483337
v -46.33022308 -113.53340149 135.70648193
v -46.33022308 -114.98468018 135.68412781
v -46.33022308 -116.42770386 135.52796936
v -46.33022308 -117.85015869 135.23931885
v -46.33022308 -119.23991394 134.82066345
v -46.33022308 -120.58511353 134.27555847
v -46.33022308 -121.88159180 133.60444641
v -46.33022308 -123.09641266 132.82566833
v -46.33022308 -124.24108887 131.93324280
v -46.33022308 -125.29853821 130.93899536
v -46.33022308 -126.25973511 129.85144043
v -46.33022308 -127.11648560 128.67982483
v -46.33022308 -127.86148071 127.43415833
v -46.33022308 -128.48837280 126.12506866
v -46.33022308 -128.99179077 124.76371765
v -46.33022308 -129.36744690 123.36172485
v -46.33022308 -129.61215210 121.93105316
v -46.33022308 -129.72380066 120.48390961
v -46.83012772 -101.02693176 127.50000000
v -46.83012772 -101.77436066 128.66661072
v -46.83012772 -102.62623596 129.75927734
v -46.83012772 -103.57530212 130.76867676
v -46.83012772 -104.61345673 131.68620300
v -46.83012772 -105.73184204 132.50402832
v -46.83012772 -106.92090607 133.21517944
v -46.83012772 -108.17052460 133.81358337
v -46.83012772 -109.47002411 134.29412842
v -46.83012772 -110.80831909 134.65272522
v -46.83012772 -112.17398834 134.88630676
v -46.83012772 -113.55538940 134.99288940
v -46.83012772 -114.94072723 134.97154236
v -46.83012772 -116.31819153 134.82247925
v -46.83012772 -117.67601776 134.54695129
v -46.83012772 -119.00263214 134.14730835
v -46.83012772 -120.28672028 133.62696838
v -46.83012772 -121.52568817 132.98553467
v -46.83012772 -122.68392181 132.24295044
v -46.83012772 -123.77658844 131.39106750
v -46.83012772 -124.78599548 130.44200134
v -46.83012772 -125.70352173 129.40385437
v -46.83012772 -126.52134705 128.28547668
v -46.83012772 -127.23249817 127.09639740
v -46.83012772 -127.83089447 125.84678650
v -46.83012772 -128.31144714 124.54728699
v -46.83012772 -128.67004395 123.20899200
v -46.83012772 -128.90362549 121.84332275
v -46.83012772 -129.01019287 120.46192169
v -47.19846344 -101.71100616 127.10504913
v -47.19846344 -102.41907501 128.21022034
v -47.19846344 -103.22608948 129.24534607
v -47.19846344 -104.12518311 130.20159912
v -47.19846344 -105.10866547 131.07081604
v -47.19846344 -106.16815186 131.84556580
v -47.19846344 -107.29460907 132.51927185
v -47.19846344 -108.47841644 133.08615112
v -47.19846344 -109.70948029 133.54139709
v -47.19846344 -110.97730255 133.88110352
v -47.19846344 -112.27105713 134.10238647
v -47.19846344 -113.57971191 134.20335388
v -47.19846344 -114.89209747 134.18315125
v -47.19846344 -116.19702148 134.04193115
v -47.19846344 -117.48335266 133.78091431
v -47.19846344 -118.74010468 133.40231323
v -47.19846344 -119.95657349 132.90937805
v -47.19846344 -121.13161469 132.30096436
v -47.19846344 -122.22753906 131.59823608
v -47.19846344 -123.26266479 130.79121399
v -47.19846344 -124.21891022 129.89213562
v -47.19846344 -125.08812714 128.90864563
v -47.19846344 -125.86288452 127.84915924
v -47.19846344 -126.53658295 126.72270203
v -47.19846344 -127.10346985 125.53889465
v -47.19846344 -127.55871582 124.30782318
v -47.19846344 -127.89842987 123.04000854
v -47.19846344 -128.11970520 121.74625397
v -47.19846344 -128.22067261 120.43759918
v -47.42403793 -102.44007874 126.68412018
v -47.42403793 -103.10619354 127.72381592
v -47.42403793 -103.86540222 128.69761658
v -47.42403793 -104.71122742 129.59721375
v -47.42403793 -105.63644409 130.41493225
v -47.50000000 -103.19199371 126.25000000
v -47.50000000 -103.89424133 127.33303070
v -47.50000000 -104.70442963 128.33787537
v -47.42403793 -108.80656433 132.31088257
v -47.42403793 -109.96469879 132.73915100
v -47.42403793 -111.15740204 133.05874634
v -47.50000000 -111.45294189 132.23413086
v -47.42403793 -112.37451172 133.26690674
v -47.50000000 -112.72825623 132.43334961
v -47.42403793 -113.60563660 133.36189270
v -47.50000000 -114.01731110 132.50000000
v -47.42403793 -114.84027100 133.34288025
v -47.50000000 -115.30637360 132.43334961
v -47.42403793 -116.06788635 133.21003723
v -47.50000000 -116.58168793 132.23413086
v -47.42403793 -117.27800751 132.96447754
v -47.42403793 -118.46031189 132.60830688
v -47.42403793 -119.60470581 132.14457703
v -47.42403793 -121.74113464 130.91111755
v -47.42403793 -122.71493530 130.15190125
v -47.42403793 -123.61453247 129.30607605
v -47.50000000 -123.33019257 128.33787537
v -47.42403793 -124.43225098 128.38085938
v -47.50000000 -124.14038849 127.33303070
v -47.42403793 -125.16110992 127.38414764
v -47.50000000 -124.84262848 126.25000000
v -47.42403793 -125.79489899 126.32442474
v -47.50000000 -125.42944336 125.10031891
v -47.42403793 -126.32820129 125.21074677
v -47.50000000 -125.89456940 123.89624786
v -47.42403793 -126.75646973 124.05261230
v -47.42403793 -127.07605743 122.85990143
v -47.42403793 -127.28423309 121.64279938
v -45.00000000 -129.89071655 114.40642548
v -45.00000000 -130.33911133 115.89489746
v -45.71393967 -129.41923523 114.57257080
v -45.71393967 -129.85430908 116.01683044
v -46.33022308 -128.83798218 114.77739716
v -46.33022308 -129.25663757 116.16715240
v -46.83012772 -128.16462708 115.01467133
v -46.83012772 -128.56427002 116.34129333
v -47.19846344 -127.41963196 115.27719879
v -47.19846344 -127.79822540 116.53395844
v -36.00000000 -98.86186981 128.75000000
v -36.00000000 -129.17276001 111.25000000
v -35.96860886 -128.62171936 110.35835266
v -35.87454987 -128.01829529 109.50129700
v -35.71815872 -127.36463165 108.68190765
v -35.50000000 -126.66308594 107.90312195
v -35.50000000 -125.50083923 106.79474640
v -35.50000000 -124.24186707 105.79758453
v -35.50000000 -122.89678192 104.92004395
v -35.50000000 -121.47691345 104.16950989
v -35.50000000 -119.99421692 103.55229950
v -35.50000000 -118.46118164 103.07362366
v -35.50000000 -116.89071655 102.73750305
v -35.50000000 -115.29605103 102.54677582
v -35.50000000 -113.69062042 102.50304413
v -35.50000000 -112.08793640 102.60668182
v -35.50000000 -110.50150299 102.85680389
v -35.50000000 -108.94467926 103.25131226
v -35.50000000 -107.43058777 103.78688049
v -35.50000000 -105.97196198 104.45900726
v -35.50000000 -104.58110046 105.26202393
v -35.50000000 -103.26971436 106.18916321
v -35.50000000 -102.04884338 107.23262787
v -35.50000000 -100.92877960 108.38362122
v -35.50000000 -99.91894531 109.63244629
v -35.50000000 -99.02785492 110.96859741
v -35.50000000 -98.26301575 112.38080597
v -35.50000000 -97.63085938 113.85719299
v -35.50000000 -97.13671112 115.38531494
v -35.50000000 -96.78474426 116.95230103
v -35.50000000 -96.57791138 118.54495239
v -35.50000000 -96.51795197 120.14986420
v -35.50000000 -96.60538483 121.75351715
v -35.50000000 -96.83946991 123.34239197
v -35.50000000 -97.21822357 124.90312195
v -35.71815872 -97.54190063 125.90007019
v -35.87454987 -97.92468262 126.87584686
v -35.96860886 -98.36520386 127.82696533
v -39.50000000 -116.21752930 110.45567322
v -39.50000000 -116.14231110 111.12323761
v -39.50000000 -116.21752930 111.79080200
v -39.50000000 -116.43940735 112.42488861
v -39.50000000 -116.79682159 112.99370575
v -39.50000000 -117.27184296 113.46872711
v -39.50000000 -117.84066010 113.82614136
v -39.50000000 -118.47474670 114.04801941
v -39.50000000 -119.14231110 114.12323761
v -39.50000000 -119.80987549 114.04801941
v -39.50000000 -120.44396210 113.82614136
v -39.50000000 -121.01277924 113.46872711
v -39.50000000 -121.48780823 112.99370575
v -39.50000000 -121.84522247 112.42488861
v -39.50000000 -122.06710052 111.79080200
v -39.50000000 -122.14231110 111.12323761
v -39.50000000 -122.06710052 110.45567322
v -39.50000000 -121.84522247 109.82158661
v -39.50000000 -121.48780823 109.25276947
v -39.50000000 -121.01277924 108.77774048
v -39.50000000 -120.44396210 108.42032623
v -39.50000000 -119.80987549 108.19845581
v -39.50000000 -119.14231110 108.12323761
v -39.50000000 -118.47474670 108.19845581
v -39.50000000 -117.84066010 108.42032623
v -39.50000000 -117.27184296 108.77774048
v -39.50000000 -116.79682159 109.25276947
v -39.50000000 -116.43940735 109.82158661
v -39.50000000 -105.96752930 128.20919800
v -39.50000000 -105.89231110 128.87675476
v -39.50000000 -105.96752930 129.54432678
v -39.50000000 -106.18940735 130.17840576
v -39.50000000 -106.54682159 130.74722290
v -39.50000000 -107.02184296 131.22224426
v -39.50000000 -107.59066010 131.57966614
v -39.50000000 -108.22474670 131.80154419
v -39.50000000 -108.89231110 131.87675476
v -39.50000000 -109.55987549 131.80154419
v -39.50000000 -110.19396210 131.57966614
v -39.50000000 -110.76277924 131.22224426
v -39.50000000 -111.23780823 130.74722290
v -39.50000000 -111.59522247 130.17840576
v -39.50000000 -111.81710052 129.54432678
v -39.50000000 -111.89231110 128.87675476
v -39.50000000 -111.81710052 128.20919800
v -39.50000000 -111.59522247 127.57510376
v -39.50000000 -111.23780823 127.00628662
v -39.50000000 -110.76277924 126.53126526
v -39.50000000 -110.19396210 126.17385101
v -39.50000000 -109.55987549 125.95197296
v -39.50000000 -108.89231110 125.87675476
v -39.50000000 -108.22474670 125.95197296
v -39.50000000 -107.59066010 126.17385101
v -39.50000000 -107.02184296 126.53126526
v -39.50000000 -106.54682159 127.00628662
v -39.50000000 -106.18940735 127.57510376
v -35.50000000 -109.09327698 119.13175201
v -35.50000000 -109.01731110 120.00000000
v -35.50000000 -109.09327698 120.86824036
v -35.50000000 -109.31884766 121.71009827
v -35.50000000 -109.68718719 122.50000000
v -35.50000000 -110.18708801 123.21393585
v -35.50000000 -110.80337524 123.83021545
v -35.50000000 -111.51731110 124.33012390
v -35.50000000 -112.30721283 124.69845581
v -35.50000000 -113.14907074 124.92403412
v -35.50000000 -114.01731110 125.00000000
v -35.50000000 -114.88555145 124.92403412
v -35.50000000 -115.72741699 124.69845581
v -35.50000000 -116.51731110 124.33012390
v -35.50000000 -117.23125458 123.83021545
v -35.50000000 -117.84753418 123.21393585
v -35.50000000 -118.34744263 122.50000000
v -35.50000000 -118.71577454 121.71009827
v -35.50000000 -118.94135284 120.86824036
v -35.50000000 -119.01731110 120.00000000
v -35.50000000 -118.94135284 119.13175201
v -35.50000000 -118.71577454 118.28989410
v -35.50000000 -118.34744263 117.50000000
v -35.50000000 -117.84753418 116.78605652
v -35.50000000 -117.23125458 116.16977692
v -35.50000000 -116.51731110 115.66986847
v -35.50000000 -115.72741699 115.30153656
v -35.50000000 -114.88555145 115.07595825
v -35.50000000 -114.01731110 115.00000000
v -35.50000000 -113.14907074 115.07595825
v -35.50000000 -112.30721283 115.30153656
v -35.50000000 -111.51731110 115.66986847
v -35.50000000 -110.80337524 116.16977692
v -35.50000000 -110.18708801 116.78605652
v -35.50000000 -109.68718719 117.50000000
v -35.50000000 -109.31884766 118.28989410
v -39.50000000 -100.84252930 119.33243561
v -39.50000000 -100.76731110 120.00000000
v -39.50000000 -100.84252930 120.66755676
v -39.50000000 -101.06440735 121.30165100
v -39.50000000 -101.42182159 121.87046814
v -39.50000000 -101.89684296 122.34548950
v -39.50000000 -102.46566010 122.70290375
v -39.50000000 -103.09974670 122.92478180
v -39.50000000 -103.76731110 123.00000000
v -39.50000000 -104.43487549 122.92478180
v -39.50000000 -105.06896210 122.70290375
v -39.50000000 -105.63777924 122.34548950
v -39.50000000 -106.11280823 121.87046814
v -39.50000000 -106.47022247 121.30165100
v -39.50000000 -106.69210052 120.66755676
v -39.50000000 -106.76731110 120.00000000
v -39.50000000 -106.69210052 119.33243561
v -39.50000000 -106.47022247 118.69834137
v -39.50000000 -106.11280823 118.12952423
v -39.50000000 -105.63777924 117.65450287
v -39.50000000 -105.06896210 117.29708862
v -39.50000000 -104.43487549 117.07521057
v -39.50000000 -103.76731110 117.00000000
v -39.50000000 -103.09974670 117.07521057
v -39.50000000 -102.46566010 117.29708862
v -39.50000000 -101.89684296 117.65450287
v -39.50000000 -101.42182159 118.12952423
v -39.50000000 -101.06440735 118.69834137
v -39.50000000 -105.96752930 110.45567322
v -39.50000000 -105.89231110 111.12323761
v -39.50000000 -105.96752930 111.79080200
v -39.50000000 -106.18940735 112.42488861
v -39.50000000 -106.54682159 112.99370575
v -39.50000000 -107.02184296 113.46872711
v -39.50000000 -107.59066010 113.82614136
v -39.50000000 -108.22474670 114.04801941
v -39.50000000 -108.89231110 114.12323761
v -39.50000000 -109.55987549 114.04801941
v -39.50000000 -110.19396210 113.82614136
v -39.50000000 -110.76277924 113.46872711
v -39.50000000 -111.23780823 112.99370575
v -39.50000000 -111.59522247 112.42488861
v -39.50000000 -111.81710052 111.79080200
v -39.50000000 -111.89231110 111.12323761
v -39.50000000 -111.81710052 110.45567322
v -39.50000000 -111.59522247 109.82158661
v -39.50000000 -111.23780823 109.25276947
v -39.50000000 -110.76277924 108.77774048
v -39.50000000 -110.19396210 108.42032623
v -39.50000000 -109.55987549 108.19845581
v -39.50000000 -108.89231110 108.12323761
v -39.50000000 -108.22474670 108.19845581
v -39.50000000 -107.59066010 108.42032623
v -39.50000000 -107.02184296 108.77774048
v -39.50000000 -106.54682159 109.25276947
v -39.50000000 -106.18940735 109.82158661
v -39.50000000 -121.34252930 119.33243561
v -39.50000000 -121.26731110 120.00000000
v -39.50000000 -121.34252930 120.66755676
v -39.50000000 -121.56440735 121.30165100
v -39.50000000 -121.92182159 121.87046814
v -39.50000000 -122.39684296 122.34548950
v -39.50000000 -122.96566010 122.70290375
v -39.50000000 -123.59974670 122.92478180
v -39.50000000 -124.26731110 123.00000000
v -39.50000000 -124.93487549 122.92478180
v -39.50000000 -125.56896210 122.70290375
v -39.50000000 -126.13777924 122.34548950
v -39.50000000 -126.61280823 121.87046814
v -39.50000000 -126.97022247 121.30165100
v -39.50000000 -127.19210052 120.66755676
v -39.50000000 -127.26731110 120.00000000
v -39.50000000 -127.19210052 119.33243561
v -39.50000000 -126.97022247 118.69834137
v -39.50000000 -126.61280823 118.12952423
v -39.50000000 -126.13777924 117.65450287
v -39.50000000 -125.56896210 117.29708862
v -39.50000000 -124.93487549 117.07521057
v -39.50000000 -124.26731110 117.00000000
v -39.50000000 -123.59974670 117.07521057
v -39.50000000 -122.96566010 117.29708862
v -39.50000000 -122.39684296 117.65450287
v -39.50000000 -121.92182159 118.12952423
v -39.50000000 -121.56440735 118.69834137
v -39.50000000 -116.21752930 128.20919800
v -39.50000000 -116.14231110 128.87675476
v -39.50000000 -116.21752930 129.54432678
v -39.50000000 -116.43940735 130.17840576
v -39.50000000 -116.79682159 130.74722290
v -39.50000000 -117.27184296 131.22224426
v -39.50000000 -117.84066010 131.57966614
v -39.50000000 -118.47474670 131.80154419
v -39.50000000 -119.14231110 131.87675476
v -39.50000000 -119.80987549 131.80154419
v -39.50000000 -120.44396210 131.57966614
v -39.50000000 -121.01277924 131.22224426
v -39.50000000 -121.48780823 130.74722290
v -39.50000000 -121.84522247 130.17840576
v -39.50000000 -122.06710052 129.54432678
v -39.50000000 -122.14231110 128.87675476
v -39.50000000 -122.06710052 128.20919800
v -39.50000000 -121.84522247 127.57510376
v -39.50000000 -121.48780823 127.00628662
v -39.50000000 -121.01277924 126.53126526
v -39.50000000 -120.44396210 126.17385101
v -39.50000000 -119.80987549 125.95197296
v -39.50000000 -119.14231110 125.87675476
v -39.50000000 -118.47474670 125.95197296
v -39.50000000 -117.84066010 126.17385101
v -39.50000000 -117.27184296 126.53126526
v -39.50000000 -116.79682159 127.00628662
v -39.50000000 -116.43940735 127.57510376
v -32.00000000 -115.44390106 129.78646851
v -35.00000000 -115.44390106 129.78646851
v -32.00000000 -115.51731110 130.25000000
v -35.00000000 -115.51731110 130.25000000
v -32.00000000 -115.44390106 130.71351624
v -35.00000000 -115.44390106 130.71351624
v -32.00000000 -115.23083496 131.13166809
v -35.00000000 -115.23083496 131.13166809
v -32.00000000 -114.89899445 131.46351624
v -35.00000000 -114.89899445 131.46351624
v -32.00000000 -114.48083496 131.67657471
v -35.00000000 -114.48083496 131.67657471
v -32.00000000 -114.01731110 131.75000000
v -35.00000000 -114.01731110 131.75000000
v -32.00000000 -113.55378723 131.67657471
v -35.00000000 -113.55378723 131.67657471
v -32.00000000 -113.13563538 131.46351624
v -35.00000000 -113.13563538 131.46351624
v -32.00000000 -112.80378723 131.13166809
v -35.00000000 -112.80378723 131.13166809
v -32.00000000 -112.59072876 130.71351624
v -35.00000000 -112.59072876 130.71351624
v -32.00000000 -112.51731110 130.25000000
v -35.00000000 -112.51731110 130.25000000
v -32.00000000 -112.59072876 129.78646851
v -35.00000000 -112.59072876 129.78646851
v -32.00000000 -112.80378723 129.36831665
v -35.00000000 -112.80378723 129.36831665
v -32.00000000 -113.13563538 129.03646851
v -35.00000000 -113.13563538 129.03646851
v -32.00000000 -113.55378723 128.82341003
v -35.00000000 -113.55378723 128.82341003
v -32.00000000 -114.01731110 128.75000000
v -35.00000000 -114.01731110 128.75000000
v -32.00000000 -114.48083496 128.82341003
v -35.00000000 -114.48083496 128.82341003
v -32.00000000 -114.89899445 129.03646851
v -35.00000000 -114.89899445 129.03646851
v -32.00000000 -115.23083496 129.36831665
v -35.00000000 -115.23083496 129.36831665
v -32.00000000 -115.44390106 109.28646851
v -35.00000000 -115.44390106 109.28646851
v -32.00000000 -115.51731110 109.75000000
v -35.00000000 -115.51731110 109.75000000
v -32.00000000 -115.44390106 110.21352386
v -35.00000000 -115.44390106 110.21352386
v -32.00000000 -115.23083496 110.63167572
v -35.00000000 -115.23083496 110.63167572
v -32.00000000 -114.89899445 110.96352386
v -35.00000000 -114.89899445 110.96352386
v -32.00000000 -114.48083496 111.17658234
v -35.00000000 -114.48083496 111.17658234
v -32.00000000 -114.01731110 111.25000000
v -35.00000000 -114.01731110 111.25000000
v -32.00000000 -113.55378723 111.17658234
v -35.00000000 -113.55378723 111.17658234
v -32.00000000 -113.13563538 110.96352386
v -35.00000000 -113.13563538 110.96352386
v -32.00000000 -112.80378723 110.63167572
v -35.00000000 -112.80378723 110.63167572
v -32.00000000 -112.59072876 110.21352386
v -35.00000000 -112.59072876 110.21352386
v -32.00000000 -112.51731110 109.75000000
v -35.00000000 -112.51731110 109.75000000
v -32.00000000 -112.59072876 109.28646851
v -35.00000000 -112.59072876 109.28646851
v -32.00000000 -112.80378723 108.86831665
v -35.00000000 -112.80378723 108.86831665
v -32.00000000 -113.13563538 108.53646851
v -35.00000000 -113.13563538 108.53646851
v -32.00000000 -113.55378723 108.32341003
v -35.00000000 -113.55378723 108.32341003
v -32.00000000 -114.01731110 108.25000000
v -35.00000000 -114.01731110 108.25000000
v -32.00000000 -114.48083496 108.32341003
v -35.00000000 -114.48083496 108.32341003
v -32.00000000 -114.89899445 108.53646851
v -35.00000000 -114.89899445 108.53646851
v -32.00000000 -115.23083496 108.86831665
v -35.00000000 -115.23083496 108.86831665
v -39.50000000 -107.46572876 128.41323853
v -32.00000000 -107.46572876 128.41323853
v -39.50000000 -107.39231110 128.87675476
v -32.00000000 -107.39231110 128.87675476
v -39.50000000 -107.46572876 129.34028625
v -32.00000000 -107.46572876 129.34028625
v -39.50000000 -107.67878723 129.75843811
v -32.00000000 -107.67878723 129.75843811
v -39.50000000 -108.01063538 130.09028625
v -32.00000000 -108.01063538 130.09028625
v -39.50000000 -108.42878723 130.30334473
v -32.00000000 -108.42878723 130.30334473
v -39.50000000 -108.89231110 130.37675476
v -32.00000000 -108.89231110 130.37675476
v -39.50000000 -109.35583496 130.30334473
v -32.00000000 -109.35583496 130.30334473
v -39.50000000 -109.77399445 130.09028625
v -32.00000000 -109.77399445 130.09028625
v -39.50000000 -110.10583496 129.75843811
v -32.00000000 -110.10583496 129.75843811
v -39.50000000 -110.31890106 129.34028625
v -32.00000000 -110.31890106 129.34028625
v -39.50000000 -110.39231110 128.87675476
v -32.00000000 -110.39231110 128.87675476
v -39.50000000 -110.31890106 128.41323853
v -32.00000000 -110.31890106 128.41323853
v -39.50000000 -110.10583496 127.99507904
v -32.00000000 -110.10583496 127.99507904
v -39.50000000 -109.77399445 127.66323090
v -32.00000000 -109.77399445 127.66323090
v -39.50000000 -109.35583496 127.45017242
v -32.00000000 -109.35583496 127.45017242
v -39.50000000 -108.89231110 127.37675476
v -32.00000000 -108.89231110 127.37675476
v -39.50000000 -108.42878723 127.45017242
v -32.00000000 -108.42878723 127.45017242
v -39.50000000 -108.01063538 127.66323090
v -32.00000000 -108.01063538 127.66323090
v -39.50000000 -107.67878723 127.99507904
v -32.00000000 -107.67878723 127.99507904
v -39.50000000 -117.71572876 128.41323853
v -32.00000000 -117.71572876 128.41323853
v -39.50000000 -117.64231110 128.87675476
v -32.00000000 -117.64231110 128.87675476
v -39.50000000 -117.71572876 129.34028625
v -32.00000000 -117.71572876 129.34028625
v -39.50000000 -117.92878723 129.75843811
v -32.00000000 -117.92878723 129.75843811
v -39.50000000 -118.26063538 130.09028625
v -32.00000000 -118.26063538 130.09028625
v -39.50000000 -118.67878723 130.30334473
v -32.00000000 -118.67878723 130.30334473
v -39.50000000 -119.14231110 130.37675476
v -32.00000000 -119.14231110 130.37675476
v -39.50000000 -119.60583496 130.30334473
v -32.00000000 -119.60583496 130.30334473
v -39.50000000 -120.02399445 130.09028625
v -32.00000000 -120.02399445 130.09028625
v -39.50000000 -120.35583496 129.75843811
v -32.00000000 -120.35583496 129.75843811
v -39.50000000 -120.56890106 129.34028625
v -32.00000000 -120.56890106 129.34028625
v -39.50000000 -120.64231110 128.87675476
v -32.00000000 -120.64231110 128.87675476
v -39.50000000 -120.56890106 128.41323853
v -32.00000000 -120.56890106 128.41323853
v -39.50000000 -120.35583496 127.99507904
v -32.00000000 -120.35583496 127.99507904
v -39.50000000 -120.02399445 127.66323090
v -32.00000000 -120.02399445 127.66323090
v -39.50000000 -119.60583496 127.45017242
v -32.00000000 -119.60583496 127.45017242
v -39.50000000 -119.14231110 127.37675476
v -32.00000000 -119.14231110 127.37675476
v -39.50000000 -118.67878723 127.45017242
v -32.00000000 -118.67878723 127.45017242
v -39.50000000 -118.26063538 127.66323090
v -32.00000000 -118.26063538 127.66323090
v -39.50000000 -117.92878723 127.99507904
v -32.00000000 -117.92878723 127.99507904
v -39.50000000 -122.84072876 119.53646851
v -32.00000000 -122.84072876 119.53646851
v -39.50000000 -122.76731110 120.00000000
v -32.00000000 -122.76731110 120.00000000
v -39.50000000 -122.84072876 120.46352386
v -32.00000000 -122.84072876 120.46352386
v -39.50000000 -123.05378723 120.88167572
v -32.00000000 -123.05378723 120.88167572
v -39.50000000 -123.38563538 121.21352386
v -32.00000000 -123.38563538 121.21352386
v -39.50000000 -123.80378723 121.42658234
v -32.00000000 -123.80378723 121.42658234
v -39.50000000 -124.26731110 121.50000000
v -32.00000000 -124.26731110 121.50000000
v -39.50000000 -124.73083496 121.42658234
v -32.00000000 -124.73083496 121.42658234
v -39.50000000 -125.14899445 121.21352386
v -32.00000000 -125.14899445 121.21352386
v -39.50000000 -125.48083496 120.88167572
v -32.00000000 -125.48083496 120.88167572
v -39.50000000 -125.69390106 120.46352386
v -32.00000000 -125.69390106 120.46352386
v -39.50000000 -125.76731110 120.00000000
v -32.00000000 -125.76731110 120.00000000
v -39.50000000 -125.69390106 119.53646851
v -32.00000000 -125.69390106 119.53646851
v -39.50000000 -125.48083496 119.11831665
v -32.00000000 -125.48083496 119.11831665
v -39.50000000 -125.14899445 118.78646851
v -32.00000000 -125.14899445 118.78646851
v -39.50000000 -124.73083496 118.57341003
v -32.00000000 -124.73083496 118.57341003
v -39.50000000 -124.26731110 118.50000000
v -32.00000000 -124.26731110 118.50000000
v -39.50000000 -123.80378723 118.57341003
v -32.00000000 -123.80378723 118.57341003
v -39.50000000 -123.38563538 118.78646851
v -32.00000000 -123.38563538 118.78646851
v -39.50000000 -123.05378723 119.11831665
v -32.00000000 -123.05378723 119.11831665
v -39.50000000 -117.71572876 110.65971375
v -32.00000000 -117.71572876 110.65971375
v -39.50000000 -117.64231110 111.12323761
v -32.00000000 -117.64231110 111.12323761
v -39.50000000 -117.71572876 111.58676147
v -32.00000000 -117.71572876 111.58676147
v -39.50000000 -117.92878723 112.00491333
v -32.00000000 -117.92878723 112.00491333
v -39.50000000 -118.26063538 112.33676147
v -32.00000000 -118.26063538 112.33676147
v -39.50000000 -118.67878723 112.54981995
v -32.00000000 -118.67878723 112.54981995
v -39.50000000 -119.14231110 112.62323761
v -32.00000000 -119.14231110 112.62323761
v -39.50000000 -119.60583496 112.54981995
v -32.00000000 -119.60583496 112.54981995
v -39.50000000 -120.02399445 112.33676147
v -32.00000000 -120.02399445 112.33676147
v -39.50000000 -120.35583496 112.00491333
v -32.00000000 -120.35583496 112.00491333
v -39.50000000 -120.56890106 111.58676147
v -32.00000000 -120.56890106 111.58676147
v -39.50000000 -120.64231110 111.12323761
v -32.00000000 -120.64231110 111.12323761
v -39.50000000 -120.56890106 110.65971375
v -32.00000000 -120.56890106 110.65971375
v -39.50000000 -120.35583496 110.24155426
v -32.00000000 -120.35583496 110.24155426
v -39.50000000 -120.02399445 109.90971375
v -32.00000000 -120.02399445 109.90971375
v -39.50000000 -119.60583496 109.69664764
v -32.00000000 -119.60583496 109.69664764
v -39.50000000 -119.14231110 109.62323761
v -32.00000000 -119.14231110 109.62323761
v -39.50000000 -118.67878723 109.69664764
v -32.00000000 -118.67878723 109.69664764
v -39.50000000 -118.26063538 109.90971375
v -32.00000000 -118.26063538 109.90971375
v -39.50000000 -117.92878723 110.24155426
v -32.00000000 -117.92878723 110.24155426
v -39.50000000 -107.46572876 110.65971375
v -32.00000000 -107.46572876 110.65971375
v -39.50000000 -107.39231110 111.12323761
v -32.00000000 -107.39231110 111.12323761
v -39.50000000 -107.46572876 111.58676147
v -32.00000000 -107.46572876 111.58676147
v -39.50000000 -107.67878723 112.00491333
v -32.00000000 -107.67878723 112.00491333
v -39.50000000 -108.01063538 112.33676147
v -32.00000000 -108.01063538 112.33676147
v -39.50000000 -108.42878723 112.54981995
v -32.00000000 -108.42878723 112.54981995
v -39.50000000 -108.89231110 112.62323761
v -32.00000000 -108.89231110 112.62323761
v -39.50000000 -109.35583496 112.54981995
v -32.00000000 -109.35583496 112.54981995
v -39.50000000 -109.77399445 112.33676147
v -32.00000000 -109.77399445 112.33676147
v -39.50000000 -110.10583496 112.00491333
v -32.00000000 -110.10583496 112.00491333
v -39.50000000 -110.31890106 111.58676147
v -32.00000000 -110.31890106 111.58676147
v -39.50000000 -110.39231110 111.12323761
v -32.00000000 -110.39231110 111.12323761
v -39.50000000 -110.31890106 110.65971375
v -32.00000000 -110.31890106 110.65971375
v -39.50000000 -110.10583496 110.24155426
v -32.00000000 -110.10583496 110.24155426
v -39.50000000 -109.77399445 109.90971375
v -32.00000000 -109.77399445 109.90971375
v -39.50000000 -109.35583496 109.69664764
v -32.00000000 -109.35583496 109.69664764
v -39.50000000 -108.89231110 109.62323761
v -32.00000000 -108.89231110 109.62323761
v -39.50000000 -108.42878723 109.69664764
v -32.00000000 -108.42878723 109.69664764
v -39.50000000 -108.01063538 109.90971375
v -32.00000000 -108.01063538 109.90971375
v -39.50000000 -107.67878723 110.24155426
v -32.00000000 -107.67878723 110.24155426
v -39.50000000 -102.34072876 119.53646851
v -32.00000000 -102.34072876 119.53646851
v -39.50000000 -102.26731110 120.00000000
v -32.00000000 -102.26731110 120.00000000
v -39.50000000 -102.34072876 120.46352386
v -32.00000000 -102.34072876 120.46352386
v -39.50000000 -102.55378723 120.88167572
v -32.00000000 -102.55378723 120.88167572
v -39.50000000 -102.88563538 121.21352386
v -32.00000000 -102.88563538 121.21352386
v -39.50000000 -103.30378723 121.42658234
v -32.00000000 -103.30378723 121.42658234
v -39.50000000 -103.76731110 121.50000000
v -32.00000000 -103.76731110 121.50000000
v -39.50000000 -104.23083496 121.42658234
v -32.00000000 -104.23083496 121.42658234
v -39.50000000 -104.64899445 121.21352386
v -32.00000000 -104.64899445 121.21352386
v -39.50000000 -104.98083496 120.88167572
v -32.00000000 -104.98083496 120.88167572
v -39.50000000 -105.19390106 120.46352386
v -32.00000000 -105.19390106 120.46352386
v -39.50000000 -105.26731110 120.00000000
v -32.00000000 -105.26731110 120.00000000
v -39.50000000 -105.19390106 119.53646851
v -32.00000000 -105.19390106 119.53646851
v -39.50000000 -104.98083496 119.11831665
v -32.00000000 -104.98083496 119.11831665
v -39.50000000 -104.64899445 118.78646851
v -32.00000000 -104.64899445 118.78646851
v -39.50000000 -104.23083496 118.57341003
v -32.00000000 -104.23083496 118.57341003
v -39.50000000 -103.76731110 118.50000000
v -32.00000000 -103.76731110 118.50000000
v -39.50000000 -103.30378723 118.57341003
v -32.00000000 -103.30378723 118.57341003
v -39.50000000 -102.88563538 118.78646851
v -32.00000000 -102.88563538 118.78646851
v -39.50000000 -102.55378723 119.11831665
v -32.00000000 -102.55378723 119.11831665
v -4.02230930 -75.59379578 100.00000000
v -4.75000000 -75.51731110 100.00000000
v -4.75000000 -76.01731110 99.50000000
v -5.47769070 -75.59379578 100.00000000
v -5.41756296 -76.09252930 99.50000000
v -6.17357826 -75.81990051 100.00000000
v -6.05165100 -76.31440735 99.50000000
v -6.80724859 -76.18575287 100.00000000
v -6.62046957 -76.67182159 99.50000000
v -7.35100698 -76.67535400 100.00000000
v -7.09549427 -77.14684296 99.50000000
v -7.78108883 -77.26731110 100.00000000
v -7.45290661 -77.71566010 99.50000000
v -8.07869816 -77.93575287 100.00000000
v -7.67478371 -78.34974670 99.50000000
v -8.23082638 -78.65146637 100.00000000
v -7.75000000 -79.01731110 99.50000000
v -8.23082638 -79.38316345 100.00000000
v -7.67478371 -79.68487549 99.50000000
v -8.07869816 -80.09886932 100.00000000
v -7.45290661 -80.31896210 99.50000000
v -7.78108883 -80.76731110 100.00000000
v -7.09549427 -80.88777924 99.50000000
v -7.35100698 -81.35926819 100.00000000
v -6.62046957 -81.36280823 99.50000000
v -6.80724859 -81.84886932 100.00000000
v -6.05165100 -81.72022247 99.50000000
v -6.17357826 -82.21472168 100.00000000
v -5.41756296 -81.94210052 99.50000000
v -5.47769070 -82.44082642 100.00000000
v -4.75000000 -82.01731110 99.50000000
v -4.75000000 -82.51731110 100.00000000
v -4.02230930 -82.44082642 100.00000000
v -4.08243704 -81.94210052 99.50000000
v -3.32642174 -82.21472168 100.00000000
v -3.44834876 -81.72022247 99.50000000
v -2.69275165 -81.84886932 100.00000000
v -2.87953067 -81.36280823 99.50000000
v -2.14899302 -81.35926819 100.00000000
v -2.40450549 -80.88777924 99.50000000
v -1.71891105 -80.76731110 100.00000000
v -2.04709339 -80.31896210 99.50000000
v -1.42130220 -80.09886932 100.00000000
v -1.82521629 -79.68487549 99.50000000
v -1.26917338 -79.38316345 100.00000000
v -1.75000000 -79.01731110 99.50000000
v -1.26917338 -78.65146637 100.00000000
v -1.82521629 -78.34974670 99.50000000
v -1.42130220 -77.93575287 100.00000000
v -2.04709339 -77.71566010 99.50000000
v -1.71891105 -77.26731110 100.00000000
v -2.40450549 -77.14684296 99.50000000
v -2.14899302 -76.67535400 100.00000000
v -2.87953067 -76.67182159 99.50000000
v -2.69275165 -76.18575287 100.00000000
v -3.44834876 -76.31440735 99.50000000
v -3.32642174 -75.81990051 100.00000000
v -4.08243704 -76.09252930 99.50000000
v -24.52230835 -75.59379578 100.00000000
v -25.25000000 -75.51731110 100.00000000
v -25.25000000 -76.01731110 99.50000000
v -25.97769165 -75.59379578 100.00000000
v -25.91756248 -76.09252930 99.50000000
v -26.67357826 -75.81990051 100.00000000
v -26.55165100 -76.31440735 99.50000000
v -27.30724907 -76.18575287 100.00000000
v -27.12047005 -76.67182159 99.50000000
v -27.85100746 -76.67535400 100.00000000
v -27.59549522 -77.14684296 99.50000000
v -28.28108978 -77.26731110 100.00000000
v -27.95290565 -77.71566010 99.50000000
v -28.57869720 -77.93575287 100.00000000
v -28.17478371 -78.34974670 99.50000000
v -28.73082733 -78.65146637 100.00000000
v -28.25000000 -79.01731110 99.50000000
v -28.73082733 -79.38316345 100.00000000
v -28.17478371 -79.68487549 99.50000000
v -28.57869720 -80.09886932 100.00000000
v -27.95290565 -80.31896210 99.50000000
v -28.28108978 -80.76731110 100.00000000
v -27.59549522 -80.88777924 99.50000000
v -27.85100746 -81.35926819 100.00000000
v -27.12047005 -81.36280823 99.50000000
v -27.30724907 -81.84886932 100.00000000
v -26.55165100 -81.72022247 99.50000000
v -26.67357826 -82.21472168 100.00000000
v -25.91756248 -81.94210052 99.50000000
v -25.97769165 -82.44082642 100.00000000
v -25.25000000 -82.01731110 99.50000000
v -25.25000000 -82.51731110 100.00000000
v -24.52230835 -82.44082642 100.00000000
v -24.58243752 -81.94210052 99.50000000
v -23.82642174 -82.21472168 100.00000000
v -23.94834900 -81.72022247 99.50000000
v -23.19275093 -81.84886932 100.00000000
v -23.37952995 -81.36280823 99.50000000
v -22.64899254 -81.35926819 100.00000000
v -22.90450478 -80.88777924 99.50000000
v -22.21891022 -80.76731110 100.00000000
v -22.54709435 -80.31896210 99.50000000
v -21.92130280 -80.09886932 100.00000000
v -22.32521629 -79.68487549 99.50000000
v -21.76917267 -79.38316345 100.00000000
v -22.25000000 -79.01731110 99.50000000
v -21.76917267 -78.65146637 100.00000000
v -22.32521629 -78.34974670 99.50000000
v -21.92130280 -77.93575287 100.00000000
v -22.54709435 -77.71566010 99.50000000
v -22.21891022 -77.26731110 100.00000000
v -22.90450478 -77.14684296 99.50000000
v -22.64899254 -76.67535400 100.00000000
v -23.37952995 -76.67182159 99.50000000
v -23.19275093 -76.18575287 100.00000000
v -23.94834900 -76.31440735 99.50000000
v -23.82642174 -75.81990051 100.00000000
v -24.58243752 -76.09252930 99.50000000
v -19.39730835 -66.71703339 100.00000000
v -20.12500000 -66.64055634 100.00000000
v -20.12500000 -67.14055634 99.50000000
v -20.85269165 -66.71703339 100.00000000
v -20.79256248 -67.21576691 99.50000000
v -21.54857826 -66.94314575 100.00000000
v -21.42665100 -67.43764496 99.50000000
v -22.18224907 -67.30899048 100.00000000
v -21.99547005 -67.79505920 99.50000000
v -22.72600746 -67.79859924 100.00000000
v -22.47049522 -68.27008057 99.50000000
v -23.15608978 -68.39055634 100.00000000
v -22.82790565 -68.83889771 99.50000000
v -23.45369720 -69.05899048 100.00000000
v -23.04978371 -69.47299194 99.50000000
v -23.60582733 -69.77470398 100.00000000
v -23.12500000 -70.14055634 99.50000000
v -23.60582733 -70.50640106 100.00000000
v -23.04978371 -70.80811310 99.50000000
v -23.45369720 -71.22211456 100.00000000
v -22.82790565 -71.44220734 99.50000000
v -23.15608978 -71.89055634 100.00000000
v -22.47049522 -72.01102448 99.50000000
v -22.72600746 -72.48251343 100.00000000
v -21.99547005 -72.48604584 99.50000000
v -22.18224907 -72.97211456 100.00000000
v -21.42665100 -72.84346008 99.50000000
v -21.54857826 -73.33795929 100.00000000
v -20.79256248 -73.06533813 99.50000000
v -20.85269165 -73.56407166 100.00000000
v -20.12500000 -73.14055634 99.50000000
v -20.12500000 -73.64055634 100.00000000
v -19.39730835 -73.56407166 100.00000000
v -19.45743752 -73.06533813 99.50000000
v -18.70142174 -73.33795929 100.00000000
v -18.82334900 -72.84346008 99.50000000
v -18.06775093 -72.97211456 100.00000000
v -18.25452995 -72.48604584 99.50000000
v -17.52399254 -72.48251343 100.00000000
v -17.77950478 -72.01102448 99.50000000
v -17.09391022 -71.89055634 100.00000000
v -17.42209435 -71.44220734 99.50000000
v -16.79630280 -71.22211456 100.00000000
v -17.20021629 -70.80811310 99.50000000
v -16.64417267 -70.50640106 100.00000000
v -17.12500000 -70.14055634 99.50000000
v -16.64417267 -69.77470398 100.00000000
v -17.20021629 -69.47299194 99.50000000
v -16.79630280 -69.05899048 100.00000000
v -17.42209435 -68.83889771 99.50000000
v -17.09391022 -68.39055634 100.00000000
v -17.77950478 -68.27008057 99.50000000
v -17.52399254 -67.79859924 100.00000000
v -18.25452995 -67.79505920 99.50000000
v -18.06775093 -67.30899048 100.00000000
v -18.82334900 -67.43764496 99.50000000
v -18.70142174 -66.94314575 100.00000000
v -19.45743752 -67.21576691 99.50000000
v -9.14730930 -66.71703339 100.00000000
v -9.87500000 -66.64055634 100.00000000
v -9.87500000 -67.14055634 99.50000000
v -10.60269070 -66.71703339 100.00000000
v -10.54256248 -67.21576691 99.50000000
v -11.29857826 -66.94314575 100.00000000
v -11.17665100 -67.43764496 99.50000000
v -11.93224812 -67.30899048 100.00000000
v -11.74546909 -67.79505920 99.50000000
v -12.47600651 -67.79859924 100.00000000
v -12.22049427 -68.27008057 99.50000000
v -12.90608883 -68.39055634 100.00000000
v -12.57790661 -68.83889771 99.50000000
v -13.20369816 -69.05899048 100.00000000
v -12.79978371 -69.47299194 99.50000000
v -13.35582638 -69.77470398 100.00000000
v -12.87500000 -70.14055634 99.50000000
v -13.35582638 -70.50640106 100.00000000
v -12.79978371 -70.80811310 99.50000000
v -13.20369816 -71.22211456 100.00000000
v -12.57790661 -71.44220734 99.50000000
v -12.90608883 -71.89055634 100.00000000
v -12.22049427 -72.01102448 99.50000000
v -12.47600651 -72.48251343 100.00000000
v -11.74546909 -72.48604584 99.50000000
v -11.93224812 -72.97211456 100.00000000
v -11.17665100 -72.84346008 99.50000000
v -11.29857826 -73.33795929 100.00000000
v -10.54256248 -73.06533813 99.50000000
v -10.60269070 -73.56407166 100.00000000
v -9.87500000 -73.14055634 99.50000000
v -9.87500000 -73.64055634 100.00000000
v -9.14730930 -73.56407166 100.00000000
v -9.20743752 -73.06533813 99.50000000
v -8.45142174 -73.33795929 100.00000000
v -8.57334900 -72.84346008 99.50000000
v -7.81775141 -72.97211456 100.00000000
v -8.00453091 -72.48604584 99.50000000
v -7.27399302 -72.48251343 100.00000000
v -7.52950573 -72.01102448 99.50000000
v -6.84391117 -71.89055634 100.00000000
v -7.17209339 -71.44220734 99.50000000
v -6.54630232 -71.22211456 100.00000000
v -6.95021629 -70.80811310 99.50000000
v -6.39417315 -70.50640106 100.00000000
v -6.87500000 -70.14055634 99.50000000
v -6.39417315 -69.77470398 100.00000000
v -6.95021629 -69.47299194 99.50000000
v -6.54630232 -69.05899048 100.00000000
v -7.17209339 -68.83889771 99.50000000
v -6.84391117 -68.39055634 100.00000000
v -7.52950573 -68.27008057 99.50000000
v -7.27399302 -67.79859924 100.00000000
v -8.00453091 -67.79505920 99.50000000
v -7.81775141 -67.30899048 100.00000000
v -8.57334900 -67.43764496 99.50000000
v -8.45142174 -66.94314575 100.00000000
v -9.20743752 -67.21576691 99.50000000
v -15.84430599 -48.02881241 86.50000000
v -15.84430599 -48.02881241 84.00000000
v -16.03640938 -48.07291031 86.50000000
v -16.03640938 -48.07291031 84.00000000
v -16.19654655 -48.18782043 84.00000000
v -16.19654655 -48.18782043 86.50000000
v -16.29982948 -48.35569382 84.00000000
v -16.29982948 -48.35569382 86.50000000
v -16.33021164 -48.55043793 86.50000000
v -16.33021164 -48.55043793 84.00000000
v -17.14776993 -88.26298523 99.50000000
v -17.20021629 -88.56163788 89.50000000
v -17.30601883 -88.92040253 99.50000000
v -17.42209435 -89.19572449 89.50000000
v -17.52312469 -89.38684082 99.24219513
v -17.77950478 -89.76454163 89.50000000
v -17.80517769 -89.79559326 98.95792389
v -18.13256073 -90.13680267 98.66976929
v -18.25452995 -90.23957062 89.50000000
v -18.51734161 -90.42694855 98.37837219
v -18.82334900 -90.59697723 89.50000000
v -18.87125015 -90.61930084 98.17039490
v -19.26709175 -90.76840210 98.01158905
v -19.45743752 -90.81885529 89.50000000
v -19.69140434 -90.86180115 97.91320038
v -20.12500000 -90.89407349 89.50000000
v -20.12500000 -90.89407349 97.87950897
v -20.55859566 -90.86180115 97.91320038
v -20.79256248 -90.81885529 89.50000000
v -20.98290825 -90.76840210 98.01158905
v -21.42665100 -90.59697723 89.50000000
v -21.37874985 -90.61930084 98.17039490
v -21.73265839 -90.42694855 98.37837219
v -21.99547005 -90.23957062 89.50000000
v -22.11743927 -90.13680267 98.66976929
v -22.47049522 -89.76454163 89.50000000
v -22.44482231 -89.79559326 98.95792389
v -22.72687531 -89.38684082 99.24219513
v -22.82790565 -89.19572449 89.50000000
v -22.94398117 -88.92040253 99.50000000
v -23.04978371 -88.56163788 89.50000000
v -23.10223007 -88.26298523 99.50000000
v -23.12500000 -87.89407349 89.50000000
v -23.10922623 -87.58683014 99.50000000
v -23.04978371 -87.22650909 89.50000000
v -22.96460915 -86.92628479 99.50000000
v -22.82790565 -86.59242249 89.50000000
v -22.67572975 -86.31490326 99.50000000
v -22.47049522 -86.02360535 89.50000000
v -22.25726318 -85.78375244 99.50000000
v -21.99547005 -85.54857635 89.50000000
v -21.73046875 -85.35981750 99.50000000
v -21.42665100 -85.19116974 89.50000000
v -21.12211227 -85.06462860 99.50000000
v -20.79256248 -84.96929169 89.50000000
v -20.46309662 -84.91318512 99.50000000
v -20.12500000 -84.89407349 89.50000000
v -19.78690338 -84.91318512 99.50000000
v -19.45743752 -84.96929169 89.50000000
v -19.12788773 -85.06462860 99.50000000
v -18.82334900 -85.19116974 89.50000000
v -18.51953125 -85.35981750 99.50000000
v -18.25452995 -85.54857635 89.50000000
v -17.99273682 -85.78375244 99.50000000
v -17.77950478 -86.02360535 89.50000000
v -17.57427025 -86.31490326 99.50000000
v -17.42209435 -86.59242249 89.50000000
v -17.28539085 -86.92628479 99.50000000
v -17.20021629 -87.22650909 89.50000000
v -17.14077377 -87.58683014 99.50000000
v -17.12500000 -87.89407349 89.50000000
v -6.89776897 -88.26298523 99.50000000
v -6.95021629 -88.56163788 89.50000000
v -7.05601883 -88.92040253 99.50000000
v -7.17209339 -89.19572449 89.50000000
v -7.27312374 -89.38684082 99.24219513
v -7.52950573 -89.76454163 89.50000000
v -7.55517673 -89.79559326 98.95792389
v -7.88255978 -90.13680267 98.66976929
v -8.00453091 -90.23957062 89.50000000
v -8.26734257 -90.42694855 98.37837219
v -8.57334900 -90.59697723 89.50000000
v -8.62336826 -90.62028503 98.16934204
v -9.02174664 -90.76977539 98.01013947
v -9.20743752 -90.81885529 89.50000000
v -9.44870567 -90.86286926 97.91208649
v -9.87500000 -90.89407349 89.50000000
v -9.88472271 -90.89405823 97.87953186
v -10.31761265 -90.86119843 97.91391754
v -10.54256248 -90.81885529 89.50000000
v -10.73725128 -90.76743317 98.01264954
v -11.17665100 -90.59697723 89.50000000
v -11.12930775 -90.61925507 98.17041016
v -11.48265743 -90.42694855 98.37837219
v -11.74546909 -90.23957062 89.50000000
v -11.86744022 -90.13680267 98.66976929
v -12.22049427 -89.76454163 89.50000000
v -12.19482327 -89.79559326 98.95792389
v -12.47687626 -89.38684082 99.24219513
v -12.57790661 -89.19572449 89.50000000
v -12.69398117 -88.92040253 99.50000000
v -12.79978371 -88.56163788 89.50000000
v -12.85223103 -88.26298523 99.50000000
v -12.87500000 -87.89407349 89.50000000
v -12.85922527 -87.58683014 99.50000000
v -12.79978371 -87.22650909 89.50000000
v -12.71460915 -86.92628479 99.50000000
v -12.57790661 -86.59242249 89.50000000
v -12.42572975 -86.31490326 99.50000000
v -12.22049427 -86.02360535 89.50000000
v -12.00726318 -85.78375244 99.50000000
v -11.74546909 -85.54857635 89.50000000
v -11.48046970 -85.35981750 99.50000000
v -11.17665100 -85.19116974 89.50000000
v -10.87211132 -85.06462860 99.50000000
v -10.54256248 -84.96929169 89.50000000
v -10.21309566 -84.91318512 99.50000000
v -9.87500000 -84.89407349 89.50000000
v -9.53690434 -84.91318512 99.50000000
v -9.20743752 -84.96929169 89.50000000
v -8.87788868 -85.06462860 99.50000000
v -8.57334900 -85.19116974 89.50000000
v -8.26953030 -85.35981750 99.50000000
v -8.00453091 -85.54857635 89.50000000
v -7.74273634 -85.78375244 99.50000000
v -7.52950573 -86.02360535 89.50000000
v -7.32426977 -86.31490326 99.50000000
v -7.17209339 -86.59242249 89.50000000
v -7.03539038 -86.92628479 99.50000000
v -6.95021629 -87.22650909 89.50000000
v -6.89077473 -87.58683014 99.50000000
v -6.87500000 -87.89407349 89.50000000
v -20.79256248 -67.21576691 89.50000000
v -20.12500000 -67.14055634 89.50000000
v -19.45743752 -67.21576691 89.50000000
v -18.82334900 -67.43764496 89.50000000
v -18.25452995 -67.79505920 89.50000000
v -17.77950478 -68.27008057 89.50000000
v -17.42209435 -68.83889771 89.50000000
v -17.20021629 -69.47299194 89.50000000
v -17.12500000 -70.14055634 89.50000000
v -17.20021629 -70.80811310 89.50000000
v -17.42209435 -71.44220734 89.50000000
v -17.77950478 -72.01102448 89.50000000
v -18.25452995 -72.48604584 89.50000000
v -18.82334900 -72.84346008 89.50000000
v -19.45743752 -73.06533813 89.50000000
v -20.12500000 -73.14055634 89.50000000
v -20.79256248 -73.06533813 89.50000000
v -21.42665100 -72.84346008 89.50000000
v -21.99547005 -72.48604584 89.50000000
v -22.47049522 -72.01102448 89.50000000
v -22.82790565 -71.44220734 89.50000000
v -23.04978371 -70.80811310 89.50000000
v -23.12500000 -70.14055634 89.50000000
v -23.04978371 -69.47299194 89.50000000
v -22.82790565 -68.83889771 89.50000000
v -22.47049522 -68.27008057 89.50000000
v -21.99547005 -67.79505920 89.50000000
v -21.42665100 -67.43764496 89.50000000
v -25.91756248 -76.09252930 89.50000000
v -25.25000000 -76.01731110 89.50000000
v -24.58243752 -76.09252930 89.50000000
v -23.94834900 -76.31440735 89.50000000
v -23.37952995 -76.67182159 89.50000000
v -22.90450478 -77.14684296 89.50000000
v -22.54709435 -77.71566010 89.50000000
v -22.32521629 -78.34974670 89.50000000
v -22.25000000 -79.01731110 89.50000000
v -22.32521629 -79.68487549 89.50000000
v -22.54709435 -80.31896210 89.50000000
v -22.90450478 -80.88777924 89.50000000
v -23.37952995 -81.36280823 89.50000000
v -23.94834900 -81.72022247 89.50000000
v -24.58243752 -81.94210052 89.50000000
v -25.25000000 -82.01731110 89.50000000
v -25.91756248 -81.94210052 89.50000000
v -26.55165100 -81.72022247 89.50000000
v -27.12047005 -81.36280823 89.50000000
v -27.59549522 -80.88777924 89.50000000
v -27.95290565 -80.31896210 89.50000000
v -28.17478371 -79.68487549 89.50000000
v -28.25000000 -79.01731110 89.50000000
v -28.17478371 -78.34974670 89.50000000
v -27.95290565 -77.71566010 89.50000000
v -27.59549522 -77.14684296 89.50000000
v -27.12047005 -76.67182159 89.50000000
v -26.55165100 -76.31440735 89.50000000
v -5.41756296 -76.09252930 89.50000000
v -4.75000000 -76.01731110 89.50000000
v -4.08243704 -76.09252930 89.50000000
v -3.44834876 -76.31440735 89.50000000
v -2.87953067 -76.67182159 89.50000000
v -2.40450549 -77.14684296 89.50000000
v -2.04709339 -77.71566010 89.50000000
v -1.82521629 -78.34974670 89.50000000
v -1.75000000 -79.01731110 89.50000000
v -1.82521629 -79.68487549 89.50000000
v -2.04709339 -80.31896210 89.50000000
v -2.40450549 -80.88777924 89.50000000
v -2.87953067 -81.36280823 89.50000000
v -3.44834876 -81.72022247 89.50000000
v -4.08243704 -81.94210052 89.50000000
v -4.75000000 -82.01731110 89.50000000
v -5.41756296 -81.94210052 89.50000000
v -6.05165100 -81.72022247 89.50000000
v -6.62046957 -81.36280823 89.50000000
v -7.09549427 -80.88777924 89.50000000
v -7.45290661 -80.31896210 89.50000000
v -7.67478371 -79.68487549 89.50000000
v -7.75000000 -79.01731110 89.50000000
v -7.67478371 -78.34974670 89.50000000
v -7.45290661 -77.71566010 89.50000000
v -7.09549427 -77.14684296 89.50000000
v -6.62046957 -76.67182159 89.50000000
v -6.05165100 -76.31440735 89.50000000
v -10.54256248 -67.21576691 89.50000000
v -9.87500000 -67.14055634 89.50000000
v -9.20743752 -67.21576691 89.50000000
v -8.57334900 -67.43764496 89.50000000
v -8.00453091 -67.79505920 89.50000000
v -7.52950573 -68.27008057 89.50000000
v -7.17209339 -68.83889771 89.50000000
v -6.95021629 -69.47299194 89.50000000
v -6.87500000 -70.14055634 89.50000000
v -6.95021629 -70.80811310 89.50000000
v -7.17209339 -71.44220734 89.50000000
v -7.52950573 -72.01102448 89.50000000
v -8.00453091 -72.48604584 89.50000000
v -8.57334900 -72.84346008 89.50000000
v -9.20743752 -73.06533813 89.50000000
v -9.87500000 -73.14055634 89.50000000
v -10.54256248 -73.06533813 89.50000000
v -11.17665100 -72.84346008 89.50000000
v -11.74546909 -72.48604584 89.50000000
v -12.22049427 -72.01102448 89.50000000
v -12.57790661 -71.44220734 89.50000000
v -12.79978371 -70.80811310 89.50000000
v -12.87500000 -70.14055634 89.50000000
v -12.79978371 -69.47299194 89.50000000
v -12.57790661 -68.83889771 89.50000000
v -12.22049427 -68.27008057 89.50000000
v -11.74546909 -67.79505920 89.50000000
v -11.17665100 -67.43764496 89.50000000
v -20.60397720 -86.41993713 89.50000000
v -20.60397720 -86.41993713 82.50000000
v -20.12500000 -86.34407043 89.50000000
v -20.12500000 -86.34407043 82.50000000
v -19.64602280 -86.41993713 89.50000000
v -19.64602280 -86.41993713 82.50000000
v -19.21393204 -86.64009857 89.50000000
v -19.21393204 -86.64009857 82.50000000
v -18.87102318 -86.98300934 89.50000000
v -18.87102318 -86.98300934 82.50000000
v -18.65086174 -87.41510010 89.50000000
v -18.65086174 -87.41510010 82.50000000
v -18.57500076 -87.89407349 89.50000000
v -18.57500076 -87.89407349 82.50000000
v -18.65086174 -88.37304688 89.50000000
v -18.65086174 -88.37304688 82.50000000
v -18.87102318 -88.80513763 89.50000000
v -18.87102318 -88.80513763 82.50000000
v -19.21393204 -89.14804840 89.50000000
v -19.21393204 -89.14804840 82.50000000
v -19.64602280 -89.36820984 89.50000000
v -19.64602280 -89.36820984 82.50000000
v -20.12500000 -89.44407654 89.50000000
v -20.12500000 -89.44407654 82.50000000
v -20.60397720 -89.36820984 89.50000000
v -20.60397720 -89.36820984 82.50000000
v -21.03606796 -89.14804840 89.50000000
v -21.03606796 -89.14804840 82.50000000
v -21.37897682 -88.80513763 89.50000000
v -21.37897682 -88.80513763 82.50000000
v -21.59913826 -88.37304688 89.50000000
v -21.59913826 -88.37304688 82.50000000
v -21.67499924 -87.89407349 89.50000000
v -21.67499924 -87.89407349 82.50000000
v -21.59913826 -87.41510010 89.50000000
v -21.59913826 -87.41510010 82.50000000
v -21.37897682 -86.98300934 89.50000000
v -21.37897682 -86.98300934 82.50000000
v -21.03606796 -86.64009857 89.50000000
v -21.03606796 -86.64009857 82.50000000
v -10.35397625 -86.41993713 89.50000000
v -10.35397625 -86.41993713 82.50000000
v -9.87500000 -86.34407043 89.50000000
v -9.87500000 -86.34407043 82.50000000
v -9.39602375 -86.41993713 89.50000000
v -9.39602375 -86.41993713 82.50000000
v -8.96393299 -86.64009857 89.50000000
v -8.96393299 -86.64009857 82.50000000
v -8.62102413 -86.98300934 89.50000000
v -8.62102413 -86.98300934 82.50000000
v -8.40086269 -87.41510010 89.50000000
v -8.40086269 -87.41510010 82.50000000
v -8.32499981 -87.89407349 89.50000000
v -8.32499981 -87.89407349 82.50000000
v -8.40086269 -88.37304688 89.50000000
v -8.40086269 -88.37304688 82.50000000
v -8.62102413 -88.80513763 89.50000000
v -8.62102413 -88.80513763 82.50000000
v -8.96393299 -89.14804840 89.50000000
v -8.96393299 -89.14804840 82.50000000
v -9.39602375 -89.36820984 89.50000000
v -9.39602375 -89.36820984 82.50000000
v -9.87500000 -89.44407654 89.50000000
v -9.87500000 -89.44407654 82.50000000
v -10.35397625 -89.36820984 89.50000000
v -10.35397625 -89.36820984 82.50000000
v -10.78606701 -89.14804840 89.50000000
v -10.78606701 -89.14804840 82.50000000
v -11.12897587 -88.80513763 89.50000000
v -11.12897587 -88.80513763 82.50000000
v -11.34913731 -88.37304688 89.50000000
v -11.34913731 -88.37304688 82.50000000
v -11.42500019 -87.89407349 89.50000000
v -11.42500019 -87.89407349 82.50000000
v -11.34913731 -87.41510010 89.50000000
v -11.34913731 -87.41510010 82.50000000
v -11.12897587 -86.98300934 89.50000000
v -11.12897587 -86.98300934 82.50000000
v -10.78606701 -86.64009857 89.50000000
v -10.78606701 -86.64009857 82.50000000
v -20.60397720 -68.66641235 89.50000000
v -20.60397720 -68.66641235 82.50000000
v -20.12500000 -68.59055328 89.50000000
v -20.12500000 -68.59055328 82.50000000
v -19.64602280 -68.66641235 89.50000000
v -19.64602280 -68.66641235 82.50000000
v -19.21393204 -68.88657379 89.50000000
v -19.21393204 -68.88657379 82.50000000
v -18.87102318 -69.22948456 89.50000000
v -18.87102318 -69.22948456 82.50000000
v -18.65086174 -69.66157532 89.50000000
v -18.65086174 -69.66157532 82.50000000
v -18.57500076 -70.14055634 89.50000000
v -18.57500076 -70.14055634 82.50000000
v -18.65086174 -70.61952972 89.50000000
v -18.65086174 -70.61952972 82.50000000
v -18.87102318 -71.05162048 89.50000000
v -18.87102318 -71.05162048 82.50000000
v -19.21393204 -71.39453125 89.50000000
v -19.21393204 -71.39453125 82.50000000
v -19.64602280 -71.61469269 89.50000000
v -19.64602280 -71.61469269 82.50000000
v -20.12500000 -71.69055176 89.50000000
v -20.12500000 -71.69055176 82.50000000
v -20.60397720 -71.61469269 89.50000000
v -20.60397720 -71.61469269 82.50000000
v -21.03606796 -71.39453125 89.50000000
v -21.03606796 -71.39453125 82.50000000
v -21.37897682 -71.05162048 89.50000000
v -21.37897682 -71.05162048 82.50000000
v -21.59913826 -70.61952972 89.50000000
v -21.59913826 -70.61952972 82.50000000
v -21.67499924 -70.14055634 89.50000000
v -21.67499924 -70.14055634 82.50000000
v -21.59913826 -69.66157532 89.50000000
v -21.59913826 -69.66157532 82.50000000
v -21.37897682 -69.22948456 89.50000000
v -21.37897682 -69.22948456 82.50000000
v -21.03606796 -68.88657379 89.50000000
v -21.03606796 -68.88657379 82.50000000
v -25.72897720 -77.54317474 89.50000000
v -25.72897720 -77.54317474 82.50000000
v -25.25000000 -77.46731567 89.50000000
v -25.25000000 -77.46731567 82.50000000
v -24.77102280 -77.54317474 89.50000000
v -24.77102280 -77.54317474 82.50000000
v -24.33893204 -77.76333618 89.50000000
v -24.33893204 -77.76333618 82.50000000
v -23.99602318 -78.10624695 89.50000000
v -23.99602318 -78.10624695 82.50000000
v -23.77586174 -78.53833771 89.50000000
v -23.77586174 -78.53833771 82.50000000
v -23.70000076 -79.01731110 89.50000000
v -23.70000076 -79.01731110 82.50000000
v -23.77586174 -79.49629211 89.50000000
v -23.77586174 -79.49629211 82.50000000
v -23.99602318 -79.92838287 89.50000000
v -23.99602318 -79.92838287 82.50000000
v -24.33893204 -80.27128601 89.50000000
v -24.33893204 -80.27128601 82.50000000
v -24.77102280 -80.49144745 89.50000000
v -24.77102280 -80.49144745 82.50000000
v -25.25000000 -80.56731415 89.50000000
v -25.25000000 -80.56731415 82.50000000
v -25.72897720 -80.49144745 89.50000000
v -25.72897720 -80.49144745 82.50000000
v -26.16106796 -80.27128601 89.50000000
v -26.16106796 -80.27128601 82.50000000
v -26.50397682 -79.92838287 89.50000000
v -26.50397682 -79.92838287 82.50000000
v -26.72413826 -79.49629211 89.50000000
v -26.72413826 -79.49629211 82.50000000
v -26.79999924 -79.01731110 89.50000000
v -26.79999924 -79.01731110 82.50000000
v -26.72413826 -78.53833771 89.50000000
v -26.72413826 -78.53833771 82.50000000
v -26.50397682 -78.10624695 89.50000000
v -26.50397682 -78.10624695 82.50000000
v -26.16106796 -77.76333618 89.50000000
v -26.16106796 -77.76333618 82.50000000
v -5.22897625 -77.54317474 89.50000000
v -5.22897625 -77.54317474 82.50000000
v -4.75000000 -77.46731567 89.50000000
v -4.75000000 -77.46731567 82.50000000
v -4.27102375 -77.54317474 89.50000000
v -4.27102375 -77.54317474 82.50000000
v -3.83893275 -77.76333618 89.50000000
v -3.83893275 -77.76333618 82.50000000
v -3.49602365 -78.10624695 89.50000000
v -3.49602365 -78.10624695 82.50000000
v -3.27586246 -78.53833771 89.50000000
v -3.27586246 -78.53833771 82.50000000
v -3.20000005 -79.01731110 89.50000000
v -3.20000005 -79.01731110 82.50000000
v -3.27586246 -79.49629211 89.50000000
v -3.27586246 -79.49629211 82.50000000
v -3.49602365 -79.92838287 89.50000000
v -3.49602365 -79.92838287 82.50000000
v -3.83893275 -80.27128601 89.50000000
v -3.83893275 -80.27128601 82.50000000
v -4.27102375 -80.49144745 89.50000000
v -4.27102375 -80.49144745 82.50000000
v -4.75000000 -80.56731415 89.50000000
v -4.75000000 -80.56731415 82.50000000
v -5.22897625 -80.49144745 89.50000000
v -5.22897625 -80.49144745 82.50000000
v -5.66106701 -80.27128601 89.50000000
v -5.66106701 -80.27128601 82.50000000
v -6.00397635 -79.92838287 89.50000000
v -6.00397635 -79.92838287 82.50000000
v -6.22413778 -79.49629211 89.50000000
v -6.22413778 -79.49629211 82.50000000
v -6.30000019 -79.01731110 89.50000000
v -6.30000019 -79.01731110 82.50000000
v -6.22413778 -78.53833771 89.50000000
v -6.22413778 -78.53833771 82.50000000
v -6.00397635 -78.10624695 89.50000000
v -6.00397635 -78.10624695 82.50000000
v -5.66106701 -77.76333618 89.50000000
v -5.66106701 -77.76333618 82.50000000
v -10.35397625 -68.66641235 89.50000000
v -10.35397625 -68.66641235 82.50000000
v -9.87500000 -68.59055328 89.50000000
v -9.87500000 -68.59055328 82.50000000
v -9.39602375 -68.66641235 89.50000000
v -9.39602375 -68.66641235 82.50000000
v -8.96393299 -68.88657379 89.50000000
v -8.96393299 -68.88657379 82.50000000
v -8.62102413 -69.22948456 89.50000000
v -8.62102413 -69.22948456 82.50000000
v -8.40086269 -69.66157532 89.50000000
v -8.40086269 -69.66157532 82.50000000
v -8.32499981 -70.14055634 89.50000000
v -8.32499981 -70.14055634 82.50000000
v -8.40086269 -70.61952972 89.50000000
v -8.40086269 -70.61952972 82.50000000
v -8.62102413 -71.05162048 89.50000000
v -8.62102413 -71.05162048 82.50000000
v -8.96393299 -71.39453125 89.50000000
v -8.96393299 -71.39453125 82.50000000
v -9.39602375 -71.61469269 89.50000000
v -9.39602375 -71.61469269 82.50000000
v -9.87500000 -71.69055176 89.50000000
v -9.87500000 -71.69055176 82.50000000
v -10.35397625 -71.61469269 89.50000000
v -10.35397625 -71.61469269 82.50000000
v -10.78606701 -71.39453125 89.50000000
v -10.78606701 -71.39453125 82.50000000
v -11.12897587 -71.05162048 89.50000000
v -11.12897587 -71.05162048 82.50000000
v -11.34913731 -70.61952972 89.50000000
v -11.34913731 -70.61952972 82.50000000
v -11.42500019 -70.14055634 89.50000000
v -11.42500019 -70.14055634 82.50000000
v -11.34913731 -69.66157532 89.50000000
v -11.34913731 -69.66157532 82.50000000
v -11.12897587 -69.22948456 89.50000000
v -11.12897587 -69.22948456 82.50000000
v -10.78606701 -68.88657379 89.50000000
v -10.78606701 -68.88657379 82.50000000
v -32.00000000 -108.11968994 119.04154205
v -32.00000000 -108.04231262 120.00000000
v -32.00000000 -108.11968994 120.95845032
v -32.00000000 -108.34980774 121.89208984
v -32.00000000 -108.72671509 122.77671814
v -32.00000000 -109.24064636 123.58943176
v -32.00000000 -109.87828827 124.30918121
v -32.00000000 -110.62312317 124.91732788
v -32.00000000 -111.45587158 125.39810944
v -32.00000000 -112.35496521 125.73908997
v -32.00000000 -113.29710388 125.93143463
v -32.00000000 -114.25790405 125.97015381
v -32.00000000 -115.21246338 125.85424805
v -32.00000000 -116.13607788 125.58671570
v -32.00000000 -117.00481415 125.17449951
v -32.00000000 -117.79617310 124.62825775
v -32.00000000 -118.48966217 123.96215057
v -32.00000000 -119.06732178 123.19342804
v -32.00000000 -119.51419067 122.34199524
v -32.00000000 -119.81868744 121.42990875
v -32.00000000 -119.97293854 120.48078156
v -32.00000000 -119.97293854 119.51921082
v -32.00000000 -119.81868744 118.57008362
v -32.00000000 -119.51419067 117.65799713
v -32.00000000 -119.06732178 116.80656433
v -32.00000000 -118.48966217 116.03784180
v -32.00000000 -117.79617310 115.37173462
v -32.00000000 -117.00481415 114.82549286
v -32.00000000 -116.13607788 114.41327667
v -32.00000000 -115.21246338 114.14574432
v -32.00000000 -114.25790405 114.02983856
v -32.00000000 -113.29710388 114.06855774
v -32.00000000 -112.35496521 114.26090240
v -32.00000000 -111.45587158 114.60188293
v -32.00000000 -110.62312317 115.08266449
v -32.00000000 -109.87828827 115.69081116
v -32.00000000 -109.24064636 116.41056061
v -32.00000000 -108.72671509 117.22327423
v -32.00000000 -108.34980774 118.10790253
v -0.30845559 -89.41724396 86.50000000
v 0.58845729 -88.01731110 86.50000000
v 0.58845729 -88.01731110 92.50000000
v 1.35237491 -86.54059601 92.50000000
v 1.97677982 -84.99970245 92.50000000
v 2.45634484 -83.40776062 92.50000000
v 2.78697848 -81.77836609 92.50000000
v 2.96585989 -80.12541199 92.50000000
v 2.99146295 -78.46300507 92.50000000
v 2.86356926 -76.80532074 92.50000000
v 2.58326983 -75.16651917 92.50000000
v 2.15295601 -73.56056213 92.50000000
v 1.57629931 -72.00116730 92.50000000
v 0.85821950 -70.50163269 92.50000000
v 0.00484293 -69.07474518 92.50000000
v -0.97654969 -67.73268127 92.50000000
v -2.07758546 -66.48690033 92.50000000
v -3.28887057 -65.34802246 92.50000000
v -4.60007095 -64.32576752 92.50000000
v -6.00000000 -63.42885590 92.50000000
v -7.47671366 -62.66493988 92.50000000
v -9.01761341 -62.04053497 92.50000000
v -10.60955334 -61.56096649 92.50000000
v -12.23894978 -61.23033524 92.50000000
v -13.89190388 -61.05145264 92.50000000
v -15.55431080 -61.02584839 92.50000000
v -17.21198845 -61.15374374 92.50000000
v -18.85079575 -61.43404388 92.50000000
v -20.45674896 -61.86435699 92.50000000
v -22.01614571 -62.44101334 92.50000000
v -23.51568413 -63.15909195 92.50000000
v -24.94256973 -64.01246643 92.50000000
v -26.28462791 -64.99386597 92.50000000
v -27.53041077 -66.09490204 92.50000000
v -28.66928864 -67.30618286 92.50000000
v -29.69154358 -68.61738586 92.50000000
v -30.58845711 -70.01731110 92.50000000
v -30.58845711 -70.01731110 86.50000000
v -31.35237503 -71.49402618 86.50000000
v -31.97677994 -73.03492737 86.50000000
v -32.45634460 -74.62686920 86.50000000
v -32.78697968 -76.25626373 86.50000000
v -32.96585846 -77.90921783 86.50000000
v -32.99146271 -79.57162476 86.50000000
v -32.86356735 -81.22930145 86.50000000
v -32.58327103 -82.86811066 86.50000000
v -32.15295410 -84.47406006 86.50000000
v -31.57629967 -86.03346252 86.50000000
v -30.85821915 -87.53299713 86.50000000
v -30.00484276 -88.95988464 86.50000000
v -29.02345085 -90.30194092 86.50000000
v -27.92241478 -91.54772186 86.50000000
v -26.71113014 -92.68659973 86.50000000
v -25.39992905 -93.70885468 86.50000000
v -24.00000000 -94.60577393 86.50000000
v -22.52328682 -95.36968994 86.50000000
v -20.98238564 -95.99409485 86.50000000
v -19.39044762 -96.47365570 86.50000000
v -17.76104927 -96.80429077 86.50000000
v -16.10809708 -96.98316956 86.50000000
v -14.44568920 -97.00877380 86.50000000
v -12.78801060 -96.88088226 86.50000000
v -11.14920425 -96.60058594 86.50000000
v -9.54325199 -96.17027283 86.50000000
v -7.98385429 -95.59361267 86.50000000
v -6.48431587 -94.87553406 86.50000000
v -5.05743027 -94.02215576 86.50000000
v -3.71537161 -93.04076385 86.50000000
v -2.46958899 -91.93972778 86.50000000
v -1.33071148 -90.72843933 86.50000000
v 6.96358061 -101.97356415 90.35293579
v 8.20111656 -100.73855591 90.88512421
v -30.50000000 -100.12251282 91.17406464
v 9.34840012 -99.45743561 91.50420380
v -30.50000000 -98.32710266 92.11061859
v 10.20757866 -98.39539337 92.07230377
v -30.50000000 -96.59452057 93.15886688
v -30.50000000 -94.93171692 94.31459045
v -30.50000000 -93.34533691 95.57318115
v -30.50000000 -91.84173584 96.92958069
v -30.50000000 -90.42694855 98.37837219
v 7.34398985 -101.22083282 86.50000000
v -11.57800484 -101.76502228 86.57545471
v -21.03900337 -101.76502228 86.57545471
v -21.03900337 -102.26815033 86.79614258
v -21.03900337 -102.69225311 87.14540863
v -21.03900337 -103.00531769 87.59688568
v -21.03900337 -103.18372345 88.11651611
v -21.03900337 -103.21400452 88.66507721
v -21.03900337 -103.09387970 89.20118713
v -21.03900337 -102.83242035 89.68438721
v -21.03900337 -102.44934082 90.07820892
v -11.57800484 -102.44934082 90.07820892
v 6.82278442 -102.24577332 90.21740723
v -2.11700773 -102.44934082 90.07820892
v 6.68867397 -102.50193024 90.03582764
v 6.56346464 -102.73838806 89.80269623
v -2.11700773 -102.83242035 89.68438721
v 6.45394325 -102.94310760 89.51673126
v -2.11700773 -103.09387970 89.20118713
v 6.36741877 -103.10346985 89.17502594
v 6.31478500 -103.20043182 88.78491211
v -2.11700773 -103.21400452 88.66507721
v 6.30597353 -103.21662140 88.37031555
v -2.11700773 -103.18372345 88.11651611
v 6.34295082 -103.14859772 87.96736145
v -2.11700773 -103.00531769 87.59688568
v 6.41819239 -103.00951385 87.60522461
v 6.51999903 -102.81987000 87.29871368
v -2.11700773 -102.69225311 87.14540863
v 6.64018726 -102.59380341 87.04571533
v -2.11700773 -102.26815033 86.79614258
v 6.77101469 -102.34501648 86.84584808
v 6.90975571 -102.07802582 86.69300842
v -2.11700773 -101.76502228 86.57545471
v 7.05297184 -101.79896545 86.58538055
v 7.19775724 -101.51322174 86.52148438
v -11.57800484 -102.26815033 86.79614258
v -11.57800484 -102.69225311 87.14540863
v -11.57800484 -103.00531769 87.59688568
v -11.57800484 -103.18372345 88.11651611
v -11.57800484 -103.21400452 88.66507721
v -11.57800484 -103.09387970 89.20118713
v -11.57800484 -102.83242035 89.68438721
v -47.49102020 -78.25342560 92.03482056
v -47.42302322 -76.78180695 87.50000000
v -47.19246292 -74.55688477 87.50000000
v -46.80940247 -72.35309601 87.50000000
v -46.27566528 -70.18087006 87.50000000
v -45.59377670 -68.05050659 87.50000000
v -44.76696396 -65.97209167 87.50000000
v -43.79914856 -63.95547104 87.50000000
v -42.69491196 -62.01020050 87.50000000
v -41.45948410 -60.14548874 87.50000000
v -40.09871674 -58.37017441 87.50000000
v -38.61906052 -56.69266129 87.50000000
v -37.02751923 -55.12090302 87.50000000
v -35.33163452 -53.66234207 87.50000000
v -33.53944016 -52.32388306 87.50000000
v -31.65942574 -51.11187363 87.50000000
v -29.70049667 -50.03205109 87.50000000
v -27.67193031 -49.08953094 87.50000000
v -25.58333778 -48.28877640 87.50000000
v -23.44461060 -47.63358307 87.50000000
v -21.26588440 -47.12705231 87.50000000
v -19.05747414 -46.77158737 87.50000000
v -16.82984543 -46.56886673 87.50000000
v -14.59354877 -46.51985550 87.50000000
v -12.35917664 -46.62478256 87.50000000
v -10.13731480 -46.88315201 87.50000000
v -7.93848705 -47.29373932 87.50000000
v -5.77310944 -47.85460281 87.50000000
v -3.65143967 -48.56308365 87.50000000
v -1.58352733 -49.41582108 87.50000000
v 0.42083144 -50.40878296 87.50000000
v 2.35214210 -51.53726196 87.50000000
v 4.20125628 -52.79591370 87.50000000
v 5.95941448 -54.17877579 87.50000000
v 7.61828899 -55.67929840 87.50000000
v 9.17002106 -57.29037094 87.50000000
v 10.60725975 -59.00436020 87.50000000
v 11.92319870 -60.81315613 87.50000000
v 13.11160278 -62.70817947 87.50000000
v 14.16684246 -64.68046570 87.50000000
v 15.08392048 -66.72065735 87.50000000
v 15.85849094 -68.81909943 87.50000000
v 16.48688698 -70.96585083 87.50000000
v 16.96612930 -73.15074158 87.50000000
v 17.29394913 -75.36342621 87.50000000
v 17.46879387 -77.59341431 87.50000000
v 17.48983383 -79.83015442 87.50000000
v 17.35697174 -82.06303406 87.50000000
v 17.07083321 -84.28149414 87.50000000
v 16.63277817 -86.47501373 87.50000000
v 16.04487991 -88.63320923 87.50000000
v 15.30992222 -90.74584961 87.50000000
v 14.43138695 -92.80294037 87.50000000
v 13.41343594 -94.79472351 87.50000000
v 12.26089191 -96.71176910 87.50000000
v 11.05056190 -98.44971466 91.23063660
v 10.97921371 -98.54499817 87.50000000
v 10.01357555 -99.76751709 90.54936218
v 9.57447243 -100.28572083 87.50000000
v 8.88470268 -101.05752563 89.94993591
v 8.05332279 -101.92570496 87.50000000
v 7.66083717 -102.31401825 89.42646790
v 7.75306654 -102.22395325 87.54268646
v 7.46215773 -102.50563812 87.67292023
v 7.51557112 -102.45444489 89.35870361
v 7.33965445 -102.62218475 89.23777008
v 7.12275314 -102.82558441 88.98915863
v 7.14793825 -102.80215454 87.97238922
v 7.32717705 -102.63398743 87.77285767
v 7.05501127 -102.88835144 88.14019775
v 7.04574919 -102.89690399 88.83750916
v 6.99575949 -102.94296265 88.33299255
v 6.99144459 -102.94692230 88.64245605
v 6.97999287 -102.95744324 88.49727631
v -47.50000000 -79.01731110 87.50000000
v -47.50000000 -79.01731110 92.14160919
v -46.42270660 -76.81195831 86.50000000
v -46.50000000 -79.01731110 86.50000000
v -46.19120026 -74.61743164 86.50000000
v -35.67679596 -71.09886932 86.50000000
v -36.22055435 -70.60926819 86.50000000
v -45.80662155 -72.44449615 86.50000000
v -36.65063477 -70.01731110 86.50000000
v -45.27085876 -70.30381012 86.50000000
v -36.94824219 -69.34886932 86.50000000
v -44.58653641 -68.20589447 86.50000000
v -37.10037231 -68.63316345 86.50000000
v -43.75701904 -66.16103363 86.50000000
v -37.10037231 -67.90146637 86.50000000
v -36.94824219 -67.18575287 86.50000000
v -42.78636932 -64.17926788 86.50000000
v -36.65063477 -66.51731110 86.50000000
v -41.67935944 -62.27032089 86.50000000
v -35.60080719 -64.85374451 86.50000000
v -40.44141769 -60.44355774 86.50000000
v -34.42343140 -63.27785873 86.50000000
v -39.07861710 -58.70795059 86.50000000
v -33.12579727 -61.79943085 86.50000000
v -37.59764862 -57.07201385 86.50000000
v -31.71593857 -60.42760086 86.50000000
v -36.00578308 -55.54377365 86.50000000
v -30.20258522 -59.17086792 86.50000000
v -34.31082916 -54.13073349 86.50000000
v -28.59510803 -58.03701019 86.50000000
v -32.52110291 -52.83982468 86.50000000
v -30.64539337 -51.67738342 86.50000000
v -26.90345764 -57.03305435 86.50000000
v -28.69290161 -50.64912033 86.50000000
v -25.13810730 -56.16520691 86.50000000
v -26.67321014 -49.76007080 86.50000000
v -23.30998993 -55.43884659 86.50000000
v -24.59623146 -49.01460648 86.50000000
v -21.43042183 -54.85847092 86.50000000
v -22.47216034 -48.41638565 86.50000000
v -19.51103973 -54.42766953 86.50000000
v -20.31141663 -47.96833801 86.50000000
v -17.56373024 -54.14911652 86.50000000
v -18.12460709 -47.67266846 86.50000000
v -15.92246342 -47.53082275 86.50000000
v -15.28146648 -48.01858902 86.50000000
v -14.71853352 -48.01858902 86.50000000
v -13.71579266 -47.54350281 86.50000000
v -14.15569401 -48.02881241 86.50000000
v -13.96358967 -48.07291031 86.50000000
v -13.80345440 -48.18782043 86.50000000
v -13.70017052 -48.35569382 86.50000000
v -11.51542473 -47.71063995 86.50000000
v -13.66978741 -48.55043793 86.50000000
v -12.48663998 -54.14397430 86.50000000
v -13.88791943 -53.54648209 86.50000000
v -13.96400070 -53.79055786 86.50000000
v -14.15079117 -53.96512222 86.50000000
v -14.39945412 -54.02452850 86.50000000
v -10.58859634 -54.40959930 86.50000000
v -9.33215714 -48.03142166 86.50000000
v -7.17670488 -48.50426483 86.50000000
v -8.71647835 -54.81984711 86.50000000
v -5.05964661 -49.12685776 86.50000000
v -6.88128853 -55.37230301 86.50000000
v -2.99137139 -49.89613724 86.50000000
v -5.09381294 -56.06372070 86.50000000
v -0.98202944 -50.80833435 86.50000000
v -3.36455560 -56.89003372 86.50000000
v 0.95851797 -51.85896683 86.50000000
v -1.70367992 -57.84639359 86.50000000
v 2.82074761 -53.04288483 86.50000000
v -0.12094685 -58.92717361 86.50000000
v 4.59552002 -54.35427094 86.50000000
v 1.37434196 -60.12602234 86.50000000
v 6.27412605 -55.78669739 86.50000000
v 2.77339864 -61.43589401 86.50000000
v 7.84832716 -57.33312607 86.50000000
v 4.06800127 -62.84909439 86.50000000
v 9.31039810 -58.98597336 86.50000000
v 10.65316391 -60.73712540 86.50000000
v 5.25054073 -64.35731506 86.50000000
v 11.87003422 -62.57799149 86.50000000
v 6.31406784 -65.95169067 86.50000000
v 12.95503712 -64.49953461 86.50000000
v 7.25233221 -67.62285614 86.50000000
v 13.90284824 -66.49232483 86.50000000
v 8.05981922 -69.36098480 86.50000000
v 14.70881653 -68.54657745 86.50000000
v 8.73178387 -71.15586090 86.50000000
v 15.36898518 -70.65222168 86.50000000
v 9.26427746 -72.99694061 86.50000000
v 15.88011646 -72.79891968 86.50000000
v 9.65416813 -74.87340546 86.50000000
v 16.23970032 -74.97613525 86.50000000
v 9.89916706 -76.77422333 86.50000000
v 16.44597244 -77.17317963 86.50000000
v 9.99783421 -78.68821716 86.50000000
v 16.49792099 -79.37927246 86.50000000
v 9.94958782 -80.60415649 86.50000000
v 16.39529037 -81.58359528 86.50000000
v 9.75471306 -82.51076508 86.50000000
v 16.13858414 -83.77531433 86.50000000
v 9.41435432 -84.39683533 86.50000000
v 15.72906208 -85.94369507 86.50000000
v 8.93051338 -86.25129700 86.50000000
v 15.16873550 -88.07807159 86.50000000
v 8.30603123 -88.06324768 86.50000000
v 14.46035290 -90.16799164 86.50000000
v 13.60739040 -92.20318604 86.50000000
v 7.54458046 -89.82202911 86.50000000
v 12.61403561 -94.17366791 86.50000000
v 6.65063524 -91.51731110 86.50000000
v 6.22055292 -92.10926819 86.50000000
v 11.48516178 -96.06977081 86.50000000
v 5.67679453 -92.59886932 86.50000000
v 10.22630978 -97.88217926 86.50000000
v 5.04312420 -92.96472168 86.50000000
v 8.84365654 -99.60202026 86.50000000
v 4.34723711 -93.19082642 86.50000000
v 3.61954618 -93.26731110 86.50000000
v 2.89185524 -93.19082642 86.50000000
v 2.19596791 -92.96472168 86.50000000
v -46.50000000 -106.22308350 86.50000000
v -35.04312515 -71.46472168 86.50000000
v -34.34723663 -71.69082642 86.50000000
v -33.61954498 -71.76731110 86.50000000
v -32.89185715 -71.69082642 86.50000000
v -32.19596863 -71.46472168 86.50000000
v -31.56229782 -71.09886932 86.50000000
v -31.01853943 -70.60926819 86.50000000
v 1.56229782 -92.59886932 86.50000000
v 1.01853931 -92.10926819 86.50000000
v 0.58845729 -91.51731110 86.50000000
v 0.29084837 -90.84886932 86.50000000
v 0.13871954 -90.13316345 86.50000000
v 0.13871954 -89.40146637 86.50000000
v 0.29084837 -88.68575287 86.50000000
v -16.11207962 -53.54648209 86.50000000
v -16.03599930 -53.79055786 86.50000000
v -15.84920883 -53.96512222 86.50000000
v -15.60054588 -54.02452850 86.50000000
v -30.50000000 -76.48954773 100.00000000
v -39.34911346 -76.29425812 100.00000000
v -39.36250305 -76.39199829 100.00000000
v -39.37723923 -76.48954773 100.00000000
v -30.50000000 -86.74095154 100.00000000
v -23.42958832 -86.74095154 100.00000000
v -23.12413406 -86.08985901 100.00000000
v -22.69205093 -85.51494598 100.00000000
v -22.15158081 -85.04048157 100.00000000
v -21.52554512 -84.68650818 100.00000000
v -20.84037590 -84.46796417 100.00000000
v -20.12500000 -84.39407349 100.00000000
v -19.40962410 -84.46796417 100.00000000
v -18.72445488 -84.68650818 100.00000000
v -11.27554512 -84.68650818 100.00000000
v -18.09841919 -85.04048157 100.00000000
v -11.90158176 -85.04048157 100.00000000
v -17.55794907 -85.51494598 100.00000000
v -12.44205189 -85.51494598 100.00000000
v -17.12586594 -86.08985901 100.00000000
v -12.87413502 -86.08985901 100.00000000
v -16.82041168 -86.74095154 100.00000000
v -13.17958832 -86.74095154 100.00000000
v -10.59037495 -84.46796417 100.00000000
v -9.87500000 -84.39407349 100.00000000
v -9.15962505 -84.46796417 100.00000000
v -8.47445488 -84.68650818 100.00000000
v -7.84841824 -85.04048157 100.00000000
v -7.30794859 -85.51494598 100.00000000
v -6.87586498 -86.08985901 100.00000000
v -6.57041121 -86.74095154 100.00000000
v 5.50000000 -78.01731110 100.00000000
v 6.01763821 -77.94916534 100.00000000
v 6.50000000 -77.74936676 100.00000000
v 6.91421366 -77.43152618 100.00000000
v 7.23205090 -77.01731110 100.00000000
v 7.43185186 -76.53495026 100.00000000
v 7.50000000 -76.01731110 100.00000000
v 7.50000000 -70.01731110 100.00000000
v 7.43185186 -69.49967194 100.00000000
v 7.23205090 -69.01731110 100.00000000
v 6.91421366 -68.60309601 100.00000000
v 6.50000000 -68.28526306 100.00000000
v 6.01763821 -68.08546448 100.00000000
v 5.50000000 -68.01731110 100.00000000
v 2.00000000 -68.01731110 100.00000000
v 1.48236191 -68.08546448 100.00000000
v 1.00000000 -68.28526306 100.00000000
v 2.00000000 -78.01731110 100.00000000
v 1.48236191 -77.94916534 100.00000000
v 1.00000000 -77.74936676 100.00000000
v 0.58578646 -77.43152618 100.00000000
v 0.26794919 -77.01731110 100.00000000
v 0.06814834 -76.53495026 100.00000000
v 0.00000000 -76.01731110 100.00000000
v 0.00000000 -70.01731110 100.00000000
v 0.06814834 -69.49967194 100.00000000
v 0.26794919 -69.01731110 100.00000000
v 0.58578646 -68.60309601 100.00000000
v 6.50000000 -70.01731110 106.00000000
v 5.50000000 -77.01731110 106.00000000
v 6.50000000 -76.01731110 106.00000000
v 5.88268328 -76.94119263 106.00000000
v 6.20710659 -76.72441864 106.00000000
v 6.42387962 -69.63462830 106.00000000
v 6.20710659 -69.31020355 106.00000000
v 5.88268328 -69.09343719 106.00000000
v 5.50000000 -69.01731110 106.00000000
v 2.00000000 -69.01731110 106.00000000
v 2.00000000 -77.01731110 106.00000000
v 1.61731660 -69.09343719 106.00000000
v 1.00000000 -70.01731110 106.00000000
v 1.00000000 -76.01731110 106.00000000
v 1.61731660 -76.94119263 106.00000000
v 1.29289317 -76.72441864 106.00000000
v 1.07612050 -76.39999390 106.00000000
v 1.29289317 -69.31020355 106.00000000
v 1.07612050 -69.63462830 106.00000000
v 6.42387962 -76.39999390 106.00000000
v 5.85786486 -77.35288239 105.92387390
v 5.50000000 -77.39999390 105.92387390
v 5.50000000 -77.72441864 105.70709991
v 5.94183159 -77.66625214 105.70709991
v 5.50000000 -77.94119263 105.38268280
v 5.99793673 -77.87564087 105.38268280
v 5.50000000 -78.01731110 105.00000000
v 6.01763821 -77.94916534 105.00000000
v 6.46193981 -77.68344116 105.38268280
v 6.50000000 -77.74936676 105.00000000
v 6.86038828 -77.37770081 105.38268280
v 6.91421366 -77.43152618 105.00000000
v 7.16612864 -76.97925568 105.38268280
v 7.23205090 -77.01731110 105.00000000
v 7.35832500 -76.51525116 105.38268280
v 7.43185186 -76.53495026 105.00000000
v 7.42387962 -76.01731110 105.38268280
v 7.50000000 -76.01731110 105.00000000
v 7.20710659 -76.01731110 105.70709991
v 7.14893866 -76.45914459 105.70709991
v 6.97839785 -76.87086487 105.70709991
v 6.70710659 -77.22441864 105.70709991
v 6.35355330 -77.49571228 105.70709991
v 6.88268328 -76.01731110 105.92387390
v 6.83556986 -76.37517548 105.92387390
v 6.69743919 -76.70865631 105.92387390
v 6.47770500 -76.99501801 105.92387390
v 6.19134188 -77.21475220 105.92387390
v 6.88268328 -70.01731110 105.92387390
v 7.20710659 -70.01731110 105.70709991
v 7.42387962 -70.01731110 105.38268280
v 7.50000000 -70.01731110 105.00000000
v 6.83556986 -69.65944672 105.92387390
v 7.14893866 -69.57547760 105.70709991
v 7.35832500 -69.51937866 105.38268280
v 7.43185186 -69.49967194 105.00000000
v 7.16612864 -69.05537415 105.38268280
v 7.23205090 -69.01731110 105.00000000
v 6.86038828 -68.65692139 105.38268280
v 6.91421366 -68.60309601 105.00000000
v 6.46193981 -68.35118103 105.38268280
v 6.50000000 -68.28526306 105.00000000
v 5.99793673 -68.15898895 105.38268280
v 6.01763821 -68.08546448 105.00000000
v 5.50000000 -68.09343719 105.38268280
v 5.50000000 -68.01731110 105.00000000
v 5.50000000 -68.31020355 105.70709991
v 5.94183159 -68.36837769 105.70709991
v 6.35355330 -68.53891754 105.70709991
v 6.70710659 -68.81020355 105.70709991
v 6.97839785 -69.16375732 105.70709991
v 5.50000000 -68.63462830 105.92387390
v 5.85786486 -68.68173981 105.92387390
v 6.19134188 -68.81987762 105.92387390
v 6.47770500 -69.03961182 105.92387390
v 6.69743919 -69.32597351 105.92387390
v 2.00000000 -68.01731110 105.00000000
v 2.00000000 -68.09343719 105.38268280
v 2.00000000 -68.31020355 105.70709991
v 2.00000000 -68.63462830 105.92387390
v 0.00000000 -70.01731110 105.00000000
v 0.07612047 -70.01731110 105.38268280
v 0.06814834 -69.49967194 105.00000000
v 0.14167507 -69.51937866 105.38268280
v 0.26794919 -69.01731110 105.00000000
v 0.33387145 -69.05537415 105.38268280
v 0.58578646 -68.60309601 105.00000000
v 0.63961172 -68.65692139 105.38268280
v 1.00000000 -68.28526306 105.00000000
v 1.03806019 -68.35118103 105.38268280
v 1.48236191 -68.08546448 105.00000000
v 1.50206339 -68.15898895 105.38268280
v 1.55816829 -68.36837769 105.70709991
v 1.64213514 -68.68173981 105.92387390
v 1.30865824 -68.81987762 105.92387390
v 1.02229512 -69.03961182 105.92387390
v 0.80256104 -69.32597351 105.92387390
v 0.79289323 -68.81020355 105.70709991
v 0.52160215 -69.16375732 105.70709991
v 0.29289323 -70.01731110 105.70709991
v 0.35106146 -69.57547760 105.70709991
v 0.61731654 -70.01731110 105.92387390
v 0.66443038 -69.65944672 105.92387390
v 1.14644659 -68.53891754 105.70709991
v 0.00000000 -76.01731110 105.00000000
v 0.07612047 -76.01731110 105.38268280
v 0.29289323 -76.01731110 105.70709991
v 0.61731654 -76.01731110 105.92387390
v 0.66443038 -76.37517548 105.92387390
v 0.35106146 -76.45914459 105.70709991
v 0.14167507 -76.51525116 105.38268280
v 0.06814834 -76.53495026 105.00000000
v 0.33387145 -76.97925568 105.38268280
v 0.26794919 -77.01731110 105.00000000
v 0.63961172 -77.37770081 105.38268280
v 0.58578646 -77.43152618 105.00000000
v 1.03806019 -77.68344116 105.38268280
v 1.00000000 -77.74936676 105.00000000
v 1.50206339 -77.87564087 105.38268280
v 1.48236191 -77.94916534 105.00000000
v 2.00000000 -77.94119263 105.38268280
v 2.00000000 -78.01731110 105.00000000
v 2.00000000 -77.72441864 105.70709991
v 1.55816829 -77.66625214 105.70709991
v 1.14644659 -77.49571228 105.70709991
v 0.79289323 -77.22441864 105.70709991
v 0.52160215 -76.87086487 105.70709991
v 2.00000000 -77.39999390 105.92387390
v 1.64213514 -77.35288239 105.92387390
v 1.30865824 -77.21475220 105.92387390
v 1.02229512 -76.99501801 105.92387390
v 0.80256104 -76.70865631 105.92387390
v -14.15569401 -48.02881241 84.00000000
v -14.71853352 -48.01858902 84.00000000
v -15.28146648 -48.01858902 84.00000000
v -13.66978741 -48.55043793 84.00000000
v -13.69160080 -54.05157471 92.50000000
v -11.73684502 -54.23118973 92.50000000
v -9.80220795 -54.56362152 92.50000000
v -7.89961624 -55.04682159 92.50000000
v -6.04080105 -55.67780304 92.50000000
v -4.23722267 -56.45268250 92.50000000
v -2.50000000 -57.36667633 92.50000000
v -0.83984405 -58.41415787 92.50000000
v 0.73300976 -59.58866501 92.50000000
v 2.20886445 -60.88295364 92.50000000
v 3.57862067 -62.28904724 92.50000000
v 4.83383369 -63.79827881 92.50000000
v 5.96676397 -65.40133667 92.50000000
v 6.97042799 -67.08834076 92.50000000
v 7.83863640 -68.84889984 92.50000000
v 8.56603718 -70.67214203 92.50000000
v 9.14814568 -72.54683685 92.50000000
v 9.58137226 -74.46142578 92.50000000
v 9.86304760 -76.40409851 92.50000000
v 9.99143314 -78.36289215 92.50000000
v 9.96573830 -80.32571411 92.50000000
v 9.78612137 -82.28046417 92.50000000
v 9.45368958 -84.21510315 92.50000000
v 8.97049332 -86.11769867 92.50000000
v 8.33951092 -87.97650909 92.50000000
v 7.56463194 -89.78009033 92.50000000
v 6.65063524 -91.51731110 92.50000000
v -15.65442371 -54.02587891 92.50000000
v -17.61321068 -54.15426636 92.50000000
v -19.55588722 -54.43593979 92.50000000
v -21.47047615 -54.86916733 92.50000000
v -23.34517097 -55.45127487 92.50000000
v -25.16841698 -56.17867661 92.50000000
v -26.92896843 -57.04688644 92.50000000
v -28.61597633 -58.05054855 92.50000000
v -30.21903610 -59.18347931 92.50000000
v -31.72826576 -60.43869400 92.50000000
v -33.13435745 -61.80844879 92.50000000
v -34.42864990 -63.28430176 92.50000000
v -35.60315323 -64.85715485 92.50000000
v -36.65063477 -66.51731110 92.50000000
v -15.27965069 -48.21858215 83.79999542
v -15.83885956 -48.22873688 83.79999542
v -16.13040352 -48.54171371 83.79999542
v -15.95412159 -48.25519562 83.79999542
v -16.05020332 -48.32414246 83.79999542
v -16.11217308 -48.42486572 83.79999542
v -14.72034931 -48.21858215 83.79999542
v -14.16114044 -48.22873688 83.79999542
v -13.86959743 -48.54171371 83.79999542
v -14.04587841 -48.25519562 83.79999542
v -13.94979668 -48.32414246 83.79999542
v -13.88782692 -48.42486572 83.79999542
v -13.70017052 -48.35569382 84.00000000
v -13.80345440 -48.18782043 84.00000000
v -13.96358967 -48.07291031 84.00000000
v -23.27239609 -88.45423126 99.69689178
v -23.48133469 -87.93009949 99.85652161
v -23.53321648 -87.64425659 99.91754150
v -23.54431725 -87.33920288 99.96405792
v -23.50809860 -87.03229523 99.99134827
v -16.74141121 -87.03467560 99.99121857
v -16.70567703 -87.34113312 99.96379089
v -16.71689606 -87.64484406 99.91741180
v -16.76865578 -87.93006134 99.85652924
v -16.97759438 -88.45421600 99.69689941
v -6.49141073 -87.03467560 99.99121857
v -13.25809765 -87.03229523 99.99134827
v -13.29431820 -87.33920288 99.96405792
v -13.28321552 -87.64425659 99.91754150
v -13.23133373 -87.93009949 99.85652161
v -13.02239609 -88.45423126 99.69689178
v -6.45567799 -87.34113312 99.96379089
v -6.46689510 -87.64484406 99.91741180
v -6.51865625 -87.93006134 99.85652924
v -6.72759438 -88.45421600 99.69689941
v -31.01853943 -70.60926819 92.50000000
v -31.56229782 -71.09886932 92.50000000
v -32.19596863 -71.46472168 92.50000000
v -32.89185715 -71.69082642 92.50000000
v -33.61954498 -71.76731110 92.50000000
v -34.34723663 -71.69082642 92.50000000
v -35.04312515 -71.46472168 92.50000000
v -35.67679596 -71.09886932 92.50000000
v -36.22055435 -70.60926819 92.50000000
v -36.65063477 -70.01731110 92.50000000
v -36.94824219 -69.34886932 92.50000000
v -37.10037231 -68.63316345 92.50000000
v -37.10037231 -67.90146637 92.50000000
v -36.94824219 -67.18575287 92.50000000
v 6.22055292 -92.10926819 92.50000000
v 5.67679453 -92.59886932 92.50000000
v 5.04312420 -92.96472168 92.50000000
v 4.34723711 -93.19082642 92.50000000
v 3.61954618 -93.26731110 92.50000000
v 2.89185524 -93.19082642 92.50000000
v 2.19596791 -92.96472168 92.50000000
v 1.56229782 -92.59886932 92.50000000
v 1.01853931 -92.10926819 92.50000000
v 0.58845729 -91.51731110 92.50000000
v 0.29084837 -90.84886932 92.50000000
v 0.13871954 -90.13316345 92.50000000
v 0.13871954 -89.40146637 92.50000000
v 0.29084837 -88.68575287 92.50000000
v -47.50000000 -85.52336121 95.64702606
v -47.50000000 -84.06919861 94.47145081
v -47.50000000 -106.22308350 87.50000000
v -47.50000000 -83.30571747 93.93513489
v -47.50000000 -82.50946045 93.44524384
v -47.50000000 -81.67623901 93.01153564
v -47.50000000 -80.81591797 92.64704895
v -47.50000000 -79.92990875 92.35621643
v -47.50000000 -107.49069977 87.55750275
v -47.50000000 -108.74790192 87.72954559
v -47.50000000 -109.98435974 88.01471710
v -36.00000000 -119.21346283 94.00000000
v -42.50000000 -119.21346283 94.00000000
v -42.50000000 -85.77110291 106.07612610
v -36.00000000 -85.43847656 105.50000000
v -42.59447479 -85.44915009 105.51849365
v -42.68365097 -85.14979553 105.00000000
v -35.50000000 -85.14980316 105.00000000
v -35.50000000 -118.78045654 94.25000000
v -35.50000000 -117.97645569 93.00833893
v -35.50000000 -117.05013275 91.85504913
v -35.50000000 -116.01113892 90.80214691
v -35.50000000 -114.87026978 89.86057281
v -35.50000000 -113.63941193 89.04013824
v -35.50000000 -112.33136749 88.34937286
v -35.50000000 -110.95974731 87.79547119
v -35.50000000 -109.53884125 87.38420105
v -35.50000000 -102.03766632 95.80313110
v -35.50000000 -100.28522491 96.75285339
v -35.50000000 -98.60762024 97.82926178
v -35.50000000 -97.01399994 99.02650452
v -35.50000000 -95.51304626 100.33805084
v -35.50000000 -94.11293793 101.75675201
v -35.50000000 -93.26306915 102.58036041
v -35.50000000 -92.32185364 103.29779816
v -35.50000000 -91.30246735 103.89901733
v -35.50000000 -90.21919250 104.37559509
v -35.50000000 -89.08720398 104.72085571
v -35.50000000 -87.92234802 104.92996216
v -35.50000000 -86.74095154 105.00000000
v -35.50000000 -85.72714996 105.00000000
v -43.36824036 -89.72539520 112.77323914
v -42.95337677 -84.98939514 104.68096924
v -43.57299042 -84.04199219 102.84824371
v -44.21010208 -89.92074585 112.66044617
v -45.00000000 -90.23973846 112.47628021
v -45.71393967 -90.67266846 112.22632599
v -46.33022308 -91.20638275 111.91818237
v -46.83012772 -91.82467651 111.56121826
v -47.19846344 -92.50874329 111.16626740
v -47.42403793 -93.23781586 110.74533844
v -47.49036789 -85.08167267 95.50244141
v -44.16384125 -83.28642273 101.20261383
v -44.54653931 -82.88396454 100.19941711
v -44.81549835 -82.64652252 99.52725220
v -45.19136429 -82.38406372 98.63730621
v -45.55978775 -82.21575165 97.82698822
v -45.98617554 -82.15145111 96.97512817
v -46.21696854 -82.18773651 96.55809784
v -46.45810318 -82.29248810 96.16111755
v -46.70842743 -82.49362183 95.79904175
v -46.94501877 -82.80471039 95.51718903
v -47.14340973 -83.20825958 95.34592438
v -47.29062271 -83.65976715 95.28269958
v -47.39188385 -84.12987518 95.30174255
v -47.45540237 -84.59899902 95.37860870
v -47.42403793 -118.16541290 100.44823456
v -47.46090317 -110.79328156 88.16771698
v -47.35270691 -111.57355499 88.35794067
v -47.19846344 -118.89448547 100.02730560
v -46.83012772 -119.57855988 99.63235474
v -46.33022308 -120.19684601 99.27538300
v -45.71393967 -120.73056793 98.96724701
v -45.00099182 -121.16300201 98.71757507
v -45.39783859 -116.16593170 90.57227325
v -45.00158691 -116.71305847 91.01074219
v -47.19061279 -112.30927277 88.57855225
v -46.96841431 -113.05522919 88.84662628
v -46.71839523 -113.72798157 89.13038635
v -46.41838074 -114.40555573 89.46076202
v -46.10754395 -115.01201630 89.79881287
v -45.75347137 -115.62052917 90.18344879
v -44.61977386 -117.19097137 91.44010162
v -44.21010208 -121.48248291 98.53312683
v -43.36824036 -121.67784119 98.42033386
v -42.75147247 -119.01974487 93.67711639
v -44.19597244 -117.67384338 91.92612457
v -43.80452347 -118.08114624 92.38512421
v -43.35805130 -118.50540924 92.92195892
v -43.15675735 -118.68371582 93.16907501
v -42.93082428 -118.87474823 93.45050812
v -30.50000000 -87.56607056 99.93144226
v -30.50000000 -88.36856842 99.72766113
v -30.50000000 -89.12643433 99.39424896
v -30.50000000 -89.81889343 98.94033813
v -30.52140999 -77.14357758 100.02140808
v -30.58555222 -77.79480743 100.08554840
v -30.69214630 -78.44045258 100.19214630
v -30.84074211 -79.07773590 100.34073639
v -31.03069878 -79.70394135 100.53069305
v -31.26120377 -80.31638336 100.76119995
v -31.53127289 -80.91242981 101.03126526
v -31.83974648 -81.48954773 101.33974457
v -32.18530273 -82.04524994 101.68530273
v -32.56646729 -82.57716370 102.06645966
v -32.98160172 -83.08300018 102.48159790
v -33.42893219 -83.56061554 102.92892456
v -33.90654373 -84.00794220 103.40653992
v -34.41238403 -84.42308044 103.91238403
v -34.94429779 -84.80424500 104.44429016
v -39.56549072 -77.52684021 100.05390167
v -39.79811478 -78.54228973 100.21292114
v -40.07328415 -79.52867126 100.47299957
v -40.38737488 -80.47378540 100.82786560
v -40.73484421 -81.36733246 101.27017212
v -41.11097717 -82.20498657 101.79425812
v -41.50428772 -82.96969604 102.38356018
v -41.87552643 -83.61125183 102.97925568
v -42.21765900 -84.15878296 103.58165741
v -42.36168671 -84.38538361 103.86270905
v -42.48350525 -84.58224487 104.12503815
v -42.57997131 -84.75065613 104.36471558
v -42.64798737 -84.89199066 104.57791901
v -42.68821335 -85.02364349 104.78761292
v -40.09538651 -76.58962250 99.31481171
v -40.22108459 -77.13140869 99.31895447
v -40.36931992 -77.67243958 99.34536743
v -41.35652161 -76.88658905 98.15386200
v -41.46243668 -77.39887238 98.20639038
v -41.93185425 -76.80691528 97.56748962
v -42.01603699 -77.30421448 97.63325500
v -42.51072693 -76.76000977 96.98064423
v -42.57280731 -77.24184418 97.05982971
v -43.27998352 -76.75411987 96.20613861
v -43.31227493 -77.21463776 96.30345917
v -44.04199982 -76.81982422 95.44498444
v -44.04420471 -77.25811005 95.56080627
v -44.79557419 -76.96508026 94.69805145
v -44.76732635 -77.37994385 94.83293152
v -45.35109329 -77.13057709 94.15087128
v -45.29986191 -77.52702332 94.30046082
v -45.88708496 -77.34486389 93.62513733
v -45.81314468 -77.72235107 93.78961182
v -46.40183258 -77.60925293 93.12156677
v -46.30548096 -77.96716309 93.30117035
v -46.89399338 -77.92562103 92.64031982
v -46.77553558 -78.26321411 92.83534241
v -47.36210251 -78.29651642 92.18147278
v -47.22183990 -78.61289978 92.39231110
v -47.48839188 -79.30763245 92.21532440
v -47.35111618 -79.60020447 92.46492767
v -47.22667313 -79.89073181 92.72509766
v -46.87387085 -79.55445099 93.09251404
v -46.78348923 -79.86309052 93.34685516
v -46.42496872 -79.59573364 93.72840881
v -46.36973572 -79.92008209 93.97749329
v -46.01278305 -79.72142792 94.37088013
v -46.00156784 -79.89083862 94.49217224
v -45.63766098 -79.74813080 94.90534210
v -45.64171219 -79.92451477 95.02285767
v -45.27317810 -79.83547211 95.45638275
v -45.31632996 -80.19824982 95.68769836
v -44.95876312 -80.16816711 96.13701630
v -44.99845123 -80.35322571 96.25170898
v -44.52966309 -80.38626862 96.87265778
v -44.59064102 -80.57675934 96.98499298
v -44.13395691 -80.68405914 97.62786865
v -44.21664429 -80.87803650 97.73947144
v -43.77426147 -81.05149841 98.40430450
v -43.87899017 -81.24690247 98.51683807
v -43.56074524 -81.41565704 99.02795410
v -43.80796051 -81.79843140 99.26147461
v -43.52062988 -81.99731445 99.77959442
v -43.80723953 -82.36201477 100.02709961
v -43.29826736 -82.82568359 101.08499146
v -43.64826202 -83.16415405 101.35385895
v -43.20301056 -83.69283295 102.44734192
v -42.76680374 -84.28125763 103.56235504
v -41.27023697 -76.37349701 98.12094879
v -41.86599350 -76.30883026 97.52011871
v -42.46575165 -76.27743530 96.91871643
v -43.26334763 -76.29292297 96.12472534
v -44.05420303 -76.38095856 95.34389496
v -44.83717346 -76.54974365 94.57691193
v -45.41501999 -76.73375702 94.01441193
v -45.97319412 -76.96710205 93.47330475
v -46.50994873 -77.25117493 92.95425415
v -47.02393723 -77.58798218 92.45735168
v -47.41540909 -80.53813934 92.67794037
v -47.29868317 -80.80124664 92.97379303
v -47.48339844 -81.29611969 92.87044525
v -47.24565125 -80.93141937 93.12496185
v -47.19621658 -81.06055450 93.27816010
v -46.93396378 -80.74269104 93.56284332
v -46.86414719 -81.01773071 93.85886383
v -46.59303284 -80.76232910 94.16423798
v -46.57325745 -80.90732574 94.30748749
v -46.29035568 -80.70642090 94.63882446
v -46.28459167 -80.85869598 94.77701569
v -45.99565887 -80.71256256 95.13166046
v -46.00446320 -80.87111664 95.26554108
v -45.71205521 -80.77684784 95.64414215
v -45.73600388 -80.94063568 95.77451324
v -45.44252014 -80.89579010 96.17781067
v -45.52498627 -81.22877502 96.43508148
v -45.24600983 -81.23680878 96.85986328
v -45.36693573 -81.56868744 97.11743164
v -45.02383804 -81.64971924 97.71044159
v -45.19197845 -81.97795868 97.96916199
v -44.88171387 -82.12501526 98.59339905
v -47.42568588 -81.41479492 93.03205109
v -47.10824966 -81.31540680 93.59025574
v -46.83453369 -81.15318298 94.00959778
v -46.55692291 -81.05068970 94.45249939
v -46.28218460 -81.00909424 94.91696167
v -46.01655960 -81.02751923 95.40120697
v -45.79354095 -81.26073456 96.04061127
v -45.61987305 -81.55015564 96.69944000
v -45.49959564 -81.88706970 97.38188934
v -47.45092010 -82.12010956 93.34507751
v -47.32163620 -81.64907837 93.36087036
v -47.49261856 -82.69257355 93.57183075
v -47.35713959 -82.32726288 93.70074463
v -47.40198898 -82.22425842 93.52220917
v -47.19436646 -81.99174500 93.86646271
v -47.23292542 -81.87878418 93.69643402
v -47.00384140 -81.68795013 94.07108307
v -47.03495789 -81.56516266 93.90925598
v -46.78594971 -81.41954803 94.31600189
v -46.80846786 -81.28714752 94.16201019
v -46.54402542 -81.19232941 94.59916687
v -47.46636200 -83.32828522 94.07388306
v -47.36860275 -82.96475220 94.14069366
v -47.44693375 -82.78443909 93.76040649
v -47.24713898 -82.62873077 94.24354553
v -47.31637573 -82.42904663 93.88056183
v -47.10195923 -82.32222748 94.38410187
v -47.15968323 -82.10334778 94.03782654
v -46.93267822 -82.04704285 94.56452942
v -46.97642517 -81.80923462 94.23430634
v -46.73966217 -81.80660248 94.78643036
v -46.76697922 -81.55030823 94.47147369
v -46.52589035 -81.60616302 95.04815674
v -46.53456116 -81.33217621 94.74740601
v -46.29499817 -81.44812775 95.34638977
v -46.28313065 -81.15751648 95.05857086
v -46.05053329 -81.33348846 95.67748260
v -47.49820709 -84.69247437 94.97231293
v -47.46744156 -84.33190155 94.91282654
v -47.42007828 -83.98506165 94.88031006
v -47.35161972 -83.63679504 94.87763214
v -47.26393890 -83.31012726 94.90995789
v -47.15767670 -83.01095581 94.97932434
v -47.03285980 -82.74098969 95.08753967
v -47.19427490 -82.82284546 94.61013794
v -47.05971909 -82.53492737 94.73432922
v -46.88922119 -82.50180054 95.23693848
v -46.90365219 -82.27806091 94.89904022
v -46.72710419 -82.29640961 95.42941284
v -46.72642136 -82.05547333 95.10602570
v -46.54901886 -82.12926483 95.66394806
v -46.35792160 -82.00222015 95.93761444
v -46.15667343 -81.91581726 96.24706268
v -45.94604111 -81.86853027 96.59143066
v -46.09733582 -81.62979889 95.95970154
v -45.86367416 -81.57025146 96.31319427
v -45.72673035 -81.85923767 96.97003937
v -44.33542252 -82.50226593 99.76395416
v -44.56953430 -82.32330322 99.25160980
v -44.67733002 -81.78973389 98.33766937
v -44.86711502 -81.30620575 97.45955658
v -45.13736343 -80.89218140 96.61005402
v -45.40606689 -80.72519684 96.05207825
v -45.69136810 -80.61069489 95.51567841
v -45.99016953 -80.55194092 94.99964905
v -46.29949188 -80.55235291 94.50248718
v -46.64289093 -80.46778870 93.88339233
v -46.97414017 -80.60327148 93.41775513
v -44.10350037 -82.70360565 100.28658295
v -42.31467056 -83.96173859 103.25983429
v -42.80096054 -83.36187744 102.16411591
v -42.40526962 -82.99934387 101.89724731
v -42.01835632 -82.60628510 101.64873505
v -41.82894897 -82.39874268 101.53195953
v -42.46361160 -81.86306000 100.47798920
v -42.30546951 -81.65181732 100.36932373
v -42.98211670 -81.20286560 99.32581329
v -42.85571671 -80.99166107 99.22186279
v -43.21395874 -80.80615997 98.70308685
v -43.10532761 -80.59425354 98.60211182
v -43.48032379 -80.44075012 98.08634186
v -43.30231476 -80.01487732 97.89186859
v -43.83771896 -79.87419128 97.21197510
v -43.77267075 -79.66404724 97.11613464
v -44.32021713 -79.59587097 96.45153809
v -44.27671814 -79.39192200 96.35376740
v -44.83415222 -79.40435791 95.70451355
v -44.79270172 -79.01023102 95.50516510
v -45.22764587 -79.08679962 95.02465820
v -45.22539520 -78.70301056 94.82546234
v -45.66779709 -78.84300995 94.35599518
v -45.70321655 -78.47245789 94.15540314
v -46.14969254 -78.67874146 93.69597626
v -46.22131348 -78.32397461 93.49275208
v -46.66902542 -78.59988403 93.04209137
v -41.64263535 -82.18414307 101.42045593
v -42.15078735 -81.43479156 100.26532745
v -42.73293686 -80.77580261 99.12198639
v -42.89928055 -80.15848541 98.41184998
v -43.21898651 -79.79688263 97.80019379
v -43.71135330 -79.45117950 97.02373505
v -44.20063019 -78.97751617 96.16781616
v -44.76531601 -78.60951233 95.31787872
v -45.23677826 -78.31436920 94.63808441
v -45.75174713 -78.09856415 93.96647644
v -41.28046417 -81.73474884 101.21411133
v -41.45971298 -81.96273041 101.31444550
v -40.60565186 -80.76320648 100.87294006
v -40.76750946 -81.01439667 100.94891357
v -40.93409729 -81.26027679 101.03119659
v -41.57081985 -80.51368713 99.89902496
v -41.70959854 -80.75139618 99.98287201
v -42.38775253 -80.10243225 98.84804535
v -42.49881363 -80.33096313 98.93495941
v -42.80209351 -79.93504333 98.32278442
v -41.18186951 -79.77484131 99.68000031
v -40.94693375 -79.26395416 99.56191254
v -40.73270416 -78.74143982 99.46669006
v -41.73302841 -78.41213989 98.37106323
v -41.58798981 -77.90814209 98.27876282
v -42.11861038 -77.79872131 97.71755981
v -40.53997421 -78.21002197 99.39452362
v -41.99977493 -81.21221161 100.16615295
v -47.27535248 -81.76454163 93.52787018
v -47.06976318 -81.44096375 93.74894714
v -47.09341812 -78.92855072 92.61472321
v -46.97729492 -79.24266815 92.84828949
v -46.57487106 -78.93477631 93.26016235
v -46.49342346 -79.26701355 93.48910522
v -45.26166534 -77.92199707 94.46295929
v -44.75273514 -77.79313660 94.98137665
v -44.75201416 -78.20339966 95.14314270
v -44.06106186 -77.69443512 95.69124603
v -44.09272385 -78.12738800 95.83611298
v -44.13925552 -78.55554199 95.99510193
v -43.36040878 -77.67289734 96.41666412
v -43.42446899 -78.12728882 96.54560852
v -43.50442505 -78.57618713 96.69002533
v -43.60013580 -79.01800537 96.84955597
v -42.65211868 -77.72110748 97.15635681
v -42.74864960 -78.19596863 97.27013397
v -42.86226654 -78.66458130 97.40097046
v -42.99270248 -79.12511444 97.54853821
v -43.13956070 -79.57578278 97.71236420
v -42.23948669 -78.28839874 97.82040405
v -41.89721680 -78.90862274 98.48319244
v -46.09091568 -79.03053284 93.91040039
v -45.64567566 -79.20920563 94.56780243
v -45.24357986 -79.46464539 95.23515320
v -44.86012268 -79.59857941 95.80852509
v -44.36730576 -79.79743958 96.55239868
v -43.97877502 -80.28560638 97.41360474
v -43.57481766 -80.64825439 98.18893433
v -43.32616043 -81.01381683 98.80780792
v -43.11196899 -81.40921021 99.43371582
v -42.62498856 -82.06830597 100.59114838
v -46.04521942 -79.37840271 94.13555145
v -42.37844467 -78.77120209 97.94163513
v -42.53510666 -79.24511719 98.08094788
v -42.70893860 -79.70817566 98.23788452
v -42.08005142 -79.39535522 98.61487579
v -41.43649673 -80.27149200 99.82053375
v -47.01779938 -80.46270752 93.27472687
v -47.11545563 -80.17848206 92.99524689
v -46.70642471 -80.16779327 93.61069489
v -46.67295456 -80.31842804 93.74597931
v -46.34712601 -80.08035278 94.10551453
v -45.99369812 -80.05870056 94.61578369
v -45.65988159 -80.27170563 95.26488495
v -45.34293747 -80.37631226 95.80693054
v -45.04147720 -80.53565979 96.36884308
v -44.65494156 -80.76412964 97.09995270
v -44.30261230 -81.06830597 97.85391235
v -44.09784698 -81.62451172 98.75096130
v -44.06660461 -82.16096497 99.50721741
v -45.63697052 -79.57003784 94.79028320
v -45.25667572 -79.65100098 95.34446716
v -44.88956833 -79.79071045 95.91533661
v -44.47208023 -80.19278717 96.76304626
v -44.05463791 -80.48653412 97.51921082
v -43.67283249 -80.85189056 98.29496765
v -43.44180298 -81.21704102 98.91613770
v -43.24512100 -81.61051941 99.54541016
v -42.95654297 -82.46004486 100.83020782
v -42.28086090 -79.87015533 98.76566315
v -45.98800278 -80.38935852 94.86960602
v -46.32787704 -80.23921967 94.23574829
v -45.67396927 -80.44227600 95.38922882
v -45.37285995 -80.55199432 95.92842102
v -45.08779526 -80.71535492 96.48831940
v -44.72250748 -80.94824219 97.21744537
v -44.48400497 -81.43720245 98.09083557
v -44.32839203 -81.98362732 98.99625397
v -47.30763245 -83.14011383 94.52424622
v -47.39980316 -83.48486328 94.47490692
v -46.53077316 -81.87203979 95.35395050
v -46.32000732 -81.72988892 95.63967133
v -47.47016907 -83.85085297 94.46038818
v -46.50000000 -107.58124542 86.56160736
v -46.50000000 -108.92824554 86.74594116
v -36.00000000 -109.95597076 86.97190094
v -46.50000000 -110.25302124 87.05148315
v -46.46872330 -111.00391388 87.28227234
v -36.00000000 -111.38012695 87.41436768
v -46.38213730 -111.73234558 87.54836273
v -36.00000000 -112.75331879 87.99607086
v -46.25242233 -112.42298889 87.84125519
v -46.07476425 -113.12678528 88.18312836
v -36.00000000 -114.06195831 88.71125031
v -45.87458038 -113.76631165 88.53466797
v -45.63473892 -114.41356659 88.93353271
v -36.00000000 -115.29311371 89.55284119
v -45.38587570 -114.99767303 89.33419800
v -45.10280609 -115.58714294 89.78187561
v -44.81811142 -116.12026215 90.22853851
v -36.00000000 -116.43461609 90.51251984
v -44.50127029 -116.65894318 90.72535706
v -44.19574738 -117.13413239 91.20684052
v -36.00000000 -117.47518158 91.58081055
v -43.85676193 -117.61889648 91.74625397
v -36.00000000 -118.40452576 92.74714661
v -43.18644333 -118.46859741 92.83700562
v -43.02550507 -118.65380096 93.10491943
v -42.84516907 -118.85344696 93.40840912
v -42.69397736 -119.01464844 93.66571808
v -46.99091721 -110.51199341 87.62444305
v -46.96481323 -110.89859772 87.72499084
v -46.86742020 -111.65295410 87.95314789
v -46.71737289 -112.38330841 88.21659088
v -46.62482071 -112.73999786 88.36142731
v -46.40941238 -113.43319702 88.67537689
v -46.52159119 -113.09100342 88.51487732
v -46.28907776 -113.76684570 88.84269714
v -46.02656174 -114.40956116 89.19715118
v -45.73852158 -115.02116394 89.57721710
v -45.42813873 -115.60383606 89.98266602
v -45.09822845 -116.15866852 90.41311646
v -44.75143051 -116.68599701 90.86804962
v -44.39330673 -117.18170166 91.34274292
v -44.02636719 -117.64636993 91.83618927
v -43.27224731 -118.48699951 92.87947845
v -42.88802719 -118.86410522 93.42947388
v -42.69416809 -119.04248047 93.71249390
v -42.59711456 -119.12889099 93.85567474
v -42.54853058 -119.17144012 93.92774200
v 7.69865608 -101.57326508 87.00000000
v 7.37392998 -101.65405273 86.76879883
v 7.22799587 -101.90521240 86.82470703
v 7.08364296 -102.15049744 86.91887665
v 6.94380045 -102.38516998 87.05261993
v 6.81193447 -102.60385132 87.22750092
v 6.74949598 -102.70652771 87.33242798
v 6.98368216 -102.61389923 87.40928650
v 6.92075205 -102.70243073 87.49922180
v 6.86158657 -102.78523254 87.59903717
v 6.80720091 -102.86097717 87.70858002
v 6.75816345 -102.92897797 87.82891846
v 6.58817768 -102.96924591 87.71707153
v 6.56612873 -103.00486755 87.79239655
v 6.54604959 -103.03725433 87.87034607
v 6.51233912 -103.09149933 88.03393555
v 6.48816538 -103.13029480 88.20774078
v 6.68172741 -103.03439331 88.10051727
v 6.65736341 -103.06784821 88.24949646
v 6.64416361 -103.08594513 88.40273285
v 6.64192724 -103.08901215 88.48066711
v 6.64270020 -103.08795166 88.55929565
v 6.47361660 -103.15361023 88.56917572
v 6.47734976 -103.14762878 88.65989685
v 6.48394966 -103.13705444 88.74929810
v 6.50545979 -103.10254669 88.92423248
v 6.65311480 -103.07367706 88.71368408
v 6.67479420 -103.04392242 88.86363220
v 7.55010271 -101.79487610 87.01611328
v 7.25752974 -102.22296906 87.14475250
v 7.40301943 -102.01145935 87.06403351
v 7.11658621 -102.42532349 87.25938416
v 6.73594093 -102.95969391 87.89347839
v 6.71570349 -102.98761749 87.96029663
v 6.64646292 -103.08279419 88.63705444
v 6.74678278 -102.94471741 89.13899231
v 6.70658398 -103.00019073 89.00627136
v 6.53700113 -103.05182648 89.09065247
v 6.79448223 -102.87864685 89.26255035
v 6.76976156 -102.91291809 89.20193481
v 6.59968519 -102.95062256 89.31892395
v 6.57688618 -102.98749542 89.24549103
v 7.03293800 -102.54425812 89.65187073
v 6.96775484 -102.63634491 89.56929779
v 6.90574217 -102.72348022 89.47702026
v 6.79613209 -102.62989044 89.74751282
v 6.73460340 -102.73093414 89.63985443
v 6.67714167 -102.82481384 89.52095032
v 6.62421274 -102.91087341 89.38964081
v 7.16917801 -102.35010529 89.78805542
v 7.10013819 -102.44878387 89.72451782
v 6.92748070 -102.41236877 89.92860413
v 6.86080599 -102.52309418 89.84384918
v 6.99598122 -102.29793549 90.00273132
v 6.47284937 -103.15483856 88.47744751
v 6.47506857 -103.15128326 88.38652039
v 6.63683176 -102.89038849 87.57668304
v 6.69079256 -102.80255127 87.44887543
v 6.84782791 -102.80442810 89.37509918
v 8.57221603 -100.86626434 90.43156433
v 9.73488522 -99.54716492 91.05895996
v 10.69852352 -98.33116913 91.70229340
f 1 2 3
f 3 2 4
f 3 4 5
f 5 4 6
f 5 6 7
f 7 6 8
f 7 8 9
f 9 8 10
f 9 10 11
f 11 10 12
f 11 12 13
f 13 12 14
f 13 14 15
f 15 14 16
f 15 16 17
f 17 16 18
f 17 18 19
f 19 18 20
f 19 20 21
f 21 20 22
f 21 22 23
f 23 22 24
f 23 24 25
f 25 24 26
f 25 26 27
f 27 26 28
f 27 28 29
f 29 28 30
f 29 30 31
f 31 30 32
f 31 32 33
f 33 32 34
f 33 34 35
f 35 34 36
f 35 36 37
f 37 36 38
f 37 38 39
f 39 38 40
f 39 40 41
f 41 40 42
f 41 42 43
f 43 42 44
f 43 44 45
f 45 44 46
f 45 46 47
f 47 46 48
f 47 48 49
f 49 48 50
f 49 50 51
f 51 50 52
f 51 52 53
f 53 52 54
f 53 54 55
f 55 54 56
f 55 56 57
f 57 56 58
f 57 58 59
f 59 58 60
f 59 60 61
f 61 60 62
f 61 62 63
f 63 62 64
f 63 64 65
f 65 64 66
f 65 66 67
f 67 66 68
f 67 68 69
f 69 68 70
f 69 70 71
f 2 1 72
f 72 1 73
f 72 73 74
f 74 73 75
f 74 75 76
f 76 75 77
f 76 77 78
f 78 77 79
f 78 79 80
f 80 79 81
f 80 81 82
f 82 81 83
f 82 83 84
f 84 83 85
f 84 85 86
f 86 85 87
f 86 87 88
f 88 87 89
f 88 89 90
f 90 89 91
f 90 91 92
f 92 91 93
f 92 93 94
f 94 93 95
f 94 95 96
f 96 95 97
f 96 97 98
f 98 97 99
f 98 99 100
f 100 99 101
f 100 101 102
f 102 101 103
f 102 103 104
f 104 103 105
f 104 105 106
f 106 105 107
f 106 107 108
f 108 107 109
f 108 109 110
f 110 109 111
f 110 111 112
f 112 111 113
f 112 113 114
f 114 113 115
f 114 115 116
f 116 115 117
f 116 117 118
f 118 117 119
f 118 119 120
f 120 119 121
f 120 121 122
f 122 121 123
f 122 123 124
f 124 123 125
f 124 125 126
f 126 125 127
f 126 127 128
f 128 127 129
f 128 129 130
f 130 129 131
f 130 131 132
f 132 131 133
f 132 133 71
f 71 133 69
f 134 135 136
f 136 135 137
f 136 137 138
f 135 134 139
f 139 134 140
f 139 140 141
f 141 140 142
f 141 142 143
f 143 142 144
f 143 144 145
f 145 144 146
f 145 146 147
f 147 146 148
f 147 148 149
f 149 148 150
f 149 150 151
f 151 150 152
f 151 152 153
f 153 152 154
f 153 154 155
f 155 154 156
f 155 156 157
f 157 156 158
f 157 158 159
f 159 158 160
f 159 160 161
f 161 160 162
f 161 162 163
f 163 162 164
f 163 164 165
f 165 164 166
f 165 166 167
f 167 166 168
f 167 168 169
f 169 168 170
f 169 170 171
f 171 170 172
f 171 172 173
f 173 172 174
f 173 174 175
f 175 174 176
f 175 176 177
f 177 176 178
f 177 178 179
f 179 178 180
f 179 180 181
f 181 180 182
f 181 182 183
f 183 182 184
f 183 184 185
f 185 184 186
f 185 186 187
f 187 186 188
f 187 188 189
f 189 188 190
f 189 190 191
f 191 190 192
f 191 192 193
f 193 192 194
f 193 194 195
f 195 194 196
f 195 196 197
f 197 196 198
f 197 198 199
f 199 198 200
f 199 200 201
f 201 200 202
f 201 202 203
f 203 202 204
f 203 204 205
f 205 204 206
f 205 206 207
f 207 206 208
f 207 208 209
f 209 208 210
f 209 210 138
f 138 210 136
f 211 212 213
f 213 212 214
f 213 214 215
f 212 211 216
f 216 211 217
f 216 217 218
f 218 217 219
f 218 219 220
f 220 219 221
f 220 221 222
f 222 221 223
f 222 223 224
f 224 223 225
f 224 225 226
f 226 225 227
f 226 227 228
f 228 227 229
f 228 229 230
f 230 229 231
f 230 231 232
f 232 231 233
f 232 233 234
f 234 233 235
f 234 235 236
f 236 235 237
f 236 237 238
f 238 237 239
f 238 239 240
f 240 239 241
f 240 241 242
f 242 241 243
f 242 243 244
f 244 243 245
f 244 245 246
f 246 245 247
f 246 247 248
f 248 247 249
f 248 249 250
f 250 249 251
f 250 251 252
f 252 251 253
f 252 253 254
f 254 253 255
f 254 255 256
f 256 255 257
f 256 257 258
f 258 257 259
f 258 259 260
f 260 259 261
f 260 261 262
f 262 261 263
f 262 263 264
f 264 263 265
f 264 265 266
f 266 265 267
f 266 267 268
f 268 267 269
f 268 269 270
f 270 269 271
f 270 271 272
f 272 271 273
f 272 273 274
f 274 273 275
f 274 275 276
f 276 275 277
f 276 277 278
f 278 277 279
f 278 279 280
f 280 279 281
f 280 281 282
f 282 281 283
f 282 283 284
f 284 283 285
f 284 285 286
f 286 285 287
f 286 287 288
f 288 287 289
f 288 289 290
f 290 289 291
f 290 291 292
f 292 291 293
f 292 293 294
f 294 293 295
f 294 295 296
f 296 295 297
f 296 297 298
f 298 297 299
f 298 299 300
f 300 299 301
f 300 301 302
f 302 301 303
f 302 303 304
f 304 303 305
f 304 305 306
f 306 305 307
f 306 307 308
f 308 307 309
f 308 309 310
f 310 309 311
f 310 311 312
f 312 311 313
f 312 313 314
f 314 313 315
f 314 315 316
f 316 315 317
f 316 317 318
f 318 317 319
f 318 319 320
f 320 319 321
f 320 321 322
f 322 321 323
f 322 323 324
f 324 323 325
f 324 325 326
f 326 325 327
f 326 327 328
f 328 327 329
f 328 329 330
f 330 329 331
f 330 331 332
f 332 331 333
f 332 333 334
f 334 333 335
f 334 335 336
f 336 335 337
f 336 337 338
f 338 337 339
f 338 339 340
f 340 339 341
f 340 341 342
f 342 341 343
f 342 343 344
f 344 343 345
f 344 345 215
f 215 345 213
f 346 347 348
f 348 347 349
f 348 349 350
f 350 349 351
f 350 351 352
f 352 351 353
f 352 353 354
f 354 353 355
f 354 355 356
f 356 355 357
f 356 357 358
f 358 357 359
f 358 359 360
f 360 359 361
f 360 361 362
f 362 361 363
f 362 363 364
f 364 363 365
f 364 365 366
f 366 365 367
f 366 367 368
f 368 367 369
f 368 369 370
f 370 369 371
f 370 371 372
f 372 371 373
f 372 373 374
f 374 373 375
f 374 375 376
f 376 375 377
f 376 377 378
f 378 377 379
f 378 379 380
f 380 379 381
f 380 381 382
f 382 381 383
f 382 383 384
f 384 383 385
f 384 385 386
f 386 385 387
f 386 387 388
f 388 387 389
f 388 389 390
f 390 389 391
f 390 391 392
f 392 391 393
f 392 393 394
f 394 393 395
f 394 395 396
f 396 395 397
f 396 397 398
f 398 397 399
f 398 399 400
f 400 399 401
f 400 401 402
f 402 401 403
f 402 403 404
f 404 403 405
f 404 405 406
f 347 346 407
f 407 346 408
f 407 408 409
f 409 408 410
f 409 410 411
f 411 410 412
f 411 412 413
f 413 412 414
f 413 414 415
f 415 414 416
f 415 416 417
f 417 416 418
f 417 418 419
f 419 418 420
f 419 420 421
f 421 420 422
f 421 422 406
f 406 422 404
f 365 423 367
f 367 423 424
f 367 424 369
f 369 424 425
f 369 425 371
f 371 425 426
f 371 426 373
f 373 426 427
f 373 427 375
f 375 427 428
f 375 428 377
f 377 428 429
f 377 429 379
f 379 429 430
f 379 430 381
f 381 430 431
f 381 431 383
f 383 431 432
f 383 432 385
f 385 432 433
f 385 433 387
f 387 433 434
f 387 434 389
f 389 434 435
f 389 435 391
f 391 435 436
f 391 436 393
f 393 436 437
f 393 437 395
f 395 437 438
f 395 438 397
f 397 438 439
f 397 439 399
f 399 439 440
f 399 440 401
f 401 440 441
f 401 441 403
f 403 441 442
f 403 442 405
f 405 442 443
f 405 443 406
f 406 443 444
f 406 444 421
f 421 444 445
f 421 445 419
f 419 445 446
f 419 446 417
f 417 446 447
f 417 447 415
f 415 447 448
f 415 448 413
f 413 448 449
f 413 449 411
f 411 449 450
f 411 450 409
f 409 450 451
f 409 451 407
f 407 451 452
f 407 452 347
f 347 452 453
f 347 453 349
f 349 453 454
f 349 454 351
f 351 454 455
f 351 455 353
f 353 455 456
f 353 456 355
f 355 456 457
f 355 457 357
f 357 457 458
f 357 458 359
f 359 458 459
f 359 459 361
f 361 459 460
f 361 460 363
f 363 460 461
f 363 461 365
f 365 461 423
f 462 463 464
f 464 463 465
f 464 465 466
f 466 465 467
f 466 467 468
f 468 467 469
f 463 462 470
f 470 462 471
f 470 471 472
f 472 471 473
f 472 473 474
f 474 473 475
f 476 477 478
f 478 477 479
f 478 479 480
f 480 479 481
f 480 481 475
f 475 481 474
f 482 483 484
f 484 483 485
f 484 485 486
f 486 485 487
f 486 487 488
f 488 487 489
f 488 489 490
f 490 489 491
f 490 491 492
f 492 491 493
f 492 493 494
f 494 493 495
f 494 495 496
f 496 495 497
f 496 497 498
f 498 497 499
f 498 499 500
f 500 499 501
f 500 501 502
f 502 501 503
f 502 503 504
f 504 503 505
f 504 505 506
f 506 505 507
f 506 507 508
f 508 507 509
f 508 509 510
f 508 510 511
f 511 510 512
f 511 512 513
f 513 512 514
f 513 514 515
f 515 514 516
f 515 516 517
f 517 516 518
f 517 518 519
f 519 518 520
f 519 520 521
f 521 520 522
f 521 522 523
f 523 522 524
f 523 524 525
f 525 524 526
f 525 526 527
f 525 527 528
f 528 527 529
f 528 529 530
f 528 530 531
f 531 530 532
f 531 532 533
f 531 533 534
f 534 533 535
f 534 535 536
f 534 536 537
f 537 536 538
f 537 538 539
f 537 539 540
f 540 539 541
f 540 541 542
f 542 541 543
f 542 543 544
f 542 544 545
f 545 544 546
f 545 546 482
f 545 482 484
f 547 548 549
f 549 548 550
f 549 550 551
f 551 550 552
f 551 552 553
f 553 552 554
f 554 552 555
f 554 555 556
f 556 555 557
f 557 555 558
f 557 558 559
f 559 558 560
f 560 558 561
f 560 561 562
f 562 561 563
f 563 561 564
f 563 564 565
f 565 564 566
f 566 564 567
f 566 567 568
f 568 567 569
f 568 569 570
f 570 569 571
f 571 569 572
f 572 569 573
f 572 573 574
f 574 573 575
f 574 575 576
f 576 575 577
f 576 577 578
f 578 577 579
f 578 579 580
f 580 579 581
f 581 579 582
f 581 582 583
f 583 582 584
f 583 584 585
f 585 584 586
f 585 586 587
f 587 586 588
f 587 588 589
f 589 588 590
f 589 590 591
f 591 590 592
f 591 592 593
f 593 592 594
f 593 594 595
f 595 594 596
f 595 596 597
f 597 596 598
f 597 598 599
f 599 598 600
f 599 600 601
f 601 600 602
f 601 602 603
f 603 602 604
f 603 604 605
f 605 604 606
f 605 606 607
f 607 606 608
f 607 608 609
f 609 608 610
f 610 608 611
f 610 611 547
f 547 611 548
f 612 613 614
f 614 613 615
f 614 615 616
f 616 615 617
f 616 617 618
f 618 617 619
f 618 619 620
f 620 619 621
f 620 621 622
f 622 621 623
f 622 623 624
f 624 623 625
f 624 625 626
f 626 625 627
f 626 627 628
f 628 627 629
f 628 629 630
f 630 629 631
f 630 631 632
f 632 631 633
f 632 633 634
f 634 633 635
f 634 635 636
f 636 635 637
f 636 637 638
f 638 637 639
f 638 639 640
f 640 639 641
f 640 641 642
f 642 641 643
f 642 643 644
f 644 643 645
f 644 645 646
f 646 645 647
f 646 647 648
f 648 647 649
f 648 649 650
f 650 649 651
f 650 651 652
f 652 651 653
f 652 653 654
f 654 653 655
f 654 655 656
f 656 655 657
f 656 657 658
f 658 657 659
f 658 659 660
f 660 659 661
f 660 661 662
f 662 661 663
f 662 663 664
f 664 663 665
f 664 665 666
f 666 665 667
f 666 667 668
f 668 667 612
f 668 612 614
f 669 670 671
f 671 670 672
f 671 672 673
f 673 672 674
f 673 674 675
f 675 674 676
f 675 676 677
f 677 676 678
f 677 678 679
f 679 678 680
f 679 680 681
f 681 680 682
f 681 682 683
f 683 682 684
f 683 684 685
f 685 684 686
f 685 686 687
f 687 686 688
f 687 688 689
f 689 688 690
f 689 690 691
f 691 690 692
f 691 692 693
f 693 692 694
f 693 694 695
f 695 694 696
f 695 696 697
f 697 696 698
f 697 698 699
f 699 698 700
f 699 700 701
f 701 700 702
f 701 702 703
f 703 702 704
f 703 704 705
f 705 704 706
f 705 706 707
f 707 706 708
f 707 708 709
f 709 708 710
f 709 710 711
f 711 710 712
f 711 712 713
f 713 712 714
f 713 714 715
f 715 714 716
f 715 716 717
f 717 716 718
f 717 718 719
f 719 718 720
f 719 720 721
f 721 720 722
f 721 722 723
f 723 722 724
f 723 724 725
f 725 724 726
f 725 726 727
f 727 726 728
f 727 728 729
f 729 728 730
f 729 730 731
f 731 730 732
f 731 732 733
f 733 732 734
f 733 734 735
f 735 734 736
f 735 736 737
f 737 736 738
f 737 738 739
f 739 738 740
f 739 740 741
f 741 740 669
f 741 669 671
f 742 743 744
f 744 743 745
f 744 745 746
f 746 745 747
f 746 747 748
f 748 747 749
f 748 749 750
f 750 749 751
f 750 751 752
f 752 751 753
f 752 753 754
f 754 753 755
f 754 755 756
f 756 755 757
f 756 757 758
f 758 757 759
f 758 759 760
f 760 759 761
f 760 761 762
f 762 761 763
f 762 763 764
f 764 763 765
f 764 765 766
f 766 765 767
f 766 767 768
f 768 767 769
f 768 769 770
f 770 769 771
f 770 771 772
f 772 771 773
f 772 773 774
f 774 773 775
f 774 775 776
f 776 775 777
f 776 777 778
f 778 777 779
f 778 779 780
f 780 779 781
f 780 781 782
f 782 781 783
f 782 783 784
f 784 783 785
f 784 785 786
f 786 785 787
f 786 787 788
f 788 787 789
f 788 789 790
f 790 789 791
f 790 791 792
f 792 791 793
f 792 793 794
f 794 793 795
f 794 795 796
f 796 795 797
f 796 797 798
f 798 797 742
f 798 742 744
f 799 800 801
f 801 800 802
f 801 802 803
f 803 802 804
f 804 802 805
f 804 805 806
f 806 805 807
f 807 805 808
f 807 808 809
f 809 808 810
f 810 808 811
f 810 811 812
f 812 811 813
f 813 811 814
f 813 814 815
f 815 814 816
f 815 816 817
f 817 816 818
f 818 816 819
f 818 819 820
f 820 819 821
f 821 819 822
f 821 822 823
f 823 822 824
f 824 822 825
f 824 825 826
f 826 825 827
f 827 825 828
f 827 828 829
f 829 828 830
f 829 830 831
f 831 830 832
f 831 832 833
f 833 832 834
f 833 834 835
f 835 834 836
f 835 836 837
f 837 836 838
f 837 838 839
f 839 838 840
f 839 840 841
f 841 840 842
f 841 842 843
f 843 842 844
f 843 844 845
f 845 844 846
f 845 846 847
f 847 846 848
f 847 848 849
f 849 848 850
f 849 850 851
f 851 850 852
f 852 850 853
f 852 853 854
f 854 853 855
f 854 855 856
f 856 855 857
f 856 857 858
f 858 857 859
f 858 859 860
f 860 859 861
f 860 861 862
f 862 861 863
f 862 863 799
f 799 863 800
f 864 865 866
f 866 865 867
f 866 867 868
f 868 867 869
f 868 869 870
f 870 869 871
f 870 871 872
f 872 871 873
f 872 873 874
f 874 873 875
f 874 875 876
f 876 875 877
f 876 877 878
f 878 877 879
f 878 879 880
f 880 879 881
f 880 881 882
f 882 881 883
f 882 883 884
f 884 883 885
f 884 885 886
f 886 885 887
f 886 887 888
f 888 887 889
f 888 889 890
f 890 889 891
f 890 891 892
f 892 891 893
f 892 893 894
f 894 893 895
f 894 895 896
f 896 895 897
f 896 897 898
f 898 897 899
f 898 899 900
f 900 899 901
f 900 901 902
f 902 901 903
f 902 903 904
f 904 903 905
f 904 905 906
f 906 905 907
f 906 907 908
f 908 907 909
f 908 909 910
f 910 909 911
f 910 911 912
f 912 911 913
f 912 913 914
f 914 913 915
f 914 915 916
f 916 915 917
f 916 917 918
f 918 917 919
f 918 919 920
f 920 919 864
f 920 864 866
f 921 922 923
f 923 922 924
f 923 924 925
f 925 924 926
f 925 926 927
f 927 926 928
f 928 926 929
f 929 926 930
f 930 926 931
f 931 926 932
f 932 926 933
f 933 926 934
f 924 922 935
f 935 922 936
f 935 936 937
f 937 936 938
f 937 938 939
f 939 938 940
f 939 940 941
f 941 940 942
f 941 942 943
f 943 942 944
f 943 944 945
f 945 944 946
f 946 944 947
f 946 947 948
f 948 947 949
f 948 949 950
f 950 949 951
f 950 951 952
f 952 951 953
f 952 953 954
f 954 953 955
f 954 955 956
f 956 955 957
f 956 957 958
f 958 957 959
f 959 957 960
f 959 960 961
f 961 960 962
f 961 962 963
f 963 962 964
f 963 964 965
f 965 964 966
f 965 966 967
f 967 966 968
f 967 968 969
f 969 968 970
f 969 970 971
f 971 970 972
f 972 970 973
f 972 973 974
f 974 973 975
f 974 975 976
f 976 975 977
f 976 977 978
f 978 977 979
f 978 979 980
f 980 979 981
f 980 981 982
f 982 981 983
f 982 983 984
f 984 983 985
f 985 983 986
f 985 986 987
f 987 986 988
f 987 988 989
f 989 988 990
f 989 990 991
f 991 990 992
f 991 992 993
f 993 992 994
f 993 994 995
f 995 994 996
f 995 996 997
f 997 996 998
f 998 996 999
f 998 999 1000
f 1000 999 1001
f 1000 1001 1002
f 1002 1001 1003
f 1002 1003 1004
f 1004 1003 1005
f 1004 1005 1006
f 1006 1005 1007
f 1006 1007 1008
f 1008 1007 1009
f 1008 1009 1010
f 1010 1009 1011
f 1011 1009 1012
f 1011 1012 1013
f 1013 1012 1014
f 1013 1014 1015
f 1015 1014 1016
f 1015 1016 1017
f 1017 1016 1018
f 1017 1018 1019
f 1019 1018 1020
f 1019 1020 1021
f 1021 1020 1022
f 1021 1022 1023
f 1023 1022 1024
f 1023 1024 1025
f 1025 1024 1026
f 1025 1026 1027
f 1027 1028 1025
f 1025 1028 1029
f 1025 1029 1030
f 1025 1030 1031
f 1031 1030 1032
f 1031 1032 1033
f 1033 1034 1031
f 1031 1034 1035
f 1031 1035 1036
f 1031 1036 1037
f 1037 1036 1038
f 1037 1038 1039
f 1039 1040 1037
f 1037 1040 1041
f 1041 1040 1042
f 1041 1042 1043
f 1044 1045 1046
f 1046 1045 1047
f 1047 1045 1048
f 1047 1048 1049
f 1049 1048 1050
f 1050 1048 1051
f 1050 1051 1052
f 1052 1051 1053
f 1053 1051 1054
f 1054 1051 1055
f 1055 1051 1056
f 1055 1056 1057
f 1057 1056 1058
f 1058 1056 1059
f 1059 1056 1060
f 1060 1056 1061
f 1061 1056 1062
f 1062 1056 1063
f 1062 1063 1064
f 1064 1063 1065
f 1065 1063 1066
f 1066 1063 1067
f 1067 1063 1068
f 1067 1068 1069
f 1069 1068 1070
f 1070 1068 1071
f 1070 1071 1072
f 1072 1071 1073
f 1073 1071 1074
f 1073 1074 1075
f 1075 1074 1076
f 1076 1074 1077
f 1076 1077 1078
f 1078 1077 1079
f 1079 1077 1080
f 1079 1080 1081
f 1082 1083 1084
f 1084 1083 1085
f 1084 1085 1086
f 1086 1085 1087
f 1086 1087 1088
f 1088 1087 1089
f 1088 1089 1090
f 1090 1089 1091
f 1090 1091 1092
f 1092 1091 1093
f 1092 1093 1094
f 1094 1093 1095
f 1094 1095 1096
f 1096 1095 1097
f 1096 1097 1098
f 1098 1097 1099
f 1098 1099 1100
f 1100 1099 1101
f 1100 1101 1102
f 1102 1101 1103
f 1102 1103 1104
f 1104 1103 1105
f 1104 1105 1106
f 1106 1105 1107
f 1106 1107 1108
f 1108 1107 1109
f 1108 1109 1110
f 1110 1109 1111
f 1110 1111 1112
f 1112 1111 1113
f 1112 1113 1114
f 1114 1113 1115
f 1114 1115 1116
f 1116 1115 1117
f 1116 1117 1118
f 1118 1117 1119
f 1118 1119 1120
f 1120 1119 1121
f 1120 1121 1122
f 1122 1121 1123
f 1122 1123 1124
f 1124 1123 1125
f 1124 1125 1126
f 1126 1125 1127
f 1126 1127 1128
f 1128 1127 1129
f 1128 1129 1130
f 1130 1129 1131
f 1130 1131 1132
f 1132 1131 1133
f 1132 1133 1134
f 1134 1133 1135
f 1134 1135 1136
f 1136 1135 1137
f 1136 1137 1138
f 1138 1137 1139
f 1138 1139 1140
f 1140 1139 1141
f 1140 1141 1142
f 1142 1141 1143
f 1142 1143 1144
f 1144 1143 1145
f 1144 1145 1146
f 1146 1145 1147
f 1146 1147 1148
f 1148 1147 1149
f 1148 1149 1150
f 1150 1149 1151
f 1150 1152 1148
f 1148 1152 1153
f 1148 1153 1146
f 1146 1153 1154
f 1146 1154 1144
f 1144 1154 1155
f 1144 1155 1142
f 1142 1155 1156
f 1142 1156 1140
f 1140 1156 1157
f 1140 1157 1138
f 1138 1157 1158
f 1138 1158 1136
f 1136 1158 1159
f 1136 1159 1134
f 1134 1159 1160
f 1134 1160 1132
f 1132 1160 1161
f 1132 1161 1130
f 1130 1161 1162
f 1130 1162 1128
f 1128 1162 1163
f 1128 1163 1126
f 1126 1163 1164
f 1126 1164 1124
f 1124 1164 1165
f 1124 1165 1122
f 1122 1165 1166
f 1122 1166 1120
f 1120 1166 1167
f 1120 1167 1118
f 1118 1167 1168
f 1118 1168 1116
f 1116 1168 1169
f 1116 1169 1114
f 1114 1169 1170
f 1114 1170 1112
f 1112 1170 1171
f 1112 1171 1110
f 1110 1171 1172
f 1110 1172 1108
f 1108 1172 1173
f 1108 1173 1106
f 1106 1173 1174
f 1106 1174 1104
f 1104 1174 1175
f 1104 1175 1102
f 1102 1175 1176
f 1102 1176 1100
f 1100 1176 1177
f 1100 1177 1098
f 1098 1177 1178
f 1098 1178 1096
f 1096 1178 1179
f 1096 1179 1094
f 1094 1179 1180
f 1094 1180 1092
f 1092 1180 1181
f 1092 1181 1090
f 1090 1181 1182
f 1090 1182 1088
f 1088 1182 1183
f 1088 1183 1086
f 1086 1183 1184
f 1086 1184 1084
f 1084 1184 1185
f 1084 1185 1082
f 1082 1185 1186
f 1186 1185 1187
f 1186 1187 1188
f 1188 1187 1189
f 1188 1189 1190
f 1190 1189 1191
f 1190 1191 1192
f 1192 1191 1193
f 1192 1193 1194
f 1194 1193 1195
f 1194 1195 1196
f 1196 1195 1197
f 1196 1197 1198
f 1198 1197 1199
f 1199 1197 1200
f 1200 1197 1201
f 1200 1201 1202
f 1202 1201 1203
f 1202 1203 574
f 574 1203 572
f 572 1203 571
f 571 1203 1204
f 571 1204 570
f 570 1204 568
f 568 1204 566
f 566 1204 1205
f 566 1205 1206
f 1206 1205 1207
f 1206 1207 1208
f 1208 1207 1209
f 1208 1209 1210
f 1210 1209 1211
f 1210 1211 1212
f 1212 1211 1213
f 1212 1213 1214
f 1214 1213 1182
f 1214 1182 1181
f 1152 1215 1153
f 1153 1215 1216
f 1153 1216 1154
f 1154 1216 1217
f 1154 1217 1155
f 1155 1217 1218
f 1155 1218 1156
f 1156 1218 1219
f 1156 1219 1157
f 1157 1219 1220
f 1157 1220 1158
f 1158 1220 1221
f 1158 1221 1159
f 1159 1221 1222
f 1159 1222 1160
f 1160 1222 1223
f 1160 1223 1161
f 1161 1223 1224
f 1161 1224 1162
f 1162 1224 1225
f 1162 1225 1163
f 1163 1225 1226
f 1163 1226 1164
f 1164 1226 1227
f 1164 1227 1165
f 1165 1227 1228
f 1165 1228 1166
f 1166 1228 1229
f 1166 1229 1167
f 1167 1229 1230
f 1167 1230 1168
f 1168 1230 1231
f 1168 1231 1169
f 1169 1231 1232
f 1169 1232 1170
f 1170 1232 1233
f 1170 1233 1171
f 1171 1233 1234
f 1171 1234 1172
f 1172 1234 1235
f 1172 1235 1173
f 1173 1235 1236
f 1173 1236 1174
f 1174 1236 1237
f 1174 1237 1175
f 1175 1237 1238
f 1175 1238 1176
f 1176 1238 1239
f 1176 1239 1177
f 1177 1239 1240
f 1177 1240 1178
f 1178 1240 1241
f 1178 1241 1179
f 1179 1241 1242
f 1179 1242 1180
f 1180 1242 1243
f 1180 1243 1181
f 1181 1243 1214
f 1215 1244 1216
f 1216 1244 1245
f 1216 1245 1217
f 1217 1245 1246
f 1217 1246 1218
f 1218 1246 1247
f 1218 1247 1219
f 1219 1247 1248
f 1219 1248 1220
f 1220 1248 1249
f 1220 1249 1221
f 1221 1249 1250
f 1221 1250 1222
f 1222 1250 1251
f 1222 1251 1223
f 1223 1251 1252
f 1223 1252 1224
f 1224 1252 1253
f 1224 1253 1225
f 1225 1253 1254
f 1225 1254 1226
f 1226 1254 1255
f 1226 1255 1227
f 1227 1255 1256
f 1227 1256 1228
f 1228 1256 1257
f 1228 1257 1229
f 1229 1257 1258
f 1229 1258 1230
f 1230 1258 1259
f 1230 1259 1231
f 1231 1259 1260
f 1231 1260 1232
f 1232 1260 1261
f 1232 1261 1233
f 1233 1261 1262
f 1233 1262 1234
f 1234 1262 1263
f 1234 1263 1235
f 1235 1263 1264
f 1235 1264 1236
f 1236 1264 1265
f 1236 1265 1237
f 1237 1265 1266
f 1237 1266 1238
f 1238 1266 1267
f 1238 1267 1239
f 1239 1267 1268
f 1239 1268 1240
f 1240 1268 1269
f 1240 1269 1241
f 1241 1269 1270
f 1241 1270 1242
f 1242 1270 1271
f 1242 1271 1243
f 1243 1271 1272
f 1243 1272 1214
f 1214 1272 1212
f 1244 1273 1245
f 1245 1273 1274
f 1245 1274 1246
f 1246 1274 1275
f 1246 1275 1247
f 1247 1275 1276
f 1247 1276 1248
f 1248 1276 1277
f 1248 1277 1249
f 1249 1277 1278
f 1249 1278 1250
f 1250 1278 1279
f 1250 1279 1251
f 1251 1279 1280
f 1251 1280 1252
f 1252 1280 1281
f 1252 1281 1253
f 1253 1281 1282
f 1253 1282 1254
f 1254 1282 1283
f 1254 1283 1255
f 1255 1283 1284
f 1255 1284 1256
f 1256 1284 1285
f 1256 1285 1257
f 1257 1285 1286
f 1257 1286 1258
f 1258 1286 1287
f 1258 1287 1259
f 1259 1287 1288
f 1259 1288 1260
f 1260 1288 1289
f 1260 1289 1261
f 1261 1289 1290
f 1261 1290 1262
f 1262 1290 1291
f 1262 1291 1263
f 1263 1291 1292
f 1263 1292 1264
f 1264 1292 1293
f 1264 1293 1265
f 1265 1293 1294
f 1265 1294 1266
f 1266 1294 1295
f 1266 1295 1267
f 1267 1295 1296
f 1267 1296 1268
f 1268 1296 1297
f 1268 1297 1269
f 1269 1297 1298
f 1269 1298 1270
f 1270 1298 1299
f 1270 1299 1271
f 1271 1299 1300
f 1271 1300 1272
f 1272 1300 1301
f 1272 1301 1212
f 1212 1301 1210
f 1273 1302 1274
f 1274 1302 1303
f 1274 1303 1275
f 1275 1303 1304
f 1275 1304 1276
f 1276 1304 1305
f 1276 1305 1277
f 1277 1305 1306
f 1277 1306 1278
f 1278 1306 1307
f 1278 1307 1279
f 1279 1307 1308
f 1279 1308 1280
f 1280 1308 1309
f 1280 1309 1281
f 1281 1309 1310
f 1281 1310 1282
f 1282 1310 1311
f 1282 1311 1283
f 1283 1311 1312
f 1283 1312 1284
f 1284 1312 1313
f 1284 1313 1285
f 1285 1313 1314
f 1285 1314 1286
f 1286 1314 1315
f 1286 1315 1287
f 1287 1315 1316
f 1287 1316 1288
f 1288 1316 1317
f 1288 1317 1289
f 1289 1317 1318
f 1289 1318 1290
f 1290 1318 1319
f 1290 1319 1291
f 1291 1319 1320
f 1291 1320 1292
f 1292 1320 1321
f 1292 1321 1293
f 1293 1321 1322
f 1293 1322 1294
f 1294 1322 1323
f 1294 1323 1295
f 1295 1323 1324
f 1295 1324 1296
f 1296 1324 1325
f 1296 1325 1297
f 1297 1325 1326
f 1297 1326 1298
f 1298 1326 1327
f 1298 1327 1299
f 1299 1327 1328
f 1299 1328 1300
f 1300 1328 1329
f 1300 1329 1301
f 1301 1329 1330
f 1301 1330 1210
f 1210 1330 1208
f 1302 1331 1303
f 1303 1331 1332
f 1303 1332 1304
f 1304 1332 1333
f 1304 1333 1305
f 1305 1333 1334
f 1305 1334 1306
f 1306 1334 1335
f 1306 1335 1307
f 1307 1335 1336
f 1307 1336 1308
f 1308 1336 1337
f 1308 1337 1309
f 1309 1337 1338
f 1309 1338 1310
f 1310 1338 1339
f 1310 1339 1311
f 1311 1339 1340
f 1311 1340 1312
f 1312 1340 1341
f 1312 1341 1313
f 1313 1341 1342
f 1313 1342 1314
f 1314 1342 1343
f 1314 1343 1315
f 1315 1343 1344
f 1315 1344 1316
f 1316 1344 1345
f 1316 1345 1317
f 1317 1345 1346
f 1317 1346 1318
f 1318 1346 1347
f 1318 1347 1319
f 1319 1347 1348
f 1319 1348 1320
f 1320 1348 1349
f 1320 1349 1321
f 1321 1349 1350
f 1321 1350 1322
f 1322 1350 1351
f 1322 1351 1323
f 1323 1351 1352
f 1323 1352 1324
f 1324 1352 1353
f 1324 1353 1325
f 1325 1353 1354
f 1325 1354 1326
f 1326 1354 1355
f 1326 1355 1327
f 1327 1355 1356
f 1327 1356 1328
f 1328 1356 1357
f 1328 1357 1329
f 1329 1357 1358
f 1329 1358 1330
f 1330 1358 1359
f 1330 1359 1208
f 1208 1359 1206
f 1331 1360 1332
f 1332 1360 1361
f 1332 1361 1333
f 1333 1361 1362
f 1333 1362 1334
f 1334 1362 1363
f 1334 1363 1335
f 1335 1363 1364
f 1335 1364 1336
f 1336 1364 810
f 1336 810 812
f 1360 1365 1361
f 1361 1365 1366
f 1361 1366 1362
f 1362 1366 1367
f 1362 1367 1363
f 1363 1367 801
f 1363 801 803
f 803 804 1363
f 1363 804 1364
f 804 806 1364
f 1364 806 807
f 1364 807 809
f 809 810 1364
f 812 813 1336
f 1336 813 1337
f 813 815 1337
f 1337 815 817
f 1337 817 1338
f 1338 817 818
f 1338 818 1368
f 1368 818 820
f 1368 820 821
f 1368 821 1369
f 1369 821 823
f 1369 823 824
f 824 826 1369
f 1369 826 1370
f 1369 1370 1340
f 1340 1370 1341
f 826 1371 1370
f 1370 1371 1372
f 1370 1372 1341
f 1341 1372 1342
f 1371 1373 1372
f 1372 1373 1374
f 1372 1374 1342
f 1342 1374 1343
f 1373 1375 1374
f 1374 1375 1376
f 1374 1376 1343
f 1343 1376 1344
f 1375 1377 1376
f 1376 1377 1378
f 1376 1378 1344
f 1344 1378 1345
f 1377 1379 1378
f 1378 1379 1380
f 1378 1380 1345
f 1345 1380 1346
f 1379 483 1380
f 1380 483 482
f 1380 482 1381
f 1381 482 546
f 1381 546 544
f 544 543 1381
f 1381 543 1382
f 1381 1382 1347
f 1347 1382 539
f 1347 539 538
f 543 541 1382
f 1382 541 539
f 1347 538 1348
f 1348 538 536
f 1348 536 535
f 1348 535 1349
f 1349 535 533
f 1349 533 1383
f 1383 533 532
f 1383 532 530
f 1383 530 1384
f 1384 530 529
f 1384 529 527
f 527 526 1384
f 1384 526 1385
f 1384 1385 1351
f 1351 1385 1352
f 526 524 1385
f 1385 524 1386
f 1385 1386 1387
f 1387 1386 1388
f 1387 1388 1389
f 1389 1388 1390
f 1389 1390 1391
f 1391 1390 1392
f 1391 1392 1393
f 1393 1392 1394
f 1393 1394 1395
f 1395 1394 551
f 1395 551 1396
f 1396 551 553
f 1396 553 554
f 1394 549 551
f 1396 554 1397
f 1397 554 556
f 1397 556 557
f 557 559 1397
f 1397 559 1358
f 1397 1358 1396
f 1396 1358 1357
f 1396 1357 1395
f 1395 1357 1356
f 1395 1356 1393
f 1393 1356 1355
f 1393 1355 1391
f 1391 1355 1354
f 1391 1354 1389
f 1389 1354 1353
f 1389 1353 1387
f 1387 1353 1352
f 1387 1352 1385
f 1358 559 1359
f 1359 559 560
f 1359 560 562
f 1359 562 1206
f 1206 562 563
f 1206 563 565
f 565 566 1206
f 1187 1185 1398
f 1398 1185 1184
f 1398 1184 1399
f 1399 1184 1183
f 1399 1183 1213
f 1213 1183 1182
f 1189 1187 1400
f 1400 1187 1398
f 1400 1398 1401
f 1401 1398 1399
f 1401 1399 1211
f 1211 1399 1213
f 1191 1189 1402
f 1402 1189 1400
f 1402 1400 1403
f 1403 1400 1401
f 1403 1401 1209
f 1209 1401 1211
f 1193 1191 1404
f 1404 1191 1402
f 1404 1402 1405
f 1405 1402 1403
f 1405 1403 1207
f 1207 1403 1209
f 1201 1197 1195
f 1195 1193 1406
f 1406 1193 1404
f 1406 1404 1407
f 1407 1404 1405
f 1407 1405 1205
f 1205 1405 1207
f 1203 1201 1406
f 1406 1201 1195
f 1203 1406 1407
f 1204 1203 1407
f 1204 1407 1205
f 1384 1351 1350
f 1383 1384 1350
f 1383 1350 1349
f 1381 1347 1346
f 1380 1381 1346
f 1369 1340 1339
f 1368 1369 1339
f 1368 1339 1338
f 1408 1151 16
f 16 1151 1149
f 16 1149 18
f 18 1149 1147
f 18 1147 20
f 20 1147 1145
f 20 1145 22
f 22 1145 1143
f 22 1143 24
f 24 1143 1141
f 24 1141 26
f 26 1141 1139
f 26 1139 1137
f 26 1137 28
f 28 1137 1135
f 28 1135 30
f 30 1135 1133
f 30 1133 32
f 32 1133 1131
f 32 1131 34
f 34 1131 1129
f 34 1129 36
f 36 1129 1127
f 36 1127 38
f 38 1127 1125
f 38 1125 40
f 40 1125 1123
f 40 1123 42
f 42 1123 1121
f 42 1121 44
f 44 1121 1119
f 44 1119 46
f 46 1119 1117
f 46 1117 48
f 48 1117 1115
f 48 1115 50
f 50 1115 1113
f 50 1113 52
f 52 1113 1111
f 52 1111 54
f 54 1111 1109
f 54 1109 56
f 56 1109 1107
f 56 1107 58
f 58 1107 1105
f 58 1105 60
f 60 1105 1103
f 60 1103 62
f 62 1103 1101
f 62 1101 64
f 64 1101 1099
f 64 1099 66
f 66 1099 1097
f 66 1097 68
f 68 1097 1095
f 68 1095 70
f 70 1095 1093
f 70 1093 71
f 71 1093 1091
f 71 1091 132
f 132 1091 1089
f 132 1089 130
f 130 1089 1087
f 130 1087 128
f 128 1087 1085
f 128 1085 126
f 126 1085 1083
f 126 1083 1409
f 126 1409 124
f 124 1409 1410
f 124 1410 122
f 122 1410 1411
f 122 1411 1412
f 122 1412 120
f 120 1412 1413
f 120 1413 118
f 118 1413 1414
f 118 1414 116
f 116 1414 1415
f 116 1415 114
f 114 1415 1416
f 114 1416 112
f 112 1416 1417
f 112 1417 110
f 110 1417 1418
f 110 1418 108
f 108 1418 1419
f 108 1419 106
f 106 1419 1420
f 106 1420 1421
f 106 1421 104
f 104 1421 1422
f 104 1422 102
f 102 1422 1423
f 102 1423 100
f 100 1423 1424
f 100 1424 98
f 98 1424 1425
f 98 1425 96
f 96 1425 1426
f 96 1426 94
f 94 1426 1427
f 94 1427 92
f 92 1427 1428
f 92 1428 90
f 90 1428 1429
f 90 1429 88
f 88 1429 1430
f 88 1430 86
f 86 1430 1431
f 86 1431 84
f 84 1431 1432
f 84 1432 82
f 82 1432 1433
f 82 1433 80
f 80 1433 1434
f 80 1434 78
f 78 1434 1435
f 78 1435 76
f 76 1435 1436
f 76 1436 74
f 74 1436 1437
f 74 1437 72
f 72 1437 1438
f 72 1438 2
f 2 1438 1439
f 2 1439 4
f 4 1439 1440
f 4 1440 6
f 6 1440 1441
f 6 1441 8
f 8 1441 1442
f 8 1442 10
f 10 1442 1443
f 10 1443 1444
f 10 1444 12
f 12 1444 1445
f 12 1445 14
f 14 1445 1408
f 14 1408 16
f 616 1446 614
f 614 1446 1447
f 614 1447 668
f 668 1447 1448
f 668 1448 666
f 666 1448 1449
f 666 1449 664
f 664 1449 1450
f 664 1450 662
f 662 1450 1451
f 662 1451 660
f 660 1451 1452
f 660 1452 658
f 658 1452 1453
f 658 1453 656
f 656 1453 1454
f 656 1454 654
f 654 1454 1455
f 654 1455 652
f 652 1455 1456
f 652 1456 650
f 650 1456 1457
f 650 1457 648
f 648 1457 1458
f 648 1458 646
f 646 1458 1459
f 646 1459 644
f 644 1459 1460
f 644 1460 642
f 642 1460 1461
f 642 1461 640
f 640 1461 1462
f 640 1462 638
f 638 1462 1463
f 638 1463 636
f 636 1463 1464
f 636 1464 634
f 634 1464 1465
f 634 1465 632
f 632 1465 1466
f 632 1466 630
f 630 1466 1467
f 630 1467 628
f 628 1467 1468
f 628 1468 626
f 626 1468 1469
f 626 1469 624
f 624 1469 1470
f 624 1470 622
f 622 1470 1471
f 622 1471 620
f 620 1471 1472
f 620 1472 618
f 618 1472 1473
f 618 1473 616
f 616 1473 1446
f 863 1474 800
f 800 1474 1475
f 800 1475 802
f 802 1475 1476
f 802 1476 805
f 805 1476 1477
f 805 1477 808
f 808 1477 1478
f 808 1478 811
f 811 1478 1479
f 811 1479 814
f 814 1479 1480
f 814 1480 816
f 816 1480 1481
f 816 1481 819
f 819 1481 1482
f 819 1482 822
f 822 1482 1483
f 822 1483 825
f 825 1483 1484
f 825 1484 828
f 828 1484 1485
f 828 1485 830
f 830 1485 1486
f 830 1486 832
f 832 1486 1487
f 832 1487 834
f 834 1487 1488
f 834 1488 836
f 836 1488 1489
f 836 1489 838
f 838 1489 1490
f 838 1490 840
f 840 1490 1491
f 840 1491 842
f 842 1491 1492
f 842 1492 844
f 844 1492 1493
f 844 1493 846
f 846 1493 1494
f 846 1494 848
f 848 1494 1495
f 848 1495 850
f 850 1495 1496
f 850 1496 853
f 853 1496 1497
f 853 1497 855
f 855 1497 1498
f 855 1498 857
f 857 1498 1499
f 857 1499 859
f 859 1499 1500
f 859 1500 861
f 861 1500 1501
f 861 1501 863
f 863 1501 1474
f 673 1502 671
f 671 1502 1503
f 671 1503 741
f 741 1503 1504
f 741 1504 739
f 739 1504 1505
f 739 1505 737
f 737 1505 1506
f 737 1506 735
f 735 1506 1507
f 735 1507 733
f 733 1507 1508
f 733 1508 731
f 731 1508 1509
f 731 1509 729
f 729 1509 1510
f 729 1510 727
f 727 1510 1511
f 727 1511 725
f 725 1511 1512
f 725 1512 723
f 723 1512 1513
f 723 1513 721
f 721 1513 1514
f 721 1514 719
f 719 1514 1515
f 719 1515 717
f 717 1515 1516
f 717 1516 715
f 715 1516 1517
f 715 1517 713
f 713 1517 1518
f 713 1518 711
f 711 1518 1519
f 711 1519 709
f 709 1519 1520
f 709 1520 707
f 707 1520 1521
f 707 1521 705
f 705 1521 1522
f 705 1522 703
f 703 1522 1523
f 703 1523 701
f 701 1523 1524
f 701 1524 699
f 699 1524 1525
f 699 1525 697
f 697 1525 1526
f 697 1526 695
f 695 1526 1527
f 695 1527 693
f 693 1527 1528
f 693 1528 691
f 691 1528 1529
f 691 1529 689
f 689 1529 1530
f 689 1530 687
f 687 1530 1531
f 687 1531 685
f 685 1531 1532
f 685 1532 683
f 683 1532 1533
f 683 1533 681
f 681 1533 1534
f 681 1534 679
f 679 1534 1535
f 679 1535 677
f 677 1535 1536
f 677 1536 675
f 675 1536 1537
f 675 1537 673
f 673 1537 1502
f 760 1538 758
f 758 1538 1539
f 758 1539 756
f 756 1539 1540
f 756 1540 754
f 754 1540 1541
f 754 1541 752
f 752 1541 1542
f 752 1542 750
f 750 1542 1543
f 750 1543 748
f 748 1543 1544
f 748 1544 746
f 746 1544 1545
f 746 1545 744
f 744 1545 1546
f 744 1546 798
f 798 1546 1547
f 798 1547 796
f 796 1547 1548
f 796 1548 794
f 794 1548 1549
f 794 1549 792
f 792 1549 1550
f 792 1550 790
f 790 1550 1551
f 790 1551 788
f 788 1551 1552
f 788 1552 786
f 786 1552 1553
f 786 1553 784
f 784 1553 1554
f 784 1554 782
f 782 1554 1555
f 782 1555 780
f 780 1555 1556
f 780 1556 778
f 778 1556 1557
f 778 1557 776
f 776 1557 1558
f 776 1558 774
f 774 1558 1559
f 774 1559 772
f 772 1559 1560
f 772 1560 770
f 770 1560 1561
f 770 1561 768
f 768 1561 1562
f 768 1562 766
f 766 1562 1563
f 766 1563 764
f 764 1563 1564
f 764 1564 762
f 762 1564 1565
f 762 1565 760
f 760 1565 1538
f 868 1566 866
f 866 1566 1567
f 866 1567 920
f 920 1567 1568
f 920 1568 918
f 918 1568 1569
f 918 1569 916
f 916 1569 1570
f 916 1570 914
f 914 1570 1571
f 914 1571 912
f 912 1571 1572
f 912 1572 910
f 910 1572 1573
f 910 1573 908
f 908 1573 1574
f 908 1574 906
f 906 1574 1575
f 906 1575 904
f 904 1575 1576
f 904 1576 902
f 902 1576 1577
f 902 1577 900
f 900 1577 1578
f 900 1578 898
f 898 1578 1579
f 898 1579 896
f 896 1579 1580
f 896 1580 894
f 894 1580 1581
f 894 1581 892
f 892 1581 1582
f 892 1582 890
f 890 1582 1583
f 890 1583 888
f 888 1583 1584
f 888 1584 886
f 886 1584 1585
f 886 1585 884
f 884 1585 1586
f 884 1586 882
f 882 1586 1587
f 882 1587 880
f 880 1587 1588
f 880 1588 878
f 878 1588 1589
f 878 1589 876
f 876 1589 1590
f 876 1590 874
f 874 1590 1591
f 874 1591 872
f 872 1591 1592
f 872 1592 870
f 870 1592 1593
f 870 1593 868
f 868 1593 1566
f 592 1594 594
f 594 1594 1595
f 594 1595 596
f 596 1595 1596
f 596 1596 598
f 598 1596 1597
f 598 1597 600
f 600 1597 1598
f 600 1598 602
f 602 1598 1599
f 602 1599 604
f 604 1599 1600
f 604 1600 606
f 606 1600 1601
f 606 1601 608
f 608 1601 1602
f 608 1602 611
f 611 1602 1603
f 611 1603 548
f 548 1603 1604
f 548 1604 550
f 550 1604 1605
f 550 1605 552
f 552 1605 1606
f 552 1606 555
f 555 1606 1607
f 555 1607 558
f 558 1607 1608
f 558 1608 561
f 561 1608 1609
f 561 1609 564
f 564 1609 1610
f 564 1610 567
f 567 1610 1611
f 567 1611 569
f 569 1611 1612
f 569 1612 573
f 573 1612 1613
f 573 1613 575
f 575 1613 1614
f 575 1614 577
f 577 1614 1615
f 577 1615 579
f 579 1615 1616
f 579 1616 582
f 582 1616 1617
f 582 1617 584
f 584 1617 1618
f 584 1618 586
f 586 1618 1619
f 586 1619 588
f 588 1619 1620
f 588 1620 590
f 590 1620 1621
f 590 1621 592
f 592 1621 1594
f 496 1622 494
f 494 1622 1623
f 494 1623 492
f 492 1623 1624
f 492 1624 490
f 490 1624 1625
f 490 1625 488
f 488 1625 1626
f 488 1626 486
f 486 1626 1627
f 486 1627 484
f 484 1627 1628
f 484 1628 545
f 545 1628 1629
f 545 1629 542
f 542 1629 1630
f 542 1630 540
f 540 1630 1631
f 540 1631 537
f 537 1631 1632
f 537 1632 534
f 534 1632 1633
f 534 1633 531
f 531 1633 1634
f 531 1634 528
f 528 1634 1635
f 528 1635 525
f 525 1635 1636
f 525 1636 523
f 523 1636 1637
f 523 1637 521
f 521 1637 1638
f 521 1638 519
f 519 1638 1639
f 519 1639 517
f 517 1639 1640
f 517 1640 515
f 515 1640 1641
f 515 1641 513
f 513 1641 1642
f 513 1642 511
f 511 1642 1643
f 511 1643 508
f 508 1643 1644
f 508 1644 506
f 506 1644 1645
f 506 1645 504
f 504 1645 1646
f 504 1646 502
f 502 1646 1647
f 502 1647 500
f 500 1647 1648
f 500 1648 498
f 498 1648 1649
f 498 1649 496
f 496 1649 1622
f 1650 1651 1652
f 1652 1651 1653
f 1652 1653 1654
f 1654 1653 1655
f 1654 1655 1656
f 1656 1655 1657
f 1656 1657 1658
f 1658 1657 1659
f 1658 1659 1660
f 1660 1659 1661
f 1660 1661 1662
f 1662 1661 1663
f 1662 1663 1664
f 1664 1663 1665
f 1664 1665 1666
f 1666 1665 1667
f 1666 1667 1668
f 1668 1667 1669
f 1668 1669 1670
f 1670 1669 1671
f 1670 1671 1672
f 1672 1671 1673
f 1672 1673 1674
f 1674 1673 1675
f 1674 1675 1676
f 1676 1675 1677
f 1676 1677 1678
f 1678 1677 1679
f 1678 1679 1680
f 1680 1679 1681
f 1680 1681 1682
f 1682 1681 1683
f 1682 1683 1684
f 1684 1683 1685
f 1684 1685 1686
f 1686 1685 1687
f 1686 1687 1688
f 1688 1687 1689
f 1688 1689 1650
f 1650 1689 1651
f 1690 1691 1692
f 1692 1691 1693
f 1692 1693 1694
f 1694 1693 1695
f 1694 1695 1696
f 1696 1695 1697
f 1696 1697 1698
f 1698 1697 1699
f 1698 1699 1700
f 1700 1699 1701
f 1700 1701 1702
f 1702 1701 1703
f 1702 1703 1704
f 1704 1703 1705
f 1704 1705 1706
f 1706 1705 1707
f 1706 1707 1708
f 1708 1707 1709
f 1708 1709 1710
f 1710 1709 1711
f 1710 1711 1712
f 1712 1711 1713
f 1712 1713 1714
f 1714 1713 1715
f 1714 1715 1716
f 1716 1715 1717
f 1716 1717 1718
f 1718 1717 1719
f 1718 1719 1720
f 1720 1719 1721
f 1720 1721 1722
f 1722 1721 1723
f 1722 1723 1724
f 1724 1723 1725
f 1724 1725 1726
f 1726 1725 1727
f 1726 1727 1728
f 1728 1727 1729
f 1728 1729 1690
f 1690 1729 1691
f 1730 1731 1732
f 1732 1731 1733
f 1732 1733 1734
f 1734 1733 1735
f 1734 1735 1736
f 1736 1735 1737
f 1736 1737 1738
f 1738 1737 1739
f 1738 1739 1740
f 1740 1739 1741
f 1740 1741 1742
f 1742 1741 1743
f 1742 1743 1744
f 1744 1743 1745
f 1744 1745 1746
f 1746 1745 1747
f 1746 1747 1748
f 1748 1747 1749
f 1748 1749 1750
f 1750 1749 1751
f 1750 1751 1752
f 1752 1751 1753
f 1752 1753 1754
f 1754 1753 1755
f 1754 1755 1756
f 1756 1755 1757
f 1756 1757 1758
f 1758 1757 1759
f 1758 1759 1760
f 1760 1759 1761
f 1760 1761 1762
f 1762 1761 1763
f 1762 1763 1764
f 1764 1763 1765
f 1764 1765 1766
f 1766 1765 1767
f 1766 1767 1768
f 1768 1767 1769
f 1768 1769 1730
f 1730 1769 1731
f 1770 1771 1772
f 1772 1771 1773
f 1772 1773 1774
f 1774 1773 1775
f 1774 1775 1776
f 1776 1775 1777
f 1776 1777 1778
f 1778 1777 1779
f 1778 1779 1780
f 1780 1779 1781
f 1780 1781 1782
f 1782 1781 1783
f 1782 1783 1784
f 1784 1783 1785
f 1784 1785 1786
f 1786 1785 1787
f 1786 1787 1788
f 1788 1787 1789
f 1788 1789 1790
f 1790 1789 1791
f 1790 1791 1792
f 1792 1791 1793
f 1792 1793 1794
f 1794 1793 1795
f 1794 1795 1796
f 1796 1795 1797
f 1796 1797 1798
f 1798 1797 1799
f 1798 1799 1800
f 1800 1799 1801
f 1800 1801 1802
f 1802 1801 1803
f 1802 1803 1804
f 1804 1803 1805
f 1804 1805 1806
f 1806 1805 1807
f 1806 1807 1808
f 1808 1807 1809
f 1808 1809 1770
f 1770 1809 1771
f 1810 1811 1812
f 1812 1811 1813
f 1812 1813 1814
f 1814 1813 1815
f 1814 1815 1816
f 1816 1815 1817
f 1816 1817 1818
f 1818 1817 1819
f 1818 1819 1820
f 1820 1819 1821
f 1820 1821 1822
f 1822 1821 1823
f 1822 1823 1824
f 1824 1823 1825
f 1824 1825 1826
f 1826 1825 1827
f 1826 1827 1828
f 1828 1827 1829
f 1828 1829 1830
f 1830 1829 1831
f 1830 1831 1832
f 1832 1831 1833
f 1832 1833 1834
f 1834 1833 1835
f 1834 1835 1836
f 1836 1835 1837
f 1836 1837 1838
f 1838 1837 1839
f 1838 1839 1840
f 1840 1839 1841
f 1840 1841 1842
f 1842 1841 1843
f 1842 1843 1844
f 1844 1843 1845
f 1844 1845 1846
f 1846 1845 1847
f 1846 1847 1848
f 1848 1847 1849
f 1848 1849 1810
f 1810 1849 1811
f 1850 1851 1852
f 1852 1851 1853
f 1852 1853 1854
f 1854 1853 1855
f 1854 1855 1856
f 1856 1855 1857
f 1856 1857 1858
f 1858 1857 1859
f 1858 1859 1860
f 1860 1859 1861
f 1860 1861 1862
f 1862 1861 1863
f 1862 1863 1864
f 1864 1863 1865
f 1864 1865 1866
f 1866 1865 1867
f 1866 1867 1868
f 1868 1867 1869
f 1868 1869 1870
f 1870 1869 1871
f 1870 1871 1872
f 1872 1871 1873
f 1872 1873 1874
f 1874 1873 1875
f 1874 1875 1876
f 1876 1875 1877
f 1876 1877 1878
f 1878 1877 1879
f 1878 1879 1880
f 1880 1879 1881
f 1880 1881 1882
f 1882 1881 1883
f 1882 1883 1884
f 1884 1883 1885
f 1884 1885 1886
f 1886 1885 1887
f 1886 1887 1888
f 1888 1887 1889
f 1888 1889 1850
f 1850 1889 1851
f 1890 1891 1892
f 1892 1891 1893
f 1892 1893 1894
f 1894 1893 1895
f 1894 1895 1896
f 1896 1895 1897
f 1896 1897 1898
f 1898 1897 1899
f 1898 1899 1900
f 1900 1899 1901
f 1900 1901 1902
f 1902 1901 1903
f 1902 1903 1904
f 1904 1903 1905
f 1904 1905 1906
f 1906 1905 1907
f 1906 1907 1908
f 1908 1907 1909
f 1908 1909 1910
f 1910 1909 1911
f 1910 1911 1912
f 1912 1911 1913
f 1912 1913 1914
f 1914 1913 1915
f 1914 1915 1916
f 1916 1915 1917
f 1916 1917 1918
f 1918 1917 1919
f 1918 1919 1920
f 1920 1919 1921
f 1920 1921 1922
f 1922 1921 1923
f 1922 1923 1924
f 1924 1923 1925
f 1924 1925 1926
f 1926 1925 1927
f 1926 1927 1928
f 1928 1927 1929
f 1928 1929 1890
f 1890 1929 1891
f 1930 1931 1932
f 1932 1931 1933
f 1932 1933 1934
f 1934 1933 1935
f 1934 1935 1936
f 1936 1935 1937
f 1936 1937 1938
f 1938 1937 1939
f 1938 1939 1940
f 1940 1939 1941
f 1940 1941 1942
f 1942 1941 1943
f 1942 1943 1944
f 1944 1943 1945
f 1944 1945 1946
f 1946 1945 1947
f 1946 1947 1948
f 1948 1947 1949
f 1948 1949 1950
f 1950 1949 1951
f 1950 1951 1952
f 1952 1951 1953
f 1952 1953 1954
f 1954 1953 1955
f 1954 1955 1956
f 1956 1955 1957
f 1956 1957 1958
f 1958 1957 1959
f 1958 1959 1960
f 1960 1959 1961
f 1960 1961 1962
f 1962 1961 1963
f 1962 1963 1964
f 1964 1963 1965
f 1964 1965 1966
f 1966 1965 1967
f 1966 1967 1968
f 1968 1967 1969
f 1968 1969 1930
f 1930 1969 1931
f 1970 1971 1972
f 1972 1971 1973
f 1972 1973 1974
f 1974 1973 1975
f 1974 1975 1976
f 1976 1975 1977
f 1976 1977 1978
f 1978 1977 1979
f 1978 1979 1980
f 1980 1979 1981
f 1980 1981 1982
f 1982 1981 1983
f 1982 1983 1984
f 1984 1983 1985
f 1984 1985 1986
f 1986 1985 1987
f 1986 1987 1988
f 1988 1987 1989
f 1988 1989 1990
f 1990 1989 1991
f 1990 1991 1992
f 1992 1991 1993
f 1992 1993 1994
f 1994 1993 1995
f 1994 1995 1996
f 1996 1995 1997
f 1996 1997 1998
f 1998 1997 1999
f 1998 1999 2000
f 2000 1999 2001
f 2000 2001 2002
f 2000 2002 2003
f 2003 2002 2004
f 2003 2004 2005
f 2005 2004 2006
f 2005 2006 2007
f 2007 2006 2008
f 2007 2008 2009
f 2009 2008 2010
f 2009 2010 2011
f 2011 2010 2012
f 2011 2012 2013
f 2013 2012 2014
f 2013 2014 2015
f 2015 2014 2016
f 2015 2016 2017
f 2017 2016 2018
f 2017 2018 2019
f 2019 2018 2020
f 2019 2020 2021
f 2021 2020 2022
f 2021 2022 2023
f 2023 2022 2024
f 2023 2024 2025
f 2025 2024 2026
f 2025 2026 2027
f 2027 2026 1970
f 2027 1970 1972
f 2028 2029 2030
f 2030 2029 2031
f 2030 2031 2032
f 2032 2031 2033
f 2032 2033 2034
f 2034 2033 2035
f 2034 2035 2036
f 2036 2035 2037
f 2036 2037 2038
f 2038 2037 2039
f 2038 2039 2040
f 2040 2039 2041
f 2040 2041 2042
f 2042 2041 2043
f 2042 2043 2044
f 2044 2043 2045
f 2044 2045 2046
f 2046 2045 2047
f 2046 2047 2048
f 2048 2047 2049
f 2048 2049 2050
f 2050 2049 2051
f 2050 2051 2052
f 2052 2051 2053
f 2052 2053 2054
f 2054 2053 2055
f 2054 2055 2056
f 2056 2055 2057
f 2056 2057 2058
f 2058 2057 2059
f 2058 2059 2060
f 2058 2060 2061
f 2061 2060 2062
f 2061 2062 2063
f 2063 2062 2064
f 2063 2064 2065
f 2065 2064 2066
f 2065 2066 2067
f 2067 2066 2068
f 2067 2068 2069
f 2069 2068 2070
f 2069 2070 2071
f 2071 2070 2072
f 2071 2072 2073
f 2073 2072 2074
f 2073 2074 2075
f 2075 2074 2076
f 2075 2076 2077
f 2077 2076 2078
f 2077 2078 2079
f 2079 2078 2080
f 2079 2080 2081
f 2081 2080 2082
f 2081 2082 2083
f 2083 2082 2084
f 2083 2084 2085
f 2085 2084 2028
f 2085 2028 2030
f 2086 2087 2088
f 2088 2087 2089
f 2088 2089 2090
f 2090 2089 2091
f 2090 2091 2092
f 2092 2091 2093
f 2092 2093 2094
f 2094 2093 2095
f 2094 2095 2096
f 2096 2095 2097
f 2096 2097 2098
f 2098 2097 2099
f 2098 2099 2100
f 2100 2099 2101
f 2100 2101 2102
f 2102 2101 2103
f 2102 2103 2104
f 2104 2103 2105
f 2104 2105 2106
f 2106 2105 2107
f 2106 2107 2108
f 2108 2107 2109
f 2108 2109 2110
f 2110 2109 2111
f 2110 2111 2112
f 2112 2111 2113
f 2112 2113 2114
f 2114 2113 2115
f 2114 2115 2116
f 2116 2115 2117
f 2116 2117 2118
f 2116 2118 2119
f 2119 2118 2120
f 2119 2120 2121
f 2121 2120 2122
f 2121 2122 2123
f 2123 2122 2124
f 2123 2124 2125
f 2125 2124 2126
f 2125 2126 2127
f 2127 2126 2128
f 2127 2128 2129
f 2129 2128 2130
f 2129 2130 2131
f 2131 2130 2132
f 2131 2132 2133
f 2133 2132 2134
f 2133 2134 2135
f 2135 2134 2136
f 2135 2136 2137
f 2137 2136 2138
f 2137 2138 2139
f 2139 2138 2140
f 2139 2140 2141
f 2141 2140 2142
f 2141 2142 2143
f 2143 2142 2086
f 2143 2086 2088
f 2144 2145 2146
f 2146 2145 2147
f 2146 2147 2148
f 2148 2147 2149
f 2148 2149 2150
f 2150 2149 2151
f 2150 2151 2152
f 2152 2151 2153
f 2152 2153 2154
f 2154 2153 2155
f 2154 2155 2156
f 2156 2155 2157
f 2156 2157 2158
f 2158 2157 2159
f 2158 2159 2160
f 2160 2159 2161
f 2160 2161 2162
f 2162 2161 2163
f 2162 2163 2164
f 2164 2163 2165
f 2164 2165 2166
f 2166 2165 2167
f 2166 2167 2168
f 2168 2167 2169
f 2168 2169 2170
f 2170 2169 2171
f 2170 2171 2172
f 2172 2171 2173
f 2172 2173 2174
f 2174 2173 2175
f 2174 2175 2176
f 2174 2176 2177
f 2177 2176 2178
f 2177 2178 2179
f 2179 2178 2180
f 2179 2180 2181
f 2181 2180 2182
f 2181 2182 2183
f 2183 2182 2184
f 2183 2184 2185
f 2185 2184 2186
f 2185 2186 2187
f 2187 2186 2188
f 2187 2188 2189
f 2189 2188 2190
f 2189 2190 2191
f 2191 2190 2192
f 2191 2192 2193
f 2193 2192 2194
f 2193 2194 2195
f 2195 2194 2196
f 2195 2196 2197
f 2197 2196 2198
f 2197 2198 2199
f 2199 2198 2200
f 2199 2200 2201
f 2201 2200 2144
f 2201 2144 2146
f 2202 2203 2204
f 2204 2203 2205
f 2204 2205 2206
f 2204 2206 2207
f 2207 2206 2208
f 2207 2208 2209
f 2209 2208 2210
f 2210 2208 2211
f 2212 2213 2214
f 2214 2213 2215
f 2214 2215 2216
f 2216 2215 2217
f 2216 2217 2218
f 2218 2217 2219
f 2219 2217 2220
f 2219 2220 2221
f 2221 2220 2222
f 2221 2222 2223
f 2223 2222 2224
f 2224 2222 2225
f 2224 2225 2226
f 2226 2225 2227
f 2226 2227 2228
f 2228 2227 2229
f 2229 2227 2230
f 2229 2230 2231
f 2231 2230 2232
f 2231 2232 2233
f 2233 2232 2234
f 2234 2232 2235
f 2234 2235 2236
f 2236 2235 2237
f 2236 2237 2238
f 2238 2237 2239
f 2239 2237 2240
f 2239 2240 2241
f 2241 2240 2242
f 2241 2242 2243
f 2243 2242 2244
f 2243 2244 2245
f 2245 2244 2246
f 2245 2246 2247
f 2247 2246 2248
f 2247 2248 2249
f 2249 2248 2250
f 2249 2250 2251
f 2251 2250 2252
f 2251 2252 2253
f 2253 2252 2254
f 2253 2254 2255
f 2255 2254 2256
f 2255 2256 2257
f 2257 2256 2258
f 2257 2258 2259
f 2259 2258 2260
f 2259 2260 2261
f 2261 2260 2262
f 2261 2262 2263
f 2263 2262 2264
f 2263 2264 2265
f 2265 2264 2266
f 2265 2266 2267
f 2267 2266 2268
f 2267 2268 2269
f 2269 2268 2270
f 2269 2270 2271
f 2271 2270 2272
f 2271 2272 2212
f 2212 2272 2213
f 2273 2274 2275
f 2275 2274 2276
f 2275 2276 2277
f 2277 2276 2278
f 2277 2278 2279
f 2279 2278 2280
f 2280 2278 2281
f 2280 2281 2282
f 2282 2281 2283
f 2282 2283 2284
f 2284 2283 2285
f 2285 2283 2286
f 2285 2286 2287
f 2287 2286 2288
f 2287 2288 2289
f 2289 2288 2290
f 2290 2288 2291
f 2290 2291 2292
f 2292 2291 2293
f 2292 2293 2294
f 2294 2293 2295
f 2295 2293 2296
f 2295 2296 2297
f 2297 2296 2298
f 2297 2298 2299
f 2299 2298 2300
f 2300 2298 2301
f 2300 2301 2302
f 2302 2301 2303
f 2302 2303 2304
f 2304 2303 2305
f 2304 2305 2306
f 2306 2305 2307
f 2306 2307 2308
f 2308 2307 2309
f 2308 2309 2310
f 2310 2309 2311
f 2310 2311 2312
f 2312 2311 2313
f 2312 2313 2314
f 2314 2313 2315
f 2314 2315 2316
f 2316 2315 2317
f 2316 2317 2318
f 2318 2317 2319
f 2318 2319 2320
f 2320 2319 2321
f 2320 2321 2322
f 2322 2321 2323
f 2322 2323 2324
f 2324 2323 2325
f 2324 2325 2326
f 2326 2325 2327
f 2326 2327 2328
f 2328 2327 2329
f 2328 2329 2330
f 2330 2329 2331
f 2330 2331 2332
f 2332 2331 2333
f 2332 2333 2273
f 2273 2333 2274
f 2090 2334 2088
f 2088 2334 2335
f 2088 2335 2143
f 2143 2335 2336
f 2143 2336 2141
f 2141 2336 2337
f 2141 2337 2139
f 2139 2337 2338
f 2139 2338 2137
f 2137 2338 2339
f 2137 2339 2135
f 2135 2339 2340
f 2135 2340 2133
f 2133 2340 2341
f 2133 2341 2131
f 2131 2341 2342
f 2131 2342 2129
f 2129 2342 2343
f 2129 2343 2127
f 2127 2343 2344
f 2127 2344 2125
f 2125 2344 2345
f 2125 2345 2123
f 2123 2345 2346
f 2123 2346 2121
f 2121 2346 2347
f 2121 2347 2119
f 2119 2347 2348
f 2119 2348 2116
f 2116 2348 2349
f 2116 2349 2114
f 2114 2349 2350
f 2114 2350 2112
f 2112 2350 2351
f 2112 2351 2110
f 2110 2351 2352
f 2110 2352 2108
f 2108 2352 2353
f 2108 2353 2106
f 2106 2353 2354
f 2106 2354 2104
f 2104 2354 2355
f 2104 2355 2102
f 2102 2355 2356
f 2102 2356 2100
f 2100 2356 2357
f 2100 2357 2098
f 2098 2357 2358
f 2098 2358 2096
f 2096 2358 2359
f 2096 2359 2094
f 2094 2359 2360
f 2094 2360 2092
f 2092 2360 2361
f 2092 2361 2090
f 2090 2361 2334
f 2032 2362 2030
f 2030 2362 2363
f 2030 2363 2085
f 2085 2363 2364
f 2085 2364 2083
f 2083 2364 2365
f 2083 2365 2081
f 2081 2365 2366
f 2081 2366 2079
f 2079 2366 2367
f 2079 2367 2077
f 2077 2367 2368
f 2077 2368 2075
f 2075 2368 2369
f 2075 2369 2073
f 2073 2369 2370
f 2073 2370 2071
f 2071 2370 2371
f 2071 2371 2069
f 2069 2371 2372
f 2069 2372 2067
f 2067 2372 2373
f 2067 2373 2065
f 2065 2373 2374
f 2065 2374 2063
f 2063 2374 2375
f 2063 2375 2061
f 2061 2375 2376
f 2061 2376 2058
f 2058 2376 2377
f 2058 2377 2056
f 2056 2377 2378
f 2056 2378 2054
f 2054 2378 2379
f 2054 2379 2052
f 2052 2379 2380
f 2052 2380 2050
f 2050 2380 2381
f 2050 2381 2048
f 2048 2381 2382
f 2048 2382 2046
f 2046 2382 2383
f 2046 2383 2044
f 2044 2383 2384
f 2044 2384 2042
f 2042 2384 2385
f 2042 2385 2040
f 2040 2385 2386
f 2040 2386 2038
f 2038 2386 2387
f 2038 2387 2036
f 2036 2387 2388
f 2036 2388 2034
f 2034 2388 2389
f 2034 2389 2032
f 2032 2389 2362
f 1974 2390 1972
f 1972 2390 2391
f 1972 2391 2027
f 2027 2391 2392
f 2027 2392 2025
f 2025 2392 2393
f 2025 2393 2023
f 2023 2393 2394
f 2023 2394 2021
f 2021 2394 2395
f 2021 2395 2019
f 2019 2395 2396
f 2019 2396 2017
f 2017 2396 2397
f 2017 2397 2015
f 2015 2397 2398
f 2015 2398 2013
f 2013 2398 2399
f 2013 2399 2011
f 2011 2399 2400
f 2011 2400 2009
f 2009 2400 2401
f 2009 2401 2007
f 2007 2401 2402
f 2007 2402 2005
f 2005 2402 2403
f 2005 2403 2003
f 2003 2403 2404
f 2003 2404 2000
f 2000 2404 2405
f 2000 2405 1998
f 1998 2405 2406
f 1998 2406 1996
f 1996 2406 2407
f 1996 2407 1994
f 1994 2407 2408
f 1994 2408 1992
f 1992 2408 2409
f 1992 2409 1990
f 1990 2409 2410
f 1990 2410 1988
f 1988 2410 2411
f 1988 2411 1986
f 1986 2411 2412
f 1986 2412 1984
f 1984 2412 2413
f 1984 2413 1982
f 1982 2413 2414
f 1982 2414 1980
f 1980 2414 2415
f 1980 2415 1978
f 1978 2415 2416
f 1978 2416 1976
f 1976 2416 2417
f 1976 2417 1974
f 1974 2417 2390
f 2148 2418 2146
f 2146 2418 2419
f 2146 2419 2201
f 2201 2419 2420
f 2201 2420 2199
f 2199 2420 2421
f 2199 2421 2197
f 2197 2421 2422
f 2197 2422 2195
f 2195 2422 2423
f 2195 2423 2193
f 2193 2423 2424
f 2193 2424 2191
f 2191 2424 2425
f 2191 2425 2189
f 2189 2425 2426
f 2189 2426 2187
f 2187 2426 2427
f 2187 2427 2185
f 2185 2427 2428
f 2185 2428 2183
f 2183 2428 2429
f 2183 2429 2181
f 2181 2429 2430
f 2181 2430 2179
f 2179 2430 2431
f 2179 2431 2177
f 2177 2431 2432
f 2177 2432 2174
f 2174 2432 2433
f 2174 2433 2172
f 2172 2433 2434
f 2172 2434 2170
f 2170 2434 2435
f 2170 2435 2168
f 2168 2435 2436
f 2168 2436 2166
f 2166 2436 2437
f 2166 2437 2164
f 2164 2437 2438
f 2164 2438 2162
f 2162 2438 2439
f 2162 2439 2160
f 2160 2439 2440
f 2160 2440 2158
f 2158 2440 2441
f 2158 2441 2156
f 2156 2441 2442
f 2156 2442 2154
f 2154 2442 2443
f 2154 2443 2152
f 2152 2443 2444
f 2152 2444 2150
f 2150 2444 2445
f 2150 2445 2148
f 2148 2445 2418
f 2446 2447 2448
f 2448 2447 2449
f 2448 2449 2450
f 2450 2449 2451
f 2450 2451 2452
f 2452 2451 2453
f 2452 2453 2454
f 2454 2453 2455
f 2454 2455 2456
f 2456 2455 2457
f 2456 2457 2458
f 2458 2457 2459
f 2458 2459 2460
f 2460 2459 2461
f 2460 2461 2462
f 2462 2461 2463
f 2462 2463 2464
f 2464 2463 2465
f 2464 2465 2466
f 2466 2465 2467
f 2466 2467 2468
f 2468 2467 2469
f 2468 2469 2470
f 2470 2469 2471
f 2470 2471 2472
f 2472 2471 2473
f 2472 2473 2474
f 2474 2473 2475
f 2474 2475 2476
f 2476 2475 2477
f 2476 2477 2478
f 2478 2477 2479
f 2478 2479 2480
f 2480 2479 2481
f 2480 2481 2482
f 2482 2481 2483
f 2482 2483 2484
f 2484 2483 2485
f 2484 2485 2446
f 2446 2485 2447
f 2486 2487 2488
f 2488 2487 2489
f 2488 2489 2490
f 2490 2489 2491
f 2490 2491 2492
f 2492 2491 2493
f 2492 2493 2494
f 2494 2493 2495
f 2494 2495 2496
f 2496 2495 2497
f 2496 2497 2498
f 2498 2497 2499
f 2498 2499 2500
f 2500 2499 2501
f 2500 2501 2502
f 2502 2501 2503
f 2502 2503 2504
f 2504 2503 2505
f 2504 2505 2506
f 2506 2505 2507
f 2506 2507 2508
f 2508 2507 2509
f 2508 2509 2510
f 2510 2509 2511
f 2510 2511 2512
f 2512 2511 2513
f 2512 2513 2514
f 2514 2513 2515
f 2514 2515 2516
f 2516 2515 2517
f 2516 2517 2518
f 2518 2517 2519
f 2518 2519 2520
f 2520 2519 2521
f 2520 2521 2522
f 2522 2521 2523
f 2522 2523 2524
f 2524 2523 2525
f 2524 2525 2486
f 2486 2525 2487
f 2526 2527 2528
f 2528 2527 2529
f 2528 2529 2530
f 2530 2529 2531
f 2530 2531 2532
f 2532 2531 2533
f 2532 2533 2534
f 2534 2533 2535
f 2534 2535 2536
f 2536 2535 2537
f 2536 2537 2538
f 2538 2537 2539
f 2538 2539 2540
f 2540 2539 2541
f 2540 2541 2542
f 2542 2541 2543
f 2542 2543 2544
f 2544 2543 2545
f 2544 2545 2546
f 2546 2545 2547
f 2546 2547 2548
f 2548 2547 2549
f 2548 2549 2550
f 2550 2549 2551
f 2550 2551 2552
f 2552 2551 2553
f 2552 2553 2554
f 2554 2553 2555
f 2554 2555 2556
f 2556 2555 2557
f 2556 2557 2558
f 2558 2557 2559
f 2558 2559 2560
f 2560 2559 2561
f 2560 2561 2562
f 2562 2561 2563
f 2562 2563 2564
f 2564 2563 2565
f 2564 2565 2526
f 2526 2565 2527
f 2566 2567 2568
f 2568 2567 2569
f 2568 2569 2570
f 2570 2569 2571
f 2570 2571 2572
f 2572 2571 2573
f 2572 2573 2574
f 2574 2573 2575
f 2574 2575 2576
f 2576 2575 2577
f 2576 2577 2578
f 2578 2577 2579
f 2578 2579 2580
f 2580 2579 2581
f 2580 2581 2582
f 2582 2581 2583
f 2582 2583 2584
f 2584 2583 2585
f 2584 2585 2586
f 2586 2585 2587
f 2586 2587 2588
f 2588 2587 2589
f 2588 2589 2590
f 2590 2589 2591
f 2590 2591 2592
f 2592 2591 2593
f 2592 2593 2594
f 2594 2593 2595
f 2594 2595 2596
f 2596 2595 2597
f 2596 2597 2598
f 2598 2597 2599
f 2598 2599 2600
f 2600 2599 2601
f 2600 2601 2602
f 2602 2601 2603
f 2602 2603 2604
f 2604 2603 2605
f 2604 2605 2566
f 2566 2605 2567
f 2606 2607 2608
f 2608 2607 2609
f 2608 2609 2610
f 2610 2609 2611
f 2610 2611 2612
f 2612 2611 2613
f 2612 2613 2614
f 2614 2613 2615
f 2614 2615 2616
f 2616 2615 2617
f 2616 2617 2618
f 2618 2617 2619
f 2618 2619 2620
f 2620 2619 2621
f 2620 2621 2622
f 2622 2621 2623
f 2622 2623 2624
f 2624 2623 2625
f 2624 2625 2626
f 2626 2625 2627
f 2626 2627 2628
f 2628 2627 2629
f 2628 2629 2630
f 2630 2629 2631
f 2630 2631 2632
f 2632 2631 2633
f 2632 2633 2634
f 2634 2633 2635
f 2634 2635 2636
f 2636 2635 2637
f 2636 2637 2638
f 2638 2637 2639
f 2638 2639 2640
f 2640 2639 2641
f 2640 2641 2642
f 2642 2641 2643
f 2642 2643 2644
f 2644 2643 2645
f 2644 2645 2606
f 2606 2645 2607
f 2646 2647 2648
f 2648 2647 2649
f 2648 2649 2650
f 2650 2649 2651
f 2650 2651 2652
f 2652 2651 2653
f 2652 2653 2654
f 2654 2653 2655
f 2654 2655 2656
f 2656 2655 2657
f 2656 2657 2658
f 2658 2657 2659
f 2658 2659 2660
f 2660 2659 2661
f 2660 2661 2662
f 2662 2661 2663
f 2662 2663 2664
f 2664 2663 2665
f 2664 2665 2666
f 2666 2665 2667
f 2666 2667 2668
f 2668 2667 2669
f 2668 2669 2670
f 2670 2669 2671
f 2670 2671 2672
f 2672 2671 2673
f 2672 2673 2674
f 2674 2673 2675
f 2674 2675 2676
f 2676 2675 2677
f 2676 2677 2678
f 2678 2677 2679
f 2678 2679 2680
f 2680 2679 2681
f 2680 2681 2682
f 2682 2681 2683
f 2682 2683 2684
f 2684 2683 2685
f 2684 2685 2646
f 2646 2685 2647
f 135 2686 137
f 137 2686 2687
f 137 2687 138
f 138 2687 2688
f 138 2688 209
f 209 2688 2689
f 209 2689 207
f 207 2689 2690
f 207 2690 205
f 205 2690 2691
f 205 2691 203
f 203 2691 2692
f 203 2692 201
f 201 2692 2693
f 201 2693 199
f 199 2693 2694
f 199 2694 197
f 197 2694 2695
f 197 2695 195
f 195 2695 2696
f 195 2696 193
f 193 2696 2697
f 193 2697 191
f 191 2697 2698
f 191 2698 189
f 189 2698 2699
f 189 2699 187
f 187 2699 2700
f 187 2700 185
f 185 2700 2701
f 185 2701 183
f 183 2701 2702
f 183 2702 181
f 181 2702 2703
f 181 2703 179
f 179 2703 2704
f 179 2704 177
f 177 2704 2705
f 177 2705 175
f 175 2705 2706
f 175 2706 173
f 173 2706 2707
f 173 2707 171
f 171 2707 2708
f 171 2708 169
f 169 2708 2709
f 169 2709 167
f 167 2709 2710
f 167 2710 165
f 165 2710 2711
f 165 2711 163
f 163 2711 2712
f 163 2712 161
f 161 2712 2713
f 161 2713 159
f 159 2713 2714
f 159 2714 157
f 157 2714 2715
f 157 2715 155
f 155 2715 2716
f 155 2716 153
f 153 2716 2717
f 153 2717 151
f 151 2717 2718
f 151 2718 149
f 149 2718 2719
f 149 2719 147
f 147 2719 2720
f 147 2720 145
f 145 2720 2721
f 145 2721 143
f 143 2721 2722
f 143 2722 141
f 141 2722 2723
f 141 2723 139
f 139 2723 2724
f 139 2724 135
f 135 2724 2686
f 2725 302 2726
f 2726 302 304
f 2726 304 2727
f 2727 304 2728
f 2728 304 306
f 2728 306 2729
f 2729 306 308
f 2729 308 2730
f 2730 308 310
f 2730 310 2731
f 2731 310 312
f 2731 312 2732
f 2732 312 314
f 2732 314 2733
f 2733 314 316
f 2733 316 2734
f 2734 316 318
f 2734 318 2735
f 2735 318 320
f 2735 320 2736
f 2736 320 322
f 2736 322 2737
f 2737 322 324
f 2737 324 2738
f 2738 324 326
f 2738 326 2739
f 2739 326 328
f 2739 328 2740
f 2740 328 330
f 2740 330 2741
f 2741 330 332
f 2741 332 2742
f 2742 332 334
f 2742 334 2743
f 2743 334 336
f 2743 336 2744
f 2744 336 338
f 2744 338 2745
f 2745 338 340
f 2745 340 2746
f 2746 340 342
f 2746 342 2747
f 2747 342 344
f 2747 344 2748
f 2748 344 215
f 2748 215 2749
f 2749 215 214
f 2749 214 2750
f 2750 214 212
f 2750 212 2751
f 2751 212 216
f 2751 216 2752
f 2752 216 218
f 2752 218 2753
f 2753 218 220
f 2753 220 2754
f 2754 220 222
f 2754 222 2755
f 2755 222 224
f 2755 224 2756
f 2756 224 226
f 2756 226 2757
f 2757 226 228
f 2757 228 2758
f 2758 228 230
f 2758 230 2759
f 2759 230 232
f 2759 232 2760
f 2760 232 234
f 2760 234 2761
f 2761 234 2762
f 2762 234 236
f 2762 236 2763
f 2763 236 238
f 2763 238 2764
f 2764 238 240
f 2764 240 2765
f 2765 240 242
f 2765 242 2766
f 2766 242 244
f 2766 244 2767
f 2767 244 246
f 2767 246 2768
f 2768 246 248
f 2768 248 2769
f 2769 248 250
f 2769 250 2770
f 2770 250 252
f 2770 252 2771
f 2771 252 254
f 2771 254 2772
f 2772 254 256
f 2772 256 2773
f 2773 256 258
f 2773 258 2774
f 2774 258 260
f 2774 260 2775
f 2775 260 262
f 2775 262 2776
f 2776 262 264
f 2776 264 2777
f 2777 264 266
f 2777 266 2778
f 2778 266 268
f 2778 268 2779
f 2779 268 270
f 2779 270 2780
f 2780 270 272
f 2780 272 2781
f 2781 272 274
f 2781 274 2782
f 2782 274 276
f 2782 276 2783
f 2783 276 278
f 2783 278 2784
f 2784 278 280
f 2784 280 2785
f 2785 280 282
f 2785 282 2786
f 2786 282 284
f 2786 284 2787
f 2787 284 286
f 2787 286 2788
f 2788 286 288
f 2788 288 2789
f 2789 288 290
f 2789 290 2790
f 2790 290 292
f 2790 292 2791
f 2791 292 294
f 2791 294 2792
f 2792 294 296
f 2792 296 2793
f 2793 296 298
f 2793 298 2794
f 2794 298 300
f 2794 300 2725
f 2725 300 302
f 2795 2796 1080
f 1080 2796 2797
f 2797 2796 2798
f 2797 2798 2799
f 2799 2798 2800
f 2799 2800 1043
f 2799 1043 2801
f 2801 1043 1042
f 2801 1042 1040
f 2801 1040 2802
f 2802 1040 1039
f 2802 1039 2803
f 2803 1039 1038
f 2803 1038 1036
f 2803 1036 2804
f 2804 1036 1035
f 2804 1035 1034
f 1033 2285 1034
f 1034 2285 2287
f 1034 2287 2289
f 2282 2284 1033
f 1033 2284 2285
f 2290 2226 2289
f 2289 2226 2228
f 2289 2228 1034
f 1034 2228 2804
f 2226 2290 2224
f 2224 2290 2292
f 2224 2292 2223
f 2223 2292 2294
f 2223 2294 2221
f 2221 2294 2295
f 2228 2229 2804
f 2804 2229 2805
f 2805 2229 2231
f 2805 2231 2233
f 2233 2234 2805
f 2806 2807 1044
f 1044 2807 2808
f 1044 2808 1045
f 1045 2808 1048
f 1048 2808 2809
f 1048 2809 1051
f 1051 2809 2810
f 1051 2810 1056
f 1056 2810 2811
f 1056 2811 1063
f 1063 2811 2812
f 1063 2812 1068
f 1068 2812 2813
f 1068 2813 1071
f 1071 2813 2814
f 1071 2814 1074
f 1074 2814 2815
f 1074 2815 1077
f 1077 2815 2816
f 1077 2816 1080
f 1080 2816 2817
f 1080 2817 2818
f 2818 2817 2819
f 2818 2819 2820
f 2820 2819 2821
f 2821 2819 2822
f 2821 2822 2823
f 2823 2822 2824
f 2823 2824 2825
f 2825 2824 2826
f 2826 2824 2827
f 2826 2827 2828
f 2828 2827 2829
f 2828 2829 2830
f 2830 2829 2831
f 2830 2831 2832
f 2832 2831 2833
f 2833 2831 2834
f 2833 2834 2835
f 2835 2834 2836
f 2835 2836 2837
f 2837 2836 2838
f 2838 2836 2839
f 2838 2839 2840
f 2840 2839 2841
f 2841 2839 2806
f 2806 2839 2807
f 2818 2795 1080
f 2809 2808 2807
f 2807 2839 2842
f 2842 2839 2836
f 2842 2836 2843
f 2843 2836 2834
f 2843 2834 2844
f 2844 2834 2831
f 2844 2831 2845
f 2845 2831 2829
f 2845 2829 2846
f 2846 2829 2827
f 2846 2827 2847
f 2847 2827 2824
f 2847 2824 2848
f 2848 2824 2822
f 2848 2822 2817
f 2817 2822 2819
f 2810 2809 2842
f 2842 2809 2807
f 2810 2842 2843
f 2811 2810 2843
f 2811 2843 2844
f 2812 2811 2844
f 2812 2844 2845
f 2813 2812 2845
f 2813 2845 2846
f 2814 2813 2846
f 2814 2846 2847
f 2815 2814 2847
f 2815 2847 2848
f 2816 2815 2848
f 2816 2848 2817
f 2849 934 2850
f 2850 934 926
f 2850 926 2851
f 2851 926 924
f 2851 924 2852
f 2852 924 935
f 2852 935 2853
f 2853 935 937
f 2853 937 2854
f 2854 937 939
f 2854 939 2855
f 2855 939 941
f 2855 941 2856
f 2856 941 943
f 2856 943 2857
f 2857 943 945
f 2857 945 2858
f 2858 945 946
f 2858 946 2859
f 2859 946 948
f 2859 948 2860
f 2860 948 950
f 2860 950 2861
f 2861 950 952
f 2861 952 2862
f 2862 952 954
f 2862 954 2863
f 2863 954 956
f 2863 956 2864
f 2864 956 958
f 2864 958 2865
f 2865 958 959
f 2865 959 2866
f 2866 959 961
f 2866 961 2867
f 2867 961 963
f 2867 963 2868
f 2868 963 965
f 2868 965 2869
f 2869 965 967
f 2869 967 2870
f 2870 967 969
f 2870 969 2871
f 2871 969 971
f 2871 971 2872
f 2872 971 972
f 2872 972 2873
f 2873 972 974
f 2873 974 2874
f 2874 974 976
f 2874 976 2875
f 2875 976 978
f 2875 978 2876
f 2876 978 980
f 2876 980 2877
f 2877 980 982
f 2877 982 2878
f 2878 982 984
f 2878 984 2879
f 2879 984 985
f 2879 985 2880
f 2880 985 987
f 2880 987 2881
f 2881 987 989
f 2881 989 2882
f 2882 989 991
f 2882 991 2883
f 2883 991 993
f 2883 993 2884
f 2884 993 995
f 2884 995 2885
f 2885 995 997
f 2885 997 2886
f 2886 997 998
f 2886 998 2887
f 2887 998 1000
f 2887 1000 2888
f 2888 1000 1002
f 2888 1002 2889
f 2889 1002 1004
f 2889 1004 2890
f 2890 1004 1006
f 2890 1006 2891
f 2891 1006 1008
f 2891 1008 2892
f 2892 1008 1010
f 2892 1010 2893
f 2893 1010 1011
f 2893 1011 2894
f 2894 1011 1013
f 2894 1013 2895
f 2895 1013 1015
f 2895 1015 2896
f 2896 1015 1017
f 2896 1017 2897
f 2897 1017 1019
f 2897 1019 2898
f 2898 1019 1021
f 2898 1021 2899
f 2899 1021 1023
f 2899 1023 2900
f 2900 1023 1025
f 2900 1025 2901
f 2901 1025 1031
f 2901 1031 2902
f 2902 1031 1037
f 2902 1037 2903
f 2903 1037 1041
f 2903 1041 2904
f 2903 2904 2905
f 2905 2904 2906
f 2905 2906 2907
f 2907 2906 2908
f 2907 2908 2909
f 2909 2908 2910
f 2909 2910 2911
f 2911 2910 2912
f 2912 2910 2913
f 2912 2913 2914
f 2915 2916 2914
f 2914 2916 2917
f 2914 2917 2912
f 2916 2915 2918
f 2918 2915 2919
f 2918 2919 2920
f 2920 2919 2921
f 2920 2921 2922
f 2850 2923 2849
f 2849 2923 2924
f 2925 2767 2926
f 2926 2767 2768
f 2926 2768 2769
f 2767 2925 2766
f 2766 2925 2927
f 2766 2927 2928
f 2928 2927 2929
f 2929 2927 2930
f 2929 2930 2931
f 2931 2930 2932
f 2931 2932 2933
f 2933 2932 2934
f 2933 2934 2935
f 2935 2934 2936
f 2935 2936 2937
f 2937 2936 2938
f 2938 2936 2939
f 2938 2939 2940
f 2940 2939 2941
f 2940 2941 2942
f 2942 2941 2943
f 2942 2943 2944
f 2944 2943 2945
f 2944 2945 2946
f 2946 2945 2947
f 2946 2947 2948
f 2948 2947 2949
f 2948 2949 2950
f 2950 2949 2951
f 2950 2951 2952
f 2952 2951 2953
f 2952 2953 2954
f 2952 2954 2955
f 2955 2954 2956
f 2955 2956 2957
f 2957 2956 2958
f 2957 2958 2959
f 2959 2958 2960
f 2959 2960 2961
f 2961 2960 2962
f 2961 2962 2963
f 2963 2962 2964
f 2963 2964 2965
f 2965 2964 2966
f 2965 2966 2210
f 2210 2966 2209
f 2209 2966 2207
f 2207 2966 2967
f 2207 2967 2204
f 2204 2967 2202
f 2202 2967 2968
f 2968 2967 2969
f 2969 2967 2970
f 2969 2970 2971
f 2971 2970 2972
f 2972 2970 2973
f 2973 2970 2974
f 2974 2970 2975
f 2974 2975 2976
f 2976 2975 2977
f 2976 2977 2978
f 2978 2977 2979
f 2979 2977 2980
f 2980 2977 2981
f 2977 2975 2982
f 2982 2975 2983
f 2982 2983 2984
f 2982 2984 2985
f 2985 2984 2986
f 2985 2986 2987
f 2987 2986 2988
f 2987 2988 2989
f 2989 2988 2990
f 2989 2990 2991
f 2991 2990 2992
f 2991 2992 2993
f 2993 2992 2994
f 2993 2994 2995
f 2995 2994 2996
f 2995 2996 2997
f 2997 2996 2998
f 2997 2998 2999
f 2999 2998 3000
f 2999 3000 3001
f 3001 3000 3002
f 3001 3002 3003
f 3001 3003 3004
f 3004 3003 3005
f 3004 3005 3006
f 3006 3005 3007
f 3006 3007 3008
f 3008 3007 3009
f 3008 3009 3010
f 3010 3009 3011
f 3010 3011 3012
f 3012 3011 3013
f 3012 3013 3014
f 3014 3013 3015
f 3014 3015 3016
f 3016 3015 3017
f 3016 3017 3018
f 3018 3017 3019
f 3018 3019 3020
f 3020 3019 3021
f 3020 3021 3022
f 3022 3021 3023
f 3022 3023 3024
f 3024 3023 3025
f 3024 3025 3026
f 3026 3025 3027
f 3026 3027 3028
f 3028 3027 3029
f 3028 3029 3030
f 3030 3029 3031
f 3030 3031 3032
f 3030 3032 3033
f 3033 3032 3034
f 3033 3034 3035
f 3035 3034 3036
f 3036 3034 3037
f 3036 3037 3038
f 3038 3037 3039
f 3038 3039 3040
f 3040 3039 3041
f 3040 3041 3042
f 3042 3041 2806
f 3042 2806 3043
f 3043 2806 3044
f 3044 2806 3045
f 3045 2806 2791
f 3045 2791 2792
f 1044 2785 2806
f 2806 2785 2786
f 2806 2786 2787
f 1046 1047 1044
f 1044 1047 1049
f 1044 1049 1050
f 1050 1052 1044
f 1044 1052 1053
f 1044 1053 1054
f 1054 1055 1044
f 1044 1055 1057
f 1044 1057 3046
f 3046 1057 1058
f 3046 1058 1059
f 1059 1060 3046
f 3046 1060 1061
f 3046 1061 1062
f 2926 2773 3046
f 3046 2773 2774
f 3046 2774 1044
f 1044 2774 2775
f 1044 2775 2776
f 2928 3047 2766
f 2766 3047 2765
f 2765 3047 3048
f 2765 3048 3049
f 2765 3049 2764
f 2764 3049 3050
f 2764 3050 3051
f 2764 3051 2763
f 2763 3051 3052
f 2763 3052 3053
f 3053 2762 2763
f 2769 2770 2926
f 2926 2770 2771
f 2926 2771 2772
f 2772 2773 2926
f 2776 2777 1044
f 1044 2777 2778
f 1044 2778 2779
f 2779 2780 1044
f 1044 2780 2781
f 1044 2781 2782
f 2782 2783 1044
f 1044 2783 2784
f 1044 2784 2785
f 2787 2788 2806
f 2806 2788 2789
f 2806 2789 2790
f 2790 2791 2806
f 3045 2792 3054
f 3054 2792 2793
f 3054 2793 3055
f 3055 2793 3056
f 3056 2793 2794
f 3056 2794 3057
f 3057 2794 3058
f 3058 2794 2725
f 3058 2725 3059
f 3059 2725 3060
f 3060 2725 2726
f 2210 3061 2965
f 2965 3061 3062
f 2965 3062 3063
f 3063 3064 2965
f 922 921 3065
f 3065 921 3066
f 3065 3066 3067
f 3067 3068 3065
f 3069 2047 3065
f 3065 2047 2045
f 3065 2045 2043
f 3070 3071 3069
f 3069 3071 2057
f 3069 2057 2055
f 2057 3071 2059
f 2059 3071 3072
f 2059 3072 3073
f 2059 3073 2060
f 2060 3073 3074
f 2060 3074 2062
f 2062 3074 3075
f 2062 3075 2064
f 2064 3075 3076
f 2064 3076 2066
f 2066 3076 2068
f 2068 3076 3077
f 2068 3077 2070
f 2070 3077 3078
f 2070 3078 3079
f 3079 3078 3080
f 3079 3080 3081
f 3081 3080 3082
f 3081 3082 3083
f 3083 3082 3084
f 3083 3084 3085
f 3085 3084 3086
f 3085 3086 3087
f 2070 3079 1989
f 1989 3079 3088
f 1989 3088 1991
f 1991 3088 3089
f 1991 3089 1993
f 1993 3089 1995
f 1995 3089 3090
f 1995 3090 1997
f 1997 3090 3091
f 1997 3091 1999
f 1999 3091 3092
f 1999 3092 2001
f 2001 3092 3093
f 2001 3093 3094
f 2001 3094 2002
f 2002 3094 3095
f 2002 3095 2004
f 2004 3095 1022
f 2004 1022 2006
f 2006 1022 1020
f 2006 1020 2008
f 2008 1020 1018
f 2008 1018 2010
f 2010 1018 1016
f 2010 1016 3096
f 3096 1016 3097
f 3097 1016 1014
f 3097 1014 3098
f 3098 1014 3099
f 3099 1014 1012
f 3099 1012 3100
f 3100 1012 3101
f 3101 1012 3102
f 3102 1012 1009
f 3102 1009 1007
f 1007 1005 3102
f 3102 1005 3103
f 3103 1005 1003
f 3103 1003 3104
f 3104 1003 3105
f 3105 1003 1001
f 3105 1001 3106
f 3106 1001 3107
f 3107 1001 3108
f 3108 1001 3109
f 3109 1001 999
f 3109 999 3110
f 3110 999 996
f 3110 996 3111
f 3111 996 994
f 3111 994 3112
f 3112 994 2198
f 3112 2198 2196
f 994 992 2198
f 2198 992 2200
f 2200 992 990
f 2200 990 988
f 2200 988 2144
f 2144 988 986
f 2144 986 2145
f 2145 986 983
f 2145 983 981
f 981 979 2145
f 2145 979 2147
f 2147 979 977
f 2147 977 975
f 975 973 2147
f 2147 973 970
f 2147 970 2086
f 2086 970 968
f 2086 968 966
f 966 964 2086
f 2086 964 2087
f 2087 964 962
f 2087 962 960
f 960 957 2087
f 2087 957 2089
f 2089 957 955
f 2089 955 953
f 2089 953 2091
f 2091 953 951
f 2091 951 2093
f 2093 951 949
f 2093 949 2095
f 2095 949 947
f 2095 947 2097
f 2097 947 944
f 2097 944 2099
f 2099 944 942
f 2099 942 2101
f 2101 942 940
f 2101 940 2103
f 2103 940 938
f 2103 938 2105
f 2105 938 3065
f 2105 3065 2033
f 2033 3065 2035
f 2035 3065 2037
f 2037 3065 2039
f 2039 3065 2041
f 2041 3065 2043
f 938 936 3065
f 3065 936 922
f 2010 3096 2012
f 2012 3096 3113
f 2012 3113 2014
f 2014 3113 3114
f 2014 3114 2016
f 2016 3114 3115
f 2016 3115 2018
f 2018 3115 3116
f 2018 3116 3117
f 2018 3117 2020
f 2020 3117 3118
f 2020 3118 2022
f 2022 3118 3119
f 2022 3119 2024
f 2024 3119 2026
f 2026 3119 3120
f 2026 3120 1970
f 1970 3120 2184
f 1970 2184 1971
f 1971 2184 2182
f 1971 2182 2180
f 3121 2190 3120
f 3120 2190 2188
f 3120 2188 2186
f 2190 3121 2192
f 2192 3121 3122
f 2192 3122 2194
f 2194 3122 3123
f 2194 3123 2196
f 2196 3123 3112
f 2186 2184 3120
f 1971 2180 1973
f 1973 2180 2178
f 1973 2178 1975
f 1975 2178 2176
f 1975 2176 1977
f 1977 2176 2175
f 1977 2175 1979
f 1979 2175 1981
f 1981 2175 2173
f 1981 2173 1983
f 1983 2173 2171
f 1983 2171 2120
f 2120 2171 2122
f 2122 2171 2169
f 2122 2169 2124
f 2124 2169 2167
f 2124 2167 2126
f 2126 2167 2165
f 2126 2165 2128
f 2128 2165 2163
f 2128 2163 2130
f 2130 2163 2161
f 2130 2161 2159
f 2157 2134 2159
f 2159 2134 2132
f 2159 2132 2130
f 2134 2157 2136
f 2136 2157 2155
f 2136 2155 2138
f 2138 2155 2153
f 2138 2153 2140
f 2140 2153 2151
f 2140 2151 2149
f 2140 2149 2142
f 2142 2149 2147
f 2142 2147 2086
f 1983 2120 2076
f 2076 2120 2118
f 2076 2118 2078
f 2078 2118 2117
f 2078 2117 2080
f 2080 2117 2082
f 2082 2117 2115
f 2082 2115 2084
f 2084 2115 2113
f 2084 2113 2028
f 2028 2113 2111
f 2028 2111 2029
f 2029 2111 2109
f 2029 2109 2107
f 2029 2107 2031
f 2031 2107 2105
f 2031 2105 2033
f 1983 2076 1985
f 1985 2076 2074
f 1985 2074 2072
f 2070 1989 2072
f 2072 1989 1987
f 2072 1987 1985
f 2055 2053 3069
f 3069 2053 2051
f 3069 2051 2049
f 2049 2047 3069
f 3124 3125 3126
f 3126 3125 3127
f 3126 3127 3128
f 3129 3130 3124
f 3124 3130 3131
f 3124 3131 3132
f 3133 3134 3132
f 3132 3134 3125
f 3132 3125 3124
f 3135 3136 3133
f 3133 3136 3137
f 3133 3137 3134
f 3134 3137 3138
f 3138 3137 3139
f 3139 3137 3140
f 3135 3141 3136
f 3136 3141 3142
f 3128 3143 3126
f 3127 3125 3144
f 3144 3125 3145
f 3144 3145 3146
f 3144 3146 3147
f 3147 3146 3148
f 3147 3148 3149
f 3149 3148 3150
f 3149 3150 3151
f 3149 3151 3152
f 3152 3151 3153
f 3152 3153 3154
f 3154 3153 3155
f 3154 3155 3156
f 3156 3155 3157
f 3156 3157 3158
f 3158 3157 3159
f 3158 3159 3160
f 3160 3159 3161
f 3160 3162 3158
f 3158 3162 3163
f 3158 3163 3156
f 3156 3163 3164
f 3156 3164 3154
f 3154 3164 3165
f 3154 3165 3152
f 3152 3165 3166
f 3152 3166 3149
f 3149 3166 3147
f 3162 3167 3163
f 3163 3167 3168
f 3163 3168 3164
f 3164 3168 3169
f 3164 3169 3165
f 3165 3169 3170
f 3165 3170 3166
f 3166 3170 3171
f 3166 3171 3147
f 3147 3171 3144
f 3167 3126 3168
f 3168 3126 3143
f 3168 3143 3169
f 3169 3143 3128
f 3169 3128 3170
f 3170 3128 3171
f 3128 3127 3171
f 3171 3127 3144
f 3124 3126 3172
f 3172 3126 3167
f 3172 3167 3173
f 3173 3167 3162
f 3173 3162 3174
f 3174 3162 3160
f 3174 3160 3175
f 3175 3160 3161
f 3129 3124 3176
f 3176 3124 3172
f 3176 3172 3173
f 3176 3173 3177
f 3177 3173 3174
f 3177 3174 3178
f 3178 3174 3175
f 3178 3175 3179
f 3178 3179 3180
f 3180 3179 3181
f 3180 3181 3182
f 3182 3181 3183
f 3182 3183 3184
f 3184 3183 3185
f 3184 3185 3186
f 3186 3185 3187
f 3186 3187 3188
f 3188 3187 3189
f 3188 3190 3186
f 3186 3190 3191
f 3186 3191 3184
f 3184 3191 3192
f 3184 3192 3182
f 3182 3192 3193
f 3182 3193 3180
f 3180 3193 3194
f 3180 3194 3178
f 3178 3194 3177
f 3190 3195 3191
f 3191 3195 3196
f 3191 3196 3192
f 3192 3196 3197
f 3192 3197 3193
f 3193 3197 3198
f 3193 3198 3194
f 3194 3198 3199
f 3194 3199 3177
f 3177 3199 3176
f 3195 3132 3196
f 3196 3132 3131
f 3196 3131 3197
f 3197 3131 3130
f 3197 3130 3198
f 3198 3130 3199
f 3130 3129 3199
f 3199 3129 3176
f 3189 3200 3188
f 3188 3200 3201
f 3188 3201 3190
f 3190 3201 3202
f 3190 3202 3195
f 3195 3202 3203
f 3195 3203 3132
f 3132 3203 3133
f 3204 3205 3206
f 3206 3205 3207
f 3206 3207 3208
f 3208 3207 3209
f 3208 3209 3210
f 3210 3209 3211
f 3210 3211 3212
f 3212 3211 3213
f 3212 3213 3214
f 3214 3213 3215
f 3214 3215 3200
f 3200 3215 3201
f 3201 3215 3216
f 3201 3216 3202
f 3202 3216 3217
f 3202 3217 3203
f 3203 3217 3133
f 3133 3217 3135
f 3135 3217 3218
f 3135 3218 3141
f 3141 3218 3219
f 3141 3219 3220
f 3220 3219 3221
f 3220 3221 3222
f 3222 3221 3211
f 3222 3211 3209
f 3205 3223 3207
f 3207 3223 3224
f 3207 3224 3209
f 3209 3224 3222
f 3223 3225 3224
f 3224 3225 3226
f 3224 3226 3222
f 3222 3226 3220
f 3225 3136 3226
f 3226 3136 3142
f 3226 3142 3220
f 3220 3142 3141
f 3221 3219 3227
f 3227 3219 3218
f 3227 3218 3216
f 3216 3218 3217
f 3211 3221 3213
f 3213 3221 3227
f 3213 3227 3215
f 3215 3227 3216
f 3204 3228 3205
f 3205 3228 3229
f 3205 3229 3223
f 3223 3229 3230
f 3223 3230 3225
f 3225 3230 3231
f 3225 3231 3136
f 3136 3231 3137
f 3140 3137 3232
f 3232 3137 3231
f 3232 3231 3230
f 3232 3230 3233
f 3233 3230 3229
f 3233 3229 3234
f 3234 3229 3228
f 3234 3228 3235
f 3234 3235 3236
f 3236 3235 3237
f 3236 3237 3238
f 3238 3237 3239
f 3238 3239 3240
f 3240 3239 3241
f 3240 3241 3242
f 3242 3241 3243
f 3242 3243 3244
f 3244 3243 3245
f 3244 3246 3242
f 3242 3246 3247
f 3242 3247 3240
f 3240 3247 3248
f 3240 3248 3238
f 3238 3248 3249
f 3238 3249 3236
f 3236 3249 3250
f 3236 3250 3234
f 3234 3250 3233
f 3246 3251 3247
f 3247 3251 3252
f 3247 3252 3248
f 3248 3252 3253
f 3248 3253 3249
f 3249 3253 3254
f 3249 3254 3250
f 3250 3254 3255
f 3250 3255 3233
f 3233 3255 3232
f 3251 3134 3252
f 3252 3134 3138
f 3252 3138 3253
f 3253 3138 3139
f 3253 3139 3254
f 3254 3139 3255
f 3139 3140 3255
f 3255 3140 3232
f 3125 3134 3145
f 3145 3134 3251
f 3145 3251 3146
f 3146 3251 3246
f 3146 3246 3148
f 3148 3246 3244
f 3148 3244 3150
f 3150 3244 3245
f 345 2683 213
f 213 2683 2535
f 213 2535 211
f 211 2535 2533
f 211 2533 217
f 217 2533 2531
f 217 2531 219
f 219 2531 2529
f 219 2529 221
f 221 2529 2527
f 221 2527 223
f 223 2527 2565
f 223 2565 225
f 225 2565 2563
f 225 2563 227
f 227 2563 2561
f 227 2561 229
f 229 2561 231
f 231 2561 2559
f 231 2559 233
f 233 2559 2557
f 233 2557 235
f 235 2557 2569
f 235 2569 2567
f 2683 345 2685
f 2685 345 343
f 2685 343 2647
f 2647 343 341
f 2647 341 2649
f 2649 341 339
f 2649 339 2651
f 2651 339 337
f 2651 337 2653
f 2653 337 335
f 2653 335 2655
f 2655 335 333
f 2655 333 2657
f 2657 333 331
f 2657 331 329
f 2657 329 2659
f 2659 329 327
f 2659 327 2661
f 2661 327 325
f 2661 325 2609
f 2609 325 2611
f 2611 325 323
f 2611 323 321
f 2611 321 2613
f 2613 321 319
f 2613 319 2615
f 2615 319 317
f 2615 317 2617
f 2617 317 315
f 2617 315 2619
f 2619 315 313
f 2619 313 2621
f 2621 313 311
f 2621 311 2623
f 2623 311 309
f 2623 309 2625
f 2625 309 307
f 2625 307 305
f 2625 305 2627
f 2627 305 303
f 2627 303 2629
f 2629 303 2497
f 2629 2497 2495
f 303 301 2497
f 2497 301 299
f 2497 299 2499
f 2499 299 297
f 2499 297 2501
f 2501 297 295
f 2501 295 2503
f 2503 295 293
f 2503 293 2505
f 2505 293 291
f 2505 291 2507
f 2507 291 289
f 2507 289 2509
f 2509 289 287
f 2509 287 2511
f 2511 287 285
f 2511 285 2513
f 2513 285 283
f 2513 283 281
f 2513 281 2515
f 2515 281 279
f 2515 279 2463
f 2463 279 2465
f 2465 279 277
f 2465 277 275
f 2465 275 2467
f 2467 275 273
f 2467 273 2469
f 2469 273 271
f 2469 271 2471
f 2471 271 269
f 2471 269 2473
f 2473 269 267
f 2473 267 2475
f 2475 267 265
f 2475 265 2477
f 2477 265 263
f 2477 263 2479
f 2479 263 261
f 2479 261 2481
f 2481 261 259
f 2481 259 257
f 255 2591 257
f 257 2591 2589
f 257 2589 2481
f 2481 2589 2483
f 2483 2589 2587
f 2483 2587 2485
f 2485 2587 440
f 2485 440 2447
f 2447 440 439
f 2447 439 2449
f 2449 439 438
f 2449 438 2451
f 2451 438 437
f 2451 437 2453
f 2453 437 436
f 2453 436 2455
f 2455 436 2457
f 2457 436 435
f 2457 435 2459
f 2459 435 434
f 2459 434 2519
f 2519 434 433
f 2519 433 2521
f 2521 433 432
f 2521 432 2523
f 2523 432 431
f 2523 431 2525
f 2525 431 430
f 2525 430 2487
f 2487 430 2489
f 2489 430 429
f 2489 429 2491
f 2491 429 428
f 2491 428 2493
f 2493 428 427
f 2493 427 2631
f 2631 427 2633
f 2633 427 426
f 2633 426 2635
f 2635 426 425
f 2635 425 2637
f 2637 425 424
f 2637 424 2639
f 2639 424 2641
f 2641 424 423
f 2641 423 2643
f 2643 423 461
f 2643 461 2645
f 2645 461 460
f 2645 460 2607
f 2607 460 2665
f 2607 2665 2663
f 2591 255 2593
f 2593 255 253
f 2593 253 251
f 2593 251 2595
f 2595 251 249
f 2595 249 2597
f 2597 249 247
f 2597 247 2599
f 2599 247 245
f 2599 245 2601
f 2601 245 243
f 2601 243 2603
f 2603 243 241
f 2603 241 2605
f 2605 241 239
f 2605 239 2567
f 2567 239 237
f 2567 237 235
f 460 459 2665
f 2665 459 2667
f 2667 459 458
f 2667 458 2669
f 2669 458 457
f 2669 457 2671
f 2671 457 2673
f 2673 457 456
f 2673 456 2675
f 2675 456 455
f 2675 455 2677
f 2677 455 454
f 2677 454 2679
f 2679 454 453
f 2679 453 2539
f 2539 453 452
f 2539 452 2541
f 2541 452 451
f 2541 451 2543
f 2543 451 2545
f 2545 451 450
f 2545 450 2547
f 2547 450 449
f 2547 449 2549
f 2549 449 448
f 2549 448 2551
f 2551 448 447
f 2551 447 2553
f 2553 447 2571
f 2553 2571 2555
f 2555 2571 2569
f 2555 2569 2557
f 2571 447 2573
f 2573 447 446
f 2573 446 2575
f 2575 446 445
f 2575 445 2577
f 2577 445 444
f 2577 444 2579
f 2579 444 443
f 2579 443 2581
f 2581 443 442
f 2581 442 2583
f 2583 442 441
f 2583 441 2585
f 2585 441 440
f 2585 440 2587
f 2679 2539 2681
f 2681 2539 2537
f 2681 2537 2683
f 2683 2537 2535
f 2515 2463 2517
f 2517 2463 2461
f 2517 2461 2519
f 2519 2461 2459
f 2629 2495 2631
f 2631 2495 2493
f 2661 2609 2663
f 2663 2609 2607
f 2420 2419 2648
f 2648 2419 2418
f 2648 2418 2646
f 2646 2418 2445
f 2646 2445 2684
f 2684 2445 2444
f 2684 2444 2682
f 2682 2444 2443
f 2682 2443 2442
f 2682 2442 2680
f 2680 2442 2441
f 2680 2441 2678
f 2678 2441 2440
f 2678 2440 2439
f 2678 2439 2676
f 2676 2439 2438
f 2676 2438 2674
f 2674 2438 2437
f 2674 2437 2436
f 2674 2436 2672
f 2672 2436 2435
f 2672 2435 2670
f 2670 2435 2434
f 2670 2434 2668
f 2668 2434 2433
f 2668 2433 2432
f 2668 2432 2666
f 2666 2432 2431
f 2666 2431 2664
f 2664 2431 2430
f 2664 2430 2662
f 2662 2430 2429
f 2662 2429 2428
f 2662 2428 2660
f 2660 2428 2427
f 2660 2427 2658
f 2658 2427 2426
f 2658 2426 2425
f 2658 2425 2656
f 2656 2425 2424
f 2656 2424 2654
f 2654 2424 2423
f 2654 2423 2422
f 2654 2422 2652
f 2652 2422 2421
f 2652 2421 2650
f 2650 2421 2420
f 2650 2420 2648
f 2392 2391 2608
f 2608 2391 2390
f 2608 2390 2606
f 2606 2390 2417
f 2606 2417 2644
f 2644 2417 2416
f 2644 2416 2642
f 2642 2416 2415
f 2642 2415 2414
f 2642 2414 2640
f 2640 2414 2413
f 2640 2413 2638
f 2638 2413 2412
f 2638 2412 2411
f 2638 2411 2636
f 2636 2411 2410
f 2636 2410 2634
f 2634 2410 2409
f 2634 2409 2408
f 2634 2408 2632
f 2632 2408 2407
f 2632 2407 2630
f 2630 2407 2406
f 2630 2406 2628
f 2628 2406 2405
f 2628 2405 2404
f 2628 2404 2626
f 2626 2404 2403
f 2626 2403 2624
f 2624 2403 2402
f 2624 2402 2622
f 2622 2402 2401
f 2622 2401 2400
f 2622 2400 2620
f 2620 2400 2399
f 2620 2399 2618
f 2618 2399 2398
f 2618 2398 2397
f 2618 2397 2616
f 2616 2397 2396
f 2616 2396 2614
f 2614 2396 2395
f 2614 2395 2394
f 2614 2394 2612
f 2612 2394 2393
f 2612 2393 2610
f 2610 2393 2392
f 2610 2392 2608
f 2364 2363 2568
f 2568 2363 2362
f 2568 2362 2566
f 2566 2362 2389
f 2566 2389 2604
f 2604 2389 2388
f 2604 2388 2602
f 2602 2388 2387
f 2602 2387 2386
f 2602 2386 2600
f 2600 2386 2385
f 2600 2385 2598
f 2598 2385 2384
f 2598 2384 2383
f 2598 2383 2596
f 2596 2383 2382
f 2596 2382 2594
f 2594 2382 2381
f 2594 2381 2380
f 2594 2380 2592
f 2592 2380 2379
f 2592 2379 2590
f 2590 2379 2378
f 2590 2378 2588
f 2588 2378 2377
f 2588 2377 2376
f 2588 2376 2586
f 2586 2376 2375
f 2586 2375 2584
f 2584 2375 2374
f 2584 2374 2582
f 2582 2374 2373
f 2582 2373 2372
f 2582 2372 2580
f 2580 2372 2371
f 2580 2371 2578
f 2578 2371 2370
f 2578 2370 2369
f 2578 2369 2576
f 2576 2369 2368
f 2576 2368 2574
f 2574 2368 2367
f 2574 2367 2366
f 2574 2366 2572
f 2572 2366 2365
f 2572 2365 2570
f 2570 2365 2364
f 2570 2364 2568
f 2336 2335 2528
f 2528 2335 2334
f 2528 2334 2526
f 2526 2334 2361
f 2526 2361 2564
f 2564 2361 2360
f 2564 2360 2562
f 2562 2360 2359
f 2562 2359 2358
f 2562 2358 2560
f 2560 2358 2357
f 2560 2357 2558
f 2558 2357 2356
f 2558 2356 2355
f 2558 2355 2556
f 2556 2355 2354
f 2556 2354 2554
f 2554 2354 2353
f 2554 2353 2352
f 2554 2352 2552
f 2552 2352 2351
f 2552 2351 2550
f 2550 2351 2350
f 2550 2350 2548
f 2548 2350 2349
f 2548 2349 2348
f 2548 2348 2546
f 2546 2348 2347
f 2546 2347 2544
f 2544 2347 2346
f 2544 2346 2542
f 2542 2346 2345
f 2542 2345 2344
f 2542 2344 2540
f 2540 2344 2343
f 2540 2343 2538
f 2538 2343 2342
f 2538 2342 2341
f 2538 2341 2536
f 2536 2341 2340
f 2536 2340 2534
f 2534 2340 2339
f 2534 2339 2338
f 2534 2338 2532
f 2532 2338 2337
f 2532 2337 2530
f 2530 2337 2336
f 2530 2336 2528
f 2321 2319 2488
f 2488 2319 2317
f 2488 2317 2486
f 2486 2317 2315
f 2486 2315 2524
f 2524 2315 2313
f 2524 2313 2522
f 2522 2313 2311
f 2522 2311 2309
f 2522 2309 2520
f 2520 2309 2307
f 2520 2307 2518
f 2518 2307 2305
f 2518 2305 2303
f 2518 2303 2516
f 2516 2303 2301
f 2516 2301 2514
f 2514 2301 2298
f 2514 2298 2296
f 2514 2296 2512
f 2512 2296 2293
f 2512 2293 2510
f 2510 2293 2291
f 2510 2291 2508
f 2508 2291 2288
f 2508 2288 2286
f 2508 2286 2506
f 2506 2286 2283
f 2506 2283 2504
f 2504 2283 2281
f 2504 2281 2502
f 2502 2281 2278
f 2502 2278 2276
f 2502 2276 2500
f 2500 2276 2274
f 2500 2274 2498
f 2498 2274 2333
f 2498 2333 2331
f 2498 2331 2496
f 2496 2331 2329
f 2496 2329 2494
f 2494 2329 2327
f 2494 2327 2325
f 2494 2325 2492
f 2492 2325 2323
f 2492 2323 2490
f 2490 2323 2321
f 2490 2321 2488
f 2260 2258 2448
f 2448 2258 2256
f 2448 2256 2446
f 2446 2256 2254
f 2446 2254 2484
f 2484 2254 2252
f 2484 2252 2482
f 2482 2252 2250
f 2482 2250 2248
f 2482 2248 2480
f 2480 2248 2246
f 2480 2246 2478
f 2478 2246 2244
f 2478 2244 2242
f 2478 2242 2476
f 2476 2242 2240
f 2476 2240 2474
f 2474 2240 2237
f 2474 2237 2235
f 2474 2235 2472
f 2472 2235 2232
f 2472 2232 2470
f 2470 2232 2230
f 2470 2230 2468
f 2468 2230 2227
f 2468 2227 2225
f 2468 2225 2466
f 2466 2225 2222
f 2466 2222 2464
f 2464 2222 2220
f 2464 2220 2462
f 2462 2220 2217
f 2462 2217 2215
f 2462 2215 2460
f 2460 2215 2213
f 2460 2213 2458
f 2458 2213 2272
f 2458 2272 2270
f 2458 2270 2456
f 2456 2270 2268
f 2456 2268 2454
f 2454 2268 2266
f 2454 2266 2264
f 2454 2264 2452
f 2452 2264 2262
f 2452 2262 2450
f 2450 2262 2260
f 2450 2260 2448
f 3102 3161 3101
f 3101 3161 3159
f 3101 3159 3100
f 3100 3159 3157
f 3100 3157 3099
f 3099 3157 3155
f 3099 3155 3098
f 3098 3155 3153
f 3098 3153 3097
f 3097 3153 3151
f 3097 3151 3096
f 3096 3151 3150
f 3175 3161 3103
f 3103 3161 3102
f 3109 3189 3108
f 3108 3189 3187
f 3108 3187 3107
f 3107 3187 3185
f 3107 3185 3106
f 3106 3185 3183
f 3106 3183 3105
f 3105 3183 3181
f 3105 3181 3104
f 3104 3181 3179
f 3104 3179 3103
f 3103 3179 3175
f 3200 3189 3110
f 3110 3189 3109
f 3120 3204 3121
f 3121 3204 3206
f 3121 3206 3122
f 3122 3206 3208
f 3122 3208 3123
f 3123 3208 3210
f 3123 3210 3112
f 3112 3210 3212
f 3112 3212 3111
f 3111 3212 3214
f 3111 3214 3110
f 3110 3214 3200
f 3228 3204 3119
f 3119 3204 3120
f 3113 3245 3114
f 3114 3245 3243
f 3114 3243 3115
f 3115 3243 3241
f 3115 3241 3116
f 3116 3241 3239
f 3116 3239 3117
f 3117 3239 3237
f 3117 3237 3118
f 3118 3237 3235
f 3118 3235 3119
f 3119 3235 3228
f 3150 3245 3096
f 3096 3245 3113
f 2971 3256 2969
f 2969 3256 3257
f 2969 3257 2968
f 2968 3257 3258
f 2968 3258 2202
f 2202 3258 2203
f 468 3259 2978
f 2978 3259 2976
f 475 473 3064
f 3064 473 471
f 3064 471 3260
f 3260 471 2981
f 3260 2981 2977
f 471 462 2981
f 3260 2977 3261
f 3261 2977 2982
f 3261 2982 3262
f 3262 2982 2985
f 3262 2985 3263
f 3263 2985 2987
f 3263 2987 3264
f 3264 2987 2989
f 3264 2989 3265
f 3265 2989 2991
f 3265 2991 3266
f 3266 2991 2993
f 3266 2993 3267
f 3267 2993 2995
f 3267 2995 3268
f 3268 2995 2997
f 3268 2997 3269
f 3269 2997 2999
f 3269 2999 3270
f 3270 2999 3001
f 3270 3001 3271
f 3271 3001 3004
f 3271 3004 3272
f 3272 3004 3006
f 3272 3006 3273
f 3273 3006 3008
f 3273 3008 3274
f 3274 3008 3010
f 3274 3010 3275
f 3275 3010 3012
f 3275 3012 3276
f 3276 3012 3014
f 3276 3014 3277
f 3277 3014 3016
f 3277 3016 3278
f 3278 3016 3018
f 3278 3018 3279
f 3279 3018 3020
f 3279 3020 3280
f 3280 3020 3022
f 3280 3022 3281
f 3281 3022 3024
f 3281 3024 3282
f 3282 3024 3026
f 3282 3026 3283
f 3283 3026 3028
f 3283 3028 3284
f 3284 3028 3030
f 3284 3030 3285
f 3285 3030 3033
f 3285 3033 3286
f 3286 3033 3035
f 3260 3287 3064
f 3064 3287 2965
f 2965 3287 3288
f 2965 3288 2963
f 2963 3288 3289
f 2963 3289 2961
f 2961 3289 3290
f 2961 3290 2959
f 2959 3290 3291
f 2959 3291 2957
f 2957 3291 3292
f 2957 3292 2955
f 2955 3292 3293
f 2955 3293 2952
f 2952 3293 3294
f 2952 3294 2950
f 2950 3294 3295
f 2950 3295 2948
f 2948 3295 3296
f 2948 3296 2946
f 2946 3296 3297
f 2946 3297 2944
f 2944 3297 3298
f 2944 3298 2942
f 2942 3298 3299
f 2942 3299 2940
f 2940 3299 3300
f 2211 476 2210
f 2210 476 3061
f 3301 477 3302
f 3302 477 3303
f 3302 3303 3304
f 3304 3303 3305
f 3305 3303 3306
f 3307 472 3301
f 3301 472 474
f 3301 474 477
f 477 474 481
f 477 481 479
f 3308 469 3307
f 3307 469 463
f 3307 463 470
f 469 3308 3309
f 3309 3308 3310
f 3309 3310 3311
f 3311 3312 3309
f 467 465 469
f 469 465 463
f 470 472 3307
f 2981 462 2980
f 2980 462 464
f 2980 464 2979
f 2979 464 466
f 2979 466 2978
f 2978 466 468
f 3061 476 3062
f 3062 476 478
f 3062 478 3063
f 3063 478 480
f 3063 480 3064
f 3064 480 475
f 2976 3259 2974
f 2974 3259 3313
f 2974 3313 3314
f 2974 3314 2973
f 2973 3314 3315
f 2973 3315 2972
f 2972 3315 2971
f 2971 3315 3256
f 2241 2243 3316
f 3316 2243 3317
f 3317 2243 2245
f 3317 2245 3318
f 3318 2245 3319
f 3319 2245 2247
f 3319 2247 3320
f 3320 2247 3070
f 3070 2247 3071
f 3071 2247 2249
f 3071 2249 3072
f 3072 2249 2251
f 3072 2251 3073
f 3073 2251 2253
f 3073 2253 3074
f 3074 2253 2255
f 3074 2255 3075
f 3075 2255 2257
f 3075 2257 3076
f 3076 2257 2259
f 3076 2259 3077
f 3077 2259 2261
f 3077 2261 3078
f 3078 2261 2263
f 3078 2263 3080
f 3080 2263 2265
f 3080 2265 3082
f 3082 2265 2267
f 3082 2267 3084
f 3084 2267 2269
f 3084 2269 3086
f 3086 2269 3321
f 3321 2269 2271
f 3321 2271 3322
f 3322 2271 3323
f 3323 2271 3324
f 3324 2271 2212
f 3324 2212 3325
f 3325 2212 2214
f 3326 3095 2330
f 2330 3095 3094
f 2330 3094 2328
f 2328 3094 3093
f 2328 3093 2326
f 2326 3093 3092
f 2326 3092 2324
f 2324 3092 3091
f 2324 3091 2322
f 2322 3091 3090
f 2322 3090 2320
f 2320 3090 3089
f 2320 3089 2318
f 2318 3089 3088
f 2318 3088 2316
f 2316 3088 3079
f 2316 3079 2314
f 2314 3079 3081
f 2314 3081 2312
f 2312 3081 3083
f 2312 3083 2310
f 2310 3083 3085
f 2310 3085 2308
f 2308 3085 3087
f 2308 3087 3327
f 3327 3328 2308
f 2308 3328 2306
f 2306 3328 3329
f 2306 3329 3330
f 2306 3330 2304
f 2304 3330 3331
f 2304 3331 2302
f 2330 2332 3326
f 3326 2332 3332
f 3332 2332 3333
f 3333 2332 3334
f 3334 2332 2273
f 3334 2273 3335
f 3335 2273 2275
f 2761 2762 3336
f 3336 2762 3053
f 3336 3053 3337
f 3337 3053 3052
f 3337 3052 3338
f 3338 3052 3051
f 3338 3051 3339
f 3339 3051 3050
f 3339 3050 3340
f 3340 3050 3049
f 3340 3049 3341
f 3341 3049 3048
f 3341 3048 3342
f 3342 3048 3047
f 3342 3047 3343
f 3343 3047 2928
f 3343 2928 3344
f 3344 2928 2929
f 3344 2929 3345
f 3345 2929 2931
f 3345 2931 3346
f 3346 2931 2933
f 3346 2933 3347
f 3347 2933 2935
f 3347 2935 3348
f 3348 2935 2937
f 3348 2937 3349
f 3349 2937 2938
f 3349 2938 3300
f 3300 2938 2940
f 3286 3035 3350
f 3350 3035 3036
f 3350 3036 3351
f 3351 3036 3038
f 3351 3038 3352
f 3352 3038 3040
f 3352 3040 3353
f 3353 3040 3042
f 3353 3042 3354
f 3354 3042 3043
f 3354 3043 3355
f 3355 3043 3044
f 3355 3044 3356
f 3356 3044 3045
f 3356 3045 3357
f 3357 3045 3054
f 3357 3054 3358
f 3358 3054 3055
f 3358 3055 3359
f 3359 3055 3056
f 3359 3056 3360
f 3360 3056 3057
f 3360 3057 3361
f 3361 3057 3058
f 3361 3058 3362
f 3362 3058 3059
f 3362 3059 3363
f 3363 3059 3060
f 3363 3060 2727
f 2727 3060 2726
f 3336 3344 2761
f 2761 3344 3345
f 2761 3345 3346
f 3344 3336 3343
f 3343 3336 3337
f 3343 3337 3342
f 3342 3337 3338
f 3342 3338 3341
f 3341 3338 3339
f 3341 3339 3340
f 3346 3347 2761
f 2761 3347 3348
f 2761 3348 3349
f 3349 3300 2761
f 2761 3300 2760
f 2760 3300 3299
f 2760 3299 2759
f 2759 3299 3298
f 2759 3298 2758
f 2758 3298 3297
f 2758 3297 2757
f 2757 3297 3296
f 2757 3296 3295
f 2757 3295 2756
f 2756 3295 3294
f 2756 3294 2755
f 2755 3294 3293
f 2755 3293 2754
f 2754 3293 3292
f 2754 3292 2753
f 2753 3292 3291
f 2753 3291 3290
f 2753 3290 2752
f 2752 3290 3289
f 2752 3289 2751
f 2751 3289 3288
f 2751 3288 2750
f 2750 3288 3287
f 2750 3287 3260
f 2750 3260 2749
f 2749 3260 3261
f 2749 3261 2748
f 2748 3261 3262
f 2748 3262 2747
f 2747 3262 3263
f 2747 3263 3264
f 2747 3264 2746
f 2746 3264 3265
f 2746 3265 2745
f 2745 3265 3266
f 2745 3266 2744
f 2744 3266 3267
f 2744 3267 2743
f 2743 3267 3268
f 2743 3268 3269
f 2743 3269 2742
f 2742 3269 3270
f 2742 3270 2741
f 2741 3270 3271
f 2741 3271 2740
f 2740 3271 3272
f 2740 3272 2739
f 2739 3272 3273
f 2739 3273 2738
f 2738 3273 3274
f 2738 3274 2737
f 2737 3274 3275
f 2737 3275 2736
f 2736 3275 3276
f 2736 3276 2735
f 2735 3276 3277
f 2735 3277 2734
f 2734 3277 3278
f 2734 3278 2733
f 2733 3278 3279
f 2733 3279 3280
f 2733 3280 2732
f 2732 3280 3281
f 2732 3281 2731
f 2731 3281 3282
f 2731 3282 2730
f 2730 3282 3283
f 2730 3283 2729
f 2729 3283 3284
f 2729 3284 2728
f 2728 3284 3285
f 2728 3285 2727
f 2727 3285 3363
f 3363 3285 3286
f 3363 3286 3362
f 3362 3286 3361
f 3361 3286 3360
f 3360 3286 3359
f 3359 3286 3358
f 3358 3286 3350
f 3358 3350 3357
f 3357 3350 3351
f 3357 3351 3356
f 3356 3351 3352
f 3356 3352 3355
f 3355 3352 3353
f 3355 3353 3354
f 210 176 136
f 136 176 174
f 136 174 134
f 134 174 172
f 134 172 140
f 140 172 170
f 140 170 142
f 142 170 168
f 142 168 144
f 144 168 166
f 144 166 146
f 146 166 164
f 146 164 148
f 148 164 162
f 148 162 150
f 150 162 160
f 150 160 152
f 152 160 158
f 152 158 154
f 154 158 156
f 176 210 178
f 178 210 208
f 178 208 180
f 180 208 206
f 180 206 182
f 182 206 204
f 182 204 184
f 184 204 202
f 184 202 186
f 186 202 200
f 186 200 188
f 188 200 198
f 188 198 190
f 190 198 196
f 190 196 192
f 192 196 194
f 1691 1715 1693
f 1693 1715 1713
f 1693 1713 1695
f 1695 1713 1711
f 1695 1711 1697
f 1697 1711 1709
f 1697 1709 1699
f 1699 1709 1707
f 1699 1707 1701
f 1701 1707 1705
f 1701 1705 1703
f 1715 1691 1717
f 1717 1691 1729
f 1717 1729 1719
f 1719 1729 1727
f 1719 1727 1721
f 1721 1727 1725
f 1721 1725 1723
f 1651 1675 1653
f 1653 1675 1673
f 1653 1673 1655
f 1655 1673 1671
f 1655 1671 1657
f 1657 1671 1669
f 1657 1669 1659
f 1659 1669 1667
f 1659 1667 1661
f 1661 1667 1665
f 1661 1665 1663
f 1675 1651 1677
f 1677 1651 1689
f 1677 1689 1679
f 1679 1689 1687
f 1679 1687 1681
f 1681 1687 1685
f 1681 1685 1683
f 1624 1623 1772
f 1772 1623 1622
f 1772 1622 1770
f 1770 1622 1649
f 1770 1649 1808
f 1808 1649 1648
f 1808 1648 1806
f 1806 1648 1647
f 1806 1647 1646
f 1806 1646 1804
f 1804 1646 1645
f 1804 1645 1802
f 1802 1645 1644
f 1802 1644 1643
f 1802 1643 1800
f 1800 1643 1642
f 1800 1642 1798
f 1798 1642 1641
f 1798 1641 1640
f 1798 1640 1796
f 1796 1640 1639
f 1796 1639 1794
f 1794 1639 1638
f 1794 1638 1792
f 1792 1638 1637
f 1792 1637 1636
f 1792 1636 1790
f 1790 1636 1635
f 1790 1635 1788
f 1788 1635 1634
f 1788 1634 1786
f 1786 1634 1633
f 1786 1633 1632
f 1786 1632 1784
f 1784 1632 1631
f 1784 1631 1782
f 1782 1631 1630
f 1782 1630 1629
f 1782 1629 1780
f 1780 1629 1628
f 1780 1628 1778
f 1778 1628 1627
f 1778 1627 1626
f 1778 1626 1776
f 1776 1626 1625
f 1776 1625 1774
f 1774 1625 1624
f 1774 1624 1772
f 1596 1595 1812
f 1812 1595 1594
f 1812 1594 1810
f 1810 1594 1621
f 1810 1621 1848
f 1848 1621 1620
f 1848 1620 1846
f 1846 1620 1619
f 1846 1619 1618
f 1846 1618 1844
f 1844 1618 1617
f 1844 1617 1842
f 1842 1617 1616
f 1842 1616 1615
f 1842 1615 1840
f 1840 1615 1614
f 1840 1614 1838
f 1838 1614 1613
f 1838 1613 1612
f 1838 1612 1836
f 1836 1612 1611
f 1836 1611 1834
f 1834 1611 1610
f 1834 1610 1832
f 1832 1610 1609
f 1832 1609 1608
f 1832 1608 1830
f 1830 1608 1607
f 1830 1607 1828
f 1828 1607 1606
f 1828 1606 1826
f 1826 1606 1605
f 1826 1605 1604
f 1826 1604 1824
f 1824 1604 1603
f 1824 1603 1822
f 1822 1603 1602
f 1822 1602 1601
f 1822 1601 1820
f 1820 1601 1600
f 1820 1600 1818
f 1818 1600 1599
f 1818 1599 1598
f 1818 1598 1816
f 1816 1598 1597
f 1816 1597 1814
f 1814 1597 1596
f 1814 1596 1812
f 1568 1567 1892
f 1892 1567 1566
f 1892 1566 1890
f 1890 1566 1593
f 1890 1593 1928
f 1928 1593 1592
f 1928 1592 1926
f 1926 1592 1591
f 1926 1591 1590
f 1926 1590 1924
f 1924 1590 1589
f 1924 1589 1922
f 1922 1589 1588
f 1922 1588 1587
f 1922 1587 1920
f 1920 1587 1586
f 1920 1586 1918
f 1918 1586 1585
f 1918 1585 1584
f 1918 1584 1916
f 1916 1584 1583
f 1916 1583 1914
f 1914 1583 1582
f 1914 1582 1912
f 1912 1582 1581
f 1912 1581 1580
f 1912 1580 1910
f 1910 1580 1579
f 1910 1579 1908
f 1908 1579 1578
f 1908 1578 1906
f 1906 1578 1577
f 1906 1577 1576
f 1906 1576 1904
f 1904 1576 1575
f 1904 1575 1902
f 1902 1575 1574
f 1902 1574 1573
f 1902 1573 1900
f 1900 1573 1572
f 1900 1572 1898
f 1898 1572 1571
f 1898 1571 1570
f 1898 1570 1896
f 1896 1570 1569
f 1896 1569 1894
f 1894 1569 1568
f 1894 1568 1892
f 1540 1539 1932
f 1932 1539 1538
f 1932 1538 1930
f 1930 1538 1565
f 1930 1565 1968
f 1968 1565 1564
f 1968 1564 1966
f 1966 1564 1563
f 1966 1563 1562
f 1966 1562 1964
f 1964 1562 1561
f 1964 1561 1962
f 1962 1561 1560
f 1962 1560 1559
f 1962 1559 1960
f 1960 1559 1558
f 1960 1558 1958
f 1958 1558 1557
f 1958 1557 1556
f 1958 1556 1956
f 1956 1556 1555
f 1956 1555 1954
f 1954 1555 1554
f 1954 1554 1952
f 1952 1554 1553
f 1952 1553 1552
f 1952 1552 1950
f 1950 1552 1551
f 1950 1551 1948
f 1948 1551 1550
f 1948 1550 1946
f 1946 1550 1549
f 1946 1549 1548
f 1946 1548 1944
f 1944 1548 1547
f 1944 1547 1942
f 1942 1547 1546
f 1942 1546 1545
f 1942 1545 1940
f 1940 1545 1544
f 1940 1544 1938
f 1938 1544 1543
f 1938 1543 1542
f 1938 1542 1936
f 1936 1542 1541
f 1936 1541 1934
f 1934 1541 1540
f 1934 1540 1932
f 1502 1522 1503
f 1503 1522 1521
f 1503 1521 1504
f 1504 1521 1520
f 1504 1520 1505
f 1505 1520 1519
f 1505 1519 1506
f 1506 1519 1518
f 1506 1518 1507
f 1507 1518 1517
f 1507 1517 1508
f 1508 1517 1516
f 1508 1516 1509
f 1509 1516 1515
f 1509 1515 1510
f 1510 1515 1514
f 1510 1514 1511
f 1511 1514 1513
f 1511 1513 1512
f 1522 1502 1523
f 1523 1502 1537
f 1523 1537 1524
f 1524 1537 1536
f 1524 1536 1525
f 1525 1536 1535
f 1525 1535 1526
f 1526 1535 1534
f 1526 1534 1527
f 1527 1534 1533
f 1527 1533 1528
f 1528 1533 1532
f 1528 1532 1529
f 1529 1532 1531
f 1529 1531 1530
f 1476 1475 1732
f 1732 1475 1474
f 1732 1474 1730
f 1730 1474 1501
f 1730 1501 1768
f 1768 1501 1500
f 1768 1500 1766
f 1766 1500 1499
f 1766 1499 1498
f 1766 1498 1764
f 1764 1498 1497
f 1764 1497 1762
f 1762 1497 1496
f 1762 1496 1495
f 1762 1495 1760
f 1760 1495 1494
f 1760 1494 1758
f 1758 1494 1493
f 1758 1493 1492
f 1758 1492 1756
f 1756 1492 1491
f 1756 1491 1754
f 1754 1491 1490
f 1754 1490 1752
f 1752 1490 1489
f 1752 1489 1488
f 1752 1488 1750
f 1750 1488 1487
f 1750 1487 1748
f 1748 1487 1486
f 1748 1486 1746
f 1746 1486 1485
f 1746 1485 1484
f 1746 1484 1744
f 1744 1484 1483
f 1744 1483 1742
f 1742 1483 1482
f 1742 1482 1481
f 1742 1481 1740
f 1740 1481 1480
f 1740 1480 1738
f 1738 1480 1479
f 1738 1479 1478
f 1738 1478 1736
f 1736 1478 1477
f 1736 1477 1734
f 1734 1477 1476
f 1734 1476 1732
f 1448 1447 1852
f 1852 1447 1446
f 1852 1446 1850
f 1850 1446 1473
f 1850 1473 1888
f 1888 1473 1472
f 1888 1472 1886
f 1886 1472 1471
f 1886 1471 1470
f 1886 1470 1884
f 1884 1470 1469
f 1884 1469 1882
f 1882 1469 1468
f 1882 1468 1467
f 1882 1467 1880
f 1880 1467 1466
f 1880 1466 1878
f 1878 1466 1465
f 1878 1465 1464
f 1878 1464 1876
f 1876 1464 1463
f 1876 1463 1874
f 1874 1463 1462
f 1874 1462 1872
f 1872 1462 1461
f 1872 1461 1460
f 1872 1460 1870
f 1870 1460 1459
f 1870 1459 1868
f 1868 1459 1458
f 1868 1458 1866
f 1866 1458 1457
f 1866 1457 1456
f 1866 1456 1864
f 1864 1456 1455
f 1864 1455 1862
f 1862 1455 1454
f 1862 1454 1453
f 1862 1453 1860
f 1860 1453 1452
f 1860 1452 1858
f 1858 1452 1451
f 1858 1451 1450
f 1858 1450 1856
f 1856 1450 1449
f 1856 1449 1854
f 1854 1449 1448
f 1854 1448 1852
f 5 1935 3
f 3 1935 1933
f 3 1933 1931
f 1935 5 1937
f 1937 5 7
f 1937 7 9
f 1937 9 1939
f 1939 9 11
f 1939 11 1941
f 1941 11 13
f 1941 13 1943
f 1943 13 15
f 1943 15 1731
f 1731 15 17
f 1731 17 1733
f 1733 17 19
f 1733 19 1735
f 1735 19 21
f 1735 21 1737
f 1737 21 23
f 1737 23 1739
f 1739 23 25
f 1739 25 1741
f 1741 25 27
f 1741 27 1743
f 1743 27 29
f 1743 29 1745
f 1745 29 31
f 1745 31 1668
f 1668 31 1666
f 1666 31 33
f 1666 33 1664
f 1664 33 35
f 1664 35 1662
f 1662 35 37
f 1662 37 1660
f 1660 37 39
f 1660 39 1658
f 1658 39 41
f 1658 41 1656
f 1656 41 1781
f 1656 1781 1779
f 41 43 1781
f 1781 43 1783
f 1783 43 45
f 1783 45 1785
f 1785 45 47
f 1785 47 1787
f 1787 47 49
f 1787 49 1789
f 1789 49 51
f 1789 51 1791
f 1791 51 53
f 1791 53 1793
f 1793 53 55
f 1793 55 1795
f 1795 55 57
f 1795 57 1823
f 1823 57 59
f 1823 59 1825
f 1825 59 61
f 1825 61 1827
f 1827 61 63
f 1827 63 1829
f 1829 63 65
f 1829 65 67
f 1829 67 1831
f 1831 67 69
f 1831 69 1833
f 1833 69 1835
f 1835 69 133
f 1835 133 1837
f 1837 133 131
f 1837 131 129
f 1837 129 1839
f 1839 129 127
f 1839 127 1841
f 1841 127 125
f 1841 125 1843
f 1843 125 123
f 1843 123 1871
f 1871 123 121
f 1871 121 1873
f 1873 121 119
f 1873 119 1875
f 1875 119 117
f 1875 117 1877
f 1877 117 115
f 1877 115 1879
f 1879 115 113
f 1879 113 1881
f 1881 113 111
f 1881 111 1883
f 1883 111 109
f 1883 109 1885
f 1885 109 107
f 1885 107 1728
f 1728 107 1726
f 1726 107 105
f 1726 105 1724
f 1724 105 103
f 1724 103 1722
f 1722 103 101
f 1722 101 1720
f 1720 101 99
f 1720 99 1718
f 1718 99 97
f 1718 97 1716
f 1716 97 1921
f 1716 1921 1919
f 97 95 1921
f 1921 95 1923
f 1923 95 93
f 1923 93 1925
f 1925 93 91
f 1925 91 1927
f 1927 91 89
f 1927 89 1929
f 1929 89 87
f 1929 87 1891
f 1891 87 85
f 1891 85 1893
f 1893 85 83
f 1893 83 1895
f 1895 83 81
f 1895 81 1963
f 1963 81 79
f 1963 79 1965
f 1965 79 77
f 1965 77 1967
f 1967 77 75
f 1967 75 1969
f 1969 75 73
f 1969 73 1
f 1969 1 1931
f 1931 1 3
f 2686 1955 2687
f 2687 1955 1953
f 2687 1953 1951
f 1955 2686 1957
f 1957 2686 2724
f 1957 2724 1959
f 1959 2724 2723
f 1959 2723 1961
f 1961 2723 1899
f 1961 1899 1897
f 2723 2722 1899
f 1899 2722 1901
f 1901 2722 2721
f 1901 2721 1903
f 1903 2721 2720
f 1903 2720 1905
f 1905 2720 1907
f 1907 2720 2719
f 1907 2719 1909
f 1909 2719 2718
f 1909 2718 1911
f 1911 2718 1706
f 1911 1706 1708
f 2718 2717 1706
f 1706 2717 1704
f 1704 2717 1702
f 1702 2717 2716
f 1702 2716 1700
f 1700 2716 2715
f 1700 2715 1698
f 1698 2715 1855
f 1698 1855 1696
f 1696 1855 1853
f 1696 1853 1694
f 1694 1853 1851
f 1694 1851 1692
f 1692 1851 1889
f 1692 1889 1690
f 1690 1889 1887
f 1690 1887 1728
f 1728 1887 1885
f 2715 2714 1855
f 1855 2714 1857
f 1857 2714 1859
f 1859 2714 2713
f 1859 2713 1861
f 1861 2713 2712
f 1861 2712 1863
f 1863 2712 2711
f 1863 2711 1865
f 1865 2711 2710
f 1865 2710 1867
f 1867 2710 1845
f 1867 1845 1869
f 1869 1845 1843
f 1869 1843 1871
f 2710 2709 1845
f 1845 2709 1847
f 1847 2709 1849
f 1849 2709 2708
f 1849 2708 1811
f 1811 2708 2707
f 1811 2707 1813
f 1813 2707 2706
f 1813 2706 1815
f 1815 2706 2705
f 1815 2705 1817
f 1817 2705 2704
f 1817 2704 1819
f 1819 2704 1821
f 1821 2704 2703
f 1821 2703 1799
f 1799 2703 1801
f 1801 2703 2702
f 1801 2702 1803
f 1803 2702 2701
f 1803 2701 1805
f 1805 2701 2700
f 1805 2700 1807
f 1807 2700 2699
f 1807 2699 1809
f 1809 2699 1771
f 1771 2699 2698
f 1771 2698 1686
f 1686 2698 1684
f 1684 2698 2697
f 1684 2697 1682
f 1682 2697 2696
f 1682 2696 1680
f 1680 2696 1678
f 1678 2696 2695
f 1678 2695 1755
f 1755 2695 1757
f 1757 2695 2694
f 1757 2694 1759
f 1759 2694 2693
f 1759 2693 1761
f 1761 2693 1763
f 1763 2693 2692
f 1763 2692 1765
f 1765 2692 2691
f 1765 2691 1767
f 1767 2691 2690
f 1767 2690 1945
f 1945 2690 1947
f 1947 2690 2689
f 1947 2689 1949
f 1949 2689 2688
f 1949 2688 1951
f 1951 2688 2687
f 1911 1708 1913
f 1913 1708 1710
f 1913 1710 1915
f 1915 1710 1712
f 1915 1712 1917
f 1917 1712 1714
f 1917 1714 1919
f 1919 1714 1716
f 1654 1777 1652
f 1652 1777 1775
f 1652 1775 1650
f 1650 1775 1773
f 1650 1773 1688
f 1688 1773 1771
f 1688 1771 1686
f 1777 1654 1779
f 1779 1654 1656
f 1745 1668 1747
f 1747 1668 1670
f 1747 1670 1749
f 1749 1670 1672
f 1749 1672 1751
f 1751 1672 1674
f 1751 1674 1753
f 1753 1674 1676
f 1753 1676 1755
f 1755 1676 1678
f 1799 1797 1821
f 1821 1797 1823
f 1823 1797 1795
f 1731 1769 1943
f 1943 1769 1945
f 1945 1769 1767
f 1895 1963 1897
f 1897 1963 1961
f 483 1379 485
f 485 1379 487
f 487 1379 1377
f 487 1377 489
f 489 1377 1375
f 489 1375 491
f 491 1375 833
f 491 833 493
f 493 833 835
f 493 835 495
f 495 835 837
f 495 837 497
f 497 837 839
f 497 839 726
f 726 839 841
f 726 841 728
f 728 841 843
f 728 843 730
f 730 843 845
f 730 845 732
f 732 845 847
f 732 847 734
f 734 847 849
f 734 849 736
f 736 849 851
f 736 851 852
f 833 1375 831
f 831 1375 1373
f 831 1373 829
f 829 1373 1371
f 829 1371 827
f 827 1371 826
f 854 795 852
f 852 795 793
f 852 793 738
f 738 793 740
f 740 793 791
f 740 791 789
f 795 854 797
f 797 854 856
f 797 856 742
f 742 856 858
f 742 858 1365
f 1365 858 860
f 1365 860 1366
f 1366 860 862
f 1366 862 1367
f 1367 862 799
f 1367 799 801
f 3364 753 1365
f 1365 753 751
f 1365 751 749
f 3365 3366 3364
f 3364 3366 873
f 3364 873 871
f 3366 3365 2923
f 2923 3365 3367
f 2923 3367 3368
f 3368 3369 2923
f 2923 3369 3370
f 2923 3370 3371
f 3371 2924 2923
f 3372 877 3366
f 3366 877 875
f 3366 875 873
f 877 3372 879
f 879 3372 3373
f 879 3373 3374
f 1199 637 3374
f 3374 637 635
f 3374 635 633
f 1200 581 1199
f 1199 581 649
f 1199 649 647
f 1202 578 1200
f 1200 578 580
f 1200 580 581
f 574 576 1202
f 1202 576 578
f 581 583 649
f 649 583 651
f 651 583 585
f 651 585 653
f 653 585 587
f 653 587 655
f 655 587 700
f 655 700 657
f 657 700 698
f 657 698 659
f 659 698 696
f 659 696 661
f 661 696 694
f 661 694 663
f 663 694 692
f 663 692 665
f 665 692 690
f 665 690 667
f 667 690 688
f 667 688 612
f 612 688 897
f 612 897 895
f 700 587 702
f 702 587 589
f 702 589 704
f 704 589 591
f 704 591 706
f 706 591 593
f 706 593 595
f 706 595 708
f 708 595 597
f 708 597 710
f 710 597 599
f 710 599 712
f 712 599 601
f 712 601 714
f 714 601 510
f 714 510 509
f 601 603 510
f 510 603 512
f 512 603 605
f 512 605 514
f 514 605 607
f 514 607 516
f 516 607 1390
f 516 1390 518
f 518 1390 1388
f 518 1388 520
f 520 1388 1386
f 520 1386 522
f 522 1386 524
f 1390 607 1392
f 1392 607 609
f 1392 609 610
f 1392 610 1394
f 1394 610 547
f 1394 547 549
f 714 509 716
f 716 509 507
f 716 507 718
f 718 507 505
f 718 505 720
f 720 505 503
f 720 503 722
f 722 503 501
f 722 501 724
f 724 501 499
f 724 499 497
f 864 769 865
f 865 769 767
f 865 767 867
f 867 767 765
f 867 765 3364
f 3364 765 763
f 3364 763 761
f 769 864 771
f 771 864 919
f 771 919 917
f 771 917 773
f 773 917 915
f 773 915 775
f 775 915 913
f 775 913 777
f 777 913 911
f 777 911 779
f 779 911 676
f 779 676 781
f 781 676 674
f 781 674 783
f 783 674 672
f 783 672 785
f 785 672 670
f 785 670 787
f 787 670 669
f 787 669 789
f 789 669 740
f 911 909 676
f 676 909 678
f 678 909 907
f 678 907 680
f 680 907 905
f 680 905 682
f 682 905 903
f 682 903 684
f 684 903 901
f 684 901 686
f 686 901 899
f 686 899 688
f 688 899 897
f 612 895 613
f 613 895 893
f 613 893 615
f 615 893 891
f 615 891 617
f 617 891 889
f 617 889 619
f 619 889 887
f 619 887 621
f 621 887 885
f 621 885 623
f 623 885 883
f 623 883 625
f 625 883 3374
f 625 3374 627
f 627 3374 629
f 629 3374 631
f 631 3374 633
f 883 881 3374
f 3374 881 879
f 871 869 3364
f 3364 869 867
f 745 743 1365
f 1365 743 742
f 761 759 3364
f 3364 759 757
f 3364 757 755
f 755 753 3364
f 749 747 1365
f 1365 747 745
f 738 736 852
f 726 724 497
f 647 645 1199
f 1199 645 643
f 1199 643 641
f 641 639 1199
f 1199 639 637
f 3375 1409 3376
f 3376 1409 1083
f 1151 1408 3377
f 3377 1408 3378
f 3377 3378 3379
f 3379 3378 3380
f 3380 3378 3381
f 1413 3382 1414
f 1414 3382 1415
f 1415 3382 1416
f 1416 3382 1417
f 1417 3382 1418
f 1418 3382 1419
f 1419 3382 1420
f 1420 3382 1421
f 1421 3382 1422
f 1422 3382 3383
f 1422 3383 1423
f 1423 3383 1075
f 1423 1075 1076
f 3383 3384 1075
f 1075 3384 1073
f 1073 3384 3385
f 1073 3385 3386
f 1073 3386 1072
f 1072 3386 3387
f 1072 3387 3388
f 1072 3388 1070
f 1070 3388 3389
f 1070 3389 1069
f 1069 3389 3390
f 1069 3390 1067
f 1067 3390 1066
f 1423 1076 1424
f 1424 1076 1078
f 1424 1078 1079
f 1424 1079 1425
f 1425 1079 1081
f 1425 1081 1426
f 1426 1081 3391
f 1426 3391 1427
f 1427 3391 3392
f 1427 3392 1428
f 1428 3392 3393
f 1428 3393 3394
f 1428 3394 1429
f 1429 3394 3395
f 1429 3395 1430
f 1430 3395 3396
f 1430 3396 1431
f 1431 3396 3397
f 1431 3397 1432
f 1432 3397 3398
f 1432 3398 1433
f 1433 3398 3399
f 1433 3399 3400
f 1433 3400 1434
f 1434 3400 3401
f 1434 3401 1435
f 1435 3401 3402
f 1435 3402 1436
f 1436 3402 3403
f 1436 3403 1437
f 1437 3403 3404
f 1437 3404 1438
f 1438 3404 1439
f 1439 3404 1440
f 1440 3404 1441
f 1441 3404 1442
f 1150 1151 3405
f 3405 1151 3377
f 3405 3377 3406
f 3406 3407 3405
f 3405 3407 3408
f 3405 3408 1152
f 1152 3408 1215
f 1215 3408 3409
f 1215 3409 1244
f 1244 3409 3410
f 1244 3410 1273
f 1273 3410 3411
f 1273 3411 1302
f 1302 3411 3412
f 1302 3412 1331
f 1331 3412 3413
f 1331 3413 1360
f 1360 3413 3414
f 1360 3414 1365
f 1365 3414 3415
f 1365 3415 3364
f 3407 3416 3408
f 3408 3416 3417
f 3408 3417 3409
f 3409 3417 3418
f 3409 3418 3419
f 3409 3419 3410
f 3410 3419 3420
f 3410 3420 3421
f 3410 3421 3411
f 3411 3421 3422
f 3411 3422 3423
f 3423 3424 3411
f 3411 3424 3412
f 3424 3425 3412
f 3412 3425 3413
f 3425 3426 3413
f 3413 3426 3427
f 3413 3427 3414
f 3414 3427 3428
f 3414 3428 3429
f 3429 3415 3414
f 1152 1150 3405
f 1198 1199 3430
f 3430 1199 3374
f 3430 3374 3431
f 3431 3432 3430
f 3430 3432 3433
f 3430 3433 1196
f 1196 3433 1194
f 1194 3433 3434
f 1194 3434 1192
f 1192 3434 3435
f 1192 3435 1190
f 1190 3435 3436
f 1190 3436 3437
f 3437 3436 3438
f 3437 3438 3439
f 3432 3440 3433
f 3433 3440 3441
f 3433 3441 3434
f 3434 3441 3442
f 3434 3442 3443
f 3434 3443 3435
f 3435 3443 3444
f 3435 3444 3436
f 3436 3444 3445
f 3436 3445 3438
f 3439 3446 3437
f 3437 3446 3447
f 3437 3447 1188
f 1188 3447 1186
f 1186 3447 1082
f 1082 3447 3448
f 1082 3448 1083
f 1083 3448 3449
f 1083 3449 3376
f 3446 3450 3447
f 3447 3450 3451
f 3447 3451 3448
f 3448 3451 3452
f 3448 3452 3453
f 3453 3454 3448
f 3448 3454 3449
f 1188 1190 3437
f 1196 1198 3430
f 2216 2302 2214
f 2214 2302 3331
f 2214 3331 3325
f 3325 3331 3330
f 3325 3330 3324
f 3324 3330 3323
f 3323 3330 3329
f 3323 3329 3322
f 3322 3329 3328
f 3322 3328 3321
f 3321 3328 3327
f 3321 3327 3086
f 3086 3327 3087
f 2218 2299 2216
f 2216 2299 2300
f 2216 2300 2302
f 2218 2219 2299
f 2299 2219 2297
f 2297 2219 2295
f 2295 2219 2221
f 2282 1033 2280
f 2280 1033 1032
f 2280 1032 2279
f 2279 1032 1030
f 2279 1030 2277
f 2277 1030 1029
f 2277 1029 2275
f 2275 1029 1028
f 2275 1028 3335
f 3335 1028 1027
f 3335 1027 3334
f 3334 1027 1026
f 3334 1026 3333
f 3333 1026 1024
f 3333 1024 3332
f 3332 1024 3326
f 3326 1024 1022
f 3326 1022 3095
f 3070 3069 3320
f 3320 3069 3455
f 3320 3455 3319
f 3319 3455 3318
f 3318 3455 3317
f 3317 3455 3456
f 3317 3456 3316
f 3316 3456 2241
f 2241 3456 3457
f 2241 3457 2239
f 2239 3457 3458
f 2239 3458 2238
f 2238 3458 2236
f 2236 3458 2805
f 2236 2805 2234
f 3065 3459 3069
f 3069 3459 3460
f 3069 3460 3461
f 3461 3462 3069
f 3069 3462 3463
f 3069 3463 3464
f 3464 3465 3069
f 3069 3465 3466
f 3069 3466 3467
f 3467 3468 3069
f 3069 3468 3469
f 3069 3469 3470
f 3470 3471 3069
f 3069 3471 3403
f 3403 3471 3472
f 3403 3472 3473
f 3403 3473 3404
f 3404 3473 3381
f 3404 3381 3378
f 3403 3402 3069
f 3069 3402 3455
f 3455 3402 3401
f 3455 3401 3456
f 3456 3401 3400
f 3456 3400 3399
f 3456 3399 3457
f 3457 3399 3398
f 3457 3398 3458
f 3458 3398 3397
f 3458 3397 2805
f 2805 3397 3396
f 2805 3396 2804
f 2804 3396 3395
f 2804 3395 2803
f 2803 3395 3394
f 2803 3394 2802
f 2802 3394 3393
f 2802 3393 2801
f 2801 3393 3392
f 2801 3392 2799
f 2799 3392 3391
f 2799 3391 2797
f 2797 3391 1081
f 2797 1081 1080
f 3065 3068 3459
f 3459 3068 3474
f 3459 3474 3460
f 3460 3474 3475
f 3460 3475 3461
f 3461 3475 3462
f 3462 3475 3476
f 3462 3476 3463
f 3463 3476 3477
f 3463 3477 3464
f 3464 3477 3465
f 3465 3477 3478
f 3465 3478 3466
f 3466 3478 3467
f 3467 3478 3479
f 3467 3479 3468
f 3468 3479 3480
f 3468 3480 3469
f 3469 3480 3481
f 3469 3481 3470
f 3470 3481 3471
f 3471 3481 3482
f 3471 3482 3472
f 3472 3482 3483
f 3472 3483 3484
f 3472 3484 3473
f 3473 3484 3485
f 3473 3485 3486
f 3486 3487 3473
f 3473 3487 3381
f 3381 3487 3380
f 3067 923 3068
f 3068 923 3488
f 3068 3488 3474
f 3474 3488 3489
f 3474 3489 3490
f 3490 3489 3491
f 3490 3491 3492
f 3492 3491 3493
f 3492 3493 3494
f 3494 3493 3495
f 3494 3495 3496
f 3496 3495 3497
f 3496 3497 3498
f 3498 3497 3499
f 3498 3499 3500
f 3500 3499 3501
f 3500 3501 3502
f 3502 3501 3503
f 3502 3503 3504
f 3504 3503 3505
f 3504 3505 3506
f 3506 3505 3507
f 3506 3507 3508
f 3508 3507 3509
f 3508 3509 3510
f 3510 3509 3511
f 3510 3511 3512
f 3512 3511 2924
f 3512 2924 3513
f 3513 2924 3371
f 3513 3371 3514
f 3514 3371 3515
f 3514 3515 3516
f 3516 3515 3517
f 3516 3517 3518
f 3518 3517 3519
f 3518 3519 3520
f 3520 3519 3521
f 3520 3521 3522
f 3522 3521 3523
f 3522 3523 3524
f 3524 3523 3525
f 3524 3525 3526
f 3526 3525 3527
f 3526 3527 3528
f 3528 3527 3529
f 3528 3529 3530
f 3530 3529 3531
f 3530 3531 3532
f 3532 3531 3533
f 3532 3533 3534
f 3534 3533 3535
f 3534 3535 3536
f 3536 3535 3537
f 3536 3537 3538
f 3538 3537 3539
f 3538 3539 3540
f 3540 3539 3407
f 3540 3407 3541
f 3541 3407 3406
f 3541 3406 3486
f 3486 3406 3487
f 3487 3406 3380
f 3380 3406 3379
f 3379 3406 3377
f 3067 3066 923
f 923 3066 921
f 3488 923 3542
f 3542 923 925
f 3542 925 3543
f 3543 925 927
f 3543 927 3544
f 3544 927 3545
f 3544 3545 3495
f 3495 3545 3497
f 927 928 3545
f 3545 928 3546
f 3545 3546 3497
f 3497 3546 3499
f 928 929 3546
f 3546 929 3547
f 3546 3547 3499
f 3499 3547 3501
f 929 930 3547
f 3547 930 3548
f 3547 3548 3501
f 3501 3548 3503
f 3548 930 3549
f 3549 930 931
f 3549 931 932
f 3549 932 3550
f 3550 932 933
f 3550 933 3551
f 3551 933 934
f 3551 934 2849
f 2924 3511 2849
f 2849 3511 3509
f 2849 3509 3551
f 3551 3509 3507
f 3551 3507 3550
f 3550 3507 3505
f 3550 3505 3549
f 3549 3505 3503
f 3549 3503 3548
f 3515 3371 3552
f 3552 3371 3370
f 3552 3370 3553
f 3553 3370 3554
f 3553 3554 3555
f 3555 3554 3556
f 3555 3556 3557
f 3557 3556 3558
f 3557 3558 3559
f 3559 3558 3560
f 3559 3560 3561
f 3561 3560 3562
f 3561 3562 3563
f 3563 3562 3564
f 3563 3564 3565
f 3565 3564 3566
f 3565 3566 3567
f 3567 3566 3568
f 3567 3568 3569
f 3569 3568 3570
f 3569 3570 3571
f 3571 3570 3572
f 3571 3572 3573
f 3573 3572 3419
f 3573 3419 3418
f 3370 3369 3554
f 3554 3369 3574
f 3554 3574 3556
f 3556 3574 3575
f 3556 3575 3558
f 3558 3575 3576
f 3558 3576 3560
f 3560 3576 3577
f 3560 3577 3562
f 3562 3577 3578
f 3562 3578 3564
f 3564 3578 3579
f 3564 3579 3566
f 3566 3579 3580
f 3566 3580 3568
f 3568 3580 3581
f 3568 3581 3570
f 3570 3581 3582
f 3570 3582 3572
f 3572 3582 3420
f 3572 3420 3419
f 3368 3583 3369
f 3369 3583 3584
f 3369 3584 3574
f 3574 3584 3575
f 3367 3585 3368
f 3368 3585 3586
f 3368 3586 3587
f 3587 3586 3588
f 3587 3588 3589
f 3589 3588 3590
f 3589 3590 3591
f 3591 3590 3592
f 3591 3592 3593
f 3593 3592 3594
f 3593 3594 3577
f 3577 3594 3578
f 3365 3595 3367
f 3367 3595 3596
f 3367 3596 3597
f 3597 3596 3598
f 3597 3598 3599
f 3599 3598 3600
f 3599 3600 3601
f 3601 3600 3602
f 3601 3602 3603
f 3603 3602 3604
f 3603 3604 3605
f 3605 3604 3606
f 3605 3606 3607
f 3607 3606 3608
f 3607 3608 3609
f 3609 3608 3610
f 3609 3610 3579
f 3579 3610 3580
f 3364 3611 3365
f 3365 3611 3612
f 3365 3612 3613
f 3613 3612 3428
f 3613 3428 3614
f 3614 3428 3427
f 3614 3427 3615
f 3615 3427 3426
f 3615 3426 3616
f 3616 3426 3617
f 3616 3617 3618
f 3618 3617 3619
f 3618 3619 3598
f 3598 3619 3600
f 3364 3415 3611
f 3611 3415 3429
f 3611 3429 3612
f 3612 3429 3428
f 3426 3425 3617
f 3617 3425 3620
f 3617 3620 3619
f 3619 3620 3621
f 3619 3621 3600
f 3600 3621 3602
f 3425 3424 3620
f 3620 3424 3622
f 3620 3622 3621
f 3621 3622 3623
f 3621 3623 3602
f 3602 3623 3604
f 3622 3424 3624
f 3624 3424 3423
f 3624 3423 3625
f 3625 3423 3422
f 3625 3422 3626
f 3626 3422 3627
f 3626 3627 3628
f 3628 3627 3629
f 3628 3629 3610
f 3610 3629 3580
f 3422 3421 3627
f 3627 3421 3630
f 3627 3630 3629
f 3629 3630 3581
f 3629 3581 3580
f 3421 3420 3630
f 3630 3420 3582
f 3630 3582 3581
f 3417 3631 3418
f 3418 3631 3632
f 3418 3632 3573
f 3573 3632 3633
f 3573 3633 3571
f 3571 3633 3634
f 3571 3634 3569
f 3569 3634 3635
f 3569 3635 3567
f 3567 3635 3636
f 3567 3636 3565
f 3565 3636 3637
f 3565 3637 3563
f 3563 3637 3638
f 3563 3638 3561
f 3561 3638 3639
f 3561 3639 3559
f 3559 3639 3640
f 3559 3640 3557
f 3557 3640 3641
f 3557 3641 3555
f 3555 3641 3553
f 3631 3417 3642
f 3642 3417 3416
f 3642 3416 3539
f 3539 3416 3407
f 3486 3485 3541
f 3541 3485 3484
f 3541 3484 3483
f 3483 3482 3541
f 3541 3482 3643
f 3541 3643 3644
f 3644 3643 3481
f 3644 3481 3645
f 3645 3481 3480
f 3645 3480 3646
f 3646 3480 3647
f 3646 3647 3648
f 3648 3647 3649
f 3648 3649 3650
f 3650 3649 3651
f 3650 3651 3652
f 3652 3651 3653
f 3652 3653 3654
f 3654 3653 3655
f 3654 3655 3656
f 3656 3655 3657
f 3656 3657 3658
f 3658 3657 3659
f 3658 3659 3660
f 3660 3659 3661
f 3660 3661 3662
f 3662 3661 3663
f 3662 3663 3664
f 3664 3663 3665
f 3664 3665 3666
f 3666 3665 3667
f 3666 3667 3668
f 3668 3667 3510
f 3668 3510 3512
f 3482 3481 3643
f 3480 3479 3647
f 3647 3479 3669
f 3647 3669 3649
f 3649 3669 3670
f 3649 3670 3651
f 3651 3670 3671
f 3651 3671 3653
f 3653 3671 3672
f 3653 3672 3655
f 3655 3672 3673
f 3655 3673 3657
f 3657 3673 3674
f 3657 3674 3659
f 3659 3674 3675
f 3659 3675 3661
f 3661 3675 3676
f 3661 3676 3663
f 3663 3676 3677
f 3663 3677 3665
f 3665 3677 3678
f 3665 3678 3667
f 3667 3678 3508
f 3667 3508 3510
f 3478 3679 3479
f 3479 3679 3680
f 3479 3680 3669
f 3669 3680 3670
f 3477 3681 3478
f 3478 3681 3682
f 3478 3682 3683
f 3683 3682 3684
f 3683 3684 3685
f 3685 3684 3686
f 3685 3686 3687
f 3687 3686 3688
f 3687 3688 3672
f 3672 3688 3673
f 3681 3477 3689
f 3689 3477 3476
f 3689 3476 3690
f 3690 3476 3691
f 3690 3691 3692
f 3692 3691 3693
f 3692 3693 3694
f 3694 3693 3494
f 3694 3494 3496
f 3476 3475 3691
f 3691 3475 3695
f 3691 3695 3693
f 3693 3695 3492
f 3693 3492 3494
f 3695 3475 3490
f 3490 3475 3474
f 3478 3683 3679
f 3679 3683 3685
f 3679 3685 3696
f 3696 3685 3687
f 3696 3687 3671
f 3671 3687 3672
f 3368 3587 3583
f 3583 3587 3589
f 3583 3589 3697
f 3697 3589 3591
f 3697 3591 3698
f 3698 3591 3593
f 3698 3593 3576
f 3576 3593 3577
f 3495 3493 3544
f 3544 3493 3543
f 3489 3488 3542
f 3493 3491 3543
f 3543 3491 3542
f 3491 3489 3542
f 3668 3512 3699
f 3699 3512 3513
f 3699 3513 3700
f 3700 3513 3514
f 3700 3514 3516
f 3668 3699 3701
f 3701 3699 3700
f 3701 3700 3702
f 3702 3700 3516
f 3702 3516 3518
f 3506 3508 3678
f 3504 3506 3703
f 3703 3506 3678
f 3703 3678 3677
f 3502 3504 3704
f 3704 3504 3703
f 3704 3703 3705
f 3705 3703 3677
f 3705 3677 3676
f 3500 3502 3706
f 3706 3502 3704
f 3706 3704 3707
f 3707 3704 3705
f 3707 3705 3708
f 3708 3705 3676
f 3708 3676 3675
f 3498 3500 3709
f 3709 3500 3706
f 3709 3706 3710
f 3710 3706 3707
f 3710 3707 3711
f 3711 3707 3708
f 3711 3708 3712
f 3712 3708 3675
f 3712 3675 3674
f 3496 3498 3713
f 3713 3498 3709
f 3713 3709 3714
f 3714 3709 3710
f 3714 3710 3715
f 3715 3710 3711
f 3715 3711 3716
f 3716 3711 3712
f 3716 3712 3717
f 3717 3712 3674
f 3717 3674 3673
f 3496 3713 3694
f 3694 3713 3718
f 3694 3718 3692
f 3692 3718 3719
f 3692 3719 3690
f 3690 3719 3689
f 3718 3713 3714
f 3490 3492 3695
f 3702 3720 3701
f 3701 3720 3666
f 3701 3666 3668
f 3666 3720 3664
f 3664 3720 3721
f 3664 3721 3662
f 3662 3721 3722
f 3662 3722 3660
f 3660 3722 3723
f 3660 3723 3658
f 3658 3723 3724
f 3658 3724 3656
f 3656 3724 3725
f 3656 3725 3654
f 3654 3725 3726
f 3654 3726 3652
f 3652 3726 3727
f 3652 3727 3650
f 3650 3727 3728
f 3650 3728 3648
f 3648 3728 3729
f 3648 3729 3646
f 3646 3729 3645
f 3720 3702 3730
f 3730 3702 3518
f 3730 3518 3520
f 3718 3714 3731
f 3731 3714 3715
f 3731 3715 3732
f 3732 3715 3716
f 3732 3716 3733
f 3733 3716 3717
f 3733 3717 3688
f 3688 3717 3673
f 3718 3731 3719
f 3719 3731 3734
f 3719 3734 3689
f 3689 3734 3735
f 3689 3735 3681
f 3681 3735 3682
f 3734 3731 3732
f 3553 3736 3552
f 3552 3736 3737
f 3552 3737 3515
f 3515 3737 3517
f 3517 3737 3738
f 3738 3737 3736
f 3738 3736 3739
f 3739 3736 3641
f 3739 3641 3640
f 3736 3553 3641
f 3517 3738 3519
f 3519 3738 3740
f 3519 3740 3521
f 3521 3740 3741
f 3521 3741 3523
f 3523 3741 3742
f 3523 3742 3525
f 3525 3742 3743
f 3525 3743 3527
f 3527 3743 3744
f 3527 3744 3529
f 3529 3744 3745
f 3529 3745 3531
f 3531 3745 3746
f 3531 3746 3533
f 3533 3746 3747
f 3533 3747 3535
f 3535 3747 3748
f 3535 3748 3537
f 3537 3748 3642
f 3537 3642 3539
f 3740 3738 3739
f 3520 3749 3730
f 3730 3749 3721
f 3730 3721 3720
f 3721 3749 3722
f 3722 3749 3750
f 3722 3750 3723
f 3723 3750 3751
f 3723 3751 3724
f 3724 3751 3752
f 3724 3752 3725
f 3725 3752 3753
f 3725 3753 3726
f 3726 3753 3754
f 3726 3754 3727
f 3727 3754 3755
f 3727 3755 3728
f 3728 3755 3756
f 3728 3756 3729
f 3729 3756 3757
f 3729 3757 3645
f 3645 3757 3644
f 3750 3749 3522
f 3522 3749 3520
f 3734 3732 3758
f 3758 3732 3733
f 3758 3733 3686
f 3686 3733 3688
f 3734 3758 3735
f 3735 3758 3684
f 3735 3684 3682
f 3684 3758 3686
f 3697 3698 3584
f 3584 3698 3575
f 3698 3576 3575
f 3639 3759 3760
f 3760 3759 3741
f 3760 3741 3740
f 3741 3759 3742
f 3742 3759 3761
f 3742 3761 3743
f 3743 3761 3762
f 3743 3762 3744
f 3744 3762 3763
f 3744 3763 3745
f 3745 3763 3764
f 3745 3764 3746
f 3746 3764 3765
f 3746 3765 3747
f 3747 3765 3766
f 3747 3766 3748
f 3748 3766 3631
f 3748 3631 3642
f 3761 3759 3638
f 3638 3759 3639
f 3524 3526 3751
f 3751 3526 3752
f 3753 3752 3528
f 3528 3752 3526
f 3680 3679 3696
f 3680 3696 3670
f 3670 3696 3671
f 3522 3524 3750
f 3750 3524 3751
f 3739 3640 3760
f 3760 3640 3639
f 3739 3760 3740
f 3597 3599 3585
f 3585 3599 3586
f 3599 3601 3586
f 3586 3601 3588
f 3601 3603 3588
f 3588 3603 3590
f 3603 3605 3590
f 3590 3605 3592
f 3605 3607 3592
f 3592 3607 3594
f 3607 3609 3594
f 3594 3609 3578
f 3609 3579 3578
f 3637 3636 3762
f 3762 3636 3763
f 3764 3763 3635
f 3635 3763 3636
f 3530 3532 3754
f 3754 3532 3755
f 3756 3755 3534
f 3534 3755 3532
f 3528 3530 3753
f 3753 3530 3754
f 3638 3637 3761
f 3761 3637 3762
f 3618 3598 3596
f 3596 3595 3767
f 3767 3595 3768
f 3767 3768 3615
f 3615 3768 3614
f 3606 3604 3769
f 3769 3604 3623
f 3769 3623 3624
f 3624 3623 3622
f 3628 3610 3608
f 3608 3606 3770
f 3770 3606 3769
f 3770 3769 3625
f 3625 3769 3624
f 3764 3635 3634
f 3764 3634 3765
f 3765 3634 3633
f 3765 3633 3766
f 3766 3633 3632
f 3766 3632 3631
f 3756 3534 3536
f 3756 3536 3757
f 3757 3536 3538
f 3757 3538 3644
f 3644 3538 3540
f 3644 3540 3541
f 3367 3597 3585
f 3613 3614 3771
f 3771 3614 3768
f 3771 3768 3595
f 3615 3616 3767
f 3767 3616 3618
f 3767 3618 3596
f 3625 3626 3770
f 3770 3626 3628
f 3770 3628 3608
f 3595 3365 3771
f 3771 3365 3613
f 3583 3697 3584
f 1062 1064 3046
f 3046 1064 3772
f 3772 1064 1065
f 3772 1065 3773
f 3773 1065 3774
f 3773 3774 3775
f 3775 3774 3776
f 3776 3774 3777
f 3776 3777 3778
f 3778 3777 3779
f 3778 3779 3780
f 3780 3779 3781
f 3781 3779 3782
f 3781 3782 3783
f 3783 3782 3784
f 3784 3782 3785
f 3784 3785 3786
f 3786 3785 3787
f 3787 3785 3788
f 3788 3785 3789
f 3788 3789 3790
f 3790 3789 3791
f 3791 3789 3792
f 3791 3792 3793
f 3793 3792 3794
f 3793 3794 3795
f 3795 3794 3796
f 3796 3794 3797
f 3797 3794 3375
f 3797 3375 3798
f 3798 3375 3376
f 3374 3775 3799
f 3799 3775 3776
f 3799 3776 3800
f 3800 3776 3801
f 3800 3801 3432
f 3432 3801 3440
f 3440 3801 3802
f 3440 3802 3803
f 3803 3802 3780
f 3803 3780 3781
f 3776 3778 3801
f 3801 3778 3780
f 3801 3780 3802
f 3783 3804 3781
f 3781 3804 3805
f 3781 3805 3803
f 3803 3805 3441
f 3803 3441 3440
f 3804 3783 3806
f 3806 3783 3784
f 3806 3784 3807
f 3807 3784 3786
f 3807 3786 3808
f 3808 3786 3787
f 3808 3787 3809
f 3809 3787 3788
f 3809 3788 3810
f 3810 3788 3790
f 3810 3790 3811
f 3811 3790 3791
f 3811 3791 3812
f 3812 3791 3793
f 3812 3793 3813
f 3813 3793 3814
f 3813 3814 3451
f 3451 3814 3452
f 3452 3814 3453
f 3453 3814 3815
f 3453 3815 3454
f 3454 3815 3449
f 3449 3815 3816
f 3449 3816 3817
f 3817 3816 3798
f 3817 3798 3818
f 3818 3798 3376
f 3793 3795 3814
f 3814 3795 3796
f 3814 3796 3815
f 3815 3796 3797
f 3815 3797 3798
f 3451 3450 3813
f 3813 3450 3812
f 3450 3446 3812
f 3812 3446 3811
f 3446 3439 3811
f 3811 3439 3810
f 3439 3438 3810
f 3810 3438 3809
f 3438 3445 3809
f 3809 3445 3808
f 3445 3444 3808
f 3808 3444 3807
f 3444 3443 3807
f 3807 3443 3806
f 3443 3442 3806
f 3806 3442 3804
f 3442 3441 3804
f 3804 3441 3805
f 3432 3431 3800
f 3800 3431 3799
f 3431 3374 3799
f 3376 3449 3818
f 3818 3449 3817
f 3816 3815 3798
f 3775 3374 3773
f 3773 3374 3373
f 3773 3373 3772
f 3772 3373 3372
f 3772 3372 3046
f 3046 3372 3366
f 3366 2923 3046
f 3046 2923 2926
f 2923 2850 2926
f 2926 2850 2925
f 2925 2850 2851
f 2925 2851 2927
f 2927 2851 2852
f 2927 2852 2930
f 2930 2852 2853
f 2930 2853 2932
f 2932 2853 2854
f 2932 2854 2934
f 2934 2854 2855
f 2934 2855 2936
f 2936 2855 2856
f 2936 2856 2939
f 2939 2856 2857
f 2939 2857 2941
f 2941 2857 2858
f 2941 2858 2943
f 2943 2858 2859
f 2943 2859 2945
f 2945 2859 2860
f 2945 2860 2947
f 2947 2860 2861
f 2947 2861 2949
f 2949 2861 2862
f 2949 2862 2951
f 2951 2862 2863
f 2951 2863 2953
f 2953 2863 2864
f 2953 2864 2954
f 2954 2864 2865
f 2954 2865 2956
f 2956 2865 2866
f 2956 2866 2958
f 2958 2866 2867
f 2958 2867 2960
f 2960 2867 2868
f 2960 2868 2962
f 2962 2868 2869
f 2962 2869 2964
f 2964 2869 2870
f 2964 2870 2966
f 2966 2870 2871
f 2966 2871 2967
f 2967 2871 2872
f 2967 2872 2970
f 2970 2872 2873
f 2970 2873 2975
f 2975 2873 2874
f 2975 2874 2983
f 2983 2874 2875
f 2983 2875 2984
f 2984 2875 2876
f 2984 2876 2986
f 2986 2876 2877
f 2986 2877 2988
f 2988 2877 2878
f 2988 2878 2990
f 2990 2878 2879
f 2990 2879 2992
f 2992 2879 2880
f 2992 2880 2994
f 2994 2880 2881
f 2994 2881 2996
f 2996 2881 2882
f 2996 2882 2998
f 2998 2882 2883
f 2998 2883 3000
f 3000 2883 2884
f 3000 2884 3002
f 3002 2884 2885
f 3002 2885 3003
f 3003 2885 2886
f 3003 2886 3005
f 3005 2886 2887
f 3005 2887 3007
f 3007 2887 2888
f 3007 2888 3009
f 3009 2888 2889
f 3009 2889 3011
f 3011 2889 2890
f 3011 2890 3013
f 3013 2890 2891
f 3013 2891 3015
f 3015 2891 2892
f 3015 2892 3017
f 3017 2892 2893
f 3017 2893 3019
f 3019 2893 2894
f 3019 2894 3021
f 3021 2894 2895
f 3021 2895 3023
f 3023 2895 2896
f 3023 2896 3025
f 3025 2896 2897
f 3025 2897 3027
f 3027 2897 2898
f 3027 2898 3029
f 3029 2898 2899
f 3029 2899 3031
f 3031 2899 2900
f 3031 2900 3032
f 3032 2900 2901
f 3032 2901 3034
f 3034 2901 2902
f 3034 2902 3037
f 3037 2902 2903
f 3037 2903 3039
f 3039 2903 2905
f 3039 2905 3041
f 3041 2905 2907
f 3041 2907 2806
f 2806 2907 3819
f 3819 2907 2909
f 2806 3819 2841
f 2841 3819 3820
f 2841 3820 2840
f 2840 3820 3821
f 2840 3821 2838
f 2838 3821 3822
f 2838 3822 2837
f 2837 3822 3823
f 2837 3823 2835
f 2835 3823 3824
f 2835 3824 3825
f 3825 3824 3826
f 3825 3826 3827
f 3827 3826 2917
f 3827 2917 3828
f 3828 2917 2916
f 3828 2916 3829
f 3829 2916 3830
f 3829 3830 3831
f 3831 3830 3832
f 3831 3832 2832
f 2832 3832 3833
f 2832 3833 2830
f 2830 3833 3834
f 2830 3834 3835
f 3835 3834 3836
f 3835 3836 3837
f 3837 3836 2920
f 3837 2920 3838
f 3838 2920 2922
f 3838 2922 3839
f 3839 2922 3840
f 3839 3840 3841
f 3841 3840 3842
f 3841 3842 2826
f 2826 3842 3843
f 2826 3843 3844
f 3844 3843 3845
f 3844 3845 3846
f 3846 3845 2921
f 3846 2921 2919
f 3820 3819 3847
f 3847 3819 2909
f 3847 2909 2911
f 2912 3848 2911
f 2911 3848 3849
f 2911 3849 3847
f 3847 3849 3821
f 3847 3821 3820
f 2917 3826 2912
f 2912 3826 3850
f 2912 3850 3848
f 3848 3850 3823
f 3848 3823 3822
f 2916 2918 3830
f 3830 2918 3851
f 3830 3851 3832
f 3832 3851 3833
f 2920 3836 2918
f 2918 3836 3852
f 2918 3852 3851
f 3851 3852 3833
f 2922 2921 3840
f 3840 2921 3853
f 3840 3853 3842
f 3842 3853 3843
f 2915 3854 2919
f 2919 3854 3855
f 2919 3855 3846
f 3846 3855 3856
f 3846 3856 3844
f 3844 3856 2825
f 3844 2825 2826
f 2914 3857 2915
f 2915 3857 3858
f 2915 3858 3854
f 3854 3858 3859
f 3854 3859 3860
f 3860 3859 2823
f 3860 2823 2825
f 2913 3861 2914
f 2914 3861 3862
f 2914 3862 3863
f 3863 3862 3864
f 3863 3864 3865
f 3865 3864 2821
f 3865 2821 3866
f 3866 2821 2823
f 3866 2823 3867
f 3867 2823 3859
f 3867 3859 3858
f 2910 3868 2913
f 2913 3868 3869
f 2913 3869 3861
f 3861 3869 3870
f 3861 3870 3871
f 3871 3870 2820
f 3871 2820 3864
f 3864 2820 2821
f 2910 2795 3868
f 3868 2795 3872
f 3868 3872 3869
f 3869 3872 3870
f 2795 2818 3872
f 3872 2818 3870
f 2818 2820 3870
f 2826 2828 3841
f 3841 2828 3873
f 3841 3873 3839
f 3839 3873 3838
f 2830 3835 2828
f 2828 3835 3874
f 2828 3874 3873
f 3873 3874 3838
f 3831 2832 3875
f 3875 2832 2833
f 3875 2833 3876
f 3876 2833 3825
f 3876 3825 3827
f 2833 2835 3825
f 2825 3856 3860
f 3860 3856 3855
f 3860 3855 3854
f 3843 3853 3845
f 3845 3853 2921
f 3821 3849 3822
f 3822 3849 3848
f 3823 3850 3824
f 3824 3850 3826
f 3829 3831 3875
f 3828 3829 3875
f 3833 3852 3834
f 3834 3852 3836
f 3835 3837 3874
f 3874 3837 3838
f 3866 3867 3857
f 3857 3867 3858
f 3864 3862 3871
f 3871 3862 3861
f 2914 3863 3877
f 3877 3863 3865
f 3877 3865 3866
f 2914 3877 3857
f 3857 3877 3866
f 3875 3876 3828
f 3828 3876 3827
f 2795 2910 2796
f 2796 2910 3878
f 2796 3878 2798
f 2798 3878 3879
f 2798 3879 2800
f 2800 3879 3880
f 2800 3880 1043
f 1043 3880 1041
f 1041 3880 2904
f 2904 3880 3879
f 2904 3879 2906
f 2906 3879 3878
f 2906 3878 2908
f 2908 3878 2910
f 476 2211 477
f 477 2211 3303
f 3303 2211 3306
f 3306 2211 2208
f 3306 2208 2206
f 3306 2206 3305
f 3305 2206 2205
f 3305 2205 3304
f 3304 2205 3302
f 3302 2205 2203
f 3302 2203 3301
f 3301 2203 3258
f 3301 3258 3307
f 3307 3258 3257
f 3307 3257 3308
f 3308 3257 3256
f 469 3309 468
f 468 3309 3259
f 3308 3256 3310
f 3310 3256 3315
f 3310 3315 3314
f 3310 3314 3311
f 3311 3314 3313
f 3311 3313 3312
f 3312 3313 3309
f 3309 3313 3259
f 1408 1445 3378
f 3378 1445 1444
f 3378 1444 1443
f 1442 3404 1443
f 1443 3404 3378
f 1413 1412 3382
f 3382 1412 3375
f 3375 1412 1411
f 3375 1411 1410
f 1410 1409 3375
f 3375 3794 3382
f 3382 3794 3383
f 3383 3794 3792
f 3383 3792 3384
f 3384 3792 3789
f 3384 3789 3385
f 3385 3789 3785
f 3385 3785 3386
f 3386 3785 3782
f 3386 3782 3387
f 3387 3782 3779
f 3387 3779 3388
f 3388 3779 3777
f 3388 3777 3389
f 3389 3777 3774
f 3389 3774 3390
f 3390 3774 1065
f 3390 1065 1066
f 348 350 346
f 346 350 408
f 408 350 352
f 408 352 410
f 410 352 354
f 410 354 412
f 412 354 356
f 412 356 414
f 414 356 358
f 414 358 416
f 416 358 418
f 418 358 420
f 420 358 422
f 422 358 360
f 422 360 404
f 404 360 402
f 402 360 400
f 400 360 398
f 398 360 396
f 396 360 394
f 394 360 392
f 392 360 390
f 390 360 388
f 388 360 386
f 386 360 384
f 384 360 382
f 382 360 380
f 380 360 378
f 378 360 376
f 376 360 374
f 374 360 362
f 374 362 372
f 372 362 364
f 372 364 370
f 370 364 366
f 370 366 368

